GEO_ID|B11001_E001|B11001_M001|B11001_E002|B11001_M002|B11001_E003|B11001_M003|B11001_E004|B11001_M004|B11001_E005|B11001_M005|B11001_E006|B11001_M006|B11001_E007|B11001_M007|B11001_E008|B11001_M008|B11001_E009|B11001_M009
0500000US37001|70062|653|45428|1147|32213|1073|13215|827|2993|428|10222|731|24634|1114|21184|989|3450|583
0500000US37003|14126|362|9641|567|7477|635|2164|358|390|145|1774|339|4485|567|3888|514|597|214
0500000US37005|5177|285|3327|253|2866|234|461|127|185|82|276|96|1850|274|1590|266|260|127
0500000US37007|8548|366|4919|286|2876|276|2043|246|465|147|1578|196|3629|353|3119|371|510|179
0500000US37009|12201|470|8349|455|6559|410|1790|309|576|184|1214|299|3852|410|3361|403|491|144
0500000US37011|6791|375|4449|382|3636|326|813|196|304|145|509|130|2342|348|2050|314|292|132
0500000US37013|19385|464|13263|487|9409|561|3854|379|864|256|2990|332|6122|489|5256|458|866|262
0500000US37015|7143|318|4690|388|3233|415|1457|285|430|149|1027|237|2453|367|2220|352|233|98
0500000US37017|11824|364|7441|430|5068|445|2373|366|505|160|1868|311|4383|391|4070|443|313|160
0500000US37019|69124|1093|48225|1097|39421|1192|8804|809|2701|460|6103|717|20899|1113|17290|1084|3609|506
0500000US37021|101855|2041|62025|1734|48486|1515|13539|934|3840|628|9699|809|39830|1671|30910|1437|8920|854
0500000US37023|36306|496|24448|835|17743|924|6705|612|2365|481|4340|468|11858|765|10294|731|1564|331
0500000US37025|84246|966|61289|1382|47386|1503|13903|1217|3447|530|10456|1009|22957|1221|18910|1126|4047|524
0500000US37027|32919|534|21792|785|15009|845|6783|742|2013|356|4770|572|11127|750|9768|750|1359|324
0500000US37029|4011|139|3019|215|2414|232|605|216|296|178|309|164|992|192|815|208|177|82
0500000US37031|31977|549|20254|563|16690|530|3564|394|1028|231|2536|307|11723|711|9803|691|1920|236
0500000US37033|8830|297|5763|427|4239|404|1524|262|249|115|1275|237|3067|453|2517|402|550|217
0500000US37035|66227|707|44707|951|32992|1009|11715|898|3685|540|8030|736|21520|967|18018|1035|3502|497
0500000US37037|33004|461|23243|732|19275|737|3968|546|999|308|2969|500|9761|787|8364|812|1397|274
0500000US37039|13241|406|8447|481|6708|489|1739|256|472|146|1267|202|4794|515|4189|520|605|202
0500000US37041|6134|271|4159|340|2909|341|1250|283|295|144|955|230|1975|354|1838|351|137|86
0500000US37043|5081|321|2974|332|2512|321|462|171|227|127|235|95|2107|395|1774|384|333|140
0500000US37045|38850|585|26395|902|18303|833|8092|612|2120|421|5972|545|12455|929|10992|840|1463|320
0500000US37047|20048|392|12681|487|8428|534|4253|419|983|224|3270|369|7367|539|6578|501|789|217
0500000US37049|42871|587|27471|838|20212|773|7259|598|2497|447|4762|439|15400|969|13050|1002|2350|411
0500000US37051|129758|563|81129|987|53344|1211|27785|973|6050|570|21735|850|48629|1032|41645|973|6984|610
0500000US37053|11845|295|8690|417|7254|425|1436|297|457|166|979|255|3155|395|2478|330|677|179
0500000US37055|16836|642|10794|530|8517|521|2277|351|515|172|1762|322|6042|581|4752|529|1290|314
0500000US37057|69846|661|46793|1172|35069|1082|11724|867|3756|565|7968|779|23053|1227|19788|1240|3265|542
0500000US37059|17270|369|12020|458|9570|494|2450|371|787|246|1663|311|5250|559|4761|549|489|171
0500000US37061|20787|424|13886|700|9916|625|3970|479|1204|257|2766|374|6901|657|5696|669|1205|242
0500000US37063|141847|932|78502|1775|55479|1578|23023|1342|6447|868|16576|1136|63345|1821|49801|1830|13544|1101
0500000US37065|19652|475|12690|645|7129|602|5561|509|1111|315|4450|521|6962|583|6074|533|888|201
0500000US37067|159925|1210|98546|1814|69304|1847|29242|1588|6828|782|22414|1434|61379|1679|52095|1672|9284|792
0500000US37069|28529|518|20485|758|15575|727|4910|546|1165|320|3745|442|8044|673|6846|698|1198|327
0500000US37071|93576|663|61422|1246|42095|1138|19327|1182|5281|564|14046|914|32154|1136|26460|1130|5694|599
0500000US37073|4192|180|2741|213|2198|243|543|164|134|83|409|130|1451|235|1325|213|126|85
0500000US37075|3524|201|2151|202|1753|229|398|136|119|93|279|113|1373|216|1252|211|121|68
0500000US37077|22474|482|16162|735|11534|692|4628|569|1064|279|3564|453|6312|640|5543|637|769|216
0500000US37079|6912|204|4265|330|2761|284|1504|243|328|130|1176|204|2647|309|2338|295|309|121
0500000US37081|219718|1067|134566|2234|92240|2179|42326|1912|10526|1121|31800|1705|85152|2287|70852|2134|14300|1242
0500000US37083|20383|418|12380|522|7412|490|4968|372|812|182|4156|344|8003|481|6927|508|1076|256
0500000US37085|49845|512|34635|797|26110|855|8525|657|2224|389|6301|540|15210|770|12581|624|2629|423
0500000US37087|27123|647|17553|799|13781|673|3772|500|914|262|2858|442|9570|729|8083|723|1487|297
0500000US37089|51067|711|34806|843|27512|997|7294|787|1848|346|5446|750|16261|888|14105|835|2156|342
0500000US37091|8285|224|5028|307|3363|260|1665|192|258|95|1407|168|3257|312|2958|309|299|116
0500000US37093|19258|213|13214|483|8956|521|4258|383|1117|202|3141|334|6044|482|5415|433|629|180
0500000US37095|1939|239|1249|210|782|209|467|162|154|103|313|125|690|200|654|196|36|34
0500000US37097|76344|724|53939|1087|41297|1111|12642|961|3781|476|8861|866|22405|1144|18556|1046|3849|479
0500000US37099|18430|616|10469|676|7730|658|2739|418|865|264|1874|333|7961|721|5720|729|2241|478
0500000US37101|85591|730|61680|1213|48596|1305|13084|985|4149|647|8935|808|23911|1202|19795|1260|4116|605
0500000US37103|4125|151|2767|220|1946|201|821|189|214|96|607|161|1358|219|1188|207|170|75
0500000US37105|25145|420|17424|692|11916|695|5508|588|1529|322|3979|493|7721|651|6427|653|1294|274
0500000US37107|23351|486|14191|632|8157|562|6034|568|1121|325|4913|492|9160|717|8119|702|1041|311
0500000US37109|36811|527|27025|822|21271|917|5754|707|1692|378|4062|564|9786|728|8148|718|1638|314
0500000US37111|18638|439|12725|560|9442|591|3283|482|834|176|2449|463|5913|584|4986|581|927|270
0500000US37113|18406|675|11259|642|9142|645|2117|406|814|240|1303|336|7147|660|6226|589|921|291
0500000US37115|8342|292|5418|265|4362|295|1056|208|371|130|685|164|2924|357|2693|349|231|101
0500000US37117|9502|262|6039|390|4040|383|1999|376|601|219|1398|281|3463|386|3097|401|366|156
0500000US37119|466527|1677|270986|2703|192305|2805|78681|2368|20766|1236|57915|2083|195541|2685|157589|3071|37952|1754
0500000US37121|6587|269|4176|259|3285|295|891|181|240|111|651|144|2411|275|2155|279|256|113
0500000US37123|10643|460|7614|491|5460|393|2154|333|498|135|1656|280|3029|370|2659|350|370|138
0500000US37125|44013|659|29337|858|23823|879|5514|643|1895|366|3619|471|14676|829|12830|803|1846|367
0500000US37127|38797|583|25206|814|16064|691|9142|622|1410|318|7732|572|13591|899|12363|854|1228|284
0500000US37129|104856|1084|57814|1196|44622|1204|13192|956|3386|488|9806|886|47042|1557|35392|1578|11650|1128
0500000US37131|7857|248|4611|335|2901|294|1710|254|428|130|1282|232|3246|291|3062|292|184|65
0500000US37133|75265|796|53022|1412|41256|1588|11766|1163|3118|673|8648|964|22243|1385|17991|1125|4252|742
0500000US37135|57342|691|33595|825|27461|835|6134|556|1367|266|4767|507|23747|795|17258|828|6489|588
0500000US37137|5456|231|3301|198|2515|169|786|163|176|76|610|139|2155|240|1786|216|369|142
0500000US37139|15785|384|10718|587|7537|584|3181|438|993|237|2188|376|5067|509|4308|490|759|191
0500000US37141|25291|522|17068|670|13741|687|3327|390|1130|200|2197|362|8223|695|6949|715|1274|367
0500000US37143|5614|213|3954|307|3110|286|844|166|266|123|578|135|1660|257|1582|248|78|57
0500000US37145|16063|464|10806|528|7662|590|3144|486|477|212|2667|400|5257|534|4365|529|892|274
0500000US37147|74533|816|41809|1173|25558|1081|16251|1042|4285|662|11966|839|32724|1367|24150|1249|8574|891
0500000US37149|8976|238|5680|262|4756|292|924|164|226|99|698|131|3296|310|2842|304|454|134
0500000US37151|57721|548|38521|1017|28977|1042|9544|812|3186|590|6358|634|19200|1041|16592|1028|2608|403
0500000US37153|17026|468|10897|576|6646|571|4251|486|850|229|3401|432|6129|473|5282|495|847|307
0500000US37155|43134|344|28073|624|15659|576|12414|474|2989|261|9425|436|15061|641|13352|638|1709|280
0500000US37157|39606|526|25244|807|18044|803|7200|722|2107|386|5093|594|14362|796|12362|729|2000|407
0500000US37159|58899|715|39760|902|28422|1076|11338|896|3352|586|7986|748|19139|1041|15725|1043|3414|516
0500000US37161|26642|396|16942|679|12160|741|4782|494|1334|268|3448|449|9700|658|8436|655|1264|246
0500000US37163|21607|439|14747|568|10390|618|4357|432|1331|282|3026|372|6860|568|6214|549|646|192
0500000US37165|12580|200|8074|302|4618|332|3456|281|649|174|2807|267|4506|293|3976|286|530|137
0500000US37167|25240|380|16660|716|12204|702|4456|472|1276|290|3180|382|8580|722|7387|614|1193|286
0500000US37169|19546|331|12159|613|9552|634|2607|400|674|200|1933|420|7387|619|6583|643|804|290
0500000US37171|29869|421|19785|608|14570|648|5215|555|1898|391|3317|451|10084|572|8717|536|1367|265
0500000US37173|6013|250|4120|295|2721|294|1399|240|531|171|868|211|1893|298|1573|279|320|135
0500000US37175|14584|428|9208|431|7329|461|1879|319|470|150|1409|283|5376|503|4516|480|860|227
0500000US37177|1547|130|1084|112|712|124|372|117|78|54|294|106|463|131|429|123|34|26
0500000US37179|84237|575|66692|1014|55150|1165|11542|823|3783|570|7759|536|17545|1032|14125|1013|3420|472
0500000US37181|16147|422|10147|452|5815|513|4332|462|831|200|3501|458|6000|545|4894|543|1106|313
0500000US37183|460175|2096|299655|2982|234849|2826|64806|2369|17542|1532|47264|1929|160520|3206|123818|2773|36702|1677
0500000US37185|8147|272|5195|270|3150|294|2045|237|512|141|1533|184|2952|294|2676|278|276|106
0500000US37187|4744|237|2921|276|1858|246|1063|233|71|59|992|210|1823|226|1626|227|197|79
0500000US37189|21198|594|10839|539|8812|591|2027|345|656|221|1371|272|10359|737|6667|734|3692|518
0500000US37191|47507|632|31687|917|21565|807|10122|818|2831|541|7291|554|15820|894|13244|824|2576|442
0500000US37193|27107|553|18797|658|13821|811|4976|574|1660|390|3316|394|8310|576|7231|576|1079|310
0500000US37195|33068|423|21161|648|14410|740|6751|609|1819|351|4932|554|11907|661|10285|727|1622|349
0500000US37197|15009|366|10327|493|8221|487|2106|310|700|212|1406|222|4682|481|4288|472|394|155
0500000US37199|8130|353|5588|332|4623|297|965|217|261|114|704|180|2542|354|2311|349|231|132
0500000US45001|9762|394|6520|437|4886|462|1634|337|456|157|1178|291|3242|412|2933|361|309|140
0500000US45003|69916|942|47011|1099|34457|1191|12554|978|3252|644|9302|796|22905|1098|18977|1036|3928|656
0500000US45005|3238|148|1830|193|1032|170|798|170|163|88|635|153|1408|195|1199|177|209|97
0500000US45007|83904|631|56748|1122|41817|1226|14931|870|3585|456|11346|793|27156|1226|23589|1199|3567|440
0500000US45009|4644|250|2612|238|1742|252|870|187|160|83|710|167|2032|304|1841|278|191|103
0500000US45011|8116|235|5119|360|3029|294|2090|293|337|142|1753|255|2997|314|2801|297|196|100
0500000US45013|82333|953|56367|1316|46224|1345|10143|841|2699|525|7444|732|25966|1195|21240|1263|4726|831
0500000US45015|93711|781|63702|1491|47820|1522|15882|1208|4629|729|11253|1004|30009|1465|24043|1335|5966|884
0500000US45017|6179|207|3976|318|2967|293|1009|244|237|145|772|204|2203|311|1953|316|250|117
0500000US45019|178975|1483|103745|1783|78992|2059|24753|1501|6835|800|17918|1208|75230|1946|58945|1725|16285|1142
0500000US45021|22063|448|13766|645|9210|552|4556|548|1402|336|3154|387|8297|580|7241|574|1056|243
0500000US45023|13159|265|8855|421|5970|446|2885|327|667|164|2218|283|4304|381|3806|356|498|160
0500000US45025|17534|406|11083|559|7093|506|3990|370|1082|251|2908|322|6451|520|5726|543|725|182
0500000US45027|12356|320|8028|399|5625|368|2403|316|589|157|1814|279|4328|399|3844|360|484|151
0500000US45029|16408|399|10569|576|6123|484|4446|441|1298|299|3148|389|5839|641|5141|611|698|211
0500000US45031|25561|414|15860|693|9540|630|6320|549|1375|367|4945|405|9701|659|8633|664|1068|227
0500000US45033|10829|315|7051|380|4000|378|3051|380|827|275|2224|288|3778|376|3386|392|392|166
0500000US45035|63179|563|44260|1218|31917|1329|12343|936|2969|560|9374|712|18919|1214|15449|1133|3470|569
0500000US45037|9768|275|7005|339|5201|361|1804|284|264|123|1540|257|2763|341|2397|315|366|173
0500000US45039|8930|330|5814|321|3487|365|2327|336|505|177|1822|268|3116|340|2824|321|292|124
0500000US45041|52856|752|33703|1001|22323|983|11380|737|2293|365|9087|665|19153|1019|17096|1087|2057|385
0500000US45043|27129|616|18884|729|14253|782|4631|532|1102|333|3529|453|8245|554|7398|576|847|176
0500000US45045|220565|1294|144326|2287|107883|2090|36443|1998|10074|1323|26369|1383|76239|2090|62767|2289|13472|1003
0500000US45047|27884|487|16745|693|11169|614|5576|510|1308|284|4268|390|11139|707|9880|731|1259|272
0500000US45049|7225|230|4533|282|2776|298|1757|274|289|134|1468|208|2692|280|2361|270|331|120
0500000US45051|158779|1593|103211|1678|78997|1620|24214|1473|5761|835|18453|1209|55568|1628|46507|1602|9061|772
0500000US45053|13118|354|8971|517|6651|480|2320|453|476|169|1844|397|4147|578|3482|528|665|289
0500000US45055|26897|357|18803|626|13942|644|4861|470|1191|344|3670|504|8094|570|6965|563|1129|250
0500000US45057|40128|616|27769|963|21350|979|6419|626|1662|394|4757|558|12359|933|11293|934|1066|264
0500000US45059|26959|472|17708|728|12466|687|5242|558|1224|268|4018|475|9251|715|7813|653|1438|351
0500000US45061|6351|223|3717|310|2233|244|1484|161|267|83|1217|151|2634|343|2372|334|262|124
0500000US45063|121964|765|82536|1334|61788|1348|20748|902|6086|673|14662|852|39428|1466|32469|1341|6959|774
0500000US45065|4199|226|2737|237|2229|214|508|116|83|38|425|104|1462|235|1298|236|164|70
0500000US45067|12177|376|6480|500|3152|384|3328|451|565|192|2763|458|5697|521|5260|552|437|201
0500000US45069|9789|374|5056|323|2991|282|2065|278|441|164|1624|219|4733|429|4418|413|315|102
0500000US45071|15325|371|10397|479|7196|539|3201|396|865|244|2336|358|4928|477|4362|472|566|176
0500000US45073|34515|680|24052|692|18484|796|5568|556|1584|335|3984|495|10463|721|8816|737|1647|372
0500000US45075|33077|620|20128|850|11589|831|8539|661|1639|353|6900|627|12949|863|11663|822|1286|301
0500000US45077|52414|676|32437|941|25581|1023|6856|594|1952|321|4904|544|19977|815|14991|926|4986|529
0500000US45079|167961|1263|97273|1890|62020|1799|35253|1504|7524|755|27729|1378|70688|1903|56984|1984|13704|1095
0500000US45081|7670|217|5563|298|4073|299|1490|247|476|147|1014|192|2107|265|1965|274|142|86
0500000US45083|131672|878|90383|1389|64930|1484|25453|1178|6593|720|18860|1024|41289|1405|34407|1403|6882|820
0500000US45085|41083|635|26343|851|17747|936|8596|744|1773|382|6823|634|14740|839|13038|857|1702|367
0500000US45087|11611|284|7075|414|4257|363|2818|278|530|178|2288|270|4536|411|4201|383|335|102
0500000US45089|12291|334|7537|457|4538|395|2999|364|665|200|2334|317|4754|504|4334|521|420|168
0500000US45091|113785|854|81081|1368|62420|1502|18661|955|5323|588|13338|920|32704|1496|26495|1326|6209|668
1600000US3700160|3996|311|2236|273|1671|276|565|196|149|129|416|163|1760|458|1503|409|257|160
1600000US3700440|487|142|388|141|328|140|60|50|15|25|45|45|99|64|99|64|0|14
1600000US3700500|1920|119|1188|105|554|79|634|84|56|24|578|81|732|111|697|106|35|21
1600000US3700640|410|93|326|86|279|83|47|31|10|11|37|25|84|37|80|36|4|7
1600000US3700680|6769|408|4097|303|2422|298|1675|252|359|165|1316|233|2672|421|2328|395|344|123
1600000US3700880|283|163|230|160|174|153|56|48|42|51|14|24|53|46|53|46|0|14
1600000US3701000|296|86|191|84|169|83|22|19|3|4|19|18|105|47|96|46|9|7
1600000US3701140|185|85|144|78|73|38|71|71|37|55|34|42|41|39|41|39|0|14
1600000US3701340|4574|315|3483|274|2561|242|922|190|317|154|605|122|1091|178|948|171|143|52
1600000US3701380|953|147|416|88|264|77|152|64|66|39|86|56|537|154|425|116|112|103
1600000US3701400|2796|261|1600|177|1243|195|357|151|33|36|324|141|1196|293|1132|286|64|52
1600000US3701420|232|71|150|60|85|48|65|33|13|24|52|23|82|51|82|51|0|14
1600000US3701520|25235|700|19553|488|16660|594|2893|430|657|221|2236|383|5682|564|4478|492|1204|255
1600000US3701560|82|44|37|30|37|30|0|14|0|14|0|14|45|35|45|35|0|14
1600000US3701640|181|44|122|42|92|39|30|17|11|11|19|12|59|23|57|22|2|3
1600000US3701720|4809|279|3048|264|2297|340|751|175|314|139|437|133|1761|321|1447|325|314|124
1600000US3701760|1925|349|1519|209|1354|196|165|150|91|116|74|81|406|242|393|235|13|26
1600000US3701972|350|101|289|100|285|102|4|17|0|14|4|17|61|43|52|40|9|15
1600000US3702080|11884|516|6493|374|4275|382|2218|421|496|205|1722|366|5391|557|4758|534|633|219
1600000US3702140|37394|1238|18493|957|14107|903|4386|505|1064|297|3322|424|18901|1120|14042|935|4859|577
1600000US3702240|119|52|67|33|48|33|19|17|8|13|11|18|52|41|46|37|6|10
1600000US3702320|66|25|40|17|35|16|5|7|3|6|2|3|26|18|26|18|0|14
1600000US3702460|145|54|117|49|81|36|36|28|23|22|13|13|28|20|23|18|5|6
1600000US3702480|218|55|125|44|80|35|45|33|23|32|22|16|93|43|84|42|9|11
1600000US3702500|919|185|489|128|420|118|69|57|33|48|36|31|430|121|384|120|46|29
1600000US3702580|346|118|183|83|57|43|126|73|22|27|104|69|163|88|147|84|16|19
1600000US3702620|217|63|156|52|81|40|75|39|6|10|69|37|61|33|57|34|4|5
1600000US3702700|80|32|49|22|41|18|8|13|0|14|8|13|31|23|31|23|0|14
1600000US3702760|736|184|655|187|481|157|174|94|54|58|120|86|81|70|81|70|0|14
1600000US3702780|228|146|71|56|60|54|11|19|0|14|11|19|157|132|122|118|35|51
1600000US3702840|2279|268|1195|153|725|171|470|146|71|65|399|142|1084|255|911|243|173|119
1600000US3702960|514|85|363|78|197|71|166|52|56|36|110|42|151|51|137|48|14|20
1600000US3703020|163|54|116|49|77|38|39|29|16|18|23|20|47|27|47|27|0|14
1600000US3703100|332|141|201|120|124|112|77|46|0|14|77|46|131|65|115|60|16|18
1600000US3703150|105|18|71|14|71|14|0|14|0|14|0|14|34|11|29|10|5|7
1600000US3703220|464|98|343|86|296|82|47|34|9|16|38|30|121|59|81|43|40|36
1600000US3703500|405|121|228|98|191|93|37|29|10|16|27|25|177|68|130|57|47|39
1600000US3703530|1857|343|1401|289|1104|255|297|140|114|92|183|110|456|233|362|226|94|75
1600000US3703640|520|199|367|202|266|205|101|70|12|23|89|69|153|81|142|78|11|21
1600000US3703665|452|112|399|116|297|102|102|62|48|46|54|43|53|33|53|33|0|14
1600000US3703720|175|91|94|67|94|67|0|14|0|14|0|14|81|81|70|72|11|17
1600000US3703840|166|55|130|54|125|54|5|9|0|14|5|9|36|19|35|19|1|2
1600000US3703960|314|70|153|40|62|28|91|34|23|20|68|31|161|64|131|52|30|36
1600000US3704015|1321|282|845|262|679|227|166|122|78|85|88|80|476|174|430|172|46|42
1600000US3704040|130|64|90|52|68|38|22|35|0|14|22|35|40|40|40|40|0|14
1600000US3704180|45|24|31|23|28|22|3|5|0|14|3|5|14|10|13|10|1|2
1600000US3704260|2553|202|1207|154|858|166|349|132|66|64|283|122|1346|275|1182|257|164|95
1600000US3704510|515|69|328|51|288|47|40|23|12|10|28|19|187|59|179|58|8|6
1600000US3704640|707|107|424|87|202|56|222|71|42|31|180|67|283|73|266|71|17|12
1600000US3704680|114|95|81|92|81|92|0|14|0|14|0|14|33|38|33|38|0|14
1600000US3704840|6387|341|3799|233|2930|226|869|233|412|190|457|158|2588|430|2067|392|521|230
1600000US3704950|1000|121|675|99|450|96|225|81|38|25|187|79|325|128|206|90|119|74
1600000US3704955|131|79|97|83|61|49|36|62|0|14|36|62|34|40|34|40|0|14
1600000US3704960|368|122|240|111|198|106|42|30|18|22|24|15|128|45|119|43|9|8
1600000US3705020|113|88|69|76|69|76|0|14|0|14|0|14|44|54|44|54|0|14
1600000US3705040|1767|261|1071|158|729|163|342|171|180|151|162|79|696|267|602|250|94|101
1600000US3705049|463|138|267|127|186|111|81|81|49|59|32|52|196|102|141|88|55|65
1600000US3705135|1719|240|925|134|821|140|104|80|0|14|104|80|794|319|794|319|0|14
1600000US3705220|2082|216|1446|128|852|155|594|166|142|80|452|158|636|209|564|196|72|46
1600000US3705340|186|69|109|38|91|33|18|15|3|5|15|14|77|60|36|24|41|53
1600000US3705460|711|165|413|116|210|54|203|112|67|76|136|72|298|92|282|92|16|15
1600000US3705530|1591|233|1189|225|1026|205|163|101|0|14|163|101|402|135|356|127|46|47
1600000US3705660|665|165|290|113|201|83|89|68|3|5|86|68|375|131|335|118|40|49
1600000US3705880|588|72|470|73|447|74|23|13|8|8|15|12|118|33|112|32|6|6
1600000US3706000|847|230|573|205|244|93|329|183|88|83|241|142|274|114|225|111|49|47
1600000US3706080|293|82|194|62|144|53|50|33|6|8|44|33|99|51|56|38|43|33
1600000US3706140|3601|360|2043|322|1766|342|277|88|124|56|153|75|1558|418|1338|413|220|108
1600000US3706240|865|168|557|133|376|133|181|98|14|21|167|97|308|95|282|96|26|25
1600000US3706500|484|127|295|97|283|96|12|14|0|14|12|14|189|98|150|94|39|46
1600000US3706510|35|21|35|21|23|26|12|19|0|14|12|19|0|14|0|14|0|14
1600000US3706660|78|47|70|44|41|33|29|29|14|22|15|15|8|8|8|8|0|14
1600000US3706740|291|64|232|58|181|51|51|30|13|15|38|27|59|31|36|16|23|23
1600000US3706760|2937|268|1711|205|1507|198|204|100|32|37|172|87|1226|333|1036|348|190|97
1600000US3706800|1146|168|905|128|803|131|102|64|14|25|88|60|241|99|241|99|0|14
1600000US3706820|85|43|70|39|55|37|15|13|5|7|10|12|15|15|10|11|5|8
1600000US3706860|165|59|117|56|63|39|54|39|12|14|42|37|48|27|48|27|0|14
1600000US3706980|270|179|233|179|29|27|204|178|69|66|135|165|37|33|23|26|14|23
1600000US3707080|5975|431|1617|287|1154|240|463|160|69|66|394|153|4358|466|1932|457|2426|408
1600000US3707140|606|151|364|94|303|83|61|42|22|26|39|33|242|124|226|123|16|14
1600000US3707220|160|56|110|43|90|36|20|20|4|6|16|18|50|26|40|22|10|12
1600000US3707340|83|71|39|35|39|35|0|14|0|14|0|14|44|61|44|61|0|14
1600000US3707400|50|34|18|21|0|14|18|21|18|21|0|14|32|35|32|35|0|14
1600000US3707588|618|120|405|125|405|125|0|14|0|14|0|14|213|85|149|70|64|49
1600000US3707720|3752|186|1834|207|1395|195|439|173|67|68|372|161|1918|296|1740|288|178|86
1600000US3707748|2163|293|1709|263|1523|220|186|144|89|137|97|76|454|177|366|167|88|67
1600000US3707765|1531|291|1167|286|936|263|231|116|127|110|104|95|364|177|364|177|0|14
1600000US3707860|188|71|119|53|60|35|59|40|0|14|59|40|69|46|51|42|18|21
1600000US3708040|842|113|592|96|488|102|104|39|31|26|73|35|250|92|199|88|51|45
1600000US3708080|707|152|463|132|317|89|146|78|13|13|133|75|244|82|177|66|67|55
1600000US3708110|918|165|672|160|256|94|416|135|106|108|310|98|246|98|210|94|36|32
1600000US3708140|170|71|57|41|25|16|32|40|2|5|30|40|113|60|62|37|51|45
1600000US3708420|160|71|89|60|19|13|70|59|2|3|68|58|71|41|69|40|2|4
1600000US3708480|806|179|482|124|259|99|223|96|54|46|169|87|324|117|292|112|32|25
1600000US3708760|1133|200|487|152|387|135|100|92|84|91|16|23|646|174|438|160|208|106
1600000US3708860|198|76|107|59|80|50|27|20|0|14|27|20|91|47|81|44|10|13
1600000US3708880|323|131|287|126|195|115|92|66|3|7|89|66|36|35|36|35|0|14
1600000US3708960|1203|133|813|125|506|123|307|106|106|49|201|101|390|121|359|122|31|23
1600000US3709060|25505|720|15098|665|9258|703|5840|544|1185|326|4655|491|10407|862|9001|806|1406|468
1600000US3709140|983|230|524|171|344|115|180|105|101|78|79|62|459|150|404|114|55|83
1600000US3709360|2683|240|2005|204|1444|194|561|152|58|44|503|155|678|198|622|189|56|49
1600000US3709380|29|25|29|25|20|28|9|15|0|14|9|15|0|14|0|14|0|14
1600000US3709400|560|212|394|177|220|137|174|114|63|73|111|95|166|109|144|105|22|35
1600000US3709530|857|138|645|104|472|100|173|68|15|25|158|67|212|92|160|86|52|41
1600000US3709540|1142|122|689|106|476|107|213|119|11|21|202|120|453|139|332|112|121|89
1600000US3709760|189|84|127|81|71|40|56|66|5|6|51|65|62|35|42|21|20|26
1600000US3709780|370|162|312|155|254|136|58|80|0|14|58|80|58|85|58|85|0|14
1600000US3709800|131|58|109|52|79|44|30|26|0|14|30|26|22|16|20|14|2|4
1600000US3710120|385|107|295|100|123|53|172|84|62|51|110|69|90|37|88|37|2|4
1600000US3710240|1906|196|1052|127|710|141|342|121|61|61|281|128|854|237|663|206|191|130
1600000US3710260|1146|192|874|186|785|180|89|42|0|14|89|42|272|117|242|114|30|23
1600000US3710264|254|97|156|66|142|65|14|17|0|14|14|17|98|74|98|74|0|14
1600000US3710460|54|45|40|40|20|23|20|34|20|34|0|14|14|21|14|21|0|14
1600000US3710500|3073|331|1951|220|1595|238|356|129|169|104|187|96|1122|314|907|276|215|109
1600000US3710532|341|85|111|52|111|52|0|14|0|14|0|14|230|79|230|79|0|14
1600000US3710550|2627|178|1686|172|1447|206|239|224|42|38|197|221|941|230|754|189|187|131
1600000US3710620|9474|383|4702|320|3842|350|860|242|296|145|564|184|4772|485|3279|473|1493|291
1600000US3710680|1146|98|837|100|648|113|189|64|29|26|160|62|309|98|309|98|0|14
1600000US3710740|69710|1207|49075|952|42041|1142|7034|865|2457|644|4577|495|20635|1209|16356|1134|4279|628
1600000US3710760|159|54|88|38|62|26|26|26|15|23|11|12|71|31|65|29|6|8
1600000US3710800|330|174|253|164|210|139|43|69|0|14|43|69|77|74|77|74|0|14
1600000US3710860|103|47|82|44|32|27|50|29|2|3|48|29|21|13|21|13|0|14
1600000US3710880|436|182|260|144|228|131|32|45|0|14|32|45|176|97|90|60|86|74
1600000US3710960|228|45|148|43|146|43|2|3|0|14|2|3|80|23|62|16|18|17
1600000US3710980|328|138|139|54|79|31|60|43|19|31|41|31|189|125|172|125|17|17
1600000US3711340|782|130|568|101|523|102|45|22|17|16|28|16|214|62|204|62|10|7
1600000US3711352|142|53|89|31|76|30|13|15|6|12|7|8|53|44|50|44|3|5
1600000US3711560|78|70|71|70|71|70|0|14|0|14|0|14|7|12|7|12|0|14
1600000US3711620|147|98|70|44|67|44|3|5|0|14|3|5|77|92|77|92|0|14
1600000US3711640|615|134|267|92|129|55|138|75|23|32|115|72|348|109|333|107|15|20
1600000US3711800|21189|641|10509|447|8287|384|2222|348|535|195|1687|287|10680|629|7017|576|3663|408
1600000US3712000|368788|1813|204356|2324|137972|2365|66384|2152|17471|1216|48913|1897|164432|2569|131424|2779|33008|1630
1600000US3712140|937|224|560|167|275|131|285|109|126|80|159|83|377|143|328|144|49|52
1600000US3712186|516|178|453|152|409|159|44|36|13|21|31|29|63|80|63|80|0|14
1600000US3712340|2316|178|1519|119|1099|151|420|136|73|61|347|146|797|206|734|198|63|57
1600000US3712460|72|36|39|27|23|15|16|26|0|14|16|26|33|22|28|22|5|7
1600000US3712480|1881|242|1401|200|1183|231|218|144|40|44|178|129|480|206|330|158|150|144
1600000US3712520|20|23|20|23|20|23|0|14|0|14|0|14|0|14|0|14|0|14
1600000US3712580|409|118|264|86|116|46|148|74|27|28|121|64|145|67|140|67|5|6
1600000US3712590|168|119|36|47|36|47|0|14|0|14|0|14|132|117|109|105|23|40
1600000US3712720|798|179|590|163|358|105|232|121|66|35|166|117|208|72|192|71|16|20
1600000US3712780|223|85|161|78|101|55|60|48|0|14|60|48|62|32|58|31|4|6
1600000US3712860|11242|488|7958|501|5140|532|2818|461|1041|384|1777|440|3284|666|2697|615|587|210
1600000US3712960|8784|343|5978|277|4841|345|1137|306|330|238|807|211|2806|363|2319|342|487|168
1600000US3713000|424|113|306|82|191|56|115|55|20|27|95|44|118|86|111|86|7|8
1600000US3713100|241|95|100|52|95|52|5|9|0|14|5|9|141|100|141|100|0|14
1600000US3713240|2987|223|1692|153|996|155|696|126|66|51|630|123|1295|182|1219|181|76|40
1600000US3713280|527|135|346|124|279|114|67|40|8|11|59|38|181|54|155|47|26|21
1600000US3713360|854|163|428|140|272|115|156|70|25|21|131|65|426|106|385|98|41|37
1600000US3713460|150|53|104|48|47|24|57|40|25|31|32|26|46|25|42|23|4|6
1600000US3713500|193|88|184|89|110|82|74|57|45|48|29|34|9|16|9|16|0|14
1600000US3713560|91|55|61|45|58|44|3|5|0|14|3|5|30|29|11|12|19|29
1600000US3713940|349|128|212|94|116|73|96|58|30|35|66|52|137|85|131|83|6|11
1600000US3713980|481|122|278|109|205|95|73|53|27|31|46|45|203|62|193|62|10|10
1600000US3714060|55|42|29|31|29|31|0|14|0|14|0|14|26|26|26|26|0|14
1600000US3714100|38669|840|27452|860|19904|941|7548|834|1995|456|5553|628|11217|951|9332|905|1885|383
1600000US3714200|122|75|102|74|33|23|69|75|6|11|63|73|20|16|13|12|7|11
1600000US3714280|923|227|756|220|513|184|243|139|121|119|122|76|167|70|117|51|50|48
1600000US3714340|3275|257|2318|244|1695|298|623|226|195|148|428|181|957|244|838|216|119|82
1600000US3714400|365|86|213|67|94|39|119|48|0|14|119|48|152|62|123|56|29|33
1600000US3714460|406|97|232|65|124|47|108|47|21|19|87|39|174|63|147|54|27|25
1600000US3714600|496|170|286|135|206|112|80|85|0|14|80|85|210|126|110|88|100|105
1600000US3714700|13884|426|9164|325|7621|382|1543|282|288|114|1255|267|4720|454|3948|438|772|208
1600000US3715020|202|78|147|73|102|50|45|43|8|8|37|43|55|26|45|22|10|12
1600000US3715040|670|182|487|147|306|124|181|102|85|69|96|66|183|116|183|116|0|14
1600000US3715260|2356|150|1401|126|1007|130|394|179|19|20|375|181|955|179|826|179|129|70
1600000US3715320|1963|191|1460|156|859|158|601|176|122|79|479|177|503|197|443|191|60|62
1600000US3715420|95|56|55|45|16|13|39|43|1|3|38|43|40|28|27|21|13|17
1600000US3715440|795|208|555|182|368|126|187|159|51|42|136|156|240|156|138|80|102|140
1600000US3715580|22|22|15|17|15|17|0|14|0|14|0|14|7|12|7|12|0|14
1600000US3715640|224|115|189|116|175|121|14|24|0|14|14|24|35|40|35|40|0|14
1600000US3715880|2225|401|423|208|273|162|150|104|0|19|150|104|1802|303|945|279|857|252
1600000US3716084|559|141|465|146|436|141|29|35|24|33|5|9|94|45|87|47|7|10
1600000US3716180|2401|286|1422|154|940|145|482|135|61|54|421|132|979|258|845|254|134|81
1600000US3716220|1418|216|1024|201|654|135|370|168|39|50|331|158|394|158|324|135|70|85
1600000US3716240|53|32|35|24|30|24|5|6|2|4|3|5|18|14|17|13|1|3
1600000US3716400|5589|280|3895|224|3399|263|496|244|132|105|364|217|1694|287|1605|282|89|61
1600000US3716480|126|49|75|36|75|36|0|14|0|14|0|14|51|38|38|32|13|20
1600000US3716720|287|129|222|110|165|104|57|44|0|14|57|44|65|68|57|67|8|12
1600000US3716730|229|61|174|54|174|54|0|14|0|14|0|14|55|43|55|43|0|14
1600000US3716780|100|92|100|92|100|92|0|14|0|14|0|14|0|14|0|14|0|14
1600000US3716820|26|45|0|14|0|14|0|14|0|14|0|14|26|45|26|45|0|14
1600000US3716860|34|24|34|24|34|24|0|14|0|14|0|14|0|14|0|14|0|14
1600000US3716980|619|130|436|113|349|93|87|51|4|6|83|51|183|72|156|66|27|21
1600000US3717000|1122|228|569|178|443|161|126|104|6|10|120|103|553|213|467|227|86|113
1600000US3717180|113|42|44|25|38|23|6|8|0|14|6|8|69|31|58|28|11|14
1600000US3717325|279|86|130|58|51|29|79|57|4|8|75|56|149|61|144|60|5|8
1600000US3717340|593|141|327|103|194|68|133|77|72|67|61|39|266|82|263|82|3|5
1600000US3717520|410|107|326|87|235|72|91|53|21|26|70|46|84|50|82|49|2|5
1600000US3717660|181|60|110|45|50|27|60|38|8|9|52|36|71|34|67|33|4|6
1600000US3717860|865|186|548|141|401|109|147|74|21|26|126|70|317|111|274|105|43|31
1600000US3718040|116|47|78|38|49|28|29|25|9|14|20|17|38|25|29|21|9|12
1600000US3718060|353|78|214|46|206|45|8|11|2|3|6|11|139|63|118|60|21|16
1600000US3718080|638|237|469|225|274|221|195|96|127|94|68|66|169|106|51|44|118|102
1600000US3718300|0|14|0|14|0|14|0|14|0|14|0|14|0|14|0|14|0|14
1600000US3718320|3753|261|2083|152|1315|156|768|155|131|58|637|157|1670|280|1544|278|126|58
1600000US3719000|126550|1055|67530|1695|46882|1502|20648|1190|5386|735|15262|1119|59020|1818|46251|1805|12769|1087
1600000US3719140|151|83|102|75|77|72|25|24|17|22|8|9|49|32|35|29|14|18
1600000US3719300|133|57|92|46|52|36|40|27|1|6|39|25|41|32|41|32|0|14
1600000US3719320|218|68|154|64|123|54|31|28|8|13|23|24|64|23|61|22|3|4
1600000US3719420|2217|275|1665|267|981|251|684|198|149|103|535|197|552|153|489|156|63|58
1600000US3719740|1383|124|1110|103|869|115|241|98|40|41|201|98|273|108|242|102|31|34
1600000US3719800|1325|266|855|254|357|188|498|206|142|112|356|171|470|112|459|116|11|19
1600000US3719860|750|197|451|153|245|117|206|132|40|38|166|125|299|118|224|76|75|85
1600000US3720080|6410|422|3500|298|2194|273|1306|310|210|117|1096|288|2910|480|2461|479|449|161
1600000US3720120|1992|217|1274|162|608|198|666|217|80|88|586|201|718|245|703|248|15|41
1600000US3720280|1126|231|832|219|540|160|292|179|97|93|195|154|294|130|270|121|24|29
1600000US3720420|518|180|427|167|243|110|184|124|34|53|150|128|91|83|91|83|0|14
1600000US3720580|7576|400|4405|419|2701|381|1704|303|391|167|1313|276|3171|418|2819|385|352|138
1600000US3720600|1683|217|717|128|376|118|341|124|73|88|268|110|966|281|959|280|7|12
1600000US3720620|1660|159|880|109|570|125|310|113|101|86|209|86|780|166|561|127|219|105
1600000US3720700|265|98|162|71|110|41|52|52|0|14|52|52|103|61|98|61|5|9
1600000US3720780|295|78|189|72|134|59|55|45|33|38|22|22|106|36|85|33|21|17
1600000US3720840|412|129|234|91|96|56|138|73|24|26|114|69|178|82|148|79|30|38
1600000US3720980|537|105|342|90|191|71|151|67|25|20|126|68|195|58|174|56|21|25
1600000US3721095|2456|204|1718|171|1432|202|286|120|40|38|246|119|738|182|471|145|267|108
1600000US3721120|122|47|61|38|19|16|42|35|15|24|27|24|61|31|61|31|0|14
1600000US3721130|1328|200|948|206|671|175|277|114|65|60|212|104|380|139|270|85|110|97
1600000US3721160|1940|95|1417|92|1297|97|120|72|73|68|47|36|523|117|484|117|39|27
1600000US3721260|748|290|512|267|295|258|217|131|149|109|68|83|236|118|144|92|92|95
1600000US3721360|705|144|442|120|77|43|365|109|25|36|340|111|263|82|232|76|31|28
1600000US3721380|118|79|52|52|36|49|16|21|6|11|10|18|66|64|56|62|10|18
1600000US3721500|1287|292|984|293|493|123|491|279|103|73|388|278|303|100|298|101|5|10
1600000US3721740|1869|180|1162|108|846|129|316|80|91|47|225|70|707|174|578|158|129|76
1600000US3721880|3327|336|2484|335|1991|323|493|221|153|149|340|158|843|201|689|189|154|93
1600000US3721960|94|29|56|25|41|20|15|11|3|4|12|10|38|20|30|17|8|10
1600000US3722040|72|38|46|30|19|15|27|27|4|8|23|25|26|21|23|20|3|9
1600000US3722080|83|42|83|42|11|19|72|44|0|14|72|44|0|14|0|14|0|14
1600000US3722240|310|96|161|63|99|48|62|45|4|6|58|44|149|63|143|63|6|10
1600000US3722280|35|30|21|28|14|24|7|15|7|15|0|14|14|19|14|19|0|14
1600000US3722305|1471|168|1082|158|958|163|124|72|22|32|102|64|389|115|300|103|89|63
1600000US3722360|950|125|551|95|197|48|354|82|54|32|300|76|399|80|355|74|44|24
1600000US3722380|753|161|461|136|276|119|185|97|6|10|179|96|292|111|292|111|0|14
1600000US3722440|739|213|555|181|405|154|150|116|42|67|108|102|184|100|137|92|47|47
1600000US3722500|1213|146|935|118|862|123|73|51|39|43|34|32|278|120|211|96|67|82
1600000US3722560|246|56|159|44|111|35|48|24|20|16|28|16|87|36|87|36|0|14
1600000US3722600|396|185|316|181|283|179|33|21|14|11|19|20|80|36|78|36|2|5
1600000US3722620|40|20|32|18|24|12|8|12|0|14|8|12|8|10|8|10|0|14
1600000US3722640|66|106|61|106|61|106|0|14|0|14|0|14|5|7|5|7|0|14
1600000US3722720|268|111|117|52|92|46|25|28|0|14|25|28|151|97|135|97|16|17
1600000US3722800|150|72|137|72|72|48|65|50|12|20|53|45|13|22|13|22|0|14
1600000US3722820|2004|149|1219|142|572|198|647|178|217|168|430|130|785|213|753|217|32|46
1600000US3722920|82689|676|48367|768|30726|925|17641|828|3678|448|13963|728|34322|810|29371|810|4951|570
1600000US3722982|1361|237|744|187|698|185|46|68|0|14|46|68|617|199|582|191|35|37
1600000US3723520|338|105|257|76|185|62|72|50|16|25|56|42|81|88|59|79|22|35
1600000US3723600|1754|112|1212|88|1189|91|23|29|0|14|23|29|542|149|491|143|51|40
1600000US3723640|468|159|315|140|255|121|60|59|14|23|46|46|153|88|132|84|21|33
1600000US3723760|3372|235|2400|212|1879|261|521|159|139|83|382|151|972|257|791|216|181|136
1600000US3723980|0|14|0|14|0|14|0|14|0|14|0|14|0|14|0|14|0|14
1600000US3724080|2681|246|1641|174|644|176|997|196|224|122|773|194|1040|228|954|222|86|65
1600000US3724170|211|112|49|23|45|22|4|5|3|4|1|3|162|107|116|97|46|32
1600000US3724198|1624|291|1288|304|1112|314|176|105|123|85|53|61|336|179|336|179|0|14
1600000US3724380|545|126|313|102|210|96|103|72|0|14|103|72|232|87|191|82|41|51
1600000US3724440|167|58|105|48|50|31|55|35|0|14|55|35|62|30|55|31|7|11
1600000US3724520|1004|135|563|104|416|105|147|80|17|24|130|77|441|180|284|130|157|159
1600000US3724570|715|113|569|111|480|96|89|47|3|5|86|46|146|55|106|36|40|48
1600000US3724640|2284|251|1270|189|768|168|502|144|204|107|298|110|1014|271|957|270|57|46
1600000US3724720|973|202|671|139|356|110|315|134|77|66|238|109|302|114|277|107|25|22
1600000US3724740|398|106|301|109|212|90|89|50|22|20|67|44|97|51|64|33|33|39
1600000US3724900|454|128|308|114|177|81|131|87|39|37|92|72|146|70|129|68|17|20
1600000US3725020|384|162|176|87|131|78|45|38|0|14|45|38|208|130|187|125|21|33
1600000US3725160|1159|235|796|195|602|107|194|176|31|31|163|175|363|145|363|145|0|14
1600000US3725300|14366|627|10736|446|9102|447|1634|351|287|147|1347|314|3630|680|2716|530|914|409
1600000US3725380|1439|168|1054|176|662|171|392|224|162|143|230|157|385|184|263|141|122|116
1600000US3725460|235|87|128|60|75|48|53|36|10|10|43|34|107|61|107|61|0|14
1600000US3725480|13899|535|8485|633|6609|605|1876|352|459|196|1417|301|5414|853|4121|663|1293|497
1600000US3725540|326|88|130|58|68|45|62|44|0|14|62|44|196|81|183|86|13|19
1600000US3725560|394|104|253|87|111|47|142|74|38|30|104|69|141|54|127|50|14|12
1600000US3725580|32378|588|20465|744|12256|533|8209|738|2344|400|5865|612|11913|825|9327|773|2586|430
1600000US3725680|130|49|78|35|61|29|17|18|0|14|17|18|52|34|38|25|14|21
1600000US3725880|429|223|295|194|295|194|0|14|0|14|0|14|134|110|100|100|34|56
1600000US3725900|75|55|34|32|34|32|0|14|0|14|0|14|41|46|41|46|0|14
1600000US3725940|292|60|178|53|50|21|128|47|3|5|125|47|114|35|113|35|1|2
1600000US3725980|3734|292|2567|180|2099|239|468|181|122|89|346|170|1167|350|947|315|220|168
1600000US3726200|686|121|514|103|338|84|176|72|23|21|153|69|172|70|91|47|81|56
1600000US3726460|1251|228|831|200|570|165|261|124|97|89|164|92|420|147|365|139|55|48
1600000US3726520|70|69|31|28|31|28|0|14|0|14|0|14|39|62|39|62|0|14
1600000US3726560|85|71|50|59|50|59|0|14|0|14|0|14|35|38|35|38|0|14
1600000US3726680|194|44|133|46|127|46|6|8|6|8|0|14|61|39|56|38|5|9
1600000US3726740|89|37|58|26|35|23|23|18|6|11|17|14|31|27|31|27|0|14
1600000US3726800|261|158|251|158|199|152|52|43|30|29|22|34|10|16|10|16|0|14
1600000US3726880|15145|504|8399|435|4589|422|3810|465|808|290|3002|347|6746|645|6163|607|583|196
1600000US3726920|141|99|120|96|55|27|65|85|5|9|60|84|21|18|21|18|0|14
1600000US3727120|490|152|438|146|301|163|137|110|51|61|86|99|52|53|52|53|0|14
1600000US3727180|806|132|710|131|690|139|20|35|0|14|20|35|96|78|91|78|5|13
1600000US3727182|840|204|578|201|478|180|100|112|23|26|77|109|262|98|211|80|51|67
1600000US3727280|8095|357|4792|298|3099|322|1693|325|353|156|1340|348|3303|429|2896|394|407|153
1600000US3727300|27|27|0|14|0|14|0|14|0|14|0|14|27|27|27|27|0|14
1600000US3727324|8|8|7|8|7|8|0|14|0|14|0|14|1|2|1|2|0|14
1600000US3727400|1097|192|606|158|450|132|156|97|48|43|108|88|491|158|416|159|75|45
1600000US3727420|1724|146|1329|157|837|183|492|118|125|87|367|100|395|103|343|101|52|45
1600000US3727440|1263|172|823|122|569|134|254|169|94|120|160|129|440|197|433|196|7|11
1600000US3727520|260|64|186|62|124|48|62|34|19|18|43|26|74|28|63|26|11|9
1600000US3727780|335|149|134|70|46|24|88|65|6|12|82|64|201|139|179|137|22|27
1600000US3727870|1047|128|731|99|369|97|362|112|113|58|249|116|316|106|236|90|80|51
1600000US3728000|123984|1097|68078|1535|42070|1467|26008|1298|5751|819|20257|1231|55906|1823|46021|1796|9885|949
1600000US3728080|40783|984|18637|902|9695|839|8942|788|2365|509|6577|685|22146|1203|15391|1171|6755|747
1600000US3728200|1096|257|651|199|268|96|383|184|35|33|348|178|445|174|355|143|90|119
1600000US3728240|211|76|141|54|108|46|33|24|8|12|25|20|70|45|57|42|13|14
1600000US3728400|281|94|169|64|114|42|55|39|8|15|47|37|112|60|105|57|7|12
1600000US3728600|88|87|24|45|24|45|0|14|0|14|0|14|64|96|64|96|0|14
1600000US3728900|2819|351|2091|397|1596|337|495|231|276|206|219|146|728|264|647|256|81|68
1600000US3728920|173|99|75|66|69|65|6|9|0|14|6|9|98|69|95|68|3|4
1600000US3729000|102|71|63|61|7|12|56|61|0|14|56|61|39|45|39|45|0|14
1600000US3729120|113|35|74|30|51|25|23|13|0|14|23|13|39|20|30|17|9|13
1600000US3729160|2455|334|1419|181|954|143|465|179|82|82|383|185|1036|355|963|340|73|60
1600000US3729180|3182|384|2390|317|1899|297|491|182|258|149|233|124|792|280|776|278|16|27
1600000US3729560|462|104|322|87|278|75|44|33|0|14|44|33|140|64|122|59|18|24
1600000US3729640|297|76|241|74|155|68|86|47|59|45|27|23|56|23|55|23|1|3
1600000US3729680|66|33|51|31|25|17|26|23|14|15|12|16|15|12|10|9|5|7
1600000US3729720|69|34|34|29|20|15|14|24|0|14|14|24|35|19|28|18|7|9
1600000US3729800|6176|376|5166|289|4596|269|570|177|122|78|448|167|1010|245|936|234|74|67
1600000US3730040|20|24|18|23|15|23|3|6|0|14|3|6|2|4|2|4|0|14
1600000US3730100|84|63|40|42|29|48|11|19|0|14|11|19|44|49|44|49|0|14
1600000US3730120|6000|332|4369|306|3136|305|1233|270|583|230|650|209|1631|343|1209|264|422|211
1600000US3730260|1049|162|675|120|499|109|176|109|26|28|150|116|374|122|308|126|66|47
1600000US3730280|320|113|196|85|143|69|53|34|10|14|43|31|124|56|80|26|44|56
1600000US3730340|469|160|332|139|320|137|12|20|12|20|0|14|137|88|137|88|0|14
1600000US3730620|767|166|585|119|418|97|167|75|38|34|129|62|182|120|169|117|13|17
1600000US3730660|6176|337|3429|287|1365|285|2064|318|305|148|1759|349|2747|408|2092|384|655|243
1600000US3730720|8143|369|3845|249|2855|292|990|226|241|102|749|196|4298|428|3859|430|439|171
1600000US3730800|97|61|42|45|21|31|21|33|21|33|0|14|55|49|55|49|0|14
1600000US3730900|786|158|416|138|233|87|183|104|31|49|152|85|370|99|370|99|0|14
1600000US3731060|18042|568|10683|437|7315|463|3368|434|875|251|2493|390|7359|665|5903|737|1456|330
1600000US3731260|144|82|61|49|61|49|0|14|0|14|0|14|83|87|83|87|0|14
1600000US3731360|643|154|301|76|278|78|23|25|0|14|23|25|342|138|310|138|32|27
1600000US3731400|45872|1141|28427|738|19002|776|9425|848|2799|592|6626|687|17445|1200|14942|1238|2503|422
1600000US3731440|190|70|165|68|116|50|49|50|5|6|44|49|25|19|25|19|0|14
1600000US3731490|55|49|13|20|13|20|0|14|0|14|0|14|42|45|42|45|0|14
1600000US3731500|902|187|630|165|433|138|197|87|14|25|183|83|272|88|216|79|56|34
1600000US3731620|4146|296|2512|182|2054|189|458|154|91|58|367|158|1634|350|1517|347|117|75
1600000US3731860|76|43|61|40|29|21|32|31|11|18|21|24|15|11|13|10|2|4
1600000US3731880|5|7|0|14|0|14|0|14|0|14|0|14|5|7|5|7|0|14
1600000US3731920|237|88|145|67|89|45|56|43|2|4|54|43|92|54|70|39|22|35
1600000US3731960|484|85|399|75|365|76|34|18|4|5|30|19|85|28|77|25|8|8
1600000US3732100|261|54|181|52|121|47|60|30|8|13|52|25|80|39|60|30|20|23
1600000US3732180|1913|237|1372|233|1193|263|179|154|5|8|174|154|541|302|234|139|307|256
1600000US3732260|14982|554|12541|430|10474|675|2067|473|875|448|1192|285|2441|419|2092|381|349|156
1600000US3732540|198|78|124|60|104|56|20|16|2|5|18|14|74|41|67|41|7|8
1600000US3732580|640|200|468|185|468|185|0|14|0|14|0|14|172|111|163|108|9|14
1600000US3732640|6543|344|4380|229|2745|222|1635|200|368|114|1267|179|2163|285|1896|274|267|88
1600000US3732740|653|146|411|98|355|100|56|43|19|20|37|37|242|111|176|75|66|73
1600000US3732840|229|68|108|50|65|34|43|31|3|5|40|31|121|41|116|39|5|7
1600000US3732980|1529|193|943|124|555|147|388|144|90|68|298|143|586|202|543|197|43|41
1600000US3733120|25055|550|17226|541|14130|571|3096|536|1162|419|1934|352|7829|668|6403|600|1426|274
1600000US3733320|959|252|672|224|636|219|36|37|18|30|18|22|287|130|256|123|31|44
1600000US3733460|104|27|77|25|64|21|13|13|2|3|11|12|27|14|27|14|0|14
1600000US3733560|13796|487|11047|425|9163|448|1884|286|499|170|1385|223|2749|391|2159|360|590|210
1600000US3733640|126|57|100|56|63|40|37|40|37|40|0|14|26|24|26|24|0|14
1600000US3733820|319|157|270|149|219|142|51|64|39|61|12|21|49|47|49|47|0|14
1600000US3733940|79|40|62|36|62|36|0|14|0|14|0|14|17|21|17|21|0|14
1600000US3733993|153|116|119|111|108|110|11|17|0|14|11|17|34|29|14|18|20|29
1600000US3734000|359|116|233|105|114|30|119|102|86|97|33|37|126|54|108|46|18|23
1600000US3734038|327|127|246|117|199|118|47|32|5|8|42|31|81|51|64|40|17|30
1600000US3734160|98|90|70|80|18|23|52|84|52|84|0|14|28|35|28|35|0|14
1600000US3734200|22688|788|15329|649|11682|663|3647|497|658|207|2989|462|7359|870|6141|690|1218|400
1600000US3734260|2111|276|1268|265|911|203|357|180|231|175|126|68|843|188|731|179|112|99
1600000US3734300|1589|177|989|146|897|159|92|56|39|32|53|45|600|231|465|203|135|88
1600000US3734320|211|95|99|45|65|39|34|26|10|11|24|22|112|97|109|96|3|5
1600000US3734440|779|165|414|116|233|87|181|86|72|64|109|46|365|103|351|104|14|14
1600000US3734840|1325|224|585|105|344|100|241|81|63|44|178|69|740|214|683|205|57|62
1600000US3735200|22509|677|15581|644|11343|684|4238|529|955|340|3283|525|6928|701|5534|622|1394|338
1600000US3735340|176|122|100|109|18|22|82|110|0|14|82|110|76|54|76|54|0|14
1600000US3735360|110|73|34|26|19|22|15|13|7|8|8|11|76|69|76|69|0|14
1600000US3735440|194|92|91|88|91|88|0|14|0|14|0|14|103|53|66|39|37|60
1600000US3735460|430|118|232|78|159|71|73|40|10|15|63|41|198|85|181|81|17|21
1600000US3735540|898|163|520|152|337|121|183|82|57|46|126|62|378|132|307|112|71|64
1600000US3735600|12630|498|7094|312|5314|366|1780|331|598|205|1182|271|5536|527|4815|524|721|189
1600000US3735720|3384|269|2135|192|1647|233|488|190|212|133|276|111|1249|279|1032|258|217|116
1600000US3735760|3216|250|2012|224|1596|249|416|253|0|19|416|253|1204|288|1165|280|39|34
1600000US3735870|4256|635|2284|341|1668|223|616|270|197|217|419|175|1972|559|1646|549|326|154
1600000US3735880|4633|367|2950|304|1510|262|1440|281|462|213|978|264|1683|402|1297|351|386|173
1600000US3735890|204|83|87|48|36|28|51|32|14|19|37|25|117|61|117|61|0|14
1600000US3735920|8891|407|4540|388|1897|267|2643|342|233|198|2410|297|4351|448|3888|424|463|192
1600000US3736020|24|14|15|12|9|9|6|9|2|5|4|6|9|9|9|9|0|14
1600000US3736060|1619|121|1100|129|1004|136|96|49|0|14|96|49|519|170|363|122|156|105
1600000US3736080|7594|392|5401|276|3585|390|1816|370|510|260|1306|318|2193|459|1896|445|297|136
1600000US3736220|1073|202|859|206|792|206|67|34|33|28|34|20|214|62|162|52|52|38
1600000US3736400|1075|173|599|124|173|87|426|150|0|14|426|150|476|233|312|199|164|134
1600000US3736480|1321|240|880|220|622|162|258|136|90|65|168|124|441|165|388|169|53|41
1600000US3736500|824|152|483|98|435|89|48|32|4|7|44|31|341|132|305|126|36|31
1600000US3736510|4138|381|2946|359|2627|350|319|119|111|77|208|98|1192|286|1031|282|161|83
1600000US3736511|4580|354|3840|333|3610|331|230|115|69|50|161|103|740|200|635|188|105|60
1600000US3736512|1363|112|950|84|728|96|222|77|0|14|222|77|413|143|386|136|27|34
1600000US3736513|1375|257|981|248|865|223|116|81|49|60|67|65|394|155|272|138|122|112
1600000US3736514|41|23|24|17|24|17|0|14|0|14|0|14|17|14|17|14|0|14
1600000US3736640|624|92|458|84|317|66|141|67|55|35|86|54|166|63|152|62|14|11
1600000US3736860|1632|171|1082|187|872|200|210|108|20|33|190|103|550|227|399|211|151|157
1600000US3736960|75|42|51|32|48|32|3|5|0|14|3|5|24|26|22|26|2|3
1600000US3737000|45|19|39|18|29|16|10|10|0|14|10|10|6|5|5|5|1|2
1600000US3737040|110|43|86|40|61|22|25|31|2|6|23|30|24|14|24|14|0|14
1600000US3737120|394|98|250|80|160|62|90|50|16|17|74|48|144|69|144|69|0|14
1600000US3737160|1054|135|733|115|682|108|51|33|5|8|46|32|321|103|279|99|42|25
1600000US3737220|5698|194|3618|223|1833|199|1785|190|328|154|1457|169|2080|226|1840|218|240|88
1600000US3737260|269|71|145|57|95|51|50|31|4|6|46|31|124|49|116|47|8|13
1600000US3737640|18|14|8|8|4|4|4|8|0|14|4|8|10|13|10|13|0|14
1600000US3737680|13219|521|9006|456|7271|531|1735|376|594|255|1141|306|4213|623|3246|570|967|281
1600000US3737760|8199|450|4830|360|2858|332|1972|431|512|204|1460|393|3369|523|3198|521|171|105
1600000US3738030|191|87|142|73|62|42|80|58|0|14|80|58|49|31|41|29|8|14
1600000US3738040|5106|413|3830|294|3177|249|653|181|243|117|410|138|1276|346|1105|310|171|121
1600000US3738060|7529|507|4678|320|2421|293|2257|359|705|229|1552|297|2851|447|2451|449|400|144
1600000US3738100|1047|181|675|107|432|83|243|107|60|52|183|99|372|173|363|172|9|15
1600000US3738170|110|63|96|59|75|55|21|32|0|14|21|32|14|23|14|23|0|14
1600000US3738200|280|112|186|86|119|66|67|53|16|17|51|51|94|73|91|72|3|7
1600000US3738220|1221|129|844|90|594|102|250|93|54|44|196|82|377|110|260|93|117|56
1600000US3738320|5023|357|2976|280|2033|227|943|256|119|65|824|258|2047|389|1910|371|137|80
1600000US3738360|54|16|32|13|27|12|5|7|4|7|1|3|22|12|22|12|0|14
1600000US3738420|148|124|92|92|92|92|0|14|0|14|0|14|56|88|56|88|0|14
1600000US3738680|253|71|133|57|92|42|41|42|2|4|39|42|120|47|108|42|12|14
1600000US3738860|2193|208|1505|190|1061|188|444|174|104|92|340|170|688|270|538|217|150|154
1600000US3739060|72|59|61|56|34|40|27|45|0|14|27|45|11|20|11|20|0|14
1600000US3739280|2200|251|1335|180|924|192|411|165|118|92|293|145|865|268|770|261|95|58
1600000US3739360|1131|209|598|79|218|73|380|94|54|52|326|94|533|214|527|213|6|10
1600000US3739420|101|37|38|22|13|11|25|21|0|14|25|21|63|30|56|27|7|9
1600000US3739480|1780|255|996|145|723|122|273|126|34|53|239|119|784|357|674|361|110|70
1600000US3739520|1533|229|1316|224|1052|238|264|141|63|91|201|105|217|133|217|133|0|14
1600000US3739540|91|54|78|58|40|34|38|46|8|13|30|45|13|20|0|14|13|20
1600000US3739600|361|100|261|84|166|62|95|51|6|9|89|52|100|55|86|53|14|18
1600000US3739680|41|15|20|11|15|8|5|7|4|7|1|3|21|12|21|12|0|14
1600000US3739700|6901|263|4152|191|1805|172|2347|198|368|108|1979|198|2749|286|2510|270|239|77
1600000US3739880|438|144|297|75|253|70|44|23|7|8|37|21|141|120|129|120|12|10
1600000US3739960|140|46|95|36|59|30|36|24|4|5|32|23|45|20|41|21|4|4
1600000US3740140|40|16|29|14|22|14|7|5|0|14|7|5|11|9|11|9|0|14
1600000US3740240|45|35|32|30|31|30|1|3|0|14|1|3|13|19|3|7|10|17
1600000US3740460|364|131|184|96|184|96|0|14|0|14|0|14|180|100|162|100|18|28
1600000US3740540|33|24|22|18|18|16|4|6|1|3|3|5|11|13|11|13|0|14
1600000US3740560|1060|152|614|130|375|85|239|130|67|62|172|125|446|106|410|105|36|33
1600000US3740600|875|161|506|107|416|88|90|68|6|10|84|68|369|117|286|102|83|47
1600000US3740640|371|120|299|116|158|74|141|92|21|26|120|84|72|43|67|41|5|9
1600000US3740660|1336|133|974|126|731|165|243|128|57|95|186|88|362|170|346|164|16|31
1600000US3740860|314|143|193|103|178|103|15|25|0|14|15|25|121|110|110|112|11|18
1600000US3740980|488|150|201|80|168|72|33|37|0|14|33|37|287|149|232|137|55|54
1600000US3741060|960|188|520|135|337|100|183|83|19|19|164|82|440|148|386|145|54|41
1600000US3741220|115|46|108|46|96|44|12|18|0|14|12|18|7|12|7|12|0|14
1600000US3741380|52|15|35|13|28|12|7|7|3|4|4|5|17|9|17|9|0|14
1600000US3741420|2869|208|1932|197|1224|195|708|175|215|91|493|168|937|214|801|193|136|94
1600000US3741540|1063|186|514|145|434|122|80|59|34|43|46|41|549|146|409|150|140|107
1600000US3741580|453|116|222|83|141|64|81|53|30|41|51|42|231|80|217|76|14|15
1600000US3741600|186|82|155|72|73|46|82|63|0|14|82|63|31|37|20|32|11|17
1600000US3741620|890|173|561|135|453|117|108|67|54|61|54|32|329|117|263|104|66|37
1600000US3741640|953|139|677|87|338|101|339|98|48|44|291|93|276|125|229|117|47|48
1600000US3741720|1917|143|1853|136|1770|139|83|50|53|41|30|31|64|49|48|44|16|22
1600000US3741960|11864|460|8228|371|6999|373|1229|239|384|184|845|192|3636|462|3164|457|472|136
1600000US3742000|115|61|57|49|5|9|52|46|11|17|41|42|58|51|58|51|0|14
1600000US3742020|910|113|576|89|228|46|348|81|61|34|287|73|334|80|295|78|39|27
1600000US3742060|1200|166|542|116|355|112|187|84|39|54|148|74|658|157|517|126|141|110
1600000US3742100|373|74|294|69|201|57|93|54|20|16|73|50|79|28|72|27|7|8
1600000US3742240|7857|429|5248|339|3997|410|1251|267|288|136|963|256|2609|506|2469|501|140|95
1600000US3742480|85|38|43|23|28|16|15|16|3|9|12|15|42|29|42|29|0|14
1600000US3742620|228|78|164|73|130|71|34|25|11|16|23|18|64|35|53|29|11|19
1600000US3742640|41|31|29|27|12|14|17|23|0|14|17|23|12|12|9|10|3|6
1600000US3742700|385|88|216|64|143|53|73|40|36|31|37|22|169|55|162|54|7|7
1600000US3742760|1767|162|1347|118|1060|178|287|132|57|67|230|124|420|163|420|163|0|14
1600000US3742860|2010|168|1570|140|1273|195|297|127|84|96|213|86|440|156|341|153|99|81
1600000US3743160|723|151|500|132|376|112|124|81|94|78|30|32|223|105|192|101|31|30
1600000US3743200|237|91|213|88|189|81|24|37|24|37|0|14|24|27|24|27|0|14
1600000US3743260|2727|181|2065|166|1777|188|288|95|77|56|211|93|662|179|499|155|163|93
1600000US3743300|66|36|38|27|33|28|5|6|3|5|2|3|28|24|28|24|0|14
1600000US3743320|40|31|33|27|18|13|15|23|15|23|0|14|7|12|7|12|0|14
1600000US3743360|1170|103|936|83|810|96|126|63|67|59|59|39|234|68|178|64|56|31
1600000US3743440|326|60|194|43|188|42|6|6|0|14|6|6|132|41|105|35|27|23
1600000US3743480|10262|441|7790|389|6399|437|1391|492|250|138|1141|488|2472|401|1898|387|574|180
1600000US3743580|102|40|62|31|46|28|16|16|0|14|16|16|40|27|37|26|3|6
1600000US3743720|2324|209|1373|157|946|136|427|130|97|81|330|119|951|226|940|222|11|23
1600000US3743860|148|51|89|40|53|22|36|31|8|14|28|25|59|30|33|23|26|20
1600000US3743880|334|170|307|177|196|169|111|64|31|46|80|61|27|29|27|29|0|14
1600000US3743920|12620|581|8405|444|5813|431|2592|358|780|194|1812|327|4215|607|3270|490|945|282
1600000US3744100|62|49|47|47|47|47|0|14|0|14|0|14|15|18|15|18|0|14
1600000US3744160|81|34|52|27|38|22|14|16|2|4|12|16|29|19|20|17|9|8
1600000US3744220|20009|639|13606|476|10386|536|3220|504|951|285|2269|490|6403|618|5026|571|1377|319
1600000US3744280|664|260|346|172|241|156|105|84|0|14|105|84|318|225|307|227|11|19
1600000US3744320|5169|252|2484|196|1566|176|918|203|123|79|795|193|2685|350|2130|355|555|179
1600000US3744400|6888|324|4438|345|2420|295|2018|360|816|324|1202|261|2450|408|2249|382|201|113
1600000US3744520|12300|541|8026|393|6720|465|1306|400|388|191|918|364|4274|655|3291|618|983|282
1600000US3744560|147|71|77|50|44|44|33|27|7|15|26|23|70|44|38|27|32|28
1600000US3744700|1445|252|1027|259|886|256|141|134|0|14|141|134|418|126|321|109|97|96
1600000US3744770|1441|265|1122|270|787|242|335|164|41|51|294|157|319|161|293|154|26|41
1600000US3744800|4865|346|2478|221|1470|177|1008|261|280|177|728|217|2387|388|2111|373|276|108
1600000US3744900|521|119|398|116|221|101|177|69|19|24|158|68|123|60|83|40|40|44
1600000US3744960|7307|372|5326|247|3713|286|1613|223|305|115|1308|230|1981|266|1776|251|205|96
1600000US3745100|1677|151|958|98|518|104|440|126|64|66|376|118|719|164|577|168|142|78
1600000US3745140|775|151|590|137|529|133|61|31|19|18|42|25|185|64|156|61|29|21
1600000US3745460|2141|268|1790|295|1475|304|315|146|109|84|206|109|351|160|289|142|62|67
1600000US3745560|912|218|713|212|581|208|132|84|33|30|99|69|199|97|170|86|29|37
1600000US3745640|1111|220|680|167|348|129|332|88|24|28|308|89|431|139|414|138|17|19
1600000US3745660|792|177|298|77|192|64|106|52|22|25|84|45|494|181|454|179|40|30
1600000US3745720|7324|530|4290|468|3418|412|872|265|323|164|549|197|3034|473|2482|465|552|223
1600000US3745840|4854|386|3563|405|3213|415|350|122|93|54|257|103|1291|236|971|208|320|121
1600000US3745880|1586|164|900|131|806|145|94|63|64|56|30|31|686|181|502|168|184|107
1600000US3746000|2438|285|1620|179|790|260|830|239|35|63|795|226|818|286|769|275|49|63
1600000US3746060|664|137|503|117|294|88|209|93|11|18|198|90|161|66|110|60|51|37
1600000US3746100|757|233|387|194|270|124|117|153|16|28|101|152|370|164|253|115|117|161
1600000US3746280|914|195|753|193|642|175|111|98|69|74|42|67|161|95|115|89|46|49
1600000US3746340|14673|629|8400|460|5819|483|2581|384|476|201|2105|346|6273|612|5339|588|934|252
1600000US3746650|535|169|438|150|266|127|172|98|25|40|147|90|97|89|97|89|0|14
1600000US3746740|391|104|253|95|88|57|165|80|4|5|161|80|138|57|132|57|6|6
1600000US3746820|210|74|123|49|90|35|33|27|15|23|18|15|87|51|79|49|8|9
1600000US3746860|1664|194|941|118|827|141|114|81|13|20|101|77|723|221|639|209|84|79
1600000US3747000|5286|377|3552|278|2279|337|1273|359|518|235|755|257|1734|347|1432|327|302|176
1600000US3747020|267|69|120|62|101|55|19|17|0|14|19|17|147|51|122|48|25|21
1600000US3747240|464|119|233|92|92|45|141|80|39|53|102|55|231|77|204|70|27|32
1600000US3747260|23|20|14|18|14|18|0|14|0|14|0|14|9|16|9|16|0|14
1600000US3747485|2156|503|1309|306|987|291|322|153|82|102|240|112|847|467|662|457|185|111
1600000US3747695|604|117|521|115|483|114|38|37|9|16|29|34|83|45|83|45|0|14
1600000US3747845|416|65|280|53|246|46|34|24|21|19|13|15|136|43|109|40|27|14
1600000US3747860|460|117|285|87|152|55|133|79|0|14|133|79|175|73|164|72|11|16
1600000US3747880|1859|216|819|145|417|125|402|139|149|117|253|105|1040|265|774|235|266|148
1600000US3747980|883|106|530|84|381|67|149|62|73|47|76|42|353|122|298|115|55|41
1600000US3748040|1116|186|813|173|516|159|297|110|108|68|189|80|303|92|277|88|26|23
1600000US3748060|167|92|134|91|45|22|89|89|14|17|75|87|33|19|31|18|2|5
1600000US3748345|4602|258|2961|221|2660|237|301|118|113|71|188|86|1641|276|1352|237|289|130
1600000US3748480|2630|152|2194|125|2026|148|168|100|43|46|125|88|436|121|386|128|50|42
1600000US3748700|514|77|328|59|318|59|10|8|5|5|5|6|186|45|176|44|10|9
1600000US3748740|387|143|245|122|145|100|100|74|0|14|100|74|142|101|142|101|0|14
1600000US3748790|3279|444|2552|403|2147|350|405|277|36|42|369|258|727|283|544|179|183|203
1600000US3748920|292|67|161|57|87|39|74|36|30|27|44|27|131|50|125|48|6|9
1600000US3748940|44|31|37|28|0|14|37|28|12|18|25|21|7|12|7|12|0|14
1600000US3749380|559|112|301|89|277|85|24|21|6|6|18|20|258|72|251|72|7|8
1600000US3749460|26|11|15|10|12|9|3|4|3|4|0|14|11|7|11|7|0|14
1600000US3749600|271|84|192|73|132|58|60|32|10|10|50|29|79|34|62|30|17|15
1600000US3749800|3851|256|2385|208|1167|201|1218|214|187|91|1031|207|1466|257|1406|258|60|60
1600000US3750080|82|46|53|36|45|33|8|13|1|3|7|12|29|24|27|23|2|4
1600000US3750340|198|38|137|32|112|33|25|12|5|7|20|12|61|25|52|24|9|8
1600000US3750540|154|67|105|56|70|47|35|23|0|14|35|23|49|38|49|38|0|14
1600000US3750700|325|91|191|69|127|59|64|50|15|18|49|46|134|48|105|47|29|29
1600000US3750820|146|47|106|42|67|29|39|27|7|8|32|27|40|20|40|20|0|14
1600000US3751040|448|91|269|72|208|71|61|34|9|10|52|33|179|65|148|58|31|26
1600000US3751080|1189|118|518|66|162|55|356|71|44|25|312|68|671|143|564|134|107|48
1600000US3751780|355|121|248|97|157|83|91|55|45|43|46|32|107|63|98|61|9|15
1600000US3751820|714|135|401|90|272|71|129|56|36|32|93|44|313|86|288|86|25|28
1600000US3751840|678|147|440|131|364|106|76|56|22|28|54|46|238|84|179|71|59|39
1600000US3751940|8480|331|5507|270|5216|271|291|106|90|60|201|90|2973|422|2842|423|131|64
1600000US3752000|673|62|499|57|472|59|27|17|23|16|4|5|174|41|166|38|8|8
1600000US3752020|702|158|457|122|330|106|127|81|42|38|85|73|245|93|226|91|19|20
1600000US3752140|608|142|476|129|186|73|290|109|69|42|221|105|132|50|109|44|23|29
1600000US3752160|9|17|9|17|9|17|0|14|0|14|0|14|0|14|0|14|0|14
1600000US3752220|4634|451|2442|183|1638|308|804|246|243|119|561|252|2192|433|1834|418|358|172
1600000US3752260|5386|515|3979|518|2941|458|1038|320|261|111|777|305|1407|290|1204|293|203|103
1600000US3752400|207|102|118|48|99|48|19|14|1|2|18|13|89|86|49|32|40|80
1600000US3752500|212|117|79|53|73|53|6|12|0|14|6|12|133|120|100|107|33|45
1600000US3752660|1927|198|1168|162|919|161|249|135|73|75|176|101|759|257|633|248|126|115
1600000US3752685|738|173|480|158|265|115|215|138|129|107|86|69|258|126|228|125|30|50
1600000US3752760|1909|217|1498|179|1116|218|382|151|57|56|325|149|411|167|389|160|22|36
1600000US3752920|482|218|232|187|201|185|31|33|13|22|18|24|250|117|250|117|0|14
1600000US3753040|1314|163|735|167|358|164|377|133|0|14|377|133|579|182|496|174|83|48
1600000US3753140|440|234|301|154|164|108|137|72|9|14|128|66|139|102|131|95|8|15
1600000US3753160|207|69|142|55|100|42|42|34|25|27|17|19|65|35|48|29|17|17
1600000US3753200|192|59|147|57|84|35|63|39|0|14|63|39|45|17|42|17|3|5
1600000US3753475|3329|365|2325|279|2150|292|175|113|34|56|141|93|1004|236|949|228|55|51
1600000US3753580|269|141|126|54|102|58|24|35|24|35|0|14|143|131|143|131|0|14
1600000US3753680|139|116|90|85|78|81|12|18|0|14|12|18|49|69|49|69|0|14
1600000US3753820|664|176|397|136|301|121|96|46|8|11|88|45|267|109|233|108|34|30
1600000US3753840|563|90|385|85|159|76|226|77|17|21|209|76|178|78|167|79|11|14
1600000US3753900|47|19|27|16|11|8|16|13|9|7|7|9|20|14|16|11|4|7
1600000US3753950|276|74|223|71|151|68|72|42|8|13|64|40|53|29|53|29|0|14
1600000US3754160|683|267|464|216|322|155|142|142|18|31|124|135|219|163|150|137|69|85
1600000US3754580|1592|156|998|104|623|117|375|86|66|45|309|76|594|154|547|142|47|36
1600000US3754600|113|54|91|52|78|48|13|20|0|14|13|20|22|23|22|23|0|14
1600000US3755000|203443|1758|108253|1825|75972|1801|32281|1625|8067|937|24214|1514|95190|2280|72166|2049|23024|1296
1600000US3755040|763|218|506|203|284|94|222|187|25|30|197|185|257|86|226|74|31|42
1600000US3755080|1591|226|982|152|797|144|185|89|42|52|143|82|609|200|594|197|15|24
1600000US3755260|1692|167|1198|146|842|172|356|137|80|71|276|132|494|150|368|131|126|66
1600000US3755340|23|17|12|12|10|12|2|3|1|2|1|2|11|13|9|13|2|3
1600000US3755460|376|90|235|67|194|59|41|26|8|9|33|24|141|58|99|41|42|37
1600000US3755640|1424|164|1118|130|1085|136|33|41|24|38|9|15|306|135|286|140|20|34
1600000US3755660|1240|138|740|82|313|75|427|89|47|41|380|87|500|142|466|135|34|33
1600000US3755900|6614|365|3507|328|1899|294|1608|373|417|203|1191|344|3107|413|2731|428|376|157
1600000US3755940|145|63|59|24|39|23|20|13|3|4|17|12|86|56|83|55|3|4
1600000US3756100|22|19|16|19|0|14|16|19|0|14|16|19|6|9|6|9|0|14
1600000US3756240|352|99|259|85|175|64|84|49|19|16|65|44|93|42|64|33|29|26
1600000US3756340|313|88|226|78|183|78|43|24|15|15|28|19|87|46|47|18|40|43
1600000US3756360|807|215|510|156|337|123|173|98|76|64|97|59|297|168|176|83|121|148
1600000US3756440|393|101|188|64|128|57|60|37|26|27|34|24|205|82|195|83|10|12
1600000US3756600|339|111|198|91|173|92|25|24|0|14|25|24|141|77|130|75|11|18
1600000US3756710|1335|99|877|96|734|108|143|71|48|47|95|61|458|122|370|113|88|63
1600000US3756815|1673|224|957|200|642|133|315|156|88|76|227|140|716|209|549|187|167|112
1600000US3756900|6194|326|3928|265|2292|275|1636|251|243|119|1393|236|2266|379|2018|384|248|127
1600000US3757000|633|186|502|167|433|166|69|53|28|40|41|36|131|65|90|42|41|51
1600000US3757020|335|103|73|45|54|43|19|17|7|12|12|12|262|86|255|83|7|12
1600000US3757039|104|85|81|82|26|27|55|77|46|76|9|16|23|35|23|35|0|14
1600000US3757100|599|131|391|123|286|119|105|53|14|19|91|48|208|80|196|78|12|16
1600000US3757200|1399|189|979|159|569|142|410|144|151|98|259|105|420|124|361|118|59|42
1600000US3757260|4041|289|2488|230|1493|276|995|225|199|115|796|214|1553|307|1444|306|109|101
1600000US3757340|1087|237|673|167|586|151|87|52|18|27|69|43|414|202|366|203|48|40
1600000US3757500|23364|763|13524|708|6674|631|6850|668|1062|348|5788|586|9840|949|8852|858|988|299
1600000US3757540|359|116|230|95|153|74|77|65|35|28|42|53|129|78|93|69|36|36
1600000US3757580|298|157|174|113|49|75|125|78|17|29|108|86|124|112|124|112|0|14
1600000US3757640|3524|252|3005|200|2499|198|506|221|23|24|483|219|519|228|456|217|63|68
1600000US3757700|155|55|108|50|64|34|44|31|27|23|17|18|47|23|29|15|18|18
1600000US3757740|233|102|61|42|23|23|38|31|2|4|36|31|172|87|167|81|5|19
1600000US3757800|446|85|302|87|181|64|121|64|67|62|54|35|144|59|131|59|13|17
1600000US3757860|512|97|329|95|221|74|108|48|34|32|74|35|183|63|137|55|46|41
1600000US3758020|368|196|168|74|64|36|104|61|29|35|75|51|200|189|187|191|13|18
1600000US3758040|253|116|131|97|120|95|11|19|11|19|0|14|122|65|104|73|18|28
1600000US3758140|470|131|255|105|150|100|105|36|35|22|70|29|215|65|204|65|11|10
1600000US3758160|3548|311|1870|231|855|219|1015|223|152|140|863|217|1678|333|1403|324|275|170
1600000US3758180|144|69|71|33|52|27|19|19|5|12|14|14|73|56|73|56|0|14
1600000US3758260|1719|287|1093|242|909|203|184|121|0|14|184|121|626|185|450|185|176|79
1600000US3758340|204|130|151|122|124|118|27|42|0|14|27|42|53|41|35|35|18|22
1600000US3758360|1632|180|764|140|398|140|366|139|140|119|226|124|868|250|664|254|204|110
1600000US3758420|198|59|141|52|71|33|70|44|16|18|54|42|57|27|31|17|26|21
1600000US3758440|598|167|438|126|287|98|151|85|53|48|98|59|160|106|145|103|15|15
1600000US3758460|1550|174|882|113|634|144|248|102|65|65|183|95|668|185|545|167|123|71
1600000US3758620|205|52|135|46|107|41|28|19|12|13|16|16|70|27|52|18|18|26
1600000US3758630|3533|163|2879|166|2835|181|44|53|14|23|30|47|654|189|543|176|111|83
1600000US3758720|926|125|515|83|295|67|220|57|98|46|122|42|411|92|394|91|17|17
1600000US3758730|3969|454|2966|402|2107|358|859|269|336|175|523|217|1003|252|894|244|109|75
1600000US3758740|1045|172|636|137|506|136|130|75|60|56|70|38|409|132|337|136|72|67
1600000US3758840|172|43|121|35|104|32|17|17|5|9|12|14|51|26|48|26|3|5
1600000US3758860|14043|571|8233|447|4898|424|3335|471|681|261|2654|428|5810|647|4742|561|1068|300
1600000US3758920|301|65|182|51|151|49|31|20|16|16|15|12|119|40|109|41|10|11
1600000US3758940|99|65|43|52|39|52|4|7|0|14|4|7|56|46|36|35|20|34
1600000US3759090|114|35|81|30|45|18|36|23|22|19|14|13|33|21|32|20|1|4
1600000US3759135|254|124|191|119|60|31|131|114|18|18|113|114|63|30|51|24|12|21
1600000US3759280|11359|414|7868|410|5032|425|2836|415|511|175|2325|369|3491|412|2871|390|620|160
1600000US3759340|149|52|80|29|53|25|27|21|0|14|27|21|69|47|66|45|3|6
1600000US3759540|1908|253|1255|184|774|206|481|177|87|83|394|157|653|197|524|179|129|114
1600000US3759580|600|146|362|129|298|127|64|45|7|13|57|44|238|95|184|77|54|57
1600000US3759765|126|50|113|48|97|50|16|18|0|14|16|18|13|21|13|21|0|14
1600000US3759780|1091|228|370|95|200|74|170|75|32|34|138|67|721|208|600|192|121|143
1600000US3759980|292|103|115|63|45|22|70|57|10|15|60|57|177|82|159|77|18|18
1600000US3760000|832|158|524|117|467|105|57|61|0|14|57|61|308|137|277|140|31|30
1600000US3760080|165|112|109|104|52|24|57|99|53|99|4|5|56|38|42|36|14|16
1600000US3760180|307|94|213|71|146|47|67|46|12|10|55|44|94|47|76|41|18|22
1600000US3760320|3040|322|1828|236|923|229|905|257|214|167|691|211|1212|370|1006|376|206|133
1600000US3760505|180|49|140|48|130|50|10|8|0|14|10|8|40|16|36|16|4|6
1600000US3760515|2058|402|1756|375|1629|383|127|107|70|71|57|65|302|157|262|151|40|51
1600000US3760540|11|10|9|10|9|10|0|14|0|14|0|14|2|3|2|3|0|14
1600000US3760560|68|33|55|30|40|20|15|19|15|19|0|14|13|14|13|14|0|14
1600000US3760800|2134|231|1445|164|1061|214|384|232|155|129|229|191|689|217|653|217|36|42
1600000US3760940|39|24|17|17|17|17|0|14|0|14|0|14|22|17|22|17|0|14
1600000US3761060|648|137|405|115|192|89|213|92|43|52|170|79|243|97|149|64|94|75
1600000US3761200|9533|551|5461|381|3244|397|2217|344|525|217|1692|364|4072|683|3848|660|224|120
1600000US3761860|3027|331|1898|277|1278|275|620|200|103|85|517|173|1129|296|928|284|201|109
1600000US3761920|321|116|79|54|47|50|32|28|0|14|32|28|242|111|179|85|63|86
1600000US3761950|2740|466|1643|378|1342|317|301|187|42|34|259|186|1097|413|680|242|417|339
1600000US3762040|195|79|123|54|107|45|16|18|0|14|16|18|72|41|67|40|5|7
1600000US3762060|210|95|163|90|63|30|100|93|75|92|25|20|47|29|42|28|5|5
1600000US3762190|1379|284|1021|273|594|135|427|242|211|142|216|189|358|146|211|103|147|110
1600000US3762520|4951|484|2676|258|1929|304|747|203|191|148|556|196|2275|550|2035|529|240|124
1600000US3762580|87|59|65|55|24|22|41|55|0|14|41|55|22|32|22|32|0|14
1600000US3762680|1397|299|743|172|681|177|62|37|10|14|52|33|654|234|605|225|49|45
1600000US3762760|837|156|505|120|214|72|291|87|65|50|226|69|332|99|295|96|37|32
1600000US3763120|7411|351|4337|291|3540|269|797|232|135|74|662|210|3074|418|2824|413|250|101
1600000US3763130|1306|117|1053|104|942|118|111|81|0|14|111|81|253|94|229|85|24|26
1600000US3763240|327|89|190|75|87|60|103|60|19|24|84|56|137|79|131|78|6|11
1600000US3763340|75|63|45|40|45|40|0|14|0|14|0|14|30|47|30|47|0|14
1600000US3763360|692|268|467|203|352|174|115|91|6|12|109|91|225|133|208|125|17|37
1600000US3763400|1878|160|1422|122|1118|163|304|106|13|21|291|107|456|137|423|137|33|41
1600000US3763470|1159|206|717|187|402|133|315|148|21|30|294|142|442|139|349|117|93|92
1600000US3763560|278|110|119|72|0|14|119|72|0|14|119|72|159|87|159|87|0|14
1600000US3763680|957|178|531|121|320|107|211|80|53|41|158|68|426|146|392|142|34|27
1600000US3763720|34|29|25|26|4|8|21|24|9|12|12|20|9|12|9|12|0|14
1600000US3763760|1370|159|823|155|517|149|306|113|147|98|159|85|547|171|432|170|115|84
1600000US3763780|0|14|0|14|0|14|0|14|0|14|0|14|0|14|0|14|0|14
1600000US3763880|1865|152|937|125|572|147|365|129|44|39|321|130|928|204|774|192|154|108
1600000US3763920|247|94|214|80|90|69|124|63|60|57|64|36|33|37|33|37|0|14
1600000US3764000|3698|350|2854|399|2621|379|233|161|0|21|233|161|844|270|581|220|263|168
1600000US3764050|449|115|308|98|200|57|108|81|64|75|44|39|141|51|141|51|0|14
1600000US3764160|659|111|313|88|218|84|95|43|40|30|55|32|346|92|330|88|16|20
1600000US3764180|4519|243|2836|182|1859|196|977|185|218|98|759|179|1683|247|1432|240|251|95
1600000US3764260|1111|207|598|130|445|119|153|67|42|33|111|60|513|141|496|137|17|26
1600000US3764380|158|42|115|35|81|31|34|22|15|13|19|16|43|23|32|19|11|11
1600000US3764420|6481|305|4881|267|4118|273|763|175|135|78|628|154|1600|342|1215|287|385|180
1600000US3764460|611|116|391|80|305|70|86|43|47|31|39|30|220|87|202|88|18|19
1600000US3764500|1545|143|1016|82|830|117|186|106|74|70|112|71|529|146|398|132|131|79
1600000US3764560|368|75|269|68|159|68|110|47|0|14|110|47|99|33|68|26|31|24
1600000US3764580|325|111|228|104|181|106|47|25|25|22|22|19|97|49|90|49|7|7
1600000US3764740|12286|578|7632|492|4276|427|3356|549|771|221|2585|470|4654|640|4142|598|512|174
1600000US3764840|586|115|434|95|359|92|75|30|24|20|51|22|152|60|141|59|11|12
1600000US3764940|427|117|347|115|237|89|110|62|23|23|87|55|80|34|68|30|12|19
1600000US3765020|102|58|51|39|34|34|17|19|0|14|17|19|51|44|51|44|0|14
1600000US3765040|2126|147|1861|163|1778|166|83|62|21|34|62|51|265|135|246|131|19|30
1600000US3765100|536|135|353|119|220|113|133|64|49|32|84|55|183|64|166|62|17|18
1600000US3765120|60|19|32|19|15|13|17|16|8|11|9|10|28|16|27|16|1|3
1600000US3765260|585|222|376|175|348|175|28|31|14|21|14|23|209|140|112|55|97|134
1600000US3765320|112|45|58|31|52|29|6|8|6|8|0|14|54|28|39|20|15|18
1600000US3765530|313|91|181|60|164|59|17|10|7|7|10|7|132|53|130|53|2|3
1600000US3765580|3795|196|3225|160|2764|161|461|149|118|54|343|135|570|189|448|178|122|98
1600000US3765700|67|46|56|42|56|42|0|14|0|14|0|14|11|18|11|18|0|14
1600000US3765900|2381|201|1482|153|1238|196|244|185|136|188|108|54|899|278|850|277|49|39
1600000US3766040|1784|179|1162|116|1045|130|117|65|10|16|107|64|622|193|564|193|58|48
1600000US3766280|1834|310|1384|270|1084|272|300|119|102|68|198|104|450|175|368|143|82|82
1600000US3766340|165|90|157|89|132|89|25|30|5|11|20|29|8|12|8|12|0|14
1600000US3766360|1667|182|1258|186|999|219|259|123|31|37|228|115|409|184|322|149|87|92
1600000US3766460|885|96|709|63|570|79|139|71|27|22|112|63|176|64|143|55|33|27
1600000US3766500|1028|180|403|97|243|88|160|62|57|39|103|49|625|191|440|160|185|134
1600000US3766520|1093|141|642|105|429|104|213|88|24|25|189|85|451|145|426|141|25|29
1600000US3766700|4830|302|2832|298|1868|259|964|256|138|105|826|247|1998|417|1791|405|207|113
1600000US3766740|43|26|13|16|11|15|2|9|0|14|2|9|30|23|18|13|12|18
1600000US3766960|922|197|402|111|301|107|101|57|18|24|83|51|520|153|483|150|37|26
1600000US3766980|349|95|190|66|107|38|83|48|13|16|70|44|159|65|148|64|11|10
1600000US3767000|196|63|107|45|59|26|48|37|24|34|24|18|89|44|83|42|6|10
1600000US3767420|11252|606|7283|501|4578|461|2705|491|738|240|1967|446|3969|630|3418|596|551|220
1600000US3767700|424|136|302|126|136|72|166|118|0|14|166|118|122|66|85|54|37|43
1600000US3767720|1036|101|743|66|561|85|182|83|68|61|114|58|293|95|248|95|45|29
1600000US3768040|220|52|133|39|126|40|7|7|2|4|5|5|87|31|63|27|24|19
1600000US3768320|165|65|92|59|37|31|55|56|10|20|45|52|73|40|53|33|20|25
1600000US3768340|1823|120|1353|115|1193|122|160|95|15|24|145|93|470|128|373|120|97|74
1600000US3768400|2707|265|1832|208|1274|265|558|164|315|148|243|105|875|261|752|246|123|79
1600000US3768500|1516|153|1072|90|886|115|186|93|48|46|138|78|444|180|356|158|88|74
1600000US3768520|1152|143|741|115|347|99|394|105|104|68|290|105|411|128|335|116|76|60
1600000US3768580|980|158|450|98|359|92|91|54|44|37|47|40|530|151|490|148|40|24
1600000US3768740|129|81|47|30|20|16|27|25|7|10|20|24|82|76|80|76|2|4
1600000US3769020|1396|182|1045|166|736|132|309|128|160|97|149|81|351|129|319|128|32|28
1600000US3769260|2509|248|1912|182|1563|203|349|146|80|76|269|125|597|219|489|198|108|67
1600000US3769520|2378|209|1277|139|984|140|293|116|18|24|275|114|1101|283|1023|275|78|49
1600000US3769600|115|66|42|54|42|54|0|14|0|14|0|14|73|58|36|40|37|43
1600000US3769640|1101|219|843|214|791|206|52|59|0|14|52|59|258|118|235|118|23|29
1600000US3769680|437|111|294|93|123|55|171|77|44|38|127|68|143|74|83|34|60|68
1600000US3769720|98|42|62|31|36|19|26|22|1|3|25|22|36|31|36|31|0|14
1600000US3769740|742|200|567|185|347|162|220|109|29|43|191|106|175|88|166|87|9|14
1600000US3769755|109|74|60|62|31|48|29|44|29|44|0|14|49|51|24|37|25|34
1600000US3769795|332|117|244|114|216|110|28|25|4|8|24|21|88|40|70|38|18|21
1600000US3769840|606|168|394|128|307|115|87|74|25|39|62|64|212|84|158|75|54|37
1600000US3770320|76|35|59|31|38|25|21|19|21|19|0|14|17|14|17|14|0|14
1600000US3770340|232|60|136|49|114|45|22|17|7|8|15|15|96|42|96|42|0|14
1600000US3770380|1996|263|1076|158|455|125|621|166|166|129|455|147|920|299|868|298|52|59
1600000US3770480|341|77|190|50|112|32|78|38|26|26|52|23|151|50|138|47|13|16
1600000US3770540|18403|748|14332|653|11536|722|2796|611|633|248|2163|579|4071|681|3243|535|828|389
1600000US3770580|66|41|30|27|24|25|6|11|0|14|6|11|36|36|20|23|16|25
1600000US3770660|2358|241|1688|162|1138|159|550|172|181|117|369|184|670|224|577|204|93|84
1600000US3770720|1697|249|867|163|496|178|371|170|76|84|295|166|830|317|564|263|266|122
1600000US3770740|1115|126|881|96|686|152|195|136|15|19|180|133|234|114|138|81|96|73
1600000US3770780|782|163|441|128|274|91|167|80|34|23|133|75|341|102|323|98|18|26
1600000US3770820|486|132|443|132|380|117|63|43|23|24|40|34|43|17|39|18|4|6
1600000US3770860|114|44|59|32|27|22|32|22|5|10|27|20|55|32|39|25|16|17
1600000US3770920|726|130|545|122|399|113|146|75|19|21|127|77|181|96|131|79|50|41
1600000US3771100|474|110|167|63|74|35|93|53|3|6|90|53|307|90|302|89|5|7
1600000US3771160|1329|166|644|142|306|118|338|143|82|79|256|141|685|181|396|172|289|134
1600000US3771220|4709|259|2779|223|1681|253|1098|237|170|127|928|219|1930|323|1767|307|163|73
1600000US3771240|216|60|131|55|116|55|15|12|2|5|13|12|85|32|68|33|17|12
1600000US3771320|98|44|86|42|68|34|18|19|1|2|17|19|12|12|8|6|4|11
1600000US3771440|65|47|56|46|56|46|0|14|0|14|0|14|9|14|9|14|0|14
1600000US3771460|6815|282|5785|284|4569|273|1216|270|382|206|834|188|1030|247|833|220|197|127
1600000US3771500|5035|250|2616|192|1844|226|772|215|229|111|543|195|2419|320|2043|331|376|122
1600000US3771560|2003|200|1293|248|1134|276|159|86|16|25|143|74|710|234|555|186|155|123
1600000US3771600|171|51|114|45|81|36|33|24|10|14|23|19|57|26|45|25|12|9
1600000US3771680|4417|217|4084|196|3797|248|287|121|21|21|266|119|333|144|288|134|45|38
1600000US3771760|1379|227|896|171|722|156|174|114|58|67|116|86|483|194|448|196|35|39
1600000US3771780|595|125|425|99|149|51|276|84|37|29|239|76|170|68|116|46|54|47
1600000US3771860|4957|511|3470|386|2574|374|896|280|162|174|734|280|1487|482|1179|442|308|150
1600000US3771900|1066|116|694|95|554|93|140|66|71|50|69|37|372|130|326|127|46|34
1600000US3771940|3063|213|2667|167|2293|227|374|158|220|141|154|80|396|143|359|137|37|41
1600000US3772150|630|152|342|107|219|65|123|90|12|13|111|90|288|118|269|119|19|18
1600000US3772540|553|121|287|100|248|95|39|29|1|7|38|28|266|80|229|66|37|37
1600000US3772600|542|131|290|103|145|67|145|88|0|14|145|88|252|108|252|108|0|14
1600000US3772755|2198|290|1788|244|1564|244|224|161|0|19|224|161|410|182|354|164|56|48
1600000US3773140|1797|143|1456|112|1335|124|121|79|23|34|98|72|341|158|269|139|72|72
1600000US3773160|243|81|128|59|45|30|83|54|16|19|67|49|115|45|113|45|2|4
1600000US3773300|407|101|280|79|253|77|27|17|13|13|14|11|127|48|106|46|21|15
1600000US3773320|38|35|38|35|38|35|0|14|0|14|0|14|0|14|0|14|0|14
1600000US3773460|418|136|222|93|207|86|15|22|0|14|15|22|196|102|175|95|21|35
1600000US3773660|1812|236|921|150|464|142|457|154|102|78|355|129|891|266|819|255|72|57
1600000US3773760|242|64|175|55|142|51|33|24|8|9|25|24|67|29|54|28|13|11
1600000US3773780|0|14|0|14|0|14|0|14|0|14|0|14|0|14|0|14|0|14
1600000US3774020|1670|202|911|137|546|145|365|143|81|78|284|130|759|206|748|209|11|17
1600000US3774220|2364|225|1319|190|757|228|562|145|59|66|503|141|1045|266|931|248|114|73
1600000US3774440|56612|1109|26363|899|18738|814|7625|766|1712|413|5913|734|30249|1492|22086|1287|8163|985
1600000US3774540|20403|441|12169|529|7805|551|4364|506|1127|316|3237|504|8234|627|7063|634|1171|292
1600000US3774580|808|164|548|106|394|117|154|72|15|17|139|72|260|155|196|138|64|72
1600000US3774680|770|113|470|71|296|75|174|69|3|6|171|68|300|131|278|124|22|22
1600000US3774720|301|113|256|112|167|97|89|51|7|10|82|51|45|29|45|29|0|14
1600000US3774760|1033|212|578|108|404|99|174|97|76|58|98|77|455|221|400|188|55|45
1600000US3775000|103058|1139|60010|1503|38422|1527|21588|1356|4498|644|17090|1211|43048|1554|36673|1430|6375|687
1600000US3775060|4524|297|3281|311|2111|289|1170|412|306|147|864|407|1243|299|1039|288|204|119
1600000US3775080|247|47|131|38|73|25|58|28|8|12|50|25|116|32|95|28|21|15
1600000US3775280|2977|269|1650|210|1260|230|390|124|121|71|269|95|1327|256|930|229|397|148
1600000US3775340|217|62|142|59|90|42|52|37|17|15|35|32|75|32|75|32|0|14
1600000US3775375|533|162|421|165|404|162|17|27|0|14|17|27|112|74|112|74|0|14
1600000US3775780|2519|349|1645|280|1147|293|498|174|78|68|420|162|874|240|674|239|200|115
1600000US3775820|1306|223|806|145|732|144|74|46|35|32|39|33|500|207|435|198|65|44
1600000US3775880|196|111|88|96|17|26|71|93|57|91|14|16|108|64|74|57|34|43
1600000US3775960|1022|114|593|75|394|77|199|87|68|60|131|59|429|119|420|117|9|13
1600000US3776000|894|195|411|166|204|125|207|104|23|21|184|103|483|163|476|165|7|12
1600000US3776200|1013|241|733|204|529|163|204|121|49|53|155|114|280|97|235|97|45|34
1600000US3776220|3252|233|2229|242|1463|329|766|244|130|98|636|241|1023|274|747|263|276|164
1600000US4500100|1954|203|1148|180|671|174|477|159|81|100|396|132|806|233|721|207|85|89
1600000US4500165|54|73|54|73|5|8|49|73|0|14|49|73|0|14|0|14|0|14
1600000US4500370|214|115|136|98|116|91|20|32|0|14|20|32|78|63|52|51|26|39
1600000US4500550|13275|603|7669|424|5765|432|1904|298|365|154|1539|298|5606|588|4442|538|1164|371
1600000US4500775|135|68|111|66|45|30|66|62|14|23|52|54|24|21|24|21|0|14
1600000US4500955|1256|174|662|166|346|121|316|159|87|68|229|137|594|147|407|122|187|97
1600000US4501360|12584|545|6852|429|4028|385|2824|432|720|270|2104|333|5732|669|4827|634|905|255
1600000US4501450|1213|269|1056|266|591|237|465|214|206|184|259|112|157|74|148|73|9|12
1600000US4501810|79|43|70|42|31|42|39|32|16|24|23|22|9|13|0|14|9|13
1600000US4502080|1165|227|703|201|265|112|438|192|92|76|346|168|462|169|325|159|137|102
1600000US4502125|419|89|301|83|278|82|23|14|4|6|19|13|118|41|114|40|4|7
1600000US4502440|894|214|561|204|388|164|173|91|53|48|120|81|333|132|253|106|80|67
1600000US4502530|978|174|650|156|261|149|389|98|120|88|269|85|328|114|244|87|84|74
1600000US4502665|1197|342|315|216|20|36|295|219|186|208|109|63|882|318|279|173|603|273
1600000US4503115|44|35|6|10|6|10|0|14|0|14|0|14|38|34|38|34|0|14
1600000US4503205|116|47|44|28|28|25|16|10|2|4|14|10|72|35|59|33|13|12
1600000US4503385|746|199|543|159|414|141|129|86|33|34|96|80|203|76|187|75|16|19
1600000US4503430|457|105|321|92|250|76|71|35|19|17|52|30|136|52|99|41|37|29
1600000US4503790|1129|149|573|128|307|121|266|102|25|31|241|101|556|181|453|173|103|88
1600000US4504060|1789|204|1102|163|642|158|460|155|98|98|362|135|687|192|670|190|17|32
1600000US4504300|2077|182|1350|153|912|191|438|144|70|50|368|140|727|213|683|198|44|48
1600000US4504528|1677|393|1383|385|1257|389|126|96|16|25|110|93|294|140|278|144|16|25
1600000US4504690|5348|442|3185|285|2172|340|1013|320|139|106|874|303|2163|439|1798|418|365|187
1600000US4504915|645|177|360|153|162|86|198|147|108|142|90|61|285|122|260|126|25|29
1600000US4505365|1544|299|1002|147|548|115|454|144|72|77|382|121|542|207|462|180|80|71
1600000US4505410|2221|363|1577|340|782|223|795|288|336|213|459|192|644|171|567|167|77|58
1600000US4505545|1241|253|545|148|258|73|287|139|55|40|232|139|696|241|565|243|131|106
1600000US4505680|2830|277|1342|186|707|146|635|172|109|109|526|137|1488|309|1408|314|80|56
1600000US4505770|6355|474|4103|401|2502|302|1601|327|454|166|1147|269|2252|380|2010|374|242|105
1600000US4506040|204|83|124|66|64|31|60|60|13|16|47|55|80|44|75|45|5|7
1600000US4506310|1179|138|670|97|287|83|383|83|61|45|322|88|509|144|482|141|27|31
1600000US4506400|785|187|440|130|183|80|257|102|56|36|201|95|345|124|296|124|49|39
1600000US4506490|728|158|388|120|170|81|218|88|55|39|163|77|340|113|337|113|3|5
1600000US4506850|40|29|20|20|16|17|4|9|0|14|4|9|20|21|11|13|9|15
1600000US4507210|12987|517|10137|518|8789|653|1348|417|275|166|1073|369|2850|531|2092|437|758|351
1600000US4507255|2274|310|1686|202|1443|206|243|144|54|43|189|140|588|376|565|377|23|34
1600000US4507345|4924|585|3659|558|2831|567|828|296|69|81|759|286|1265|353|1076|353|189|110
1600000US4507525|215|70|167|58|118|44|49|36|21|24|28|27|48|30|44|29|4|8
1600000US4507535|783|152|449|130|409|125|40|32|0|14|40|32|334|123|301|128|33|31
1600000US4507840|302|90|168|62|50|25|118|56|44|37|74|45|134|72|131|71|3|5
1600000US4508110|49|36|39|36|39|36|0|14|0|14|0|14|10|13|6|11|4|7
1600000US4508155|78|39|11|12|8|11|3|5|0|14|3|5|67|38|67|38|0|14
1600000US4508245|412|141|282|112|182|98|100|51|26|33|74|36|130|81|108|76|22|20
1600000US4508830|186|43|134|38|120|34|14|10|11|9|3|5|52|24|39|19|13|12
1600000US4509527|1549|275|873|244|460|172|413|213|16|24|397|212|676|234|515|197|161|153
1600000US4509782|61|57|24|31|0|14|24|31|0|14|24|31|37|46|37|46|0|14
1600000US4509865|183|62|95|52|49|31|46|34|0|14|46|34|88|39|70|36|18|19
1600000US4510000|265|122|137|83|10|17|127|88|13|21|114|86|128|86|99|87|29|34
1600000US4510090|531|174|263|79|68|44|195|80|5|10|190|81|268|154|268|154|0|14
1600000US4510135|105|60|70|52|55|47|15|23|15|23|0|14|35|33|22|25|13|23
1600000US4510270|1081|152|855|117|570|122|285|130|89|69|196|118|226|102|150|85|76|76
1600000US4510360|2874|423|1798|371|1282|304|516|226|135|102|381|201|1076|297|900|262|176|134
1600000US4510585|6|9|6|9|6|9|0|14|0|14|0|14|0|14|0|14|0|14
1600000US4510720|905|185|510|146|286|79|224|120|41|34|183|120|395|126|358|116|37|36
1600000US4510855|3656|298|2068|241|1558|234|510|225|51|52|459|217|1588|328|1439|321|149|96
1600000US4510900|169|71|103|53|100|53|3|4|0|14|3|4|66|40|64|40|2|4
1600000US4511035|604|138|426|131|176|82|250|128|37|36|213|129|178|77|141|69|37|44
1600000US4511125|270|80|198|72|146|41|52|49|3|5|49|49|72|34|55|29|17|16
1600000US4511350|531|180|338|140|305|142|33|43|0|14|33|43|193|131|193|131|0|14
1600000US4511620|1962|343|1040|264|403|187|637|226|169|133|468|207|922|316|688|306|234|185
1600000US4511755|164|69|113|56|79|46|34|26|21|25|13|12|51|26|51|26|0|14
1600000US4511833|10113|693|7080|585|5318|610|1762|510|394|187|1368|477|3033|403|2455|387|578|213
1600000US4512205|228|107|228|107|72|47|156|91|0|14|156|91|0|14|0|14|0|14
1600000US4512430|450|191|363|175|138|78|225|160|97|114|128|117|87|69|87|69|0|14
1600000US4512520|287|170|237|173|209|162|28|31|4|6|24|30|50|26|50|26|0|14
1600000US4512655|6556|360|3205|281|2040|292|1165|275|513|259|652|176|3351|454|2435|380|916|249
1600000US4512925|103|61|42|30|38|29|4|6|0|14|4|6|61|50|61|50|0|14
1600000US4512965|3101|364|1828|272|1356|268|472|179|153|92|319|162|1273|348|1090|339|183|123
1600000US4513015|1942|156|884|129|672|123|212|115|55|44|157|100|1058|208|394|149|664|183
1600000US4513060|88|32|51|25|33|21|18|13|5|8|13|11|37|21|37|21|0|14
1600000US4513150|579|90|378|69|259|51|119|44|25|21|94|36|201|59|176|54|25|21
1600000US4513330|68027|1349|35318|979|27550|1003|7768|736|1953|427|5815|654|32709|1471|23549|1330|9160|900
1600000US4513600|2245|206|1045|166|574|167|471|164|7|12|464|164|1200|256|1141|259|59|47
1600000US4513735|12|14|9|12|9|12|0|14|0|14|0|14|3|9|0|14|3|9
1600000US4514018|1101|319|449|231|159|92|290|220|8|16|282|220|652|230|412|197|240|170
1600000US4514050|350|62|179|51|92|35|87|38|20|19|67|34|171|49|119|36|52|33
1600000US4514095|2115|251|1304|147|723|162|581|160|122|59|459|157|811|235|787|227|24|33
1600000US4514140|591|104|371|88|205|61|166|75|17|26|149|70|220|65|209|61|11|12
1600000US4514230|312|82|208|76|208|76|0|14|0|14|0|14|104|48|92|45|12|18
1600000US4514455|303|104|188|75|89|70|99|76|46|45|53|51|115|86|95|79|20|32
1600000US4514590|81|38|43|22|38|22|5|8|0|14|5|8|38|33|35|29|3|17
1600000US4514860|1416|220|1079|207|591|151|488|202|99|113|389|168|337|136|254|119|83|70
1600000US4514950|7868|413|2598|277|2104|255|494|196|208|108|286|154|5270|426|2715|396|2555|366
1600000US4515040|25|34|0|20|0|20|0|20|0|20|0|20|25|34|0|20|25|34
1600000US4515220|232|206|200|204|54|50|146|207|121|202|25|39|32|25|22|20|10|16
1600000US4515295|2472|301|1367|223|639|152|728|210|131|81|597|199|1105|342|913|329|192|152
1600000US4515310|333|88|207|75|142|69|65|46|20|25|45|37|126|52|103|45|23|26
1600000US4515355|2713|210|1893|152|1067|181|826|184|383|176|443|135|820|243|707|202|113|97
1600000US4515625|114|95|77|89|6|10|71|88|0|14|71|88|37|39|37|39|0|14
1600000US4516000|53076|1243|24882|826|15286|726|9596|660|1663|318|7933|571|28194|1418|20942|1412|7252|756
1600000US4516180|331|152|246|142|190|127|56|65|56|65|0|14|85|82|85|82|0|14
1600000US4516360|201|87|85|50|47|39|38|41|16|19|22|37|116|76|90|63|26|42
1600000US4516405|8762|475|5287|360|3627|330|1660|259|295|147|1365|272|3475|606|2876|538|599|176
1600000US4516675|30|35|11|20|0|14|11|20|0|14|11|20|19|29|19|29|0|14
1600000US4516720|12|18|2|7|2|7|0|14|0|14|0|14|10|16|10|16|0|14
1600000US4516855|51|24|27|17|18|14|9|9|5|7|4|5|24|17|18|15|6|9
1600000US4516945|37|47|0|14|0|14|0|14|0|14|0|14|37|47|37|47|0|14
1600000US4516990|407|92|333|83|259|77|74|41|24|27|50|34|74|30|62|25|12|22
1600000US4517215|333|97|219|87|129|52|90|75|19|25|71|72|114|53|114|53|0|14
1600000US4517260|855|184|545|188|422|176|123|61|45|35|78|56|310|106|299|105|11|12
1600000US4517845|62|54|38|44|38|44|0|14|0|14|0|14|24|41|24|41|0|14
1600000US4517890|244|62|163|54|95|44|68|39|4|4|64|39|81|37|81|37|0|14
1600000US4518250|88|40|63|40|34|28|29|29|25|28|4|6|25|23|25|23|0|14
1600000US4518340|150|75|133|81|106|76|27|30|15|24|12|18|17|25|17|25|0|14
1600000US4518430|1192|344|726|299|402|222|324|168|59|55|265|155|466|244|348|220|118|106
1600000US4518475|132|52|122|51|99|52|23|26|10|16|13|20|10|15|10|15|0|14
1600000US4518565|2624|253|1379|175|741|177|638|132|85|71|553|147|1245|280|1122|277|123|63
1600000US4518610|357|211|343|211|310|211|33|25|17|21|16|16|14|12|14|12|0|14
1600000US4518706|124|82|60|42|49|36|11|17|11|17|0|14|64|67|64|67|0|14
1600000US4518810|300|80|300|80|294|79|6|9|0|14|6|9|0|14|0|14|0|14
1600000US4519105|829|148|377|88|188|80|189|66|36|35|153|67|452|129|421|135|31|42
1600000US4519285|6697|792|3375|562|1797|437|1578|367|226|128|1352|326|3322|621|3054|625|268|120
1600000US4519420|2512|185|1725|188|953|222|772|165|72|82|700|142|787|222|735|209|52|67
1600000US4519870|140|53|89|43|50|30|39|28|4|7|35|27|51|26|48|26|3|6
1600000US4520365|363|121|224|102|89|59|135|95|41|56|94|74|139|91|115|84|24|36
1600000US4520590|463|175|187|117|95|74|92|89|20|34|72|83|276|148|186|130|90|90
1600000US4521040|256|74|145|47|114|44|31|17|2|3|29|17|111|57|107|56|4|7
1600000US4521130|83|66|83|66|80|62|3|19|3|19|0|14|0|14|0|14|0|14
1600000US4521265|1868|254|1070|166|666|243|404|198|87|84|317|188|798|315|731|303|67|74
1600000US4521310|1598|139|787|104|482|108|305|86|55|52|250|86|811|135|544|117|267|97
1600000US4521985|10949|452|6865|395|5234|451|1631|307|417|162|1214|267|4084|615|3527|597|557|174
1600000US4522050|1577|243|1034|246|845|223|189|150|65|100|124|115|543|143|486|135|57|58
1600000US4522075|1364|297|594|173|375|137|219|122|87|66|132|99|770|279|753|280|17|30
1600000US4522390|284|97|111|44|23|24|88|38|11|14|77|37|173|92|170|92|3|5
1600000US4522547|537|229|237|112|110|68|127|97|39|62|88|66|300|190|284|181|16|26
1600000US4522795|998|135|703|99|447|119|256|93|13|19|243|89|295|112|285|111|10|15
1600000US4522997|727|166|534|148|227|121|307|139|72|80|235|109|193|92|193|92|0|14
1600000US4523020|613|97|392|84|383|84|9|11|1|4|8|9|221|59|205|57|16|15
1600000US4523110|519|148|249|83|148|83|101|67|0|14|101|67|270|131|237|118|33|51
1600000US4523200|194|77|111|61|100|61|11|12|2|3|9|13|83|39|83|39|0|14
1600000US4523245|716|134|535|102|427|95|108|59|24|22|84|48|181|70|143|59|38|32
1600000US4523290|913|223|747|225|536|188|211|131|63|60|148|121|166|93|166|93|0|14
1600000US4523335|86|37|66|34|40|25|26|23|3|5|23|22|20|15|20|15|0|14
1600000US4523425|140|73|62|47|39|41|23|27|0|14|23|27|78|59|78|59|0|14
1600000US4523470|452|185|298|151|227|145|71|45|0|14|71|45|154|86|145|85|9|10
1600000US4523605|184|72|98|52|77|47|21|25|0|14|21|25|86|69|56|50|30|50
1600000US4523830|696|169|434|127|164|92|270|91|27|48|243|84|262|99|233|90|29|52
1600000US4524020|722|225|519|179|223|76|296|175|72|67|224|151|203|121|166|104|37|54
1600000US4524100|160|69|104|55|58|32|46|45|20|26|26|38|56|37|45|32|11|15
1600000US4524370|895|180|556|160|270|103|286|106|38|40|248|96|339|93|326|91|13|20
1600000US4524505|689|236|460|241|172|89|288|238|48|52|240|224|229|111|124|79|105|76
1600000US4524730|376|155|297|141|257|130|40|64|0|14|40|64|79|72|79|72|0|14
1600000US4524865|164|81|155|82|106|78|49|33|32|36|17|16|9|8|9|8|0|14
1600000US4525360|94|80|43|33|43|33|0|14|0|14|0|14|51|77|51|77|0|14
1600000US4525405|123|96|63|70|20|33|43|61|0|14|43|61|60|64|60|64|0|14
1600000US4525540|6492|599|5356|554|4736|456|620|305|94|110|526|327|1136|320|1000|305|136|140
1600000US4525810|16413|593|10138|514|6341|503|3797|523|792|225|3005|518|6275|654|5611|651|664|185
1600000US4525945|123|61|59|54|59|54|0|14|0|14|0|14|64|53|42|39|22|37
1600000US4526035|619|138|437|127|437|127|0|14|0|14|0|14|182|81|160|77|22|26
1600000US4526305|4972|275|2598|179|1907|160|691|162|210|97|481|139|2374|323|2057|332|317|130
1600000US4526372|2978|502|2250|473|1509|286|741|402|50|64|691|387|728|215|580|188|148|124
1600000US4526485|2|8|2|8|2|8|0|14|0|14|0|14|0|14|0|14|0|14
1600000US4526845|427|107|340|107|209|89|131|69|4|6|127|67|87|36|66|31|21|21
1600000US4526890|11139|485|8644|384|7024|391|1620|314|590|194|1030|255|2495|578|2123|546|372|158
1600000US4527070|4570|308|3374|223|2277|251|1097|264|259|199|838|232|1196|345|931|333|265|120
1600000US4527565|442|117|282|53|277|53|5|7|0|14|5|7|160|94|159|93|1|2
1600000US4527835|211|96|159|92|88|73|71|57|25|35|46|40|52|26|44|20|8|14
1600000US4527970|536|137|322|112|148|78|174|93|101|63|73|68|214|108|208|109|6|10
1600000US4528060|4635|277|2466|210|1216|189|1250|200|293|140|957|158|2169|290|1882|300|287|107
1600000US4528375|5384|505|3863|512|2111|439|1752|377|431|195|1321|342|1521|270|1359|260|162|104
1600000US4528455|6023|412|2800|285|2248|245|552|149|96|67|456|149|3223|408|2674|356|549|212
1600000US4528780|806|167|476|117|252|83|224|92|126|79|98|51|330|109|261|107|69|38
1600000US4528825|479|158|231|104|95|67|136|99|28|24|108|95|248|136|192|123|56|60
1600000US4528870|3532|349|2181|264|1481|256|700|170|72|64|628|164|1351|346|1227|316|124|77
1600000US4529005|108|45|56|36|23|25|33|25|7|8|26|23|52|34|52|34|0|14
1600000US4529050|265|62|192|49|159|47|33|22|17|19|16|11|73|41|64|39|9|9
1600000US4529140|95|117|72|87|72|87|0|14|0|14|0|14|23|75|23|75|0|14
1600000US4529275|71|43|39|29|30|26|9|15|9|15|0|14|32|32|32|32|0|14
1600000US4529320|63|57|63|57|63|57|0|14|0|14|0|14|0|14|0|14|0|14
1600000US4529410|978|289|697|283|218|107|479|263|0|14|479|263|281|121|257|124|24|25
1600000US4529635|1479|483|881|291|504|195|377|253|0|14|377|253|598|427|576|423|22|35
1600000US4529815|17780|493|12628|606|9431|580|3197|613|630|214|2567|592|5152|669|3886|559|1266|327
1600000US4529950|16|11|13|8|8|8|5|6|0|14|5|6|3|9|3|9|0|14
1600000US4530220|55|66|39|60|39|60|0|14|0|14|0|14|16|29|16|29|0|14
1600000US4530265|773|160|419|120|206|100|213|84|52|62|161|51|354|142|281|131|73|69
1600000US4530355|282|64|169|54|110|41|59|30|19|19|40|24|113|49|100|47|13|14
1600000US4530490|786|112|418|112|251|82|167|81|32|27|135|79|368|111|343|112|25|18
1600000US4530535|159|51|91|42|65|35|26|24|7|12|19|19|68|28|62|29|6|7
1600000US4530760|71|73|0|14|0|14|0|14|0|14|0|14|71|73|71|73|0|14
1600000US4530850|35482|819|16483|686|11892|553|4591|531|838|305|3753|478|18999|1091|15257|995|3742|491
1600000US4530895|8866|439|4286|377|1827|263|2459|375|736|245|1723|339|4580|509|4006|500|574|171
1600000US4530985|16285|534|10952|535|8012|535|2940|528|860|359|2080|412|5333|654|4505|587|828|254
1600000US4531210|99|62|93|61|47|44|46|54|0|14|46|54|6|10|6|10|0|14
1600000US4531660|450|185|229|127|157|108|72|76|39|53|33|52|221|143|183|121|38|92
1600000US4531885|1244|168|710|126|457|153|253|87|7|12|246|87|534|165|413|148|121|71
1600000US4532065|8009|425|5518|275|4037|413|1481|369|609|314|872|233|2491|383|1857|345|634|151
1600000US4532172|143|77|114|77|109|76|5|9|5|9|0|14|29|20|23|19|6|7
1600000US4532245|5238|334|3704|286|3131|321|573|244|125|86|448|231|1534|345|1291|314|243|147
1600000US4532335|259|71|150|53|106|42|44|27|11|16|33|26|109|51|98|48|11|12
1600000US4532560|2982|283|1671|173|782|162|889|200|189|119|700|160|1311|306|1150|280|161|95
1600000US4532965|383|131|304|127|132|56|172|103|61|67|111|66|79|37|58|29|21|20
1600000US4533100|375|142|206|117|131|97|75|67|13|26|62|64|169|110|153|106|16|28
1600000US4533145|254|79|167|57|126|48|41|28|9|10|32|26|87|48|83|47|4|5
1600000US4533640|189|46|141|39|114|35|27|17|3|4|24|17|48|26|43|23|5|7
1600000US4533820|211|80|123|51|75|43|48|28|28|24|20|14|88|58|75|57|13|17
1600000US4533977|926|172|527|177|256|123|271|131|28|32|243|129|399|92|339|90|60|57
1600000US4534045|18326|574|11607|463|9899|540|1708|299|412|167|1296|257|6719|609|5491|578|1228|404
1600000US4534225|53|20|38|16|26|13|12|12|6|11|6|6|15|14|8|10|7|11
1600000US4534360|503|113|285|81|184|57|101|62|4|6|97|62|218|77|207|76|11|17
1600000US4534495|2309|272|1575|199|1169|224|406|175|105|90|301|165|734|290|680|270|54|79
1600000US4534720|2741|384|1777|426|985|412|792|243|80|97|712|226|964|299|875|292|89|76
1600000US4534765|852|278|712|285|408|245|304|219|178|204|126|100|140|110|140|110|0|14
1600000US4534810|1434|171|983|107|627|160|356|125|13|20|343|124|451|161|412|161|39|43
1600000US4534990|859|203|430|93|239|84|191|97|39|50|152|85|429|211|304|195|125|102
1600000US4535635|1626|278|1228|274|1035|254|193|132|33|48|160|124|398|119|312|112|86|65
1600000US4535755|1337|133|835|100|603|144|232|110|80|73|152|80|502|184|438|167|64|53
1600000US4535800|281|115|145|66|72|55|73|54|21|37|52|40|136|95|136|95|0|14
1600000US4535890|4632|288|3292|294|2193|293|1099|283|263|195|836|227|1340|257|1038|251|302|168
1600000US4535980|653|176|435|167|188|121|247|154|80|122|167|137|218|115|180|108|38|43
1600000US4536070|37|31|14|18|6|8|8|15|0|14|8|15|23|28|23|28|0|14
1600000US4536115|2043|149|1425|101|1337|116|88|63|39|42|49|48|618|205|595|203|23|20
1600000US4536160|394|128|232|98|146|81|86|63|27|35|59|49|162|71|149|68|13|13
1600000US4536205|1026|321|599|261|491|257|108|81|76|75|32|31|427|196|388|188|39|28
1600000US4536250|133|63|96|61|80|59|16|23|13|22|3|5|37|26|37|26|0|14
1600000US4536430|4666|251|3382|232|2989|259|393|152|86|74|307|136|1284|285|983|271|301|119
1600000US4536475|33|31|32|31|22|26|10|16|0|14|10|16|1|2|1|2|0|14
1600000US4536610|293|83|218|68|133|46|85|46|7|7|78|44|75|37|54|31|21|26
1600000US4536655|23|17|15|15|6|6|9|14|0|14|9|14|8|7|6|7|2|3
1600000US4536790|642|126|314|95|202|105|112|73|17|27|95|66|328|108|223|80|105|90
1600000US4537105|469|104|349|89|253|79|96|46|18|14|78|47|120|55|109|50|11|19
1600000US4537150|1002|209|486|143|218|95|268|127|80|66|188|102|516|156|467|153|49|36
1600000US4537330|463|148|332|126|184|118|148|71|51|39|97|56|131|51|126|51|5|7
1600000US4537465|986|165|623|127|247|125|376|111|51|62|325|117|363|128|252|108|111|75
1600000US4538058|1404|175|1142|185|976|168|166|76|30|45|136|56|262|76|237|78|25|25
1600000US4538095|805|137|590|104|368|78|222|87|90|51|132|62|215|71|202|69|13|16
1600000US4538110|19|21|7|17|7|17|0|14|0|14|0|14|12|19|0|14|12|19
1600000US4538162|1211|150|1037|146|1037|146|0|14|0|14|0|14|174|56|156|53|18|16
1600000US4538590|1297|147|797|123|341|135|456|132|114|72|342|117|500|196|469|201|31|43
1600000US4538950|56|33|41|29|18|14|23|24|3|6|20|22|15|16|15|16|0|14
1600000US4539220|5777|524|3423|511|2206|387|1217|337|593|296|624|219|2354|503|1659|448|695|254
1600000US4539265|182|136|182|136|182|136|0|14|0|14|0|14|0|14|0|14|0|14
1600000US4539310|2612|323|1133|151|451|149|682|160|183|106|499|155|1479|382|1304|375|175|127
1600000US4539475|2812|344|2005|267|1792|283|213|130|121|112|92|65|807|277|640|241|167|139
1600000US4539512|623|171|335|99|252|80|83|66|26|24|57|64|288|135|269|133|19|23
1600000US4539715|346|97|142|53|77|32|65|38|0|14|65|38|204|87|203|87|1|4
1600000US4539772|1514|321|1041|241|748|187|293|182|141|150|152|106|473|269|461|269|12|20
1600000US4539785|5841|494|4636|425|3605|421|1031|265|375|184|656|229|1205|270|996|256|209|127
1600000US4539805|450|124|341|117|199|100|142|61|27|26|115|54|109|43|109|43|0|14
1600000US4539895|3646|313|2066|237|1119|234|947|245|131|88|816|220|1580|354|1537|353|43|33
1600000US4540075|1267|148|649|73|500|78|149|57|27|33|122|55|618|168|598|167|20|23
1600000US4540210|210|66|133|53|87|51|46|25|18|14|28|22|77|34|74|34|3|4
1600000US4540390|575|145|367|118|245|97|122|78|0|14|122|78|208|87|175|88|33|31
1600000US4540480|611|136|288|113|200|97|88|43|3|5|85|43|323|101|304|96|19|24
1600000US4540525|1947|378|1660|380|1070|192|590|322|135|86|455|296|287|132|238|115|49|48
1600000US4540615|3925|323|2355|237|1443|242|912|218|129|93|783|218|1570|384|1461|384|109|83
1600000US4541065|1161|250|879|252|585|206|294|183|59|59|235|169|282|131|250|136|32|34
1600000US4541335|9778|401|6728|300|5284|282|1444|245|512|186|932|218|3050|464|2681|433|369|151
1600000US4541380|1332|171|867|108|615|140|252|111|30|36|222|101|465|183|449|177|16|21
1600000US4541740|491|149|212|81|106|47|106|70|44|46|62|46|279|115|248|113|31|47
1600000US4541830|4468|405|2855|323|2379|266|476|247|136|93|340|221|1613|346|1501|338|112|65
1600000US4541965|123|48|103|42|75|34|28|27|9|11|19|22|20|17|20|17|0|14
1600000US4542010|5886|430|3369|331|2871|320|498|177|139|84|359|171|2517|425|2267|434|250|108
1600000US4542055|176|84|85|56|39|42|46|43|0|14|46|43|91|64|91|64|0|14
1600000US4542095|22|26|0|14|0|14|0|14|0|14|0|14|22|26|22|26|0|14
1600000US4542100|54|22|38|21|32|17|6|9|4|8|2|3|16|10|12|7|4|7
1600000US4542145|20|26|20|26|14|23|6|11|0|14|6|11|0|14|0|14|0|14
1600000US4542190|168|58|113|49|83|42|30|22|13|15|17|14|55|25|55|25|0|14
1600000US4542280|56|41|21|19|14|17|7|8|0|14|7|8|35|36|33|36|2|4
1600000US4542460|0|14|0|14|0|14|0|14|0|14|0|14|0|14|0|14|0|14
1600000US4542730|1161|171|698|116|401|87|297|112|29|29|268|118|463|184|426|185|37|37
1600000US4542820|108|59|67|45|43|41|24|19|0|14|24|19|41|30|38|30|3|5
1600000US4542865|97|37|63|29|47|26|16|12|9|9|7|9|34|22|34|22|0|14
1600000US4543000|3771|269|2816|250|2154|230|662|182|177|127|485|150|955|201|752|157|203|99
1600000US4543090|93|56|85|54|66|54|19|18|0|14|19|18|8|14|8|14|0|14
1600000US4543135|158|124|19|23|9|15|10|17|0|14|10|17|139|120|139|120|0|14
1600000US4543315|2372|195|1842|149|1397|170|445|149|120|99|325|127|530|189|436|154|94|114
1600000US4543360|169|81|111|77|76|74|35|22|11|16|24|15|58|36|56|36|2|3
1600000US4543495|365|104|192|60|98|46|94|41|39|31|55|31|173|87|164|88|9|12
1600000US4543585|286|75|191|68|180|65|11|15|2|3|9|15|95|41|83|39|12|13
1600000US4543630|776|147|423|105|186|69|237|84|93|60|144|57|353|108|304|113|49|46
1600000US4543675|126|40|87|31|69|23|18|18|8|10|10|11|39|30|39|30|0|14
1600000US4543720|698|166|367|101|169|77|198|59|23|21|175|53|331|119|305|115|26|29
1600000US4544350|1887|239|945|175|603|171|342|102|68|59|274|93|942|241|906|241|36|38
1600000US4544395|309|144|144|86|70|58|74|65|15|20|59|61|165|125|165|125|0|14
1600000US4544575|2520|338|1316|228|509|156|807|223|158|111|649|241|1204|377|1173|378|31|50
1600000US4545115|11656|462|7772|464|5812|571|1960|466|519|250|1441|452|3884|558|3280|529|604|221
1600000US4545295|264|77|219|73|107|57|112|63|4|7|108|63|45|30|45|30|0|14
1600000US4545430|908|248|669|262|458|162|211|190|124|184|87|73|239|118|171|114|68|74
1600000US4545790|615|168|387|121|370|120|17|13|5|7|12|10|228|115|204|111|24|20
1600000US4547050|183|66|114|51|44|24|70|45|6|9|64|42|69|48|45|39|24|25
1600000US4547200|732|135|511|148|249|80|262|128|116|92|146|81|221|103|220|103|1|3
1600000US4547275|5194|321|3915|248|2957|304|958|317|175|103|783|312|1279|330|1022|316|257|129
1600000US4547320|121|58|67|51|51|37|16|28|0|14|16|28|54|28|53|28|1|2
1600000US4548310|113|77|108|77|108|77|0|14|0|14|0|14|5|10|5|10|0|14
1600000US4548355|65|35|44|26|37|21|7|10|2|3|5|9|21|24|14|16|7|14
1600000US4548535|39884|962|25477|807|22410|891|3067|565|970|316|2097|425|14407|1265|12029|1253|2378|396
1600000US4548670|96|67|25|35|25|35|0|14|0|14|0|14|71|62|71|62|0|14
1600000US4548737|124|79|38|46|7|10|31|45|31|45|0|14|86|67|77|65|9|14
1600000US4548805|1697|290|891|173|229|96|662|155|17|20|645|152|806|275|756|278|50|43
1600000US4548900|419|128|324|128|219|117|105|60|12|19|93|56|95|55|95|55|0|14
1600000US4548985|4605|384|3248|353|2819|347|429|204|27|22|402|205|1357|275|1151|240|206|98
1600000US4549075|17623|665|10223|522|7619|524|2604|439|470|216|2134|392|7400|680|6146|667|1254|288
1600000US4549390|202|78|137|74|90|61|47|36|11|12|36|32|65|26|59|26|6|6
1600000US4549570|3938|284|2357|220|1160|194|1197|209|263|164|934|213|1581|315|1333|289|248|150
1600000US4549705|1035|204|708|141|295|85|413|133|120|89|293|113|327|135|288|129|39|41
1600000US4549885|1746|249|1356|269|1153|235|203|126|100|95|103|83|390|152|356|146|34|43
1600000US4549975|226|139|177|120|177|120|0|14|0|14|0|14|49|76|49|76|0|14
1600000US4550020|354|124|300|121|120|86|180|91|64|53|116|68|54|45|54|45|0|14
1600000US4550110|127|49|50|32|35|28|15|13|5|6|10|11|77|41|74|40|3|5
1600000US4550290|1023|263|738|235|403|178|335|135|57|63|278|117|285|108|272|106|13|16
1600000US4550515|305|69|220|58|174|51|46|24|10|12|36|21|85|39|83|38|2|3
1600000US4550560|302|98|148|68|83|45|65|43|26|33|39|29|154|62|137|59|17|20
1600000US4550695|11168|494|6975|393|5718|440|1257|287|366|154|891|248|4193|588|3530|514|663|362
1600000US4550875|49185|1234|27351|1108|16733|1049|10618|860|2260|466|8358|790|21834|1432|17947|1410|3887|555
1600000US4551145|1300|252|809|197|712|196|97|100|58|84|39|57|491|228|456|225|35|45
1600000US4551180|1755|243|1108|204|1069|209|39|39|0|14|39|39|647|168|551|155|96|73
1600000US4551280|9967|443|6113|324|5275|362|838|241|71|56|767|237|3854|536|3386|498|468|163
1600000US4551367|312|77|260|74|230|71|30|30|10|18|20|23|52|39|52|39|0|14
1600000US4551550|141|56|87|40|49|23|38|30|10|11|28|29|54|36|54|36|0|14
1600000US4551720|5025|333|3265|315|2273|302|992|209|294|130|698|180|1760|361|1449|325|311|169
1600000US4551887|499|132|320|143|184|108|136|78|0|14|136|78|179|92|160|85|19|31
1600000US4552540|284|80|224|76|143|50|81|54|60|48|21|25|60|31|50|27|10|13
1600000US4552585|64|27|37|23|29|20|8|11|0|14|8|11|27|17|27|17|0|14
1600000US4552900|339|168|59|38|15|26|44|27|31|8|13|25|280|158|79|101|201|129
1600000US4553080|4613|438|2343|284|1184|271|1159|236|233|184|926|199|2270|418|2202|422|68|48
1600000US4553485|35|60|35|60|35|60|0|14|0|14|0|14|0|14|0|14|0|14
1600000US4553845|1052|156|567|69|402|74|165|58|28|22|137|59|485|168|480|169|5|7
1600000US4554025|993|101|567|98|368|110|199|88|44|37|155|82|426|114|332|118|94|91
1600000US4554340|410|140|276|99|148|69|128|65|16|17|112|60|134|97|134|97|0|14
1600000US4554535|4944|536|2752|443|1434|271|1318|336|242|125|1076|319|2192|392|1523|328|669|223
1600000US4554700|51|23|31|19|24|17|7|8|0|14|7|8|20|12|20|12|0|14
1600000US4554925|134|46|82|39|37|27|45|27|23|19|22|17|52|26|47|24|5|8
1600000US4554970|173|65|154|65|75|60|79|78|34|40|45|70|19|23|19|23|0|14
1600000US4555015|96|29|63|24|60|24|3|4|0|14|3|4|33|23|28|22|5|5
1600000US4555060|167|58|119|54|80|51|39|23|18|19|21|15|48|24|40|21|8|9
1600000US4555150|49|35|32|29|31|29|1|3|0|14|1|3|17|17|17|17|0|14
1600000US4555420|364|166|309|172|232|166|77|39|33|29|44|30|55|29|45|25|10|14
1600000US4555465|762|311|361|90|262|83|99|43|32|24|67|33|401|295|342|291|59|37
1600000US4555645|1889|147|1013|229|690|229|323|102|63|87|260|124|876|265|689|209|187|110
1600000US4555960|94|33|59|29|24|19|35|24|16|12|19|19|35|22|27|20|8|11
1600000US4556140|1328|179|764|95|558|115|206|107|42|45|164|95|564|164|455|157|109|79
1600000US4556365|2029|309|1299|294|990|260|309|164|18|30|291|162|730|227|603|195|127|112
1600000US4556545|629|326|510|328|486|325|24|42|0|14|24|42|119|102|103|102|16|26
1600000US4556905|282|155|127|62|80|50|47|49|25|37|22|33|155|145|69|60|86|122
1600000US4556950|1050|195|786|166|587|150|199|83|113|88|86|48|264|108|234|103|30|30
1600000US4557085|211|94|159|83|70|42|89|69|4|8|85|69|52|39|48|38|4|6
1600000US4557175|427|177|366|179|346|182|20|34|0|14|20|34|61|49|61|49|0|14
1600000US4557670|44|22|29|17|26|16|3|4|3|4|0|14|15|15|15|15|0|14
1600000US4557850|65|34|46|29|28|25|18|20|9|16|9|11|19|16|19|16|0|14
1600000US4558030|4676|360|3220|301|2635|358|585|230|117|97|468|211|1456|426|1254|391|202|130
1600000US4558170|3914|354|3030|323|2372|353|658|231|161|134|497|179|884|212|768|204|116|80
1600000US4558435|13|14|6|11|6|11|0|14|0|14|0|14|7|12|7|12|0|14
1600000US4558570|709|186|474|136|368|115|106|66|17|27|89|59|235|123|185|87|50|80
1600000US4558615|57|44|45|42|35|40|10|16|10|16|0|14|12|16|12|16|0|14
1600000US4558705|483|134|312|98|227|84|85|44|26|29|59|39|171|73|133|55|38|49
1600000US4558795|333|103|211|78|137|56|74|42|38|33|36|26|122|64|113|63|9|8
1600000US4558930|84|79|0|14|0|14|0|14|0|14|0|14|84|79|84|79|0|14
1600000US4559020|992|181|765|173|484|121|281|211|155|214|126|72|227|125|198|119|29|27
1600000US4559110|4328|289|3141|322|2318|291|823|184|237|104|586|164|1187|203|1027|191|160|79
1600000US4559190|6438|446|4411|476|3000|375|1411|320|458|221|953|262|2027|372|1559|306|468|205
1600000US4559380|111|51|87|45|77|44|10|10|4|6|6|8|24|18|22|17|2|4
1600000US4559425|740|150|590|129|493|123|97|51|23|19|74|51|150|58|128|54|22|17
1600000US4559470|52|48|36|42|6|9|30|42|0|14|30|42|16|19|16|19|0|14
1600000US4559920|136|72|112|70|38|20|74|67|5|7|69|64|24|21|22|21|2|3
1600000US4560280|858|111|705|100|367|101|338|128|64|57|274|122|153|74|127|71|26|23
1600000US4560325|388|87|209|62|92|46|117|47|30|22|87|46|179|72|172|73|7|9
1600000US4560370|199|104|123|89|98|89|25|15|10|13|15|12|76|46|73|45|3|5
1600000US4560415|137|46|77|28|49|22|28|24|8|16|20|19|60|34|60|34|0|14
1600000US4561112|783|370|641|370|608|371|33|38|20|31|13|21|142|82|117|77|25|41
1600000US4561405|31307|895|18076|681|12034|681|6042|578|1364|320|4678|528|13231|1077|10409|991|2822|487
1600000US4561495|58|22|41|21|38|20|3|4|0|14|3|4|17|9|17|9|0|14
1600000US4561720|1202|283|859|270|614|248|245|122|70|61|175|125|343|140|343|140|0|14
1600000US4562035|179|73|103|31|57|24|46|29|23|20|23|18|76|68|73|68|3|4
1600000US4562080|121|39|76|33|39|19|37|26|0|14|37|26|45|20|43|20|2|4
1600000US4562305|160|82|155|85|8|12|147|84|57|77|90|69|5|9|5|9|0|14
1600000US4562395|10127|916|4369|672|1995|476|2374|456|528|262|1846|389|5758|779|4958|773|800|278
1600000US4562485|63|47|47|48|18|31|29|37|29|37|0|14|16|17|16|17|0|14
1600000US4562530|832|235|542|203|348|188|194|95|41|63|153|76|290|96|232|80|58|60
1600000US4562620|808|218|477|160|193|86|284|142|13|19|271|141|331|131|288|122|43|38
1600000US4562755|426|103|329|92|218|79|111|60|51|46|60|41|97|45|91|44|6|8
1600000US4562980|72|31|44|23|35|21|9|8|2|4|7|6|28|21|19|20|9|9
1600000US4563115|137|72|67|37|23|15|44|33|15|18|29|25|70|53|70|53|0|14
1600000US4563250|1197|135|868|117|467|136|401|104|174|94|227|68|329|118|312|116|17|23
1600000US4563655|388|150|347|157|197|97|150|128|16|27|134|123|41|42|41|42|0|14
1600000US4563665|3217|585|2351|524|1676|327|675|341|349|330|326|145|866|290|748|275|118|74
1600000US4563700|3922|421|1758|273|1261|261|497|175|127|105|370|140|2164|381|1902|380|262|91
1600000US4563790|364|90|229|73|107|49|122|57|28|26|94|58|135|53|126|53|9|17
1600000US4564240|1368|221|854|240|323|154|531|185|139|85|392|176|514|148|347|127|167|91
1600000US4564465|53|34|29|28|17|20|12|15|0|14|12|15|24|21|24|21|0|14
1600000US4564600|243|85|157|72|78|51|79|53|24|26|55|42|86|42|86|42|0|14
1600000US4564690|405|185|181|105|112|57|69|81|54|78|15|25|224|176|191|169|33|45
1600000US4564712|1250|178|899|130|887|129|12|13|0|14|12|13|351|135|343|133|8|10
1600000US4565005|89|55|49|32|10|8|39|31|19|23|20|20|40|50|40|50|0|14
1600000US4565095|4082|360|2546|253|1563|236|983|239|207|148|776|204|1536|406|1459|405|77|56
1600000US4565207|6864|443|4215|492|2982|517|1233|361|276|167|957|303|2649|330|2225|309|424|163
1600000US4565410|200|98|97|34|74|27|23|19|1|3|22|17|103|93|88|92|15|12
1600000US4565590|245|113|150|97|39|38|111|89|24|35|87|87|95|102|95|102|0|14
1600000US4565680|737|179|357|154|278|117|79|115|79|115|0|14|380|136|300|123|80|78
1600000US4565950|28|33|28|33|10|19|18|26|0|14|18|26|0|14|0|14|0|14
1600000US4566400|95|52|87|49|73|48|14|14|7|13|7|6|8|10|8|10|0|14
1600000US4566580|10143|472|6777|381|5389|395|1388|428|665|325|723|216|3366|526|2842|474|524|221
1600000US4566760|291|81|256|79|204|65|52|44|3|6|49|44|35|21|32|20|3|5
1600000US4566917|914|201|654|162|457|171|197|95|68|87|129|60|260|122|250|122|10|17
1600000US4567165|45|20|27|13|24|13|3|4|2|3|1|3|18|13|18|13|0|14
1600000US4567210|19|16|11|13|8|11|3|5|3|5|0|14|8|8|7|8|1|3
1600000US4567255|72|37|62|36|40|24|22|25|4|6|18|24|10|9|8|8|2|4
1600000US4567390|9131|699|5968|671|4417|544|1551|404|475|258|1076|308|3163|451|2526|413|637|253
1600000US4567435|206|83|108|54|71|32|37|39|0|14|37|39|98|48|83|44|15|16
1600000US4567705|830|132|600|110|317|83|283|76|75|57|208|79|230|82|195|83|35|22
1600000US4567750|1178|206|836|210|483|210|353|138|62|49|291|128|342|148|278|132|64|62
1600000US4568177|788|150|389|142|88|56|301|129|63|62|238|114|399|149|393|149|6|12
1600000US4568210|116|65|116|65|97|54|19|30|19|30|0|14|0|14|0|14|0|14
1600000US4568290|15924|506|9071|465|5343|532|3728|316|565|169|3163|328|6853|683|6087|641|766|178
1600000US4568380|833|266|537|224|191|168|346|154|18|33|328|146|296|161|179|121|117|134
1600000US4568425|1054|294|593|136|378|140|215|69|32|32|183|62|461|196|291|139|170|113
1600000US4568470|152|46|114|38|74|32|40|25|15|12|25|21|38|21|38|21|0|14
1600000US4568875|78|38|64|37|58|35|6|5|0|14|6|5|14|11|13|10|1|2
1600000US4568920|283|171|186|166|147|156|39|56|0|14|39|56|97|101|97|101|0|14
1600000US4569010|724|110|535|113|458|103|77|55|59|48|18|26|189|78|156|73|33|37
1600000US4570045|97|53|70|51|58|48|12|14|5|8|7|10|27|18|27|18|0|14
1600000US4570090|798|114|568|64|529|63|39|19|6|6|33|18|230|109|128|44|102|98
1600000US4570225|393|99|253|85|159|81|94|46|18|19|76|42|140|53|136|53|4|5
1600000US4570270|21228|815|13677|662|9883|656|3794|544|1030|317|2764|449|7551|732|6077|793|1474|347
1600000US4570315|221|88|193|91|159|85|34|24|5|5|29|23|28|13|25|14|3|6
1600000US4570405|16081|642|10066|461|6576|579|3490|454|728|212|2762|401|6015|629|5337|620|678|206
1600000US4570585|2034|130|1225|112|984|138|241|96|13|14|228|94|809|185|687|175|122|67
1600000US4570675|283|78|214|66|124|51|90|39|4|7|86|40|69|37|58|35|11|9
1600000US4570900|39|20|15|13|12|12|3|5|0|14|3|5|24|18|23|18|1|2
1600000US4571170|0|14|0|14|0|14|0|14|0|14|0|14|0|14|0|14|0|14
1600000US4571305|26|18|15|11|10|12|5|6|2|3|3|5|11|12|11|12|0|14
1600000US4571395|9745|667|6798|572|4650|418|2148|512|539|200|1609|462|2947|423|2394|432|553|247
1600000US4571417|4940|250|4318|245|4011|281|307|154|59|52|248|134|622|214|603|207|19|31
1600000US4571658|387|80|254|54|242|53|12|13|7|11|5|8|133|71|15|13|118|69
1600000US4571890|40|26|29|25|19|21|10|17|10|17|0|14|11|17|11|17|0|14
1600000US4571980|862|179|375|137|193|101|182|100|79|76|103|69|487|115|456|109|31|43
1600000US4572295|53|36|47|34|30|34|17|20|0|14|17|20|6|9|0|14|6|9
1600000US4572430|2423|234|1700|184|1145|196|555|148|121|82|434|133|723|225|623|218|100|70
1600000US4572520|109|41|81|35|54|27|27|24|0|14|27|24|28|20|28|20|0|14
1600000US4572655|58|40|51|39|39|37|12|12|2|3|10|11|7|6|7|6|0|14
1600000US4572745|319|61|203|51|93|45|110|49|4|5|106|49|116|40|101|37|15|12
1600000US4572880|60|37|51|36|31|27|20|21|8|13|12|15|9|10|9|10|0|14
1600000US4573105|3904|236|1964|217|925|195|1039|167|113|67|926|176|1940|282|1850|277|90|49
1600000US4573240|131|69|73|46|66|48|7|12|5|10|2|5|58|57|58|57|0|14
1600000US4573330|613|193|398|178|211|137|187|99|50|55|137|83|215|106|185|103|30|27
1600000US4573465|3006|455|1638|404|1171|329|467|218|130|110|337|171|1368|310|781|234|587|249
1600000US4573510|47|28|36|24|21|18|15|13|7|11|8|7|11|9|11|9|0|14
1600000US4573555|391|182|274|165|248|164|26|16|10|13|16|12|117|61|98|57|19|19
1600000US4573600|840|150|571|142|448|130|123|68|37|47|86|49|269|109|232|104|37|34
1600000US4573870|8828|577|5686|502|4479|491|1207|250|387|132|820|201|3142|360|2567|313|575|185
1600000US4574050|480|173|368|158|229|135|139|85|20|27|119|78|112|71|109|71|3|6
1600000US4574095|1760|183|1199|160|667|198|532|201|139|166|393|156|561|171|488|163|73|55
1600000US4574140|329|154|184|77|170|79|14|23|14|23|0|14|145|154|125|148|20|21
1600000US4574275|2330|184|1706|173|823|182|883|186|76|49|807|181|624|227|438|187|186|106
1600000US4574590|73|34|61|29|25|16|36|24|19|18|17|19|12|16|12|16|0|14
1600000US4574635|62|31|36|22|36|22|0|14|0|14|0|14|26|22|26|22|0|14
1600000US4574680|815|236|474|152|233|89|241|128|120|118|121|50|341|162|287|161|54|48
1600000US4574725|428|134|267|121|149|87|118|86|0|14|118|86|161|80|129|76|32|34
1600000US4574995|83|44|52|40|30|33|22|21|0|14|22|21|31|23|28|21|3|6
1600000US4575220|573|221|426|190|245|163|181|133|105|108|76|74|147|106|119|104|28|32
1600000US4575445|951|218|486|200|300|120|186|148|68|88|118|109|465|98|465|98|0|14
1600000US4575535|2776|557|1787|576|822|241|965|566|516|513|449|227|989|215|871|203|118|83
1600000US4575580|1169|181|914|153|392|139|522|179|67|70|455|187|255|109|225|102|30|33
1600000US4575850|8516|405|3880|292|2771|301|1109|212|368|134|741|175|4636|516|3734|512|902|244
1600000US4576165|1172|249|756|244|506|208|250|108|74|64|176|90|416|126|363|118|53|40
1600000US4576345|515|123|374|105|218|78|156|62|19|15|137|61|141|59|122|58|19|14
1600000US4576435|145|41|96|36|57|26|39|26|15|19|24|19|49|25|40|21|9|12
1600000US4577042|2898|286|2392|241|1687|221|705|182|78|53|627|173|506|217|436|214|70|59
1600000US4577380|655|171|389|149|190|69|199|120|102|92|97|70|266|102|256|101|10|10
1600000US4577425|1662|330|1008|302|485|174|523|250|278|219|245|120|654|206|503|182|151|93
1600000US4577672|1002|310|339|162|72|44|267|152|111|110|156|109|663|277|594|261|69|82
1600000US4577785|38|21|16|15|13|13|3|5|0|14|3|5|22|16|10|9|12|14
1600000US4577875|1750|150|1253|102|792|154|461|159|116|108|345|142|497|169|481|169|16|20
1600000US4577920|89|73|30|32|16|24|14|20|14|20|0|14|59|66|59|66|0|14
1600000US4577965|1227|170|648|113|192|64|456|117|61|59|395|121|579|196|549|190|30|39
1600000US4578190|85|38|75|38|23|18|52|37|2|4|50|37|10|9|6|6|4|7
1600000US4578460|1435|166|1045|117|416|138|629|164|11|18|618|167|390|160|377|157|13|22
1600000US4578505|624|182|409|153|110|69|299|145|27|39|272|142|215|113|185|105|30|42
1600000US4578640|78|50|41|42|9|16|32|40|0|14|32|40|37|30|37|30|0|14
1600000US4578820|4342|655|2890|631|1151|297|1739|636|388|260|1351|558|1452|392|1299|383|153|96
1600000US4578910|45|24|35|20|23|21|12|16|0|14|12|16|10|7|9|6|1|3
1600000US4579090|1942|253|1020|193|495|152|525|184|69|71|456|165|922|365|685|354|237|139
1600000US4579341|1616|174|1160|172|878|139|282|112|107|53|175|103|456|125|372|112|84|75
1600000US4579450|515|112|286|76|148|59|138|65|9|15|129|62|229|92|215|92|14|19
1600000US4579630|3418|215|2414|204|1453|227|961|250|194|94|767|244|1004|249|849|211|155|114
1600000US4579720|63|37|11|19|11|19|0|14|0|14|0|14|52|35|52|35|0|14
