GEO_ID|B25031_E001|B25031_M001|B25031_E002|B25031_M002|B25031_E003|B25031_M003|B25031_E004|B25031_M004|B25031_E005|B25031_M005|B25031_E006|B25031_M006|B25031_E007|B25031_M007
0500000US37001|1064|25|863|405|1003|91|1023|50|1134|50|1856|586|1358|260
0500000US37003|764|29|-666666666|-222222222|546|180|770|35|746|81|1136|365|-666666666|-222222222
0500000US37005|675|135|-666666666|-222222222|460|243|828|121|632|175|-666666666|-222222222|-666666666|-222222222
0500000US37007|814|49|-666666666|-222222222|644|99|759|183|916|99|1070|236|-666666666|-222222222
0500000US37009|859|59|-666666666|-222222222|498|403|808|96|1164|150|961|26|-666666666|-222222222
0500000US37011|773|106|-666666666|-222222222|374|29|779|94|1050|137|-666666666|-222222222|-666666666|-222222222
0500000US37013|871|41|920|99|564|150|794|39|944|34|1028|153|-666666666|-222222222
0500000US37015|839|55|-666666666|-222222222|410|144|839|115|863|88|875|360|-666666666|-222222222
0500000US37017|773|73|283|69|349|137|714|88|948|43|856|40|-666666666|-222222222
0500000US37019|1351|52|1076|282|1186|148|1265|124|1454|92|1712|448|1808|166
0500000US37021|1362|42|1125|223|1235|69|1412|72|1459|75|2654|705|2777|280
0500000US37023|884|47|1050|574|560|116|871|70|915|58|1199|189|1440|245
0500000US37025|1414|42|1178|95|1268|99|1328|66|1494|100|2084|119|2039|1007
0500000US37027|744|24|406|127|542|83|731|24|852|64|886|213|-666666666|-222222222
0500000US37029|1232|132|-666666666|-222222222|-666666666|-222222222|1130|134|1361|103|2580|921|-666666666|-222222222
0500000US37031|1108|48|823|415|575|143|1068|53|1247|125|1754|258|-666666666|-222222222
0500000US37033|727|28|-666666666|-222222222|391|235|727|27|789|87|778|183|-666666666|-222222222
0500000US37035|965|41|818|214|887|67|923|50|1118|63|1111|160|-666666666|-222222222
0500000US37037|1180|99|927|367|1318|200|1128|92|1177|308|1406|529|-666666666|-222222222
0500000US37039|813|141|519|126|308|229|804|202|903|101|1096|34|-666666666|-222222222
0500000US37041|681|40|-666666666|-222222222|388|242|-666666666|-222222222|801|114|-666666666|-222222222|-666666666|-222222222
0500000US37043|804|238|-666666666|-222222222|829|173|828|318|1533|666|-666666666|-222222222|-666666666|-222222222
0500000US37045|914|50|808|380|722|125|861|62|1091|66|1116|165|1146|83
0500000US37047|824|40|-666666666|-222222222|690|169|794|43|890|47|956|203|635|167
0500000US37049|1110|39|1014|325|651|170|1016|59|1305|55|1619|182|-666666666|-222222222
0500000US37051|1222|15|1067|65|1013|40|1140|20|1353|24|1682|66|1781|204
0500000US37053|1162|133|-666666666|-222222222|617|459|953|292|1347|354|1663|1347|-666666666|-222222222
0500000US37055|1345|85|-666666666|-222222222|1182|446|1229|95|1547|221|1704|551|-666666666|-222222222
0500000US37057|901|33|858|59|762|68|808|28|1067|57|1187|253|1388|107
0500000US37059|867|51|811|263|830|236|819|67|972|131|1073|120|3501|-333333333
0500000US37061|865|49|768|23|449|101|870|52|942|106|966|118|-666666666|-222222222
0500000US37063|1508|31|1386|81|1335|43|1514|45|1778|58|2004|217|2639|491
0500000US37065|858|30|-666666666|-222222222|650|167|747|101|1001|57|1336|172|1150|696
0500000US37067|1098|20|893|141|977|38|1054|27|1370|46|1713|214|1882|492
0500000US37069|1083|36|1104|71|927|147|1023|75|1118|52|1299|152|-666666666|-222222222
0500000US37071|1153|22|1055|97|955|72|1115|29|1231|44|2011|189|1773|85
0500000US37073|1143|207|-666666666|-222222222|-666666666|-222222222|905|667|1143|288|1619|556|-666666666|-222222222
0500000US37075|676|179|-666666666|-222222222|610|424|586|135|862|177|-666666666|-222222222|-666666666|-222222222
0500000US37077|1008|57|-666666666|-222222222|842|169|1015|60|1022|129|1074|601|-666666666|-222222222
0500000US37079|853|29|-666666666|-222222222|651|430|774|80|874|39|1489|761|-666666666|-222222222
0500000US37081|1163|14|1077|60|1040|24|1122|20|1358|39|1655|162|2116|202
0500000US37083|813|44|669|249|389|108|708|105|934|47|983|179|1134|18
0500000US37085|1112|46|903|771|720|108|909|54|1184|86|1761|114|2277|107
0500000US37087|1067|50|691|169|904|216|1080|71|1154|93|1930|353|-666666666|-222222222
0500000US37089|1187|55|1340|341|1110|128|1144|69|1191|93|1622|216|2184|1548
0500000US37091|844|36|417|53|413|65|797|52|1052|71|1140|250|1319|557
0500000US37093|1089|59|750|224|722|305|870|62|1193|60|1653|140|1858|570
0500000US37095|1263|129|-666666666|-222222222|-666666666|-222222222|1188|771|1345|64|-666666666|-222222222|-666666666|-222222222
0500000US37097|1252|51|898|303|1217|125|1126|51|1446|100|1912|136|2918|438
0500000US37099|904|55|766|113|804|148|881|61|1129|191|905|256|-666666666|-222222222
0500000US37101|1146|76|657|231|613|248|970|54|1354|106|2201|133|2154|376
0500000US37103|747|47|-666666666|-222222222|340|33|721|32|776|73|1402|249|1063|426
0500000US37105|1017|46|1255|500|775|303|1016|64|1081|98|1451|397|-666666666|-222222222
0500000US37107|861|28|1031|404|431|139|851|45|911|54|1053|258|-666666666|-222222222
0500000US37109|1015|67|909|75|936|112|883|54|1172|43|1867|426|2536|1349
0500000US37111|806|45|-666666666|-222222222|714|251|782|68|929|67|744|202|-666666666|-222222222
0500000US37113|803|56|605|252|676|129|812|71|888|215|955|153|-666666666|-222222222
0500000US37115|780|64|528|321|535|52|758|125|995|241|850|286|-666666666|-222222222
0500000US37117|758|76|659|143|431|37|731|124|925|147|794|156|-666666666|-222222222
0500000US37119|1627|14|1489|40|1457|21|1621|20|1792|28|2139|66|2796|149
0500000US37121|813|64|-666666666|-222222222|589|178|794|65|911|128|789|332|-666666666|-222222222
0500000US37123|766|38|699|79|432|205|743|72|816|79|1020|120|-666666666|-222222222
0500000US37125|1254|79|987|634|1007|215|1125|155|1415|147|2540|211|2551|682
0500000US37127|953|29|829|99|878|91|915|38|1105|43|1046|306|2201|787
0500000US37129|1417|32|1160|120|1267|51|1400|38|1692|56|1446|382|1600|1170
0500000US37131|758|63|-666666666|-222222222|350|109|691|120|818|52|871|107|-666666666|-222222222
0500000US37133|1265|40|939|136|866|126|1082|50|1393|29|1593|78|2287|164
0500000US37135|1496|41|1312|229|1288|60|1515|55|1731|75|2266|356|1904|497
0500000US37137|752|113|-666666666|-222222222|334|15|789|180|1047|108|-666666666|-222222222|-666666666|-222222222
0500000US37139|1170|80|581|455|688|262|978|121|1325|69|1551|463|1682|275
0500000US37141|1106|105|1044|676|1100|240|928|49|1282|189|2325|318|-666666666|-222222222
0500000US37143|1008|134|-666666666|-222222222|320|203|770|226|1169|165|1118|94|-666666666|-222222222
0500000US37145|864|46|-666666666|-222222222|548|288|822|111|1056|65|-666666666|-222222222|1385|1258
0500000US37147|993|21|781|35|815|36|1011|37|1182|69|1465|447|1034|924
0500000US37149|1178|119|-666666666|-222222222|1100|527|1240|333|1171|173|1607|604|-666666666|-222222222
0500000US37151|887|35|827|115|642|139|856|37|1044|65|1403|192|1189|304
0500000US37153|724|45|538|135|398|76|740|61|881|118|838|362|-666666666|-222222222
0500000US37155|805|22|556|97|492|93|755|36|896|27|1087|82|993|378
0500000US37157|810|31|632|56|545|148|809|40|950|54|1022|622|1403|66
0500000US37159|1013|35|-666666666|-222222222|870|125|991|46|1106|81|1924|401|3139|2768
0500000US37161|783|19|824|97|603|66|773|17|893|52|934|195|-666666666|-222222222
0500000US37163|834|30|427|118|565|254|857|66|857|38|1064|156|958|181
0500000US37165|778|24|574|116|529|109|778|28|931|45|871|115|-666666666|-222222222
0500000US37167|861|32|-666666666|-222222222|576|16|843|24|1059|92|1002|121|-666666666|-222222222
0500000US37169|775|31|537|196|541|80|746|78|879|139|856|305|-666666666|-222222222
0500000US37171|761|23|752|516|542|73|760|30|818|55|808|168|1222|958
0500000US37173|742|53|643|414|600|62|723|33|1013|279|3146|1132|-666666666|-222222222
0500000US37175|967|144|3352|1082|642|194|867|94|1175|157|-666666666|-222222222|-666666666|-222222222
0500000US37177|644|210|-666666666|-222222222|-666666666|-222222222|624|72|1052|181|-666666666|-222222222|-666666666|-222222222
0500000US37179|1496|74|-666666666|-222222222|979|126|1205|64|1651|91|2141|116|2776|120
0500000US37181|883|42|584|546|543|66|852|38|990|58|1100|308|-666666666|-222222222
0500000US37183|1623|16|1390|56|1423|19|1600|20|1830|29|2353|66|2651|179
0500000US37185|790|54|-666666666|-222222222|401|63|734|150|900|71|980|192|-666666666|-222222222
0500000US37187|743|256|-666666666|-222222222|527|92|700|46|1014|177|1213|790|-666666666|-222222222
0500000US37189|1127|85|789|265|901|59|1169|94|1365|90|2129|289|1102|953
0500000US37191|965|30|909|547|575|48|936|40|1048|60|1296|182|1306|781
0500000US37193|723|37|-666666666|-222222222|527|106|687|25|879|82|828|195|858|596
0500000US37195|953|35|1082|281|735|47|901|41|1057|59|1289|129|1327|90
0500000US37197|766|47|-666666666|-222222222|486|106|772|63|869|57|1047|157|-666666666|-222222222
0500000US37199|882|83|672|6|396|192|915|63|1111|129|808|327|-666666666|-222222222
0500000US45001|799|213|963|800|550|136|623|159|982|92|1400|995|-666666666|-222222222
0500000US45003|1062|35|851|585|1021|116|1024|55|1095|55|1408|259|1762|556
0500000US45005|662|180|-666666666|-222222222|425|188|446|177|817|152|-666666666|-222222222|-666666666|-222222222
0500000US45007|989|34|1018|324|821|59|921|39|1119|57|1416|284|1388|68
0500000US45009|815|48|516|292|523|132|844|55|927|115|815|155|-666666666|-222222222
0500000US45011|740|116|-666666666|-222222222|399|261|940|242|823|65|607|346|-666666666|-222222222
0500000US45013|1653|70|1328|173|1462|156|1677|90|1695|128|2179|228|3501|-333333333
0500000US45015|1654|39|1580|129|1597|74|1539|91|1711|78|2123|120|2652|397
0500000US45017|1052|123|526|143|-666666666|-222222222|978|250|1099|134|-666666666|-222222222|-666666666|-222222222
0500000US45019|1620|36|1436|119|1434|42|1647|42|1908|108|1932|255|2960|407
0500000US45021|869|39|941|102|804|83|802|110|914|75|1184|300|1276|181
0500000US45023|853|66|-666666666|-222222222|644|241|779|38|978|101|1095|138|-666666666|-222222222
0500000US45025|762|63|447|38|450|98|736|38|905|131|1002|289|1306|209
0500000US45027|763|39|-666666666|-222222222|420|74|706|147|797|76|1054|107|-666666666|-222222222
0500000US45029|949|72|-666666666|-222222222|496|486|886|90|1042|100|955|253|-666666666|-222222222
0500000US45031|896|35|778|311|709|122|863|60|951|58|1108|46|1235|236
0500000US45033|679|52|485|381|336|149|624|16|834|71|879|363|-666666666|-222222222
0500000US45035|1463|48|1474|158|1253|104|1356|66|1724|104|2245|199|2081|987
0500000US45037|720|100|513|335|376|81|804|309|1209|322|2141|1248|-666666666|-222222222
0500000US45039|938|61|-666666666|-222222222|540|241|878|93|1060|99|1246|257|-666666666|-222222222
0500000US45041|954|29|808|259|792|100|898|41|1052|40|1086|143|686|428
0500000US45043|1204|112|1324|1293|-666666666|-222222222|1245|212|1204|138|2105|400|-666666666|-222222222
0500000US45045|1262|27|1102|69|1130|27|1278|27|1417|60|1663|114|1710|263
0500000US45047|898|36|832|218|734|74|868|35|1065|62|1131|77|-666666666|-222222222
0500000US45049|843|105|-666666666|-222222222|573|217|793|138|1059|162|601|47|-666666666|-222222222
0500000US45051|1255|35|1017|206|1061|115|1241|49|1399|94|1531|237|1859|1274
0500000US45053|1328|64|-666666666|-222222222|1416|113|1170|421|1406|93|1280|604|-666666666|-222222222
0500000US45055|971|75|808|53|692|243|922|159|954|82|1232|155|1160|299
0500000US45057|959|49|1183|342|1281|144|839|87|1059|104|1376|227|1661|341
0500000US45059|880|40|754|203|705|55|911|51|940|107|1102|117|-666666666|-222222222
0500000US45061|823|45|-666666666|-222222222|482|67|768|186|906|93|885|79|-666666666|-222222222
0500000US45063|1178|29|1319|330|1250|111|1132|36|1173|54|1517|253|2685|134
0500000US45065|696|159|-666666666|-222222222|409|118|730|234|980|394|-666666666|-222222222|-666666666|-222222222
0500000US45067|669|50|439|229|341|319|643|118|737|71|795|82|1234|633
0500000US45069|689|46|458|268|469|99|712|98|745|100|1024|305|-666666666|-222222222
0500000US45071|872|53|-666666666|-222222222|603|170|879|70|921|117|1101|77|-666666666|-222222222
0500000US45073|881|38|-666666666|-222222222|587|193|863|32|1029|130|1014|120|-666666666|-222222222
0500000US45075|841|36|739|171|628|176|890|57|875|63|874|353|-666666666|-222222222
0500000US45077|972|30|847|310|879|59|967|38|1071|68|957|223|-666666666|-222222222
0500000US45079|1228|21|1038|136|1111|31|1169|26|1404|38|1629|126|2183|263
0500000US45081|851|73|-666666666|-222222222|675|312|730|38|986|99|976|307|-666666666|-222222222
0500000US45083|1084|20|1049|74|1025|45|1032|28|1174|42|1432|214|1953|432
0500000US45085|1057|51|435|374|645|177|1030|61|1093|87|1533|261|1645|389
0500000US45087|804|142|533|102|488|111|733|97|943|26|857|30|475|459
0500000US45089|765|45|-666666666|-222222222|369|116|781|33|822|153|1104|45|-666666666|-222222222
0500000US45091|1387|34|1251|227|1340|39|1399|58|1420|65|1940|288|2295|1440
1600000US3700160|1244|189|-666666666|-222222222|893|342|1220|271|1846|397|-666666666|-222222222|-666666666|-222222222
1600000US3700440|819|233|-666666666|-222222222|-666666666|-222222222|-666666666|-222222222|840|359|-666666666|-222222222|-666666666|-222222222
1600000US3700500|809|44|417|53|445|94|812|35|985|175|1141|713|-666666666|-222222222
1600000US3700640|1156|126|-666666666|-222222222|-666666666|-222222222|1313|370|1163|92|-666666666|-222222222|-666666666|-222222222
1600000US3700680|880|71|-666666666|-222222222|569|14|871|57|1293|123|955|17|-666666666|-222222222
1600000US3700880|1018|643|-666666666|-222222222|-666666666|-222222222|-666666666|-222222222|-666666666|-222222222|-666666666|-222222222|-666666666|-222222222
1600000US3701000|497|289|-666666666|-222222222|334|18|675|106|-666666666|-222222222|-666666666|-222222222|-666666666|-222222222
1600000US3701140|-666666666|-222222222|-666666666|-222222222|-666666666|-222222222|-666666666|-222222222|-666666666|-222222222|-666666666|-222222222|-666666666|-222222222
1600000US3701340|1251|176|-666666666|-222222222|878|713|864|63|1453|211|1910|278|2226|73
1600000US3701380|712|54|-666666666|-222222222|-666666666|-222222222|706|379|-666666666|-222222222|-666666666|-222222222|-666666666|-222222222
1600000US3701400|894|463|-666666666|-222222222|779|206|1058|647|1406|439|-666666666|-222222222|-666666666|-222222222
1600000US3701420|906|331|-666666666|-222222222|-666666666|-222222222|-666666666|-222222222|-666666666|-222222222|-666666666|-222222222|-666666666|-222222222
1600000US3701520|1902|59|-666666666|-222222222|1623|84|1801|66|2058|135|2677|101|2712|191
1600000US3701560|-666666666|-222222222|-666666666|-222222222|-666666666|-222222222|-666666666|-222222222|-666666666|-222222222|-666666666|-222222222|-666666666|-222222222
1600000US3701640|1136|782|-666666666|-222222222|-666666666|-222222222|-666666666|-222222222|1375|1259|-666666666|-222222222|-666666666|-222222222
1600000US3701720|1034|79|846|34|1061|679|952|37|1132|36|-666666666|-222222222|-666666666|-222222222
1600000US3701760|1458|500|-666666666|-222222222|-666666666|-222222222|-666666666|-222222222|1602|1280|-666666666|-222222222|-666666666|-222222222
1600000US3701972|-666666666|-222222222|-666666666|-222222222|-666666666|-222222222|-666666666|-222222222|-666666666|-222222222|-666666666|-222222222|-666666666|-222222222
1600000US3702080|906|40|836|451|722|128|892|48|1282|144|1652|210|-666666666|-222222222
1600000US3702140|1402|60|739|306|1229|79|1551|73|1660|95|2470|764|2840|183
1600000US3702240|-666666666|-222222222|-666666666|-222222222|-666666666|-222222222|-666666666|-222222222|-666666666|-222222222|-666666666|-222222222|-666666666|-222222222
1600000US3702320|675|73|-666666666|-222222222|-666666666|-222222222|675|73|-666666666|-222222222|-666666666|-222222222|-666666666|-222222222
1600000US3702460|1500|517|-666666666|-222222222|-666666666|-222222222|-666666666|-222222222|1583|308|-666666666|-222222222|-666666666|-222222222
1600000US3702480|-666666666|-222222222|-666666666|-222222222|-666666666|-222222222|-666666666|-222222222|-666666666|-222222222|-666666666|-222222222|-666666666|-222222222
1600000US3702500|1206|151|-666666666|-222222222|-666666666|-222222222|1145|80|1327|101|-666666666|-222222222|-666666666|-222222222
1600000US3702580|624|199|-666666666|-222222222|-666666666|-222222222|455|379|633|270|-666666666|-222222222|-666666666|-222222222
1600000US3702620|958|566|-666666666|-222222222|236|45|-666666666|-222222222|1138|342|-666666666|-222222222|-666666666|-222222222
1600000US3702700|700|608|-666666666|-222222222|-666666666|-222222222|628|85|-666666666|-222222222|-666666666|-222222222|-666666666|-222222222
1600000US3702760|-666666666|-222222222|-666666666|-222222222|-666666666|-222222222|-666666666|-222222222|-666666666|-222222222|-666666666|-222222222|-666666666|-222222222
1600000US3702780|-666666666|-222222222|-666666666|-222222222|-666666666|-222222222|-666666666|-222222222|-666666666|-222222222|-666666666|-222222222|-666666666|-222222222
1600000US3702840|778|135|-666666666|-222222222|-666666666|-222222222|765|210|991|119|-666666666|-222222222|-666666666|-222222222
1600000US3702960|975|99|-666666666|-222222222|-666666666|-222222222|809|321|1017|89|-666666666|-222222222|-666666666|-222222222
1600000US3703020|814|139|-666666666|-222222222|-666666666|-222222222|714|205|950|232|-666666666|-222222222|-666666666|-222222222
1600000US3703100|504|232|-666666666|-222222222|283|68|671|164|811|294|-666666666|-222222222|-666666666|-222222222
1600000US3703150|-666666666|-222222222|-666666666|-222222222|-666666666|-222222222|-666666666|-222222222|-666666666|-222222222|-666666666|-222222222|-666666666|-222222222
1600000US3703220|591|306|-666666666|-222222222|869|137|-666666666|-222222222|-666666666|-222222222|-666666666|-222222222|-666666666|-222222222
1600000US3703500|849|69|-666666666|-222222222|-666666666|-222222222|859|51|950|332|-666666666|-222222222|-666666666|-222222222
1600000US3703530|1383|464|-666666666|-222222222|-666666666|-222222222|-666666666|-222222222|1524|720|1214|256|-666666666|-222222222
1600000US3703640|-666666666|-222222222|-666666666|-222222222|-666666666|-222222222|-666666666|-222222222|-666666666|-222222222|-666666666|-222222222|-666666666|-222222222
1600000US3703665|-666666666|-222222222|-666666666|-222222222|-666666666|-222222222|-666666666|-222222222|-666666666|-222222222|-666666666|-222222222|-666666666|-222222222
1600000US3703720|-666666666|-222222222|-666666666|-222222222|-666666666|-222222222|-666666666|-222222222|-666666666|-222222222|-666666666|-222222222|-666666666|-222222222
1600000US3703840|1146|94|-666666666|-222222222|-666666666|-222222222|-666666666|-222222222|1250|507|-666666666|-222222222|-666666666|-222222222
1600000US3703960|1084|100|-666666666|-222222222|-666666666|-222222222|-666666666|-222222222|1132|96|-666666666|-222222222|-666666666|-222222222
1600000US3704015|1532|358|-666666666|-222222222|-666666666|-222222222|-666666666|-222222222|-666666666|-222222222|-666666666|-222222222|-666666666|-222222222
1600000US3704040|-666666666|-222222222|-666666666|-222222222|-666666666|-222222222|-666666666|-222222222|-666666666|-222222222|-666666666|-222222222|-666666666|-222222222
1600000US3704180|675|91|-666666666|-222222222|-666666666|-222222222|-666666666|-222222222|-666666666|-222222222|-666666666|-222222222|-666666666|-222222222
1600000US3704260|835|225|-666666666|-222222222|487|130|1072|114|1286|334|-666666666|-222222222|-666666666|-222222222
1600000US3704510|1137|31|-666666666|-222222222|-666666666|-222222222|1141|25|-666666666|-222222222|-666666666|-222222222|-666666666|-222222222
1600000US3704640|929|478|-666666666|-222222222|447|196|675|345|-666666666|-222222222|1218|223|-666666666|-222222222
1600000US3704680|-666666666|-222222222|-666666666|-222222222|-666666666|-222222222|-666666666|-222222222|-666666666|-222222222|-666666666|-222222222|-666666666|-222222222
1600000US3704840|1365|118|1399|247|748|220|1393|148|1878|297|-666666666|-222222222|-666666666|-222222222
1600000US3704950|1798|79|-666666666|-222222222|-666666666|-222222222|1728|164|1876|181|1539|1174|-666666666|-222222222
1600000US3704955|683|27|-666666666|-222222222|-666666666|-222222222|683|27|-666666666|-222222222|-666666666|-222222222|-666666666|-222222222
1600000US3704960|860|276|-666666666|-222222222|-666666666|-222222222|688|204|-666666666|-222222222|-666666666|-222222222|-666666666|-222222222
1600000US3705020|-666666666|-222222222|-666666666|-222222222|-666666666|-222222222|-666666666|-222222222|-666666666|-222222222|-666666666|-222222222|-666666666|-222222222
1600000US3705040|1097|186|-666666666|-222222222|1047|783|969|245|1235|257|-666666666|-222222222|-666666666|-222222222
1600000US3705049|-666666666|-222222222|-666666666|-222222222|-666666666|-222222222|-666666666|-222222222|-666666666|-222222222|-666666666|-222222222|-666666666|-222222222
1600000US3705135|1142|217|-666666666|-222222222|1196|579|1080|352|-666666666|-222222222|-666666666|-222222222|-666666666|-222222222
1600000US3705220|1053|176|-666666666|-222222222|799|369|932|92|1155|221|-666666666|-222222222|-666666666|-222222222
1600000US3705340|1617|306|-666666666|-222222222|-666666666|-222222222|-666666666|-222222222|1650|137|-666666666|-222222222|-666666666|-222222222
1600000US3705460|684|198|-666666666|-222222222|-666666666|-222222222|673|44|1030|535|-666666666|-222222222|-666666666|-222222222
1600000US3705530|795|59|-666666666|-222222222|-666666666|-222222222|-666666666|-222222222|-666666666|-222222222|-666666666|-222222222|-666666666|-222222222
1600000US3705660|644|167|1294|521|502|109|814|251|-666666666|-222222222|-666666666|-222222222|-666666666|-222222222
1600000US3705880|-666666666|-222222222|-666666666|-222222222|-666666666|-222222222|-666666666|-222222222|-666666666|-222222222|-666666666|-222222222|-666666666|-222222222
1600000US3706000|625|211|-666666666|-222222222|-666666666|-222222222|591|184|931|213|-666666666|-222222222|-666666666|-222222222
1600000US3706080|868|238|-666666666|-222222222|-666666666|-222222222|-666666666|-222222222|888|314|-666666666|-222222222|-666666666|-222222222
1600000US3706140|1652|186|1756|88|2072|1452|1245|287|1619|201|-666666666|-222222222|-666666666|-222222222
1600000US3706240|655|108|-666666666|-222222222|412|95|742|73|632|169|-666666666|-222222222|-666666666|-222222222
1600000US3706500|1278|624|-666666666|-222222222|-666666666|-222222222|986|707|-666666666|-222222222|-666666666|-222222222|-666666666|-222222222
1600000US3706510|-666666666|-222222222|-666666666|-222222222|-666666666|-222222222|-666666666|-222222222|-666666666|-222222222|-666666666|-222222222|-666666666|-222222222
1600000US3706660|925|220|-666666666|-222222222|-666666666|-222222222|-666666666|-222222222|-666666666|-222222222|-666666666|-222222222|-666666666|-222222222
1600000US3706740|1188|444|-666666666|-222222222|-666666666|-222222222|963|46|1438|521|-666666666|-222222222|-666666666|-222222222
1600000US3706760|1385|662|-666666666|-222222222|-666666666|-222222222|-666666666|-222222222|1313|591|-666666666|-222222222|-666666666|-222222222
1600000US3706800|1192|646|-666666666|-222222222|429|208|881|613|1349|56|-666666666|-222222222|-666666666|-222222222
1600000US3706820|1167|291|-666666666|-222222222|-666666666|-222222222|-666666666|-222222222|-666666666|-222222222|-666666666|-222222222|-666666666|-222222222
1600000US3706860|-666666666|-222222222|-666666666|-222222222|-666666666|-222222222|-666666666|-222222222|-666666666|-222222222|-666666666|-222222222|-666666666|-222222222
1600000US3706980|843|26|-666666666|-222222222|-666666666|-222222222|-666666666|-222222222|-666666666|-222222222|-666666666|-222222222|-666666666|-222222222
1600000US3707080|1111|144|953|30|918|65|1218|145|1114|612|2146|320|-666666666|-222222222
1600000US3707140|837|188|-666666666|-222222222|-666666666|-222222222|890|863|869|110|-666666666|-222222222|-666666666|-222222222
1600000US3707220|855|141|-666666666|-222222222|588|286|-666666666|-222222222|863|233|-666666666|-222222222|-666666666|-222222222
1600000US3707340|-666666666|-222222222|-666666666|-222222222|-666666666|-222222222|-666666666|-222222222|-666666666|-222222222|-666666666|-222222222|-666666666|-222222222
1600000US3707400|-666666666|-222222222|-666666666|-222222222|-666666666|-222222222|-666666666|-222222222|-666666666|-222222222|-666666666|-222222222|-666666666|-222222222
1600000US3707588|2141|348|-666666666|-222222222|-666666666|-222222222|-666666666|-222222222|1964|505|-666666666|-222222222|-666666666|-222222222
1600000US3707720|979|253|3352|1082|-666666666|-222222222|836|149|1455|165|-666666666|-222222222|-666666666|-222222222
1600000US3707748|3177|608|-666666666|-222222222|-666666666|-222222222|-666666666|-222222222|-666666666|-222222222|3476|632|-666666666|-222222222
1600000US3707765|-666666666|-222222222|-666666666|-222222222|-666666666|-222222222|-666666666|-222222222|-666666666|-222222222|-666666666|-222222222|-666666666|-222222222
1600000US3707860|1010|328|-666666666|-222222222|-666666666|-222222222|-666666666|-222222222|893|360|-666666666|-222222222|-666666666|-222222222
1600000US3708040|908|300|-666666666|-222222222|-666666666|-222222222|779|21|1333|807|1938|1373|-666666666|-222222222
1600000US3708080|981|142|-666666666|-222222222|-666666666|-222222222|975|94|784|67|-666666666|-222222222|-666666666|-222222222
1600000US3708110|1013|122|-666666666|-222222222|-666666666|-222222222|-666666666|-222222222|1051|140|-666666666|-222222222|-666666666|-222222222
1600000US3708140|909|153|-666666666|-222222222|879|394|697|395|933|281|-666666666|-222222222|-666666666|-222222222
1600000US3708420|789|37|-666666666|-222222222|-666666666|-222222222|756|119|860|16|-666666666|-222222222|-666666666|-222222222
1600000US3708480|783|212|675|323|652|133|753|48|1196|123|-666666666|-222222222|-666666666|-222222222
1600000US3708760|1223|133|-666666666|-222222222|980|76|1194|78|1668|229|-666666666|-222222222|-666666666|-222222222
1600000US3708860|1067|257|-666666666|-222222222|523|22|1134|71|-666666666|-222222222|-666666666|-222222222|-666666666|-222222222
1600000US3708880|959|509|-666666666|-222222222|-666666666|-222222222|-666666666|-222222222|1292|764|-666666666|-222222222|-666666666|-222222222
1600000US3708960|943|419|-666666666|-222222222|478|178|764|497|1134|23|-666666666|-222222222|-666666666|-222222222
1600000US3709060|1051|38|-666666666|-222222222|1012|151|1001|57|1144|77|1651|675|1951|1376
1600000US3709140|862|295|-666666666|-222222222|381|196|1000|130|980|156|-666666666|-222222222|-666666666|-222222222
1600000US3709360|1307|129|-666666666|-222222222|1292|544|1358|218|1300|213|-666666666|-222222222|-666666666|-222222222
1600000US3709380|-666666666|-222222222|-666666666|-222222222|-666666666|-222222222|-666666666|-222222222|-666666666|-222222222|-666666666|-222222222|-666666666|-222222222
1600000US3709400|909|659|-666666666|-222222222|-666666666|-222222222|-666666666|-222222222|-666666666|-222222222|-666666666|-222222222|-666666666|-222222222
1600000US3709530|729|115|-666666666|-222222222|650|173|720|43|-666666666|-222222222|-666666666|-222222222|-666666666|-222222222
1600000US3709540|1360|105|-666666666|-222222222|1278|375|1417|146|1172|173|-666666666|-222222222|-666666666|-222222222
1600000US3709760|645|406|-666666666|-222222222|-666666666|-222222222|917|150|-666666666|-222222222|-666666666|-222222222|-666666666|-222222222
1600000US3709780|1115|21|-666666666|-222222222|-666666666|-222222222|-666666666|-222222222|-666666666|-222222222|-666666666|-222222222|-666666666|-222222222
1600000US3709800|825|64|-666666666|-222222222|-666666666|-222222222|838|74|788|106|-666666666|-222222222|-666666666|-222222222
1600000US3710120|1020|184|-666666666|-222222222|-666666666|-222222222|-666666666|-222222222|-666666666|-222222222|-666666666|-222222222|-666666666|-222222222
1600000US3710240|790|274|-666666666|-222222222|428|387|931|648|1102|380|2224|85|-666666666|-222222222
1600000US3710260|1745|60|-666666666|-222222222|-666666666|-222222222|1375|322|1706|169|1774|66|-666666666|-222222222
1600000US3710264|-666666666|-222222222|-666666666|-222222222|-666666666|-222222222|-666666666|-222222222|-666666666|-222222222|-666666666|-222222222|-666666666|-222222222
1600000US3710460|-666666666|-222222222|-666666666|-222222222|-666666666|-222222222|-666666666|-222222222|-666666666|-222222222|-666666666|-222222222|-666666666|-222222222
1600000US3710500|1513|384|-666666666|-222222222|-666666666|-222222222|1200|250|2165|132|-666666666|-222222222|-666666666|-222222222
1600000US3710532|3501|-333333333|-666666666|-222222222|-666666666|-222222222|3501|-333333333|-666666666|-222222222|-666666666|-222222222|-666666666|-222222222
1600000US3710550|1973|306|-666666666|-222222222|-666666666|-222222222|-666666666|-222222222|2142|224|-666666666|-222222222|-666666666|-222222222
1600000US3710620|1470|67|1115|130|1202|58|1528|82|1810|101|2700|100|-666666666|-222222222
1600000US3710680|904|366|975|538|-666666666|-222222222|1046|316|-666666666|-222222222|-666666666|-222222222|-666666666|-222222222
1600000US3710740|1738|30|1453|173|1470|37|1699|35|1995|90|2524|160|2943|288
1600000US3710760|633|602|-666666666|-222222222|-666666666|-222222222|-666666666|-222222222|-666666666|-222222222|-666666666|-222222222|-666666666|-222222222
1600000US3710800|1341|290|-666666666|-222222222|-666666666|-222222222|-666666666|-222222222|-666666666|-222222222|-666666666|-222222222|-666666666|-222222222
1600000US3710860|654|160|-666666666|-222222222|-666666666|-222222222|-666666666|-222222222|-666666666|-222222222|-666666666|-222222222|-666666666|-222222222
1600000US3710880|1037|294|-666666666|-222222222|-666666666|-222222222|950|269|-666666666|-222222222|-666666666|-222222222|-666666666|-222222222
1600000US3710960|-666666666|-222222222|-666666666|-222222222|-666666666|-222222222|-666666666|-222222222|-666666666|-222222222|-666666666|-222222222|-666666666|-222222222
1600000US3710980|1118|24|-666666666|-222222222|-666666666|-222222222|1118|26|-666666666|-222222222|-666666666|-222222222|-666666666|-222222222
1600000US3711340|1438|495|-666666666|-222222222|-666666666|-222222222|1292|694|1125|645|-666666666|-222222222|-666666666|-222222222
1600000US3711352|1094|312|-666666666|-222222222|-666666666|-222222222|-666666666|-222222222|-666666666|-222222222|-666666666|-222222222|-666666666|-222222222
1600000US3711560|-666666666|-222222222|-666666666|-222222222|-666666666|-222222222|-666666666|-222222222|-666666666|-222222222|-666666666|-222222222|-666666666|-222222222
1600000US3711620|734|268|-666666666|-222222222|-666666666|-222222222|-666666666|-222222222|730|197|-666666666|-222222222|-666666666|-222222222
1600000US3711640|770|231|-666666666|-222222222|306|175|628|164|870|221|-666666666|-222222222|-666666666|-222222222
1600000US3711800|1613|56|1493|256|1437|74|1616|72|1911|121|1788|508|1912|427
1600000US3712000|1612|16|1494|45|1452|22|1606|21|1765|29|2101|82|2795|163
1600000US3712140|1075|369|-666666666|-222222222|-666666666|-222222222|-666666666|-222222222|1475|593|-666666666|-222222222|-666666666|-222222222
1600000US3712186|1706|103|-666666666|-222222222|-666666666|-222222222|-666666666|-222222222|1706|103|-666666666|-222222222|-666666666|-222222222
1600000US3712340|1059|141|-666666666|-222222222|-666666666|-222222222|1053|193|1111|127|-666666666|-222222222|-666666666|-222222222
1600000US3712460|1617|448|-666666666|-222222222|-666666666|-222222222|-666666666|-222222222|-666666666|-222222222|-666666666|-222222222|-666666666|-222222222
1600000US3712480|993|229|-666666666|-222222222|-666666666|-222222222|994|269|-666666666|-222222222|-666666666|-222222222|-666666666|-222222222
1600000US3712520|-666666666|-222222222|-666666666|-222222222|-666666666|-222222222|-666666666|-222222222|-666666666|-222222222|-666666666|-222222222|-666666666|-222222222
1600000US3712580|794|47|-666666666|-222222222|713|42|758|118|852|148|-666666666|-222222222|-666666666|-222222222
1600000US3712590|-666666666|-222222222|-666666666|-222222222|-666666666|-222222222|-666666666|-222222222|-666666666|-222222222|-666666666|-222222222|-666666666|-222222222
1600000US3712720|938|49|-666666666|-222222222|-666666666|-222222222|775|155|977|112|1016|870|-666666666|-222222222
1600000US3712780|1125|646|-666666666|-222222222|313|192|1114|33|-666666666|-222222222|-666666666|-222222222|-666666666|-222222222
1600000US3712860|1661|66|-666666666|-222222222|1334|88|1575|101|1826|70|2148|157|-666666666|-222222222
1600000US3712960|1269|103|-666666666|-222222222|1243|251|1163|64|1788|195|2259|357|-666666666|-222222222
1600000US3713000|739|150|-666666666|-222222222|-666666666|-222222222|813|322|-666666666|-222222222|-666666666|-222222222|-666666666|-222222222
1600000US3713100|-666666666|-222222222|-666666666|-222222222|-666666666|-222222222|-666666666|-222222222|-666666666|-222222222|-666666666|-222222222|-666666666|-222222222
1600000US3713240|759|56|457|165|427|36|892|131|957|58|844|42|-666666666|-222222222
1600000US3713280|1033|124|-666666666|-222222222|930|348|871|86|1417|483|-666666666|-222222222|-666666666|-222222222
1600000US3713360|909|62|-666666666|-222222222|775|378|916|86|1229|552|-666666666|-222222222|-666666666|-222222222
1600000US3713460|825|272|-666666666|-222222222|-666666666|-222222222|792|230|1054|545|-666666666|-222222222|-666666666|-222222222
1600000US3713500|1600|1061|-666666666|-222222222|-666666666|-222222222|-666666666|-222222222|-666666666|-222222222|-666666666|-222222222|-666666666|-222222222
1600000US3713560|-666666666|-222222222|-666666666|-222222222|-666666666|-222222222|-666666666|-222222222|-666666666|-222222222|-666666666|-222222222|-666666666|-222222222
1600000US3713940|678|333|-666666666|-222222222|-666666666|-222222222|-666666666|-222222222|942|245|-666666666|-222222222|-666666666|-222222222
1600000US3713980|788|476|-666666666|-222222222|334|82|1067|721|1305|176|-666666666|-222222222|-666666666|-222222222
1600000US3714060|-666666666|-222222222|-666666666|-222222222|-666666666|-222222222|-666666666|-222222222|-666666666|-222222222|-666666666|-222222222|-666666666|-222222222
1600000US3714100|1451|63|1153|91|1251|132|1407|78|1612|155|1978|196|1888|694
1600000US3714200|1055|411|-666666666|-222222222|-666666666|-222222222|775|211|1096|98|-666666666|-222222222|-666666666|-222222222
1600000US3714280|884|221|-666666666|-222222222|-666666666|-222222222|982|343|830|257|-666666666|-222222222|-666666666|-222222222
1600000US3714340|898|100|-666666666|-222222222|448|273|841|86|1395|303|-666666666|-222222222|-666666666|-222222222
1600000US3714400|594|256|-666666666|-222222222|-666666666|-222222222|388|98|803|309|-666666666|-222222222|-666666666|-222222222
1600000US3714460|968|134|-666666666|-222222222|-666666666|-222222222|917|231|980|292|-666666666|-222222222|-666666666|-222222222
1600000US3714600|-666666666|-222222222|-666666666|-222222222|-666666666|-222222222|-666666666|-222222222|-666666666|-222222222|-666666666|-222222222|-666666666|-222222222
1600000US3714700|1722|56|-666666666|-222222222|1475|114|1677|59|2064|109|2353|219|-666666666|-222222222
1600000US3715020|1016|320|-666666666|-222222222|-666666666|-222222222|1058|306|950|259|-666666666|-222222222|-666666666|-222222222
1600000US3715040|1601|652|-666666666|-222222222|-666666666|-222222222|1628|810|-666666666|-222222222|-666666666|-222222222|-666666666|-222222222
1600000US3715260|1364|242|-666666666|-222222222|1298|99|1363|484|1088|201|-666666666|-222222222|1874|677
1600000US3715320|1065|181|-666666666|-222222222|1115|23|631|404|1612|311|-666666666|-222222222|-666666666|-222222222
1600000US3715420|-666666666|-222222222|-666666666|-222222222|-666666666|-222222222|-666666666|-222222222|-666666666|-222222222|-666666666|-222222222|-666666666|-222222222
1600000US3715440|773|367|-666666666|-222222222|-666666666|-222222222|700|190|1059|283|-666666666|-222222222|-666666666|-222222222
1600000US3715580|-666666666|-222222222|-666666666|-222222222|-666666666|-222222222|-666666666|-222222222|-666666666|-222222222|-666666666|-222222222|-666666666|-222222222
1600000US3715640|-666666666|-222222222|-666666666|-222222222|-666666666|-222222222|-666666666|-222222222|-666666666|-222222222|-666666666|-222222222|-666666666|-222222222
1600000US3715880|869|75|778|136|973|117|875|51|-666666666|-222222222|862|317|-666666666|-222222222
1600000US3716084|-666666666|-222222222|-666666666|-222222222|-666666666|-222222222|-666666666|-222222222|-666666666|-222222222|-666666666|-222222222|-666666666|-222222222
1600000US3716180|872|180|-666666666|-222222222|578|83|844|186|1010|634|-666666666|-222222222|-666666666|-222222222
1600000US3716220|775|392|-666666666|-222222222|-666666666|-222222222|764|509|-666666666|-222222222|-666666666|-222222222|-666666666|-222222222
1600000US3716240|1167|169|-666666666|-222222222|-666666666|-222222222|-666666666|-222222222|-666666666|-222222222|-666666666|-222222222|-666666666|-222222222
1600000US3716400|1652|200|-666666666|-222222222|1457|284|1684|163|2106|481|-666666666|-222222222|-666666666|-222222222
1600000US3716480|-666666666|-222222222|-666666666|-222222222|-666666666|-222222222|-666666666|-222222222|-666666666|-222222222|-666666666|-222222222|-666666666|-222222222
1600000US3716720|780|14|-666666666|-222222222|-666666666|-222222222|-666666666|-222222222|780|14|-666666666|-222222222|-666666666|-222222222
1600000US3716730|-666666666|-222222222|-666666666|-222222222|-666666666|-222222222|-666666666|-222222222|-666666666|-222222222|-666666666|-222222222|-666666666|-222222222
1600000US3716780|-666666666|-222222222|-666666666|-222222222|-666666666|-222222222|-666666666|-222222222|-666666666|-222222222|-666666666|-222222222|-666666666|-222222222
1600000US3716820|-666666666|-222222222|-666666666|-222222222|-666666666|-222222222|-666666666|-222222222|-666666666|-222222222|-666666666|-222222222|-666666666|-222222222
1600000US3716860|-666666666|-222222222|-666666666|-222222222|-666666666|-222222222|-666666666|-222222222|-666666666|-222222222|-666666666|-222222222|-666666666|-222222222
1600000US3716980|842|154|-666666666|-222222222|-666666666|-222222222|839|149|920|65|-666666666|-222222222|-666666666|-222222222
1600000US3717000|869|52|-666666666|-222222222|-666666666|-222222222|860|18|1500|354|-666666666|-222222222|-666666666|-222222222
1600000US3717180|1026|203|-666666666|-222222222|508|227|1214|145|-666666666|-222222222|-666666666|-222222222|-666666666|-222222222
1600000US3717325|577|227|-666666666|-222222222|234|33|593|386|930|326|-666666666|-222222222|-666666666|-222222222
1600000US3717340|528|107|-666666666|-222222222|471|101|629|374|1208|370|-666666666|-222222222|-666666666|-222222222
1600000US3717520|1215|244|-666666666|-222222222|-666666666|-222222222|1023|914|-666666666|-222222222|-666666666|-222222222|-666666666|-222222222
1600000US3717660|929|240|-666666666|-222222222|-666666666|-222222222|-666666666|-222222222|986|254|-666666666|-222222222|-666666666|-222222222
1600000US3717860|590|218|-666666666|-222222222|354|53|781|211|-666666666|-222222222|-666666666|-222222222|-666666666|-222222222
1600000US3718040|786|242|-666666666|-222222222|-666666666|-222222222|-666666666|-222222222|-666666666|-222222222|-666666666|-222222222|-666666666|-222222222
1600000US3718060|1500|333|-666666666|-222222222|-666666666|-222222222|1656|302|1359|432|-666666666|-222222222|-666666666|-222222222
1600000US3718080|808|52|-666666666|-222222222|-666666666|-222222222|-666666666|-222222222|827|42|-666666666|-222222222|-666666666|-222222222
1600000US3718300|-666666666|-222222222|-666666666|-222222222|-666666666|-222222222|-666666666|-222222222|-666666666|-222222222|-666666666|-222222222|-666666666|-222222222
1600000US3718320|788|64|-666666666|-222222222|414|31|821|59|963|92|2071|481|-666666666|-222222222
1600000US3719000|1508|31|1379|77|1330|42|1524|45|1795|64|2029|188|2464|539
1600000US3719140|944|29|-666666666|-222222222|-666666666|-222222222|-666666666|-222222222|950|39|-666666666|-222222222|-666666666|-222222222
1600000US3719300|439|431|-666666666|-222222222|-666666666|-222222222|-666666666|-222222222|-666666666|-222222222|-666666666|-222222222|-666666666|-222222222
1600000US3719320|825|217|-666666666|-222222222|-666666666|-222222222|794|112|825|291|-666666666|-222222222|-666666666|-222222222
1600000US3719420|1015|192|-666666666|-222222222|780|75|924|101|1220|165|-666666666|-222222222|-666666666|-222222222
1600000US3719740|888|228|-666666666|-222222222|-666666666|-222222222|690|387|855|393|-666666666|-222222222|-666666666|-222222222
1600000US3719800|781|197|-666666666|-222222222|1197|455|751|87|-666666666|-222222222|-666666666|-222222222|-666666666|-222222222
1600000US3719860|677|466|-666666666|-222222222|403|86|908|467|1095|188|-666666666|-222222222|-666666666|-222222222
1600000US3720080|799|92|618|97|499|319|847|64|1066|87|1172|670|-666666666|-222222222
1600000US3720120|388|318|-666666666|-222222222|380|11|320|117|689|510|-666666666|-222222222|-666666666|-222222222
1600000US3720280|836|56|-666666666|-222222222|-666666666|-222222222|483|243|861|33|-666666666|-222222222|-666666666|-222222222
1600000US3720420|-666666666|-222222222|-666666666|-222222222|-666666666|-222222222|-666666666|-222222222|-666666666|-222222222|-666666666|-222222222|-666666666|-222222222
1600000US3720580|1117|76|581|455|668|271|979|150|1321|89|1275|826|-666666666|-222222222
1600000US3720600|439|376|-666666666|-222222222|336|80|805|305|1300|101|-666666666|-222222222|-666666666|-222222222
1600000US3720620|807|79|-666666666|-222222222|519|260|824|81|893|312|-666666666|-222222222|-666666666|-222222222
1600000US3720700|241|233|-666666666|-222222222|99|-333333333|725|111|-666666666|-222222222|-666666666|-222222222|-666666666|-222222222
1600000US3720780|711|50|-666666666|-222222222|-666666666|-222222222|707|154|719|154|-666666666|-222222222|-666666666|-222222222
1600000US3720840|575|30|533|414|-666666666|-222222222|-666666666|-222222222|988|356|-666666666|-222222222|-666666666|-222222222
1600000US3720980|859|160|448|45|814|714|729|122|913|68|-666666666|-222222222|-666666666|-222222222
1600000US3721095|2080|606|-666666666|-222222222|-666666666|-222222222|2205|931|3004|2530|2410|1361|1125|347
1600000US3721120|776|260|-666666666|-222222222|-666666666|-222222222|-666666666|-222222222|-666666666|-222222222|-666666666|-222222222|-666666666|-222222222
1600000US3721130|1005|114|-666666666|-222222222|-666666666|-222222222|1009|105|1041|266|-666666666|-222222222|-666666666|-222222222
1600000US3721160|1704|268|-666666666|-222222222|-666666666|-222222222|1288|340|1541|246|2734|35|-666666666|-222222222
1600000US3721260|1064|205|-666666666|-222222222|-666666666|-222222222|1125|313|-666666666|-222222222|-666666666|-222222222|-666666666|-222222222
1600000US3721360|583|308|-666666666|-222222222|288|34|563|186|1115|490|-666666666|-222222222|-666666666|-222222222
1600000US3721380|790|76|-666666666|-222222222|-666666666|-222222222|-666666666|-222222222|-666666666|-222222222|-666666666|-222222222|-666666666|-222222222
1600000US3721500|1089|232|-666666666|-222222222|-666666666|-222222222|1109|47|973|893|-666666666|-222222222|-666666666|-222222222
1600000US3721740|1112|163|-666666666|-222222222|695|215|1062|87|1383|371|-666666666|-222222222|-666666666|-222222222
1600000US3721880|1413|324|-666666666|-222222222|-666666666|-222222222|828|424|1558|262|-666666666|-222222222|-666666666|-222222222
1600000US3721960|865|134|-666666666|-222222222|-666666666|-222222222|-666666666|-222222222|860|46|-666666666|-222222222|-666666666|-222222222
1600000US3722040|819|192|-666666666|-222222222|-666666666|-222222222|705|653|847|141|-666666666|-222222222|-666666666|-222222222
1600000US3722080|697|30|-666666666|-222222222|-666666666|-222222222|-666666666|-222222222|-666666666|-222222222|-666666666|-222222222|-666666666|-222222222
1600000US3722240|684|91|678|95|-666666666|-222222222|806|363|-666666666|-222222222|-666666666|-222222222|-666666666|-222222222
1600000US3722280|-666666666|-222222222|-666666666|-222222222|-666666666|-222222222|-666666666|-222222222|-666666666|-222222222|-666666666|-222222222|-666666666|-222222222
1600000US3722305|1758|290|-666666666|-222222222|-666666666|-222222222|-666666666|-222222222|1901|366|-666666666|-222222222|-666666666|-222222222
1600000US3722360|603|94|455|336|467|279|529|55|908|212|1150|899|-666666666|-222222222
1600000US3722380|653|277|-666666666|-222222222|-666666666|-222222222|681|56|-666666666|-222222222|-666666666|-222222222|-666666666|-222222222
1600000US3722440|-666666666|-222222222|-666666666|-222222222|-666666666|-222222222|-666666666|-222222222|-666666666|-222222222|-666666666|-222222222|-666666666|-222222222
1600000US3722500|1141|37|-666666666|-222222222|-666666666|-222222222|-666666666|-222222222|1131|16|-666666666|-222222222|-666666666|-222222222
1600000US3722560|671|230|-666666666|-222222222|459|222|679|388|850|359|-666666666|-222222222|-666666666|-222222222
1600000US3722600|944|353|-666666666|-222222222|-666666666|-222222222|922|233|-666666666|-222222222|-666666666|-222222222|-666666666|-222222222
1600000US3722620|-666666666|-222222222|-666666666|-222222222|-666666666|-222222222|-666666666|-222222222|-666666666|-222222222|-666666666|-222222222|-666666666|-222222222
1600000US3722640|-666666666|-222222222|-666666666|-222222222|-666666666|-222222222|-666666666|-222222222|-666666666|-222222222|-666666666|-222222222|-666666666|-222222222
1600000US3722720|715|30|-666666666|-222222222|-666666666|-222222222|727|9|680|44|-666666666|-222222222|-666666666|-222222222
1600000US3722800|-666666666|-222222222|-666666666|-222222222|-666666666|-222222222|-666666666|-222222222|-666666666|-222222222|-666666666|-222222222|-666666666|-222222222
1600000US3722820|815|391|-666666666|-222222222|-666666666|-222222222|844|294|1062|280|-666666666|-222222222|-666666666|-222222222
1600000US3722920|1250|17|1106|54|1023|40|1174|21|1407|25|1705|66|1725|137
1600000US3722982|3501|-333333333|-666666666|-222222222|3501|-333333333|3501|-333333333|2208|102|-666666666|-222222222|-666666666|-222222222
1600000US3723520|-666666666|-222222222|-666666666|-222222222|-666666666|-222222222|-666666666|-222222222|-666666666|-222222222|-666666666|-222222222|-666666666|-222222222
1600000US3723600|1074|271|-666666666|-222222222|825|695|-666666666|-222222222|-666666666|-222222222|-666666666|-222222222|-666666666|-222222222
1600000US3723640|771|652|-666666666|-222222222|-666666666|-222222222|771|652|-666666666|-222222222|-666666666|-222222222|-666666666|-222222222
1600000US3723760|1484|204|-666666666|-222222222|1359|354|1452|363|2128|173|-666666666|-222222222|-666666666|-222222222
1600000US3723980|-666666666|-222222222|-666666666|-222222222|-666666666|-222222222|-666666666|-222222222|-666666666|-222222222|-666666666|-222222222|-666666666|-222222222
1600000US3724080|813|58|-666666666|-222222222|344|191|840|119|871|109|-666666666|-222222222|-666666666|-222222222
1600000US3724170|1208|829|-666666666|-222222222|-666666666|-222222222|-666666666|-222222222|1321|1278|-666666666|-222222222|-666666666|-222222222
1600000US3724198|-666666666|-222222222|-666666666|-222222222|-666666666|-222222222|-666666666|-222222222|-666666666|-222222222|-666666666|-222222222|-666666666|-222222222
1600000US3724380|928|170|-666666666|-222222222|-666666666|-222222222|-666666666|-222222222|1092|211|-666666666|-222222222|-666666666|-222222222
1600000US3724440|725|151|-666666666|-222222222|-666666666|-222222222|-666666666|-222222222|728|103|-666666666|-222222222|-666666666|-222222222
1600000US3724520|1081|101|-666666666|-222222222|353|245|1018|283|1600|960|-666666666|-222222222|-666666666|-222222222
1600000US3724570|1598|289|-666666666|-222222222|-666666666|-222222222|1184|82|-666666666|-222222222|-666666666|-222222222|-666666666|-222222222
1600000US3724640|725|85|499|300|677|238|780|270|950|380|-666666666|-222222222|-666666666|-222222222
1600000US3724720|963|161|-666666666|-222222222|-666666666|-222222222|950|229|965|256|-666666666|-222222222|-666666666|-222222222
1600000US3724740|944|97|-666666666|-222222222|-666666666|-222222222|929|169|1024|266|-666666666|-222222222|-666666666|-222222222
1600000US3724900|912|301|-666666666|-222222222|-666666666|-222222222|1036|312|-666666666|-222222222|-666666666|-222222222|-666666666|-222222222
1600000US3725020|-666666666|-222222222|-666666666|-222222222|-666666666|-222222222|-666666666|-222222222|-666666666|-222222222|-666666666|-222222222|-666666666|-222222222
1600000US3725160|906|281|-666666666|-222222222|-666666666|-222222222|796|298|-666666666|-222222222|-666666666|-222222222|-666666666|-222222222
1600000US3725300|1720|134|-666666666|-222222222|1499|168|1418|429|2037|249|2393|182|2537|1328
1600000US3725380|808|95|-666666666|-222222222|-666666666|-222222222|848|305|791|115|-666666666|-222222222|-666666666|-222222222
1600000US3725460|942|224|-666666666|-222222222|-666666666|-222222222|1089|418|867|558|-666666666|-222222222|-666666666|-222222222
1600000US3725480|1549|94|1345|70|1337|84|1605|103|1617|193|2474|317|-666666666|-222222222
1600000US3725540|850|142|-666666666|-222222222|-666666666|-222222222|781|101|-666666666|-222222222|-666666666|-222222222|-666666666|-222222222
1600000US3725560|818|260|-666666666|-222222222|-666666666|-222222222|821|472|697|443|1164|408|-666666666|-222222222
1600000US3725580|1204|30|1057|154|1019|81|1207|44|1325|65|2000|264|2587|2472
1600000US3725680|950|135|-666666666|-222222222|-666666666|-222222222|911|85|1175|211|-666666666|-222222222|-666666666|-222222222
1600000US3725880|-666666666|-222222222|-666666666|-222222222|-666666666|-222222222|-666666666|-222222222|-666666666|-222222222|-666666666|-222222222|-666666666|-222222222
1600000US3725900|-666666666|-222222222|-666666666|-222222222|-666666666|-222222222|-666666666|-222222222|-666666666|-222222222|-666666666|-222222222|-666666666|-222222222
1600000US3725940|748|100|542|302|508|232|793|75|825|454|-666666666|-222222222|-666666666|-222222222
1600000US3725980|1034|277|-666666666|-222222222|836|51|726|139|1319|320|-666666666|-222222222|-666666666|-222222222
1600000US3726200|871|134|-666666666|-222222222|-666666666|-222222222|886|253|1125|604|860|42|-666666666|-222222222
1600000US3726460|743|238|-666666666|-222222222|803|471|871|485|686|479|-666666666|-222222222|-666666666|-222222222
1600000US3726520|-666666666|-222222222|-666666666|-222222222|-666666666|-222222222|-666666666|-222222222|-666666666|-222222222|-666666666|-222222222|-666666666|-222222222
1600000US3726560|-666666666|-222222222|-666666666|-222222222|-666666666|-222222222|-666666666|-222222222|-666666666|-222222222|-666666666|-222222222|-666666666|-222222222
1600000US3726680|-666666666|-222222222|-666666666|-222222222|-666666666|-222222222|-666666666|-222222222|-666666666|-222222222|-666666666|-222222222|-666666666|-222222222
1600000US3726740|663|510|-666666666|-222222222|-666666666|-222222222|-666666666|-222222222|-666666666|-222222222|-666666666|-222222222|-666666666|-222222222
1600000US3726800|-666666666|-222222222|-666666666|-222222222|-666666666|-222222222|-666666666|-222222222|-666666666|-222222222|-666666666|-222222222|-666666666|-222222222
1600000US3726880|971|54|909|547|557|50|976|53|1145|115|1346|252|1347|884
1600000US3726920|938|553|-666666666|-222222222|-666666666|-222222222|-666666666|-222222222|938|553|-666666666|-222222222|-666666666|-222222222
1600000US3727120|1311|167|-666666666|-222222222|-666666666|-222222222|1311|167|-666666666|-222222222|-666666666|-222222222|-666666666|-222222222
1600000US3727180|-666666666|-222222222|-666666666|-222222222|-666666666|-222222222|-666666666|-222222222|-666666666|-222222222|-666666666|-222222222|-666666666|-222222222
1600000US3727182|1779|188|-666666666|-222222222|1421|112|1837|274|2125|332|-666666666|-222222222|-666666666|-222222222
1600000US3727280|1071|55|1216|355|840|221|1165|83|1059|100|-666666666|-222222222|-666666666|-222222222
1600000US3727300|-666666666|-222222222|-666666666|-222222222|-666666666|-222222222|-666666666|-222222222|-666666666|-222222222|-666666666|-222222222|-666666666|-222222222
1600000US3727324|-666666666|-222222222|-666666666|-222222222|-666666666|-222222222|-666666666|-222222222|-666666666|-222222222|-666666666|-222222222|-666666666|-222222222
1600000US3727400|1122|35|-666666666|-222222222|-666666666|-222222222|-666666666|-222222222|1128|42|-666666666|-222222222|-666666666|-222222222
1600000US3727420|905|167|-666666666|-222222222|584|403|912|95|924|366|-666666666|-222222222|-666666666|-222222222
1600000US3727440|1099|61|-666666666|-222222222|-666666666|-222222222|1117|18|-666666666|-222222222|-666666666|-222222222|-666666666|-222222222
1600000US3727520|838|73|-666666666|-222222222|-666666666|-222222222|848|12|-666666666|-222222222|-666666666|-222222222|-666666666|-222222222
1600000US3727780|491|455|-666666666|-222222222|-666666666|-222222222|487|471|822|642|-666666666|-222222222|-666666666|-222222222
1600000US3727870|891|106|-666666666|-222222222|-666666666|-222222222|811|424|949|292|2208|105|-666666666|-222222222
1600000US3728000|1172|15|1099|52|1058|27|1150|20|1367|54|1616|191|1704|472
1600000US3728080|1007|31|788|44|828|33|1040|32|1242|97|1597|822|724|497
1600000US3728200|-666666666|-222222222|-666666666|-222222222|317|48|431|119|1338|91|-666666666|-222222222|-666666666|-222222222
1600000US3728240|1453|283|-666666666|-222222222|-666666666|-222222222|-666666666|-222222222|1632|346|1321|186|-666666666|-222222222
1600000US3728400|1000|259|-666666666|-222222222|505|220|919|739|1206|228|-666666666|-222222222|-666666666|-222222222
1600000US3728600|-666666666|-222222222|-666666666|-222222222|-666666666|-222222222|-666666666|-222222222|-666666666|-222222222|-666666666|-222222222|-666666666|-222222222
1600000US3728900|1210|240|-666666666|-222222222|-666666666|-222222222|959|74|1335|167|1549|361|-666666666|-222222222
1600000US3728920|733|440|-666666666|-222222222|-666666666|-222222222|-666666666|-222222222|1057|353|-666666666|-222222222|-666666666|-222222222
1600000US3729000|-666666666|-222222222|-666666666|-222222222|-666666666|-222222222|-666666666|-222222222|-666666666|-222222222|-666666666|-222222222|-666666666|-222222222
1600000US3729120|-666666666|-222222222|-666666666|-222222222|-666666666|-222222222|-666666666|-222222222|-666666666|-222222222|-666666666|-222222222|-666666666|-222222222
1600000US3729160|640|47|-666666666|-222222222|-666666666|-222222222|620|169|687|231|-666666666|-222222222|-666666666|-222222222
1600000US3729180|1216|309|-666666666|-222222222|1161|119|1305|872|-666666666|-222222222|-666666666|-222222222|-666666666|-222222222
1600000US3729560|1125|79|-666666666|-222222222|-666666666|-222222222|-666666666|-222222222|1101|61|-666666666|-222222222|-666666666|-222222222
1600000US3729640|1304|137|-666666666|-222222222|-666666666|-222222222|813|221|1335|96|1125|341|-666666666|-222222222
1600000US3729680|-666666666|-222222222|-666666666|-222222222|-666666666|-222222222|-666666666|-222222222|-666666666|-222222222|-666666666|-222222222|-666666666|-222222222
1600000US3729720|1275|583|-666666666|-222222222|-666666666|-222222222|-666666666|-222222222|-666666666|-222222222|-666666666|-222222222|-666666666|-222222222
1600000US3729800|2640|310|-666666666|-222222222|-666666666|-222222222|-666666666|-222222222|3144|789|2511|264|2938|1488
1600000US3730040|-666666666|-222222222|-666666666|-222222222|-666666666|-222222222|-666666666|-222222222|-666666666|-222222222|-666666666|-222222222|-666666666|-222222222
1600000US3730100|-666666666|-222222222|-666666666|-222222222|-666666666|-222222222|-666666666|-222222222|-666666666|-222222222|-666666666|-222222222|-666666666|-222222222
1600000US3730120|1280|72|863|312|526|450|1111|51|1433|66|1638|146|-666666666|-222222222
1600000US3730260|1258|714|-666666666|-222222222|1713|83|843|57|1369|228|-666666666|-222222222|-666666666|-222222222
1600000US3730280|499|281|-666666666|-222222222|325|90|495|194|1110|42|-666666666|-222222222|-666666666|-222222222
1600000US3730340|-666666666|-222222222|-666666666|-222222222|-666666666|-222222222|-666666666|-222222222|-666666666|-222222222|-666666666|-222222222|-666666666|-222222222
1600000US3730620|1544|224|-666666666|-222222222|-666666666|-222222222|963|135|1730|145|1389|202|-666666666|-222222222
1600000US3730660|848|51|584|546|535|46|831|42|1040|89|962|786|-666666666|-222222222
1600000US3730720|1332|76|1385|786|1239|169|1358|125|1350|101|1348|69|-666666666|-222222222
1600000US3730800|-666666666|-222222222|-666666666|-222222222|-666666666|-222222222|-666666666|-222222222|-666666666|-222222222|-666666666|-222222222|-666666666|-222222222
1600000US3730900|613|197|-666666666|-222222222|320|203|-666666666|-222222222|-666666666|-222222222|-666666666|-222222222|-666666666|-222222222
1600000US3731060|1063|63|712|277|940|89|1064|84|1188|97|1383|707|-666666666|-222222222
1600000US3731260|-666666666|-222222222|-666666666|-222222222|-666666666|-222222222|-666666666|-222222222|-666666666|-222222222|-666666666|-222222222|-666666666|-222222222
1600000US3731360|650|533|-666666666|-222222222|924|513|520|241|1824|219|785|584|-666666666|-222222222
1600000US3731400|1116|34|823|307|995|76|1057|46|1322|55|1682|283|1873|417
1600000US3731440|968|292|-666666666|-222222222|-666666666|-222222222|845|268|-666666666|-222222222|-666666666|-222222222|-666666666|-222222222
1600000US3731490|-666666666|-222222222|-666666666|-222222222|-666666666|-222222222|-666666666|-222222222|-666666666|-222222222|-666666666|-222222222|-666666666|-222222222
1600000US3731500|809|199|-666666666|-222222222|580|34|901|315|819|87|-666666666|-222222222|-666666666|-222222222
1600000US3731620|1368|209|-666666666|-222222222|858|489|1255|640|1742|251|-666666666|-222222222|-666666666|-222222222
1600000US3731860|-666666666|-222222222|-666666666|-222222222|-666666666|-222222222|-666666666|-222222222|-666666666|-222222222|-666666666|-222222222|-666666666|-222222222
1600000US3731880|-666666666|-222222222|-666666666|-222222222|-666666666|-222222222|-666666666|-222222222|-666666666|-222222222|-666666666|-222222222|-666666666|-222222222
1600000US3731920|811|129|-666666666|-222222222|-666666666|-222222222|-666666666|-222222222|818|437|-666666666|-222222222|-666666666|-222222222
1600000US3731960|1475|359|-666666666|-222222222|-666666666|-222222222|-666666666|-222222222|-666666666|-222222222|-666666666|-222222222|-666666666|-222222222
1600000US3732100|767|480|-666666666|-222222222|-666666666|-222222222|-666666666|-222222222|767|492|-666666666|-222222222|-666666666|-222222222
1600000US3732180|1315|632|-666666666|-222222222|-666666666|-222222222|-666666666|-222222222|1348|1033|-666666666|-222222222|-666666666|-222222222
1600000US3732260|2021|111|2073|411|1361|123|1874|110|2083|98|2972|1184|3133|1197
1600000US3732540|717|207|-666666666|-222222222|329|150|740|80|582|562|-666666666|-222222222|-666666666|-222222222
1600000US3732580|1124|50|-666666666|-222222222|-666666666|-222222222|1122|248|-666666666|-222222222|-666666666|-222222222|-666666666|-222222222
1600000US3732640|1141|86|-666666666|-222222222|724|412|1051|132|1319|78|2115|227|3501|-333333333
1600000US3732740|-666666666|-222222222|-666666666|-222222222|-666666666|-222222222|429|247|-666666666|-222222222|-666666666|-222222222|-666666666|-222222222
1600000US3732840|521|86|-666666666|-222222222|508|404|544|87|775|741|-666666666|-222222222|-666666666|-222222222
1600000US3732980|549|319|-666666666|-222222222|731|140|538|210|-666666666|-222222222|-666666666|-222222222|-666666666|-222222222
1600000US3733120|1834|62|1383|122|1479|101|1785|66|2096|118|2626|136|2492|1047
1600000US3733320|842|214|-666666666|-222222222|-666666666|-222222222|829|208|989|259|-666666666|-222222222|-666666666|-222222222
1600000US3733460|-666666666|-222222222|-666666666|-222222222|-666666666|-222222222|-666666666|-222222222|-666666666|-222222222|-666666666|-222222222|-666666666|-222222222
1600000US3733560|2077|100|-666666666|-222222222|1631|141|1746|297|2083|120|2345|191|2796|106
1600000US3733640|-666666666|-222222222|-666666666|-222222222|-666666666|-222222222|-666666666|-222222222|-666666666|-222222222|-666666666|-222222222|-666666666|-222222222
1600000US3733820|-666666666|-222222222|-666666666|-222222222|-666666666|-222222222|-666666666|-222222222|-666666666|-222222222|-666666666|-222222222|-666666666|-222222222
1600000US3733940|-666666666|-222222222|-666666666|-222222222|-666666666|-222222222|-666666666|-222222222|-666666666|-222222222|-666666666|-222222222|-666666666|-222222222
1600000US3733993|-666666666|-222222222|-666666666|-222222222|-666666666|-222222222|-666666666|-222222222|-666666666|-222222222|-666666666|-222222222|-666666666|-222222222
1600000US3734000|947|211|-666666666|-222222222|-666666666|-222222222|1055|580|925|305|-666666666|-222222222|-666666666|-222222222
1600000US3734038|793|496|-666666666|-222222222|-666666666|-222222222|-666666666|-222222222|789|438|-666666666|-222222222|-666666666|-222222222
1600000US3734160|-666666666|-222222222|-666666666|-222222222|-666666666|-222222222|-666666666|-222222222|-666666666|-222222222|-666666666|-222222222|-666666666|-222222222
1600000US3734200|1321|36|959|299|1109|114|1146|62|1413|27|1588|102|2206|92
1600000US3734260|1019|148|-666666666|-222222222|-666666666|-222222222|-666666666|-222222222|1045|189|-666666666|-222222222|-666666666|-222222222
1600000US3734300|1153|258|-666666666|-222222222|1050|364|892|410|-666666666|-222222222|1358|57|-666666666|-222222222
1600000US3734320|705|93|-666666666|-222222222|-666666666|-222222222|669|527|-666666666|-222222222|-666666666|-222222222|-666666666|-222222222
1600000US3734440|748|159|-666666666|-222222222|646|595|739|95|913|379|-666666666|-222222222|-666666666|-222222222
1600000US3734840|499|251|-666666666|-222222222|457|98|685|319|1006|248|-666666666|-222222222|-666666666|-222222222
1600000US3735200|1319|67|1291|240|1195|167|1229|66|1514|147|2053|308|3501|-333333333
1600000US3735340|-666666666|-222222222|-666666666|-222222222|-666666666|-222222222|-666666666|-222222222|-666666666|-222222222|-666666666|-222222222|-666666666|-222222222
1600000US3735360|-666666666|-222222222|-666666666|-222222222|-666666666|-222222222|-666666666|-222222222|-666666666|-222222222|-666666666|-222222222|-666666666|-222222222
1600000US3735440|-666666666|-222222222|-666666666|-222222222|-666666666|-222222222|-666666666|-222222222|-666666666|-222222222|-666666666|-222222222|-666666666|-222222222
1600000US3735460|384|127|-666666666|-222222222|323|39|375|135|1067|358|-666666666|-222222222|-666666666|-222222222
1600000US3735540|787|87|-666666666|-222222222|775|164|687|128|1063|264|-666666666|-222222222|-666666666|-222222222
1600000US3735600|1082|77|789|59|980|76|1136|100|1354|168|-666666666|-222222222|-666666666|-222222222
1600000US3735720|1626|217|-666666666|-222222222|1711|114|2029|716|1484|228|1441|901|-666666666|-222222222
1600000US3735760|895|178|529|118|625|284|793|228|1105|65|-666666666|-222222222|-666666666|-222222222
1600000US3735870|1292|256|-666666666|-222222222|-666666666|-222222222|1175|100|1800|239|2511|528|-666666666|-222222222
1600000US3735880|959|83|852|196|721|245|848|165|1342|141|-666666666|-222222222|-666666666|-222222222
1600000US3735890|848|56|-666666666|-222222222|-666666666|-222222222|-666666666|-222222222|843|56|-666666666|-222222222|-666666666|-222222222
1600000US3735920|867|39|1007|386|475|133|903|79|892|54|1197|228|-666666666|-222222222
1600000US3736020|-666666666|-222222222|-666666666|-222222222|-666666666|-222222222|-666666666|-222222222|-666666666|-222222222|-666666666|-222222222|-666666666|-222222222
1600000US3736060|1309|233|-666666666|-222222222|-666666666|-222222222|1283|132|1716|119|-666666666|-222222222|-666666666|-222222222
1600000US3736080|1674|81|-666666666|-222222222|1341|110|1625|95|1971|207|2143|192|-666666666|-222222222
1600000US3736220|1436|265|-666666666|-222222222|-666666666|-222222222|1425|172|2069|319|1344|342|-666666666|-222222222
1600000US3736400|735|223|-666666666|-222222222|-666666666|-222222222|712|42|-666666666|-222222222|-666666666|-222222222|-666666666|-222222222
1600000US3736480|1137|83|-666666666|-222222222|-666666666|-222222222|1186|200|1171|135|-666666666|-222222222|-666666666|-222222222
1600000US3736500|786|161|-666666666|-222222222|-666666666|-222222222|783|618|-666666666|-222222222|-666666666|-222222222|-666666666|-222222222
1600000US3736510|1319|142|-666666666|-222222222|1453|265|1278|209|1325|753|-666666666|-222222222|-666666666|-222222222
1600000US3736511|1327|210|-666666666|-222222222|-666666666|-222222222|1120|178|1333|215|-666666666|-222222222|-666666666|-222222222
1600000US3736512|2040|250|-666666666|-222222222|-666666666|-222222222|1618|281|2175|126|2375|197|-666666666|-222222222
1600000US3736513|1390|55|-666666666|-222222222|-666666666|-222222222|-666666666|-222222222|-666666666|-222222222|-666666666|-222222222|-666666666|-222222222
1600000US3736514|-666666666|-222222222|-666666666|-222222222|-666666666|-222222222|-666666666|-222222222|-666666666|-222222222|-666666666|-222222222|-666666666|-222222222
1600000US3736640|928|310|-666666666|-222222222|-666666666|-222222222|792|233|1583|295|-666666666|-222222222|-666666666|-222222222
1600000US3736860|-666666666|-222222222|-666666666|-222222222|-666666666|-222222222|492|466|-666666666|-222222222|-666666666|-222222222|-666666666|-222222222
1600000US3736960|954|98|-666666666|-222222222|-666666666|-222222222|881|200|-666666666|-222222222|-666666666|-222222222|-666666666|-222222222
1600000US3737000|-666666666|-222222222|-666666666|-222222222|-666666666|-222222222|-666666666|-222222222|-666666666|-222222222|-666666666|-222222222|-666666666|-222222222
1600000US3737040|850|639|-666666666|-222222222|-666666666|-222222222|-666666666|-222222222|850|778|-666666666|-222222222|-666666666|-222222222
1600000US3737120|798|518|-666666666|-222222222|-666666666|-222222222|759|116|-666666666|-222222222|-666666666|-222222222|-666666666|-222222222
1600000US3737160|1418|156|-666666666|-222222222|-666666666|-222222222|1429|174|-666666666|-222222222|-666666666|-222222222|-666666666|-222222222
1600000US3737220|774|42|580|124|518|174|835|51|941|50|931|458|-666666666|-222222222
1600000US3737260|880|75|-666666666|-222222222|542|98|942|61|871|64|-666666666|-222222222|-666666666|-222222222
1600000US3737640|-666666666|-222222222|-666666666|-222222222|-666666666|-222222222|-666666666|-222222222|-666666666|-222222222|-666666666|-222222222|-666666666|-222222222
1600000US3737680|1735|108|-666666666|-222222222|1264|179|1621|173|1869|151|2148|198|-666666666|-222222222
1600000US3737760|664|58|401|138|509|258|692|61|791|156|-666666666|-222222222|-666666666|-222222222
1600000US3738030|542|285|-666666666|-222222222|-666666666|-222222222|-666666666|-222222222|530|45|-666666666|-222222222|-666666666|-222222222
1600000US3738040|1095|142|-666666666|-222222222|-666666666|-222222222|1061|219|1597|253|-666666666|-222222222|-666666666|-222222222
1600000US3738060|893|66|839|28|816|188|810|43|1155|58|1750|1018|1331|47
1600000US3738100|742|318|-666666666|-222222222|336|29|1005|103|909|363|-666666666|-222222222|-666666666|-222222222
1600000US3738170|-666666666|-222222222|-666666666|-222222222|-666666666|-222222222|-666666666|-222222222|-666666666|-222222222|-666666666|-222222222|-666666666|-222222222
1600000US3738200|929|65|-666666666|-222222222|-666666666|-222222222|-666666666|-222222222|-666666666|-222222222|-666666666|-222222222|-666666666|-222222222
1600000US3738220|997|80|-666666666|-222222222|615|159|970|86|1280|219|-666666666|-222222222|-666666666|-222222222
1600000US3738320|965|48|921|78|917|116|919|74|1504|509|-666666666|-222222222|-666666666|-222222222
1600000US3738360|788|433|-666666666|-222222222|-666666666|-222222222|-666666666|-222222222|775|182|-666666666|-222222222|-666666666|-222222222
1600000US3738420|-666666666|-222222222|-666666666|-222222222|-666666666|-222222222|-666666666|-222222222|-666666666|-222222222|-666666666|-222222222|-666666666|-222222222
1600000US3738680|-666666666|-222222222|-666666666|-222222222|275|135|-666666666|-222222222|-666666666|-222222222|-666666666|-222222222|-666666666|-222222222
1600000US3738860|895|609|-666666666|-222222222|-666666666|-222222222|832|83|1325|294|2574|291|-666666666|-222222222
1600000US3739060|-666666666|-222222222|-666666666|-222222222|-666666666|-222222222|-666666666|-222222222|-666666666|-222222222|-666666666|-222222222|-666666666|-222222222
1600000US3739280|794|158|-666666666|-222222222|-666666666|-222222222|814|158|1185|360|-666666666|-222222222|-666666666|-222222222
1600000US3739360|991|127|-666666666|-222222222|841|236|1006|160|907|209|-666666666|-222222222|-666666666|-222222222
1600000US3739420|564|163|581|41|435|99|642|410|-666666666|-222222222|-666666666|-222222222|-666666666|-222222222
1600000US3739480|1188|866|-666666666|-222222222|-666666666|-222222222|810|300|1809|1363|2220|68|-666666666|-222222222
1600000US3739520|1490|456|-666666666|-222222222|-666666666|-222222222|-666666666|-222222222|1575|453|-666666666|-222222222|-666666666|-222222222
1600000US3739540|763|215|-666666666|-222222222|-666666666|-222222222|-666666666|-222222222|-666666666|-222222222|-666666666|-222222222|-666666666|-222222222
1600000US3739600|980|148|-666666666|-222222222|-666666666|-222222222|923|520|1064|105|-666666666|-222222222|-666666666|-222222222
1600000US3739680|1000|182|-666666666|-222222222|-666666666|-222222222|-666666666|-222222222|975|155|-666666666|-222222222|-666666666|-222222222
1600000US3739700|866|58|-666666666|-222222222|535|81|841|115|1048|54|1328|152|-666666666|-222222222
1600000US3739880|1125|287|-666666666|-222222222|-666666666|-222222222|-666666666|-222222222|1196|439|-666666666|-222222222|-666666666|-222222222
1600000US3739960|796|228|-666666666|-222222222|-666666666|-222222222|636|182|950|472|-666666666|-222222222|-666666666|-222222222
1600000US3740140|-666666666|-222222222|-666666666|-222222222|-666666666|-222222222|-666666666|-222222222|-666666666|-222222222|-666666666|-222222222|-666666666|-222222222
1600000US3740240|-666666666|-222222222|-666666666|-222222222|-666666666|-222222222|-666666666|-222222222|-666666666|-222222222|-666666666|-222222222|-666666666|-222222222
1600000US3740460|-666666666|-222222222|-666666666|-222222222|-666666666|-222222222|-666666666|-222222222|-666666666|-222222222|-666666666|-222222222|-666666666|-222222222
1600000US3740540|-666666666|-222222222|-666666666|-222222222|-666666666|-222222222|-666666666|-222222222|-666666666|-222222222|-666666666|-222222222|-666666666|-222222222
1600000US3740560|830|146|-666666666|-222222222|347|249|817|331|976|102|-666666666|-222222222|-666666666|-222222222
1600000US3740600|1067|263|-666666666|-222222222|-666666666|-222222222|1163|270|-666666666|-222222222|-666666666|-222222222|-666666666|-222222222
1600000US3740640|516|219|-666666666|-222222222|-666666666|-222222222|508|209|1090|405|-666666666|-222222222|-666666666|-222222222
1600000US3740660|776|156|-666666666|-222222222|-666666666|-222222222|751|496|-666666666|-222222222|-666666666|-222222222|-666666666|-222222222
1600000US3740860|746|326|-666666666|-222222222|-666666666|-222222222|-666666666|-222222222|-666666666|-222222222|-666666666|-222222222|-666666666|-222222222
1600000US3740980|1294|166|-666666666|-222222222|-666666666|-222222222|1294|166|-666666666|-222222222|-666666666|-222222222|-666666666|-222222222
1600000US3741060|1204|267|-666666666|-222222222|391|121|1225|431|1602|499|-666666666|-222222222|-666666666|-222222222
1600000US3741220|946|29|-666666666|-222222222|-666666666|-222222222|-666666666|-222222222|-666666666|-222222222|-666666666|-222222222|-666666666|-222222222
1600000US3741380|708|203|-666666666|-222222222|-666666666|-222222222|-666666666|-222222222|708|203|-666666666|-222222222|-666666666|-222222222
1600000US3741420|762|120|-666666666|-222222222|441|153|734|85|1004|93|-666666666|-222222222|-666666666|-222222222
1600000US3741540|821|56|-666666666|-222222222|-666666666|-222222222|783|69|882|73|-666666666|-222222222|-666666666|-222222222
1600000US3741580|733|546|-666666666|-222222222|445|183|-666666666|-222222222|1417|669|-666666666|-222222222|-666666666|-222222222
1600000US3741600|-666666666|-222222222|-666666666|-222222222|-666666666|-222222222|-666666666|-222222222|-666666666|-222222222|-666666666|-222222222|-666666666|-222222222
1600000US3741620|1043|172|-666666666|-222222222|-666666666|-222222222|873|266|1337|212|-666666666|-222222222|-666666666|-222222222
1600000US3741640|1117|175|-666666666|-222222222|-666666666|-222222222|896|483|1127|142|-666666666|-222222222|-666666666|-222222222
1600000US3741720|-666666666|-222222222|-666666666|-222222222|-666666666|-222222222|-666666666|-222222222|-666666666|-222222222|-666666666|-222222222|-666666666|-222222222
1600000US3741960|1764|42|1706|231|1653|121|1783|44|1921|232|1815|328|2989|357
1600000US3742000|934|98|-666666666|-222222222|-666666666|-222222222|-666666666|-222222222|966|98|-666666666|-222222222|-666666666|-222222222
1600000US3742020|619|58|430|69|383|236|635|156|835|76|-666666666|-222222222|-666666666|-222222222
1600000US3742060|817|196|-666666666|-222222222|416|133|968|176|1343|83|-666666666|-222222222|-666666666|-222222222
1600000US3742100|748|702|-666666666|-222222222|342|45|731|93|1635|500|-666666666|-222222222|-666666666|-222222222
1600000US3742240|1283|99|-666666666|-222222222|1159|45|1198|107|1886|196|2466|289|-666666666|-222222222
1600000US3742480|-666666666|-222222222|-666666666|-222222222|-666666666|-222222222|-666666666|-222222222|-666666666|-222222222|-666666666|-222222222|-666666666|-222222222
1600000US3742620|917|434|-666666666|-222222222|-666666666|-222222222|746|442|-666666666|-222222222|-666666666|-222222222|-666666666|-222222222
1600000US3742640|-666666666|-222222222|-666666666|-222222222|-666666666|-222222222|-666666666|-222222222|-666666666|-222222222|-666666666|-222222222|-666666666|-222222222
1600000US3742700|645|284|-666666666|-222222222|442|353|880|241|820|408|-666666666|-222222222|-666666666|-222222222
1600000US3742760|1418|390|-666666666|-222222222|-666666666|-222222222|963|111|1641|284|-666666666|-222222222|-666666666|-222222222
1600000US3742860|778|215|-666666666|-222222222|-666666666|-222222222|683|154|-666666666|-222222222|727|668|-666666666|-222222222
1600000US3743160|695|517|-666666666|-222222222|-666666666|-222222222|-666666666|-222222222|-666666666|-222222222|-666666666|-222222222|-666666666|-222222222
1600000US3743200|-666666666|-222222222|-666666666|-222222222|-666666666|-222222222|-666666666|-222222222|-666666666|-222222222|-666666666|-222222222|-666666666|-222222222
1600000US3743260|1551|437|-666666666|-222222222|-666666666|-222222222|1023|558|1765|250|1683|108|-666666666|-222222222
1600000US3743300|-666666666|-222222222|-666666666|-222222222|-666666666|-222222222|-666666666|-222222222|-666666666|-222222222|-666666666|-222222222|-666666666|-222222222
1600000US3743320|-666666666|-222222222|-666666666|-222222222|-666666666|-222222222|-666666666|-222222222|-666666666|-222222222|-666666666|-222222222|-666666666|-222222222
1600000US3743360|1340|99|-666666666|-222222222|-666666666|-222222222|1071|567|1309|143|-666666666|-222222222|-666666666|-222222222
1600000US3743440|1405|93|-666666666|-222222222|-666666666|-222222222|-666666666|-222222222|1417|87|-666666666|-222222222|-666666666|-222222222
1600000US3743480|1528|182|-666666666|-222222222|1122|137|1330|82|1925|281|2181|126|-666666666|-222222222
1600000US3743580|806|245|-666666666|-222222222|588|263|856|28|-666666666|-222222222|-666666666|-222222222|-666666666|-222222222
1600000US3743720|892|118|811|263|611|306|789|191|1598|425|-666666666|-222222222|-666666666|-222222222
1600000US3743860|817|211|-666666666|-222222222|-666666666|-222222222|950|45|785|131|-666666666|-222222222|-666666666|-222222222
1600000US3743880|544|373|-666666666|-222222222|-666666666|-222222222|-666666666|-222222222|-666666666|-222222222|-666666666|-222222222|-666666666|-222222222
1600000US3743920|1246|66|852|819|908|158|1158|53|1581|192|1934|340|2629|256
1600000US3744100|-666666666|-222222222|-666666666|-222222222|-666666666|-222222222|-666666666|-222222222|-666666666|-222222222|-666666666|-222222222|-666666666|-222222222
1600000US3744160|800|71|-666666666|-222222222|-666666666|-222222222|800|71|-666666666|-222222222|-666666666|-222222222|-666666666|-222222222
1600000US3744220|1626|62|1213|171|1409|77|1583|81|1747|102|2290|439|3070|276
1600000US3744280|700|494|-666666666|-222222222|-666666666|-222222222|758|559|-666666666|-222222222|-666666666|-222222222|-666666666|-222222222
1600000US3744320|1134|85|819|413|862|211|1118|108|1156|204|2057|978|-666666666|-222222222
1600000US3744400|944|40|-666666666|-222222222|681|225|938|43|1070|159|-666666666|-222222222|-666666666|-222222222
1600000US3744520|1858|60|1675|111|1603|84|1812|62|2105|107|2221|33|2882|853
1600000US3744560|877|92|-666666666|-222222222|-666666666|-222222222|844|10|1018|306|-666666666|-222222222|-666666666|-222222222
1600000US3744700|1240|395|-666666666|-222222222|-666666666|-222222222|2092|662|-666666666|-222222222|-666666666|-222222222|-666666666|-222222222
1600000US3744770|956|167|-666666666|-222222222|-666666666|-222222222|830|306|1216|278|-666666666|-222222222|-666666666|-222222222
1600000US3744800|725|75|760|477|514|143|741|109|914|399|-666666666|-222222222|-666666666|-222222222
1600000US3744900|1061|246|709|78|407|72|1093|97|1293|205|-666666666|-222222222|-666666666|-222222222
1600000US3744960|1256|115|-666666666|-222222222|1217|153|1238|295|1220|185|1785|261|-666666666|-222222222
1600000US3745100|950|34|-666666666|-222222222|423|422|892|64|982|84|1350|66|-666666666|-222222222
1600000US3745140|1178|213|-666666666|-222222222|-666666666|-222222222|1020|120|1427|377|-666666666|-222222222|-666666666|-222222222
1600000US3745460|1710|123|-666666666|-222222222|-666666666|-222222222|-666666666|-222222222|-666666666|-222222222|-666666666|-222222222|-666666666|-222222222
1600000US3745560|604|131|-666666666|-222222222|-666666666|-222222222|584|42|1288|1089|-666666666|-222222222|-666666666|-222222222
1600000US3745640|1079|142|-666666666|-222222222|-666666666|-222222222|853|225|1139|109|1264|562|-666666666|-222222222
1600000US3745660|422|272|648|597|283|17|629|378|1225|339|-666666666|-222222222|-666666666|-222222222
1600000US3745720|1777|99|-666666666|-222222222|1440|236|1814|145|1835|164|-666666666|-222222222|-666666666|-222222222
1600000US3745840|1463|290|-666666666|-222222222|-666666666|-222222222|1560|893|1614|560|-666666666|-222222222|-666666666|-222222222
1600000US3745880|1005|428|-666666666|-222222222|-666666666|-222222222|-666666666|-222222222|2225|191|-666666666|-222222222|-666666666|-222222222
1600000US3746000|1073|71|-666666666|-222222222|-666666666|-222222222|1026|285|1224|120|-666666666|-222222222|-666666666|-222222222
1600000US3746060|1313|235|-666666666|-222222222|-666666666|-222222222|-666666666|-222222222|1104|597|-666666666|-222222222|-666666666|-222222222
1600000US3746100|1087|155|-666666666|-222222222|-666666666|-222222222|-666666666|-222222222|-666666666|-222222222|-666666666|-222222222|-666666666|-222222222
1600000US3746280|-666666666|-222222222|-666666666|-222222222|-666666666|-222222222|-666666666|-222222222|841|288|-666666666|-222222222|-666666666|-222222222
1600000US3746340|1081|49|1114|172|663|207|1074|54|1290|107|1141|468|-666666666|-222222222
1600000US3746650|-666666666|-222222222|-666666666|-222222222|-666666666|-222222222|-666666666|-222222222|-666666666|-222222222|-666666666|-222222222|-666666666|-222222222
1600000US3746740|792|93|-666666666|-222222222|469|374|792|85|1031|406|-666666666|-222222222|-666666666|-222222222
1600000US3746820|1234|681|-666666666|-222222222|-666666666|-222222222|-666666666|-222222222|1662|465|-666666666|-222222222|-666666666|-222222222
1600000US3746860|896|308|-666666666|-222222222|419|258|974|221|1202|144|-666666666|-222222222|-666666666|-222222222
1600000US3747000|1091|128|-666666666|-222222222|911|323|993|125|1190|265|-666666666|-222222222|-666666666|-222222222
1600000US3747020|995|94|-666666666|-222222222|1054|156|-666666666|-222222222|942|205|-666666666|-222222222|-666666666|-222222222
1600000US3747240|747|239|-666666666|-222222222|303|46|857|155|707|354|-666666666|-222222222|-666666666|-222222222
1600000US3747260|-666666666|-222222222|-666666666|-222222222|-666666666|-222222222|-666666666|-222222222|-666666666|-222222222|-666666666|-222222222|-666666666|-222222222
1600000US3747485|1365|68|-666666666|-222222222|-666666666|-222222222|1368|54|-666666666|-222222222|-666666666|-222222222|-666666666|-222222222
1600000US3747695|-666666666|-222222222|-666666666|-222222222|-666666666|-222222222|-666666666|-222222222|-666666666|-222222222|-666666666|-222222222|-666666666|-222222222
1600000US3747845|1268|195|-666666666|-222222222|1136|44|1438|907|-666666666|-222222222|-666666666|-222222222|-666666666|-222222222
1600000US3747860|825|529|-666666666|-222222222|-666666666|-222222222|-666666666|-222222222|749|609|-666666666|-222222222|-666666666|-222222222
1600000US3747880|599|197|-666666666|-222222222|295|43|677|48|-666666666|-222222222|-666666666|-222222222|-666666666|-222222222
1600000US3747980|919|83|-666666666|-222222222|-666666666|-222222222|855|44|964|61|-666666666|-222222222|-666666666|-222222222
1600000US3748040|1057|196|-666666666|-222222222|-666666666|-222222222|952|391|1417|1275|1944|584|-666666666|-222222222
1600000US3748060|975|322|-666666666|-222222222|-666666666|-222222222|938|292|1042|518|-666666666|-222222222|-666666666|-222222222
1600000US3748345|1339|148|-666666666|-222222222|-666666666|-222222222|1403|220|1441|277|-666666666|-222222222|-666666666|-222222222
1600000US3748480|3009|2714|-666666666|-222222222|-666666666|-222222222|-666666666|-222222222|-666666666|-222222222|-666666666|-222222222|-666666666|-222222222
1600000US3748700|-666666666|-222222222|-666666666|-222222222|-666666666|-222222222|-666666666|-222222222|-666666666|-222222222|-666666666|-222222222|-666666666|-222222222
1600000US3748740|1408|229|-666666666|-222222222|-666666666|-222222222|-666666666|-222222222|-666666666|-222222222|-666666666|-222222222|-666666666|-222222222
1600000US3748790|2867|637|-666666666|-222222222|-666666666|-222222222|2231|555|2890|747|-666666666|-222222222|-666666666|-222222222
1600000US3748920|818|102|-666666666|-222222222|1000|550|814|329|795|138|-666666666|-222222222|-666666666|-222222222
1600000US3748940|768|15|-666666666|-222222222|-666666666|-222222222|-666666666|-222222222|-666666666|-222222222|-666666666|-222222222|-666666666|-222222222
1600000US3749380|1138|67|-666666666|-222222222|-666666666|-222222222|1164|77|-666666666|-222222222|-666666666|-222222222|-666666666|-222222222
1600000US3749460|-666666666|-222222222|-666666666|-222222222|-666666666|-222222222|-666666666|-222222222|-666666666|-222222222|-666666666|-222222222|-666666666|-222222222
1600000US3749600|1094|645|-666666666|-222222222|817|384|595|301|1592|483|-666666666|-222222222|-666666666|-222222222
1600000US3749800|995|66|-666666666|-222222222|697|211|1036|70|1039|92|-666666666|-222222222|-666666666|-222222222
1600000US3750080|840|667|-666666666|-222222222|-666666666|-222222222|-666666666|-222222222|-666666666|-222222222|-666666666|-222222222|-666666666|-222222222
1600000US3750340|1700|256|-666666666|-222222222|-666666666|-222222222|-666666666|-222222222|1694|249|-666666666|-222222222|-666666666|-222222222
1600000US3750540|1063|122|-666666666|-222222222|-666666666|-222222222|1130|42|940|51|-666666666|-222222222|-666666666|-222222222
1600000US3750700|1000|212|-666666666|-222222222|-666666666|-222222222|1146|238|918|255|-666666666|-222222222|-666666666|-222222222
1600000US3750820|919|280|-666666666|-222222222|-666666666|-222222222|-666666666|-222222222|1083|1005|-666666666|-222222222|-666666666|-222222222
1600000US3751040|1196|139|-666666666|-222222222|-666666666|-222222222|1226|134|1063|691|-666666666|-222222222|-666666666|-222222222
1600000US3751080|707|76|727|90|371|29|719|177|864|189|636|154|-666666666|-222222222
1600000US3751780|1065|71|-666666666|-222222222|-666666666|-222222222|1069|95|1099|362|-666666666|-222222222|-666666666|-222222222
1600000US3751820|969|137|-666666666|-222222222|-666666666|-222222222|795|247|1143|100|-666666666|-222222222|-666666666|-222222222
1600000US3751840|1176|465|-666666666|-222222222|-666666666|-222222222|742|584|1417|441|-666666666|-222222222|-666666666|-222222222
1600000US3751940|1664|306|-666666666|-222222222|1148|379|1388|109|1914|392|2547|264|-666666666|-222222222
1600000US3752000|1750|178|-666666666|-222222222|-666666666|-222222222|1650|202|-666666666|-222222222|-666666666|-222222222|-666666666|-222222222
1600000US3752020|804|66|-666666666|-222222222|-666666666|-222222222|794|44|1156|669|-666666666|-222222222|-666666666|-222222222
1600000US3752140|815|262|-666666666|-222222222|-666666666|-222222222|883|443|808|302|-666666666|-222222222|-666666666|-222222222
1600000US3752160|-666666666|-222222222|-666666666|-222222222|-666666666|-222222222|-666666666|-222222222|-666666666|-222222222|-666666666|-222222222|-666666666|-222222222
1600000US3752220|1552|113|1031|442|1405|340|1588|87|1922|366|-666666666|-222222222|-666666666|-222222222
1600000US3752260|1202|90|-666666666|-222222222|841|18|1138|68|1369|194|1446|431|-666666666|-222222222
1600000US3752400|575|413|-666666666|-222222222|-666666666|-222222222|-666666666|-222222222|495|397|-666666666|-222222222|-666666666|-222222222
1600000US3752500|814|525|-666666666|-222222222|-666666666|-222222222|-666666666|-222222222|-666666666|-222222222|-666666666|-222222222|-666666666|-222222222
1600000US3752660|1211|279|-666666666|-222222222|1051|474|1124|211|1935|531|2245|141|-666666666|-222222222
1600000US3752685|894|386|-666666666|-222222222|-666666666|-222222222|-666666666|-222222222|-666666666|-222222222|-666666666|-222222222|-666666666|-222222222
1600000US3752760|1416|431|-666666666|-222222222|-666666666|-222222222|-666666666|-222222222|1452|464|-666666666|-222222222|-666666666|-222222222
1600000US3752920|-666666666|-222222222|-666666666|-222222222|-666666666|-222222222|-666666666|-222222222|-666666666|-222222222|-666666666|-222222222|-666666666|-222222222
1600000US3753040|728|158|-666666666|-222222222|662|554|767|320|748|588|-666666666|-222222222|-666666666|-222222222
1600000US3753140|1009|269|-666666666|-222222222|-666666666|-222222222|971|245|1097|53|-666666666|-222222222|-666666666|-222222222
1600000US3753160|820|333|-666666666|-222222222|-666666666|-222222222|830|272|-666666666|-222222222|-666666666|-222222222|-666666666|-222222222
1600000US3753200|716|46|-666666666|-222222222|-666666666|-222222222|713|68|758|227|-666666666|-222222222|-666666666|-222222222
1600000US3753475|1503|457|-666666666|-222222222|1411|76|1861|417|-666666666|-222222222|-666666666|-222222222|-666666666|-222222222
1600000US3753580|-666666666|-222222222|-666666666|-222222222|-666666666|-222222222|-666666666|-222222222|-666666666|-222222222|-666666666|-222222222|-666666666|-222222222
1600000US3753680|-666666666|-222222222|-666666666|-222222222|-666666666|-222222222|-666666666|-222222222|-666666666|-222222222|-666666666|-222222222|-666666666|-222222222
1600000US3753820|690|132|-666666666|-222222222|182|38|689|89|1250|240|-666666666|-222222222|-666666666|-222222222
1600000US3753840|1103|137|-666666666|-222222222|-666666666|-222222222|-666666666|-222222222|1150|130|-666666666|-222222222|-666666666|-222222222
1600000US3753900|1141|63|-666666666|-222222222|-666666666|-222222222|-666666666|-222222222|1156|352|-666666666|-222222222|-666666666|-222222222
1600000US3753950|-666666666|-222222222|-666666666|-222222222|-666666666|-222222222|-666666666|-222222222|-666666666|-222222222|-666666666|-222222222|-666666666|-222222222
1600000US3754160|-666666666|-222222222|-666666666|-222222222|-666666666|-222222222|-666666666|-222222222|-666666666|-222222222|-666666666|-222222222|-666666666|-222222222
1600000US3754580|833|101|658|233|385|65|812|143|1069|120|-666666666|-222222222|-666666666|-222222222
1600000US3754600|-666666666|-222222222|-666666666|-222222222|-666666666|-222222222|-666666666|-222222222|-666666666|-222222222|-666666666|-222222222|-666666666|-222222222
1600000US3755000|1572|23|1365|61|1408|27|1576|26|1807|39|2164|99|2178|210
1600000US3755040|683|58|-666666666|-222222222|420|39|674|14|1149|196|-666666666|-222222222|-666666666|-222222222
1600000US3755080|801|175|-666666666|-222222222|757|387|625|34|1056|99|-666666666|-222222222|-666666666|-222222222
1600000US3755260|1811|422|-666666666|-222222222|483|22|844|32|2037|229|2227|76|-666666666|-222222222
1600000US3755340|-666666666|-222222222|-666666666|-222222222|-666666666|-222222222|-666666666|-222222222|-666666666|-222222222|-666666666|-222222222|-666666666|-222222222
1600000US3755460|711|73|-666666666|-222222222|-666666666|-222222222|683|36|1000|720|-666666666|-222222222|-666666666|-222222222
1600000US3755640|-666666666|-222222222|-666666666|-222222222|-666666666|-222222222|-666666666|-222222222|-666666666|-222222222|-666666666|-222222222|-666666666|-222222222
1600000US3755660|582|208|307|96|331|121|805|234|882|104|-666666666|-222222222|-666666666|-222222222
1600000US3755900|822|59|724|639|610|79|852|66|899|88|-666666666|-222222222|-666666666|-222222222
1600000US3755940|653|132|-666666666|-222222222|-666666666|-222222222|450|165|669|41|-666666666|-222222222|-666666666|-222222222
1600000US3756100|-666666666|-222222222|-666666666|-222222222|-666666666|-222222222|-666666666|-222222222|-666666666|-222222222|-666666666|-222222222|-666666666|-222222222
1600000US3756240|846|225|-666666666|-222222222|-666666666|-222222222|858|240|443|324|-666666666|-222222222|-666666666|-222222222
1600000US3756340|1060|210|-666666666|-222222222|-666666666|-222222222|788|71|1140|49|-666666666|-222222222|-666666666|-222222222
1600000US3756360|798|536|-666666666|-222222222|269|67|779|77|1917|858|2204|194|-666666666|-222222222
1600000US3756440|764|538|-666666666|-222222222|394|46|796|491|1333|453|-666666666|-222222222|-666666666|-222222222
1600000US3756600|-666666666|-222222222|-666666666|-222222222|-666666666|-222222222|-666666666|-222222222|-666666666|-222222222|-666666666|-222222222|-666666666|-222222222
1600000US3756710|1289|123|-666666666|-222222222|-666666666|-222222222|1270|364|1345|61|-666666666|-222222222|-666666666|-222222222
1600000US3756815|817|118|-666666666|-222222222|-666666666|-222222222|782|136|827|94|-666666666|-222222222|-666666666|-222222222
1600000US3756900|858|55|-666666666|-222222222|500|186|837|220|1010|114|1069|146|-666666666|-222222222
1600000US3757000|688|39|-666666666|-222222222|513|215|1317|313|679|14|-666666666|-222222222|-666666666|-222222222
1600000US3757020|364|140|-666666666|-222222222|309|110|829|432|-666666666|-222222222|-666666666|-222222222|-666666666|-222222222
1600000US3757039|-666666666|-222222222|-666666666|-222222222|-666666666|-222222222|-666666666|-222222222|-666666666|-222222222|-666666666|-222222222|-666666666|-222222222
1600000US3757100|572|346|-666666666|-222222222|306|81|618|330|-666666666|-222222222|-666666666|-222222222|-666666666|-222222222
1600000US3757200|1274|187|-666666666|-222222222|-666666666|-222222222|1097|191|1333|188|-666666666|-222222222|-666666666|-222222222
1600000US3757260|659|105|615|120|370|88|827|111|958|258|821|618|-666666666|-222222222
1600000US3757340|952|36|-666666666|-222222222|-666666666|-222222222|932|48|1106|181|-666666666|-222222222|-666666666|-222222222
1600000US3757500|957|30|829|84|904|185|899|45|1112|47|1563|240|1967|497
1600000US3757540|971|307|-666666666|-222222222|-666666666|-222222222|-666666666|-222222222|966|110|-666666666|-222222222|-666666666|-222222222
1600000US3757580|-666666666|-222222222|-666666666|-222222222|-666666666|-222222222|-666666666|-222222222|-666666666|-222222222|-666666666|-222222222|-666666666|-222222222
1600000US3757640|1085|808|-666666666|-222222222|-666666666|-222222222|1570|634|-666666666|-222222222|-666666666|-222222222|-666666666|-222222222
1600000US3757700|875|434|-666666666|-222222222|-666666666|-222222222|1125|1022|685|271|-666666666|-222222222|-666666666|-222222222
1600000US3757740|643|272|-666666666|-222222222|-666666666|-222222222|643|341|-666666666|-222222222|-666666666|-222222222|-666666666|-222222222
1600000US3757800|436|383|248|77|-666666666|-222222222|894|323|725|188|1382|64|-666666666|-222222222
1600000US3757860|785|153|-666666666|-222222222|438|152|779|305|1211|309|-666666666|-222222222|-666666666|-222222222
1600000US3758020|867|154|-666666666|-222222222|-666666666|-222222222|1033|657|863|93|-666666666|-222222222|-666666666|-222222222
1600000US3758040|-666666666|-222222222|-666666666|-222222222|-666666666|-222222222|-666666666|-222222222|-666666666|-222222222|-666666666|-222222222|-666666666|-222222222
1600000US3758140|733|94|463|181|338|49|784|86|833|231|-666666666|-222222222|-666666666|-222222222
1600000US3758160|860|50|-666666666|-222222222|672|423|849|60|1071|74|-666666666|-222222222|-666666666|-222222222
1600000US3758180|1100|61|-666666666|-222222222|-666666666|-222222222|-666666666|-222222222|-666666666|-222222222|-666666666|-222222222|-666666666|-222222222
1600000US3758260|1596|231|-666666666|-222222222|-666666666|-222222222|1552|227|1885|779|-666666666|-222222222|-666666666|-222222222
1600000US3758340|-666666666|-222222222|-666666666|-222222222|-666666666|-222222222|-666666666|-222222222|-666666666|-222222222|-666666666|-222222222|-666666666|-222222222
1600000US3758360|967|116|-666666666|-222222222|803|378|957|108|1456|271|-666666666|-222222222|-666666666|-222222222
1600000US3758420|675|349|-666666666|-222222222|-666666666|-222222222|785|494|-666666666|-222222222|-666666666|-222222222|-666666666|-222222222
1600000US3758440|853|501|-666666666|-222222222|-666666666|-222222222|806|460|-666666666|-222222222|-666666666|-222222222|-666666666|-222222222
1600000US3758460|860|146|1052|567|418|415|857|222|1094|56|-666666666|-222222222|-666666666|-222222222
1600000US3758620|1696|160|-666666666|-222222222|-666666666|-222222222|1696|160|-666666666|-222222222|-666666666|-222222222|-666666666|-222222222
1600000US3758630|-666666666|-222222222|-666666666|-222222222|-666666666|-222222222|-666666666|-222222222|-666666666|-222222222|-666666666|-222222222|-666666666|-222222222
1600000US3758720|781|42|361|255|296|210|769|66|975|72|-666666666|-222222222|-666666666|-222222222
1600000US3758730|958|94|-666666666|-222222222|-666666666|-222222222|985|164|919|330|-666666666|-222222222|-666666666|-222222222
1600000US3758740|856|164|-666666666|-222222222|-666666666|-222222222|878|397|-666666666|-222222222|-666666666|-222222222|-666666666|-222222222
1600000US3758840|1083|188|-666666666|-222222222|-666666666|-222222222|-666666666|-222222222|1333|737|-666666666|-222222222|-666666666|-222222222
1600000US3758860|1071|81|1732|1636|921|103|1051|92|1149|179|2287|199|-666666666|-222222222
1600000US3758920|1263|238|-666666666|-222222222|-666666666|-222222222|-666666666|-222222222|1667|462|-666666666|-222222222|-666666666|-222222222
1600000US3758940|-666666666|-222222222|-666666666|-222222222|-666666666|-222222222|-666666666|-222222222|-666666666|-222222222|-666666666|-222222222|-666666666|-222222222
1600000US3759090|785|232|-666666666|-222222222|-666666666|-222222222|-666666666|-222222222|-666666666|-222222222|-666666666|-222222222|-666666666|-222222222
1600000US3759135|885|275|-666666666|-222222222|-666666666|-222222222|-666666666|-222222222|1030|292|-666666666|-222222222|-666666666|-222222222
1600000US3759280|1052|43|1255|500|881|154|1049|54|1179|140|1440|969|-666666666|-222222222
1600000US3759340|800|439|-666666666|-222222222|-666666666|-222222222|633|140|1096|75|-666666666|-222222222|-666666666|-222222222
1600000US3759540|730|66|-666666666|-222222222|-666666666|-222222222|751|102|815|568|-666666666|-222222222|-666666666|-222222222
1600000US3759580|753|504|-666666666|-222222222|-666666666|-222222222|-666666666|-222222222|-666666666|-222222222|-666666666|-222222222|-666666666|-222222222
1600000US3759765|-666666666|-222222222|-666666666|-222222222|-666666666|-222222222|-666666666|-222222222|-666666666|-222222222|-666666666|-222222222|-666666666|-222222222
1600000US3759780|559|127|-666666666|-222222222|299|39|601|234|-666666666|-222222222|-666666666|-222222222|-666666666|-222222222
1600000US3759980|508|428|-666666666|-222222222|318|30|249|174|1075|166|-666666666|-222222222|-666666666|-222222222
1600000US3760000|-666666666|-222222222|-666666666|-222222222|-666666666|-222222222|-666666666|-222222222|-666666666|-222222222|-666666666|-222222222|-666666666|-222222222
1600000US3760080|705|67|-666666666|-222222222|-666666666|-222222222|-666666666|-222222222|715|158|-666666666|-222222222|-666666666|-222222222
1600000US3760180|-666666666|-222222222|-666666666|-222222222|-666666666|-222222222|-666666666|-222222222|-666666666|-222222222|-666666666|-222222222|-666666666|-222222222
1600000US3760320|820|168|-666666666|-222222222|378|16|806|109|1297|140|1451|1213|-666666666|-222222222
1600000US3760505|1583|1206|-666666666|-222222222|-666666666|-222222222|-666666666|-222222222|-666666666|-222222222|-666666666|-222222222|-666666666|-222222222
1600000US3760515|914|83|-666666666|-222222222|-666666666|-222222222|-666666666|-222222222|914|83|-666666666|-222222222|-666666666|-222222222
1600000US3760540|-666666666|-222222222|-666666666|-222222222|-666666666|-222222222|-666666666|-222222222|-666666666|-222222222|-666666666|-222222222|-666666666|-222222222
1600000US3760560|-666666666|-222222222|-666666666|-222222222|-666666666|-222222222|-666666666|-222222222|-666666666|-222222222|-666666666|-222222222|-666666666|-222222222
1600000US3760800|1256|152|1008|564|1202|131|-666666666|-222222222|1434|155|-666666666|-222222222|-666666666|-222222222
1600000US3760940|-666666666|-222222222|-666666666|-222222222|-666666666|-222222222|-666666666|-222222222|-666666666|-222222222|-666666666|-222222222|-666666666|-222222222
1600000US3761060|954|123|-666666666|-222222222|-666666666|-222222222|856|78|1290|183|-666666666|-222222222|-666666666|-222222222
1600000US3761200|945|73|-666666666|-222222222|713|362|966|64|1163|218|1556|443|-666666666|-222222222
1600000US3761860|1000|213|-666666666|-222222222|611|126|1087|166|915|157|-666666666|-222222222|-666666666|-222222222
1600000US3761920|1168|459|-666666666|-222222222|-666666666|-222222222|885|252|-666666666|-222222222|-666666666|-222222222|-666666666|-222222222
1600000US3761950|1416|155|-666666666|-222222222|950|407|1146|503|1492|239|-666666666|-222222222|-666666666|-222222222
1600000US3762040|767|119|-666666666|-222222222|-666666666|-222222222|763|106|-666666666|-222222222|-666666666|-222222222|-666666666|-222222222
1600000US3762060|1027|475|-666666666|-222222222|-666666666|-222222222|1054|494|-666666666|-222222222|-666666666|-222222222|-666666666|-222222222
1600000US3762190|838|309|-666666666|-222222222|-666666666|-222222222|838|309|-666666666|-222222222|-666666666|-222222222|-666666666|-222222222
1600000US3762520|658|309|-666666666|-222222222|513|56|903|301|1035|415|-666666666|-222222222|-666666666|-222222222
1600000US3762580|-666666666|-222222222|-666666666|-222222222|-666666666|-222222222|-666666666|-222222222|-666666666|-222222222|-666666666|-222222222|-666666666|-222222222
1600000US3762680|-666666666|-222222222|-666666666|-222222222|691|234|-666666666|-222222222|1722|62|-666666666|-222222222|-666666666|-222222222
1600000US3762760|696|111|-666666666|-222222222|651|609|686|180|1071|231|-666666666|-222222222|-666666666|-222222222
1600000US3763120|1354|100|2019|481|1167|191|1274|172|1599|476|-666666666|-222222222|-666666666|-222222222
1600000US3763130|-666666666|-222222222|-666666666|-222222222|-666666666|-222222222|-666666666|-222222222|-666666666|-222222222|-666666666|-222222222|-666666666|-222222222
1600000US3763240|932|193|-666666666|-222222222|-666666666|-222222222|770|161|992|123|-666666666|-222222222|-666666666|-222222222
1600000US3763340|-666666666|-222222222|-666666666|-222222222|-666666666|-222222222|-666666666|-222222222|-666666666|-222222222|-666666666|-222222222|-666666666|-222222222
1600000US3763360|-666666666|-222222222|-666666666|-222222222|-666666666|-222222222|-666666666|-222222222|-666666666|-222222222|-666666666|-222222222|-666666666|-222222222
1600000US3763400|1426|459|-666666666|-222222222|-666666666|-222222222|861|643|1700|145|-666666666|-222222222|-666666666|-222222222
1600000US3763470|907|337|-666666666|-222222222|-666666666|-222222222|1044|572|742|376|-666666666|-222222222|-666666666|-222222222
1600000US3763560|487|190|-666666666|-222222222|-666666666|-222222222|459|351|705|663|-666666666|-222222222|-666666666|-222222222
1600000US3763680|563|144|-666666666|-222222222|384|130|721|322|675|361|-666666666|-222222222|-666666666|-222222222
1600000US3763720|-666666666|-222222222|-666666666|-222222222|-666666666|-222222222|-666666666|-222222222|-666666666|-222222222|-666666666|-222222222|-666666666|-222222222
1600000US3763760|1000|200|-666666666|-222222222|506|127|968|158|-666666666|-222222222|-666666666|-222222222|-666666666|-222222222
1600000US3763780|-666666666|-222222222|-666666666|-222222222|-666666666|-222222222|-666666666|-222222222|-666666666|-222222222|-666666666|-222222222|-666666666|-222222222
1600000US3763880|755|33|825|98|705|119|750|86|805|90|-666666666|-222222222|-666666666|-222222222
1600000US3763920|-666666666|-222222222|-666666666|-222222222|-666666666|-222222222|-666666666|-222222222|-666666666|-222222222|-666666666|-222222222|-666666666|-222222222
1600000US3764000|2010|223|-666666666|-222222222|-666666666|-222222222|-666666666|-222222222|1829|189|2187|108|2406|318
1600000US3764050|1233|156|-666666666|-222222222|-666666666|-222222222|-666666666|-222222222|1281|258|-666666666|-222222222|-666666666|-222222222
1600000US3764160|763|253|-666666666|-222222222|363|119|754|232|1125|113|-666666666|-222222222|-666666666|-222222222
1600000US3764180|1351|57|933|680|1054|273|1335|66|1352|82|1686|91|-666666666|-222222222
1600000US3764260|837|121|-666666666|-222222222|654|242|861|141|860|290|-666666666|-222222222|-666666666|-222222222
1600000US3764380|869|199|-666666666|-222222222|-666666666|-222222222|775|158|1071|329|-666666666|-222222222|-666666666|-222222222
1600000US3764420|1882|276|-666666666|-222222222|-666666666|-222222222|1938|721|1911|289|2408|860|-666666666|-222222222
1600000US3764460|825|407|-666666666|-222222222|-666666666|-222222222|625|153|-666666666|-222222222|-666666666|-222222222|-666666666|-222222222
1600000US3764500|1122|84|-666666666|-222222222|-666666666|-222222222|1088|133|1190|205|-666666666|-222222222|-666666666|-222222222
1600000US3764560|919|422|-666666666|-222222222|-666666666|-222222222|820|146|1299|707|-666666666|-222222222|-666666666|-222222222
1600000US3764580|642|181|-666666666|-222222222|544|65|534|56|783|347|-666666666|-222222222|-666666666|-222222222
1600000US3764740|1000|71|879|272|788|250|954|113|1444|151|1776|133|-666666666|-222222222
1600000US3764840|1549|535|-666666666|-222222222|-666666666|-222222222|775|232|1618|326|-666666666|-222222222|-666666666|-222222222
1600000US3764940|925|167|-666666666|-222222222|-666666666|-222222222|-666666666|-222222222|-666666666|-222222222|-666666666|-222222222|-666666666|-222222222
1600000US3765020|-666666666|-222222222|-666666666|-222222222|-666666666|-222222222|-666666666|-222222222|-666666666|-222222222|-666666666|-222222222|-666666666|-222222222
1600000US3765040|1450|826|-666666666|-222222222|-666666666|-222222222|-666666666|-222222222|-666666666|-222222222|-666666666|-222222222|-666666666|-222222222
1600000US3765100|738|360|-666666666|-222222222|355|156|717|32|1092|98|-666666666|-222222222|-666666666|-222222222
1600000US3765120|-666666666|-222222222|-666666666|-222222222|-666666666|-222222222|-666666666|-222222222|-666666666|-222222222|-666666666|-222222222|-666666666|-222222222
1600000US3765260|-666666666|-222222222|-666666666|-222222222|-666666666|-222222222|-666666666|-222222222|-666666666|-222222222|-666666666|-222222222|-666666666|-222222222
1600000US3765320|1188|663|-666666666|-222222222|-666666666|-222222222|-666666666|-222222222|1556|1494|-666666666|-222222222|-666666666|-222222222
1600000US3765530|1500|482|-666666666|-222222222|-666666666|-222222222|1667|722|-666666666|-222222222|-666666666|-222222222|-666666666|-222222222
1600000US3765580|1521|1454|-666666666|-222222222|-666666666|-222222222|-666666666|-222222222|1702|759|-666666666|-222222222|-666666666|-222222222
1600000US3765700|-666666666|-222222222|-666666666|-222222222|-666666666|-222222222|-666666666|-222222222|-666666666|-222222222|-666666666|-222222222|-666666666|-222222222
1600000US3765900|537|342|-666666666|-222222222|-666666666|-222222222|524|21|1083|117|-666666666|-222222222|-666666666|-222222222
1600000US3766040|1707|691|-666666666|-222222222|-666666666|-222222222|2067|352|-666666666|-222222222|2286|910|-666666666|-222222222
1600000US3766280|788|462|-666666666|-222222222|-666666666|-222222222|-666666666|-222222222|-666666666|-222222222|-666666666|-222222222|-666666666|-222222222
1600000US3766340|-666666666|-222222222|-666666666|-222222222|-666666666|-222222222|-666666666|-222222222|-666666666|-222222222|-666666666|-222222222|-666666666|-222222222
1600000US3766360|1106|991|-666666666|-222222222|-666666666|-222222222|-666666666|-222222222|1663|199|-666666666|-222222222|-666666666|-222222222
1600000US3766460|1191|588|-666666666|-222222222|-666666666|-222222222|1030|178|2074|598|-666666666|-222222222|-666666666|-222222222
1600000US3766500|797|197|594|247|716|163|922|198|986|142|-666666666|-222222222|-666666666|-222222222
1600000US3766520|809|122|-666666666|-222222222|705|642|818|87|1156|359|-666666666|-222222222|-666666666|-222222222
1600000US3766700|843|44|-666666666|-222222222|717|236|800|100|972|107|-666666666|-222222222|-666666666|-222222222
1600000US3766740|-666666666|-222222222|-666666666|-222222222|-666666666|-222222222|-666666666|-222222222|-666666666|-222222222|-666666666|-222222222|-666666666|-222222222
1600000US3766960|496|166|-666666666|-222222222|413|112|525|196|713|83|-666666666|-222222222|-666666666|-222222222
1600000US3766980|1176|255|-666666666|-222222222|-666666666|-222222222|-666666666|-222222222|-666666666|-222222222|-666666666|-222222222|-666666666|-222222222
1600000US3767000|888|236|-666666666|-222222222|-666666666|-222222222|813|385|-666666666|-222222222|-666666666|-222222222|-666666666|-222222222
1600000US3767420|879|56|751|728|567|114|834|37|1053|124|1648|616|-666666666|-222222222
1600000US3767700|847|196|-666666666|-222222222|-666666666|-222222222|647|551|-666666666|-222222222|-666666666|-222222222|-666666666|-222222222
1600000US3767720|976|137|-666666666|-222222222|1014|262|850|173|1040|134|-666666666|-222222222|-666666666|-222222222
1600000US3768040|-666666666|-222222222|-666666666|-222222222|-666666666|-222222222|-666666666|-222222222|-666666666|-222222222|-666666666|-222222222|-666666666|-222222222
1600000US3768320|979|270|-666666666|-222222222|-666666666|-222222222|873|148|-666666666|-222222222|-666666666|-222222222|-666666666|-222222222
1600000US3768340|1385|53|-666666666|-222222222|-666666666|-222222222|1181|357|1402|65|-666666666|-222222222|-666666666|-222222222
1600000US3768400|955|48|-666666666|-222222222|871|185|749|166|1014|116|-666666666|-222222222|-666666666|-222222222
1600000US3768500|1292|820|-666666666|-222222222|-666666666|-222222222|-666666666|-222222222|1521|944|-666666666|-222222222|-666666666|-222222222
1600000US3768520|675|63|-666666666|-222222222|367|283|925|553|694|85|-666666666|-222222222|-666666666|-222222222
1600000US3768580|1288|142|-666666666|-222222222|1149|209|1424|140|-666666666|-222222222|-666666666|-222222222|-666666666|-222222222
1600000US3768740|847|21|-666666666|-222222222|-666666666|-222222222|850|182|847|49|-666666666|-222222222|-666666666|-222222222
1600000US3769020|746|94|-666666666|-222222222|-666666666|-222222222|-666666666|-222222222|816|259|-666666666|-222222222|-666666666|-222222222
1600000US3769260|978|560|-666666666|-222222222|-666666666|-222222222|1075|888|1301|508|-666666666|-222222222|-666666666|-222222222
1600000US3769520|665|301|-666666666|-222222222|-666666666|-222222222|856|371|-666666666|-222222222|-666666666|-222222222|-666666666|-222222222
1600000US3769600|-666666666|-222222222|-666666666|-222222222|-666666666|-222222222|-666666666|-222222222|-666666666|-222222222|-666666666|-222222222|-666666666|-222222222
1600000US3769640|-666666666|-222222222|-666666666|-222222222|-666666666|-222222222|-666666666|-222222222|-666666666|-222222222|-666666666|-222222222|-666666666|-222222222
1600000US3769680|492|302|-666666666|-222222222|309|30|557|278|950|406|-666666666|-222222222|-666666666|-222222222
1600000US3769720|-666666666|-222222222|-666666666|-222222222|-666666666|-222222222|-666666666|-222222222|-666666666|-222222222|-666666666|-222222222|-666666666|-222222222
1600000US3769740|929|87|-666666666|-222222222|-666666666|-222222222|832|189|-666666666|-222222222|-666666666|-222222222|-666666666|-222222222
1600000US3769755|-666666666|-222222222|-666666666|-222222222|-666666666|-222222222|-666666666|-222222222|-666666666|-222222222|-666666666|-222222222|-666666666|-222222222
1600000US3769795|1087|181|-666666666|-222222222|-666666666|-222222222|-666666666|-222222222|1087|181|-666666666|-222222222|-666666666|-222222222
1600000US3769840|881|424|-666666666|-222222222|-666666666|-222222222|869|499|841|113|2712|85|-666666666|-222222222
1600000US3770320|-666666666|-222222222|-666666666|-222222222|-666666666|-222222222|-666666666|-222222222|-666666666|-222222222|-666666666|-222222222|-666666666|-222222222
1600000US3770340|-666666666|-222222222|-666666666|-222222222|3501|-333333333|-666666666|-222222222|-666666666|-222222222|-666666666|-222222222|-666666666|-222222222
1600000US3770380|906|236|-666666666|-222222222|647|123|-666666666|-222222222|1088|193|-666666666|-222222222|-666666666|-222222222
1600000US3770480|823|112|-666666666|-222222222|-666666666|-222222222|784|27|822|463|-666666666|-222222222|-666666666|-222222222
1600000US3770540|1596|105|-666666666|-222222222|1319|149|1548|224|1786|130|2683|125|3139|277
1600000US3770580|1194|874|-666666666|-222222222|-666666666|-222222222|-666666666|-222222222|-666666666|-222222222|-666666666|-222222222|-666666666|-222222222
1600000US3770660|1379|265|-666666666|-222222222|1298|263|1079|211|1718|194|-666666666|-222222222|-666666666|-222222222
1600000US3770720|881|198|-666666666|-222222222|377|22|899|139|970|554|-666666666|-222222222|-666666666|-222222222
1600000US3770740|-666666666|-222222222|-666666666|-222222222|-666666666|-222222222|-666666666|-222222222|-666666666|-222222222|-666666666|-222222222|-666666666|-222222222
1600000US3770780|674|133|-666666666|-222222222|340|103|652|149|1268|211|-666666666|-222222222|-666666666|-222222222
1600000US3770820|1788|135|-666666666|-222222222|-666666666|-222222222|-666666666|-222222222|-666666666|-222222222|-666666666|-222222222|-666666666|-222222222
1600000US3770860|-666666666|-222222222|-666666666|-222222222|-666666666|-222222222|-666666666|-222222222|-666666666|-222222222|-666666666|-222222222|-666666666|-222222222
1600000US3770920|1073|126|-666666666|-222222222|-666666666|-222222222|1130|40|-666666666|-222222222|-666666666|-222222222|-666666666|-222222222
1600000US3771100|716|226|-666666666|-222222222|400|129|788|95|1113|262|-666666666|-222222222|-666666666|-222222222
1600000US3771160|925|60|-666666666|-222222222|667|336|920|59|1040|186|-666666666|-222222222|-666666666|-222222222
1600000US3771220|856|73|850|223|576|119|872|65|970|69|636|374|-666666666|-222222222
1600000US3771240|1167|998|-666666666|-222222222|-666666666|-222222222|1167|787|-666666666|-222222222|-666666666|-222222222|-666666666|-222222222
1600000US3771320|-666666666|-222222222|-666666666|-222222222|-666666666|-222222222|-666666666|-222222222|-666666666|-222222222|-666666666|-222222222|-666666666|-222222222
1600000US3771440|-666666666|-222222222|-666666666|-222222222|-666666666|-222222222|-666666666|-222222222|-666666666|-222222222|-666666666|-222222222|-666666666|-222222222
1600000US3771460|1840|97|-666666666|-222222222|-666666666|-222222222|1782|78|1710|98|2831|396|2927|348
1600000US3771500|1070|120|675|362|1059|103|991|210|1285|538|1746|48|-666666666|-222222222
1600000US3771560|1783|248|-666666666|-222222222|1268|324|1735|192|2346|293|-666666666|-222222222|-666666666|-222222222
1600000US3771600|733|524|-666666666|-222222222|-666666666|-222222222|-666666666|-222222222|742|651|-666666666|-222222222|-666666666|-222222222
1600000US3771680|1927|829|-666666666|-222222222|-666666666|-222222222|-666666666|-222222222|2027|401|-666666666|-222222222|-666666666|-222222222
1600000US3771760|836|206|-666666666|-222222222|-666666666|-222222222|667|257|-666666666|-222222222|-666666666|-222222222|-666666666|-222222222
1600000US3771780|921|218|-666666666|-222222222|905|283|836|148|-666666666|-222222222|-666666666|-222222222|-666666666|-222222222
1600000US3771860|1457|159|-666666666|-222222222|771|349|1450|808|1470|216|-666666666|-222222222|-666666666|-222222222
1600000US3771900|800|93|-666666666|-222222222|-666666666|-222222222|-666666666|-222222222|772|192|-666666666|-222222222|-666666666|-222222222
1600000US3771940|3191|1710|-666666666|-222222222|-666666666|-222222222|-666666666|-222222222|-666666666|-222222222|-666666666|-222222222|-666666666|-222222222
1600000US3772150|1223|267|-666666666|-222222222|-666666666|-222222222|1307|484|-666666666|-222222222|-666666666|-222222222|-666666666|-222222222
1600000US3772540|484|132|-666666666|-222222222|334|105|470|223|-666666666|-222222222|-666666666|-222222222|-666666666|-222222222
1600000US3772600|866|110|-666666666|-222222222|-666666666|-222222222|861|119|-666666666|-222222222|-666666666|-222222222|-666666666|-222222222
1600000US3772755|1556|1093|-666666666|-222222222|-666666666|-222222222|-666666666|-222222222|1382|595|-666666666|-222222222|-666666666|-222222222
1600000US3773140|2336|320|-666666666|-222222222|-666666666|-222222222|-666666666|-222222222|2225|197|-666666666|-222222222|-666666666|-222222222
1600000US3773160|887|101|-666666666|-222222222|813|565|910|596|993|190|-666666666|-222222222|-666666666|-222222222
1600000US3773300|893|218|-666666666|-222222222|-666666666|-222222222|1194|207|1167|580|-666666666|-222222222|-666666666|-222222222
1600000US3773320|-666666666|-222222222|-666666666|-222222222|-666666666|-222222222|-666666666|-222222222|-666666666|-222222222|-666666666|-222222222|-666666666|-222222222
1600000US3773460|548|266|-666666666|-222222222|-666666666|-222222222|-666666666|-222222222|-666666666|-222222222|-666666666|-222222222|-666666666|-222222222
1600000US3773660|773|164|-666666666|-222222222|733|538|873|243|819|507|-666666666|-222222222|-666666666|-222222222
1600000US3773760|1167|479|-666666666|-222222222|-666666666|-222222222|-666666666|-222222222|1167|454|-666666666|-222222222|-666666666|-222222222
1600000US3773780|-666666666|-222222222|-666666666|-222222222|-666666666|-222222222|-666666666|-222222222|-666666666|-222222222|-666666666|-222222222|-666666666|-222222222
1600000US3774020|764|52|-666666666|-222222222|-666666666|-222222222|749|72|829|53|-666666666|-222222222|-666666666|-222222222
1600000US3774220|684|47|655|164|432|63|680|80|1010|219|-666666666|-222222222|-666666666|-222222222
1600000US3774440|1395|37|1158|135|1240|59|1428|47|1659|75|1297|240|1800|304
1600000US3774540|971|42|1107|164|739|43|938|46|1095|59|1326|175|-666666666|-222222222
1600000US3774580|1021|542|-666666666|-222222222|-666666666|-222222222|675|193|958|283|-666666666|-222222222|-666666666|-222222222
1600000US3774680|746|107|-666666666|-222222222|365|143|713|119|1078|270|-666666666|-222222222|-666666666|-222222222
1600000US3774720|1157|124|-666666666|-222222222|-666666666|-222222222|1154|214|1169|230|-666666666|-222222222|-666666666|-222222222
1600000US3774760|1123|184|-666666666|-222222222|638|466|979|113|1829|195|1917|1870|-666666666|-222222222
1600000US3775000|1087|22|957|171|966|42|1052|33|1336|52|1682|246|2096|444
1600000US3775060|1534|219|-666666666|-222222222|-666666666|-222222222|1313|222|1712|73|-666666666|-222222222|-666666666|-222222222
1600000US3775080|843|165|-666666666|-222222222|350|116|717|167|933|74|-666666666|-222222222|-666666666|-222222222
1600000US3775280|1546|119|-666666666|-222222222|1237|170|1595|101|1849|555|-666666666|-222222222|-666666666|-222222222
1600000US3775340|483|313|-666666666|-222222222|317|32|525|504|592|339|-666666666|-222222222|-666666666|-222222222
1600000US3775375|841|22|-666666666|-222222222|-666666666|-222222222|-666666666|-222222222|-666666666|-222222222|-666666666|-222222222|-666666666|-222222222
1600000US3775780|1250|186|-666666666|-222222222|-666666666|-222222222|870|695|1268|152|-666666666|-222222222|-666666666|-222222222
1600000US3775820|2336|773|-666666666|-222222222|868|830|1659|660|2828|429|-666666666|-222222222|-666666666|-222222222
1600000US3775880|-666666666|-222222222|-666666666|-222222222|-666666666|-222222222|-666666666|-222222222|-666666666|-222222222|-666666666|-222222222|-666666666|-222222222
1600000US3775960|745|88|-666666666|-222222222|770|400|702|51|902|98|-666666666|-222222222|-666666666|-222222222
1600000US3776000|521|217|-666666666|-222222222|283|107|721|164|736|414|-666666666|-222222222|-666666666|-222222222
1600000US3776200|1239|154|-666666666|-222222222|1220|159|1174|285|1417|1387|-666666666|-222222222|-666666666|-222222222
1600000US3776220|1109|170|-666666666|-222222222|945|59|812|364|1324|76|2870|286|-666666666|-222222222
1600000US4500100|587|357|-666666666|-222222222|557|277|426|360|1170|253|-666666666|-222222222|-666666666|-222222222
1600000US4500165|-666666666|-222222222|-666666666|-222222222|-666666666|-222222222|-666666666|-222222222|-666666666|-222222222|-666666666|-222222222|-666666666|-222222222
1600000US4500370|-666666666|-222222222|-666666666|-222222222|-666666666|-222222222|-666666666|-222222222|-666666666|-222222222|-666666666|-222222222|-666666666|-222222222
1600000US4500550|1180|54|698|463|1117|54|1122|105|1198|89|1769|134|-666666666|-222222222
1600000US4500775|-666666666|-222222222|-666666666|-222222222|-666666666|-222222222|-666666666|-222222222|-666666666|-222222222|-666666666|-222222222|-666666666|-222222222
1600000US4500955|568|266|-666666666|-222222222|389|166|360|216|737|237|-666666666|-222222222|-666666666|-222222222
1600000US4501360|975|58|1002|446|867|44|903|134|1293|100|1168|302|-666666666|-222222222
1600000US4501450|1043|234|-666666666|-222222222|-666666666|-222222222|1078|194|843|135|-666666666|-222222222|-666666666|-222222222
1600000US4501810|-666666666|-222222222|-666666666|-222222222|-666666666|-222222222|-666666666|-222222222|-666666666|-222222222|-666666666|-222222222|-666666666|-222222222
1600000US4502080|1266|108|-666666666|-222222222|1149|47|1337|90|1188|530|-666666666|-222222222|-666666666|-222222222
1600000US4502125|-666666666|-222222222|-666666666|-222222222|-666666666|-222222222|-666666666|-222222222|-666666666|-222222222|1464|1052|-666666666|-222222222
1600000US4502440|1003|377|-666666666|-222222222|-666666666|-222222222|753|129|-666666666|-222222222|-666666666|-222222222|-666666666|-222222222
1600000US4502530|981|175|-666666666|-222222222|514|42|1042|175|924|277|-666666666|-222222222|-666666666|-222222222
1600000US4502665|830|118|-666666666|-222222222|-666666666|-222222222|-666666666|-222222222|844|809|779|328|-666666666|-222222222
1600000US4503115|-666666666|-222222222|-666666666|-222222222|-666666666|-222222222|-666666666|-222222222|-666666666|-222222222|-666666666|-222222222|-666666666|-222222222
1600000US4503205|1083|451|-666666666|-222222222|1063|400|1350|243|-666666666|-222222222|-666666666|-222222222|-666666666|-222222222
1600000US4503385|-666666666|-222222222|-666666666|-222222222|-666666666|-222222222|-666666666|-222222222|-666666666|-222222222|-666666666|-222222222|-666666666|-222222222
1600000US4503430|1160|169|-666666666|-222222222|-666666666|-222222222|1139|80|1318|163|-666666666|-222222222|-666666666|-222222222
1600000US4503790|817|98|-666666666|-222222222|508|413|854|113|945|121|-666666666|-222222222|-666666666|-222222222
1600000US4504060|678|245|-666666666|-222222222|379|61|691|285|906|156|-666666666|-222222222|-666666666|-222222222
1600000US4504300|958|121|-666666666|-222222222|410|269|1021|252|953|105|-666666666|-222222222|-666666666|-222222222
1600000US4504528|1345|701|-666666666|-222222222|-666666666|-222222222|-666666666|-222222222|-666666666|-222222222|-666666666|-222222222|-666666666|-222222222
1600000US4504690|1212|154|1159|142|614|135|1183|176|1807|188|-666666666|-222222222|-666666666|-222222222
1600000US4504915|1207|177|-666666666|-222222222|-666666666|-222222222|-666666666|-222222222|-666666666|-222222222|-666666666|-222222222|-666666666|-222222222
1600000US4505365|972|114|-666666666|-222222222|757|409|944|102|1092|108|-666666666|-222222222|-666666666|-222222222
1600000US4505410|987|150|-666666666|-222222222|725|36|907|284|1174|281|-666666666|-222222222|-666666666|-222222222
1600000US4505545|1116|74|-666666666|-222222222|-666666666|-222222222|1097|103|1224|140|-666666666|-222222222|-666666666|-222222222
1600000US4505680|671|49|467|127|523|139|805|236|686|42|1199|196|-666666666|-222222222
1600000US4505770|1076|70|-666666666|-222222222|-666666666|-222222222|1056|65|1498|204|-666666666|-222222222|-666666666|-222222222
1600000US4506040|1591|997|-666666666|-222222222|-666666666|-222222222|956|32|-666666666|-222222222|-666666666|-222222222|-666666666|-222222222
1600000US4506310|614|125|-666666666|-222222222|489|65|346|324|979|155|-666666666|-222222222|-666666666|-222222222
1600000US4506400|834|122|-666666666|-222222222|273|37|676|539|1059|128|-666666666|-222222222|-666666666|-222222222
1600000US4506490|-666666666|-222222222|-666666666|-222222222|-666666666|-222222222|1098|53|1096|168|-666666666|-222222222|-666666666|-222222222
1600000US4506850|-666666666|-222222222|-666666666|-222222222|-666666666|-222222222|-666666666|-222222222|-666666666|-222222222|-666666666|-222222222|-666666666|-222222222
1600000US4507210|2256|121|-666666666|-222222222|1930|230|2028|163|2630|292|3145|372|-666666666|-222222222
1600000US4507255|1107|158|-666666666|-222222222|-666666666|-222222222|966|142|-666666666|-222222222|-666666666|-222222222|-666666666|-222222222
1600000US4507345|1266|260|-666666666|-222222222|1085|169|1198|297|1706|148|-666666666|-222222222|-666666666|-222222222
1600000US4507525|1181|331|-666666666|-222222222|-666666666|-222222222|1083|163|1536|433|-666666666|-222222222|-666666666|-222222222
1600000US4507535|1548|766|-666666666|-222222222|-666666666|-222222222|-666666666|-222222222|-666666666|-222222222|-666666666|-222222222|-666666666|-222222222
1600000US4507840|848|110|-666666666|-222222222|-666666666|-222222222|859|111|-666666666|-222222222|-666666666|-222222222|-666666666|-222222222
1600000US4508110|-666666666|-222222222|-666666666|-222222222|-666666666|-222222222|-666666666|-222222222|-666666666|-222222222|-666666666|-222222222|-666666666|-222222222
1600000US4508155|-666666666|-222222222|-666666666|-222222222|-666666666|-222222222|-666666666|-222222222|-666666666|-222222222|-666666666|-222222222|-666666666|-222222222
1600000US4508245|758|314|-666666666|-222222222|575|151|692|271|941|95|-666666666|-222222222|-666666666|-222222222
1600000US4508830|-666666666|-222222222|-666666666|-222222222|-666666666|-222222222|-666666666|-222222222|-666666666|-222222222|-666666666|-222222222|-666666666|-222222222
1600000US4509527|678|460|-666666666|-222222222|-666666666|-222222222|931|59|378|235|-666666666|-222222222|-666666666|-222222222
1600000US4509782|-666666666|-222222222|-666666666|-222222222|-666666666|-222222222|-666666666|-222222222|-666666666|-222222222|-666666666|-222222222|-666666666|-222222222
1600000US4509865|945|212|-666666666|-222222222|-666666666|-222222222|1083|404|904|470|-666666666|-222222222|-666666666|-222222222
1600000US4510000|-666666666|-222222222|-666666666|-222222222|-666666666|-222222222|-666666666|-222222222|-666666666|-222222222|-666666666|-222222222|-666666666|-222222222
1600000US4510090|-666666666|-222222222|-666666666|-222222222|-666666666|-222222222|-666666666|-222222222|-666666666|-222222222|-666666666|-222222222|-666666666|-222222222
1600000US4510135|-666666666|-222222222|-666666666|-222222222|-666666666|-222222222|-666666666|-222222222|-666666666|-222222222|-666666666|-222222222|-666666666|-222222222
1600000US4510270|932|153|-666666666|-222222222|-666666666|-222222222|1013|191|918|606|-666666666|-222222222|-666666666|-222222222
1600000US4510360|1229|345|-666666666|-222222222|-666666666|-222222222|1327|447|1534|686|-666666666|-222222222|-666666666|-222222222
1600000US4510585|-666666666|-222222222|-666666666|-222222222|-666666666|-222222222|-666666666|-222222222|-666666666|-222222222|-666666666|-222222222|-666666666|-222222222
1600000US4510720|585|112|-666666666|-222222222|498|236|529|42|718|253|-666666666|-222222222|-666666666|-222222222
1600000US4510855|956|150|-666666666|-222222222|699|382|1083|312|-666666666|-222222222|-666666666|-222222222|-666666666|-222222222
1600000US4510900|1034|722|-666666666|-222222222|-666666666|-222222222|-666666666|-222222222|1080|453|-666666666|-222222222|-666666666|-222222222
1600000US4511035|1082|92|-666666666|-222222222|-666666666|-222222222|961|119|1178|107|-666666666|-222222222|-666666666|-222222222
1600000US4511125|1332|589|-666666666|-222222222|-666666666|-222222222|1332|914|-666666666|-222222222|-666666666|-222222222|-666666666|-222222222
1600000US4511350|990|975|-666666666|-222222222|-666666666|-222222222|-666666666|-222222222|-666666666|-222222222|-666666666|-222222222|-666666666|-222222222
1600000US4511620|1181|98|-666666666|-222222222|1211|712|1138|127|1548|702|-666666666|-222222222|-666666666|-222222222
1600000US4511755|1000|188|-666666666|-222222222|-666666666|-222222222|-666666666|-222222222|1021|144|-666666666|-222222222|-666666666|-222222222
1600000US4511833|1668|102|-666666666|-222222222|1325|84|1686|85|1979|229|2044|655|-666666666|-222222222
1600000US4512205|-666666666|-222222222|-666666666|-222222222|-666666666|-222222222|-666666666|-222222222|-666666666|-222222222|-666666666|-222222222|-666666666|-222222222
1600000US4512430|-666666666|-222222222|-666666666|-222222222|-666666666|-222222222|-666666666|-222222222|-666666666|-222222222|-666666666|-222222222|-666666666|-222222222
1600000US4512520|909|160|-666666666|-222222222|-666666666|-222222222|909|160|-666666666|-222222222|-666666666|-222222222|-666666666|-222222222
1600000US4512655|1360|92|-666666666|-222222222|1615|91|1213|123|1287|100|2041|1621|-666666666|-222222222
1600000US4512925|-666666666|-222222222|-666666666|-222222222|-666666666|-222222222|-666666666|-222222222|-666666666|-222222222|-666666666|-222222222|-666666666|-222222222
1600000US4512965|1103|137|-666666666|-222222222|-666666666|-222222222|1126|130|1307|577|-666666666|-222222222|-666666666|-222222222
1600000US4513015|876|164|571|11|688|381|1095|134|1567|300|544|43|-666666666|-222222222
1600000US4513060|755|214|-666666666|-222222222|921|163|619|393|758|622|-666666666|-222222222|-666666666|-222222222
1600000US4513150|1570|203|-666666666|-222222222|-666666666|-222222222|1405|75|1720|63|-666666666|-222222222|-666666666|-222222222
1600000US4513330|1722|33|1528|171|1574|68|1746|49|2213|135|2628|761|3501|-333333333
1600000US4513600|800|84|404|244|369|107|823|58|1272|381|862|26|-666666666|-222222222
1600000US4513735|-666666666|-222222222|-666666666|-222222222|-666666666|-222222222|-666666666|-222222222|-666666666|-222222222|-666666666|-222222222|-666666666|-222222222
1600000US4514018|809|283|-666666666|-222222222|-666666666|-222222222|1009|505|728|77|-666666666|-222222222|-666666666|-222222222
1600000US4514050|839|96|-666666666|-222222222|758|392|871|95|-666666666|-222222222|-666666666|-222222222|-666666666|-222222222
1600000US4514095|902|102|-666666666|-222222222|-666666666|-222222222|877|117|967|98|-666666666|-222222222|-666666666|-222222222
1600000US4514140|760|151|-666666666|-222222222|656|215|815|73|979|434|-666666666|-222222222|-666666666|-222222222
1600000US4514230|-666666666|-222222222|-666666666|-222222222|-666666666|-222222222|-666666666|-222222222|-666666666|-222222222|-666666666|-222222222|-666666666|-222222222
1600000US4514455|1154|139|-666666666|-222222222|-666666666|-222222222|-666666666|-222222222|1282|231|-666666666|-222222222|-666666666|-222222222
1600000US4514590|-666666666|-222222222|-666666666|-222222222|-666666666|-222222222|-666666666|-222222222|-666666666|-222222222|-666666666|-222222222|-666666666|-222222222
1600000US4514860|735|348|-666666666|-222222222|-666666666|-222222222|703|341|907|537|-666666666|-222222222|-666666666|-222222222
1600000US4514950|1007|70|-666666666|-222222222|869|73|1021|74|1001|203|1202|424|-666666666|-222222222
1600000US4515040|-666666666|-222222222|-666666666|-222222222|-666666666|-222222222|-666666666|-222222222|-666666666|-222222222|-666666666|-222222222|-666666666|-222222222
1600000US4515220|-666666666|-222222222|-666666666|-222222222|-666666666|-222222222|-666666666|-222222222|-666666666|-222222222|-666666666|-222222222|-666666666|-222222222
1600000US4515295|899|77|-666666666|-222222222|805|359|897|102|939|311|-666666666|-222222222|-666666666|-222222222
1600000US4515310|575|201|-666666666|-222222222|521|55|-666666666|-222222222|-666666666|-222222222|-666666666|-222222222|-666666666|-222222222
1600000US4515355|841|361|850|629|-666666666|-222222222|784|50|-666666666|-222222222|-666666666|-222222222|-666666666|-222222222
1600000US4515625|-666666666|-222222222|-666666666|-222222222|-666666666|-222222222|-666666666|-222222222|-666666666|-222222222|-666666666|-222222222|-666666666|-222222222
1600000US4516000|1204|28|853|160|1124|51|1205|37|1367|65|1264|312|1157|105
1600000US4516180|685|537|-666666666|-222222222|-666666666|-222222222|-666666666|-222222222|644|562|-666666666|-222222222|-666666666|-222222222
1600000US4516360|886|354|-666666666|-222222222|-666666666|-222222222|893|313|-666666666|-222222222|-666666666|-222222222|-666666666|-222222222
1600000US4516405|866|158|-666666666|-222222222|577|73|765|142|1362|204|749|36|-666666666|-222222222
1600000US4516675|-666666666|-222222222|-666666666|-222222222|-666666666|-222222222|-666666666|-222222222|-666666666|-222222222|-666666666|-222222222|-666666666|-222222222
1600000US4516720|-666666666|-222222222|-666666666|-222222222|-666666666|-222222222|-666666666|-222222222|-666666666|-222222222|-666666666|-222222222|-666666666|-222222222
1600000US4516855|817|635|-666666666|-222222222|-666666666|-222222222|-666666666|-222222222|-666666666|-222222222|-666666666|-222222222|-666666666|-222222222
1600000US4516945|-666666666|-222222222|-666666666|-222222222|-666666666|-222222222|-666666666|-222222222|-666666666|-222222222|-666666666|-222222222|-666666666|-222222222
1600000US4516990|934|90|-666666666|-222222222|-666666666|-222222222|918|456|1175|358|-666666666|-222222222|-666666666|-222222222
1600000US4517215|883|111|-666666666|-222222222|-666666666|-222222222|-666666666|-222222222|940|111|-666666666|-222222222|-666666666|-222222222
1600000US4517260|815|427|-666666666|-222222222|-666666666|-222222222|891|385|1042|558|-666666666|-222222222|-666666666|-222222222
1600000US4517845|-666666666|-222222222|-666666666|-222222222|-666666666|-222222222|-666666666|-222222222|-666666666|-222222222|-666666666|-222222222|-666666666|-222222222
1600000US4517890|744|52|-666666666|-222222222|-666666666|-222222222|-666666666|-222222222|725|152|-666666666|-222222222|-666666666|-222222222
1600000US4518250|-666666666|-222222222|-666666666|-222222222|-666666666|-222222222|-666666666|-222222222|-666666666|-222222222|-666666666|-222222222|-666666666|-222222222
1600000US4518340|-666666666|-222222222|-666666666|-222222222|-666666666|-222222222|-666666666|-222222222|-666666666|-222222222|-666666666|-222222222|-666666666|-222222222
1600000US4518430|1067|275|-666666666|-222222222|-666666666|-222222222|1027|334|1302|448|-666666666|-222222222|-666666666|-222222222
1600000US4518475|-666666666|-222222222|-666666666|-222222222|-666666666|-222222222|-666666666|-222222222|-666666666|-222222222|-666666666|-222222222|-666666666|-222222222
1600000US4518565|840|81|-666666666|-222222222|598|255|822|85|973|65|-666666666|-222222222|-666666666|-222222222
1600000US4518610|-666666666|-222222222|-666666666|-222222222|-666666666|-222222222|-666666666|-222222222|-666666666|-222222222|-666666666|-222222222|-666666666|-222222222
1600000US4518706|-666666666|-222222222|-666666666|-222222222|-666666666|-222222222|-666666666|-222222222|-666666666|-222222222|-666666666|-222222222|-666666666|-222222222
1600000US4518810|-666666666|-222222222|-666666666|-222222222|-666666666|-222222222|-666666666|-222222222|-666666666|-222222222|-666666666|-222222222|-666666666|-222222222
1600000US4519105|806|97|-666666666|-222222222|-666666666|-222222222|546|377|1088|216|-666666666|-222222222|-666666666|-222222222
1600000US4519285|1250|57|1153|409|1104|85|1252|107|1374|72|1444|287|-666666666|-222222222
1600000US4519420|630|22|-666666666|-222222222|288|76|618|20|850|100|681|249|-666666666|-222222222
1600000US4519870|850|217|-666666666|-222222222|-666666666|-222222222|532|338|1250|422|850|73|-666666666|-222222222
1600000US4520365|866|33|-666666666|-222222222|-666666666|-222222222|-666666666|-222222222|866|33|-666666666|-222222222|-666666666|-222222222
1600000US4520590|1438|473|-666666666|-222222222|1383|17|-666666666|-222222222|-666666666|-222222222|-666666666|-222222222|-666666666|-222222222
1600000US4521040|1083|88|-666666666|-222222222|-666666666|-222222222|825|414|1130|17|-666666666|-222222222|-666666666|-222222222
1600000US4521130|-666666666|-222222222|-666666666|-222222222|-666666666|-222222222|-666666666|-222222222|-666666666|-222222222|-666666666|-222222222|-666666666|-222222222
1600000US4521265|1032|180|-666666666|-222222222|1152|107|870|89|-666666666|-222222222|-666666666|-222222222|-666666666|-222222222
1600000US4521310|1117|102|-666666666|-222222222|1049|243|1094|322|1133|60|-666666666|-222222222|-666666666|-222222222
1600000US4521985|947|94|1008|166|588|326|887|92|1177|150|1225|781|-666666666|-222222222
1600000US4522050|900|669|-666666666|-222222222|-666666666|-222222222|-666666666|-222222222|855|9|-666666666|-222222222|-666666666|-222222222
1600000US4522075|690|260|-666666666|-222222222|-666666666|-222222222|625|197|788|101|-666666666|-222222222|-666666666|-222222222
1600000US4522390|658|307|-666666666|-222222222|357|63|692|241|883|524|-666666666|-222222222|-666666666|-222222222
1600000US4522547|1327|406|-666666666|-222222222|-666666666|-222222222|-666666666|-222222222|1352|70|-666666666|-222222222|-666666666|-222222222
1600000US4522795|731|210|-666666666|-222222222|506|295|763|565|1052|227|-666666666|-222222222|-666666666|-222222222
1600000US4522997|1013|313|-666666666|-222222222|-666666666|-222222222|-666666666|-222222222|885|353|-666666666|-222222222|-666666666|-222222222
1600000US4523020|1136|380|-666666666|-222222222|1000|184|-666666666|-222222222|-666666666|-222222222|-666666666|-222222222|-666666666|-222222222
1600000US4523110|852|154|-666666666|-222222222|-666666666|-222222222|702|118|1042|126|-666666666|-222222222|-666666666|-222222222
1600000US4523200|607|77|-666666666|-222222222|610|67|706|246|-666666666|-222222222|-666666666|-222222222|-666666666|-222222222
1600000US4523245|1278|363|-666666666|-222222222|-666666666|-222222222|958|122|1429|400|-666666666|-222222222|-666666666|-222222222
1600000US4523290|774|54|-666666666|-222222222|-666666666|-222222222|-666666666|-222222222|748|225|-666666666|-222222222|-666666666|-222222222
1600000US4523335|1571|1077|-666666666|-222222222|-666666666|-222222222|-666666666|-222222222|1643|1005|-666666666|-222222222|-666666666|-222222222
1600000US4523425|-666666666|-222222222|-666666666|-222222222|-666666666|-222222222|-666666666|-222222222|-666666666|-222222222|-666666666|-222222222|-666666666|-222222222
1600000US4523470|852|236|-666666666|-222222222|1125|779|-666666666|-222222222|879|151|-666666666|-222222222|-666666666|-222222222
1600000US4523605|-666666666|-222222222|-666666666|-222222222|-666666666|-222222222|-666666666|-222222222|-666666666|-222222222|-666666666|-222222222|-666666666|-222222222
1600000US4523830|745|186|-666666666|-222222222|-666666666|-222222222|727|179|893|147|-666666666|-222222222|-666666666|-222222222
1600000US4524020|542|187|-666666666|-222222222|-666666666|-222222222|665|139|-666666666|-222222222|-666666666|-222222222|-666666666|-222222222
1600000US4524100|809|397|-666666666|-222222222|613|43|-666666666|-222222222|-666666666|-222222222|-666666666|-222222222|-666666666|-222222222
1600000US4524370|662|259|-666666666|-222222222|-666666666|-222222222|538|338|852|109|-666666666|-222222222|-666666666|-222222222
1600000US4524505|1329|580|-666666666|-222222222|-666666666|-222222222|1407|388|-666666666|-222222222|-666666666|-222222222|-666666666|-222222222
1600000US4524730|-666666666|-222222222|-666666666|-222222222|-666666666|-222222222|-666666666|-222222222|-666666666|-222222222|-666666666|-222222222|-666666666|-222222222
1600000US4524865|-666666666|-222222222|-666666666|-222222222|-666666666|-222222222|-666666666|-222222222|-666666666|-222222222|-666666666|-222222222|-666666666|-222222222
1600000US4525360|-666666666|-222222222|-666666666|-222222222|-666666666|-222222222|-666666666|-222222222|-666666666|-222222222|-666666666|-222222222|-666666666|-222222222
1600000US4525405|-666666666|-222222222|-666666666|-222222222|-666666666|-222222222|-666666666|-222222222|-666666666|-222222222|-666666666|-222222222|-666666666|-222222222
1600000US4525540|2178|147|-666666666|-222222222|2368|1126|1200|382|2003|288|2279|55|-666666666|-222222222
1600000US4525810|992|62|968|196|770|94|938|84|1128|67|1552|420|-666666666|-222222222
1600000US4525945|-666666666|-222222222|-666666666|-222222222|-666666666|-222222222|-666666666|-222222222|-666666666|-222222222|-666666666|-222222222|-666666666|-222222222
1600000US4526035|1844|890|-666666666|-222222222|-666666666|-222222222|-666666666|-222222222|-666666666|-222222222|-666666666|-222222222|-666666666|-222222222
1600000US4526305|1263|118|3501|-333333333|1189|129|1189|107|1480|241|-666666666|-222222222|-666666666|-222222222
1600000US4526372|814|452|-666666666|-222222222|-666666666|-222222222|778|294|-666666666|-222222222|-666666666|-222222222|-666666666|-222222222
1600000US4526485|-666666666|-222222222|-666666666|-222222222|-666666666|-222222222|-666666666|-222222222|-666666666|-222222222|-666666666|-222222222|-666666666|-222222222
1600000US4526845|1355|148|-666666666|-222222222|-666666666|-222222222|1125|484|1381|180|-666666666|-222222222|-666666666|-222222222
1600000US4526890|1503|146|636|134|1559|283|1441|174|1724|277|-666666666|-222222222|-666666666|-222222222
1600000US4527070|1184|109|-666666666|-222222222|-666666666|-222222222|1151|148|1190|135|-666666666|-222222222|-666666666|-222222222
1600000US4527565|-666666666|-222222222|-666666666|-222222222|-666666666|-222222222|-666666666|-222222222|-666666666|-222222222|-666666666|-222222222|-666666666|-222222222
1600000US4527835|-666666666|-222222222|-666666666|-222222222|-666666666|-222222222|440|366|-666666666|-222222222|-666666666|-222222222|-666666666|-222222222
1600000US4527970|-666666666|-222222222|-666666666|-222222222|-666666666|-222222222|-666666666|-222222222|-666666666|-222222222|-666666666|-222222222|-666666666|-222222222
1600000US4528060|887|46|958|33|858|63|871|141|899|268|862|384|-666666666|-222222222
1600000US4528375|1062|86|-666666666|-222222222|871|51|1002|161|1163|130|1772|1408|-666666666|-222222222
1600000US4528455|1472|120|-666666666|-222222222|-666666666|-222222222|1429|232|1544|199|-666666666|-222222222|-666666666|-222222222
1600000US4528780|995|138|-666666666|-222222222|-666666666|-222222222|921|338|1068|198|-666666666|-222222222|-666666666|-222222222
1600000US4528825|645|140|-666666666|-222222222|-666666666|-222222222|636|38|-666666666|-222222222|-666666666|-222222222|-666666666|-222222222
1600000US4528870|780|180|-666666666|-222222222|419|151|890|105|588|431|-666666666|-222222222|-666666666|-222222222
1600000US4529005|-666666666|-222222222|-666666666|-222222222|-666666666|-222222222|-666666666|-222222222|-666666666|-222222222|-666666666|-222222222|-666666666|-222222222
1600000US4529050|871|426|-666666666|-222222222|-666666666|-222222222|-666666666|-222222222|864|510|-666666666|-222222222|-666666666|-222222222
1600000US4529140|-666666666|-222222222|-666666666|-222222222|-666666666|-222222222|-666666666|-222222222|-666666666|-222222222|-666666666|-222222222|-666666666|-222222222
1600000US4529275|-666666666|-222222222|-666666666|-222222222|-666666666|-222222222|-666666666|-222222222|-666666666|-222222222|-666666666|-222222222|-666666666|-222222222
1600000US4529320|-666666666|-222222222|-666666666|-222222222|-666666666|-222222222|-666666666|-222222222|-666666666|-222222222|-666666666|-222222222|-666666666|-222222222
1600000US4529410|1204|283|-666666666|-222222222|-666666666|-222222222|1071|384|-666666666|-222222222|-666666666|-222222222|-666666666|-222222222
1600000US4529635|1325|205|-666666666|-222222222|-666666666|-222222222|-666666666|-222222222|1349|95|-666666666|-222222222|-666666666|-222222222
1600000US4529815|1690|46|1593|192|1475|155|1613|95|1746|132|2046|173|2592|1503
1600000US4529950|-666666666|-222222222|-666666666|-222222222|-666666666|-222222222|-666666666|-222222222|-666666666|-222222222|-666666666|-222222222|-666666666|-222222222
1600000US4530220|-666666666|-222222222|-666666666|-222222222|-666666666|-222222222|-666666666|-222222222|-666666666|-222222222|-666666666|-222222222|-666666666|-222222222
1600000US4530265|945|113|-666666666|-222222222|1281|546|757|309|-666666666|-222222222|-666666666|-222222222|-666666666|-222222222
1600000US4530355|910|188|-666666666|-222222222|-666666666|-222222222|598|349|1118|126|-666666666|-222222222|-666666666|-222222222
1600000US4530490|867|176|-666666666|-222222222|767|689|906|644|886|742|-666666666|-222222222|-666666666|-222222222
1600000US4530535|592|568|-666666666|-222222222|-666666666|-222222222|475|329|-666666666|-222222222|-666666666|-222222222|-666666666|-222222222
1600000US4530760|-666666666|-222222222|-666666666|-222222222|-666666666|-222222222|-666666666|-222222222|-666666666|-222222222|-666666666|-222222222|-666666666|-222222222
1600000US4530850|1312|43|1174|116|1189|40|1397|54|1597|158|1758|487|1725|1113
1600000US4530895|839|38|641|280|702|63|834|58|1129|87|1184|162|-666666666|-222222222
1600000US4530985|1198|79|949|430|878|447|1253|135|1241|130|1730|150|-666666666|-222222222
1600000US4531210|-666666666|-222222222|-666666666|-222222222|-666666666|-222222222|-666666666|-222222222|-666666666|-222222222|-666666666|-222222222|-666666666|-222222222
1600000US4531660|904|298|-666666666|-222222222|-666666666|-222222222|-666666666|-222222222|954|133|-666666666|-222222222|-666666666|-222222222
1600000US4531885|909|210|-666666666|-222222222|586|249|996|236|1191|215|-666666666|-222222222|-666666666|-222222222
1600000US4532065|1412|90|1286|266|1181|105|1341|100|2015|228|2630|1176|-666666666|-222222222
1600000US4532172|-666666666|-222222222|-666666666|-222222222|-666666666|-222222222|-666666666|-222222222|-666666666|-222222222|-666666666|-222222222|-666666666|-222222222
1600000US4532245|1406|57|-666666666|-222222222|1475|170|1373|53|1811|951|-666666666|-222222222|-666666666|-222222222
1600000US4532335|769|415|-666666666|-222222222|-666666666|-222222222|696|247|1325|528|-666666666|-222222222|-666666666|-222222222
1600000US4532560|874|56|794|480|835|69|872|54|1070|359|-666666666|-222222222|-666666666|-222222222
1600000US4532965|907|396|-666666666|-222222222|-666666666|-222222222|-666666666|-222222222|1077|288|-666666666|-222222222|-666666666|-222222222
1600000US4533100|931|84|-666666666|-222222222|-666666666|-222222222|-666666666|-222222222|-666666666|-222222222|-666666666|-222222222|-666666666|-222222222
1600000US4533145|850|303|-666666666|-222222222|-666666666|-222222222|879|70|1028|691|-666666666|-222222222|-666666666|-222222222
1600000US4533640|1091|71|-666666666|-222222222|-666666666|-222222222|1075|104|1083|104|-666666666|-222222222|-666666666|-222222222
1600000US4533820|771|134|-666666666|-222222222|-666666666|-222222222|-666666666|-222222222|779|218|-666666666|-222222222|-666666666|-222222222
1600000US4533977|1160|103|-666666666|-222222222|-666666666|-222222222|1028|191|1448|256|-666666666|-222222222|-666666666|-222222222
1600000US4534045|1479|162|1172|464|1409|245|1707|369|1076|462|1845|732|3501|-333333333
1600000US4534225|-666666666|-222222222|-666666666|-222222222|-666666666|-222222222|-666666666|-222222222|-666666666|-222222222|-666666666|-222222222|-666666666|-222222222
1600000US4534360|499|376|-666666666|-222222222|425|198|-666666666|-222222222|678|278|-666666666|-222222222|-666666666|-222222222
1600000US4534495|1625|594|-666666666|-222222222|-666666666|-222222222|834|402|-666666666|-222222222|-666666666|-222222222|-666666666|-222222222
1600000US4534720|829|226|-666666666|-222222222|576|9|865|163|991|157|-666666666|-222222222|-666666666|-222222222
1600000US4534765|1122|56|-666666666|-222222222|-666666666|-222222222|-666666666|-222222222|1099|65|-666666666|-222222222|-666666666|-222222222
1600000US4534810|772|148|-666666666|-222222222|-666666666|-222222222|814|135|640|567|-666666666|-222222222|-666666666|-222222222
1600000US4534990|799|661|-666666666|-222222222|-666666666|-222222222|1077|299|-666666666|-222222222|-666666666|-222222222|-666666666|-222222222
1600000US4535635|1196|360|-666666666|-222222222|-666666666|-222222222|-666666666|-222222222|1212|516|-666666666|-222222222|-666666666|-222222222
1600000US4535755|1323|137|-666666666|-222222222|1049|898|1354|97|1584|248|721|261|-666666666|-222222222
1600000US4535800|1148|444|-666666666|-222222222|-666666666|-222222222|1134|221|-666666666|-222222222|-666666666|-222222222|-666666666|-222222222
1600000US4535890|1477|129|-666666666|-222222222|678|277|-666666666|-222222222|1601|161|1818|179|-666666666|-222222222
1600000US4535980|818|189|-666666666|-222222222|-666666666|-222222222|-666666666|-222222222|-666666666|-222222222|-666666666|-222222222|-666666666|-222222222
1600000US4536070|-666666666|-222222222|-666666666|-222222222|-666666666|-222222222|-666666666|-222222222|-666666666|-222222222|-666666666|-222222222|-666666666|-222222222
1600000US4536115|2893|1648|-666666666|-222222222|-666666666|-222222222|1991|1386|3501|-333333333|-666666666|-222222222|-666666666|-222222222
1600000US4536160|774|75|-666666666|-222222222|909|570|658|309|738|281|-666666666|-222222222|-666666666|-222222222
1600000US4536205|541|215|-666666666|-222222222|-666666666|-222222222|532|100|780|137|-666666666|-222222222|-666666666|-222222222
1600000US4536250|-666666666|-222222222|-666666666|-222222222|-666666666|-222222222|-666666666|-222222222|-666666666|-222222222|-666666666|-222222222|-666666666|-222222222
1600000US4536430|1695|703|-666666666|-222222222|-666666666|-222222222|-666666666|-222222222|1853|794|-666666666|-222222222|-666666666|-222222222
1600000US4536475|-666666666|-222222222|-666666666|-222222222|-666666666|-222222222|-666666666|-222222222|-666666666|-222222222|-666666666|-222222222|-666666666|-222222222
1600000US4536610|314|161|-666666666|-222222222|-666666666|-222222222|294|146|-666666666|-222222222|-666666666|-222222222|-666666666|-222222222
1600000US4536655|-666666666|-222222222|-666666666|-222222222|-666666666|-222222222|-666666666|-222222222|-666666666|-222222222|-666666666|-222222222|-666666666|-222222222
1600000US4536790|625|11|-666666666|-222222222|619|103|616|206|641|31|-666666666|-222222222|-666666666|-222222222
1600000US4537105|825|246|-666666666|-222222222|-666666666|-222222222|977|87|733|34|-666666666|-222222222|1018|142
1600000US4537150|491|278|-666666666|-222222222|335|31|610|41|1635|292|-666666666|-222222222|-666666666|-222222222
1600000US4537330|505|231|-666666666|-222222222|545|523|809|725|431|215|-666666666|-222222222|-666666666|-222222222
1600000US4537465|1191|398|-666666666|-222222222|629|321|976|168|1622|119|-666666666|-222222222|-666666666|-222222222
1600000US4538058|-666666666|-222222222|-666666666|-222222222|-666666666|-222222222|-666666666|-222222222|-666666666|-222222222|-666666666|-222222222|-666666666|-222222222
1600000US4538095|750|298|-666666666|-222222222|-666666666|-222222222|734|410|918|580|-666666666|-222222222|-666666666|-222222222
1600000US4538110|-666666666|-222222222|-666666666|-222222222|-666666666|-222222222|-666666666|-222222222|-666666666|-222222222|-666666666|-222222222|-666666666|-222222222
1600000US4538162|-666666666|-222222222|-666666666|-222222222|-666666666|-222222222|-666666666|-222222222|-666666666|-222222222|-666666666|-222222222|-666666666|-222222222
1600000US4538590|546|63|-666666666|-222222222|342|102|581|145|817|363|-666666666|-222222222|-666666666|-222222222
1600000US4538950|1042|347|-666666666|-222222222|-666666666|-222222222|-666666666|-222222222|-666666666|-222222222|-666666666|-222222222|-666666666|-222222222
1600000US4539220|1785|181|-666666666|-222222222|1527|267|1884|523|1741|263|1881|942|-666666666|-222222222
1600000US4539265|-666666666|-222222222|-666666666|-222222222|-666666666|-222222222|-666666666|-222222222|-666666666|-222222222|-666666666|-222222222|-666666666|-222222222
1600000US4539310|702|74|584|175|426|163|736|133|1154|250|-666666666|-222222222|-666666666|-222222222
1600000US4539475|1944|398|-666666666|-222222222|-666666666|-222222222|2058|798|1960|1325|-666666666|-222222222|-666666666|-222222222
1600000US4539512|889|287|-666666666|-222222222|-666666666|-222222222|-666666666|-222222222|850|586|-666666666|-222222222|-666666666|-222222222
1600000US4539715|733|500|-666666666|-222222222|277|139|821|301|865|63|-666666666|-222222222|-666666666|-222222222
1600000US4539772|939|121|-666666666|-222222222|-666666666|-222222222|-666666666|-222222222|940|89|-666666666|-222222222|-666666666|-222222222
1600000US4539785|1710|112|1531|344|1454|256|1797|109|1643|259|-666666666|-222222222|-666666666|-222222222
1600000US4539805|953|55|-666666666|-222222222|-666666666|-222222222|925|328|948|37|-666666666|-222222222|-666666666|-222222222
1600000US4539895|868|82|1094|658|752|418|854|88|1022|136|1327|278|-666666666|-222222222
1600000US4540075|486|110|-666666666|-222222222|380|105|-666666666|-222222222|539|325|-666666666|-222222222|-666666666|-222222222
1600000US4540210|900|283|-666666666|-222222222|-666666666|-222222222|-666666666|-222222222|900|295|-666666666|-222222222|-666666666|-222222222
1600000US4540390|871|327|-666666666|-222222222|-666666666|-222222222|871|327|-666666666|-222222222|-666666666|-222222222|-666666666|-222222222
1600000US4540480|672|140|-666666666|-222222222|537|138|708|145|695|419|-666666666|-222222222|-666666666|-222222222
1600000US4540525|1454|131|-666666666|-222222222|-666666666|-222222222|1199|121|1483|140|2471|390|-666666666|-222222222
1600000US4540615|833|57|779|306|722|127|923|159|857|436|670|294|-666666666|-222222222
1600000US4541065|780|23|-666666666|-222222222|-666666666|-222222222|-666666666|-222222222|-666666666|-222222222|-666666666|-222222222|-666666666|-222222222
1600000US4541335|1545|83|-666666666|-222222222|1498|173|1540|99|1613|364|2202|512|-666666666|-222222222
1600000US4541380|687|257|-666666666|-222222222|-666666666|-222222222|691|543|-666666666|-222222222|-666666666|-222222222|-666666666|-222222222
1600000US4541740|-666666666|-222222222|-666666666|-222222222|271|50|-666666666|-222222222|1244|239|-666666666|-222222222|-666666666|-222222222
1600000US4541830|1704|57|-666666666|-222222222|-666666666|-222222222|1738|23|1448|228|-666666666|-222222222|-666666666|-222222222
1600000US4541965|-666666666|-222222222|-666666666|-222222222|-666666666|-222222222|-666666666|-222222222|-666666666|-222222222|-666666666|-222222222|-666666666|-222222222
1600000US4542010|1528|202|-666666666|-222222222|984|396|1582|191|1559|424|-666666666|-222222222|-666666666|-222222222
1600000US4542055|-666666666|-222222222|-666666666|-222222222|-666666666|-222222222|-666666666|-222222222|-666666666|-222222222|-666666666|-222222222|-666666666|-222222222
1600000US4542095|-666666666|-222222222|-666666666|-222222222|-666666666|-222222222|-666666666|-222222222|-666666666|-222222222|-666666666|-222222222|-666666666|-222222222
1600000US4542100|708|298|-666666666|-222222222|-666666666|-222222222|-666666666|-222222222|-666666666|-222222222|-666666666|-222222222|-666666666|-222222222
1600000US4542145|-666666666|-222222222|-666666666|-222222222|-666666666|-222222222|-666666666|-222222222|-666666666|-222222222|-666666666|-222222222|-666666666|-222222222
1600000US4542190|1069|477|-666666666|-222222222|-666666666|-222222222|1050|564|-666666666|-222222222|-666666666|-222222222|-666666666|-222222222
1600000US4542280|-666666666|-222222222|-666666666|-222222222|-666666666|-222222222|-666666666|-222222222|-666666666|-222222222|-666666666|-222222222|-666666666|-222222222
1600000US4542460|-666666666|-222222222|-666666666|-222222222|-666666666|-222222222|-666666666|-222222222|-666666666|-222222222|-666666666|-222222222|-666666666|-222222222
1600000US4542730|694|108|-666666666|-222222222|677|15|778|124|1079|246|-666666666|-222222222|-666666666|-222222222
1600000US4542820|510|177|-666666666|-222222222|-666666666|-222222222|566|157|-666666666|-222222222|-666666666|-222222222|-666666666|-222222222
1600000US4542865|2143|1224|-666666666|-222222222|-666666666|-222222222|-666666666|-222222222|-666666666|-222222222|-666666666|-222222222|-666666666|-222222222
1600000US4543000|915|167|-666666666|-222222222|-666666666|-222222222|722|147|1101|239|-666666666|-222222222|-666666666|-222222222
1600000US4543090|-666666666|-222222222|-666666666|-222222222|-666666666|-222222222|-666666666|-222222222|-666666666|-222222222|-666666666|-222222222|-666666666|-222222222
1600000US4543135|-666666666|-222222222|-666666666|-222222222|-666666666|-222222222|-666666666|-222222222|-666666666|-222222222|-666666666|-222222222|-666666666|-222222222
1600000US4543315|1081|353|-666666666|-222222222|-666666666|-222222222|1053|220|-666666666|-222222222|1893|474|-666666666|-222222222
1600000US4543360|833|33|-666666666|-222222222|-666666666|-222222222|837|28|-666666666|-222222222|-666666666|-222222222|-666666666|-222222222
1600000US4543495|746|331|-666666666|-222222222|-666666666|-222222222|733|459|1019|267|-666666666|-222222222|-666666666|-222222222
1600000US4543585|1563|527|-666666666|-222222222|-666666666|-222222222|1438|601|-666666666|-222222222|-666666666|-222222222|-666666666|-222222222
1600000US4543630|456|113|-666666666|-222222222|329|72|513|161|832|323|-666666666|-222222222|-666666666|-222222222
1600000US4543675|-666666666|-222222222|-666666666|-222222222|-666666666|-222222222|-666666666|-222222222|-666666666|-222222222|-666666666|-222222222|-666666666|-222222222
1600000US4543720|670|374|-666666666|-222222222|409|118|762|155|-666666666|-222222222|-666666666|-222222222|-666666666|-222222222
1600000US4544350|594|216|-666666666|-222222222|410|103|819|182|766|430|-666666666|-222222222|-666666666|-222222222
1600000US4544395|-666666666|-222222222|-666666666|-222222222|-666666666|-222222222|-666666666|-222222222|-666666666|-222222222|-666666666|-222222222|-666666666|-222222222
1600000US4544575|651|74|670|172|320|33|614|110|810|112|-666666666|-222222222|-666666666|-222222222
1600000US4545115|1490|92|1098|765|1287|157|1450|92|1808|91|2123|1020|-666666666|-222222222
1600000US4545295|806|503|-666666666|-222222222|-666666666|-222222222|-666666666|-222222222|806|503|-666666666|-222222222|-666666666|-222222222
1600000US4545430|628|17|-666666666|-222222222|-666666666|-222222222|628|17|-666666666|-222222222|-666666666|-222222222|-666666666|-222222222
1600000US4545790|-666666666|-222222222|-666666666|-222222222|-666666666|-222222222|-666666666|-222222222|-666666666|-222222222|-666666666|-222222222|-666666666|-222222222
1600000US4547050|-666666666|-222222222|-666666666|-222222222|-666666666|-222222222|-666666666|-222222222|-666666666|-222222222|-666666666|-222222222|-666666666|-222222222
1600000US4547200|666|86|-666666666|-222222222|-666666666|-222222222|663|121|-666666666|-222222222|-666666666|-222222222|-666666666|-222222222
1600000US4547275|1307|123|-666666666|-222222222|-666666666|-222222222|1209|155|1634|1003|-666666666|-222222222|-666666666|-222222222
1600000US4547320|1032|110|-666666666|-222222222|-666666666|-222222222|-666666666|-222222222|944|400|-666666666|-222222222|-666666666|-222222222
1600000US4548310|-666666666|-222222222|-666666666|-222222222|-666666666|-222222222|-666666666|-222222222|-666666666|-222222222|-666666666|-222222222|-666666666|-222222222
1600000US4548355|760|51|-666666666|-222222222|-666666666|-222222222|-666666666|-222222222|-666666666|-222222222|-666666666|-222222222|-666666666|-222222222
1600000US4548535|2159|118|1765|93|1824|99|2249|198|2506|266|2376|998|2936|1483
1600000US4548670|-666666666|-222222222|-666666666|-222222222|-666666666|-222222222|-666666666|-222222222|-666666666|-222222222|-666666666|-222222222|-666666666|-222222222
1600000US4548737|-666666666|-222222222|-666666666|-222222222|-666666666|-222222222|-666666666|-222222222|-666666666|-222222222|-666666666|-222222222|-666666666|-222222222
1600000US4548805|628|159|413|346|-666666666|-222222222|781|333|661|176|-666666666|-222222222|-666666666|-222222222
1600000US4548900|-666666666|-222222222|-666666666|-222222222|-666666666|-222222222|-666666666|-222222222|-666666666|-222222222|-666666666|-222222222|-666666666|-222222222
1600000US4548985|1751|96|-666666666|-222222222|1222|612|1679|109|1861|154|-666666666|-222222222|-666666666|-222222222
1600000US4549075|1261|77|1016|220|1289|182|1212|79|1377|196|1824|307|-666666666|-222222222
1600000US4549390|855|199|-666666666|-222222222|-666666666|-222222222|-666666666|-222222222|-666666666|-222222222|-666666666|-222222222|-666666666|-222222222
1600000US4549570|831|106|-666666666|-222222222|451|241|897|99|-666666666|-222222222|-666666666|-222222222|-666666666|-222222222
1600000US4549705|691|75|-666666666|-222222222|-666666666|-222222222|-666666666|-222222222|694|241|-666666666|-222222222|-666666666|-222222222
1600000US4549885|-666666666|-222222222|-666666666|-222222222|-666666666|-222222222|-666666666|-222222222|-666666666|-222222222|-666666666|-222222222|-666666666|-222222222
1600000US4549975|-666666666|-222222222|-666666666|-222222222|-666666666|-222222222|-666666666|-222222222|-666666666|-222222222|-666666666|-222222222|-666666666|-222222222
1600000US4550020|978|83|-666666666|-222222222|-666666666|-222222222|-666666666|-222222222|-666666666|-222222222|-666666666|-222222222|-666666666|-222222222
1600000US4550110|-666666666|-222222222|-666666666|-222222222|-666666666|-222222222|-666666666|-222222222|-666666666|-222222222|-666666666|-222222222|-666666666|-222222222
1600000US4550290|845|50|-666666666|-222222222|527|192|843|97|899|506|-666666666|-222222222|-666666666|-222222222
1600000US4550515|913|182|-666666666|-222222222|-666666666|-222222222|850|233|983|181|-666666666|-222222222|-666666666|-222222222
1600000US4550560|683|86|-666666666|-222222222|292|186|1133|403|672|166|-666666666|-222222222|-666666666|-222222222
1600000US4550695|1169|63|-666666666|-222222222|1033|172|1144|62|1225|149|1487|882|-666666666|-222222222
1600000US4550875|1430|30|1398|61|1297|50|1448|63|1623|114|2046|196|-666666666|-222222222
1600000US4551145|1194|756|-666666666|-222222222|-666666666|-222222222|-666666666|-222222222|1563|635|-666666666|-222222222|-666666666|-222222222
1600000US4551180|1038|144|-666666666|-222222222|-666666666|-222222222|977|82|-666666666|-222222222|-666666666|-222222222|-666666666|-222222222
1600000US4551280|1263|117|1054|358|1082|156|1266|143|1427|276|-666666666|-222222222|1725|168
1600000US4551367|-666666666|-222222222|-666666666|-222222222|-666666666|-222222222|-666666666|-222222222|-666666666|-222222222|-666666666|-222222222|-666666666|-222222222
1600000US4551550|924|185|-666666666|-222222222|-666666666|-222222222|914|531|-666666666|-222222222|-666666666|-222222222|-666666666|-222222222
1600000US4551720|1045|200|-666666666|-222222222|-666666666|-222222222|717|279|1389|157|1057|162|-666666666|-222222222
1600000US4551887|1545|669|-666666666|-222222222|-666666666|-222222222|-666666666|-222222222|-666666666|-222222222|-666666666|-222222222|-666666666|-222222222
1600000US4552540|845|32|-666666666|-222222222|-666666666|-222222222|800|193|851|17|-666666666|-222222222|-666666666|-222222222
1600000US4552585|1188|761|-666666666|-222222222|-666666666|-222222222|-666666666|-222222222|-666666666|-222222222|-666666666|-222222222|-666666666|-222222222
1600000US4552900|-666666666|-222222222|-666666666|-222222222|-666666666|-222222222|-666666666|-222222222|-666666666|-222222222|-666666666|-222222222|-666666666|-222222222
1600000US4553080|848|61|731|394|564|203|883|77|1181|219|1192|307|-666666666|-222222222
1600000US4553485|-666666666|-222222222|-666666666|-222222222|-666666666|-222222222|-666666666|-222222222|-666666666|-222222222|-666666666|-222222222|-666666666|-222222222
1600000US4553845|902|219|-666666666|-222222222|-666666666|-222222222|918|456|850|379|-666666666|-222222222|-666666666|-222222222
1600000US4554025|698|128|-666666666|-222222222|472|204|610|165|846|160|-666666666|-222222222|-666666666|-222222222
1600000US4554340|589|467|-666666666|-222222222|-666666666|-222222222|510|37|-666666666|-222222222|996|156|-666666666|-222222222
1600000US4554535|1099|45|859|35|973|166|1041|101|1158|33|1374|114|-666666666|-222222222
1600000US4554700|644|617|-666666666|-222222222|-666666666|-222222222|644|617|-666666666|-222222222|-666666666|-222222222|-666666666|-222222222
1600000US4554925|753|147|-666666666|-222222222|-666666666|-222222222|680|261|766|76|-666666666|-222222222|-666666666|-222222222
1600000US4554970|-666666666|-222222222|-666666666|-222222222|-666666666|-222222222|-666666666|-222222222|-666666666|-222222222|-666666666|-222222222|-666666666|-222222222
1600000US4555015|-666666666|-222222222|-666666666|-222222222|-666666666|-222222222|-666666666|-222222222|-666666666|-222222222|-666666666|-222222222|-666666666|-222222222
1600000US4555060|825|68|-666666666|-222222222|675|138|800|65|1013|277|-666666666|-222222222|-666666666|-222222222
1600000US4555150|1056|263|-666666666|-222222222|-666666666|-222222222|-666666666|-222222222|1056|263|-666666666|-222222222|-666666666|-222222222
1600000US4555420|888|512|-666666666|-222222222|-666666666|-222222222|888|569|-666666666|-222222222|-666666666|-222222222|-666666666|-222222222
1600000US4555465|1029|228|-666666666|-222222222|889|101|866|219|1222|253|-666666666|-222222222|-666666666|-222222222
1600000US4555645|1034|153|-666666666|-222222222|319|318|1024|193|1409|797|-666666666|-222222222|-666666666|-222222222
1600000US4555960|975|243|-666666666|-222222222|-666666666|-222222222|950|238|-666666666|-222222222|-666666666|-222222222|-666666666|-222222222
1600000US4556140|828|117|-666666666|-222222222|718|278|880|153|1219|682|-666666666|-222222222|-666666666|-222222222
1600000US4556365|749|118|-666666666|-222222222|717|320|795|154|-666666666|-222222222|-666666666|-222222222|-666666666|-222222222
1600000US4556545|-666666666|-222222222|-666666666|-222222222|-666666666|-222222222|-666666666|-222222222|-666666666|-222222222|-666666666|-222222222|-666666666|-222222222
1600000US4556905|1063|390|-666666666|-222222222|-666666666|-222222222|-666666666|-222222222|1097|362|-666666666|-222222222|-666666666|-222222222
1600000US4556950|1113|235|-666666666|-222222222|-666666666|-222222222|938|76|-666666666|-222222222|-666666666|-222222222|-666666666|-222222222
1600000US4557085|-666666666|-222222222|-666666666|-222222222|-666666666|-222222222|483|410|1108|30|-666666666|-222222222|-666666666|-222222222
1600000US4557175|-666666666|-222222222|-666666666|-222222222|-666666666|-222222222|-666666666|-222222222|-666666666|-222222222|-666666666|-222222222|-666666666|-222222222
1600000US4557670|-666666666|-222222222|-666666666|-222222222|-666666666|-222222222|-666666666|-222222222|-666666666|-222222222|-666666666|-222222222|-666666666|-222222222
1600000US4557850|-666666666|-222222222|-666666666|-222222222|-666666666|-222222222|-666666666|-222222222|-666666666|-222222222|-666666666|-222222222|-666666666|-222222222
1600000US4558030|1726|143|1442|254|1485|282|1779|141|1852|587|2183|1157|-666666666|-222222222
1600000US4558170|1232|133|-666666666|-222222222|1381|252|1054|218|1328|69|-666666666|-222222222|-666666666|-222222222
1600000US4558435|-666666666|-222222222|-666666666|-222222222|-666666666|-222222222|-666666666|-222222222|-666666666|-222222222|-666666666|-222222222|-666666666|-222222222
1600000US4558570|837|44|-666666666|-222222222|-666666666|-222222222|-666666666|-222222222|818|85|-666666666|-222222222|-666666666|-222222222
1600000US4558615|-666666666|-222222222|-666666666|-222222222|-666666666|-222222222|-666666666|-222222222|-666666666|-222222222|-666666666|-222222222|-666666666|-222222222
1600000US4558705|827|153|-666666666|-222222222|-666666666|-222222222|840|185|855|115|-666666666|-222222222|-666666666|-222222222
1600000US4558795|933|102|-666666666|-222222222|-666666666|-222222222|-666666666|-222222222|983|212|-666666666|-222222222|-666666666|-222222222
1600000US4558930|-666666666|-222222222|-666666666|-222222222|-666666666|-222222222|-666666666|-222222222|-666666666|-222222222|-666666666|-222222222|-666666666|-222222222
1600000US4559020|1115|537|-666666666|-222222222|-666666666|-222222222|850|564|1581|716|-666666666|-222222222|-666666666|-222222222
1600000US4559110|1160|116|-666666666|-222222222|-666666666|-222222222|1061|119|1378|368|-666666666|-222222222|-666666666|-222222222
1600000US4559190|1179|167|-666666666|-222222222|1365|1013|1140|213|1219|277|-666666666|-222222222|-666666666|-222222222
1600000US4559380|-666666666|-222222222|-666666666|-222222222|-666666666|-222222222|-666666666|-222222222|-666666666|-222222222|-666666666|-222222222|-666666666|-222222222
1600000US4559425|891|273|-666666666|-222222222|-666666666|-222222222|-666666666|-222222222|1025|750|-666666666|-222222222|-666666666|-222222222
1600000US4559470|-666666666|-222222222|-666666666|-222222222|-666666666|-222222222|-666666666|-222222222|-666666666|-222222222|-666666666|-222222222|-666666666|-222222222
1600000US4559920|-666666666|-222222222|-666666666|-222222222|-666666666|-222222222|-666666666|-222222222|-666666666|-222222222|-666666666|-222222222|-666666666|-222222222
1600000US4560280|734|454|-666666666|-222222222|299|186|680|431|1453|112|-666666666|-222222222|-666666666|-222222222
1600000US4560325|640|90|-666666666|-222222222|-666666666|-222222222|632|42|598|260|-666666666|-222222222|-666666666|-222222222
1600000US4560370|1393|516|-666666666|-222222222|-666666666|-222222222|-666666666|-222222222|1435|784|-666666666|-222222222|-666666666|-222222222
1600000US4560415|635|271|-666666666|-222222222|833|165|608|54|-666666666|-222222222|-666666666|-222222222|-666666666|-222222222
1600000US4561112|677|10|-666666666|-222222222|-666666666|-222222222|676|7|-666666666|-222222222|-666666666|-222222222|-666666666|-222222222
1600000US4561405|1341|36|1096|198|1305|53|1313|57|1444|59|1625|935|-666666666|-222222222
1600000US4561495|2083|1157|-666666666|-222222222|-666666666|-222222222|-666666666|-222222222|-666666666|-222222222|-666666666|-222222222|-666666666|-222222222
1600000US4561720|870|171|-666666666|-222222222|-666666666|-222222222|791|45|880|732|-666666666|-222222222|-666666666|-222222222
1600000US4562035|721|124|-666666666|-222222222|-666666666|-222222222|-666666666|-222222222|690|660|-666666666|-222222222|-666666666|-222222222
1600000US4562080|763|113|-666666666|-222222222|-666666666|-222222222|-666666666|-222222222|729|69|-666666666|-222222222|-666666666|-222222222
1600000US4562305|-666666666|-222222222|-666666666|-222222222|-666666666|-222222222|-666666666|-222222222|-666666666|-222222222|-666666666|-222222222|-666666666|-222222222
1600000US4562395|1088|48|1015|134|976|47|1054|61|1424|84|1863|385|-666666666|-222222222
1600000US4562485|-666666666|-222222222|-666666666|-222222222|-666666666|-222222222|-666666666|-222222222|-666666666|-222222222|-666666666|-222222222|-666666666|-222222222
1600000US4562530|703|489|-666666666|-222222222|408|199|858|77|-666666666|-222222222|-666666666|-222222222|-666666666|-222222222
1600000US4562620|970|239|526|143|1030|711|915|285|1232|964|-666666666|-222222222|-666666666|-222222222
1600000US4562755|1148|436|-666666666|-222222222|609|445|-666666666|-222222222|1181|132|-666666666|-222222222|-666666666|-222222222
1600000US4562980|500|43|-666666666|-222222222|-666666666|-222222222|496|41|-666666666|-222222222|-666666666|-222222222|-666666666|-222222222
1600000US4563115|675|198|-666666666|-222222222|-666666666|-222222222|-666666666|-222222222|796|62|-666666666|-222222222|-666666666|-222222222
1600000US4563250|816|121|-666666666|-222222222|490|329|702|457|927|56|-666666666|-222222222|-666666666|-222222222
1600000US4563655|976|122|-666666666|-222222222|-666666666|-222222222|995|142|-666666666|-222222222|-666666666|-222222222|-666666666|-222222222
1600000US4563665|1419|202|-666666666|-222222222|-666666666|-222222222|-666666666|-222222222|1412|147|-666666666|-222222222|-666666666|-222222222
1600000US4563700|999|75|-666666666|-222222222|786|225|1097|74|1569|239|-666666666|-222222222|-666666666|-222222222
1600000US4563790|911|137|-666666666|-222222222|-666666666|-222222222|938|169|941|96|-666666666|-222222222|-666666666|-222222222
1600000US4564240|934|61|-666666666|-222222222|-666666666|-222222222|913|113|1011|92|-666666666|-222222222|-666666666|-222222222
1600000US4564465|-666666666|-222222222|-666666666|-222222222|-666666666|-222222222|-666666666|-222222222|-666666666|-222222222|-666666666|-222222222|-666666666|-222222222
1600000US4564600|829|278|-666666666|-222222222|-666666666|-222222222|827|122|909|403|-666666666|-222222222|-666666666|-222222222
1600000US4564690|-666666666|-222222222|-666666666|-222222222|-666666666|-222222222|-666666666|-222222222|-666666666|-222222222|-666666666|-222222222|-666666666|-222222222
1600000US4564712|3501|-333333333|-666666666|-222222222|-666666666|-222222222|-666666666|-222222222|3501|-333333333|-666666666|-222222222|-666666666|-222222222
1600000US4565005|473|237|-666666666|-222222222|-666666666|-222222222|-666666666|-222222222|-666666666|-222222222|-666666666|-222222222|-666666666|-222222222
1600000US4565095|807|113|-666666666|-222222222|434|56|852|80|1254|222|880|683|-666666666|-222222222
1600000US4565207|1246|74|-666666666|-222222222|956|46|1198|61|1606|167|1580|251|-666666666|-222222222
1600000US4565410|875|281|-666666666|-222222222|-666666666|-222222222|883|333|-666666666|-222222222|-666666666|-222222222|-666666666|-222222222
1600000US4565590|-666666666|-222222222|-666666666|-222222222|-666666666|-222222222|-666666666|-222222222|-666666666|-222222222|-666666666|-222222222|-666666666|-222222222
1600000US4565680|1188|602|-666666666|-222222222|-666666666|-222222222|-666666666|-222222222|-666666666|-222222222|-666666666|-222222222|-666666666|-222222222
1600000US4565950|-666666666|-222222222|-666666666|-222222222|-666666666|-222222222|-666666666|-222222222|-666666666|-222222222|-666666666|-222222222|-666666666|-222222222
1600000US4566400|-666666666|-222222222|-666666666|-222222222|-666666666|-222222222|-666666666|-222222222|-666666666|-222222222|-666666666|-222222222|-666666666|-222222222
1600000US4566580|1415|60|1089|350|1283|145|1451|76|1747|315|-666666666|-222222222|-666666666|-222222222
1600000US4566760|800|191|-666666666|-222222222|-666666666|-222222222|691|180|-666666666|-222222222|-666666666|-222222222|-666666666|-222222222
1600000US4566917|988|344|-666666666|-222222222|-666666666|-222222222|1345|376|947|803|-666666666|-222222222|-666666666|-222222222
1600000US4567165|-666666666|-222222222|-666666666|-222222222|-666666666|-222222222|-666666666|-222222222|-666666666|-222222222|-666666666|-222222222|-666666666|-222222222
1600000US4567210|-666666666|-222222222|-666666666|-222222222|-666666666|-222222222|-666666666|-222222222|-666666666|-222222222|-666666666|-222222222|-666666666|-222222222
1600000US4567255|-666666666|-222222222|-666666666|-222222222|-666666666|-222222222|-666666666|-222222222|-666666666|-222222222|-666666666|-222222222|-666666666|-222222222
1600000US4567390|1246|101|-666666666|-222222222|1122|346|1312|170|1220|486|1233|689|-666666666|-222222222
1600000US4567435|825|161|-666666666|-222222222|-666666666|-222222222|743|157|1025|139|-666666666|-222222222|-666666666|-222222222
1600000US4567705|933|94|-666666666|-222222222|-666666666|-222222222|909|112|1006|242|-666666666|-222222222|-666666666|-222222222
1600000US4567750|1058|77|-666666666|-222222222|660|195|966|78|1135|23|-666666666|-222222222|-666666666|-222222222
1600000US4568177|917|134|-666666666|-222222222|-666666666|-222222222|-666666666|-222222222|958|464|-666666666|-222222222|-666666666|-222222222
1600000US4568210|-666666666|-222222222|-666666666|-222222222|-666666666|-222222222|-666666666|-222222222|-666666666|-222222222|-666666666|-222222222|-666666666|-222222222
1600000US4568290|1099|30|1057|98|983|129|1122|36|1141|76|1221|430|-666666666|-222222222
1600000US4568380|943|168|-666666666|-222222222|-666666666|-222222222|940|116|875|214|-666666666|-222222222|-666666666|-222222222
1600000US4568425|1291|159|-666666666|-222222222|1308|282|1247|336|1290|754|-666666666|-222222222|-666666666|-222222222
1600000US4568470|805|170|-666666666|-222222222|-666666666|-222222222|-666666666|-222222222|811|159|-666666666|-222222222|-666666666|-222222222
1600000US4568875|-666666666|-222222222|-666666666|-222222222|-666666666|-222222222|-666666666|-222222222|-666666666|-222222222|-666666666|-222222222|-666666666|-222222222
1600000US4568920|901|621|-666666666|-222222222|-666666666|-222222222|-666666666|-222222222|926|661|-666666666|-222222222|-666666666|-222222222
1600000US4569010|-666666666|-222222222|-666666666|-222222222|-666666666|-222222222|-666666666|-222222222|-666666666|-222222222|-666666666|-222222222|-666666666|-222222222
1600000US4570045|-666666666|-222222222|-666666666|-222222222|-666666666|-222222222|-666666666|-222222222|-666666666|-222222222|-666666666|-222222222|-666666666|-222222222
1600000US4570090|2375|1762|-666666666|-222222222|-666666666|-222222222|1607|848|3501|-333333333|3501|-333333333|-666666666|-222222222
1600000US4570225|488|441|-666666666|-222222222|452|409|-666666666|-222222222|906|571|-666666666|-222222222|-666666666|-222222222
1600000US4570270|1526|98|1629|288|1169|99|1484|109|1890|181|1858|337|-666666666|-222222222
1600000US4570315|930|77|-666666666|-222222222|-666666666|-222222222|825|539|-666666666|-222222222|-666666666|-222222222|-666666666|-222222222
1600000US4570405|1076|60|288|207|653|169|1076|70|1192|132|1554|246|-666666666|-222222222
1600000US4570585|1274|214|-666666666|-222222222|1114|93|1258|200|1388|353|2083|276|-666666666|-222222222
1600000US4570675|857|208|-666666666|-222222222|-666666666|-222222222|630|245|1106|385|-666666666|-222222222|-666666666|-222222222
1600000US4570900|422|43|-666666666|-222222222|-666666666|-222222222|-666666666|-222222222|-666666666|-222222222|-666666666|-222222222|-666666666|-222222222
1600000US4571170|-666666666|-222222222|-666666666|-222222222|-666666666|-222222222|-666666666|-222222222|-666666666|-222222222|-666666666|-222222222|-666666666|-222222222
1600000US4571305|-666666666|-222222222|-666666666|-222222222|-666666666|-222222222|-666666666|-222222222|-666666666|-222222222|-666666666|-222222222|-666666666|-222222222
1600000US4571395|1337|109|-666666666|-222222222|1025|219|1395|123|1375|96|1642|219|-666666666|-222222222
1600000US4571417|1408|554|-666666666|-222222222|-666666666|-222222222|1431|627|732|66|-666666666|-222222222|-666666666|-222222222
1600000US4571658|-666666666|-222222222|-666666666|-222222222|-666666666|-222222222|-666666666|-222222222|-666666666|-222222222|-666666666|-222222222|-666666666|-222222222
1600000US4571890|-666666666|-222222222|-666666666|-222222222|-666666666|-222222222|-666666666|-222222222|-666666666|-222222222|-666666666|-222222222|-666666666|-222222222
1600000US4571980|891|180|-666666666|-222222222|-666666666|-222222222|757|192|925|76|-666666666|-222222222|-666666666|-222222222
1600000US4572295|-666666666|-222222222|-666666666|-222222222|-666666666|-222222222|-666666666|-222222222|-666666666|-222222222|-666666666|-222222222|-666666666|-222222222
1600000US4572430|1033|180|-666666666|-222222222|841|234|1041|146|1337|300|-666666666|-222222222|-666666666|-222222222
1600000US4572520|930|481|-666666666|-222222222|-666666666|-222222222|930|481|-666666666|-222222222|-666666666|-222222222|-666666666|-222222222
1600000US4572655|1321|1003|-666666666|-222222222|-666666666|-222222222|-666666666|-222222222|-666666666|-222222222|-666666666|-222222222|-666666666|-222222222
1600000US4572745|625|187|-666666666|-222222222|457|94|671|25|931|136|-666666666|-222222222|-666666666|-222222222
1600000US4572880|1656|822|-666666666|-222222222|-666666666|-222222222|1656|822|-666666666|-222222222|-666666666|-222222222|-666666666|-222222222
1600000US4573105|832|118|526|19|443|147|890|216|956|24|861|27|-666666666|-222222222
1600000US4573240|-666666666|-222222222|-666666666|-222222222|-666666666|-222222222|-666666666|-222222222|-666666666|-222222222|-666666666|-222222222|-666666666|-222222222
1600000US4573330|1073|163|-666666666|-222222222|-666666666|-222222222|1176|385|687|479|-666666666|-222222222|-666666666|-222222222
1600000US4573465|1021|102|938|120|1130|277|1084|55|987|664|663|38|-666666666|-222222222
1600000US4573510|1360|45|-666666666|-222222222|-666666666|-222222222|-666666666|-222222222|1375|50|-666666666|-222222222|-666666666|-222222222
1600000US4573555|850|455|-666666666|-222222222|-666666666|-222222222|-666666666|-222222222|779|16|-666666666|-222222222|-666666666|-222222222
1600000US4573600|800|533|-666666666|-222222222|-666666666|-222222222|763|493|1375|56|-666666666|-222222222|-666666666|-222222222
1600000US4573870|1115|62|-666666666|-222222222|1017|108|1156|76|1329|247|-666666666|-222222222|-666666666|-222222222
1600000US4574050|638|278|-666666666|-222222222|423|6|803|605|636|467|-666666666|-222222222|-666666666|-222222222
1600000US4574095|669|103|-666666666|-222222222|409|254|682|71|-666666666|-222222222|-666666666|-222222222|-666666666|-222222222
1600000US4574140|-666666666|-222222222|-666666666|-222222222|-666666666|-222222222|-666666666|-222222222|-666666666|-222222222|-666666666|-222222222|-666666666|-222222222
1600000US4574275|965|109|-666666666|-222222222|486|471|782|230|1571|409|-666666666|-222222222|-666666666|-222222222
1600000US4574590|922|310|-666666666|-222222222|-666666666|-222222222|-666666666|-222222222|967|703|-666666666|-222222222|-666666666|-222222222
1600000US4574635|-666666666|-222222222|-666666666|-222222222|-666666666|-222222222|-666666666|-222222222|-666666666|-222222222|-666666666|-222222222|-666666666|-222222222
1600000US4574680|859|220|-666666666|-222222222|-666666666|-222222222|641|188|1110|38|850|62|-666666666|-222222222
1600000US4574725|1302|247|-666666666|-222222222|-666666666|-222222222|1302|247|-666666666|-222222222|-666666666|-222222222|-666666666|-222222222
1600000US4574995|-666666666|-222222222|-666666666|-222222222|-666666666|-222222222|-666666666|-222222222|-666666666|-222222222|-666666666|-222222222|-666666666|-222222222
1600000US4575220|817|227|-666666666|-222222222|675|14|886|79|-666666666|-222222222|-666666666|-222222222|-666666666|-222222222
1600000US4575445|1094|242|-666666666|-222222222|-666666666|-222222222|-666666666|-222222222|-666666666|-222222222|-666666666|-222222222|-666666666|-222222222
1600000US4575535|1103|184|-666666666|-222222222|863|256|1170|208|1153|354|-666666666|-222222222|-666666666|-222222222
1600000US4575580|1261|227|-666666666|-222222222|-666666666|-222222222|1156|284|1506|349|-666666666|-222222222|-666666666|-222222222
1600000US4575850|1201|84|1802|495|1175|164|1115|85|1399|105|-666666666|-222222222|-666666666|-222222222
1600000US4576165|715|267|-666666666|-222222222|384|51|600|261|860|102|-666666666|-222222222|-666666666|-222222222
1600000US4576345|819|60|-666666666|-222222222|807|184|768|102|1339|271|-666666666|-222222222|-666666666|-222222222
1600000US4576435|758|351|-666666666|-222222222|-666666666|-222222222|542|246|-666666666|-222222222|-666666666|-222222222|-666666666|-222222222
1600000US4577042|1180|152|-666666666|-222222222|-666666666|-222222222|1153|102|1000|790|2018|1306|-666666666|-222222222
1600000US4577380|802|427|-666666666|-222222222|604|234|811|482|-666666666|-222222222|-666666666|-222222222|-666666666|-222222222
1600000US4577425|1051|149|-666666666|-222222222|1093|146|815|215|1200|489|-666666666|-222222222|-666666666|-222222222
1600000US4577672|786|59|-666666666|-222222222|-666666666|-222222222|787|245|824|169|-666666666|-222222222|-666666666|-222222222
1600000US4577785|-666666666|-222222222|-666666666|-222222222|-666666666|-222222222|-666666666|-222222222|-666666666|-222222222|-666666666|-222222222|-666666666|-222222222
1600000US4577875|899|119|-666666666|-222222222|750|651|877|140|1290|607|-666666666|-222222222|-666666666|-222222222
1600000US4577920|-666666666|-222222222|-666666666|-222222222|-666666666|-222222222|-666666666|-222222222|-666666666|-222222222|-666666666|-222222222|-666666666|-222222222
1600000US4577965|677|89|-666666666|-222222222|325|9|1081|133|666|382|-666666666|-222222222|-666666666|-222222222
1600000US4578190|825|378|-666666666|-222222222|-666666666|-222222222|-666666666|-222222222|-666666666|-222222222|-666666666|-222222222|-666666666|-222222222
1600000US4578460|856|60|-666666666|-222222222|387|184|821|108|1045|221|-666666666|-222222222|-666666666|-222222222
1600000US4578505|986|120|-666666666|-222222222|-666666666|-222222222|956|73|1129|141|-666666666|-222222222|-666666666|-222222222
1600000US4578640|-666666666|-222222222|-666666666|-222222222|-666666666|-222222222|-666666666|-222222222|-666666666|-222222222|-666666666|-222222222|-666666666|-222222222
1600000US4578820|1169|89|-666666666|-222222222|974|78|1088|53|1430|355|-666666666|-222222222|-666666666|-222222222
1600000US4578910|-666666666|-222222222|-666666666|-222222222|-666666666|-222222222|-666666666|-222222222|-666666666|-222222222|-666666666|-222222222|-666666666|-222222222
1600000US4579090|810|148|-666666666|-222222222|533|37|825|149|1280|196|1213|1066|-666666666|-222222222
1600000US4579341|788|98|-666666666|-222222222|-666666666|-222222222|789|231|1113|75|779|10|-666666666|-222222222
1600000US4579450|748|414|-666666666|-222222222|275|20|-666666666|-222222222|866|219|-666666666|-222222222|-666666666|-222222222
1600000US4579630|896|167|-666666666|-222222222|328|256|1036|181|849|218|-666666666|-222222222|-666666666|-222222222
1600000US4579720|-666666666|-222222222|-666666666|-222222222|-666666666|-222222222|-666666666|-222222222|-666666666|-222222222|-666666666|-222222222|-666666666|-222222222
860Z200US27006|1009|153|-666666666|-222222222|1139|342|894|259|901|124|-666666666|-222222222|-666666666|-222222222
860Z200US27007|798|58|-666666666|-222222222|-666666666|-222222222|-666666666|-222222222|-666666666|-222222222|-666666666|-222222222|-666666666|-222222222
860Z200US27009|-666666666|-222222222|-666666666|-222222222|-666666666|-222222222|-666666666|-222222222|-666666666|-222222222|-666666666|-222222222|-666666666|-222222222
860Z200US27011|838|163|-666666666|-222222222|-666666666|-222222222|838|300|903|183|-666666666|-222222222|-666666666|-222222222
860Z200US27012|1227|78|-666666666|-222222222|1308|110|1131|53|1694|280|2128|821|-666666666|-222222222
860Z200US27013|800|90|-666666666|-222222222|-666666666|-222222222|738|46|903|202|-666666666|-222222222|-666666666|-222222222
860Z200US27014|968|134|-666666666|-222222222|-666666666|-222222222|917|231|980|292|-666666666|-222222222|-666666666|-222222222
860Z200US27016|-666666666|-222222222|-666666666|-222222222|-666666666|-222222222|-666666666|-222222222|-666666666|-222222222|-666666666|-222222222|-666666666|-222222222
860Z200US27017|704|38|-666666666|-222222222|471|101|717|64|906|204|714|228|-666666666|-222222222
860Z200US27018|730|86|-666666666|-222222222|-666666666|-222222222|742|82|790|119|-666666666|-222222222|-666666666|-222222222
860Z200US27019|777|90|-666666666|-222222222|-666666666|-222222222|762|266|-666666666|-222222222|-666666666|-222222222|-666666666|-222222222
860Z200US27020|875|304|-666666666|-222222222|-666666666|-222222222|743|647|895|436|-666666666|-222222222|-666666666|-222222222
860Z200US27021|851|63|529|118|581|110|848|101|1014|263|-666666666|-222222222|-666666666|-222222222
860Z200US27022|754|492|-666666666|-222222222|-666666666|-222222222|-666666666|-222222222|-666666666|-222222222|-666666666|-222222222|-666666666|-222222222
860Z200US27023|1064|147|-666666666|-222222222|-666666666|-222222222|1066|192|1420|502|-666666666|-222222222|-666666666|-222222222
860Z200US27024|662|144|-666666666|-222222222|-666666666|-222222222|556|98|720|78|-666666666|-222222222|-666666666|-222222222
860Z200US27025|725|72|-666666666|-222222222|515|166|764|45|773|109|-666666666|-222222222|-666666666|-222222222
860Z200US27027|785|139|-666666666|-222222222|416|133|833|141|1293|195|-666666666|-222222222|-666666666|-222222222
860Z200US27028|830|58|811|263|611|306|779|91|1046|210|878|86|3501|-333333333
860Z200US27030|754|53|759|474|573|132|744|55|826|66|1156|421|-666666666|-222222222
860Z200US27040|1514|578|-666666666|-222222222|-666666666|-222222222|1118|98|1668|151|2383|922|-666666666|-222222222
860Z200US27041|841|184|-666666666|-222222222|-666666666|-222222222|959|138|793|189|-666666666|-222222222|-666666666|-222222222
860Z200US27042|-666666666|-222222222|-666666666|-222222222|-666666666|-222222222|-666666666|-222222222|-666666666|-222222222|-666666666|-222222222|-666666666|-222222222
860Z200US27043|853|78|-666666666|-222222222|-666666666|-222222222|584|221|940|76|-666666666|-222222222|-666666666|-222222222
860Z200US27045|1081|184|-666666666|-222222222|833|344|947|117|1585|183|-666666666|-222222222|-666666666|-222222222
860Z200US27046|584|49|-666666666|-222222222|-666666666|-222222222|599|36|530|372|-666666666|-222222222|-666666666|-222222222
860Z200US27047|763|246|-666666666|-222222222|-666666666|-222222222|-666666666|-222222222|-666666666|-222222222|-666666666|-222222222|-666666666|-222222222
860Z200US27048|841|190|-666666666|-222222222|373|358|768|101|1023|242|-666666666|-222222222|-666666666|-222222222
860Z200US27050|919|86|-666666666|-222222222|-666666666|-222222222|775|93|1012|137|-666666666|-222222222|-666666666|-222222222
860Z200US27051|1146|164|-666666666|-222222222|711|567|1065|251|1306|425|-666666666|-222222222|-666666666|-222222222
860Z200US27052|699|99|-666666666|-222222222|400|143|685|81|1071|606|-666666666|-222222222|-666666666|-222222222
860Z200US27053|769|13|-666666666|-222222222|-666666666|-222222222|765|125|-666666666|-222222222|-666666666|-222222222|-666666666|-222222222
860Z200US27054|775|68|-666666666|-222222222|-666666666|-222222222|-666666666|-222222222|-666666666|-222222222|-666666666|-222222222|-666666666|-222222222
860Z200US27055|831|68|-666666666|-222222222|725|193|737|114|945|63|1145|349|-666666666|-222222222
860Z200US27101|1010|81|894|321|959|53|1107|150|1151|304|-666666666|-222222222|-666666666|-222222222
860Z200US27103|1259|57|738|232|1035|125|1226|81|1490|105|1876|266|-666666666|-222222222
860Z200US27104|1171|49|-666666666|-222222222|1090|62|1181|83|1492|218|1930|992|-666666666|-222222222
860Z200US27105|926|39|839|112|722|56|884|46|1149|76|1260|306|-666666666|-222222222
860Z200US27106|1145|34|1098|40|1040|74|1129|48|1516|201|1660|288|-666666666|-222222222
860Z200US27107|883|35|906|484|757|71|834|25|1210|132|1274|320|-666666666|-222222222
860Z200US27109|-666666666|-222222222|-666666666|-222222222|-666666666|-222222222|-666666666|-222222222|-666666666|-222222222|-666666666|-222222222|-666666666|-222222222
860Z200US27110|-666666666|-222222222|-666666666|-222222222|-666666666|-222222222|-666666666|-222222222|-666666666|-222222222|-666666666|-222222222|-666666666|-222222222
860Z200US27127|1118|56|732|14|1012|149|1072|55|1325|86|2118|218|-666666666|-222222222
860Z200US27201|-666666666|-222222222|-666666666|-222222222|-666666666|-222222222|-666666666|-222222222|-666666666|-222222222|-666666666|-222222222|-666666666|-222222222
860Z200US27202|-666666666|-222222222|-666666666|-222222222|-666666666|-222222222|-666666666|-222222222|-666666666|-222222222|-666666666|-222222222|-666666666|-222222222
860Z200US27203|892|39|715|144|749|186|861|39|1306|104|1670|377|-666666666|-222222222
860Z200US27205|824|117|-666666666|-222222222|518|442|910|147|868|69|1332|216|-666666666|-222222222
860Z200US27207|758|533|-666666666|-222222222|-666666666|-222222222|1071|302|-666666666|-222222222|-666666666|-222222222|-666666666|-222222222
860Z200US27208|657|497|-666666666|-222222222|-666666666|-222222222|-666666666|-222222222|-666666666|-222222222|-666666666|-222222222|-666666666|-222222222
860Z200US27209|594|158|-666666666|-222222222|-666666666|-222222222|599|224|534|163|-666666666|-222222222|-666666666|-222222222
860Z200US27212|839|74|-666666666|-222222222|-666666666|-222222222|-666666666|-222222222|858|136|-666666666|-222222222|-666666666|-222222222
860Z200US27213|-666666666|-222222222|-666666666|-222222222|-666666666|-222222222|-666666666|-222222222|-666666666|-222222222|-666666666|-222222222|-666666666|-222222222
860Z200US27214|1206|100|-666666666|-222222222|1107|58|1307|139|1331|150|1490|1307|-666666666|-222222222
860Z200US27215|1161|47|905|381|1105|123|1170|84|1214|78|1814|552|2682|949
860Z200US27217|915|52|-666666666|-222222222|651|228|863|71|1086|123|1250|1247|-666666666|-222222222
860Z200US27229|898|70|-666666666|-222222222|-666666666|-222222222|633|239|908|78|-666666666|-222222222|-666666666|-222222222
860Z200US27231|690|402|-666666666|-222222222|-666666666|-222222222|678|13|1557|396|1406|161|-666666666|-222222222
860Z200US27233|-666666666|-222222222|-666666666|-222222222|-666666666|-222222222|-666666666|-222222222|-666666666|-222222222|-666666666|-222222222|-666666666|-222222222
860Z200US27235|2079|370|1732|161|-666666666|-222222222|2131|474|3501|-333333333|-666666666|-222222222|-666666666|-222222222
860Z200US27239|865|138|-666666666|-222222222|-666666666|-222222222|819|171|989|168|1004|336|-666666666|-222222222
860Z200US27242|724|10|-666666666|-222222222|-666666666|-222222222|727|9|669|330|-666666666|-222222222|-666666666|-222222222
860Z200US27243|858|20|-666666666|-222222222|-666666666|-222222222|854|33|-666666666|-222222222|-666666666|-222222222|-666666666|-222222222
860Z200US27244|972|233|-666666666|-222222222|514|292|-666666666|-222222222|1172|350|2313|1507|1125|347
860Z200US27247|-666666666|-222222222|-666666666|-222222222|-666666666|-222222222|-666666666|-222222222|-666666666|-222222222|-666666666|-222222222|-666666666|-222222222
860Z200US27248|799|402|-666666666|-222222222|754|145|747|380|1188|669|-666666666|-222222222|-666666666|-222222222
860Z200US27249|836|72|-666666666|-222222222|822|107|728|103|1146|75|-666666666|-222222222|-666666666|-222222222
860Z200US27252|947|98|-666666666|-222222222|-666666666|-222222222|-666666666|-222222222|947|98|-666666666|-222222222|-666666666|-222222222
860Z200US27253|1041|54|1216|355|828|228|1108|63|1000|135|2213|132|-666666666|-222222222
860Z200US27256|-666666666|-222222222|-666666666|-222222222|-666666666|-222222222|-666666666|-222222222|-666666666|-222222222|-666666666|-222222222|-666666666|-222222222
860Z200US27258|896|233|-666666666|-222222222|1713|83|829|155|1162|429|628|12|-666666666|-222222222
860Z200US27259|-666666666|-222222222|-666666666|-222222222|-666666666|-222222222|-666666666|-222222222|-666666666|-222222222|-666666666|-222222222|-666666666|-222222222
860Z200US27260|860|71|297|222|477|313|859|81|1152|140|-666666666|-222222222|-666666666|-222222222
860Z200US27262|1044|52|-666666666|-222222222|1018|94|934|121|1278|146|980|212|-666666666|-222222222
860Z200US27263|973|42|846|34|833|155|903|55|1151|64|-666666666|-222222222|-666666666|-222222222
860Z200US27265|1203|59|857|38|1083|54|1157|79|1421|124|2031|404|2105|262
860Z200US27268|-666666666|-222222222|-666666666|-222222222|-666666666|-222222222|-666666666|-222222222|-666666666|-222222222|-666666666|-222222222|-666666666|-222222222
860Z200US27278|1297|170|-666666666|-222222222|870|414|1254|416|1408|218|-666666666|-222222222|-666666666|-222222222
860Z200US27281|1420|504|-666666666|-222222222|-666666666|-222222222|1184|82|1710|104|-666666666|-222222222|-666666666|-222222222
860Z200US27282|1364|106|-666666666|-222222222|1170|179|1316|170|1560|196|1632|307|-666666666|-222222222
860Z200US27283|978|475|-666666666|-222222222|-666666666|-222222222|690|393|1479|409|-666666666|-222222222|-666666666|-222222222
860Z200US27284|1153|79|789|59|982|80|1093|101|1556|161|2057|236|-666666666|-222222222
860Z200US27288|815|58|621|54|593|263|809|45|987|86|1172|670|-666666666|-222222222
860Z200US27291|816|248|-666666666|-222222222|-666666666|-222222222|816|248|-666666666|-222222222|-666666666|-222222222|-666666666|-222222222
860Z200US27292|848|30|843|22|807|153|792|30|965|113|1119|129|1376|85
860Z200US27295|932|86|-666666666|-222222222|746|228|781|80|1083|108|1272|984|-666666666|-222222222
860Z200US27298|887|163|-666666666|-222222222|331|21|978|141|968|90|-666666666|-222222222|-666666666|-222222222
860Z200US27299|938|128|-666666666|-222222222|-666666666|-222222222|921|221|959|116|-666666666|-222222222|-666666666|-222222222
860Z200US27301|1376|213|-666666666|-222222222|-666666666|-222222222|1073|111|1416|543|2047|566|-666666666|-222222222
860Z200US27302|1199|53|-666666666|-222222222|1145|46|1131|82|1498|194|2307|300|-666666666|-222222222
860Z200US27305|790|362|-666666666|-222222222|-666666666|-222222222|797|510|-666666666|-222222222|-666666666|-222222222|-666666666|-222222222
860Z200US27306|793|130|709|78|407|72|783|93|1036|207|-666666666|-222222222|-666666666|-222222222
860Z200US27310|3009|2714|-666666666|-222222222|-666666666|-222222222|-666666666|-222222222|-666666666|-222222222|-666666666|-222222222|-666666666|-222222222
860Z200US27311|586|117|-666666666|-222222222|-666666666|-222222222|438|92|895|131|-666666666|-222222222|-666666666|-222222222
860Z200US27312|1272|300|941|170|1615|229|1138|429|1111|939|1416|848|-666666666|-222222222
860Z200US27313|984|134|-666666666|-222222222|-666666666|-222222222|933|78|1203|987|-666666666|-222222222|-666666666|-222222222
860Z200US27314|-666666666|-222222222|-666666666|-222222222|-666666666|-222222222|-666666666|-222222222|-666666666|-222222222|-666666666|-222222222|-666666666|-222222222
860Z200US27315|741|380|-666666666|-222222222|-666666666|-222222222|-666666666|-222222222|739|544|-666666666|-222222222|-666666666|-222222222
860Z200US27316|777|178|-666666666|-222222222|420|39|683|38|1083|190|-666666666|-222222222|-666666666|-222222222
860Z200US27317|837|100|-666666666|-222222222|770|183|715|183|1018|100|1470|509|-666666666|-222222222
860Z200US27320|825|52|724|639|612|61|832|65|929|98|-666666666|-222222222|-666666666|-222222222
860Z200US27325|681|30|-666666666|-222222222|513|215|1225|711|669|50|-666666666|-222222222|-666666666|-222222222
860Z200US27326|650|83|-666666666|-222222222|-666666666|-222222222|-666666666|-222222222|733|101|-666666666|-222222222|-666666666|-222222222
860Z200US27330|1039|46|1297|697|827|247|1027|57|1166|93|1329|96|-666666666|-222222222
860Z200US27332|1155|112|-666666666|-222222222|530|102|1054|184|1211|193|1656|311|-666666666|-222222222
860Z200US27340|-666666666|-222222222|-666666666|-222222222|-666666666|-222222222|-666666666|-222222222|-666666666|-222222222|-666666666|-222222222|-666666666|-222222222
860Z200US27341|853|131|-666666666|-222222222|-666666666|-222222222|639|197|857|182|-666666666|-222222222|-666666666|-222222222
860Z200US27342|-666666666|-222222222|-666666666|-222222222|-666666666|-222222222|-666666666|-222222222|-666666666|-222222222|-666666666|-222222222|-666666666|-222222222
860Z200US27343|-666666666|-222222222|-666666666|-222222222|-666666666|-222222222|-666666666|-222222222|-666666666|-222222222|-666666666|-222222222|-666666666|-222222222
860Z200US27344|1056|187|-666666666|-222222222|626|117|1034|268|1168|342|-666666666|-222222222|-666666666|-222222222
860Z200US27349|880|158|-666666666|-222222222|-666666666|-222222222|-666666666|-222222222|889|607|-666666666|-222222222|-666666666|-222222222
860Z200US27350|1041|246|-666666666|-222222222|-666666666|-222222222|1071|387|984|139|-666666666|-222222222|-666666666|-222222222
860Z200US27351|-666666666|-222222222|-666666666|-222222222|-666666666|-222222222|-666666666|-222222222|-666666666|-222222222|-666666666|-222222222|-666666666|-222222222
860Z200US27355|823|405|-666666666|-222222222|-666666666|-222222222|535|228|954|773|-666666666|-222222222|-666666666|-222222222
860Z200US27356|758|79|-666666666|-222222222|544|65|541|195|776|11|-666666666|-222222222|-666666666|-222222222
860Z200US27357|866|390|-666666666|-222222222|-666666666|-222222222|797|595|862|32|-666666666|-222222222|-666666666|-222222222
860Z200US27358|1022|627|-666666666|-222222222|-666666666|-222222222|-666666666|-222222222|1217|837|-666666666|-222222222|-666666666|-222222222
860Z200US27360|879|45|751|728|694|207|810|43|1027|93|1467|373|-666666666|-222222222
860Z200US27370|946|193|-666666666|-222222222|-666666666|-222222222|852|78|1060|133|-666666666|-222222222|-666666666|-222222222
860Z200US27371|685|68|-666666666|-222222222|367|283|708|414|722|145|-666666666|-222222222|-666666666|-222222222
860Z200US27374|-666666666|-222222222|-666666666|-222222222|-666666666|-222222222|-666666666|-222222222|-666666666|-222222222|-666666666|-222222222|-666666666|-222222222
860Z200US27376|871|106|-666666666|-222222222|746|198|863|344|1000|279|720|137|-666666666|-222222222
860Z200US27377|1331|127|-666666666|-222222222|-666666666|-222222222|1199|139|1583|192|-666666666|-222222222|-666666666|-222222222
860Z200US27379|609|116|-666666666|-222222222|283|107|900|345|711|265|-666666666|-222222222|-666666666|-222222222
860Z200US27401|948|39|873|192|805|162|953|37|1046|229|1244|322|-666666666|-222222222
860Z200US27403|1075|92|688|231|904|66|1076|119|1165|217|1397|117|-666666666|-222222222
860Z200US27405|1047|50|859|77|818|136|986|51|1243|88|1510|347|-666666666|-222222222
860Z200US27406|1149|30|1196|144|1113|98|1060|44|1284|146|1643|814|1831|262
860Z200US27407|1154|38|1112|61|936|35|1141|48|1416|85|1687|357|-666666666|-222222222
860Z200US27408|1169|64|-666666666|-222222222|1125|375|1102|56|1394|151|-666666666|-222222222|-666666666|-222222222
860Z200US27409|1280|53|1155|88|1109|41|1319|60|1564|131|-666666666|-222222222|2288|307
860Z200US27410|1397|51|1223|225|1200|37|1449|70|1727|98|2075|137|1185|446
860Z200US27411|-666666666|-222222222|-666666666|-222222222|-666666666|-222222222|-666666666|-222222222|-666666666|-222222222|-666666666|-222222222|-666666666|-222222222
860Z200US27412|-666666666|-222222222|-666666666|-222222222|-666666666|-222222222|-666666666|-222222222|-666666666|-222222222|-666666666|-222222222|-666666666|-222222222
860Z200US27455|1336|69|1107|63|1110|111|1339|94|1670|162|3501|-333333333|-666666666|-222222222
860Z200US27501|1005|123|-666666666|-222222222|773|150|952|123|1163|217|-666666666|-222222222|-666666666|-222222222
860Z200US27502|1909|114|-666666666|-222222222|1594|246|1704|99|1941|202|2732|88|2723|474
860Z200US27503|1607|1291|-666666666|-222222222|-666666666|-222222222|-666666666|-222222222|1714|1543|-666666666|-222222222|-666666666|-222222222
860Z200US27504|1124|102|-666666666|-222222222|524|413|995|123|1377|119|2068|272|-666666666|-222222222
860Z200US27505|1006|127|-666666666|-222222222|-666666666|-222222222|945|33|1069|232|-666666666|-222222222|-666666666|-222222222
860Z200US27506|-666666666|-222222222|-666666666|-222222222|-666666666|-222222222|-666666666|-222222222|-666666666|-222222222|-666666666|-222222222|-666666666|-222222222
860Z200US27507|-666666666|-222222222|-666666666|-222222222|-666666666|-222222222|-666666666|-222222222|-666666666|-222222222|-666666666|-222222222|-666666666|-222222222
860Z200US27508|1128|91|-666666666|-222222222|523|22|1134|71|1375|686|-666666666|-222222222|-666666666|-222222222
860Z200US27509|1241|130|-666666666|-222222222|721|547|1300|210|1241|163|-666666666|-222222222|-666666666|-222222222
860Z200US27510|1476|72|1115|130|1216|58|1530|82|1836|100|2711|71|-666666666|-222222222
860Z200US27511|1515|83|1287|701|1355|59|1504|98|1753|84|1528|962|-666666666|-222222222
860Z200US27513|1617|72|1196|152|1380|29|1646|73|1963|163|2668|292|3283|1669
860Z200US27514|1626|56|1518|198|1433|49|1703|63|1883|146|1814|1051|2702|989
860Z200US27516|1564|111|1335|782|876|473|1472|78|1884|179|2067|702|1792|457
860Z200US27517|1638|74|1652|499|1545|135|1704|132|1744|212|-666666666|-222222222|-666666666|-222222222
860Z200US27518|1681|47|1343|992|1603|89|1741|50|1953|293|-666666666|-222222222|-666666666|-222222222
860Z200US27519|1952|59|1762|73|1680|66|1834|67|2175|98|2562|161|3145|178
860Z200US27520|1605|90|-666666666|-222222222|1170|283|1425|129|1774|118|2040|319|-666666666|-222222222
860Z200US27521|894|58|-666666666|-222222222|837|240|869|70|1004|193|981|154|-666666666|-222222222
860Z200US27522|1103|156|-666666666|-222222222|1176|95|644|450|1566|257|-666666666|-222222222|-666666666|-222222222
860Z200US27523|1939|131|-666666666|-222222222|1625|103|1841|216|2206|143|2500|216|2927|1323
860Z200US27524|991|174|-666666666|-222222222|353|245|904|211|992|336|1173|369|-666666666|-222222222
860Z200US27525|1011|89|-666666666|-222222222|926|535|983|96|1058|111|1558|304|-666666666|-222222222
860Z200US27526|1642|149|-666666666|-222222222|1501|186|1274|467|1642|491|2303|128|2585|1189
860Z200US27527|1823|220|-666666666|-222222222|1371|58|1552|314|2047|231|2333|147|-666666666|-222222222
860Z200US27529|1464|76|-666666666|-222222222|1336|67|1468|147|1476|139|2664|119|-666666666|-222222222
860Z200US27530|835|39|840|548|559|86|794|84|953|134|875|343|-666666666|-222222222
860Z200US27531|-666666666|-222222222|-666666666|-222222222|-666666666|-222222222|-666666666|-222222222|-666666666|-222222222|-666666666|-222222222|-666666666|-222222222
860Z200US27533|-666666666|-222222222|-666666666|-222222222|-666666666|-222222222|-666666666|-222222222|-666666666|-222222222|-666666666|-222222222|-666666666|-222222222
860Z200US27534|1135|57|1276|998|695|171|1054|61|1276|123|1609|244|1810|932
860Z200US27536|861|47|-666666666|-222222222|524|45|832|42|1051|78|962|786|-666666666|-222222222
860Z200US27537|964|84|-666666666|-222222222|616|83|899|95|1010|90|1144|280|-666666666|-222222222
860Z200US27539|1885|118|-666666666|-222222222|1606|132|1769|31|2137|284|2576|384|2724|85
860Z200US27540|1947|124|2073|411|1363|105|1821|129|2025|182|2862|594|3017|1176
860Z200US27541|1786|1176|-666666666|-222222222|-666666666|-222222222|-666666666|-222222222|1375|1009|-666666666|-222222222|-666666666|-222222222
860Z200US27542|757|99|-666666666|-222222222|775|164|662|177|887|99|-666666666|-222222222|-666666666|-222222222
860Z200US27544|787|104|-666666666|-222222222|-666666666|-222222222|834|41|650|611|-666666666|-222222222|-666666666|-222222222
860Z200US27545|1652|78|-666666666|-222222222|1341|110|1565|116|1854|169|2013|264|2388|283
860Z200US27546|1136|79|-666666666|-222222222|952|39|1041|67|1315|96|1359|78|-666666666|-222222222
860Z200US27549|1055|50|1106|60|922|169|1018|181|1043|80|1301|186|-666666666|-222222222
860Z200US27551|1105|74|-666666666|-222222222|-666666666|-222222222|-666666666|-222222222|784|471|-666666666|-222222222|-666666666|-222222222
860Z200US27553|774|368|-666666666|-222222222|-666666666|-222222222|-666666666|-222222222|744|41|-666666666|-222222222|-666666666|-222222222
860Z200US27555|917|434|-666666666|-222222222|-666666666|-222222222|746|442|-666666666|-222222222|-666666666|-222222222|-666666666|-222222222
860Z200US27556|-666666666|-222222222|-666666666|-222222222|-666666666|-222222222|-666666666|-222222222|-666666666|-222222222|-666666666|-222222222|-666666666|-222222222
860Z200US27557|845|78|-666666666|-222222222|442|353|696|156|930|137|-666666666|-222222222|-666666666|-222222222
860Z200US27559|1310|1113|-666666666|-222222222|-666666666|-222222222|-666666666|-222222222|1590|282|-666666666|-222222222|-666666666|-222222222
860Z200US27560|1840|50|1715|44|1590|77|1826|70|2098|100|2249|35|2409|609
860Z200US27562|-666666666|-222222222|-666666666|-222222222|-666666666|-222222222|-666666666|-222222222|-666666666|-222222222|-666666666|-222222222|-666666666|-222222222
860Z200US27563|688|282|-666666666|-222222222|349|133|516|460|782|132|-666666666|-222222222|-666666666|-222222222
860Z200US27565|914|63|-666666666|-222222222|718|154|959|62|882|120|1661|611|-666666666|-222222222
860Z200US27568|791|73|-666666666|-222222222|-666666666|-222222222|796|58|-666666666|-222222222|-666666666|-222222222|-666666666|-222222222
860Z200US27569|950|82|-666666666|-222222222|182|38|873|134|1262|222|978|581|-666666666|-222222222
860Z200US27570|-666666666|-222222222|-666666666|-222222222|-666666666|-222222222|-666666666|-222222222|-666666666|-222222222|-666666666|-222222222|-666666666|-222222222
860Z200US27571|1085|808|-666666666|-222222222|-666666666|-222222222|1570|634|-666666666|-222222222|-666666666|-222222222|-666666666|-222222222
860Z200US27572|791|350|-666666666|-222222222|-666666666|-222222222|-666666666|-222222222|778|9|-666666666|-222222222|-666666666|-222222222
860Z200US27573|839|53|-666666666|-222222222|548|315|820|177|1092|61|-666666666|-222222222|-666666666|-222222222
860Z200US27574|968|82|-666666666|-222222222|-666666666|-222222222|841|238|1006|138|1275|168|-666666666|-222222222
860Z200US27576|898|79|380|13|378|16|824|74|1199|178|992|926|-666666666|-222222222
860Z200US27577|837|118|-666666666|-222222222|514|53|959|138|1018|243|1441|1258|-666666666|-222222222
860Z200US27581|1096|53|-666666666|-222222222|-666666666|-222222222|1114|36|1076|119|-666666666|-222222222|-666666666|-222222222
860Z200US27582|1188|663|-666666666|-222222222|-666666666|-222222222|-666666666|-222222222|1556|1494|-666666666|-222222222|-666666666|-222222222
860Z200US27583|888|253|-666666666|-222222222|-666666666|-222222222|807|254|1096|196|-666666666|-222222222|-666666666|-222222222
860Z200US27584|-666666666|-222222222|-666666666|-222222222|-666666666|-222222222|-666666666|-222222222|-666666666|-222222222|-666666666|-222222222|-666666666|-222222222
860Z200US27587|1544|112|-666666666|-222222222|1306|130|1515|268|1646|145|2669|134|3139|277
860Z200US27589|840|85|-666666666|-222222222|400|129|760|52|939|42|960|29|-666666666|-222222222
860Z200US27591|1341|126|-666666666|-222222222|764|429|1313|534|1375|140|-666666666|-222222222|-666666666|-222222222
860Z200US27592|948|56|694|258|-666666666|-222222222|885|86|954|42|-666666666|-222222222|-666666666|-222222222
860Z200US27593|-666666666|-222222222|-666666666|-222222222|-666666666|-222222222|-666666666|-222222222|-666666666|-222222222|-666666666|-222222222|-666666666|-222222222
860Z200US27594|-666666666|-222222222|-666666666|-222222222|-666666666|-222222222|-666666666|-222222222|-666666666|-222222222|-666666666|-222222222|-666666666|-222222222
860Z200US27596|1211|111|-666666666|-222222222|1086|461|1197|127|1403|305|998|962|-666666666|-222222222
860Z200US27597|997|94|-666666666|-222222222|915|89|831|193|1167|161|1818|1236|-666666666|-222222222
860Z200US27599|-666666666|-222222222|-666666666|-222222222|-666666666|-222222222|-666666666|-222222222|-666666666|-222222222|-666666666|-222222222|-666666666|-222222222
860Z200US27601|1550|96|1579|179|1532|152|1551|407|1621|332|-666666666|-222222222|-666666666|-222222222
860Z200US27603|1547|100|1298|165|1633|117|1476|135|1622|167|1538|1170|-666666666|-222222222
860Z200US27604|1480|70|1520|634|1238|134|1425|54|1778|121|2230|913|-666666666|-222222222
860Z200US27605|1668|78|1350|587|1650|88|1814|99|1762|590|975|123|-666666666|-222222222
860Z200US27606|1432|39|1050|108|1291|42|1497|65|1782|80|1896|724|1208|925
860Z200US27607|1610|77|1392|54|1560|103|1579|181|2004|198|2046|779|-666666666|-222222222
860Z200US27608|1878|297|-666666666|-222222222|1981|567|1683|257|2657|449|-666666666|-222222222|-666666666|-222222222
860Z200US27609|1474|65|1489|161|1305|96|1594|114|1764|146|2486|1637|-666666666|-222222222
860Z200US27610|1449|78|1099|517|971|224|1222|46|1639|100|2090|187|2102|258
860Z200US27612|1620|55|1378|75|1456|51|1710|35|1944|209|2897|967|-666666666|-222222222
860Z200US27613|1628|69|1503|250|1340|44|1688|47|2100|174|2513|471|2375|1942
860Z200US27614|1647|86|-666666666|-222222222|1663|179|1545|142|1839|245|1732|1604|-666666666|-222222222
860Z200US27615|1612|53|-666666666|-222222222|1400|36|1661|47|1712|174|2576|442|-666666666|-222222222
860Z200US27616|1659|55|1196|401|1286|108|1593|85|1861|91|2567|283|-666666666|-222222222
860Z200US27617|1736|46|1469|199|1577|129|1744|42|2235|148|3040|655|-666666666|-222222222
860Z200US27695|-666666666|-222222222|-666666666|-222222222|-666666666|-222222222|-666666666|-222222222|-666666666|-222222222|-666666666|-222222222|-666666666|-222222222
860Z200US27697|-666666666|-222222222|-666666666|-222222222|-666666666|-222222222|-666666666|-222222222|-666666666|-222222222|-666666666|-222222222|-666666666|-222222222
860Z200US27701|1351|61|1304|441|1249|270|1362|93|1510|165|1591|576|-666666666|-222222222
860Z200US27703|1584|75|1206|451|1386|114|1542|114|1829|193|2030|280|-666666666|-222222222
860Z200US27704|1382|71|1366|530|948|407|1356|63|1581|98|2129|657|-666666666|-222222222
860Z200US27705|1539|68|1431|318|1278|116|1575|70|1993|221|1518|1010|3347|716
860Z200US27707|1431|50|1358|47|1277|93|1446|77|1734|106|1767|621|-666666666|-222222222
860Z200US27708|-666666666|-222222222|-666666666|-222222222|-666666666|-222222222|-666666666|-222222222|-666666666|-222222222|-666666666|-222222222|-666666666|-222222222
860Z200US27709|-666666666|-222222222|-666666666|-222222222|-666666666|-222222222|-666666666|-222222222|-666666666|-222222222|-666666666|-222222222|-666666666|-222222222
860Z200US27712|1655|182|-666666666|-222222222|-666666666|-222222222|972|405|1691|165|2060|337|-666666666|-222222222
860Z200US27713|1540|70|1581|187|1362|34|1573|85|1822|111|2119|396|-666666666|-222222222
860Z200US27801|859|66|-666666666|-222222222|508|175|695|65|1043|72|1464|311|-666666666|-222222222
860Z200US27803|913|50|-666666666|-222222222|395|226|883|108|1045|64|1174|385|-666666666|-222222222
860Z200US27804|1037|50|843|27|957|32|1020|62|1260|82|1624|278|-666666666|-222222222
860Z200US27805|667|43|-666666666|-222222222|-666666666|-222222222|455|379|676|21|-666666666|-222222222|-666666666|-222222222
860Z200US27806|935|582|-666666666|-222222222|236|45|-666666666|-222222222|1138|342|-666666666|-222222222|-666666666|-222222222
860Z200US27807|897|109|-666666666|-222222222|-666666666|-222222222|631|49|996|146|1333|175|-666666666|-222222222
860Z200US27808|1203|237|-666666666|-222222222|-666666666|-222222222|1093|179|1324|309|-666666666|-222222222|-666666666|-222222222
860Z200US27809|686|152|-666666666|-222222222|-666666666|-222222222|686|202|808|200|-666666666|-222222222|-666666666|-222222222
860Z200US27810|1049|172|-666666666|-222222222|447|196|825|426|1304|595|1161|69|-666666666|-222222222
860Z200US27812|725|330|-666666666|-222222222|-666666666|-222222222|666|44|1000|228|-666666666|-222222222|-666666666|-222222222
860Z200US27813|868|238|-666666666|-222222222|-666666666|-222222222|-666666666|-222222222|888|314|-666666666|-222222222|-666666666|-222222222
860Z200US27814|788|70|-666666666|-222222222|-666666666|-222222222|-666666666|-222222222|778|10|-666666666|-222222222|-666666666|-222222222
860Z200US27815|-666666666|-222222222|-666666666|-222222222|-666666666|-222222222|-666666666|-222222222|-666666666|-222222222|-666666666|-222222222|-666666666|-222222222
860Z200US27816|873|473|-666666666|-222222222|-666666666|-222222222|-666666666|-222222222|1274|972|-666666666|-222222222|-666666666|-222222222
860Z200US27817|837|66|-666666666|-222222222|713|42|780|17|880|98|3078|2958|-666666666|-222222222
860Z200US27818|-666666666|-222222222|-666666666|-222222222|-666666666|-222222222|-666666666|-222222222|-666666666|-222222222|-666666666|-222222222|-666666666|-222222222
860Z200US27819|1055|411|-666666666|-222222222|-666666666|-222222222|775|211|1096|98|-666666666|-222222222|-666666666|-222222222
860Z200US27820|682|146|-666666666|-222222222|874|80|391|175|797|103|-666666666|-222222222|-666666666|-222222222
860Z200US27821|-666666666|-222222222|-666666666|-222222222|-666666666|-222222222|-666666666|-222222222|-666666666|-222222222|-666666666|-222222222|-666666666|-222222222
860Z200US27822|862|59|448|45|550|75|774|65|921|91|-666666666|-222222222|-666666666|-222222222
860Z200US27823|725|107|-666666666|-222222222|288|34|576|63|775|273|-666666666|-222222222|-666666666|-222222222
860Z200US27824|865|161|-666666666|-222222222|-666666666|-222222222|-666666666|-222222222|923|55|-666666666|-222222222|-666666666|-222222222
860Z200US27825|832|217|-666666666|-222222222|-666666666|-222222222|705|653|-666666666|-222222222|-666666666|-222222222|-666666666|-222222222
860Z200US27826|-666666666|-222222222|-666666666|-222222222|-666666666|-222222222|-666666666|-222222222|-666666666|-222222222|-666666666|-222222222|-666666666|-222222222
860Z200US27827|-666666666|-222222222|-666666666|-222222222|-666666666|-222222222|-666666666|-222222222|-666666666|-222222222|-666666666|-222222222|-666666666|-222222222
860Z200US27828|743|228|-666666666|-222222222|-666666666|-222222222|740|228|1027|447|-666666666|-222222222|-666666666|-222222222
860Z200US27829|701|175|-666666666|-222222222|-666666666|-222222222|481|418|728|103|-666666666|-222222222|-666666666|-222222222
860Z200US27830|877|108|-666666666|-222222222|-666666666|-222222222|852|190|881|383|1295|657|-666666666|-222222222
860Z200US27831|774|116|-666666666|-222222222|-666666666|-222222222|748|122|910|325|-666666666|-222222222|-666666666|-222222222
860Z200US27832|821|63|-666666666|-222222222|-666666666|-222222222|737|262|824|68|-666666666|-222222222|-666666666|-222222222
860Z200US27834|972|39|803|81|800|57|1009|63|1082|112|1178|126|389|139
860Z200US27837|790|285|-666666666|-222222222|-666666666|-222222222|983|142|789|390|1321|186|-666666666|-222222222
860Z200US27839|926|74|-666666666|-222222222|-666666666|-222222222|797|56|978|64|-666666666|-222222222|-666666666|-222222222
860Z200US27840|-666666666|-222222222|-666666666|-222222222|-666666666|-222222222|-666666666|-222222222|-666666666|-222222222|-666666666|-222222222|-666666666|-222222222
860Z200US27841|-666666666|-222222222|-666666666|-222222222|-666666666|-222222222|-666666666|-222222222|-666666666|-222222222|-666666666|-222222222|-666666666|-222222222
860Z200US27842|788|82|-666666666|-222222222|-666666666|-222222222|-666666666|-222222222|-666666666|-222222222|-666666666|-222222222|-666666666|-222222222
860Z200US27843|279|14|-666666666|-222222222|-666666666|-222222222|-666666666|-222222222|-666666666|-222222222|-666666666|-222222222|-666666666|-222222222
860Z200US27844|758|71|-666666666|-222222222|-666666666|-222222222|665|335|771|41|939|430|-666666666|-222222222
860Z200US27845|819|298|-666666666|-222222222|-666666666|-222222222|1055|580|875|79|-666666666|-222222222|-666666666|-222222222
860Z200US27846|665|274|-666666666|-222222222|-666666666|-222222222|379|116|957|468|-666666666|-222222222|-666666666|-222222222
860Z200US27847|1177|172|-666666666|-222222222|-666666666|-222222222|-666666666|-222222222|1177|172|-666666666|-222222222|-666666666|-222222222
860Z200US27849|788|503|-666666666|-222222222|-666666666|-222222222|-666666666|-222222222|530|45|-666666666|-222222222|-666666666|-222222222
860Z200US27850|616|91|-666666666|-222222222|281|128|585|26|955|123|-666666666|-222222222|-666666666|-222222222
860Z200US27851|842|396|-666666666|-222222222|-666666666|-222222222|618|588|930|285|-666666666|-222222222|-666666666|-222222222
860Z200US27852|886|103|-666666666|-222222222|-666666666|-222222222|800|242|951|101|-666666666|-222222222|-666666666|-222222222
860Z200US27853|-666666666|-222222222|-666666666|-222222222|-666666666|-222222222|-666666666|-222222222|-666666666|-222222222|-666666666|-222222222|-666666666|-222222222
860Z200US27855|1014|207|-666666666|-222222222|-666666666|-222222222|845|37|1130|68|1264|562|-666666666|-222222222
860Z200US27856|883|116|-666666666|-222222222|-666666666|-222222222|810|182|1140|127|571|464|-666666666|-222222222
860Z200US27857|-666666666|-222222222|-666666666|-222222222|410|33|920|394|-666666666|-222222222|-666666666|-222222222|-666666666|-222222222
860Z200US27858|1037|41|785|67|861|41|1051|43|1334|168|1691|604|-666666666|-222222222
860Z200US27860|1045|541|-666666666|-222222222|-666666666|-222222222|1092|488|1125|197|-666666666|-222222222|-666666666|-222222222
860Z200US27861|-666666666|-222222222|-666666666|-222222222|-666666666|-222222222|-666666666|-222222222|-666666666|-222222222|-666666666|-222222222|-666666666|-222222222
860Z200US27862|704|42|-666666666|-222222222|-666666666|-222222222|-666666666|-222222222|704|42|-666666666|-222222222|-666666666|-222222222
860Z200US27863|1016|152|-666666666|-222222222|-666666666|-222222222|1025|181|1034|298|-666666666|-222222222|-666666666|-222222222
860Z200US27864|908|146|-666666666|-222222222|-666666666|-222222222|856|131|907|284|1301|168|-666666666|-222222222
860Z200US27865|1559|1143|-666666666|-222222222|-666666666|-222222222|-666666666|-222222222|-666666666|-222222222|-666666666|-222222222|-666666666|-222222222
860Z200US27866|-666666666|-222222222|-666666666|-222222222|-666666666|-222222222|-666666666|-222222222|-666666666|-222222222|-666666666|-222222222|-666666666|-222222222
860Z200US27869|540|207|-666666666|-222222222|394|46|532|83|694|660|-666666666|-222222222|-666666666|-222222222
860Z200US27870|873|48|-666666666|-222222222|501|176|851|122|963|112|1084|100|-666666666|-222222222
860Z200US27871|782|69|-666666666|-222222222|-666666666|-222222222|613|421|967|110|-666666666|-222222222|-666666666|-222222222
860Z200US27872|1100|61|-666666666|-222222222|-666666666|-222222222|-666666666|-222222222|-666666666|-222222222|-666666666|-222222222|-666666666|-222222222
860Z200US27873|639|296|-666666666|-222222222|-666666666|-222222222|633|140|-666666666|-222222222|-666666666|-222222222|-666666666|-222222222
860Z200US27874|568|85|-666666666|-222222222|299|39|611|218|833|290|-666666666|-222222222|-666666666|-222222222
860Z200US27875|-666666666|-222222222|-666666666|-222222222|-666666666|-222222222|-666666666|-222222222|-666666666|-222222222|-666666666|-222222222|-666666666|-222222222
860Z200US27876|715|447|-666666666|-222222222|318|30|-666666666|-222222222|1004|289|-666666666|-222222222|-666666666|-222222222
860Z200US27877|-666666666|-222222222|-666666666|-222222222|-666666666|-222222222|-666666666|-222222222|-666666666|-222222222|-666666666|-222222222|-666666666|-222222222
860Z200US27878|926|105|-666666666|-222222222|-666666666|-222222222|871|66|1244|309|-666666666|-222222222|-666666666|-222222222
860Z200US27879|767|119|-666666666|-222222222|-666666666|-222222222|763|106|-666666666|-222222222|-666666666|-222222222|-666666666|-222222222
860Z200US27880|972|131|-666666666|-222222222|-666666666|-222222222|726|272|939|23|-666666666|-222222222|-666666666|-222222222
860Z200US27881|-666666666|-222222222|-666666666|-222222222|-666666666|-222222222|-666666666|-222222222|-666666666|-222222222|-666666666|-222222222|-666666666|-222222222
860Z200US27882|845|85|-666666666|-222222222|363|119|790|54|1039|249|1029|280|-666666666|-222222222
860Z200US27883|1125|106|-666666666|-222222222|834|251|820|146|1179|125|-666666666|-222222222|-666666666|-222222222
860Z200US27884|839|98|-666666666|-222222222|-666666666|-222222222|-666666666|-222222222|-666666666|-222222222|-666666666|-222222222|-666666666|-222222222
860Z200US27885|1394|165|-666666666|-222222222|-666666666|-222222222|-666666666|-222222222|-666666666|-222222222|-666666666|-222222222|-666666666|-222222222
860Z200US27886|843|41|-666666666|-222222222|713|114|802|93|932|101|-666666666|-222222222|-666666666|-222222222
860Z200US27888|593|163|-666666666|-222222222|-666666666|-222222222|-666666666|-222222222|660|311|-666666666|-222222222|-666666666|-222222222
860Z200US27889|865|46|907|187|571|151|803|59|940|36|937|143|-666666666|-222222222
860Z200US27890|730|173|-666666666|-222222222|905|283|620|216|648|513|-666666666|-222222222|-666666666|-222222222
860Z200US27891|1082|154|-666666666|-222222222|854|587|1413|877|1097|121|796|534|-666666666|-222222222
860Z200US27892|760|105|655|164|434|64|803|165|943|242|1006|286|-666666666|-222222222
860Z200US27893|947|46|1107|164|723|52|911|53|1037|54|1345|100|-666666666|-222222222
860Z200US27896|1063|120|-666666666|-222222222|1008|290|955|92|1530|261|-666666666|-222222222|-666666666|-222222222
860Z200US27897|856|66|-666666666|-222222222|317|32|909|122|825|244|-666666666|-222222222|-666666666|-222222222
860Z200US27909|1170|80|581|455|688|262|978|121|1325|69|1551|463|1682|275
860Z200US27910|778|51|417|53|439|63|761|51|988|153|1063|454|1319|557
860Z200US27915|-666666666|-222222222|-666666666|-222222222|-666666666|-222222222|-666666666|-222222222|-666666666|-222222222|-666666666|-222222222|-666666666|-222222222
860Z200US27916|-666666666|-222222222|-666666666|-222222222|-666666666|-222222222|-666666666|-222222222|-666666666|-222222222|-666666666|-222222222|-666666666|-222222222
860Z200US27917|665|544|-666666666|-222222222|-666666666|-222222222|648|255|1123|103|-666666666|-222222222|-666666666|-222222222
860Z200US27919|715|417|-666666666|-222222222|-666666666|-222222222|-666666666|-222222222|-666666666|-222222222|-666666666|-222222222|-666666666|-222222222
860Z200US27920|909|659|-666666666|-222222222|-666666666|-222222222|-666666666|-222222222|-666666666|-222222222|-666666666|-222222222|-666666666|-222222222
860Z200US27921|1241|145|-666666666|-222222222|-666666666|-222222222|1162|154|1385|180|-666666666|-222222222|-666666666|-222222222
860Z200US27922|825|272|-666666666|-222222222|-666666666|-222222222|792|230|1054|545|-666666666|-222222222|-666666666|-222222222
860Z200US27923|1600|1061|-666666666|-222222222|-666666666|-222222222|-666666666|-222222222|-666666666|-222222222|-666666666|-222222222|-666666666|-222222222
860Z200US27924|837|134|-666666666|-222222222|-666666666|-222222222|835|166|-666666666|-222222222|-666666666|-222222222|-666666666|-222222222
860Z200US27925|644|210|-666666666|-222222222|-666666666|-222222222|624|72|1052|181|-666666666|-222222222|-666666666|-222222222
860Z200US27926|-666666666|-222222222|-666666666|-222222222|-666666666|-222222222|-666666666|-222222222|-666666666|-222222222|-666666666|-222222222|-666666666|-222222222
860Z200US27927|-666666666|-222222222|-666666666|-222222222|-666666666|-222222222|-666666666|-222222222|-666666666|-222222222|-666666666|-222222222|-666666666|-222222222
860Z200US27928|941|293|-666666666|-222222222|-666666666|-222222222|-666666666|-222222222|943|19|-666666666|-222222222|-666666666|-222222222
860Z200US27929|1417|1303|-666666666|-222222222|-666666666|-222222222|-666666666|-222222222|-666666666|-222222222|-666666666|-222222222|-666666666|-222222222
860Z200US27932|675|37|-666666666|-222222222|388|242|-666666666|-222222222|805|326|-666666666|-222222222|-666666666|-222222222
860Z200US27935|931|591|-666666666|-222222222|-666666666|-222222222|909|898|-666666666|-222222222|-666666666|-222222222|-666666666|-222222222
860Z200US27936|-666666666|-222222222|-666666666|-222222222|-666666666|-222222222|-666666666|-222222222|-666666666|-222222222|-666666666|-222222222|-666666666|-222222222
860Z200US27937|1208|319|-666666666|-222222222|-666666666|-222222222|-666666666|-222222222|1164|143|-666666666|-222222222|-666666666|-222222222
860Z200US27938|984|336|-666666666|-222222222|-666666666|-222222222|911|85|-666666666|-222222222|-666666666|-222222222|-666666666|-222222222
860Z200US27939|1122|40|-666666666|-222222222|-666666666|-222222222|-666666666|-222222222|1128|42|-666666666|-222222222|-666666666|-222222222
860Z200US27941|-666666666|-222222222|-666666666|-222222222|-666666666|-222222222|-666666666|-222222222|-666666666|-222222222|-666666666|-222222222|-666666666|-222222222
860Z200US27942|-666666666|-222222222|-666666666|-222222222|-666666666|-222222222|-666666666|-222222222|1338|194|-666666666|-222222222|-666666666|-222222222
860Z200US27943|-666666666|-222222222|-666666666|-222222222|-666666666|-222222222|-666666666|-222222222|-666666666|-222222222|-666666666|-222222222|-666666666|-222222222
860Z200US27944|1014|123|-666666666|-222222222|320|203|859|254|1230|231|1107|97|-666666666|-222222222
860Z200US27946|1537|311|-666666666|-222222222|-666666666|-222222222|-666666666|-222222222|-666666666|-222222222|-666666666|-222222222|-666666666|-222222222
860Z200US27947|-666666666|-222222222|-666666666|-222222222|-666666666|-222222222|-666666666|-222222222|-666666666|-222222222|-666666666|-222222222|-666666666|-222222222
860Z200US27948|1673|173|-666666666|-222222222|1711|114|1639|415|1678|278|1471|1130|-666666666|-222222222
860Z200US27949|1306|212|-666666666|-222222222|-666666666|-222222222|1281|128|1517|559|2216|61|-666666666|-222222222
860Z200US27950|1200|805|-666666666|-222222222|-666666666|-222222222|-666666666|-222222222|1722|655|-666666666|-222222222|-666666666|-222222222
860Z200US27953|1248|160|-666666666|-222222222|-666666666|-222222222|1294|166|-666666666|-222222222|-666666666|-222222222|-666666666|-222222222
860Z200US27954|1243|160|-666666666|-222222222|452|146|1079|231|1634|497|1750|667|-666666666|-222222222
860Z200US27956|-666666666|-222222222|-666666666|-222222222|-666666666|-222222222|-666666666|-222222222|-666666666|-222222222|-666666666|-222222222|-666666666|-222222222
860Z200US27957|935|288|-666666666|-222222222|-666666666|-222222222|-666666666|-222222222|-666666666|-222222222|-666666666|-222222222|-666666666|-222222222
860Z200US27958|1753|401|-666666666|-222222222|-666666666|-222222222|916|842|2161|163|-666666666|-222222222|-666666666|-222222222
860Z200US27959|1005|428|-666666666|-222222222|-666666666|-222222222|-666666666|-222222222|2225|191|-666666666|-222222222|-666666666|-222222222
860Z200US27960|1408|229|-666666666|-222222222|-666666666|-222222222|-666666666|-222222222|-666666666|-222222222|-666666666|-222222222|-666666666|-222222222
860Z200US27962|720|59|-666666666|-222222222|525|100|722|79|749|489|2026|1590|-666666666|-222222222
860Z200US27964|-666666666|-222222222|-666666666|-222222222|-666666666|-222222222|-666666666|-222222222|-666666666|-222222222|-666666666|-222222222|-666666666|-222222222
860Z200US27965|-666666666|-222222222|-666666666|-222222222|-666666666|-222222222|-666666666|-222222222|-666666666|-222222222|-666666666|-222222222|-666666666|-222222222
860Z200US27966|1417|187|-666666666|-222222222|-666666666|-222222222|-666666666|-222222222|1461|166|-666666666|-222222222|-666666666|-222222222
860Z200US27967|-666666666|-222222222|-666666666|-222222222|-666666666|-222222222|-666666666|-222222222|-666666666|-222222222|-666666666|-222222222|-666666666|-222222222
860Z200US27968|-666666666|-222222222|-666666666|-222222222|-666666666|-222222222|-666666666|-222222222|-666666666|-222222222|-666666666|-222222222|-666666666|-222222222
860Z200US27969|-666666666|-222222222|-666666666|-222222222|-666666666|-222222222|-666666666|-222222222|-666666666|-222222222|-666666666|-222222222|-666666666|-222222222
860Z200US27970|1049|323|-666666666|-222222222|-666666666|-222222222|673|30|1117|35|-666666666|-222222222|-666666666|-222222222
860Z200US27972|-666666666|-222222222|-666666666|-222222222|-666666666|-222222222|-666666666|-222222222|-666666666|-222222222|-666666666|-222222222|-666666666|-222222222
860Z200US27973|-666666666|-222222222|-666666666|-222222222|-666666666|-222222222|-666666666|-222222222|1250|201|-666666666|-222222222|-666666666|-222222222
860Z200US27974|-666666666|-222222222|-666666666|-222222222|-666666666|-222222222|-666666666|-222222222|-666666666|-222222222|-666666666|-222222222|-666666666|-222222222
860Z200US27976|-666666666|-222222222|-666666666|-222222222|-666666666|-222222222|-666666666|-222222222|-666666666|-222222222|-666666666|-222222222|-666666666|-222222222
860Z200US27978|-666666666|-222222222|-666666666|-222222222|-666666666|-222222222|-666666666|-222222222|-666666666|-222222222|-666666666|-222222222|-666666666|-222222222
860Z200US27979|-666666666|-222222222|-666666666|-222222222|-666666666|-222222222|-666666666|-222222222|-666666666|-222222222|-666666666|-222222222|-666666666|-222222222
860Z200US27980|792|66|-666666666|-222222222|-666666666|-222222222|-666666666|-222222222|-666666666|-222222222|-666666666|-222222222|-666666666|-222222222
860Z200US27981|1073|126|-666666666|-222222222|-666666666|-222222222|1130|40|-666666666|-222222222|-666666666|-222222222|-666666666|-222222222
860Z200US27982|-666666666|-222222222|-666666666|-222222222|-666666666|-222222222|-666666666|-222222222|-666666666|-222222222|-666666666|-222222222|-666666666|-222222222
860Z200US27983|750|105|-666666666|-222222222|365|143|725|65|847|87|-666666666|-222222222|-666666666|-222222222
860Z200US27985|1279|175|-666666666|-222222222|-666666666|-222222222|-666666666|-222222222|1191|421|-666666666|-222222222|-666666666|-222222222
860Z200US27986|814|214|-666666666|-222222222|350|116|711|195|917|94|993|358|-666666666|-222222222
860Z200US28001|858|62|690|347|572|15|868|44|1229|168|955|17|-666666666|-222222222
860Z200US28006|-666666666|-222222222|-666666666|-222222222|-666666666|-222222222|-666666666|-222222222|-666666666|-222222222|-666666666|-222222222|-666666666|-222222222
860Z200US28007|776|60|-666666666|-222222222|-666666666|-222222222|-666666666|-222222222|-666666666|-222222222|-666666666|-222222222|-666666666|-222222222
860Z200US28009|975|99|-666666666|-222222222|-666666666|-222222222|809|321|1017|89|-666666666|-222222222|-666666666|-222222222
860Z200US28012|1383|83|1375|254|1096|323|1333|137|1707|236|1815|324|1925|1121
860Z200US28016|939|67|-666666666|-222222222|758|121|878|74|981|147|1205|174|-666666666|-222222222
860Z200US28017|-666666666|-222222222|-666666666|-222222222|-666666666|-222222222|-666666666|-222222222|-666666666|-222222222|-666666666|-222222222|-666666666|-222222222
860Z200US28018|870|156|-666666666|-222222222|663|150|1010|627|873|56|-666666666|-222222222|-666666666|-222222222
860Z200US28019|-666666666|-222222222|-666666666|-222222222|-666666666|-222222222|-666666666|-222222222|-666666666|-222222222|-666666666|-222222222|-666666666|-222222222
860Z200US28020|785|157|-666666666|-222222222|-666666666|-222222222|936|35|777|13|-666666666|-222222222|-666666666|-222222222
860Z200US28021|1010|178|-666666666|-222222222|636|102|824|250|1097|85|1458|224|-666666666|-222222222
860Z200US28023|976|114|-666666666|-222222222|-666666666|-222222222|978|123|-666666666|-222222222|945|558|-666666666|-222222222
860Z200US28024|-666666666|-222222222|-666666666|-222222222|-666666666|-222222222|-666666666|-222222222|-666666666|-222222222|-666666666|-222222222|-666666666|-222222222
860Z200US28025|1244|68|1115|49|890|218|1107|149|1342|111|1839|143|1776|145
860Z200US28027|1561|74|1229|253|1434|85|1536|84|1745|224|2078|179|2667|404
860Z200US28031|1747|58|-666666666|-222222222|1548|136|1675|65|2056|111|2353|219|-666666666|-222222222
860Z200US28032|1010|102|-666666666|-222222222|928|179|1188|199|996|183|-666666666|-222222222|-666666666|-222222222
860Z200US28033|922|387|-666666666|-222222222|-666666666|-222222222|-666666666|-222222222|950|505|-666666666|-222222222|-666666666|-222222222
860Z200US28034|900|82|-666666666|-222222222|593|66|835|143|873|259|2257|51|-666666666|-222222222
860Z200US28036|1729|183|-666666666|-222222222|1473|297|1684|163|2179|146|-666666666|-222222222|-666666666|-222222222
860Z200US28037|898|410|-666666666|-222222222|882|404|816|213|1580|228|2731|63|-666666666|-222222222
860Z200US28039|-666666666|-222222222|-666666666|-222222222|-666666666|-222222222|-666666666|-222222222|-666666666|-222222222|-666666666|-222222222|-666666666|-222222222
860Z200US28040|750|49|-666666666|-222222222|-666666666|-222222222|741|63|771|315|-666666666|-222222222|-666666666|-222222222
860Z200US28041|-666666666|-222222222|-666666666|-222222222|-666666666|-222222222|-666666666|-222222222|-666666666|-222222222|-666666666|-222222222|-666666666|-222222222
860Z200US28042|732|22|-666666666|-222222222|-666666666|-222222222|731|18|-666666666|-222222222|-666666666|-222222222|-666666666|-222222222
860Z200US28043|783|23|-666666666|-222222222|562|118|781|25|875|67|-666666666|-222222222|-666666666|-222222222
860Z200US28052|1071|55|709|139|788|249|1048|53|1141|88|1809|388|-666666666|-222222222
860Z200US28054|1215|42|1093|119|961|140|1227|61|1469|127|2048|672|-666666666|-222222222
860Z200US28056|1214|76|1281|129|1221|132|1088|236|1218|111|1688|757|1833|402
860Z200US28071|841|246|-666666666|-222222222|-666666666|-222222222|754|248|-666666666|-222222222|-666666666|-222222222|-666666666|-222222222
860Z200US28072|682|580|-666666666|-222222222|-666666666|-222222222|-666666666|-222222222|-666666666|-222222222|-666666666|-222222222|-666666666|-222222222
860Z200US28073|952|148|-666666666|-222222222|505|220|873|215|1007|144|-666666666|-222222222|-666666666|-222222222
860Z200US28074|-666666666|-222222222|-666666666|-222222222|-666666666|-222222222|-666666666|-222222222|-666666666|-222222222|-666666666|-222222222|-666666666|-222222222
860Z200US28075|2543|386|-666666666|-222222222|-666666666|-222222222|-666666666|-222222222|3098|1797|2433|281|2938|1488
860Z200US28076|-666666666|-222222222|-666666666|-222222222|-666666666|-222222222|-666666666|-222222222|-666666666|-222222222|-666666666|-222222222|-666666666|-222222222
860Z200US28077|845|548|-666666666|-222222222|-666666666|-222222222|750|155|-666666666|-222222222|-666666666|-222222222|-666666666|-222222222
860Z200US28078|1820|57|1383|122|1455|82|1780|58|2089|115|2525|161|2492|1047
860Z200US28079|2025|124|-666666666|-222222222|1651|135|1621|257|2060|181|2284|183|2799|112
860Z200US28080|1147|52|-666666666|-222222222|-666666666|-222222222|1164|367|1138|40|-666666666|-222222222|-666666666|-222222222
860Z200US28081|1173|58|1292|653|1195|170|1145|42|1316|361|-666666666|-222222222|-666666666|-222222222
860Z200US28083|1212|73|1250|196|836|222|1139|82|1459|163|2069|342|-666666666|-222222222
860Z200US28086|972|61|831|436|712|209|831|104|1230|129|1133|288|-666666666|-222222222
860Z200US28088|-666666666|-222222222|-666666666|-222222222|-666666666|-222222222|487|334|-666666666|-222222222|-666666666|-222222222|-666666666|-222222222
860Z200US28089|-666666666|-222222222|-666666666|-222222222|-666666666|-222222222|-666666666|-222222222|-666666666|-222222222|-666666666|-222222222|-666666666|-222222222
860Z200US28090|808|185|-666666666|-222222222|547|275|563|235|806|283|858|30|-666666666|-222222222
860Z200US28091|854|55|-666666666|-222222222|-666666666|-222222222|786|75|878|96|-666666666|-222222222|-666666666|-222222222
860Z200US28092|996|56|921|78|952|111|912|64|1155|40|1675|262|-666666666|-222222222
860Z200US28097|876|63|-666666666|-222222222|-666666666|-222222222|841|44|1325|294|2574|291|-666666666|-222222222
860Z200US28098|1603|581|-666666666|-222222222|1578|1064|846|88|1663|777|2220|68|-666666666|-222222222
860Z200US28101|1083|840|-666666666|-222222222|-666666666|-222222222|-666666666|-222222222|-666666666|-222222222|-666666666|-222222222|-666666666|-222222222
860Z200US28102|-666666666|-222222222|-666666666|-222222222|-666666666|-222222222|-666666666|-222222222|-666666666|-222222222|-666666666|-222222222|-666666666|-222222222
860Z200US28103|1145|227|-666666666|-222222222|-666666666|-222222222|1303|473|1045|268|-666666666|-222222222|-666666666|-222222222
860Z200US28104|1801|188|-666666666|-222222222|-666666666|-222222222|1813|888|1808|144|2375|688|-666666666|-222222222
860Z200US28105|1765|48|1706|231|1604|112|1749|46|1983|192|2241|167|2989|357
860Z200US28107|1313|259|-666666666|-222222222|-666666666|-222222222|976|131|1474|228|-666666666|-222222222|-666666666|-222222222
860Z200US28108|-666666666|-222222222|-666666666|-222222222|-666666666|-222222222|-666666666|-222222222|-666666666|-222222222|-666666666|-222222222|-666666666|-222222222
860Z200US28109|775|455|-666666666|-222222222|581|305|-666666666|-222222222|-666666666|-222222222|-666666666|-222222222|-666666666|-222222222
860Z200US28110|1376|90|919|232|843|132|1182|82|1646|219|2062|205|2699|128
860Z200US28112|1155|57|-666666666|-222222222|1037|521|1071|67|1329|96|1569|393|-666666666|-222222222
860Z200US28114|695|143|-666666666|-222222222|-666666666|-222222222|992|532|628|29|1030|977|-666666666|-222222222
860Z200US28115|1339|160|-666666666|-222222222|1020|730|1088|140|1639|92|1984|543|2908|314
860Z200US28117|1698|61|1189|145|1450|82|1709|45|1842|222|2429|368|3190|149
860Z200US28119|816|275|-666666666|-222222222|-666666666|-222222222|867|113|679|322|-666666666|-222222222|-666666666|-222222222
860Z200US28120|1234|110|-666666666|-222222222|1073|220|1181|257|1321|158|2109|315|-666666666|-222222222
860Z200US28124|1194|180|-666666666|-222222222|-666666666|-222222222|994|165|1402|199|-666666666|-222222222|-666666666|-222222222
860Z200US28125|1149|99|-666666666|-222222222|-666666666|-222222222|-666666666|-222222222|-666666666|-222222222|-666666666|-222222222|-666666666|-222222222
860Z200US28127|781|141|-666666666|-222222222|-666666666|-222222222|656|92|828|73|1179|795|-666666666|-222222222
860Z200US28128|881|80|-666666666|-222222222|-666666666|-222222222|859|44|913|266|-666666666|-222222222|-666666666|-222222222
860Z200US28129|944|210|-666666666|-222222222|702|164|786|298|1067|405|1200|680|-666666666|-222222222
860Z200US28133|700|423|-666666666|-222222222|-666666666|-222222222|491|458|879|75|-666666666|-222222222|-666666666|-222222222
860Z200US28134|1706|99|-666666666|-222222222|1565|484|1592|125|2093|202|2621|481|-666666666|-222222222
860Z200US28135|1034|97|-666666666|-222222222|-666666666|-222222222|1033|100|1048|94|1164|98|-666666666|-222222222
860Z200US28136|-666666666|-222222222|-666666666|-222222222|-666666666|-222222222|-666666666|-222222222|-666666666|-222222222|-666666666|-222222222|-666666666|-222222222
860Z200US28137|1176|303|-666666666|-222222222|1083|542|829|182|1548|731|-666666666|-222222222|-666666666|-222222222
860Z200US28138|966|81|-666666666|-222222222|595|339|903|86|1097|41|-666666666|-222222222|-666666666|-222222222
860Z200US28139|818|67|930|335|419|403|780|43|977|69|598|188|-666666666|-222222222
860Z200US28144|972|65|-666666666|-222222222|794|236|962|140|1073|224|2229|306|-666666666|-222222222
860Z200US28146|967|111|-666666666|-222222222|1027|334|1096|106|832|163|-666666666|-222222222|-666666666|-222222222
860Z200US28147|1158|98|1821|1641|1195|344|1079|97|1337|237|-666666666|-222222222|-666666666|-222222222
860Z200US28150|873|59|-666666666|-222222222|575|281|899|87|977|201|1338|474|-666666666|-222222222
860Z200US28152|973|114|-666666666|-222222222|994|472|858|83|1327|139|-666666666|-222222222|-666666666|-222222222
860Z200US28159|932|303|-666666666|-222222222|506|127|900|307|-666666666|-222222222|-666666666|-222222222|-666666666|-222222222
860Z200US28160|735|54|-666666666|-222222222|648|100|696|88|826|136|-666666666|-222222222|-666666666|-222222222
860Z200US28163|798|158|-666666666|-222222222|-666666666|-222222222|770|61|1055|221|928|69|-666666666|-222222222
860Z200US28164|1126|131|-666666666|-222222222|1586|328|942|76|1331|148|-666666666|-222222222|-666666666|-222222222
860Z200US28166|1205|776|-666666666|-222222222|-666666666|-222222222|741|290|1940|346|-666666666|-222222222|-666666666|-222222222
860Z200US28167|-666666666|-222222222|-666666666|-222222222|-666666666|-222222222|-666666666|-222222222|-666666666|-222222222|-666666666|-222222222|-666666666|-222222222
860Z200US28168|821|102|-666666666|-222222222|-666666666|-222222222|793|98|885|244|-666666666|-222222222|-666666666|-222222222
860Z200US28169|-666666666|-222222222|-666666666|-222222222|-666666666|-222222222|-666666666|-222222222|-666666666|-222222222|-666666666|-222222222|-666666666|-222222222
860Z200US28170|750|74|-666666666|-222222222|647|123|608|209|958|141|-666666666|-222222222|-666666666|-222222222
860Z200US28173|1776|109|-666666666|-222222222|684|63|1763|55|1662|124|2121|1442|3045|334
860Z200US28174|1149|283|-666666666|-222222222|647|514|942|94|1514|367|1648|532|-666666666|-222222222
860Z200US28202|1933|68|1718|81|1896|79|2290|157|2392|932|-666666666|-222222222|-666666666|-222222222
860Z200US28203|1921|54|1649|104|1841|35|2477|166|1741|693|3501|-333333333|-666666666|-222222222
860Z200US28204|1735|38|1552|109|1706|40|2091|193|1831|407|-666666666|-222222222|-666666666|-222222222
860Z200US28205|1460|47|1468|93|1319|81|1438|73|1756|140|1732|113|-666666666|-222222222
860Z200US28206|1400|77|1603|170|1530|138|1277|104|1212|118|2093|309|-666666666|-222222222
860Z200US28207|1664|211|-666666666|-222222222|1498|227|1691|251|3016|660|-666666666|-222222222|-666666666|-222222222
860Z200US28208|1244|51|1354|269|1012|106|1223|66|1386|132|1850|688|-666666666|-222222222
860Z200US28209|1710|48|1721|172|1655|59|1694|176|1997|200|-666666666|-222222222|-666666666|-222222222
860Z200US28210|1554|76|1367|130|1355|81|1641|53|1736|251|2076|832|-666666666|-222222222
860Z200US28211|1767|70|1880|265|1553|150|1783|93|1974|263|2633|280|-666666666|-222222222
860Z200US28212|1362|34|1464|187|1176|48|1418|46|1524|156|2000|631|-666666666|-222222222
860Z200US28213|1444|46|1114|355|1267|97|1378|57|1726|67|2008|331|2805|651
860Z200US28214|1696|125|-666666666|-222222222|1140|67|972|325|1770|126|1916|148|-666666666|-222222222
860Z200US28215|1449|55|1270|173|1129|47|1297|70|1777|75|2131|163|2196|646
860Z200US28216|1560|67|1212|838|1433|46|1549|77|1595|137|1889|194|2273|1339
860Z200US28217|1594|38|1569|207|1349|54|1652|51|1692|63|1850|160|-666666666|-222222222
860Z200US28223|-666666666|-222222222|-666666666|-222222222|-666666666|-222222222|-666666666|-222222222|-666666666|-222222222|-666666666|-222222222|-666666666|-222222222
860Z200US28226|1622|77|1440|187|1374|74|1662|92|1922|228|2385|302|-666666666|-222222222
860Z200US28227|1453|54|874|643|1227|96|1367|66|1625|101|1949|551|2118|525
860Z200US28244|-666666666|-222222222|-666666666|-222222222|-666666666|-222222222|-666666666|-222222222|-666666666|-222222222|-666666666|-222222222|-666666666|-222222222
860Z200US28262|1569|51|1033|193|1416|44|1671|44|1818|75|1231|897|-666666666|-222222222
860Z200US28269|1710|56|1323|153|1391|58|1665|44|1841|100|2366|178|-666666666|-222222222
860Z200US28270|1763|78|1675|152|1489|151|1754|106|1929|223|2759|137|3071|1285
860Z200US28273|1729|26|1257|297|1446|65|1742|26|1854|108|2414|286|2960|437
860Z200US28274|-666666666|-222222222|-666666666|-222222222|-666666666|-222222222|-666666666|-222222222|-666666666|-222222222|-666666666|-222222222|-666666666|-222222222
860Z200US28277|1882|54|1771|266|1572|106|1875|62|2203|57|2616|254|3470|440
860Z200US28278|1786|76|1597|168|1462|56|1702|110|1962|164|2495|190|2940|713
860Z200US28280|-666666666|-222222222|-666666666|-222222222|-666666666|-222222222|-666666666|-222222222|-666666666|-222222222|-666666666|-222222222|-666666666|-222222222
860Z200US28282|-666666666|-222222222|-666666666|-222222222|-666666666|-222222222|-666666666|-222222222|-666666666|-222222222|-666666666|-222222222|-666666666|-222222222
860Z200US28301|951|52|658|154|734|137|894|62|1105|51|1142|154|1205|641
860Z200US28303|1192|43|894|170|920|54|1133|48|1404|74|1806|196|1845|749
860Z200US28304|1312|31|1208|103|1140|93|1325|62|1357|43|1467|135|-666666666|-222222222
860Z200US28305|1071|77|830|627|697|427|1004|84|1287|250|1944|257|-666666666|-222222222
860Z200US28306|1150|40|851|81|1024|118|976|73|1193|58|1775|193|1198|1122
860Z200US28307|1617|38|-666666666|-222222222|1364|79|1592|86|1607|52|1764|80|-666666666|-222222222
860Z200US28308|-666666666|-222222222|-666666666|-222222222|-666666666|-222222222|-666666666|-222222222|-666666666|-222222222|-666666666|-222222222|-666666666|-222222222
860Z200US28310|-666666666|-222222222|-666666666|-222222222|-666666666|-222222222|-666666666|-222222222|-666666666|-222222222|-666666666|-222222222|-666666666|-222222222
860Z200US28311|1182|28|1103|85|1003|57|1156|41|1334|98|1887|169|1858|414
860Z200US28312|948|40|578|214|988|115|850|48|1016|105|1500|625|-666666666|-222222222
860Z200US28314|1278|32|1089|109|1104|50|1231|41|1403|50|1764|192|1714|246
860Z200US28315|1289|155|-666666666|-222222222|1134|266|1102|281|1614|408|2740|23|-666666666|-222222222
860Z200US28318|671|163|-666666666|-222222222|-666666666|-222222222|662|159|771|350|-666666666|-222222222|-666666666|-222222222
860Z200US28320|756|151|-666666666|-222222222|422|348|699|81|816|221|868|79|-666666666|-222222222
860Z200US28323|1115|415|-666666666|-222222222|-666666666|-222222222|1051|551|988|829|-666666666|-222222222|-666666666|-222222222
860Z200US28325|645|406|-666666666|-222222222|-666666666|-222222222|917|150|-666666666|-222222222|-666666666|-222222222|-666666666|-222222222
860Z200US28326|1615|132|-666666666|-222222222|-666666666|-222222222|938|452|1092|232|1844|136|-666666666|-222222222
860Z200US28327|1251|299|975|538|925|901|1068|319|1528|530|-666666666|-222222222|-666666666|-222222222
860Z200US28328|839|35|466|162|444|123|876|58|886|70|921|56|956|231
860Z200US28330|-666666666|-222222222|-666666666|-222222222|-666666666|-222222222|-666666666|-222222222|-666666666|-222222222|-666666666|-222222222|-666666666|-222222222
860Z200US28331|-666666666|-222222222|-666666666|-222222222|-666666666|-222222222|-666666666|-222222222|-666666666|-222222222|-666666666|-222222222|-666666666|-222222222
860Z200US28332|786|242|-666666666|-222222222|-666666666|-222222222|-666666666|-222222222|-666666666|-222222222|-666666666|-222222222|-666666666|-222222222
860Z200US28333|861|63|-666666666|-222222222|-666666666|-222222222|773|79|957|134|-666666666|-222222222|-666666666|-222222222
860Z200US28334|830|45|-666666666|-222222222|420|24|830|51|926|55|1563|829|-666666666|-222222222
860Z200US28337|658|158|-666666666|-222222222|344|123|775|175|1168|140|-666666666|-222222222|-666666666|-222222222
860Z200US28338|590|42|533|414|-666666666|-222222222|580|69|825|444|-666666666|-222222222|-666666666|-222222222
860Z200US28339|1072|150|-666666666|-222222222|695|215|994|85|1337|373|-666666666|-222222222|-666666666|-222222222
860Z200US28340|835|69|455|336|467|279|807|286|957|56|-666666666|-222222222|-666666666|-222222222
860Z200US28341|792|183|-666666666|-222222222|459|222|1167|716|844|300|-666666666|-222222222|-666666666|-222222222
860Z200US28342|-666666666|-222222222|-666666666|-222222222|-666666666|-222222222|-666666666|-222222222|-666666666|-222222222|-666666666|-222222222|-666666666|-222222222
860Z200US28343|765|23|542|302|508|232|879|165|912|113|-666666666|-222222222|-666666666|-222222222
860Z200US28344|788|22|-666666666|-222222222|-666666666|-222222222|581|70|802|76|-666666666|-222222222|-666666666|-222222222
860Z200US28345|679|63|298|139|335|320|625|106|734|85|-666666666|-222222222|-666666666|-222222222
860Z200US28347|761|336|-666666666|-222222222|-666666666|-222222222|598|387|818|437|-666666666|-222222222|-666666666|-222222222
860Z200US28348|1124|81|-666666666|-222222222|-666666666|-222222222|869|54|1296|75|1831|228|2898|1311
860Z200US28349|-666666666|-222222222|-666666666|-222222222|323|39|-666666666|-222222222|1605|748|-666666666|-222222222|-666666666|-222222222
860Z200US28350|-666666666|-222222222|-666666666|-222222222|-666666666|-222222222|-666666666|-222222222|-666666666|-222222222|-666666666|-222222222|-666666666|-222222222
860Z200US28351|819|107|-666666666|-222222222|-666666666|-222222222|625|284|1111|105|-666666666|-222222222|-666666666|-222222222
860Z200US28352|771|33|575|130|523|179|797|44|920|48|933|457|-666666666|-222222222
860Z200US28355|-666666666|-222222222|-666666666|-222222222|-666666666|-222222222|-666666666|-222222222|-666666666|-222222222|-666666666|-222222222|-666666666|-222222222
860Z200US28356|805|216|-666666666|-222222222|-666666666|-222222222|637|89|1054|182|1021|141|-666666666|-222222222
860Z200US28357|938|84|-666666666|-222222222|-666666666|-222222222|934|46|866|72|-666666666|-222222222|-666666666|-222222222
860Z200US28358|891|53|-666666666|-222222222|544|114|800|85|1010|52|1288|146|984|384
860Z200US28359|-666666666|-222222222|-666666666|-222222222|-666666666|-222222222|-666666666|-222222222|-666666666|-222222222|-666666666|-222222222|-666666666|-222222222
860Z200US28360|749|62|564|451|611|384|692|159|807|93|1107|240|-666666666|-222222222
860Z200US28362|-666666666|-222222222|-666666666|-222222222|-666666666|-222222222|-666666666|-222222222|-666666666|-222222222|-666666666|-222222222|-666666666|-222222222
860Z200US28363|-666666666|-222222222|-666666666|-222222222|-666666666|-222222222|-666666666|-222222222|-666666666|-222222222|-666666666|-222222222|-666666666|-222222222
860Z200US28364|673|82|422|43|383|322|643|146|819|76|522|471|-666666666|-222222222
860Z200US28365|957|33|-666666666|-222222222|423|422|851|106|967|32|1224|121|-666666666|-222222222
860Z200US28366|948|160|-666666666|-222222222|1054|156|967|473|770|18|-666666666|-222222222|-666666666|-222222222
860Z200US28367|-666666666|-222222222|-666666666|-222222222|-666666666|-222222222|-666666666|-222222222|-666666666|-222222222|-666666666|-222222222|-666666666|-222222222
860Z200US28368|-666666666|-222222222|-666666666|-222222222|-666666666|-222222222|-666666666|-222222222|-666666666|-222222222|-666666666|-222222222|-666666666|-222222222
860Z200US28369|839|153|-666666666|-222222222|-666666666|-222222222|1042|553|775|435|-666666666|-222222222|-666666666|-222222222
860Z200US28371|1096|85|-666666666|-222222222|-666666666|-222222222|1343|170|1030|123|1048|176|-666666666|-222222222
860Z200US28372|746|71|694|59|400|71|697|112|871|43|713|158|-666666666|-222222222
860Z200US28373|791|752|-666666666|-222222222|-666666666|-222222222|703|54|1417|441|-666666666|-222222222|-666666666|-222222222
860Z200US28374|1767|252|1728|310|1399|308|1488|485|1844|383|2449|384|-666666666|-222222222
860Z200US28375|1141|63|-666666666|-222222222|-666666666|-222222222|-666666666|-222222222|1156|352|-666666666|-222222222|-666666666|-222222222
860Z200US28376|1131|70|826|165|722|305|878|90|1249|81|1709|129|1858|570
860Z200US28377|673|98|333|111|350|101|632|158|785|57|1090|230|-666666666|-222222222
860Z200US28378|-666666666|-222222222|-666666666|-222222222|-666666666|-222222222|-666666666|-222222222|-666666666|-222222222|-666666666|-222222222|-666666666|-222222222
860Z200US28379|802|95|615|120|399|65|808|78|1067|102|821|618|-666666666|-222222222
860Z200US28382|964|167|248|77|-666666666|-222222222|1039|211|988|163|1382|64|-666666666|-222222222
860Z200US28383|774|56|463|181|338|49|807|101|785|84|775|126|-666666666|-222222222
860Z200US28384|817|58|613|500|408|205|678|105|918|47|1346|633|-666666666|-222222222
860Z200US28385|629|39|-666666666|-222222222|-666666666|-222222222|637|104|-666666666|-222222222|-666666666|-222222222|-666666666|-222222222
860Z200US28386|715|35|-666666666|-222222222|-666666666|-222222222|704|385|732|52|-666666666|-222222222|-666666666|-222222222
860Z200US28387|1213|145|-666666666|-222222222|886|194|1161|283|1687|553|2742|167|-666666666|-222222222
860Z200US28390|1249|72|945|76|1017|269|1145|83|1337|87|1807|250|1846|291
860Z200US28391|934|135|-666666666|-222222222|-666666666|-222222222|844|41|1048|202|1175|293|-666666666|-222222222
860Z200US28392|908|257|-666666666|-222222222|-666666666|-222222222|-666666666|-222222222|999|139|-666666666|-222222222|-666666666|-222222222
860Z200US28393|981|219|-666666666|-222222222|-666666666|-222222222|-666666666|-222222222|1033|192|-666666666|-222222222|-666666666|-222222222
860Z200US28394|1100|257|-666666666|-222222222|677|221|830|327|1131|210|2712|85|2712|89
860Z200US28395|1123|135|-666666666|-222222222|3501|-333333333|1190|149|988|249|-666666666|-222222222|-666666666|-222222222
860Z200US28396|794|246|-666666666|-222222222|531|35|550|496|838|172|-666666666|-222222222|-666666666|-222222222
860Z200US28398|924|43|-666666666|-222222222|667|336|907|64|1003|110|-666666666|-222222222|-666666666|-222222222
860Z200US28399|906|336|-666666666|-222222222|-666666666|-222222222|933|734|817|263|-666666666|-222222222|-666666666|-222222222
860Z200US28401|1274|86|-666666666|-222222222|1215|147|1303|114|1408|143|-666666666|-222222222|3501|-333333333
860Z200US28403|1380|75|1093|253|1201|106|1423|104|1727|99|975|161|-666666666|-222222222
860Z200US28405|1440|81|-666666666|-222222222|1643|111|1341|67|1676|115|2155|1012|-666666666|-222222222
860Z200US28409|1405|186|-666666666|-222222222|1378|383|1226|471|1609|474|1445|836|-666666666|-222222222
860Z200US28411|1778|84|-666666666|-222222222|1433|101|1788|106|1838|172|-666666666|-222222222|-666666666|-222222222
860Z200US28412|1411|39|1381|26|1221|53|1438|46|1723|83|1630|861|-666666666|-222222222
860Z200US28420|1135|111|-666666666|-222222222|-666666666|-222222222|1279|753|1145|85|-666666666|-222222222|-666666666|-222222222
860Z200US28421|672|29|-666666666|-222222222|-666666666|-222222222|673|28|-666666666|-222222222|-666666666|-222222222|-666666666|-222222222
860Z200US28422|1564|368|-666666666|-222222222|-666666666|-222222222|863|330|1328|312|2133|312|1760|48
860Z200US28423|893|62|-666666666|-222222222|-666666666|-222222222|859|113|926|53|-666666666|-222222222|-666666666|-222222222
860Z200US28424|775|106|-666666666|-222222222|-666666666|-222222222|-666666666|-222222222|-666666666|-222222222|-666666666|-222222222|-666666666|-222222222
860Z200US28425|939|136|-666666666|-222222222|-666666666|-222222222|813|92|1118|85|-666666666|-222222222|-666666666|-222222222
860Z200US28428|1505|378|-666666666|-222222222|1340|341|1204|238|2150|131|-666666666|-222222222|-666666666|-222222222
860Z200US28429|1095|187|-666666666|-222222222|-666666666|-222222222|860|40|1337|177|-666666666|-222222222|-666666666|-222222222
860Z200US28430|638|257|-666666666|-222222222|-666666666|-222222222|-666666666|-222222222|716|158|-666666666|-222222222|-666666666|-222222222
860Z200US28431|767|78|-666666666|-222222222|-666666666|-222222222|756|272|836|88|-666666666|-222222222|-666666666|-222222222
860Z200US28432|950|272|-666666666|-222222222|-666666666|-222222222|-666666666|-222222222|-666666666|-222222222|-666666666|-222222222|-666666666|-222222222
860Z200US28433|922|53|-666666666|-222222222|313|192|824|172|949|11|863|289|-666666666|-222222222
860Z200US28434|-666666666|-222222222|-666666666|-222222222|-666666666|-222222222|842|21|451|143|-666666666|-222222222|-666666666|-222222222
860Z200US28435|578|178|-666666666|-222222222|-666666666|-222222222|-666666666|-222222222|-666666666|-222222222|-666666666|-222222222|-666666666|-222222222
860Z200US28436|1154|106|-666666666|-222222222|-666666666|-222222222|-666666666|-222222222|1148|94|-666666666|-222222222|-666666666|-222222222
860Z200US28438|704|31|-666666666|-222222222|-666666666|-222222222|-666666666|-222222222|706|28|-666666666|-222222222|-666666666|-222222222
860Z200US28439|756|230|678|95|-666666666|-222222222|894|175|-666666666|-222222222|-666666666|-222222222|-666666666|-222222222
860Z200US28441|952|65|-666666666|-222222222|-666666666|-222222222|954|56|867|558|-666666666|-222222222|-666666666|-222222222
860Z200US28442|839|108|-666666666|-222222222|-666666666|-222222222|-666666666|-222222222|-666666666|-222222222|-666666666|-222222222|-666666666|-222222222
860Z200US28443|1447|287|-666666666|-222222222|1217|166|1136|458|1851|916|2494|555|-666666666|-222222222
860Z200US28444|619|188|-666666666|-222222222|-666666666|-222222222|497|235|715|468|-666666666|-222222222|-666666666|-222222222
860Z200US28445|1151|550|-666666666|-222222222|-666666666|-222222222|1518|1327|1196|618|2400|2233|-666666666|-222222222
860Z200US28447|-666666666|-222222222|-666666666|-222222222|-666666666|-222222222|-666666666|-222222222|-666666666|-222222222|-666666666|-222222222|-666666666|-222222222
860Z200US28448|-666666666|-222222222|-666666666|-222222222|-666666666|-222222222|-666666666|-222222222|-666666666|-222222222|-666666666|-222222222|-666666666|-222222222
860Z200US28449|1420|181|-666666666|-222222222|-666666666|-222222222|-666666666|-222222222|1914|348|1344|342|-666666666|-222222222
860Z200US28450|817|227|-666666666|-222222222|-666666666|-222222222|794|209|1139|491|1625|214|-666666666|-222222222
860Z200US28451|1612|91|-666666666|-222222222|1302|252|1634|134|1652|133|1573|588|-666666666|-222222222
860Z200US28452|699|40|-666666666|-222222222|-666666666|-222222222|718|168|-666666666|-222222222|-666666666|-222222222|-666666666|-222222222
860Z200US28453|691|353|-666666666|-222222222|-666666666|-222222222|-666666666|-222222222|694|577|-666666666|-222222222|-666666666|-222222222
860Z200US28454|1558|1110|-666666666|-222222222|-666666666|-222222222|-666666666|-222222222|1558|1110|-666666666|-222222222|-666666666|-222222222
860Z200US28455|787|168|-666666666|-222222222|-666666666|-222222222|775|13|-666666666|-222222222|-666666666|-222222222|-666666666|-222222222
860Z200US28456|785|171|-666666666|-222222222|-666666666|-222222222|553|129|875|196|-666666666|-222222222|-666666666|-222222222
860Z200US28457|912|65|-666666666|-222222222|-666666666|-222222222|933|25|994|796|-666666666|-222222222|-666666666|-222222222
860Z200US28458|787|95|-666666666|-222222222|446|195|869|66|739|78|960|523|-666666666|-222222222
860Z200US28460|1674|92|-666666666|-222222222|823|287|1614|179|1776|133|3442|1404|-666666666|-222222222
860Z200US28461|1352|138|-666666666|-222222222|1543|1450|1225|189|1445|189|-666666666|-222222222|-666666666|-222222222
860Z200US28462|862|97|-666666666|-222222222|-666666666|-222222222|857|168|867|313|2767|249|-666666666|-222222222
860Z200US28463|805|163|-666666666|-222222222|705|642|812|144|983|142|-666666666|-222222222|-666666666|-222222222
860Z200US28464|891|209|-666666666|-222222222|-666666666|-222222222|833|135|1052|240|1160|120|-666666666|-222222222
860Z200US28465|1289|277|-666666666|-222222222|-666666666|-222222222|-666666666|-222222222|1642|476|-666666666|-222222222|-666666666|-222222222
860Z200US28466|860|68|-666666666|-222222222|-666666666|-222222222|857|73|977|417|-666666666|-222222222|-666666666|-222222222
860Z200US28467|1511|191|-666666666|-222222222|1296|605|1361|157|1685|173|-666666666|-222222222|-666666666|-222222222
860Z200US28468|1300|149|-666666666|-222222222|1165|113|1372|190|1106|48|-666666666|-222222222|-666666666|-222222222
860Z200US28469|950|366|-666666666|-222222222|-666666666|-222222222|539|402|1212|687|-666666666|-222222222|-666666666|-222222222
860Z200US28470|1088|166|1028|518|1220|147|872|556|1355|153|798|588|-666666666|-222222222
860Z200US28472|845|63|-666666666|-222222222|836|222|894|179|866|66|870|184|-666666666|-222222222
860Z200US28478|718|242|-666666666|-222222222|-666666666|-222222222|-666666666|-222222222|753|230|-666666666|-222222222|-666666666|-222222222
860Z200US28479|1386|200|-666666666|-222222222|-666666666|-222222222|1350|55|-666666666|-222222222|-666666666|-222222222|-666666666|-222222222
860Z200US28480|2336|773|-666666666|-222222222|868|830|1659|660|2828|429|-666666666|-222222222|-666666666|-222222222
860Z200US28501|799|59|643|144|470|147|785|105|867|31|1256|406|-666666666|-222222222
860Z200US28504|940|40|1123|381|-666666666|-222222222|921|35|995|154|1099|366|-666666666|-222222222
860Z200US28508|1061|424|-666666666|-222222222|-666666666|-222222222|1099|82|-666666666|-222222222|-666666666|-222222222|-666666666|-222222222
860Z200US28509|-666666666|-222222222|-666666666|-222222222|-666666666|-222222222|-666666666|-222222222|-666666666|-222222222|-666666666|-222222222|-666666666|-222222222
860Z200US28510|1133|198|-666666666|-222222222|-666666666|-222222222|725|688|1164|192|-666666666|-222222222|-666666666|-222222222
860Z200US28511|-666666666|-222222222|-666666666|-222222222|-666666666|-222222222|-666666666|-222222222|-666666666|-222222222|-666666666|-222222222|-666666666|-222222222
860Z200US28512|1223|154|-666666666|-222222222|-666666666|-222222222|1156|82|1333|98|-666666666|-222222222|-666666666|-222222222
860Z200US28513|792|102|-666666666|-222222222|-666666666|-222222222|770|95|998|145|-666666666|-222222222|-666666666|-222222222
860Z200US28515|591|141|-666666666|-222222222|328|12|786|228|1064|135|-666666666|-222222222|-666666666|-222222222
860Z200US28516|944|169|-666666666|-222222222|512|90|1077|100|1125|301|-666666666|-222222222|-666666666|-222222222
860Z200US28518|939|111|1294|521|502|109|874|232|1086|98|-666666666|-222222222|-666666666|-222222222
860Z200US28519|1010|328|-666666666|-222222222|-666666666|-222222222|-666666666|-222222222|893|360|-666666666|-222222222|-666666666|-222222222
860Z200US28520|-666666666|-222222222|-666666666|-222222222|-666666666|-222222222|-666666666|-222222222|-666666666|-222222222|-666666666|-222222222|-666666666|-222222222
860Z200US28521|-666666666|-222222222|-666666666|-222222222|-666666666|-222222222|-666666666|-222222222|-666666666|-222222222|-666666666|-222222222|-666666666|-222222222
860Z200US28523|850|402|-666666666|-222222222|-666666666|-222222222|696|457|1033|493|-666666666|-222222222|-666666666|-222222222
860Z200US28524|-666666666|-222222222|-666666666|-222222222|-666666666|-222222222|-666666666|-222222222|-666666666|-222222222|-666666666|-222222222|-666666666|-222222222
860Z200US28525|879|61|-666666666|-222222222|-666666666|-222222222|-666666666|-222222222|853|73|-666666666|-222222222|-666666666|-222222222
860Z200US28526|920|122|-666666666|-222222222|-666666666|-222222222|-666666666|-222222222|931|103|-666666666|-222222222|-666666666|-222222222
860Z200US28527|1638|1092|-666666666|-222222222|-666666666|-222222222|1638|1092|-666666666|-222222222|-666666666|-222222222|-666666666|-222222222
860Z200US28528|-666666666|-222222222|-666666666|-222222222|-666666666|-222222222|-666666666|-222222222|-666666666|-222222222|-666666666|-222222222|-666666666|-222222222
860Z200US28529|734|37|-666666666|-222222222|-666666666|-222222222|728|56|767|26|-666666666|-222222222|-666666666|-222222222
860Z200US28530|824|181|-666666666|-222222222|317|48|730|546|1277|210|1292|663|-666666666|-222222222
860Z200US28531|1125|79|-666666666|-222222222|-666666666|-222222222|-666666666|-222222222|1101|61|-666666666|-222222222|-666666666|-222222222
860Z200US28532|1269|71|863|312|590|267|1094|55|1444|78|1638|146|-666666666|-222222222
860Z200US28533|-666666666|-222222222|-666666666|-222222222|-666666666|-222222222|-666666666|-222222222|-666666666|-222222222|-666666666|-222222222|-666666666|-222222222
860Z200US28537|-666666666|-222222222|-666666666|-222222222|-666666666|-222222222|-666666666|-222222222|-666666666|-222222222|-666666666|-222222222|-666666666|-222222222
860Z200US28538|901|160|-666666666|-222222222|329|150|765|266|942|177|-666666666|-222222222|-666666666|-222222222
860Z200US28539|1195|139|-666666666|-222222222|620|195|1032|103|1291|143|1688|147|-666666666|-222222222
860Z200US28540|1091|75|829|53|747|192|1013|59|1333|114|1421|181|-666666666|-222222222
860Z200US28542|1451|260|-666666666|-222222222|-666666666|-222222222|-666666666|-222222222|1451|260|-666666666|-222222222|-666666666|-222222222
860Z200US28543|1418|43|-666666666|-222222222|-666666666|-222222222|1360|33|1424|66|1698|114|-666666666|-222222222
860Z200US28544|1262|126|-666666666|-222222222|-666666666|-222222222|1119|151|1326|120|1248|580|-666666666|-222222222
860Z200US28546|1256|67|965|366|1071|158|1138|69|1397|58|1670|114|2264|120
860Z200US28547|1473|47|-666666666|-222222222|-666666666|-222222222|-666666666|-222222222|1450|43|1571|128|-666666666|-222222222
860Z200US28551|868|244|-666666666|-222222222|230|120|717|44|979|68|-666666666|-222222222|-666666666|-222222222
860Z200US28552|-666666666|-222222222|-666666666|-222222222|-666666666|-222222222|-666666666|-222222222|-666666666|-222222222|-666666666|-222222222|-666666666|-222222222
860Z200US28553|-666666666|-222222222|-666666666|-222222222|-666666666|-222222222|-666666666|-222222222|-666666666|-222222222|-666666666|-222222222|-666666666|-222222222
860Z200US28554|-666666666|-222222222|-666666666|-222222222|-666666666|-222222222|-666666666|-222222222|-666666666|-222222222|-666666666|-222222222|-666666666|-222222222
860Z200US28555|1044|400|-666666666|-222222222|-666666666|-222222222|744|593|1538|357|-666666666|-222222222|-666666666|-222222222
860Z200US28556|-666666666|-222222222|-666666666|-222222222|-666666666|-222222222|-666666666|-222222222|-666666666|-222222222|-666666666|-222222222|-666666666|-222222222
860Z200US28557|1149|75|798|352|911|202|1107|77|1319|345|2024|940|-666666666|-222222222
860Z200US28560|1000|72|-666666666|-222222222|538|489|944|139|1162|136|2035|998|-666666666|-222222222
860Z200US28562|1144|61|1177|219|679|221|1113|105|1338|93|1369|165|-666666666|-222222222
860Z200US28570|988|78|-666666666|-222222222|423|192|953|49|1213|184|1318|518|-666666666|-222222222
860Z200US28571|1114|81|-666666666|-222222222|-666666666|-222222222|1135|93|-666666666|-222222222|-666666666|-222222222|-666666666|-222222222
860Z200US28572|925|354|-666666666|-222222222|-666666666|-222222222|798|182|1618|1079|-666666666|-222222222|-666666666|-222222222
860Z200US28573|677|54|-666666666|-222222222|-666666666|-222222222|694|38|648|94|-666666666|-222222222|-666666666|-222222222
860Z200US28574|1147|108|-666666666|-222222222|269|67|766|120|1237|114|2033|1360|-666666666|-222222222
860Z200US28575|-666666666|-222222222|-666666666|-222222222|-666666666|-222222222|-666666666|-222222222|-666666666|-222222222|-666666666|-222222222|-666666666|-222222222
860Z200US28577|1040|422|-666666666|-222222222|-666666666|-222222222|-666666666|-222222222|-666666666|-222222222|-666666666|-222222222|-666666666|-222222222
860Z200US28578|786|208|-666666666|-222222222|-666666666|-222222222|941|23|754|79|-666666666|-222222222|-666666666|-222222222
860Z200US28579|-666666666|-222222222|-666666666|-222222222|-666666666|-222222222|-666666666|-222222222|-666666666|-222222222|-666666666|-222222222|-666666666|-222222222
860Z200US28580|830|31|-666666666|-222222222|539|346|781|90|853|25|830|409|-666666666|-222222222
860Z200US28581|-666666666|-222222222|-666666666|-222222222|-666666666|-222222222|-666666666|-222222222|-666666666|-222222222|-666666666|-222222222|-666666666|-222222222
860Z200US28582|1106|349|-666666666|-222222222|-666666666|-222222222|-666666666|-222222222|1125|949|-666666666|-222222222|-666666666|-222222222
860Z200US28584|1274|319|-666666666|-222222222|-666666666|-222222222|768|142|1619|222|1754|114|-666666666|-222222222
860Z200US28585|831|149|-666666666|-222222222|-666666666|-222222222|834|154|790|509|-666666666|-222222222|-666666666|-222222222
860Z200US28586|770|40|-666666666|-222222222|309|30|759|116|901|180|-666666666|-222222222|-666666666|-222222222
860Z200US28587|-666666666|-222222222|-666666666|-222222222|-666666666|-222222222|-666666666|-222222222|-666666666|-222222222|-666666666|-222222222|-666666666|-222222222
860Z200US28589|-666666666|-222222222|-666666666|-222222222|-666666666|-222222222|-666666666|-222222222|-666666666|-222222222|-666666666|-222222222|-666666666|-222222222
860Z200US28590|1143|85|978|566|806|60|1101|80|1552|183|1619|914|-666666666|-222222222
860Z200US28594|1704|268|-666666666|-222222222|-666666666|-222222222|1288|340|1541|246|2734|35|-666666666|-222222222
860Z200US28601|1029|55|1234|872|893|57|1011|59|1183|171|2024|508|-666666666|-222222222
860Z200US28602|896|115|601|158|794|353|964|187|1019|169|-666666666|-222222222|-666666666|-222222222
860Z200US28604|991|102|-666666666|-222222222|915|487|1040|282|1087|128|-666666666|-222222222|-666666666|-222222222
860Z200US28605|1112|82|-666666666|-222222222|850|511|1121|102|-666666666|-222222222|-666666666|-222222222|-666666666|-222222222
860Z200US28606|-666666666|-222222222|-666666666|-222222222|-666666666|-222222222|-666666666|-222222222|-666666666|-222222222|-666666666|-222222222|-666666666|-222222222
860Z200US28607|1152|113|905|321|908|66|1209|128|1395|137|2162|287|1102|953
860Z200US28609|1238|318|-666666666|-222222222|-666666666|-222222222|1359|464|1167|475|-666666666|-222222222|-666666666|-222222222
860Z200US28610|865|63|-666666666|-222222222|-666666666|-222222222|844|57|1002|144|596|416|-666666666|-222222222
860Z200US28611|-666666666|-222222222|-666666666|-222222222|-666666666|-222222222|-666666666|-222222222|-666666666|-222222222|-666666666|-222222222|-666666666|-222222222
860Z200US28612|872|182|-666666666|-222222222|-666666666|-222222222|848|240|977|211|1063|210|-666666666|-222222222
860Z200US28613|883|41|-666666666|-222222222|588|457|843|25|1160|129|-666666666|-222222222|-666666666|-222222222
860Z200US28615|730|244|-666666666|-222222222|-666666666|-222222222|536|445|1256|1251|-666666666|-222222222|-666666666|-222222222
860Z200US28616|-666666666|-222222222|-666666666|-222222222|-666666666|-222222222|-666666666|-222222222|-666666666|-222222222|-666666666|-222222222|-666666666|-222222222
860Z200US28617|757|541|-666666666|-222222222|-666666666|-222222222|910|722|-666666666|-222222222|-666666666|-222222222|-666666666|-222222222
860Z200US28618|1250|216|-666666666|-222222222|-666666666|-222222222|1246|211|1263|559|-666666666|-222222222|-666666666|-222222222
860Z200US28619|759|346|-666666666|-222222222|-666666666|-222222222|835|318|-666666666|-222222222|-666666666|-222222222|-666666666|-222222222
860Z200US28621|783|83|-666666666|-222222222|583|146|819|93|816|165|-666666666|-222222222|-666666666|-222222222
860Z200US28622|709|218|-666666666|-222222222|99|-333333333|730|126|1037|546|-666666666|-222222222|-666666666|-222222222
860Z200US28623|773|94|-666666666|-222222222|-666666666|-222222222|-666666666|-222222222|-666666666|-222222222|-666666666|-222222222|-666666666|-222222222
860Z200US28624|436|175|-666666666|-222222222|-666666666|-222222222|-666666666|-222222222|436|175|-666666666|-222222222|-666666666|-222222222
860Z200US28625|1037|74|1031|290|938|62|1039|69|1122|216|1679|189|880|765
860Z200US28626|1270|353|-666666666|-222222222|-666666666|-222222222|1194|366|1298|1294|-666666666|-222222222|-666666666|-222222222
860Z200US28627|643|442|-666666666|-222222222|-666666666|-222222222|810|571|-666666666|-222222222|-666666666|-222222222|-666666666|-222222222
860Z200US28628|-666666666|-222222222|-666666666|-222222222|-666666666|-222222222|-666666666|-222222222|-666666666|-222222222|-666666666|-222222222|-666666666|-222222222
860Z200US28629|-666666666|-222222222|-666666666|-222222222|-666666666|-222222222|-666666666|-222222222|-666666666|-222222222|-666666666|-222222222|-666666666|-222222222
860Z200US28630|853|63|-666666666|-222222222|592|477|817|85|896|89|881|430|-666666666|-222222222
860Z200US28631|-666666666|-222222222|-666666666|-222222222|-666666666|-222222222|-666666666|-222222222|-666666666|-222222222|-666666666|-222222222|-666666666|-222222222
860Z200US28634|982|252|-666666666|-222222222|-666666666|-222222222|665|25|1217|117|1025|310|-666666666|-222222222
860Z200US28635|920|895|-666666666|-222222222|-666666666|-222222222|-666666666|-222222222|-666666666|-222222222|-666666666|-222222222|-666666666|-222222222
860Z200US28636|761|41|-666666666|-222222222|-666666666|-222222222|763|64|744|184|-666666666|-222222222|-666666666|-222222222
860Z200US28637|753|160|-666666666|-222222222|580|34|783|286|791|125|-666666666|-222222222|-666666666|-222222222
860Z200US28638|711|68|-666666666|-222222222|680|159|696|108|747|215|-666666666|-222222222|-666666666|-222222222
860Z200US28640|797|244|-666666666|-222222222|611|486|787|261|1275|469|-666666666|-222222222|-666666666|-222222222
860Z200US28641|-666666666|-222222222|-666666666|-222222222|-666666666|-222222222|-666666666|-222222222|-666666666|-222222222|-666666666|-222222222|-666666666|-222222222
860Z200US28642|642|171|-666666666|-222222222|457|98|847|157|799|203|-666666666|-222222222|-666666666|-222222222
860Z200US28643|997|321|-666666666|-222222222|-666666666|-222222222|1011|291|1351|82|959|66|-666666666|-222222222
860Z200US28644|859|18|-666666666|-222222222|-666666666|-222222222|-666666666|-222222222|-666666666|-222222222|-666666666|-222222222|-666666666|-222222222
860Z200US28645|733|27|406|127|508|173|726|36|844|79|1017|251|-666666666|-222222222
860Z200US28646|-666666666|-222222222|-666666666|-222222222|-666666666|-222222222|-666666666|-222222222|-666666666|-222222222|-666666666|-222222222|-666666666|-222222222
860Z200US28649|567|211|-666666666|-222222222|-666666666|-222222222|-666666666|-222222222|-666666666|-222222222|-666666666|-222222222|-666666666|-222222222
860Z200US28650|782|121|-666666666|-222222222|-666666666|-222222222|712|298|1097|253|-666666666|-222222222|-666666666|-222222222
860Z200US28651|695|259|-666666666|-222222222|534|438|665|238|920|158|-666666666|-222222222|-666666666|-222222222
860Z200US28652|-666666666|-222222222|-666666666|-222222222|-666666666|-222222222|-666666666|-222222222|-666666666|-222222222|-666666666|-222222222|-666666666|-222222222
860Z200US28653|-666666666|-222222222|-666666666|-222222222|-666666666|-222222222|-666666666|-222222222|-666666666|-222222222|-666666666|-222222222|-666666666|-222222222
860Z200US28654|819|250|-666666666|-222222222|-666666666|-222222222|-666666666|-222222222|736|612|-666666666|-222222222|-666666666|-222222222
860Z200US28655|905|47|-666666666|-222222222|667|194|877|78|944|70|1287|376|-666666666|-222222222
860Z200US28657|695|165|-666666666|-222222222|377|14|771|121|1056|837|-666666666|-222222222|-666666666|-222222222
860Z200US28658|948|79|-666666666|-222222222|911|323|886|78|1043|135|1161|178|-666666666|-222222222
860Z200US28659|708|54|-666666666|-222222222|489|268|704|36|1004|153|-666666666|-222222222|675|136
860Z200US28660|1073|426|-666666666|-222222222|-666666666|-222222222|-666666666|-222222222|-666666666|-222222222|-666666666|-222222222|-666666666|-222222222
860Z200US28662|-666666666|-222222222|-666666666|-222222222|-666666666|-222222222|-666666666|-222222222|-666666666|-222222222|-666666666|-222222222|-666666666|-222222222
860Z200US28663|578|105|-666666666|-222222222|-666666666|-222222222|-666666666|-222222222|-666666666|-222222222|-666666666|-222222222|-666666666|-222222222
860Z200US28664|-666666666|-222222222|-666666666|-222222222|-666666666|-222222222|-666666666|-222222222|-666666666|-222222222|-666666666|-222222222|-666666666|-222222222
860Z200US28665|684|115|-666666666|-222222222|-666666666|-222222222|659|300|760|153|-666666666|-222222222|-666666666|-222222222
860Z200US28666|-666666666|-222222222|-666666666|-222222222|-666666666|-222222222|-666666666|-222222222|-666666666|-222222222|-666666666|-222222222|-666666666|-222222222
860Z200US28667|808|209|-666666666|-222222222|-666666666|-222222222|813|158|438|268|-666666666|-222222222|-666666666|-222222222
860Z200US28668|-666666666|-222222222|-666666666|-222222222|-666666666|-222222222|-666666666|-222222222|-666666666|-222222222|-666666666|-222222222|-666666666|-222222222
860Z200US28669|746|36|-666666666|-222222222|-666666666|-222222222|-666666666|-222222222|-666666666|-222222222|-666666666|-222222222|-666666666|-222222222
860Z200US28670|753|162|-666666666|-222222222|-666666666|-222222222|674|10|1268|887|-666666666|-222222222|851|5
860Z200US28671|-666666666|-222222222|-666666666|-222222222|-666666666|-222222222|590|328|-666666666|-222222222|-666666666|-222222222|-666666666|-222222222
860Z200US28672|-666666666|-222222222|-666666666|-222222222|-666666666|-222222222|-666666666|-222222222|-666666666|-222222222|-666666666|-222222222|-666666666|-222222222
860Z200US28673|1316|213|-666666666|-222222222|-666666666|-222222222|1213|344|1325|963|-666666666|-222222222|-666666666|-222222222
860Z200US28675|663|97|-666666666|-222222222|384|130|844|110|618|132|-666666666|-222222222|-666666666|-222222222
860Z200US28676|690|177|-666666666|-222222222|-666666666|-222222222|587|333|725|60|-666666666|-222222222|-666666666|-222222222
860Z200US28677|887|61|-666666666|-222222222|591|120|849|48|1314|121|1510|355|-666666666|-222222222
860Z200US28678|913|167|-666666666|-222222222|-666666666|-222222222|816|268|-666666666|-222222222|-666666666|-222222222|-666666666|-222222222
860Z200US28679|1014|445|-666666666|-222222222|-666666666|-222222222|864|404|1322|136|-666666666|-222222222|-666666666|-222222222
860Z200US28681|736|45|-666666666|-222222222|470|123|763|70|733|62|-666666666|-222222222|-666666666|-222222222
860Z200US28682|1458|442|-666666666|-222222222|-666666666|-222222222|-666666666|-222222222|-666666666|-222222222|-666666666|-222222222|-666666666|-222222222
860Z200US28683|651|48|-666666666|-222222222|-666666666|-222222222|646|37|-666666666|-222222222|-666666666|-222222222|-666666666|-222222222
860Z200US28684|1284|389|-666666666|-222222222|-666666666|-222222222|-666666666|-222222222|1385|120|-666666666|-222222222|-666666666|-222222222
860Z200US28685|776|139|-666666666|-222222222|-666666666|-222222222|-666666666|-222222222|-666666666|-222222222|-666666666|-222222222|-666666666|-222222222
860Z200US28689|900|564|-666666666|-222222222|-666666666|-222222222|1043|655|672|581|-666666666|-222222222|-666666666|-222222222
860Z200US28690|810|255|-666666666|-222222222|-666666666|-222222222|874|296|747|367|-666666666|-222222222|-666666666|-222222222
860Z200US28692|958|293|-666666666|-222222222|-666666666|-222222222|966|365|1353|62|-666666666|-222222222|-666666666|-222222222
860Z200US28693|1094|153|-666666666|-222222222|-666666666|-222222222|-666666666|-222222222|-666666666|-222222222|-666666666|-222222222|-666666666|-222222222
860Z200US28694|818|121|-666666666|-222222222|360|54|744|250|1126|68|-666666666|-222222222|-666666666|-222222222
860Z200US28697|768|44|-666666666|-222222222|517|117|711|82|852|101|-666666666|-222222222|-666666666|-222222222
860Z200US28698|713|343|-666666666|-222222222|-666666666|-222222222|-666666666|-222222222|-666666666|-222222222|-666666666|-222222222|-666666666|-222222222
860Z200US28701|1128|300|-666666666|-222222222|-666666666|-222222222|1008|496|-666666666|-222222222|-666666666|-222222222|-666666666|-222222222
860Z200US28702|906|116|-666666666|-222222222|-666666666|-222222222|-666666666|-222222222|-666666666|-222222222|-666666666|-222222222|-666666666|-222222222
860Z200US28704|1400|83|1201|871|1506|189|1456|119|1275|244|-666666666|-222222222|-666666666|-222222222
860Z200US28705|864|110|-666666666|-222222222|-666666666|-222222222|823|90|986|171|772|184|-666666666|-222222222
860Z200US28707|-666666666|-222222222|-666666666|-222222222|-666666666|-222222222|-666666666|-222222222|-666666666|-222222222|-666666666|-222222222|-666666666|-222222222
860Z200US28708|-666666666|-222222222|-666666666|-222222222|-666666666|-222222222|-666666666|-222222222|-666666666|-222222222|-666666666|-222222222|-666666666|-222222222
860Z200US28709|-666666666|-222222222|-666666666|-222222222|-666666666|-222222222|-666666666|-222222222|-666666666|-222222222|-666666666|-222222222|-666666666|-222222222
860Z200US28710|-666666666|-222222222|-666666666|-222222222|-666666666|-222222222|-666666666|-222222222|-666666666|-222222222|-666666666|-222222222|-666666666|-222222222
860Z200US28711|1567|254|1678|413|2072|1452|1263|175|1614|237|-666666666|-222222222|-666666666|-222222222
860Z200US28712|1021|184|3352|1082|-666666666|-222222222|850|122|1184|223|-666666666|-222222222|-666666666|-222222222
860Z200US28713|732|66|675|323|599|139|719|55|1054|351|-666666666|-222222222|-666666666|-222222222
860Z200US28714|859|88|-666666666|-222222222|396|192|884|99|1111|129|808|327|-666666666|-222222222
860Z200US28715|1216|97|1613|335|-666666666|-222222222|1211|292|1124|91|3173|124|-666666666|-222222222
860Z200US28716|988|141|-666666666|-222222222|714|577|1006|158|1072|99|2140|959|-666666666|-222222222
860Z200US28717|1421|815|-666666666|-222222222|-666666666|-222222222|-666666666|-222222222|-666666666|-222222222|-666666666|-222222222|-666666666|-222222222
860Z200US28718|-666666666|-222222222|-666666666|-222222222|-666666666|-222222222|-666666666|-222222222|-666666666|-222222222|-666666666|-222222222|-666666666|-222222222
860Z200US28719|892|281|-666666666|-222222222|-666666666|-222222222|836|457|1137|190|-666666666|-222222222|-666666666|-222222222
860Z200US28720|1717|852|-666666666|-222222222|-666666666|-222222222|-666666666|-222222222|-666666666|-222222222|-666666666|-222222222|-666666666|-222222222
860Z200US28721|1186|171|775|565|1000|338|1275|219|1141|91|-666666666|-222222222|-666666666|-222222222
860Z200US28722|1863|762|-666666666|-222222222|-666666666|-222222222|2406|1444|1421|562|-666666666|-222222222|-666666666|-222222222
860Z200US28723|892|60|762|50|955|107|909|106|1178|358|860|309|-666666666|-222222222
860Z200US28725|1107|173|-666666666|-222222222|-666666666|-222222222|1263|168|-666666666|-222222222|-666666666|-222222222|-666666666|-222222222
860Z200US28726|976|156|-666666666|-222222222|780|75|935|56|1159|252|-666666666|-222222222|-666666666|-222222222
860Z200US28729|1714|158|-666666666|-222222222|-666666666|-222222222|-666666666|-222222222|1783|89|-666666666|-222222222|-666666666|-222222222
860Z200US28730|1197|482|-666666666|-222222222|-666666666|-222222222|-666666666|-222222222|1092|364|1700|1562|-666666666|-222222222
860Z200US28731|1005|263|-666666666|-222222222|-666666666|-222222222|759|393|1635|324|-666666666|-222222222|-666666666|-222222222
860Z200US28732|1366|83|-666666666|-222222222|1284|817|1298|139|1691|723|2131|266|-666666666|-222222222
860Z200US28733|-666666666|-222222222|-666666666|-222222222|-666666666|-222222222|-666666666|-222222222|-666666666|-222222222|-666666666|-222222222|-666666666|-222222222
860Z200US28734|793|67|619|177|670|120|811|126|884|213|1107|282|-666666666|-222222222
860Z200US28735|-666666666|-222222222|-666666666|-222222222|-666666666|-222222222|-666666666|-222222222|-666666666|-222222222|-666666666|-222222222|-666666666|-222222222
860Z200US28736|-666666666|-222222222|-666666666|-222222222|-666666666|-222222222|-666666666|-222222222|-666666666|-222222222|-666666666|-222222222|-666666666|-222222222
860Z200US28739|1127|103|918|731|775|166|1136|95|1485|295|1288|160|-666666666|-222222222
860Z200US28740|972|55|-666666666|-222222222|-666666666|-222222222|-666666666|-222222222|-666666666|-222222222|-666666666|-222222222|-666666666|-222222222
860Z200US28741|836|135|-666666666|-222222222|955|244|830|186|1824|219|785|584|-666666666|-222222222
860Z200US28742|-666666666|-222222222|-666666666|-222222222|-666666666|-222222222|-666666666|-222222222|-666666666|-222222222|-666666666|-222222222|-666666666|-222222222
860Z200US28743|569|26|-666666666|-222222222|508|404|587|539|587|317|-666666666|-222222222|-666666666|-222222222
860Z200US28745|-666666666|-222222222|-666666666|-222222222|-666666666|-222222222|-666666666|-222222222|-666666666|-222222222|-666666666|-222222222|-666666666|-222222222
860Z200US28746|892|377|-666666666|-222222222|-666666666|-222222222|773|190|-666666666|-222222222|-666666666|-222222222|-666666666|-222222222
860Z200US28747|-666666666|-222222222|-666666666|-222222222|-666666666|-222222222|-666666666|-222222222|-666666666|-222222222|-666666666|-222222222|-666666666|-222222222
860Z200US28748|1187|233|-666666666|-222222222|706|399|916|350|1153|93|-666666666|-222222222|-666666666|-222222222
860Z200US28749|-666666666|-222222222|-666666666|-222222222|-666666666|-222222222|-666666666|-222222222|-666666666|-222222222|-666666666|-222222222|-666666666|-222222222
860Z200US28751|1018|171|-666666666|-222222222|-666666666|-222222222|1044|421|941|582|-666666666|-222222222|-666666666|-222222222
860Z200US28752|777|87|-666666666|-222222222|493|184|721|78|931|78|-666666666|-222222222|-666666666|-222222222
860Z200US28753|773|114|-666666666|-222222222|486|135|764|302|1177|397|829|600|-666666666|-222222222
860Z200US28754|863|79|-666666666|-222222222|-666666666|-222222222|789|128|1037|310|-666666666|-222222222|-666666666|-222222222
860Z200US28755|-666666666|-222222222|-666666666|-222222222|-666666666|-222222222|-666666666|-222222222|-666666666|-222222222|-666666666|-222222222|-666666666|-222222222
860Z200US28756|644|96|-666666666|-222222222|-666666666|-222222222|617|19|1031|487|-666666666|-222222222|-666666666|-222222222
860Z200US28757|-666666666|-222222222|-666666666|-222222222|-666666666|-222222222|-666666666|-222222222|-666666666|-222222222|-666666666|-222222222|-666666666|-222222222
860Z200US28758|-666666666|-222222222|-666666666|-222222222|-666666666|-222222222|-666666666|-222222222|-666666666|-222222222|-666666666|-222222222|-666666666|-222222222
860Z200US28759|1551|437|-666666666|-222222222|-666666666|-222222222|1023|558|1765|250|1683|108|-666666666|-222222222
860Z200US28761|1088|131|-666666666|-222222222|-666666666|-222222222|1124|38|863|484|-666666666|-222222222|-666666666|-222222222
860Z200US28762|793|132|-666666666|-222222222|776|8|1003|299|976|129|-666666666|-222222222|-666666666|-222222222
860Z200US28763|-666666666|-222222222|-666666666|-222222222|-666666666|-222222222|-666666666|-222222222|1026|796|-666666666|-222222222|-666666666|-222222222
860Z200US28766|1217|226|-666666666|-222222222|-666666666|-222222222|1417|210|-666666666|-222222222|-666666666|-222222222|-666666666|-222222222
860Z200US28768|852|86|-666666666|-222222222|-666666666|-222222222|824|374|1144|1005|-666666666|-222222222|-666666666|-222222222
860Z200US28770|-666666666|-222222222|-666666666|-222222222|-666666666|-222222222|-666666666|-222222222|-666666666|-222222222|-666666666|-222222222|-666666666|-222222222
860Z200US28771|654|115|-666666666|-222222222|433|376|654|156|815|217|-666666666|-222222222|-666666666|-222222222
860Z200US28772|953|202|-666666666|-222222222|-666666666|-222222222|926|493|1233|601|-666666666|-222222222|-666666666|-222222222
860Z200US28773|1309|190|-666666666|-222222222|1311|318|1229|401|1550|1196|-666666666|-222222222|-666666666|-222222222
860Z200US28774|-666666666|-222222222|-666666666|-222222222|-666666666|-222222222|-666666666|-222222222|-666666666|-222222222|-666666666|-222222222|-666666666|-222222222
860Z200US28775|-666666666|-222222222|-666666666|-222222222|-666666666|-222222222|-666666666|-222222222|-666666666|-222222222|-666666666|-222222222|-666666666|-222222222
860Z200US28777|739|98|-666666666|-222222222|546|152|765|108|810|224|2125|1287|-666666666|-222222222
860Z200US28778|994|145|-666666666|-222222222|967|200|996|137|-666666666|-222222222|-666666666|-222222222|-666666666|-222222222
860Z200US28779|827|90|1011|596|525|344|778|122|986|358|-666666666|-222222222|-666666666|-222222222
860Z200US28781|823|171|-666666666|-222222222|-666666666|-222222222|-666666666|-222222222|-666666666|-222222222|-666666666|-222222222|-666666666|-222222222
860Z200US28782|1296|154|-666666666|-222222222|1149|209|1497|167|-666666666|-222222222|1857|929|-666666666|-222222222
860Z200US28783|988|294|-666666666|-222222222|-666666666|-222222222|-666666666|-222222222|-666666666|-222222222|-666666666|-222222222|-666666666|-222222222
860Z200US28785|1105|131|-666666666|-222222222|830|279|1234|491|1165|116|-666666666|-222222222|-666666666|-222222222
860Z200US28786|1081|89|675|77|1037|103|1061|126|1315|357|1746|48|-666666666|-222222222
860Z200US28787|1328|155|-666666666|-222222222|1205|207|1404|370|1393|280|-666666666|-222222222|-666666666|-222222222
860Z200US28788|1268|204|-666666666|-222222222|-666666666|-222222222|-666666666|-222222222|-666666666|-222222222|-666666666|-222222222|-666666666|-222222222
860Z200US28789|990|386|-666666666|-222222222|-666666666|-222222222|1038|538|992|574|-666666666|-222222222|-666666666|-222222222
860Z200US28790|941|827|-666666666|-222222222|-666666666|-222222222|670|148|-666666666|-222222222|-666666666|-222222222|-666666666|-222222222
860Z200US28791|1209|74|-666666666|-222222222|827|82|1166|70|1239|175|1421|456|-666666666|-222222222
860Z200US28792|1170|106|1461|199|1221|174|1257|140|947|66|1580|1074|-666666666|-222222222
860Z200US28801|1232|157|340|57|1110|124|1471|190|1854|253|1404|51|-666666666|-222222222
860Z200US28803|1556|79|1300|120|1410|134|1695|90|1620|128|2723|565|-666666666|-222222222
860Z200US28804|1492|130|1432|1150|1149|66|1594|79|1825|252|-666666666|-222222222|-666666666|-222222222
860Z200US28805|1347|87|1334|89|971|443|1338|198|1623|259|-666666666|-222222222|-666666666|-222222222
860Z200US28806|1239|102|866|195|1282|182|1183|129|1455|163|3067|1314|-666666666|-222222222
860Z200US28901|719|41|-666666666|-222222222|-666666666|-222222222|717|231|-666666666|-222222222|-666666666|-222222222|-666666666|-222222222
860Z200US28902|-666666666|-222222222|-666666666|-222222222|-666666666|-222222222|-666666666|-222222222|-666666666|-222222222|-666666666|-222222222|-666666666|-222222222
860Z200US28904|700|286|-666666666|-222222222|829|173|803|284|1533|666|-666666666|-222222222|-666666666|-222222222
860Z200US28905|1013|125|-666666666|-222222222|-666666666|-222222222|954|41|-666666666|-222222222|-666666666|-222222222|-666666666|-222222222
860Z200US28906|797|160|508|273|290|92|798|210|929|83|1114|13|-666666666|-222222222
860Z200US28909|-666666666|-222222222|-666666666|-222222222|-666666666|-222222222|-666666666|-222222222|-666666666|-222222222|-666666666|-222222222|-666666666|-222222222
860Z200US29001|680|82|-666666666|-222222222|-666666666|-222222222|-666666666|-222222222|665|81|-666666666|-222222222|-666666666|-222222222
860Z200US29003|851|66|-666666666|-222222222|508|413|904|89|907|88|-666666666|-222222222|-666666666|-222222222
860Z200US29006|911|118|-666666666|-222222222|-666666666|-222222222|931|189|846|150|-666666666|-222222222|-666666666|-222222222
860Z200US29009|1064|208|-666666666|-222222222|-666666666|-222222222|-666666666|-222222222|1174|548|-666666666|-222222222|-666666666|-222222222
860Z200US29010|819|58|-666666666|-222222222|486|80|753|240|921|75|851|44|-666666666|-222222222
860Z200US29014|-666666666|-222222222|-666666666|-222222222|-666666666|-222222222|-666666666|-222222222|-666666666|-222222222|-666666666|-222222222|-666666666|-222222222
860Z200US29015|813|465|-666666666|-222222222|-666666666|-222222222|-666666666|-222222222|-666666666|-222222222|-666666666|-222222222|-666666666|-222222222
860Z200US29016|1282|206|-666666666|-222222222|1285|321|-666666666|-222222222|1308|171|-666666666|-222222222|-666666666|-222222222
860Z200US29018|745|190|-666666666|-222222222|-666666666|-222222222|647|428|-666666666|-222222222|-666666666|-222222222|-666666666|-222222222
860Z200US29020|928|102|-666666666|-222222222|691|327|1036|247|853|79|1342|198|-666666666|-222222222
860Z200US29030|-666666666|-222222222|-666666666|-222222222|-666666666|-222222222|-666666666|-222222222|1101|56|-666666666|-222222222|-666666666|-222222222
860Z200US29031|1065|180|-666666666|-222222222|-666666666|-222222222|1067|384|1068|221|-666666666|-222222222|-666666666|-222222222
860Z200US29032|898|118|-666666666|-222222222|-666666666|-222222222|441|298|915|81|-666666666|-222222222|-666666666|-222222222
860Z200US29033|1330|88|-666666666|-222222222|1615|91|1213|123|1287|100|-666666666|-222222222|-666666666|-222222222
860Z200US29036|2011|266|-666666666|-222222222|-666666666|-222222222|1782|540|1674|1013|2191|236|2583|322
860Z200US29037|-666666666|-222222222|-666666666|-222222222|-666666666|-222222222|-666666666|-222222222|-666666666|-222222222|-666666666|-222222222|-666666666|-222222222
860Z200US29038|728|170|-666666666|-222222222|-666666666|-222222222|745|627|639|267|-666666666|-222222222|-666666666|-222222222
860Z200US29039|604|111|-666666666|-222222222|-666666666|-222222222|668|33|585|133|-666666666|-222222222|-666666666|-222222222
860Z200US29040|1229|207|-666666666|-222222222|-666666666|-222222222|1036|243|1417|202|-666666666|-222222222|-666666666|-222222222
860Z200US29042|798|64|-666666666|-222222222|-666666666|-222222222|575|459|1000|250|780|689|-666666666|-222222222
860Z200US29044|982|147|-666666666|-222222222|-666666666|-222222222|928|97|1152|211|-666666666|-222222222|-666666666|-222222222
860Z200US29045|1321|220|-666666666|-222222222|1000|799|1223|261|1428|259|1503|1409|-666666666|-222222222
860Z200US29046|-666666666|-222222222|-666666666|-222222222|-666666666|-222222222|-666666666|-222222222|-666666666|-222222222|-666666666|-222222222|-666666666|-222222222
860Z200US29047|1014|269|-666666666|-222222222|1125|779|-666666666|-222222222|1049|132|-666666666|-222222222|-666666666|-222222222
860Z200US29048|932|83|-666666666|-222222222|585|29|760|421|963|53|-666666666|-222222222|-666666666|-222222222
860Z200US29051|-666666666|-222222222|-666666666|-222222222|-666666666|-222222222|-666666666|-222222222|-666666666|-222222222|-666666666|-222222222|-666666666|-222222222
860Z200US29052|-666666666|-222222222|-666666666|-222222222|-666666666|-222222222|-666666666|-222222222|-666666666|-222222222|-666666666|-222222222|-666666666|-222222222
860Z200US29053|1000|52|-666666666|-222222222|-666666666|-222222222|957|90|993|66|1145|109|-666666666|-222222222
860Z200US29054|913|107|-666666666|-222222222|-666666666|-222222222|745|711|898|94|2038|1829|-666666666|-222222222
860Z200US29055|819|196|-666666666|-222222222|925|304|906|644|808|479|-666666666|-222222222|-666666666|-222222222
860Z200US29056|962|355|-666666666|-222222222|-666666666|-222222222|642|635|785|654|1075|267|-666666666|-222222222
860Z200US29058|768|80|-666666666|-222222222|-666666666|-222222222|770|65|748|218|-666666666|-222222222|-666666666|-222222222
860Z200US29059|651|118|-666666666|-222222222|307|174|640|447|718|35|856|17|-666666666|-222222222
860Z200US29061|1208|270|-666666666|-222222222|-666666666|-222222222|1061|167|1302|400|2166|1164|-666666666|-222222222
860Z200US29062|-666666666|-222222222|-666666666|-222222222|-666666666|-222222222|-666666666|-222222222|-666666666|-222222222|-666666666|-222222222|-666666666|-222222222
860Z200US29063|1653|85|-666666666|-222222222|1417|148|1715|222|1709|81|1811|118|-666666666|-222222222
860Z200US29065|-666666666|-222222222|-666666666|-222222222|-666666666|-222222222|-666666666|-222222222|-666666666|-222222222|-666666666|-222222222|-666666666|-222222222
860Z200US29067|831|91|-666666666|-222222222|700|247|762|105|891|114|-666666666|-222222222|-666666666|-222222222
860Z200US29069|868|56|-666666666|-222222222|826|188|882|259|911|278|1053|230|-666666666|-222222222
860Z200US29070|932|59|-666666666|-222222222|-666666666|-222222222|770|199|980|146|-666666666|-222222222|-666666666|-222222222
860Z200US29072|1509|86|-666666666|-222222222|1470|150|1503|122|1221|431|2082|304|2785|149
860Z200US29073|1061|76|624|193|-666666666|-222222222|1002|123|1088|152|1582|373|-666666666|-222222222
860Z200US29074|-666666666|-222222222|-666666666|-222222222|-666666666|-222222222|-666666666|-222222222|-666666666|-222222222|-666666666|-222222222|-666666666|-222222222
860Z200US29075|865|76|-666666666|-222222222|-666666666|-222222222|-666666666|-222222222|865|79|-666666666|-222222222|-666666666|-222222222
860Z200US29078|1018|185|-666666666|-222222222|-666666666|-222222222|722|73|1052|158|-666666666|-222222222|-666666666|-222222222
860Z200US29079|-666666666|-222222222|-666666666|-222222222|-666666666|-222222222|-666666666|-222222222|-666666666|-222222222|-666666666|-222222222|-666666666|-222222222
860Z200US29080|825|105|-666666666|-222222222|-666666666|-222222222|819|193|-666666666|-222222222|-666666666|-222222222|-666666666|-222222222
860Z200US29081|638|143|-666666666|-222222222|610|67|706|246|-666666666|-222222222|-666666666|-222222222|-666666666|-222222222
860Z200US29082|1092|267|-666666666|-222222222|-666666666|-222222222|-666666666|-222222222|-666666666|-222222222|-666666666|-222222222|-666666666|-222222222
860Z200US29101|670|152|-666666666|-222222222|-666666666|-222222222|733|459|669|625|-666666666|-222222222|-666666666|-222222222
860Z200US29102|769|61|-666666666|-222222222|418|95|773|195|887|112|969|376|-666666666|-222222222
860Z200US29104|919|139|-666666666|-222222222|-666666666|-222222222|-666666666|-222222222|874|238|-666666666|-222222222|-666666666|-222222222
860Z200US29105|1063|76|-666666666|-222222222|-666666666|-222222222|-666666666|-222222222|1036|141|-666666666|-222222222|-666666666|-222222222
860Z200US29107|876|76|-666666666|-222222222|-666666666|-222222222|838|74|928|82|-666666666|-222222222|-666666666|-222222222
860Z200US29108|862|68|-666666666|-222222222|525|234|864|72|924|106|1078|92|-666666666|-222222222
860Z200US29111|942|344|-666666666|-222222222|-666666666|-222222222|-666666666|-222222222|799|379|-666666666|-222222222|-666666666|-222222222
860Z200US29112|682|88|-666666666|-222222222|292|186|679|324|825|254|-666666666|-222222222|-666666666|-222222222
860Z200US29113|931|87|-666666666|-222222222|-666666666|-222222222|914|531|938|197|-666666666|-222222222|-666666666|-222222222
860Z200US29114|852|61|-666666666|-222222222|-666666666|-222222222|800|193|836|58|-666666666|-222222222|-666666666|-222222222
860Z200US29115|826|38|762|146|671|241|872|65|840|48|797|601|-666666666|-222222222
860Z200US29117|-666666666|-222222222|-666666666|-222222222|-666666666|-222222222|-666666666|-222222222|-666666666|-222222222|-666666666|-222222222|-666666666|-222222222
860Z200US29118|1016|101|-666666666|-222222222|863|415|1106|284|1048|137|1082|514|-666666666|-222222222
860Z200US29122|-666666666|-222222222|-666666666|-222222222|-666666666|-222222222|-666666666|-222222222|-666666666|-222222222|-666666666|-222222222|-666666666|-222222222
860Z200US29123|969|109|-666666666|-222222222|-666666666|-222222222|940|113|1141|279|-666666666|-222222222|-666666666|-222222222
860Z200US29125|808|270|-666666666|-222222222|-666666666|-222222222|495|371|1055|137|-666666666|-222222222|-666666666|-222222222
860Z200US29126|829|232|-666666666|-222222222|-666666666|-222222222|-666666666|-222222222|-666666666|-222222222|-666666666|-222222222|-666666666|-222222222
860Z200US29127|1049|165|-666666666|-222222222|770|220|1117|133|1042|270|1337|984|-666666666|-222222222
860Z200US29128|1082|371|-666666666|-222222222|-666666666|-222222222|-666666666|-222222222|1099|174|-666666666|-222222222|-666666666|-222222222
860Z200US29129|775|289|-666666666|-222222222|-666666666|-222222222|811|342|583|330|-666666666|-222222222|-666666666|-222222222
860Z200US29130|918|84|-666666666|-222222222|833|165|815|232|993|310|-666666666|-222222222|-666666666|-222222222
860Z200US29133|722|18|-666666666|-222222222|-666666666|-222222222|-666666666|-222222222|715|265|-666666666|-222222222|-666666666|-222222222
860Z200US29135|1043|136|526|143|1030|711|968|264|1094|198|-666666666|-222222222|-666666666|-222222222
860Z200US29137|825|300|-666666666|-222222222|-666666666|-222222222|583|36|930|59|-666666666|-222222222|-666666666|-222222222
860Z200US29138|839|115|-666666666|-222222222|664|379|718|30|991|131|950|34|-666666666|-222222222
860Z200US29142|963|83|-666666666|-222222222|1590|1307|1045|375|946|29|-666666666|-222222222|-666666666|-222222222
860Z200US29145|-666666666|-222222222|-666666666|-222222222|-666666666|-222222222|-666666666|-222222222|-666666666|-222222222|-666666666|-222222222|-666666666|-222222222
860Z200US29146|843|303|-666666666|-222222222|-666666666|-222222222|820|422|856|345|-666666666|-222222222|-666666666|-222222222
860Z200US29148|788|79|-666666666|-222222222|452|409|665|103|758|137|1107|47|-666666666|-222222222
860Z200US29150|983|35|293|242|689|150|1032|83|984|52|1309|664|-666666666|-222222222
860Z200US29152|1429|98|-666666666|-222222222|-666666666|-222222222|-666666666|-222222222|1365|70|1439|162|-666666666|-222222222
860Z200US29153|910|150|-666666666|-222222222|-666666666|-222222222|1050|191|847|73|1627|541|-666666666|-222222222
860Z200US29154|1139|95|-666666666|-222222222|-666666666|-222222222|1034|116|1151|138|2079|228|1840|472
860Z200US29160|976|149|-666666666|-222222222|-666666666|-222222222|728|48|1143|176|-666666666|-222222222|-666666666|-222222222
860Z200US29161|865|100|-666666666|-222222222|533|457|745|106|926|51|-666666666|-222222222|-666666666|-222222222
860Z200US29162|666|65|-666666666|-222222222|457|94|661|46|788|147|-666666666|-222222222|-666666666|-222222222
860Z200US29163|738|649|-666666666|-222222222|-666666666|-222222222|-666666666|-222222222|722|610|-666666666|-222222222|-666666666|-222222222
860Z200US29164|905|224|-666666666|-222222222|423|6|740|495|641|214|948|19|-666666666|-222222222
860Z200US29166|771|221|-666666666|-222222222|-666666666|-222222222|-666666666|-222222222|967|703|-666666666|-222222222|-666666666|-222222222
860Z200US29168|1022|173|-666666666|-222222222|-666666666|-222222222|-666666666|-222222222|1077|211|-666666666|-222222222|-666666666|-222222222
860Z200US29169|1173|62|1818|605|1068|213|1121|68|1354|81|-666666666|-222222222|-666666666|-222222222
860Z200US29170|1129|75|-666666666|-222222222|1204|206|991|90|1375|228|-666666666|-222222222|-666666666|-222222222
860Z200US29172|1048|119|-666666666|-222222222|-666666666|-222222222|962|124|1108|123|1184|760|-666666666|-222222222
860Z200US29175|-666666666|-222222222|-666666666|-222222222|-666666666|-222222222|-666666666|-222222222|-666666666|-222222222|-666666666|-222222222|-666666666|-222222222
860Z200US29177|-666666666|-222222222|-666666666|-222222222|-666666666|-222222222|-666666666|-222222222|-666666666|-222222222|-666666666|-222222222|-666666666|-222222222
860Z200US29178|723|98|-666666666|-222222222|604|234|718|144|1008|592|-666666666|-222222222|-666666666|-222222222
860Z200US29180|946|81|-666666666|-222222222|524|264|909|109|1064|105|1288|273|-666666666|-222222222
860Z200US29201|1174|72|796|245|1274|78|1377|266|1086|281|889|125|-666666666|-222222222
860Z200US29203|1110|47|1260|366|1061|75|1064|69|1182|93|1149|204|-666666666|-222222222
860Z200US29204|1031|59|341|174|864|329|1068|66|1129|88|818|241|-666666666|-222222222
860Z200US29205|1109|47|-666666666|-222222222|906|62|1116|50|1451|148|2609|1459|-666666666|-222222222
860Z200US29206|1419|145|-666666666|-222222222|1174|382|1200|173|1665|131|2142|160|-666666666|-222222222
860Z200US29207|-666666666|-222222222|-666666666|-222222222|-666666666|-222222222|-666666666|-222222222|-666666666|-222222222|-666666666|-222222222|-666666666|-222222222
860Z200US29208|-666666666|-222222222|-666666666|-222222222|-666666666|-222222222|-666666666|-222222222|-666666666|-222222222|-666666666|-222222222|-666666666|-222222222
860Z200US29209|1326|88|1459|296|1186|81|1221|105|1435|137|2077|211|-666666666|-222222222
860Z200US29210|1117|29|931|197|1002|48|1122|32|1446|81|1737|207|-666666666|-222222222
860Z200US29212|1452|101|-666666666|-222222222|1177|532|1390|84|1618|156|1708|155|-666666666|-222222222
860Z200US29223|1277|56|1369|95|1137|59|1203|73|1445|136|1644|164|-666666666|-222222222
860Z200US29225|-666666666|-222222222|-666666666|-222222222|-666666666|-222222222|-666666666|-222222222|-666666666|-222222222|-666666666|-222222222|-666666666|-222222222
860Z200US29229|1640|150|1159|192|1346|308|1336|232|1730|301|1875|131|2248|225
860Z200US29301|1178|50|1110|104|1103|80|1175|71|1191|89|1815|443|2155|1210
860Z200US29302|1080|80|-666666666|-222222222|869|587|1024|115|1180|74|-666666666|-222222222|-666666666|-222222222
860Z200US29303|1044|47|1050|686|924|88|995|83|1207|117|685|152|-666666666|-222222222
860Z200US29306|948|126|1125|58|503|120|891|167|1052|115|1140|171|-666666666|-222222222
860Z200US29307|1093|55|3501|-333333333|1078|93|1052|61|1281|382|1395|87|-666666666|-222222222
860Z200US29316|1240|94|1034|195|1139|78|1159|62|1670|111|1812|169|-666666666|-222222222
860Z200US29320|1637|1042|-666666666|-222222222|-666666666|-222222222|1637|1042|-666666666|-222222222|-666666666|-222222222|-666666666|-222222222
860Z200US29321|904|528|-666666666|-222222222|-666666666|-222222222|-666666666|-222222222|694|435|-666666666|-222222222|-666666666|-222222222
860Z200US29322|858|69|-666666666|-222222222|-666666666|-222222222|1157|208|823|46|1098|460|-666666666|-222222222
860Z200US29323|896|67|-666666666|-222222222|784|135|901|78|934|213|1014|432|-666666666|-222222222
860Z200US29324|-666666666|-222222222|-666666666|-222222222|-666666666|-222222222|-666666666|-222222222|-666666666|-222222222|-666666666|-222222222|-666666666|-222222222
860Z200US29325|914|71|-666666666|-222222222|805|359|912|75|944|329|-666666666|-222222222|-666666666|-222222222
860Z200US29329|1077|530|-666666666|-222222222|-666666666|-222222222|1092|444|-666666666|-222222222|-666666666|-222222222|-666666666|-222222222
860Z200US29330|878|266|-666666666|-222222222|447|252|893|171|917|566|-666666666|-222222222|-666666666|-222222222
860Z200US29331|-666666666|-222222222|-666666666|-222222222|-666666666|-222222222|-666666666|-222222222|-666666666|-222222222|-666666666|-222222222|-666666666|-222222222
860Z200US29332|-666666666|-222222222|-666666666|-222222222|-666666666|-222222222|-666666666|-222222222|2167|1523|-666666666|-222222222|-666666666|-222222222
860Z200US29333|1430|592|-666666666|-222222222|-666666666|-222222222|-666666666|-222222222|-666666666|-222222222|-666666666|-222222222|-666666666|-222222222
860Z200US29334|1216|105|-666666666|-222222222|1168|68|1158|439|1529|984|2195|122|-666666666|-222222222
860Z200US29335|-666666666|-222222222|-666666666|-222222222|-666666666|-222222222|746|65|-666666666|-222222222|-666666666|-222222222|-666666666|-222222222
860Z200US29338|-666666666|-222222222|-666666666|-222222222|-666666666|-222222222|-666666666|-222222222|-666666666|-222222222|-666666666|-222222222|-666666666|-222222222
860Z200US29340|798|103|807|693|900|275|692|239|875|237|841|265|-666666666|-222222222
860Z200US29341|917|35|963|304|842|62|906|82|904|79|1293|158|-666666666|-222222222
860Z200US29346|-666666666|-222222222|-666666666|-222222222|-666666666|-222222222|-666666666|-222222222|-666666666|-222222222|-666666666|-222222222|-666666666|-222222222
860Z200US29349|1188|151|-666666666|-222222222|828|290|1208|301|1333|286|-666666666|-222222222|-666666666|-222222222
860Z200US29351|625|11|-666666666|-222222222|619|103|616|206|641|31|-666666666|-222222222|-666666666|-222222222
860Z200US29353|499|51|-666666666|-222222222|545|523|494|123|-666666666|-222222222|-666666666|-222222222|-666666666|-222222222
860Z200US29355|782|348|-666666666|-222222222|-666666666|-222222222|-666666666|-222222222|-666666666|-222222222|-666666666|-222222222|-666666666|-222222222
860Z200US29356|626|222|-666666666|-222222222|413|224|616|263|917|441|-666666666|-222222222|-666666666|-222222222
860Z200US29360|835|41|756|139|708|41|913|67|796|186|693|690|-666666666|-222222222
860Z200US29364|1069|477|-666666666|-222222222|-666666666|-222222222|1050|564|-666666666|-222222222|-666666666|-222222222|-666666666|-222222222
860Z200US29365|1226|224|-666666666|-222222222|-666666666|-222222222|1055|130|2553|1981|1410|135|-666666666|-222222222
860Z200US29368|-666666666|-222222222|-666666666|-222222222|-666666666|-222222222|-666666666|-222222222|-666666666|-222222222|-666666666|-222222222|-666666666|-222222222
860Z200US29369|1445|354|-666666666|-222222222|-666666666|-222222222|1128|53|1567|211|2227|68|-666666666|-222222222
860Z200US29370|-666666666|-222222222|-666666666|-222222222|-666666666|-222222222|-666666666|-222222222|-666666666|-222222222|-666666666|-222222222|-666666666|-222222222
860Z200US29372|746|94|-666666666|-222222222|-666666666|-222222222|821|257|819|260|-666666666|-222222222|-666666666|-222222222
860Z200US29373|1046|718|-666666666|-222222222|-666666666|-222222222|-666666666|-222222222|-666666666|-222222222|-666666666|-222222222|-666666666|-222222222
860Z200US29374|848|85|-666666666|-222222222|-666666666|-222222222|-666666666|-222222222|825|266|-666666666|-222222222|-666666666|-222222222
860Z200US29375|-666666666|-222222222|-666666666|-222222222|-666666666|-222222222|-666666666|-222222222|-666666666|-222222222|-666666666|-222222222|-666666666|-222222222
860Z200US29376|931|153|-666666666|-222222222|1174|272|887|197|871|62|-666666666|-222222222|-666666666|-222222222
860Z200US29377|651|267|-666666666|-222222222|-666666666|-222222222|-666666666|-222222222|-666666666|-222222222|-666666666|-222222222|-666666666|-222222222
860Z200US29378|918|355|-666666666|-222222222|-666666666|-222222222|800|397|-666666666|-222222222|-666666666|-222222222|-666666666|-222222222
860Z200US29379|811|137|526|19|473|104|738|129|947|24|854|25|-666666666|-222222222
860Z200US29384|646|186|-666666666|-222222222|-666666666|-222222222|619|50|838|165|-666666666|-222222222|-666666666|-222222222
860Z200US29385|1018|145|-666666666|-222222222|-666666666|-222222222|991|118|1352|442|-666666666|-222222222|-666666666|-222222222
860Z200US29388|928|62|-666666666|-222222222|568|389|881|121|1205|147|1766|662|-666666666|-222222222
860Z200US29401|1790|285|860|845|1134|170|2165|257|2412|874|3501|-333333333|-666666666|-222222222
860Z200US29403|1798|119|1202|341|1726|165|1828|186|2288|182|1474|468|-666666666|-222222222
860Z200US29404|1939|128|-666666666|-222222222|-666666666|-222222222|1420|386|1926|165|2154|242|-666666666|-222222222
860Z200US29405|1253|67|1423|188|1115|60|1245|83|1382|194|1811|244|-666666666|-222222222
860Z200US29406|1342|50|1163|166|1278|93|1347|82|1643|204|1549|738|-666666666|-222222222
860Z200US29407|1431|51|1074|474|1305|71|1479|82|1856|203|1161|122|-666666666|-222222222
860Z200US29409|-666666666|-222222222|-666666666|-222222222|-666666666|-222222222|-666666666|-222222222|-666666666|-222222222|-666666666|-222222222|-666666666|-222222222
860Z200US29410|1412|90|1286|266|1181|105|1341|100|2015|228|2630|1176|-666666666|-222222222
860Z200US29412|1881|91|1793|135|1715|56|1917|179|2242|109|-666666666|-222222222|-666666666|-222222222
860Z200US29414|1724|48|1653|204|1453|68|1729|38|2193|203|3119|166|-666666666|-222222222
860Z200US29418|1340|95|1373|9|1067|155|1316|132|1663|121|1918|405|-666666666|-222222222
860Z200US29420|1529|136|1395|40|1623|171|1522|211|1619|244|2474|434|-666666666|-222222222
860Z200US29424|-666666666|-222222222|-666666666|-222222222|-666666666|-222222222|-666666666|-222222222|-666666666|-222222222|-666666666|-222222222|-666666666|-222222222
860Z200US29425|-666666666|-222222222|-666666666|-222222222|-666666666|-222222222|-666666666|-222222222|-666666666|-222222222|-666666666|-222222222|-666666666|-222222222
860Z200US29426|-666666666|-222222222|-666666666|-222222222|-666666666|-222222222|-666666666|-222222222|-666666666|-222222222|-666666666|-222222222|-666666666|-222222222
860Z200US29429|2817|415|-666666666|-222222222|-666666666|-222222222|-666666666|-222222222|2559|393|-666666666|-222222222|-666666666|-222222222
860Z200US29431|1076|282|-666666666|-222222222|-666666666|-222222222|1107|173|893|257|1698|592|-666666666|-222222222
860Z200US29432|757|280|-666666666|-222222222|593|135|692|271|948|22|-666666666|-222222222|-666666666|-222222222
860Z200US29434|-666666666|-222222222|-666666666|-222222222|-666666666|-222222222|-666666666|-222222222|-666666666|-222222222|-666666666|-222222222|-666666666|-222222222
860Z200US29435|922|71|-666666666|-222222222|-666666666|-222222222|918|456|946|146|-666666666|-222222222|-666666666|-222222222
860Z200US29436|-666666666|-222222222|-666666666|-222222222|-666666666|-222222222|1089|74|-666666666|-222222222|-666666666|-222222222|-666666666|-222222222
860Z200US29437|634|23|-666666666|-222222222|-666666666|-222222222|-666666666|-222222222|-666666666|-222222222|-666666666|-222222222|-666666666|-222222222
860Z200US29438|888|121|-666666666|-222222222|1000|184|-666666666|-222222222|839|101|-666666666|-222222222|-666666666|-222222222
860Z200US29439|1844|890|-666666666|-222222222|-666666666|-222222222|-666666666|-222222222|-666666666|-222222222|-666666666|-222222222|-666666666|-222222222
860Z200US29440|912|75|-666666666|-222222222|421|108|917|57|1016|121|-666666666|-222222222|-666666666|-222222222
860Z200US29445|1542|90|-666666666|-222222222|1195|272|1371|94|1638|112|2042|158|-666666666|-222222222
860Z200US29446|1143|51|-666666666|-222222222|-666666666|-222222222|-666666666|-222222222|-666666666|-222222222|-666666666|-222222222|-666666666|-222222222
860Z200US29448|676|192|-666666666|-222222222|-666666666|-222222222|659|227|1325|528|-666666666|-222222222|-666666666|-222222222
860Z200US29449|1571|666|-666666666|-222222222|-666666666|-222222222|852|348|1658|845|-666666666|-222222222|-666666666|-222222222
860Z200US29450|1716|68|-666666666|-222222222|-666666666|-222222222|-666666666|-222222222|-666666666|-222222222|-666666666|-222222222|-666666666|-222222222
860Z200US29451|2893|1648|-666666666|-222222222|-666666666|-222222222|1991|1386|3501|-333333333|-666666666|-222222222|-666666666|-222222222
860Z200US29452|-666666666|-222222222|-666666666|-222222222|-666666666|-222222222|-666666666|-222222222|-666666666|-222222222|-666666666|-222222222|-666666666|-222222222
860Z200US29453|-666666666|-222222222|-666666666|-222222222|-666666666|-222222222|-666666666|-222222222|-666666666|-222222222|-666666666|-222222222|-666666666|-222222222
860Z200US29455|1567|169|-666666666|-222222222|1583|240|1688|115|1367|310|-666666666|-222222222|-666666666|-222222222
860Z200US29456|1650|104|1725|51|1408|37|1763|133|1867|245|2139|306|-666666666|-222222222
860Z200US29458|1009|202|-666666666|-222222222|-666666666|-222222222|1152|139|-666666666|-222222222|-666666666|-222222222|-666666666|-222222222
860Z200US29461|1359|89|-666666666|-222222222|-666666666|-222222222|1178|162|1496|228|2262|333|2640|244
860Z200US29464|2081|145|1745|85|1849|99|2186|247|2354|328|2232|236|-666666666|-222222222
860Z200US29466|2380|413|-666666666|-222222222|1682|391|2461|278|2607|1038|3501|-333333333|2936|1483
860Z200US29468|-666666666|-222222222|-666666666|-222222222|-666666666|-222222222|-666666666|-222222222|-666666666|-222222222|-666666666|-222222222|-666666666|-222222222
860Z200US29469|-666666666|-222222222|-666666666|-222222222|-666666666|-222222222|-666666666|-222222222|-666666666|-222222222|-666666666|-222222222|-666666666|-222222222
860Z200US29470|944|63|-666666666|-222222222|-666666666|-222222222|850|564|962|66|-666666666|-222222222|-666666666|-222222222
860Z200US29471|891|345|-666666666|-222222222|-666666666|-222222222|-666666666|-222222222|1112|387|-666666666|-222222222|-666666666|-222222222
860Z200US29472|996|498|-666666666|-222222222|-666666666|-222222222|983|669|1007|609|-666666666|-222222222|-666666666|-222222222
860Z200US29474|1090|118|-666666666|-222222222|-666666666|-222222222|-666666666|-222222222|-666666666|-222222222|-666666666|-222222222|-666666666|-222222222
860Z200US29475|843|301|-666666666|-222222222|-666666666|-222222222|-666666666|-222222222|-666666666|-222222222|-666666666|-222222222|-666666666|-222222222
860Z200US29477|824|333|-666666666|-222222222|408|199|783|317|1046|584|-666666666|-222222222|-666666666|-222222222
860Z200US29479|950|257|-666666666|-222222222|609|445|870|121|1152|59|-666666666|-222222222|-666666666|-222222222
860Z200US29481|543|426|-666666666|-222222222|-666666666|-222222222|-666666666|-222222222|788|466|-666666666|-222222222|-666666666|-222222222
860Z200US29482|2375|1762|-666666666|-222222222|-666666666|-222222222|1607|848|3501|-333333333|3501|-333333333|-666666666|-222222222
860Z200US29483|1378|91|1564|329|1157|164|1297|129|1679|220|2528|662|-666666666|-222222222
860Z200US29485|1574|134|1563|1533|1224|162|1528|217|1887|183|1956|378|-666666666|-222222222
860Z200US29486|1748|50|1680|87|1586|79|1746|58|1769|129|2368|150|3216|91
860Z200US29487|1441|1129|-666666666|-222222222|-666666666|-222222222|3501|-333333333|-666666666|-222222222|-666666666|-222222222|-666666666|-222222222
860Z200US29488|950|102|-666666666|-222222222|490|362|851|116|1057|110|1484|1133|-666666666|-222222222
860Z200US29492|2043|135|1764|73|1847|95|2230|106|3501|-333333333|3501|-333333333|-666666666|-222222222
860Z200US29493|-666666666|-222222222|-666666666|-222222222|-666666666|-222222222|-666666666|-222222222|-666666666|-222222222|-666666666|-222222222|-666666666|-222222222
860Z200US29501|1070|33|1112|247|788|63|1042|54|1106|34|1994|355|-666666666|-222222222
860Z200US29505|1140|113|1045|159|1320|94|964|52|1379|127|1407|282|-666666666|-222222222
860Z200US29506|798|60|760|252|879|390|738|34|1036|100|778|73|-666666666|-222222222
860Z200US29510|790|233|-666666666|-222222222|461|50|745|434|960|144|-666666666|-222222222|-666666666|-222222222
860Z200US29511|980|241|-666666666|-222222222|653|148|1068|149|888|440|-666666666|-222222222|-666666666|-222222222
860Z200US29512|689|44|450|344|509|140|724|139|713|56|1055|295|-666666666|-222222222
860Z200US29516|-666666666|-222222222|-666666666|-222222222|-666666666|-222222222|465|81|842|189|-666666666|-222222222|-666666666|-222222222
860Z200US29518|1019|260|-666666666|-222222222|-666666666|-222222222|-666666666|-222222222|1030|247|-666666666|-222222222|-666666666|-222222222
860Z200US29519|-666666666|-222222222|-666666666|-222222222|-666666666|-222222222|-666666666|-222222222|-666666666|-222222222|-666666666|-222222222|-666666666|-222222222
860Z200US29520|807|74|404|244|369|107|823|48|1073|370|866|117|-666666666|-222222222
860Z200US29525|549|279|-666666666|-222222222|521|55|764|287|714|137|-666666666|-222222222|-666666666|-222222222
860Z200US29526|1056|94|-666666666|-222222222|588|204|989|171|1217|104|750|77|3200|3051
860Z200US29527|964|95|-666666666|-222222222|-666666666|-222222222|739|128|1172|106|1024|486|-666666666|-222222222
860Z200US29530|892|218|-666666666|-222222222|-666666666|-222222222|633|411|939|238|-666666666|-222222222|-666666666|-222222222
860Z200US29532|891|54|-666666666|-222222222|613|124|910|99|924|52|1223|890|-666666666|-222222222
860Z200US29536|669|61|-666666666|-222222222|300|106|625|16|905|107|940|629|-666666666|-222222222
860Z200US29540|883|83|-666666666|-222222222|-666666666|-222222222|957|478|860|20|-666666666|-222222222|-666666666|-222222222
860Z200US29541|991|83|-666666666|-222222222|-666666666|-222222222|994|504|945|58|1128|22|-666666666|-222222222
860Z200US29543|-666666666|-222222222|-666666666|-222222222|-666666666|-222222222|-666666666|-222222222|-666666666|-222222222|-666666666|-222222222|-666666666|-222222222
860Z200US29544|956|76|-666666666|-222222222|-666666666|-222222222|914|437|960|78|-666666666|-222222222|-666666666|-222222222
860Z200US29545|750|183|-666666666|-222222222|-666666666|-222222222|-666666666|-222222222|854|223|-666666666|-222222222|-666666666|-222222222
860Z200US29546|671|238|-666666666|-222222222|-666666666|-222222222|-666666666|-222222222|585|334|-666666666|-222222222|-666666666|-222222222
860Z200US29547|841|94|-666666666|-222222222|-666666666|-222222222|568|401|859|118|-666666666|-222222222|-666666666|-222222222
860Z200US29550|884|82|776|320|815|48|810|60|1015|179|1114|26|-666666666|-222222222
860Z200US29554|871|241|-666666666|-222222222|-666666666|-222222222|826|308|1019|235|-666666666|-222222222|-666666666|-222222222
860Z200US29555|633|175|-666666666|-222222222|-666666666|-222222222|572|74|813|170|914|343|1018|142
860Z200US29556|597|231|-666666666|-222222222|342|102|770|182|681|189|-666666666|-222222222|-666666666|-222222222
860Z200US29560|709|62|584|175|426|163|724|80|1000|181|-666666666|-222222222|-666666666|-222222222
860Z200US29563|601|315|-666666666|-222222222|277|139|821|301|643|391|1375|946|-666666666|-222222222
860Z200US29564|771|85|-666666666|-222222222|-666666666|-222222222|767|120|825|428|-666666666|-222222222|-666666666|-222222222
860Z200US29565|649|80|-666666666|-222222222|537|138|629|464|685|209|-666666666|-222222222|-666666666|-222222222
860Z200US29566|1520|219|-666666666|-222222222|1097|562|1546|227|1526|579|2389|1902|-666666666|-222222222
860Z200US29567|556|169|-666666666|-222222222|-666666666|-222222222|527|7|742|166|-666666666|-222222222|-666666666|-222222222
860Z200US29568|1823|558|-666666666|-222222222|-666666666|-222222222|1672|1050|1978|605|1179|336|-666666666|-222222222
860Z200US29569|786|73|575|70|677|15|776|82|1014|105|-666666666|-222222222|-666666666|-222222222
860Z200US29570|588|314|-666666666|-222222222|329|72|555|201|1034|121|-666666666|-222222222|-666666666|-222222222
860Z200US29571|677|71|670|172|-666666666|-222222222|638|142|795|86|-666666666|-222222222|-666666666|-222222222
860Z200US29572|1334|96|-666666666|-222222222|1306|378|1315|94|1486|292|-666666666|-222222222|-666666666|-222222222
860Z200US29574|603|181|421|117|-666666666|-222222222|712|282|690|133|-666666666|-222222222|-666666666|-222222222
860Z200US29575|1305|239|527|241|967|216|1232|126|1722|110|1708|1404|-666666666|-222222222
860Z200US29576|1622|110|-666666666|-222222222|1295|234|1588|144|1692|159|-666666666|-222222222|-666666666|-222222222
860Z200US29577|1217|88|1012|207|1245|294|1172|88|1355|227|1824|307|-666666666|-222222222
860Z200US29579|1617|69|1149|179|1304|107|1598|77|1914|206|1968|313|2722|567
860Z200US29580|-666666666|-222222222|-666666666|-222222222|-666666666|-222222222|-666666666|-222222222|-666666666|-222222222|-666666666|-222222222|-666666666|-222222222
860Z200US29581|775|168|-666666666|-222222222|-666666666|-222222222|823|183|691|62|-666666666|-222222222|-666666666|-222222222
860Z200US29582|1258|114|1082|259|1063|155|1270|133|1362|237|-666666666|-222222222|1725|168
860Z200US29583|553|220|-666666666|-222222222|-666666666|-222222222|516|23|765|63|996|156|-666666666|-222222222
860Z200US29584|643|139|-666666666|-222222222|-666666666|-222222222|641|262|667|398|-666666666|-222222222|-666666666|-222222222
860Z200US29585|1660|83|-666666666|-222222222|-666666666|-222222222|1709|50|1417|133|3132|766|-666666666|-222222222
860Z200US29588|1282|101|-666666666|-222222222|1100|117|1308|161|1348|299|1698|201|2668|784
860Z200US29589|-666666666|-222222222|-666666666|-222222222|-666666666|-222222222|-666666666|-222222222|-666666666|-222222222|-666666666|-222222222|-666666666|-222222222
860Z200US29590|674|14|-666666666|-222222222|-666666666|-222222222|-666666666|-222222222|674|14|-666666666|-222222222|-666666666|-222222222
860Z200US29591|699|67|-666666666|-222222222|-666666666|-222222222|589|76|923|275|863|180|-666666666|-222222222
860Z200US29592|1102|820|-666666666|-222222222|-666666666|-222222222|-666666666|-222222222|975|716|-666666666|-222222222|-666666666|-222222222
860Z200US29593|1062|238|-666666666|-222222222|-666666666|-222222222|747|146|1118|22|-666666666|-222222222|-666666666|-222222222
860Z200US29594|-666666666|-222222222|-666666666|-222222222|-666666666|-222222222|-666666666|-222222222|-666666666|-222222222|-666666666|-222222222|-666666666|-222222222
860Z200US29596|839|105|-666666666|-222222222|-666666666|-222222222|-666666666|-222222222|-666666666|-222222222|-666666666|-222222222|-666666666|-222222222
860Z200US29601|1460|85|1167|802|1370|84|1762|164|1558|436|1760|907|-666666666|-222222222
860Z200US29605|1087|49|838|593|944|74|1086|55|1141|89|1947|942|-666666666|-222222222
860Z200US29607|1411|44|1313|485|1239|60|1476|85|1731|96|2279|1008|-666666666|-222222222
860Z200US29609|1130|43|1035|468|927|123|1099|46|1631|92|1820|470|1219|907
860Z200US29611|1154|45|1076|262|1008|212|1133|79|1201|79|1338|162|-666666666|-222222222
860Z200US29613|-666666666|-222222222|-666666666|-222222222|-666666666|-222222222|-666666666|-222222222|-666666666|-222222222|-666666666|-222222222|-666666666|-222222222
860Z200US29614|-666666666|-222222222|-666666666|-222222222|-666666666|-222222222|-666666666|-222222222|-666666666|-222222222|-666666666|-222222222|-666666666|-222222222
860Z200US29615|1223|34|1137|60|1122|26|1316|52|1651|279|3233|1882|-666666666|-222222222
860Z200US29617|1079|42|-666666666|-222222222|850|79|1083|49|1253|107|1313|652|-666666666|-222222222
860Z200US29620|595|357|-666666666|-222222222|557|277|-666666666|-222222222|1114|249|-666666666|-222222222|-666666666|-222222222
860Z200US29621|1072|95|797|378|892|152|996|119|1225|170|1991|500|-666666666|-222222222
860Z200US29624|780|105|1125|593|554|95|668|59|1037|115|1682|176|-666666666|-222222222
860Z200US29625|1057|49|1093|196|997|128|1046|76|1083|174|1118|193|-666666666|-222222222
860Z200US29626|920|171|-666666666|-222222222|592|344|849|266|985|167|-666666666|-222222222|-666666666|-222222222
860Z200US29627|937|79|-666666666|-222222222|757|409|910|83|1028|106|-666666666|-222222222|-666666666|-222222222
860Z200US29628|605|104|-666666666|-222222222|498|236|542|69|718|253|-666666666|-222222222|-666666666|-222222222
860Z200US29630|906|56|555|324|861|27|1070|80|1203|490|586|259|-666666666|-222222222
860Z200US29631|1053|73|-666666666|-222222222|932|210|1011|89|1056|185|1316|367|-666666666|-222222222
860Z200US29634|-666666666|-222222222|-666666666|-222222222|-666666666|-222222222|-666666666|-222222222|-666666666|-222222222|-666666666|-222222222|-666666666|-222222222
860Z200US29635|-666666666|-222222222|-666666666|-222222222|-666666666|-222222222|-666666666|-222222222|-666666666|-222222222|-666666666|-222222222|-666666666|-222222222
860Z200US29638|900|62|-666666666|-222222222|-666666666|-222222222|841|105|947|23|850|73|-666666666|-222222222
860Z200US29639|1068|165|-666666666|-222222222|-666666666|-222222222|-666666666|-222222222|1084|427|-666666666|-222222222|-666666666|-222222222
860Z200US29640|1005|55|987|137|1030|371|922|67|1115|64|1195|938|-666666666|-222222222
860Z200US29642|1033|117|1029|401|1036|172|813|457|1156|95|1247|805|-666666666|-222222222
860Z200US29643|-666666666|-222222222|-666666666|-222222222|-666666666|-222222222|-666666666|-222222222|-666666666|-222222222|-666666666|-222222222|-666666666|-222222222
860Z200US29644|1108|57|-666666666|-222222222|-666666666|-222222222|1085|71|1129|96|1543|840|-666666666|-222222222
860Z200US29645|966|78|-666666666|-222222222|-666666666|-222222222|733|161|983|85|1220|310|-666666666|-222222222
860Z200US29646|833|63|580|201|618|86|842|46|1067|145|1124|42|-666666666|-222222222
860Z200US29649|958|42|893|433|934|57|915|74|1091|94|1326|616|-666666666|-222222222
860Z200US29650|1444|85|1261|452|1223|158|1463|111|1571|216|1714|102|-666666666|-222222222
860Z200US29651|1071|61|-666666666|-222222222|819|388|988|52|1174|83|1480|459|2273|655
860Z200US29653|1038|106|-666666666|-222222222|-666666666|-222222222|915|174|1050|289|1097|97|-666666666|-222222222
860Z200US29654|911|155|-666666666|-222222222|-666666666|-222222222|843|151|927|233|1438|570|-666666666|-222222222
860Z200US29655|797|83|812|69|918|350|638|190|854|217|-666666666|-222222222|-666666666|-222222222
860Z200US29657|873|126|-666666666|-222222222|-666666666|-222222222|923|116|800|95|1400|62|-666666666|-222222222
860Z200US29658|-666666666|-222222222|-666666666|-222222222|-666666666|-222222222|-666666666|-222222222|-666666666|-222222222|-666666666|-222222222|-666666666|-222222222
860Z200US29659|510|177|-666666666|-222222222|-666666666|-222222222|566|157|-666666666|-222222222|-666666666|-222222222|-666666666|-222222222
860Z200US29661|930|226|-666666666|-222222222|-666666666|-222222222|988|497|735|319|-666666666|-222222222|-666666666|-222222222
860Z200US29662|1426|91|-666666666|-222222222|1129|436|1389|51|1811|171|-666666666|-222222222|-666666666|-222222222
860Z200US29664|798|519|-666666666|-222222222|-666666666|-222222222|-666666666|-222222222|761|166|-666666666|-222222222|-666666666|-222222222
860Z200US29665|-666666666|-222222222|-666666666|-222222222|-666666666|-222222222|-666666666|-222222222|-666666666|-222222222|-666666666|-222222222|-666666666|-222222222
860Z200US29666|842|72|-666666666|-222222222|527|192|851|92|879|143|-666666666|-222222222|-666666666|-222222222
860Z200US29667|-666666666|-222222222|-666666666|-222222222|-666666666|-222222222|-666666666|-222222222|-666666666|-222222222|-666666666|-222222222|-666666666|-222222222
860Z200US29669|813|98|-666666666|-222222222|923|91|785|84|781|531|1125|329|-666666666|-222222222
860Z200US29670|1049|131|-666666666|-222222222|319|318|1022|181|1466|550|-666666666|-222222222|-666666666|-222222222
860Z200US29671|961|57|-666666666|-222222222|766|137|1017|96|959|73|-666666666|-222222222|-666666666|-222222222
860Z200US29672|924|84|-666666666|-222222222|658|37|873|151|1084|114|964|262|-666666666|-222222222
860Z200US29673|1056|115|-666666666|-222222222|710|26|865|48|1270|116|1362|197|-666666666|-222222222
860Z200US29676|940|132|-666666666|-222222222|-666666666|-222222222|922|507|2234|73|-666666666|-222222222|-666666666|-222222222
860Z200US29678|913|114|518|163|449|379|888|113|1120|288|1053|119|-666666666|-222222222
860Z200US29680|1545|124|1140|231|1241|163|1528|136|2076|176|-666666666|-222222222|-666666666|-222222222
860Z200US29681|1660|108|-666666666|-222222222|1456|231|1457|100|1767|149|2228|102|-666666666|-222222222
860Z200US29682|836|469|-666666666|-222222222|-666666666|-222222222|640|133|867|345|-666666666|-222222222|-666666666|-222222222
860Z200US29683|-666666666|-222222222|-666666666|-222222222|-666666666|-222222222|-666666666|-222222222|-666666666|-222222222|-666666666|-222222222|-666666666|-222222222
860Z200US29684|933|218|-666666666|-222222222|-666666666|-222222222|-666666666|-222222222|1139|699|-666666666|-222222222|-666666666|-222222222
860Z200US29685|-666666666|-222222222|-666666666|-222222222|-666666666|-222222222|-666666666|-222222222|-666666666|-222222222|-666666666|-222222222|-666666666|-222222222
860Z200US29686|-666666666|-222222222|-666666666|-222222222|-666666666|-222222222|-666666666|-222222222|-666666666|-222222222|-666666666|-222222222|-666666666|-222222222
860Z200US29687|1278|89|-666666666|-222222222|1007|195|1289|104|1350|83|1633|140|-666666666|-222222222
860Z200US29689|854|27|-666666666|-222222222|-666666666|-222222222|-666666666|-222222222|850|604|-666666666|-222222222|-666666666|-222222222
860Z200US29690|1046|107|843|22|749|371|1082|124|1085|205|1085|393|-666666666|-222222222
860Z200US29691|820|127|-666666666|-222222222|517|244|825|119|986|346|-666666666|-222222222|-666666666|-222222222
860Z200US29692|737|100|-666666666|-222222222|539|110|710|148|741|372|866|404|-666666666|-222222222
860Z200US29693|776|138|-666666666|-222222222|656|477|735|291|895|101|-666666666|-222222222|-666666666|-222222222
860Z200US29696|866|248|-666666666|-222222222|-666666666|-222222222|749|254|1267|691|-666666666|-222222222|-666666666|-222222222
860Z200US29697|1022|167|-666666666|-222222222|750|651|885|113|1311|248|-666666666|-222222222|-666666666|-222222222
860Z200US29702|721|88|625|10|-666666666|-222222222|672|107|954|156|-666666666|-222222222|-666666666|-222222222
860Z200US29704|-666666666|-222222222|-666666666|-222222222|-666666666|-222222222|-666666666|-222222222|-666666666|-222222222|-666666666|-222222222|-666666666|-222222222
860Z200US29706|785|31|-666666666|-222222222|595|215|764|56|931|90|1058|193|-666666666|-222222222
860Z200US29707|1683|166|-666666666|-222222222|1464|98|1766|281|2230|329|-666666666|-222222222|-666666666|-222222222
860Z200US29708|1643|98|1471|1074|1547|140|1645|103|1696|561|2794|186|-666666666|-222222222
860Z200US29709|829|66|-666666666|-222222222|656|215|870|78|698|538|844|15|-666666666|-222222222
860Z200US29710|1543|123|1460|379|1332|190|1673|111|1575|273|2177|1879|-666666666|-222222222
860Z200US29712|-666666666|-222222222|-666666666|-222222222|-666666666|-222222222|-666666666|-222222222|-666666666|-222222222|-666666666|-222222222|-666666666|-222222222
860Z200US29714|1335|114|-666666666|-222222222|-666666666|-222222222|1358|47|1315|231|-666666666|-222222222|-666666666|-222222222
860Z200US29715|1580|100|636|134|1374|123|1620|116|1838|249|2341|805|-666666666|-222222222
860Z200US29717|1132|421|-666666666|-222222222|-666666666|-222222222|1018|468|2207|154|-666666666|-222222222|-666666666|-222222222
860Z200US29718|810|298|-666666666|-222222222|953|22|330|230|688|262|-666666666|-222222222|-666666666|-222222222
860Z200US29720|891|65|1094|658|705|107|800|85|1036|82|1421|190|-666666666|-222222222
860Z200US29724|-666666666|-222222222|-666666666|-222222222|-666666666|-222222222|-666666666|-222222222|-666666666|-222222222|-666666666|-222222222|-666666666|-222222222
860Z200US29726|1528|835|-666666666|-222222222|-666666666|-222222222|1433|1083|-666666666|-222222222|-666666666|-222222222|-666666666|-222222222
860Z200US29727|689|167|-666666666|-222222222|-666666666|-222222222|592|228|855|461|-666666666|-222222222|-666666666|-222222222
860Z200US29728|716|93|-666666666|-222222222|479|58|690|102|879|192|1104|58|-666666666|-222222222
860Z200US29729|1000|586|-666666666|-222222222|-666666666|-222222222|-666666666|-222222222|-666666666|-222222222|-666666666|-222222222|-666666666|-222222222
860Z200US29730|1309|58|1042|256|1334|91|1235|71|1427|75|924|165|2063|1186
860Z200US29732|1333|47|1071|392|1274|78|1328|68|1409|96|2279|229|-666666666|-222222222
860Z200US29733|-666666666|-222222222|-666666666|-222222222|-666666666|-222222222|-666666666|-222222222|-666666666|-222222222|-666666666|-222222222|-666666666|-222222222
860Z200US29741|729|467|-666666666|-222222222|-666666666|-222222222|-666666666|-222222222|725|107|-666666666|-222222222|-666666666|-222222222
860Z200US29742|1097|55|-666666666|-222222222|-666666666|-222222222|883|333|1105|44|-666666666|-222222222|-666666666|-222222222
860Z200US29743|862|134|-666666666|-222222222|-666666666|-222222222|-666666666|-222222222|1029|1003|-666666666|-222222222|-666666666|-222222222
860Z200US29745|999|133|-666666666|-222222222|-666666666|-222222222|981|183|1019|160|2630|1434|-666666666|-222222222
860Z200US29801|1059|102|698|463|716|481|891|181|1116|85|1668|212|-666666666|-222222222
860Z200US29803|1150|51|-666666666|-222222222|1108|43|1106|99|1303|165|1481|1213|-666666666|-222222222
860Z200US29805|825|296|-666666666|-222222222|-666666666|-222222222|766|116|1088|121|-666666666|-222222222|-666666666|-222222222
860Z200US29809|712|137|-666666666|-222222222|-666666666|-222222222|-666666666|-222222222|823|308|-666666666|-222222222|-666666666|-222222222
860Z200US29810|646|235|-666666666|-222222222|456|219|360|216|737|237|-666666666|-222222222|-666666666|-222222222
860Z200US29812|717|60|-666666666|-222222222|456|338|695|212|846|59|807|507|-666666666|-222222222
860Z200US29816|762|471|-666666666|-222222222|-666666666|-222222222|-666666666|-222222222|-666666666|-222222222|-666666666|-222222222|-666666666|-222222222
860Z200US29817|955|55|-666666666|-222222222|910|794|1034|108|1125|84|441|294|-666666666|-222222222
860Z200US29819|800|394|-666666666|-222222222|-666666666|-222222222|-666666666|-222222222|-666666666|-222222222|-666666666|-222222222|-666666666|-222222222
860Z200US29821|-666666666|-222222222|-666666666|-222222222|-666666666|-222222222|-666666666|-222222222|-666666666|-222222222|-666666666|-222222222|-666666666|-222222222
860Z200US29824|741|216|-666666666|-222222222|701|362|926|346|1019|186|-666666666|-222222222|-666666666|-222222222
860Z200US29826|1643|1333|-666666666|-222222222|-666666666|-222222222|-666666666|-222222222|1714|1295|-666666666|-222222222|-666666666|-222222222
860Z200US29827|660|275|-666666666|-222222222|-666666666|-222222222|513|314|849|49|-666666666|-222222222|-666666666|-222222222
860Z200US29828|1073|211|-666666666|-222222222|-666666666|-222222222|1064|309|-666666666|-222222222|-666666666|-222222222|-666666666|-222222222
860Z200US29829|977|253|-666666666|-222222222|1281|546|924|334|1246|251|-666666666|-222222222|-666666666|-222222222
860Z200US29831|725|301|-666666666|-222222222|-666666666|-222222222|548|535|944|283|-666666666|-222222222|-666666666|-222222222
860Z200US29832|515|93|-666666666|-222222222|350|40|581|144|1566|618|-666666666|-222222222|-666666666|-222222222
860Z200US29834|745|153|-666666666|-222222222|-666666666|-222222222|745|153|-666666666|-222222222|-666666666|-222222222|-666666666|-222222222
860Z200US29835|657|285|-666666666|-222222222|409|118|710|341|-666666666|-222222222|-666666666|-222222222|-666666666|-222222222
860Z200US29836|-666666666|-222222222|-666666666|-222222222|-666666666|-222222222|-666666666|-222222222|-666666666|-222222222|-666666666|-222222222|-666666666|-222222222
860Z200US29838|-666666666|-222222222|-666666666|-222222222|-666666666|-222222222|-666666666|-222222222|-666666666|-222222222|-666666666|-222222222|-666666666|-222222222
860Z200US29840|-666666666|-222222222|-666666666|-222222222|-666666666|-222222222|-666666666|-222222222|-666666666|-222222222|-666666666|-222222222|-666666666|-222222222
860Z200US29841|1127|50|-666666666|-222222222|896|212|1118|47|1190|119|1480|389|-666666666|-222222222
860Z200US29842|738|286|-666666666|-222222222|875|116|553|165|1053|162|-666666666|-222222222|-666666666|-222222222
860Z200US29843|896|395|-666666666|-222222222|-666666666|-222222222|-666666666|-222222222|880|728|-666666666|-222222222|-666666666|-222222222
860Z200US29844|644|617|-666666666|-222222222|-666666666|-222222222|644|617|-666666666|-222222222|-666666666|-222222222|-666666666|-222222222
860Z200US29845|850|220|-666666666|-222222222|-666666666|-222222222|767|14|927|227|-666666666|-222222222|-666666666|-222222222
860Z200US29847|842|302|-666666666|-222222222|-666666666|-222222222|680|110|936|536|-666666666|-222222222|-666666666|-222222222
860Z200US29848|1321|1003|-666666666|-222222222|-666666666|-222222222|-666666666|-222222222|-666666666|-222222222|-666666666|-222222222|-666666666|-222222222
860Z200US29849|1656|822|-666666666|-222222222|-666666666|-222222222|1656|822|-666666666|-222222222|-666666666|-222222222|-666666666|-222222222
860Z200US29851|1095|313|-666666666|-222222222|-666666666|-222222222|1159|329|743|468|1306|163|-666666666|-222222222
860Z200US29853|684|97|-666666666|-222222222|325|9|1021|518|682|58|-666666666|-222222222|-666666666|-222222222
860Z200US29856|829|463|-666666666|-222222222|-666666666|-222222222|870|637|541|463|-666666666|-222222222|-666666666|-222222222
860Z200US29860|1194|518|-666666666|-222222222|1138|108|978|378|1635|623|-666666666|-222222222|-666666666|-222222222
860Z200US29899|-666666666|-222222222|-666666666|-222222222|-666666666|-222222222|-666666666|-222222222|-666666666|-222222222|-666666666|-222222222|-666666666|-222222222
860Z200US29902|1513|226|1216|568|-666666666|-222222222|1227|173|1872|198|2275|453|-666666666|-222222222
860Z200US29904|-666666666|-222222222|-666666666|-222222222|-666666666|-222222222|-666666666|-222222222|-666666666|-222222222|-666666666|-222222222|-666666666|-222222222
860Z200US29905|-666666666|-222222222|-666666666|-222222222|-666666666|-222222222|-666666666|-222222222|-666666666|-222222222|-666666666|-222222222|-666666666|-222222222
860Z200US29906|1475|130|1412|220|-666666666|-222222222|1613|196|1499|182|1147|342|-666666666|-222222222
860Z200US29907|1765|167|-666666666|-222222222|-666666666|-222222222|1511|447|1947|266|2231|48|-666666666|-222222222
860Z200US29909|2181|466|-666666666|-222222222|1776|51|2129|520|3000|1527|3501|-333333333|-666666666|-222222222
860Z200US29910|2073|125|1443|382|1755|269|1925|138|2351|140|2484|1303|-666666666|-222222222
860Z200US29911|925|515|-666666666|-222222222|-666666666|-222222222|1083|404|919|754|-666666666|-222222222|-666666666|-222222222
860Z200US29912|-666666666|-222222222|-666666666|-222222222|-666666666|-222222222|-666666666|-222222222|-666666666|-222222222|-666666666|-222222222|-666666666|-222222222
860Z200US29915|-666666666|-222222222|-666666666|-222222222|-666666666|-222222222|-666666666|-222222222|-666666666|-222222222|-666666666|-222222222|-666666666|-222222222
860Z200US29916|-666666666|-222222222|-666666666|-222222222|-666666666|-222222222|-666666666|-222222222|-666666666|-222222222|-666666666|-222222222|-666666666|-222222222
860Z200US29918|746|205|-666666666|-222222222|-666666666|-222222222|721|43|954|191|-666666666|-222222222|-666666666|-222222222
860Z200US29920|1053|234|-666666666|-222222222|-666666666|-222222222|1810|229|983|181|-666666666|-222222222|-666666666|-222222222
860Z200US29921|-666666666|-222222222|-666666666|-222222222|-666666666|-222222222|440|366|-666666666|-222222222|-666666666|-222222222|-666666666|-222222222
860Z200US29922|-666666666|-222222222|-666666666|-222222222|-666666666|-222222222|-666666666|-222222222|-666666666|-222222222|-666666666|-222222222|-666666666|-222222222
860Z200US29923|-666666666|-222222222|-666666666|-222222222|-666666666|-222222222|-666666666|-222222222|-666666666|-222222222|-666666666|-222222222|-666666666|-222222222
860Z200US29924|933|50|-666666666|-222222222|586|249|951|132|1125|68|-666666666|-222222222|-666666666|-222222222
860Z200US29926|1450|271|1413|1075|1533|331|1633|336|988|258|1907|1222|-666666666|-222222222
860Z200US29927|1398|133|-666666666|-222222222|1450|148|1280|745|1576|505|1628|1262|-666666666|-222222222
860Z200US29928|1541|481|1081|394|1335|268|1989|937|2337|1010|-666666666|-222222222|-666666666|-222222222
860Z200US29929|-666666666|-222222222|-666666666|-222222222|-666666666|-222222222|-666666666|-222222222|-666666666|-222222222|-666666666|-222222222|-666666666|-222222222
860Z200US29932|-666666666|-222222222|-666666666|-222222222|-666666666|-222222222|-666666666|-222222222|-666666666|-222222222|-666666666|-222222222|-666666666|-222222222
860Z200US29934|-666666666|-222222222|-666666666|-222222222|-666666666|-222222222|-666666666|-222222222|-666666666|-222222222|-666666666|-222222222|-666666666|-222222222
860Z200US29935|1404|76|-666666666|-222222222|1426|109|1443|357|1387|35|-666666666|-222222222|-666666666|-222222222
860Z200US29936|1295|95|-666666666|-222222222|1376|414|1062|478|1385|48|1170|840|-666666666|-222222222
860Z200US29939|-666666666|-222222222|-666666666|-222222222|-666666666|-222222222|-666666666|-222222222|-666666666|-222222222|-666666666|-222222222|-666666666|-222222222
860Z200US29940|-666666666|-222222222|-666666666|-222222222|-666666666|-222222222|-666666666|-222222222|-666666666|-222222222|-666666666|-222222222|-666666666|-222222222
860Z200US29941|-666666666|-222222222|-666666666|-222222222|-666666666|-222222222|-666666666|-222222222|-666666666|-222222222|-666666666|-222222222|-666666666|-222222222
860Z200US29943|-666666666|-222222222|-666666666|-222222222|-666666666|-222222222|-666666666|-222222222|-666666666|-222222222|-666666666|-222222222|-666666666|-222222222
860Z200US29944|759|358|-666666666|-222222222|-666666666|-222222222|763|493|1319|446|-666666666|-222222222|-666666666|-222222222
860Z200US29945|-666666666|-222222222|-666666666|-222222222|275|20|-666666666|-222222222|823|365|-666666666|-222222222|-666666666|-222222222
