GEO_ID|B08134_E001|B08134_M001|B08134_E002|B08134_M002|B08134_E003|B08134_M003|B08134_E004|B08134_M004|B08134_E005|B08134_M005|B08134_E006|B08134_M006|B08134_E007|B08134_M007|B08134_E008|B08134_M008|B08134_E009|B08134_M009|B08134_E010|B08134_M010|B08134_E011|B08134_M011|B08134_E012|B08134_M012|B08134_E013|B08134_M013|B08134_E014|B08134_M014|B08134_E015|B08134_M015|B08134_E016|B08134_M016|B08134_E017|B08134_M017|B08134_E018|B08134_M018|B08134_E019|B08134_M019|B08134_E020|B08134_M020|B08134_E021|B08134_M021|B08134_E022|B08134_M022|B08134_E023|B08134_M023|B08134_E024|B08134_M024|B08134_E025|B08134_M025|B08134_E026|B08134_M026|B08134_E027|B08134_M027|B08134_E028|B08134_M028|B08134_E029|B08134_M029|B08134_E030|B08134_M030|B08134_E031|B08134_M031|B08134_E032|B08134_M032|B08134_E033|B08134_M033|B08134_E034|B08134_M034|B08134_E035|B08134_M035|B08134_E036|B08134_M036|B08134_E037|B08134_M037|B08134_E038|B08134_M038|B08134_E039|B08134_M039|B08134_E040|B08134_M040|B08134_E041|B08134_M041|B08134_E042|B08134_M042|B08134_E043|B08134_M043|B08134_E044|B08134_M044|B08134_E045|B08134_M045|B08134_E046|B08134_M046|B08134_E047|B08134_M047|B08134_E048|B08134_M048|B08134_E049|B08134_M049|B08134_E050|B08134_M050|B08134_E051|B08134_M051|B08134_E052|B08134_M052|B08134_E053|B08134_M053|B08134_E054|B08134_M054|B08134_E055|B08134_M055|B08134_E056|B08134_M056|B08134_E057|B08134_M057|B08134_E058|B08134_M058|B08134_E059|B08134_M059|B08134_E060|B08134_M060|B08134_E061|B08134_M061|B08134_E062|B08134_M062|B08134_E063|B08134_M063|B08134_E064|B08134_M064|B08134_E065|B08134_M065|B08134_E066|B08134_M066|B08134_E067|B08134_M067|B08134_E068|B08134_M068|B08134_E069|B08134_M069|B08134_E070|B08134_M070|B08134_E071|B08134_M071|B08134_E072|B08134_M072|B08134_E073|B08134_M073|B08134_E074|B08134_M074|B08134_E075|B08134_M075|B08134_E076|B08134_M076|B08134_E077|B08134_M077|B08134_E078|B08134_M078|B08134_E079|B08134_M079|B08134_E080|B08134_M080|B08134_E081|B08134_M081|B08134_E082|B08134_M082|B08134_E083|B08134_M083|B08134_E084|B08134_M084|B08134_E085|B08134_M085|B08134_E086|B08134_M086|B08134_E087|B08134_M087|B08134_E088|B08134_M088|B08134_E089|B08134_M089|B08134_E090|B08134_M090|B08134_E091|B08134_M091|B08134_E092|B08134_M092|B08134_E093|B08134_M093|B08134_E094|B08134_M094|B08134_E095|B08134_M095|B08134_E096|B08134_M096|B08134_E097|B08134_M097|B08134_E098|B08134_M098|B08134_E099|B08134_M099|B08134_E100|B08134_M100|B08134_E101|B08134_M101|B08134_E102|B08134_M102|B08134_E103|B08134_M103|B08134_E104|B08134_M104|B08134_E105|B08134_M105|B08134_E106|B08134_M106|B08134_E107|B08134_M107|B08134_E108|B08134_M108|B08134_E109|B08134_M109|B08134_E110|B08134_M110|B08134_E111|B08134_M111|B08134_E112|B08134_M112|B08134_E113|B08134_M113|B08134_E114|B08134_M114|B08134_E115|B08134_M115|B08134_E116|B08134_M116|B08134_E117|B08134_M117|B08134_E118|B08134_M118|B08134_E119|B08134_M119|B08134_E120|B08134_M120
0500000US37001|74015|1483|8911|825|9632|764|12266|1069|9558|873|6188|793|8709|700|7360|650|7359|965|4032|543|71870|1507|7991|854|9505|752|11876|1064|9292|860|6144|794|8659|701|7298|647|7316|959|3789|528|65056|1680|7216|870|8074|785|11052|1020|8493|809|5496|751|7980|647|6841|643|6595|856|3309|490|6814|702|775|259|1431|318|824|292|799|198|648|264|679|220|457|141|721|377|480|190|5250|611|582|233|1184|310|754|285|566|186|414|211|573|197|310|124|482|277|385|170|1564|383|193|106|247|137|70|53|233|121|234|158|106|84|147|96|239|243|95|82|124|81|0|32|0|32|0|32|0|32|9|12|15|30|20|27|18|22|62|53|124|81|0|32|0|32|0|32|0|32|9|12|15|30|20|27|18|22|62|53|0|32|0|32|0|32|0|32|0|32|0|32|0|32|0|32|0|32|0|32|0|32|0|32|0|32|0|32|0|32|0|32|0|32|0|32|0|32|0|32|1347|266|700|173|70|45|194|117|223|128|35|52|0|32|0|32|0|32|125|90|674|246|220|143|57|49|196|136|43|46|0|32|35|40|42|61|25|45|56|46
0500000US37003|14745|745|1684|380|2017|361|2182|400|2655|430|1343|322|1920|399|917|310|1023|332|1004|337|14555|737|1545|365|2008|359|2173|398|2655|430|1336|321|1920|399|917|310|1023|332|978|327|13336|733|1359|352|1862|338|1933|371|2394|401|1219|276|1733|334|917|310|1013|329|906|326|1219|339|186|111|146|117|240|159|261|136|117|119|187|199|0|29|10|17|72|76|1050|350|105|77|121|116|240|159|198|120|117|119|187|199|0|29|10|17|72|76|169|108|81|71|25|31|0|29|63|62|0|29|0|29|0|29|0|29|0|29|0|29|0|29|0|29|0|29|0|29|0|29|0|29|0|29|0|29|0|29|0|29|0|29|0|29|0|29|0|29|0|29|0|29|0|29|0|29|0|29|0|29|0|29|0|29|0|29|0|29|0|29|0|29|0|29|0|29|0|29|0|29|0|29|0|29|0|29|0|29|0|29|0|29|0|29|0|29|0|29|139|83|139|83|0|29|0|29|0|29|0|29|0|29|0|29|0|29|0|29|51|46|0|29|9|18|9|15|0|29|7|10|0|29|0|29|0|29|26|40
0500000US37005|3858|327|592|165|549|133|790|223|464|138|179|84|445|169|199|102|259|117|381|135|3794|340|572|160|545|132|783|223|464|138|179|84|445|169|198|103|227|117|381|135|3260|333|472|145|494|134|703|214|386|134|159|81|364|149|172|97|214|116|296|128|534|176|100|69|51|40|80|68|78|34|20|28|81|93|26|37|13|17|85|74|381|169|100|69|37|34|40|42|32|34|0|21|81|93|26|37|13|17|52|54|153|63|0|21|14|19|40|53|46|8|20|28|0|21|0|21|0|21|33|54|39|47|0|21|0|21|7|11|0|21|0|21|0|21|0|21|32|45|0|21|39|47|0|21|0|21|7|11|0|21|0|21|0|21|0|21|32|45|0|21|0|21|0|21|0|21|0|21|0|21|0|21|0|21|0|21|0|21|0|21|0|21|0|21|0|21|0|21|0|21|0|21|0|21|0|21|0|21|0|21|25|29|20|28|4|6|0|21|0|21|0|21|0|21|1|3|0|21|0|21|0|21|0|21|0|21|0|21|0|21|0|21|0|21|0|21|0|21|0|21
0500000US37007|8080|723|863|241|934|220|1010|263|929|280|556|200|1207|321|684|231|1263|338|634|178|8019|728|812|237|932|221|1009|263|929|280|556|200|1207|321|684|231|1263|338|627|180|6541|650|580|194|852|206|695|173|755|211|349|124|981|263|619|226|1222|339|488|149|1478|377|232|119|80|65|314|192|174|104|207|149|226|164|65|64|41|41|139|87|890|238|192|109|65|64|160|114|147|101|54|73|90|67|59|63|32|37|91|73|588|277|40|36|15|19|154|122|27|33|153|137|136|154|6|10|9|15|48|44|0|25|0|25|0|25|0|25|0|25|0|25|0|25|0|25|0|25|0|25|0|25|0|25|0|25|0|25|0|25|0|25|0|25|0|25|0|25|0|25|0|25|0|25|0|25|0|25|0|25|0|25|0|25|0|25|0|25|0|25|0|25|0|25|0|25|0|25|0|25|0|25|0|25|0|25|0|25|0|25|40|36|32|31|0|25|1|8|0|25|0|25|0|25|0|25|0|25|7|12|21|32|19|32|2|5|0|25|0|25|0|25|0|25|0|25|0|25|0|25
0500000US37009|10226|528|1181|232|1532|343|1781|320|1517|330|677|175|1443|313|763|197|758|253|574|175|10042|524|1044|232|1491|344|1781|320|1514|330|677|175|1440|312|763|197|758|253|574|175|8915|534|960|228|1382|335|1603|329|1376|301|644|174|1171|279|633|181|678|247|468|156|1127|241|84|61|109|57|178|153|138|75|33|40|269|124|130|75|80|70|106|82|881|214|68|55|48|31|167|155|69|66|33|40|246|114|130|75|57|65|63|56|246|96|16|30|61|45|11|18|69|29|0|25|23|36|0|25|23|35|43|44|4|7|4|7|0|25|0|25|0|25|0|25|0|25|0|25|0|25|0|25|0|25|0|25|0|25|0|25|0|25|0|25|0|25|0|25|0|25|0|25|0|25|0|25|0|25|0|25|0|25|0|25|0|25|0|25|0|25|0|25|4|7|4|7|0|25|0|25|0|25|0|25|0|25|0|25|0|25|0|25|155|96|114|91|41|30|0|25|0|25|0|25|0|25|0|25|0|25|0|25|25|31|19|28|0|25|0|25|3|6|0|25|3|7|0|25|0|25|0|25
0500000US37011|5846|369|937|226|787|206|774|214|970|208|440|140|1002|290|235|120|441|197|260|127|5606|396|841|199|734|194|762|210|940|207|439|139|985|294|235|120|410|193|260|127|5032|397|781|207|682|197|746|209|914|206|437|140|856|272|129|62|262|149|225|111|574|207|60|68|52|43|16|16|26|23|2|4|129|74|106|102|148|124|35|48|451|199|58|68|45|43|16|16|25|22|2|4|71|64|100|102|129|122|5|6|123|70|2|4|7|13|0|21|1|6|0|21|58|37|6|8|19|23|30|48|32|45|0|21|0|21|0|21|0|21|1|6|0|21|0|21|31|46|0|21|1|6|0|21|0|21|0|21|0|21|1|6|0|21|0|21|0|21|0|21|31|46|0|21|0|21|0|21|0|21|0|21|0|21|0|21|31|46|0|21|0|21|0|21|0|21|0|21|0|21|0|21|0|21|0|21|0|21|0|21|157|112|91|108|53|36|12|20|1|2|0|21|0|21|0|21|0|21|0|21|51|43|5|6|0|21|0|21|29|30|0|21|17|27|0|21|0|21|0|21
0500000US37013|17602|650|3692|610|2962|446|2129|384|1803|390|901|273|1730|366|1599|304|1507|278|1279|292|17124|651|3425|594|2948|443|2042|379|1803|390|901|273|1638|363|1599|304|1502|279|1266|292|15931|755|3143|558|2811|442|1900|366|1661|381|777|218|1535|347|1489|286|1411|287|1204|259|1193|293|282|173|137|83|142|104|142|90|124|140|103|70|110|97|91|59|62|58|1032|288|249|172|79|52|116|105|122|85|124|140|92|74|110|97|90|58|50|57|161|83|33|22|58|61|26|35|20|26|0|29|11|13|0|29|1|3|12|13|16|19|0|29|0|29|6|11|0|29|0|29|0|29|0|29|5|10|5|9|5|9|0|29|0|29|0|29|0|29|0|29|0|29|0|29|0|29|5|9|6|11|0|29|0|29|6|11|0|29|0|29|0|29|0|29|0|29|0|29|5|10|0|29|0|29|0|29|0|29|0|29|0|29|0|29|5|10|0|29|228|106|181|99|11|12|27|33|0|29|0|29|9|14|0|29|0|29|0|29|234|124|86|115|3|5|54|15|0|29|0|29|83|85|0|29|0|29|8|18
0500000US37015|6017|402|1198|272|509|175|888|197|982|246|332|157|811|203|427|162|383|165|487|227|5697|381|908|206|509|175|876|195|982|246|332|157|793|207|427|162|383|165|487|227|5222|385|742|175|471|173|771|184|954|244|320|154|730|210|423|163|376|165|435|215|475|156|166|93|38|52|105|83|28|44|12|19|63|56|4|9|7|14|52|51|277|108|73|69|0|21|104|82|28|44|12|19|31|45|0|21|0|21|29|34|198|122|93|71|38|52|1|3|0|21|0|21|32|32|4|9|7|14|23|31|0|21|0|21|0|21|0|21|0|21|0|21|0|21|0|21|0|21|0|21|0|21|0|21|0|21|0|21|0|21|0|21|0|21|0|21|0|21|0|21|0|21|0|21|0|21|0|21|0|21|0|21|0|21|0|21|0|21|0|21|0|21|0|21|0|21|0|21|0|21|0|21|0|21|0|21|0|21|0|21|130|96|100|82|0|21|12|21|0|21|0|21|18|31|0|21|0|21|0|21|190|174|190|174|0|21|0|21|0|21|0|21|0|21|0|21|0|21|0|21
0500000US37017|10245|621|1589|325|660|185|1820|343|1145|250|636|202|1325|324|582|186|1421|316|1067|292|10085|604|1468|301|659|185|1782|338|1145|250|636|202|1325|324|582|186|1421|316|1067|292|8847|628|1066|229|629|182|1568|298|1038|245|629|203|1179|314|510|170|1369|305|859|226|1238|333|402|226|30|30|214|164|107|93|7|14|146|87|72|89|52|57|208|136|911|281|366|224|30|30|66|69|50|61|7|14|101|63|69|88|52|57|170|128|327|180|36|35|0|25|148|151|57|71|0|25|45|59|3|7|0|25|38|43|0|25|0|25|0|25|0|25|0|25|0|25|0|25|0|25|0|25|0|25|0|25|0|25|0|25|0|25|0|25|0|25|0|25|0|25|0|25|0|25|0|25|0|25|0|25|0|25|0|25|0|25|0|25|0|25|0|25|0|25|0|25|0|25|0|25|0|25|0|25|0|25|0|25|0|25|0|25|0|25|136|91|116|83|1|5|19|30|0|25|0|25|0|25|0|25|0|25|0|25|24|33|5|10|0|25|19|32|0|25|0|25|0|25|0|25|0|25|0|25
0500000US37019|52242|1318|5373|678|6842|677|9045|806|9480|915|3842|638|7269|749|3159|464|3621|470|3611|555|50452|1233|4933|673|6602|659|8922|794|9294|910|3749|630|7045|765|3152|463|3573|472|3182|444|45647|1386|4426|607|5934|595|8509|774|8322|877|3428|579|6215|686|2787|424|3368|449|2658|418|4805|679|507|186|668|238|413|145|972|278|321|225|830|300|365|146|205|123|524|167|3779|561|458|189|591|242|374|138|888|254|261|214|613|260|308|132|84|66|202|92|1026|301|49|51|77|57|39|37|84|62|60|67|217|120|57|72|121|108|322|144|384|277|0|32|0|32|0|32|82|111|6|9|17|26|7|10|31|25|241|266|7|10|0|32|0|32|0|32|0|32|0|32|0|32|0|32|7|10|0|32|0|32|0|32|0|32|0|32|0|32|0|32|0|32|0|32|0|32|0|32|377|277|0|32|0|32|0|32|82|111|6|9|17|26|7|10|24|23|241|266|544|173|258|110|85|57|14|19|80|102|0|32|99|73|0|32|0|32|8|14|862|292|182|79|155|92|109|101|24|26|87|80|108|106|0|32|17|19|180|173
0500000US37021|106360|2330|10105|1079|15652|1250|24001|1417|25888|2182|7743|877|11754|926|4252|603|3410|468|3555|588|100735|2275|8154|1018|14578|1170|23401|1388|25135|2168|7400|879|11221|866|4218|605|3298|443|3330|583|90934|2211|7119|919|13192|1153|21266|1366|23164|2137|6435|831|10069|818|3773|557|2910|451|3006|548|9801|1088|1035|310|1386|355|2135|521|1971|540|965|308|1152|300|445|248|388|191|324|142|7839|962|612|234|1287|358|1643|399|1627|481|910|309|852|281|400|248|295|171|213|114|1962|616|423|230|99|73|492|363|344|285|55|47|300|141|45|42|93|78|111|90|868|361|22|29|40|67|39|63|81|74|273|270|224|207|0|32|87|138|102|141|868|361|22|29|40|67|39|63|81|74|273|270|224|207|0|32|87|138|102|141|0|32|0|32|0|32|0|32|0|32|0|32|0|32|0|32|0|32|0|32|0|32|0|32|0|32|0|32|0|32|0|32|0|32|0|32|0|32|0|32|2488|483|1515|391|250|121|288|130|215|120|16|19|96|94|0|32|25|28|83|67|2269|603|414|255|784|329|273|193|457|179|54|75|213|111|34|48|0|32|40|37
0500000US37023|37708|916|4862|412|6630|761|7877|728|5143|642|2973|467|3746|435|2091|471|2096|429|2290|429|37214|920|4656|412|6599|760|7875|727|5098|642|2973|467|3603|425|2084|472|2093|431|2233|425|33390|945|4216|397|5941|695|6993|622|4580|651|2693|458|3128|410|1995|454|1834|398|2010|401|3824|585|440|186|658|295|882|263|518|178|280|131|475|198|89|113|259|141|223|122|3286|590|401|186|619|296|811|252|372|150|273|131|388|189|75|110|135|88|212|122|538|209|39|32|39|34|71|74|146|92|7|14|87|66|14|24|124|119|11|13|7|11|0|32|0|32|0|32|0|32|0|32|2|5|0|32|3|9|2|4|7|11|0|32|0|32|0|32|0|32|0|32|2|5|0|32|3|9|2|4|0|32|0|32|0|32|0|32|0|32|0|32|0|32|0|32|0|32|0|32|0|32|0|32|0|32|0|32|0|32|0|32|0|32|0|32|0|32|0|32|186|107|179|106|0|32|0|32|0|32|0|32|0|32|7|14|0|32|0|32|301|140|27|25|31|46|2|7|45|46|0|32|141|111|0|32|0|32|55|72
0500000US37025|97545|1783|7207|820|10612|994|15516|1436|13744|1076|8572|777|15974|1332|9055|924|10279|1180|6586|686|94341|1861|6444|797|10218|992|15258|1389|13449|1100|8400|763|15470|1358|8948|940|10153|1183|6001|670|85191|2017|5814|723|8976|1006|13789|1348|12085|1040|7303|793|13811|1228|8274|953|9566|1163|5573|666|9150|918|630|197|1242|359|1469|338|1364|338|1097|316|1659|454|674|262|587|225|428|198|7375|822|545|179|1116|344|1066|297|1097|338|853|268|1361|397|505|240|480|217|352|181|1775|447|85|65|126|137|403|160|267|146|244|127|298|201|169|100|107|72|76|62|662|266|0|32|21|48|0|32|39|45|63|78|153|113|0|32|60|59|326|198|251|166|0|32|21|48|0|32|0|32|0|32|80|97|0|32|12|21|138|119|269|151|0|32|0|32|0|32|0|32|0|32|54|56|0|32|27|36|188|134|142|110|0|32|0|32|0|32|39|45|63|78|19|30|0|32|21|34|0|32|913|366|542|259|267|199|11|26|39|47|51|98|3|7|0|32|0|32|0|32|1629|423|221|129|106|84|247|194|217|135|58|68|348|197|107|168|66|86|259|150
0500000US37027|33399|1227|4036|646|5068|667|5252|708|4735|627|3143|491|4556|717|2312|486|2304|469|1993|412|32880|1240|3878|633|5017|668|5226|709|4585|650|3143|491|4462|710|2311|486|2304|469|1954|402|29357|1252|3607|613|4093|542|4696|591|4297|617|2727|434|4224|700|1952|457|2073|443|1688|361|3523|627|271|121|924|372|530|256|288|119|416|212|238|142|359|197|231|136|266|212|2922|566|253|113|826|358|308|183|242|111|350|197|138|105|349|197|194|132|262|212|601|219|18|29|98|92|222|166|46|44|66|101|100|105|10|16|37|44|4|6|15|2|1|3|0|32|0|32|14|3|0|32|0|32|0|32|0|32|0|32|14|3|0|32|0|32|0|32|14|3|0|32|0|32|0|32|0|32|0|32|1|3|1|3|0|32|0|32|0|32|0|32|0|32|0|32|0|32|0|32|0|32|0|32|0|32|0|32|0|32|0|32|0|32|0|32|0|32|0|32|213|112|105|55|0|32|0|32|69|89|0|32|25|30|0|32|0|32|14|22|291|156|52|88|51|46|26|29|67|67|0|32|69|112|1|4|0|32|25|41
0500000US37029|4866|319|629|211|465|203|590|166|708|241|534|156|836|238|225|111|386|156|493|183|4618|306|487|217|413|195|575|165|690|241|534|156|824|232|225|111|386|156|484|183|4290|367|436|201|413|195|575|165|681|237|486|150|717|237|214|105|296|142|472|181|328|180|51|62|0|21|0|21|9|23|48|53|107|105|11|19|90|89|12|25|148|121|0|21|0|21|0|21|0|21|48|53|88|105|0|21|0|21|12|25|180|122|51|62|0|21|0|21|9|23|0|21|19|24|11|19|90|89|0|21|9|3|0|21|0|21|0|21|0|21|0|21|0|21|0|21|0|21|9|3|9|3|0|21|0|21|0|21|0|21|0|21|0|21|0|21|0|21|9|3|0|21|0|21|0|21|0|21|0|21|0|21|0|21|0|21|0|21|0|21|0|21|0|21|0|21|0|21|0|21|0|21|0|21|0|21|0|21|0|21|94|76|63|66|13|22|0|21|18|39|0|21|0|21|0|21|0|21|0|21|145|102|79|72|39|61|15|25|0|21|0|21|12|25|0|21|0|21|0|21
0500000US37031|26659|724|4920|438|3746|419|4774|448|3291|398|2104|373|2957|446|1981|356|1597|240|1289|232|25852|728|4622|425|3705|417|4633|428|3156|382|2085|373|2874|448|1981|356|1560|239|1236|229|23902|707|4388|416|3484|398|4279|425|2896|382|2034|374|2609|426|1727|321|1458|201|1027|195|1950|329|234|94|221|106|354|103|260|118|51|49|265|143|254|136|102|101|209|106|1505|283|166|76|167|100|310|96|147|81|51|49|229|139|171|121|102|101|162|98|445|151|68|51|54|43|44|35|113|82|0|32|36|36|83|72|0|32|47|39|87|65|0|32|0|32|14|21|23|34|0|32|26|35|0|32|13|12|11|17|63|65|0|32|0|32|14|21|23|34|0|32|26|35|0|32|0|32|0|32|13|12|0|32|0|32|0|32|0|32|0|32|0|32|0|32|13|12|0|32|11|17|0|32|0|32|0|32|0|32|0|32|0|32|0|32|0|32|11|17|302|93|209|88|0|32|18|22|59|48|0|32|6|9|0|32|10|13|0|32|418|112|89|48|41|12|109|77|53|37|19|19|51|39|0|32|14|21|42|33
0500000US37033|8104|361|628|211|365|117|859|237|1223|321|994|256|1614|338|790|238|800|245|831|212|7794|404|523|198|342|115|859|237|1223|321|928|240|1498|344|790|238|800|245|831|212|7115|469|288|97|298|106|798|231|1140|321|858|258|1460|334|711|214|780|246|782|217|679|227|235|169|44|43|61|49|83|67|70|79|38|45|79|84|20|27|49|47|586|206|221|169|44|43|61|49|47|45|67|79|30|40|79|84|6|12|31|40|93|88|14|20|0|25|0|25|36|46|3|5|8|18|0|25|14|23|18|26|0|25|0|25|0|25|0|25|0|25|0|25|0|25|0|25|0|25|0|25|0|25|0|25|0|25|0|25|0|25|0|25|0|25|0|25|0|25|0|25|0|25|0|25|0|25|0|25|0|25|0|25|0|25|0|25|0|25|0|25|0|25|0|25|0|25|0|25|0|25|0|25|0|25|0|25|0|25|0|25|28|30|20|26|8|15|0|25|0|25|0|25|0|25|0|25|0|25|0|25|282|173|85|62|15|25|0|25|0|25|66|94|116|128|0|25|0|25|0|25
0500000US37035|69616|1558|8637|876|11981|1037|14688|1181|10761|891|5152|687|6852|696|3876|494|3359|522|4310|634|68440|1555|8250|823|11796|1040|14612|1193|10629|888|5140|686|6799|690|3850|491|3359|522|4005|624|60504|1663|7353|784|9909|848|13081|1054|9621|843|4463|644|5987|605|3600|448|3026|454|3464|535|7936|854|897|318|1887|566|1531|434|1008|323|677|263|812|310|250|138|333|205|541|257|6188|780|659|287|1717|566|1040|359|593|202|652|259|763|293|250|138|255|180|259|128|1748|501|238|128|170|112|491|195|415|223|25|39|49|54|0|32|78|93|282|213|127|147|2|5|1|4|0|32|0|32|12|28|3|6|17|30|0|32|92|139|16|29|0|32|1|4|0|32|0|32|12|28|3|6|0|32|0|32|0|32|111|144|2|5|0|32|0|32|0|32|0|32|0|32|17|30|0|32|92|139|0|32|0|32|0|32|0|32|0|32|0|32|0|32|0|32|0|32|0|32|375|165|271|146|68|57|20|27|0|32|0|32|16|25|0|32|0|32|0|32|674|220|114|81|116|77|56|75|132|106|0|32|34|47|9|15|0|32|213|141
0500000US37037|28868|914|2890|408|2926|515|3763|536|3620|577|2870|540|4500|598|2820|478|2839|410|2640|458|27649|941|2309|327|2887|522|3616|529|3561|570|2850|536|4189|579|2820|478|2839|410|2578|455|25327|1007|1936|282|2599|488|3326|496|3433|569|2582|512|3909|539|2633|457|2637|400|2272|414|2322|448|373|260|288|154|290|201|128|88|268|150|280|164|187|105|202|133|306|194|1845|418|322|248|215|143|268|197|100|75|243|156|244|162|141|91|165|122|147|152|477|177|51|44|73|57|22|28|28|41|25|29|36|47|46|65|37|36|159|119|107|78|0|32|3|9|31|46|24|39|20|31|19|32|0|32|0|32|10|16|107|78|0|32|3|9|31|46|24|39|20|31|19|32|0|32|0|32|10|16|0|32|0|32|0|32|0|32|0|32|0|32|0|32|0|32|0|32|0|32|0|32|0|32|0|32|0|32|0|32|0|32|0|32|0|32|0|32|0|32|569|272|490|261|13|20|49|66|0|32|0|32|17|28|0|32|0|32|0|32|543|252|91|65|23|41|67|59|35|40|0|32|275|227|0|32|0|32|52|59
0500000US37039|10459|570|1981|410|1203|212|1862|292|1543|331|510|151|1508|272|610|186|471|173|771|169|10075|580|1676|371|1198|212|1862|292|1527|333|500|149|1473|269|610|186|464|175|765|170|9319|597|1609|370|1117|227|1639|276|1430|329|434|131|1424|256|568|186|417|165|681|169|756|193|67|59|81|58|223|102|97|67|66|79|49|48|42|30|47|37|84|61|622|177|67|59|61|49|189|93|78|65|66|79|39|49|20|24|40|35|62|56|134|74|0|25|20|33|34|49|19|20|0|25|10|16|22|22|7|11|22|23|0|25|0|25|0|25|0|25|0|25|0|25|0|25|0|25|0|25|0|25|0|25|0|25|0|25|0|25|0|25|0|25|0|25|0|25|0|25|0|25|0|25|0|25|0|25|0|25|0|25|0|25|0|25|0|25|0|25|0|25|0|25|0|25|0|25|0|25|0|25|0|25|0|25|0|25|0|25|0|25|248|167|237|165|2|5|0|25|9|17|0|25|0|25|0|25|0|25|0|25|136|73|68|63|3|7|0|25|7|14|10|14|35|40|0|25|7|12|6|9
0500000US37041|5449|459|1018|320|924|262|621|215|880|296|167|95|525|252|425|197|301|149|588|220|5200|454|980|325|741|225|621|215|852|290|167|95|525|252|425|197|301|149|588|220|4633|469|939|329|715|221|519|192|646|214|140|82|415|218|425|197|289|151|545|221|567|255|41|71|26|34|102|122|206|184|27|37|110|110|0|21|12|21|43|60|459|253|0|21|26|34|102|122|175|177|27|37|97|109|0|21|12|21|20|51|108|84|41|71|0|21|0|21|31|41|0|21|13|32|0|21|0|21|23|32|0|21|0|21|0|21|0|21|0|21|0|21|0|21|0|21|0|21|0|21|0|21|0|21|0|21|0|21|0|21|0|21|0|21|0|21|0|21|0|21|0|21|0|21|0|21|0|21|0|21|0|21|0|21|0|21|0|21|0|21|0|21|0|21|0|21|0|21|0|21|0|21|0|21|0|21|0|21|0|21|126|151|0|21|126|151|0|21|0|21|0|21|0|21|0|21|0|21|0|21|123|90|38|45|57|72|0|21|28|37|0|21|0|21|0|21|0|21|0|21
0500000US37043|4050|438|863|206|659|194|544|249|565|222|442|203|463|177|130|67|102|65|282|148|3993|442|854|205|659|194|544|249|556|221|442|203|426|175|130|67|100|65|282|148|3487|451|841|205|470|173|473|234|471|215|403|193|384|168|108|60|78|61|259|135|506|208|13|20|189|157|71|52|85|61|39|60|42|58|22|34|22|43|23|37|380|187|6|13|83|90|71|52|85|61|39|60|42|58|9|14|22|43|23|37|126|126|7|14|106|133|0|21|0|21|0|21|0|21|13|32|0|21|0|21|3|5|1|5|0|21|0|21|0|21|0|21|0|21|0|21|2|5|0|21|2|5|0|21|0|21|0|21|0|21|0|21|0|21|0|21|2|5|0|21|1|5|1|5|0|21|0|21|0|21|0|21|0|21|0|21|0|21|0|21|0|21|0|21|0|21|0|21|0|21|0|21|0|21|0|21|0|21|0|21|8|11|8|11|0|21|0|21|0|21|0|21|0|21|0|21|0|21|0|21|46|41|0|21|0|21|0|21|9|15|0|21|37|37|0|21|0|21|0|21
0500000US37045|41112|1264|6234|661|6674|817|5517|583|6429|656|2387|370|4150|529|2763|535|3545|494|3413|489|40286|1255|5702|611|6553|823|5444|588|6390|662|2387|370|4114|530|2763|535|3545|494|3388|483|36266|1276|5021|600|6125|793|4919|602|5873|649|2098|345|3921|533|2249|478|3159|476|2901|439|4020|490|681|203|428|147|525|190|517|192|289|125|193|123|514|201|386|158|487|221|2894|458|564|202|257|90|346|174|367|171|238|125|150|107|375|196|247|136|350|196|1126|275|117|75|171|106|179|111|150|106|51|44|43|61|139|61|139|89|137|87|2|4|0|32|0|32|2|4|0|32|0|32|0|32|0|32|0|32|0|32|2|4|0|32|0|32|2|4|0|32|0|32|0|32|0|32|0|32|0|32|0|32|0|32|0|32|0|32|0|32|0|32|0|32|0|32|0|32|0|32|0|32|0|32|0|32|0|32|0|32|0|32|0|32|0|32|0|32|0|32|568|261|467|255|53|56|0|32|39|50|0|32|0|32|0|32|0|32|9|18|256|132|65|76|68|80|71|60|0|32|0|32|36|40|0|32|0|32|16|25
0500000US37047|18265|713|2140|399|2291|362|2393|380|2223|352|896|347|2896|478|1547|321|1858|406|2021|393|17806|728|1925|367|2286|362|2274|347|2215|349|896|347|2787|456|1547|321|1858|406|2018|393|16092|791|1766|354|1995|310|2116|331|2057|342|875|346|2657|451|1358|302|1603|394|1665|348|1714|394|159|80|291|163|158|91|158|78|21|19|130|74|189|163|255|124|353|224|1020|238|81|49|135|67|128|82|45|37|21|19|15|20|45|38|225|119|325|224|694|320|78|72|156|141|30|35|113|78|0|32|115|74|144|160|30|47|28|27|0|32|0|32|0|32|0|32|0|32|0|32|0|32|0|32|0|32|0|32|0|32|0|32|0|32|0|32|0|32|0|32|0|32|0|32|0|32|0|32|0|32|0|32|0|32|0|32|0|32|0|32|0|32|0|32|0|32|0|32|0|32|0|32|0|32|0|32|0|32|0|32|0|32|0|32|0|32|0|32|293|177|179|122|5|8|89|115|8|14|0|32|12|20|0|32|0|32|0|32|166|123|36|36|0|32|30|37|0|32|0|32|97|104|0|32|0|32|3|4
0500000US37049|42716|994|7351|790|9380|843|6701|766|5587|655|2210|467|4975|590|2061|438|2285|447|2166|387|40556|1050|6813|720|8639|777|6342|704|5432|663|2186|464|4754|581|2033|438|2279|449|2078|384|35941|1079|5881|639|7822|721|5457|637|4917|619|1933|466|4194|533|1844|393|1956|392|1937|371|4615|690|932|280|817|257|885|257|515|293|253|128|560|230|189|155|323|169|141|100|3384|601|817|265|553|213|721|244|379|297|162|116|336|139|111|103|242|149|63|52|1231|359|115|70|264|110|164|102|136|100|91|57|224|196|78|129|81|80|78|79|244|257|0|32|199|252|0|32|0|32|0|32|0|32|0|32|6|10|39|56|244|257|0|32|199|252|0|32|0|32|0|32|0|32|0|32|6|10|39|56|0|32|0|32|0|32|0|32|0|32|0|32|0|32|0|32|0|32|0|32|0|32|0|32|0|32|0|32|0|32|0|32|0|32|0|32|0|32|0|32|933|343|379|227|286|194|40|40|64|57|24|30|93|88|19|22|0|32|28|40|983|307|159|115|256|171|319|242|91|63|0|32|128|101|9|10|0|32|21|27
0500000US37051|144248|1599|25176|854|19740|998|29117|1208|24508|1062|10259|743|16975|933|5754|589|5803|624|6916|643|133734|1715|18300|970|18776|963|28074|1188|24024|1024|10116|725|16505|908|5723|584|5759|625|6457|626|118101|1734|14956|881|16463|900|24952|1081|21754|1000|9245|671|14602|820|5390|572|5223|575|5516|516|15633|995|3344|485|2313|324|3122|485|2270|428|871|239|1903|365|333|121|536|169|941|294|12073|887|2400|358|1803|308|2526|460|1938|397|713|198|1380|313|243|98|401|140|669|228|3560|514|944|293|510|163|596|167|332|137|158|106|523|176|90|60|135|71|272|126|576|147|64|48|25|23|117|68|113|89|0|32|68|43|6|9|0|32|183|81|509|141|42|42|25|23|109|67|113|89|0|32|68|43|6|9|0|32|146|74|45|57|0|32|0|32|8|14|0|32|0|32|0|32|0|32|0|32|37|56|22|26|22|26|0|32|0|32|0|32|0|32|0|32|0|32|0|32|0|32|7662|618|6355|592|700|186|351|120|68|40|55|43|83|55|0|32|23|35|27|42|2276|407|457|217|239|110|575|208|303|121|88|52|319|125|25|26|21|24|249|97
0500000US37053|14205|517|1507|368|925|175|1251|283|1079|266|696|224|1697|261|1691|289|2984|436|2375|374|13987|513|1373|349|909|174|1246|284|1052|267|696|224|1685|263|1691|289|2976|434|2359|371|12361|538|1211|353|760|156|1003|245|940|244|691|225|1515|244|1550|277|2577|393|2114|353|1626|361|162|77|149|85|243|145|112|80|5|8|170|94|141|90|399|226|245|138|1280|297|110|72|144|85|227|143|56|59|5|8|104|79|119|82|361|221|154|92|346|151|52|39|5|10|16|17|56|57|0|29|66|58|22|38|38|44|91|103|8|13|0|29|0|29|0|29|0|29|0|29|0|29|0|29|8|13|0|29|8|13|0|29|0|29|0|29|0|29|0|29|0|29|0|29|8|13|0|29|0|29|0|29|0|29|0|29|0|29|0|29|0|29|0|29|0|29|0|29|0|29|0|29|0|29|0|29|0|29|0|29|0|29|0|29|0|29|0|29|84|79|63|74|16|23|5|12|0|29|0|29|0|29|0|29|0|29|0|29|126|63|71|44|0|29|0|29|27|24|0|29|12|23|0|29|0|29|16|22
0500000US37055|16365|550|3962|554|2351|412|3099|451|1691|291|789|204|2340|453|410|154|439|153|1284|277|15480|572|3557|551|2266|413|3069|444|1599|293|789|204|2150|453|410|154|439|153|1201|280|13859|642|3376|534|2094|373|2865|420|1323|259|684|192|1670|349|410|154|327|136|1110|262|1621|385|181|101|172|131|204|154|276|149|105|76|480|240|0|29|112|75|91|74|1212|346|115|81|125|130|189|158|179|100|77|70|372|201|0|29|78|57|77|73|409|218|66|70|47|35|15|20|97|113|28|36|108|130|0|29|34|42|14|9|0|29|0|29|0|29|0|29|0|29|0|29|0|29|0|29|0|29|0|29|0|29|0|29|0|29|0|29|0|29|0|29|0|29|0|29|0|29|0|29|0|29|0|29|0|29|0|29|0|29|0|29|0|29|0|29|0|29|0|29|0|29|0|29|0|29|0|29|0|29|0|29|0|29|0|29|0|29|0|29|545|196|256|106|43|33|0|29|79|62|0|29|167|106|0|29|0|29|0|29|340|156|149|116|42|43|30|47|13|15|0|29|23|34|0|29|0|29|83|73
0500000US37057|70564|1774|9432|899|9262|978|12367|1174|10966|894|6077|650|9183|828|5496|609|3726|522|4055|470|69096|1747|8669|836|9148|960|12197|1186|10906|882|6077|650|9110|830|5496|609|3694|523|3799|462|61783|1799|7391|772|8231|877|11333|1164|9852|862|5452|572|7976|809|5247|558|3174|461|3127|409|7313|873|1278|327|917|254|864|239|1054|399|625|307|1134|335|249|189|520|226|672|259|5501|737|870|293|645|198|692|211|918|388|481|282|738|260|177|168|479|222|501|221|1812|414|408|206|272|149|172|99|136|85|144|99|396|242|72|66|41|47|171|108|36|59|0|32|0|32|0|32|36|59|0|32|0|32|0|32|0|32|0|32|0|32|0|32|0|32|0|32|0|32|0|32|0|32|0|32|0|32|0|32|0|32|0|32|0|32|0|32|0|32|0|32|0|32|0|32|0|32|0|32|36|59|0|32|0|32|0|32|36|59|0|32|0|32|0|32|0|32|0|32|692|208|380|155|58|50|98|76|0|32|0|32|0|32|0|32|0|32|156|76|740|255|383|237|56|46|72|68|24|39|0|32|73|78|0|32|32|34|100|78
0500000US37059|18293|624|1995|393|2315|415|2288|351|2523|387|1752|443|3252|518|1133|299|1487|354|1548|342|17892|621|1835|379|2308|412|2243|347|2422|367|1737|440|3231|518|1133|299|1468|352|1515|351|15792|604|1600|368|2149|377|2063|352|1994|326|1613|396|2846|484|1047|279|1429|345|1051|295|2100|443|235|119|159|113|180|95|428|206|124|101|385|148|86|77|39|61|464|204|1370|312|103|71|159|113|180|95|293|162|68|53|260|134|48|55|39|61|220|154|730|278|132|100|0|29|0|29|135|126|56|86|125|110|38|56|0|29|244|183|15|28|0|29|0|29|0|29|0|29|0|29|0|29|0|29|0|29|15|28|1|1|0|29|0|29|0|29|0|29|0|29|0|29|0|29|0|29|1|1|0|29|0|29|0|29|0|29|0|29|0|29|0|29|0|29|0|29|0|29|14|27|0|29|0|29|0|29|0|29|0|29|0|29|0|29|0|29|14|27|112|84|112|84|0|29|0|29|0|29|0|29|0|29|0|29|0|29|0|29|274|144|48|47|7|12|45|58|101|94|15|23|21|31|0|29|19|31|18|20
0500000US37061|19975|702|3226|421|2058|307|2689|350|2688|487|1521|258|1894|338|1180|256|2085|407|2634|426|19311|736|2905|430|1966|295|2589|341|2646|485|1520|259|1854|328|1180|256|2077|410|2574|416|16766|802|2601|399|1670|274|2230|337|2285|456|1304|251|1606|266|1011|230|1734|349|2325|403|2545|486|304|139|296|127|359|197|361|157|216|120|248|168|169|132|343|166|249|109|1788|396|129|78|221|103|271|173|323|160|151|101|229|168|27|33|244|123|193|97|757|250|175|138|75|67|88|83|38|45|65|51|19|20|142|126|99|96|56|47|1|5|0|29|0|29|0|29|0|29|1|5|0|29|0|29|0|29|0|29|1|5|0|29|0|29|0|29|0|29|1|5|0|29|0|29|0|29|0|29|0|29|0|29|0|29|0|29|0|29|0|29|0|29|0|29|0|29|0|29|0|29|0|29|0|29|0|29|0|29|0|29|0|29|0|29|0|29|0|29|253|147|142|111|79|78|0|29|1|3|0|29|31|35|0|29|0|29|0|29|410|166|179|102|13|21|100|87|41|33|0|29|9|20|0|29|8|13|60|81
0500000US37063|134042|2457|13677|1138|21596|1499|28107|1927|23879|1637|10523|1156|17184|1389|7491|765|5862|816|5723|862|123591|2474|11282|1079|20132|1394|26575|1791|21922|1455|10050|1142|16425|1364|7004|770|5633|798|4568|825|108976|2431|9917|953|17939|1321|22792|1695|20483|1375|9145|1062|14467|1233|6428|682|4517|726|3288|624|14615|1267|1365|415|2193|415|3783|616|1439|306|905|301|1958|460|576|298|1116|399|1280|462|11048|1033|1008|323|1482|362|3186|612|1179|296|656|280|1524|411|395|183|742|291|876|334|3567|883|357|216|711|281|597|239|260|127|249|183|434|236|181|196|374|240|404|279|3136|461|181|140|225|103|239|136|502|233|218|186|416|203|293|156|177|114|885|298|3077|453|174|139|200|104|239|136|502|233|218|186|416|203|271|149|172|113|885|298|59|57|7|11|25|42|0|32|0|32|0|32|0|32|22|36|5|12|0|32|0|32|0|32|0|32|0|32|0|32|0|32|0|32|0|32|0|32|0|32|3601|583|1447|369|657|211|689|236|424|198|143|99|176|164|36|42|23|37|6|12|3714|649|767|361|582|179|604|238|1031|385|112|66|167|104|158|77|29|29|264|125
0500000US37065|18522|791|3498|528|2683|456|3163|400|2068|332|1220|295|2678|525|1404|362|818|230|990|275|17688|796|3144|462|2566|458|3079|392|2036|329|1164|276|2514|520|1389|362|816|230|980|274|15888|816|2988|468|2234|408|2748|376|1874|301|998|218|2352|494|1193|315|674|223|827|263|1800|365|156|118|332|194|331|157|162|132|166|142|162|102|196|125|142|97|153|107|1045|297|111|80|148|99|178|120|37|32|152|141|106|78|196|125|45|46|72|71|755|258|45|67|184|162|153|107|125|124|14|23|56|55|0|29|97|91|81|77|147|163|0|29|1|5|6|9|0|29|0|29|136|163|0|29|2|4|2|4|147|163|0|29|1|5|6|9|0|29|0|29|136|163|0|29|2|4|2|4|0|29|0|29|0|29|0|29|0|29|0|29|0|29|0|29|0|29|0|29|0|29|0|29|0|29|0|29|0|29|0|29|0|29|0|29|0|29|0|29|187|93|163|88|0|29|9|12|0|29|0|29|0|29|15|29|0|29|0|29|500|235|191|200|116|60|69|88|32|29|56|72|28|29|0|29|0|29|8|13
0500000US37067|154807|2269|18415|1255|25812|1481|33165|1568|28144|1621|11538|901|17349|1288|6693|921|5802|653|7889|814|148705|2175|16715|1165|24622|1421|32159|1533|27479|1625|11400|890|16677|1253|6677|924|5624|657|7352|813|133500|2058|15005|1071|22082|1428|29690|1469|24676|1437|10233|854|14868|1208|6266|906|5096|640|5584|589|15205|1195|1710|427|2540|559|2469|493|2803|486|1167|435|1809|430|411|191|528|239|1768|536|10742|997|1289|345|1502|356|1912|421|1913|419|1131|432|1310|348|371|181|179|111|1135|464|4463|802|421|199|1038|401|557|241|890|301|36|40|499|239|40|40|349|218|633|337|1271|340|117|113|85|69|180|101|88|72|16|22|273|133|0|32|178|126|334|173|1200|324|117|113|56|52|172|105|88|72|16|22|251|130|0|32|173|126|327|173|30|39|0|32|0|32|8|19|0|32|0|32|22|33|0|32|0|32|0|32|41|54|0|32|29|47|0|32|0|32|0|32|0|32|0|32|5|12|7|12|2522|429|1147|269|684|260|235|116|254|132|0|32|202|192|0|32|0|32|0|32|2309|437|436|190|421|167|591|220|323|144|122|90|197|160|16|28|0|32|203|112
0500000US37069|30393|896|2337|517|2372|429|3171|504|3251|528|1547|333|4394|509|3364|516|5768|643|4189|728|30015|902|2196|507|2266|416|3101|478|3239|529|1538|331|4382|509|3364|516|5768|643|4161|730|26688|870|1826|420|2147|407|2741|477|3001|499|1386|293|4021|513|2837|441|5082|575|3647|578|3327|491|370|169|119|68|360|152|238|106|152|125|361|134|527|208|686|222|514|341|2600|418|227|124|114|67|323|149|225|103|143|123|274|129|527|208|514|180|253|199|727|252|143|100|5|9|37|53|13|17|9|18|87|79|0|32|172|101|261|194|28|36|0|32|0|32|0|32|0|32|0|32|0|32|0|32|0|32|28|36|28|36|0|32|0|32|0|32|0|32|0|32|0|32|0|32|0|32|28|36|0|32|0|32|0|32|0|32|0|32|0|32|0|32|0|32|0|32|0|32|0|32|0|32|0|32|0|32|0|32|0|32|0|32|0|32|0|32|0|32|246|114|123|87|93|70|15|21|12|22|0|32|3|5|0|32|0|32|0|32|104|99|18|21|13|26|55|89|0|32|9|16|9|11|0|32|0|32|0|32
0500000US37071|96494|1710|8732|761|11314|895|14894|1052|13893|925|7018|665|15283|1154|8840|756|9922|893|6598|622|94033|1688|7674|795|10988|897|14736|1041|13655|911|6946|661|15040|1151|8796|759|9862|889|6336|604|84450|1792|6744|760|9753|873|13008|878|11513|862|6412|629|13830|1142|8427|765|8978|866|5785|565|9583|1084|930|301|1235|320|1728|366|2142|406|534|176|1210|303|369|178|884|232|551|222|7707|918|666|285|1085|306|1215|320|1887|395|513|174|1027|284|257|150|735|208|322|156|1876|458|264|134|150|111|513|232|255|108|21|27|183|79|112|103|149|99|229|125|386|179|40|57|78|76|38|60|113|96|0|32|40|49|0|32|41|36|36|32|346|173|0|32|78|76|38|60|113|96|0|32|40|49|0|32|41|36|36|32|1|3|1|3|0|32|0|32|0|32|0|32|0|32|0|32|0|32|0|32|39|57|39|57|0|32|0|32|0|32|0|32|0|32|0|32|0|32|0|32|1003|325|722|247|47|42|10|20|20|26|0|32|17|27|0|32|19|23|168|144|1072|217|296|121|201|98|110|84|105|75|72|47|186|78|44|44|0|32|58|44
0500000US37073|4250|307|268|101|142|83|274|125|345|151|406|166|636|234|454|142|569|183|1156|262|4177|311|252|103|142|83|274|125|334|152|406|166|597|234|454|142|569|183|1149|264|3717|317|233|103|142|83|263|125|325|152|352|167|535|230|449|141|525|173|893|216|460|180|19|24|0|21|11|14|9|14|54|57|62|47|5|8|44|55|256|158|309|171|9|15|0|21|5|8|9|14|54|57|29|28|5|8|1|3|197|156|151|88|10|17|0|21|6|12|0|21|0|21|33|42|0|21|43|54|59|64|0|21|0|21|0|21|0|21|0|21|0|21|0|21|0|21|0|21|0|21|0|21|0|21|0|21|0|21|0|21|0|21|0|21|0|21|0|21|0|21|0|21|0|21|0|21|0|21|0|21|0|21|0|21|0|21|0|21|0|21|0|21|0|21|0|21|0|21|0|21|0|21|0|21|0|21|0|21|0|21|16|17|16|17|0|21|0|21|0|21|0|21|0|21|0|21|0|21|0|21|57|52|0|21|0|21|0|21|11|16|0|21|39|53|0|21|0|21|7|12
0500000US37075|2971|313|813|215|346|124|478|202|295|152|96|69|295|138|82|75|223|122|343|175|2836|318|732|212|316|124|469|201|295|152|96|69|295|138|82|75|208|125|343|175|2482|285|690|208|257|101|453|202|230|142|96|69|222|120|82|75|188|114|264|159|354|122|42|38|59|45|16|21|65|52|0|19|73|67|0|19|20|26|79|69|290|119|42|38|45|37|9|14|48|40|0|19|73|67|0|19|0|19|73|69|64|46|0|19|14|25|7|14|17|28|0|19|0|19|0|19|20|26|6|11|0|19|0|19|0|19|0|19|0|19|0|19|0|19|0|19|0|19|0|19|0|19|0|19|0|19|0|19|0|19|0|19|0|19|0|19|0|19|0|19|0|19|0|19|0|19|0|19|0|19|0|19|0|19|0|19|0|19|0|19|0|19|0|19|0|19|0|19|0|19|0|19|0|19|0|19|0|19|0|19|40|40|10|12|30|38|0|19|0|19|0|19|0|19|0|19|0|19|0|19|95|58|71|53|0|19|9|15|0|19|0|19|0|19|0|19|15|22|0|19
0500000US37077|21568|1056|1672|333|1995|350|2010|287|2932|515|1792|403|3287|507|3515|487|2583|409|1782|399|21310|1062|1596|327|1939|342|1986|288|2909|516|1787|402|3287|507|3515|487|2576|409|1715|403|19735|1003|1505|308|1831|337|1841|278|2526|429|1757|396|2974|455|3210|460|2465|405|1626|393|1575|448|91|67|108|77|145|109|383|248|30|39|313|185|305|150|111|77|89|65|987|293|46|46|92|71|127|104|195|153|19|37|78|54|296|152|81|66|53|55|588|295|45|40|16|28|18|28|188|179|11|20|235|175|9|15|30|35|36|36|0|32|0|32|0|32|0|32|0|32|0|32|0|32|0|32|0|32|0|32|0|32|0|32|0|32|0|32|0|32|0|32|0|32|0|32|0|32|0|32|0|32|0|32|0|32|0|32|0|32|0|32|0|32|0|32|0|32|0|32|0|32|0|32|0|32|0|32|0|32|0|32|0|32|0|32|0|32|0|32|99|67|43|41|56|50|0|32|0|32|0|32|0|32|0|32|0|32|0|32|159|85|33|32|0|32|24|26|23|20|5|8|0|32|0|32|7|14|67|64
0500000US37079|7771|498|911|255|1017|268|1395|329|1096|193|546|163|1222|245|563|193|512|164|509|195|7658|482|834|218|1015|268|1372|325|1096|193|546|163|1222|245|563|193|512|164|498|191|6770|452|773|216|959|252|1127|260|898|159|520|165|1039|229|509|175|466|159|479|189|888|223|61|58|56|47|245|181|198|124|26|30|183|100|54|71|46|46|19|21|770|207|36|45|56|47|245|181|142|107|10|16|175|100|52|72|41|46|13|19|118|84|25|41|0|25|0|25|56|65|16|26|8|14|2|3|5|9|6|13|0|25|0|25|0|25|0|25|0|25|0|25|0|25|0|25|0|25|0|25|0|25|0|25|0|25|0|25|0|25|0|25|0|25|0|25|0|25|0|25|0|25|0|25|0|25|0|25|0|25|0|25|0|25|0|25|0|25|0|25|0|25|0|25|0|25|0|25|0|25|0|25|0|25|0|25|0|25|0|25|94|93|69|88|2|6|23|29|0|25|0|25|0|25|0|25|0|25|0|25|19|21|8|12|0|25|0|25|0|25|0|25|0|25|0|25|0|25|11|18
0500000US37081|227304|3107|30086|1694|37928|1872|46976|2033|40315|1980|17394|1083|26089|1675|9877|948|7576|1032|11063|1160|215611|3093|26394|1579|35197|1979|45576|2030|39040|1910|17285|1099|25154|1643|9745|929|7205|1009|10015|1116|193461|3018|23402|1587|30981|1911|42160|1918|35182|1886|16077|1025|21797|1544|8805|881|6364|912|8693|1111|22150|1626|2992|560|4216|743|3416|523|3858|595|1208|344|3357|586|940|307|841|349|1322|313|16271|1367|2135|444|3196|628|2767|476|2930|547|1022|323|2322|540|689|284|480|249|730|225|5879|778|857|263|1020|311|649|232|928|238|186|108|1035|309|251|152|361|247|592|227|3057|657|209|153|346|142|458|324|376|224|8|8|525|230|45|43|260|136|830|229|2926|651|209|153|346|142|458|324|371|226|8|8|490|234|45|43|260|136|739|205|130|105|0|32|0|32|0|32|5|11|0|32|35|48|0|32|0|32|90|96|1|4|0|32|0|32|0|32|0|32|0|32|0|32|0|32|0|32|1|4|4425|716|2386|610|1066|322|374|135|333|153|7|17|54|36|60|100|88|93|57|63|4211|680|1097|370|1319|390|568|201|566|219|94|64|356|155|27|21|23|30|161|80
0500000US37083|16267|735|3554|503|2409|442|1885|350|1867|311|829|235|2259|407|1008|344|962|228|1494|272|15290|719|3321|493|2125|425|1779|342|1776|313|752|203|2141|402|968|342|962|228|1466|271|13519|764|3000|426|2000|427|1544|325|1446|275|686|204|1919|401|940|341|834|211|1150|249|1771|364|321|143|125|88|235|130|330|151|66|63|222|85|28|26|128|97|316|163|1100|264|217|117|44|46|137|84|220|120|48|60|217|86|6|10|103|77|108|96|671|261|104|90|81|76|98|94|110|111|18|23|5|10|22|21|25|38|208|119|1|3|0|29|1|3|0|29|0|29|0|29|0|29|0|29|0|29|0|29|1|3|0|29|1|3|0|29|0|29|0|29|0|29|0|29|0|29|0|29|0|29|0|29|0|29|0|29|0|29|0|29|0|29|0|29|0|29|0|29|0|29|0|29|0|29|0|29|0|29|0|29|0|29|0|29|0|29|0|29|145|85|62|45|53|53|30|42|0|29|0|29|0|29|0|29|0|29|0|29|831|286|171|86|230|134|76|68|91|48|77|95|118|89|40|39|0|29|28|26
0500000US37085|54830|1236|4978|454|4365|614|5352|613|6886|720|4560|591|8329|720|5450|587|7389|738|7521|783|53358|1229|4234|447|4204|605|5276|607|6760|719|4539|589|8143|704|5405|594|7371|732|7426|779|47393|1373|3505|411|3619|525|4818|559|6242|702|4331|580|7137|626|4733|526|6827|702|6181|730|5965|810|729|216|585|295|458|151|518|203|208|86|1006|294|672|303|544|216|1245|393|4240|623|540|196|332|160|439|153|387|171|167|78|594|221|492|237|393|174|896|326|1725|470|189|102|253|255|19|22|131|84|41|45|412|248|180|189|151|129|349|185|43|48|6|13|0|32|6|15|0|32|0|32|6|11|1|2|0|32|24|42|31|44|6|13|0|32|0|32|0|32|0|32|0|32|1|2|0|32|24|42|12|18|0|32|0|32|6|15|0|32|0|32|6|11|0|32|0|32|0|32|0|32|0|32|0|32|0|32|0|32|0|32|0|32|0|32|0|32|0|32|813|223|594|212|37|35|43|41|108|91|8|19|0|32|0|32|18|30|5|11|616|233|144|87|124|93|27|35|18|17|13|19|180|160|44|44|0|32|66|54
0500000US37087|25143|939|4466|657|3719|441|3711|503|2933|390|1413|331|2847|474|2972|454|2076|405|1006|227|24191|952|3910|507|3702|430|3538|456|2892|389|1379|328|2799|470|2912|474|2064|401|995|227|21678|947|3382|472|3442|454|2979|435|2700|388|1283|324|2591|466|2650|466|1846|363|805|214|2513|484|528|258|260|108|559|192|192|97|96|75|208|150|262|144|218|128|190|112|1700|347|340|210|228|105|240|112|153|92|96|75|133|87|250|144|207|125|53|44|813|308|188|186|32|25|319|151|39|34|0|32|75|90|12|20|11|17|137|98|7|12|0|32|0|32|7|12|0|32|0|32|0|32|0|32|0|32|0|32|7|12|0|32|0|32|7|12|0|32|0|32|0|32|0|32|0|32|0|32|0|32|0|32|0|32|0|32|0|32|0|32|0|32|0|32|0|32|0|32|0|32|0|32|0|32|0|32|0|32|0|32|0|32|0|32|0|32|0|32|702|500|511|469|1|5|107|158|22|22|34|38|15|25|0|32|12|19|0|32|243|196|45|32|16|26|59|93|19|23|0|32|33|44|60|87|0|32|11|17
0500000US37089|47983|1372|6952|730|7329|646|7425|871|8747|892|3208|507|6756|934|3193|498|2137|386|2236|497|46955|1388|6609|728|7182|641|7288|852|8670|879|3119|488|6619|937|3121|497|2137|386|2210|498|40906|1385|5512|675|6357|620|6540|799|7570|785|2627|442|5728|856|2747|489|1844|357|1981|482|6049|801|1097|366|825|309|748|234|1100|303|492|277|891|263|374|174|293|159|229|109|4036|602|540|222|641|302|641|203|713|252|268|126|649|221|268|120|170|107|146|85|2013|581|557|292|184|94|107|78|387|147|224|223|242|138|106|120|123|102|83|64|23|31|0|32|0|32|22|30|0|32|0|32|0|32|0|32|0|32|1|5|23|31|0|32|0|32|22|30|0|32|0|32|0|32|0|32|0|32|1|5|0|32|0|32|0|32|0|32|0|32|0|32|0|32|0|32|0|32|0|32|0|32|0|32|0|32|0|32|0|32|0|32|0|32|0|32|0|32|0|32|351|146|212|113|28|33|24|22|44|34|40|60|0|32|0|32|0|32|3|11|654|199|131|82|119|77|91|89|33|40|49|51|137|106|72|77|0|32|22|26
0500000US37091|7440|334|1432|220|945|189|1145|206|869|192|385|164|1015|211|249|102|552|136|848|202|7026|348|1282|200|916|186|1025|166|864|191|380|164|965|208|244|101|503|118|847|202|6133|322|1145|192|685|170|925|161|738|189|374|163|903|205|241|100|440|114|682|174|893|212|137|70|231|126|100|49|126|59|6|7|62|39|3|3|63|43|165|82|543|159|111|65|142|101|73|49|43|31|0|21|38|28|3|3|63|43|70|57|350|112|26|25|89|69|27|22|83|44|6|7|24|25|0|21|0|21|95|55|92|94|1|4|0|21|63|88|0|21|0|21|14|22|5|6|8|12|1|2|92|94|1|4|0|21|63|88|0|21|0|21|14|22|5|6|8|12|1|2|0|21|0|21|0|21|0|21|0|21|0|21|0|21|0|21|0|21|0|21|0|21|0|21|0|21|0|21|0|21|0|21|0|21|0|21|0|21|0|21|139|76|69|61|10|20|57|43|3|4|0|21|0|21|0|21|0|21|0|21|183|84|80|63|19|15|0|21|2|3|5|9|36|29|0|21|41|40|0|21
0500000US37093|20872|710|1701|344|1874|316|2066|307|3373|531|2160|367|4143|499|2442|350|1695|343|1418|256|20267|709|1552|328|1848|315|1985|288|3155|504|2155|365|4102|493|2403|346|1695|343|1372|261|17932|728|1320|290|1537|287|1608|253|2934|503|2005|366|3918|483|1989|330|1500|317|1121|244|2335|387|232|120|311|169|377|127|221|103|150|80|184|97|414|178|195|106|251|108|1591|305|116|87|261|153|353|122|141|69|130|82|152|89|197|121|135|79|106|62|744|220|116|84|50|50|24|28|80|64|20|19|32|36|217|131|60|64|145|90|168|183|0|32|0|32|0|32|168|183|0|32|0|32|0|32|0|32|0|32|168|183|0|32|0|32|0|32|168|183|0|32|0|32|0|32|0|32|0|32|0|32|0|32|0|32|0|32|0|32|0|32|0|32|0|32|0|32|0|32|0|32|0|32|0|32|0|32|0|32|0|32|0|32|0|32|0|32|0|32|177|108|89|69|0|32|79|80|9|16|0|32|0|32|0|32|0|32|0|32|260|93|60|40|26|26|2|5|41|42|5|11|41|36|39|48|0|32|46|36
0500000US37095|1734|328|546|202|161|116|148|112|193|113|15|15|104|77|57|48|103|70|407|184|1603|311|525|196|137|120|148|112|193|113|15|15|28|27|57|48|103|70|397|182|1225|292|424|184|130|121|148|112|159|107|15|15|28|27|57|48|103|70|161|93|378|162|101|86|7|11|0|14|34|30|0|14|0|14|0|14|0|14|236|143|134|91|86|80|7|11|0|14|0|14|0|14|0|14|0|14|0|14|41|41|244|154|15|32|0|14|0|14|34|30|0|14|0|14|0|14|0|14|195|146|4|9|0|14|4|9|0|14|0|14|0|14|0|14|0|14|0|14|0|14|4|9|0|14|4|9|0|14|0|14|0|14|0|14|0|14|0|14|0|14|0|14|0|14|0|14|0|14|0|14|0|14|0|14|0|14|0|14|0|14|0|14|0|14|0|14|0|14|0|14|0|14|0|14|0|14|0|14|0|14|7|12|7|12|0|14|0|14|0|14|0|14|0|14|0|14|0|14|0|14|120|82|14|20|20|23|0|14|0|14|0|14|76|73|0|14|0|14|10|18
0500000US37097|81817|1688|9868|1055|13122|858|15110|1089|10437|816|5767|725|9489|818|5454|576|6615|654|5955|630|79278|1637|8825|924|12916|842|14730|1079|10267|809|5686|730|9228|827|5308|564|6546|654|5772|637|70489|1773|7624|884|11604|892|13137|1132|8922|794|4875|678|8449|812|4682|529|5928|632|5268|647|8789|866|1201|349|1312|351|1593|389|1345|306|811|235|779|225|626|190|618|241|504|171|6239|760|902|300|944|286|1232|338|947|240|549|209|594|211|407|144|432|209|232|121|2550|471|299|157|368|205|361|176|398|168|262|114|185|104|219|111|186|125|272|135|230|135|0|32|20|32|30|47|25|39|17|28|30|45|0|32|48|59|60|42|190|125|0|32|20|32|30|47|25|39|17|28|0|32|0|32|48|59|50|39|0|32|0|32|0|32|0|32|0|32|0|32|0|32|0|32|0|32|0|32|40|47|0|32|0|32|0|32|0|32|0|32|30|45|0|32|0|32|10|16|1031|356|793|338|45|49|106|73|69|55|0|32|18|21|0|32|0|32|0|32|1278|278|250|112|141|93|244|182|76|41|64|60|213|110|146|99|21|34|123|75
0500000US37099|17502|980|3576|680|2842|519|3244|628|2614|504|521|233|2490|483|495|218|1003|306|717|217|16361|1013|2938|622|2619|509|3209|630|2525|500|502|229|2389|477|489|218|1003|306|687|212|15013|998|2736|617|2396|487|3100|640|2392|468|426|191|2171|467|475|220|885|318|432|151|1348|267|202|167|223|117|109|87|133|90|76|110|218|119|14|27|118|87|255|174|918|277|170|162|218|117|92|85|110|86|61|106|145|111|14|27|41|49|67|55|430|171|32|35|5|8|17|23|23|32|15|22|73|48|0|29|77|74|188|164|0|29|0|29|0|29|0|29|0|29|0|29|0|29|0|29|0|29|0|29|0|29|0|29|0|29|0|29|0|29|0|29|0|29|0|29|0|29|0|29|0|29|0|29|0|29|0|29|0|29|0|29|0|29|0|29|0|29|0|29|0|29|0|29|0|29|0|29|0|29|0|29|0|29|0|29|0|29|0|29|823|285|585|223|123|86|18|33|18|29|0|29|79|82|0|29|0|29|0|29|318|187|53|62|100|100|17|27|71|104|19|31|22|49|6|10|0|29|30|32
0500000US37101|97727|2073|7079|832|9066|994|10101|913|11391|1053|7002|838|14717|1083|10630|1027|15622|1035|12119|1119|95996|2123|6416|809|8882|960|9907|887|11161|1035|6993|840|14502|1079|10619|1026|15499|1035|12017|1124|86895|2110|5809|766|8033|896|9319|855|10473|1023|5927|716|13543|1067|9275|934|14488|1059|10028|1066|9101|979|607|214|849|343|588|203|688|208|1066|363|959|336|1344|431|1011|273|1989|500|6548|847|336|145|581|322|450|158|563|177|839|277|553|218|1117|398|840|241|1269|346|2553|519|271|183|268|142|138|119|125|68|227|170|406|233|227|166|171|100|720|298|114|64|79|64|2|3|0|32|18|5|0|32|1|2|0|32|14|22|0|32|111|63|76|63|2|3|0|32|18|5|0|32|1|2|0|32|14|22|0|32|3|10|3|10|0|32|0|32|0|32|0|32|0|32|0|32|0|32|0|32|0|32|0|32|0|32|0|32|0|32|0|32|0|32|0|32|0|32|0|32|828|277|432|181|95|156|77|76|95|95|0|32|128|141|1|4|0|32|0|32|789|224|152|91|87|43|117|116|117|74|9|18|86|60|10|16|109|84|102|95
0500000US37103|3844|210|341|117|461|159|294|90|693|155|348|101|561|168|411|111|444|133|291|100|3710|230|295|102|450|159|239|74|681|149|348|101|561|168|411|111|435|131|290|99|3281|238|293|103|404|155|188|74|664|146|280|97|528|166|385|115|403|123|136|66|429|135|2|7|46|40|51|43|17|16|68|49|33|36|26|30|32|39|154|87|198|100|0|19|7|10|51|43|0|19|16|17|29|34|26|30|0|19|69|52|231|97|2|7|39|39|0|19|17|16|52|46|4|6|0|19|32|39|85|69|1|6|0|19|0|19|0|19|0|19|0|19|0|19|0|19|0|19|1|6|1|6|0|19|0|19|0|19|0|19|0|19|0|19|0|19|0|19|1|6|0|19|0|19|0|19|0|19|0|19|0|19|0|19|0|19|0|19|0|19|0|19|0|19|0|19|0|19|0|19|0|19|0|19|0|19|0|19|0|19|60|45|2|4|11|17|47|44|0|19|0|19|0|19|0|19|0|19|0|19|73|60|44|49|0|19|8|21|12|19|0|19|0|19|0|19|9|14|0|19
0500000US37105|28036|906|4687|614|4130|550|4520|623|2861|626|1273|282|2564|504|2509|442|3088|417|2404|506|26971|929|3859|534|4087|553|4476|609|2829|626|1273|282|2523|501|2484|443|3088|417|2352|496|24088|1006|3422|489|3610|521|3997|500|2476|603|1143|273|2176|487|2153|393|2886|436|2225|491|2883|519|437|173|477|213|479|276|353|206|130|81|347|182|331|167|202|135|127|101|2353|479|419|169|405|201|451|256|254|186|118|77|265|131|269|155|45|52|127|101|530|251|18|28|72|73|28|48|99|91|12|18|82|131|62|65|157|125|0|32|45|49|0|32|0|32|0|32|0|32|0|32|20|34|25|35|0|32|0|32|45|49|0|32|0|32|0|32|0|32|0|32|20|34|25|35|0|32|0|32|0|32|0|32|0|32|0|32|0|32|0|32|0|32|0|32|0|32|0|32|0|32|0|32|0|32|0|32|0|32|0|32|0|32|0|32|0|32|0|32|618|274|567|269|43|53|0|32|0|32|0|32|1|13|0|32|0|32|7|19|402|204|261|161|0|32|44|58|32|54|0|32|20|39|0|32|0|32|45|64
0500000US37107|21294|809|3358|601|3726|546|3841|559|2387|392|1350|315|2086|358|985|264|1678|400|1883|517|20859|822|3176|587|3714|547|3791|563|2387|392|1318|307|2067|354|956|260|1659|399|1791|515|18164|889|2747|525|3060|503|3259|510|2084|371|1271|304|1877|329|874|254|1475|380|1517|474|2695|548|429|184|654|215|532|313|303|157|47|44|190|112|82|77|184|122|274|135|2099|485|381|174|519|200|381|278|213|133|35|38|178|112|28|41|154|113|210|125|596|271|48|50|135|109|151|151|90|94|12|19|12|19|54|64|30|40|64|58|136|123|23|35|0|32|0|32|0|32|0|32|0|32|29|32|0|32|84|111|136|123|23|35|0|32|0|32|0|32|0|32|0|32|29|32|0|32|84|111|0|32|0|32|0|32|0|32|0|32|0|32|0|32|0|32|0|32|0|32|0|32|0|32|0|32|0|32|0|32|0|32|0|32|0|32|0|32|0|32|207|116|146|102|0|32|10|16|0|32|32|40|0|32|0|32|19|30|0|32|92|75|13|23|12|20|40|61|0|32|0|32|19|27|0|32|0|32|8|13
0500000US37109|37365|1204|4148|571|4501|605|4261|569|3827|569|2688|396|5433|613|3740|536|4869|660|3898|563|36343|1161|3662|498|4332|600|4173|576|3796|564|2573|357|5384|604|3740|536|4869|660|3814|562|33226|1170|3356|460|3822|572|3989|569|3527|545|2144|368|4876|545|3510|501|4491|617|3511|554|3117|493|306|167|510|227|184|144|269|131|429|178|508|253|230|208|378|204|303|145|2643|461|244|150|423|213|164|139|269|131|405|181|357|163|221|206|304|187|256|136|474|214|62|55|87|70|20|28|0|32|24|32|151|141|9|17|74|62|47|67|17|26|0|32|0|32|0|32|0|32|0|32|0|32|0|32|0|32|17|26|17|26|0|32|0|32|0|32|0|32|0|32|0|32|0|32|0|32|17|26|0|32|0|32|0|32|0|32|0|32|0|32|0|32|0|32|0|32|0|32|0|32|0|32|0|32|0|32|0|32|0|32|0|32|0|32|0|32|0|32|375|228|330|221|22|29|23|35|0|32|0|32|0|32|0|32|0|32|0|32|630|282|156|131|147|109|65|69|31|30|115|127|49|57|0|32|0|32|67|84
0500000US37111|17910|690|2201|407|2345|470|3163|419|2466|429|1484|281|2220|401|1578|330|1624|408|829|231|17529|658|2024|388|2270|453|3155|419|2438|420|1481|280|2178|394|1530|328|1624|408|829|231|15896|657|1820|372|2008|422|3042|404|2211|376|1228|262|1864|387|1480|323|1490|393|753|240|1633|290|204|110|262|135|113|87|227|141|253|138|314|122|50|83|134|128|76|57|1186|244|121|82|209|120|70|79|169|130|143|84|266|118|50|83|134|128|24|32|447|183|83|62|53|55|43|36|58|56|110|124|48|31|0|29|0|29|52|47|3|10|0|29|0|29|0|29|0|29|3|10|0|29|0|29|0|29|0|29|3|10|0|29|0|29|0|29|0|29|3|10|0|29|0|29|0|29|0|29|0|29|0|29|0|29|0|29|0|29|0|29|0|29|0|29|0|29|0|29|0|29|0|29|0|29|0|29|0|29|0|29|0|29|0|29|0|29|0|29|199|109|159|98|4|6|8|14|28|36|0|29|0|29|0|29|0|29|0|29|179|121|18|28|71|93|0|29|0|29|0|29|42|58|48|55|0|29|0|29
0500000US37113|14749|825|2512|442|3308|526|2878|586|1583|437|380|194|1327|314|766|301|1055|302|940|216|14450|863|2287|410|3308|526|2860|588|1583|437|380|194|1307|315|740|298|1055|302|930|216|13072|831|1940|383|3072|494|2674|585|1573|438|367|193|1130|287|660|301|862|258|794|206|1378|373|347|155|236|180|186|111|10|18|13|19|177|101|80|103|193|130|136|90|893|277|249|130|54|54|170|106|0|29|10|17|15|24|80|103|188|129|127|88|485|249|98|83|182|175|16|19|10|18|3|7|162|97|0|29|5|8|9|14|10|26|0|29|0|29|0|29|0|29|0|29|0|29|0|29|0|29|10|26|10|26|0|29|0|29|0|29|0|29|0|29|0|29|0|29|0|29|10|26|0|29|0|29|0|29|0|29|0|29|0|29|0|29|0|29|0|29|0|29|0|29|0|29|0|29|0|29|0|29|0|29|0|29|0|29|0|29|0|29|250|171|199|146|0|29|5|6|0|29|0|29|20|26|26|47|0|29|0|29|39|33|26|29|0|29|13|13|0|29|0|29|0|29|0|29|0|29|0|29
0500000US37115|8619|501|1211|251|687|230|956|272|1028|216|491|140|1152|258|771|247|1254|269|1069|315|8323|515|1093|255|635|223|882|269|997|218|484|139|1152|258|771|247|1254|269|1055|314|7366|503|952|228|595|216|810|253|820|180|477|138|1022|244|711|231|1156|234|823|272|957|212|141|118|40|59|72|55|177|104|7|12|130|78|60|53|98|94|232|138|858|216|136|118|40|59|72|55|150|104|7|12|109|72|44|48|98|94|202|140|99|65|5|5|0|25|0|25|27|27|0|25|21|27|16|23|0|25|30|43|14|23|0|25|0|25|0|25|0|25|0|25|0|25|0|25|0|25|14|23|14|23|0|25|0|25|0|25|0|25|0|25|0|25|0|25|0|25|14|23|0|25|0|25|0|25|0|25|0|25|0|25|0|25|0|25|0|25|0|25|0|25|0|25|0|25|0|25|0|25|0|25|0|25|0|25|0|25|0|25|222|101|118|76|48|44|25|33|31|28|0|25|0|25|0|25|0|25|0|25|60|53|0|25|4|7|49|52|0|25|7|12|0|25|0|25|0|25|0|25
0500000US37117|8747|500|1623|297|1231|258|876|242|740|197|846|242|1162|277|567|184|1045|305|657|184|8330|506|1382|290|1220|259|832|232|660|176|830|237|1156|278|567|184|1045|305|638|185|7024|499|1142|240|1108|252|741|217|585|176|507|161|1113|270|541|184|739|193|548|171|1306|361|240|124|112|75|91|71|75|45|323|183|43|40|26|26|306|253|90|78|1204|366|183|117|112|75|80|71|65|41|303|180|43|40|22|25|306|253|90|78|102|71|57|58|0|25|11|12|10|17|20|36|0|25|4|7|0|25|0|25|1|8|0|25|0|25|0|25|1|8|0|25|0|25|0|25|0|25|0|25|1|8|0|25|0|25|0|25|1|8|0|25|0|25|0|25|0|25|0|25|0|25|0|25|0|25|0|25|0|25|0|25|0|25|0|25|0|25|0|25|0|25|0|25|0|25|0|25|0|25|0|25|0|25|0|25|0|25|0|25|285|146|241|132|0|25|44|65|0|25|0|25|0|25|0|25|0|25|0|25|131|85|0|25|11|15|0|25|79|72|16|33|6|8|0|25|0|25|19|29
0500000US37119|442592|4713|40753|1631|53797|2242|71408|2435|74419|2307|43316|1944|74127|2583|35043|1851|29670|1351|20059|1322|412565|4646|34548|1495|49010|2014|67304|2485|70438|2131|41750|1883|71377|2538|33470|1793|28160|1331|16508|1293|362635|4480|29998|1353|43575|2021|59497|2372|63269|1968|37817|1677|62428|2357|28309|1509|24305|1257|13437|1178|49930|2538|4550|657|5435|868|7807|1256|7169|886|3933|675|8949|1083|5161|916|3855|616|3071|585|35418|2277|3581|648|4201|865|6160|1223|5005|692|3265|652|6299|823|2905|599|2500|533|1502|333|14512|1274|969|275|1234|372|1647|357|2164|461|668|174|2650|625|2256|569|1355|379|1569|504|10369|955|588|214|608|262|892|294|1524|356|1081|399|1473|374|883|214|1163|274|2157|429|6386|817|395|182|317|142|527|274|666|201|780|388|895|319|519|180|640|195|1647|363|3786|486|140|104|291|211|352|157|858|278|286|121|546|165|351|127|507|170|455|157|197|117|53|61|0|32|13|20|0|32|15|29|32|33|13|21|16|24|55|53|10236|963|4333|674|2218|450|1831|367|731|196|220|123|422|171|123|93|185|146|173|130|9422|1141|1284|220|1961|410|1381|315|1726|577|265|133|855|292|567|182|162|92|1221|332
0500000US37121|5999|388|1261|220|711|192|800|196|758|205|333|129|880|238|297|110|414|184|545|205|5803|374|1133|212|681|186|794|194|745|206|333|129|861|235|297|110|414|184|545|205|5107|365|954|197|610|178|720|177|664|198|331|128|645|222|283|109|399|183|501|208|696|208|179|108|71|57|74|78|81|75|2|4|216|133|14|23|15|20|44|60|552|180|147|103|13|21|69|78|79|74|2|4|194|123|0|21|15|20|33|55|144|78|32|31|58|55|5|20|2|4|0|21|22|34|14|23|0|21|11|23|18|29|0|21|8|17|0|21|0|21|0|21|10|18|0|21|0|21|0|21|18|29|0|21|8|17|0|21|0|21|0|21|10|18|0|21|0|21|0|21|0|21|0|21|0|21|0|21|0|21|0|21|0|21|0|21|0|21|0|21|0|21|0|21|0|21|0|21|0|21|0|21|0|21|0|21|0|21|0|21|107|86|92|80|0|21|2|3|13|31|0|21|0|21|0|21|0|21|0|21|71|69|36|45|22|35|4|9|0|21|0|21|9|14|0|21|0|21|0|21
0500000US37123|10205|480|1950|346|1197|229|1099|228|1284|247|628|185|1446|287|656|206|753|234|1192|270|9940|477|1789|353|1165|220|1095|227|1273|248|610|185|1435|288|656|206|725|232|1192|270|9107|489|1596|276|1035|212|1055|223|1207|252|516|185|1343|281|615|206|647|219|1093|257|833|242|193|150|130|91|40|32|66|54|94|69|92|101|41|40|78|66|99|81|550|201|55|58|125|91|35|31|39|44|79|64|49|53|27|35|66|63|75|78|283|178|138|143|5|9|5|10|27|35|15|22|43|51|14|22|12|19|24|28|0|25|0|25|0|25|0|25|0|25|0|25|0|25|0|25|0|25|0|25|0|25|0|25|0|25|0|25|0|25|0|25|0|25|0|25|0|25|0|25|0|25|0|25|0|25|0|25|0|25|0|25|0|25|0|25|0|25|0|25|0|25|0|25|0|25|0|25|0|25|0|25|0|25|0|25|0|25|0|25|143|73|122|71|10|19|0|25|11|15|0|25|0|25|0|25|0|25|0|25|122|88|39|43|22|27|4|5|0|25|18|38|11|14|0|25|28|32|0|25
0500000US37125|39802|1013|5286|668|5496|699|5744|633|4597|523|2612|485|5327|617|2961|472|4464|571|3315|536|37847|1104|4847|646|5142|628|5346|628|4484|518|2462|454|5115|601|2925|475|4365|560|3161|512|34898|1110|4419|599|4938|601|4663|606|4094|531|2336|418|4724|576|2810|465|3994|569|2920|497|2949|559|428|223|204|106|683|229|390|186|126|78|391|184|115|84|371|173|241|126|2210|501|377|202|116|74|429|199|267|146|91|71|359|181|93|80|328|167|150|92|739|225|51|55|88|78|254|121|123|115|35|32|32|24|22|28|43|33|91|84|91|76|0|32|21|31|49|63|6|11|0|32|0|32|0|32|0|32|15|24|53|63|0|32|4|11|49|63|0|32|0|32|0|32|0|32|0|32|0|32|0|32|0|32|0|32|0|32|0|32|0|32|0|32|0|32|0|32|0|32|38|42|0|32|17|25|0|32|6|11|0|32|0|32|0|32|0|32|15|24|344|191|185|124|38|34|40|53|11|20|0|32|0|32|0|32|70|117|0|32|1520|405|254|172|295|208|309|194|96|72|150|122|212|157|36|53|29|33|139|112
0500000US37127|38631|1100|4815|746|6773|655|6944|773|5718|793|2246|321|5094|670|1722|329|2866|476|2453|408|37800|1115|4459|754|6741|654|6737|766|5682|791|2231|316|5094|670|1722|329|2797|473|2337|402|34810|1189|4064|722|6398|644|6154|678|5372|759|2085|318|4620|658|1518|300|2473|452|2126|390|2990|519|395|189|343|151|583|323|310|164|146|112|474|216|204|112|324|140|211|113|2142|434|204|136|262|134|473|305|217|137|53|56|356|171|120|74|260|121|197|110|848|321|191|163|81|65|110|118|93|109|93|90|118|100|84|72|64|79|14|22|116|74|48|62|6|14|28|41|15|25|0|32|0|32|0|32|0|32|19|32|116|74|48|62|6|14|28|41|15|25|0|32|0|32|0|32|0|32|19|32|0|32|0|32|0|32|0|32|0|32|0|32|0|32|0|32|0|32|0|32|0|32|0|32|0|32|0|32|0|32|0|32|0|32|0|32|0|32|0|32|187|79|145|63|24|27|10|23|0|32|8|19|0|32|0|32|0|32|0|32|528|251|163|132|2|5|169|126|21|32|7|12|0|32|0|32|69|89|97|90
0500000US37129|97796|2260|14136|1204|17969|1346|22229|1316|17040|1152|6158|764|10595|1151|2287|399|3215|522|4167|726|93343|2191|12831|1182|17030|1252|21376|1303|16392|1140|6032|745|10491|1175|2201|391|3103|526|3887|713|85900|2107|11757|1111|15625|1348|20025|1293|15296|1086|5520|718|9706|1046|1956|360|2740|517|3275|562|7443|1029|1074|362|1405|402|1351|348|1096|343|512|208|785|331|245|152|363|224|612|390|5376|833|719|261|1279|393|1076|333|838|313|319|189|378|161|183|114|274|183|310|253|2067|454|355|168|126|102|275|127|258|126|193|111|407|301|62|84|89|116|302|236|256|155|0|32|11|24|0|32|65|80|34|50|20|24|51|80|10|15|65|86|240|154|0|32|11|24|0|32|65|80|34|50|4|7|51|80|10|15|65|86|16|25|0|32|0|32|0|32|0|32|0|32|16|25|0|32|0|32|0|32|0|32|0|32|0|32|0|32|0|32|0|32|0|32|0|32|0|32|0|32|1710|381|831|212|524|274|274|123|0|32|49|47|0|32|0|32|32|39|0|32|2487|511|474|174|404|185|579|193|583|294|43|53|84|79|35|42|70|51|215|105
0500000US37131|6163|370|818|160|894|185|869|166|567|136|496|140|850|167|518|160|502|152|649|145|5996|381|742|146|844|193|869|166|540|134|496|140|850|167|518|160|502|152|635|142|5411|364|667|132|806|180|803|150|484|124|477|140|797|161|427|128|449|143|501|141|585|150|75|40|38|43|66|63|56|46|19|21|53|43|91|97|53|55|134|62|466|148|62|35|36|43|66|63|16|18|12|18|44|34|85|97|53|55|92|48|119|64|13|12|2|8|0|21|40|45|7|10|9|15|6|11|0|21|42|38|0|21|0|21|0|21|0|21|0|21|0|21|0|21|0|21|0|21|0|21|0|21|0|21|0|21|0|21|0|21|0|21|0|21|0|21|0|21|0|21|0|21|0|21|0|21|0|21|0|21|0|21|0|21|0|21|0|21|0|21|0|21|0|21|0|21|0|21|0|21|0|21|0|21|0|21|0|21|0|21|20|17|20|17|0|21|0|21|0|21|0|21|0|21|0|21|0|21|0|21|147|82|56|47|50|48|0|21|27|30|0|21|0|21|0|21|0|21|14|14
0500000US37133|93224|1840|18584|1048|12988|1404|14732|1029|13621|1125|7042|992|11230|919|4862|638|5130|750|5035|774|83173|1867|13581|1047|11658|1323|13174|979|12681|1027|6811|1013|10849|935|4862|638|4934|733|4623|738|70281|1897|8132|770|9808|1319|12011|1056|11490|1019|6331|1021|9752|872|4626|645|4377|692|3754|646|12892|1181|5449|670|1850|317|1163|386|1191|358|480|192|1097|343|236|98|557|242|869|326|8537|983|3045|525|1070|274|996|374|950|314|416|171|869|312|180|83|382|204|629|271|4355|616|2404|446|780|227|167|105|241|165|64|73|228|151|56|54|175|117|240|152|165|128|53|84|41|56|25|34|0|32|12|21|34|44|0|32|0|32|0|32|165|128|53|84|41|56|25|34|0|32|12|21|34|44|0|32|0|32|0|32|0|32|0|32|0|32|0|32|0|32|0|32|0|32|0|32|0|32|0|32|0|32|0|32|0|32|0|32|0|32|0|32|0|32|0|32|0|32|0|32|7415|870|4655|732|947|282|995|299|547|264|74|80|141|88|0|32|42|50|14|23|2471|536|295|153|342|179|538|266|393|268|145|110|206|103|0|32|154|134|398|160
0500000US37135|53245|1232|6038|671|7897|631|9698|884|8537|623|5173|650|6828|624|3491|439|2889|373|2694|476|44713|1403|4149|499|6260|597|8309|827|7293|600|4589|580|5933|614|3283|421|2568|345|2329|427|40220|1217|3707|471|5742|563|7094|707|6651|582|4420|553|5257|593|3032|375|2389|328|1928|345|4493|678|442|204|518|182|1215|472|642|255|169|123|676|218|251|132|179|90|401|176|2875|476|347|166|316|149|597|178|534|255|67|57|469|183|159|106|113|72|273|150|1618|599|95|75|202|125|618|457|108|64|102|102|207|123|92|82|66|63|128|114|3058|431|79|45|291|119|366|146|724|212|348|155|659|202|138|78|207|96|246|161|3001|421|76|46|291|119|366|146|701|210|348|155|651|202|138|78|201|96|229|157|53|59|3|7|0|32|0|32|23|53|0|32|8|19|0|32|6|14|13|21|4|8|0|32|0|32|0|32|0|32|0|32|0|32|0|32|0|32|4|8|3203|481|1390|324|694|193|455|150|261|123|166|117|135|118|61|50|32|37|9|15|2271|468|420|184|652|222|568|271|259|114|70|51|101|70|9|11|82|99|110|73
0500000US37137|3839|257|588|134|545|145|691|163|524|188|167|66|331|120|392|129|297|98|304|93|3652|273|488|117|538|145|671|165|524|188|167|66|319|118|392|129|269|90|284|95|3484|282|464|116|530|144|659|162|502|189|167|66|289|115|391|129|253|89|229|75|168|70|24|18|8|8|12|17|22|20|0|21|30|28|1|2|16|13|55|47|148|68|12|13|8|8|12|17|22|20|0|21|30|28|1|2|16|13|47|47|20|16|12|13|0|21|0|21|0|21|0|21|0|21|0|21|0|21|8|11|46|39|0|21|4|5|0|21|0|21|0|21|0|21|0|21|24|34|18|17|0|21|0|21|0|21|0|21|0|21|0|21|0|21|0|21|0|21|0|21|0|21|0|21|0|21|0|21|0|21|0|21|0|21|0|21|0|21|0|21|46|39|0|21|4|5|0|21|0|21|0|21|0|21|0|21|24|34|18|17|27|24|26|24|0|21|1|3|0|21|0|21|0|21|0|21|0|21|0|21|114|58|74|53|3|5|19|11|0|21|0|21|12|14|0|21|4|6|2|3
0500000US37139|16408|709|2666|457|2939|618|2913|506|1349|276|570|164|1214|287|807|295|1471|340|2479|436|15522|765|2359|436|2766|607|2642|496|1349|276|570|164|1110|254|807|295|1471|340|2448|439|13249|769|2078|430|2515|601|2243|440|1201|245|341|107|1014|259|507|230|1313|316|2037|368|2273|468|281|127|251|137|399|244|148|109|229|148|96|92|300|201|158|112|411|202|1718|449|161|94|232|136|351|231|56|85|229|148|96|92|239|194|128|101|226|126|555|213|120|82|19|28|48|53|92|87|0|29|0|29|61|52|30|36|185|170|0|29|0|29|0|29|0|29|0|29|0|29|0|29|0|29|0|29|0|29|0|29|0|29|0|29|0|29|0|29|0|29|0|29|0|29|0|29|0|29|0|29|0|29|0|29|0|29|0|29|0|29|0|29|0|29|0|29|0|29|0|29|0|29|0|29|0|29|0|29|0|29|0|29|0|29|0|29|0|29|523|273|267|212|80|59|176|154|0|29|0|29|0|29|0|29|0|29|0|29|363|167|40|34|93|62|95|118|0|29|0|29|104|93|0|29|0|29|31|28
0500000US37141|26305|862|2445|372|2056|334|3360|587|2816|555|2179|387|3857|449|4325|674|3468|506|1799|354|25942|853|2272|352|2007|330|3360|587|2805|556|2179|387|3852|450|4291|676|3459|502|1717|342|22517|835|1923|322|1666|315|2842|480|2363|490|1997|361|3426|391|3763|605|3235|505|1302|303|3425|459|349|125|341|172|518|296|442|233|182|82|426|170|528|310|224|166|415|168|2531|469|236|117|201|139|424|272|378|228|102|78|214|123|465|310|178|153|333|162|894|301|113|84|140|109|94|77|64|63|80|62|212|129|63|67|46|55|82|72|43|46|0|32|0|32|0|32|0|32|0|32|2|7|30|45|0|32|11|16|43|46|0|32|0|32|0|32|0|32|0|32|2|7|30|45|0|32|11|16|0|32|0|32|0|32|0|32|0|32|0|32|0|32|0|32|0|32|0|32|0|32|0|32|0|32|0|32|0|32|0|32|0|32|0|32|0|32|0|32|200|109|165|114|30|51|0|32|5|7|0|32|0|32|0|32|0|32|0|32|120|86|8|13|19|20|0|32|6|11|0|32|3|5|4|13|9|20|71|77
0500000US37143|5055|388|653|194|421|145|948|256|313|103|365|125|716|194|159|84|513|161|967|179|4918|400|622|194|383|137|934|256|307|103|365|125|716|194|159|84|494|164|938|186|4460|396|468|175|358|133|884|258|284|102|344|120|660|191|139|78|447|158|876|182|458|146|154|78|25|30|50|42|23|31|21|32|56|57|20|38|47|43|62|45|311|116|61|33|25|30|29|35|23|31|21|32|56|57|0|21|47|43|49|41|147|73|93|56|0|21|21|26|0|21|0|21|0|21|20|38|0|21|13|14|16|25|0|21|0|21|0|21|6|10|0|21|0|21|0|21|10|15|0|21|16|25|0|21|0|21|0|21|6|10|0|21|0|21|0|21|10|15|0|21|0|21|0|21|0|21|0|21|0|21|0|21|0|21|0|21|0|21|0|21|0|21|0|21|0|21|0|21|0|21|0|21|0|21|0|21|0|21|0|21|8|10|8|10|0|21|0|21|0|21|0|21|0|21|0|21|0|21|0|21|113|74|23|26|38|52|14|20|0|21|0|21|0|21|0|21|9|15|29|45
0500000US37145|15948|954|2204|442|1667|443|2020|548|1156|301|1107|339|1756|351|1604|466|2460|481|1974|391|15238|996|1904|409|1602|429|1991|558|986|288|1107|339|1724|355|1604|466|2459|481|1861|380|13980|1019|1704|379|1407|395|1985|557|933|293|993|321|1590|352|1446|457|2218|488|1704|372|1258|322|200|150|195|176|6|11|53|43|114|140|134|91|158|95|241|153|157|89|1066|292|168|145|155|160|6|11|53|43|114|140|91|81|158|95|186|151|135|85|192|126|32|47|40|63|0|29|0|29|0|29|43|41|0|29|55|90|22|26|48|124|0|29|47|124|0|29|0|29|0|29|0|29|0|29|1|2|0|29|48|124|0|29|47|124|0|29|0|29|0|29|0|29|0|29|1|2|0|29|0|29|0|29|0|29|0|29|0|29|0|29|0|29|0|29|0|29|0|29|0|29|0|29|0|29|0|29|0|29|0|29|0|29|0|29|0|29|0|29|198|166|179|162|18|26|1|2|0|29|0|29|0|29|0|29|0|29|0|29|464|270|121|118|0|29|28|59|170|135|0|29|32|29|0|29|0|29|113|104
0500000US37147|72719|1946|12275|1005|14457|1058|15447|1271|10094|919|3316|501|6296|796|2991|463|3711|599|4132|577|69313|2049|10867|973|13600|1012|15132|1275|9868|919|3292|505|6130|794|2968|459|3497|582|3959|593|62229|1936|9455|878|12048|950|13792|1264|9098|839|2974|483|5420|733|2812|458|3148|542|3482|534|7084|916|1412|494|1552|371|1340|402|770|275|318|174|710|303|156|134|349|210|477|242|5673|868|1018|399|1310|345|1128|374|586|248|182|146|542|245|135|129|334|208|438|241|1411|431|394|300|242|140|212|104|184|96|136|100|168|134|21|35|15|24|39|38|524|227|18|30|43|41|32|34|83|102|0|32|149|126|0|32|162|148|37|38|403|190|18|30|43|41|32|34|83|102|0|32|149|126|0|32|41|70|37|38|121|135|0|32|0|32|0|32|0|32|0|32|0|32|0|32|121|135|0|32|0|32|0|32|0|32|0|32|0|32|0|32|0|32|0|32|0|32|0|32|1931|588|1080|482|445|254|168|118|98|94|0|32|0|32|23|26|0|32|117|157|951|325|310|267|369|176|115|64|45|33|24|33|17|33|0|32|52|55|19|21
0500000US37149|7267|454|960|235|888|204|805|171|719|160|633|198|1125|201|631|149|973|207|533|170|7081|473|859|231|823|206|805|171|715|161|633|198|1125|201|631|149|973|207|517|163|6080|443|784|226|643|187|657|154|662|145|495|178|987|194|560|142|887|192|405|151|1001|259|75|52|180|109|148|79|53|45|138|84|138|94|71|71|86|67|112|81|775|201|67|46|132|106|148|79|46|40|124|86|66|51|48|44|86|67|58|47|226|156|8|10|48|27|0|21|7|13|14|15|72|77|23|34|0|21|54|74|0|21|0|21|0|21|0|21|0|21|0|21|0|21|0|21|0|21|0|21|0|21|0|21|0|21|0|21|0|21|0|21|0|21|0|21|0|21|0|21|0|21|0|21|0|21|0|21|0|21|0|21|0|21|0|21|0|21|0|21|0|21|0|21|0|21|0|21|0|21|0|21|0|21|0|21|0|21|0|21|158|81|81|43|59|65|0|21|4|6|0|21|0|21|0|21|0|21|14|16|28|25|20|23|6|5|0|21|0|21|0|21|0|21|0|21|0|21|2|4
0500000US37151|62849|1445|8176|905|8599|876|10356|949|9334|906|4395|587|8385|870|5682|750|4082|631|3840|488|62010|1499|7941|915|8595|877|10343|952|9215|908|4395|587|8257|867|5682|750|3954|599|3628|469|55424|1462|7327|880|7648|815|9346|857|8108|857|3892|486|7538|804|5199|706|3410|557|2956|469|6586|795|614|222|947|310|997|340|1107|388|503|338|719|275|483|197|544|250|672|191|4962|630|434|203|658|234|721|301|933|367|176|106|650|267|410|185|487|253|493|151|1624|561|180|117|289|199|276|189|174|128|327|309|69|59|73|77|57|68|179|119|8|11|3|7|0|32|0|32|0|32|0|32|0|32|0|32|0|32|5|8|2|5|0|32|0|32|0|32|0|32|0|32|0|32|0|32|0|32|2|5|3|7|3|7|0|32|0|32|0|32|0|32|0|32|0|32|0|32|0|32|3|6|0|32|0|32|0|32|0|32|0|32|0|32|0|32|0|32|3|6|216|125|169|94|1|4|0|32|0|32|0|32|0|32|0|32|0|32|46|71|615|210|63|61|3|10|13|19|119|76|0|32|128|99|0|32|128|167|161|85
0500000US37153|16537|934|2894|483|2604|535|2911|597|1752|343|963|304|2176|483|1075|251|1007|304|1155|301|16314|925|2742|484|2593|534|2911|597|1729|345|963|304|2159|470|1068|251|994|302|1155|301|14666|870|2405|433|2235|507|2668|580|1535|321|884|301|1968|380|1038|251|943|297|990|248|1648|443|337|229|358|185|243|164|194|136|79|76|191|260|30|33|51|51|165|131|1297|366|234|194|215|131|243|164|194|136|79|76|191|260|20|25|31|43|90|90|351|197|103|93|143|141|0|29|0|29|0|29|0|29|10|20|20|32|75|101|0|29|0|29|0|29|0|29|0|29|0|29|0|29|0|29|0|29|0|29|0|29|0|29|0|29|0|29|0|29|0|29|0|29|0|29|0|29|0|29|0|29|0|29|0|29|0|29|0|29|0|29|0|29|0|29|0|29|0|29|0|29|0|29|0|29|0|29|0|29|0|29|0|29|0|29|0|29|0|29|157|118|143|115|11|19|0|29|0|29|0|29|0|29|0|29|3|4|0|29|66|46|9|17|0|29|0|29|23|29|0|29|17|30|7|10|10|20|0|29
0500000US37155|40667|916|5638|488|6088|488|6494|509|5916|475|2429|318|5267|417|2575|356|2961|291|3299|366|39339|965|5087|484|5927|482|6350|518|5789|476|2408|314|5183|425|2521|359|2952|292|3122|340|36204|887|4876|466|5363|428|5942|492|5347|466|2306|311|4772|395|2283|346|2690|277|2625|326|3135|354|211|82|564|165|408|124|442|126|102|52|411|117|238|82|262|111|497|130|2255|340|168|82|490|159|327|114|330|92|93|53|296|90|164|70|200|91|187|72|880|178|43|35|74|43|81|55|112|69|9|10|115|70|74|52|62|57|310|122|138|64|20|30|13|15|30|35|15|16|5|8|17|25|17|23|0|32|21|29|131|61|20|30|13|15|23|31|15|16|5|8|17|25|17|23|0|32|21|29|7|15|0|32|0|32|7|15|0|32|0|32|0|32|0|32|0|32|0|32|0|32|0|32|0|32|0|32|0|32|0|32|0|32|0|32|0|32|0|32|519|161|400|119|90|76|0|32|25|34|0|32|4|7|0|32|0|32|0|32|671|148|131|61|58|46|114|74|87|49|16|18|63|43|37|41|9|11|156|83
0500000US37157|36844|1162|5900|809|4669|540|3740|535|4074|605|3079|584|5124|682|3864|595|3575|476|2819|436|35366|1235|5222|783|4581|531|3480|502|3878|580|3052|584|5041|690|3782|586|3548|474|2782|431|31754|1197|4856|789|4229|512|3175|491|3655|576|2904|573|4239|587|3209|503|2964|419|2523|415|3612|660|366|159|352|171|305|140|223|93|148|177|802|365|573|266|584|222|259|130|2777|546|329|157|289|136|198|105|192|86|143|177|437|241|430|256|565|222|194|94|835|341|37|29|63|90|107|92|31|35|5|8|365|271|143|112|19|31|65|60|7|10|0|32|5|10|0|32|0|32|0|32|0|32|0|32|2|4|0|32|7|10|0|32|5|10|0|32|0|32|0|32|0|32|0|32|2|4|0|32|0|32|0|32|0|32|0|32|0|32|0|32|0|32|0|32|0|32|0|32|0|32|0|32|0|32|0|32|0|32|0|32|0|32|0|32|0|32|0|32|660|203|341|145|34|34|152|125|16|27|27|38|8|13|82|124|0|32|0|32|811|271|337|155|49|63|108|96|180|138|0|32|75|78|0|32|25|28|37|53
0500000US37159|61168|1714|7664|845|7793|772|10652|934|8294|735|4955|713|7449|708|4171|531|5817|744|4373|646|58889|1761|7072|828|7393|751|10434|953|7924|719|4948|715|7129|701|4167|531|5796|738|4026|603|52076|1868|6018|756|6556|710|9270|950|7215|730|4333|715|6678|685|3783|482|4735|674|3488|563|6813|1031|1054|310|837|328|1164|368|709|242|615|242|451|219|384|228|1061|366|538|208|5033|856|820|249|571|302|811|315|588|249|435|224|396|209|174|110|980|348|258|158|1780|555|234|175|266|144|353|180|121|95|180|107|55|46|210|163|81|77|280|151|402|278|0|32|0|32|29|40|21|31|0|32|200|174|0|32|0|32|152|136|234|170|0|32|0|32|29|40|21|31|0|32|115|139|0|32|0|32|69|79|168|205|0|32|0|32|0|32|0|32|0|32|85|104|0|32|0|32|83|101|0|32|0|32|0|32|0|32|0|32|0|32|0|32|0|32|0|32|0|32|630|238|373|175|113|81|114|103|0|32|0|32|15|22|0|32|0|32|15|38|1247|332|219|153|287|215|75|64|349|211|7|19|105|91|4|9|21|23|180|157
0500000US37161|24371|1071|3867|468|3141|464|3775|535|3258|457|1506|312|2657|391|1756|327|2247|390|2164|410|23612|1093|3454|459|3055|478|3714|532|3237|459|1506|312|2578|388|1741|321|2222|392|2105|418|21249|1127|3192|453|2866|466|3283|524|2972|452|1493|315|2085|355|1492|259|1958|357|1908|385|2363|525|262|149|189|77|431|164|265|177|13|20|493|286|249|149|264|172|197|120|1920|425|196|117|182|69|399|155|188|134|13|20|452|286|230|146|160|110|100|66|443|201|66|72|7|13|32|31|77|77|0|32|41|28|19|19|104|109|97|97|22|30|2|6|0|32|19|29|0|32|0|32|0|32|0|32|0|32|1|4|20|30|0|32|0|32|19|29|0|32|0|32|0|32|0|32|0|32|1|4|2|6|2|6|0|32|0|32|0|32|0|32|0|32|0|32|0|32|0|32|0|32|0|32|0|32|0|32|0|32|0|32|0|32|0|32|0|32|0|32|382|204|258|136|63|82|0|32|0|32|0|32|61|89|0|32|0|32|0|32|355|151|153|98|23|26|42|42|21|24|0|32|18|21|15|26|25|32|58|62
0500000US37163|22776|839|3688|606|2867|487|3223|497|2578|388|1334|307|3128|364|1509|333|2396|449|2053|335|22186|844|3485|580|2861|488|3111|501|2543|384|1325|307|3090|361|1509|333|2382|447|1880|345|19754|858|2912|518|2577|458|2710|467|2386|377|1269|309|2840|342|1376|326|2019|416|1665|338|2432|520|573|221|284|113|401|218|157|88|56|39|250|132|133|69|363|163|215|143|1154|334|116|70|172|99|226|137|64|52|48|37|45|42|60|43|242|159|181|114|1278|346|457|211|112|63|175|203|93|73|8|13|205|125|73|52|121|82|34|44|210|117|23|37|0|32|59|86|0|32|9|20|11|20|0|32|1|3|107|71|113|97|0|32|0|32|59|86|0|32|9|20|11|20|0|32|1|3|33|45|0|32|0|32|0|32|0|32|0|32|0|32|0|32|0|32|0|32|0|32|97|65|23|37|0|32|0|32|0|32|0|32|0|32|0|32|0|32|74|54|147|94|121|89|0|32|0|32|15|22|0|32|2|4|0|32|6|9|3|8|233|100|59|39|6|9|53|48|20|28|0|32|25|24|0|32|7|15|63|65
0500000US37165|11451|445|2100|295|1908|229|1948|272|1480|249|662|154|957|188|885|197|746|151|765|165|11160|441|1989|291|1890|234|1947|272|1362|241|662|154|951|185|884|197|746|151|729|169|10048|451|1833|278|1715|221|1691|244|1199|209|628|155|879|174|782|181|655|139|666|156|1112|248|156|95|175|78|256|120|163|101|34|31|72|46|102|84|91|77|63|43|1052|249|156|95|173|78|255|120|152|99|29|31|59|42|102|84|91|77|35|33|60|37|0|29|2|3|1|3|11|16|5|7|13|21|0|29|0|29|28|26|19|22|0|29|0|29|1|4|0|29|0|29|6|16|0|29|0|29|12|16|9|18|0|29|0|29|1|4|0|29|0|29|6|16|0|29|0|29|2|2|0|29|0|29|0|29|0|29|0|29|0|29|0|29|0|29|0|29|0|29|10|15|0|29|0|29|0|29|0|29|0|29|0|29|0|29|0|29|10|15|101|52|72|45|18|20|0|29|11|18|0|29|0|29|0|29|0|29|0|29|171|76|39|38|0|29|0|29|107|66|0|29|0|29|1|2|0|29|24|26
0500000US37167|25819|822|4080|465|4106|507|2508|417|3011|369|1345|273|2403|364|2178|401|3138|441|3050|410|25390|812|3816|451|4017|490|2508|417|3008|368|1345|273|2383|361|2172|401|3123|440|3018|409|22402|798|3106|415|3750|488|2215|395|2800|328|1280|259|2140|324|1915|386|2607|390|2589|398|2988|416|710|217|267|96|293|113|208|105|65|54|243|137|257|113|516|184|429|255|2224|351|557|168|222|99|239|103|169|104|42|42|181|120|223|108|430|171|161|94|764|306|153|157|45|35|54|40|39|34|23|33|62|64|34|38|86|111|268|244|62|61|24|36|27|43|0|32|0|32|0|32|0|32|0|32|0|32|11|18|38|47|0|32|27|43|0|32|0|32|0|32|0|32|0|32|0|32|11|18|0|32|0|32|0|32|0|32|0|32|0|32|0|32|0|32|0|32|0|32|24|36|24|36|0|32|0|32|0|32|0|32|0|32|0|32|0|32|0|32|183|71|158|66|11|18|0|32|0|32|0|32|2|4|0|32|12|20|0|32|184|105|82|81|51|68|0|32|3|7|0|32|18|17|6|10|3|5|21|24
0500000US37169|18147|780|2114|403|1587|344|1717|380|1947|319|1384|339|3136|577|1802|347|2830|462|1630|395|17844|824|2016|394|1572|346|1631|376|1947|319|1357|347|3087|576|1786|346|2830|462|1618|393|16393|819|1673|388|1493|348|1468|371|1767|293|1233|327|2952|552|1682|319|2747|465|1378|358|1451|359|343|174|79|53|163|100|180|95|124|116|135|98|104|79|83|70|240|192|1233|350|334|170|59|52|106|97|164|86|124|116|98|88|96|74|44|63|208|187|218|108|9|13|20|25|57|48|16|28|0|29|37|58|8|36|39|33|32|53|0|29|0|29|0|29|0|29|0|29|0|29|0|29|0|29|0|29|0|29|0|29|0|29|0|29|0|29|0|29|0|29|0|29|0|29|0|29|0|29|0|29|0|29|0|29|0|29|0|29|0|29|0|29|0|29|0|29|0|29|0|29|0|29|0|29|0|29|0|29|0|29|0|29|0|29|0|29|0|29|116|84|81|71|9|18|0|29|0|29|26|44|0|29|0|29|0|29|0|29|187|93|17|29|6|11|86|67|0|29|1|2|49|57|16|25|0|29|12|17
0500000US37171|29145|924|4779|567|4796|636|5110|548|3840|423|1756|320|2570|369|1814|315|2376|355|2104|359|28724|901|4545|534|4737|615|5072|539|3830|422|1747|316|2545|364|1814|315|2363|357|2071|358|24413|816|3573|459|4065|437|4429|523|3282|394|1662|316|2217|334|1384|223|2043|328|1758|321|4311|565|972|273|672|275|643|210|548|198|85|51|328|129|430|200|320|154|313|161|3397|506|807|265|470|251|550|204|512|196|78|47|271|117|296|156|262|131|151|91|914|227|165|95|202|108|93|56|36|24|7|12|57|45|134|95|58|58|162|110|37|36|0|32|0|32|15|23|0|32|9|20|0|32|0|32|13|20|0|32|37|36|0|32|0|32|15|23|0|32|9|20|0|32|0|32|13|20|0|32|0|32|0|32|0|32|0|32|0|32|0|32|0|32|0|32|0|32|0|32|0|32|0|32|0|32|0|32|0|32|0|32|0|32|0|32|0|32|0|32|184|129|137|120|42|53|0|32|5|10|0|32|0|32|0|32|0|32|0|32|200|87|97|67|17|18|23|22|5|6|0|32|25|28|0|32|0|32|33|25
0500000US37173|5553|374|994|259|1171|228|954|285|942|258|138|72|817|286|119|77|175|75|243|138|5336|365|885|238|1154|228|926|277|942|258|137|72|794|288|119|77|145|75|234|135|4749|351|789|236|1081|208|788|253|877|247|137|72|630|259|119|77|133|71|195|114|587|185|96|80|73|80|138|91|65|58|0|21|164|116|0|21|12|22|39|55|516|174|46|52|69|78|138|91|48|49|0|21|164|116|0|21|12|22|39|55|71|63|50|59|4|9|0|21|17|30|0|21|0|21|0|21|0|21|0|21|1|2|0|21|0|21|0|21|0|21|1|2|0|21|0|21|0|21|0|21|1|2|0|21|0|21|0|21|0|21|1|2|0|21|0|21|0|21|0|21|0|21|0|21|0|21|0|21|0|21|0|21|0|21|0|21|0|21|0|21|0|21|0|21|0|21|0|21|0|21|0|21|0|21|0|21|0|21|0|21|94|71|66|61|0|21|28|35|0|21|0|21|0|21|0|21|0|21|0|21|122|92|43|71|17|14|0|21|0|21|0|21|23|37|0|21|30|41|9|16
0500000US37175|11563|622|2199|374|2233|465|1654|390|1460|313|636|250|1451|313|611|197|720|193|599|194|11172|603|2014|354|2097|440|1643|394|1428|309|636|250|1439|314|603|199|720|193|592|192|9719|599|1714|313|1896|433|1323|322|1265|299|507|244|1263|283|559|194|712|192|480|169|1453|298|300|125|201|115|320|170|163|94|129|92|176|108|44|42|8|13|112|76|1244|280|279|120|184|107|206|119|138|91|120|91|166|109|39|39|0|29|112|76|209|140|21|31|17|28|114|124|25|39|9|14|10|17|5|11|8|13|0|29|8|15|0|29|0|29|0|29|0|29|0|29|0|29|8|15|0|29|0|29|0|29|0|29|0|29|0|29|0|29|0|29|0|29|0|29|0|29|0|29|0|29|0|29|0|29|0|29|0|29|0|29|0|29|0|29|0|29|0|29|8|15|0|29|0|29|0|29|0|29|0|29|0|29|8|15|0|29|0|29|267|131|163|91|71|99|11|19|17|24|0|29|5|8|0|29|0|29|0|29|116|74|22|25|65|67|0|29|15|26|0|29|7|11|0|29|0|29|7|11
0500000US37177|1091|210|185|114|100|61|206|137|26|33|0|14|32|37|37|38|216|144|289|125|1086|210|180|114|100|61|206|137|26|33|0|14|32|37|37|38|216|144|289|125|783|199|180|114|80|62|195|136|9|15|0|14|32|37|37|38|79|56|171|89|303|160|0|14|20|36|11|21|17|29|0|14|0|14|0|14|137|141|118|90|191|147|0|14|0|14|11|21|17|29|0|14|0|14|0|14|96|128|67|68|112|70|0|14|20|36|0|14|0|14|0|14|0|14|0|14|41|47|51|42|0|14|0|14|0|14|0|14|0|14|0|14|0|14|0|14|0|14|0|14|0|14|0|14|0|14|0|14|0|14|0|14|0|14|0|14|0|14|0|14|0|14|0|14|0|14|0|14|0|14|0|14|0|14|0|14|0|14|0|14|0|14|0|14|0|14|0|14|0|14|0|14|0|14|0|14|0|14|0|14|5|9|5|9|0|14|0|14|0|14|0|14|0|14|0|14|0|14|0|14|0|14|0|14|0|14|0|14|0|14|0|14|0|14|0|14|0|14|0|14
0500000US37179|100584|1890|8226|856|10178|717|14265|1091|11362|894|8266|908|15424|1006|10827|763|12782|983|9254|849|98121|1903|7144|792|9874|708|14086|1112|11306|880|8123|908|15159|999|10819|762|12655|962|8955|821|86998|1820|6260|745|8528|588|12163|1045|10338|874|7305|774|13310|945|10073|759|11725|965|7296|702|11123|1276|884|260|1346|391|1923|508|968|238|818|524|1849|384|746|290|930|258|1659|483|8455|1075|866|264|982|346|1536|400|723|201|633|493|1201|276|434|165|568|197|1512|477|2668|563|18|31|364|172|387|318|245|112|185|134|648|266|312|223|362|158|147|61|197|97|0|32|20|33|0|32|0|32|15|22|11|22|8|16|19|27|124|69|124|87|0|32|20|33|0|32|0|32|0|32|11|22|8|16|12|25|73|61|73|50|0|32|0|32|0|32|0|32|15|22|0|32|0|32|7|11|51|43|0|32|0|32|0|32|0|32|0|32|0|32|0|32|0|32|0|32|0|32|925|234|752|219|42|31|64|55|0|32|0|32|26|32|0|32|0|32|41|61|1341|331|330|151|242|113|115|119|56|49|128|84|228|128|0|32|108|80|134|75
0500000US37181|15814|713|2548|387|3095|429|2152|409|1405|354|1545|488|1375|327|726|271|1103|309|1865|355|15446|687|2297|363|3076|433|2152|409|1389|354|1508|489|1375|327|726|271|1103|309|1820|358|13498|688|2080|352|2521|402|1897|417|1211|352|1494|491|1159|305|543|230|1083|299|1510|349|1948|366|217|154|555|209|255|141|178|117|14|19|216|144|183|165|20|32|310|149|1466|291|120|99|414|178|227|134|146|94|14|19|146|127|172|164|20|32|207|126|482|189|97|100|141|93|28|39|32|65|0|29|70|64|11|18|0|29|103|83|14|32|0|29|0|29|0|29|0|29|14|32|0|29|0|29|0|29|0|29|14|32|0|29|0|29|0|29|0|29|14|32|0|29|0|29|0|29|0|29|0|29|0|29|0|29|0|29|0|29|0|29|0|29|0|29|0|29|0|29|0|29|0|29|0|29|0|29|0|29|0|29|0|29|0|29|0|29|0|29|231|177|212|165|19|33|0|29|0|29|0|29|0|29|0|29|0|29|0|29|123|92|39|60|0|29|0|29|16|25|23|32|0|29|0|29|0|29|45|48
0500000US37183|439202|4836|41695|2127|53161|2205|73595|2666|70753|2394|42197|2206|69239|2826|35684|1861|31833|1934|21045|1610|416743|4632|35952|2014|49801|2068|70021|2574|68163|2286|40864|2121|67268|2799|35113|1845|30557|1872|19004|1452|380153|4329|31760|1704|45213|1920|64034|2303|61840|2195|38532|2076|61293|2431|32915|1822|27932|1801|16634|1268|36590|2672|4192|998|4588|710|5987|852|6323|996|2332|415|5975|1087|2198|481|2625|596|2370|706|28263|2249|3380|921|3366|584|4978|708|4871|795|1788|341|4657|1043|1559|351|1840|529|1824|657|8327|1030|812|395|1222|380|1009|370|1452|575|544|265|1318|351|639|237|785|323|546|236|4074|662|157|156|335|136|414|137|427|157|389|220|632|243|287|170|500|227|933|444|4018|658|157|156|335|136|400|137|420|158|368|217|632|243|278|169|500|227|928|443|0|32|0|32|0|32|0|32|0|32|0|32|0|32|0|32|0|32|0|32|56|43|0|32|0|32|14|21|7|12|21|30|0|32|9|14|0|32|5|9|7550|899|3687|694|1174|307|783|275|738|263|291|191|529|322|71|72|32|32|245|166|10835|1051|1899|430|1851|400|2377|489|1425|363|653|290|810|248|213|132|744|258|863|210
0500000US37185|6290|388|894|239|734|183|558|182|824|225|539|172|920|213|482|199|684|165|655|166|6056|379|809|224|727|182|546|179|782|213|534|173|868|200|482|199|684|165|624|164|5293|383|779|218|603|165|410|139|574|193|534|173|769|178|443|199|624|164|557|145|763|218|30|34|124|71|136|95|208|119|0|21|99|66|39|41|60|38|67|57|602|200|30|34|124|71|103|94|151|107|0|21|85|64|39|41|40|28|30|40|161|88|0|21|0|21|33|33|57|51|0|21|14|16|0|21|20|27|37|41|36|38|6|10|0|21|0|21|0|21|0|21|30|34|0|21|0|21|0|21|30|34|0|21|0|21|0|21|0|21|0|21|30|34|0|21|0|21|0|21|0|21|0|21|0|21|0|21|0|21|0|21|0|21|0|21|0|21|0|21|6|10|6|10|0|21|0|21|0|21|0|21|0|21|0|21|0|21|0|21|76|51|59|47|0|21|4|6|0|21|0|21|0|21|0|21|0|21|13|21|122|66|20|22|7|11|8|17|42|53|5|9|22|20|0|21|0|21|18|26
0500000US37187|3265|419|657|209|574|204|337|112|190|95|168|90|353|162|137|95|224|117|625|196|3203|417|639|208|574|204|320|114|170|90|168|90|353|162|134|94|220|115|625|196|2843|405|574|188|454|192|282|110|130|67|168|90|353|162|123|91|157|91|602|199|360|156|65|72|120|106|38|43|40|54|0|21|0|21|11|17|63|69|23|21|337|155|65|72|116|105|38|43|33|53|0|21|0|21|11|17|63|69|11|17|23|17|0|21|4|7|0|21|7|11|0|21|0|21|0|21|0|21|12|12|0|21|0|21|0|21|0|21|0|21|0|21|0|21|0|21|0|21|0|21|0|21|0|21|0|21|0|21|0|21|0|21|0|21|0|21|0|21|0|21|0|21|0|21|0|21|0|21|0|21|0|21|0|21|0|21|0|21|0|21|0|21|0|21|0|21|0|21|0|21|0|21|0|21|0|21|0|21|0|21|19|31|2|3|0|21|17|31|0|21|0|21|0|21|0|21|0|21|0|21|43|60|16|23|0|21|0|21|20|50|0|21|0|21|3|7|4|7|0|21
0500000US37189|22982|898|4370|665|4813|720|4225|542|3203|517|1176|232|2334|484|814|261|993|335|1054|257|21145|901|3691|645|4280|680|3941|517|3104|512|1133|215|2308|484|744|243|993|335|951|257|18603|930|3488|612|3676|627|3500|474|2709|461|1049|202|1784|415|609|244|898|322|890|253|2542|508|203|115|604|261|441|177|395|219|84|53|524|247|135|113|95|84|61|72|2198|476|138|105|563|257|353|146|359|210|75|50|432|201|135|113|82|82|61|72|344|147|65|48|41|42|88|81|36|40|9|17|92|112|0|32|13|17|0|32|443|248|14|22|109|132|175|145|19|31|43|59|0|32|34|59|0|32|49|75|398|240|14|22|109|132|175|145|19|31|43|59|0|32|34|59|0|32|4|12|0|32|0|32|0|32|0|32|0|32|0|32|0|32|0|32|0|32|0|32|45|74|0|32|0|32|0|32|0|32|0|32|0|32|0|32|0|32|45|74|1222|350|602|243|421|198|106|85|31|46|0|32|26|37|36|53|0|32|0|32|172|115|63|65|3|6|3|3|49|62|0|32|0|32|0|32|0|32|54|64
0500000US37191|50506|1332|7933|811|8645|898|9925|880|7164|862|3450|515|4725|679|2648|475|2646|439|3370|505|49433|1376|7532|807|8532|908|9691|855|7136|858|3430|516|4662|680|2648|475|2577|436|3225|501|43405|1379|6603|694|7233|777|8831|869|6371|817|3204|466|3805|537|2408|438|2467|427|2483|396|6028|769|929|300|1299|450|860|243|765|253|226|134|857|384|240|153|110|75|742|258|4300|662|788|298|1197|446|687|238|458|174|117|72|639|349|67|42|77|66|270|153|1728|445|141|79|102|101|173|101|307|179|109|106|218|140|173|146|33|35|472|218|161|96|3|6|48|53|52|46|0|32|0|32|0|32|0|32|1|2|57|60|161|96|3|6|48|53|52|46|0|32|0|32|0|32|0|32|1|2|57|60|0|32|0|32|0|32|0|32|0|32|0|32|0|32|0|32|0|32|0|32|0|32|0|32|0|32|0|32|0|32|0|32|0|32|0|32|0|32|0|32|378|136|265|122|36|33|29|40|22|34|4|6|0|32|0|32|0|32|22|37|534|182|133|88|29|27|153|106|6|10|16|27|63|50|0|32|68|92|66|52
0500000US37193|25736|946|3901|617|3340|546|4645|616|3851|584|1682|373|2963|502|1339|301|1542|305|2473|434|25295|955|3662|575|3267|542|4596|626|3844|584|1682|373|2963|502|1313|298|1542|305|2426|428|22415|906|3373|548|3096|530|4076|589|3477|535|1286|313|2521|482|1276|296|1262|269|2048|418|2880|721|289|143|171|119|520|307|367|238|396|225|442|243|37|35|280|210|378|124|2223|664|202|116|137|109|507|307|328|228|222|169|357|194|37|35|167|202|266|106|657|271|87|79|34|38|13|20|39|40|174|149|85|97|0|32|113|89|112|72|50|53|7|14|7|11|36|50|0|32|0|32|0|32|0|32|0|32|0|32|43|50|0|32|7|11|36|50|0|32|0|32|0|32|0|32|0|32|0|32|7|14|7|14|0|32|0|32|0|32|0|32|0|32|0|32|0|32|0|32|0|32|0|32|0|32|0|32|0|32|0|32|0|32|0|32|0|32|0|32|291|158|193|149|47|36|13|20|7|14|0|32|0|32|0|32|0|32|31|36|100|68|39|48|19|34|0|32|0|32|0|32|0|32|26|25|0|32|16|21
0500000US37195|31458|984|5669|661|6045|641|4639|504|3622|488|2042|407|3324|543|2042|458|2008|356|2067|380|30477|949|5114|596|5978|641|4545|495|3602|487|2021|404|3260|530|2027|451|1874|369|2056|379|27107|1084|4524|588|5375|652|4048|502|3018|451|1807|377|2952|506|1756|433|1681|328|1946|369|3370|542|590|210|603|205|497|172|584|255|214|182|308|163|271|170|193|178|110|75|2581|539|341|160|421|135|413|173|528|259|169|178|207|122|248|164|159|170|95|72|789|276|249|129|182|132|84|60|56|47|45|42|101|112|23|32|34|47|15|26|60|50|22|36|0|32|12|17|0|32|21|27|0|32|0|32|0|32|5|8|60|50|22|36|0|32|12|17|0|32|21|27|0|32|0|32|0|32|5|8|0|32|0|32|0|32|0|32|0|32|0|32|0|32|0|32|0|32|0|32|0|32|0|32|0|32|0|32|0|32|0|32|0|32|0|32|0|32|0|32|568|229|403|211|28|37|35|44|7|16|0|32|62|87|0|32|27|40|6|11|353|170|130|107|39|49|47|68|13|19|0|32|2|5|15|24|107|84|0|32
0500000US37197|15866|536|2371|365|1693|292|1592|289|1984|355|1345|272|2187|413|1955|324|1309|259|1430|369|15405|565|2155|347|1597|300|1562|279|1973|352|1328|268|2163|410|1955|324|1258|246|1414|372|14465|648|2026|351|1475|274|1446|285|1839|340|1308|260|2078|398|1881|315|1161|233|1251|390|940|234|129|107|122|75|116|66|134|79|20|30|85|62|74|108|97|59|163|119|818|217|106|104|122|75|103|63|117|78|20|30|57|51|74|108|97|59|122|102|122|75|23|25|0|29|13|17|17|20|0|29|28|39|0|29|0|29|41|44|68|72|46|66|1|3|0|29|0|29|0|29|21|33|0|29|0|29|0|29|47|67|46|66|1|3|0|29|0|29|0|29|0|29|0|29|0|29|0|29|0|29|0|29|0|29|0|29|0|29|0|29|0|29|0|29|0|29|0|29|21|33|0|29|0|29|0|29|0|29|0|29|21|33|0|29|0|29|0|29|177|89|130|85|14|24|22|38|11|19|0|29|0|29|0|29|0|29|0|29|216|130|40|26|81|68|8|11|0|29|17|27|3|6|0|29|51|57|16|25
0500000US37199|6861|442|757|197|988|277|1026|299|761|215|542|200|749|252|513|180|994|232|531|140|6647|450|647|186|988|277|1010|302|761|215|542|200|749|252|449|172|994|232|507|137|6106|446|585|175|977|279|977|296|681|202|468|183|650|241|389|163|872|228|507|137|541|159|62|56|11|13|33|29|80|63|74|87|99|79|60|48|122|54|0|21|320|130|35|33|11|13|24|24|32|43|74|87|87|78|24|26|33|30|0|21|221|99|27|44|0|21|9|18|48|40|0|21|12|14|36|42|89|52|0|21|6|11|0|21|0|21|0|21|0|21|0|21|0|21|0|21|0|21|6|11|6|11|0|21|0|21|0|21|0|21|0|21|0|21|0|21|0|21|6|11|0|21|0|21|0|21|0|21|0|21|0|21|0|21|0|21|0|21|0|21|0|21|0|21|0|21|0|21|0|21|0|21|0|21|0|21|0|21|0|21|118|73|102|70|0|21|16|20|0|21|0|21|0|21|0|21|0|21|0|21|90|79|8|12|0|21|0|21|0|21|0|21|0|21|64|79|0|21|18|34
0500000US45001|9325|485|1362|280|1138|251|1538|298|921|218|959|269|993|245|951|232|911|204|552|163|8939|465|1224|269|990|223|1534|299|903|220|959|269|970|238|948|232|888|204|523|166|8465|475|1193|267|929|226|1454|280|873|224|905|249|935|240|903|232|853|197|420|141|474|161|31|26|61|53|80|72|30|44|54|56|35|29|45|62|35|29|103|112|344|136|28|26|26|29|40|45|8|15|33|47|31|27|43|63|35|29|100|110|130|81|3|5|35|46|40|57|22|36|21|25|4|7|2|4|0|26|3|14|3|6|0|26|0|26|0|26|0|26|0|26|0|26|3|6|0|26|0|26|3|6|0|26|0|26|0|26|0|26|0|26|0|26|3|6|0|26|0|26|0|26|0|26|0|26|0|26|0|26|0|26|0|26|0|26|0|26|0|26|0|26|0|26|0|26|0|26|0|26|0|26|0|26|0|26|0|26|0|26|147|77|116|72|27|24|4|9|0|26|0|26|0|26|0|26|0|26|0|26|236|122|22|19|121|124|0|26|18|21|0|26|23|34|0|26|23|40|29|35
0500000US45003|68043|1633|7057|796|9933|974|10524|783|10265|992|5929|745|10016|1003|5388|800|5615|655|3316|534|66455|1697|6541|790|9639|945|10151|735|10057|1007|5842|753|9968|1002|5358|798|5611|654|3288|532|60522|1788|6065|755|8517|932|9574|746|9212|912|5395|716|9004|963|4877|740|4839|615|3039|497|5933|689|476|222|1122|361|577|205|845|292|447|191|964|344|481|209|772|300|249|134|4706|629|406|215|904|295|395|161|579|243|334|160|802|326|403|201|710|303|173|100|1227|299|70|54|218|143|182|106|266|129|113|69|162|111|78|63|62|42|76|83|225|130|71|65|45|63|18|28|91|92|0|33|0|33|0|33|0|33|0|33|225|130|71|65|45|63|18|28|91|92|0|33|0|33|0|33|0|33|0|33|0|33|0|33|0|33|0|33|0|33|0|33|0|33|0|33|0|33|0|33|0|33|0|33|0|33|0|33|0|33|0|33|0|33|0|33|0|33|0|33|537|174|222|88|67|41|54|43|78|82|87|85|0|33|26|36|3|11|0|33|826|304|223|154|182|136|301|198|39|43|0|33|48|52|4|7|1|5|28|42
0500000US45005|2466|250|420|136|194|96|380|141|259|100|46|38|279|109|102|81|194|105|592|186|2330|291|405|137|194|96|278|83|259|100|46|38|268|103|102|81|194|105|584|189|2149|293|393|137|148|91|244|79|259|100|27|28|250|102|102|81|194|105|532|187|181|81|12|21|46|42|34|41|0|20|19|29|18|19|0|20|0|20|52|52|181|81|12|21|46|42|34|41|0|20|19|29|18|19|0|20|0|20|52|52|0|20|0|20|0|20|0|20|0|20|0|20|0|20|0|20|0|20|0|20|6|9|0|20|0|20|0|20|0|20|0|20|0|20|0|20|0|20|6|9|6|9|0|20|0|20|0|20|0|20|0|20|0|20|0|20|0|20|6|9|0|20|0|20|0|20|0|20|0|20|0|20|0|20|0|20|0|20|0|20|0|20|0|20|0|20|0|20|0|20|0|20|0|20|0|20|0|20|0|20|18|26|9|14|0|20|9|21|0|20|0|20|0|20|0|20|0|20|0|20|112|91|6|13|0|20|93|88|0|20|0|20|11|20|0|20|0|20|2|6
0500000US45007|86733|1704|9748|897|10061|997|13603|1086|13353|859|7828|966|13212|1131|6445|668|7115|892|5368|736|84475|1730|8919|871|9721|980|13395|1089|13092|871|7781|961|12994|1130|6403|659|6969|890|5201|712|75185|1770|7644|816|8628|925|12022|1080|11797|804|7108|895|11464|1047|5728|597|6343|875|4451|664|9290|994|1275|327|1093|347|1373|343|1295|312|673|274|1530|357|675|288|626|182|750|291|6447|778|829|240|807|285|1000|284|928|265|535|254|1147|331|482|229|432|152|287|162|2843|567|446|193|286|178|373|203|367|205|138|90|383|164|193|174|194|123|463|228|299|156|22|28|15|23|25|46|0|33|0|33|58|56|0|33|58|68|121|119|257|142|22|28|15|23|0|33|0|33|0|33|58|56|0|33|58|68|104|114|0|33|0|33|0|33|0|33|0|33|0|33|0|33|0|33|0|33|0|33|42|41|0|33|0|33|25|46|0|33|0|33|0|33|0|33|0|33|17|26|835|290|529|252|115|75|63|69|83|80|11|21|34|44|0|33|0|33|0|33|1124|275|278|160|210|126|120|73|178|112|36|44|126|91|42|46|88|92|46|44
0500000US45009|4301|380|832|189|675|276|455|217|271|94|333|131|335|117|343|112|408|147|649|315|4038|362|697|162|631|269|399|192|257|91|333|131|335|117|334|111|408|147|644|316|3570|398|653|166|557|250|345|175|205|91|235|109|322|118|311|108|339|140|603|315|468|161|44|40|74|79|54|47|52|35|98|95|13|16|23|40|69|47|41|41|304|135|32|39|69|80|22|24|52|35|41|52|13|16|15|37|41|35|19|22|164|110|12|21|5|8|32|37|0|22|57|79|0|22|8|11|28|35|22|38|9|15|0|22|0|22|0|22|0|22|0|22|0|22|9|15|0|22|0|22|9|15|0|22|0|22|0|22|0|22|0|22|0|22|9|15|0|22|0|22|0|22|0|22|0|22|0|22|0|22|0|22|0|22|0|22|0|22|0|22|0|22|0|22|0|22|0|22|0|22|0|22|0|22|0|22|0|22|0|22|136|73|86|56|36|37|0|22|14|21|0|22|0|22|0|22|0|22|0|22|118|109|49|67|8|18|56|79|0|22|0|22|0|22|0|22|0|22|5|9
0500000US45011|8158|443|1773|353|878|225|729|175|757|212|583|182|1123|294|654|199|706|166|955|252|7837|453|1609|334|831|224|703|171|757|212|583|182|1091|290|638|194|686|163|939|242|6980|464|1476|286|689|214|640|168|697|218|529|175|1024|293|508|167|641|165|776|195|857|206|133|109|142|73|63|65|60|55|54|59|67|57|130|78|45|35|163|113|712|200|116|109|67|43|58|66|57|55|54|59|55|55|114|70|32|30|159|113|145|70|17|22|75|59|5|18|3|6|0|26|12|15|16|25|13|18|4|7|187|117|120|107|38|42|0|26|0|26|0|26|13|20|16|18|0|26|0|26|187|117|120|107|38|42|0|26|0|26|0|26|13|20|16|18|0|26|0|26|0|26|0|26|0|26|0|26|0|26|0|26|0|26|0|26|0|26|0|26|0|26|0|26|0|26|0|26|0|26|0|26|0|26|0|26|0|26|0|26|47|42|44|41|3|6|0|26|0|26|0|26|0|26|0|26|0|26|0|26|87|62|0|26|6|9|26|25|0|26|0|26|19|23|0|26|20|30|16|26
0500000US45013|77364|1778|12756|1065|12203|1175|13189|1256|8652|891|4353|685|12682|1241|4547|904|4053|654|4929|863|73097|1828|10912|974|11250|1081|12849|1262|8287|872|4186|652|12464|1218|4464|895|4006|659|4679|866|64037|1668|8858|889|9591|1022|12023|1242|7247|778|3649|619|10925|1163|4118|856|3550|603|4076|878|9060|939|2054|419|1659|361|826|292|1040|288|537|215|1539|454|346|258|456|257|603|369|6758|914|1205|348|1214|320|517|207|851|276|521|213|1386|458|346|258|259|153|459|333|2302|494|849|281|445|252|309|203|189|136|16|27|153|114|0|33|197|170|144|139|466|321|43|70|121|174|7|14|8|14|142|214|33|40|0|33|27|44|85|91|308|243|43|70|121|174|7|14|8|14|4|10|20|33|0|33|27|44|78|90|0|33|0|33|0|33|0|33|0|33|0|33|0|33|0|33|0|33|0|33|158|215|0|33|0|33|0|33|0|33|138|213|13|21|0|33|0|33|7|12|2158|446|1071|300|556|216|241|111|113|101|0|33|120|128|45|44|0|33|12|21|1643|391|730|329|276|138|92|78|244|129|25|40|65|59|38|41|20|28|153|126
0500000US45015|107861|2176|9091|1233|9754|969|13180|1106|15957|1299|8476|782|18973|1401|9428|1087|12770|1098|10232|1073|103836|1975|7348|1058|9134|926|12790|1066|15653|1305|8430|777|18723|1378|9218|1020|12614|1096|9926|1054|94255|2217|6540|991|8326|921|10948|941|14245|1291|7441|769|17245|1426|8867|961|11601|1041|9042|1008|9581|1183|808|286|808|233|1842|551|1408|359|989|267|1478|349|351|229|1013|369|884|297|6588|898|675|276|640|204|1118|295|981|294|697|248|889|239|307|220|729|339|552|231|2993|760|133|65|168|107|724|417|427|220|292|166|589|233|44|42|284|165|332|182|291|262|14|21|29|37|0|33|14|22|0|33|13|25|173|252|7|19|41|44|77|59|14|21|29|37|0|33|14|22|0|33|13|25|0|33|7|19|0|33|0|33|0|33|0|33|0|33|0|33|0|33|0|33|0|33|0|33|0|33|214|257|0|33|0|33|0|33|0|33|0|33|0|33|173|252|0|33|41|44|2072|780|1432|634|353|210|44|49|168|87|0|33|19|23|37|42|5|8|14|23|1662|415|297|119|238|146|346|248|122|77|46|51|218|145|0|33|144|146|251|130
0500000US45017|5506|350|576|173|599|153|684|167|531|233|513|170|1191|277|604|225|425|156|383|160|5282|347|465|165|597|153|671|167|477|218|513|170|1150|272|604|225|422|156|383|160|4796|344|450|166|514|144|605|161|448|217|467|162|1101|270|535|207|384|139|292|155|486|151|15|20|83|64|66|53|29|32|46|53|49|36|69|71|38|63|91|47|355|133|4|6|51|57|46|42|28|33|0|22|28|31|69|71|38|63|91|47|131|77|11|18|32|32|20|32|1|3|46|53|21|27|0|22|0|22|0|22|2|5|2|5|0|22|0|22|0|22|0|22|0|22|0|22|0|22|0|22|2|5|2|5|0|22|0|22|0|22|0|22|0|22|0|22|0|22|0|22|0|22|0|22|0|22|0|22|0|22|0|22|0|22|0|22|0|22|0|22|0|22|0|22|0|22|0|22|0|22|0|22|0|22|0|22|0|22|0|22|208|120|109|65|2|3|2|3|54|87|0|22|41|50|0|22|0|22|0|22|14|21|0|22|0|22|11|20|0|22|0|22|0|22|0|22|3|6|0|22
0500000US45019|179172|2306|18605|1362|24035|1590|30242|1640|28796|1641|14681|1197|26763|1544|12010|1075|13068|1338|10972|1500|168748|2436|15590|1186|22273|1639|28742|1662|27726|1635|14300|1222|26012|1498|11850|1065|12719|1347|9536|1447|150237|2692|14585|1175|19806|1541|25646|1666|25058|1558|12840|1227|23071|1415|10695|997|11289|1308|7247|1072|18511|1589|1005|282|2467|544|3096|542|2668|612|1460|411|2941|587|1155|326|1430|389|2289|888|13497|1250|821|250|1762|427|2412|459|2210|567|920|313|2572|548|925|274|853|330|1022|335|5014|1037|184|103|705|323|684|284|458|209|540|244|369|169|230|178|577|252|1267|799|1869|471|209|122|92|75|129|108|242|167|4|7|237|147|24|39|158|110|774|374|1792|470|209|122|92|75|129|108|234|164|4|7|230|146|24|39|147|109|723|374|21|21|0|33|0|33|0|33|8|16|0|33|7|11|0|33|0|33|6|8|56|47|0|33|0|33|0|33|0|33|0|33|0|33|0|33|11|16|45|41|4134|495|1889|333|804|225|671|244|262|96|133|71|124|90|40|34|59|45|152|131|4421|834|917|328|866|279|700|269|566|284|244|142|390|174|96|95|132|56|510|194
0500000US45021|22322|931|3298|442|3370|405|3214|452|3028|423|1492|264|2908|503|1807|347|1537|361|1668|520|21778|899|3075|439|3333|403|3143|440|2920|414|1492|264|2889|504|1807|347|1517|362|1602|523|19954|917|2843|428|3002|410|2749|409|2590|398|1400|259|2742|485|1723|329|1399|352|1506|521|1824|356|232|123|331|141|394|159|330|183|92|73|147|86|84|89|118|84|96|82|1647|333|219|121|319|139|375|155|311|182|92|73|147|86|84|89|48|35|52|47|177|122|13|24|12|16|19|19|19|24|0|33|0|33|0|33|70|82|44|65|75|83|0|33|0|33|0|33|0|33|0|33|0|33|0|33|9|17|66|81|0|33|0|33|0|33|0|33|0|33|0|33|0|33|0|33|0|33|0|33|66|81|0|33|0|33|0|33|0|33|0|33|0|33|0|33|0|33|66|81|9|17|0|33|0|33|0|33|0|33|0|33|0|33|0|33|9|17|0|33|203|108|150|97|18|24|2|4|33|51|0|33|0|33|0|33|0|33|0|33|266|106|73|74|19|21|69|56|75|49|0|33|19|18|0|33|11|17|0|33
0500000US45023|13286|647|1556|331|899|232|1583|250|1372|283|876|176|2293|334|1409|257|2060|343|1238|240|12990|633|1483|331|876|231|1583|250|1336|283|876|176|2233|325|1334|256|2060|343|1209|242|11877|616|1368|323|753|197|1426|244|1276|276|761|162|1999|347|1302|253|1827|319|1165|231|1113|272|115|67|123|95|157|97|60|58|115|80|234|131|32|32|233|115|44|46|805|244|115|67|92|86|123|91|39|50|78|83|197|125|23|28|121|98|17|26|308|143|0|30|31|38|34|31|21|30|37|35|37|46|9|16|112|105|27|40|0|30|0|30|0|30|0|30|0|30|0|30|0|30|0|30|0|30|0|30|0|30|0|30|0|30|0|30|0|30|0|30|0|30|0|30|0|30|0|30|0|30|0|30|0|30|0|30|0|30|0|30|0|30|0|30|0|30|0|30|0|30|0|30|0|30|0|30|0|30|0|30|0|30|0|30|0|30|0|30|62|66|61|66|1|3|0|30|0|30|0|30|0|30|0|30|0|30|0|30|234|137|12|29|22|24|0|30|36|45|0|30|60|55|75|57|0|30|29|26
0500000US45025|17589|661|2921|419|2905|431|2594|409|1806|285|589|192|2566|485|1135|273|1781|326|1292|239|16598|707|2671|404|2713|432|2421|391|1806|285|585|193|2379|437|1103|292|1672|305|1248|240|14862|675|2388|369|2551|428|2083|341|1503|273|582|193|2005|416|995|280|1583|308|1172|242|1736|364|283|133|162|120|338|174|303|147|3|7|374|199|108|63|89|87|76|57|1334|270|124|70|128|116|272|154|189|109|3|7|374|199|104|63|89|87|51|47|402|182|159|118|34|34|66|68|114|105|0|30|0|30|4|8|0|30|25|30|124|94|121|94|0|30|3|7|0|30|0|30|0|30|0|30|0|30|0|30|124|94|121|94|0|30|3|7|0|30|0|30|0|30|0|30|0|30|0|30|0|30|0|30|0|30|0|30|0|30|0|30|0|30|0|30|0|30|0|30|0|30|0|30|0|30|0|30|0|30|0|30|0|30|0|30|0|30|0|30|154|129|76|50|78|104|0|30|0|30|0|30|0|30|0|30|0|30|0|30|713|298|53|67|114|103|170|102|0|30|4|6|187|163|32|48|109|94|44|53
0500000US45027|10693|463|1179|217|1053|273|1325|208|1280|218|539|154|1860|269|1162|251|1080|231|1215|255|10334|448|985|198|1050|272|1240|202|1280|218|539|154|1836|275|1162|251|1075|231|1167|240|9282|449|862|185|906|247|1124|191|1162|213|484|138|1711|289|959|197|1035|231|1039|234|1052|233|123|75|144|76|116|64|118|67|55|55|125|83|203|139|40|32|128|80|821|195|53|47|39|47|116|64|84|52|55|55|117|79|189|137|40|32|128|80|231|112|70|55|105|66|0|30|34|43|0|30|8|14|14|16|0|30|0|30|11|23|0|30|0|30|11|23|0|30|0|30|0|30|0|30|0|30|0|30|11|23|0|30|0|30|11|23|0|30|0|30|0|30|0|30|0|30|0|30|0|30|0|30|0|30|0|30|0|30|0|30|0|30|0|30|0|30|0|30|0|30|0|30|0|30|0|30|0|30|0|30|0|30|0|30|0|30|0|30|169|110|112|91|0|30|13|17|0|30|0|30|0|30|0|30|0|30|44|61|179|105|82|52|3|5|61|57|0|30|0|30|24|32|0|30|5|9|4|7
0500000US45029|14268|761|1855|382|1453|316|1779|394|1468|274|345|103|1798|382|447|164|1527|337|3596|470|13782|756|1629|363|1352|292|1774|394|1406|281|341|104|1739|381|436|164|1527|337|3578|472|12013|698|1379|304|1266|283|1665|382|1310|290|332|102|1224|290|415|165|1286|296|3136|443|1769|354|250|193|86|74|109|86|96|88|9|19|515|240|21|22|241|135|442|144|1228|278|189|186|25|18|97|86|96|88|9|19|291|144|21|22|171|112|329|136|541|223|61|69|61|72|12|19|0|30|0|30|224|177|0|30|70|78|113|79|24|32|6|9|0|30|0|30|0|30|0|30|0|30|0|30|0|30|18|32|24|32|6|9|0|30|0|30|0|30|0|30|0|30|0|30|0|30|18|32|0|30|0|30|0|30|0|30|0|30|0|30|0|30|0|30|0|30|0|30|0|30|0|30|0|30|0|30|0|30|0|30|0|30|0|30|0|30|0|30|164|95|122|77|0|30|3|4|39|59|0|30|0|30|0|30|0|30|0|30|298|140|98|99|101|102|2|4|23|25|4|6|59|59|11|20|0|30|0|30
0500000US45031|24636|887|3721|497|4448|637|3740|595|4529|582|1337|295|2442|452|1510|356|1823|440|1086|302|23400|931|3250|484|4259|620|3458|550|4449|580|1272|297|2405|451|1510|356|1722|426|1075|300|21105|1003|2813|449|3875|588|3287|531|4022|538|1112|277|2267|457|1340|326|1464|360|925|287|2295|473|437|194|384|180|171|95|427|192|160|100|138|86|170|123|258|225|150|94|1863|461|245|107|347|173|129|85|362|197|155|100|128|84|161|123|235|219|101|79|432|199|192|143|37|43|42|48|65|90|5|15|10|18|9|18|23|34|49|50|3|5|0|33|0|33|3|5|0|33|0|33|0|33|0|33|0|33|0|33|3|5|0|33|0|33|3|5|0|33|0|33|0|33|0|33|0|33|0|33|0|33|0|33|0|33|0|33|0|33|0|33|0|33|0|33|0|33|0|33|0|33|0|33|0|33|0|33|0|33|0|33|0|33|0|33|0|33|0|33|384|132|132|72|145|79|63|54|18|27|26|40|0|33|0|33|0|33|0|33|849|355|339|184|44|42|216|170|62|99|39|40|37|44|0|33|101|89|11|17
0500000US45033|10435|563|1217|200|1648|391|2032|326|1131|328|384|155|1203|265|821|215|1179|348|820|225|10259|572|1152|191|1573|388|2018|328|1127|328|384|155|1201|265|821|215|1179|348|804|224|8713|638|1097|196|1427|352|1438|323|1037|321|382|154|1065|254|811|214|949|263|507|163|1546|417|55|45|146|105|580|237|90|86|2|3|136|78|10|13|230|244|297|146|1460|410|50|44|134|100|575|237|90|86|0|26|131|80|2|3|230|244|248|144|86|45|5|8|12|19|5|9|0|26|2|3|5|8|8|13|0|26|49|36|1|3|1|3|0|26|0|26|0|26|0|26|0|26|0|26|0|26|0|26|1|3|1|3|0|26|0|26|0|26|0|26|0|26|0|26|0|26|0|26|0|26|0|26|0|26|0|26|0|26|0|26|0|26|0|26|0|26|0|26|0|26|0|26|0|26|0|26|0|26|0|26|0|26|0|26|0|26|0|26|73|50|62|49|0|26|11|20|0|26|0|26|0|26|0|26|0|26|0|26|102|60|2|3|75|60|3|5|4|9|0|26|2|3|0|26|0|26|16|16
0500000US45035|71147|1784|4846|691|6768|719|8157|815|9462|805|5543|632|11923|1328|7480|844|8963|798|8005|717|68889|1750|4213|651|6492|692|7883|816|9260|811|5364|609|11760|1333|7330|855|8904|798|7683|723|62467|1735|3258|501|5939|669|7332|858|8056|746|4929|598|11185|1293|6695|845|8111|740|6962|714|6422|875|955|383|553|231|551|248|1204|375|435|203|575|224|635|255|793|348|721|256|4863|803|671|359|334|140|394|197|888|322|366|187|450|206|498|259|743|345|519|206|1559|495|284|164|219|156|157|131|316|184|69|68|125|88|137|103|50|78|202|145|177|173|0|33|1|4|7|17|0|33|0|33|20|29|0|33|59|76|90|103|175|173|0|33|1|4|7|17|0|33|0|33|20|29|0|33|57|75|90|103|2|9|0|33|0|33|0|33|0|33|0|33|0|33|0|33|2|9|0|33|0|33|0|33|0|33|0|33|0|33|0|33|0|33|0|33|0|33|0|33|654|262|397|220|38|51|58|62|89|102|0|33|20|28|0|33|0|33|52|54|1427|401|236|148|237|127|209|131|113|107|179|144|123|95|150|82|0|33|180|106
0500000US45037|10985|490|1400|374|1264|262|1860|438|1369|272|1093|257|1409|284|797|201|1175|267|618|234|10573|524|1135|405|1264|262|1786|423|1369|272|1093|257|1397|282|797|201|1175|267|557|234|9302|521|1050|407|803|216|1509|368|1298|258|1038|254|1338|280|754|193|1063|246|449|211|1271|306|85|67|461|210|277|253|71|64|55|59|59|50|43|37|112|101|108|95|1097|269|85|67|425|200|277|253|55|50|44|57|33|37|35|31|112|101|31|47|174|109|0|26|36|50|0|26|16|38|11|18|26|33|8|13|0|26|77|76|180|97|153|93|0|26|0|26|0|26|0|26|0|26|0|26|0|26|27|34|153|93|153|93|0|26|0|26|0|26|0|26|0|26|0|26|0|26|0|26|0|26|0|26|0|26|0|26|0|26|0|26|0|26|0|26|0|26|0|26|27|34|0|26|0|26|0|26|0|26|0|26|0|26|0|26|0|26|27|34|220|172|112|130|0|26|74|88|0|26|0|26|0|26|0|26|0|26|34|42|12|21|0|26|0|26|0|26|0|26|0|26|12|21|0|26|0|26|0|26
0500000US45039|8341|519|947|228|848|216|691|239|534|177|805|262|1822|329|757|237|1290|289|647|189|8085|537|893|223|769|224|691|239|521|173|748|271|1822|329|757|237|1253|293|631|187|7104|554|724|221|660|183|569|216|506|168|703|260|1646|311|718|214|1064|272|514|162|981|259|169|104|109|97|122|152|15|21|45|43|176|91|39|48|189|107|117|79|598|192|154|103|61|78|51|47|15|21|20|25|88|64|35|47|78|55|96|75|383|181|15|14|48|54|71|134|0|26|25|32|88|76|4|7|111|75|21|34|26|33|0|26|0|26|0|26|0|26|0|26|0|26|0|26|26|33|0|26|25|33|0|26|0|26|0|26|0|26|0|26|0|26|0|26|25|33|0|26|0|26|0|26|0|26|0|26|0|26|0|26|0|26|0|26|0|26|0|26|1|2|0|26|0|26|0|26|0|26|0|26|0|26|0|26|1|2|0|26|105|63|20|34|61|46|0|26|13|23|0|26|0|26|0|26|11|26|0|26|125|92|34|41|18|32|0|26|0|26|57|72|0|26|0|26|0|26|16|20
0500000US45041|53951|1413|6634|757|10225|969|12280|941|8431|807|2565|409|5951|694|2582|499|2672|366|2611|446|52523|1463|6420|747|9844|948|12015|953|8359|789|2542|406|5784|690|2575|500|2604|366|2380|389|47119|1546|5656|635|8597|921|10953|921|7808|780|2119|318|5060|576|2413|501|2352|352|2161|372|5404|839|764|330|1247|462|1062|250|551|195|423|285|724|479|162|110|252|112|219|94|4204|781|556|287|960|438|886|211|434|182|223|114|629|457|64|70|248|112|204|93|1200|382|208|123|287|155|176|119|117|94|200|263|95|87|98|74|4|7|15|19|186|143|5|8|26|32|96|126|0|33|0|33|38|55|0|33|0|33|21|33|186|143|5|8|26|32|96|126|0|33|0|33|38|55|0|33|0|33|21|33|0|33|0|33|0|33|0|33|0|33|0|33|0|33|0|33|0|33|0|33|0|33|0|33|0|33|0|33|0|33|0|33|0|33|0|33|0|33|0|33|421|158|174|116|123|63|30|36|8|9|0|33|0|33|0|33|24|37|62|88|821|214|35|34|232|118|139|99|64|63|23|25|129|98|7|12|44|52|148|116
0500000US45043|23523|985|4491|672|2138|482|2877|430|3359|475|1059|287|2627|438|1668|325|2103|486|3201|465|22667|1007|4376|689|2093|478|2730|411|3284|482|1012|289|2431|445|1660|321|2040|482|3041|465|20266|992|4003|679|1733|403|2647|403|3044|495|911|259|2142|440|1366|316|1889|447|2531|441|2401|474|373|164|360|282|83|68|240|165|101|97|289|180|294|137|151|107|510|214|1975|451|317|143|337|279|82|68|165|133|101|97|222|165|279|139|118|95|354|177|426|170|56|54|23|29|1|4|75|64|0|33|67|73|15|24|33|40|156|116|117|87|0|33|0|33|1|3|0|33|0|33|69|75|0|33|0|33|47|49|116|87|0|33|0|33|1|3|0|33|0|33|68|75|0|33|0|33|47|49|1|3|0|33|0|33|0|33|0|33|0|33|1|3|0|33|0|33|0|33|0|33|0|33|0|33|0|33|0|33|0|33|0|33|0|33|0|33|0|33|238|111|108|70|14|20|18|27|0|33|47|39|26|34|0|33|0|33|25|35|501|211|7|14|31|35|128|108|75|83|0|33|101|113|8|14|63|66|88|62
0500000US45045|229483|2788|23426|1394|32826|1616|40750|1806|43561|1687|20275|1136|33992|1734|13622|939|12231|939|8800|787|219794|2856|20175|1267|31383|1587|39449|1672|42666|1680|19489|1152|32993|1741|13400|911|12128|939|8111|751|199710|3095|18540|1169|28054|1515|35576|1756|39648|1569|17905|1091|30081|1656|12300|850|10709|901|6897|681|20084|1656|1635|337|3329|513|3873|709|3018|530|1584|324|2912|590|1100|283|1419|515|1214|298|15380|1545|1457|347|2632|504|3043|684|2219|393|1150|297|2112|497|894|262|1142|492|731|242|4704|683|178|98|697|243|830|240|799|306|434|168|800|287|206|105|277|124|483|200|552|216|48|52|28|44|43|38|84|128|122|140|42|59|28|27|42|38|115|70|403|190|48|52|28|44|28|31|84|128|67|113|38|59|0|33|14|22|96|68|87|91|0|33|0|33|0|33|0|33|55|87|4|8|28|27|0|33|0|33|62|49|0|33|0|33|15|25|0|33|0|33|0|33|0|33|28|32|19|24|3561|614|2230|457|570|165|437|171|198|144|109|114|4|9|0|33|3|8|10|13|5576|798|973|451|845|267|821|306|613|235|555|276|953|269|194|167|58|45|564|282
0500000US45047|27772|901|4733|577|6572|709|7069|703|2796|451|1138|222|1423|310|1075|280|1263|332|1703|406|27032|851|4450|540|6416|695|6937|708|2749|446|1117|223|1404|309|1058|271|1240|332|1661|404|24578|882|3879|494|5950|681|6578|705|2427|370|1049|211|1258|297|1000|265|1100|323|1337|305|2454|509|571|250|466|176|359|134|322|188|68|55|146|93|58|74|140|85|324|237|1420|293|309|143|316|124|221|106|197|127|31|29|131|93|56|74|137|85|22|32|1034|422|262|224|150|139|138|82|125|120|37|42|15|18|2|3|3|4|302|235|23|20|0|33|0|33|0|33|0|33|0|33|5|11|0|33|0|33|18|22|9|12|0|33|0|33|0|33|0|33|0|33|5|11|0|33|0|33|4|7|0|33|0|33|0|33|0|33|0|33|0|33|0|33|0|33|0|33|0|33|14|20|0|33|0|33|0|33|0|33|0|33|0|33|0|33|0|33|14|20|298|121|208|97|39|43|51|52|0|33|0|33|0|33|0|33|0|33|0|33|419|208|75|91|117|133|81|91|47|59|21|35|14|24|17|27|23|32|24|39
0500000US45049|6981|449|1116|233|795|213|656|175|697|192|130|74|661|201|666|174|799|201|1461|245|6812|453|1063|235|795|213|645|177|697|192|130|74|658|201|663|174|799|201|1362|242|5685|431|988|228|713|201|531|159|518|163|120|72|499|161|658|174|617|159|1041|214|1127|242|75|56|82|72|114|69|179|118|10|13|159|141|5|13|182|128|321|119|739|211|62|53|22|19|99|68|134|103|10|13|47|56|5|13|142|125|218|84|388|178|13|16|60|70|15|16|45|58|0|22|112|127|0|22|40|37|103|67|83|68|0|22|0|22|0|22|0|22|0|22|0|22|0|22|0|22|83|68|83|68|0|22|0|22|0|22|0|22|0|22|0|22|0|22|0|22|83|68|0|22|0|22|0|22|0|22|0|22|0|22|0|22|0|22|0|22|0|22|0|22|0|22|0|22|0|22|0|22|0|22|0|22|0|22|0|22|0|22|54|43|27|25|0|22|11|21|0|22|0|22|0|22|0|22|0|22|16|26|32|36|26|35|0|22|0|22|0|22|0|22|3|5|3|5|0|22|0|22
0500000US45051|144632|2685|17494|1237|21857|1659|26910|1598|26330|1557|10073|1000|19918|1453|8082|801|7631|777|6337|724|138013|2788|15619|1203|20657|1564|25676|1489|25422|1589|9899|980|19480|1417|8042|803|7313|771|5905|704|125024|2628|13960|1174|18808|1500|23914|1466|22760|1541|9147|884|17268|1272|7337|650|6615|713|5215|688|12989|1135|1659|383|1849|367|1762|375|2662|550|752|299|2212|522|705|314|698|256|690|177|9116|914|1357|342|1325|355|1103|253|1790|417|630|278|1369|363|443|179|562|240|537|143|3873|673|302|163|524|221|659|258|872|382|122|81|843|312|262|237|136|88|153|96|838|337|98|105|264|141|143|125|126|122|22|32|24|31|12|24|92|133|57|71|656|272|96|105|231|132|105|103|39|53|0|33|24|31|12|24|92|133|57|71|151|148|2|5|33|44|38|56|78|114|0|33|0|33|0|33|0|33|0|33|31|35|0|33|0|33|0|33|9|14|22|32|0|33|0|33|0|33|0|33|1378|352|679|223|437|204|160|99|9|15|0|33|62|76|0|33|2|4|29|36|4403|657|1098|373|499|266|931|302|773|318|152|113|352|170|28|30|224|128|346|173
0500000US45053|11798|670|1562|432|865|258|985|312|1361|393|981|387|2065|418|967|397|2042|458|970|280|11527|686|1369|385|865|258|985|312|1320|382|965|386|2065|418|967|397|2042|458|949|273|9717|677|1115|334|817|252|718|225|1090|338|965|386|1649|351|934|402|1654|404|775|276|1810|448|254|126|48|52|267|192|230|171|0|30|416|204|33|46|388|202|174|112|1271|363|78|66|48|52|170|128|230|171|0|30|367|196|33|46|202|162|143|109|539|245|176|135|0|30|97|151|0|30|0|30|49|70|0|30|186|156|31|41|0|30|0|30|0|30|0|30|0|30|0|30|0|30|0|30|0|30|0|30|0|30|0|30|0|30|0|30|0|30|0|30|0|30|0|30|0|30|0|30|0|30|0|30|0|30|0|30|0|30|0|30|0|30|0|30|0|30|0|30|0|30|0|30|0|30|0|30|0|30|0|30|0|30|0|30|0|30|0|30|181|174|181|174|0|30|0|30|0|30|0|30|0|30|0|30|0|30|0|30|90|88|12|21|0|30|0|30|41|70|16|29|0|30|0|30|0|30|21|41
0500000US45055|27573|924|2617|402|2218|425|4164|561|3265|447|1357|289|5212|556|2793|485|3653|575|2294|410|27256|907|2525|386|2203|424|4080|557|3253|446|1357|289|5196|556|2769|486|3594|569|2279|410|24616|916|2214|339|1946|397|3538|540|2696|436|1265|275|4871|542|2670|478|3283|532|2133|408|2640|398|311|163|257|88|542|260|557|203|92|81|325|174|99|68|311|203|146|106|1889|391|159|94|239|88|393|231|432|191|49|47|211|141|72|67|237|190|97|64|751|254|152|142|18|24|149|82|125|84|43|52|114|99|27|29|74|79|49|60|10|17|0|33|0|33|0|33|10|17|0|33|0|33|0|33|0|33|0|33|0|33|0|33|0|33|0|33|0|33|0|33|0|33|0|33|0|33|0|33|10|17|0|33|0|33|0|33|10|17|0|33|0|33|0|33|0|33|0|33|0|33|0|33|0|33|0|33|0|33|0|33|0|33|0|33|0|33|0|33|55|38|14|19|12|20|0|33|0|33|0|33|0|33|0|33|29|35|0|33|252|124|78|87|3|5|84|69|2|3|0|33|16|26|24|38|30|43|15|20
0500000US45057|37629|1536|3796|618|3962|616|5082|926|4549|719|1994|396|6634|880|3202|546|4883|561|3527|586|36483|1563|3400|625|3772|614|4904|920|4487|724|1944|397|6614|882|3146|530|4883|561|3333|581|33220|1614|3156|600|3569|583|4704|900|4138|701|1626|345|6168|870|2785|531|4143|555|2931|521|3263|614|244|152|203|124|200|114|349|141|318|222|446|178|361|178|740|338|402|238|2229|481|240|151|171|123|101|86|251|107|132|101|398|170|233|144|464|323|239|172|1034|358|4|11|32|30|99|75|98|83|186|197|48|36|128|92|276|162|163|129|48|43|0|33|0|33|0|33|0|33|0|33|0|33|9|15|0|33|39|39|0|33|0|33|0|33|0|33|0|33|0|33|0|33|0|33|0|33|0|33|39|39|0|33|0|33|0|33|0|33|0|33|0|33|0|33|0|33|39|39|9|15|0|33|0|33|0|33|0|33|0|33|0|33|9|15|0|33|0|33|282|178|178|119|98|126|6|10|0|33|0|33|0|33|0|33|0|33|0|33|816|294|218|151|92|89|172|122|62|58|50|61|20|22|47|61|0|33|155|133
0500000US45059|27917|932|4369|654|3301|466|3684|443|3493|510|1912|384|4209|588|2597|394|2749|436|1603|356|27317|947|4066|627|3161|458|3670|443|3475|510|1892|387|4168|586|2581|391|2744|435|1560|358|24145|900|3794|636|2697|399|3137|426|3214|440|1615|313|3628|524|2280|365|2349|333|1431|366|3172|636|272|129|464|208|533|190|261|164|277|185|540|257|301|161|395|264|129|70|2189|506|189|96|411|197|416|173|203|155|156|123|404|168|135|91|196|164|79|60|983|349|83|77|53|64|117|92|58|40|121|97|136|118|166|131|199|186|50|48|35|62|35|62|0|33|0|33|0|33|0|33|0|33|0|33|0|33|0|33|35|62|35|62|0|33|0|33|0|33|0|33|0|33|0|33|0|33|0|33|0|33|0|33|0|33|0|33|0|33|0|33|0|33|0|33|0|33|0|33|0|33|0|33|0|33|0|33|0|33|0|33|0|33|0|33|0|33|0|33|344|143|250|144|68|52|0|33|0|33|0|33|21|39|0|33|5|10|0|33|221|107|18|22|72|72|14|27|18|20|20|24|20|30|16|18|0|33|43|49
0500000US45061|5532|401|689|156|578|156|744|250|586|156|487|192|908|172|332|114|735|190|473|150|5321|384|643|148|578|156|642|205|586|156|484|191|888|171|332|114|695|193|473|150|4648|365|536|141|489|142|606|189|513|156|469|188|780|155|257|91|581|171|417|137|673|178|107|55|89|66|36|48|73|57|15|18|108|73|75|72|114|82|56|46|496|157|96|57|29|45|36|48|73|57|15|18|90|71|53|69|96|83|8|14|177|78|11|23|60|45|0|22|0|22|0|22|18|22|22|21|18|21|48|46|0|22|0|22|0|22|0|22|0|22|0|22|0|22|0|22|0|22|0|22|0|22|0|22|0|22|0|22|0|22|0|22|0|22|0|22|0|22|0|22|0|22|0|22|0|22|0|22|0|22|0|22|0|22|0|22|0|22|0|22|0|22|0|22|0|22|0|22|0|22|0|22|0|22|0|22|0|22|0|22|60|44|39|36|0|22|11|22|0|22|0|22|10|18|0|22|0|22|0|22|151|143|7|13|0|22|91|133|0|22|3|8|10|2|0|22|40|54|0|22
0500000US45063|129650|1871|12039|835|14770|953|20969|1232|23651|1159|10995|803|19015|1026|10884|731|10454|682|6873|703|126633|1839|10939|808|14374|959|20528|1195|23290|1148|10923|810|18825|1021|10803|724|10264|663|6687|693|113708|1913|9929|791|13038|928|18306|1078|20427|1045|10000|784|16870|914|9807|715|9277|603|6054|627|12925|1049|1010|244|1336|293|2222|468|2863|545|923|269|1955|364|996|244|987|268|633|181|9974|929|733|255|1073|253|1741|404|2307|514|633|214|1430|315|697|212|905|262|455|152|2951|485|277|127|263|144|481|172|556|170|290|163|525|171|299|131|82|56|178|87|34|26|8|12|0|33|0|33|0|33|0|33|21|22|0|33|5|7|0|33|29|26|8|12|0|33|0|33|0|33|0|33|21|22|0|33|0|33|0|33|5|7|0|33|0|33|0|33|0|33|0|33|0|33|0|33|5|7|0|33|0|33|0|33|0|33|0|33|0|33|0|33|0|33|0|33|0|33|0|33|1144|286|855|229|59|55|101|70|23|26|0|33|0|33|0|33|34|38|72|67|1839|367|237|105|337|180|340|174|338|180|72|62|169|67|81|77|151|77|114|69
0500000US45065|2611|307|385|114|262|138|179|73|76|59|81|57|335|141|639|238|315|177|339|124|2564|311|350|113|257|139|179|73|76|59|81|57|335|141|636|237|315|177|335|123|2539|312|350|113|257|139|179|73|76|59|81|57|333|141|629|238|314|177|320|126|25|24|0|20|0|20|0|20|0|20|0|20|2|3|7|12|1|4|15|22|2|3|0|20|0|20|0|20|0|20|0|20|2|3|0|20|0|20|0|20|23|23|0|20|0|20|0|20|0|20|0|20|0|20|7|12|1|4|15|22|0|20|0|20|0|20|0|20|0|20|0|20|0|20|0|20|0|20|0|20|0|20|0|20|0|20|0|20|0|20|0|20|0|20|0|20|0|20|0|20|0|20|0|20|0|20|0|20|0|20|0|20|0|20|0|20|0|20|0|20|0|20|0|20|0|20|0|20|0|20|0|20|0|20|0|20|0|20|0|20|33|27|33|27|0|20|0|20|0|20|0|20|0|20|0|20|0|20|0|20|14|13|2|5|5|9|0|20|0|20|0|20|0|20|3|5|0|20|4|7
0500000US45067|9705|714|1404|405|1019|252|1435|389|577|216|475|171|1721|514|1038|305|1159|280|877|272|9560|723|1340|410|977|241|1425|387|577|216|475|171|1710|514|1038|305|1153|281|865|271|8803|673|1212|349|848|228|1245|353|577|216|446|170|1670|515|993|296|1094|270|718|253|757|235|128|114|129|119|180|93|0|26|29|44|40|34|45|43|59|60|147|79|565|195|37|41|129|119|172|94|0|26|29|44|9|15|26|31|21|34|142|81|192|138|91|112|0|26|8|13|0|26|0|26|31|31|19|34|38|46|5|10|0|26|0|26|0|26|0|26|0|26|0|26|0|26|0|26|0|26|0|26|0|26|0|26|0|26|0|26|0|26|0|26|0|26|0|26|0|26|0|26|0|26|0|26|0|26|0|26|0|26|0|26|0|26|0|26|0|26|0|26|0|26|0|26|0|26|0|26|0|26|0|26|0|26|0|26|0|26|0|26|54|49|49|47|0|26|0|26|0|26|0|26|5|10|0|26|0|26|0|26|91|76|15|26|42|61|10|20|0|26|0|26|6|12|0|26|6|10|12|18
0500000US45069|8303|561|814|207|1098|352|1474|321|1313|285|376|105|1236|293|496|151|907|242|589|230|8119|585|809|208|1054|350|1464|323|1256|269|376|105|1223|295|483|152|887|244|567|233|7172|567|796|207|961|329|1255|295|1181|262|319|101|911|248|421|145|802|251|526|221|947|260|13|26|93|68|209|131|75|69|57|47|312|148|62|48|85|74|41|42|830|247|13|26|56|51|196|129|75|69|39|38|278|137|59|48|73|74|41|42|117|68|0|26|37|48|13|20|0|26|18|29|34|41|3|5|12|11|0|26|23|41|0|26|0|26|10|18|0|26|0|26|0|26|13|23|0|26|0|26|23|41|0|26|0|26|10|18|0|26|0|26|0|26|13|23|0|26|0|26|0|26|0|26|0|26|0|26|0|26|0|26|0|26|0|26|0|26|0|26|0|26|0|26|0|26|0|26|0|26|0|26|0|26|0|26|0|26|0|26|78|61|0|26|41|44|0|26|0|26|0|26|12|15|0|26|20|25|5|19|83|86|5|8|3|6|0|26|57|81|0|26|1|3|0|26|0|26|17|28
0500000US45071|15208|608|2170|347|2134|420|2284|377|2110|329|800|246|1677|324|596|144|1722|247|1715|311|14655|611|1938|352|2053|411|2250|373|2096|329|800|246|1632|320|596|144|1722|247|1568|279|13329|659|1871|349|1812|373|2081|377|1961|337|681|241|1399|313|575|143|1486|260|1463|282|1326|339|67|46|241|134|169|93|135|67|119|101|233|109|21|24|236|158|105|66|758|262|25|32|176|115|140|89|25|24|36|40|112|77|12|18|138|124|94|64|568|214|42|36|65|66|29|34|110|58|83|90|121|75|9|17|98|106|11|21|5|8|0|30|0|30|0|30|0|30|0|30|5|8|0|30|0|30|0|30|5|8|0|30|0|30|0|30|0|30|0|30|5|8|0|30|0|30|0|30|0|30|0|30|0|30|0|30|0|30|0|30|0|30|0|30|0|30|0|30|0|30|0|30|0|30|0|30|0|30|0|30|0|30|0|30|0|30|0|30|233|99|215|96|0|30|0|30|0|30|0|30|9|17|0|30|0|30|9|16|315|177|17|20|81|69|34|47|14|21|0|30|31|41|0|30|0|30|138|134
0500000US45073|29789|1031|5113|544|4952|647|5486|634|3769|513|1664|347|2875|485|1887|458|1878|471|2165|367|28794|1092|4652|583|4845|639|5325|624|3701|516|1664|347|2753|503|1871|452|1860|475|2123|371|24998|1185|3900|496|4334|605|4793|620|3290|485|1456|316|2514|457|1454|338|1489|347|1768|332|3796|777|752|286|511|227|532|200|411|174|208|156|239|135|417|290|371|364|355|208|2578|659|488|243|472|210|455|177|207|91|163|151|168|119|219|194|340|355|66|62|1218|499|264|191|39|60|77|71|204|154|45|45|71|70|198|198|31|30|289|221|97|72|36|8|0|33|47|68|0|33|0|33|0|33|0|33|14|23|0|33|97|72|36|8|0|33|47|68|0|33|0|33|0|33|0|33|14|23|0|33|0|33|0|33|0|33|0|33|0|33|0|33|0|33|0|33|0|33|0|33|0|33|0|33|0|33|0|33|0|33|0|33|0|33|0|33|0|33|0|33|421|188|356|182|26|41|0|33|7|10|0|33|16|25|16|24|0|33|0|33|477|202|69|68|81|66|114|85|61|47|0|33|106|103|0|33|4|7|42|37
0500000US45075|29701|1127|3828|478|4571|676|4218|506|3070|462|1353|357|3187|477|1793|282|3216|482|4465|521|28912|1136|3470|469|4520|677|4192|498|3002|463|1353|357|3085|461|1788|282|3115|492|4387|514|25859|1060|3078|457|3919|612|3739|446|2718|422|1299|355|2563|403|1735|274|2926|484|3882|483|3053|583|392|148|601|278|453|205|284|189|54|41|522|239|53|51|189|83|505|203|2058|495|344|137|338|193|339|191|99|110|11|13|442|222|40|50|146|73|299|160|995|324|48|49|263|176|114|103|185|151|43|39|80|81|13|13|43|32|206|150|38|38|12|18|0|33|0|33|0|33|0|33|0|33|0|33|0|33|26|34|12|18|12|18|0|33|0|33|0|33|0|33|0|33|0|33|0|33|0|33|10|23|0|33|0|33|0|33|0|33|0|33|0|33|0|33|0|33|10|23|16|29|0|33|0|33|0|33|0|33|0|33|0|33|0|33|0|33|16|29|317|113|285|108|8|12|0|33|0|33|0|33|19|25|0|33|5|8|0|33|434|155|61|49|43|27|26|38|68|56|0|33|83|75|5|7|96|95|52|31
0500000US45077|54218|1340|6319|717|7938|756|6960|676|6444|625|5243|649|8282|904|4427|532|5740|510|2865|430|52093|1301|5541|620|7605|749|6753|683|6196|615|5171|659|8022|909|4355|533|5717|508|2733|426|47416|1192|5095|620|6863|699|5820|616|5884|591|4840|590|7453|870|4044|507|5114|501|2303|346|4677|725|446|124|742|318|933|358|312|104|331|160|569|366|311|150|603|244|430|191|3582|653|389|126|652|299|653|211|282|103|307|158|434|342|158|86|381|162|326|153|1095|299|57|52|90|65|280|199|30|28|24|26|135|83|153|91|222|166|104|77|374|113|37|37|57|48|0|33|157|107|13|25|82|58|0|33|0|33|28|38|363|112|37|37|57|48|0|33|157|107|13|25|82|58|0|33|0|33|17|34|0|33|0|33|0|33|0|33|0|33|0|33|0|33|0|33|0|33|0|33|11|16|0|33|0|33|0|33|0|33|0|33|0|33|0|33|0|33|11|16|1151|250|598|185|249|104|95|56|41|43|59|74|80|72|13|21|0|33|16|25|600|175|143|98|27|32|112|78|50|46|0|33|98|68|59|45|23|20|88|74
0500000US45079|177887|2535|27240|1553|25432|1653|29912|1451|29873|1563|13372|1174|26129|1783|8738|1076|8600|1060|8591|1084|161044|2703|17960|1644|23681|1576|28427|1489|28554|1511|12663|1148|25171|1792|8556|1064|8212|1054|7820|1074|144943|3092|15678|1550|21002|1516|25760|1479|26067|1539|12037|1107|22422|1758|7827|1102|7359|982|6791|1011|16101|1434|2282|546|2679|558|2667|441|2487|437|626|180|2749|506|729|255|853|326|1029|316|12511|1243|1877|485|2029|477|2310|411|2063|414|462|177|1948|455|602|224|575|283|645|291|3590|569|405|194|650|258|357|148|424|191|164|77|801|297|127|109|278|138|384|200|1413|389|96|174|110|88|134|86|264|155|18|20|313|189|60|71|158|112|260|136|1338|380|96|174|110|88|88|74|241|147|18|20|313|189|60|71|158|112|254|140|31|45|0|33|0|33|25|39|0|33|0|33|0|33|0|33|0|33|6|15|44|48|0|33|0|33|21|32|23|36|0|33|0|33|0|33|0|33|0|33|11035|1020|7714|1195|1191|345|720|262|839|299|169|112|246|145|30|49|117|101|9|15|4395|672|1470|347|450|203|631|275|216|127|522|266|399|166|92|76|113|104|502|345
0500000US45081|7628|407|1197|225|1034|194|582|146|1038|239|455|145|846|180|641|154|951|184|884|188|6975|432|830|168|978|197|566|142|952|226|455|145|812|177|641|154|913|177|828|181|6382|401|782|174|924|190|471|119|794|228|420|138|800|176|601|154|795|164|795|183|593|165|48|37|54|55|95|73|158|91|35|30|12|22|40|31|118|66|33|26|419|138|24|29|7|12|61|60|113|81|35|30|12|22|24|19|114|68|29|26|174|87|24|25|47|53|34|35|45|49|0|22|0|22|16|23|4|8|4|7|19|44|8|45|0|22|0|22|0|22|0|22|3|7|0|22|8|15|0|22|11|46|8|45|0|22|0|22|0|22|0|22|3|7|0|22|0|22|0|22|8|15|0|22|0|22|0|22|0|22|0|22|0|22|0|22|8|15|0|22|0|22|0|22|0|22|0|22|0|22|0|22|0|22|0|22|0|22|0|22|203|112|84|53|56|51|0|22|63|87|0|22|0|22|0|22|0|22|0|22|431|162|275|124|0|22|16|45|23|34|0|22|31|39|0|22|30|42|56|53
0500000US45083|146414|2423|15796|1110|17721|1348|25557|1389|26250|1286|12566|1032|21006|1446|9694|1002|9279|863|8545|844|143115|2318|14636|1113|17194|1316|25314|1377|25968|1277|12495|1044|20695|1411|9601|992|8849|797|8363|841|127054|2180|12655|1050|15156|1270|22682|1355|22705|1239|11625|975|18375|1294|8784|938|8025|773|7047|818|16061|1138|1981|362|2038|385|2632|450|3263|781|870|251|2320|442|817|225|824|256|1316|383|11634|946|1539|304|1659|361|1938|365|2044|373|700|238|1643|374|664|201|600|228|847|327|4427|905|442|212|379|121|694|253|1219|726|170|89|677|235|153|98|224|123|469|214|219|99|60|41|0|33|50|65|33|43|0|33|17|20|0|33|39|36|20|26|189|88|60|41|0|33|50|65|33|43|0|33|7|11|0|33|39|36|0|33|20|26|0|33|0|33|0|33|0|33|0|33|10|16|0|33|0|33|10|21|10|16|0|33|0|33|0|33|0|33|0|33|0|33|0|33|0|33|10|16|1196|251|816|216|201|90|66|47|61|54|4|7|0|33|8|14|12|19|28|33|1884|420|284|118|326|147|127|86|188|102|67|68|294|189|85|76|379|258|134|66
0500000US45085|42901|1239|4755|636|8313|765|10596|922|6617|757|2040|439|3034|492|1924|454|2131|397|3491|443|41705|1262|4275|625|8178|766|10285|936|6605|757|2017|440|2898|492|1918|453|2129|397|3400|444|38272|1159|3684|548|7774|782|9331|895|6024|731|1927|426|2493|430|1845|442|2023|394|3171|418|3433|502|591|215|404|186|954|273|581|223|90|102|405|177|73|49|106|69|229|153|2500|469|497|189|123|73|781|256|464|201|3|5|318|167|52|41|106|69|156|133|933|280|94|63|281|178|173|120|117|98|87|102|87|64|21|27|0|33|73|55|80|57|33|30|0|33|6|14|0|33|0|33|31|40|0|33|0|33|10|16|70|51|33|30|0|33|6|14|0|33|0|33|21|32|0|33|0|33|10|16|10|23|0|33|0|33|0|33|0|33|0|33|10|23|0|33|0|33|0|33|0|33|0|33|0|33|0|33|0|33|0|33|0|33|0|33|0|33|0|33|541|218|369|204|95|74|50|42|12|18|0|33|13|26|0|33|2|5|0|33|575|274|78|44|40|40|255|236|0|33|23|36|92|88|6|10|0|33|81|57
0500000US45087|10069|501|1824|392|1697|325|1020|210|967|205|458|134|945|274|735|201|1252|281|1171|261|9920|502|1752|379|1676|324|992|209|958|204|453|134|945|274|735|201|1238|275|1171|261|8699|533|1437|337|1483|305|867|200|844|190|390|131|800|275|690|198|1186|276|1002|243|1221|265|315|167|193|103|125|74|114|91|63|56|145|93|45|41|52|42|169|89|880|227|248|146|169|92|115|71|30|33|9|12|128|90|45|41|27|22|109|65|341|144|67|65|24|37|10|15|84|84|54|58|17|26|0|26|25|37|60|68|0|26|0|26|0|26|0|26|0|26|0|26|0|26|0|26|0|26|0|26|0|26|0|26|0|26|0|26|0|26|0|26|0|26|0|26|0|26|0|26|0|26|0|26|0|26|0|26|0|26|0|26|0|26|0|26|0|26|0|26|0|26|0|26|0|26|0|26|0|26|0|26|0|26|0|26|0|26|0|26|63|56|60|55|2|4|0|26|0|26|0|26|0|26|0|26|1|5|0|26|86|57|12|19|19|22|28|36|9|14|5|11|0|26|0|26|13|23|0|26
0500000US45089|11013|547|1141|255|1007|231|2081|374|865|230|405|144|2284|455|482|149|1039|229|1709|316|10713|567|1068|260|970|234|2031|367|865|230|405|144|2231|452|482|149|1039|229|1622|320|9678|534|1003|254|933|234|1936|363|794|222|340|126|1890|401|380|118|1024|228|1378|302|1035|283|65|57|37|31|95|65|71|57|65|61|341|176|102|108|15|16|244|103|746|228|56|54|33|29|66|66|66|55|60|63|193|128|102|108|15|16|155|82|289|135|9|16|4|8|29|36|5|11|5|13|148|118|0|30|0|30|89|83|72|57|1|3|0|30|0|30|0|30|0|30|0|30|0|30|0|30|71|57|72|57|1|3|0|30|0|30|0|30|0|30|0|30|0|30|0|30|71|57|0|30|0|30|0|30|0|30|0|30|0|30|0|30|0|30|0|30|0|30|0|30|0|30|0|30|0|30|0|30|0|30|0|30|0|30|0|30|0|30|79|65|0|30|32|40|6|9|0|30|0|30|41|51|0|30|0|30|0|30|149|119|72|89|5|10|44|66|0|30|0|30|12|18|0|30|0|30|16|18
0500000US45091|121096|2406|14004|1024|13527|1102|17810|1360|17999|1211|8751|763|16583|1052|8593|795|14016|1195|9813|825|116844|2463|12039|951|12768|1074|17428|1354|17593|1234|8711|773|16475|1056|8492|789|13824|1174|9514|829|106490|2290|11096|896|11433|978|16112|1276|15863|997|7939|763|14984|956|7890|746|12880|1078|8293|767|10354|1164|943|285|1335|357|1316|345|1730|556|772|223|1491|461|602|184|944|283|1221|356|7735|922|623|220|1028|320|959|275|1201|438|598|208|1091|396|487|185|774|277|974|326|2619|565|320|146|307|156|357|175|529|330|174|115|400|186|115|86|170|81|247|146|438|165|11|16|0|33|50|58|83|85|0|33|35|52|101|100|51|30|107|79|285|133|11|16|0|33|50|58|83|85|0|33|35|52|55|83|51|30|0|33|110|73|0|33|0|33|0|33|0|33|0|33|0|33|46|55|0|33|64|53|43|59|0|33|0|33|0|33|0|33|0|33|0|33|0|33|0|33|43|59|1941|460|1332|410|307|147|154|91|6|10|15|26|0|33|0|33|33|41|94|116|1873|376|622|223|452|181|178|97|317|214|25|33|73|66|0|33|108|122|98|83
1600000US3700160|4238|424|380|142|763|332|685|261|506|229|145|150|344|208|502|262|414|214|499|232|4041|448|327|145|750|332|668|258|495|226|145|150|344|208|466|267|347|169|499|232|3813|452|327|145|750|332|558|184|437|229|145|150|344|208|466|267|306|166|480|233|228|148|0|19|0|19|110|112|58|62|0|19|0|19|0|19|41|55|19|33|158|119|0|19|0|19|42|68|56|61|0|19|0|19|0|19|41|55|19|33|70|92|0|19|0|19|68|90|2|9|0|19|0|19|0|19|0|19|0|19|0|19|0|19|0|19|0|19|0|19|0|19|0|19|0|19|0|19|0|19|0|19|0|19|0|19|0|19|0|19|0|19|0|19|0|19|0|19|0|19|0|19|0|19|0|19|0|19|0|19|0|19|0|19|0|19|0|19|0|19|0|19|0|19|0|19|0|19|0|19|0|19|0|19|0|19|0|19|0|19|67|118|0|19|0|19|0|19|0|19|0|19|0|19|0|19|67|118|0|19|130|91|53|66|13|25|17|20|11|18|0|19|0|19|36|53|0|19|0|19
1600000US3700440|591|274|24|39|54|51|33|39|155|125|75|64|89|83|34|40|98|73|29|42|591|274|24|39|54|51|33|39|155|125|75|64|89|83|34|40|98|73|29|42|531|258|24|39|31|36|33|39|155|125|58|58|89|83|34|40|98|73|9|19|60|58|0|14|23|39|0|14|0|14|17|29|0|14|0|14|0|14|20|32|60|58|0|14|23|39|0|14|0|14|17|29|0|14|0|14|0|14|20|32|0|14|0|14|0|14|0|14|0|14|0|14|0|14|0|14|0|14|0|14|0|14|0|14|0|14|0|14|0|14|0|14|0|14|0|14|0|14|0|14|0|14|0|14|0|14|0|14|0|14|0|14|0|14|0|14|0|14|0|14|0|14|0|14|0|14|0|14|0|14|0|14|0|14|0|14|0|14|0|14|0|14|0|14|0|14|0|14|0|14|0|14|0|14|0|14|0|14|0|14|0|14|0|14|0|14|0|14|0|14|0|14|0|14|0|14|0|14|0|14|0|14|0|14|0|14|0|14|0|14|0|14|0|14|0|14|0|14|0|14
1600000US3700500|1651|142|636|100|254|69|67|23|89|30|78|45|176|58|38|26|47|27|266|113|1571|135|610|99|235|65|67|23|86|31|78|45|167|56|33|26|29|12|266|113|1306|121|528|104|171|52|55|22|76|29|78|45|144|54|30|25|29|12|195|79|265|75|82|33|64|50|12|11|10|8|0|14|23|16|3|3|0|14|71|51|118|39|56|27|21|14|2|3|4|5|0|14|14|13|3|3|0|14|18|17|147|69|26|25|43|49|10|10|6|5|0|14|9|11|0|14|0|14|53|47|13|13|0|14|0|14|0|14|0|14|0|14|0|14|5|6|8|12|0|14|13|13|0|14|0|14|0|14|0|14|0|14|0|14|5|6|8|12|0|14|0|14|0|14|0|14|0|14|0|14|0|14|0|14|0|14|0|14|0|14|0|14|0|14|0|14|0|14|0|14|0|14|0|14|0|14|0|14|0|14|20|12|17|13|0|14|0|14|3|4|0|14|0|14|0|14|0|14|0|14|47|34|9|10|19|15|0|14|0|14|0|14|9|16|0|14|10|18|0|14
1600000US3700640|435|113|48|23|53|28|82|43|36|29|50|38|33|21|75|43|34|18|24|19|433|113|46|23|53|28|82|43|36|29|50|38|33|21|75|43|34|18|24|19|401|107|46|23|53|28|64|35|29|24|50|38|31|21|75|43|29|16|24|19|32|27|0|14|0|14|18|21|7|12|0|14|2|3|0|14|5|7|0|14|20|21|0|14|0|14|18|21|0|14|0|14|2|3|0|14|0|14|0|14|12|16|0|14|0|14|0|14|7|12|0|14|0|14|0|14|5|7|0|14|0|14|0|14|0|14|0|14|0|14|0|14|0|14|0|14|0|14|0|14|0|14|0|14|0|14|0|14|0|14|0|14|0|14|0|14|0|14|0|14|0|14|0|14|0|14|0|14|0|14|0|14|0|14|0|14|0|14|0|14|0|14|0|14|0|14|0|14|0|14|0|14|0|14|0|14|0|14|0|14|0|14|0|14|0|14|0|14|0|14|0|14|0|14|0|14|0|14|0|14|2|4|2|4|0|14|0|14|0|14|0|14|0|14|0|14|0|14|0|14
1600000US3700680|6348|465|1600|324|1619|322|305|122|609|197|261|132|412|169|183|100|617|194|742|250|6177|447|1528|317|1543|304|305|122|609|197|261|132|412|169|183|100|605|192|731|248|5369|464|1199|312|1487|313|227|86|583|184|241|125|347|148|150|96|477|184|658|249|808|228|329|153|56|55|78|76|26|37|20|29|65|78|33|33|128|76|73|80|709|223|329|153|56|55|64|74|0|21|20|29|65|78|33|33|128|76|14|28|99|86|0|21|0|21|14|20|26|37|0|21|0|21|0|21|0|21|59|75|38|47|0|21|27|43|0|21|0|21|0|21|0|21|0|21|0|21|11|18|38|47|0|21|27|43|0|21|0|21|0|21|0|21|0|21|0|21|11|18|0|21|0|21|0|21|0|21|0|21|0|21|0|21|0|21|0|21|0|21|0|21|0|21|0|21|0|21|0|21|0|21|0|21|0|21|0|21|0|21|33|37|21|31|0|21|0|21|0|21|0|21|0|21|0|21|12|20|0|21|100|98|51|79|49|68|0|21|0|21|0|21|0|21|0|21|0|21|0|21
1600000US3700880|262|180|35|42|20|35|42|64|11|17|64|46|73|89|10|12|0|14|7|11|262|180|35|42|20|35|42|64|11|17|64|46|73|89|10|12|0|14|7|11|258|179|35|42|20|35|42|64|7|14|64|46|73|89|10|12|0|14|7|11|4|9|0|14|0|14|0|14|4|9|0|14|0|14|0|14|0|14|0|14|0|14|0|14|0|14|0|14|0|14|0|14|0|14|0|14|0|14|0|14|4|9|0|14|0|14|0|14|4|9|0|14|0|14|0|14|0|14|0|14|0|14|0|14|0|14|0|14|0|14|0|14|0|14|0|14|0|14|0|14|0|14|0|14|0|14|0|14|0|14|0|14|0|14|0|14|0|14|0|14|0|14|0|14|0|14|0|14|0|14|0|14|0|14|0|14|0|14|0|14|0|14|0|14|0|14|0|14|0|14|0|14|0|14|0|14|0|14|0|14|0|14|0|14|0|14|0|14|0|14|0|14|0|14|0|14|0|14|0|14|0|14|0|14|0|14|0|14|0|14|0|14|0|14|0|14|0|14|0|14
1600000US3701000|148|50|57|24|19|16|2|3|5|6|18|12|18|14|10|8|6|5|13|15|131|43|57|24|15|16|2|3|5|6|18|12|18|14|10|8|6|5|0|14|113|39|43|20|15|16|2|3|4|6|18|12|18|14|10|8|3|5|0|14|18|14|14|13|0|14|0|14|1|2|0|14|0|14|0|14|3|4|0|14|6|5|2|3|0|14|0|14|1|2|0|14|0|14|0|14|3|4|0|14|12|13|12|13|0|14|0|14|0|14|0|14|0|14|0|14|0|14|0|14|17|16|0|14|4|5|0|14|0|14|0|14|0|14|0|14|0|14|13|15|0|14|0|14|0|14|0|14|0|14|0|14|0|14|0|14|0|14|0|14|0|14|0|14|0|14|0|14|0|14|0|14|0|14|0|14|0|14|0|14|17|16|0|14|4|5|0|14|0|14|0|14|0|14|0|14|0|14|13|15|0|14|0|14|0|14|0|14|0|14|0|14|0|14|0|14|0|14|0|14|0|14|0|14|0|14|0|14|0|14|0|14|0|14|0|14|0|14|0|14
1600000US3701140|181|114|78|52|0|14|37|55|26|39|0|14|0|14|31|41|9|14|0|14|181|114|78|52|0|14|37|55|26|39|0|14|0|14|31|41|9|14|0|14|157|111|78|52|0|14|37|55|26|39|0|14|0|14|7|12|9|14|0|14|24|39|0|14|0|14|0|14|0|14|0|14|0|14|24|39|0|14|0|14|24|39|0|14|0|14|0|14|0|14|0|14|0|14|24|39|0|14|0|14|0|14|0|14|0|14|0|14|0|14|0|14|0|14|0|14|0|14|0|14|0|14|0|14|0|14|0|14|0|14|0|14|0|14|0|14|0|14|0|14|0|14|0|14|0|14|0|14|0|14|0|14|0|14|0|14|0|14|0|14|0|14|0|14|0|14|0|14|0|14|0|14|0|14|0|14|0|14|0|14|0|14|0|14|0|14|0|14|0|14|0|14|0|14|0|14|0|14|0|14|0|14|0|14|0|14|0|14|0|14|0|14|0|14|0|14|0|14|0|14|0|14|0|14|0|14|0|14|0|14|0|14|0|14|0|14|0|14|0|14
1600000US3701340|5272|480|180|69|144|57|446|102|801|149|773|155|1108|165|597|173|708|236|515|137|5185|476|117|51|140|58|446|102|797|150|773|155|1104|165|596|173|708|236|504|137|4923|464|99|50|133|58|412|90|772|147|765|155|1030|161|569|175|700|235|443|131|262|90|18|17|7|13|34|38|25|28|8|12|74|53|27|25|8|14|61|43|183|74|10|12|0|21|34|38|25|28|0|21|36|25|20|22|6|11|52|43|79|53|8|12|7|13|0|21|0|21|8|12|38|46|7|9|2|7|9|9|0|21|0|21|0|21|0|21|0|21|0|21|0|21|0|21|0|21|0|21|0|21|0|21|0|21|0|21|0|21|0|21|0|21|0|21|0|21|0|21|0|21|0|21|0|21|0|21|0|21|0|21|0|21|0|21|0|21|0|21|0|21|0|21|0|21|0|21|0|21|0|21|0|21|0|21|0|21|0|21|56|43|56|43|0|21|0|21|0|21|0|21|0|21|0|21|0|21|0|21|31|22|7|10|4|6|0|21|4|6|0|21|4|6|1|4|0|21|11|16
1600000US3701380|852|202|299|172|122|74|90|46|116|74|28|26|149|118|2|4|15|17|31|49|815|193|295|170|122|74|90|46|116|74|18|22|126|111|2|4|15|17|31|49|707|166|245|136|114|73|90|46|102|68|16|21|126|111|2|4|8|12|4|6|108|79|50|52|8|9|0|14|14|23|2|4|0|14|0|14|7|11|27|48|101|75|50|52|8|9|0|14|14|23|2|4|0|14|0|14|0|14|27|48|7|11|0|14|0|14|0|14|0|14|0|14|0|14|0|14|7|11|0|14|0|14|0|14|0|14|0|14|0|14|0|14|0|14|0|14|0|14|0|14|0|14|0|14|0|14|0|14|0|14|0|14|0|14|0|14|0|14|0|14|0|14|0|14|0|14|0|14|0|14|0|14|0|14|0|14|0|14|0|14|0|14|0|14|0|14|0|14|0|14|0|14|0|14|0|14|0|14|0|14|4|6|4|6|0|14|0|14|0|14|0|14|0|14|0|14|0|14|0|14|33|32|0|14|0|14|0|14|0|14|10|14|23|32|0|14|0|14|0|14
1600000US3701400|2158|278|129|66|158|111|166|109|242|132|80|70|273|131|364|124|416|187|330|142|2158|278|129|66|158|111|166|109|242|132|80|70|273|131|364|124|416|187|330|142|2028|263|129|66|158|111|142|102|234|131|80|70|273|131|354|124|374|176|284|136|130|119|0|19|0|19|24|43|8|12|0|19|0|19|10|16|42|51|46|64|86|109|0|19|0|19|24|43|0|19|0|19|0|19|10|16|17|29|35|63|44|47|0|19|0|19|0|19|8|12|0|19|0|19|0|19|25|43|11|17|0|19|0|19|0|19|0|19|0|19|0|19|0|19|0|19|0|19|0|19|0|19|0|19|0|19|0|19|0|19|0|19|0|19|0|19|0|19|0|19|0|19|0|19|0|19|0|19|0|19|0|19|0|19|0|19|0|19|0|19|0|19|0|19|0|19|0|19|0|19|0|19|0|19|0|19|0|19|0|19|0|19|0|19|0|19|0|19|0|19|0|19|0|19|0|19|0|19|0|19|0|19|0|19|0|19|0|19|0|19|0|19|0|19|0|19|0|19|0|19
1600000US3701420|340|117|60|65|26|29|50|38|46|42|18|19|39|20|28|30|24|21|49|64|340|117|60|65|26|29|50|38|46|42|18|19|39|20|28|30|24|21|49|64|248|88|15|18|26|29|50|38|38|35|8|12|37|21|28|30|24|21|22|38|92|75|45|52|0|14|0|14|8|12|10|11|2|3|0|14|0|14|27|52|90|74|45|52|0|14|0|14|8|12|10|11|0|14|0|14|0|14|27|52|2|3|0|14|0|14|0|14|0|14|0|14|2|3|0|14|0|14|0|14|0|14|0|14|0|14|0|14|0|14|0|14|0|14|0|14|0|14|0|14|0|14|0|14|0|14|0|14|0|14|0|14|0|14|0|14|0|14|0|14|0|14|0|14|0|14|0|14|0|14|0|14|0|14|0|14|0|14|0|14|0|14|0|14|0|14|0|14|0|14|0|14|0|14|0|14|0|14|0|14|0|14|0|14|0|14|0|14|0|14|0|14|0|14|0|14|0|14|0|14|0|14|0|14|0|14|0|14|0|14|0|14|0|14|0|14|0|14|0|14
1600000US3701520|23289|1304|2853|775|2220|406|3173|473|4182|624|2458|386|4273|722|1756|347|1146|340|1228|290|21989|1268|2187|555|2091|391|2943|478|4110|611|2438|384|4199|716|1756|347|1146|340|1119|273|20036|1164|1613|265|1816|365|2768|461|3889|596|2249|373|4048|703|1592|319|1063|337|998|217|1953|627|574|507|275|129|175|99|221|117|189|116|151|92|164|132|83|95|121|118|1675|578|566|507|207|114|147|91|152|87|173|116|139|89|87|89|83|95|121|118|278|157|8|12|68|81|28|44|69|72|16|26|12|18|77|91|0|32|0|32|32|37|0|32|0|32|0|32|0|32|8|12|5|7|0|32|0|32|19|33|32|37|0|32|0|32|0|32|0|32|8|12|5|7|0|32|0|32|19|33|0|32|0|32|0|32|0|32|0|32|0|32|0|32|0|32|0|32|0|32|0|32|0|32|0|32|0|32|0|32|0|32|0|32|0|32|0|32|0|32|722|552|494|520|50|44|96|114|42|42|0|32|24|30|0|32|0|32|16|28|546|189|172|96|79|67|134|95|30|35|12|19|45|53|0|32|0|32|74|67
1600000US3701560|88|72|15|20|0|14|9|14|50|41|2|6|0|14|0|14|12|19|0|14|88|72|15|20|0|14|9|14|50|41|2|6|0|14|0|14|12|19|0|14|88|72|15|20|0|14|9|14|50|41|2|6|0|14|0|14|12|19|0|14|0|14|0|14|0|14|0|14|0|14|0|14|0|14|0|14|0|14|0|14|0|14|0|14|0|14|0|14|0|14|0|14|0|14|0|14|0|14|0|14|0|14|0|14|0|14|0|14|0|14|0|14|0|14|0|14|0|14|0|14|0|14|0|14|0|14|0|14|0|14|0|14|0|14|0|14|0|14|0|14|0|14|0|14|0|14|0|14|0|14|0|14|0|14|0|14|0|14|0|14|0|14|0|14|0|14|0|14|0|14|0|14|0|14|0|14|0|14|0|14|0|14|0|14|0|14|0|14|0|14|0|14|0|14|0|14|0|14|0|14|0|14|0|14|0|14|0|14|0|14|0|14|0|14|0|14|0|14|0|14|0|14|0|14|0|14|0|14|0|14|0|14|0|14|0|14|0|14|0|14
1600000US3701640|150|59|27|21|5|6|29|26|4|5|9|10|41|31|6|11|9|8|20|17|142|57|21|19|3|4|29|26|4|5|9|10|41|31|6|11|9|8|20|17|139|57|21|19|2|3|29|26|4|5|9|10|41|31|6|11|7|7|20|17|3|5|0|14|1|2|0|14|0|14|0|14|0|14|0|14|2|4|0|14|3|5|0|14|1|2|0|14|0|14|0|14|0|14|0|14|2|4|0|14|0|14|0|14|0|14|0|14|0|14|0|14|0|14|0|14|0|14|0|14|0|14|0|14|0|14|0|14|0|14|0|14|0|14|0|14|0|14|0|14|0|14|0|14|0|14|0|14|0|14|0|14|0|14|0|14|0|14|0|14|0|14|0|14|0|14|0|14|0|14|0|14|0|14|0|14|0|14|0|14|0|14|0|14|0|14|0|14|0|14|0|14|0|14|0|14|0|14|0|14|2|3|2|3|0|14|0|14|0|14|0|14|0|14|0|14|0|14|0|14|6|9|4|8|2|4|0|14|0|14|0|14|0|14|0|14|0|14|0|14
1600000US3701720|5322|459|761|226|563|190|1010|310|1396|369|326|157|605|159|300|157|154|68|207|128|5160|426|694|215|560|190|999|306|1396|369|326|157|605|159|300|157|149|67|131|94|4599|487|485|159|548|182|956|322|1155|285|317|148|597|157|300|157|149|67|92|85|561|266|209|170|12|24|43|53|241|283|9|30|8|26|0|21|0|21|39|39|512|258|199|169|12|24|39|56|241|283|0|21|0|21|0|21|0|21|21|25|49|74|10|29|0|21|4|7|0|21|9|30|8|26|0|21|0|21|18|24|0|21|0|21|0|21|0|21|0|21|0|21|0|21|0|21|0|21|0|21|0|21|0|21|0|21|0|21|0|21|0|21|0|21|0|21|0|21|0|21|0|21|0|21|0|21|0|21|0|21|0|21|0|21|0|21|0|21|0|21|0|21|0|21|0|21|0|21|0|21|0|21|0|21|0|21|0|21|0|21|105|107|67|71|0|21|0|21|0|21|0|21|0|21|0|21|0|21|38|71|57|48|0|21|3|10|11|19|0|21|0|21|0|21|0|21|5|12|38|49
1600000US3701760|1805|392|110|196|177|188|167|139|274|216|169|121|88|85|323|181|222|140|275|234|1796|389|101|194|177|188|167|139|274|216|169|121|88|85|323|181|222|140|275|234|1599|346|101|194|153|180|153|135|255|229|169|121|88|85|183|136|222|140|275|234|197|161|0|19|24|36|14|25|19|37|0|19|0|19|140|172|0|19|0|19|173|163|0|19|14|23|0|19|19|37|0|19|0|19|140|172|0|19|0|19|24|31|0|19|10|19|14|25|0|19|0|19|0|19|0|19|0|19|0|19|0|19|0|19|0|19|0|19|0|19|0|19|0|19|0|19|0|19|0|19|0|19|0|19|0|19|0|19|0|19|0|19|0|19|0|19|0|19|0|19|0|19|0|19|0|19|0|19|0|19|0|19|0|19|0|19|0|19|0|19|0|19|0|19|0|19|0|19|0|19|0|19|0|19|0|19|0|19|0|19|0|19|0|19|0|19|0|19|0|19|0|19|0|19|0|19|0|19|0|19|9|16|9|16|0|19|0|19|0|19|0|19|0|19|0|19|0|19|0|19
1600000US3701972|191|96|9|19|0|14|29|35|88|59|19|22|23|19|0|14|0|14|23|35|191|96|9|19|0|14|29|35|88|59|19|22|23|19|0|14|0|14|23|35|181|97|9|19|0|14|29|35|88|59|9|16|23|19|0|14|0|14|23|35|10|18|0|14|0|14|0|14|0|14|10|18|0|14|0|14|0|14|0|14|10|18|0|14|0|14|0|14|0|14|10|18|0|14|0|14|0|14|0|14|0|14|0|14|0|14|0|14|0|14|0|14|0|14|0|14|0|14|0|14|0|14|0|14|0|14|0|14|0|14|0|14|0|14|0|14|0|14|0|14|0|14|0|14|0|14|0|14|0|14|0|14|0|14|0|14|0|14|0|14|0|14|0|14|0|14|0|14|0|14|0|14|0|14|0|14|0|14|0|14|0|14|0|14|0|14|0|14|0|14|0|14|0|14|0|14|0|14|0|14|0|14|0|14|0|14|0|14|0|14|0|14|0|14|0|14|0|14|0|14|0|14|0|14|0|14|0|14|0|14|0|14|0|14|0|14|0|14|0|14
1600000US3702080|11486|677|2709|495|2731|548|1569|488|974|310|362|168|1128|316|964|295|380|208|669|281|11340|691|2709|495|2730|547|1567|488|960|309|362|168|1122|313|964|295|257|121|669|281|10040|656|2518|473|2460|504|1317|456|876|320|327|156|903|290|904|301|216|101|519|240|1300|382|191|120|270|188|250|155|84|94|35|61|219|137|60|59|41|55|150|117|800|221|119|81|119|86|141|100|28|47|35|61|210|136|20|23|41|55|87|76|500|319|72|85|151|163|109|120|56|81|0|25|9|14|40|55|0|25|63|88|0|25|0|25|0|25|0|25|0|25|0|25|0|25|0|25|0|25|0|25|0|25|0|25|0|25|0|25|0|25|0|25|0|25|0|25|0|25|0|25|0|25|0|25|0|25|0|25|0|25|0|25|0|25|0|25|0|25|0|25|0|25|0|25|0|25|0|25|0|25|0|25|0|25|0|25|0|25|0|25|1|4|0|25|1|4|0|25|0|25|0|25|0|25|0|25|0|25|0|25|145|169|0|25|0|25|2|4|14|24|0|25|6|10|0|25|123|166|0|25
1600000US3702140|38157|1528|4700|728|7527|912|10343|1031|9101|1352|1856|504|1971|372|915|281|870|241|874|251|34842|1620|3728|675|6871|900|9820|1006|8649|1351|1569|476|1654|321|881|282|845|242|825|251|31535|1533|3144|513|6210|874|8771|1035|8218|1313|1374|395|1540|313|828|264|724|230|726|251|3307|694|584|269|661|280|1049|409|431|232|195|245|114|63|53|50|121|94|99|72|2416|511|334|196|609|268|667|247|331|221|184|245|70|48|36|40|97|83|88|73|891|449|250|190|52|49|382|355|100|67|11|19|44|36|17|30|24|38|11|19|619|353|22|29|40|67|39|63|81|74|223|263|192|196|0|32|0|32|22|35|619|353|22|29|40|67|39|63|81|74|223|263|192|196|0|32|0|32|22|35|0|32|0|32|0|32|0|32|0|32|0|32|0|32|0|32|0|32|0|32|0|32|0|32|0|32|0|32|0|32|0|32|0|32|0|32|0|32|0|32|1609|412|919|324|195|111|248|123|145|105|16|19|34|35|0|32|25|28|27|36|1087|304|31|32|421|188|236|189|226|124|48|73|91|71|34|48|0|32|0|32
1600000US3702240|124|68|48|55|6|10|14|21|20|24|13|21|0|14|0|14|12|19|11|18|124|68|48|55|6|10|14|21|20|24|13|21|0|14|0|14|12|19|11|18|115|68|48|55|6|10|14|21|11|18|13|21|0|14|0|14|12|19|11|18|9|14|0|14|0|14|0|14|9|14|0|14|0|14|0|14|0|14|0|14|9|14|0|14|0|14|0|14|9|14|0|14|0|14|0|14|0|14|0|14|0|14|0|14|0|14|0|14|0|14|0|14|0|14|0|14|0|14|0|14|0|14|0|14|0|14|0|14|0|14|0|14|0|14|0|14|0|14|0|14|0|14|0|14|0|14|0|14|0|14|0|14|0|14|0|14|0|14|0|14|0|14|0|14|0|14|0|14|0|14|0|14|0|14|0|14|0|14|0|14|0|14|0|14|0|14|0|14|0|14|0|14|0|14|0|14|0|14|0|14|0|14|0|14|0|14|0|14|0|14|0|14|0|14|0|14|0|14|0|14|0|14|0|14|0|14|0|14|0|14|0|14|0|14|0|14|0|14|0|14
1600000US3702320|63|31|7|9|3|5|10|12|2|3|6|7|26|18|2|7|2|5|5|7|63|31|7|9|3|5|10|12|2|3|6|7|26|18|2|7|2|5|5|7|58|31|6|8|3|5|10|12|2|3|6|7|25|17|2|7|2|5|2|3|5|7|1|5|0|14|0|14|0|14|0|14|1|2|0|14|0|14|3|6|1|2|0|14|0|14|0|14|0|14|0|14|1|2|0|14|0|14|0|14|4|8|1|5|0|14|0|14|0|14|0|14|0|14|0|14|0|14|3|6|0|14|0|14|0|14|0|14|0|14|0|14|0|14|0|14|0|14|0|14|0|14|0|14|0|14|0|14|0|14|0|14|0|14|0|14|0|14|0|14|0|14|0|14|0|14|0|14|0|14|0|14|0|14|0|14|0|14|0|14|0|14|0|14|0|14|0|14|0|14|0|14|0|14|0|14|0|14|0|14|0|14|0|14|0|14|0|14|0|14|0|14|0|14|0|14|0|14|0|14|0|14|0|14|0|14|0|14|0|14|0|14|0|14|0|14|0|14|0|14
1600000US3702460|165|77|13|17|5|7|11|13|9|8|21|20|22|30|34|26|40|28|10|11|165|77|13|17|5|7|11|13|9|8|21|20|22|30|34|26|40|28|10|11|150|69|13|17|5|7|11|13|9|8|21|20|10|18|34|26|40|28|7|10|15|22|0|14|0|14|0|14|0|14|0|14|12|20|0|14|0|14|3|6|15|22|0|14|0|14|0|14|0|14|0|14|12|20|0|14|0|14|3|6|0|14|0|14|0|14|0|14|0|14|0|14|0|14|0|14|0|14|0|14|0|14|0|14|0|14|0|14|0|14|0|14|0|14|0|14|0|14|0|14|0|14|0|14|0|14|0|14|0|14|0|14|0|14|0|14|0|14|0|14|0|14|0|14|0|14|0|14|0|14|0|14|0|14|0|14|0|14|0|14|0|14|0|14|0|14|0|14|0|14|0|14|0|14|0|14|0|14|0|14|0|14|0|14|0|14|0|14|0|14|0|14|0|14|0|14|0|14|0|14|0|14|0|14|0|14|0|14|0|14|0|14|0|14|0|14|0|14|0|14
1600000US3702480|163|111|80|71|6|9|0|14|14|14|0|14|0|14|6|10|25|24|32|33|142|103|59|64|6|9|0|14|14|14|0|14|0|14|6|10|25|24|32|33|142|103|59|64|6|9|0|14|14|14|0|14|0|14|6|10|25|24|32|33|0|14|0|14|0|14|0|14|0|14|0|14|0|14|0|14|0|14|0|14|0|14|0|14|0|14|0|14|0|14|0|14|0|14|0|14|0|14|0|14|0|14|0|14|0|14|0|14|0|14|0|14|0|14|0|14|0|14|0|14|0|14|0|14|0|14|0|14|0|14|0|14|0|14|0|14|0|14|0|14|0|14|0|14|0|14|0|14|0|14|0|14|0|14|0|14|0|14|0|14|0|14|0|14|0|14|0|14|0|14|0|14|0|14|0|14|0|14|0|14|0|14|0|14|0|14|0|14|0|14|0|14|0|14|0|14|0|14|0|14|1|13|1|13|0|14|0|14|0|14|0|14|0|14|0|14|0|14|0|14|20|26|20|26|0|14|0|14|0|14|0|14|0|14|0|14|0|14|0|14
1600000US3702500|598|185|107|68|237|91|69|65|70|69|12|11|48|34|20|22|0|14|35|27|591|185|100|67|237|91|69|65|70|69|12|11|48|34|20|22|0|14|35|27|533|168|100|67|237|91|31|23|70|69|12|11|48|34|0|14|0|14|35|27|58|77|0|14|0|14|38|60|0|14|0|14|0|14|20|22|0|14|0|14|58|77|0|14|0|14|38|60|0|14|0|14|0|14|20|22|0|14|0|14|0|14|0|14|0|14|0|14|0|14|0|14|0|14|0|14|0|14|0|14|0|14|0|14|0|14|0|14|0|14|0|14|0|14|0|14|0|14|0|14|0|14|0|14|0|14|0|14|0|14|0|14|0|14|0|14|0|14|0|14|0|14|0|14|0|14|0|14|0|14|0|14|0|14|0|14|0|14|0|14|0|14|0|14|0|14|0|14|0|14|0|14|0|14|0|14|0|14|0|14|7|9|7|9|0|14|0|14|0|14|0|14|0|14|0|14|0|14|0|14|0|14|0|14|0|14|0|14|0|14|0|14|0|14|0|14|0|14|0|14
1600000US3702580|209|103|23|20|39|52|55|47|10|20|0|14|16|27|0|14|6|11|60|41|194|98|20|20|39|52|43|42|10|20|0|14|16|27|0|14|6|11|60|41|183|95|20|20|39|52|41|41|10|20|0|14|7|13|0|14|6|11|60|41|11|16|0|14|0|14|2|4|0|14|0|14|9|15|0|14|0|14|0|14|2|4|0|14|0|14|2|4|0|14|0|14|0|14|0|14|0|14|0|14|9|15|0|14|0|14|0|14|0|14|0|14|9|15|0|14|0|14|0|14|0|14|0|14|0|14|0|14|0|14|0|14|0|14|0|14|0|14|0|14|0|14|0|14|0|14|0|14|0|14|0|14|0|14|0|14|0|14|0|14|0|14|0|14|0|14|0|14|0|14|0|14|0|14|0|14|0|14|0|14|0|14|0|14|0|14|0|14|0|14|0|14|0|14|0|14|0|14|0|14|15|24|3|9|0|14|12|21|0|14|0|14|0|14|0|14|0|14|0|14|0|14|0|14|0|14|0|14|0|14|0|14|0|14|0|14|0|14|0|14
1600000US3702620|173|66|81|51|10|14|20|17|32|28|6|9|9|13|11|9|0|14|4|9|166|64|81|51|10|14|13|14|32|28|6|9|9|13|11|9|0|14|4|9|121|50|60|36|8|13|9|12|22|23|6|9|3|6|9|9|0|14|4|9|45|39|21|25|2|3|4|6|10|16|0|14|6|11|2|3|0|14|0|14|32|32|8|13|2|3|4|6|10|16|0|14|6|11|2|3|0|14|0|14|13|20|13|20|0|14|0|14|0|14|0|14|0|14|0|14|0|14|0|14|0|14|0|14|0|14|0|14|0|14|0|14|0|14|0|14|0|14|0|14|0|14|0|14|0|14|0|14|0|14|0|14|0|14|0|14|0|14|0|14|0|14|0|14|0|14|0|14|0|14|0|14|0|14|0|14|0|14|0|14|0|14|0|14|0|14|0|14|0|14|0|14|0|14|0|14|0|14|0|14|0|14|0|14|0|14|0|14|0|14|0|14|0|14|0|14|0|14|0|14|7|12|0|14|0|14|7|12|0|14|0|14|0|14|0|14|0|14|0|14
1600000US3702700|64|37|2|3|11|14|3|4|9|12|2|5|15|19|21|20|0|14|1|2|64|37|2|3|11|14|3|4|9|12|2|5|15|19|21|20|0|14|1|2|51|31|2|3|11|14|3|4|9|12|2|5|14|19|10|9|0|14|0|14|13|18|0|14|0|14|0|14|0|14|0|14|1|2|11|17|0|14|1|2|13|18|0|14|0|14|0|14|0|14|0|14|1|2|11|17|0|14|1|2|0|14|0|14|0|14|0|14|0|14|0|14|0|14|0|14|0|14|0|14|0|14|0|14|0|14|0|14|0|14|0|14|0|14|0|14|0|14|0|14|0|14|0|14|0|14|0|14|0|14|0|14|0|14|0|14|0|14|0|14|0|14|0|14|0|14|0|14|0|14|0|14|0|14|0|14|0|14|0|14|0|14|0|14|0|14|0|14|0|14|0|14|0|14|0|14|0|14|0|14|0|14|0|14|0|14|0|14|0|14|0|14|0|14|0|14|0|14|0|14|0|14|0|14|0|14|0|14|0|14|0|14|0|14|0|14|0|14|0|14
1600000US3702760|1585|895|193|249|311|174|206|171|697|548|77|87|101|84|0|14|0|14|0|14|1226|694|0|14|145|94|206|171|697|548|77|87|101|84|0|14|0|14|0|14|1083|676|0|14|145|94|151|152|657|543|33|40|97|86|0|14|0|14|0|14|143|117|0|14|0|14|55|58|40|65|44|76|4|11|0|14|0|14|0|14|134|113|0|14|0|14|46|54|40|65|44|76|4|11|0|14|0|14|0|14|9|21|0|14|0|14|9|21|0|14|0|14|0|14|0|14|0|14|0|14|0|14|0|14|0|14|0|14|0|14|0|14|0|14|0|14|0|14|0|14|0|14|0|14|0|14|0|14|0|14|0|14|0|14|0|14|0|14|0|14|0|14|0|14|0|14|0|14|0|14|0|14|0|14|0|14|0|14|0|14|0|14|0|14|0|14|0|14|0|14|0|14|0|14|0|14|0|14|0|14|0|14|0|14|0|14|0|14|0|14|0|14|0|14|0|14|0|14|0|14|359|375|193|249|166|144|0|14|0|14|0|14|0|14|0|14|0|14|0|14
1600000US3702780|190|142|0|14|31|49|80|101|51|58|0|14|0|14|0|14|28|48|0|14|190|142|0|14|31|49|80|101|51|58|0|14|0|14|0|14|28|48|0|14|190|142|0|14|31|49|80|101|51|58|0|14|0|14|0|14|28|48|0|14|0|14|0|14|0|14|0|14|0|14|0|14|0|14|0|14|0|14|0|14|0|14|0|14|0|14|0|14|0|14|0|14|0|14|0|14|0|14|0|14|0|14|0|14|0|14|0|14|0|14|0|14|0|14|0|14|0|14|0|14|0|14|0|14|0|14|0|14|0|14|0|14|0|14|0|14|0|14|0|14|0|14|0|14|0|14|0|14|0|14|0|14|0|14|0|14|0|14|0|14|0|14|0|14|0|14|0|14|0|14|0|14|0|14|0|14|0|14|0|14|0|14|0|14|0|14|0|14|0|14|0|14|0|14|0|14|0|14|0|14|0|14|0|14|0|14|0|14|0|14|0|14|0|14|0|14|0|14|0|14|0|14|0|14|0|14|0|14|0|14|0|14|0|14|0|14|0|14|0|14
1600000US3702840|2042|252|296|172|197|164|350|148|626|305|93|75|190|103|42|38|165|120|83|71|1970|251|259|167|173|159|348|147|626|305|93|75|190|103|42|38|165|120|74|68|1878|261|259|167|173|159|348|147|601|299|87|75|150|105|21|39|165|120|74|68|92|69|0|19|0|19|0|19|25|42|6|9|40|38|21|35|0|19|0|19|57|59|0|19|0|19|0|19|25|42|6|9|26|32|0|19|0|19|0|19|35|42|0|19|0|19|0|19|0|19|0|19|14|22|21|35|0|19|0|19|0|19|0|19|0|19|0|19|0|19|0|19|0|19|0|19|0|19|0|19|0|19|0|19|0|19|0|19|0|19|0|19|0|19|0|19|0|19|0|19|0|19|0|19|0|19|0|19|0|19|0|19|0|19|0|19|0|19|0|19|0|19|0|19|0|19|0|19|0|19|0|19|0|19|0|19|0|19|0|19|0|19|0|19|0|19|0|19|0|19|0|19|0|19|0|19|0|19|0|19|72|71|37|56|24|38|2|5|0|19|0|19|0|19|0|19|0|19|9|14
1600000US3702960|529|155|26|27|139|81|128|61|91|54|14|21|12|10|45|33|37|31|37|34|517|151|22|23|139|81|128|61|91|54|14|21|12|10|45|33|37|31|29|29|432|142|22|23|124|80|88|49|73|50|14|21|12|10|33|28|37|31|29|29|85|56|0|14|15|18|40|37|18|23|0|14|0|14|12|16|0|14|0|14|85|56|0|14|15|18|40|37|18|23|0|14|0|14|12|16|0|14|0|14|0|14|0|14|0|14|0|14|0|14|0|14|0|14|0|14|0|14|0|14|0|14|0|14|0|14|0|14|0|14|0|14|0|14|0|14|0|14|0|14|0|14|0|14|0|14|0|14|0|14|0|14|0|14|0|14|0|14|0|14|0|14|0|14|0|14|0|14|0|14|0|14|0|14|0|14|0|14|0|14|0|14|0|14|0|14|0|14|0|14|0|14|0|14|0|14|0|14|0|14|0|14|0|14|0|14|0|14|0|14|0|14|0|14|0|14|0|14|0|14|12|15|4|9|0|14|0|14|0|14|0|14|0|14|0|14|0|14|8|12
1600000US3703020|138|61|10|17|7|11|24|17|27|28|8|12|25|19|19|17|12|19|6|9|138|61|10|17|7|11|24|17|27|28|8|12|25|19|19|17|12|19|6|9|130|58|10|17|5|10|22|17|25|27|8|12|25|19|17|16|12|19|6|9|8|7|0|14|2|4|2|3|2|3|0|14|0|14|2|4|0|14|0|14|8|7|0|14|2|4|2|3|2|3|0|14|0|14|2|4|0|14|0|14|0|14|0|14|0|14|0|14|0|14|0|14|0|14|0|14|0|14|0|14|0|14|0|14|0|14|0|14|0|14|0|14|0|14|0|14|0|14|0|14|0|14|0|14|0|14|0|14|0|14|0|14|0|14|0|14|0|14|0|14|0|14|0|14|0|14|0|14|0|14|0|14|0|14|0|14|0|14|0|14|0|14|0|14|0|14|0|14|0|14|0|14|0|14|0|14|0|14|0|14|0|14|0|14|0|14|0|14|0|14|0|14|0|14|0|14|0|14|0|14|0|14|0|14|0|14|0|14|0|14|0|14|0|14|0|14|0|14|0|14
1600000US3703100|245|159|135|125|18|21|30|31|19|20|2|4|18|27|8|14|5|6|10|13|233|153|125|119|18|21|28|31|19|20|2|4|18|27|8|14|5|6|10|13|218|151|119|120|18|21|21|22|19|20|0|14|18|27|8|14|5|6|10|13|15|25|6|10|0|14|7|21|0|14|2|4|0|14|0|14|0|14|0|14|10|12|6|10|0|14|2|4|0|14|2|4|0|14|0|14|0|14|0|14|5|20|0|14|0|14|5|20|0|14|0|14|0|14|0|14|0|14|0|14|0|14|0|14|0|14|0|14|0|14|0|14|0|14|0|14|0|14|0|14|0|14|0|14|0|14|0|14|0|14|0|14|0|14|0|14|0|14|0|14|0|14|0|14|0|14|0|14|0|14|0|14|0|14|0|14|0|14|0|14|0|14|0|14|0|14|0|14|0|14|0|14|0|14|0|14|0|14|0|14|12|15|10|15|0|14|2|3|0|14|0|14|0|14|0|14|0|14|0|14|0|14|0|14|0|14|0|14|0|14|0|14|0|14|0|14|0|14|0|14
1600000US3703150|26|10|12|7|4|4|0|14|4|4|0|14|2|2|0|14|0|14|4|3|9|5|5|5|0|14|0|14|0|14|0|14|2|2|0|14|0|14|2|2|9|5|5|5|0|14|0|14|0|14|0|14|2|2|0|14|0|14|2|2|0|14|0|14|0|14|0|14|0|14|0|14|0|14|0|14|0|14|0|14|0|14|0|14|0|14|0|14|0|14|0|14|0|14|0|14|0|14|0|14|0|14|0|14|0|14|0|14|0|14|0|14|0|14|0|14|0|14|0|14|0|14|0|14|0|14|0|14|0|14|0|14|0|14|0|14|0|14|0|14|0|14|0|14|0|14|0|14|0|14|0|14|0|14|0|14|0|14|0|14|0|14|0|14|0|14|0|14|0|14|0|14|0|14|0|14|0|14|0|14|0|14|0|14|0|14|0|14|0|14|0|14|0|14|0|14|0|14|0|14|4|4|4|4|0|14|0|14|0|14|0|14|0|14|0|14|0|14|0|14|13|6|3|3|4|4|0|14|4|4|0|14|0|14|0|14|0|14|2|2
1600000US3703220|709|206|69|62|191|103|188|90|89|83|17|27|100|68|43|36|0|14|12|19|682|203|61|59|172|103|188|90|89|83|17|27|100|68|43|36|0|14|12|19|640|201|61|59|163|101|188|90|89|83|0|14|100|68|27|26|0|14|12|19|42|34|0|14|9|16|0|14|0|14|17|27|0|14|16|20|0|14|0|14|28|31|0|14|0|14|0|14|0|14|17|27|0|14|11|18|0|14|0|14|14|18|0|14|9|16|0|14|0|14|0|14|0|14|5|11|0|14|0|14|0|14|0|14|0|14|0|14|0|14|0|14|0|14|0|14|0|14|0|14|0|14|0|14|0|14|0|14|0|14|0|14|0|14|0|14|0|14|0|14|0|14|0|14|0|14|0|14|0|14|0|14|0|14|0|14|0|14|0|14|0|14|0|14|0|14|0|14|0|14|0|14|0|14|0|14|0|14|0|14|0|14|0|14|0|14|0|14|0|14|0|14|0|14|0|14|0|14|0|14|27|29|8|19|19|22|0|14|0|14|0|14|0|14|0|14|0|14|0|14
1600000US3703500|331|128|150|94|96|61|21|22|24|30|5|6|16|13|19|16|0|14|0|14|291|118|128|84|78|54|21|22|24|30|5|6|16|13|19|16|0|14|0|14|268|113|123|83|72|52|15|21|24|30|5|6|16|13|13|12|0|14|0|14|23|20|5|11|6|13|6|7|0|14|0|14|0|14|6|8|0|14|0|14|17|18|5|11|6|13|6|7|0|14|0|14|0|14|0|14|0|14|0|14|6|8|0|14|0|14|0|14|0|14|0|14|0|14|6|8|0|14|0|14|0|14|0|14|0|14|0|14|0|14|0|14|0|14|0|14|0|14|0|14|0|14|0|14|0|14|0|14|0|14|0|14|0|14|0|14|0|14|0|14|0|14|0|14|0|14|0|14|0|14|0|14|0|14|0|14|0|14|0|14|0|14|0|14|0|14|0|14|0|14|0|14|0|14|0|14|0|14|0|14|40|47|22|35|18|30|0|14|0|14|0|14|0|14|0|14|0|14|0|14|0|14|0|14|0|14|0|14|0|14|0|14|0|14|0|14|0|14|0|14
1600000US3703530|2571|613|129|99|141|146|278|213|285|160|362|199|299|203|242|173|221|135|614|490|2500|616|88|93|141|146|278|213|255|154|362|199|299|203|242|173|221|135|614|490|2323|604|55|73|141|146|218|206|193|125|340|188|299|203|242|173|221|135|614|490|177|106|33|57|0|19|60|57|62|64|22|40|0|19|0|19|0|19|0|19|93|79|33|57|0|19|60|57|0|19|0|19|0|19|0|19|0|19|0|19|84|76|0|19|0|19|0|19|62|64|22|40|0|19|0|19|0|19|0|19|0|19|0|19|0|19|0|19|0|19|0|19|0|19|0|19|0|19|0|19|0|19|0|19|0|19|0|19|0|19|0|19|0|19|0|19|0|19|0|19|0|19|0|19|0|19|0|19|0|19|0|19|0|19|0|19|0|19|0|19|0|19|0|19|0|19|0|19|0|19|0|19|0|19|0|19|0|19|0|19|71|70|41|48|0|19|0|19|30|49|0|19|0|19|0|19|0|19|0|19|0|19|0|19|0|19|0|19|0|19|0|19|0|19|0|19|0|19|0|19
1600000US3703640|641|281|52|41|325|226|100|120|19|33|0|14|109|100|12|23|24|24|0|14|641|281|52|41|325|226|100|120|19|33|0|14|109|100|12|23|24|24|0|14|641|281|52|41|325|226|100|120|19|33|0|14|109|100|12|23|24|24|0|14|0|14|0|14|0|14|0|14|0|14|0|14|0|14|0|14|0|14|0|14|0|14|0|14|0|14|0|14|0|14|0|14|0|14|0|14|0|14|0|14|0|14|0|14|0|14|0|14|0|14|0|14|0|14|0|14|0|14|0|14|0|14|0|14|0|14|0|14|0|14|0|14|0|14|0|14|0|14|0|14|0|14|0|14|0|14|0|14|0|14|0|14|0|14|0|14|0|14|0|14|0|14|0|14|0|14|0|14|0|14|0|14|0|14|0|14|0|14|0|14|0|14|0|14|0|14|0|14|0|14|0|14|0|14|0|14|0|14|0|14|0|14|0|14|0|14|0|14|0|14|0|14|0|14|0|14|0|14|0|14|0|14|0|14|0|14|0|14|0|14|0|14|0|14|0|14|0|14|0|14
1600000US3703665|598|202|80|57|27|26|133|76|181|107|69|78|63|54|0|14|36|35|9|15|598|202|80|57|27|26|133|76|181|107|69|78|63|54|0|14|36|35|9|15|584|203|80|57|27|26|128|74|181|107|69|78|63|54|0|14|36|35|0|14|14|19|0|14|0|14|5|11|0|14|0|14|0|14|0|14|0|14|9|15|5|11|0|14|0|14|5|11|0|14|0|14|0|14|0|14|0|14|0|14|9|15|0|14|0|14|0|14|0|14|0|14|0|14|0|14|0|14|9|15|0|14|0|14|0|14|0|14|0|14|0|14|0|14|0|14|0|14|0|14|0|14|0|14|0|14|0|14|0|14|0|14|0|14|0|14|0|14|0|14|0|14|0|14|0|14|0|14|0|14|0|14|0|14|0|14|0|14|0|14|0|14|0|14|0|14|0|14|0|14|0|14|0|14|0|14|0|14|0|14|0|14|0|14|0|14|0|14|0|14|0|14|0|14|0|14|0|14|0|14|0|14|0|14|0|14|0|14|0|14|0|14|0|14|0|14|0|14|0|14
1600000US3703720|129|88|0|14|0|14|11|17|0|14|0|14|93|90|25|27|0|14|0|14|129|88|0|14|0|14|11|17|0|14|0|14|93|90|25|27|0|14|0|14|69|59|0|14|0|14|11|17|0|14|0|14|33|50|25|27|0|14|0|14|60|79|0|14|0|14|0|14|0|14|0|14|60|79|0|14|0|14|0|14|60|79|0|14|0|14|0|14|0|14|0|14|60|79|0|14|0|14|0|14|0|14|0|14|0|14|0|14|0|14|0|14|0|14|0|14|0|14|0|14|0|14|0|14|0|14|0|14|0|14|0|14|0|14|0|14|0|14|0|14|0|14|0|14|0|14|0|14|0|14|0|14|0|14|0|14|0|14|0|14|0|14|0|14|0|14|0|14|0|14|0|14|0|14|0|14|0|14|0|14|0|14|0|14|0|14|0|14|0|14|0|14|0|14|0|14|0|14|0|14|0|14|0|14|0|14|0|14|0|14|0|14|0|14|0|14|0|14|0|14|0|14|0|14|0|14|0|14|0|14|0|14|0|14|0|14|0|14|0|14
1600000US3703840|128|59|40|37|5|7|6|6|26|25|1|2|3|5|18|21|19|19|10|11|124|59|36|37|5|7|6|6|26|25|1|2|3|5|18|21|19|19|10|11|120|59|36|37|5|7|6|6|24|23|1|2|3|5|18|21|17|18|10|11|4|5|0|14|0|14|0|14|2|5|0|14|0|14|0|14|2|3|0|14|4|5|0|14|0|14|0|14|2|5|0|14|0|14|0|14|2|3|0|14|0|14|0|14|0|14|0|14|0|14|0|14|0|14|0|14|0|14|0|14|0|14|0|14|0|14|0|14|0|14|0|14|0|14|0|14|0|14|0|14|0|14|0|14|0|14|0|14|0|14|0|14|0|14|0|14|0|14|0|14|0|14|0|14|0|14|0|14|0|14|0|14|0|14|0|14|0|14|0|14|0|14|0|14|0|14|0|14|0|14|0|14|0|14|0|14|0|14|0|14|4|4|4|4|0|14|0|14|0|14|0|14|0|14|0|14|0|14|0|14|0|14|0|14|0|14|0|14|0|14|0|14|0|14|0|14|0|14|0|14
1600000US3703960|262|86|110|47|60|67|13|12|20|23|25|18|22|14|9|11|1|2|2|3|258|86|106|47|60|67|13|12|20|23|25|18|22|14|9|11|1|2|2|3|255|86|106|47|59|68|13|12|20|23|25|18|22|14|9|11|1|2|0|14|3|5|0|14|1|2|0|14|0|14|0|14|0|14|0|14|0|14|2|3|3|5|0|14|1|2|0|14|0|14|0|14|0|14|0|14|0|14|2|3|0|14|0|14|0|14|0|14|0|14|0|14|0|14|0|14|0|14|0|14|0|14|0|14|0|14|0|14|0|14|0|14|0|14|0|14|0|14|0|14|0|14|0|14|0|14|0|14|0|14|0|14|0|14|0|14|0|14|0|14|0|14|0|14|0|14|0|14|0|14|0|14|0|14|0|14|0|14|0|14|0|14|0|14|0|14|0|14|0|14|0|14|0|14|0|14|0|14|0|14|0|14|0|14|0|14|0|14|0|14|0|14|0|14|0|14|0|14|0|14|4|4|4|4|0|14|0|14|0|14|0|14|0|14|0|14|0|14|0|14
1600000US3704015|1061|311|150|85|105|87|257|165|161|102|118|78|218|134|18|28|34|38|0|14|1047|309|150|85|105|87|257|165|161|102|118|78|204|131|18|28|34|38|0|14|974|297|89|81|105|87|245|165|161|102|118|78|204|131|18|28|34|38|0|14|73|53|61|48|0|14|12|24|0|14|0|14|0|14|0|14|0|14|0|14|12|24|0|14|0|14|12|24|0|14|0|14|0|14|0|14|0|14|0|14|61|48|61|48|0|14|0|14|0|14|0|14|0|14|0|14|0|14|0|14|0|14|0|14|0|14|0|14|0|14|0|14|0|14|0|14|0|14|0|14|0|14|0|14|0|14|0|14|0|14|0|14|0|14|0|14|0|14|0|14|0|14|0|14|0|14|0|14|0|14|0|14|0|14|0|14|0|14|0|14|0|14|0|14|0|14|0|14|0|14|0|14|0|14|0|14|0|14|0|14|0|14|0|14|0|14|0|14|0|14|0|14|0|14|0|14|0|14|0|14|14|23|0|14|0|14|0|14|0|14|0|14|14|23|0|14|0|14|0|14
1600000US3704040|125|102|0|14|29|43|17|28|22|35|0|14|16|26|5|9|13|20|23|32|125|102|0|14|29|43|17|28|22|35|0|14|16|26|5|9|13|20|23|32|125|102|0|14|29|43|17|28|22|35|0|14|16|26|5|9|13|20|23|32|0|14|0|14|0|14|0|14|0|14|0|14|0|14|0|14|0|14|0|14|0|14|0|14|0|14|0|14|0|14|0|14|0|14|0|14|0|14|0|14|0|14|0|14|0|14|0|14|0|14|0|14|0|14|0|14|0|14|0|14|0|14|0|14|0|14|0|14|0|14|0|14|0|14|0|14|0|14|0|14|0|14|0|14|0|14|0|14|0|14|0|14|0|14|0|14|0|14|0|14|0|14|0|14|0|14|0|14|0|14|0|14|0|14|0|14|0|14|0|14|0|14|0|14|0|14|0|14|0|14|0|14|0|14|0|14|0|14|0|14|0|14|0|14|0|14|0|14|0|14|0|14|0|14|0|14|0|14|0|14|0|14|0|14|0|14|0|14|0|14|0|14|0|14|0|14|0|14|0|14
1600000US3704180|57|36|4|5|23|28|8|9|4|8|5|8|4|5|7|8|0|14|2|5|57|36|4|5|23|28|8|9|4|8|5|8|4|5|7|8|0|14|2|5|57|36|4|5|23|28|8|9|4|8|5|8|4|5|7|8|0|14|2|5|0|14|0|14|0|14|0|14|0|14|0|14|0|14|0|14|0|14|0|14|0|14|0|14|0|14|0|14|0|14|0|14|0|14|0|14|0|14|0|14|0|14|0|14|0|14|0|14|0|14|0|14|0|14|0|14|0|14|0|14|0|14|0|14|0|14|0|14|0|14|0|14|0|14|0|14|0|14|0|14|0|14|0|14|0|14|0|14|0|14|0|14|0|14|0|14|0|14|0|14|0|14|0|14|0|14|0|14|0|14|0|14|0|14|0|14|0|14|0|14|0|14|0|14|0|14|0|14|0|14|0|14|0|14|0|14|0|14|0|14|0|14|0|14|0|14|0|14|0|14|0|14|0|14|0|14|0|14|0|14|0|14|0|14|0|14|0|14|0|14|0|14|0|14|0|14|0|14|0|14
1600000US3704260|1636|260|431|137|223|107|415|147|247|119|108|93|108|60|23|36|33|48|48|47|1585|256|408|142|223|107|398|145|243|120|108|93|101|59|23|36|33|48|48|47|1500|279|385|140|223|107|364|147|243|120|108|93|96|59|0|14|33|48|48|47|85|60|23|30|0|14|34|35|0|14|0|14|5|11|23|36|0|14|0|14|36|33|11|21|0|14|20|25|0|14|0|14|5|11|0|14|0|14|0|14|49|54|12|22|0|14|14|24|0|14|0|14|0|14|23|36|0|14|0|14|7|12|0|14|0|14|0|14|0|14|0|14|7|12|0|14|0|14|0|14|7|12|0|14|0|14|0|14|0|14|0|14|7|12|0|14|0|14|0|14|0|14|0|14|0|14|0|14|0|14|0|14|0|14|0|14|0|14|0|14|0|14|0|14|0|14|0|14|0|14|0|14|0|14|0|14|0|14|0|14|4|7|0|14|0|14|0|14|4|7|0|14|0|14|0|14|0|14|0|14|40|37|23|24|0|14|17|29|0|14|0|14|0|14|0|14|0|14|0|14
1600000US3704510|256|80|29|17|18|14|29|15|67|39|4|5|32|18|28|23|37|29|12|17|238|77|20|16|12|9|26|14|67|39|4|5|32|18|28|23|37|29|12|17|191|63|20|16|12|9|23|14|56|36|4|5|19|12|8|8|37|29|12|17|47|31|0|14|0|14|3|4|11|17|0|14|13|15|20|21|0|14|0|14|47|31|0|14|0|14|3|4|11|17|0|14|13|15|20|21|0|14|0|14|0|14|0|14|0|14|0|14|0|14|0|14|0|14|0|14|0|14|0|14|0|14|0|14|0|14|0|14|0|14|0|14|0|14|0|14|0|14|0|14|0|14|0|14|0|14|0|14|0|14|0|14|0|14|0|14|0|14|0|14|0|14|0|14|0|14|0|14|0|14|0|14|0|14|0|14|0|14|0|14|0|14|0|14|0|14|0|14|0|14|0|14|0|14|0|14|0|14|0|14|9|10|4|5|5|9|0|14|0|14|0|14|0|14|0|14|0|14|0|14|9|6|5|5|1|2|3|3|0|14|0|14|0|14|0|14|0|14|0|14
1600000US3704640|390|125|134|57|60|47|6|9|26|21|31|36|21|22|25|19|27|25|60|37|368|122|117|56|55|44|6|9|26|21|31|36|21|22|25|19|27|25|60|37|335|115|111|55|53|44|0|14|19|19|31|36|13|18|25|19|26|25|57|37|33|19|6|6|2|3|6|9|7|9|0|14|8|12|0|14|1|3|3|5|16|15|1|2|2|3|6|9|7|9|0|14|0|14|0|14|0|14|0|14|17|14|5|5|0|14|0|14|0|14|0|14|8|12|0|14|1|3|3|5|0|14|0|14|0|14|0|14|0|14|0|14|0|14|0|14|0|14|0|14|0|14|0|14|0|14|0|14|0|14|0|14|0|14|0|14|0|14|0|14|0|14|0|14|0|14|0|14|0|14|0|14|0|14|0|14|0|14|0|14|0|14|0|14|0|14|0|14|0|14|0|14|0|14|0|14|0|14|0|14|22|15|17|13|5|7|0|14|0|14|0|14|0|14|0|14|0|14|0|14|0|14|0|14|0|14|0|14|0|14|0|14|0|14|0|14|0|14|0|14
1600000US3704680|149|137|43|68|0|14|12|20|36|58|21|31|0|14|0|14|37|59|0|14|106|118|0|14|0|14|12|20|36|58|21|31|0|14|0|14|37|59|0|14|69|65|0|14|0|14|12|20|36|58|21|31|0|14|0|14|0|14|0|14|37|59|0|14|0|14|0|14|0|14|0|14|0|14|0|14|37|59|0|14|37|59|0|14|0|14|0|14|0|14|0|14|0|14|0|14|37|59|0|14|0|14|0|14|0|14|0|14|0|14|0|14|0|14|0|14|0|14|0|14|0|14|0|14|0|14|0|14|0|14|0|14|0|14|0|14|0|14|0|14|0|14|0|14|0|14|0|14|0|14|0|14|0|14|0|14|0|14|0|14|0|14|0|14|0|14|0|14|0|14|0|14|0|14|0|14|0|14|0|14|0|14|0|14|0|14|0|14|0|14|0|14|0|14|0|14|0|14|0|14|43|68|43|68|0|14|0|14|0|14|0|14|0|14|0|14|0|14|0|14|0|14|0|14|0|14|0|14|0|14|0|14|0|14|0|14|0|14|0|14
1600000US3704840|5854|530|701|291|610|238|896|251|610|208|597|173|1007|252|681|268|413|155|339|126|5542|484|508|174|563|234|896|251|610|208|583|174|1007|252|681|268|395|151|299|118|5191|488|436|158|547|236|888|252|561|192|564|172|943|243|652|269|347|141|253|101|351|173|72|54|16|18|8|13|49|61|19|23|64|70|29|33|48|54|46|62|259|139|50|43|16|18|8|13|49|61|11|16|61|69|29|33|35|50|0|21|92|88|22|32|0|21|0|21|0|21|8|17|3|9|0|21|13|20|46|62|0|21|0|21|0|21|0|21|0|21|0|21|0|21|0|21|0|21|0|21|0|21|0|21|0|21|0|21|0|21|0|21|0|21|0|21|0|21|0|21|0|21|0|21|0|21|0|21|0|21|0|21|0|21|0|21|0|21|0|21|0|21|0|21|0|21|0|21|0|21|0|21|0|21|0|21|0|21|0|21|203|177|159|167|15|27|0|21|0|21|0|21|0|21|0|21|18|22|11|26|109|71|34|33|32|50|0|21|0|21|14|21|0|21|0|21|0|21|29|35
1600000US3704950|1105|154|60|39|129|59|232|73|247|108|113|61|134|64|35|24|93|64|62|45|1094|152|57|39|126|57|232|73|247|108|113|61|129|64|35|24|93|64|62|45|1037|142|57|39|126|57|210|65|218|90|111|61|128|63|32|24|93|64|62|45|57|56|0|14|0|14|22|36|29|42|2|3|1|3|3|5|0|14|0|14|54|56|0|14|0|14|22|36|29|42|2|3|1|3|0|14|0|14|0|14|3|5|0|14|0|14|0|14|0|14|0|14|0|14|3|5|0|14|0|14|0|14|0|14|0|14|0|14|0|14|0|14|0|14|0|14|0|14|0|14|0|14|0|14|0|14|0|14|0|14|0|14|0|14|0|14|0|14|0|14|0|14|0|14|0|14|0|14|0|14|0|14|0|14|0|14|0|14|0|14|0|14|0|14|0|14|0|14|0|14|0|14|0|14|0|14|0|14|0|14|3|6|3|6|0|14|0|14|0|14|0|14|0|14|0|14|0|14|0|14|8|11|0|14|3|9|0|14|0|14|0|14|5|8|0|14|0|14|0|14
1600000US3704955|130|100|0|14|52|65|0|14|23|33|5|9|50|78|0|14|0|14|0|14|130|100|0|14|52|65|0|14|23|33|5|9|50|78|0|14|0|14|0|14|114|98|0|14|36|62|0|14|23|33|5|9|50|78|0|14|0|14|0|14|16|25|0|14|16|25|0|14|0|14|0|14|0|14|0|14|0|14|0|14|16|25|0|14|16|25|0|14|0|14|0|14|0|14|0|14|0|14|0|14|0|14|0|14|0|14|0|14|0|14|0|14|0|14|0|14|0|14|0|14|0|14|0|14|0|14|0|14|0|14|0|14|0|14|0|14|0|14|0|14|0|14|0|14|0|14|0|14|0|14|0|14|0|14|0|14|0|14|0|14|0|14|0|14|0|14|0|14|0|14|0|14|0|14|0|14|0|14|0|14|0|14|0|14|0|14|0|14|0|14|0|14|0|14|0|14|0|14|0|14|0|14|0|14|0|14|0|14|0|14|0|14|0|14|0|14|0|14|0|14|0|14|0|14|0|14|0|14|0|14|0|14|0|14|0|14|0|14|0|14
1600000US3704960|331|127|15|12|3|5|18|13|24|14|43|38|40|28|39|28|109|99|40|24|329|127|13|11|3|5|18|13|24|14|43|38|40|28|39|28|109|99|40|24|317|127|13|11|3|5|18|13|24|14|43|38|37|28|39|28|100|99|40|24|12|12|0|14|0|14|0|14|0|14|0|14|3|4|0|14|9|10|0|14|12|12|0|14|0|14|0|14|0|14|0|14|3|4|0|14|9|10|0|14|0|14|0|14|0|14|0|14|0|14|0|14|0|14|0|14|0|14|0|14|0|14|0|14|0|14|0|14|0|14|0|14|0|14|0|14|0|14|0|14|0|14|0|14|0|14|0|14|0|14|0|14|0|14|0|14|0|14|0|14|0|14|0|14|0|14|0|14|0|14|0|14|0|14|0|14|0|14|0|14|0|14|0|14|0|14|0|14|0|14|0|14|0|14|0|14|0|14|0|14|0|14|0|14|0|14|0|14|0|14|0|14|0|14|0|14|0|14|0|14|2|4|2|4|0|14|0|14|0|14|0|14|0|14|0|14|0|14|0|14
1600000US3705020|95|95|0|14|0|14|0|14|0|14|63|81|32|51|0|14|0|14|0|14|95|95|0|14|0|14|0|14|0|14|63|81|32|51|0|14|0|14|0|14|95|95|0|14|0|14|0|14|0|14|63|81|32|51|0|14|0|14|0|14|0|14|0|14|0|14|0|14|0|14|0|14|0|14|0|14|0|14|0|14|0|14|0|14|0|14|0|14|0|14|0|14|0|14|0|14|0|14|0|14|0|14|0|14|0|14|0|14|0|14|0|14|0|14|0|14|0|14|0|14|0|14|0|14|0|14|0|14|0|14|0|14|0|14|0|14|0|14|0|14|0|14|0|14|0|14|0|14|0|14|0|14|0|14|0|14|0|14|0|14|0|14|0|14|0|14|0|14|0|14|0|14|0|14|0|14|0|14|0|14|0|14|0|14|0|14|0|14|0|14|0|14|0|14|0|14|0|14|0|14|0|14|0|14|0|14|0|14|0|14|0|14|0|14|0|14|0|14|0|14|0|14|0|14|0|14|0|14|0|14|0|14|0|14|0|14|0|14|0|14
1600000US3705040|1532|246|292|133|161|105|110|56|220|161|138|93|16|23|47|41|298|156|250|147|1532|246|292|133|161|105|110|56|220|161|138|93|16|23|47|41|298|156|250|147|1411|229|292|133|109|75|110|56|220|161|79|62|16|23|47|41|298|156|240|146|121|114|0|14|52|61|0|14|0|14|59|80|0|14|0|14|0|14|10|17|121|114|0|14|52|61|0|14|0|14|59|80|0|14|0|14|0|14|10|17|0|14|0|14|0|14|0|14|0|14|0|14|0|14|0|14|0|14|0|14|0|14|0|14|0|14|0|14|0|14|0|14|0|14|0|14|0|14|0|14|0|14|0|14|0|14|0|14|0|14|0|14|0|14|0|14|0|14|0|14|0|14|0|14|0|14|0|14|0|14|0|14|0|14|0|14|0|14|0|14|0|14|0|14|0|14|0|14|0|14|0|14|0|14|0|14|0|14|0|14|0|14|0|14|0|14|0|14|0|14|0|14|0|14|0|14|0|14|0|14|0|14|0|14|0|14|0|14|0|14|0|14|0|14|0|14|0|14|0|14
1600000US3705049|500|323|59|81|122|141|0|14|87|86|125|131|76|100|31|56|0|14|0|14|450|326|9|23|122|141|0|14|87|86|125|131|76|100|31|56|0|14|0|14|450|326|9|23|122|141|0|14|87|86|125|131|76|100|31|56|0|14|0|14|0|14|0|14|0|14|0|14|0|14|0|14|0|14|0|14|0|14|0|14|0|14|0|14|0|14|0|14|0|14|0|14|0|14|0|14|0|14|0|14|0|14|0|14|0|14|0|14|0|14|0|14|0|14|0|14|0|14|0|14|0|14|0|14|0|14|0|14|0|14|0|14|0|14|0|14|0|14|0|14|0|14|0|14|0|14|0|14|0|14|0|14|0|14|0|14|0|14|0|14|0|14|0|14|0|14|0|14|0|14|0|14|0|14|0|14|0|14|0|14|0|14|0|14|0|14|0|14|0|14|0|14|0|14|0|14|0|14|0|14|50|78|50|78|0|14|0|14|0|14|0|14|0|14|0|14|0|14|0|14|0|14|0|14|0|14|0|14|0|14|0|14|0|14|0|14|0|14|0|14
1600000US3705135|746|234|0|14|46|46|219|120|233|120|17|27|140|113|41|61|21|34|29|49|600|200|0|14|46|46|174|108|132|74|17|27|140|113|41|61|21|34|29|49|600|200|0|14|46|46|174|108|132|74|17|27|140|113|41|61|21|34|29|49|0|14|0|14|0|14|0|14|0|14|0|14|0|14|0|14|0|14|0|14|0|14|0|14|0|14|0|14|0|14|0|14|0|14|0|14|0|14|0|14|0|14|0|14|0|14|0|14|0|14|0|14|0|14|0|14|0|14|0|14|0|14|0|14|0|14|0|14|0|14|0|14|0|14|0|14|0|14|0|14|0|14|0|14|0|14|0|14|0|14|0|14|0|14|0|14|0|14|0|14|0|14|0|14|0|14|0|14|0|14|0|14|0|14|0|14|0|14|0|14|0|14|0|14|0|14|0|14|0|14|0|14|0|14|0|14|0|14|0|14|0|14|0|14|0|14|0|14|0|14|0|14|0|14|0|14|0|14|0|14|146|144|0|14|0|14|45|58|101|94|0|14|0|14|0|14|0|14|0|14
1600000US3705220|2360|303|196|154|242|117|701|337|226|106|116|85|192|95|173|90|406|170|108|59|2348|308|196|154|230|115|701|337|226|106|116|85|192|95|173|90|406|170|108|59|1941|232|173|149|208|110|569|209|200|100|82|66|172|90|173|90|302|159|62|51|407|272|23|36|22|29|132|167|26|24|34|51|20|24|0|19|104|111|46|41|381|270|23|36|14|24|132|167|17|21|34|51|11|18|0|19|104|111|46|41|26|44|0|19|8|14|0|19|9|15|0|19|9|15|0|19|0|19|0|19|0|19|0|19|0|19|0|19|0|19|0|19|0|19|0|19|0|19|0|19|0|19|0|19|0|19|0|19|0|19|0|19|0|19|0|19|0|19|0|19|0|19|0|19|0|19|0|19|0|19|0|19|0|19|0|19|0|19|0|19|0|19|0|19|0|19|0|19|0|19|0|19|0|19|0|19|0|19|0|19|0|19|0|19|0|19|0|19|0|19|0|19|0|19|0|19|0|19|0|19|12|24|0|19|12|24|0|19|0|19|0|19|0|19|0|19|0|19|0|19
1600000US3705340|141|57|7|9|12|12|21|18|23|18|37|30|14|14|9|13|8|13|10|9|131|55|4|8|10|11|21|18|23|18|37|30|14|14|9|13|8|13|5|8|106|40|4|8|10|11|21|18|23|18|20|16|14|14|2|3|7|12|5|8|25|27|0|14|0|14|0|14|0|14|17|25|0|14|7|10|1|3|0|14|25|27|0|14|0|14|0|14|0|14|17|25|0|14|7|10|1|3|0|14|0|14|0|14|0|14|0|14|0|14|0|14|0|14|0|14|0|14|0|14|2|4|0|14|2|4|0|14|0|14|0|14|0|14|0|14|0|14|0|14|2|4|0|14|2|4|0|14|0|14|0|14|0|14|0|14|0|14|0|14|0|14|0|14|0|14|0|14|0|14|0|14|0|14|0|14|0|14|0|14|0|14|0|14|0|14|0|14|0|14|0|14|0|14|0|14|0|14|0|14|3|5|3|5|0|14|0|14|0|14|0|14|0|14|0|14|0|14|0|14|5|6|0|14|0|14|0|14|0|14|0|14|0|14|0|14|0|14|5|6
1600000US3705460|653|201|18|17|63|47|134|85|65|41|139|87|169|120|22|18|31|34|12|14|648|201|18|17|58|46|134|85|65|41|139|87|169|120|22|18|31|34|12|14|601|198|13|14|53|46|130|84|65|41|139|87|156|118|22|18|11|13|12|14|47|42|5|8|5|10|4|8|0|14|0|14|13|20|0|14|20|31|0|14|34|36|5|8|5|10|4|8|0|14|0|14|0|14|0|14|20|31|0|14|13|20|0|14|0|14|0|14|0|14|0|14|13|20|0|14|0|14|0|14|0|14|0|14|0|14|0|14|0|14|0|14|0|14|0|14|0|14|0|14|0|14|0|14|0|14|0|14|0|14|0|14|0|14|0|14|0|14|0|14|0|14|0|14|0|14|0|14|0|14|0|14|0|14|0|14|0|14|0|14|0|14|0|14|0|14|0|14|0|14|0|14|0|14|0|14|0|14|0|14|5|8|0|14|5|8|0|14|0|14|0|14|0|14|0|14|0|14|0|14|0|14|0|14|0|14|0|14|0|14|0|14|0|14|0|14|0|14|0|14
1600000US3705530|1743|438|91|85|251|129|265|192|680|312|133|89|103|84|23|41|17|27|180|94|1692|441|75|81|242|128|265|192|680|312|133|89|103|84|23|41|17|27|154|89|1588|419|75|81|242|128|265|192|576|285|133|89|103|84|23|41|17|27|154|89|104|108|0|14|0|14|0|14|104|108|0|14|0|14|0|14|0|14|0|14|75|91|0|14|0|14|0|14|75|91|0|14|0|14|0|14|0|14|0|14|29|52|0|14|0|14|0|14|29|52|0|14|0|14|0|14|0|14|0|14|0|14|0|14|0|14|0|14|0|14|0|14|0|14|0|14|0|14|0|14|0|14|0|14|0|14|0|14|0|14|0|14|0|14|0|14|0|14|0|14|0|14|0|14|0|14|0|14|0|14|0|14|0|14|0|14|0|14|0|14|0|14|0|14|0|14|0|14|0|14|0|14|0|14|0|14|0|14|0|14|16|27|16|27|0|14|0|14|0|14|0|14|0|14|0|14|0|14|0|14|35|43|0|14|9|18|0|14|0|14|0|14|0|14|0|14|0|14|26|40
1600000US3705660|459|178|96|57|9|13|63|52|15|14|72|64|9|12|74|77|84|95|37|26|459|178|96|57|9|13|63|52|15|14|72|64|9|12|74|77|84|95|37|26|429|179|96|57|9|13|63|52|15|14|55|58|9|12|74|77|84|95|24|19|30|31|0|14|0|14|0|14|0|14|17|26|0|14|0|14|0|14|13|18|17|26|0|14|0|14|0|14|0|14|17|26|0|14|0|14|0|14|0|14|13|18|0|14|0|14|0|14|0|14|0|14|0|14|0|14|0|14|13|18|0|14|0|14|0|14|0|14|0|14|0|14|0|14|0|14|0|14|0|14|0|14|0|14|0|14|0|14|0|14|0|14|0|14|0|14|0|14|0|14|0|14|0|14|0|14|0|14|0|14|0|14|0|14|0|14|0|14|0|14|0|14|0|14|0|14|0|14|0|14|0|14|0|14|0|14|0|14|0|14|0|14|0|14|0|14|0|14|0|14|0|14|0|14|0|14|0|14|0|14|0|14|0|14|0|14|0|14|0|14|0|14|0|14|0|14|0|14|0|14
1600000US3705880|438|153|96|31|97|39|86|56|124|101|0|14|7|7|3|4|3|4|22|16|427|152|87|29|95|39|86|56|124|101|0|14|7|7|3|4|3|4|22|16|386|155|66|28|95|39|80|56|110|99|0|14|7|7|3|4|3|4|22|16|41|21|21|12|0|14|6|7|14|13|0|14|0|14|0|14|0|14|0|14|41|21|21|12|0|14|6|7|14|13|0|14|0|14|0|14|0|14|0|14|0|14|0|14|0|14|0|14|0|14|0|14|0|14|0|14|0|14|0|14|0|14|0|14|0|14|0|14|0|14|0|14|0|14|0|14|0|14|0|14|0|14|0|14|0|14|0|14|0|14|0|14|0|14|0|14|0|14|0|14|0|14|0|14|0|14|0|14|0|14|0|14|0|14|0|14|0|14|0|14|0|14|0|14|0|14|0|14|0|14|0|14|0|14|0|14|0|14|0|14|0|14|0|14|0|14|0|14|0|14|0|14|0|14|0|14|0|14|0|14|11|13|9|12|2|4|0|14|0|14|0|14|0|14|0|14|0|14|0|14
1600000US3706000|822|267|263|134|122|76|69|52|60|47|34|46|66|39|135|127|33|34|40|68|783|249|253|132|122|76|69|52|49|44|16|21|66|39|135|127|33|34|40|68|672|256|248|130|92|63|69|52|18|20|16|21|61|38|135|127|33|34|0|14|111|98|5|7|30|42|0|14|31|38|0|14|5|11|0|14|0|14|40|68|85|90|3|5|30|42|0|14|10|17|0|14|2|5|0|14|0|14|40|68|26|36|2|5|0|14|0|14|21|35|0|14|3|9|0|14|0|14|0|14|0|14|0|14|0|14|0|14|0|14|0|14|0|14|0|14|0|14|0|14|0|14|0|14|0|14|0|14|0|14|0|14|0|14|0|14|0|14|0|14|0|14|0|14|0|14|0|14|0|14|0|14|0|14|0|14|0|14|0|14|0|14|0|14|0|14|0|14|0|14|0|14|0|14|0|14|0|14|0|14|21|23|10|15|0|14|0|14|11|15|0|14|0|14|0|14|0|14|0|14|18|38|0|14|0|14|0|14|0|14|18|38|0|14|0|14|0|14|0|14
1600000US3706080|349|132|7|11|52|33|55|39|35|19|20|23|44|45|25|31|27|32|84|60|345|134|3|5|52|33|55|39|35|19|20|23|44|45|25|31|27|32|84|60|253|120|3|5|15|15|55|39|32|19|3|5|42|45|25|31|27|32|51|52|92|50|0|14|37|29|0|14|3|5|17|22|2|5|0|14|0|14|33|32|74|50|0|14|37|29|0|14|3|5|11|20|2|5|0|14|0|14|21|25|18|26|0|14|0|14|0|14|0|14|6|12|0|14|0|14|0|14|12|23|0|14|0|14|0|14|0|14|0|14|0|14|0|14|0|14|0|14|0|14|0|14|0|14|0|14|0|14|0|14|0|14|0|14|0|14|0|14|0|14|0|14|0|14|0|14|0|14|0|14|0|14|0|14|0|14|0|14|0|14|0|14|0|14|0|14|0|14|0|14|0|14|0|14|0|14|0|14|0|14|0|14|0|14|0|14|0|14|0|14|0|14|0|14|0|14|0|14|0|14|4|10|4|10|0|14|0|14|0|14|0|14|0|14|0|14|0|14|0|14
1600000US3706140|2806|458|742|208|472|198|477|242|353|185|191|96|207|84|83|53|122|85|159|77|2666|459|648|200|438|197|477|242|353|185|191|96|207|84|83|53|122|85|147|75|2430|471|643|200|422|191|441|240|273|146|152|86|178|80|70|50|122|85|129|74|236|147|5|10|16|24|36|35|80|104|39|44|29|31|13|20|0|19|18|26|197|136|0|19|16|24|26|28|76|104|19|31|29|31|13|20|0|19|18|26|39|41|5|10|0|19|10|16|4|8|20|33|0|19|0|19|0|19|0|19|0|19|0|19|0|19|0|19|0|19|0|19|0|19|0|19|0|19|0|19|0|19|0|19|0|19|0|19|0|19|0|19|0|19|0|19|0|19|0|19|0|19|0|19|0|19|0|19|0|19|0|19|0|19|0|19|0|19|0|19|0|19|0|19|0|19|0|19|0|19|0|19|0|19|0|19|0|19|0|19|115|59|94|57|21|25|0|19|0|19|0|19|0|19|0|19|0|19|0|19|25|28|0|19|13|22|0|19|0|19|0|19|0|19|0|19|0|19|12|19
1600000US3706240|693|244|156|123|76|77|64|45|143|98|36|34|119|88|13|13|57|50|29|26|667|233|131|107|75|77|64|45|143|98|36|34|119|88|13|13|57|50|29|26|655|230|131|107|75|77|64|45|143|98|36|34|107|83|13|13|57|50|29|26|12|21|0|14|0|14|0|14|0|14|0|14|12|21|0|14|0|14|0|14|12|21|0|14|0|14|0|14|0|14|0|14|12|21|0|14|0|14|0|14|0|14|0|14|0|14|0|14|0|14|0|14|0|14|0|14|0|14|0|14|0|14|0|14|0|14|0|14|0|14|0|14|0|14|0|14|0|14|0|14|0|14|0|14|0|14|0|14|0|14|0|14|0|14|0|14|0|14|0|14|0|14|0|14|0|14|0|14|0|14|0|14|0|14|0|14|0|14|0|14|0|14|0|14|0|14|0|14|0|14|0|14|0|14|0|14|0|14|0|14|26|42|25|41|1|5|0|14|0|14|0|14|0|14|0|14|0|14|0|14|0|14|0|14|0|14|0|14|0|14|0|14|0|14|0|14|0|14|0|14
1600000US3706500|425|155|198|137|31|28|78|49|73|61|0|14|9|15|0|14|0|14|36|52|406|148|184|130|31|28|73|48|73|61|0|14|9|15|0|14|0|14|36|52|404|148|184|130|31|28|71|48|73|61|0|14|9|15|0|14|0|14|36|52|2|4|0|14|0|14|2|4|0|14|0|14|0|14|0|14|0|14|0|14|2|4|0|14|0|14|2|4|0|14|0|14|0|14|0|14|0|14|0|14|0|14|0|14|0|14|0|14|0|14|0|14|0|14|0|14|0|14|0|14|0|14|0|14|0|14|0|14|0|14|0|14|0|14|0|14|0|14|0|14|0|14|0|14|0|14|0|14|0|14|0|14|0|14|0|14|0|14|0|14|0|14|0|14|0|14|0|14|0|14|0|14|0|14|0|14|0|14|0|14|0|14|0|14|0|14|0|14|0|14|0|14|0|14|0|14|0|14|0|14|5|8|0|14|0|14|5|8|0|14|0|14|0|14|0|14|0|14|0|14|14|24|14|24|0|14|0|14|0|14|0|14|0|14|0|14|0|14|0|14
1600000US3706510|34|35|0|14|0|14|12|20|0|14|0|14|22|19|0|14|0|14|0|14|34|35|0|14|0|14|12|20|0|14|0|14|22|19|0|14|0|14|0|14|34|35|0|14|0|14|12|20|0|14|0|14|22|19|0|14|0|14|0|14|0|14|0|14|0|14|0|14|0|14|0|14|0|14|0|14|0|14|0|14|0|14|0|14|0|14|0|14|0|14|0|14|0|14|0|14|0|14|0|14|0|14|0|14|0|14|0|14|0|14|0|14|0|14|0|14|0|14|0|14|0|14|0|14|0|14|0|14|0|14|0|14|0|14|0|14|0|14|0|14|0|14|0|14|0|14|0|14|0|14|0|14|0|14|0|14|0|14|0|14|0|14|0|14|0|14|0|14|0|14|0|14|0|14|0|14|0|14|0|14|0|14|0|14|0|14|0|14|0|14|0|14|0|14|0|14|0|14|0|14|0|14|0|14|0|14|0|14|0|14|0|14|0|14|0|14|0|14|0|14|0|14|0|14|0|14|0|14|0|14|0|14|0|14|0|14|0|14|0|14
1600000US3706660|107|90|7|9|10|19|2|4|30|33|0|14|15|14|27|36|2|3|14|27|107|90|7|9|10|19|2|4|30|33|0|14|15|14|27|36|2|3|14|27|95|88|7|9|0|14|2|4|30|33|0|14|15|14|25|36|2|3|14|27|12|20|0|14|10|19|0|14|0|14|0|14|0|14|2|4|0|14|0|14|10|19|0|14|10|19|0|14|0|14|0|14|0|14|0|14|0|14|0|14|2|4|0|14|0|14|0|14|0|14|0|14|0|14|2|4|0|14|0|14|0|14|0|14|0|14|0|14|0|14|0|14|0|14|0|14|0|14|0|14|0|14|0|14|0|14|0|14|0|14|0|14|0|14|0|14|0|14|0|14|0|14|0|14|0|14|0|14|0|14|0|14|0|14|0|14|0|14|0|14|0|14|0|14|0|14|0|14|0|14|0|14|0|14|0|14|0|14|0|14|0|14|0|14|0|14|0|14|0|14|0|14|0|14|0|14|0|14|0|14|0|14|0|14|0|14|0|14|0|14|0|14|0|14|0|14|0|14|0|14
1600000US3706740|324|99|33|22|25|19|65|32|61|34|55|39|39|21|24|23|20|13|2|3|324|99|33|22|25|19|65|32|61|34|55|39|39|21|24|23|20|13|2|3|297|91|31|21|25|19|60|30|61|34|50|37|29|18|19|21|20|13|2|3|27|22|2|5|0|14|5|7|0|14|5|9|10|10|5|8|0|14|0|14|27|22|2|5|0|14|5|7|0|14|5|9|10|10|5|8|0|14|0|14|0|14|0|14|0|14|0|14|0|14|0|14|0|14|0|14|0|14|0|14|0|14|0|14|0|14|0|14|0|14|0|14|0|14|0|14|0|14|0|14|0|14|0|14|0|14|0|14|0|14|0|14|0|14|0|14|0|14|0|14|0|14|0|14|0|14|0|14|0|14|0|14|0|14|0|14|0|14|0|14|0|14|0|14|0|14|0|14|0|14|0|14|0|14|0|14|0|14|0|14|0|14|0|14|0|14|0|14|0|14|0|14|0|14|0|14|0|14|0|14|0|14|0|14|0|14|0|14|0|14|0|14|0|14|0|14|0|14|0|14
1600000US3706760|2486|303|109|91|268|104|550|157|426|153|314|118|373|192|240|121|176|100|30|38|2450|299|109|91|252|103|550|157|426|153|314|118|353|192|240|121|176|100|30|38|2351|298|109|91|232|101|550|157|365|145|314|118|335|178|240|121|176|100|30|38|99|61|0|19|20|32|0|19|61|54|0|19|18|28|0|19|0|19|0|19|79|52|0|19|0|19|0|19|61|54|0|19|18|28|0|19|0|19|0|19|20|32|0|19|20|32|0|19|0|19|0|19|0|19|0|19|0|19|0|19|0|19|0|19|0|19|0|19|0|19|0|19|0|19|0|19|0|19|0|19|0|19|0|19|0|19|0|19|0|19|0|19|0|19|0|19|0|19|0|19|0|19|0|19|0|19|0|19|0|19|0|19|0|19|0|19|0|19|0|19|0|19|0|19|0|19|0|19|0|19|0|19|0|19|0|19|0|19|0|19|20|2|0|19|0|19|0|19|0|19|0|19|20|2|0|19|0|19|0|19|16|19|0|19|16|19|0|19|0|19|0|19|0|19|0|19|0|19|0|19
1600000US3706800|1646|237|438|115|252|121|175|82|193|105|38|39|149|113|52|39|185|90|164|116|1560|233|361|104|243|120|175|82|193|105|38|39|149|113|52|39|185|90|164|116|1394|270|285|106|217|114|154|75|178|104|38|39|136|110|37|31|185|90|164|116|166|90|76|56|26|42|21|25|15|28|0|14|13|18|15|20|0|14|0|14|132|90|63|70|26|42|9|14|15|28|0|14|13|18|6|15|0|14|0|14|34|40|13|27|0|14|12|21|0|14|0|14|0|14|9|14|0|14|0|14|0|14|0|14|0|14|0|14|0|14|0|14|0|14|0|14|0|14|0|14|0|14|0|14|0|14|0|14|0|14|0|14|0|14|0|14|0|14|0|14|0|14|0|14|0|14|0|14|0|14|0|14|0|14|0|14|0|14|0|14|0|14|0|14|0|14|0|14|0|14|0|14|0|14|0|14|0|14|0|14|86|52|77|52|9|17|0|14|0|14|0|14|0|14|0|14|0|14|0|14|0|14|0|14|0|14|0|14|0|14|0|14|0|14|0|14|0|14|0|14
1600000US3706820|91|55|0|14|1|2|15|13|29|36|0|14|27|25|7|8|0|14|12|13|91|55|0|14|1|2|15|13|29|36|0|14|27|25|7|8|0|14|12|13|63|48|0|14|1|2|9|10|29|36|0|14|18|19|6|7|0|14|0|14|28|17|0|14|0|14|6|9|0|14|0|14|9|14|1|3|0|14|12|13|5|8|0|14|0|14|0|14|0|14|0|14|5|8|0|14|0|14|0|14|23|17|0|14|0|14|6|9|0|14|0|14|4|9|1|3|0|14|12|13|0|14|0|14|0|14|0|14|0|14|0|14|0|14|0|14|0|14|0|14|0|14|0|14|0|14|0|14|0|14|0|14|0|14|0|14|0|14|0|14|0|14|0|14|0|14|0|14|0|14|0|14|0|14|0|14|0|14|0|14|0|14|0|14|0|14|0|14|0|14|0|14|0|14|0|14|0|14|0|14|0|14|0|14|0|14|0|14|0|14|0|14|0|14|0|14|0|14|0|14|0|14|0|14|0|14|0|14|0|14|0|14|0|14|0|14|0|14|0|14
1600000US3706860|142|81|3|5|11|15|18|26|2|3|5|7|29|32|47|41|24|32|3|5|142|81|3|5|11|15|18|26|2|3|5|7|29|32|47|41|24|32|3|5|82|52|3|5|11|15|4|8|2|3|5|7|29|32|23|32|5|7|0|14|60|54|0|14|0|14|14|25|0|14|0|14|0|14|24|26|19|32|3|5|57|53|0|14|0|14|14|25|0|14|0|14|0|14|24|26|19|32|0|14|3|5|0|14|0|14|0|14|0|14|0|14|0|14|0|14|0|14|3|5|0|14|0|14|0|14|0|14|0|14|0|14|0|14|0|14|0|14|0|14|0|14|0|14|0|14|0|14|0|14|0|14|0|14|0|14|0|14|0|14|0|14|0|14|0|14|0|14|0|14|0|14|0|14|0|14|0|14|0|14|0|14|0|14|0|14|0|14|0|14|0|14|0|14|0|14|0|14|0|14|0|14|0|14|0|14|0|14|0|14|0|14|0|14|0|14|0|14|0|14|0|14|0|14|0|14|0|14|0|14|0|14|0|14|0|14|0|14|0|14
1600000US3706980|282|196|0|14|1|5|155|174|98|66|24|44|0|14|4|9|0|14|0|14|282|196|0|14|1|5|155|174|98|66|24|44|0|14|4|9|0|14|0|14|239|190|0|14|1|5|155|174|55|47|24|44|0|14|4|9|0|14|0|14|43|50|0|14|0|14|0|14|43|50|0|14|0|14|0|14|0|14|0|14|0|14|0|14|0|14|0|14|0|14|0|14|0|14|0|14|0|14|0|14|43|50|0|14|0|14|0|14|43|50|0|14|0|14|0|14|0|14|0|14|0|14|0|14|0|14|0|14|0|14|0|14|0|14|0|14|0|14|0|14|0|14|0|14|0|14|0|14|0|14|0|14|0|14|0|14|0|14|0|14|0|14|0|14|0|14|0|14|0|14|0|14|0|14|0|14|0|14|0|14|0|14|0|14|0|14|0|14|0|14|0|14|0|14|0|14|0|14|0|14|0|14|0|14|0|14|0|14|0|14|0|14|0|14|0|14|0|14|0|14|0|14|0|14|0|14|0|14|0|14|0|14|0|14|0|14|0|14|0|14
1600000US3707080|7537|676|2615|530|2293|514|1230|287|356|175|50|61|333|204|173|105|220|141|267|172|6011|706|2047|508|1761|453|1025|280|325|169|7|17|307|205|139|87|220|141|180|180|5336|668|2017|501|1464|427|953|285|259|154|0|25|153|135|139|87|171|114|180|180|675|272|30|42|297|199|72|79|66|87|7|17|154|158|0|25|49|74|0|25|551|216|30|42|280|194|34|41|66|87|7|17|85|117|0|25|49|74|0|25|124|124|0|25|17|30|38|63|0|25|0|25|69|103|0|25|0|25|0|25|350|203|14|22|109|132|104|84|0|25|43|59|0|25|34|59|0|25|46|75|305|193|14|22|109|132|104|84|0|25|43|59|0|25|34|59|0|25|1|6|0|25|0|25|0|25|0|25|0|25|0|25|0|25|0|25|0|25|0|25|45|74|0|25|0|25|0|25|0|25|0|25|0|25|0|25|0|25|45|74|1105|336|526|238|421|198|101|85|31|46|0|25|26|37|0|25|0|25|0|25|71|83|28|48|2|5|0|25|0|25|0|25|0|25|0|25|0|25|41|64
1600000US3707140|552|152|47|44|71|43|126|65|39|31|26|28|41|32|94|60|75|63|33|30|519|142|17|17|71|43|126|65|39|31|26|28|38|32|94|60|75|63|33|30|462|142|17|17|63|42|126|65|17|14|21|26|32|28|94|60|75|63|17|20|57|37|0|14|8|9|0|14|22|25|5|9|6|9|0|14|0|14|16|22|30|25|0|14|8|9|0|14|13|19|5|9|4|8|0|14|0|14|0|14|27|28|0|14|0|14|0|14|9|15|0|14|2|3|0|14|0|14|16|22|0|14|0|14|0|14|0|14|0|14|0|14|0|14|0|14|0|14|0|14|0|14|0|14|0|14|0|14|0|14|0|14|0|14|0|14|0|14|0|14|0|14|0|14|0|14|0|14|0|14|0|14|0|14|0|14|0|14|0|14|0|14|0|14|0|14|0|14|0|14|0|14|0|14|0|14|0|14|0|14|30|41|30|41|0|14|0|14|0|14|0|14|0|14|0|14|0|14|0|14|3|6|0|14|0|14|0|14|0|14|0|14|3|6|0|14|0|14|0|14
1600000US3707220|188|75|24|16|22|21|49|40|36|41|2|3|8|8|6|9|20|16|21|16|188|75|24|16|22|21|49|40|36|41|2|3|8|8|6|9|20|16|21|16|163|69|24|16|22|21|32|29|36|41|2|3|7|7|6|9|16|14|18|14|25|23|0|14|0|14|17|21|0|14|0|14|1|4|0|14|4|6|3|5|17|21|0|14|0|14|17|21|0|14|0|14|0|14|0|14|0|14|0|14|8|9|0|14|0|14|0|14|0|14|0|14|1|4|0|14|4|6|3|5|0|14|0|14|0|14|0|14|0|14|0|14|0|14|0|14|0|14|0|14|0|14|0|14|0|14|0|14|0|14|0|14|0|14|0|14|0|14|0|14|0|14|0|14|0|14|0|14|0|14|0|14|0|14|0|14|0|14|0|14|0|14|0|14|0|14|0|14|0|14|0|14|0|14|0|14|0|14|0|14|0|14|0|14|0|14|0|14|0|14|0|14|0|14|0|14|0|14|0|14|0|14|0|14|0|14|0|14|0|14|0|14|0|14|0|14|0|14|0|14
1600000US3707340|44|61|44|61|0|14|0|14|0|14|0|14|0|14|0|14|0|14|0|14|44|61|44|61|0|14|0|14|0|14|0|14|0|14|0|14|0|14|0|14|44|61|44|61|0|14|0|14|0|14|0|14|0|14|0|14|0|14|0|14|0|14|0|14|0|14|0|14|0|14|0|14|0|14|0|14|0|14|0|14|0|14|0|14|0|14|0|14|0|14|0|14|0|14|0|14|0|14|0|14|0|14|0|14|0|14|0|14|0|14|0|14|0|14|0|14|0|14|0|14|0|14|0|14|0|14|0|14|0|14|0|14|0|14|0|14|0|14|0|14|0|14|0|14|0|14|0|14|0|14|0|14|0|14|0|14|0|14|0|14|0|14|0|14|0|14|0|14|0|14|0|14|0|14|0|14|0|14|0|14|0|14|0|14|0|14|0|14|0|14|0|14|0|14|0|14|0|14|0|14|0|14|0|14|0|14|0|14|0|14|0|14|0|14|0|14|0|14|0|14|0|14|0|14|0|14|0|14|0|14|0|14|0|14|0|14|0|14|0|14
1600000US3707400|31|35|0|14|0|14|20|32|0|14|0|14|11|18|0|14|0|14|0|14|31|35|0|14|0|14|20|32|0|14|0|14|11|18|0|14|0|14|0|14|31|35|0|14|0|14|20|32|0|14|0|14|11|18|0|14|0|14|0|14|0|14|0|14|0|14|0|14|0|14|0|14|0|14|0|14|0|14|0|14|0|14|0|14|0|14|0|14|0|14|0|14|0|14|0|14|0|14|0|14|0|14|0|14|0|14|0|14|0|14|0|14|0|14|0|14|0|14|0|14|0|14|0|14|0|14|0|14|0|14|0|14|0|14|0|14|0|14|0|14|0|14|0|14|0|14|0|14|0|14|0|14|0|14|0|14|0|14|0|14|0|14|0|14|0|14|0|14|0|14|0|14|0|14|0|14|0|14|0|14|0|14|0|14|0|14|0|14|0|14|0|14|0|14|0|14|0|14|0|14|0|14|0|14|0|14|0|14|0|14|0|14|0|14|0|14|0|14|0|14|0|14|0|14|0|14|0|14|0|14|0|14|0|14|0|14|0|14|0|14
1600000US3707588|382|142|83|63|103|58|54|45|7|10|18|27|14|21|35|31|0|14|68|88|378|141|83|63|99|58|54|45|7|10|18|27|14|21|35|31|0|14|68|88|357|138|83|63|99|58|48|44|7|10|18|27|14|21|20|23|0|14|68|88|21|21|0|14|0|14|6|10|0|14|0|14|0|14|15|18|0|14|0|14|6|10|0|14|0|14|6|10|0|14|0|14|0|14|0|14|0|14|0|14|15|18|0|14|0|14|0|14|0|14|0|14|0|14|15|18|0|14|0|14|0|14|0|14|0|14|0|14|0|14|0|14|0|14|0|14|0|14|0|14|0|14|0|14|0|14|0|14|0|14|0|14|0|14|0|14|0|14|0|14|0|14|0|14|0|14|0|14|0|14|0|14|0|14|0|14|0|14|0|14|0|14|0|14|0|14|0|14|0|14|0|14|0|14|0|14|0|14|0|14|0|14|0|14|0|14|0|14|0|14|0|14|0|14|0|14|0|14|0|14|4|6|0|14|4|6|0|14|0|14|0|14|0|14|0|14|0|14|0|14
1600000US3707720|2477|339|698|137|1006|316|191|137|152|112|0|19|181|114|38|47|170|116|41|42|2260|340|652|141|877|286|180|137|121|104|0|19|181|114|38|47|170|116|41|42|1860|329|492|135|770|248|163|134|104|104|0|19|89|60|38|47|170|116|34|38|400|168|160|99|107|96|17|29|17|24|0|19|92|91|0|19|0|19|7|16|360|159|147|94|90|91|17|29|17|24|0|19|82|92|0|19|0|19|7|16|40|42|13|25|17|28|0|19|0|19|0|19|10|17|0|19|0|19|0|19|0|19|0|19|0|19|0|19|0|19|0|19|0|19|0|19|0|19|0|19|0|19|0|19|0|19|0|19|0|19|0|19|0|19|0|19|0|19|0|19|0|19|0|19|0|19|0|19|0|19|0|19|0|19|0|19|0|19|0|19|0|19|0|19|0|19|0|19|0|19|0|19|0|19|0|19|0|19|0|19|133|102|35|31|71|99|11|19|16|23|0|19|0|19|0|19|0|19|0|19|84|71|11|19|58|66|0|19|15|26|0|19|0|19|0|19|0|19|0|19
1600000US3707748|1601|309|40|43|109|102|72|62|523|259|166|114|144|90|390|212|72|77|85|62|1565|299|40|43|109|102|59|52|500|249|166|114|144|90|390|212|72|77|85|62|1454|271|40|43|100|99|49|48|500|249|166|114|144|90|390|212|0|19|65|55|111|87|0|19|9|16|10|17|0|19|0|19|0|19|0|19|72|77|20|32|92|81|0|19|0|19|0|19|0|19|0|19|0|19|0|19|72|77|20|32|19|33|0|19|9|16|10|17|0|19|0|19|0|19|0|19|0|19|0|19|13|33|0|19|0|19|13|33|0|19|0|19|0|19|0|19|0|19|0|19|13|33|0|19|0|19|13|33|0|19|0|19|0|19|0|19|0|19|0|19|0|19|0|19|0|19|0|19|0|19|0|19|0|19|0|19|0|19|0|19|0|19|0|19|0|19|0|19|0|19|0|19|0|19|0|19|0|19|0|19|0|19|0|19|0|19|0|19|0|19|0|19|0|19|0|19|0|19|0|19|23|37|0|19|0|19|0|19|23|37|0|19|0|19|0|19|0|19|0|19
1600000US3707765|1297|359|1|5|316|224|414|176|264|140|0|14|100|98|59|97|123|97|20|34|1271|368|1|5|316|224|414|176|238|153|0|14|100|98|59|97|123|97|20|34|1161|364|1|5|316|224|376|168|166|144|0|14|100|98|59|97|123|97|20|34|110|80|0|14|0|14|38|55|72|66|0|14|0|14|0|14|0|14|0|14|51|59|0|14|0|14|38|55|13|24|0|14|0|14|0|14|0|14|0|14|59|63|0|14|0|14|0|14|59|63|0|14|0|14|0|14|0|14|0|14|0|14|0|14|0|14|0|14|0|14|0|14|0|14|0|14|0|14|0|14|0|14|0|14|0|14|0|14|0|14|0|14|0|14|0|14|0|14|0|14|0|14|0|14|0|14|0|14|0|14|0|14|0|14|0|14|0|14|0|14|0|14|0|14|0|14|0|14|0|14|0|14|0|14|0|14|0|14|0|14|0|14|0|14|0|14|0|14|0|14|0|14|0|14|0|14|0|14|0|14|26|44|0|14|0|14|0|14|26|44|0|14|0|14|0|14|0|14|0|14
1600000US3707860|138|63|6|10|50|32|26|21|0|14|0|14|46|33|0|14|7|10|3|5|138|63|6|10|50|32|26|21|0|14|0|14|46|33|0|14|7|10|3|5|120|57|6|10|39|30|19|18|0|14|0|14|46|33|0|14|7|10|3|5|18|21|0|14|11|19|7|9|0|14|0|14|0|14|0|14|0|14|0|14|7|9|0|14|0|14|7|9|0|14|0|14|0|14|0|14|0|14|0|14|11|19|0|14|11|19|0|14|0|14|0|14|0|14|0|14|0|14|0|14|0|14|0|14|0|14|0|14|0|14|0|14|0|14|0|14|0|14|0|14|0|14|0|14|0|14|0|14|0|14|0|14|0|14|0|14|0|14|0|14|0|14|0|14|0|14|0|14|0|14|0|14|0|14|0|14|0|14|0|14|0|14|0|14|0|14|0|14|0|14|0|14|0|14|0|14|0|14|0|14|0|14|0|14|0|14|0|14|0|14|0|14|0|14|0|14|0|14|0|14|0|14|0|14|0|14|0|14|0|14|0|14|0|14|0|14|0|14|0|14
1600000US3708040|823|174|123|81|104|54|269|111|87|52|65|29|34|32|45|40|43|30|53|32|809|173|123|81|104|54|269|111|87|52|51|29|34|32|45|40|43|30|53|32|774|180|89|70|104|54|269|111|87|52|51|29|33|32|45|40|43|30|53|32|35|44|34|43|0|14|0|14|0|14|0|14|1|3|0|14|0|14|0|14|35|44|34|43|0|14|0|14|0|14|0|14|1|3|0|14|0|14|0|14|0|14|0|14|0|14|0|14|0|14|0|14|0|14|0|14|0|14|0|14|0|14|0|14|0|14|0|14|0|14|0|14|0|14|0|14|0|14|0|14|0|14|0|14|0|14|0|14|0|14|0|14|0|14|0|14|0|14|0|14|0|14|0|14|0|14|0|14|0|14|0|14|0|14|0|14|0|14|0|14|0|14|0|14|0|14|0|14|0|14|0|14|0|14|0|14|0|14|0|14|0|14|0|14|0|14|0|14|0|14|0|14|0|14|0|14|0|14|0|14|14|16|0|14|0|14|0|14|0|14|14|16|0|14|0|14|0|14|0|14
1600000US3708080|702|205|81|45|79|49|77|36|181|79|18|23|86|66|64|56|92|71|24|20|698|205|81|45|79|49|73|36|181|79|18|23|86|66|64|56|92|71|24|20|672|208|81|45|79|49|73|36|162|78|11|13|86|66|64|56|92|71|24|20|26|23|0|14|0|14|0|14|19|20|7|12|0|14|0|14|0|14|0|14|12|15|0|14|0|14|0|14|5|9|7|12|0|14|0|14|0|14|0|14|14|18|0|14|0|14|0|14|14|18|0|14|0|14|0|14|0|14|0|14|0|14|0|14|0|14|0|14|0|14|0|14|0|14|0|14|0|14|0|14|0|14|0|14|0|14|0|14|0|14|0|14|0|14|0|14|0|14|0|14|0|14|0|14|0|14|0|14|0|14|0|14|0|14|0|14|0|14|0|14|0|14|0|14|0|14|0|14|0|14|0|14|0|14|0|14|0|14|0|14|0|14|0|14|0|14|0|14|0|14|0|14|0|14|0|14|0|14|0|14|4|7|0|14|0|14|4|7|0|14|0|14|0|14|0|14|0|14|0|14
1600000US3708110|1116|340|109|95|273|228|225|113|107|68|70|65|17|19|86|83|38|37|191|151|1111|341|109|95|268|228|225|113|107|68|70|65|17|19|86|83|38|37|191|151|761|233|109|95|109|83|200|113|86|63|56|60|10|17|86|83|38|37|67|61|350|266|0|14|159|220|25|27|21|23|14|24|7|11|0|14|0|14|124|140|240|225|0|14|159|220|25|27|21|23|14|24|7|11|0|14|0|14|14|22|110|134|0|14|0|14|0|14|0|14|0|14|0|14|0|14|0|14|110|134|0|14|0|14|0|14|0|14|0|14|0|14|0|14|0|14|0|14|0|14|0|14|0|14|0|14|0|14|0|14|0|14|0|14|0|14|0|14|0|14|0|14|0|14|0|14|0|14|0|14|0|14|0|14|0|14|0|14|0|14|0|14|0|14|0|14|0|14|0|14|0|14|0|14|0|14|0|14|0|14|5|9|0|14|5|9|0|14|0|14|0|14|0|14|0|14|0|14|0|14|0|14|0|14|0|14|0|14|0|14|0|14|0|14|0|14|0|14|0|14
1600000US3708140|165|105|50|50|31|26|24|39|11|10|9|10|7|7|1|3|3|7|29|46|163|105|48|50|31|26|24|39|11|10|9|10|7|7|1|3|3|7|29|46|162|105|48|50|31|26|24|39|11|10|9|10|6|7|1|3|3|7|29|46|1|2|0|14|0|14|0|14|0|14|0|14|1|2|0|14|0|14|0|14|1|2|0|14|0|14|0|14|0|14|0|14|1|2|0|14|0|14|0|14|0|14|0|14|0|14|0|14|0|14|0|14|0|14|0|14|0|14|0|14|0|14|0|14|0|14|0|14|0|14|0|14|0|14|0|14|0|14|0|14|0|14|0|14|0|14|0|14|0|14|0|14|0|14|0|14|0|14|0|14|0|14|0|14|0|14|0|14|0|14|0|14|0|14|0|14|0|14|0|14|0|14|0|14|0|14|0|14|0|14|0|14|0|14|0|14|0|14|0|14|0|14|0|14|0|14|0|14|0|14|0|14|0|14|0|14|0|14|0|14|2|3|2|3|0|14|0|14|0|14|0|14|0|14|0|14|0|14|0|14
1600000US3708420|77|41|13|16|49|34|0|14|2|7|0|14|0|14|2|5|8|11|3|7|77|41|13|16|49|34|0|14|2|7|0|14|0|14|2|5|8|11|3|7|75|40|13|16|49|34|0|14|0|14|0|14|0|14|2|5|8|11|3|7|2|7|0|14|0|14|0|14|2|7|0|14|0|14|0|14|0|14|0|14|2|7|0|14|0|14|0|14|2|7|0|14|0|14|0|14|0|14|0|14|0|14|0|14|0|14|0|14|0|14|0|14|0|14|0|14|0|14|0|14|0|14|0|14|0|14|0|14|0|14|0|14|0|14|0|14|0|14|0|14|0|14|0|14|0|14|0|14|0|14|0|14|0|14|0|14|0|14|0|14|0|14|0|14|0|14|0|14|0|14|0|14|0|14|0|14|0|14|0|14|0|14|0|14|0|14|0|14|0|14|0|14|0|14|0|14|0|14|0|14|0|14|0|14|0|14|0|14|0|14|0|14|0|14|0|14|0|14|0|14|0|14|0|14|0|14|0|14|0|14|0|14|0|14|0|14|0|14|0|14
1600000US3708480|853|242|205|110|185|114|148|88|199|84|24|24|72|55|8|9|0|14|12|14|783|208|162|83|181|115|148|88|199|84|24|24|49|39|8|9|0|14|12|14|705|189|128|66|181|115|129|85|174|79|24|24|49|39|8|9|0|14|12|14|78|70|34|44|0|14|19|29|25|31|0|14|0|14|0|14|0|14|0|14|61|63|34|44|0|14|19|29|8|11|0|14|0|14|0|14|0|14|0|14|17|30|0|14|0|14|0|14|17|30|0|14|0|14|0|14|0|14|0|14|0|14|0|14|0|14|0|14|0|14|0|14|0|14|0|14|0|14|0|14|0|14|0|14|0|14|0|14|0|14|0|14|0|14|0|14|0|14|0|14|0|14|0|14|0|14|0|14|0|14|0|14|0|14|0|14|0|14|0|14|0|14|0|14|0|14|0|14|0|14|0|14|0|14|0|14|0|14|0|14|0|14|0|14|0|14|0|14|0|14|0|14|0|14|0|14|0|14|0|14|70|78|43|71|4|6|0|14|0|14|0|14|23|37|0|14|0|14|0|14
1600000US3708760|1431|340|402|190|145|91|119|61|238|120|72|62|152|96|3|5|149|66|151|99|1263|321|372|194|129|83|70|45|192|108|64|59|138|94|3|5|149|66|146|97|1140|311|345|190|129|83|39|30|168|107|64|59|97|76|3|5|149|66|146|97|123|109|27|41|0|14|31|32|24|38|0|14|41|54|0|14|0|14|0|14|123|109|27|41|0|14|31|32|24|38|0|14|41|54|0|14|0|14|0|14|0|14|0|14|0|14|0|14|0|14|0|14|0|14|0|14|0|14|0|14|12|20|6|13|0|14|6|15|0|14|0|14|0|14|0|14|0|14|0|14|6|13|6|13|0|14|0|14|0|14|0|14|0|14|0|14|0|14|0|14|6|15|0|14|0|14|6|15|0|14|0|14|0|14|0|14|0|14|0|14|0|14|0|14|0|14|0|14|0|14|0|14|0|14|0|14|0|14|0|14|126|87|24|29|0|14|43|41|46|57|8|19|0|14|0|14|0|14|5|11|30|33|0|14|16|27|0|14|0|14|0|14|14|21|0|14|0|14|0|14
1600000US3708860|181|89|42|43|28|26|9|12|4|6|9|10|30|19|37|45|13|13|9|14|164|88|38|43|25|26|4|5|4|6|9|10|27|20|37|45|13|13|7|12|131|68|11|13|22|25|4|5|4|6|6|8|27|20|37|45|13|13|7|12|33|43|27|41|3|5|0|14|0|14|3|5|0|14|0|14|0|14|0|14|6|10|0|14|3|5|0|14|0|14|3|5|0|14|0|14|0|14|0|14|27|41|27|41|0|14|0|14|0|14|0|14|0|14|0|14|0|14|0|14|2|4|0|14|0|14|0|14|0|14|0|14|0|14|0|14|0|14|2|4|2|4|0|14|0|14|0|14|0|14|0|14|0|14|0|14|0|14|2|4|0|14|0|14|0|14|0|14|0|14|0|14|0|14|0|14|0|14|0|14|0|14|0|14|0|14|0|14|0|14|0|14|0|14|0|14|0|14|0|14|14|12|3|4|3|4|5|10|0|14|0|14|3|5|0|14|0|14|0|14|1|3|1|3|0|14|0|14|0|14|0|14|0|14|0|14|0|14|0|14
1600000US3708880|455|213|12|21|8|16|93|102|59|69|40|60|60|47|43|44|75|62|65|56|424|211|12|21|8|16|93|102|59|69|40|60|53|48|43|44|75|62|41|40|383|193|12|21|8|16|93|102|34|42|40|60|37|38|43|44|75|62|41|40|41|54|0|14|0|14|0|14|25|47|0|14|16|26|0|14|0|14|0|14|41|54|0|14|0|14|0|14|25|47|0|14|16|26|0|14|0|14|0|14|0|14|0|14|0|14|0|14|0|14|0|14|0|14|0|14|0|14|0|14|24|42|0|14|0|14|0|14|0|14|0|14|0|14|0|14|0|14|24|42|24|42|0|14|0|14|0|14|0|14|0|14|0|14|0|14|0|14|24|42|0|14|0|14|0|14|0|14|0|14|0|14|0|14|0|14|0|14|0|14|0|14|0|14|0|14|0|14|0|14|0|14|0|14|0|14|0|14|0|14|0|14|0|14|0|14|0|14|0|14|0|14|0|14|0|14|0|14|0|14|7|11|0|14|0|14|0|14|0|14|0|14|7|11|0|14|0|14|0|14
1600000US3708960|1048|159|237|99|142|101|47|61|39|28|98|73|152|76|261|106|18|28|54|48|1046|158|237|99|142|101|47|61|39|28|98|73|150|76|261|106|18|28|54|48|903|158|200|90|66|80|42|59|33|26|83|68|150|76|261|106|18|28|50|45|143|109|37|54|76|73|5|11|6|13|15|23|0|14|0|14|0|14|4|7|86|74|0|14|56|70|5|11|6|13|15|23|0|14|0|14|0|14|4|7|57|83|37|54|20|30|0|14|0|14|0|14|0|14|0|14|0|14|0|14|2|7|0|14|0|14|0|14|0|14|0|14|2|7|0|14|0|14|0|14|2|7|0|14|0|14|0|14|0|14|0|14|2|7|0|14|0|14|0|14|0|14|0|14|0|14|0|14|0|14|0|14|0|14|0|14|0|14|0|14|0|14|0|14|0|14|0|14|0|14|0|14|0|14|0|14|0|14|0|14|0|14|0|14|0|14|0|14|0|14|0|14|0|14|0|14|0|14|0|14|0|14|0|14|0|14|0|14|0|14|0|14|0|14|0|14|0|14|0|14
1600000US3709060|24891|927|3449|512|3961|541|4686|614|3654|681|1945|538|1581|344|2048|404|2541|708|1026|323|24441|933|3295|523|3919|539|4662|618|3532|673|1945|538|1562|344|2009|402|2517|703|1000|319|21344|948|3159|527|3023|459|4164|597|3132|601|1709|508|1415|327|1801|388|2182|642|759|285|3097|501|136|98|896|268|498|264|400|191|236|165|147|112|208|132|335|285|241|145|2160|415|116|93|762|255|457|255|282|176|80|80|129|110|72|71|72|69|190|131|937|381|20|23|134|111|41|47|118|117|156|149|18|31|136|112|263|252|51|57|6|15|0|32|0|32|0|32|0|32|0|32|0|32|0|32|0|32|6|15|6|15|0|32|0|32|0|32|0|32|0|32|0|32|0|32|0|32|6|15|0|32|0|32|0|32|0|32|0|32|0|32|0|32|0|32|0|32|0|32|0|32|0|32|0|32|0|32|0|32|0|32|0|32|0|32|0|32|0|32|220|128|113|63|0|32|0|32|107|115|0|32|0|32|0|32|0|32|0|32|224|127|41|38|42|46|24|24|15|24|0|32|19|32|39|61|24|45|20|20
1600000US3709140|686|264|111|45|101|92|35|37|76|59|22|22|83|92|49|51|173|105|36|34|666|262|97|42|101|92|29|35|76|59|22|22|83|92|49|51|173|105|36|34|629|250|97|42|101|92|29|35|52|41|22|22|83|92|49|51|160|104|36|34|37|42|0|14|0|14|0|14|24|40|0|14|0|14|0|14|13|14|0|14|29|41|0|14|0|14|0|14|24|40|0|14|0|14|0|14|5|8|0|14|8|12|0|14|0|14|0|14|0|14|0|14|0|14|0|14|8|12|0|14|0|14|0|14|0|14|0|14|0|14|0|14|0|14|0|14|0|14|0|14|0|14|0|14|0|14|0|14|0|14|0|14|0|14|0|14|0|14|0|14|0|14|0|14|0|14|0|14|0|14|0|14|0|14|0|14|0|14|0|14|0|14|0|14|0|14|0|14|0|14|0|14|0|14|0|14|0|14|0|14|20|19|14|15|0|14|6|10|0|14|0|14|0|14|0|14|0|14|0|14|0|14|0|14|0|14|0|14|0|14|0|14|0|14|0|14|0|14|0|14
1600000US3709360|2931|376|410|168|198|100|198|87|579|239|284|140|692|257|433|171|94|70|43|45|2870|372|382|161|198|100|198|87|556|242|279|139|692|257|433|171|94|70|38|44|2488|333|382|161|148|80|184|86|408|226|279|139|525|200|430|173|94|70|38|44|382|257|0|19|50|53|14|19|148|177|0|19|167|163|3|13|0|19|0|19|72|67|0|19|50|53|14|19|0|19|0|19|5|10|3|13|0|19|0|19|310|248|0|19|0|19|0|19|148|177|0|19|162|162|0|19|0|19|0|19|0|19|0|19|0|19|0|19|0|19|0|19|0|19|0|19|0|19|0|19|0|19|0|19|0|19|0|19|0|19|0|19|0|19|0|19|0|19|0|19|0|19|0|19|0|19|0|19|0|19|0|19|0|19|0|19|0|19|0|19|0|19|0|19|0|19|0|19|0|19|0|19|0|19|0|19|0|19|0|19|12|21|12|21|0|19|0|19|0|19|0|19|0|19|0|19|0|19|0|19|49|35|16|22|0|19|0|19|23|20|5|8|0|19|0|19|0|19|5|8
1600000US3709380|15|27|0|14|0|14|15|27|0|14|0|14|0|14|0|14|0|14|0|14|15|27|0|14|0|14|15|27|0|14|0|14|0|14|0|14|0|14|0|14|15|27|0|14|0|14|15|27|0|14|0|14|0|14|0|14|0|14|0|14|0|14|0|14|0|14|0|14|0|14|0|14|0|14|0|14|0|14|0|14|0|14|0|14|0|14|0|14|0|14|0|14|0|14|0|14|0|14|0|14|0|14|0|14|0|14|0|14|0|14|0|14|0|14|0|14|0|14|0|14|0|14|0|14|0|14|0|14|0|14|0|14|0|14|0|14|0|14|0|14|0|14|0|14|0|14|0|14|0|14|0|14|0|14|0|14|0|14|0|14|0|14|0|14|0|14|0|14|0|14|0|14|0|14|0|14|0|14|0|14|0|14|0|14|0|14|0|14|0|14|0|14|0|14|0|14|0|14|0|14|0|14|0|14|0|14|0|14|0|14|0|14|0|14|0|14|0|14|0|14|0|14|0|14|0|14|0|14|0|14|0|14|0|14|0|14|0|14|0|14
1600000US3709400|613|299|303|154|10|17|170|128|74|88|0|14|31|65|0|14|0|14|25|32|513|260|203|130|10|17|170|128|74|88|0|14|31|65|0|14|0|14|25|32|443|204|203|130|10|17|170|128|35|60|0|14|0|14|0|14|0|14|25|32|70|90|0|14|0|14|0|14|39|64|0|14|31|65|0|14|0|14|0|14|70|90|0|14|0|14|0|14|39|64|0|14|31|65|0|14|0|14|0|14|0|14|0|14|0|14|0|14|0|14|0|14|0|14|0|14|0|14|0|14|0|14|0|14|0|14|0|14|0|14|0|14|0|14|0|14|0|14|0|14|0|14|0|14|0|14|0|14|0|14|0|14|0|14|0|14|0|14|0|14|0|14|0|14|0|14|0|14|0|14|0|14|0|14|0|14|0|14|0|14|0|14|0|14|0|14|0|14|0|14|0|14|0|14|0|14|0|14|0|14|81|84|81|84|0|14|0|14|0|14|0|14|0|14|0|14|0|14|0|14|19|31|19|31|0|14|0|14|0|14|0|14|0|14|0|14|0|14|0|14
1600000US3709530|1196|174|151|77|220|105|263|110|169|109|27|30|138|86|66|57|8|11|154|108|1164|167|142|75|209|104|251|107|169|109|27|30|138|86|66|57|8|11|154|108|1038|185|134|74|150|95|239|107|126|94|27|30|138|86|66|57|8|11|150|107|126|76|8|12|59|63|12|19|43|44|0|14|0|14|0|14|0|14|4|6|122|76|8|12|59|63|12|19|43|44|0|14|0|14|0|14|0|14|0|14|4|6|0|14|0|14|0|14|0|14|0|14|0|14|0|14|0|14|4|6|0|14|0|14|0|14|0|14|0|14|0|14|0|14|0|14|0|14|0|14|0|14|0|14|0|14|0|14|0|14|0|14|0|14|0|14|0|14|0|14|0|14|0|14|0|14|0|14|0|14|0|14|0|14|0|14|0|14|0|14|0|14|0|14|0|14|0|14|0|14|0|14|0|14|0|14|0|14|0|14|9|11|9|11|0|14|0|14|0|14|0|14|0|14|0|14|0|14|0|14|23|25|0|14|11|19|12|18|0|14|0|14|0|14|0|14|0|14|0|14
1600000US3709540|942|211|260|221|79|46|207|87|151|79|26|34|70|44|66|48|78|60|5|8|935|211|253|221|79|46|207|87|151|79|26|34|70|44|66|48|78|60|5|8|817|238|253|221|70|44|160|87|129|79|26|34|53|38|43|37|78|60|5|8|118|77|0|14|9|16|47|52|22|28|0|14|17|21|23|37|0|14|0|14|118|77|0|14|9|16|47|52|22|28|0|14|17|21|23|37|0|14|0|14|0|14|0|14|0|14|0|14|0|14|0|14|0|14|0|14|0|14|0|14|0|14|0|14|0|14|0|14|0|14|0|14|0|14|0|14|0|14|0|14|0|14|0|14|0|14|0|14|0|14|0|14|0|14|0|14|0|14|0|14|0|14|0|14|0|14|0|14|0|14|0|14|0|14|0|14|0|14|0|14|0|14|0|14|0|14|0|14|0|14|0|14|0|14|0|14|0|14|0|14|0|14|0|14|0|14|0|14|0|14|0|14|0|14|0|14|0|14|0|14|7|11|7|11|0|14|0|14|0|14|0|14|0|14|0|14|0|14|0|14
1600000US3709760|192|118|26|18|12|12|8|9|61|68|16|15|7|10|0|14|60|86|2|3|188|119|24|17|12|12|8|9|59|68|16|15|7|10|0|14|60|86|2|3|183|119|24|17|12|12|8|9|59|68|11|14|7|10|0|14|60|86|2|3|5|8|0|14|0|14|0|14|0|14|5|8|0|14|0|14|0|14|0|14|5|8|0|14|0|14|0|14|0|14|5|8|0|14|0|14|0|14|0|14|0|14|0|14|0|14|0|14|0|14|0|14|0|14|0|14|0|14|0|14|0|14|0|14|0|14|0|14|0|14|0|14|0|14|0|14|0|14|0|14|0|14|0|14|0|14|0|14|0|14|0|14|0|14|0|14|0|14|0|14|0|14|0|14|0|14|0|14|0|14|0|14|0|14|0|14|0|14|0|14|0|14|0|14|0|14|0|14|0|14|0|14|0|14|0|14|0|14|0|14|0|14|0|14|0|14|0|14|0|14|0|14|0|14|0|14|0|14|0|14|4|6|2|3|0|14|0|14|2|3|0|14|0|14|0|14|0|14|0|14
1600000US3709780|419|226|112|98|110|80|32|35|17|24|0|14|44|71|0|14|5|12|99|104|419|226|112|98|110|80|32|35|17|24|0|14|44|71|0|14|5|12|99|104|419|226|112|98|110|80|32|35|17|24|0|14|44|71|0|14|5|12|99|104|0|14|0|14|0|14|0|14|0|14|0|14|0|14|0|14|0|14|0|14|0|14|0|14|0|14|0|14|0|14|0|14|0|14|0|14|0|14|0|14|0|14|0|14|0|14|0|14|0|14|0|14|0|14|0|14|0|14|0|14|0|14|0|14|0|14|0|14|0|14|0|14|0|14|0|14|0|14|0|14|0|14|0|14|0|14|0|14|0|14|0|14|0|14|0|14|0|14|0|14|0|14|0|14|0|14|0|14|0|14|0|14|0|14|0|14|0|14|0|14|0|14|0|14|0|14|0|14|0|14|0|14|0|14|0|14|0|14|0|14|0|14|0|14|0|14|0|14|0|14|0|14|0|14|0|14|0|14|0|14|0|14|0|14|0|14|0|14|0|14|0|14|0|14|0|14|0|14|0|14
1600000US3709800|174|145|3|6|6|10|15|15|57|83|36|45|31|23|4|6|20|21|2|4|135|76|3|6|6|10|15|15|40|50|14|13|31|23|4|6|20|21|2|4|134|76|3|6|6|10|15|15|40|50|14|13|30|23|4|6|20|21|2|4|1|2|0|14|0|14|0|14|0|14|0|14|1|2|0|14|0|14|0|14|1|2|0|14|0|14|0|14|0|14|0|14|1|2|0|14|0|14|0|14|0|14|0|14|0|14|0|14|0|14|0|14|0|14|0|14|0|14|0|14|0|14|0|14|0|14|0|14|0|14|0|14|0|14|0|14|0|14|0|14|0|14|0|14|0|14|0|14|0|14|0|14|0|14|0|14|0|14|0|14|0|14|0|14|0|14|0|14|0|14|0|14|0|14|0|14|0|14|0|14|0|14|0|14|0|14|0|14|0|14|0|14|0|14|0|14|0|14|0|14|0|14|0|14|0|14|0|14|0|14|0|14|0|14|0|14|0|14|0|14|39|83|0|14|0|14|0|14|17|40|22|44|0|14|0|14|0|14|0|14
1600000US3710120|407|141|58|97|105|71|39|37|85|55|28|42|59|41|8|7|13|14|12|13|407|141|58|97|105|71|39|37|85|55|28|42|59|41|8|7|13|14|12|13|302|96|0|14|73|64|39|37|85|55|19|25|59|41|8|7|13|14|6|10|105|95|58|97|32|48|0|14|0|14|9|17|0|14|0|14|0|14|6|9|35|48|3|7|32|48|0|14|0|14|0|14|0|14|0|14|0|14|0|14|70|99|55|96|0|14|0|14|0|14|9|17|0|14|0|14|0|14|6|9|0|14|0|14|0|14|0|14|0|14|0|14|0|14|0|14|0|14|0|14|0|14|0|14|0|14|0|14|0|14|0|14|0|14|0|14|0|14|0|14|0|14|0|14|0|14|0|14|0|14|0|14|0|14|0|14|0|14|0|14|0|14|0|14|0|14|0|14|0|14|0|14|0|14|0|14|0|14|0|14|0|14|0|14|0|14|0|14|0|14|0|14|0|14|0|14|0|14|0|14|0|14|0|14|0|14|0|14|0|14|0|14|0|14|0|14|0|14|0|14
1600000US3710240|2275|243|534|216|238|115|209|119|186|88|187|111|359|170|257|122|179|141|126|77|2156|254|534|216|238|115|150|84|186|88|187|111|359|170|197|120|179|141|126|77|2040|237|429|177|238|115|150|84|186|88|187|111|359|170|197|120|168|141|126|77|116|98|105|97|0|14|0|14|0|14|0|14|0|14|0|14|11|17|0|14|76|103|76|103|0|14|0|14|0|14|0|14|0|14|0|14|0|14|0|14|40|49|29|46|0|14|0|14|0|14|0|14|0|14|0|14|11|17|0|14|0|14|0|14|0|14|0|14|0|14|0|14|0|14|0|14|0|14|0|14|0|14|0|14|0|14|0|14|0|14|0|14|0|14|0|14|0|14|0|14|0|14|0|14|0|14|0|14|0|14|0|14|0|14|0|14|0|14|0|14|0|14|0|14|0|14|0|14|0|14|0|14|0|14|0|14|0|14|0|14|0|14|0|14|0|14|0|14|0|14|0|14|0|14|0|14|0|14|0|14|119|175|0|14|0|14|59|93|0|14|0|14|0|14|60|87|0|14|0|14
1600000US3710260|1181|321|180|64|180|104|113|59|164|142|7|12|125|70|280|144|84|48|48|34|1163|319|162|62|180|104|113|59|164|142|7|12|125|70|280|144|84|48|48|34|1099|314|154|61|180|104|86|54|164|142|7|12|96|51|280|144|84|48|48|34|64|55|8|12|0|14|27|23|0|14|0|14|29|46|0|14|0|14|0|14|59|55|8|12|0|14|22|22|0|14|0|14|29|46|0|14|0|14|0|14|5|7|0|14|0|14|5|7|0|14|0|14|0|14|0|14|0|14|0|14|0|14|0|14|0|14|0|14|0|14|0|14|0|14|0|14|0|14|0|14|0|14|0|14|0|14|0|14|0|14|0|14|0|14|0|14|0|14|0|14|0|14|0|14|0|14|0|14|0|14|0|14|0|14|0|14|0|14|0|14|0|14|0|14|0|14|0|14|0|14|0|14|0|14|0|14|0|14|0|14|13|14|13|14|0|14|0|14|0|14|0|14|0|14|0|14|0|14|0|14|5|8|5|8|0|14|0|14|0|14|0|14|0|14|0|14|0|14|0|14
1600000US3710264|181|108|56|59|71|53|14|18|0|14|0|14|10|16|30|39|0|14|0|14|170|100|56|59|60|53|14|18|0|14|0|14|10|16|30|39|0|14|0|14|170|100|56|59|60|53|14|18|0|14|0|14|10|16|30|39|0|14|0|14|0|14|0|14|0|14|0|14|0|14|0|14|0|14|0|14|0|14|0|14|0|14|0|14|0|14|0|14|0|14|0|14|0|14|0|14|0|14|0|14|0|14|0|14|0|14|0|14|0|14|0|14|0|14|0|14|0|14|0|14|0|14|0|14|0|14|0|14|0|14|0|14|0|14|0|14|0|14|0|14|0|14|0|14|0|14|0|14|0|14|0|14|0|14|0|14|0|14|0|14|0|14|0|14|0|14|0|14|0|14|0|14|0|14|0|14|0|14|0|14|0|14|0|14|0|14|0|14|0|14|0|14|0|14|0|14|0|14|0|14|11|20|0|14|11|20|0|14|0|14|0|14|0|14|0|14|0|14|0|14|0|14|0|14|0|14|0|14|0|14|0|14|0|14|0|14|0|14|0|14
1600000US3710460|63|60|0|14|0|14|0|14|23|38|10|16|0|14|10|17|0|14|20|34|63|60|0|14|0|14|0|14|23|38|10|16|0|14|10|17|0|14|20|34|53|53|0|14|0|14|0|14|23|38|10|16|0|14|0|14|0|14|20|34|10|17|0|14|0|14|0|14|0|14|0|14|0|14|10|17|0|14|0|14|10|17|0|14|0|14|0|14|0|14|0|14|0|14|10|17|0|14|0|14|0|14|0|14|0|14|0|14|0|14|0|14|0|14|0|14|0|14|0|14|0|14|0|14|0|14|0|14|0|14|0|14|0|14|0|14|0|14|0|14|0|14|0|14|0|14|0|14|0|14|0|14|0|14|0|14|0|14|0|14|0|14|0|14|0|14|0|14|0|14|0|14|0|14|0|14|0|14|0|14|0|14|0|14|0|14|0|14|0|14|0|14|0|14|0|14|0|14|0|14|0|14|0|14|0|14|0|14|0|14|0|14|0|14|0|14|0|14|0|14|0|14|0|14|0|14|0|14|0|14|0|14|0|14|0|14|0|14|0|14
1600000US3710500|2656|353|553|207|293|152|206|109|428|156|343|236|375|176|346|159|64|41|48|46|2490|375|474|193|274|146|206|109|374|132|343|236|375|176|332|157|64|41|48|46|2263|360|376|136|265|144|206|109|350|127|322|233|359|176|273|133|64|41|48|46|227|166|98|147|9|14|0|19|24|37|21|32|16|20|59|90|0|19|0|19|126|118|52|77|9|14|0|19|0|19|0|19|6|10|59|90|0|19|0|19|101|78|46|71|0|19|0|19|24|37|21|32|10|17|0|19|0|19|0|19|0|19|0|19|0|19|0|19|0|19|0|19|0|19|0|19|0|19|0|19|0|19|0|19|0|19|0|19|0|19|0|19|0|19|0|19|0|19|0|19|0|19|0|19|0|19|0|19|0|19|0|19|0|19|0|19|0|19|0|19|0|19|0|19|0|19|0|19|0|19|0|19|0|19|0|19|0|19|0|19|39|37|20|29|19|26|0|19|0|19|0|19|0|19|0|19|0|19|0|19|127|96|59|54|0|19|0|19|54|80|0|19|0|19|14|23|0|19|0|19
1600000US3710532|48|45|0|14|0|14|11|18|0|14|23|35|0|14|0|14|0|14|14|22|48|45|0|14|0|14|11|18|0|14|23|35|0|14|0|14|0|14|14|22|48|45|0|14|0|14|11|18|0|14|23|35|0|14|0|14|0|14|14|22|0|14|0|14|0|14|0|14|0|14|0|14|0|14|0|14|0|14|0|14|0|14|0|14|0|14|0|14|0|14|0|14|0|14|0|14|0|14|0|14|0|14|0|14|0|14|0|14|0|14|0|14|0|14|0|14|0|14|0|14|0|14|0|14|0|14|0|14|0|14|0|14|0|14|0|14|0|14|0|14|0|14|0|14|0|14|0|14|0|14|0|14|0|14|0|14|0|14|0|14|0|14|0|14|0|14|0|14|0|14|0|14|0|14|0|14|0|14|0|14|0|14|0|14|0|14|0|14|0|14|0|14|0|14|0|14|0|14|0|14|0|14|0|14|0|14|0|14|0|14|0|14|0|14|0|14|0|14|0|14|0|14|0|14|0|14|0|14|0|14|0|14|0|14|0|14|0|14|0|14
1600000US3710550|1609|289|248|117|313|148|264|133|181|87|163|113|177|110|112|66|105|104|46|42|1609|289|248|117|313|148|264|133|181|87|163|113|177|110|112|66|105|104|46|42|1410|279|206|116|254|141|221|128|166|87|148|108|152|104|112|66|105|104|46|42|199|98|42|42|59|55|43|39|15|22|15|29|25|47|0|19|0|19|0|19|174|86|42|42|59|55|43|39|15|22|15|29|0|19|0|19|0|19|0|19|25|47|0|19|0|19|0|19|0|19|0|19|25|47|0|19|0|19|0|19|0|19|0|19|0|19|0|19|0|19|0|19|0|19|0|19|0|19|0|19|0|19|0|19|0|19|0|19|0|19|0|19|0|19|0|19|0|19|0|19|0|19|0|19|0|19|0|19|0|19|0|19|0|19|0|19|0|19|0|19|0|19|0|19|0|19|0|19|0|19|0|19|0|19|0|19|0|19|0|19|0|19|0|19|0|19|0|19|0|19|0|19|0|19|0|19|0|19|0|19|0|19|0|19|0|19|0|19|0|19|0|19|0|19|0|19|0|19|0|19
1600000US3710620|8686|608|972|262|1476|349|1323|261|1466|308|702|217|1316|301|571|222|517|174|343|150|6707|652|864|271|1144|287|966|213|989|219|619|202|943|256|520|209|419|135|243|126|5923|608|792|269|1066|282|794|185|948|217|543|190|680|180|456|204|401|134|243|126|784|304|72|53|78|49|172|95|41|38|76|94|263|171|64|74|18|22|0|25|508|228|53|52|48|41|131|87|41|38|12|20|205|160|0|25|18|22|0|25|276|232|19|34|30|39|41|42|0|25|64|93|58|71|64|74|0|25|0|25|862|242|1|3|53|46|87|60|325|149|77|68|243|149|10|15|16|21|50|68|861|242|0|25|53|46|87|60|325|149|77|68|243|149|10|15|16|21|50|68|1|3|1|3|0|25|0|25|0|25|0|25|0|25|0|25|0|25|0|25|0|25|0|25|0|25|0|25|0|25|0|25|0|25|0|25|0|25|0|25|374|168|52|38|79|84|10|16|47|43|0|25|113|116|41|48|32|37|0|25|743|271|55|47|200|147|260|195|105|61|6|12|17|29|0|25|50|90|50|43
1600000US3710680|1173|177|225|139|81|82|83|62|207|73|88|72|221|144|18|20|162|64|88|64|1100|170|211|139|81|82|83|62|201|73|53|49|221|144|18|20|159|63|73|55|1039|170|211|139|74|83|83|62|174|69|36|39|216|143|13|18|159|63|73|55|61|51|0|14|7|12|0|14|27|41|17|23|5|8|5|8|0|14|0|14|5|8|0|14|0|14|0|14|0|14|0|14|5|8|0|14|0|14|0|14|56|51|0|14|7|12|0|14|27|41|17|23|0|14|5|8|0|14|0|14|21|34|0|14|0|14|0|14|6|11|0|14|0|14|0|14|0|14|15|24|0|14|0|14|0|14|0|14|0|14|0|14|0|14|0|14|0|14|0|14|0|14|0|14|0|14|0|14|0|14|0|14|0|14|0|14|0|14|0|14|21|34|0|14|0|14|0|14|6|11|0|14|0|14|0|14|0|14|15|24|15|23|12|23|0|14|0|14|0|14|0|14|0|14|0|14|3|6|0|14|37|56|2|7|0|14|0|14|0|14|35|56|0|14|0|14|0|14|0|14
1600000US3710740|59677|1961|6122|764|8046|882|12710|1135|11075|963|6281|774|7595|974|3585|534|2247|399|2016|537|57112|2029|5267|682|7598|871|12303|1133|10646|966|6260|779|7498|978|3560|531|2168|398|1812|536|52880|1839|4970|652|7246|876|11385|1102|9675|915|5820|753|7096|965|3156|465|2031|381|1501|383|4232|870|297|157|352|135|918|363|971|417|440|148|402|181|404|192|137|96|311|366|3445|738|297|157|241|98|700|310|745|350|379|152|268|151|390|193|125|90|300|365|787|332|0|32|111|81|218|159|226|235|61|45|134|112|14|17|12|20|11|17|257|124|0|32|10|16|41|42|62|56|21|30|40|65|25|28|40|53|18|20|220|120|0|32|10|16|41|42|55|56|0|32|40|65|16|25|40|53|18|20|0|32|0|32|0|32|0|32|0|32|0|32|0|32|0|32|0|32|0|32|37|35|0|32|0|32|0|32|7|12|21|30|0|32|9|14|0|32|0|32|904|284|475|218|250|115|102|73|66|64|0|32|11|18|0|32|0|32|0|32|1404|356|380|179|188|132|264|138|301|196|0|32|46|32|0|32|39|43|186|93
1600000US3710760|191|107|35|26|13|13|6|6|0|14|12|9|32|24|63|70|16|13|14|15|184|107|28|24|13|13|6|6|0|14|12|9|32|24|63|70|16|13|14|15|175|104|21|21|13|13|6|6|0|14|12|9|32|24|63|70|14|14|14|15|9|10|7|9|0|14|0|14|0|14|0|14|0|14|0|14|2|3|0|14|9|10|7|9|0|14|0|14|0|14|0|14|0|14|0|14|2|3|0|14|0|14|0|14|0|14|0|14|0|14|0|14|0|14|0|14|0|14|0|14|0|14|0|14|0|14|0|14|0|14|0|14|0|14|0|14|0|14|0|14|0|14|0|14|0|14|0|14|0|14|0|14|0|14|0|14|0|14|0|14|0|14|0|14|0|14|0|14|0|14|0|14|0|14|0|14|0|14|0|14|0|14|0|14|0|14|0|14|0|14|0|14|0|14|0|14|0|14|0|14|7|9|7|9|0|14|0|14|0|14|0|14|0|14|0|14|0|14|0|14|0|14|0|14|0|14|0|14|0|14|0|14|0|14|0|14|0|14|0|14
1600000US3710800|351|236|204|139|43|69|70|96|34|51|0|14|0|14|0|14|0|14|0|14|351|236|204|139|43|69|70|96|34|51|0|14|0|14|0|14|0|14|0|14|327|223|180|142|43|69|70|96|34|51|0|14|0|14|0|14|0|14|0|14|24|36|24|36|0|14|0|14|0|14|0|14|0|14|0|14|0|14|0|14|24|36|24|36|0|14|0|14|0|14|0|14|0|14|0|14|0|14|0|14|0|14|0|14|0|14|0|14|0|14|0|14|0|14|0|14|0|14|0|14|0|14|0|14|0|14|0|14|0|14|0|14|0|14|0|14|0|14|0|14|0|14|0|14|0|14|0|14|0|14|0|14|0|14|0|14|0|14|0|14|0|14|0|14|0|14|0|14|0|14|0|14|0|14|0|14|0|14|0|14|0|14|0|14|0|14|0|14|0|14|0|14|0|14|0|14|0|14|0|14|0|14|0|14|0|14|0|14|0|14|0|14|0|14|0|14|0|14|0|14|0|14|0|14|0|14|0|14|0|14|0|14|0|14|0|14|0|14|0|14
1600000US3710860|104|77|14|14|2|3|32|32|10|15|20|14|3|5|2|5|21|25|0|14|96|74|6|10|2|3|32|32|10|15|20|14|3|5|2|5|21|25|0|14|68|38|6|10|2|3|14|13|2|3|20|14|3|5|0|14|21|25|0|14|28|45|0|14|0|14|18|30|8|15|0|14|0|14|2|5|0|14|0|14|28|45|0|14|0|14|18|30|8|15|0|14|0|14|2|5|0|14|0|14|0|14|0|14|0|14|0|14|0|14|0|14|0|14|0|14|0|14|0|14|0|14|0|14|0|14|0|14|0|14|0|14|0|14|0|14|0|14|0|14|0|14|0|14|0|14|0|14|0|14|0|14|0|14|0|14|0|14|0|14|0|14|0|14|0|14|0|14|0|14|0|14|0|14|0|14|0|14|0|14|0|14|0|14|0|14|0|14|0|14|0|14|0|14|0|14|0|14|0|14|8|10|8|10|0|14|0|14|0|14|0|14|0|14|0|14|0|14|0|14|0|14|0|14|0|14|0|14|0|14|0|14|0|14|0|14|0|14|0|14
1600000US3710880|285|162|36|45|15|26|39|48|53|61|22|43|73|111|33|30|14|24|0|14|285|162|36|45|15|26|39|48|53|61|22|43|73|111|33|30|14|24|0|14|251|150|36|45|0|14|39|48|53|61|22|43|73|111|14|22|14|24|0|14|34|43|0|14|15|26|0|14|0|14|0|14|0|14|19|32|0|14|0|14|34|43|0|14|15|26|0|14|0|14|0|14|0|14|19|32|0|14|0|14|0|14|0|14|0|14|0|14|0|14|0|14|0|14|0|14|0|14|0|14|0|14|0|14|0|14|0|14|0|14|0|14|0|14|0|14|0|14|0|14|0|14|0|14|0|14|0|14|0|14|0|14|0|14|0|14|0|14|0|14|0|14|0|14|0|14|0|14|0|14|0|14|0|14|0|14|0|14|0|14|0|14|0|14|0|14|0|14|0|14|0|14|0|14|0|14|0|14|0|14|0|14|0|14|0|14|0|14|0|14|0|14|0|14|0|14|0|14|0|14|0|14|0|14|0|14|0|14|0|14|0|14|0|14|0|14|0|14|0|14
1600000US3710960|174|128|13|8|78|90|37|37|16|12|2|3|6|4|5|8|13|11|4|5|169|128|10|7|76|90|37|37|16|12|2|3|6|4|5|8|13|11|4|5|166|126|10|7|73|88|37|37|16|12|2|3|6|4|5|8|13|11|4|5|3|6|0|14|3|6|0|14|0|14|0|14|0|14|0|14|0|14|0|14|3|6|0|14|3|6|0|14|0|14|0|14|0|14|0|14|0|14|0|14|0|14|0|14|0|14|0|14|0|14|0|14|0|14|0|14|0|14|0|14|0|14|0|14|0|14|0|14|0|14|0|14|0|14|0|14|0|14|0|14|0|14|0|14|0|14|0|14|0|14|0|14|0|14|0|14|0|14|0|14|0|14|0|14|0|14|0|14|0|14|0|14|0|14|0|14|0|14|0|14|0|14|0|14|0|14|0|14|0|14|0|14|0|14|0|14|0|14|0|14|1|3|1|3|0|14|0|14|0|14|0|14|0|14|0|14|0|14|0|14|4|4|2|3|2|3|0|14|0|14|0|14|0|14|0|14|0|14|0|14
1600000US3710980|262|89|14|16|9|12|23|18|74|49|26|25|22|16|58|55|12|17|24|19|257|87|14|16|9|12|23|18|74|49|26|25|17|11|58|55|12|17|24|19|245|85|14|16|9|12|20|18|74|49|26|25|15|11|51|53|12|17|24|19|12|13|0|14|0|14|3|5|0|14|0|14|2|3|7|11|0|14|0|14|9|12|0|14|0|14|2|3|0|14|0|14|0|14|7|11|0|14|0|14|3|5|0|14|0|14|1|2|0|14|0|14|2|3|0|14|0|14|0|14|0|14|0|14|0|14|0|14|0|14|0|14|0|14|0|14|0|14|0|14|0|14|0|14|0|14|0|14|0|14|0|14|0|14|0|14|0|14|0|14|0|14|0|14|0|14|0|14|0|14|0|14|0|14|0|14|0|14|0|14|0|14|0|14|0|14|0|14|0|14|0|14|0|14|0|14|0|14|0|14|0|14|0|14|0|14|0|14|0|14|0|14|0|14|0|14|0|14|0|14|5|11|0|14|0|14|0|14|0|14|0|14|5|11|0|14|0|14|0|14
1600000US3711340|702|167|128|45|162|93|60|36|12|10|14|11|122|43|80|34|94|68|30|19|687|167|119|43|162|93|60|36|12|10|14|11|116|43|80|34|94|68|30|19|657|164|98|38|162|93|56|36|12|10|14|11|116|43|75|32|94|68|30|19|30|25|21|22|0|14|4|7|0|14|0|14|0|14|5|8|0|14|0|14|14|15|9|13|0|14|0|14|0|14|0|14|0|14|5|8|0|14|0|14|16|20|12|19|0|14|4|7|0|14|0|14|0|14|0|14|0|14|0|14|0|14|0|14|0|14|0|14|0|14|0|14|0|14|0|14|0|14|0|14|0|14|0|14|0|14|0|14|0|14|0|14|0|14|0|14|0|14|0|14|0|14|0|14|0|14|0|14|0|14|0|14|0|14|0|14|0|14|0|14|0|14|0|14|0|14|0|14|0|14|0|14|0|14|0|14|0|14|0|14|15|13|9|10|0|14|0|14|0|14|0|14|6|9|0|14|0|14|0|14|0|14|0|14|0|14|0|14|0|14|0|14|0|14|0|14|0|14|0|14
1600000US3711352|150|70|37|42|19|13|48|30|13|14|3|6|14|14|5|7|11|14|0|14|147|70|37|42|19|13|48|30|11|14|3|6|14|14|4|5|11|14|0|14|144|70|37|42|16|11|48|30|11|14|3|6|14|14|4|5|11|14|0|14|3|4|0|14|3|4|0|14|0|14|0|14|0|14|0|14|0|14|0|14|3|4|0|14|3|4|0|14|0|14|0|14|0|14|0|14|0|14|0|14|0|14|0|14|0|14|0|14|0|14|0|14|0|14|0|14|0|14|0|14|0|14|0|14|0|14|0|14|0|14|0|14|0|14|0|14|0|14|0|14|0|14|0|14|0|14|0|14|0|14|0|14|0|14|0|14|0|14|0|14|0|14|0|14|0|14|0|14|0|14|0|14|0|14|0|14|0|14|0|14|0|14|0|14|0|14|0|14|0|14|0|14|0|14|0|14|0|14|0|14|0|14|0|14|0|14|0|14|0|14|0|14|0|14|0|14|0|14|0|14|3|3|0|14|0|14|0|14|2|3|0|14|0|14|1|4|0|14|0|14
1600000US3711560|141|140|4|6|0|14|0|14|0|14|0|14|71|74|0|14|66|69|0|14|137|140|0|14|0|14|0|14|0|14|0|14|71|74|0|14|66|69|0|14|137|140|0|14|0|14|0|14|0|14|0|14|71|74|0|14|66|69|0|14|0|14|0|14|0|14|0|14|0|14|0|14|0|14|0|14|0|14|0|14|0|14|0|14|0|14|0|14|0|14|0|14|0|14|0|14|0|14|0|14|0|14|0|14|0|14|0|14|0|14|0|14|0|14|0|14|0|14|0|14|0|14|0|14|0|14|0|14|0|14|0|14|0|14|0|14|0|14|0|14|0|14|0|14|0|14|0|14|0|14|0|14|0|14|0|14|0|14|0|14|0|14|0|14|0|14|0|14|0|14|0|14|0|14|0|14|0|14|0|14|0|14|0|14|0|14|0|14|0|14|0|14|0|14|0|14|0|14|0|14|4|6|4|6|0|14|0|14|0|14|0|14|0|14|0|14|0|14|0|14|0|14|0|14|0|14|0|14|0|14|0|14|0|14|0|14|0|14|0|14
1600000US3711620|117|90|0|14|5|8|20|26|9|14|1|3|33|33|0|14|4|6|45|47|116|90|0|14|5|8|20|26|9|14|1|3|32|33|0|14|4|6|45|47|100|79|0|14|5|8|8|8|9|14|1|3|32|33|0|14|4|6|41|47|16|25|0|14|0|14|12|25|0|14|0|14|0|14|0|14|0|14|4|6|16|25|0|14|0|14|12|25|0|14|0|14|0|14|0|14|0|14|4|6|0|14|0|14|0|14|0|14|0|14|0|14|0|14|0|14|0|14|0|14|0|14|0|14|0|14|0|14|0|14|0|14|0|14|0|14|0|14|0|14|0|14|0|14|0|14|0|14|0|14|0|14|0|14|0|14|0|14|0|14|0|14|0|14|0|14|0|14|0|14|0|14|0|14|0|14|0|14|0|14|0|14|0|14|0|14|0|14|0|14|0|14|0|14|0|14|0|14|0|14|0|14|0|14|0|14|0|14|0|14|0|14|0|14|0|14|0|14|0|14|1|3|0|14|0|14|0|14|0|14|0|14|1|3|0|14|0|14|0|14
1600000US3711640|473|171|29|31|19|17|117|105|68|52|7|8|15|18|45|58|40|36|133|86|443|167|25|30|19|17|91|97|68|52|7|8|15|18|45|58|40|36|133|86|394|125|25|30|19|17|47|42|65|52|7|8|15|18|43|58|40|36|133|86|49|63|0|14|0|14|44|62|3|7|0|14|0|14|2|5|0|14|0|14|46|62|0|14|0|14|44|62|0|14|0|14|0|14|2|5|0|14|0|14|3|7|0|14|0|14|0|14|3|7|0|14|0|14|0|14|0|14|0|14|0|14|0|14|0|14|0|14|0|14|0|14|0|14|0|14|0|14|0|14|0|14|0|14|0|14|0|14|0|14|0|14|0|14|0|14|0|14|0|14|0|14|0|14|0|14|0|14|0|14|0|14|0|14|0|14|0|14|0|14|0|14|0|14|0|14|0|14|0|14|0|14|0|14|0|14|0|14|0|14|21|37|0|14|0|14|21|37|0|14|0|14|0|14|0|14|0|14|0|14|9|15|4|7|0|14|5|11|0|14|0|14|0|14|0|14|0|14|0|14
1600000US3711800|20865|862|3237|475|4280|491|4571|625|2973|350|1812|396|1714|261|973|222|591|185|714|266|15393|940|1935|327|3123|456|3655|619|2276|304|1323|328|1231|217|900|218|442|170|508|196|13691|791|1762|332|2834|423|2977|450|2114|313|1243|324|1067|206|839|212|396|163|459|185|1702|557|173|144|289|147|678|439|162|77|80|71|164|107|61|58|46|56|49|50|889|266|132|141|154|108|191|84|162|77|45|50|82|53|52|54|31|50|40|37|813|539|41|36|135|108|487|441|0|32|35|43|82|97|9|15|15|24|9|16|2042|364|78|46|209|105|279|113|399|152|297|136|409|154|60|51|136|69|175|127|1986|348|76|46|209|105|279|113|376|149|297|136|401|156|60|51|130|68|158|125|52|59|2|6|0|32|0|32|23|53|0|32|8|19|0|32|6|14|13|21|4|8|0|32|0|32|0|32|0|32|0|32|0|32|0|32|0|32|4|8|2330|405|882|256|597|177|436|149|214|117|166|117|13|16|13|21|0|32|9|15|1100|286|342|171|351|156|201|116|84|53|26|30|61|59|0|32|13|22|22|33
1600000US3712000|346961|4274|32509|1510|43787|2168|57949|2114|60274|2176|33395|1818|55858|2186|26406|1576|21429|1198|15354|1170|321418|4238|27529|1383|39861|1970|54488|2150|56536|1989|31927|1788|53476|2137|25059|1514|20154|1187|12388|1140|279379|3866|23468|1279|35720|1878|48611|2122|50258|1829|28456|1570|45769|1945|20667|1266|16903|1095|9527|989|42039|2462|4061|648|4141|778|5877|1085|6278|887|3471|664|7707|1033|4392|873|3251|591|2861|589|29747|2180|3253|632|3244|782|4628|1088|4436|671|2900|647|5234|778|2543|561|2117|494|1392|322|12292|1206|808|261|897|307|1249|327|1842|450|571|170|2473|627|1849|556|1134|373|1469|504|9357|929|559|198|608|262|869|287|1465|346|1028|395|1242|351|662|180|933|237|1991|424|5585|809|395|182|317|142|504|269|607|199|742|383|696|300|302|147|496|169|1526|363|3636|491|140|104|291|211|352|157|858|278|271|121|528|163|347|126|421|167|428|156|136|85|24|37|0|32|13|20|0|32|15|29|18|25|13|21|16|24|37|41|8258|855|3474|615|1527|297|1649|334|667|181|188|119|335|133|121|93|185|146|112|106|7928|1085|947|204|1791|407|943|223|1606|580|252|131|805|295|564|183|157|91|863|263
1600000US3712140|912|319|420|164|146|97|219|164|62|70|0|14|65|86|0|14|0|14|0|14|857|315|365|158|146|97|219|164|62|70|0|14|65|86|0|14|0|14|0|14|842|311|365|158|131|91|219|164|62|70|0|14|65|86|0|14|0|14|0|14|15|25|0|14|15|25|0|14|0|14|0|14|0|14|0|14|0|14|0|14|15|25|0|14|15|25|0|14|0|14|0|14|0|14|0|14|0|14|0|14|0|14|0|14|0|14|0|14|0|14|0|14|0|14|0|14|0|14|0|14|0|14|0|14|0|14|0|14|0|14|0|14|0|14|0|14|0|14|0|14|0|14|0|14|0|14|0|14|0|14|0|14|0|14|0|14|0|14|0|14|0|14|0|14|0|14|0|14|0|14|0|14|0|14|0|14|0|14|0|14|0|14|0|14|0|14|0|14|0|14|0|14|0|14|0|14|0|14|0|14|47|40|47|40|0|14|0|14|0|14|0|14|0|14|0|14|0|14|0|14|8|14|8|14|0|14|0|14|0|14|0|14|0|14|0|14|0|14|0|14
1600000US3712186|681|315|0|14|7|13|76|56|17|21|109|118|113|98|75|90|159|136|125|86|681|315|0|14|7|13|76|56|17|21|109|118|113|98|75|90|159|136|125|86|653|303|0|14|7|13|48|30|17|21|109|118|113|98|75|90|159|136|125|86|28|45|0|14|0|14|28|45|0|14|0|14|0|14|0|14|0|14|0|14|28|45|0|14|0|14|28|45|0|14|0|14|0|14|0|14|0|14|0|14|0|14|0|14|0|14|0|14|0|14|0|14|0|14|0|14|0|14|0|14|0|14|0|14|0|14|0|14|0|14|0|14|0|14|0|14|0|14|0|14|0|14|0|14|0|14|0|14|0|14|0|14|0|14|0|14|0|14|0|14|0|14|0|14|0|14|0|14|0|14|0|14|0|14|0|14|0|14|0|14|0|14|0|14|0|14|0|14|0|14|0|14|0|14|0|14|0|14|0|14|0|14|0|14|0|14|0|14|0|14|0|14|0|14|0|14|0|14|0|14|0|14|0|14|0|14|0|14|0|14|0|14|0|14|0|14|0|14|0|14
1600000US3712340|2473|269|497|151|134|99|188|87|284|137|218|102|364|139|176|106|375|155|237|118|2363|272|399|133|134|99|188|87|284|137|210|99|361|139|176|106|375|155|236|118|2122|255|372|127|113|92|163|83|239|128|172|76|327|134|171|106|329|155|236|118|241|136|27|32|21|30|25|30|45|45|38|50|34|40|5|11|46|61|0|19|144|98|12|18|21|30|25|30|14|17|38|50|34|40|0|19|0|19|0|19|97|85|15|26|0|19|0|19|31|42|0|19|0|19|5|11|46|61|0|19|1|6|0|19|0|19|0|19|0|19|0|19|0|19|0|19|0|19|1|6|1|6|0|19|0|19|0|19|0|19|0|19|0|19|0|19|0|19|1|6|0|19|0|19|0|19|0|19|0|19|0|19|0|19|0|19|0|19|0|19|0|19|0|19|0|19|0|19|0|19|0|19|0|19|0|19|0|19|0|19|62|56|62|56|0|19|0|19|0|19|0|19|0|19|0|19|0|19|0|19|47|46|36|45|0|19|0|19|0|19|8|12|3|9|0|19|0|19|0|19
1600000US3712460|78|68|35|34|4|7|26|38|4|7|0|14|3|6|0|14|6|8|0|14|59|66|16|27|4|7|26|38|4|7|0|14|3|6|0|14|6|8|0|14|59|66|16|27|4|7|26|38|4|7|0|14|3|6|0|14|6|8|0|14|0|14|0|14|0|14|0|14|0|14|0|14|0|14|0|14|0|14|0|14|0|14|0|14|0|14|0|14|0|14|0|14|0|14|0|14|0|14|0|14|0|14|0|14|0|14|0|14|0|14|0|14|0|14|0|14|0|14|0|14|0|14|0|14|0|14|0|14|0|14|0|14|0|14|0|14|0|14|0|14|0|14|0|14|0|14|0|14|0|14|0|14|0|14|0|14|0|14|0|14|0|14|0|14|0|14|0|14|0|14|0|14|0|14|0|14|0|14|0|14|0|14|0|14|0|14|0|14|0|14|0|14|0|14|0|14|0|14|0|14|14|17|14|17|0|14|0|14|0|14|0|14|0|14|0|14|0|14|0|14|5|7|5|7|0|14|0|14|0|14|0|14|0|14|0|14|0|14|0|14
1600000US3712480|1651|305|29|35|103|99|222|138|370|175|189|114|283|168|214|157|160|126|81|79|1651|305|29|35|103|99|222|138|370|175|189|114|283|168|214|157|160|126|81|79|1508|316|29|35|103|99|222|138|370|175|189|114|283|168|204|153|27|34|81|79|143|129|0|14|0|14|0|14|0|14|0|14|0|14|10|18|133|126|0|14|143|129|0|14|0|14|0|14|0|14|0|14|0|14|10|18|133|126|0|14|0|14|0|14|0|14|0|14|0|14|0|14|0|14|0|14|0|14|0|14|0|14|0|14|0|14|0|14|0|14|0|14|0|14|0|14|0|14|0|14|0|14|0|14|0|14|0|14|0|14|0|14|0|14|0|14|0|14|0|14|0|14|0|14|0|14|0|14|0|14|0|14|0|14|0|14|0|14|0|14|0|14|0|14|0|14|0|14|0|14|0|14|0|14|0|14|0|14|0|14|0|14|0|14|0|14|0|14|0|14|0|14|0|14|0|14|0|14|0|14|0|14|0|14|0|14|0|14|0|14|0|14|0|14|0|14|0|14|0|14
1600000US3712520|36|46|0|14|16|25|0|14|8|14|0|14|0|14|0|14|12|19|0|14|36|46|0|14|16|25|0|14|8|14|0|14|0|14|0|14|12|19|0|14|36|46|0|14|16|25|0|14|8|14|0|14|0|14|0|14|12|19|0|14|0|14|0|14|0|14|0|14|0|14|0|14|0|14|0|14|0|14|0|14|0|14|0|14|0|14|0|14|0|14|0|14|0|14|0|14|0|14|0|14|0|14|0|14|0|14|0|14|0|14|0|14|0|14|0|14|0|14|0|14|0|14|0|14|0|14|0|14|0|14|0|14|0|14|0|14|0|14|0|14|0|14|0|14|0|14|0|14|0|14|0|14|0|14|0|14|0|14|0|14|0|14|0|14|0|14|0|14|0|14|0|14|0|14|0|14|0|14|0|14|0|14|0|14|0|14|0|14|0|14|0|14|0|14|0|14|0|14|0|14|0|14|0|14|0|14|0|14|0|14|0|14|0|14|0|14|0|14|0|14|0|14|0|14|0|14|0|14|0|14|0|14|0|14|0|14|0|14|0|14
1600000US3712580|311|110|87|71|55|32|15|13|30|25|4|8|58|42|21|17|17|16|24|23|306|110|85|72|52|32|15|13|30|25|4|8|58|42|21|17|17|16|24|23|290|108|85|72|52|32|15|13|17|13|4|8|55|42|21|17|17|16|24|23|16|22|0|14|0|14|0|14|13|20|0|14|3|5|0|14|0|14|0|14|13|20|0|14|0|14|0|14|13|20|0|14|0|14|0|14|0|14|0|14|3|5|0|14|0|14|0|14|0|14|0|14|3|5|0|14|0|14|0|14|0|14|0|14|0|14|0|14|0|14|0|14|0|14|0|14|0|14|0|14|0|14|0|14|0|14|0|14|0|14|0|14|0|14|0|14|0|14|0|14|0|14|0|14|0|14|0|14|0|14|0|14|0|14|0|14|0|14|0|14|0|14|0|14|0|14|0|14|0|14|0|14|0|14|0|14|0|14|0|14|2|3|2|3|0|14|0|14|0|14|0|14|0|14|0|14|0|14|0|14|3|5|0|14|3|5|0|14|0|14|0|14|0|14|0|14|0|14|0|14
1600000US3712590|69|97|0|14|0|14|0|14|63|98|0|14|0|14|0|14|0|14|6|11|69|97|0|14|0|14|0|14|63|98|0|14|0|14|0|14|0|14|6|11|6|11|0|14|0|14|0|14|0|14|0|14|0|14|0|14|0|14|6|11|63|98|0|14|0|14|0|14|63|98|0|14|0|14|0|14|0|14|0|14|63|98|0|14|0|14|0|14|63|98|0|14|0|14|0|14|0|14|0|14|0|14|0|14|0|14|0|14|0|14|0|14|0|14|0|14|0|14|0|14|0|14|0|14|0|14|0|14|0|14|0|14|0|14|0|14|0|14|0|14|0|14|0|14|0|14|0|14|0|14|0|14|0|14|0|14|0|14|0|14|0|14|0|14|0|14|0|14|0|14|0|14|0|14|0|14|0|14|0|14|0|14|0|14|0|14|0|14|0|14|0|14|0|14|0|14|0|14|0|14|0|14|0|14|0|14|0|14|0|14|0|14|0|14|0|14|0|14|0|14|0|14|0|14|0|14|0|14|0|14|0|14|0|14|0|14|0|14|0|14
1600000US3712720|946|242|93|38|256|161|216|85|101|62|40|28|50|34|73|52|72|56|45|28|934|240|87|36|250|160|216|85|101|62|40|28|50|34|73|52|72|56|45|28|915|241|87|36|250|160|197|83|101|62|40|28|50|34|73|52|72|56|45|28|19|29|0|14|0|14|19|29|0|14|0|14|0|14|0|14|0|14|0|14|19|29|0|14|0|14|19|29|0|14|0|14|0|14|0|14|0|14|0|14|0|14|0|14|0|14|0|14|0|14|0|14|0|14|0|14|0|14|0|14|0|14|0|14|0|14|0|14|0|14|0|14|0|14|0|14|0|14|0|14|0|14|0|14|0|14|0|14|0|14|0|14|0|14|0|14|0|14|0|14|0|14|0|14|0|14|0|14|0|14|0|14|0|14|0|14|0|14|0|14|0|14|0|14|0|14|0|14|0|14|0|14|0|14|0|14|0|14|0|14|0|14|0|14|0|14|0|14|0|14|0|14|0|14|0|14|0|14|0|14|12|14|6|8|6|12|0|14|0|14|0|14|0|14|0|14|0|14|0|14
1600000US3712780|148|84|16|24|1|3|20|26|69|55|11|16|18|24|5|6|8|11|0|14|141|79|9|20|1|3|20|26|69|55|11|16|18|24|5|6|8|11|0|14|124|72|0|14|1|3|20|26|69|55|11|16|10|20|5|6|8|11|0|14|17|26|9|20|0|14|0|14|0|14|0|14|8|15|0|14|0|14|0|14|17|26|9|20|0|14|0|14|0|14|0|14|8|15|0|14|0|14|0|14|0|14|0|14|0|14|0|14|0|14|0|14|0|14|0|14|0|14|0|14|0|14|0|14|0|14|0|14|0|14|0|14|0|14|0|14|0|14|0|14|0|14|0|14|0|14|0|14|0|14|0|14|0|14|0|14|0|14|0|14|0|14|0|14|0|14|0|14|0|14|0|14|0|14|0|14|0|14|0|14|0|14|0|14|0|14|0|14|0|14|0|14|0|14|0|14|0|14|0|14|7|13|7|13|0|14|0|14|0|14|0|14|0|14|0|14|0|14|0|14|0|14|0|14|0|14|0|14|0|14|0|14|0|14|0|14|0|14|0|14
1600000US3712860|13013|884|601|197|1264|513|1721|487|1471|500|1079|327|2825|549|1413|421|1343|322|1296|434|12822|909|570|189|1264|513|1664|495|1461|501|1079|327|2808|548|1413|421|1343|322|1220|459|11564|760|508|194|1135|520|1529|455|1349|471|785|247|2609|560|1269|375|1235|323|1145|405|1258|470|62|56|129|113|135|127|112|102|294|195|199|172|144|176|108|110|75|171|1036|432|62|56|20|24|57|72|99|101|278|197|193|170|144|176|108|110|75|171|222|155|0|25|109|113|78|104|13|20|16|25|6|10|0|25|0|25|0|25|1|2|0|25|0|25|0|25|0|25|0|25|1|2|0|25|0|25|0|25|1|2|0|25|0|25|0|25|0|25|0|25|1|2|0|25|0|25|0|25|0|25|0|25|0|25|0|25|0|25|0|25|0|25|0|25|0|25|0|25|0|25|0|25|0|25|0|25|0|25|0|25|0|25|0|25|0|25|0|25|78|82|24|37|0|25|41|68|10|17|0|25|3|19|0|25|0|25|0|25|112|91|7|15|0|25|16|28|0|25|0|25|13|21|0|25|0|25|76|87
1600000US3712960|8663|612|720|212|1128|234|1675|287|2327|456|676|241|1227|305|234|132|410|160|266|148|8512|628|689|205|1008|238|1675|287|2327|456|676|241|1227|305|234|132|410|160|266|148|7830|625|632|189|891|236|1614|279|2073|413|671|241|1078|285|234|132|410|160|227|136|682|224|57|55|117|63|61|61|254|132|5|14|149|160|0|25|0|25|39|55|541|183|57|55|83|56|61|61|222|132|0|25|83|89|0|25|0|25|35|54|141|96|0|25|34|39|0|25|32|33|5|14|66|79|0|25|0|25|4|9|29|47|0|25|29|47|0|25|0|25|0|25|0|25|0|25|0|25|0|25|0|25|0|25|0|25|0|25|0|25|0|25|0|25|0|25|0|25|0|25|0|25|0|25|0|25|0|25|0|25|0|25|0|25|0|25|0|25|0|25|29|47|0|25|29|47|0|25|0|25|0|25|0|25|0|25|0|25|0|25|21|32|21|32|0|25|0|25|0|25|0|25|0|25|0|25|0|25|0|25|101|64|10|15|91|63|0|25|0|25|0|25|0|25|0|25|0|25|0|25
1600000US3713000|420|127|37|24|17|18|23|16|86|50|47|26|72|35|47|27|63|44|28|25|420|127|37|24|17|18|23|16|86|50|47|26|72|35|47|27|63|44|28|25|313|97|37|24|9|11|23|16|61|47|31|22|69|35|47|27|27|20|9|16|107|59|0|14|8|13|0|14|25|19|16|15|3|5|0|14|36|32|19|22|88|57|0|14|8|13|0|14|21|18|12|15|0|14|0|14|28|28|19|22|19|21|0|14|0|14|0|14|4|6|4|7|3|5|0|14|8|15|0|14|0|14|0|14|0|14|0|14|0|14|0|14|0|14|0|14|0|14|0|14|0|14|0|14|0|14|0|14|0|14|0|14|0|14|0|14|0|14|0|14|0|14|0|14|0|14|0|14|0|14|0|14|0|14|0|14|0|14|0|14|0|14|0|14|0|14|0|14|0|14|0|14|0|14|0|14|0|14|0|14|0|14|0|14|0|14|0|14|0|14|0|14|0|14|0|14|0|14|0|14|0|14|0|14|0|14|0|14|0|14|0|14|0|14|0|14|0|14|0|14
1600000US3713100|148|62|42|30|50|42|37|41|19|21|0|14|0|14|0|14|0|14|0|14|148|62|42|30|50|42|37|41|19|21|0|14|0|14|0|14|0|14|0|14|148|62|42|30|50|42|37|41|19|21|0|14|0|14|0|14|0|14|0|14|0|14|0|14|0|14|0|14|0|14|0|14|0|14|0|14|0|14|0|14|0|14|0|14|0|14|0|14|0|14|0|14|0|14|0|14|0|14|0|14|0|14|0|14|0|14|0|14|0|14|0|14|0|14|0|14|0|14|0|14|0|14|0|14|0|14|0|14|0|14|0|14|0|14|0|14|0|14|0|14|0|14|0|14|0|14|0|14|0|14|0|14|0|14|0|14|0|14|0|14|0|14|0|14|0|14|0|14|0|14|0|14|0|14|0|14|0|14|0|14|0|14|0|14|0|14|0|14|0|14|0|14|0|14|0|14|0|14|0|14|0|14|0|14|0|14|0|14|0|14|0|14|0|14|0|14|0|14|0|14|0|14|0|14|0|14|0|14|0|14|0|14|0|14|0|14|0|14|0|14
1600000US3713240|2704|251|916|169|634|148|290|86|143|101|28|19|198|79|179|141|131|66|185|79|2612|257|850|159|634|148|289|86|128|96|28|19|194|79|179|141|125|65|185|79|2379|230|802|157|537|130|275|86|110|73|23|17|176|79|171|140|117|63|168|76|233|110|48|38|97|65|14|13|18|28|5|8|18|15|8|11|8|12|17|17|119|60|35|28|50|40|14|13|0|19|5|8|5|8|0|19|0|19|10|13|114|88|13|24|47|47|0|19|18|28|0|19|13|12|8|11|8|12|7|11|23|37|23|37|0|19|0|19|0|19|0|19|0|19|0|19|0|19|0|19|0|19|0|19|0|19|0|19|0|19|0|19|0|19|0|19|0|19|0|19|0|19|0|19|0|19|0|19|0|19|0|19|0|19|0|19|0|19|0|19|23|37|23|37|0|19|0|19|0|19|0|19|0|19|0|19|0|19|0|19|38|33|17|21|0|19|0|19|15|22|0|19|0|19|0|19|6|9|0|19|31|30|26|28|0|19|1|3|0|19|0|19|4|7|0|19|0|19|0|19
1600000US3713280|660|256|100|86|101|43|166|139|128|91|7|9|90|51|26|26|10|11|32|26|641|253|100|86|101|43|166|139|115|89|7|9|84|50|26|26|10|11|32|26|563|237|89|86|96|42|161|138|79|50|7|9|84|50|26|26|5|7|16|21|78|65|11|17|5|8|5|6|36|59|0|14|0|14|0|14|5|8|16|16|75|64|8|15|5|8|5|6|36|59|0|14|0|14|0|14|5|8|16|16|3|6|3|6|0|14|0|14|0|14|0|14|0|14|0|14|0|14|0|14|0|14|0|14|0|14|0|14|0|14|0|14|0|14|0|14|0|14|0|14|0|14|0|14|0|14|0|14|0|14|0|14|0|14|0|14|0|14|0|14|0|14|0|14|0|14|0|14|0|14|0|14|0|14|0|14|0|14|0|14|0|14|0|14|0|14|0|14|0|14|0|14|0|14|0|14|0|14|0|14|0|14|0|14|0|14|0|14|0|14|0|14|0|14|0|14|0|14|0|14|19|24|0|14|0|14|0|14|13|20|0|14|6|11|0|14|0|14|0|14
1600000US3713360|664|183|73|50|50|48|75|61|87|59|13|14|68|42|39|41|131|62|128|81|664|183|73|50|50|48|75|61|87|59|13|14|68|42|39|41|131|62|128|81|563|154|67|51|50|48|73|47|72|56|8|10|68|42|34|40|100|45|91|57|101|91|6|9|0|14|2|36|15|19|5|10|0|14|5|7|31|41|37|53|90|88|6|9|0|14|2|36|9|18|0|14|0|14|5|7|31|41|37|53|11|20|0|14|0|14|0|14|6|10|5|10|0|14|0|14|0|14|0|14|0|14|0|14|0|14|0|14|0|14|0|14|0|14|0|14|0|14|0|14|0|14|0|14|0|14|0|14|0|14|0|14|0|14|0|14|0|14|0|14|0|14|0|14|0|14|0|14|0|14|0|14|0|14|0|14|0|14|0|14|0|14|0|14|0|14|0|14|0|14|0|14|0|14|0|14|0|14|0|14|0|14|0|14|0|14|0|14|0|14|0|14|0|14|0|14|0|14|0|14|0|14|0|14|0|14|0|14|0|14|0|14|0|14|0|14|0|14|0|14
1600000US3713460|100|62|7|8|9|35|33|27|14|18|0|14|25|22|6|10|2|3|4|7|100|62|7|8|9|35|33|27|14|18|0|14|25|22|6|10|2|3|4|7|90|43|7|8|3|5|33|27|14|18|0|14|25|22|6|10|2|3|0|14|10|34|0|14|6|34|0|14|0|14|0|14|0|14|0|14|0|14|4|7|6|34|0|14|6|34|0|14|0|14|0|14|0|14|0|14|0|14|0|14|4|7|0|14|0|14|0|14|0|14|0|14|0|14|0|14|0|14|4|7|0|14|0|14|0|14|0|14|0|14|0|14|0|14|0|14|0|14|0|14|0|14|0|14|0|14|0|14|0|14|0|14|0|14|0|14|0|14|0|14|0|14|0|14|0|14|0|14|0|14|0|14|0|14|0|14|0|14|0|14|0|14|0|14|0|14|0|14|0|14|0|14|0|14|0|14|0|14|0|14|0|14|0|14|0|14|0|14|0|14|0|14|0|14|0|14|0|14|0|14|0|14|0|14|0|14|0|14|0|14|0|14|0|14|0|14|0|14|0|14
1600000US3713500|299|194|57|55|0|14|0|14|0|14|0|14|27|27|0|14|131|94|84|103|299|194|57|55|0|14|0|14|0|14|0|14|27|27|0|14|131|94|84|103|282|192|40|50|0|14|0|14|0|14|0|14|27|27|0|14|131|94|84|103|17|29|17|29|0|14|0|14|0|14|0|14|0|14|0|14|0|14|0|14|17|29|17|29|0|14|0|14|0|14|0|14|0|14|0|14|0|14|0|14|0|14|0|14|0|14|0|14|0|14|0|14|0|14|0|14|0|14|0|14|0|14|0|14|0|14|0|14|0|14|0|14|0|14|0|14|0|14|0|14|0|14|0|14|0|14|0|14|0|14|0|14|0|14|0|14|0|14|0|14|0|14|0|14|0|14|0|14|0|14|0|14|0|14|0|14|0|14|0|14|0|14|0|14|0|14|0|14|0|14|0|14|0|14|0|14|0|14|0|14|0|14|0|14|0|14|0|14|0|14|0|14|0|14|0|14|0|14|0|14|0|14|0|14|0|14|0|14|0|14|0|14|0|14|0|14|0|14|0|14
1600000US3713560|102|88|12|17|1|3|0|14|54|78|0|14|6|10|13|20|2|3|14|24|101|88|11|17|1|3|0|14|54|78|0|14|6|10|13|20|2|3|14|24|101|88|11|17|1|3|0|14|54|78|0|14|6|10|13|20|2|3|14|24|0|14|0|14|0|14|0|14|0|14|0|14|0|14|0|14|0|14|0|14|0|14|0|14|0|14|0|14|0|14|0|14|0|14|0|14|0|14|0|14|0|14|0|14|0|14|0|14|0|14|0|14|0|14|0|14|0|14|0|14|0|14|0|14|0|14|0|14|0|14|0|14|0|14|0|14|0|14|0|14|0|14|0|14|0|14|0|14|0|14|0|14|0|14|0|14|0|14|0|14|0|14|0|14|0|14|0|14|0|14|0|14|0|14|0|14|0|14|0|14|0|14|0|14|0|14|0|14|0|14|0|14|0|14|0|14|0|14|0|14|1|2|1|2|0|14|0|14|0|14|0|14|0|14|0|14|0|14|0|14|0|14|0|14|0|14|0|14|0|14|0|14|0|14|0|14|0|14|0|14
1600000US3713940|296|137|26|24|20|36|96|126|0|14|0|14|3|10|17|28|62|55|72|75|291|137|21|21|20|36|96|126|0|14|0|14|3|10|17|28|62|55|72|75|175|134|21|21|0|14|96|126|0|14|0|14|3|10|17|28|26|30|12|34|116|88|0|14|20|36|0|14|0|14|0|14|0|14|0|14|36|47|60|70|27|36|0|14|0|14|0|14|0|14|0|14|0|14|0|14|9|12|18|34|89|68|0|14|20|36|0|14|0|14|0|14|0|14|0|14|27|45|42|40|0|14|0|14|0|14|0|14|0|14|0|14|0|14|0|14|0|14|0|14|0|14|0|14|0|14|0|14|0|14|0|14|0|14|0|14|0|14|0|14|0|14|0|14|0|14|0|14|0|14|0|14|0|14|0|14|0|14|0|14|0|14|0|14|0|14|0|14|0|14|0|14|0|14|0|14|0|14|0|14|5|9|5|9|0|14|0|14|0|14|0|14|0|14|0|14|0|14|0|14|0|14|0|14|0|14|0|14|0|14|0|14|0|14|0|14|0|14|0|14
1600000US3713980|421|153|135|95|33|27|17|17|82|49|16|17|42|35|51|38|30|27|15|16|421|153|135|95|33|27|17|17|82|49|16|17|42|35|51|38|30|27|15|16|357|132|112|84|33|27|17|17|76|47|6|9|42|35|51|38|19|22|1|2|64|52|23|36|0|14|0|14|6|9|10|15|0|14|0|14|11|16|14|16|57|48|18|28|0|14|0|14|4|7|10|15|0|14|0|14|11|16|14|16|7|11|5|10|0|14|0|14|2|5|0|14|0|14|0|14|0|14|0|14|0|14|0|14|0|14|0|14|0|14|0|14|0|14|0|14|0|14|0|14|0|14|0|14|0|14|0|14|0|14|0|14|0|14|0|14|0|14|0|14|0|14|0|14|0|14|0|14|0|14|0|14|0|14|0|14|0|14|0|14|0|14|0|14|0|14|0|14|0|14|0|14|0|14|0|14|0|14|0|14|0|14|0|14|0|14|0|14|0|14|0|14|0|14|0|14|0|14|0|14|0|14|0|14|0|14|0|14|0|14|0|14|0|14|0|14|0|14|0|14
1600000US3714060|67|51|0|14|1|3|16|25|5|9|17|22|0|14|6|11|0|14|22|25|67|51|0|14|1|3|16|25|5|9|17|22|0|14|6|11|0|14|22|25|66|51|0|14|1|3|15|24|5|9|17|22|0|14|6|11|0|14|22|25|1|3|0|14|0|14|1|3|0|14|0|14|0|14|0|14|0|14|0|14|0|14|0|14|0|14|0|14|0|14|0|14|0|14|0|14|0|14|0|14|1|3|0|14|0|14|1|3|0|14|0|14|0|14|0|14|0|14|0|14|0|14|0|14|0|14|0|14|0|14|0|14|0|14|0|14|0|14|0|14|0|14|0|14|0|14|0|14|0|14|0|14|0|14|0|14|0|14|0|14|0|14|0|14|0|14|0|14|0|14|0|14|0|14|0|14|0|14|0|14|0|14|0|14|0|14|0|14|0|14|0|14|0|14|0|14|0|14|0|14|0|14|0|14|0|14|0|14|0|14|0|14|0|14|0|14|0|14|0|14|0|14|0|14|0|14|0|14|0|14|0|14|0|14|0|14|0|14|0|14
1600000US3714100|44952|1185|3327|516|6165|750|7374|1009|5968|667|3282|606|6444|772|4620|592|4910|761|2862|435|43324|1302|3042|491|5829|728|7304|1009|5826|670|3168|571|6132|797|4513|602|4844|764|2666|428|39016|1263|2703|461|5168|738|6583|953|5212|631|2741|561|5497|740|4262|588|4498|760|2352|424|4308|637|339|151|661|237|721|255|614|240|427|223|635|219|251|150|346|189|314|181|3669|612|296|136|578|235|497|193|545|230|387|214|589|216|234|144|293|187|250|162|639|211|43|41|83|61|224|143|69|62|40|43|46|50|17|19|53|46|64|58|129|113|0|32|21|48|0|32|0|32|63|78|10|17|0|32|0|32|35|61|21|48|0|32|21|48|0|32|0|32|0|32|0|32|0|32|0|32|0|32|45|61|0|32|0|32|0|32|0|32|0|32|10|17|0|32|0|32|35|61|63|78|0|32|0|32|0|32|0|32|63|78|0|32|0|32|0|32|0|32|522|282|205|144|224|196|0|32|39|47|51|98|3|7|0|32|0|32|0|32|977|293|80|73|91|72|70|72|103|87|0|32|299|186|107|168|66|86|161|139
1600000US3714200|112|77|5|9|0|14|7|11|48|70|0|14|45|35|0|14|7|11|0|14|112|77|5|9|0|14|7|11|48|70|0|14|45|35|0|14|7|11|0|14|112|77|5|9|0|14|7|11|48|70|0|14|45|35|0|14|7|11|0|14|0|14|0|14|0|14|0|14|0|14|0|14|0|14|0|14|0|14|0|14|0|14|0|14|0|14|0|14|0|14|0|14|0|14|0|14|0|14|0|14|0|14|0|14|0|14|0|14|0|14|0|14|0|14|0|14|0|14|0|14|0|14|0|14|0|14|0|14|0|14|0|14|0|14|0|14|0|14|0|14|0|14|0|14|0|14|0|14|0|14|0|14|0|14|0|14|0|14|0|14|0|14|0|14|0|14|0|14|0|14|0|14|0|14|0|14|0|14|0|14|0|14|0|14|0|14|0|14|0|14|0|14|0|14|0|14|0|14|0|14|0|14|0|14|0|14|0|14|0|14|0|14|0|14|0|14|0|14|0|14|0|14|0|14|0|14|0|14|0|14|0|14|0|14|0|14|0|14|0|14
1600000US3714280|816|215|30|30|161|80|132|80|193|80|58|33|89|44|63|68|76|51|14|14|814|215|28|30|161|80|132|80|193|80|58|33|89|44|63|68|76|51|14|14|689|189|5|7|143|81|72|48|189|78|57|33|76|42|57|64|76|51|14|14|125|82|23|29|18|18|60|68|4|6|1|3|13|20|6|10|0|14|0|14|100|76|8|15|18|18|51|67|4|6|0|14|13|20|6|10|0|14|0|14|25|27|15|22|0|14|9|15|0|14|1|3|0|14|0|14|0|14|0|14|0|14|0|14|0|14|0|14|0|14|0|14|0|14|0|14|0|14|0|14|0|14|0|14|0|14|0|14|0|14|0|14|0|14|0|14|0|14|0|14|0|14|0|14|0|14|0|14|0|14|0|14|0|14|0|14|0|14|0|14|0|14|0|14|0|14|0|14|0|14|0|14|0|14|0|14|0|14|0|14|2|4|2|4|0|14|0|14|0|14|0|14|0|14|0|14|0|14|0|14|0|14|0|14|0|14|0|14|0|14|0|14|0|14|0|14|0|14|0|14
1600000US3714340|3277|327|438|190|1015|264|573|219|411|179|127|89|369|287|167|129|92|62|85|79|3212|308|438|190|1002|261|566|219|366|151|127|89|369|287|167|129|92|62|85|79|2553|307|358|178|745|236|451|200|336|165|127|89|221|147|167|129|76|59|72|75|659|246|80|67|257|166|115|90|30|30|0|19|148|156|0|19|16|28|13|21|531|214|26|44|257|166|94|90|14|19|0|19|127|146|0|19|0|19|13|21|128|98|54|49|0|19|21|29|16|32|0|19|21|40|0|19|16|28|0|19|1|4|0|19|1|4|0|19|0|19|0|19|0|19|0|19|0|19|0|19|1|4|0|19|1|4|0|19|0|19|0|19|0|19|0|19|0|19|0|19|0|19|0|19|0|19|0|19|0|19|0|19|0|19|0|19|0|19|0|19|0|19|0|19|0|19|0|19|0|19|0|19|0|19|0|19|0|19|0|19|12|22|0|19|12|22|0|19|0|19|0|19|0|19|0|19|0|19|0|19|52|74|0|19|0|19|7|12|45|74|0|19|0|19|0|19|0|19|0|19
1600000US3714400|297|95|50|51|21|18|17|16|43|35|10|11|29|20|46|34|48|35|33|27|275|80|28|24|21|18|17|16|43|35|10|11|29|20|46|34|48|35|33|27|232|75|20|22|21|18|17|16|28|28|10|11|22|15|46|34|46|35|22|17|43|31|8|14|0|14|0|14|15|21|0|14|7|13|0|14|2|3|11|13|17|19|8|14|0|14|0|14|0|14|0|14|7|13|0|14|2|3|0|14|26|25|0|14|0|14|0|14|15|21|0|14|0|14|0|14|0|14|11|13|0|14|0|14|0|14|0|14|0|14|0|14|0|14|0|14|0|14|0|14|0|14|0|14|0|14|0|14|0|14|0|14|0|14|0|14|0|14|0|14|0|14|0|14|0|14|0|14|0|14|0|14|0|14|0|14|0|14|0|14|0|14|0|14|0|14|0|14|0|14|0|14|0|14|0|14|0|14|0|14|0|14|0|14|0|14|0|14|0|14|0|14|0|14|0|14|0|14|0|14|22|37|22|37|0|14|0|14|0|14|0|14|0|14|0|14|0|14|0|14
1600000US3714460|429|132|39|25|43|29|73|43|102|63|30|24|34|25|32|31|40|35|36|25|394|122|19|18|36|25|73|43|102|63|30|24|34|25|32|31|40|35|28|23|335|99|19|18|33|24|65|37|65|41|30|24|23|19|32|31|40|35|28|23|59|55|0|14|3|6|8|17|37|46|0|14|11|13|0|14|0|14|0|14|48|35|0|14|3|6|8|17|26|28|0|14|11|13|0|14|0|14|0|14|11|33|0|14|0|14|0|14|11|33|0|14|0|14|0|14|0|14|0|14|0|14|0|14|0|14|0|14|0|14|0|14|0|14|0|14|0|14|0|14|0|14|0|14|0|14|0|14|0|14|0|14|0|14|0|14|0|14|0|14|0|14|0|14|0|14|0|14|0|14|0|14|0|14|0|14|0|14|0|14|0|14|0|14|0|14|0|14|0|14|0|14|0|14|0|14|0|14|0|14|6|10|6|10|0|14|0|14|0|14|0|14|0|14|0|14|0|14|0|14|29|24|14|16|7|12|0|14|0|14|0|14|0|14|0|14|0|14|8|12
1600000US3714600|563|286|175|184|75|72|82|81|15|26|55|85|77|77|64|90|20|32|0|14|563|286|175|184|75|72|82|81|15|26|55|85|77|77|64|90|20|32|0|14|543|280|175|184|75|72|82|81|15|26|55|85|77|77|64|90|0|14|0|14|20|32|0|14|0|14|0|14|0|14|0|14|0|14|0|14|20|32|0|14|0|14|0|14|0|14|0|14|0|14|0|14|0|14|0|14|0|14|0|14|20|32|0|14|0|14|0|14|0|14|0|14|0|14|0|14|20|32|0|14|0|14|0|14|0|14|0|14|0|14|0|14|0|14|0|14|0|14|0|14|0|14|0|14|0|14|0|14|0|14|0|14|0|14|0|14|0|14|0|14|0|14|0|14|0|14|0|14|0|14|0|14|0|14|0|14|0|14|0|14|0|14|0|14|0|14|0|14|0|14|0|14|0|14|0|14|0|14|0|14|0|14|0|14|0|14|0|14|0|14|0|14|0|14|0|14|0|14|0|14|0|14|0|14|0|14|0|14|0|14|0|14|0|14|0|14|0|14|0|14
1600000US3714700|12052|712|1982|371|1501|351|1540|315|1519|397|1096|431|1733|358|982|287|1119|261|580|159|11537|721|1834|354|1452|349|1427|293|1502|391|1058|433|1652|355|959|287|1088|268|565|159|10720|656|1785|349|1252|291|1340|273|1466|387|1051|433|1508|353|832|257|953|231|533|161|817|253|49|38|200|157|87|59|36|39|7|13|144|78|127|80|135|133|32|34|633|233|22|34|182|158|67|52|36|39|7|13|129|73|50|51|108|115|32|34|184|124|27|32|18|25|20|27|0|29|0|29|15|21|77|69|27|44|0|29|145|77|0|29|0|29|0|29|0|29|23|37|62|45|23|26|31|37|6|9|139|76|0|29|0|29|0|29|0|29|23|37|62|45|23|26|31|37|0|29|6|9|0|29|0|29|0|29|0|29|0|29|0|29|0|29|0|29|6|9|0|29|0|29|0|29|0|29|0|29|0|29|0|29|0|29|0|29|0|29|186|106|122|82|49|46|0|29|0|29|15|27|0|29|0|29|0|29|0|29|184|90|26|31|0|29|113|76|17|28|0|29|19|25|0|29|0|29|9|16
1600000US3715020|148|60|15|13|35|38|6|6|38|20|2|3|39|25|1|4|10|14|2|4|147|59|14|13|35|38|6|6|38|20|2|3|39|25|1|4|10|14|2|4|112|53|12|12|31|37|6|6|31|17|2|3|26|20|0|14|2|3|2|4|35|30|2|3|4|6|0|14|7|10|0|14|13|16|1|4|8|14|0|14|32|29|2|3|2|3|0|14|7|10|0|14|13|16|0|14|8|14|0|14|3|4|0|14|2|3|0|14|0|14|0|14|0|14|1|4|0|14|0|14|0|14|0|14|0|14|0|14|0|14|0|14|0|14|0|14|0|14|0|14|0|14|0|14|0|14|0|14|0|14|0|14|0|14|0|14|0|14|0|14|0|14|0|14|0|14|0|14|0|14|0|14|0|14|0|14|0|14|0|14|0|14|0|14|0|14|0|14|0|14|0|14|0|14|0|14|0|14|0|14|1|2|1|2|0|14|0|14|0|14|0|14|0|14|0|14|0|14|0|14|0|14|0|14|0|14|0|14|0|14|0|14|0|14|0|14|0|14|0|14
1600000US3715040|703|248|63|83|12|19|81|87|125|86|194|108|149|101|0|14|29|27|50|47|644|217|63|83|12|19|81|87|79|52|194|108|149|101|0|14|29|27|37|32|610|220|52|83|12|19|81|87|79|52|171|102|149|101|0|14|29|27|37|32|34|31|11|17|0|14|0|14|0|14|23|27|0|14|0|14|0|14|0|14|25|27|11|17|0|14|0|14|0|14|14|21|0|14|0|14|0|14|0|14|9|17|0|14|0|14|0|14|0|14|9|17|0|14|0|14|0|14|0|14|0|14|0|14|0|14|0|14|0|14|0|14|0|14|0|14|0|14|0|14|0|14|0|14|0|14|0|14|0|14|0|14|0|14|0|14|0|14|0|14|0|14|0|14|0|14|0|14|0|14|0|14|0|14|0|14|0|14|0|14|0|14|0|14|0|14|0|14|0|14|0|14|0|14|0|14|0|14|0|14|0|14|0|14|0|14|0|14|0|14|0|14|0|14|0|14|0|14|0|14|59|64|0|14|0|14|0|14|46|61|0|14|0|14|0|14|0|14|13|21
1600000US3715260|2418|206|138|113|294|124|337|144|422|149|249|82|380|182|281|100|134|68|183|95|2382|200|138|113|294|124|337|144|407|149|249|82|360|186|281|100|133|67|183|95|2236|210|125|109|263|123|333|144|340|139|249|82|352|185|281|100|112|59|181|94|146|80|13|18|31|34|4|9|67|49|0|19|8|12|0|19|21|32|2|5|133|78|13|18|31|34|4|9|61|48|0|19|1|5|0|19|21|32|2|5|13|23|0|19|0|19|0|19|6|11|0|19|7|12|0|19|0|19|0|19|0|19|0|19|0|19|0|19|0|19|0|19|0|19|0|19|0|19|0|19|0|19|0|19|0|19|0|19|0|19|0|19|0|19|0|19|0|19|0|19|0|19|0|19|0|19|0|19|0|19|0|19|0|19|0|19|0|19|0|19|0|19|0|19|0|19|0|19|0|19|0|19|0|19|0|19|0|19|0|19|16|24|0|19|0|19|0|19|15|24|0|19|0|19|0|19|1|6|0|19|20|32|0|19|0|19|0|19|0|19|0|19|20|32|0|19|0|19|0|19
1600000US3715320|1824|257|103|69|112|85|86|75|308|158|64|36|291|148|396|160|336|139|128|71|1820|257|103|69|112|85|82|75|308|158|64|36|291|148|396|160|336|139|128|71|1667|250|90|57|93|82|82|75|245|146|47|28|291|148|355|161|336|139|128|71|153|108|13|23|19|29|0|14|63|79|17|24|0|14|41|42|0|14|0|14|126|92|13|23|3|6|0|14|63|79|6|12|0|14|41|42|0|14|0|14|27|47|0|14|16|28|0|14|0|14|11|20|0|14|0|14|0|14|0|14|0|14|0|14|0|14|0|14|0|14|0|14|0|14|0|14|0|14|0|14|0|14|0|14|0|14|0|14|0|14|0|14|0|14|0|14|0|14|0|14|0|14|0|14|0|14|0|14|0|14|0|14|0|14|0|14|0|14|0|14|0|14|0|14|0|14|0|14|0|14|0|14|0|14|0|14|0|14|0|14|0|14|0|14|0|14|0|14|0|14|0|14|0|14|0|14|0|14|0|14|4|6|0|14|0|14|4|6|0|14|0|14|0|14|0|14|0|14|0|14
1600000US3715420|51|42|2|4|0|14|1|5|19|26|4|8|13|16|0|14|0|14|12|16|51|42|2|4|0|14|1|5|19|26|4|8|13|16|0|14|0|14|12|16|51|42|2|4|0|14|1|5|19|26|4|8|13|16|0|14|0|14|12|16|0|14|0|14|0|14|0|14|0|14|0|14|0|14|0|14|0|14|0|14|0|14|0|14|0|14|0|14|0|14|0|14|0|14|0|14|0|14|0|14|0|14|0|14|0|14|0|14|0|14|0|14|0|14|0|14|0|14|0|14|0|14|0|14|0|14|0|14|0|14|0|14|0|14|0|14|0|14|0|14|0|14|0|14|0|14|0|14|0|14|0|14|0|14|0|14|0|14|0|14|0|14|0|14|0|14|0|14|0|14|0|14|0|14|0|14|0|14|0|14|0|14|0|14|0|14|0|14|0|14|0|14|0|14|0|14|0|14|0|14|0|14|0|14|0|14|0|14|0|14|0|14|0|14|0|14|0|14|0|14|0|14|0|14|0|14|0|14|0|14|0|14|0|14|0|14|0|14|0|14
1600000US3715440|958|436|311|193|89|71|252|299|43|64|0|14|178|192|0|14|39|35|46|61|951|435|311|193|89|71|252|299|36|62|0|14|178|192|0|14|39|35|46|61|631|343|292|192|89|71|28|33|0|14|0|14|168|181|0|14|39|35|15|29|320|314|19|40|0|14|224|296|36|62|0|14|10|29|0|14|0|14|31|51|289|314|19|40|0|14|224|296|36|62|0|14|10|29|0|14|0|14|0|14|31|51|0|14|0|14|0|14|0|14|0|14|0|14|0|14|0|14|31|51|0|14|0|14|0|14|0|14|0|14|0|14|0|14|0|14|0|14|0|14|0|14|0|14|0|14|0|14|0|14|0|14|0|14|0|14|0|14|0|14|0|14|0|14|0|14|0|14|0|14|0|14|0|14|0|14|0|14|0|14|0|14|0|14|0|14|0|14|0|14|0|14|0|14|0|14|0|14|0|14|7|14|0|14|0|14|0|14|7|14|0|14|0|14|0|14|0|14|0|14|0|14|0|14|0|14|0|14|0|14|0|14|0|14|0|14|0|14|0|14
1600000US3715580|12|14|0|14|0|14|7|12|0|14|0|14|5|8|0|14|0|14|0|14|12|14|0|14|0|14|7|12|0|14|0|14|5|8|0|14|0|14|0|14|12|14|0|14|0|14|7|12|0|14|0|14|5|8|0|14|0|14|0|14|0|14|0|14|0|14|0|14|0|14|0|14|0|14|0|14|0|14|0|14|0|14|0|14|0|14|0|14|0|14|0|14|0|14|0|14|0|14|0|14|0|14|0|14|0|14|0|14|0|14|0|14|0|14|0|14|0|14|0|14|0|14|0|14|0|14|0|14|0|14|0|14|0|14|0|14|0|14|0|14|0|14|0|14|0|14|0|14|0|14|0|14|0|14|0|14|0|14|0|14|0|14|0|14|0|14|0|14|0|14|0|14|0|14|0|14|0|14|0|14|0|14|0|14|0|14|0|14|0|14|0|14|0|14|0|14|0|14|0|14|0|14|0|14|0|14|0|14|0|14|0|14|0|14|0|14|0|14|0|14|0|14|0|14|0|14|0|14|0|14|0|14|0|14|0|14|0|14|0|14
1600000US3715640|163|149|0|14|47|66|0|14|0|14|0|14|17|28|0|14|37|59|62|105|151|139|0|14|35|60|0|14|0|14|0|14|17|28|0|14|37|59|62|105|151|139|0|14|35|60|0|14|0|14|0|14|17|28|0|14|37|59|62|105|0|14|0|14|0|14|0|14|0|14|0|14|0|14|0|14|0|14|0|14|0|14|0|14|0|14|0|14|0|14|0|14|0|14|0|14|0|14|0|14|0|14|0|14|0|14|0|14|0|14|0|14|0|14|0|14|0|14|0|14|0|14|0|14|0|14|0|14|0|14|0|14|0|14|0|14|0|14|0|14|0|14|0|14|0|14|0|14|0|14|0|14|0|14|0|14|0|14|0|14|0|14|0|14|0|14|0|14|0|14|0|14|0|14|0|14|0|14|0|14|0|14|0|14|0|14|0|14|0|14|0|14|0|14|0|14|0|14|0|14|0|14|0|14|0|14|0|14|0|14|0|14|0|14|0|14|0|14|0|14|12|21|0|14|12|21|0|14|0|14|0|14|0|14|0|14|0|14|0|14
1600000US3715880|3293|622|780|262|570|194|590|251|202|141|67|107|641|368|152|155|185|156|106|93|2647|610|400|218|379|175|555|243|184|143|67|107|619|350|152|155|185|156|106|93|2497|570|400|218|358|171|506|247|184|143|6|12|600|342|152|155|185|156|106|93|150|127|0|19|21|40|49|42|0|19|61|106|19|32|0|19|0|19|0|19|150|127|0|19|21|40|49|42|0|19|61|106|19|32|0|19|0|19|0|19|0|19|0|19|0|19|0|19|0|19|0|19|0|19|0|19|0|19|0|19|0|19|0|19|0|19|0|19|0|19|0|19|0|19|0|19|0|19|0|19|0|19|0|19|0|19|0|19|0|19|0|19|0|19|0|19|0|19|0|19|0|19|0|19|0|19|0|19|0|19|0|19|0|19|0|19|0|19|0|19|0|19|0|19|0|19|0|19|0|19|0|19|0|19|0|19|0|19|0|19|518|197|359|147|123|86|18|33|18|29|0|19|0|19|0|19|0|19|0|19|128|124|21|49|68|80|17|27|0|19|0|19|22|49|0|19|0|19|0|19
1600000US3716084|211|103|81|58|14|18|37|36|0|14|15|29|24|25|18|30|22|30|0|14|193|99|72|56|14|18|37|36|0|14|15|29|15|21|18|30|22|30|0|14|193|99|72|56|14|18|37|36|0|14|15|29|15|21|18|30|22|30|0|14|0|14|0|14|0|14|0|14|0|14|0|14|0|14|0|14|0|14|0|14|0|14|0|14|0|14|0|14|0|14|0|14|0|14|0|14|0|14|0|14|0|14|0|14|0|14|0|14|0|14|0|14|0|14|0|14|0|14|0|14|0|14|0|14|0|14|0|14|0|14|0|14|0|14|0|14|0|14|0|14|0|14|0|14|0|14|0|14|0|14|0|14|0|14|0|14|0|14|0|14|0|14|0|14|0|14|0|14|0|14|0|14|0|14|0|14|0|14|0|14|0|14|0|14|0|14|0|14|0|14|0|14|0|14|0|14|0|14|0|14|18|20|9|15|0|14|0|14|0|14|0|14|9|14|0|14|0|14|0|14|0|14|0|14|0|14|0|14|0|14|0|14|0|14|0|14|0|14|0|14
1600000US3716180|3328|273|255|140|742|236|457|154|461|145|161|92|570|297|243|160|181|101|258|167|3274|280|222|116|742|236|457|154|440|142|161|92|570|297|243|160|181|101|258|167|2941|320|222|116|653|225|451|155|344|121|161|92|477|307|243|160|181|101|209|150|333|188|0|19|89|106|6|10|96|78|0|19|93|85|0|19|0|19|49|67|263|165|0|19|89|106|6|10|69|68|0|19|93|85|0|19|0|19|6|10|70|76|0|19|0|19|0|19|27|38|0|19|0|19|0|19|0|19|43|67|0|19|0|19|0|19|0|19|0|19|0|19|0|19|0|19|0|19|0|19|0|19|0|19|0|19|0|19|0|19|0|19|0|19|0|19|0|19|0|19|0|19|0|19|0|19|0|19|0|19|0|19|0|19|0|19|0|19|0|19|0|19|0|19|0|19|0|19|0|19|0|19|0|19|0|19|0|19|0|19|33|53|33|53|0|19|0|19|0|19|0|19|0|19|0|19|0|19|0|19|21|28|0|19|0|19|0|19|21|28|0|19|0|19|0|19|0|19|0|19
1600000US3716220|1580|499|308|238|112|95|358|160|214|121|266|214|65|62|88|116|124|106|45|48|1556|502|308|238|112|95|358|160|190|114|266|214|65|62|88|116|124|106|45|48|977|285|76|58|112|95|330|161|190|114|64|58|50|56|88|116|22|24|45|48|579|536|232|242|0|14|28|36|0|14|202|220|15|29|0|14|102|102|0|14|67|60|0|14|0|14|28|36|0|14|0|14|15|29|0|14|24|46|0|14|512|526|232|242|0|14|0|14|0|14|202|220|0|14|0|14|78|81|0|14|0|14|0|14|0|14|0|14|0|14|0|14|0|14|0|14|0|14|0|14|0|14|0|14|0|14|0|14|0|14|0|14|0|14|0|14|0|14|0|14|0|14|0|14|0|14|0|14|0|14|0|14|0|14|0|14|0|14|0|14|0|14|0|14|0|14|0|14|0|14|0|14|0|14|0|14|0|14|0|14|0|14|0|14|0|14|0|14|0|14|0|14|0|14|0|14|0|14|0|14|24|38|0|14|0|14|0|14|24|38|0|14|0|14|0|14|0|14|0|14
1600000US3716240|68|56|21|22|0|14|0|14|0|14|11|16|15|18|4|9|9|12|8|10|64|56|17|21|0|14|0|14|0|14|11|16|15|18|4|9|9|12|8|10|52|42|17|21|0|14|0|14|0|14|11|16|5|7|2|4|9|12|8|10|12|19|0|14|0|14|0|14|0|14|0|14|10|17|2|6|0|14|0|14|12|19|0|14|0|14|0|14|0|14|0|14|10|17|2|6|0|14|0|14|0|14|0|14|0|14|0|14|0|14|0|14|0|14|0|14|0|14|0|14|0|14|0|14|0|14|0|14|0|14|0|14|0|14|0|14|0|14|0|14|0|14|0|14|0|14|0|14|0|14|0|14|0|14|0|14|0|14|0|14|0|14|0|14|0|14|0|14|0|14|0|14|0|14|0|14|0|14|0|14|0|14|0|14|0|14|0|14|0|14|0|14|0|14|0|14|0|14|0|14|2|4|2|4|0|14|0|14|0|14|0|14|0|14|0|14|0|14|0|14|2|3|2|3|0|14|0|14|0|14|0|14|0|14|0|14|0|14|0|14
1600000US3716400|5089|501|1119|256|695|250|393|161|649|221|407|215|775|262|377|160|389|162|285|131|4307|527|782|220|518|252|348|157|639|220|390|216|770|260|366|160|357|152|137|90|4062|506|762|217|513|252|327|157|540|190|390|216|690|246|359|161|344|151|137|90|245|153|20|22|5|11|21|33|99|113|0|21|80|79|7|13|13|21|0|21|90|84|2|5|5|11|0|21|0|21|0|21|70|77|0|21|13|21|0|21|155|122|18|21|0|21|21|33|99|113|0|21|10|20|7|13|0|21|0|21|87|69|0|21|0|21|0|21|5|11|0|21|5|9|11|19|32|45|34|39|71|54|0|21|0|21|0|21|5|11|0|21|5|9|11|19|16|27|34|39|16|37|0|21|0|21|0|21|0|21|0|21|0|21|0|21|16|37|0|21|0|21|0|21|0|21|0|21|0|21|0|21|0|21|0|21|0|21|0|21|546|154|257|98|177|80|37|38|5|10|17|24|0|21|0|21|0|21|53|63|149|85|80|58|0|21|8|14|0|21|0|21|0|21|0|21|0|21|61|61
1600000US3716480|97|53|6|10|0|14|0|14|32|36|0|14|14|22|27|31|18|24|0|14|91|52|0|14|0|14|0|14|32|36|0|14|14|22|27|31|18|24|0|14|91|52|0|14|0|14|0|14|32|36|0|14|14|22|27|31|18|24|0|14|0|14|0|14|0|14|0|14|0|14|0|14|0|14|0|14|0|14|0|14|0|14|0|14|0|14|0|14|0|14|0|14|0|14|0|14|0|14|0|14|0|14|0|14|0|14|0|14|0|14|0|14|0|14|0|14|0|14|0|14|0|14|0|14|0|14|0|14|0|14|0|14|0|14|0|14|0|14|0|14|0|14|0|14|0|14|0|14|0|14|0|14|0|14|0|14|0|14|0|14|0|14|0|14|0|14|0|14|0|14|0|14|0|14|0|14|0|14|0|14|0|14|0|14|0|14|0|14|0|14|0|14|0|14|0|14|0|14|0|14|6|10|6|10|0|14|0|14|0|14|0|14|0|14|0|14|0|14|0|14|0|14|0|14|0|14|0|14|0|14|0|14|0|14|0|14|0|14|0|14
1600000US3716720|237|142|7|14|35|41|93|90|42|35|0|14|36|47|0|14|24|30|0|14|237|142|7|14|35|41|93|90|42|35|0|14|36|47|0|14|24|30|0|14|225|144|7|14|35|41|93|90|42|35|0|14|36|47|0|14|12|19|0|14|12|23|0|14|0|14|0|14|0|14|0|14|0|14|0|14|12|23|0|14|12|23|0|14|0|14|0|14|0|14|0|14|0|14|0|14|12|23|0|14|0|14|0|14|0|14|0|14|0|14|0|14|0|14|0|14|0|14|0|14|0|14|0|14|0|14|0|14|0|14|0|14|0|14|0|14|0|14|0|14|0|14|0|14|0|14|0|14|0|14|0|14|0|14|0|14|0|14|0|14|0|14|0|14|0|14|0|14|0|14|0|14|0|14|0|14|0|14|0|14|0|14|0|14|0|14|0|14|0|14|0|14|0|14|0|14|0|14|0|14|0|14|0|14|0|14|0|14|0|14|0|14|0|14|0|14|0|14|0|14|0|14|0|14|0|14|0|14|0|14|0|14|0|14|0|14|0|14|0|14
1600000US3716730|369|191|0|14|7|10|0|14|107|77|26|29|51|40|11|16|64|50|103|82|369|191|0|14|7|10|0|14|107|77|26|29|51|40|11|16|64|50|103|82|369|191|0|14|7|10|0|14|107|77|26|29|51|40|11|16|64|50|103|82|0|14|0|14|0|14|0|14|0|14|0|14|0|14|0|14|0|14|0|14|0|14|0|14|0|14|0|14|0|14|0|14|0|14|0|14|0|14|0|14|0|14|0|14|0|14|0|14|0|14|0|14|0|14|0|14|0|14|0|14|0|14|0|14|0|14|0|14|0|14|0|14|0|14|0|14|0|14|0|14|0|14|0|14|0|14|0|14|0|14|0|14|0|14|0|14|0|14|0|14|0|14|0|14|0|14|0|14|0|14|0|14|0|14|0|14|0|14|0|14|0|14|0|14|0|14|0|14|0|14|0|14|0|14|0|14|0|14|0|14|0|14|0|14|0|14|0|14|0|14|0|14|0|14|0|14|0|14|0|14|0|14|0|14|0|14|0|14|0|14|0|14|0|14|0|14|0|14|0|14
1600000US3716780|181|169|0|14|0|14|25|34|59|75|0|14|66|81|0|14|31|45|0|14|181|169|0|14|0|14|25|34|59|75|0|14|66|81|0|14|31|45|0|14|181|169|0|14|0|14|25|34|59|75|0|14|66|81|0|14|31|45|0|14|0|14|0|14|0|14|0|14|0|14|0|14|0|14|0|14|0|14|0|14|0|14|0|14|0|14|0|14|0|14|0|14|0|14|0|14|0|14|0|14|0|14|0|14|0|14|0|14|0|14|0|14|0|14|0|14|0|14|0|14|0|14|0|14|0|14|0|14|0|14|0|14|0|14|0|14|0|14|0|14|0|14|0|14|0|14|0|14|0|14|0|14|0|14|0|14|0|14|0|14|0|14|0|14|0|14|0|14|0|14|0|14|0|14|0|14|0|14|0|14|0|14|0|14|0|14|0|14|0|14|0|14|0|14|0|14|0|14|0|14|0|14|0|14|0|14|0|14|0|14|0|14|0|14|0|14|0|14|0|14|0|14|0|14|0|14|0|14|0|14|0|14|0|14|0|14|0|14|0|14
1600000US3716820|0|14|0|14|0|14|0|14|0|14|0|14|0|14|0|14|0|14|0|14|0|14|0|14|0|14|0|14|0|14|0|14|0|14|0|14|0|14|0|14|0|14|0|14|0|14|0|14|0|14|0|14|0|14|0|14|0|14|0|14|0|14|0|14|0|14|0|14|0|14|0|14|0|14|0|14|0|14|0|14|0|14|0|14|0|14|0|14|0|14|0|14|0|14|0|14|0|14|0|14|0|14|0|14|0|14|0|14|0|14|0|14|0|14|0|14|0|14|0|14|0|14|0|14|0|14|0|14|0|14|0|14|0|14|0|14|0|14|0|14|0|14|0|14|0|14|0|14|0|14|0|14|0|14|0|14|0|14|0|14|0|14|0|14|0|14|0|14|0|14|0|14|0|14|0|14|0|14|0|14|0|14|0|14|0|14|0|14|0|14|0|14|0|14|0|14|0|14|0|14|0|14|0|14|0|14|0|14|0|14|0|14|0|14|0|14|0|14|0|14|0|14|0|14|0|14|0|14|0|14|0|14|0|14|0|14|0|14|0|14
1600000US3716860|87|74|5|9|20|25|26|36|0|14|35|35|0|14|0|14|1|3|0|14|86|74|5|9|20|25|26|36|0|14|35|35|0|14|0|14|0|14|0|14|58|54|5|9|20|25|26|36|0|14|7|13|0|14|0|14|0|14|0|14|28|35|0|14|0|14|0|14|0|14|28|35|0|14|0|14|0|14|0|14|28|35|0|14|0|14|0|14|0|14|28|35|0|14|0|14|0|14|0|14|0|14|0|14|0|14|0|14|0|14|0|14|0|14|0|14|0|14|0|14|1|3|0|14|0|14|0|14|0|14|0|14|0|14|0|14|1|3|0|14|1|3|0|14|0|14|0|14|0|14|0|14|0|14|0|14|1|3|0|14|0|14|0|14|0|14|0|14|0|14|0|14|0|14|0|14|0|14|0|14|0|14|0|14|0|14|0|14|0|14|0|14|0|14|0|14|0|14|0|14|0|14|0|14|0|14|0|14|0|14|0|14|0|14|0|14|0|14|0|14|0|14|0|14|0|14|0|14|0|14|0|14|0|14|0|14|0|14|0|14
1600000US3716980|637|181|167|73|10|12|14|12|55|36|55|35|132|74|44|28|87|62|73|41|626|177|156|65|10|12|14|12|55|36|55|35|132|74|44|28|87|62|73|41|586|164|143|65|10|12|14|12|55|36|55|35|113|61|39|26|87|62|70|41|40|42|13|15|0|14|0|14|0|14|0|14|19|34|5|8|0|14|3|5|40|42|13|15|0|14|0|14|0|14|0|14|19|34|5|8|0|14|3|5|0|14|0|14|0|14|0|14|0|14|0|14|0|14|0|14|0|14|0|14|0|14|0|14|0|14|0|14|0|14|0|14|0|14|0|14|0|14|0|14|0|14|0|14|0|14|0|14|0|14|0|14|0|14|0|14|0|14|0|14|0|14|0|14|0|14|0|14|0|14|0|14|0|14|0|14|0|14|0|14|0|14|0|14|0|14|0|14|0|14|0|14|0|14|0|14|0|14|0|14|11|17|11|17|0|14|0|14|0|14|0|14|0|14|0|14|0|14|0|14|0|14|0|14|0|14|0|14|0|14|0|14|0|14|0|14|0|14|0|14
1600000US3717000|1080|347|0|14|188|128|35|42|127|137|205|130|143|83|75|59|266|170|41|47|1072|349|0|14|180|131|35|42|127|137|205|130|143|83|75|59|266|170|41|47|999|340|0|14|180|131|35|42|127|137|205|130|143|83|75|59|193|143|41|47|73|104|0|14|0|14|0|14|0|14|0|14|0|14|0|14|73|104|0|14|73|104|0|14|0|14|0|14|0|14|0|14|0|14|0|14|73|104|0|14|0|14|0|14|0|14|0|14|0|14|0|14|0|14|0|14|0|14|0|14|0|14|0|14|0|14|0|14|0|14|0|14|0|14|0|14|0|14|0|14|0|14|0|14|0|14|0|14|0|14|0|14|0|14|0|14|0|14|0|14|0|14|0|14|0|14|0|14|0|14|0|14|0|14|0|14|0|14|0|14|0|14|0|14|0|14|0|14|0|14|0|14|0|14|0|14|0|14|0|14|0|14|0|14|0|14|0|14|0|14|0|14|0|14|0|14|0|14|0|14|8|17|0|14|8|17|0|14|0|14|0|14|0|14|0|14|0|14|0|14
1600000US3717180|108|55|18|20|19|17|7|9|48|39|2|4|12|18|0|14|2|4|0|14|108|55|18|20|19|17|7|9|48|39|2|4|12|18|0|14|2|4|0|14|105|53|18|20|19|17|6|9|46|38|2|4|12|18|0|14|2|4|0|14|3|6|0|14|0|14|1|3|2|5|0|14|0|14|0|14|0|14|0|14|2|5|0|14|0|14|0|14|2|5|0|14|0|14|0|14|0|14|0|14|1|3|0|14|0|14|1|3|0|14|0|14|0|14|0|14|0|14|0|14|0|14|0|14|0|14|0|14|0|14|0|14|0|14|0|14|0|14|0|14|0|14|0|14|0|14|0|14|0|14|0|14|0|14|0|14|0|14|0|14|0|14|0|14|0|14|0|14|0|14|0|14|0|14|0|14|0|14|0|14|0|14|0|14|0|14|0|14|0|14|0|14|0|14|0|14|0|14|0|14|0|14|0|14|0|14|0|14|0|14|0|14|0|14|0|14|0|14|0|14|0|14|0|14|0|14|0|14|0|14|0|14|0|14|0|14|0|14|0|14
1600000US3717325|164|75|14|13|16|14|20|22|37|31|0|14|56|52|7|10|12|14|2|4|148|69|14|13|16|14|20|22|31|29|0|14|56|52|0|14|9|13|2|4|134|67|14|13|16|14|6|7|31|29|0|14|56|52|0|14|9|13|2|4|14|20|0|14|0|14|14|20|0|14|0|14|0|14|0|14|0|14|0|14|14|20|0|14|0|14|14|20|0|14|0|14|0|14|0|14|0|14|0|14|0|14|0|14|0|14|0|14|0|14|0|14|0|14|0|14|0|14|0|14|0|14|0|14|0|14|0|14|0|14|0|14|0|14|0|14|0|14|0|14|0|14|0|14|0|14|0|14|0|14|0|14|0|14|0|14|0|14|0|14|0|14|0|14|0|14|0|14|0|14|0|14|0|14|0|14|0|14|0|14|0|14|0|14|0|14|0|14|0|14|0|14|0|14|0|14|0|14|0|14|3|4|0|14|0|14|0|14|0|14|0|14|0|14|0|14|3|4|0|14|13|14|0|14|0|14|0|14|6|10|0|14|0|14|7|10|0|14|0|14
1600000US3717340|561|154|245|116|53|32|62|43|54|39|13|12|48|46|5|7|55|46|26|24|542|149|238|117|45|30|58|40|54|39|13|12|48|46|5|7|55|46|26|24|364|115|120|64|29|24|54|39|54|39|13|12|48|46|5|7|27|17|14|14|178|97|118|90|16|15|4|7|0|14|0|14|0|14|0|14|28|42|12|19|122|82|70|70|8|11|4|7|0|14|0|14|0|14|0|14|28|42|12|19|56|51|48|50|8|11|0|14|0|14|0|14|0|14|0|14|0|14|0|14|0|14|0|14|0|14|0|14|0|14|0|14|0|14|0|14|0|14|0|14|0|14|0|14|0|14|0|14|0|14|0|14|0|14|0|14|0|14|0|14|0|14|0|14|0|14|0|14|0|14|0|14|0|14|0|14|0|14|0|14|0|14|0|14|0|14|0|14|0|14|0|14|0|14|0|14|0|14|0|14|0|14|0|14|0|14|0|14|0|14|0|14|0|14|0|14|0|14|0|14|19|24|7|18|8|12|4|8|0|14|0|14|0|14|0|14|0|14|0|14
1600000US3717520|390|133|93|93|83|45|106|61|14|16|26|22|18|20|2|4|30|23|18|13|390|133|93|93|83|45|106|61|14|16|26|22|18|20|2|4|30|23|18|13|363|129|90|93|80|45|88|56|12|15|26|22|18|20|2|4|30|23|17|13|27|21|3|5|3|5|18|19|2|4|0|14|0|14|0|14|0|14|1|4|24|20|0|14|3|5|18|19|2|4|0|14|0|14|0|14|0|14|1|4|3|5|3|5|0|14|0|14|0|14|0|14|0|14|0|14|0|14|0|14|0|14|0|14|0|14|0|14|0|14|0|14|0|14|0|14|0|14|0|14|0|14|0|14|0|14|0|14|0|14|0|14|0|14|0|14|0|14|0|14|0|14|0|14|0|14|0|14|0|14|0|14|0|14|0|14|0|14|0|14|0|14|0|14|0|14|0|14|0|14|0|14|0|14|0|14|0|14|0|14|0|14|0|14|0|14|0|14|0|14|0|14|0|14|0|14|0|14|0|14|0|14|0|14|0|14|0|14|0|14|0|14|0|14|0|14|0|14|0|14
1600000US3717660|151|64|3|9|0|14|6|8|20|17|13|14|58|37|29|22|8|11|14|13|151|64|3|9|0|14|6|8|20|17|13|14|58|37|29|22|8|11|14|13|139|58|3|9|0|14|6|8|11|7|13|14|55|36|29|22|8|11|14|13|12|17|0|14|0|14|0|14|9|15|0|14|3|5|0|14|0|14|0|14|12|17|0|14|0|14|0|14|9|15|0|14|3|5|0|14|0|14|0|14|0|14|0|14|0|14|0|14|0|14|0|14|0|14|0|14|0|14|0|14|0|14|0|14|0|14|0|14|0|14|0|14|0|14|0|14|0|14|0|14|0|14|0|14|0|14|0|14|0|14|0|14|0|14|0|14|0|14|0|14|0|14|0|14|0|14|0|14|0|14|0|14|0|14|0|14|0|14|0|14|0|14|0|14|0|14|0|14|0|14|0|14|0|14|0|14|0|14|0|14|0|14|0|14|0|14|0|14|0|14|0|14|0|14|0|14|0|14|0|14|0|14|0|14|0|14|0|14|0|14|0|14|0|14|0|14|0|14|0|14
1600000US3717860|748|198|49|41|144|68|255|126|72|59|53|37|110|63|4|7|57|59|4|7|748|198|49|41|144|68|255|126|72|59|53|37|110|63|4|7|57|59|4|7|661|178|49|41|120|61|227|114|72|59|53|37|83|50|4|7|49|56|4|7|87|74|0|14|24|24|28|45|0|14|0|14|27|33|0|14|8|16|0|14|51|63|0|14|2|6|28|45|0|14|0|14|13|22|0|14|8|16|0|14|36|34|0|14|22|24|0|14|0|14|0|14|14|24|0|14|0|14|0|14|0|14|0|14|0|14|0|14|0|14|0|14|0|14|0|14|0|14|0|14|0|14|0|14|0|14|0|14|0|14|0|14|0|14|0|14|0|14|0|14|0|14|0|14|0|14|0|14|0|14|0|14|0|14|0|14|0|14|0|14|0|14|0|14|0|14|0|14|0|14|0|14|0|14|0|14|0|14|0|14|0|14|0|14|0|14|0|14|0|14|0|14|0|14|0|14|0|14|0|14|0|14|0|14|0|14|0|14|0|14|0|14|0|14|0|14|0|14|0|14
1600000US3718040|104|50|27|20|19|16|22|32|17|14|7|8|4|6|5|9|3|5|0|14|104|50|27|20|19|16|22|32|17|14|7|8|4|6|5|9|3|5|0|14|100|48|27|20|19|16|22|32|17|14|7|8|0|14|5|9|3|5|0|14|4|6|0|14|0|14|0|14|0|14|0|14|4|6|0|14|0|14|0|14|4|6|0|14|0|14|0|14|0|14|0|14|4|6|0|14|0|14|0|14|0|14|0|14|0|14|0|14|0|14|0|14|0|14|0|14|0|14|0|14|0|14|0|14|0|14|0|14|0|14|0|14|0|14|0|14|0|14|0|14|0|14|0|14|0|14|0|14|0|14|0|14|0|14|0|14|0|14|0|14|0|14|0|14|0|14|0|14|0|14|0|14|0|14|0|14|0|14|0|14|0|14|0|14|0|14|0|14|0|14|0|14|0|14|0|14|0|14|0|14|0|14|0|14|0|14|0|14|0|14|0|14|0|14|0|14|0|14|0|14|0|14|0|14|0|14|0|14|0|14|0|14|0|14|0|14|0|14|0|14
1600000US3718060|152|63|29|26|27|21|10|10|19|19|5|6|27|21|8|12|6|10|21|14|137|56|26|24|23|22|10|10|19|19|5|6|19|16|8|12|6|10|21|14|129|52|18|16|23|22|10|10|19|19|5|6|19|16|8|12|6|10|21|14|8|14|8|14|0|14|0|14|0|14|0|14|0|14|0|14|0|14|0|14|8|14|8|14|0|14|0|14|0|14|0|14|0|14|0|14|0|14|0|14|0|14|0|14|0|14|0|14|0|14|0|14|0|14|0|14|0|14|0|14|0|14|0|14|0|14|0|14|0|14|0|14|0|14|0|14|0|14|0|14|0|14|0|14|0|14|0|14|0|14|0|14|0|14|0|14|0|14|0|14|0|14|0|14|0|14|0|14|0|14|0|14|0|14|0|14|0|14|0|14|0|14|0|14|0|14|0|14|0|14|0|14|0|14|0|14|0|14|0|14|9|14|1|2|0|14|0|14|0|14|0|14|8|14|0|14|0|14|0|14|6|9|2|6|4|7|0|14|0|14|0|14|0|14|0|14|0|14|0|14
1600000US3718080|501|222|53|74|76|60|50|60|150|162|7|24|41|67|25|45|11|18|88|69|501|222|53|74|76|60|50|60|150|162|7|24|41|67|25|45|11|18|88|69|472|220|53|74|76|60|50|60|150|162|7|24|41|67|25|45|0|14|70|70|29|35|0|14|0|14|0|14|0|14|0|14|0|14|0|14|11|18|18|28|0|14|0|14|0|14|0|14|0|14|0|14|0|14|0|14|0|14|0|14|29|35|0|14|0|14|0|14|0|14|0|14|0|14|0|14|11|18|18|28|0|14|0|14|0|14|0|14|0|14|0|14|0|14|0|14|0|14|0|14|0|14|0|14|0|14|0|14|0|14|0|14|0|14|0|14|0|14|0|14|0|14|0|14|0|14|0|14|0|14|0|14|0|14|0|14|0|14|0|14|0|14|0|14|0|14|0|14|0|14|0|14|0|14|0|14|0|14|0|14|0|14|0|14|0|14|0|14|0|14|0|14|0|14|0|14|0|14|0|14|0|14|0|14|0|14|0|14|0|14|0|14|0|14|0|14|0|14|0|14
1600000US3718300|0|14|0|14|0|14|0|14|0|14|0|14|0|14|0|14|0|14|0|14|0|14|0|14|0|14|0|14|0|14|0|14|0|14|0|14|0|14|0|14|0|14|0|14|0|14|0|14|0|14|0|14|0|14|0|14|0|14|0|14|0|14|0|14|0|14|0|14|0|14|0|14|0|14|0|14|0|14|0|14|0|14|0|14|0|14|0|14|0|14|0|14|0|14|0|14|0|14|0|14|0|14|0|14|0|14|0|14|0|14|0|14|0|14|0|14|0|14|0|14|0|14|0|14|0|14|0|14|0|14|0|14|0|14|0|14|0|14|0|14|0|14|0|14|0|14|0|14|0|14|0|14|0|14|0|14|0|14|0|14|0|14|0|14|0|14|0|14|0|14|0|14|0|14|0|14|0|14|0|14|0|14|0|14|0|14|0|14|0|14|0|14|0|14|0|14|0|14|0|14|0|14|0|14|0|14|0|14|0|14|0|14|0|14|0|14|0|14|0|14|0|14|0|14|0|14|0|14|0|14|0|14|0|14|0|14|0|14|0|14
1600000US3718320|3309|278|870|201|402|117|385|130|154|71|169|71|483|197|270|93|236|86|340|126|3185|273|785|193|390|115|363|124|149|71|169|71|483|197|270|93|236|86|340|126|2654|290|519|117|328|111|351|124|149|71|165|71|392|185|266|93|218|87|266|110|531|168|266|135|62|42|12|19|0|19|4|6|91|79|4|6|18|18|74|62|447|145|188|104|62|42|12|19|0|19|4|6|91|79|4|6|12|15|74|62|84|94|78|94|0|19|0|19|0|19|0|19|0|19|0|19|6|9|0|19|0|19|0|19|0|19|0|19|0|19|0|19|0|19|0|19|0|19|0|19|0|19|0|19|0|19|0|19|0|19|0|19|0|19|0|19|0|19|0|19|0|19|0|19|0|19|0|19|0|19|0|19|0|19|0|19|0|19|0|19|0|19|0|19|0|19|0|19|0|19|0|19|0|19|0|19|0|19|0|19|76|48|64|42|12|20|0|19|0|19|0|19|0|19|0|19|0|19|0|19|48|57|21|24|0|19|22|34|5|7|0|19|0|19|0|19|0|19|0|19
1600000US3719000|119684|2151|12313|1026|20670|1518|25401|1808|20695|1442|9251|1148|14818|1326|6244|715|5155|767|5137|815|109927|2199|10096|936|19290|1414|23972|1676|18870|1245|8821|1126|14145|1303|5771|708|4939|748|4023|777|97052|2320|9089|885|17302|1357|20463|1614|17602|1168|7986|1041|12380|1134|5402|639|3981|699|2847|575|12875|1224|1007|293|1988|395|3509|612|1268|314|835|290|1765|496|369|223|958|371|1176|439|9792|1018|838|285|1405|351|2945|596|1021|291|616|275|1331|450|175|137|640|259|821|335|3083|774|169|99|583|248|564|218|247|124|219|173|434|236|194|196|318|231|355|274|2970|456|181|140|225|103|165|108|502|233|192|179|376|211|293|156|164|112|872|297|2911|447|174|139|200|104|165|108|502|233|192|179|376|211|271|149|159|111|872|297|59|57|7|11|25|42|0|32|0|32|0|32|0|32|22|36|5|12|0|32|0|32|0|32|0|32|0|32|0|32|0|32|0|32|0|32|0|32|0|32|3432|556|1284|349|657|211|689|236|424|198|143|99|176|164|36|42|23|37|0|32|3355|635|752|358|498|167|575|232|899|390|95|60|121|87|144|75|29|29|242|123
1600000US3719140|168|128|38|50|5|10|27|32|64|70|2|3|18|14|0|14|8|7|6|6|130|87|0|14|5|10|27|32|64|70|2|3|18|14|0|14|8|7|6|6|80|56|0|14|5|10|27|32|22|24|2|3|13|11|0|14|8|7|3|4|50|67|0|14|0|14|0|14|42|66|0|14|5|7|0|14|0|14|3|5|48|67|0|14|0|14|0|14|42|66|0|14|3|6|0|14|0|14|3|5|2|4|0|14|0|14|0|14|0|14|0|14|2|4|0|14|0|14|0|14|0|14|0|14|0|14|0|14|0|14|0|14|0|14|0|14|0|14|0|14|0|14|0|14|0|14|0|14|0|14|0|14|0|14|0|14|0|14|0|14|0|14|0|14|0|14|0|14|0|14|0|14|0|14|0|14|0|14|0|14|0|14|0|14|0|14|0|14|0|14|0|14|0|14|0|14|0|14|0|14|38|50|38|50|0|14|0|14|0|14|0|14|0|14|0|14|0|14|0|14|0|14|0|14|0|14|0|14|0|14|0|14|0|14|0|14|0|14|0|14
1600000US3719300|134|102|50|49|4|8|0|14|0|14|0|14|51|51|1|2|20|32|8|11|101|64|17|20|4|8|0|14|0|14|0|14|51|51|1|2|20|32|8|11|73|55|16|20|4|8|0|14|0|14|0|14|42|51|1|2|2|5|8|11|28|35|1|2|0|14|0|14|0|14|0|14|9|11|0|14|18|31|0|14|26|34|1|2|0|14|0|14|0|14|0|14|7|10|0|14|18|31|0|14|2|3|0|14|0|14|0|14|0|14|0|14|2|3|0|14|0|14|0|14|0|14|0|14|0|14|0|14|0|14|0|14|0|14|0|14|0|14|0|14|0|14|0|14|0|14|0|14|0|14|0|14|0|14|0|14|0|14|0|14|0|14|0|14|0|14|0|14|0|14|0|14|0|14|0|14|0|14|0|14|0|14|0|14|0|14|0|14|0|14|0|14|0|14|0|14|0|14|0|14|32|48|32|48|0|14|0|14|0|14|0|14|0|14|0|14|0|14|0|14|1|3|1|3|0|14|0|14|0|14|0|14|0|14|0|14|0|14|0|14
1600000US3719320|275|120|29|30|0|14|20|19|34|40|29|32|57|47|40|27|36|31|30|34|273|121|29|30|0|14|18|18|34|40|29|32|57|47|40|27|36|31|30|34|213|91|19|25|0|14|15|18|34|40|29|32|35|26|39|27|17|15|25|31|60|59|10|15|0|14|3|5|0|14|0|14|22|36|1|4|19|31|5|7|27|33|0|14|0|14|0|14|0|14|0|14|2|4|1|4|19|31|5|7|33|44|10|15|0|14|3|5|0|14|0|14|20|36|0|14|0|14|0|14|0|14|0|14|0|14|0|14|0|14|0|14|0|14|0|14|0|14|0|14|0|14|0|14|0|14|0|14|0|14|0|14|0|14|0|14|0|14|0|14|0|14|0|14|0|14|0|14|0|14|0|14|0|14|0|14|0|14|0|14|0|14|0|14|0|14|0|14|0|14|0|14|0|14|0|14|0|14|0|14|0|14|0|14|0|14|0|14|0|14|0|14|0|14|0|14|0|14|0|14|2|3|0|14|0|14|2|3|0|14|0|14|0|14|0|14|0|14|0|14
1600000US3719420|2855|523|854|278|320|163|376|195|468|171|121|81|376|202|282|179|55|47|3|11|2775|520|817|278|320|163|376|195|468|171|81|56|376|202|282|179|55|47|0|19|2380|458|740|266|273|149|308|177|337|158|81|56|304|154|282|179|55|47|0|19|395|227|77|77|47|54|68|76|131|91|0|19|72|140|0|19|0|19|0|19|221|126|59|72|42|54|68|76|33|51|0|19|19|38|0|19|0|19|0|19|174|139|18|29|5|10|0|19|98|79|0|19|53|103|0|19|0|19|0|19|0|19|0|19|0|19|0|19|0|19|0|19|0|19|0|19|0|19|0|19|0|19|0|19|0|19|0|19|0|19|0|19|0|19|0|19|0|19|0|19|0|19|0|19|0|19|0|19|0|19|0|19|0|19|0|19|0|19|0|19|0|19|0|19|0|19|0|19|0|19|0|19|0|19|0|19|0|19|0|19|80|66|37|31|0|19|0|19|0|19|40|60|0|19|0|19|0|19|3|11|0|19|0|19|0|19|0|19|0|19|0|19|0|19|0|19|0|19|0|19
1600000US3719740|1375|186|172|164|119|82|221|98|305|112|205|84|199|84|23|28|50|39|81|62|1361|185|158|161|119|82|221|98|305|112|205|84|199|84|23|28|50|39|81|62|1262|185|156|161|103|78|202|94|271|107|188|77|199|84|23|28|50|39|70|60|99|70|2|5|16|23|19|31|34|35|17|26|0|14|0|14|0|14|11|18|97|69|0|14|16|23|19|31|34|35|17|26|0|14|0|14|0|14|11|18|2|5|2|5|0|14|0|14|0|14|0|14|0|14|0|14|0|14|0|14|0|14|0|14|0|14|0|14|0|14|0|14|0|14|0|14|0|14|0|14|0|14|0|14|0|14|0|14|0|14|0|14|0|14|0|14|0|14|0|14|0|14|0|14|0|14|0|14|0|14|0|14|0|14|0|14|0|14|0|14|0|14|0|14|0|14|0|14|0|14|0|14|0|14|0|14|0|14|0|14|0|14|0|14|0|14|0|14|0|14|0|14|0|14|0|14|0|14|0|14|14|22|14|22|0|14|0|14|0|14|0|14|0|14|0|14|0|14|0|14
1600000US3719800|973|297|326|112|49|51|52|61|161|129|0|14|112|83|0|14|57|75|216|157|964|296|317|109|49|51|52|61|161|129|0|14|112|83|0|14|57|75|216|157|908|287|261|87|49|51|52|61|161|129|0|14|112|83|0|14|57|75|216|157|56|75|56|75|0|14|0|14|0|14|0|14|0|14|0|14|0|14|0|14|56|75|56|75|0|14|0|14|0|14|0|14|0|14|0|14|0|14|0|14|0|14|0|14|0|14|0|14|0|14|0|14|0|14|0|14|0|14|0|14|0|14|0|14|0|14|0|14|0|14|0|14|0|14|0|14|0|14|0|14|0|14|0|14|0|14|0|14|0|14|0|14|0|14|0|14|0|14|0|14|0|14|0|14|0|14|0|14|0|14|0|14|0|14|0|14|0|14|0|14|0|14|0|14|0|14|0|14|0|14|0|14|0|14|0|14|0|14|0|14|0|14|0|14|0|14|0|14|0|14|0|14|0|14|0|14|0|14|0|14|9|17|9|17|0|14|0|14|0|14|0|14|0|14|0|14|0|14|0|14
1600000US3719860|436|192|52|32|83|63|102|89|29|31|0|14|126|90|10|12|9|11|25|22|410|190|47|31|70|61|96|88|29|31|0|14|126|90|10|12|9|11|23|20|363|185|47|31|61|61|82|87|29|31|0|14|110|86|10|12|9|11|15|21|47|40|0|14|9|15|14|19|0|14|0|14|16|25|0|14|0|14|8|11|39|37|0|14|9|15|14|19|0|14|0|14|16|25|0|14|0|14|0|14|8|11|0|14|0|14|0|14|0|14|0|14|0|14|0|14|0|14|8|11|0|14|0|14|0|14|0|14|0|14|0|14|0|14|0|14|0|14|0|14|0|14|0|14|0|14|0|14|0|14|0|14|0|14|0|14|0|14|0|14|0|14|0|14|0|14|0|14|0|14|0|14|0|14|0|14|0|14|0|14|0|14|0|14|0|14|0|14|0|14|0|14|0|14|0|14|0|14|0|14|12|14|5|9|7|11|0|14|0|14|0|14|0|14|0|14|0|14|0|14|14|17|0|14|6|10|6|10|0|14|0|14|0|14|0|14|0|14|2|5
1600000US3720080|6045|479|1624|474|763|224|500|143|565|176|362|214|677|217|399|167|651|272|504|196|5902|493|1589|476|742|210|466|133|529|166|362|214|660|221|399|167|651|272|504|196|5090|583|1480|484|680|186|429|134|482|164|362|214|464|165|357|151|403|206|433|180|812|288|109|94|62|96|37|54|47|59|0|21|196|170|42|74|248|179|71|66|726|319|102|93|23|39|11|20|45|59|0|21|184|169|42|74|248|179|71|66|86|101|7|13|39|87|26|51|2|5|0|21|12|19|0|21|0|21|0|21|0|21|0|21|0|21|0|21|0|21|0|21|0|21|0|21|0|21|0|21|0|21|0|21|0|21|0|21|0|21|0|21|0|21|0|21|0|21|0|21|0|21|0|21|0|21|0|21|0|21|0|21|0|21|0|21|0|21|0|21|0|21|0|21|0|21|0|21|0|21|0|21|0|21|0|21|0|21|0|21|30|32|22|31|0|21|0|21|0|21|0|21|8|13|0|21|0|21|0|21|113|97|13|23|21|38|34|55|36|47|0|21|9|14|0|21|0|21|0|21
1600000US3720120|1553|337|434|283|268|192|160|133|173|167|29|46|107|110|217|160|24|51|141|116|1391|325|414|286|126|124|160|133|173|167|29|46|107|110|217|160|24|51|141|116|1084|356|390|290|126|124|58|70|99|110|29|46|0|14|217|160|24|51|141|116|307|185|24|66|0|14|102|122|74|121|0|14|107|110|0|14|0|14|0|14|261|189|0|14|0|14|102|122|65|119|0|14|94|109|0|14|0|14|0|14|46|73|24|66|0|14|0|14|9|22|0|14|13|32|0|14|0|14|0|14|0|14|0|14|0|14|0|14|0|14|0|14|0|14|0|14|0|14|0|14|0|14|0|14|0|14|0|14|0|14|0|14|0|14|0|14|0|14|0|14|0|14|0|14|0|14|0|14|0|14|0|14|0|14|0|14|0|14|0|14|0|14|0|14|0|14|0|14|0|14|0|14|0|14|0|14|0|14|0|14|115|151|0|14|115|151|0|14|0|14|0|14|0|14|0|14|0|14|0|14|47|62|20|35|27|54|0|14|0|14|0|14|0|14|0|14|0|14|0|14
1600000US3720280|1195|370|0|14|188|151|151|114|171|116|63|65|454|208|61|71|40|61|67|66|1096|359|0|14|173|143|151|114|171|116|63|65|370|194|61|71|40|61|67|66|1020|366|0|14|159|140|151|114|171|116|63|65|318|199|61|71|40|61|57|58|76|68|0|14|14|23|0|14|0|14|0|14|52|60|0|14|0|14|10|16|52|60|0|14|0|14|0|14|0|14|0|14|52|60|0|14|0|14|0|14|24|28|0|14|14|23|0|14|0|14|0|14|0|14|0|14|0|14|10|16|0|14|0|14|0|14|0|14|0|14|0|14|0|14|0|14|0|14|0|14|0|14|0|14|0|14|0|14|0|14|0|14|0|14|0|14|0|14|0|14|0|14|0|14|0|14|0|14|0|14|0|14|0|14|0|14|0|14|0|14|0|14|0|14|0|14|0|14|0|14|0|14|0|14|0|14|0|14|0|14|15|24|0|14|15|24|0|14|0|14|0|14|0|14|0|14|0|14|0|14|84|92|0|14|0|14|0|14|0|14|0|14|84|92|0|14|0|14|0|14
1600000US3720420|543|261|2|10|0|14|57|69|152|187|70|86|117|97|64|74|0|14|81|88|543|261|2|10|0|14|57|69|152|187|70|86|117|97|64|74|0|14|81|88|543|261|2|10|0|14|57|69|152|187|70|86|117|97|64|74|0|14|81|88|0|14|0|14|0|14|0|14|0|14|0|14|0|14|0|14|0|14|0|14|0|14|0|14|0|14|0|14|0|14|0|14|0|14|0|14|0|14|0|14|0|14|0|14|0|14|0|14|0|14|0|14|0|14|0|14|0|14|0|14|0|14|0|14|0|14|0|14|0|14|0|14|0|14|0|14|0|14|0|14|0|14|0|14|0|14|0|14|0|14|0|14|0|14|0|14|0|14|0|14|0|14|0|14|0|14|0|14|0|14|0|14|0|14|0|14|0|14|0|14|0|14|0|14|0|14|0|14|0|14|0|14|0|14|0|14|0|14|0|14|0|14|0|14|0|14|0|14|0|14|0|14|0|14|0|14|0|14|0|14|0|14|0|14|0|14|0|14|0|14|0|14|0|14|0|14|0|14|0|14
1600000US3720580|7416|548|1320|338|1786|474|1612|428|304|166|63|64|527|186|393|209|468|198|943|288|6859|572|1236|333|1635|458|1389|400|304|166|63|64|439|154|393|209|468|198|932|287|6043|571|1088|319|1600|453|1163|323|243|147|28|37|393|133|211|114|468|198|849|270|816|334|148|87|35|31|226|204|61|76|35|56|46|77|182|191|0|21|83|68|697|318|138|83|35|31|178|192|0|21|35|56|46|77|182|191|0|21|83|68|119|94|10|17|0|21|48|53|61|76|0|21|0|21|0|21|0|21|0|21|0|21|0|21|0|21|0|21|0|21|0|21|0|21|0|21|0|21|0|21|0|21|0|21|0|21|0|21|0|21|0|21|0|21|0|21|0|21|0|21|0|21|0|21|0|21|0|21|0|21|0|21|0|21|0|21|0|21|0|21|0|21|0|21|0|21|0|21|0|21|0|21|0|21|0|21|0|21|0|21|264|167|50|51|67|59|147|148|0|21|0|21|0|21|0|21|0|21|0|21|293|160|34|34|84|61|76|115|0|21|0|21|88|90|0|21|0|21|11|17
1600000US3720600|1048|228|359|173|92|81|301|169|60|48|0|14|40|60|40|53|156|115|0|14|1048|228|359|173|92|81|301|169|60|48|0|14|40|60|40|53|156|115|0|14|904|231|215|90|92|81|301|169|60|48|0|14|40|60|40|53|156|115|0|14|144|142|144|142|0|14|0|14|0|14|0|14|0|14|0|14|0|14|0|14|144|142|144|142|0|14|0|14|0|14|0|14|0|14|0|14|0|14|0|14|0|14|0|14|0|14|0|14|0|14|0|14|0|14|0|14|0|14|0|14|0|14|0|14|0|14|0|14|0|14|0|14|0|14|0|14|0|14|0|14|0|14|0|14|0|14|0|14|0|14|0|14|0|14|0|14|0|14|0|14|0|14|0|14|0|14|0|14|0|14|0|14|0|14|0|14|0|14|0|14|0|14|0|14|0|14|0|14|0|14|0|14|0|14|0|14|0|14|0|14|0|14|0|14|0|14|0|14|0|14|0|14|0|14|0|14|0|14|0|14|0|14|0|14|0|14|0|14|0|14|0|14|0|14|0|14|0|14|0|14
1600000US3720620|1577|229|402|132|336|187|121|91|88|70|154|117|58|52|83|66|138|90|197|117|1562|231|402|132|330|186|121|91|88|70|154|117|58|52|83|66|138|90|188|112|1244|173|358|124|120|73|121|91|88|70|154|117|46|49|66|60|103|79|188|112|318|186|44|34|210|176|0|14|0|14|0|14|12|18|17|26|35|48|0|14|318|186|44|34|210|176|0|14|0|14|0|14|12|18|17|26|35|48|0|14|0|14|0|14|0|14|0|14|0|14|0|14|0|14|0|14|0|14|0|14|0|14|0|14|0|14|0|14|0|14|0|14|0|14|0|14|0|14|0|14|0|14|0|14|0|14|0|14|0|14|0|14|0|14|0|14|0|14|0|14|0|14|0|14|0|14|0|14|0|14|0|14|0|14|0|14|0|14|0|14|0|14|0|14|0|14|0|14|0|14|0|14|0|14|0|14|0|14|0|14|0|14|0|14|0|14|0|14|0|14|0|14|0|14|0|14|0|14|0|14|15|19|0|14|6|10|0|14|0|14|0|14|0|14|0|14|0|14|9|16
1600000US3720700|113|51|31|30|5|9|15|12|19|22|6|8|11|11|5|7|13|14|8|8|105|50|23|29|5|9|15|12|19|22|6|8|11|11|5|7|13|14|8|8|90|47|23|29|0|14|15|12|19|22|6|8|4|5|5|7|13|14|5|6|15|14|0|14|5|9|0|14|0|14|0|14|7|10|0|14|0|14|3|4|8|10|0|14|5|9|0|14|0|14|0|14|0|14|0|14|0|14|3|4|7|10|0|14|0|14|0|14|0|14|0|14|7|10|0|14|0|14|0|14|0|14|0|14|0|14|0|14|0|14|0|14|0|14|0|14|0|14|0|14|0|14|0|14|0|14|0|14|0|14|0|14|0|14|0|14|0|14|0|14|0|14|0|14|0|14|0|14|0|14|0|14|0|14|0|14|0|14|0|14|0|14|0|14|0|14|0|14|0|14|0|14|0|14|0|14|0|14|0|14|8|12|8|12|0|14|0|14|0|14|0|14|0|14|0|14|0|14|0|14|0|14|0|14|0|14|0|14|0|14|0|14|0|14|0|14|0|14|0|14
1600000US3720780|310|135|41|31|27|27|86|59|37|27|41|51|26|23|29|38|5|10|18|17|299|134|41|31|27|27|80|58|37|27|41|51|26|23|29|38|0|14|18|17|271|129|32|28|27|27|80|58|37|27|41|51|22|21|22|36|0|14|10|10|28|22|9|11|0|14|0|14|0|14|0|14|4|9|7|11|0|14|8|14|28|22|9|11|0|14|0|14|0|14|0|14|4|9|7|11|0|14|8|14|0|14|0|14|0|14|0|14|0|14|0|14|0|14|0|14|0|14|0|14|0|14|0|14|0|14|0|14|0|14|0|14|0|14|0|14|0|14|0|14|0|14|0|14|0|14|0|14|0|14|0|14|0|14|0|14|0|14|0|14|0|14|0|14|0|14|0|14|0|14|0|14|0|14|0|14|0|14|0|14|0|14|0|14|0|14|0|14|0|14|0|14|0|14|0|14|0|14|0|14|0|14|0|14|0|14|0|14|0|14|0|14|0|14|0|14|0|14|0|14|11|19|0|14|0|14|6|10|0|14|0|14|0|14|0|14|5|10|0|14
1600000US3720840|346|119|41|59|30|40|55|52|26|20|58|54|18|27|46|42|65|45|7|13|346|119|41|59|30|40|55|52|26|20|58|54|18|27|46|42|65|45|7|13|282|114|38|59|30|40|55|52|26|20|12|17|3|8|46|42|65|45|7|13|64|52|3|5|0|14|0|14|0|14|46|51|15|21|0|14|0|14|0|14|64|52|3|5|0|14|0|14|0|14|46|51|15|21|0|14|0|14|0|14|0|14|0|14|0|14|0|14|0|14|0|14|0|14|0|14|0|14|0|14|0|14|0|14|0|14|0|14|0|14|0|14|0|14|0|14|0|14|0|14|0|14|0|14|0|14|0|14|0|14|0|14|0|14|0|14|0|14|0|14|0|14|0|14|0|14|0|14|0|14|0|14|0|14|0|14|0|14|0|14|0|14|0|14|0|14|0|14|0|14|0|14|0|14|0|14|0|14|0|14|0|14|0|14|0|14|0|14|0|14|0|14|0|14|0|14|0|14|0|14|0|14|0|14|0|14|0|14|0|14|0|14|0|14|0|14|0|14|0|14
1600000US3720980|427|145|8|9|46|33|58|73|77|52|50|50|68|71|45|35|27|28|48|39|427|145|8|9|46|33|58|73|77|52|50|50|68|71|45|35|27|28|48|39|387|130|8|9|46|33|35|47|77|52|50|50|68|71|45|35|27|28|31|26|40|37|0|14|0|14|23|28|0|14|0|14|0|14|0|14|0|14|17|20|37|36|0|14|0|14|20|27|0|14|0|14|0|14|0|14|0|14|17|20|3|5|0|14|0|14|3|5|0|14|0|14|0|14|0|14|0|14|0|14|0|14|0|14|0|14|0|14|0|14|0|14|0|14|0|14|0|14|0|14|0|14|0|14|0|14|0|14|0|14|0|14|0|14|0|14|0|14|0|14|0|14|0|14|0|14|0|14|0|14|0|14|0|14|0|14|0|14|0|14|0|14|0|14|0|14|0|14|0|14|0|14|0|14|0|14|0|14|0|14|0|14|0|14|0|14|0|14|0|14|0|14|0|14|0|14|0|14|0|14|0|14|0|14|0|14|0|14|0|14|0|14|0|14|0|14|0|14|0|14
1600000US3721095|3538|520|1230|441|612|197|514|168|279|111|156|79|141|80|283|152|103|79|220|120|2706|453|830|424|543|190|320|115|160|84|156|79|125|83|283|152|103|79|186|114|2576|466|788|432|520|188|320|115|133|75|135|75|125|83|266|152|103|79|186|114|130|87|42|62|23|36|0|21|27|34|21|25|0|21|17|26|0|21|0|21|114|84|42|62|23|36|0|21|16|25|16|25|0|21|17|26|0|21|0|21|16|24|0|21|0|21|0|21|11|22|5|11|0|21|0|21|0|21|0|21|0|21|0|21|0|21|0|21|0|21|0|21|0|21|0|21|0|21|0|21|0|21|0|21|0|21|0|21|0|21|0|21|0|21|0|21|0|21|0|21|0|21|0|21|0|21|0|21|0|21|0|21|0|21|0|21|0|21|0|21|0|21|0|21|0|21|0|21|0|21|0|21|0|21|0|21|0|21|0|21|790|194|400|125|69|45|194|117|93|60|0|21|0|21|0|21|0|21|34|40|42|45|0|21|0|21|0|21|26|38|0|21|16|24|0|21|0|21|0|21
1600000US3721120|75|48|3|9|0|14|22|21|10|17|14|17|0|14|10|16|0|14|16|21|75|48|3|9|0|14|22|21|10|17|14|17|0|14|10|16|0|14|16|21|75|48|3|9|0|14|22|21|10|17|14|17|0|14|10|16|0|14|16|21|0|14|0|14|0|14|0|14|0|14|0|14|0|14|0|14|0|14|0|14|0|14|0|14|0|14|0|14|0|14|0|14|0|14|0|14|0|14|0|14|0|14|0|14|0|14|0|14|0|14|0|14|0|14|0|14|0|14|0|14|0|14|0|14|0|14|0|14|0|14|0|14|0|14|0|14|0|14|0|14|0|14|0|14|0|14|0|14|0|14|0|14|0|14|0|14|0|14|0|14|0|14|0|14|0|14|0|14|0|14|0|14|0|14|0|14|0|14|0|14|0|14|0|14|0|14|0|14|0|14|0|14|0|14|0|14|0|14|0|14|0|14|0|14|0|14|0|14|0|14|0|14|0|14|0|14|0|14|0|14|0|14|0|14|0|14|0|14|0|14|0|14|0|14|0|14|0|14|0|14
1600000US3721130|1200|276|53|44|356|165|189|82|189|108|157|165|50|65|85|66|12|21|109|76|1200|276|53|44|356|165|189|82|189|108|157|165|50|65|85|66|12|21|109|76|1135|250|53|44|341|161|163|79|189|108|157|165|50|65|85|66|12|21|85|67|65|59|0|14|15|24|26|39|0|14|0|14|0|14|0|14|0|14|24|37|65|59|0|14|15|24|26|39|0|14|0|14|0|14|0|14|0|14|24|37|0|14|0|14|0|14|0|14|0|14|0|14|0|14|0|14|0|14|0|14|0|14|0|14|0|14|0|14|0|14|0|14|0|14|0|14|0|14|0|14|0|14|0|14|0|14|0|14|0|14|0|14|0|14|0|14|0|14|0|14|0|14|0|14|0|14|0|14|0|14|0|14|0|14|0|14|0|14|0|14|0|14|0|14|0|14|0|14|0|14|0|14|0|14|0|14|0|14|0|14|0|14|0|14|0|14|0|14|0|14|0|14|0|14|0|14|0|14|0|14|0|14|0|14|0|14|0|14|0|14|0|14|0|14|0|14|0|14|0|14
1600000US3721160|1081|147|175|63|72|41|48|30|122|60|82|46|162|79|170|62|190|62|60|43|1005|145|155|60|72|41|48|30|66|38|82|46|162|79|170|62|190|62|60|43|971|148|155|60|72|41|48|30|66|38|82|46|146|77|152|58|190|62|60|43|34|33|0|14|0|14|0|14|0|14|0|14|16|19|18|29|0|14|0|14|29|33|0|14|0|14|0|14|0|14|0|14|11|18|18|29|0|14|0|14|5|7|0|14|0|14|0|14|0|14|0|14|5|7|0|14|0|14|0|14|0|14|0|14|0|14|0|14|0|14|0|14|0|14|0|14|0|14|0|14|0|14|0|14|0|14|0|14|0|14|0|14|0|14|0|14|0|14|0|14|0|14|0|14|0|14|0|14|0|14|0|14|0|14|0|14|0|14|0|14|0|14|0|14|0|14|0|14|0|14|0|14|0|14|0|14|0|14|0|14|59|48|4|7|0|14|0|14|55|48|0|14|0|14|0|14|0|14|0|14|17|22|16|21|0|14|0|14|1|2|0|14|0|14|0|14|0|14|0|14
1600000US3721260|956|350|0|14|121|108|470|185|197|181|50|57|26|46|11|17|81|137|0|14|832|316|0|14|121|108|470|185|197|181|0|14|26|46|11|17|7|12|0|14|694|269|0|14|59|62|394|155|197|181|0|14|26|46|11|17|7|12|0|14|138|199|0|14|62|96|76|111|0|14|0|14|0|14|0|14|0|14|0|14|138|199|0|14|62|96|76|111|0|14|0|14|0|14|0|14|0|14|0|14|0|14|0|14|0|14|0|14|0|14|0|14|0|14|0|14|0|14|0|14|124|133|0|14|0|14|0|14|0|14|50|57|0|14|0|14|74|137|0|14|124|133|0|14|0|14|0|14|0|14|50|57|0|14|0|14|74|137|0|14|0|14|0|14|0|14|0|14|0|14|0|14|0|14|0|14|0|14|0|14|0|14|0|14|0|14|0|14|0|14|0|14|0|14|0|14|0|14|0|14|0|14|0|14|0|14|0|14|0|14|0|14|0|14|0|14|0|14|0|14|0|14|0|14|0|14|0|14|0|14|0|14|0|14|0|14|0|14|0|14
1600000US3721360|511|177|41|36|22|37|110|114|138|87|43|65|23|22|30|38|41|41|63|45|504|175|40|35|22|37|110|114|138|87|43|65|23|22|30|38|41|41|57|43|449|169|40|35|22|37|110|114|137|88|43|65|23|22|25|37|0|14|49|37|55|45|0|14|0|14|0|14|1|3|0|14|0|14|5|10|41|41|8|14|49|43|0|14|0|14|0|14|0|14|0|14|0|14|0|14|41|41|8|14|6|10|0|14|0|14|0|14|1|3|0|14|0|14|5|10|0|14|0|14|0|14|0|14|0|14|0|14|0|14|0|14|0|14|0|14|0|14|0|14|0|14|0|14|0|14|0|14|0|14|0|14|0|14|0|14|0|14|0|14|0|14|0|14|0|14|0|14|0|14|0|14|0|14|0|14|0|14|0|14|0|14|0|14|0|14|0|14|0|14|0|14|0|14|0|14|0|14|0|14|0|14|0|14|0|14|0|14|0|14|0|14|0|14|0|14|0|14|0|14|7|11|1|5|0|14|0|14|0|14|0|14|0|14|0|14|0|14|6|9
1600000US3721380|123|87|52|51|25|39|0|14|0|14|0|14|0|14|0|14|10|18|36|47|113|81|52|51|25|39|0|14|0|14|0|14|0|14|0|14|10|18|26|42|95|73|34|43|25|39|0|14|0|14|0|14|0|14|0|14|10|18|26|42|18|34|18|34|0|14|0|14|0|14|0|14|0|14|0|14|0|14|0|14|18|34|18|34|0|14|0|14|0|14|0|14|0|14|0|14|0|14|0|14|0|14|0|14|0|14|0|14|0|14|0|14|0|14|0|14|0|14|0|14|0|14|0|14|0|14|0|14|0|14|0|14|0|14|0|14|0|14|0|14|0|14|0|14|0|14|0|14|0|14|0|14|0|14|0|14|0|14|0|14|0|14|0|14|0|14|0|14|0|14|0|14|0|14|0|14|0|14|0|14|0|14|0|14|0|14|0|14|0|14|0|14|0|14|0|14|0|14|0|14|0|14|0|14|0|14|0|14|0|14|0|14|0|14|0|14|0|14|0|14|10|18|0|14|0|14|0|14|0|14|0|14|0|14|0|14|0|14|10|18
1600000US3721500|1364|242|138|78|228|114|36|35|321|216|88|59|283|157|187|92|40|36|43|39|1313|247|132|77|221|113|36|35|283|200|88|59|283|157|187|92|40|36|43|39|1263|247|103|66|221|113|36|35|283|200|88|59|283|157|187|92|40|36|22|26|50|59|29|33|0|14|0|14|0|14|0|14|0|14|0|14|0|14|21|31|15|27|11|20|0|14|0|14|0|14|0|14|0|14|0|14|0|14|4|15|35|54|18|27|0|14|0|14|0|14|0|14|0|14|0|14|0|14|17|27|0|14|0|14|0|14|0|14|0|14|0|14|0|14|0|14|0|14|0|14|0|14|0|14|0|14|0|14|0|14|0|14|0|14|0|14|0|14|0|14|0|14|0|14|0|14|0|14|0|14|0|14|0|14|0|14|0|14|0|14|0|14|0|14|0|14|0|14|0|14|0|14|0|14|0|14|0|14|0|14|13|16|6|12|7|11|0|14|0|14|0|14|0|14|0|14|0|14|0|14|38|41|0|14|0|14|0|14|38|41|0|14|0|14|0|14|0|14|0|14
1600000US3721740|2024|181|284|96|352|119|120|51|168|135|106|78|170|93|120|68|309|99|395|126|1992|189|284|96|346|121|115|51|168|135|104|79|170|93|120|68|309|99|376|124|1770|223|245|90|336|121|115|51|168|135|104|79|164|93|111|66|293|95|234|92|222|113|39|40|10|12|0|14|0|14|0|14|6|10|9|11|16|13|142|107|74|56|30|37|5|7|0|14|0|14|0|14|6|10|4|8|7|10|22|25|148|115|9|16|5|7|0|14|0|14|0|14|0|14|5|8|9|10|120|112|0|14|0|14|0|14|0|14|0|14|0|14|0|14|0|14|0|14|0|14|0|14|0|14|0|14|0|14|0|14|0|14|0|14|0|14|0|14|0|14|0|14|0|14|0|14|0|14|0|14|0|14|0|14|0|14|0|14|0|14|0|14|0|14|0|14|0|14|0|14|0|14|0|14|0|14|0|14|0|14|0|14|0|14|0|14|0|14|0|14|0|14|0|14|0|14|0|14|0|14|32|37|0|14|6|9|5|9|0|14|2|5|0|14|0|14|0|14|19|32
1600000US3721880|3229|504|184|133|260|227|380|172|983|245|329|164|387|233|308|139|252|155|146|92|3229|504|184|133|260|227|380|172|983|245|329|164|387|233|308|139|252|155|146|92|2716|496|97|100|260|227|304|169|910|229|254|129|365|225|212|111|207|152|107|86|513|269|87|100|0|19|76|66|73|75|75|88|22|36|96|82|45|67|39|44|358|186|0|19|0|19|76|66|50|64|75|88|22|36|96|82|0|19|39|44|155|128|87|100|0|19|0|19|23|36|0|19|0|19|0|19|45|67|0|19|0|19|0|19|0|19|0|19|0|19|0|19|0|19|0|19|0|19|0|19|0|19|0|19|0|19|0|19|0|19|0|19|0|19|0|19|0|19|0|19|0|19|0|19|0|19|0|19|0|19|0|19|0|19|0|19|0|19|0|19|0|19|0|19|0|19|0|19|0|19|0|19|0|19|0|19|0|19|0|19|0|19|0|19|0|19|0|19|0|19|0|19|0|19|0|19|0|19|0|19|0|19|0|19|0|19|0|19|0|19|0|19|0|19|0|19|0|19|0|19
1600000US3721960|83|43|4|5|0|14|1|2|23|27|11|10|17|13|8|9|8|10|11|9|82|42|3|4|0|14|1|2|23|27|11|10|17|13|8|9|8|10|11|9|71|36|3|4|0|14|1|2|16|17|11|10|13|12|8|9|8|10|11|9|11|13|0|14|0|14|0|14|7|12|0|14|4|5|0|14|0|14|0|14|4|5|0|14|0|14|0|14|0|14|0|14|4|5|0|14|0|14|0|14|7|12|0|14|0|14|0|14|7|12|0|14|0|14|0|14|0|14|0|14|0|14|0|14|0|14|0|14|0|14|0|14|0|14|0|14|0|14|0|14|0|14|0|14|0|14|0|14|0|14|0|14|0|14|0|14|0|14|0|14|0|14|0|14|0|14|0|14|0|14|0|14|0|14|0|14|0|14|0|14|0|14|0|14|0|14|0|14|0|14|0|14|0|14|0|14|0|14|0|14|1|2|1|2|0|14|0|14|0|14|0|14|0|14|0|14|0|14|0|14|0|14|0|14|0|14|0|14|0|14|0|14|0|14|0|14|0|14|0|14
1600000US3722040|100|85|26|34|11|22|16|24|0|14|0|14|34|42|4|6|9|21|0|14|99|85|25|33|11|22|16|24|0|14|0|14|34|42|4|6|9|21|0|14|99|85|25|33|11|22|16|24|0|14|0|14|34|42|4|6|9|21|0|14|0|14|0|14|0|14|0|14|0|14|0|14|0|14|0|14|0|14|0|14|0|14|0|14|0|14|0|14|0|14|0|14|0|14|0|14|0|14|0|14|0|14|0|14|0|14|0|14|0|14|0|14|0|14|0|14|0|14|0|14|0|14|0|14|0|14|0|14|0|14|0|14|0|14|0|14|0|14|0|14|0|14|0|14|0|14|0|14|0|14|0|14|0|14|0|14|0|14|0|14|0|14|0|14|0|14|0|14|0|14|0|14|0|14|0|14|0|14|0|14|0|14|0|14|0|14|0|14|0|14|0|14|0|14|0|14|0|14|0|14|1|4|1|4|0|14|0|14|0|14|0|14|0|14|0|14|0|14|0|14|0|14|0|14|0|14|0|14|0|14|0|14|0|14|0|14|0|14|0|14
1600000US3722080|47|39|0|14|0|14|0|14|0|14|0|14|34|33|0|14|0|14|13|23|47|39|0|14|0|14|0|14|0|14|0|14|34|33|0|14|0|14|13|23|47|39|0|14|0|14|0|14|0|14|0|14|34|33|0|14|0|14|13|23|0|14|0|14|0|14|0|14|0|14|0|14|0|14|0|14|0|14|0|14|0|14|0|14|0|14|0|14|0|14|0|14|0|14|0|14|0|14|0|14|0|14|0|14|0|14|0|14|0|14|0|14|0|14|0|14|0|14|0|14|0|14|0|14|0|14|0|14|0|14|0|14|0|14|0|14|0|14|0|14|0|14|0|14|0|14|0|14|0|14|0|14|0|14|0|14|0|14|0|14|0|14|0|14|0|14|0|14|0|14|0|14|0|14|0|14|0|14|0|14|0|14|0|14|0|14|0|14|0|14|0|14|0|14|0|14|0|14|0|14|0|14|0|14|0|14|0|14|0|14|0|14|0|14|0|14|0|14|0|14|0|14|0|14|0|14|0|14|0|14|0|14|0|14|0|14|0|14|0|14
1600000US3722240|317|150|104|100|2|4|73|64|71|53|0|14|25|29|12|13|0|14|30|21|317|150|104|100|2|4|73|64|71|53|0|14|25|29|12|13|0|14|30|21|290|148|104|100|2|4|48|59|71|53|0|14|25|29|12|13|0|14|28|21|27|27|0|14|0|14|25|27|0|14|0|14|0|14|0|14|0|14|2|3|27|27|0|14|0|14|25|27|0|14|0|14|0|14|0|14|0|14|2|3|0|14|0|14|0|14|0|14|0|14|0|14|0|14|0|14|0|14|0|14|0|14|0|14|0|14|0|14|0|14|0|14|0|14|0|14|0|14|0|14|0|14|0|14|0|14|0|14|0|14|0|14|0|14|0|14|0|14|0|14|0|14|0|14|0|14|0|14|0|14|0|14|0|14|0|14|0|14|0|14|0|14|0|14|0|14|0|14|0|14|0|14|0|14|0|14|0|14|0|14|0|14|0|14|0|14|0|14|0|14|0|14|0|14|0|14|0|14|0|14|0|14|0|14|0|14|0|14|0|14|0|14|0|14|0|14|0|14|0|14
1600000US3722280|29|36|7|20|0|14|0|14|0|14|0|14|0|14|0|14|0|14|22|31|29|36|7|20|0|14|0|14|0|14|0|14|0|14|0|14|0|14|22|31|0|14|0|14|0|14|0|14|0|14|0|14|0|14|0|14|0|14|0|14|29|36|7|20|0|14|0|14|0|14|0|14|0|14|0|14|0|14|22|31|22|30|7|20|0|14|0|14|0|14|0|14|0|14|0|14|0|14|15|22|7|15|0|14|0|14|0|14|0|14|0|14|0|14|0|14|0|14|7|15|0|14|0|14|0|14|0|14|0|14|0|14|0|14|0|14|0|14|0|14|0|14|0|14|0|14|0|14|0|14|0|14|0|14|0|14|0|14|0|14|0|14|0|14|0|14|0|14|0|14|0|14|0|14|0|14|0|14|0|14|0|14|0|14|0|14|0|14|0|14|0|14|0|14|0|14|0|14|0|14|0|14|0|14|0|14|0|14|0|14|0|14|0|14|0|14|0|14|0|14|0|14|0|14|0|14|0|14|0|14|0|14|0|14|0|14|0|14|0|14
1600000US3722305|620|182|58|59|24|23|22|21|71|51|67|45|129|90|79|79|72|65|98|59|592|176|49|57|5|8|22|21|71|51|67|45|129|90|79|79|72|65|98|59|561|170|49|57|5|8|15|18|71|51|67|45|129|90|79|79|48|54|98|59|31|40|0|14|0|14|7|10|0|14|0|14|0|14|0|14|24|38|0|14|31|40|0|14|0|14|7|10|0|14|0|14|0|14|0|14|24|38|0|14|0|14|0|14|0|14|0|14|0|14|0|14|0|14|0|14|0|14|0|14|0|14|0|14|0|14|0|14|0|14|0|14|0|14|0|14|0|14|0|14|0|14|0|14|0|14|0|14|0|14|0|14|0|14|0|14|0|14|0|14|0|14|0|14|0|14|0|14|0|14|0|14|0|14|0|14|0|14|0|14|0|14|0|14|0|14|0|14|0|14|0|14|0|14|0|14|0|14|0|14|15|17|9|13|6|10|0|14|0|14|0|14|0|14|0|14|0|14|0|14|13|20|0|14|13|20|0|14|0|14|0|14|0|14|0|14|0|14|0|14
1600000US3722360|785|168|179|83|19|20|84|41|166|64|92|45|116|48|33|32|39|26|57|30|700|156|137|65|19|20|75|42|146|57|87|44|107|47|33|32|39|26|57|30|665|151|137|65|19|20|64|37|126|53|83|42|107|47|33|32|39|26|57|30|35|30|0|14|0|14|11|18|20|24|4|6|0|14|0|14|0|14|0|14|31|30|0|14|0|14|11|18|20|24|0|14|0|14|0|14|0|14|0|14|4|6|0|14|0|14|0|14|0|14|4|6|0|14|0|14|0|14|0|14|5|8|0|14|0|14|0|14|0|14|5|8|0|14|0|14|0|14|0|14|5|8|0|14|0|14|0|14|0|14|5|8|0|14|0|14|0|14|0|14|0|14|0|14|0|14|0|14|0|14|0|14|0|14|0|14|0|14|0|14|0|14|0|14|0|14|0|14|0|14|0|14|0|14|0|14|0|14|0|14|42|51|42|51|0|14|0|14|0|14|0|14|0|14|0|14|0|14|0|14|38|35|0|14|0|14|9|14|20|22|0|14|9|14|0|14|0|14|0|14
1600000US3722380|539|169|54|52|86|88|142|112|99|74|12|19|5|8|35|37|40|41|66|65|536|169|54|52|83|88|142|112|99|74|12|19|5|8|35|37|40|41|66|65|516|169|54|52|75|85|130|113|99|74|12|19|5|8|35|37|40|41|66|65|20|26|0|14|8|13|12|21|0|14|0|14|0|14|0|14|0|14|0|14|20|26|0|14|8|13|12|21|0|14|0|14|0|14|0|14|0|14|0|14|0|14|0|14|0|14|0|14|0|14|0|14|0|14|0|14|0|14|0|14|3|5|0|14|3|5|0|14|0|14|0|14|0|14|0|14|0|14|0|14|3|5|0|14|3|5|0|14|0|14|0|14|0|14|0|14|0|14|0|14|0|14|0|14|0|14|0|14|0|14|0|14|0|14|0|14|0|14|0|14|0|14|0|14|0|14|0|14|0|14|0|14|0|14|0|14|0|14|0|14|0|14|0|14|0|14|0|14|0|14|0|14|0|14|0|14|0|14|0|14|0|14|0|14|0|14|0|14|0|14|0|14|0|14|0|14|0|14|0|14
1600000US3722440|823|360|0|14|107|150|207|122|311|166|63|71|48|68|32|38|0|14|55|73|823|360|0|14|107|150|207|122|311|166|63|71|48|68|32|38|0|14|55|73|697|277|0|14|0|14|188|121|311|166|63|71|48|68|32|38|0|14|55|73|126|152|0|14|107|150|19|32|0|14|0|14|0|14|0|14|0|14|0|14|107|150|0|14|107|150|0|14|0|14|0|14|0|14|0|14|0|14|0|14|19|32|0|14|0|14|19|32|0|14|0|14|0|14|0|14|0|14|0|14|0|14|0|14|0|14|0|14|0|14|0|14|0|14|0|14|0|14|0|14|0|14|0|14|0|14|0|14|0|14|0|14|0|14|0|14|0|14|0|14|0|14|0|14|0|14|0|14|0|14|0|14|0|14|0|14|0|14|0|14|0|14|0|14|0|14|0|14|0|14|0|14|0|14|0|14|0|14|0|14|0|14|0|14|0|14|0|14|0|14|0|14|0|14|0|14|0|14|0|14|0|14|0|14|0|14|0|14|0|14|0|14|0|14|0|14|0|14|0|14
1600000US3722500|1532|175|118|151|141|91|148|131|345|169|87|78|380|124|74|51|107|70|132|73|1423|185|118|151|141|91|148|131|304|154|87|78|348|124|74|51|107|70|96|52|1301|186|118|151|123|87|148|131|281|153|87|78|298|117|59|44|107|70|80|45|122|72|0|14|18|21|0|14|23|37|0|14|50|58|15|17|0|14|16|24|62|47|0|14|8|13|0|14|23|37|0|14|0|14|15|17|0|14|16|24|60|59|0|14|10|16|0|14|0|14|0|14|50|58|0|14|0|14|0|14|0|14|0|14|0|14|0|14|0|14|0|14|0|14|0|14|0|14|0|14|0|14|0|14|0|14|0|14|0|14|0|14|0|14|0|14|0|14|0|14|0|14|0|14|0|14|0|14|0|14|0|14|0|14|0|14|0|14|0|14|0|14|0|14|0|14|0|14|0|14|0|14|0|14|0|14|0|14|0|14|0|14|0|14|0|14|0|14|0|14|0|14|0|14|0|14|0|14|0|14|109|106|0|14|0|14|0|14|41|44|0|14|32|52|0|14|0|14|36|52
1600000US3722560|214|68|30|17|35|28|28|24|35|24|14|18|24|15|15|10|13|14|20|14|214|68|30|17|35|28|28|24|35|24|14|18|24|15|15|10|13|14|20|14|177|56|22|14|21|20|28|24|35|24|14|18|16|13|14|9|13|14|14|11|37|27|8|10|14|19|0|14|0|14|0|14|8|13|1|6|0|14|6|9|28|24|6|9|14|19|0|14|0|14|0|14|8|13|0|14|0|14|0|14|9|12|2|4|0|14|0|14|0|14|0|14|0|14|1|6|0|14|6|9|0|14|0|14|0|14|0|14|0|14|0|14|0|14|0|14|0|14|0|14|0|14|0|14|0|14|0|14|0|14|0|14|0|14|0|14|0|14|0|14|0|14|0|14|0|14|0|14|0|14|0|14|0|14|0|14|0|14|0|14|0|14|0|14|0|14|0|14|0|14|0|14|0|14|0|14|0|14|0|14|0|14|0|14|0|14|0|14|0|14|0|14|0|14|0|14|0|14|0|14|0|14|0|14|0|14|0|14|0|14|0|14|0|14|0|14|0|14|0|14
1600000US3722600|584|355|103|135|54|32|69|46|80|87|31|33|28|27|114|145|92|89|13|19|574|353|101|135|54|32|69|46|80|87|31|33|20|22|114|145|92|89|13|19|570|353|101|135|54|32|69|46|80|87|31|33|20|22|114|145|88|88|13|19|4|7|0|14|0|14|0|14|0|14|0|14|0|14|0|14|4|7|0|14|4|7|0|14|0|14|0|14|0|14|0|14|0|14|0|14|4|7|0|14|0|14|0|14|0|14|0|14|0|14|0|14|0|14|0|14|0|14|0|14|0|14|0|14|0|14|0|14|0|14|0|14|0|14|0|14|0|14|0|14|0|14|0|14|0|14|0|14|0|14|0|14|0|14|0|14|0|14|0|14|0|14|0|14|0|14|0|14|0|14|0|14|0|14|0|14|0|14|0|14|0|14|0|14|0|14|0|14|0|14|0|14|0|14|0|14|0|14|0|14|0|14|0|14|0|14|0|14|0|14|0|14|0|14|0|14|0|14|0|14|10|15|2|4|0|14|0|14|0|14|0|14|8|15|0|14|0|14|0|14
1600000US3722620|47|32|5|15|1|2|0|14|2|4|5|9|13|15|8|8|0|14|13|13|42|29|0|14|1|2|0|14|2|4|5|9|13|15|8|8|0|14|13|13|40|28|0|14|1|2|0|14|2|4|5|9|13|15|6|8|0|14|13|13|2|4|0|14|0|14|0|14|0|14|0|14|0|14|2|4|0|14|0|14|0|14|0|14|0|14|0|14|0|14|0|14|0|14|0|14|0|14|0|14|2|4|0|14|0|14|0|14|0|14|0|14|0|14|2|4|0|14|0|14|0|14|0|14|0|14|0|14|0|14|0|14|0|14|0|14|0|14|0|14|0|14|0|14|0|14|0|14|0|14|0|14|0|14|0|14|0|14|0|14|0|14|0|14|0|14|0|14|0|14|0|14|0|14|0|14|0|14|0|14|0|14|0|14|0|14|0|14|0|14|0|14|0|14|0|14|0|14|0|14|5|15|5|15|0|14|0|14|0|14|0|14|0|14|0|14|0|14|0|14|0|14|0|14|0|14|0|14|0|14|0|14|0|14|0|14|0|14|0|14
1600000US3722640|113|175|2|3|0|14|2|4|48|74|0|14|0|14|0|14|0|14|61|106|113|175|2|3|0|14|2|4|48|74|0|14|0|14|0|14|0|14|61|106|113|175|2|3|0|14|2|4|48|74|0|14|0|14|0|14|0|14|61|106|0|14|0|14|0|14|0|14|0|14|0|14|0|14|0|14|0|14|0|14|0|14|0|14|0|14|0|14|0|14|0|14|0|14|0|14|0|14|0|14|0|14|0|14|0|14|0|14|0|14|0|14|0|14|0|14|0|14|0|14|0|14|0|14|0|14|0|14|0|14|0|14|0|14|0|14|0|14|0|14|0|14|0|14|0|14|0|14|0|14|0|14|0|14|0|14|0|14|0|14|0|14|0|14|0|14|0|14|0|14|0|14|0|14|0|14|0|14|0|14|0|14|0|14|0|14|0|14|0|14|0|14|0|14|0|14|0|14|0|14|0|14|0|14|0|14|0|14|0|14|0|14|0|14|0|14|0|14|0|14|0|14|0|14|0|14|0|14|0|14|0|14|0|14|0|14|0|14|0|14
1600000US3722720|216|94|31|20|8|15|28|21|17|13|30|24|70|74|2|4|10|9|20|27|214|94|29|20|8|15|28|21|17|13|30|24|70|74|2|4|10|9|20|27|205|92|29|20|8|15|28|21|15|13|23|18|70|74|2|4|10|9|20|27|9|11|0|14|0|14|0|14|2|3|7|11|0|14|0|14|0|14|0|14|9|11|0|14|0|14|0|14|2|3|7|11|0|14|0|14|0|14|0|14|0|14|0|14|0|14|0|14|0|14|0|14|0|14|0|14|0|14|0|14|0|14|0|14|0|14|0|14|0|14|0|14|0|14|0|14|0|14|0|14|0|14|0|14|0|14|0|14|0|14|0|14|0|14|0|14|0|14|0|14|0|14|0|14|0|14|0|14|0|14|0|14|0|14|0|14|0|14|0|14|0|14|0|14|0|14|0|14|0|14|0|14|0|14|0|14|0|14|0|14|0|14|0|14|0|14|0|14|0|14|0|14|0|14|0|14|0|14|0|14|2|3|2|3|0|14|0|14|0|14|0|14|0|14|0|14|0|14|0|14
1600000US3722800|159|124|31|48|16|28|36|45|12|20|0|14|43|46|0|14|21|34|0|14|159|124|31|48|16|28|36|45|12|20|0|14|43|46|0|14|21|34|0|14|159|124|31|48|16|28|36|45|12|20|0|14|43|46|0|14|21|34|0|14|0|14|0|14|0|14|0|14|0|14|0|14|0|14|0|14|0|14|0|14|0|14|0|14|0|14|0|14|0|14|0|14|0|14|0|14|0|14|0|14|0|14|0|14|0|14|0|14|0|14|0|14|0|14|0|14|0|14|0|14|0|14|0|14|0|14|0|14|0|14|0|14|0|14|0|14|0|14|0|14|0|14|0|14|0|14|0|14|0|14|0|14|0|14|0|14|0|14|0|14|0|14|0|14|0|14|0|14|0|14|0|14|0|14|0|14|0|14|0|14|0|14|0|14|0|14|0|14|0|14|0|14|0|14|0|14|0|14|0|14|0|14|0|14|0|14|0|14|0|14|0|14|0|14|0|14|0|14|0|14|0|14|0|14|0|14|0|14|0|14|0|14|0|14|0|14|0|14|0|14
1600000US3722820|1619|233|344|175|72|57|115|63|137|100|159|119|439|210|107|129|89|77|157|140|1606|240|344|175|59|54|115|63|137|100|159|119|439|210|107|129|89|77|157|140|1337|282|289|146|38|45|106|62|113|91|136|110|348|187|107|129|89|77|111|110|269|145|55|93|21|27|9|19|24|32|23|31|91|127|0|14|0|14|46|65|191|142|0|14|21|27|9|19|24|32|0|14|91|127|0|14|0|14|46|65|78|97|55|93|0|14|0|14|0|14|23|31|0|14|0|14|0|14|0|14|0|14|0|14|0|14|0|14|0|14|0|14|0|14|0|14|0|14|0|14|0|14|0|14|0|14|0|14|0|14|0|14|0|14|0|14|0|14|0|14|0|14|0|14|0|14|0|14|0|14|0|14|0|14|0|14|0|14|0|14|0|14|0|14|0|14|0|14|0|14|0|14|0|14|0|14|0|14|0|14|0|14|0|14|0|14|0|14|0|14|0|14|0|14|0|14|0|14|0|14|13|24|0|14|13|24|0|14|0|14|0|14|0|14|0|14|0|14|0|14
1600000US3722920|94169|1368|21045|773|14638|818|20321|811|15633|859|5092|559|7950|699|2655|392|2948|510|3887|455|85253|1465|14879|860|13856|813|19516|797|15334|831|4978|543|7579|701|2624|390|2928|508|3559|430|74613|1545|12021|794|12456|790|17214|733|13972|823|4436|498|6516|618|2444|393|2707|489|2847|325|10640|888|2858|475|1400|208|2302|376|1362|304|542|178|1063|309|180|98|221|119|712|269|8207|787|2019|339|1004|197|1869|348|1198|287|437|149|876|269|134|71|132|104|538|212|2433|398|839|283|396|153|433|145|164|90|105|84|187|94|46|48|89|63|174|101|505|140|64|48|25|23|69|58|97|82|0|32|61|42|6|9|0|32|183|81|438|133|42|42|25|23|61|56|97|82|0|32|61|42|6|9|0|32|146|74|45|57|0|32|0|32|8|14|0|32|0|32|0|32|0|32|0|32|37|56|22|26|22|26|0|32|0|32|0|32|0|32|0|32|0|32|0|32|0|32|6844|566|5793|563|560|160|299|110|49|33|55|43|51|44|0|32|10|17|27|42|1567|371|309|211|197|77|437|199|153|83|59|41|259|119|25|26|10|15|118|67
1600000US3722982|365|277|0|14|15|23|72|123|8|16|130|132|95|73|0|14|14|27|31|36|348|288|0|14|15|23|72|123|8|16|130|132|78|76|0|14|14|27|31|36|348|288|0|14|15|23|72|123|8|16|130|132|78|76|0|14|14|27|31|36|0|14|0|14|0|14|0|14|0|14|0|14|0|14|0|14|0|14|0|14|0|14|0|14|0|14|0|14|0|14|0|14|0|14|0|14|0|14|0|14|0|14|0|14|0|14|0|14|0|14|0|14|0|14|0|14|0|14|0|14|0|14|0|14|0|14|0|14|0|14|0|14|0|14|0|14|0|14|0|14|0|14|0|14|0|14|0|14|0|14|0|14|0|14|0|14|0|14|0|14|0|14|0|14|0|14|0|14|0|14|0|14|0|14|0|14|0|14|0|14|0|14|0|14|0|14|0|14|0|14|0|14|0|14|0|14|0|14|0|14|17|28|0|14|0|14|0|14|0|14|0|14|17|28|0|14|0|14|0|14|0|14|0|14|0|14|0|14|0|14|0|14|0|14|0|14|0|14|0|14
1600000US3723520|407|200|0|14|44|51|36|32|105|88|0|14|44|47|82|77|34|59|62|43|402|196|0|14|39|51|36|32|105|88|0|14|44|47|82|77|34|59|62|43|298|161|0|14|11|19|36|32|89|82|0|14|35|45|53|65|34|59|40|40|104|99|0|14|28|48|0|14|16|25|0|14|9|15|29|45|0|14|22|34|82|97|0|14|28|48|0|14|16|25|0|14|9|15|29|45|0|14|0|14|22|34|0|14|0|14|0|14|0|14|0|14|0|14|0|14|0|14|22|34|0|14|0|14|0|14|0|14|0|14|0|14|0|14|0|14|0|14|0|14|0|14|0|14|0|14|0|14|0|14|0|14|0|14|0|14|0|14|0|14|0|14|0|14|0|14|0|14|0|14|0|14|0|14|0|14|0|14|0|14|0|14|0|14|0|14|0|14|0|14|0|14|0|14|0|14|0|14|0|14|0|14|0|14|0|14|0|14|0|14|0|14|0|14|0|14|0|14|0|14|5|9|0|14|5|9|0|14|0|14|0|14|0|14|0|14|0|14|0|14
1600000US3723600|647|179|82|57|188|91|141|127|25|32|20|27|38|43|57|43|77|71|19|27|622|181|82|57|188|91|141|127|25|32|20|27|38|43|42|38|77|71|9|23|591|185|82|57|188|91|141|127|10|22|20|27|22|32|42|38|77|71|9|23|31|35|0|14|0|14|0|14|15|23|0|14|16|27|0|14|0|14|0|14|0|14|0|14|0|14|0|14|0|14|0|14|0|14|0|14|0|14|0|14|31|35|0|14|0|14|0|14|15|23|0|14|16|27|0|14|0|14|0|14|0|14|0|14|0|14|0|14|0|14|0|14|0|14|0|14|0|14|0|14|0|14|0|14|0|14|0|14|0|14|0|14|0|14|0|14|0|14|0|14|0|14|0|14|0|14|0|14|0|14|0|14|0|14|0|14|0|14|0|14|0|14|0|14|0|14|0|14|0|14|0|14|0|14|0|14|0|14|0|14|0|14|0|14|0|14|0|14|0|14|0|14|0|14|0|14|0|14|0|14|25|30|0|14|0|14|0|14|0|14|0|14|0|14|15|25|0|14|10|16
1600000US3723640|421|218|61|54|117|123|77|83|26|34|28|42|112|81|0|14|0|14|0|14|421|218|61|54|117|123|77|83|26|34|28|42|112|81|0|14|0|14|0|14|421|218|61|54|117|123|77|83|26|34|28|42|112|81|0|14|0|14|0|14|0|14|0|14|0|14|0|14|0|14|0|14|0|14|0|14|0|14|0|14|0|14|0|14|0|14|0|14|0|14|0|14|0|14|0|14|0|14|0|14|0|14|0|14|0|14|0|14|0|14|0|14|0|14|0|14|0|14|0|14|0|14|0|14|0|14|0|14|0|14|0|14|0|14|0|14|0|14|0|14|0|14|0|14|0|14|0|14|0|14|0|14|0|14|0|14|0|14|0|14|0|14|0|14|0|14|0|14|0|14|0|14|0|14|0|14|0|14|0|14|0|14|0|14|0|14|0|14|0|14|0|14|0|14|0|14|0|14|0|14|0|14|0|14|0|14|0|14|0|14|0|14|0|14|0|14|0|14|0|14|0|14|0|14|0|14|0|14|0|14|0|14|0|14|0|14|0|14|0|14
1600000US3723760|3661|452|619|222|585|272|335|136|657|189|179|98|745|360|100|96|18|31|423|358|3645|455|603|220|585|272|335|136|657|189|179|98|745|360|100|96|18|31|423|358|3249|414|543|199|528|268|306|134|612|193|160|92|559|202|100|96|18|31|423|358|396|232|60|74|57|67|29|34|45|62|19|34|186|209|0|19|0|19|0|19|365|234|60|74|44|61|11|18|45|62|19|34|186|209|0|19|0|19|0|19|31|39|0|19|13|24|18|30|0|19|0|19|0|19|0|19|0|19|0|19|0|19|0|19|0|19|0|19|0|19|0|19|0|19|0|19|0|19|0|19|0|19|0|19|0|19|0|19|0|19|0|19|0|19|0|19|0|19|0|19|0|19|0|19|0|19|0|19|0|19|0|19|0|19|0|19|0|19|0|19|0|19|0|19|0|19|0|19|0|19|0|19|0|19|0|19|0|19|0|19|16|25|16|25|0|19|0|19|0|19|0|19|0|19|0|19|0|19|0|19|0|19|0|19|0|19|0|19|0|19|0|19|0|19|0|19|0|19|0|19
1600000US3723980|0|14|0|14|0|14|0|14|0|14|0|14|0|14|0|14|0|14|0|14|0|14|0|14|0|14|0|14|0|14|0|14|0|14|0|14|0|14|0|14|0|14|0|14|0|14|0|14|0|14|0|14|0|14|0|14|0|14|0|14|0|14|0|14|0|14|0|14|0|14|0|14|0|14|0|14|0|14|0|14|0|14|0|14|0|14|0|14|0|14|0|14|0|14|0|14|0|14|0|14|0|14|0|14|0|14|0|14|0|14|0|14|0|14|0|14|0|14|0|14|0|14|0|14|0|14|0|14|0|14|0|14|0|14|0|14|0|14|0|14|0|14|0|14|0|14|0|14|0|14|0|14|0|14|0|14|0|14|0|14|0|14|0|14|0|14|0|14|0|14|0|14|0|14|0|14|0|14|0|14|0|14|0|14|0|14|0|14|0|14|0|14|0|14|0|14|0|14|0|14|0|14|0|14|0|14|0|14|0|14|0|14|0|14|0|14|0|14|0|14|0|14|0|14|0|14|0|14|0|14|0|14|0|14|0|14|0|14|0|14
1600000US3724080|2418|309|691|203|285|108|292|141|155|90|61|70|202|133|214|123|223|157|295|132|2330|335|691|203|277|109|273|137|155|90|61|70|141|91|214|123|223|157|295|132|2070|304|613|195|256|112|228|127|155|90|61|70|127|88|214|123|176|108|240|103|260|151|78|73|21|24|45|49|0|19|0|19|14|19|0|19|47|70|55|63|184|117|51|57|21|24|45|49|0|19|0|19|0|19|0|19|47|70|20|40|76|66|27|41|0|19|0|19|0|19|0|19|14|19|0|19|0|19|35|52|19|29|0|19|0|19|19|29|0|19|0|19|0|19|0|19|0|19|0|19|19|29|0|19|0|19|19|29|0|19|0|19|0|19|0|19|0|19|0|19|0|19|0|19|0|19|0|19|0|19|0|19|0|19|0|19|0|19|0|19|0|19|0|19|0|19|0|19|0|19|0|19|0|19|0|19|0|19|0|19|69|91|0|19|8|13|0|19|0|19|0|19|61|89|0|19|0|19|0|19|0|19|0|19|0|19|0|19|0|19|0|19|0|19|0|19|0|19|0|19
1600000US3724170|118|63|42|30|22|22|8|10|10|10|0|14|4|9|22|21|6|8|4|5|112|62|36|27|22|22|8|10|10|10|0|14|4|9|22|21|6|8|4|5|103|60|34|26|16|19|8|10|10|10|0|14|4|9|21|20|6|8|4|5|9|12|2|4|6|11|0|14|0|14|0|14|0|14|1|4|0|14|0|14|9|12|2|4|6|11|0|14|0|14|0|14|0|14|1|4|0|14|0|14|0|14|0|14|0|14|0|14|0|14|0|14|0|14|0|14|0|14|0|14|0|14|0|14|0|14|0|14|0|14|0|14|0|14|0|14|0|14|0|14|0|14|0|14|0|14|0|14|0|14|0|14|0|14|0|14|0|14|0|14|0|14|0|14|0|14|0|14|0|14|0|14|0|14|0|14|0|14|0|14|0|14|0|14|0|14|0|14|0|14|0|14|0|14|0|14|0|14|0|14|6|11|6|11|0|14|0|14|0|14|0|14|0|14|0|14|0|14|0|14|0|14|0|14|0|14|0|14|0|14|0|14|0|14|0|14|0|14|0|14
1600000US3724198|1398|514|133|144|62|82|283|312|294|139|114|102|373|237|139|158|0|14|0|14|1398|514|133|144|62|82|283|312|294|139|114|102|373|237|139|158|0|14|0|14|1165|390|36|38|62|82|283|312|243|125|114|102|373|237|54|80|0|14|0|14|233|209|97|140|0|14|0|14|51|64|0|14|0|14|85|136|0|14|0|14|233|209|97|140|0|14|0|14|51|64|0|14|0|14|85|136|0|14|0|14|0|14|0|14|0|14|0|14|0|14|0|14|0|14|0|14|0|14|0|14|0|14|0|14|0|14|0|14|0|14|0|14|0|14|0|14|0|14|0|14|0|14|0|14|0|14|0|14|0|14|0|14|0|14|0|14|0|14|0|14|0|14|0|14|0|14|0|14|0|14|0|14|0|14|0|14|0|14|0|14|0|14|0|14|0|14|0|14|0|14|0|14|0|14|0|14|0|14|0|14|0|14|0|14|0|14|0|14|0|14|0|14|0|14|0|14|0|14|0|14|0|14|0|14|0|14|0|14|0|14|0|14|0|14|0|14|0|14|0|14
1600000US3724380|474|205|30|34|38|45|121|91|116|105|0|14|154|119|0|14|0|14|15|19|474|205|30|34|38|45|121|91|116|105|0|14|154|119|0|14|0|14|15|19|474|205|30|34|38|45|121|91|116|105|0|14|154|119|0|14|0|14|15|19|0|14|0|14|0|14|0|14|0|14|0|14|0|14|0|14|0|14|0|14|0|14|0|14|0|14|0|14|0|14|0|14|0|14|0|14|0|14|0|14|0|14|0|14|0|14|0|14|0|14|0|14|0|14|0|14|0|14|0|14|0|14|0|14|0|14|0|14|0|14|0|14|0|14|0|14|0|14|0|14|0|14|0|14|0|14|0|14|0|14|0|14|0|14|0|14|0|14|0|14|0|14|0|14|0|14|0|14|0|14|0|14|0|14|0|14|0|14|0|14|0|14|0|14|0|14|0|14|0|14|0|14|0|14|0|14|0|14|0|14|0|14|0|14|0|14|0|14|0|14|0|14|0|14|0|14|0|14|0|14|0|14|0|14|0|14|0|14|0|14|0|14|0|14|0|14|0|14|0|14
1600000US3724440|111|61|40|38|11|17|16|19|10|12|9|10|14|13|0|14|11|17|0|14|111|61|40|38|11|17|16|19|10|12|9|10|14|13|0|14|11|17|0|14|83|49|23|25|2|5|14|19|10|12|9|10|14|13|0|14|11|17|0|14|28|33|17|28|9|15|2|3|0|14|0|14|0|14|0|14|0|14|0|14|9|15|0|14|9|15|0|14|0|14|0|14|0|14|0|14|0|14|0|14|19|29|17|28|0|14|2|3|0|14|0|14|0|14|0|14|0|14|0|14|0|14|0|14|0|14|0|14|0|14|0|14|0|14|0|14|0|14|0|14|0|14|0|14|0|14|0|14|0|14|0|14|0|14|0|14|0|14|0|14|0|14|0|14|0|14|0|14|0|14|0|14|0|14|0|14|0|14|0|14|0|14|0|14|0|14|0|14|0|14|0|14|0|14|0|14|0|14|0|14|0|14|0|14|0|14|0|14|0|14|0|14|0|14|0|14|0|14|0|14|0|14|0|14|0|14|0|14|0|14|0|14|0|14|0|14|0|14|0|14
1600000US3724520|1133|222|69|41|42|34|112|71|107|92|80|65|68|40|128|141|213|113|314|175|1113|223|69|41|37|32|112|71|101|90|71|65|68|40|128|141|213|113|314|175|931|183|69|41|37|32|112|71|96|89|43|52|56|40|30|29|213|113|275|173|182|152|0|14|0|14|0|14|5|9|28|40|12|14|98|140|0|14|39|43|167|151|0|14|0|14|0|14|5|9|28|40|6|9|98|140|0|14|30|42|15|16|0|14|0|14|0|14|0|14|0|14|6|10|0|14|0|14|9|10|0|14|0|14|0|14|0|14|0|14|0|14|0|14|0|14|0|14|0|14|0|14|0|14|0|14|0|14|0|14|0|14|0|14|0|14|0|14|0|14|0|14|0|14|0|14|0|14|0|14|0|14|0|14|0|14|0|14|0|14|0|14|0|14|0|14|0|14|0|14|0|14|0|14|0|14|0|14|0|14|0|14|0|14|0|14|0|14|0|14|0|14|0|14|0|14|0|14|0|14|20|23|0|14|5|9|0|14|6|10|9|18|0|14|0|14|0|14|0|14
1600000US3724570|697|121|43|23|62|34|167|76|125|51|120|106|37|22|15|15|24|27|104|48|683|118|33|21|62|34|163|75|125|51|120|106|37|22|15|15|24|27|104|48|665|121|33|21|57|34|163|75|125|51|115|106|37|22|15|15|24|27|96|48|18|15|0|14|5|8|0|14|0|14|5|8|0|14|0|14|0|14|8|11|18|15|0|14|5|8|0|14|0|14|5|8|0|14|0|14|0|14|8|11|0|14|0|14|0|14|0|14|0|14|0|14|0|14|0|14|0|14|0|14|0|14|0|14|0|14|0|14|0|14|0|14|0|14|0|14|0|14|0|14|0|14|0|14|0|14|0|14|0|14|0|14|0|14|0|14|0|14|0|14|0|14|0|14|0|14|0|14|0|14|0|14|0|14|0|14|0|14|0|14|0|14|0|14|0|14|0|14|0|14|0|14|0|14|0|14|0|14|0|14|10|11|10|11|0|14|0|14|0|14|0|14|0|14|0|14|0|14|0|14|4|8|0|14|0|14|4|8|0|14|0|14|0|14|0|14|0|14|0|14
1600000US3724640|1849|264|550|159|404|156|40|41|144|104|0|14|229|101|47|67|335|175|100|69|1834|268|550|159|404|156|40|41|144|104|0|14|214|107|47|67|335|175|100|69|1657|265|531|157|353|140|40|41|144|104|0|14|199|105|47|67|252|153|91|69|177|132|19|32|51|56|0|14|0|14|0|14|15|24|0|14|83|107|9|14|149|121|0|14|51|56|0|14|0|14|0|14|15|24|0|14|83|107|0|14|28|35|19|32|0|14|0|14|0|14|0|14|0|14|0|14|0|14|9|14|0|14|0|14|0|14|0|14|0|14|0|14|0|14|0|14|0|14|0|14|0|14|0|14|0|14|0|14|0|14|0|14|0|14|0|14|0|14|0|14|0|14|0|14|0|14|0|14|0|14|0|14|0|14|0|14|0|14|0|14|0|14|0|14|0|14|0|14|0|14|0|14|0|14|0|14|0|14|0|14|15|24|0|14|0|14|0|14|0|14|0|14|15|24|0|14|0|14|0|14|0|14|0|14|0|14|0|14|0|14|0|14|0|14|0|14|0|14|0|14
1600000US3724720|831|278|101|57|32|32|51|41|98|63|57|53|89|43|129|90|185|114|89|55|812|274|101|57|27|31|51|41|86|60|57|53|87|43|129|90|185|114|89|55|740|246|101|57|27|31|44|37|63|53|49|53|87|43|125|88|155|87|89|55|72|68|0|14|0|14|7|12|23|28|8|15|0|14|4|8|30|53|0|14|72|68|0|14|0|14|7|12|23|28|8|15|0|14|4|8|30|53|0|14|0|14|0|14|0|14|0|14|0|14|0|14|0|14|0|14|0|14|0|14|0|14|0|14|0|14|0|14|0|14|0|14|0|14|0|14|0|14|0|14|0|14|0|14|0|14|0|14|0|14|0|14|0|14|0|14|0|14|0|14|0|14|0|14|0|14|0|14|0|14|0|14|0|14|0|14|0|14|0|14|0|14|0|14|0|14|0|14|0|14|0|14|0|14|0|14|0|14|0|14|17|23|0|14|5|10|0|14|12|22|0|14|0|14|0|14|0|14|0|14|2|4|0|14|0|14|0|14|0|14|0|14|2|4|0|14|0|14|0|14
1600000US3724740|470|179|32|32|48|42|40|32|158|83|3|6|26|27|89|64|57|53|17|18|458|178|20|27|48|42|40|32|158|83|3|6|26|27|89|64|57|53|17|18|417|155|20|27|44|41|40|32|151|83|3|6|26|27|59|35|57|53|17|18|41|55|0|14|4|7|0|14|7|10|0|14|0|14|30|53|0|14|0|14|41|55|0|14|4|7|0|14|7|10|0|14|0|14|30|53|0|14|0|14|0|14|0|14|0|14|0|14|0|14|0|14|0|14|0|14|0|14|0|14|0|14|0|14|0|14|0|14|0|14|0|14|0|14|0|14|0|14|0|14|0|14|0|14|0|14|0|14|0|14|0|14|0|14|0|14|0|14|0|14|0|14|0|14|0|14|0|14|0|14|0|14|0|14|0|14|0|14|0|14|0|14|0|14|0|14|0|14|0|14|0|14|0|14|0|14|0|14|0|14|12|17|12|17|0|14|0|14|0|14|0|14|0|14|0|14|0|14|0|14|0|14|0|14|0|14|0|14|0|14|0|14|0|14|0|14|0|14|0|14
1600000US3724900|360|172|41|61|82|80|95|71|38|33|15|16|17|13|17|16|35|29|20|22|354|173|35|60|82|80|95|71|38|33|15|16|17|13|17|16|35|29|20|22|257|147|3|4|50|68|86|70|38|33|15|16|13|12|17|16|33|29|2|6|97|88|32|60|32|48|9|12|0|14|0|14|4|6|0|14|2|4|18|21|65|55|0|14|32|48|9|12|0|14|0|14|4|6|0|14|2|4|18|21|32|60|32|60|0|14|0|14|0|14|0|14|0|14|0|14|0|14|0|14|0|14|0|14|0|14|0|14|0|14|0|14|0|14|0|14|0|14|0|14|0|14|0|14|0|14|0|14|0|14|0|14|0|14|0|14|0|14|0|14|0|14|0|14|0|14|0|14|0|14|0|14|0|14|0|14|0|14|0|14|0|14|0|14|0|14|0|14|0|14|0|14|0|14|0|14|0|14|0|14|6|10|6|10|0|14|0|14|0|14|0|14|0|14|0|14|0|14|0|14|0|14|0|14|0|14|0|14|0|14|0|14|0|14|0|14|0|14|0|14
1600000US3725020|279|174|49|38|0|14|84|82|47|56|0|14|99|101|0|14|0|14|0|14|279|174|49|38|0|14|84|82|47|56|0|14|99|101|0|14|0|14|0|14|249|168|49|38|0|14|84|82|17|28|0|14|99|101|0|14|0|14|0|14|30|48|0|14|0|14|0|14|30|48|0|14|0|14|0|14|0|14|0|14|30|48|0|14|0|14|0|14|30|48|0|14|0|14|0|14|0|14|0|14|0|14|0|14|0|14|0|14|0|14|0|14|0|14|0|14|0|14|0|14|0|14|0|14|0|14|0|14|0|14|0|14|0|14|0|14|0|14|0|14|0|14|0|14|0|14|0|14|0|14|0|14|0|14|0|14|0|14|0|14|0|14|0|14|0|14|0|14|0|14|0|14|0|14|0|14|0|14|0|14|0|14|0|14|0|14|0|14|0|14|0|14|0|14|0|14|0|14|0|14|0|14|0|14|0|14|0|14|0|14|0|14|0|14|0|14|0|14|0|14|0|14|0|14|0|14|0|14|0|14|0|14|0|14|0|14|0|14|0|14
1600000US3725160|941|252|113|167|102|77|160|97|293|142|39|42|77|57|64|88|25|33|68|46|876|268|104|167|59|53|147|98|293|142|39|42|77|57|64|88|25|33|68|46|835|265|104|167|54|50|147|98|266|146|39|42|77|57|64|88|25|33|59|41|41|63|0|14|5|11|0|14|27|51|0|14|0|14|0|14|0|14|9|14|19|24|0|14|0|14|0|14|10|17|0|14|0|14|0|14|0|14|9|14|22|52|0|14|5|11|0|14|17|41|0|14|0|14|0|14|0|14|0|14|0|14|0|14|0|14|0|14|0|14|0|14|0|14|0|14|0|14|0|14|0|14|0|14|0|14|0|14|0|14|0|14|0|14|0|14|0|14|0|14|0|14|0|14|0|14|0|14|0|14|0|14|0|14|0|14|0|14|0|14|0|14|0|14|0|14|0|14|0|14|0|14|0|14|0|14|0|14|0|14|2|4|2|4|0|14|0|14|0|14|0|14|0|14|0|14|0|14|0|14|63|65|7|12|43|58|13|26|0|14|0|14|0|14|0|14|0|14|0|14
1600000US3725300|13211|1011|1235|373|1215|268|908|278|1062|383|889|264|2255|455|2054|521|2463|587|1130|270|12749|937|1052|383|1183|268|894|277|1062|383|889|264|2049|407|2054|521|2446|586|1120|268|11678|889|1001|384|1047|273|772|266|870|257|868|261|1985|417|1955|511|2277|552|903|238|1071|318|51|56|136|84|122|103|192|169|21|37|64|51|99|91|169|141|217|139|874|304|34|44|118|75|75|87|161|178|0|29|53|49|47|62|169|141|217|139|197|98|17|32|18|36|47|53|31|29|21|37|11|17|52|59|0|29|0|29|14|21|0|29|0|29|14|21|0|29|0|29|0|29|0|29|0|29|0|29|0|29|0|29|0|29|0|29|0|29|0|29|0|29|0|29|0|29|0|29|0|29|0|29|0|29|0|29|0|29|0|29|0|29|0|29|0|29|0|29|14|21|0|29|0|29|14|21|0|29|0|29|0|29|0|29|0|29|0|29|331|238|120|93|0|29|0|29|0|29|0|29|184|211|0|29|17|21|10|25|117|76|63|53|32|39|0|29|0|29|0|29|22|26|0|29|0|29|0|29
1600000US3725380|1696|322|124|166|166|126|447|225|108|106|195|139|151|98|139|128|92|82|274|208|1696|322|124|166|166|126|447|225|108|106|195|139|151|98|139|128|92|82|274|208|1016|393|94|144|166|126|225|143|108|106|98|112|36|51|49|59|71|75|169|178|680|379|30|54|0|14|222|179|0|14|97|112|115|116|90|111|21|35|105|155|477|353|30|54|0|14|105|120|0|14|97|112|29|57|90|111|21|35|105|155|203|169|0|14|0|14|117|127|0|14|0|14|86|103|0|14|0|14|0|14|0|14|0|14|0|14|0|14|0|14|0|14|0|14|0|14|0|14|0|14|0|14|0|14|0|14|0|14|0|14|0|14|0|14|0|14|0|14|0|14|0|14|0|14|0|14|0|14|0|14|0|14|0|14|0|14|0|14|0|14|0|14|0|14|0|14|0|14|0|14|0|14|0|14|0|14|0|14|0|14|0|14|0|14|0|14|0|14|0|14|0|14|0|14|0|14|0|14|0|14|0|14|0|14|0|14|0|14|0|14|0|14|0|14|0|14|0|14|0|14
1600000US3725460|312|147|41|30|26|31|71|78|14|11|19|15|103|99|0|14|0|14|38|35|309|147|38|30|26|31|71|78|14|11|19|15|103|99|0|14|0|14|38|35|290|142|36|31|26|31|60|75|8|9|19|15|103|99|0|14|0|14|38|35|19|22|2|4|0|14|11|16|6|9|0|14|0|14|0|14|0|14|0|14|13|16|0|14|0|14|11|16|2|3|0|14|0|14|0|14|0|14|0|14|6|9|2|4|0|14|0|14|4|8|0|14|0|14|0|14|0|14|0|14|0|14|0|14|0|14|0|14|0|14|0|14|0|14|0|14|0|14|0|14|0|14|0|14|0|14|0|14|0|14|0|14|0|14|0|14|0|14|0|14|0|14|0|14|0|14|0|14|0|14|0|14|0|14|0|14|0|14|0|14|0|14|0|14|0|14|0|14|0|14|0|14|0|14|0|14|0|14|0|14|3|5|3|5|0|14|0|14|0|14|0|14|0|14|0|14|0|14|0|14|0|14|0|14|0|14|0|14|0|14|0|14|0|14|0|14|0|14|0|14
1600000US3725480|12909|965|1664|366|1363|368|1355|348|1766|405|1270|403|2275|529|1106|282|1313|346|797|321|12518|977|1529|349|1315|362|1346|348|1674|391|1260|404|2269|529|1106|282|1222|310|797|321|11167|960|1392|314|1033|298|1161|311|1428|357|1211|377|2092|504|945|259|1205|304|700|307|1351|353|137|120|282|213|185|118|246|127|49|54|177|133|161|115|17|30|97|91|1043|297|121|119|119|100|185|118|246|127|14|25|83|87|161|115|17|30|97|91|308|232|16|27|163|200|0|29|0|29|35|51|94|100|0|29|0|29|0|29|14|16|0|29|0|29|0|29|8|13|0|29|6|12|0|29|0|29|0|29|14|16|0|29|0|29|0|29|8|13|0|29|6|12|0|29|0|29|0|29|0|29|0|29|0|29|0|29|0|29|0|29|0|29|0|29|0|29|0|29|0|29|0|29|0|29|0|29|0|29|0|29|0|29|0|29|0|29|0|29|116|97|94|91|22|34|0|29|0|29|0|29|0|29|0|29|0|29|0|29|261|261|41|49|26|32|9|17|84|125|10|18|0|29|0|29|91|126|0|29
1600000US3725540|279|104|84|71|61|61|50|43|0|14|0|14|48|52|20|31|0|14|16|17|272|105|77|72|61|61|50|43|0|14|0|14|48|52|20|31|0|14|16|17|259|101|64|71|61|61|50|43|0|14|0|14|48|52|20|31|0|14|16|17|13|18|13|18|0|14|0|14|0|14|0|14|0|14|0|14|0|14|0|14|13|18|13|18|0|14|0|14|0|14|0|14|0|14|0|14|0|14|0|14|0|14|0|14|0|14|0|14|0|14|0|14|0|14|0|14|0|14|0|14|0|14|0|14|0|14|0|14|0|14|0|14|0|14|0|14|0|14|0|14|0|14|0|14|0|14|0|14|0|14|0|14|0|14|0|14|0|14|0|14|0|14|0|14|0|14|0|14|0|14|0|14|0|14|0|14|0|14|0|14|0|14|0|14|0|14|0|14|0|14|0|14|0|14|0|14|0|14|0|14|0|14|0|14|0|14|0|14|0|14|0|14|0|14|0|14|0|14|0|14|7|12|7|12|0|14|0|14|0|14|0|14|0|14|0|14|0|14|0|14
1600000US3725560|271|93|27|19|66|49|54|46|61|47|40|32|2|3|3|8|6|8|12|12|252|89|16|13|58|36|54|46|61|47|40|32|2|3|3|8|6|8|12|12|196|77|9|11|58|36|38|35|35|29|40|32|0|14|3|8|6|8|7|10|56|47|7|9|0|14|16|29|26|40|0|14|2|3|0|14|0|14|5|6|21|29|2|4|0|14|16|29|1|2|0|14|2|3|0|14|0|14|0|14|35|42|5|8|0|14|0|14|25|40|0|14|0|14|0|14|0|14|5|6|0|14|0|14|0|14|0|14|0|14|0|14|0|14|0|14|0|14|0|14|0|14|0|14|0|14|0|14|0|14|0|14|0|14|0|14|0|14|0|14|0|14|0|14|0|14|0|14|0|14|0|14|0|14|0|14|0|14|0|14|0|14|0|14|0|14|0|14|0|14|0|14|0|14|0|14|0|14|0|14|11|12|11|12|0|14|0|14|0|14|0|14|0|14|0|14|0|14|0|14|8|32|0|14|8|32|0|14|0|14|0|14|0|14|0|14|0|14|0|14
1600000US3725580|34462|1152|3265|573|5350|652|5551|607|4386|502|1723|299|4491|684|3060|496|3910|594|2726|446|33603|1165|2979|580|5160|654|5512|605|4273|483|1697|298|4451|677|3034|499|3893|592|2604|424|30168|1172|2483|495|4497|612|4951|557|3702|428|1570|293|4108|649|2908|482|3548|573|2401|394|3435|640|496|231|663|268|561|215|571|218|127|76|343|152|126|106|345|146|203|134|2649|547|390|228|566|245|443|206|429|193|127|76|242|136|52|40|282|136|118|120|786|312|106|98|97|105|118|85|142|82|0|32|101|69|74|99|63|59|85|79|267|158|0|32|78|76|38|60|113|96|0|32|0|32|0|32|17|20|21|23|267|158|0|32|78|76|38|60|113|96|0|32|0|32|0|32|17|20|21|23|0|32|0|32|0|32|0|32|0|32|0|32|0|32|0|32|0|32|0|32|0|32|0|32|0|32|0|32|0|32|0|32|0|32|0|32|0|32|0|32|268|167|163|115|20|29|1|5|0|32|0|32|0|32|0|32|0|32|84|125|324|137|123|90|92|71|0|32|0|32|26|29|40|37|26|40|0|32|17|21
1600000US3725680|133|75|11|10|3|6|5|9|1|3|2|5|9|8|36|41|18|23|48|43|129|74|7|7|3|6|5|9|1|3|2|5|9|8|36|41|18|23|48|43|89|58|7|7|3|6|5|9|1|3|2|5|7|8|31|41|17|22|16|18|40|39|0|14|0|14|0|14|0|14|0|14|2|3|5|8|1|3|32|38|38|39|0|14|0|14|0|14|0|14|0|14|0|14|5|8|1|3|32|38|2|3|0|14|0|14|0|14|0|14|0|14|2|3|0|14|0|14|0|14|0|14|0|14|0|14|0|14|0|14|0|14|0|14|0|14|0|14|0|14|0|14|0|14|0|14|0|14|0|14|0|14|0|14|0|14|0|14|0|14|0|14|0|14|0|14|0|14|0|14|0|14|0|14|0|14|0|14|0|14|0|14|0|14|0|14|0|14|0|14|0|14|0|14|0|14|0|14|0|14|4|7|4|7|0|14|0|14|0|14|0|14|0|14|0|14|0|14|0|14|0|14|0|14|0|14|0|14|0|14|0|14|0|14|0|14|0|14|0|14
1600000US3725880|243|151|29|46|0|14|0|14|132|119|0|14|62|99|0|14|20|33|0|14|214|146|0|14|0|14|0|14|132|119|0|14|62|99|0|14|20|33|0|14|214|146|0|14|0|14|0|14|132|119|0|14|62|99|0|14|20|33|0|14|0|14|0|14|0|14|0|14|0|14|0|14|0|14|0|14|0|14|0|14|0|14|0|14|0|14|0|14|0|14|0|14|0|14|0|14|0|14|0|14|0|14|0|14|0|14|0|14|0|14|0|14|0|14|0|14|0|14|0|14|0|14|0|14|0|14|0|14|0|14|0|14|0|14|0|14|0|14|0|14|0|14|0|14|0|14|0|14|0|14|0|14|0|14|0|14|0|14|0|14|0|14|0|14|0|14|0|14|0|14|0|14|0|14|0|14|0|14|0|14|0|14|0|14|0|14|0|14|0|14|0|14|0|14|0|14|0|14|0|14|29|46|29|46|0|14|0|14|0|14|0|14|0|14|0|14|0|14|0|14|0|14|0|14|0|14|0|14|0|14|0|14|0|14|0|14|0|14|0|14
1600000US3725900|30|31|0|14|0|14|17|25|0|14|0|14|0|14|0|14|13|21|0|14|30|31|0|14|0|14|17|25|0|14|0|14|0|14|0|14|13|21|0|14|30|31|0|14|0|14|17|25|0|14|0|14|0|14|0|14|13|21|0|14|0|14|0|14|0|14|0|14|0|14|0|14|0|14|0|14|0|14|0|14|0|14|0|14|0|14|0|14|0|14|0|14|0|14|0|14|0|14|0|14|0|14|0|14|0|14|0|14|0|14|0|14|0|14|0|14|0|14|0|14|0|14|0|14|0|14|0|14|0|14|0|14|0|14|0|14|0|14|0|14|0|14|0|14|0|14|0|14|0|14|0|14|0|14|0|14|0|14|0|14|0|14|0|14|0|14|0|14|0|14|0|14|0|14|0|14|0|14|0|14|0|14|0|14|0|14|0|14|0|14|0|14|0|14|0|14|0|14|0|14|0|14|0|14|0|14|0|14|0|14|0|14|0|14|0|14|0|14|0|14|0|14|0|14|0|14|0|14|0|14|0|14|0|14|0|14|0|14|0|14
1600000US3725940|159|76|5|7|11|11|74|58|33|24|4|6|10|10|3|8|0|14|19|19|159|76|5|7|11|11|74|58|33|24|4|6|10|10|3|8|0|14|19|19|154|73|5|7|9|10|74|58|33|24|4|6|10|10|3|8|0|14|16|17|5|7|0|14|2|4|0|14|0|14|0|14|0|14|0|14|0|14|3|5|2|4|0|14|2|4|0|14|0|14|0|14|0|14|0|14|0|14|0|14|3|5|0|14|0|14|0|14|0|14|0|14|0|14|0|14|0|14|3|5|0|14|0|14|0|14|0|14|0|14|0|14|0|14|0|14|0|14|0|14|0|14|0|14|0|14|0|14|0|14|0|14|0|14|0|14|0|14|0|14|0|14|0|14|0|14|0|14|0|14|0|14|0|14|0|14|0|14|0|14|0|14|0|14|0|14|0|14|0|14|0|14|0|14|0|14|0|14|0|14|0|14|0|14|0|14|0|14|0|14|0|14|0|14|0|14|0|14|0|14|0|14|0|14|0|14|0|14|0|14|0|14|0|14|0|14|0|14|0|14
1600000US3725980|4137|427|310|189|573|236|753|336|518|189|437|205|424|200|472|286|320|250|330|145|4106|426|310|189|564|232|752|336|504|184|437|205|424|200|472|286|320|250|323|145|3569|455|263|172|503|215|720|337|492|187|371|199|424|200|456|285|60|63|280|134|537|266|47|49|61|98|32|58|12|18|66|65|0|19|16|28|260|234|43|66|417|222|47|49|61|98|32|58|12|18|32|37|0|19|16|28|217|226|0|19|120|142|0|19|0|19|0|19|0|19|34|52|0|19|0|19|43|64|43|66|0|19|0|19|0|19|0|19|0|19|0|19|0|19|0|19|0|19|0|19|0|19|0|19|0|19|0|19|0|19|0|19|0|19|0|19|0|19|0|19|0|19|0|19|0|19|0|19|0|19|0|19|0|19|0|19|0|19|0|19|0|19|0|19|0|19|0|19|0|19|0|19|0|19|0|19|0|19|0|19|14|30|0|19|0|19|0|19|14|30|0|19|0|19|0|19|0|19|0|19|17|22|0|19|9|18|1|3|0|19|0|19|0|19|0|19|0|19|7|11
1600000US3726200|947|204|116|55|150|66|166|71|141|66|94|65|71|41|57|38|51|42|101|94|938|205|111|56|150|66|164|70|141|66|94|65|69|41|57|38|51|42|101|94|881|204|109|55|143|66|147|67|116|61|94|65|63|40|57|38|51|42|101|94|57|32|2|3|7|9|17|19|25|19|0|14|6|10|0|14|0|14|0|14|46|27|1|2|4|6|13|17|22|19|0|14|6|10|0|14|0|14|0|14|11|13|1|2|3|5|4|6|3|6|0|14|0|14|0|14|0|14|0|14|2|5|0|14|0|14|0|14|0|14|0|14|2|5|0|14|0|14|0|14|2|5|0|14|0|14|0|14|0|14|0|14|2|5|0|14|0|14|0|14|0|14|0|14|0|14|0|14|0|14|0|14|0|14|0|14|0|14|0|14|0|14|0|14|0|14|0|14|0|14|0|14|0|14|0|14|0|14|0|14|0|14|0|14|0|14|0|14|0|14|0|14|0|14|0|14|0|14|0|14|7|12|5|10|0|14|2|7|0|14|0|14|0|14|0|14|0|14|0|14
1600000US3726460|1504|387|175|88|181|113|349|171|192|137|46|55|262|139|59|49|175|109|65|74|1499|388|170|87|181|113|349|171|192|137|46|55|262|139|59|49|175|109|65|74|1321|381|114|60|145|107|349|171|172|133|46|55|253|138|46|53|175|109|21|25|178|116|56|67|36|39|0|14|20|30|0|14|9|13|13|17|0|14|44|68|99|72|32|50|25|32|0|14|20|30|0|14|9|13|13|17|0|14|0|14|79|95|24|45|11|21|0|14|0|14|0|14|0|14|0|14|0|14|44|68|0|14|0|14|0|14|0|14|0|14|0|14|0|14|0|14|0|14|0|14|0|14|0|14|0|14|0|14|0|14|0|14|0|14|0|14|0|14|0|14|0|14|0|14|0|14|0|14|0|14|0|14|0|14|0|14|0|14|0|14|0|14|0|14|0|14|0|14|0|14|0|14|0|14|0|14|0|14|0|14|5|11|5|11|0|14|0|14|0|14|0|14|0|14|0|14|0|14|0|14|0|14|0|14|0|14|0|14|0|14|0|14|0|14|0|14|0|14|0|14
1600000US3726520|11|20|0|14|0|14|0|14|0|14|0|14|11|20|0|14|0|14|0|14|11|20|0|14|0|14|0|14|0|14|0|14|11|20|0|14|0|14|0|14|11|20|0|14|0|14|0|14|0|14|0|14|11|20|0|14|0|14|0|14|0|14|0|14|0|14|0|14|0|14|0|14|0|14|0|14|0|14|0|14|0|14|0|14|0|14|0|14|0|14|0|14|0|14|0|14|0|14|0|14|0|14|0|14|0|14|0|14|0|14|0|14|0|14|0|14|0|14|0|14|0|14|0|14|0|14|0|14|0|14|0|14|0|14|0|14|0|14|0|14|0|14|0|14|0|14|0|14|0|14|0|14|0|14|0|14|0|14|0|14|0|14|0|14|0|14|0|14|0|14|0|14|0|14|0|14|0|14|0|14|0|14|0|14|0|14|0|14|0|14|0|14|0|14|0|14|0|14|0|14|0|14|0|14|0|14|0|14|0|14|0|14|0|14|0|14|0|14|0|14|0|14|0|14|0|14|0|14|0|14|0|14|0|14|0|14|0|14|0|14
1600000US3726560|137|139|18|29|67|73|25|46|0|14|0|14|0|14|27|43|0|14|0|14|137|139|18|29|67|73|25|46|0|14|0|14|0|14|27|43|0|14|0|14|137|139|18|29|67|73|25|46|0|14|0|14|0|14|27|43|0|14|0|14|0|14|0|14|0|14|0|14|0|14|0|14|0|14|0|14|0|14|0|14|0|14|0|14|0|14|0|14|0|14|0|14|0|14|0|14|0|14|0|14|0|14|0|14|0|14|0|14|0|14|0|14|0|14|0|14|0|14|0|14|0|14|0|14|0|14|0|14|0|14|0|14|0|14|0|14|0|14|0|14|0|14|0|14|0|14|0|14|0|14|0|14|0|14|0|14|0|14|0|14|0|14|0|14|0|14|0|14|0|14|0|14|0|14|0|14|0|14|0|14|0|14|0|14|0|14|0|14|0|14|0|14|0|14|0|14|0|14|0|14|0|14|0|14|0|14|0|14|0|14|0|14|0|14|0|14|0|14|0|14|0|14|0|14|0|14|0|14|0|14|0|14|0|14|0|14|0|14|0|14
1600000US3726680|106|53|0|14|0|14|10|16|25|27|16|24|18|19|10|17|1|5|26|38|93|47|0|14|0|14|10|16|12|19|16|24|18|19|10|17|1|5|26|38|87|44|0|14|0|14|10|16|12|19|16|24|13|21|10|17|0|14|26|38|6|8|0|14|0|14|0|14|0|14|0|14|5|7|0|14|1|5|0|14|6|8|0|14|0|14|0|14|0|14|0|14|5|7|0|14|1|5|0|14|0|14|0|14|0|14|0|14|0|14|0|14|0|14|0|14|0|14|0|14|0|14|0|14|0|14|0|14|0|14|0|14|0|14|0|14|0|14|0|14|0|14|0|14|0|14|0|14|0|14|0|14|0|14|0|14|0|14|0|14|0|14|0|14|0|14|0|14|0|14|0|14|0|14|0|14|0|14|0|14|0|14|0|14|0|14|0|14|0|14|0|14|0|14|0|14|0|14|0|14|0|14|0|14|0|14|0|14|0|14|0|14|0|14|0|14|0|14|0|14|13|20|0|14|0|14|0|14|13|20|0|14|0|14|0|14|0|14|0|14
1600000US3726740|98|50|0|14|21|14|11|14|23|21|16|15|12|16|9|11|0|14|6|11|98|50|0|14|21|14|11|14|23|21|16|15|12|16|9|11|0|14|6|11|79|45|0|14|7|8|6|11|23|21|16|15|12|16|9|11|0|14|6|11|19|14|0|14|14|11|5|9|0|14|0|14|0|14|0|14|0|14|0|14|19|14|0|14|14|11|5|9|0|14|0|14|0|14|0|14|0|14|0|14|0|14|0|14|0|14|0|14|0|14|0|14|0|14|0|14|0|14|0|14|0|14|0|14|0|14|0|14|0|14|0|14|0|14|0|14|0|14|0|14|0|14|0|14|0|14|0|14|0|14|0|14|0|14|0|14|0|14|0|14|0|14|0|14|0|14|0|14|0|14|0|14|0|14|0|14|0|14|0|14|0|14|0|14|0|14|0|14|0|14|0|14|0|14|0|14|0|14|0|14|0|14|0|14|0|14|0|14|0|14|0|14|0|14|0|14|0|14|0|14|0|14|0|14|0|14|0|14|0|14|0|14|0|14|0|14|0|14|0|14
1600000US3726800|365|276|0|14|0|14|46|73|0|14|157|142|140|137|22|34|0|14|0|14|365|276|0|14|0|14|46|73|0|14|157|142|140|137|22|34|0|14|0|14|365|276|0|14|0|14|46|73|0|14|157|142|140|137|22|34|0|14|0|14|0|14|0|14|0|14|0|14|0|14|0|14|0|14|0|14|0|14|0|14|0|14|0|14|0|14|0|14|0|14|0|14|0|14|0|14|0|14|0|14|0|14|0|14|0|14|0|14|0|14|0|14|0|14|0|14|0|14|0|14|0|14|0|14|0|14|0|14|0|14|0|14|0|14|0|14|0|14|0|14|0|14|0|14|0|14|0|14|0|14|0|14|0|14|0|14|0|14|0|14|0|14|0|14|0|14|0|14|0|14|0|14|0|14|0|14|0|14|0|14|0|14|0|14|0|14|0|14|0|14|0|14|0|14|0|14|0|14|0|14|0|14|0|14|0|14|0|14|0|14|0|14|0|14|0|14|0|14|0|14|0|14|0|14|0|14|0|14|0|14|0|14|0|14|0|14|0|14|0|14
1600000US3726880|13682|739|4338|511|3224|514|1975|466|872|320|607|219|939|350|397|199|756|243|574|195|13083|734|4149|509|3153|523|1762|443|850|311|603|220|939|350|397|199|755|242|475|188|11498|812|3640|466|2682|412|1642|438|762|297|579|212|670|222|369|194|709|226|445|186|1585|447|509|205|471|325|120|79|88|76|24|29|269|279|28|23|46|57|30|37|1353|447|439|203|452|327|44|35|88|76|24|29|243|276|28|23|35|54|0|29|232|103|70|46|19|34|76|76|0|29|0|29|26|46|0|29|11|19|30|37|142|88|3|6|48|53|46|44|0|29|0|29|0|29|0|29|1|2|44|56|142|88|3|6|48|53|46|44|0|29|0|29|0|29|0|29|1|2|44|56|0|29|0|29|0|29|0|29|0|29|0|29|0|29|0|29|0|29|0|29|0|29|0|29|0|29|0|29|0|29|0|29|0|29|0|29|0|29|0|29|204|101|116|89|18|24|22|37|22|34|4|6|0|29|0|29|0|29|22|37|253|121|70|66|5|7|145|104|0|29|0|29|0|29|0|29|0|29|33|32
1600000US3726920|218|229|20|19|0|14|22|21|14|13|10|12|94|140|5|8|47|82|6|9|112|96|6|6|0|14|22|21|14|13|10|12|2|4|5|8|47|82|6|9|108|96|4|5|0|14|22|21|14|13|8|11|2|4|5|8|47|82|6|9|4|5|2|3|0|14|0|14|0|14|2|3|0|14|0|14|0|14|0|14|0|14|0|14|0|14|0|14|0|14|0|14|0|14|0|14|0|14|0|14|4|5|2|3|0|14|0|14|0|14|2|3|0|14|0|14|0|14|0|14|0|14|0|14|0|14|0|14|0|14|0|14|0|14|0|14|0|14|0|14|0|14|0|14|0|14|0|14|0|14|0|14|0|14|0|14|0|14|0|14|0|14|0|14|0|14|0|14|0|14|0|14|0|14|0|14|0|14|0|14|0|14|0|14|0|14|0|14|0|14|0|14|0|14|0|14|0|14|0|14|14|18|14|18|0|14|0|14|0|14|0|14|0|14|0|14|0|14|0|14|92|140|0|14|0|14|0|14|0|14|0|14|92|140|0|14|0|14|0|14
1600000US3727120|451|163|90|102|27|43|41|23|36|43|30|49|84|78|143|103|0|14|0|14|451|163|90|102|27|43|41|23|36|43|30|49|84|78|143|103|0|14|0|14|379|128|90|102|27|43|41|23|36|43|30|49|44|52|111|73|0|14|0|14|72|70|0|14|0|14|0|14|0|14|0|14|40|55|32|50|0|14|0|14|72|70|0|14|0|14|0|14|0|14|0|14|40|55|32|50|0|14|0|14|0|14|0|14|0|14|0|14|0|14|0|14|0|14|0|14|0|14|0|14|0|14|0|14|0|14|0|14|0|14|0|14|0|14|0|14|0|14|0|14|0|14|0|14|0|14|0|14|0|14|0|14|0|14|0|14|0|14|0|14|0|14|0|14|0|14|0|14|0|14|0|14|0|14|0|14|0|14|0|14|0|14|0|14|0|14|0|14|0|14|0|14|0|14|0|14|0|14|0|14|0|14|0|14|0|14|0|14|0|14|0|14|0|14|0|14|0|14|0|14|0|14|0|14|0|14|0|14|0|14|0|14|0|14|0|14|0|14|0|14
1600000US3727180|274|125|21|34|0|14|28|51|25|38|43|48|20|35|117|92|0|14|20|32|274|125|21|34|0|14|28|51|25|38|43|48|20|35|117|92|0|14|20|32|209|124|21|34|0|14|28|51|25|38|0|14|20|35|95|94|0|14|20|32|65|74|0|14|0|14|0|14|0|14|43|48|0|14|22|32|0|14|0|14|65|74|0|14|0|14|0|14|0|14|43|48|0|14|22|32|0|14|0|14|0|14|0|14|0|14|0|14|0|14|0|14|0|14|0|14|0|14|0|14|0|14|0|14|0|14|0|14|0|14|0|14|0|14|0|14|0|14|0|14|0|14|0|14|0|14|0|14|0|14|0|14|0|14|0|14|0|14|0|14|0|14|0|14|0|14|0|14|0|14|0|14|0|14|0|14|0|14|0|14|0|14|0|14|0|14|0|14|0|14|0|14|0|14|0|14|0|14|0|14|0|14|0|14|0|14|0|14|0|14|0|14|0|14|0|14|0|14|0|14|0|14|0|14|0|14|0|14|0|14|0|14|0|14|0|14|0|14|0|14
1600000US3727182|671|238|44|54|170|164|275|144|93|109|54|67|22|34|0|14|0|14|13|22|627|238|0|14|170|164|275|144|93|109|54|67|22|34|0|14|0|14|13|22|627|238|0|14|170|164|275|144|93|109|54|67|22|34|0|14|0|14|13|22|0|14|0|14|0|14|0|14|0|14|0|14|0|14|0|14|0|14|0|14|0|14|0|14|0|14|0|14|0|14|0|14|0|14|0|14|0|14|0|14|0|14|0|14|0|14|0|14|0|14|0|14|0|14|0|14|0|14|0|14|0|14|0|14|0|14|0|14|0|14|0|14|0|14|0|14|0|14|0|14|0|14|0|14|0|14|0|14|0|14|0|14|0|14|0|14|0|14|0|14|0|14|0|14|0|14|0|14|0|14|0|14|0|14|0|14|0|14|0|14|0|14|0|14|0|14|0|14|0|14|0|14|0|14|0|14|0|14|0|14|44|54|44|54|0|14|0|14|0|14|0|14|0|14|0|14|0|14|0|14|0|14|0|14|0|14|0|14|0|14|0|14|0|14|0|14|0|14|0|14
1600000US3727280|7533|518|1221|359|826|245|861|258|797|268|492|216|1104|259|889|295|968|293|375|189|7326|482|1105|337|826|245|828|255|774|266|457|194|1104|259|889|295|968|293|375|189|6729|521|942|279|793|238|770|265|705|251|402|168|985|260|833|288|924|287|375|189|597|275|163|167|33|54|58|63|69|66|55|83|119|118|56|60|44|52|0|21|578|271|163|167|33|54|58|63|50|58|55|83|119|118|56|60|44|52|0|21|19|32|0|21|0|21|0|21|19|32|0|21|0|21|0|21|0|21|0|21|0|21|0|21|0|21|0|21|0|21|0|21|0|21|0|21|0|21|0|21|0|21|0|21|0|21|0|21|0|21|0|21|0|21|0|21|0|21|0|21|0|21|0|21|0|21|0|21|0|21|0|21|0|21|0|21|0|21|0|21|0|21|0|21|0|21|0|21|0|21|0|21|0|21|0|21|0|21|0|21|58|62|0|21|0|21|0|21|23|29|35|52|0|21|0|21|0|21|0|21|149|149|116|139|0|21|33|44|0|21|0|21|0|21|0|21|0|21|0|21
1600000US3727300|0|14|0|14|0|14|0|14|0|14|0|14|0|14|0|14|0|14|0|14|0|14|0|14|0|14|0|14|0|14|0|14|0|14|0|14|0|14|0|14|0|14|0|14|0|14|0|14|0|14|0|14|0|14|0|14|0|14|0|14|0|14|0|14|0|14|0|14|0|14|0|14|0|14|0|14|0|14|0|14|0|14|0|14|0|14|0|14|0|14|0|14|0|14|0|14|0|14|0|14|0|14|0|14|0|14|0|14|0|14|0|14|0|14|0|14|0|14|0|14|0|14|0|14|0|14|0|14|0|14|0|14|0|14|0|14|0|14|0|14|0|14|0|14|0|14|0|14|0|14|0|14|0|14|0|14|0|14|0|14|0|14|0|14|0|14|0|14|0|14|0|14|0|14|0|14|0|14|0|14|0|14|0|14|0|14|0|14|0|14|0|14|0|14|0|14|0|14|0|14|0|14|0|14|0|14|0|14|0|14|0|14|0|14|0|14|0|14|0|14|0|14|0|14|0|14|0|14|0|14|0|14|0|14|0|14|0|14|0|14
1600000US3727324|0|14|0|14|0|14|0|14|0|14|0|14|0|14|0|14|0|14|0|14|0|14|0|14|0|14|0|14|0|14|0|14|0|14|0|14|0|14|0|14|0|14|0|14|0|14|0|14|0|14|0|14|0|14|0|14|0|14|0|14|0|14|0|14|0|14|0|14|0|14|0|14|0|14|0|14|0|14|0|14|0|14|0|14|0|14|0|14|0|14|0|14|0|14|0|14|0|14|0|14|0|14|0|14|0|14|0|14|0|14|0|14|0|14|0|14|0|14|0|14|0|14|0|14|0|14|0|14|0|14|0|14|0|14|0|14|0|14|0|14|0|14|0|14|0|14|0|14|0|14|0|14|0|14|0|14|0|14|0|14|0|14|0|14|0|14|0|14|0|14|0|14|0|14|0|14|0|14|0|14|0|14|0|14|0|14|0|14|0|14|0|14|0|14|0|14|0|14|0|14|0|14|0|14|0|14|0|14|0|14|0|14|0|14|0|14|0|14|0|14|0|14|0|14|0|14|0|14|0|14|0|14|0|14|0|14|0|14|0|14
1600000US3727400|1076|243|183|117|161|76|130|71|76|55|82|64|211|98|88|54|56|54|89|61|1060|242|183|117|145|75|130|71|76|55|82|64|211|98|88|54|56|54|89|61|993|253|159|125|145|75|87|55|76|55|82|64|211|98|88|54|56|54|89|61|67|61|24|28|0|14|43|54|0|14|0|14|0|14|0|14|0|14|0|14|65|61|22|28|0|14|43|54|0|14|0|14|0|14|0|14|0|14|0|14|2|4|2|4|0|14|0|14|0|14|0|14|0|14|0|14|0|14|0|14|0|14|0|14|0|14|0|14|0|14|0|14|0|14|0|14|0|14|0|14|0|14|0|14|0|14|0|14|0|14|0|14|0|14|0|14|0|14|0|14|0|14|0|14|0|14|0|14|0|14|0|14|0|14|0|14|0|14|0|14|0|14|0|14|0|14|0|14|0|14|0|14|0|14|0|14|0|14|0|14|16|23|0|14|16|23|0|14|0|14|0|14|0|14|0|14|0|14|0|14|0|14|0|14|0|14|0|14|0|14|0|14|0|14|0|14|0|14|0|14
1600000US3727420|1948|265|395|148|203|85|189|95|413|192|309|117|91|58|121|80|95|48|132|70|1927|261|390|148|203|85|189|95|413|192|309|117|75|52|121|80|95|48|132|70|1841|261|380|145|188|85|180|94|413|192|276|114|71|51|114|80|91|46|128|70|86|65|10|11|15|19|9|16|0|14|33|56|4|6|7|11|4|10|4|7|86|65|10|11|15|19|9|16|0|14|33|56|4|6|7|11|4|10|4|7|0|14|0|14|0|14|0|14|0|14|0|14|0|14|0|14|0|14|0|14|0|14|0|14|0|14|0|14|0|14|0|14|0|14|0|14|0|14|0|14|0|14|0|14|0|14|0|14|0|14|0|14|0|14|0|14|0|14|0|14|0|14|0|14|0|14|0|14|0|14|0|14|0|14|0|14|0|14|0|14|0|14|0|14|0|14|0|14|0|14|0|14|0|14|0|14|0|14|0|14|21|28|5|8|0|14|0|14|0|14|0|14|16|26|0|14|0|14|0|14|0|14|0|14|0|14|0|14|0|14|0|14|0|14|0|14|0|14|0|14
1600000US3727440|1404|228|195|152|86|47|239|104|59|58|82|81|264|158|106|100|186|124|187|137|1399|228|195|152|84|47|239|104|56|57|82|81|264|158|106|100|186|124|187|137|1279|224|195|152|84|47|190|91|31|29|82|81|250|156|106|100|154|115|187|137|120|89|0|14|0|14|49|51|25|41|0|14|14|21|0|14|32|47|0|14|120|89|0|14|0|14|49|51|25|41|0|14|14|21|0|14|32|47|0|14|0|14|0|14|0|14|0|14|0|14|0|14|0|14|0|14|0|14|0|14|3|6|0|14|0|14|0|14|3|6|0|14|0|14|0|14|0|14|0|14|3|6|0|14|0|14|0|14|3|6|0|14|0|14|0|14|0|14|0|14|0|14|0|14|0|14|0|14|0|14|0|14|0|14|0|14|0|14|0|14|0|14|0|14|0|14|0|14|0|14|0|14|0|14|0|14|0|14|0|14|0|14|0|14|0|14|0|14|0|14|0|14|0|14|0|14|0|14|0|14|2|6|0|14|2|6|0|14|0|14|0|14|0|14|0|14|0|14|0|14
1600000US3727520|231|71|21|17|63|37|22|22|30|24|13|10|23|16|16|21|0|14|43|33|230|70|21|17|63|37|21|21|30|24|13|10|23|16|16|21|0|14|43|33|214|65|18|17|60|36|21|21|21|17|13|10|22|16|16|21|0|14|43|33|16|22|3|5|3|5|0|14|9|17|0|14|1|3|0|14|0|14|0|14|16|22|3|5|3|5|0|14|9|17|0|14|1|3|0|14|0|14|0|14|0|14|0|14|0|14|0|14|0|14|0|14|0|14|0|14|0|14|0|14|0|14|0|14|0|14|0|14|0|14|0|14|0|14|0|14|0|14|0|14|0|14|0|14|0|14|0|14|0|14|0|14|0|14|0|14|0|14|0|14|0|14|0|14|0|14|0|14|0|14|0|14|0|14|0|14|0|14|0|14|0|14|0|14|0|14|0|14|0|14|0|14|0|14|0|14|0|14|0|14|1|3|0|14|0|14|1|3|0|14|0|14|0|14|0|14|0|14|0|14|0|14|0|14|0|14|0|14|0|14|0|14|0|14|0|14|0|14|0|14
1600000US3727780|178|85|57|56|17|20|24|25|23|17|0|14|14|16|2|3|26|28|15|16|171|82|50|53|17|20|24|25|23|17|0|14|14|16|2|3|26|28|15|16|132|74|49|53|13|19|17|24|20|16|0|14|4|6|2|3|12|14|15|16|39|30|1|4|4|6|7|10|3|6|0|14|10|15|0|14|14|24|0|14|19|17|1|4|0|14|7|10|3|6|0|14|8|13|0|14|0|14|0|14|20|24|0|14|4|6|0|14|0|14|0|14|2|4|0|14|14|24|0|14|0|14|0|14|0|14|0|14|0|14|0|14|0|14|0|14|0|14|0|14|0|14|0|14|0|14|0|14|0|14|0|14|0|14|0|14|0|14|0|14|0|14|0|14|0|14|0|14|0|14|0|14|0|14|0|14|0|14|0|14|0|14|0|14|0|14|0|14|0|14|0|14|0|14|0|14|0|14|0|14|7|13|7|13|0|14|0|14|0|14|0|14|0|14|0|14|0|14|0|14|0|14|0|14|0|14|0|14|0|14|0|14|0|14|0|14|0|14|0|14
1600000US3727870|1143|176|54|43|78|66|78|55|200|107|95|55|273|126|113|52|151|68|101|79|1143|176|54|43|78|66|78|55|200|107|95|55|273|126|113|52|151|68|101|79|943|159|41|35|65|56|64|52|179|106|95|55|182|95|113|52|146|67|58|51|200|110|13|16|13|15|14|18|21|22|0|14|91|101|0|14|5|9|43|44|162|110|9|15|0|14|11|16|17|21|0|14|91|101|0|14|0|14|34|36|38|25|4|7|13|15|3|6|4|6|0|14|0|14|0|14|5|9|9|14|0|14|0|14|0|14|0|14|0|14|0|14|0|14|0|14|0|14|0|14|0|14|0|14|0|14|0|14|0|14|0|14|0|14|0|14|0|14|0|14|0|14|0|14|0|14|0|14|0|14|0|14|0|14|0|14|0|14|0|14|0|14|0|14|0|14|0|14|0|14|0|14|0|14|0|14|0|14|0|14|0|14|0|14|0|14|0|14|0|14|0|14|0|14|0|14|0|14|0|14|0|14|0|14|0|14|0|14|0|14|0|14|0|14|0|14|0|14|0|14
1600000US3728000|126807|2401|16807|1307|24026|1474|28195|1684|21583|1502|7710|785|12969|1236|5083|651|3898|944|6536|895|118735|2351|14521|1175|21994|1530|27229|1665|20643|1447|7688|786|12368|1247|4964|624|3592|914|5736|853|106051|2406|13167|1076|19264|1513|25142|1608|18646|1389|7072|755|10199|1193|4437|573|3030|814|5094|839|12684|1212|1354|455|2730|546|2087|402|1997|420|616|262|2169|528|527|240|562|262|642|218|9374|1123|861|342|2061|463|1607|350|1434|397|561|248|1618|514|477|225|430|241|325|134|3310|579|493|197|669|271|480|211|563|183|55|55|551|236|50|46|132|99|317|162|2621|623|202|151|295|124|370|321|345|224|4|4|459|228|45|43|218|123|683|201|2604|620|202|151|295|124|370|321|345|224|4|4|442|232|45|43|218|123|683|201|17|40|0|32|0|32|0|32|0|32|0|32|17|40|0|32|0|32|0|32|0|32|0|32|0|32|0|32|0|32|0|32|0|32|0|32|0|32|0|32|3292|618|1631|518|905|304|307|118|248|137|0|32|32|24|60|100|79|89|30|44|2159|441|453|187|832|258|289|143|347|197|18|28|110|78|14|14|9|19|87|53
1600000US3728080|38675|1500|8417|751|10090|972|8718|939|3734|516|526|169|2542|575|1618|386|1509|424|1521|359|36311|1587|7444|833|9476|967|8448|946|3540|514|502|168|2475|569|1595|379|1347|374|1484|354|32536|1409|6655|767|8492|899|7641|944|2969|433|438|157|2095|476|1553|376|1333|373|1360|324|3775|674|789|349|984|285|807|341|571|253|64|67|380|220|42|39|14|17|124|97|3161|653|733|346|818|263|663|320|446|222|15|26|320|202|42|39|14|17|110|94|614|216|56|73|166|110|144|85|125|96|49|63|60|74|0|32|0|32|14|23|431|212|18|30|43|41|27|32|83|102|0|32|61|58|0|32|162|148|37|38|310|162|18|30|43|41|27|32|83|102|0|32|61|58|0|32|41|70|37|38|121|135|0|32|0|32|0|32|0|32|0|32|0|32|0|32|121|135|0|32|0|32|0|32|0|32|0|32|0|32|0|32|0|32|0|32|0|32|0|32|1332|450|705|319|349|248|157|114|98|94|0|32|0|32|23|26|0|32|0|32|601|318|250|255|222|163|86|53|13|14|24|33|6|27|0|32|0|32|0|32
1600000US3728200|1026|336|46|66|206|160|168|89|143|68|66|41|254|211|36|32|62|69|45|36|998|332|46|66|192|162|154|87|143|68|66|41|254|211|36|32|62|69|45|36|844|290|46|66|70|59|137|82|134|64|66|41|248|209|36|32|62|69|45|36|154|153|0|14|122|152|17|29|9|18|0|14|6|11|0|14|0|14|0|14|154|153|0|14|122|152|17|29|9|18|0|14|6|11|0|14|0|14|0|14|0|14|0|14|0|14|0|14|0|14|0|14|0|14|0|14|0|14|0|14|0|14|0|14|0|14|0|14|0|14|0|14|0|14|0|14|0|14|0|14|0|14|0|14|0|14|0|14|0|14|0|14|0|14|0|14|0|14|0|14|0|14|0|14|0|14|0|14|0|14|0|14|0|14|0|14|0|14|0|14|0|14|0|14|0|14|0|14|0|14|0|14|0|14|0|14|0|14|0|14|25|28|0|14|14|22|11|16|0|14|0|14|0|14|0|14|0|14|0|14|3|7|0|14|0|14|3|7|0|14|0|14|0|14|0|14|0|14|0|14
1600000US3728240|143|54|9|15|13|15|37|23|28|23|6|9|12|8|0|14|19|19|19|23|143|54|9|15|13|15|37|23|28|23|6|9|12|8|0|14|19|19|19|23|128|53|9|15|13|15|33|23|28|23|6|9|12|8|0|14|19|19|8|15|15|21|0|14|0|14|4|8|0|14|0|14|0|14|0|14|0|14|11|19|15|21|0|14|0|14|4|8|0|14|0|14|0|14|0|14|0|14|11|19|0|14|0|14|0|14|0|14|0|14|0|14|0|14|0|14|0|14|0|14|0|14|0|14|0|14|0|14|0|14|0|14|0|14|0|14|0|14|0|14|0|14|0|14|0|14|0|14|0|14|0|14|0|14|0|14|0|14|0|14|0|14|0|14|0|14|0|14|0|14|0|14|0|14|0|14|0|14|0|14|0|14|0|14|0|14|0|14|0|14|0|14|0|14|0|14|0|14|0|14|0|14|0|14|0|14|0|14|0|14|0|14|0|14|0|14|0|14|0|14|0|14|0|14|0|14|0|14|0|14|0|14|0|14|0|14|0|14|0|14
1600000US3728400|224|155|18|21|37|63|23|18|36|46|28|34|12|15|8|11|33|29|29|46|221|156|15|21|37|63|23|18|36|46|28|34|12|15|8|11|33|29|29|46|217|153|15|21|37|63|23|18|32|44|28|34|12|15|8|11|33|29|29|46|4|8|0|14|0|14|0|14|4|8|0|14|0|14|0|14|0|14|0|14|0|14|0|14|0|14|0|14|0|14|0|14|0|14|0|14|0|14|0|14|4|8|0|14|0|14|0|14|4|8|0|14|0|14|0|14|0|14|0|14|0|14|0|14|0|14|0|14|0|14|0|14|0|14|0|14|0|14|0|14|0|14|0|14|0|14|0|14|0|14|0|14|0|14|0|14|0|14|0|14|0|14|0|14|0|14|0|14|0|14|0|14|0|14|0|14|0|14|0|14|0|14|0|14|0|14|0|14|0|14|0|14|0|14|0|14|0|14|0|14|3|5|3|5|0|14|0|14|0|14|0|14|0|14|0|14|0|14|0|14|0|14|0|14|0|14|0|14|0|14|0|14|0|14|0|14|0|14|0|14
1600000US3728600|109|95|0|14|0|14|0|14|21|37|24|45|64|96|0|14|0|14|0|14|109|95|0|14|0|14|0|14|21|37|24|45|64|96|0|14|0|14|0|14|109|95|0|14|0|14|0|14|21|37|24|45|64|96|0|14|0|14|0|14|0|14|0|14|0|14|0|14|0|14|0|14|0|14|0|14|0|14|0|14|0|14|0|14|0|14|0|14|0|14|0|14|0|14|0|14|0|14|0|14|0|14|0|14|0|14|0|14|0|14|0|14|0|14|0|14|0|14|0|14|0|14|0|14|0|14|0|14|0|14|0|14|0|14|0|14|0|14|0|14|0|14|0|14|0|14|0|14|0|14|0|14|0|14|0|14|0|14|0|14|0|14|0|14|0|14|0|14|0|14|0|14|0|14|0|14|0|14|0|14|0|14|0|14|0|14|0|14|0|14|0|14|0|14|0|14|0|14|0|14|0|14|0|14|0|14|0|14|0|14|0|14|0|14|0|14|0|14|0|14|0|14|0|14|0|14|0|14|0|14|0|14|0|14|0|14|0|14|0|14
1600000US3728900|3165|627|259|179|603|315|467|183|345|150|163|99|472|242|420|236|200|140|236|135|3048|597|259|179|534|291|467|183|326|148|163|99|472|242|420|236|171|136|236|135|2455|466|123|114|531|289|393|161|269|136|155|97|259|158|407|242|82|110|236|135|593|339|136|143|3|6|74|92|57|70|8|13|213|178|13|21|89|80|0|19|572|330|136|143|3|6|53|84|57|70|8|13|213|178|13|21|89|80|0|19|21|35|0|19|0|19|21|35|0|19|0|19|0|19|0|19|0|19|0|19|0|19|0|19|0|19|0|19|0|19|0|19|0|19|0|19|0|19|0|19|0|19|0|19|0|19|0|19|0|19|0|19|0|19|0|19|0|19|0|19|0|19|0|19|0|19|0|19|0|19|0|19|0|19|0|19|0|19|0|19|0|19|0|19|0|19|0|19|0|19|0|19|0|19|0|19|0|19|0|19|29|46|0|19|0|19|0|19|0|19|0|19|0|19|0|19|29|46|0|19|88|119|0|19|69|111|0|19|19|32|0|19|0|19|0|19|0|19|0|19
1600000US3728920|210|154|37|34|5|8|25|20|41|61|0|14|96|129|0|14|6|10|0|14|198|151|32|31|5|8|18|17|41|61|0|14|96|129|0|14|6|10|0|14|191|150|25|23|5|8|18|17|41|61|0|14|96|129|0|14|6|10|0|14|7|12|7|12|0|14|0|14|0|14|0|14|0|14|0|14|0|14|0|14|0|14|0|14|0|14|0|14|0|14|0|14|0|14|0|14|0|14|0|14|7|12|7|12|0|14|0|14|0|14|0|14|0|14|0|14|0|14|0|14|0|14|0|14|0|14|0|14|0|14|0|14|0|14|0|14|0|14|0|14|0|14|0|14|0|14|0|14|0|14|0|14|0|14|0|14|0|14|0|14|0|14|0|14|0|14|0|14|0|14|0|14|0|14|0|14|0|14|0|14|0|14|0|14|0|14|0|14|0|14|0|14|0|14|0|14|0|14|0|14|5|8|5|8|0|14|0|14|0|14|0|14|0|14|0|14|0|14|0|14|7|11|0|14|0|14|7|11|0|14|0|14|0|14|0|14|0|14|0|14
1600000US3729000|25|21|8|14|7|12|10|15|0|14|0|14|0|14|0|14|0|14|0|14|25|21|8|14|7|12|10|15|0|14|0|14|0|14|0|14|0|14|0|14|17|15|0|14|7|12|10|15|0|14|0|14|0|14|0|14|0|14|0|14|8|14|8|14|0|14|0|14|0|14|0|14|0|14|0|14|0|14|0|14|8|14|8|14|0|14|0|14|0|14|0|14|0|14|0|14|0|14|0|14|0|14|0|14|0|14|0|14|0|14|0|14|0|14|0|14|0|14|0|14|0|14|0|14|0|14|0|14|0|14|0|14|0|14|0|14|0|14|0|14|0|14|0|14|0|14|0|14|0|14|0|14|0|14|0|14|0|14|0|14|0|14|0|14|0|14|0|14|0|14|0|14|0|14|0|14|0|14|0|14|0|14|0|14|0|14|0|14|0|14|0|14|0|14|0|14|0|14|0|14|0|14|0|14|0|14|0|14|0|14|0|14|0|14|0|14|0|14|0|14|0|14|0|14|0|14|0|14|0|14|0|14|0|14|0|14|0|14|0|14
1600000US3729120|89|55|22|24|1|3|2|3|16|26|6|8|11|13|7|7|8|13|16|21|89|55|22|24|1|3|2|3|16|26|6|8|11|13|7|7|8|13|16|21|84|54|22|24|0|14|2|3|14|26|4|6|11|13|7|7|8|13|16|21|5|9|0|14|1|3|0|14|2|4|2|5|0|14|0|14|0|14|0|14|5|9|0|14|1|3|0|14|2|4|2|5|0|14|0|14|0|14|0|14|0|14|0|14|0|14|0|14|0|14|0|14|0|14|0|14|0|14|0|14|0|14|0|14|0|14|0|14|0|14|0|14|0|14|0|14|0|14|0|14|0|14|0|14|0|14|0|14|0|14|0|14|0|14|0|14|0|14|0|14|0|14|0|14|0|14|0|14|0|14|0|14|0|14|0|14|0|14|0|14|0|14|0|14|0|14|0|14|0|14|0|14|0|14|0|14|0|14|0|14|0|14|0|14|0|14|0|14|0|14|0|14|0|14|0|14|0|14|0|14|0|14|0|14|0|14|0|14|0|14|0|14|0|14|0|14|0|14|0|14
1600000US3729160|2414|344|453|263|498|196|353|252|348|162|74|98|253|193|143|120|111|84|181|133|2404|342|453|263|498|196|353|252|348|162|74|98|253|193|143|120|101|72|181|133|2106|394|399|256|349|219|345|253|315|159|74|98|253|193|143|120|70|64|158|121|298|174|54|67|149|156|8|12|33|39|0|19|0|19|0|19|31|43|23|39|147|90|0|19|52|71|8|12|33|39|0|19|0|19|0|19|31|43|23|39|151|161|54|67|97|140|0|19|0|19|0|19|0|19|0|19|0|19|0|19|0|19|0|19|0|19|0|19|0|19|0|19|0|19|0|19|0|19|0|19|0|19|0|19|0|19|0|19|0|19|0|19|0|19|0|19|0|19|0|19|0|19|0|19|0|19|0|19|0|19|0|19|0|19|0|19|0|19|0|19|0|19|0|19|0|19|0|19|0|19|0|19|0|19|0|19|0|19|0|19|0|19|0|19|0|19|0|19|0|19|0|19|0|19|0|19|0|19|0|19|10|20|0|19|0|19|0|19|0|19|0|19|0|19|0|19|10|20|0|19
1600000US3729180|3303|615|523|241|201|129|259|156|571|238|279|163|473|215|349|187|228|131|420|193|3273|612|523|241|171|118|259|156|571|238|279|163|473|215|349|187|228|131|420|193|2825|553|362|197|171|118|236|154|451|190|279|163|405|197|349|187|215|129|357|171|448|199|161|95|0|19|23|37|120|144|0|19|68|76|0|19|13|26|63|83|329|177|111|91|0|19|0|19|120|144|0|19|22|38|0|19|13|26|63|83|119|97|50|58|0|19|23|37|0|19|0|19|46|71|0|19|0|19|0|19|0|19|0|19|0|19|0|19|0|19|0|19|0|19|0|19|0|19|0|19|0|19|0|19|0|19|0|19|0|19|0|19|0|19|0|19|0|19|0|19|0|19|0|19|0|19|0|19|0|19|0|19|0|19|0|19|0|19|0|19|0|19|0|19|0|19|0|19|0|19|0|19|0|19|0|19|0|19|0|19|30|51|0|19|30|51|0|19|0|19|0|19|0|19|0|19|0|19|0|19|0|19|0|19|0|19|0|19|0|19|0|19|0|19|0|19|0|19|0|19
1600000US3729560|381|141|86|74|16|16|0|14|44|8|36|37|25|23|24|30|122|52|28|27|370|140|86|74|16|16|0|14|44|8|36|37|25|23|24|30|122|52|17|22|327|140|86|74|16|16|0|14|4|8|36|37|22|22|24|30|122|52|17|22|43|9|0|14|0|14|0|14|40|3|0|14|3|9|0|14|0|14|0|14|3|9|0|14|0|14|0|14|0|14|0|14|3|9|0|14|0|14|0|14|40|3|0|14|0|14|0|14|40|3|0|14|0|14|0|14|0|14|0|14|11|17|0|14|0|14|0|14|0|14|0|14|0|14|0|14|0|14|11|17|0|14|0|14|0|14|0|14|0|14|0|14|0|14|0|14|0|14|0|14|0|14|0|14|0|14|0|14|0|14|0|14|0|14|0|14|0|14|0|14|11|17|0|14|0|14|0|14|0|14|0|14|0|14|0|14|0|14|11|17|0|14|0|14|0|14|0|14|0|14|0|14|0|14|0|14|0|14|0|14|0|14|0|14|0|14|0|14|0|14|0|14|0|14|0|14|0|14|0|14
1600000US3729640|391|124|55|56|20|21|24|17|72|38|42|47|121|58|27|26|15|15|15|15|390|123|55|56|20|21|24|17|72|38|41|46|121|58|27|26|15|15|15|15|295|90|20|20|20|21|18|16|55|30|24|29|112|58|16|12|15|15|15|15|95|90|35|49|0|14|6|9|17|21|17|30|9|10|11|22|0|14|0|14|62|57|13|18|0|14|6|9|17|21|17|30|9|10|0|14|0|14|0|14|33|62|22|41|0|14|0|14|0|14|0|14|0|14|11|22|0|14|0|14|0|14|0|14|0|14|0|14|0|14|0|14|0|14|0|14|0|14|0|14|0|14|0|14|0|14|0|14|0|14|0|14|0|14|0|14|0|14|0|14|0|14|0|14|0|14|0|14|0|14|0|14|0|14|0|14|0|14|0|14|0|14|0|14|0|14|0|14|0|14|0|14|0|14|0|14|0|14|0|14|0|14|0|14|0|14|0|14|0|14|0|14|0|14|0|14|0|14|0|14|1|3|0|14|0|14|0|14|0|14|1|3|0|14|0|14|0|14|0|14
1600000US3729680|61|35|16|15|2|3|5|6|16|18|0|14|17|17|0|14|5|8|0|14|61|35|16|15|2|3|5|6|16|18|0|14|17|17|0|14|5|8|0|14|61|35|16|15|2|3|5|6|16|18|0|14|17|17|0|14|5|8|0|14|0|14|0|14|0|14|0|14|0|14|0|14|0|14|0|14|0|14|0|14|0|14|0|14|0|14|0|14|0|14|0|14|0|14|0|14|0|14|0|14|0|14|0|14|0|14|0|14|0|14|0|14|0|14|0|14|0|14|0|14|0|14|0|14|0|14|0|14|0|14|0|14|0|14|0|14|0|14|0|14|0|14|0|14|0|14|0|14|0|14|0|14|0|14|0|14|0|14|0|14|0|14|0|14|0|14|0|14|0|14|0|14|0|14|0|14|0|14|0|14|0|14|0|14|0|14|0|14|0|14|0|14|0|14|0|14|0|14|0|14|0|14|0|14|0|14|0|14|0|14|0|14|0|14|0|14|0|14|0|14|0|14|0|14|0|14|0|14|0|14|0|14|0|14|0|14|0|14|0|14
1600000US3729720|84|50|21|20|0|14|26|27|0|14|0|14|14|12|0|14|0|14|23|31|84|50|21|20|0|14|26|27|0|14|0|14|14|12|0|14|0|14|23|31|81|50|21|20|0|14|26|27|0|14|0|14|11|11|0|14|0|14|23|31|3|8|0|14|0|14|0|14|0|14|0|14|3|8|0|14|0|14|0|14|3|8|0|14|0|14|0|14|0|14|0|14|3|8|0|14|0|14|0|14|0|14|0|14|0|14|0|14|0|14|0|14|0|14|0|14|0|14|0|14|0|14|0|14|0|14|0|14|0|14|0|14|0|14|0|14|0|14|0|14|0|14|0|14|0|14|0|14|0|14|0|14|0|14|0|14|0|14|0|14|0|14|0|14|0|14|0|14|0|14|0|14|0|14|0|14|0|14|0|14|0|14|0|14|0|14|0|14|0|14|0|14|0|14|0|14|0|14|0|14|0|14|0|14|0|14|0|14|0|14|0|14|0|14|0|14|0|14|0|14|0|14|0|14|0|14|0|14|0|14|0|14|0|14|0|14|0|14|0|14
1600000US3729800|7285|590|465|186|385|149|870|244|1569|440|923|280|1159|305|757|244|488|180|669|233|6838|585|400|167|373|147|854|245|1569|440|923|280|1022|263|757|244|476|173|464|176|6338|537|400|167|351|140|731|235|1499|437|847|245|927|243|732|240|387|130|464|176|500|192|0|21|22|42|123|82|70|70|76|89|95|107|25|45|89|100|0|21|349|170|0|21|22|42|72|61|0|21|46|82|95|107|25|45|89|100|0|21|151|100|0|21|0|21|51|64|70|70|30|45|0|21|0|21|0|21|0|21|282|164|0|21|0|21|0|21|0|21|0|21|124|108|0|21|12|26|146|123|129|118|0|21|0|21|0|21|0|21|0|21|80|97|0|21|0|21|49|70|153|115|0|21|0|21|0|21|0|21|0|21|44|54|0|21|12|26|97|100|0|21|0|21|0|21|0|21|0|21|0|21|0|21|0|21|0|21|0|21|56|56|44|45|12|21|0|21|0|21|0|21|0|21|0|21|0|21|0|21|109|77|21|32|0|21|16|26|0|21|0|21|13|20|0|21|0|21|59|64
1600000US3730040|6|8|3|5|0|14|0|14|3|6|0|14|0|14|0|14|0|14|0|14|3|6|0|14|0|14|0|14|3|6|0|14|0|14|0|14|0|14|0|14|3|6|0|14|0|14|0|14|3|6|0|14|0|14|0|14|0|14|0|14|0|14|0|14|0|14|0|14|0|14|0|14|0|14|0|14|0|14|0|14|0|14|0|14|0|14|0|14|0|14|0|14|0|14|0|14|0|14|0|14|0|14|0|14|0|14|0|14|0|14|0|14|0|14|0|14|0|14|0|14|0|14|0|14|0|14|0|14|0|14|0|14|0|14|0|14|0|14|0|14|0|14|0|14|0|14|0|14|0|14|0|14|0|14|0|14|0|14|0|14|0|14|0|14|0|14|0|14|0|14|0|14|0|14|0|14|0|14|0|14|0|14|0|14|0|14|0|14|0|14|0|14|0|14|0|14|0|14|0|14|3|5|3|5|0|14|0|14|0|14|0|14|0|14|0|14|0|14|0|14|0|14|0|14|0|14|0|14|0|14|0|14|0|14|0|14|0|14|0|14
1600000US3730100|113|67|42|46|5|11|0|14|35|40|0|14|30|48|0|14|1|2|0|14|96|63|42|46|5|11|0|14|18|30|0|14|30|48|0|14|1|2|0|14|16|22|5|13|0|14|0|14|11|19|0|14|0|14|0|14|0|14|0|14|80|63|37|46|5|11|0|14|7|12|0|14|30|48|0|14|1|2|0|14|70|61|28|43|5|11|0|14|7|12|0|14|30|48|0|14|0|14|0|14|10|19|9|19|0|14|0|14|0|14|0|14|0|14|0|14|1|2|0|14|0|14|0|14|0|14|0|14|0|14|0|14|0|14|0|14|0|14|0|14|0|14|0|14|0|14|0|14|0|14|0|14|0|14|0|14|0|14|0|14|0|14|0|14|0|14|0|14|0|14|0|14|0|14|0|14|0|14|0|14|0|14|0|14|0|14|0|14|0|14|0|14|0|14|0|14|0|14|0|14|16|27|0|14|0|14|0|14|16|27|0|14|0|14|0|14|0|14|0|14|1|2|0|14|0|14|0|14|1|2|0|14|0|14|0|14|0|14|0|14
1600000US3730120|9675|501|2623|496|2599|508|1276|277|997|235|164|89|1027|267|378|213|338|180|273|127|8737|624|2394|436|2062|406|1216|266|939|242|140|81|1008|266|371|212|338|180|269|127|7043|572|1851|349|1531|319|927|254|939|242|100|69|873|235|341|212|224|112|257|126|1694|282|543|215|531|218|289|132|0|21|40|47|135|105|30|24|114|127|12|19|1307|301|462|208|368|193|208|120|0|21|40|47|135|105|0|21|82|114|12|19|387|158|81|53|163|79|81|66|0|21|0|21|0|21|30|24|32|59|0|21|199|252|0|21|199|252|0|21|0|21|0|21|0|21|0|21|0|21|0|21|199|252|0|21|199|252|0|21|0|21|0|21|0|21|0|21|0|21|0|21|0|21|0|21|0|21|0|21|0|21|0|21|0|21|0|21|0|21|0|21|0|21|0|21|0|21|0|21|0|21|0|21|0|21|0|21|0|21|0|21|587|317|217|215|274|194|36|39|29|41|24|30|7|12|0|21|0|21|0|21|152|86|12|21|64|78|24|36|29|33|0|21|12|21|7|10|0|21|4|7
1600000US3730260|1476|277|56|42|195|81|295|144|227|109|92|59|98|64|210|149|172|130|131|106|1464|277|44|31|195|81|295|144|227|109|92|59|98|64|210|149|172|130|131|106|1280|258|44|31|144|68|228|122|227|109|83|55|54|43|197|141|172|130|131|106|184|105|0|14|51|57|67|86|0|14|9|14|44|47|13|20|0|14|0|14|175|107|0|14|51|57|67|86|0|14|0|14|44|47|13|20|0|14|0|14|9|14|0|14|0|14|0|14|0|14|9|14|0|14|0|14|0|14|0|14|0|14|0|14|0|14|0|14|0|14|0|14|0|14|0|14|0|14|0|14|0|14|0|14|0|14|0|14|0|14|0|14|0|14|0|14|0|14|0|14|0|14|0|14|0|14|0|14|0|14|0|14|0|14|0|14|0|14|0|14|0|14|0|14|0|14|0|14|0|14|0|14|0|14|0|14|0|14|0|14|12|17|12|17|0|14|0|14|0|14|0|14|0|14|0|14|0|14|0|14|0|14|0|14|0|14|0|14|0|14|0|14|0|14|0|14|0|14|0|14
1600000US3730280|367|228|179|102|6|9|9|14|10|11|97|122|6|8|30|39|10|13|20|21|364|228|178|102|6|9|9|14|10|11|97|122|6|8|30|39|8|13|20|21|338|212|165|96|6|9|9|14|10|11|97|122|6|8|17|24|8|13|20|21|26|43|13|20|0|14|0|14|0|14|0|14|0|14|13|32|0|14|0|14|6|13|6|13|0|14|0|14|0|14|0|14|0|14|0|14|0|14|0|14|20|37|7|14|0|14|0|14|0|14|0|14|0|14|13|32|0|14|0|14|3|5|1|5|0|14|0|14|0|14|0|14|0|14|0|14|2|5|0|14|2|5|0|14|0|14|0|14|0|14|0|14|0|14|0|14|2|5|0|14|1|5|1|5|0|14|0|14|0|14|0|14|0|14|0|14|0|14|0|14|0|14|0|14|0|14|0|14|0|14|0|14|0|14|0|14|0|14|0|14|0|14|0|14|0|14|0|14|0|14|0|14|0|14|0|14|0|14|0|14|0|14|0|14|0|14|0|14|0|14|0|14|0|14|0|14|0|14|0|14
1600000US3730340|613|285|10|18|0|14|101|106|206|129|28|33|212|146|38|40|0|14|18|30|613|285|10|18|0|14|101|106|206|129|28|33|212|146|38|40|0|14|18|30|536|268|10|18|0|14|53|73|191|125|14|23|212|146|38|40|0|14|18|30|77|91|0|14|0|14|48|75|15|25|14|23|0|14|0|14|0|14|0|14|77|91|0|14|0|14|48|75|15|25|14|23|0|14|0|14|0|14|0|14|0|14|0|14|0|14|0|14|0|14|0|14|0|14|0|14|0|14|0|14|0|14|0|14|0|14|0|14|0|14|0|14|0|14|0|14|0|14|0|14|0|14|0|14|0|14|0|14|0|14|0|14|0|14|0|14|0|14|0|14|0|14|0|14|0|14|0|14|0|14|0|14|0|14|0|14|0|14|0|14|0|14|0|14|0|14|0|14|0|14|0|14|0|14|0|14|0|14|0|14|0|14|0|14|0|14|0|14|0|14|0|14|0|14|0|14|0|14|0|14|0|14|0|14|0|14|0|14|0|14|0|14|0|14|0|14|0|14|0|14
1600000US3730620|742|211|28|19|125|87|118|58|126|63|51|35|102|55|44|22|82|51|66|42|720|198|28|19|111|73|118|58|126|63|51|35|102|55|44|22|82|51|58|38|669|183|28|19|97|66|107|54|123|62|48|36|86|51|44|22|80|50|56|38|51|39|0|14|14|18|11|13|3|5|3|5|16|20|0|14|2|6|2|4|36|26|0|14|4|7|11|13|0|14|3|5|14|20|0|14|2|6|2|4|15|18|0|14|10|17|0|14|3|5|0|14|2|9|0|14|0|14|0|14|4|6|0|14|0|14|0|14|0|14|0|14|0|14|0|14|0|14|4|6|4|6|0|14|0|14|0|14|0|14|0|14|0|14|0|14|0|14|4|6|0|14|0|14|0|14|0|14|0|14|0|14|0|14|0|14|0|14|0|14|0|14|0|14|0|14|0|14|0|14|0|14|0|14|0|14|0|14|0|14|0|14|0|14|0|14|0|14|0|14|0|14|0|14|0|14|0|14|0|14|18|25|0|14|14|24|0|14|0|14|0|14|0|14|0|14|0|14|4|6
1600000US3730660|5690|458|1218|321|1578|392|613|224|287|144|622|306|405|183|227|169|342|168|398|175|5533|448|1097|294|1578|392|613|224|287|144|622|306|405|183|227|169|342|168|362|171|4604|417|930|278|1181|327|560|213|209|125|622|306|330|149|106|74|342|168|324|150|929|276|167|142|397|187|53|52|78|70|0|21|75|88|121|150|0|21|38|64|731|221|91|91|290|155|38|55|78|70|0|21|75|88|121|150|0|21|38|64|198|124|76|92|107|77|15|27|0|21|0|21|0|21|0|21|0|21|0|21|0|21|0|21|0|21|0|21|0|21|0|21|0|21|0|21|0|21|0|21|0|21|0|21|0|21|0|21|0|21|0|21|0|21|0|21|0|21|0|21|0|21|0|21|0|21|0|21|0|21|0|21|0|21|0|21|0|21|0|21|0|21|0|21|0|21|0|21|0|21|0|21|0|21|0|21|0|21|0|21|83|119|83|119|0|21|0|21|0|21|0|21|0|21|0|21|0|21|0|21|74|75|38|60|0|21|0|21|0|21|0|21|0|21|0|21|0|21|36|45
1600000US3730720|6069|496|1390|315|1165|270|1003|294|825|292|338|178|532|209|377|142|285|137|154|90|5819|498|1250|316|1137|267|964|292|782|285|338|178|532|209|377|142|285|137|154|90|5042|493|1210|314|906|220|850|275|601|227|331|176|407|170|316|137|267|132|154|90|777|313|40|38|231|154|114|115|181|146|7|12|125|114|61|55|18|26|0|21|647|288|20|35|197|144|114|115|127|127|7|12|103|107|61|55|18|26|0|21|130|84|20|22|34|50|0|21|54|66|0|21|22|35|0|21|0|21|0|21|22|30|0|21|0|21|22|30|0|21|0|21|0|21|0|21|0|21|0|21|22|30|0|21|0|21|22|30|0|21|0|21|0|21|0|21|0|21|0|21|0|21|0|21|0|21|0|21|0|21|0|21|0|21|0|21|0|21|0|21|0|21|0|21|0|21|0|21|0|21|0|21|0|21|0|21|0|21|0|21|118|77|52|62|13|22|10|15|43|33|0|21|0|21|0|21|0|21|0|21|110|81|88|73|15|22|7|14|0|21|0|21|0|21|0|21|0|21|0|21
1600000US3730800|28|47|0|14|0|14|28|47|0|14|0|14|0|14|0|14|0|14|0|14|28|47|0|14|0|14|28|47|0|14|0|14|0|14|0|14|0|14|0|14|28|47|0|14|0|14|28|47|0|14|0|14|0|14|0|14|0|14|0|14|0|14|0|14|0|14|0|14|0|14|0|14|0|14|0|14|0|14|0|14|0|14|0|14|0|14|0|14|0|14|0|14|0|14|0|14|0|14|0|14|0|14|0|14|0|14|0|14|0|14|0|14|0|14|0|14|0|14|0|14|0|14|0|14|0|14|0|14|0|14|0|14|0|14|0|14|0|14|0|14|0|14|0|14|0|14|0|14|0|14|0|14|0|14|0|14|0|14|0|14|0|14|0|14|0|14|0|14|0|14|0|14|0|14|0|14|0|14|0|14|0|14|0|14|0|14|0|14|0|14|0|14|0|14|0|14|0|14|0|14|0|14|0|14|0|14|0|14|0|14|0|14|0|14|0|14|0|14|0|14|0|14|0|14|0|14|0|14|0|14|0|14|0|14|0|14|0|14|0|14
1600000US3730900|726|231|119|99|55|40|23|25|34|34|68|62|57|58|30|36|112|66|228|135|696|234|105|97|55|40|23|25|28|32|68|62|57|58|30|36|102|64|228|135|610|219|105|97|30|27|18|23|28|32|68|62|57|58|30|36|68|46|206|134|86|54|0|14|25|30|5|8|0|14|0|14|0|14|0|14|34|38|22|25|74|52|0|14|25|30|0|14|0|14|0|14|0|14|0|14|34|38|15|21|12|13|0|14|0|14|5|8|0|14|0|14|0|14|0|14|0|14|7|11|16|25|0|14|0|14|0|14|6|10|0|14|0|14|0|14|10|15|0|14|16|25|0|14|0|14|0|14|6|10|0|14|0|14|0|14|10|15|0|14|0|14|0|14|0|14|0|14|0|14|0|14|0|14|0|14|0|14|0|14|0|14|0|14|0|14|0|14|0|14|0|14|0|14|0|14|0|14|0|14|6|9|6|9|0|14|0|14|0|14|0|14|0|14|0|14|0|14|0|14|8|13|8|13|0|14|0|14|0|14|0|14|0|14|0|14|0|14|0|14
1600000US3731060|17627|1032|3038|591|4074|631|3406|543|2189|363|1022|260|1432|344|959|348|779|269|728|246|17283|1012|2870|565|4028|630|3386|544|2189|363|1010|256|1400|346|950|348|779|269|671|241|14632|1003|2429|524|3076|487|3056|476|1994|335|866|245|1252|312|855|314|627|229|477|156|2651|529|441|248|952|449|330|185|195|136|144|96|148|89|95|100|152|136|194|163|2267|481|362|240|952|449|297|180|132|101|144|96|122|70|95|100|99|107|64|58|384|234|79|68|0|29|33|31|63|72|0|29|26|36|0|29|53|86|130|155|15|29|0|29|0|29|0|29|0|29|12|28|3|6|0|29|0|29|0|29|15|29|0|29|0|29|0|29|0|29|12|28|3|6|0|29|0|29|0|29|0|29|0|29|0|29|0|29|0|29|0|29|0|29|0|29|0|29|0|29|0|29|0|29|0|29|0|29|0|29|0|29|0|29|0|29|0|29|0|29|190|99|124|83|46|51|20|27|0|29|0|29|0|29|0|29|0|29|0|29|139|90|44|44|0|29|0|29|0|29|0|29|29|46|9|15|0|29|57|58
1600000US3731260|96|89|1|3|20|36|0|14|21|36|0|14|0|14|0|14|15|25|39|67|96|89|1|3|20|36|0|14|21|36|0|14|0|14|0|14|15|25|39|67|57|69|1|3|20|36|0|14|21|36|0|14|0|14|0|14|15|25|0|14|39|67|0|14|0|14|0|14|0|14|0|14|0|14|0|14|0|14|39|67|39|67|0|14|0|14|0|14|0|14|0|14|0|14|0|14|0|14|39|67|0|14|0|14|0|14|0|14|0|14|0|14|0|14|0|14|0|14|0|14|0|14|0|14|0|14|0|14|0|14|0|14|0|14|0|14|0|14|0|14|0|14|0|14|0|14|0|14|0|14|0|14|0|14|0|14|0|14|0|14|0|14|0|14|0|14|0|14|0|14|0|14|0|14|0|14|0|14|0|14|0|14|0|14|0|14|0|14|0|14|0|14|0|14|0|14|0|14|0|14|0|14|0|14|0|14|0|14|0|14|0|14|0|14|0|14|0|14|0|14|0|14|0|14|0|14|0|14|0|14|0|14|0|14|0|14|0|14|0|14
1600000US3731360|341|140|201|133|51|34|10|12|22|19|14|26|29|29|5|7|0|14|9|14|227|81|97|58|51|34|5|10|22|19|14|26|24|28|5|7|0|14|9|14|195|73|78|51|51|34|2|5|22|19|4|18|24|28|5|7|0|14|9|14|32|37|19|30|0|14|3|8|0|14|10|17|0|14|0|14|0|14|0|14|32|37|19|30|0|14|3|8|0|14|10|17|0|14|0|14|0|14|0|14|0|14|0|14|0|14|0|14|0|14|0|14|0|14|0|14|0|14|0|14|0|14|0|14|0|14|0|14|0|14|0|14|0|14|0|14|0|14|0|14|0|14|0|14|0|14|0|14|0|14|0|14|0|14|0|14|0|14|0|14|0|14|0|14|0|14|0|14|0|14|0|14|0|14|0|14|0|14|0|14|0|14|0|14|0|14|0|14|0|14|0|14|0|14|0|14|0|14|0|14|114|119|104|116|0|14|5|6|0|14|0|14|5|9|0|14|0|14|0|14|0|14|0|14|0|14|0|14|0|14|0|14|0|14|0|14|0|14|0|14
1600000US3731400|48111|1594|7524|788|9505|907|9113|859|7116|782|3684|531|5814|748|1987|331|1335|341|2033|450|46020|1603|6805|777|8997|923|8873|862|6896|772|3647|533|5687|745|1974|331|1284|338|1857|410|41379|1627|5969|725|8024|898|7841|840|6326|733|3422|542|5163|724|1940|321|1147|300|1547|370|4641|573|836|301|973|245|1032|229|570|203|225|133|524|214|34|55|137|189|310|128|3311|447|571|244|741|209|919|228|411|165|211|133|263|126|0|32|12|19|183|85|1330|347|265|161|232|114|113|57|159|96|14|20|261|163|34|55|125|187|127|96|406|184|7|16|50|69|88|65|31|29|2|4|66|42|0|32|42|68|120|106|292|137|7|16|50|69|88|65|26|28|2|4|48|39|0|32|42|68|29|46|113|98|0|32|0|32|0|32|5|11|0|32|18|25|0|32|0|32|90|96|1|4|0|32|0|32|0|32|0|32|0|32|0|32|0|32|0|32|1|4|717|214|380|165|161|88|67|55|71|72|7|17|22|27|0|32|9|17|0|32|968|292|332|191|297|198|85|52|118|77|28|33|39|56|13|15|0|32|56|48
1600000US3731440|169|74|35|31|18|14|60|48|4|7|4|6|19|19|16|22|5|7|8|10|167|74|33|31|18|14|60|48|4|7|4|6|19|19|16|22|5|7|8|10|132|60|33|31|18|14|34|27|0|14|4|6|19|19|16|22|5|7|3|5|35|42|0|14|0|14|26|41|4|7|0|14|0|14|0|14|0|14|5|8|12|20|0|14|0|14|12|20|0|14|0|14|0|14|0|14|0|14|0|14|23|24|0|14|0|14|14|22|4|7|0|14|0|14|0|14|0|14|5|8|0|14|0|14|0|14|0|14|0|14|0|14|0|14|0|14|0|14|0|14|0|14|0|14|0|14|0|14|0|14|0|14|0|14|0|14|0|14|0|14|0|14|0|14|0|14|0|14|0|14|0|14|0|14|0|14|0|14|0|14|0|14|0|14|0|14|0|14|0|14|0|14|0|14|0|14|0|14|0|14|2|3|2|3|0|14|0|14|0|14|0|14|0|14|0|14|0|14|0|14|0|14|0|14|0|14|0|14|0|14|0|14|0|14|0|14|0|14|0|14
1600000US3731490|33|45|0|14|0|14|33|45|0|14|0|14|0|14|0|14|0|14|0|14|33|45|0|14|0|14|33|45|0|14|0|14|0|14|0|14|0|14|0|14|33|45|0|14|0|14|33|45|0|14|0|14|0|14|0|14|0|14|0|14|0|14|0|14|0|14|0|14|0|14|0|14|0|14|0|14|0|14|0|14|0|14|0|14|0|14|0|14|0|14|0|14|0|14|0|14|0|14|0|14|0|14|0|14|0|14|0|14|0|14|0|14|0|14|0|14|0|14|0|14|0|14|0|14|0|14|0|14|0|14|0|14|0|14|0|14|0|14|0|14|0|14|0|14|0|14|0|14|0|14|0|14|0|14|0|14|0|14|0|14|0|14|0|14|0|14|0|14|0|14|0|14|0|14|0|14|0|14|0|14|0|14|0|14|0|14|0|14|0|14|0|14|0|14|0|14|0|14|0|14|0|14|0|14|0|14|0|14|0|14|0|14|0|14|0|14|0|14|0|14|0|14|0|14|0|14|0|14|0|14|0|14|0|14|0|14|0|14|0|14
1600000US3731500|976|272|222|107|104|69|155|69|233|123|104|64|47|37|38|39|32|33|41|35|973|271|219|106|104|69|155|69|233|123|104|64|47|37|38|39|32|33|41|35|857|237|188|88|88|64|128|59|233|123|79|56|47|37|38|39|15|15|41|35|116|86|31|40|16|21|27|40|0|14|25|31|0|14|0|14|17|28|0|14|110|84|31|40|16|21|27|40|0|14|19|27|0|14|0|14|17|28|0|14|6|14|0|14|0|14|0|14|0|14|6|14|0|14|0|14|0|14|0|14|0|14|0|14|0|14|0|14|0|14|0|14|0|14|0|14|0|14|0|14|0|14|0|14|0|14|0|14|0|14|0|14|0|14|0|14|0|14|0|14|0|14|0|14|0|14|0|14|0|14|0|14|0|14|0|14|0|14|0|14|0|14|0|14|0|14|0|14|0|14|0|14|0|14|0|14|0|14|0|14|0|14|0|14|0|14|0|14|0|14|0|14|0|14|0|14|0|14|0|14|3|5|3|5|0|14|0|14|0|14|0|14|0|14|0|14|0|14|0|14
1600000US3731620|3286|394|416|273|421|138|693|208|570|209|311|132|344|147|279|147|228|109|24|29|3181|392|404|271|398|133|683|204|530|204|311|132|344|147|272|151|215|110|24|29|3004|391|369|268|353|120|683|204|477|196|311|132|326|144|261|148|200|105|24|29|177|101|35|56|45|51|0|19|53|50|0|19|18|21|11|19|15|29|0|19|145|105|35|56|45|51|0|19|21|34|0|19|18|21|11|19|15|29|0|19|32|50|0|19|0|19|0|19|32|50|0|19|0|19|0|19|0|19|0|19|36|44|0|19|23|38|0|19|0|19|0|19|0|19|0|19|13|23|0|19|36|44|0|19|23|38|0|19|0|19|0|19|0|19|0|19|13|23|0|19|0|19|0|19|0|19|0|19|0|19|0|19|0|19|0|19|0|19|0|19|0|19|0|19|0|19|0|19|0|19|0|19|0|19|0|19|0|19|0|19|28|27|12|20|0|19|9|15|0|19|0|19|0|19|7|12|0|19|0|19|41|47|0|19|0|19|1|5|40|47|0|19|0|19|0|19|0|19|0|19
1600000US3731860|84|64|11|14|5|8|1|2|14|21|2|3|2|6|5|6|30|37|14|19|69|50|5|6|5|8|0|14|14|21|2|3|0|14|5|6|30|37|8|10|60|46|3|5|5|8|0|14|14|21|0|14|0|14|5|6|30|37|3|5|9|9|2|4|0|14|0|14|0|14|2|3|0|14|0|14|0|14|5|8|9|9|2|4|0|14|0|14|0|14|2|3|0|14|0|14|0|14|5|8|0|14|0|14|0|14|0|14|0|14|0|14|0|14|0|14|0|14|0|14|0|14|0|14|0|14|0|14|0|14|0|14|0|14|0|14|0|14|0|14|0|14|0|14|0|14|0|14|0|14|0|14|0|14|0|14|0|14|0|14|0|14|0|14|0|14|0|14|0|14|0|14|0|14|0|14|0|14|0|14|0|14|0|14|0|14|0|14|0|14|0|14|0|14|0|14|0|14|0|14|0|14|0|14|0|14|0|14|0|14|0|14|0|14|0|14|0|14|0|14|15|23|6|13|0|14|1|2|0|14|0|14|2|6|0|14|0|14|6|10
1600000US3731880|0|14|0|14|0|14|0|14|0|14|0|14|0|14|0|14|0|14|0|14|0|14|0|14|0|14|0|14|0|14|0|14|0|14|0|14|0|14|0|14|0|14|0|14|0|14|0|14|0|14|0|14|0|14|0|14|0|14|0|14|0|14|0|14|0|14|0|14|0|14|0|14|0|14|0|14|0|14|0|14|0|14|0|14|0|14|0|14|0|14|0|14|0|14|0|14|0|14|0|14|0|14|0|14|0|14|0|14|0|14|0|14|0|14|0|14|0|14|0|14|0|14|0|14|0|14|0|14|0|14|0|14|0|14|0|14|0|14|0|14|0|14|0|14|0|14|0|14|0|14|0|14|0|14|0|14|0|14|0|14|0|14|0|14|0|14|0|14|0|14|0|14|0|14|0|14|0|14|0|14|0|14|0|14|0|14|0|14|0|14|0|14|0|14|0|14|0|14|0|14|0|14|0|14|0|14|0|14|0|14|0|14|0|14|0|14|0|14|0|14|0|14|0|14|0|14|0|14|0|14|0|14|0|14|0|14|0|14|0|14
1600000US3731920|159|80|8|13|5|7|10|13|49|40|21|20|42|43|9|17|1|5|14|15|151|78|0|14|5|7|10|13|49|40|21|20|42|43|9|17|1|5|14|15|144|75|0|14|5|7|3|4|49|40|21|20|42|43|9|17|1|5|14|15|7|12|0|14|0|14|7|12|0|14|0|14|0|14|0|14|0|14|0|14|7|12|0|14|0|14|7|12|0|14|0|14|0|14|0|14|0|14|0|14|0|14|0|14|0|14|0|14|0|14|0|14|0|14|0|14|0|14|0|14|0|14|0|14|0|14|0|14|0|14|0|14|0|14|0|14|0|14|0|14|0|14|0|14|0|14|0|14|0|14|0|14|0|14|0|14|0|14|0|14|0|14|0|14|0|14|0|14|0|14|0|14|0|14|0|14|0|14|0|14|0|14|0|14|0|14|0|14|0|14|0|14|0|14|0|14|0|14|0|14|8|13|8|13|0|14|0|14|0|14|0|14|0|14|0|14|0|14|0|14|0|14|0|14|0|14|0|14|0|14|0|14|0|14|0|14|0|14|0|14
1600000US3731960|327|133|41|19|70|67|40|19|97|62|10|8|10|10|12|8|19|11|28|19|323|133|39|19|70|67|40|19|95|62|10|8|10|10|12|8|19|11|28|19|305|134|39|19|70|67|40|19|77|61|10|8|10|10|12|8|19|11|28|19|18|14|0|14|0|14|0|14|18|14|0|14|0|14|0|14|0|14|0|14|18|14|0|14|0|14|0|14|18|14|0|14|0|14|0|14|0|14|0|14|0|14|0|14|0|14|0|14|0|14|0|14|0|14|0|14|0|14|0|14|0|14|0|14|0|14|0|14|0|14|0|14|0|14|0|14|0|14|0|14|0|14|0|14|0|14|0|14|0|14|0|14|0|14|0|14|0|14|0|14|0|14|0|14|0|14|0|14|0|14|0|14|0|14|0|14|0|14|0|14|0|14|0|14|0|14|0|14|0|14|0|14|0|14|0|14|0|14|0|14|2|3|2|3|0|14|0|14|0|14|0|14|0|14|0|14|0|14|0|14|2|4|0|14|0|14|0|14|2|4|0|14|0|14|0|14|0|14|0|14
1600000US3732100|273|109|25|26|0|14|3|5|33|39|10|15|88|44|41|37|41|28|32|25|273|109|25|26|0|14|3|5|33|39|10|15|88|44|41|37|41|28|32|25|261|107|25|26|0|14|3|5|33|39|10|15|82|44|35|34|41|28|32|25|12|13|0|14|0|14|0|14|0|14|0|14|6|10|6|10|0|14|0|14|12|13|0|14|0|14|0|14|0|14|0|14|6|10|6|10|0|14|0|14|0|14|0|14|0|14|0|14|0|14|0|14|0|14|0|14|0|14|0|14|0|14|0|14|0|14|0|14|0|14|0|14|0|14|0|14|0|14|0|14|0|14|0|14|0|14|0|14|0|14|0|14|0|14|0|14|0|14|0|14|0|14|0|14|0|14|0|14|0|14|0|14|0|14|0|14|0|14|0|14|0|14|0|14|0|14|0|14|0|14|0|14|0|14|0|14|0|14|0|14|0|14|0|14|0|14|0|14|0|14|0|14|0|14|0|14|0|14|0|14|0|14|0|14|0|14|0|14|0|14|0|14|0|14|0|14|0|14|0|14
1600000US3732180|2034|510|61|75|90|102|421|251|114|124|99|103|406|234|243|135|465|372|135|124|2026|509|53|71|90|102|421|251|114|124|99|103|406|234|243|135|465|372|135|124|1908|506|53|71|90|102|340|215|114|124|99|103|369|223|243|135|465|372|135|124|118|140|0|14|0|14|81|127|0|14|0|14|37|65|0|14|0|14|0|14|81|127|0|14|0|14|81|127|0|14|0|14|0|14|0|14|0|14|0|14|37|65|0|14|0|14|0|14|0|14|0|14|37|65|0|14|0|14|0|14|0|14|0|14|0|14|0|14|0|14|0|14|0|14|0|14|0|14|0|14|0|14|0|14|0|14|0|14|0|14|0|14|0|14|0|14|0|14|0|14|0|14|0|14|0|14|0|14|0|14|0|14|0|14|0|14|0|14|0|14|0|14|0|14|0|14|0|14|0|14|0|14|0|14|0|14|0|14|0|14|8|14|8|14|0|14|0|14|0|14|0|14|0|14|0|14|0|14|0|14|0|14|0|14|0|14|0|14|0|14|0|14|0|14|0|14|0|14|0|14
1600000US3732260|14813|952|1350|280|1055|302|1025|269|2006|603|1748|374|3317|463|2437|410|879|229|996|298|14291|970|1154|274|1028|300|1001|266|1997|602|1670|363|3245|464|2437|410|879|229|880|281|13421|909|1055|269|923|287|924|251|1892|571|1575|347|3049|463|2391|408|789|222|823|272|870|248|99|65|105|90|77|54|105|97|95|72|196|144|46|47|90|70|57|67|651|214|28|33|105|90|32|29|52|57|66|62|196|144|34|42|90|70|48|61|219|114|71|56|0|29|45|45|53|59|29|41|0|29|12|19|0|29|9|16|0|29|0|29|0|29|0|29|0|29|0|29|0|29|0|29|0|29|0|29|0|29|0|29|0|29|0|29|0|29|0|29|0|29|0|29|0|29|0|29|0|29|0|29|0|29|0|29|0|29|0|29|0|29|0|29|0|29|0|29|0|29|0|29|0|29|0|29|0|29|0|29|0|29|0|29|0|29|0|29|312|183|172|131|27|29|0|29|0|29|22|28|0|29|0|29|0|29|91|119|210|120|24|36|0|29|24|29|9|15|56|63|72|55|0|29|0|29|25|39
1600000US3732540|182|108|18|17|66|82|14|13|18|22|4|6|25|27|19|17|18|15|0|14|182|108|18|17|66|82|14|13|18|22|4|6|25|27|19|17|18|15|0|14|175|107|18|17|66|82|10|10|17|21|4|6|25|27|17|16|18|15|0|14|7|8|0|14|0|14|4|7|1|3|0|14|0|14|2|3|0|14|0|14|5|8|0|14|0|14|4|7|1|3|0|14|0|14|0|14|0|14|0|14|2|3|0|14|0|14|0|14|0|14|0|14|0|14|2|3|0|14|0|14|0|14|0|14|0|14|0|14|0|14|0|14|0|14|0|14|0|14|0|14|0|14|0|14|0|14|0|14|0|14|0|14|0|14|0|14|0|14|0|14|0|14|0|14|0|14|0|14|0|14|0|14|0|14|0|14|0|14|0|14|0|14|0|14|0|14|0|14|0|14|0|14|0|14|0|14|0|14|0|14|0|14|0|14|0|14|0|14|0|14|0|14|0|14|0|14|0|14|0|14|0|14|0|14|0|14|0|14|0|14|0|14|0|14|0|14|0|14|0|14
1600000US3732580|477|206|177|173|29|37|78|89|112|70|0|14|40|45|41|59|0|14|0|14|422|190|122|145|29|37|78|89|112|70|0|14|40|45|41|59|0|14|0|14|398|182|122|145|29|37|78|89|88|61|0|14|40|45|41|59|0|14|0|14|24|40|0|14|0|14|0|14|24|40|0|14|0|14|0|14|0|14|0|14|24|40|0|14|0|14|0|14|24|40|0|14|0|14|0|14|0|14|0|14|0|14|0|14|0|14|0|14|0|14|0|14|0|14|0|14|0|14|0|14|0|14|0|14|0|14|0|14|0|14|0|14|0|14|0|14|0|14|0|14|0|14|0|14|0|14|0|14|0|14|0|14|0|14|0|14|0|14|0|14|0|14|0|14|0|14|0|14|0|14|0|14|0|14|0|14|0|14|0|14|0|14|0|14|0|14|0|14|0|14|0|14|0|14|0|14|0|14|0|14|55|69|55|69|0|14|0|14|0|14|0|14|0|14|0|14|0|14|0|14|0|14|0|14|0|14|0|14|0|14|0|14|0|14|0|14|0|14|0|14
1600000US3732640|6736|434|490|152|642|172|1185|267|1204|206|723|177|1271|259|437|130|401|118|383|127|6637|421|428|141|624|168|1178|267|1204|206|723|177|1259|258|437|130|401|118|383|127|5812|353|379|134|462|130|970|210|1131|193|716|179|1059|210|428|128|335|106|332|120|825|271|49|42|162|104|208|169|73|47|7|11|200|134|9|15|66|53|51|43|676|237|49|42|147|102|208|169|73|47|0|21|121|71|9|15|57|53|12|15|149|151|0|21|15|24|0|21|0|21|7|11|79|121|0|21|9|16|39|41|0|21|0|21|0|21|0|21|0|21|0|21|0|21|0|21|0|21|0|21|0|21|0|21|0|21|0|21|0|21|0|21|0|21|0|21|0|21|0|21|0|21|0|21|0|21|0|21|0|21|0|21|0|21|0|21|0|21|0|21|0|21|0|21|0|21|0|21|0|21|0|21|0|21|0|21|0|21|0|21|45|43|31|38|7|12|7|14|0|21|0|21|0|21|0|21|0|21|0|21|54|45|31|35|11|18|0|21|0|21|0|21|12|22|0|21|0|21|0|21
1600000US3732740|332|131|40|42|48|47|38|37|42|36|38|38|71|52|33|34|6|10|16|18|332|131|40|42|48|47|38|37|42|36|38|38|71|52|33|34|6|10|16|18|323|127|40|42|48|47|38|37|42|36|29|33|71|52|33|34|6|10|16|18|9|15|0|14|0|14|0|14|0|14|9|15|0|14|0|14|0|14|0|14|9|15|0|14|0|14|0|14|0|14|9|15|0|14|0|14|0|14|0|14|0|14|0|14|0|14|0|14|0|14|0|14|0|14|0|14|0|14|0|14|0|14|0|14|0|14|0|14|0|14|0|14|0|14|0|14|0|14|0|14|0|14|0|14|0|14|0|14|0|14|0|14|0|14|0|14|0|14|0|14|0|14|0|14|0|14|0|14|0|14|0|14|0|14|0|14|0|14|0|14|0|14|0|14|0|14|0|14|0|14|0|14|0|14|0|14|0|14|0|14|0|14|0|14|0|14|0|14|0|14|0|14|0|14|0|14|0|14|0|14|0|14|0|14|0|14|0|14|0|14|0|14|0|14|0|14|0|14|0|14
1600000US3732840|263|146|127|81|4|5|3|5|6|14|8|10|16|18|5|6|53|28|41|61|247|144|111|81|4|5|3|5|6|14|8|10|16|18|5|6|53|28|41|61|244|143|111|81|4|5|3|5|3|7|8|10|16|18|5|6|53|28|41|61|3|7|0|14|0|14|0|14|3|7|0|14|0|14|0|14|0|14|0|14|0|14|0|14|0|14|0|14|0|14|0|14|0|14|0|14|0|14|0|14|3|7|0|14|0|14|0|14|3|7|0|14|0|14|0|14|0|14|0|14|0|14|0|14|0|14|0|14|0|14|0|14|0|14|0|14|0|14|0|14|0|14|0|14|0|14|0|14|0|14|0|14|0|14|0|14|0|14|0|14|0|14|0|14|0|14|0|14|0|14|0|14|0|14|0|14|0|14|0|14|0|14|0|14|0|14|0|14|0|14|0|14|0|14|0|14|0|14|0|14|16|25|16|25|0|14|0|14|0|14|0|14|0|14|0|14|0|14|0|14|0|14|0|14|0|14|0|14|0|14|0|14|0|14|0|14|0|14|0|14
1600000US3732980|1851|356|118|86|627|308|242|152|86|63|83|60|370|170|180|113|111|68|34|38|1848|356|117|86|627|308|242|152|84|63|83|60|370|170|180|113|111|68|34|38|1505|320|117|86|378|187|242|152|75|59|83|60|370|170|106|93|111|68|23|34|343|275|0|14|249|277|0|14|9|15|0|14|0|14|74|77|0|14|11|18|334|275|0|14|249|277|0|14|0|14|0|14|0|14|74|77|0|14|11|18|9|15|0|14|0|14|0|14|9|15|0|14|0|14|0|14|0|14|0|14|1|3|1|3|0|14|0|14|0|14|0|14|0|14|0|14|0|14|0|14|0|14|0|14|0|14|0|14|0|14|0|14|0|14|0|14|0|14|0|14|1|3|1|3|0|14|0|14|0|14|0|14|0|14|0|14|0|14|0|14|0|14|0|14|0|14|0|14|0|14|0|14|0|14|0|14|0|14|0|14|0|14|0|14|0|14|0|14|0|14|0|14|0|14|0|14|0|14|0|14|2|4|0|14|0|14|0|14|2|4|0|14|0|14|0|14|0|14|0|14
1600000US3733120|25014|1131|1577|314|2655|452|4124|546|3672|660|2645|503|4489|664|2419|341|2058|362|1375|388|24026|1096|1496|301|2574|446|3958|565|3597|638|2635|503|4348|663|2304|334|1923|346|1191|397|22273|1047|1401|287|2275|370|3416|526|3297|608|2567|504|4231|670|2087|312|1856|337|1143|398|1753|382|95|53|299|229|542|198|300|107|68|44|117|83|217|124|67|61|48|33|1289|323|40|30|281|227|407|164|200|85|38|32|117|83|166|118|29|25|11|15|464|198|55|45|18|22|135|111|100|64|30|28|0|32|51|52|38|56|37|31|481|167|0|32|0|32|0|32|41|39|10|16|141|81|115|85|135|116|39|38|424|151|0|32|0|32|0|32|41|39|0|32|132|80|115|85|97|96|39|38|57|66|0|32|0|32|0|32|0|32|10|16|9|14|0|32|38|61|0|32|0|32|0|32|0|32|0|32|0|32|0|32|0|32|0|32|0|32|0|32|129|75|47|42|54|51|28|45|0|32|0|32|0|32|0|32|0|32|0|32|378|237|34|34|27|24|138|160|34|48|0|32|0|32|0|32|0|32|145|144
1600000US3733320|950|312|22|27|231|155|201|150|152|138|118|87|149|102|9|15|46|45|22|35|949|312|22|27|231|155|201|150|152|138|118|87|149|102|9|15|46|45|21|35|913|309|22|27|231|155|201|150|152|138|97|82|134|97|9|15|46|45|21|35|36|41|0|14|0|14|0|14|0|14|21|36|15|24|0|14|0|14|0|14|36|41|0|14|0|14|0|14|0|14|21|36|15|24|0|14|0|14|0|14|0|14|0|14|0|14|0|14|0|14|0|14|0|14|0|14|0|14|0|14|1|3|0|14|0|14|0|14|0|14|0|14|0|14|0|14|0|14|1|3|1|3|0|14|0|14|0|14|0|14|0|14|0|14|0|14|0|14|1|3|0|14|0|14|0|14|0|14|0|14|0|14|0|14|0|14|0|14|0|14|0|14|0|14|0|14|0|14|0|14|0|14|0|14|0|14|0|14|0|14|0|14|0|14|0|14|0|14|0|14|0|14|0|14|0|14|0|14|0|14|0|14|0|14|0|14|0|14|0|14|0|14|0|14|0|14|0|14|0|14
1600000US3733460|30|13|8|8|2|5|8|8|2|3|1|3|0|14|2|5|2|3|5|6|29|12|8|8|1|3|8|8|2|3|1|3|0|14|2|5|2|3|5|6|26|12|8|8|1|3|5|5|2|3|1|3|0|14|2|5|2|3|5|6|3|4|0|14|0|14|3|4|0|14|0|14|0|14|0|14|0|14|0|14|3|4|0|14|0|14|3|4|0|14|0|14|0|14|0|14|0|14|0|14|0|14|0|14|0|14|0|14|0|14|0|14|0|14|0|14|0|14|0|14|0|14|0|14|0|14|0|14|0|14|0|14|0|14|0|14|0|14|0|14|0|14|0|14|0|14|0|14|0|14|0|14|0|14|0|14|0|14|0|14|0|14|0|14|0|14|0|14|0|14|0|14|0|14|0|14|0|14|0|14|0|14|0|14|0|14|0|14|0|14|0|14|0|14|0|14|0|14|0|14|0|14|0|14|0|14|0|14|0|14|0|14|0|14|0|14|0|14|0|14|1|3|0|14|1|3|0|14|0|14|0|14|0|14|0|14|0|14|0|14
1600000US3733560|18629|1034|1294|311|1886|405|2951|607|2263|362|1664|337|2933|500|2346|337|2177|373|1115|300|18221|1000|1148|290|1854|402|2919|612|2248|362|1628|338|2854|490|2346|337|2177|373|1047|296|16922|970|1043|267|1635|379|2822|597|2040|357|1530|321|2756|484|2175|350|1978|363|943|276|1299|298|105|71|219|94|97|82|208|110|98|73|98|69|171|110|199|123|104|84|1167|281|105|71|219|94|97|82|177|99|98|73|81|61|148|106|141|98|101|84|132|101|0|29|0|29|0|29|31|50|0|29|17|25|23|29|58|74|3|5|88|83|0|29|20|33|0|29|0|29|0|29|0|29|0|29|0|29|68|62|88|83|0|29|20|33|0|29|0|29|0|29|0|29|0|29|0|29|68|62|0|29|0|29|0|29|0|29|0|29|0|29|0|29|0|29|0|29|0|29|0|29|0|29|0|29|0|29|0|29|0|29|0|29|0|29|0|29|0|29|18|20|18|20|0|29|0|29|0|29|0|29|0|29|0|29|0|29|0|29|302|195|128|104|12|19|32|46|15|21|36|40|79|86|0|29|0|29|0|29
1600000US3733640|208|180|9|14|0|14|0|14|0|14|0|14|137|138|37|40|8|13|17|18|208|180|9|14|0|14|0|14|0|14|0|14|137|138|37|40|8|13|17|18|52|42|9|14|0|14|0|14|0|14|0|14|35|37|0|14|0|14|8|13|156|141|0|14|0|14|0|14|0|14|0|14|102|103|37|40|8|13|9|14|17|18|0|14|0|14|0|14|0|14|0|14|0|14|0|14|8|13|9|14|139|140|0|14|0|14|0|14|0|14|0|14|102|103|37|40|0|14|0|14|0|14|0|14|0|14|0|14|0|14|0|14|0|14|0|14|0|14|0|14|0|14|0|14|0|14|0|14|0|14|0|14|0|14|0|14|0|14|0|14|0|14|0|14|0|14|0|14|0|14|0|14|0|14|0|14|0|14|0|14|0|14|0|14|0|14|0|14|0|14|0|14|0|14|0|14|0|14|0|14|0|14|0|14|0|14|0|14|0|14|0|14|0|14|0|14|0|14|0|14|0|14|0|14|0|14|0|14|0|14|0|14|0|14|0|14|0|14|0|14
1600000US3733820|256|179|39|61|0|14|100|110|11|18|0|14|35|51|0|14|0|14|71|97|256|179|39|61|0|14|100|110|11|18|0|14|35|51|0|14|0|14|71|97|256|179|39|61|0|14|100|110|11|18|0|14|35|51|0|14|0|14|71|97|0|14|0|14|0|14|0|14|0|14|0|14|0|14|0|14|0|14|0|14|0|14|0|14|0|14|0|14|0|14|0|14|0|14|0|14|0|14|0|14|0|14|0|14|0|14|0|14|0|14|0|14|0|14|0|14|0|14|0|14|0|14|0|14|0|14|0|14|0|14|0|14|0|14|0|14|0|14|0|14|0|14|0|14|0|14|0|14|0|14|0|14|0|14|0|14|0|14|0|14|0|14|0|14|0|14|0|14|0|14|0|14|0|14|0|14|0|14|0|14|0|14|0|14|0|14|0|14|0|14|0|14|0|14|0|14|0|14|0|14|0|14|0|14|0|14|0|14|0|14|0|14|0|14|0|14|0|14|0|14|0|14|0|14|0|14|0|14|0|14|0|14|0|14|0|14|0|14|0|14
1600000US3733940|115|77|13|18|0|14|0|14|0|14|0|14|22|30|19|27|53|63|8|15|107|73|13|18|0|14|0|14|0|14|0|14|22|30|19|27|53|63|0|14|101|71|7|11|0|14|0|14|0|14|0|14|22|30|19|27|53|63|0|14|6|14|6|14|0|14|0|14|0|14|0|14|0|14|0|14|0|14|0|14|0|14|0|14|0|14|0|14|0|14|0|14|0|14|0|14|0|14|0|14|6|14|6|14|0|14|0|14|0|14|0|14|0|14|0|14|0|14|0|14|8|15|0|14|0|14|0|14|0|14|0|14|0|14|0|14|0|14|8|15|8|15|0|14|0|14|0|14|0|14|0|14|0|14|0|14|0|14|8|15|0|14|0|14|0|14|0|14|0|14|0|14|0|14|0|14|0|14|0|14|0|14|0|14|0|14|0|14|0|14|0|14|0|14|0|14|0|14|0|14|0|14|0|14|0|14|0|14|0|14|0|14|0|14|0|14|0|14|0|14|0|14|0|14|0|14|0|14|0|14|0|14|0|14|0|14|0|14|0|14
1600000US3733993|89|58|11|16|4|6|9|15|0|14|0|14|15|17|0|14|19|28|31|53|77|54|11|16|4|6|9|15|0|14|0|14|15|17|0|14|7|13|31|53|46|40|11|16|4|6|9|15|0|14|0|14|15|17|0|14|7|13|0|14|31|53|0|14|0|14|0|14|0|14|0|14|0|14|0|14|0|14|31|53|31|53|0|14|0|14|0|14|0|14|0|14|0|14|0|14|0|14|31|53|0|14|0|14|0|14|0|14|0|14|0|14|0|14|0|14|0|14|0|14|12|25|0|14|0|14|0|14|0|14|0|14|0|14|0|14|12|25|0|14|12|25|0|14|0|14|0|14|0|14|0|14|0|14|0|14|12|25|0|14|0|14|0|14|0|14|0|14|0|14|0|14|0|14|0|14|0|14|0|14|0|14|0|14|0|14|0|14|0|14|0|14|0|14|0|14|0|14|0|14|0|14|0|14|0|14|0|14|0|14|0|14|0|14|0|14|0|14|0|14|0|14|0|14|0|14|0|14|0|14|0|14|0|14|0|14|0|14|0|14
1600000US3734000|287|114|70|38|20|34|15|20|29|20|18|14|29|26|21|20|62|79|23|19|259|111|60|34|2|4|15|20|29|20|18|14|29|26|21|20|62|79|23|19|250|111|58|34|2|4|15|20|29|20|11|10|29|26|21|20|62|79|23|19|9|10|2|4|0|14|0|14|0|14|7|10|0|14|0|14|0|14|0|14|2|4|2|4|0|14|0|14|0|14|0|14|0|14|0|14|0|14|0|14|7|10|0|14|0|14|0|14|0|14|7|10|0|14|0|14|0|14|0|14|0|14|0|14|0|14|0|14|0|14|0|14|0|14|0|14|0|14|0|14|0|14|0|14|0|14|0|14|0|14|0|14|0|14|0|14|0|14|0|14|0|14|0|14|0|14|0|14|0|14|0|14|0|14|0|14|0|14|0|14|0|14|0|14|0|14|0|14|0|14|0|14|0|14|0|14|0|14|0|14|9|13|9|13|0|14|0|14|0|14|0|14|0|14|0|14|0|14|0|14|19|33|1|2|18|33|0|14|0|14|0|14|0|14|0|14|0|14|0|14
1600000US3734038|375|182|49|76|80|66|70|54|23|18|123|107|10|12|6|11|0|14|14|12|367|182|49|76|80|66|70|54|23|18|123|107|10|12|6|11|0|14|6|10|321|178|49|76|71|67|50|43|23|18|106|102|10|12|6|11|0|14|6|10|46|61|0|14|9|14|20|31|0|14|17|30|0|14|0|14|0|14|0|14|46|61|0|14|9|14|20|31|0|14|17|30|0|14|0|14|0|14|0|14|0|14|0|14|0|14|0|14|0|14|0|14|0|14|0|14|0|14|0|14|0|14|0|14|0|14|0|14|0|14|0|14|0|14|0|14|0|14|0|14|0|14|0|14|0|14|0|14|0|14|0|14|0|14|0|14|0|14|0|14|0|14|0|14|0|14|0|14|0|14|0|14|0|14|0|14|0|14|0|14|0|14|0|14|0|14|0|14|0|14|0|14|0|14|0|14|0|14|0|14|0|14|0|14|0|14|0|14|0|14|0|14|0|14|0|14|0|14|0|14|8|13|0|14|0|14|0|14|0|14|0|14|0|14|0|14|0|14|8|13
1600000US3734160|81|81|52|84|0|14|0|14|4|7|0|14|25|42|0|14|0|14|0|14|81|81|52|84|0|14|0|14|4|7|0|14|25|42|0|14|0|14|0|14|81|81|52|84|0|14|0|14|4|7|0|14|25|42|0|14|0|14|0|14|0|14|0|14|0|14|0|14|0|14|0|14|0|14|0|14|0|14|0|14|0|14|0|14|0|14|0|14|0|14|0|14|0|14|0|14|0|14|0|14|0|14|0|14|0|14|0|14|0|14|0|14|0|14|0|14|0|14|0|14|0|14|0|14|0|14|0|14|0|14|0|14|0|14|0|14|0|14|0|14|0|14|0|14|0|14|0|14|0|14|0|14|0|14|0|14|0|14|0|14|0|14|0|14|0|14|0|14|0|14|0|14|0|14|0|14|0|14|0|14|0|14|0|14|0|14|0|14|0|14|0|14|0|14|0|14|0|14|0|14|0|14|0|14|0|14|0|14|0|14|0|14|0|14|0|14|0|14|0|14|0|14|0|14|0|14|0|14|0|14|0|14|0|14|0|14|0|14|0|14
1600000US3734200|37891|1312|13872|866|6879|736|6401|698|4371|765|1306|385|2340|484|965|354|901|273|856|254|31240|1304|10207|888|5821|707|5278|654|3881|752|1214|380|2149|474|965|354|893|273|832|255|23619|1259|5533|667|4407|659|4788|619|3576|758|1114|378|1893|478|932|341|699|201|677|230|7621|753|4674|567|1414|319|490|173|305|128|100|66|256|129|33|33|194|181|155|121|4706|641|2557|445|850|261|407|162|239|115|100|66|220|118|33|33|159|178|141|124|2915|494|2117|428|564|211|83|68|66|52|0|32|36|48|0|32|35|37|14|22|125|93|21|48|33|52|25|34|0|32|12|21|34|44|0|32|0|32|0|32|125|93|21|48|33|52|25|34|0|32|12|21|34|44|0|32|0|32|0|32|0|32|0|32|0|32|0|32|0|32|0|32|0|32|0|32|0|32|0|32|0|32|0|32|0|32|0|32|0|32|0|32|0|32|0|32|0|32|0|32|5896|723|3506|552|865|273|867|291|453|250|72|78|111|83|0|32|8|13|14|23|630|202|138|97|160|117|231|110|37|36|8|13|46|45|0|32|0|32|10|23
1600000US3734260|1937|531|248|228|471|303|398|185|282|134|55|47|229|170|31|39|64|62|159|121|1900|526|248|228|471|303|398|185|282|134|55|47|229|170|31|39|64|62|122|108|1761|527|248|228|463|303|338|179|263|132|55|47|177|158|31|39|64|62|122|108|139|77|0|14|8|12|60|57|19|17|0|14|52|60|0|14|0|14|0|14|109|71|0|14|8|12|30|34|19|17|0|14|52|60|0|14|0|14|0|14|30|48|0|14|0|14|30|48|0|14|0|14|0|14|0|14|0|14|0|14|37|56|0|14|0|14|0|14|0|14|0|14|0|14|0|14|0|14|37|56|37|56|0|14|0|14|0|14|0|14|0|14|0|14|0|14|0|14|37|56|0|14|0|14|0|14|0|14|0|14|0|14|0|14|0|14|0|14|0|14|0|14|0|14|0|14|0|14|0|14|0|14|0|14|0|14|0|14|0|14|0|14|0|14|0|14|0|14|0|14|0|14|0|14|0|14|0|14|0|14|0|14|0|14|0|14|0|14|0|14|0|14|0|14|0|14|0|14|0|14
1600000US3734300|1841|501|598|464|348|145|298|151|274|150|156|67|138|69|13|20|16|26|0|14|1741|528|506|472|348|145|298|151|274|150|148|65|138|69|13|20|16|26|0|14|1667|542|498|473|348|145|258|140|252|150|144|66|138|69|13|20|16|26|0|14|74|62|8|15|0|14|40|49|22|25|4|12|0|14|0|14|0|14|0|14|70|60|8|15|0|14|40|49|22|25|0|14|0|14|0|14|0|14|0|14|4|12|0|14|0|14|0|14|0|14|4|12|0|14|0|14|0|14|0|14|0|14|0|14|0|14|0|14|0|14|0|14|0|14|0|14|0|14|0|14|0|14|0|14|0|14|0|14|0|14|0|14|0|14|0|14|0|14|0|14|0|14|0|14|0|14|0|14|0|14|0|14|0|14|0|14|0|14|0|14|0|14|0|14|0|14|0|14|0|14|0|14|0|14|0|14|0|14|0|14|11|17|11|17|0|14|0|14|0|14|0|14|0|14|0|14|0|14|0|14|89|113|81|112|0|14|0|14|0|14|8|12|0|14|0|14|0|14|0|14
1600000US3734320|190|106|15|18|5|7|64|40|6|8|2|3|8|7|7|7|67|64|16|18|187|105|15|18|5|7|64|40|6|8|2|3|5|5|7|7|67|64|16|18|140|75|15|18|5|7|64|40|6|8|2|3|3|4|5|6|24|29|16|18|47|58|0|14|0|14|0|14|0|14|0|14|2|3|2|4|43|57|0|14|47|58|0|14|0|14|0|14|0|14|0|14|2|3|2|4|43|57|0|14|0|14|0|14|0|14|0|14|0|14|0|14|0|14|0|14|0|14|0|14|0|14|0|14|0|14|0|14|0|14|0|14|0|14|0|14|0|14|0|14|0|14|0|14|0|14|0|14|0|14|0|14|0|14|0|14|0|14|0|14|0|14|0|14|0|14|0|14|0|14|0|14|0|14|0|14|0|14|0|14|0|14|0|14|0|14|0|14|0|14|0|14|0|14|0|14|0|14|0|14|0|14|0|14|0|14|0|14|0|14|0|14|0|14|0|14|0|14|0|14|3|6|0|14|0|14|0|14|0|14|0|14|3|6|0|14|0|14|0|14
1600000US3734440|607|156|194|93|118|53|54|38|18|16|16|23|89|83|79|60|32|23|7|8|602|154|194|93|116|53|54|38|15|15|16|23|89|83|79|60|32|23|7|8|536|140|188|92|113|53|54|38|15|15|16|23|38|35|76|59|29|22|7|8|66|77|6|8|3|5|0|14|0|14|0|14|51|77|3|6|3|5|0|14|63|78|6|8|0|14|0|14|0|14|0|14|51|77|3|6|3|5|0|14|3|5|0|14|3|5|0|14|0|14|0|14|0|14|0|14|0|14|0|14|0|14|0|14|0|14|0|14|0|14|0|14|0|14|0|14|0|14|0|14|0|14|0|14|0|14|0|14|0|14|0|14|0|14|0|14|0|14|0|14|0|14|0|14|0|14|0|14|0|14|0|14|0|14|0|14|0|14|0|14|0|14|0|14|0|14|0|14|0|14|0|14|0|14|0|14|0|14|0|14|2|5|0|14|2|5|0|14|0|14|0|14|0|14|0|14|0|14|0|14|3|6|0|14|0|14|0|14|3|6|0|14|0|14|0|14|0|14|0|14
1600000US3734840|1108|241|158|123|154|90|179|80|187|112|33|50|167|121|120|77|78|99|32|30|1052|225|158|123|152|90|157|73|176|111|33|50|146|115|120|77|78|99|32|30|855|229|73|74|142|85|113|57|124|102|33|50|140|113|120|77|78|99|32|30|197|116|85|99|10|17|44|47|52|39|0|14|6|11|0|14|0|14|0|14|178|118|85|99|10|17|39|47|44|38|0|14|0|14|0|14|0|14|0|14|19|18|0|14|0|14|5|7|8|13|0|14|6|11|0|14|0|14|0|14|21|33|0|14|0|14|0|14|0|14|0|14|21|33|0|14|0|14|0|14|0|14|0|14|0|14|0|14|0|14|0|14|0|14|0|14|0|14|0|14|0|14|0|14|0|14|0|14|0|14|0|14|0|14|0|14|0|14|0|14|21|33|0|14|0|14|0|14|0|14|0|14|21|33|0|14|0|14|0|14|33|41|0|14|0|14|22|38|11|19|0|14|0|14|0|14|0|14|0|14|2|4|0|14|2|4|0|14|0|14|0|14|0|14|0|14|0|14|0|14
1600000US3735200|26108|982|2495|470|3056|599|3530|606|4038|573|2392|458|4535|664|1853|460|2554|537|1655|389|25361|994|2418|452|3026|597|3327|597|3882|564|2367|455|4456|667|1853|460|2554|537|1478|363|22527|1000|1942|423|2642|543|2974|564|3632|567|1880|392|4244|663|1393|341|2345|542|1475|361|2834|476|476|193|384|224|353|196|250|120|487|214|212|113|460|243|209|138|3|10|2144|382|434|187|353|188|241|192|166|112|329|157|212|113|220|154|186|131|3|10|690|323|42|47|31|117|112|116|84|76|158|117|0|32|240|167|23|38|0|32|229|144|0|32|0|32|29|40|23|36|0|32|19|30|0|32|0|32|158|117|187|129|0|32|0|32|29|40|0|32|0|32|0|32|0|32|0|32|158|117|0|32|0|32|0|32|0|32|0|32|0|32|0|32|0|32|0|32|0|32|42|66|0|32|0|32|0|32|23|36|0|32|19|30|0|32|0|32|0|32|118|81|43|60|23|37|52|73|0|32|0|32|0|32|0|32|0|32|0|32|400|202|34|49|7|10|122|172|133|129|25|40|60|59|0|32|0|32|19|40
1600000US3735340|35|43|0|14|0|14|8|15|9|16|0|14|0|14|0|14|8|16|10|17|35|43|0|14|0|14|8|15|9|16|0|14|0|14|0|14|8|16|10|17|35|43|0|14|0|14|8|15|9|16|0|14|0|14|0|14|8|16|10|17|0|14|0|14|0|14|0|14|0|14|0|14|0|14|0|14|0|14|0|14|0|14|0|14|0|14|0|14|0|14|0|14|0|14|0|14|0|14|0|14|0|14|0|14|0|14|0|14|0|14|0|14|0|14|0|14|0|14|0|14|0|14|0|14|0|14|0|14|0|14|0|14|0|14|0|14|0|14|0|14|0|14|0|14|0|14|0|14|0|14|0|14|0|14|0|14|0|14|0|14|0|14|0|14|0|14|0|14|0|14|0|14|0|14|0|14|0|14|0|14|0|14|0|14|0|14|0|14|0|14|0|14|0|14|0|14|0|14|0|14|0|14|0|14|0|14|0|14|0|14|0|14|0|14|0|14|0|14|0|14|0|14|0|14|0|14|0|14|0|14|0|14|0|14|0|14|0|14|0|14
1600000US3735360|89|62|28|40|20|31|12|17|1|4|8|11|0|14|10|17|8|10|2|3|89|62|28|40|20|31|12|17|1|4|8|11|0|14|10|17|8|10|2|3|86|62|26|40|20|31|12|17|1|4|8|11|0|14|10|17|8|10|1|2|3|4|2|4|0|14|0|14|0|14|0|14|0|14|0|14|0|14|1|2|2|4|2|4|0|14|0|14|0|14|0|14|0|14|0|14|0|14|0|14|1|2|0|14|0|14|0|14|0|14|0|14|0|14|0|14|0|14|1|2|0|14|0|14|0|14|0|14|0|14|0|14|0|14|0|14|0|14|0|14|0|14|0|14|0|14|0|14|0|14|0|14|0|14|0|14|0|14|0|14|0|14|0|14|0|14|0|14|0|14|0|14|0|14|0|14|0|14|0|14|0|14|0|14|0|14|0|14|0|14|0|14|0|14|0|14|0|14|0|14|0|14|0|14|0|14|0|14|0|14|0|14|0|14|0|14|0|14|0|14|0|14|0|14|0|14|0|14|0|14|0|14|0|14|0|14|0|14|0|14
1600000US3735440|197|160|0|14|0|14|0|14|0|14|0|14|0|14|37|57|58|70|102|98|197|160|0|14|0|14|0|14|0|14|0|14|0|14|37|57|58|70|102|98|197|160|0|14|0|14|0|14|0|14|0|14|0|14|37|57|58|70|102|98|0|14|0|14|0|14|0|14|0|14|0|14|0|14|0|14|0|14|0|14|0|14|0|14|0|14|0|14|0|14|0|14|0|14|0|14|0|14|0|14|0|14|0|14|0|14|0|14|0|14|0|14|0|14|0|14|0|14|0|14|0|14|0|14|0|14|0|14|0|14|0|14|0|14|0|14|0|14|0|14|0|14|0|14|0|14|0|14|0|14|0|14|0|14|0|14|0|14|0|14|0|14|0|14|0|14|0|14|0|14|0|14|0|14|0|14|0|14|0|14|0|14|0|14|0|14|0|14|0|14|0|14|0|14|0|14|0|14|0|14|0|14|0|14|0|14|0|14|0|14|0|14|0|14|0|14|0|14|0|14|0|14|0|14|0|14|0|14|0|14|0|14|0|14|0|14|0|14|0|14
1600000US3735460|307|112|78|49|16|23|68|46|29|32|8|9|32|30|11|17|23|24|42|35|306|112|77|48|16|23|68|46|29|32|8|9|32|30|11|17|23|24|42|35|242|97|48|37|14|23|68|46|14|14|8|9|32|30|0|14|23|24|35|31|64|47|29|23|2|4|0|14|15|28|0|14|0|14|11|17|0|14|7|13|60|46|25|22|2|4|0|14|15|28|0|14|0|14|11|17|0|14|7|13|4|7|4|7|0|14|0|14|0|14|0|14|0|14|0|14|0|14|0|14|0|14|0|14|0|14|0|14|0|14|0|14|0|14|0|14|0|14|0|14|0|14|0|14|0|14|0|14|0|14|0|14|0|14|0|14|0|14|0|14|0|14|0|14|0|14|0|14|0|14|0|14|0|14|0|14|0|14|0|14|0|14|0|14|0|14|0|14|0|14|0|14|0|14|0|14|0|14|0|14|0|14|0|14|0|14|0|14|0|14|0|14|0|14|0|14|0|14|0|14|1|2|1|2|0|14|0|14|0|14|0|14|0|14|0|14|0|14|0|14
1600000US3735540|1028|273|124|71|195|190|128|60|101|70|69|45|125|87|67|37|107|56|112|56|929|221|124|71|100|112|124|60|101|70|69|45|125|87|67|37|107|56|112|56|772|198|101|69|100|112|83|49|86|70|69|45|93|67|52|35|87|47|101|55|157|91|23|28|0|14|41|43|15|20|0|14|32|42|15|17|20|22|11|14|118|70|1|3|0|14|41|43|15|20|0|14|32|42|15|17|9|13|5|9|39|30|22|28|0|14|0|14|0|14|0|14|0|14|0|14|11|17|6|8|0|14|0|14|0|14|0|14|0|14|0|14|0|14|0|14|0|14|0|14|0|14|0|14|0|14|0|14|0|14|0|14|0|14|0|14|0|14|0|14|0|14|0|14|0|14|0|14|0|14|0|14|0|14|0|14|0|14|0|14|0|14|0|14|0|14|0|14|0|14|0|14|0|14|0|14|0|14|0|14|99|156|0|14|95|156|4|6|0|14|0|14|0|14|0|14|0|14|0|14|0|14|0|14|0|14|0|14|0|14|0|14|0|14|0|14|0|14|0|14
1600000US3735600|12235|693|1537|350|1482|348|2232|400|3117|521|942|229|1686|320|395|286|258|127|586|167|11968|679|1427|343|1449|345|2208|403|3088|519|925|235|1669|318|395|286|258|127|549|166|11159|696|1340|305|1356|332|2134|403|2865|482|885|229|1500|306|335|278|258|127|486|155|809|235|87|90|93|69|74|46|223|136|40|40|169|105|60|44|0|25|63|45|555|171|68|88|35|40|60|43|140|107|17|16|138|97|42|38|0|25|55|43|254|121|19|21|58|62|14|20|83|75|23|36|31|36|18|21|0|25|8|13|0|25|0|25|0|25|0|25|0|25|0|25|0|25|0|25|0|25|0|25|0|25|0|25|0|25|0|25|0|25|0|25|0|25|0|25|0|25|0|25|0|25|0|25|0|25|0|25|0|25|0|25|0|25|0|25|0|25|0|25|0|25|0|25|0|25|0|25|0|25|0|25|0|25|0|25|0|25|0|25|92|48|67|39|8|13|7|12|10|15|0|25|0|25|0|25|0|25|0|25|175|88|43|51|25|25|17|30|19|23|17|28|17|29|0|25|0|25|37|46
1600000US3735720|3511|358|987|360|689|217|670|214|346|173|116|107|295|175|53|83|77|70|278|116|3444|369|970|362|662|215|670|214|346|173|116|107|272|149|53|83|77|70|278|116|3056|410|970|362|628|213|670|214|204|122|110|107|135|78|53|83|56|79|230|102|388|212|0|19|34|37|0|19|142|133|6|11|137|142|0|19|21|33|48|55|197|115|0|19|20|32|0|19|63|65|0|19|45|46|0|19|21|33|48|55|191|169|0|19|14|25|0|19|79|113|6|11|92|130|0|19|0|19|0|19|0|19|0|19|0|19|0|19|0|19|0|19|0|19|0|19|0|19|0|19|0|19|0|19|0|19|0|19|0|19|0|19|0|19|0|19|0|19|0|19|0|19|0|19|0|19|0|19|0|19|0|19|0|19|0|19|0|19|0|19|0|19|0|19|0|19|0|19|0|19|0|19|0|19|0|19|0|19|0|19|22|28|17|27|5|8|0|19|0|19|0|19|0|19|0|19|0|19|0|19|45|49|0|19|22|35|0|19|0|19|0|19|23|34|0|19|0|19|0|19
1600000US3735760|2844|379|632|289|161|99|492|232|442|147|169|106|446|223|215|117|166|101|121|99|2763|399|632|289|155|98|433|229|442|147|169|106|446|223|199|116|166|101|121|99|2607|413|573|290|155|98|401|226|399|148|147|106|446|223|199|116|166|101|121|99|156|81|59|52|0|19|32|44|43|47|22|30|0|19|0|19|0|19|0|19|146|85|59|52|0|19|32|44|33|38|22|30|0|19|0|19|0|19|0|19|10|23|0|19|0|19|0|19|10|23|0|19|0|19|0|19|0|19|0|19|0|19|0|19|0|19|0|19|0|19|0|19|0|19|0|19|0|19|0|19|0|19|0|19|0|19|0|19|0|19|0|19|0|19|0|19|0|19|0|19|0|19|0|19|0|19|0|19|0|19|0|19|0|19|0|19|0|19|0|19|0|19|0|19|0|19|0|19|0|19|0|19|0|19|0|19|0|19|0|19|0|19|0|19|0|19|0|19|0|19|0|19|0|19|0|19|0|19|0|19|81|67|0|19|6|11|59|57|0|19|0|19|0|19|16|25|0|19|0|19
1600000US3735870|3594|566|214|90|768|313|805|226|764|222|70|65|504|263|13|20|119|80|337|315|3576|573|214|90|768|313|805|226|746|226|70|65|504|263|13|20|119|80|337|315|3065|526|207|88|637|271|764|218|653|220|70|65|496|262|13|20|98|74|127|105|511|289|7|11|131|109|41|53|93|87|0|19|8|14|0|19|21|22|210|299|408|218|7|11|131|109|41|53|69|77|0|19|0|19|0|19|21|22|139|191|103|108|0|19|0|19|0|19|24|37|0|19|8|14|0|19|0|19|71|111|0|19|0|19|0|19|0|19|0|19|0|19|0|19|0|19|0|19|0|19|0|19|0|19|0|19|0|19|0|19|0|19|0|19|0|19|0|19|0|19|0|19|0|19|0|19|0|19|0|19|0|19|0|19|0|19|0|19|0|19|0|19|0|19|0|19|0|19|0|19|0|19|0|19|0|19|0|19|0|19|0|19|0|19|0|19|0|19|0|19|0|19|0|19|0|19|0|19|0|19|18|35|0|19|0|19|0|19|18|35|0|19|0|19|0|19|0|19|0|19
1600000US3735880|4829|578|747|227|646|213|460|186|923|334|309|147|320|199|508|248|588|260|328|164|4727|570|738|231|646|213|440|184|923|334|309|147|320|199|508|248|588|260|255|136|4378|536|660|220|616|214|432|184|884|319|227|130|320|199|467|241|588|260|184|101|349|159|78|67|30|32|8|14|39|66|82|86|0|21|41|41|0|21|71|69|252|131|47|54|30|32|8|14|39|66|82|86|0|21|18|27|0|21|28|43|97|72|31|37|0|21|0|21|0|21|0|21|0|21|23|33|0|21|43|52|2|4|0|21|0|21|2|4|0|21|0|21|0|21|0|21|0|21|0|21|2|4|0|21|0|21|2|4|0|21|0|21|0|21|0|21|0|21|0|21|0|21|0|21|0|21|0|21|0|21|0|21|0|21|0|21|0|21|0|21|0|21|0|21|0|21|0|21|0|21|0|21|0|21|0|21|0|21|0|21|79|81|6|9|0|21|0|21|0|21|0|21|0|21|0|21|0|21|73|81|21|34|3|13|0|21|18|30|0|21|0|21|0|21|0|21|0|21|0|21
1600000US3735890|137|82|12|16|5|6|31|27|20|17|0|14|33|47|21|22|3|5|12|18|133|78|12|16|5|6|31|27|20|17|0|14|29|42|21|22|3|5|12|18|102|57|12|16|5|6|22|22|20|17|0|14|10|13|21|22|0|14|12|18|31|34|0|14|0|14|9|15|0|14|0|14|19|29|0|14|3|5|0|14|22|30|0|14|0|14|0|14|0|14|0|14|19|29|0|14|3|5|0|14|9|15|0|14|0|14|9|15|0|14|0|14|0|14|0|14|0|14|0|14|0|14|0|14|0|14|0|14|0|14|0|14|0|14|0|14|0|14|0|14|0|14|0|14|0|14|0|14|0|14|0|14|0|14|0|14|0|14|0|14|0|14|0|14|0|14|0|14|0|14|0|14|0|14|0|14|0|14|0|14|0|14|0|14|0|14|0|14|0|14|0|14|0|14|0|14|0|14|0|14|0|14|0|14|0|14|0|14|0|14|0|14|0|14|0|14|0|14|0|14|4|7|0|14|0|14|0|14|0|14|0|14|4|7|0|14|0|14|0|14
1600000US3735920|6274|483|1595|386|1473|371|806|256|369|121|214|98|559|172|521|195|411|237|326|174|6149|494|1547|386|1473|371|797|255|369|121|182|90|552|173|492|192|411|237|326|174|5188|504|1257|368|1200|324|679|220|270|111|182|90|497|171|453|191|386|237|264|171|961|272|290|150|273|156|118|120|99|70|0|21|55|53|39|54|25|41|62|35|748|240|256|140|234|143|35|44|73|65|0|21|55|53|8|13|25|41|62|35|213|172|34|47|39|58|83|113|26|30|0|21|0|21|31|51|0|21|0|21|29|32|0|21|0|21|0|21|0|21|0|21|0|21|29|32|0|21|0|21|29|32|0|21|0|21|0|21|0|21|0|21|0|21|29|32|0|21|0|21|0|21|0|21|0|21|0|21|0|21|0|21|0|21|0|21|0|21|0|21|0|21|0|21|0|21|0|21|0|21|0|21|0|21|0|21|0|21|0|21|89|63|48|49|0|21|9|16|0|21|32|40|0|21|0|21|0|21|0|21|7|11|0|21|0|21|0|21|0|21|0|21|7|11|0|21|0|21|0|21
1600000US3736020|31|28|0|14|8|11|5|9|4|8|2|4|2|4|6|9|0|14|4|7|31|28|0|14|8|11|5|9|4|8|2|4|2|4|6|9|0|14|4|7|25|22|0|14|7|11|2|3|2|4|2|4|2|4|6|9|0|14|4|7|6|12|0|14|1|2|3|8|2|6|0|14|0|14|0|14|0|14|0|14|6|12|0|14|1|2|3|8|2|6|0|14|0|14|0|14|0|14|0|14|0|14|0|14|0|14|0|14|0|14|0|14|0|14|0|14|0|14|0|14|0|14|0|14|0|14|0|14|0|14|0|14|0|14|0|14|0|14|0|14|0|14|0|14|0|14|0|14|0|14|0|14|0|14|0|14|0|14|0|14|0|14|0|14|0|14|0|14|0|14|0|14|0|14|0|14|0|14|0|14|0|14|0|14|0|14|0|14|0|14|0|14|0|14|0|14|0|14|0|14|0|14|0|14|0|14|0|14|0|14|0|14|0|14|0|14|0|14|0|14|0|14|0|14|0|14|0|14|0|14|0|14|0|14|0|14|0|14|0|14
1600000US3736060|1594|216|335|127|214|117|373|184|85|62|76|41|180|79|18|21|117|80|196|113|1589|218|330|127|214|117|373|184|85|62|76|41|180|79|18|21|117|80|196|113|1366|264|310|125|214|117|260|136|71|53|76|41|180|79|18|21|50|38|187|111|223|145|20|31|0|14|113|131|14|25|0|14|0|14|0|14|67|68|9|13|191|147|20|31|0|14|105|136|14|25|0|14|0|14|0|14|43|51|9|13|32|40|0|14|0|14|8|15|0|14|0|14|0|14|0|14|24|39|0|14|0|14|0|14|0|14|0|14|0|14|0|14|0|14|0|14|0|14|0|14|0|14|0|14|0|14|0|14|0|14|0|14|0|14|0|14|0|14|0|14|0|14|0|14|0|14|0|14|0|14|0|14|0|14|0|14|0|14|0|14|0|14|0|14|0|14|0|14|0|14|0|14|0|14|0|14|0|14|0|14|5|9|5|9|0|14|0|14|0|14|0|14|0|14|0|14|0|14|0|14|0|14|0|14|0|14|0|14|0|14|0|14|0|14|0|14|0|14|0|14
1600000US3736080|9202|678|636|215|1035|420|1440|482|1867|389|1117|381|1559|336|772|297|548|241|228|113|8733|735|519|202|965|409|1290|492|1867|389|1109|381|1501|313|706|276|548|241|228|113|7914|729|424|194|864|367|1144|490|1617|361|1081|385|1337|315|701|275|532|236|214|109|819|305|95|79|101|154|146|89|250|185|28|48|164|90|5|10|16|27|14|21|634|230|95|79|0|25|146|89|220|164|28|48|110|61|5|10|16|27|14|21|185|173|0|25|101|154|0|25|30|48|0|25|54|66|0|25|0|25|0|25|0|25|0|25|0|25|0|25|0|25|0|25|0|25|0|25|0|25|0|25|0|25|0|25|0|25|0|25|0|25|0|25|0|25|0|25|0|25|0|25|0|25|0|25|0|25|0|25|0|25|0|25|0|25|0|25|0|25|0|25|0|25|0|25|0|25|0|25|0|25|0|25|0|25|0|25|0|25|0|25|117|91|117|91|0|25|0|25|0|25|0|25|0|25|0|25|0|25|0|25|352|196|0|25|70|106|150|120|0|25|8|13|58|91|66|96|0|25|0|25
1600000US3736220|763|223|180|139|56|58|27|18|177|79|56|29|75|46|43|36|56|33|93|66|559|125|74|44|16|13|27|18|161|75|56|29|75|46|43|36|52|32|55|47|529|129|65|45|16|13|27|18|155|74|50|27|75|46|43|36|43|30|55|47|30|24|9|12|0|14|0|14|6|9|6|11|0|14|0|14|9|14|0|14|9|14|0|14|0|14|0|14|0|14|0|14|0|14|0|14|9|14|0|14|21|19|9|12|0|14|0|14|6|9|6|11|0|14|0|14|0|14|0|14|0|14|0|14|0|14|0|14|0|14|0|14|0|14|0|14|0|14|0|14|0|14|0|14|0|14|0|14|0|14|0|14|0|14|0|14|0|14|0|14|0|14|0|14|0|14|0|14|0|14|0|14|0|14|0|14|0|14|0|14|0|14|0|14|0|14|0|14|0|14|0|14|0|14|0|14|0|14|0|14|150|169|106|135|40|57|0|14|0|14|0|14|0|14|0|14|4|7|0|14|54|54|0|14|0|14|0|14|16|20|0|14|0|14|0|14|0|14|38|49
1600000US3736400|797|196|163|132|133|93|0|14|212|149|158|111|52|72|0|14|12|20|67|76|797|196|163|132|133|93|0|14|212|149|158|111|52|72|0|14|12|20|67|76|663|196|138|129|70|74|0|14|166|135|158|111|52|72|0|14|12|20|67|76|134|93|25|38|63|73|0|14|46|71|0|14|0|14|0|14|0|14|0|14|88|69|25|38|17|32|0|14|46|71|0|14|0|14|0|14|0|14|0|14|46|66|0|14|46|66|0|14|0|14|0|14|0|14|0|14|0|14|0|14|0|14|0|14|0|14|0|14|0|14|0|14|0|14|0|14|0|14|0|14|0|14|0|14|0|14|0|14|0|14|0|14|0|14|0|14|0|14|0|14|0|14|0|14|0|14|0|14|0|14|0|14|0|14|0|14|0|14|0|14|0|14|0|14|0|14|0|14|0|14|0|14|0|14|0|14|0|14|0|14|0|14|0|14|0|14|0|14|0|14|0|14|0|14|0|14|0|14|0|14|0|14|0|14|0|14|0|14|0|14|0|14|0|14|0|14|0|14|0|14
1600000US3736480|1053|376|390|247|129|70|326|196|25|32|41|39|69|51|11|18|34|30|28|43|946|336|390|247|129|70|219|117|25|32|41|39|69|51|11|18|34|30|28|43|916|339|382|248|129|70|219|117|25|32|41|39|47|39|11|18|34|30|28|43|30|37|8|14|0|14|0|14|0|14|0|14|22|34|0|14|0|14|0|14|30|37|8|14|0|14|0|14|0|14|0|14|22|34|0|14|0|14|0|14|0|14|0|14|0|14|0|14|0|14|0|14|0|14|0|14|0|14|0|14|0|14|0|14|0|14|0|14|0|14|0|14|0|14|0|14|0|14|0|14|0|14|0|14|0|14|0|14|0|14|0|14|0|14|0|14|0|14|0|14|0|14|0|14|0|14|0|14|0|14|0|14|0|14|0|14|0|14|0|14|0|14|0|14|0|14|0|14|0|14|0|14|0|14|0|14|0|14|0|14|107|158|0|14|0|14|107|158|0|14|0|14|0|14|0|14|0|14|0|14|0|14|0|14|0|14|0|14|0|14|0|14|0|14|0|14|0|14|0|14
1600000US3736500|394|112|58|30|27|33|19|19|15|15|30|31|56|35|85|45|68|38|36|30|353|103|40|29|27|33|19|19|15|15|30|31|48|33|85|45|68|38|21|22|328|101|40|29|26|33|19|19|15|15|30|31|44|31|71|38|68|38|15|19|25|23|0|14|1|4|0|14|0|14|0|14|4|7|14|17|0|14|6|11|25|23|0|14|1|4|0|14|0|14|0|14|4|7|14|17|0|14|6|11|0|14|0|14|0|14|0|14|0|14|0|14|0|14|0|14|0|14|0|14|0|14|0|14|0|14|0|14|0|14|0|14|0|14|0|14|0|14|0|14|0|14|0|14|0|14|0|14|0|14|0|14|0|14|0|14|0|14|0|14|0|14|0|14|0|14|0|14|0|14|0|14|0|14|0|14|0|14|0|14|0|14|0|14|0|14|0|14|0|14|0|14|0|14|0|14|0|14|0|14|8|8|8|8|0|14|0|14|0|14|0|14|0|14|0|14|0|14|0|14|33|29|10|15|0|14|0|14|0|14|0|14|8|12|0|14|0|14|15|21
1600000US3736510|3954|503|184|168|174|119|440|224|334|149|387|179|808|243|399|151|684|242|544|243|3923|507|178|166|174|119|440|224|334|149|387|179|808|243|399|151|684|242|519|238|3261|514|178|166|174|119|262|172|229|135|362|178|698|204|327|158|557|198|474|222|662|230|0|19|0|19|178|136|105|72|25|39|110|117|72|63|127|129|45|73|465|205|0|19|0|19|20|33|91|68|0|19|110|117|72|63|127|129|45|73|197|148|0|19|0|19|158|140|14|22|25|39|0|19|0|19|0|19|0|19|0|19|0|19|0|19|0|19|0|19|0|19|0|19|0|19|0|19|0|19|0|19|0|19|0|19|0|19|0|19|0|19|0|19|0|19|0|19|0|19|0|19|0|19|0|19|0|19|0|19|0|19|0|19|0|19|0|19|0|19|0|19|0|19|0|19|0|19|0|19|0|19|0|19|0|19|0|19|0|19|0|19|0|19|0|19|0|19|0|19|0|19|0|19|0|19|0|19|0|19|31|38|6|10|0|19|0|19|0|19|0|19|0|19|0|19|0|19|25|37
1600000US3736511|4056|551|333|136|304|129|725|438|705|176|264|138|251|94|444|135|611|169|419|157|3874|541|254|117|304|129|725|438|690|174|264|138|228|89|391|127|611|169|407|151|3660|532|244|114|293|128|715|436|620|159|240|137|228|89|385|126|551|166|384|151|214|117|10|16|11|18|10|16|70|82|24|37|0|21|6|10|60|47|23|25|45|40|0|21|0|21|0|21|0|21|0|21|0|21|6|10|39|40|0|21|169|117|10|16|11|18|10|16|70|82|24|37|0|21|0|21|21|33|23|25|12|21|0|21|0|21|0|21|0|21|0|21|0|21|0|21|0|21|12|21|12|21|0|21|0|21|0|21|0|21|0|21|0|21|0|21|0|21|12|21|0|21|0|21|0|21|0|21|0|21|0|21|0|21|0|21|0|21|0|21|0|21|0|21|0|21|0|21|0|21|0|21|0|21|0|21|0|21|0|21|57|43|57|43|0|21|0|21|0|21|0|21|0|21|0|21|0|21|0|21|113|69|22|41|0|21|0|21|15|22|0|21|23|37|53|51|0|21|0|21
1600000US3736512|1243|154|65|39|123|63|116|57|109|47|59|53|501|166|70|39|111|50|89|53|1219|153|62|35|102|61|116|57|109|47|59|53|501|166|70|39|111|50|89|53|1092|163|52|31|102|61|108|60|84|43|59|53|464|166|70|39|64|42|89|53|127|77|10|17|0|14|8|13|25|27|0|14|37|40|0|14|47|38|0|14|127|77|10|17|0|14|8|13|25|27|0|14|37|40|0|14|47|38|0|14|0|14|0|14|0|14|0|14|0|14|0|14|0|14|0|14|0|14|0|14|0|14|0|14|0|14|0|14|0|14|0|14|0|14|0|14|0|14|0|14|0|14|0|14|0|14|0|14|0|14|0|14|0|14|0|14|0|14|0|14|0|14|0|14|0|14|0|14|0|14|0|14|0|14|0|14|0|14|0|14|0|14|0|14|0|14|0|14|0|14|0|14|0|14|0|14|0|14|0|14|5|7|0|14|5|7|0|14|0|14|0|14|0|14|0|14|0|14|0|14|19|25|3|7|16|24|0|14|0|14|0|14|0|14|0|14|0|14|0|14
1600000US3736513|1625|525|101|131|38|31|27|32|233|247|25|31|409|260|92|95|458|228|242|139|1625|525|101|131|38|31|27|32|233|247|25|31|409|260|92|95|458|228|242|139|1536|524|101|131|11|17|27|32|233|247|25|31|400|261|92|95|418|222|229|139|89|70|0|14|27|25|0|14|0|14|0|14|9|14|0|14|40|48|13|21|49|35|0|14|27|25|0|14|0|14|0|14|9|14|0|14|0|14|13|21|40|48|0|14|0|14|0|14|0|14|0|14|0|14|0|14|40|48|0|14|0|14|0|14|0|14|0|14|0|14|0|14|0|14|0|14|0|14|0|14|0|14|0|14|0|14|0|14|0|14|0|14|0|14|0|14|0|14|0|14|0|14|0|14|0|14|0|14|0|14|0|14|0|14|0|14|0|14|0|14|0|14|0|14|0|14|0|14|0|14|0|14|0|14|0|14|0|14|0|14|0|14|0|14|0|14|0|14|0|14|0|14|0|14|0|14|0|14|0|14|0|14|0|14|0|14|0|14|0|14|0|14|0|14|0|14|0|14|0|14
1600000US3736514|15|17|0|14|0|14|5|9|0|14|0|14|2|3|0|14|0|14|8|10|15|17|0|14|0|14|5|9|0|14|0|14|2|3|0|14|0|14|8|10|13|17|0|14|0|14|5|9|0|14|0|14|0|14|0|14|0|14|8|10|2|3|0|14|0|14|0|14|0|14|0|14|2|3|0|14|0|14|0|14|2|3|0|14|0|14|0|14|0|14|0|14|2|3|0|14|0|14|0|14|0|14|0|14|0|14|0|14|0|14|0|14|0|14|0|14|0|14|0|14|0|14|0|14|0|14|0|14|0|14|0|14|0|14|0|14|0|14|0|14|0|14|0|14|0|14|0|14|0|14|0|14|0|14|0|14|0|14|0|14|0|14|0|14|0|14|0|14|0|14|0|14|0|14|0|14|0|14|0|14|0|14|0|14|0|14|0|14|0|14|0|14|0|14|0|14|0|14|0|14|0|14|0|14|0|14|0|14|0|14|0|14|0|14|0|14|0|14|0|14|0|14|0|14|0|14|0|14|0|14|0|14|0|14|0|14|0|14|0|14
1600000US3736640|627|143|91|67|54|46|115|72|103|43|33|28|50|27|26|15|62|30|93|37|603|141|70|55|54|46|115|72|103|43|33|28|50|27|26|15|62|30|90|37|588|138|70|55|49|45|106|69|103|43|33|28|49|27|26|15|62|30|90|37|15|24|0|14|5|11|9|13|0|14|0|14|1|4|0|14|0|14|0|14|15|24|0|14|5|11|9|13|0|14|0|14|1|4|0|14|0|14|0|14|0|14|0|14|0|14|0|14|0|14|0|14|0|14|0|14|0|14|0|14|0|14|0|14|0|14|0|14|0|14|0|14|0|14|0|14|0|14|0|14|0|14|0|14|0|14|0|14|0|14|0|14|0|14|0|14|0|14|0|14|0|14|0|14|0|14|0|14|0|14|0|14|0|14|0|14|0|14|0|14|0|14|0|14|0|14|0|14|0|14|0|14|0|14|0|14|0|14|0|14|21|31|21|31|0|14|0|14|0|14|0|14|0|14|0|14|0|14|0|14|3|4|0|14|0|14|0|14|0|14|0|14|0|14|0|14|0|14|3|4
1600000US3736860|1529|357|49|72|33|38|297|154|233|143|316|192|268|148|121|80|151|102|61|50|1450|367|49|72|33|38|297|154|154|108|316|192|268|148|121|80|151|102|61|50|1363|344|32|56|33|38|297|154|154|108|292|184|250|141|121|80|151|102|33|33|87|61|17|27|0|14|0|14|0|14|24|32|18|29|0|14|0|14|28|34|51|50|17|27|0|14|0|14|0|14|24|32|0|14|0|14|0|14|10|19|36|39|0|14|0|14|0|14|0|14|0|14|18|29|0|14|0|14|18|27|0|14|0|14|0|14|0|14|0|14|0|14|0|14|0|14|0|14|0|14|0|14|0|14|0|14|0|14|0|14|0|14|0|14|0|14|0|14|0|14|0|14|0|14|0|14|0|14|0|14|0|14|0|14|0|14|0|14|0|14|0|14|0|14|0|14|0|14|0|14|0|14|0|14|0|14|0|14|0|14|0|14|0|14|0|14|0|14|0|14|0|14|0|14|0|14|0|14|0|14|79|101|0|14|0|14|0|14|79|101|0|14|0|14|0|14|0|14|0|14
1600000US3736960|79|69|9|10|1|3|14|24|7|12|15|23|5|8|0|14|2|3|26|44|79|69|9|10|1|3|14|24|7|12|15|23|5|8|0|14|2|3|26|44|51|40|9|10|1|3|14|24|7|12|15|23|5|8|0|14|0|14|0|14|28|44|0|14|0|14|0|14|0|14|0|14|0|14|0|14|2|3|26|44|28|44|0|14|0|14|0|14|0|14|0|14|0|14|0|14|2|3|26|44|0|14|0|14|0|14|0|14|0|14|0|14|0|14|0|14|0|14|0|14|0|14|0|14|0|14|0|14|0|14|0|14|0|14|0|14|0|14|0|14|0|14|0|14|0|14|0|14|0|14|0|14|0|14|0|14|0|14|0|14|0|14|0|14|0|14|0|14|0|14|0|14|0|14|0|14|0|14|0|14|0|14|0|14|0|14|0|14|0|14|0|14|0|14|0|14|0|14|0|14|0|14|0|14|0|14|0|14|0|14|0|14|0|14|0|14|0|14|0|14|0|14|0|14|0|14|0|14|0|14|0|14|0|14|0|14|0|14|0|14
1600000US3737000|27|17|0|14|7|9|16|13|0|14|0|14|2|3|2|4|0|14|0|14|27|17|0|14|7|9|16|13|0|14|0|14|2|3|2|4|0|14|0|14|27|17|0|14|7|9|16|13|0|14|0|14|2|3|2|4|0|14|0|14|0|14|0|14|0|14|0|14|0|14|0|14|0|14|0|14|0|14|0|14|0|14|0|14|0|14|0|14|0|14|0|14|0|14|0|14|0|14|0|14|0|14|0|14|0|14|0|14|0|14|0|14|0|14|0|14|0|14|0|14|0|14|0|14|0|14|0|14|0|14|0|14|0|14|0|14|0|14|0|14|0|14|0|14|0|14|0|14|0|14|0|14|0|14|0|14|0|14|0|14|0|14|0|14|0|14|0|14|0|14|0|14|0|14|0|14|0|14|0|14|0|14|0|14|0|14|0|14|0|14|0|14|0|14|0|14|0|14|0|14|0|14|0|14|0|14|0|14|0|14|0|14|0|14|0|14|0|14|0|14|0|14|0|14|0|14|0|14|0|14|0|14|0|14|0|14|0|14|0|14
1600000US3737040|250|232|9|7|28|32|114|127|13|12|6|9|51|81|10|11|4|5|15|11|250|232|9|7|28|32|114|127|13|12|6|9|51|81|10|11|4|5|15|11|247|231|9|7|28|32|111|126|13|12|6|9|51|81|10|11|4|5|15|11|3|5|0|14|0|14|3|5|0|14|0|14|0|14|0|14|0|14|0|14|0|14|0|14|0|14|0|14|0|14|0|14|0|14|0|14|0|14|0|14|3|5|0|14|0|14|3|5|0|14|0|14|0|14|0|14|0|14|0|14|0|14|0|14|0|14|0|14|0|14|0|14|0|14|0|14|0|14|0|14|0|14|0|14|0|14|0|14|0|14|0|14|0|14|0|14|0|14|0|14|0|14|0|14|0|14|0|14|0|14|0|14|0|14|0|14|0|14|0|14|0|14|0|14|0|14|0|14|0|14|0|14|0|14|0|14|0|14|0|14|0|14|0|14|0|14|0|14|0|14|0|14|0|14|0|14|0|14|0|14|0|14|0|14|0|14|0|14|0|14|0|14|0|14|0|14|0|14|0|14
1600000US3737120|364|119|11|11|20|22|113|70|92|54|0|14|25|28|20|22|32|31|51|39|344|117|6|11|20|22|113|70|77|48|0|14|25|28|20|22|32|31|51|39|264|82|6|11|20|22|60|40|62|43|0|14|25|28|20|22|20|26|51|39|80|83|0|14|0|14|53|57|15|25|0|14|0|14|0|14|12|17|0|14|80|83|0|14|0|14|53|57|15|25|0|14|0|14|0|14|12|17|0|14|0|14|0|14|0|14|0|14|0|14|0|14|0|14|0|14|0|14|0|14|0|14|0|14|0|14|0|14|0|14|0|14|0|14|0|14|0|14|0|14|0|14|0|14|0|14|0|14|0|14|0|14|0|14|0|14|0|14|0|14|0|14|0|14|0|14|0|14|0|14|0|14|0|14|0|14|0|14|0|14|0|14|0|14|0|14|0|14|0|14|0|14|0|14|0|14|0|14|0|14|5|8|5|8|0|14|0|14|0|14|0|14|0|14|0|14|0|14|0|14|15|25|0|14|0|14|0|14|15|25|0|14|0|14|0|14|0|14|0|14
1600000US3737160|812|246|157|135|216|79|159|76|40|30|38|23|62|37|64|45|16|17|60|74|798|244|154|135|216|79|155|75|40|30|34|22|59|36|64|45|16|17|60|74|718|174|94|60|207|77|150|75|40|30|34|22|59|36|64|45|16|17|54|73|80|87|60|85|9|12|5|9|0|14|0|14|0|14|0|14|0|14|6|11|74|86|60|85|9|12|5|9|0|14|0|14|0|14|0|14|0|14|0|14|6|11|0|14|0|14|0|14|0|14|0|14|0|14|0|14|0|14|6|11|0|14|0|14|0|14|0|14|0|14|0|14|0|14|0|14|0|14|0|14|0|14|0|14|0|14|0|14|0|14|0|14|0|14|0|14|0|14|0|14|0|14|0|14|0|14|0|14|0|14|0|14|0|14|0|14|0|14|0|14|0|14|0|14|0|14|0|14|0|14|0|14|0|14|0|14|0|14|0|14|4|7|0|14|0|14|4|7|0|14|0|14|0|14|0|14|0|14|0|14|10|12|3|5|0|14|0|14|0|14|4|7|3|6|0|14|0|14|0|14
1600000US3737220|4762|332|1496|256|960|178|467|123|383|124|248|108|331|126|341|123|344|112|192|61|4647|331|1430|258|942|182|466|122|376|125|248|108|331|126|341|123|344|112|169|59|4099|314|1283|240|815|160|403|117|325|111|219|105|268|106|329|120|333|110|124|46|548|145|147|91|127|72|63|36|51|39|29|31|63|47|12|22|11|13|45|37|514|143|147|91|127|72|63|36|40|35|29|31|50|42|12|22|11|13|35|33|34|28|0|21|0|21|0|21|11|16|0|21|13|21|0|21|0|21|10|14|12|16|0|21|0|21|1|4|0|21|0|21|0|21|0|21|0|21|11|16|2|5|0|21|0|21|1|4|0|21|0|21|0|21|0|21|0|21|1|2|0|21|0|21|0|21|0|21|0|21|0|21|0|21|0|21|0|21|0|21|10|15|0|21|0|21|0|21|0|21|0|21|0|21|0|21|0|21|10|15|51|38|33|36|18|20|0|21|0|21|0|21|0|21|0|21|0|21|0|21|52|42|33|37|0|21|0|21|7|14|0|21|0|21|0|21|0|21|12|18
1600000US3737260|262|114|30|20|10|11|37|23|23|22|5|9|67|74|36|36|40|53|14|13|259|113|30|20|7|10|37|23|23|22|5|9|67|74|36|36|40|53|14|13|232|111|30|20|7|10|37|23|16|19|1|2|65|73|26|34|40|53|10|12|27|20|0|14|0|14|0|14|7|9|4|9|2|5|10|12|0|14|4|6|16|14|0|14|0|14|0|14|4|6|0|14|2|5|6|9|0|14|4|6|11|17|0|14|0|14|0|14|3|7|4|9|0|14|4|7|0|14|0|14|0|14|0|14|0|14|0|14|0|14|0|14|0|14|0|14|0|14|0|14|0|14|0|14|0|14|0|14|0|14|0|14|0|14|0|14|0|14|0|14|0|14|0|14|0|14|0|14|0|14|0|14|0|14|0|14|0|14|0|14|0|14|0|14|0|14|0|14|0|14|0|14|0|14|0|14|0|14|0|14|3|5|0|14|3|5|0|14|0|14|0|14|0|14|0|14|0|14|0|14|0|14|0|14|0|14|0|14|0|14|0|14|0|14|0|14|0|14|0|14
1600000US3737640|17|14|2|3|4|8|7|11|1|2|1|2|2|3|0|14|0|14|0|14|15|14|0|14|4|8|7|11|1|2|1|2|2|3|0|14|0|14|0|14|15|14|0|14|4|8|7|11|1|2|1|2|2|3|0|14|0|14|0|14|0|14|0|14|0|14|0|14|0|14|0|14|0|14|0|14|0|14|0|14|0|14|0|14|0|14|0|14|0|14|0|14|0|14|0|14|0|14|0|14|0|14|0|14|0|14|0|14|0|14|0|14|0|14|0|14|0|14|0|14|0|14|0|14|0|14|0|14|0|14|0|14|0|14|0|14|0|14|0|14|0|14|0|14|0|14|0|14|0|14|0|14|0|14|0|14|0|14|0|14|0|14|0|14|0|14|0|14|0|14|0|14|0|14|0|14|0|14|0|14|0|14|0|14|0|14|0|14|0|14|0|14|0|14|0|14|0|14|0|14|2|3|2|3|0|14|0|14|0|14|0|14|0|14|0|14|0|14|0|14|0|14|0|14|0|14|0|14|0|14|0|14|0|14|0|14|0|14|0|14
1600000US3737680|11258|956|499|215|1248|340|2088|526|2712|561|740|230|2412|488|739|298|427|193|393|156|11046|946|486|213|1177|337|2047|529|2712|561|740|230|2325|495|739|298|427|193|393|156|10193|997|396|197|1121|327|2026|524|2568|535|626|220|2096|480|644|282|371|179|345|153|853|276|90|76|56|81|21|34|144|113|114|107|229|189|95|87|56|53|48|61|651|250|90|76|56|81|21|34|131|110|54|82|205|187|51|58|33|39|10|20|202|139|0|25|0|25|0|25|13|20|60|67|24|36|44|70|23|36|38|59|0|25|0|25|0|25|0|25|0|25|0|25|0|25|0|25|0|25|0|25|0|25|0|25|0|25|0|25|0|25|0|25|0|25|0|25|0|25|0|25|0|25|0|25|0|25|0|25|0|25|0|25|0|25|0|25|0|25|0|25|0|25|0|25|0|25|0|25|0|25|0|25|0|25|0|25|0|25|0|25|13|21|13|21|0|25|0|25|0|25|0|25|0|25|0|25|0|25|0|25|199|138|0|25|71|69|41|62|0|25|0|25|87|98|0|25|0|25|0|25
1600000US3737760|6578|787|1253|350|1544|468|494|220|502|189|385|206|1441|473|375|183|164|127|420|185|6490|793|1191|321|1522|468|494|220|502|189|385|206|1437|473|375|183|164|127|420|185|5714|765|1125|309|1067|370|430|212|462|182|287|160|1417|468|362|180|164|127|400|184|776|338|66|64|455|290|64|56|40|45|98|119|20|36|13|19|0|21|20|32|751|336|66|64|431|287|64|56|39|45|98|119|20|36|13|19|0|21|20|32|25|39|0|21|24|39|0|21|1|2|0|21|0|21|0|21|0|21|0|21|0|21|0|21|0|21|0|21|0|21|0|21|0|21|0|21|0|21|0|21|0|21|0|21|0|21|0|21|0|21|0|21|0|21|0|21|0|21|0|21|0|21|0|21|0|21|0|21|0|21|0|21|0|21|0|21|0|21|0|21|0|21|0|21|0|21|0|21|0|21|0|21|0|21|0|21|0|21|0|21|20|33|20|33|0|21|0|21|0|21|0|21|0|21|0|21|0|21|0|21|68|88|42|80|22|34|0|21|0|21|0|21|4|8|0|21|0|21|0|21
1600000US3738030|128|72|42|27|7|12|9|11|7|14|27|44|6|6|0|14|15|17|15|19|128|72|42|27|7|12|9|11|7|14|27|44|6|6|0|14|15|17|15|19|122|72|36|27|7|12|9|11|7|14|27|44|6|6|0|14|15|17|15|19|6|7|6|7|0|14|0|14|0|14|0|14|0|14|0|14|0|14|0|14|6|7|6|7|0|14|0|14|0|14|0|14|0|14|0|14|0|14|0|14|0|14|0|14|0|14|0|14|0|14|0|14|0|14|0|14|0|14|0|14|0|14|0|14|0|14|0|14|0|14|0|14|0|14|0|14|0|14|0|14|0|14|0|14|0|14|0|14|0|14|0|14|0|14|0|14|0|14|0|14|0|14|0|14|0|14|0|14|0|14|0|14|0|14|0|14|0|14|0|14|0|14|0|14|0|14|0|14|0|14|0|14|0|14|0|14|0|14|0|14|0|14|0|14|0|14|0|14|0|14|0|14|0|14|0|14|0|14|0|14|0|14|0|14|0|14|0|14|0|14|0|14|0|14|0|14|0|14|0|14
1600000US3738040|5385|515|337|131|954|317|1148|297|851|199|552|272|598|194|235|99|330|178|380|172|5334|509|298|118|954|317|1148|297|851|199|552|272|586|193|235|99|330|178|380|172|5070|471|259|117|934|320|1117|294|794|192|544|272|534|189|235|99|330|178|323|158|264|125|39|37|20|33|31|34|57|45|8|15|52|45|0|21|0|21|57|77|213|118|3|6|20|33|16|24|57|45|8|15|52|45|0|21|0|21|57|77|51|54|36|37|0|21|15|24|0|21|0|21|0|21|0|21|0|21|0|21|0|21|0|21|0|21|0|21|0|21|0|21|0|21|0|21|0|21|0|21|0|21|0|21|0|21|0|21|0|21|0|21|0|21|0|21|0|21|0|21|0|21|0|21|0|21|0|21|0|21|0|21|0|21|0|21|0|21|0|21|0|21|0|21|0|21|0|21|0|21|0|21|0|21|0|21|0|21|0|21|10|15|10|15|0|21|0|21|0|21|0|21|0|21|0|21|0|21|0|21|41|49|29|45|0|21|0|21|0|21|0|21|12|19|0|21|0|21|0|21
1600000US3738060|6958|512|1699|414|953|229|1278|300|658|231|365|165|628|201|376|168|233|119|768|172|6632|492|1599|381|953|229|1208|295|658|231|365|165|628|201|376|168|233|119|612|155|5283|530|1025|266|869|223|1036|285|614|236|338|162|479|169|364|167|126|69|432|149|1349|367|574|298|84|66|172|76|44|37|27|29|149|86|12|15|107|95|180|52|995|334|435|264|65|60|121|52|22|36|21|26|69|68|0|21|107|95|155|47|354|184|139|161|19|28|51|51|22|21|6|12|80|57|12|15|0|21|25|30|0|21|0|21|0|21|0|21|0|21|0|21|0|21|0|21|0|21|0|21|0|21|0|21|0|21|0|21|0|21|0|21|0|21|0|21|0|21|0|21|0|21|0|21|0|21|0|21|0|21|0|21|0|21|0|21|0|21|0|21|0|21|0|21|0|21|0|21|0|21|0|21|0|21|0|21|0|21|0|21|316|149|90|108|0|21|70|63|0|21|0|21|0|21|0|21|0|21|156|76|10|12|10|12|0|21|0|21|0|21|0|21|0|21|0|21|0|21|0|21
1600000US3738100|1237|202|398|185|55|57|118|68|127|78|64|45|255|102|87|83|22|17|111|65|1237|202|398|185|55|57|118|68|127|78|64|45|255|102|87|83|22|17|111|65|1154|212|357|185|55|57|101|64|127|78|57|43|255|102|81|82|22|17|99|64|83|51|41|33|0|14|17|27|0|14|7|13|0|14|6|11|0|14|12|13|83|51|41|33|0|14|17|27|0|14|7|13|0|14|6|11|0|14|12|13|0|14|0|14|0|14|0|14|0|14|0|14|0|14|0|14|0|14|0|14|0|14|0|14|0|14|0|14|0|14|0|14|0|14|0|14|0|14|0|14|0|14|0|14|0|14|0|14|0|14|0|14|0|14|0|14|0|14|0|14|0|14|0|14|0|14|0|14|0|14|0|14|0|14|0|14|0|14|0|14|0|14|0|14|0|14|0|14|0|14|0|14|0|14|0|14|0|14|0|14|0|14|0|14|0|14|0|14|0|14|0|14|0|14|0|14|0|14|0|14|0|14|0|14|0|14|0|14|0|14|0|14|0|14|0|14|0|14|0|14
1600000US3738170|23|35|0|14|23|35|0|14|0|14|0|14|0|14|0|14|0|14|0|14|23|35|0|14|23|35|0|14|0|14|0|14|0|14|0|14|0|14|0|14|23|35|0|14|23|35|0|14|0|14|0|14|0|14|0|14|0|14|0|14|0|14|0|14|0|14|0|14|0|14|0|14|0|14|0|14|0|14|0|14|0|14|0|14|0|14|0|14|0|14|0|14|0|14|0|14|0|14|0|14|0|14|0|14|0|14|0|14|0|14|0|14|0|14|0|14|0|14|0|14|0|14|0|14|0|14|0|14|0|14|0|14|0|14|0|14|0|14|0|14|0|14|0|14|0|14|0|14|0|14|0|14|0|14|0|14|0|14|0|14|0|14|0|14|0|14|0|14|0|14|0|14|0|14|0|14|0|14|0|14|0|14|0|14|0|14|0|14|0|14|0|14|0|14|0|14|0|14|0|14|0|14|0|14|0|14|0|14|0|14|0|14|0|14|0|14|0|14|0|14|0|14|0|14|0|14|0|14|0|14|0|14|0|14|0|14|0|14|0|14
1600000US3738200|243|150|38|23|8|12|21|31|39|35|18|32|49|81|6|10|54|73|10|15|241|150|38|23|6|11|21|31|39|35|18|32|49|81|6|10|54|73|10|15|212|154|15|16|6|11|21|31|39|35|18|32|49|81|0|14|54|73|10|15|29|25|23|23|0|14|0|14|0|14|0|14|0|14|6|10|0|14|0|14|23|23|23|23|0|14|0|14|0|14|0|14|0|14|0|14|0|14|0|14|6|10|0|14|0|14|0|14|0|14|0|14|0|14|6|10|0|14|0|14|0|14|0|14|0|14|0|14|0|14|0|14|0|14|0|14|0|14|0|14|0|14|0|14|0|14|0|14|0|14|0|14|0|14|0|14|0|14|0|14|0|14|0|14|0|14|0|14|0|14|0|14|0|14|0|14|0|14|0|14|0|14|0|14|0|14|0|14|0|14|0|14|0|14|0|14|0|14|0|14|0|14|0|14|0|14|0|14|0|14|0|14|0|14|0|14|0|14|0|14|2|5|0|14|2|5|0|14|0|14|0|14|0|14|0|14|0|14|0|14
1600000US3738220|1692|163|290|84|88|65|136|82|345|105|145|92|263|107|157|57|122|48|146|98|1615|161|225|77|76|60|136|82|345|105|145|92|263|107|157|57|122|48|146|98|1495|166|197|68|76|60|128|81|318|102|130|91|256|108|138|50|117|47|135|96|120|63|28|36|0|14|8|13|27|41|15|22|7|13|19|29|5|8|11|16|120|63|28|36|0|14|8|13|27|41|15|22|7|13|19|29|5|8|11|16|0|14|0|14|0|14|0|14|0|14|0|14|0|14|0|14|0|14|0|14|0|14|0|14|0|14|0|14|0|14|0|14|0|14|0|14|0|14|0|14|0|14|0|14|0|14|0|14|0|14|0|14|0|14|0|14|0|14|0|14|0|14|0|14|0|14|0|14|0|14|0|14|0|14|0|14|0|14|0|14|0|14|0|14|0|14|0|14|0|14|0|14|0|14|0|14|0|14|0|14|41|36|29|27|12|23|0|14|0|14|0|14|0|14|0|14|0|14|0|14|36|44|36|44|0|14|0|14|0|14|0|14|0|14|0|14|0|14|0|14
1600000US3738320|4442|467|903|236|823|262|282|128|490|206|199|110|811|208|211|108|388|217|335|159|4190|487|772|228|792|253|259|115|490|206|199|110|770|204|211|108|388|217|309|152|3778|475|737|213|709|225|250|114|427|194|151|89|700|203|204|102|381|216|219|122|412|174|35|59|83|96|9|14|63|44|48|58|70|48|7|41|7|11|90|92|412|174|35|59|83|96|9|14|63|44|48|58|70|48|7|41|7|11|90|92|0|21|0|21|0|21|0|21|0|21|0|21|0|21|0|21|0|21|0|21|0|21|0|21|0|21|0|21|0|21|0|21|0|21|0|21|0|21|0|21|0|21|0|21|0|21|0|21|0|21|0|21|0|21|0|21|0|21|0|21|0|21|0|21|0|21|0|21|0|21|0|21|0|21|0|21|0|21|0|21|0|21|0|21|0|21|0|21|0|21|0|21|0|21|0|21|0|21|0|21|133|93|110|82|0|21|23|35|0|21|0|21|0|21|0|21|0|21|0|21|119|89|21|34|31|50|0|21|0|21|0|21|41|55|0|21|0|21|26|44
1600000US3738360|51|24|6|6|2|3|1|3|10|10|6|7|15|13|3|5|5|5|3|4|49|24|4|6|2|3|1|3|10|10|6|7|15|13|3|5|5|5|3|4|48|24|4|6|2|3|1|3|10|10|6|7|14|13|3|5|5|5|3|4|1|3|0|14|0|14|0|14|0|14|0|14|1|3|0|14|0|14|0|14|1|3|0|14|0|14|0|14|0|14|0|14|1|3|0|14|0|14|0|14|0|14|0|14|0|14|0|14|0|14|0|14|0|14|0|14|0|14|0|14|0|14|0|14|0|14|0|14|0|14|0|14|0|14|0|14|0|14|0|14|0|14|0|14|0|14|0|14|0|14|0|14|0|14|0|14|0|14|0|14|0|14|0|14|0|14|0|14|0|14|0|14|0|14|0|14|0|14|0|14|0|14|0|14|0|14|0|14|0|14|0|14|0|14|0|14|0|14|0|14|2|3|2|3|0|14|0|14|0|14|0|14|0|14|0|14|0|14|0|14|0|14|0|14|0|14|0|14|0|14|0|14|0|14|0|14|0|14|0|14
1600000US3738420|87|98|9|17|0|14|0|14|16|25|0|14|62|91|0|14|0|14|0|14|87|98|9|17|0|14|0|14|16|25|0|14|62|91|0|14|0|14|0|14|87|98|9|17|0|14|0|14|16|25|0|14|62|91|0|14|0|14|0|14|0|14|0|14|0|14|0|14|0|14|0|14|0|14|0|14|0|14|0|14|0|14|0|14|0|14|0|14|0|14|0|14|0|14|0|14|0|14|0|14|0|14|0|14|0|14|0|14|0|14|0|14|0|14|0|14|0|14|0|14|0|14|0|14|0|14|0|14|0|14|0|14|0|14|0|14|0|14|0|14|0|14|0|14|0|14|0|14|0|14|0|14|0|14|0|14|0|14|0|14|0|14|0|14|0|14|0|14|0|14|0|14|0|14|0|14|0|14|0|14|0|14|0|14|0|14|0|14|0|14|0|14|0|14|0|14|0|14|0|14|0|14|0|14|0|14|0|14|0|14|0|14|0|14|0|14|0|14|0|14|0|14|0|14|0|14|0|14|0|14|0|14|0|14|0|14|0|14|0|14
1600000US3738680|220|112|52|36|20|28|14|20|40|45|38|35|19|22|6|11|9|15|22|19|196|91|50|36|0|14|14|20|40|45|38|35|19|22|6|11|9|15|20|19|165|88|39|32|0|14|13|20|40|45|28|23|10|16|6|11|9|15|20|19|31|22|11|11|0|14|1|3|0|14|10|18|9|12|0|14|0|14|0|14|21|17|11|11|0|14|1|3|0|14|0|14|9|12|0|14|0|14|0|14|10|18|0|14|0|14|0|14|0|14|10|18|0|14|0|14|0|14|0|14|0|14|0|14|0|14|0|14|0|14|0|14|0|14|0|14|0|14|0|14|0|14|0|14|0|14|0|14|0|14|0|14|0|14|0|14|0|14|0|14|0|14|0|14|0|14|0|14|0|14|0|14|0|14|0|14|0|14|0|14|0|14|0|14|0|14|0|14|0|14|0|14|0|14|0|14|0|14|0|14|22|28|2|4|20|28|0|14|0|14|0|14|0|14|0|14|0|14|0|14|2|3|0|14|0|14|0|14|0|14|0|14|0|14|0|14|0|14|2|3
1600000US3738860|1992|297|214|107|59|58|93|76|116|82|259|132|311|248|290|159|560|196|90|76|1992|297|214|107|59|58|93|76|116|82|259|132|311|248|290|159|560|196|90|76|1736|293|202|104|59|58|51|54|90|78|248|131|238|205|290|159|474|174|84|67|256|155|12|19|0|19|42|39|26|31|11|18|73|88|0|19|86|111|6|21|69|58|12|19|0|19|14|23|26|31|11|18|0|19|0|19|0|19|6|21|187|151|0|19|0|19|28|31|0|19|0|19|73|88|0|19|86|111|0|19|0|19|0|19|0|19|0|19|0|19|0|19|0|19|0|19|0|19|0|19|0|19|0|19|0|19|0|19|0|19|0|19|0|19|0|19|0|19|0|19|0|19|0|19|0|19|0|19|0|19|0|19|0|19|0|19|0|19|0|19|0|19|0|19|0|19|0|19|0|19|0|19|0|19|0|19|0|19|0|19|0|19|0|19|0|19|0|19|0|19|0|19|0|19|0|19|0|19|0|19|0|19|0|19|0|19|0|19|0|19|0|19|0|19|0|19|0|19|0|19
1600000US3739060|62|58|0|14|0|14|23|40|0|14|0|14|25|41|14|20|0|14|0|14|62|58|0|14|0|14|23|40|0|14|0|14|25|41|14|20|0|14|0|14|62|58|0|14|0|14|23|40|0|14|0|14|25|41|14|20|0|14|0|14|0|14|0|14|0|14|0|14|0|14|0|14|0|14|0|14|0|14|0|14|0|14|0|14|0|14|0|14|0|14|0|14|0|14|0|14|0|14|0|14|0|14|0|14|0|14|0|14|0|14|0|14|0|14|0|14|0|14|0|14|0|14|0|14|0|14|0|14|0|14|0|14|0|14|0|14|0|14|0|14|0|14|0|14|0|14|0|14|0|14|0|14|0|14|0|14|0|14|0|14|0|14|0|14|0|14|0|14|0|14|0|14|0|14|0|14|0|14|0|14|0|14|0|14|0|14|0|14|0|14|0|14|0|14|0|14|0|14|0|14|0|14|0|14|0|14|0|14|0|14|0|14|0|14|0|14|0|14|0|14|0|14|0|14|0|14|0|14|0|14|0|14|0|14|0|14|0|14|0|14
1600000US3739280|2597|382|184|107|528|315|596|229|378|173|239|153|403|227|50|59|48|62|171|114|2584|379|171|107|528|315|596|229|378|173|239|153|403|227|50|59|48|62|171|114|2134|349|133|95|400|181|547|224|378|173|95|78|374|227|22|38|48|62|137|110|450|235|38|52|128|184|49|50|0|19|144|124|29|46|28|49|0|19|34|58|438|228|38|52|128|184|37|37|0|19|144|124|29|46|28|49|0|19|34|58|12|23|0|19|0|19|12|23|0|19|0|19|0|19|0|19|0|19|0|19|0|19|0|19|0|19|0|19|0|19|0|19|0|19|0|19|0|19|0|19|0|19|0|19|0|19|0|19|0|19|0|19|0|19|0|19|0|19|0|19|0|19|0|19|0|19|0|19|0|19|0|19|0|19|0|19|0|19|0|19|0|19|0|19|0|19|0|19|0|19|0|19|0|19|0|19|0|19|0|19|13|23|13|23|0|19|0|19|0|19|0|19|0|19|0|19|0|19|0|19|0|19|0|19|0|19|0|19|0|19|0|19|0|19|0|19|0|19|0|19
1600000US3739360|738|166|147|80|109|64|57|48|20|37|49|66|36|27|46|29|204|100|70|41|676|139|100|67|94|56|57|48|20|37|49|66|36|27|46|29|204|100|70|41|598|122|100|67|89|55|52|48|0|14|49|66|36|27|33|24|169|75|70|41|78|67|0|14|5|8|5|9|20|37|0|14|0|14|13|20|35|56|0|14|43|44|0|14|5|8|5|9|20|37|0|14|0|14|13|20|0|14|0|14|35|56|0|14|0|14|0|14|0|14|0|14|0|14|0|14|35|56|0|14|0|14|0|14|0|14|0|14|0|14|0|14|0|14|0|14|0|14|0|14|0|14|0|14|0|14|0|14|0|14|0|14|0|14|0|14|0|14|0|14|0|14|0|14|0|14|0|14|0|14|0|14|0|14|0|14|0|14|0|14|0|14|0|14|0|14|0|14|0|14|0|14|0|14|0|14|0|14|0|14|62|65|47|55|15|27|0|14|0|14|0|14|0|14|0|14|0|14|0|14|0|14|0|14|0|14|0|14|0|14|0|14|0|14|0|14|0|14|0|14
1600000US3739420|63|31|0|14|3|5|10|14|9|10|11|14|13|11|7|13|3|4|7|8|53|28|0|14|3|5|2|4|9|10|11|14|11|10|7|13|3|4|7|8|53|28|0|14|3|5|2|4|9|10|11|14|11|10|7|13|3|4|7|8|0|14|0|14|0|14|0|14|0|14|0|14|0|14|0|14|0|14|0|14|0|14|0|14|0|14|0|14|0|14|0|14|0|14|0|14|0|14|0|14|0|14|0|14|0|14|0|14|0|14|0|14|0|14|0|14|0|14|0|14|0|14|0|14|0|14|0|14|0|14|0|14|0|14|0|14|0|14|0|14|0|14|0|14|0|14|0|14|0|14|0|14|0|14|0|14|0|14|0|14|0|14|0|14|0|14|0|14|0|14|0|14|0|14|0|14|0|14|0|14|0|14|0|14|0|14|0|14|0|14|0|14|0|14|0|14|0|14|0|14|10|14|0|14|0|14|8|13|0|14|0|14|2|5|0|14|0|14|0|14|0|14|0|14|0|14|0|14|0|14|0|14|0|14|0|14|0|14|0|14
1600000US3739480|1335|271|129|71|343|163|262|138|187|83|48|42|151|82|110|67|4|41|101|82|1293|265|129|71|343|163|232|125|187|83|48|42|139|79|110|67|4|41|101|82|1207|269|129|71|261|144|232|125|187|83|48|42|139|79|110|67|0|14|101|82|86|94|0|14|82|98|0|14|0|14|0|14|0|14|0|14|4|41|0|14|82|98|0|14|82|98|0|14|0|14|0|14|0|14|0|14|0|14|0|14|4|41|0|14|0|14|0|14|0|14|0|14|0|14|0|14|4|41|0|14|0|14|0|14|0|14|0|14|0|14|0|14|0|14|0|14|0|14|0|14|0|14|0|14|0|14|0|14|0|14|0|14|0|14|0|14|0|14|0|14|0|14|0|14|0|14|0|14|0|14|0|14|0|14|0|14|0|14|0|14|0|14|0|14|0|14|0|14|0|14|0|14|0|14|0|14|0|14|0|14|9|19|0|14|0|14|9|19|0|14|0|14|0|14|0|14|0|14|0|14|33|39|0|14|0|14|21|34|0|14|0|14|12|20|0|14|0|14|0|14
1600000US3739520|1710|426|405|245|173|102|23|36|255|274|26|41|149|108|202|111|293|186|184|142|1647|424|342|205|173|102|23|36|255|274|26|41|149|108|202|111|293|186|184|142|1550|392|342|205|173|102|23|36|255|274|26|41|117|110|202|111|228|127|184|142|97|98|0|14|0|14|0|14|0|14|0|14|32|49|0|14|65|85|0|14|97|98|0|14|0|14|0|14|0|14|0|14|32|49|0|14|65|85|0|14|0|14|0|14|0|14|0|14|0|14|0|14|0|14|0|14|0|14|0|14|0|14|0|14|0|14|0|14|0|14|0|14|0|14|0|14|0|14|0|14|0|14|0|14|0|14|0|14|0|14|0|14|0|14|0|14|0|14|0|14|0|14|0|14|0|14|0|14|0|14|0|14|0|14|0|14|0|14|0|14|0|14|0|14|0|14|0|14|0|14|0|14|0|14|0|14|0|14|0|14|63|91|63|91|0|14|0|14|0|14|0|14|0|14|0|14|0|14|0|14|0|14|0|14|0|14|0|14|0|14|0|14|0|14|0|14|0|14|0|14
1600000US3739540|81|62|16|18|6|10|7|11|5|9|0|14|8|14|9|15|0|14|30|45|81|62|16|18|6|10|7|11|5|9|0|14|8|14|9|15|0|14|30|45|39|35|9|15|6|10|7|11|0|14|0|14|8|14|9|15|0|14|0|14|42|48|7|11|0|14|0|14|5|9|0|14|0|14|0|14|0|14|30|45|0|14|0|14|0|14|0|14|0|14|0|14|0|14|0|14|0|14|0|14|42|48|7|11|0|14|0|14|5|9|0|14|0|14|0|14|0|14|30|45|0|14|0|14|0|14|0|14|0|14|0|14|0|14|0|14|0|14|0|14|0|14|0|14|0|14|0|14|0|14|0|14|0|14|0|14|0|14|0|14|0|14|0|14|0|14|0|14|0|14|0|14|0|14|0|14|0|14|0|14|0|14|0|14|0|14|0|14|0|14|0|14|0|14|0|14|0|14|0|14|0|14|0|14|0|14|0|14|0|14|0|14|0|14|0|14|0|14|0|14|0|14|0|14|0|14|0|14|0|14|0|14|0|14|0|14|0|14|0|14
1600000US3739600|418|151|10|13|91|71|113|63|77|50|0|14|55|40|23|27|21|28|28|34|418|151|10|13|91|71|113|63|77|50|0|14|55|40|23|27|21|28|28|34|356|136|7|11|88|70|88|46|63|44|0|14|46|34|19|25|17|27|28|34|62|48|3|5|3|5|25|41|14|19|0|14|9|14|4|6|4|6|0|14|29|31|3|5|3|5|0|14|14|19|0|14|9|14|0|14|0|14|0|14|33|42|0|14|0|14|25|41|0|14|0|14|0|14|4|6|4|6|0|14|0|14|0|14|0|14|0|14|0|14|0|14|0|14|0|14|0|14|0|14|0|14|0|14|0|14|0|14|0|14|0|14|0|14|0|14|0|14|0|14|0|14|0|14|0|14|0|14|0|14|0|14|0|14|0|14|0|14|0|14|0|14|0|14|0|14|0|14|0|14|0|14|0|14|0|14|0|14|0|14|0|14|0|14|0|14|0|14|0|14|0|14|0|14|0|14|0|14|0|14|0|14|0|14|0|14|0|14|0|14|0|14|0|14|0|14|0|14|0|14
1600000US3739680|33|17|21|18|0|14|3|4|2|4|4|6|0|14|3|4|0|14|0|14|22|13|10|11|0|14|3|4|2|4|4|6|0|14|3|4|0|14|0|14|21|12|10|11|0|14|3|4|2|4|3|4|0|14|3|4|0|14|0|14|1|3|0|14|0|14|0|14|0|14|1|3|0|14|0|14|0|14|0|14|1|3|0|14|0|14|0|14|0|14|1|3|0|14|0|14|0|14|0|14|0|14|0|14|0|14|0|14|0|14|0|14|0|14|0|14|0|14|0|14|0|14|0|14|0|14|0|14|0|14|0|14|0|14|0|14|0|14|0|14|0|14|0|14|0|14|0|14|0|14|0|14|0|14|0|14|0|14|0|14|0|14|0|14|0|14|0|14|0|14|0|14|0|14|0|14|0|14|0|14|0|14|0|14|0|14|0|14|0|14|0|14|0|14|0|14|0|14|0|14|8|14|8|14|0|14|0|14|0|14|0|14|0|14|0|14|0|14|0|14|3|5|3|5|0|14|0|14|0|14|0|14|0|14|0|14|0|14|0|14
1600000US3739700|6247|388|1476|260|1430|264|976|202|444|109|241|88|774|179|386|93|248|95|272|92|6049|411|1402|258|1403|260|962|200|423|108|238|88|774|179|333|85|242|92|272|92|5480|401|1331|254|1264|229|909|199|389|107|219|85|633|161|249|76|235|91|251|95|569|142|71|50|139|99|53|35|34|24|19|27|141|72|84|47|7|9|21|24|412|140|64|49|131|95|53|35|25|22|19|27|50|34|42|32|7|9|21|24|157|76|7|10|8|13|0|21|9|13|0|21|91|67|42|36|0|21|0|21|26|24|0|21|2|2|0|21|7|11|0|21|0|21|17|23|0|21|0|21|26|24|0|21|2|2|0|21|7|11|0|21|0|21|17|23|0|21|0|21|0|21|0|21|0|21|0|21|0|21|0|21|0|21|0|21|0|21|0|21|0|21|0|21|0|21|0|21|0|21|0|21|0|21|0|21|0|21|0|21|50|36|37|33|13|15|0|21|0|21|0|21|0|21|0|21|0|21|0|21|122|69|37|33|12|18|14|18|14|24|3|5|0|21|36|41|6|10|0|21
1600000US3739880|400|113|43|32|49|28|51|29|31|26|60|40|79|30|25|15|33|21|29|25|392|111|40|31|49|28|51|29|31|26|60|40|76|31|25|15|31|20|29|25|364|109|37|31|42|26|51|29|31|26|60|40|64|31|19|12|31|20|29|25|28|19|3|4|7|9|0|14|0|14|0|14|12|12|6|9|0|14|0|14|25|17|3|4|7|9|0|14|0|14|0|14|9|11|6|9|0|14|0|14|3|4|0|14|0|14|0|14|0|14|0|14|3|4|0|14|0|14|0|14|5|6|0|14|0|14|0|14|0|14|0|14|3|4|0|14|2|4|0|14|5|6|0|14|0|14|0|14|0|14|0|14|3|4|0|14|2|4|0|14|0|14|0|14|0|14|0|14|0|14|0|14|0|14|0|14|0|14|0|14|0|14|0|14|0|14|0|14|0|14|0|14|0|14|0|14|0|14|0|14|3|7|3|7|0|14|0|14|0|14|0|14|0|14|0|14|0|14|0|14|0|14|0|14|0|14|0|14|0|14|0|14|0|14|0|14|0|14|0|14
1600000US3739960|144|74|16|15|14|16|6|7|47|25|3|7|31|36|15|20|0|14|12|13|143|73|16|15|13|15|6|7|47|25|3|7|31|36|15|20|0|14|12|13|125|70|11|16|13|15|3|4|42|24|3|7|26|34|15|20|0|14|12|13|18|18|5|7|0|14|3|5|5|8|0|14|5|10|0|14|0|14|0|14|13|13|5|7|0|14|0|14|3|5|0|14|5|10|0|14|0|14|0|14|5|10|0|14|0|14|3|5|2|5|0|14|0|14|0|14|0|14|0|14|0|14|0|14|0|14|0|14|0|14|0|14|0|14|0|14|0|14|0|14|0|14|0|14|0|14|0|14|0|14|0|14|0|14|0|14|0|14|0|14|0|14|0|14|0|14|0|14|0|14|0|14|0|14|0|14|0|14|0|14|0|14|0|14|0|14|0|14|0|14|0|14|0|14|0|14|0|14|0|14|0|14|0|14|0|14|0|14|0|14|0|14|0|14|0|14|0|14|0|14|1|3|0|14|1|3|0|14|0|14|0|14|0|14|0|14|0|14|0|14
1600000US3740140|46|22|2|3|7|9|3|5|12|11|4|7|7|6|1|2|1|2|9|8|46|22|2|3|7|9|3|5|12|11|4|7|7|6|1|2|1|2|9|8|34|19|2|3|4|5|0|14|12|11|4|7|7|6|1|2|1|2|3|4|12|12|0|14|3|5|3|5|0|14|0|14|0|14|0|14|0|14|6|8|5|9|0|14|0|14|3|5|0|14|0|14|0|14|0|14|0|14|2|4|7|8|0|14|3|5|0|14|0|14|0|14|0|14|0|14|0|14|4|7|0|14|0|14|0|14|0|14|0|14|0|14|0|14|0|14|0|14|0|14|0|14|0|14|0|14|0|14|0|14|0|14|0|14|0|14|0|14|0|14|0|14|0|14|0|14|0|14|0|14|0|14|0|14|0|14|0|14|0|14|0|14|0|14|0|14|0|14|0|14|0|14|0|14|0|14|0|14|0|14|0|14|0|14|0|14|0|14|0|14|0|14|0|14|0|14|0|14|0|14|0|14|0|14|0|14|0|14|0|14|0|14|0|14|0|14|0|14|0|14
1600000US3740240|30|34|10|17|2|3|0|14|15|17|1|2|2|3|0|14|0|14|0|14|30|34|10|17|2|3|0|14|15|17|1|2|2|3|0|14|0|14|0|14|10|9|0|14|2|3|0|14|5|7|1|2|2|3|0|14|0|14|0|14|20|33|10|17|0|14|0|14|10|16|0|14|0|14|0|14|0|14|0|14|20|33|10|17|0|14|0|14|10|16|0|14|0|14|0|14|0|14|0|14|0|14|0|14|0|14|0|14|0|14|0|14|0|14|0|14|0|14|0|14|0|14|0|14|0|14|0|14|0|14|0|14|0|14|0|14|0|14|0|14|0|14|0|14|0|14|0|14|0|14|0|14|0|14|0|14|0|14|0|14|0|14|0|14|0|14|0|14|0|14|0|14|0|14|0|14|0|14|0|14|0|14|0|14|0|14|0|14|0|14|0|14|0|14|0|14|0|14|0|14|0|14|0|14|0|14|0|14|0|14|0|14|0|14|0|14|0|14|0|14|0|14|0|14|0|14|0|14|0|14|0|14|0|14|0|14|0|14|0|14
1600000US3740460|199|131|0|14|49|66|116|112|33|38|0|14|1|12|0|14|0|14|0|14|199|131|0|14|49|66|116|112|33|38|0|14|1|12|0|14|0|14|0|14|199|131|0|14|49|66|116|112|33|38|0|14|1|12|0|14|0|14|0|14|0|14|0|14|0|14|0|14|0|14|0|14|0|14|0|14|0|14|0|14|0|14|0|14|0|14|0|14|0|14|0|14|0|14|0|14|0|14|0|14|0|14|0|14|0|14|0|14|0|14|0|14|0|14|0|14|0|14|0|14|0|14|0|14|0|14|0|14|0|14|0|14|0|14|0|14|0|14|0|14|0|14|0|14|0|14|0|14|0|14|0|14|0|14|0|14|0|14|0|14|0|14|0|14|0|14|0|14|0|14|0|14|0|14|0|14|0|14|0|14|0|14|0|14|0|14|0|14|0|14|0|14|0|14|0|14|0|14|0|14|0|14|0|14|0|14|0|14|0|14|0|14|0|14|0|14|0|14|0|14|0|14|0|14|0|14|0|14|0|14|0|14|0|14|0|14|0|14|0|14
1600000US3740540|17|17|1|3|4|8|5|7|0|14|0|14|1|3|0|14|3|4|3|6|17|17|1|3|4|8|5|7|0|14|0|14|1|3|0|14|3|4|3|6|16|16|1|3|4|8|5|7|0|14|0|14|0|14|0|14|3|4|3|6|1|3|0|14|0|14|0|14|0|14|0|14|1|3|0|14|0|14|0|14|1|3|0|14|0|14|0|14|0|14|0|14|1|3|0|14|0|14|0|14|0|14|0|14|0|14|0|14|0|14|0|14|0|14|0|14|0|14|0|14|0|14|0|14|0|14|0|14|0|14|0|14|0|14|0|14|0|14|0|14|0|14|0|14|0|14|0|14|0|14|0|14|0|14|0|14|0|14|0|14|0|14|0|14|0|14|0|14|0|14|0|14|0|14|0|14|0|14|0|14|0|14|0|14|0|14|0|14|0|14|0|14|0|14|0|14|0|14|0|14|0|14|0|14|0|14|0|14|0|14|0|14|0|14|0|14|0|14|0|14|0|14|0|14|0|14|0|14|0|14|0|14|0|14|0|14|0|14|0|14
1600000US3740560|954|165|356|128|153|79|26|23|73|56|37|30|37|35|86|53|164|91|22|16|933|163|341|127|153|79|20|21|73|56|37|30|37|35|86|53|164|91|22|16|799|169|271|129|153|79|19|20|73|56|32|29|37|35|86|53|106|62|22|16|134|106|70|88|0|14|1|7|0|14|5|8|0|14|0|14|58|64|0|14|128|105|70|88|0|14|0|14|0|14|0|14|0|14|0|14|58|64|0|14|6|11|0|14|0|14|1|7|0|14|5|8|0|14|0|14|0|14|0|14|0|14|0|14|0|14|0|14|0|14|0|14|0|14|0|14|0|14|0|14|0|14|0|14|0|14|0|14|0|14|0|14|0|14|0|14|0|14|0|14|0|14|0|14|0|14|0|14|0|14|0|14|0|14|0|14|0|14|0|14|0|14|0|14|0|14|0|14|0|14|0|14|0|14|0|14|0|14|0|14|21|24|15|22|0|14|6|10|0|14|0|14|0|14|0|14|0|14|0|14|0|14|0|14|0|14|0|14|0|14|0|14|0|14|0|14|0|14|0|14
1600000US3740600|634|193|104|68|54|53|81|71|68|38|20|18|80|59|105|75|62|57|60|51|632|193|102|67|54|53|81|71|68|38|20|18|80|59|105|75|62|57|60|51|457|146|67|42|54|53|38|33|64|36|20|18|64|54|99|74|7|9|44|44|175|97|35|54|0|14|43|57|4|8|0|14|16|29|6|9|55|56|16|24|171|95|35|54|0|14|43|57|0|14|0|14|16|29|6|9|55|56|16|24|4|8|0|14|0|14|0|14|4|8|0|14|0|14|0|14|0|14|0|14|0|14|0|14|0|14|0|14|0|14|0|14|0|14|0|14|0|14|0|14|0|14|0|14|0|14|0|14|0|14|0|14|0|14|0|14|0|14|0|14|0|14|0|14|0|14|0|14|0|14|0|14|0|14|0|14|0|14|0|14|0|14|0|14|0|14|0|14|0|14|0|14|0|14|0|14|0|14|0|14|2|5|2|5|0|14|0|14|0|14|0|14|0|14|0|14|0|14|0|14|0|14|0|14|0|14|0|14|0|14|0|14|0|14|0|14|0|14|0|14
1600000US3740640|363|162|12|19|54|40|49|25|92|84|43|45|59|54|5|8|47|47|2|4|353|159|12|19|54|40|49|25|91|84|43|45|50|42|5|8|47|47|2|4|310|141|12|19|54|40|49|25|80|74|43|45|35|35|5|8|30|28|2|4|43|37|0|14|0|14|0|14|11|20|0|14|15|20|0|14|17|30|0|14|42|37|0|14|0|14|0|14|11|20|0|14|14|20|0|14|17|30|0|14|1|2|0|14|0|14|0|14|0|14|0|14|1|2|0|14|0|14|0|14|0|14|0|14|0|14|0|14|0|14|0|14|0|14|0|14|0|14|0|14|0|14|0|14|0|14|0|14|0|14|0|14|0|14|0|14|0|14|0|14|0|14|0|14|0|14|0|14|0|14|0|14|0|14|0|14|0|14|0|14|0|14|0|14|0|14|0|14|0|14|0|14|0|14|0|14|0|14|0|14|1|3|0|14|0|14|0|14|1|3|0|14|0|14|0|14|0|14|0|14|9|20|0|14|0|14|0|14|0|14|0|14|9|20|0|14|0|14|0|14
1600000US3740660|1649|308|199|102|174|112|315|174|309|166|170|159|148|160|120|84|134|74|80|101|1588|276|173|91|174|112|315|174|274|157|170|159|148|160|120|84|134|74|80|101|1464|302|173|91|92|73|273|176|274|157|170|159|148|160|120|84|134|74|80|101|124|137|0|14|82|87|42|53|0|14|0|14|0|14|0|14|0|14|0|14|124|137|0|14|82|87|42|53|0|14|0|14|0|14|0|14|0|14|0|14|0|14|0|14|0|14|0|14|0|14|0|14|0|14|0|14|0|14|0|14|0|14|0|14|0|14|0|14|0|14|0|14|0|14|0|14|0|14|0|14|0|14|0|14|0|14|0|14|0|14|0|14|0|14|0|14|0|14|0|14|0|14|0|14|0|14|0|14|0|14|0|14|0|14|0|14|0|14|0|14|0|14|0|14|0|14|0|14|0|14|0|14|0|14|0|14|0|14|0|14|26|40|26|40|0|14|0|14|0|14|0|14|0|14|0|14|0|14|0|14|35|50|0|14|0|14|0|14|35|50|0|14|0|14|0|14|0|14|0|14
1600000US3740860|113|78|30|37|0|14|24|30|0|14|0|14|39|62|13|23|7|11|0|14|113|78|30|37|0|14|24|30|0|14|0|14|39|62|13|23|7|11|0|14|94|58|30|37|0|14|24|30|0|14|0|14|20|32|13|23|7|11|0|14|19|30|0|14|0|14|0|14|0|14|0|14|19|30|0|14|0|14|0|14|0|14|0|14|0|14|0|14|0|14|0|14|0|14|0|14|0|14|0|14|19|30|0|14|0|14|0|14|0|14|0|14|19|30|0|14|0|14|0|14|0|14|0|14|0|14|0|14|0|14|0|14|0|14|0|14|0|14|0|14|0|14|0|14|0|14|0|14|0|14|0|14|0|14|0|14|0|14|0|14|0|14|0|14|0|14|0|14|0|14|0|14|0|14|0|14|0|14|0|14|0|14|0|14|0|14|0|14|0|14|0|14|0|14|0|14|0|14|0|14|0|14|0|14|0|14|0|14|0|14|0|14|0|14|0|14|0|14|0|14|0|14|0|14|0|14|0|14|0|14|0|14|0|14|0|14|0|14|0|14
1600000US3740980|307|109|13|17|85|75|105|58|15|14|47|47|27|40|15|23|0|14|0|14|307|109|13|17|85|75|105|58|15|14|47|47|27|40|15|23|0|14|0|14|279|96|13|17|65|69|105|58|7|13|47|47|27|40|15|23|0|14|0|14|28|32|0|14|20|31|0|14|8|12|0|14|0|14|0|14|0|14|0|14|28|32|0|14|20|31|0|14|8|12|0|14|0|14|0|14|0|14|0|14|0|14|0|14|0|14|0|14|0|14|0|14|0|14|0|14|0|14|0|14|0|14|0|14|0|14|0|14|0|14|0|14|0|14|0|14|0|14|0|14|0|14|0|14|0|14|0|14|0|14|0|14|0|14|0|14|0|14|0|14|0|14|0|14|0|14|0|14|0|14|0|14|0|14|0|14|0|14|0|14|0|14|0|14|0|14|0|14|0|14|0|14|0|14|0|14|0|14|0|14|0|14|0|14|0|14|0|14|0|14|0|14|0|14|0|14|0|14|0|14|0|14|0|14|0|14|0|14|0|14|0|14|0|14|0|14|0|14|0|14
1600000US3741060|803|210|257|117|85|52|101|73|46|44|84|79|103|67|17|22|21|25|89|68|741|212|228|113|52|47|101|73|46|44|84|79|103|67|17|22|21|25|89|68|691|208|216|105|52|47|84|68|39|42|84|79|103|67|17|22|7|9|89|68|50|40|12|18|0|14|17|26|7|11|0|14|0|14|0|14|14|25|0|14|50|40|12|18|0|14|17|26|7|11|0|14|0|14|0|14|14|25|0|14|0|14|0|14|0|14|0|14|0|14|0|14|0|14|0|14|0|14|0|14|0|14|0|14|0|14|0|14|0|14|0|14|0|14|0|14|0|14|0|14|0|14|0|14|0|14|0|14|0|14|0|14|0|14|0|14|0|14|0|14|0|14|0|14|0|14|0|14|0|14|0|14|0|14|0|14|0|14|0|14|0|14|0|14|0|14|0|14|0|14|0|14|0|14|0|14|0|14|0|14|49|39|19|21|30|30|0|14|0|14|0|14|0|14|0|14|0|14|0|14|13|17|10|16|3|6|0|14|0|14|0|14|0|14|0|14|0|14|0|14
1600000US3741220|89|67|15|19|23|28|15|31|0|14|0|14|0|14|10|11|0|14|26|30|89|67|15|19|23|28|15|31|0|14|0|14|0|14|10|11|0|14|26|30|77|59|4|7|23|28|15|31|0|14|0|14|0|14|10|11|0|14|25|31|12|19|11|18|0|14|0|14|0|14|0|14|0|14|0|14|0|14|1|7|12|19|11|18|0|14|0|14|0|14|0|14|0|14|0|14|0|14|1|7|0|14|0|14|0|14|0|14|0|14|0|14|0|14|0|14|0|14|0|14|0|14|0|14|0|14|0|14|0|14|0|14|0|14|0|14|0|14|0|14|0|14|0|14|0|14|0|14|0|14|0|14|0|14|0|14|0|14|0|14|0|14|0|14|0|14|0|14|0|14|0|14|0|14|0|14|0|14|0|14|0|14|0|14|0|14|0|14|0|14|0|14|0|14|0|14|0|14|0|14|0|14|0|14|0|14|0|14|0|14|0|14|0|14|0|14|0|14|0|14|0|14|0|14|0|14|0|14|0|14|0|14|0|14|0|14|0|14|0|14
1600000US3741380|34|20|2|4|2|5|3|6|9|8|2|4|9|8|2|3|2|3|3|5|34|20|2|4|2|5|3|6|9|8|2|4|9|8|2|3|2|3|3|5|32|20|0|14|2|5|3|6|9|8|2|4|9|8|2|3|2|3|3|5|2|4|2|4|0|14|0|14|0|14|0|14|0|14|0|14|0|14|0|14|2|4|2|4|0|14|0|14|0|14|0|14|0|14|0|14|0|14|0|14|0|14|0|14|0|14|0|14|0|14|0|14|0|14|0|14|0|14|0|14|0|14|0|14|0|14|0|14|0|14|0|14|0|14|0|14|0|14|0|14|0|14|0|14|0|14|0|14|0|14|0|14|0|14|0|14|0|14|0|14|0|14|0|14|0|14|0|14|0|14|0|14|0|14|0|14|0|14|0|14|0|14|0|14|0|14|0|14|0|14|0|14|0|14|0|14|0|14|0|14|0|14|0|14|0|14|0|14|0|14|0|14|0|14|0|14|0|14|0|14|0|14|0|14|0|14|0|14|0|14|0|14|0|14|0|14|0|14|0|14
1600000US3741420|2547|267|588|208|451|158|327|145|244|116|119|71|329|137|188|115|169|88|132|107|2510|264|565|215|440|157|327|145|244|116|116|72|329|137|188|115|169|88|132|107|2127|251|523|206|349|134|327|145|145|85|96|67|272|124|138|83|145|78|132|107|383|156|42|44|91|73|0|19|99|101|20|34|57|61|50|83|24|40|0|19|312|159|6|11|78|71|0|19|99|101|20|34|35|54|50|83|24|40|0|19|71|53|36|40|13|22|0|19|0|19|0|19|22|21|0|19|0|19|0|19|3|10|0|19|0|19|0|19|0|19|3|10|0|19|0|19|0|19|0|19|3|10|0|19|0|19|0|19|0|19|3|10|0|19|0|19|0|19|0|19|0|19|0|19|0|19|0|19|0|19|0|19|0|19|0|19|0|19|0|19|0|19|0|19|0|19|0|19|0|19|0|19|0|19|0|19|0|19|0|19|12|21|12|21|0|19|0|19|0|19|0|19|0|19|0|19|0|19|0|19|22|26|11|24|11|17|0|19|0|19|0|19|0|19|0|19|0|19|0|19
1600000US3741540|1003|328|28|39|205|153|226|109|80|73|32|49|211|170|116|80|91|57|14|24|1003|328|28|39|205|153|226|109|80|73|32|49|211|170|116|80|91|57|14|24|781|279|28|39|105|105|207|102|80|73|32|49|108|99|116|80|91|57|14|24|222|109|0|14|100|120|19|31|0|14|0|14|103|140|0|14|0|14|0|14|168|94|0|14|100|120|19|31|0|14|0|14|49|67|0|14|0|14|0|14|54|75|0|14|0|14|0|14|0|14|0|14|54|75|0|14|0|14|0|14|0|14|0|14|0|14|0|14|0|14|0|14|0|14|0|14|0|14|0|14|0|14|0|14|0|14|0|14|0|14|0|14|0|14|0|14|0|14|0|14|0|14|0|14|0|14|0|14|0|14|0|14|0|14|0|14|0|14|0|14|0|14|0|14|0|14|0|14|0|14|0|14|0|14|0|14|0|14|0|14|0|14|0|14|0|14|0|14|0|14|0|14|0|14|0|14|0|14|0|14|0|14|0|14|0|14|0|14|0|14|0|14|0|14|0|14|0|14|0|14
1600000US3741580|422|156|53|37|72|60|23|25|48|39|22|18|117|70|15|17|35|38|37|48|411|151|53|37|68|59|23|25|41|36|22|18|117|70|15|17|35|38|37|48|397|149|53|37|68|59|23|25|37|35|15|13|114|70|15|17|35|38|37|48|14|14|0|14|0|14|0|14|4|6|7|12|3|6|0|14|0|14|0|14|11|13|0|14|0|14|0|14|4|6|7|12|0|14|0|14|0|14|0|14|3|6|0|14|0|14|0|14|0|14|0|14|3|6|0|14|0|14|0|14|0|14|0|14|0|14|0|14|0|14|0|14|0|14|0|14|0|14|0|14|0|14|0|14|0|14|0|14|0|14|0|14|0|14|0|14|0|14|0|14|0|14|0|14|0|14|0|14|0|14|0|14|0|14|0|14|0|14|0|14|0|14|0|14|0|14|0|14|0|14|0|14|0|14|0|14|0|14|0|14|7|12|0|14|0|14|0|14|7|12|0|14|0|14|0|14|0|14|0|14|4|7|0|14|4|7|0|14|0|14|0|14|0|14|0|14|0|14|0|14
1600000US3741600|187|118|0|14|24|36|13|22|24|28|20|32|61|64|13|21|19|24|13|21|187|118|0|14|24|36|13|22|24|28|20|32|61|64|13|21|19|24|13|21|144|106|0|14|24|36|13|22|24|28|20|32|31|42|13|21|19|24|0|14|43|45|0|14|0|14|0|14|0|14|0|14|30|42|0|14|0|14|13|21|43|45|0|14|0|14|0|14|0|14|0|14|30|42|0|14|0|14|13|21|0|14|0|14|0|14|0|14|0|14|0|14|0|14|0|14|0|14|0|14|0|14|0|14|0|14|0|14|0|14|0|14|0|14|0|14|0|14|0|14|0|14|0|14|0|14|0|14|0|14|0|14|0|14|0|14|0|14|0|14|0|14|0|14|0|14|0|14|0|14|0|14|0|14|0|14|0|14|0|14|0|14|0|14|0|14|0|14|0|14|0|14|0|14|0|14|0|14|0|14|0|14|0|14|0|14|0|14|0|14|0|14|0|14|0|14|0|14|0|14|0|14|0|14|0|14|0|14|0|14|0|14|0|14|0|14|0|14|0|14
1600000US3741620|1065|226|107|65|105|61|241|114|132|75|110|56|155|78|145|95|16|16|54|49|901|215|49|42|57|48|207|107|108|69|110|56|155|78|145|95|16|16|54|49|837|212|45|41|57|48|194|107|79|55|110|56|137|70|145|95|16|16|54|49|64|45|4|6|0|14|13|16|29|35|0|14|18|22|0|14|0|14|0|14|60|44|4|6|0|14|13|16|25|33|0|14|18|22|0|14|0|14|0|14|4|8|0|14|0|14|0|14|4|8|0|14|0|14|0|14|0|14|0|14|0|14|0|14|0|14|0|14|0|14|0|14|0|14|0|14|0|14|0|14|0|14|0|14|0|14|0|14|0|14|0|14|0|14|0|14|0|14|0|14|0|14|0|14|0|14|0|14|0|14|0|14|0|14|0|14|0|14|0|14|0|14|0|14|0|14|0|14|0|14|0|14|0|14|0|14|0|14|0|14|155|73|58|42|48|44|25|33|24|25|0|14|0|14|0|14|0|14|0|14|9|12|0|14|0|14|9|12|0|14|0|14|0|14|0|14|0|14|0|14
1600000US3741640|1018|244|173|88|118|100|69|65|79|60|151|91|116|71|100|79|51|47|161|104|1012|243|167|88|118|100|69|65|79|60|151|91|116|71|100|79|51|47|161|104|937|233|154|82|118|100|69|65|79|60|151|91|67|58|100|79|45|47|154|103|75|51|13|20|0|14|0|14|0|14|0|14|49|45|0|14|6|10|7|12|62|47|13|20|0|14|0|14|0|14|0|14|42|42|0|14|0|14|7|12|13|19|0|14|0|14|0|14|0|14|0|14|7|15|0|14|6|10|0|14|0|14|0|14|0|14|0|14|0|14|0|14|0|14|0|14|0|14|0|14|0|14|0|14|0|14|0|14|0|14|0|14|0|14|0|14|0|14|0|14|0|14|0|14|0|14|0|14|0|14|0|14|0|14|0|14|0|14|0|14|0|14|0|14|0|14|0|14|0|14|0|14|0|14|0|14|0|14|0|14|6|10|6|10|0|14|0|14|0|14|0|14|0|14|0|14|0|14|0|14|0|14|0|14|0|14|0|14|0|14|0|14|0|14|0|14|0|14|0|14
1600000US3741720|1817|303|68|72|174|121|333|166|249|136|99|60|470|201|137|69|178|109|109|79|1736|298|68|72|174|121|317|160|249|136|99|60|451|203|137|69|164|104|77|68|1624|294|41|43|164|121|317|160|236|134|99|60|389|151|137|69|164|104|77|68|112|108|27|45|10|15|0|19|13|20|0|19|62|95|0|19|0|19|0|19|102|107|27|45|0|19|0|19|13|20|0|19|62|95|0|19|0|19|0|19|10|15|0|19|10|15|0|19|0|19|0|19|0|19|0|19|0|19|0|19|19|31|0|19|0|19|0|19|0|19|0|19|0|19|0|19|0|19|19|31|0|19|0|19|0|19|0|19|0|19|0|19|0|19|0|19|0|19|0|19|19|31|0|19|0|19|0|19|0|19|0|19|0|19|0|19|0|19|19|31|0|19|0|19|0|19|0|19|0|19|0|19|0|19|0|19|0|19|0|19|0|19|0|19|0|19|0|19|0|19|0|19|0|19|0|19|0|19|0|19|62|48|0|19|0|19|16|24|0|19|0|19|19|32|0|19|14|21|13|22
1600000US3741960|13061|940|1096|324|1633|335|1864|423|2137|540|1111|277|2573|430|1251|284|1048|234|348|124|12703|944|990|282|1543|317|1794|417|2073|548|1102|277|2573|430|1249|285|1043|235|336|123|11129|890|861|254|1087|250|1410|302|1956|523|1071|278|2316|391|1188|301|913|224|327|115|1574|445|129|82|456|221|384|252|117|81|31|31|257|113|61|63|130|84|9|15|955|317|110|77|255|162|233|225|77|61|8|12|204|103|9|15|50|38|9|15|619|351|19|30|201|159|151|145|40|47|23|29|53|54|52|60|80|77|0|29|36|42|0|29|0|29|23|40|0|29|9|14|0|29|0|29|0|29|4|12|32|42|0|29|0|29|23|40|0|29|9|14|0|29|0|29|0|29|0|29|4|12|0|29|0|29|0|29|0|29|0|29|0|29|0|29|0|29|4|12|0|29|0|29|0|29|0|29|0|29|0|29|0|29|0|29|0|29|0|29|138|104|48|75|38|59|0|29|42|48|0|29|0|29|2|5|0|29|8|14|184|96|58|58|52|50|47|39|22|33|0|29|0|29|0|29|5|8|0|29
1600000US3742000|51|39|24|34|0|14|11|19|11|17|0|14|0|14|0|14|5|9|0|14|51|39|24|34|0|14|11|19|11|17|0|14|0|14|0|14|5|9|0|14|35|38|24|34|0|14|11|19|0|14|0|14|0|14|0|14|0|14|0|14|16|20|0|14|0|14|0|14|11|17|0|14|0|14|0|14|5|9|0|14|11|17|0|14|0|14|0|14|11|17|0|14|0|14|0|14|0|14|0|14|5|9|0|14|0|14|0|14|0|14|0|14|0|14|0|14|5|9|0|14|0|14|0|14|0|14|0|14|0|14|0|14|0|14|0|14|0|14|0|14|0|14|0|14|0|14|0|14|0|14|0|14|0|14|0|14|0|14|0|14|0|14|0|14|0|14|0|14|0|14|0|14|0|14|0|14|0|14|0|14|0|14|0|14|0|14|0|14|0|14|0|14|0|14|0|14|0|14|0|14|0|14|0|14|0|14|0|14|0|14|0|14|0|14|0|14|0|14|0|14|0|14|0|14|0|14|0|14|0|14|0|14|0|14|0|14|0|14|0|14
1600000US3742020|596|131|142|69|102|42|90|52|82|45|13|14|68|38|61|32|29|30|9|14|577|131|132|67|97|43|90|52|82|45|13|14|64|37|61|32|29|30|9|14|534|130|132|67|97|43|81|50|57|36|13|14|55|35|61|32|29|30|9|14|43|35|0|14|0|14|9|14|25|28|0|14|9|14|0|14|0|14|0|14|43|35|0|14|0|14|9|14|25|28|0|14|9|14|0|14|0|14|0|14|0|14|0|14|0|14|0|14|0|14|0|14|0|14|0|14|0|14|0|14|0|14|0|14|0|14|0|14|0|14|0|14|0|14|0|14|0|14|0|14|0|14|0|14|0|14|0|14|0|14|0|14|0|14|0|14|0|14|0|14|0|14|0|14|0|14|0|14|0|14|0|14|0|14|0|14|0|14|0|14|0|14|0|14|0|14|0|14|0|14|0|14|0|14|0|14|0|14|0|14|4|7|0|14|0|14|0|14|0|14|0|14|4|7|0|14|0|14|0|14|15|18|10|16|5|8|0|14|0|14|0|14|0|14|0|14|0|14|0|14
1600000US3742060|1083|190|210|91|221|113|86|73|33|31|0|14|61|60|194|106|139|71|139|83|1023|182|187|85|221|113|51|55|33|31|0|14|61|60|194|106|137|71|139|83|863|173|165|73|181|110|51|55|33|31|0|14|61|60|129|93|137|71|106|72|160|84|22|34|40|41|0|14|0|14|0|14|0|14|65|69|0|14|33|39|146|80|22|34|40|41|0|14|0|14|0|14|0|14|65|69|0|14|19|29|14|26|0|14|0|14|0|14|0|14|0|14|0|14|0|14|0|14|14|26|2|4|0|14|0|14|0|14|0|14|0|14|0|14|0|14|2|4|0|14|2|4|0|14|0|14|0|14|0|14|0|14|0|14|0|14|2|4|0|14|0|14|0|14|0|14|0|14|0|14|0|14|0|14|0|14|0|14|0|14|0|14|0|14|0|14|0|14|0|14|0|14|0|14|0|14|0|14|0|14|25|33|7|13|0|14|18|30|0|14|0|14|0|14|0|14|0|14|0|14|33|41|16|25|0|14|17|31|0|14|0|14|0|14|0|14|0|14|0|14
1600000US3742100|369|104|23|17|15|24|13|15|68|47|47|37|98|51|24|17|30|16|51|40|363|102|23|17|15|24|7|10|68|47|47|37|98|51|24|17|30|16|51|40|280|90|23|17|13|24|4|8|58|47|45|35|84|48|12|13|30|16|11|17|83|55|0|14|2|5|3|6|10|12|2|4|14|18|12|17|0|14|40|40|69|53|0|14|2|5|3|6|0|14|2|4|10|15|12|17|0|14|40|40|14|16|0|14|0|14|0|14|10|12|0|14|4|6|0|14|0|14|0|14|0|14|0|14|0|14|0|14|0|14|0|14|0|14|0|14|0|14|0|14|0|14|0|14|0|14|0|14|0|14|0|14|0|14|0|14|0|14|0|14|0|14|0|14|0|14|0|14|0|14|0|14|0|14|0|14|0|14|0|14|0|14|0|14|0|14|0|14|0|14|0|14|0|14|0|14|0|14|0|14|6|9|0|14|0|14|6|9|0|14|0|14|0|14|0|14|0|14|0|14|0|14|0|14|0|14|0|14|0|14|0|14|0|14|0|14|0|14|0|14
1600000US3742240|8181|648|676|229|860|259|1027|412|1155|266|817|277|1257|224|903|283|949|300|537|256|8073|652|662|225|860|259|1014|411|1149|269|811|277|1242|220|883|279|949|300|503|257|7528|608|566|191|718|275|1005|414|913|265|798|278|1193|210|883|279|949|300|503|257|545|274|96|84|142|135|9|16|236|212|13|19|49|66|0|21|0|21|0|21|514|268|65|63|142|135|9|16|236|212|13|19|49|66|0|21|0|21|0|21|31|50|31|50|0|21|0|21|0|21|0|21|0|21|0|21|0|21|0|21|51|69|0|21|0|21|0|21|0|21|0|21|15|30|20|27|0|21|16|33|51|69|0|21|0|21|0|21|0|21|0|21|15|30|20|27|0|21|16|33|0|21|0|21|0|21|0|21|0|21|0|21|0|21|0|21|0|21|0|21|0|21|0|21|0|21|0|21|0|21|0|21|0|21|0|21|0|21|0|21|14|21|14|21|0|21|0|21|0|21|0|21|0|21|0|21|0|21|0|21|43|46|0|21|0|21|13|20|6|11|6|10|0|21|0|21|0|21|18|36
1600000US3742480|75|53|0|14|31|36|0|14|23|22|0|14|8|10|4|4|7|9|2|3|73|53|0|14|31|36|0|14|23|22|0|14|8|10|4|4|7|9|0|14|68|52|0|14|31|36|0|14|19|21|0|14|8|10|3|4|7|9|0|14|5|8|0|14|0|14|0|14|4|8|0|14|0|14|1|2|0|14|0|14|5|8|0|14|0|14|0|14|4|8|0|14|0|14|1|2|0|14|0|14|0|14|0|14|0|14|0|14|0|14|0|14|0|14|0|14|0|14|0|14|0|14|0|14|0|14|0|14|0|14|0|14|0|14|0|14|0|14|0|14|0|14|0|14|0|14|0|14|0|14|0|14|0|14|0|14|0|14|0|14|0|14|0|14|0|14|0|14|0|14|0|14|0|14|0|14|0|14|0|14|0|14|0|14|0|14|0|14|0|14|0|14|0|14|0|14|0|14|0|14|0|14|0|14|0|14|0|14|0|14|0|14|0|14|0|14|0|14|0|14|2|3|0|14|0|14|0|14|0|14|0|14|0|14|0|14|0|14|2|3
1600000US3742620|208|125|31|38|0|14|53|47|32|36|9|18|14|15|0|14|59|74|10|16|208|125|31|38|0|14|53|47|32|36|9|18|14|15|0|14|59|74|10|16|146|79|11|16|0|14|52|46|32|36|0|14|11|13|0|14|30|30|10|16|62|62|20|33|0|14|1|3|0|14|9|18|3|5|0|14|29|46|0|14|62|62|20|33|0|14|1|3|0|14|9|18|3|5|0|14|29|46|0|14|0|14|0|14|0|14|0|14|0|14|0|14|0|14|0|14|0|14|0|14|0|14|0|14|0|14|0|14|0|14|0|14|0|14|0|14|0|14|0|14|0|14|0|14|0|14|0|14|0|14|0|14|0|14|0|14|0|14|0|14|0|14|0|14|0|14|0|14|0|14|0|14|0|14|0|14|0|14|0|14|0|14|0|14|0|14|0|14|0|14|0|14|0|14|0|14|0|14|0|14|0|14|0|14|0|14|0|14|0|14|0|14|0|14|0|14|0|14|0|14|0|14|0|14|0|14|0|14|0|14|0|14|0|14|0|14|0|14|0|14
1600000US3742640|52|41|12|14|0|14|11|19|15|26|0|14|1|3|0|14|13|24|0|14|52|41|12|14|0|14|11|19|15|26|0|14|1|3|0|14|13|24|0|14|44|37|12|14|0|14|11|19|7|13|0|14|1|3|0|14|13|24|0|14|8|14|0|14|0|14|0|14|8|14|0|14|0|14|0|14|0|14|0|14|8|14|0|14|0|14|0|14|8|14|0|14|0|14|0|14|0|14|0|14|0|14|0|14|0|14|0|14|0|14|0|14|0|14|0|14|0|14|0|14|0|14|0|14|0|14|0|14|0|14|0|14|0|14|0|14|0|14|0|14|0|14|0|14|0|14|0|14|0|14|0|14|0|14|0|14|0|14|0|14|0|14|0|14|0|14|0|14|0|14|0|14|0|14|0|14|0|14|0|14|0|14|0|14|0|14|0|14|0|14|0|14|0|14|0|14|0|14|0|14|0|14|0|14|0|14|0|14|0|14|0|14|0|14|0|14|0|14|0|14|0|14|0|14|0|14|0|14|0|14|0|14|0|14|0|14|0|14|0|14
1600000US3742700|354|130|39|32|32|22|33|29|34|24|28|23|83|75|47|29|33|26|25|25|344|128|29|27|32|22|33|29|34|24|28|23|83|75|47|29|33|26|25|25|331|131|29|27|26|21|33|29|34|24|27|23|83|75|46|29|28|29|25|25|13|14|0|14|6|10|0|14|0|14|1|3|0|14|1|2|5|9|0|14|11|14|0|14|6|10|0|14|0|14|0|14|0|14|0|14|5|9|0|14|2|4|0|14|0|14|0|14|0|14|1|3|0|14|1|2|0|14|0|14|0|14|0|14|0|14|0|14|0|14|0|14|0|14|0|14|0|14|0|14|0|14|0|14|0|14|0|14|0|14|0|14|0|14|0|14|0|14|0|14|0|14|0|14|0|14|0|14|0|14|0|14|0|14|0|14|0|14|0|14|0|14|0|14|0|14|0|14|0|14|0|14|0|14|0|14|0|14|0|14|10|12|10|12|0|14|0|14|0|14|0|14|0|14|0|14|0|14|0|14|0|14|0|14|0|14|0|14|0|14|0|14|0|14|0|14|0|14|0|14
1600000US3742760|2135|198|111|85|98|74|189|118|225|116|293|162|392|146|242|108|422|162|163|107|2065|196|81|71|98|74|178|117|225|116|293|162|392|146|242|108|422|162|134|96|1864|202|81|71|98|74|134|103|130|102|244|154|392|146|242|108|409|158|134|96|201|131|0|14|0|14|44|63|95|75|49|54|0|14|0|14|13|24|0|14|85|63|0|14|0|14|0|14|65|56|20|34|0|14|0|14|0|14|0|14|116|115|0|14|0|14|44|63|30|47|29|45|0|14|0|14|13|24|0|14|29|45|0|14|0|14|0|14|0|14|0|14|0|14|0|14|0|14|29|45|0|14|0|14|0|14|0|14|0|14|0|14|0|14|0|14|0|14|0|14|29|45|0|14|0|14|0|14|0|14|0|14|0|14|0|14|0|14|29|45|0|14|0|14|0|14|0|14|0|14|0|14|0|14|0|14|0|14|0|14|30|47|30|47|0|14|0|14|0|14|0|14|0|14|0|14|0|14|0|14|11|21|0|14|0|14|11|21|0|14|0|14|0|14|0|14|0|14|0|14
1600000US3742860|1979|367|220|149|235|120|542|186|483|206|185|115|109|90|38|41|65|94|102|89|1837|364|117|125|235|120|527|183|459|199|185|115|109|90|38|41|65|94|102|89|1710|342|117|125|221|118|527|183|449|198|164|113|109|90|38|41|65|94|20|34|127|111|0|14|14|23|0|14|10|17|21|38|0|14|0|14|0|14|82|86|63|68|0|14|14|23|0|14|10|17|21|38|0|14|0|14|0|14|18|32|64|68|0|14|0|14|0|14|0|14|0|14|0|14|0|14|0|14|64|68|0|14|0|14|0|14|0|14|0|14|0|14|0|14|0|14|0|14|0|14|0|14|0|14|0|14|0|14|0|14|0|14|0|14|0|14|0|14|0|14|0|14|0|14|0|14|0|14|0|14|0|14|0|14|0|14|0|14|0|14|0|14|0|14|0|14|0|14|0|14|0|14|0|14|0|14|0|14|0|14|16|26|16|26|0|14|0|14|0|14|0|14|0|14|0|14|0|14|0|14|126|88|87|72|0|14|15|27|24|39|0|14|0|14|0|14|0|14|0|14
1600000US3743160|567|192|63|66|132|87|148|93|75|68|0|14|34|34|4|8|9|16|102|63|567|192|63|66|132|87|148|93|75|68|0|14|34|34|4|8|9|16|102|63|495|181|63|66|132|87|148|93|40|49|0|14|6|10|4|8|9|16|93|60|72|62|0|14|0|14|0|14|35|51|0|14|28|33|0|14|0|14|9|15|63|61|0|14|0|14|0|14|35|51|0|14|28|33|0|14|0|14|0|14|9|15|0|14|0|14|0|14|0|14|0|14|0|14|0|14|0|14|9|15|0|14|0|14|0|14|0|14|0|14|0|14|0|14|0|14|0|14|0|14|0|14|0|14|0|14|0|14|0|14|0|14|0|14|0|14|0|14|0|14|0|14|0|14|0|14|0|14|0|14|0|14|0|14|0|14|0|14|0|14|0|14|0|14|0|14|0|14|0|14|0|14|0|14|0|14|0|14|0|14|0|14|0|14|0|14|0|14|0|14|0|14|0|14|0|14|0|14|0|14|0|14|0|14|0|14|0|14|0|14|0|14|0|14|0|14|0|14|0|14
1600000US3743200|242|132|31|42|9|13|10|17|21|23|15|28|23|25|101|75|15|24|17|21|242|132|31|42|9|13|10|17|21|23|15|28|23|25|101|75|15|24|17|21|217|128|31|42|9|13|10|17|21|23|15|28|23|25|101|75|0|14|7|15|25|23|0|14|0|14|0|14|0|14|0|14|0|14|0|14|15|24|10|16|25|23|0|14|0|14|0|14|0|14|0|14|0|14|0|14|15|24|10|16|0|14|0|14|0|14|0|14|0|14|0|14|0|14|0|14|0|14|0|14|0|14|0|14|0|14|0|14|0|14|0|14|0|14|0|14|0|14|0|14|0|14|0|14|0|14|0|14|0|14|0|14|0|14|0|14|0|14|0|14|0|14|0|14|0|14|0|14|0|14|0|14|0|14|0|14|0|14|0|14|0|14|0|14|0|14|0|14|0|14|0|14|0|14|0|14|0|14|0|14|0|14|0|14|0|14|0|14|0|14|0|14|0|14|0|14|0|14|0|14|0|14|0|14|0|14|0|14|0|14|0|14|0|14|0|14|0|14|0|14
1600000US3743260|3162|294|410|126|508|151|444|146|700|175|192|80|654|196|109|71|67|52|78|61|3079|317|404|126|466|165|419|146|700|175|192|80|644|196|109|71|67|52|78|61|2729|324|306|106|413|159|376|145|632|169|182|78|566|196|109|71|67|52|78|61|350|173|98|67|53|41|43|36|68|61|10|16|78|75|0|19|0|19|0|19|178|92|46|47|28|29|25|26|30|38|10|16|39|52|0|19|0|19|0|19|172|138|52|54|25|32|18|26|38|49|0|19|39|49|0|19|0|19|0|19|0|19|0|19|0|19|0|19|0|19|0|19|0|19|0|19|0|19|0|19|0|19|0|19|0|19|0|19|0|19|0|19|0|19|0|19|0|19|0|19|0|19|0|19|0|19|0|19|0|19|0|19|0|19|0|19|0|19|0|19|0|19|0|19|0|19|0|19|0|19|0|19|0|19|0|19|0|19|0|19|6|11|6|11|0|19|0|19|0|19|0|19|0|19|0|19|0|19|0|19|77|63|0|19|42|49|25|33|0|19|0|19|10|16|0|19|0|19|0|19
1600000US3743300|36|23|6|12|2|6|6|12|5|7|0|14|12|14|0|14|0|14|5|9|24|19|0|14|2|6|6|12|5|7|0|14|6|10|0|14|0|14|5|9|21|17|0|14|2|6|3|6|5|7|0|14|6|10|0|14|0|14|5|9|3|7|0|14|0|14|3|7|0|14|0|14|0|14|0|14|0|14|0|14|3|7|0|14|0|14|3|7|0|14|0|14|0|14|0|14|0|14|0|14|0|14|0|14|0|14|0|14|0|14|0|14|0|14|0|14|0|14|0|14|0|14|0|14|0|14|0|14|0|14|0|14|0|14|0|14|0|14|0|14|0|14|0|14|0|14|0|14|0|14|0|14|0|14|0|14|0|14|0|14|0|14|0|14|0|14|0|14|0|14|0|14|0|14|0|14|0|14|0|14|0|14|0|14|0|14|0|14|0|14|0|14|0|14|0|14|0|14|0|14|0|14|0|14|0|14|0|14|0|14|0|14|0|14|0|14|0|14|0|14|12|15|6|12|0|14|0|14|0|14|0|14|6|10|0|14|0|14|0|14
1600000US3743320|21|25|0|14|0|14|0|14|15|23|4|8|0|14|0|14|0|14|2|6|21|25|0|14|0|14|0|14|15|23|4|8|0|14|0|14|0|14|2|6|21|25|0|14|0|14|0|14|15|23|4|8|0|14|0|14|0|14|2|6|0|14|0|14|0|14|0|14|0|14|0|14|0|14|0|14|0|14|0|14|0|14|0|14|0|14|0|14|0|14|0|14|0|14|0|14|0|14|0|14|0|14|0|14|0|14|0|14|0|14|0|14|0|14|0|14|0|14|0|14|0|14|0|14|0|14|0|14|0|14|0|14|0|14|0|14|0|14|0|14|0|14|0|14|0|14|0|14|0|14|0|14|0|14|0|14|0|14|0|14|0|14|0|14|0|14|0|14|0|14|0|14|0|14|0|14|0|14|0|14|0|14|0|14|0|14|0|14|0|14|0|14|0|14|0|14|0|14|0|14|0|14|0|14|0|14|0|14|0|14|0|14|0|14|0|14|0|14|0|14|0|14|0|14|0|14|0|14|0|14|0|14|0|14|0|14|0|14|0|14
1600000US3743360|1310|201|39|27|75|46|167|89|252|98|119|76|217|88|105|52|174|62|162|73|1302|198|39|27|75|46|167|89|252|98|119|76|217|88|105|52|166|62|162|73|1177|205|39|27|75|46|162|89|204|87|119|76|202|87|105|52|166|62|105|46|125|88|0|14|0|14|5|10|48|72|0|14|15|19|0|14|0|14|57|58|49|55|0|14|0|14|5|10|0|14|0|14|0|14|0|14|0|14|44|54|76|77|0|14|0|14|0|14|48|72|0|14|15|19|0|14|0|14|13|22|0|14|0|14|0|14|0|14|0|14|0|14|0|14|0|14|0|14|0|14|0|14|0|14|0|14|0|14|0|14|0|14|0|14|0|14|0|14|0|14|0|14|0|14|0|14|0|14|0|14|0|14|0|14|0|14|0|14|0|14|0|14|0|14|0|14|0|14|0|14|0|14|0|14|0|14|0|14|0|14|0|14|0|14|0|14|0|14|0|14|0|14|0|14|0|14|0|14|0|14|8|12|0|14|0|14|0|14|0|14|0|14|0|14|0|14|8|12|0|14
1600000US3743440|158|65|1|2|12|13|40|43|15|9|0|14|8|9|50|27|30|22|2|3|154|64|1|2|11|12|40|43|15|9|0|14|5|5|50|27|30|22|2|3|135|54|1|2|11|12|28|30|8|8|0|14|5|5|50|27|30|22|2|3|19|18|0|14|0|14|12|17|7|7|0|14|0|14|0|14|0|14|0|14|19|18|0|14|0|14|12|17|7|7|0|14|0|14|0|14|0|14|0|14|0|14|0|14|0|14|0|14|0|14|0|14|0|14|0|14|0|14|0|14|0|14|0|14|0|14|0|14|0|14|0|14|0|14|0|14|0|14|0|14|0|14|0|14|0|14|0|14|0|14|0|14|0|14|0|14|0|14|0|14|0|14|0|14|0|14|0|14|0|14|0|14|0|14|0|14|0|14|0|14|0|14|0|14|0|14|0|14|0|14|0|14|0|14|0|14|0|14|0|14|0|14|0|14|0|14|0|14|0|14|0|14|0|14|0|14|0|14|0|14|4|8|0|14|1|3|0|14|0|14|0|14|3|7|0|14|0|14|0|14
1600000US3743480|11313|683|634|338|641|205|1196|283|1752|364|1490|363|2546|449|1146|277|1350|407|558|186|11109|678|488|321|628|204|1182|284|1752|364|1490|363|2546|449|1136|277|1350|407|537|191|9944|714|479|314|591|201|744|166|1652|356|1296|343|2389|432|1012|269|1307|407|474|195|1165|341|9|18|37|35|438|280|100|61|194|118|157|103|124|100|43|48|63|47|809|297|9|18|17|20|390|278|64|53|173|111|107|78|38|35|0|25|11|16|356|160|0|25|20|25|48|52|36|44|21|31|50|55|86|93|43|48|52|42|25|25|0|25|0|25|0|25|0|25|0|25|0|25|10|15|0|25|15|19|25|25|0|25|0|25|0|25|0|25|0|25|0|25|10|15|0|25|15|19|0|25|0|25|0|25|0|25|0|25|0|25|0|25|0|25|0|25|0|25|0|25|0|25|0|25|0|25|0|25|0|25|0|25|0|25|0|25|0|25|92|70|82|66|10|18|0|25|0|25|0|25|0|25|0|25|0|25|0|25|87|75|64|68|3|7|14|23|0|25|0|25|0|25|0|25|0|25|6|11
1600000US3743580|257|81|136|52|47|37|12|17|18|27|4|9|8|11|14|19|8|10|10|11|144|67|36|25|34|36|12|17|18|27|4|9|8|11|14|19|8|10|10|11|129|65|22|23|34|36|12|17|18|27|4|9|8|11|14|19|8|10|9|11|15|25|14|25|0|14|0|14|0|14|0|14|0|14|0|14|0|14|1|2|9|20|8|20|0|14|0|14|0|14|0|14|0|14|0|14|0|14|1|2|6|14|6|14|0|14|0|14|0|14|0|14|0|14|0|14|0|14|0|14|0|14|0|14|0|14|0|14|0|14|0|14|0|14|0|14|0|14|0|14|0|14|0|14|0|14|0|14|0|14|0|14|0|14|0|14|0|14|0|14|0|14|0|14|0|14|0|14|0|14|0|14|0|14|0|14|0|14|0|14|0|14|0|14|0|14|0|14|0|14|0|14|0|14|0|14|0|14|0|14|111|51|100|50|11|18|0|14|0|14|0|14|0|14|0|14|0|14|0|14|2|3|0|14|2|3|0|14|0|14|0|14|0|14|0|14|0|14|0|14
1600000US3743720|2570|348|640|270|533|253|139|81|309|155|209|137|248|123|81|67|283|153|128|80|2531|340|611|247|533|253|139|81|309|155|209|137|248|123|81|67|283|153|118|80|2408|342|586|242|511|239|112|64|286|145|209|137|240|122|81|67|283|153|100|73|123|80|25|37|22|33|27|48|23|29|0|19|8|14|0|19|0|19|18|34|90|74|7|22|22|33|27|48|13|22|0|19|8|14|0|19|0|19|13|25|33|41|18|31|0|19|0|19|10|18|0|19|0|19|0|19|0|19|5|22|0|19|0|19|0|19|0|19|0|19|0|19|0|19|0|19|0|19|0|19|0|19|0|19|0|19|0|19|0|19|0|19|0|19|0|19|0|19|0|19|0|19|0|19|0|19|0|19|0|19|0|19|0|19|0|19|0|19|0|19|0|19|0|19|0|19|0|19|0|19|0|19|0|19|0|19|0|19|0|19|29|46|29|46|0|19|0|19|0|19|0|19|0|19|0|19|0|19|0|19|10|18|0|19|0|19|0|19|0|19|0|19|0|19|0|19|0|19|10|18
1600000US3743860|173|72|19|18|50|36|9|8|25|17|11|9|44|36|0|14|8|12|7|8|173|72|19|18|50|36|9|8|25|17|11|9|44|36|0|14|8|12|7|8|144|66|18|17|49|36|8|7|25|17|11|9|25|24|0|14|8|12|0|14|29|28|1|2|1|2|1|3|0|14|0|14|19|27|0|14|0|14|7|8|29|28|1|2|1|2|1|3|0|14|0|14|19|27|0|14|0|14|7|8|0|14|0|14|0|14|0|14|0|14|0|14|0|14|0|14|0|14|0|14|0|14|0|14|0|14|0|14|0|14|0|14|0|14|0|14|0|14|0|14|0|14|0|14|0|14|0|14|0|14|0|14|0|14|0|14|0|14|0|14|0|14|0|14|0|14|0|14|0|14|0|14|0|14|0|14|0|14|0|14|0|14|0|14|0|14|0|14|0|14|0|14|0|14|0|14|0|14|0|14|0|14|0|14|0|14|0|14|0|14|0|14|0|14|0|14|0|14|0|14|0|14|0|14|0|14|0|14|0|14|0|14|0|14|0|14|0|14|0|14
1600000US3743880|501|272|0|14|0|14|0|14|14|23|93|78|188|184|78|76|109|82|19|27|359|197|0|14|0|14|0|14|14|23|93|78|55|63|78|76|109|82|10|21|279|129|0|14|0|14|0|14|14|23|93|78|14|22|39|51|109|82|10|21|80|117|0|14|0|14|0|14|0|14|0|14|41|59|39|60|0|14|0|14|80|117|0|14|0|14|0|14|0|14|0|14|41|59|39|60|0|14|0|14|0|14|0|14|0|14|0|14|0|14|0|14|0|14|0|14|0|14|0|14|0|14|0|14|0|14|0|14|0|14|0|14|0|14|0|14|0|14|0|14|0|14|0|14|0|14|0|14|0|14|0|14|0|14|0|14|0|14|0|14|0|14|0|14|0|14|0|14|0|14|0|14|0|14|0|14|0|14|0|14|0|14|0|14|0|14|0|14|0|14|0|14|0|14|0|14|0|14|0|14|0|14|0|14|0|14|0|14|0|14|0|14|0|14|0|14|0|14|0|14|142|171|0|14|0|14|0|14|0|14|0|14|133|173|0|14|0|14|9|16
1600000US3743920|16098|893|1499|334|2222|421|2757|448|1366|303|1173|432|1791|319|1516|358|1818|348|1956|479|15643|917|1316|316|2133|420|2714|462|1366|303|1134|428|1765|313|1516|358|1799|350|1900|474|13067|895|925|250|1881|394|2163|437|1273|297|1103|423|1594|305|1278|321|1697|349|1153|251|2576|587|391|163|252|174|551|238|93|74|31|47|171|87|238|205|102|66|747|395|2210|614|391|163|198|156|538|237|67|67|31|47|153|87|25|27|96|64|711|399|366|219|0|29|54|61|13|20|26|37|0|29|18|23|213|202|6|14|36|28|1|3|0|29|0|29|0|29|0|29|0|29|0|29|0|29|0|29|1|3|1|3|0|29|0|29|0|29|0|29|0|29|0|29|0|29|0|29|1|3|0|29|0|29|0|29|0|29|0|29|0|29|0|29|0|29|0|29|0|29|0|29|0|29|0|29|0|29|0|29|0|29|0|29|0|29|0|29|0|29|126|89|72|62|0|29|0|29|0|29|0|29|13|23|0|29|0|29|41|61|328|177|111|92|89|83|43|71|0|29|39|41|13|21|0|29|19|22|14|22
1600000US3744100|223|75|89|49|72|53|5|12|23|38|20|27|0|14|11|19|0|14|3|9|106|58|21|39|49|42|5|12|0|14|20|27|0|14|11|19|0|14|0|14|101|60|21|39|49|42|0|14|0|14|20|27|0|14|11|19|0|14|0|14|5|12|0|14|0|14|5|12|0|14|0|14|0|14|0|14|0|14|0|14|5|12|0|14|0|14|5|12|0|14|0|14|0|14|0|14|0|14|0|14|0|14|0|14|0|14|0|14|0|14|0|14|0|14|0|14|0|14|0|14|0|14|0|14|0|14|0|14|0|14|0|14|0|14|0|14|0|14|0|14|0|14|0|14|0|14|0|14|0|14|0|14|0|14|0|14|0|14|0|14|0|14|0|14|0|14|0|14|0|14|0|14|0|14|0|14|0|14|0|14|0|14|0|14|0|14|0|14|0|14|0|14|0|14|0|14|0|14|0|14|117|51|68|33|23|33|0|14|23|38|0|14|0|14|0|14|0|14|3|9|0|14|0|14|0|14|0|14|0|14|0|14|0|14|0|14|0|14|0|14
1600000US3744160|76|35|8|9|10|11|15|15|24|25|1|3|2|3|9|13|5|6|2|4|76|35|8|9|10|11|15|15|24|25|1|3|2|3|9|13|5|6|2|4|68|34|8|9|10|11|15|15|16|22|1|3|2|3|9|13|5|6|2|4|8|13|0|14|0|14|0|14|8|13|0|14|0|14|0|14|0|14|0|14|8|13|0|14|0|14|0|14|8|13|0|14|0|14|0|14|0|14|0|14|0|14|0|14|0|14|0|14|0|14|0|14|0|14|0|14|0|14|0|14|0|14|0|14|0|14|0|14|0|14|0|14|0|14|0|14|0|14|0|14|0|14|0|14|0|14|0|14|0|14|0|14|0|14|0|14|0|14|0|14|0|14|0|14|0|14|0|14|0|14|0|14|0|14|0|14|0|14|0|14|0|14|0|14|0|14|0|14|0|14|0|14|0|14|0|14|0|14|0|14|0|14|0|14|0|14|0|14|0|14|0|14|0|14|0|14|0|14|0|14|0|14|0|14|0|14|0|14|0|14|0|14|0|14|0|14|0|14|0|14
1600000US3744220|21936|1041|2879|589|4003|488|3690|471|2488|449|1120|349|2344|431|1726|367|2309|385|1377|335|21221|1097|2687|589|3871|493|3644|472|2434|437|1057|345|2265|429|1697|360|2255|386|1311|330|19271|1081|2543|574|3546|508|3100|454|2315|431|907|325|2159|426|1502|370|1967|373|1232|312|1950|396|144|79|325|185|544|238|119|78|150|105|106|88|195|127|288|163|79|68|1277|337|122|75|118|79|442|231|57|52|94|89|106|88|195|127|133|115|10|18|673|264|22|26|207|170|102|104|62|58|56|49|0|32|0|32|155|122|69|64|79|68|0|32|20|32|0|32|0|32|0|32|0|32|0|32|33|53|26|25|69|65|0|32|20|32|0|32|0|32|0|32|0|32|0|32|33|53|16|18|0|32|0|32|0|32|0|32|0|32|0|32|0|32|0|32|0|32|0|32|10|16|0|32|0|32|0|32|0|32|0|32|0|32|0|32|0|32|10|16|178|106|111|91|24|39|7|11|36|42|0|32|0|32|0|32|0|32|0|32|458|154|81|74|88|79|39|50|18|22|63|60|79|59|29|44|21|34|40|32
1600000US3744280|418|225|91|73|55|54|82|128|89|112|0|14|25|32|0|14|0|14|76|83|418|225|91|73|55|54|82|128|89|112|0|14|25|32|0|14|0|14|76|83|376|217|60|75|55|54|82|128|89|112|0|14|14|26|0|14|0|14|76|83|42|51|31|49|0|14|0|14|0|14|0|14|11|19|0|14|0|14|0|14|11|19|0|14|0|14|0|14|0|14|0|14|11|19|0|14|0|14|0|14|31|49|31|49|0|14|0|14|0|14|0|14|0|14|0|14|0|14|0|14|0|14|0|14|0|14|0|14|0|14|0|14|0|14|0|14|0|14|0|14|0|14|0|14|0|14|0|14|0|14|0|14|0|14|0|14|0|14|0|14|0|14|0|14|0|14|0|14|0|14|0|14|0|14|0|14|0|14|0|14|0|14|0|14|0|14|0|14|0|14|0|14|0|14|0|14|0|14|0|14|0|14|0|14|0|14|0|14|0|14|0|14|0|14|0|14|0|14|0|14|0|14|0|14|0|14|0|14|0|14|0|14|0|14|0|14|0|14|0|14
1600000US3744320|4117|359|1301|227|613|173|815|207|184|79|303|148|412|191|145|93|194|85|150|64|3997|348|1259|223|611|173|790|205|180|79|303|148|393|187|145|93|170|82|146|63|3835|357|1220|218|602|171|741|205|172|79|283|144|390|186|145|93|170|82|112|52|162|81|39|28|9|11|49|45|8|12|20|25|3|6|0|19|0|19|34|37|155|80|32|28|9|11|49|45|8|12|20|25|3|6|0|19|0|19|34|37|7|10|7|10|0|19|0|19|0|19|0|19|0|19|0|19|0|19|0|19|19|31|0|19|0|19|0|19|0|19|0|19|19|31|0|19|0|19|0|19|19|31|0|19|0|19|0|19|0|19|0|19|19|31|0|19|0|19|0|19|0|19|0|19|0|19|0|19|0|19|0|19|0|19|0|19|0|19|0|19|0|19|0|19|0|19|0|19|0|19|0|19|0|19|0|19|0|19|0|19|61|36|36|30|0|19|15|19|0|19|0|19|0|19|0|19|10|13|0|19|40|30|6|9|2|3|10|15|4|6|0|19|0|19|0|19|14|21|4|8
1600000US3744400|6846|616|1612|271|1979|502|1261|289|318|138|191|103|699|255|315|184|145|83|326|145|6740|622|1582|276|1979|502|1261|289|316|137|191|103|632|243|308|184|145|83|326|145|5631|570|1403|245|1613|451|965|215|229|107|184|102|523|229|308|184|145|83|261|118|1109|460|179|155|366|271|296|181|87|90|7|15|109|114|0|21|0|21|65|85|1078|456|164|151|366|271|296|181|87|90|7|15|93|109|0|21|0|21|65|85|31|36|15|24|0|21|0|21|0|21|0|21|16|27|0|21|0|21|0|21|0|21|0|21|0|21|0|21|0|21|0|21|0|21|0|21|0|21|0|21|0|21|0|21|0|21|0|21|0|21|0|21|0|21|0|21|0|21|0|21|0|21|0|21|0|21|0|21|0|21|0|21|0|21|0|21|0|21|0|21|0|21|0|21|0|21|0|21|0|21|0|21|0|21|0|21|0|21|0|21|30|39|23|30|0|21|0|21|0|21|0|21|0|21|7|14|0|21|0|21|76|79|7|11|0|21|0|21|2|26|0|21|67|75|0|21|0|21|0|21
1600000US3744520|10754|867|1182|357|1987|403|2176|396|1539|372|1376|275|1277|343|647|180|187|124|383|191|10132|820|1182|357|1855|391|2083|383|1481|354|1242|246|1186|331|586|156|187|124|330|184|9168|791|977|292|1672|364|1915|366|1371|334|1178|251|1038|316|586|156|112|81|319|183|964|328|205|135|183|138|168|98|110|97|64|58|148|120|0|29|75|92|11|17|773|255|111|84|160|132|144|88|106|96|64|58|126|112|0|29|51|82|11|17|191|131|94|105|23|35|24|37|4|8|0|29|22|37|0|29|24|38|0|29|51|82|0|29|0|29|0|29|0|29|0|29|0|29|51|82|0|29|0|29|51|82|0|29|0|29|0|29|0|29|0|29|0|29|51|82|0|29|0|29|0|29|0|29|0|29|0|29|0|29|0|29|0|29|0|29|0|29|0|29|0|29|0|29|0|29|0|29|0|29|0|29|0|29|0|29|0|29|0|29|41|35|0|29|41|35|0|29|0|29|0|29|0|29|0|29|0|29|0|29|530|213|0|29|91|84|93|74|58|75|134|130|91|81|10|15|0|29|53|51
1600000US3744560|94|63|0|14|17|17|9|12|8|14|0|14|21|20|8|14|29|31|2|4|94|63|0|14|17|17|9|12|8|14|0|14|21|20|8|14|29|31|2|4|89|61|0|14|17|17|9|12|8|14|0|14|16|18|8|14|29|31|2|4|5|9|0|14|0|14|0|14|0|14|0|14|5|9|0|14|0|14|0|14|5|9|0|14|0|14|0|14|0|14|0|14|5|9|0|14|0|14|0|14|0|14|0|14|0|14|0|14|0|14|0|14|0|14|0|14|0|14|0|14|0|14|0|14|0|14|0|14|0|14|0|14|0|14|0|14|0|14|0|14|0|14|0|14|0|14|0|14|0|14|0|14|0|14|0|14|0|14|0|14|0|14|0|14|0|14|0|14|0|14|0|14|0|14|0|14|0|14|0|14|0|14|0|14|0|14|0|14|0|14|0|14|0|14|0|14|0|14|0|14|0|14|0|14|0|14|0|14|0|14|0|14|0|14|0|14|0|14|0|14|0|14|0|14|0|14|0|14|0|14|0|14|0|14|0|14|0|14|0|14
1600000US3744700|1814|429|377|239|234|136|364|181|505|230|64|69|34|33|109|89|52|43|75|74|1814|429|377|239|234|136|364|181|505|230|64|69|34|33|109|89|52|43|75|74|1606|450|271|259|234|136|326|186|450|215|55|68|34|33|109|89|52|43|75|74|208|155|106|112|0|14|38|51|55|85|9|17|0|14|0|14|0|14|0|14|173|137|106|112|0|14|29|46|29|48|9|17|0|14|0|14|0|14|0|14|35|43|0|14|0|14|9|17|26|39|0|14|0|14|0|14|0|14|0|14|0|14|0|14|0|14|0|14|0|14|0|14|0|14|0|14|0|14|0|14|0|14|0|14|0|14|0|14|0|14|0|14|0|14|0|14|0|14|0|14|0|14|0|14|0|14|0|14|0|14|0|14|0|14|0|14|0|14|0|14|0|14|0|14|0|14|0|14|0|14|0|14|0|14|0|14|0|14|0|14|0|14|0|14|0|14|0|14|0|14|0|14|0|14|0|14|0|14|0|14|0|14|0|14|0|14|0|14|0|14|0|14|0|14|0|14|0|14|0|14
1600000US3744770|1738|486|263|202|288|165|543|255|312|145|22|42|103|75|30|46|95|75|82|67|1715|482|240|196|288|165|543|255|312|145|22|42|103|75|30|46|95|75|82|67|1285|440|199|178|261|164|390|239|131|94|22|42|87|70|30|46|95|75|70|62|430|241|41|45|27|40|153|97|181|134|0|14|16|29|0|14|0|14|12|23|59|66|0|14|12|26|8|26|11|24|0|14|16|29|0|14|0|14|12|23|371|232|41|45|15|29|145|95|170|131|0|14|0|14|0|14|0|14|0|14|0|14|0|14|0|14|0|14|0|14|0|14|0|14|0|14|0|14|0|14|0|14|0|14|0|14|0|14|0|14|0|14|0|14|0|14|0|14|0|14|0|14|0|14|0|14|0|14|0|14|0|14|0|14|0|14|0|14|0|14|0|14|0|14|0|14|0|14|0|14|0|14|0|14|0|14|0|14|0|14|0|14|0|14|0|14|0|14|0|14|0|14|0|14|0|14|0|14|0|14|23|37|23|37|0|14|0|14|0|14|0|14|0|14|0|14|0|14|0|14
1600000US3744800|3898|413|1115|264|1029|262|790|252|197|98|85|57|119|76|142|74|240|99|181|83|3802|410|1058|263|1020|260|790|252|192|99|85|57|94|71|142|74|240|99|181|83|3278|385|922|246|905|253|606|243|192|99|73|52|94|71|111|63|209|82|166|80|524|194|136|116|115|82|184|150|0|21|12|22|0|21|31|37|31|31|15|22|415|171|136|116|54|53|157|149|0|21|12|22|0|21|31|37|25|28|0|21|109|69|0|21|61|61|27|29|0|21|0|21|0|21|0|21|6|13|15|22|0|21|0|21|0|21|0|21|0|21|0|21|0|21|0|21|0|21|0|21|0|21|0|21|0|21|0|21|0|21|0|21|0|21|0|21|0|21|0|21|0|21|0|21|0|21|0|21|0|21|0|21|0|21|0|21|0|21|0|21|0|21|0|21|0|21|0|21|0|21|0|21|0|21|0|21|0|21|0|21|26|33|20|27|6|18|0|21|0|21|0|21|0|21|0|21|0|21|0|21|70|58|37|52|3|5|0|21|5|6|0|21|25|28|0|21|0|21|0|21
1600000US3744900|556|158|141|71|105|92|51|37|74|64|36|32|23|29|9|15|49|35|68|70|502|155|137|71|83|87|51|37|74|64|36|32|23|29|9|15|21|24|68|70|483|150|137|71|83|87|37|33|71|63|36|32|23|29|9|15|21|24|66|70|19|19|0|14|0|14|14|17|3|5|0|14|0|14|0|14|0|14|2|4|14|17|0|14|0|14|14|17|0|14|0|14|0|14|0|14|0|14|0|14|5|9|0|14|0|14|0|14|3|5|0|14|0|14|0|14|0|14|2|4|0|14|0|14|0|14|0|14|0|14|0|14|0|14|0|14|0|14|0|14|0|14|0|14|0|14|0|14|0|14|0|14|0|14|0|14|0|14|0|14|0|14|0|14|0|14|0|14|0|14|0|14|0|14|0|14|0|14|0|14|0|14|0|14|0|14|0|14|0|14|0|14|0|14|0|14|0|14|0|14|4|5|4|5|0|14|0|14|0|14|0|14|0|14|0|14|0|14|0|14|50|58|0|14|22|27|0|14|0|14|0|14|0|14|0|14|28|32|0|14
1600000US3744960|7673|515|687|181|477|120|969|217|1204|197|847|198|1907|332|573|161|604|174|405|144|7527|503|612|168|427|120|969|217|1199|197|847|198|1891|333|573|161|604|174|405|144|7053|454|591|164|398|123|859|191|1157|195|734|160|1813|319|548|159|574|168|379|143|474|188|21|24|29|25|110|128|42|32|113|82|78|68|25|26|30|34|26|30|442|191|21|24|10|15|110|128|29|29|113|82|78|68|25|26|30|34|26|30|32|28|0|21|19|19|0|21|13|16|0|21|0|21|0|21|0|21|0|21|0|21|0|21|0|21|0|21|0|21|0|21|0|21|0|21|0|21|0|21|0|21|0|21|0|21|0|21|0|21|0|21|0|21|0|21|0|21|0|21|0|21|0|21|0|21|0|21|0|21|0|21|0|21|0|21|0|21|0|21|0|21|0|21|0|21|0|21|0|21|0|21|0|21|0|21|0|21|0|21|35|32|30|30|0|21|0|21|5|10|0|21|0|21|0|21|0|21|0|21|111|76|45|42|50|48|0|21|0|21|0|21|16|26|0|21|0|21|0|21
1600000US3745100|1785|223|673|181|183|84|100|64|127|63|262|126|147|67|142|106|108|81|43|26|1725|222|633|185|176|81|87|59|127|63|262|126|147|67|142|106|108|81|43|26|1439|185|542|136|116|66|77|57|114|57|228|116|96|52|120|88|108|81|38|26|286|122|91|79|60|58|10|18|13|27|34|62|51|44|22|29|0|14|5|10|196|97|67|76|60|58|10|18|0|14|0|14|32|36|22|29|0|14|5|10|90|76|24|20|0|14|0|14|13|27|34|62|19|29|0|14|0|14|0|14|6|15|0|14|0|14|6|15|0|14|0|14|0|14|0|14|0|14|0|14|6|15|0|14|0|14|6|15|0|14|0|14|0|14|0|14|0|14|0|14|0|14|0|14|0|14|0|14|0|14|0|14|0|14|0|14|0|14|0|14|0|14|0|14|0|14|0|14|0|14|0|14|0|14|0|14|0|14|0|14|53|50|39|45|7|16|7|16|0|14|0|14|0|14|0|14|0|14|0|14|1|11|1|11|0|14|0|14|0|14|0|14|0|14|0|14|0|14|0|14
1600000US3745140|865|203|154|69|32|19|53|37|197|74|37|24|147|79|111|66|88|47|46|27|835|199|126|60|32|19|51|36|197|74|37|24|147|79|111|66|88|47|46|27|807|191|126|60|30|19|51|36|179|65|33|23|147|79|111|66|88|47|42|26|28|24|0|14|2|3|0|14|18|22|4|6|0|14|0|14|0|14|4|7|12|12|0|14|0|14|0|14|4|7|4|6|0|14|0|14|0|14|4|7|16|21|0|14|2|3|0|14|14|20|0|14|0|14|0|14|0|14|0|14|0|14|0|14|0|14|0|14|0|14|0|14|0|14|0|14|0|14|0|14|0|14|0|14|0|14|0|14|0|14|0|14|0|14|0|14|0|14|0|14|0|14|0|14|0|14|0|14|0|14|0|14|0|14|0|14|0|14|0|14|0|14|0|14|0|14|0|14|0|14|0|14|0|14|0|14|0|14|0|14|28|24|28|24|0|14|0|14|0|14|0|14|0|14|0|14|0|14|0|14|2|6|0|14|0|14|2|6|0|14|0|14|0|14|0|14|0|14|0|14
1600000US3745460|2904|479|306|182|49|40|293|195|249|140|69|53|341|157|396|163|709|224|492|215|2904|479|306|182|49|40|293|195|249|140|69|53|341|157|396|163|709|224|492|215|2621|448|288|176|22|25|293|195|202|126|69|53|325|162|376|165|582|203|464|215|283|179|18|30|27|30|0|19|47|56|0|19|16|27|20|33|127|155|28|49|236|171|18|30|27|30|0|19|0|19|0|19|16|27|20|33|127|155|28|49|47|56|0|19|0|19|0|19|47|56|0|19|0|19|0|19|0|19|0|19|0|19|0|19|0|19|0|19|0|19|0|19|0|19|0|19|0|19|0|19|0|19|0|19|0|19|0|19|0|19|0|19|0|19|0|19|0|19|0|19|0|19|0|19|0|19|0|19|0|19|0|19|0|19|0|19|0|19|0|19|0|19|0|19|0|19|0|19|0|19|0|19|0|19|0|19|0|19|0|19|0|19|0|19|0|19|0|19|0|19|0|19|0|19|0|19|0|19|0|19|0|19|0|19|0|19|0|19|0|19|0|19|0|19|0|19|0|19|0|19
1600000US3745560|572|152|56|53|148|95|36|35|209|78|17|26|17|23|0|14|48|48|41|39|572|152|56|53|148|95|36|35|209|78|17|26|17|23|0|14|48|48|41|39|499|125|46|49|140|97|36|35|181|68|17|26|17|23|0|14|38|44|24|24|73|53|10|16|8|19|0|14|28|39|0|14|0|14|0|14|10|20|17|29|18|23|10|16|8|19|0|14|0|14|0|14|0|14|0|14|0|14|0|14|55|54|0|14|0|14|0|14|28|39|0|14|0|14|0|14|10|20|17|29|0|14|0|14|0|14|0|14|0|14|0|14|0|14|0|14|0|14|0|14|0|14|0|14|0|14|0|14|0|14|0|14|0|14|0|14|0|14|0|14|0|14|0|14|0|14|0|14|0|14|0|14|0|14|0|14|0|14|0|14|0|14|0|14|0|14|0|14|0|14|0|14|0|14|0|14|0|14|0|14|0|14|0|14|0|14|0|14|0|14|0|14|0|14|0|14|0|14|0|14|0|14|0|14|0|14|0|14|0|14|0|14|0|14|0|14|0|14|0|14
1600000US3745640|1066|215|229|115|69|52|184|115|120|55|75|93|41|34|29|30|275|109|44|40|896|195|176|108|59|47|77|58|120|55|75|93|41|34|29|30|275|109|44|40|816|205|176|108|50|43|67|48|59|43|75|93|41|34|29|30|275|109|44|40|80|51|0|14|9|19|10|18|61|42|0|14|0|14|0|14|0|14|0|14|20|31|0|14|9|19|0|14|11|23|0|14|0|14|0|14|0|14|0|14|60|40|0|14|0|14|10|18|50|34|0|14|0|14|0|14|0|14|0|14|63|88|0|14|0|14|63|88|0|14|0|14|0|14|0|14|0|14|0|14|63|88|0|14|0|14|63|88|0|14|0|14|0|14|0|14|0|14|0|14|0|14|0|14|0|14|0|14|0|14|0|14|0|14|0|14|0|14|0|14|0|14|0|14|0|14|0|14|0|14|0|14|0|14|0|14|0|14|0|14|77|57|23|38|10|20|44|37|0|14|0|14|0|14|0|14|0|14|0|14|30|46|30|46|0|14|0|14|0|14|0|14|0|14|0|14|0|14|0|14
1600000US3745660|652|204|310|177|90|52|74|48|50|43|39|35|59|31|2|4|18|20|10|11|516|143|183|89|87|52|74|48|50|43|39|35|59|31|2|4|18|20|4|5|455|134|183|89|79|50|56|41|50|43|39|35|43|28|2|4|0|14|3|5|61|37|0|14|8|15|18|28|0|14|0|14|16|18|0|14|18|20|1|2|50|36|0|14|8|15|18|28|0|14|0|14|6|8|0|14|18|20|0|14|11|16|0|14|0|14|0|14|0|14|0|14|10|16|0|14|0|14|1|2|0|14|0|14|0|14|0|14|0|14|0|14|0|14|0|14|0|14|0|14|0|14|0|14|0|14|0|14|0|14|0|14|0|14|0|14|0|14|0|14|0|14|0|14|0|14|0|14|0|14|0|14|0|14|0|14|0|14|0|14|0|14|0|14|0|14|0|14|0|14|0|14|0|14|0|14|0|14|0|14|124|158|124|158|0|14|0|14|0|14|0|14|0|14|0|14|0|14|0|14|12|14|3|7|3|7|0|14|0|14|0|14|0|14|0|14|0|14|6|9
1600000US3745720|8241|773|753|277|1317|427|1924|403|1655|397|906|312|959|347|98|110|148|90|481|278|8193|778|729|276|1317|427|1924|403|1655|397|906|312|959|347|98|110|124|86|481|278|7659|721|627|224|1311|424|1825|416|1572|370|861|301|941|347|98|110|101|78|323|189|534|249|102|96|6|17|99|90|83|72|45|52|18|31|0|21|23|37|158|167|467|231|85|91|0|21|67|60|71|69|45|52|18|31|0|21|23|37|158|167|67|69|17|26|6|17|32|47|12|24|0|21|0|21|0|21|0|21|0|21|0|21|0|21|0|21|0|21|0|21|0|21|0|21|0|21|0|21|0|21|0|21|0|21|0|21|0|21|0|21|0|21|0|21|0|21|0|21|0|21|0|21|0|21|0|21|0|21|0|21|0|21|0|21|0|21|0|21|0|21|0|21|0|21|0|21|0|21|0|21|0|21|0|21|0|21|0|21|0|21|0|21|0|21|0|21|0|21|0|21|0|21|0|21|0|21|0|21|0|21|48|54|24|40|0|21|0|21|0|21|0|21|0|21|0|21|24|37|0|21
1600000US3745840|4584|713|581|165|482|170|1166|355|772|229|545|169|630|384|202|87|125|89|81|64|4498|695|568|167|482|170|1106|347|759|230|545|169|630|384|202|87|125|89|81|64|4219|686|463|158|415|172|1027|338|731|226|545|169|630|384|202|87|125|89|81|64|279|130|105|66|67|70|79|86|28|38|0|21|0|21|0|21|0|21|0|21|246|126|80|61|59|71|79|86|28|38|0|21|0|21|0|21|0|21|0|21|33|31|25|29|8|12|0|21|0|21|0|21|0|21|0|21|0|21|0|21|13|23|0|21|0|21|0|21|13|23|0|21|0|21|0|21|0|21|0|21|13|23|0|21|0|21|0|21|13|23|0|21|0|21|0|21|0|21|0|21|0|21|0|21|0|21|0|21|0|21|0|21|0|21|0|21|0|21|0|21|0|21|0|21|0|21|0|21|0|21|0|21|0|21|0|21|0|21|0|21|13|22|13|22|0|21|0|21|0|21|0|21|0|21|0|21|0|21|0|21|60|74|0|21|0|21|60|74|0|21|0|21|0|21|0|21|0|21|0|21
1600000US3745880|1410|279|544|242|268|109|104|62|170|101|68|65|10|18|23|25|25|26|198|128|1405|278|544|242|268|109|104|62|170|101|68|65|10|18|23|25|25|26|193|129|1335|284|544|242|268|109|104|62|159|101|9|14|10|18|23|25|25|26|193|129|70|63|0|14|0|14|0|14|11|19|59|62|0|14|0|14|0|14|0|14|70|63|0|14|0|14|0|14|11|19|59|62|0|14|0|14|0|14|0|14|0|14|0|14|0|14|0|14|0|14|0|14|0|14|0|14|0|14|0|14|0|14|0|14|0|14|0|14|0|14|0|14|0|14|0|14|0|14|0|14|0|14|0|14|0|14|0|14|0|14|0|14|0|14|0|14|0|14|0|14|0|14|0|14|0|14|0|14|0|14|0|14|0|14|0|14|0|14|0|14|0|14|0|14|0|14|0|14|0|14|0|14|0|14|0|14|0|14|0|14|0|14|0|14|0|14|0|14|0|14|0|14|0|14|0|14|0|14|0|14|5|8|0|14|0|14|0|14|0|14|0|14|0|14|0|14|0|14|5|8
1600000US3746000|2045|334|268|172|308|114|489|219|384|215|86|77|188|136|22|37|161|138|139|136|2002|346|268|172|308|114|489|219|384|215|86|77|188|136|22|37|161|138|96|111|1968|349|252|171|308|114|489|219|384|215|68|64|188|136|22|37|161|138|96|111|34|44|16|29|0|19|0|19|0|19|18|31|0|19|0|19|0|19|0|19|16|29|16|29|0|19|0|19|0|19|0|19|0|19|0|19|0|19|0|19|18|31|0|19|0|19|0|19|0|19|18|31|0|19|0|19|0|19|0|19|0|19|0|19|0|19|0|19|0|19|0|19|0|19|0|19|0|19|0|19|0|19|0|19|0|19|0|19|0|19|0|19|0|19|0|19|0|19|0|19|0|19|0|19|0|19|0|19|0|19|0|19|0|19|0|19|0|19|0|19|0|19|0|19|0|19|0|19|0|19|0|19|0|19|0|19|0|19|0|19|0|19|0|19|0|19|0|19|0|19|0|19|0|19|0|19|0|19|0|19|43|64|0|19|0|19|0|19|0|19|0|19|0|19|0|19|0|19|43|64
1600000US3746060|827|187|23|26|98|51|204|98|158|78|156|103|97|51|21|20|8|16|62|53|801|180|23|26|98|51|204|98|158|78|156|103|92|50|21|20|8|16|41|46|707|181|16|18|98|51|183|93|107|66|156|103|84|49|14|17|8|16|41|46|94|60|7|14|0|14|21|29|51|48|0|14|8|11|7|10|0|14|0|14|49|47|7|14|0|14|3|6|39|45|0|14|0|14|0|14|0|14|0|14|45|39|0|14|0|14|18|28|12|17|0|14|8|11|7|10|0|14|0|14|0|14|0|14|0|14|0|14|0|14|0|14|0|14|0|14|0|14|0|14|0|14|0|14|0|14|0|14|0|14|0|14|0|14|0|14|0|14|0|14|0|14|0|14|0|14|0|14|0|14|0|14|0|14|0|14|0|14|0|14|0|14|0|14|0|14|0|14|0|14|0|14|0|14|0|14|0|14|0|14|13|16|0|14|0|14|0|14|0|14|0|14|5|8|0|14|0|14|8|14|13|24|0|14|0|14|0|14|0|14|0|14|0|14|0|14|0|14|13|24
1600000US3746100|704|283|35|43|89|84|80|91|224|183|40|48|55|60|0|14|147|163|34|50|673|274|17|32|89|84|80|91|211|181|40|48|55|60|0|14|147|163|34|50|673|274|17|32|89|84|80|91|211|181|40|48|55|60|0|14|147|163|34|50|0|14|0|14|0|14|0|14|0|14|0|14|0|14|0|14|0|14|0|14|0|14|0|14|0|14|0|14|0|14|0|14|0|14|0|14|0|14|0|14|0|14|0|14|0|14|0|14|0|14|0|14|0|14|0|14|0|14|0|14|0|14|0|14|0|14|0|14|0|14|0|14|0|14|0|14|0|14|0|14|0|14|0|14|0|14|0|14|0|14|0|14|0|14|0|14|0|14|0|14|0|14|0|14|0|14|0|14|0|14|0|14|0|14|0|14|0|14|0|14|0|14|0|14|0|14|0|14|0|14|0|14|0|14|0|14|0|14|0|14|31|38|18|30|0|14|0|14|13|26|0|14|0|14|0|14|0|14|0|14|0|14|0|14|0|14|0|14|0|14|0|14|0|14|0|14|0|14|0|14
1600000US3746280|1019|346|76|117|198|122|221|163|302|148|17|28|89|82|23|35|21|37|72|71|922|305|76|117|198|122|176|145|292|150|17|28|47|50|23|35|21|37|72|71|922|305|76|117|198|122|176|145|292|150|17|28|47|50|23|35|21|37|72|71|0|14|0|14|0|14|0|14|0|14|0|14|0|14|0|14|0|14|0|14|0|14|0|14|0|14|0|14|0|14|0|14|0|14|0|14|0|14|0|14|0|14|0|14|0|14|0|14|0|14|0|14|0|14|0|14|0|14|0|14|0|14|0|14|0|14|0|14|0|14|0|14|0|14|0|14|0|14|0|14|0|14|0|14|0|14|0|14|0|14|0|14|0|14|0|14|0|14|0|14|0|14|0|14|0|14|0|14|0|14|0|14|0|14|0|14|0|14|0|14|0|14|0|14|0|14|0|14|0|14|0|14|0|14|0|14|0|14|0|14|0|14|0|14|0|14|0|14|0|14|0|14|0|14|0|14|0|14|0|14|97|98|0|14|0|14|45|61|10|18|0|14|42|67|0|14|0|14|0|14
1600000US3746340|13304|699|3075|530|3906|538|1598|363|966|286|739|282|1163|302|573|208|624|208|660|235|12654|711|2876|492|3812|525|1480|325|948|287|739|282|1016|279|552|205|618|209|613|238|11274|675|2511|453|3634|508|1246|286|883|265|650|266|768|207|494|177|475|194|613|238|1380|415|365|164|178|96|234|157|65|76|89|81|248|193|58|125|143|120|0|29|951|241|332|157|135|89|222|156|65|76|39|64|41|49|13|21|104|94|0|29|429|284|33|36|43|35|12|20|0|29|50|56|207|196|45|131|39|58|0|29|8|11|0|29|0|29|0|29|0|29|0|29|0|29|0|29|6|10|2|5|8|11|0|29|0|29|0|29|0|29|0|29|0|29|0|29|6|10|2|5|0|29|0|29|0|29|0|29|0|29|0|29|0|29|0|29|0|29|0|29|0|29|0|29|0|29|0|29|0|29|0|29|0|29|0|29|0|29|0|29|237|131|93|83|6|9|0|29|18|23|0|29|73|86|19|22|0|29|28|40|405|202|106|111|88|74|118|154|0|29|0|29|74|74|2|5|0|29|17|26
1600000US3746650|628|250|193|135|116|125|89|85|72|110|55|71|49|72|25|35|20|23|9|17|628|250|193|135|116|125|89|85|72|110|55|71|49|72|25|35|20|23|9|17|437|191|193|135|57|63|29|36|0|14|55|71|49|72|25|35|20|23|9|17|191|184|0|14|59|82|60|88|72|110|0|14|0|14|0|14|0|14|0|14|76|112|0|14|16|25|60|88|0|14|0|14|0|14|0|14|0|14|0|14|115|141|0|14|43|79|0|14|72|110|0|14|0|14|0|14|0|14|0|14|0|14|0|14|0|14|0|14|0|14|0|14|0|14|0|14|0|14|0|14|0|14|0|14|0|14|0|14|0|14|0|14|0|14|0|14|0|14|0|14|0|14|0|14|0|14|0|14|0|14|0|14|0|14|0|14|0|14|0|14|0|14|0|14|0|14|0|14|0|14|0|14|0|14|0|14|0|14|0|14|0|14|0|14|0|14|0|14|0|14|0|14|0|14|0|14|0|14|0|14|0|14|0|14|0|14|0|14|0|14|0|14|0|14|0|14|0|14|0|14
1600000US3746740|347|129|115|67|39|25|23|25|27|21|7|11|102|104|17|15|12|18|5|7|336|128|110|67|35|24|23|25|25|20|7|11|102|104|17|15|12|18|5|7|281|102|110|67|32|25|23|25|25|20|5|11|54|51|17|15|12|18|3|5|55|57|0|14|3|6|0|14|0|14|2|4|48|57|0|14|0|14|2|5|55|57|0|14|3|6|0|14|0|14|2|4|48|57|0|14|0|14|2|5|0|14|0|14|0|14|0|14|0|14|0|14|0|14|0|14|0|14|0|14|0|14|0|14|0|14|0|14|0|14|0|14|0|14|0|14|0|14|0|14|0|14|0|14|0|14|0|14|0|14|0|14|0|14|0|14|0|14|0|14|0|14|0|14|0|14|0|14|0|14|0|14|0|14|0|14|0|14|0|14|0|14|0|14|0|14|0|14|0|14|0|14|0|14|0|14|0|14|0|14|6|6|2|4|4|6|0|14|0|14|0|14|0|14|0|14|0|14|0|14|5|6|3|5|0|14|0|14|2|4|0|14|0|14|0|14|0|14|0|14
1600000US3746820|264|89|66|49|49|25|31|28|26|19|0|14|32|29|18|21|20|16|22|16|264|89|66|49|49|25|31|28|26|19|0|14|32|29|18|21|20|16|22|16|232|84|66|49|28|15|25|25|26|19|0|14|27|28|18|21|20|16|22|16|32|29|0|14|21|22|6|8|0|14|0|14|5|9|0|14|0|14|0|14|19|19|0|14|13|18|6|8|0|14|0|14|0|14|0|14|0|14|0|14|13|24|0|14|8|15|0|14|0|14|0|14|5|9|0|14|0|14|0|14|0|14|0|14|0|14|0|14|0|14|0|14|0|14|0|14|0|14|0|14|0|14|0|14|0|14|0|14|0|14|0|14|0|14|0|14|0|14|0|14|0|14|0|14|0|14|0|14|0|14|0|14|0|14|0|14|0|14|0|14|0|14|0|14|0|14|0|14|0|14|0|14|0|14|0|14|0|14|0|14|0|14|0|14|0|14|0|14|0|14|0|14|0|14|0|14|0|14|0|14|0|14|0|14|0|14|0|14|0|14|0|14|0|14|0|14|0|14|0|14
1600000US3746860|1492|211|236|129|141|100|481|165|243|140|96|98|159|92|123|108|13|20|0|14|1492|211|236|129|141|100|481|165|243|140|96|98|159|92|123|108|13|20|0|14|1430|216|236|129|141|100|481|165|213|129|96|98|159|92|91|91|13|20|0|14|62|73|0|14|0|14|0|14|30|43|0|14|0|14|32|61|0|14|0|14|32|61|0|14|0|14|0|14|0|14|0|14|0|14|32|61|0|14|0|14|30|43|0|14|0|14|0|14|30|43|0|14|0|14|0|14|0|14|0|14|0|14|0|14|0|14|0|14|0|14|0|14|0|14|0|14|0|14|0|14|0|14|0|14|0|14|0|14|0|14|0|14|0|14|0|14|0|14|0|14|0|14|0|14|0|14|0|14|0|14|0|14|0|14|0|14|0|14|0|14|0|14|0|14|0|14|0|14|0|14|0|14|0|14|0|14|0|14|0|14|0|14|0|14|0|14|0|14|0|14|0|14|0|14|0|14|0|14|0|14|0|14|0|14|0|14|0|14|0|14|0|14|0|14|0|14|0|14|0|14
1600000US3747000|5439|479|747|304|1037|265|1279|376|846|225|270|167|472|229|222|130|89|87|477|277|5325|479|739|304|1037|265|1279|376|846|225|270|167|472|229|222|130|89|87|371|270|4525|550|677|290|837|274|1005|335|736|215|270|167|318|178|222|130|89|87|371|270|800|351|62|74|200|136|274|193|110|101|0|21|154|141|0|21|0|21|0|21|640|348|0|21|127|117|249|188|110|101|0|21|154|141|0|21|0|21|0|21|160|121|62|74|73|73|25|40|0|21|0|21|0|21|0|21|0|21|0|21|94|143|2|5|0|21|0|21|0|21|0|21|0|21|0|21|0|21|92|139|0|21|0|21|0|21|0|21|0|21|0|21|0|21|0|21|0|21|0|21|94|143|2|5|0|21|0|21|0|21|0|21|0|21|0|21|0|21|92|139|0|21|0|21|0|21|0|21|0|21|0|21|0|21|0|21|0|21|0|21|6|16|6|16|0|21|0|21|0|21|0|21|0|21|0|21|0|21|0|21|14|21|0|21|0|21|0|21|0|21|0|21|0|21|0|21|0|21|14|21
1600000US3747020|235|98|34|24|3|5|16|17|16|14|65|79|38|27|9|11|25|19|29|17|225|97|26|20|3|5|16|17|16|14|65|79|36|27|9|11|25|19|29|17|214|97|23|19|3|5|16|17|16|14|65|79|36|27|9|11|20|17|26|18|11|9|3|6|0|14|0|14|0|14|0|14|0|14|0|14|5|6|3|4|2|4|0|14|0|14|0|14|0|14|0|14|0|14|0|14|2|4|0|14|9|8|3|6|0|14|0|14|0|14|0|14|0|14|0|14|3|4|3|4|0|14|0|14|0|14|0|14|0|14|0|14|0|14|0|14|0|14|0|14|0|14|0|14|0|14|0|14|0|14|0|14|0|14|0|14|0|14|0|14|0|14|0|14|0|14|0|14|0|14|0|14|0|14|0|14|0|14|0|14|0|14|0|14|0|14|0|14|0|14|0|14|0|14|0|14|0|14|0|14|10|11|8|10|0|14|0|14|0|14|0|14|2|4|0|14|0|14|0|14|0|14|0|14|0|14|0|14|0|14|0|14|0|14|0|14|0|14|0|14
1600000US3747240|313|154|29|30|54|61|2|4|58|74|39|35|31|35|6|9|30|22|64|86|309|153|25|27|54|61|2|4|58|74|39|35|31|35|6|9|30|22|64|86|266|136|20|25|54|61|2|4|58|74|39|35|13|21|6|9|10|14|64|86|43|33|5|9|0|14|0|14|0|14|0|14|18|24|0|14|20|21|0|14|43|33|5|9|0|14|0|14|0|14|0|14|18|24|0|14|20|21|0|14|0|14|0|14|0|14|0|14|0|14|0|14|0|14|0|14|0|14|0|14|0|14|0|14|0|14|0|14|0|14|0|14|0|14|0|14|0|14|0|14|0|14|0|14|0|14|0|14|0|14|0|14|0|14|0|14|0|14|0|14|0|14|0|14|0|14|0|14|0|14|0|14|0|14|0|14|0|14|0|14|0|14|0|14|0|14|0|14|0|14|0|14|0|14|0|14|0|14|0|14|4|8|4|8|0|14|0|14|0|14|0|14|0|14|0|14|0|14|0|14|0|14|0|14|0|14|0|14|0|14|0|14|0|14|0|14|0|14|0|14
1600000US3747260|21|20|1|2|0|14|0|14|0|14|9|16|11|21|0|14|0|14|0|14|21|20|1|2|0|14|0|14|0|14|9|16|11|21|0|14|0|14|0|14|21|20|1|2|0|14|0|14|0|14|9|16|11|21|0|14|0|14|0|14|0|14|0|14|0|14|0|14|0|14|0|14|0|14|0|14|0|14|0|14|0|14|0|14|0|14|0|14|0|14|0|14|0|14|0|14|0|14|0|14|0|14|0|14|0|14|0|14|0|14|0|14|0|14|0|14|0|14|0|14|0|14|0|14|0|14|0|14|0|14|0|14|0|14|0|14|0|14|0|14|0|14|0|14|0|14|0|14|0|14|0|14|0|14|0|14|0|14|0|14|0|14|0|14|0|14|0|14|0|14|0|14|0|14|0|14|0|14|0|14|0|14|0|14|0|14|0|14|0|14|0|14|0|14|0|14|0|14|0|14|0|14|0|14|0|14|0|14|0|14|0|14|0|14|0|14|0|14|0|14|0|14|0|14|0|14|0|14|0|14|0|14|0|14|0|14|0|14|0|14
1600000US3747485|1896|405|245|136|168|99|484|233|484|240|64|50|276|130|25|30|85|89|65|41|1896|405|245|136|168|99|484|233|484|240|64|50|276|130|25|30|85|89|65|41|1730|362|220|133|168|99|391|214|466|237|64|50|276|130|25|30|71|85|49|35|166|120|25|29|0|19|93|102|18|32|0|19|0|19|0|19|14|22|16|22|150|118|25|29|0|19|93|102|18|32|0|19|0|19|0|19|14|22|0|19|16|22|0|19|0|19|0|19|0|19|0|19|0|19|0|19|0|19|16|22|0|19|0|19|0|19|0|19|0|19|0|19|0|19|0|19|0|19|0|19|0|19|0|19|0|19|0|19|0|19|0|19|0|19|0|19|0|19|0|19|0|19|0|19|0|19|0|19|0|19|0|19|0|19|0|19|0|19|0|19|0|19|0|19|0|19|0|19|0|19|0|19|0|19|0|19|0|19|0|19|0|19|0|19|0|19|0|19|0|19|0|19|0|19|0|19|0|19|0|19|0|19|0|19|0|19|0|19|0|19|0|19|0|19|0|19|0|19|0|19
1600000US3747695|668|233|72|59|83|63|317|238|104|56|12|23|29|32|5|9|46|39|0|14|659|229|72|59|74|57|317|238|104|56|12|23|29|32|5|9|46|39|0|14|533|173|72|59|46|43|236|160|87|50|12|23|29|32|5|9|46|39|0|14|126|86|0|14|28|38|81|95|17|29|0|14|0|14|0|14|0|14|0|14|0|14|0|14|0|14|0|14|0|14|0|14|0|14|0|14|0|14|0|14|126|86|0|14|28|38|81|95|17|29|0|14|0|14|0|14|0|14|0|14|0|14|0|14|0|14|0|14|0|14|0|14|0|14|0|14|0|14|0|14|0|14|0|14|0|14|0|14|0|14|0|14|0|14|0|14|0|14|0|14|0|14|0|14|0|14|0|14|0|14|0|14|0|14|0|14|0|14|0|14|0|14|0|14|0|14|0|14|0|14|0|14|0|14|0|14|0|14|0|14|0|14|0|14|0|14|0|14|0|14|0|14|0|14|0|14|0|14|0|14|9|16|0|14|9|16|0|14|0|14|0|14|0|14|0|14|0|14|0|14
1600000US3747845|214|60|6|8|32|21|22|15|5|6|1|3|18|15|69|25|27|20|34|22|213|60|5|7|32|21|22|15|5|6|1|3|18|15|69|25|27|20|34|22|208|60|5|7|32|21|22|15|5|6|1|3|18|15|64|25|27|20|34|22|5|7|0|14|0|14|0|14|0|14|0|14|0|14|5|7|0|14|0|14|5|7|0|14|0|14|0|14|0|14|0|14|0|14|5|7|0|14|0|14|0|14|0|14|0|14|0|14|0|14|0|14|0|14|0|14|0|14|0|14|0|14|0|14|0|14|0|14|0|14|0|14|0|14|0|14|0|14|0|14|0|14|0|14|0|14|0|14|0|14|0|14|0|14|0|14|0|14|0|14|0|14|0|14|0|14|0|14|0|14|0|14|0|14|0|14|0|14|0|14|0|14|0|14|0|14|0|14|0|14|0|14|0|14|0|14|0|14|0|14|1|3|1|3|0|14|0|14|0|14|0|14|0|14|0|14|0|14|0|14|0|14|0|14|0|14|0|14|0|14|0|14|0|14|0|14|0|14|0|14
1600000US3747860|327|105|31|32|41|38|77|63|66|42|41|40|21|13|21|28|29|24|0|14|320|103|31|32|34|37|77|63|66|42|41|40|21|13|21|28|29|24|0|14|306|98|31|32|32|35|77|63|59|39|41|40|16|10|21|28|29|24|0|14|14|14|0|14|2|3|0|14|7|12|0|14|5|7|0|14|0|14|0|14|9|13|0|14|0|14|0|14|7|12|0|14|2|5|0|14|0|14|0|14|5|6|0|14|2|3|0|14|0|14|0|14|3|5|0|14|0|14|0|14|0|14|0|14|0|14|0|14|0|14|0|14|0|14|0|14|0|14|0|14|0|14|0|14|0|14|0|14|0|14|0|14|0|14|0|14|0|14|0|14|0|14|0|14|0|14|0|14|0|14|0|14|0|14|0|14|0|14|0|14|0|14|0|14|0|14|0|14|0|14|0|14|0|14|0|14|0|14|0|14|0|14|0|14|0|14|0|14|0|14|0|14|0|14|0|14|0|14|0|14|7|14|0|14|7|14|0|14|0|14|0|14|0|14|0|14|0|14|0|14
1600000US3747880|1458|267|579|249|272|175|391|169|51|50|13|20|40|50|15|22|9|17|88|84|1363|254|484|218|272|175|391|169|51|50|13|20|40|50|15|22|9|17|88|84|1233|232|444|218|200|144|391|169|51|50|0|14|40|50|15|22|9|17|83|84|130|104|40|57|72|95|0|14|0|14|13|20|0|14|0|14|0|14|5|9|89|97|4|8|72|95|0|14|0|14|13|20|0|14|0|14|0|14|0|14|41|57|36|56|0|14|0|14|0|14|0|14|0|14|0|14|0|14|5|9|7|14|7|14|0|14|0|14|0|14|0|14|0|14|0|14|0|14|0|14|0|14|0|14|0|14|0|14|0|14|0|14|0|14|0|14|0|14|0|14|7|14|7|14|0|14|0|14|0|14|0|14|0|14|0|14|0|14|0|14|0|14|0|14|0|14|0|14|0|14|0|14|0|14|0|14|0|14|0|14|73|106|73|106|0|14|0|14|0|14|0|14|0|14|0|14|0|14|0|14|15|34|15|34|0|14|0|14|0|14|0|14|0|14|0|14|0|14|0|14
1600000US3747980|1085|176|127|67|148|77|172|112|216|100|41|29|109|60|35|34|71|56|166|91|1079|175|127|67|148|77|172|112|216|100|41|29|107|60|35|34|71|56|162|90|917|227|119|66|103|74|172|112|169|63|41|29|96|52|21|27|34|26|162|90|162|111|8|12|45|36|0|14|47|78|0|14|11|20|14|19|37|54|0|14|116|108|0|14|32|36|0|14|47|78|0|14|0|14|0|14|37|54|0|14|46|35|8|12|13|21|0|14|0|14|0|14|11|20|14|19|0|14|0|14|0|14|0|14|0|14|0|14|0|14|0|14|0|14|0|14|0|14|0|14|0|14|0|14|0|14|0|14|0|14|0|14|0|14|0|14|0|14|0|14|0|14|0|14|0|14|0|14|0|14|0|14|0|14|0|14|0|14|0|14|0|14|0|14|0|14|0|14|0|14|0|14|0|14|0|14|0|14|0|14|2|4|0|14|0|14|0|14|0|14|0|14|2|4|0|14|0|14|0|14|4|7|0|14|0|14|0|14|0|14|0|14|0|14|0|14|0|14|4|7
1600000US3748040|1150|206|44|31|91|60|90|67|130|66|166|78|100|68|201|80|184|83|144|74|1150|206|44|31|91|60|90|67|130|66|166|78|100|68|201|80|184|83|144|74|1067|186|44|31|91|60|90|67|130|66|144|65|87|62|177|74|169|76|135|69|83|59|0|14|0|14|0|14|0|14|22|29|13|22|24|33|15|23|9|16|83|59|0|14|0|14|0|14|0|14|22|29|13|22|24|33|15|23|9|16|0|14|0|14|0|14|0|14|0|14|0|14|0|14|0|14|0|14|0|14|0|14|0|14|0|14|0|14|0|14|0|14|0|14|0|14|0|14|0|14|0|14|0|14|0|14|0|14|0|14|0|14|0|14|0|14|0|14|0|14|0|14|0|14|0|14|0|14|0|14|0|14|0|14|0|14|0|14|0|14|0|14|0|14|0|14|0|14|0|14|0|14|0|14|0|14|0|14|0|14|0|14|0|14|0|14|0|14|0|14|0|14|0|14|0|14|0|14|0|14|0|14|0|14|0|14|0|14|0|14|0|14|0|14|0|14|0|14|0|14
1600000US3748060|179|140|10|10|5|6|9|10|4|8|2|4|22|15|100|130|21|31|6|10|176|140|10|10|5|6|9|10|4|8|2|4|19|15|100|130|21|31|6|10|169|139|10|10|5|6|6|8|4|8|2|4|19|15|100|130|21|31|2|5|7|7|0|14|0|14|3|4|0|14|0|14|0|14|0|14|0|14|4|6|4|6|0|14|0|14|0|14|0|14|0|14|0|14|0|14|0|14|4|6|3|4|0|14|0|14|3|4|0|14|0|14|0|14|0|14|0|14|0|14|0|14|0|14|0|14|0|14|0|14|0|14|0|14|0|14|0|14|0|14|0|14|0|14|0|14|0|14|0|14|0|14|0|14|0|14|0|14|0|14|0|14|0|14|0|14|0|14|0|14|0|14|0|14|0|14|0|14|0|14|0|14|0|14|0|14|0|14|0|14|0|14|0|14|0|14|0|14|0|14|0|14|0|14|0|14|0|14|0|14|0|14|0|14|0|14|0|14|0|14|3|5|0|14|0|14|0|14|0|14|0|14|3|5|0|14|0|14|0|14
1600000US3748345|2664|351|509|129|314|116|476|169|564|189|113|63|159|113|140|71|254|121|135|86|2530|345|461|113|305|115|470|169|546|185|107|62|159|113|140|71|224|117|118|81|2373|368|437|114|270|121|470|169|544|185|97|56|159|113|140|71|165|82|91|71|157|115|24|24|35|52|0|19|2|4|10|15|0|19|0|19|59|94|27|41|96|70|24|24|35|52|0|19|0|19|10|15|0|19|0|19|0|19|27|41|61|94|0|19|0|19|0|19|2|4|0|19|0|19|0|19|59|94|0|19|45|33|0|19|0|19|0|19|0|19|6|9|0|19|0|19|22|20|17|18|7|10|0|19|0|19|0|19|0|19|0|19|0|19|0|19|7|10|0|19|0|19|0|19|0|19|0|19|0|19|0|19|0|19|0|19|0|19|0|19|38|32|0|19|0|19|0|19|0|19|6|9|0|19|0|19|15|17|17|18|40|42|40|42|0|19|0|19|0|19|0|19|0|19|0|19|0|19|0|19|49|31|8|8|9|15|6|10|18|25|0|19|0|19|0|19|8|14|0|19
1600000US3748480|2628|381|300|185|217|105|609|223|524|151|377|132|440|143|78|43|50|35|33|27|2437|380|228|174|182|98|566|220|524|151|377|132|399|133|78|43|50|35|33|27|2287|378|208|173|134|78|538|216|499|148|368|132|379|130|78|43|50|35|33|27|150|89|20|31|48|57|28|33|25|28|9|15|20|22|0|19|0|19|0|19|82|54|20|31|7|13|10|16|25|28|0|19|20|22|0|19|0|19|0|19|68|67|0|19|41|55|18|29|0|19|9|15|0|19|0|19|0|19|0|19|0|19|0|19|0|19|0|19|0|19|0|19|0|19|0|19|0|19|0|19|0|19|0|19|0|19|0|19|0|19|0|19|0|19|0|19|0|19|0|19|0|19|0|19|0|19|0|19|0|19|0|19|0|19|0|19|0|19|0|19|0|19|0|19|0|19|0|19|0|19|0|19|0|19|0|19|0|19|0|19|72|85|72|85|0|19|0|19|0|19|0|19|0|19|0|19|0|19|0|19|119|89|0|19|35|32|43|39|0|19|0|19|41|49|0|19|0|19|0|19
1600000US3748700|171|52|23|14|54|34|25|18|13|8|19|19|3|5|4|6|13|10|17|12|164|51|16|11|54|34|25|18|13|8|19|19|3|5|4|6|13|10|17|12|154|50|16|11|54|34|18|15|10|8|19|19|3|5|4|6|13|10|17|12|10|10|0|14|0|14|7|10|3|4|0|14|0|14|0|14|0|14|0|14|10|10|0|14|0|14|7|10|3|4|0|14|0|14|0|14|0|14|0|14|0|14|0|14|0|14|0|14|0|14|0|14|0|14|0|14|0|14|0|14|0|14|0|14|0|14|0|14|0|14|0|14|0|14|0|14|0|14|0|14|0|14|0|14|0|14|0|14|0|14|0|14|0|14|0|14|0|14|0|14|0|14|0|14|0|14|0|14|0|14|0|14|0|14|0|14|0|14|0|14|0|14|0|14|0|14|0|14|0|14|0|14|0|14|0|14|0|14|0|14|7|8|7|8|0|14|0|14|0|14|0|14|0|14|0|14|0|14|0|14|0|14|0|14|0|14|0|14|0|14|0|14|0|14|0|14|0|14|0|14
1600000US3748740|331|173|267|159|0|14|0|14|0|14|0|14|0|14|0|14|0|14|64|65|317|169|253|154|0|14|0|14|0|14|0|14|0|14|0|14|0|14|64|65|276|170|212|156|0|14|0|14|0|14|0|14|0|14|0|14|0|14|64|65|41|59|41|59|0|14|0|14|0|14|0|14|0|14|0|14|0|14|0|14|41|59|41|59|0|14|0|14|0|14|0|14|0|14|0|14|0|14|0|14|0|14|0|14|0|14|0|14|0|14|0|14|0|14|0|14|0|14|0|14|0|14|0|14|0|14|0|14|0|14|0|14|0|14|0|14|0|14|0|14|0|14|0|14|0|14|0|14|0|14|0|14|0|14|0|14|0|14|0|14|0|14|0|14|0|14|0|14|0|14|0|14|0|14|0|14|0|14|0|14|0|14|0|14|0|14|0|14|0|14|0|14|0|14|0|14|0|14|0|14|0|14|0|14|0|14|0|14|0|14|0|14|0|14|0|14|0|14|0|14|14|20|14|20|0|14|0|14|0|14|0|14|0|14|0|14|0|14|0|14
1600000US3748790|3177|740|293|202|326|158|647|258|429|185|318|194|623|381|103|102|199|196|239|197|3139|732|293|202|326|158|647|258|424|184|318|194|623|381|103|102|185|194|220|196|2930|646|293|202|326|158|639|259|390|174|318|194|456|238|103|102|185|194|220|196|209|223|0|19|0|19|8|14|34|46|0|19|167|223|0|19|0|19|0|19|26|43|0|19|0|19|0|19|26|43|0|19|0|19|0|19|0|19|0|19|183|224|0|19|0|19|8|14|8|14|0|19|167|223|0|19|0|19|0|19|0|19|0|19|0|19|0|19|0|19|0|19|0|19|0|19|0|19|0|19|0|19|0|19|0|19|0|19|0|19|0|19|0|19|0|19|0|19|0|19|0|19|0|19|0|19|0|19|0|19|0|19|0|19|0|19|0|19|0|19|0|19|0|19|0|19|0|19|0|19|0|19|0|19|0|19|0|19|0|19|0|19|0|19|0|19|0|19|0|19|0|19|0|19|0|19|0|19|0|19|38|40|0|19|0|19|0|19|5|9|0|19|0|19|0|19|14|22|19|31
1600000US3748920|282|85|37|24|28|36|19|18|31|25|18|16|95|38|41|29|8|13|5|6|262|84|17|18|28|36|19|18|31|25|18|16|95|38|41|29|8|13|5|6|228|83|9|12|28|36|19|18|31|25|11|10|81|39|41|29|8|13|0|14|34|23|8|12|0|14|0|14|0|14|7|11|14|19|0|14|0|14|5|6|25|20|1|5|0|14|0|14|0|14|7|11|14|19|0|14|0|14|3|5|9|12|7|11|0|14|0|14|0|14|0|14|0|14|0|14|0|14|2|4|0|14|0|14|0|14|0|14|0|14|0|14|0|14|0|14|0|14|0|14|0|14|0|14|0|14|0|14|0|14|0|14|0|14|0|14|0|14|0|14|0|14|0|14|0|14|0|14|0|14|0|14|0|14|0|14|0|14|0|14|0|14|0|14|0|14|0|14|0|14|0|14|0|14|0|14|0|14|0|14|20|16|20|16|0|14|0|14|0|14|0|14|0|14|0|14|0|14|0|14|0|14|0|14|0|14|0|14|0|14|0|14|0|14|0|14|0|14|0|14
1600000US3748940|29|31|0|14|0|14|14|22|0|14|0|14|0|14|0|14|0|14|15|21|29|31|0|14|0|14|14|22|0|14|0|14|0|14|0|14|0|14|15|21|14|22|0|14|0|14|14|22|0|14|0|14|0|14|0|14|0|14|0|14|15|21|0|14|0|14|0|14|0|14|0|14|0|14|0|14|0|14|15|21|0|14|0|14|0|14|0|14|0|14|0|14|0|14|0|14|0|14|0|14|15|21|0|14|0|14|0|14|0|14|0|14|0|14|0|14|0|14|15|21|0|14|0|14|0|14|0|14|0|14|0|14|0|14|0|14|0|14|0|14|0|14|0|14|0|14|0|14|0|14|0|14|0|14|0|14|0|14|0|14|0|14|0|14|0|14|0|14|0|14|0|14|0|14|0|14|0|14|0|14|0|14|0|14|0|14|0|14|0|14|0|14|0|14|0|14|0|14|0|14|0|14|0|14|0|14|0|14|0|14|0|14|0|14|0|14|0|14|0|14|0|14|0|14|0|14|0|14|0|14|0|14|0|14|0|14|0|14|0|14
1600000US3749380|148|57|85|47|4|6|7|9|7|9|0|14|8|7|14|21|12|11|11|11|124|53|65|43|4|6|7|9|7|9|0|14|8|7|14|21|8|9|11|11|122|53|65|43|4|6|7|9|7|9|0|14|6|6|14|21|8|9|11|11|2|3|0|14|0|14|0|14|0|14|0|14|2|3|0|14|0|14|0|14|2|3|0|14|0|14|0|14|0|14|0|14|2|3|0|14|0|14|0|14|0|14|0|14|0|14|0|14|0|14|0|14|0|14|0|14|0|14|0|14|0|14|0|14|0|14|0|14|0|14|0|14|0|14|0|14|0|14|0|14|0|14|0|14|0|14|0|14|0|14|0|14|0|14|0|14|0|14|0|14|0|14|0|14|0|14|0|14|0|14|0|14|0|14|0|14|0|14|0|14|0|14|0|14|0|14|0|14|0|14|0|14|0|14|0|14|0|14|0|14|11|9|11|9|0|14|0|14|0|14|0|14|0|14|0|14|0|14|0|14|13|11|9|10|0|14|0|14|0|14|0|14|0|14|0|14|4|6|0|14
1600000US3749460|6|8|3|6|0|14|2|4|0|14|0|14|0|14|0|14|1|3|0|14|6|8|3|6|0|14|2|4|0|14|0|14|0|14|0|14|1|3|0|14|6|8|3|6|0|14|2|4|0|14|0|14|0|14|0|14|1|3|0|14|0|14|0|14|0|14|0|14|0|14|0|14|0|14|0|14|0|14|0|14|0|14|0|14|0|14|0|14|0|14|0|14|0|14|0|14|0|14|0|14|0|14|0|14|0|14|0|14|0|14|0|14|0|14|0|14|0|14|0|14|0|14|0|14|0|14|0|14|0|14|0|14|0|14|0|14|0|14|0|14|0|14|0|14|0|14|0|14|0|14|0|14|0|14|0|14|0|14|0|14|0|14|0|14|0|14|0|14|0|14|0|14|0|14|0|14|0|14|0|14|0|14|0|14|0|14|0|14|0|14|0|14|0|14|0|14|0|14|0|14|0|14|0|14|0|14|0|14|0|14|0|14|0|14|0|14|0|14|0|14|0|14|0|14|0|14|0|14|0|14|0|14|0|14|0|14|0|14|0|14
1600000US3749600|328|144|20|23|31|22|86|53|83|60|8|12|27|19|45|49|9|13|19|20|320|138|12|15|31|22|86|53|83|60|8|12|27|19|45|49|9|13|19|20|296|134|12|15|31|22|78|52|77|61|5|7|27|19|38|44|9|13|19|20|24|23|0|14|0|14|8|14|6|9|3|6|0|14|7|13|0|14|0|14|17|19|0|14|0|14|8|14|6|9|3|6|0|14|0|14|0|14|0|14|7|13|0|14|0|14|0|14|0|14|0|14|0|14|7|13|0|14|0|14|0|14|0|14|0|14|0|14|0|14|0|14|0|14|0|14|0|14|0|14|0|14|0|14|0|14|0|14|0|14|0|14|0|14|0|14|0|14|0|14|0|14|0|14|0|14|0|14|0|14|0|14|0|14|0|14|0|14|0|14|0|14|0|14|0|14|0|14|0|14|0|14|0|14|0|14|0|14|0|14|8|13|8|13|0|14|0|14|0|14|0|14|0|14|0|14|0|14|0|14|0|14|0|14|0|14|0|14|0|14|0|14|0|14|0|14|0|14|0|14
1600000US3749800|2831|399|415|158|545|188|138|67|360|212|206|129|207|123|272|109|268|116|420|169|2775|385|415|158|489|180|138|67|360|212|206|129|207|123|272|109|268|116|420|169|2705|402|394|153|489|180|120|63|350|211|206|129|207|123|260|111|259|113|420|169|70|62|21|34|0|19|18|32|10|16|0|19|0|19|12|21|9|15|0|19|51|57|21|34|0|19|18|32|0|19|0|19|0|19|12|21|0|19|0|19|19|22|0|19|0|19|0|19|10|16|0|19|0|19|0|19|9|15|0|19|0|19|0|19|0|19|0|19|0|19|0|19|0|19|0|19|0|19|0|19|0|19|0|19|0|19|0|19|0|19|0|19|0|19|0|19|0|19|0|19|0|19|0|19|0|19|0|19|0|19|0|19|0|19|0|19|0|19|0|19|0|19|0|19|0|19|0|19|0|19|0|19|0|19|0|19|0|19|0|19|56|50|0|19|56|50|0|19|0|19|0|19|0|19|0|19|0|19|0|19|0|19|0|19|0|19|0|19|0|19|0|19|0|19|0|19|0|19|0|19
1600000US3750080|84|61|26|19|14|21|0|14|2|5|4|8|21|25|1|2|13|24|3|5|84|61|26|19|14|21|0|14|2|5|4|8|21|25|1|2|13|24|3|5|78|59|22|18|14|21|0|14|2|5|4|8|21|25|1|2|13|24|1|3|6|8|4|7|0|14|0|14|0|14|0|14|0|14|0|14|0|14|2|4|2|4|0|14|0|14|0|14|0|14|0|14|0|14|0|14|0|14|2|4|4|7|4|7|0|14|0|14|0|14|0|14|0|14|0|14|0|14|0|14|0|14|0|14|0|14|0|14|0|14|0|14|0|14|0|14|0|14|0|14|0|14|0|14|0|14|0|14|0|14|0|14|0|14|0|14|0|14|0|14|0|14|0|14|0|14|0|14|0|14|0|14|0|14|0|14|0|14|0|14|0|14|0|14|0|14|0|14|0|14|0|14|0|14|0|14|0|14|0|14|0|14|0|14|0|14|0|14|0|14|0|14|0|14|0|14|0|14|0|14|0|14|0|14|0|14|0|14|0|14|0|14|0|14|0|14|0|14|0|14
1600000US3750340|197|53|6|8|26|19|20|13|30|18|23|13|27|15|23|19|20|12|22|15|197|53|6|8|26|19|20|13|30|18|23|13|27|15|23|19|20|12|22|15|166|50|6|8|26|19|20|13|26|15|19|13|17|11|18|16|14|10|20|14|31|18|0|14|0|14|0|14|4|5|4|6|10|11|5|6|6|6|2|4|29|18|0|14|0|14|0|14|4|5|4|6|10|11|5|6|6|6|0|14|2|4|0|14|0|14|0|14|0|14|0|14|0|14|0|14|0|14|2|4|0|14|0|14|0|14|0|14|0|14|0|14|0|14|0|14|0|14|0|14|0|14|0|14|0|14|0|14|0|14|0|14|0|14|0|14|0|14|0|14|0|14|0|14|0|14|0|14|0|14|0|14|0|14|0|14|0|14|0|14|0|14|0|14|0|14|0|14|0|14|0|14|0|14|0|14|0|14|0|14|0|14|0|14|0|14|0|14|0|14|0|14|0|14|0|14|0|14|0|14|0|14|0|14|0|14|0|14|0|14|0|14|0|14|0|14|0|14|0|14
1600000US3750540|148|78|0|14|43|51|30|32|14|15|0|14|43|41|14|19|4|5|0|14|148|78|0|14|43|51|30|32|14|15|0|14|43|41|14|19|4|5|0|14|126|58|0|14|21|18|30|32|14|15|0|14|43|41|14|19|4|5|0|14|22|40|0|14|22|40|0|14|0|14|0|14|0|14|0|14|0|14|0|14|22|40|0|14|22|40|0|14|0|14|0|14|0|14|0|14|0|14|0|14|0|14|0|14|0|14|0|14|0|14|0|14|0|14|0|14|0|14|0|14|0|14|0|14|0|14|0|14|0|14|0|14|0|14|0|14|0|14|0|14|0|14|0|14|0|14|0|14|0|14|0|14|0|14|0|14|0|14|0|14|0|14|0|14|0|14|0|14|0|14|0|14|0|14|0|14|0|14|0|14|0|14|0|14|0|14|0|14|0|14|0|14|0|14|0|14|0|14|0|14|0|14|0|14|0|14|0|14|0|14|0|14|0|14|0|14|0|14|0|14|0|14|0|14|0|14|0|14|0|14|0|14|0|14|0|14|0|14|0|14
1600000US3750700|333|122|38|35|43|34|52|38|67|56|33|46|67|59|13|13|3|5|17|19|327|123|32|33|43|34|52|38|67|56|33|46|67|59|13|13|3|5|17|19|318|121|32|33|36|33|52|38|65|56|33|46|67|59|13|13|3|5|17|19|9|13|0|14|7|12|0|14|2|5|0|14|0|14|0|14|0|14|0|14|9|13|0|14|7|12|0|14|2|5|0|14|0|14|0|14|0|14|0|14|0|14|0|14|0|14|0|14|0|14|0|14|0|14|0|14|0|14|0|14|0|14|0|14|0|14|0|14|0|14|0|14|0|14|0|14|0|14|0|14|0|14|0|14|0|14|0|14|0|14|0|14|0|14|0|14|0|14|0|14|0|14|0|14|0|14|0|14|0|14|0|14|0|14|0|14|0|14|0|14|0|14|0|14|0|14|0|14|0|14|0|14|0|14|0|14|0|14|0|14|6|11|6|11|0|14|0|14|0|14|0|14|0|14|0|14|0|14|0|14|0|14|0|14|0|14|0|14|0|14|0|14|0|14|0|14|0|14|0|14
1600000US3750820|151|61|3|6|28|36|15|14|36|21|18|11|7|8|14|18|19|21|11|12|151|61|3|6|28|36|15|14|36|21|18|11|7|8|14|18|19|21|11|12|109|50|3|6|21|33|10|11|30|19|18|11|7|8|10|14|7|8|3|4|42|29|0|14|7|10|5|9|6|10|0|14|0|14|4|10|12|19|8|12|35|25|0|14|6|10|5|9|0|14|0|14|0|14|4|10|12|19|8|12|7|10|0|14|1|3|0|14|6|10|0|14|0|14|0|14|0|14|0|14|0|14|0|14|0|14|0|14|0|14|0|14|0|14|0|14|0|14|0|14|0|14|0|14|0|14|0|14|0|14|0|14|0|14|0|14|0|14|0|14|0|14|0|14|0|14|0|14|0|14|0|14|0|14|0|14|0|14|0|14|0|14|0|14|0|14|0|14|0|14|0|14|0|14|0|14|0|14|0|14|0|14|0|14|0|14|0|14|0|14|0|14|0|14|0|14|0|14|0|14|0|14|0|14|0|14|0|14|0|14|0|14|0|14|0|14|0|14|0|14
1600000US3751040|359|96|77|58|33|25|43|30|18|15|7|8|59|43|49|24|37|25|36|22|332|86|56|50|33|25|43|30|18|15|7|8|56|43|49|24|37|25|33|22|314|86|53|49|33|25|38|29|18|15|7|8|56|43|44|23|32|22|33|22|18|15|3|5|0|14|5|8|0|14|0|14|0|14|5|7|5|8|0|14|18|15|3|5|0|14|5|8|0|14|0|14|0|14|5|7|5|8|0|14|0|14|0|14|0|14|0|14|0|14|0|14|0|14|0|14|0|14|0|14|0|14|0|14|0|14|0|14|0|14|0|14|0|14|0|14|0|14|0|14|0|14|0|14|0|14|0|14|0|14|0|14|0|14|0|14|0|14|0|14|0|14|0|14|0|14|0|14|0|14|0|14|0|14|0|14|0|14|0|14|0|14|0|14|0|14|0|14|0|14|0|14|0|14|0|14|0|14|0|14|21|34|21|34|0|14|0|14|0|14|0|14|0|14|0|14|0|14|0|14|6|8|0|14|0|14|0|14|0|14|0|14|3|6|0|14|0|14|3|5
1600000US3751080|769|116|173|58|110|76|115|54|122|52|65|69|73|34|42|42|34|35|35|29|749|113|173|58|104|75|101|47|122|52|65|69|73|34|42|42|34|35|35|29|682|111|173|58|87|69|95|46|113|49|65|69|65|30|42|42|16|18|26|29|67|39|0|14|17|18|6|9|9|11|0|14|8|10|0|14|18|30|9|13|45|35|0|14|8|11|6|9|0|14|0|14|4|8|0|14|18|30|9|13|22|19|0|14|9|15|0|14|9|11|0|14|4|7|0|14|0|14|0|14|0|14|0|14|0|14|0|14|0|14|0|14|0|14|0|14|0|14|0|14|0|14|0|14|0|14|0|14|0|14|0|14|0|14|0|14|0|14|0|14|0|14|0|14|0|14|0|14|0|14|0|14|0|14|0|14|0|14|0|14|0|14|0|14|0|14|0|14|0|14|0|14|0|14|0|14|0|14|0|14|0|14|0|14|0|14|0|14|0|14|0|14|0|14|0|14|0|14|0|14|20|25|0|14|6|10|14|23|0|14|0|14|0|14|0|14|0|14|0|14
1600000US3751780|389|165|49|37|81|71|48|37|32|32|23|23|48|42|41|44|35|33|32|30|381|164|47|36|76|72|48|37|32|32|23|23|48|42|41|44|35|33|31|29|328|149|47|36|37|32|48|37|32|32|23|23|36|36|41|44|33|33|31|29|53|69|0|14|39|64|0|14|0|14|0|14|12|22|0|14|2|4|0|14|52|68|0|14|38|64|0|14|0|14|0|14|12|22|0|14|2|4|0|14|1|3|0|14|1|3|0|14|0|14|0|14|0|14|0|14|0|14|0|14|0|14|0|14|0|14|0|14|0|14|0|14|0|14|0|14|0|14|0|14|0|14|0|14|0|14|0|14|0|14|0|14|0|14|0|14|0|14|0|14|0|14|0|14|0|14|0|14|0|14|0|14|0|14|0|14|0|14|0|14|0|14|0|14|0|14|0|14|0|14|0|14|0|14|0|14|0|14|0|14|0|14|0|14|0|14|0|14|0|14|0|14|0|14|0|14|0|14|0|14|8|15|2|7|5|11|0|14|0|14|0|14|0|14|0|14|0|14|1|5
1600000US3751820|724|154|125|45|24|18|140|59|138|66|41|29|31|22|130|73|27|23|68|46|707|153|115|45|22|18|140|59|133|62|41|29|31|22|130|73|27|23|68|46|636|142|79|38|18|17|140|59|102|55|41|29|31|22|130|73|27|23|68|46|71|59|36|30|4|6|0|14|31|30|0|14|0|14|0|14|0|14|0|14|71|59|36|30|4|6|0|14|31|30|0|14|0|14|0|14|0|14|0|14|0|14|0|14|0|14|0|14|0|14|0|14|0|14|0|14|0|14|0|14|0|14|0|14|0|14|0|14|0|14|0|14|0|14|0|14|0|14|0|14|0|14|0|14|0|14|0|14|0|14|0|14|0|14|0|14|0|14|0|14|0|14|0|14|0|14|0|14|0|14|0|14|0|14|0|14|0|14|0|14|0|14|0|14|0|14|0|14|0|14|0|14|0|14|0|14|0|14|0|14|17|22|10|18|2|4|0|14|5|10|0|14|0|14|0|14|0|14|0|14|0|14|0|14|0|14|0|14|0|14|0|14|0|14|0|14|0|14|0|14
1600000US3751840|755|207|60|43|158|66|149|84|115|62|52|38|45|29|41|28|69|47|66|41|739|205|60|43|150|59|149|84|115|62|52|38|45|29|41|28|69|47|58|43|622|171|60|43|136|51|73|45|115|62|48|37|41|28|36|26|55|44|58|43|117|76|0|14|14|17|76|60|0|14|4|9|4|10|5|9|14|13|0|14|84|66|0|14|14|17|51|54|0|14|4|9|4|10|5|9|6|9|0|14|33|25|0|14|0|14|25|23|0|14|0|14|0|14|0|14|8|10|0|14|0|14|0|14|0|14|0|14|0|14|0|14|0|14|0|14|0|14|0|14|0|14|0|14|0|14|0|14|0|14|0|14|0|14|0|14|0|14|0|14|0|14|0|14|0|14|0|14|0|14|0|14|0|14|0|14|0|14|0|14|0|14|0|14|0|14|0|14|0|14|0|14|0|14|0|14|0|14|0|14|0|14|0|14|0|14|0|14|0|14|0|14|0|14|0|14|0|14|0|14|16|21|0|14|8|14|0|14|0|14|0|14|0|14|0|14|0|14|8|12
1600000US3751940|4795|423|864|202|913|197|989|232|456|159|129|85|333|157|160|81|580|137|371|152|4742|415|864|202|900|197|989|232|456|159|119|83|333|157|160|81|569|137|352|142|4303|435|790|201|885|194|902|209|414|151|119|83|195|84|143|77|556|137|299|119|439|216|74|61|15|23|87|79|42|64|0|21|138|140|17|27|13|21|53|61|374|195|74|61|15|23|52|65|42|64|0|21|138|140|0|21|0|21|53|61|65|61|0|21|0|21|35|52|0|21|0|21|0|21|17|27|13|21|0|21|0|21|0|21|0|21|0|21|0|21|0|21|0|21|0|21|0|21|0|21|0|21|0|21|0|21|0|21|0|21|0|21|0|21|0|21|0|21|0|21|0|21|0|21|0|21|0|21|0|21|0|21|0|21|0|21|0|21|0|21|0|21|0|21|0|21|0|21|0|21|0|21|0|21|0|21|0|21|0|21|13|21|0|21|13|21|0|21|0|21|0|21|0|21|0|21|0|21|0|21|40|39|0|21|0|21|0|21|0|21|10|16|0|21|0|21|11|18|19|26
1600000US3752000|351|70|34|18|50|25|88|38|67|41|20|15|28|12|9|7|22|13|33|15|327|72|32|18|47|24|88|38|67|41|20|15|22|11|9|7|9|6|33|15|302|70|28|17|44|24|80|38|61|40|18|15|20|11|9|7|9|6|33|15|25|14|4|6|3|5|8|7|6|5|2|3|2|4|0|14|0|14|0|14|18|14|4|6|3|5|5|6|4|5|2|3|0|14|0|14|0|14|0|14|7|6|0|14|0|14|3|4|2|3|0|14|2|4|0|14|0|14|0|14|13|12|0|14|0|14|0|14|0|14|0|14|0|14|0|14|13|12|0|14|0|14|0|14|0|14|0|14|0|14|0|14|0|14|0|14|0|14|0|14|13|12|0|14|0|14|0|14|0|14|0|14|0|14|0|14|13|12|0|14|0|14|0|14|0|14|0|14|0|14|0|14|0|14|0|14|0|14|0|14|0|14|0|14|0|14|0|14|0|14|0|14|0|14|0|14|0|14|0|14|11|9|2|3|3|4|0|14|0|14|0|14|6|6|0|14|0|14|0|14
1600000US3752020|814|218|182|133|87|67|140|67|115|84|30|33|71|45|116|98|48|38|25|20|754|197|142|115|74|55|135|66|115|84|30|33|71|45|116|98|48|38|23|18|744|194|142|115|74|55|135|66|105|83|30|33|71|45|116|98|48|38|23|18|10|14|0|14|0|14|0|14|10|14|0|14|0|14|0|14|0|14|0|14|2|5|0|14|0|14|0|14|2|5|0|14|0|14|0|14|0|14|0|14|8|13|0|14|0|14|0|14|8|13|0|14|0|14|0|14|0|14|0|14|0|14|0|14|0|14|0|14|0|14|0|14|0|14|0|14|0|14|0|14|0|14|0|14|0|14|0|14|0|14|0|14|0|14|0|14|0|14|0|14|0|14|0|14|0|14|0|14|0|14|0|14|0|14|0|14|0|14|0|14|0|14|0|14|0|14|0|14|0|14|0|14|0|14|0|14|0|14|0|14|19|22|19|22|0|14|0|14|0|14|0|14|0|14|0|14|0|14|0|14|41|62|21|40|13|21|5|7|0|14|0|14|0|14|0|14|0|14|2|7
1600000US3752140|604|160|175|101|59|39|74|51|44|38|33|33|138|90|65|38|8|14|8|13|579|148|160|85|59|39|74|51|44|38|23|28|138|90|65|38|8|14|8|13|520|149|160|85|47|32|74|51|40|33|18|20|116|89|65|38|0|14|0|14|59|50|0|14|12|19|0|14|4|10|5|10|22|24|0|14|8|14|8|13|35|30|0|14|12|19|0|14|4|10|5|10|14|20|0|14|0|14|0|14|24|39|0|14|0|14|0|14|0|14|0|14|8|13|0|14|8|14|8|13|0|14|0|14|0|14|0|14|0|14|0|14|0|14|0|14|0|14|0|14|0|14|0|14|0|14|0|14|0|14|0|14|0|14|0|14|0|14|0|14|0|14|0|14|0|14|0|14|0|14|0|14|0|14|0|14|0|14|0|14|0|14|0|14|0|14|0|14|0|14|0|14|0|14|0|14|0|14|0|14|0|14|0|14|0|14|0|14|0|14|0|14|0|14|0|14|0|14|0|14|25|34|15|29|0|14|0|14|0|14|10|17|0|14|0|14|0|14|0|14
1600000US3752160|19|36|0|14|0|14|0|14|0|14|19|36|0|14|0|14|0|14|0|14|19|36|0|14|0|14|0|14|0|14|19|36|0|14|0|14|0|14|0|14|19|36|0|14|0|14|0|14|0|14|19|36|0|14|0|14|0|14|0|14|0|14|0|14|0|14|0|14|0|14|0|14|0|14|0|14|0|14|0|14|0|14|0|14|0|14|0|14|0|14|0|14|0|14|0|14|0|14|0|14|0|14|0|14|0|14|0|14|0|14|0|14|0|14|0|14|0|14|0|14|0|14|0|14|0|14|0|14|0|14|0|14|0|14|0|14|0|14|0|14|0|14|0|14|0|14|0|14|0|14|0|14|0|14|0|14|0|14|0|14|0|14|0|14|0|14|0|14|0|14|0|14|0|14|0|14|0|14|0|14|0|14|0|14|0|14|0|14|0|14|0|14|0|14|0|14|0|14|0|14|0|14|0|14|0|14|0|14|0|14|0|14|0|14|0|14|0|14|0|14|0|14|0|14|0|14|0|14|0|14|0|14|0|14|0|14|0|14|0|14
1600000US3752220|4413|516|388|190|819|286|632|229|522|193|607|237|595|224|450|169|184|79|216|105|3775|702|314|154|445|183|587|228|490|184|602|238|508|200|446|169|184|79|199|104|3454|671|244|149|429|179|554|228|398|156|586|242|416|179|446|169|184|79|197|105|321|117|70|45|16|23|33|40|92|68|16|18|92|80|0|21|0|21|2|6|251|109|49|29|16|23|24|38|63|54|5|8|92|80|0|21|0|21|2|6|70|66|21|33|0|21|9|16|29|43|11|17|0|21|0|21|0|21|0|21|39|29|0|21|0|21|0|21|13|21|5|10|0|21|4|7|0|21|17|15|13|21|0|21|0|21|0|21|13|21|0|21|0|21|0|21|0|21|0|21|26|17|0|21|0|21|0|21|0|21|5|10|0|21|4|7|0|21|17|15|0|21|0|21|0|21|0|21|0|21|0|21|0|21|0|21|0|21|0|21|523|393|74|82|311|326|34|41|17|19|0|21|87|91|0|21|0|21|0|21|76|74|0|21|63|74|11|17|2|6|0|21|0|21|0|21|0|21|0|21
1600000US3752260|5610|854|198|106|599|245|1397|385|1385|406|538|191|587|223|309|192|236|127|361|218|5550|833|158|89|599|245|1397|385|1379|403|538|191|587|223|309|192|236|127|347|218|4771|691|158|89|599|245|1243|349|1255|398|426|173|524|219|287|187|189|112|90|90|779|278|0|21|0|21|154|119|124|92|112|90|63|65|22|35|47|57|257|189|522|207|0|21|0|21|108|112|60|49|48|45|50|57|22|35|26|47|208|159|257|141|0|21|0|21|46|56|64|73|64|73|13|20|0|21|21|33|49|60|0|21|0|21|0|21|0|21|0|21|0|21|0|21|0|21|0|21|0|21|0|21|0|21|0|21|0|21|0|21|0|21|0|21|0|21|0|21|0|21|0|21|0|21|0|21|0|21|0|21|0|21|0|21|0|21|0|21|0|21|0|21|0|21|0|21|0|21|0|21|0|21|0|21|0|21|0|21|0|21|33|54|33|54|0|21|0|21|0|21|0|21|0|21|0|21|0|21|0|21|27|27|7|11|0|21|0|21|6|12|0|21|0|21|0|21|0|21|14|22
1600000US3752400|236|119|58|41|11|15|57|92|30|30|20|33|28|23|21|18|1|4|10|10|220|114|43|27|11|15|56|93|30|30|20|33|28|23|21|18|1|4|10|10|202|106|43|27|11|15|50|87|30|30|20|33|22|22|15|15|1|4|10|10|18|16|0|14|0|14|6|11|0|14|0|14|6|7|6|11|0|14|0|14|12|13|0|14|0|14|6|11|0|14|0|14|6|7|0|14|0|14|0|14|6|11|0|14|0|14|0|14|0|14|0|14|0|14|6|11|0|14|0|14|0|14|0|14|0|14|0|14|0|14|0|14|0|14|0|14|0|14|0|14|0|14|0|14|0|14|0|14|0|14|0|14|0|14|0|14|0|14|0|14|0|14|0|14|0|14|0|14|0|14|0|14|0|14|0|14|0|14|0|14|0|14|0|14|0|14|0|14|0|14|0|14|0|14|0|14|0|14|0|14|16|20|15|20|0|14|1|2|0|14|0|14|0|14|0|14|0|14|0|14|0|14|0|14|0|14|0|14|0|14|0|14|0|14|0|14|0|14|0|14
1600000US3752500|185|104|29|31|0|14|0|14|0|14|32|39|94|93|15|24|0|14|15|25|185|104|29|31|0|14|0|14|0|14|32|39|94|93|15|24|0|14|15|25|185|104|29|31|0|14|0|14|0|14|32|39|94|93|15|24|0|14|15|25|0|14|0|14|0|14|0|14|0|14|0|14|0|14|0|14|0|14|0|14|0|14|0|14|0|14|0|14|0|14|0|14|0|14|0|14|0|14|0|14|0|14|0|14|0|14|0|14|0|14|0|14|0|14|0|14|0|14|0|14|0|14|0|14|0|14|0|14|0|14|0|14|0|14|0|14|0|14|0|14|0|14|0|14|0|14|0|14|0|14|0|14|0|14|0|14|0|14|0|14|0|14|0|14|0|14|0|14|0|14|0|14|0|14|0|14|0|14|0|14|0|14|0|14|0|14|0|14|0|14|0|14|0|14|0|14|0|14|0|14|0|14|0|14|0|14|0|14|0|14|0|14|0|14|0|14|0|14|0|14|0|14|0|14|0|14|0|14|0|14|0|14|0|14|0|14|0|14|0|14
1600000US3752660|2072|333|310|158|133|86|106|108|237|111|287|227|249|105|221|107|145|133|384|230|2036|324|304|160|133|86|106|108|231|112|287|227|235|105|221|107|145|133|374|231|1875|342|287|155|133|86|106|108|183|107|287|227|235|105|221|107|145|133|278|186|161|158|17|27|0|14|0|14|48|53|0|14|0|14|0|14|0|14|96|144|161|158|17|27|0|14|0|14|48|53|0|14|0|14|0|14|0|14|96|144|0|14|0|14|0|14|0|14|0|14|0|14|0|14|0|14|0|14|0|14|10|16|0|14|0|14|0|14|0|14|0|14|0|14|0|14|0|14|10|16|10|16|0|14|0|14|0|14|0|14|0|14|0|14|0|14|0|14|10|16|0|14|0|14|0|14|0|14|0|14|0|14|0|14|0|14|0|14|0|14|0|14|0|14|0|14|0|14|0|14|0|14|0|14|0|14|0|14|0|14|6|9|6|9|0|14|0|14|0|14|0|14|0|14|0|14|0|14|0|14|20|27|0|14|0|14|0|14|6|10|0|14|14|24|0|14|0|14|0|14
1600000US3752685|609|225|79|73|60|50|112|101|84|79|0|14|93|88|21|33|54|53|106|98|586|227|68|69|60|50|100|98|84|79|0|14|93|88|21|33|54|53|106|98|457|187|60|68|60|50|48|60|84|79|0|14|54|59|21|33|54|53|76|91|129|109|8|17|0|14|52|68|0|14|0|14|39|61|0|14|0|14|30|48|82|87|0|14|0|14|52|68|0|14|0|14|0|14|0|14|0|14|30|48|47|63|8|17|0|14|0|14|0|14|0|14|39|61|0|14|0|14|0|14|0|14|0|14|0|14|0|14|0|14|0|14|0|14|0|14|0|14|0|14|0|14|0|14|0|14|0|14|0|14|0|14|0|14|0|14|0|14|0|14|0|14|0|14|0|14|0|14|0|14|0|14|0|14|0|14|0|14|0|14|0|14|0|14|0|14|0|14|0|14|0|14|0|14|0|14|0|14|0|14|0|14|0|14|0|14|0|14|0|14|0|14|0|14|0|14|0|14|0|14|23|27|11|18|0|14|12|20|0|14|0|14|0|14|0|14|0|14|0|14
1600000US3752760|2027|237|114|84|122|81|326|159|478|127|418|171|226|129|12|19|35|31|296|276|1970|242|101|85|121|81|316|159|478|127|418|171|193|113|12|19|35|31|296|276|1912|246|56|71|121|81|316|159|465|123|418|171|193|113|12|19|35|31|296|276|58|51|45|48|0|19|0|19|13|20|0|19|0|19|0|19|0|19|0|19|57|51|44|48|0|19|0|19|13|20|0|19|0|19|0|19|0|19|0|19|1|2|1|2|0|19|0|19|0|19|0|19|0|19|0|19|0|19|0|19|1|3|0|19|1|3|0|19|0|19|0|19|0|19|0|19|0|19|0|19|1|3|0|19|1|3|0|19|0|19|0|19|0|19|0|19|0|19|0|19|0|19|0|19|0|19|0|19|0|19|0|19|0|19|0|19|0|19|0|19|0|19|0|19|0|19|0|19|0|19|0|19|0|19|0|19|0|19|0|19|1|3|1|3|0|19|0|19|0|19|0|19|0|19|0|19|0|19|0|19|55|62|12|19|0|19|10|16|0|19|0|19|33|55|0|19|0|19|0|19
1600000US3752920|547|383|57|56|65|68|19|28|180|201|136|180|41|47|10|18|0|14|39|49|523|379|42|48|65|68|19|28|180|201|136|180|41|47|10|18|0|14|30|47|258|129|42|48|65|68|19|28|55|69|9|15|28|42|10|18|0|14|30|47|265|356|0|14|0|14|0|14|125|182|127|180|13|22|0|14|0|14|0|14|265|356|0|14|0|14|0|14|125|182|127|180|13|22|0|14|0|14|0|14|0|14|0|14|0|14|0|14|0|14|0|14|0|14|0|14|0|14|0|14|0|14|0|14|0|14|0|14|0|14|0|14|0|14|0|14|0|14|0|14|0|14|0|14|0|14|0|14|0|14|0|14|0|14|0|14|0|14|0|14|0|14|0|14|0|14|0|14|0|14|0|14|0|14|0|14|0|14|0|14|0|14|0|14|0|14|0|14|0|14|0|14|0|14|0|14|0|14|0|14|15|26|15|26|0|14|0|14|0|14|0|14|0|14|0|14|0|14|0|14|9|16|0|14|0|14|0|14|0|14|0|14|0|14|0|14|0|14|9|16
1600000US3753040|787|177|233|115|192|148|40|37|42|40|23|40|107|102|6|12|4|7|140|106|757|170|221|111|192|148|26|25|42|40|23|40|107|102|6|12|0|14|140|106|619|158|205|100|87|103|19|20|35|40|23|40|107|102|6|12|0|14|137|108|138|108|16|35|105|109|7|15|7|11|0|14|0|14|0|14|0|14|3|5|128|109|16|35|105|109|7|15|0|14|0|14|0|14|0|14|0|14|0|14|10|12|0|14|0|14|0|14|7|11|0|14|0|14|0|14|0|14|3|5|0|14|0|14|0|14|0|14|0|14|0|14|0|14|0|14|0|14|0|14|0|14|0|14|0|14|0|14|0|14|0|14|0|14|0|14|0|14|0|14|0|14|0|14|0|14|0|14|0|14|0|14|0|14|0|14|0|14|0|14|0|14|0|14|0|14|0|14|0|14|0|14|0|14|0|14|0|14|0|14|14|28|0|14|0|14|14|28|0|14|0|14|0|14|0|14|0|14|0|14|16|23|12|21|0|14|0|14|0|14|0|14|0|14|0|14|4|7|0|14
1600000US3753140|434|223|39|41|79|61|2|6|86|60|55|47|64|55|15|17|39|54|55|56|434|223|39|41|79|61|2|6|86|60|55|47|64|55|15|17|39|54|55|56|361|183|34|40|73|59|2|6|55|45|48|44|40|35|15|17|39|54|55|56|73|73|5|9|6|9|0|14|31|38|7|11|24|40|0|14|0|14|0|14|60|65|5|9|3|6|0|14|28|36|0|14|24|40|0|14|0|14|0|14|13|16|0|14|3|5|0|14|3|5|7|11|0|14|0|14|0|14|0|14|0|14|0|14|0|14|0|14|0|14|0|14|0|14|0|14|0|14|0|14|0|14|0|14|0|14|0|14|0|14|0|14|0|14|0|14|0|14|0|14|0|14|0|14|0|14|0|14|0|14|0|14|0|14|0|14|0|14|0|14|0|14|0|14|0|14|0|14|0|14|0|14|0|14|0|14|0|14|0|14|0|14|0|14|0|14|0|14|0|14|0|14|0|14|0|14|0|14|0|14|0|14|0|14|0|14|0|14|0|14|0|14|0|14|0|14|0|14|0|14
1600000US3753160|283|126|20|26|35|37|44|33|56|41|33|38|18|16|32|29|41|49|4|8|269|115|6|10|35|37|44|33|56|41|33|38|18|16|32|29|41|49|4|8|249|103|6|10|35|37|44|33|56|41|13|12|18|16|32|29|41|49|4|8|20|35|0|14|0|14|0|14|0|14|20|35|0|14|0|14|0|14|0|14|0|14|0|14|0|14|0|14|0|14|0|14|0|14|0|14|0|14|0|14|20|35|0|14|0|14|0|14|0|14|20|35|0|14|0|14|0|14|0|14|0|14|0|14|0|14|0|14|0|14|0|14|0|14|0|14|0|14|0|14|0|14|0|14|0|14|0|14|0|14|0|14|0|14|0|14|0|14|0|14|0|14|0|14|0|14|0|14|0|14|0|14|0|14|0|14|0|14|0|14|0|14|0|14|0|14|0|14|0|14|0|14|0|14|0|14|0|14|0|14|14|24|14|24|0|14|0|14|0|14|0|14|0|14|0|14|0|14|0|14|0|14|0|14|0|14|0|14|0|14|0|14|0|14|0|14|0|14|0|14
1600000US3753200|217|89|25|19|41|40|34|26|25|28|16|14|15|12|14|14|29|28|18|21|204|82|23|20|30|35|34|26|25|28|16|14|15|12|14|14|29|28|18|21|192|81|23|20|30|35|31|24|25|28|7|7|15|12|14|14|29|28|18|21|12|14|0|14|0|14|3|7|0|14|9|13|0|14|0|14|0|14|0|14|11|13|0|14|0|14|3|7|0|14|8|13|0|14|0|14|0|14|0|14|1|3|0|14|0|14|0|14|0|14|1|3|0|14|0|14|0|14|0|14|0|14|0|14|0|14|0|14|0|14|0|14|0|14|0|14|0|14|0|14|0|14|0|14|0|14|0|14|0|14|0|14|0|14|0|14|0|14|0|14|0|14|0|14|0|14|0|14|0|14|0|14|0|14|0|14|0|14|0|14|0|14|0|14|0|14|0|14|0|14|0|14|0|14|0|14|0|14|0|14|13|17|2|4|11|17|0|14|0|14|0|14|0|14|0|14|0|14|0|14|0|14|0|14|0|14|0|14|0|14|0|14|0|14|0|14|0|14|0|14
1600000US3753475|1898|410|131|110|233|144|336|154|497|206|94|72|416|209|0|19|92|63|99|80|1798|381|66|66|233|144|336|154|481|203|94|72|416|209|0|19|92|63|80|75|1661|382|39|50|233|144|313|150|411|191|94|72|399|209|0|19|92|63|80|75|137|109|27|45|0|19|23|36|70|84|0|19|17|28|0|19|0|19|0|19|73|78|27|45|0|19|23|36|23|39|0|19|0|19|0|19|0|19|0|19|64|75|0|19|0|19|0|19|47|70|0|19|17|28|0|19|0|19|0|19|0|19|0|19|0|19|0|19|0|19|0|19|0|19|0|19|0|19|0|19|0|19|0|19|0|19|0|19|0|19|0|19|0|19|0|19|0|19|0|19|0|19|0|19|0|19|0|19|0|19|0|19|0|19|0|19|0|19|0|19|0|19|0|19|0|19|0|19|0|19|0|19|0|19|0|19|0|19|0|19|0|19|0|19|0|19|0|19|0|19|0|19|0|19|0|19|0|19|0|19|100|94|65|92|0|19|0|19|16|26|0|19|0|19|0|19|0|19|19|30
1600000US3753580|227|141|130|131|0|14|31|35|8|12|0|14|34|48|24|35|0|14|0|14|227|141|130|131|0|14|31|35|8|12|0|14|34|48|24|35|0|14|0|14|83|64|10|15|0|14|31|35|8|12|0|14|34|48|0|14|0|14|0|14|144|136|120|130|0|14|0|14|0|14|0|14|0|14|24|35|0|14|0|14|0|14|0|14|0|14|0|14|0|14|0|14|0|14|0|14|0|14|0|14|144|136|120|130|0|14|0|14|0|14|0|14|0|14|24|35|0|14|0|14|0|14|0|14|0|14|0|14|0|14|0|14|0|14|0|14|0|14|0|14|0|14|0|14|0|14|0|14|0|14|0|14|0|14|0|14|0|14|0|14|0|14|0|14|0|14|0|14|0|14|0|14|0|14|0|14|0|14|0|14|0|14|0|14|0|14|0|14|0|14|0|14|0|14|0|14|0|14|0|14|0|14|0|14|0|14|0|14|0|14|0|14|0|14|0|14|0|14|0|14|0|14|0|14|0|14|0|14|0|14|0|14|0|14|0|14|0|14|0|14
1600000US3753680|80|97|11|21|5|8|0|14|29|47|0|14|0|14|0|14|26|43|9|19|80|97|11|21|5|8|0|14|29|47|0|14|0|14|0|14|26|43|9|19|80|97|11|21|5|8|0|14|29|47|0|14|0|14|0|14|26|43|9|19|0|14|0|14|0|14|0|14|0|14|0|14|0|14|0|14|0|14|0|14|0|14|0|14|0|14|0|14|0|14|0|14|0|14|0|14|0|14|0|14|0|14|0|14|0|14|0|14|0|14|0|14|0|14|0|14|0|14|0|14|0|14|0|14|0|14|0|14|0|14|0|14|0|14|0|14|0|14|0|14|0|14|0|14|0|14|0|14|0|14|0|14|0|14|0|14|0|14|0|14|0|14|0|14|0|14|0|14|0|14|0|14|0|14|0|14|0|14|0|14|0|14|0|14|0|14|0|14|0|14|0|14|0|14|0|14|0|14|0|14|0|14|0|14|0|14|0|14|0|14|0|14|0|14|0|14|0|14|0|14|0|14|0|14|0|14|0|14|0|14|0|14|0|14|0|14|0|14|0|14
1600000US3753820|631|200|48|47|14|14|133|65|177|136|31|28|94|70|8|12|23|22|103|61|623|197|40|36|14|14|133|65|177|136|31|28|94|70|8|12|23|22|103|61|615|198|36|36|14|14|133|65|177|136|31|28|94|70|8|12|23|22|99|62|8|12|4|6|0|14|0|14|0|14|0|14|0|14|0|14|0|14|4|6|8|12|4|6|0|14|0|14|0|14|0|14|0|14|0|14|0|14|4|6|0|14|0|14|0|14|0|14|0|14|0|14|0|14|0|14|0|14|0|14|0|14|0|14|0|14|0|14|0|14|0|14|0|14|0|14|0|14|0|14|0|14|0|14|0|14|0|14|0|14|0|14|0|14|0|14|0|14|0|14|0|14|0|14|0|14|0|14|0|14|0|14|0|14|0|14|0|14|0|14|0|14|0|14|0|14|0|14|0|14|0|14|0|14|0|14|0|14|0|14|0|14|0|14|0|14|0|14|0|14|0|14|0|14|0|14|0|14|0|14|8|13|8|13|0|14|0|14|0|14|0|14|0|14|0|14|0|14|0|14
1600000US3753840|564|116|186|83|86|52|70|47|71|51|0|14|68|42|13|19|35|39|35|45|450|124|126|62|46|34|66|47|61|47|0|14|68|42|13|19|35|39|35|45|423|114|126|62|46|34|66|47|61|47|0|14|62|40|13|19|14|17|35|45|27|35|0|14|0|14|0|14|0|14|0|14|6|9|0|14|21|33|0|14|27|35|0|14|0|14|0|14|0|14|0|14|6|9|0|14|21|33|0|14|0|14|0|14|0|14|0|14|0|14|0|14|0|14|0|14|0|14|0|14|0|14|0|14|0|14|0|14|0|14|0|14|0|14|0|14|0|14|0|14|0|14|0|14|0|14|0|14|0|14|0|14|0|14|0|14|0|14|0|14|0|14|0|14|0|14|0|14|0|14|0|14|0|14|0|14|0|14|0|14|0|14|0|14|0|14|0|14|0|14|0|14|0|14|0|14|0|14|0|14|64|68|60|67|0|14|4|8|0|14|0|14|0|14|0|14|0|14|0|14|50|46|0|14|40|46|0|14|10|17|0|14|0|14|0|14|0|14|0|14
1600000US3753900|43|25|3|4|6|10|6|7|1|3|5|6|9|10|0|14|2|4|11|10|43|25|3|4|6|10|6|7|1|3|5|6|9|10|0|14|2|4|11|10|43|25|3|4|6|10|6|7|1|3|5|6|9|10|0|14|2|4|11|10|0|14|0|14|0|14|0|14|0|14|0|14|0|14|0|14|0|14|0|14|0|14|0|14|0|14|0|14|0|14|0|14|0|14|0|14|0|14|0|14|0|14|0|14|0|14|0|14|0|14|0|14|0|14|0|14|0|14|0|14|0|14|0|14|0|14|0|14|0|14|0|14|0|14|0|14|0|14|0|14|0|14|0|14|0|14|0|14|0|14|0|14|0|14|0|14|0|14|0|14|0|14|0|14|0|14|0|14|0|14|0|14|0|14|0|14|0|14|0|14|0|14|0|14|0|14|0|14|0|14|0|14|0|14|0|14|0|14|0|14|0|14|0|14|0|14|0|14|0|14|0|14|0|14|0|14|0|14|0|14|0|14|0|14|0|14|0|14|0|14|0|14|0|14|0|14|0|14|0|14
1600000US3753950|353|171|54|42|74|73|33|25|19|21|0|14|19|20|35|35|43|47|76|76|353|171|54|42|74|73|33|25|19|21|0|14|19|20|35|35|43|47|76|76|328|167|45|40|66|72|33|25|11|17|0|14|19|20|35|35|43|47|76|76|25|21|9|13|8|13|0|14|8|13|0|14|0|14|0|14|0|14|0|14|17|18|9|13|8|13|0|14|0|14|0|14|0|14|0|14|0|14|0|14|8|13|0|14|0|14|0|14|8|13|0|14|0|14|0|14|0|14|0|14|0|14|0|14|0|14|0|14|0|14|0|14|0|14|0|14|0|14|0|14|0|14|0|14|0|14|0|14|0|14|0|14|0|14|0|14|0|14|0|14|0|14|0|14|0|14|0|14|0|14|0|14|0|14|0|14|0|14|0|14|0|14|0|14|0|14|0|14|0|14|0|14|0|14|0|14|0|14|0|14|0|14|0|14|0|14|0|14|0|14|0|14|0|14|0|14|0|14|0|14|0|14|0|14|0|14|0|14|0|14|0|14|0|14|0|14|0|14|0|14
1600000US3754160|513|259|16|28|0|14|210|169|51|52|53|85|15|27|0|14|20|28|148|114|480|249|16|28|0|14|210|169|51|52|53|85|15|27|0|14|20|28|115|103|434|247|16|28|0|14|210|169|51|52|53|85|0|14|0|14|20|28|84|88|46|69|0|14|0|14|0|14|0|14|0|14|15|27|0|14|0|14|31|58|15|27|0|14|0|14|0|14|0|14|0|14|15|27|0|14|0|14|0|14|31|58|0|14|0|14|0|14|0|14|0|14|0|14|0|14|0|14|31|58|0|14|0|14|0|14|0|14|0|14|0|14|0|14|0|14|0|14|0|14|0|14|0|14|0|14|0|14|0|14|0|14|0|14|0|14|0|14|0|14|0|14|0|14|0|14|0|14|0|14|0|14|0|14|0|14|0|14|0|14|0|14|0|14|0|14|0|14|0|14|0|14|0|14|0|14|0|14|0|14|0|14|0|14|0|14|0|14|0|14|0|14|0|14|0|14|0|14|0|14|33|54|0|14|0|14|0|14|0|14|0|14|0|14|0|14|0|14|33|54
1600000US3754580|1533|172|416|117|303|92|165|101|85|69|94|49|250|81|49|34|105|72|66|48|1403|170|355|106|303|92|109|77|85|69|94|49|250|81|49|34|105|72|53|44|1292|162|318|97|292|89|89|56|57|52|79|45|250|81|49|34|105|72|53|44|111|74|37|35|11|19|20|28|28|41|15|25|0|14|0|14|0|14|0|14|111|74|37|35|11|19|20|28|28|41|15|25|0|14|0|14|0|14|0|14|0|14|0|14|0|14|0|14|0|14|0|14|0|14|0|14|0|14|0|14|0|14|0|14|0|14|0|14|0|14|0|14|0|14|0|14|0|14|0|14|0|14|0|14|0|14|0|14|0|14|0|14|0|14|0|14|0|14|0|14|0|14|0|14|0|14|0|14|0|14|0|14|0|14|0|14|0|14|0|14|0|14|0|14|0|14|0|14|0|14|0|14|0|14|0|14|0|14|0|14|101|88|45|53|0|14|56|72|0|14|0|14|0|14|0|14|0|14|0|14|29|26|16|18|0|14|0|14|0|14|0|14|0|14|0|14|0|14|13|20
1600000US3754600|107|55|18|27|12|18|24|34|31|29|0|14|10|16|8|12|0|14|4|8|107|55|18|27|12|18|24|34|31|29|0|14|10|16|8|12|0|14|4|8|103|54|18|27|12|18|24|34|31|29|0|14|10|16|8|12|0|14|0|14|4|8|0|14|0|14|0|14|0|14|0|14|0|14|0|14|0|14|4|8|4|8|0|14|0|14|0|14|0|14|0|14|0|14|0|14|0|14|4|8|0|14|0|14|0|14|0|14|0|14|0|14|0|14|0|14|0|14|0|14|0|14|0|14|0|14|0|14|0|14|0|14|0|14|0|14|0|14|0|14|0|14|0|14|0|14|0|14|0|14|0|14|0|14|0|14|0|14|0|14|0|14|0|14|0|14|0|14|0|14|0|14|0|14|0|14|0|14|0|14|0|14|0|14|0|14|0|14|0|14|0|14|0|14|0|14|0|14|0|14|0|14|0|14|0|14|0|14|0|14|0|14|0|14|0|14|0|14|0|14|0|14|0|14|0|14|0|14|0|14|0|14|0|14|0|14|0|14|0|14
1600000US3755000|195663|3885|19497|1427|27887|1623|39147|2104|33824|1884|18338|1418|28464|1627|10814|1064|10231|1231|7461|1117|182086|3768|16864|1360|25722|1567|36777|2032|32143|1876|17501|1361|27225|1596|10429|1060|9279|1144|6146|985|164343|3505|14823|1199|23072|1455|33420|1911|29090|1850|16669|1358|23887|1343|9736|1059|8477|1078|5169|810|17743|1717|2041|569|2650|536|3357|643|3053|690|832|296|3338|853|693|250|802|320|977|458|13639|1585|1710|542|1982|467|2759|561|2111|491|571|216|2803|852|329|156|578|262|796|459|4104|740|331|198|668|271|598|302|942|493|261|203|535|184|364|197|224|174|181|112|3649|665|157|156|323|132|383|134|357|146|300|217|581|228|211|153|460|224|877|435|3644|664|157|156|323|132|383|134|357|146|300|217|581|228|211|153|460|224|872|434|0|32|0|32|0|32|0|32|0|32|0|32|0|32|0|32|0|32|0|32|5|9|0|32|0|32|0|32|0|32|0|32|0|32|0|32|0|32|5|9|4327|630|1839|425|652|251|483|223|621|242|252|187|284|193|71|72|15|22|110|109|5601|790|637|225|1190|350|1504|437|703|248|285|134|374|171|103|77|477|217|328|119
1600000US3755040|659|177|88|47|58|55|112|50|155|63|44|34|77|46|30|24|38|28|57|41|656|176|85|46|58|55|112|50|155|63|44|34|77|46|30|24|38|28|57|41|560|166|84|46|58|55|93|50|137|62|37|30|61|38|26|23|25|23|39|28|96|54|1|2|0|14|19|16|18|22|7|12|16|24|4|5|13|13|18|27|71|47|1|2|0|14|10|12|16|22|0|14|16|24|4|5|6|6|18|27|25|24|0|14|0|14|9|10|2|3|7|12|0|14|0|14|7|11|0|14|3|7|3|7|0|14|0|14|0|14|0|14|0|14|0|14|0|14|0|14|0|14|0|14|0|14|0|14|0|14|0|14|0|14|0|14|0|14|0|14|3|7|3|7|0|14|0|14|0|14|0|14|0|14|0|14|0|14|0|14|0|14|0|14|0|14|0|14|0|14|0|14|0|14|0|14|0|14|0|14|0|14|0|14|0|14|0|14|0|14|0|14|0|14|0|14|0|14|0|14|0|14|0|14|0|14|0|14|0|14|0|14|0|14|0|14|0|14|0|14
1600000US3755080|1583|357|125|88|211|122|250|118|393|196|42|51|358|133|16|27|83|92|105|91|1583|357|125|88|211|122|250|118|393|196|42|51|358|133|16|27|83|92|105|91|1418|321|125|88|192|114|250|118|325|184|42|51|340|130|16|27|64|68|64|80|165|106|0|14|19|32|0|14|68|79|0|14|18|26|0|14|19|32|41|49|147|106|0|14|19|32|0|14|68|79|0|14|0|14|0|14|19|32|41|49|18|26|0|14|0|14|0|14|0|14|0|14|18|26|0|14|0|14|0|14|0|14|0|14|0|14|0|14|0|14|0|14|0|14|0|14|0|14|0|14|0|14|0|14|0|14|0|14|0|14|0|14|0|14|0|14|0|14|0|14|0|14|0|14|0|14|0|14|0|14|0|14|0|14|0|14|0|14|0|14|0|14|0|14|0|14|0|14|0|14|0|14|0|14|0|14|0|14|0|14|0|14|0|14|0|14|0|14|0|14|0|14|0|14|0|14|0|14|0|14|0|14|0|14|0|14|0|14|0|14|0|14|0|14|0|14|0|14|0|14
1600000US3755260|1819|239|284|122|160|94|391|136|224|115|118|62|429|159|63|45|135|119|15|24|1771|234|275|123|160|94|391|136|224|115|118|62|390|152|63|45|135|119|15|24|1648|237|255|123|143|90|352|137|224|115|105|59|356|148|63|45|135|119|15|24|123|75|20|25|17|21|39|39|0|14|13|21|34|50|0|14|0|14|0|14|51|33|6|14|17|21|28|24|0|14|0|14|0|14|0|14|0|14|0|14|72|66|14|22|0|14|11|19|0|14|13|21|34|50|0|14|0|14|0|14|30|48|0|14|0|14|0|14|0|14|0|14|30|48|0|14|0|14|0|14|30|48|0|14|0|14|0|14|0|14|0|14|30|48|0|14|0|14|0|14|0|14|0|14|0|14|0|14|0|14|0|14|0|14|0|14|0|14|0|14|0|14|0|14|0|14|0|14|0|14|0|14|0|14|0|14|0|14|0|14|9|13|9|13|0|14|0|14|0|14|0|14|0|14|0|14|0|14|0|14|9|16|0|14|0|14|0|14|0|14|0|14|9|16|0|14|0|14|0|14
1600000US3755340|26|21|0|14|1|3|12|17|10|8|0|14|2|3|1|2|0|14|0|14|25|21|0|14|1|3|12|17|10|8|0|14|2|3|0|14|0|14|0|14|25|21|0|14|1|3|12|17|10|8|0|14|2|3|0|14|0|14|0|14|0|14|0|14|0|14|0|14|0|14|0|14|0|14|0|14|0|14|0|14|0|14|0|14|0|14|0|14|0|14|0|14|0|14|0|14|0|14|0|14|0|14|0|14|0|14|0|14|0|14|0|14|0|14|0|14|0|14|0|14|0|14|0|14|0|14|0|14|0|14|0|14|0|14|0|14|0|14|0|14|0|14|0|14|0|14|0|14|0|14|0|14|0|14|0|14|0|14|0|14|0|14|0|14|0|14|0|14|0|14|0|14|0|14|0|14|0|14|0|14|0|14|0|14|0|14|0|14|0|14|0|14|0|14|0|14|0|14|0|14|0|14|0|14|0|14|0|14|0|14|0|14|0|14|0|14|0|14|0|14|1|2|0|14|0|14|0|14|0|14|0|14|0|14|1|2|0|14|0|14
1600000US3755460|413|121|90|50|29|19|22|15|67|43|19|16|43|22|60|35|64|35|19|15|400|119|77|48|29|19|22|15|67|43|19|16|43|22|60|35|64|35|19|15|354|99|61|36|29|19|22|15|57|36|19|16|40|22|55|34|52|25|19|15|46|37|16|29|0|14|0|14|10|13|0|14|3|5|5|9|12|21|0|14|34|36|16|29|0|14|0|14|0|14|0|14|3|5|3|7|12|21|0|14|12|14|0|14|0|14|0|14|10|13|0|14|0|14|2|5|0|14|0|14|0|14|0|14|0|14|0|14|0|14|0|14|0|14|0|14|0|14|0|14|0|14|0|14|0|14|0|14|0|14|0|14|0|14|0|14|0|14|0|14|0|14|0|14|0|14|0|14|0|14|0|14|0|14|0|14|0|14|0|14|0|14|0|14|0|14|0|14|0|14|0|14|0|14|0|14|0|14|0|14|13|16|13|16|0|14|0|14|0|14|0|14|0|14|0|14|0|14|0|14|0|14|0|14|0|14|0|14|0|14|0|14|0|14|0|14|0|14|0|14
1600000US3755640|1280|264|32|40|443|137|370|161|93|68|40|48|54|59|53|53|48|44|147|111|1259|262|32|40|443|137|370|161|72|51|40|48|54|59|53|53|48|44|147|111|1207|258|32|40|426|140|370|161|72|51|40|48|43|54|53|53|48|44|123|107|52|53|0|14|17|29|0|14|0|14|0|14|11|21|0|14|0|14|24|38|35|44|0|14|0|14|0|14|0|14|0|14|11|21|0|14|0|14|24|38|17|29|0|14|17|29|0|14|0|14|0|14|0|14|0|14|0|14|0|14|0|14|0|14|0|14|0|14|0|14|0|14|0|14|0|14|0|14|0|14|0|14|0|14|0|14|0|14|0|14|0|14|0|14|0|14|0|14|0|14|0|14|0|14|0|14|0|14|0|14|0|14|0|14|0|14|0|14|0|14|0|14|0|14|0|14|0|14|0|14|0|14|0|14|0|14|0|14|0|14|0|14|0|14|0|14|0|14|0|14|0|14|0|14|0|14|0|14|0|14|21|32|0|14|0|14|0|14|21|32|0|14|0|14|0|14|0|14|0|14
1600000US3755660|949|179|309|96|19|22|132|75|52|32|41|30|100|65|136|129|92|50|68|43|891|190|257|104|19|22|132|75|46|32|41|30|100|65|136|129|92|50|68|43|850|183|242|102|19|22|126|73|46|32|41|30|100|65|116|127|92|50|68|43|41|39|15|22|0|14|6|9|0|14|0|14|0|14|20|33|0|14|0|14|41|39|15|22|0|14|6|9|0|14|0|14|0|14|20|33|0|14|0|14|0|14|0|14|0|14|0|14|0|14|0|14|0|14|0|14|0|14|0|14|0|14|0|14|0|14|0|14|0|14|0|14|0|14|0|14|0|14|0|14|0|14|0|14|0|14|0|14|0|14|0|14|0|14|0|14|0|14|0|14|0|14|0|14|0|14|0|14|0|14|0|14|0|14|0|14|0|14|0|14|0|14|0|14|0|14|0|14|0|14|0|14|0|14|0|14|0|14|0|14|46|44|46|44|0|14|0|14|0|14|0|14|0|14|0|14|0|14|0|14|12|18|6|10|0|14|0|14|6|9|0|14|0|14|0|14|0|14|0|14
1600000US3755900|5017|552|1081|352|996|276|192|134|297|168|618|275|641|220|676|264|318|163|198|118|4490|567|888|334|934|261|101|83|274|164|618|275|602|223|594|244|318|163|161|103|3928|498|856|327|894|259|71|72|274|164|618|275|400|198|369|177|311|163|135|94|562|271|32|40|40|51|30|45|0|21|0|21|202|151|225|208|7|13|26|28|524|270|22|40|40|51|30|45|0|21|0|21|174|146|225|208|7|13|26|28|38|44|10|17|0|21|0|21|0|21|0|21|28|40|0|21|0|21|0|21|0|21|0|21|0|21|0|21|0|21|0|21|0|21|0|21|0|21|0|21|0|21|0|21|0|21|0|21|0|21|0|21|0|21|0|21|0|21|0|21|0|21|0|21|0|21|0|21|0|21|0|21|0|21|0|21|0|21|0|21|0|21|0|21|0|21|0|21|0|21|0|21|0|21|0|21|0|21|0|21|337|170|114|96|34|34|91|110|16|27|0|21|0|21|82|124|0|21|0|21|190|108|79|55|28|50|0|21|7|12|0|21|39|58|0|21|0|21|37|53
1600000US3755940|108|48|1|2|6|7|19|13|13|9|46|36|13|9|1|3|2|3|7|7|106|48|1|2|6|7|19|13|13|9|46|36|11|9|1|3|2|3|7|7|96|45|1|2|4|5|19|13|11|8|45|36|11|9|1|3|2|3|2|4|10|11|0|14|2|3|0|14|2|4|1|4|0|14|0|14|0|14|5|7|5|6|0|14|2|3|0|14|2|4|1|4|0|14|0|14|0|14|0|14|5|7|0|14|0|14|0|14|0|14|0|14|0|14|0|14|0|14|5|7|0|14|0|14|0|14|0|14|0|14|0|14|0|14|0|14|0|14|0|14|0|14|0|14|0|14|0|14|0|14|0|14|0|14|0|14|0|14|0|14|0|14|0|14|0|14|0|14|0|14|0|14|0|14|0|14|0|14|0|14|0|14|0|14|0|14|0|14|0|14|0|14|0|14|0|14|0|14|0|14|0|14|0|14|0|14|0|14|0|14|0|14|0|14|0|14|0|14|0|14|2|3|0|14|0|14|0|14|0|14|0|14|2|3|0|14|0|14|0|14
1600000US3756100|0|14|0|14|0|14|0|14|0|14|0|14|0|14|0|14|0|14|0|14|0|14|0|14|0|14|0|14|0|14|0|14|0|14|0|14|0|14|0|14|0|14|0|14|0|14|0|14|0|14|0|14|0|14|0|14|0|14|0|14|0|14|0|14|0|14|0|14|0|14|0|14|0|14|0|14|0|14|0|14|0|14|0|14|0|14|0|14|0|14|0|14|0|14|0|14|0|14|0|14|0|14|0|14|0|14|0|14|0|14|0|14|0|14|0|14|0|14|0|14|0|14|0|14|0|14|0|14|0|14|0|14|0|14|0|14|0|14|0|14|0|14|0|14|0|14|0|14|0|14|0|14|0|14|0|14|0|14|0|14|0|14|0|14|0|14|0|14|0|14|0|14|0|14|0|14|0|14|0|14|0|14|0|14|0|14|0|14|0|14|0|14|0|14|0|14|0|14|0|14|0|14|0|14|0|14|0|14|0|14|0|14|0|14|0|14|0|14|0|14|0|14|0|14|0|14|0|14|0|14|0|14|0|14|0|14|0|14|0|14
1600000US3756240|492|196|93|79|11|11|174|88|87|62|20|17|64|38|16|25|4|5|23|25|492|196|93|79|11|11|174|88|87|62|20|17|64|38|16|25|4|5|23|25|333|117|49|51|8|9|110|55|47|39|20|17|56|39|16|25|4|5|23|25|159|112|44|62|3|6|64|57|40|49|0|14|8|10|0|14|0|14|0|14|122|104|44|62|3|6|64|57|6|9|0|14|5|8|0|14|0|14|0|14|37|48|0|14|0|14|0|14|34|49|0|14|3|5|0|14|0|14|0|14|0|14|0|14|0|14|0|14|0|14|0|14|0|14|0|14|0|14|0|14|0|14|0|14|0|14|0|14|0|14|0|14|0|14|0|14|0|14|0|14|0|14|0|14|0|14|0|14|0|14|0|14|0|14|0|14|0|14|0|14|0|14|0|14|0|14|0|14|0|14|0|14|0|14|0|14|0|14|0|14|0|14|0|14|0|14|0|14|0|14|0|14|0|14|0|14|0|14|0|14|0|14|0|14|0|14|0|14|0|14|0|14|0|14|0|14|0|14|0|14
1600000US3756340|451|168|56|62|34|36|119|80|86|72|21|18|42|24|33|17|35|28|25|17|446|168|54|61|34|36|119|80|86|72|21|18|42|24|33|17|32|27|25|17|407|160|45|57|34|36|114|79|86|72|21|18|42|24|23|14|17|14|25|17|39|30|9|15|0|14|5|6|0|14|0|14|0|14|10|12|15|22|0|14|27|24|0|14|0|14|2|4|0|14|0|14|0|14|10|12|15|22|0|14|12|15|9|15|0|14|3|5|0|14|0|14|0|14|0|14|0|14|0|14|0|14|0|14|0|14|0|14|0|14|0|14|0|14|0|14|0|14|0|14|0|14|0|14|0|14|0|14|0|14|0|14|0|14|0|14|0|14|0|14|0|14|0|14|0|14|0|14|0|14|0|14|0|14|0|14|0|14|0|14|0|14|0|14|0|14|0|14|0|14|0|14|0|14|0|14|0|14|0|14|2|4|2|4|0|14|0|14|0|14|0|14|0|14|0|14|0|14|0|14|3|5|0|14|0|14|0|14|0|14|0|14|0|14|0|14|3|5|0|14
1600000US3756360|905|268|123|78|49|28|21|16|99|64|137|62|189|103|88|101|71|40|128|137|860|265|118|77|32|25|13|12|99|64|137|62|178|105|88|101|71|40|124|136|820|263|82|64|32|25|13|12|99|64|137|62|178|105|86|100|71|40|122|136|40|37|36|36|0|14|0|14|0|14|0|14|0|14|2|5|0|14|2|4|31|32|27|33|0|14|0|14|0|14|0|14|0|14|2|5|0|14|2|4|9|17|9|17|0|14|0|14|0|14|0|14|0|14|0|14|0|14|0|14|0|14|0|14|0|14|0|14|0|14|0|14|0|14|0|14|0|14|0|14|0|14|0|14|0|14|0|14|0|14|0|14|0|14|0|14|0|14|0|14|0|14|0|14|0|14|0|14|0|14|0|14|0|14|0|14|0|14|0|14|0|14|0|14|0|14|0|14|0|14|0|14|0|14|0|14|0|14|0|14|11|13|5|8|0|14|0|14|0|14|0|14|6|10|0|14|0|14|0|14|34|35|0|14|17|27|8|11|0|14|0|14|5|9|0|14|0|14|4|12
1600000US3756440|298|147|50|36|6|9|23|35|50|35|7|12|31|28|93|129|11|12|27|23|288|144|48|36|2|4|23|35|46|33|7|12|31|28|93|129|11|12|27|23|217|81|48|36|2|4|23|35|46|33|7|12|22|20|34|41|11|12|24|23|71|94|0|14|0|14|0|14|0|14|0|14|9|15|59|92|0|14|3|4|59|92|0|14|0|14|0|14|0|14|0|14|0|14|59|92|0|14|0|14|12|16|0|14|0|14|0|14|0|14|0|14|9|15|0|14|0|14|3|4|0|14|0|14|0|14|0|14|0|14|0|14|0|14|0|14|0|14|0|14|0|14|0|14|0|14|0|14|0|14|0|14|0|14|0|14|0|14|0|14|0|14|0|14|0|14|0|14|0|14|0|14|0|14|0|14|0|14|0|14|0|14|0|14|0|14|0|14|0|14|0|14|0|14|0|14|0|14|0|14|0|14|0|14|0|14|0|14|0|14|0|14|0|14|0|14|0|14|0|14|10|11|2|5|4|8|0|14|4|7|0|14|0|14|0|14|0|14|0|14
1600000US3756600|278|144|51|51|0|14|36|38|55|62|0|14|83|82|40|37|13|21|0|14|278|144|51|51|0|14|36|38|55|62|0|14|83|82|40|37|13|21|0|14|257|141|51|51|0|14|15|22|55|62|0|14|83|82|40|37|13|21|0|14|21|31|0|14|0|14|21|31|0|14|0|14|0|14|0|14|0|14|0|14|0|14|0|14|0|14|0|14|0|14|0|14|0|14|0|14|0|14|0|14|21|31|0|14|0|14|21|31|0|14|0|14|0|14|0|14|0|14|0|14|0|14|0|14|0|14|0|14|0|14|0|14|0|14|0|14|0|14|0|14|0|14|0|14|0|14|0|14|0|14|0|14|0|14|0|14|0|14|0|14|0|14|0|14|0|14|0|14|0|14|0|14|0|14|0|14|0|14|0|14|0|14|0|14|0|14|0|14|0|14|0|14|0|14|0|14|0|14|0|14|0|14|0|14|0|14|0|14|0|14|0|14|0|14|0|14|0|14|0|14|0|14|0|14|0|14|0|14|0|14|0|14|0|14|0|14|0|14|0|14
1600000US3756710|1130|156|238|108|368|143|167|77|190|81|16|24|75|59|9|13|21|19|46|36|1114|156|230|106|360|142|167|77|190|81|16|24|75|59|9|13|21|19|46|36|1033|158|230|106|298|105|148|78|190|81|16|24|75|59|9|13|21|19|46|36|81|74|0|14|62|61|19|32|0|14|0|14|0|14|0|14|0|14|0|14|17|28|0|14|17|28|0|14|0|14|0|14|0|14|0|14|0|14|0|14|64|71|0|14|45|60|19|32|0|14|0|14|0|14|0|14|0|14|0|14|0|14|0|14|0|14|0|14|0|14|0|14|0|14|0|14|0|14|0|14|0|14|0|14|0|14|0|14|0|14|0|14|0|14|0|14|0|14|0|14|0|14|0|14|0|14|0|14|0|14|0|14|0|14|0|14|0|14|0|14|0|14|0|14|0|14|0|14|0|14|0|14|0|14|0|14|0|14|0|14|0|14|0|14|0|14|0|14|0|14|0|14|0|14|0|14|0|14|0|14|16|18|8|13|8|12|0|14|0|14|0|14|0|14|0|14|0|14|0|14
1600000US3756815|1567|347|414|278|389|139|123|71|215|124|19|27|114|88|250|116|14|31|29|33|1472|305|325|187|383|137|123|71|215|124|19|27|114|88|250|116|14|31|29|33|1463|301|325|187|381|134|123|71|208|125|19|27|114|88|250|116|14|31|29|33|9|24|0|14|2|17|0|14|7|14|0|14|0|14|0|14|0|14|0|14|2|17|0|14|2|17|0|14|0|14|0|14|0|14|0|14|0|14|0|14|7|14|0|14|0|14|0|14|7|14|0|14|0|14|0|14|0|14|0|14|0|14|0|14|0|14|0|14|0|14|0|14|0|14|0|14|0|14|0|14|0|14|0|14|0|14|0|14|0|14|0|14|0|14|0|14|0|14|0|14|0|14|0|14|0|14|0|14|0|14|0|14|0|14|0|14|0|14|0|14|0|14|0|14|0|14|0|14|0|14|0|14|0|14|0|14|0|14|0|14|17|22|11|15|6|11|0|14|0|14|0|14|0|14|0|14|0|14|0|14|78|113|78|113|0|14|0|14|0|14|0|14|0|14|0|14|0|14|0|14
1600000US3756900|5526|511|1848|363|1087|290|656|207|306|155|100|77|399|182|391|294|251|142|488|186|5129|511|1745|363|957|272|617|208|306|155|100|77|314|168|351|294|251|142|488|186|4467|553|1677|355|865|282|410|185|193|103|100|77|284|162|351|294|216|117|371|159|662|229|68|56|92|70|207|128|113|107|0|21|30|37|0|21|35|56|117|122|295|127|68|56|25|32|109|88|28|47|0|21|30|37|0|21|35|56|0|21|367|186|0|21|67|65|98|94|85|95|0|21|0|21|0|21|0|21|117|122|1|3|0|21|1|3|0|21|0|21|0|21|0|21|0|21|0|21|0|21|1|3|0|21|1|3|0|21|0|21|0|21|0|21|0|21|0|21|0|21|0|21|0|21|0|21|0|21|0|21|0|21|0|21|0|21|0|21|0|21|0|21|0|21|0|21|0|21|0|21|0|21|0|21|0|21|0|21|0|21|57|65|29|44|28|44|0|21|0|21|0|21|0|21|0|21|0|21|0|21|339|179|74|66|101|82|39|53|0|21|0|21|85|82|40|39|0|21|0|21
1600000US3757000|724|237|102|83|28|40|134|100|70|61|135|141|113|66|11|14|83|62|48|36|716|237|98|84|28|40|134|100|70|61|135|141|113|66|11|14|83|62|44|36|638|198|93|82|28|40|134|100|70|61|122|133|109|66|11|14|48|41|23|25|78|65|5|12|0|14|0|14|0|14|13|22|4|6|0|14|35|47|21|26|62|60|0|14|0|14|0|14|0|14|13|22|0|14|0|14|35|47|14|22|16|18|5|12|0|14|0|14|0|14|0|14|4|6|0|14|0|14|7|11|0|14|0|14|0|14|0|14|0|14|0|14|0|14|0|14|0|14|0|14|0|14|0|14|0|14|0|14|0|14|0|14|0|14|0|14|0|14|0|14|0|14|0|14|0|14|0|14|0|14|0|14|0|14|0|14|0|14|0|14|0|14|0|14|0|14|0|14|0|14|0|14|0|14|0|14|0|14|0|14|4|7|4|7|0|14|0|14|0|14|0|14|0|14|0|14|0|14|0|14|4|6|0|14|0|14|0|14|0|14|0|14|0|14|0|14|0|14|4|6
1600000US3757020|156|89|83|57|27|32|13|21|0|14|12|24|5|10|3|7|11|22|2|3|126|75|73|55|7|12|13|21|0|14|12|24|5|10|3|7|11|22|2|3|126|75|73|55|7|12|13|21|0|14|12|24|5|10|3|7|11|22|2|3|0|14|0|14|0|14|0|14|0|14|0|14|0|14|0|14|0|14|0|14|0|14|0|14|0|14|0|14|0|14|0|14|0|14|0|14|0|14|0|14|0|14|0|14|0|14|0|14|0|14|0|14|0|14|0|14|0|14|0|14|0|14|0|14|0|14|0|14|0|14|0|14|0|14|0|14|0|14|0|14|0|14|0|14|0|14|0|14|0|14|0|14|0|14|0|14|0|14|0|14|0|14|0|14|0|14|0|14|0|14|0|14|0|14|0|14|0|14|0|14|0|14|0|14|0|14|0|14|0|14|0|14|0|14|0|14|0|14|0|14|30|32|10|12|20|29|0|14|0|14|0|14|0|14|0|14|0|14|0|14|0|14|0|14|0|14|0|14|0|14|0|14|0|14|0|14|0|14|0|14
1600000US3757039|34|37|8|13|13|19|0|14|0|14|0|14|0|14|0|14|0|14|13|21|34|37|8|13|13|19|0|14|0|14|0|14|0|14|0|14|0|14|13|21|34|37|8|13|13|19|0|14|0|14|0|14|0|14|0|14|0|14|13|21|0|14|0|14|0|14|0|14|0|14|0|14|0|14|0|14|0|14|0|14|0|14|0|14|0|14|0|14|0|14|0|14|0|14|0|14|0|14|0|14|0|14|0|14|0|14|0|14|0|14|0|14|0|14|0|14|0|14|0|14|0|14|0|14|0|14|0|14|0|14|0|14|0|14|0|14|0|14|0|14|0|14|0|14|0|14|0|14|0|14|0|14|0|14|0|14|0|14|0|14|0|14|0|14|0|14|0|14|0|14|0|14|0|14|0|14|0|14|0|14|0|14|0|14|0|14|0|14|0|14|0|14|0|14|0|14|0|14|0|14|0|14|0|14|0|14|0|14|0|14|0|14|0|14|0|14|0|14|0|14|0|14|0|14|0|14|0|14|0|14|0|14|0|14|0|14|0|14|0|14
1600000US3757100|453|162|70|41|24|28|45|43|115|100|3|6|78|60|22|20|18|17|78|70|436|161|54|37|24|28|45|43|114|100|3|6|78|60|22|20|18|17|78|70|377|148|45|36|19|26|43|44|114|100|3|6|78|60|13|14|18|17|44|50|59|50|9|12|5|12|2|9|0|14|0|14|0|14|9|16|0|14|34|48|55|50|5|8|5|12|2|9|0|14|0|14|0|14|9|16|0|14|34|48|4|8|4|8|0|14|0|14|0|14|0|14|0|14|0|14|0|14|0|14|1|8|0|14|0|14|0|14|1|8|0|14|0|14|0|14|0|14|0|14|1|8|0|14|0|14|0|14|1|8|0|14|0|14|0|14|0|14|0|14|0|14|0|14|0|14|0|14|0|14|0|14|0|14|0|14|0|14|0|14|0|14|0|14|0|14|0|14|0|14|0|14|0|14|0|14|0|14|0|14|16|25|16|25|0|14|0|14|0|14|0|14|0|14|0|14|0|14|0|14|0|14|0|14|0|14|0|14|0|14|0|14|0|14|0|14|0|14|0|14
1600000US3757200|1420|250|7|11|207|132|109|71|159|91|162|88|437|149|156|86|89|68|94|75|1420|250|7|11|207|132|109|71|159|91|162|88|437|149|156|86|89|68|94|75|1226|215|7|11|118|82|54|49|148|90|123|74|437|149|156|86|89|68|94|75|194|124|0|14|89|107|55|56|11|18|39|44|0|14|0|14|0|14|0|14|183|129|0|14|89|107|55|56|0|14|39|44|0|14|0|14|0|14|0|14|11|18|0|14|0|14|0|14|11|18|0|14|0|14|0|14|0|14|0|14|0|14|0|14|0|14|0|14|0|14|0|14|0|14|0|14|0|14|0|14|0|14|0|14|0|14|0|14|0|14|0|14|0|14|0|14|0|14|0|14|0|14|0|14|0|14|0|14|0|14|0|14|0|14|0|14|0|14|0|14|0|14|0|14|0|14|0|14|0|14|0|14|0|14|0|14|0|14|0|14|0|14|0|14|0|14|0|14|0|14|0|14|0|14|0|14|0|14|0|14|0|14|0|14|0|14|0|14|0|14|0|14|0|14|0|14|0|14|0|14
1600000US3757260|3249|436|781|287|327|140|665|266|315|142|332|199|337|118|193|91|72|57|227|125|3184|428|716|276|327|140|665|266|315|142|332|199|337|118|193|91|72|57|227|125|2868|465|604|231|236|119|600|258|309|143|299|194|337|118|184|88|72|57|227|125|316|205|112|139|91|64|65|101|6|11|33|56|0|19|9|16|0|19|0|19|241|184|73|118|55|47|65|101|6|11|33|56|0|19|9|16|0|19|0|19|75|72|39|64|36|41|0|19|0|19|0|19|0|19|0|19|0|19|0|19|0|19|0|19|0|19|0|19|0|19|0|19|0|19|0|19|0|19|0|19|0|19|0|19|0|19|0|19|0|19|0|19|0|19|0|19|0|19|0|19|0|19|0|19|0|19|0|19|0|19|0|19|0|19|0|19|0|19|0|19|0|19|0|19|0|19|0|19|0|19|0|19|0|19|0|19|0|19|0|19|65|66|65|66|0|19|0|19|0|19|0|19|0|19|0|19|0|19|0|19|0|19|0|19|0|19|0|19|0|19|0|19|0|19|0|19|0|19|0|19
1600000US3757340|1144|303|214|86|76|48|167|83|198|96|106|67|143|77|57|42|115|66|68|45|1129|296|214|86|76|48|167|83|198|96|106|67|143|77|57|42|115|66|53|36|1041|274|200|83|76|48|127|77|185|92|96|64|137|77|57|42|115|66|48|35|88|58|14|23|0|14|40|32|13|24|10|15|6|9|0|14|0|14|5|9|71|51|14|23|0|14|34|30|13|24|10|15|0|14|0|14|0|14|0|14|17|27|0|14|0|14|6|10|0|14|0|14|6|9|0|14|0|14|5|9|0|14|0|14|0|14|0|14|0|14|0|14|0|14|0|14|0|14|0|14|0|14|0|14|0|14|0|14|0|14|0|14|0|14|0|14|0|14|0|14|0|14|0|14|0|14|0|14|0|14|0|14|0|14|0|14|0|14|0|14|0|14|0|14|0|14|0|14|0|14|0|14|0|14|0|14|0|14|0|14|0|14|0|14|0|14|0|14|0|14|0|14|0|14|0|14|0|14|0|14|15|29|0|14|0|14|0|14|0|14|0|14|0|14|0|14|0|14|15|29
1600000US3757500|21388|1016|3788|627|4860|604|3978|573|2308|613|1177|288|1965|457|965|324|1076|306|1271|338|20467|1016|3474|590|4767|608|3720|579|2308|613|1169|281|1822|423|950|325|1007|291|1250|336|18703|1060|3113|589|4371|576|3488|585|2063|557|971|238|1700|435|904|312|894|271|1199|322|1764|425|361|180|396|221|232|134|245|164|198|149|122|106|46|56|113|79|51|57|1088|316|214|130|234|127|127|100|144|118|110|139|101|83|46|56|67|66|45|54|676|289|147|160|162|157|105|95|101|116|88|88|21|41|0|32|46|47|6|17|239|177|48|62|7|15|27|41|0|32|0|32|136|163|0|32|0|32|21|32|239|177|48|62|7|15|27|41|0|32|0|32|136|163|0|32|0|32|21|32|0|32|0|32|0|32|0|32|0|32|0|32|0|32|0|32|0|32|0|32|0|32|0|32|0|32|0|32|0|32|0|32|0|32|0|32|0|32|0|32|129|77|82|56|14|24|10|23|0|32|8|19|0|32|15|29|0|32|0|32|553|237|184|166|72|50|221|152|0|32|0|32|7|12|0|32|69|89|0|32
1600000US3757540|457|146|34|41|28|34|63|42|45|49|47|41|149|95|26|38|13|26|52|55|453|145|34|41|28|34|63|42|41|49|47|41|149|95|26|38|13|26|52|55|350|133|23|36|28|34|63|42|14|30|47|41|149|95|0|14|13|26|13|15|103|76|11|23|0|14|0|14|27|43|0|14|0|14|26|38|0|14|39|56|66|69|0|14|0|14|0|14|27|43|0|14|0|14|0|14|0|14|39|56|37|45|11|23|0|14|0|14|0|14|0|14|0|14|26|38|0|14|0|14|0|14|0|14|0|14|0|14|0|14|0|14|0|14|0|14|0|14|0|14|0|14|0|14|0|14|0|14|0|14|0|14|0|14|0|14|0|14|0|14|0|14|0|14|0|14|0|14|0|14|0|14|0|14|0|14|0|14|0|14|0|14|0|14|0|14|0|14|0|14|0|14|0|14|0|14|0|14|0|14|4|6|0|14|0|14|0|14|4|6|0|14|0|14|0|14|0|14|0|14|0|14|0|14|0|14|0|14|0|14|0|14|0|14|0|14|0|14|0|14
1600000US3757580|651|396|153|98|0|14|139|123|63|56|0|14|268|188|0|14|0|14|28|42|394|234|60|37|0|14|139|123|0|14|0|14|167|125|0|14|0|14|28|42|394|234|60|37|0|14|139|123|0|14|0|14|167|125|0|14|0|14|28|42|0|14|0|14|0|14|0|14|0|14|0|14|0|14|0|14|0|14|0|14|0|14|0|14|0|14|0|14|0|14|0|14|0|14|0|14|0|14|0|14|0|14|0|14|0|14|0|14|0|14|0|14|0|14|0|14|0|14|0|14|0|14|0|14|0|14|0|14|0|14|0|14|0|14|0|14|0|14|0|14|0|14|0|14|0|14|0|14|0|14|0|14|0|14|0|14|0|14|0|14|0|14|0|14|0|14|0|14|0|14|0|14|0|14|0|14|0|14|0|14|0|14|0|14|0|14|0|14|0|14|0|14|0|14|0|14|0|14|0|14|208|169|44|45|0|14|0|14|63|56|0|14|101|80|0|14|0|14|0|14|49|75|49|75|0|14|0|14|0|14|0|14|0|14|0|14|0|14|0|14
1600000US3757640|3871|408|428|297|224|125|324|167|307|156|177|87|836|330|246|130|1034|329|295|177|3764|383|351|286|224|125|324|167|307|156|177|87|836|330|246|130|1004|324|295|177|3524|346|234|153|224|125|310|166|284|145|177|87|806|324|231|128|963|330|295|177|240|132|117|153|0|21|14|24|23|34|0|21|30|50|15|29|41|47|0|21|225|132|117|153|0|21|14|24|23|34|0|21|30|50|0|21|41|47|0|21|15|29|0|21|0|21|0|21|0|21|0|21|0|21|15|29|0|21|0|21|0|21|0|21|0|21|0|21|0|21|0|21|0|21|0|21|0|21|0|21|0|21|0|21|0|21|0|21|0|21|0|21|0|21|0|21|0|21|0|21|0|21|0|21|0|21|0|21|0|21|0|21|0|21|0|21|0|21|0|21|0|21|0|21|0|21|0|21|0|21|0|21|0|21|0|21|0|21|0|21|13|21|13|21|0|21|0|21|0|21|0|21|0|21|0|21|0|21|0|21|94|113|64|71|0|21|0|21|0|21|0|21|0|21|0|21|30|47|0|21
1600000US3757700|155|71|5|5|13|20|21|13|7|12|36|33|20|19|10|11|12|19|31|25|155|71|5|5|13|20|21|13|7|12|36|33|20|19|10|11|12|19|31|25|137|70|5|5|13|20|18|12|7|12|32|30|19|18|0|14|12|19|31|25|18|16|0|14|0|14|3|6|0|14|4|9|1|3|10|11|0|14|0|14|18|16|0|14|0|14|3|6|0|14|4|9|1|3|10|11|0|14|0|14|0|14|0|14|0|14|0|14|0|14|0|14|0|14|0|14|0|14|0|14|0|14|0|14|0|14|0|14|0|14|0|14|0|14|0|14|0|14|0|14|0|14|0|14|0|14|0|14|0|14|0|14|0|14|0|14|0|14|0|14|0|14|0|14|0|14|0|14|0|14|0|14|0|14|0|14|0|14|0|14|0|14|0|14|0|14|0|14|0|14|0|14|0|14|0|14|0|14|0|14|0|14|0|14|0|14|0|14|0|14|0|14|0|14|0|14|0|14|0|14|0|14|0|14|0|14|0|14|0|14|0|14|0|14|0|14|0|14|0|14
1600000US3757740|60|51|11|18|1|2|16|28|19|26|0|14|0|14|2|3|0|14|11|15|49|46|9|18|1|2|16|28|10|17|0|14|0|14|2|3|0|14|11|15|24|23|2|3|1|2|0|14|10|17|0|14|0|14|2|3|0|14|9|14|25|39|7|17|0|14|16|28|0|14|0|14|0|14|0|14|0|14|2|4|23|37|7|17|0|14|16|28|0|14|0|14|0|14|0|14|0|14|0|14|2|4|0|14|0|14|0|14|0|14|0|14|0|14|0|14|0|14|2|4|0|14|0|14|0|14|0|14|0|14|0|14|0|14|0|14|0|14|0|14|0|14|0|14|0|14|0|14|0|14|0|14|0|14|0|14|0|14|0|14|0|14|0|14|0|14|0|14|0|14|0|14|0|14|0|14|0|14|0|14|0|14|0|14|0|14|0|14|0|14|0|14|0|14|0|14|0|14|0|14|2|3|2|3|0|14|0|14|0|14|0|14|0|14|0|14|0|14|0|14|9|20|0|14|0|14|0|14|9|20|0|14|0|14|0|14|0|14|0|14
1600000US3757800|358|128|73|47|10|13|21|20|96|80|10|16|34|25|21|21|71|45|22|21|358|128|73|47|10|13|21|20|96|80|10|16|34|25|21|21|71|45|22|21|329|123|73|47|10|13|14|16|96|80|10|16|27|23|20|21|57|38|22|21|29|28|0|14|0|14|7|11|0|14|0|14|7|10|1|3|14|24|0|14|28|28|0|14|0|14|7|11|0|14|0|14|7|10|0|14|14|24|0|14|1|3|0|14|0|14|0|14|0|14|0|14|0|14|1|3|0|14|0|14|0|14|0|14|0|14|0|14|0|14|0|14|0|14|0|14|0|14|0|14|0|14|0|14|0|14|0|14|0|14|0|14|0|14|0|14|0|14|0|14|0|14|0|14|0|14|0|14|0|14|0|14|0|14|0|14|0|14|0|14|0|14|0|14|0|14|0|14|0|14|0|14|0|14|0|14|0|14|0|14|0|14|0|14|0|14|0|14|0|14|0|14|0|14|0|14|0|14|0|14|0|14|0|14|0|14|0|14|0|14|0|14|0|14|0|14|0|14|0|14
1600000US3757860|516|164|135|79|91|43|127|62|25|16|21|29|7|12|29|27|38|25|43|28|508|160|135|79|91|43|127|62|25|16|21|29|7|12|29|27|30|22|43|28|426|149|135|79|84|40|98|62|25|16|21|29|0|14|19|21|15|12|29|17|82|56|0|14|7|9|29|28|0|14|0|14|7|12|10|14|15|19|14|22|37|41|0|14|7|9|11|17|0|14|0|14|7|12|0|14|0|14|12|21|45|36|0|14|0|14|18|21|0|14|0|14|0|14|10|14|15|19|2|5|0|14|0|14|0|14|0|14|0|14|0|14|0|14|0|14|0|14|0|14|0|14|0|14|0|14|0|14|0|14|0|14|0|14|0|14|0|14|0|14|0|14|0|14|0|14|0|14|0|14|0|14|0|14|0|14|0|14|0|14|0|14|0|14|0|14|0|14|0|14|0|14|0|14|0|14|0|14|0|14|0|14|0|14|0|14|0|14|0|14|0|14|0|14|0|14|0|14|0|14|8|13|0|14|0|14|0|14|0|14|0|14|0|14|0|14|8|13|0|14
1600000US3758020|309|153|25|33|13|12|127|132|81|55|6|7|24|28|0|14|17|18|16|19|309|153|25|33|13|12|127|132|81|55|6|7|24|28|0|14|17|18|16|19|188|77|25|33|8|9|31|29|66|43|5|7|24|28|0|14|17|18|12|17|121|130|0|14|5|9|96|126|15|30|1|3|0|14|0|14|0|14|4|7|24|30|0|14|5|9|0|14|15|30|0|14|0|14|0|14|0|14|4|7|97|126|0|14|0|14|96|126|0|14|1|3|0|14|0|14|0|14|0|14|0|14|0|14|0|14|0|14|0|14|0|14|0|14|0|14|0|14|0|14|0|14|0|14|0|14|0|14|0|14|0|14|0|14|0|14|0|14|0|14|0|14|0|14|0|14|0|14|0|14|0|14|0|14|0|14|0|14|0|14|0|14|0|14|0|14|0|14|0|14|0|14|0|14|0|14|0|14|0|14|0|14|0|14|0|14|0|14|0|14|0|14|0|14|0|14|0|14|0|14|0|14|0|14|0|14|0|14|0|14|0|14|0|14|0|14|0|14|0|14
1600000US3758040|167|146|0|14|0|14|36|44|0|14|47|75|28|32|0|14|56|67|0|14|167|146|0|14|0|14|36|44|0|14|47|75|28|32|0|14|56|67|0|14|167|146|0|14|0|14|36|44|0|14|47|75|28|32|0|14|56|67|0|14|0|14|0|14|0|14|0|14|0|14|0|14|0|14|0|14|0|14|0|14|0|14|0|14|0|14|0|14|0|14|0|14|0|14|0|14|0|14|0|14|0|14|0|14|0|14|0|14|0|14|0|14|0|14|0|14|0|14|0|14|0|14|0|14|0|14|0|14|0|14|0|14|0|14|0|14|0|14|0|14|0|14|0|14|0|14|0|14|0|14|0|14|0|14|0|14|0|14|0|14|0|14|0|14|0|14|0|14|0|14|0|14|0|14|0|14|0|14|0|14|0|14|0|14|0|14|0|14|0|14|0|14|0|14|0|14|0|14|0|14|0|14|0|14|0|14|0|14|0|14|0|14|0|14|0|14|0|14|0|14|0|14|0|14|0|14|0|14|0|14|0|14|0|14|0|14|0|14|0|14
1600000US3758140|239|58|55|26|16|17|36|19|50|24|8|11|31|21|3|4|11|12|29|22|200|53|40|23|16|17|32|19|50|24|8|11|23|17|3|4|11|12|17|16|194|54|40|23|16|17|26|16|50|24|8|11|23|17|3|4|11|12|17|16|6|9|0|14|0|14|6|9|0|14|0|14|0|14|0|14|0|14|0|14|6|9|0|14|0|14|6|9|0|14|0|14|0|14|0|14|0|14|0|14|0|14|0|14|0|14|0|14|0|14|0|14|0|14|0|14|0|14|0|14|4|7|0|14|0|14|0|14|0|14|0|14|0|14|0|14|0|14|4|7|4|7|0|14|0|14|0|14|0|14|0|14|0|14|0|14|0|14|4|7|0|14|0|14|0|14|0|14|0|14|0|14|0|14|0|14|0|14|0|14|0|14|0|14|0|14|0|14|0|14|0|14|0|14|0|14|0|14|0|14|0|14|0|14|0|14|0|14|0|14|0|14|0|14|0|14|0|14|0|14|35|28|15|18|0|14|4|7|0|14|0|14|8|12|0|14|0|14|8|13
1600000US3758160|2883|364|632|235|414|251|320|186|77|45|159|142|427|205|47|65|535|218|272|129|2642|369|512|197|367|224|320|186|35|45|159|142|395|207|47|65|535|218|272|129|2346|392|491|193|241|155|320|186|35|45|159|142|329|202|47|65|472|232|252|124|296|178|21|40|126|162|0|19|0|19|0|19|66|77|0|19|63|88|20|35|296|178|21|40|126|162|0|19|0|19|0|19|66|77|0|19|63|88|20|35|0|19|0|19|0|19|0|19|0|19|0|19|0|19|0|19|0|19|0|19|47|124|0|19|47|124|0|19|0|19|0|19|0|19|0|19|0|19|0|19|47|124|0|19|47|124|0|19|0|19|0|19|0|19|0|19|0|19|0|19|0|19|0|19|0|19|0|19|0|19|0|19|0|19|0|19|0|19|0|19|0|19|0|19|0|19|0|19|0|19|0|19|0|19|0|19|0|19|0|19|114|150|114|150|0|19|0|19|0|19|0|19|0|19|0|19|0|19|0|19|80|35|6|16|0|19|0|19|42|9|0|19|32|29|0|19|0|19|0|19
1600000US3758180|108|78|20|18|14|20|17|21|13|22|8|9|12|16|14|15|0|14|10|17|108|78|20|18|14|20|17|21|13|22|8|9|12|16|14|15|0|14|10|17|101|78|13|12|14|20|17|21|13|22|8|9|12|16|14|15|0|14|10|17|7|13|7|13|0|14|0|14|0|14|0|14|0|14|0|14|0|14|0|14|7|13|7|13|0|14|0|14|0|14|0|14|0|14|0|14|0|14|0|14|0|14|0|14|0|14|0|14|0|14|0|14|0|14|0|14|0|14|0|14|0|14|0|14|0|14|0|14|0|14|0|14|0|14|0|14|0|14|0|14|0|14|0|14|0|14|0|14|0|14|0|14|0|14|0|14|0|14|0|14|0|14|0|14|0|14|0|14|0|14|0|14|0|14|0|14|0|14|0|14|0|14|0|14|0|14|0|14|0|14|0|14|0|14|0|14|0|14|0|14|0|14|0|14|0|14|0|14|0|14|0|14|0|14|0|14|0|14|0|14|0|14|0|14|0|14|0|14|0|14|0|14|0|14|0|14|0|14|0|14
1600000US3758260|1695|484|47|49|100|69|214|150|486|244|338|238|246|126|76|62|92|75|96|82|1695|484|47|49|100|69|214|150|486|244|338|238|246|126|76|62|92|75|96|82|1542|462|47|49|77|58|174|139|412|245|338|238|246|126|76|62|76|71|96|82|153|152|0|14|23|33|40|51|74|107|0|14|0|14|0|14|16|27|0|14|137|149|0|14|23|33|40|51|74|107|0|14|0|14|0|14|0|14|0|14|16|27|0|14|0|14|0|14|0|14|0|14|0|14|0|14|16|27|0|14|0|14|0|14|0|14|0|14|0|14|0|14|0|14|0|14|0|14|0|14|0|14|0|14|0|14|0|14|0|14|0|14|0|14|0|14|0|14|0|14|0|14|0|14|0|14|0|14|0|14|0|14|0|14|0|14|0|14|0|14|0|14|0|14|0|14|0|14|0|14|0|14|0|14|0|14|0|14|0|14|0|14|0|14|0|14|0|14|0|14|0|14|0|14|0|14|0|14|0|14|0|14|0|14|0|14|0|14|0|14|0|14|0|14|0|14|0|14|0|14
1600000US3758340|222|205|27|42|0|14|0|14|76|85|0|14|81|113|5|8|0|14|33|39|222|205|27|42|0|14|0|14|76|85|0|14|81|113|5|8|0|14|33|39|210|202|27|42|0|14|0|14|76|85|0|14|81|113|5|8|0|14|21|23|12|19|0|14|0|14|0|14|0|14|0|14|0|14|0|14|0|14|12|19|0|14|0|14|0|14|0|14|0|14|0|14|0|14|0|14|0|14|0|14|12|19|0|14|0|14|0|14|0|14|0|14|0|14|0|14|0|14|12|19|0|14|0|14|0|14|0|14|0|14|0|14|0|14|0|14|0|14|0|14|0|14|0|14|0|14|0|14|0|14|0|14|0|14|0|14|0|14|0|14|0|14|0|14|0|14|0|14|0|14|0|14|0|14|0|14|0|14|0|14|0|14|0|14|0|14|0|14|0|14|0|14|0|14|0|14|0|14|0|14|0|14|0|14|0|14|0|14|0|14|0|14|0|14|0|14|0|14|0|14|0|14|0|14|0|14|0|14|0|14|0|14|0|14|0|14|0|14|0|14
1600000US3758360|1308|245|108|81|167|99|235|138|231|133|139|91|134|90|14|23|57|55|223|118|1308|245|108|81|167|99|235|138|231|133|139|91|134|90|14|23|57|55|223|118|1158|256|108|81|167|99|195|136|205|120|124|90|119|90|14|23|57|55|169|119|150|93|0|14|0|14|40|37|26|41|15|25|15|23|0|14|0|14|54|55|135|84|0|14|0|14|40|37|26|41|15|25|0|14|0|14|0|14|54|55|15|23|0|14|0|14|0|14|0|14|0|14|15|23|0|14|0|14|0|14|0|14|0|14|0|14|0|14|0|14|0|14|0|14|0|14|0|14|0|14|0|14|0|14|0|14|0|14|0|14|0|14|0|14|0|14|0|14|0|14|0|14|0|14|0|14|0|14|0|14|0|14|0|14|0|14|0|14|0|14|0|14|0|14|0|14|0|14|0|14|0|14|0|14|0|14|0|14|0|14|0|14|0|14|0|14|0|14|0|14|0|14|0|14|0|14|0|14|0|14|0|14|0|14|0|14|0|14|0|14|0|14|0|14|0|14|0|14|0|14
1600000US3758420|195|70|29|18|60|27|21|14|6|6|17|17|16|20|3|5|22|21|21|19|191|70|28|18|57|27|21|14|6|6|17|17|16|20|3|5|22|21|21|19|166|70|26|18|40|24|20|15|6|6|17|17|16|20|3|5|17|19|21|19|25|24|2|3|17|21|1|2|0|14|0|14|0|14|0|14|5|10|0|14|25|24|2|3|17|21|1|2|0|14|0|14|0|14|0|14|5|10|0|14|0|14|0|14|0|14|0|14|0|14|0|14|0|14|0|14|0|14|0|14|0|14|0|14|0|14|0|14|0|14|0|14|0|14|0|14|0|14|0|14|0|14|0|14|0|14|0|14|0|14|0|14|0|14|0|14|0|14|0|14|0|14|0|14|0|14|0|14|0|14|0|14|0|14|0|14|0|14|0|14|0|14|0|14|0|14|0|14|0|14|0|14|0|14|0|14|0|14|0|14|1|3|1|3|0|14|0|14|0|14|0|14|0|14|0|14|0|14|0|14|3|5|0|14|3|5|0|14|0|14|0|14|0|14|0|14|0|14|0|14
1600000US3758440|709|230|104|69|47|39|190|77|156|87|86|79|13|14|33|50|25|28|55|50|689|228|104|69|47|39|190|77|136|81|86|79|13|14|33|50|25|28|55|50|669|225|104|69|47|39|175|71|131|79|86|79|13|14|33|50|25|28|55|50|20|28|0|14|0|14|15|25|5|9|0|14|0|14|0|14|0|14|0|14|15|25|0|14|0|14|15|25|0|14|0|14|0|14|0|14|0|14|0|14|5|9|0|14|0|14|0|14|5|9|0|14|0|14|0|14|0|14|0|14|0|14|0|14|0|14|0|14|0|14|0|14|0|14|0|14|0|14|0|14|0|14|0|14|0|14|0|14|0|14|0|14|0|14|0|14|0|14|0|14|0|14|0|14|0|14|0|14|0|14|0|14|0|14|0|14|0|14|0|14|0|14|0|14|0|14|0|14|0|14|0|14|0|14|0|14|0|14|0|14|0|14|0|14|0|14|0|14|0|14|0|14|0|14|0|14|0|14|0|14|20|32|0|14|0|14|0|14|20|32|0|14|0|14|0|14|0|14|0|14
1600000US3758460|1318|198|332|148|300|115|163|91|102|94|25|42|45|48|180|112|22|22|149|105|1318|198|332|148|300|115|163|91|102|94|25|42|45|48|180|112|22|22|149|105|1113|200|299|153|263|107|130|72|47|51|25|42|45|48|168|115|12|14|124|101|205|132|33|46|37|39|33|39|55|82|0|14|0|14|12|18|10|17|25|27|176|118|19|25|37|39|18|26|55|82|0|14|0|14|12|18|10|17|25|27|29|34|14|25|0|14|15|25|0|14|0|14|0|14|0|14|0|14|0|14|0|14|0|14|0|14|0|14|0|14|0|14|0|14|0|14|0|14|0|14|0|14|0|14|0|14|0|14|0|14|0|14|0|14|0|14|0|14|0|14|0|14|0|14|0|14|0|14|0|14|0|14|0|14|0|14|0|14|0|14|0|14|0|14|0|14|0|14|0|14|0|14|0|14|0|14|0|14|0|14|0|14|0|14|0|14|0|14|0|14|0|14|0|14|0|14|0|14|0|14|0|14|0|14|0|14|0|14|0|14|0|14|0|14|0|14|0|14|0|14
1600000US3758620|218|77|25|18|27|36|27|18|16|18|27|24|68|35|16|12|12|12|0|14|215|77|25|18|27|36|27|18|16|18|27|24|65|35|16|12|12|12|0|14|189|62|25|18|13|12|25|18|14|17|27|24|65|35|12|9|8|9|0|14|26|36|0|14|14|34|2|3|2|4|0|14|0|14|4|7|4|5|0|14|26|36|0|14|14|34|2|3|2|4|0|14|0|14|4|7|4|5|0|14|0|14|0|14|0|14|0|14|0|14|0|14|0|14|0|14|0|14|0|14|0|14|0|14|0|14|0|14|0|14|0|14|0|14|0|14|0|14|0|14|0|14|0|14|0|14|0|14|0|14|0|14|0|14|0|14|0|14|0|14|0|14|0|14|0|14|0|14|0|14|0|14|0|14|0|14|0|14|0|14|0|14|0|14|0|14|0|14|0|14|0|14|0|14|0|14|0|14|0|14|0|14|0|14|0|14|0|14|0|14|0|14|0|14|0|14|0|14|0|14|3|5|0|14|0|14|0|14|0|14|0|14|3|5|0|14|0|14|0|14
1600000US3758630|872|313|27|43|92|93|197|142|56|60|91|104|16|29|39|45|30|33|324|275|648|250|0|19|92|93|197|142|56|60|91|104|16|29|39|45|30|33|127|88|570|234|0|19|70|68|197|142|56|60|91|104|16|29|39|45|30|33|71|70|78|68|0|19|22|36|0|19|0|19|0|19|0|19|0|19|0|19|56|61|48|49|0|19|22|36|0|19|0|19|0|19|0|19|0|19|0|19|26|38|30|44|0|19|0|19|0|19|0|19|0|19|0|19|0|19|0|19|30|44|197|264|0|19|0|19|0|19|0|19|0|19|0|19|0|19|0|19|197|264|0|19|0|19|0|19|0|19|0|19|0|19|0|19|0|19|0|19|0|19|0|19|0|19|0|19|0|19|0|19|0|19|0|19|0|19|0|19|0|19|197|264|0|19|0|19|0|19|0|19|0|19|0|19|0|19|0|19|197|264|0|19|0|19|0|19|0|19|0|19|0|19|0|19|0|19|0|19|0|19|27|43|27|43|0|19|0|19|0|19|0|19|0|19|0|19|0|19|0|19
1600000US3758720|707|165|121|51|52|33|127|62|130|77|56|37|73|52|51|31|41|25|56|36|678|164|116|50|46|33|116|61|130|77|56|37|73|52|51|31|41|25|49|33|632|162|110|49|37|28|109|60|130|77|56|37|69|51|51|31|41|25|29|23|46|32|6|10|9|15|7|9|0|14|0|14|4|7|0|14|0|14|20|24|17|18|2|5|9|15|2|4|0|14|0|14|4|7|0|14|0|14|0|14|29|28|4|8|0|14|5|8|0|14|0|14|0|14|0|14|0|14|20|24|0|14|0|14|0|14|0|14|0|14|0|14|0|14|0|14|0|14|0|14|0|14|0|14|0|14|0|14|0|14|0|14|0|14|0|14|0|14|0|14|0|14|0|14|0|14|0|14|0|14|0|14|0|14|0|14|0|14|0|14|0|14|0|14|0|14|0|14|0|14|0|14|0|14|0|14|0|14|0|14|11|12|5|8|6|9|0|14|0|14|0|14|0|14|0|14|0|14|0|14|18|18|0|14|0|14|11|13|0|14|0|14|0|14|0|14|0|14|7|11
1600000US3758730|4109|627|350|176|739|267|1380|372|527|200|275|177|190|100|216|137|244|155|188|98|4060|616|350|176|739|267|1331|362|527|200|275|177|190|100|216|137|244|155|188|98|3814|592|350|176|665|261|1216|348|527|200|275|177|170|91|216|137|235|151|160|88|246|138|0|19|74|78|115|85|0|19|0|19|20|32|0|19|9|20|28|34|126|83|0|19|30|47|48|52|0|19|0|19|20|32|0|19|0|19|28|34|120|103|0|19|44|61|67|58|0|19|0|19|0|19|0|19|9|20|0|19|0|19|0|19|0|19|0|19|0|19|0|19|0|19|0|19|0|19|0|19|0|19|0|19|0|19|0|19|0|19|0|19|0|19|0|19|0|19|0|19|0|19|0|19|0|19|0|19|0|19|0|19|0|19|0|19|0|19|0|19|0|19|0|19|0|19|0|19|0|19|0|19|0|19|0|19|0|19|0|19|0|19|0|19|0|19|0|19|0|19|0|19|0|19|0|19|0|19|0|19|49|73|0|19|0|19|49|73|0|19|0|19|0|19|0|19|0|19|0|19
1600000US3758740|952|253|141|82|241|121|203|100|115|110|41|43|47|46|38|47|87|82|39|41|942|253|131|81|241|121|203|100|115|110|41|43|47|46|38|47|87|82|39|41|736|196|88|61|234|121|141|78|50|40|41|43|47|46|38|47|70|77|27|30|206|135|43|52|7|12|62|69|65|104|0|14|0|14|0|14|17|27|12|21|153|128|43|52|0|14|33|52|65|104|0|14|0|14|0|14|0|14|12|21|53|59|0|14|7|12|29|52|0|14|0|14|0|14|0|14|17|27|0|14|0|14|0|14|0|14|0|14|0|14|0|14|0|14|0|14|0|14|0|14|0|14|0|14|0|14|0|14|0|14|0|14|0|14|0|14|0|14|0|14|0|14|0|14|0|14|0|14|0|14|0|14|0|14|0|14|0|14|0|14|0|14|0|14|0|14|0|14|0|14|0|14|0|14|0|14|0|14|0|14|10|16|10|16|0|14|0|14|0|14|0|14|0|14|0|14|0|14|0|14|0|14|0|14|0|14|0|14|0|14|0|14|0|14|0|14|0|14|0|14
1600000US3758840|205|88|26|31|1|2|57|39|36|30|0|14|18|16|5|7|53|44|9|9|205|88|26|31|1|2|57|39|36|30|0|14|18|16|5|7|53|44|9|9|193|88|26|31|0|14|57|39|35|30|0|14|14|15|5|7|50|43|6|8|12|9|0|14|1|2|0|14|1|3|0|14|4|7|0|14|3|3|3|5|7|8|0|14|0|14|0|14|0|14|0|14|4|7|0|14|0|14|3|5|5|5|0|14|1|2|0|14|1|3|0|14|0|14|0|14|3|3|0|14|0|14|0|14|0|14|0|14|0|14|0|14|0|14|0|14|0|14|0|14|0|14|0|14|0|14|0|14|0|14|0|14|0|14|0|14|0|14|0|14|0|14|0|14|0|14|0|14|0|14|0|14|0|14|0|14|0|14|0|14|0|14|0|14|0|14|0|14|0|14|0|14|0|14|0|14|0|14|0|14|0|14|0|14|0|14|0|14|0|14|0|14|0|14|0|14|0|14|0|14|0|14|0|14|0|14|0|14|0|14|0|14|0|14|0|14|0|14|0|14
1600000US3758860|13316|845|2954|535|2377|468|2241|516|1080|304|1088|439|1120|339|712|252|982|309|762|321|12244|894|2789|540|2080|430|2129|533|967|290|1088|439|864|311|708|251|961|306|658|288|10541|954|2386|531|1883|413|2025|521|714|271|889|396|776|300|576|227|854|287|438|247|1703|439|403|190|197|111|104|75|253|151|199|169|88|100|132|115|107|83|220|167|1264|343|251|119|112|82|104|75|201|158|176|164|78|101|74|83|100|79|168|151|439|291|152|141|85|88|0|29|52|83|23|38|10|17|58|82|7|13|52|71|283|249|0|29|0|29|0|29|0|29|0|29|200|174|0|29|0|29|83|101|115|139|0|29|0|29|0|29|0|29|0|29|115|139|0|29|0|29|0|29|168|205|0|29|0|29|0|29|0|29|0|29|85|104|0|29|0|29|83|101|0|29|0|29|0|29|0|29|0|29|0|29|0|29|0|29|0|29|0|29|260|147|104|72|63|59|73|74|0|29|0|29|13|21|0|29|0|29|7|11|529|279|61|75|234|208|39|54|113|147|0|29|43|55|4|9|21|23|14|24
1600000US3758920|192|62|46|24|4|5|19|11|19|15|5|6|28|18|26|15|13|16|32|35|173|59|37|22|0|14|19|11|15|14|5|6|28|18|26|15|13|16|30|35|131|45|25|21|0|14|19|11|15|14|5|6|26|18|26|15|13|16|2|4|42|38|12|11|0|14|0|14|0|14|0|14|2|3|0|14|0|14|28|35|37|38|12|11|0|14|0|14|0|14|0|14|0|14|0|14|0|14|25|35|5|6|0|14|0|14|0|14|0|14|0|14|2|3|0|14|0|14|3|4|0|14|0|14|0|14|0|14|0|14|0|14|0|14|0|14|0|14|0|14|0|14|0|14|0|14|0|14|0|14|0|14|0|14|0|14|0|14|0|14|0|14|0|14|0|14|0|14|0|14|0|14|0|14|0|14|0|14|0|14|0|14|0|14|0|14|0|14|0|14|0|14|0|14|0|14|0|14|0|14|15|13|9|8|2|4|0|14|4|6|0|14|0|14|0|14|0|14|0|14|4|5|0|14|2|4|0|14|0|14|0|14|0|14|0|14|0|14|2|4
1600000US3758940|65|60|34|44|0|14|0|14|0|14|0|14|12|21|0|14|19|38|0|14|53|60|34|44|0|14|0|14|0|14|0|14|0|14|0|14|19|38|0|14|53|60|34|44|0|14|0|14|0|14|0|14|0|14|0|14|19|38|0|14|0|14|0|14|0|14|0|14|0|14|0|14|0|14|0|14|0|14|0|14|0|14|0|14|0|14|0|14|0|14|0|14|0|14|0|14|0|14|0|14|0|14|0|14|0|14|0|14|0|14|0|14|0|14|0|14|0|14|0|14|0|14|0|14|0|14|0|14|0|14|0|14|0|14|0|14|0|14|0|14|0|14|0|14|0|14|0|14|0|14|0|14|0|14|0|14|0|14|0|14|0|14|0|14|0|14|0|14|0|14|0|14|0|14|0|14|0|14|0|14|0|14|0|14|0|14|0|14|0|14|0|14|0|14|0|14|0|14|0|14|12|21|0|14|0|14|0|14|0|14|0|14|12|21|0|14|0|14|0|14|0|14|0|14|0|14|0|14|0|14|0|14|0|14|0|14|0|14|0|14
1600000US3759090|151|62|7|11|13|13|4|6|22|17|20|22|29|17|18|14|22|17|16|16|151|62|7|11|13|13|4|6|22|17|20|22|29|17|18|14|22|17|16|16|125|49|7|11|13|13|4|6|22|17|9|9|26|16|12|10|16|15|16|16|26|21|0|14|0|14|0|14|0|14|11|16|3|5|6|10|6|7|0|14|23|20|0|14|0|14|0|14|0|14|11|16|0|14|6|10|6|7|0|14|3|5|0|14|0|14|0|14|0|14|0|14|3|5|0|14|0|14|0|14|0|14|0|14|0|14|0|14|0|14|0|14|0|14|0|14|0|14|0|14|0|14|0|14|0|14|0|14|0|14|0|14|0|14|0|14|0|14|0|14|0|14|0|14|0|14|0|14|0|14|0|14|0|14|0|14|0|14|0|14|0|14|0|14|0|14|0|14|0|14|0|14|0|14|0|14|0|14|0|14|0|14|0|14|0|14|0|14|0|14|0|14|0|14|0|14|0|14|0|14|0|14|0|14|0|14|0|14|0|14|0|14|0|14|0|14|0|14|0|14
1600000US3759135|208|96|9|12|2|4|5|6|43|44|15|17|49|40|57|41|23|24|5|6|205|97|9|12|2|4|5|6|43|44|15|17|46|40|57|41|23|24|5|6|202|96|9|12|2|4|5|6|40|43|15|17|46|40|57|41|23|24|5|6|3|5|0|14|0|14|0|14|3|5|0|14|0|14|0|14|0|14|0|14|0|14|0|14|0|14|0|14|0|14|0|14|0|14|0|14|0|14|0|14|3|5|0|14|0|14|0|14|3|5|0|14|0|14|0|14|0|14|0|14|0|14|0|14|0|14|0|14|0|14|0|14|0|14|0|14|0|14|0|14|0|14|0|14|0|14|0|14|0|14|0|14|0|14|0|14|0|14|0|14|0|14|0|14|0|14|0|14|0|14|0|14|0|14|0|14|0|14|0|14|0|14|0|14|0|14|0|14|0|14|0|14|0|14|0|14|0|14|0|14|0|14|0|14|0|14|0|14|0|14|0|14|0|14|0|14|0|14|0|14|3|5|0|14|0|14|0|14|0|14|0|14|3|5|0|14|0|14|0|14
1600000US3759280|12543|689|2750|483|2364|449|2002|360|400|160|400|189|1173|387|1258|310|1236|271|960|306|12263|659|2604|460|2336|448|1965|348|368|158|400|189|1172|389|1258|310|1236|271|924|302|10560|626|2274|423|1971|418|1732|309|257|140|376|191|1062|365|939|236|1079|274|870|297|1703|408|330|163|365|183|233|149|111|101|24|30|110|133|319|163|157|125|54|55|1229|323|313|160|293|166|226|147|46|43|12|24|28|36|257|152|0|29|54|55|474|244|17|28|72|73|7|12|65|87|12|18|82|131|62|65|157|125|0|29|0|29|0|29|0|29|0|29|0|29|0|29|0|29|0|29|0|29|0|29|0|29|0|29|0|29|0|29|0|29|0|29|0|29|0|29|0|29|0|29|0|29|0|29|0|29|0|29|0|29|0|29|0|29|0|29|0|29|0|29|0|29|0|29|0|29|0|29|0|29|0|29|0|29|0|29|0|29|0|29|136|102|107|88|28|45|0|29|0|29|0|29|1|13|0|29|0|29|0|29|144|110|39|43|0|29|37|57|32|54|0|29|0|29|0|29|0|29|36|61
1600000US3759340|111|46|14|15|26|19|18|15|16|14|17|16|5|5|5|8|7|9|3|5|105|45|14|15|26|19|12|12|16|14|17|16|5|5|5|8|7|9|3|5|105|45|14|15|26|19|12|12|16|14|17|16|5|5|5|8|7|9|3|5|0|14|0|14|0|14|0|14|0|14|0|14|0|14|0|14|0|14|0|14|0|14|0|14|0|14|0|14|0|14|0|14|0|14|0|14|0|14|0|14|0|14|0|14|0|14|0|14|0|14|0|14|0|14|0|14|0|14|0|14|0|14|0|14|0|14|0|14|0|14|0|14|0|14|0|14|0|14|0|14|0|14|0|14|0|14|0|14|0|14|0|14|0|14|0|14|0|14|0|14|0|14|0|14|0|14|0|14|0|14|0|14|0|14|0|14|0|14|0|14|0|14|0|14|0|14|0|14|0|14|0|14|0|14|0|14|0|14|0|14|0|14|0|14|0|14|0|14|0|14|0|14|0|14|0|14|0|14|0|14|6|9|0|14|0|14|6|9|0|14|0|14|0|14|0|14|0|14|0|14
1600000US3759540|2278|385|220|120|264|144|372|181|538|178|424|236|249|179|47|34|42|44|122|94|2213|384|220|120|264|144|372|181|538|178|424|236|184|149|47|34|42|44|122|94|2016|346|190|110|228|142|365|179|507|183|358|220|163|144|41|35|42|44|122|94|197|131|30|43|36|47|7|11|31|34|66|101|21|27|6|9|0|19|0|19|114|75|30|43|36|47|7|11|14|14|0|19|21|27|6|9|0|19|0|19|83|104|0|19|0|19|0|19|17|30|66|101|0|19|0|19|0|19|0|19|0|19|0|19|0|19|0|19|0|19|0|19|0|19|0|19|0|19|0|19|0|19|0|19|0|19|0|19|0|19|0|19|0|19|0|19|0|19|0|19|0|19|0|19|0|19|0|19|0|19|0|19|0|19|0|19|0|19|0|19|0|19|0|19|0|19|0|19|0|19|0|19|0|19|0|19|0|19|0|19|0|19|0|19|0|19|0|19|0|19|0|19|0|19|0|19|0|19|0|19|65|111|0|19|0|19|0|19|0|19|0|19|65|111|0|19|0|19|0|19
1600000US3759580|456|180|49|41|0|14|129|80|80|57|43|55|71|45|56|35|0|14|28|38|428|180|49|41|0|14|129|80|80|57|43|55|71|45|56|35|0|14|0|14|409|171|49|41|0|14|110|74|80|57|43|55|71|45|56|35|0|14|0|14|19|26|0|14|0|14|19|26|0|14|0|14|0|14|0|14|0|14|0|14|19|26|0|14|0|14|19|26|0|14|0|14|0|14|0|14|0|14|0|14|0|14|0|14|0|14|0|14|0|14|0|14|0|14|0|14|0|14|0|14|28|38|0|14|0|14|0|14|0|14|0|14|0|14|0|14|0|14|28|38|28|38|0|14|0|14|0|14|0|14|0|14|0|14|0|14|0|14|28|38|0|14|0|14|0|14|0|14|0|14|0|14|0|14|0|14|0|14|0|14|0|14|0|14|0|14|0|14|0|14|0|14|0|14|0|14|0|14|0|14|0|14|0|14|0|14|0|14|0|14|0|14|0|14|0|14|0|14|0|14|0|14|0|14|0|14|0|14|0|14|0|14|0|14|0|14|0|14|0|14
1600000US3759765|116|77|18|26|30|30|26|28|0|14|0|14|5|12|20|22|17|26|0|14|116|77|18|26|30|30|26|28|0|14|0|14|5|12|20|22|17|26|0|14|116|77|18|26|30|30|26|28|0|14|0|14|5|12|20|22|17|26|0|14|0|14|0|14|0|14|0|14|0|14|0|14|0|14|0|14|0|14|0|14|0|14|0|14|0|14|0|14|0|14|0|14|0|14|0|14|0|14|0|14|0|14|0|14|0|14|0|14|0|14|0|14|0|14|0|14|0|14|0|14|0|14|0|14|0|14|0|14|0|14|0|14|0|14|0|14|0|14|0|14|0|14|0|14|0|14|0|14|0|14|0|14|0|14|0|14|0|14|0|14|0|14|0|14|0|14|0|14|0|14|0|14|0|14|0|14|0|14|0|14|0|14|0|14|0|14|0|14|0|14|0|14|0|14|0|14|0|14|0|14|0|14|0|14|0|14|0|14|0|14|0|14|0|14|0|14|0|14|0|14|0|14|0|14|0|14|0|14|0|14|0|14|0|14|0|14|0|14|0|14
1600000US3759780|452|168|51|34|38|34|36|43|0|14|7|13|62|47|125|84|38|42|95|79|422|161|51|34|38|34|6|8|0|14|7|13|62|47|125|84|38|42|95|79|348|128|51|34|19|18|6|8|0|14|7|13|62|47|125|84|13|15|65|71|74|78|0|14|19|30|0|14|0|14|0|14|0|14|0|14|25|38|30|38|19|30|0|14|19|30|0|14|0|14|0|14|0|14|0|14|0|14|0|14|55|73|0|14|0|14|0|14|0|14|0|14|0|14|0|14|25|38|30|38|0|14|0|14|0|14|0|14|0|14|0|14|0|14|0|14|0|14|0|14|0|14|0|14|0|14|0|14|0|14|0|14|0|14|0|14|0|14|0|14|0|14|0|14|0|14|0|14|0|14|0|14|0|14|0|14|0|14|0|14|0|14|0|14|0|14|0|14|0|14|0|14|0|14|0|14|0|14|0|14|30|42|0|14|0|14|30|42|0|14|0|14|0|14|0|14|0|14|0|14|0|14|0|14|0|14|0|14|0|14|0|14|0|14|0|14|0|14|0|14
1600000US3759980|232|90|27|35|24|19|19|19|19|18|18|24|61|44|18|32|9|9|37|39|225|91|27|35|21|18|19|19|15|16|18|24|61|44|18|32|9|9|37|39|193|79|27|35|21|18|19|19|12|15|18|24|52|39|18|32|9|9|17|16|32|42|0|14|0|14|0|14|3|5|0|14|9|18|0|14|0|14|20|35|12|19|0|14|0|14|0|14|3|5|0|14|9|18|0|14|0|14|0|14|20|35|0|14|0|14|0|14|0|14|0|14|0|14|0|14|0|14|20|35|0|14|0|14|0|14|0|14|0|14|0|14|0|14|0|14|0|14|0|14|0|14|0|14|0|14|0|14|0|14|0|14|0|14|0|14|0|14|0|14|0|14|0|14|0|14|0|14|0|14|0|14|0|14|0|14|0|14|0|14|0|14|0|14|0|14|0|14|0|14|0|14|0|14|0|14|0|14|0|14|0|14|0|14|0|14|0|14|0|14|0|14|0|14|0|14|0|14|0|14|7|8|0|14|3|4|0|14|4|7|0|14|0|14|0|14|0|14|0|14
1600000US3760000|750|249|156|118|178|96|55|38|80|55|57|53|101|73|26|31|50|41|47|38|693|223|110|107|178|96|55|38|69|53|57|53|101|73|26|31|50|41|47|38|639|205|110|107|135|95|44|33|69|53|57|53|101|73|26|31|50|41|47|38|54|50|0|14|43|42|11|21|0|14|0|14|0|14|0|14|0|14|0|14|54|50|0|14|43|42|11|21|0|14|0|14|0|14|0|14|0|14|0|14|0|14|0|14|0|14|0|14|0|14|0|14|0|14|0|14|0|14|0|14|0|14|0|14|0|14|0|14|0|14|0|14|0|14|0|14|0|14|0|14|0|14|0|14|0|14|0|14|0|14|0|14|0|14|0|14|0|14|0|14|0|14|0|14|0|14|0|14|0|14|0|14|0|14|0|14|0|14|0|14|0|14|0|14|0|14|0|14|0|14|0|14|0|14|0|14|0|14|0|14|46|45|46|45|0|14|0|14|0|14|0|14|0|14|0|14|0|14|0|14|11|18|0|14|0|14|0|14|11|18|0|14|0|14|0|14|0|14|0|14
1600000US3760080|204|195|10|8|109|177|6|7|24|19|10|14|22|26|5|9|10|11|8|9|201|195|7|7|109|177|6|7|24|19|10|14|22|26|5|9|10|11|8|9|135|102|7|7|52|81|6|7|21|19|5|9|22|26|4|7|10|11|8|9|66|99|0|14|57|99|0|14|3|4|5|10|0|14|1|4|0|14|0|14|64|99|0|14|57|99|0|14|1|3|5|10|0|14|1|4|0|14|0|14|2|3|0|14|0|14|0|14|2|3|0|14|0|14|0|14|0|14|0|14|0|14|0|14|0|14|0|14|0|14|0|14|0|14|0|14|0|14|0|14|0|14|0|14|0|14|0|14|0|14|0|14|0|14|0|14|0|14|0|14|0|14|0|14|0|14|0|14|0|14|0|14|0|14|0|14|0|14|0|14|0|14|0|14|0|14|0|14|0|14|0|14|0|14|0|14|0|14|0|14|3|4|3|4|0|14|0|14|0|14|0|14|0|14|0|14|0|14|0|14|0|14|0|14|0|14|0|14|0|14|0|14|0|14|0|14|0|14|0|14
1600000US3760180|377|154|49|47|9|15|46|26|124|64|10|10|71|52|16|20|40|41|12|18|377|154|49|47|9|15|46|26|124|64|10|10|71|52|16|20|40|41|12|18|336|141|49|47|9|15|37|22|124|64|10|10|41|29|16|20|38|41|12|18|41|37|0|14|0|14|9|14|0|14|0|14|30|35|0|14|2|4|0|14|11|14|0|14|0|14|9|14|0|14|0|14|0|14|0|14|2|4|0|14|30|35|0|14|0|14|0|14|0|14|0|14|30|35|0|14|0|14|0|14|0|14|0|14|0|14|0|14|0|14|0|14|0|14|0|14|0|14|0|14|0|14|0|14|0|14|0|14|0|14|0|14|0|14|0|14|0|14|0|14|0|14|0|14|0|14|0|14|0|14|0|14|0|14|0|14|0|14|0|14|0|14|0|14|0|14|0|14|0|14|0|14|0|14|0|14|0|14|0|14|0|14|0|14|0|14|0|14|0|14|0|14|0|14|0|14|0|14|0|14|0|14|0|14|0|14|0|14|0|14|0|14|0|14|0|14|0|14|0|14
1600000US3760320|2887|477|307|187|408|290|256|115|270|144|115|113|497|280|274|152|460|215|300|152|2785|474|271|184|393|291|256|115|231|134|115|113|485|281|274|152|460|215|300|152|2533|441|271|184|393|291|190|110|180|123|97|109|485|281|274|152|460|215|183|127|252|133|0|19|0|19|66|105|51|51|18|29|0|19|0|19|0|19|117|82|184|124|0|19|0|19|66|105|51|51|18|29|0|19|0|19|0|19|49|55|68|76|0|19|0|19|0|19|0|19|0|19|0|19|0|19|0|19|68|76|0|19|0|19|0|19|0|19|0|19|0|19|0|19|0|19|0|19|0|19|0|19|0|19|0|19|0|19|0|19|0|19|0|19|0|19|0|19|0|19|0|19|0|19|0|19|0|19|0|19|0|19|0|19|0|19|0|19|0|19|0|19|0|19|0|19|0|19|0|19|0|19|0|19|0|19|0|19|0|19|13|26|13|26|0|19|0|19|0|19|0|19|0|19|0|19|0|19|0|19|89|89|23|33|15|25|0|19|39|53|0|19|12|17|0|19|0|19|0|19
1600000US3760505|114|58|6|9|0|14|11|12|36|28|34|28|17|19|0|14|0|14|10|9|107|57|2|5|0|14|11|12|33|28|34|28|17|19|0|14|0|14|10|9|84|46|2|5|0|14|11|12|25|21|30|28|6|9|0|14|0|14|10|9|23|21|0|14|0|14|0|14|8|12|4|5|11|16|0|14|0|14|0|14|21|19|0|14|0|14|0|14|6|10|4|5|11|16|0|14|0|14|0|14|2|6|0|14|0|14|0|14|2|6|0|14|0|14|0|14|0|14|0|14|0|14|0|14|0|14|0|14|0|14|0|14|0|14|0|14|0|14|0|14|0|14|0|14|0|14|0|14|0|14|0|14|0|14|0|14|0|14|0|14|0|14|0|14|0|14|0|14|0|14|0|14|0|14|0|14|0|14|0|14|0|14|0|14|0|14|0|14|0|14|0|14|0|14|0|14|0|14|0|14|2|4|2|4|0|14|0|14|0|14|0|14|0|14|0|14|0|14|0|14|5|5|2|5|0|14|0|14|3|4|0|14|0|14|0|14|0|14|0|14
1600000US3760515|1425|425|196|138|65|78|124|116|172|103|55|68|236|163|49|53|177|158|351|204|1369|406|140|124|65|78|124|116|172|103|55|68|236|163|49|53|177|158|351|204|1187|380|86|96|21|34|124|116|152|99|55|68|180|147|49|53|169|159|351|204|182|160|54|75|44|69|0|14|20|24|0|14|56|77|0|14|8|13|0|14|174|158|54|75|44|69|0|14|20|24|0|14|56|77|0|14|0|14|0|14|8|13|0|14|0|14|0|14|0|14|0|14|0|14|0|14|8|13|0|14|0|14|0|14|0|14|0|14|0|14|0|14|0|14|0|14|0|14|0|14|0|14|0|14|0|14|0|14|0|14|0|14|0|14|0|14|0|14|0|14|0|14|0|14|0|14|0|14|0|14|0|14|0|14|0|14|0|14|0|14|0|14|0|14|0|14|0|14|0|14|0|14|0|14|0|14|0|14|0|14|0|14|0|14|0|14|0|14|0|14|0|14|0|14|0|14|0|14|0|14|56|79|56|79|0|14|0|14|0|14|0|14|0|14|0|14|0|14|0|14
1600000US3760540|12|13|0|14|0|14|7|11|2|3|1|4|0|14|0|14|0|14|2|4|12|13|0|14|0|14|7|11|2|3|1|4|0|14|0|14|0|14|2|4|12|13|0|14|0|14|7|11|2|3|1|4|0|14|0|14|0|14|2|4|0|14|0|14|0|14|0|14|0|14|0|14|0|14|0|14|0|14|0|14|0|14|0|14|0|14|0|14|0|14|0|14|0|14|0|14|0|14|0|14|0|14|0|14|0|14|0|14|0|14|0|14|0|14|0|14|0|14|0|14|0|14|0|14|0|14|0|14|0|14|0|14|0|14|0|14|0|14|0|14|0|14|0|14|0|14|0|14|0|14|0|14|0|14|0|14|0|14|0|14|0|14|0|14|0|14|0|14|0|14|0|14|0|14|0|14|0|14|0|14|0|14|0|14|0|14|0|14|0|14|0|14|0|14|0|14|0|14|0|14|0|14|0|14|0|14|0|14|0|14|0|14|0|14|0|14|0|14|0|14|0|14|0|14|0|14|0|14|0|14|0|14|0|14|0|14|0|14|0|14
1600000US3760560|39|22|3|4|5|10|0|14|2|3|0|14|12|14|4|5|7|10|6|7|39|22|3|4|5|10|0|14|2|3|0|14|12|14|4|5|7|10|6|7|39|22|3|4|5|10|0|14|2|3|0|14|12|14|4|5|7|10|6|7|0|14|0|14|0|14|0|14|0|14|0|14|0|14|0|14|0|14|0|14|0|14|0|14|0|14|0|14|0|14|0|14|0|14|0|14|0|14|0|14|0|14|0|14|0|14|0|14|0|14|0|14|0|14|0|14|0|14|0|14|0|14|0|14|0|14|0|14|0|14|0|14|0|14|0|14|0|14|0|14|0|14|0|14|0|14|0|14|0|14|0|14|0|14|0|14|0|14|0|14|0|14|0|14|0|14|0|14|0|14|0|14|0|14|0|14|0|14|0|14|0|14|0|14|0|14|0|14|0|14|0|14|0|14|0|14|0|14|0|14|0|14|0|14|0|14|0|14|0|14|0|14|0|14|0|14|0|14|0|14|0|14|0|14|0|14|0|14|0|14|0|14|0|14|0|14|0|14|0|14
1600000US3760800|2119|271|247|155|499|149|223|122|336|142|171|105|257|254|175|106|88|97|123|81|2056|269|247|155|499|149|177|106|319|141|171|105|257|254|175|106|88|97|123|81|1851|280|235|150|477|153|150|100|271|140|160|104|257|254|98|77|88|97|115|81|205|111|12|20|22|25|27|38|48|45|11|18|0|14|77|74|0|14|8|15|173|102|0|14|12|19|27|38|38|41|11|18|0|14|77|74|0|14|8|15|32|29|12|20|10|17|0|14|10|14|0|14|0|14|0|14|0|14|0|14|0|14|0|14|0|14|0|14|0|14|0|14|0|14|0|14|0|14|0|14|0|14|0|14|0|14|0|14|0|14|0|14|0|14|0|14|0|14|0|14|0|14|0|14|0|14|0|14|0|14|0|14|0|14|0|14|0|14|0|14|0|14|0|14|0|14|0|14|0|14|0|14|0|14|0|14|0|14|0|14|17|28|0|14|0|14|0|14|17|28|0|14|0|14|0|14|0|14|0|14|46|67|0|14|0|14|46|67|0|14|0|14|0|14|0|14|0|14|0|14
1600000US3760940|27|29|0|14|9|13|8|13|10|14|0|14|0|14|0|14|0|14|0|14|27|29|0|14|9|13|8|13|10|14|0|14|0|14|0|14|0|14|0|14|27|29|0|14|9|13|8|13|10|14|0|14|0|14|0|14|0|14|0|14|0|14|0|14|0|14|0|14|0|14|0|14|0|14|0|14|0|14|0|14|0|14|0|14|0|14|0|14|0|14|0|14|0|14|0|14|0|14|0|14|0|14|0|14|0|14|0|14|0|14|0|14|0|14|0|14|0|14|0|14|0|14|0|14|0|14|0|14|0|14|0|14|0|14|0|14|0|14|0|14|0|14|0|14|0|14|0|14|0|14|0|14|0|14|0|14|0|14|0|14|0|14|0|14|0|14|0|14|0|14|0|14|0|14|0|14|0|14|0|14|0|14|0|14|0|14|0|14|0|14|0|14|0|14|0|14|0|14|0|14|0|14|0|14|0|14|0|14|0|14|0|14|0|14|0|14|0|14|0|14|0|14|0|14|0|14|0|14|0|14|0|14|0|14|0|14|0|14|0|14
1600000US3761060|668|196|14|20|124|87|146|77|132|61|0|14|124|100|0|14|20|35|108|69|663|196|14|20|124|87|141|77|132|61|0|14|124|100|0|14|20|35|108|69|549|176|9|14|46|42|129|72|132|61|0|14|109|94|0|14|20|35|104|70|114|77|5|10|78|72|12|20|0|14|0|14|15|28|0|14|0|14|4|6|77|64|5|10|50|58|3|7|0|14|0|14|15|28|0|14|0|14|4|6|37|48|0|14|28|45|9|14|0|14|0|14|0|14|0|14|0|14|0|14|0|14|0|14|0|14|0|14|0|14|0|14|0|14|0|14|0|14|0|14|0|14|0|14|0|14|0|14|0|14|0|14|0|14|0|14|0|14|0|14|0|14|0|14|0|14|0|14|0|14|0|14|0|14|0|14|0|14|0|14|0|14|0|14|0|14|0|14|0|14|0|14|0|14|0|14|0|14|0|14|5|9|0|14|0|14|5|9|0|14|0|14|0|14|0|14|0|14|0|14|0|14|0|14|0|14|0|14|0|14|0|14|0|14|0|14|0|14|0|14
1600000US3761200|8413|706|2160|495|1954|479|1086|286|811|228|364|151|750|228|253|142|477|198|558|226|8282|698|2139|490|1917|477|1061|280|772|225|364|151|750|228|253|142|477|198|549|224|7410|652|1988|455|1742|466|1013|288|652|209|286|135|750|228|125|73|442|192|412|163|872|286|151|146|175|116|48|70|120|99|78|68|0|25|128|123|35|40|137|135|690|271|151|146|77|62|48|70|47|37|67|66|0|25|128|123|35|40|137|135|182|118|0|25|98|89|0|25|73|85|11|17|0|25|0|25|0|25|0|25|0|25|0|25|0|25|0|25|0|25|0|25|0|25|0|25|0|25|0|25|0|25|0|25|0|25|0|25|0|25|0|25|0|25|0|25|0|25|0|25|0|25|0|25|0|25|0|25|0|25|0|25|0|25|0|25|0|25|0|25|0|25|0|25|0|25|0|25|0|25|0|25|0|25|0|25|0|25|0|25|106|80|21|34|37|53|0|25|39|50|0|25|0|25|0|25|0|25|9|18|25|31|0|25|0|25|25|31|0|25|0|25|0|25|0|25|0|25|0|25
1600000US3761860|3364|331|609|240|614|258|585|257|404|211|400|216|199|125|148|99|166|113|239|158|3191|321|436|187|614|258|585|257|404|211|400|216|199|125|148|99|166|113|239|158|2783|356|422|180|567|235|489|240|378|209|224|124|184|122|148|99|132|120|239|158|408|214|14|24|47|85|96|132|26|41|176|152|15|26|0|19|34|53|0|19|393|213|14|24|47|85|96|132|26|41|176|152|0|19|0|19|34|53|0|19|15|26|0|19|0|19|0|19|0|19|0|19|15|26|0|19|0|19|0|19|0|19|0|19|0|19|0|19|0|19|0|19|0|19|0|19|0|19|0|19|0|19|0|19|0|19|0|19|0|19|0|19|0|19|0|19|0|19|0|19|0|19|0|19|0|19|0|19|0|19|0|19|0|19|0|19|0|19|0|19|0|19|0|19|0|19|0|19|0|19|0|19|0|19|0|19|0|19|0|19|143|149|143|149|0|19|0|19|0|19|0|19|0|19|0|19|0|19|0|19|30|49|30|49|0|19|0|19|0|19|0|19|0|19|0|19|0|19|0|19
1600000US3761920|330|192|39|37|29|45|20|25|189|183|19|32|12|18|22|25|0|14|0|14|153|72|39|37|29|45|20|25|12|17|19|32|12|18|22|25|0|14|0|14|153|72|39|37|29|45|20|25|12|17|19|32|12|18|22|25|0|14|0|14|0|14|0|14|0|14|0|14|0|14|0|14|0|14|0|14|0|14|0|14|0|14|0|14|0|14|0|14|0|14|0|14|0|14|0|14|0|14|0|14|0|14|0|14|0|14|0|14|0|14|0|14|0|14|0|14|0|14|0|14|168|183|0|14|0|14|0|14|168|183|0|14|0|14|0|14|0|14|0|14|168|183|0|14|0|14|0|14|168|183|0|14|0|14|0|14|0|14|0|14|0|14|0|14|0|14|0|14|0|14|0|14|0|14|0|14|0|14|0|14|0|14|0|14|0|14|0|14|0|14|0|14|0|14|0|14|0|14|0|14|9|16|0|14|0|14|0|14|9|16|0|14|0|14|0|14|0|14|0|14|0|14|0|14|0|14|0|14|0|14|0|14|0|14|0|14|0|14|0|14
1600000US3761950|3086|829|358|256|312|194|688|335|485|226|327|209|332|241|133|93|358|323|93|92|2983|835|343|254|312|194|655|329|485|226|293|204|332|241|112|89|358|323|93|92|2689|807|343|254|257|179|540|293|485|226|293|204|252|233|68|51|358|323|93|92|294|150|0|19|55|81|115|107|0|19|0|19|80|82|44|77|0|19|0|19|203|120|0|19|50|81|115|107|0|19|0|19|38|47|0|19|0|19|0|19|91|106|0|19|5|8|0|19|0|19|0|19|42|65|44|77|0|19|0|19|34|50|0|19|0|19|0|19|0|19|34|50|0|19|0|19|0|19|0|19|34|50|0|19|0|19|0|19|0|19|34|50|0|19|0|19|0|19|0|19|0|19|0|19|0|19|0|19|0|19|0|19|0|19|0|19|0|19|0|19|0|19|0|19|0|19|0|19|0|19|0|19|0|19|0|19|0|19|0|19|3|6|3|6|0|19|0|19|0|19|0|19|0|19|0|19|0|19|0|19|66|66|12|18|0|19|33|52|0|19|0|19|0|19|21|34|0|19|0|19
1600000US3762040|138|67|7|7|21|16|14|13|34|28|13|13|28|24|8|13|4|8|9|9|138|67|7|7|21|16|14|13|34|28|13|13|28|24|8|13|4|8|9|9|129|63|7|7|21|16|14|13|34|28|13|13|19|17|8|13|4|8|9|9|9|16|0|14|0|14|0|14|0|14|0|14|9|16|0|14|0|14|0|14|9|16|0|14|0|14|0|14|0|14|0|14|9|16|0|14|0|14|0|14|0|14|0|14|0|14|0|14|0|14|0|14|0|14|0|14|0|14|0|14|0|14|0|14|0|14|0|14|0|14|0|14|0|14|0|14|0|14|0|14|0|14|0|14|0|14|0|14|0|14|0|14|0|14|0|14|0|14|0|14|0|14|0|14|0|14|0|14|0|14|0|14|0|14|0|14|0|14|0|14|0|14|0|14|0|14|0|14|0|14|0|14|0|14|0|14|0|14|0|14|0|14|0|14|0|14|0|14|0|14|0|14|0|14|0|14|0|14|0|14|0|14|0|14|0|14|0|14|0|14|0|14|0|14|0|14|0|14|0|14
1600000US3762060|267|143|7|8|8|7|28|22|6|5|4|7|31|23|28|31|77|66|78|92|261|144|7|8|8|7|27|22|6|5|4|7|31|23|28|31|72|65|78|92|249|143|5|7|6|6|23|22|6|5|4|7|31|23|24|29|72|65|78|92|12|9|2|3|2|4|4|4|0|14|0|14|0|14|4|6|0|14|0|14|12|9|2|3|2|4|4|4|0|14|0|14|0|14|4|6|0|14|0|14|0|14|0|14|0|14|0|14|0|14|0|14|0|14|0|14|0|14|0|14|0|14|0|14|0|14|0|14|0|14|0|14|0|14|0|14|0|14|0|14|0|14|0|14|0|14|0|14|0|14|0|14|0|14|0|14|0|14|0|14|0|14|0|14|0|14|0|14|0|14|0|14|0|14|0|14|0|14|0|14|0|14|0|14|0|14|0|14|0|14|0|14|0|14|0|14|0|14|0|14|0|14|0|14|0|14|0|14|0|14|0|14|0|14|0|14|0|14|0|14|6|12|0|14|0|14|1|4|0|14|0|14|0|14|0|14|5|11|0|14
1600000US3762190|1276|323|181|141|130|71|281|130|319|132|90|72|173|102|34|28|44|46|24|33|1257|320|171|139|130|71|281|130|319|132|81|70|173|102|34|28|44|46|24|33|1107|288|126|116|130|71|268|129|308|129|81|70|120|69|34|28|16|27|24|33|150|117|45|71|0|14|13|22|11|19|0|14|53|77|0|14|28|34|0|14|150|117|45|71|0|14|13|22|11|19|0|14|53|77|0|14|28|34|0|14|0|14|0|14|0|14|0|14|0|14|0|14|0|14|0|14|0|14|0|14|0|14|0|14|0|14|0|14|0|14|0|14|0|14|0|14|0|14|0|14|0|14|0|14|0|14|0|14|0|14|0|14|0|14|0|14|0|14|0|14|0|14|0|14|0|14|0|14|0|14|0|14|0|14|0|14|0|14|0|14|0|14|0|14|0|14|0|14|0|14|0|14|0|14|0|14|0|14|0|14|0|14|0|14|0|14|0|14|0|14|0|14|0|14|0|14|0|14|0|14|19|32|10|17|0|14|0|14|0|14|9|15|0|14|0|14|0|14|0|14
1600000US3762520|4365|438|987|315|875|303|409|198|567|277|128|84|269|173|162|83|449|192|519|277|4215|465|937|318|875|303|379|194|497|262|128|84|269|173|162|83|449|192|519|277|3842|461|827|298|835|317|344|183|492|263|33|41|265|166|162|83|445|191|439|284|373|168|110|105|40|48|35|59|5|7|95|68|4|22|0|21|4|10|80|81|162|108|44|70|32|41|35|59|5|7|46|50|0|21|0|21|0|21|0|21|211|126|66|86|8|20|0|21|0|21|49|54|4|22|0|21|4|10|80|81|3|10|3|10|0|21|0|21|0|21|0|21|0|21|0|21|0|21|0|21|0|21|0|21|0|21|0|21|0|21|0|21|0|21|0|21|0|21|0|21|3|10|3|10|0|21|0|21|0|21|0|21|0|21|0|21|0|21|0|21|0|21|0|21|0|21|0|21|0|21|0|21|0|21|0|21|0|21|0|21|134|120|47|72|0|21|17|29|70|91|0|21|0|21|0|21|0|21|0|21|13|21|0|21|0|21|13|21|0|21|0|21|0|21|0|21|0|21|0|21
1600000US3762580|89|64|22|32|0|14|0|14|0|14|0|14|10|15|6|11|51|59|0|14|89|64|22|32|0|14|0|14|0|14|0|14|10|15|6|11|51|59|0|14|89|64|22|32|0|14|0|14|0|14|0|14|10|15|6|11|51|59|0|14|0|14|0|14|0|14|0|14|0|14|0|14|0|14|0|14|0|14|0|14|0|14|0|14|0|14|0|14|0|14|0|14|0|14|0|14|0|14|0|14|0|14|0|14|0|14|0|14|0|14|0|14|0|14|0|14|0|14|0|14|0|14|0|14|0|14|0|14|0|14|0|14|0|14|0|14|0|14|0|14|0|14|0|14|0|14|0|14|0|14|0|14|0|14|0|14|0|14|0|14|0|14|0|14|0|14|0|14|0|14|0|14|0|14|0|14|0|14|0|14|0|14|0|14|0|14|0|14|0|14|0|14|0|14|0|14|0|14|0|14|0|14|0|14|0|14|0|14|0|14|0|14|0|14|0|14|0|14|0|14|0|14|0|14|0|14|0|14|0|14|0|14|0|14|0|14|0|14|0|14
1600000US3762680|1087|272|45|43|138|92|283|170|124|91|55|42|201|96|47|47|19|18|175|86|1065|272|45|43|138|92|283|170|124|91|55|42|201|96|47|47|19|18|153|81|966|256|45|43|116|87|279|172|124|91|55|42|170|92|47|47|19|18|111|51|99|85|0|14|22|25|4|6|0|14|0|14|31|48|0|14|0|14|42|65|52|65|0|14|10|15|0|14|0|14|0|14|0|14|0|14|0|14|42|65|47|55|0|14|12|19|4|6|0|14|0|14|31|48|0|14|0|14|0|14|0|14|0|14|0|14|0|14|0|14|0|14|0|14|0|14|0|14|0|14|0|14|0|14|0|14|0|14|0|14|0|14|0|14|0|14|0|14|0|14|0|14|0|14|0|14|0|14|0|14|0|14|0|14|0|14|0|14|0|14|0|14|0|14|0|14|0|14|0|14|0|14|0|14|0|14|0|14|0|14|0|14|0|14|0|14|0|14|0|14|0|14|0|14|0|14|0|14|0|14|22|26|0|14|0|14|0|14|0|14|0|14|0|14|0|14|0|14|22|26
1600000US3762760|903|205|394|171|26|35|63|60|58|35|38|31|156|74|40|35|60|67|68|38|801|182|317|122|24|31|40|48|58|35|38|31|156|74|40|35|60|67|68|38|659|178|290|116|24|31|7|7|42|29|22|14|120|58|40|35|59|66|55|33|142|81|27|42|0|14|33|46|16|25|16|27|36|36|0|14|1|3|13|19|82|62|2|4|0|14|33|46|4|5|1|4|28|33|0|14|1|3|13|19|60|55|25|41|0|14|0|14|12|24|15|26|8|14|0|14|0|14|0|14|0|14|0|14|0|14|0|14|0|14|0|14|0|14|0|14|0|14|0|14|0|14|0|14|0|14|0|14|0|14|0|14|0|14|0|14|0|14|0|14|0|14|0|14|0|14|0|14|0|14|0|14|0|14|0|14|0|14|0|14|0|14|0|14|0|14|0|14|0|14|0|14|0|14|0|14|0|14|0|14|94|93|69|88|2|6|23|29|0|14|0|14|0|14|0|14|0|14|0|14|8|12|8|12|0|14|0|14|0|14|0|14|0|14|0|14|0|14|0|14
1600000US3763120|6237|531|1518|356|925|263|1062|308|421|176|205|125|314|154|619|179|824|279|349|232|5733|500|1364|341|925|263|805|255|382|168|205|125|273|149|619|179|824|279|336|225|5345|494|1202|319|912|264|669|221|327|166|183|121|273|149|619|179|824|279|336|225|388|314|162|146|13|20|136|132|55|87|22|34|0|21|0|21|0|21|0|21|338|268|162|146|13|20|136|132|5|10|22|34|0|21|0|21|0|21|0|21|50|86|0|21|0|21|0|21|50|86|0|21|0|21|0|21|0|21|0|21|49|63|0|21|0|21|49|63|0|21|0|21|0|21|0|21|0|21|0|21|49|63|0|21|0|21|49|63|0|21|0|21|0|21|0|21|0|21|0|21|0|21|0|21|0|21|0|21|0|21|0|21|0|21|0|21|0|21|0|21|0|21|0|21|0|21|0|21|0|21|0|21|0|21|0|21|0|21|0|21|66|63|15|22|0|21|40|53|11|20|0|21|0|21|0|21|0|21|0|21|389|265|139|136|0|21|168|172|28|42|0|21|41|69|0|21|0|21|13|20
1600000US3763130|1042|183|165|95|102|61|159|77|200|95|26|25|240|109|38|43|31|45|81|56|1021|176|157|93|89|57|159|77|200|95|26|25|240|109|38|43|31|45|81|56|965|187|157|93|89|57|125|63|200|95|26|25|218|104|38|43|31|45|81|56|56|63|0|14|0|14|34|61|0|14|0|14|22|27|0|14|0|14|0|14|56|63|0|14|0|14|34|61|0|14|0|14|22|27|0|14|0|14|0|14|0|14|0|14|0|14|0|14|0|14|0|14|0|14|0|14|0|14|0|14|0|14|0|14|0|14|0|14|0|14|0|14|0|14|0|14|0|14|0|14|0|14|0|14|0|14|0|14|0|14|0|14|0|14|0|14|0|14|0|14|0|14|0|14|0|14|0|14|0|14|0|14|0|14|0|14|0|14|0|14|0|14|0|14|0|14|0|14|0|14|0|14|0|14|0|14|0|14|0|14|0|14|0|14|0|14|0|14|0|14|0|14|0|14|0|14|0|14|0|14|21|29|8|13|13|26|0|14|0|14|0|14|0|14|0|14|0|14|0|14
1600000US3763240|283|165|74|62|79|81|42|33|42|49|0|14|9|18|0|14|23|30|14|22|283|165|74|62|79|81|42|33|42|49|0|14|9|18|0|14|23|30|14|22|243|134|74|62|39|44|42|33|42|49|0|14|9|18|0|14|23|30|14|22|40|44|0|14|40|44|0|14|0|14|0|14|0|14|0|14|0|14|0|14|40|44|0|14|40|44|0|14|0|14|0|14|0|14|0|14|0|14|0|14|0|14|0|14|0|14|0|14|0|14|0|14|0|14|0|14|0|14|0|14|0|14|0|14|0|14|0|14|0|14|0|14|0|14|0|14|0|14|0|14|0|14|0|14|0|14|0|14|0|14|0|14|0|14|0|14|0|14|0|14|0|14|0|14|0|14|0|14|0|14|0|14|0|14|0|14|0|14|0|14|0|14|0|14|0|14|0|14|0|14|0|14|0|14|0|14|0|14|0|14|0|14|0|14|0|14|0|14|0|14|0|14|0|14|0|14|0|14|0|14|0|14|0|14|0|14|0|14|0|14|0|14|0|14|0|14|0|14|0|14
1600000US3763340|93|74|30|47|0|14|0|14|0|14|9|16|7|15|47|61|0|14|0|14|93|74|30|47|0|14|0|14|0|14|9|16|7|15|47|61|0|14|0|14|93|74|30|47|0|14|0|14|0|14|9|16|7|15|47|61|0|14|0|14|0|14|0|14|0|14|0|14|0|14|0|14|0|14|0|14|0|14|0|14|0|14|0|14|0|14|0|14|0|14|0|14|0|14|0|14|0|14|0|14|0|14|0|14|0|14|0|14|0|14|0|14|0|14|0|14|0|14|0|14|0|14|0|14|0|14|0|14|0|14|0|14|0|14|0|14|0|14|0|14|0|14|0|14|0|14|0|14|0|14|0|14|0|14|0|14|0|14|0|14|0|14|0|14|0|14|0|14|0|14|0|14|0|14|0|14|0|14|0|14|0|14|0|14|0|14|0|14|0|14|0|14|0|14|0|14|0|14|0|14|0|14|0|14|0|14|0|14|0|14|0|14|0|14|0|14|0|14|0|14|0|14|0|14|0|14|0|14|0|14|0|14|0|14|0|14|0|14|0|14
1600000US3763360|555|270|37|60|14|17|148|126|88|81|90|99|36|35|32|46|66|79|44|36|555|270|37|60|14|17|148|126|88|81|90|99|36|35|32|46|66|79|44|36|466|213|37|60|14|17|66|74|88|81|90|99|29|31|32|46|66|79|44|36|89|101|0|14|0|14|82|104|0|14|0|14|7|18|0|14|0|14|0|14|89|101|0|14|0|14|82|104|0|14|0|14|7|18|0|14|0|14|0|14|0|14|0|14|0|14|0|14|0|14|0|14|0|14|0|14|0|14|0|14|0|14|0|14|0|14|0|14|0|14|0|14|0|14|0|14|0|14|0|14|0|14|0|14|0|14|0|14|0|14|0|14|0|14|0|14|0|14|0|14|0|14|0|14|0|14|0|14|0|14|0|14|0|14|0|14|0|14|0|14|0|14|0|14|0|14|0|14|0|14|0|14|0|14|0|14|0|14|0|14|0|14|0|14|0|14|0|14|0|14|0|14|0|14|0|14|0|14|0|14|0|14|0|14|0|14|0|14|0|14|0|14|0|14|0|14|0|14|0|14
1600000US3763400|1181|211|238|97|308|173|110|87|123|66|9|16|106|89|115|102|103|74|69|51|1070|198|203|94|282|157|104|83|123|66|9|16|78|82|108|101|103|74|60|48|1016|202|193|91|251|155|104|83|123|66|9|16|78|82|108|101|103|74|47|39|54|51|10|17|31|38|0|14|0|14|0|14|0|14|0|14|0|14|13|29|54|51|10|17|31|38|0|14|0|14|0|14|0|14|0|14|0|14|13|29|0|14|0|14|0|14|0|14|0|14|0|14|0|14|0|14|0|14|0|14|19|22|0|14|0|14|0|14|0|14|0|14|12|19|7|10|0|14|0|14|0|14|0|14|0|14|0|14|0|14|0|14|0|14|0|14|0|14|0|14|0|14|0|14|0|14|0|14|0|14|0|14|0|14|0|14|0|14|0|14|19|22|0|14|0|14|0|14|0|14|0|14|12|19|7|10|0|14|0|14|35|47|9|14|26|47|0|14|0|14|0|14|0|14|0|14|0|14|0|14|57|42|26|23|0|14|6|19|0|14|0|14|16|25|0|14|0|14|9|16
1600000US3763470|848|233|118|76|223|132|142|90|115|83|22|38|70|69|29|43|67|88|62|69|785|229|86|68|192|129|142|90|115|83|22|38|70|69|29|43|67|88|62|69|773|224|86|68|192|129|142|90|115|83|22|38|58|65|29|43|67|88|62|69|12|21|0|14|0|14|0|14|0|14|0|14|12|21|0|14|0|14|0|14|12|21|0|14|0|14|0|14|0|14|0|14|12|21|0|14|0|14|0|14|0|14|0|14|0|14|0|14|0|14|0|14|0|14|0|14|0|14|0|14|0|14|0|14|0|14|0|14|0|14|0|14|0|14|0|14|0|14|0|14|0|14|0|14|0|14|0|14|0|14|0|14|0|14|0|14|0|14|0|14|0|14|0|14|0|14|0|14|0|14|0|14|0|14|0|14|0|14|0|14|0|14|0|14|0|14|0|14|0|14|0|14|0|14|0|14|0|14|0|14|0|14|0|14|0|14|0|14|0|14|0|14|0|14|0|14|0|14|0|14|63|56|32|24|31|46|0|14|0|14|0|14|0|14|0|14|0|14|0|14
1600000US3763560|131|86|62|65|0|14|10|19|23|36|0|14|0|14|0|14|28|41|8|14|131|86|62|65|0|14|10|19|23|36|0|14|0|14|0|14|28|41|8|14|112|78|43|56|0|14|10|19|23|36|0|14|0|14|0|14|28|41|8|14|19|32|19|32|0|14|0|14|0|14|0|14|0|14|0|14|0|14|0|14|19|32|19|32|0|14|0|14|0|14|0|14|0|14|0|14|0|14|0|14|0|14|0|14|0|14|0|14|0|14|0|14|0|14|0|14|0|14|0|14|0|14|0|14|0|14|0|14|0|14|0|14|0|14|0|14|0|14|0|14|0|14|0|14|0|14|0|14|0|14|0|14|0|14|0|14|0|14|0|14|0|14|0|14|0|14|0|14|0|14|0|14|0|14|0|14|0|14|0|14|0|14|0|14|0|14|0|14|0|14|0|14|0|14|0|14|0|14|0|14|0|14|0|14|0|14|0|14|0|14|0|14|0|14|0|14|0|14|0|14|0|14|0|14|0|14|0|14|0|14|0|14|0|14|0|14|0|14|0|14
1600000US3763680|522|135|262|96|50|33|43|41|80|40|4|8|37|40|8|9|25|23|13|10|515|134|259|95|46|33|43|41|80|40|4|8|37|40|8|9|25|23|13|10|379|117|197|87|32|28|36|38|34|38|4|8|37|40|8|9|21|22|10|9|136|51|62|45|14|19|7|14|46|8|0|14|0|14|0|14|4|6|3|5|76|48|62|45|0|14|7|14|0|14|0|14|0|14|0|14|4|6|3|5|60|21|0|14|14|19|0|14|46|8|0|14|0|14|0|14|0|14|0|14|0|14|0|14|0|14|0|14|0|14|0|14|0|14|0|14|0|14|0|14|0|14|0|14|0|14|0|14|0|14|0|14|0|14|0|14|0|14|0|14|0|14|0|14|0|14|0|14|0|14|0|14|0|14|0|14|0|14|0|14|0|14|0|14|0|14|0|14|0|14|0|14|0|14|0|14|0|14|0|14|7|7|3|5|4|6|0|14|0|14|0|14|0|14|0|14|0|14|0|14|0|14|0|14|0|14|0|14|0|14|0|14|0|14|0|14|0|14|0|14
1600000US3763720|32|29|0|14|0|14|24|25|0|14|3|8|0|14|5|8|0|14|0|14|32|29|0|14|0|14|24|25|0|14|3|8|0|14|5|8|0|14|0|14|32|29|0|14|0|14|24|25|0|14|3|8|0|14|5|8|0|14|0|14|0|14|0|14|0|14|0|14|0|14|0|14|0|14|0|14|0|14|0|14|0|14|0|14|0|14|0|14|0|14|0|14|0|14|0|14|0|14|0|14|0|14|0|14|0|14|0|14|0|14|0|14|0|14|0|14|0|14|0|14|0|14|0|14|0|14|0|14|0|14|0|14|0|14|0|14|0|14|0|14|0|14|0|14|0|14|0|14|0|14|0|14|0|14|0|14|0|14|0|14|0|14|0|14|0|14|0|14|0|14|0|14|0|14|0|14|0|14|0|14|0|14|0|14|0|14|0|14|0|14|0|14|0|14|0|14|0|14|0|14|0|14|0|14|0|14|0|14|0|14|0|14|0|14|0|14|0|14|0|14|0|14|0|14|0|14|0|14|0|14|0|14|0|14|0|14|0|14|0|14
1600000US3763760|1127|200|174|89|112|73|213|88|143|93|45|57|88|73|90|82|187|112|75|73|1113|198|160|87|112|73|213|88|143|93|45|57|88|73|90|82|187|112|75|73|957|183|160|87|79|60|188|90|143|93|45|57|88|73|90|82|123|84|41|48|156|120|0|14|33|38|25|30|0|14|0|14|0|14|0|14|64|74|34|55|89|101|0|14|0|14|25|30|0|14|0|14|0|14|0|14|64|74|0|14|67|63|0|14|33|38|0|14|0|14|0|14|0|14|0|14|0|14|34|55|0|14|0|14|0|14|0|14|0|14|0|14|0|14|0|14|0|14|0|14|0|14|0|14|0|14|0|14|0|14|0|14|0|14|0|14|0|14|0|14|0|14|0|14|0|14|0|14|0|14|0|14|0|14|0|14|0|14|0|14|0|14|0|14|0|14|0|14|0|14|0|14|0|14|0|14|0|14|0|14|0|14|0|14|0|14|0|14|0|14|0|14|0|14|0|14|0|14|0|14|14|22|14|22|0|14|0|14|0|14|0|14|0|14|0|14|0|14|0|14
1600000US3763780|0|14|0|14|0|14|0|14|0|14|0|14|0|14|0|14|0|14|0|14|0|14|0|14|0|14|0|14|0|14|0|14|0|14|0|14|0|14|0|14|0|14|0|14|0|14|0|14|0|14|0|14|0|14|0|14|0|14|0|14|0|14|0|14|0|14|0|14|0|14|0|14|0|14|0|14|0|14|0|14|0|14|0|14|0|14|0|14|0|14|0|14|0|14|0|14|0|14|0|14|0|14|0|14|0|14|0|14|0|14|0|14|0|14|0|14|0|14|0|14|0|14|0|14|0|14|0|14|0|14|0|14|0|14|0|14|0|14|0|14|0|14|0|14|0|14|0|14|0|14|0|14|0|14|0|14|0|14|0|14|0|14|0|14|0|14|0|14|0|14|0|14|0|14|0|14|0|14|0|14|0|14|0|14|0|14|0|14|0|14|0|14|0|14|0|14|0|14|0|14|0|14|0|14|0|14|0|14|0|14|0|14|0|14|0|14|0|14|0|14|0|14|0|14|0|14|0|14|0|14|0|14|0|14|0|14|0|14|0|14
1600000US3763880|1424|236|449|152|364|153|63|71|7|9|24|32|47|36|58|46|250|135|162|97|1398|233|428|147|364|153|58|70|7|9|24|32|47|36|58|46|250|135|162|97|1191|202|313|128|327|146|58|70|7|9|24|32|39|31|58|46|233|140|132|78|207|127|115|101|37|31|0|14|0|14|0|14|8|14|0|14|17|28|30|43|199|126|115|101|37|31|0|14|0|14|0|14|0|14|0|14|17|28|30|43|8|14|0|14|0|14|0|14|0|14|0|14|8|14|0|14|0|14|0|14|0|14|0|14|0|14|0|14|0|14|0|14|0|14|0|14|0|14|0|14|0|14|0|14|0|14|0|14|0|14|0|14|0|14|0|14|0|14|0|14|0|14|0|14|0|14|0|14|0|14|0|14|0|14|0|14|0|14|0|14|0|14|0|14|0|14|0|14|0|14|0|14|0|14|0|14|0|14|0|14|0|14|0|14|0|14|0|14|0|14|0|14|0|14|0|14|0|14|0|14|26|31|21|30|0|14|5|8|0|14|0|14|0|14|0|14|0|14|0|14
1600000US3763920|319|171|0|14|4|17|0|14|20|21|0|14|16|36|107|100|98|70|74|54|245|158|0|14|4|17|0|14|20|21|0|14|16|36|107|100|98|70|0|14|223|155|0|14|4|17|0|14|20|21|0|14|16|36|107|100|76|68|0|14|22|50|0|14|0|14|0|14|0|14|0|14|0|14|0|14|22|50|0|14|22|50|0|14|0|14|0|14|0|14|0|14|0|14|0|14|22|50|0|14|0|14|0|14|0|14|0|14|0|14|0|14|0|14|0|14|0|14|0|14|74|54|0|14|0|14|0|14|0|14|0|14|0|14|0|14|0|14|74|54|0|14|0|14|0|14|0|14|0|14|0|14|0|14|0|14|0|14|0|14|0|14|0|14|0|14|0|14|0|14|0|14|0|14|0|14|0|14|0|14|74|54|0|14|0|14|0|14|0|14|0|14|0|14|0|14|0|14|74|54|0|14|0|14|0|14|0|14|0|14|0|14|0|14|0|14|0|14|0|14|0|14|0|14|0|14|0|14|0|14|0|14|0|14|0|14|0|14|0|14
1600000US3764000|4092|745|250|192|151|128|205|149|593|386|427|225|1218|456|299|165|469|262|480|200|3918|740|164|165|63|100|205|149|593|386|427|225|1218|456|299|165|469|262|480|200|3529|748|164|165|40|91|181|142|535|359|427|225|1043|416|292|162|419|241|428|192|389|208|0|21|23|38|24|40|58|95|0|21|175|134|7|28|50|81|52|63|295|199|0|21|23|38|24|40|52|82|0|21|137|140|7|28|0|21|52|63|94|108|0|21|0|21|0|21|6|50|0|21|38|60|0|21|50|81|0|21|0|21|0|21|0|21|0|21|0|21|0|21|0|21|0|21|0|21|0|21|0|21|0|21|0|21|0|21|0|21|0|21|0|21|0|21|0|21|0|21|0|21|0|21|0|21|0|21|0|21|0|21|0|21|0|21|0|21|0|21|0|21|0|21|0|21|0|21|0|21|0|21|0|21|0|21|0|21|0|21|56|87|56|87|0|21|0|21|0|21|0|21|0|21|0|21|0|21|0|21|118|125|30|49|88|89|0|21|0|21|0|21|0|21|0|21|0|21|0|21
1600000US3764050|467|153|81|71|41|38|51|49|2|8|13|27|100|75|64|46|68|64|47|37|467|153|81|71|41|38|51|49|2|8|13|27|100|75|64|46|68|64|47|37|428|152|81|71|41|38|51|49|2|8|13|27|91|74|64|46|38|46|47|37|39|45|0|14|0|14|0|14|0|14|0|14|9|14|0|14|30|43|0|14|39|45|0|14|0|14|0|14|0|14|0|14|9|14|0|14|30|43|0|14|0|14|0|14|0|14|0|14|0|14|0|14|0|14|0|14|0|14|0|14|0|14|0|14|0|14|0|14|0|14|0|14|0|14|0|14|0|14|0|14|0|14|0|14|0|14|0|14|0|14|0|14|0|14|0|14|0|14|0|14|0|14|0|14|0|14|0|14|0|14|0|14|0|14|0|14|0|14|0|14|0|14|0|14|0|14|0|14|0|14|0|14|0|14|0|14|0|14|0|14|0|14|0|14|0|14|0|14|0|14|0|14|0|14|0|14|0|14|0|14|0|14|0|14|0|14|0|14|0|14|0|14|0|14|0|14|0|14|0|14
1600000US3764160|565|171|50|37|50|36|50|28|72|41|44|33|135|73|61|38|51|38|52|35|536|150|21|17|50|36|50|28|72|41|44|33|135|73|61|38|51|38|52|35|452|133|14|12|50|36|33|18|62|39|44|33|105|53|52|37|46|36|46|34|84|61|7|10|0|14|17|25|10|16|0|14|30|39|9|16|5|6|6|9|77|60|0|14|0|14|17|25|10|16|0|14|30|39|9|16|5|6|6|9|7|10|7|10|0|14|0|14|0|14|0|14|0|14|0|14|0|14|0|14|0|14|0|14|0|14|0|14|0|14|0|14|0|14|0|14|0|14|0|14|0|14|0|14|0|14|0|14|0|14|0|14|0|14|0|14|0|14|0|14|0|14|0|14|0|14|0|14|0|14|0|14|0|14|0|14|0|14|0|14|0|14|0|14|0|14|0|14|0|14|0|14|0|14|0|14|0|14|0|14|29|33|29|33|0|14|0|14|0|14|0|14|0|14|0|14|0|14|0|14|0|14|0|14|0|14|0|14|0|14|0|14|0|14|0|14|0|14|0|14
1600000US3764180|5622|357|1164|201|921|191|1350|236|947|275|159|68|545|177|187|73|149|88|200|74|5025|322|744|186|864|202|1331|234|880|269|159|68|530|173|187|73|136|86|194|76|4221|404|570|155|761|190|1240|227|570|152|154|68|466|165|187|73|79|37|194|76|804|297|174|99|103|63|91|71|310|261|5|10|64|50|0|21|57|76|0|21|541|273|109|74|72|54|21|18|249|261|5|10|28|29|0|21|57|76|0|21|263|132|65|56|31|35|70|68|61|58|0|21|36|40|0|21|0|21|0|21|0|21|0|21|0|21|0|21|0|21|0|21|0|21|0|21|0|21|0|21|0|21|0|21|0|21|0|21|0|21|0|21|0|21|0|21|0|21|0|21|0|21|0|21|0|21|0|21|0|21|0|21|0|21|0|21|0|21|0|21|0|21|0|21|0|21|0|21|0|21|0|21|0|21|0|21|0|21|0|21|489|197|396|148|57|58|8|14|0|21|0|21|15|23|0|21|13|30|0|21|108|72|24|20|0|21|11|17|67|56|0|21|0|21|0|21|0|21|6|12
1600000US3764260|1006|257|327|130|80|39|241|129|77|62|94|107|11|12|28|30|22|25|126|79|1006|257|327|130|80|39|241|129|77|62|94|107|11|12|28|30|22|25|126|79|844|225|277|124|66|38|191|97|69|54|94|107|11|12|14|22|7|14|115|72|162|99|50|37|14|16|50|73|8|15|0|14|0|14|14|23|15|20|11|23|117|80|42|38|2|4|50|73|8|15|0|14|0|14|0|14|15|20|0|14|45|33|8|9|12|16|0|14|0|14|0|14|0|14|14|23|0|14|11|23|0|14|0|14|0|14|0|14|0|14|0|14|0|14|0|14|0|14|0|14|0|14|0|14|0|14|0|14|0|14|0|14|0|14|0|14|0|14|0|14|0|14|0|14|0|14|0|14|0|14|0|14|0|14|0|14|0|14|0|14|0|14|0|14|0|14|0|14|0|14|0|14|0|14|0|14|0|14|0|14|0|14|0|14|0|14|0|14|0|14|0|14|0|14|0|14|0|14|0|14|0|14|0|14|0|14|0|14|0|14|0|14|0|14|0|14|0|14|0|14
1600000US3764380|233|81|29|24|49|35|16|14|9|13|16|14|31|25|39|28|13|12|31|26|230|80|29|24|49|35|16|14|9|13|16|14|31|25|39|28|13|12|28|22|209|74|29|24|39|29|14|12|9|13|16|14|30|25|39|28|13|12|20|17|21|19|0|14|10|14|2|5|0|14|0|14|1|3|0|14|0|14|8|14|13|16|0|14|10|14|2|5|0|14|0|14|1|3|0|14|0|14|0|14|8|14|0|14|0|14|0|14|0|14|0|14|0|14|0|14|0|14|8|14|3|6|0|14|0|14|0|14|0|14|0|14|0|14|0|14|0|14|3|6|0|14|0|14|0|14|0|14|0|14|0|14|0|14|0|14|0|14|0|14|0|14|0|14|0|14|0|14|0|14|0|14|0|14|0|14|0|14|0|14|3|6|0|14|0|14|0|14|0|14|0|14|0|14|0|14|0|14|3|6|0|14|0|14|0|14|0|14|0|14|0|14|0|14|0|14|0|14|0|14|0|14|0|14|0|14|0|14|0|14|0|14|0|14|0|14|0|14|0|14
1600000US3764420|6983|441|438|155|707|196|937|243|868|200|676|209|1604|317|632|187|822|228|299|142|6918|445|425|153|701|193|931|241|868|200|676|209|1581|320|624|186|813|227|299|142|6220|482|425|153|591|137|823|241|750|192|607|180|1405|293|603|184|742|222|274|139|698|233|0|21|110|133|108|82|118|93|69|75|176|108|21|22|71|75|25|30|418|140|0|21|24|23|83|65|100|87|2|6|110|65|21|22|71|75|7|14|280|191|0|21|86|128|25|31|18|21|67|75|66|82|0|21|0|21|18|21|8|16|0|21|0|21|0|21|0|21|0|21|0|21|8|16|0|21|0|21|8|16|0|21|0|21|0|21|0|21|0|21|0|21|8|16|0|21|0|21|0|21|0|21|0|21|0|21|0|21|0|21|0|21|0|21|0|21|0|21|0|21|0|21|0|21|0|21|0|21|0|21|0|21|0|21|0|21|0|21|26|25|13|17|0|21|0|21|0|21|0|21|13|22|0|21|0|21|0|21|31|41|0|21|6|17|6|17|0|21|0|21|10|18|0|21|9|14|0|21
1600000US3764460|658|154|139|74|24|16|36|22|60|37|50|32|103|64|70|38|114|57|62|43|645|153|139|74|24|16|36|22|57|36|50|32|99|63|64|36|114|57|62|43|563|135|112|60|24|16|31|20|44|33|50|32|70|40|61|37|114|57|57|43|82|50|27|25|0|14|5|7|13|14|0|14|29|47|3|5|0|14|5|6|82|50|27|25|0|14|5|7|13|14|0|14|29|47|3|5|0|14|5|6|0|14|0|14|0|14|0|14|0|14|0|14|0|14|0|14|0|14|0|14|0|14|0|14|0|14|0|14|0|14|0|14|0|14|0|14|0|14|0|14|0|14|0|14|0|14|0|14|0|14|0|14|0|14|0|14|0|14|0|14|0|14|0|14|0|14|0|14|0|14|0|14|0|14|0|14|0|14|0|14|0|14|0|14|0|14|0|14|0|14|0|14|0|14|0|14|0|14|0|14|0|14|0|14|0|14|0|14|0|14|0|14|0|14|0|14|0|14|0|14|13|15|0|14|0|14|0|14|3|7|0|14|4|7|6|10|0|14|0|14
1600000US3764500|1770|206|155|82|187|96|248|127|284|159|148|91|205|84|297|130|161|79|85|53|1761|206|146|82|187|96|248|127|284|159|148|91|205|84|297|130|161|79|85|53|1498|251|138|83|142|67|189|124|207|136|130|90|205|84|287|128|115|68|85|53|263|171|8|15|45|67|59|51|77|92|18|24|0|14|10|16|46|70|0|14|235|175|0|14|45|67|39|41|77|92|18|24|0|14|10|16|46|70|0|14|28|31|8|15|0|14|20|26|0|14|0|14|0|14|0|14|0|14|0|14|0|14|0|14|0|14|0|14|0|14|0|14|0|14|0|14|0|14|0|14|0|14|0|14|0|14|0|14|0|14|0|14|0|14|0|14|0|14|0|14|0|14|0|14|0|14|0|14|0|14|0|14|0|14|0|14|0|14|0|14|0|14|0|14|0|14|0|14|0|14|0|14|0|14|0|14|0|14|0|14|0|14|0|14|0|14|0|14|0|14|0|14|0|14|0|14|0|14|0|14|9|14|9|14|0|14|0|14|0|14|0|14|0|14|0|14|0|14|0|14
1600000US3764560|409|95|29|22|34|33|62|28|68|32|30|36|62|38|79|55|13|11|32|29|398|94|29|22|34|33|51|29|68|32|30|36|62|38|79|55|13|11|32|29|376|95|20|16|34|33|42|29|68|32|30|36|58|38|79|55|13|11|32|29|22|19|9|15|0|14|9|10|0|14|0|14|4|7|0|14|0|14|0|14|15|17|9|15|0|14|6|9|0|14|0|14|0|14|0|14|0|14|0|14|7|8|0|14|0|14|3|4|0|14|0|14|4|7|0|14|0|14|0|14|11|17|0|14|0|14|11|17|0|14|0|14|0|14|0|14|0|14|0|14|11|17|0|14|0|14|11|17|0|14|0|14|0|14|0|14|0|14|0|14|0|14|0|14|0|14|0|14|0|14|0|14|0|14|0|14|0|14|0|14|0|14|0|14|0|14|0|14|0|14|0|14|0|14|0|14|0|14|0|14|0|14|0|14|0|14|0|14|0|14|0|14|0|14|0|14|0|14|0|14|0|14|0|14|0|14|0|14|0|14|0|14|0|14|0|14|0|14|0|14
1600000US3764580|334|142|71|40|25|26|97|87|19|16|4|5|96|94|2|4|11|12|9|9|313|132|63|35|25|26|95|87|19|16|4|5|85|91|2|4|11|12|9|9|289|133|53|34|20|24|95|87|16|15|2|3|82|91|2|4|11|12|8|9|24|23|10|12|5|9|0|14|3|5|2|4|3|5|0|14|0|14|1|2|12|12|6|10|0|14|0|14|0|14|2|4|3|5|0|14|0|14|1|2|12|20|4|7|5|9|0|14|3|5|0|14|0|14|0|14|0|14|0|14|0|14|0|14|0|14|0|14|0|14|0|14|0|14|0|14|0|14|0|14|0|14|0|14|0|14|0|14|0|14|0|14|0|14|0|14|0|14|0|14|0|14|0|14|0|14|0|14|0|14|0|14|0|14|0|14|0|14|0|14|0|14|0|14|0|14|0|14|0|14|0|14|0|14|0|14|0|14|0|14|8|14|8|14|0|14|0|14|0|14|0|14|0|14|0|14|0|14|0|14|13|14|0|14|0|14|2|4|0|14|0|14|11|14|0|14|0|14|0|14
1600000US3764740|12713|844|2553|611|2525|407|2614|509|1180|297|1019|398|1045|309|577|208|566|193|634|217|12240|831|2394|614|2514|407|2425|483|1144|298|1019|398|981|311|564|207|566|193|633|216|10141|822|1759|478|1942|390|2246|457|846|266|882|371|881|325|490|193|522|178|573|211|2099|523|635|310|572|254|179|112|298|174|137|106|100|104|74|85|44|54|60|62|1758|536|497|284|511|240|169|107|237|167|81|83|100|104|74|85|44|54|45|59|341|202|138|123|61|70|10|21|61|71|56|56|0|25|0|25|0|25|15|23|0|25|0|25|0|25|0|25|0|25|0|25|0|25|0|25|0|25|0|25|0|25|0|25|0|25|0|25|0|25|0|25|0|25|0|25|0|25|0|25|0|25|0|25|0|25|0|25|0|25|0|25|0|25|0|25|0|25|0|25|0|25|0|25|0|25|0|25|0|25|0|25|0|25|0|25|0|25|0|25|255|132|141|113|11|21|64|54|24|36|0|25|15|21|0|25|0|25|0|25|218|174|18|29|0|25|125|159|12|18|0|25|49|48|13|19|0|25|1|6
1600000US3764840|789|200|104|73|33|25|64|33|62|29|93|62|262|105|54|26|39|23|78|49|768|197|102|72|22|21|64|33|57|27|93|62|259|105|54|26|39|23|78|49|718|196|86|71|22|21|64|33|57|27|89|61|252|104|39|27|39|23|70|48|50|28|16|15|0|14|0|14|0|14|4|7|7|8|15|12|0|14|8|9|34|23|12|14|0|14|0|14|0|14|4|7|7|8|6|7|0|14|5|8|16|14|4|7|0|14|0|14|0|14|0|14|0|14|9|9|0|14|3|5|0|14|0|14|0|14|0|14|0|14|0|14|0|14|0|14|0|14|0|14|0|14|0|14|0|14|0|14|0|14|0|14|0|14|0|14|0|14|0|14|0|14|0|14|0|14|0|14|0|14|0|14|0|14|0|14|0|14|0|14|0|14|0|14|0|14|0|14|0|14|0|14|0|14|0|14|0|14|0|14|13|14|2|4|11|13|0|14|0|14|0|14|0|14|0|14|0|14|0|14|8|8|0|14|0|14|0|14|5|7|0|14|3|5|0|14|0|14|0|14
1600000US3764940|517|148|10|13|45|24|72|61|69|39|37|22|78|37|110|61|80|61|16|13|514|147|7|9|45|24|72|61|69|39|37|22|78|37|110|61|80|61|16|13|478|142|7|9|43|24|70|60|69|39|37|22|78|37|100|59|61|54|13|12|36|31|0|14|2|4|2|4|0|14|0|14|0|14|10|15|19|27|3|5|24|27|0|14|2|4|2|4|0|14|0|14|0|14|1|3|19|27|0|14|12|16|0|14|0|14|0|14|0|14|0|14|0|14|9|15|0|14|3|5|0|14|0|14|0|14|0|14|0|14|0|14|0|14|0|14|0|14|0|14|0|14|0|14|0|14|0|14|0|14|0|14|0|14|0|14|0|14|0|14|0|14|0|14|0|14|0|14|0|14|0|14|0|14|0|14|0|14|0|14|0|14|0|14|0|14|0|14|0|14|0|14|0|14|0|14|0|14|0|14|0|14|0|14|0|14|0|14|0|14|0|14|0|14|0|14|0|14|0|14|3|8|3|8|0|14|0|14|0|14|0|14|0|14|0|14|0|14|0|14
1600000US3765020|35|42|0|14|0|14|0|14|9|14|0|14|0|14|0|14|0|14|26|39|35|42|0|14|0|14|0|14|9|14|0|14|0|14|0|14|0|14|26|39|35|42|0|14|0|14|0|14|9|14|0|14|0|14|0|14|0|14|26|39|0|14|0|14|0|14|0|14|0|14|0|14|0|14|0|14|0|14|0|14|0|14|0|14|0|14|0|14|0|14|0|14|0|14|0|14|0|14|0|14|0|14|0|14|0|14|0|14|0|14|0|14|0|14|0|14|0|14|0|14|0|14|0|14|0|14|0|14|0|14|0|14|0|14|0|14|0|14|0|14|0|14|0|14|0|14|0|14|0|14|0|14|0|14|0|14|0|14|0|14|0|14|0|14|0|14|0|14|0|14|0|14|0|14|0|14|0|14|0|14|0|14|0|14|0|14|0|14|0|14|0|14|0|14|0|14|0|14|0|14|0|14|0|14|0|14|0|14|0|14|0|14|0|14|0|14|0|14|0|14|0|14|0|14|0|14|0|14|0|14|0|14|0|14|0|14|0|14|0|14
1600000US3765040|2029|371|133|87|230|180|138|88|364|118|356|162|467|172|90|68|209|132|42|49|1946|348|65|60|230|180|138|88|364|118|356|162|452|170|90|68|209|132|42|49|1798|328|65|60|180|164|138|88|305|106|317|140|452|170|90|68|209|132|42|49|148|100|0|19|50|79|0|19|59|52|39|45|0|19|0|19|0|19|0|19|126|95|0|19|50|79|0|19|59|52|17|28|0|19|0|19|0|19|0|19|22|35|0|19|0|19|0|19|0|19|22|35|0|19|0|19|0|19|0|19|0|19|0|19|0|19|0|19|0|19|0|19|0|19|0|19|0|19|0|19|0|19|0|19|0|19|0|19|0|19|0|19|0|19|0|19|0|19|0|19|0|19|0|19|0|19|0|19|0|19|0|19|0|19|0|19|0|19|0|19|0|19|0|19|0|19|0|19|0|19|0|19|0|19|0|19|0|19|0|19|16|25|16|25|0|19|0|19|0|19|0|19|0|19|0|19|0|19|0|19|67|74|52|62|0|19|0|19|0|19|0|19|15|25|0|19|0|19|0|19
1600000US3765100|469|201|20|15|56|38|79|86|128|97|20|19|74|43|16|17|61|60|15|14|465|201|16|15|56|38|79|86|128|97|20|19|74|43|16|17|61|60|15|14|401|140|16|15|56|38|26|18|128|97|20|19|63|35|16|17|61|60|15|14|64|88|0|14|0|14|53|86|0|14|0|14|11|22|0|14|0|14|0|14|11|22|0|14|0|14|0|14|0|14|0|14|11|22|0|14|0|14|0|14|53|86|0|14|0|14|53|86|0|14|0|14|0|14|0|14|0|14|0|14|0|14|0|14|0|14|0|14|0|14|0|14|0|14|0|14|0|14|0|14|0|14|0|14|0|14|0|14|0|14|0|14|0|14|0|14|0|14|0|14|0|14|0|14|0|14|0|14|0|14|0|14|0|14|0|14|0|14|0|14|0|14|0|14|0|14|0|14|0|14|0|14|0|14|0|14|0|14|0|14|0|14|0|14|0|14|0|14|0|14|0|14|0|14|0|14|0|14|0|14|4|7|4|7|0|14|0|14|0|14|0|14|0|14|0|14|0|14|0|14
1600000US3765120|37|22|15|15|0|14|0|14|3|7|2|4|14|10|0|14|3|4|0|14|37|22|15|15|0|14|0|14|3|7|2|4|14|10|0|14|3|4|0|14|36|22|15|15|0|14|0|14|3|7|2|4|13|9|0|14|3|4|0|14|1|2|0|14|0|14|0|14|0|14|0|14|1|2|0|14|0|14|0|14|1|2|0|14|0|14|0|14|0|14|0|14|1|2|0|14|0|14|0|14|0|14|0|14|0|14|0|14|0|14|0|14|0|14|0|14|0|14|0|14|0|14|0|14|0|14|0|14|0|14|0|14|0|14|0|14|0|14|0|14|0|14|0|14|0|14|0|14|0|14|0|14|0|14|0|14|0|14|0|14|0|14|0|14|0|14|0|14|0|14|0|14|0|14|0|14|0|14|0|14|0|14|0|14|0|14|0|14|0|14|0|14|0|14|0|14|0|14|0|14|0|14|0|14|0|14|0|14|0|14|0|14|0|14|0|14|0|14|0|14|0|14|0|14|0|14|0|14|0|14|0|14|0|14|0|14|0|14|0|14
1600000US3765260|682|393|11|18|82|91|108|104|126|126|0|14|58|46|0|14|196|246|101|141|682|393|11|18|82|91|108|104|126|126|0|14|58|46|0|14|196|246|101|141|620|370|0|14|82|91|78|87|126|126|0|14|37|35|0|14|196|246|101|141|62|61|11|18|0|14|30|32|0|14|0|14|21|29|0|14|0|14|0|14|51|56|0|14|0|14|30|32|0|14|0|14|21|29|0|14|0|14|0|14|11|18|11|18|0|14|0|14|0|14|0|14|0|14|0|14|0|14|0|14|0|14|0|14|0|14|0|14|0|14|0|14|0|14|0|14|0|14|0|14|0|14|0|14|0|14|0|14|0|14|0|14|0|14|0|14|0|14|0|14|0|14|0|14|0|14|0|14|0|14|0|14|0|14|0|14|0|14|0|14|0|14|0|14|0|14|0|14|0|14|0|14|0|14|0|14|0|14|0|14|0|14|0|14|0|14|0|14|0|14|0|14|0|14|0|14|0|14|0|14|0|14|0|14|0|14|0|14|0|14|0|14|0|14|0|14|0|14|0|14
1600000US3765320|81|37|20|16|16|15|6|10|5|9|0|14|10|13|5|7|11|15|8|8|72|34|11|10|16|15|6|10|5|9|0|14|10|13|5|7|11|15|8|8|60|31|11|10|16|15|6|10|5|9|0|14|5|9|5|7|4|7|8|8|12|17|0|14|0|14|0|14|0|14|0|14|5|9|0|14|7|13|0|14|7|13|0|14|0|14|0|14|0|14|0|14|0|14|0|14|7|13|0|14|5|9|0|14|0|14|0|14|0|14|0|14|5|9|0|14|0|14|0|14|0|14|0|14|0|14|0|14|0|14|0|14|0|14|0|14|0|14|0|14|0|14|0|14|0|14|0|14|0|14|0|14|0|14|0|14|0|14|0|14|0|14|0|14|0|14|0|14|0|14|0|14|0|14|0|14|0|14|0|14|0|14|0|14|0|14|0|14|0|14|0|14|0|14|0|14|0|14|0|14|5|10|5|10|0|14|0|14|0|14|0|14|0|14|0|14|0|14|0|14|4|7|4|7|0|14|0|14|0|14|0|14|0|14|0|14|0|14|0|14
1600000US3765530|121|58|33|28|10|11|26|23|10|11|18|22|17|14|3|4|3|5|1|2|115|57|28|26|10|11|26|23|9|11|18|22|17|14|3|4|3|5|1|2|112|57|28|26|10|11|26|23|9|11|18|22|17|14|3|4|0|14|1|2|3|5|0|14|0|14|0|14|0|14|0|14|0|14|0|14|3|5|0|14|0|14|0|14|0|14|0|14|0|14|0|14|0|14|0|14|0|14|0|14|3|5|0|14|0|14|0|14|0|14|0|14|0|14|0|14|3|5|0|14|0|14|0|14|0|14|0|14|0|14|0|14|0|14|0|14|0|14|0|14|0|14|0|14|0|14|0|14|0|14|0|14|0|14|0|14|0|14|0|14|0|14|0|14|0|14|0|14|0|14|0|14|0|14|0|14|0|14|0|14|0|14|0|14|0|14|0|14|0|14|0|14|0|14|0|14|0|14|0|14|4|5|3|5|0|14|0|14|1|2|0|14|0|14|0|14|0|14|0|14|2|3|2|3|0|14|0|14|0|14|0|14|0|14|0|14|0|14|0|14
1600000US3765580|3943|370|308|183|308|155|778|250|845|228|472|179|552|180|384|134|121|81|175|114|3845|382|235|165|308|155|778|250|845|228|472|179|527|186|384|134|121|81|175|114|3653|371|180|118|306|152|743|242|789|220|457|178|498|193|384|134|121|81|175|114|192|93|55|75|2|14|35|28|56|64|15|21|29|39|0|21|0|21|0|21|104|66|55|75|0|21|12|21|2|4|6|12|29|39|0|21|0|21|0|21|88|81|0|21|2|14|23|30|54|64|9|18|0|21|0|21|0|21|0|21|0|21|0|21|0|21|0|21|0|21|0|21|0|21|0|21|0|21|0|21|0|21|0|21|0|21|0|21|0|21|0|21|0|21|0|21|0|21|0|21|0|21|0|21|0|21|0|21|0|21|0|21|0|21|0|21|0|21|0|21|0|21|0|21|0|21|0|21|0|21|0|21|0|21|0|21|0|21|0|21|73|67|73|67|0|21|0|21|0|21|0|21|0|21|0|21|0|21|0|21|25|37|0|21|0|21|0|21|0|21|0|21|25|37|0|21|0|21|0|21
1600000US3765700|78|56|40|39|0|14|0|14|5|9|17|27|5|10|0|14|11|18|0|14|66|56|28|39|0|14|0|14|5|9|17|27|5|10|0|14|11|18|0|14|44|42|28|39|0|14|0|14|0|14|0|14|5|10|0|14|11|18|0|14|22|28|0|14|0|14|0|14|5|9|17|27|0|14|0|14|0|14|0|14|22|28|0|14|0|14|0|14|5|9|17|27|0|14|0|14|0|14|0|14|0|14|0|14|0|14|0|14|0|14|0|14|0|14|0|14|0|14|0|14|0|14|0|14|0|14|0|14|0|14|0|14|0|14|0|14|0|14|0|14|0|14|0|14|0|14|0|14|0|14|0|14|0|14|0|14|0|14|0|14|0|14|0|14|0|14|0|14|0|14|0|14|0|14|0|14|0|14|0|14|0|14|0|14|0|14|0|14|0|14|0|14|0|14|0|14|0|14|0|14|12|17|12|17|0|14|0|14|0|14|0|14|0|14|0|14|0|14|0|14|0|14|0|14|0|14|0|14|0|14|0|14|0|14|0|14|0|14|0|14
1600000US3765900|1040|332|236|185|135|69|149|60|280|203|74|48|16|23|54|52|64|41|32|22|1007|332|222|184|132|69|135|61|280|203|74|48|16|23|54|52|64|41|30|23|979|332|222|184|121|67|118|56|280|203|74|48|16|23|54|52|64|41|30|23|28|28|0|14|11|17|17|22|0|14|0|14|0|14|0|14|0|14|0|14|17|22|0|14|0|14|17|22|0|14|0|14|0|14|0|14|0|14|0|14|11|17|0|14|11|17|0|14|0|14|0|14|0|14|0|14|0|14|0|14|0|14|0|14|0|14|0|14|0|14|0|14|0|14|0|14|0|14|0|14|0|14|0|14|0|14|0|14|0|14|0|14|0|14|0|14|0|14|0|14|0|14|0|14|0|14|0|14|0|14|0|14|0|14|0|14|0|14|0|14|0|14|0|14|0|14|0|14|0|14|0|14|0|14|0|14|0|14|0|14|31|27|14|18|3|4|14|19|0|14|0|14|0|14|0|14|0|14|0|14|2|3|0|14|0|14|0|14|0|14|0|14|0|14|0|14|0|14|2|3
1600000US3766040|1663|266|417|149|197|102|187|126|95|58|46|36|213|105|276|207|192|121|40|27|1617|261|371|146|197|102|187|126|95|58|46|36|213|105|276|207|192|121|40|27|1487|259|336|137|151|85|187|126|90|59|20|21|204|104|272|207|192|121|35|26|130|83|35|46|46|55|0|14|5|9|26|30|9|16|4|8|0|14|5|7|95|76|35|46|37|56|0|14|5|9|0|14|9|16|4|8|0|14|5|7|35|37|0|14|9|16|0|14|0|14|26|30|0|14|0|14|0|14|0|14|0|14|0|14|0|14|0|14|0|14|0|14|0|14|0|14|0|14|0|14|0|14|0|14|0|14|0|14|0|14|0|14|0|14|0|14|0|14|0|14|0|14|0|14|0|14|0|14|0|14|0|14|0|14|0|14|0|14|0|14|0|14|0|14|0|14|0|14|0|14|0|14|0|14|0|14|0|14|0|14|38|50|38|50|0|14|0|14|0|14|0|14|0|14|0|14|0|14|0|14|8|13|8|13|0|14|0|14|0|14|0|14|0|14|0|14|0|14|0|14
1600000US3766280|1899|428|310|126|187|115|511|313|321|169|64|66|419|236|32|46|22|25|33|52|1800|401|214|103|187|115|511|313|318|169|64|66|419|236|32|46|22|25|33|52|1780|398|201|92|187|115|508|311|314|168|64|66|419|236|32|46|22|25|33|52|20|23|13|20|0|19|3|6|4|9|0|19|0|19|0|19|0|19|0|19|20|23|13|20|0|19|3|6|4|9|0|19|0|19|0|19|0|19|0|19|0|19|0|19|0|19|0|19|0|19|0|19|0|19|0|19|0|19|0|19|0|19|0|19|0|19|0|19|0|19|0|19|0|19|0|19|0|19|0|19|0|19|0|19|0|19|0|19|0|19|0|19|0|19|0|19|0|19|0|19|0|19|0|19|0|19|0|19|0|19|0|19|0|19|0|19|0|19|0|19|0|19|0|19|0|19|0|19|0|19|0|19|0|19|0|19|0|19|0|19|99|88|96|87|0|19|0|19|3|6|0|19|0|19|0|19|0|19|0|19|0|19|0|19|0|19|0|19|0|19|0|19|0|19|0|19|0|19|0|19
1600000US3766340|127|118|60|63|6|10|7|18|44|65|0|14|0|14|3|8|0|14|7|12|121|118|60|63|0|14|7|18|44|65|0|14|0|14|3|8|0|14|7|12|121|118|60|63|0|14|7|18|44|65|0|14|0|14|3|8|0|14|7|12|0|14|0|14|0|14|0|14|0|14|0|14|0|14|0|14|0|14|0|14|0|14|0|14|0|14|0|14|0|14|0|14|0|14|0|14|0|14|0|14|0|14|0|14|0|14|0|14|0|14|0|14|0|14|0|14|0|14|0|14|0|14|0|14|0|14|0|14|0|14|0|14|0|14|0|14|0|14|0|14|0|14|0|14|0|14|0|14|0|14|0|14|0|14|0|14|0|14|0|14|0|14|0|14|0|14|0|14|0|14|0|14|0|14|0|14|0|14|0|14|0|14|0|14|0|14|0|14|0|14|0|14|0|14|0|14|0|14|0|14|0|14|0|14|0|14|0|14|0|14|0|14|0|14|0|14|0|14|0|14|6|10|0|14|6|10|0|14|0|14|0|14|0|14|0|14|0|14|0|14
1600000US3766360|1674|274|461|256|74|74|158|128|67|79|150|106|379|269|180|93|205|133|0|14|1570|277|380|243|74|74|158|128|67|79|127|104|379|269|180|93|205|133|0|14|1427|273|364|243|74|74|158|128|67|79|60|69|319|247|180|93|205|133|0|14|143|197|16|27|0|14|0|14|0|14|67|103|60|92|0|14|0|14|0|14|143|197|16|27|0|14|0|14|0|14|67|103|60|92|0|14|0|14|0|14|0|14|0|14|0|14|0|14|0|14|0|14|0|14|0|14|0|14|0|14|0|14|0|14|0|14|0|14|0|14|0|14|0|14|0|14|0|14|0|14|0|14|0|14|0|14|0|14|0|14|0|14|0|14|0|14|0|14|0|14|0|14|0|14|0|14|0|14|0|14|0|14|0|14|0|14|0|14|0|14|0|14|0|14|0|14|0|14|0|14|0|14|0|14|0|14|0|14|0|14|81|109|81|109|0|14|0|14|0|14|0|14|0|14|0|14|0|14|0|14|23|26|0|14|0|14|0|14|0|14|23|26|0|14|0|14|0|14|0|14
1600000US3766460|1149|174|139|59|117|51|89|36|128|51|67|45|335|167|138|35|103|47|33|30|1089|176|98|44|111|51|89|36|128|51|61|41|335|167|135|35|99|46|33|30|1014|184|86|41|105|50|76|33|121|53|42|38|324|168|128|36|99|46|33|30|75|44|12|14|6|10|13|18|7|12|19|24|11|16|7|11|0|14|0|14|53|43|12|14|6|10|10|18|0|14|14|22|11|16|0|14|0|14|0|14|22|19|0|14|0|14|3|5|7|12|5|8|0|14|7|11|0|14|0|14|10|14|0|14|0|14|0|14|0|14|6|12|0|14|0|14|4|8|0|14|10|14|0|14|0|14|0|14|0|14|6|12|0|14|0|14|4|8|0|14|0|14|0|14|0|14|0|14|0|14|0|14|0|14|0|14|0|14|0|14|0|14|0|14|0|14|0|14|0|14|0|14|0|14|0|14|0|14|0|14|29|31|29|31|0|14|0|14|0|14|0|14|0|14|0|14|0|14|0|14|21|23|12|21|6|9|0|14|0|14|0|14|0|14|3|5|0|14|0|14
1600000US3766500|1157|250|149|73|397|263|107|68|63|43|63|62|127|94|34|31|51|43|166|149|1120|246|129|65|397|263|107|68|63|43|63|62|116|91|28|28|51|43|166|149|863|271|129|65|358|272|105|68|53|40|48|44|98|90|15|16|39|35|18|19|257|163|0|14|39|43|2|4|10|18|15|22|18|24|13|27|12|18|148|159|81|70|0|14|39|43|2|4|10|18|0|14|5|8|13|27|12|18|0|14|176|157|0|14|0|14|0|14|0|14|15|22|13|20|0|14|0|14|148|159|0|14|0|14|0|14|0|14|0|14|0|14|0|14|0|14|0|14|0|14|0|14|0|14|0|14|0|14|0|14|0|14|0|14|0|14|0|14|0|14|0|14|0|14|0|14|0|14|0|14|0|14|0|14|0|14|0|14|0|14|0|14|0|14|0|14|0|14|0|14|0|14|0|14|0|14|0|14|0|14|16|18|5|10|0|14|0|14|0|14|0|14|11|16|0|14|0|14|0|14|21|28|15|26|0|14|0|14|0|14|0|14|0|14|6|10|0|14|0|14
1600000US3766520|708|151|120|54|126|77|107|72|13|16|53|47|133|76|53|47|16|22|87|74|690|143|114|56|126|77|107|72|13|16|53|47|121|70|53|47|16|22|87|74|665|145|96|50|126|77|107|72|13|16|53|47|121|70|53|47|16|22|80|74|25|29|18|26|0|14|0|14|0|14|0|14|0|14|0|14|0|14|7|11|25|29|18|26|0|14|0|14|0|14|0|14|0|14|0|14|0|14|7|11|0|14|0|14|0|14|0|14|0|14|0|14|0|14|0|14|0|14|0|14|0|14|0|14|0|14|0|14|0|14|0|14|0|14|0|14|0|14|0|14|0|14|0|14|0|14|0|14|0|14|0|14|0|14|0|14|0|14|0|14|0|14|0|14|0|14|0|14|0|14|0|14|0|14|0|14|0|14|0|14|0|14|0|14|0|14|0|14|0|14|0|14|0|14|0|14|0|14|0|14|12|20|0|14|0|14|0|14|0|14|0|14|12|20|0|14|0|14|0|14|6|10|6|10|0|14|0|14|0|14|0|14|0|14|0|14|0|14|0|14
1600000US3766700|3892|422|1324|312|623|245|452|159|177|120|275|127|350|130|256|131|118|94|317|162|3730|442|1173|319|623|245|441|161|177|120|275|127|350|130|256|131|118|94|317|162|3491|432|1130|309|595|246|419|162|177|120|246|113|350|130|186|122|71|58|317|162|239|139|43|67|28|33|22|41|0|21|29|42|0|21|70|97|47|75|0|21|136|105|0|21|15|24|22|41|0|21|29|42|0|21|70|97|0|21|0|21|103|96|43|67|13|20|0|21|0|21|0|21|0|21|0|21|47|75|0|21|0|21|0|21|0|21|0|21|0|21|0|21|0|21|0|21|0|21|0|21|0|21|0|21|0|21|0|21|0|21|0|21|0|21|0|21|0|21|0|21|0|21|0|21|0|21|0|21|0|21|0|21|0|21|0|21|0|21|0|21|0|21|0|21|0|21|0|21|0|21|0|21|0|21|0|21|0|21|0|21|50|46|50|46|0|21|0|21|0|21|0|21|0|21|0|21|0|21|0|21|112|112|101|114|0|21|11|29|0|21|0|21|0|21|0|21|0|21|0|21
1600000US3766740|28|25|0|14|0|14|4|8|15|19|0|14|9|18|0|14|0|14|0|14|28|25|0|14|0|14|4|8|15|19|0|14|9|18|0|14|0|14|0|14|27|22|0|14|0|14|4|8|15|19|0|14|8|14|0|14|0|14|0|14|1|8|0|14|0|14|0|14|0|14|0|14|1|8|0|14|0|14|0|14|1|8|0|14|0|14|0|14|0|14|0|14|1|8|0|14|0|14|0|14|0|14|0|14|0|14|0|14|0|14|0|14|0|14|0|14|0|14|0|14|0|14|0|14|0|14|0|14|0|14|0|14|0|14|0|14|0|14|0|14|0|14|0|14|0|14|0|14|0|14|0|14|0|14|0|14|0|14|0|14|0|14|0|14|0|14|0|14|0|14|0|14|0|14|0|14|0|14|0|14|0|14|0|14|0|14|0|14|0|14|0|14|0|14|0|14|0|14|0|14|0|14|0|14|0|14|0|14|0|14|0|14|0|14|0|14|0|14|0|14|0|14|0|14|0|14|0|14|0|14|0|14|0|14|0|14|0|14|0|14
1600000US3766960|592|196|148|75|14|25|51|39|103|51|16|20|117|73|42|30|50|37|51|38|551|190|116|61|14|25|42|40|103|51|16|20|117|73|42|30|50|37|51|38|499|175|79|49|14|25|40|40|103|51|16|20|104|72|42|30|50|37|51|38|52|47|37|42|0|14|2|4|0|14|0|14|13|21|0|14|0|14|0|14|27|34|12|23|0|14|2|4|0|14|0|14|13|21|0|14|0|14|0|14|25|34|25|34|0|14|0|14|0|14|0|14|0|14|0|14|0|14|0|14|0|14|0|14|0|14|0|14|0|14|0|14|0|14|0|14|0|14|0|14|0|14|0|14|0|14|0|14|0|14|0|14|0|14|0|14|0|14|0|14|0|14|0|14|0|14|0|14|0|14|0|14|0|14|0|14|0|14|0|14|0|14|0|14|0|14|0|14|0|14|0|14|0|14|0|14|0|14|0|14|32|35|32|35|0|14|0|14|0|14|0|14|0|14|0|14|0|14|0|14|9|15|0|14|0|14|9|15|0|14|0|14|0|14|0|14|0|14|0|14
1600000US3766980|298|132|85|64|38|30|69|42|68|74|7|10|7|10|5|7|5|8|14|16|298|132|85|64|38|30|69|42|68|74|7|10|7|10|5|7|5|8|14|16|257|112|61|45|38|30|53|31|68|74|7|10|7|10|5|7|5|8|13|16|41|47|24|41|0|14|16|22|0|14|0|14|0|14|0|14|0|14|1|2|28|42|24|41|0|14|3|6|0|14|0|14|0|14|0|14|0|14|1|2|13|22|0|14|0|14|13|22|0|14|0|14|0|14|0|14|0|14|0|14|0|14|0|14|0|14|0|14|0|14|0|14|0|14|0|14|0|14|0|14|0|14|0|14|0|14|0|14|0|14|0|14|0|14|0|14|0|14|0|14|0|14|0|14|0|14|0|14|0|14|0|14|0|14|0|14|0|14|0|14|0|14|0|14|0|14|0|14|0|14|0|14|0|14|0|14|0|14|0|14|0|14|0|14|0|14|0|14|0|14|0|14|0|14|0|14|0|14|0|14|0|14|0|14|0|14|0|14|0|14|0|14|0|14|0|14|0|14|0|14
1600000US3767000|113|47|38|24|14|15|4|7|14|12|6|5|5|5|12|15|15|12|5|7|113|47|38|24|14|15|4|7|14|12|6|5|5|5|12|15|15|12|5|7|94|41|31|20|8|8|0|14|14|12|6|5|5|5|12|15|15|12|3|5|19|16|7|9|6|12|4|7|0|14|0|14|0|14|0|14|0|14|2|4|17|16|7|9|6|12|4|7|0|14|0|14|0|14|0|14|0|14|0|14|2|4|0|14|0|14|0|14|0|14|0|14|0|14|0|14|0|14|2|4|0|14|0|14|0|14|0|14|0|14|0|14|0|14|0|14|0|14|0|14|0|14|0|14|0|14|0|14|0|14|0|14|0|14|0|14|0|14|0|14|0|14|0|14|0|14|0|14|0|14|0|14|0|14|0|14|0|14|0|14|0|14|0|14|0|14|0|14|0|14|0|14|0|14|0|14|0|14|0|14|0|14|0|14|0|14|0|14|0|14|0|14|0|14|0|14|0|14|0|14|0|14|0|14|0|14|0|14|0|14|0|14|0|14|0|14|0|14|0|14
1600000US3767420|11300|919|2200|529|2079|438|1988|506|1363|415|669|233|1310|396|1011|295|231|149|449|176|11113|917|2105|515|2021|430|1978|504|1363|415|669|233|1310|396|1011|295|231|149|425|165|9804|913|1891|495|1669|404|1874|501|1164|311|600|219|1101|351|997|295|141|90|367|167|1309|416|214|126|352|150|104|89|199|294|69|73|209|189|14|23|90|135|58|76|1017|333|214|126|294|135|104|89|199|294|15|18|68|59|14|23|90|135|19|41|292|215|0|25|58|57|0|25|0|25|54|70|141|178|0|25|0|25|39|65|0|25|0|25|0|25|0|25|0|25|0|25|0|25|0|25|0|25|0|25|0|25|0|25|0|25|0|25|0|25|0|25|0|25|0|25|0|25|0|25|0|25|0|25|0|25|0|25|0|25|0|25|0|25|0|25|0|25|0|25|0|25|0|25|0|25|0|25|0|25|0|25|0|25|0|25|0|25|0|25|121|93|63|51|58|50|0|25|0|25|0|25|0|25|0|25|0|25|0|25|66|69|32|53|0|25|10|23|0|25|0|25|0|25|0|25|0|25|24|46
1600000US3767700|394|181|141|117|68|54|44|65|24|36|0|14|22|30|61|87|34|39|0|14|394|181|141|117|68|54|44|65|24|36|0|14|22|30|61|87|34|39|0|14|357|165|128|115|68|54|44|65|0|14|0|14|22|30|61|87|34|39|0|14|37|44|13|23|0|14|0|14|24|36|0|14|0|14|0|14|0|14|0|14|37|44|13|23|0|14|0|14|24|36|0|14|0|14|0|14|0|14|0|14|0|14|0|14|0|14|0|14|0|14|0|14|0|14|0|14|0|14|0|14|0|14|0|14|0|14|0|14|0|14|0|14|0|14|0|14|0|14|0|14|0|14|0|14|0|14|0|14|0|14|0|14|0|14|0|14|0|14|0|14|0|14|0|14|0|14|0|14|0|14|0|14|0|14|0|14|0|14|0|14|0|14|0|14|0|14|0|14|0|14|0|14|0|14|0|14|0|14|0|14|0|14|0|14|0|14|0|14|0|14|0|14|0|14|0|14|0|14|0|14|0|14|0|14|0|14|0|14|0|14|0|14|0|14|0|14|0|14|0|14
1600000US3767720|842|137|38|29|139|69|127|64|232|106|131|59|93|56|51|32|19|19|12|13|827|139|34|26|139|69|127|64|232|106|120|57|93|56|51|32|19|19|12|13|763|130|34|26|139|69|127|64|192|80|108|57|90|56|42|26|19|19|12|13|64|50|0|14|0|14|0|14|40|42|12|13|3|6|9|16|0|14|0|14|56|48|0|14|0|14|0|14|32|41|12|13|3|6|9|16|0|14|0|14|8|12|0|14|0|14|0|14|8|12|0|14|0|14|0|14|0|14|0|14|0|14|0|14|0|14|0|14|0|14|0|14|0|14|0|14|0|14|0|14|0|14|0|14|0|14|0|14|0|14|0|14|0|14|0|14|0|14|0|14|0|14|0|14|0|14|0|14|0|14|0|14|0|14|0|14|0|14|0|14|0|14|0|14|0|14|0|14|0|14|0|14|0|14|0|14|0|14|0|14|4|6|4|6|0|14|0|14|0|14|0|14|0|14|0|14|0|14|0|14|11|12|0|14|0|14|0|14|0|14|11|12|0|14|0|14|0|14|0|14
1600000US3768040|107|43|10|9|36|24|16|16|2|3|3|4|2|3|0|14|11|7|27|22|96|41|8|8|28|23|16|16|2|3|3|4|2|3|0|14|11|7|26|21|93|41|8|8|28|23|16|16|2|3|3|4|2|3|0|14|9|7|25|21|3|4|0|14|0|14|0|14|0|14|0|14|0|14|0|14|2|4|1|3|3|4|0|14|0|14|0|14|0|14|0|14|0|14|0|14|2|4|1|3|0|14|0|14|0|14|0|14|0|14|0|14|0|14|0|14|0|14|0|14|0|14|0|14|0|14|0|14|0|14|0|14|0|14|0|14|0|14|0|14|0|14|0|14|0|14|0|14|0|14|0|14|0|14|0|14|0|14|0|14|0|14|0|14|0|14|0|14|0|14|0|14|0|14|0|14|0|14|0|14|0|14|0|14|0|14|0|14|0|14|0|14|0|14|0|14|0|14|0|14|2|3|2|3|0|14|0|14|0|14|0|14|0|14|0|14|0|14|0|14|9|11|0|14|8|10|0|14|0|14|0|14|0|14|0|14|0|14|1|4
1600000US3768320|168|78|52|48|0|14|24|24|46|53|11|14|3|4|17|18|1|2|14|19|147|73|44|41|0|14|11|20|46|53|11|14|3|4|17|18|1|2|14|19|128|72|44|41|0|14|11|20|46|53|5|8|3|4|17|18|1|2|1|3|19|20|0|14|0|14|0|14|0|14|6|9|0|14|0|14|0|14|13|18|6|9|0|14|0|14|0|14|0|14|6|9|0|14|0|14|0|14|0|14|13|18|0|14|0|14|0|14|0|14|0|14|0|14|0|14|0|14|13|18|0|14|0|14|0|14|0|14|0|14|0|14|0|14|0|14|0|14|0|14|0|14|0|14|0|14|0|14|0|14|0|14|0|14|0|14|0|14|0|14|0|14|0|14|0|14|0|14|0|14|0|14|0|14|0|14|0|14|0|14|0|14|0|14|0|14|0|14|0|14|0|14|0|14|0|14|0|14|0|14|13|19|0|14|0|14|13|19|0|14|0|14|0|14|0|14|0|14|0|14|8|13|8|13|0|14|0|14|0|14|0|14|0|14|0|14|0|14|0|14
1600000US3768340|1588|217|319|109|462|131|378|125|176|91|37|38|102|67|21|28|33|40|60|53|1521|203|319|109|462|131|311|111|176|91|37|38|102|67|21|28|33|40|60|53|1430|193|319|109|462|131|238|100|176|91|37|38|102|67|12|20|33|40|51|52|91|54|0|14|0|14|73|51|0|14|0|14|0|14|9|18|0|14|9|14|83|56|0|14|0|14|65|53|0|14|0|14|0|14|9|18|0|14|9|14|8|14|0|14|0|14|8|14|0|14|0|14|0|14|0|14|0|14|0|14|0|14|0|14|0|14|0|14|0|14|0|14|0|14|0|14|0|14|0|14|0|14|0|14|0|14|0|14|0|14|0|14|0|14|0|14|0|14|0|14|0|14|0|14|0|14|0|14|0|14|0|14|0|14|0|14|0|14|0|14|0|14|0|14|0|14|0|14|0|14|0|14|0|14|0|14|0|14|0|14|0|14|0|14|0|14|0|14|0|14|0|14|0|14|0|14|0|14|0|14|67|82|0|14|0|14|67|82|0|14|0|14|0|14|0|14|0|14|0|14
1600000US3768400|3130|367|257|166|333|134|745|250|552|268|172|94|539|201|351|172|85|74|96|64|3048|371|235|161|333|134|745|250|538|258|172|94|501|197|351|172|85|74|88|63|2846|360|235|161|333|134|679|236|511|256|165|94|492|197|258|155|85|74|88|63|202|101|0|19|0|19|66|62|27|32|7|11|9|13|93|76|0|19|0|19|195|101|0|19|0|19|66|62|27|32|0|19|9|13|93|76|0|19|0|19|7|11|0|19|0|19|0|19|0|19|7|11|0|19|0|19|0|19|0|19|0|19|0|19|0|19|0|19|0|19|0|19|0|19|0|19|0|19|0|19|0|19|0|19|0|19|0|19|0|19|0|19|0|19|0|19|0|19|0|19|0|19|0|19|0|19|0|19|0|19|0|19|0|19|0|19|0|19|0|19|0|19|0|19|0|19|0|19|0|19|0|19|0|19|0|19|0|19|0|19|30|43|22|32|0|19|0|19|0|19|0|19|0|19|0|19|0|19|8|12|52|54|0|19|0|19|0|19|14|24|0|19|38|63|0|19|0|19|0|19
1600000US3768500|1552|255|114|79|178|107|437|151|258|116|114|83|159|79|103|64|31|28|158|93|1532|254|103|77|178|107|437|151|249|116|114|83|159|79|103|64|31|28|158|93|1281|245|103|77|157|106|431|152|205|101|43|30|133|73|88|51|31|28|90|59|251|166|0|14|21|32|6|11|44|59|71|78|26|28|15|26|0|14|68|73|106|94|0|14|0|14|0|14|39|58|3|5|0|14|0|14|0|14|64|73|145|92|0|14|21|32|6|11|5|9|68|78|26|28|15|26|0|14|4|9|0|14|0|14|0|14|0|14|0|14|0|14|0|14|0|14|0|14|0|14|0|14|0|14|0|14|0|14|0|14|0|14|0|14|0|14|0|14|0|14|0|14|0|14|0|14|0|14|0|14|0|14|0|14|0|14|0|14|0|14|0|14|0|14|0|14|0|14|0|14|0|14|0|14|0|14|0|14|0|14|20|32|11|18|0|14|0|14|9|15|0|14|0|14|0|14|0|14|0|14|0|14|0|14|0|14|0|14|0|14|0|14|0|14|0|14|0|14|0|14
1600000US3768520|1151|177|303|130|40|31|104|62|93|57|52|69|325|136|94|71|25|26|115|84|1151|177|303|130|40|31|104|62|93|57|52|69|325|136|94|71|25|26|115|84|1072|164|303|130|40|31|104|62|93|57|48|69|250|103|94|71|25|26|115|84|79|101|0|14|0|14|0|14|0|14|4|6|75|98|0|14|0|14|0|14|36|51|0|14|0|14|0|14|0|14|0|14|36|51|0|14|0|14|0|14|43|51|0|14|0|14|0|14|0|14|4|6|39|48|0|14|0|14|0|14|0|14|0|14|0|14|0|14|0|14|0|14|0|14|0|14|0|14|0|14|0|14|0|14|0|14|0|14|0|14|0|14|0|14|0|14|0|14|0|14|0|14|0|14|0|14|0|14|0|14|0|14|0|14|0|14|0|14|0|14|0|14|0|14|0|14|0|14|0|14|0|14|0|14|0|14|0|14|0|14|0|14|0|14|0|14|0|14|0|14|0|14|0|14|0|14|0|14|0|14|0|14|0|14|0|14|0|14|0|14|0|14|0|14|0|14|0|14|0|14
1600000US3768580|681|176|133|83|226|120|38|33|33|31|16|18|56|46|57|40|89|46|33|29|626|174|109|80|209|120|38|33|33|31|16|18|56|46|57|40|89|46|19|23|456|134|89|79|106|65|25|26|13|17|16|18|56|46|43|33|89|46|19|23|170|107|20|19|103|103|13|20|20|26|0|14|0|14|14|23|0|14|0|14|170|107|20|19|103|103|13|20|20|26|0|14|0|14|14|23|0|14|0|14|0|14|0|14|0|14|0|14|0|14|0|14|0|14|0|14|0|14|0|14|0|14|0|14|0|14|0|14|0|14|0|14|0|14|0|14|0|14|0|14|0|14|0|14|0|14|0|14|0|14|0|14|0|14|0|14|0|14|0|14|0|14|0|14|0|14|0|14|0|14|0|14|0|14|0|14|0|14|0|14|0|14|0|14|0|14|0|14|0|14|0|14|0|14|0|14|0|14|0|14|45|33|14|15|17|19|0|14|0|14|0|14|0|14|0|14|0|14|14|16|10|15|10|15|0|14|0|14|0|14|0|14|0|14|0|14|0|14|0|14
1600000US3768740|112|114|15|23|9|11|3|6|3|5|4|8|4|7|5|9|62|89|7|10|112|114|15|23|9|11|3|6|3|5|4|8|4|7|5|9|62|89|7|10|102|110|15|23|9|11|3|6|3|5|4|8|4|7|0|14|62|89|2|5|10|15|0|14|0|14|0|14|0|14|0|14|0|14|5|9|0|14|5|8|10|15|0|14|0|14|0|14|0|14|0|14|0|14|5|9|0|14|5|8|0|14|0|14|0|14|0|14|0|14|0|14|0|14|0|14|0|14|0|14|0|14|0|14|0|14|0|14|0|14|0|14|0|14|0|14|0|14|0|14|0|14|0|14|0|14|0|14|0|14|0|14|0|14|0|14|0|14|0|14|0|14|0|14|0|14|0|14|0|14|0|14|0|14|0|14|0|14|0|14|0|14|0|14|0|14|0|14|0|14|0|14|0|14|0|14|0|14|0|14|0|14|0|14|0|14|0|14|0|14|0|14|0|14|0|14|0|14|0|14|0|14|0|14|0|14|0|14|0|14|0|14|0|14|0|14|0|14|0|14
1600000US3769020|1578|341|155|108|170|92|239|128|334|137|170|103|121|75|144|90|128|109|117|123|1559|342|145|107|161|93|239|128|334|137|170|103|121|75|144|90|128|109|117|123|1375|301|145|107|139|82|239|128|299|141|136|89|121|75|144|90|109|99|43|38|184|145|0|14|22|42|0|14|35|53|34|48|0|14|0|14|19|35|74|115|169|138|0|14|22|42|0|14|20|30|34|48|0|14|0|14|19|35|74|115|15|23|0|14|0|14|0|14|15|23|0|14|0|14|0|14|0|14|0|14|0|14|0|14|0|14|0|14|0|14|0|14|0|14|0|14|0|14|0|14|0|14|0|14|0|14|0|14|0|14|0|14|0|14|0|14|0|14|0|14|0|14|0|14|0|14|0|14|0|14|0|14|0|14|0|14|0|14|0|14|0|14|0|14|0|14|0|14|0|14|0|14|0|14|0|14|0|14|0|14|10|15|10|15|0|14|0|14|0|14|0|14|0|14|0|14|0|14|0|14|9|14|0|14|9|14|0|14|0|14|0|14|0|14|0|14|0|14|0|14
1600000US3769260|3351|335|137|77|479|168|664|203|172|100|233|148|404|139|226|127|707|229|329|169|3337|337|137|77|479|168|664|203|172|100|233|148|390|136|226|127|707|229|329|169|3022|314|137|77|469|166|628|181|160|89|131|100|390|136|226|127|571|185|310|169|315|177|0|19|10|17|36|56|12|19|102|103|0|19|0|19|136|98|19|30|71|70|0|19|0|19|35|55|0|19|14|22|0|19|0|19|22|26|0|19|244|160|0|19|10|17|1|4|12|19|88|99|0|19|0|19|114|96|19|30|0|19|0|19|0|19|0|19|0|19|0|19|0|19|0|19|0|19|0|19|0|19|0|19|0|19|0|19|0|19|0|19|0|19|0|19|0|19|0|19|0|19|0|19|0|19|0|19|0|19|0|19|0|19|0|19|0|19|0|19|0|19|0|19|0|19|0|19|0|19|0|19|0|19|0|19|0|19|0|19|0|19|0|19|0|19|0|19|0|19|0|19|0|19|0|19|0|19|0|19|14|22|0|19|0|19|0|19|0|19|0|19|14|22|0|19|0|19|0|19
1600000US3769520|1877|336|167|78|214|85|478|224|321|168|54|42|196|115|41|36|158|116|248|107|1877|336|167|78|214|85|478|224|321|168|54|42|196|115|41|36|158|116|248|107|1847|339|151|76|214|85|478|224|321|168|54|42|196|115|41|36|158|116|234|105|30|33|16|26|0|14|0|14|0|14|0|14|0|14|0|14|0|14|14|21|30|33|16|26|0|14|0|14|0|14|0|14|0|14|0|14|0|14|14|21|0|14|0|14|0|14|0|14|0|14|0|14|0|14|0|14|0|14|0|14|0|14|0|14|0|14|0|14|0|14|0|14|0|14|0|14|0|14|0|14|0|14|0|14|0|14|0|14|0|14|0|14|0|14|0|14|0|14|0|14|0|14|0|14|0|14|0|14|0|14|0|14|0|14|0|14|0|14|0|14|0|14|0|14|0|14|0|14|0|14|0|14|0|14|0|14|0|14|0|14|0|14|0|14|0|14|0|14|0|14|0|14|0|14|0|14|0|14|0|14|0|14|0|14|0|14|0|14|0|14|0|14|0|14|0|14|0|14|0|14
1600000US3769600|90|96|17|28|0|14|32|55|31|48|0|14|0|14|0|14|0|14|10|18|90|96|17|28|0|14|32|55|31|48|0|14|0|14|0|14|0|14|10|18|90|96|17|28|0|14|32|55|31|48|0|14|0|14|0|14|0|14|10|18|0|14|0|14|0|14|0|14|0|14|0|14|0|14|0|14|0|14|0|14|0|14|0|14|0|14|0|14|0|14|0|14|0|14|0|14|0|14|0|14|0|14|0|14|0|14|0|14|0|14|0|14|0|14|0|14|0|14|0|14|0|14|0|14|0|14|0|14|0|14|0|14|0|14|0|14|0|14|0|14|0|14|0|14|0|14|0|14|0|14|0|14|0|14|0|14|0|14|0|14|0|14|0|14|0|14|0|14|0|14|0|14|0|14|0|14|0|14|0|14|0|14|0|14|0|14|0|14|0|14|0|14|0|14|0|14|0|14|0|14|0|14|0|14|0|14|0|14|0|14|0|14|0|14|0|14|0|14|0|14|0|14|0|14|0|14|0|14|0|14|0|14|0|14|0|14|0|14|0|14
1600000US3769640|1017|290|146|114|136|91|344|238|17|20|46|48|163|119|46|58|89|112|30|50|979|278|146|114|136|91|344|238|17|20|19|22|152|117|46|58|89|112|30|50|927|274|124|92|136|91|344|238|17|20|19|22|152|117|46|58|89|112|0|14|52|64|22|38|0|14|0|14|0|14|0|14|0|14|0|14|0|14|30|50|52|64|22|38|0|14|0|14|0|14|0|14|0|14|0|14|0|14|30|50|0|14|0|14|0|14|0|14|0|14|0|14|0|14|0|14|0|14|0|14|0|14|0|14|0|14|0|14|0|14|0|14|0|14|0|14|0|14|0|14|0|14|0|14|0|14|0|14|0|14|0|14|0|14|0|14|0|14|0|14|0|14|0|14|0|14|0|14|0|14|0|14|0|14|0|14|0|14|0|14|0|14|0|14|0|14|0|14|0|14|0|14|0|14|0|14|0|14|0|14|0|14|0|14|0|14|0|14|0|14|0|14|0|14|0|14|0|14|0|14|38|47|0|14|0|14|0|14|0|14|27|44|11|18|0|14|0|14|0|14
1600000US3769680|369|160|51|43|3|5|14|19|50|57|39|42|91|72|44|61|68|63|9|10|369|160|51|43|3|5|14|19|50|57|39|42|91|72|44|61|68|63|9|10|338|163|37|36|3|5|14|19|50|57|24|33|91|72|42|60|68|63|9|10|31|33|14|21|0|14|0|14|0|14|15|26|0|14|2|3|0|14|0|14|29|33|14|21|0|14|0|14|0|14|15|26|0|14|0|14|0|14|0|14|2|3|0|14|0|14|0|14|0|14|0|14|0|14|2|3|0|14|0|14|0|14|0|14|0|14|0|14|0|14|0|14|0|14|0|14|0|14|0|14|0|14|0|14|0|14|0|14|0|14|0|14|0|14|0|14|0|14|0|14|0|14|0|14|0|14|0|14|0|14|0|14|0|14|0|14|0|14|0|14|0|14|0|14|0|14|0|14|0|14|0|14|0|14|0|14|0|14|0|14|0|14|0|14|0|14|0|14|0|14|0|14|0|14|0|14|0|14|0|14|0|14|0|14|0|14|0|14|0|14|0|14|0|14|0|14|0|14|0|14
1600000US3769720|51|35|16|18|14|12|0|14|2|4|0|14|1|2|14|20|4|6|0|14|51|35|16|18|14|12|0|14|2|4|0|14|1|2|14|20|4|6|0|14|48|34|16|18|14|12|0|14|1|3|0|14|1|2|14|20|2|3|0|14|3|6|0|14|0|14|0|14|1|3|0|14|0|14|0|14|2|4|0|14|3|6|0|14|0|14|0|14|1|3|0|14|0|14|0|14|2|4|0|14|0|14|0|14|0|14|0|14|0|14|0|14|0|14|0|14|0|14|0|14|0|14|0|14|0|14|0|14|0|14|0|14|0|14|0|14|0|14|0|14|0|14|0|14|0|14|0|14|0|14|0|14|0|14|0|14|0|14|0|14|0|14|0|14|0|14|0|14|0|14|0|14|0|14|0|14|0|14|0|14|0|14|0|14|0|14|0|14|0|14|0|14|0|14|0|14|0|14|0|14|0|14|0|14|0|14|0|14|0|14|0|14|0|14|0|14|0|14|0|14|0|14|0|14|0|14|0|14|0|14|0|14|0|14|0|14|0|14|0|14
1600000US3769740|541|225|41|44|65|51|35|41|56|44|152|180|96|67|0|14|35|33|61|47|541|225|41|44|65|51|35|41|56|44|152|180|96|67|0|14|35|33|61|47|526|224|41|44|65|51|35|41|41|39|152|180|96|67|0|14|35|33|61|47|15|22|0|14|0|14|0|14|15|22|0|14|0|14|0|14|0|14|0|14|0|14|0|14|0|14|0|14|0|14|0|14|0|14|0|14|0|14|0|14|15|22|0|14|0|14|0|14|15|22|0|14|0|14|0|14|0|14|0|14|0|14|0|14|0|14|0|14|0|14|0|14|0|14|0|14|0|14|0|14|0|14|0|14|0|14|0|14|0|14|0|14|0|14|0|14|0|14|0|14|0|14|0|14|0|14|0|14|0|14|0|14|0|14|0|14|0|14|0|14|0|14|0|14|0|14|0|14|0|14|0|14|0|14|0|14|0|14|0|14|0|14|0|14|0|14|0|14|0|14|0|14|0|14|0|14|0|14|0|14|0|14|0|14|0|14|0|14|0|14|0|14|0|14|0|14|0|14|0|14
1600000US3769755|79|73|0|14|0|14|0|14|0|14|25|34|25|34|0|14|29|44|0|14|79|73|0|14|0|14|0|14|0|14|25|34|25|34|0|14|29|44|0|14|79|73|0|14|0|14|0|14|0|14|25|34|25|34|0|14|29|44|0|14|0|14|0|14|0|14|0|14|0|14|0|14|0|14|0|14|0|14|0|14|0|14|0|14|0|14|0|14|0|14|0|14|0|14|0|14|0|14|0|14|0|14|0|14|0|14|0|14|0|14|0|14|0|14|0|14|0|14|0|14|0|14|0|14|0|14|0|14|0|14|0|14|0|14|0|14|0|14|0|14|0|14|0|14|0|14|0|14|0|14|0|14|0|14|0|14|0|14|0|14|0|14|0|14|0|14|0|14|0|14|0|14|0|14|0|14|0|14|0|14|0|14|0|14|0|14|0|14|0|14|0|14|0|14|0|14|0|14|0|14|0|14|0|14|0|14|0|14|0|14|0|14|0|14|0|14|0|14|0|14|0|14|0|14|0|14|0|14|0|14|0|14|0|14|0|14|0|14|0|14
1600000US3769795|308|180|39|22|39|45|24|27|55|42|6|13|23|21|10|13|18|16|94|132|225|77|39|22|39|45|24|27|55|42|6|13|23|21|10|13|18|16|11|10|208|72|39|22|39|45|22|26|55|42|6|13|14|15|10|13|18|16|5|6|17|16|0|14|0|14|2|5|0|14|0|14|9|14|0|14|0|14|6|7|12|15|0|14|0|14|0|14|0|14|0|14|9|14|0|14|0|14|3|5|5|6|0|14|0|14|2|5|0|14|0|14|0|14|0|14|0|14|3|5|0|14|0|14|0|14|0|14|0|14|0|14|0|14|0|14|0|14|0|14|0|14|0|14|0|14|0|14|0|14|0|14|0|14|0|14|0|14|0|14|0|14|0|14|0|14|0|14|0|14|0|14|0|14|0|14|0|14|0|14|0|14|0|14|0|14|0|14|0|14|0|14|0|14|0|14|0|14|0|14|0|14|0|14|0|14|0|14|0|14|0|14|0|14|0|14|0|14|0|14|83|132|0|14|0|14|0|14|0|14|0|14|0|14|0|14|0|14|83|132
1600000US3769840|718|207|82|54|78|82|93|56|115|76|64|52|128|64|53|36|55|43|50|36|714|206|78|54|78|82|93|56|115|76|64|52|128|64|53|36|55|43|50|36|690|199|66|49|78|82|92|56|115|76|58|51|123|64|53|36|55|43|50|36|24|25|12|22|0|14|1|3|0|14|6|9|5|7|0|14|0|14|0|14|22|25|12|22|0|14|1|3|0|14|6|9|3|6|0|14|0|14|0|14|2|4|0|14|0|14|0|14|0|14|0|14|2|4|0|14|0|14|0|14|0|14|0|14|0|14|0|14|0|14|0|14|0|14|0|14|0|14|0|14|0|14|0|14|0|14|0|14|0|14|0|14|0|14|0|14|0|14|0|14|0|14|0|14|0|14|0|14|0|14|0|14|0|14|0|14|0|14|0|14|0|14|0|14|0|14|0|14|0|14|0|14|0|14|0|14|0|14|0|14|0|14|0|14|0|14|0|14|0|14|0|14|0|14|0|14|0|14|0|14|4|10|4|10|0|14|0|14|0|14|0|14|0|14|0|14|0|14|0|14
1600000US3770320|32|21|2|3|1|3|2|5|2|3|0|14|2|5|0|14|16|13|7|7|32|21|2|3|1|3|2|5|2|3|0|14|2|5|0|14|16|13|7|7|32|21|2|3|1|3|2|5|2|3|0|14|2|5|0|14|16|13|7|7|0|14|0|14|0|14|0|14|0|14|0|14|0|14|0|14|0|14|0|14|0|14|0|14|0|14|0|14|0|14|0|14|0|14|0|14|0|14|0|14|0|14|0|14|0|14|0|14|0|14|0|14|0|14|0|14|0|14|0|14|0|14|0|14|0|14|0|14|0|14|0|14|0|14|0|14|0|14|0|14|0|14|0|14|0|14|0|14|0|14|0|14|0|14|0|14|0|14|0|14|0|14|0|14|0|14|0|14|0|14|0|14|0|14|0|14|0|14|0|14|0|14|0|14|0|14|0|14|0|14|0|14|0|14|0|14|0|14|0|14|0|14|0|14|0|14|0|14|0|14|0|14|0|14|0|14|0|14|0|14|0|14|0|14|0|14|0|14|0|14|0|14|0|14|0|14|0|14|0|14
1600000US3770340|174|65|11|15|9|16|13|11|52|27|28|20|36|37|4|6|7|8|14|15|170|65|11|15|9|16|13|11|48|27|28|20|36|37|4|6|7|8|14|15|166|64|11|15|9|16|13|11|48|27|28|20|36|37|4|6|3|5|14|15|4|7|0|14|0|14|0|14|0|14|0|14|0|14|0|14|4|7|0|14|4|7|0|14|0|14|0|14|0|14|0|14|0|14|0|14|4|7|0|14|0|14|0|14|0|14|0|14|0|14|0|14|0|14|0|14|0|14|0|14|0|14|0|14|0|14|0|14|0|14|0|14|0|14|0|14|0|14|0|14|0|14|0|14|0|14|0|14|0|14|0|14|0|14|0|14|0|14|0|14|0|14|0|14|0|14|0|14|0|14|0|14|0|14|0|14|0|14|0|14|0|14|0|14|0|14|0|14|0|14|0|14|0|14|0|14|0|14|0|14|0|14|0|14|0|14|0|14|0|14|0|14|0|14|0|14|0|14|0|14|4|6|0|14|0|14|0|14|4|6|0|14|0|14|0|14|0|14|0|14
1600000US3770380|1908|318|332|182|235|133|258|147|97|58|292|192|172|103|86|94|234|152|202|114|1884|317|316|177|235|133|257|147|97|58|292|192|172|103|86|94|234|152|195|114|1365|327|253|152|179|129|108|74|74|50|109|88|172|103|86|94|234|152|150|110|519|225|63|68|56|60|149|130|23|27|183|147|0|14|0|14|0|14|45|52|349|155|63|68|56|60|125|107|23|27|37|64|0|14|0|14|0|14|45|52|170|136|0|14|0|14|24|40|0|14|146|136|0|14|0|14|0|14|0|14|0|14|0|14|0|14|0|14|0|14|0|14|0|14|0|14|0|14|0|14|0|14|0|14|0|14|0|14|0|14|0|14|0|14|0|14|0|14|0|14|0|14|0|14|0|14|0|14|0|14|0|14|0|14|0|14|0|14|0|14|0|14|0|14|0|14|0|14|0|14|0|14|0|14|0|14|0|14|0|14|24|32|16|25|0|14|1|8|0|14|0|14|0|14|0|14|0|14|7|12|0|14|0|14|0|14|0|14|0|14|0|14|0|14|0|14|0|14|0|14
1600000US3770480|309|102|19|18|28|18|54|32|49|37|50|43|45|46|21|15|26|20|17|13|306|102|17|18|28|18|54|32|49|37|50|43|45|46|21|15|26|20|16|13|285|101|17|18|25|18|47|32|49|37|47|44|45|46|19|15|20|19|16|13|21|16|0|14|3|6|7|9|0|14|3|6|0|14|2|4|6|9|0|14|15|14|0|14|1|4|6|9|0|14|0|14|0|14|2|4|6|9|0|14|6|8|0|14|2|3|1|3|0|14|3|6|0|14|0|14|0|14|0|14|1|1|0|14|0|14|0|14|0|14|0|14|0|14|0|14|0|14|1|1|1|1|0|14|0|14|0|14|0|14|0|14|0|14|0|14|0|14|1|1|0|14|0|14|0|14|0|14|0|14|0|14|0|14|0|14|0|14|0|14|0|14|0|14|0|14|0|14|0|14|0|14|0|14|0|14|0|14|0|14|2|4|2|4|0|14|0|14|0|14|0|14|0|14|0|14|0|14|0|14|0|14|0|14|0|14|0|14|0|14|0|14|0|14|0|14|0|14|0|14
1600000US3770540|19228|1102|2051|419|1903|407|1325|322|2355|502|1017|296|2994|600|2515|602|3239|544|1829|522|18761|1109|1792|370|1846|413|1258|321|2297|505|1017|296|2986|597|2515|602|3239|544|1811|518|17388|1021|1685|343|1705|366|1200|324|1949|418|978|297|2838|587|2416|600|2912|486|1705|526|1373|407|107|83|141|140|58|46|348|304|39|47|148|133|99|83|327|188|106|87|948|377|107|83|141|140|35|38|331|303|39|47|86|118|62|69|55|45|92|83|425|210|0|32|0|32|23|27|17|23|0|32|62|64|37|43|272|191|14|20|8|17|0|32|0|32|8|17|0|32|0|32|0|32|0|32|0|32|0|32|8|17|0|32|0|32|8|17|0|32|0|32|0|32|0|32|0|32|0|32|0|32|0|32|0|32|0|32|0|32|0|32|0|32|0|32|0|32|0|32|0|32|0|32|0|32|0|32|0|32|0|32|0|32|0|32|0|32|0|32|287|159|166|163|27|31|59|62|9|14|0|32|8|13|0|32|0|32|18|30|172|94|93|80|30|30|0|32|49|48|0|32|0|32|0|32|0|32|0|32
1600000US3770580|65|54|0|14|0|14|19|22|24|37|0|14|0|14|0|14|0|14|22|20|52|38|0|14|0|14|19|22|24|37|0|14|0|14|0|14|0|14|9|14|52|38|0|14|0|14|19|22|24|37|0|14|0|14|0|14|0|14|9|14|0|14|0|14|0|14|0|14|0|14|0|14|0|14|0|14|0|14|0|14|0|14|0|14|0|14|0|14|0|14|0|14|0|14|0|14|0|14|0|14|0|14|0|14|0|14|0|14|0|14|0|14|0|14|0|14|0|14|0|14|0|14|0|14|0|14|0|14|0|14|0|14|0|14|0|14|0|14|0|14|0|14|0|14|0|14|0|14|0|14|0|14|0|14|0|14|0|14|0|14|0|14|0|14|0|14|0|14|0|14|0|14|0|14|0|14|0|14|0|14|0|14|0|14|0|14|0|14|0|14|0|14|0|14|0|14|0|14|0|14|0|14|0|14|0|14|0|14|0|14|0|14|0|14|0|14|0|14|0|14|13|20|0|14|0|14|0|14|0|14|0|14|0|14|0|14|0|14|13|20
1600000US3770660|2482|324|203|129|460|147|331|157|554|220|182|108|248|128|271|162|85|81|148|88|2482|324|203|129|460|147|331|157|554|220|182|108|248|128|271|162|85|81|148|88|2352|325|193|126|413|120|284|138|554|220|156|95|248|128|271|162|85|81|148|88|130|85|10|16|47|61|47|74|0|19|26|46|0|19|0|19|0|19|0|19|107|72|10|16|47|61|24|37|0|19|26|46|0|19|0|19|0|19|0|19|23|37|0|19|0|19|23|37|0|19|0|19|0|19|0|19|0|19|0|19|0|19|0|19|0|19|0|19|0|19|0|19|0|19|0|19|0|19|0|19|0|19|0|19|0|19|0|19|0|19|0|19|0|19|0|19|0|19|0|19|0|19|0|19|0|19|0|19|0|19|0|19|0|19|0|19|0|19|0|19|0|19|0|19|0|19|0|19|0|19|0|19|0|19|0|19|0|19|0|19|0|19|0|19|0|19|0|19|0|19|0|19|0|19|0|19|0|19|0|19|0|19|0|19|0|19|0|19|0|19|0|19|0|19|0|19|0|19|0|19
1600000US3770720|1329|277|623|246|104|100|190|128|44|46|0|14|158|63|8|19|75|76|127|111|1297|280|623|246|72|84|190|128|44|46|0|14|158|63|8|19|75|76|127|111|1143|258|569|241|72|84|139|105|44|46|0|14|158|63|8|19|26|44|127|111|154|124|54|64|0|14|51|78|0|14|0|14|0|14|0|14|49|50|0|14|137|126|37|60|0|14|51|78|0|14|0|14|0|14|0|14|49|50|0|14|17|30|17|30|0|14|0|14|0|14|0|14|0|14|0|14|0|14|0|14|0|14|0|14|0|14|0|14|0|14|0|14|0|14|0|14|0|14|0|14|0|14|0|14|0|14|0|14|0|14|0|14|0|14|0|14|0|14|0|14|0|14|0|14|0|14|0|14|0|14|0|14|0|14|0|14|0|14|0|14|0|14|0|14|0|14|0|14|0|14|0|14|0|14|0|14|0|14|0|14|32|57|0|14|32|57|0|14|0|14|0|14|0|14|0|14|0|14|0|14|0|14|0|14|0|14|0|14|0|14|0|14|0|14|0|14|0|14|0|14
1600000US3770740|1374|198|71|64|162|103|289|157|224|118|298|138|143|97|177|116|2|4|8|12|1359|196|56|57|162|103|289|157|224|118|298|138|143|97|177|116|2|4|8|12|1323|195|56|57|162|103|273|163|224|118|280|135|143|97|177|116|0|14|8|12|36|43|0|14|0|14|16|30|0|14|18|32|0|14|0|14|2|4|0|14|2|4|0|14|0|14|0|14|0|14|0|14|0|14|0|14|2|4|0|14|34|43|0|14|0|14|16|30|0|14|18|32|0|14|0|14|0|14|0|14|0|14|0|14|0|14|0|14|0|14|0|14|0|14|0|14|0|14|0|14|0|14|0|14|0|14|0|14|0|14|0|14|0|14|0|14|0|14|0|14|0|14|0|14|0|14|0|14|0|14|0|14|0|14|0|14|0|14|0|14|0|14|0|14|0|14|0|14|0|14|0|14|0|14|0|14|0|14|0|14|15|27|15|27|0|14|0|14|0|14|0|14|0|14|0|14|0|14|0|14|0|14|0|14|0|14|0|14|0|14|0|14|0|14|0|14|0|14|0|14
1600000US3770780|823|182|251|135|17|13|47|54|97|53|82|71|120|72|51|40|77|49|81|66|822|181|251|135|17|13|47|54|97|53|81|71|120|72|51|40|77|49|81|66|734|162|220|133|11|12|47|54|83|43|62|47|120|72|33|28|77|49|81|66|88|56|31|41|6|7|0|14|14|19|19|30|0|14|18|29|0|14|0|14|82|56|31|41|6|7|0|14|8|16|19|30|0|14|18|29|0|14|0|14|6|9|0|14|0|14|0|14|6|9|0|14|0|14|0|14|0|14|0|14|0|14|0|14|0|14|0|14|0|14|0|14|0|14|0|14|0|14|0|14|0|14|0|14|0|14|0|14|0|14|0|14|0|14|0|14|0|14|0|14|0|14|0|14|0|14|0|14|0|14|0|14|0|14|0|14|0|14|0|14|0|14|0|14|0|14|0|14|0|14|0|14|0|14|0|14|0|14|0|14|0|14|0|14|0|14|0|14|0|14|0|14|0|14|0|14|0|14|0|14|1|2|0|14|0|14|0|14|0|14|1|2|0|14|0|14|0|14|0|14
1600000US3770820|502|175|21|21|59|55|184|95|115|58|33|30|16|17|0|14|19|19|55|59|500|174|21|21|59|55|184|95|115|58|33|30|16|17|0|14|19|19|53|59|470|165|19|19|52|47|184|95|94|49|33|30|16|17|0|14|19|19|53|59|30|30|2|5|7|16|0|14|21|24|0|14|0|14|0|14|0|14|0|14|30|30|2|5|7|16|0|14|21|24|0|14|0|14|0|14|0|14|0|14|0|14|0|14|0|14|0|14|0|14|0|14|0|14|0|14|0|14|0|14|0|14|0|14|0|14|0|14|0|14|0|14|0|14|0|14|0|14|0|14|0|14|0|14|0|14|0|14|0|14|0|14|0|14|0|14|0|14|0|14|0|14|0|14|0|14|0|14|0|14|0|14|0|14|0|14|0|14|0|14|0|14|0|14|0|14|0|14|0|14|0|14|0|14|0|14|0|14|0|14|0|14|0|14|0|14|0|14|0|14|0|14|0|14|0|14|0|14|0|14|2|5|0|14|0|14|0|14|0|14|0|14|0|14|0|14|0|14|2|5
1600000US3770860|132|70|12|14|18|18|2|3|23|23|1|4|52|48|7|11|1|3|16|18|132|70|12|14|18|18|2|3|23|23|1|4|52|48|7|11|1|3|16|18|122|69|12|14|18|18|2|3|14|17|0|14|52|48|7|11|1|3|16|18|10|15|0|14|0|14|0|14|9|15|1|4|0|14|0|14|0|14|0|14|7|14|0|14|0|14|0|14|7|14|0|14|0|14|0|14|0|14|0|14|3|5|0|14|0|14|0|14|2|4|1|4|0|14|0|14|0|14|0|14|0|14|0|14|0|14|0|14|0|14|0|14|0|14|0|14|0|14|0|14|0|14|0|14|0|14|0|14|0|14|0|14|0|14|0|14|0|14|0|14|0|14|0|14|0|14|0|14|0|14|0|14|0|14|0|14|0|14|0|14|0|14|0|14|0|14|0|14|0|14|0|14|0|14|0|14|0|14|0|14|0|14|0|14|0|14|0|14|0|14|0|14|0|14|0|14|0|14|0|14|0|14|0|14|0|14|0|14|0|14|0|14|0|14|0|14|0|14|0|14
1600000US3770920|1053|286|248|120|232|80|292|210|81|41|74|72|56|45|0|14|8|12|62|41|1031|289|238|122|224|80|292|210|81|41|74|72|56|45|0|14|8|12|58|38|909|279|212|116|183|74|285|208|76|42|74|72|27|23|0|14|8|12|44|40|122|62|26|33|41|26|7|13|5|7|0|14|29|34|0|14|0|14|14|9|63|49|26|33|8|11|0|14|0|14|0|14|29|34|0|14|0|14|0|14|59|34|0|14|33|22|7|13|5|7|0|14|0|14|0|14|0|14|14|9|0|14|0|14|0|14|0|14|0|14|0|14|0|14|0|14|0|14|0|14|0|14|0|14|0|14|0|14|0|14|0|14|0|14|0|14|0|14|0|14|0|14|0|14|0|14|0|14|0|14|0|14|0|14|0|14|0|14|0|14|0|14|0|14|0|14|0|14|0|14|0|14|0|14|0|14|0|14|0|14|18|18|10|12|8|13|0|14|0|14|0|14|0|14|0|14|0|14|0|14|4|9|0|14|0|14|0|14|0|14|0|14|0|14|0|14|0|14|4|9
1600000US3771100|328|110|139|62|22|17|65|56|37|37|5|11|48|34|2|5|0|14|10|13|278|91|98|46|22|17|61|56|37|37|5|11|43|33|2|5|0|14|10|13|246|79|98|46|22|17|46|51|24|31|5|11|39|30|2|5|0|14|10|13|32|39|0|14|0|14|15|28|13|23|0|14|4|9|0|14|0|14|0|14|32|39|0|14|0|14|15|28|13|23|0|14|4|9|0|14|0|14|0|14|0|14|0|14|0|14|0|14|0|14|0|14|0|14|0|14|0|14|0|14|0|14|0|14|0|14|0|14|0|14|0|14|0|14|0|14|0|14|0|14|0|14|0|14|0|14|0|14|0|14|0|14|0|14|0|14|0|14|0|14|0|14|0|14|0|14|0|14|0|14|0|14|0|14|0|14|0|14|0|14|0|14|0|14|0|14|0|14|0|14|0|14|0|14|0|14|0|14|0|14|45|44|41|44|0|14|4|6|0|14|0|14|0|14|0|14|0|14|0|14|5|7|0|14|0|14|0|14|0|14|0|14|5|7|0|14|0|14|0|14
1600000US3771160|1272|266|239|135|135|93|204|169|344|139|79|68|136|116|10|16|82|49|43|40|1165|272|213|108|135|93|148|148|319|137|79|68|136|116|10|16|82|49|43|40|1086|254|198|100|107|86|148|148|283|124|79|68|136|116|10|16|82|49|43|40|79|67|15|23|28|44|0|14|36|38|0|14|0|14|0|14|0|14|0|14|79|67|15|23|28|44|0|14|36|38|0|14|0|14|0|14|0|14|0|14|0|14|0|14|0|14|0|14|0|14|0|14|0|14|0|14|0|14|0|14|0|14|0|14|0|14|0|14|0|14|0|14|0|14|0|14|0|14|0|14|0|14|0|14|0|14|0|14|0|14|0|14|0|14|0|14|0|14|0|14|0|14|0|14|0|14|0|14|0|14|0|14|0|14|0|14|0|14|0|14|0|14|0|14|0|14|0|14|0|14|0|14|0|14|0|14|0|14|0|14|0|14|0|14|0|14|0|14|0|14|0|14|0|14|0|14|0|14|0|14|107|92|26|41|0|14|56|79|25|28|0|14|0|14|0|14|0|14|0|14
1600000US3771220|4053|453|1381|360|798|276|366|152|164|112|307|157|354|164|244|180|125|79|314|221|3857|435|1306|370|798|276|296|148|164|112|307|157|303|155|244|180|125|79|314|221|3435|459|1127|326|719|268|246|140|152|110|276|143|303|155|244|180|101|72|267|181|422|197|179|159|79|68|50|64|12|18|31|72|0|19|0|19|24|35|47|56|368|188|179|159|34|36|50|64|12|18|31|72|0|19|0|19|24|35|38|55|54|60|0|19|45|56|0|19|0|19|0|19|0|19|0|19|0|19|9|12|0|19|0|19|0|19|0|19|0|19|0|19|0|19|0|19|0|19|0|19|0|19|0|19|0|19|0|19|0|19|0|19|0|19|0|19|0|19|0|19|0|19|0|19|0|19|0|19|0|19|0|19|0|19|0|19|0|19|0|19|0|19|0|19|0|19|0|19|0|19|0|19|0|19|0|19|0|19|0|19|102|78|75|69|0|19|27|33|0|19|0|19|0|19|0|19|0|19|0|19|94|73|0|19|0|19|43|3|0|19|0|19|51|73|0|19|0|19|0|19
1600000US3771240|158|53|36|19|29|17|28|21|3|5|2|3|9|7|25|16|16|21|10|7|158|53|36|19|29|17|28|21|3|5|2|3|9|7|25|16|16|21|10|7|156|53|36|19|27|17|28|21|3|5|2|3|9|7|25|16|16|21|10|7|2|3|0|14|2|3|0|14|0|14|0|14|0|14|0|14|0|14|0|14|2|3|0|14|2|3|0|14|0|14|0|14|0|14|0|14|0|14|0|14|0|14|0|14|0|14|0|14|0|14|0|14|0|14|0|14|0|14|0|14|0|14|0|14|0|14|0|14|0|14|0|14|0|14|0|14|0|14|0|14|0|14|0|14|0|14|0|14|0|14|0|14|0|14|0|14|0|14|0|14|0|14|0|14|0|14|0|14|0|14|0|14|0|14|0|14|0|14|0|14|0|14|0|14|0|14|0|14|0|14|0|14|0|14|0|14|0|14|0|14|0|14|0|14|0|14|0|14|0|14|0|14|0|14|0|14|0|14|0|14|0|14|0|14|0|14|0|14|0|14|0|14|0|14|0|14|0|14|0|14
1600000US3771320|64|51|0|14|3|6|11|15|0|14|11|20|10|15|21|23|7|7|1|4|64|51|0|14|3|6|11|15|0|14|11|20|10|15|21|23|7|7|1|4|62|49|0|14|3|6|11|15|0|14|11|20|9|15|21|23|7|7|0|14|2|6|0|14|0|14|0|14|0|14|0|14|1|3|0|14|0|14|1|4|2|6|0|14|0|14|0|14|0|14|0|14|1|3|0|14|0|14|1|4|0|14|0|14|0|14|0|14|0|14|0|14|0|14|0|14|0|14|0|14|0|14|0|14|0|14|0|14|0|14|0|14|0|14|0|14|0|14|0|14|0|14|0|14|0|14|0|14|0|14|0|14|0|14|0|14|0|14|0|14|0|14|0|14|0|14|0|14|0|14|0|14|0|14|0|14|0|14|0|14|0|14|0|14|0|14|0|14|0|14|0|14|0|14|0|14|0|14|0|14|0|14|0|14|0|14|0|14|0|14|0|14|0|14|0|14|0|14|0|14|0|14|0|14|0|14|0|14|0|14|0|14|0|14|0|14|0|14|0|14
1600000US3771440|0|14|0|14|0|14|0|14|0|14|0|14|0|14|0|14|0|14|0|14|0|14|0|14|0|14|0|14|0|14|0|14|0|14|0|14|0|14|0|14|0|14|0|14|0|14|0|14|0|14|0|14|0|14|0|14|0|14|0|14|0|14|0|14|0|14|0|14|0|14|0|14|0|14|0|14|0|14|0|14|0|14|0|14|0|14|0|14|0|14|0|14|0|14|0|14|0|14|0|14|0|14|0|14|0|14|0|14|0|14|0|14|0|14|0|14|0|14|0|14|0|14|0|14|0|14|0|14|0|14|0|14|0|14|0|14|0|14|0|14|0|14|0|14|0|14|0|14|0|14|0|14|0|14|0|14|0|14|0|14|0|14|0|14|0|14|0|14|0|14|0|14|0|14|0|14|0|14|0|14|0|14|0|14|0|14|0|14|0|14|0|14|0|14|0|14|0|14|0|14|0|14|0|14|0|14|0|14|0|14|0|14|0|14|0|14|0|14|0|14|0|14|0|14|0|14|0|14|0|14|0|14|0|14|0|14|0|14|0|14
1600000US3771460|7659|584|634|239|961|389|641|220|615|187|807|336|874|248|1166|277|1181|273|780|262|7503|590|569|225|940|386|641|220|615|187|807|336|863|241|1166|277|1148|273|754|260|6624|547|512|208|741|320|552|222|468|169|712|314|796|240|1065|266|1064|266|714|257|879|305|57|67|199|259|89|78|147|99|95|98|67|66|101|76|84|66|40|38|859|304|57|67|192|261|89|78|147|99|95|98|67|66|101|76|71|60|40|38|20|30|0|25|7|12|0|25|0|25|0|25|0|25|0|25|13|23|0|25|24|29|0|25|0|25|0|25|0|25|0|25|11|22|0|25|0|25|13|21|11|22|0|25|0|25|0|25|0|25|0|25|11|22|0|25|0|25|0|25|13|21|0|25|0|25|0|25|0|25|0|25|0|25|0|25|0|25|13|21|0|25|0|25|0|25|0|25|0|25|0|25|0|25|0|25|0|25|0|25|63|78|63|78|0|25|0|25|0|25|0|25|0|25|0|25|0|25|0|25|69|53|2|4|21|24|0|25|0|25|0|25|0|25|0|25|33|40|13|21
1600000US3771500|4185|459|1270|254|701|200|380|200|337|121|177|89|374|133|590|214|316|133|40|34|3999|479|1177|250|684|191|380|200|315|116|150|85|359|136|590|214|304|128|40|34|3345|406|943|210|606|181|197|97|255|100|150|85|335|129|585|215|234|93|40|34|654|283|234|181|78|60|183|183|60|50|0|21|24|47|5|8|70|80|0|21|402|191|113|139|71|55|59|40|60|50|0|21|24|47|5|8|70|80|0|21|252|241|121|177|7|13|124|178|0|21|0|21|0|21|0|21|0|21|0|21|0|21|0|21|0|21|0|21|0|21|0|21|0|21|0|21|0|21|0|21|0|21|0|21|0|21|0|21|0|21|0|21|0|21|0|21|0|21|0|21|0|21|0|21|0|21|0|21|0|21|0|21|0|21|0|21|0|21|0|21|0|21|0|21|0|21|0|21|0|21|0|21|0|21|0|21|0|21|0|21|148|82|71|59|1|5|0|21|22|22|27|36|15|25|0|21|12|19|0|21|38|35|22|27|16|26|0|21|0|21|0|21|0|21|0|21|0|21|0|21
1600000US3771560|1854|361|106|72|465|283|574|355|300|130|137|111|193|179|0|14|53|57|26|27|1828|360|97|62|465|283|557|357|300|130|137|111|193|179|0|14|53|57|26|27|1685|369|92|61|421|281|547|359|226|120|137|111|193|179|0|14|53|57|16|22|143|90|5|8|44|42|10|16|74|65|0|14|0|14|0|14|0|14|10|16|124|85|5|8|35|39|10|16|74|65|0|14|0|14|0|14|0|14|0|14|19|21|0|14|9|14|0|14|0|14|0|14|0|14|0|14|0|14|10|16|0|14|0|14|0|14|0|14|0|14|0|14|0|14|0|14|0|14|0|14|0|14|0|14|0|14|0|14|0|14|0|14|0|14|0|14|0|14|0|14|0|14|0|14|0|14|0|14|0|14|0|14|0|14|0|14|0|14|0|14|0|14|0|14|0|14|0|14|0|14|0|14|0|14|0|14|0|14|0|14|26|30|9|14|0|14|17|27|0|14|0|14|0|14|0|14|0|14|0|14|0|14|0|14|0|14|0|14|0|14|0|14|0|14|0|14|0|14|0|14
1600000US3771600|123|51|43|26|18|11|8|13|12|14|12|11|15|14|2|4|11|14|2|3|123|51|43|26|18|11|8|13|12|14|12|11|15|14|2|4|11|14|2|3|115|49|36|25|18|11|8|13|12|14|12|11|14|14|2|4|11|14|2|3|8|9|7|9|0|14|0|14|0|14|0|14|1|3|0|14|0|14|0|14|4|7|4|7|0|14|0|14|0|14|0|14|0|14|0|14|0|14|0|14|4|6|3|5|0|14|0|14|0|14|0|14|1|3|0|14|0|14|0|14|0|14|0|14|0|14|0|14|0|14|0|14|0|14|0|14|0|14|0|14|0|14|0|14|0|14|0|14|0|14|0|14|0|14|0|14|0|14|0|14|0|14|0|14|0|14|0|14|0|14|0|14|0|14|0|14|0|14|0|14|0|14|0|14|0|14|0|14|0|14|0|14|0|14|0|14|0|14|0|14|0|14|0|14|0|14|0|14|0|14|0|14|0|14|0|14|0|14|0|14|0|14|0|14|0|14|0|14|0|14|0|14|0|14|0|14|0|14|0|14
1600000US3771680|4474|398|431|157|367|150|555|175|573|178|235|115|872|321|793|212|359|137|289|121|4306|409|344|140|354|150|533|171|573|178|235|115|839|326|793|212|359|137|276|117|4102|420|273|120|348|151|533|171|573|178|235|115|755|320|778|211|346|128|261|116|204|96|71|73|6|13|0|21|0|21|0|21|84|66|15|19|13|25|15|24|204|96|71|73|6|13|0|21|0|21|0|21|84|66|15|19|13|25|15|24|0|21|0|21|0|21|0|21|0|21|0|21|0|21|0|21|0|21|0|21|13|21|0|21|0|21|0|21|0|21|0|21|0|21|0|21|0|21|13|21|0|21|0|21|0|21|0|21|0|21|0|21|0|21|0|21|0|21|0|21|13|21|0|21|0|21|0|21|0|21|0|21|0|21|0|21|0|21|13|21|0|21|0|21|0|21|0|21|0|21|0|21|0|21|0|21|0|21|0|21|87|67|65|55|0|21|22|38|0|21|0|21|0|21|0|21|0|21|0|21|68|47|22|28|13|21|0|21|0|21|0|21|33|44|0|21|0|21|0|21
1600000US3771760|1656|335|189|136|215|141|164|113|285|137|191|136|277|145|27|30|217|129|91|84|1638|331|189|136|215|141|146|99|285|137|191|136|277|145|27|30|217|129|91|84|1505|342|189|136|215|141|146|99|221|122|191|136|266|142|27|30|182|116|68|68|133|94|0|14|0|14|0|14|64|62|0|14|11|20|0|14|35|61|23|39|110|84|0|14|0|14|0|14|64|62|0|14|11|20|0|14|35|61|0|14|23|39|0|14|0|14|0|14|0|14|0|14|0|14|0|14|0|14|23|39|0|14|0|14|0|14|0|14|0|14|0|14|0|14|0|14|0|14|0|14|0|14|0|14|0|14|0|14|0|14|0|14|0|14|0|14|0|14|0|14|0|14|0|14|0|14|0|14|0|14|0|14|0|14|0|14|0|14|0|14|0|14|0|14|0|14|0|14|0|14|0|14|0|14|0|14|0|14|0|14|0|14|0|14|0|14|0|14|0|14|0|14|0|14|0|14|0|14|0|14|18|50|0|14|0|14|18|50|0|14|0|14|0|14|0|14|0|14|0|14
1600000US3771780|638|191|248|125|153|90|36|24|28|30|14|18|66|42|0|14|28|26|65|46|483|148|202|113|73|48|24|15|11|10|14|18|66|42|0|14|28|26|65|46|422|135|153|90|73|48|24|15|11|10|14|18|66|42|0|14|28|26|53|46|61|47|49|44|0|14|0|14|0|14|0|14|0|14|0|14|0|14|12|20|60|47|49|44|0|14|0|14|0|14|0|14|0|14|0|14|0|14|11|20|1|4|0|14|0|14|0|14|0|14|0|14|0|14|0|14|0|14|1|4|0|14|0|14|0|14|0|14|0|14|0|14|0|14|0|14|0|14|0|14|0|14|0|14|0|14|0|14|0|14|0|14|0|14|0|14|0|14|0|14|0|14|0|14|0|14|0|14|0|14|0|14|0|14|0|14|0|14|0|14|0|14|0|14|0|14|0|14|0|14|0|14|0|14|0|14|0|14|0|14|11|10|6|7|5|8|0|14|0|14|0|14|0|14|0|14|0|14|0|14|144|115|40|47|75|81|12|19|17|28|0|14|0|14|0|14|0|14|0|14
1600000US3771860|5467|615|278|188|311|160|712|302|708|342|460|217|1435|437|759|276|502|383|302|181|5290|603|278|188|261|152|711|302|708|342|412|206|1386|419|759|276|473|378|302|181|4860|605|256|164|206|131|676|300|669|338|392|211|1180|377|759|276|467|377|255|147|430|290|22|39|55|87|35|43|39|49|20|34|206|195|0|21|6|30|47|60|249|227|22|39|55|87|17|31|17|31|0|21|138|172|0|21|0|21|0|21|181|165|0|21|0|21|18|30|22|38|20|34|68|96|0|21|6|30|47|60|0|21|0|21|0|21|0|21|0|21|0|21|0|21|0|21|0|21|0|21|0|21|0|21|0|21|0|21|0|21|0|21|0|21|0|21|0|21|0|21|0|21|0|21|0|21|0|21|0|21|0|21|0|21|0|21|0|21|0|21|0|21|0|21|0|21|0|21|0|21|0|21|0|21|0|21|0|21|0|21|0|21|0|21|0|21|0|21|0|21|0|21|0|21|0|21|0|21|0|21|177|153|0|21|50|78|1|3|0|21|48|87|49|86|0|21|29|46|0|21
1600000US3771900|930|136|99|60|191|72|127|58|84|57|49|41|92|52|120|54|102|51|66|55|912|135|88|57|191|72|125|57|79|57|49|41|92|52|120|54|102|51|66|55|809|155|88|57|152|66|118|56|79|57|32|28|76|41|112|50|86|45|66|55|103|77|0|14|39|55|7|11|0|14|17|28|16|28|8|13|16|19|0|14|97|76|0|14|33|54|7|11|0|14|17|28|16|28|8|13|16|19|0|14|6|10|0|14|6|10|0|14|0|14|0|14|0|14|0|14|0|14|0|14|0|14|0|14|0|14|0|14|0|14|0|14|0|14|0|14|0|14|0|14|0|14|0|14|0|14|0|14|0|14|0|14|0|14|0|14|0|14|0|14|0|14|0|14|0|14|0|14|0|14|0|14|0|14|0|14|0|14|0|14|0|14|0|14|0|14|0|14|0|14|0|14|0|14|0|14|0|14|0|14|13|15|11|14|0|14|2|5|0|14|0|14|0|14|0|14|0|14|0|14|5|7|0|14|0|14|0|14|5|7|0|14|0|14|0|14|0|14|0|14
1600000US3771940|3308|482|312|223|191|101|330|112|287|118|313|134|561|245|354|162|613|177|347|134|3273|486|312|223|191|101|314|109|287|118|313|134|561|245|354|162|613|177|328|134|2859|409|289|218|191|101|264|106|287|118|271|135|348|144|338|159|560|171|311|135|414|216|23|38|0|19|50|46|0|19|42|44|213|187|16|27|53|52|17|26|151|86|23|38|0|19|19|32|0|19|16|19|32|41|0|19|44|50|17|26|263|188|0|19|0|19|31|35|0|19|26|40|181|183|16|27|9|14|0|19|0|19|0|19|0|19|0|19|0|19|0|19|0|19|0|19|0|19|0|19|0|19|0|19|0|19|0|19|0|19|0|19|0|19|0|19|0|19|0|19|0|19|0|19|0|19|0|19|0|19|0|19|0|19|0|19|0|19|0|19|0|19|0|19|0|19|0|19|0|19|0|19|0|19|0|19|0|19|0|19|16|26|0|19|0|19|16|26|0|19|0|19|0|19|0|19|0|19|0|19|19|21|0|19|0|19|0|19|0|19|0|19|0|19|0|19|0|19|19|21
1600000US3772150|670|218|98|52|119|73|54|32|29|25|81|72|154|101|96|133|20|20|19|19|670|218|98|52|119|73|54|32|29|25|81|72|154|101|96|133|20|20|19|19|642|214|98|52|119|73|54|32|29|25|53|44|154|101|96|133|20|20|19|19|28|35|0|14|0|14|0|14|0|14|28|35|0|14|0|14|0|14|0|14|28|35|0|14|0|14|0|14|0|14|28|35|0|14|0|14|0|14|0|14|0|14|0|14|0|14|0|14|0|14|0|14|0|14|0|14|0|14|0|14|0|14|0|14|0|14|0|14|0|14|0|14|0|14|0|14|0|14|0|14|0|14|0|14|0|14|0|14|0|14|0|14|0|14|0|14|0|14|0|14|0|14|0|14|0|14|0|14|0|14|0|14|0|14|0|14|0|14|0|14|0|14|0|14|0|14|0|14|0|14|0|14|0|14|0|14|0|14|0|14|0|14|0|14|0|14|0|14|0|14|0|14|0|14|0|14|0|14|0|14|0|14|0|14|0|14|0|14|0|14|0|14|0|14|0|14|0|14|0|14
1600000US3772540|489|210|79|55|163|157|119|73|47|42|15|23|8|15|57|51|1|7|0|14|467|210|68|55|152|158|119|73|47|42|15|23|8|15|57|51|1|7|0|14|415|196|62|55|146|157|100|68|31|32|15|23|8|15|53|50|0|14|0|14|52|39|6|8|6|9|19|31|16|25|0|14|0|14|4|8|1|7|0|14|34|32|4|6|6|9|19|31|0|14|0|14|0|14|4|8|1|7|0|14|18|25|2|5|0|14|0|14|16|25|0|14|0|14|0|14|0|14|0|14|0|14|0|14|0|14|0|14|0|14|0|14|0|14|0|14|0|14|0|14|0|14|0|14|0|14|0|14|0|14|0|14|0|14|0|14|0|14|0|14|0|14|0|14|0|14|0|14|0|14|0|14|0|14|0|14|0|14|0|14|0|14|0|14|0|14|0|14|0|14|0|14|0|14|0|14|0|14|0|14|22|19|11|12|11|17|0|14|0|14|0|14|0|14|0|14|0|14|0|14|0|14|0|14|0|14|0|14|0|14|0|14|0|14|0|14|0|14|0|14
1600000US3772600|370|143|67|61|69|60|104|92|41|53|32|37|0|14|31|37|0|14|26|39|370|143|67|61|69|60|104|92|41|53|32|37|0|14|31|37|0|14|26|39|370|143|67|61|69|60|104|92|41|53|32|37|0|14|31|37|0|14|26|39|0|14|0|14|0|14|0|14|0|14|0|14|0|14|0|14|0|14|0|14|0|14|0|14|0|14|0|14|0|14|0|14|0|14|0|14|0|14|0|14|0|14|0|14|0|14|0|14|0|14|0|14|0|14|0|14|0|14|0|14|0|14|0|14|0|14|0|14|0|14|0|14|0|14|0|14|0|14|0|14|0|14|0|14|0|14|0|14|0|14|0|14|0|14|0|14|0|14|0|14|0|14|0|14|0|14|0|14|0|14|0|14|0|14|0|14|0|14|0|14|0|14|0|14|0|14|0|14|0|14|0|14|0|14|0|14|0|14|0|14|0|14|0|14|0|14|0|14|0|14|0|14|0|14|0|14|0|14|0|14|0|14|0|14|0|14|0|14|0|14|0|14|0|14|0|14|0|14|0|14
1600000US3772755|1741|431|47|77|151|125|111|90|108|80|55|68|215|119|315|115|286|121|453|295|1741|431|47|77|151|125|111|90|108|80|55|68|215|119|315|115|286|121|453|295|1721|433|47|77|151|125|111|90|108|80|46|65|215|119|315|115|286|121|442|294|20|26|0|19|0|19|0|19|0|19|9|19|0|19|0|19|0|19|11|17|11|17|0|19|0|19|0|19|0|19|0|19|0|19|0|19|0|19|11|17|9|19|0|19|0|19|0|19|0|19|9|19|0|19|0|19|0|19|0|19|0|19|0|19|0|19|0|19|0|19|0|19|0|19|0|19|0|19|0|19|0|19|0|19|0|19|0|19|0|19|0|19|0|19|0|19|0|19|0|19|0|19|0|19|0|19|0|19|0|19|0|19|0|19|0|19|0|19|0|19|0|19|0|19|0|19|0|19|0|19|0|19|0|19|0|19|0|19|0|19|0|19|0|19|0|19|0|19|0|19|0|19|0|19|0|19|0|19|0|19|0|19|0|19|0|19|0|19|0|19|0|19|0|19|0|19|0|19|0|19
1600000US3773140|1801|235|72|94|324|158|302|158|78|77|124|90|208|131|236|106|357|178|100|69|1801|235|72|94|324|158|302|158|78|77|124|90|208|131|236|106|357|178|100|69|1730|253|72|94|324|158|251|140|78|77|124|90|188|128|236|106|357|178|100|69|71|84|0|19|0|19|51|81|0|19|0|19|20|35|0|19|0|19|0|19|71|84|0|19|0|19|51|81|0|19|0|19|20|35|0|19|0|19|0|19|0|19|0|19|0|19|0|19|0|19|0|19|0|19|0|19|0|19|0|19|0|19|0|19|0|19|0|19|0|19|0|19|0|19|0|19|0|19|0|19|0|19|0|19|0|19|0|19|0|19|0|19|0|19|0|19|0|19|0|19|0|19|0|19|0|19|0|19|0|19|0|19|0|19|0|19|0|19|0|19|0|19|0|19|0|19|0|19|0|19|0|19|0|19|0|19|0|19|0|19|0|19|0|19|0|19|0|19|0|19|0|19|0|19|0|19|0|19|0|19|0|19|0|19|0|19|0|19|0|19|0|19|0|19|0|19|0|19|0|19
1600000US3773160|217|98|26|22|22|23|27|33|34|34|10|12|59|57|7|7|12|18|20|25|217|98|26|22|22|23|27|33|34|34|10|12|59|57|7|7|12|18|20|25|201|94|26|22|22|23|27|33|28|32|10|12|59|57|7|7|12|18|10|15|16|23|0|14|0|14|0|14|6|11|0|14|0|14|0|14|0|14|10|20|16|23|0|14|0|14|0|14|6|11|0|14|0|14|0|14|0|14|10|20|0|14|0|14|0|14|0|14|0|14|0|14|0|14|0|14|0|14|0|14|0|14|0|14|0|14|0|14|0|14|0|14|0|14|0|14|0|14|0|14|0|14|0|14|0|14|0|14|0|14|0|14|0|14|0|14|0|14|0|14|0|14|0|14|0|14|0|14|0|14|0|14|0|14|0|14|0|14|0|14|0|14|0|14|0|14|0|14|0|14|0|14|0|14|0|14|0|14|0|14|0|14|0|14|0|14|0|14|0|14|0|14|0|14|0|14|0|14|0|14|0|14|0|14|0|14|0|14|0|14|0|14|0|14|0|14|0|14|0|14
1600000US3773300|393|124|56|39|97|53|50|37|20|21|26|24|19|22|25|21|48|29|52|46|351|110|33|27|97|53|31|21|20|21|26|24|19|22|25|21|48|29|52|46|316|108|19|19|97|53|31|21|20|21|26|24|0|14|25|21|48|29|50|46|35|42|14|20|0|14|0|14|0|14|0|14|19|22|0|14|0|14|2|5|35|42|14|20|0|14|0|14|0|14|0|14|19|22|0|14|0|14|2|5|0|14|0|14|0|14|0|14|0|14|0|14|0|14|0|14|0|14|0|14|0|14|0|14|0|14|0|14|0|14|0|14|0|14|0|14|0|14|0|14|0|14|0|14|0|14|0|14|0|14|0|14|0|14|0|14|0|14|0|14|0|14|0|14|0|14|0|14|0|14|0|14|0|14|0|14|0|14|0|14|0|14|0|14|0|14|0|14|0|14|0|14|0|14|0|14|0|14|0|14|42|47|23|24|0|14|19|30|0|14|0|14|0|14|0|14|0|14|0|14|0|14|0|14|0|14|0|14|0|14|0|14|0|14|0|14|0|14|0|14
1600000US3773320|49|47|5|8|0|14|8|13|22|27|0|14|0|14|0|14|14|22|0|14|49|47|5|8|0|14|8|13|22|27|0|14|0|14|0|14|14|22|0|14|49|47|5|8|0|14|8|13|22|27|0|14|0|14|0|14|14|22|0|14|0|14|0|14|0|14|0|14|0|14|0|14|0|14|0|14|0|14|0|14|0|14|0|14|0|14|0|14|0|14|0|14|0|14|0|14|0|14|0|14|0|14|0|14|0|14|0|14|0|14|0|14|0|14|0|14|0|14|0|14|0|14|0|14|0|14|0|14|0|14|0|14|0|14|0|14|0|14|0|14|0|14|0|14|0|14|0|14|0|14|0|14|0|14|0|14|0|14|0|14|0|14|0|14|0|14|0|14|0|14|0|14|0|14|0|14|0|14|0|14|0|14|0|14|0|14|0|14|0|14|0|14|0|14|0|14|0|14|0|14|0|14|0|14|0|14|0|14|0|14|0|14|0|14|0|14|0|14|0|14|0|14|0|14|0|14|0|14|0|14|0|14|0|14|0|14|0|14|0|14
1600000US3773460|345|168|59|54|84|79|36|35|30|38|0|14|11|18|0|14|7|12|118|117|345|168|59|54|84|79|36|35|30|38|0|14|11|18|0|14|7|12|118|117|345|168|59|54|84|79|36|35|30|38|0|14|11|18|0|14|7|12|118|117|0|14|0|14|0|14|0|14|0|14|0|14|0|14|0|14|0|14|0|14|0|14|0|14|0|14|0|14|0|14|0|14|0|14|0|14|0|14|0|14|0|14|0|14|0|14|0|14|0|14|0|14|0|14|0|14|0|14|0|14|0|14|0|14|0|14|0|14|0|14|0|14|0|14|0|14|0|14|0|14|0|14|0|14|0|14|0|14|0|14|0|14|0|14|0|14|0|14|0|14|0|14|0|14|0|14|0|14|0|14|0|14|0|14|0|14|0|14|0|14|0|14|0|14|0|14|0|14|0|14|0|14|0|14|0|14|0|14|0|14|0|14|0|14|0|14|0|14|0|14|0|14|0|14|0|14|0|14|0|14|0|14|0|14|0|14|0|14|0|14|0|14|0|14|0|14|0|14|0|14
1600000US3773660|1770|259|342|150|349|165|168|119|166|119|29|34|206|142|53|49|300|136|157|182|1682|241|322|143|349|165|100|65|166|119|29|34|206|142|53|49|300|136|157|182|1372|247|304|138|232|101|100|65|149|116|29|34|206|142|53|49|147|102|152|183|310|145|18|33|117|135|0|14|17|24|0|14|0|14|0|14|153|110|5|10|158|108|0|14|0|14|0|14|0|14|0|14|0|14|0|14|153|110|5|10|152|135|18|33|117|135|0|14|17|24|0|14|0|14|0|14|0|14|0|14|0|14|0|14|0|14|0|14|0|14|0|14|0|14|0|14|0|14|0|14|0|14|0|14|0|14|0|14|0|14|0|14|0|14|0|14|0|14|0|14|0|14|0|14|0|14|0|14|0|14|0|14|0|14|0|14|0|14|0|14|0|14|0|14|0|14|0|14|0|14|0|14|0|14|0|14|0|14|0|14|88|112|20|32|0|14|68|107|0|14|0|14|0|14|0|14|0|14|0|14|0|14|0|14|0|14|0|14|0|14|0|14|0|14|0|14|0|14|0|14
1600000US3773760|223|69|17|17|30|23|44|30|40|26|16|15|22|19|7|9|8|9|39|34|219|68|13|13|30|23|44|30|40|26|16|15|22|19|7|9|8|9|39|34|213|66|13|13|27|19|44|30|40|26|16|15|19|18|7|9|8|9|39|34|6|9|0|14|3|7|0|14|0|14|0|14|3|6|0|14|0|14|0|14|6|9|0|14|3|7|0|14|0|14|0|14|3|6|0|14|0|14|0|14|0|14|0|14|0|14|0|14|0|14|0|14|0|14|0|14|0|14|0|14|0|14|0|14|0|14|0|14|0|14|0|14|0|14|0|14|0|14|0|14|0|14|0|14|0|14|0|14|0|14|0|14|0|14|0|14|0|14|0|14|0|14|0|14|0|14|0|14|0|14|0|14|0|14|0|14|0|14|0|14|0|14|0|14|0|14|0|14|0|14|0|14|0|14|0|14|0|14|0|14|4|6|4|6|0|14|0|14|0|14|0|14|0|14|0|14|0|14|0|14|0|14|0|14|0|14|0|14|0|14|0|14|0|14|0|14|0|14|0|14
1600000US3773780|0|14|0|14|0|14|0|14|0|14|0|14|0|14|0|14|0|14|0|14|0|14|0|14|0|14|0|14|0|14|0|14|0|14|0|14|0|14|0|14|0|14|0|14|0|14|0|14|0|14|0|14|0|14|0|14|0|14|0|14|0|14|0|14|0|14|0|14|0|14|0|14|0|14|0|14|0|14|0|14|0|14|0|14|0|14|0|14|0|14|0|14|0|14|0|14|0|14|0|14|0|14|0|14|0|14|0|14|0|14|0|14|0|14|0|14|0|14|0|14|0|14|0|14|0|14|0|14|0|14|0|14|0|14|0|14|0|14|0|14|0|14|0|14|0|14|0|14|0|14|0|14|0|14|0|14|0|14|0|14|0|14|0|14|0|14|0|14|0|14|0|14|0|14|0|14|0|14|0|14|0|14|0|14|0|14|0|14|0|14|0|14|0|14|0|14|0|14|0|14|0|14|0|14|0|14|0|14|0|14|0|14|0|14|0|14|0|14|0|14|0|14|0|14|0|14|0|14|0|14|0|14|0|14|0|14|0|14|0|14
1600000US3774020|1407|218|587|190|219|131|190|111|117|96|0|14|92|88|26|30|99|77|77|71|1295|234|530|173|200|130|154|106|117|96|0|14|92|88|26|30|99|77|77|71|1234|236|500|179|189|122|134|104|117|96|0|14|92|88|26|30|99|77|77|71|61|50|30|34|11|17|20|33|0|14|0|14|0|14|0|14|0|14|0|14|61|50|30|34|11|17|20|33|0|14|0|14|0|14|0|14|0|14|0|14|0|14|0|14|0|14|0|14|0|14|0|14|0|14|0|14|0|14|0|14|36|50|0|14|0|14|36|50|0|14|0|14|0|14|0|14|0|14|0|14|36|50|0|14|0|14|36|50|0|14|0|14|0|14|0|14|0|14|0|14|0|14|0|14|0|14|0|14|0|14|0|14|0|14|0|14|0|14|0|14|0|14|0|14|0|14|0|14|0|14|0|14|0|14|0|14|0|14|0|14|57|79|57|79|0|14|0|14|0|14|0|14|0|14|0|14|0|14|0|14|19|34|0|14|19|34|0|14|0|14|0|14|0|14|0|14|0|14|0|14
1600000US3774220|2131|226|853|240|301|117|120|102|120|81|119|90|38|46|106|80|356|181|118|103|1844|229|689|233|301|117|76|77|41|41|119|90|38|46|106|80|356|181|118|103|1495|244|575|185|273|110|76|77|16|35|119|90|38|46|106|80|174|90|118|103|349|217|114|108|28|40|0|19|25|23|0|19|0|19|0|19|182|198|0|19|349|217|114|108|28|40|0|19|25|23|0|19|0|19|0|19|182|198|0|19|0|19|0|19|0|19|0|19|0|19|0|19|0|19|0|19|0|19|0|19|0|19|0|19|0|19|0|19|0|19|0|19|0|19|0|19|0|19|0|19|0|19|0|19|0|19|0|19|0|19|0|19|0|19|0|19|0|19|0|19|0|19|0|19|0|19|0|19|0|19|0|19|0|19|0|19|0|19|0|19|0|19|0|19|0|19|0|19|0|19|0|19|0|19|0|19|0|19|0|19|208|144|164|128|0|19|44|65|0|19|0|19|0|19|0|19|0|19|0|19|79|72|0|19|0|19|0|19|79|72|0|19|0|19|0|19|0|19|0|19
1600000US3774440|52075|1772|9405|961|11235|981|12674|1155|8417|896|2292|449|4268|592|675|237|1479|386|1630|352|48745|1705|8544|968|10392|887|11967|1156|7926|835|2215|425|4222|593|624|224|1409|386|1446|325|44882|1629|8037|942|9487|875|11184|1108|7305|789|1781|419|3937|564|517|185|1253|385|1381|308|3863|705|507|173|905|368|783|237|621|274|434|190|285|208|107|91|156|141|65|67|2792|601|310|140|798|355|593|219|494|247|268|176|161|112|89|73|76|78|3|6|1071|355|197|114|107|97|190|115|127|102|166|107|124|183|18|30|80|116|62|66|209|161|0|32|11|24|0|32|52|74|0|32|20|24|51|80|10|15|65|86|193|160|0|32|11|24|0|32|52|74|0|32|4|7|51|80|10|15|65|86|16|25|0|32|0|32|0|32|0|32|0|32|16|25|0|32|0|32|0|32|0|32|0|32|0|32|0|32|0|32|0|32|0|32|0|32|0|32|0|32|1406|362|590|166|465|284|274|123|0|32|49|47|0|32|0|32|28|36|0|32|1715|418|271|134|367|190|433|164|439|275|28|52|26|32|0|32|32|32|119|65
1600000US3774540|19314|915|4730|631|4209|556|2422|384|1164|308|1166|302|1762|465|1345|418|1272|289|1244|299|18573|921|4307|568|4142|554|2346|373|1157|306|1146|298|1698|448|1345|418|1193|301|1239|299|16455|1016|3746|558|3756|581|2152|374|956|239|963|283|1564|410|1096|372|1004|261|1218|296|2118|513|561|212|386|172|194|104|201|188|183|180|134|118|249|177|189|178|21|35|1589|452|314|159|252|101|182|106|193|187|152|176|89|89|230|172|159|170|18|34|529|243|247|129|134|120|12|20|8|13|31|40|45|69|19|31|30|47|3|9|43|47|22|36|0|29|1|4|0|29|20|27|0|29|0|29|0|29|0|29|43|47|22|36|0|29|1|4|0|29|20|27|0|29|0|29|0|29|0|29|0|29|0|29|0|29|0|29|0|29|0|29|0|29|0|29|0|29|0|29|0|29|0|29|0|29|0|29|0|29|0|29|0|29|0|29|0|29|0|29|420|209|283|190|28|37|35|44|7|16|0|29|62|87|0|29|0|29|5|9|278|170|118|106|39|49|40|67|0|29|0|29|2|5|0|29|79|83|0|29
1600000US3774580|1015|256|99|76|85|61|151|81|86|70|22|21|104|68|59|42|311|246|98|70|1004|256|99|76|85|61|147|81|79|68|22|21|104|68|59|42|311|246|98|70|942|280|37|28|85|61|147|81|79|68|22|21|104|68|59|42|311|246|98|70|62|73|62|73|0|14|0|14|0|14|0|14|0|14|0|14|0|14|0|14|18|23|18|23|0|14|0|14|0|14|0|14|0|14|0|14|0|14|0|14|44|71|44|71|0|14|0|14|0|14|0|14|0|14|0|14|0|14|0|14|0|14|0|14|0|14|0|14|0|14|0|14|0|14|0|14|0|14|0|14|0|14|0|14|0|14|0|14|0|14|0|14|0|14|0|14|0|14|0|14|0|14|0|14|0|14|0|14|0|14|0|14|0|14|0|14|0|14|0|14|0|14|0|14|0|14|0|14|0|14|0|14|0|14|0|14|0|14|0|14|4|7|0|14|0|14|4|7|0|14|0|14|0|14|0|14|0|14|0|14|7|11|0|14|0|14|0|14|7|11|0|14|0|14|0|14|0|14|0|14
1600000US3774680|536|121|268|100|10|33|6|11|105|69|20|29|71|49|2|4|18|26|36|30|450|118|182|67|10|33|6|11|105|69|20|29|71|49|2|4|18|26|36|30|414|106|182|67|10|33|6|11|77|51|20|29|63|47|2|4|18|26|36|30|36|47|0|14|0|14|0|14|28|44|0|14|8|15|0|14|0|14|0|14|28|44|0|14|0|14|0|14|28|44|0|14|0|14|0|14|0|14|0|14|8|15|0|14|0|14|0|14|0|14|0|14|8|15|0|14|0|14|0|14|0|14|0|14|0|14|0|14|0|14|0|14|0|14|0|14|0|14|0|14|0|14|0|14|0|14|0|14|0|14|0|14|0|14|0|14|0|14|0|14|0|14|0|14|0|14|0|14|0|14|0|14|0|14|0|14|0|14|0|14|0|14|0|14|0|14|0|14|0|14|0|14|0|14|0|14|0|14|0|14|60|68|60|68|0|14|0|14|0|14|0|14|0|14|0|14|0|14|0|14|26|42|26|42|0|14|0|14|0|14|0|14|0|14|0|14|0|14|0|14
1600000US3774720|266|119|33|47|31|26|50|33|33|30|9|9|55|45|0|14|6|8|49|61|250|117|31|46|31|26|36|28|33|30|9|9|55|45|0|14|6|8|49|61|215|90|4|9|31|26|36|28|33|30|9|9|47|41|0|14|6|8|49|61|35|52|27|45|0|14|0|14|0|14|0|14|8|14|0|14|0|14|0|14|22|32|14|24|0|14|0|14|0|14|0|14|8|14|0|14|0|14|0|14|13|22|13|22|0|14|0|14|0|14|0|14|0|14|0|14|0|14|0|14|0|14|0|14|0|14|0|14|0|14|0|14|0|14|0|14|0|14|0|14|0|14|0|14|0|14|0|14|0|14|0|14|0|14|0|14|0|14|0|14|0|14|0|14|0|14|0|14|0|14|0|14|0|14|0|14|0|14|0|14|0|14|0|14|0|14|0|14|0|14|0|14|0|14|0|14|0|14|0|14|2|4|2|4|0|14|0|14|0|14|0|14|0|14|0|14|0|14|0|14|14|20|0|14|0|14|14|20|0|14|0|14|0|14|0|14|0|14|0|14
1600000US3774760|1491|234|433|144|152|85|235|98|137|95|60|53|172|93|70|47|113|65|119|63|1218|256|216|125|115|81|216|98|137|95|60|53|172|93|70|47|113|65|119|63|888|270|188|110|77|60|77|55|104|78|60|53|134|94|68|47|113|65|67|42|330|137|28|48|38|41|139|95|33|39|0|14|38|48|2|4|0|14|52|36|315|129|28|48|38|41|139|95|33|39|0|14|38|48|0|14|0|14|39|34|15|18|0|14|0|14|0|14|0|14|0|14|0|14|2|4|0|14|13|18|0|14|0|14|0|14|0|14|0|14|0|14|0|14|0|14|0|14|0|14|0|14|0|14|0|14|0|14|0|14|0|14|0|14|0|14|0|14|0|14|0|14|0|14|0|14|0|14|0|14|0|14|0|14|0|14|0|14|0|14|0|14|0|14|0|14|0|14|0|14|0|14|0|14|0|14|0|14|0|14|266|98|217|92|37|32|12|16|0|14|0|14|0|14|0|14|0|14|0|14|7|12|0|14|0|14|7|12|0|14|0|14|0|14|0|14|0|14|0|14
1600000US3775000|98590|2311|13651|1166|18830|1475|22754|1429|15806|1373|6167|761|9382|1017|3547|561|3446|554|5007|697|93213|2212|12215|1084|17811|1444|21791|1395|15262|1331|6057|759|8749|992|3531|562|3268|546|4529|696|82304|2168|10851|1002|15820|1384|19808|1376|13632|1202|5189|746|7633|911|3269|523|2874|514|3228|469|10909|1038|1364|395|1991|542|1983|460|1630|370|868|401|1116|377|262|158|394|221|1301|522|7647|880|1051|326|1049|314|1558|401|1189|327|866|401|882|334|240|153|101|88|711|419|3262|696|313|187|942|392|425|203|441|216|2|4|234|192|22|38|293|208|590|323|1232|327|117|113|54|51|180|101|88|72|16|22|273|133|0|32|178|126|326|174|1197|324|117|113|54|51|172|105|88|72|16|22|251|130|0|32|173|126|326|174|30|39|0|32|0|32|8|19|0|32|0|32|22|33|0|32|0|32|0|32|5|12|0|32|0|32|0|32|0|32|0|32|0|32|0|32|5|12|0|32|2315|427|980|266|661|248|228|115|244|129|0|32|202|192|0|32|0|32|0|32|1830|403|339|166|304|155|555|216|212|115|94|80|158|155|16|28|0|32|152|106
1600000US3775060|4784|461|704|170|666|271|1136|306|868|276|249|112|433|176|268|182|299|186|161|102|4554|494|662|177|574|256|1128|307|868|276|249|112|345|159|268|182|299|186|161|102|4200|524|607|184|540|252|1118|307|854|274|249|112|345|159|195|118|131|90|161|102|354|227|55|54|34|58|10|17|14|20|0|21|0|21|73|114|168|179|0|21|330|224|55|54|34|58|0|21|0|21|0|21|0|21|73|114|168|179|0|21|24|27|0|21|0|21|10|17|14|20|0|21|0|21|0|21|0|21|0|21|92|111|0|21|0|21|4|8|0|21|0|21|88|107|0|21|0|21|0|21|92|111|0|21|0|21|4|8|0|21|0|21|88|107|0|21|0|21|0|21|0|21|0|21|0|21|0|21|0|21|0|21|0|21|0|21|0|21|0|21|0|21|0|21|0|21|0|21|0|21|0|21|0|21|0|21|0|21|0|21|42|52|26|42|16|27|0|21|0|21|0|21|0|21|0|21|0|21|0|21|96|93|16|20|76|88|4|6|0|21|0|21|0|21|0|21|0|21|0|21
1600000US3775080|232|86|56|38|23|17|54|24|26|22|5|9|24|25|13|16|23|22|8|6|207|73|51|38|23|17|54|24|26|22|0|14|20|23|13|16|12|12|8|6|182|68|51|38|23|17|47|23|26|22|0|14|5|11|13|16|12|12|5|5|25|26|0|14|0|14|7|7|0|14|0|14|15|25|0|14|0|14|3|4|1|2|0|14|0|14|1|2|0|14|0|14|0|14|0|14|0|14|0|14|24|26|0|14|0|14|6|7|0|14|0|14|15|25|0|14|0|14|3|4|0|14|0|14|0|14|0|14|0|14|0|14|0|14|0|14|0|14|0|14|0|14|0|14|0|14|0|14|0|14|0|14|0|14|0|14|0|14|0|14|0|14|0|14|0|14|0|14|0|14|0|14|0|14|0|14|0|14|0|14|0|14|0|14|0|14|0|14|0|14|0|14|0|14|0|14|0|14|0|14|0|14|0|14|0|14|0|14|0|14|0|14|0|14|0|14|0|14|0|14|25|26|5|7|0|14|0|14|0|14|5|9|4|6|0|14|11|19|0|14
1600000US3775280|3162|397|240|134|551|193|434|178|751|217|346|195|382|174|103|63|196|140|159|106|3134|396|223|131|551|193|434|178|740|216|346|195|382|174|103|63|196|140|159|106|2959|400|190|129|533|192|432|178|686|213|292|186|368|177|103|63|196|140|159|106|175|118|33|43|18|23|2|4|54|58|54|63|14|24|0|19|0|19|0|19|175|118|33|43|18|23|2|4|54|58|54|63|14|24|0|19|0|19|0|19|0|19|0|19|0|19|0|19|0|19|0|19|0|19|0|19|0|19|0|19|0|19|0|19|0|19|0|19|0|19|0|19|0|19|0|19|0|19|0|19|0|19|0|19|0|19|0|19|0|19|0|19|0|19|0|19|0|19|0|19|0|19|0|19|0|19|0|19|0|19|0|19|0|19|0|19|0|19|0|19|0|19|0|19|0|19|0|19|0|19|0|19|0|19|0|19|0|19|0|19|11|19|0|19|0|19|0|19|11|19|0|19|0|19|0|19|0|19|0|19|17|30|17|30|0|19|0|19|0|19|0|19|0|19|0|19|0|19|0|19
1600000US3775340|115|54|13|12|9|15|13|15|19|26|5|6|30|27|2|3|11|14|13|16|108|52|13|12|9|15|13|15|15|25|5|6|30|27|2|3|11|14|10|14|89|47|13|12|9|15|13|15|15|25|2|3|14|18|2|3|11|14|10|14|19|23|0|14|0|14|0|14|0|14|3|5|16|22|0|14|0|14|0|14|19|23|0|14|0|14|0|14|0|14|3|5|16|22|0|14|0|14|0|14|0|14|0|14|0|14|0|14|0|14|0|14|0|14|0|14|0|14|0|14|0|14|0|14|0|14|0|14|0|14|0|14|0|14|0|14|0|14|0|14|0|14|0|14|0|14|0|14|0|14|0|14|0|14|0|14|0|14|0|14|0|14|0|14|0|14|0|14|0|14|0|14|0|14|0|14|0|14|0|14|0|14|0|14|0|14|0|14|0|14|0|14|0|14|0|14|0|14|0|14|0|14|0|14|0|14|0|14|0|14|0|14|0|14|0|14|0|14|0|14|7|10|0|14|0|14|0|14|4|8|0|14|0|14|0|14|0|14|3|5
1600000US3775375|314|157|0|14|38|35|66|65|14|21|32|26|45|53|30|30|57|68|32|38|314|157|0|14|38|35|66|65|14|21|32|26|45|53|30|30|57|68|32|38|300|149|0|14|38|35|66|65|0|14|32|26|45|53|30|30|57|68|32|38|14|21|0|14|0|14|0|14|14|21|0|14|0|14|0|14|0|14|0|14|14|21|0|14|0|14|0|14|14|21|0|14|0|14|0|14|0|14|0|14|0|14|0|14|0|14|0|14|0|14|0|14|0|14|0|14|0|14|0|14|0|14|0|14|0|14|0|14|0|14|0|14|0|14|0|14|0|14|0|14|0|14|0|14|0|14|0|14|0|14|0|14|0|14|0|14|0|14|0|14|0|14|0|14|0|14|0|14|0|14|0|14|0|14|0|14|0|14|0|14|0|14|0|14|0|14|0|14|0|14|0|14|0|14|0|14|0|14|0|14|0|14|0|14|0|14|0|14|0|14|0|14|0|14|0|14|0|14|0|14|0|14|0|14|0|14|0|14|0|14|0|14|0|14|0|14|0|14|0|14
1600000US3775780|3090|530|286|140|379|162|1022|314|478|258|121|102|405|178|211|167|68|71|120|93|3021|533|254|128|342|151|1022|314|478|258|121|102|405|178|211|167|68|71|120|93|2871|510|198|112|342|151|1007|309|437|234|121|102|392|174|195|165|59|72|120|93|150|96|56|68|0|19|15|24|41|64|0|19|13|21|16|28|9|17|0|19|128|95|56|68|0|19|15|24|41|64|0|19|0|19|16|28|0|19|0|19|22|26|0|19|0|19|0|19|0|19|0|19|13|21|0|19|9|17|0|19|0|19|0|19|0|19|0|19|0|19|0|19|0|19|0|19|0|19|0|19|0|19|0|19|0|19|0|19|0|19|0|19|0|19|0|19|0|19|0|19|0|19|0|19|0|19|0|19|0|19|0|19|0|19|0|19|0|19|0|19|0|19|0|19|0|19|0|19|0|19|0|19|0|19|0|19|0|19|0|19|0|19|0|19|0|19|0|19|0|19|0|19|0|19|0|19|0|19|0|19|69|55|32|53|37|59|0|19|0|19|0|19|0|19|0|19|0|19|0|19
1600000US3775820|958|232|201|85|204|79|142|95|245|118|26|27|42|39|12|25|65|48|21|22|943|230|192|81|204|79|142|95|239|117|26|27|42|39|12|25|65|48|21|22|931|224|192|81|204|79|142|95|227|115|26|27|42|39|12|25|65|48|21|22|12|25|0|14|0|14|0|14|12|25|0|14|0|14|0|14|0|14|0|14|12|25|0|14|0|14|0|14|12|25|0|14|0|14|0|14|0|14|0|14|0|14|0|14|0|14|0|14|0|14|0|14|0|14|0|14|0|14|0|14|0|14|0|14|0|14|0|14|0|14|0|14|0|14|0|14|0|14|0|14|0|14|0|14|0|14|0|14|0|14|0|14|0|14|0|14|0|14|0|14|0|14|0|14|0|14|0|14|0|14|0|14|0|14|0|14|0|14|0|14|0|14|0|14|0|14|0|14|0|14|0|14|0|14|0|14|0|14|0|14|9|17|9|17|0|14|0|14|0|14|0|14|0|14|0|14|0|14|0|14|6|10|0|14|0|14|0|14|6|10|0|14|0|14|0|14|0|14|0|14
1600000US3775880|206|134|0|14|18|26|49|45|38|44|0|14|0|14|34|43|10|18|57|91|206|134|0|14|18|26|49|45|38|44|0|14|0|14|34|43|10|18|57|91|192|136|0|14|18|26|35|34|38|44|0|14|0|14|34|43|10|18|57|91|14|25|0|14|0|14|14|25|0|14|0|14|0|14|0|14|0|14|0|14|14|25|0|14|0|14|14|25|0|14|0|14|0|14|0|14|0|14|0|14|0|14|0|14|0|14|0|14|0|14|0|14|0|14|0|14|0|14|0|14|0|14|0|14|0|14|0|14|0|14|0|14|0|14|0|14|0|14|0|14|0|14|0|14|0|14|0|14|0|14|0|14|0|14|0|14|0|14|0|14|0|14|0|14|0|14|0|14|0|14|0|14|0|14|0|14|0|14|0|14|0|14|0|14|0|14|0|14|0|14|0|14|0|14|0|14|0|14|0|14|0|14|0|14|0|14|0|14|0|14|0|14|0|14|0|14|0|14|0|14|0|14|0|14|0|14|0|14|0|14|0|14|0|14|0|14|0|14|0|14
1600000US3775960|1125|130|295|102|37|23|124|90|66|36|126|59|192|80|68|62|172|84|45|40|1118|130|288|102|37|23|124|90|66|36|126|59|192|80|68|62|172|84|45|40|1043|144|288|102|37|23|124|90|52|38|126|59|181|77|68|62|144|80|23|23|75|50|0|14|0|14|0|14|14|17|0|14|11|16|0|14|28|34|22|34|75|50|0|14|0|14|0|14|14|17|0|14|11|16|0|14|28|34|22|34|0|14|0|14|0|14|0|14|0|14|0|14|0|14|0|14|0|14|0|14|0|14|0|14|0|14|0|14|0|14|0|14|0|14|0|14|0|14|0|14|0|14|0|14|0|14|0|14|0|14|0|14|0|14|0|14|0|14|0|14|0|14|0|14|0|14|0|14|0|14|0|14|0|14|0|14|0|14|0|14|0|14|0|14|0|14|0|14|0|14|0|14|0|14|0|14|0|14|0|14|0|14|0|14|0|14|0|14|0|14|0|14|0|14|0|14|0|14|0|14|7|2|7|2|0|14|0|14|0|14|0|14|0|14|0|14|0|14|0|14
1600000US3776000|446|172|174|85|15|19|0|14|14|19|7|14|50|34|58|59|101|99|27|31|366|149|102|59|7|12|0|14|14|19|7|14|50|34|58|59|101|99|27|31|334|138|83|57|7|12|0|14|3|4|7|14|50|34|58|59|99|99|27|31|32|35|19|29|0|14|0|14|11|19|0|14|0|14|0|14|2|4|0|14|32|35|19|29|0|14|0|14|11|19|0|14|0|14|0|14|2|4|0|14|0|14|0|14|0|14|0|14|0|14|0|14|0|14|0|14|0|14|0|14|0|14|0|14|0|14|0|14|0|14|0|14|0|14|0|14|0|14|0|14|0|14|0|14|0|14|0|14|0|14|0|14|0|14|0|14|0|14|0|14|0|14|0|14|0|14|0|14|0|14|0|14|0|14|0|14|0|14|0|14|0|14|0|14|0|14|0|14|0|14|0|14|0|14|0|14|0|14|0|14|12|17|4|7|8|15|0|14|0|14|0|14|0|14|0|14|0|14|0|14|68|55|68|55|0|14|0|14|0|14|0|14|0|14|0|14|0|14|0|14
1600000US3776200|1218|343|172|96|114|62|177|109|155|102|78|47|115|78|144|104|169|115|94|90|1200|337|167|96|101|53|177|109|155|102|78|47|115|78|144|104|169|115|94|90|1027|270|167|96|97|51|62|40|107|78|76|47|115|78|140|103|169|115|94|90|173|111|0|14|4|9|115|93|48|66|2|5|0|14|4|8|0|14|0|14|131|106|0|14|4|9|78|84|43|66|2|5|0|14|4|8|0|14|0|14|42|55|0|14|0|14|37|53|5|9|0|14|0|14|0|14|0|14|0|14|0|14|0|14|0|14|0|14|0|14|0|14|0|14|0|14|0|14|0|14|0|14|0|14|0|14|0|14|0|14|0|14|0|14|0|14|0|14|0|14|0|14|0|14|0|14|0|14|0|14|0|14|0|14|0|14|0|14|0|14|0|14|0|14|0|14|0|14|0|14|0|14|0|14|0|14|0|14|0|14|0|14|0|14|0|14|0|14|0|14|0|14|0|14|0|14|0|14|0|14|18|26|5|8|13|26|0|14|0|14|0|14|0|14|0|14|0|14|0|14
1600000US3776220|3349|421|286|163|101|145|143|77|195|184|373|311|1032|352|368|187|424|262|427|217|3242|439|277|166|3|7|143|77|195|184|373|311|1032|352|368|187|424|262|427|217|2969|422|229|147|3|7|140|76|195|184|370|311|1021|354|298|180|302|195|411|215|273|181|48|73|0|19|3|8|0|19|3|9|11|22|70|74|122|150|16|28|261|183|44|73|0|19|3|8|0|19|3|9|11|22|70|74|114|151|16|28|12|16|4|9|0|19|0|19|0|19|0|19|0|19|0|19|8|13|0|19|0|19|0|19|0|19|0|19|0|19|0|19|0|19|0|19|0|19|0|19|0|19|0|19|0|19|0|19|0|19|0|19|0|19|0|19|0|19|0|19|0|19|0|19|0|19|0|19|0|19|0|19|0|19|0|19|0|19|0|19|0|19|0|19|0|19|0|19|0|19|0|19|0|19|0|19|0|19|0|19|90|143|0|19|90|143|0|19|0|19|0|19|0|19|0|19|0|19|0|19|17|27|9|22|8|14|0|19|0|19|0|19|0|19|0|19|0|19|0|19
1600000US4500100|1612|295|429|161|281|160|295|135|190|89|66|75|46|42|142|92|57|46|106|88|1486|271|429|161|160|120|295|135|190|89|66|75|41|38|142|92|57|46|106|88|1410|261|420|159|160|120|250|135|182|89|66|75|41|38|142|92|57|46|92|86|76|62|9|15|0|14|45|59|8|15|0|14|0|14|0|14|0|14|14|23|33|31|9|15|0|14|5|16|8|15|0|14|0|14|0|14|0|14|11|17|43|58|0|14|0|14|40|57|0|14|0|14|0|14|0|14|0|14|3|14|0|14|0|14|0|14|0|14|0|14|0|14|0|14|0|14|0|14|0|14|0|14|0|14|0|14|0|14|0|14|0|14|0|14|0|14|0|14|0|14|0|14|0|14|0|14|0|14|0|14|0|14|0|14|0|14|0|14|0|14|0|14|0|14|0|14|0|14|0|14|0|14|0|14|0|14|0|14|0|14|0|14|0|14|0|14|0|14|0|14|0|14|0|14|0|14|0|14|0|14|126|121|0|14|121|124|0|14|0|14|0|14|5|10|0|14|0|14|0|14
1600000US4500165|142|180|53|73|0|14|0|14|5|8|0|14|0|14|0|14|0|14|84|111|142|180|53|73|0|14|0|14|5|8|0|14|0|14|0|14|0|14|84|111|142|180|53|73|0|14|0|14|5|8|0|14|0|14|0|14|0|14|84|111|0|14|0|14|0|14|0|14|0|14|0|14|0|14|0|14|0|14|0|14|0|14|0|14|0|14|0|14|0|14|0|14|0|14|0|14|0|14|0|14|0|14|0|14|0|14|0|14|0|14|0|14|0|14|0|14|0|14|0|14|0|14|0|14|0|14|0|14|0|14|0|14|0|14|0|14|0|14|0|14|0|14|0|14|0|14|0|14|0|14|0|14|0|14|0|14|0|14|0|14|0|14|0|14|0|14|0|14|0|14|0|14|0|14|0|14|0|14|0|14|0|14|0|14|0|14|0|14|0|14|0|14|0|14|0|14|0|14|0|14|0|14|0|14|0|14|0|14|0|14|0|14|0|14|0|14|0|14|0|14|0|14|0|14|0|14|0|14|0|14|0|14|0|14|0|14|0|14|0|14
1600000US4500370|200|132|68|80|0|14|35|54|0|14|0|14|41|51|4|5|0|14|52|54|186|133|54|81|0|14|35|54|0|14|0|14|41|51|4|5|0|14|52|54|151|106|54|81|0|14|0|14|0|14|0|14|41|51|4|5|0|14|52|54|35|54|0|14|0|14|35|54|0|14|0|14|0|14|0|14|0|14|0|14|35|54|0|14|0|14|35|54|0|14|0|14|0|14|0|14|0|14|0|14|0|14|0|14|0|14|0|14|0|14|0|14|0|14|0|14|0|14|0|14|0|14|0|14|0|14|0|14|0|14|0|14|0|14|0|14|0|14|0|14|0|14|0|14|0|14|0|14|0|14|0|14|0|14|0|14|0|14|0|14|0|14|0|14|0|14|0|14|0|14|0|14|0|14|0|14|0|14|0|14|0|14|0|14|0|14|0|14|0|14|0|14|0|14|0|14|0|14|0|14|14|23|14|23|0|14|0|14|0|14|0|14|0|14|0|14|0|14|0|14|0|14|0|14|0|14|0|14|0|14|0|14|0|14|0|14|0|14|0|14
1600000US4500550|12061|885|1614|397|2550|564|1630|318|1057|418|759|267|1574|385|1160|299|1056|330|661|296|11668|876|1516|385|2438|559|1534|316|1023|420|759|267|1549|381|1138|292|1053|330|658|295|10600|913|1501|383|2260|546|1436|318|978|419|607|238|1467|339|1083|282|615|262|653|295|1068|379|15|24|178|114|98|78|45|44|152|128|82|88|55|55|438|301|5|9|911|356|15|24|105|70|62|54|45|44|152|128|59|67|47|53|421|303|5|9|157|122|0|30|73|82|36|50|0|30|0|30|23|42|8|13|17|27|0|30|95|75|8|19|45|63|18|28|24|38|0|30|0|30|0|30|0|30|0|30|95|75|8|19|45|63|18|28|24|38|0|30|0|30|0|30|0|30|0|30|0|30|0|30|0|30|0|30|0|30|0|30|0|30|0|30|0|30|0|30|0|30|0|30|0|30|0|30|0|30|0|30|0|30|0|30|0|30|0|30|178|79|63|49|49|30|31|38|10|16|0|30|0|30|22|35|3|11|0|30|120|90|27|49|18|31|47|62|0|30|0|30|25|39|0|30|0|30|3|12
1600000US4500775|106|77|20|23|13|14|0|14|53|57|6|9|14|23|0|14|0|14|0|14|106|77|20|23|13|14|0|14|53|57|6|9|14|23|0|14|0|14|0|14|106|77|20|23|13|14|0|14|53|57|6|9|14|23|0|14|0|14|0|14|0|14|0|14|0|14|0|14|0|14|0|14|0|14|0|14|0|14|0|14|0|14|0|14|0|14|0|14|0|14|0|14|0|14|0|14|0|14|0|14|0|14|0|14|0|14|0|14|0|14|0|14|0|14|0|14|0|14|0|14|0|14|0|14|0|14|0|14|0|14|0|14|0|14|0|14|0|14|0|14|0|14|0|14|0|14|0|14|0|14|0|14|0|14|0|14|0|14|0|14|0|14|0|14|0|14|0|14|0|14|0|14|0|14|0|14|0|14|0|14|0|14|0|14|0|14|0|14|0|14|0|14|0|14|0|14|0|14|0|14|0|14|0|14|0|14|0|14|0|14|0|14|0|14|0|14|0|14|0|14|0|14|0|14|0|14|0|14|0|14|0|14|0|14|0|14|0|14|0|14
1600000US4500955|750|153|279|131|0|14|160|121|18|19|19|29|88|65|18|29|3|6|165|136|660|154|275|131|0|14|74|55|18|19|19|29|88|65|18|29|3|6|165|136|597|161|275|131|0|14|40|45|18|19|0|14|88|65|18|29|3|6|155|131|63|47|0|14|0|14|34|41|0|14|19|29|0|14|0|14|0|14|10|20|63|47|0|14|0|14|34|41|0|14|19|29|0|14|0|14|0|14|10|20|0|14|0|14|0|14|0|14|0|14|0|14|0|14|0|14|0|14|0|14|0|14|0|14|0|14|0|14|0|14|0|14|0|14|0|14|0|14|0|14|0|14|0|14|0|14|0|14|0|14|0|14|0|14|0|14|0|14|0|14|0|14|0|14|0|14|0|14|0|14|0|14|0|14|0|14|0|14|0|14|0|14|0|14|0|14|0|14|0|14|0|14|0|14|0|14|0|14|0|14|13|23|4|9|0|14|9|21|0|14|0|14|0|14|0|14|0|14|0|14|77|84|0|14|0|14|77|84|0|14|0|14|0|14|0|14|0|14|0|14
1600000US4501360|12573|651|2529|434|2674|494|2026|369|1305|328|574|179|935|377|728|201|1215|349|587|205|11819|686|2226|406|2512|497|1971|370|1217|309|559|177|897|387|728|201|1143|355|566|200|10315|701|1832|341|2196|467|1777|335|955|285|559|177|697|281|684|201|1077|342|538|197|1504|419|394|224|316|193|194|151|262|187|0|30|200|190|44|41|66|84|28|45|864|294|288|147|120|81|91|67|126|114|0|30|195|189|44|41|0|30|0|30|640|295|106|117|196|162|103|130|136|155|0|30|5|8|0|30|66|84|28|45|95|83|22|28|15|23|0|30|0|30|0|30|0|30|0|30|46|74|12|20|95|83|22|28|15|23|0|30|0|30|0|30|0|30|0|30|46|74|12|20|0|30|0|30|0|30|0|30|0|30|0|30|0|30|0|30|0|30|0|30|0|30|0|30|0|30|0|30|0|30|0|30|0|30|0|30|0|30|0|30|444|202|238|166|88|68|24|32|67|75|0|30|27|42|0|30|0|30|0|30|215|116|43|54|59|60|31|40|21|35|15|30|11|18|0|30|26|33|9|20
1600000US4501450|1670|478|518|275|24|37|20|36|32|42|202|185|65|68|122|72|134|133|553|246|1654|480|518|275|24|37|20|36|32|42|202|185|65|68|122|72|134|133|537|251|1576|470|518|275|24|37|20|36|32|42|160|128|65|68|98|64|129|134|530|254|78|71|0|14|0|14|0|14|0|14|42|66|0|14|24|32|5|7|7|14|78|71|0|14|0|14|0|14|0|14|42|66|0|14|24|32|5|7|7|14|0|14|0|14|0|14|0|14|0|14|0|14|0|14|0|14|0|14|0|14|9|16|0|14|0|14|0|14|0|14|0|14|0|14|0|14|0|14|9|16|9|16|0|14|0|14|0|14|0|14|0|14|0|14|0|14|0|14|9|16|0|14|0|14|0|14|0|14|0|14|0|14|0|14|0|14|0|14|0|14|0|14|0|14|0|14|0|14|0|14|0|14|0|14|0|14|0|14|0|14|0|14|0|14|0|14|0|14|0|14|0|14|0|14|0|14|0|14|0|14|7|14|0|14|0|14|0|14|0|14|0|14|0|14|0|14|0|14|7|14
1600000US4501810|90|89|25|41|0|14|0|14|0|14|61|53|0|14|3|6|0|14|1|2|89|89|25|41|0|14|0|14|0|14|61|53|0|14|3|6|0|14|0|14|78|89|25|41|0|14|0|14|0|14|50|53|0|14|3|6|0|14|0|14|11|17|0|14|0|14|0|14|0|14|11|17|0|14|0|14|0|14|0|14|0|14|0|14|0|14|0|14|0|14|0|14|0|14|0|14|0|14|0|14|11|17|0|14|0|14|0|14|0|14|11|17|0|14|0|14|0|14|0|14|0|14|0|14|0|14|0|14|0|14|0|14|0|14|0|14|0|14|0|14|0|14|0|14|0|14|0|14|0|14|0|14|0|14|0|14|0|14|0|14|0|14|0|14|0|14|0|14|0|14|0|14|0|14|0|14|0|14|0|14|0|14|0|14|0|14|0|14|0|14|0|14|0|14|0|14|0|14|0|14|0|14|0|14|0|14|0|14|0|14|0|14|0|14|0|14|0|14|0|14|1|2|0|14|0|14|0|14|0|14|0|14|0|14|0|14|0|14|1|2
1600000US4502080|1786|394|437|267|276|174|411|212|215|136|81|76|92|82|124|101|0|14|150|119|1771|395|437|267|261|174|411|212|215|136|81|76|92|82|124|101|0|14|150|119|1591|374|387|262|233|174|376|205|215|136|81|76|92|82|124|101|0|14|83|73|180|131|50|80|28|43|35|56|0|14|0|14|0|14|0|14|0|14|67|72|146|118|50|80|28|43|35|56|0|14|0|14|0|14|0|14|0|14|33|52|34|49|0|14|0|14|0|14|0|14|0|14|0|14|0|14|0|14|34|49|0|14|0|14|0|14|0|14|0|14|0|14|0|14|0|14|0|14|0|14|0|14|0|14|0|14|0|14|0|14|0|14|0|14|0|14|0|14|0|14|0|14|0|14|0|14|0|14|0|14|0|14|0|14|0|14|0|14|0|14|0|14|0|14|0|14|0|14|0|14|0|14|0|14|0|14|0|14|0|14|15|26|0|14|15|26|0|14|0|14|0|14|0|14|0|14|0|14|0|14|0|14|0|14|0|14|0|14|0|14|0|14|0|14|0|14|0|14|0|14
1600000US4502125|336|101|42|27|23|14|116|66|97|42|16|11|23|27|3|5|13|14|3|4|317|103|24|19|23|14|115|67|97|42|16|11|23|27|3|5|13|14|3|4|296|100|19|19|19|12|108|65|92|40|16|11|23|27|3|5|13|14|3|4|21|26|5|8|4|7|7|11|5|12|0|14|0|14|0|14|0|14|0|14|8|12|0|14|4|7|0|14|4|10|0|14|0|14|0|14|0|14|0|14|13|20|5|8|0|14|7|11|1|4|0|14|0|14|0|14|0|14|0|14|0|14|0|14|0|14|0|14|0|14|0|14|0|14|0|14|0|14|0|14|0|14|0|14|0|14|0|14|0|14|0|14|0|14|0|14|0|14|0|14|0|14|0|14|0|14|0|14|0|14|0|14|0|14|0|14|0|14|0|14|0|14|0|14|0|14|0|14|0|14|0|14|0|14|0|14|0|14|0|14|19|20|18|19|0|14|1|4|0|14|0|14|0|14|0|14|0|14|0|14|0|14|0|14|0|14|0|14|0|14|0|14|0|14|0|14|0|14|0|14
1600000US4502440|1000|327|152|106|157|104|103|65|68|43|119|110|93|115|146|99|81|55|81|58|989|325|152|106|157|104|103|65|68|43|119|110|93|115|146|99|81|55|70|54|890|338|145|106|157|104|89|63|50|45|113|110|93|115|127|96|53|43|63|51|99|66|7|10|0|14|14|16|18|21|6|9|0|14|19|27|28|38|7|10|54|50|7|10|0|14|0|14|12|19|0|14|0|14|0|14|28|38|7|10|45|52|0|14|0|14|14|16|6|8|6|9|0|14|19|27|0|14|0|14|11|16|0|14|0|14|0|14|0|14|0|14|0|14|0|14|0|14|11|16|0|14|0|14|0|14|0|14|0|14|0|14|0|14|0|14|0|14|0|14|0|14|0|14|0|14|0|14|0|14|0|14|0|14|0|14|0|14|0|14|11|16|0|14|0|14|0|14|0|14|0|14|0|14|0|14|0|14|11|16|0|14|0|14|0|14|0|14|0|14|0|14|0|14|0|14|0|14|0|14|0|14|0|14|0|14|0|14|0|14|0|14|0|14|0|14|0|14|0|14
1600000US4502530|1167|294|238|170|192|114|154|57|160|107|53|47|259|128|13|23|59|41|39|33|1167|294|238|170|192|114|154|57|160|107|53|47|259|128|13|23|59|41|39|33|953|234|136|77|192|114|150|57|63|43|53|47|259|128|13|23|50|38|37|33|214|135|102|111|0|14|4|6|97|99|0|14|0|14|0|14|9|15|2|4|200|138|102|111|0|14|0|14|89|98|0|14|0|14|0|14|9|15|0|14|14|16|0|14|0|14|4|6|8|14|0|14|0|14|0|14|0|14|2|4|0|14|0|14|0|14|0|14|0|14|0|14|0|14|0|14|0|14|0|14|0|14|0|14|0|14|0|14|0|14|0|14|0|14|0|14|0|14|0|14|0|14|0|14|0|14|0|14|0|14|0|14|0|14|0|14|0|14|0|14|0|14|0|14|0|14|0|14|0|14|0|14|0|14|0|14|0|14|0|14|0|14|0|14|0|14|0|14|0|14|0|14|0|14|0|14|0|14|0|14|0|14|0|14|0|14|0|14|0|14|0|14|0|14|0|14|0|14|0|14
1600000US4502665|1084|419|176|189|32|56|459|283|115|142|57|93|245|139|0|14|0|14|0|14|1056|424|148|183|32|56|459|283|115|142|57|93|245|139|0|14|0|14|0|14|973|401|148|183|32|56|459|283|32|52|57|93|245|139|0|14|0|14|0|14|83|133|0|14|0|14|0|14|83|133|0|14|0|14|0|14|0|14|0|14|83|133|0|14|0|14|0|14|83|133|0|14|0|14|0|14|0|14|0|14|0|14|0|14|0|14|0|14|0|14|0|14|0|14|0|14|0|14|0|14|0|14|0|14|0|14|0|14|0|14|0|14|0|14|0|14|0|14|0|14|0|14|0|14|0|14|0|14|0|14|0|14|0|14|0|14|0|14|0|14|0|14|0|14|0|14|0|14|0|14|0|14|0|14|0|14|0|14|0|14|0|14|0|14|0|14|0|14|0|14|0|14|0|14|0|14|0|14|0|14|0|14|0|14|0|14|0|14|0|14|0|14|0|14|0|14|0|14|0|14|28|47|28|47|0|14|0|14|0|14|0|14|0|14|0|14|0|14|0|14
1600000US4503115|17|15|6|10|0|14|0|14|0|14|8|12|0|14|3|5|0|14|0|14|17|15|6|10|0|14|0|14|0|14|8|12|0|14|3|5|0|14|0|14|17|15|6|10|0|14|0|14|0|14|8|12|0|14|3|5|0|14|0|14|0|14|0|14|0|14|0|14|0|14|0|14|0|14|0|14|0|14|0|14|0|14|0|14|0|14|0|14|0|14|0|14|0|14|0|14|0|14|0|14|0|14|0|14|0|14|0|14|0|14|0|14|0|14|0|14|0|14|0|14|0|14|0|14|0|14|0|14|0|14|0|14|0|14|0|14|0|14|0|14|0|14|0|14|0|14|0|14|0|14|0|14|0|14|0|14|0|14|0|14|0|14|0|14|0|14|0|14|0|14|0|14|0|14|0|14|0|14|0|14|0|14|0|14|0|14|0|14|0|14|0|14|0|14|0|14|0|14|0|14|0|14|0|14|0|14|0|14|0|14|0|14|0|14|0|14|0|14|0|14|0|14|0|14|0|14|0|14|0|14|0|14|0|14|0|14|0|14|0|14
1600000US4503205|108|54|32|37|6|9|17|19|30|21|0|14|6|9|9|14|2|4|6|8|74|46|27|37|0|14|17|19|20|16|0|14|0|14|9|14|0|14|1|3|56|42|26|37|0|14|7|9|13|11|0|14|0|14|9|14|0|14|1|3|18|24|1|3|0|14|10|17|7|11|0|14|0|14|0|14|0|14|0|14|18|24|1|3|0|14|10|17|7|11|0|14|0|14|0|14|0|14|0|14|0|14|0|14|0|14|0|14|0|14|0|14|0|14|0|14|0|14|0|14|9|17|0|14|0|14|0|14|5|10|0|14|0|14|0|14|0|14|4|7|9|17|0|14|0|14|0|14|5|10|0|14|0|14|0|14|0|14|4|7|0|14|0|14|0|14|0|14|0|14|0|14|0|14|0|14|0|14|0|14|0|14|0|14|0|14|0|14|0|14|0|14|0|14|0|14|0|14|0|14|6|8|3|6|1|2|0|14|0|14|0|14|0|14|0|14|2|4|0|14|19|15|2|3|5|8|0|14|5|9|0|14|6|9|0|14|0|14|1|3
1600000US4503385|747|286|6|9|15|23|40|26|127|75|35|30|232|131|185|196|71|43|36|23|726|286|0|14|15|23|40|26|127|75|31|30|227|130|185|196|65|41|36|23|690|288|0|14|15|23|40|26|127|75|10|11|227|130|180|196|55|41|36|23|36|33|0|14|0|14|0|14|0|14|21|28|0|14|5|7|10|12|0|14|19|19|0|14|0|14|0|14|0|14|4|7|0|14|5|7|10|12|0|14|17|27|0|14|0|14|0|14|0|14|17|27|0|14|0|14|0|14|0|14|9|12|0|14|0|14|0|14|0|14|4|7|5|9|0|14|0|14|0|14|9|12|0|14|0|14|0|14|0|14|4|7|5|9|0|14|0|14|0|14|0|14|0|14|0|14|0|14|0|14|0|14|0|14|0|14|0|14|0|14|0|14|0|14|0|14|0|14|0|14|0|14|0|14|0|14|0|14|0|14|6|9|6|9|0|14|0|14|0|14|0|14|0|14|0|14|0|14|0|14|6|8|0|14|0|14|0|14|0|14|0|14|0|14|0|14|6|8|0|14
1600000US4503430|519|165|71|57|5|8|61|36|82|45|42|27|80|76|40|24|86|41|52|36|514|165|71|57|5|8|61|36|80|45|42|27|80|76|40|24|83|40|52|36|469|160|71|57|0|14|34|24|80|45|37|25|76|76|40|24|83|40|48|35|45|34|0|14|5|8|27|28|0|14|5|7|4|6|0|14|0|14|4|7|35|30|0|14|0|14|27|28|0|14|0|14|4|6|0|14|0|14|4|7|10|11|0|14|5|8|0|14|0|14|5|7|0|14|0|14|0|14|0|14|0|14|0|14|0|14|0|14|0|14|0|14|0|14|0|14|0|14|0|14|0|14|0|14|0|14|0|14|0|14|0|14|0|14|0|14|0|14|0|14|0|14|0|14|0|14|0|14|0|14|0|14|0|14|0|14|0|14|0|14|0|14|0|14|0|14|0|14|0|14|0|14|0|14|0|14|0|14|0|14|0|14|0|14|0|14|0|14|0|14|0|14|0|14|0|14|0|14|0|14|5|7|0|14|0|14|0|14|2|4|0|14|0|14|0|14|3|6|0|14
1600000US4503790|744|187|191|86|88|87|2|7|12|25|242|117|56|54|57|50|68|69|28|27|729|184|181|81|88|87|2|7|12|25|242|117|56|54|57|50|68|69|23|26|563|184|154|71|28|53|0|14|12|25|185|111|56|54|57|50|59|65|12|23|166|103|27|30|60|76|2|7|0|14|57|79|0|14|0|14|9|17|11|20|86|87|15|28|60|76|0|14|0|14|0|14|0|14|0|14|0|14|11|20|80|87|12|21|0|14|2|7|0|14|57|79|0|14|0|14|9|17|0|14|0|14|0|14|0|14|0|14|0|14|0|14|0|14|0|14|0|14|0|14|0|14|0|14|0|14|0|14|0|14|0|14|0|14|0|14|0|14|0|14|0|14|0|14|0|14|0|14|0|14|0|14|0|14|0|14|0|14|0|14|0|14|0|14|0|14|0|14|0|14|0|14|0|14|0|14|0|14|0|14|10|18|10|18|0|14|0|14|0|14|0|14|0|14|0|14|0|14|0|14|5|9|0|14|0|14|0|14|0|14|0|14|0|14|0|14|0|14|5|9
1600000US4504060|1775|248|745|237|99|67|100|61|169|99|33|38|102|58|57|37|226|115|244|189|1713|253|745|237|85|66|100|61|169|99|33|38|80|57|47|33|226|115|228|183|1468|220|629|185|85|66|100|61|142|96|33|38|50|39|32|30|226|115|171|148|245|131|116|109|0|14|0|14|27|35|0|14|30|39|15|16|0|14|57|74|225|131|99|108|0|14|0|14|24|34|0|14|30|39|15|16|0|14|57|74|20|21|17|22|0|14|0|14|3|6|0|14|0|14|0|14|0|14|0|14|37|34|0|14|14|22|0|14|0|14|0|14|13|20|10|15|0|14|0|14|37|34|0|14|14|22|0|14|0|14|0|14|13|20|10|15|0|14|0|14|0|14|0|14|0|14|0|14|0|14|0|14|0|14|0|14|0|14|0|14|0|14|0|14|0|14|0|14|0|14|0|14|0|14|0|14|0|14|0|14|0|14|0|14|0|14|0|14|0|14|0|14|0|14|0|14|0|14|0|14|25|42|0|14|0|14|0|14|0|14|0|14|9|16|0|14|0|14|16|26
1600000US4504300|1938|268|477|238|292|113|194|113|145|84|185|132|192|94|123|71|199|87|131|89|1851|256|477|238|272|114|131|69|145|84|185|132|188|94|123|71|199|87|131|89|1633|234|465|239|272|114|116|66|121|86|78|63|170|93|112|67|191|86|108|88|218|131|12|18|0|14|15|17|24|23|107|131|18|24|11|18|8|13|23|28|171|130|0|14|0|14|15|17|15|18|107|131|0|14|11|18|8|13|15|23|47|42|12|18|0|14|0|14|9|15|0|14|18|24|0|14|0|14|8|14|0|14|0|14|0|14|0|14|0|14|0|14|0|14|0|14|0|14|0|14|0|14|0|14|0|14|0|14|0|14|0|14|0|14|0|14|0|14|0|14|0|14|0|14|0|14|0|14|0|14|0|14|0|14|0|14|0|14|0|14|0|14|0|14|0|14|0|14|0|14|0|14|0|14|0|14|0|14|0|14|0|14|0|14|0|14|0|14|0|14|0|14|0|14|0|14|0|14|0|14|87|98|0|14|20|34|63|92|0|14|0|14|4|13|0|14|0|14|0|14
1600000US4504528|1390|310|286|135|146|125|263|122|255|135|97|83|165|100|68|61|27|30|83|60|1296|307|216|111|146|125|245|120|249|134|97|83|165|100|68|61|27|30|83|60|1122|247|191|103|78|57|237|122|214|123|97|83|152|90|68|61|27|30|58|47|174|206|25|42|68|108|8|14|35|57|0|14|13|21|0|14|0|14|25|39|56|62|0|14|0|14|8|14|35|57|0|14|13|21|0|14|0|14|0|14|118|149|25|42|68|108|0|14|0|14|0|14|0|14|0|14|0|14|25|39|0|14|0|14|0|14|0|14|0|14|0|14|0|14|0|14|0|14|0|14|0|14|0|14|0|14|0|14|0|14|0|14|0|14|0|14|0|14|0|14|0|14|0|14|0|14|0|14|0|14|0|14|0|14|0|14|0|14|0|14|0|14|0|14|0|14|0|14|0|14|0|14|0|14|0|14|0|14|0|14|76|70|70|70|0|14|0|14|6|10|0|14|0|14|0|14|0|14|0|14|18|29|0|14|0|14|18|29|0|14|0|14|0|14|0|14|0|14|0|14
1600000US4504690|7173|479|2196|354|1564|328|1030|359|351|165|125|111|1140|381|214|176|174|127|379|202|6748|529|1980|369|1457|337|972|366|324|151|121|111|1127|380|214|176|174|127|379|202|5348|473|1215|343|1004|336|866|331|249|139|121|111|1126|380|214|176|174|127|379|202|1400|384|765|235|453|225|106|115|75|72|0|22|1|2|0|22|0|22|0|22|1021|367|524|223|370|233|58|85|69|70|0|22|0|22|0|22|0|22|0|22|379|173|241|119|83|83|48|76|6|12|0|22|1|2|0|22|0|22|0|22|17|24|0|22|0|22|0|22|0|22|4|10|13|21|0|22|0|22|0|22|4|10|0|22|0|22|0|22|0|22|4|10|0|22|0|22|0|22|0|22|0|22|0|22|0|22|0|22|0|22|0|22|0|22|0|22|0|22|0|22|13|21|0|22|0|22|0|22|0|22|0|22|13|21|0|22|0|22|0|22|355|144|163|102|107|62|58|56|27|46|0|22|0|22|0|22|0|22|0|22|53|58|53|58|0|22|0|22|0|22|0|22|0|22|0|22|0|22|0|22
1600000US4504915|562|190|69|58|17|23|81|60|105|84|39|39|69|53|26|34|139|101|17|33|524|169|69|58|17|23|81|60|67|65|39|39|69|53|26|34|139|101|17|33|499|169|52|66|17|23|81|60|67|65|39|39|61|52|26|34|139|101|17|33|25|29|17|26|0|14|0|14|0|14|0|14|8|12|0|14|0|14|0|14|25|29|17|26|0|14|0|14|0|14|0|14|8|12|0|14|0|14|0|14|0|14|0|14|0|14|0|14|0|14|0|14|0|14|0|14|0|14|0|14|0|14|0|14|0|14|0|14|0|14|0|14|0|14|0|14|0|14|0|14|0|14|0|14|0|14|0|14|0|14|0|14|0|14|0|14|0|14|0|14|0|14|0|14|0|14|0|14|0|14|0|14|0|14|0|14|0|14|0|14|0|14|0|14|0|14|0|14|0|14|0|14|0|14|0|14|0|14|0|14|38|59|0|14|0|14|0|14|38|59|0|14|0|14|0|14|0|14|0|14|0|14|0|14|0|14|0|14|0|14|0|14|0|14|0|14|0|14|0|14
1600000US4505365|1867|359|359|153|94|55|83|60|196|101|104|72|135|84|521|222|327|260|48|44|1854|363|347|160|94|55|83|60|196|101|104|72|134|83|521|222|327|260|48|44|1603|277|347|160|53|46|64|52|189|100|104|72|115|71|357|205|327|260|47|44|251|154|0|14|41|38|19|23|7|14|0|14|19|32|164|162|0|14|1|2|225|157|0|14|27|36|8|14|7|14|0|14|19|32|164|162|0|14|0|14|26|30|0|14|14|24|11|18|0|14|0|14|0|14|0|14|0|14|1|2|0|14|0|14|0|14|0|14|0|14|0|14|0|14|0|14|0|14|0|14|0|14|0|14|0|14|0|14|0|14|0|14|0|14|0|14|0|14|0|14|0|14|0|14|0|14|0|14|0|14|0|14|0|14|0|14|0|14|0|14|0|14|0|14|0|14|0|14|0|14|0|14|0|14|0|14|0|14|0|14|12|22|12|22|0|14|0|14|0|14|0|14|0|14|0|14|0|14|0|14|1|8|0|14|0|14|0|14|0|14|0|14|1|8|0|14|0|14|0|14
1600000US4505410|2063|371|192|114|496|218|366|146|421|164|36|49|293|173|175|146|45|55|39|43|2043|372|187|113|496|218|351|141|421|164|36|49|293|173|175|146|45|55|39|43|1997|366|187|113|496|218|349|141|405|160|36|49|293|173|175|146|45|55|11|19|46|44|0|20|0|20|2|3|16|24|0|20|0|20|0|20|0|20|28|37|30|37|0|20|0|20|2|3|0|20|0|20|0|20|0|20|0|20|28|37|16|24|0|20|0|20|0|20|16|24|0|20|0|20|0|20|0|20|0|20|0|20|0|20|0|20|0|20|0|20|0|20|0|20|0|20|0|20|0|20|0|20|0|20|0|20|0|20|0|20|0|20|0|20|0|20|0|20|0|20|0|20|0|20|0|20|0|20|0|20|0|20|0|20|0|20|0|20|0|20|0|20|0|20|0|20|0|20|0|20|0|20|0|20|0|20|0|20|0|20|20|31|5|9|0|20|15|23|0|20|0|20|0|20|0|20|0|20|0|20|0|20|0|20|0|20|0|20|0|20|0|20|0|20|0|20|0|20|0|20
1600000US4505545|1278|304|418|224|86|64|240|95|84|55|104|71|127|110|10|16|68|47|141|142|1278|304|418|224|86|64|240|95|84|55|104|71|127|110|10|16|68|47|141|142|1085|292|378|218|86|64|164|71|78|54|82|60|127|110|10|16|68|47|92|115|193|141|40|41|0|14|76|65|6|9|22|31|0|14|0|14|0|14|49|78|102|87|40|41|0|14|40|53|0|14|22|31|0|14|0|14|0|14|0|14|91|85|0|14|0|14|36|38|6|9|0|14|0|14|0|14|0|14|49|78|0|14|0|14|0|14|0|14|0|14|0|14|0|14|0|14|0|14|0|14|0|14|0|14|0|14|0|14|0|14|0|14|0|14|0|14|0|14|0|14|0|14|0|14|0|14|0|14|0|14|0|14|0|14|0|14|0|14|0|14|0|14|0|14|0|14|0|14|0|14|0|14|0|14|0|14|0|14|0|14|0|14|0|14|0|14|0|14|0|14|0|14|0|14|0|14|0|14|0|14|0|14|0|14|0|14|0|14|0|14|0|14|0|14|0|14|0|14|0|14
1600000US4505680|2307|369|386|149|368|180|284|144|89|87|88|72|406|165|141|104|240|121|305|180|2276|360|386|149|337|172|284|144|89|87|88|72|406|165|141|104|240|121|305|180|1896|346|373|147|337|172|228|135|89|87|70|66|166|109|141|104|221|126|271|171|380|161|13|26|0|20|56|52|0|20|18|29|240|130|0|20|19|36|34|41|362|162|13|26|0|20|56|52|0|20|0|20|240|130|0|20|19|36|34|41|18|29|0|20|0|20|0|20|0|20|18|29|0|20|0|20|0|20|0|20|0|20|0|20|0|20|0|20|0|20|0|20|0|20|0|20|0|20|0|20|0|20|0|20|0|20|0|20|0|20|0|20|0|20|0|20|0|20|0|20|0|20|0|20|0|20|0|20|0|20|0|20|0|20|0|20|0|20|0|20|0|20|0|20|0|20|0|20|0|20|0|20|0|20|0|20|0|20|0|20|28|38|0|20|28|38|0|20|0|20|0|20|0|20|0|20|0|20|0|20|3|6|0|20|3|6|0|20|0|20|0|20|0|20|0|20|0|20|0|20
1600000US4505770|6741|809|449|173|996|294|751|297|1141|259|648|227|1390|340|703|263|476|224|187|99|6538|793|393|150|996|294|721|289|1141|259|606|215|1315|334|703|263|476|224|187|99|5233|784|299|128|712|221|633|277|900|211|518|194|1105|278|592|239|359|189|115|59|1305|317|94|77|284|180|88|76|241|155|88|81|210|162|111|80|117|93|72|65|827|239|80|77|172|107|57|59|162|126|88|81|105|81|111|80|16|28|36|36|478|221|14|24|112|107|31|33|79|106|0|22|105|152|0|22|101|84|36|56|0|22|0|22|0|22|0|22|0|22|0|22|0|22|0|22|0|22|0|22|0|22|0|22|0|22|0|22|0|22|0|22|0|22|0|22|0|22|0|22|0|22|0|22|0|22|0|22|0|22|0|22|0|22|0|22|0|22|0|22|0|22|0|22|0|22|0|22|0|22|0|22|0|22|0|22|0|22|0|22|0|22|0|22|0|22|0|22|0|22|0|22|0|22|0|22|0|22|0|22|203|144|56|70|0|22|30|49|0|22|42|63|75|72|0|22|0|22|0|22
1600000US4506040|139|60|14|9|6|8|21|15|12|12|19|25|24|22|3|4|33|22|7|8|138|60|13|9|6|8|21|15|12|12|19|25|24|22|3|4|33|22|7|8|111|46|9|7|2|3|17|14|12|12|10|13|24|22|3|4|27|16|7|8|27|21|4|6|4|7|4|7|0|14|9|13|0|14|0|14|6|9|0|14|25|20|4|6|4|7|4|7|0|14|7|12|0|14|0|14|6|9|0|14|2|4|0|14|0|14|0|14|0|14|2|4|0|14|0|14|0|14|0|14|0|14|0|14|0|14|0|14|0|14|0|14|0|14|0|14|0|14|0|14|0|14|0|14|0|14|0|14|0|14|0|14|0|14|0|14|0|14|0|14|0|14|0|14|0|14|0|14|0|14|0|14|0|14|0|14|0|14|0|14|0|14|0|14|0|14|0|14|0|14|0|14|0|14|0|14|0|14|0|14|1|2|1|2|0|14|0|14|0|14|0|14|0|14|0|14|0|14|0|14|0|14|0|14|0|14|0|14|0|14|0|14|0|14|0|14|0|14|0|14
1600000US4506310|956|153|228|80|209|94|154|94|42|35|12|22|121|76|66|56|59|43|65|61|928|141|221|77|209|94|143|88|42|35|12|22|111|73|66|56|59|43|65|61|783|148|175|70|209|94|114|66|8|13|12|22|87|73|61|55|56|42|61|61|145|77|46|42|0|14|29|46|34|35|0|14|24|27|5|8|3|5|4|6|108|69|35|37|0|14|29|46|34|35|0|14|10|18|0|14|0|14|0|14|37|34|11|23|0|14|0|14|0|14|0|14|14|19|5|8|3|5|4|6|0|14|0|14|0|14|0|14|0|14|0|14|0|14|0|14|0|14|0|14|0|14|0|14|0|14|0|14|0|14|0|14|0|14|0|14|0|14|0|14|0|14|0|14|0|14|0|14|0|14|0|14|0|14|0|14|0|14|0|14|0|14|0|14|0|14|0|14|0|14|0|14|0|14|0|14|0|14|0|14|21|30|0|14|0|14|11|22|0|14|0|14|10|18|0|14|0|14|0|14|7|13|7|13|0|14|0|14|0|14|0|14|0|14|0|14|0|14|0|14
1600000US4506400|711|190|70|54|59|49|109|49|118|62|90|65|71|55|12|13|59|38|123|81|708|190|70|54|59|49|106|49|118|62|90|65|71|55|12|13|59|38|123|81|626|178|68|55|49|47|96|47|101|54|90|65|36|32|12|13|59|38|115|80|82|68|2|4|10|20|10|14|17|20|0|14|35|48|0|14|0|14|8|13|66|59|2|4|10|20|3|4|8|13|0|14|35|48|0|14|0|14|8|13|16|19|0|14|0|14|7|13|9|15|0|14|0|14|0|14|0|14|0|14|0|14|0|14|0|14|0|14|0|14|0|14|0|14|0|14|0|14|0|14|0|14|0|14|0|14|0|14|0|14|0|14|0|14|0|14|0|14|0|14|0|14|0|14|0|14|0|14|0|14|0|14|0|14|0|14|0|14|0|14|0|14|0|14|0|14|0|14|0|14|0|14|0|14|0|14|0|14|0|14|0|14|0|14|0|14|0|14|0|14|0|14|0|14|0|14|0|14|0|14|3|5|0|14|0|14|3|5|0|14|0|14|0|14|0|14|0|14|0|14
1600000US4506490|598|237|118|126|14|19|145|78|23|25|56|66|101|83|68|61|64|61|9|10|592|236|118|126|8|15|145|78|23|25|56|66|101|83|68|61|64|61|9|10|545|225|114|123|8|15|140|77|23|25|56|66|101|83|39|43|64|61|0|14|47|40|4|12|0|14|5|10|0|14|0|14|0|14|29|31|0|14|9|10|31|31|4|12|0|14|5|10|0|14|0|14|0|14|13|18|0|14|9|10|16|25|0|14|0|14|0|14|0|14|0|14|0|14|16|25|0|14|0|14|0|14|0|14|0|14|0|14|0|14|0|14|0|14|0|14|0|14|0|14|0|14|0|14|0|14|0|14|0|14|0|14|0|14|0|14|0|14|0|14|0|14|0|14|0|14|0|14|0|14|0|14|0|14|0|14|0|14|0|14|0|14|0|14|0|14|0|14|0|14|0|14|0|14|0|14|0|14|0|14|0|14|0|14|0|14|0|14|0|14|0|14|0|14|0|14|0|14|0|14|6|9|0|14|6|9|0|14|0|14|0|14|0|14|0|14|0|14|0|14
1600000US4506850|43|33|0|14|0|14|13|17|0|14|0|14|15|24|13|14|2|4|0|14|43|33|0|14|0|14|13|17|0|14|0|14|15|24|13|14|2|4|0|14|43|33|0|14|0|14|13|17|0|14|0|14|15|24|13|14|2|4|0|14|0|14|0|14|0|14|0|14|0|14|0|14|0|14|0|14|0|14|0|14|0|14|0|14|0|14|0|14|0|14|0|14|0|14|0|14|0|14|0|14|0|14|0|14|0|14|0|14|0|14|0|14|0|14|0|14|0|14|0|14|0|14|0|14|0|14|0|14|0|14|0|14|0|14|0|14|0|14|0|14|0|14|0|14|0|14|0|14|0|14|0|14|0|14|0|14|0|14|0|14|0|14|0|14|0|14|0|14|0|14|0|14|0|14|0|14|0|14|0|14|0|14|0|14|0|14|0|14|0|14|0|14|0|14|0|14|0|14|0|14|0|14|0|14|0|14|0|14|0|14|0|14|0|14|0|14|0|14|0|14|0|14|0|14|0|14|0|14|0|14|0|14|0|14|0|14|0|14|0|14
1600000US4507210|13182|997|642|295|1822|499|1928|476|1750|398|873|310|2624|684|1657|455|1183|318|703|328|12968|986|576|271|1803|504|1928|476|1707|394|873|310|2620|685|1657|455|1183|318|621|272|11616|897|517|256|1597|468|1759|453|1563|390|760|285|2197|525|1608|455|994|316|621|272|1352|513|59|63|206|172|169|151|144|101|113|112|423|443|49|82|189|167|0|30|1046|494|41|54|206|172|51|50|121|96|113|112|422|443|49|82|43|58|0|30|306|214|18|29|0|30|118|142|23|31|0|30|1|2|0|30|146|156|0|30|0|30|0|30|0|30|0|30|0|30|0|30|0|30|0|30|0|30|0|30|0|30|0|30|0|30|0|30|0|30|0|30|0|30|0|30|0|30|0|30|0|30|0|30|0|30|0|30|0|30|0|30|0|30|0|30|0|30|0|30|0|30|0|30|0|30|0|30|0|30|0|30|0|30|0|30|0|30|0|30|1|9|1|9|0|30|0|30|0|30|0|30|0|30|0|30|0|30|0|30|213|156|65|103|19|43|0|30|43|52|0|30|4|11|0|30|0|30|82|108
1600000US4507255|2015|487|48|73|312|242|284|180|233|143|350|273|345|148|126|97|92|70|225|185|2010|483|48|73|312|242|284|180|233|143|350|273|345|148|126|97|92|70|220|186|1929|465|48|73|312|242|260|174|233|143|337|273|344|148|126|97|92|70|177|169|81|86|0|20|0|20|24|28|0|20|13|23|1|3|0|20|0|20|43|78|80|87|0|20|0|20|24|28|0|20|13|23|0|20|0|20|0|20|43|78|1|3|0|20|0|20|0|20|0|20|0|20|1|3|0|20|0|20|0|20|0|20|0|20|0|20|0|20|0|20|0|20|0|20|0|20|0|20|0|20|0|20|0|20|0|20|0|20|0|20|0|20|0|20|0|20|0|20|0|20|0|20|0|20|0|20|0|20|0|20|0|20|0|20|0|20|0|20|0|20|0|20|0|20|0|20|0|20|0|20|0|20|0|20|0|20|0|20|0|20|0|20|0|20|0|20|0|20|0|20|0|20|0|20|0|20|0|20|0|20|5|13|0|20|0|20|0|20|0|20|0|20|0|20|0|20|0|20|5|13
1600000US4507345|5934|1183|337|219|631|188|1302|425|1639|752|356|142|738|352|161|121|364|206|406|183|5905|1183|337|219|631|188|1283|420|1639|752|356|142|728|351|161|121|364|206|406|183|5206|940|325|217|610|189|1256|421|1135|453|335|134|684|341|100|85|364|206|397|184|699|558|12|16|21|35|27|40|504|547|21|34|44|74|61|79|0|22|9|16|237|151|12|16|21|35|0|22|69|64|21|34|44|74|61|79|0|22|9|16|462|546|0|22|0|22|27|40|435|544|0|22|0|22|0|22|0|22|0|22|0|22|0|22|0|22|0|22|0|22|0|22|0|22|0|22|0|22|0|22|0|22|0|22|0|22|0|22|0|22|0|22|0|22|0|22|0|22|0|22|0|22|0|22|0|22|0|22|0|22|0|22|0|22|0|22|0|22|0|22|0|22|0|22|0|22|0|22|0|22|0|22|0|22|0|22|0|22|0|22|19|30|0|22|0|22|19|30|0|22|0|22|0|22|0|22|0|22|0|22|10|17|0|22|0|22|0|22|0|22|0|22|10|17|0|22|0|22|0|22
1600000US4507525|221|91|15|15|18|19|34|30|14|20|4|5|27|25|16|19|53|33|40|41|211|89|8|12|18|19|34|30|14|20|4|5|27|25|16|19|50|32|40|41|203|85|8|12|13|16|34|30|14|20|4|5|27|25|15|18|48|33|40|41|8|12|0|14|5|9|0|14|0|14|0|14|0|14|1|3|2|5|0|14|8|12|0|14|5|9|0|14|0|14|0|14|0|14|1|3|2|5|0|14|0|14|0|14|0|14|0|14|0|14|0|14|0|14|0|14|0|14|0|14|0|14|0|14|0|14|0|14|0|14|0|14|0|14|0|14|0|14|0|14|0|14|0|14|0|14|0|14|0|14|0|14|0|14|0|14|0|14|0|14|0|14|0|14|0|14|0|14|0|14|0|14|0|14|0|14|0|14|0|14|0|14|0|14|0|14|0|14|0|14|0|14|0|14|0|14|0|14|0|14|0|14|0|14|0|14|0|14|0|14|0|14|0|14|0|14|0|14|0|14|10|10|7|9|0|14|0|14|0|14|0|14|0|14|0|14|3|5|0|14
1600000US4507535|451|188|0|14|14|21|0|14|90|73|0|14|9|13|22|26|286|194|30|34|451|188|0|14|14|21|0|14|90|73|0|14|9|13|22|26|286|194|30|34|400|160|0|14|14|21|0|14|90|73|0|14|9|13|22|26|235|157|30|34|51|73|0|14|0|14|0|14|0|14|0|14|0|14|0|14|51|73|0|14|51|73|0|14|0|14|0|14|0|14|0|14|0|14|0|14|51|73|0|14|0|14|0|14|0|14|0|14|0|14|0|14|0|14|0|14|0|14|0|14|0|14|0|14|0|14|0|14|0|14|0|14|0|14|0|14|0|14|0|14|0|14|0|14|0|14|0|14|0|14|0|14|0|14|0|14|0|14|0|14|0|14|0|14|0|14|0|14|0|14|0|14|0|14|0|14|0|14|0|14|0|14|0|14|0|14|0|14|0|14|0|14|0|14|0|14|0|14|0|14|0|14|0|14|0|14|0|14|0|14|0|14|0|14|0|14|0|14|0|14|0|14|0|14|0|14|0|14|0|14|0|14|0|14|0|14|0|14|0|14
1600000US4507840|161|102|20|27|26|23|5|7|22|28|15|21|16|26|2|4|15|20|40|31|159|101|20|27|26|23|5|7|20|27|15|21|16|26|2|4|15|20|40|31|155|101|20|27|26|23|5|7|20|27|15|21|16|26|2|4|15|20|36|30|4|8|0|14|0|14|0|14|0|14|0|14|0|14|0|14|0|14|4|8|4|8|0|14|0|14|0|14|0|14|0|14|0|14|0|14|0|14|4|8|0|14|0|14|0|14|0|14|0|14|0|14|0|14|0|14|0|14|0|14|0|14|0|14|0|14|0|14|0|14|0|14|0|14|0|14|0|14|0|14|0|14|0|14|0|14|0|14|0|14|0|14|0|14|0|14|0|14|0|14|0|14|0|14|0|14|0|14|0|14|0|14|0|14|0|14|0|14|0|14|0|14|0|14|0|14|0|14|0|14|0|14|0|14|0|14|0|14|0|14|0|14|0|14|0|14|0|14|0|14|0|14|0|14|0|14|0|14|0|14|2|3|0|14|0|14|0|14|2|3|0|14|0|14|0|14|0|14|0|14
1600000US4508110|110|103|9|10|0|14|36|35|33|35|0|14|0|14|0|14|7|11|25|34|110|103|9|10|0|14|36|35|33|35|0|14|0|14|0|14|7|11|25|34|110|103|9|10|0|14|36|35|33|35|0|14|0|14|0|14|7|11|25|34|0|14|0|14|0|14|0|14|0|14|0|14|0|14|0|14|0|14|0|14|0|14|0|14|0|14|0|14|0|14|0|14|0|14|0|14|0|14|0|14|0|14|0|14|0|14|0|14|0|14|0|14|0|14|0|14|0|14|0|14|0|14|0|14|0|14|0|14|0|14|0|14|0|14|0|14|0|14|0|14|0|14|0|14|0|14|0|14|0|14|0|14|0|14|0|14|0|14|0|14|0|14|0|14|0|14|0|14|0|14|0|14|0|14|0|14|0|14|0|14|0|14|0|14|0|14|0|14|0|14|0|14|0|14|0|14|0|14|0|14|0|14|0|14|0|14|0|14|0|14|0|14|0|14|0|14|0|14|0|14|0|14|0|14|0|14|0|14|0|14|0|14|0|14|0|14|0|14|0|14
1600000US4508155|0|14|0|14|0|14|0|14|0|14|0|14|0|14|0|14|0|14|0|14|0|14|0|14|0|14|0|14|0|14|0|14|0|14|0|14|0|14|0|14|0|14|0|14|0|14|0|14|0|14|0|14|0|14|0|14|0|14|0|14|0|14|0|14|0|14|0|14|0|14|0|14|0|14|0|14|0|14|0|14|0|14|0|14|0|14|0|14|0|14|0|14|0|14|0|14|0|14|0|14|0|14|0|14|0|14|0|14|0|14|0|14|0|14|0|14|0|14|0|14|0|14|0|14|0|14|0|14|0|14|0|14|0|14|0|14|0|14|0|14|0|14|0|14|0|14|0|14|0|14|0|14|0|14|0|14|0|14|0|14|0|14|0|14|0|14|0|14|0|14|0|14|0|14|0|14|0|14|0|14|0|14|0|14|0|14|0|14|0|14|0|14|0|14|0|14|0|14|0|14|0|14|0|14|0|14|0|14|0|14|0|14|0|14|0|14|0|14|0|14|0|14|0|14|0|14|0|14|0|14|0|14|0|14|0|14|0|14|0|14
1600000US4508245|446|209|19|20|5|9|58|70|47|38|59|39|177|160|21|26|13|13|47|36|426|205|9|9|5|9|58|70|43|38|59|39|174|156|21|26|13|13|44|36|300|120|9|9|5|9|54|70|43|38|59|39|56|33|21|26|9|10|44|36|126|152|0|14|0|14|4|6|0|14|0|14|118|152|0|14|4|7|0|14|118|152|0|14|0|14|0|14|0|14|0|14|118|152|0|14|0|14|0|14|8|8|0|14|0|14|4|6|0|14|0|14|0|14|0|14|4|7|0|14|0|14|0|14|0|14|0|14|0|14|0|14|0|14|0|14|0|14|0|14|0|14|0|14|0|14|0|14|0|14|0|14|0|14|0|14|0|14|0|14|0|14|0|14|0|14|0|14|0|14|0|14|0|14|0|14|0|14|0|14|0|14|0|14|0|14|0|14|0|14|0|14|0|14|0|14|0|14|0|14|10|17|10|17|0|14|0|14|0|14|0|14|0|14|0|14|0|14|0|14|10|30|0|14|0|14|0|14|4|5|0|14|3|30|0|14|0|14|3|5
1600000US4508830|167|69|23|26|47|29|29|16|42|28|2|4|11|8|0|14|0|14|13|10|161|68|23|26|47|29|26|16|40|28|1|3|11|8|0|14|0|14|13|10|156|68|22|26|47|29|24|17|38|28|1|3|11|8|0|14|0|14|13|10|5|5|1|3|0|14|2|4|2|4|0|14|0|14|0|14|0|14|0|14|5|5|1|3|0|14|2|4|2|4|0|14|0|14|0|14|0|14|0|14|0|14|0|14|0|14|0|14|0|14|0|14|0|14|0|14|0|14|0|14|0|14|0|14|0|14|0|14|0|14|0|14|0|14|0|14|0|14|0|14|0|14|0|14|0|14|0|14|0|14|0|14|0|14|0|14|0|14|0|14|0|14|0|14|0|14|0|14|0|14|0|14|0|14|0|14|0|14|0|14|0|14|0|14|0|14|0|14|0|14|0|14|0|14|0|14|0|14|0|14|1|3|0|14|0|14|1|3|0|14|0|14|0|14|0|14|0|14|0|14|5|5|0|14|0|14|2|4|2|3|1|3|0|14|0|14|0|14|0|14
1600000US4509527|1277|366|278|175|376|199|70|59|33|39|233|270|1|5|14|21|81|79|191|168|1239|368|271|175|367|197|70|59|11|20|233|270|1|5|14|21|81|79|191|168|972|323|239|163|217|141|65|57|11|20|233|270|1|5|14|21|56|76|136|138|267|222|32|43|150|168|5|10|0|14|0|14|0|14|0|14|25|32|55|90|83|77|10|24|43|68|5|10|0|14|0|14|0|14|0|14|25|32|0|14|184|178|22|36|107|113|0|14|0|14|0|14|0|14|0|14|0|14|55|90|0|14|0|14|0|14|0|14|0|14|0|14|0|14|0|14|0|14|0|14|0|14|0|14|0|14|0|14|0|14|0|14|0|14|0|14|0|14|0|14|0|14|0|14|0|14|0|14|0|14|0|14|0|14|0|14|0|14|0|14|0|14|0|14|0|14|0|14|0|14|0|14|0|14|0|14|0|14|0|14|11|14|7|13|4|8|0|14|0|14|0|14|0|14|0|14|0|14|0|14|27|36|0|14|5|9|0|14|22|35|0|14|0|14|0|14|0|14|0|14
1600000US4509782|0|14|0|14|0|14|0|14|0|14|0|14|0|14|0|14|0|14|0|14|0|14|0|14|0|14|0|14|0|14|0|14|0|14|0|14|0|14|0|14|0|14|0|14|0|14|0|14|0|14|0|14|0|14|0|14|0|14|0|14|0|14|0|14|0|14|0|14|0|14|0|14|0|14|0|14|0|14|0|14|0|14|0|14|0|14|0|14|0|14|0|14|0|14|0|14|0|14|0|14|0|14|0|14|0|14|0|14|0|14|0|14|0|14|0|14|0|14|0|14|0|14|0|14|0|14|0|14|0|14|0|14|0|14|0|14|0|14|0|14|0|14|0|14|0|14|0|14|0|14|0|14|0|14|0|14|0|14|0|14|0|14|0|14|0|14|0|14|0|14|0|14|0|14|0|14|0|14|0|14|0|14|0|14|0|14|0|14|0|14|0|14|0|14|0|14|0|14|0|14|0|14|0|14|0|14|0|14|0|14|0|14|0|14|0|14|0|14|0|14|0|14|0|14|0|14|0|14|0|14|0|14|0|14|0|14|0|14|0|14
1600000US4509865|189|94|12|18|31|23|36|40|17|22|0|14|21|20|35|31|9|14|28|29|189|94|12|18|31|23|36|40|17|22|0|14|21|20|35|31|9|14|28|29|174|93|12|18|31|23|27|37|17|22|0|14|21|20|35|31|9|14|22|28|15|18|0|14|0|14|9|15|0|14|0|14|0|14|0|14|0|14|6|9|9|15|0|14|0|14|9|15|0|14|0|14|0|14|0|14|0|14|0|14|6|9|0|14|0|14|0|14|0|14|0|14|0|14|0|14|0|14|6|9|0|14|0|14|0|14|0|14|0|14|0|14|0|14|0|14|0|14|0|14|0|14|0|14|0|14|0|14|0|14|0|14|0|14|0|14|0|14|0|14|0|14|0|14|0|14|0|14|0|14|0|14|0|14|0|14|0|14|0|14|0|14|0|14|0|14|0|14|0|14|0|14|0|14|0|14|0|14|0|14|0|14|0|14|0|14|0|14|0|14|0|14|0|14|0|14|0|14|0|14|0|14|0|14|0|14|0|14|0|14|0|14|0|14|0|14|0|14|0|14
1600000US4510000|248|170|0|14|0|14|10|17|41|52|54|56|0|14|57|79|86|107|0|14|248|170|0|14|0|14|10|17|41|52|54|56|0|14|57|79|86|107|0|14|248|170|0|14|0|14|10|17|41|52|54|56|0|14|57|79|86|107|0|14|0|14|0|14|0|14|0|14|0|14|0|14|0|14|0|14|0|14|0|14|0|14|0|14|0|14|0|14|0|14|0|14|0|14|0|14|0|14|0|14|0|14|0|14|0|14|0|14|0|14|0|14|0|14|0|14|0|14|0|14|0|14|0|14|0|14|0|14|0|14|0|14|0|14|0|14|0|14|0|14|0|14|0|14|0|14|0|14|0|14|0|14|0|14|0|14|0|14|0|14|0|14|0|14|0|14|0|14|0|14|0|14|0|14|0|14|0|14|0|14|0|14|0|14|0|14|0|14|0|14|0|14|0|14|0|14|0|14|0|14|0|14|0|14|0|14|0|14|0|14|0|14|0|14|0|14|0|14|0|14|0|14|0|14|0|14|0|14|0|14|0|14|0|14|0|14|0|14|0|14
1600000US4510090|354|124|46|56|60|58|83|64|16|28|0|14|0|14|0|14|30|42|119|107|345|117|46|56|60|58|83|64|16|28|0|14|0|14|0|14|21|35|119|107|297|116|46|56|40|39|72|65|16|28|0|14|0|14|0|14|21|35|102|104|48|73|0|14|20|44|11|25|0|14|0|14|0|14|0|14|0|14|17|27|31|69|0|14|20|44|11|25|0|14|0|14|0|14|0|14|0|14|0|14|17|27|0|14|0|14|0|14|0|14|0|14|0|14|0|14|0|14|17|27|0|14|0|14|0|14|0|14|0|14|0|14|0|14|0|14|0|14|0|14|0|14|0|14|0|14|0|14|0|14|0|14|0|14|0|14|0|14|0|14|0|14|0|14|0|14|0|14|0|14|0|14|0|14|0|14|0|14|0|14|0|14|0|14|0|14|0|14|0|14|0|14|0|14|0|14|0|14|0|14|0|14|0|14|0|14|0|14|0|14|0|14|0|14|0|14|0|14|0|14|9|21|0|14|0|14|0|14|0|14|0|14|0|14|0|14|9|21|0|14
1600000US4510135|165|137|6|11|0|14|14|24|39|48|0|14|13|21|12|19|36|43|45|55|139|117|6|11|0|14|14|24|13|23|0|14|13|21|12|19|36|43|45|55|119|112|6|11|0|14|14|24|13|23|0|14|13|21|12|19|36|43|25|44|20|31|0|14|0|14|0|14|0|14|0|14|0|14|0|14|0|14|20|31|0|14|0|14|0|14|0|14|0|14|0|14|0|14|0|14|0|14|0|14|20|31|0|14|0|14|0|14|0|14|0|14|0|14|0|14|0|14|20|31|0|14|0|14|0|14|0|14|0|14|0|14|0|14|0|14|0|14|0|14|0|14|0|14|0|14|0|14|0|14|0|14|0|14|0|14|0|14|0|14|0|14|0|14|0|14|0|14|0|14|0|14|0|14|0|14|0|14|0|14|0|14|0|14|0|14|0|14|0|14|0|14|0|14|0|14|0|14|0|14|0|14|0|14|0|14|0|14|0|14|0|14|0|14|0|14|0|14|0|14|26|40|0|14|0|14|0|14|26|40|0|14|0|14|0|14|0|14|0|14
1600000US4510270|970|211|147|89|167|89|58|45|259|152|106|87|64|67|77|64|74|67|18|30|965|213|142|90|167|89|58|45|259|152|106|87|64|67|77|64|74|67|18|30|845|202|130|89|167|89|58|45|178|121|79|74|64|67|77|64|74|67|18|30|120|93|12|17|0|14|0|14|81|87|27|45|0|14|0|14|0|14|0|14|77|88|12|17|0|14|0|14|65|84|0|14|0|14|0|14|0|14|0|14|43|40|0|14|0|14|0|14|16|25|27|45|0|14|0|14|0|14|0|14|5|13|5|13|0|14|0|14|0|14|0|14|0|14|0|14|0|14|0|14|5|13|5|13|0|14|0|14|0|14|0|14|0|14|0|14|0|14|0|14|0|14|0|14|0|14|0|14|0|14|0|14|0|14|0|14|0|14|0|14|0|14|0|14|0|14|0|14|0|14|0|14|0|14|0|14|0|14|0|14|0|14|0|14|0|14|0|14|0|14|0|14|0|14|0|14|0|14|0|14|0|14|0|14|0|14|0|14|0|14|0|14|0|14|0|14|0|14|0|14
1600000US4510360|3337|904|417|235|319|235|908|360|426|248|63|68|509|291|106|103|129|97|460|380|3306|904|386|227|319|235|908|360|426|248|63|68|509|291|106|103|129|97|460|380|2771|755|386|227|272|220|908|360|307|194|63|68|453|273|106|103|129|97|147|165|535|399|0|20|47|62|0|20|119|140|0|20|56|85|0|20|0|20|313|349|434|379|0|20|47|62|0|20|119|140|0|20|0|20|0|20|0|20|268|332|101|120|0|20|0|20|0|20|0|20|0|20|56|85|0|20|0|20|45|77|0|20|0|20|0|20|0|20|0|20|0|20|0|20|0|20|0|20|0|20|0|20|0|20|0|20|0|20|0|20|0|20|0|20|0|20|0|20|0|20|0|20|0|20|0|20|0|20|0|20|0|20|0|20|0|20|0|20|0|20|0|20|0|20|0|20|0|20|0|20|0|20|0|20|0|20|0|20|0|20|14|25|14|25|0|20|0|20|0|20|0|20|0|20|0|20|0|20|0|20|17|26|17|26|0|20|0|20|0|20|0|20|0|20|0|20|0|20|0|20
1600000US4510585|0|14|0|14|0|14|0|14|0|14|0|14|0|14|0|14|0|14|0|14|0|14|0|14|0|14|0|14|0|14|0|14|0|14|0|14|0|14|0|14|0|14|0|14|0|14|0|14|0|14|0|14|0|14|0|14|0|14|0|14|0|14|0|14|0|14|0|14|0|14|0|14|0|14|0|14|0|14|0|14|0|14|0|14|0|14|0|14|0|14|0|14|0|14|0|14|0|14|0|14|0|14|0|14|0|14|0|14|0|14|0|14|0|14|0|14|0|14|0|14|0|14|0|14|0|14|0|14|0|14|0|14|0|14|0|14|0|14|0|14|0|14|0|14|0|14|0|14|0|14|0|14|0|14|0|14|0|14|0|14|0|14|0|14|0|14|0|14|0|14|0|14|0|14|0|14|0|14|0|14|0|14|0|14|0|14|0|14|0|14|0|14|0|14|0|14|0|14|0|14|0|14|0|14|0|14|0|14|0|14|0|14|0|14|0|14|0|14|0|14|0|14|0|14|0|14|0|14|0|14|0|14|0|14|0|14|0|14|0|14
1600000US4510720|783|257|92|55|18|19|167|105|113|79|146|116|26|25|86|68|73|51|62|41|766|261|80|54|18|19|167|105|108|81|146|116|26|25|86|68|73|51|62|41|692|265|66|54|18|19|167|105|108|81|141|116|16|18|41|30|73|51|62|41|74|63|14|18|0|14|0|14|0|14|5|10|10|15|45|62|0|14|0|14|72|63|14|18|0|14|0|14|0|14|5|10|10|15|43|63|0|14|0|14|2|4|0|14|0|14|0|14|0|14|0|14|0|14|2|4|0|14|0|14|0|14|0|14|0|14|0|14|0|14|0|14|0|14|0|14|0|14|0|14|0|14|0|14|0|14|0|14|0|14|0|14|0|14|0|14|0|14|0|14|0|14|0|14|0|14|0|14|0|14|0|14|0|14|0|14|0|14|0|14|0|14|0|14|0|14|0|14|0|14|0|14|0|14|0|14|0|14|0|14|7|9|7|9|0|14|0|14|0|14|0|14|0|14|0|14|0|14|0|14|10|13|5|10|0|14|0|14|5|8|0|14|0|14|0|14|0|14|0|14
1600000US4510855|3611|410|541|238|360|189|494|191|360|169|164|131|298|169|327|178|781|296|286|148|3601|411|531|238|360|189|494|191|360|169|164|131|298|169|327|178|781|296|286|148|3256|461|426|170|360|189|494|191|235|149|164|131|278|169|327|178|686|258|286|148|345|257|105|152|0|20|0|20|125|89|0|20|20|33|0|20|95|133|0|20|195|193|0|20|0|20|0|20|80|74|0|20|20|33|0|20|95|133|0|20|150|212|105|152|0|20|0|20|45|63|0|20|0|20|0|20|0|20|0|20|0|20|0|20|0|20|0|20|0|20|0|20|0|20|0|20|0|20|0|20|0|20|0|20|0|20|0|20|0|20|0|20|0|20|0|20|0|20|0|20|0|20|0|20|0|20|0|20|0|20|0|20|0|20|0|20|0|20|0|20|0|20|0|20|0|20|0|20|0|20|0|20|0|20|0|20|0|20|0|20|0|20|0|20|0|20|0|20|0|20|0|20|0|20|0|20|0|20|0|20|10|20|10|20|0|20|0|20|0|20|0|20|0|20|0|20|0|20|0|20
1600000US4510900|133|71|15|16|30|28|53|42|19|17|0|14|9|11|0|14|5|7|2|6|127|71|15|16|28|27|52|42|19|17|0|14|9|11|0|14|2|4|2|6|117|64|15|16|24|22|52|42|17|16|0|14|5|7|0|14|2|4|2|6|10|15|0|14|4|9|0|14|2|5|0|14|4|9|0|14|0|14|0|14|6|10|0|14|0|14|0|14|2|5|0|14|4|9|0|14|0|14|0|14|4|9|0|14|4|9|0|14|0|14|0|14|0|14|0|14|0|14|0|14|0|14|0|14|0|14|0|14|0|14|0|14|0|14|0|14|0|14|0|14|0|14|0|14|0|14|0|14|0|14|0|14|0|14|0|14|0|14|0|14|0|14|0|14|0|14|0|14|0|14|0|14|0|14|0|14|0|14|0|14|0|14|0|14|0|14|0|14|0|14|0|14|0|14|0|14|0|14|0|14|2|3|0|14|2|3|0|14|0|14|0|14|0|14|0|14|0|14|0|14|4|6|0|14|0|14|1|2|0|14|0|14|0|14|0|14|3|6|0|14
1600000US4511035|645|203|54|47|65|64|154|114|145|75|22|29|112|91|29|38|64|61|0|14|576|194|30|31|65|64|109|79|145|75|22|29|112|91|29|38|64|61|0|14|467|163|30|31|65|64|70|55|111|66|22|29|76|55|29|38|64|61|0|14|109|119|0|14|0|14|39|60|34|40|0|14|36|58|0|14|0|14|0|14|99|118|0|14|0|14|39|60|24|31|0|14|36|58|0|14|0|14|0|14|10|16|0|14|0|14|0|14|10|16|0|14|0|14|0|14|0|14|0|14|45|62|0|14|0|14|45|62|0|14|0|14|0|14|0|14|0|14|0|14|45|62|0|14|0|14|45|62|0|14|0|14|0|14|0|14|0|14|0|14|0|14|0|14|0|14|0|14|0|14|0|14|0|14|0|14|0|14|0|14|0|14|0|14|0|14|0|14|0|14|0|14|0|14|0|14|0|14|0|14|0|14|0|14|0|14|0|14|0|14|0|14|0|14|0|14|0|14|0|14|24|35|24|35|0|14|0|14|0|14|0|14|0|14|0|14|0|14|0|14
1600000US4511125|311|94|30|24|15|13|25|23|20|22|22|13|45|25|39|25|84|48|31|27|308|94|30|24|15|13|25|23|20|22|22|13|45|25|39|25|81|48|31|27|252|94|20|17|13|13|24|22|20|22|21|13|45|25|32|21|46|30|31|27|56|52|10|16|2|4|1|5|0|14|1|3|0|14|7|10|35|49|0|14|21|19|10|16|2|4|1|5|0|14|1|3|0|14|7|10|0|14|0|14|35|49|0|14|0|14|0|14|0|14|0|14|0|14|0|14|35|49|0|14|0|14|0|14|0|14|0|14|0|14|0|14|0|14|0|14|0|14|0|14|0|14|0|14|0|14|0|14|0|14|0|14|0|14|0|14|0|14|0|14|0|14|0|14|0|14|0|14|0|14|0|14|0|14|0|14|0|14|0|14|0|14|0|14|0|14|0|14|0|14|0|14|0|14|0|14|0|14|0|14|0|14|0|14|0|14|0|14|0|14|0|14|0|14|0|14|0|14|0|14|3|4|0|14|0|14|0|14|0|14|0|14|0|14|0|14|3|4|0|14
1600000US4511350|759|348|45|71|192|132|294|180|101|105|0|14|0|14|0|14|57|53|70|88|714|311|0|14|192|132|294|180|101|105|0|14|0|14|0|14|57|53|70|88|702|308|0|14|192|132|294|180|101|105|0|14|0|14|0|14|45|50|70|88|12|21|0|14|0|14|0|14|0|14|0|14|0|14|0|14|12|21|0|14|12|21|0|14|0|14|0|14|0|14|0|14|0|14|0|14|12|21|0|14|0|14|0|14|0|14|0|14|0|14|0|14|0|14|0|14|0|14|0|14|0|14|0|14|0|14|0|14|0|14|0|14|0|14|0|14|0|14|0|14|0|14|0|14|0|14|0|14|0|14|0|14|0|14|0|14|0|14|0|14|0|14|0|14|0|14|0|14|0|14|0|14|0|14|0|14|0|14|0|14|0|14|0|14|0|14|0|14|0|14|0|14|0|14|0|14|0|14|0|14|45|71|45|71|0|14|0|14|0|14|0|14|0|14|0|14|0|14|0|14|0|14|0|14|0|14|0|14|0|14|0|14|0|14|0|14|0|14|0|14
1600000US4511620|1873|439|331|236|179|154|276|194|344|131|327|224|276|159|39|51|85|92|16|25|1763|445|245|209|179|154|276|194|320|129|327|224|276|159|39|51|85|92|16|25|1735|447|245|209|179|154|248|186|320|129|327|224|276|159|39|51|85|92|16|25|28|34|0|14|0|14|28|34|0|14|0|14|0|14|0|14|0|14|0|14|28|34|0|14|0|14|28|34|0|14|0|14|0|14|0|14|0|14|0|14|0|14|0|14|0|14|0|14|0|14|0|14|0|14|0|14|0|14|0|14|24|36|0|14|0|14|0|14|24|36|0|14|0|14|0|14|0|14|0|14|24|36|0|14|0|14|0|14|24|36|0|14|0|14|0|14|0|14|0|14|0|14|0|14|0|14|0|14|0|14|0|14|0|14|0|14|0|14|0|14|0|14|0|14|0|14|0|14|0|14|0|14|0|14|0|14|0|14|0|14|86|115|86|115|0|14|0|14|0|14|0|14|0|14|0|14|0|14|0|14|0|14|0|14|0|14|0|14|0|14|0|14|0|14|0|14|0|14|0|14
1600000US4511755|295|164|4|8|11|12|4|7|17|20|23|40|140|125|0|14|61|66|35|27|295|164|4|8|11|12|4|7|17|20|23|40|140|125|0|14|61|66|35|27|283|166|4|8|11|12|4|7|8|12|23|40|140|125|0|14|61|66|32|26|12|17|0|14|0|14|0|14|9|16|0|14|0|14|0|14|0|14|3|5|9|16|0|14|0|14|0|14|9|16|0|14|0|14|0|14|0|14|0|14|3|5|0|14|0|14|0|14|0|14|0|14|0|14|0|14|0|14|3|5|0|14|0|14|0|14|0|14|0|14|0|14|0|14|0|14|0|14|0|14|0|14|0|14|0|14|0|14|0|14|0|14|0|14|0|14|0|14|0|14|0|14|0|14|0|14|0|14|0|14|0|14|0|14|0|14|0|14|0|14|0|14|0|14|0|14|0|14|0|14|0|14|0|14|0|14|0|14|0|14|0|14|0|14|0|14|0|14|0|14|0|14|0|14|0|14|0|14|0|14|0|14|0|14|0|14|0|14|0|14|0|14|0|14|0|14|0|14|0|14
1600000US4511833|10710|1083|790|252|2053|586|2484|549|2118|454|1076|350|1520|402|132|87|127|75|410|167|10348|1109|634|224|2019|583|2475|547|2063|444|1076|350|1487|406|132|87|125|76|337|156|9643|1043|519|184|1907|578|2437|544|1799|400|1061|352|1391|395|132|87|125|76|272|148|705|256|115|93|112|79|38|57|264|181|15|25|96|76|0|26|0|26|65|56|476|180|89|81|69|57|38|57|129|95|0|26|86|73|0|26|0|26|65|56|229|192|26|44|43|77|0|26|135|150|15|25|10|19|0|26|0|26|0|26|0|26|0|26|0|26|0|26|0|26|0|26|0|26|0|26|0|26|0|26|0|26|0|26|0|26|0|26|0|26|0|26|0|26|0|26|0|26|0|26|0|26|0|26|0|26|0|26|0|26|0|26|0|26|0|26|0|26|0|26|0|26|0|26|0|26|0|26|0|26|0|26|0|26|0|26|0|26|0|26|87|98|61|92|26|39|0|26|0|26|0|26|0|26|0|26|0|26|0|26|275|155|95|121|8|15|9|14|55|64|0|26|33|33|0|26|2|4|73|86
1600000US4512205|436|258|67|58|0|14|8|13|0|14|0|14|169|101|0|14|138|102|54|59|436|258|67|58|0|14|8|13|0|14|0|14|169|101|0|14|138|102|54|59|283|163|67|58|0|14|8|13|0|14|0|14|88|85|0|14|66|63|54|59|153|105|0|14|0|14|0|14|0|14|0|14|81|72|0|14|72|84|0|14|153|105|0|14|0|14|0|14|0|14|0|14|81|72|0|14|72|84|0|14|0|14|0|14|0|14|0|14|0|14|0|14|0|14|0|14|0|14|0|14|0|14|0|14|0|14|0|14|0|14|0|14|0|14|0|14|0|14|0|14|0|14|0|14|0|14|0|14|0|14|0|14|0|14|0|14|0|14|0|14|0|14|0|14|0|14|0|14|0|14|0|14|0|14|0|14|0|14|0|14|0|14|0|14|0|14|0|14|0|14|0|14|0|14|0|14|0|14|0|14|0|14|0|14|0|14|0|14|0|14|0|14|0|14|0|14|0|14|0|14|0|14|0|14|0|14|0|14|0|14|0|14|0|14|0|14|0|14|0|14
1600000US4512430|385|205|0|14|14|23|37|48|100|77|89|98|52|53|19|32|40|50|34|40|385|205|0|14|14|23|37|48|100|77|89|98|52|53|19|32|40|50|34|40|362|193|0|14|14|23|37|48|77|68|89|98|52|53|19|32|40|50|34|40|23|38|0|14|0|14|0|14|23|38|0|14|0|14|0|14|0|14|0|14|23|38|0|14|0|14|0|14|23|38|0|14|0|14|0|14|0|14|0|14|0|14|0|14|0|14|0|14|0|14|0|14|0|14|0|14|0|14|0|14|0|14|0|14|0|14|0|14|0|14|0|14|0|14|0|14|0|14|0|14|0|14|0|14|0|14|0|14|0|14|0|14|0|14|0|14|0|14|0|14|0|14|0|14|0|14|0|14|0|14|0|14|0|14|0|14|0|14|0|14|0|14|0|14|0|14|0|14|0|14|0|14|0|14|0|14|0|14|0|14|0|14|0|14|0|14|0|14|0|14|0|14|0|14|0|14|0|14|0|14|0|14|0|14|0|14|0|14|0|14|0|14|0|14|0|14|0|14|0|14
1600000US4512520|287|236|96|139|21|18|14|13|13|11|13|16|36|36|0|14|64|107|30|23|276|237|96|139|21|18|14|13|13|11|13|16|25|23|0|14|64|107|30|23|240|237|96|139|21|18|14|13|13|11|0|14|25|23|0|14|64|107|7|8|36|32|0|14|0|14|0|14|0|14|13|16|0|14|0|14|0|14|23|21|36|32|0|14|0|14|0|14|0|14|13|16|0|14|0|14|0|14|23|21|0|14|0|14|0|14|0|14|0|14|0|14|0|14|0|14|0|14|0|14|0|14|0|14|0|14|0|14|0|14|0|14|0|14|0|14|0|14|0|14|0|14|0|14|0|14|0|14|0|14|0|14|0|14|0|14|0|14|0|14|0|14|0|14|0|14|0|14|0|14|0|14|0|14|0|14|0|14|0|14|0|14|0|14|0|14|0|14|0|14|0|14|0|14|0|14|0|14|0|14|11|17|0|14|0|14|0|14|0|14|0|14|11|17|0|14|0|14|0|14|0|14|0|14|0|14|0|14|0|14|0|14|0|14|0|14|0|14|0|14
1600000US4512655|6834|779|721|228|1036|277|2166|522|1030|231|485|164|763|211|302|121|263|221|68|54|6817|780|721|228|1025|280|2166|522|1030|231|485|164|757|210|302|121|263|221|68|54|6183|728|614|198|913|218|1880|504|970|227|485|164|710|199|302|121|252|220|57|49|634|272|107|108|112|127|286|177|60|51|0|22|47|42|0|22|11|16|11|18|555|265|107|108|112|127|243|166|34|32|0|22|37|39|0|22|11|16|11|18|79|98|0|22|0|22|43|55|26|42|0|22|10|18|0|22|0|22|0|22|0|22|0|22|0|22|0|22|0|22|0|22|0|22|0|22|0|22|0|22|0|22|0|22|0|22|0|22|0|22|0|22|0|22|0|22|0|22|0|22|0|22|0|22|0|22|0|22|0|22|0|22|0|22|0|22|0|22|0|22|0|22|0|22|0|22|0|22|0|22|0|22|0|22|0|22|0|22|0|22|0|22|0|22|0|22|0|22|0|22|0|22|0|22|0|22|0|22|0|22|17|19|0|22|11|18|0|22|0|22|0|22|6|4|0|22|0|22|0|22
1600000US4512925|39|37|8|14|0|14|10|12|0|14|0|14|0|14|4|6|0|14|17|20|27|27|8|14|0|14|10|12|0|14|0|14|0|14|4|6|0|14|5|9|27|27|8|14|0|14|10|12|0|14|0|14|0|14|4|6|0|14|5|9|0|14|0|14|0|14|0|14|0|14|0|14|0|14|0|14|0|14|0|14|0|14|0|14|0|14|0|14|0|14|0|14|0|14|0|14|0|14|0|14|0|14|0|14|0|14|0|14|0|14|0|14|0|14|0|14|0|14|0|14|0|14|0|14|0|14|0|14|0|14|0|14|0|14|0|14|0|14|0|14|0|14|0|14|0|14|0|14|0|14|0|14|0|14|0|14|0|14|0|14|0|14|0|14|0|14|0|14|0|14|0|14|0|14|0|14|0|14|0|14|0|14|0|14|0|14|0|14|0|14|0|14|0|14|0|14|0|14|0|14|0|14|0|14|0|14|0|14|0|14|0|14|0|14|0|14|0|14|0|14|12|18|0|14|0|14|0|14|0|14|0|14|0|14|0|14|0|14|12|18
1600000US4512965|3860|582|520|208|589|250|843|264|583|228|271|205|378|214|155|105|241|121|280|140|3846|581|520|208|575|252|843|264|583|228|271|205|378|214|155|105|241|121|280|140|3445|510|431|175|489|211|733|243|467|191|271|205|378|214|155|105|241|121|280|140|401|212|89|93|86|129|110|119|116|93|0|20|0|20|0|20|0|20|0|20|312|197|0|20|86|129|110|119|116|93|0|20|0|20|0|20|0|20|0|20|89|93|89|93|0|20|0|20|0|20|0|20|0|20|0|20|0|20|0|20|0|20|0|20|0|20|0|20|0|20|0|20|0|20|0|20|0|20|0|20|0|20|0|20|0|20|0|20|0|20|0|20|0|20|0|20|0|20|0|20|0|20|0|20|0|20|0|20|0|20|0|20|0|20|0|20|0|20|0|20|0|20|0|20|0|20|0|20|0|20|0|20|0|20|0|20|0|20|0|20|0|20|0|20|0|20|0|20|0|20|0|20|0|20|0|20|0|20|0|20|14|18|0|20|14|18|0|20|0|20|0|20|0|20|0|20|0|20|0|20
1600000US4513015|2109|296|330|140|389|157|285|141|236|137|95|61|275|122|115|67|312|203|72|70|1977|296|279|121|344|146|285|141|236|137|95|61|256|125|115|67|312|203|55|63|1857|296|237|117|308|137|284|141|227|134|95|61|233|122|106|63|312|203|55|63|120|88|42|48|36|47|1|5|9|14|0|20|23|38|9|18|0|20|0|20|89|78|35|47|36|47|0|20|9|14|0|20|0|20|9|18|0|20|0|20|31|35|7|10|0|20|1|5|0|20|0|20|23|38|0|20|0|20|0|20|51|66|3|5|20|31|0|20|0|20|0|20|11|18|0|20|0|20|17|34|51|66|3|5|20|31|0|20|0|20|0|20|11|18|0|20|0|20|17|34|0|20|0|20|0|20|0|20|0|20|0|20|0|20|0|20|0|20|0|20|0|20|0|20|0|20|0|20|0|20|0|20|0|20|0|20|0|20|0|20|73|84|48|54|25|31|0|20|0|20|0|20|0|20|0|20|0|20|0|20|8|14|0|20|0|20|0|20|0|20|0|20|8|14|0|20|0|20|0|20
1600000US4513060|52|32|1|3|3|5|11|10|20|20|2|4|9|10|1|3|0|14|5|8|52|32|1|3|3|5|11|10|20|20|2|4|9|10|1|3|0|14|5|8|38|28|1|3|3|5|5|5|20|20|2|4|6|7|1|3|0|14|0|14|14|13|0|14|0|14|6|8|0|14|0|14|3|6|0|14|0|14|5|8|9|10|0|14|0|14|6|8|0|14|0|14|3|6|0|14|0|14|0|14|5|8|0|14|0|14|0|14|0|14|0|14|0|14|0|14|0|14|5|8|0|14|0|14|0|14|0|14|0|14|0|14|0|14|0|14|0|14|0|14|0|14|0|14|0|14|0|14|0|14|0|14|0|14|0|14|0|14|0|14|0|14|0|14|0|14|0|14|0|14|0|14|0|14|0|14|0|14|0|14|0|14|0|14|0|14|0|14|0|14|0|14|0|14|0|14|0|14|0|14|0|14|0|14|0|14|0|14|0|14|0|14|0|14|0|14|0|14|0|14|0|14|0|14|0|14|0|14|0|14|0|14|0|14|0|14|0|14|0|14
1600000US4513150|634|110|113|46|65|43|32|14|76|36|54|29|84|29|62|29|75|36|73|32|627|109|113|46|65|43|32|14|74|35|54|29|84|29|62|29|70|37|73|32|601|111|104|44|65|43|32|14|74|35|54|29|76|27|53|28|70|37|73|32|26|21|9|14|0|14|0|14|0|14|0|14|8|9|9|14|0|14|0|14|16|17|2|3|0|14|0|14|0|14|0|14|5|8|9|14|0|14|0|14|10|14|7|14|0|14|0|14|0|14|0|14|3|4|0|14|0|14|0|14|5|7|0|14|0|14|0|14|0|14|0|14|0|14|0|14|5|7|0|14|0|14|0|14|0|14|0|14|0|14|0|14|0|14|0|14|0|14|0|14|5|7|0|14|0|14|0|14|0|14|0|14|0|14|0|14|5|7|0|14|0|14|0|14|0|14|0|14|0|14|0|14|0|14|0|14|0|14|0|14|0|14|0|14|0|14|0|14|0|14|0|14|0|14|0|14|0|14|0|14|2|6|0|14|0|14|0|14|2|6|0|14|0|14|0|14|0|14|0|14
1600000US4513330|67780|2345|8185|961|9489|824|12587|1096|10453|1089|5698|730|9233|969|3912|624|4346|780|3877|1079|61742|2381|6275|803|8250|829|11570|1117|9952|1071|5516|722|8887|939|3756|613|4196|785|3340|1030|55715|2366|5942|781|7685|785|10466|1125|9033|1042|5061|648|8180|963|3363|597|3627|766|2358|546|6027|999|333|199|565|221|1104|341|919|254|455|247|707|202|393|243|569|286|982|773|3873|619|306|189|416|214|875|312|633|202|362|235|584|201|223|188|206|183|268|247|2154|828|27|42|149|94|229|116|286|166|93|65|123|75|170|153|363|230|714|742|620|333|91|57|22|27|60|52|8|16|0|33|109|115|0|33|37|37|293|290|612|333|91|57|22|27|60|52|0|33|0|33|109|115|0|33|37|37|293|290|8|16|0|33|0|33|0|33|8|16|0|33|0|33|0|33|0|33|0|33|0|33|0|33|0|33|0|33|0|33|0|33|0|33|0|33|0|33|0|33|2906|458|1158|253|635|207|554|208|204|83|115|71|48|46|74|52|48|42|70|39|2512|697|661|308|582|235|403|188|289|201|67|43|189|105|82|94|65|41|174|98
1600000US4513600|1833|301|802|281|560|204|112|70|64|61|15|17|83|50|56|45|88|79|53|44|1630|304|785|279|419|181|112|70|64|61|13|17|83|50|56|45|45|40|53|44|1539|313|734|283|419|181|93|75|64|61|13|17|83|50|35|39|45|40|53|44|91|72|51|54|0|14|19|33|0|14|0|14|0|14|21|28|0|14|0|14|60|48|20|25|0|14|19|33|0|14|0|14|0|14|21|28|0|14|0|14|31|45|31|45|0|14|0|14|0|14|0|14|0|14|0|14|0|14|0|14|0|14|0|14|0|14|0|14|0|14|0|14|0|14|0|14|0|14|0|14|0|14|0|14|0|14|0|14|0|14|0|14|0|14|0|14|0|14|0|14|0|14|0|14|0|14|0|14|0|14|0|14|0|14|0|14|0|14|0|14|0|14|0|14|0|14|0|14|0|14|0|14|0|14|0|14|0|14|0|14|87|107|17|26|70|101|0|14|0|14|0|14|0|14|0|14|0|14|0|14|116|138|0|14|71|75|0|14|0|14|2|4|0|14|0|14|43|68|0|14
1600000US4513735|20|25|0|14|4|9|0|14|3|9|0|14|13|19|0|14|0|14|0|14|20|25|0|14|4|9|0|14|3|9|0|14|13|19|0|14|0|14|0|14|20|25|0|14|4|9|0|14|3|9|0|14|13|19|0|14|0|14|0|14|0|14|0|14|0|14|0|14|0|14|0|14|0|14|0|14|0|14|0|14|0|14|0|14|0|14|0|14|0|14|0|14|0|14|0|14|0|14|0|14|0|14|0|14|0|14|0|14|0|14|0|14|0|14|0|14|0|14|0|14|0|14|0|14|0|14|0|14|0|14|0|14|0|14|0|14|0|14|0|14|0|14|0|14|0|14|0|14|0|14|0|14|0|14|0|14|0|14|0|14|0|14|0|14|0|14|0|14|0|14|0|14|0|14|0|14|0|14|0|14|0|14|0|14|0|14|0|14|0|14|0|14|0|14|0|14|0|14|0|14|0|14|0|14|0|14|0|14|0|14|0|14|0|14|0|14|0|14|0|14|0|14|0|14|0|14|0|14|0|14|0|14|0|14|0|14|0|14|0|14
1600000US4514018|1101|491|51|38|206|155|403|306|78|81|136|126|153|124|29|36|7|14|38|44|1000|482|4|10|206|155|397|310|78|81|136|126|105|113|29|36|7|14|38|44|784|386|4|10|194|152|193|145|78|81|136|126|105|113|29|36|7|14|38|44|216|189|0|14|12|31|204|193|0|14|0|14|0|14|0|14|0|14|0|14|181|190|0|14|0|14|181|190|0|14|0|14|0|14|0|14|0|14|0|14|35|41|0|14|12|31|23|50|0|14|0|14|0|14|0|14|0|14|0|14|17|28|11|26|0|14|6|14|0|14|0|14|0|14|0|14|0|14|0|14|17|28|11|26|0|14|6|14|0|14|0|14|0|14|0|14|0|14|0|14|0|14|0|14|0|14|0|14|0|14|0|14|0|14|0|14|0|14|0|14|0|14|0|14|0|14|0|14|0|14|0|14|0|14|0|14|0|14|0|14|0|14|0|14|0|14|0|14|0|14|0|14|0|14|0|14|0|14|0|14|84|78|36|32|0|14|0|14|0|14|0|14|48|46|0|14|0|14|0|14
1600000US4514050|410|119|96|43|18|14|22|30|76|39|23|18|75|42|61|55|28|21|11|9|384|103|70|33|18|14|22|30|76|39|23|18|75|42|61|55|28|21|11|9|326|94|61|29|18|14|20|30|76|39|23|18|29|21|60|55|28|21|11|9|58|40|9|11|0|14|2|5|0|14|0|14|46|40|1|3|0|14|0|14|37|38|9|11|0|14|0|14|0|14|0|14|27|36|1|3|0|14|0|14|21|22|0|14|0|14|2|5|0|14|0|14|19|22|0|14|0|14|0|14|0|14|0|14|0|14|0|14|0|14|0|14|0|14|0|14|0|14|0|14|0|14|0|14|0|14|0|14|0|14|0|14|0|14|0|14|0|14|0|14|0|14|0|14|0|14|0|14|0|14|0|14|0|14|0|14|0|14|0|14|0|14|0|14|0|14|0|14|0|14|0|14|0|14|0|14|0|14|0|14|3|5|3|5|0|14|0|14|0|14|0|14|0|14|0|14|0|14|0|14|23|32|23|32|0|14|0|14|0|14|0|14|0|14|0|14|0|14|0|14
1600000US4514095|2101|312|328|162|202|102|195|103|37|34|189|95|410|145|262|153|314|153|164|102|2045|307|283|153|191|99|195|103|37|34|189|95|410|145|262|153|314|153|164|102|1822|307|274|150|120|65|164|97|37|34|189|95|351|143|262|153|261|127|164|102|223|124|9|16|71|76|31|31|0|20|0|20|59|67|0|20|53|84|0|20|122|84|9|16|60|71|0|20|0|20|0|20|53|66|0|20|0|20|0|20|101|86|0|20|11|17|31|31|0|20|0|20|6|11|0|20|53|84|0|20|0|20|0|20|0|20|0|20|0|20|0|20|0|20|0|20|0|20|0|20|0|20|0|20|0|20|0|20|0|20|0|20|0|20|0|20|0|20|0|20|0|20|0|20|0|20|0|20|0|20|0|20|0|20|0|20|0|20|0|20|0|20|0|20|0|20|0|20|0|20|0|20|0|20|0|20|0|20|0|20|37|48|37|48|0|20|0|20|0|20|0|20|0|20|0|20|0|20|0|20|19|35|8|27|11|18|0|20|0|20|0|20|0|20|0|20|0|20|0|20
1600000US4514140|470|118|115|62|58|44|69|53|54|31|28|19|40|29|36|21|30|20|40|31|463|117|108|61|58|44|69|53|54|31|28|19|40|29|36|21|30|20|40|31|418|110|76|47|50|41|69|53|54|31|28|19|37|27|36|21|28|20|40|31|45|46|32|40|8|14|0|14|0|14|0|14|3|8|0|14|2|4|0|14|26|32|13|25|8|14|0|14|0|14|0|14|3|8|0|14|2|4|0|14|19|31|19|31|0|14|0|14|0|14|0|14|0|14|0|14|0|14|0|14|0|14|0|14|0|14|0|14|0|14|0|14|0|14|0|14|0|14|0|14|0|14|0|14|0|14|0|14|0|14|0|14|0|14|0|14|0|14|0|14|0|14|0|14|0|14|0|14|0|14|0|14|0|14|0|14|0|14|0|14|0|14|0|14|0|14|0|14|0|14|0|14|0|14|0|14|0|14|0|14|7|13|7|13|0|14|0|14|0|14|0|14|0|14|0|14|0|14|0|14|0|14|0|14|0|14|0|14|0|14|0|14|0|14|0|14|0|14|0|14
1600000US4514230|139|84|9|13|12|22|2|12|27|33|31|45|10|15|16|18|24|30|8|14|139|84|9|13|12|22|2|12|27|33|31|45|10|15|16|18|24|30|8|14|108|68|9|13|12|22|2|12|12|19|15|33|10|15|16|18|24|30|8|14|31|34|0|14|0|14|0|14|15|27|16|22|0|14|0|14|0|14|0|14|15|27|0|14|0|14|0|14|15|27|0|14|0|14|0|14|0|14|0|14|16|22|0|14|0|14|0|14|0|14|16|22|0|14|0|14|0|14|0|14|0|14|0|14|0|14|0|14|0|14|0|14|0|14|0|14|0|14|0|14|0|14|0|14|0|14|0|14|0|14|0|14|0|14|0|14|0|14|0|14|0|14|0|14|0|14|0|14|0|14|0|14|0|14|0|14|0|14|0|14|0|14|0|14|0|14|0|14|0|14|0|14|0|14|0|14|0|14|0|14|0|14|0|14|0|14|0|14|0|14|0|14|0|14|0|14|0|14|0|14|0|14|0|14|0|14|0|14|0|14|0|14|0|14|0|14|0|14|0|14
1600000US4514455|353|156|0|14|42|44|256|140|36|51|0|14|14|27|5|8|0|14|0|14|353|156|0|14|42|44|256|140|36|51|0|14|14|27|5|8|0|14|0|14|178|96|0|14|42|44|111|79|6|12|0|14|14|27|5|8|0|14|0|14|175|149|0|14|0|14|145|138|30|49|0|14|0|14|0|14|0|14|0|14|145|138|0|14|0|14|145|138|0|14|0|14|0|14|0|14|0|14|0|14|30|49|0|14|0|14|0|14|30|49|0|14|0|14|0|14|0|14|0|14|0|14|0|14|0|14|0|14|0|14|0|14|0|14|0|14|0|14|0|14|0|14|0|14|0|14|0|14|0|14|0|14|0|14|0|14|0|14|0|14|0|14|0|14|0|14|0|14|0|14|0|14|0|14|0|14|0|14|0|14|0|14|0|14|0|14|0|14|0|14|0|14|0|14|0|14|0|14|0|14|0|14|0|14|0|14|0|14|0|14|0|14|0|14|0|14|0|14|0|14|0|14|0|14|0|14|0|14|0|14|0|14|0|14|0|14|0|14|0|14
1600000US4514590|43|41|0|14|0|14|0|14|0|14|11|26|30|30|0|14|2|7|0|14|43|41|0|14|0|14|0|14|0|14|11|26|30|30|0|14|2|7|0|14|42|39|0|14|0|14|0|14|0|14|11|26|30|30|0|14|1|3|0|14|1|4|0|14|0|14|0|14|0|14|0|14|0|14|0|14|1|4|0|14|0|14|0|14|0|14|0|14|0|14|0|14|0|14|0|14|0|14|0|14|1|4|0|14|0|14|0|14|0|14|0|14|0|14|0|14|1|4|0|14|0|14|0|14|0|14|0|14|0|14|0|14|0|14|0|14|0|14|0|14|0|14|0|14|0|14|0|14|0|14|0|14|0|14|0|14|0|14|0|14|0|14|0|14|0|14|0|14|0|14|0|14|0|14|0|14|0|14|0|14|0|14|0|14|0|14|0|14|0|14|0|14|0|14|0|14|0|14|0|14|0|14|0|14|0|14|0|14|0|14|0|14|0|14|0|14|0|14|0|14|0|14|0|14|0|14|0|14|0|14|0|14|0|14|0|14|0|14|0|14
1600000US4514860|1472|309|90|61|298|142|242|125|259|135|18|26|242|157|17|22|152|101|154|91|1460|303|90|61|286|141|242|125|259|135|18|26|242|157|17|22|152|101|154|91|1109|272|90|61|154|125|159|86|178|89|14|25|215|153|3|5|142|101|154|91|351|199|0|14|132|105|83|90|81|111|4|6|27|40|14|22|10|14|0|14|272|190|0|14|83|69|83|90|72|111|4|6|27|40|0|14|3|7|0|14|79|82|0|14|49|78|0|14|9|15|0|14|0|14|14|22|7|13|0|14|0|14|0|14|0|14|0|14|0|14|0|14|0|14|0|14|0|14|0|14|0|14|0|14|0|14|0|14|0|14|0|14|0|14|0|14|0|14|0|14|0|14|0|14|0|14|0|14|0|14|0|14|0|14|0|14|0|14|0|14|0|14|0|14|0|14|0|14|0|14|0|14|0|14|0|14|0|14|0|14|12|21|0|14|12|21|0|14|0|14|0|14|0|14|0|14|0|14|0|14|0|14|0|14|0|14|0|14|0|14|0|14|0|14|0|14|0|14|0|14
1600000US4514950|7361|612|1332|308|1914|398|1197|347|878|231|717|257|533|251|226|101|438|190|126|97|6484|626|1031|258|1837|397|1115|351|683|200|658|258|401|221|213|99|438|190|108|94|5691|615|937|255|1563|343|867|268|648|195|564|220|401|221|213|99|420|184|78|63|793|381|94|63|274|249|248|271|35|42|94|104|0|22|0|22|18|32|30|68|642|312|94|63|262|249|109|116|35|42|94|104|0|22|0|22|18|32|30|68|151|169|0|22|12|18|139|168|0|22|0|22|0|22|0|22|0|22|0|22|287|100|34|36|37|45|0|22|145|101|0|22|71|55|0|22|0|22|0|22|287|100|34|36|37|45|0|22|145|101|0|22|71|55|0|22|0|22|0|22|0|22|0|22|0|22|0|22|0|22|0|22|0|22|0|22|0|22|0|22|0|22|0|22|0|22|0|22|0|22|0|22|0|22|0|22|0|22|0|22|494|182|267|134|20|30|60|51|41|43|59|74|34|63|13|21|0|22|0|22|96|59|0|22|20|31|22|33|9|14|0|22|27|35|0|22|0|22|18|29
1600000US4515040|1282|217|464|151|341|129|197|96|127|96|4|8|64|46|52|41|27|29|6|10|852|176|284|106|152|84|171|92|127|96|4|8|34|38|52|41|22|27|6|10|786|165|247|115|152|84|152|93|117|95|4|8|34|38|52|41|22|27|6|10|66|58|37|53|0|20|19|25|10|17|0|20|0|20|0|20|0|20|0|20|66|58|37|53|0|20|19|25|10|17|0|20|0|20|0|20|0|20|0|20|0|20|0|20|0|20|0|20|0|20|0|20|0|20|0|20|0|20|0|20|0|20|0|20|0|20|0|20|0|20|0|20|0|20|0|20|0|20|0|20|0|20|0|20|0|20|0|20|0|20|0|20|0|20|0|20|0|20|0|20|0|20|0|20|0|20|0|20|0|20|0|20|0|20|0|20|0|20|0|20|0|20|0|20|0|20|0|20|0|20|0|20|0|20|0|20|0|20|0|20|393|132|148|99|189|97|26|25|0|20|0|20|30|25|0|20|0|20|0|20|37|34|32|32|0|20|0|20|0|20|0|20|0|20|0|20|5|11|0|20
1600000US4515220|333|339|0|14|34|53|117|138|0|14|144|205|22|25|16|26|0|14|0|14|274|345|0|14|0|14|104|146|0|14|144|205|10|16|16|26|0|14|0|14|248|347|0|14|0|14|94|147|0|14|144|205|10|16|0|14|0|14|0|14|26|37|0|14|0|14|10|16|0|14|0|14|0|14|16|26|0|14|0|14|26|37|0|14|0|14|10|16|0|14|0|14|0|14|16|26|0|14|0|14|0|14|0|14|0|14|0|14|0|14|0|14|0|14|0|14|0|14|0|14|0|14|0|14|0|14|0|14|0|14|0|14|0|14|0|14|0|14|0|14|0|14|0|14|0|14|0|14|0|14|0|14|0|14|0|14|0|14|0|14|0|14|0|14|0|14|0|14|0|14|0|14|0|14|0|14|0|14|0|14|0|14|0|14|0|14|0|14|0|14|0|14|0|14|0|14|0|14|0|14|0|14|0|14|0|14|0|14|0|14|0|14|0|14|0|14|0|14|0|14|59|66|0|14|34|53|13|20|0|14|0|14|12|18|0|14|0|14|0|14
1600000US4515295|2999|383|986|264|519|175|296|143|300|153|59|74|467|184|35|35|196|110|141|95|2800|375|861|252|469|175|293|145|300|153|59|74|446|182|35|35|196|110|141|95|2467|349|767|245|425|166|170|118|281|150|59|74|446|182|35|35|166|103|118|88|333|149|94|85|44|61|123|114|19|25|0|20|0|20|0|20|30|41|23|35|301|144|94|85|44|61|110|106|0|20|0|20|0|20|0|20|30|41|23|35|32|48|0|20|0|20|13|39|19|25|0|20|0|20|0|20|0|20|0|20|35|62|35|62|0|20|0|20|0|20|0|20|0|20|0|20|0|20|0|20|35|62|35|62|0|20|0|20|0|20|0|20|0|20|0|20|0|20|0|20|0|20|0|20|0|20|0|20|0|20|0|20|0|20|0|20|0|20|0|20|0|20|0|20|0|20|0|20|0|20|0|20|0|20|0|20|0|20|0|20|161|84|90|69|50|46|0|20|0|20|0|20|21|39|0|20|0|20|0|20|3|11|0|20|0|20|3|11|0|20|0|20|0|20|0|20|0|20|0|20
1600000US4515310|348|213|0|14|0|14|1|3|57|54|33|37|12|19|10|13|185|165|50|37|348|213|0|14|0|14|1|3|57|54|33|37|12|19|10|13|185|165|50|37|348|213|0|14|0|14|1|3|57|54|33|37|12|19|10|13|185|165|50|37|0|14|0|14|0|14|0|14|0|14|0|14|0|14|0|14|0|14|0|14|0|14|0|14|0|14|0|14|0|14|0|14|0|14|0|14|0|14|0|14|0|14|0|14|0|14|0|14|0|14|0|14|0|14|0|14|0|14|0|14|0|14|0|14|0|14|0|14|0|14|0|14|0|14|0|14|0|14|0|14|0|14|0|14|0|14|0|14|0|14|0|14|0|14|0|14|0|14|0|14|0|14|0|14|0|14|0|14|0|14|0|14|0|14|0|14|0|14|0|14|0|14|0|14|0|14|0|14|0|14|0|14|0|14|0|14|0|14|0|14|0|14|0|14|0|14|0|14|0|14|0|14|0|14|0|14|0|14|0|14|0|14|0|14|0|14|0|14|0|14|0|14|0|14|0|14|0|14|0|14
1600000US4515355|3203|364|322|144|158|93|307|198|100|77|322|220|459|114|453|134|678|197|404|161|3090|346|209|94|158|93|307|198|100|77|322|220|459|114|453|134|678|197|404|161|2721|287|178|90|94|63|291|198|100|77|159|93|444|109|404|120|678|197|373|158|369|192|31|31|64|52|16|20|0|20|163|138|15|26|49|57|0|20|31|35|294|156|31|31|64|52|16|20|0|20|150|135|0|20|33|44|0|20|0|20|75|80|0|20|0|20|0|20|0|20|13|24|15|26|16|24|0|20|31|35|6|12|6|12|0|20|0|20|0|20|0|20|0|20|0|20|0|20|0|20|6|12|6|12|0|20|0|20|0|20|0|20|0|20|0|20|0|20|0|20|0|20|0|20|0|20|0|20|0|20|0|20|0|20|0|20|0|20|0|20|0|20|0|20|0|20|0|20|0|20|0|20|0|20|0|20|0|20|0|20|84|75|84|75|0|20|0|20|0|20|0|20|0|20|0|20|0|20|0|20|23|38|23|38|0|20|0|20|0|20|0|20|0|20|0|20|0|20|0|20
1600000US4515625|120|96|55|85|16|27|6|10|6|9|9|14|0|14|28|37|0|14|0|14|120|96|55|85|16|27|6|10|6|9|9|14|0|14|28|37|0|14|0|14|120|96|55|85|16|27|6|10|6|9|9|14|0|14|28|37|0|14|0|14|0|14|0|14|0|14|0|14|0|14|0|14|0|14|0|14|0|14|0|14|0|14|0|14|0|14|0|14|0|14|0|14|0|14|0|14|0|14|0|14|0|14|0|14|0|14|0|14|0|14|0|14|0|14|0|14|0|14|0|14|0|14|0|14|0|14|0|14|0|14|0|14|0|14|0|14|0|14|0|14|0|14|0|14|0|14|0|14|0|14|0|14|0|14|0|14|0|14|0|14|0|14|0|14|0|14|0|14|0|14|0|14|0|14|0|14|0|14|0|14|0|14|0|14|0|14|0|14|0|14|0|14|0|14|0|14|0|14|0|14|0|14|0|14|0|14|0|14|0|14|0|14|0|14|0|14|0|14|0|14|0|14|0|14|0|14|0|14|0|14|0|14|0|14|0|14|0|14|0|14
1600000US4516000|61790|1982|15938|971|12113|1149|11458|1007|8932|989|3303|555|5535|828|1287|370|1574|384|1650|415|49173|1912|8223|975|10572|1014|10576|1018|8239|953|2835|533|5011|801|1150|347|1367|341|1200|270|44064|1719|7049|788|9374|1018|9496|955|7706|926|2723|532|4538|731|998|339|1143|303|1037|228|5109|793|1174|369|1198|349|1080|329|533|195|112|59|473|360|152|110|224|170|163|156|4295|733|980|307|1044|354|957|309|469|184|53|36|389|350|84|58|156|166|163|156|814|261|194|137|154|106|123|77|64|64|59|53|84|64|68|86|68|26|0|33|702|272|72|163|110|88|42|59|99|73|10|15|87|69|60|71|75|75|147|110|679|262|72|163|110|88|42|59|76|63|10|15|87|69|60|71|75|75|147|110|0|33|0|33|0|33|0|33|0|33|0|33|0|33|0|33|0|33|0|33|23|36|0|33|0|33|0|33|23|36|0|33|0|33|0|33|0|33|0|33|9972|1040|7165|1215|1060|337|692|258|521|203|162|110|246|145|30|49|37|39|59|78|1943|487|478|239|371|201|148|96|73|47|296|185|191|106|47|62|95|104|244|280
1600000US4516180|378|226|0|14|104|116|36|50|75|78|0|14|24|37|31|52|29|48|79|79|378|226|0|14|104|116|36|50|75|78|0|14|24|37|31|52|29|48|79|79|337|220|0|14|104|116|36|50|56|68|0|14|24|37|31|52|29|48|57|63|41|78|0|14|0|14|0|14|19|35|0|14|0|14|0|14|0|14|22|43|41|78|0|14|0|14|0|14|19|35|0|14|0|14|0|14|0|14|22|43|0|14|0|14|0|14|0|14|0|14|0|14|0|14|0|14|0|14|0|14|0|14|0|14|0|14|0|14|0|14|0|14|0|14|0|14|0|14|0|14|0|14|0|14|0|14|0|14|0|14|0|14|0|14|0|14|0|14|0|14|0|14|0|14|0|14|0|14|0|14|0|14|0|14|0|14|0|14|0|14|0|14|0|14|0|14|0|14|0|14|0|14|0|14|0|14|0|14|0|14|0|14|0|14|0|14|0|14|0|14|0|14|0|14|0|14|0|14|0|14|0|14|0|14|0|14|0|14|0|14|0|14|0|14|0|14|0|14|0|14
1600000US4516360|145|82|15|18|16|27|40|40|37|46|28|34|0|14|9|15|0|14|0|14|145|82|15|18|16|27|40|40|37|46|28|34|0|14|9|15|0|14|0|14|145|82|15|18|16|27|40|40|37|46|28|34|0|14|9|15|0|14|0|14|0|14|0|14|0|14|0|14|0|14|0|14|0|14|0|14|0|14|0|14|0|14|0|14|0|14|0|14|0|14|0|14|0|14|0|14|0|14|0|14|0|14|0|14|0|14|0|14|0|14|0|14|0|14|0|14|0|14|0|14|0|14|0|14|0|14|0|14|0|14|0|14|0|14|0|14|0|14|0|14|0|14|0|14|0|14|0|14|0|14|0|14|0|14|0|14|0|14|0|14|0|14|0|14|0|14|0|14|0|14|0|14|0|14|0|14|0|14|0|14|0|14|0|14|0|14|0|14|0|14|0|14|0|14|0|14|0|14|0|14|0|14|0|14|0|14|0|14|0|14|0|14|0|14|0|14|0|14|0|14|0|14|0|14|0|14|0|14|0|14|0|14|0|14|0|14|0|14|0|14
1600000US4516405|10056|668|1658|374|1552|349|1091|255|1397|342|872|264|1735|374|709|273|619|206|423|179|9088|631|1352|313|1275|328|884|199|1361|328|825|265|1727|370|708|273|533|162|423|179|8147|519|1095|218|1227|321|832|205|1151|306|796|268|1515|324|697|275|428|143|406|178|941|254|257|182|48|42|52|36|210|134|29|35|212|130|11|16|105|62|17|30|596|206|182|151|26|31|46|35|138|115|16|27|125|112|11|16|35|33|17|30|345|179|75|118|22|28|6|7|72|80|13|23|87|69|0|26|70|53|0|26|303|191|24|32|70|78|57|75|36|52|22|32|8|16|0|26|86|132|0|26|215|159|22|32|46|67|19|30|34|52|0|26|8|16|0|26|86|132|0|26|66|87|2|5|24|40|38|56|2|6|0|26|0|26|0|26|0|26|0|26|22|32|0|26|0|26|0|26|0|26|22|32|0|26|0|26|0|26|0|26|304|140|98|60|168|95|38|48|0|26|0|26|0|26|0|26|0|26|0|26|361|175|184|133|39|39|112|96|0|26|25|40|0|26|1|3|0|26|0|26
1600000US4516675|0|14|0|14|0|14|0|14|0|14|0|14|0|14|0|14|0|14|0|14|0|14|0|14|0|14|0|14|0|14|0|14|0|14|0|14|0|14|0|14|0|14|0|14|0|14|0|14|0|14|0|14|0|14|0|14|0|14|0|14|0|14|0|14|0|14|0|14|0|14|0|14|0|14|0|14|0|14|0|14|0|14|0|14|0|14|0|14|0|14|0|14|0|14|0|14|0|14|0|14|0|14|0|14|0|14|0|14|0|14|0|14|0|14|0|14|0|14|0|14|0|14|0|14|0|14|0|14|0|14|0|14|0|14|0|14|0|14|0|14|0|14|0|14|0|14|0|14|0|14|0|14|0|14|0|14|0|14|0|14|0|14|0|14|0|14|0|14|0|14|0|14|0|14|0|14|0|14|0|14|0|14|0|14|0|14|0|14|0|14|0|14|0|14|0|14|0|14|0|14|0|14|0|14|0|14|0|14|0|14|0|14|0|14|0|14|0|14|0|14|0|14|0|14|0|14|0|14|0|14|0|14|0|14|0|14|0|14|0|14
1600000US4516720|1|6|0|14|0|14|0|14|0|14|0|14|0|14|1|6|0|14|0|14|1|6|0|14|0|14|0|14|0|14|0|14|0|14|1|6|0|14|0|14|1|6|0|14|0|14|0|14|0|14|0|14|0|14|1|6|0|14|0|14|0|14|0|14|0|14|0|14|0|14|0|14|0|14|0|14|0|14|0|14|0|14|0|14|0|14|0|14|0|14|0|14|0|14|0|14|0|14|0|14|0|14|0|14|0|14|0|14|0|14|0|14|0|14|0|14|0|14|0|14|0|14|0|14|0|14|0|14|0|14|0|14|0|14|0|14|0|14|0|14|0|14|0|14|0|14|0|14|0|14|0|14|0|14|0|14|0|14|0|14|0|14|0|14|0|14|0|14|0|14|0|14|0|14|0|14|0|14|0|14|0|14|0|14|0|14|0|14|0|14|0|14|0|14|0|14|0|14|0|14|0|14|0|14|0|14|0|14|0|14|0|14|0|14|0|14|0|14|0|14|0|14|0|14|0|14|0|14|0|14|0|14|0|14|0|14|0|14|0|14
1600000US4516855|67|39|2|3|32|28|13|15|10|9|0|14|6|10|0|14|2|4|2|3|67|39|2|3|32|28|13|15|10|9|0|14|6|10|0|14|2|4|2|3|56|35|2|3|30|27|13|15|5|6|0|14|6|10|0|14|0|14|0|14|11|14|0|14|2|4|0|14|5|8|0|14|0|14|0|14|2|4|2|3|2|3|0|14|0|14|0|14|0|14|0|14|0|14|0|14|0|14|2|3|9|13|0|14|2|4|0|14|5|8|0|14|0|14|0|14|2|4|0|14|0|14|0|14|0|14|0|14|0|14|0|14|0|14|0|14|0|14|0|14|0|14|0|14|0|14|0|14|0|14|0|14|0|14|0|14|0|14|0|14|0|14|0|14|0|14|0|14|0|14|0|14|0|14|0|14|0|14|0|14|0|14|0|14|0|14|0|14|0|14|0|14|0|14|0|14|0|14|0|14|0|14|0|14|0|14|0|14|0|14|0|14|0|14|0|14|0|14|0|14|0|14|0|14|0|14|0|14|0|14|0|14|0|14|0|14|0|14|0|14
1600000US4516945|37|47|0|14|37|47|0|14|0|14|0|14|0|14|0|14|0|14|0|14|37|47|0|14|37|47|0|14|0|14|0|14|0|14|0|14|0|14|0|14|37|47|0|14|37|47|0|14|0|14|0|14|0|14|0|14|0|14|0|14|0|14|0|14|0|14|0|14|0|14|0|14|0|14|0|14|0|14|0|14|0|14|0|14|0|14|0|14|0|14|0|14|0|14|0|14|0|14|0|14|0|14|0|14|0|14|0|14|0|14|0|14|0|14|0|14|0|14|0|14|0|14|0|14|0|14|0|14|0|14|0|14|0|14|0|14|0|14|0|14|0|14|0|14|0|14|0|14|0|14|0|14|0|14|0|14|0|14|0|14|0|14|0|14|0|14|0|14|0|14|0|14|0|14|0|14|0|14|0|14|0|14|0|14|0|14|0|14|0|14|0|14|0|14|0|14|0|14|0|14|0|14|0|14|0|14|0|14|0|14|0|14|0|14|0|14|0|14|0|14|0|14|0|14|0|14|0|14|0|14|0|14|0|14|0|14|0|14|0|14
1600000US4516990|478|142|28|26|19|20|19|15|22|24|20|21|59|43|58|45|64|43|189|108|470|138|24|26|19|20|19|15|22|24|16|19|59|43|58|45|64|43|189|108|402|124|24|26|19|20|19|15|22|24|16|19|59|43|54|44|64|43|125|82|68|67|0|14|0|14|0|14|0|14|0|14|0|14|4|10|0|14|64|69|59|59|0|14|0|14|0|14|0|14|0|14|0|14|4|10|0|14|55|60|9|16|0|14|0|14|0|14|0|14|0|14|0|14|0|14|0|14|9|16|4|9|4|9|0|14|0|14|0|14|0|14|0|14|0|14|0|14|0|14|4|9|4|9|0|14|0|14|0|14|0|14|0|14|0|14|0|14|0|14|0|14|0|14|0|14|0|14|0|14|0|14|0|14|0|14|0|14|0|14|0|14|0|14|0|14|0|14|0|14|0|14|0|14|0|14|0|14|0|14|0|14|0|14|0|14|0|14|0|14|0|14|0|14|0|14|0|14|0|14|4|6|0|14|0|14|0|14|0|14|4|6|0|14|0|14|0|14|0|14
1600000US4517215|285|126|40|45|25|18|36|37|22|26|45|41|70|68|36|35|0|14|11|10|282|127|37|45|25|18|36|37|22|26|45|41|70|68|36|35|0|14|11|10|241|134|37|45|22|17|36|37|19|25|45|41|66|68|5|6|0|14|11|10|41|36|0|14|3|7|0|14|3|6|0|14|4|7|31|34|0|14|0|14|10|12|0|14|3|7|0|14|3|6|0|14|4|7|0|14|0|14|0|14|31|34|0|14|0|14|0|14|0|14|0|14|0|14|31|34|0|14|0|14|0|14|0|14|0|14|0|14|0|14|0|14|0|14|0|14|0|14|0|14|0|14|0|14|0|14|0|14|0|14|0|14|0|14|0|14|0|14|0|14|0|14|0|14|0|14|0|14|0|14|0|14|0|14|0|14|0|14|0|14|0|14|0|14|0|14|0|14|0|14|0|14|0|14|0|14|0|14|0|14|3|4|3|4|0|14|0|14|0|14|0|14|0|14|0|14|0|14|0|14|0|14|0|14|0|14|0|14|0|14|0|14|0|14|0|14|0|14|0|14
1600000US4517260|702|189|104|56|25|24|93|65|205|110|25|29|162|94|43|29|23|20|22|18|686|187|95|52|25|24|93|65|205|110|25|29|162|94|43|29|23|20|15|15|648|185|93|52|21|24|69|53|205|110|25|29|162|94|35|25|23|20|15|15|38|42|2|7|4|5|24|40|0|14|0|14|0|14|8|13|0|14|0|14|14|16|2|7|4|5|0|14|0|14|0|14|0|14|8|13|0|14|0|14|24|40|0|14|0|14|24|40|0|14|0|14|0|14|0|14|0|14|0|14|0|14|0|14|0|14|0|14|0|14|0|14|0|14|0|14|0|14|0|14|0|14|0|14|0|14|0|14|0|14|0|14|0|14|0|14|0|14|0|14|0|14|0|14|0|14|0|14|0|14|0|14|0|14|0|14|0|14|0|14|0|14|0|14|0|14|0|14|0|14|0|14|0|14|0|14|0|14|0|14|9|15|9|15|0|14|0|14|0|14|0|14|0|14|0|14|0|14|0|14|7|11|0|14|0|14|0|14|0|14|0|14|0|14|0|14|0|14|7|11
1600000US4517845|10|17|0|14|0|14|0|14|0|14|0|14|10|17|0|14|0|14|0|14|10|17|0|14|0|14|0|14|0|14|0|14|10|17|0|14|0|14|0|14|10|17|0|14|0|14|0|14|0|14|0|14|10|17|0|14|0|14|0|14|0|14|0|14|0|14|0|14|0|14|0|14|0|14|0|14|0|14|0|14|0|14|0|14|0|14|0|14|0|14|0|14|0|14|0|14|0|14|0|14|0|14|0|14|0|14|0|14|0|14|0|14|0|14|0|14|0|14|0|14|0|14|0|14|0|14|0|14|0|14|0|14|0|14|0|14|0|14|0|14|0|14|0|14|0|14|0|14|0|14|0|14|0|14|0|14|0|14|0|14|0|14|0|14|0|14|0|14|0|14|0|14|0|14|0|14|0|14|0|14|0|14|0|14|0|14|0|14|0|14|0|14|0|14|0|14|0|14|0|14|0|14|0|14|0|14|0|14|0|14|0|14|0|14|0|14|0|14|0|14|0|14|0|14|0|14|0|14|0|14|0|14|0|14|0|14|0|14|0|14
1600000US4517890|217|95|6|10|17|15|21|19|35|30|37|42|31|22|0|14|43|26|27|24|217|95|6|10|17|15|21|19|35|30|37|42|31|22|0|14|43|26|27|24|196|91|0|14|17|15|19|18|35|30|37|42|26|21|0|14|43|26|19|17|21|19|6|10|0|14|2|3|0|14|0|14|5|8|0|14|0|14|8|14|13|14|6|10|0|14|2|3|0|14|0|14|5|8|0|14|0|14|0|14|8|14|0|14|0|14|0|14|0|14|0|14|0|14|0|14|0|14|8|14|0|14|0|14|0|14|0|14|0|14|0|14|0|14|0|14|0|14|0|14|0|14|0|14|0|14|0|14|0|14|0|14|0|14|0|14|0|14|0|14|0|14|0|14|0|14|0|14|0|14|0|14|0|14|0|14|0|14|0|14|0|14|0|14|0|14|0|14|0|14|0|14|0|14|0|14|0|14|0|14|0|14|0|14|0|14|0|14|0|14|0|14|0|14|0|14|0|14|0|14|0|14|0|14|0|14|0|14|0|14|0|14|0|14|0|14|0|14|0|14
1600000US4518250|55|56|0|14|0|14|0|14|0|14|0|14|17|26|8|15|30|47|0|14|55|56|0|14|0|14|0|14|0|14|0|14|17|26|8|15|30|47|0|14|55|56|0|14|0|14|0|14|0|14|0|14|17|26|8|15|30|47|0|14|0|14|0|14|0|14|0|14|0|14|0|14|0|14|0|14|0|14|0|14|0|14|0|14|0|14|0|14|0|14|0|14|0|14|0|14|0|14|0|14|0|14|0|14|0|14|0|14|0|14|0|14|0|14|0|14|0|14|0|14|0|14|0|14|0|14|0|14|0|14|0|14|0|14|0|14|0|14|0|14|0|14|0|14|0|14|0|14|0|14|0|14|0|14|0|14|0|14|0|14|0|14|0|14|0|14|0|14|0|14|0|14|0|14|0|14|0|14|0|14|0|14|0|14|0|14|0|14|0|14|0|14|0|14|0|14|0|14|0|14|0|14|0|14|0|14|0|14|0|14|0|14|0|14|0|14|0|14|0|14|0|14|0|14|0|14|0|14|0|14|0|14|0|14|0|14|0|14|0|14
1600000US4518340|69|90|0|14|0|14|0|14|19|34|0|14|21|25|16|19|13|26|0|14|69|90|0|14|0|14|0|14|19|34|0|14|21|25|16|19|13|26|0|14|37|36|0|14|0|14|0|14|0|14|0|14|21|25|16|19|0|14|0|14|32|58|0|14|0|14|0|14|19|34|0|14|0|14|0|14|13|26|0|14|19|34|0|14|0|14|0|14|19|34|0|14|0|14|0|14|0|14|0|14|13|26|0|14|0|14|0|14|0|14|0|14|0|14|0|14|13|26|0|14|0|14|0|14|0|14|0|14|0|14|0|14|0|14|0|14|0|14|0|14|0|14|0|14|0|14|0|14|0|14|0|14|0|14|0|14|0|14|0|14|0|14|0|14|0|14|0|14|0|14|0|14|0|14|0|14|0|14|0|14|0|14|0|14|0|14|0|14|0|14|0|14|0|14|0|14|0|14|0|14|0|14|0|14|0|14|0|14|0|14|0|14|0|14|0|14|0|14|0|14|0|14|0|14|0|14|0|14|0|14|0|14|0|14|0|14|0|14|0|14
1600000US4518430|1374|475|0|14|57|55|235|181|590|279|68|92|257|197|58|80|38|37|71|72|1374|475|0|14|57|55|235|181|590|279|68|92|257|197|58|80|38|37|71|72|1182|429|0|14|57|55|235|181|473|248|65|92|185|168|58|80|38|37|71|72|192|136|0|14|0|14|0|14|117|96|3|7|72|93|0|14|0|14|0|14|79|90|0|14|0|14|0|14|20|32|0|14|59|86|0|14|0|14|0|14|113|92|0|14|0|14|0|14|97|91|3|7|13|22|0|14|0|14|0|14|0|14|0|14|0|14|0|14|0|14|0|14|0|14|0|14|0|14|0|14|0|14|0|14|0|14|0|14|0|14|0|14|0|14|0|14|0|14|0|14|0|14|0|14|0|14|0|14|0|14|0|14|0|14|0|14|0|14|0|14|0|14|0|14|0|14|0|14|0|14|0|14|0|14|0|14|0|14|0|14|0|14|0|14|0|14|0|14|0|14|0|14|0|14|0|14|0|14|0|14|0|14|0|14|0|14|0|14|0|14|0|14|0|14|0|14|0|14|0|14
1600000US4518475|200|122|14|22|12|15|36|40|63|66|13|20|62|61|0|14|0|14|0|14|200|122|14|22|12|15|36|40|63|66|13|20|62|61|0|14|0|14|0|14|190|120|14|22|12|15|36|40|53|63|13|20|62|61|0|14|0|14|0|14|10|17|0|14|0|14|0|14|10|17|0|14|0|14|0|14|0|14|0|14|10|17|0|14|0|14|0|14|10|17|0|14|0|14|0|14|0|14|0|14|0|14|0|14|0|14|0|14|0|14|0|14|0|14|0|14|0|14|0|14|0|14|0|14|0|14|0|14|0|14|0|14|0|14|0|14|0|14|0|14|0|14|0|14|0|14|0|14|0|14|0|14|0|14|0|14|0|14|0|14|0|14|0|14|0|14|0|14|0|14|0|14|0|14|0|14|0|14|0|14|0|14|0|14|0|14|0|14|0|14|0|14|0|14|0|14|0|14|0|14|0|14|0|14|0|14|0|14|0|14|0|14|0|14|0|14|0|14|0|14|0|14|0|14|0|14|0|14|0|14|0|14|0|14|0|14|0|14|0|14
1600000US4518565|2113|295|523|164|362|138|347|189|257|153|117|70|219|103|119|75|106|96|63|57|2054|294|481|159|345|134|347|189|257|153|117|70|219|103|119|75|106|96|63|57|1754|288|431|158|273|129|317|182|188|112|92|56|184|99|119|75|106|96|44|48|300|147|50|39|72|68|30|36|69|81|25|41|35|44|0|20|0|20|19|30|271|133|46|37|72|68|11|17|64|81|24|41|35|44|0|20|0|20|19|30|29|40|4|19|0|20|19|32|5|11|1|8|0|20|0|20|0|20|0|20|0|20|0|20|0|20|0|20|0|20|0|20|0|20|0|20|0|20|0|20|0|20|0|20|0|20|0|20|0|20|0|20|0|20|0|20|0|20|0|20|0|20|0|20|0|20|0|20|0|20|0|20|0|20|0|20|0|20|0|20|0|20|0|20|0|20|0|20|0|20|0|20|0|20|0|20|0|20|0|20|42|43|42|43|0|20|0|20|0|20|0|20|0|20|0|20|0|20|0|20|17|23|0|20|17|23|0|20|0|20|0|20|0|20|0|20|0|20|0|20
1600000US4518610|246|215|34|31|0|14|9|13|17|15|138|213|3|5|0|14|10|13|35|39|64|42|12|15|0|14|0|14|11|12|0|14|3|5|0|14|10|13|28|38|64|42|12|15|0|14|0|14|11|12|0|14|3|5|0|14|10|13|28|38|0|14|0|14|0|14|0|14|0|14|0|14|0|14|0|14|0|14|0|14|0|14|0|14|0|14|0|14|0|14|0|14|0|14|0|14|0|14|0|14|0|14|0|14|0|14|0|14|0|14|0|14|0|14|0|14|0|14|0|14|145|215|0|14|0|14|0|14|0|14|138|213|0|14|0|14|0|14|7|12|0|14|0|14|0|14|0|14|0|14|0|14|0|14|0|14|0|14|0|14|0|14|0|14|0|14|0|14|0|14|0|14|0|14|0|14|0|14|0|14|145|215|0|14|0|14|0|14|0|14|138|213|0|14|0|14|0|14|7|12|0|14|0|14|0|14|0|14|0|14|0|14|0|14|0|14|0|14|0|14|37|31|22|27|0|14|9|13|6|8|0|14|0|14|0|14|0|14|0|14
1600000US4518706|123|92|0|14|24|28|5|11|34|47|0|14|23|28|0|14|32|45|5|10|117|84|0|14|24|28|5|11|34|47|0|14|17|18|0|14|32|45|5|10|105|75|0|14|24|28|5|11|34|47|0|14|5|9|0|14|32|45|5|10|12|18|0|14|0|14|0|14|0|14|0|14|12|18|0|14|0|14|0|14|0|14|0|14|0|14|0|14|0|14|0|14|0|14|0|14|0|14|0|14|12|18|0|14|0|14|0|14|0|14|0|14|12|18|0|14|0|14|0|14|0|14|0|14|0|14|0|14|0|14|0|14|0|14|0|14|0|14|0|14|0|14|0|14|0|14|0|14|0|14|0|14|0|14|0|14|0|14|0|14|0|14|0|14|0|14|0|14|0|14|0|14|0|14|0|14|0|14|0|14|0|14|0|14|0|14|0|14|0|14|0|14|0|14|0|14|0|14|0|14|0|14|0|14|0|14|0|14|0|14|0|14|0|14|0|14|0|14|0|14|6|12|0|14|0|14|0|14|0|14|0|14|6|12|0|14|0|14|0|14
1600000US4518810|92|58|19|22|0|14|18|20|0|14|0|14|34|45|21|26|0|14|0|14|83|58|10|17|0|14|18|20|0|14|0|14|34|45|21|26|0|14|0|14|83|58|10|17|0|14|18|20|0|14|0|14|34|45|21|26|0|14|0|14|0|14|0|14|0|14|0|14|0|14|0|14|0|14|0|14|0|14|0|14|0|14|0|14|0|14|0|14|0|14|0|14|0|14|0|14|0|14|0|14|0|14|0|14|0|14|0|14|0|14|0|14|0|14|0|14|0|14|0|14|0|14|0|14|0|14|0|14|0|14|0|14|0|14|0|14|0|14|0|14|0|14|0|14|0|14|0|14|0|14|0|14|0|14|0|14|0|14|0|14|0|14|0|14|0|14|0|14|0|14|0|14|0|14|0|14|0|14|0|14|0|14|0|14|0|14|0|14|0|14|0|14|0|14|0|14|0|14|0|14|9|15|9|15|0|14|0|14|0|14|0|14|0|14|0|14|0|14|0|14|0|14|0|14|0|14|0|14|0|14|0|14|0|14|0|14|0|14|0|14
1600000US4519105|1013|237|479|168|214|145|50|61|12|15|41|37|30|28|13|18|34|29|140|152|846|213|361|136|178|135|50|61|8|15|41|37|30|28|4|9|34|29|140|152|777|228|344|143|173|135|41|57|0|14|32|28|25|26|4|9|18|24|140|152|69|56|17|22|5|8|9|16|8|15|9|18|5|9|0|14|16|21|0|14|55|51|17|22|0|14|0|14|8|15|9|18|5|9|0|14|16|21|0|14|14|18|0|14|5|8|9|16|0|14|0|14|0|14|0|14|0|14|0|14|9|15|0|14|0|14|0|14|0|14|0|14|0|14|9|15|0|14|0|14|9|15|0|14|0|14|0|14|0|14|0|14|0|14|9|15|0|14|0|14|0|14|0|14|0|14|0|14|0|14|0|14|0|14|0|14|0|14|0|14|0|14|0|14|0|14|0|14|0|14|0|14|0|14|0|14|0|14|0|14|111|66|71|52|36|37|0|14|4|8|0|14|0|14|0|14|0|14|0|14|47|67|47|67|0|14|0|14|0|14|0|14|0|14|0|14|0|14|0|14
1600000US4519285|6426|1222|1458|809|1280|345|1174|316|933|207|269|140|640|263|83|81|93|56|496|343|6015|1189|1368|803|1265|341|1073|304|795|228|269|140|615|260|83|81|93|56|454|339|5432|1183|1368|803|1185|333|974|296|699|221|200|122|406|149|83|81|80|52|437|340|583|262|0|22|80|69|99|71|96|108|69|71|209|175|0|22|13|23|17|27|418|216|0|22|64|62|87|70|35|60|69|71|163|174|0|22|0|22|0|22|165|109|0|22|16|35|12|16|61|91|0|22|46|49|0|22|13|23|17|27|114|100|24|39|0|22|27|42|21|25|0|22|0|22|0|22|0|22|42|45|114|100|24|39|0|22|27|42|21|25|0|22|0|22|0|22|0|22|42|45|0|22|0|22|0|22|0|22|0|22|0|22|0|22|0|22|0|22|0|22|0|22|0|22|0|22|0|22|0|22|0|22|0|22|0|22|0|22|0|22|173|145|66|89|15|25|0|22|92|109|0|22|0|22|0|22|0|22|0|22|124|95|0|22|0|22|74|77|25|36|0|22|25|27|0|22|0|22|0|22
1600000US4519420|2160|310|579|143|331|146|250|115|27|27|30|28|204|142|289|161|264|246|186|104|2144|307|578|143|318|146|248|114|27|27|30|28|204|142|289|161|264|246|186|104|1724|351|550|156|249|131|170|97|27|27|30|28|201|142|289|161|67|64|141|93|420|289|28|38|69|60|78|77|0|20|0|20|3|8|0|20|197|246|45|61|419|289|28|38|69|60|77|77|0|20|0|20|3|8|0|20|197|246|45|61|1|2|0|20|0|20|1|2|0|20|0|20|0|20|0|20|0|20|0|20|1|3|1|3|0|20|0|20|0|20|0|20|0|20|0|20|0|20|0|20|1|3|1|3|0|20|0|20|0|20|0|20|0|20|0|20|0|20|0|20|0|20|0|20|0|20|0|20|0|20|0|20|0|20|0|20|0|20|0|20|0|20|0|20|0|20|0|20|0|20|0|20|0|20|0|20|0|20|0|20|0|20|0|20|0|20|0|20|0|20|0|20|0|20|0|20|0|20|0|20|15|21|0|20|13|21|2|4|0|20|0|20|0|20|0|20|0|20|0|20
1600000US4519870|148|57|17|19|18|14|6|8|24|15|22|17|25|21|8|9|20|21|8|9|145|57|17|19|18|14|6|8|24|15|22|17|25|21|5|6|20|21|8|9|136|56|14|19|18|14|5|8|24|15|17|14|25|21|5|6|20|21|8|9|9|10|3|5|0|14|1|2|0|14|5|8|0|14|0|14|0|14|0|14|6|8|0|14|0|14|1|2|0|14|5|8|0|14|0|14|0|14|0|14|3|5|3|5|0|14|0|14|0|14|0|14|0|14|0|14|0|14|0|14|3|6|0|14|0|14|0|14|0|14|0|14|0|14|3|6|0|14|0|14|3|6|0|14|0|14|0|14|0|14|0|14|0|14|3|6|0|14|0|14|0|14|0|14|0|14|0|14|0|14|0|14|0|14|0|14|0|14|0|14|0|14|0|14|0|14|0|14|0|14|0|14|0|14|0|14|0|14|0|14|0|14|0|14|0|14|0|14|0|14|0|14|0|14|0|14|0|14|0|14|0|14|0|14|0|14|0|14|0|14|0|14|0|14|0|14|0|14|0|14
1600000US4520365|248|107|0|14|79|63|55|58|3|5|16|26|70|71|25|37|0|14|0|14|248|107|0|14|79|63|55|58|3|5|16|26|70|71|25|37|0|14|0|14|199|102|0|14|33|40|55|58|0|14|16|26|70|71|25|37|0|14|0|14|49|64|0|14|46|64|0|14|3|5|0|14|0|14|0|14|0|14|0|14|49|64|0|14|46|64|0|14|3|5|0|14|0|14|0|14|0|14|0|14|0|14|0|14|0|14|0|14|0|14|0|14|0|14|0|14|0|14|0|14|0|14|0|14|0|14|0|14|0|14|0|14|0|14|0|14|0|14|0|14|0|14|0|14|0|14|0|14|0|14|0|14|0|14|0|14|0|14|0|14|0|14|0|14|0|14|0|14|0|14|0|14|0|14|0|14|0|14|0|14|0|14|0|14|0|14|0|14|0|14|0|14|0|14|0|14|0|14|0|14|0|14|0|14|0|14|0|14|0|14|0|14|0|14|0|14|0|14|0|14|0|14|0|14|0|14|0|14|0|14|0|14|0|14|0|14|0|14|0|14
1600000US4520590|699|367|80|95|151|134|39|44|165|125|9|17|120|107|0|14|54|82|81|84|699|367|80|95|151|134|39|44|165|125|9|17|120|107|0|14|54|82|81|84|567|282|73|95|151|134|39|44|165|125|9|17|24|34|0|14|54|82|52|74|132|132|7|13|0|14|0|14|0|14|0|14|96|119|0|14|0|14|29|44|96|119|0|14|0|14|0|14|0|14|0|14|96|119|0|14|0|14|0|14|36|45|7|13|0|14|0|14|0|14|0|14|0|14|0|14|0|14|29|44|0|14|0|14|0|14|0|14|0|14|0|14|0|14|0|14|0|14|0|14|0|14|0|14|0|14|0|14|0|14|0|14|0|14|0|14|0|14|0|14|0|14|0|14|0|14|0|14|0|14|0|14|0|14|0|14|0|14|0|14|0|14|0|14|0|14|0|14|0|14|0|14|0|14|0|14|0|14|0|14|0|14|0|14|0|14|0|14|0|14|0|14|0|14|0|14|0|14|0|14|0|14|0|14|0|14|0|14|0|14|0|14|0|14|0|14|0|14|0|14
1600000US4521040|356|114|135|64|47|34|15|20|27|25|21|25|31|26|24|17|35|34|21|17|225|82|47|26|20|24|11|17|24|24|21|25|28|25|24|17|35|34|15|15|206|74|42|25|6|7|11|17|24|24|21|25|28|25|24|17|35|34|15|15|19|25|5|8|14|23|0|14|0|14|0|14|0|14|0|14|0|14|0|14|12|18|5|8|7|16|0|14|0|14|0|14|0|14|0|14|0|14|0|14|7|16|0|14|7|16|0|14|0|14|0|14|0|14|0|14|0|14|0|14|0|14|0|14|0|14|0|14|0|14|0|14|0|14|0|14|0|14|0|14|0|14|0|14|0|14|0|14|0|14|0|14|0|14|0|14|0|14|0|14|0|14|0|14|0|14|0|14|0|14|0|14|0|14|0|14|0|14|0|14|0|14|0|14|0|14|0|14|0|14|0|14|0|14|0|14|0|14|0|14|109|63|78|58|27|24|4|9|0|14|0|14|0|14|0|14|0|14|0|14|22|23|10|11|0|14|0|14|3|7|0|14|3|4|0|14|0|14|6|10
1600000US4521130|141|151|0|14|28|44|17|31|13|20|0|14|63|100|0|14|0|14|20|56|141|151|0|14|28|44|17|31|13|20|0|14|63|100|0|14|0|14|20|56|141|151|0|14|28|44|17|31|13|20|0|14|63|100|0|14|0|14|20|56|0|14|0|14|0|14|0|14|0|14|0|14|0|14|0|14|0|14|0|14|0|14|0|14|0|14|0|14|0|14|0|14|0|14|0|14|0|14|0|14|0|14|0|14|0|14|0|14|0|14|0|14|0|14|0|14|0|14|0|14|0|14|0|14|0|14|0|14|0|14|0|14|0|14|0|14|0|14|0|14|0|14|0|14|0|14|0|14|0|14|0|14|0|14|0|14|0|14|0|14|0|14|0|14|0|14|0|14|0|14|0|14|0|14|0|14|0|14|0|14|0|14|0|14|0|14|0|14|0|14|0|14|0|14|0|14|0|14|0|14|0|14|0|14|0|14|0|14|0|14|0|14|0|14|0|14|0|14|0|14|0|14|0|14|0|14|0|14|0|14|0|14|0|14|0|14|0|14|0|14
1600000US4521265|2137|375|275|183|260|178|436|233|268|192|39|49|288|141|215|168|0|14|356|224|2137|375|275|183|260|178|436|233|268|192|39|49|288|141|215|168|0|14|356|224|1874|372|275|183|260|178|389|215|268|192|17|30|229|117|215|168|0|14|221|194|263|169|0|14|0|14|47|56|0|14|22|36|59|71|0|14|0|14|135|125|199|142|0|14|0|14|47|56|0|14|22|36|22|36|0|14|0|14|108|125|64|104|0|14|0|14|0|14|0|14|0|14|37|60|0|14|0|14|27|46|0|14|0|14|0|14|0|14|0|14|0|14|0|14|0|14|0|14|0|14|0|14|0|14|0|14|0|14|0|14|0|14|0|14|0|14|0|14|0|14|0|14|0|14|0|14|0|14|0|14|0|14|0|14|0|14|0|14|0|14|0|14|0|14|0|14|0|14|0|14|0|14|0|14|0|14|0|14|0|14|0|14|0|14|0|14|0|14|0|14|0|14|0|14|0|14|0|14|0|14|0|14|0|14|0|14|0|14|0|14|0|14|0|14|0|14|0|14|0|14
1600000US4521310|1633|278|208|89|231|122|264|124|364|109|109|74|239|129|12|19|102|64|104|61|1558|262|174|75|215|104|264|124|364|109|109|74|239|129|12|19|102|64|79|50|1319|239|160|74|175|100|254|124|287|98|27|28|239|129|12|19|102|64|63|44|239|100|14|21|40|52|10|15|77|54|82|69|0|14|0|14|0|14|16|18|231|100|14|21|40|52|10|15|77|54|82|69|0|14|0|14|0|14|8|15|8|13|0|14|0|14|0|14|0|14|0|14|0|14|0|14|0|14|8|13|0|14|0|14|0|14|0|14|0|14|0|14|0|14|0|14|0|14|0|14|0|14|0|14|0|14|0|14|0|14|0|14|0|14|0|14|0|14|0|14|0|14|0|14|0|14|0|14|0|14|0|14|0|14|0|14|0|14|0|14|0|14|0|14|0|14|0|14|0|14|0|14|0|14|0|14|0|14|0|14|34|49|34|49|0|14|0|14|0|14|0|14|0|14|0|14|0|14|0|14|41|37|0|14|16|26|0|14|0|14|0|14|0|14|0|14|0|14|25|31
1600000US4521985|10201|671|965|271|1107|262|1120|351|1314|343|1633|512|1782|402|880|218|887|227|513|214|10012|678|943|270|1100|260|1089|352|1314|343|1633|512|1739|407|880|218|887|227|427|206|9518|697|898|268|1036|255|982|331|1285|339|1561|485|1712|399|824|211|811|228|409|200|494|189|45|40|64|55|107|83|29|33|72|73|27|35|56|48|76|73|18|35|358|166|44|40|52|52|56|46|29|33|72|73|27|35|37|44|23|24|18|35|136|102|1|3|12|21|51|68|0|26|0|26|0|26|19|23|53|72|0|26|0|26|0|26|0|26|0|26|0|26|0|26|0|26|0|26|0|26|0|26|0|26|0|26|0|26|0|26|0|26|0|26|0|26|0|26|0|26|0|26|0|26|0|26|0|26|0|26|0|26|0|26|0|26|0|26|0|26|0|26|0|26|0|26|0|26|0|26|0|26|0|26|0|26|0|26|0|26|0|26|47|36|22|24|0|26|9|15|0|26|0|26|0|26|0|26|0|26|16|25|142|86|0|26|7|10|22|30|0|26|0|26|43|54|0|26|0|26|70|67
1600000US4522050|1645|321|253|143|237|101|119|77|169|163|14|23|44|46|70|81|509|219|230|169|1585|313|209|125|237|101|119|77|169|163|14|23|28|38|70|81|509|219|230|169|1390|324|209|125|128|82|119|77|161|161|14|23|28|38|70|81|431|203|230|169|195|121|0|14|109|54|0|14|8|15|0|14|0|14|0|14|78|107|0|14|195|121|0|14|109|54|0|14|8|15|0|14|0|14|0|14|78|107|0|14|0|14|0|14|0|14|0|14|0|14|0|14|0|14|0|14|0|14|0|14|0|14|0|14|0|14|0|14|0|14|0|14|0|14|0|14|0|14|0|14|0|14|0|14|0|14|0|14|0|14|0|14|0|14|0|14|0|14|0|14|0|14|0|14|0|14|0|14|0|14|0|14|0|14|0|14|0|14|0|14|0|14|0|14|0|14|0|14|0|14|0|14|0|14|0|14|0|14|0|14|1|2|1|2|0|14|0|14|0|14|0|14|0|14|0|14|0|14|0|14|59|81|43|74|0|14|0|14|0|14|0|14|16|26|0|14|0|14|0|14
1600000US4522075|1004|258|207|103|125|75|165|125|35|42|69|74|100|71|133|78|153|121|17|28|1004|258|207|103|125|75|165|125|35|42|69|74|100|71|133|78|153|121|17|28|977|261|196|102|109|67|165|125|35|42|69|74|100|71|133|78|153|121|17|28|27|31|11|17|16|25|0|14|0|14|0|14|0|14|0|14|0|14|0|14|27|31|11|17|16|25|0|14|0|14|0|14|0|14|0|14|0|14|0|14|0|14|0|14|0|14|0|14|0|14|0|14|0|14|0|14|0|14|0|14|0|14|0|14|0|14|0|14|0|14|0|14|0|14|0|14|0|14|0|14|0|14|0|14|0|14|0|14|0|14|0|14|0|14|0|14|0|14|0|14|0|14|0|14|0|14|0|14|0|14|0|14|0|14|0|14|0|14|0|14|0|14|0|14|0|14|0|14|0|14|0|14|0|14|0|14|0|14|0|14|0|14|0|14|0|14|0|14|0|14|0|14|0|14|0|14|0|14|0|14|0|14|0|14|0|14|0|14|0|14|0|14|0|14|0|14|0|14|0|14
1600000US4522390|122|59|0|14|3|5|25|32|12|22|11|20|8|12|8|11|40|36|15|19|79|46|0|14|3|5|9|18|12|22|0|14|8|12|8|11|30|31|9|15|65|45|0|14|3|5|9|18|12|22|0|14|8|12|8|11|16|26|9|15|14|15|0|14|0|14|0|14|0|14|0|14|0|14|0|14|14|15|0|14|8|13|0|14|0|14|0|14|0|14|0|14|0|14|0|14|8|13|0|14|6|7|0|14|0|14|0|14|0|14|0|14|0|14|0|14|6|7|0|14|22|30|0|14|0|14|16|27|0|14|0|14|0|14|0|14|0|14|6|12|22|30|0|14|0|14|16|27|0|14|0|14|0|14|0|14|0|14|6|12|0|14|0|14|0|14|0|14|0|14|0|14|0|14|0|14|0|14|0|14|0|14|0|14|0|14|0|14|0|14|0|14|0|14|0|14|0|14|0|14|0|14|0|14|0|14|0|14|0|14|0|14|0|14|0|14|0|14|0|14|21|27|0|14|0|14|0|14|0|14|11|20|0|14|0|14|10|16|0|14
1600000US4522547|477|205|47|50|151|101|78|61|15|26|27|42|28|41|15|34|31|31|85|96|477|205|47|50|151|101|78|61|15|26|27|42|28|41|15|34|31|31|85|96|449|212|47|50|123|101|78|61|15|26|27|42|28|41|15|34|31|31|85|96|28|44|0|14|28|44|0|14|0|14|0|14|0|14|0|14|0|14|0|14|28|44|0|14|28|44|0|14|0|14|0|14|0|14|0|14|0|14|0|14|0|14|0|14|0|14|0|14|0|14|0|14|0|14|0|14|0|14|0|14|0|14|0|14|0|14|0|14|0|14|0|14|0|14|0|14|0|14|0|14|0|14|0|14|0|14|0|14|0|14|0|14|0|14|0|14|0|14|0|14|0|14|0|14|0|14|0|14|0|14|0|14|0|14|0|14|0|14|0|14|0|14|0|14|0|14|0|14|0|14|0|14|0|14|0|14|0|14|0|14|0|14|0|14|0|14|0|14|0|14|0|14|0|14|0|14|0|14|0|14|0|14|0|14|0|14|0|14|0|14|0|14|0|14|0|14|0|14|0|14
1600000US4522795|985|167|122|53|146|89|138|100|98|87|28|33|126|76|118|86|99|69|110|92|921|178|103|50|146|89|93|78|98|87|28|33|126|76|118|86|99|69|110|92|802|164|90|46|128|89|62|51|98|87|15|21|105|70|95|73|99|69|110|92|119|84|13|19|18|33|31|55|0|14|13|25|21|31|23|28|0|14|0|14|119|84|13|19|18|33|31|55|0|14|13|25|21|31|23|28|0|14|0|14|0|14|0|14|0|14|0|14|0|14|0|14|0|14|0|14|0|14|0|14|0|14|0|14|0|14|0|14|0|14|0|14|0|14|0|14|0|14|0|14|0|14|0|14|0|14|0|14|0|14|0|14|0|14|0|14|0|14|0|14|0|14|0|14|0|14|0|14|0|14|0|14|0|14|0|14|0|14|0|14|0|14|0|14|0|14|0|14|0|14|0|14|0|14|0|14|0|14|0|14|64|78|19|20|0|14|45|71|0|14|0|14|0|14|0|14|0|14|0|14|0|14|0|14|0|14|0|14|0|14|0|14|0|14|0|14|0|14|0|14
1600000US4522997|786|231|24|33|121|92|137|98|187|121|0|14|118|102|26|48|66|81|107|90|771|232|9|14|121|92|137|98|187|121|0|14|118|102|26|48|66|81|107|90|740|225|9|14|103|86|132|97|187|121|0|14|110|105|26|48|66|81|107|90|31|40|0|14|18|33|5|12|0|14|0|14|8|15|0|14|0|14|0|14|26|37|0|14|18|33|0|14|0|14|0|14|8|15|0|14|0|14|0|14|5|12|0|14|0|14|5|12|0|14|0|14|0|14|0|14|0|14|0|14|0|14|0|14|0|14|0|14|0|14|0|14|0|14|0|14|0|14|0|14|0|14|0|14|0|14|0|14|0|14|0|14|0|14|0|14|0|14|0|14|0|14|0|14|0|14|0|14|0|14|0|14|0|14|0|14|0|14|0|14|0|14|0|14|0|14|0|14|0|14|0|14|0|14|0|14|0|14|0|14|0|14|0|14|0|14|0|14|0|14|0|14|0|14|0|14|0|14|0|14|15|30|15|30|0|14|0|14|0|14|0|14|0|14|0|14|0|14|0|14
1600000US4523020|309|85|101|44|71|46|14|11|8|10|0|14|25|20|0|14|37|24|53|26|276|81|93|42|51|42|9|11|8|10|0|14|25|20|0|14|37|24|53|26|247|76|93|42|50|42|9|11|8|10|0|14|25|20|0|14|20|19|42|22|29|19|0|14|1|3|0|14|0|14|0|14|0|14|0|14|17|15|11|13|25|18|0|14|1|3|0|14|0|14|0|14|0|14|0|14|17|15|7|11|4|5|0|14|0|14|0|14|0|14|0|14|0|14|0|14|0|14|4|5|0|14|0|14|0|14|0|14|0|14|0|14|0|14|0|14|0|14|0|14|0|14|0|14|0|14|0|14|0|14|0|14|0|14|0|14|0|14|0|14|0|14|0|14|0|14|0|14|0|14|0|14|0|14|0|14|0|14|0|14|0|14|0|14|0|14|0|14|0|14|0|14|0|14|0|14|0|14|0|14|6|6|3|4|0|14|3|4|0|14|0|14|0|14|0|14|0|14|0|14|27|24|5|6|20|23|2|4|0|14|0|14|0|14|0|14|0|14|0|14
1600000US4523110|513|220|0|14|40|42|40|51|92|63|166|116|0|14|135|72|2|3|38|50|511|220|0|14|40|42|40|51|92|63|166|116|0|14|135|72|0|14|38|50|422|183|0|14|40|42|40|51|92|63|166|116|0|14|46|33|0|14|38|50|89|65|0|14|0|14|0|14|0|14|0|14|0|14|89|65|0|14|0|14|49|62|0|14|0|14|0|14|0|14|0|14|0|14|49|62|0|14|0|14|40|53|0|14|0|14|0|14|0|14|0|14|0|14|40|53|0|14|0|14|0|14|0|14|0|14|0|14|0|14|0|14|0|14|0|14|0|14|0|14|0|14|0|14|0|14|0|14|0|14|0|14|0|14|0|14|0|14|0|14|0|14|0|14|0|14|0|14|0|14|0|14|0|14|0|14|0|14|0|14|0|14|0|14|0|14|0|14|0|14|0|14|0|14|0|14|0|14|0|14|0|14|0|14|0|14|0|14|0|14|0|14|0|14|0|14|0|14|0|14|2|3|0|14|0|14|0|14|0|14|0|14|0|14|0|14|2|3|0|14
1600000US4523200|56|44|0|14|0|14|10|13|7|12|6|10|2|4|0|14|0|14|31|40|56|44|0|14|0|14|10|13|7|12|6|10|2|4|0|14|0|14|31|40|49|44|0|14|0|14|10|13|0|14|6|10|2|4|0|14|0|14|31|40|7|12|0|14|0|14|0|14|7|12|0|14|0|14|0|14|0|14|0|14|7|12|0|14|0|14|0|14|7|12|0|14|0|14|0|14|0|14|0|14|0|14|0|14|0|14|0|14|0|14|0|14|0|14|0|14|0|14|0|14|0|14|0|14|0|14|0|14|0|14|0|14|0|14|0|14|0|14|0|14|0|14|0|14|0|14|0|14|0|14|0|14|0|14|0|14|0|14|0|14|0|14|0|14|0|14|0|14|0|14|0|14|0|14|0|14|0|14|0|14|0|14|0|14|0|14|0|14|0|14|0|14|0|14|0|14|0|14|0|14|0|14|0|14|0|14|0|14|0|14|0|14|0|14|0|14|0|14|0|14|0|14|0|14|0|14|0|14|0|14|0|14|0|14|0|14|0|14|0|14
1600000US4523245|959|243|118|67|55|41|138|96|83|40|83|44|240|96|56|30|151|87|35|27|946|239|118|67|52|40|130|92|81|40|83|44|240|96|56|30|151|87|35|27|852|216|118|67|34|31|106|84|75|39|83|44|225|88|51|30|125|64|35|27|94|59|0|14|18|22|24|26|6|8|0|14|15|19|5|6|26|32|0|14|51|41|0|14|18|22|6|9|2|4|0|14|0|14|5|6|20|32|0|14|43|44|0|14|0|14|18|23|4|7|0|14|15|19|0|14|6|11|0|14|0|14|0|14|0|14|0|14|0|14|0|14|0|14|0|14|0|14|0|14|0|14|0|14|0|14|0|14|0|14|0|14|0|14|0|14|0|14|0|14|0|14|0|14|0|14|0|14|0|14|0|14|0|14|0|14|0|14|0|14|0|14|0|14|0|14|0|14|0|14|0|14|0|14|0|14|0|14|0|14|0|14|0|14|0|14|0|14|0|14|0|14|0|14|0|14|0|14|0|14|13|16|0|14|3|5|8|15|2|3|0|14|0|14|0|14|0|14|0|14
1600000US4523290|1128|352|167|137|114|82|375|216|219|141|15|23|27|43|52|47|97|105|62|58|1101|350|167|137|114|82|348|210|219|141|15|23|27|43|52|47|97|105|62|58|1054|332|167|137|114|82|348|210|219|141|15|23|27|43|52|47|50|45|62|58|47|86|0|14|0|14|0|14|0|14|0|14|0|14|0|14|47|86|0|14|47|86|0|14|0|14|0|14|0|14|0|14|0|14|0|14|47|86|0|14|0|14|0|14|0|14|0|14|0|14|0|14|0|14|0|14|0|14|0|14|0|14|0|14|0|14|0|14|0|14|0|14|0|14|0|14|0|14|0|14|0|14|0|14|0|14|0|14|0|14|0|14|0|14|0|14|0|14|0|14|0|14|0|14|0|14|0|14|0|14|0|14|0|14|0|14|0|14|0|14|0|14|0|14|0|14|0|14|0|14|0|14|0|14|0|14|0|14|0|14|0|14|0|14|0|14|0|14|0|14|0|14|0|14|0|14|0|14|0|14|27|46|0|14|0|14|27|46|0|14|0|14|0|14|0|14|0|14|0|14
1600000US4523335|50|38|4|5|0|14|5|9|9|17|0|14|1|3|10|12|17|29|4|7|50|38|4|5|0|14|5|9|9|17|0|14|1|3|10|12|17|29|4|7|48|39|2|4|0|14|5|9|9|17|0|14|1|3|10|12|17|29|4|7|2|4|2|4|0|14|0|14|0|14|0|14|0|14|0|14|0|14|0|14|2|4|2|4|0|14|0|14|0|14|0|14|0|14|0|14|0|14|0|14|0|14|0|14|0|14|0|14|0|14|0|14|0|14|0|14|0|14|0|14|0|14|0|14|0|14|0|14|0|14|0|14|0|14|0|14|0|14|0|14|0|14|0|14|0|14|0|14|0|14|0|14|0|14|0|14|0|14|0|14|0|14|0|14|0|14|0|14|0|14|0|14|0|14|0|14|0|14|0|14|0|14|0|14|0|14|0|14|0|14|0|14|0|14|0|14|0|14|0|14|0|14|0|14|0|14|0|14|0|14|0|14|0|14|0|14|0|14|0|14|0|14|0|14|0|14|0|14|0|14|0|14|0|14|0|14|0|14|0|14
1600000US4523425|136|100|0|14|24|27|11|19|2|16|23|41|59|53|0|14|1|12|16|25|136|100|0|14|24|27|11|19|2|16|23|41|59|53|0|14|1|12|16|25|114|95|0|14|24|27|11|19|2|16|23|41|37|40|0|14|1|12|16|25|22|35|0|14|0|14|0|14|0|14|0|14|22|35|0|14|0|14|0|14|22|35|0|14|0|14|0|14|0|14|0|14|22|35|0|14|0|14|0|14|0|14|0|14|0|14|0|14|0|14|0|14|0|14|0|14|0|14|0|14|0|14|0|14|0|14|0|14|0|14|0|14|0|14|0|14|0|14|0|14|0|14|0|14|0|14|0|14|0|14|0|14|0|14|0|14|0|14|0|14|0|14|0|14|0|14|0|14|0|14|0|14|0|14|0|14|0|14|0|14|0|14|0|14|0|14|0|14|0|14|0|14|0|14|0|14|0|14|0|14|0|14|0|14|0|14|0|14|0|14|0|14|0|14|0|14|0|14|0|14|0|14|0|14|0|14|0|14|0|14|0|14|0|14|0|14|0|14|0|14
1600000US4523470|226|83|76|36|17|19|23|18|18|16|14|14|34|33|7|11|3|5|34|27|224|83|76|36|17|19|23|18|18|16|14|14|32|33|7|11|3|5|34|27|209|80|61|36|17|19|23|18|18|16|14|14|32|33|7|11|3|5|34|27|15|14|15|14|0|14|0|14|0|14|0|14|0|14|0|14|0|14|0|14|15|14|15|14|0|14|0|14|0|14|0|14|0|14|0|14|0|14|0|14|0|14|0|14|0|14|0|14|0|14|0|14|0|14|0|14|0|14|0|14|0|14|0|14|0|14|0|14|0|14|0|14|0|14|0|14|0|14|0|14|0|14|0|14|0|14|0|14|0|14|0|14|0|14|0|14|0|14|0|14|0|14|0|14|0|14|0|14|0|14|0|14|0|14|0|14|0|14|0|14|0|14|0|14|0|14|0|14|0|14|0|14|0|14|0|14|0|14|0|14|0|14|0|14|0|14|0|14|0|14|0|14|0|14|0|14|0|14|0|14|2|4|0|14|0|14|0|14|0|14|0|14|2|4|0|14|0|14|0|14
1600000US4523605|102|74|0|14|0|14|19|24|9|16|10|18|7|12|0|14|46|58|11|18|92|77|0|14|0|14|19|24|9|16|0|14|7|12|0|14|46|58|11|18|92|77|0|14|0|14|19|24|9|16|0|14|7|12|0|14|46|58|11|18|0|14|0|14|0|14|0|14|0|14|0|14|0|14|0|14|0|14|0|14|0|14|0|14|0|14|0|14|0|14|0|14|0|14|0|14|0|14|0|14|0|14|0|14|0|14|0|14|0|14|0|14|0|14|0|14|0|14|0|14|0|14|0|14|0|14|0|14|0|14|0|14|0|14|0|14|0|14|0|14|0|14|0|14|0|14|0|14|0|14|0|14|0|14|0|14|0|14|0|14|0|14|0|14|0|14|0|14|0|14|0|14|0|14|0|14|0|14|0|14|0|14|0|14|0|14|0|14|0|14|0|14|0|14|0|14|0|14|0|14|0|14|0|14|0|14|0|14|0|14|0|14|0|14|0|14|0|14|0|14|10|18|0|14|0|14|0|14|0|14|10|18|0|14|0|14|0|14|0|14
1600000US4523830|816|310|108|76|54|60|49|58|107|65|0|14|63|101|175|96|75|71|185|124|768|285|108|76|54|60|49|58|107|65|0|14|63|101|175|96|75|71|137|110|586|237|80|69|54|60|49|58|107|65|0|14|5|10|175|96|59|64|57|49|182|133|28|37|0|14|0|14|0|14|0|14|58|100|0|14|16|29|80|97|85|71|28|37|0|14|0|14|0|14|0|14|0|14|0|14|16|29|41|55|97|115|0|14|0|14|0|14|0|14|0|14|58|100|0|14|0|14|39|58|48|59|0|14|0|14|0|14|0|14|0|14|0|14|0|14|0|14|48|59|48|59|0|14|0|14|0|14|0|14|0|14|0|14|0|14|0|14|48|59|0|14|0|14|0|14|0|14|0|14|0|14|0|14|0|14|0|14|0|14|0|14|0|14|0|14|0|14|0|14|0|14|0|14|0|14|0|14|0|14|0|14|0|14|0|14|0|14|0|14|0|14|0|14|0|14|0|14|0|14|0|14|0|14|0|14|0|14|0|14|0|14|0|14|0|14|0|14|0|14
1600000US4524020|764|267|189|144|32|36|87|65|72|74|0|14|135|76|63|46|139|108|47|53|764|267|189|144|32|36|87|65|72|74|0|14|135|76|63|46|139|108|47|53|638|223|185|143|29|35|58|54|72|74|0|14|135|76|55|42|57|49|47|53|126|90|4|7|3|7|29|35|0|14|0|14|0|14|8|13|82|84|0|14|64|52|4|7|0|14|29|35|0|14|0|14|0|14|8|13|23|36|0|14|62|76|0|14|3|7|0|14|0|14|0|14|0|14|0|14|59|76|0|14|0|14|0|14|0|14|0|14|0|14|0|14|0|14|0|14|0|14|0|14|0|14|0|14|0|14|0|14|0|14|0|14|0|14|0|14|0|14|0|14|0|14|0|14|0|14|0|14|0|14|0|14|0|14|0|14|0|14|0|14|0|14|0|14|0|14|0|14|0|14|0|14|0|14|0|14|0|14|0|14|0|14|0|14|0|14|0|14|0|14|0|14|0|14|0|14|0|14|0|14|0|14|0|14|0|14|0|14|0|14|0|14|0|14|0|14|0|14|0|14
1600000US4524100|188|105|7|14|8|9|5|8|0|14|0|14|4|5|23|26|119|77|22|17|186|105|7|14|8|9|5|8|0|14|0|14|2|5|23|26|119|77|22|17|174|95|2|3|8|9|5|8|0|14|0|14|2|5|23|26|112|72|22|17|12|22|5|13|0|14|0|14|0|14|0|14|0|14|0|14|7|14|0|14|7|14|0|14|0|14|0|14|0|14|0|14|0|14|0|14|7|14|0|14|5|13|5|13|0|14|0|14|0|14|0|14|0|14|0|14|0|14|0|14|0|14|0|14|0|14|0|14|0|14|0|14|0|14|0|14|0|14|0|14|0|14|0|14|0|14|0|14|0|14|0|14|0|14|0|14|0|14|0|14|0|14|0|14|0|14|0|14|0|14|0|14|0|14|0|14|0|14|0|14|0|14|0|14|0|14|0|14|0|14|0|14|0|14|0|14|0|14|0|14|2|3|0|14|0|14|0|14|0|14|0|14|2|3|0|14|0|14|0|14|0|14|0|14|0|14|0|14|0|14|0|14|0|14|0|14|0|14|0|14
1600000US4524370|786|213|67|43|137|85|126|61|77|62|17|23|29|28|32|53|76|53|225|106|768|213|67|43|137|85|110|54|77|62|17|23|29|28|32|53|76|53|223|107|683|195|55|41|105|82|110|54|77|62|17|23|29|28|32|53|76|53|182|97|85|69|12|21|32|36|0|14|0|14|0|14|0|14|0|14|0|14|41|48|85|69|12|21|32|36|0|14|0|14|0|14|0|14|0|14|0|14|41|48|0|14|0|14|0|14|0|14|0|14|0|14|0|14|0|14|0|14|0|14|0|14|0|14|0|14|0|14|0|14|0|14|0|14|0|14|0|14|0|14|0|14|0|14|0|14|0|14|0|14|0|14|0|14|0|14|0|14|0|14|0|14|0|14|0|14|0|14|0|14|0|14|0|14|0|14|0|14|0|14|0|14|0|14|0|14|0|14|0|14|0|14|0|14|0|14|0|14|0|14|0|14|0|14|0|14|0|14|0|14|0|14|0|14|0|14|0|14|0|14|18|26|0|14|0|14|16|26|0|14|0|14|0|14|0|14|0|14|2|6
1600000US4524505|703|244|196|114|24|39|79|68|146|131|50|51|17|22|37|39|87|83|67|100|703|244|196|114|24|39|79|68|146|131|50|51|17|22|37|39|87|83|67|100|449|223|75|70|24|39|67|66|25|39|50|51|17|22|37|39|87|83|67|100|254|189|121|119|0|14|12|20|121|130|0|14|0|14|0|14|0|14|0|14|133|131|0|14|0|14|12|20|121|130|0|14|0|14|0|14|0|14|0|14|121|119|121|119|0|14|0|14|0|14|0|14|0|14|0|14|0|14|0|14|0|14|0|14|0|14|0|14|0|14|0|14|0|14|0|14|0|14|0|14|0|14|0|14|0|14|0|14|0|14|0|14|0|14|0|14|0|14|0|14|0|14|0|14|0|14|0|14|0|14|0|14|0|14|0|14|0|14|0|14|0|14|0|14|0|14|0|14|0|14|0|14|0|14|0|14|0|14|0|14|0|14|0|14|0|14|0|14|0|14|0|14|0|14|0|14|0|14|0|14|0|14|0|14|0|14|0|14|0|14|0|14|0|14|0|14|0|14|0|14
1600000US4524730|192|127|34|55|0|14|21|36|55|68|13|24|29|36|0|14|0|14|40|49|192|127|34|55|0|14|21|36|55|68|13|24|29|36|0|14|0|14|40|49|192|127|34|55|0|14|21|36|55|68|13|24|29|36|0|14|0|14|40|49|0|14|0|14|0|14|0|14|0|14|0|14|0|14|0|14|0|14|0|14|0|14|0|14|0|14|0|14|0|14|0|14|0|14|0|14|0|14|0|14|0|14|0|14|0|14|0|14|0|14|0|14|0|14|0|14|0|14|0|14|0|14|0|14|0|14|0|14|0|14|0|14|0|14|0|14|0|14|0|14|0|14|0|14|0|14|0|14|0|14|0|14|0|14|0|14|0|14|0|14|0|14|0|14|0|14|0|14|0|14|0|14|0|14|0|14|0|14|0|14|0|14|0|14|0|14|0|14|0|14|0|14|0|14|0|14|0|14|0|14|0|14|0|14|0|14|0|14|0|14|0|14|0|14|0|14|0|14|0|14|0|14|0|14|0|14|0|14|0|14|0|14|0|14|0|14|0|14|0|14
1600000US4524865|114|57|17|25|0|14|0|14|18|18|2|6|17|15|26|31|34|29|0|14|114|57|17|25|0|14|0|14|18|18|2|6|17|15|26|31|34|29|0|14|107|55|17|25|0|14|0|14|11|18|2|6|17|15|26|31|34|29|0|14|7|12|0|14|0|14|0|14|7|12|0|14|0|14|0|14|0|14|0|14|0|14|0|14|0|14|0|14|0|14|0|14|0|14|0|14|0|14|0|14|7|12|0|14|0|14|0|14|7|12|0|14|0|14|0|14|0|14|0|14|0|14|0|14|0|14|0|14|0|14|0|14|0|14|0|14|0|14|0|14|0|14|0|14|0|14|0|14|0|14|0|14|0|14|0|14|0|14|0|14|0|14|0|14|0|14|0|14|0|14|0|14|0|14|0|14|0|14|0|14|0|14|0|14|0|14|0|14|0|14|0|14|0|14|0|14|0|14|0|14|0|14|0|14|0|14|0|14|0|14|0|14|0|14|0|14|0|14|0|14|0|14|0|14|0|14|0|14|0|14|0|14|0|14|0|14|0|14|0|14
1600000US4525360|0|14|0|14|0|14|0|14|0|14|0|14|0|14|0|14|0|14|0|14|0|14|0|14|0|14|0|14|0|14|0|14|0|14|0|14|0|14|0|14|0|14|0|14|0|14|0|14|0|14|0|14|0|14|0|14|0|14|0|14|0|14|0|14|0|14|0|14|0|14|0|14|0|14|0|14|0|14|0|14|0|14|0|14|0|14|0|14|0|14|0|14|0|14|0|14|0|14|0|14|0|14|0|14|0|14|0|14|0|14|0|14|0|14|0|14|0|14|0|14|0|14|0|14|0|14|0|14|0|14|0|14|0|14|0|14|0|14|0|14|0|14|0|14|0|14|0|14|0|14|0|14|0|14|0|14|0|14|0|14|0|14|0|14|0|14|0|14|0|14|0|14|0|14|0|14|0|14|0|14|0|14|0|14|0|14|0|14|0|14|0|14|0|14|0|14|0|14|0|14|0|14|0|14|0|14|0|14|0|14|0|14|0|14|0|14|0|14|0|14|0|14|0|14|0|14|0|14|0|14|0|14|0|14|0|14|0|14|0|14
1600000US4525405|72|74|0|14|14|22|37|60|0|14|0|14|0|14|21|34|0|14|0|14|72|74|0|14|14|22|37|60|0|14|0|14|0|14|21|34|0|14|0|14|72|74|0|14|14|22|37|60|0|14|0|14|0|14|21|34|0|14|0|14|0|14|0|14|0|14|0|14|0|14|0|14|0|14|0|14|0|14|0|14|0|14|0|14|0|14|0|14|0|14|0|14|0|14|0|14|0|14|0|14|0|14|0|14|0|14|0|14|0|14|0|14|0|14|0|14|0|14|0|14|0|14|0|14|0|14|0|14|0|14|0|14|0|14|0|14|0|14|0|14|0|14|0|14|0|14|0|14|0|14|0|14|0|14|0|14|0|14|0|14|0|14|0|14|0|14|0|14|0|14|0|14|0|14|0|14|0|14|0|14|0|14|0|14|0|14|0|14|0|14|0|14|0|14|0|14|0|14|0|14|0|14|0|14|0|14|0|14|0|14|0|14|0|14|0|14|0|14|0|14|0|14|0|14|0|14|0|14|0|14|0|14|0|14|0|14|0|14|0|14
1600000US4525540|6751|819|638|242|624|230|1356|437|1299|309|614|211|960|299|535|233|450|191|275|138|6509|803|585|226|578|227|1288|442|1242|295|602|209|954|299|535|233|450|191|275|138|6248|787|585|226|567|224|1248|428|1182|293|602|209|954|299|470|217|377|205|263|139|261|146|0|22|11|16|40|53|60|52|0|22|0|22|65|68|73|110|12|21|208|137|0|22|11|16|12|21|57|50|0|22|0|22|43|59|73|110|12|21|53|65|0|22|0|22|28|48|3|22|0|22|0|22|22|35|0|22|0|22|14|23|0|22|14|23|0|22|0|22|0|22|0|22|0|22|0|22|0|22|14|23|0|22|14|23|0|22|0|22|0|22|0|22|0|22|0|22|0|22|0|22|0|22|0|22|0|22|0|22|0|22|0|22|0|22|0|22|0|22|0|22|0|22|0|22|0|22|0|22|0|22|0|22|0|22|0|22|0|22|69|77|1|3|0|22|68|77|0|22|0|22|0|22|0|22|0|22|0|22|159|110|52|80|32|49|0|22|57|46|12|21|6|10|0|22|0|22|0|22
1600000US4525810|16080|905|2555|389|3577|574|4489|695|2151|396|627|278|1231|466|410|194|544|193|496|184|15625|936|2454|394|3502|562|4327|720|2151|396|627|278|1161|453|410|194|544|193|449|169|13791|913|2242|396|3288|529|3798|668|2004|398|403|154|705|219|410|194|518|187|423|168|1834|529|212|109|214|163|529|187|147|110|224|260|456|458|0|30|26|32|26|31|1375|502|152|99|173|152|441|163|91|82|63|69|403|436|0|30|26|32|26|31|459|305|60|48|41|59|88|88|56|72|161|262|53|67|0|30|0|30|0|30|154|138|3|6|0|30|96|126|0|30|0|30|34|54|0|30|0|30|21|33|154|138|3|6|0|30|96|126|0|30|0|30|34|54|0|30|0|30|21|33|0|30|0|30|0|30|0|30|0|30|0|30|0|30|0|30|0|30|0|30|0|30|0|30|0|30|0|30|0|30|0|30|0|30|0|30|0|30|0|30|124|111|89|102|14|24|21|33|0|30|0|30|0|30|0|30|0|30|0|30|177|95|9|14|61|60|45|55|0|30|0|30|36|44|0|30|0|30|26|31
1600000US4525945|155|117|0|14|59|86|26|26|27|38|23|36|20|30|0|14|0|14|0|14|155|117|0|14|59|86|26|26|27|38|23|36|20|30|0|14|0|14|0|14|155|117|0|14|59|86|26|26|27|38|23|36|20|30|0|14|0|14|0|14|0|14|0|14|0|14|0|14|0|14|0|14|0|14|0|14|0|14|0|14|0|14|0|14|0|14|0|14|0|14|0|14|0|14|0|14|0|14|0|14|0|14|0|14|0|14|0|14|0|14|0|14|0|14|0|14|0|14|0|14|0|14|0|14|0|14|0|14|0|14|0|14|0|14|0|14|0|14|0|14|0|14|0|14|0|14|0|14|0|14|0|14|0|14|0|14|0|14|0|14|0|14|0|14|0|14|0|14|0|14|0|14|0|14|0|14|0|14|0|14|0|14|0|14|0|14|0|14|0|14|0|14|0|14|0|14|0|14|0|14|0|14|0|14|0|14|0|14|0|14|0|14|0|14|0|14|0|14|0|14|0|14|0|14|0|14|0|14|0|14|0|14|0|14|0|14|0|14|0|14
1600000US4526035|445|169|25|24|55|43|83|71|76|70|44|49|94|78|0|14|50|37|18|27|354|155|10|14|41|38|83|71|76|70|44|49|74|70|0|14|26|29|0|14|341|153|10|14|41|38|83|71|63|62|44|49|74|70|0|14|26|29|0|14|13|17|0|14|0|14|0|14|13|17|0|14|0|14|0|14|0|14|0|14|13|17|0|14|0|14|0|14|13|17|0|14|0|14|0|14|0|14|0|14|0|14|0|14|0|14|0|14|0|14|0|14|0|14|0|14|0|14|0|14|0|14|0|14|0|14|0|14|0|14|0|14|0|14|0|14|0|14|0|14|0|14|0|14|0|14|0|14|0|14|0|14|0|14|0|14|0|14|0|14|0|14|0|14|0|14|0|14|0|14|0|14|0|14|0|14|0|14|0|14|0|14|0|14|0|14|0|14|0|14|0|14|0|14|0|14|0|14|0|14|0|14|0|14|0|14|0|14|0|14|0|14|0|14|0|14|0|14|0|14|91|55|15|21|14|20|0|14|0|14|0|14|20|32|0|14|24|25|18|27
1600000US4526305|4614|341|821|228|804|214|1208|269|854|203|171|69|346|147|93|73|169|97|148|81|4410|336|750|210|790|217|1167|275|832|206|171|69|306|133|93|73|153|94|148|81|4088|359|683|194|734|210|1100|271|755|200|163|68|274|132|85|73|146|94|148|81|322|173|67|94|56|64|67|58|77|59|8|13|32|37|8|13|7|14|0|22|225|149|58|94|48|62|67|58|28|30|0|22|9|15|8|13|7|14|0|22|97|65|9|13|8|13|0|22|49|45|8|13|23|33|0|22|0|22|0|22|30|35|0|22|0|22|0|22|0|22|0|22|14|23|0|22|16|27|0|22|30|35|0|22|0|22|0|22|0|22|0|22|14|23|0|22|16|27|0|22|0|22|0|22|0|22|0|22|0|22|0|22|0|22|0|22|0|22|0|22|0|22|0|22|0|22|0|22|0|22|0|22|0|22|0|22|0|22|0|22|62|51|34|53|4|7|12|19|12|23|0|22|0|22|0|22|0|22|0|22|112|76|37|36|10|16|29|39|10|14|0|22|26|33|0|22|0|22|0|22
1600000US4526372|3183|772|255|153|524|329|1075|491|487|221|180|119|126|126|68|79|155|108|313|196|3131|774|255|153|492|329|1055|489|487|221|180|119|126|126|68|79|155|108|313|196|2983|771|255|153|491|329|983|471|441|222|180|119|126|126|68|79|155|108|284|194|148|99|0|20|1|2|72|80|46|54|0|20|0|20|0|20|0|20|29|46|93|71|0|20|1|2|34|44|29|45|0|20|0|20|0|20|0|20|29|46|55|55|0|20|0|20|38|50|17|31|0|20|0|20|0|20|0|20|0|20|0|20|0|20|0|20|0|20|0|20|0|20|0|20|0|20|0|20|0|20|0|20|0|20|0|20|0|20|0|20|0|20|0|20|0|20|0|20|0|20|0|20|0|20|0|20|0|20|0|20|0|20|0|20|0|20|0|20|0|20|0|20|0|20|0|20|0|20|0|20|0|20|0|20|0|20|0|20|0|20|0|20|0|20|0|20|0|20|0|20|0|20|0|20|0|20|0|20|0|20|52|49|0|20|32|36|20|35|0|20|0|20|0|20|0|20|0|20|0|20
1600000US4526485|3|9|0|14|0|14|3|9|0|14|0|14|0|14|0|14|0|14|0|14|3|9|0|14|0|14|3|9|0|14|0|14|0|14|0|14|0|14|0|14|3|9|0|14|0|14|3|9|0|14|0|14|0|14|0|14|0|14|0|14|0|14|0|14|0|14|0|14|0|14|0|14|0|14|0|14|0|14|0|14|0|14|0|14|0|14|0|14|0|14|0|14|0|14|0|14|0|14|0|14|0|14|0|14|0|14|0|14|0|14|0|14|0|14|0|14|0|14|0|14|0|14|0|14|0|14|0|14|0|14|0|14|0|14|0|14|0|14|0|14|0|14|0|14|0|14|0|14|0|14|0|14|0|14|0|14|0|14|0|14|0|14|0|14|0|14|0|14|0|14|0|14|0|14|0|14|0|14|0|14|0|14|0|14|0|14|0|14|0|14|0|14|0|14|0|14|0|14|0|14|0|14|0|14|0|14|0|14|0|14|0|14|0|14|0|14|0|14|0|14|0|14|0|14|0|14|0|14|0|14|0|14|0|14|0|14|0|14|0|14
1600000US4526845|503|182|13|17|7|14|100|66|78|54|9|14|157|97|52|43|43|24|44|32|488|178|13|17|6|14|100|66|78|54|9|14|157|97|49|42|43|24|33|29|479|175|13|17|6|14|98|66|78|54|5|8|154|97|49|42|43|24|33|29|9|16|0|14|0|14|2|5|0|14|4|11|3|5|0|14|0|14|0|14|3|5|0|14|0|14|0|14|0|14|0|14|3|5|0|14|0|14|0|14|6|15|0|14|0|14|2|5|0|14|4|11|0|14|0|14|0|14|0|14|0|14|0|14|0|14|0|14|0|14|0|14|0|14|0|14|0|14|0|14|0|14|0|14|0|14|0|14|0|14|0|14|0|14|0|14|0|14|0|14|0|14|0|14|0|14|0|14|0|14|0|14|0|14|0|14|0|14|0|14|0|14|0|14|0|14|0|14|0|14|0|14|0|14|0|14|0|14|0|14|1|3|0|14|1|3|0|14|0|14|0|14|0|14|0|14|0|14|0|14|14|19|0|14|0|14|0|14|0|14|0|14|0|14|3|5|0|14|11|19
1600000US4526890|10937|872|963|263|1269|288|1692|348|1951|406|785|285|1532|340|1004|328|1076|348|665|225|10554|817|821|228|1168|264|1692|348|1951|406|785|285|1532|340|975|327|981|316|649|230|9957|827|796|228|1004|253|1672|348|1869|384|769|286|1451|330|953|329|889|305|554|216|597|208|25|41|164|118|20|33|82|68|16|27|81|91|22|26|92|73|95|91|481|204|25|41|164|118|0|30|38|43|0|30|81|91|22|26|76|69|75|89|116|75|0|30|0|30|20|33|44|54|16|27|0|30|0|30|16|26|20|31|45|52|0|30|0|30|0|30|0|30|0|30|0|30|29|45|0|30|16|24|29|45|0|30|0|30|0|30|0|30|0|30|0|30|29|45|0|30|0|30|16|24|0|30|0|30|0|30|0|30|0|30|0|30|0|30|0|30|16|24|0|30|0|30|0|30|0|30|0|30|0|30|0|30|0|30|0|30|0|30|126|92|116|90|10|16|0|30|0|30|0|30|0|30|0|30|0|30|0|30|212|175|26|30|91|115|0|30|0|30|0|30|0|30|0|30|95|122|0|30
1600000US4527070|5121|478|543|211|1080|298|589|209|843|311|648|216|945|368|299|140|87|76|87|82|4796|473|482|194|935|287|568|207|843|311|648|216|945|368|201|101|87|76|87|82|4563|476|441|167|889|288|526|201|824|310|624|205|900|361|185|101|87|76|87|82|233|133|41|55|46|61|42|41|19|32|24|37|45|43|16|26|0|22|0|22|190|121|41|55|46|61|42|41|0|22|0|22|45|43|16|26|0|22|0|22|43|52|0|22|0|22|0|22|19|32|24|37|0|22|0|22|0|22|0|22|0|22|0|22|0|22|0|22|0|22|0|22|0|22|0|22|0|22|0|22|0|22|0|22|0|22|0|22|0|22|0|22|0|22|0|22|0|22|0|22|0|22|0|22|0|22|0|22|0|22|0|22|0|22|0|22|0|22|0|22|0|22|0|22|0|22|0|22|0|22|0|22|0|22|0|22|0|22|0|22|4|19|4|19|0|22|0|22|0|22|0|22|0|22|0|22|0|22|0|22|321|170|57|58|145|118|21|31|0|22|0|22|0|22|98|108|0|22|0|22
1600000US4527565|259|102|40|24|83|84|7|10|6|8|7|10|31|22|18|14|32|20|35|32|227|99|19|15|72|83|7|10|6|8|7|10|31|22|18|14|32|20|35|32|227|99|19|15|72|83|7|10|6|8|7|10|31|22|18|14|32|20|35|32|0|14|0|14|0|14|0|14|0|14|0|14|0|14|0|14|0|14|0|14|0|14|0|14|0|14|0|14|0|14|0|14|0|14|0|14|0|14|0|14|0|14|0|14|0|14|0|14|0|14|0|14|0|14|0|14|0|14|0|14|0|14|0|14|0|14|0|14|0|14|0|14|0|14|0|14|0|14|0|14|0|14|0|14|0|14|0|14|0|14|0|14|0|14|0|14|0|14|0|14|0|14|0|14|0|14|0|14|0|14|0|14|0|14|0|14|0|14|0|14|0|14|0|14|0|14|0|14|0|14|0|14|0|14|0|14|0|14|0|14|11|12|5|8|6|8|0|14|0|14|0|14|0|14|0|14|0|14|0|14|21|21|16|19|5|8|0|14|0|14|0|14|0|14|0|14|0|14|0|14
1600000US4527835|266|161|30|52|11|15|4|7|77|102|15|24|18|15|25|35|49|60|37|47|264|161|30|52|11|15|4|7|77|102|15|24|18|15|25|35|49|60|35|46|246|155|30|52|2|5|4|7|77|102|15|24|18|15|25|35|40|58|35|46|18|21|0|14|9|14|0|14|0|14|0|14|0|14|0|14|9|14|0|14|9|14|0|14|9|14|0|14|0|14|0|14|0|14|0|14|0|14|0|14|9|14|0|14|0|14|0|14|0|14|0|14|0|14|0|14|9|14|0|14|2|4|0|14|0|14|0|14|0|14|0|14|0|14|0|14|0|14|2|4|2|4|0|14|0|14|0|14|0|14|0|14|0|14|0|14|0|14|2|4|0|14|0|14|0|14|0|14|0|14|0|14|0|14|0|14|0|14|0|14|0|14|0|14|0|14|0|14|0|14|0|14|0|14|0|14|0|14|0|14|0|14|0|14|0|14|0|14|0|14|0|14|0|14|0|14|0|14|0|14|0|14|0|14|0|14|0|14|0|14|0|14|0|14|0|14|0|14|0|14
1600000US4527970|374|229|35|53|0|14|86|58|46|53|6|11|74|59|79|71|48|60|0|14|374|229|35|53|0|14|86|58|46|53|6|11|74|59|79|71|48|60|0|14|316|184|35|53|0|14|86|58|0|14|6|11|62|57|79|71|48|60|0|14|58|56|0|14|0|14|0|14|46|53|0|14|12|22|0|14|0|14|0|14|20|34|0|14|0|14|0|14|20|34|0|14|0|14|0|14|0|14|0|14|38|46|0|14|0|14|0|14|26|44|0|14|12|22|0|14|0|14|0|14|0|14|0|14|0|14|0|14|0|14|0|14|0|14|0|14|0|14|0|14|0|14|0|14|0|14|0|14|0|14|0|14|0|14|0|14|0|14|0|14|0|14|0|14|0|14|0|14|0|14|0|14|0|14|0|14|0|14|0|14|0|14|0|14|0|14|0|14|0|14|0|14|0|14|0|14|0|14|0|14|0|14|0|14|0|14|0|14|0|14|0|14|0|14|0|14|0|14|0|14|0|14|0|14|0|14|0|14|0|14|0|14|0|14|0|14|0|14|0|14
1600000US4528060|4401|405|1690|359|567|172|356|125|407|182|253|115|436|166|287|121|235|131|170|103|4102|392|1516|354|549|171|313|120|374|176|253|115|425|165|287|121|215|130|170|103|3675|365|1387|344|532|163|257|112|330|166|190|112|388|164|287|121|147|97|157|102|427|173|129|82|17|23|56|54|44|50|63|62|37|40|0|22|68|88|13|23|353|140|129|82|5|15|56|54|44|50|63|62|37|40|0|22|6|9|13|23|74|88|0|22|12|16|0|22|0|22|0|22|0|22|0|22|62|87|0|22|9|17|0|22|0|22|0|22|0|22|0|22|0|22|0|22|9|17|0|22|0|22|0|22|0|22|0|22|0|22|0|22|0|22|0|22|0|22|0|22|0|22|0|22|0|22|0|22|0|22|0|22|0|22|0|22|0|22|0|22|9|17|0|22|0|22|0|22|0|22|0|22|0|22|0|22|9|17|0|22|154|91|101|74|18|24|2|4|33|51|0|22|0|22|0|22|0|22|0|22|136|82|73|74|0|22|41|43|0|22|0|22|11|19|0|22|11|17|0|22
1600000US4528375|6205|809|574|272|962|245|1127|351|1337|308|387|185|823|306|407|155|365|326|223|129|5977|786|495|256|962|245|1098|348|1337|308|373|183|785|305|407|155|351|325|169|121|5019|768|391|235|798|226|1017|348|1269|302|373|183|704|296|296|119|130|92|41|35|958|361|104|104|164|107|81|65|68|65|0|22|81|77|111|98|221|309|128|114|820|343|104|104|134|101|56|55|68|65|0|22|81|77|65|69|220|310|92|102|138|111|0|22|30|42|25|37|0|22|0|22|0|22|46|72|1|5|36|58|14|22|0|22|0|22|0|22|0|22|0|22|0|22|0|22|14|22|0|22|14|22|0|22|0|22|0|22|0|22|0|22|0|22|0|22|14|22|0|22|0|22|0|22|0|22|0|22|0|22|0|22|0|22|0|22|0|22|0|22|0|22|0|22|0|22|0|22|0|22|0|22|0|22|0|22|0|22|0|22|0|22|0|22|0|22|0|22|0|22|0|22|0|22|0|22|0|22|0|22|214|113|79|84|0|22|29|32|0|22|14|21|38|35|0|22|0|22|54|73
1600000US4528455|3780|641|575|184|688|334|792|314|477|140|194|102|414|219|258|138|195|135|187|104|3720|632|527|182|688|334|792|314|477|140|194|102|402|214|258|138|195|135|187|104|3512|632|446|165|669|331|754|305|456|139|159|92|402|214|258|138|195|135|173|98|208|101|81|75|19|24|38|42|21|25|35|43|0|22|0|22|0|22|14|23|139|83|74|73|7|12|17|27|21|25|6|11|0|22|0|22|0|22|14|23|69|60|7|12|12|20|21|32|0|22|29|42|0|22|0|22|0|22|0|22|0|22|0|22|0|22|0|22|0|22|0|22|0|22|0|22|0|22|0|22|0|22|0|22|0|22|0|22|0|22|0|22|0|22|0|22|0|22|0|22|0|22|0|22|0|22|0|22|0|22|0|22|0|22|0|22|0|22|0|22|0|22|0|22|0|22|0|22|0|22|0|22|0|22|0|22|0|22|0|22|9|14|9|14|0|22|0|22|0|22|0|22|0|22|0|22|0|22|0|22|51|44|39|39|0|22|0|22|0|22|0|22|12|19|0|22|0|22|0|22
1600000US4528780|826|253|66|55|106|64|59|74|84|50|44|31|227|107|103|56|108|66|29|27|796|244|66|55|106|64|59|74|65|45|44|31|216|96|103|56|108|66|29|27|706|225|41|37|86|59|59|74|65|45|23|18|212|95|96|55|106|66|18|19|90|56|25|42|20|23|0|14|0|14|21|25|4|7|7|11|2|5|11|18|79|51|25|42|20|23|0|14|0|14|17|22|4|7|0|14|2|5|11|18|11|14|0|14|0|14|0|14|0|14|4|8|0|14|7|11|0|14|0|14|0|14|0|14|0|14|0|14|0|14|0|14|0|14|0|14|0|14|0|14|0|14|0|14|0|14|0|14|0|14|0|14|0|14|0|14|0|14|0|14|0|14|0|14|0|14|0|14|0|14|0|14|0|14|0|14|0|14|0|14|0|14|0|14|0|14|0|14|0|14|0|14|0|14|0|14|0|14|0|14|0|14|0|14|0|14|0|14|0|14|0|14|0|14|0|14|0|14|0|14|30|27|0|14|0|14|0|14|19|20|0|14|11|17|0|14|0|14|0|14
1600000US4528825|543|220|58|64|1|2|104|79|51|73|0|14|61|73|34|40|161|118|73|65|543|220|58|64|1|2|104|79|51|73|0|14|61|73|34|40|161|118|73|65|395|196|22|35|0|14|10|19|51|73|0|14|61|73|34|40|161|118|56|60|148|115|36|52|1|2|94|85|0|14|0|14|0|14|0|14|0|14|17|26|147|116|36|52|0|14|94|85|0|14|0|14|0|14|0|14|0|14|17|26|1|2|0|14|1|2|0|14|0|14|0|14|0|14|0|14|0|14|0|14|0|14|0|14|0|14|0|14|0|14|0|14|0|14|0|14|0|14|0|14|0|14|0|14|0|14|0|14|0|14|0|14|0|14|0|14|0|14|0|14|0|14|0|14|0|14|0|14|0|14|0|14|0|14|0|14|0|14|0|14|0|14|0|14|0|14|0|14|0|14|0|14|0|14|0|14|0|14|0|14|0|14|0|14|0|14|0|14|0|14|0|14|0|14|0|14|0|14|0|14|0|14|0|14|0|14|0|14|0|14|0|14|0|14|0|14|0|14|0|14
1600000US4528870|3551|407|1057|238|590|268|403|196|354|188|133|103|230|136|207|129|227|178|350|160|3316|427|1057|238|588|268|400|196|291|176|86|98|155|94|207|129|222|177|310|163|2759|420|950|223|472|238|367|194|203|109|76|91|133|91|80|68|181|156|297|158|557|250|107|84|116|157|33|46|88|100|10|25|22|33|127|109|41|70|13|30|448|248|65|67|116|157|32|46|35|55|10|25|22|33|127|109|41|70|0|20|109|76|42|48|0|20|1|4|53|54|0|20|0|20|0|20|0|20|13|30|1|3|0|20|0|20|1|3|0|20|0|20|0|20|0|20|0|20|0|20|1|3|0|20|0|20|1|3|0|20|0|20|0|20|0|20|0|20|0|20|0|20|0|20|0|20|0|20|0|20|0|20|0|20|0|20|0|20|0|20|0|20|0|20|0|20|0|20|0|20|0|20|0|20|0|20|0|20|0|20|51|39|0|20|2|3|2|5|0|20|47|39|0|20|0|20|0|20|0|20|183|146|0|20|0|20|0|20|63|81|0|20|75|101|0|20|5|12|40|50
1600000US4529005|128|111|0|14|23|25|54|71|4|7|0|14|0|14|0|14|14|25|33|51|124|110|0|14|23|25|54|71|4|7|0|14|0|14|0|14|14|25|29|50|116|111|0|14|15|21|54|71|4|7|0|14|0|14|0|14|14|25|29|50|8|14|0|14|8|14|0|14|0|14|0|14|0|14|0|14|0|14|0|14|8|14|0|14|8|14|0|14|0|14|0|14|0|14|0|14|0|14|0|14|0|14|0|14|0|14|0|14|0|14|0|14|0|14|0|14|0|14|0|14|4|9|0|14|0|14|0|14|0|14|0|14|0|14|0|14|0|14|4|9|4|9|0|14|0|14|0|14|0|14|0|14|0|14|0|14|0|14|4|9|0|14|0|14|0|14|0|14|0|14|0|14|0|14|0|14|0|14|0|14|0|14|0|14|0|14|0|14|0|14|0|14|0|14|0|14|0|14|0|14|0|14|0|14|0|14|0|14|0|14|0|14|0|14|0|14|0|14|0|14|0|14|0|14|0|14|0|14|0|14|0|14|0|14|0|14|0|14|0|14
1600000US4529050|312|87|13|12|13|11|18|15|70|38|29|20|32|24|49|21|62|37|26|16|308|86|13|12|13|11|18|15|70|38|29|20|32|24|49|21|62|37|22|16|264|77|12|12|13|11|18|15|44|25|24|19|32|24|45|20|57|36|19|15|44|30|1|2|0|14|0|14|26|26|5|6|0|14|4|5|5|7|3|5|29|21|1|2|0|14|0|14|11|14|5|6|0|14|4|5|5|7|3|5|15|22|0|14|0|14|0|14|15|22|0|14|0|14|0|14|0|14|0|14|0|14|0|14|0|14|0|14|0|14|0|14|0|14|0|14|0|14|0|14|0|14|0|14|0|14|0|14|0|14|0|14|0|14|0|14|0|14|0|14|0|14|0|14|0|14|0|14|0|14|0|14|0|14|0|14|0|14|0|14|0|14|0|14|0|14|0|14|0|14|0|14|0|14|0|14|0|14|0|14|0|14|0|14|0|14|0|14|0|14|0|14|0|14|0|14|0|14|0|14|4|6|0|14|0|14|0|14|0|14|0|14|0|14|0|14|0|14|4|6
1600000US4529140|146|163|0|14|0|14|16|33|0|14|0|14|23|75|107|136|0|14|0|14|146|163|0|14|0|14|16|33|0|14|0|14|23|75|107|136|0|14|0|14|107|136|0|14|0|14|0|14|0|14|0|14|0|14|107|136|0|14|0|14|39|88|0|14|0|14|16|33|0|14|0|14|23|75|0|14|0|14|0|14|39|88|0|14|0|14|16|33|0|14|0|14|23|75|0|14|0|14|0|14|0|14|0|14|0|14|0|14|0|14|0|14|0|14|0|14|0|14|0|14|0|14|0|14|0|14|0|14|0|14|0|14|0|14|0|14|0|14|0|14|0|14|0|14|0|14|0|14|0|14|0|14|0|14|0|14|0|14|0|14|0|14|0|14|0|14|0|14|0|14|0|14|0|14|0|14|0|14|0|14|0|14|0|14|0|14|0|14|0|14|0|14|0|14|0|14|0|14|0|14|0|14|0|14|0|14|0|14|0|14|0|14|0|14|0|14|0|14|0|14|0|14|0|14|0|14|0|14|0|14|0|14|0|14|0|14|0|14|0|14
1600000US4529275|89|69|0|14|12|18|13|17|34|31|0|14|0|14|0|14|0|14|30|47|89|69|0|14|12|18|13|17|34|31|0|14|0|14|0|14|0|14|30|47|59|55|0|14|12|18|13|17|34|31|0|14|0|14|0|14|0|14|0|14|30|47|0|14|0|14|0|14|0|14|0|14|0|14|0|14|0|14|30|47|0|14|0|14|0|14|0|14|0|14|0|14|0|14|0|14|0|14|0|14|30|47|0|14|0|14|0|14|0|14|0|14|0|14|0|14|0|14|30|47|0|14|0|14|0|14|0|14|0|14|0|14|0|14|0|14|0|14|0|14|0|14|0|14|0|14|0|14|0|14|0|14|0|14|0|14|0|14|0|14|0|14|0|14|0|14|0|14|0|14|0|14|0|14|0|14|0|14|0|14|0|14|0|14|0|14|0|14|0|14|0|14|0|14|0|14|0|14|0|14|0|14|0|14|0|14|0|14|0|14|0|14|0|14|0|14|0|14|0|14|0|14|0|14|0|14|0|14|0|14|0|14|0|14|0|14|0|14|0|14
1600000US4529320|68|58|0|14|0|14|0|14|15|23|0|14|0|14|0|14|53|52|0|14|68|58|0|14|0|14|0|14|15|23|0|14|0|14|0|14|53|52|0|14|54|52|0|14|0|14|0|14|15|23|0|14|0|14|0|14|39|57|0|14|14|23|0|14|0|14|0|14|0|14|0|14|0|14|0|14|14|23|0|14|14|23|0|14|0|14|0|14|0|14|0|14|0|14|0|14|14|23|0|14|0|14|0|14|0|14|0|14|0|14|0|14|0|14|0|14|0|14|0|14|0|14|0|14|0|14|0|14|0|14|0|14|0|14|0|14|0|14|0|14|0|14|0|14|0|14|0|14|0|14|0|14|0|14|0|14|0|14|0|14|0|14|0|14|0|14|0|14|0|14|0|14|0|14|0|14|0|14|0|14|0|14|0|14|0|14|0|14|0|14|0|14|0|14|0|14|0|14|0|14|0|14|0|14|0|14|0|14|0|14|0|14|0|14|0|14|0|14|0|14|0|14|0|14|0|14|0|14|0|14|0|14|0|14|0|14|0|14|0|14
1600000US4529410|967|381|151|169|116|107|110|87|280|147|70|88|177|149|0|14|38|46|25|25|966|381|150|169|116|107|110|87|280|147|70|88|177|149|0|14|38|46|25|25|919|373|150|169|116|107|110|87|280|147|70|88|130|134|0|14|38|46|25|25|47|64|0|14|0|14|0|14|0|14|0|14|47|64|0|14|0|14|0|14|47|64|0|14|0|14|0|14|0|14|0|14|47|64|0|14|0|14|0|14|0|14|0|14|0|14|0|14|0|14|0|14|0|14|0|14|0|14|0|14|1|2|1|2|0|14|0|14|0|14|0|14|0|14|0|14|0|14|0|14|1|2|1|2|0|14|0|14|0|14|0|14|0|14|0|14|0|14|0|14|0|14|0|14|0|14|0|14|0|14|0|14|0|14|0|14|0|14|0|14|0|14|0|14|0|14|0|14|0|14|0|14|0|14|0|14|0|14|0|14|0|14|0|14|0|14|0|14|0|14|0|14|0|14|0|14|0|14|0|14|0|14|0|14|0|14|0|14|0|14|0|14|0|14|0|14|0|14|0|14
1600000US4529635|1445|478|16|27|284|334|240|148|210|114|221|151|300|243|90|123|28|46|56|52|1445|478|16|27|284|334|240|148|210|114|221|151|300|243|90|123|28|46|56|52|1292|496|16|27|284|334|240|148|210|114|162|145|206|275|90|123|28|46|56|52|153|184|0|14|0|14|0|14|0|14|59|94|94|118|0|14|0|14|0|14|0|14|0|14|0|14|0|14|0|14|0|14|0|14|0|14|0|14|0|14|153|184|0|14|0|14|0|14|0|14|59|94|94|118|0|14|0|14|0|14|0|14|0|14|0|14|0|14|0|14|0|14|0|14|0|14|0|14|0|14|0|14|0|14|0|14|0|14|0|14|0|14|0|14|0|14|0|14|0|14|0|14|0|14|0|14|0|14|0|14|0|14|0|14|0|14|0|14|0|14|0|14|0|14|0|14|0|14|0|14|0|14|0|14|0|14|0|14|0|14|0|14|0|14|0|14|0|14|0|14|0|14|0|14|0|14|0|14|0|14|0|14|0|14|0|14|0|14|0|14|0|14|0|14|0|14|0|14|0|14
1600000US4529815|24587|1333|2580|694|2852|551|3115|584|3842|672|2119|450|4259|535|1905|409|2273|427|1642|501|22930|1119|1515|396|2444|531|3068|585|3789|672|2103|450|4235|535|1902|408|2238|421|1636|501|19949|1190|1251|379|2334|535|2380|393|3206|634|1743|387|3924|551|1731|386|1879|368|1501|502|2981|791|264|158|110|76|688|417|583|277|360|168|311|183|171|211|359|248|135|95|1700|515|230|157|49|47|153|79|448|247|165|105|132|97|169|211|330|249|24|36|1281|616|34|32|61|59|535|407|135|124|195|138|179|162|2|3|29|25|111|90|13|25|0|30|0|30|0|30|0|30|0|30|13|25|0|30|0|30|0|30|13|25|0|30|0|30|0|30|0|30|0|30|13|25|0|30|0|30|0|30|0|30|0|30|0|30|0|30|0|30|0|30|0|30|0|30|0|30|0|30|0|30|0|30|0|30|0|30|0|30|0|30|0|30|0|30|0|30|0|30|1431|722|1027|595|332|208|44|49|20|22|0|30|0|30|3|6|5|8|0|30|213|93|38|38|76|55|3|4|33|32|16|20|11|15|0|30|30|45|6|9
1600000US4529950|11|11|4|6|0|14|1|2|6|9|0|14|0|14|0|14|0|14|0|14|10|11|3|5|0|14|1|2|6|9|0|14|0|14|0|14|0|14|0|14|10|11|3|5|0|14|1|2|6|9|0|14|0|14|0|14|0|14|0|14|0|14|0|14|0|14|0|14|0|14|0|14|0|14|0|14|0|14|0|14|0|14|0|14|0|14|0|14|0|14|0|14|0|14|0|14|0|14|0|14|0|14|0|14|0|14|0|14|0|14|0|14|0|14|0|14|0|14|0|14|0|14|0|14|0|14|0|14|0|14|0|14|0|14|0|14|0|14|0|14|0|14|0|14|0|14|0|14|0|14|0|14|0|14|0|14|0|14|0|14|0|14|0|14|0|14|0|14|0|14|0|14|0|14|0|14|0|14|0|14|0|14|0|14|0|14|0|14|0|14|0|14|0|14|0|14|0|14|0|14|0|14|0|14|0|14|0|14|0|14|0|14|0|14|0|14|0|14|0|14|1|3|1|3|0|14|0|14|0|14|0|14|0|14|0|14|0|14|0|14
1600000US4530220|79|121|0|14|0|14|39|60|0|14|0|14|0|14|40|62|0|14|0|14|79|121|0|14|0|14|39|60|0|14|0|14|0|14|40|62|0|14|0|14|79|121|0|14|0|14|39|60|0|14|0|14|0|14|40|62|0|14|0|14|0|14|0|14|0|14|0|14|0|14|0|14|0|14|0|14|0|14|0|14|0|14|0|14|0|14|0|14|0|14|0|14|0|14|0|14|0|14|0|14|0|14|0|14|0|14|0|14|0|14|0|14|0|14|0|14|0|14|0|14|0|14|0|14|0|14|0|14|0|14|0|14|0|14|0|14|0|14|0|14|0|14|0|14|0|14|0|14|0|14|0|14|0|14|0|14|0|14|0|14|0|14|0|14|0|14|0|14|0|14|0|14|0|14|0|14|0|14|0|14|0|14|0|14|0|14|0|14|0|14|0|14|0|14|0|14|0|14|0|14|0|14|0|14|0|14|0|14|0|14|0|14|0|14|0|14|0|14|0|14|0|14|0|14|0|14|0|14|0|14|0|14|0|14|0|14|0|14|0|14
1600000US4530265|599|161|134|50|67|53|111|94|130|50|74|81|2|7|43|50|30|24|8|13|545|141|129|50|67|53|62|55|130|50|74|81|2|7|43|50|30|24|8|13|492|129|129|50|67|53|62|55|85|50|74|81|2|7|43|50|22|21|8|13|53|48|0|14|0|14|0|14|45|46|0|14|0|14|0|14|8|13|0|14|34|43|0|14|0|14|0|14|34|43|0|14|0|14|0|14|0|14|0|14|19|22|0|14|0|14|0|14|11|16|0|14|0|14|0|14|8|13|0|14|2|6|2|6|0|14|0|14|0|14|0|14|0|14|0|14|0|14|0|14|2|6|2|6|0|14|0|14|0|14|0|14|0|14|0|14|0|14|0|14|0|14|0|14|0|14|0|14|0|14|0|14|0|14|0|14|0|14|0|14|0|14|0|14|0|14|0|14|0|14|0|14|0|14|0|14|0|14|0|14|0|14|0|14|0|14|0|14|0|14|0|14|0|14|0|14|0|14|0|14|52|86|3|6|0|14|49|86|0|14|0|14|0|14|0|14|0|14|0|14
1600000US4530355|291|99|43|28|19|21|57|48|40|25|7|11|70|37|24|22|22|15|9|10|284|97|43|28|19|21|57|48|40|25|0|14|70|37|24|22|22|15|9|10|256|94|37|25|14|16|54|48|40|25|0|14|56|35|24|22|22|15|9|10|28|18|6|8|5|9|3|6|0|14|0|14|14|13|0|14|0|14|0|14|16|14|4|7|5|9|3|6|0|14|0|14|4|5|0|14|0|14|0|14|12|13|2|4|0|14|0|14|0|14|0|14|10|12|0|14|0|14|0|14|0|14|0|14|0|14|0|14|0|14|0|14|0|14|0|14|0|14|0|14|0|14|0|14|0|14|0|14|0|14|0|14|0|14|0|14|0|14|0|14|0|14|0|14|0|14|0|14|0|14|0|14|0|14|0|14|0|14|0|14|0|14|0|14|0|14|0|14|0|14|0|14|0|14|0|14|0|14|0|14|0|14|0|14|0|14|0|14|0|14|0|14|0|14|0|14|0|14|0|14|7|11|0|14|0|14|0|14|0|14|7|11|0|14|0|14|0|14|0|14
1600000US4530490|546|142|69|51|0|14|89|59|68|44|65|41|59|32|60|63|58|27|78|46|546|142|69|51|0|14|89|59|68|44|65|41|59|32|60|63|58|27|78|46|516|143|64|51|0|14|89|59|65|43|48|37|54|32|60|63|58|27|78|46|30|27|5|7|0|14|0|14|3|6|17|24|5|8|0|14|0|14|0|14|5|7|5|7|0|14|0|14|0|14|0|14|0|14|0|14|0|14|0|14|25|26|0|14|0|14|0|14|3|6|17|24|5|8|0|14|0|14|0|14|0|14|0|14|0|14|0|14|0|14|0|14|0|14|0|14|0|14|0|14|0|14|0|14|0|14|0|14|0|14|0|14|0|14|0|14|0|14|0|14|0|14|0|14|0|14|0|14|0|14|0|14|0|14|0|14|0|14|0|14|0|14|0|14|0|14|0|14|0|14|0|14|0|14|0|14|0|14|0|14|0|14|0|14|0|14|0|14|0|14|0|14|0|14|0|14|0|14|0|14|0|14|0|14|0|14|0|14|0|14|0|14|0|14|0|14|0|14|0|14
1600000US4530535|118|76|2|4|19|17|21|28|13|10|7|15|29|29|1|3|2|4|24|30|113|70|2|4|14|14|21|28|13|10|7|15|29|29|1|3|2|4|24|30|83|52|2|4|8|10|21|28|8|9|2|4|15|19|1|3|2|4|24|30|30|36|0|14|6|9|0|14|5|7|5|13|14|24|0|14|0|14|0|14|18|18|0|14|6|9|0|14|5|7|0|14|7|14|0|14|0|14|0|14|12|29|0|14|0|14|0|14|0|14|5|13|7|17|0|14|0|14|0|14|0|14|0|14|0|14|0|14|0|14|0|14|0|14|0|14|0|14|0|14|0|14|0|14|0|14|0|14|0|14|0|14|0|14|0|14|0|14|0|14|0|14|0|14|0|14|0|14|0|14|0|14|0|14|0|14|0|14|0|14|0|14|0|14|0|14|0|14|0|14|0|14|0|14|0|14|0|14|0|14|0|14|0|14|0|14|0|14|0|14|0|14|0|14|0|14|0|14|0|14|5|10|0|14|5|10|0|14|0|14|0|14|0|14|0|14|0|14|0|14
1600000US4530760|0|14|0|14|0|14|0|14|0|14|0|14|0|14|0|14|0|14|0|14|0|14|0|14|0|14|0|14|0|14|0|14|0|14|0|14|0|14|0|14|0|14|0|14|0|14|0|14|0|14|0|14|0|14|0|14|0|14|0|14|0|14|0|14|0|14|0|14|0|14|0|14|0|14|0|14|0|14|0|14|0|14|0|14|0|14|0|14|0|14|0|14|0|14|0|14|0|14|0|14|0|14|0|14|0|14|0|14|0|14|0|14|0|14|0|14|0|14|0|14|0|14|0|14|0|14|0|14|0|14|0|14|0|14|0|14|0|14|0|14|0|14|0|14|0|14|0|14|0|14|0|14|0|14|0|14|0|14|0|14|0|14|0|14|0|14|0|14|0|14|0|14|0|14|0|14|0|14|0|14|0|14|0|14|0|14|0|14|0|14|0|14|0|14|0|14|0|14|0|14|0|14|0|14|0|14|0|14|0|14|0|14|0|14|0|14|0|14|0|14|0|14|0|14|0|14|0|14|0|14|0|14|0|14|0|14|0|14|0|14
1600000US4530850|33246|1134|6284|716|6889|670|7252|699|5099|655|1845|338|2292|442|1237|308|1307|238|1041|291|30946|1132|5334|627|6554|655|7036|684|4755|595|1744|329|2046|377|1218|306|1268|231|991|290|28902|1083|4944|597|6092|630|6463|629|4533|581|1671|327|1860|363|1199|303|1162|224|978|288|2044|510|390|200|462|238|573|292|222|129|73|57|186|114|19|30|106|82|13|20|1827|511|352|199|406|228|542|294|191|127|73|57|167|112|19|30|77|55|0|33|217|85|38|34|56|55|31|28|31|32|0|33|19|23|0|33|29|42|13|20|230|167|23|47|14|36|43|38|84|128|0|33|37|59|0|33|5|12|24|24|202|165|23|47|14|36|28|31|84|128|0|33|37|59|0|33|0|33|16|18|0|33|0|33|0|33|0|33|0|33|0|33|0|33|0|33|0|33|0|33|28|32|0|33|0|33|15|25|0|33|0|33|0|33|0|33|5|12|8|17|1294|351|794|288|193|68|127|92|153|140|10|16|4|9|0|33|3|8|10|13|776|282|133|67|128|75|46|50|107|104|91|127|205|180|19|27|31|35|16|25
1600000US4530895|8402|510|2044|411|2604|372|1598|407|557|198|251|136|179|134|401|223|333|184|435|172|7895|504|1879|382|2456|359|1503|428|524|201|230|138|165|133|384|216|333|184|421|175|7061|547|1552|320|2235|355|1429|425|453|183|192|131|165|133|384|216|292|180|359|139|834|293|327|227|221|115|74|46|71|72|38|40|0|26|0|26|41|49|62|90|525|176|128|93|215|115|57|45|71|72|13|20|0|26|0|26|41|49|0|26|309|253|199|219|6|8|17|21|0|26|25|37|0|26|0|26|0|26|62|90|14|20|0|26|0|26|0|26|0|26|0|26|0|26|0|26|0|26|14|20|0|26|0|26|0|26|0|26|0|26|0|26|0|26|0|26|0|26|0|26|0|26|0|26|0|26|0|26|0|26|0|26|0|26|0|26|0|26|0|26|14|20|0|26|0|26|0|26|0|26|0|26|0|26|0|26|0|26|14|20|255|113|165|88|39|43|51|52|0|26|0|26|0|26|0|26|0|26|0|26|238|163|0|26|109|132|44|71|33|50|21|35|14|24|17|27|0|26|0|26
1600000US4530985|18146|1088|1358|342|2691|466|3020|702|3243|600|1909|423|2737|563|1396|390|1094|320|698|253|17496|1095|1288|331|2558|451|2888|702|3227|600|1909|423|2512|572|1396|390|1029|319|689|253|16051|1108|1110|320|2371|433|2703|686|2972|571|1800|405|2249|550|1396|390|887|303|563|248|1445|367|178|80|187|115|185|114|255|166|109|75|263|134|0|30|142|130|126|106|721|229|125|65|102|75|72|82|100|107|109|75|59|54|0|30|131|127|23|39|724|235|53|49|85|83|113|118|155|131|0|30|204|133|0|30|11|19|103|105|1|3|0|30|0|30|0|30|0|30|0|30|1|3|0|30|0|30|0|30|1|3|0|30|0|30|0|30|0|30|0|30|1|3|0|30|0|30|0|30|0|30|0|30|0|30|0|30|0|30|0|30|0|30|0|30|0|30|0|30|0|30|0|30|0|30|0|30|0|30|0|30|0|30|0|30|0|30|0|30|174|143|31|34|67|91|60|102|16|25|0|30|0|30|0|30|0|30|0|30|475|231|39|63|66|66|72|76|0|30|0|30|224|140|0|30|65|94|9|14
1600000US4531210|87|84|0|14|40|44|0|14|0|14|0|14|0|14|0|14|47|44|0|14|87|84|0|14|40|44|0|14|0|14|0|14|0|14|0|14|47|44|0|14|72|75|0|14|25|39|0|14|0|14|0|14|0|14|0|14|47|44|0|14|15|23|0|14|15|23|0|14|0|14|0|14|0|14|0|14|0|14|0|14|15|23|0|14|15|23|0|14|0|14|0|14|0|14|0|14|0|14|0|14|0|14|0|14|0|14|0|14|0|14|0|14|0|14|0|14|0|14|0|14|0|14|0|14|0|14|0|14|0|14|0|14|0|14|0|14|0|14|0|14|0|14|0|14|0|14|0|14|0|14|0|14|0|14|0|14|0|14|0|14|0|14|0|14|0|14|0|14|0|14|0|14|0|14|0|14|0|14|0|14|0|14|0|14|0|14|0|14|0|14|0|14|0|14|0|14|0|14|0|14|0|14|0|14|0|14|0|14|0|14|0|14|0|14|0|14|0|14|0|14|0|14|0|14|0|14|0|14|0|14|0|14|0|14|0|14|0|14|0|14
1600000US4531660|462|302|71|75|152|170|34|54|31|48|0|14|138|100|0|14|36|57|0|14|462|302|71|75|152|170|34|54|31|48|0|14|138|100|0|14|36|57|0|14|420|270|69|75|152|170|33|54|31|48|0|14|99|81|0|14|36|57|0|14|42|53|2|4|0|14|1|4|0|14|0|14|39|53|0|14|0|14|0|14|39|53|0|14|0|14|0|14|0|14|0|14|39|53|0|14|0|14|0|14|3|3|2|4|0|14|1|4|0|14|0|14|0|14|0|14|0|14|0|14|0|14|0|14|0|14|0|14|0|14|0|14|0|14|0|14|0|14|0|14|0|14|0|14|0|14|0|14|0|14|0|14|0|14|0|14|0|14|0|14|0|14|0|14|0|14|0|14|0|14|0|14|0|14|0|14|0|14|0|14|0|14|0|14|0|14|0|14|0|14|0|14|0|14|0|14|0|14|0|14|0|14|0|14|0|14|0|14|0|14|0|14|0|14|0|14|0|14|0|14|0|14|0|14|0|14|0|14|0|14|0|14|0|14|0|14|0|14|0|14
1600000US4531885|814|205|215|102|106|79|58|47|147|104|5|7|46|46|0|14|116|71|121|72|814|205|215|102|106|79|58|47|147|104|5|7|46|46|0|14|116|71|121|72|701|184|208|104|83|73|44|40|83|70|0|14|46|46|0|14|116|71|121|72|113|83|7|14|23|29|14|22|64|82|5|7|0|14|0|14|0|14|0|14|90|84|7|14|0|14|14|22|64|82|5|7|0|14|0|14|0|14|0|14|23|29|0|14|23|29|0|14|0|14|0|14|0|14|0|14|0|14|0|14|0|14|0|14|0|14|0|14|0|14|0|14|0|14|0|14|0|14|0|14|0|14|0|14|0|14|0|14|0|14|0|14|0|14|0|14|0|14|0|14|0|14|0|14|0|14|0|14|0|14|0|14|0|14|0|14|0|14|0|14|0|14|0|14|0|14|0|14|0|14|0|14|0|14|0|14|0|14|0|14|0|14|0|14|0|14|0|14|0|14|0|14|0|14|0|14|0|14|0|14|0|14|0|14|0|14|0|14|0|14|0|14|0|14|0|14|0|14|0|14
1600000US4532065|9730|570|700|234|1279|369|1681|356|1745|364|862|222|1864|394|627|292|681|194|291|178|9253|649|552|219|1238|380|1668|358|1681|365|862|222|1826|383|454|186|681|194|291|178|8298|640|436|193|1142|374|1446|353|1564|376|776|217|1635|360|454|186|622|185|223|159|955|273|116|113|96|94|222|129|117|98|86|66|191|115|0|26|59|71|68|91|871|264|98|103|96|94|219|128|113|98|86|66|141|103|0|26|59|71|59|90|84|59|18|27|0|26|3|5|4|8|0|26|50|53|0|26|0|26|9|14|202|254|0|26|29|37|0|26|0|26|0|26|0|26|173|252|0|26|0|26|29|37|0|26|29|37|0|26|0|26|0|26|0|26|0|26|0|26|0|26|0|26|0|26|0|26|0|26|0|26|0|26|0|26|0|26|0|26|0|26|173|252|0|26|0|26|0|26|0|26|0|26|0|26|173|252|0|26|0|26|82|79|52|71|0|26|0|26|14|21|0|26|16|24|0|26|0|26|0|26|193|111|96|87|12|18|13|20|50|51|0|26|22|38|0|26|0|26|0|26
1600000US4532172|33|24|0|14|0|14|0|14|5|8|5|8|0|14|7|11|10|15|6|8|33|24|0|14|0|14|0|14|5|8|5|8|0|14|7|11|10|15|6|8|33|24|0|14|0|14|0|14|5|8|5|8|0|14|7|11|10|15|6|8|0|14|0|14|0|14|0|14|0|14|0|14|0|14|0|14|0|14|0|14|0|14|0|14|0|14|0|14|0|14|0|14|0|14|0|14|0|14|0|14|0|14|0|14|0|14|0|14|0|14|0|14|0|14|0|14|0|14|0|14|0|14|0|14|0|14|0|14|0|14|0|14|0|14|0|14|0|14|0|14|0|14|0|14|0|14|0|14|0|14|0|14|0|14|0|14|0|14|0|14|0|14|0|14|0|14|0|14|0|14|0|14|0|14|0|14|0|14|0|14|0|14|0|14|0|14|0|14|0|14|0|14|0|14|0|14|0|14|0|14|0|14|0|14|0|14|0|14|0|14|0|14|0|14|0|14|0|14|0|14|0|14|0|14|0|14|0|14|0|14|0|14|0|14|0|14|0|14|0|14
1600000US4532245|3462|443|617|273|312|140|465|212|473|206|142|123|582|177|392|220|197|162|282|150|3423|444|594|270|312|140|465|212|473|206|126|122|582|177|392|220|197|162|282|150|2722|416|442|203|312|140|347|142|339|161|126|122|488|178|359|224|108|88|201|141|701|204|152|106|0|22|118|127|134|125|0|22|94|88|33|46|89|128|81|83|515|185|15|29|0|22|118|127|134|125|0|22|45|52|33|46|89|128|81|83|186|96|137|103|0|22|0|22|0|22|0|22|49|70|0|22|0|22|0|22|0|22|0|22|0|22|0|22|0|22|0|22|0|22|0|22|0|22|0|22|0|22|0|22|0|22|0|22|0|22|0|22|0|22|0|22|0|22|0|22|0|22|0|22|0|22|0|22|0|22|0|22|0|22|0|22|0|22|0|22|0|22|0|22|0|22|0|22|0|22|0|22|0|22|0|22|0|22|0|22|11|21|11|21|0|22|0|22|0|22|0|22|0|22|0|22|0|22|0|22|28|37|12|21|0|22|0|22|0|22|16|29|0|22|0|22|0|22|0|22
1600000US4532335|254|93|35|25|29|27|12|14|16|11|10|16|51|50|26|31|41|33|34|28|252|93|33|25|29|27|12|14|16|11|10|16|51|50|26|31|41|33|34|28|252|93|33|25|29|27|12|14|16|11|10|16|51|50|26|31|41|33|34|28|0|14|0|14|0|14|0|14|0|14|0|14|0|14|0|14|0|14|0|14|0|14|0|14|0|14|0|14|0|14|0|14|0|14|0|14|0|14|0|14|0|14|0|14|0|14|0|14|0|14|0|14|0|14|0|14|0|14|0|14|0|14|0|14|0|14|0|14|0|14|0|14|0|14|0|14|0|14|0|14|0|14|0|14|0|14|0|14|0|14|0|14|0|14|0|14|0|14|0|14|0|14|0|14|0|14|0|14|0|14|0|14|0|14|0|14|0|14|0|14|0|14|0|14|0|14|0|14|0|14|0|14|0|14|0|14|0|14|0|14|2|4|2|4|0|14|0|14|0|14|0|14|0|14|0|14|0|14|0|14|0|14|0|14|0|14|0|14|0|14|0|14|0|14|0|14|0|14|0|14
1600000US4532560|2902|394|749|233|648|166|143|96|398|222|145|133|64|61|262|135|343|187|150|80|2291|354|452|168|526|147|92|75|380|218|119|122|41|40|262|135|280|167|139|79|2161|349|441|168|493|145|92|75|375|216|119|122|41|40|256|134|236|158|108|66|130|88|11|14|33|43|0|20|5|10|0|20|0|20|6|11|44|65|31|42|107|78|11|14|20|30|0|20|5|10|0|20|0|20|6|11|34|58|31|42|23|35|0|20|13|30|0|20|0|20|0|20|0|20|0|20|10|17|0|20|1|2|0|20|0|20|1|2|0|20|0|20|0|20|0|20|0|20|0|20|1|2|0|20|0|20|1|2|0|20|0|20|0|20|0|20|0|20|0|20|0|20|0|20|0|20|0|20|0|20|0|20|0|20|0|20|0|20|0|20|0|20|0|20|0|20|0|20|0|20|0|20|0|20|0|20|0|20|0|20|226|105|24|27|108|67|50|51|18|27|26|40|0|20|0|20|0|20|0|20|384|237|273|171|14|25|0|20|0|20|0|20|23|39|0|20|63|74|11|17
1600000US4532965|321|110|22|24|24|27|39|30|66|38|4|5|22|18|27|29|98|71|19|14|307|110|22|24|24|27|25|20|66|38|4|5|22|18|27|29|98|71|19|14|286|107|22|24|21|27|25|20|58|35|4|5|22|18|17|24|98|71|19|14|21|19|0|14|3|5|0|14|8|9|0|14|0|14|10|16|0|14|0|14|11|11|0|14|3|5|0|14|8|9|0|14|0|14|0|14|0|14|0|14|10|16|0|14|0|14|0|14|0|14|0|14|0|14|10|16|0|14|0|14|0|14|0|14|0|14|0|14|0|14|0|14|0|14|0|14|0|14|0|14|0|14|0|14|0|14|0|14|0|14|0|14|0|14|0|14|0|14|0|14|0|14|0|14|0|14|0|14|0|14|0|14|0|14|0|14|0|14|0|14|0|14|0|14|0|14|0|14|0|14|0|14|0|14|0|14|0|14|0|14|0|14|0|14|0|14|0|14|0|14|0|14|0|14|0|14|0|14|0|14|14|22|0|14|0|14|14|22|0|14|0|14|0|14|0|14|0|14|0|14
1600000US4533100|283|159|76|88|25|36|143|102|6|12|0|14|0|14|8|18|23|36|2|8|278|159|76|88|25|36|138|102|6|12|0|14|0|14|8|18|23|36|2|8|246|151|60|82|25|36|124|101|6|12|0|14|0|14|8|18|23|36|0|14|32|39|16|28|0|14|14|24|0|14|0|14|0|14|0|14|0|14|2|8|32|39|16|28|0|14|14|24|0|14|0|14|0|14|0|14|0|14|2|8|0|14|0|14|0|14|0|14|0|14|0|14|0|14|0|14|0|14|0|14|0|14|0|14|0|14|0|14|0|14|0|14|0|14|0|14|0|14|0|14|0|14|0|14|0|14|0|14|0|14|0|14|0|14|0|14|0|14|0|14|0|14|0|14|0|14|0|14|0|14|0|14|0|14|0|14|0|14|0|14|0|14|0|14|0|14|0|14|0|14|0|14|0|14|0|14|0|14|0|14|0|14|0|14|0|14|0|14|0|14|0|14|0|14|0|14|0|14|0|14|5|15|0|14|0|14|5|15|0|14|0|14|0|14|0|14|0|14|0|14
1600000US4533145|311|138|19|20|41|32|34|43|8|14|10|16|54|46|11|13|31|24|103|59|304|135|19|20|37|30|34|43|8|14|10|16|51|46|11|13|31|24|103|59|275|125|19|20|37|30|21|33|8|14|10|16|51|46|11|13|31|24|87|55|29|39|0|14|0|14|13|24|0|14|0|14|0|14|0|14|0|14|16|18|29|39|0|14|0|14|13|24|0|14|0|14|0|14|0|14|0|14|16|18|0|14|0|14|0|14|0|14|0|14|0|14|0|14|0|14|0|14|0|14|0|14|0|14|0|14|0|14|0|14|0|14|0|14|0|14|0|14|0|14|0|14|0|14|0|14|0|14|0|14|0|14|0|14|0|14|0|14|0|14|0|14|0|14|0|14|0|14|0|14|0|14|0|14|0|14|0|14|0|14|0|14|0|14|0|14|0|14|0|14|0|14|0|14|0|14|0|14|0|14|7|11|0|14|4|9|0|14|0|14|0|14|3|6|0|14|0|14|0|14|0|14|0|14|0|14|0|14|0|14|0|14|0|14|0|14|0|14|0|14
1600000US4533640|196|54|21|18|0|14|5|5|23|19|15|10|32|20|37|22|24|20|39|18|189|51|14|12|0|14|5|5|23|19|15|10|32|20|37|22|24|20|39|18|162|45|14|12|0|14|5|5|21|19|7|5|30|20|28|19|21|18|36|18|27|21|0|14|0|14|0|14|2|3|8|9|2|3|9|11|3|5|3|5|25|21|0|14|0|14|0|14|2|3|6|9|2|3|9|11|3|5|3|5|2|3|0|14|0|14|0|14|0|14|2|3|0|14|0|14|0|14|0|14|0|14|0|14|0|14|0|14|0|14|0|14|0|14|0|14|0|14|0|14|0|14|0|14|0|14|0|14|0|14|0|14|0|14|0|14|0|14|0|14|0|14|0|14|0|14|0|14|0|14|0|14|0|14|0|14|0|14|0|14|0|14|0|14|0|14|0|14|0|14|0|14|0|14|0|14|0|14|0|14|6|8|6|8|0|14|0|14|0|14|0|14|0|14|0|14|0|14|0|14|1|3|1|3|0|14|0|14|0|14|0|14|0|14|0|14|0|14|0|14
1600000US4533820|147|70|10|14|10|9|17|13|1|3|3|4|32|28|0|14|22|25|52|44|141|67|4|7|10|9|17|13|1|3|3|4|32|28|0|14|22|25|52|44|135|67|4|7|10|9|17|13|1|3|3|4|32|28|0|14|20|24|48|44|6|7|0|14|0|14|0|14|0|14|0|14|0|14|0|14|2|3|4|7|0|14|0|14|0|14|0|14|0|14|0|14|0|14|0|14|0|14|0|14|6|7|0|14|0|14|0|14|0|14|0|14|0|14|0|14|2|3|4|7|0|14|0|14|0|14|0|14|0|14|0|14|0|14|0|14|0|14|0|14|0|14|0|14|0|14|0|14|0|14|0|14|0|14|0|14|0|14|0|14|0|14|0|14|0|14|0|14|0|14|0|14|0|14|0|14|0|14|0|14|0|14|0|14|0|14|0|14|0|14|0|14|0|14|0|14|0|14|0|14|6|11|6|11|0|14|0|14|0|14|0|14|0|14|0|14|0|14|0|14|0|14|0|14|0|14|0|14|0|14|0|14|0|14|0|14|0|14|0|14
1600000US4533977|1030|315|87|112|236|133|215|125|153|98|28|28|194|144|0|14|43|52|74|74|1020|313|87|112|236|133|215|125|143|96|28|28|194|144|0|14|43|52|74|74|759|257|70|107|156|103|134|82|74|73|28|28|180|142|0|14|43|52|74|74|261|189|17|27|80|86|81|92|69|66|0|14|14|22|0|14|0|14|0|14|261|189|17|27|80|86|81|92|69|66|0|14|14|22|0|14|0|14|0|14|0|14|0|14|0|14|0|14|0|14|0|14|0|14|0|14|0|14|0|14|0|14|0|14|0|14|0|14|0|14|0|14|0|14|0|14|0|14|0|14|0|14|0|14|0|14|0|14|0|14|0|14|0|14|0|14|0|14|0|14|0|14|0|14|0|14|0|14|0|14|0|14|0|14|0|14|0|14|0|14|0|14|0|14|0|14|0|14|0|14|0|14|0|14|0|14|0|14|0|14|0|14|0|14|0|14|0|14|0|14|0|14|0|14|0|14|0|14|0|14|10|17|0|14|0|14|0|14|10|17|0|14|0|14|0|14|0|14|0|14
1600000US4534045|12839|860|2551|410|2802|422|2814|418|1811|378|630|154|1099|267|581|426|184|84|367|155|12060|845|2267|374|2686|404|2796|417|1699|370|605|152|1048|259|525|424|164|77|270|119|10685|783|2208|371|2444|377|2570|399|1490|358|507|159|691|223|418|391|87|53|270|119|1375|344|59|42|242|103|226|161|209|123|98|74|357|159|107|140|77|66|0|30|1105|310|48|38|193|87|163|144|127|100|82|70|308|151|107|140|77|66|0|30|270|154|11|19|49|46|63|65|82|87|16|27|49|56|0|30|0|30|0|30|66|73|0|30|0|30|0|30|0|30|0|30|20|33|0|30|0|30|46|79|66|73|0|30|0|30|0|30|0|30|0|30|20|33|0|30|0|30|46|79|0|30|0|30|0|30|0|30|0|30|0|30|0|30|0|30|0|30|0|30|0|30|0|30|0|30|0|30|0|30|0|30|0|30|0|30|0|30|0|30|260|111|160|89|23|26|18|24|2|8|0|30|12|20|45|44|0|30|0|30|453|179|124|111|93|76|0|30|110|93|25|40|19|27|11|18|20|28|51|51
1600000US4534225|61|30|10|11|3|4|18|20|5|8|1|2|10|12|12|11|0|14|2|4|61|30|10|11|3|4|18|20|5|8|1|2|10|12|12|11|0|14|2|4|57|30|10|11|3|4|18|20|5|8|1|2|8|11|10|10|0|14|2|4|4|6|0|14|0|14|0|14|0|14|0|14|2|3|2|3|0|14|0|14|0|14|0|14|0|14|0|14|0|14|0|14|0|14|0|14|0|14|0|14|4|6|0|14|0|14|0|14|0|14|0|14|2|3|2|3|0|14|0|14|0|14|0|14|0|14|0|14|0|14|0|14|0|14|0|14|0|14|0|14|0|14|0|14|0|14|0|14|0|14|0|14|0|14|0|14|0|14|0|14|0|14|0|14|0|14|0|14|0|14|0|14|0|14|0|14|0|14|0|14|0|14|0|14|0|14|0|14|0|14|0|14|0|14|0|14|0|14|0|14|0|14|0|14|0|14|0|14|0|14|0|14|0|14|0|14|0|14|0|14|0|14|0|14|0|14|0|14|0|14|0|14|0|14|0|14|0|14|0|14
1600000US4534360|350|121|88|48|40|33|26|18|16|23|16|16|14|21|36|30|60|58|54|35|341|121|83|47|40|33|26|18|16|23|16|16|14|21|36|30|56|57|54|35|313|114|74|42|40|33|12|12|16|23|11|13|14|21|36|30|56|57|54|35|28|25|9|16|0|14|14|14|0|14|5|9|0|14|0|14|0|14|0|14|28|25|9|16|0|14|14|14|0|14|5|9|0|14|0|14|0|14|0|14|0|14|0|14|0|14|0|14|0|14|0|14|0|14|0|14|0|14|0|14|0|14|0|14|0|14|0|14|0|14|0|14|0|14|0|14|0|14|0|14|0|14|0|14|0|14|0|14|0|14|0|14|0|14|0|14|0|14|0|14|0|14|0|14|0|14|0|14|0|14|0|14|0|14|0|14|0|14|0|14|0|14|0|14|0|14|0|14|0|14|0|14|0|14|0|14|0|14|0|14|5|9|5|9|0|14|0|14|0|14|0|14|0|14|0|14|0|14|0|14|4|6|0|14|0|14|0|14|0|14|0|14|0|14|0|14|4|6|0|14
1600000US4534495|2130|401|166|119|234|179|211|158|201|133|71|54|207|96|217|101|558|243|265|186|2062|407|112|99|234|179|211|158|201|133|71|54|207|96|203|96|558|243|265|186|1850|385|112|99|215|177|211|158|201|133|50|47|207|96|145|89|499|243|210|173|212|211|0|20|19|32|0|20|0|20|21|33|0|20|58|70|59|66|55|74|67|56|0|20|19|32|0|20|0|20|21|33|0|20|11|16|16|22|0|20|145|204|0|20|0|20|0|20|0|20|0|20|0|20|47|70|43|64|55|74|0|20|0|20|0|20|0|20|0|20|0|20|0|20|0|20|0|20|0|20|0|20|0|20|0|20|0|20|0|20|0|20|0|20|0|20|0|20|0|20|0|20|0|20|0|20|0|20|0|20|0|20|0|20|0|20|0|20|0|20|0|20|0|20|0|20|0|20|0|20|0|20|0|20|0|20|0|20|0|20|54|79|54|79|0|20|0|20|0|20|0|20|0|20|0|20|0|20|0|20|14|18|0|20|0|20|0|20|0|20|0|20|0|20|14|18|0|20|0|20
1600000US4534720|2520|561|250|132|459|321|584|263|318|161|133|107|521|246|67|65|112|91|76|70|2451|556|209|105|459|321|584|263|318|161|133|107|514|246|67|65|112|91|55|63|1824|422|134|92|420|318|477|267|224|102|94|101|298|180|67|65|75|63|35|52|627|307|75|73|39|61|107|108|94|127|39|40|216|161|0|20|37|64|20|36|503|295|45|60|39|61|107|108|94|127|39|40|179|153|0|20|0|20|0|20|124|125|30|47|0|20|0|20|0|20|0|20|37|48|0|20|37|64|20|36|28|38|0|20|0|20|0|20|0|20|0|20|7|11|0|20|0|20|21|36|28|38|0|20|0|20|0|20|0|20|0|20|7|11|0|20|0|20|21|36|0|20|0|20|0|20|0|20|0|20|0|20|0|20|0|20|0|20|0|20|0|20|0|20|0|20|0|20|0|20|0|20|0|20|0|20|0|20|0|20|0|20|0|20|0|20|0|20|0|20|0|20|0|20|0|20|0|20|0|20|41|63|41|63|0|20|0|20|0|20|0|20|0|20|0|20|0|20|0|20
1600000US4534765|1203|597|303|275|41|59|48|53|121|102|0|14|202|176|257|231|168|209|63|74|904|393|67|72|41|59|41|51|77|74|0|14|202|176|245|232|168|209|63|74|862|390|25|30|41|59|41|51|77|74|0|14|202|176|245|232|168|209|63|74|42|67|42|67|0|14|0|14|0|14|0|14|0|14|0|14|0|14|0|14|42|67|42|67|0|14|0|14|0|14|0|14|0|14|0|14|0|14|0|14|0|14|0|14|0|14|0|14|0|14|0|14|0|14|0|14|0|14|0|14|12|24|0|14|0|14|0|14|0|14|0|14|0|14|12|24|0|14|0|14|12|24|0|14|0|14|0|14|0|14|0|14|0|14|12|24|0|14|0|14|0|14|0|14|0|14|0|14|0|14|0|14|0|14|0|14|0|14|0|14|0|14|0|14|0|14|0|14|0|14|0|14|0|14|0|14|0|14|0|14|0|14|0|14|0|14|0|14|0|14|0|14|0|14|0|14|0|14|0|14|287|263|236|262|0|14|7|16|44|57|0|14|0|14|0|14|0|14|0|14
1600000US4534810|973|318|124|112|42|50|105|80|113|95|36|53|189|188|77|63|204|112|83|64|923|297|103|107|42|50|105|80|113|95|36|53|160|151|77|63|204|112|83|64|809|271|52|42|42|50|75|73|113|95|36|53|160|151|77|63|204|112|50|48|114|110|51|91|0|14|30|36|0|14|0|14|0|14|0|14|0|14|33|39|91|100|51|91|0|14|15|26|0|14|0|14|0|14|0|14|0|14|25|36|23|28|0|14|0|14|15|23|0|14|0|14|0|14|0|14|0|14|8|15|29|39|0|14|0|14|0|14|0|14|0|14|29|39|0|14|0|14|0|14|29|39|0|14|0|14|0|14|0|14|0|14|29|39|0|14|0|14|0|14|0|14|0|14|0|14|0|14|0|14|0|14|0|14|0|14|0|14|0|14|0|14|0|14|0|14|0|14|0|14|0|14|0|14|0|14|0|14|0|14|0|14|0|14|0|14|0|14|0|14|0|14|0|14|0|14|0|14|0|14|21|32|21|32|0|14|0|14|0|14|0|14|0|14|0|14|0|14|0|14
1600000US4534990|493|161|38|43|34|35|20|26|107|82|31|33|96|96|111|76|56|51|0|14|444|139|12|23|34|35|20|26|107|82|31|33|73|70|111|76|56|51|0|14|444|139|12|23|34|35|20|26|107|82|31|33|73|70|111|76|56|51|0|14|0|14|0|14|0|14|0|14|0|14|0|14|0|14|0|14|0|14|0|14|0|14|0|14|0|14|0|14|0|14|0|14|0|14|0|14|0|14|0|14|0|14|0|14|0|14|0|14|0|14|0|14|0|14|0|14|0|14|0|14|20|31|0|14|0|14|0|14|0|14|0|14|20|31|0|14|0|14|0|14|20|31|0|14|0|14|0|14|0|14|0|14|20|31|0|14|0|14|0|14|0|14|0|14|0|14|0|14|0|14|0|14|0|14|0|14|0|14|0|14|0|14|0|14|0|14|0|14|0|14|0|14|0|14|0|14|0|14|0|14|2|5|2|5|0|14|0|14|0|14|0|14|0|14|0|14|0|14|0|14|27|37|24|37|0|14|0|14|0|14|0|14|3|5|0|14|0|14|0|14
1600000US4535635|1834|399|140|95|156|157|207|97|426|153|254|199|159|77|203|115|109|76|180|84|1795|396|101|90|156|157|207|97|426|153|254|199|159|77|203|115|109|76|180|84|1586|337|93|82|48|50|191|94|417|151|251|198|145|72|166|87|109|76|166|81|209|164|8|17|108|150|16|27|9|15|3|6|14|24|37|47|0|14|14|25|191|155|0|14|98|141|16|27|9|15|3|6|14|24|37|47|0|14|14|25|18|25|8|17|10|16|0|14|0|14|0|14|0|14|0|14|0|14|0|14|0|14|0|14|0|14|0|14|0|14|0|14|0|14|0|14|0|14|0|14|0|14|0|14|0|14|0|14|0|14|0|14|0|14|0|14|0|14|0|14|0|14|0|14|0|14|0|14|0|14|0|14|0|14|0|14|0|14|0|14|0|14|0|14|0|14|0|14|0|14|0|14|0|14|0|14|0|14|0|14|28|32|28|32|0|14|0|14|0|14|0|14|0|14|0|14|0|14|0|14|11|18|11|18|0|14|0|14|0|14|0|14|0|14|0|14|0|14|0|14
1600000US4535755|1440|214|293|128|191|140|183|123|161|97|143|94|168|104|113|85|153|97|35|46|1421|210|285|128|191|140|181|124|152|95|143|94|168|104|113|85|153|97|35|46|1263|219|269|130|157|119|108|102|147|93|140|93|161|101|113|85|133|96|35|46|158|97|16|26|34|30|73|86|5|8|3|5|7|10|0|14|20|35|0|14|145|93|16|26|29|27|73|86|0|14|0|14|7|10|0|14|20|35|0|14|13|20|0|14|5|8|0|14|5|8|3|5|0|14|0|14|0|14|0|14|8|6|8|6|0|14|0|14|0|14|0|14|0|14|0|14|0|14|0|14|8|6|8|6|0|14|0|14|0|14|0|14|0|14|0|14|0|14|0|14|0|14|0|14|0|14|0|14|0|14|0|14|0|14|0|14|0|14|0|14|0|14|0|14|0|14|0|14|0|14|0|14|0|14|0|14|0|14|0|14|0|14|0|14|0|14|0|14|0|14|0|14|0|14|0|14|0|14|0|14|11|15|0|14|0|14|2|5|9|14|0|14|0|14|0|14|0|14|0|14
1600000US4535800|349|184|61|69|15|24|77|75|16|26|38|44|79|93|44|70|19|30|0|14|325|181|37|59|15|24|77|75|16|26|38|44|79|93|44|70|19|30|0|14|325|181|37|59|15|24|77|75|16|26|38|44|79|93|44|70|19|30|0|14|0|14|0|14|0|14|0|14|0|14|0|14|0|14|0|14|0|14|0|14|0|14|0|14|0|14|0|14|0|14|0|14|0|14|0|14|0|14|0|14|0|14|0|14|0|14|0|14|0|14|0|14|0|14|0|14|0|14|0|14|0|14|0|14|0|14|0|14|0|14|0|14|0|14|0|14|0|14|0|14|0|14|0|14|0|14|0|14|0|14|0|14|0|14|0|14|0|14|0|14|0|14|0|14|0|14|0|14|0|14|0|14|0|14|0|14|0|14|0|14|0|14|0|14|0|14|0|14|0|14|0|14|0|14|0|14|0|14|0|14|24|37|24|37|0|14|0|14|0|14|0|14|0|14|0|14|0|14|0|14|0|14|0|14|0|14|0|14|0|14|0|14|0|14|0|14|0|14|0|14
1600000US4535890|4984|483|381|159|394|164|787|271|1145|240|568|190|1109|275|249|155|189|86|162|90|4799|543|374|160|394|164|766|268|1073|248|568|190|1024|268|249|155|189|86|162|90|4351|548|365|160|376|169|617|224|947|238|568|190|891|267|249|155|176|83|162|90|448|209|9|19|18|52|149|136|126|106|0|22|133|88|0|22|13|21|0|22|379|197|0|22|2|32|114|129|117|104|0|22|133|88|0|22|13|21|0|22|69|65|9|19|16|41|35|46|9|20|0|22|0|22|0|22|0|22|0|22|0|22|0|22|0|22|0|22|0|22|0|22|0|22|0|22|0|22|0|22|0|22|0|22|0|22|0|22|0|22|0|22|0|22|0|22|0|22|0|22|0|22|0|22|0|22|0|22|0|22|0|22|0|22|0|22|0|22|0|22|0|22|0|22|0|22|0|22|0|22|0|22|0|22|0|22|0|22|0|22|94|99|7|13|0|22|15|26|72|93|0|22|0|22|0|22|0|22|0|22|91|106|0|22|0|22|6|11|0|22|0|22|85|105|0|22|0|22|0|22
1600000US4535980|971|435|80|72|226|153|277|242|85|86|19|31|71|81|175|157|38|48|0|14|971|435|80|72|226|153|277|242|85|86|19|31|71|81|175|157|38|48|0|14|948|419|57|62|226|153|277|242|85|86|19|31|71|81|175|157|38|48|0|14|23|40|23|40|0|14|0|14|0|14|0|14|0|14|0|14|0|14|0|14|23|40|23|40|0|14|0|14|0|14|0|14|0|14|0|14|0|14|0|14|0|14|0|14|0|14|0|14|0|14|0|14|0|14|0|14|0|14|0|14|0|14|0|14|0|14|0|14|0|14|0|14|0|14|0|14|0|14|0|14|0|14|0|14|0|14|0|14|0|14|0|14|0|14|0|14|0|14|0|14|0|14|0|14|0|14|0|14|0|14|0|14|0|14|0|14|0|14|0|14|0|14|0|14|0|14|0|14|0|14|0|14|0|14|0|14|0|14|0|14|0|14|0|14|0|14|0|14|0|14|0|14|0|14|0|14|0|14|0|14|0|14|0|14|0|14|0|14|0|14|0|14|0|14|0|14|0|14|0|14
1600000US4536070|14|17|0|14|0|14|4|6|0|14|5|9|0|14|0|14|0|14|5|8|14|17|0|14|0|14|4|6|0|14|5|9|0|14|0|14|0|14|5|8|14|17|0|14|0|14|4|6|0|14|5|9|0|14|0|14|0|14|5|8|0|14|0|14|0|14|0|14|0|14|0|14|0|14|0|14|0|14|0|14|0|14|0|14|0|14|0|14|0|14|0|14|0|14|0|14|0|14|0|14|0|14|0|14|0|14|0|14|0|14|0|14|0|14|0|14|0|14|0|14|0|14|0|14|0|14|0|14|0|14|0|14|0|14|0|14|0|14|0|14|0|14|0|14|0|14|0|14|0|14|0|14|0|14|0|14|0|14|0|14|0|14|0|14|0|14|0|14|0|14|0|14|0|14|0|14|0|14|0|14|0|14|0|14|0|14|0|14|0|14|0|14|0|14|0|14|0|14|0|14|0|14|0|14|0|14|0|14|0|14|0|14|0|14|0|14|0|14|0|14|0|14|0|14|0|14|0|14|0|14|0|14|0|14|0|14|0|14|0|14
1600000US4536115|1248|249|184|75|74|50|108|56|160|90|83|64|378|218|155|76|49|35|57|42|1201|254|156|73|60|44|108|56|160|90|83|64|378|218|155|76|49|35|52|42|1124|250|156|73|54|44|102|56|156|89|83|64|317|205|155|76|49|35|52|42|77|65|0|14|6|10|6|9|4|5|0|14|61|64|0|14|0|14|0|14|67|64|0|14|0|14|6|9|0|14|0|14|61|64|0|14|0|14|0|14|10|11|0|14|6|10|0|14|4|5|0|14|0|14|0|14|0|14|0|14|0|14|0|14|0|14|0|14|0|14|0|14|0|14|0|14|0|14|0|14|0|14|0|14|0|14|0|14|0|14|0|14|0|14|0|14|0|14|0|14|0|14|0|14|0|14|0|14|0|14|0|14|0|14|0|14|0|14|0|14|0|14|0|14|0|14|0|14|0|14|0|14|0|14|0|14|0|14|0|14|13|14|5|9|8|12|0|14|0|14|0|14|0|14|0|14|0|14|0|14|34|26|23|24|6|10|0|14|0|14|0|14|0|14|0|14|0|14|5|7
1600000US4536160|272|126|93|70|5|9|13|12|30|31|12|21|97|85|4|7|18|20|0|14|271|126|93|70|5|9|13|12|30|31|12|21|96|86|4|7|18|20|0|14|229|108|74|53|5|9|13|12|30|31|0|14|96|86|4|7|7|8|0|14|42|51|19|32|0|14|0|14|0|14|12|21|0|14|0|14|11|19|0|14|42|51|19|32|0|14|0|14|0|14|12|21|0|14|0|14|11|19|0|14|0|14|0|14|0|14|0|14|0|14|0|14|0|14|0|14|0|14|0|14|0|14|0|14|0|14|0|14|0|14|0|14|0|14|0|14|0|14|0|14|0|14|0|14|0|14|0|14|0|14|0|14|0|14|0|14|0|14|0|14|0|14|0|14|0|14|0|14|0|14|0|14|0|14|0|14|0|14|0|14|0|14|0|14|0|14|0|14|0|14|0|14|0|14|0|14|0|14|0|14|0|14|0|14|0|14|0|14|0|14|0|14|0|14|0|14|0|14|0|14|1|3|0|14|0|14|0|14|0|14|0|14|1|3|0|14|0|14|0|14
1600000US4536205|737|222|88|43|184|173|106|70|55|36|47|33|175|89|27|17|32|25|23|19|708|221|61|35|184|173|104|71|55|36|47|33|175|89|27|17|32|25|23|19|542|149|59|34|49|37|95|69|55|36|47|33|167|86|19|14|32|25|19|17|166|174|2|5|135|171|9|13|0|14|0|14|8|12|8|13|0|14|4|8|166|174|2|5|135|171|9|13|0|14|0|14|8|12|8|13|0|14|4|8|0|14|0|14|0|14|0|14|0|14|0|14|0|14|0|14|0|14|0|14|0|14|0|14|0|14|0|14|0|14|0|14|0|14|0|14|0|14|0|14|0|14|0|14|0|14|0|14|0|14|0|14|0|14|0|14|0|14|0|14|0|14|0|14|0|14|0|14|0|14|0|14|0|14|0|14|0|14|0|14|0|14|0|14|0|14|0|14|0|14|0|14|0|14|0|14|0|14|0|14|27|29|27|29|0|14|0|14|0|14|0|14|0|14|0|14|0|14|0|14|2|4|0|14|0|14|2|4|0|14|0|14|0|14|0|14|0|14|0|14
1600000US4536250|177|118|15|24|18|13|0|14|11|17|27|44|23|17|10|11|43|50|30|22|177|118|15|24|18|13|0|14|11|17|27|44|23|17|10|11|43|50|30|22|147|107|15|24|18|13|0|14|11|17|27|44|23|17|10|11|43|50|0|14|30|22|0|14|0|14|0|14|0|14|0|14|0|14|0|14|0|14|30|22|30|22|0|14|0|14|0|14|0|14|0|14|0|14|0|14|0|14|30|22|0|14|0|14|0|14|0|14|0|14|0|14|0|14|0|14|0|14|0|14|0|14|0|14|0|14|0|14|0|14|0|14|0|14|0|14|0|14|0|14|0|14|0|14|0|14|0|14|0|14|0|14|0|14|0|14|0|14|0|14|0|14|0|14|0|14|0|14|0|14|0|14|0|14|0|14|0|14|0|14|0|14|0|14|0|14|0|14|0|14|0|14|0|14|0|14|0|14|0|14|0|14|0|14|0|14|0|14|0|14|0|14|0|14|0|14|0|14|0|14|0|14|0|14|0|14|0|14|0|14|0|14|0|14|0|14|0|14|0|14
1600000US4536430|5276|577|575|156|730|182|1134|322|826|218|577|218|882|328|133|79|158|96|261|143|5009|562|538|140|672|170|1112|318|826|218|553|214|838|313|133|79|158|96|179|95|4714|563|509|137|644|167|1022|305|716|196|553|214|800|314|133|79|158|96|179|95|295|118|29|40|28|28|90|72|110|76|0|22|38|47|0|22|0|22|0|22|283|117|29|40|26|28|90|72|100|76|0|22|38|47|0|22|0|22|0|22|12|17|0|22|2|5|0|22|10|17|0|22|0|22|0|22|0|22|0|22|13|21|0|22|13|21|0|22|0|22|0|22|0|22|0|22|0|22|0|22|13|21|0|22|13|21|0|22|0|22|0|22|0|22|0|22|0|22|0|22|0|22|0|22|0|22|0|22|0|22|0|22|0|22|0|22|0|22|0|22|0|22|0|22|0|22|0|22|0|22|0|22|0|22|0|22|0|22|0|22|107|128|0|22|25|41|0|22|0|22|0|22|0|22|0|22|0|22|82|120|147|109|37|42|20|30|22|37|0|22|24|34|44|63|0|22|0|22|0|22
1600000US4536475|40|42|14|18|0|14|0|14|0|14|0|14|14|24|0|14|10|17|2|3|40|42|14|18|0|14|0|14|0|14|0|14|14|24|0|14|10|17|2|3|36|41|10|16|0|14|0|14|0|14|0|14|14|24|0|14|10|17|2|3|4|9|4|9|0|14|0|14|0|14|0|14|0|14|0|14|0|14|0|14|4|9|4|9|0|14|0|14|0|14|0|14|0|14|0|14|0|14|0|14|0|14|0|14|0|14|0|14|0|14|0|14|0|14|0|14|0|14|0|14|0|14|0|14|0|14|0|14|0|14|0|14|0|14|0|14|0|14|0|14|0|14|0|14|0|14|0|14|0|14|0|14|0|14|0|14|0|14|0|14|0|14|0|14|0|14|0|14|0|14|0|14|0|14|0|14|0|14|0|14|0|14|0|14|0|14|0|14|0|14|0|14|0|14|0|14|0|14|0|14|0|14|0|14|0|14|0|14|0|14|0|14|0|14|0|14|0|14|0|14|0|14|0|14|0|14|0|14|0|14|0|14|0|14|0|14|0|14|0|14
1600000US4536610|338|115|64|39|72|45|29|24|23|13|5|5|2|3|34|29|58|57|51|40|319|113|45|34|72|45|29|24|23|13|5|5|2|3|34|29|58|57|51|40|269|102|26|22|72|45|9|8|20|13|5|5|2|3|26|23|58|57|51|40|50|37|19|27|0|14|20|23|3|4|0|14|0|14|8|12|0|14|0|14|47|35|16|25|0|14|20|23|3|4|0|14|0|14|8|12|0|14|0|14|3|9|3|9|0|14|0|14|0|14|0|14|0|14|0|14|0|14|0|14|0|14|0|14|0|14|0|14|0|14|0|14|0|14|0|14|0|14|0|14|0|14|0|14|0|14|0|14|0|14|0|14|0|14|0|14|0|14|0|14|0|14|0|14|0|14|0|14|0|14|0|14|0|14|0|14|0|14|0|14|0|14|0|14|0|14|0|14|0|14|0|14|0|14|0|14|0|14|0|14|19|25|19|25|0|14|0|14|0|14|0|14|0|14|0|14|0|14|0|14|0|14|0|14|0|14|0|14|0|14|0|14|0|14|0|14|0|14|0|14
1600000US4536655|24|26|0|14|2|4|0|14|2|5|0|14|2|3|16|24|2|4|0|14|24|26|0|14|2|4|0|14|2|5|0|14|2|3|16|24|2|4|0|14|24|26|0|14|2|4|0|14|2|5|0|14|2|3|16|24|2|4|0|14|0|14|0|14|0|14|0|14|0|14|0|14|0|14|0|14|0|14|0|14|0|14|0|14|0|14|0|14|0|14|0|14|0|14|0|14|0|14|0|14|0|14|0|14|0|14|0|14|0|14|0|14|0|14|0|14|0|14|0|14|0|14|0|14|0|14|0|14|0|14|0|14|0|14|0|14|0|14|0|14|0|14|0|14|0|14|0|14|0|14|0|14|0|14|0|14|0|14|0|14|0|14|0|14|0|14|0|14|0|14|0|14|0|14|0|14|0|14|0|14|0|14|0|14|0|14|0|14|0|14|0|14|0|14|0|14|0|14|0|14|0|14|0|14|0|14|0|14|0|14|0|14|0|14|0|14|0|14|0|14|0|14|0|14|0|14|0|14|0|14|0|14|0|14|0|14|0|14|0|14
1600000US4536790|705|221|165|96|82|54|151|111|50|49|27|23|114|68|53|48|56|51|7|12|694|221|165|96|82|54|151|111|50|49|27|23|114|68|42|45|56|51|7|12|680|221|165|96|82|54|151|111|43|48|27|23|114|68|42|45|56|51|0|14|14|20|0|14|0|14|0|14|7|11|0|14|0|14|0|14|0|14|7|12|14|20|0|14|0|14|0|14|7|11|0|14|0|14|0|14|0|14|7|12|0|14|0|14|0|14|0|14|0|14|0|14|0|14|0|14|0|14|0|14|0|14|0|14|0|14|0|14|0|14|0|14|0|14|0|14|0|14|0|14|0|14|0|14|0|14|0|14|0|14|0|14|0|14|0|14|0|14|0|14|0|14|0|14|0|14|0|14|0|14|0|14|0|14|0|14|0|14|0|14|0|14|0|14|0|14|0|14|0|14|0|14|0|14|0|14|0|14|0|14|0|14|0|14|0|14|0|14|0|14|0|14|0|14|0|14|0|14|0|14|11|16|0|14|0|14|0|14|0|14|0|14|0|14|11|16|0|14|0|14
1600000US4537105|409|108|133|80|69|44|17|13|36|33|4|6|23|21|35|23|65|43|27|21|386|108|118|76|69|44|15|13|36|33|4|6|17|20|35|23|65|43|27|21|372|105|116|76|69|44|9|9|30|31|4|6|17|20|35|23|65|43|27|21|14|14|2|5|0|14|6|9|6|9|0|14|0|14|0|14|0|14|0|14|6|9|0|14|0|14|0|14|6|9|0|14|0|14|0|14|0|14|0|14|8|9|2|5|0|14|6|9|0|14|0|14|0|14|0|14|0|14|0|14|0|14|0|14|0|14|0|14|0|14|0|14|0|14|0|14|0|14|0|14|0|14|0|14|0|14|0|14|0|14|0|14|0|14|0|14|0|14|0|14|0|14|0|14|0|14|0|14|0|14|0|14|0|14|0|14|0|14|0|14|0|14|0|14|0|14|0|14|0|14|0|14|0|14|0|14|0|14|0|14|15|24|15|24|0|14|0|14|0|14|0|14|0|14|0|14|0|14|0|14|8|9|0|14|0|14|2|5|0|14|0|14|6|8|0|14|0|14|0|14
1600000US4537150|654|217|32|32|31|35|183|126|50|41|62|69|105|86|53|55|89|65|49|40|654|217|32|32|31|35|183|126|50|41|62|69|105|86|53|55|89|65|49|40|576|198|23|27|31|35|183|126|35|35|31|47|86|80|53|55|85|64|49|40|78|73|9|16|0|14|0|14|15|22|31|51|19|22|0|14|4|10|0|14|71|72|9|16|0|14|0|14|15|22|31|51|12|17|0|14|4|10|0|14|7|11|0|14|0|14|0|14|0|14|0|14|7|11|0|14|0|14|0|14|0|14|0|14|0|14|0|14|0|14|0|14|0|14|0|14|0|14|0|14|0|14|0|14|0|14|0|14|0|14|0|14|0|14|0|14|0|14|0|14|0|14|0|14|0|14|0|14|0|14|0|14|0|14|0|14|0|14|0|14|0|14|0|14|0|14|0|14|0|14|0|14|0|14|0|14|0|14|0|14|0|14|0|14|0|14|0|14|0|14|0|14|0|14|0|14|0|14|0|14|0|14|0|14|0|14|0|14|0|14|0|14|0|14|0|14|0|14|0|14
1600000US4537330|487|156|67|50|106|59|104|96|56|53|32|33|33|27|41|45|22|19|26|27|480|156|67|50|104|58|104|96|56|53|27|30|33|27|41|45|22|19|26|27|441|145|67|50|74|47|104|96|55|53|23|29|33|27|37|43|22|19|26|27|39|38|0|14|30|33|0|14|1|3|4|7|0|14|4|8|0|14|0|14|38|38|0|14|30|33|0|14|0|14|4|7|0|14|4|8|0|14|0|14|1|3|0|14|0|14|0|14|1|3|0|14|0|14|0|14|0|14|0|14|0|14|0|14|0|14|0|14|0|14|0|14|0|14|0|14|0|14|0|14|0|14|0|14|0|14|0|14|0|14|0|14|0|14|0|14|0|14|0|14|0|14|0|14|0|14|0|14|0|14|0|14|0|14|0|14|0|14|0|14|0|14|0|14|0|14|0|14|0|14|0|14|0|14|0|14|0|14|0|14|2|4|0|14|2|4|0|14|0|14|0|14|0|14|0|14|0|14|0|14|5|11|0|14|0|14|0|14|0|14|5|11|0|14|0|14|0|14|0|14
1600000US4537465|860|242|101|98|90|67|180|108|125|95|60|30|150|94|11|22|79|89|64|70|860|242|101|98|90|67|180|108|125|95|60|30|150|94|11|22|79|89|64|70|735|223|84|86|80|65|180|108|110|88|60|30|150|94|0|14|29|37|42|53|125|99|17|27|10|17|0|14|15|25|0|14|0|14|11|22|50|80|22|40|93|85|17|27|0|14|0|14|15|25|0|14|0|14|11|22|50|80|0|14|32|44|0|14|10|17|0|14|0|14|0|14|0|14|0|14|0|14|22|40|0|14|0|14|0|14|0|14|0|14|0|14|0|14|0|14|0|14|0|14|0|14|0|14|0|14|0|14|0|14|0|14|0|14|0|14|0|14|0|14|0|14|0|14|0|14|0|14|0|14|0|14|0|14|0|14|0|14|0|14|0|14|0|14|0|14|0|14|0|14|0|14|0|14|0|14|0|14|0|14|0|14|0|14|0|14|0|14|0|14|0|14|0|14|0|14|0|14|0|14|0|14|0|14|0|14|0|14|0|14|0|14|0|14|0|14|0|14|0|14
1600000US4538058|757|251|204|220|87|73|7|13|68|45|67|54|155|177|50|39|65|54|54|57|692|240|189|220|61|55|7|13|57|40|67|54|142|176|50|39|65|54|54|57|669|240|189|220|61|55|7|13|34|31|67|54|142|176|50|39|65|54|54|57|23|26|0|14|0|14|0|14|23|26|0|14|0|14|0|14|0|14|0|14|23|26|0|14|0|14|0|14|23|26|0|14|0|14|0|14|0|14|0|14|0|14|0|14|0|14|0|14|0|14|0|14|0|14|0|14|0|14|0|14|0|14|0|14|0|14|0|14|0|14|0|14|0|14|0|14|0|14|0|14|0|14|0|14|0|14|0|14|0|14|0|14|0|14|0|14|0|14|0|14|0|14|0|14|0|14|0|14|0|14|0|14|0|14|0|14|0|14|0|14|0|14|0|14|0|14|0|14|0|14|0|14|0|14|0|14|0|14|0|14|8|12|8|12|0|14|0|14|0|14|0|14|0|14|0|14|0|14|0|14|57|52|7|13|26|41|0|14|11|18|0|14|13|21|0|14|0|14|0|14
1600000US4538095|885|206|118|52|90|52|68|40|36|30|42|27|292|122|42|36|59|37|138|50|870|206|113|52|90|52|68|40|36|30|42|27|282|121|42|36|59|37|138|50|821|202|110|52|90|52|64|39|36|30|42|27|245|116|42|36|59|37|133|50|49|33|3|5|0|14|4|7|0|14|0|14|37|29|0|14|0|14|5|7|22|16|3|5|0|14|4|7|0|14|0|14|15|14|0|14|0|14|0|14|27|28|0|14|0|14|0|14|0|14|0|14|22|23|0|14|0|14|5|7|0|14|0|14|0|14|0|14|0|14|0|14|0|14|0|14|0|14|0|14|0|14|0|14|0|14|0|14|0|14|0|14|0|14|0|14|0|14|0|14|0|14|0|14|0|14|0|14|0|14|0|14|0|14|0|14|0|14|0|14|0|14|0|14|0|14|0|14|0|14|0|14|0|14|0|14|0|14|0|14|2|3|2|3|0|14|0|14|0|14|0|14|0|14|0|14|0|14|0|14|13|15|3|5|0|14|0|14|0|14|0|14|10|15|0|14|0|14|0|14
1600000US4538110|32|38|0|14|0|14|13|21|0|14|0|14|0|14|12|19|7|16|0|14|32|38|0|14|0|14|13|21|0|14|0|14|0|14|12|19|7|16|0|14|32|38|0|14|0|14|13|21|0|14|0|14|0|14|12|19|7|16|0|14|0|14|0|14|0|14|0|14|0|14|0|14|0|14|0|14|0|14|0|14|0|14|0|14|0|14|0|14|0|14|0|14|0|14|0|14|0|14|0|14|0|14|0|14|0|14|0|14|0|14|0|14|0|14|0|14|0|14|0|14|0|14|0|14|0|14|0|14|0|14|0|14|0|14|0|14|0|14|0|14|0|14|0|14|0|14|0|14|0|14|0|14|0|14|0|14|0|14|0|14|0|14|0|14|0|14|0|14|0|14|0|14|0|14|0|14|0|14|0|14|0|14|0|14|0|14|0|14|0|14|0|14|0|14|0|14|0|14|0|14|0|14|0|14|0|14|0|14|0|14|0|14|0|14|0|14|0|14|0|14|0|14|0|14|0|14|0|14|0|14|0|14|0|14|0|14|0|14|0|14
1600000US4538162|380|167|54|29|28|20|29|20|39|24|7|10|136|149|8|10|28|24|51|28|272|101|49|29|15|13|29|20|39|24|7|10|70|76|8|10|17|18|38|26|266|100|49|29|15|13|29|20|39|24|7|10|70|76|8|10|11|16|38|26|6|8|0|14|0|14|0|14|0|14|0|14|0|14|0|14|6|8|0|14|6|8|0|14|0|14|0|14|0|14|0|14|0|14|0|14|6|8|0|14|0|14|0|14|0|14|0|14|0|14|0|14|0|14|0|14|0|14|0|14|31|24|0|14|0|14|0|14|0|14|0|14|7|11|0|14|11|16|13|14|0|14|0|14|0|14|0|14|0|14|0|14|0|14|0|14|0|14|0|14|13|14|0|14|0|14|0|14|0|14|0|14|7|11|0|14|0|14|6|8|18|19|0|14|0|14|0|14|0|14|0|14|0|14|0|14|11|16|7|11|17|19|5|8|5|9|0|14|0|14|0|14|7|9|0|14|0|14|0|14|60|76|0|14|8|12|0|14|0|14|0|14|52|75|0|14|0|14|0|14
1600000US4538590|717|174|170|98|86|99|70|61|48|37|57|59|116|82|0|14|63|55|107|76|658|181|170|98|86|99|64|60|48|37|57|59|94|75|0|14|63|55|76|72|520|158|141|90|86|99|64|60|29|28|25|28|61|59|0|14|63|55|51|59|138|90|29|42|0|14|0|14|19|25|32|52|33|51|0|14|0|14|25|35|75|69|29|42|0|14|0|14|14|23|32|52|0|14|0|14|0|14|0|14|63|66|0|14|0|14|0|14|5|11|0|14|33|51|0|14|0|14|25|35|31|43|0|14|0|14|0|14|0|14|0|14|0|14|0|14|0|14|31|43|31|43|0|14|0|14|0|14|0|14|0|14|0|14|0|14|0|14|31|43|0|14|0|14|0|14|0|14|0|14|0|14|0|14|0|14|0|14|0|14|0|14|0|14|0|14|0|14|0|14|0|14|0|14|0|14|0|14|0|14|28|39|0|14|0|14|6|9|0|14|0|14|22|37|0|14|0|14|0|14|0|14|0|14|0|14|0|14|0|14|0|14|0|14|0|14|0|14|0|14
1600000US4538950|61|48|9|17|3|6|6|11|0|14|10|17|17|21|5|8|9|13|2|6|49|38|0|14|0|14|6|11|0|14|10|17|17|21|5|8|9|13|2|6|36|33|0|14|0|14|6|11|0|14|0|14|14|18|5|8|9|13|2|6|13|17|0|14|0|14|0|14|0|14|10|17|3|6|0|14|0|14|0|14|10|17|0|14|0|14|0|14|0|14|10|17|0|14|0|14|0|14|0|14|3|6|0|14|0|14|0|14|0|14|0|14|3|6|0|14|0|14|0|14|0|14|0|14|0|14|0|14|0|14|0|14|0|14|0|14|0|14|0|14|0|14|0|14|0|14|0|14|0|14|0|14|0|14|0|14|0|14|0|14|0|14|0|14|0|14|0|14|0|14|0|14|0|14|0|14|0|14|0|14|0|14|0|14|0|14|0|14|0|14|0|14|0|14|0|14|0|14|0|14|12|18|9|17|3|6|0|14|0|14|0|14|0|14|0|14|0|14|0|14|0|14|0|14|0|14|0|14|0|14|0|14|0|14|0|14|0|14|0|14
1600000US4539220|7103|868|401|240|556|222|925|340|945|366|636|297|1530|378|629|323|790|325|691|297|6852|854|328|239|556|222|907|337|945|366|580|283|1512|381|629|323|774|327|621|267|5731|849|282|230|403|178|589|334|892|357|580|283|1159|337|609|320|670|305|547|261|1121|375|46|53|153|118|318|161|53|55|0|22|353|217|20|32|104|137|74|76|820|282|9|17|153|118|294|155|37|46|0|22|223|144|17|26|13|21|74|76|301|199|37|50|0|22|24|46|16|26|0|22|130|138|3|21|91|136|0|22|0|22|0|22|0|22|0|22|0|22|0|22|0|22|0|22|0|22|0|22|0|22|0|22|0|22|0|22|0|22|0|22|0|22|0|22|0|22|0|22|0|22|0|22|0|22|0|22|0|22|0|22|0|22|0|22|0|22|0|22|0|22|0|22|0|22|0|22|0|22|0|22|0|22|0|22|0|22|0|22|87|79|73|77|0|22|0|22|0|22|0|22|0|22|0|22|0|22|14|23|164|137|0|22|0|22|18|32|0|22|56|88|18|32|0|22|16|26|56|88
1600000US4539265|336|291|83|90|4|7|0|14|48|73|40|53|0|14|64|103|97|153|0|14|336|291|83|90|4|7|0|14|48|73|40|53|0|14|64|103|97|153|0|14|336|291|83|90|4|7|0|14|48|73|40|53|0|14|64|103|97|153|0|14|0|14|0|14|0|14|0|14|0|14|0|14|0|14|0|14|0|14|0|14|0|14|0|14|0|14|0|14|0|14|0|14|0|14|0|14|0|14|0|14|0|14|0|14|0|14|0|14|0|14|0|14|0|14|0|14|0|14|0|14|0|14|0|14|0|14|0|14|0|14|0|14|0|14|0|14|0|14|0|14|0|14|0|14|0|14|0|14|0|14|0|14|0|14|0|14|0|14|0|14|0|14|0|14|0|14|0|14|0|14|0|14|0|14|0|14|0|14|0|14|0|14|0|14|0|14|0|14|0|14|0|14|0|14|0|14|0|14|0|14|0|14|0|14|0|14|0|14|0|14|0|14|0|14|0|14|0|14|0|14|0|14|0|14|0|14|0|14|0|14|0|14|0|14|0|14|0|14|0|14
1600000US4539310|2284|375|474|268|817|357|149|95|92|62|38|55|277|118|108|92|90|72|239|177|2231|378|474|268|788|359|149|95|92|62|38|55|277|118|108|92|66|66|239|177|1679|308|294|102|495|263|149|95|67|61|38|55|233|116|108|92|66|66|229|175|552|345|180|203|293|308|0|20|25|31|0|20|44|58|0|20|0|20|10|17|535|345|173|203|293|308|0|20|25|31|0|20|44|58|0|20|0|20|0|20|17|22|7|14|0|20|0|20|0|20|0|20|0|20|0|20|0|20|10|17|16|28|0|20|16|28|0|20|0|20|0|20|0|20|0|20|0|20|0|20|16|28|0|20|16|28|0|20|0|20|0|20|0|20|0|20|0|20|0|20|0|20|0|20|0|20|0|20|0|20|0|20|0|20|0|20|0|20|0|20|0|20|0|20|0|20|0|20|0|20|0|20|0|20|0|20|0|20|0|20|37|41|0|20|13|20|0|20|0|20|0|20|0|20|0|20|24|37|0|20|0|20|0|20|0|20|0|20|0|20|0|20|0|20|0|20|0|20|0|20
1600000US4539475|2588|485|70|83|68|54|245|171|404|255|205|134|657|283|195|148|344|217|400|269|2581|484|63|77|68|54|245|171|404|255|205|134|657|283|195|148|344|217|400|269|2266|490|63|77|68|54|194|152|356|258|205|134|486|229|195|148|344|217|355|261|315|204|0|20|0|20|51|64|48|69|0|20|171|173|0|20|0|20|45|56|305|203|0|20|0|20|51|64|48|69|0|20|161|171|0|20|0|20|45|56|10|16|0|20|0|20|0|20|0|20|0|20|10|16|0|20|0|20|0|20|0|20|0|20|0|20|0|20|0|20|0|20|0|20|0|20|0|20|0|20|0|20|0|20|0|20|0|20|0|20|0|20|0|20|0|20|0|20|0|20|0|20|0|20|0|20|0|20|0|20|0|20|0|20|0|20|0|20|0|20|0|20|0|20|0|20|0|20|0|20|0|20|0|20|0|20|0|20|0|20|0|20|0|20|0|20|0|20|0|20|0|20|0|20|0|20|0|20|0|20|7|23|7|23|0|20|0|20|0|20|0|20|0|20|0|20|0|20|0|20
1600000US4539512|474|207|17|20|14|23|43|58|81|55|17|16|179|160|79|69|33|28|11|17|474|207|17|20|14|23|43|58|81|55|17|16|179|160|79|69|33|28|11|17|440|207|17|20|0|14|43|58|81|55|17|16|167|160|79|69|25|18|11|17|34|40|0|14|14|23|0|14|0|14|0|14|12|20|0|14|8|14|0|14|34|40|0|14|14|23|0|14|0|14|0|14|12|20|0|14|8|14|0|14|0|14|0|14|0|14|0|14|0|14|0|14|0|14|0|14|0|14|0|14|0|14|0|14|0|14|0|14|0|14|0|14|0|14|0|14|0|14|0|14|0|14|0|14|0|14|0|14|0|14|0|14|0|14|0|14|0|14|0|14|0|14|0|14|0|14|0|14|0|14|0|14|0|14|0|14|0|14|0|14|0|14|0|14|0|14|0|14|0|14|0|14|0|14|0|14|0|14|0|14|0|14|0|14|0|14|0|14|0|14|0|14|0|14|0|14|0|14|0|14|0|14|0|14|0|14|0|14|0|14|0|14|0|14|0|14|0|14|0|14
1600000US4539715|281|97|50|40|4|6|67|42|24|28|17|28|61|43|3|5|5|6|50|50|281|97|50|40|4|6|67|42|24|28|17|28|61|43|3|5|5|6|50|50|266|98|50|40|4|6|64|41|24|28|17|28|54|41|3|5|5|6|45|52|15|18|0|14|0|14|3|7|0|14|0|14|7|12|0|14|0|14|5|7|7|12|0|14|0|14|0|14|0|14|0|14|7|12|0|14|0|14|0|14|8|14|0|14|0|14|3|7|0|14|0|14|0|14|0|14|0|14|5|7|0|14|0|14|0|14|0|14|0|14|0|14|0|14|0|14|0|14|0|14|0|14|0|14|0|14|0|14|0|14|0|14|0|14|0|14|0|14|0|14|0|14|0|14|0|14|0|14|0|14|0|14|0|14|0|14|0|14|0|14|0|14|0|14|0|14|0|14|0|14|0|14|0|14|0|14|0|14|0|14|0|14|0|14|0|14|0|14|0|14|0|14|0|14|0|14|0|14|0|14|0|14|0|14|0|14|0|14|0|14|0|14|0|14|0|14|0|14|0|14
1600000US4539772|1657|554|33|40|246|185|385|168|320|205|178|142|70|61|10|24|176|116|239|253|1657|554|33|40|246|185|385|168|320|205|178|142|70|61|10|24|176|116|239|253|1591|573|33|40|227|184|385|168|273|210|178|142|70|61|10|24|176|116|239|253|66|103|0|14|19|28|0|14|47|76|0|14|0|14|0|14|0|14|0|14|66|103|0|14|19|28|0|14|47|76|0|14|0|14|0|14|0|14|0|14|0|14|0|14|0|14|0|14|0|14|0|14|0|14|0|14|0|14|0|14|0|14|0|14|0|14|0|14|0|14|0|14|0|14|0|14|0|14|0|14|0|14|0|14|0|14|0|14|0|14|0|14|0|14|0|14|0|14|0|14|0|14|0|14|0|14|0|14|0|14|0|14|0|14|0|14|0|14|0|14|0|14|0|14|0|14|0|14|0|14|0|14|0|14|0|14|0|14|0|14|0|14|0|14|0|14|0|14|0|14|0|14|0|14|0|14|0|14|0|14|0|14|0|14|0|14|0|14|0|14|0|14|0|14|0|14|0|14|0|14
1600000US4539785|6265|783|731|242|343|223|185|86|1171|401|555|182|1020|333|487|222|967|302|806|303|6036|772|568|215|294|182|168|82|1171|401|555|182|1020|333|487|222|967|302|806|303|5430|713|464|206|184|155|139|76|1117|372|531|183|942|336|469|221|879|288|705|294|606|241|104|81|110|83|29|42|54|59|24|29|78|74|18|28|88|71|101|90|354|156|43|49|72|75|0|22|16|25|24|29|78|74|18|28|67|65|36|57|252|187|61|65|38|52|29|42|38|52|0|22|0|22|0|22|21|27|65|72|0|22|0|22|0|22|0|22|0|22|0|22|0|22|0|22|0|22|0|22|0|22|0|22|0|22|0|22|0|22|0|22|0|22|0|22|0|22|0|22|0|22|0|22|0|22|0|22|0|22|0|22|0|22|0|22|0|22|0|22|0|22|0|22|0|22|0|22|0|22|0|22|0|22|0|22|0|22|0|22|157|161|91|139|49|76|17|29|0|22|0|22|0|22|0|22|0|22|0|22|72|57|72|57|0|22|0|22|0|22|0|22|0|22|0|22|0|22|0|22
1600000US4539805|370|131|29|16|18|31|13|15|101|70|15|14|60|40|86|74|31|29|17|17|362|132|26|15|18|31|13|15|101|70|15|14|55|40|86|74|31|29|17|17|313|116|20|14|18|31|13|15|101|70|15|14|21|17|77|73|31|29|17|17|49|36|6|10|0|14|0|14|0|14|0|14|34|34|9|12|0|14|0|14|49|36|6|10|0|14|0|14|0|14|0|14|34|34|9|12|0|14|0|14|0|14|0|14|0|14|0|14|0|14|0|14|0|14|0|14|0|14|0|14|0|14|0|14|0|14|0|14|0|14|0|14|0|14|0|14|0|14|0|14|0|14|0|14|0|14|0|14|0|14|0|14|0|14|0|14|0|14|0|14|0|14|0|14|0|14|0|14|0|14|0|14|0|14|0|14|0|14|0|14|0|14|0|14|0|14|0|14|0|14|0|14|0|14|0|14|0|14|0|14|0|14|0|14|0|14|0|14|0|14|0|14|0|14|0|14|0|14|0|14|8|9|3|4|0|14|0|14|0|14|0|14|5|8|0|14|0|14|0|14
1600000US4539895|3353|299|597|178|315|138|463|155|181|110|124|81|566|229|341|138|595|159|171|102|3224|299|552|170|288|133|406|159|181|110|124|81|566|229|341|138|595|159|171|102|2885|300|480|154|256|122|353|144|161|101|120|77|519|221|324|133|515|139|157|100|339|144|72|70|32|54|53|66|20|25|4|12|47|47|17|21|80|56|14|22|276|133|68|68|32|54|53|66|13|20|0|20|40|44|9|15|47|41|14|22|63|49|4|11|0|20|0|20|7|15|4|12|7|14|8|15|33|38|0|20|0|20|0|20|0|20|0|20|0|20|0|20|0|20|0|20|0|20|0|20|0|20|0|20|0|20|0|20|0|20|0|20|0|20|0|20|0|20|0|20|0|20|0|20|0|20|0|20|0|20|0|20|0|20|0|20|0|20|0|20|0|20|0|20|0|20|0|20|0|20|0|20|0|20|0|20|0|20|0|20|33|41|0|20|27|40|6|10|0|20|0|20|0|20|0|20|0|20|0|20|96|83|45|47|0|20|51|74|0|20|0|20|0|20|0|20|0|20|0|20
1600000US4540075|948|130|192|75|77|52|98|68|52|43|82|48|198|86|94|41|106|48|49|32|910|124|166|69|74|52|98|68|52|43|82|48|198|86|94|41|106|48|40|28|791|109|147|66|56|46|98|68|48|41|82|48|160|61|94|41|89|48|17|15|119|69|19|20|18|22|0|14|4|11|0|14|38|45|0|14|17|23|23|24|119|69|19|20|18|22|0|14|4|11|0|14|38|45|0|14|17|23|23|24|0|14|0|14|0|14|0|14|0|14|0|14|0|14|0|14|0|14|0|14|0|14|0|14|0|14|0|14|0|14|0|14|0|14|0|14|0|14|0|14|0|14|0|14|0|14|0|14|0|14|0|14|0|14|0|14|0|14|0|14|0|14|0|14|0|14|0|14|0|14|0|14|0|14|0|14|0|14|0|14|0|14|0|14|0|14|0|14|0|14|0|14|0|14|0|14|0|14|0|14|25|30|16|19|0|14|0|14|0|14|0|14|0|14|0|14|0|14|9|13|13|16|10|14|3|6|0|14|0|14|0|14|0|14|0|14|0|14|0|14
1600000US4540210|108|53|1|3|4|6|28|40|21|20|0|14|20|16|1|2|19|17|14|12|108|53|1|3|4|6|28|40|21|20|0|14|20|16|1|2|19|17|14|12|96|53|1|3|3|5|26|40|21|20|0|14|15|15|1|2|19|17|10|12|12|14|0|14|1|2|2|3|0|14|0|14|5|8|0|14|0|14|4|7|12|14|0|14|1|2|2|3|0|14|0|14|5|8|0|14|0|14|4|7|0|14|0|14|0|14|0|14|0|14|0|14|0|14|0|14|0|14|0|14|0|14|0|14|0|14|0|14|0|14|0|14|0|14|0|14|0|14|0|14|0|14|0|14|0|14|0|14|0|14|0|14|0|14|0|14|0|14|0|14|0|14|0|14|0|14|0|14|0|14|0|14|0|14|0|14|0|14|0|14|0|14|0|14|0|14|0|14|0|14|0|14|0|14|0|14|0|14|0|14|0|14|0|14|0|14|0|14|0|14|0|14|0|14|0|14|0|14|0|14|0|14|0|14|0|14|0|14|0|14|0|14|0|14|0|14|0|14|0|14
1600000US4540390|560|253|12|21|92|61|74|76|187|133|61|86|39|36|25|28|64|64|6|10|483|214|12|21|82|62|74|76|120|97|61|86|39|36|25|28|64|64|6|10|429|195|0|14|82|62|74|76|102|89|61|86|24|25|25|28|55|64|6|10|54|58|12|21|0|14|0|14|18|31|0|14|15|25|0|14|9|14|0|14|24|27|0|14|0|14|0|14|0|14|0|14|15|25|0|14|9|14|0|14|30|50|12|21|0|14|0|14|18|31|0|14|0|14|0|14|0|14|0|14|67|86|0|14|0|14|0|14|67|86|0|14|0|14|0|14|0|14|0|14|67|86|0|14|0|14|0|14|67|86|0|14|0|14|0|14|0|14|0|14|0|14|0|14|0|14|0|14|0|14|0|14|0|14|0|14|0|14|0|14|0|14|0|14|0|14|0|14|0|14|0|14|0|14|0|14|0|14|0|14|0|14|0|14|0|14|0|14|0|14|0|14|0|14|0|14|0|14|0|14|10|17|0|14|10|17|0|14|0|14|0|14|0|14|0|14|0|14|0|14
1600000US4540480|588|189|85|53|46|37|246|132|14|16|47|32|40|26|45|31|9|12|56|75|535|191|43|33|46|37|235|131|14|16|47|32|40|26|45|31|9|12|56|75|436|185|36|31|46|37|190|148|14|16|47|32|28|25|45|31|9|12|21|35|99|74|7|9|0|14|45|52|0|14|0|14|12|14|0|14|0|14|35|44|76|67|4|6|0|14|45|52|0|14|0|14|7|11|0|14|0|14|20|37|23|22|3|8|0|14|0|14|0|14|0|14|5|8|0|14|0|14|15|19|0|14|0|14|0|14|0|14|0|14|0|14|0|14|0|14|0|14|0|14|0|14|0|14|0|14|0|14|0|14|0|14|0|14|0|14|0|14|0|14|0|14|0|14|0|14|0|14|0|14|0|14|0|14|0|14|0|14|0|14|0|14|0|14|0|14|0|14|0|14|0|14|0|14|0|14|0|14|0|14|53|45|42|43|0|14|11|20|0|14|0|14|0|14|0|14|0|14|0|14|0|14|0|14|0|14|0|14|0|14|0|14|0|14|0|14|0|14|0|14
1600000US4540525|2357|512|64|49|395|131|488|258|153|86|151|111|696|248|74|69|116|79|220|205|2315|509|64|49|395|131|488|258|153|86|151|111|654|247|74|69|116|79|220|205|2115|511|64|49|395|131|444|252|153|86|106|83|550|242|74|69|116|79|213|205|200|128|0|20|0|20|44|40|0|20|45|59|104|108|0|20|0|20|7|11|200|128|0|20|0|20|44|40|0|20|45|59|104|108|0|20|0|20|7|11|0|20|0|20|0|20|0|20|0|20|0|20|0|20|0|20|0|20|0|20|0|20|0|20|0|20|0|20|0|20|0|20|0|20|0|20|0|20|0|20|0|20|0|20|0|20|0|20|0|20|0|20|0|20|0|20|0|20|0|20|0|20|0|20|0|20|0|20|0|20|0|20|0|20|0|20|0|20|0|20|0|20|0|20|0|20|0|20|0|20|0|20|0|20|0|20|0|20|0|20|0|20|0|20|0|20|0|20|0|20|0|20|0|20|0|20|0|20|0|20|42|50|0|20|0|20|0|20|0|20|0|20|42|50|0|20|0|20|0|20
1600000US4540615|3497|460|950|293|500|228|483|194|443|246|146|93|205|101|278|161|365|244|127|94|3478|460|945|293|486|230|483|194|443|246|146|93|205|101|278|161|365|244|127|94|2877|454|883|293|392|232|379|192|354|210|129|93|190|100|189|121|268|144|93|85|601|273|62|80|94|78|104|85|89|124|17|29|15|28|89|115|97|128|34|39|365|216|13|20|94|78|58|57|89|124|0|20|0|20|0|20|97|128|14|21|236|185|49|76|0|20|46|59|0|20|17|29|15|28|89|115|0|20|20|36|0|20|0|20|0|20|0|20|0|20|0|20|0|20|0|20|0|20|0|20|0|20|0|20|0|20|0|20|0|20|0|20|0|20|0|20|0|20|0|20|0|20|0|20|0|20|0|20|0|20|0|20|0|20|0|20|0|20|0|20|0|20|0|20|0|20|0|20|0|20|0|20|0|20|0|20|0|20|0|20|0|20|0|20|0|20|0|20|0|20|0|20|0|20|0|20|0|20|0|20|19|28|5|8|14|26|0|20|0|20|0|20|0|20|0|20|0|20|0|20
1600000US4541065|1301|337|230|121|65|64|128|94|56|58|207|129|326|246|89|74|77|75|123|140|1228|328|159|96|65|64|128|94|56|58|207|129|324|246|89|74|77|75|123|140|1189|324|159|96|65|64|109|86|36|44|207|129|324|246|89|74|77|75|123|140|39|70|0|14|0|14|19|34|20|35|0|14|0|14|0|14|0|14|0|14|39|70|0|14|0|14|19|34|20|35|0|14|0|14|0|14|0|14|0|14|0|14|0|14|0|14|0|14|0|14|0|14|0|14|0|14|0|14|0|14|0|14|0|14|0|14|0|14|0|14|0|14|0|14|0|14|0|14|0|14|0|14|0|14|0|14|0|14|0|14|0|14|0|14|0|14|0|14|0|14|0|14|0|14|0|14|0|14|0|14|0|14|0|14|0|14|0|14|0|14|0|14|0|14|0|14|0|14|0|14|0|14|0|14|0|14|0|14|0|14|0|14|0|14|0|14|0|14|0|14|0|14|0|14|0|14|0|14|0|14|73|85|71|85|0|14|0|14|0|14|0|14|2|4|0|14|0|14|0|14
1600000US4541335|9930|575|1152|254|907|229|1522|304|2087|366|907|224|1743|358|568|161|588|168|456|151|9550|595|852|216|902|229|1487|306|2069|370|907|224|1729|355|568|161|588|168|448|151|8808|573|817|220|718|194|1367|294|1862|347|853|222|1632|347|554|157|577|159|428|147|742|253|35|36|184|120|120|91|207|159|54|47|97|73|14|17|11|37|20|23|555|242|35|36|164|111|107|89|171|154|21|34|46|40|4|6|7|13|0|26|187|106|0|26|20|49|13|19|36|32|33|37|51|58|10|16|4|35|20|23|0|26|0|26|0|26|0|26|0|26|0|26|0|26|0|26|0|26|0|26|0|26|0|26|0|26|0|26|0|26|0|26|0|26|0|26|0|26|0|26|0|26|0|26|0|26|0|26|0|26|0|26|0|26|0|26|0|26|0|26|0|26|0|26|0|26|0|26|0|26|0|26|0|26|0|26|0|26|0|26|289|158|277|156|0|26|12|18|0|26|0|26|0|26|0|26|0|26|0|26|91|64|23|36|5|9|23|31|18|27|0|26|14|22|0|26|0|26|8|14
1600000US4541380|1264|239|129|106|159|123|89|74|111|70|258|136|217|133|119|66|172|92|10|16|1253|240|129|106|159|123|89|74|111|70|258|136|217|133|108|64|172|92|10|16|1152|262|129|106|159|123|69|72|111|70|204|131|190|126|108|64|172|92|10|16|101|83|0|14|0|14|20|25|0|14|54|73|27|40|0|14|0|14|0|14|81|81|0|14|0|14|0|14|0|14|54|73|27|40|0|14|0|14|0|14|20|25|0|14|0|14|20|25|0|14|0|14|0|14|0|14|0|14|0|14|0|14|0|14|0|14|0|14|0|14|0|14|0|14|0|14|0|14|0|14|0|14|0|14|0|14|0|14|0|14|0|14|0|14|0|14|0|14|0|14|0|14|0|14|0|14|0|14|0|14|0|14|0|14|0|14|0|14|0|14|0|14|0|14|0|14|0|14|0|14|0|14|0|14|0|14|0|14|0|14|0|14|0|14|0|14|0|14|0|14|0|14|0|14|0|14|0|14|0|14|11|18|0|14|0|14|0|14|0|14|0|14|0|14|11|18|0|14|0|14
1600000US4541740|432|173|13|20|23|27|42|40|44|41|31|38|92|72|71|56|50|32|66|50|408|161|13|20|23|27|42|40|44|41|31|38|89|71|71|56|50|32|45|44|305|117|13|20|12|14|42|40|34|38|19|32|55|60|66|55|43|33|21|26|103|94|0|14|11|22|0|14|10|15|12|19|34|41|5|8|7|11|24|37|39|30|0|14|0|14|0|14|10|15|0|14|11|17|5|8|7|11|6|9|64|87|0|14|11|22|0|14|0|14|12|19|23|38|0|14|0|14|18|36|24|29|0|14|0|14|0|14|0|14|0|14|3|7|0|14|0|14|21|27|3|7|0|14|0|14|0|14|0|14|0|14|3|7|0|14|0|14|0|14|0|14|0|14|0|14|0|14|0|14|0|14|0|14|0|14|0|14|0|14|21|27|0|14|0|14|0|14|0|14|0|14|0|14|0|14|0|14|21|27|0|14|0|14|0|14|0|14|0|14|0|14|0|14|0|14|0|14|0|14|0|14|0|14|0|14|0|14|0|14|0|14|0|14|0|14|0|14|0|14
1600000US4541830|2427|473|678|254|238|89|390|140|355|208|98|53|296|114|80|64|81|81|211|114|2267|451|670|253|213|77|314|109|355|208|98|53|270|112|80|64|81|81|186|112|2105|399|559|237|213|77|302|105|355|208|98|53|270|112|41|40|81|81|186|112|162|133|111|119|0|20|12|21|0|20|0|20|0|20|39|46|0|20|0|20|155|133|104|119|0|20|12|21|0|20|0|20|0|20|39|46|0|20|0|20|7|9|7|9|0|20|0|20|0|20|0|20|0|20|0|20|0|20|0|20|0|20|0|20|0|20|0|20|0|20|0|20|0|20|0|20|0|20|0|20|0|20|0|20|0|20|0|20|0|20|0|20|0|20|0|20|0|20|0|20|0|20|0|20|0|20|0|20|0|20|0|20|0|20|0|20|0|20|0|20|0|20|0|20|0|20|0|20|0|20|0|20|0|20|0|20|0|20|0|20|59|68|8|13|0|20|0|20|0|20|0|20|26|34|0|20|0|20|25|35|101|106|0|20|25|33|76|101|0|20|0|20|0|20|0|20|0|20|0|20
1600000US4541965|153|69|18|19|2|4|18|20|22|28|2|4|26|20|41|36|15|13|9|12|153|69|18|19|2|4|18|20|22|28|2|4|26|20|41|36|15|13|9|12|147|68|18|19|2|4|18|20|22|28|0|14|26|20|41|36|11|12|9|12|6|7|0|14|0|14|0|14|0|14|2|4|0|14|0|14|4|6|0|14|6|7|0|14|0|14|0|14|0|14|2|4|0|14|0|14|4|6|0|14|0|14|0|14|0|14|0|14|0|14|0|14|0|14|0|14|0|14|0|14|0|14|0|14|0|14|0|14|0|14|0|14|0|14|0|14|0|14|0|14|0|14|0|14|0|14|0|14|0|14|0|14|0|14|0|14|0|14|0|14|0|14|0|14|0|14|0|14|0|14|0|14|0|14|0|14|0|14|0|14|0|14|0|14|0|14|0|14|0|14|0|14|0|14|0|14|0|14|0|14|0|14|0|14|0|14|0|14|0|14|0|14|0|14|0|14|0|14|0|14|0|14|0|14|0|14|0|14|0|14|0|14|0|14|0|14|0|14|0|14
1600000US4542010|3744|605|708|244|296|119|552|197|709|268|337|255|442|185|148|89|390|267|162|114|3566|586|670|237|296|119|464|173|691|268|329|255|433|183|148|89|373|259|162|114|3018|520|607|226|262|113|351|144|568|201|238|211|331|161|148|89|373|259|140|105|548|233|63|64|34|39|113|114|123|113|91|123|102|91|0|22|0|22|22|37|548|233|63|64|34|39|113|114|123|113|91|123|102|91|0|22|0|22|22|37|0|22|0|22|0|22|0|22|0|22|0|22|0|22|0|22|0|22|0|22|9|14|0|22|0|22|0|22|9|14|0|22|0|22|0|22|0|22|0|22|0|22|0|22|0|22|0|22|0|22|0|22|0|22|0|22|0|22|0|22|0|22|0|22|0|22|0|22|0|22|0|22|0|22|0|22|0|22|0|22|9|14|0|22|0|22|0|22|9|14|0|22|0|22|0|22|0|22|0|22|29|35|29|35|0|22|0|22|0|22|0|22|0|22|0|22|0|22|0|22|140|111|9|14|0|22|88|98|9|15|8|14|9|14|0|22|17|28|0|22
1600000US4542055|111|68|0|14|21|17|2|3|31|35|0|14|28|39|16|20|0|14|13|17|101|67|0|14|11|13|2|3|31|35|0|14|28|39|16|20|0|14|13|17|101|67|0|14|11|13|2|3|31|35|0|14|28|39|16|20|0|14|13|17|0|14|0|14|0|14|0|14|0|14|0|14|0|14|0|14|0|14|0|14|0|14|0|14|0|14|0|14|0|14|0|14|0|14|0|14|0|14|0|14|0|14|0|14|0|14|0|14|0|14|0|14|0|14|0|14|0|14|0|14|0|14|0|14|0|14|0|14|0|14|0|14|0|14|0|14|0|14|0|14|0|14|0|14|0|14|0|14|0|14|0|14|0|14|0|14|0|14|0|14|0|14|0|14|0|14|0|14|0|14|0|14|0|14|0|14|0|14|0|14|0|14|0|14|0|14|0|14|0|14|0|14|0|14|0|14|0|14|0|14|0|14|0|14|0|14|0|14|0|14|0|14|0|14|0|14|0|14|0|14|10|12|0|14|10|12|0|14|0|14|0|14|0|14|0|14|0|14|0|14
1600000US4542095|0|14|0|14|0|14|0|14|0|14|0|14|0|14|0|14|0|14|0|14|0|14|0|14|0|14|0|14|0|14|0|14|0|14|0|14|0|14|0|14|0|14|0|14|0|14|0|14|0|14|0|14|0|14|0|14|0|14|0|14|0|14|0|14|0|14|0|14|0|14|0|14|0|14|0|14|0|14|0|14|0|14|0|14|0|14|0|14|0|14|0|14|0|14|0|14|0|14|0|14|0|14|0|14|0|14|0|14|0|14|0|14|0|14|0|14|0|14|0|14|0|14|0|14|0|14|0|14|0|14|0|14|0|14|0|14|0|14|0|14|0|14|0|14|0|14|0|14|0|14|0|14|0|14|0|14|0|14|0|14|0|14|0|14|0|14|0|14|0|14|0|14|0|14|0|14|0|14|0|14|0|14|0|14|0|14|0|14|0|14|0|14|0|14|0|14|0|14|0|14|0|14|0|14|0|14|0|14|0|14|0|14|0|14|0|14|0|14|0|14|0|14|0|14|0|14|0|14|0|14|0|14|0|14|0|14|0|14|0|14
1600000US4542100|55|34|2|4|4|7|3|8|9|12|0|14|15|12|4|8|16|22|2|5|52|31|2|4|4|7|0|14|9|12|0|14|15|12|4|8|16|22|2|5|44|29|2|4|4|7|0|14|9|12|0|14|15|12|0|14|12|21|2|5|8|10|0|14|0|14|0|14|0|14|0|14|0|14|4|8|4|6|0|14|8|10|0|14|0|14|0|14|0|14|0|14|0|14|4|8|4|6|0|14|0|14|0|14|0|14|0|14|0|14|0|14|0|14|0|14|0|14|0|14|0|14|0|14|0|14|0|14|0|14|0|14|0|14|0|14|0|14|0|14|0|14|0|14|0|14|0|14|0|14|0|14|0|14|0|14|0|14|0|14|0|14|0|14|0|14|0|14|0|14|0|14|0|14|0|14|0|14|0|14|0|14|0|14|0|14|0|14|0|14|0|14|0|14|0|14|0|14|0|14|0|14|0|14|0|14|0|14|0|14|0|14|0|14|0|14|0|14|0|14|3|8|0|14|0|14|3|8|0|14|0|14|0|14|0|14|0|14|0|14
1600000US4542145|56|68|0|14|0|14|14|23|0|14|0|14|42|57|0|14|0|14|0|14|56|68|0|14|0|14|14|23|0|14|0|14|42|57|0|14|0|14|0|14|24|40|0|14|0|14|14|23|0|14|0|14|10|16|0|14|0|14|0|14|32|54|0|14|0|14|0|14|0|14|0|14|32|54|0|14|0|14|0|14|32|54|0|14|0|14|0|14|0|14|0|14|32|54|0|14|0|14|0|14|0|14|0|14|0|14|0|14|0|14|0|14|0|14|0|14|0|14|0|14|0|14|0|14|0|14|0|14|0|14|0|14|0|14|0|14|0|14|0|14|0|14|0|14|0|14|0|14|0|14|0|14|0|14|0|14|0|14|0|14|0|14|0|14|0|14|0|14|0|14|0|14|0|14|0|14|0|14|0|14|0|14|0|14|0|14|0|14|0|14|0|14|0|14|0|14|0|14|0|14|0|14|0|14|0|14|0|14|0|14|0|14|0|14|0|14|0|14|0|14|0|14|0|14|0|14|0|14|0|14|0|14|0|14|0|14|0|14|0|14
1600000US4542190|133|89|8|9|0|14|10|17|20|23|4|7|5|6|50|60|25|23|11|12|130|88|5|6|0|14|10|17|20|23|4|7|5|6|50|60|25|23|11|12|120|87|5|6|0|14|10|17|20|23|4|7|5|6|50|60|18|18|8|11|10|9|0|14|0|14|0|14|0|14|0|14|0|14|0|14|7|8|3|5|10|9|0|14|0|14|0|14|0|14|0|14|0|14|0|14|7|8|3|5|0|14|0|14|0|14|0|14|0|14|0|14|0|14|0|14|0|14|0|14|0|14|0|14|0|14|0|14|0|14|0|14|0|14|0|14|0|14|0|14|0|14|0|14|0|14|0|14|0|14|0|14|0|14|0|14|0|14|0|14|0|14|0|14|0|14|0|14|0|14|0|14|0|14|0|14|0|14|0|14|0|14|0|14|0|14|0|14|0|14|0|14|0|14|0|14|0|14|0|14|3|5|3|5|0|14|0|14|0|14|0|14|0|14|0|14|0|14|0|14|0|14|0|14|0|14|0|14|0|14|0|14|0|14|0|14|0|14|0|14
1600000US4542280|19|17|1|3|0|14|0|14|4|5|0|14|0|14|0|14|10|14|4|5|18|17|0|14|0|14|0|14|4|5|0|14|0|14|0|14|10|14|4|5|18|17|0|14|0|14|0|14|4|5|0|14|0|14|0|14|10|14|4|5|0|14|0|14|0|14|0|14|0|14|0|14|0|14|0|14|0|14|0|14|0|14|0|14|0|14|0|14|0|14|0|14|0|14|0|14|0|14|0|14|0|14|0|14|0|14|0|14|0|14|0|14|0|14|0|14|0|14|0|14|0|14|0|14|0|14|0|14|0|14|0|14|0|14|0|14|0|14|0|14|0|14|0|14|0|14|0|14|0|14|0|14|0|14|0|14|0|14|0|14|0|14|0|14|0|14|0|14|0|14|0|14|0|14|0|14|0|14|0|14|0|14|0|14|0|14|0|14|0|14|0|14|0|14|0|14|0|14|0|14|1|3|1|3|0|14|0|14|0|14|0|14|0|14|0|14|0|14|0|14|0|14|0|14|0|14|0|14|0|14|0|14|0|14|0|14|0|14|0|14
1600000US4542460|0|14|0|14|0|14|0|14|0|14|0|14|0|14|0|14|0|14|0|14|0|14|0|14|0|14|0|14|0|14|0|14|0|14|0|14|0|14|0|14|0|14|0|14|0|14|0|14|0|14|0|14|0|14|0|14|0|14|0|14|0|14|0|14|0|14|0|14|0|14|0|14|0|14|0|14|0|14|0|14|0|14|0|14|0|14|0|14|0|14|0|14|0|14|0|14|0|14|0|14|0|14|0|14|0|14|0|14|0|14|0|14|0|14|0|14|0|14|0|14|0|14|0|14|0|14|0|14|0|14|0|14|0|14|0|14|0|14|0|14|0|14|0|14|0|14|0|14|0|14|0|14|0|14|0|14|0|14|0|14|0|14|0|14|0|14|0|14|0|14|0|14|0|14|0|14|0|14|0|14|0|14|0|14|0|14|0|14|0|14|0|14|0|14|0|14|0|14|0|14|0|14|0|14|0|14|0|14|0|14|0|14|0|14|0|14|0|14|0|14|0|14|0|14|0|14|0|14|0|14|0|14|0|14|0|14|0|14|0|14
1600000US4542730|892|153|139|60|47|51|109|92|59|41|30|30|216|115|127|90|84|56|81|57|856|164|125|60|47|51|109|92|59|41|14|16|210|116|127|90|84|56|81|57|750|162|119|60|47|51|91|84|59|41|14|16|194|116|70|51|84|56|72|55|106|78|6|7|0|14|18|30|0|14|0|14|16|20|57|68|0|14|9|12|97|80|3|5|0|14|18|30|0|14|0|14|16|20|57|68|0|14|3|5|9|12|3|5|0|14|0|14|0|14|0|14|0|14|0|14|0|14|6|11|0|14|0|14|0|14|0|14|0|14|0|14|0|14|0|14|0|14|0|14|0|14|0|14|0|14|0|14|0|14|0|14|0|14|0|14|0|14|0|14|0|14|0|14|0|14|0|14|0|14|0|14|0|14|0|14|0|14|0|14|0|14|0|14|0|14|0|14|0|14|0|14|0|14|0|14|0|14|0|14|13|14|7|12|0|14|0|14|0|14|0|14|6|9|0|14|0|14|0|14|23|37|7|11|0|14|0|14|0|14|16|26|0|14|0|14|0|14|0|14
1600000US4542820|66|48|5|8|1|3|0|14|2|5|8|10|5|8|4|5|36|42|5|10|43|31|5|8|1|3|0|14|2|5|8|10|5|8|4|5|13|15|5|10|38|29|5|8|1|3|0|14|2|5|8|10|5|8|4|5|8|12|5|10|5|8|0|14|0|14|0|14|0|14|0|14|0|14|0|14|5|8|0|14|5|8|0|14|0|14|0|14|0|14|0|14|0|14|0|14|5|8|0|14|0|14|0|14|0|14|0|14|0|14|0|14|0|14|0|14|0|14|0|14|0|14|0|14|0|14|0|14|0|14|0|14|0|14|0|14|0|14|0|14|0|14|0|14|0|14|0|14|0|14|0|14|0|14|0|14|0|14|0|14|0|14|0|14|0|14|0|14|0|14|0|14|0|14|0|14|0|14|0|14|0|14|0|14|0|14|0|14|0|14|0|14|0|14|0|14|0|14|0|14|0|14|0|14|0|14|0|14|0|14|0|14|0|14|0|14|0|14|0|14|23|40|0|14|0|14|0|14|0|14|0|14|0|14|0|14|23|40|0|14
1600000US4542865|107|41|19|18|13|16|5|6|10|10|5|6|23|17|1|2|21|15|10|9|102|41|16|19|13|16|5|6|10|10|5|6|23|17|1|2|21|15|8|8|97|40|16|19|13|16|4|6|10|10|5|6|23|17|1|2|17|14|8|8|5|8|0|14|0|14|1|2|0|14|0|14|0|14|0|14|4|8|0|14|4|8|0|14|0|14|0|14|0|14|0|14|0|14|0|14|4|8|0|14|1|2|0|14|0|14|1|2|0|14|0|14|0|14|0|14|0|14|0|14|0|14|0|14|0|14|0|14|0|14|0|14|0|14|0|14|0|14|0|14|0|14|0|14|0|14|0|14|0|14|0|14|0|14|0|14|0|14|0|14|0|14|0|14|0|14|0|14|0|14|0|14|0|14|0|14|0|14|0|14|0|14|0|14|0|14|0|14|0|14|0|14|0|14|0|14|0|14|0|14|2|5|2|5|0|14|0|14|0|14|0|14|0|14|0|14|0|14|0|14|3|5|1|3|0|14|0|14|0|14|0|14|0|14|0|14|0|14|2|4
1600000US4543000|4124|419|549|162|341|118|678|183|237|97|128|62|1126|249|501|171|366|100|198|87|4124|419|549|162|341|118|678|183|237|97|128|62|1126|249|501|171|366|100|198|87|3693|405|389|123|311|111|595|175|237|97|120|60|992|237|501|171|366|100|182|84|431|169|160|93|30|36|83|50|0|20|8|13|134|109|0|20|0|20|16|27|307|153|113|81|30|36|39|20|0|20|8|13|115|107|0|20|0|20|2|6|124|88|47|49|0|20|44|46|0|20|0|20|19|26|0|20|0|20|14|26|0|20|0|20|0|20|0|20|0|20|0|20|0|20|0|20|0|20|0|20|0|20|0|20|0|20|0|20|0|20|0|20|0|20|0|20|0|20|0|20|0|20|0|20|0|20|0|20|0|20|0|20|0|20|0|20|0|20|0|20|0|20|0|20|0|20|0|20|0|20|0|20|0|20|0|20|0|20|0|20|0|20|0|20|0|20|0|20|0|20|0|20|0|20|0|20|0|20|0|20|0|20|0|20|0|20|0|20|0|20|0|20|0|20|0|20|0|20|0|20
1600000US4543090|169|102|51|40|4|7|41|47|0|14|0|14|2|8|0|14|2|9|69|55|136|102|47|38|4|7|41|47|0|14|0|14|2|8|0|14|2|9|40|45|99|69|42|37|4|7|41|47|0|14|0|14|0|14|0|14|0|14|12|16|37|47|5|9|0|14|0|14|0|14|0|14|2|8|0|14|2|9|28|42|0|14|0|14|0|14|0|14|0|14|0|14|0|14|0|14|0|14|0|14|37|47|5|9|0|14|0|14|0|14|0|14|2|8|0|14|2|9|28|42|29|42|0|14|0|14|0|14|0|14|0|14|0|14|0|14|0|14|29|42|29|42|0|14|0|14|0|14|0|14|0|14|0|14|0|14|0|14|29|42|0|14|0|14|0|14|0|14|0|14|0|14|0|14|0|14|0|14|0|14|0|14|0|14|0|14|0|14|0|14|0|14|0|14|0|14|0|14|0|14|4|7|4|7|0|14|0|14|0|14|0|14|0|14|0|14|0|14|0|14|0|14|0|14|0|14|0|14|0|14|0|14|0|14|0|14|0|14|0|14
1600000US4543135|64|79|0|14|0|14|64|79|0|14|0|14|0|14|0|14|0|14|0|14|64|79|0|14|0|14|64|79|0|14|0|14|0|14|0|14|0|14|0|14|64|79|0|14|0|14|64|79|0|14|0|14|0|14|0|14|0|14|0|14|0|14|0|14|0|14|0|14|0|14|0|14|0|14|0|14|0|14|0|14|0|14|0|14|0|14|0|14|0|14|0|14|0|14|0|14|0|14|0|14|0|14|0|14|0|14|0|14|0|14|0|14|0|14|0|14|0|14|0|14|0|14|0|14|0|14|0|14|0|14|0|14|0|14|0|14|0|14|0|14|0|14|0|14|0|14|0|14|0|14|0|14|0|14|0|14|0|14|0|14|0|14|0|14|0|14|0|14|0|14|0|14|0|14|0|14|0|14|0|14|0|14|0|14|0|14|0|14|0|14|0|14|0|14|0|14|0|14|0|14|0|14|0|14|0|14|0|14|0|14|0|14|0|14|0|14|0|14|0|14|0|14|0|14|0|14|0|14|0|14|0|14|0|14|0|14|0|14|0|14
1600000US4543315|3032|325|273|136|254|146|966|260|613|253|184|128|275|110|171|132|108|74|188|115|2991|316|268|134|231|137|966|260|604|252|184|128|275|110|171|132|108|74|184|110|2567|349|200|123|200|120|818|227|564|252|175|130|206|93|162|130|86|63|156|102|424|223|68|95|31|38|148|102|40|42|9|14|69|69|9|13|22|36|28|34|184|94|0|20|31|38|58|71|22|30|9|14|14|24|9|13|13|25|28|34|240|206|68|95|0|20|90|85|18|30|0|20|55|62|0|20|9|26|0|20|0|20|0|20|0|20|0|20|0|20|0|20|0|20|0|20|0|20|0|20|0|20|0|20|0|20|0|20|0|20|0|20|0|20|0|20|0|20|0|20|0|20|0|20|0|20|0|20|0|20|0|20|0|20|0|20|0|20|0|20|0|20|0|20|0|20|0|20|0|20|0|20|0|20|0|20|0|20|0|20|23|38|0|20|23|38|0|20|0|20|0|20|0|20|0|20|0|20|0|20|18|31|5|10|0|20|0|20|9|14|0|20|0|20|0|20|0|20|4|23
1600000US4543360|92|72|0|14|4|9|2|3|4|7|3|4|9|12|61|71|9|9|0|14|92|72|0|14|4|9|2|3|4|7|3|4|9|12|61|71|9|9|0|14|35|22|0|14|4|9|0|14|4|7|3|4|9|12|8|9|7|8|0|14|57|69|0|14|0|14|2|3|0|14|0|14|0|14|53|69|2|3|0|14|57|69|0|14|0|14|2|3|0|14|0|14|0|14|53|69|2|3|0|14|0|14|0|14|0|14|0|14|0|14|0|14|0|14|0|14|0|14|0|14|0|14|0|14|0|14|0|14|0|14|0|14|0|14|0|14|0|14|0|14|0|14|0|14|0|14|0|14|0|14|0|14|0|14|0|14|0|14|0|14|0|14|0|14|0|14|0|14|0|14|0|14|0|14|0|14|0|14|0|14|0|14|0|14|0|14|0|14|0|14|0|14|0|14|0|14|0|14|0|14|0|14|0|14|0|14|0|14|0|14|0|14|0|14|0|14|0|14|0|14|0|14|0|14|0|14|0|14|0|14|0|14|0|14|0|14|0|14|0|14
1600000US4543495|261|97|99|60|22|21|22|18|50|32|3|5|17|16|6|6|14|16|28|33|251|96|89|58|22|21|22|18|50|32|3|5|17|16|6|6|14|16|28|33|243|91|89|58|22|21|22|18|42|23|3|5|17|16|6|6|14|16|28|33|8|19|0|14|0|14|0|14|8|19|0|14|0|14|0|14|0|14|0|14|8|19|0|14|0|14|0|14|8|19|0|14|0|14|0|14|0|14|0|14|0|14|0|14|0|14|0|14|0|14|0|14|0|14|0|14|0|14|0|14|0|14|0|14|0|14|0|14|0|14|0|14|0|14|0|14|0|14|0|14|0|14|0|14|0|14|0|14|0|14|0|14|0|14|0|14|0|14|0|14|0|14|0|14|0|14|0|14|0|14|0|14|0|14|0|14|0|14|0|14|0|14|0|14|0|14|0|14|0|14|0|14|0|14|0|14|0|14|0|14|10|12|10|12|0|14|0|14|0|14|0|14|0|14|0|14|0|14|0|14|0|14|0|14|0|14|0|14|0|14|0|14|0|14|0|14|0|14|0|14
1600000US4543585|246|86|10|11|8|9|8|9|5|7|32|30|21|16|44|31|77|49|41|21|243|86|7|9|8|9|8|9|5|7|32|30|21|16|44|31|77|49|41|21|217|79|6|6|8|9|8|9|5|7|32|30|21|16|42|31|60|43|35|19|26|21|1|5|0|14|0|14|0|14|0|14|0|14|2|3|17|19|6|8|21|16|1|5|0|14|0|14|0|14|0|14|0|14|2|3|12|13|6|8|5|8|0|14|0|14|0|14|0|14|0|14|0|14|0|14|5|8|0|14|0|14|0|14|0|14|0|14|0|14|0|14|0|14|0|14|0|14|0|14|0|14|0|14|0|14|0|14|0|14|0|14|0|14|0|14|0|14|0|14|0|14|0|14|0|14|0|14|0|14|0|14|0|14|0|14|0|14|0|14|0|14|0|14|0|14|0|14|0|14|0|14|0|14|0|14|0|14|0|14|3|6|3|6|0|14|0|14|0|14|0|14|0|14|0|14|0|14|0|14|0|14|0|14|0|14|0|14|0|14|0|14|0|14|0|14|0|14|0|14
1600000US4543630|544|204|4|7|24|23|222|163|92|54|23|20|44|45|83|71|24|24|28|29|519|204|4|7|11|16|222|163|92|54|23|20|32|41|83|71|24|24|28|29|493|196|4|7|11|16|196|154|92|54|23|20|32|41|83|71|24|24|28|29|26|35|0|14|0|14|26|35|0|14|0|14|0|14|0|14|0|14|0|14|26|35|0|14|0|14|26|35|0|14|0|14|0|14|0|14|0|14|0|14|0|14|0|14|0|14|0|14|0|14|0|14|0|14|0|14|0|14|0|14|0|14|0|14|0|14|0|14|0|14|0|14|0|14|0|14|0|14|0|14|0|14|0|14|0|14|0|14|0|14|0|14|0|14|0|14|0|14|0|14|0|14|0|14|0|14|0|14|0|14|0|14|0|14|0|14|0|14|0|14|0|14|0|14|0|14|0|14|0|14|0|14|0|14|0|14|0|14|0|14|25|24|0|14|13|19|0|14|0|14|0|14|12|15|0|14|0|14|0|14|0|14|0|14|0|14|0|14|0|14|0|14|0|14|0|14|0|14|0|14
1600000US4543675|104|46|22|23|1|3|3|4|17|12|3|4|20|14|4|8|23|15|11|12|86|38|4|5|1|3|3|4|17|12|3|4|20|14|4|8|23|15|11|12|80|36|4|5|0|14|3|4|13|10|3|4|20|14|4|8|23|15|10|11|6|7|0|14|1|3|0|14|4|6|0|14|0|14|0|14|0|14|1|3|6|7|0|14|1|3|0|14|4|6|0|14|0|14|0|14|0|14|1|3|0|14|0|14|0|14|0|14|0|14|0|14|0|14|0|14|0|14|0|14|0|14|0|14|0|14|0|14|0|14|0|14|0|14|0|14|0|14|0|14|0|14|0|14|0|14|0|14|0|14|0|14|0|14|0|14|0|14|0|14|0|14|0|14|0|14|0|14|0|14|0|14|0|14|0|14|0|14|0|14|0|14|0|14|0|14|0|14|0|14|0|14|0|14|0|14|0|14|0|14|17|24|17|24|0|14|0|14|0|14|0|14|0|14|0|14|0|14|0|14|1|4|1|4|0|14|0|14|0|14|0|14|0|14|0|14|0|14|0|14
1600000US4543720|569|237|182|83|69|61|0|14|38|45|0|14|47|39|145|118|59|64|29|31|536|232|158|81|64|61|0|14|38|45|0|14|47|39|145|118|59|64|25|30|526|229|158|81|64|61|0|14|38|45|0|14|47|39|145|118|59|64|15|21|10|19|0|14|0|14|0|14|0|14|0|14|0|14|0|14|0|14|10|19|0|14|0|14|0|14|0|14|0|14|0|14|0|14|0|14|0|14|0|14|10|19|0|14|0|14|0|14|0|14|0|14|0|14|0|14|0|14|10|19|0|14|0|14|0|14|0|14|0|14|0|14|0|14|0|14|0|14|0|14|0|14|0|14|0|14|0|14|0|14|0|14|0|14|0|14|0|14|0|14|0|14|0|14|0|14|0|14|0|14|0|14|0|14|0|14|0|14|0|14|0|14|0|14|0|14|0|14|0|14|0|14|0|14|0|14|0|14|0|14|22|23|22|23|0|14|0|14|0|14|0|14|0|14|0|14|0|14|0|14|11|12|2|5|5|9|0|14|0|14|0|14|0|14|0|14|0|14|4|7
1600000US4544350|1058|210|174|98|256|149|93|89|80|58|40|56|150|111|25|31|166|117|74|65|978|217|163|97|256|149|48|67|80|58|40|56|126|112|25|31|166|117|74|65|892|227|140|93|256|149|48|67|52|45|5|14|126|112|25|31|166|117|74|65|86|62|23|32|0|14|0|14|28|42|35|49|0|14|0|14|0|14|0|14|58|57|23|32|0|14|0|14|0|14|35|49|0|14|0|14|0|14|0|14|28|42|0|14|0|14|0|14|28|42|0|14|0|14|0|14|0|14|0|14|11|23|0|14|0|14|11|23|0|14|0|14|0|14|0|14|0|14|0|14|11|23|0|14|0|14|11|23|0|14|0|14|0|14|0|14|0|14|0|14|0|14|0|14|0|14|0|14|0|14|0|14|0|14|0|14|0|14|0|14|0|14|0|14|0|14|0|14|0|14|0|14|0|14|0|14|0|14|0|14|0|14|0|14|0|14|0|14|0|14|0|14|0|14|0|14|0|14|0|14|69|80|11|18|0|14|34|49|0|14|0|14|24|32|0|14|0|14|0|14
1600000US4544395|211|132|84|79|0|14|53|61|8|16|0|14|32|41|11|19|7|13|16|21|211|132|84|79|0|14|53|61|8|16|0|14|32|41|11|19|7|13|16|21|180|118|53|59|0|14|53|61|8|16|0|14|32|41|11|19|7|13|16|21|31|34|31|34|0|14|0|14|0|14|0|14|0|14|0|14|0|14|0|14|31|34|31|34|0|14|0|14|0|14|0|14|0|14|0|14|0|14|0|14|0|14|0|14|0|14|0|14|0|14|0|14|0|14|0|14|0|14|0|14|0|14|0|14|0|14|0|14|0|14|0|14|0|14|0|14|0|14|0|14|0|14|0|14|0|14|0|14|0|14|0|14|0|14|0|14|0|14|0|14|0|14|0|14|0|14|0|14|0|14|0|14|0|14|0|14|0|14|0|14|0|14|0|14|0|14|0|14|0|14|0|14|0|14|0|14|0|14|0|14|0|14|0|14|0|14|0|14|0|14|0|14|0|14|0|14|0|14|0|14|0|14|0|14|0|14|0|14|0|14|0|14|0|14|0|14|0|14|0|14
1600000US4544575|1896|318|206|173|238|132|197|138|85|68|0|20|518|312|497|219|99|82|56|50|1852|328|206|173|204|121|187|139|85|68|0|20|518|312|497|219|99|82|56|50|1776|324|206|173|200|120|160|138|85|68|0|20|518|312|452|207|99|82|56|50|76|63|0|20|4|10|27|46|0|20|0|20|0|20|45|43|0|20|0|20|57|56|0|20|4|10|27|46|0|20|0|20|0|20|26|31|0|20|0|20|19|34|0|20|0|20|0|20|0|20|0|20|0|20|19|34|0|20|0|20|0|20|0|20|0|20|0|20|0|20|0|20|0|20|0|20|0|20|0|20|0|20|0|20|0|20|0|20|0|20|0|20|0|20|0|20|0|20|0|20|0|20|0|20|0|20|0|20|0|20|0|20|0|20|0|20|0|20|0|20|0|20|0|20|0|20|0|20|0|20|0|20|0|20|0|20|0|20|0|20|0|20|0|20|0|20|0|20|0|20|0|20|0|20|0|20|0|20|0|20|44|63|0|20|34|58|10|20|0|20|0|20|0|20|0|20|0|20|0|20
1600000US4545115|11825|878|730|298|2320|586|2708|490|2419|486|901|292|1513|589|499|226|420|207|315|176|11399|851|686|293|2274|581|2521|472|2419|486|771|263|1508|590|499|226|420|207|301|174|10467|862|632|276|1997|481|2351|468|2331|484|749|254|1331|568|418|180|373|192|285|170|932|346|54|40|277|229|170|120|88|62|22|50|177|123|81|103|47|70|16|24|824|324|54|40|277|229|69|75|81|62|22|50|177|123|81|103|47|70|16|24|108|98|0|26|0|26|101|93|7|13|0|26|0|26|0|26|0|26|0|26|13|22|13|22|0|26|0|26|0|26|0|26|0|26|0|26|0|26|0|26|13|22|13|22|0|26|0|26|0|26|0|26|0|26|0|26|0|26|0|26|0|26|0|26|0|26|0|26|0|26|0|26|0|26|0|26|0|26|0|26|0|26|0|26|0|26|0|26|0|26|0|26|0|26|0|26|0|26|0|26|130|120|11|17|0|26|20|32|0|26|99|113|0|26|0|26|0|26|0|26|283|257|20|32|46|54|167|241|0|26|31|36|5|9|0|26|0|26|14|22
1600000US4545295|304|126|11|12|8|15|146|102|63|35|39|65|16|15|8|16|13|17|0|14|300|126|7|10|8|15|146|102|63|35|39|65|16|15|8|16|13|17|0|14|268|123|7|10|8|15|114|91|63|35|39|65|16|15|8|16|13|17|0|14|32|34|0|14|0|14|32|34|0|14|0|14|0|14|0|14|0|14|0|14|29|34|0|14|0|14|29|34|0|14|0|14|0|14|0|14|0|14|0|14|3|5|0|14|0|14|3|5|0|14|0|14|0|14|0|14|0|14|0|14|0|14|0|14|0|14|0|14|0|14|0|14|0|14|0|14|0|14|0|14|0|14|0|14|0|14|0|14|0|14|0|14|0|14|0|14|0|14|0|14|0|14|0|14|0|14|0|14|0|14|0|14|0|14|0|14|0|14|0|14|0|14|0|14|0|14|0|14|0|14|0|14|0|14|0|14|0|14|0|14|4|6|4|6|0|14|0|14|0|14|0|14|0|14|0|14|0|14|0|14|0|14|0|14|0|14|0|14|0|14|0|14|0|14|0|14|0|14|0|14
1600000US4545430|1054|340|132|112|49|54|142|114|402|239|123|122|153|106|24|36|12|20|17|22|932|321|77|77|17|22|107|104|402|239|123|122|153|106|24|36|12|20|17|22|856|321|77|77|17|22|107|104|363|243|123|122|116|101|24|36|12|20|17|22|76|69|0|14|0|14|0|14|39|47|0|14|37|29|0|14|0|14|0|14|66|69|0|14|0|14|0|14|29|45|0|14|37|29|0|14|0|14|0|14|10|16|0|14|0|14|0|14|10|16|0|14|0|14|0|14|0|14|0|14|0|14|0|14|0|14|0|14|0|14|0|14|0|14|0|14|0|14|0|14|0|14|0|14|0|14|0|14|0|14|0|14|0|14|0|14|0|14|0|14|0|14|0|14|0|14|0|14|0|14|0|14|0|14|0|14|0|14|0|14|0|14|0|14|0|14|0|14|0|14|0|14|0|14|0|14|0|14|0|14|55|83|55|83|0|14|0|14|0|14|0|14|0|14|0|14|0|14|0|14|67|103|0|14|32|50|35|54|0|14|0|14|0|14|0|14|0|14|0|14
1600000US4545790|558|264|54|36|33|22|44|27|14|14|22|15|214|235|42|21|75|29|60|36|550|264|54|36|33|22|44|27|14|14|18|13|214|235|42|21|75|29|56|35|468|178|51|36|33|22|44|27|7|11|18|13|153|139|42|21|72|29|48|33|82|104|3|5|0|14|0|14|7|9|0|14|61|104|0|14|3|4|8|9|79|104|3|5|0|14|0|14|7|9|0|14|58|103|0|14|3|4|8|9|3|4|0|14|0|14|0|14|0|14|0|14|3|4|0|14|0|14|0|14|0|14|0|14|0|14|0|14|0|14|0|14|0|14|0|14|0|14|0|14|0|14|0|14|0|14|0|14|0|14|0|14|0|14|0|14|0|14|0|14|0|14|0|14|0|14|0|14|0|14|0|14|0|14|0|14|0|14|0|14|0|14|0|14|0|14|0|14|0|14|0|14|0|14|0|14|0|14|0|14|4|5|0|14|0|14|0|14|0|14|4|5|0|14|0|14|0|14|0|14|4|6|0|14|0|14|0|14|0|14|0|14|0|14|0|14|0|14|4|6
1600000US4547050|169|80|0|14|0|14|0|14|0|14|28|43|5|9|28|24|11|12|97|71|169|80|0|14|0|14|0|14|0|14|28|43|5|9|28|24|11|12|97|71|169|80|0|14|0|14|0|14|0|14|28|43|5|9|28|24|11|12|97|71|0|14|0|14|0|14|0|14|0|14|0|14|0|14|0|14|0|14|0|14|0|14|0|14|0|14|0|14|0|14|0|14|0|14|0|14|0|14|0|14|0|14|0|14|0|14|0|14|0|14|0|14|0|14|0|14|0|14|0|14|0|14|0|14|0|14|0|14|0|14|0|14|0|14|0|14|0|14|0|14|0|14|0|14|0|14|0|14|0|14|0|14|0|14|0|14|0|14|0|14|0|14|0|14|0|14|0|14|0|14|0|14|0|14|0|14|0|14|0|14|0|14|0|14|0|14|0|14|0|14|0|14|0|14|0|14|0|14|0|14|0|14|0|14|0|14|0|14|0|14|0|14|0|14|0|14|0|14|0|14|0|14|0|14|0|14|0|14|0|14|0|14|0|14|0|14|0|14|0|14
1600000US4547200|571|166|24|25|70|48|125|83|102|98|5|9|88|75|82|63|30|40|45|37|550|163|20|23|70|48|108|76|102|98|5|9|88|75|82|63|30|40|45|37|438|147|20|23|61|39|108|76|42|63|0|14|80|76|82|63|30|40|15|21|112|87|0|14|9|19|0|14|60|79|5|9|8|14|0|14|0|14|30|34|52|44|0|14|9|19|0|14|0|14|5|9|8|14|0|14|0|14|30|34|60|79|0|14|0|14|0|14|60|79|0|14|0|14|0|14|0|14|0|14|0|14|0|14|0|14|0|14|0|14|0|14|0|14|0|14|0|14|0|14|0|14|0|14|0|14|0|14|0|14|0|14|0|14|0|14|0|14|0|14|0|14|0|14|0|14|0|14|0|14|0|14|0|14|0|14|0|14|0|14|0|14|0|14|0|14|0|14|0|14|0|14|0|14|0|14|0|14|0|14|4|9|4|9|0|14|0|14|0|14|0|14|0|14|0|14|0|14|0|14|17|28|0|14|0|14|17|28|0|14|0|14|0|14|0|14|0|14|0|14
1600000US4547275|6786|430|710|201|941|325|900|271|529|221|478|210|1100|316|728|271|786|285|614|299|6586|434|614|180|890|325|900|271|529|221|478|210|1100|316|728|271|786|285|561|279|6173|463|504|146|862|310|864|269|500|219|390|170|1057|313|682|262|773|284|541|276|413|224|110|97|28|48|36|52|29|40|88|132|43|42|46|60|13|23|20|31|341|210|95|94|0|22|36|52|0|22|88|132|43|42|46|60|13|23|20|31|72|68|15|25|28|48|0|22|29|40|0|22|0|22|0|22|0|22|0|22|0|22|0|22|0|22|0|22|0|22|0|22|0|22|0|22|0|22|0|22|0|22|0|22|0|22|0|22|0|22|0|22|0|22|0|22|0|22|0|22|0|22|0|22|0|22|0|22|0|22|0|22|0|22|0|22|0|22|0|22|0|22|0|22|0|22|0|22|0|22|0|22|0|22|0|22|0|22|0|22|15|25|15|25|0|22|0|22|0|22|0|22|0|22|0|22|0|22|0|22|185|162|81|73|51|72|0|22|0|22|0|22|0|22|0|22|0|22|53|78
1600000US4547320|99|91|7|8|10|13|0|14|4|9|7|16|48|78|2|3|12|10|9|13|99|91|7|8|10|13|0|14|4|9|7|16|48|78|2|3|12|10|9|13|78|58|7|8|10|13|0|14|2|4|7|16|29|40|2|3|12|10|9|13|21|41|0|14|0|14|0|14|2|8|0|14|19|41|0|14|0|14|0|14|21|41|0|14|0|14|0|14|2|8|0|14|19|41|0|14|0|14|0|14|0|14|0|14|0|14|0|14|0|14|0|14|0|14|0|14|0|14|0|14|0|14|0|14|0|14|0|14|0|14|0|14|0|14|0|14|0|14|0|14|0|14|0|14|0|14|0|14|0|14|0|14|0|14|0|14|0|14|0|14|0|14|0|14|0|14|0|14|0|14|0|14|0|14|0|14|0|14|0|14|0|14|0|14|0|14|0|14|0|14|0|14|0|14|0|14|0|14|0|14|0|14|0|14|0|14|0|14|0|14|0|14|0|14|0|14|0|14|0|14|0|14|0|14|0|14|0|14|0|14|0|14|0|14|0|14|0|14|0|14
1600000US4548310|70|70|0|14|0|14|0|14|0|14|26|28|14|15|0|14|8|13|22|36|70|70|0|14|0|14|0|14|0|14|26|28|14|15|0|14|8|13|22|36|70|70|0|14|0|14|0|14|0|14|26|28|14|15|0|14|8|13|22|36|0|14|0|14|0|14|0|14|0|14|0|14|0|14|0|14|0|14|0|14|0|14|0|14|0|14|0|14|0|14|0|14|0|14|0|14|0|14|0|14|0|14|0|14|0|14|0|14|0|14|0|14|0|14|0|14|0|14|0|14|0|14|0|14|0|14|0|14|0|14|0|14|0|14|0|14|0|14|0|14|0|14|0|14|0|14|0|14|0|14|0|14|0|14|0|14|0|14|0|14|0|14|0|14|0|14|0|14|0|14|0|14|0|14|0|14|0|14|0|14|0|14|0|14|0|14|0|14|0|14|0|14|0|14|0|14|0|14|0|14|0|14|0|14|0|14|0|14|0|14|0|14|0|14|0|14|0|14|0|14|0|14|0|14|0|14|0|14|0|14|0|14|0|14|0|14|0|14|0|14
1600000US4548355|56|47|3|4|9|11|13|15|1|4|2|6|7|11|4|5|5|7|12|25|56|47|3|4|9|11|13|15|1|4|2|6|7|11|4|5|5|7|12|25|54|46|3|4|7|9|13|15|1|4|2|6|7|11|4|5|5|7|12|25|2|6|0|14|2|6|0|14|0|14|0|14|0|14|0|14|0|14|0|14|2|6|0|14|2|6|0|14|0|14|0|14|0|14|0|14|0|14|0|14|0|14|0|14|0|14|0|14|0|14|0|14|0|14|0|14|0|14|0|14|0|14|0|14|0|14|0|14|0|14|0|14|0|14|0|14|0|14|0|14|0|14|0|14|0|14|0|14|0|14|0|14|0|14|0|14|0|14|0|14|0|14|0|14|0|14|0|14|0|14|0|14|0|14|0|14|0|14|0|14|0|14|0|14|0|14|0|14|0|14|0|14|0|14|0|14|0|14|0|14|0|14|0|14|0|14|0|14|0|14|0|14|0|14|0|14|0|14|0|14|0|14|0|14|0|14|0|14|0|14|0|14|0|14|0|14|0|14|0|14
1600000US4548535|34628|1595|2988|492|5340|995|5115|751|5869|855|3808|598|5051|684|2724|704|1698|318|2035|705|33815|1603|2790|478|5221|997|5009|754|5769|875|3808|598|5031|680|2724|704|1650|322|1813|692|31351|1490|2644|454|4779|966|4709|740|5172|793|3587|574|4861|680|2617|692|1471|300|1511|664|2464|554|146|100|442|203|300|161|597|439|221|129|170|106|107|73|179|131|302|187|2037|515|118|91|256|133|273|162|586|438|199|118|129|97|107|73|179|131|190|142|427|206|28|43|186|154|27|36|11|21|22|35|41|61|0|33|0|33|112|130|32|43|1|2|0|33|0|33|0|33|0|33|9|23|0|33|22|37|0|33|32|43|1|2|0|33|0|33|0|33|0|33|9|23|0|33|22|37|0|33|0|33|0|33|0|33|0|33|0|33|0|33|0|33|0|33|0|33|0|33|0|33|0|33|0|33|0|33|0|33|0|33|0|33|0|33|0|33|0|33|271|137|166|95|49|64|4|8|52|46|0|33|0|33|0|33|0|33|0|33|510|150|31|40|70|69|102|71|48|49|0|33|11|22|0|33|26|23|222|107
1600000US4548670|99|83|31|50|68|63|0|14|0|14|0|14|0|14|0|14|0|14|0|14|68|63|0|14|68|63|0|14|0|14|0|14|0|14|0|14|0|14|0|14|68|63|0|14|68|63|0|14|0|14|0|14|0|14|0|14|0|14|0|14|0|14|0|14|0|14|0|14|0|14|0|14|0|14|0|14|0|14|0|14|0|14|0|14|0|14|0|14|0|14|0|14|0|14|0|14|0|14|0|14|0|14|0|14|0|14|0|14|0|14|0|14|0|14|0|14|0|14|0|14|0|14|0|14|0|14|0|14|0|14|0|14|0|14|0|14|0|14|0|14|0|14|0|14|0|14|0|14|0|14|0|14|0|14|0|14|0|14|0|14|0|14|0|14|0|14|0|14|0|14|0|14|0|14|0|14|0|14|0|14|0|14|0|14|0|14|0|14|0|14|0|14|0|14|0|14|0|14|0|14|31|50|31|50|0|14|0|14|0|14|0|14|0|14|0|14|0|14|0|14|0|14|0|14|0|14|0|14|0|14|0|14|0|14|0|14|0|14|0|14
1600000US4548737|102|73|13|21|0|14|10|20|19|29|0|14|31|45|0|14|0|14|29|46|102|73|13|21|0|14|10|20|19|29|0|14|31|45|0|14|0|14|29|46|83|71|13|21|0|14|0|14|10|16|0|14|31|45|0|14|0|14|29|46|19|24|0|14|0|14|10|20|9|25|0|14|0|14|0|14|0|14|0|14|9|25|0|14|0|14|0|14|9|25|0|14|0|14|0|14|0|14|0|14|10|20|0|14|0|14|10|20|0|14|0|14|0|14|0|14|0|14|0|14|0|14|0|14|0|14|0|14|0|14|0|14|0|14|0|14|0|14|0|14|0|14|0|14|0|14|0|14|0|14|0|14|0|14|0|14|0|14|0|14|0|14|0|14|0|14|0|14|0|14|0|14|0|14|0|14|0|14|0|14|0|14|0|14|0|14|0|14|0|14|0|14|0|14|0|14|0|14|0|14|0|14|0|14|0|14|0|14|0|14|0|14|0|14|0|14|0|14|0|14|0|14|0|14|0|14|0|14|0|14|0|14|0|14|0|14|0|14|0|14
1600000US4548805|1286|249|175|125|233|133|119|79|115|106|68|68|103|109|32|46|156|95|285|170|1286|249|175|125|233|133|119|79|115|106|68|68|103|109|32|46|156|95|285|170|1118|237|175|125|123|108|117|79|115|106|68|68|103|109|32|46|156|95|229|152|168|128|0|14|110|120|2|6|0|14|0|14|0|14|0|14|0|14|56|58|166|128|0|14|110|120|0|14|0|14|0|14|0|14|0|14|0|14|56|58|2|6|0|14|0|14|2|6|0|14|0|14|0|14|0|14|0|14|0|14|0|14|0|14|0|14|0|14|0|14|0|14|0|14|0|14|0|14|0|14|0|14|0|14|0|14|0|14|0|14|0|14|0|14|0|14|0|14|0|14|0|14|0|14|0|14|0|14|0|14|0|14|0|14|0|14|0|14|0|14|0|14|0|14|0|14|0|14|0|14|0|14|0|14|0|14|0|14|0|14|0|14|0|14|0|14|0|14|0|14|0|14|0|14|0|14|0|14|0|14|0|14|0|14|0|14|0|14|0|14|0|14|0|14|0|14|0|14|0|14
1600000US4548900|570|253|20|24|35|42|114|97|62|53|115|79|115|108|78|62|31|28|0|14|570|253|20|24|35|42|114|97|62|53|115|79|115|108|78|62|31|28|0|14|467|197|5|9|14|23|56|52|62|53|115|79|115|108|78|62|22|27|0|14|103|94|15|22|21|31|58|80|0|14|0|14|0|14|0|14|9|13|0|14|103|94|15|22|21|31|58|80|0|14|0|14|0|14|0|14|9|13|0|14|0|14|0|14|0|14|0|14|0|14|0|14|0|14|0|14|0|14|0|14|0|14|0|14|0|14|0|14|0|14|0|14|0|14|0|14|0|14|0|14|0|14|0|14|0|14|0|14|0|14|0|14|0|14|0|14|0|14|0|14|0|14|0|14|0|14|0|14|0|14|0|14|0|14|0|14|0|14|0|14|0|14|0|14|0|14|0|14|0|14|0|14|0|14|0|14|0|14|0|14|0|14|0|14|0|14|0|14|0|14|0|14|0|14|0|14|0|14|0|14|0|14|0|14|0|14|0|14|0|14|0|14|0|14|0|14|0|14|0|14
1600000US4548985|3511|552|700|183|297|230|830|226|537|247|184|115|244|122|427|173|165|99|127|89|3469|554|667|187|297|230|821|225|537|247|184|115|244|122|427|173|165|99|127|89|3186|483|594|179|136|88|791|224|537|247|184|115|244|122|427|173|165|99|108|85|283|235|73|51|161|231|30|32|0|22|0|22|0|22|0|22|0|22|19|28|267|235|66|52|152|230|30|32|0|22|0|22|0|22|0|22|0|22|19|28|16|20|7|12|9|16|0|22|0|22|0|22|0|22|0|22|0|22|0|22|0|22|0|22|0|22|0|22|0|22|0|22|0|22|0|22|0|22|0|22|0|22|0|22|0|22|0|22|0|22|0|22|0|22|0|22|0|22|0|22|0|22|0|22|0|22|0|22|0|22|0|22|0|22|0|22|0|22|0|22|0|22|0|22|0|22|0|22|0|22|0|22|0|22|0|22|0|22|0|22|33|39|33|39|0|22|0|22|0|22|0|22|0|22|0|22|0|22|0|22|9|13|0|22|0|22|9|13|0|22|0|22|0|22|0|22|0|22|0|22
1600000US4549075|15400|900|2893|612|4155|819|2522|426|2714|473|698|295|1260|289|358|177|392|168|408|127|13969|826|2608|590|3672|683|2272|385|2561|431|698|295|1142|271|358|177|353|158|305|115|12577|764|2337|560|3413|675|2058|377|2242|395|668|286|917|227|358|177|296|150|288|113|1392|367|271|158|259|115|214|119|319|145|30|52|225|133|0|30|57|61|17|25|1084|318|242|151|239|113|119|82|216|128|30|52|164|106|0|30|57|61|17|25|308|154|29|41|20|31|95|88|103|82|0|30|61|72|0|30|0|30|0|30|242|174|74|100|19|30|86|99|0|30|0|30|16|26|0|30|6|24|41|66|242|174|74|100|19|30|86|99|0|30|0|30|16|26|0|30|6|24|41|66|0|30|0|30|0|30|0|30|0|30|0|30|0|30|0|30|0|30|0|30|0|30|0|30|0|30|0|30|0|30|0|30|0|30|0|30|0|30|0|30|355|176|126|86|134|156|61|50|9|15|0|30|5|8|0|30|0|30|20|33|834|288|85|60|330|241|103|100|144|112|0|30|97|74|0|30|33|50|42|53
1600000US4549390|163|86|18|16|8|12|6|8|23|22|7|9|34|34|2|4|31|29|34|27|163|86|18|16|8|12|6|8|23|22|7|9|34|34|2|4|31|29|34|27|153|82|18|16|8|12|6|8|23|22|7|9|34|34|2|4|21|26|34|27|10|18|0|14|0|14|0|14|0|14|0|14|0|14|0|14|10|18|0|14|10|18|0|14|0|14|0|14|0|14|0|14|0|14|0|14|10|18|0|14|0|14|0|14|0|14|0|14|0|14|0|14|0|14|0|14|0|14|0|14|0|14|0|14|0|14|0|14|0|14|0|14|0|14|0|14|0|14|0|14|0|14|0|14|0|14|0|14|0|14|0|14|0|14|0|14|0|14|0|14|0|14|0|14|0|14|0|14|0|14|0|14|0|14|0|14|0|14|0|14|0|14|0|14|0|14|0|14|0|14|0|14|0|14|0|14|0|14|0|14|0|14|0|14|0|14|0|14|0|14|0|14|0|14|0|14|0|14|0|14|0|14|0|14|0|14|0|14|0|14|0|14|0|14|0|14|0|14|0|14
1600000US4549570|3704|398|972|253|775|280|241|118|220|157|74|67|499|209|68|68|502|179|353|200|3435|397|912|253|721|277|241|118|220|157|74|67|459|202|68|68|502|179|238|138|3116|329|907|254|635|262|221|111|220|157|50|53|404|201|59|68|412|157|208|128|319|198|5|21|86|85|20|32|0|22|24|39|55|74|9|17|90|103|30|49|105|106|5|21|56|65|0|22|0|22|0|22|0|22|0|22|14|27|30|49|214|153|0|22|30|47|20|32|0|22|24|39|55|74|9|17|76|102|0|22|0|22|0|22|0|22|0|22|0|22|0|22|0|22|0|22|0|22|0|22|0|22|0|22|0|22|0|22|0|22|0|22|0|22|0|22|0|22|0|22|0|22|0|22|0|22|0|22|0|22|0|22|0|22|0|22|0|22|0|22|0|22|0|22|0|22|0|22|0|22|0|22|0|22|0|22|0|22|0|22|60|49|51|45|0|22|0|22|0|22|0|22|9|17|0|22|0|22|0|22|209|152|9|17|54|59|0|22|0|22|0|22|31|41|0|22|0|22|115|130
1600000US4549705|1229|302|107|69|168|102|194|99|128|75|136|71|232|142|82|47|103|69|79|71|1229|302|107|69|168|102|194|99|128|75|136|71|232|142|82|47|103|69|79|71|1129|301|107|69|113|99|175|100|111|71|136|71|232|142|82|47|94|64|79|71|100|88|0|14|55|47|19|26|17|26|0|14|0|14|0|14|9|23|0|14|100|88|0|14|55|47|19|26|17|26|0|14|0|14|0|14|9|23|0|14|0|14|0|14|0|14|0|14|0|14|0|14|0|14|0|14|0|14|0|14|0|14|0|14|0|14|0|14|0|14|0|14|0|14|0|14|0|14|0|14|0|14|0|14|0|14|0|14|0|14|0|14|0|14|0|14|0|14|0|14|0|14|0|14|0|14|0|14|0|14|0|14|0|14|0|14|0|14|0|14|0|14|0|14|0|14|0|14|0|14|0|14|0|14|0|14|0|14|0|14|0|14|0|14|0|14|0|14|0|14|0|14|0|14|0|14|0|14|0|14|0|14|0|14|0|14|0|14|0|14|0|14|0|14|0|14|0|14|0|14
1600000US4549885|1898|407|85|88|379|208|341|139|209|121|59|60|385|175|155|101|248|141|37|42|1898|407|85|88|379|208|341|139|209|121|59|60|385|175|155|101|248|141|37|42|1726|393|85|88|352|202|276|130|209|121|45|53|319|132|155|101|248|141|37|42|172|139|0|14|27|47|65|63|0|14|14|24|66|110|0|14|0|14|0|14|131|114|0|14|0|14|65|63|0|14|0|14|66|110|0|14|0|14|0|14|41|71|0|14|27|47|0|14|0|14|14|24|0|14|0|14|0|14|0|14|0|14|0|14|0|14|0|14|0|14|0|14|0|14|0|14|0|14|0|14|0|14|0|14|0|14|0|14|0|14|0|14|0|14|0|14|0|14|0|14|0|14|0|14|0|14|0|14|0|14|0|14|0|14|0|14|0|14|0|14|0|14|0|14|0|14|0|14|0|14|0|14|0|14|0|14|0|14|0|14|0|14|0|14|0|14|0|14|0|14|0|14|0|14|0|14|0|14|0|14|0|14|0|14|0|14|0|14|0|14|0|14|0|14|0|14|0|14|0|14
1600000US4549975|19|32|0|14|0|14|0|14|19|32|0|14|0|14|0|14|0|14|0|14|19|32|0|14|0|14|0|14|19|32|0|14|0|14|0|14|0|14|0|14|19|32|0|14|0|14|0|14|19|32|0|14|0|14|0|14|0|14|0|14|0|14|0|14|0|14|0|14|0|14|0|14|0|14|0|14|0|14|0|14|0|14|0|14|0|14|0|14|0|14|0|14|0|14|0|14|0|14|0|14|0|14|0|14|0|14|0|14|0|14|0|14|0|14|0|14|0|14|0|14|0|14|0|14|0|14|0|14|0|14|0|14|0|14|0|14|0|14|0|14|0|14|0|14|0|14|0|14|0|14|0|14|0|14|0|14|0|14|0|14|0|14|0|14|0|14|0|14|0|14|0|14|0|14|0|14|0|14|0|14|0|14|0|14|0|14|0|14|0|14|0|14|0|14|0|14|0|14|0|14|0|14|0|14|0|14|0|14|0|14|0|14|0|14|0|14|0|14|0|14|0|14|0|14|0|14|0|14|0|14|0|14|0|14|0|14|0|14|0|14
1600000US4550020|131|69|29|37|2|5|31|39|0|14|4|7|0|14|43|42|0|14|22|23|125|65|29|37|2|5|31|39|0|14|4|7|0|14|43|42|0|14|16|19|116|63|29|37|2|5|31|39|0|14|4|7|0|14|43|42|0|14|7|10|9|17|0|14|0|14|0|14|0|14|0|14|0|14|0|14|0|14|9|17|0|14|0|14|0|14|0|14|0|14|0|14|0|14|0|14|0|14|0|14|9|17|0|14|0|14|0|14|0|14|0|14|0|14|0|14|0|14|9|17|0|14|0|14|0|14|0|14|0|14|0|14|0|14|0|14|0|14|0|14|0|14|0|14|0|14|0|14|0|14|0|14|0|14|0|14|0|14|0|14|0|14|0|14|0|14|0|14|0|14|0|14|0|14|0|14|0|14|0|14|0|14|0|14|0|14|0|14|0|14|0|14|0|14|0|14|0|14|0|14|0|14|0|14|0|14|0|14|0|14|0|14|0|14|0|14|0|14|0|14|6|10|0|14|0|14|0|14|0|14|0|14|0|14|0|14|0|14|6|10
1600000US4550110|96|52|2|5|3|4|14|15|15|15|5|7|26|24|9|12|15|23|7|7|96|52|2|5|3|4|14|15|15|15|5|7|26|24|9|12|15|23|7|7|94|52|2|5|3|4|14|15|15|15|5|7|24|25|9|12|15|23|7|7|2|4|0|14|0|14|0|14|0|14|0|14|2|4|0|14|0|14|0|14|2|4|0|14|0|14|0|14|0|14|0|14|2|4|0|14|0|14|0|14|0|14|0|14|0|14|0|14|0|14|0|14|0|14|0|14|0|14|0|14|0|14|0|14|0|14|0|14|0|14|0|14|0|14|0|14|0|14|0|14|0|14|0|14|0|14|0|14|0|14|0|14|0|14|0|14|0|14|0|14|0|14|0|14|0|14|0|14|0|14|0|14|0|14|0|14|0|14|0|14|0|14|0|14|0|14|0|14|0|14|0|14|0|14|0|14|0|14|0|14|0|14|0|14|0|14|0|14|0|14|0|14|0|14|0|14|0|14|0|14|0|14|0|14|0|14|0|14|0|14|0|14|0|14|0|14|0|14|0|14
1600000US4550290|923|364|92|73|154|101|262|135|180|128|25|24|56|51|11|13|46|69|97|111|912|362|92|73|154|101|262|135|180|128|25|24|51|50|11|13|46|69|91|110|895|361|92|73|154|101|251|130|174|127|25|24|51|50|11|13|46|69|91|110|17|20|0|14|0|14|11|17|6|9|0|14|0|14|0|14|0|14|0|14|17|20|0|14|0|14|11|17|6|9|0|14|0|14|0|14|0|14|0|14|0|14|0|14|0|14|0|14|0|14|0|14|0|14|0|14|0|14|0|14|9|12|0|14|0|14|0|14|0|14|0|14|5|11|0|14|0|14|4|7|9|12|0|14|0|14|0|14|0|14|0|14|5|11|0|14|0|14|4|7|0|14|0|14|0|14|0|14|0|14|0|14|0|14|0|14|0|14|0|14|0|14|0|14|0|14|0|14|0|14|0|14|0|14|0|14|0|14|0|14|0|14|0|14|0|14|0|14|0|14|0|14|0|14|0|14|0|14|0|14|2|6|0|14|0|14|0|14|0|14|0|14|0|14|0|14|0|14|2|6
1600000US4550515|333|92|19|12|49|29|77|42|52|27|25|16|30|19|34|24|26|22|21|19|312|87|19|12|49|29|64|38|44|22|25|16|30|19|34|24|26|22|21|19|273|81|16|11|47|28|40|25|44|22|25|16|30|19|27|22|26|22|18|19|39|29|3|4|2|5|24|21|0|14|0|14|0|14|7|9|0|14|3|5|39|29|3|4|2|5|24|21|0|14|0|14|0|14|7|9|0|14|3|5|0|14|0|14|0|14|0|14|0|14|0|14|0|14|0|14|0|14|0|14|0|14|0|14|0|14|0|14|0|14|0|14|0|14|0|14|0|14|0|14|0|14|0|14|0|14|0|14|0|14|0|14|0|14|0|14|0|14|0|14|0|14|0|14|0|14|0|14|0|14|0|14|0|14|0|14|0|14|0|14|0|14|0|14|0|14|0|14|0|14|0|14|0|14|0|14|0|14|0|14|0|14|0|14|0|14|0|14|0|14|0|14|0|14|0|14|0|14|0|14|21|21|0|14|0|14|13|17|8|14|0|14|0|14|0|14|0|14|0|14
1600000US4550560|248|128|23|20|29|29|5|8|64|90|6|8|17|14|32|28|47|43|25|26|230|129|9|9|25|28|5|8|64|90|6|8|17|14|32|28|47|43|25|26|202|125|6|9|7|8|4|8|63|90|6|8|15|14|32|28|44|42|25|26|28|26|3|4|18|26|1|2|1|2|0|14|2|4|0|14|3|6|0|14|10|8|3|4|0|14|1|2|1|2|0|14|2|4|0|14|3|6|0|14|18|26|0|14|18|26|0|14|0|14|0|14|0|14|0|14|0|14|0|14|0|14|0|14|0|14|0|14|0|14|0|14|0|14|0|14|0|14|0|14|0|14|0|14|0|14|0|14|0|14|0|14|0|14|0|14|0|14|0|14|0|14|0|14|0|14|0|14|0|14|0|14|0|14|0|14|0|14|0|14|0|14|0|14|0|14|0|14|0|14|0|14|0|14|0|14|0|14|0|14|18|16|14|15|4|8|0|14|0|14|0|14|0|14|0|14|0|14|0|14|0|14|0|14|0|14|0|14|0|14|0|14|0|14|0|14|0|14|0|14
1600000US4550695|11539|741|1168|329|2219|418|2212|420|1885|393|1253|340|1160|294|585|210|581|210|476|182|11211|749|1064|302|2124|377|2202|421|1855|394|1179|340|1159|294|585|210|581|210|462|183|10685|719|1011|303|2006|365|2120|433|1791|382|1176|340|1045|243|585|210|561|207|390|171|526|185|53|44|118|119|82|90|64|63|3|7|114|104|0|26|20|26|72|83|351|161|53|44|118|119|31|35|35|37|3|7|91|100|0|26|20|26|0|26|175|101|0|26|0|26|51|80|29|41|0|26|23|38|0|26|0|26|72|83|14|25|0|26|0|26|0|26|0|26|0|26|0|26|0|26|0|26|14|25|0|26|0|26|0|26|0|26|0|26|0|26|0|26|0|26|0|26|0|26|0|26|0|26|0|26|0|26|0|26|0|26|0|26|0|26|0|26|0|26|14|25|0|26|0|26|0|26|0|26|0|26|0|26|0|26|0|26|14|25|127|103|23|37|0|26|0|26|30|48|74|82|0|26|0|26|0|26|0|26|187|171|81|86|95|121|10|17|0|26|0|26|1|3|0|26|0|26|0|26
1600000US4550875|56360|1585|5788|638|6833|752|9422|984|10833|1006|3399|526|9461|914|3239|577|4260|756|3125|582|53488|1609|5035|605|6564|753|9050|974|10313|1051|3296|526|9213|934|3168|579|4194|749|2655|564|46183|1456|4427|530|5512|678|7729|870|9351|1003|2806|489|7776|883|2877|549|3624|711|2081|497|7305|920|608|279|1052|396|1321|404|962|288|490|213|1437|500|291|155|570|256|574|264|5622|726|503|276|681|304|985|318|842|276|304|158|1215|464|261|142|524|245|307|188|1683|478|105|68|371|265|336|217|120|79|186|160|222|156|30|50|46|80|267|170|1034|346|82|102|57|60|69|91|218|162|0|33|110|95|24|39|44|69|430|257|1032|347|82|102|57|60|69|91|218|162|0|33|110|95|24|39|42|69|430|257|2|9|0|33|0|33|0|33|0|33|0|33|0|33|0|33|2|9|0|33|0|33|0|33|0|33|0|33|0|33|0|33|0|33|0|33|0|33|0|33|777|239|459|191|88|77|34|31|110|108|6|10|69|76|0|33|11|17|0|33|1061|349|212|150|124|104|269|158|192|170|97|99|69|87|47|70|11|17|40|43
1600000US4551145|1432|388|268|178|462|184|208|137|220|143|86|122|0|14|111|158|56|70|21|49|1432|388|268|178|462|184|208|137|220|143|86|122|0|14|111|158|56|70|21|49|1398|394|239|162|462|184|208|137|220|143|86|122|0|14|111|158|56|70|16|30|34|61|29|45|0|14|0|14|0|14|0|14|0|14|0|14|0|14|5|38|34|61|29|45|0|14|0|14|0|14|0|14|0|14|0|14|0|14|5|38|0|14|0|14|0|14|0|14|0|14|0|14|0|14|0|14|0|14|0|14|0|14|0|14|0|14|0|14|0|14|0|14|0|14|0|14|0|14|0|14|0|14|0|14|0|14|0|14|0|14|0|14|0|14|0|14|0|14|0|14|0|14|0|14|0|14|0|14|0|14|0|14|0|14|0|14|0|14|0|14|0|14|0|14|0|14|0|14|0|14|0|14|0|14|0|14|0|14|0|14|0|14|0|14|0|14|0|14|0|14|0|14|0|14|0|14|0|14|0|14|0|14|0|14|0|14|0|14|0|14|0|14|0|14|0|14|0|14|0|14
1600000US4551180|1973|393|257|171|478|122|457|255|158|83|89|62|178|98|141|108|59|58|156|70|1973|393|257|171|478|122|457|255|158|83|89|62|178|98|141|108|59|58|156|70|1739|375|244|170|426|126|417|263|158|83|66|54|134|77|97|84|59|58|138|72|234|120|13|22|52|42|40|47|0|14|23|36|44|48|44|70|0|14|18|22|224|130|13|22|52|42|40|47|0|14|23|36|44|48|41|65|0|14|11|19|10|31|0|14|0|14|0|14|0|14|0|14|0|14|3|30|0|14|7|12|0|14|0|14|0|14|0|14|0|14|0|14|0|14|0|14|0|14|0|14|0|14|0|14|0|14|0|14|0|14|0|14|0|14|0|14|0|14|0|14|0|14|0|14|0|14|0|14|0|14|0|14|0|14|0|14|0|14|0|14|0|14|0|14|0|14|0|14|0|14|0|14|0|14|0|14|0|14|0|14|0|14|0|14|0|14|0|14|0|14|0|14|0|14|0|14|0|14|0|14|0|14|0|14|0|14|0|14|0|14|0|14|0|14|0|14|0|14|0|14
1600000US4551280|5991|459|1207|242|1092|253|879|220|1150|295|280|139|631|206|311|153|139|97|302|161|5727|490|1126|240|955|238|851|228|1150|295|280|139|631|206|311|153|139|97|284|154|5152|493|969|220|836|235|851|228|1006|265|280|139|476|195|311|153|139|97|284|154|575|236|157|89|119|87|0|22|144|117|0|22|155|129|0|22|0|22|0|22|506|239|129|98|94|79|0|22|136|116|0|22|147|130|0|22|0|22|0|22|69|58|28|44|25|33|0|22|8|15|0|22|8|13|0|22|0|22|0|22|67|81|0|22|67|81|0|22|0|22|0|22|0|22|0|22|0|22|0|22|67|81|0|22|67|81|0|22|0|22|0|22|0|22|0|22|0|22|0|22|0|22|0|22|0|22|0|22|0|22|0|22|0|22|0|22|0|22|0|22|0|22|0|22|0|22|0|22|0|22|0|22|0|22|0|22|0|22|0|22|97|71|31|28|57|63|0|22|0|22|0|22|0|22|0|22|0|22|9|14|100|91|50|80|13|23|28|42|0|22|0|22|0|22|0|22|0|22|9|15
1600000US4551367|157|80|0|14|38|47|28|30|43|47|0|14|0|14|6|10|32|28|10|15|157|80|0|14|38|47|28|30|43|47|0|14|0|14|6|10|32|28|10|15|157|80|0|14|38|47|28|30|43|47|0|14|0|14|6|10|32|28|10|15|0|14|0|14|0|14|0|14|0|14|0|14|0|14|0|14|0|14|0|14|0|14|0|14|0|14|0|14|0|14|0|14|0|14|0|14|0|14|0|14|0|14|0|14|0|14|0|14|0|14|0|14|0|14|0|14|0|14|0|14|0|14|0|14|0|14|0|14|0|14|0|14|0|14|0|14|0|14|0|14|0|14|0|14|0|14|0|14|0|14|0|14|0|14|0|14|0|14|0|14|0|14|0|14|0|14|0|14|0|14|0|14|0|14|0|14|0|14|0|14|0|14|0|14|0|14|0|14|0|14|0|14|0|14|0|14|0|14|0|14|0|14|0|14|0|14|0|14|0|14|0|14|0|14|0|14|0|14|0|14|0|14|0|14|0|14|0|14|0|14|0|14|0|14|0|14|0|14|0|14
1600000US4551550|100|57|6|5|23|33|17|18|8|8|0|14|23|20|3|4|16|17|4|5|100|57|6|5|23|33|17|18|8|8|0|14|23|20|3|4|16|17|4|5|66|36|6|5|5|11|17|18|8|8|0|14|16|16|1|4|10|13|3|4|34|34|0|14|18|29|0|14|0|14|0|14|7|12|2|4|6|11|1|4|15|16|0|14|0|14|0|14|0|14|0|14|7|12|2|4|6|11|0|14|19|29|0|14|18|29|0|14|0|14|0|14|0|14|0|14|0|14|1|4|0|14|0|14|0|14|0|14|0|14|0|14|0|14|0|14|0|14|0|14|0|14|0|14|0|14|0|14|0|14|0|14|0|14|0|14|0|14|0|14|0|14|0|14|0|14|0|14|0|14|0|14|0|14|0|14|0|14|0|14|0|14|0|14|0|14|0|14|0|14|0|14|0|14|0|14|0|14|0|14|0|14|0|14|0|14|0|14|0|14|0|14|0|14|0|14|0|14|0|14|0|14|0|14|0|14|0|14|0|14|0|14|0|14|0|14|0|14|0|14
1600000US4551720|5303|467|446|175|775|185|998|260|1718|386|331|102|606|186|111|57|72|54|246|104|5215|481|419|174|730|175|998|260|1709|386|331|102|599|185|111|57|72|54|246|104|4734|425|418|173|690|184|949|251|1439|328|331|102|569|177|88|62|72|54|178|84|481|264|1|3|40|44|49|52|270|233|0|22|30|32|23|26|0|22|68|65|359|254|0|22|40|44|23|35|270|233|0|22|0|22|11|18|0|22|15|23|122|87|1|3|0|22|26|39|0|22|0|22|30|32|12|22|0|22|53|60|0|22|0|22|0|22|0|22|0|22|0|22|0|22|0|22|0|22|0|22|0|22|0|22|0|22|0|22|0|22|0|22|0|22|0|22|0|22|0|22|0|22|0|22|0|22|0|22|0|22|0|22|0|22|0|22|0|22|0|22|0|22|0|22|0|22|0|22|0|22|0|22|0|22|0|22|0|22|0|22|27|31|27|31|0|22|0|22|0|22|0|22|0|22|0|22|0|22|0|22|61|77|0|22|45|76|0|22|9|14|0|22|7|13|0|22|0|22|0|22
1600000US4551887|385|190|0|14|13|21|137|95|102|101|23|37|39|64|0|14|65|86|6|10|385|190|0|14|13|21|137|95|102|101|23|37|39|64|0|14|65|86|6|10|385|190|0|14|13|21|137|95|102|101|23|37|39|64|0|14|65|86|6|10|0|14|0|14|0|14|0|14|0|14|0|14|0|14|0|14|0|14|0|14|0|14|0|14|0|14|0|14|0|14|0|14|0|14|0|14|0|14|0|14|0|14|0|14|0|14|0|14|0|14|0|14|0|14|0|14|0|14|0|14|0|14|0|14|0|14|0|14|0|14|0|14|0|14|0|14|0|14|0|14|0|14|0|14|0|14|0|14|0|14|0|14|0|14|0|14|0|14|0|14|0|14|0|14|0|14|0|14|0|14|0|14|0|14|0|14|0|14|0|14|0|14|0|14|0|14|0|14|0|14|0|14|0|14|0|14|0|14|0|14|0|14|0|14|0|14|0|14|0|14|0|14|0|14|0|14|0|14|0|14|0|14|0|14|0|14|0|14|0|14|0|14|0|14|0|14|0|14|0|14
1600000US4552540|296|149|25|23|51|55|56|51|63|48|14|17|18|12|34|32|35|25|0|14|286|147|25|23|41|50|56|51|63|48|14|17|18|12|34|32|35|25|0|14|281|147|25|23|41|50|56|51|63|48|12|16|15|12|34|32|35|25|0|14|5|6|0|14|0|14|0|14|0|14|2|3|3|6|0|14|0|14|0|14|5|6|0|14|0|14|0|14|0|14|2|3|3|6|0|14|0|14|0|14|0|14|0|14|0|14|0|14|0|14|0|14|0|14|0|14|0|14|0|14|10|15|0|14|10|15|0|14|0|14|0|14|0|14|0|14|0|14|0|14|10|15|0|14|10|15|0|14|0|14|0|14|0|14|0|14|0|14|0|14|0|14|0|14|0|14|0|14|0|14|0|14|0|14|0|14|0|14|0|14|0|14|0|14|0|14|0|14|0|14|0|14|0|14|0|14|0|14|0|14|0|14|0|14|0|14|0|14|0|14|0|14|0|14|0|14|0|14|0|14|0|14|0|14|0|14|0|14|0|14|0|14|0|14|0|14|0|14|0|14
1600000US4552585|37|27|5|9|0|14|0|14|12|15|0|14|4|6|0|14|14|13|2|3|36|26|4|9|0|14|0|14|12|15|0|14|4|6|0|14|14|13|2|3|36|26|4|9|0|14|0|14|12|15|0|14|4|6|0|14|14|13|2|3|0|14|0|14|0|14|0|14|0|14|0|14|0|14|0|14|0|14|0|14|0|14|0|14|0|14|0|14|0|14|0|14|0|14|0|14|0|14|0|14|0|14|0|14|0|14|0|14|0|14|0|14|0|14|0|14|0|14|0|14|0|14|0|14|0|14|0|14|0|14|0|14|0|14|0|14|0|14|0|14|0|14|0|14|0|14|0|14|0|14|0|14|0|14|0|14|0|14|0|14|0|14|0|14|0|14|0|14|0|14|0|14|0|14|0|14|0|14|0|14|0|14|0|14|0|14|0|14|0|14|0|14|0|14|0|14|0|14|0|14|0|14|0|14|0|14|0|14|0|14|0|14|0|14|0|14|0|14|0|14|1|3|1|3|0|14|0|14|0|14|0|14|0|14|0|14|0|14|0|14
1600000US4552900|462|245|80|84|130|122|89|94|63|99|0|14|57|92|0|14|0|14|43|38|383|227|64|82|130|122|89|94|0|14|0|14|57|92|0|14|0|14|43|38|305|212|48|78|99|110|58|93|0|14|0|14|57|92|0|14|0|14|43|38|78|75|16|25|31|49|31|8|0|14|0|14|0|14|0|14|0|14|0|14|46|25|0|14|15|24|31|8|0|14|0|14|0|14|0|14|0|14|0|14|32|51|16|25|16|26|0|14|0|14|0|14|0|14|0|14|0|14|0|14|0|14|0|14|0|14|0|14|0|14|0|14|0|14|0|14|0|14|0|14|0|14|0|14|0|14|0|14|0|14|0|14|0|14|0|14|0|14|0|14|0|14|0|14|0|14|0|14|0|14|0|14|0|14|0|14|0|14|0|14|0|14|0|14|0|14|0|14|0|14|0|14|0|14|0|14|0|14|0|14|63|99|0|14|0|14|0|14|63|99|0|14|0|14|0|14|0|14|0|14|16|25|16|25|0|14|0|14|0|14|0|14|0|14|0|14|0|14|0|14
1600000US4553080|4071|456|636|185|1087|317|697|250|214|121|61|59|574|245|85|79|282|153|435|191|4000|458|591|184|1087|317|697|250|214|121|61|59|574|245|85|79|282|153|409|191|3305|425|549|179|900|275|538|178|139|90|61|59|389|170|85|79|260|150|384|188|695|312|42|41|187|190|159|126|75|82|0|22|185|201|0|22|22|24|25|37|453|283|42|41|141|167|63|80|0|22|0|22|185|201|0|22|22|24|0|22|242|171|0|22|46|98|96|100|75|82|0|22|0|22|0|22|0|22|25|37|35|38|9|18|0|22|0|22|0|22|0|22|0|22|0|22|0|22|26|34|9|18|9|18|0|22|0|22|0|22|0|22|0|22|0|22|0|22|0|22|10|23|0|22|0|22|0|22|0|22|0|22|0|22|0|22|0|22|10|23|16|29|0|22|0|22|0|22|0|22|0|22|0|22|0|22|0|22|16|29|26|27|26|27|0|22|0|22|0|22|0|22|0|22|0|22|0|22|0|22|10|19|10|19|0|22|0|22|0|22|0|22|0|22|0|22|0|22|0|22
1600000US4553485|0|14|0|14|0|14|0|14|0|14|0|14|0|14|0|14|0|14|0|14|0|14|0|14|0|14|0|14|0|14|0|14|0|14|0|14|0|14|0|14|0|14|0|14|0|14|0|14|0|14|0|14|0|14|0|14|0|14|0|14|0|14|0|14|0|14|0|14|0|14|0|14|0|14|0|14|0|14|0|14|0|14|0|14|0|14|0|14|0|14|0|14|0|14|0|14|0|14|0|14|0|14|0|14|0|14|0|14|0|14|0|14|0|14|0|14|0|14|0|14|0|14|0|14|0|14|0|14|0|14|0|14|0|14|0|14|0|14|0|14|0|14|0|14|0|14|0|14|0|14|0|14|0|14|0|14|0|14|0|14|0|14|0|14|0|14|0|14|0|14|0|14|0|14|0|14|0|14|0|14|0|14|0|14|0|14|0|14|0|14|0|14|0|14|0|14|0|14|0|14|0|14|0|14|0|14|0|14|0|14|0|14|0|14|0|14|0|14|0|14|0|14|0|14|0|14|0|14|0|14|0|14|0|14|0|14|0|14|0|14
1600000US4553845|934|177|94|64|88|76|75|57|167|82|97|47|193|191|91|60|58|45|71|41|929|178|89|63|88|76|75|57|167|82|97|47|193|191|91|60|58|45|71|41|708|155|81|62|82|75|47|32|160|82|89|45|66|52|82|58|58|45|43|28|221|190|8|13|6|11|28|44|7|11|8|13|127|192|9|13|0|14|28|32|107|95|8|13|6|11|0|14|7|11|8|13|61|91|9|13|0|14|8|13|114|107|0|14|0|14|28|44|0|14|0|14|66|101|0|14|0|14|20|30|0|14|0|14|0|14|0|14|0|14|0|14|0|14|0|14|0|14|0|14|0|14|0|14|0|14|0|14|0|14|0|14|0|14|0|14|0|14|0|14|0|14|0|14|0|14|0|14|0|14|0|14|0|14|0|14|0|14|0|14|0|14|0|14|0|14|0|14|0|14|0|14|0|14|0|14|0|14|0|14|5|8|5|8|0|14|0|14|0|14|0|14|0|14|0|14|0|14|0|14|0|14|0|14|0|14|0|14|0|14|0|14|0|14|0|14|0|14|0|14
1600000US4554025|966|194|190|90|86|58|15|20|17|25|22|29|297|152|43|40|183|87|113|68|776|191|181|91|78|56|15|20|17|25|22|29|156|92|43|40|183|87|81|55|753|184|172|86|65|50|15|20|16|23|22|29|156|92|43|40|183|87|81|55|23|35|9|26|13|22|0|14|1|5|0|14|0|14|0|14|0|14|0|14|0|14|0|14|0|14|0|14|0|14|0|14|0|14|0|14|0|14|0|14|23|35|9|26|13|22|0|14|1|5|0|14|0|14|0|14|0|14|0|14|0|14|0|14|0|14|0|14|0|14|0|14|0|14|0|14|0|14|0|14|0|14|0|14|0|14|0|14|0|14|0|14|0|14|0|14|0|14|0|14|0|14|0|14|0|14|0|14|0|14|0|14|0|14|0|14|0|14|0|14|0|14|0|14|0|14|0|14|0|14|0|14|0|14|0|14|0|14|0|14|17|27|9|14|8|13|0|14|0|14|0|14|0|14|0|14|0|14|0|14|173|148|0|14|0|14|0|14|0|14|0|14|141|139|0|14|0|14|32|48
1600000US4554340|315|159|68|60|3|7|10|13|17|22|41|38|69|52|91|93|11|13|5|9|315|159|68|60|3|7|10|13|17|22|41|38|69|52|91|93|11|13|5|9|287|148|44|45|3|7|10|13|13|21|41|38|69|52|91|93|11|13|5|9|28|38|24|38|0|14|0|14|4|7|0|14|0|14|0|14|0|14|0|14|28|38|24|38|0|14|0|14|4|7|0|14|0|14|0|14|0|14|0|14|0|14|0|14|0|14|0|14|0|14|0|14|0|14|0|14|0|14|0|14|0|14|0|14|0|14|0|14|0|14|0|14|0|14|0|14|0|14|0|14|0|14|0|14|0|14|0|14|0|14|0|14|0|14|0|14|0|14|0|14|0|14|0|14|0|14|0|14|0|14|0|14|0|14|0|14|0|14|0|14|0|14|0|14|0|14|0|14|0|14|0|14|0|14|0|14|0|14|0|14|0|14|0|14|0|14|0|14|0|14|0|14|0|14|0|14|0|14|0|14|0|14|0|14|0|14|0|14|0|14|0|14|0|14|0|14|0|14|0|14
1600000US4554535|4965|545|565|201|835|243|886|243|612|231|495|202|676|220|205|121|378|150|313|173|4684|556|512|185|787|238|845|226|612|231|478|200|554|199|205|121|378|150|313|173|3962|474|453|181|551|207|759|213|527|207|478|200|513|193|199|120|347|151|135|112|722|329|59|43|236|221|86|64|85|78|0|22|41|47|6|9|31|39|178|125|571|296|59|43|225|220|86|64|70|75|0|22|12|18|6|9|31|39|82|84|151|96|0|22|11|18|0|22|15|18|0|22|29|46|0|22|0|22|96|76|0|22|0|22|0|22|0|22|0|22|0|22|0|22|0|22|0|22|0|22|0|22|0|22|0|22|0|22|0|22|0|22|0|22|0|22|0|22|0|22|0|22|0|22|0|22|0|22|0|22|0|22|0|22|0|22|0|22|0|22|0|22|0|22|0|22|0|22|0|22|0|22|0|22|0|22|0|22|0|22|44|69|44|69|0|22|0|22|0|22|0|22|0|22|0|22|0|22|0|22|237|156|9|14|48|47|41|50|0|22|17|30|122|134|0|22|0|22|0|22
1600000US4554700|24|21|1|2|0|14|3|4|0|14|2|4|2|4|5|7|10|12|1|3|24|21|1|2|0|14|3|4|0|14|2|4|2|4|5|7|10|12|1|3|24|21|1|2|0|14|3|4|0|14|2|4|2|4|5|7|10|12|1|3|0|14|0|14|0|14|0|14|0|14|0|14|0|14|0|14|0|14|0|14|0|14|0|14|0|14|0|14|0|14|0|14|0|14|0|14|0|14|0|14|0|14|0|14|0|14|0|14|0|14|0|14|0|14|0|14|0|14|0|14|0|14|0|14|0|14|0|14|0|14|0|14|0|14|0|14|0|14|0|14|0|14|0|14|0|14|0|14|0|14|0|14|0|14|0|14|0|14|0|14|0|14|0|14|0|14|0|14|0|14|0|14|0|14|0|14|0|14|0|14|0|14|0|14|0|14|0|14|0|14|0|14|0|14|0|14|0|14|0|14|0|14|0|14|0|14|0|14|0|14|0|14|0|14|0|14|0|14|0|14|0|14|0|14|0|14|0|14|0|14|0|14|0|14|0|14|0|14|0|14
1600000US4554925|100|51|4|7|16|15|21|17|20|17|2|4|7|9|2|5|28|24|0|14|98|52|4|7|16|15|21|17|20|17|0|14|7|9|2|5|28|24|0|14|92|50|4|7|16|15|20|16|20|17|0|14|7|9|2|5|23|23|0|14|6|8|0|14|0|14|1|2|0|14|0|14|0|14|0|14|5|7|0|14|6|8|0|14|0|14|1|2|0|14|0|14|0|14|0|14|5|7|0|14|0|14|0|14|0|14|0|14|0|14|0|14|0|14|0|14|0|14|0|14|0|14|0|14|0|14|0|14|0|14|0|14|0|14|0|14|0|14|0|14|0|14|0|14|0|14|0|14|0|14|0|14|0|14|0|14|0|14|0|14|0|14|0|14|0|14|0|14|0|14|0|14|0|14|0|14|0|14|0|14|0|14|0|14|0|14|0|14|0|14|0|14|0|14|0|14|0|14|0|14|0|14|0|14|0|14|0|14|0|14|0|14|0|14|0|14|0|14|0|14|2|4|0|14|0|14|0|14|0|14|2|4|0|14|0|14|0|14|0|14
1600000US4554970|158|121|0|14|23|29|0|14|117|111|18|32|0|14|0|14|0|14|0|14|158|121|0|14|23|29|0|14|117|111|18|32|0|14|0|14|0|14|0|14|158|121|0|14|23|29|0|14|117|111|18|32|0|14|0|14|0|14|0|14|0|14|0|14|0|14|0|14|0|14|0|14|0|14|0|14|0|14|0|14|0|14|0|14|0|14|0|14|0|14|0|14|0|14|0|14|0|14|0|14|0|14|0|14|0|14|0|14|0|14|0|14|0|14|0|14|0|14|0|14|0|14|0|14|0|14|0|14|0|14|0|14|0|14|0|14|0|14|0|14|0|14|0|14|0|14|0|14|0|14|0|14|0|14|0|14|0|14|0|14|0|14|0|14|0|14|0|14|0|14|0|14|0|14|0|14|0|14|0|14|0|14|0|14|0|14|0|14|0|14|0|14|0|14|0|14|0|14|0|14|0|14|0|14|0|14|0|14|0|14|0|14|0|14|0|14|0|14|0|14|0|14|0|14|0|14|0|14|0|14|0|14|0|14|0|14|0|14|0|14
1600000US4555015|35|23|16|21|4|4|7|7|5|4|0|14|1|3|2|3|0|14|0|14|34|23|16|21|4|4|7|7|5|4|0|14|0|14|2|3|0|14|0|14|34|23|16|21|4|4|7|7|5|4|0|14|0|14|2|3|0|14|0|14|0|14|0|14|0|14|0|14|0|14|0|14|0|14|0|14|0|14|0|14|0|14|0|14|0|14|0|14|0|14|0|14|0|14|0|14|0|14|0|14|0|14|0|14|0|14|0|14|0|14|0|14|0|14|0|14|0|14|0|14|1|3|0|14|0|14|0|14|0|14|0|14|1|3|0|14|0|14|0|14|0|14|0|14|0|14|0|14|0|14|0|14|0|14|0|14|0|14|0|14|1|3|0|14|0|14|0|14|0|14|0|14|1|3|0|14|0|14|0|14|0|14|0|14|0|14|0|14|0|14|0|14|0|14|0|14|0|14|0|14|0|14|0|14|0|14|0|14|0|14|0|14|0|14|0|14|0|14|0|14|0|14|0|14|0|14|0|14|0|14|0|14|0|14|0|14|0|14|0|14
1600000US4555060|185|91|6|8|2|5|45|34|23|21|16|21|54|64|0|14|8|8|31|29|178|91|6|8|2|5|38|32|23|21|16|21|54|64|0|14|8|8|31|29|171|89|6|8|2|5|38|32|23|21|16|21|47|63|0|14|8|8|31|29|7|13|0|14|0|14|0|14|0|14|0|14|7|13|0|14|0|14|0|14|7|13|0|14|0|14|0|14|0|14|0|14|7|13|0|14|0|14|0|14|0|14|0|14|0|14|0|14|0|14|0|14|0|14|0|14|0|14|0|14|0|14|0|14|0|14|0|14|0|14|0|14|0|14|0|14|0|14|0|14|0|14|0|14|0|14|0|14|0|14|0|14|0|14|0|14|0|14|0|14|0|14|0|14|0|14|0|14|0|14|0|14|0|14|0|14|0|14|0|14|0|14|0|14|0|14|0|14|0|14|0|14|0|14|0|14|0|14|0|14|7|11|0|14|0|14|7|11|0|14|0|14|0|14|0|14|0|14|0|14|0|14|0|14|0|14|0|14|0|14|0|14|0|14|0|14|0|14|0|14
1600000US4555150|51|44|0|14|0|14|0|14|2|3|0|14|0|14|24|39|9|13|16|16|51|44|0|14|0|14|0|14|2|3|0|14|0|14|24|39|9|13|16|16|51|44|0|14|0|14|0|14|2|3|0|14|0|14|24|39|9|13|16|16|0|14|0|14|0|14|0|14|0|14|0|14|0|14|0|14|0|14|0|14|0|14|0|14|0|14|0|14|0|14|0|14|0|14|0|14|0|14|0|14|0|14|0|14|0|14|0|14|0|14|0|14|0|14|0|14|0|14|0|14|0|14|0|14|0|14|0|14|0|14|0|14|0|14|0|14|0|14|0|14|0|14|0|14|0|14|0|14|0|14|0|14|0|14|0|14|0|14|0|14|0|14|0|14|0|14|0|14|0|14|0|14|0|14|0|14|0|14|0|14|0|14|0|14|0|14|0|14|0|14|0|14|0|14|0|14|0|14|0|14|0|14|0|14|0|14|0|14|0|14|0|14|0|14|0|14|0|14|0|14|0|14|0|14|0|14|0|14|0|14|0|14|0|14|0|14|0|14|0|14
1600000US4555420|477|212|70|42|4|5|10|14|47|38|9|9|100|46|59|35|171|175|7|7|473|212|68|42|4|5|10|14|45|38|9|9|100|46|59|35|171|175|7|7|417|200|68|42|2|3|6|12|33|34|9|9|81|40|49|34|162|175|7|7|56|33|0|14|2|3|4|6|12|16|0|14|19|23|10|12|9|10|0|14|48|30|0|14|2|3|4|6|10|15|0|14|17|22|6|10|9|10|0|14|8|10|0|14|0|14|0|14|2|6|0|14|2|3|4|6|0|14|0|14|0|14|0|14|0|14|0|14|0|14|0|14|0|14|0|14|0|14|0|14|0|14|0|14|0|14|0|14|0|14|0|14|0|14|0|14|0|14|0|14|0|14|0|14|0|14|0|14|0|14|0|14|0|14|0|14|0|14|0|14|0|14|0|14|0|14|0|14|0|14|0|14|0|14|0|14|0|14|0|14|2|3|2|3|0|14|0|14|0|14|0|14|0|14|0|14|0|14|0|14|2|4|0|14|0|14|0|14|2|4|0|14|0|14|0|14|0|14|0|14
1600000US4555465|549|141|41|36|43|33|31|26|83|41|41|19|168|69|55|41|61|43|26|20|542|141|41|36|43|33|31|26|83|41|41|19|161|68|55|41|61|43|26|20|453|119|35|35|43|33|26|25|83|41|30|18|147|66|35|30|40|31|14|13|89|45|6|12|0|14|5|7|0|14|11|10|14|15|20|30|21|27|12|14|45|36|0|14|0|14|5|7|0|14|11|10|9|12|3|4|17|26|0|14|44|41|6|12|0|14|0|14|0|14|0|14|5|9|17|29|4|6|12|14|0|14|0|14|0|14|0|14|0|14|0|14|0|14|0|14|0|14|0|14|0|14|0|14|0|14|0|14|0|14|0|14|0|14|0|14|0|14|0|14|0|14|0|14|0|14|0|14|0|14|0|14|0|14|0|14|0|14|0|14|0|14|0|14|0|14|0|14|0|14|0|14|0|14|0|14|0|14|0|14|7|9|0|14|0|14|0|14|0|14|0|14|7|9|0|14|0|14|0|14|0|14|0|14|0|14|0|14|0|14|0|14|0|14|0|14|0|14|0|14
1600000US4555645|1732|225|136|77|353|141|292|172|326|161|126|87|171|114|147|56|54|47|127|84|1732|225|136|77|353|141|292|172|326|161|126|87|171|114|147|56|54|47|127|84|1609|199|136|77|304|125|292|172|294|159|120|88|171|114|147|56|54|47|91|75|123|95|0|14|49|69|0|14|32|51|6|13|0|14|0|14|0|14|36|41|49|69|0|14|49|69|0|14|0|14|0|14|0|14|0|14|0|14|0|14|74|66|0|14|0|14|0|14|32|51|6|13|0|14|0|14|0|14|36|41|0|14|0|14|0|14|0|14|0|14|0|14|0|14|0|14|0|14|0|14|0|14|0|14|0|14|0|14|0|14|0|14|0|14|0|14|0|14|0|14|0|14|0|14|0|14|0|14|0|14|0|14|0|14|0|14|0|14|0|14|0|14|0|14|0|14|0|14|0|14|0|14|0|14|0|14|0|14|0|14|0|14|0|14|0|14|0|14|0|14|0|14|0|14|0|14|0|14|0|14|0|14|0|14|0|14|0|14|0|14|0|14|0|14|0|14|0|14|0|14
1600000US4555960|81|44|15|16|0|14|0|14|0|14|0|14|7|7|28|24|19|18|12|10|79|43|14|16|0|14|0|14|0|14|0|14|7|7|28|24|18|17|12|10|76|42|14|16|0|14|0|14|0|14|0|14|4|5|28|24|18|17|12|10|3|6|0|14|0|14|0|14|0|14|0|14|3|6|0|14|0|14|0|14|3|6|0|14|0|14|0|14|0|14|0|14|3|6|0|14|0|14|0|14|0|14|0|14|0|14|0|14|0|14|0|14|0|14|0|14|0|14|0|14|0|14|0|14|0|14|0|14|0|14|0|14|0|14|0|14|0|14|0|14|0|14|0|14|0|14|0|14|0|14|0|14|0|14|0|14|0|14|0|14|0|14|0|14|0|14|0|14|0|14|0|14|0|14|0|14|0|14|0|14|0|14|0|14|0|14|0|14|0|14|0|14|0|14|0|14|0|14|0|14|1|2|1|2|0|14|0|14|0|14|0|14|0|14|0|14|0|14|0|14|1|5|0|14|0|14|0|14|0|14|0|14|0|14|0|14|1|5|0|14
1600000US4556140|1376|203|219|119|172|108|198|120|82|50|99|61|173|96|146|88|219|107|68|71|1357|202|219|119|165|105|186|118|82|50|99|61|173|96|146|88|219|107|68|71|1110|171|164|96|165|105|97|64|67|50|99|61|136|93|126|82|219|107|37|36|247|154|55|64|0|14|89|98|15|21|0|14|37|33|20|30|0|14|31|57|149|122|47|62|0|14|89|98|0|14|0|14|13|21|0|14|0|14|0|14|98|82|8|15|0|14|0|14|15|21|0|14|24|25|20|30|0|14|31|57|0|14|0|14|0|14|0|14|0|14|0|14|0|14|0|14|0|14|0|14|0|14|0|14|0|14|0|14|0|14|0|14|0|14|0|14|0|14|0|14|0|14|0|14|0|14|0|14|0|14|0|14|0|14|0|14|0|14|0|14|0|14|0|14|0|14|0|14|0|14|0|14|0|14|0|14|0|14|0|14|7|11|0|14|7|11|0|14|0|14|0|14|0|14|0|14|0|14|0|14|12|20|0|14|0|14|12|20|0|14|0|14|0|14|0|14|0|14|0|14
1600000US4556365|1775|436|127|106|123|105|353|179|352|182|65|61|494|250|92|69|99|67|70|62|1728|422|88|86|115|100|353|179|352|182|65|61|494|250|92|69|99|67|70|62|1443|390|17|29|56|74|289|179|352|182|65|61|468|249|77|62|49|53|70|62|285|184|71|80|59|70|64|59|0|20|0|20|26|33|15|28|50|50|0|20|231|169|71|80|59|70|64|59|0|20|0|20|0|20|0|20|37|45|0|20|54|56|0|20|0|20|0|20|0|20|0|20|26|33|15|28|13|21|0|20|0|20|0|20|0|20|0|20|0|20|0|20|0|20|0|20|0|20|0|20|0|20|0|20|0|20|0|20|0|20|0|20|0|20|0|20|0|20|0|20|0|20|0|20|0|20|0|20|0|20|0|20|0|20|0|20|0|20|0|20|0|20|0|20|0|20|0|20|0|20|0|20|0|20|0|20|0|20|0|20|0|20|0|20|0|20|0|20|0|20|0|20|0|20|0|20|0|20|0|20|47|64|39|61|8|21|0|20|0|20|0|20|0|20|0|20|0|20|0|20
1600000US4556545|875|816|0|14|69|60|122|130|0|14|0|14|613|801|0|14|51|61|20|41|846|816|0|14|69|60|93|102|0|14|0|14|613|801|0|14|51|61|20|41|794|812|0|14|69|60|93|102|0|14|0|14|561|797|0|14|51|61|20|41|52|63|0|14|0|14|0|14|0|14|0|14|52|63|0|14|0|14|0|14|38|57|0|14|0|14|0|14|0|14|0|14|38|57|0|14|0|14|0|14|14|24|0|14|0|14|0|14|0|14|0|14|14|24|0|14|0|14|0|14|0|14|0|14|0|14|0|14|0|14|0|14|0|14|0|14|0|14|0|14|0|14|0|14|0|14|0|14|0|14|0|14|0|14|0|14|0|14|0|14|0|14|0|14|0|14|0|14|0|14|0|14|0|14|0|14|0|14|0|14|0|14|0|14|0|14|0|14|0|14|0|14|0|14|0|14|0|14|0|14|0|14|0|14|0|14|0|14|0|14|0|14|0|14|0|14|0|14|0|14|29|47|0|14|0|14|29|47|0|14|0|14|0|14|0|14|0|14|0|14
1600000US4556905|264|153|15|26|132|140|36|39|1|4|0|14|6|22|7|24|23|33|44|42|212|146|0|14|95|130|36|39|1|4|0|14|6|22|7|24|23|33|44|42|191|142|0|14|95|130|36|39|0|14|0|14|6|22|7|24|23|33|24|41|21|29|0|14|0|14|0|14|1|4|0|14|0|14|0|14|0|14|20|29|1|4|0|14|0|14|0|14|1|4|0|14|0|14|0|14|0|14|0|14|20|29|0|14|0|14|0|14|0|14|0|14|0|14|0|14|0|14|20|29|0|14|0|14|0|14|0|14|0|14|0|14|0|14|0|14|0|14|0|14|0|14|0|14|0|14|0|14|0|14|0|14|0|14|0|14|0|14|0|14|0|14|0|14|0|14|0|14|0|14|0|14|0|14|0|14|0|14|0|14|0|14|0|14|0|14|0|14|0|14|0|14|0|14|0|14|0|14|0|14|37|41|0|14|37|41|0|14|0|14|0|14|0|14|0|14|0|14|0|14|15|26|15|26|0|14|0|14|0|14|0|14|0|14|0|14|0|14|0|14
1600000US4556950|1107|268|73|50|112|53|417|160|111|63|213|99|129|87|32|30|0|14|20|17|1103|267|73|50|112|53|417|160|107|63|213|99|129|87|32|30|0|14|20|17|1050|261|58|47|112|53|417|160|100|62|187|93|129|87|32|30|0|14|15|16|53|57|15|25|0|14|0|14|7|10|26|33|0|14|0|14|0|14|5|8|53|57|15|25|0|14|0|14|7|10|26|33|0|14|0|14|0|14|5|8|0|14|0|14|0|14|0|14|0|14|0|14|0|14|0|14|0|14|0|14|0|14|0|14|0|14|0|14|0|14|0|14|0|14|0|14|0|14|0|14|0|14|0|14|0|14|0|14|0|14|0|14|0|14|0|14|0|14|0|14|0|14|0|14|0|14|0|14|0|14|0|14|0|14|0|14|0|14|0|14|0|14|0|14|0|14|0|14|0|14|0|14|0|14|0|14|0|14|0|14|0|14|0|14|0|14|0|14|0|14|0|14|0|14|0|14|0|14|0|14|4|6|0|14|0|14|0|14|4|6|0|14|0|14|0|14|0|14|0|14
1600000US4557085|181|102|13|13|0|14|11|13|27|23|28|29|28|34|30|29|8|13|36|51|173|96|5|6|0|14|11|13|27|23|28|29|28|34|30|29|8|13|36|51|149|92|5|6|0|14|6|8|27|23|25|29|28|34|14|16|8|13|36|51|24|26|0|14|0|14|5|10|0|14|3|5|0|14|16|24|0|14|0|14|24|26|0|14|0|14|5|10|0|14|3|5|0|14|16|24|0|14|0|14|0|14|0|14|0|14|0|14|0|14|0|14|0|14|0|14|0|14|0|14|0|14|0|14|0|14|0|14|0|14|0|14|0|14|0|14|0|14|0|14|0|14|0|14|0|14|0|14|0|14|0|14|0|14|0|14|0|14|0|14|0|14|0|14|0|14|0|14|0|14|0|14|0|14|0|14|0|14|0|14|0|14|0|14|0|14|0|14|0|14|0|14|0|14|0|14|0|14|0|14|1|5|1|5|0|14|0|14|0|14|0|14|0|14|0|14|0|14|0|14|7|12|7|12|0|14|0|14|0|14|0|14|0|14|0|14|0|14|0|14
1600000US4557175|378|208|38|48|136|139|80|74|13|19|0|14|29|33|0|14|50|56|32|58|378|208|38|48|136|139|80|74|13|19|0|14|29|33|0|14|50|56|32|58|366|203|38|48|136|139|68|72|13|19|0|14|29|33|0|14|50|56|32|58|12|22|0|14|0|14|12|22|0|14|0|14|0|14|0|14|0|14|0|14|12|22|0|14|0|14|12|22|0|14|0|14|0|14|0|14|0|14|0|14|0|14|0|14|0|14|0|14|0|14|0|14|0|14|0|14|0|14|0|14|0|14|0|14|0|14|0|14|0|14|0|14|0|14|0|14|0|14|0|14|0|14|0|14|0|14|0|14|0|14|0|14|0|14|0|14|0|14|0|14|0|14|0|14|0|14|0|14|0|14|0|14|0|14|0|14|0|14|0|14|0|14|0|14|0|14|0|14|0|14|0|14|0|14|0|14|0|14|0|14|0|14|0|14|0|14|0|14|0|14|0|14|0|14|0|14|0|14|0|14|0|14|0|14|0|14|0|14|0|14|0|14|0|14|0|14|0|14|0|14
1600000US4557670|33|22|8|11|1|2|6|10|1|2|0|14|8|11|5|8|0|14|4|6|28|21|6|13|1|2|6|10|1|2|0|14|8|11|2|3|0|14|4|6|26|21|6|13|1|2|6|10|1|2|0|14|6|10|2|3|0|14|4|6|2|3|0|14|0|14|0|14|0|14|0|14|2|3|0|14|0|14|0|14|2|3|0|14|0|14|0|14|0|14|0|14|2|3|0|14|0|14|0|14|0|14|0|14|0|14|0|14|0|14|0|14|0|14|0|14|0|14|0|14|0|14|0|14|0|14|0|14|0|14|0|14|0|14|0|14|0|14|0|14|0|14|0|14|0|14|0|14|0|14|0|14|0|14|0|14|0|14|0|14|0|14|0|14|0|14|0|14|0|14|0|14|0|14|0|14|0|14|0|14|0|14|0|14|0|14|0|14|0|14|0|14|0|14|0|14|0|14|0|14|2|3|2|3|0|14|0|14|0|14|0|14|0|14|0|14|0|14|0|14|3|5|0|14|0|14|0|14|0|14|0|14|0|14|3|5|0|14|0|14
1600000US4557850|75|49|13|17|4|9|17|23|20|23|3|5|2|3|2|4|10|13|4|5|73|50|13|17|4|9|17|23|18|24|3|5|2|3|2|4|10|13|4|5|67|48|13|17|4|9|16|23|18|24|0|14|2|3|2|4|10|13|2|3|6|8|0|14|0|14|1|4|0|14|3|5|0|14|0|14|0|14|2|4|6|8|0|14|0|14|1|4|0|14|3|5|0|14|0|14|0|14|2|4|0|14|0|14|0|14|0|14|0|14|0|14|0|14|0|14|0|14|0|14|0|14|0|14|0|14|0|14|0|14|0|14|0|14|0|14|0|14|0|14|0|14|0|14|0|14|0|14|0|14|0|14|0|14|0|14|0|14|0|14|0|14|0|14|0|14|0|14|0|14|0|14|0|14|0|14|0|14|0|14|0|14|0|14|0|14|0|14|0|14|0|14|0|14|0|14|0|14|0|14|0|14|0|14|0|14|0|14|0|14|0|14|0|14|0|14|0|14|0|14|2|3|0|14|0|14|0|14|2|3|0|14|0|14|0|14|0|14|0|14
1600000US4558030|8334|696|3536|802|1411|342|1349|343|520|215|140|117|855|330|81|69|180|126|262|170|7156|722|2952|773|1092|318|1177|320|481|206|140|117|791|319|81|69|180|126|262|170|5637|619|1922|665|781|285|1094|307|443|195|136|116|766|318|81|69|180|126|234|157|1519|332|1030|314|311|166|83|76|38|38|4|6|25|33|0|22|0|22|28|44|812|229|528|236|163|105|83|76|16|25|4|6|18|31|0|22|0|22|0|22|707|270|502|237|148|155|0|22|22|30|0|22|7|14|0|22|0|22|28|44|26|33|10|21|9|19|7|14|0|22|0|22|0|22|0|22|0|22|0|22|26|33|10|21|9|19|7|14|0|22|0|22|0|22|0|22|0|22|0|22|0|22|0|22|0|22|0|22|0|22|0|22|0|22|0|22|0|22|0|22|0|22|0|22|0|22|0|22|0|22|0|22|0|22|0|22|0|22|0|22|992|310|519|234|244|131|165|91|0|22|0|22|64|103|0|22|0|22|0|22|160|82|55|43|66|65|0|22|39|45|0|22|0|22|0|22|0|22|0|22
1600000US4558170|4903|601|367|177|287|155|809|260|1202|362|497|208|444|194|272|144|266|110|759|319|4853|592|355|174|287|155|784|251|1202|362|497|208|444|194|272|144|266|110|746|316|4601|580|343|174|251|145|720|245|1119|341|472|212|444|194|255|143|251|107|746|316|252|151|12|20|36|56|64|79|83|78|25|35|0|22|17|29|15|26|0|22|252|151|12|20|36|56|64|79|83|78|25|35|0|22|17|29|15|26|0|22|0|22|0|22|0|22|0|22|0|22|0|22|0|22|0|22|0|22|0|22|25|46|0|22|0|22|25|46|0|22|0|22|0|22|0|22|0|22|0|22|0|22|0|22|0|22|0|22|0|22|0|22|0|22|0|22|0|22|0|22|0|22|0|22|0|22|0|22|0|22|0|22|0|22|0|22|0|22|0|22|25|46|0|22|0|22|25|46|0|22|0|22|0|22|0|22|0|22|0|22|0|22|0|22|0|22|0|22|0|22|0|22|0|22|0|22|0|22|0|22|25|28|12|19|0|22|0|22|0|22|0|22|0|22|0|22|0|22|13|21
1600000US4558435|13|14|7|12|0|14|0|14|0|14|0|14|0|14|0|14|0|14|6|11|13|14|7|12|0|14|0|14|0|14|0|14|0|14|0|14|0|14|6|11|13|14|7|12|0|14|0|14|0|14|0|14|0|14|0|14|0|14|6|11|0|14|0|14|0|14|0|14|0|14|0|14|0|14|0|14|0|14|0|14|0|14|0|14|0|14|0|14|0|14|0|14|0|14|0|14|0|14|0|14|0|14|0|14|0|14|0|14|0|14|0|14|0|14|0|14|0|14|0|14|0|14|0|14|0|14|0|14|0|14|0|14|0|14|0|14|0|14|0|14|0|14|0|14|0|14|0|14|0|14|0|14|0|14|0|14|0|14|0|14|0|14|0|14|0|14|0|14|0|14|0|14|0|14|0|14|0|14|0|14|0|14|0|14|0|14|0|14|0|14|0|14|0|14|0|14|0|14|0|14|0|14|0|14|0|14|0|14|0|14|0|14|0|14|0|14|0|14|0|14|0|14|0|14|0|14|0|14|0|14|0|14|0|14|0|14|0|14|0|14
1600000US4558570|737|291|52|59|224|168|131|94|88|69|86|75|93|95|32|34|9|16|22|24|737|291|52|59|224|168|131|94|88|69|86|75|93|95|32|34|9|16|22|24|705|292|52|59|224|168|131|94|88|69|86|75|93|95|0|14|9|16|22|24|32|34|0|14|0|14|0|14|0|14|0|14|0|14|32|34|0|14|0|14|32|34|0|14|0|14|0|14|0|14|0|14|0|14|32|34|0|14|0|14|0|14|0|14|0|14|0|14|0|14|0|14|0|14|0|14|0|14|0|14|0|14|0|14|0|14|0|14|0|14|0|14|0|14|0|14|0|14|0|14|0|14|0|14|0|14|0|14|0|14|0|14|0|14|0|14|0|14|0|14|0|14|0|14|0|14|0|14|0|14|0|14|0|14|0|14|0|14|0|14|0|14|0|14|0|14|0|14|0|14|0|14|0|14|0|14|0|14|0|14|0|14|0|14|0|14|0|14|0|14|0|14|0|14|0|14|0|14|0|14|0|14|0|14|0|14|0|14|0|14|0|14|0|14|0|14|0|14|0|14
1600000US4558615|4|11|0|14|0|14|0|14|4|11|0|14|0|14|0|14|0|14|0|14|4|11|0|14|0|14|0|14|4|11|0|14|0|14|0|14|0|14|0|14|4|11|0|14|0|14|0|14|4|11|0|14|0|14|0|14|0|14|0|14|0|14|0|14|0|14|0|14|0|14|0|14|0|14|0|14|0|14|0|14|0|14|0|14|0|14|0|14|0|14|0|14|0|14|0|14|0|14|0|14|0|14|0|14|0|14|0|14|0|14|0|14|0|14|0|14|0|14|0|14|0|14|0|14|0|14|0|14|0|14|0|14|0|14|0|14|0|14|0|14|0|14|0|14|0|14|0|14|0|14|0|14|0|14|0|14|0|14|0|14|0|14|0|14|0|14|0|14|0|14|0|14|0|14|0|14|0|14|0|14|0|14|0|14|0|14|0|14|0|14|0|14|0|14|0|14|0|14|0|14|0|14|0|14|0|14|0|14|0|14|0|14|0|14|0|14|0|14|0|14|0|14|0|14|0|14|0|14|0|14|0|14|0|14|0|14|0|14|0|14
1600000US4558705|536|163|74|47|60|52|103|53|113|67|44|41|67|37|14|21|34|28|27|29|524|157|74|47|60|52|103|53|101|65|44|41|67|37|14|21|34|28|27|29|473|145|74|47|56|50|94|47|80|55|44|41|54|30|14|21|30|25|27|29|51|42|0|14|4|7|9|16|21|27|0|14|13|22|0|14|4|7|0|14|41|34|0|14|4|7|9|16|15|19|0|14|13|22|0|14|0|14|0|14|10|13|0|14|0|14|0|14|6|10|0|14|0|14|0|14|4|7|0|14|0|14|0|14|0|14|0|14|0|14|0|14|0|14|0|14|0|14|0|14|0|14|0|14|0|14|0|14|0|14|0|14|0|14|0|14|0|14|0|14|0|14|0|14|0|14|0|14|0|14|0|14|0|14|0|14|0|14|0|14|0|14|0|14|0|14|0|14|0|14|0|14|0|14|0|14|0|14|0|14|0|14|0|14|0|14|0|14|0|14|0|14|0|14|0|14|0|14|0|14|12|21|0|14|0|14|0|14|12|21|0|14|0|14|0|14|0|14|0|14
1600000US4558795|347|114|26|20|51|31|123|67|39|30|19|28|38|23|5|8|19|20|27|24|328|106|26|20|51|31|123|67|39|30|3|5|35|23|5|8|19|20|27|24|308|102|26|20|51|31|123|67|24|18|3|5|35|23|5|8|19|20|22|21|20|24|0|14|0|14|0|14|15|22|0|14|0|14|0|14|0|14|5|9|15|22|0|14|0|14|0|14|15|22|0|14|0|14|0|14|0|14|0|14|5|9|0|14|0|14|0|14|0|14|0|14|0|14|0|14|0|14|5|9|0|14|0|14|0|14|0|14|0|14|0|14|0|14|0|14|0|14|0|14|0|14|0|14|0|14|0|14|0|14|0|14|0|14|0|14|0|14|0|14|0|14|0|14|0|14|0|14|0|14|0|14|0|14|0|14|0|14|0|14|0|14|0|14|0|14|0|14|0|14|0|14|0|14|0|14|0|14|0|14|0|14|0|14|0|14|0|14|0|14|0|14|0|14|0|14|0|14|0|14|19|28|0|14|0|14|0|14|0|14|16|28|3|5|0|14|0|14|0|14
1600000US4558930|65|72|0|14|0|14|0|14|0|14|0|14|0|14|0|14|0|14|65|72|65|72|0|14|0|14|0|14|0|14|0|14|0|14|0|14|0|14|65|72|65|72|0|14|0|14|0|14|0|14|0|14|0|14|0|14|0|14|65|72|0|14|0|14|0|14|0|14|0|14|0|14|0|14|0|14|0|14|0|14|0|14|0|14|0|14|0|14|0|14|0|14|0|14|0|14|0|14|0|14|0|14|0|14|0|14|0|14|0|14|0|14|0|14|0|14|0|14|0|14|0|14|0|14|0|14|0|14|0|14|0|14|0|14|0|14|0|14|0|14|0|14|0|14|0|14|0|14|0|14|0|14|0|14|0|14|0|14|0|14|0|14|0|14|0|14|0|14|0|14|0|14|0|14|0|14|0|14|0|14|0|14|0|14|0|14|0|14|0|14|0|14|0|14|0|14|0|14|0|14|0|14|0|14|0|14|0|14|0|14|0|14|0|14|0|14|0|14|0|14|0|14|0|14|0|14|0|14|0|14|0|14|0|14|0|14|0|14|0|14
1600000US4559020|1151|247|295|248|57|55|9|12|63|46|181|106|202|84|165|71|97|70|82|69|1137|246|295|248|57|55|9|12|63|46|181|106|191|87|165|71|97|70|79|69|957|248|241|218|57|55|9|12|52|44|124|97|163|81|154|68|90|66|67|55|180|119|54|50|0|14|0|14|11|18|57|79|28|31|11|13|7|11|12|20|137|94|35|41|0|14|0|14|0|14|57|79|15|19|11|13|7|11|12|20|43|73|19|33|0|14|0|14|11|18|0|14|13|23|0|14|0|14|0|14|0|14|0|14|0|14|0|14|0|14|0|14|0|14|0|14|0|14|0|14|0|14|0|14|0|14|0|14|0|14|0|14|0|14|0|14|0|14|0|14|0|14|0|14|0|14|0|14|0|14|0|14|0|14|0|14|0|14|0|14|0|14|0|14|0|14|0|14|0|14|0|14|0|14|0|14|0|14|0|14|0|14|0|14|0|14|0|14|0|14|0|14|0|14|0|14|0|14|0|14|14|21|0|14|0|14|0|14|0|14|0|14|11|20|0|14|0|14|3|5
1600000US4559110|5080|634|560|203|682|298|762|210|707|277|567|190|656|191|507|188|392|179|247|119|5027|648|538|209|682|298|762|210|703|277|542|197|654|191|507|188|392|179|247|119|4591|645|508|214|560|299|762|210|601|241|509|192|580|166|472|184|392|179|207|96|436|193|30|34|122|83|0|22|102|125|33|33|74|65|35|44|0|22|40|72|343|185|13|21|105|78|0|22|102|125|9|14|74|65|0|22|0|22|40|72|93|57|17|25|17|31|0|22|0|22|24|29|0|22|35|44|0|22|0|22|0|22|0|22|0|22|0|22|0|22|0|22|0|22|0|22|0|22|0|22|0|22|0|22|0|22|0|22|0|22|0|22|0|22|0|22|0|22|0|22|0|22|0|22|0|22|0|22|0|22|0|22|0|22|0|22|0|22|0|22|0|22|0|22|0|22|0|22|0|22|0|22|0|22|0|22|0|22|0|22|22|25|22|25|0|22|0|22|0|22|0|22|0|22|0|22|0|22|0|22|31|39|0|22|0|22|0|22|4|6|25|38|2|4|0|22|0|22|0|22
1600000US4559190|6501|948|871|260|755|257|1224|361|1373|409|367|163|1181|324|388|161|232|126|110|97|6063|898|815|238|746|254|1127|334|1157|353|367|163|1181|324|388|161|172|116|110|97|5677|877|784|245|727|253|1058|322|1092|342|357|163|1043|292|375|157|155|118|86|86|386|188|31|38|19|29|69|79|65|69|10|17|138|135|13|21|17|19|24|36|225|146|8|15|19|29|10|17|24|37|10|17|132|134|13|21|9|14|0|22|161|127|23|37|0|22|59|78|41|59|0|22|6|10|0|22|8|13|24|36|9|20|0|22|9|20|0|22|0|22|0|22|0|22|0|22|0|22|0|22|0|22|0|22|0|22|0|22|0|22|0|22|0|22|0|22|0|22|0|22|9|20|0|22|9|20|0|22|0|22|0|22|0|22|0|22|0|22|0|22|0|22|0|22|0|22|0|22|0|22|0|22|0|22|0|22|0|22|0|22|36|45|12|18|0|22|24|41|0|22|0|22|0|22|0|22|0|22|0|22|393|237|44|65|0|22|73|74|216|209|0|22|0|22|0|22|60|57|0|22
1600000US4559380|141|83|6|9|18|26|20|25|27|32|13|16|12|16|10|12|6|7|29|27|141|83|6|9|18|26|20|25|27|32|13|16|12|16|10|12|6|7|29|27|139|82|6|9|18|26|18|25|27|32|13|16|12|16|10|12|6|7|29|27|2|4|0|14|0|14|2|4|0|14|0|14|0|14|0|14|0|14|0|14|2|4|0|14|0|14|2|4|0|14|0|14|0|14|0|14|0|14|0|14|0|14|0|14|0|14|0|14|0|14|0|14|0|14|0|14|0|14|0|14|0|14|0|14|0|14|0|14|0|14|0|14|0|14|0|14|0|14|0|14|0|14|0|14|0|14|0|14|0|14|0|14|0|14|0|14|0|14|0|14|0|14|0|14|0|14|0|14|0|14|0|14|0|14|0|14|0|14|0|14|0|14|0|14|0|14|0|14|0|14|0|14|0|14|0|14|0|14|0|14|0|14|0|14|0|14|0|14|0|14|0|14|0|14|0|14|0|14|0|14|0|14|0|14|0|14|0|14|0|14|0|14|0|14|0|14|0|14|0|14
1600000US4559425|1077|281|58|40|125|77|175|94|183|88|89|74|251|111|83|44|68|71|45|30|1069|280|58|40|122|77|175|94|178|87|89|74|251|111|83|44|68|71|45|30|907|243|48|39|115|76|168|93|178|87|50|31|182|87|77|43|44|58|45|30|162|102|10|11|7|12|7|10|0|14|39|62|69|63|6|7|24|39|0|14|150|99|4|6|7|12|4|9|0|14|39|62|66|62|6|7|24|39|0|14|12|11|6|9|0|14|3|5|0|14|0|14|3|6|0|14|0|14|0|14|0|14|0|14|0|14|0|14|0|14|0|14|0|14|0|14|0|14|0|14|0|14|0|14|0|14|0|14|0|14|0|14|0|14|0|14|0|14|0|14|0|14|0|14|0|14|0|14|0|14|0|14|0|14|0|14|0|14|0|14|0|14|0|14|0|14|0|14|0|14|0|14|0|14|0|14|0|14|0|14|0|14|0|14|0|14|0|14|0|14|0|14|0|14|0|14|0|14|0|14|8|11|0|14|3|5|0|14|5|10|0|14|0|14|0|14|0|14|0|14
1600000US4559470|15|17|0|14|0|14|0|14|15|17|0|14|0|14|0|14|0|14|0|14|15|17|0|14|0|14|0|14|15|17|0|14|0|14|0|14|0|14|0|14|15|17|0|14|0|14|0|14|15|17|0|14|0|14|0|14|0|14|0|14|0|14|0|14|0|14|0|14|0|14|0|14|0|14|0|14|0|14|0|14|0|14|0|14|0|14|0|14|0|14|0|14|0|14|0|14|0|14|0|14|0|14|0|14|0|14|0|14|0|14|0|14|0|14|0|14|0|14|0|14|0|14|0|14|0|14|0|14|0|14|0|14|0|14|0|14|0|14|0|14|0|14|0|14|0|14|0|14|0|14|0|14|0|14|0|14|0|14|0|14|0|14|0|14|0|14|0|14|0|14|0|14|0|14|0|14|0|14|0|14|0|14|0|14|0|14|0|14|0|14|0|14|0|14|0|14|0|14|0|14|0|14|0|14|0|14|0|14|0|14|0|14|0|14|0|14|0|14|0|14|0|14|0|14|0|14|0|14|0|14|0|14|0|14|0|14|0|14|0|14
1600000US4559920|140|65|23|20|10|13|21|27|25|16|11|12|10|14|33|30|3|7|4|5|139|65|23|20|10|13|21|27|25|16|11|12|10|14|33|30|3|7|3|4|138|65|23|20|10|13|21|27|25|16|11|12|10|14|33|30|2|6|3|4|1|2|0|14|0|14|0|14|0|14|0|14|0|14|0|14|1|2|0|14|1|2|0|14|0|14|0|14|0|14|0|14|0|14|0|14|1|2|0|14|0|14|0|14|0|14|0|14|0|14|0|14|0|14|0|14|0|14|0|14|0|14|0|14|0|14|0|14|0|14|0|14|0|14|0|14|0|14|0|14|0|14|0|14|0|14|0|14|0|14|0|14|0|14|0|14|0|14|0|14|0|14|0|14|0|14|0|14|0|14|0|14|0|14|0|14|0|14|0|14|0|14|0|14|0|14|0|14|0|14|0|14|0|14|0|14|0|14|0|14|0|14|0|14|0|14|0|14|0|14|0|14|0|14|0|14|0|14|0|14|1|3|0|14|0|14|0|14|0|14|0|14|0|14|0|14|0|14|1|3
1600000US4560280|1315|207|251|143|65|62|143|155|66|65|28|24|265|127|107|61|221|102|169|95|1315|207|251|143|65|62|143|155|66|65|28|24|265|127|107|61|221|102|169|95|952|171|186|102|65|62|32|39|66|65|28|24|130|95|107|61|206|98|132|91|363|180|65|74|0|14|111|153|0|14|0|14|135|88|0|14|15|24|37|38|200|95|26|46|0|14|14|24|0|14|0|14|135|88|0|14|3|12|22|31|163|171|39|62|0|14|97|151|0|14|0|14|0|14|0|14|12|20|15|23|0|14|0|14|0|14|0|14|0|14|0|14|0|14|0|14|0|14|0|14|0|14|0|14|0|14|0|14|0|14|0|14|0|14|0|14|0|14|0|14|0|14|0|14|0|14|0|14|0|14|0|14|0|14|0|14|0|14|0|14|0|14|0|14|0|14|0|14|0|14|0|14|0|14|0|14|0|14|0|14|0|14|0|14|0|14|0|14|0|14|0|14|0|14|0|14|0|14|0|14|0|14|0|14|0|14|0|14|0|14|0|14|0|14|0|14|0|14|0|14
1600000US4560325|298|107|30|23|25|20|18|20|63|43|0|14|18|16|61|49|71|49|12|11|292|105|24|21|25|20|18|20|63|43|0|14|18|16|61|49|71|49|12|11|253|95|24|21|20|16|18|20|47|33|0|14|18|16|58|48|56|46|12|11|39|41|0|14|5|9|0|14|16|29|0|14|0|14|3|5|15|22|0|14|23|25|0|14|5|9|0|14|0|14|0|14|0|14|3|5|15|22|0|14|16|29|0|14|0|14|0|14|16|29|0|14|0|14|0|14|0|14|0|14|0|14|0|14|0|14|0|14|0|14|0|14|0|14|0|14|0|14|0|14|0|14|0|14|0|14|0|14|0|14|0|14|0|14|0|14|0|14|0|14|0|14|0|14|0|14|0|14|0|14|0|14|0|14|0|14|0|14|0|14|0|14|0|14|0|14|0|14|0|14|0|14|0|14|0|14|0|14|0|14|6|10|6|10|0|14|0|14|0|14|0|14|0|14|0|14|0|14|0|14|0|14|0|14|0|14|0|14|0|14|0|14|0|14|0|14|0|14|0|14
1600000US4560370|177|86|10|10|14|12|1|3|28|26|18|26|39|24|49|36|16|16|2|3|171|86|7|10|14|12|1|3|28|26|18|26|36|24|49|36|16|16|2|3|167|86|7|10|12|11|1|3|28|26|18|26|34|23|49|36|16|16|2|3|4|5|0|14|2|4|0|14|0|14|0|14|2|3|0|14|0|14|0|14|4|5|0|14|2|4|0|14|0|14|0|14|2|3|0|14|0|14|0|14|0|14|0|14|0|14|0|14|0|14|0|14|0|14|0|14|0|14|0|14|0|14|0|14|0|14|0|14|0|14|0|14|0|14|0|14|0|14|0|14|0|14|0|14|0|14|0|14|0|14|0|14|0|14|0|14|0|14|0|14|0|14|0|14|0|14|0|14|0|14|0|14|0|14|0|14|0|14|0|14|0|14|0|14|0|14|0|14|0|14|0|14|0|14|0|14|0|14|0|14|0|14|0|14|0|14|0|14|0|14|0|14|0|14|0|14|0|14|0|14|6|6|3|4|0|14|0|14|0|14|0|14|3|4|0|14|0|14|0|14
1600000US4560415|121|52|10|14|3|8|10|16|13|12|41|36|19|16|21|27|4|5|0|14|121|52|10|14|3|8|10|16|13|12|41|36|19|16|21|27|4|5|0|14|110|48|5|7|3|8|8|15|9|10|41|36|19|16|21|27|4|5|0|14|11|14|5|9|0|14|2|3|4|6|0|14|0|14|0|14|0|14|0|14|6|7|0|14|0|14|2|3|4|6|0|14|0|14|0|14|0|14|0|14|5|9|5|9|0|14|0|14|0|14|0|14|0|14|0|14|0|14|0|14|0|14|0|14|0|14|0|14|0|14|0|14|0|14|0|14|0|14|0|14|0|14|0|14|0|14|0|14|0|14|0|14|0|14|0|14|0|14|0|14|0|14|0|14|0|14|0|14|0|14|0|14|0|14|0|14|0|14|0|14|0|14|0|14|0|14|0|14|0|14|0|14|0|14|0|14|0|14|0|14|0|14|0|14|0|14|0|14|0|14|0|14|0|14|0|14|0|14|0|14|0|14|0|14|0|14|0|14|0|14|0|14|0|14|0|14|0|14|0|14
1600000US4561112|1068|812|56|54|131|95|257|357|415|441|55|45|79|88|55|51|20|31|0|14|1055|812|43|49|131|95|257|357|415|441|55|45|79|88|55|51|20|31|0|14|723|409|43|49|131|95|257|357|83|48|55|45|79|88|55|51|20|31|0|14|332|433|0|14|0|14|0|14|332|433|0|14|0|14|0|14|0|14|0|14|332|433|0|14|0|14|0|14|332|433|0|14|0|14|0|14|0|14|0|14|0|14|0|14|0|14|0|14|0|14|0|14|0|14|0|14|0|14|0|14|0|14|0|14|0|14|0|14|0|14|0|14|0|14|0|14|0|14|0|14|0|14|0|14|0|14|0|14|0|14|0|14|0|14|0|14|0|14|0|14|0|14|0|14|0|14|0|14|0|14|0|14|0|14|0|14|0|14|0|14|0|14|0|14|0|14|0|14|0|14|0|14|0|14|0|14|0|14|0|14|13|22|13|22|0|14|0|14|0|14|0|14|0|14|0|14|0|14|0|14|0|14|0|14|0|14|0|14|0|14|0|14|0|14|0|14|0|14|0|14
1600000US4561405|33946|1306|5241|624|4777|620|5342|593|4610|686|2248|420|4079|576|2169|477|3255|554|2225|414|32301|1340|4625|625|4325|556|5115|586|4405|695|2233|423|4071|574|2143|472|3171|553|2213|415|29082|1385|4334|592|4049|536|4589|528|3669|592|1998|376|3509|466|1992|463|2897|529|2045|381|3219|642|291|158|276|121|526|241|736|347|235|138|562|329|151|98|274|142|168|118|2118|449|209|127|205|109|388|197|312|125|204|133|362|289|118|92|207|137|113|85|1101|389|82|92|71|66|138|101|424|333|31|33|200|150|33|38|67|51|55|82|199|109|3|7|0|33|22|40|83|85|0|33|2|4|26|41|51|30|12|20|187|106|3|7|0|33|22|40|83|85|0|33|2|4|26|41|51|30|0|33|12|20|0|33|0|33|0|33|0|33|0|33|0|33|0|33|0|33|12|20|0|33|0|33|0|33|0|33|0|33|0|33|0|33|0|33|0|33|0|33|988|355|595|289|224|122|121|81|0|33|15|26|0|33|0|33|33|41|0|33|458|190|18|18|228|123|84|75|122|141|0|33|6|10|0|33|0|33|0|33
1600000US4561495|48|40|14|15|0|14|7|7|0|14|0|14|11|12|10|12|5|9|1|2|48|40|14|15|0|14|7|7|0|14|0|14|11|12|10|12|5|9|1|2|45|40|14|15|0|14|7|7|0|14|0|14|9|11|10|12|5|9|0|14|3|4|0|14|0|14|0|14|0|14|0|14|2|4|0|14|0|14|1|2|3|4|0|14|0|14|0|14|0|14|0|14|2|4|0|14|0|14|1|2|0|14|0|14|0|14|0|14|0|14|0|14|0|14|0|14|0|14|0|14|0|14|0|14|0|14|0|14|0|14|0|14|0|14|0|14|0|14|0|14|0|14|0|14|0|14|0|14|0|14|0|14|0|14|0|14|0|14|0|14|0|14|0|14|0|14|0|14|0|14|0|14|0|14|0|14|0|14|0|14|0|14|0|14|0|14|0|14|0|14|0|14|0|14|0|14|0|14|0|14|0|14|0|14|0|14|0|14|0|14|0|14|0|14|0|14|0|14|0|14|0|14|0|14|0|14|0|14|0|14|0|14|0|14|0|14|0|14|0|14
1600000US4561720|1570|529|316|214|176|139|414|247|314|171|65|45|63|53|21|25|89|100|112|87|1554|529|300|213|176|139|414|247|314|171|65|45|63|53|21|25|89|100|112|87|1342|482|234|173|161|137|366|238|235|157|65|45|63|53|17|28|89|100|112|87|212|144|66|97|15|24|48|67|79|78|0|14|0|14|4|7|0|14|0|14|197|142|66|97|0|14|48|67|79|78|0|14|0|14|4|7|0|14|0|14|15|24|0|14|15|24|0|14|0|14|0|14|0|14|0|14|0|14|0|14|0|14|0|14|0|14|0|14|0|14|0|14|0|14|0|14|0|14|0|14|0|14|0|14|0|14|0|14|0|14|0|14|0|14|0|14|0|14|0|14|0|14|0|14|0|14|0|14|0|14|0|14|0|14|0|14|0|14|0|14|0|14|0|14|0|14|0|14|0|14|0|14|0|14|0|14|0|14|0|14|16|25|16|25|0|14|0|14|0|14|0|14|0|14|0|14|0|14|0|14|0|14|0|14|0|14|0|14|0|14|0|14|0|14|0|14|0|14|0|14
1600000US4562035|133|59|21|22|17|17|16|17|40|29|6|7|9|11|6|9|2|4|16|16|129|58|21|22|17|17|16|17|40|29|6|7|9|11|6|9|0|14|14|15|121|55|21|22|17|17|16|17|32|26|6|7|9|11|6|9|0|14|14|15|8|11|0|14|0|14|0|14|8|11|0|14|0|14|0|14|0|14|0|14|8|11|0|14|0|14|0|14|8|11|0|14|0|14|0|14|0|14|0|14|0|14|0|14|0|14|0|14|0|14|0|14|0|14|0|14|0|14|0|14|0|14|0|14|0|14|0|14|0|14|0|14|0|14|0|14|0|14|0|14|0|14|0|14|0|14|0|14|0|14|0|14|0|14|0|14|0|14|0|14|0|14|0|14|0|14|0|14|0|14|0|14|0|14|0|14|0|14|0|14|0|14|0|14|0|14|0|14|0|14|0|14|0|14|0|14|0|14|0|14|0|14|0|14|0|14|0|14|0|14|0|14|0|14|0|14|0|14|0|14|4|7|0|14|0|14|0|14|0|14|0|14|0|14|0|14|2|4|2|3
1600000US4562080|114|57|5|6|33|29|19|16|20|18|1|4|8|11|6|5|13|12|9|7|109|58|5|6|33|29|14|14|20|18|1|4|8|11|6|5|13|12|9|7|107|58|5|6|33|29|14|14|20|18|1|4|8|11|6|5|11|11|9|7|2|4|0|14|0|14|0|14|0|14|0|14|0|14|0|14|2|4|0|14|2|4|0|14|0|14|0|14|0|14|0|14|0|14|0|14|2|4|0|14|0|14|0|14|0|14|0|14|0|14|0|14|0|14|0|14|0|14|0|14|0|14|0|14|0|14|0|14|0|14|0|14|0|14|0|14|0|14|0|14|0|14|0|14|0|14|0|14|0|14|0|14|0|14|0|14|0|14|0|14|0|14|0|14|0|14|0|14|0|14|0|14|0|14|0|14|0|14|0|14|0|14|0|14|0|14|0|14|0|14|0|14|0|14|0|14|0|14|0|14|0|14|0|14|0|14|0|14|0|14|0|14|0|14|0|14|0|14|0|14|5|8|0|14|0|14|5|8|0|14|0|14|0|14|0|14|0|14|0|14
1600000US4562305|50|46|0|14|0|14|15|23|0|14|0|14|23|35|0|14|0|14|12|18|50|46|0|14|0|14|15|23|0|14|0|14|23|35|0|14|0|14|12|18|38|43|0|14|0|14|15|23|0|14|0|14|23|35|0|14|0|14|0|14|12|18|0|14|0|14|0|14|0|14|0|14|0|14|0|14|0|14|12|18|12|18|0|14|0|14|0|14|0|14|0|14|0|14|0|14|0|14|12|18|0|14|0|14|0|14|0|14|0|14|0|14|0|14|0|14|0|14|0|14|0|14|0|14|0|14|0|14|0|14|0|14|0|14|0|14|0|14|0|14|0|14|0|14|0|14|0|14|0|14|0|14|0|14|0|14|0|14|0|14|0|14|0|14|0|14|0|14|0|14|0|14|0|14|0|14|0|14|0|14|0|14|0|14|0|14|0|14|0|14|0|14|0|14|0|14|0|14|0|14|0|14|0|14|0|14|0|14|0|14|0|14|0|14|0|14|0|14|0|14|0|14|0|14|0|14|0|14|0|14|0|14|0|14|0|14|0|14|0|14
1600000US4562395|8546|953|712|304|1568|437|1895|436|1895|403|638|263|917|309|369|300|271|179|281|135|8067|945|466|204|1568|437|1759|438|1895|403|608|255|894|307|369|300|256|183|252|121|7247|877|463|202|1358|382|1616|445|1783|393|544|241|745|305|369|300|163|124|206|120|820|270|3|11|210|141|143|133|112|118|64|77|149|98|0|22|93|93|46|47|622|241|0|22|191|136|137|135|112|118|64|77|96|79|0|22|12|22|10|17|198|116|3|11|19|34|6|14|0|22|0|22|53|57|0|22|81|92|36|43|66|64|0|22|0|22|25|39|0|22|0|22|12|23|0|22|0|22|29|52|41|52|0|22|0|22|0|22|0|22|0|22|12|23|0|22|0|22|29|52|25|39|0|22|0|22|25|39|0|22|0|22|0|22|0|22|0|22|0|22|0|22|0|22|0|22|0|22|0|22|0|22|0|22|0|22|0|22|0|22|108|106|93|106|0|22|0|22|0|22|0|22|0|22|0|22|15|25|0|22|305|186|153|179|0|22|111|101|0|22|30|49|11|17|0|22|0|22|0|22
1600000US4562485|22|34|0|14|0|14|0|14|0|14|0|14|0|14|0|14|22|34|0|14|22|34|0|14|0|14|0|14|0|14|0|14|0|14|0|14|22|34|0|14|22|34|0|14|0|14|0|14|0|14|0|14|0|14|0|14|22|34|0|14|0|14|0|14|0|14|0|14|0|14|0|14|0|14|0|14|0|14|0|14|0|14|0|14|0|14|0|14|0|14|0|14|0|14|0|14|0|14|0|14|0|14|0|14|0|14|0|14|0|14|0|14|0|14|0|14|0|14|0|14|0|14|0|14|0|14|0|14|0|14|0|14|0|14|0|14|0|14|0|14|0|14|0|14|0|14|0|14|0|14|0|14|0|14|0|14|0|14|0|14|0|14|0|14|0|14|0|14|0|14|0|14|0|14|0|14|0|14|0|14|0|14|0|14|0|14|0|14|0|14|0|14|0|14|0|14|0|14|0|14|0|14|0|14|0|14|0|14|0|14|0|14|0|14|0|14|0|14|0|14|0|14|0|14|0|14|0|14|0|14|0|14|0|14|0|14|0|14|0|14
1600000US4562530|634|207|248|140|71|68|36|38|62|64|2|3|68|46|61|77|34|39|52|41|597|202|228|139|71|68|27|35|62|64|2|3|60|44|61|77|34|39|52|41|495|190|186|111|71|68|23|27|37|57|2|3|37|28|53|75|34|39|52|41|102|59|42|51|0|14|4|20|25|36|0|14|23|37|8|15|0|14|0|14|37|44|0|14|0|14|4|20|25|36|0|14|0|14|8|15|0|14|0|14|65|53|42|51|0|14|0|14|0|14|0|14|23|37|0|14|0|14|0|14|0|14|0|14|0|14|0|14|0|14|0|14|0|14|0|14|0|14|0|14|0|14|0|14|0|14|0|14|0|14|0|14|0|14|0|14|0|14|0|14|0|14|0|14|0|14|0|14|0|14|0|14|0|14|0|14|0|14|0|14|0|14|0|14|0|14|0|14|0|14|0|14|0|14|0|14|0|14|0|14|28|28|20|25|0|14|0|14|0|14|0|14|8|13|0|14|0|14|0|14|9|11|0|14|0|14|9|11|0|14|0|14|0|14|0|14|0|14|0|14
1600000US4562620|679|251|180|88|144|75|71|70|94|97|39|36|66|76|28|29|53|64|4|7|575|235|130|101|144|75|71|70|40|40|39|36|66|76|28|29|53|64|4|7|506|219|127|101|78|64|71|70|40|40|39|36|66|76|28|29|53|64|4|7|69|66|3|7|66|65|0|14|0|14|0|14|0|14|0|14|0|14|0|14|41|54|3|7|38|54|0|14|0|14|0|14|0|14|0|14|0|14|0|14|28|31|0|14|28|31|0|14|0|14|0|14|0|14|0|14|0|14|0|14|0|14|0|14|0|14|0|14|0|14|0|14|0|14|0|14|0|14|0|14|0|14|0|14|0|14|0|14|0|14|0|14|0|14|0|14|0|14|0|14|0|14|0|14|0|14|0|14|0|14|0|14|0|14|0|14|0|14|0|14|0|14|0|14|0|14|0|14|0|14|0|14|0|14|0|14|0|14|0|14|104|93|50|34|0|14|0|14|54|87|0|14|0|14|0|14|0|14|0|14|0|14|0|14|0|14|0|14|0|14|0|14|0|14|0|14|0|14|0|14
1600000US4562755|505|167|31|32|25|30|106|71|26|28|16|17|28|30|35|28|177|91|61|38|480|161|31|32|18|25|103|70|26|28|16|17|13|14|35|28|177|91|61|38|432|131|31|32|18|25|103|70|26|28|16|17|11|12|35|28|137|64|55|37|48|61|0|14|0|14|0|14|0|14|0|14|2|6|0|14|40|60|6|13|9|14|0|14|0|14|0|14|0|14|0|14|0|14|0|14|3|5|6|13|39|58|0|14|0|14|0|14|0|14|0|14|2|6|0|14|37|60|0|14|0|14|0|14|0|14|0|14|0|14|0|14|0|14|0|14|0|14|0|14|0|14|0|14|0|14|0|14|0|14|0|14|0|14|0|14|0|14|0|14|0|14|0|14|0|14|0|14|0|14|0|14|0|14|0|14|0|14|0|14|0|14|0|14|0|14|0|14|0|14|0|14|0|14|0|14|0|14|0|14|0|14|0|14|0|14|0|14|0|14|0|14|0|14|0|14|0|14|0|14|25|29|0|14|7|14|3|5|0|14|0|14|15|25|0|14|0|14|0|14
1600000US4562980|83|59|2|4|5|5|2|4|24|21|22|34|11|12|11|14|2|3|4|8|83|59|2|4|5|5|2|4|24|21|22|34|11|12|11|14|2|3|4|8|83|59|2|4|5|5|2|4|24|21|22|34|11|12|11|14|2|3|4|8|0|14|0|14|0|14|0|14|0|14|0|14|0|14|0|14|0|14|0|14|0|14|0|14|0|14|0|14|0|14|0|14|0|14|0|14|0|14|0|14|0|14|0|14|0|14|0|14|0|14|0|14|0|14|0|14|0|14|0|14|0|14|0|14|0|14|0|14|0|14|0|14|0|14|0|14|0|14|0|14|0|14|0|14|0|14|0|14|0|14|0|14|0|14|0|14|0|14|0|14|0|14|0|14|0|14|0|14|0|14|0|14|0|14|0|14|0|14|0|14|0|14|0|14|0|14|0|14|0|14|0|14|0|14|0|14|0|14|0|14|0|14|0|14|0|14|0|14|0|14|0|14|0|14|0|14|0|14|0|14|0|14|0|14|0|14|0|14|0|14|0|14|0|14|0|14|0|14|0|14
1600000US4563115|86|54|19|19|0|14|10|10|0|14|2|4|6|12|23|26|0|14|26|22|86|54|19|19|0|14|10|10|0|14|2|4|6|12|23|26|0|14|26|22|81|52|16|19|0|14|10|10|0|14|2|4|6|12|21|25|0|14|26|22|5|9|3|5|0|14|0|14|0|14|0|14|0|14|2|8|0|14|0|14|5|9|3|5|0|14|0|14|0|14|0|14|0|14|2|8|0|14|0|14|0|14|0|14|0|14|0|14|0|14|0|14|0|14|0|14|0|14|0|14|0|14|0|14|0|14|0|14|0|14|0|14|0|14|0|14|0|14|0|14|0|14|0|14|0|14|0|14|0|14|0|14|0|14|0|14|0|14|0|14|0|14|0|14|0|14|0|14|0|14|0|14|0|14|0|14|0|14|0|14|0|14|0|14|0|14|0|14|0|14|0|14|0|14|0|14|0|14|0|14|0|14|0|14|0|14|0|14|0|14|0|14|0|14|0|14|0|14|0|14|0|14|0|14|0|14|0|14|0|14|0|14|0|14|0|14|0|14|0|14
1600000US4563250|1142|149|366|135|84|66|64|56|164|102|131|70|80|62|69|43|128|75|56|46|794|166|129|65|53|54|64|56|101|80|131|70|80|62|69|43|128|75|39|38|540|122|124|65|12|15|42|32|21|24|96|62|80|62|53|37|73|49|39|38|254|131|5|14|41|51|22|32|80|77|35|30|0|14|16|23|55|44|0|14|192|119|5|14|2|7|19|32|80|77|35|30|0|14|0|14|51|44|0|14|62|57|0|14|39|50|3|7|0|14|0|14|0|14|16|23|4|8|0|14|0|14|0|14|0|14|0|14|0|14|0|14|0|14|0|14|0|14|0|14|0|14|0|14|0|14|0|14|0|14|0|14|0|14|0|14|0|14|0|14|0|14|0|14|0|14|0|14|0|14|0|14|0|14|0|14|0|14|0|14|0|14|0|14|0|14|0|14|0|14|0|14|0|14|0|14|0|14|0|14|99|90|5|10|31|35|0|14|63|87|0|14|0|14|0|14|0|14|0|14|249|121|232|117|0|14|0|14|0|14|0|14|0|14|0|14|0|14|17|21
1600000US4563655|443|195|78|41|57|63|118|106|145|106|9|16|36|39|0|14|0|14|0|14|421|191|78|41|57|63|118|106|145|106|9|16|14|21|0|14|0|14|0|14|380|189|51|42|57|63|118|106|131|102|9|16|14|21|0|14|0|14|0|14|41|47|27|40|0|14|0|14|14|27|0|14|0|14|0|14|0|14|0|14|0|14|0|14|0|14|0|14|0|14|0|14|0|14|0|14|0|14|0|14|41|47|27|40|0|14|0|14|14|27|0|14|0|14|0|14|0|14|0|14|0|14|0|14|0|14|0|14|0|14|0|14|0|14|0|14|0|14|0|14|0|14|0|14|0|14|0|14|0|14|0|14|0|14|0|14|0|14|0|14|0|14|0|14|0|14|0|14|0|14|0|14|0|14|0|14|0|14|0|14|0|14|0|14|0|14|0|14|0|14|0|14|0|14|0|14|0|14|0|14|0|14|0|14|0|14|0|14|0|14|0|14|0|14|0|14|0|14|0|14|22|34|0|14|0|14|0|14|0|14|0|14|22|34|0|14|0|14|0|14
1600000US4563665|4007|1163|386|416|277|132|390|210|356|246|293|134|962|331|442|323|637|216|264|177|3880|1163|364|416|277|132|390|210|356|246|293|134|962|331|442|323|552|179|244|172|3557|1133|364|416|277|132|289|184|346|243|164|89|928|331|426|323|532|172|231|172|323|137|0|20|0|20|101|79|10|17|129|99|34|39|16|28|20|32|13|22|241|125|0|20|0|20|101|79|0|20|129|99|11|18|0|20|0|20|0|20|82|63|0|20|0|20|0|20|10|17|0|20|23|36|16|28|20|32|13|22|0|20|0|20|0|20|0|20|0|20|0|20|0|20|0|20|0|20|0|20|0|20|0|20|0|20|0|20|0|20|0|20|0|20|0|20|0|20|0|20|0|20|0|20|0|20|0|20|0|20|0|20|0|20|0|20|0|20|0|20|0|20|0|20|0|20|0|20|0|20|0|20|0|20|0|20|0|20|0|20|9|16|9|16|0|20|0|20|0|20|0|20|0|20|0|20|0|20|0|20|118|142|13|24|0|20|0|20|0|20|0|20|0|20|0|20|85|135|20|31
1600000US4563700|3272|533|356|167|482|198|596|206|733|260|270|118|305|137|114|103|283|129|133|75|3175|514|334|164|467|193|596|206|691|254|270|118|298|136|114|103|283|129|122|75|2696|432|215|149|331|128|510|198|627|233|257|118|280|132|114|103|263|124|99|73|479|237|119|91|136|152|86|82|64|73|13|21|18|26|0|20|20|32|23|30|432|233|119|91|136|152|81|81|54|62|13|21|0|20|0|20|20|32|9|15|47|32|0|20|0|20|5|9|10|17|0|20|18|26|0|20|0|20|14|25|11|17|0|20|0|20|0|20|0|20|0|20|0|20|0|20|0|20|11|17|11|17|0|20|0|20|0|20|0|20|0|20|0|20|0|20|0|20|11|17|0|20|0|20|0|20|0|20|0|20|0|20|0|20|0|20|0|20|0|20|0|20|0|20|0|20|0|20|0|20|0|20|0|20|0|20|0|20|0|20|22|24|22|24|0|20|0|20|0|20|0|20|0|20|0|20|0|20|0|20|64|60|0|20|15|23|0|20|42|64|0|20|7|11|0|20|0|20|0|20
1600000US4563790|504|170|131|69|67|48|81|68|23|25|0|14|54|41|54|62|13|18|81|64|456|165|100|64|67|48|81|68|23|25|0|14|54|41|49|61|13|18|69|59|390|163|80|57|67|48|47|41|23|25|0|14|42|39|49|61|13|18|69|59|66|52|20|25|0|14|34|43|0|14|0|14|12|17|0|14|0|14|0|14|54|51|20|25|0|14|34|43|0|14|0|14|0|14|0|14|0|14|0|14|12|17|0|14|0|14|0|14|0|14|0|14|12|17|0|14|0|14|0|14|0|14|0|14|0|14|0|14|0|14|0|14|0|14|0|14|0|14|0|14|0|14|0|14|0|14|0|14|0|14|0|14|0|14|0|14|0|14|0|14|0|14|0|14|0|14|0|14|0|14|0|14|0|14|0|14|0|14|0|14|0|14|0|14|0|14|0|14|0|14|0|14|0|14|0|14|0|14|0|14|0|14|0|14|0|14|0|14|0|14|0|14|0|14|0|14|0|14|0|14|48|45|31|39|0|14|0|14|0|14|0|14|0|14|5|7|0|14|12|22
1600000US4564240|1617|425|178|87|560|326|257|113|384|120|128|109|73|59|7|14|0|14|30|38|1533|408|120|83|534|306|257|113|384|120|128|109|73|59|7|14|0|14|30|38|1112|373|90|68|442|287|136|90|267|107|104|82|66|58|7|14|0|14|0|14|421|141|30|49|92|77|121|89|117|70|24|35|7|12|0|14|0|14|30|38|267|93|30|49|65|62|74|73|91|61|0|14|7|12|0|14|0|14|0|14|154|103|0|14|27|35|47|50|26|31|24|35|0|14|0|14|0|14|30|38|11|18|11|18|0|14|0|14|0|14|0|14|0|14|0|14|0|14|0|14|11|18|11|18|0|14|0|14|0|14|0|14|0|14|0|14|0|14|0|14|0|14|0|14|0|14|0|14|0|14|0|14|0|14|0|14|0|14|0|14|0|14|0|14|0|14|0|14|0|14|0|14|0|14|0|14|0|14|0|14|73|57|47|44|26|32|0|14|0|14|0|14|0|14|0|14|0|14|0|14|0|14|0|14|0|14|0|14|0|14|0|14|0|14|0|14|0|14|0|14
1600000US4564465|51|45|0|14|0|14|11|18|21|23|0|14|0|14|7|12|0|14|12|20|51|45|0|14|0|14|11|18|21|23|0|14|0|14|7|12|0|14|12|20|42|35|0|14|0|14|11|18|12|16|0|14|0|14|7|12|0|14|12|20|9|15|0|14|0|14|0|14|9|15|0|14|0|14|0|14|0|14|0|14|9|15|0|14|0|14|0|14|9|15|0|14|0|14|0|14|0|14|0|14|0|14|0|14|0|14|0|14|0|14|0|14|0|14|0|14|0|14|0|14|0|14|0|14|0|14|0|14|0|14|0|14|0|14|0|14|0|14|0|14|0|14|0|14|0|14|0|14|0|14|0|14|0|14|0|14|0|14|0|14|0|14|0|14|0|14|0|14|0|14|0|14|0|14|0|14|0|14|0|14|0|14|0|14|0|14|0|14|0|14|0|14|0|14|0|14|0|14|0|14|0|14|0|14|0|14|0|14|0|14|0|14|0|14|0|14|0|14|0|14|0|14|0|14|0|14|0|14|0|14|0|14|0|14|0|14|0|14|0|14
1600000US4564600|215|93|35|29|55|38|2|3|26|31|14|17|62|62|8|8|2|4|11|17|199|85|22|20|52|37|2|3|26|31|14|17|62|62|8|8|2|4|11|17|154|81|13|17|33|26|2|3|9|15|14|17|62|62|8|8|2|4|11|17|45|30|9|12|19|21|0|14|17|27|0|14|0|14|0|14|0|14|0|14|35|26|9|12|9|14|0|14|17|27|0|14|0|14|0|14|0|14|0|14|10|16|0|14|10|16|0|14|0|14|0|14|0|14|0|14|0|14|0|14|0|14|0|14|0|14|0|14|0|14|0|14|0|14|0|14|0|14|0|14|0|14|0|14|0|14|0|14|0|14|0|14|0|14|0|14|0|14|0|14|0|14|0|14|0|14|0|14|0|14|0|14|0|14|0|14|0|14|0|14|0|14|0|14|0|14|0|14|0|14|0|14|0|14|0|14|0|14|0|14|13|22|13|22|0|14|0|14|0|14|0|14|0|14|0|14|0|14|0|14|3|7|0|14|3|7|0|14|0|14|0|14|0|14|0|14|0|14|0|14
1600000US4564690|379|234|0|14|13|23|59|60|50|67|0|14|131|157|9|14|107|88|10|18|379|234|0|14|13|23|59|60|50|67|0|14|131|157|9|14|107|88|10|18|355|220|0|14|13|23|59|60|26|35|0|14|131|157|9|14|107|88|10|18|24|32|0|14|0|14|0|14|24|32|0|14|0|14|0|14|0|14|0|14|24|32|0|14|0|14|0|14|24|32|0|14|0|14|0|14|0|14|0|14|0|14|0|14|0|14|0|14|0|14|0|14|0|14|0|14|0|14|0|14|0|14|0|14|0|14|0|14|0|14|0|14|0|14|0|14|0|14|0|14|0|14|0|14|0|14|0|14|0|14|0|14|0|14|0|14|0|14|0|14|0|14|0|14|0|14|0|14|0|14|0|14|0|14|0|14|0|14|0|14|0|14|0|14|0|14|0|14|0|14|0|14|0|14|0|14|0|14|0|14|0|14|0|14|0|14|0|14|0|14|0|14|0|14|0|14|0|14|0|14|0|14|0|14|0|14|0|14|0|14|0|14|0|14|0|14|0|14|0|14
1600000US4564712|406|119|62|29|79|42|52|39|44|24|0|14|37|31|3|4|87|79|42|28|371|117|52|27|79|42|35|31|44|24|0|14|29|29|3|4|87|79|42|28|353|113|46|27|71|39|35|31|40|24|0|14|29|29|3|4|87|79|42|28|18|17|6|9|8|13|0|14|4|8|0|14|0|14|0|14|0|14|0|14|14|15|6|9|8|13|0|14|0|14|0|14|0|14|0|14|0|14|0|14|4|8|0|14|0|14|0|14|4|8|0|14|0|14|0|14|0|14|0|14|0|14|0|14|0|14|0|14|0|14|0|14|0|14|0|14|0|14|0|14|0|14|0|14|0|14|0|14|0|14|0|14|0|14|0|14|0|14|0|14|0|14|0|14|0|14|0|14|0|14|0|14|0|14|0|14|0|14|0|14|0|14|0|14|0|14|0|14|0|14|0|14|0|14|0|14|0|14|0|14|17|19|10|15|0|14|7|10|0|14|0|14|0|14|0|14|0|14|0|14|18|19|0|14|0|14|10|14|0|14|0|14|8|12|0|14|0|14|0|14
1600000US4565005|39|27|5|8|0|14|6|12|9|12|3|6|5|9|11|19|0|14|0|14|39|27|5|8|0|14|6|12|9|12|3|6|5|9|11|19|0|14|0|14|33|25|5|8|0|14|0|14|9|12|3|6|5|9|11|19|0|14|0|14|6|12|0|14|0|14|6|12|0|14|0|14|0|14|0|14|0|14|0|14|0|14|0|14|0|14|0|14|0|14|0|14|0|14|0|14|0|14|0|14|6|12|0|14|0|14|6|12|0|14|0|14|0|14|0|14|0|14|0|14|0|14|0|14|0|14|0|14|0|14|0|14|0|14|0|14|0|14|0|14|0|14|0|14|0|14|0|14|0|14|0|14|0|14|0|14|0|14|0|14|0|14|0|14|0|14|0|14|0|14|0|14|0|14|0|14|0|14|0|14|0|14|0|14|0|14|0|14|0|14|0|14|0|14|0|14|0|14|0|14|0|14|0|14|0|14|0|14|0|14|0|14|0|14|0|14|0|14|0|14|0|14|0|14|0|14|0|14|0|14|0|14|0|14|0|14|0|14|0|14
1600000US4565095|4010|405|1311|354|941|272|733|323|447|206|66|42|63|53|85|62|209|134|155|73|3926|433|1237|391|935|271|729|322|447|206|66|42|63|53|85|62|209|134|155|73|3325|435|808|227|779|217|719|325|444|206|66|42|63|53|85|62|206|134|155|73|601|279|429|260|156|144|10|17|3|5|0|20|0|20|0|20|3|6|0|20|339|244|219|222|117|115|0|20|3|5|0|20|0|20|0|20|0|20|0|20|262|189|210|178|39|60|10|17|0|20|0|20|0|20|0|20|3|6|0|20|0|20|0|20|0|20|0|20|0|20|0|20|0|20|0|20|0|20|0|20|0|20|0|20|0|20|0|20|0|20|0|20|0|20|0|20|0|20|0|20|0|20|0|20|0|20|0|20|0|20|0|20|0|20|0|20|0|20|0|20|0|20|0|20|0|20|0|20|0|20|0|20|0|20|0|20|0|20|0|20|67|99|67|99|0|20|0|20|0|20|0|20|0|20|0|20|0|20|0|20|17|19|7|13|6|10|4|8|0|20|0|20|0|20|0|20|0|20|0|20
1600000US4565207|6486|927|735|214|1120|346|1731|543|1223|405|485|240|507|158|409|179|108|62|168|88|6304|926|721|214|1089|343|1680|530|1139|401|485|240|505|159|409|179|108|62|168|88|5185|807|581|183|947|327|1372|470|877|332|472|240|368|127|382|167|98|59|88|54|1119|363|140|89|142|95|308|198|262|170|13|23|137|91|27|36|10|16|80|72|897|351|72|97|90|68|260|183|232|174|13|23|137|91|3|5|10|16|80|72|222|194|68|64|52|68|48|66|30|45|0|22|0|22|24|36|0|22|0|22|0|22|0|22|0|22|0|22|0|22|0|22|0|22|0|22|0|22|0|22|0|22|0|22|0|22|0|22|0|22|0|22|0|22|0|22|0|22|0|22|0|22|0|22|0|22|0|22|0|22|0|22|0|22|0|22|0|22|0|22|0|22|0|22|0|22|0|22|0|22|0|22|0|22|0|22|0|22|0|22|45|54|14|20|31|48|0|22|0|22|0|22|0|22|0|22|0|22|0|22|137|141|0|22|0|22|51|75|84|118|0|22|2|5|0|22|0|22|0|22
1600000US4565410|174|58|6|7|10|7|43|24|4|6|4|5|14|12|34|22|29|16|30|20|171|56|3|5|10|7|43|24|4|6|4|5|14|12|34|22|29|16|30|20|156|52|3|5|10|7|43|24|4|6|4|5|14|12|20|15|28|16|30|20|15|16|0|14|0|14|0|14|0|14|0|14|0|14|14|15|1|3|0|14|14|15|0|14|0|14|0|14|0|14|0|14|0|14|13|15|1|3|0|14|1|3|0|14|0|14|0|14|0|14|0|14|0|14|1|3|0|14|0|14|0|14|0|14|0|14|0|14|0|14|0|14|0|14|0|14|0|14|0|14|0|14|0|14|0|14|0|14|0|14|0|14|0|14|0|14|0|14|0|14|0|14|0|14|0|14|0|14|0|14|0|14|0|14|0|14|0|14|0|14|0|14|0|14|0|14|0|14|0|14|0|14|0|14|0|14|0|14|0|14|3|5|3|5|0|14|0|14|0|14|0|14|0|14|0|14|0|14|0|14|0|14|0|14|0|14|0|14|0|14|0|14|0|14|0|14|0|14|0|14
1600000US4565590|341|302|0|14|0|14|0|14|74|86|31|47|155|172|31|55|16|23|34|56|341|302|0|14|0|14|0|14|74|86|31|47|155|172|31|55|16|23|34|56|285|250|0|14|0|14|0|14|74|86|31|47|133|173|31|55|16|23|0|14|56|63|0|14|0|14|0|14|0|14|0|14|22|34|0|14|0|14|34|56|56|63|0|14|0|14|0|14|0|14|0|14|22|34|0|14|0|14|34|56|0|14|0|14|0|14|0|14|0|14|0|14|0|14|0|14|0|14|0|14|0|14|0|14|0|14|0|14|0|14|0|14|0|14|0|14|0|14|0|14|0|14|0|14|0|14|0|14|0|14|0|14|0|14|0|14|0|14|0|14|0|14|0|14|0|14|0|14|0|14|0|14|0|14|0|14|0|14|0|14|0|14|0|14|0|14|0|14|0|14|0|14|0|14|0|14|0|14|0|14|0|14|0|14|0|14|0|14|0|14|0|14|0|14|0|14|0|14|0|14|0|14|0|14|0|14|0|14|0|14|0|14|0|14|0|14|0|14|0|14
1600000US4565680|567|247|116|94|116|112|151|137|63|59|21|33|18|30|0|14|0|14|82|117|567|247|116|94|116|112|151|137|63|59|21|33|18|30|0|14|0|14|82|117|567|247|116|94|116|112|151|137|63|59|21|33|18|30|0|14|0|14|82|117|0|14|0|14|0|14|0|14|0|14|0|14|0|14|0|14|0|14|0|14|0|14|0|14|0|14|0|14|0|14|0|14|0|14|0|14|0|14|0|14|0|14|0|14|0|14|0|14|0|14|0|14|0|14|0|14|0|14|0|14|0|14|0|14|0|14|0|14|0|14|0|14|0|14|0|14|0|14|0|14|0|14|0|14|0|14|0|14|0|14|0|14|0|14|0|14|0|14|0|14|0|14|0|14|0|14|0|14|0|14|0|14|0|14|0|14|0|14|0|14|0|14|0|14|0|14|0|14|0|14|0|14|0|14|0|14|0|14|0|14|0|14|0|14|0|14|0|14|0|14|0|14|0|14|0|14|0|14|0|14|0|14|0|14|0|14|0|14|0|14|0|14|0|14|0|14|0|14|0|14
1600000US4565950|71|90|0|14|0|14|2|4|18|26|0|14|41|62|6|17|4|8|0|14|71|90|0|14|0|14|2|4|18|26|0|14|41|62|6|17|4|8|0|14|71|90|0|14|0|14|2|4|18|26|0|14|41|62|6|17|4|8|0|14|0|14|0|14|0|14|0|14|0|14|0|14|0|14|0|14|0|14|0|14|0|14|0|14|0|14|0|14|0|14|0|14|0|14|0|14|0|14|0|14|0|14|0|14|0|14|0|14|0|14|0|14|0|14|0|14|0|14|0|14|0|14|0|14|0|14|0|14|0|14|0|14|0|14|0|14|0|14|0|14|0|14|0|14|0|14|0|14|0|14|0|14|0|14|0|14|0|14|0|14|0|14|0|14|0|14|0|14|0|14|0|14|0|14|0|14|0|14|0|14|0|14|0|14|0|14|0|14|0|14|0|14|0|14|0|14|0|14|0|14|0|14|0|14|0|14|0|14|0|14|0|14|0|14|0|14|0|14|0|14|0|14|0|14|0|14|0|14|0|14|0|14|0|14|0|14|0|14|0|14
1600000US4566400|140|88|31|35|10|10|21|18|10|9|0|14|26|30|2|3|0|14|40|42|140|88|31|35|10|10|21|18|10|9|0|14|26|30|2|3|0|14|40|42|140|88|31|35|10|10|21|18|10|9|0|14|26|30|2|3|0|14|40|42|0|14|0|14|0|14|0|14|0|14|0|14|0|14|0|14|0|14|0|14|0|14|0|14|0|14|0|14|0|14|0|14|0|14|0|14|0|14|0|14|0|14|0|14|0|14|0|14|0|14|0|14|0|14|0|14|0|14|0|14|0|14|0|14|0|14|0|14|0|14|0|14|0|14|0|14|0|14|0|14|0|14|0|14|0|14|0|14|0|14|0|14|0|14|0|14|0|14|0|14|0|14|0|14|0|14|0|14|0|14|0|14|0|14|0|14|0|14|0|14|0|14|0|14|0|14|0|14|0|14|0|14|0|14|0|14|0|14|0|14|0|14|0|14|0|14|0|14|0|14|0|14|0|14|0|14|0|14|0|14|0|14|0|14|0|14|0|14|0|14|0|14|0|14|0|14|0|14|0|14
1600000US4566580|11321|929|1274|398|995|323|1691|449|2791|446|1207|300|2284|561|363|163|434|164|282|159|11058|904|1274|398|972|321|1677|446|2705|427|1077|290|2274|560|363|163|434|164|282|159|10195|900|1274|398|939|319|1326|431|2507|434|902|248|2274|560|313|152|399|164|261|144|863|355|0|26|33|37|351|220|198|138|175|109|0|26|50|57|35|48|21|38|712|336|0|26|33|37|323|216|174|139|114|86|0|26|12|20|35|48|21|38|151|99|0|26|0|26|28|42|24|28|61|63|0|26|38|53|0|26|0|26|0|26|0|26|0|26|0|26|0|26|0|26|0|26|0|26|0|26|0|26|0|26|0|26|0|26|0|26|0|26|0|26|0|26|0|26|0|26|0|26|0|26|0|26|0|26|0|26|0|26|0|26|0|26|0|26|0|26|0|26|0|26|0|26|0|26|0|26|0|26|0|26|0|26|0|26|0|26|0|26|18|26|0|26|4|13|14|21|0|26|0|26|0|26|0|26|0|26|0|26|245|156|0|26|19|31|0|26|86|94|130|116|10|16|0|26|0|26|0|26
1600000US4566760|340|114|33|39|28|19|61|33|29|19|52|23|38|24|8|11|23|16|68|60|338|113|33|39|28|19|61|33|29|19|52|23|38|24|8|11|21|14|68|60|296|102|28|39|28|19|57|33|29|19|49|23|35|24|4|5|20|15|46|46|42|46|5|7|0|14|4|6|0|14|3|4|3|5|4|8|1|2|22|42|31|44|0|14|0|14|4|6|0|14|0|14|3|5|2|5|0|14|22|42|11|10|5|7|0|14|0|14|0|14|3|4|0|14|2|5|1|2|0|14|0|14|0|14|0|14|0|14|0|14|0|14|0|14|0|14|0|14|0|14|0|14|0|14|0|14|0|14|0|14|0|14|0|14|0|14|0|14|0|14|0|14|0|14|0|14|0|14|0|14|0|14|0|14|0|14|0|14|0|14|0|14|0|14|0|14|0|14|0|14|0|14|0|14|0|14|0|14|0|14|0|14|0|14|0|14|0|14|0|14|0|14|0|14|0|14|0|14|0|14|2|4|0|14|0|14|0|14|0|14|0|14|0|14|0|14|2|4|0|14
1600000US4566917|932|285|174|120|62|60|26|30|30|43|12|21|173|110|166|119|229|137|60|58|932|285|174|120|62|60|26|30|30|43|12|21|173|110|166|119|229|137|60|58|801|257|174|120|58|58|14|23|30|43|0|14|163|107|98|80|229|137|35|43|131|101|0|14|4|9|12|20|0|14|12|21|10|16|68|87|0|14|25|39|80|90|0|14|0|14|12|20|0|14|0|14|0|14|68|87|0|14|0|14|51|47|0|14|4|9|0|14|0|14|12|21|10|16|0|14|0|14|25|39|0|14|0|14|0|14|0|14|0|14|0|14|0|14|0|14|0|14|0|14|0|14|0|14|0|14|0|14|0|14|0|14|0|14|0|14|0|14|0|14|0|14|0|14|0|14|0|14|0|14|0|14|0|14|0|14|0|14|0|14|0|14|0|14|0|14|0|14|0|14|0|14|0|14|0|14|0|14|0|14|0|14|0|14|0|14|0|14|0|14|0|14|0|14|0|14|0|14|0|14|0|14|0|14|0|14|0|14|0|14|0|14|0|14|0|14|0|14|0|14
1600000US4567165|49|28|2|4|0|14|5|7|10|12|11|10|5|8|0|14|8|7|8|9|49|28|2|4|0|14|5|7|10|12|11|10|5|8|0|14|8|7|8|9|47|27|2|4|0|14|5|7|10|12|11|10|3|5|0|14|8|7|8|9|2|4|0|14|0|14|0|14|0|14|0|14|2|4|0|14|0|14|0|14|0|14|0|14|0|14|0|14|0|14|0|14|0|14|0|14|0|14|0|14|2|4|0|14|0|14|0|14|0|14|0|14|2|4|0|14|0|14|0|14|0|14|0|14|0|14|0|14|0|14|0|14|0|14|0|14|0|14|0|14|0|14|0|14|0|14|0|14|0|14|0|14|0|14|0|14|0|14|0|14|0|14|0|14|0|14|0|14|0|14|0|14|0|14|0|14|0|14|0|14|0|14|0|14|0|14|0|14|0|14|0|14|0|14|0|14|0|14|0|14|0|14|0|14|0|14|0|14|0|14|0|14|0|14|0|14|0|14|0|14|0|14|0|14|0|14|0|14|0|14|0|14|0|14|0|14|0|14|0|14
1600000US4567210|14|11|0|14|0|14|2|3|0|14|2|3|0|14|4|7|2|3|4|4|14|11|0|14|0|14|2|3|0|14|2|3|0|14|4|7|2|3|4|4|14|11|0|14|0|14|2|3|0|14|2|3|0|14|4|7|2|3|4|4|0|14|0|14|0|14|0|14|0|14|0|14|0|14|0|14|0|14|0|14|0|14|0|14|0|14|0|14|0|14|0|14|0|14|0|14|0|14|0|14|0|14|0|14|0|14|0|14|0|14|0|14|0|14|0|14|0|14|0|14|0|14|0|14|0|14|0|14|0|14|0|14|0|14|0|14|0|14|0|14|0|14|0|14|0|14|0|14|0|14|0|14|0|14|0|14|0|14|0|14|0|14|0|14|0|14|0|14|0|14|0|14|0|14|0|14|0|14|0|14|0|14|0|14|0|14|0|14|0|14|0|14|0|14|0|14|0|14|0|14|0|14|0|14|0|14|0|14|0|14|0|14|0|14|0|14|0|14|0|14|0|14|0|14|0|14|0|14|0|14|0|14|0|14|0|14|0|14|0|14
1600000US4567255|99|75|18|18|31|43|11|17|6|8|20|26|6|6|1|2|3|4|3|5|99|75|18|18|31|43|11|17|6|8|20|26|6|6|1|2|3|4|3|5|91|69|18|18|26|40|11|17|3|5|20|26|6|6|1|2|3|4|3|5|8|12|0|14|5|10|0|14|3|5|0|14|0|14|0|14|0|14|0|14|8|12|0|14|5|10|0|14|3|5|0|14|0|14|0|14|0|14|0|14|0|14|0|14|0|14|0|14|0|14|0|14|0|14|0|14|0|14|0|14|0|14|0|14|0|14|0|14|0|14|0|14|0|14|0|14|0|14|0|14|0|14|0|14|0|14|0|14|0|14|0|14|0|14|0|14|0|14|0|14|0|14|0|14|0|14|0|14|0|14|0|14|0|14|0|14|0|14|0|14|0|14|0|14|0|14|0|14|0|14|0|14|0|14|0|14|0|14|0|14|0|14|0|14|0|14|0|14|0|14|0|14|0|14|0|14|0|14|0|14|0|14|0|14|0|14|0|14|0|14|0|14|0|14|0|14|0|14|0|14
1600000US4567390|10210|1285|848|387|1367|393|2907|709|2624|602|436|187|1344|396|212|132|96|73|376|165|9928|1309|683|338|1367|393|2890|707|2624|602|436|187|1244|369|212|132|96|73|376|165|8906|1167|612|308|1243|366|2648|683|2548|598|328|138|1022|330|196|130|73|66|236|126|1022|367|71|68|124|130|242|136|76|76|108|113|222|145|16|18|23|38|140|98|657|268|53|63|124|130|126|83|22|29|108|113|86|76|0|26|23|38|115|91|365|255|18|25|0|26|116|118|54|69|0|26|136|132|16|18|0|26|25|42|0|26|0|26|0|26|0|26|0|26|0|26|0|26|0|26|0|26|0|26|0|26|0|26|0|26|0|26|0|26|0|26|0|26|0|26|0|26|0|26|0|26|0|26|0|26|0|26|0|26|0|26|0|26|0|26|0|26|0|26|0|26|0|26|0|26|0|26|0|26|0|26|0|26|0|26|0|26|0|26|169|152|127|131|0|26|0|26|0|26|0|26|42|71|0|26|0|26|0|26|113|100|38|58|0|26|17|27|0|26|0|26|58|88|0|26|0|26|0|26
1600000US4567435|226|119|10|11|4|7|13|15|25|19|32|40|38|34|22|25|68|53|14|16|216|118|7|11|4|7|13|15|25|19|32|40|38|34|22|25|61|51|14|16|196|115|7|11|0|14|13|15|22|19|32|40|29|30|22|25|61|51|10|13|20|20|0|14|4|7|0|14|3|5|0|14|9|14|0|14|0|14|4|8|20|20|0|14|4|7|0|14|3|5|0|14|9|14|0|14|0|14|4|8|0|14|0|14|0|14|0|14|0|14|0|14|0|14|0|14|0|14|0|14|0|14|0|14|0|14|0|14|0|14|0|14|0|14|0|14|0|14|0|14|0|14|0|14|0|14|0|14|0|14|0|14|0|14|0|14|0|14|0|14|0|14|0|14|0|14|0|14|0|14|0|14|0|14|0|14|0|14|0|14|0|14|0|14|0|14|0|14|0|14|0|14|0|14|0|14|0|14|0|14|3|5|3|5|0|14|0|14|0|14|0|14|0|14|0|14|0|14|0|14|7|13|0|14|0|14|0|14|0|14|0|14|0|14|0|14|7|13|0|14
1600000US4567705|898|191|27|26|65|39|144|61|312|136|86|40|132|57|23|23|37|28|72|97|877|188|27|26|65|39|144|61|312|136|86|40|131|57|23|23|17|15|72|97|722|158|27|26|43|24|95|43|289|132|64|33|99|37|23|23|10|11|72|97|155|92|0|14|22|31|49|47|23|22|22|20|32|45|0|14|7|10|0|14|123|69|0|14|0|14|49|47|13|15|22|20|32|45|0|14|7|10|0|14|32|36|0|14|22|31|0|14|10|17|0|14|0|14|0|14|0|14|0|14|0|14|0|14|0|14|0|14|0|14|0|14|0|14|0|14|0|14|0|14|0|14|0|14|0|14|0|14|0|14|0|14|0|14|0|14|0|14|0|14|0|14|0|14|0|14|0|14|0|14|0|14|0|14|0|14|0|14|0|14|0|14|0|14|0|14|0|14|0|14|0|14|0|14|0|14|0|14|0|14|0|14|0|14|0|14|0|14|0|14|0|14|0|14|0|14|0|14|0|14|21|27|0|14|0|14|0|14|0|14|0|14|1|7|0|14|20|24|0|14
1600000US4567750|1741|436|187|99|286|104|364|190|365|195|101|60|230|181|40|58|62|52|106|85|1719|437|187|99|264|103|364|190|365|195|101|60|230|181|40|58|62|52|106|85|1389|396|110|70|233|111|350|187|318|189|101|60|202|163|5|7|62|52|8|15|330|188|77|79|31|42|14|21|47|54|0|14|28|44|35|60|0|14|98|84|273|167|77|79|31|42|1|2|47|54|0|14|28|44|35|60|0|14|54|59|57|66|0|14|0|14|13|21|0|14|0|14|0|14|0|14|0|14|44|65|0|14|0|14|0|14|0|14|0|14|0|14|0|14|0|14|0|14|0|14|0|14|0|14|0|14|0|14|0|14|0|14|0|14|0|14|0|14|0|14|0|14|0|14|0|14|0|14|0|14|0|14|0|14|0|14|0|14|0|14|0|14|0|14|0|14|0|14|0|14|0|14|0|14|0|14|0|14|0|14|0|14|0|14|0|14|0|14|0|14|0|14|0|14|0|14|0|14|0|14|22|26|0|14|22|26|0|14|0|14|0|14|0|14|0|14|0|14|0|14
1600000US4568177|682|283|198|207|178|109|175|201|32|62|0|14|28|46|0|14|36|37|35|52|673|284|189|205|178|109|175|201|32|62|0|14|28|46|0|14|36|37|35|52|516|216|137|157|178|109|98|112|32|62|0|14|0|14|0|14|36|37|35|52|157|107|52|53|0|14|77|95|0|14|0|14|28|46|0|14|0|14|0|14|114|96|52|53|0|14|62|88|0|14|0|14|0|14|0|14|0|14|0|14|43|53|0|14|0|14|15|28|0|14|0|14|28|46|0|14|0|14|0|14|0|14|0|14|0|14|0|14|0|14|0|14|0|14|0|14|0|14|0|14|0|14|0|14|0|14|0|14|0|14|0|14|0|14|0|14|0|14|0|14|0|14|0|14|0|14|0|14|0|14|0|14|0|14|0|14|0|14|0|14|0|14|0|14|0|14|0|14|0|14|0|14|0|14|0|14|0|14|0|14|0|14|0|14|0|14|0|14|0|14|0|14|0|14|0|14|0|14|0|14|9|14|9|14|0|14|0|14|0|14|0|14|0|14|0|14|0|14|0|14
1600000US4568210|132|100|25|37|10|21|24|50|10|16|18|27|0|14|28|41|17|24|0|14|107|81|0|14|10|21|24|50|10|16|18|27|0|14|28|41|17|24|0|14|107|81|0|14|10|21|24|50|10|16|18|27|0|14|28|41|17|24|0|14|0|14|0|14|0|14|0|14|0|14|0|14|0|14|0|14|0|14|0|14|0|14|0|14|0|14|0|14|0|14|0|14|0|14|0|14|0|14|0|14|0|14|0|14|0|14|0|14|0|14|0|14|0|14|0|14|0|14|0|14|0|14|0|14|0|14|0|14|0|14|0|14|0|14|0|14|0|14|0|14|0|14|0|14|0|14|0|14|0|14|0|14|0|14|0|14|0|14|0|14|0|14|0|14|0|14|0|14|0|14|0|14|0|14|0|14|0|14|0|14|0|14|0|14|0|14|0|14|0|14|0|14|0|14|0|14|0|14|0|14|25|37|25|37|0|14|0|14|0|14|0|14|0|14|0|14|0|14|0|14|0|14|0|14|0|14|0|14|0|14|0|14|0|14|0|14|0|14|0|14
1600000US4568290|15114|707|2796|333|3261|763|2664|386|2108|365|778|205|1637|349|631|207|774|180|465|143|14367|677|2459|323|3192|756|2617|389|2053|366|778|205|1571|342|623|206|697|180|377|117|12568|740|2112|305|2628|746|2303|362|1808|321|777|205|1415|319|535|198|671|169|319|115|1799|384|347|121|564|233|314|120|245|209|1|3|156|88|88|83|26|40|58|43|1432|356|232|97|531|231|260|104|216|204|1|3|48|42|88|83|26|40|30|32|367|184|115|79|33|37|54|69|29|48|0|30|108|76|0|30|0|30|28|27|147|74|33|36|0|30|5|9|33|43|0|30|17|20|0|30|39|36|20|26|117|60|33|36|0|30|5|9|33|43|0|30|7|11|0|30|39|36|0|30|20|26|0|30|0|30|0|30|0|30|0|30|10|16|0|30|0|30|10|21|10|16|0|30|0|30|0|30|0|30|0|30|0|30|0|30|0|30|10|16|374|100|217|75|63|45|33|32|22|29|0|30|0|30|8|14|12|19|19|31|226|96|87|51|6|10|9|9|0|30|0|30|49|61|0|30|26|42|49|49
1600000US4568380|1021|461|168|188|100|108|196|213|22|37|18|31|90|97|138|144|289|288|0|14|995|455|142|181|100|108|196|213|22|37|18|31|90|97|138|144|289|288|0|14|697|372|142|181|89|102|196|213|22|37|18|31|90|97|97|130|43|49|0|14|298|299|0|14|11|22|0|14|0|14|0|14|0|14|41|63|246|280|0|14|165|269|0|14|11|22|0|14|0|14|0|14|0|14|0|14|154|265|0|14|133|113|0|14|0|14|0|14|0|14|0|14|0|14|41|63|92|93|0|14|0|14|0|14|0|14|0|14|0|14|0|14|0|14|0|14|0|14|0|14|0|14|0|14|0|14|0|14|0|14|0|14|0|14|0|14|0|14|0|14|0|14|0|14|0|14|0|14|0|14|0|14|0|14|0|14|0|14|0|14|0|14|0|14|0|14|0|14|0|14|0|14|0|14|0|14|0|14|0|14|26|49|26|49|0|14|0|14|0|14|0|14|0|14|0|14|0|14|0|14|0|14|0|14|0|14|0|14|0|14|0|14|0|14|0|14|0|14|0|14
1600000US4568425|1184|246|130|70|264|127|175|77|394|142|47|32|102|104|0|14|43|49|29|24|1153|243|113|64|254|125|175|77|390|141|47|32|102|104|0|14|43|49|29|24|1058|218|107|62|237|123|160|68|375|144|47|32|98|103|0|14|5|8|29|24|95|68|6|10|17|21|15|20|15|25|0|14|4|6|0|14|38|48|0|14|76|61|0|14|4|6|15|20|15|25|0|14|4|6|0|14|38|48|0|14|19|30|6|10|13|21|0|14|0|14|0|14|0|14|0|14|0|14|0|14|0|14|0|14|0|14|0|14|0|14|0|14|0|14|0|14|0|14|0|14|0|14|0|14|0|14|0|14|0|14|0|14|0|14|0|14|0|14|0|14|0|14|0|14|0|14|0|14|0|14|0|14|0|14|0|14|0|14|0|14|0|14|0|14|0|14|0|14|0|14|0|14|0|14|0|14|0|14|0|14|27|32|17|27|10|17|0|14|0|14|0|14|0|14|0|14|0|14|0|14|4|6|0|14|0|14|0|14|4|6|0|14|0|14|0|14|0|14|0|14
1600000US4568470|133|59|5|7|5|8|6|9|11|16|10|11|19|13|31|23|29|20|17|15|132|59|5|7|5|8|6|9|11|16|10|11|19|13|31|23|29|20|16|15|109|55|5|7|4|7|1|2|11|16|10|11|19|13|18|17|26|20|15|15|23|17|0|14|1|2|5|9|0|14|0|14|0|14|13|13|3|5|1|3|8|10|0|14|0|14|5|9|0|14|0|14|0|14|0|14|3|5|0|14|15|13|0|14|1|2|0|14|0|14|0|14|0|14|13|13|0|14|1|3|0|14|0|14|0|14|0|14|0|14|0|14|0|14|0|14|0|14|0|14|0|14|0|14|0|14|0|14|0|14|0|14|0|14|0|14|0|14|0|14|0|14|0|14|0|14|0|14|0|14|0|14|0|14|0|14|0|14|0|14|0|14|0|14|0|14|0|14|0|14|0|14|0|14|0|14|0|14|0|14|0|14|0|14|0|14|0|14|0|14|0|14|0|14|0|14|0|14|0|14|1|2|0|14|0|14|0|14|0|14|0|14|0|14|0|14|0|14|1|2
1600000US4568875|122|87|5|9|6|9|25|28|20|22|20|21|10|15|15|20|2|4|19|20|121|87|4|8|6|9|25|28|20|22|20|21|10|15|15|20|2|4|19|20|104|81|0|14|6|9|25|28|20|22|13|19|10|15|15|20|2|4|13|19|17|13|4|8|0|14|0|14|0|14|7|9|0|14|0|14|0|14|6|8|13|11|0|14|0|14|0|14|0|14|7|9|0|14|0|14|0|14|6|8|4|8|4|8|0|14|0|14|0|14|0|14|0|14|0|14|0|14|0|14|0|14|0|14|0|14|0|14|0|14|0|14|0|14|0|14|0|14|0|14|0|14|0|14|0|14|0|14|0|14|0|14|0|14|0|14|0|14|0|14|0|14|0|14|0|14|0|14|0|14|0|14|0|14|0|14|0|14|0|14|0|14|0|14|0|14|0|14|0|14|0|14|0|14|0|14|0|14|0|14|1|2|1|2|0|14|0|14|0|14|0|14|0|14|0|14|0|14|0|14|0|14|0|14|0|14|0|14|0|14|0|14|0|14|0|14|0|14|0|14
1600000US4568920|358|326|89|137|70|115|53|62|18|31|39|56|89|136|0|14|0|14|0|14|358|326|89|137|70|115|53|62|18|31|39|56|89|136|0|14|0|14|0|14|319|309|89|137|70|115|14|25|18|31|39|56|89|136|0|14|0|14|0|14|39|55|0|14|0|14|39|55|0|14|0|14|0|14|0|14|0|14|0|14|39|55|0|14|0|14|39|55|0|14|0|14|0|14|0|14|0|14|0|14|0|14|0|14|0|14|0|14|0|14|0|14|0|14|0|14|0|14|0|14|0|14|0|14|0|14|0|14|0|14|0|14|0|14|0|14|0|14|0|14|0|14|0|14|0|14|0|14|0|14|0|14|0|14|0|14|0|14|0|14|0|14|0|14|0|14|0|14|0|14|0|14|0|14|0|14|0|14|0|14|0|14|0|14|0|14|0|14|0|14|0|14|0|14|0|14|0|14|0|14|0|14|0|14|0|14|0|14|0|14|0|14|0|14|0|14|0|14|0|14|0|14|0|14|0|14|0|14|0|14|0|14|0|14|0|14|0|14|0|14
1600000US4569010|640|179|55|69|136|91|221|112|90|67|69|69|7|12|15|27|31|35|16|24|624|177|55|69|136|91|221|112|90|67|69|69|7|12|15|27|31|35|0|14|580|180|11|23|136|91|221|112|90|67|69|69|7|12|15|27|31|35|0|14|44|67|44|67|0|14|0|14|0|14|0|14|0|14|0|14|0|14|0|14|25|38|25|38|0|14|0|14|0|14|0|14|0|14|0|14|0|14|0|14|19|29|19|29|0|14|0|14|0|14|0|14|0|14|0|14|0|14|0|14|0|14|0|14|0|14|0|14|0|14|0|14|0|14|0|14|0|14|0|14|0|14|0|14|0|14|0|14|0|14|0|14|0|14|0|14|0|14|0|14|0|14|0|14|0|14|0|14|0|14|0|14|0|14|0|14|0|14|0|14|0|14|0|14|0|14|0|14|0|14|0|14|0|14|0|14|0|14|0|14|0|14|0|14|0|14|0|14|0|14|0|14|0|14|0|14|0|14|0|14|16|24|0|14|0|14|0|14|0|14|0|14|0|14|0|14|0|14|16|24
1600000US4570045|93|76|29|29|4|8|0|14|0|14|4|6|44|49|0|14|0|14|12|17|93|76|29|29|4|8|0|14|0|14|4|6|44|49|0|14|0|14|12|17|89|76|29|29|0|14|0|14|0|14|4|6|44|49|0|14|0|14|12|17|4|8|0|14|4|8|0|14|0|14|0|14|0|14|0|14|0|14|0|14|0|14|0|14|0|14|0|14|0|14|0|14|0|14|0|14|0|14|0|14|4|8|0|14|4|8|0|14|0|14|0|14|0|14|0|14|0|14|0|14|0|14|0|14|0|14|0|14|0|14|0|14|0|14|0|14|0|14|0|14|0|14|0|14|0|14|0|14|0|14|0|14|0|14|0|14|0|14|0|14|0|14|0|14|0|14|0|14|0|14|0|14|0|14|0|14|0|14|0|14|0|14|0|14|0|14|0|14|0|14|0|14|0|14|0|14|0|14|0|14|0|14|0|14|0|14|0|14|0|14|0|14|0|14|0|14|0|14|0|14|0|14|0|14|0|14|0|14|0|14|0|14|0|14|0|14|0|14|0|14
1600000US4570090|858|315|217|106|124|46|106|48|189|124|71|32|116|100|10|9|9|9|16|13|809|314|183|103|109|41|106|48|189|124|71|32|116|100|10|9|9|9|16|13|809|314|183|103|109|41|106|48|189|124|71|32|116|100|10|9|9|9|16|13|0|14|0|14|0|14|0|14|0|14|0|14|0|14|0|14|0|14|0|14|0|14|0|14|0|14|0|14|0|14|0|14|0|14|0|14|0|14|0|14|0|14|0|14|0|14|0|14|0|14|0|14|0|14|0|14|0|14|0|14|0|14|0|14|0|14|0|14|0|14|0|14|0|14|0|14|0|14|0|14|0|14|0|14|0|14|0|14|0|14|0|14|0|14|0|14|0|14|0|14|0|14|0|14|0|14|0|14|0|14|0|14|0|14|0|14|0|14|0|14|0|14|0|14|0|14|0|14|0|14|0|14|0|14|0|14|0|14|0|14|19|19|19|19|0|14|0|14|0|14|0|14|0|14|0|14|0|14|0|14|30|28|15|19|15|19|0|14|0|14|0|14|0|14|0|14|0|14|0|14
1600000US4570225|271|89|38|36|8|12|52|31|18|18|11|18|29|19|6|10|12|23|97|80|266|86|38|36|8|12|52|31|18|18|11|18|29|19|6|10|7|15|97|80|237|81|35|36|8|12|41|30|18|18|11|18|29|19|0|14|7|15|88|77|29|26|3|4|0|14|11|15|0|14|0|14|0|14|6|10|0|14|9|16|23|23|3|4|0|14|11|15|0|14|0|14|0|14|0|14|0|14|9|16|6|10|0|14|0|14|0|14|0|14|0|14|0|14|6|10|0|14|0|14|0|14|0|14|0|14|0|14|0|14|0|14|0|14|0|14|0|14|0|14|0|14|0|14|0|14|0|14|0|14|0|14|0|14|0|14|0|14|0|14|0|14|0|14|0|14|0|14|0|14|0|14|0|14|0|14|0|14|0|14|0|14|0|14|0|14|0|14|0|14|0|14|0|14|0|14|0|14|0|14|0|14|0|14|0|14|0|14|0|14|0|14|0|14|0|14|0|14|0|14|5|9|0|14|0|14|0|14|0|14|0|14|0|14|0|14|5|9|0|14
1600000US4570270|23483|1220|1705|385|2154|433|3048|438|2875|488|2135|500|3274|662|2535|552|3002|618|2755|500|22807|1206|1463|331|2109|418|2998|439|2744|469|2095|497|3265|659|2486|549|3002|618|2645|496|20916|1214|1140|269|1899|403|2748|458|2506|456|1962|481|3115|660|2279|555|2943|611|2324|500|1891|418|323|184|210|143|250|153|238|130|133|116|150|121|207|139|59|62|321|150|1307|344|250|162|87|70|168|139|166|107|104|95|114|110|157|125|59|62|202|113|584|237|73|90|123|106|82|80|72|63|29|46|36|49|50|52|0|33|119|109|36|49|0|33|0|33|7|17|0|33|0|33|3|9|0|33|0|33|26|47|36|49|0|33|0|33|7|17|0|33|0|33|3|9|0|33|0|33|26|47|0|33|0|33|0|33|0|33|0|33|0|33|0|33|0|33|0|33|0|33|0|33|0|33|0|33|0|33|0|33|0|33|0|33|0|33|0|33|0|33|254|182|181|161|7|11|43|68|14|15|0|33|0|33|0|33|0|33|9|15|386|178|61|68|38|49|0|33|117|108|40|45|6|15|49|44|0|33|75|61
1600000US4570315|300|113|26|19|35|22|31|36|24|13|7|6|25|21|78|52|53|60|21|15|292|113|20|17|35|22|31|36|22|13|7|6|25|21|78|52|53|60|21|15|275|109|20|17|30|21|27|35|22|13|5|5|22|19|78|52|53|60|18|14|17|18|0|14|5|9|4|8|0|14|2|3|3|7|0|14|0|14|3|4|12|14|0|14|5|9|4|8|0|14|0|14|0|14|0|14|0|14|3|4|5|8|0|14|0|14|0|14|0|14|2|3|3|7|0|14|0|14|0|14|0|14|0|14|0|14|0|14|0|14|0|14|0|14|0|14|0|14|0|14|0|14|0|14|0|14|0|14|0|14|0|14|0|14|0|14|0|14|0|14|0|14|0|14|0|14|0|14|0|14|0|14|0|14|0|14|0|14|0|14|0|14|0|14|0|14|0|14|0|14|0|14|0|14|0|14|0|14|0|14|6|9|6|9|0|14|0|14|0|14|0|14|0|14|0|14|0|14|0|14|2|3|0|14|0|14|0|14|2|3|0|14|0|14|0|14|0|14|0|14
1600000US4570405|17241|862|3022|427|4352|467|4133|598|2010|396|582|197|547|198|659|242|822|279|1114|254|16725|906|2840|440|4226|461|4037|598|2003|395|559|194|480|182|659|242|820|279|1101|254|15110|886|2537|406|3939|476|3523|563|1770|375|535|191|406|165|634|237|754|271|1012|237|1615|363|303|103|287|163|514|215|233|129|24|38|74|71|25|25|66|59|89|104|1162|319|228|86|76|57|412|185|213|121|0|30|74|71|4|7|66|59|89|104|453|216|75|54|211|157|102|102|20|42|24|38|0|30|21|27|0|30|0|30|27|31|7|14|0|30|0|30|0|30|0|30|10|23|0|30|0|30|10|16|17|22|7|14|0|30|0|30|0|30|0|30|0|30|0|30|0|30|10|16|10|23|0|30|0|30|0|30|0|30|0|30|10|23|0|30|0|30|0|30|0|30|0|30|0|30|0|30|0|30|0|30|0|30|0|30|0|30|0|30|324|142|159|93|95|74|48|42|7|16|0|30|13|26|0|30|2|5|0|30|165|99|16|23|31|39|48|46|0|30|23|36|44|63|0|30|0|30|3|5
1600000US4570585|1426|166|359|128|125|55|278|85|204|99|100|50|204|82|29|29|40|31|87|53|1287|164|326|126|117|53|246|90|193|98|100|50|153|62|29|29|36|30|87|53|1161|155|315|125|81|45|246|90|158|79|100|50|118|52|20|25|36|30|87|53|126|74|11|16|36|38|0|14|35|54|0|14|35|44|9|13|0|14|0|14|121|74|11|16|31|38|0|14|35|54|0|14|35|44|9|13|0|14|0|14|5|8|0|14|5|8|0|14|0|14|0|14|0|14|0|14|0|14|0|14|0|14|0|14|0|14|0|14|0|14|0|14|0|14|0|14|0|14|0|14|0|14|0|14|0|14|0|14|0|14|0|14|0|14|0|14|0|14|0|14|0|14|0|14|0|14|0|14|0|14|0|14|0|14|0|14|0|14|0|14|0|14|0|14|0|14|0|14|0|14|0|14|0|14|0|14|0|14|0|14|9|15|0|14|0|14|0|14|0|14|0|14|9|15|0|14|0|14|0|14|130|95|33|27|8|13|32|41|11|14|0|14|42|53|0|14|4|7|0|14
1600000US4570675|233|87|18|21|24|23|17|17|10|9|6|6|68|49|31|27|45|27|14|13|231|87|17|21|23|23|17|17|10|9|6|6|68|49|31|27|45|27|14|13|228|87|17|21|23|23|17|17|10|9|3|4|68|49|31|27|45|27|14|13|3|5|0|14|0|14|0|14|0|14|3|5|0|14|0|14|0|14|0|14|3|5|0|14|0|14|0|14|0|14|3|5|0|14|0|14|0|14|0|14|0|14|0|14|0|14|0|14|0|14|0|14|0|14|0|14|0|14|0|14|0|14|0|14|0|14|0|14|0|14|0|14|0|14|0|14|0|14|0|14|0|14|0|14|0|14|0|14|0|14|0|14|0|14|0|14|0|14|0|14|0|14|0|14|0|14|0|14|0|14|0|14|0|14|0|14|0|14|0|14|0|14|0|14|0|14|0|14|0|14|0|14|0|14|0|14|0|14|0|14|2|4|1|2|1|3|0|14|0|14|0|14|0|14|0|14|0|14|0|14|0|14|0|14|0|14|0|14|0|14|0|14|0|14|0|14|0|14|0|14
1600000US4570900|38|30|1|3|5|7|0|14|8|13|3|6|7|9|7|10|2|4|5|6|38|30|1|3|5|7|0|14|8|13|3|6|7|9|7|10|2|4|5|6|38|30|1|3|5|7|0|14|8|13|3|6|7|9|7|10|2|4|5|6|0|14|0|14|0|14|0|14|0|14|0|14|0|14|0|14|0|14|0|14|0|14|0|14|0|14|0|14|0|14|0|14|0|14|0|14|0|14|0|14|0|14|0|14|0|14|0|14|0|14|0|14|0|14|0|14|0|14|0|14|0|14|0|14|0|14|0|14|0|14|0|14|0|14|0|14|0|14|0|14|0|14|0|14|0|14|0|14|0|14|0|14|0|14|0|14|0|14|0|14|0|14|0|14|0|14|0|14|0|14|0|14|0|14|0|14|0|14|0|14|0|14|0|14|0|14|0|14|0|14|0|14|0|14|0|14|0|14|0|14|0|14|0|14|0|14|0|14|0|14|0|14|0|14|0|14|0|14|0|14|0|14|0|14|0|14|0|14|0|14|0|14|0|14|0|14|0|14|0|14
1600000US4571170|0|14|0|14|0|14|0|14|0|14|0|14|0|14|0|14|0|14|0|14|0|14|0|14|0|14|0|14|0|14|0|14|0|14|0|14|0|14|0|14|0|14|0|14|0|14|0|14|0|14|0|14|0|14|0|14|0|14|0|14|0|14|0|14|0|14|0|14|0|14|0|14|0|14|0|14|0|14|0|14|0|14|0|14|0|14|0|14|0|14|0|14|0|14|0|14|0|14|0|14|0|14|0|14|0|14|0|14|0|14|0|14|0|14|0|14|0|14|0|14|0|14|0|14|0|14|0|14|0|14|0|14|0|14|0|14|0|14|0|14|0|14|0|14|0|14|0|14|0|14|0|14|0|14|0|14|0|14|0|14|0|14|0|14|0|14|0|14|0|14|0|14|0|14|0|14|0|14|0|14|0|14|0|14|0|14|0|14|0|14|0|14|0|14|0|14|0|14|0|14|0|14|0|14|0|14|0|14|0|14|0|14|0|14|0|14|0|14|0|14|0|14|0|14|0|14|0|14|0|14|0|14|0|14|0|14|0|14|0|14
1600000US4571305|20|18|5|8|0|14|4|7|7|9|1|3|3|5|0|14|0|14|0|14|20|18|5|8|0|14|4|7|7|9|1|3|3|5|0|14|0|14|0|14|20|18|5|8|0|14|4|7|7|9|1|3|3|5|0|14|0|14|0|14|0|14|0|14|0|14|0|14|0|14|0|14|0|14|0|14|0|14|0|14|0|14|0|14|0|14|0|14|0|14|0|14|0|14|0|14|0|14|0|14|0|14|0|14|0|14|0|14|0|14|0|14|0|14|0|14|0|14|0|14|0|14|0|14|0|14|0|14|0|14|0|14|0|14|0|14|0|14|0|14|0|14|0|14|0|14|0|14|0|14|0|14|0|14|0|14|0|14|0|14|0|14|0|14|0|14|0|14|0|14|0|14|0|14|0|14|0|14|0|14|0|14|0|14|0|14|0|14|0|14|0|14|0|14|0|14|0|14|0|14|0|14|0|14|0|14|0|14|0|14|0|14|0|14|0|14|0|14|0|14|0|14|0|14|0|14|0|14|0|14|0|14|0|14|0|14|0|14|0|14
1600000US4571395|10769|1062|528|167|1569|394|2399|427|2977|548|1025|297|1297|312|467|158|262|157|245|118|10668|1054|528|167|1545|396|2357|428|2977|548|1025|297|1286|313|467|158|262|157|221|115|9443|1032|492|165|1335|354|1897|380|2856|530|936|290|1154|299|415|140|146|88|212|114|1225|349|36|41|210|191|460|278|121|75|89|57|132|105|52|61|116|139|9|14|924|353|36|41|197|190|291|260|95|72|74|56|116|104|16|30|99|136|0|26|301|145|0|26|13|22|169|120|26|30|15|24|16|20|36|52|17|23|9|14|19|31|0|26|0|26|0|26|0|26|0|26|0|26|0|26|0|26|19|31|19|31|0|26|0|26|0|26|0|26|0|26|0|26|0|26|0|26|19|31|0|26|0|26|0|26|0|26|0|26|0|26|0|26|0|26|0|26|0|26|0|26|0|26|0|26|0|26|0|26|0|26|0|26|0|26|0|26|0|26|0|26|0|26|0|26|0|26|0|26|0|26|0|26|0|26|0|26|0|26|82|77|0|26|24|28|42|69|0|26|0|26|11|17|0|26|0|26|5|9
1600000US4571417|4555|631|520|234|285|181|742|298|310|143|415|239|654|228|463|231|828|251|338|141|4455|628|499|229|262|180|742|298|275|127|415|239|654|228|463|231|828|251|317|137|4100|558|461|226|205|167|669|320|275|127|338|218|605|216|463|231|779|253|305|133|355|274|38|40|57|65|73|97|0|22|77|90|49|75|0|22|49|48|12|20|163|106|0|22|57|65|25|39|0|22|32|54|4|18|0|22|33|40|12|20|192|235|38|40|0|22|48|83|0|22|45|77|45|72|0|22|16|26|0|22|16|26|0|22|0|22|0|22|0|22|0|22|0|22|0|22|0|22|16|26|0|22|0|22|0|22|0|22|0|22|0|22|0|22|0|22|0|22|0|22|16|26|0|22|0|22|0|22|0|22|0|22|0|22|0|22|0|22|16|26|0|22|0|22|0|22|0|22|0|22|0|22|0|22|0|22|0|22|0|22|23|38|0|22|23|38|0|22|0|22|0|22|0|22|0|22|0|22|0|22|61|69|21|33|0|22|0|22|35|43|0|22|0|22|0|22|0|22|5|13
1600000US4571658|213|70|0|14|21|23|136|61|0|14|0|14|16|17|11|18|18|24|11|15|191|56|0|14|21|23|114|50|0|14|0|14|16|17|11|18|18|24|11|15|191|56|0|14|21|23|114|50|0|14|0|14|16|17|11|18|18|24|11|15|0|14|0|14|0|14|0|14|0|14|0|14|0|14|0|14|0|14|0|14|0|14|0|14|0|14|0|14|0|14|0|14|0|14|0|14|0|14|0|14|0|14|0|14|0|14|0|14|0|14|0|14|0|14|0|14|0|14|0|14|0|14|0|14|0|14|0|14|0|14|0|14|0|14|0|14|0|14|0|14|0|14|0|14|0|14|0|14|0|14|0|14|0|14|0|14|0|14|0|14|0|14|0|14|0|14|0|14|0|14|0|14|0|14|0|14|0|14|0|14|0|14|0|14|0|14|0|14|0|14|0|14|0|14|0|14|0|14|0|14|22|31|0|14|0|14|22|31|0|14|0|14|0|14|0|14|0|14|0|14|0|14|0|14|0|14|0|14|0|14|0|14|0|14|0|14|0|14|0|14
1600000US4571890|781|180|300|105|206|100|91|74|57|37|38|42|52|43|21|20|16|20|0|14|456|130|116|64|102|85|87|72|35|33|38|42|52|43|14|15|12|17|0|14|402|121|90|46|91|77|86|72|29|31|38|42|42|38|14|15|12|17|0|14|54|51|26|37|11|26|1|2|6|12|0|14|10|15|0|14|0|14|0|14|44|49|26|37|11|26|1|2|6|12|0|14|0|14|0|14|0|14|0|14|10|15|0|14|0|14|0|14|0|14|0|14|10|15|0|14|0|14|0|14|17|17|6|11|0|14|0|14|0|14|0|14|0|14|7|14|4|11|0|14|6|11|6|11|0|14|0|14|0|14|0|14|0|14|0|14|0|14|0|14|7|14|0|14|0|14|0|14|0|14|0|14|0|14|7|14|0|14|0|14|4|11|0|14|0|14|0|14|0|14|0|14|0|14|0|14|4|11|0|14|275|94|178|83|76|43|4|9|17|19|0|14|0|14|0|14|0|14|0|14|33|36|0|14|28|35|0|14|5|10|0|14|0|14|0|14|0|14|0|14
1600000US4571980|661|232|54|58|29|50|121|87|171|119|142|87|71|69|32|50|6|12|35|52|609|231|54|58|29|50|121|87|119|102|142|87|71|69|32|50|6|12|35|52|609|231|54|58|29|50|121|87|119|102|142|87|71|69|32|50|6|12|35|52|0|14|0|14|0|14|0|14|0|14|0|14|0|14|0|14|0|14|0|14|0|14|0|14|0|14|0|14|0|14|0|14|0|14|0|14|0|14|0|14|0|14|0|14|0|14|0|14|0|14|0|14|0|14|0|14|0|14|0|14|0|14|0|14|0|14|0|14|0|14|0|14|0|14|0|14|0|14|0|14|0|14|0|14|0|14|0|14|0|14|0|14|0|14|0|14|0|14|0|14|0|14|0|14|0|14|0|14|0|14|0|14|0|14|0|14|0|14|0|14|0|14|0|14|0|14|0|14|0|14|0|14|0|14|0|14|0|14|0|14|0|14|0|14|0|14|0|14|0|14|0|14|0|14|0|14|0|14|0|14|52|58|0|14|0|14|0|14|52|58|0|14|0|14|0|14|0|14|0|14
1600000US4572295|58|43|0|14|0|14|0|14|0|14|0|14|6|9|0|14|39|40|13|23|58|43|0|14|0|14|0|14|0|14|0|14|6|9|0|14|39|40|13|23|58|43|0|14|0|14|0|14|0|14|0|14|6|9|0|14|39|40|13|23|0|14|0|14|0|14|0|14|0|14|0|14|0|14|0|14|0|14|0|14|0|14|0|14|0|14|0|14|0|14|0|14|0|14|0|14|0|14|0|14|0|14|0|14|0|14|0|14|0|14|0|14|0|14|0|14|0|14|0|14|0|14|0|14|0|14|0|14|0|14|0|14|0|14|0|14|0|14|0|14|0|14|0|14|0|14|0|14|0|14|0|14|0|14|0|14|0|14|0|14|0|14|0|14|0|14|0|14|0|14|0|14|0|14|0|14|0|14|0|14|0|14|0|14|0|14|0|14|0|14|0|14|0|14|0|14|0|14|0|14|0|14|0|14|0|14|0|14|0|14|0|14|0|14|0|14|0|14|0|14|0|14|0|14|0|14|0|14|0|14|0|14|0|14|0|14|0|14|0|14
1600000US4572430|2900|302|673|172|365|133|254|104|388|139|242|88|410|137|192|78|265|113|111|91|2378|284|417|113|229|104|206|102|362|139|242|88|405|136|171|79|246|108|100|88|2111|265|410|111|225|103|152|80|357|140|211|82|375|129|129|69|220|106|32|31|267|125|7|15|4|10|54|66|5|11|31|34|30|44|42|43|26|24|68|83|237|120|7|15|4|10|54|66|5|11|31|34|26|43|42|43|0|20|68|83|30|25|0|20|0|20|0|20|0|20|0|20|4|7|0|20|26|24|0|20|55|54|0|20|0|20|0|20|0|20|0|20|4|8|21|23|19|28|11|18|0|20|0|20|0|20|0|20|0|20|0|20|0|20|0|20|0|20|0|20|25|26|0|20|0|20|0|20|0|20|0|20|4|8|21|23|0|20|0|20|30|37|0|20|0|20|0|20|0|20|0|20|0|20|0|20|19|28|11|18|441|147|240|115|132|77|48|33|21|25|0|20|0|20|0|20|0|20|0|20|26|25|16|22|4|8|0|20|5|10|0|20|1|2|0|20|0|20|0|20
1600000US4572520|126|71|39|31|1|2|2|4|33|22|14|20|12|12|8|14|5|8|12|20|126|71|39|31|1|2|2|4|33|22|14|20|12|12|8|14|5|8|12|20|126|71|39|31|1|2|2|4|33|22|14|20|12|12|8|14|5|8|12|20|0|14|0|14|0|14|0|14|0|14|0|14|0|14|0|14|0|14|0|14|0|14|0|14|0|14|0|14|0|14|0|14|0|14|0|14|0|14|0|14|0|14|0|14|0|14|0|14|0|14|0|14|0|14|0|14|0|14|0|14|0|14|0|14|0|14|0|14|0|14|0|14|0|14|0|14|0|14|0|14|0|14|0|14|0|14|0|14|0|14|0|14|0|14|0|14|0|14|0|14|0|14|0|14|0|14|0|14|0|14|0|14|0|14|0|14|0|14|0|14|0|14|0|14|0|14|0|14|0|14|0|14|0|14|0|14|0|14|0|14|0|14|0|14|0|14|0|14|0|14|0|14|0|14|0|14|0|14|0|14|0|14|0|14|0|14|0|14|0|14|0|14|0|14|0|14|0|14|0|14
1600000US4572655|61|41|0|14|5|7|28|34|3|5|0|14|19|14|0|14|3|4|3|6|61|41|0|14|5|7|28|34|3|5|0|14|19|14|0|14|3|4|3|6|58|41|0|14|5|7|28|34|3|5|0|14|19|14|0|14|0|14|3|6|3|4|0|14|0|14|0|14|0|14|0|14|0|14|0|14|3|4|0|14|0|14|0|14|0|14|0|14|0|14|0|14|0|14|0|14|0|14|0|14|3|4|0|14|0|14|0|14|0|14|0|14|0|14|0|14|3|4|0|14|0|14|0|14|0|14|0|14|0|14|0|14|0|14|0|14|0|14|0|14|0|14|0|14|0|14|0|14|0|14|0|14|0|14|0|14|0|14|0|14|0|14|0|14|0|14|0|14|0|14|0|14|0|14|0|14|0|14|0|14|0|14|0|14|0|14|0|14|0|14|0|14|0|14|0|14|0|14|0|14|0|14|0|14|0|14|0|14|0|14|0|14|0|14|0|14|0|14|0|14|0|14|0|14|0|14|0|14|0|14|0|14|0|14|0|14|0|14|0|14
1600000US4572745|367|120|37|29|43|26|49|56|91|46|57|29|71|45|5|7|11|10|3|5|350|115|20|16|43|26|49|56|91|46|57|29|71|45|5|7|11|10|3|5|289|108|20|16|43|26|12|13|72|47|57|29|67|44|5|7|10|9|3|5|61|76|0|14|0|14|37|54|19|25|0|14|4|7|0|14|1|3|0|14|61|76|0|14|0|14|37|54|19|25|0|14|4|7|0|14|1|3|0|14|0|14|0|14|0|14|0|14|0|14|0|14|0|14|0|14|0|14|0|14|0|14|0|14|0|14|0|14|0|14|0|14|0|14|0|14|0|14|0|14|0|14|0|14|0|14|0|14|0|14|0|14|0|14|0|14|0|14|0|14|0|14|0|14|0|14|0|14|0|14|0|14|0|14|0|14|0|14|0|14|0|14|0|14|0|14|0|14|0|14|0|14|0|14|0|14|0|14|0|14|0|14|0|14|0|14|0|14|0|14|0|14|0|14|0|14|0|14|0|14|17|22|17|22|0|14|0|14|0|14|0|14|0|14|0|14|0|14|0|14
1600000US4572880|92|65|18|19|4|9|8|10|30|33|7|11|16|24|2|5|0|14|7|18|92|65|18|19|4|9|8|10|30|33|7|11|16|24|2|5|0|14|7|18|91|65|18|19|3|7|8|10|30|33|7|11|16|24|2|5|0|14|7|18|1|4|0|14|1|4|0|14|0|14|0|14|0|14|0|14|0|14|0|14|1|4|0|14|1|4|0|14|0|14|0|14|0|14|0|14|0|14|0|14|0|14|0|14|0|14|0|14|0|14|0|14|0|14|0|14|0|14|0|14|0|14|0|14|0|14|0|14|0|14|0|14|0|14|0|14|0|14|0|14|0|14|0|14|0|14|0|14|0|14|0|14|0|14|0|14|0|14|0|14|0|14|0|14|0|14|0|14|0|14|0|14|0|14|0|14|0|14|0|14|0|14|0|14|0|14|0|14|0|14|0|14|0|14|0|14|0|14|0|14|0|14|0|14|0|14|0|14|0|14|0|14|0|14|0|14|0|14|0|14|0|14|0|14|0|14|0|14|0|14|0|14|0|14|0|14|0|14|0|14
1600000US4573105|3058|292|990|290|570|219|195|92|87|56|63|60|127|64|253|136|400|159|373|118|2989|297|937|282|563|218|195|92|78|54|63|60|127|64|253|136|400|159|373|118|2361|286|728|244|456|171|147|89|60|48|9|16|93|60|225|136|375|160|268|109|628|210|209|149|107|88|48|51|18|27|54|58|34|34|28|33|25|37|105|84|450|190|191|146|83|78|48|51|18|27|0|20|17|25|28|33|0|20|65|57|178|93|18|30|24|37|0|20|0|20|54|58|17|26|0|20|25|37|40|60|0|20|0|20|0|20|0|20|0|20|0|20|0|20|0|20|0|20|0|20|0|20|0|20|0|20|0|20|0|20|0|20|0|20|0|20|0|20|0|20|0|20|0|20|0|20|0|20|0|20|0|20|0|20|0|20|0|20|0|20|0|20|0|20|0|20|0|20|0|20|0|20|0|20|0|20|0|20|0|20|41|48|41|48|0|20|0|20|0|20|0|20|0|20|0|20|0|20|0|20|28|25|12|19|7|11|0|20|9|14|0|20|0|20|0|20|0|20|0|20
1600000US4573240|95|63|0|14|6|10|0|14|12|16|0|14|0|14|5|10|49|53|23|38|72|54|0|14|6|10|0|14|12|16|0|14|0|14|5|10|49|53|0|14|72|54|0|14|6|10|0|14|12|16|0|14|0|14|5|10|49|53|0|14|0|14|0|14|0|14|0|14|0|14|0|14|0|14|0|14|0|14|0|14|0|14|0|14|0|14|0|14|0|14|0|14|0|14|0|14|0|14|0|14|0|14|0|14|0|14|0|14|0|14|0|14|0|14|0|14|0|14|0|14|0|14|0|14|0|14|0|14|0|14|0|14|0|14|0|14|0|14|0|14|0|14|0|14|0|14|0|14|0|14|0|14|0|14|0|14|0|14|0|14|0|14|0|14|0|14|0|14|0|14|0|14|0|14|0|14|0|14|0|14|0|14|0|14|0|14|0|14|0|14|0|14|0|14|0|14|0|14|0|14|0|14|0|14|0|14|0|14|0|14|0|14|0|14|0|14|0|14|0|14|23|38|0|14|0|14|0|14|0|14|0|14|0|14|0|14|0|14|23|38
1600000US4573330|442|151|11|17|88|55|120|84|7|12|24|38|99|98|14|23|15|30|64|59|442|151|11|17|88|55|120|84|7|12|24|38|99|98|14|23|15|30|64|59|442|151|11|17|88|55|120|84|7|12|24|38|99|98|14|23|15|30|64|59|0|14|0|14|0|14|0|14|0|14|0|14|0|14|0|14|0|14|0|14|0|14|0|14|0|14|0|14|0|14|0|14|0|14|0|14|0|14|0|14|0|14|0|14|0|14|0|14|0|14|0|14|0|14|0|14|0|14|0|14|0|14|0|14|0|14|0|14|0|14|0|14|0|14|0|14|0|14|0|14|0|14|0|14|0|14|0|14|0|14|0|14|0|14|0|14|0|14|0|14|0|14|0|14|0|14|0|14|0|14|0|14|0|14|0|14|0|14|0|14|0|14|0|14|0|14|0|14|0|14|0|14|0|14|0|14|0|14|0|14|0|14|0|14|0|14|0|14|0|14|0|14|0|14|0|14|0|14|0|14|0|14|0|14|0|14|0|14|0|14|0|14|0|14|0|14|0|14|0|14
1600000US4573465|4052|750|760|273|467|159|899|376|447|208|406|216|438|220|175|124|189|127|271|159|3821|751|730|273|369|148|885|378|447|208|406|216|376|206|148|113|189|127|271|159|3355|654|647|231|293|111|779|325|310|166|387|216|376|206|131|112|189|127|243|161|466|250|83|83|76|95|106|141|137|111|19|31|0|20|17|28|0|20|28|43|389|238|83|83|70|95|102|140|70|77|19|31|0|20|17|28|0|20|28|43|77|82|0|20|6|12|4|10|67|80|0|20|0|20|0|20|0|20|0|20|0|20|0|20|0|20|0|20|0|20|0|20|0|20|0|20|0|20|0|20|0|20|0|20|0|20|0|20|0|20|0|20|0|20|0|20|0|20|0|20|0|20|0|20|0|20|0|20|0|20|0|20|0|20|0|20|0|20|0|20|0|20|0|20|0|20|0|20|0|20|0|20|0|20|0|20|0|20|0|20|87|60|30|41|43|34|14|21|0|20|0|20|0|20|0|20|0|20|0|20|144|114|0|20|55|55|0|20|0|20|0|20|62|101|27|41|0|20|0|20
1600000US4573510|102|64|37|51|10|12|2|3|1|3|0|14|6|7|5|7|22|30|19|24|100|64|35|51|10|12|2|3|1|3|0|14|6|7|5|7|22|30|19|24|97|63|35|51|7|11|2|3|1|3|0|14|6|7|5|7|22|30|19|24|3|5|0|14|3|5|0|14|0|14|0|14|0|14|0|14|0|14|0|14|3|5|0|14|3|5|0|14|0|14|0|14|0|14|0|14|0|14|0|14|0|14|0|14|0|14|0|14|0|14|0|14|0|14|0|14|0|14|0|14|0|14|0|14|0|14|0|14|0|14|0|14|0|14|0|14|0|14|0|14|0|14|0|14|0|14|0|14|0|14|0|14|0|14|0|14|0|14|0|14|0|14|0|14|0|14|0|14|0|14|0|14|0|14|0|14|0|14|0|14|0|14|0|14|0|14|0|14|0|14|0|14|0|14|0|14|0|14|0|14|2|4|2|4|0|14|0|14|0|14|0|14|0|14|0|14|0|14|0|14|0|14|0|14|0|14|0|14|0|14|0|14|0|14|0|14|0|14|0|14
1600000US4573555|300|111|11|16|12|13|60|62|7|8|25|34|74|38|32|16|35|23|44|45|300|111|11|16|12|13|60|62|7|8|25|34|74|38|32|16|35|23|44|45|281|112|9|16|11|13|60|62|7|8|25|34|74|38|22|18|29|20|44|45|19|17|2|3|1|2|0|14|0|14|0|14|0|14|10|14|6|10|0|14|13|15|2|3|1|2|0|14|0|14|0|14|0|14|10|14|0|14|0|14|6|10|0|14|0|14|0|14|0|14|0|14|0|14|0|14|6|10|0|14|0|14|0|14|0|14|0|14|0|14|0|14|0|14|0|14|0|14|0|14|0|14|0|14|0|14|0|14|0|14|0|14|0|14|0|14|0|14|0|14|0|14|0|14|0|14|0|14|0|14|0|14|0|14|0|14|0|14|0|14|0|14|0|14|0|14|0|14|0|14|0|14|0|14|0|14|0|14|0|14|0|14|0|14|0|14|0|14|0|14|0|14|0|14|0|14|0|14|0|14|0|14|0|14|0|14|0|14|0|14|0|14|0|14|0|14|0|14|0|14
1600000US4573600|992|253|255|92|106|91|113|70|56|42|42|38|129|114|68|52|61|55|162|68|971|252|234|92|106|91|113|70|56|42|42|38|129|114|68|52|61|55|162|68|773|199|207|87|101|90|61|37|56|42|42|38|77|71|63|50|35|34|131|57|198|116|27|34|5|9|52|59|0|14|0|14|52|79|5|13|26|40|31|34|137|87|27|34|5|9|52|59|0|14|0|14|0|14|5|13|26|40|22|28|61|81|0|14|0|14|0|14|0|14|0|14|52|79|0|14|0|14|9|16|0|14|0|14|0|14|0|14|0|14|0|14|0|14|0|14|0|14|0|14|0|14|0|14|0|14|0|14|0|14|0|14|0|14|0|14|0|14|0|14|0|14|0|14|0|14|0|14|0|14|0|14|0|14|0|14|0|14|0|14|0|14|0|14|0|14|0|14|0|14|0|14|0|14|0|14|0|14|0|14|0|14|0|14|0|14|0|14|0|14|0|14|0|14|0|14|0|14|0|14|21|33|21|33|0|14|0|14|0|14|0|14|0|14|0|14|0|14|0|14
1600000US4573870|8834|769|1221|350|1460|285|1806|358|1956|319|711|345|670|239|419|154|378|124|213|123|8534|754|1075|314|1460|285|1796|357|1926|319|656|334|656|238|419|154|378|124|168|77|7967|753|1046|313|1286|259|1690|344|1792|299|598|330|656|238|407|151|378|124|114|61|567|201|29|27|174|101|106|85|134|87|58|60|0|26|12|19|0|26|54|58|323|136|11|17|64|63|57|62|120|83|26|30|0|26|12|19|0|26|33|53|244|116|18|22|110|77|49|43|14|21|32|51|0|26|0|26|0|26|21|24|55|87|0|26|0|26|0|26|0|26|55|87|0|26|0|26|0|26|0|26|0|26|0|26|0|26|0|26|0|26|0|26|0|26|0|26|0|26|0|26|55|87|0|26|0|26|0|26|0|26|55|87|0|26|0|26|0|26|0|26|0|26|0|26|0|26|0|26|0|26|0|26|0|26|0|26|0|26|0|26|129|142|129|142|0|26|0|26|0|26|0|26|0|26|0|26|0|26|0|26|116|105|17|26|0|26|10|17|30|39|0|26|14|23|0|26|0|26|45|70
1600000US4574050|498|238|159|130|20|25|53|61|0|14|43|51|6|9|71|69|116|86|30|42|448|223|159|130|16|24|45|55|0|14|30|46|6|9|71|69|116|86|5|9|323|175|73|58|16|24|45|55|0|14|30|46|6|9|70|68|78|61|5|9|125|134|86|120|0|14|0|14|0|14|0|14|0|14|1|3|38|56|0|14|124|135|86|120|0|14|0|14|0|14|0|14|0|14|0|14|38|56|0|14|1|3|0|14|0|14|0|14|0|14|0|14|0|14|1|3|0|14|0|14|0|14|0|14|0|14|0|14|0|14|0|14|0|14|0|14|0|14|0|14|0|14|0|14|0|14|0|14|0|14|0|14|0|14|0|14|0|14|0|14|0|14|0|14|0|14|0|14|0|14|0|14|0|14|0|14|0|14|0|14|0|14|0|14|0|14|0|14|0|14|0|14|0|14|0|14|0|14|0|14|21|26|0|14|0|14|8|13|0|14|13|24|0|14|0|14|0|14|0|14|29|41|0|14|4|7|0|14|0|14|0|14|0|14|0|14|0|14|25|41
1600000US4574095|1582|322|259|139|243|223|227|125|154|106|14|33|77|70|180|177|132|114|296|232|1561|314|259|139|243|223|227|125|154|106|14|33|77|70|164|173|132|114|291|231|1019|290|211|111|237|223|131|83|112|73|0|14|77|70|53|53|115|108|83|81|542|248|48|66|6|9|96|97|42|79|14|33|0|14|111|162|17|37|208|210|292|204|48|66|6|9|96|97|0|14|14|33|0|14|111|162|17|37|0|14|250|210|0|14|0|14|0|14|42|79|0|14|0|14|0|14|0|14|208|210|0|14|0|14|0|14|0|14|0|14|0|14|0|14|0|14|0|14|0|14|0|14|0|14|0|14|0|14|0|14|0|14|0|14|0|14|0|14|0|14|0|14|0|14|0|14|0|14|0|14|0|14|0|14|0|14|0|14|0|14|0|14|0|14|0|14|0|14|0|14|0|14|0|14|0|14|0|14|0|14|16|24|0|14|0|14|0|14|0|14|0|14|0|14|16|24|0|14|0|14|5|9|0|14|0|14|0|14|0|14|0|14|0|14|0|14|0|14|5|9
1600000US4574140|184|160|7|21|37|37|34|108|53|82|7|13|9|14|0|14|25|29|12|45|131|150|7|21|37|37|34|108|0|14|7|13|9|14|0|14|25|29|12|45|131|150|7|21|37|37|34|108|0|14|7|13|9|14|0|14|25|29|12|45|0|14|0|14|0|14|0|14|0|14|0|14|0|14|0|14|0|14|0|14|0|14|0|14|0|14|0|14|0|14|0|14|0|14|0|14|0|14|0|14|0|14|0|14|0|14|0|14|0|14|0|14|0|14|0|14|0|14|0|14|0|14|0|14|0|14|0|14|0|14|0|14|0|14|0|14|0|14|0|14|0|14|0|14|0|14|0|14|0|14|0|14|0|14|0|14|0|14|0|14|0|14|0|14|0|14|0|14|0|14|0|14|0|14|0|14|0|14|0|14|0|14|0|14|0|14|0|14|0|14|0|14|0|14|0|14|0|14|0|14|0|14|0|14|0|14|0|14|0|14|0|14|0|14|0|14|0|14|0|14|53|82|0|14|0|14|0|14|53|82|0|14|0|14|0|14|0|14|0|14
1600000US4574275|2181|355|360|114|486|191|130|88|230|166|48|45|248|177|134|144|247|131|298|166|2130|339|360|114|470|190|130|88|230|166|48|45|213|162|134|144|247|131|298|166|1816|286|310|110|385|173|130|88|210|167|48|45|120|107|134|144|197|109|282|164|314|163|50|49|85|73|0|20|20|36|0|20|93|123|0|20|50|72|16|20|157|113|30|34|24|18|0|20|20|36|0|20|67|83|0|20|0|20|16|20|157|109|20|39|61|72|0|20|0|20|0|20|26|44|0|20|50|72|0|20|0|20|0|20|0|20|0|20|0|20|0|20|0|20|0|20|0|20|0|20|0|20|0|20|0|20|0|20|0|20|0|20|0|20|0|20|0|20|0|20|0|20|0|20|0|20|0|20|0|20|0|20|0|20|0|20|0|20|0|20|0|20|0|20|0|20|0|20|0|20|0|20|0|20|0|20|0|20|0|20|0|20|0|20|0|20|0|20|0|20|0|20|0|20|0|20|0|20|0|20|51|58|0|20|16|25|0|20|0|20|0|20|35|52|0|20|0|20|0|20
1600000US4574590|130|74|2|6|28|22|5|8|32|42|2|4|22|33|0|14|26|24|13|15|88|56|2|6|28|22|5|8|16|29|2|4|4|8|0|14|18|18|13|15|58|41|0|14|20|19|5|8|14|28|2|4|4|8|0|14|6|8|7|11|30|23|2|6|8|13|0|14|2|5|0|14|0|14|0|14|12|17|6|8|16|18|2|6|0|14|0|14|0|14|0|14|0|14|0|14|12|17|2|3|14|13|0|14|8|13|0|14|2|5|0|14|0|14|0|14|0|14|4|7|8|15|0|14|0|14|0|14|0|14|0|14|0|14|0|14|8|15|0|14|0|14|0|14|0|14|0|14|0|14|0|14|0|14|0|14|0|14|0|14|8|15|0|14|0|14|0|14|0|14|0|14|0|14|0|14|8|15|0|14|0|14|0|14|0|14|0|14|0|14|0|14|0|14|0|14|0|14|0|14|0|14|0|14|0|14|0|14|0|14|0|14|0|14|0|14|0|14|0|14|34|60|0|14|0|14|0|14|16|32|0|14|18|32|0|14|0|14|0|14
1600000US4574635|59|42|0|14|0|14|10|16|6|9|0|14|26|21|8|12|0|14|9|13|59|42|0|14|0|14|10|16|6|9|0|14|26|21|8|12|0|14|9|13|59|42|0|14|0|14|10|16|6|9|0|14|26|21|8|12|0|14|9|13|0|14|0|14|0|14|0|14|0|14|0|14|0|14|0|14|0|14|0|14|0|14|0|14|0|14|0|14|0|14|0|14|0|14|0|14|0|14|0|14|0|14|0|14|0|14|0|14|0|14|0|14|0|14|0|14|0|14|0|14|0|14|0|14|0|14|0|14|0|14|0|14|0|14|0|14|0|14|0|14|0|14|0|14|0|14|0|14|0|14|0|14|0|14|0|14|0|14|0|14|0|14|0|14|0|14|0|14|0|14|0|14|0|14|0|14|0|14|0|14|0|14|0|14|0|14|0|14|0|14|0|14|0|14|0|14|0|14|0|14|0|14|0|14|0|14|0|14|0|14|0|14|0|14|0|14|0|14|0|14|0|14|0|14|0|14|0|14|0|14|0|14|0|14|0|14|0|14|0|14
1600000US4574680|710|179|41|25|128|63|96|92|44|39|139|67|48|29|70|43|105|120|39|20|704|179|41|25|128|63|96|92|44|39|139|67|48|29|70|43|99|119|39|20|657|170|28|22|112|58|96|92|44|39|139|67|30|17|70|43|99|119|39|20|47|35|13|15|16|23|0|14|0|14|0|14|18|22|0|14|0|14|0|14|31|27|13|15|0|14|0|14|0|14|0|14|18|22|0|14|0|14|0|14|16|23|0|14|16|23|0|14|0|14|0|14|0|14|0|14|0|14|0|14|0|14|0|14|0|14|0|14|0|14|0|14|0|14|0|14|0|14|0|14|0|14|0|14|0|14|0|14|0|14|0|14|0|14|0|14|0|14|0|14|0|14|0|14|0|14|0|14|0|14|0|14|0|14|0|14|0|14|0|14|0|14|0|14|0|14|0|14|0|14|0|14|0|14|0|14|0|14|0|14|0|14|0|14|0|14|0|14|0|14|0|14|0|14|0|14|0|14|0|14|6|7|0|14|0|14|0|14|0|14|0|14|0|14|0|14|6|7|0|14
1600000US4574725|327|157|9|15|51|47|32|27|55|45|66|78|43|41|40|33|31|36|0|14|327|157|9|15|51|47|32|27|55|45|66|78|43|41|40|33|31|36|0|14|284|141|9|15|28|32|32|27|55|45|66|78|23|30|40|33|31|36|0|14|43|60|0|14|23|33|0|14|0|14|0|14|20|27|0|14|0|14|0|14|43|60|0|14|23|33|0|14|0|14|0|14|20|27|0|14|0|14|0|14|0|14|0|14|0|14|0|14|0|14|0|14|0|14|0|14|0|14|0|14|0|14|0|14|0|14|0|14|0|14|0|14|0|14|0|14|0|14|0|14|0|14|0|14|0|14|0|14|0|14|0|14|0|14|0|14|0|14|0|14|0|14|0|14|0|14|0|14|0|14|0|14|0|14|0|14|0|14|0|14|0|14|0|14|0|14|0|14|0|14|0|14|0|14|0|14|0|14|0|14|0|14|0|14|0|14|0|14|0|14|0|14|0|14|0|14|0|14|0|14|0|14|0|14|0|14|0|14|0|14|0|14|0|14|0|14|0|14|0|14
1600000US4574995|53|42|1|2|1|2|7|9|0|14|0|14|9|13|4|7|22|29|9|15|53|42|1|2|1|2|7|9|0|14|0|14|9|13|4|7|22|29|9|15|51|41|0|14|0|14|7|9|0|14|0|14|9|13|4|7|22|29|9|15|2|3|1|2|1|2|0|14|0|14|0|14|0|14|0|14|0|14|0|14|2|3|1|2|1|2|0|14|0|14|0|14|0|14|0|14|0|14|0|14|0|14|0|14|0|14|0|14|0|14|0|14|0|14|0|14|0|14|0|14|0|14|0|14|0|14|0|14|0|14|0|14|0|14|0|14|0|14|0|14|0|14|0|14|0|14|0|14|0|14|0|14|0|14|0|14|0|14|0|14|0|14|0|14|0|14|0|14|0|14|0|14|0|14|0|14|0|14|0|14|0|14|0|14|0|14|0|14|0|14|0|14|0|14|0|14|0|14|0|14|0|14|0|14|0|14|0|14|0|14|0|14|0|14|0|14|0|14|0|14|0|14|0|14|0|14|0|14|0|14|0|14|0|14|0|14|0|14|0|14
1600000US4575220|856|375|121|102|21|25|18|24|208|149|0|14|282|271|131|114|57|58|18|30|849|373|121|102|14|18|18|24|208|149|0|14|282|271|131|114|57|58|18|30|577|238|121|102|7|13|6|10|173|138|0|14|77|78|125|113|50|53|18|30|272|271|0|14|7|12|12|24|35|57|0|14|205|262|6|9|7|13|0|14|188|173|0|14|7|12|12|24|35|57|0|14|121|161|6|9|7|13|0|14|84|115|0|14|0|14|0|14|0|14|0|14|84|115|0|14|0|14|0|14|0|14|0|14|0|14|0|14|0|14|0|14|0|14|0|14|0|14|0|14|0|14|0|14|0|14|0|14|0|14|0|14|0|14|0|14|0|14|0|14|0|14|0|14|0|14|0|14|0|14|0|14|0|14|0|14|0|14|0|14|0|14|0|14|0|14|0|14|0|14|0|14|0|14|0|14|0|14|0|14|7|17|0|14|7|17|0|14|0|14|0|14|0|14|0|14|0|14|0|14|0|14|0|14|0|14|0|14|0|14|0|14|0|14|0|14|0|14|0|14
1600000US4575445|1162|333|0|14|62|79|304|260|189|157|78|97|125|85|31|41|14|37|359|73|1162|333|0|14|62|79|304|260|189|157|78|97|125|85|31|41|14|37|359|73|1143|337|0|14|62|79|304|260|170|152|78|97|125|85|31|41|14|37|359|73|19|35|0|14|0|14|0|14|19|35|0|14|0|14|0|14|0|14|0|14|19|35|0|14|0|14|0|14|19|35|0|14|0|14|0|14|0|14|0|14|0|14|0|14|0|14|0|14|0|14|0|14|0|14|0|14|0|14|0|14|0|14|0|14|0|14|0|14|0|14|0|14|0|14|0|14|0|14|0|14|0|14|0|14|0|14|0|14|0|14|0|14|0|14|0|14|0|14|0|14|0|14|0|14|0|14|0|14|0|14|0|14|0|14|0|14|0|14|0|14|0|14|0|14|0|14|0|14|0|14|0|14|0|14|0|14|0|14|0|14|0|14|0|14|0|14|0|14|0|14|0|14|0|14|0|14|0|14|0|14|0|14|0|14|0|14|0|14|0|14|0|14|0|14|0|14|0|14|0|14
1600000US4575535|3366|989|196|108|428|196|466|203|769|543|168|110|784|423|149|113|195|163|211|147|3305|991|162|92|414|196|466|203|769|543|168|110|784|423|149|113|195|163|198|147|3090|959|148|90|337|169|419|200|751|541|168|110|746|420|149|113|174|161|198|147|215|153|14|22|77|67|47|60|18|31|0|20|38|66|0|20|21|34|0|20|169|127|14|22|49|59|47|60|0|20|0|20|38|66|0|20|21|34|0|20|46|47|0|20|28|36|0|20|18|31|0|20|0|20|0|20|0|20|0|20|0|20|0|20|0|20|0|20|0|20|0|20|0|20|0|20|0|20|0|20|0|20|0|20|0|20|0|20|0|20|0|20|0|20|0|20|0|20|0|20|0|20|0|20|0|20|0|20|0|20|0|20|0|20|0|20|0|20|0|20|0|20|0|20|0|20|0|20|0|20|0|20|0|20|0|20|0|20|0|20|48|55|34|46|14|24|0|20|0|20|0|20|0|20|0|20|0|20|0|20|13|21|0|20|0|20|0|20|0|20|0|20|0|20|0|20|0|20|13|21
1600000US4575580|1121|242|29|37|242|132|531|199|98|69|44|36|82|71|36|44|19|23|40|45|1115|245|23|29|242|132|531|199|98|69|44|36|82|71|36|44|19|23|40|45|948|297|23|29|192|102|465|224|63|56|44|36|66|62|36|44|19|23|40|45|167|107|0|14|50|55|66|90|35|41|0|14|16|25|0|14|0|14|0|14|85|48|0|14|50|55|0|14|35|41|0|14|0|14|0|14|0|14|0|14|82|93|0|14|0|14|66|90|0|14|0|14|16|25|0|14|0|14|0|14|0|14|0|14|0|14|0|14|0|14|0|14|0|14|0|14|0|14|0|14|0|14|0|14|0|14|0|14|0|14|0|14|0|14|0|14|0|14|0|14|0|14|0|14|0|14|0|14|0|14|0|14|0|14|0|14|0|14|0|14|0|14|0|14|0|14|0|14|0|14|0|14|0|14|0|14|0|14|0|14|0|14|0|14|0|14|0|14|0|14|0|14|0|14|0|14|0|14|0|14|6|11|6|11|0|14|0|14|0|14|0|14|0|14|0|14|0|14|0|14
1600000US4575850|7983|419|1186|350|1658|294|1883|350|1329|238|417|135|899|269|129|73|164|90|318|171|7513|434|993|326|1543|274|1828|346|1251|230|417|135|870|264|129|73|164|90|318|171|6747|404|878|306|1431|251|1611|308|1140|226|417|135|673|201|118|73|164|90|315|170|766|278|115|108|112|95|217|191|111|98|0|22|197|163|11|16|0|22|3|6|549|244|99|104|66|81|194|188|107|97|0|22|72|87|11|16|0|22|0|22|217|157|16|23|46|53|23|25|4|7|0|22|125|141|0|22|0|22|3|6|0|22|0|22|0|22|0|22|0|22|0|22|0|22|0|22|0|22|0|22|0|22|0|22|0|22|0|22|0|22|0|22|0|22|0|22|0|22|0|22|0|22|0|22|0|22|0|22|0|22|0|22|0|22|0|22|0|22|0|22|0|22|0|22|0|22|0|22|0|22|0|22|0|22|0|22|0|22|0|22|109|83|95|82|0|22|14|13|0|22|0|22|0|22|0|22|0|22|0|22|361|184|98|87|115|117|41|49|78|88|0|22|29|27|0|22|0|22|0|22
1600000US4576165|918|242|166|77|167|89|191|91|86|56|33|35|82|55|64|52|57|46|72|65|866|233|161|76|141|80|170|73|86|56|33|35|82|55|64|52|57|46|72|65|792|221|138|70|108|63|157|68|86|56|28|34|82|55|64|52|57|46|72|65|74|59|23|26|33|51|13|18|0|14|5|9|0|14|0|14|0|14|0|14|64|58|18|19|33|51|13|18|0|14|0|14|0|14|0|14|0|14|0|14|10|11|5|8|0|14|0|14|0|14|5|9|0|14|0|14|0|14|0|14|0|14|0|14|0|14|0|14|0|14|0|14|0|14|0|14|0|14|0|14|0|14|0|14|0|14|0|14|0|14|0|14|0|14|0|14|0|14|0|14|0|14|0|14|0|14|0|14|0|14|0|14|0|14|0|14|0|14|0|14|0|14|0|14|0|14|0|14|0|14|0|14|0|14|0|14|0|14|0|14|31|41|5|8|26|41|0|14|0|14|0|14|0|14|0|14|0|14|0|14|21|30|0|14|0|14|21|30|0|14|0|14|0|14|0|14|0|14|0|14
1600000US4576345|590|166|69|51|28|26|43|29|116|59|44|27|219|90|38|25|17|13|16|15|577|167|62|51|28|26|43|29|116|59|44|27|216|90|35|25|17|13|16|15|525|161|50|49|24|25|36|27|102|57|39|27|216|90|35|25|7|8|16|15|52|26|12|12|4|7|7|10|14|12|5|7|0|14|0|14|10|10|0|14|27|17|4|8|4|7|0|14|14|12|5|7|0|14|0|14|0|14|0|14|25|17|8|9|0|14|7|10|0|14|0|14|0|14|0|14|10|10|0|14|0|14|0|14|0|14|0|14|0|14|0|14|0|14|0|14|0|14|0|14|0|14|0|14|0|14|0|14|0|14|0|14|0|14|0|14|0|14|0|14|0|14|0|14|0|14|0|14|0|14|0|14|0|14|0|14|0|14|0|14|0|14|0|14|0|14|0|14|0|14|0|14|0|14|0|14|0|14|0|14|7|9|7|9|0|14|0|14|0|14|0|14|0|14|0|14|0|14|0|14|6|7|0|14|0|14|0|14|0|14|0|14|3|7|3|4|0|14|0|14
1600000US4576435|156|55|18|11|18|15|29|17|21|19|13|17|32|32|13|18|4|6|8|11|151|53|18|11|18|15|24|15|21|19|13|17|32|32|13|18|4|6|8|11|122|47|15|10|18|15|24|15|15|15|13|17|12|11|13|18|4|6|8|11|29|33|3|4|0|14|0|14|6|11|0|14|20|31|0|14|0|14|0|14|11|11|3|4|0|14|0|14|6|11|0|14|2|5|0|14|0|14|0|14|18|30|0|14|0|14|0|14|0|14|0|14|18|30|0|14|0|14|0|14|0|14|0|14|0|14|0|14|0|14|0|14|0|14|0|14|0|14|0|14|0|14|0|14|0|14|0|14|0|14|0|14|0|14|0|14|0|14|0|14|0|14|0|14|0|14|0|14|0|14|0|14|0|14|0|14|0|14|0|14|0|14|0|14|0|14|0|14|0|14|0|14|0|14|0|14|0|14|0|14|0|14|0|14|0|14|0|14|0|14|0|14|0|14|0|14|0|14|0|14|5|9|0|14|0|14|5|9|0|14|0|14|0|14|0|14|0|14|0|14
1600000US4577042|3727|449|134|67|106|83|627|206|735|219|332|123|812|213|494|172|350|200|137|78|3693|454|129|65|99|83|627|206|735|219|332|123|793|210|494|172|347|200|137|78|3313|442|129|65|99|83|541|181|655|224|318|120|737|201|434|174|283|177|117|72|380|174|0|20|0|20|86|74|80|89|14|22|56|45|60|42|64|86|20|26|284|153|0|20|0|20|38|46|80|89|0|20|34|38|60|42|64|86|8|11|96|76|0|20|0|20|48|55|0|20|14|22|22|24|0|20|0|20|12|24|19|22|0|20|0|20|0|20|0|20|0|20|19|22|0|20|0|20|0|20|19|22|0|20|0|20|0|20|0|20|0|20|19|22|0|20|0|20|0|20|0|20|0|20|0|20|0|20|0|20|0|20|0|20|0|20|0|20|0|20|0|20|0|20|0|20|0|20|0|20|0|20|0|20|0|20|0|20|0|20|7|12|0|20|7|12|0|20|0|20|0|20|0|20|0|20|0|20|0|20|8|10|5|8|0|20|0|20|0|20|0|20|0|20|0|20|3|7|0|20
1600000US4577380|433|123|30|18|45|48|31|27|57|41|48|32|40|25|11|12|63|57|108|67|430|123|27|18|45|48|31|27|57|41|48|32|40|25|11|12|63|57|108|67|347|112|19|15|10|13|31|27|47|37|48|32|32|23|8|11|44|43|108|67|83|66|8|10|35|47|0|14|10|14|0|14|8|13|3|6|19|40|0|14|44|41|4|6|0|14|0|14|10|14|0|14|8|13|3|6|19|40|0|14|39|48|4|7|35|47|0|14|0|14|0|14|0|14|0|14|0|14|0|14|0|14|0|14|0|14|0|14|0|14|0|14|0|14|0|14|0|14|0|14|0|14|0|14|0|14|0|14|0|14|0|14|0|14|0|14|0|14|0|14|0|14|0|14|0|14|0|14|0|14|0|14|0|14|0|14|0|14|0|14|0|14|0|14|0|14|0|14|0|14|0|14|0|14|0|14|0|14|0|14|3|5|3|5|0|14|0|14|0|14|0|14|0|14|0|14|0|14|0|14|0|14|0|14|0|14|0|14|0|14|0|14|0|14|0|14|0|14|0|14
1600000US4577425|1960|529|375|204|303|170|408|199|160|80|153|123|278|169|94|103|60|47|129|143|1933|527|353|200|303|170|408|199|160|80|153|123|273|169|94|103|60|47|129|143|1518|467|215|180|295|172|277|137|160|80|138|120|230|153|94|103|60|47|49|62|415|308|138|115|8|14|131|157|0|14|15|28|43|72|0|14|0|14|80|122|415|308|138|115|8|14|131|157|0|14|15|28|43|72|0|14|0|14|80|122|0|14|0|14|0|14|0|14|0|14|0|14|0|14|0|14|0|14|0|14|0|14|0|14|0|14|0|14|0|14|0|14|0|14|0|14|0|14|0|14|0|14|0|14|0|14|0|14|0|14|0|14|0|14|0|14|0|14|0|14|0|14|0|14|0|14|0|14|0|14|0|14|0|14|0|14|0|14|0|14|0|14|0|14|0|14|0|14|0|14|0|14|0|14|0|14|0|14|0|14|22|33|22|33|0|14|0|14|0|14|0|14|0|14|0|14|0|14|0|14|5|9|0|14|0|14|0|14|0|14|0|14|5|9|0|14|0|14|0|14
1600000US4577672|664|265|161|154|96|57|224|131|9|17|12|21|17|25|0|14|12|12|133|133|633|258|152|154|96|57|224|131|9|17|12|21|0|14|0|14|7|10|133|133|469|208|152|154|96|57|173|121|9|17|12|21|0|14|0|14|7|10|20|28|164|139|0|14|0|14|51|52|0|14|0|14|0|14|0|14|0|14|113|129|155|139|0|14|0|14|42|47|0|14|0|14|0|14|0|14|0|14|113|129|9|16|0|14|0|14|9|16|0|14|0|14|0|14|0|14|0|14|0|14|0|14|0|14|0|14|0|14|0|14|0|14|0|14|0|14|0|14|0|14|0|14|0|14|0|14|0|14|0|14|0|14|0|14|0|14|0|14|0|14|0|14|0|14|0|14|0|14|0|14|0|14|0|14|0|14|0|14|0|14|0|14|0|14|0|14|0|14|0|14|0|14|0|14|0|14|0|14|0|14|31|31|9|16|0|14|0|14|0|14|0|14|17|25|0|14|5|8|0|14|0|14|0|14|0|14|0|14|0|14|0|14|0|14|0|14|0|14|0|14
1600000US4577785|32|21|7|8|0|14|0|14|8|14|0|14|6|5|5|6|0|14|6|7|30|20|5|8|0|14|0|14|8|14|0|14|6|5|5|6|0|14|6|7|29|20|5|8|0|14|0|14|8|14|0|14|5|5|5|6|0|14|6|7|1|2|0|14|0|14|0|14|0|14|0|14|1|2|0|14|0|14|0|14|0|14|0|14|0|14|0|14|0|14|0|14|0|14|0|14|0|14|0|14|1|2|0|14|0|14|0|14|0|14|0|14|1|2|0|14|0|14|0|14|0|14|0|14|0|14|0|14|0|14|0|14|0|14|0|14|0|14|0|14|0|14|0|14|0|14|0|14|0|14|0|14|0|14|0|14|0|14|0|14|0|14|0|14|0|14|0|14|0|14|0|14|0|14|0|14|0|14|0|14|0|14|0|14|0|14|0|14|0|14|0|14|0|14|0|14|0|14|0|14|2|3|2|3|0|14|0|14|0|14|0|14|0|14|0|14|0|14|0|14|0|14|0|14|0|14|0|14|0|14|0|14|0|14|0|14|0|14|0|14
1600000US4577875|1812|279|245|96|135|101|133|87|160|97|343|177|500|189|145|88|97|85|54|46|1780|279|222|86|126|99|133|87|160|97|343|177|500|189|145|88|97|85|54|46|1489|309|212|88|70|68|86|63|120|85|260|156|466|185|145|88|97|85|33|40|291|149|10|15|56|64|47|53|40|64|83|105|34|34|0|14|0|14|21|24|225|138|10|15|56|64|47|53|0|14|83|105|20|25|0|14|0|14|9|14|66|71|0|14|0|14|0|14|40|64|0|14|14|21|0|14|0|14|12|20|0|14|0|14|0|14|0|14|0|14|0|14|0|14|0|14|0|14|0|14|0|14|0|14|0|14|0|14|0|14|0|14|0|14|0|14|0|14|0|14|0|14|0|14|0|14|0|14|0|14|0|14|0|14|0|14|0|14|0|14|0|14|0|14|0|14|0|14|0|14|0|14|0|14|0|14|0|14|0|14|32|40|23|39|9|14|0|14|0|14|0|14|0|14|0|14|0|14|0|14|0|14|0|14|0|14|0|14|0|14|0|14|0|14|0|14|0|14|0|14
1600000US4577920|0|14|0|14|0|14|0|14|0|14|0|14|0|14|0|14|0|14|0|14|0|14|0|14|0|14|0|14|0|14|0|14|0|14|0|14|0|14|0|14|0|14|0|14|0|14|0|14|0|14|0|14|0|14|0|14|0|14|0|14|0|14|0|14|0|14|0|14|0|14|0|14|0|14|0|14|0|14|0|14|0|14|0|14|0|14|0|14|0|14|0|14|0|14|0|14|0|14|0|14|0|14|0|14|0|14|0|14|0|14|0|14|0|14|0|14|0|14|0|14|0|14|0|14|0|14|0|14|0|14|0|14|0|14|0|14|0|14|0|14|0|14|0|14|0|14|0|14|0|14|0|14|0|14|0|14|0|14|0|14|0|14|0|14|0|14|0|14|0|14|0|14|0|14|0|14|0|14|0|14|0|14|0|14|0|14|0|14|0|14|0|14|0|14|0|14|0|14|0|14|0|14|0|14|0|14|0|14|0|14|0|14|0|14|0|14|0|14|0|14|0|14|0|14|0|14|0|14|0|14|0|14|0|14|0|14|0|14|0|14
1600000US4577965|1276|199|458|173|21|37|63|73|49|55|181|110|309|158|102|88|26|26|67|49|1122|203|327|138|21|37|63|73|49|55|181|110|299|157|96|87|19|22|67|49|1088|191|327|138|21|37|63|73|48|55|181|110|274|159|96|87|11|19|67|49|34|40|0|14|0|14|0|14|1|3|0|14|25|39|0|14|8|13|0|14|34|40|0|14|0|14|0|14|1|3|0|14|25|39|0|14|8|13|0|14|0|14|0|14|0|14|0|14|0|14|0|14|0|14|0|14|0|14|0|14|126|107|120|107|0|14|0|14|0|14|0|14|0|14|6|11|0|14|0|14|126|107|120|107|0|14|0|14|0|14|0|14|0|14|6|11|0|14|0|14|0|14|0|14|0|14|0|14|0|14|0|14|0|14|0|14|0|14|0|14|0|14|0|14|0|14|0|14|0|14|0|14|0|14|0|14|0|14|0|14|11|21|11|21|0|14|0|14|0|14|0|14|0|14|0|14|0|14|0|14|17|21|0|14|0|14|0|14|0|14|0|14|10|14|0|14|7|14|0|14
1600000US4578190|117|69|40|50|1|2|10|14|11|12|21|34|13|13|15|17|6|12|0|14|108|67|40|50|1|2|10|14|11|12|21|34|8|7|11|15|6|12|0|14|108|67|40|50|1|2|10|14|11|12|21|34|8|7|11|15|6|12|0|14|0|14|0|14|0|14|0|14|0|14|0|14|0|14|0|14|0|14|0|14|0|14|0|14|0|14|0|14|0|14|0|14|0|14|0|14|0|14|0|14|0|14|0|14|0|14|0|14|0|14|0|14|0|14|0|14|0|14|0|14|0|14|0|14|0|14|0|14|0|14|0|14|0|14|0|14|0|14|0|14|0|14|0|14|0|14|0|14|0|14|0|14|0|14|0|14|0|14|0|14|0|14|0|14|0|14|0|14|0|14|0|14|0|14|0|14|0|14|0|14|0|14|0|14|0|14|0|14|0|14|0|14|0|14|0|14|0|14|0|14|0|14|0|14|0|14|0|14|0|14|0|14|0|14|0|14|0|14|0|14|9|18|0|14|0|14|0|14|0|14|0|14|5|12|4|7|0|14|0|14
1600000US4578460|1217|215|402|145|49|59|111|101|38|36|137|144|181|94|90|88|100|73|109|93|1181|207|402|145|49|59|111|101|38|36|137|144|181|94|90|88|64|60|109|93|1000|238|312|145|18|26|92|98|27|30|137|144|179|94|90|88|57|54|88|68|181|105|90|83|31|51|19|29|11|20|0|14|2|5|0|14|7|11|21|34|117|82|87|83|0|14|19|29|11|20|0|14|0|14|0|14|0|14|0|14|64|62|3|7|31|51|0|14|0|14|0|14|2|5|0|14|7|11|21|34|25|33|0|14|0|14|0|14|0|14|0|14|0|14|0|14|25|33|0|14|25|33|0|14|0|14|0|14|0|14|0|14|0|14|0|14|25|33|0|14|0|14|0|14|0|14|0|14|0|14|0|14|0|14|0|14|0|14|0|14|0|14|0|14|0|14|0|14|0|14|0|14|0|14|0|14|0|14|0|14|11|26|0|14|0|14|0|14|0|14|0|14|0|14|0|14|11|26|0|14|0|14|0|14|0|14|0|14|0|14|0|14|0|14|0|14|0|14|0|14
1600000US4578505|672|240|68|58|95|98|101|100|13|23|50|42|106|117|70|68|141|102|28|34|659|241|68|58|95|98|101|100|0|14|50|42|106|117|70|68|141|102|28|34|568|228|43|50|90|97|98|100|0|14|50|42|106|117|70|68|83|78|28|34|91|59|25|34|5|7|3|6|0|14|0|14|0|14|0|14|58|57|0|14|43|39|25|34|3|5|0|14|0|14|0|14|0|14|0|14|15|23|0|14|48|46|0|14|2|4|3|6|0|14|0|14|0|14|0|14|43|48|0|14|0|14|0|14|0|14|0|14|0|14|0|14|0|14|0|14|0|14|0|14|0|14|0|14|0|14|0|14|0|14|0|14|0|14|0|14|0|14|0|14|0|14|0|14|0|14|0|14|0|14|0|14|0|14|0|14|0|14|0|14|0|14|0|14|0|14|0|14|0|14|0|14|0|14|0|14|0|14|0|14|13|23|0|14|0|14|0|14|13|23|0|14|0|14|0|14|0|14|0|14|0|14|0|14|0|14|0|14|0|14|0|14|0|14|0|14|0|14|0|14
1600000US4578640|102|94|21|30|22|46|25|30|0|14|2|5|0|14|17|36|15|23|0|14|102|94|21|30|22|46|25|30|0|14|2|5|0|14|17|36|15|23|0|14|102|94|21|30|22|46|25|30|0|14|2|5|0|14|17|36|15|23|0|14|0|14|0|14|0|14|0|14|0|14|0|14|0|14|0|14|0|14|0|14|0|14|0|14|0|14|0|14|0|14|0|14|0|14|0|14|0|14|0|14|0|14|0|14|0|14|0|14|0|14|0|14|0|14|0|14|0|14|0|14|0|14|0|14|0|14|0|14|0|14|0|14|0|14|0|14|0|14|0|14|0|14|0|14|0|14|0|14|0|14|0|14|0|14|0|14|0|14|0|14|0|14|0|14|0|14|0|14|0|14|0|14|0|14|0|14|0|14|0|14|0|14|0|14|0|14|0|14|0|14|0|14|0|14|0|14|0|14|0|14|0|14|0|14|0|14|0|14|0|14|0|14|0|14|0|14|0|14|0|14|0|14|0|14|0|14|0|14|0|14|0|14|0|14|0|14|0|14|0|14
1600000US4578820|3900|703|608|435|440|235|889|399|662|314|419|384|389|217|198|218|26|43|269|195|3677|690|572|432|440|235|790|371|662|314|412|383|382|213|198|218|26|43|195|136|3366|657|544|430|429|228|790|371|592|301|412|383|358|212|173|214|26|43|42|50|311|163|28|49|11|20|0|20|70|74|0|20|24|27|25|30|0|20|153|131|138|89|28|49|2|12|0|20|40|48|0|20|24|27|25|30|0|20|19|32|173|147|0|20|9|16|0|20|30|52|0|20|0|20|0|20|0|20|134|129|21|32|0|20|0|20|21|32|0|20|0|20|0|20|0|20|0|20|0|20|0|20|0|20|0|20|0|20|0|20|0|20|0|20|0|20|0|20|0|20|0|20|0|20|0|20|0|20|0|20|0|20|0|20|0|20|0|20|0|20|21|32|0|20|0|20|21|32|0|20|0|20|0|20|0|20|0|20|0|20|43|47|36|44|0|20|0|20|0|20|7|13|0|20|0|20|0|20|0|20|159|165|0|20|0|20|78|129|0|20|0|20|7|24|0|20|0|20|74|122
1600000US4578910|57|43|11|16|0|14|3|6|4|9|6|12|0|14|14|22|10|12|9|13|57|43|11|16|0|14|3|6|4|9|6|12|0|14|14|22|10|12|9|13|57|43|11|16|0|14|3|6|4|9|6|12|0|14|14|22|10|12|9|13|0|14|0|14|0|14|0|14|0|14|0|14|0|14|0|14|0|14|0|14|0|14|0|14|0|14|0|14|0|14|0|14|0|14|0|14|0|14|0|14|0|14|0|14|0|14|0|14|0|14|0|14|0|14|0|14|0|14|0|14|0|14|0|14|0|14|0|14|0|14|0|14|0|14|0|14|0|14|0|14|0|14|0|14|0|14|0|14|0|14|0|14|0|14|0|14|0|14|0|14|0|14|0|14|0|14|0|14|0|14|0|14|0|14|0|14|0|14|0|14|0|14|0|14|0|14|0|14|0|14|0|14|0|14|0|14|0|14|0|14|0|14|0|14|0|14|0|14|0|14|0|14|0|14|0|14|0|14|0|14|0|14|0|14|0|14|0|14|0|14|0|14|0|14|0|14|0|14|0|14
1600000US4579090|2177|299|411|242|144|110|56|58|208|131|370|335|556|191|199|120|100|87|133|107|2077|293|338|186|144|110|56|58|185|131|370|335|552|191|199|120|100|87|133|107|1926|298|276|173|100|100|56|58|174|130|359|335|547|192|199|120|82|79|133|107|151|110|62|92|44|43|0|14|11|18|11|19|5|9|0|14|18|30|0|14|110|102|62|92|14|28|0|14|0|14|11|19|5|9|0|14|18|30|0|14|41|40|0|14|30|34|0|14|11|18|0|14|0|14|0|14|0|14|0|14|0|14|0|14|0|14|0|14|0|14|0|14|0|14|0|14|0|14|0|14|0|14|0|14|0|14|0|14|0|14|0|14|0|14|0|14|0|14|0|14|0|14|0|14|0|14|0|14|0|14|0|14|0|14|0|14|0|14|0|14|0|14|0|14|0|14|0|14|0|14|0|14|0|14|0|14|0|14|0|14|96|104|73|99|0|14|0|14|23|38|0|14|0|14|0|14|0|14|0|14|4|9|0|14|0|14|0|14|0|14|0|14|4|9|0|14|0|14|0|14
1600000US4579341|1050|197|80|50|55|84|93|68|149|73|52|40|82|67|90|53|118|58|331|132|1018|194|70|47|55|84|71|57|149|73|52|40|82|67|90|53|118|58|331|132|895|202|70|47|55|84|71|57|109|62|52|40|82|67|80|55|118|58|258|121|123|79|0|14|0|14|0|14|40|38|0|14|0|14|10|16|0|14|73|69|123|79|0|14|0|14|0|14|40|38|0|14|0|14|10|16|0|14|73|69|0|14|0|14|0|14|0|14|0|14|0|14|0|14|0|14|0|14|0|14|0|14|0|14|0|14|0|14|0|14|0|14|0|14|0|14|0|14|0|14|0|14|0|14|0|14|0|14|0|14|0|14|0|14|0|14|0|14|0|14|0|14|0|14|0|14|0|14|0|14|0|14|0|14|0|14|0|14|0|14|0|14|0|14|0|14|0|14|0|14|0|14|0|14|0|14|0|14|0|14|0|14|0|14|0|14|0|14|0|14|0|14|0|14|0|14|0|14|0|14|32|38|10|16|0|14|22|34|0|14|0|14|0|14|0|14|0|14|0|14
1600000US4579450|441|124|46|34|11|17|11|12|19|18|0|14|75|65|120|73|47|42|112|55|425|123|46|34|11|17|11|12|19|18|0|14|75|65|120|73|47|42|96|50|322|114|46|34|11|17|11|12|19|18|0|14|33|32|120|73|30|34|52|47|103|69|0|14|0|14|0|14|0|14|0|14|42|54|0|14|17|21|44|43|91|69|0|14|0|14|0|14|0|14|0|14|42|54|0|14|5|8|44|43|12|19|0|14|0|14|0|14|0|14|0|14|0|14|0|14|12|19|0|14|0|14|0|14|0|14|0|14|0|14|0|14|0|14|0|14|0|14|0|14|0|14|0|14|0|14|0|14|0|14|0|14|0|14|0|14|0|14|0|14|0|14|0|14|0|14|0|14|0|14|0|14|0|14|0|14|0|14|0|14|0|14|0|14|0|14|0|14|0|14|0|14|0|14|0|14|0|14|0|14|16|26|0|14|0|14|0|14|0|14|0|14|0|14|0|14|0|14|16|26|0|14|0|14|0|14|0|14|0|14|0|14|0|14|0|14|0|14|0|14
1600000US4579630|3706|442|790|243|316|162|130|121|365|190|63|56|446|179|407|200|652|239|537|166|3578|430|703|223|316|162|130|121|365|190|63|56|446|179|407|200|652|239|496|159|3128|440|602|186|316|162|130|121|358|189|45|42|394|181|235|142|577|222|471|161|450|191|101|84|0|20|0|20|7|13|18|31|52|40|172|134|75|66|25|41|399|180|64|61|0|20|0|20|7|13|18|31|52|40|158|137|75|66|25|41|51|77|37|52|0|20|0|20|0|20|0|20|0|20|14|25|0|20|0|20|0|20|0|20|0|20|0|20|0|20|0|20|0|20|0|20|0|20|0|20|0|20|0|20|0|20|0|20|0|20|0|20|0|20|0|20|0|20|0|20|0|20|0|20|0|20|0|20|0|20|0|20|0|20|0|20|0|20|0|20|0|20|0|20|0|20|0|20|0|20|0|20|0|20|0|20|0|20|0|20|69|64|28|44|0|20|0|20|0|20|0|20|0|20|0|20|0|20|41|47|59|65|59|65|0|20|0|20|0|20|0|20|0|20|0|20|0|20|0|20
1600000US4579720|50|33|0|14|0|14|0|14|0|14|0|14|7|15|0|14|43|37|0|14|50|33|0|14|0|14|0|14|0|14|0|14|7|15|0|14|43|37|0|14|32|33|0|14|0|14|0|14|0|14|0|14|0|14|0|14|32|33|0|14|18|21|0|14|0|14|0|14|0|14|0|14|7|15|0|14|11|19|0|14|7|15|0|14|0|14|0|14|0|14|0|14|7|15|0|14|0|14|0|14|11|19|0|14|0|14|0|14|0|14|0|14|0|14|0|14|11|19|0|14|0|14|0|14|0|14|0|14|0|14|0|14|0|14|0|14|0|14|0|14|0|14|0|14|0|14|0|14|0|14|0|14|0|14|0|14|0|14|0|14|0|14|0|14|0|14|0|14|0|14|0|14|0|14|0|14|0|14|0|14|0|14|0|14|0|14|0|14|0|14|0|14|0|14|0|14|0|14|0|14|0|14|0|14|0|14|0|14|0|14|0|14|0|14|0|14|0|14|0|14|0|14|0|14|0|14|0|14|0|14|0|14|0|14|0|14|0|14|0|14
