GEO_ID|B01002_E001|B01002_M001|B01002_E002|B01002_M002|B01002_E003|B01002_M003
0500000US37001|38.9|0.3|37.4|0.3|40.2|0.4
0500000US37003|43.8|0.6|43.1|0.8|45.0|0.8
0500000US37005|52.6|1.1|52.3|2.6|52.7|1.7
0500000US37007|41.9|1.2|40.4|1.1|44.1|0.8
0500000US37009|49.8|0.3|48.2|0.7|51.3|0.6
0500000US37011|47.1|0.6|45.9|1.1|48.8|1.3
0500000US37013|47.7|0.6|46.4|0.5|49.1|0.6
0500000US37015|46.6|0.9|43.2|1.0|51.8|2.1
0500000US37017|44.7|0.7|42.3|1.2|46.5|1.1
0500000US37019|56.4|0.3|55.1|0.2|57.6|0.4
0500000US37021|42.6|0.2|41.5|0.4|43.9|0.3
0500000US37023|44.9|0.3|42.8|0.5|46.9|0.8
0500000US37025|37.7|0.3|36.7|0.4|38.6|0.3
0500000US37027|45.4|0.4|44.2|0.7|46.3|0.7
0500000US37029|40.8|1.2|39.0|2.5|42.0|1.5
0500000US37031|50.5|0.2|49.2|0.3|52.0|0.4
0500000US37033|46.7|0.8|42.9|1.6|48.7|0.8
0500000US37035|42.1|0.4|40.4|0.8|43.2|0.3
0500000US37037|47.6|0.4|46.5|0.6|48.6|0.4
0500000US37039|53.5|0.4|52.0|0.7|54.6|0.4
0500000US37041|48.6|2.2|46.4|3.5|49.9|1.8
0500000US37043|55.0|0.6|53.7|0.6|56.8|2.3
0500000US37045|41.3|0.4|39.5|0.5|42.9|0.5
0500000US37047|42.6|0.5|41.3|0.6|44.4|0.7
0500000US37049|38.8|0.4|36.1|0.4|41.7|0.5
0500000US37051|32.0|0.2|29.7|0.1|34.7|0.1
0500000US37053|41.6|0.6|41.2|0.7|42.2|1.2
0500000US37055|49.0|0.4|47.9|0.6|50.0|0.4
0500000US37057|42.2|0.4|41.6|0.4|42.9|0.4
0500000US37059|45.0|0.4|43.5|0.5|47.0|1.1
0500000US37061|40.7|0.5|39.3|1.3|41.8|0.8
0500000US37063|36.1|0.2|35.3|0.1|36.7|0.2
0500000US37065|41.7|0.7|39.1|0.8|44.0|0.5
0500000US37067|38.4|0.2|37.1|0.3|39.7|0.4
0500000US37069|41.0|0.5|39.2|0.6|42.7|0.3
0500000US37071|39.1|0.3|38.0|0.3|40.5|0.3
0500000US37073|47.6|0.6|47.8|1.2|47.2|3.0
0500000US37075|45.6|0.7|41.9|4.6|48.6|1.5
0500000US37077|42.4|0.4|41.5|0.6|43.4|0.6
0500000US37079|39.9|0.7|38.2|1.3|43.3|1.6
0500000US37081|37.5|0.2|36.3|0.2|38.5|0.3
0500000US37083|43.6|0.4|41.9|0.6|46.2|0.6
0500000US37085|35.6|0.2|34.9|0.1|36.1|0.3
0500000US37087|47.8|0.3|46.0|0.7|49.5|0.7
0500000US37089|47.5|0.4|46.0|0.3|49.0|0.3
0500000US37091|42.6|0.7|40.1|0.8|45.5|0.9
0500000US37093|33.9|0.3|32.8|0.4|35.3|0.3
0500000US37095|47.1|2.2|45.6|2.6|48.4|4.4
0500000US37097|40.8|0.3|39.7|0.4|42.1|0.4
0500000US37099|38.1|1.2|36.9|0.8|40.5|1.4
0500000US37101|38.1|0.3|37.4|0.3|38.7|0.3
0500000US37103|47.2|1.1|46.2|1.7|47.8|2.4
0500000US37105|39.5|0.6|38.2|0.8|40.6|0.5
0500000US37107|41.9|0.7|39.6|1.3|44.4|0.8
0500000US37109|44.4|0.2|43.8|0.7|45.1|0.3
0500000US37111|44.3|0.3|42.6|0.6|46.1|0.4
0500000US37113|49.7|0.5|48.4|0.8|51.3|0.6
0500000US37115|44.5|0.4|42.8|0.8|45.8|0.5
0500000US37117|46.8|0.7|45.1|1.7|47.5|1.3
0500000US37119|35.5|0.1|34.7|0.1|36.3|0.1
0500000US37121|48.0|1.2|45.6|0.6|50.1|1.0
0500000US37123|44.0|0.6|43.3|0.6|45.0|0.8
0500000US37125|43.0|0.4|40.8|0.5|45.0|0.3
0500000US37127|41.5|0.5|39.0|0.7|43.4|0.6
0500000US37129|39.9|0.4|38.4|0.4|41.2|0.4
0500000US37131|52.0|0.4|48.9|0.5|54.2|1.3
0500000US37133|27.7|0.3|25.0|0.2|31.4|0.2
0500000US37135|36.1|0.2|36.0|0.3|36.2|0.3
0500000US37137|54.1|0.5|51.6|0.4|56.1|0.6
0500000US37139|39.6|0.9|38.2|1.6|41.2|1.6
0500000US37141|41.6|0.6|39.9|0.8|43.4|0.9
0500000US37143|50.7|0.5|50.2|0.8|51.2|0.7
0500000US37145|44.2|0.6|42.7|0.7|46.8|0.8
0500000US37147|33.0|0.3|31.9|0.4|33.9|0.3
0500000US37149|54.9|0.2|52.0|0.8|57.6|0.8
0500000US37151|41.4|0.5|40.1|0.5|42.5|0.5
0500000US37153|40.5|0.5|40.1|0.5|41.2|1.0
0500000US37155|36.4|0.2|34.6|0.2|38.4|0.3
0500000US37157|44.7|0.2|43.3|0.6|46.2|0.5
0500000US37159|40.4|0.4|39.1|0.5|41.5|0.4
0500000US37161|45.3|0.4|44.4|0.8|46.2|0.6
0500000US37163|39.7|0.6|38.4|0.6|41.2|0.5
0500000US37165|38.7|0.6|37.1|0.7|41.2|0.8
0500000US37167|40.5|0.5|39.8|0.7|41.4|0.8
0500000US37169|47.7|0.5|46.4|0.9|49.1|0.8
0500000US37171|43.8|0.5|42.7|1.2|44.7|0.4
0500000US37173|42.6|0.9|41.2|1.2|44.4|0.6
0500000US37175|51.6|0.4|50.1|1.0|53.4|0.5
0500000US37177|47.8|5.2|44.3|5.0|52.3|6.7
0500000US37179|39.2|0.3|38.5|0.4|39.9|0.4
0500000US37181|39.9|0.5|37.4|1.5|42.0|1.3
0500000US37183|37.3|0.1|36.4|0.1|38.2|0.2
0500000US37185|49.6|0.6|47.3|0.9|52.8|1.3
0500000US37187|48.8|1.9|42.4|2.2|53.5|0.8
0500000US37189|31.4|0.6|31.6|0.7|30.9|1.1
0500000US37191|37.3|0.4|35.5|0.3|39.4|0.5
0500000US37193|45.7|0.4|43.9|0.8|46.7|0.6
0500000US37195|40.6|0.4|39.2|0.8|42.1|0.6
0500000US37197|44.3|0.5|42.3|1.1|46.4|0.5
0500000US37199|49.2|0.6|47.9|1.3|50.4|0.7
0500000US45001|44.0|0.9|42.8|1.2|45.9|1.2
0500000US45003|42.0|0.3|40.8|0.5|43.3|0.4
0500000US45005|44.7|1.8|41.6|2.0|48.0|1.9
0500000US45007|40.6|0.4|39.3|0.4|41.6|0.3
0500000US45009|42.3|1.5|39.6|0.7|46.8|1.1
0500000US45011|40.4|0.8|37.6|1.0|41.8|0.8
0500000US45013|48.1|0.3|44.5|0.3|50.5|0.2
0500000US45015|36.9|0.2|35.5|0.1|38.3|0.4
0500000US45017|47.0|1.5|45.0|3.4|48.9|1.5
0500000US45019|39.2|0.3|38.3|0.3|40.2|0.3
0500000US45021|40.4|0.5|39.5|0.9|41.4|0.5
0500000US45023|42.4|0.4|41.2|1.2|43.0|0.5
0500000US45025|42.0|0.5|41.2|0.8|43.2|0.8
0500000US45027|45.9|0.4|43.2|0.7|49.6|0.8
0500000US45029|42.0|0.6|40.2|2.0|42.9|0.7
0500000US45031|41.3|0.4|39.4|1.3|42.6|0.8
0500000US45033|38.2|1.3|36.2|0.7|41.2|1.0
0500000US45035|38.0|0.3|37.1|0.4|38.8|0.3
0500000US45037|41.6|0.8|39.7|1.2|45.5|0.6
0500000US45039|47.4|0.5|45.8|1.4|49.3|1.5
0500000US45041|39.4|0.4|37.6|0.5|40.6|0.4
0500000US45043|52.2|0.5|50.6|0.4|54.0|0.4
0500000US45045|38.4|0.2|37.2|0.2|39.7|0.3
0500000US45047|40.1|0.4|39.1|1.0|41.1|0.9
0500000US45049|40.9|0.7|39.4|0.5|43.4|0.9
0500000US45051|48.7|0.2|47.7|0.3|49.9|0.1
0500000US45053|45.3|1.0|43.7|1.8|48.3|1.7
0500000US45055|40.4|0.6|38.8|0.7|42.0|0.6
0500000US45057|42.5|0.4|40.8|0.5|44.2|0.3
0500000US45059|40.9|0.4|39.8|0.6|42.2|0.7
0500000US45061|42.4|0.5|39.3|1.4|47.2|0.9
0500000US45063|39.8|0.2|39.0|0.3|40.5|0.3
0500000US45065|59.5|1.0|56.8|1.5|62.4|0.8
0500000US45067|42.6|0.7|39.6|1.3|44.8|1.3
0500000US45069|41.7|0.4|40.1|0.7|44.8|0.3
0500000US45071|41.9|0.6|41.5|1.1|42.5|0.8
0500000US45073|47.3|0.5|46.2|0.6|48.5|0.5
0500000US45075|40.7|0.4|38.4|0.6|42.0|0.4
0500000US45077|36.2|0.2|34.0|0.4|37.6|0.3
0500000US45079|34.4|0.2|32.6|0.2|35.9|0.2
0500000US45081|42.6|0.8|42.1|1.9|44.1|1.8
0500000US45083|37.8|0.2|36.8|0.3|38.8|0.4
0500000US45085|38.0|0.6|34.6|0.4|39.7|0.5
0500000US45087|44.5|0.4|42.7|1.8|45.8|0.9
0500000US45089|43.2|0.5|40.1|1.1|46.8|0.9
0500000US45091|39.7|0.3|39.0|0.3|40.3|0.3
1600000US3700160|35.8|2.1|36.4|1.1|34.2|2.4
1600000US3700440|41.1|9.9|42.0|14.0|39.3|11.3
1600000US3700500|37.2|3.7|34.5|4.0|40.3|4.5
1600000US3700640|40.1|8.9|40.4|5.1|37.0|14.8
1600000US3700680|39.5|1.5|35.6|2.6|42.1|2.4
1600000US3700880|43.4|20.3|55.9|42.5|33.6|15.7
1600000US3701000|65.6|6.4|62.0|13.1|67.0|5.0
1600000US3701140|39.2|28.6|24.5|31.1|43.2|13.7
1600000US3701340|31.0|1.5|30.4|1.7|31.7|2.2
1600000US3701380|46.6|3.0|44.5|5.7|47.6|6.5
1600000US3701400|39.9|6.7|42.3|8.6|38.3|8.3
1600000US3701420|39.1|18.5|32.0|7.2|61.4|10.9
1600000US3701520|36.4|1.2|36.4|1.3|36.5|1.3
1600000US3701560|56.4|5.1|56.7|11.1|56.2|7.5
1600000US3701640|47.5|9.0|45.8|6.8|48.9|13.0
1600000US3701720|46.1|3.9|46.9|2.3|44.5|5.1
1600000US3701760|42.3|6.8|40.8|4.6|45.5|7.1
1600000US3701972|33.0|5.0|35.3|21.6|32.8|3.3
1600000US3702080|37.3|2.2|35.9|2.1|39.0|3.2
1600000US3702140|40.7|1.2|38.4|1.3|42.8|1.4
1600000US3702240|58.4|8.6|60.9|13.5|53.8|12.0
1600000US3702320|51.1|14.3|34.4|20.2|60.2|14.6
1600000US3702460|31.3|12.9|36.7|10.6|21.9|25.5
1600000US3702480|35.6|32.4|33.1|26.9|59.8|26.2
1600000US3702500|56.6|6.5|54.8|7.3|58.8|5.4
1600000US3702580|45.0|11.2|47.2|13.4|44.7|17.1
1600000US3702620|42.5|9.6|20.7|18.9|51.3|11.8
1600000US3702700|39.7|25.9|43.4|22.9|39.3|30.9
1600000US3702760|40.8|11.7|41.7|21.9|40.6|10.8
1600000US3702780|54.5|5.2|54.7|8.2|50.2|22.5
1600000US3702840|41.9|7.6|37.9|11.2|44.2|8.4
1600000US3702960|43.4|1.6|43.5|1.5|41.8|8.6
1600000US3703020|47.4|8.3|45.1|18.5|48.2|16.0
1600000US3703100|48.3|10.1|34.6|23.7|48.8|10.5
1600000US3703150|67.8|1.9|67.8|1.3|68.5|3.6
1600000US3703220|46.1|7.5|50.2|6.8|40.1|10.1
1600000US3703500|20.7|0.8|21.1|1.4|20.5|1.1
1600000US3703530|35.0|2.8|35.8|3.5|34.2|5.0
1600000US3703640|47.3|4.4|49.3|12.8|47.1|3.3
1600000US3703665|46.6|8.0|49.1|8.5|43.9|16.1
1600000US3703720|59.2|1.7|59.5|22.0|59.0|1.1
1600000US3703840|51.1|10.6|46.7|14.8|58.2|18.4
1600000US3703960|47.4|3.9|45.4|4.7|55.0|15.7
1600000US3704015|41.9|7.1|41.6|7.7|42.1|10.4
1600000US3704040|61.6|7.0|62.6|16.3|60.6|5.5
1600000US3704180|33.5|14.6|27.8|35.4|35.8|19.3
1600000US3704260|55.0|4.2|50.5|11.3|58.1|5.1
1600000US3704510|61.7|3.7|61.2|4.6|62.6|4.7
1600000US3704640|48.7|6.4|43.6|13.0|51.6|5.6
1600000US3704680|29.1|6.1|31.5|2.8|25.6|3.7
1600000US3704840|39.4|1.7|38.8|2.7|39.9|3.5
1600000US3704950|32.9|3.0|31.8|4.0|34.3|5.2
1600000US3704955|34.2|19.6|47.1|44.7|30.5|15.4
1600000US3704960|46.9|2.7|46.5|2.4|48.5|2.4
1600000US3705020|46.3|17.2|46.0|21.8|46.7|32.2
1600000US3705040|35.6|3.2|30.5|7.8|38.9|8.6
1600000US3705049|47.2|6.3|48.5|2.5|43.4|7.6
1600000US3705135|61.6|10.2|56.7|9.6|65.1|10.2
1600000US3705220|34.3|5.4|30.3|3.9|44.2|9.4
1600000US3705340|55.7|7.1|56.8|11.1|55.0|7.4
1600000US3705460|40.9|4.6|40.0|6.6|42.7|3.7
1600000US3705530|52.7|4.0|53.9|5.2|50.7|6.2
1600000US3705660|45.1|9.1|40.1|10.1|48.2|5.4
1600000US3705880|52.6|6.7|54.2|9.2|52.1|6.2
1600000US3706000|31.2|5.7|26.0|10.5|33.5|7.4
1600000US3706080|39.3|8.3|36.8|10.1|40.4|10.0
1600000US3706140|58.4|5.1|54.6|6.4|62.1|6.1
1600000US3706240|36.1|11.5|41.1|16.3|34.2|14.9
1600000US3706500|59.7|6.5|62.3|5.9|56.5|7.2
1600000US3706510|36.1|38.9|34.6|44.8|36.6|65.0
1600000US3706660|42.8|14.7|41.8|22.3|45.3|8.4
1600000US3706740|50.0|12.1|45.5|13.8|53.9|9.3
1600000US3706760|47.1|5.0|47.5|5.0|44.8|7.7
1600000US3706800|22.4|2.9|22.6|6.8|22.3|1.4
1600000US3706820|37.5|15.5|40.0|18.2|34.9|18.4
1600000US3706860|38.3|25.3|22.8|36.6|38.9|21.1
1600000US3706980|15.7|4.4|13.0|4.3|17.7|11.1
1600000US3707080|21.3|0.4|21.5|0.8|21.1|0.4
1600000US3707140|36.2|6.1|36.8|8.5|32.9|12.8
1600000US3707220|38.7|8.5|38.9|11.2|35.9|13.0
1600000US3707340|62.7|25.5|45.9|53.2|62.8|24.8
1600000US3707400|34.7|54.3|33.5|25.4|75.6|72.3
1600000US3707588|58.8|11.9|58.3|6.0|64.1|16.2
1600000US3707720|50.3|3.7|46.9|3.9|52.8|4.9
1600000US3707748|42.0|5.0|39.7|6.9|43.4|4.7
1600000US3707765|55.0|6.7|52.1|6.3|55.4|4.7
1600000US3707860|31.9|9.7|39.0|16.8|30.6|3.8
1600000US3708040|52.4|4.4|52.7|3.2|52.0|8.9
1600000US3708080|41.9|8.1|46.1|10.9|41.3|8.4
1600000US3708110|30.5|4.2|26.7|3.2|36.6|8.2
1600000US3708140|28.1|14.1|27.7|9.0|28.4|21.8
1600000US3708420|38.7|4.3|40.2|3.2|32.4|10.4
1600000US3708480|35.0|5.3|29.4|5.3|41.1|10.9
1600000US3708760|22.3|0.9|23.0|1.8|21.6|1.1
1600000US3708860|44.5|8.5|44.8|7.8|43.4|16.6
1600000US3708880|53.9|18.1|34.4|28.7|59.5|8.5
1600000US3708960|44.8|2.9|45.0|3.8|44.7|7.9
1600000US3709060|40.1|1.3|37.3|0.9|42.3|1.8
1600000US3709140|43.2|10.9|43.6|9.4|42.2|14.4
1600000US3709360|40.3|3.5|39.7|5.4|41.0|4.6
1600000US3709380|62.9|3.8|-666666666|-222222222|62.3|1.8
1600000US3709400|46.2|11.7|54.2|13.8|41.2|7.8
1600000US3709530|40.3|4.3|39.1|7.7|40.8|4.2
1600000US3709540|56.0|3.9|55.9|5.1|56.1|4.8
1600000US3709760|30.1|20.1|28.8|21.9|37.8|27.9
1600000US3709780|36.4|12.0|24.4|24.1|45.3|17.5
1600000US3709800|36.1|10.4|30.8|12.6|42.3|7.9
1600000US3710120|29.6|10.2|28.7|7.1|37.6|12.8
1600000US3710240|36.7|4.8|34.7|9.7|36.9|5.5
1600000US3710260|46.3|5.9|51.0|8.6|45.3|6.9
1600000US3710264|46.8|20.7|52.9|21.5|42.6|17.0
1600000US3710460|41.6|3.6|44.2|7.8|40.4|14.9
1600000US3710500|53.2|1.5|53.0|3.0|53.7|2.2
1600000US3710532|84.4|3.5|87.3|6.2|83.8|4.4
1600000US3710550|65.3|1.7|65.2|3.8|65.3|1.5
1600000US3710620|33.4|1.6|32.4|1.7|35.3|2.6
1600000US3710680|44.7|5.6|42.4|6.5|46.6|5.2
1600000US3710740|40.2|0.9|39.1|1.2|41.0|0.8
1600000US3710760|40.6|6.9|31.7|15.7|42.2|10.5
1600000US3710800|60.2|20.1|60.4|16.9|60.0|37.7
1600000US3710860|41.3|15.2|36.3|10.9|54.3|33.8
1600000US3710880|59.0|24.8|67.6|21.3|51.7|35.8
1600000US3710960|60.6|8.9|59.9|9.9|61.2|9.5
1600000US3710980|35.8|11.1|37.0|16.9|35.3|11.2
1600000US3711340|47.0|7.4|45.2|8.6|47.8|7.5
1600000US3711352|50.3|11.0|44.2|15.3|59.3|12.3
1600000US3711560|32.8|1.2|-666666666|-222222222|32.2|0.3
1600000US3711620|48.4|13.3|26.0|20.2|58.9|43.2
1600000US3711640|49.3|12.8|46.0|19.6|49.4|21.5
1600000US3711800|25.8|0.6|26.1|0.8|25.5|0.6
1600000US3712000|34.5|0.2|33.7|0.2|35.3|0.2
1600000US3712140|33.3|4.3|35.2|5.7|32.4|4.2
1600000US3712186|30.9|6.0|23.0|13.8|36.7|9.6
1600000US3712340|38.0|2.1|32.9|8.3|41.0|4.7
1600000US3712460|61.8|5.4|61.0|6.1|63.2|10.6
1600000US3712480|39.2|11.1|44.3|4.9|34.0|4.7
1600000US3712520|27.2|2.8|27.3|8.8|-666666666|-222222222
1600000US3712580|36.1|7.6|34.6|11.7|37.3|11.3
1600000US3712590|41.4|32.3|42.0|42.7|18.8|25.8
1600000US3712720|39.8|6.7|36.8|6.2|45.2|12.7
1600000US3712780|40.3|21.7|56.1|25.1|28.7|27.1
1600000US3712860|33.0|2.2|29.6|1.2|36.1|1.8
1600000US3712960|41.8|2.0|40.1|3.7|43.1|2.2
1600000US3713000|37.0|10.7|35.2|7.1|41.5|9.8
1600000US3713100|50.9|9.4|52.2|5.6|36.0|16.3
1600000US3713240|39.9|2.5|39.3|3.3|42.0|5.2
1600000US3713280|43.9|11.2|38.0|12.8|46.7|12.4
1600000US3713360|47.5|7.5|43.1|13.6|50.6|5.1
1600000US3713460|43.8|26.9|31.8|28.3|60.0|8.6
1600000US3713500|40.9|10.0|44.4|12.3|35.5|12.7
1600000US3713560|33.5|11.8|41.4|22.4|33.2|14.7
1600000US3713940|38.7|16.1|33.0|15.7|42.1|24.8
1600000US3713980|54.4|14.8|47.3|21.0|59.1|10.1
1600000US3714060|40.3|12.6|36.8|19.9|40.6|16.4
1600000US3714100|36.5|1.2|34.1|1.3|38.0|1.0
1600000US3714200|19.0|24.4|18.6|22.2|32.1|21.1
1600000US3714280|38.5|8.1|41.7|10.3|35.5|9.2
1600000US3714340|36.8|9.0|35.7|10.3|39.2|8.5
1600000US3714400|28.5|11.0|25.1|3.0|34.6|5.7
1600000US3714460|35.4|4.9|38.5|8.0|33.9|3.2
1600000US3714600|48.2|8.2|36.3|34.3|48.6|4.1
1600000US3714700|44.0|1.6|42.7|3.3|44.4|1.6
1600000US3715020|58.0|11.4|60.9|9.7|55.6|15.1
1600000US3715040|49.3|19.7|38.7|20.1|50.8|15.5
1600000US3715260|34.0|3.2|34.5|3.1|32.9|4.8
1600000US3715320|40.5|4.7|39.4|10.1|42.1|6.0
1600000US3715420|32.5|35.7|14.9|65.2|40.5|27.5
1600000US3715440|28.2|5.9|27.9|12.1|28.2|11.4
1600000US3715580|19.3|4.5|17.2|0.7|54.3|65.0
1600000US3715640|62.5|17.7|50.1|47.0|64.1|2.9
1600000US3715880|21.0|0.3|21.2|0.6|20.8|0.4
1600000US3716084|71.6|3.7|72.1|4.3|71.1|5.4
1600000US3716180|40.9|3.5|41.0|3.5|40.6|7.0
1600000US3716220|40.7|7.5|36.2|16.2|41.4|6.7
1600000US3716240|43.2|8.8|36.1|17.2|55.5|17.7
1600000US3716400|41.9|2.2|40.1|4.2|43.5|3.6
1600000US3716480|50.3|19.5|55.9|12.1|37.7|28.0
1600000US3716720|39.4|35.2|52.5|32.0|37.4|31.1
1600000US3716730|33.8|17.1|43.6|22.8|17.0|29.8
1600000US3716780|23.4|5.7|34.1|22.0|22.5|0.3
1600000US3716820|-666666666|-222222222|-666666666|-222222222|-666666666|-222222222
1600000US3716860|23.4|20.6|21.0|28.3|31.1|19.5
1600000US3716980|35.5|5.0|34.6|6.6|36.6|7.1
1600000US3717000|38.9|16.5|31.3|5.3|47.8|3.3
1600000US3717180|44.9|19.0|52.5|30.2|44.8|16.2
1600000US3717325|42.6|22.1|30.8|20.9|58.0|8.9
1600000US3717340|35.8|2.3|33.8|6.3|37.7|6.5
1600000US3717520|43.7|7.8|41.0|10.9|45.7|11.0
1600000US3717660|47.5|16.1|40.5|18.1|56.7|14.4
1600000US3717860|47.2|9.4|45.4|12.0|50.1|13.5
1600000US3718040|38.2|12.1|32.9|22.3|38.5|14.7
1600000US3718060|61.6|3.4|61.8|8.2|61.6|2.9
1600000US3718080|24.0|11.8|23.3|9.0|36.2|13.9
1600000US3718300|-666666666|-222222222|-666666666|-222222222|-666666666|-222222222
1600000US3718320|43.2|3.5|36.9|6.4|47.9|5.3
1600000US3719000|35.1|0.2|34.3|0.4|35.7|0.3
1600000US3719140|59.0|7.0|56.6|9.2|59.4|3.9
1600000US3719300|50.5|5.7|51.1|7.1|50.3|9.9
1600000US3719320|37.0|8.5|27.0|18.9|37.4|3.7
1600000US3719420|36.4|2.9|37.4|3.3|35.4|5.4
1600000US3719740|49.3|6.3|44.6|8.7|52.2|7.2
1600000US3719800|36.5|8.0|39.8|4.9|33.0|12.7
1600000US3719860|51.0|11.1|51.7|18.3|49.9|9.6
1600000US3720080|36.8|2.7|38.6|4.9|36.0|2.4
1600000US3720120|46.7|8.3|49.0|8.4|44.4|15.1
1600000US3720280|37.5|5.6|33.0|7.5|42.2|6.3
1600000US3720420|30.7|9.0|30.9|14.9|30.7|10.8
1600000US3720580|36.5|3.2|33.8|2.1|38.5|1.6
1600000US3720600|51.8|8.4|39.6|17.2|56.3|3.9
1600000US3720620|41.6|2.2|41.4|6.0|42.4|12.7
1600000US3720700|44.9|8.2|54.3|8.5|39.9|11.0
1600000US3720780|27.5|6.0|25.7|7.3|28.5|8.7
1600000US3720840|28.8|7.7|35.7|15.1|25.7|6.6
1600000US3720980|43.1|17.3|29.7|20.7|49.8|10.2
1600000US3721095|21.2|0.5|22.6|0.8|20.8|0.3
1600000US3721120|41.3|12.5|41.4|30.9|41.3|18.9
1600000US3721130|45.0|8.0|42.5|4.7|51.0|4.9
1600000US3721160|60.3|2.0|61.2|2.0|59.6|1.9
1600000US3721260|29.7|21.8|21.7|14.1|40.6|18.0
1600000US3721360|36.3|7.8|24.2|11.3|40.0|6.0
1600000US3721380|60.8|8.6|48.9|32.5|63.1|5.9
1600000US3721500|38.0|7.3|38.1|5.8|37.7|11.2
1600000US3721740|47.1|5.2|45.0|7.4|47.5|6.0
1600000US3721880|45.5|7.2|43.2|5.4|53.5|5.8
1600000US3721960|47.7|10.5|42.8|15.3|49.9|12.6
1600000US3722040|29.5|18.5|43.3|38.8|28.5|14.1
1600000US3722080|25.3|0.4|-666666666|-222222222|25.4|0.3
1600000US3722240|45.8|12.6|44.0|18.4|46.3|22.1
1600000US3722280|33.8|36.6|41.6|26.2|18.1|25.0
1600000US3722305|62.2|3.1|64.0|3.1|60.9|2.1
1600000US3722360|38.9|8.5|31.4|7.0|48.6|8.5
1600000US3722380|43.4|16.8|37.5|12.4|48.3|17.2
1600000US3722440|37.3|9.1|21.6|24.5|41.7|16.4
1600000US3722500|39.7|3.2|46.4|7.4|34.9|6.1
1600000US3722560|41.8|10.9|43.2|13.3|41.3|14.7
1600000US3722600|48.6|4.6|52.1|5.9|43.4|10.0
1600000US3722620|58.5|2.2|58.5|31.6|58.4|44.0
1600000US3722640|62.1|19.9|62.5|0.2|49.5|0.2
1600000US3722720|33.9|13.3|43.5|20.8|30.9|14.1
1600000US3722800|35.6|17.4|32.1|28.4|41.7|15.9
1600000US3722820|41.4|4.3|39.7|13.1|41.9|8.0
1600000US3722920|30.6|0.3|28.4|0.3|33.4|0.5
1600000US3722982|75.9|2.2|75.3|4.5|76.3|1.9
1600000US3723520|50.2|14.8|43.0|21.3|52.0|16.3
1600000US3723600|67.1|3.9|66.3|5.9|67.7|3.7
1600000US3723640|37.8|18.0|33.1|18.1|40.4|22.9
1600000US3723760|41.7|7.5|41.7|6.2|41.7|11.3
1600000US3723980|-666666666|-222222222|-666666666|-222222222|-666666666|-222222222
1600000US3724080|35.1|5.6|32.2|8.0|35.7|5.8
1600000US3724170|46.6|21.2|50.7|22.5|29.5|17.7
1600000US3724198|48.4|9.6|49.6|8.5|44.4|14.1
1600000US3724380|53.0|22.2|41.3|28.7|53.1|12.5
1600000US3724440|36.1|10.0|26.5|17.7|40.2|5.2
1600000US3724520|40.9|7.3|35.9|8.6|44.5|3.3
1600000US3724570|41.4|9.6|42.6|10.4|38.9|12.1
1600000US3724640|48.1|4.4|47.3|6.7|48.8|4.6
1600000US3724720|38.4|8.1|35.9|11.3|41.9|7.7
1600000US3724740|28.3|3.4|27.1|2.6|29.9|5.9
1600000US3724900|42.5|15.9|37.3|13.7|51.1|14.4
1600000US3725020|51.4|19.8|68.1|34.6|47.9|15.8
1600000US3725160|53.7|3.2|52.2|9.2|57.6|5.1
1600000US3725300|37.0|1.5|35.5|1.8|38.3|2.1
1600000US3725380|46.7|4.1|45.9|3.0|48.3|17.5
1600000US3725460|24.7|22.1|23.7|5.5|39.6|27.8
1600000US3725480|37.7|1.7|35.1|1.1|41.6|1.8
1600000US3725540|55.6|9.3|54.6|8.9|58.7|7.6
1600000US3725560|43.0|10.1|51.2|14.2|40.5|7.8
1600000US3725580|36.5|1.0|34.6|0.8|38.2|0.8
1600000US3725680|48.2|13.6|50.3|27.6|47.3|17.1
1600000US3725880|40.0|30.8|57.3|43.9|39.0|20.8
1600000US3725900|70.1|16.6|70.7|25.2|64.3|12.5
1600000US3725940|26.4|8.9|18.6|8.8|33.0|6.6
1600000US3725980|39.8|6.1|41.6|6.8|39.0|7.9
1600000US3726200|36.6|4.1|36.4|5.9|37.1|6.9
1600000US3726460|31.8|5.8|30.8|7.7|32.8|9.1
1600000US3726520|67.2|8.1|66.7|43.8|67.2|11.3
1600000US3726560|46.3|7.5|49.4|39.6|46.1|9.5
1600000US3726680|64.8|8.2|64.8|13.8|64.6|8.5
1600000US3726740|56.9|14.0|47.5|28.5|57.4|13.3
1600000US3726800|27.3|26.9|30.4|19.1|10.7|34.5
1600000US3726880|36.8|1.3|34.9|1.8|39.5|2.7
1600000US3726920|34.9|20.5|32.7|14.7|58.1|22.6
1600000US3727120|38.5|16.4|22.3|28.6|40.0|2.3
1600000US3727180|65.4|4.8|65.8|8.0|64.9|4.6
1600000US3727182|37.1|9.6|32.5|13.6|38.6|14.1
1600000US3727280|37.8|2.5|35.1|1.3|41.9|3.9
1600000US3727300|76.4|6.5|-666666666|-222222222|-666666666|-222222222
1600000US3727324|75.7|7.4|76.0|11.8|73.8|7.2
1600000US3727400|51.8|5.9|48.2|9.9|53.6|5.7
1600000US3727420|40.7|4.5|35.9|10.6|42.7|4.4
1600000US3727440|38.6|15.4|33.2|4.0|48.2|9.8
1600000US3727520|49.3|5.8|49.7|6.8|47.3|12.0
1600000US3727780|49.9|33.2|20.7|16.7|67.5|19.2
1600000US3727870|32.0|3.1|31.4|6.3|32.3|4.1
1600000US3728000|34.3|0.4|32.7|0.6|35.3|0.5
1600000US3728080|27.3|0.8|26.7|0.9|28.1|1.1
1600000US3728200|35.6|3.3|29.4|9.4|44.6|11.1
1600000US3728240|30.8|7.8|33.3|5.5|29.5|11.2
1600000US3728400|50.9|11.8|43.7|11.9|56.9|12.1
1600000US3728600|33.8|28.6|13.6|0.2|34.1|8.9
1600000US3728900|28.3|4.6|28.8|6.0|27.9|3.9
1600000US3728920|53.5|2.8|53.5|11.7|53.4|2.5
1600000US3729000|12.9|36.9|12.8|100.6|15.8|27.7
1600000US3729120|61.1|4.8|60.7|17.9|61.3|5.0
1600000US3729160|39.5|6.0|32.9|12.3|43.6|9.9
1600000US3729180|35.8|3.4|34.1|4.4|37.5|4.3
1600000US3729560|61.5|5.1|57.6|7.9|62.1|3.1
1600000US3729640|30.6|0.9|30.4|0.9|38.3|12.7
1600000US3729680|38.1|13.3|29.8|24.8|40.9|22.1
1600000US3729720|43.5|19.6|43.8|33.4|41.8|26.4
1600000US3729800|40.1|2.4|42.0|2.6|38.0|3.9
1600000US3730040|71.3|37.6|-666666666|-222222222|69.8|70.6
1600000US3730100|61.3|1.6|60.0|81.0|62.7|22.0
1600000US3730120|24.7|0.9|23.9|0.8|27.0|3.4
1600000US3730260|32.4|4.8|29.7|12.3|33.9|4.7
1600000US3730280|35.8|5.9|19.1|12.1|38.9|16.5
1600000US3730340|48.2|21.1|52.2|22.4|41.7|23.9
1600000US3730620|40.0|3.5|42.2|4.0|37.6|4.2
1600000US3730660|37.7|2.3|34.4|3.4|41.2|4.8
1600000US3730720|53.2|2.8|44.3|5.4|57.4|4.2
1600000US3730800|32.0|23.0|32.1|59.7|30.9|43.9
1600000US3730900|52.0|13.6|49.3|15.8|52.3|13.0
1600000US3731060|37.5|2.4|34.6|2.5|39.7|1.7
1600000US3731260|45.6|29.2|45.0|37.4|65.6|49.7
1600000US3731360|62.7|5.2|61.5|8.2|63.7|4.5
1600000US3731400|37.7|0.9|36.5|1.8|38.4|1.0
1600000US3731440|30.5|13.6|16.0|10.7|33.9|9.2
1600000US3731490|42.4|8.8|40.8|2.3|64.8|29.8
1600000US3731500|40.6|4.0|35.8|8.3|42.6|2.8
1600000US3731620|42.5|2.5|43.4|3.8|42.0|3.5
1600000US3731860|44.6|10.3|44.3|20.7|48.8|12.4
1600000US3731880|-666666666|-222222222|-666666666|-222222222|-666666666|-222222222
1600000US3731920|29.7|5.1|44.1|19.6|29.5|3.6
1600000US3731960|64.4|1.3|64.4|2.1|64.3|2.1
1600000US3732100|34.1|6.7|41.1|10.5|30.7|5.6
1600000US3732180|38.1|7.9|35.5|9.4|39.3|6.5
1600000US3732260|36.5|1.1|36.1|1.6|36.9|2.1
1600000US3732540|41.4|6.8|41.8|6.4|38.6|10.2
1600000US3732580|40.6|6.6|41.9|7.1|26.6|30.4
1600000US3732640|34.0|1.5|31.4|1.6|36.6|1.6
1600000US3732740|55.2|9.2|53.2|8.0|57.8|16.5
1600000US3732840|44.5|6.5|43.6|10.3|46.2|7.0
1600000US3732980|45.1|7.7|42.3|6.8|45.9|9.2
1600000US3733120|40.1|1.1|40.2|1.3|40.1|1.6
1600000US3733320|43.4|9.5|41.6|14.4|47.3|17.4
1600000US3733460|64.8|2.6|65.8|3.9|64.4|1.7
1600000US3733560|36.2|1.1|36.0|1.5|36.3|1.4
1600000US3733640|23.5|10.9|22.0|20.7|40.4|19.0
1600000US3733820|43.4|18.8|55.3|29.6|31.1|38.3
1600000US3733940|57.8|7.0|57.7|8.4|61.1|17.2
1600000US3733993|33.0|22.8|17.8|5.1|42.7|6.2
1600000US3734000|42.4|28.7|33.8|26.7|54.4|21.6
1600000US3734038|57.5|9.0|54.8|14.5|59.1|8.3
1600000US3734160|13.9|27.6|11.0|10.1|42.0|43.5
1600000US3734200|23.4|0.3|22.4|0.3|27.9|1.7
1600000US3734260|51.7|8.0|49.2|8.1|54.6|10.7
1600000US3734300|43.4|9.4|47.4|10.9|42.1|10.9
1600000US3734320|46.7|21.1|34.7|19.2|52.8|24.8
1600000US3734440|41.6|8.0|36.7|11.3|49.1|16.9
1600000US3734840|40.9|5.2|32.6|10.5|49.2|13.3
1600000US3735200|36.9|1.9|36.8|2.0|37.1|2.6
1600000US3735340|29.5|24.4|69.2|50.7|29.4|6.9
1600000US3735360|57.3|28.2|43.3|31.1|63.4|17.5
1600000US3735440|30.3|18.6|30.1|33.6|30.6|29.1
1600000US3735460|44.2|8.6|38.5|13.3|53.6|20.1
1600000US3735540|36.2|8.1|26.9|20.7|36.7|7.1
1600000US3735600|39.3|1.7|38.2|1.3|41.0|1.4
1600000US3735720|48.5|2.2|48.5|2.2|48.4|4.0
1600000US3735760|42.3|7.7|40.8|5.0|47.0|8.5
1600000US3735870|37.4|3.6|37.8|3.8|34.6|7.2
1600000US3735880|37.2|7.3|28.8|4.3|44.0|4.5
1600000US3735890|49.1|18.1|58.5|20.0|45.5|11.8
1600000US3735920|42.9|2.8|38.3|6.8|45.6|2.3
1600000US3736020|58.5|9.8|60.5|10.8|58.2|16.9
1600000US3736060|49.3|5.1|49.0|7.8|49.8|5.4
1600000US3736080|33.6|2.5|33.0|2.2|34.5|4.1
1600000US3736220|56.7|3.3|59.1|6.2|56.1|2.7
1600000US3736400|35.3|6.9|22.4|13.6|47.3|8.8
1600000US3736480|46.8|7.2|47.1|12.7|46.7|8.2
1600000US3736500|61.7|3.2|59.1|3.5|64.2|4.9
1600000US3736510|51.2|3.7|51.6|3.6|51.0|6.1
1600000US3736511|48.3|2.9|49.2|4.0|47.8|2.5
1600000US3736512|43.6|2.6|41.9|4.2|43.9|7.4
1600000US3736513|47.9|10.3|47.6|9.2|50.2|14.2
1600000US3736514|62.5|23.4|69.5|13.5|47.5|35.9
1600000US3736640|46.1|6.3|49.3|4.6|41.9|7.6
1600000US3736860|40.2|6.4|39.2|11.2|41.8|5.7
1600000US3736960|48.5|20.5|48.0|16.5|59.5|26.1
1600000US3737000|33.4|16.8|29.8|21.3|33.7|19.4
1600000US3737040|31.6|5.1|31.4|4.5|32.3|16.9
1600000US3737120|36.9|11.0|40.0|9.4|32.6|17.5
1600000US3737160|56.9|5.1|55.7|3.4|60.0|6.4
1600000US3737220|37.4|1.7|34.4|3.1|40.1|2.5
1600000US3737260|34.3|7.4|25.6|19.7|35.5|8.6
1600000US3737640|45.9|38.4|65.5|2.7|43.5|50.7
1600000US3737680|47.3|4.3|44.9|3.4|48.9|5.7
1600000US3737760|45.7|3.3|39.8|3.1|50.4|6.4
1600000US3738030|43.4|27.4|34.3|45.0|45.7|23.9
1600000US3738040|40.8|2.1|40.9|3.0|40.8|3.4
1600000US3738060|36.7|2.2|41.9|1.7|34.1|2.7
1600000US3738100|36.1|9.1|29.6|7.1|40.9|10.4
1600000US3738170|57.8|18.9|71.0|3.7|57.6|6.4
1600000US3738200|36.5|9.7|31.4|17.1|38.2|4.3
1600000US3738220|37.2|1.3|37.2|2.8|37.2|2.7
1600000US3738320|37.1|3.8|38.2|4.3|34.3|3.2
1600000US3738360|42.6|26.1|42.3|26.3|44.5|25.6
1600000US3738420|59.2|1.2|64.3|13.4|59.1|39.4
1600000US3738680|40.4|4.8|42.5|5.3|39.0|7.8
1600000US3738860|36.2|6.4|32.6|3.7|41.3|10.4
1600000US3739060|52.5|25.3|64.1|48.5|52.4|21.3
1600000US3739280|43.5|7.6|38.8|12.8|44.5|6.2
1600000US3739360|37.4|14.8|31.5|12.5|44.6|20.6
1600000US3739420|53.5|12.7|50.1|21.3|55.3|15.0
1600000US3739480|41.3|6.6|41.6|11.9|41.2|6.5
1600000US3739520|43.2|4.0|32.8|6.5|51.1|6.1
1600000US3739540|46.6|28.7|19.8|38.8|62.1|32.0
1600000US3739600|29.3|3.2|27.9|12.3|30.0|6.8
1600000US3739680|38.5|13.3|34.5|13.5|43.5|23.9
1600000US3739700|34.6|1.9|33.7|1.8|35.6|2.4
1600000US3739880|41.2|6.0|38.8|2.7|44.5|9.4
1600000US3739960|30.8|2.5|32.5|2.2|30.4|2.8
1600000US3740140|50.5|6.4|45.8|8.9|51.9|12.1
1600000US3740240|44.1|33.1|30.5|55.1|44.2|0.5
1600000US3740460|62.5|2.4|62.3|5.3|62.7|1.9
1600000US3740540|61.5|13.6|42.5|40.0|64.3|7.9
1600000US3740560|47.5|4.6|42.0|7.0|53.8|4.9
1600000US3740600|51.1|12.4|49.8|10.9|55.9|15.0
1600000US3740640|32.4|4.0|27.6|9.9|32.9|2.4
1600000US3740660|41.9|7.2|40.7|4.1|45.9|8.1
1600000US3740860|66.0|55.2|56.6|43.1|66.2|56.7
1600000US3740980|45.2|15.6|54.3|26.2|40.1|11.2
1600000US3741060|43.8|14.4|40.0|7.9|51.8|13.2
1600000US3741220|28.8|21.5|40.2|24.8|27.6|29.2
1600000US3741380|63.7|17.4|62.3|22.1|66.6|15.7
1600000US3741420|39.1|2.4|38.0|1.4|41.7|4.5
1600000US3741540|39.0|11.7|42.9|14.9|29.1|10.3
1600000US3741580|46.7|7.2|46.7|4.5|46.7|13.6
1600000US3741600|50.6|23.2|38.6|41.7|50.7|21.1
1600000US3741620|27.6|5.5|24.2|3.5|36.7|12.8
1600000US3741640|40.1|6.3|37.8|7.7|40.5|9.1
1600000US3741720|41.0|2.8|41.0|3.8|41.0|4.0
1600000US3741960|40.1|2.7|39.0|1.8|42.5|2.8
1600000US3742000|40.7|4.4|41.9|3.7|34.5|35.2
1600000US3742020|32.6|5.0|29.4|8.7|33.4|4.6
1600000US3742060|52.7|2.9|52.5|4.5|54.2|5.7
1600000US3742100|34.7|5.7|39.1|5.9|33.2|7.4
1600000US3742240|38.5|2.2|39.9|4.2|38.2|2.9
1600000US3742480|53.7|14.0|42.9|21.5|59.5|11.6
1600000US3742620|38.7|12.2|33.5|13.8|41.7|12.2
1600000US3742640|18.6|37.0|3.9|20.0|33.6|15.5
1600000US3742700|36.2|11.7|30.1|13.2|43.3|10.3
1600000US3742760|38.9|5.3|39.7|6.1|38.4|6.9
1600000US3742860|48.3|6.9|43.6|10.1|50.2|4.2
1600000US3743160|49.2|13.5|49.3|9.7|48.6|26.8
1600000US3743200|60.3|11.6|62.3|7.2|50.6|19.8
1600000US3743260|46.4|2.1|46.5|3.0|46.3|3.1
1600000US3743300|44.8|25.4|40.1|14.1|56.5|24.2
1600000US3743320|31.2|41.5|54.8|9.3|9.4|14.4
1600000US3743360|45.5|3.4|45.4|5.2|45.6|3.7
1600000US3743440|64.0|4.0|64.3|6.3|63.4|3.4
1600000US3743480|45.1|3.0|43.1|2.7|48.2|3.9
1600000US3743580|20.7|0.7|21.1|1.2|20.4|0.6
1600000US3743720|42.7|4.4|41.1|10.2|43.1|3.6
1600000US3743860|37.7|15.4|33.5|21.2|43.2|17.5
1600000US3743880|48.1|15.7|43.4|35.4|48.5|7.5
1600000US3743920|35.5|1.6|32.8|2.1|37.6|1.8
1600000US3744100|19.9|0.8|19.9|2.4|19.8|0.9
1600000US3744160|40.5|34.5|33.3|20.2|60.1|16.6
1600000US3744220|35.8|1.1|34.4|1.6|37.3|1.6
1600000US3744280|49.8|21.3|39.0|29.4|53.6|14.9
1600000US3744320|44.2|2.1|42.6|4.4|44.7|1.0
1600000US3744400|37.8|3.7|34.5|5.1|40.9|4.9
1600000US3744520|35.2|1.1|36.1|1.2|34.5|1.5
1600000US3744560|37.5|21.5|37.3|19.8|44.6|31.4
1600000US3744700|50.5|9.8|48.9|9.6|53.0|13.4
1600000US3744770|42.1|8.8|44.4|9.9|41.4|10.8
1600000US3744800|46.0|4.3|43.2|6.8|46.9|4.6
1600000US3744900|43.5|6.9|41.4|13.5|44.3|6.4
1600000US3744960|39.0|1.9|38.3|1.9|40.0|2.7
1600000US3745100|42.9|5.6|36.2|9.0|50.2|5.1
1600000US3745140|38.0|3.3|40.2|2.7|36.1|4.5
1600000US3745460|38.6|2.5|38.0|3.7|39.6|3.4
1600000US3745560|47.9|8.1|47.7|4.5|51.3|7.9
1600000US3745640|25.7|8.5|19.9|4.2|34.6|2.7
1600000US3745660|34.5|5.8|31.1|8.8|41.6|9.0
1600000US3745720|38.7|3.1|34.1|3.2|44.3|5.2
1600000US3745840|42.7|3.8|42.1|3.8|43.4|4.7
1600000US3745880|58.4|6.1|58.4|5.8|58.4|8.8
1600000US3746000|40.7|8.9|39.2|10.0|46.5|11.3
1600000US3746060|33.5|7.7|34.0|7.1|33.3|15.3
1600000US3746100|52.3|17.3|59.5|17.7|48.4|20.8
1600000US3746280|36.2|8.0|26.0|19.4|39.5|4.4
1600000US3746340|38.9|2.1|36.8|2.6|40.5|2.0
1600000US3746650|33.8|19.9|20.8|40.4|42.4|15.7
1600000US3746740|47.0|5.1|37.3|19.5|51.8|9.8
1600000US3746820|32.0|8.7|30.7|7.6|34.3|11.4
1600000US3746860|44.1|6.3|44.1|6.2|44.1|10.2
1600000US3747000|38.2|2.9|36.6|2.0|41.9|6.6
1600000US3747020|57.0|5.1|55.8|12.1|57.9|14.2
1600000US3747240|48.2|13.2|43.5|9.7|56.2|15.6
1600000US3747260|46.0|53.0|55.2|90.6|39.9|38.0
1600000US3747485|28.3|5.0|22.0|3.5|34.8|6.4
1600000US3747695|39.7|3.5|36.1|13.0|41.7|6.0
1600000US3747845|60.5|2.7|63.1|4.5|60.2|2.3
1600000US3747860|51.5|14.9|40.8|17.3|52.3|8.2
1600000US3747880|43.1|2.9|40.4|3.8|48.1|4.4
1600000US3747980|38.1|4.6|32.4|7.5|43.6|9.5
1600000US3748040|38.9|5.1|38.2|6.7|40.3|5.4
1600000US3748060|55.5|18.4|54.9|14.2|59.8|29.3
1600000US3748345|62.3|1.3|62.2|1.7|62.4|1.6
1600000US3748480|44.2|2.4|44.1|3.4|44.3|2.7
1600000US3748700|67.3|2.3|67.9|2.8|66.7|2.6
1600000US3748740|49.8|8.5|35.5|31.3|55.3|8.6
1600000US3748790|45.0|7.9|47.4|7.6|39.5|7.1
1600000US3748920|53.4|9.4|52.7|21.3|55.2|11.0
1600000US3748940|31.4|13.3|29.6|16.6|37.0|16.3
1600000US3749380|69.6|1.3|70.6|2.8|69.1|1.2
1600000US3749460|59.0|23.2|57.5|31.4|60.8|24.1
1600000US3749600|34.8|10.1|35.7|13.0|33.8|11.3
1600000US3749800|42.6|5.1|44.6|6.4|41.4|5.9
1600000US3750080|7.2|2.3|7.6|2.1|1.9|11.6
1600000US3750340|40.9|7.5|36.0|12.8|42.2|4.8
1600000US3750540|53.3|6.8|59.0|16.2|51.6|7.1
1600000US3750700|34.5|8.9|28.7|8.6|42.2|8.8
1600000US3750820|38.0|14.6|32.1|17.5|47.6|8.2
1600000US3751040|40.8|6.4|38.8|9.5|41.2|9.9
1600000US3751080|24.2|1.7|22.3|1.8|27.7|4.9
1600000US3751780|32.8|13.6|29.9|8.5|43.1|16.3
1600000US3751820|42.0|6.6|39.6|9.4|45.6|5.0
1600000US3751840|36.2|4.1|33.0|5.1|37.8|12.7
1600000US3751940|60.6|2.5|55.4|5.0|62.5|1.0
1600000US3752000|64.2|1.4|63.9|1.9|64.4|1.5
1600000US3752020|38.7|8.0|34.4|3.8|44.9|9.8
1600000US3752140|39.7|5.8|39.3|7.3|42.1|11.5
1600000US3752160|-666666666|-222222222|-666666666|-222222222|-666666666|-222222222
1600000US3752220|33.4|1.8|30.8|3.4|34.3|2.8
1600000US3752260|30.1|2.4|27.8|2.4|32.3|3.2
1600000US3752400|42.5|13.3|33.9|16.5|46.9|11.0
1600000US3752500|52.7|11.3|47.8|6.4|59.4|9.5
1600000US3752660|43.0|3.4|43.1|6.0|42.9|4.7
1600000US3752685|47.0|10.9|35.9|19.5|49.2|16.0
1600000US3752760|38.8|5.2|32.9|11.3|41.9|10.7
1600000US3752920|56.8|4.1|59.2|11.5|56.5|3.4
1600000US3753040|48.6|5.9|29.0|13.9|57.9|7.9
1600000US3753140|36.3|4.1|40.2|2.4|32.7|4.4
1600000US3753160|38.6|11.4|36.9|9.4|38.8|20.9
1600000US3753200|30.4|6.3|19.8|17.0|38.6|15.7
1600000US3753475|50.6|4.4|47.3|2.9|54.3|8.0
1600000US3753580|22.8|44.2|22.7|26.3|34.9|55.0
1600000US3753680|65.1|35.9|71.3|17.7|39.1|40.4
1600000US3753820|34.0|10.2|35.4|4.3|29.0|14.3
1600000US3753840|40.0|5.3|40.2|4.0|39.8|9.4
1600000US3753900|59.8|18.4|53.3|23.4|62.4|11.6
1600000US3753950|30.4|14.5|30.3|14.8|35.3|18.5
1600000US3754160|32.2|13.6|31.9|16.8|32.4|16.1
1600000US3754580|37.0|4.9|35.5|4.5|40.0|6.8
1600000US3754600|43.8|9.5|23.9|39.8|47.6|12.5
1600000US3755000|34.7|0.4|33.7|0.4|35.7|0.5
1600000US3755040|30.1|5.8|27.5|10.9|30.4|5.5
1600000US3755080|37.4|8.0|37.1|12.3|41.2|11.5
1600000US3755260|35.0|2.3|35.5|2.1|33.7|3.2
1600000US3755340|60.0|10.0|59.8|6.7|61.3|19.9
1600000US3755460|38.0|4.7|36.3|6.7|38.5|5.2
1600000US3755640|49.5|6.6|50.5|6.6|47.0|9.2
1600000US3755660|32.7|6.3|31.3|11.1|32.9|7.0
1600000US3755900|42.0|4.0|38.5|4.8|45.9|5.0
1600000US3755940|33.4|7.2|42.5|5.7|31.0|6.4
1600000US3756100|56.8|14.0|-666666666|-222222222|76.5|7.1
1600000US3756240|30.3|8.1|30.0|5.7|34.3|14.4
1600000US3756340|30.9|8.0|29.5|6.8|31.9|13.6
1600000US3756360|29.5|6.4|29.2|7.8|29.8|9.1
1600000US3756440|59.1|9.2|54.2|9.7|63.7|8.6
1600000US3756600|63.3|13.3|63.9|13.8|61.5|14.6
1600000US3756710|53.1|4.5|52.8|6.7|53.3|5.4
1600000US3756815|47.0|4.1|46.3|4.3|48.0|7.7
1600000US3756900|40.3|3.7|35.6|4.9|42.9|4.0
1600000US3757000|25.7|6.2|20.3|9.7|29.5|8.4
1600000US3757020|55.8|6.7|50.3|13.3|60.0|10.9
1600000US3757039|53.4|25.2|42.3|13.5|57.4|2.3
1600000US3757100|55.7|6.7|55.6|13.7|55.7|6.8
1600000US3757200|33.6|4.7|30.7|8.6|36.2|7.2
1600000US3757260|39.2|4.7|32.6|4.6|40.7|4.2
1600000US3757340|37.2|5.7|35.1|5.8|38.9|8.0
1600000US3757500|40.7|2.4|37.2|1.6|43.4|1.1
1600000US3757540|41.1|10.1|35.8|15.5|45.3|15.9
1600000US3757580|45.9|6.5|45.4|8.3|49.5|2.9
1600000US3757640|40.6|1.7|37.9|6.7|41.9|1.8
1600000US3757700|38.0|15.7|37.5|9.9|43.6|27.2
1600000US3757740|61.5|24.3|45.4|12.3|74.5|13.2
1600000US3757800|38.9|6.3|41.2|9.8|38.8|8.9
1600000US3757860|35.2|6.3|36.5|10.9|33.1|7.0
1600000US3758020|35.6|7.5|34.4|8.6|51.9|40.4
1600000US3758040|48.5|27.6|17.9|48.9|60.2|18.8
1600000US3758140|43.6|10.8|40.5|16.3|45.7|9.3
1600000US3758160|45.3|7.8|40.6|8.8|48.7|2.2
1600000US3758180|43.6|28.5|61.5|26.1|26.3|24.7
1600000US3758260|41.0|6.6|40.2|4.3|44.6|10.4
1600000US3758340|38.6|7.1|38.7|24.2|36.8|3.4
1600000US3758360|42.1|6.5|34.2|9.0|42.6|5.2
1600000US3758420|35.0|14.1|35.2|14.0|33.5|25.8
1600000US3758440|41.2|5.3|39.5|7.0|42.8|7.3
1600000US3758460|38.9|8.4|35.8|8.3|40.5|17.1
1600000US3758620|47.9|11.7|43.6|19.7|51.8|8.6
1600000US3758630|68.0|1.3|69.3|1.4|66.3|1.7
1600000US3758720|35.9|7.2|36.8|7.9|33.5|8.3
1600000US3758730|43.2|2.3|44.0|3.4|42.9|3.2
1600000US3758740|41.3|5.3|42.2|6.2|38.5|10.2
1600000US3758840|32.8|6.4|35.2|14.0|32.8|5.4
1600000US3758860|36.5|2.0|34.6|2.5|40.2|2.6
1600000US3758920|65.4|5.0|65.3|5.0|65.7|7.8
1600000US3758940|36.3|40.4|35.3|43.9|54.4|32.3
1600000US3759090|36.7|18.7|29.9|14.5|43.5|13.7
1600000US3759135|36.9|6.5|36.2|5.7|59.0|15.9
1600000US3759280|34.7|1.2|32.4|1.5|37.3|2.2
1600000US3759340|48.7|19.3|61.4|27.8|44.9|16.2
1600000US3759540|38.8|10.5|33.9|5.6|47.9|5.2
1600000US3759580|49.5|19.4|36.9|20.6|56.3|15.6
1600000US3759765|51.5|31.5|37.4|30.0|57.4|10.6
1600000US3759780|52.8|10.1|58.6|9.4|41.0|27.0
1600000US3759980|44.1|21.4|41.9|27.9|46.9|30.8
1600000US3760000|56.9|7.7|59.3|10.0|55.5|8.3
1600000US3760080|36.4|9.8|31.4|20.6|45.2|24.3
1600000US3760180|55.4|5.5|49.8|17.0|56.0|5.4
1600000US3760320|34.1|4.0|33.0|6.5|34.6|4.5
1600000US3760505|46.8|17.8|38.3|18.6|59.7|18.9
1600000US3760515|62.2|7.7|61.7|10.5|62.5|6.5
1600000US3760540|20.5|18.1|31.3|1.0|4.8|26.9
1600000US3760560|54.5|37.8|36.7|36.3|60.4|36.8
1600000US3760800|45.5|5.4|44.0|6.5|47.3|6.8
1600000US3760940|20.2|29.8|12.5|21.5|41.3|49.4
1600000US3761060|36.1|7.8|31.8|14.9|36.9|10.5
1600000US3761200|39.3|2.6|36.6|2.6|42.3|4.3
1600000US3761860|35.6|5.1|37.3|2.6|31.9|7.2
1600000US3761920|58.9|4.6|58.9|5.5|58.8|11.7
1600000US3761950|42.9|6.6|41.4|6.5|46.3|6.3
1600000US3762040|50.1|14.6|50.2|17.6|49.5|17.6
1600000US3762060|28.2|0.7|28.4|2.0|28.0|10.9
1600000US3762190|42.5|5.3|40.5|8.0|45.1|7.1
1600000US3762520|44.9|5.0|46.4|7.1|43.9|7.2
1600000US3762580|27.1|19.7|27.9|24.8|25.6|24.5
1600000US3762680|37.9|8.2|32.6|10.5|49.3|20.9
1600000US3762760|34.5|7.3|27.6|7.0|40.5|7.3
1600000US3763120|38.7|2.4|37.4|2.9|40.7|5.2
1600000US3763130|58.7|2.6|53.6|17.4|60.7|1.8
1600000US3763240|33.5|17.9|34.0|31.9|26.3|23.8
1600000US3763340|29.5|8.9|29.1|48.2|30.7|0.6
1600000US3763360|42.4|17.2|43.0|26.3|41.3|17.7
1600000US3763400|64.2|3.7|61.6|11.0|66.8|3.5
1600000US3763470|42.9|13.2|39.6|15.7|48.0|8.8
1600000US3763560|30.1|13.0|18.6|6.8|41.6|10.4
1600000US3763680|51.0|6.1|46.3|11.5|54.2|9.3
1600000US3763720|59.3|14.6|53.6|36.2|59.6|23.4
1600000US3763760|44.2|5.9|46.4|11.6|42.0|5.8
1600000US3763780|-666666666|-222222222|-666666666|-222222222|-666666666|-222222222
1600000US3763880|44.9|3.4|43.1|6.0|47.7|7.4
1600000US3763920|30.6|7.2|22.0|37.5|30.6|13.4
1600000US3764000|32.0|1.9|31.5|1.4|33.0|3.5
1600000US3764050|36.3|2.8|36.9|14.6|35.3|4.0
1600000US3764160|53.4|3.8|53.3|6.4|55.3|8.8
1600000US3764180|26.1|1.0|25.6|1.2|26.6|1.4
1600000US3764260|48.6|7.8|45.5|11.9|49.9|5.5
1600000US3764380|34.6|7.2|30.3|7.2|39.0|11.9
1600000US3764420|40.8|2.4|39.5|2.1|41.8|2.8
1600000US3764460|42.9|8.9|44.8|11.4|41.8|13.8
1600000US3764500|36.9|5.7|34.8|6.3|39.1|6.5
1600000US3764560|42.5|11.1|31.9|21.6|46.1|8.3
1600000US3764580|35.8|26.4|59.3|13.9|19.2|7.5
1600000US3764740|37.1|2.6|32.5|1.9|41.0|1.9
1600000US3764840|34.4|2.7|30.3|5.0|36.0|3.8
1600000US3764940|32.1|8.3|27.3|15.3|32.6|7.6
1600000US3765020|44.9|33.4|37.4|24.9|63.2|25.8
1600000US3765040|45.7|4.3|45.7|9.3|45.6|3.4
1600000US3765100|44.7|8.0|46.8|8.1|39.0|11.7
1600000US3765120|44.5|21.1|56.7|22.5|39.6|18.5
1600000US3765260|53.5|26.0|39.4|28.2|56.9|30.2
1600000US3765320|46.1|20.3|41.9|13.0|57.9|23.9
1600000US3765530|66.8|5.7|68.8|6.8|64.9|4.9
1600000US3765580|44.0|2.0|44.7|1.5|42.6|2.5
1600000US3765700|14.0|50.0|34.7|12.0|11.8|25.3
1600000US3765900|69.1|2.2|68.3|3.2|69.7|2.6
1600000US3766040|36.9|2.8|36.5|2.0|38.8|4.2
1600000US3766280|37.1|5.0|33.6|6.1|40.1|5.0
1600000US3766340|39.7|27.3|49.5|25.9|37.5|39.9
1600000US3766360|44.7|6.9|46.1|12.3|44.4|6.8
1600000US3766460|38.6|3.5|37.5|4.6|40.3|4.0
1600000US3766500|31.4|5.9|31.3|6.6|31.7|9.8
1600000US3766520|41.2|6.8|40.0|6.5|45.5|16.1
1600000US3766700|51.2|4.7|45.9|3.2|55.9|3.7
1600000US3766740|52.5|19.7|43.3|35.4|52.7|20.8
1600000US3766960|56.3|11.8|52.1|12.1|59.5|13.2
1600000US3766980|46.8|9.7|36.7|14.6|53.3|6.6
1600000US3767000|37.9|10.3|27.8|18.8|46.8|11.3
1600000US3767420|38.3|1.8|36.4|3.6|40.9|5.1
1600000US3767700|37.7|13.3|33.2|28.1|37.9|13.6
1600000US3767720|40.7|8.1|38.1|10.0|42.8|8.3
1600000US3768040|68.2|3.5|66.9|4.5|68.6|2.9
1600000US3768320|36.4|6.9|36.7|12.4|34.5|5.2
1600000US3768340|57.8|6.1|53.3|5.9|59.3|3.1
1600000US3768400|42.0|6.3|41.5|9.6|42.2|7.1
1600000US3768500|35.8|3.9|35.7|4.1|36.0|4.4
1600000US3768520|36.9|5.1|36.6|6.4|37.0|8.4
1600000US3768580|58.4|5.8|58.6|6.0|57.6|7.2
1600000US3768740|26.4|20.9|26.9|12.7|15.4|57.1
1600000US3769020|36.4|4.2|36.1|4.5|36.8|8.8
1600000US3769260|39.0|4.0|39.3|6.0|38.4|7.4
1600000US3769520|52.6|5.5|46.6|6.7|54.4|1.7
1600000US3769600|53.1|12.3|52.8|28.0|53.4|21.1
1600000US3769640|46.0|9.4|47.2|14.1|45.5|11.6
1600000US3769680|37.6|12.7|28.9|23.8|38.4|12.2
1600000US3769720|57.5|15.1|52.3|32.9|59.8|7.2
1600000US3769740|41.3|13.3|40.1|5.6|54.1|11.8
1600000US3769755|49.5|8.7|49.8|11.7|-666666666|-222222222
1600000US3769795|50.3|4.0|55.0|5.7|48.3|3.1
1600000US3769840|29.4|3.7|28.5|4.6|31.2|3.3
1600000US3770320|58.8|7.7|66.2|13.6|55.4|19.8
1600000US3770340|41.9|16.0|36.7|13.2|53.0|17.3
1600000US3770380|43.3|7.9|41.7|9.2|45.4|13.5
1600000US3770480|50.3|6.7|50.0|10.6|50.4|10.1
1600000US3770540|38.6|1.9|37.4|2.4|39.4|1.9
1600000US3770580|48.2|42.9|53.5|6.3|22.8|0.6
1600000US3770660|38.2|7.2|35.7|6.0|39.8|10.5
1600000US3770720|43.6|6.3|47.9|12.9|39.9|9.5
1600000US3770740|47.2|4.9|49.1|6.6|46.0|6.2
1600000US3770780|40.6|5.8|25.6|17.8|49.6|7.7
1600000US3770820|42.3|4.6|39.8|10.4|51.0|17.3
1600000US3770860|34.8|10.9|30.2|5.9|51.2|22.5
1600000US3770920|36.3|2.4|33.4|4.3|37.3|8.3
1600000US3771100|58.8|4.2|51.5|11.9|65.2|3.4
1600000US3771160|38.9|10.8|35.8|21.3|38.9|10.3
1600000US3771220|46.8|5.5|47.0|9.5|46.8|5.3
1600000US3771240|52.5|15.2|55.3|18.3|51.0|17.0
1600000US3771320|33.8|8.1|34.6|14.0|32.6|9.9
1600000US3771440|63.4|0.3|-666666666|-222222222|60.9|5.3
1600000US3771460|36.2|3.4|33.0|3.5|38.0|2.9
1600000US3771500|46.0|3.3|44.0|5.2|49.7|7.4
1600000US3771560|54.8|9.6|54.1|10.5|57.5|12.8
1600000US3771600|31.9|18.4|42.4|17.1|26.2|21.3
1600000US3771680|43.3|1.7|44.7|3.3|41.7|2.7
1600000US3771760|41.6|8.4|39.7|8.4|43.1|10.6
1600000US3771780|38.9|14.1|34.4|24.1|43.3|9.0
1600000US3771860|38.0|2.4|32.4|5.9|43.4|5.6
1600000US3771900|44.3|7.4|44.8|5.4|41.4|12.2
1600000US3771940|41.7|2.8|40.1|4.9|42.7|3.4
1600000US3772150|42.9|10.0|31.8|7.7|47.8|13.6
1600000US3772540|43.4|7.2|43.3|13.1|43.4|9.1
1600000US3772600|35.8|11.3|32.4|9.4|49.7|29.6
1600000US3772755|44.0|3.8|42.9|5.4|46.2|7.5
1600000US3773140|37.2|3.0|39.0|3.8|35.4|3.2
1600000US3773160|34.8|11.8|32.3|16.2|36.3|12.4
1600000US3773300|49.8|10.3|46.1|11.7|52.4|11.0
1600000US3773320|42.0|22.9|39.8|19.3|50.2|9.3
1600000US3773460|54.7|7.4|54.8|14.1|47.3|16.1
1600000US3773660|35.7|6.4|32.4|8.0|37.8|8.8
1600000US3773760|56.5|4.3|55.5|6.8|59.4|4.0
1600000US3773780|-666666666|-222222222|-666666666|-222222222|-666666666|-222222222
1600000US3774020|47.9|5.1|43.8|13.9|49.0|9.4
1600000US3774220|45.4|6.7|47.6|11.0|44.6|5.0
1600000US3774440|37.1|0.8|36.2|0.7|38.4|0.8
1600000US3774540|39.5|1.6|38.8|2.0|40.1|2.3
1600000US3774580|29.0|7.5|28.9|10.0|29.3|9.8
1600000US3774680|42.1|2.6|40.8|2.1|48.8|16.7
1600000US3774720|47.7|12.5|38.2|24.4|51.2|15.2
1600000US3774760|21.8|0.9|21.3|1.8|22.1|1.2
1600000US3775000|35.9|0.4|34.9|0.5|36.7|0.5
1600000US3775060|36.5|3.3|34.8|5.0|37.0|3.9
1600000US3775080|42.1|3.4|34.4|7.4|49.7|5.6
1600000US3775280|42.4|4.3|42.8|4.2|41.3|6.5
1600000US3775340|51.5|8.0|40.8|20.0|57.9|14.5
1600000US3775375|62.4|6.4|63.3|7.1|61.9|9.5
1600000US3775780|38.0|4.3|37.1|5.9|40.1|4.6
1600000US3775820|58.0|5.4|60.2|4.5|56.2|6.5
1600000US3775880|31.8|37.0|59.1|43.7|25.5|24.8
1600000US3775960|34.6|4.6|34.0|4.3|37.2|7.1
1600000US3776000|47.4|6.7|38.8|10.7|57.9|12.6
1600000US3776200|30.1|8.3|25.8|9.1|30.9|12.5
1600000US3776220|38.3|5.5|36.9|6.5|39.3|5.7
1600000US4500100|37.1|2.4|35.6|3.2|37.9|2.3
1600000US4500165|27.5|0.2|27.1|7.9|-666666666|-222222222
1600000US4500370|47.8|13.8|50.3|21.1|45.9|20.4
1600000US4500550|46.6|3.2|44.3|4.7|48.7|3.5
1600000US4500775|17.7|21.4|17.1|12.7|34.3|17.8
1600000US4500955|39.4|6.0|35.9|12.2|39.7|13.3
1600000US4501360|32.7|2.0|32.5|2.8|32.8|3.4
1600000US4501450|34.5|9.4|43.2|9.5|31.1|11.2
1600000US4501810|54.9|10.9|57.9|7.2|54.1|15.1
1600000US4502080|29.4|1.8|26.7|2.9|30.5|2.3
1600000US4502125|64.8|11.1|59.3|11.9|66.0|7.6
1600000US4502440|40.9|9.8|40.9|13.6|41.2|10.0
1600000US4502530|26.8|4.0|27.5|9.4|24.6|7.1
1600000US4502665|22.3|0.9|22.3|0.9|21.9|5.5
1600000US4503115|69.4|5.5|69.4|6.9|-666666666|-222222222
1600000US4503205|41.5|11.2|38.5|13.1|47.3|24.5
1600000US4503385|54.5|7.6|50.7|3.5|58.8|3.5
1600000US4503430|40.0|10.7|40.5|11.8|40.0|11.4
1600000US4503790|49.5|8.6|39.7|7.9|51.9|10.1
1600000US4504060|36.4|5.2|36.2|5.2|37.1|9.4
1600000US4504300|40.4|5.0|39.4|7.8|43.3|7.3
1600000US4504528|42.1|7.7|40.2|9.2|42.8|7.1
1600000US4504690|32.2|3.9|28.5|1.5|36.7|8.8
1600000US4504915|37.5|9.5|32.6|12.1|45.6|13.0
1600000US4505365|35.4|9.6|29.7|7.4|40.5|9.5
1600000US4505410|39.0|4.8|29.6|6.6|43.8|7.6
1600000US4505545|40.8|14.5|43.4|14.5|31.6|10.7
1600000US4505680|41.6|3.5|39.6|4.0|44.8|4.4
1600000US4505770|36.7|2.3|34.4|5.6|37.8|2.2
1600000US4506040|41.7|13.0|35.3|21.0|46.0|8.5
1600000US4506310|42.3|3.3|43.7|3.0|39.5|7.7
1600000US4506400|33.8|5.9|28.6|11.4|38.4|10.1
1600000US4506490|44.3|11.7|42.5|12.7|55.4|18.2
1600000US4506850|40.9|13.9|45.3|20.9|40.6|23.9
1600000US4507210|42.7|2.1|40.4|2.5|43.9|1.7
1600000US4507255|46.1|5.2|45.1|6.9|46.3|5.9
1600000US4507345|33.3|3.2|31.1|7.9|33.4|2.1
1600000US4507525|47.4|15.9|41.5|18.7|51.0|16.4
1600000US4507535|62.7|4.2|61.1|6.0|64.2|3.2
1600000US4507840|44.7|10.6|32.7|23.2|50.2|11.4
1600000US4508110|66.4|15.1|71.4|2.8|50.7|18.5
1600000US4508155|73.4|3.9|65.0|8.7|73.7|2.4
1600000US4508245|48.0|10.1|54.4|23.4|47.6|4.2
1600000US4508830|60.7|4.2|60.5|5.9|60.9|4.5
1600000US4509527|32.9|2.7|32.0|3.3|34.0|13.8
1600000US4509782|62.8|5.6|-666666666|-222222222|-666666666|-222222222
1600000US4509865|46.8|7.8|48.4|9.9|45.3|13.3
1600000US4510000|50.1|54.7|50.7|31.8|24.9|49.4
1600000US4510090|30.8|15.1|27.2|38.0|35.6|11.1
1600000US4510135|37.1|15.5|41.9|7.6|28.9|6.9
1600000US4510270|36.0|5.8|33.1|11.1|37.6|6.3
1600000US4510360|40.0|10.4|33.0|13.7|43.3|8.4
1600000US4510585|-666666666|-222222222|-666666666|-222222222|-666666666|-222222222
1600000US4510720|47.4|6.3|39.9|17.6|47.7|4.8
1600000US4510855|42.4|4.6|39.3|3.8|48.3|8.1
1600000US4510900|48.2|16.6|49.2|16.7|48.0|20.0
1600000US4511035|39.7|8.1|42.8|1.3|28.9|12.6
1600000US4511125|37.8|10.2|31.0|10.5|43.1|9.0
1600000US4511350|45.6|7.2|47.1|14.2|45.0|7.8
1600000US4511620|37.2|8.1|35.4|9.3|37.9|10.0
1600000US4511755|40.1|14.3|48.5|28.1|31.3|22.7
1600000US4511833|40.3|4.1|37.1|5.1|43.5|3.4
1600000US4512205|37.5|7.7|41.5|21.2|37.3|15.7
1600000US4512430|35.6|16.3|36.2|22.2|33.0|25.9
1600000US4512520|41.8|12.6|23.8|23.4|46.2|4.4
1600000US4512655|37.7|3.2|34.2|4.4|44.6|7.4
1600000US4512925|52.2|14.8|46.4|22.6|67.1|41.5
1600000US4512965|42.1|8.6|37.9|6.9|47.2|4.0
1600000US4513015|24.0|2.8|23.4|4.3|24.7|4.4
1600000US4513060|48.6|11.4|44.9|17.3|48.9|11.6
1600000US4513150|43.0|3.8|41.2|5.3|44.7|6.1
1600000US4513330|36.6|0.6|35.0|1.0|38.0|1.1
1600000US4513600|44.6|5.2|40.3|8.0|45.5|3.8
1600000US4513735|49.8|30.5|-666666666|-222222222|49.7|5.7
1600000US4514018|25.6|4.2|26.6|4.3|24.6|7.2
1600000US4514050|41.7|8.0|39.9|7.3|44.6|10.9
1600000US4514095|38.8|7.7|30.3|11.4|42.8|8.7
1600000US4514140|48.3|9.4|47.8|13.1|48.6|10.5
1600000US4514230|64.7|7.1|64.7|7.3|64.5|8.2
1600000US4514455|30.7|6.1|25.3|7.4|44.4|14.7
1600000US4514590|72.6|11.4|60.1|48.3|72.8|4.4
1600000US4514860|39.0|6.9|41.6|5.1|35.8|9.8
1600000US4514950|24.8|0.9|23.0|1.3|26.5|2.2
1600000US4515040|19.2|0.3|19.3|0.2|19.0|0.1
1600000US4515220|32.2|6.0|16.0|34.7|32.6|15.8
1600000US4515295|30.6|4.3|34.0|6.3|26.8|6.9
1600000US4515310|38.3|14.5|33.4|14.9|45.3|11.6
1600000US4515355|37.6|2.2|38.6|3.4|37.2|3.0
1600000US4515625|74.4|8.9|-666666666|-222222222|73.9|14.9
1600000US4516000|28.6|0.6|28.0|0.8|29.3|0.7
1600000US4516180|26.6|18.9|26.9|17.4|24.7|39.7
1600000US4516360|58.2|46.8|28.4|33.8|62.4|5.1
1600000US4516405|32.5|2.8|30.6|4.8|33.7|3.0
1600000US4516675|68.9|10.6|-666666666|-222222222|-666666666|-222222222
1600000US4516720|52.8|11.8|-666666666|-222222222|52.6|6.2
1600000US4516855|32.5|9.2|26.5|12.7|34.5|14.3
1600000US4516945|-666666666|-222222222|-666666666|-222222222|-666666666|-222222222
1600000US4516990|37.7|2.3|32.4|15.0|38.5|6.7
1600000US4517215|38.5|12.4|44.6|11.8|32.2|9.0
1600000US4517260|54.3|7.7|54.2|8.2|54.4|9.3
1600000US4517845|74.0|12.4|73.8|14.2|-666666666|-222222222
1600000US4517890|55.7|9.5|51.5|17.5|58.2|4.8
1600000US4518250|40.8|37.8|38.3|24.0|57.6|43.0
1600000US4518340|72.4|23.7|58.5|36.8|73.9|3.4
1600000US4518430|26.9|6.0|26.3|5.8|29.6|5.4
1600000US4518475|42.8|5.8|44.3|5.8|40.7|9.1
1600000US4518565|45.0|5.3|42.3|5.6|46.0|5.8
1600000US4518610|59.5|3.3|57.9|3.7|60.6|3.2
1600000US4518706|39.4|17.3|47.5|19.0|36.1|21.7
1600000US4518810|70.1|2.2|70.8|3.1|68.9|1.7
1600000US4519105|29.1|5.9|27.8|4.5|36.4|19.7
1600000US4519285|36.1|2.3|36.2|3.2|35.9|2.9
1600000US4519420|40.4|5.8|33.7|7.3|43.2|3.4
1600000US4519870|46.4|11.8|38.8|18.3|50.1|11.0
1600000US4520365|36.7|15.5|39.4|28.6|36.2|15.2
1600000US4520590|30.3|6.0|34.0|19.8|28.9|2.6
1600000US4521040|21.6|0.9|21.1|1.9|22.0|1.0
1600000US4521130|30.1|20.7|34.4|8.5|15.9|31.5
1600000US4521265|34.4|2.6|33.5|2.8|37.0|5.5
1600000US4521310|36.6|5.4|34.9|5.3|39.4|6.6
1600000US4521985|39.2|3.1|37.7|2.5|41.1|3.6
1600000US4522050|36.5|5.4|35.7|6.0|37.6|7.4
1600000US4522075|46.1|7.6|44.5|9.3|47.7|8.0
1600000US4522390|51.9|22.2|67.1|40.5|45.2|18.9
1600000US4522547|40.5|14.6|40.7|23.3|40.3|19.6
1600000US4522795|40.0|1.8|40.8|1.3|39.4|4.6
1600000US4522997|41.4|11.5|41.8|15.3|39.8|14.2
1600000US4523020|64.5|2.6|64.8|2.6|64.2|4.1
1600000US4523110|45.4|6.6|32.1|17.5|53.0|12.0
1600000US4523200|65.9|10.2|65.2|9.0|69.9|10.4
1600000US4523245|35.6|5.3|29.3|5.0|40.9|4.5
1600000US4523290|54.1|8.3|54.1|26.1|55.2|11.9
1600000US4523335|32.3|20.3|24.9|27.1|44.1|31.2
1600000US4523425|52.9|15.6|52.5|18.1|55.8|18.8
1600000US4523470|61.2|15.0|54.2|18.9|64.8|11.2
1600000US4523605|54.2|15.1|52.6|23.5|54.7|10.3
1600000US4523830|33.4|8.7|32.9|6.8|34.5|17.2
1600000US4524020|42.2|4.0|39.7|8.3|42.4|1.6
1600000US4524100|33.5|16.6|39.7|14.0|29.3|19.2
1600000US4524370|50.3|15.4|36.7|12.4|56.3|5.1
1600000US4524505|50.7|9.3|50.8|9.7|50.6|14.1
1600000US4524730|52.1|15.2|62.2|29.9|51.9|23.5
1600000US4524865|43.3|21.3|43.4|9.3|39.9|38.9
1600000US4525360|43.1|28.3|41.4|32.4|43.7|36.9
1600000US4525405|36.3|39.6|36.2|32.2|59.8|43.8
1600000US4525540|40.4|2.8|35.5|3.1|43.3|2.0
1600000US4525810|37.8|1.8|36.2|1.9|39.1|1.7
1600000US4525945|44.2|37.6|44.4|36.9|28.0|43.3
1600000US4526035|62.0|3.2|60.0|8.2|63.8|5.1
1600000US4526305|41.5|3.0|38.9|1.9|43.8|2.4
1600000US4526372|50.5|7.9|46.9|7.0|54.2|10.1
1600000US4526485|-666666666|-222222222|-666666666|-222222222|-666666666|-222222222
1600000US4526845|30.4|10.0|21.4|7.3|34.3|7.8
1600000US4526890|38.4|1.2|38.4|1.4|38.3|1.8
1600000US4527070|35.2|3.0|33.8|2.9|35.6|4.9
1600000US4527565|65.1|1.8|64.8|2.0|65.5|2.8
1600000US4527835|30.2|5.2|30.4|3.6|28.8|16.6
1600000US4527970|42.5|5.1|38.2|21.2|43.0|31.9
1600000US4528060|31.9|2.1|29.2|2.6|35.2|4.4
1600000US4528375|31.5|4.5|28.4|4.1|34.7|2.5
1600000US4528455|62.2|1.1|61.8|2.7|62.3|1.1
1600000US4528780|40.4|3.3|39.0|5.1|44.9|6.9
1600000US4528825|36.0|20.6|30.9|24.3|38.7|22.0
1600000US4528870|46.3|4.5|44.9|5.0|46.8|5.3
1600000US4529005|32.3|16.8|30.3|11.9|59.5|12.3
1600000US4529050|35.6|5.7|36.8|6.7|34.5|8.5
1600000US4529140|43.5|8.9|43.1|16.8|-666666666|-222222222
1600000US4529275|35.8|13.3|34.5|10.1|40.0|24.9
1600000US4529320|54.2|26.0|44.0|30.9|54.5|16.4
1600000US4529410|40.7|13.9|25.6|16.8|46.4|12.0
1600000US4529635|43.6|9.8|42.1|20.0|48.5|9.7
1600000US4529815|34.0|1.7|30.9|1.8|36.7|1.9
1600000US4529950|50.3|21.0|50.3|34.7|50.3|19.6
1600000US4530220|40.2|13.8|-666666666|-222222222|-666666666|-222222222
1600000US4530265|32.3|5.6|30.0|4.1|33.0|10.0
1600000US4530355|37.8|6.6|41.8|16.1|35.4|13.0
1600000US4530490|41.3|15.2|41.4|11.2|41.0|21.0
1600000US4530535|42.3|17.3|36.4|18.8|45.9|23.7
1600000US4530760|-666666666|-222222222|-666666666|-222222222|-666666666|-222222222
1600000US4530850|34.7|1.1|34.0|1.6|35.2|1.2
1600000US4530895|34.3|2.5|33.3|3.6|35.1|4.9
1600000US4530985|36.0|1.4|34.7|1.7|37.4|2.8
1600000US4531210|36.2|1.8|36.0|37.6|36.2|9.0
1600000US4531660|37.8|13.1|42.4|21.7|36.1|11.9
1600000US4531885|50.2|11.2|46.1|12.4|52.1|7.7
1600000US4532065|36.6|1.3|36.4|2.1|37.3|2.8
1600000US4532172|69.6|0.5|69.5|0.3|70.3|2.1
1600000US4532245|61.4|3.0|58.9|3.6|62.9|2.0
1600000US4532335|51.1|9.7|51.0|19.2|53.1|10.0
1600000US4532560|35.3|4.2|32.3|5.9|37.0|4.7
1600000US4532965|50.6|13.3|50.3|11.9|54.9|22.4
1600000US4533100|51.2|12.9|56.4|6.3|47.7|16.5
1600000US4533145|42.0|9.1|38.5|16.0|45.4|15.8
1600000US4533640|44.0|7.8|38.9|14.7|45.5|6.8
1600000US4533820|42.6|10.7|42.7|19.8|42.6|9.1
1600000US4533977|35.0|7.8|34.4|4.2|37.6|14.8
1600000US4534045|59.8|1.1|58.9|1.6|60.6|1.2
1600000US4534225|41.0|11.9|44.3|8.6|31.5|15.5
1600000US4534360|40.8|10.6|32.1|24.3|45.9|10.8
1600000US4534495|53.0|2.9|52.7|3.8|53.3|3.7
1600000US4534720|33.9|11.2|33.2|7.1|42.8|14.1
1600000US4534765|47.2|11.8|47.6|6.1|41.4|10.3
1600000US4534810|42.2|8.5|35.4|12.5|46.8|7.1
1600000US4534990|49.0|8.9|40.0|18.1|55.0|9.2
1600000US4535635|39.3|5.0|39.5|4.6|38.5|7.5
1600000US4535755|36.6|9.4|38.9|9.0|36.2|11.9
1600000US4535800|51.6|9.6|48.2|12.0|62.9|9.2
1600000US4535890|40.3|2.0|37.3|6.9|41.1|3.5
1600000US4535980|32.0|15.7|29.5|9.9|43.0|18.3
1600000US4536070|70.1|58.2|-666666666|-222222222|60.7|46.9
1600000US4536115|54.6|3.7|54.7|3.0|54.0|6.0
1600000US4536160|36.4|12.1|34.8|9.6|39.5|16.6
1600000US4536205|59.8|10.3|61.0|6.7|56.5|20.1
1600000US4536250|53.7|8.4|53.1|54.3|58.7|9.7
1600000US4536430|41.7|2.5|41.5|3.2|42.0|3.2
1600000US4536475|62.3|9.1|55.3|34.4|64.3|2.4
1600000US4536610|34.3|11.3|30.3|14.7|36.5|9.9
1600000US4536655|25.5|39.8|25.7|34.9|24.8|43.9
1600000US4536790|42.9|7.7|28.6|14.6|53.0|16.5
1600000US4537105|36.0|9.7|38.2|13.6|35.9|11.1
1600000US4537150|46.9|10.2|46.3|13.4|48.7|12.1
1600000US4537330|47.4|23.1|39.4|28.9|50.9|21.8
1600000US4537465|27.8|6.0|25.3|7.9|30.4|8.0
1600000US4538058|65.6|2.4|61.3|9.1|69.1|2.6
1600000US4538095|36.2|8.1|40.9|4.3|30.0|7.5
1600000US4538110|61.2|12.5|55.9|32.0|-666666666|-222222222
1600000US4538162|66.8|2.0|66.7|2.0|67.0|2.4
1600000US4538590|42.3|7.9|41.8|12.2|43.1|14.2
1600000US4538950|35.8|11.8|32.5|9.9|49.5|17.5
1600000US4539220|31.3|2.8|30.7|3.0|32.8|4.1
1600000US4539265|44.1|2.1|20.7|55.6|44.1|1.2
1600000US4539310|43.7|3.6|43.8|7.3|43.3|7.3
1600000US4539475|46.5|4.3|47.4|4.7|44.2|5.6
1600000US4539512|52.9|10.3|45.8|11.9|59.4|14.2
1600000US4539715|47.4|6.5|39.1|23.1|49.4|5.2
1600000US4539772|43.0|7.1|42.8|10.2|46.2|14.4
1600000US4539785|38.2|2.8|35.9|3.8|39.5|2.9
1600000US4539805|32.7|10.8|29.6|14.9|35.1|14.0
1600000US4539895|40.4|4.1|38.1|5.9|41.4|3.9
1600000US4540075|48.9|7.9|48.4|8.5|50.1|9.3
1600000US4540210|54.6|11.9|46.3|26.7|59.7|7.0
1600000US4540390|55.4|7.3|55.5|23.6|55.3|6.5
1600000US4540480|36.8|9.3|31.7|13.8|47.6|17.7
1600000US4540525|23.0|1.1|22.4|2.4|23.7|2.2
1600000US4540615|42.1|3.6|41.3|4.7|42.9|8.2
1600000US4541065|40.4|10.7|31.8|11.5|43.1|7.3
1600000US4541335|39.0|1.6|38.7|2.1|39.2|1.8
1600000US4541380|39.3|6.9|42.8|10.3|37.0|6.7
1600000US4541740|41.2|8.5|48.1|15.4|40.4|5.7
1600000US4541830|64.1|1.3|64.1|1.5|64.0|2.1
1600000US4541965|37.5|12.1|37.9|13.5|36.8|17.7
1600000US4542010|61.4|2.2|62.1|2.8|61.0|3.2
1600000US4542055|58.4|13.4|58.0|27.5|61.9|17.4
1600000US4542095|-666666666|-222222222|-666666666|-222222222|-666666666|-222222222
1600000US4542100|30.3|20.2|45.3|20.4|23.8|19.0
1600000US4542145|53.4|11.0|53.2|21.0|62.5|26.3
1600000US4542190|38.6|18.8|39.1|16.7|34.5|27.3
1600000US4542280|51.0|26.3|31.3|27.1|66.0|24.1
1600000US4542460|-666666666|-222222222|-666666666|-222222222|-666666666|-222222222
1600000US4542730|51.2|6.6|51.8|11.1|51.0|6.8
1600000US4542820|52.0|12.9|53.3|7.0|42.3|16.6
1600000US4542865|31.3|14.5|13.5|20.2|36.8|6.1
1600000US4543000|38.8|3.5|35.5|4.0|42.7|3.5
1600000US4543090|31.7|7.2|31.3|10.6|40.2|10.4
1600000US4543135|70.9|9.2|72.0|5.2|-666666666|-222222222
1600000US4543315|32.6|0.8|32.0|4.0|33.0|1.8
1600000US4543360|56.2|45.0|24.9|71.3|59.9|6.8
1600000US4543495|40.4|6.3|40.6|11.0|40.3|11.3
1600000US4543585|44.9|12.5|44.1|7.5|49.6|18.7
1600000US4543630|28.2|7.3|30.5|16.0|25.6|4.5
1600000US4543675|53.6|8.6|53.5|8.6|54.5|12.6
1600000US4543720|41.0|3.5|39.5|2.8|47.5|4.3
1600000US4544350|56.2|8.5|56.6|13.9|55.2|9.3
1600000US4544395|29.3|12.4|21.6|10.2|29.9|41.0
1600000US4544575|43.9|9.9|35.8|7.0|49.4|5.6
1600000US4545115|40.9|1.7|37.9|4.9|42.0|2.2
1600000US4545295|36.2|7.6|36.5|9.2|36.1|20.2
1600000US4545430|41.5|12.1|41.1|16.6|42.4|11.8
1600000US4545790|57.0|10.3|51.8|8.8|60.7|7.5
1600000US4547050|42.3|19.4|36.0|13.5|62.8|7.4
1600000US4547200|33.4|8.2|30.8|9.7|34.7|9.8
1600000US4547275|35.4|1.5|36.0|2.7|35.2|2.5
1600000US4547320|46.2|14.7|47.1|11.7|40.4|24.3
1600000US4548310|68.3|27.4|69.2|10.6|55.4|30.7
1600000US4548355|40.6|17.8|48.3|14.0|39.4|21.1
1600000US4548535|42.6|1.1|41.3|1.7|43.8|1.2
1600000US4548670|49.9|25.9|50.2|26.2|49.8|45.2
1600000US4548737|40.9|7.1|40.5|5.9|48.6|29.8
1600000US4548805|37.9|7.7|43.5|12.1|34.8|8.2
1600000US4548900|46.1|9.4|40.6|12.2|46.5|7.3
1600000US4548985|60.4|1.3|59.8|1.5|61.0|1.7
1600000US4549075|47.3|2.7|43.0|3.8|50.6|2.4
1600000US4549390|45.3|22.7|30.5|28.0|51.1|14.7
1600000US4549570|29.3|2.5|29.0|5.1|29.4|2.0
1600000US4549705|32.9|7.0|31.8|8.3|34.3|6.7
1600000US4549885|44.0|8.0|44.4|9.4|43.4|9.3
1600000US4549975|65.9|14.0|65.6|16.3|70.3|19.6
1600000US4550020|39.5|21.8|43.7|29.2|26.9|38.3
1600000US4550110|47.2|6.2|45.7|10.0|48.4|7.9
1600000US4550290|40.0|6.6|40.8|7.6|38.5|9.5
1600000US4550515|47.1|5.1|47.6|6.4|44.1|8.4
1600000US4550560|54.8|17.4|43.5|26.4|58.5|7.2
1600000US4550695|42.3|2.3|39.8|2.6|44.4|3.0
1600000US4550875|34.6|1.0|33.0|1.0|35.9|1.0
1600000US4551145|37.8|9.1|40.1|12.4|37.7|12.0
1600000US4551180|42.0|10.5|38.9|7.1|48.5|10.7
1600000US4551280|61.9|1.5|62.2|2.0|61.7|1.5
1600000US4551367|67.1|3.6|65.3|7.0|67.7|2.3
1600000US4551550|50.1|5.7|45.9|6.8|57.8|9.0
1600000US4551720|37.0|2.0|36.0|2.8|38.0|2.6
1600000US4551887|30.7|16.5|30.6|20.9|42.0|27.4
1600000US4552540|38.5|10.3|43.5|9.9|29.3|14.1
1600000US4552585|40.2|26.0|25.3|49.9|40.9|38.7
1600000US4552900|24.2|11.6|28.7|21.9|22.0|7.7
1600000US4553080|36.4|4.8|31.1|10.7|37.1|4.3
1600000US4553485|15.2|5.7|-666666666|-222222222|13.4|4.9
1600000US4553845|41.3|7.2|37.9|10.3|42.5|10.7
1600000US4554025|43.4|7.6|43.3|10.4|43.8|8.7
1600000US4554340|28.5|4.4|20.9|11.4|32.4|15.0
1600000US4554535|31.9|2.6|28.1|4.3|38.1|4.0
1600000US4554700|60.8|7.5|62.5|9.1|60.3|9.3
1600000US4554925|34.8|5.9|49.1|21.7|29.5|10.1
1600000US4554970|55.8|19.5|55.8|42.4|57.1|23.0
1600000US4555015|68.3|3.5|68.2|4.1|70.0|5.6
1600000US4555060|45.4|13.1|45.6|18.4|42.8|24.2
1600000US4555150|34.3|39.8|34.6|45.5|32.5|30.9
1600000US4555420|47.6|15.9|51.1|15.7|42.2|17.6
1600000US4555465|37.1|10.8|31.4|6.1|43.2|19.0
1600000US4555645|40.4|8.6|43.8|7.4|34.5|10.8
1600000US4555960|40.5|11.3|43.5|15.2|40.1|13.8
1600000US4556140|40.6|10.2|38.7|6.4|46.0|11.3
1600000US4556365|36.8|6.4|33.2|6.1|41.2|8.8
1600000US4556545|59.3|24.3|40.7|36.3|63.7|15.3
1600000US4556905|27.9|41.6|20.8|17.8|48.7|20.1
1600000US4556950|40.3|8.7|38.4|3.4|47.9|8.7
1600000US4557085|22.1|12.5|17.7|6.0|33.8|16.8
1600000US4557175|60.4|4.6|60.5|4.8|60.3|6.4
1600000US4557670|56.3|7.9|52.8|7.7|56.8|15.8
1600000US4557850|40.5|34.4|41.0|40.5|40.5|33.8
1600000US4558030|25.1|1.7|22.9|1.0|29.8|2.1
1600000US4558170|40.2|4.4|32.5|4.8|43.6|2.2
1600000US4558435|61.6|15.8|-666666666|-222222222|-666666666|-222222222
1600000US4558570|33.5|6.3|29.8|9.4|39.2|10.3
1600000US4558615|64.7|13.5|53.8|15.8|79.0|16.0
1600000US4558705|41.6|13.8|40.0|15.5|43.3|18.0
1600000US4558795|49.9|4.7|49.7|4.9|50.7|8.1
1600000US4558930|-666666666|-222222222|-666666666|-222222222|-666666666|-222222222
1600000US4559020|39.1|5.2|42.2|3.5|36.6|4.6
1600000US4559110|36.9|3.6|36.3|3.9|38.2|3.7
1600000US4559190|46.9|3.6|43.7|5.9|47.5|3.6
1600000US4559380|38.8|6.9|35.2|5.1|41.5|15.0
1600000US4559425|34.9|2.8|34.9|4.0|34.9|3.4
1600000US4559470|51.7|22.0|51.7|14.2|36.5|94.6
1600000US4559920|45.3|28.4|27.5|36.2|48.2|25.6
1600000US4560280|32.7|2.1|34.8|2.3|31.2|2.8
1600000US4560325|43.1|7.0|40.8|4.8|48.3|12.4
1600000US4560370|37.7|1.8|37.0|2.4|64.3|14.1
1600000US4560415|55.9|16.7|50.2|34.9|59.3|12.6
1600000US4561112|41.5|9.4|40.7|5.7|41.8|12.4
1600000US4561405|35.7|1.3|34.9|0.9|36.8|2.0
1600000US4561495|51.3|14.0|46.7|29.6|66.6|10.9
1600000US4561720|35.5|8.6|33.7|6.4|37.0|9.8
1600000US4562035|53.9|13.3|53.9|10.3|53.5|22.5
1600000US4562080|46.7|17.9|37.5|37.2|46.9|12.3
1600000US4562305|54.3|8.2|52.7|0.5|67.7|8.5
1600000US4562395|33.2|2.8|30.5|2.6|35.8|2.9
1600000US4562485|34.9|66.3|34.5|51.6|71.1|90.9
1600000US4562530|41.6|13.4|49.5|13.8|36.0|10.3
1600000US4562620|54.3|9.2|39.5|27.2|58.0|6.2
1600000US4562755|33.8|8.2|25.6|15.0|36.5|8.4
1600000US4562980|49.5|6.4|48.1|25.6|52.2|9.2
1600000US4563115|37.3|17.3|46.6|36.0|36.1|6.9
1600000US4563250|30.9|5.3|28.9|9.0|31.3|4.6
1600000US4563655|36.5|15.0|45.6|14.8|36.1|12.9
1600000US4563665|36.1|3.3|33.7|4.0|40.9|8.2
1600000US4563700|40.5|2.4|40.5|3.3|40.5|5.1
1600000US4563790|47.4|12.0|40.1|17.0|56.2|17.3
1600000US4564240|27.3|2.1|27.7|3.1|27.1|4.5
1600000US4564465|52.0|10.6|51.6|6.3|53.3|17.7
1600000US4564600|47.0|15.1|51.0|15.0|37.7|13.9
1600000US4564690|54.0|14.8|43.5|14.6|54.8|7.7
1600000US4564712|68.9|1.7|69.5|2.1|68.3|1.8
1600000US4565005|57.2|23.9|57.2|29.2|55.0|21.2
1600000US4565095|39.6|5.2|36.6|8.6|40.5|4.9
1600000US4565207|40.9|2.9|41.4|3.9|40.1|4.5
1600000US4565410|43.9|17.2|57.3|33.3|41.3|11.5
1600000US4565590|27.0|35.4|27.7|53.1|26.3|32.1
1600000US4565680|53.2|12.2|56.0|10.1|46.6|11.4
1600000US4565950|30.4|18.0|30.3|24.9|37.1|35.6
1600000US4566400|37.5|13.1|42.3|12.3|32.7|13.3
1600000US4566580|37.1|2.2|36.1|3.0|37.8|2.7
1600000US4566760|39.0|8.5|34.6|9.5|40.4|9.7
1600000US4566917|47.6|7.8|42.9|13.8|47.9|7.9
1600000US4567165|54.3|14.5|54.7|18.2|49.8|24.0
1600000US4567210|67.0|11.3|57.0|23.2|71.1|8.5
1600000US4567255|34.7|7.0|33.5|21.0|34.9|6.7
1600000US4567390|43.3|3.0|42.4|4.5|44.0|3.0
1600000US4567435|44.9|14.3|62.5|11.6|40.6|5.8
1600000US4567705|34.4|2.2|33.3|2.5|35.5|2.9
1600000US4567750|35.9|3.3|35.7|6.0|36.0|5.2
1600000US4568177|43.9|13.0|31.5|15.3|45.9|4.6
1600000US4568210|39.8|9.1|42.7|18.3|30.9|20.7
1600000US4568290|36.0|1.2|34.3|2.3|37.1|1.5
1600000US4568380|33.6|3.0|33.4|4.6|35.1|17.0
1600000US4568425|36.7|6.4|32.8|6.0|39.6|12.0
1600000US4568470|31.2|5.8|33.6|12.7|28.4|10.6
1600000US4568875|29.1|10.7|31.6|9.3|22.6|8.1
1600000US4568920|32.7|6.2|33.7|11.5|30.6|2.2
1600000US4569010|40.6|6.3|42.7|4.6|39.2|17.3
1600000US4570045|75.4|8.8|78.9|11.1|71.6|4.8
1600000US4570090|52.5|2.5|49.2|4.3|57.3|8.2
1600000US4570225|44.5|21.1|54.4|24.7|40.2|13.4
1600000US4570270|38.9|2.1|37.9|2.3|40.2|2.9
1600000US4570315|55.4|12.2|56.0|15.0|54.3|11.5
1600000US4570405|33.6|1.6|30.1|1.5|37.8|2.5
1600000US4570585|55.5|4.5|53.7|5.6|57.4|5.2
1600000US4570675|41.2|8.8|34.8|16.4|43.2|8.6
1600000US4570900|57.0|6.7|59.2|16.1|56.6|2.4
1600000US4571170|13.6|1.4|13.6|1.4|-666666666|-222222222
1600000US4571305|36.5|20.1|15.9|39.9|39.9|13.8
1600000US4571395|37.5|2.2|34.8|3.5|40.0|2.4
1600000US4571417|41.0|2.1|41.6|3.2|40.6|1.8
1600000US4571658|65.8|1.7|67.2|2.7|65.0|2.6
1600000US4571890|20.1|0.3|20.2|0.5|20.0|0.3
1600000US4571980|38.1|4.8|28.4|9.3|43.7|14.2
1600000US4572295|61.0|18.7|56.7|13.4|61.4|35.5
1600000US4572430|22.0|1.0|21.5|1.3|22.6|3.6
1600000US4572520|47.1|24.4|29.3|47.6|56.0|20.2
1600000US4572655|22.9|12.4|21.5|18.4|22.9|24.3
1600000US4572745|33.1|6.2|23.3|3.3|38.9|6.9
1600000US4572880|40.0|42.0|36.0|40.7|47.0|55.1
1600000US4573105|45.5|2.2|42.8|5.3|47.1|2.9
1600000US4573240|59.3|13.2|54.7|22.6|62.4|10.0
1600000US4573330|35.6|7.1|40.7|7.7|33.7|2.3
1600000US4573465|27.0|2.3|31.4|3.0|23.0|3.7
1600000US4573510|33.3|8.2|27.7|2.0|52.5|13.2
1600000US4573555|52.7|10.8|54.0|10.8|52.0|16.9
1600000US4573600|38.8|6.4|35.2|11.5|40.8|10.8
1600000US4573870|38.9|1.6|37.5|1.7|40.5|2.5
1600000US4574050|36.6|14.7|36.9|7.8|34.1|24.3
1600000US4574095|40.9|10.4|32.3|5.5|48.2|4.1
1600000US4574140|59.7|10.1|59.5|11.3|59.9|17.6
1600000US4574275|35.2|5.9|42.6|11.2|33.5|4.2
1600000US4574590|35.5|11.0|44.8|19.1|30.3|15.6
1600000US4574635|59.0|11.7|56.4|5.5|67.2|19.0
1600000US4574680|33.8|13.0|37.5|11.9|33.0|19.4
1600000US4574725|41.5|15.9|38.3|14.5|47.4|17.9
1600000US4574995|49.0|24.2|40.5|35.6|49.4|17.5
1600000US4575220|30.5|6.7|31.8|8.3|29.7|7.3
1600000US4575445|35.5|9.3|52.3|4.5|34.7|0.3
1600000US4575535|39.1|3.6|38.5|3.7|39.5|12.3
1600000US4575580|28.8|4.8|29.1|10.3|28.8|7.1
1600000US4575850|38.6|3.2|39.4|3.5|37.8|4.5
1600000US4576165|40.0|17.4|32.1|11.7|48.4|8.7
1600000US4576345|31.7|4.2|31.2|3.9|33.2|6.8
1600000US4576435|38.0|3.9|37.2|5.0|39.4|16.1
1600000US4577042|32.2|1.9|31.3|2.4|33.4|4.0
1600000US4577380|50.2|11.1|59.1|13.5|42.9|14.0
1600000US4577425|40.3|11.4|42.4|10.7|36.8|14.2
1600000US4577672|33.2|9.0|33.4|14.4|32.7|13.9
1600000US4577785|50.3|7.4|40.3|26.4|50.7|5.2
1600000US4577875|38.9|2.9|40.8|6.0|37.4|2.7
1600000US4577920|75.5|23.4|75.1|41.4|-666666666|-222222222
1600000US4577965|40.4|13.9|30.6|19.1|41.3|9.1
1600000US4578190|32.3|20.5|27.2|11.3|54.8|41.8
1600000US4578460|39.3|7.1|36.3|15.0|40.3|8.1
1600000US4578505|30.4|7.8|26.0|8.8|34.2|6.4
1600000US4578640|41.7|26.3|32.6|34.3|42.3|35.4
1600000US4578820|37.9|4.8|32.2|8.1|41.3|5.1
1600000US4578910|44.5|15.8|46.5|24.6|44.5|17.4
1600000US4579090|34.8|4.6|34.6|4.4|35.4|8.5
1600000US4579341|57.6|3.8|55.9|3.1|62.2|3.8
1600000US4579450|38.5|9.6|37.5|14.1|38.7|9.7
1600000US4579630|35.0|2.8|32.7|3.8|39.2|4.0
1600000US4579720|50.9|50.0|-666666666|-222222222|35.0|49.4
860Z200US27006|48.8|1.5|46.9|2.6|52.0|2.2
860Z200US27007|34.0|7.7|46.1|9.2|28.7|3.2
860Z200US27009|52.4|9.4|48.7|10.9|56.4|8.9
860Z200US27011|46.2|4.5|49.9|6.5|45.4|3.5
860Z200US27012|43.4|1.3|43.0|1.6|43.8|2.2
860Z200US27013|40.5|7.0|38.8|6.5|40.9|7.9
860Z200US27014|34.4|3.8|37.0|6.8|33.6|2.8
860Z200US27016|51.8|10.2|55.1|10.8|49.4|12.0
860Z200US27017|40.0|3.6|38.0|3.8|41.7|5.6
860Z200US27018|44.1|3.4|42.3|6.3|46.1|3.5
860Z200US27019|55.8|6.3|55.6|5.8|56.6|7.7
860Z200US27020|47.7|2.9|49.6|3.3|46.2|6.6
860Z200US27021|43.4|3.5|41.6|2.3|47.3|3.9
860Z200US27022|44.1|8.4|34.4|20.6|45.4|7.1
860Z200US27023|41.7|2.5|41.8|2.8|41.4|3.2
860Z200US27024|54.6|7.4|53.7|9.7|59.5|10.7
860Z200US27025|43.7|3.8|42.8|6.2|44.6|3.9
860Z200US27027|54.0|4.8|52.8|3.6|57.2|5.8
860Z200US27028|43.2|1.1|42.3|2.6|43.9|1.4
860Z200US27030|43.7|1.6|43.0|2.4|44.1|1.8
860Z200US27040|41.3|3.5|37.6|3.2|43.8|2.3
860Z200US27041|47.5|7.5|41.6|6.7|51.6|4.5
860Z200US27042|59.7|3.7|53.9|12.0|60.0|22.5
860Z200US27043|50.9|3.7|52.3|5.4|50.3|3.0
860Z200US27045|40.1|5.7|37.9|6.4|41.9|5.3
860Z200US27046|55.5|11.1|51.8|5.8|60.5|3.4
860Z200US27047|35.4|7.4|38.1|18.4|35.3|6.1
860Z200US27048|46.4|2.7|47.5|3.4|44.6|5.4
860Z200US27050|47.4|6.3|45.2|6.5|51.1|9.0
860Z200US27051|39.8|4.7|38.8|6.0|41.1|5.0
860Z200US27052|44.7|2.7|42.2|4.0|45.8|4.3
860Z200US27053|52.1|11.1|57.4|10.2|46.7|7.1
860Z200US27054|50.2|8.5|54.0|2.8|47.3|8.1
860Z200US27055|42.0|3.1|35.5|4.0|46.0|3.8
860Z200US27101|34.2|2.2|35.8|2.2|33.3|1.7
860Z200US27103|38.7|1.6|38.5|1.7|38.9|2.7
860Z200US27104|43.6|1.7|41.3|3.2|45.7|3.5
860Z200US27105|34.6|2.2|30.1|2.6|37.7|2.6
860Z200US27106|38.5|2.0|35.3|1.8|41.1|2.0
860Z200US27107|36.4|2.1|35.8|2.6|37.0|2.8
860Z200US27109|19.8|0.3|19.9|0.4|19.8|0.4
860Z200US27110|20.0|0.4|20.3|0.4|19.8|0.5
860Z200US27127|37.4|1.7|37.3|2.4|37.4|2.8
860Z200US27201|46.8|29.2|51.0|37.6|42.8|31.6
860Z200US27202|23.0|40.8|1.6|0.3|-666666666|-222222222
860Z200US27203|34.2|1.4|31.2|1.5|35.9|3.0
860Z200US27205|44.3|2.4|44.7|2.3|44.0|3.4
860Z200US27207|43.7|8.5|47.3|10.1|42.8|12.2
860Z200US27208|44.0|7.8|42.9|5.6|44.1|11.5
860Z200US27209|32.4|5.3|26.3|11.6|35.0|7.0
860Z200US27212|46.8|3.2|46.8|2.8|46.7|8.4
860Z200US27213|46.8|60.7|-666666666|-222222222|-666666666|-222222222
860Z200US27214|34.8|4.4|34.9|4.1|34.7|5.9
860Z200US27215|42.0|1.6|40.3|1.9|43.6|2.1
860Z200US27217|35.5|1.7|33.3|1.7|37.8|2.3
860Z200US27229|37.3|4.7|29.2|7.0|40.3|9.2
860Z200US27231|46.0|6.7|44.2|9.2|47.5|9.0
860Z200US27233|41.5|10.2|46.1|7.0|39.0|10.7
860Z200US27235|50.6|2.2|49.8|2.1|50.8|3.2
860Z200US27239|49.7|5.4|48.7|7.0|51.2|5.7
860Z200US27242|38.8|9.0|35.3|3.8|53.6|12.9
860Z200US27243|45.0|4.4|46.1|5.1|44.7|5.8
860Z200US27244|23.0|3.0|31.2|5.1|21.7|0.8
860Z200US27247|65.5|0.3|65.6|10.8|-666666666|-222222222
860Z200US27248|41.2|6.4|34.9|9.6|42.8|4.8
860Z200US27249|47.9|2.1|44.8|7.9|52.3|3.8
860Z200US27252|55.2|9.9|51.7|18.0|58.3|11.0
860Z200US27253|39.6|1.6|36.0|1.4|44.2|3.2
860Z200US27256|-666666666|-222222222|-666666666|-222222222|-666666666|-222222222
860Z200US27258|40.3|3.1|38.9|4.6|41.2|3.3
860Z200US27259|46.5|1.3|-666666666|-222222222|-666666666|-222222222
860Z200US27260|36.4|2.0|35.7|2.9|36.9|3.2
860Z200US27262|33.9|2.1|32.1|4.6|35.1|2.9
860Z200US27263|42.1|3.1|39.7|3.2|43.6|3.1
860Z200US27265|42.7|1.7|42.6|2.4|42.7|1.9
860Z200US27268|19.2|0.4|19.3|0.3|19.0|0.5
860Z200US27278|44.3|2.4|44.5|3.4|44.1|2.5
860Z200US27281|48.2|3.8|48.5|1.6|45.8|6.5
860Z200US27282|39.5|2.7|39.4|3.1|39.9|3.9
860Z200US27283|44.9|8.7|43.9|11.5|45.2|9.0
860Z200US27284|42.5|1.3|41.3|2.3|43.5|1.4
860Z200US27288|42.2|1.7|42.1|2.2|42.8|4.6
860Z200US27291|41.9|21.2|51.3|14.3|40.3|10.6
860Z200US27292|41.6|1.7|43.9|1.4|39.5|2.2
860Z200US27295|44.1|1.9|43.2|2.4|45.4|2.3
860Z200US27298|41.1|4.4|39.3|5.9|42.9|5.7
860Z200US27299|35.9|6.2|34.2|8.2|39.4|8.1
860Z200US27301|40.5|3.7|39.5|6.9|41.4|3.2
860Z200US27302|41.0|1.6|40.2|2.0|41.8|2.7
860Z200US27305|51.9|9.8|44.8|16.7|55.3|11.8
860Z200US27306|50.4|5.4|52.1|8.7|49.5|5.7
860Z200US27310|44.0|2.6|45.6|2.6|43.5|1.9
860Z200US27311|36.7|6.9|33.3|7.2|43.9|10.2
860Z200US27312|49.8|2.0|49.8|2.3|49.9|2.5
860Z200US27313|43.5|4.1|34.3|9.6|49.4|6.3
860Z200US27314|35.6|29.4|35.2|21.2|38.4|47.6
860Z200US27315|40.5|16.2|30.7|9.6|48.6|7.7
860Z200US27316|40.2|7.8|39.2|7.9|41.5|10.5
860Z200US27317|45.2|2.7|46.1|3.3|44.3|3.3
860Z200US27320|44.6|1.3|42.6|2.2|47.2|3.3
860Z200US27325|38.4|7.9|34.2|6.6|44.1|4.4
860Z200US27326|44.1|5.2|49.3|5.5|39.8|6.0
860Z200US27330|37.8|1.5|35.8|1.9|39.6|1.6
860Z200US27332|39.3|1.9|38.6|2.4|39.7|2.4
860Z200US27340|28.0|74.2|-666666666|-222222222|-666666666|-222222222
860Z200US27341|38.2|4.9|35.1|6.2|44.3|6.7
860Z200US27342|40.5|9.0|42.1|16.7|40.5|34.6
860Z200US27343|50.4|5.2|50.5|5.6|49.5|10.0
860Z200US27344|39.0|2.9|37.6|1.8|40.0|3.2
860Z200US27349|42.7|5.7|41.8|9.2|42.9|5.4
860Z200US27350|50.4|5.0|51.9|2.2|47.2|5.5
860Z200US27351|41.2|13.4|-666666666|-222222222|-666666666|-222222222
860Z200US27355|50.8|13.9|41.1|15.0|55.5|13.1
860Z200US27356|38.7|14.0|51.4|10.2|27.5|11.6
860Z200US27357|44.4|3.3|43.1|2.5|45.5|3.6
860Z200US27358|43.4|2.4|44.6|2.5|42.3|2.4
860Z200US27360|40.3|1.9|38.5|2.0|42.6|2.8
860Z200US27370|40.9|3.8|40.6|6.4|40.9|3.4
860Z200US27371|43.7|2.3|43.4|1.4|45.0|4.5
860Z200US27374|54.3|19.4|54.3|19.4|-666666666|-222222222
860Z200US27376|54.0|5.5|54.2|6.1|53.8|6.0
860Z200US27377|41.7|3.9|44.0|7.4|39.9|5.2
860Z200US27379|50.0|7.3|46.1|6.2|53.9|9.6
860Z200US27401|29.0|2.2|31.7|2.4|27.0|3.3
860Z200US27403|26.8|3.0|27.1|4.2|26.6|4.0
860Z200US27405|32.1|1.3|31.5|1.7|33.2|2.6
860Z200US27406|36.4|1.3|33.2|2.2|39.9|2.2
860Z200US27407|36.3|1.2|35.0|2.7|37.1|1.7
860Z200US27408|45.4|1.4|44.8|1.8|46.1|2.0
860Z200US27409|34.7|2.9|35.7|5.0|34.3|2.5
860Z200US27410|41.8|1.6|40.7|1.5|43.2|2.2
860Z200US27411|19.2|0.5|19.0|1.0|19.3|0.6
860Z200US27412|19.5|0.3|19.5|0.4|19.5|0.3
860Z200US27455|43.2|2.5|42.0|3.9|44.8|3.0
860Z200US27501|36.9|1.5|37.0|1.5|36.8|2.7
860Z200US27502|37.8|1.8|38.6|2.8|37.5|1.2
860Z200US27503|48.3|3.5|46.0|1.7|54.7|3.2
860Z200US27504|38.7|3.0|35.2|4.0|41.0|4.3
860Z200US27505|34.9|2.3|35.1|2.1|34.2|2.9
860Z200US27506|19.5|0.5|19.2|0.6|19.8|0.6
860Z200US27507|54.3|4.4|58.2|1.2|50.7|32.7
860Z200US27508|41.9|7.1|41.3|5.5|47.8|19.2
860Z200US27509|43.0|2.2|41.9|2.1|49.5|7.1
860Z200US27510|31.7|2.3|32.0|2.3|31.0|3.2
860Z200US27511|42.1|1.8|41.4|3.1|42.7|1.9
860Z200US27513|41.1|1.5|39.1|3.1|41.9|1.7
860Z200US27514|23.9|1.1|24.7|1.9|23.2|1.5
860Z200US27516|36.9|1.6|37.3|1.9|36.4|2.2
860Z200US27517|43.4|2.6|39.5|3.1|47.5|1.7
860Z200US27518|46.9|3.1|47.0|4.7|46.8|3.0
860Z200US27519|38.4|1.0|38.7|1.2|38.0|1.5
860Z200US27520|37.6|1.3|33.8|1.6|40.3|1.9
860Z200US27521|40.9|6.0|39.6|9.7|41.3|4.9
860Z200US27522|40.7|2.1|39.2|4.0|41.8|2.3
860Z200US27523|39.1|1.6|39.4|1.9|38.7|1.7
860Z200US27524|36.4|3.7|36.3|3.7|36.5|5.0
860Z200US27525|38.0|2.1|36.2|2.6|40.6|4.3
860Z200US27526|39.6|1.6|37.9|2.7|41.1|1.9
860Z200US27527|35.7|2.0|35.2|2.7|36.2|2.8
860Z200US27529|39.3|2.3|37.7|1.8|41.2|1.8
860Z200US27530|39.3|1.7|38.0|1.4|40.7|2.3
860Z200US27531|20.8|0.4|20.7|0.4|24.0|5.8
860Z200US27533|36.6|2.8|36.8|2.7|-666666666|-222222222
860Z200US27534|39.0|2.2|36.2|2.8|41.7|2.2
860Z200US27536|37.2|2.2|34.1|2.9|40.1|5.4
860Z200US27537|40.3|1.3|37.4|3.4|41.8|2.6
860Z200US27539|37.7|2.2|37.7|3.4|37.8|2.2
860Z200US27540|36.8|1.1|36.4|1.3|37.5|2.1
860Z200US27541|49.7|7.4|49.2|12.9|52.9|10.1
860Z200US27542|40.8|5.0|39.3|4.1|43.3|4.4
860Z200US27544|52.2|5.3|50.5|21.0|53.5|4.3
860Z200US27545|33.8|2.0|33.2|2.4|35.0|2.7
860Z200US27546|36.7|1.1|36.4|1.8|37.1|1.4
860Z200US27549|41.7|2.0|40.8|1.6|42.6|2.6
860Z200US27551|57.4|5.0|58.7|10.0|56.9|4.8
860Z200US27553|48.2|4.5|43.0|12.5|49.4|3.7
860Z200US27555|38.7|12.2|33.5|13.8|41.7|12.2
860Z200US27556|18.6|37.3|3.9|20.5|33.6|15.5
860Z200US27557|40.7|3.4|36.6|5.2|44.7|5.5
860Z200US27559|50.9|8.8|48.0|16.6|53.4|7.6
860Z200US27560|34.3|1.1|35.4|1.5|33.4|1.6
860Z200US27562|35.3|3.9|36.8|4.3|31.7|8.2
860Z200US27563|43.8|4.6|44.5|4.9|41.1|9.6
860Z200US27565|45.4|2.2|44.6|2.8|46.6|2.4
860Z200US27568|39.2|8.2|34.7|6.5|44.0|14.9
860Z200US27569|37.0|5.6|37.8|6.4|36.7|6.9
860Z200US27570|-666666666|-222222222|-666666666|-222222222|-666666666|-222222222
860Z200US27571|41.7|2.2|37.4|9.4|42.7|1.3
860Z200US27572|43.7|4.4|43.8|2.8|42.5|9.2
860Z200US27573|44.9|6.7|40.8|3.5|48.3|3.2
860Z200US27574|46.9|3.9|43.8|6.4|47.6|2.9
860Z200US27576|37.3|3.1|39.5|3.2|35.6|2.5
860Z200US27577|41.3|1.7|40.9|1.2|42.3|3.8
860Z200US27581|35.9|6.3|31.8|10.1|38.5|4.2
860Z200US27582|41.9|15.7|41.4|9.2|50.5|28.6
860Z200US27583|38.9|5.0|39.9|6.2|38.4|7.9
860Z200US27584|60.0|25.8|-666666666|-222222222|46.7|15.1
860Z200US27587|40.8|1.0|40.7|1.8|40.8|1.1
860Z200US27589|46.6|1.8|43.3|5.7|51.5|6.4
860Z200US27591|40.1|2.9|37.3|2.4|41.5|3.6
860Z200US27592|38.7|2.5|37.7|3.8|39.5|2.7
860Z200US27593|-666666666|-222222222|-666666666|-222222222|-666666666|-222222222
860Z200US27594|-666666666|-222222222|-666666666|-222222222|-666666666|-222222222
860Z200US27596|40.4|2.9|37.9|1.7|42.7|2.0
860Z200US27597|38.9|2.1|38.1|1.7|40.0|1.9
860Z200US27599|-666666666|-222222222|-666666666|-222222222|-666666666|-222222222
860Z200US27601|32.2|1.7|33.5|1.1|30.9|1.3
860Z200US27603|35.6|1.3|35.5|1.2|35.7|2.4
860Z200US27604|36.6|1.0|36.3|1.3|37.2|1.9
860Z200US27605|30.9|4.0|37.3|4.6|28.1|3.8
860Z200US27606|30.9|0.9|30.8|0.9|31.0|1.5
860Z200US27607|25.7|1.0|25.6|1.9|25.8|1.1
860Z200US27608|42.0|3.2|39.7|5.1|43.5|2.4
860Z200US27609|37.7|1.6|35.9|2.2|40.0|3.2
860Z200US27610|34.8|1.5|33.3|1.2|36.8|1.6
860Z200US27612|38.3|1.3|36.0|2.6|39.9|1.7
860Z200US27613|41.2|1.3|40.0|1.5|42.5|1.4
860Z200US27614|43.6|1.9|41.7|3.0|44.6|2.1
860Z200US27615|42.2|1.6|40.3|1.9|43.4|1.0
860Z200US27616|34.6|1.5|34.3|1.6|35.0|2.2
860Z200US27617|36.8|3.6|35.2|2.8|38.9|3.7
860Z200US27695|19.1|0.4|19.0|0.6|19.1|0.4
860Z200US27697|-666666666|-222222222|-666666666|-222222222|-666666666|-222222222
860Z200US27701|34.7|1.4|35.1|1.6|34.3|2.3
860Z200US27703|36.5|0.8|34.9|1.8|37.3|1.3
860Z200US27704|38.5|1.3|36.7|2.3|39.9|3.0
860Z200US27705|35.3|1.7|34.9|2.4|35.6|1.9
860Z200US27707|35.0|1.1|33.6|1.1|36.5|1.8
860Z200US27708|19.9|0.2|20.0|0.4|19.9|0.4
860Z200US27709|-666666666|-222222222|-666666666|-222222222|-666666666|-222222222
860Z200US27712|44.4|2.3|42.9|2.1|45.2|1.9
860Z200US27713|34.8|0.9|33.9|1.5|35.1|1.1
860Z200US27801|34.1|2.1|30.8|2.2|36.5|2.5
860Z200US27803|46.5|3.3|48.9|2.9|44.4|4.5
860Z200US27804|41.2|2.5|37.1|1.3|43.7|1.5
860Z200US27805|47.5|5.8|45.8|4.5|50.4|13.3
860Z200US27806|49.6|8.1|39.5|15.0|56.9|3.8
860Z200US27807|39.9|4.4|39.6|4.8|41.2|6.9
860Z200US27808|50.7|6.0|50.6|8.3|50.8|9.4
860Z200US27809|47.3|2.7|43.8|12.9|52.6|9.8
860Z200US27810|55.4|3.6|53.0|5.8|56.2|4.0
860Z200US27812|42.9|5.8|40.6|7.9|44.4|3.4
860Z200US27813|39.5|8.4|39.2|10.7|40.8|10.6
860Z200US27814|51.0|10.9|54.2|19.1|50.8|10.7
860Z200US27815|-666666666|-222222222|-666666666|-222222222|-666666666|-222222222
860Z200US27816|58.2|14.7|66.4|11.0|43.0|23.0
860Z200US27817|49.0|5.1|50.2|7.8|48.5|5.3
860Z200US27818|57.4|14.3|57.1|15.6|60.6|17.1
860Z200US27819|19.0|24.4|18.6|22.2|32.1|21.1
860Z200US27820|36.7|1.8|34.3|7.6|36.9|1.9
860Z200US27821|60.4|10.0|60.4|19.3|-666666666|-222222222
860Z200US27822|44.2|5.8|40.9|6.7|48.2|7.6
860Z200US27823|40.3|3.6|37.0|5.9|42.3|5.5
860Z200US27824|46.6|3.4|48.2|3.6|46.4|3.1
860Z200US27825|27.0|19.6|43.4|42.4|22.9|12.4
860Z200US27826|45.1|3.4|44.9|2.7|57.1|41.7
860Z200US27827|62.1|8.3|62.5|0.3|-666666666|-222222222
860Z200US27828|41.5|5.0|39.4|11.6|42.6|7.6
860Z200US27829|43.9|20.3|24.9|23.8|58.8|13.8
860Z200US27830|42.5|8.4|43.8|10.4|40.9|9.0
860Z200US27831|54.7|3.8|56.6|4.1|52.6|2.7
860Z200US27832|49.6|6.4|50.8|7.5|48.2|11.5
860Z200US27834|32.6|1.1|31.6|2.0|33.3|1.0
860Z200US27837|36.6|5.7|40.9|8.6|35.4|4.6
860Z200US27839|50.1|5.7|47.2|6.5|53.0|5.2
860Z200US27840|60.2|6.4|56.7|8.9|63.0|8.8
860Z200US27841|71.3|37.6|-666666666|-222222222|69.8|70.6
860Z200US27842|62.7|5.5|64.5|7.5|62.1|4.9
860Z200US27843|42.5|9.6|42.9|15.5|39.6|16.0
860Z200US27844|41.1|3.1|41.8|4.2|38.7|5.7
860Z200US27845|49.8|13.2|40.4|6.9|57.6|2.9
860Z200US27846|36.2|7.5|32.2|2.6|46.9|9.9
860Z200US27847|46.9|14.0|39.3|9.1|55.1|5.4
860Z200US27849|31.3|13.5|27.3|9.1|44.2|9.6
860Z200US27850|51.3|2.9|48.7|5.2|54.1|4.2
860Z200US27851|38.5|2.4|35.7|3.0|42.1|5.6
860Z200US27852|41.4|8.4|41.7|5.6|37.9|15.5
860Z200US27853|48.3|24.5|35.8|41.8|48.4|16.9
860Z200US27855|34.0|3.1|29.6|3.8|39.4|7.4
860Z200US27856|39.9|1.7|38.2|2.1|40.9|5.1
860Z200US27857|56.3|10.6|62.3|10.1|50.5|11.1
860Z200US27858|26.1|0.7|26.5|0.9|25.7|1.0
860Z200US27860|31.4|6.3|30.8|6.2|42.5|19.0
860Z200US27861|62.1|11.0|66.5|10.5|55.3|16.9
860Z200US27862|56.8|10.6|46.6|12.6|58.9|13.4
860Z200US27863|35.4|2.1|35.0|4.0|35.4|3.7
860Z200US27864|45.9|7.0|39.4|6.6|51.1|6.2
860Z200US27865|47.0|10.8|47.5|5.3|40.4|10.5
860Z200US27866|37.7|9.3|31.9|31.3|37.9|10.1
860Z200US27869|59.1|7.9|51.1|8.3|62.0|6.3
860Z200US27870|41.3|1.6|39.3|2.4|43.2|2.6
860Z200US27871|54.5|2.4|52.0|8.9|55.1|1.8
860Z200US27872|43.6|28.5|61.5|26.1|26.3|24.7
860Z200US27873|61.9|4.4|63.2|2.2|60.5|10.8
860Z200US27874|61.0|2.1|61.1|2.7|60.9|6.0
860Z200US27875|63.5|5.9|61.3|15.2|67.5|9.9
860Z200US27876|56.5|11.4|51.5|10.8|62.5|19.6
860Z200US27877|-666666666|-222222222|-666666666|-222222222|-666666666|-222222222
860Z200US27878|35.6|15.7|24.1|11.6|36.9|12.4
860Z200US27879|50.8|14.2|51.1|17.1|49.5|18.5
860Z200US27880|34.1|4.1|33.7|2.4|37.5|13.3
860Z200US27881|66.3|25.4|74.1|9.0|35.0|64.1
860Z200US27882|42.8|5.1|40.9|5.8|44.7|6.2
860Z200US27883|44.1|4.2|43.4|8.5|45.3|5.7
860Z200US27884|28.2|18.6|22.0|12.5|36.9|15.6
860Z200US27885|40.9|9.2|40.9|9.4|40.9|15.0
860Z200US27886|47.9|2.5|44.7|1.7|53.1|3.8
860Z200US27888|37.6|1.6|37.5|0.6|40.3|12.2
860Z200US27889|46.9|1.5|46.0|2.1|47.7|2.1
860Z200US27890|38.6|7.7|31.1|10.9|43.3|5.8
860Z200US27891|43.4|8.2|37.8|6.8|50.3|7.6
860Z200US27892|43.8|2.8|41.9|6.0|44.3|2.3
860Z200US27893|37.4|1.3|36.4|1.9|39.0|2.5
860Z200US27896|44.6|2.3|43.2|3.0|46.3|2.5
860Z200US27897|58.5|9.5|53.6|16.5|61.3|13.2
860Z200US27909|39.7|1.0|38.3|1.6|41.2|1.6
860Z200US27910|44.5|2.7|43.1|4.8|46.0|2.5
860Z200US27915|54.5|5.2|54.7|8.2|50.2|22.5
860Z200US27916|50.3|14.9|45.3|16.7|54.0|15.8
860Z200US27917|25.8|20.5|27.0|32.5|25.8|16.7
860Z200US27919|38.8|17.7|36.9|24.6|38.9|20.1
860Z200US27920|46.2|11.7|54.2|13.8|41.2|7.8
860Z200US27921|40.6|2.9|39.6|6.0|41.8|5.9
860Z200US27922|40.1|26.2|47.6|34.0|35.3|28.7
860Z200US27923|43.8|13.5|44.9|17.5|41.8|17.2
860Z200US27924|46.5|5.5|43.3|7.7|49.7|8.3
860Z200US27925|47.6|4.6|44.0|5.0|52.2|7.8
860Z200US27926|37.7|10.3|40.9|11.5|37.3|14.6
860Z200US27927|63.4|3.7|64.9|2.6|61.2|4.0
860Z200US27928|40.9|7.8|42.1|13.6|40.4|11.9
860Z200US27929|40.2|7.6|40.0|7.7|40.4|12.4
860Z200US27932|46.2|2.2|44.4|3.4|48.5|3.5
860Z200US27935|42.6|11.0|45.3|15.5|42.3|10.3
860Z200US27936|51.4|19.8|68.1|34.6|47.9|15.8
860Z200US27937|42.4|7.6|40.9|5.1|46.5|9.8
860Z200US27938|55.3|10.3|50.6|7.8|61.5|6.2
860Z200US27939|51.9|5.7|48.4|9.0|53.7|5.6
860Z200US27941|61.5|6.7|65.5|4.3|55.8|18.0
860Z200US27942|54.4|15.5|44.9|15.8|56.1|11.0
860Z200US27943|61.3|1.6|60.0|81.0|62.7|22.0
860Z200US27944|52.9|2.3|53.8|3.7|52.5|1.9
860Z200US27946|58.5|10.4|60.8|6.0|54.9|12.2
860Z200US27947|46.3|4.7|47.5|7.4|46.2|14.7
860Z200US27948|48.4|1.4|48.1|1.7|48.7|2.5
860Z200US27949|55.3|3.3|54.2|5.0|56.8|3.7
860Z200US27950|39.2|13.5|39.8|12.4|38.7|16.8
860Z200US27953|45.1|14.0|54.2|24.7|40.5|5.9
860Z200US27954|44.1|4.8|42.0|4.6|46.0|5.7
860Z200US27956|38.6|20.8|38.5|5.2|38.7|32.7
860Z200US27957|63.3|15.1|65.5|19.9|62.1|14.2
860Z200US27958|38.0|1.1|38.1|2.3|38.0|1.3
860Z200US27959|58.4|6.0|58.3|5.8|58.4|8.8
860Z200US27960|49.8|8.5|35.5|31.3|55.3|8.6
860Z200US27962|46.9|5.0|35.8|4.0|52.6|4.0
860Z200US27964|48.7|15.9|41.9|16.2|54.2|16.4
860Z200US27965|52.8|10.7|52.5|14.2|66.3|25.6
860Z200US27966|38.4|4.7|31.5|12.3|43.2|4.7
860Z200US27967|66.9|8.5|72.3|0.8|66.3|16.9
860Z200US27968|45.9|6.5|45.4|8.3|49.5|2.9
860Z200US27969|47.8|12.8|59.1|20.8|42.6|1.1
860Z200US27970|59.1|5.7|54.1|16.5|60.8|5.3
860Z200US27972|36.6|44.4|35.3|43.9|54.6|25.8
860Z200US27973|36.4|6.6|34.4|4.7|37.6|8.5
860Z200US27974|54.9|8.8|59.7|8.6|51.6|14.0
860Z200US27976|40.4|6.1|37.0|5.4|43.8|6.7
860Z200US27978|45.6|13.9|45.9|11.4|37.3|23.5
860Z200US27979|54.6|7.8|61.2|9.7|43.7|19.6
860Z200US27980|50.8|5.8|50.6|16.5|50.8|15.5
860Z200US27981|36.4|2.3|33.7|4.2|37.3|8.5
860Z200US27982|63.3|0.2|-666666666|-222222222|-666666666|-222222222
860Z200US27983|44.6|4.5|41.0|2.5|50.9|4.7
860Z200US27985|25.5|21.9|18.3|9.9|34.8|21.1
860Z200US27986|44.5|3.6|40.3|3.0|50.0|5.7
860Z200US28001|41.8|2.4|39.5|2.2|42.9|1.9
860Z200US28006|33.7|8.1|36.1|15.2|32.6|7.8
860Z200US28007|50.0|20.7|31.7|7.4|60.4|1.8
860Z200US28009|41.3|5.3|40.6|8.0|41.8|8.6
860Z200US28012|40.2|1.2|39.3|1.8|41.7|2.6
860Z200US28016|43.7|5.5|39.9|5.4|46.1|3.4
860Z200US28017|20.0|0.4|20.4|0.7|19.8|0.6
860Z200US28018|54.5|4.2|54.2|3.8|55.2|6.4
860Z200US28019|-666666666|-222222222|-666666666|-222222222|-666666666|-222222222
860Z200US28020|37.9|9.3|36.8|6.5|41.8|15.4
860Z200US28021|41.0|2.6|40.0|2.1|42.6|3.8
860Z200US28023|41.8|3.5|43.7|5.5|41.3|2.5
860Z200US28024|-666666666|-222222222|-666666666|-222222222|-666666666|-222222222
860Z200US28025|36.6|2.0|35.0|1.9|38.3|1.9
860Z200US28027|36.3|0.9|34.9|1.6|37.5|1.2
860Z200US28031|44.6|1.2|44.3|2.4|44.9|1.5
860Z200US28032|43.1|12.0|42.0|17.0|43.1|9.7
860Z200US28033|51.1|16.3|51.9|14.7|47.9|21.4
860Z200US28034|42.4|1.9|41.8|1.8|43.1|2.8
860Z200US28036|40.8|1.5|40.0|3.8|42.5|2.3
860Z200US28037|45.9|2.6|44.4|1.9|47.6|2.3
860Z200US28039|51.3|32.9|-666666666|-222222222|51.7|39.6
860Z200US28040|45.1|4.8|43.7|8.1|45.4|5.5
860Z200US28041|-666666666|-222222222|-666666666|-222222222|-666666666|-222222222
860Z200US28042|32.7|2.3|33.0|17.0|3.9|43.4
860Z200US28043|40.1|2.1|38.3|3.7|40.8|2.9
860Z200US28052|34.7|1.5|33.6|1.9|36.2|2.7
860Z200US28054|36.2|1.0|35.2|1.2|37.1|2.2
860Z200US28056|41.4|1.6|40.2|2.6|42.3|1.8
860Z200US28071|38.4|8.8|43.3|8.2|33.1|11.6
860Z200US28072|32.6|13.3|36.4|20.3|31.4|14.7
860Z200US28073|46.8|7.1|43.1|8.8|48.7|5.1
860Z200US28074|-666666666|-222222222|-666666666|-222222222|-666666666|-222222222
860Z200US28075|41.4|1.8|42.3|2.2|41.0|2.5
860Z200US28076|49.4|20.0|-666666666|-222222222|49.3|37.2
860Z200US28077|30.4|18.1|14.1|22.2|33.5|5.4
860Z200US28078|40.0|1.1|39.9|1.4|40.1|1.6
860Z200US28079|37.0|0.8|37.3|2.0|36.8|1.1
860Z200US28080|45.8|4.2|48.2|4.7|44.9|5.2
860Z200US28081|39.7|2.5|39.9|2.9|39.4|3.4
860Z200US28083|37.9|2.9|38.3|2.7|37.0|4.6
860Z200US28086|41.2|1.8|36.8|3.7|43.3|2.1
860Z200US28088|40.9|7.3|39.3|8.7|42.4|10.8
860Z200US28089|19.7|0.9|20.2|4.3|19.5|0.9
860Z200US28090|44.3|1.7|44.6|3.5|43.8|4.5
860Z200US28091|39.7|9.0|31.7|20.4|40.7|19.6
860Z200US28092|42.3|1.8|39.9|3.6|43.4|1.6
860Z200US28097|37.5|5.6|36.2|6.3|39.4|4.9
860Z200US28098|40.3|4.8|41.2|10.0|39.4|4.9
860Z200US28101|41.7|7.0|40.4|6.3|43.4|10.9
860Z200US28102|44.1|33.1|30.5|55.1|44.2|0.5
860Z200US28103|44.4|5.4|42.3|7.0|46.4|6.7
860Z200US28104|41.6|1.2|41.6|1.3|41.6|1.6
860Z200US28105|39.2|1.3|37.6|1.8|41.4|2.6
860Z200US28107|38.6|4.3|37.6|2.5|42.8|7.1
860Z200US28108|-666666666|-222222222|-666666666|-222222222|-666666666|-222222222
860Z200US28109|21.1|1.1|22.8|7.0|20.1|0.7
860Z200US28110|36.9|1.0|35.9|1.5|37.9|1.3
860Z200US28112|41.0|2.2|36.2|3.0|43.9|3.9
860Z200US28114|44.2|4.8|42.5|9.5|44.8|4.0
860Z200US28115|39.0|1.6|37.5|2.0|40.4|2.0
860Z200US28117|44.5|1.5|43.9|2.0|45.1|1.6
860Z200US28119|46.2|3.8|44.9|4.6|48.3|7.8
860Z200US28120|40.4|2.1|39.3|3.1|40.9|1.5
860Z200US28124|41.8|3.4|40.2|5.1|42.8|3.4
860Z200US28125|46.3|5.9|46.7|5.6|44.5|12.0
860Z200US28127|48.6|4.5|48.0|4.6|49.3|5.5
860Z200US28128|42.5|5.5|41.1|3.4|45.9|7.0
860Z200US28129|43.4|3.6|44.1|3.8|42.4|4.9
860Z200US28133|46.3|8.5|39.4|6.1|54.9|7.5
860Z200US28134|34.6|2.6|32.0|3.4|37.5|4.1
860Z200US28135|38.3|4.0|39.4|3.9|35.9|5.1
860Z200US28136|56.3|4.5|56.8|20.8|53.7|4.2
860Z200US28137|39.5|12.3|34.1|15.3|40.3|13.9
860Z200US28138|40.7|3.7|36.0|2.5|47.4|5.9
860Z200US28139|47.6|3.7|46.6|3.1|48.3|4.3
860Z200US28144|38.9|2.5|35.4|2.3|41.7|2.6
860Z200US28146|42.3|3.2|40.8|4.7|44.0|3.7
860Z200US28147|41.0|3.0|38.9|2.5|42.1|2.8
860Z200US28150|45.2|2.4|43.8|2.2|46.5|3.2
860Z200US28152|34.5|2.0|32.1|1.8|37.7|4.1
860Z200US28159|42.7|6.2|44.9|12.2|41.7|5.6
860Z200US28160|46.4|3.7|44.2|4.7|50.6|6.3
860Z200US28163|38.1|2.9|38.0|6.1|38.1|4.8
860Z200US28164|43.4|2.1|41.4|3.5|45.2|4.0
860Z200US28166|39.1|3.2|39.2|3.0|38.7|4.6
860Z200US28167|52.4|14.1|51.7|15.4|52.7|18.6
860Z200US28168|47.0|1.7|46.9|1.9|47.2|2.8
860Z200US28169|58.4|9.6|59.5|16.9|42.9|32.9
860Z200US28170|43.4|3.8|41.2|6.5|44.2|3.1
860Z200US28173|41.2|0.8|40.5|1.3|41.4|0.8
860Z200US28174|29.8|7.6|28.2|10.8|30.3|7.3
860Z200US28202|30.5|0.8|30.9|1.2|29.0|1.8
860Z200US28203|28.7|0.7|29.7|1.5|28.1|1.1
860Z200US28204|31.0|1.0|32.4|1.9|30.0|1.4
860Z200US28205|34.2|0.8|34.2|1.1|34.2|1.0
860Z200US28206|33.1|2.0|32.5|3.2|33.4|2.5
860Z200US28207|46.9|3.9|49.7|5.0|44.8|4.0
860Z200US28208|34.0|1.0|32.1|2.3|35.8|2.9
860Z200US28209|33.7|0.8|33.0|1.2|34.7|1.5
860Z200US28210|36.9|1.1|35.5|1.6|37.8|1.0
860Z200US28211|38.4|2.1|37.9|2.1|39.0|3.2
860Z200US28212|32.3|1.4|31.8|1.3|33.4|1.9
860Z200US28213|32.5|1.6|31.1|2.4|33.3|1.2
860Z200US28214|35.4|1.2|33.8|2.3|37.8|2.6
860Z200US28215|34.9|0.9|33.0|2.1|37.4|2.0
860Z200US28216|34.7|1.1|33.7|1.1|35.8|2.1
860Z200US28217|31.2|1.2|30.7|1.3|31.8|1.5
860Z200US28223|19.4|0.3|19.5|0.3|19.4|0.3
860Z200US28226|40.6|1.3|40.0|1.9|41.0|2.0
860Z200US28227|39.6|1.7|38.0|2.4|41.0|1.4
860Z200US28244|-666666666|-222222222|-666666666|-222222222|-666666666|-222222222
860Z200US28262|29.5|1.0|29.4|1.4|29.6|1.1
860Z200US28269|35.9|0.9|34.6|1.2|36.8|1.0
860Z200US28270|40.0|1.7|38.1|2.1|41.6|1.7
860Z200US28273|33.3|1.5|33.5|1.9|32.9|2.5
860Z200US28274|20.2|0.7|20.4|0.9|20.1|0.7
860Z200US28277|39.8|1.1|39.3|1.2|40.2|1.3
860Z200US28278|36.6|1.1|36.7|1.8|36.5|1.3
860Z200US28280|-666666666|-222222222|-666666666|-222222222|-666666666|-222222222
860Z200US28282|-666666666|-222222222|-666666666|-222222222|-666666666|-222222222
860Z200US28301|34.7|2.3|32.8|2.3|36.5|4.1
860Z200US28303|34.7|1.5|32.6|2.0|37.0|2.8
860Z200US28304|34.6|1.2|31.4|1.3|38.2|1.4
860Z200US28305|43.8|4.3|42.1|2.4|49.4|4.7
860Z200US28306|34.0|1.0|32.1|1.6|35.6|1.9
860Z200US28307|23.7|0.6|24.0|0.6|23.0|0.9
860Z200US28308|22.7|1.6|22.7|1.9|22.6|4.0
860Z200US28310|22.5|0.3|22.6|0.3|21.5|0.4
860Z200US28311|31.8|0.8|30.7|1.4|33.1|1.3
860Z200US28312|43.7|2.4|41.7|2.4|46.3|2.5
860Z200US28314|31.3|0.6|30.3|0.8|32.2|0.9
860Z200US28315|36.7|1.6|36.6|1.0|37.2|4.6
860Z200US28318|44.9|4.9|44.4|3.0|47.4|9.5
860Z200US28320|41.1|2.8|41.0|3.7|41.5|4.0
860Z200US28323|34.0|4.8|32.1|4.3|37.1|4.8
860Z200US28325|29.5|20.3|28.8|21.9|37.5|27.4
860Z200US28326|31.2|1.2|30.1|1.6|32.2|1.1
860Z200US28327|39.7|2.3|38.8|2.7|40.4|2.5
860Z200US28328|37.7|1.0|37.7|1.2|37.5|1.5
860Z200US28330|18.8|0.2|18.6|0.2|-666666666|-222222222
860Z200US28331|60.1|31.0|58.7|11.3|69.8|28.1
860Z200US28332|57.1|19.4|57.8|4.7|48.4|18.6
860Z200US28333|31.6|3.7|28.9|4.0|34.1|4.8
860Z200US28334|42.4|1.5|41.3|2.5|43.2|1.6
860Z200US28337|44.5|6.2|40.7|4.9|49.5|6.8
860Z200US28338|42.8|6.2|47.3|8.5|36.5|10.0
860Z200US28339|44.5|4.2|40.9|8.5|46.0|3.7
860Z200US28340|46.2|3.3|41.2|7.0|48.5|4.3
860Z200US28341|42.2|10.2|42.8|10.9|40.4|11.8
860Z200US28342|19.0|49.2|21.0|89.0|19.0|75.3
860Z200US28343|29.6|4.4|27.5|7.7|31.8|4.0
860Z200US28344|39.9|13.2|36.7|12.0|46.4|11.2
860Z200US28345|37.8|4.2|33.3|5.5|40.8|5.2
860Z200US28347|29.7|2.9|31.5|5.2|29.5|4.4
860Z200US28348|34.4|1.9|31.2|1.2|37.0|1.8
860Z200US28349|43.4|6.9|43.3|10.6|43.5|6.0
860Z200US28350|47.9|0.7|48.1|0.7|24.6|0.4
860Z200US28351|35.7|5.6|34.5|4.4|39.0|7.6
860Z200US28352|38.3|1.0|35.9|1.2|42.7|1.6
860Z200US28355|-666666666|-222222222|-666666666|-222222222|-666666666|-222222222
860Z200US28356|37.9|4.2|36.8|6.3|38.1|4.2
860Z200US28357|36.6|3.4|39.2|5.7|34.3|3.6
860Z200US28358|36.6|1.5|34.1|1.5|38.7|1.2
860Z200US28359|41.2|1.1|41.2|1.1|-666666666|-222222222
860Z200US28360|38.5|1.8|35.8|3.9|39.8|2.9
860Z200US28362|66.9|10.8|63.3|37.3|70.6|8.0
860Z200US28363|41.3|15.9|56.5|16.3|28.8|11.6
860Z200US28364|38.4|3.4|37.0|3.8|39.7|4.0
860Z200US28365|40.5|2.8|37.5|3.1|43.4|3.0
860Z200US28366|42.8|7.0|40.3|3.1|51.1|8.1
860Z200US28367|46.0|53.0|55.2|90.6|39.9|38.0
860Z200US28368|24.8|0.3|24.7|0.3|-666666666|-222222222
860Z200US28369|41.3|7.1|36.2|5.9|45.8|7.8
860Z200US28371|36.4|3.3|36.6|5.2|36.3|3.5
860Z200US28372|28.8|1.6|28.4|2.3|29.3|2.6
860Z200US28373|39.6|6.8|34.5|6.6|47.3|10.2
860Z200US28374|60.7|2.4|57.0|4.7|62.5|1.2
860Z200US28375|46.0|34.7|36.4|34.8|61.8|34.5
860Z200US28376|33.5|0.4|32.7|0.5|34.4|0.8
860Z200US28377|32.7|2.4|30.0|2.8|36.1|3.2
860Z200US28378|-666666666|-222222222|-666666666|-222222222|-666666666|-222222222
860Z200US28379|42.6|1.8|42.0|1.9|43.2|3.2
860Z200US28382|37.6|8.0|32.3|5.6|41.9|2.9
860Z200US28383|39.0|3.9|36.8|4.4|41.1|3.9
860Z200US28384|36.1|3.4|34.2|6.0|36.7|3.4
860Z200US28385|38.9|4.1|38.7|4.5|40.3|6.0
860Z200US28386|31.4|4.2|28.7|4.0|36.5|7.0
860Z200US28387|39.3|1.9|38.1|2.5|41.9|5.0
860Z200US28390|29.9|0.9|29.1|1.0|31.3|1.9
860Z200US28391|37.0|2.9|35.4|2.9|39.8|4.3
860Z200US28392|45.4|18.0|32.6|27.3|47.3|11.0
860Z200US28393|44.4|12.5|46.0|14.3|39.9|13.6
860Z200US28394|38.2|4.4|35.4|3.9|40.7|7.9
860Z200US28395|37.4|4.5|38.4|4.8|36.4|5.8
860Z200US28396|45.5|8.5|52.5|6.5|42.0|7.4
860Z200US28398|37.8|5.7|38.1|7.7|37.4|5.3
860Z200US28399|47.6|4.7|39.4|9.2|50.9|4.4
860Z200US28401|41.7|2.3|37.6|3.5|44.3|3.6
860Z200US28403|28.5|2.1|30.3|1.3|27.4|1.7
860Z200US28405|38.0|2.0|36.9|1.3|40.2|2.7
860Z200US28409|43.2|2.1|41.9|1.7|44.2|2.1
860Z200US28411|42.1|2.1|39.5|3.1|44.9|2.8
860Z200US28412|40.8|1.3|39.1|2.6|42.0|1.9
860Z200US28420|46.3|7.4|47.2|10.6|44.9|8.3
860Z200US28421|48.3|6.3|48.5|8.8|48.0|10.1
860Z200US28422|52.1|3.7|50.1|6.4|53.9|4.1
860Z200US28423|40.6|7.0|37.6|11.5|49.9|8.7
860Z200US28424|55.1|8.2|50.9|8.7|57.4|54.8
860Z200US28425|44.7|2.8|44.9|3.8|44.6|3.5
860Z200US28428|53.2|1.7|53.1|2.7|53.4|2.3
860Z200US28429|43.8|3.5|41.3|6.6|45.6|3.5
860Z200US28430|44.4|6.4|44.4|8.3|43.9|8.1
860Z200US28431|49.4|6.4|49.4|7.6|49.4|10.0
860Z200US28432|38.4|10.6|41.1|13.9|37.4|13.1
860Z200US28433|44.5|5.9|44.5|6.8|44.2|6.8
860Z200US28434|61.2|5.5|59.9|15.7|63.6|5.9
860Z200US28435|44.8|3.7|44.5|9.1|45.0|9.5
860Z200US28436|36.0|4.7|37.2|3.8|31.6|11.4
860Z200US28438|42.3|15.2|52.3|27.9|42.0|15.7
860Z200US28439|44.6|10.8|48.4|8.1|32.7|25.0
860Z200US28441|42.4|4.2|51.1|15.9|39.6|16.9
860Z200US28442|40.6|14.7|49.0|20.4|38.3|16.4
860Z200US28443|40.2|1.6|38.4|2.0|42.9|2.3
860Z200US28444|40.1|6.2|42.2|10.1|38.5|4.7
860Z200US28445|41.2|3.6|42.2|4.4|40.3|4.3
860Z200US28447|55.8|5.4|51.3|5.0|59.6|0.6
860Z200US28448|30.8|18.5|30.4|16.7|32.3|33.1
860Z200US28449|57.2|3.2|59.3|5.5|56.4|2.4
860Z200US28450|45.6|5.0|48.6|5.6|43.8|4.3
860Z200US28451|44.4|1.5|43.0|2.3|45.9|2.5
860Z200US28452|30.3|5.3|33.8|7.3|30.1|17.3
860Z200US28453|29.0|10.5|34.5|7.6|26.7|10.7
860Z200US28454|32.8|2.4|33.2|3.0|32.3|4.6
860Z200US28455|38.9|9.0|38.2|12.6|41.6|12.5
860Z200US28456|47.2|8.2|38.2|4.5|54.3|5.7
860Z200US28457|36.4|1.5|35.6|2.8|41.4|4.9
860Z200US28458|41.1|5.0|35.8|6.7|42.0|6.4
860Z200US28460|32.4|2.8|31.1|1.1|35.4|4.8
860Z200US28461|62.6|0.9|62.2|1.1|63.1|1.2
860Z200US28462|55.4|1.6|54.7|3.4|56.9|2.8
860Z200US28463|44.2|4.9|42.3|5.3|50.4|6.6
860Z200US28464|31.8|12.8|19.9|12.6|37.6|4.2
860Z200US28465|62.0|1.5|62.1|2.0|61.9|1.3
860Z200US28466|45.2|3.1|44.7|3.4|46.1|5.0
860Z200US28467|65.4|1.0|66.7|1.6|64.8|0.9
860Z200US28468|68.0|2.7|65.8|3.1|68.8|2.0
860Z200US28469|61.2|1.9|60.9|2.6|61.3|1.8
860Z200US28470|49.8|3.3|49.0|4.5|50.1|3.3
860Z200US28472|40.9|1.7|39.4|3.2|43.0|4.4
860Z200US28478|44.8|6.3|46.5|5.9|40.8|6.3
860Z200US28479|40.2|5.1|38.9|3.1|42.9|15.3
860Z200US28480|59.6|5.5|60.5|3.3|56.9|7.0
860Z200US28501|42.7|2.4|43.0|3.7|42.6|3.2
860Z200US28504|41.6|2.7|40.0|3.6|45.1|5.6
860Z200US28508|50.0|11.9|50.1|14.7|45.8|10.9
860Z200US28509|-666666666|-222222222|-666666666|-222222222|-666666666|-222222222
860Z200US28510|56.2|5.9|51.9|6.0|58.5|3.6
860Z200US28511|40.3|30.3|33.4|16.2|60.0|16.8
860Z200US28512|60.6|2.3|59.7|4.7|61.0|3.0
860Z200US28513|44.5|3.4|44.4|4.8|44.5|3.8
860Z200US28515|47.0|3.7|42.5|4.1|55.8|6.4
860Z200US28516|55.6|3.2|52.3|3.9|58.3|2.9
860Z200US28518|38.0|6.9|35.8|7.6|40.2|8.1
860Z200US28519|32.0|10.1|39.7|23.7|29.9|4.2
860Z200US28520|58.3|7.2|58.3|5.6|-666666666|-222222222
860Z200US28521|44.9|11.4|44.5|9.7|50.4|19.5
860Z200US28523|36.0|15.2|36.0|14.7|36.0|17.9
860Z200US28524|50.3|19.5|55.9|12.1|37.7|28.0
860Z200US28525|37.0|2.6|36.1|2.4|37.6|10.3
860Z200US28526|55.2|12.6|44.6|7.4|60.2|8.5
860Z200US28527|40.7|2.3|40.5|2.9|40.8|4.0
860Z200US28528|64.3|8.1|64.6|15.6|63.9|7.1
860Z200US28529|51.1|7.2|51.3|5.8|49.8|12.1
860Z200US28530|43.6|5.7|35.9|7.8|47.8|6.4
860Z200US28531|61.5|5.1|57.6|7.9|62.1|3.1
860Z200US28532|30.9|1.3|30.1|2.8|31.7|1.8
860Z200US28533|21.3|0.4|21.3|0.4|21.0|1.8
860Z200US28537|-666666666|-222222222|-666666666|-222222222|-666666666|-222222222
860Z200US28538|42.3|5.7|43.4|4.1|39.1|11.3
860Z200US28539|33.1|3.2|29.6|1.9|34.9|2.3
860Z200US28540|30.2|1.4|27.9|1.9|32.7|2.2
860Z200US28542|20.8|0.5|20.8|0.4|20.2|2.0
860Z200US28543|21.4|0.6|21.4|0.7|21.2|1.3
860Z200US28544|26.6|3.0|23.8|2.5|30.2|2.3
860Z200US28546|29.4|1.1|28.5|1.4|30.4|1.6
860Z200US28547|21.3|0.2|21.2|0.3|22.1|0.7
860Z200US28551|35.9|3.6|32.6|2.5|42.7|5.4
860Z200US28552|66.9|6.4|66.9|8.3|67.0|79.3
860Z200US28553|53.3|23.7|55.2|42.6|53.1|19.9
860Z200US28554|57.3|49.9|-666666666|-222222222|-666666666|-222222222
860Z200US28555|39.6|4.9|34.5|8.3|42.2|2.6
860Z200US28556|56.7|8.0|65.6|10.3|56.1|8.9
860Z200US28557|48.8|1.9|47.3|3.7|50.5|3.1
860Z200US28560|42.8|3.0|40.3|4.8|44.2|2.8
860Z200US28562|46.6|1.9|43.7|2.9|48.8|2.1
860Z200US28570|45.1|1.9|44.1|2.0|46.2|3.2
860Z200US28571|64.2|2.8|63.9|3.4|64.5|2.9
860Z200US28572|36.1|5.9|33.7|6.9|36.9|5.9
860Z200US28573|52.9|7.6|45.7|13.6|57.7|4.6
860Z200US28574|28.3|1.1|26.7|2.7|28.8|1.9
860Z200US28575|48.8|6.4|49.6|6.6|45.5|7.1
860Z200US28577|57.5|7.2|57.4|14.7|57.6|9.6
860Z200US28578|35.5|7.8|35.3|9.1|36.1|12.0
860Z200US28579|62.3|28.0|62.5|36.4|59.8|25.2
860Z200US28580|41.2|1.6|39.1|2.1|45.5|5.1
860Z200US28581|58.3|9.5|58.9|9.7|56.9|9.1
860Z200US28582|46.0|9.1|46.4|11.8|43.8|12.3
860Z200US28584|46.0|1.7|45.8|2.1|46.2|2.6
860Z200US28585|50.7|4.6|49.2|7.8|52.2|2.7
860Z200US28586|36.8|4.1|38.3|5.8|35.4|5.0
860Z200US28587|57.5|15.1|52.3|32.9|59.8|7.2
860Z200US28589|55.5|21.1|-666666666|-222222222|-666666666|-222222222
860Z200US28590|37.0|1.6|35.0|3.7|37.9|2.1
860Z200US28594|60.3|2.0|61.2|2.0|59.6|1.9
860Z200US28601|41.2|1.7|39.7|1.7|42.3|1.9
860Z200US28602|40.1|2.0|40.0|4.3|40.2|1.9
860Z200US28604|45.2|4.6|45.0|5.4|45.3|5.9
860Z200US28605|44.0|5.5|40.5|12.3|45.0|7.5
860Z200US28606|52.3|17.8|52.7|20.1|49.4|25.1
860Z200US28607|23.2|0.7|23.8|1.1|22.9|0.5
860Z200US28609|40.7|7.8|42.4|7.8|38.8|11.6
860Z200US28610|43.8|3.6|44.6|3.8|42.9|5.3
860Z200US28611|53.9|7.4|53.9|6.0|53.8|17.5
860Z200US28612|43.7|3.3|43.3|3.6|44.2|5.6
860Z200US28613|39.7|3.8|39.3|6.8|39.9|3.1
860Z200US28615|48.7|5.9|47.8|4.1|53.1|13.1
860Z200US28616|19.3|4.5|17.2|0.7|54.3|65.0
860Z200US28617|56.3|16.2|40.4|9.8|60.6|7.6
860Z200US28618|39.2|5.9|39.5|6.0|38.8|11.3
860Z200US28619|59.9|7.4|62.3|13.2|57.9|6.8
860Z200US28621|43.9|4.2|41.9|3.4|45.8|5.3
860Z200US28622|46.1|7.2|46.1|8.6|46.4|8.9
860Z200US28623|47.9|8.9|47.1|9.9|49.0|10.2
860Z200US28624|57.7|11.4|58.3|6.4|48.1|33.3
860Z200US28625|42.0|1.5|41.5|2.0|42.7|2.3
860Z200US28626|48.7|7.7|50.6|7.0|47.4|10.6
860Z200US28627|59.0|8.9|58.8|9.3|59.6|17.1
860Z200US28628|50.8|3.3|50.6|2.9|52.5|13.3
860Z200US28629|67.7|31.5|-666666666|-222222222|67.3|39.7
860Z200US28630|47.3|2.5|47.3|3.0|47.5|3.8
860Z200US28631|45.1|15.8|58.4|23.4|35.6|25.4
860Z200US28634|39.7|4.0|37.8|3.1|43.6|5.1
860Z200US28635|56.3|4.6|57.8|6.6|56.1|7.9
860Z200US28636|43.8|5.7|44.0|7.5|43.4|11.0
860Z200US28637|42.3|2.7|36.5|9.7|45.3|4.7
860Z200US28638|38.0|2.4|36.1|3.2|38.9|3.4
860Z200US28640|51.7|5.1|48.9|5.1|55.9|8.5
860Z200US28641|52.2|44.7|-666666666|-222222222|-666666666|-222222222
860Z200US28642|43.2|2.8|40.0|7.6|49.6|4.8
860Z200US28643|46.3|9.3|42.4|5.0|52.8|5.5
860Z200US28644|52.4|8.3|52.8|11.8|52.3|7.8
860Z200US28645|46.4|1.8|45.5|1.8|47.2|1.9
860Z200US28646|59.7|1.3|67.0|11.7|59.4|15.5
860Z200US28649|49.7|18.6|40.6|22.4|57.0|15.0
860Z200US28650|41.0|5.9|37.8|3.3|47.1|5.5
860Z200US28651|46.9|6.3|48.2|5.8|46.2|8.1
860Z200US28652|59.1|12.5|43.7|24.8|-666666666|-222222222
860Z200US28653|-666666666|-222222222|-666666666|-222222222|-666666666|-222222222
860Z200US28654|48.7|5.7|49.9|6.2|47.7|6.7
860Z200US28655|44.3|1.3|41.7|1.7|47.1|1.9
860Z200US28657|51.4|2.2|47.8|2.5|55.5|2.9
860Z200US28658|41.7|3.0|36.9|1.9|45.8|2.8
860Z200US28659|42.8|2.3|41.0|1.6|45.6|3.0
860Z200US28660|30.8|14.0|30.8|14.2|30.0|25.8
860Z200US28662|-666666666|-222222222|-666666666|-222222222|-666666666|-222222222
860Z200US28663|38.6|15.0|44.0|17.2|36.2|15.9
860Z200US28664|76.5|63.3|79.1|82.7|-666666666|-222222222
860Z200US28665|49.1|7.1|49.0|8.1|51.0|11.7
860Z200US28666|27.3|17.0|27.7|15.4|26.7|17.2
860Z200US28667|34.8|17.2|34.8|31.0|34.8|19.1
860Z200US28668|55.8|13.9|-666666666|-222222222|55.6|9.4
860Z200US28669|47.7|6.4|47.1|10.5|51.4|8.3
860Z200US28670|55.2|7.1|54.4|10.6|55.9|6.7
860Z200US28671|61.1|10.1|56.1|20.6|65.1|8.6
860Z200US28672|49.5|4.2|52.4|16.7|49.3|0.5
860Z200US28673|53.8|3.4|53.6|3.5|53.9|4.2
860Z200US28675|53.1|2.9|53.0|4.5|53.9|4.3
860Z200US28676|53.9|4.9|56.8|6.0|52.3|3.2
860Z200US28677|38.7|1.3|36.0|2.1|41.1|1.8
860Z200US28678|43.8|5.4|42.8|5.2|46.4|9.8
860Z200US28679|45.3|12.8|47.0|16.7|44.6|12.3
860Z200US28681|43.9|1.7|43.0|1.7|45.2|1.9
860Z200US28682|55.4|8.7|57.7|4.7|51.3|10.1
860Z200US28683|46.3|18.6|46.4|19.5|44.9|19.3
860Z200US28684|51.0|5.6|45.7|14.4|53.9|7.4
860Z200US28685|35.1|15.1|38.1|11.6|31.7|20.4
860Z200US28689|46.1|1.4|46.8|2.4|45.0|11.1
860Z200US28690|51.2|4.7|48.8|5.0|52.3|4.7
860Z200US28692|44.2|4.5|44.6|8.8|43.9|4.4
860Z200US28693|38.4|17.9|52.2|19.8|31.9|14.1
860Z200US28694|50.6|4.1|52.1|8.7|50.5|3.0
860Z200US28697|43.4|1.4|40.5|6.1|45.3|2.8
860Z200US28698|51.7|5.2|49.7|2.2|56.9|6.0
860Z200US28701|40.7|5.3|38.1|7.8|40.8|10.9
860Z200US28702|32.2|9.1|31.9|5.1|35.8|13.7
860Z200US28704|40.3|2.4|38.1|3.3|42.2|3.1
860Z200US28705|44.5|3.6|42.6|4.1|47.5|5.8
860Z200US28707|51.3|15.2|51.3|17.3|50.0|41.7
860Z200US28708|44.2|12.2|27.9|29.2|45.7|19.5
860Z200US28709|58.2|17.1|55.7|19.3|58.5|21.5
860Z200US28710|-666666666|-222222222|-666666666|-222222222|-666666666|-222222222
860Z200US28711|55.2|3.7|52.5|6.8|58.3|5.2
860Z200US28712|53.7|2.1|50.4|3.3|55.8|2.5
860Z200US28713|47.1|2.4|47.7|3.6|46.0|2.9
860Z200US28714|49.1|1.8|47.3|3.7|50.1|1.9
860Z200US28715|41.6|1.8|43.3|3.0|40.0|2.3
860Z200US28716|43.6|4.5|41.8|3.5|46.8|5.1
860Z200US28717|58.1|13.0|60.1|9.8|53.8|12.7
860Z200US28718|56.1|15.9|56.9|21.4|53.8|15.7
860Z200US28719|36.5|2.8|31.8|4.0|41.1|2.7
860Z200US28720|58.1|23.5|45.9|24.2|58.7|16.3
860Z200US28721|44.3|3.5|45.0|3.7|43.5|4.4
860Z200US28722|55.3|5.1|51.8|3.9|59.9|3.4
860Z200US28723|22.2|0.5|22.6|0.8|21.8|0.6
860Z200US28725|38.8|23.7|38.4|36.8|44.4|21.3
860Z200US28726|33.3|4.4|32.8|6.8|34.9|7.3
860Z200US28729|44.9|10.7|44.7|9.3|46.7|18.9
860Z200US28730|53.5|4.7|53.1|8.7|53.5|4.5
860Z200US28731|54.9|2.8|53.7|3.5|56.4|4.3
860Z200US28732|42.1|2.5|42.2|2.8|42.0|3.3
860Z200US28733|72.6|11.2|72.6|11.1|81.1|41.0
860Z200US28734|48.3|1.2|47.0|2.7|48.8|1.0
860Z200US28735|64.5|13.5|70.7|25.2|60.9|9.2
860Z200US28736|53.5|8.3|48.9|22.0|53.7|7.7
860Z200US28739|55.1|2.6|52.3|3.7|56.2|1.6
860Z200US28740|53.5|8.7|53.2|12.7|53.8|6.8
860Z200US28741|63.0|3.2|60.9|3.5|65.2|3.4
860Z200US28742|47.7|14.1|49.4|15.9|45.3|14.2
860Z200US28743|46.8|7.0|48.4|8.2|46.1|7.2
860Z200US28745|50.5|20.0|57.1|15.4|45.9|23.1
860Z200US28746|61.0|1.9|60.1|3.0|61.5|2.7
860Z200US28747|48.9|9.5|45.6|16.1|50.4|7.2
860Z200US28748|38.6|3.7|38.4|4.7|38.7|4.2
860Z200US28749|-666666666|-222222222|-666666666|-222222222|-666666666|-222222222
860Z200US28751|58.1|3.5|57.9|7.8|58.2|4.7
860Z200US28752|41.7|1.1|40.3|2.4|44.0|1.8
860Z200US28753|44.6|2.8|45.5|4.4|44.1|4.8
860Z200US28754|41.5|2.9|35.2|3.9|47.0|4.2
860Z200US28755|-666666666|-222222222|-666666666|-222222222|-666666666|-222222222
860Z200US28756|38.4|3.9|37.7|4.5|38.9|6.7
860Z200US28757|19.9|0.8|19.9|2.4|19.8|0.9
860Z200US28758|-666666666|-222222222|-666666666|-222222222|-666666666|-222222222
860Z200US28759|46.8|1.9|47.0|4.1|46.6|2.3
860Z200US28761|47.9|4.4|47.8|5.9|48.0|5.5
860Z200US28762|52.4|2.6|50.0|6.2|53.9|6.1
860Z200US28763|42.8|3.9|36.3|14.6|46.6|28.2
860Z200US28766|53.1|14.6|53.9|11.6|46.8|15.2
860Z200US28768|52.5|5.6|52.7|4.9|52.4|10.9
860Z200US28770|-666666666|-222222222|-666666666|-222222222|-666666666|-222222222
860Z200US28771|47.0|1.7|45.4|3.7|49.8|2.9
860Z200US28772|38.1|7.5|34.4|7.4|40.4|3.3
860Z200US28773|55.4|3.8|54.1|6.2|56.3|5.0
860Z200US28774|63.2|5.9|65.2|10.2|63.1|7.0
860Z200US28775|56.9|21.5|52.2|51.3|60.1|6.2
860Z200US28777|46.6|2.4|45.3|2.8|51.0|4.2
860Z200US28778|40.8|2.2|37.4|1.4|43.7|6.2
860Z200US28779|42.4|2.3|39.6|4.2|44.4|3.3
860Z200US28781|59.0|20.5|57.8|22.8|63.9|10.7
860Z200US28782|59.4|1.7|58.1|1.8|60.8|1.8
860Z200US28783|45.6|9.0|39.7|20.0|47.4|8.9
860Z200US28785|48.4|4.2|43.3|5.2|53.1|2.5
860Z200US28786|49.1|2.6|47.8|3.1|51.0|2.7
860Z200US28787|49.8|1.4|49.5|1.3|50.5|3.9
860Z200US28788|46.5|21.1|58.8|22.2|40.5|21.8
860Z200US28789|42.9|5.9|40.5|4.0|54.7|12.8
860Z200US28790|48.3|0.7|48.7|3.7|47.0|3.4
860Z200US28791|51.5|2.8|50.1|2.9|53.3|2.7
860Z200US28792|45.7|1.8|42.8|2.1|48.4|2.6
860Z200US28801|43.1|2.5|43.9|3.1|41.9|4.5
860Z200US28803|41.6|2.7|37.5|3.1|44.9|3.5
860Z200US28804|43.0|2.5|42.1|2.3|45.3|3.7
860Z200US28805|45.0|4.4|41.0|4.3|52.3|3.5
860Z200US28806|39.2|0.9|38.9|1.1|39.7|1.3
860Z200US28901|47.9|2.1|47.9|3.3|47.9|3.5
860Z200US28902|55.1|12.7|55.4|17.6|52.9|17.1
860Z200US28904|56.3|1.9|55.6|2.0|57.3|3.3
860Z200US28905|44.1|9.6|39.7|8.6|48.9|8.9
860Z200US28906|56.5|1.2|56.0|2.2|56.9|1.2
860Z200US28909|39.6|21.9|13.0|57.2|42.6|22.7
860Z200US29001|39.1|6.9|41.1|9.6|36.3|7.3
860Z200US29003|50.5|2.2|43.8|8.1|53.6|2.7
860Z200US29006|40.6|2.8|41.5|4.8|39.9|3.8
860Z200US29009|42.6|15.7|42.4|19.2|44.7|14.3
860Z200US29010|40.6|1.7|37.8|2.8|43.9|2.9
860Z200US29014|40.1|16.2|47.6|9.6|33.9|12.4
860Z200US29015|48.7|3.6|48.3|4.6|51.1|5.3
860Z200US29016|39.6|2.1|41.2|3.9|38.5|2.1
860Z200US29018|38.8|4.1|38.0|3.9|44.3|9.2
860Z200US29020|43.8|2.7|42.0|2.5|45.7|4.1
860Z200US29030|42.2|8.3|39.9|8.7|45.7|11.8
860Z200US29031|40.1|11.0|39.9|17.1|40.1|16.9
860Z200US29032|42.9|7.9|38.0|6.7|47.6|5.5
860Z200US29033|39.5|3.7|35.3|3.7|48.3|5.7
860Z200US29036|44.9|2.0|45.3|2.9|44.6|2.0
860Z200US29037|53.1|16.9|55.8|12.9|33.3|36.8
860Z200US29038|47.2|10.2|47.5|12.6|47.0|16.4
860Z200US29039|56.1|4.8|56.0|8.4|56.3|5.8
860Z200US29040|31.8|2.9|30.8|2.4|34.5|1.9
860Z200US29042|36.7|4.8|34.4|6.2|38.5|4.6
860Z200US29044|34.6|14.5|41.1|15.6|34.2|17.3
860Z200US29045|37.7|2.6|36.8|1.7|39.4|2.2
860Z200US29046|-666666666|-222222222|-666666666|-222222222|-666666666|-222222222
860Z200US29047|53.8|6.2|53.3|6.2|54.5|8.3
860Z200US29048|39.3|5.4|37.0|13.8|39.7|5.4
860Z200US29051|52.5|6.8|42.9|17.6|54.0|17.2
860Z200US29052|45.1|8.3|38.3|22.9|52.4|15.2
860Z200US29053|35.9|2.6|36.8|4.0|35.6|2.4
860Z200US29054|42.6|4.5|41.6|4.7|44.4|6.4
860Z200US29055|42.1|6.5|43.7|7.0|40.2|7.7
860Z200US29056|50.6|8.4|41.9|12.7|56.9|5.3
860Z200US29058|39.3|6.4|35.9|2.4|43.3|3.5
860Z200US29059|45.7|7.3|35.7|6.1|56.5|11.9
860Z200US29061|44.7|4.7|41.5|6.2|50.2|5.4
860Z200US29062|-666666666|-222222222|-666666666|-222222222|-666666666|-222222222
860Z200US29063|40.6|1.8|41.0|2.7|40.4|2.1
860Z200US29065|40.4|10.8|33.7|13.6|41.5|10.9
860Z200US29067|39.8|3.1|39.4|2.3|44.1|9.9
860Z200US29069|39.3|5.0|35.5|5.6|47.2|6.5
860Z200US29070|45.7|4.0|46.3|6.0|45.4|4.1
860Z200US29072|40.1|1.0|39.7|1.0|40.4|1.2
860Z200US29073|36.7|1.4|35.0|1.8|38.4|1.7
860Z200US29074|68.8|7.7|67.3|7.9|71.5|11.5
860Z200US29075|47.9|5.4|49.8|6.3|47.4|7.2
860Z200US29078|40.6|2.6|40.8|3.1|40.4|3.6
860Z200US29079|79.3|6.7|-666666666|-222222222|-666666666|-222222222
860Z200US29080|48.1|13.6|47.8|11.3|51.1|20.4
860Z200US29081|60.9|2.7|62.8|4.7|57.3|10.0
860Z200US29082|54.4|9.6|49.8|7.1|62.9|6.1
860Z200US29101|44.4|5.1|46.2|5.7|41.0|9.0
860Z200US29102|50.1|1.9|47.1|3.1|51.2|2.1
860Z200US29104|36.9|4.4|36.9|5.1|36.8|5.9
860Z200US29105|31.7|16.4|47.3|12.9|31.1|3.3
860Z200US29107|42.9|5.9|43.3|6.0|42.4|10.4
860Z200US29108|35.9|1.8|34.9|3.1|36.9|2.4
860Z200US29111|41.6|4.5|32.5|15.3|46.6|9.1
860Z200US29112|42.3|5.4|40.2|7.8|43.0|5.8
860Z200US29113|41.2|17.1|36.8|23.8|41.5|18.7
860Z200US29114|37.9|8.1|37.3|9.9|40.3|10.1
860Z200US29115|36.7|2.9|35.5|2.9|38.0|3.5
860Z200US29117|19.5|0.5|19.5|0.4|19.6|0.9
860Z200US29118|41.9|4.1|38.8|6.0|42.9|3.8
860Z200US29122|33.8|39.3|34.8|50.1|32.1|16.1
860Z200US29123|37.8|4.2|38.3|3.7|36.7|5.3
860Z200US29125|39.3|6.8|28.1|11.7|41.3|6.5
860Z200US29126|43.8|4.6|42.3|6.7|47.9|10.0
860Z200US29127|49.3|4.3|49.5|5.4|48.9|5.0
860Z200US29128|46.0|5.5|44.6|3.8|52.4|6.3
860Z200US29129|43.9|8.1|43.9|14.9|43.9|6.0
860Z200US29130|59.3|2.1|59.7|4.7|59.1|1.9
860Z200US29133|37.7|4.5|37.0|10.0|38.4|18.6
860Z200US29135|45.5|3.3|43.1|6.2|46.7|5.6
860Z200US29137|46.4|8.3|53.9|7.2|44.2|6.6
860Z200US29138|38.3|1.0|38.2|3.0|39.0|2.3
860Z200US29142|42.0|6.3|43.7|8.5|41.6|9.5
860Z200US29145|46.7|8.3|45.8|8.1|47.9|15.3
860Z200US29146|46.7|6.6|47.6|7.6|46.5|11.6
860Z200US29148|50.5|5.1|47.7|7.1|52.4|5.5
860Z200US29150|38.8|2.0|34.4|3.3|40.7|2.8
860Z200US29152|23.2|0.7|22.8|1.4|23.7|0.9
860Z200US29153|40.8|5.1|38.6|2.5|44.6|6.1
860Z200US29154|37.4|4.3|33.6|2.3|39.6|1.9
860Z200US29160|45.3|4.9|45.7|5.8|45.1|5.1
860Z200US29161|44.3|4.8|43.3|3.2|48.0|5.5
860Z200US29162|37.5|2.4|36.0|2.8|38.5|1.6
860Z200US29163|45.2|14.1|33.3|21.1|53.6|7.9
860Z200US29164|34.5|8.5|42.5|9.2|32.2|9.1
860Z200US29166|50.4|14.6|51.2|5.1|42.1|16.0
860Z200US29168|35.6|11.2|42.9|13.9|34.8|0.4
860Z200US29169|38.9|2.1|37.5|2.5|41.1|3.9
860Z200US29170|38.2|1.4|37.9|2.9|38.5|2.6
860Z200US29172|39.5|2.1|38.5|3.1|42.9|4.1
860Z200US29175|49.5|6.9|49.4|3.5|50.0|31.4
860Z200US29177|81.5|7.4|76.2|20.1|88.1|5.3
860Z200US29178|44.7|4.6|44.3|2.9|45.7|8.8
860Z200US29180|44.9|1.9|40.9|2.8|47.1|3.5
860Z200US29201|22.5|0.3|22.6|0.4|22.4|0.5
860Z200US29203|34.6|2.2|31.1|2.4|36.2|2.1
860Z200US29204|35.3|3.4|31.5|3.0|40.1|4.8
860Z200US29205|31.9|1.4|32.0|2.0|31.9|2.3
860Z200US29206|37.6|1.7|37.0|2.4|38.3|2.5
860Z200US29207|21.2|0.5|21.6|0.4|20.6|0.6
860Z200US29208|18.9|0.2|18.9|0.2|18.9|0.2
860Z200US29209|33.9|1.7|31.4|1.9|36.2|3.3
860Z200US29210|34.8|1.6|34.6|2.2|35.1|2.0
860Z200US29212|44.8|3.0|46.1|4.0|44.4|3.2
860Z200US29223|37.7|1.6|34.9|2.8|39.9|3.0
860Z200US29225|18.8|0.3|18.9|0.6|18.8|0.2
860Z200US29229|35.2|2.2|31.8|2.3|37.9|1.8
860Z200US29301|38.3|2.1|35.4|3.4|40.6|2.8
860Z200US29302|40.6|2.8|39.2|3.5|42.2|2.6
860Z200US29303|30.9|1.9|33.7|2.3|28.7|1.8
860Z200US29306|32.3|1.7|28.6|2.4|35.6|2.3
860Z200US29307|41.1|3.6|40.0|3.3|43.4|7.6
860Z200US29316|33.9|1.5|33.6|3.0|34.1|1.7
860Z200US29320|34.7|5.3|34.7|11.4|34.8|15.0
860Z200US29321|41.7|4.9|38.5|13.4|41.9|4.9
860Z200US29322|44.2|5.3|42.5|4.5|48.2|6.8
860Z200US29323|38.6|2.6|36.3|2.6|39.8|2.9
860Z200US29324|53.3|12.4|-666666666|-222222222|-666666666|-222222222
860Z200US29325|37.9|3.2|39.3|3.9|37.2|3.7
860Z200US29329|31.5|54.2|10.7|43.7|62.6|11.8
860Z200US29330|45.3|3.5|45.2|5.7|46.1|5.3
860Z200US29331|74.0|12.4|73.8|14.2|-666666666|-222222222
860Z200US29332|54.8|5.8|51.4|23.4|57.2|2.0
860Z200US29333|25.5|1.9|-666666666|-222222222|24.4|4.1
860Z200US29334|36.2|2.0|34.6|2.7|37.1|1.7
860Z200US29335|45.1|8.0|42.0|3.9|52.1|9.3
860Z200US29338|-666666666|-222222222|-666666666|-222222222|-666666666|-222222222
860Z200US29340|41.4|2.1|40.0|1.9|43.7|2.9
860Z200US29341|37.5|3.8|34.5|1.7|39.3|2.7
860Z200US29346|35.8|13.3|34.5|10.1|40.0|24.9
860Z200US29349|40.6|2.4|36.6|4.2|42.5|1.1
860Z200US29351|42.8|7.0|28.4|10.2|46.0|18.7
860Z200US29353|50.1|8.4|48.8|7.3|50.3|11.1
860Z200US29355|52.7|5.1|50.2|13.9|56.3|8.1
860Z200US29356|53.4|4.4|53.3|5.9|53.7|4.8
860Z200US29360|41.3|2.2|40.2|2.2|41.9|2.5
860Z200US29364|54.6|20.0|54.1|26.2|54.9|20.8
860Z200US29365|33.8|1.6|34.4|4.0|33.5|1.8
860Z200US29368|23.1|34.1|23.8|41.2|20.3|29.3
860Z200US29369|42.0|2.3|42.3|2.1|41.5|3.1
860Z200US29370|51.7|16.8|31.0|51.8|54.6|12.5
860Z200US29372|48.3|6.7|48.0|5.2|49.1|10.6
860Z200US29373|33.8|14.1|33.4|12.9|39.5|29.3
860Z200US29374|48.6|6.3|44.7|11.2|52.1|7.3
860Z200US29375|52.0|7.8|51.9|15.5|52.8|37.0
860Z200US29376|39.8|4.6|40.1|7.4|39.6|4.1
860Z200US29377|34.6|15.7|35.6|17.5|33.0|44.9
860Z200US29378|42.4|30.4|45.6|26.6|25.9|46.9
860Z200US29379|44.7|2.7|41.4|3.0|47.1|2.3
860Z200US29384|52.9|5.7|53.1|11.0|52.8|6.1
860Z200US29385|35.9|3.7|39.0|8.7|34.9|3.2
860Z200US29388|42.6|3.9|42.1|5.8|44.1|4.1
860Z200US29401|44.0|9.7|45.5|7.3|38.6|13.1
860Z200US29403|30.0|1.6|31.6|1.4|28.5|1.1
860Z200US29404|21.2|0.7|21.4|0.7|20.8|1.6
860Z200US29405|40.2|2.0|39.9|2.2|40.5|3.3
860Z200US29406|32.9|2.3|32.4|2.8|33.4|3.3
860Z200US29407|38.0|1.0|36.7|2.4|39.0|2.1
860Z200US29409|20.0|0.7|20.0|0.7|20.1|1.0
860Z200US29410|36.7|1.4|36.5|1.6|37.3|2.8
860Z200US29412|40.7|1.3|40.2|1.3|41.2|1.7
860Z200US29414|38.1|1.6|37.2|1.6|38.9|2.6
860Z200US29418|38.0|4.8|37.2|5.0|40.7|7.0
860Z200US29420|34.7|2.5|34.5|3.1|35.2|3.9
860Z200US29424|19.4|0.3|19.6|0.6|19.3|0.3
860Z200US29425|-666666666|-222222222|-666666666|-222222222|-666666666|-222222222
860Z200US29426|46.8|8.4|45.6|23.0|46.9|9.7
860Z200US29429|49.8|8.2|43.8|11.5|53.8|6.7
860Z200US29431|44.5|6.2|48.3|9.6|42.6|6.2
860Z200US29432|47.8|6.9|52.0|15.7|47.3|3.0
860Z200US29434|31.8|35.7|55.7|26.6|18.1|11.4
860Z200US29435|40.7|4.4|41.7|2.1|37.9|8.5
860Z200US29436|54.1|7.5|51.2|14.4|56.8|10.7
860Z200US29437|42.6|5.5|44.5|4.3|40.2|6.8
860Z200US29438|62.4|2.3|62.2|3.7|62.5|2.3
860Z200US29439|59.7|8.1|55.8|9.5|62.1|6.0
860Z200US29440|46.2|2.2|43.4|2.3|48.0|2.9
860Z200US29445|36.0|1.2|33.6|1.4|38.3|1.9
860Z200US29446|47.1|20.8|39.4|33.2|56.4|20.4
860Z200US29448|48.1|7.9|33.0|14.0|52.4|4.7
860Z200US29449|52.6|3.3|52.2|2.8|53.4|6.8
860Z200US29450|47.3|8.7|43.6|9.1|48.2|14.1
860Z200US29451|54.6|3.7|54.7|3.0|54.0|6.0
860Z200US29452|53.4|12.4|53.0|63.6|58.4|13.4
860Z200US29453|39.4|13.8|51.6|29.6|39.2|3.2
860Z200US29455|49.8|3.4|44.8|5.6|51.7|4.4
860Z200US29456|31.9|1.3|30.9|1.2|33.1|2.7
860Z200US29458|51.9|11.0|52.5|10.7|51.3|13.6
860Z200US29461|37.0|1.1|36.8|1.4|37.1|1.2
860Z200US29464|41.8|1.4|39.0|2.3|44.2|1.7
860Z200US29466|44.2|1.3|44.8|1.6|43.8|1.7
860Z200US29468|47.2|5.2|48.1|5.0|44.0|11.8
860Z200US29469|64.3|6.0|64.3|5.7|64.2|14.1
860Z200US29470|41.7|4.1|42.9|6.5|36.9|8.1
860Z200US29471|41.2|13.4|31.3|13.0|46.5|20.9
860Z200US29472|39.7|1.9|39.3|2.7|40.0|2.6
860Z200US29474|55.8|8.1|54.8|4.0|61.0|9.3
860Z200US29475|43.9|14.3|39.7|4.8|58.5|10.0
860Z200US29477|45.3|5.8|45.3|6.5|45.2|7.5
860Z200US29479|41.0|6.2|33.1|14.9|42.9|7.2
860Z200US29481|37.2|13.6|31.8|7.0|44.2|8.8
860Z200US29482|52.5|2.5|49.2|4.3|57.3|8.2
860Z200US29483|37.4|1.0|37.6|1.1|37.2|1.6
860Z200US29485|38.1|1.1|36.6|2.1|39.3|1.7
860Z200US29486|35.6|1.4|34.1|1.9|37.2|1.8
860Z200US29487|50.2|10.7|39.9|14.3|53.3|7.2
860Z200US29488|38.8|2.5|37.5|3.5|39.4|2.2
860Z200US29492|39.3|2.6|35.9|4.0|42.2|2.5
860Z200US29493|50.4|6.0|48.0|19.5|50.6|7.9
860Z200US29501|38.0|1.5|36.6|1.8|39.4|1.6
860Z200US29505|41.1|2.3|38.6|3.5|43.2|3.7
860Z200US29506|36.4|2.9|37.2|4.9|35.0|3.7
860Z200US29510|40.8|3.4|39.0|6.2|41.4|3.2
860Z200US29511|41.2|5.1|44.1|8.4|39.5|3.7
860Z200US29512|42.6|1.5|40.9|1.2|45.5|3.8
860Z200US29516|28.8|9.1|28.8|9.2|28.9|21.1
860Z200US29518|35.6|12.7|21.8|16.3|51.1|23.6
860Z200US29519|69.4|37.5|36.7|42.0|95.3|35.6
860Z200US29520|45.4|1.9|42.4|3.0|47.3|2.8
860Z200US29525|45.3|8.7|41.9|14.0|45.5|9.6
860Z200US29526|41.3|1.3|40.2|2.6|42.0|2.2
860Z200US29527|43.5|2.7|41.9|3.6|44.4|3.3
860Z200US29530|38.0|5.6|35.4|9.7|38.6|11.3
860Z200US29532|41.6|2.0|39.7|3.8|43.3|2.7
860Z200US29536|37.7|3.7|34.5|2.8|42.0|2.0
860Z200US29540|41.9|8.5|41.4|6.7|44.7|8.7
860Z200US29541|40.2|3.0|37.4|3.5|44.9|5.2
860Z200US29543|65.5|3.7|66.6|3.5|55.5|20.1
860Z200US29544|40.0|3.4|40.5|3.6|39.1|5.0
860Z200US29545|37.8|17.9|50.3|21.3|37.0|17.2
860Z200US29546|45.1|6.3|53.4|12.5|39.7|3.9
860Z200US29547|40.2|6.5|40.3|7.6|40.2|7.7
860Z200US29550|40.8|2.0|39.1|3.8|42.1|2.1
860Z200US29554|42.7|5.9|37.7|6.8|45.9|7.0
860Z200US29555|32.6|7.2|22.7|11.9|35.5|3.3
860Z200US29556|42.6|3.5|40.5|3.2|45.4|4.4
860Z200US29560|44.0|2.8|43.9|3.3|44.3|5.1
860Z200US29563|50.8|5.2|45.4|14.0|57.2|10.4
860Z200US29564|49.7|7.8|41.5|18.9|58.1|10.3
860Z200US29565|33.3|5.5|31.9|7.5|34.9|7.7
860Z200US29566|59.4|1.7|57.1|4.1|60.8|2.5
860Z200US29567|45.8|5.9|42.1|11.4|68.0|7.8
860Z200US29568|53.0|4.8|53.9|4.7|50.7|8.3
860Z200US29569|44.3|4.0|41.6|4.9|47.6|3.9
860Z200US29570|33.8|4.6|34.2|9.8|33.6|5.1
860Z200US29571|41.9|2.5|35.8|3.5|47.1|4.7
860Z200US29572|59.8|1.9|57.1|3.6|61.0|1.4
860Z200US29574|42.7|6.1|39.7|4.4|44.7|4.6
860Z200US29575|55.5|1.6|53.9|3.1|56.9|3.1
860Z200US29576|62.7|0.9|62.9|1.3|62.5|0.9
860Z200US29577|44.9|2.8|42.1|3.3|46.3|3.4
860Z200US29579|42.2|2.3|40.2|2.4|43.5|2.0
860Z200US29580|38.6|15.6|30.6|36.4|38.7|10.6
860Z200US29581|39.2|6.5|39.1|7.3|39.8|9.2
860Z200US29582|61.4|1.6|61.5|2.2|61.3|1.6
860Z200US29583|40.6|2.9|39.5|7.3|43.4|6.4
860Z200US29584|45.0|10.2|41.3|9.4|46.8|8.4
860Z200US29585|61.7|2.0|61.2|2.4|62.2|2.0
860Z200US29588|45.7|1.7|45.0|2.1|46.3|3.1
860Z200US29589|-666666666|-222222222|-666666666|-222222222|-666666666|-222222222
860Z200US29590|41.6|2.4|39.5|2.3|45.8|3.2
860Z200US29591|40.8|7.6|35.3|4.9|45.0|3.6
860Z200US29592|51.2|11.4|62.1|8.4|45.1|9.1
860Z200US29593|39.9|4.6|37.8|12.8|40.5|4.7
860Z200US29594|36.5|20.1|15.9|39.9|39.9|13.8
860Z200US29596|45.9|8.4|32.7|12.8|53.6|10.2
860Z200US29601|40.8|2.3|40.0|2.6|41.7|3.6
860Z200US29605|35.6|1.8|35.1|3.3|36.0|2.4
860Z200US29607|34.4|1.2|33.2|1.3|35.3|1.4
860Z200US29609|37.8|1.8|38.3|2.9|37.5|1.6
860Z200US29611|34.8|1.8|31.7|2.2|37.2|2.1
860Z200US29613|19.9|0.2|19.9|0.4|19.9|0.3
860Z200US29614|20.2|0.4|20.0|0.7|20.3|0.4
860Z200US29615|39.5|1.7|38.4|1.9|40.8|2.1
860Z200US29617|40.6|2.9|39.0|2.9|43.5|3.3
860Z200US29620|45.2|2.9|43.3|2.2|48.2|4.2
860Z200US29621|39.6|1.3|39.1|1.8|40.0|2.2
860Z200US29624|38.9|3.0|37.4|3.8|40.7|4.8
860Z200US29625|43.1|3.2|40.5|5.5|45.5|4.1
860Z200US29626|43.2|2.7|42.2|4.6|44.2|4.6
860Z200US29627|43.0|2.6|43.7|2.8|41.5|2.1
860Z200US29628|50.1|7.0|50.9|11.1|48.0|8.0
860Z200US29630|30.0|2.0|30.1|3.6|29.9|2.1
860Z200US29631|23.0|1.0|22.4|0.7|24.3|1.6
860Z200US29634|19.1|0.2|19.3|0.3|19.0|0.2
860Z200US29635|44.5|9.0|45.5|8.7|39.6|11.9
860Z200US29638|45.4|5.8|45.7|3.7|42.7|10.7
860Z200US29639|22.7|2.0|22.4|2.5|22.8|15.0
860Z200US29640|40.1|1.7|39.3|2.0|40.8|2.7
860Z200US29642|40.8|1.7|38.1|3.1|42.6|2.1
860Z200US29643|48.0|18.6|47.0|19.1|51.0|28.0
860Z200US29644|36.7|1.6|36.3|1.9|37.8|3.7
860Z200US29645|45.3|2.6|44.7|4.8|45.4|1.8
860Z200US29646|39.9|1.2|39.2|4.4|40.6|2.0
860Z200US29649|37.8|2.0|37.2|2.3|38.3|2.7
860Z200US29650|39.0|1.4|38.6|1.9|39.4|1.5
860Z200US29651|40.3|1.2|36.9|1.6|42.4|1.5
860Z200US29653|47.2|5.9|39.5|8.7|50.8|8.1
860Z200US29654|42.1|5.0|40.8|5.9|43.3|6.8
860Z200US29655|45.2|4.7|46.6|4.5|42.8|7.7
860Z200US29657|37.9|4.1|39.0|3.7|37.2|5.4
860Z200US29658|49.2|31.2|50.3|27.7|49.0|40.0
860Z200US29659|47.3|11.7|49.5|9.9|42.7|17.1
860Z200US29661|54.1|3.8|54.2|6.6|54.0|3.6
860Z200US29662|42.2|2.8|37.0|5.3|43.6|2.2
860Z200US29664|53.4|9.8|61.3|11.4|51.6|8.8
860Z200US29665|65.9|14.0|65.6|16.3|70.3|19.6
860Z200US29666|45.4|4.7|45.2|5.7|46.7|6.5
860Z200US29667|48.5|11.6|47.6|17.9|48.8|13.5
860Z200US29669|41.1|3.5|43.2|1.9|38.1|5.3
860Z200US29670|39.9|5.8|43.1|5.5|36.8|4.9
860Z200US29671|42.9|3.1|39.6|4.0|45.8|2.9
860Z200US29672|55.9|2.5|53.5|3.4|58.1|2.6
860Z200US29673|42.2|1.7|40.7|2.8|43.7|2.3
860Z200US29676|64.3|1.7|61.7|6.1|67.0|1.9
860Z200US29678|38.4|1.5|38.2|3.7|38.4|1.1
860Z200US29680|36.6|0.8|36.3|0.9|36.9|1.4
860Z200US29681|39.1|1.3|37.9|1.5|40.0|1.6
860Z200US29682|48.4|5.7|46.4|4.1|52.9|7.4
860Z200US29683|19.1|33.6|17.8|33.5|30.6|22.0
860Z200US29684|39.4|4.6|30.7|4.6|47.3|6.1
860Z200US29685|57.8|6.2|58.2|6.4|57.5|7.2
860Z200US29686|54.2|11.7|48.3|13.6|58.7|12.9
860Z200US29687|39.0|1.3|37.1|2.7|40.7|1.7
860Z200US29689|52.0|6.8|54.6|10.7|50.5|5.7
860Z200US29690|40.5|1.9|38.9|2.3|42.2|2.6
860Z200US29691|44.6|3.3|38.9|6.8|46.8|3.8
860Z200US29692|36.0|7.8|36.1|5.1|35.9|12.5
860Z200US29693|48.1|5.1|46.6|5.3|48.5|5.2
860Z200US29696|42.2|4.1|39.4|5.5|43.4|6.5
860Z200US29697|40.1|2.7|39.8|2.3|40.9|5.1
860Z200US29702|41.7|3.7|43.7|4.1|40.9|5.3
860Z200US29704|50.0|11.7|50.6|12.8|47.1|9.9
860Z200US29706|42.9|1.0|40.2|3.6|44.6|3.6
860Z200US29707|43.0|2.3|41.6|2.7|44.4|2.7
860Z200US29708|39.7|1.1|39.5|1.2|40.1|1.4
860Z200US29709|45.2|3.6|44.4|5.6|45.7|4.2
860Z200US29710|40.3|1.0|40.0|1.5|40.5|1.1
860Z200US29712|45.9|1.8|45.6|6.5|46.2|5.1
860Z200US29714|34.1|4.7|22.1|11.5|38.0|9.1
860Z200US29715|38.3|0.9|38.9|1.3|37.9|1.5
860Z200US29717|43.2|14.0|43.4|15.5|43.1|15.8
860Z200US29718|40.8|4.7|42.4|4.4|40.1|7.2
860Z200US29720|42.0|1.9|40.5|1.0|44.0|1.7
860Z200US29724|-666666666|-222222222|-666666666|-222222222|-666666666|-222222222
860Z200US29726|41.3|4.4|41.0|6.1|42.0|4.9
860Z200US29727|37.9|13.8|44.5|15.6|35.7|12.6
860Z200US29728|40.0|2.5|43.9|5.4|38.8|4.1
860Z200US29729|40.4|7.2|40.4|12.0|39.8|9.1
860Z200US29730|36.9|1.9|35.2|1.1|38.8|2.2
860Z200US29732|41.2|0.9|40.0|2.0|42.4|1.8
860Z200US29733|19.4|0.2|19.8|0.6|19.4|0.3
860Z200US29741|37.0|11.1|27.7|11.7|50.9|9.4
860Z200US29742|57.9|8.1|57.6|8.9|59.1|10.5
860Z200US29743|31.6|16.4|30.2|10.1|37.2|17.9
860Z200US29745|42.6|1.1|41.2|2.4|43.4|1.4
860Z200US29801|40.9|1.8|36.6|2.7|43.1|3.0
860Z200US29803|48.4|1.9|48.4|1.9|48.4|2.9
860Z200US29805|47.4|4.0|43.4|5.6|49.9|5.5
860Z200US29809|38.1|5.4|37.7|7.6|38.6|5.1
860Z200US29810|40.9|8.0|40.6|12.3|45.1|11.8
860Z200US29812|38.7|2.9|36.8|3.2|39.9|3.4
860Z200US29816|35.6|18.6|36.1|9.2|28.8|40.4
860Z200US29817|41.9|6.6|39.8|8.5|43.3|9.0
860Z200US29819|50.4|8.9|45.9|8.8|54.1|7.6
860Z200US29821|39.5|13.2|33.5|13.3|41.4|10.8
860Z200US29824|41.0|2.1|40.8|1.7|42.3|6.7
860Z200US29826|38.3|24.7|24.9|30.8|45.5|31.8
860Z200US29827|45.2|3.2|41.2|1.9|56.3|4.5
860Z200US29828|47.0|11.8|48.4|25.6|45.9|17.5
860Z200US29829|31.8|2.9|31.0|3.6|32.4|3.3
860Z200US29831|38.2|8.3|38.8|8.7|35.9|11.2
860Z200US29832|44.7|5.2|44.0|9.2|45.3|5.3
860Z200US29834|55.1|17.7|55.7|3.9|48.3|35.1
860Z200US29835|62.8|1.0|62.5|1.3|63.1|1.2
860Z200US29836|56.7|3.7|57.0|15.8|56.7|8.9
860Z200US29838|42.9|12.1|36.4|7.6|59.7|8.8
860Z200US29840|68.3|27.4|69.2|10.6|55.4|30.7
860Z200US29841|41.5|1.7|38.8|2.6|44.0|2.3
860Z200US29842|38.3|4.0|33.7|4.8|41.9|3.7
860Z200US29843|41.8|7.2|41.6|8.6|44.7|23.5
860Z200US29844|65.3|15.5|60.5|11.9|66.1|14.7
860Z200US29845|60.0|5.8|58.6|8.2|60.3|6.2
860Z200US29847|36.4|2.4|32.8|1.4|44.6|3.4
860Z200US29848|47.4|11.4|38.6|14.6|50.8|10.4
860Z200US29849|45.6|19.1|45.5|17.4|46.2|39.8
860Z200US29851|37.7|4.7|35.4|5.5|40.6|6.4
860Z200US29853|40.7|2.9|36.6|9.8|42.1|3.3
860Z200US29856|38.2|12.6|34.3|5.6|46.1|15.9
860Z200US29860|46.3|3.7|44.2|4.4|47.6|3.0
860Z200US29899|41.4|2.3|41.4|2.3|-666666666|-222222222
860Z200US29902|31.8|2.5|29.2|2.6|34.2|4.1
860Z200US29904|21.5|0.3|21.5|0.3|20.0|1.6
860Z200US29905|21.0|0.5|21.2|0.5|19.8|1.5
860Z200US29906|30.4|2.3|28.5|2.5|31.8|2.5
860Z200US29907|42.2|2.4|40.5|2.6|43.8|2.9
860Z200US29909|69.0|1.1|69.7|1.0|68.4|1.0
860Z200US29910|43.4|1.1|41.9|2.5|44.5|2.0
860Z200US29911|40.7|8.3|39.2|14.3|42.4|8.6
860Z200US29912|-666666666|-222222222|-666666666|-222222222|-666666666|-222222222
860Z200US29915|59.5|3.3|57.9|3.7|60.6|3.2
860Z200US29916|38.3|23.6|50.0|31.1|36.0|23.0
860Z200US29918|43.8|5.4|39.8|2.0|48.8|5.3
860Z200US29920|51.1|3.8|48.8|6.5|54.6|6.7
860Z200US29921|30.1|4.8|30.5|6.0|28.6|11.1
860Z200US29922|55.3|28.2|70.0|13.5|31.9|19.7
860Z200US29923|32.3|16.8|30.3|11.9|59.5|12.3
860Z200US29924|39.7|6.5|36.9|7.0|42.6|8.0
860Z200US29926|57.9|1.8|55.9|2.9|59.2|2.7
860Z200US29927|49.2|4.9|44.1|5.3|53.8|2.1
860Z200US29928|63.2|1.7|63.0|1.9|63.6|2.1
860Z200US29929|36.4|9.1|29.9|7.0|42.2|5.7
860Z200US29932|31.9|10.8|31.3|10.1|40.4|11.1
860Z200US29934|39.5|10.7|35.0|23.7|42.3|11.0
860Z200US29935|38.8|11.6|40.2|12.0|34.9|16.4
860Z200US29936|38.1|2.3|36.2|1.7|38.7|1.9
860Z200US29939|53.0|9.2|51.7|6.8|53.4|17.3
860Z200US29940|56.8|5.3|48.7|10.9|58.3|2.8
860Z200US29941|70.9|1.2|71.8|2.3|69.8|2.5
860Z200US29943|41.7|48.5|41.9|60.1|-666666666|-222222222
860Z200US29944|40.9|5.6|40.6|6.7|41.0|6.7
860Z200US29945|47.6|6.4|45.3|6.5|49.7|9.3
