GEO_ID|B28002_E001|B28002_M001|B28002_E002|B28002_M002|B28002_E003|B28002_M003|B28002_E004|B28002_M004|B28002_E005|B28002_M005|B28002_E006|B28002_M006|B28002_E007|B28002_M007|B28002_E008|B28002_M008|B28002_E009|B28002_M009|B28002_E010|B28002_M010|B28002_E011|B28002_M011|B28002_E012|B28002_M012|B28002_E013|B28002_M013
0500000US37001|70062|653|63205|913|16|16|63189|917|59529|991|7681|661|53465|1064|3403|549|3781|521|162|73|7|8|1442|258|5415|607
0500000US37003|14126|362|12034|440|11|14|12023|440|11253|451|1853|349|9208|537|641|218|935|194|88|52|13|21|353|175|1739|283
0500000US37005|5177|285|4181|283|11|19|4170|280|3706|271|349|118|3688|275|395|128|265|106|10|15|8|14|89|54|907|232
0500000US37007|8548|366|7348|404|52|41|7296|402|6807|424|1157|233|5685|398|427|128|678|186|13|21|36|50|181|112|1019|240
0500000US37009|12201|470|10436|480|37|33|10399|477|9641|479|688|175|9564|454|700|203|511|179|15|27|10|15|169|100|1596|278
0500000US37011|6791|375|5811|386|27|27|5784|384|5276|388|904|230|4298|335|362|156|798|184|115|62|10|12|108|64|872|193
0500000US37013|19385|464|16960|552|6|10|16954|552|16066|547|1594|271|14370|638|762|190|921|197|52|46|8|13|157|80|2268|360
0500000US37015|7143|318|5186|327|71|75|5115|332|4626|331|686|191|3804|307|372|128|641|163|63|64|32|30|201|118|1756|337
0500000US37017|11824|364|10117|432|52|44|10065|438|9174|487|2006|343|7695|483|833|243|789|200|20|26|0|25|234|124|1473|335
0500000US37019|69124|1093|64575|1240|112|83|64463|1229|59894|1302|6052|707|57197|1277|4250|571|2848|327|129|65|68|65|1248|395|3301|536
0500000US37021|101855|2041|92144|2146|195|85|91949|2131|86855|2068|11510|917|77306|1959|4589|556|4668|591|244|120|75|65|1762|532|7949|961
0500000US37023|36306|496|30811|708|47|43|30764|709|28220|717|4602|567|24597|839|2223|397|2445|411|120|67|30|25|813|287|4682|567
0500000US37025|84246|966|78351|1194|38|36|78313|1195|71500|1428|8505|963|66834|1461|5144|727|5064|759|1054|439|26|29|1472|524|4423|674
0500000US37027|32919|534|28438|661|3|6|28435|661|25906|784|4946|679|21898|840|2187|405|1986|400|250|149|47|55|557|183|3924|533
0500000US37029|4011|139|3736|180|0|21|3736|180|3501|215|326|140|2924|263|94|64|650|204|93|60|0|21|50|39|225|119
0500000US37031|31977|549|29910|507|42|29|29868|501|28181|497|3069|391|26010|529|1495|243|1755|306|86|36|19|24|748|236|1319|242
0500000US37033|8830|297|7381|347|25|30|7356|348|6496|349|1146|257|5285|340|610|165|1167|267|186|94|8|14|168|108|1281|242
0500000US37035|66227|707|58672|1010|60|51|58612|1009|55314|958|7413|670|49510|1147|2775|428|2970|361|172|118|84|69|1596|375|5959|733
0500000US37037|33004|461|29435|637|34|28|29401|636|27616|672|3317|534|23688|760|1468|289|2781|388|144|68|84|84|1347|296|2222|462
0500000US37039|13241|406|11142|460|74|73|11068|447|9914|479|1192|229|8312|493|712|149|1832|291|356|150|0|25|295|100|1804|359
0500000US37041|6134|271|5472|299|20|24|5452|299|5045|286|1016|259|4088|322|292|158|419|144|104|103|0|21|165|94|497|181
0500000US37043|5081|321|4254|342|21|26|4233|340|3819|340|399|165|3200|317|295|121|681|196|89|63|19|27|52|50|775|270
0500000US37045|38850|585|33041|752|19|25|33022|752|30156|856|4680|481|26235|813|2426|436|2855|524|210|90|49|57|918|246|4891|583
0500000US37047|20048|392|16704|463|50|44|16654|468|14935|554|3360|380|12624|484|1602|306|1261|255|71|47|0|32|566|194|2778|317
0500000US37049|42871|587|36754|794|58|43|36696|797|34995|825|3914|533|31299|752|1609|252|2379|409|50|37|13|18|731|237|5386|748
0500000US37051|129758|563|118316|892|106|71|118210|881|109326|926|11455|601|103878|1132|7686|608|6705|451|422|123|154|82|2945|432|8497|569
0500000US37053|11845|295|10833|373|8|12|10825|374|10295|403|858|197|9450|390|386|132|1104|199|54|46|0|29|303|214|709|190
0500000US37055|16836|642|15511|663|71|58|15440|663|14501|662|967|174|14235|663|922|248|701|187|15|24|0|29|837|311|488|153
0500000US37057|69846|661|61804|930|92|73|61712|938|57709|1026|7101|758|53108|1285|3393|509|3097|495|180|129|22|26|1438|420|6604|646
0500000US37059|17270|369|15911|434|70|62|15841|451|14744|401|1826|294|13653|479|1052|273|825|217|0|29|0|29|197|92|1162|246
0500000US37061|20787|424|17254|502|50|65|17204|500|15443|583|3449|405|12303|645|1456|307|2324|304|211|97|36|38|281|97|3252|362
0500000US37063|141847|932|132716|1253|47|38|132669|1258|125742|1614|11680|1058|118093|1564|6387|825|6898|747|160|101|16|23|3263|541|5868|878
0500000US37065|19652|475|15722|666|0|29|15722|666|14796|654|2378|408|12368|638|803|189|1551|290|98|74|0|29|519|179|3411|445
0500000US37067|159925|1210|144321|1679|127|65|144194|1684|130140|1914|15953|1068|123279|1889|12378|1243|7841|804|379|167|528|340|4876|728|10728|1027
0500000US37069|28529|518|25706|626|313|151|25393|662|23204|709|3331|400|19655|698|1285|276|3694|471|345|145|44|41|347|122|2476|456
0500000US37071|93576|663|83426|1076|123|73|83303|1069|78026|1111|9613|627|70887|1104|4748|554|5077|596|178|92|48|33|2141|465|8009|753
0500000US37073|4192|180|3223|224|3|5|3220|224|2813|263|393|134|2701|231|359|132|290|85|0|21|0|21|151|78|818|164
0500000US37075|3524|201|2938|225|0|19|2938|225|2435|234|373|128|1888|226|311|118|865|214|172|88|2|4|70|51|516|139
0500000US37077|22474|482|19850|503|42|55|19808|503|17572|612|2833|409|15537|650|1506|266|3410|434|304|183|10|17|782|252|1842|292
0500000US37079|6912|204|5714|278|22|23|5692|277|5363|272|1585|260|3326|245|203|90|782|202|58|48|29|36|185|97|1013|195
0500000US37081|219718|1067|200442|1611|105|76|200337|1607|189786|1776|25217|1524|170244|1986|9166|789|12910|931|374|153|99|58|5598|799|13678|1188
0500000US37083|20383|418|15410|561|48|55|15362|570|14052|577|1808|331|12507|579|1025|216|1642|252|148|78|75|80|772|245|4201|434
0500000US37085|49845|512|42575|799|101|67|42474|795|39587|852|5409|545|34646|843|2353|349|4289|408|247|136|37|30|3058|442|4212|531
0500000US37087|27123|647|22981|869|76|46|22905|878|21143|864|3339|429|17315|804|1482|238|2677|351|137|88|39|34|833|297|3309|508
0500000US37089|51067|711|46031|809|91|62|45940|800|42815|871|5164|624|38041|922|2453|394|4414|516|409|161|68|53|1229|292|3807|619
0500000US37091|8285|224|6858|305|1|3|6857|305|6099|312|1149|191|4965|295|643|159|940|196|80|50|11|10|205|83|1222|210
0500000US37093|19258|213|17414|307|79|68|17335|308|16283|356|1989|274|14818|358|921|195|1182|233|63|54|0|32|377|113|1467|245
0500000US37095|1939|239|1397|211|0|14|1397|211|1274|208|237|112|879|160|6|10|347|123|75|73|14|23|72|61|470|193
0500000US37097|76344|724|71513|873|51|50|71462|876|66310|1043|8605|730|60125|945|4696|636|4340|564|231|96|40|35|1069|238|3762|519
0500000US37099|18430|616|14560|590|18|21|14542|590|13486|663|2262|422|9412|727|598|201|2463|412|378|156|37|36|1460|310|2410|414
0500000US37101|85591|730|76617|1174|97|52|76520|1178|72613|1299|10307|928|63608|1531|3412|757|4797|644|177|77|32|50|1815|417|7159|857
0500000US37103|4125|151|3327|195|41|37|3286|189|3076|197|335|113|2599|202|160|82|454|123|37|35|0|19|37|27|761|177
0500000US37105|25145|420|19673|727|36|34|19637|732|18747|755|1684|314|17447|769|838|226|1242|231|27|39|0|32|3335|551|2137|365
0500000US37107|23351|486|19002|632|12|19|18990|636|17909|593|4360|510|12951|732|909|199|2317|402|105|46|52|75|815|251|3534|490
0500000US37109|36811|527|33556|610|10|17|33546|609|31594|578|3142|454|29207|753|1680|339|2338|366|170|118|0|32|513|159|2742|475
0500000US37111|18638|439|15648|603|65|61|15583|592|14263|613|3119|444|10938|562|1131|241|1519|251|171|89|0|29|819|363|2171|342
0500000US37113|18406|675|15349|665|25|33|15324|669|13647|657|1827|386|10943|682|1001|291|2603|414|572|284|9|15|304|178|2753|433
0500000US37115|8342|292|6964|361|15|17|6949|360|6257|361|757|194|5669|381|562|160|532|123|103|70|0|25|159|85|1219|235
0500000US37117|9502|262|7932|386|2|4|7930|386|7443|371|1904|271|5368|451|413|152|864|204|68|56|0|25|126|67|1444|261
0500000US37119|466527|1677|439054|2117|272|99|438782|2113|414020|2549|40053|1676|389884|2642|22358|1504|20217|1167|771|207|978|293|8454|812|19019|1110
0500000US37121|6587|269|5431|305|2|4|5429|304|4915|310|722|190|4297|313|418|119|437|146|45|38|0|21|158|100|998|199
0500000US37123|10643|460|8821|481|14|16|8807|481|7987|442|1478|249|6365|503|510|170|1134|245|244|126|28|31|228|105|1594|320
0500000US37125|44013|659|40088|737|86|52|40002|745|37127|791|3765|488|34268|876|2571|435|3199|500|128|68|17|27|870|200|3055|438
0500000US37127|38797|583|32905|811|56|59|32849|816|30700|800|6893|663|23862|831|1844|348|3012|372|208|88|6|11|461|153|5431|679
0500000US37129|104856|1084|97863|1219|37|40|97826|1219|93074|1245|10226|1023|86128|1545|4146|598|4850|697|161|101|47|48|3261|601|3732|602
0500000US37131|7857|248|5863|261|27|22|5836|261|5254|275|830|158|4498|295|506|144|642|125|30|29|12|17|184|76|1810|245
0500000US37133|75265|796|69932|1045|77|73|69855|1054|62263|1342|7712|816|60344|1213|7185|1039|3317|525|147|113|17|30|1365|647|3968|577
0500000US37135|57342|691|53938|770|44|34|53894|773|51467|809|4945|526|47175|937|2189|305|3093|375|98|59|29|47|1403|263|2001|390
0500000US37137|5456|231|4768|244|2|5|4766|244|4336|252|463|113|3948|231|385|102|431|101|35|27|0|21|85|65|603|135
0500000US37139|15785|384|14486|495|9|16|14477|494|13171|601|1516|280|12430|534|1280|371|962|237|19|24|7|12|229|108|1070|215
0500000US37141|25291|522|22418|633|10|15|22408|630|21028|670|2868|392|17806|733|1156|264|2244|389|190|87|15|24|597|211|2276|374
0500000US37143|5614|213|4780|277|0|21|4780|277|4422|296|628|143|3504|269|233|95|701|169|109|64|0|21|154|87|680|170
0500000US37145|16063|464|14248|516|22|33|14226|524|13007|563|1929|391|11092|569|898|256|1481|330|144|118|108|106|190|117|1625|321
0500000US37147|74533|816|66103|1074|111|77|65992|1097|62623|1160|12829|1082|50974|1402|2703|502|2773|357|254|136|218|201|2651|493|5779|615
0500000US37149|8976|238|7630|251|15|15|7615|252|6756|322|968|199|5787|281|566|138|1298|233|118|65|27|27|277|108|1069|215
0500000US37151|57721|548|50269|827|16|19|50253|828|46825|812|7015|776|41287|1112|3154|580|2591|368|136|72|55|65|2304|398|5148|561
0500000US37153|17026|468|14902|642|28|35|14874|637|13855|653|2666|471|11446|634|912|211|1139|270|70|46|21|33|200|110|1924|340
0500000US37155|43134|344|33536|559|65|41|33471|569|28562|532|5760|405|25449|637|4364|352|3564|290|353|138|149|71|1337|205|8261|532
0500000US37157|39606|526|33747|686|67|69|33680|697|29553|759|4194|523|27778|788|3526|529|2775|407|246|126|104|76|1009|294|4850|579
0500000US37159|58899|715|53259|886|112|59|53147|891|49175|923|6454|575|44433|1103|3450|514|3713|530|215|107|5|8|1126|326|4514|565
0500000US37161|26642|396|22137|669|61|39|22076|665|20129|720|4329|394|14959|666|1290|271|3028|405|464|194|72|63|551|219|3954|553
0500000US37163|21607|439|18340|493|31|30|18309|495|17407|497|3238|374|13773|585|753|192|2352|316|117|69|15|15|202|66|3065|338
0500000US37165|12580|200|10996|285|12|17|10984|290|10505|286|2019|220|8340|329|380|106|883|162|66|41|13|21|225|84|1359|196
0500000US37167|25240|380|22330|499|17|19|22313|502|20963|501|3202|345|18179|646|1217|203|1239|268|64|51|3|4|795|266|2115|386
0500000US37169|19546|331|17012|594|68|80|16944|601|15043|571|2445|407|13722|533|1524|337|1080|258|64|60|97|89|315|131|2219|458
0500000US37171|29869|421|25762|549|84|56|25678|551|22929|643|3368|410|21255|632|2334|358|1966|370|263|121|29|25|1100|319|3007|321
0500000US37173|6013|250|4668|298|19|21|4649|294|4322|297|779|184|2833|349|192|98|1026|200|102|62|33|45|179|110|1166|200
0500000US37175|14584|428|12716|502|37|31|12679|501|11149|548|1593|340|10427|530|1380|321|710|154|98|90|12|21|644|210|1224|297
0500000US37177|1547|130|1252|128|0|14|1252|128|1171|127|212|88|843|144|49|39|83|47|13|15|14|23|12|21|283|113
0500000US37179|84237|575|79284|813|54|46|79230|817|75639|955|7782|749|69224|1089|3181|469|5106|604|195|80|1|2|975|248|3978|558
0500000US37181|16147|422|13874|569|95|69|13779|577|12361|606|2268|426|10755|653|971|198|1271|280|176|102|28|34|370|146|1903|388
0500000US37183|460175|2096|438876|2469|307|140|438569|2451|420063|2618|32980|1813|396686|2867|16778|1197|29304|1671|559|225|166|92|8428|1051|12871|1342
0500000US37185|8147|272|6777|314|53|45|6724|316|6171|318|1265|194|4544|328|399|97|1263|218|66|43|0|21|165|89|1205|177
0500000US37187|4744|237|3711|275|0|21|3711|275|3434|269|839|248|2467|333|235|92|367|124|42|39|0|21|143|89|890|217
0500000US37189|21198|594|19220|640|2|3|19218|640|18064|604|1820|392|16563|716|942|249|1124|267|162|97|14|21|761|185|1217|318
0500000US37191|47507|632|42759|794|15|16|42744|795|40202|765|5776|579|35144|858|2269|356|2472|459|213|110|24|29|718|191|4030|533
0500000US37193|27107|553|23883|694|14|24|23869|692|21763|645|1926|332|21485|743|2005|332|741|194|63|46|0|32|318|134|2906|447
0500000US37195|33068|423|28340|635|3|5|28337|634|25415|688|3601|444|23756|683|2729|427|1707|341|93|63|15|21|918|272|3810|508
0500000US37197|15009|366|13240|423|50|74|13190|417|11875|455|1693|309|11123|457|1142|255|599|159|23|30|0|29|256|102|1513|223
0500000US37199|8130|353|6650|417|34|35|6616|421|5706|386|900|210|5424|412|781|246|558|181|107|90|0|21|271|153|1209|224
0500000US45001|9762|394|8049|456|22|33|8027|457|7482|475|1313|265|6457|458|434|175|597|162|85|72|0|26|277|126|1436|276
0500000US45003|69916|942|63688|1105|76|63|63612|1110|59136|1208|9400|941|50862|1255|3801|552|5118|729|378|179|122|97|1035|289|5193|626
0500000US45005|3238|148|2384|200|0|20|2384|200|2251|199|670|172|1468|244|75|50|366|121|52|38|0|20|115|89|739|170
0500000US45007|83904|631|74380|1028|39|38|74341|1029|67877|1184|11508|1037|59073|1358|5479|682|6470|664|480|173|115|125|2338|485|7186|775
0500000US45009|4644|250|3678|273|2|3|3676|273|3217|282|1050|219|2027|260|257|120|740|185|195|141|0|22|110|66|856|194
0500000US45011|8116|235|6112|355|7|12|6105|356|5741|339|1382|219|3877|293|276|120|979|195|57|41|0|26|205|99|1799|310
0500000US45013|82333|953|77462|1116|28|32|77434|1116|73831|1153|6467|787|68494|1433|3076|432|7626|942|188|121|0|33|1600|383|3271|498
0500000US45015|93711|781|84283|963|164|101|84119|959|79783|1103|9729|1030|71931|1286|3855|549|6085|762|227|132|50|46|2882|680|6546|751
0500000US45017|6179|207|5027|265|22|33|5005|259|4479|296|815|182|3624|281|365|153|1138|255|41|46|0|22|240|108|912|247
0500000US45019|178975|1483|159348|1963|206|139|159142|1957|151723|2037|19534|1195|133777|1997|6164|814|11962|1051|685|225|111|93|9328|1259|10299|1035
0500000US45021|22063|448|17814|607|15|22|17799|612|16720|650|3479|473|13280|664|886|203|1597|258|73|48|21|25|528|182|3721|516
0500000US45023|13159|265|10939|385|21|22|10918|385|10193|400|2453|443|7797|467|606|179|1167|254|104|71|1|2|407|154|1813|279
0500000US45025|17534|406|14540|489|22|28|14518|488|12264|489|2040|348|11843|544|2145|373|1180|238|23|24|2|4|453|173|2541|377
0500000US45027|12356|320|10641|403|33|25|10608|399|9958|406|1326|244|8857|411|574|148|797|181|37|43|11|18|233|96|1482|208
0500000US45029|16408|399|13951|463|37|30|13914|465|12193|524|1912|340|11399|455|1415|306|1302|275|22|25|160|118|418|162|2039|392
0500000US45031|25561|414|19998|613|3|5|19995|614|17234|621|3239|409|15639|705|2442|469|1709|247|260|130|26|26|841|301|4722|482
0500000US45033|10829|315|7636|434|16|26|7620|431|6904|472|3075|396|3685|338|509|177|1386|258|168|88|0|26|579|215|2614|398
0500000US45035|63179|563|57977|891|94|102|57883|897|55555|979|7155|1009|48671|1257|2037|422|5555|831|132|64|3|4|1499|399|3703|660
0500000US45037|9768|275|7883|390|40|53|7843|393|6771|442|1452|229|5319|371|852|228|1379|212|220|128|0|26|383|162|1502|294
0500000US45039|8930|330|7301|358|0|26|7301|358|6913|367|1254|252|5284|425|313|136|1257|245|53|42|0|26|171|81|1458|292
0500000US45041|52856|752|44191|887|187|178|44004|901|37812|1085|7631|673|31684|1103|4151|701|6165|596|1818|380|0|33|2139|435|6526|600
0500000US45043|27129|616|23736|690|43|40|23693|690|22531|689|2945|372|19489|679|1005|263|1782|306|101|45|16|20|793|250|2600|500
0500000US45045|220565|1294|203446|1781|217|107|203229|1786|188785|1980|23592|1277|172330|2119|12440|939|13435|1076|728|236|106|100|4320|628|12799|999
0500000US45047|27884|487|23687|632|13|17|23674|636|22317|633|3376|437|19537|691|1161|244|1874|320|79|42|15|18|1143|355|3054|456
0500000US45049|7225|230|5977|304|8|13|5969|305|5442|314|1076|225|4251|269|422|175|938|181|71|50|13|16|51|38|1197|223
0500000US45051|158779|1593|146937|1788|134|78|146803|1785|137753|1835|18100|1185|124793|1967|8200|810|6792|672|539|227|41|36|4726|509|7116|710
0500000US45053|13118|354|11332|604|0|30|11332|604|10880|609|1861|436|8962|599|416|206|1047|313|0|30|0|30|308|148|1478|491
0500000US45055|26897|357|24247|477|0|33|24247|477|22594|523|3337|390|19382|634|1357|268|2562|353|289|161|0|33|531|174|2119|304
0500000US45057|40128|616|35966|665|81|63|35885|661|33240|734|3632|491|31292|751|2478|458|1787|379|65|67|0|33|701|170|3461|502
0500000US45059|26959|472|23242|654|28|25|23214|658|21796|690|4926|567|17100|794|1217|274|1855|273|179|100|0|33|621|194|3096|473
0500000US45061|6351|223|5411|284|30|33|5381|283|4923|287|683|161|4335|306|361|121|532|123|91|69|6|10|28|28|912|235
0500000US45063|121964|765|112597|1052|64|51|112533|1053|106152|1143|13761|1100|95848|1449|5750|591|6453|541|457|169|35|38|2201|346|7166|746
0500000US45065|4199|226|3484|269|15|25|3469|270|3178|258|425|156|2969|267|260|118|267|91|9|16|0|20|90|57|625|158
0500000US45067|12177|376|8463|512|11|17|8452|514|6933|475|3140|385|3929|419|789|225|1521|344|698|254|21|28|1031|314|2683|473
0500000US45069|9789|374|6939|375|0|26|6939|375|5991|366|1981|313|4098|338|540|141|1642|278|314|167|5|7|457|149|2393|305
0500000US45071|15325|371|12971|479|10|17|12961|475|11841|498|2675|359|9252|486|817|240|1590|326|284|175|0|30|341|167|2013|296
0500000US45073|34515|680|29230|826|27|28|29203|827|27358|823|5754|741|20885|940|1401|296|3694|444|348|141|32|26|1462|321|3823|581
0500000US45075|33077|620|26560|811|146|102|26414|834|23808|858|6483|664|17961|876|2023|355|3001|345|350|96|70|84|919|189|5598|584
0500000US45077|52414|676|45822|971|58|51|45764|975|42276|1035|5999|519|37107|1022|2934|429|3901|445|282|123|46|58|1443|367|5149|714
0500000US45079|167961|1263|151981|1637|174|98|151807|1623|144620|1683|14655|1248|132718|1836|6413|702|13198|1079|454|201|101|75|4888|750|11092|1123
0500000US45081|7670|217|5956|329|9|16|5947|327|5391|344|1430|243|3939|349|475|127|618|169|65|53|10|19|279|121|1435|247
0500000US45083|131672|878|116968|1416|114|56|116854|1409|108569|1389|16918|936|94252|1612|7507|710|9110|805|376|135|59|42|2385|367|12319|1067
0500000US45085|41083|635|36006|858|82|55|35924|861|34091|863|4801|546|30264|872|1604|256|1512|304|87|72|18|28|732|252|4345|655
0500000US45087|11611|284|9555|381|4|8|9551|381|8654|376|2538|252|6364|422|856|214|720|162|41|33|0|26|242|103|1814|259
0500000US45089|12291|334|9450|410|37|25|9413|411|8185|445|2900|374|5947|434|1090|272|1008|264|78|54|2|7|727|229|2114|279
0500000US45091|113785|854|105961|1156|52|34|105909|1150|101413|1148|12685|1099|90273|1540|4023|520|6136|494|234|132|26|28|2449|528|5375|701
1600000US3700160|3996|311|3717|346|0|19|3717|346|3499|334|403|242|3250|366|207|181|132|86|11|19|0|19|7|13|272|169
1600000US3700440|487|142|459|145|0|14|459|145|450|144|126|73|333|132|0|14|10|16|0|14|0|14|0|14|28|43
1600000US3700500|1920|119|1657|123|1|3|1656|123|1558|121|183|52|1364|118|82|27|221|56|12|9|1|2|59|38|204|46
1600000US3700640|410|93|389|91|2|3|387|92|366|89|33|23|352|92|19|18|13|9|0|14|2|4|6|7|15|18
1600000US3700680|6769|408|5698|428|11|18|5687|429|5293|444|846|273|4722|426|376|144|180|89|0|21|0|21|295|170|776|260
1600000US3700880|283|163|165|82|0|14|165|82|146|79|36|38|126|72|19|29|12|16|0|14|0|14|0|14|118|147
1600000US3701000|296|86|233|87|0|14|233|87|200|77|12|8|211|85|30|28|7|7|0|14|0|14|0|14|63|44
1600000US3701140|185|85|177|83|0|14|177|83|168|84|46|45|131|80|9|13|0|14|0|14|0|14|8|14|0|14
1600000US3701340|4574|315|3816|292|0|21|3816|292|3694|290|383|103|3289|289|101|50|270|76|1|3|12|17|546|154|212|79
1600000US3701380|953|147|727|172|0|14|727|172|665|174|137|114|588|153|62|44|29|24|0|14|0|14|39|42|187|77
1600000US3701400|2796|261|2440|234|0|19|2440|234|2226|228|214|90|2163|247|177|137|227|118|0|19|0|19|27|35|329|199
1600000US3701420|232|71|165|62|4|5|161|62|159|61|25|20|132|55|2|3|16|14|0|14|0|14|0|14|67|44
1600000US3701520|25235|700|24489|617|0|32|24489|617|24059|665|799|198|23496|612|430|219|1382|330|0|32|0|32|269|152|477|297
1600000US3701560|82|44|63|39|0|14|63|39|63|39|0|14|63|39|0|14|0|14|0|14|0|14|0|14|19|22
1600000US3701640|181|44|131|42|0|14|131|42|116|39|6|6|123|41|13|12|2|3|2|3|0|14|2|3|48|24
1600000US3701720|4809|279|4460|286|0|21|4460|286|4290|278|282|119|4034|259|163|81|258|106|0|21|0|21|73|50|276|120
1600000US3701760|1925|349|1794|315|0|19|1794|315|1739|291|224|159|1559|409|55|91|87|93|0|19|0|19|6|14|125|139
1600000US3701972|350|101|329|99|10|16|319|101|292|94|12|20|307|104|27|35|39|41|0|14|0|14|0|14|21|29
1600000US3702080|11884|516|10121|622|0|25|10121|622|9609|585|1630|391|8126|570|503|195|564|191|9|15|0|25|847|308|916|295
1600000US3702140|37394|1238|33873|1271|33|37|33840|1267|31762|1251|4068|541|29039|1119|1910|338|1121|271|43|39|11|19|598|204|2923|634
1600000US3702240|119|52|86|48|0|14|86|48|80|46|11|18|66|42|6|10|9|15|0|14|0|14|9|14|24|33
1600000US3702320|66|25|43|19|1|3|42|18|41|19|3|4|34|17|1|3|0|14|0|14|0|14|1|3|22|18
1600000US3702460|145|54|116|45|0|14|116|45|114|44|38|24|65|29|2|5|14|16|0|14|0|14|0|14|29|23
1600000US3702480|218|55|188|55|4|8|184|56|160|56|11|13|169|55|15|16|27|20|0|14|0|14|0|14|30|27
1600000US3702500|919|185|903|185|4|7|899|186|803|152|30|36|839|181|92|93|31|21|4|6|0|14|4|6|12|15
1600000US3702580|346|118|212|83|0|14|212|83|199|84|40|42|164|78|13|14|15|23|0|14|0|14|31|37|103|70
1600000US3702620|217|63|183|59|0|14|183|59|181|59|17|15|162|56|0|14|5|5|2|4|0|14|8|8|26|29
1600000US3702700|80|32|63|26|0|14|63|26|61|26|0|14|60|26|2|3|8|12|0|14|0|14|0|14|17|18
1600000US3702760|736|184|686|187|0|14|686|187|660|191|61|51|603|175|26|43|22|36|0|14|0|14|35|40|15|26
1600000US3702780|228|146|228|146|0|14|228|146|148|98|0|14|228|146|80|101|0|14|0|14|0|14|0|14|0|14
1600000US3702840|2279|268|2128|256|0|19|2128|256|1982|268|416|202|1658|229|139|88|61|41|0|19|0|19|5|8|146|75
1600000US3702960|514|85|482|83|0|14|482|83|456|83|35|29|447|78|14|18|10|19|0|14|0|14|7|11|25|20
1600000US3703020|163|54|135|45|2|3|133|46|123|44|49|29|84|38|10|9|6|8|0|14|0|14|0|14|28|24
1600000US3703100|332|141|271|127|2|4|269|128|206|118|32|23|226|126|58|41|22|17|5|9|0|14|4|5|57|50
1600000US3703150|105|18|105|18|0|14|105|18|100|17|6|4|99|18|5|5|3|3|0|14|0|14|0|14|0|14
1600000US3703220|464|98|429|95|0|14|429|95|396|95|75|53|347|105|33|37|31|42|0|14|0|14|10|16|25|18
1600000US3703500|405|121|391|122|0|14|391|122|371|119|37|32|352|116|20|22|9|10|0|14|0|14|9|12|5|7
1600000US3703530|1857|343|1561|261|0|19|1561|261|1518|258|54|78|1485|251|43|51|134|122|0|19|0|19|111|95|185|196
1600000US3703640|520|199|431|196|0|14|431|196|393|202|195|183|236|98|38|32|0|14|0|14|0|14|68|68|21|26
1600000US3703665|452|112|437|112|0|14|437|112|348|106|22|30|346|89|89|63|69|78|0|14|0|14|0|14|15|17
1600000US3703720|175|91|132|69|0|14|132|69|125|69|13|20|119|67|7|10|0|14|0|14|0|14|0|14|43|64
1600000US3703840|166|55|164|56|1|2|163|55|142|50|9|11|147|53|19|18|4|6|0|14|0|14|0|14|2|3
1600000US3703960|314|70|229|51|0|14|229|51|225|50|8|11|219|51|4|7|16|15|0|14|0|14|24|34|61|47
1600000US3704015|1321|282|1224|242|0|14|1224|242|1147|227|57|51|1155|254|77|79|62|92|0|14|0|14|25|38|72|96
1600000US3704040|130|64|94|53|0|14|94|53|94|53|0|14|85|53|0|14|16|26|0|14|0|14|0|14|36|40
1600000US3704180|45|24|45|24|0|14|45|24|36|24|1|4|44|23|9|6|0|14|0|14|0|14|0|14|0|14
1600000US3704260|2553|202|2355|194|0|14|2355|194|2224|201|300|135|1987|200|83|46|208|167|0|14|9|19|44|32|154|94
1600000US3704510|515|69|496|69|0|14|496|69|453|62|22|15|436|66|40|27|38|24|0|14|2|2|1|2|18|11
1600000US3704640|707|107|535|100|0|14|535|100|512|99|55|22|434|100|23|12|36|25|0|14|0|14|8|10|164|72
1600000US3704680|114|95|114|95|0|14|114|95|114|95|0|14|114|95|0|14|21|31|0|14|0|14|0|14|0|14
1600000US3704840|6387|341|5939|356|12|20|5927|356|5537|353|442|161|5296|350|360|161|280|111|20|34|10|15|196|130|252|135
1600000US3704950|1000|121|926|109|0|14|926|109|882|108|74|68|848|110|44|21|34|35|0|14|0|14|13|14|61|63
1600000US3704955|131|79|113|84|0|14|113|84|113|84|27|44|86|77|0|14|0|14|0|14|0|14|18|31|0|14
1600000US3704960|368|122|300|110|0|14|300|110|266|109|48|18|208|102|17|21|41|21|15|13|2|3|0|14|68|31
1600000US3705020|113|88|82|78|0|14|82|78|82|78|12|19|70|77|0|14|0|14|0|14|0|14|31|50|0|14
1600000US3705040|1767|261|1564|234|0|14|1564|234|1552|233|381|186|1173|218|12|19|58|41|0|14|0|14|9|13|194|125
1600000US3705049|463|138|447|139|0|14|447|139|447|139|60|56|387|134|0|14|16|26|0|14|0|14|0|14|16|25
1600000US3705135|1719|240|1673|244|0|14|1673|244|1344|164|219|118|1422|249|329|232|75|57|0|14|0|14|34|47|12|25
1600000US3705220|2082|216|1736|258|0|19|1736|258|1643|248|251|114|1429|235|67|55|170|92|10|15|0|19|4|6|342|149
1600000US3705340|186|69|179|68|0|14|179|68|156|63|47|53|131|40|21|16|1|3|0|14|0|14|4|7|3|5
1600000US3705460|711|165|506|134|0|14|506|134|493|135|127|90|379|92|13|12|24|24|0|14|0|14|68|49|137|70
1600000US3705530|1591|233|1531|234|0|14|1531|234|1371|217|170|103|1313|242|152|90|58|53|8|13|0|14|24|28|36|35
1600000US3705660|665|165|528|150|0|14|528|150|445|145|65|41|458|149|83|50|50|59|0|14|0|14|27|27|110|63
1600000US3705880|588|72|570|71|0|14|570|71|549|72|41|16|522|70|21|18|23|14|0|14|0|14|4|5|14|12
1600000US3706000|847|230|642|206|0|14|642|206|580|180|64|54|567|204|59|65|13|10|3|5|0|14|26|36|179|106
1600000US3706080|293|82|228|72|0|14|228|72|206|67|3|5|220|70|21|24|6|8|0|14|1|4|24|26|41|36
1600000US3706140|3601|360|2644|343|21|28|2623|340|2478|332|332|106|2233|321|145|62|113|66|0|19|0|19|346|390|611|378
1600000US3706240|865|168|780|160|0|14|780|160|741|155|128|54|637|153|39|41|20|14|0|14|0|14|14|20|71|46
1600000US3706500|484|127|457|125|0|14|457|125|457|125|46|30|403|122|0|14|34|39|0|14|0|14|8|14|19|29
1600000US3706510|35|21|35|21|0|14|35|21|35|21|0|14|35|21|0|14|13|20|0|14|0|14|0|14|0|14
1600000US3706660|78|47|69|44|0|14|69|44|67|44|47|40|20|16|0|14|4|5|0|14|0|14|1|3|8|10
1600000US3706740|291|64|283|64|2|4|281|63|249|60|26|14|244|62|21|18|26|23|11|18|0|14|0|14|8|8
1600000US3706760|2937|268|2639|242|14|22|2625|240|2530|228|109|72|2382|234|61|58|197|104|12|18|22|34|204|231|94|62
1600000US3706800|1146|168|1091|174|0|14|1091|174|1039|173|66|47|997|159|43|40|49|34|9|15|0|14|25|33|30|36
1600000US3706820|85|43|78|42|0|14|78|42|76|42|11|18|67|38|2|4|17|19|0|14|0|14|2|4|5|8
1600000US3706860|165|59|138|55|0|14|138|55|115|51|10|13|117|50|12|11|11|13|11|13|0|14|3|5|24|19
1600000US3706980|270|179|250|178|0|14|250|178|250|178|8|11|242|177|0|14|43|50|0|14|0|14|0|14|20|29
1600000US3707080|5975|431|5231|465|0|25|5231|465|4992|460|456|239|4657|444|222|142|326|146|17|34|0|25|476|172|268|181
1600000US3707140|606|151|496|116|0|14|496|116|455|108|42|20|434|112|41|46|17|13|0|14|0|14|0|14|110|108
1600000US3707220|160|56|134|53|0|14|134|53|125|51|14|13|115|46|7|6|9|10|2|5|0|14|2|4|24|16
1600000US3707340|83|71|83|71|0|14|83|71|83|71|7|12|76|74|0|14|0|14|0|14|0|14|0|14|0|14
1600000US3707400|50|34|11|14|0|14|11|14|7|11|0|14|11|14|4|8|0|14|0|14|0|14|0|14|39|34
1600000US3707588|618|120|595|122|0|14|595|122|581|120|60|33|515|126|14|12|43|40|0|14|0|14|0|14|23|36
1600000US3707720|3752|186|3109|253|0|19|3109|253|2820|262|478|199|2525|299|277|127|121|86|0|19|12|21|402|178|241|116
1600000US3707748|2163|293|2152|292|0|19|2152|292|2134|302|79|60|2073|300|18|31|48|58|0|19|0|19|11|18|0|19
1600000US3707765|1531|291|1504|292|0|14|1504|292|1463|299|84|70|1364|313|41|51|112|74|0|14|0|14|27|42|0|14
1600000US3707860|188|71|127|57|0|14|127|57|119|54|22|25|92|49|8|14|12|11|0|14|0|14|21|38|40|39
1600000US3708040|842|113|784|112|7|11|777|111|696|120|89|44|656|116|73|31|41|31|8|11|0|14|23|29|35|21
1600000US3708080|707|152|616|147|0|14|616|147|590|145|31|25|572|152|19|14|54|37|3|5|0|14|39|24|52|40
1600000US3708110|918|165|847|163|0|14|847|163|785|159|57|43|766|170|62|40|30|37|0|14|0|14|11|19|60|46
1600000US3708140|170|71|163|69|0|14|163|69|157|68|20|16|143|69|6|7|1|2|0|14|0|14|0|14|7|8
1600000US3708420|160|71|141|74|0|14|141|74|131|70|24|22|106|65|5|7|19|21|5|10|0|14|4|7|15|15
1600000US3708480|806|179|604|145|0|14|604|145|541|134|108|75|409|116|26|25|69|41|4|6|33|45|8|10|194|105
1600000US3708760|1133|200|1025|199|0|14|1025|199|1025|199|89|87|920|180|0|14|109|80|0|14|0|14|24|28|84|92
1600000US3708860|198|76|143|66|0|14|143|66|139|64|15|13|97|45|4|8|52|50|0|14|0|14|8|11|47|38
1600000US3708880|323|131|239|120|17|19|222|119|210|115|69|87|133|74|12|22|73|56|0|14|0|14|28|33|56|61
1600000US3708960|1203|133|1167|129|0|14|1167|129|1057|134|52|42|1083|130|86|88|91|75|0|14|15|24|21|36|15|16
1600000US3709060|25505|720|22674|770|0|32|22674|770|21148|781|3044|514|18961|815|1473|429|1242|290|5|9|0|32|513|206|2318|472
1600000US3709140|983|230|801|224|0|14|801|224|728|217|79|61|702|199|57|40|28|19|16|16|0|14|35|31|147|69
1600000US3709360|2683|240|2307|207|0|19|2307|207|2124|197|429|164|1755|219|178|91|432|144|5|8|0|19|66|73|310|142
1600000US3709380|29|25|29|25|0|14|29|25|29|25|0|14|29|25|0|14|0|14|0|14|0|14|0|14|0|14
1600000US3709400|560|212|511|201|0|14|511|201|511|201|0|14|511|201|0|14|22|35|0|14|0|14|49|60|0|14
1600000US3709530|857|138|770|126|2|5|768|125|709|116|82|48|633|118|47|33|60|38|7|9|0|14|0|14|87|52
1600000US3709540|1142|122|1025|128|41|64|984|127|905|122|181|117|776|137|79|57|42|46|0|14|0|14|32|36|85|69
1600000US3709760|189|84|106|42|1|2|105|42|98|42|17|16|81|37|7|7|5|10|0|14|0|14|6|11|77|73
1600000US3709780|370|162|356|160|0|14|356|160|355|160|17|34|329|160|1|3|67|83|0|14|0|14|0|14|14|20
1600000US3709800|131|58|126|58|0|14|126|58|123|57|17|14|90|40|3|4|26|31|0|14|0|14|2|4|3|5
1600000US3710120|385|107|320|93|0|14|320|93|297|93|48|34|270|91|21|16|11|16|2|3|0|14|0|14|65|59
1600000US3710240|1906|196|1577|168|0|14|1577|168|1544|174|111|80|1381|154|16|19|82|54|17|22|0|14|70|79|259|160
1600000US3710260|1146|192|1090|193|0|14|1090|193|1035|196|99|38|971|197|46|33|120|87|4|6|0|14|30|21|26|19
1600000US3710264|254|97|233|92|0|14|233|92|207|94|39|56|194|72|26|23|0|14|0|14|0|14|0|14|21|32
1600000US3710460|54|45|54|45|0|14|54|45|54|45|14|21|40|40|0|14|0|14|0|14|0|14|0|14|0|14
1600000US3710500|3073|331|3012|330|0|19|3012|330|2926|326|183|92|2806|318|86|62|109|87|0|19|0|19|12|19|49|39
1600000US3710532|341|85|231|67|0|14|231|67|202|61|17|20|205|62|29|35|9|14|0|14|0|14|96|56|14|22
1600000US3710550|2627|178|2507|179|0|19|2507|179|2181|208|147|82|2330|198|326|238|79|56|0|19|0|19|72|70|48|46
1600000US3710620|9474|383|9008|356|0|25|9008|356|8812|350|526|184|8336|398|166|82|409|164|0|25|0|25|263|136|203|135
1600000US3710680|1146|98|1010|105|5|8|1005|105|918|111|55|38|922|114|85|59|34|27|0|14|0|14|28|19|108|67
1600000US3710740|69710|1207|67370|1144|16|19|67354|1145|65176|1179|3558|549|63035|1203|2011|303|5022|654|27|34|0|32|1183|454|1157|293
1600000US3710760|159|54|100|41|0|14|100|41|94|38|20|16|68|31|6|9|0|14|0|14|0|14|0|14|59|31
1600000US3710800|330|174|276|161|0|14|276|161|276|161|14|23|256|160|0|14|6|11|0|14|0|14|54|80|0|14
1600000US3710860|103|47|83|41|0|14|83|41|82|41|18|16|64|37|0|14|4|7|0|14|0|14|0|14|20|17
1600000US3710880|436|182|402|182|0|14|402|182|371|184|124|116|257|141|31|28|21|33|0|14|0|14|0|14|34|42
1600000US3710960|228|45|193|31|0|14|193|31|191|30|20|8|171|30|2|3|13|9|0|14|0|14|31|31|4|4
1600000US3710980|328|138|317|136|0|14|317|136|294|131|19|16|295|131|23|26|9|10|0|14|0|14|4|8|7|12
1600000US3711340|782|130|707|118|0|14|707|118|697|115|83|37|612|113|10|16|29|22|0|14|0|14|40|25|35|26
1600000US3711352|142|53|140|52|1|2|139|52|131|54|32|41|107|35|8|6|0|14|0|14|0|14|0|14|2|5
1600000US3711560|78|70|78|70|0|14|78|70|78|70|0|14|78|70|0|14|0|14|0|14|0|14|0|14|0|14
1600000US3711620|147|98|77|45|5|8|72|46|69|45|2|3|68|45|3|4|2|4|0|14|0|14|1|2|69|94
1600000US3711640|615|134|483|124|0|14|483|124|423|125|88|81|392|105|52|37|36|34|0|14|0|14|36|46|96|48
1600000US3711800|21189|641|19772|611|0|32|19772|611|19120|616|1682|327|17889|670|614|146|861|233|0|32|0|32|871|212|546|195
1600000US3712000|368788|1813|345550|2285|214|78|345336|2269|324833|2402|33580|1427|304808|2645|18757|1495|15419|1005|506|159|843|249|6609|733|16629|1058
1600000US3712140|937|224|733|214|0|14|733|214|733|214|143|92|518|187|0|14|74|54|0|14|0|14|20|24|184|105
1600000US3712186|516|178|480|176|0|14|480|176|469|175|73|64|400|171|11|17|7|13|0|14|0|14|0|14|36|54
1600000US3712340|2316|178|1961|149|0|19|1961|149|1906|145|288|136|1634|150|55|37|108|63|0|19|0|19|80|91|275|110
1600000US3712460|72|36|71|36|0|14|71|36|66|35|2|4|64|36|4|7|5|6|1|2|0|14|1|2|0|14
1600000US3712480|1881|242|1815|235|16|27|1799|231|1692|228|227|135|1550|252|107|80|68|55|0|14|0|14|51|49|15|28
1600000US3712520|20|23|20|23|0|14|20|23|20|23|0|14|20|23|0|14|0|14|0|14|0|14|0|14|0|14
1600000US3712580|409|118|340|99|0|14|340|99|328|98|41|38|285|92|9|12|22|17|3|5|0|14|1|3|68|60
1600000US3712590|168|119|43|37|0|14|43|37|36|33|0|14|43|37|7|13|0|14|0|14|0|14|26|44|99|112
1600000US3712720|798|179|707|162|0|14|707|162|622|118|84|38|619|163|85|120|12|11|0|14|0|14|12|11|79|53
1600000US3712780|223|85|208|84|0|14|208|84|200|82|89|58|114|60|8|11|13|17|0|14|0|14|1|3|14|14
1600000US3712860|11242|488|10410|605|7|14|10403|602|9976|603|830|271|9312|564|334|174|622|274|42|41|0|25|440|329|392|217
1600000US3712960|8784|343|8315|373|13|20|8302|372|7850|352|568|190|7489|375|435|146|440|142|17|21|0|25|202|117|267|131
1600000US3713000|424|113|375|87|12|18|363|88|359|88|34|20|318|87|4|5|14|16|0|14|0|14|0|14|49|74
1600000US3713100|241|95|175|65|0|14|175|65|175|65|36|39|125|57|0|14|36|37|0|14|0|14|0|14|66|71
1600000US3713240|2987|223|2370|192|0|19|2370|192|2199|178|336|89|1995|189|145|83|165|63|12|18|0|19|61|37|556|118
1600000US3713280|527|135|378|95|0|14|378|95|314|85|60|44|294|87|54|29|34|21|1|2|3|5|66|83|83|40
1600000US3713360|854|163|708|152|0|14|708|152|622|143|128|53|552|141|82|52|38|28|0|14|0|14|48|39|98|64
1600000US3713460|150|53|98|38|0|14|98|38|81|34|16|18|72|31|13|19|16|12|4|6|0|14|9|10|43|32
1600000US3713500|193|88|148|83|0|14|148|83|148|83|0|14|148|83|0|14|0|14|0|14|0|14|0|14|45|48
1600000US3713560|91|55|88|56|0|14|88|56|85|56|10|13|78|51|3|7|2|8|0|14|0|14|2|3|1|2
1600000US3713940|349|128|247|97|0|14|247|97|246|96|13|16|219|94|1|3|0|14|0|14|0|14|8|19|94|78
1600000US3713980|481|122|356|104|0|14|356|104|330|102|19|20|319|100|17|15|26|17|9|10|0|14|34|35|91|50
1600000US3714060|55|42|49|42|0|14|49|42|49|42|24|26|12|20|0|14|13|23|0|14|0|14|0|14|6|6
1600000US3714100|38669|840|36348|841|16|26|36332|839|33764|882|4239|766|30860|1051|1863|429|2371|545|530|290|14|22|553|180|1768|496
1600000US3714200|122|75|112|75|0|14|112|75|105|79|9|13|101|75|7|11|18|17|0|14|0|14|4|7|6|8
1600000US3714280|923|227|775|204|0|14|775|204|740|203|168|135|487|118|32|29|123|123|3|6|0|14|22|31|126|98
1600000US3714340|3275|257|2990|290|0|19|2990|290|2910|284|505|185|2375|307|50|35|177|86|30|38|0|19|0|19|285|130
1600000US3714400|365|86|325|85|0|14|325|85|263|68|30|23|266|77|31|37|28|21|2|4|12|17|15|20|25|22
1600000US3714460|406|97|357|88|0|14|357|88|344|88|16|15|329|82|13|13|22|20|0|14|0|14|10|12|39|23
1600000US3714600|496|170|496|170|0|14|496|170|478|169|142|118|317|142|18|29|84|91|0|14|0|14|0|14|0|14
1600000US3714700|13884|426|13453|446|0|29|13453|446|12827|448|771|194|12360|520|527|238|901|246|71|78|15|27|97|66|334|153
1600000US3715020|202|78|158|71|0|14|158|71|146|70|12|10|146|71|12|11|7|8|0|14|0|14|3|5|41|26
1600000US3715040|670|182|646|181|0|14|646|181|613|182|70|78|536|157|33|26|38|35|0|14|0|14|0|14|24|27
1600000US3715260|2356|150|2276|152|0|19|2276|152|2184|152|189|72|2055|159|92|52|100|61|0|19|0|19|33|48|47|37
1600000US3715320|1963|191|1854|217|10|17|1844|212|1530|210|185|99|1595|255|129|112|286|182|63|96|0|14|74|79|35|60
1600000US3715420|95|56|74|40|0|14|74|40|72|40|16|15|49|36|1|3|11|12|1|2|0|14|0|14|21|39
1600000US3715440|795|208|748|203|0|14|748|203|715|204|53|40|684|200|33|34|27|26|0|14|0|14|0|14|47|40
1600000US3715580|22|22|22|22|0|14|22|22|15|17|5|10|17|18|7|12|0|14|0|14|0|14|0|14|0|14
1600000US3715640|224|115|210|120|0|14|210|120|154|122|0|14|210|120|56|86|17|28|0|14|0|14|0|14|14|24
1600000US3715880|2225|401|1277|345|0|19|1277|345|1277|345|90|97|1106|324|0|19|121|83|0|19|0|19|889|260|59|63
1600000US3716084|559|141|550|141|0|14|550|141|534|142|37|35|505|141|16|17|39|37|0|14|0|14|0|14|9|14
1600000US3716180|2401|286|2198|275|0|19|2198|275|2001|276|298|160|1844|236|189|115|86|56|8|14|0|19|117|89|86|73
1600000US3716220|1418|216|1336|215|6|10|1330|214|1229|217|166|118|1033|194|86|70|78|72|0|14|0|14|0|14|82|64
1600000US3716240|53|32|46|29|0|14|46|29|42|28|6|7|31|23|4|5|11|15|0|14|0|14|0|14|7|7
1600000US3716400|5589|280|5410|265|0|21|5410|265|5230|267|210|93|5094|273|159|109|264|136|21|36|0|21|27|32|152|90
1600000US3716480|126|49|120|48|0|14|120|48|112|47|0|14|120|48|8|12|0|14|0|14|0|14|0|14|6|10
1600000US3716720|287|129|234|106|0|14|234|106|203|106|41|36|151|91|31|40|31|36|0|14|0|14|0|14|53|61
1600000US3716730|229|61|211|63|0|14|211|63|199|62|0|14|189|64|12|17|34|23|0|14|0|14|0|14|18|22
1600000US3716780|100|92|100|92|0|14|100|92|100|92|0|14|100|92|0|14|0|14|0|14|0|14|0|14|0|14
1600000US3716820|26|45|26|45|0|14|26|45|26|45|0|14|0|14|0|14|26|45|0|14|0|14|0|14|0|14
1600000US3716860|34|24|34|24|0|14|34|24|34|24|13|12|16|22|0|14|5|9|0|14|0|14|0|14|0|14
1600000US3716980|619|130|557|129|2|3|555|129|498|119|68|41|482|126|57|56|10|10|0|14|0|14|27|30|35|22
1600000US3717000|1122|228|1101|227|0|14|1101|227|1019|219|117|128|923|227|12|19|154|132|55|79|0|14|0|14|21|35
1600000US3717180|113|42|95|37|0|14|95|37|93|36|15|14|80|35|2|6|2|3|0|14|0|14|8|12|10|14
1600000US3717325|279|86|221|85|0|14|221|85|195|83|74|69|134|52|10|9|21|20|9|13|0|14|5|6|53|28
1600000US3717340|593|141|493|125|0|14|493|125|446|121|68|41|397|108|33|25|39|32|4|6|0|14|33|31|67|43
1600000US3717520|410|107|364|94|0|14|364|94|349|93|100|56|213|60|15|15|67|40|0|14|0|14|4|8|42|40
1600000US3717660|181|60|126|45|1|2|125|45|119|42|9|10|106|41|5|7|14|13|1|3|0|14|11|13|44|34
1600000US3717860|865|186|772|166|0|14|772|166|709|157|95|56|657|160|58|50|25|24|0|14|0|14|0|14|93|61
1600000US3718040|116|47|116|47|0|14|116|47|116|47|11|16|105|44|0|14|5|8|0|14|0|14|0|14|0|14
1600000US3718060|353|78|346|80|0|14|346|80|329|78|25|17|314|76|17|11|15|10|0|14|0|14|3|4|4|7
1600000US3718080|638|237|444|216|0|14|444|216|444|216|66|53|367|216|0|14|11|18|0|14|0|14|0|14|194|124
1600000US3718300|0|14|0|14|0|14|0|14|0|14|0|14|0|14|0|14|0|14|0|14|0|14|0|14|0|14
1600000US3718320|3753|261|2959|233|7|8|2952|232|2695|245|496|159|2330|209|210|101|324|95|8|9|8|12|193|85|601|142
1600000US3719000|126550|1055|118620|1222|31|28|118589|1224|112505|1488|10244|976|105885|1599|5591|738|5916|718|141|92|16|23|2878|536|5052|882
1600000US3719140|151|83|122|78|0|14|122|78|116|77|5|5|112|77|0|14|6|6|0|14|0|14|10|17|19|22
1600000US3719300|133|57|121|55|0|14|121|55|116|52|6|8|108|53|4|8|9|12|0|14|0|14|0|14|12|11
1600000US3719320|218|68|205|67|0|14|205|67|170|62|13|10|184|64|35|30|6|7|0|14|0|14|2|4|11|9
1600000US3719420|2217|275|1935|284|0|19|1935|284|1801|279|315|154|1583|287|134|80|110|68|0|19|0|19|43|47|239|134
1600000US3719740|1383|124|1221|113|0|14|1221|113|1015|131|120|67|1044|118|166|99|56|39|0|14|32|48|77|63|85|52
1600000US3719800|1325|266|1116|273|0|14|1116|273|1076|273|253|130|853|245|30|29|79|83|10|17|0|14|0|14|209|101
1600000US3719860|750|197|625|184|0|14|625|184|591|185|67|52|550|176|34|38|16|14|0|14|0|14|4|6|121|65
1600000US3720080|6410|422|5187|426|25|39|5162|426|4727|449|819|242|4152|420|333|135|328|128|33|43|23|41|325|128|898|321
1600000US3720120|1992|217|1868|213|0|14|1868|213|1680|235|417|198|1421|212|171|136|30|44|17|29|0|14|34|55|90|101
1600000US3720280|1126|231|860|181|0|14|860|181|807|179|172|112|560|141|10|15|79|86|20|34|23|41|23|35|243|168
1600000US3720420|518|180|511|180|0|14|511|180|511|180|83|91|398|147|0|14|30|44|0|14|0|14|7|12|0|14
1600000US3720580|7576|400|6782|443|0|21|6782|443|6153|488|610|158|5900|414|618|233|291|134|11|18|0|21|229|108|565|140
1600000US3720600|1683|217|1496|205|0|14|1496|205|1367|190|171|100|1270|198|129|122|81|87|0|14|0|14|13|37|174|117
1600000US3720620|1660|159|1523|166|0|14|1523|166|1359|173|238|97|1178|149|93|62|117|89|63|82|8|14|57|54|80|52
1600000US3720700|265|98|195|76|0|14|195|76|183|76|2|3|190|75|9|11|4|5|0|14|3|4|7|8|63|49
1600000US3720780|295|78|239|72|0|14|239|72|207|69|53|34|183|63|24|19|20|19|0|14|0|14|19|18|37|25
1600000US3720840|412|129|346|128|0|14|346|128|342|127|106|93|231|83|4|7|1|3|0|14|0|14|3|5|63|58
1600000US3720980|537|105|486|105|3|5|483|107|355|91|99|49|374|100|124|75|9|8|4|6|0|14|8|13|43|29
1600000US3721095|2456|204|2227|197|9|15|2218|194|2064|188|74|39|2109|176|145|75|110|53|9|14|0|21|195|82|34|26
1600000US3721120|122|47|74|34|0|14|74|34|74|34|8|13|48|30|0|14|37|29|0|14|0|14|0|14|48|36
1600000US3721130|1328|200|1278|203|0|14|1278|203|1179|197|232|108|1015|220|71|45|55|44|0|14|11|18|5|9|45|29
1600000US3721160|1940|95|1890|93|0|14|1890|93|1802|99|128|55|1733|108|83|43|194|79|0|14|0|14|25|18|25|25
1600000US3721260|748|290|590|194|26|46|564|191|558|191|249|118|273|159|0|14|42|41|6|11|0|14|0|14|158|214
1600000US3721360|705|144|515|126|5|8|510|126|463|119|62|49|411|116|47|40|66|52|0|14|0|14|35|38|155|74
1600000US3721380|118|79|108|74|0|14|108|74|108|74|0|14|108|74|0|14|0|14|0|14|0|14|0|14|10|18
1600000US3721500|1287|292|1222|294|0|14|1222|294|1185|294|175|120|1011|318|19|21|70|55|14|22|0|14|15|17|50|35
1600000US3721740|1869|180|1509|161|0|14|1509|161|1287|177|212|68|1189|155|188|137|149|75|12|15|0|14|156|76|204|69
1600000US3721880|3327|336|3036|313|0|19|3036|313|2838|326|287|183|2549|336|122|79|409|162|35|47|0|19|52|70|239|126
1600000US3721960|94|29|78|26|0|14|78|26|72|28|5|8|67|22|5|7|7|6|0|14|0|14|5|10|11|11
1600000US3722040|72|38|56|34|0|14|56|34|55|33|14|21|42|28|1|3|5|10|0|14|0|14|3|5|13|15
1600000US3722080|83|42|75|41|0|14|75|41|75|41|0|14|75|41|0|14|0|14|0|14|0|14|0|14|8|12
1600000US3722240|310|96|220|75|1|4|219|75|187|61|62|41|157|68|32|28|29|28|0|14|0|14|0|14|90|53
1600000US3722280|35|30|26|29|0|14|26|29|26|29|0|14|26|29|0|14|0|14|0|14|0|14|0|14|9|15
1600000US3722305|1471|168|1362|164|0|14|1362|164|1231|167|112|48|1227|161|131|50|84|40|0|14|0|14|23|21|86|75
1600000US3722360|950|125|727|111|0|14|727|111|625|104|97|44|621|108|102|37|21|14|0|14|0|14|31|23|192|64
1600000US3722380|753|161|659|162|0|14|659|162|576|141|15|18|628|166|83|94|53|52|0|14|0|14|0|14|94|46
1600000US3722440|739|213|687|206|0|14|687|206|618|206|69|67|618|202|57|60|46|63|0|14|0|14|0|14|52|45
1600000US3722500|1213|146|1106|141|0|14|1106|141|1046|127|207|99|833|132|60|43|69|51|0|14|0|14|36|55|71|54
1600000US3722560|246|56|219|51|2|3|217|50|209|48|37|22|180|46|8|11|14|12|0|14|0|14|0|14|27|19
1600000US3722600|396|185|382|186|2|3|380|186|365|186|123|146|246|90|13|14|15|15|0|14|0|14|0|14|14|16
1600000US3722620|40|20|37|18|0|14|37|18|34|18|3|4|34|18|3|5|0|14|0|14|0|14|0|14|3|7
1600000US3722640|66|106|6|8|0|14|6|8|2|3|0|14|6|8|4|6|0|14|0|14|0|14|0|14|60|106
1600000US3722720|268|111|216|103|0|14|216|103|213|103|90|91|126|59|3|4|0|14|0|14|0|14|26|31|26|21
1600000US3722800|150|72|137|72|0|14|137|72|137|72|0|14|137|72|0|14|10|16|0|14|0|14|0|14|13|22
1600000US3722820|2004|149|1603|178|0|14|1603|178|1353|193|238|116|1231|207|74|61|126|100|42|66|0|14|13|21|388|168
1600000US3722920|82689|676|75688|853|40|36|75648|851|70693|899|7448|493|66634|930|4195|416|3732|359|258|109|109|59|1885|351|5116|432
1600000US3722982|1361|237|1212|232|0|14|1212|232|1141|204|70|73|1121|212|71|72|55|45|0|14|0|14|127|57|22|35
1600000US3723520|338|105|329|105|0|14|329|105|329|105|33|39|290|104|0|14|20|23|0|14|0|14|0|14|9|15
1600000US3723600|1754|112|1660|125|0|14|1660|125|1605|121|72|48|1504|123|31|29|115|59|14|23|0|14|72|77|22|35
1600000US3723640|468|159|342|133|0|14|342|133|313|132|45|34|297|136|29|40|21|33|0|14|0|14|5|11|121|94
1600000US3723760|3372|235|3105|246|0|19|3105|246|2945|255|191|111|2812|275|106|66|160|81|19|30|12|21|85|83|182|117
1600000US3723980|0|14|0|14|0|14|0|14|0|14|0|14|0|14|0|14|0|14|0|14|0|14|0|14|0|14
1600000US3724080|2681|246|2228|228|0|19|2228|228|2093|228|265|123|1823|255|135|84|99|60|0|19|0|19|76|79|377|154
1600000US3724170|211|112|147|66|0|14|147|66|132|61|30|41|117|51|15|13|0|14|0|14|0|14|6|11|58|83
1600000US3724198|1624|291|1567|271|0|14|1567|271|1413|283|81|74|1477|292|154|137|113|133|0|14|0|14|0|14|57|89
1600000US3724380|545|126|470|120|0|14|470|120|459|122|1|4|443|118|11|17|0|14|0|14|0|14|25|29|50|54
1600000US3724440|167|58|142|51|0|14|142|51|135|50|59|40|78|33|7|9|5|7|0|14|0|14|0|14|25|25
1600000US3724520|1004|135|748|134|0|14|748|134|699|128|123|66|573|123|46|41|109|70|0|14|0|14|115|158|141|92
1600000US3724570|715|113|712|112|0|14|712|112|658|111|56|23|605|114|52|22|69|35|0|14|0|14|3|6|0|14
1600000US3724640|2284|251|1885|224|0|14|1885|224|1785|220|179|100|1651|213|70|43|96|48|18|20|0|14|125|135|274|150
1600000US3724720|973|202|837|172|0|14|837|172|735|158|99|61|728|143|86|80|65|44|0|14|0|14|53|52|83|58
1600000US3724740|398|106|281|89|0|14|281|89|255|82|21|16|240|79|26|21|2|4|0|14|0|14|43|36|74|69
1600000US3724900|454|128|385|129|0|14|385|129|372|127|100|73|285|105|13|19|9|13|0|14|0|14|2|4|67|52
1600000US3725020|384|162|369|158|0|14|369|158|322|148|56|59|274|128|47|61|39|67|0|14|0|14|0|14|15|26
1600000US3725160|1159|235|934|172|0|14|934|172|822|152|164|85|675|161|81|76|74|64|9|14|0|14|75|91|150|169
1600000US3725300|14366|627|13847|634|84|87|13763|646|13119|609|1081|364|12474|631|644|277|836|326|0|29|0|29|332|190|187|131
1600000US3725380|1439|168|1302|165|0|14|1302|165|1117|200|217|133|1073|178|185|131|113|101|0|14|0|14|22|23|115|120
1600000US3725460|235|87|215|78|4|7|211|78|206|77|39|34|170|67|3|5|36|46|2|5|0|14|3|5|17|19
1600000US3725480|13899|535|13069|487|0|29|13069|487|12420|522|1165|331|11244|615|608|199|800|243|22|29|0|29|263|130|567|357
1600000US3725540|326|88|303|89|0|14|303|89|270|85|23|25|272|89|33|39|3|6|0|14|0|14|0|14|23|29
1600000US3725560|394|104|337|95|0|14|337|95|310|96|10|12|322|94|27|19|9|9|0|14|0|14|2|4|55|43
1600000US3725580|32378|588|29141|646|68|71|29073|636|27442|652|2993|414|25299|547|1447|287|1653|422|47|48|15|18|749|291|2488|400
1600000US3725680|130|49|124|48|0|14|124|48|115|46|15|17|109|44|9|10|0|14|0|14|0|14|0|14|6|7
1600000US3725880|429|223|417|222|45|73|372|210|341|200|0|14|372|210|31|52|12|18|0|14|0|14|0|14|12|21
1600000US3725900|75|55|51|40|0|14|51|40|44|39|13|21|31|34|0|14|7|11|7|11|0|14|0|14|24|40
1600000US3725940|292|60|252|57|0|14|252|57|242|57|74|37|174|45|7|8|35|31|0|14|0|14|14|14|26|14
1600000US3725980|3734|292|3526|252|0|19|3526|252|3360|256|161|92|3325|254|166|125|268|145|0|19|0|19|14|17|194|156
1600000US3726200|686|121|577|122|0|14|577|122|544|117|62|29|515|117|33|27|6|9|0|14|0|14|15|21|94|70
1600000US3726460|1251|228|1109|221|0|14|1109|221|1089|222|81|63|998|219|20|24|30|42|0|14|0|14|34|29|108|85
1600000US3726520|70|69|31|28|0|14|31|28|27|27|0|14|31|28|4|6|0|14|0|14|0|14|39|62|0|14
1600000US3726560|85|71|85|71|0|14|85|71|85|71|18|29|67|65|0|14|0|14|0|14|0|14|0|14|0|14
1600000US3726680|194|44|164|50|0|14|164|50|154|50|14|25|135|50|0|14|15|19|10|16|0|14|0|14|30|24
1600000US3726740|89|37|77|38|0|14|77|38|62|28|5|8|72|36|15|24|6|9|0|14|0|14|1|4|11|11
1600000US3726800|261|158|215|140|0|14|215|140|205|140|34|40|110|96|10|16|71|106|0|14|0|14|0|14|46|73
1600000US3726880|15145|504|12978|477|0|29|12978|477|12054|464|1553|337|11133|472|880|203|305|113|44|68|0|29|468|172|1699|315
1600000US3726920|141|99|112|94|0|14|112|94|109|93|4|6|105|92|3|5|3|5|0|14|0|14|4|8|25|19
1600000US3727120|490|152|388|95|0|14|388|95|361|93|13|25|375|101|27|44|13|23|0|14|0|14|39|54|63|99
1600000US3727180|806|132|806|132|0|14|806|132|806|132|37|44|769|140|0|14|47|49|0|14|0|14|0|14|0|14
1600000US3727182|840|204|840|204|0|14|840|204|816|206|35|51|783|207|8|12|40|37|16|25|0|14|0|14|0|14
1600000US3727280|8095|357|7260|346|0|21|7260|346|6794|355|1013|266|6043|376|456|166|524|188|10|16|0|21|207|101|628|181
1600000US3727300|27|27|12|14|0|14|12|14|7|11|0|14|12|14|5|8|0|14|0|14|0|14|0|14|15|24
1600000US3727324|8|8|8|8|0|14|8|8|8|8|0|14|6|7|0|14|1|2|0|14|0|14|0|14|0|14
1600000US3727400|1097|192|1046|200|0|14|1046|200|952|185|44|32|885|200|84|91|103|57|0|14|0|14|0|14|51|48
1600000US3727420|1724|146|1688|146|0|14|1688|146|1490|171|197|103|1391|174|109|82|150|121|89|115|0|14|12|27|24|21
1600000US3727440|1263|172|1081|204|0|14|1081|204|985|201|152|127|912|189|96|61|62|89|0|14|0|14|96|130|86|92
1600000US3727520|260|64|234|59|2|5|232|58|217|56|51|32|173|50|15|16|8|7|0|14|0|14|4|6|22|18
1600000US3727780|335|149|171|82|0|14|171|82|169|81|29|23|108|62|2|3|39|46|0|14|0|14|7|11|157|137
1600000US3727870|1047|128|830|119|0|14|830|119|786|120|109|53|713|111|44|38|45|26|0|14|0|14|25|32|192|88
1600000US3728000|123984|1097|112793|1377|63|70|112730|1389|106791|1441|13344|1017|96749|1528|5300|657|6806|703|203|121|99|58|3756|682|7435|979
1600000US3728080|40783|984|36570|1016|13|19|36557|1018|34994|948|7007|910|29116|1124|1463|340|1043|240|55|33|8|16|2088|447|2125|472
1600000US3728200|1096|257|870|244|0|14|870|244|857|245|110|65|753|231|6|9|23|21|0|14|0|14|43|36|183|133
1600000US3728240|211|76|193|77|0|14|193|77|186|77|33|40|151|56|7|7|7|10|0|14|0|14|5|7|13|13
1600000US3728400|281|94|224|81|0|14|224|81|186|69|25|19|188|80|35|44|11|11|3|4|0|14|12|16|45|33
1600000US3728600|88|87|88|87|0|14|88|87|88|87|88|87|0|14|0|14|0|14|0|14|0|14|0|14|0|14
1600000US3728900|2819|351|2625|329|0|19|2625|329|2346|301|273|147|2283|373|279|151|139|100|0|19|0|19|96|102|98|65
1600000US3728920|173|99|46|26|0|14|46|26|40|25|3|4|43|25|6|10|0|14|0|14|0|14|77|86|50|33
1600000US3729000|102|71|92|72|0|14|92|72|92|72|8|14|84|72|0|14|0|14|0|14|0|14|0|14|10|15
1600000US3729120|113|35|94|32|0|14|94|32|75|30|16|14|74|27|18|13|14|13|1|3|0|14|0|14|19|17
1600000US3729160|2455|334|1995|279|0|19|1995|279|1887|274|401|213|1514|247|108|122|115|92|0|19|0|19|50|73|410|179
1600000US3729180|3182|384|3002|363|0|19|3002|363|2736|308|271|141|2639|370|266|195|154|108|0|19|0|19|32|47|148|148
1600000US3729560|462|104|417|101|0|14|417|101|412|101|61|37|351|98|0|14|5|7|5|7|0|14|0|14|45|36
1600000US3729640|297|76|280|77|0|14|280|77|278|75|13|10|257|77|2|6|26|23|0|14|0|14|0|14|17|11
1600000US3729680|66|33|59|31|0|14|59|31|59|31|30|24|29|17|0|14|2|4|0|14|0|14|0|14|7|10
1600000US3729720|69|34|55|32|0|14|55|32|40|30|0|14|49|31|11|13|12|10|4|5|0|14|8|10|6|8
1600000US3729800|6176|376|6005|360|9|14|5996|362|5567|430|261|106|5484|408|277|172|559|232|19|22|0|21|55|52|116|84
1600000US3730040|20|24|8|9|0|14|8|9|8|9|5|7|3|6|0|14|0|14|0|14|0|14|0|14|12|23
1600000US3730100|84|63|84|63|0|14|84|63|84|63|28|43|56|51|0|14|29|48|0|14|0|14|0|14|0|14
1600000US3730120|6000|332|5320|433|5|10|5315|433|5154|420|511|199|4530|422|154|85|405|198|0|21|7|13|112|93|568|222
1600000US3730260|1049|162|985|153|0|14|985|153|940|154|114|59|851|153|33|23|51|35|12|20|0|14|23|26|41|36
1600000US3730280|320|113|294|112|0|14|294|112|276|115|37|24|246|104|15|11|15|16|3|4|0|14|3|5|23|16
1600000US3730340|469|160|443|162|0|14|443|162|443|162|6|11|437|163|0|14|32|42|0|14|0|14|0|14|26|32
1600000US3730620|767|166|707|155|0|14|707|155|680|151|103|73|590|154|26|18|42|28|0|14|1|2|6|7|54|56
1600000US3730660|6176|337|5028|338|20|23|5008|345|4574|378|949|278|3901|399|342|131|239|131|18|25|0|21|110|78|1038|287
1600000US3730720|8143|369|7162|403|11|17|7151|401|6495|398|802|201|6103|416|567|208|517|160|52|54|0|21|313|108|668|206
1600000US3730800|97|61|51|41|0|14|51|41|37|43|0|14|51|41|14|23|0|14|0|14|0|14|0|14|46|51
1600000US3730900|786|158|595|141|0|14|595|141|569|139|58|39|468|130|18|20|58|43|8|14|0|14|15|19|176|94
1600000US3731060|18042|568|15804|576|0|29|15804|576|15094|608|1616|278|13786|590|486|155|792|246|69|100|8|15|733|261|1505|341
1600000US3731260|144|82|103|72|0|14|103|72|62|49|9|17|94|74|41|64|0|14|0|14|0|14|0|14|41|63
1600000US3731360|643|154|590|151|0|14|590|151|576|149|76|62|500|135|10|16|75|78|4|7|0|14|0|14|53|27
1600000US3731400|45872|1141|41754|1149|31|39|41723|1157|39616|1178|7496|1071|33240|1053|1806|313|2742|462|57|35|0|32|1141|326|2977|522
1600000US3731440|190|70|165|68|0|14|165|68|123|49|21|13|144|69|42|52|2|3|0|14|0|14|0|14|25|25
1600000US3731490|55|49|46|48|0|14|46|48|46|48|0|14|46|48|0|14|0|14|0|14|0|14|0|14|9|17
1600000US3731500|902|187|774|178|0|14|774|178|723|172|50|33|699|167|48|30|52|41|0|14|3|6|6|9|122|59
1600000US3731620|4146|296|4057|305|0|19|4057|305|3710|318|388|271|3565|326|305|152|176|125|0|19|29|47|44|40|45|60
1600000US3731860|76|43|68|41|0|14|68|41|66|41|4|5|60|39|2|4|4|6|0|14|0|14|1|3|7|9
1600000US3731880|5|7|0|14|0|14|0|14|0|14|0|14|0|14|0|14|0|14|0|14|0|14|0|14|5|7
1600000US3731920|237|88|221|87|0|14|221|87|213|86|26|21|193|84|8|10|2|3|0|14|0|14|2|3|14|14
1600000US3731960|484|85|464|85|2|3|462|85|447|85|20|11|438|84|12|8|15|10|0|14|0|14|12|12|8|5
1600000US3732100|261|54|177|51|0|14|177|51|177|51|5|9|159|50|0|14|26|23|0|14|0|14|25|16|59|33
1600000US3732180|1913|237|1868|252|0|14|1868|252|1578|299|181|177|1687|277|244|177|46|80|0|14|0|14|0|14|45|70
1600000US3732260|14982|554|14701|568|0|29|14701|568|14223|533|765|218|13844|554|478|211|928|319|0|29|0|29|216|130|65|39
1600000US3732540|198|78|157|67|0|14|157|67|150|67|10|9|126|51|4|6|24|29|3|5|0|14|9|10|32|36
1600000US3732580|640|200|564|206|0|14|564|206|513|196|50|80|443|200|15|25|73|63|36|49|0|14|0|14|76|89
1600000US3732640|6543|344|6055|345|0|21|6055|345|5495|376|455|143|5512|336|545|141|274|106|4|6|11|19|62|52|426|136
1600000US3732740|653|146|559|123|0|14|559|123|537|123|62|41|483|113|15|18|20|18|7|11|0|14|47|69|47|42
1600000US3732840|229|68|209|63|0|14|209|63|206|62|33|22|169|55|3|6|12|18|0|14|0|14|5|10|15|14
1600000US3732980|1529|193|1316|148|0|14|1316|148|1229|139|152|87|1122|162|87|69|52|48|0|14|0|14|2|4|211|129
1600000US3733120|25055|550|24240|552|4|6|24236|551|23260|695|1568|389|22278|653|857|318|1050|207|7|11|83|132|334|154|481|199
1600000US3733320|959|252|748|224|13|19|735|225|688|231|116|78|595|212|36|33|24|28|11|17|0|14|18|28|193|135
1600000US3733460|104|27|101|26|0|14|101|26|99|27|11|8|88|29|2|4|4|5|0|14|0|14|1|2|2|5
1600000US3733560|13796|487|13212|522|6|10|13206|524|12875|514|1200|352|11750|503|297|124|597|188|34|38|0|29|218|136|366|161
1600000US3733640|126|57|104|57|0|14|104|57|95|57|0|14|96|57|9|14|8|13|0|14|0|14|0|14|22|22
1600000US3733820|319|157|289|161|0|14|289|161|256|160|0|14|289|161|33|38|22|36|0|14|0|14|9|16|21|35
1600000US3733940|79|40|70|37|0|14|70|37|70|37|8|14|62|36|0|14|0|14|0|14|0|14|0|14|9|14
1600000US3733993|153|116|153|116|0|14|153|116|147|117|11|17|142|115|0|14|82|110|0|14|0|14|0|14|0|14
1600000US3734000|359|116|274|110|0|14|274|110|270|110|4|6|260|112|4|5|21|19|0|14|0|14|8|13|77|42
1600000US3734038|327|127|259|116|0|14|259|116|242|111|21|17|228|112|17|30|0|14|0|14|0|14|20|33|48|41
1600000US3734160|98|90|98|90|6|9|92|89|92|89|0|14|92|89|0|14|28|35|0|14|0|14|0|14|0|14
1600000US3734200|22688|788|21380|807|0|32|21380|807|18980|897|2471|495|18410|873|2307|604|1061|270|24|25|0|32|418|211|890|287
1600000US3734260|2111|276|1918|290|0|14|1918|290|1786|281|124|90|1755|286|123|64|34|39|0|14|0|14|41|33|152|104
1600000US3734300|1589|177|1531|195|0|14|1531|195|1488|192|136|77|1357|202|43|53|10|16|0|14|0|14|7|11|51|57
1600000US3734320|211|95|201|95|2|4|199|94|187|95|22|17|172|88|12|12|8|13|0|14|0|14|0|14|10|12
1600000US3734440|779|165|639|136|0|14|639|136|581|135|65|38|565|127|58|41|18|15|0|14|0|14|1|2|139|68
1600000US3734840|1325|224|1067|228|0|14|1067|228|841|158|104|62|935|231|226|158|40|34|0|14|0|14|32|24|226|107
1600000US3735200|22509|677|20669|742|0|32|20669|742|18381|796|2601|408|17524|767|1693|431|1451|375|231|168|0|32|467|285|1373|368
1600000US3735340|176|122|146|118|0|14|146|118|135|114|19|30|127|114|11|18|10|17|0|14|0|14|0|14|30|33
1600000US3735360|110|73|73|58|0|14|73|58|36|25|4|7|40|29|10|18|27|49|27|49|0|14|0|14|37|44
1600000US3735440|194|92|151|92|5|10|146|94|146|94|45|40|101|89|0|14|10|16|0|14|0|14|0|14|43|62
1600000US3735460|430|118|341|97|0|14|341|97|282|86|34|38|283|85|59|48|56|32|0|14|0|14|8|10|81|47
1600000US3735540|898|163|770|160|0|14|770|160|710|147|249|117|476|131|14|14|85|72|0|14|0|14|11|11|117|65
1600000US3735600|12630|498|11719|487|15|18|11704|486|10954|530|1315|288|10130|490|702|238|596|176|16|17|19|22|369|151|542|197
1600000US3735720|3384|269|3134|288|0|19|3134|288|2996|287|193|101|2908|278|121|81|83|53|15|24|0|19|174|151|76|88
1600000US3735760|3216|250|2904|268|0|19|2904|268|2751|270|72|60|2755|255|135|87|169|99|0|19|18|28|12|18|300|147
1600000US3735870|4256|635|4078|623|0|19|4078|623|3680|555|695|512|3358|443|271|147|244|226|0|19|0|19|65|86|113|65
1600000US3735880|4633|367|3761|363|0|21|3761|363|3510|365|687|251|2915|407|251|170|256|127|0|21|0|21|92|85|780|275
1600000US3735890|204|83|128|61|0|14|128|61|109|55|22|17|102|51|17|19|11|20|2|4|0|14|0|14|76|52
1600000US3735920|8891|407|6927|455|12|19|6915|460|6599|457|1698|362|4787|402|280|117|622|197|29|33|3|6|568|231|1396|286
1600000US3736020|24|14|18|11|0|14|18|11|13|11|0|14|18|11|5|6|4|5|0|14|0|14|0|14|6|8
1600000US3736060|1619|121|1514|118|0|14|1514|118|1439|119|137|80|1370|130|75|44|16|20|0|14|0|14|95|54|10|17
1600000US3736080|7594|392|7345|389|0|25|7345|389|7136|395|665|225|6345|412|123|104|755|253|18|21|0|25|10|18|239|136
1600000US3736220|1073|202|1069|202|0|14|1069|202|949|122|35|21|1028|204|120|157|51|36|0|14|0|14|0|14|4|7
1600000US3736400|1075|173|975|218|0|14|975|218|851|219|168|127|730|245|97|84|218|157|27|25|0|14|0|14|100|93
1600000US3736480|1321|240|1139|202|0|14|1139|202|1063|208|203|122|877|188|44|36|89|53|8|12|0|14|60|90|122|95
1600000US3736500|824|152|767|158|21|24|746|161|661|163|8|10|560|113|83|44|189|108|2|3|0|14|4|6|53|74
1600000US3736510|4138|381|3829|373|0|19|3829|373|3712|374|270|114|3533|368|117|85|112|61|0|19|0|19|87|63|222|118
1600000US3736511|4580|354|4468|351|0|21|4468|351|4326|361|217|126|4194|328|142|67|255|129|0|21|0|21|27|31|85|79
1600000US3736512|1363|112|1326|118|0|14|1326|118|1292|118|18|17|1284|118|34|25|45|33|0|14|0|14|18|24|19|24
1600000US3736513|1375|257|1294|258|40|60|1254|258|1070|238|104|43|1073|249|87|85|210|131|50|76|0|14|0|14|81|78
1600000US3736514|41|23|41|23|0|14|41|23|39|22|2|3|30|18|2|5|11|12|0|14|0|14|0|14|0|14
1600000US3736640|624|92|528|82|0|14|528|82|476|76|40|27|480|79|52|52|15|12|0|14|0|14|33|26|63|47
1600000US3736860|1632|171|1453|202|0|14|1453|202|1367|219|106|103|1334|220|86|86|166|93|0|14|0|14|0|14|179|165
1600000US3736960|75|42|58|39|0|14|58|39|55|38|0|14|58|39|3|4|0|14|0|14|0|14|1|2|16|18
1600000US3737000|45|19|43|19|0|14|43|19|43|19|9|9|16|11|0|14|20|15|0|14|0|14|0|14|2|3
1600000US3737040|110|43|96|41|0|14|96|41|94|40|6|8|87|40|2|5|3|5|0|14|0|14|0|14|14|11
1600000US3737120|394|98|380|97|0|14|380|97|369|95|36|32|320|99|11|16|0|14|0|14|0|14|0|14|14|18
1600000US3737160|1054|135|1015|125|0|14|1015|125|919|116|82|47|900|123|93|80|76|42|0|14|0|14|7|11|32|32
1600000US3737220|5698|194|4986|228|0|21|4986|228|4803|224|866|166|3959|223|154|77|283|100|21|26|0|21|129|63|583|132
1600000US3737260|269|71|211|72|0|14|211|72|205|69|9|12|200|71|4|6|4|6|2|4|0|14|0|14|58|36
1600000US3737640|18|14|10|8|0|14|10|8|10|8|2|3|8|7|0|14|0|14|0|14|0|14|0|14|8|11
1600000US3737680|13219|521|12764|514|10|15|12754|514|12111|557|771|181|11890|551|643|223|405|122|0|25|0|25|130|79|325|150
1600000US3737760|8199|450|6725|441|0|21|6725|441|6368|445|1468|445|5125|492|337|152|273|151|13|21|0|21|274|146|1200|365
1600000US3738030|191|87|149|73|0|14|149|73|115|64|43|50|102|52|26|32|18|22|0|14|0|14|6|11|36|32
1600000US3738040|5106|413|4899|411|0|21|4899|411|4465|395|420|164|4363|357|412|142|242|104|14|24|0|21|7|13|200|133
1600000US3738060|7529|507|6320|497|0|21|6320|497|5748|478|933|210|5212|465|256|101|510|177|6|10|11|17|272|145|937|283
1600000US3738100|1047|181|773|134|0|14|773|134|700|130|132|76|637|149|73|56|11|14|0|14|0|14|42|35|232|148
1600000US3738170|110|63|85|55|0|14|85|55|85|55|34|29|51|49|0|14|0|14|0|14|0|14|0|14|25|39
1600000US3738200|280|112|255|113|0|14|255|113|242|113|54|45|201|101|13|11|4|6|0|14|0|14|2|3|23|21
1600000US3738220|1221|129|1155|118|0|14|1155|118|1096|113|151|67|982|142|59|40|56|34|0|14|0|14|19|24|47|33
1600000US3738320|5023|357|4408|341|0|21|4408|341|4104|339|469|171|3834|330|304|172|155|101|0|21|0|21|167|102|448|201
1600000US3738360|54|16|42|14|0|14|42|14|42|14|5|8|30|11|0|14|7|7|0|14|0|14|2|3|10|8
1600000US3738420|148|124|92|92|0|14|92|92|92|92|0|14|92|92|0|14|0|14|0|14|0|14|0|14|56|88
1600000US3738680|253|71|203|66|0|14|203|66|185|63|18|17|183|60|15|16|3|5|2|3|0|14|0|14|50|29
1600000US3738860|2193|208|1901|229|0|19|1901|229|1767|204|99|59|1729|225|120|82|91|70|14|23|0|19|193|143|99|85
1600000US3739060|72|59|72|59|0|14|72|59|72|59|0|14|72|59|0|14|0|14|0|14|0|14|0|14|0|14
1600000US3739280|2200|251|1958|242|0|19|1958|242|1852|253|487|191|1402|224|92|59|119|93|0|19|0|19|72|63|170|104
1600000US3739360|1131|209|862|131|16|20|846|126|783|122|89|59|650|104|10|12|167|88|44|55|0|14|15|20|254|167
1600000US3739420|101|37|74|32|3|5|71|32|67|31|24|18|32|20|4|6|5|6|0|14|0|14|15|16|12|13
1600000US3739480|1780|255|1597|257|0|14|1597|257|1515|276|145|82|1351|279|78|49|78|54|4|41|0|14|80|78|103|70
1600000US3739520|1533|229|1419|230|0|14|1419|230|1314|221|37|42|1364|241|105|99|113|96|0|14|0|14|11|18|103|86
1600000US3739540|91|54|61|52|0|14|61|52|61|52|22|20|39|47|0|14|0|14|0|14|0|14|0|14|30|35
1600000US3739600|361|100|344|99|0|14|344|99|308|93|87|53|239|83|22|18|49|34|7|8|0|14|10|17|7|8
1600000US3739680|41|15|39|14|0|14|39|14|37|14|0|14|39|14|2|3|2|4|0|14|0|14|0|14|2|4
1600000US3739700|6901|263|5796|237|16|16|5780|239|4245|265|654|128|4894|243|1473|182|343|88|43|38|9|13|181|66|924|192
1600000US3739880|438|144|401|138|0|14|401|138|390|130|31|18|358|137|10|14|25|18|1|4|0|14|13|15|24|37
1600000US3739960|140|46|97|38|0|14|97|38|93|38|1|2|93|37|2|3|4|5|1|2|0|14|0|14|43|27
1600000US3740140|40|16|27|14|1|2|26|14|26|14|10|11|13|8|0|14|3|4|0|14|0|14|0|14|13|11
1600000US3740240|45|35|35|31|0|14|35|31|35|31|2|3|33|31|0|14|0|14|0|14|0|14|0|14|10|17
1600000US3740460|364|131|295|138|0|14|295|138|204|109|27|32|268|142|91|103|0|14|0|14|0|14|0|14|69|68
1600000US3740540|33|24|29|22|1|2|28|22|26|22|6|10|19|17|2|5|2|3|0|14|0|14|1|3|3|5
1600000US3740560|1060|152|890|150|0|14|890|150|772|158|50|31|777|153|110|61|27|19|8|9|0|14|15|17|155|73
1600000US3740600|875|161|823|143|0|14|823|143|764|142|162|73|629|128|59|31|30|20|0|14|0|14|0|14|52|49
1600000US3740640|371|120|333|117|0|14|333|117|274|103|24|21|306|114|57|66|25|27|2|3|0|14|6|7|32|24
1600000US3740660|1336|133|1091|185|0|14|1091|185|1039|195|134|100|913|178|52|56|84|58|0|14|0|14|14|23|231|176
1600000US3740860|314|143|266|141|0|14|266|141|240|140|44|31|222|142|26|34|0|14|0|14|0|14|0|14|48|52
1600000US3740980|488|150|434|145|0|14|434|145|416|139|12|20|422|146|18|30|18|26|0|14|0|14|40|42|14|24
1600000US3741060|960|188|854|190|16|26|838|180|779|165|48|31|767|174|59|73|38|29|0|14|0|14|44|47|62|51
1600000US3741220|115|46|114|45|0|14|114|45|114|45|0|14|114|45|0|14|0|14|0|14|0|14|0|14|1|7
1600000US3741380|52|15|32|12|0|14|32|12|32|12|7|7|21|10|0|14|6|7|0|14|0|14|1|4|19|11
1600000US3741420|2869|208|2272|223|0|19|2272|223|2057|248|338|130|1874|229|187|109|65|41|19|24|0|19|124|123|473|169
1600000US3741540|1063|186|1028|192|0|14|1028|192|911|183|124|101|852|202|117|76|50|57|0|14|0|14|0|14|35|34
1600000US3741580|453|116|364|107|0|14|364|107|330|102|53|44|299|93|31|32|9|11|3|6|0|14|3|5|86|49
1600000US3741600|186|82|175|84|0|14|175|84|175|84|0|14|161|81|0|14|0|14|0|14|0|14|0|14|11|17
1600000US3741620|890|173|784|153|0|14|784|153|688|133|41|33|728|149|92|74|34|31|0|14|0|14|3|5|103|53
1600000US3741640|953|139|788|105|0|14|788|105|727|121|106|77|655|96|53|56|63|55|0|14|0|14|15|18|150|98
1600000US3741720|1917|143|1908|144|0|19|1908|144|1899|145|46|45|1834|148|9|13|117|84|0|19|0|19|0|19|9|15
1600000US3741960|11864|460|10936|471|3|6|10933|472|10585|467|707|156|10038|492|255|95|609|162|24|32|0|29|586|185|342|174
1600000US3742000|115|61|94|52|0|14|94|52|94|52|51|39|43|36|0|14|0|14|0|14|0|14|0|14|21|30
1600000US3742020|910|113|648|88|0|14|648|88|596|84|103|37|515|87|32|25|64|28|4|6|16|25|39|24|223|79
1600000US3742060|1200|166|1029|170|0|14|1029|170|891|144|215|106|804|146|138|70|25|29|0|14|0|14|17|25|154|78
1600000US3742100|373|74|337|74|0|14|337|74|323|75|27|16|308|77|14|12|23|28|0|14|0|14|1|4|35|25
1600000US3742240|7857|429|7173|418|0|21|7173|418|6886|418|570|212|6444|434|252|169|403|165|0|21|0|21|235|127|449|272
1600000US3742480|85|38|68|29|0|14|68|29|61|30|16|21|50|24|5|5|4|4|2|3|0|14|0|14|17|24
1600000US3742620|228|78|168|73|0|14|168|73|161|72|1|6|151|67|7|12|7|10|0|14|0|14|0|14|60|38
1600000US3742640|41|31|33|29|0|14|33|29|33|29|13|24|10|14|0|14|6|10|0|14|0|14|4|7|4|6
1600000US3742700|385|88|311|78|0|14|311|78|306|78|117|61|176|50|5|6|20|17|0|14|0|14|19|27|55|30
1600000US3742760|1767|162|1710|152|0|14|1710|152|1539|182|296|144|1373|186|171|123|124|102|0|14|0|14|0|14|57|77
1600000US3742860|2010|168|1775|172|0|14|1775|172|1643|181|183|125|1473|199|114|105|120|120|18|31|0|14|85|94|150|90
1600000US3743160|723|151|573|125|0|14|573|125|573|125|44|34|524|118|0|14|8|12|0|14|0|14|0|14|150|85
1600000US3743200|237|91|196|86|0|14|196|86|181|86|18|21|147|78|15|23|30|29|0|14|0|14|12|18|29|33
1600000US3743260|2727|181|2501|160|0|19|2501|160|2303|171|268|93|2093|172|186|67|250|95|0|19|0|19|102|88|124|66
1600000US3743300|66|36|45|26|0|14|45|26|45|26|0|14|45|26|0|14|1|4|0|14|0|14|0|14|21|23
1600000US3743320|40|31|35|30|0|14|35|30|35|30|15|23|20|18|0|14|0|14|0|14|0|14|0|14|5|9
1600000US3743360|1170|103|1115|89|0|14|1115|89|1080|87|125|66|968|102|18|19|60|38|0|14|0|14|4|6|51|45
1600000US3743440|326|60|304|58|0|14|304|58|279|54|32|23|260|54|15|9|20|11|3|4|0|14|0|14|22|15
1600000US3743480|10262|441|9903|459|35|54|9868|460|9491|487|639|176|9114|482|336|118|436|136|9|16|0|25|101|97|258|126
1600000US3743580|102|40|89|37|0|14|89|37|88|37|16|15|73|32|1|2|0|14|0|14|0|14|0|14|13|22
1600000US3743720|2324|209|2040|199|24|40|2016|199|1938|205|118|66|1866|192|68|63|129|83|0|19|0|19|86|59|198|97
1600000US3743860|148|51|134|47|0|14|134|47|120|41|42|22|84|39|13|16|10|10|1|3|0|14|0|14|14|16
1600000US3743880|334|170|304|161|0|14|304|161|304|161|92|158|167|77|0|14|22|23|0|14|0|14|30|46|0|14
1600000US3743920|12620|581|11683|518|0|29|11683|518|10922|535|1644|327|9650|567|728|274|802|201|8|12|0|29|121|78|816|312
1600000US3744100|62|49|62|49|0|14|62|49|62|49|11|17|51|45|0|14|0|14|0|14|0|14|0|14|0|14
1600000US3744160|81|34|61|27|0|14|61|27|59|26|1|4|59|25|2|4|1|4|0|14|0|14|0|14|20|18
1600000US3744220|20009|639|19387|656|0|32|19387|656|17841|664|1535|320|17442|687|1470|451|861|229|70|64|0|32|247|118|375|165
1600000US3744280|664|260|569|244|0|14|569|244|489|240|53|56|516|249|80|85|0|14|0|14|0|14|21|34|74|72
1600000US3744320|5169|252|4552|251|12|13|4540|252|4224|270|401|128|4014|256|310|139|149|73|6|8|0|19|301|172|316|131
1600000US3744400|6888|324|6226|340|0|21|6226|340|5760|358|1213|325|4894|500|414|166|280|115|17|27|7|14|118|78|544|165
1600000US3744520|12300|541|12044|532|0|29|12044|532|11398|611|228|103|11794|523|585|339|725|252|0|29|0|29|212|126|44|46
1600000US3744560|147|71|140|71|0|14|140|71|117|64|29|25|111|69|23|26|0|14|0|14|0|14|5|9|2|4
1600000US3744700|1445|252|1384|261|0|14|1384|261|1308|267|225|169|1093|213|76|56|75|86|0|14|0|14|0|14|61|66
1600000US3744770|1441|265|1270|241|0|14|1270|241|1164|233|98|70|1104|233|87|72|129|69|0|14|19|31|66|103|105|101
1600000US3744800|4865|346|4094|290|4|7|4090|289|3592|268|471|132|3471|303|396|144|342|139|77|61|12|17|220|105|551|173
1600000US3744900|521|119|476|120|0|14|476|120|396|107|49|49|421|126|80|86|13|14|0|14|0|14|16|22|29|21
1600000US3744960|7307|372|6913|394|12|15|6901|394|6491|406|550|163|6095|323|364|180|424|172|17|26|8|11|86|58|308|128
1600000US3745100|1677|151|1453|153|0|14|1453|153|1358|145|252|98|1128|157|79|58|123|70|16|19|0|14|42|38|182|100
1600000US3745140|775|151|659|128|0|14|659|128|601|127|54|35|570|118|45|29|46|30|10|16|0|14|11|10|105|101
1600000US3745460|2141|268|1931|315|0|19|1931|315|1813|326|82|47|1763|302|46|53|135|85|26|38|0|19|77|125|133|102
1600000US3745560|912|218|781|216|0|14|781|216|732|208|34|30|747|214|49|40|5|10|0|14|0|14|0|14|131|85
1600000US3745640|1111|220|978|195|0|14|978|195|832|199|177|109|774|150|136|78|53|50|2|7|0|14|6|14|127|75
1600000US3745660|792|177|493|100|9|8|484|101|458|100|85|37|362|91|26|19|84|44|0|14|0|14|37|33|262|174
1600000US3745720|7324|530|7149|517|0|21|7149|517|6995|527|440|153|6582|530|103|71|373|212|21|33|0|21|46|50|129|111
1600000US3745840|4854|386|4723|400|0|21|4723|400|4559|401|433|214|4148|318|146|71|343|150|8|14|10|15|29|34|102|50
1600000US3745880|1586|164|1494|206|0|14|1494|206|1411|214|22|24|1453|205|83|92|88|75|0|14|0|14|12|19|80|67
1600000US3746000|2438|285|2121|300|0|19|2121|300|2030|294|485|257|1577|281|72|61|137|99|0|19|0|19|15|25|302|168
1600000US3746060|664|137|647|133|0|14|647|133|604|132|117|75|507|130|35|25|23|22|8|11|0|14|0|14|17|20
1600000US3746100|757|233|605|256|0|14|605|256|593|258|69|48|536|256|12|31|0|14|0|14|0|14|69|77|83|77
1600000US3746280|914|195|908|194|0|14|908|194|884|199|47|53|861|193|24|26|32|49|0|14|0|14|0|14|6|9
1600000US3746340|14673|629|12606|596|0|29|12606|596|12191|587|1332|301|10981|568|386|116|648|187|13|22|6|13|257|153|1810|349
1600000US3746650|535|169|511|166|0|14|511|166|426|155|0|14|486|175|74|76|60|59|11|17|0|14|0|14|24|26
1600000US3746740|391|104|301|85|0|14|301|85|257|80|25|20|257|79|44|32|25|25|0|14|0|14|10|13|80|64
1600000US3746820|210|74|189|71|0|14|189|71|180|71|16|15|169|66|9|8|9|14|0|14|0|14|0|14|21|24
1600000US3746860|1664|194|1530|165|0|14|1530|165|1493|165|69|47|1411|173|37|42|78|70|0|14|0|14|62|71|72|67
1600000US3747000|5286|377|4520|372|0|21|4520|372|4298|352|517|197|3952|392|203|103|122|80|0|21|0|21|71|77|695|358
1600000US3747020|267|69|216|71|0|14|216|71|209|71|35|22|176|70|6|7|51|52|1|3|0|14|2|4|49|27
1600000US3747240|464|119|384|118|0|14|384|118|342|110|50|42|275|107|26|28|48|48|16|29|0|14|16|17|64|32
1600000US3747260|23|20|23|20|0|14|23|20|23|20|16|20|6|13|0|14|0|14|0|14|0|14|0|14|0|14
1600000US3747485|2156|503|2094|497|0|19|2094|497|2094|497|156|81|1864|514|0|19|179|144|0|19|0|19|28|32|34|40
1600000US3747695|604|117|587|118|0|14|587|118|575|114|30|27|534|118|12|21|23|26|0|14|0|14|0|14|17|26
1600000US3747845|416|65|370|63|0|14|370|63|338|58|20|15|345|66|32|29|16|13|0|14|0|14|37|32|9|8
1600000US3747860|460|117|376|108|0|14|376|108|373|109|48|38|286|95|0|14|25|20|3|4|0|14|2|5|82|49
1600000US3747880|1859|216|1731|217|0|14|1731|217|1579|212|204|129|1516|228|148|113|82|67|0|14|0|14|5|8|123|80
1600000US3747980|883|106|808|100|0|14|808|100|764|104|108|52|678|96|42|25|33|21|0|14|0|14|0|14|75|43
1600000US3748040|1116|186|1064|181|0|14|1064|181|1021|180|141|64|905|175|40|24|80|61|0|14|0|14|0|14|52|45
1600000US3748060|167|92|148|90|0|14|148|90|144|90|67|85|71|31|0|14|6|8|0|14|0|14|1|2|18|16
1600000US3748345|4602|258|4356|258|0|19|4356|258|4066|273|339|132|3950|266|254|113|136|68|10|16|6|9|103|71|143|72
1600000US3748480|2630|152|2504|141|0|19|2504|141|2309|134|92|53|2380|151|133|72|144|79|7|11|0|19|26|32|100|70
1600000US3748700|514|77|498|76|0|14|498|76|482|69|56|36|428|67|13|16|19|14|0|14|0|14|4|6|12|15
1600000US3748740|387|143|356|146|0|14|356|146|328|142|83|88|273|124|0|14|28|41|0|14|0|14|0|14|31|46
1600000US3748790|3279|444|3215|452|0|19|3215|452|3165|465|267|138|2909|463|50|52|45|51|0|19|0|19|64|64|0|19
1600000US3748920|292|67|252|66|0|14|252|66|249|66|31|25|206|61|3|5|9|10|0|14|0|14|5|8|35|21
1600000US3748940|44|31|37|28|0|14|37|28|37|28|0|14|37|28|0|14|0|14|0|14|0|14|0|14|7|12
1600000US3749380|559|112|533|112|0|14|533|112|489|113|27|21|492|109|42|31|15|11|2|4|0|14|0|14|26|19
1600000US3749460|26|11|15|10|0|14|15|10|13|9|3|5|11|9|2|4|1|2|0|14|0|14|0|14|11|8
1600000US3749600|271|84|245|82|0|14|245|82|243|81|33|20|209|78|2|6|8|7|0|14|0|14|0|14|26|20
1600000US3749800|3851|256|3218|246|0|19|3218|246|2689|267|519|167|2612|255|465|160|397|206|41|47|0|19|190|118|443|153
1600000US3750080|82|46|58|37|0|14|58|37|57|37|1|2|56|37|0|14|2|4|0|14|1|3|0|14|24|21
1600000US3750340|198|38|173|36|0|14|173|36|156|35|13|10|154|34|17|11|8|8|0|14|0|14|4|6|21|13
1600000US3750540|154|67|121|60|0|14|121|60|118|60|63|53|57|28|0|14|1|3|1|3|0|14|0|14|33|33
1600000US3750700|325|91|237|80|0|14|237|80|222|78|40|39|191|71|15|22|6|8|0|14|0|14|7|9|81|49
1600000US3750820|146|47|131|45|0|14|131|45|122|43|39|26|81|32|9|10|16|12|0|14|0|14|1|2|14|14
1600000US3751040|448|91|414|88|0|14|414|88|396|86|67|42|327|80|16|13|29|24|2|3|0|14|6|7|28|23
1600000US3751080|1189|118|1005|114|0|14|1005|114|954|116|127|55|850|104|51|29|181|62|0|14|0|14|99|54|85|45
1600000US3751780|355|121|337|117|0|14|337|117|332|117|64|51|271|104|5|5|2|6|0|14|0|14|0|14|18|20
1600000US3751820|714|135|654|125|2|4|652|125|501|104|46|30|590|114|147|75|21|14|4|6|0|14|13|21|47|38
1600000US3751840|678|147|622|139|0|14|622|139|600|137|41|25|567|131|22|16|23|17|0|14|0|14|9|12|47|33
1600000US3751940|8480|331|8027|323|8|13|8019|322|7262|346|757|159|7007|362|730|236|480|155|0|21|0|21|177|100|276|142
1600000US3752000|673|62|662|63|0|14|662|63|603|64|61|25|588|62|56|27|25|11|0|14|0|14|4|5|7|5
1600000US3752020|702|158|556|131|0|14|556|131|525|129|122|86|424|99|26|18|11|10|0|14|5|9|41|40|105|62
1600000US3752140|608|142|484|122|0|14|484|122|462|119|40|35|416|121|19|28|61|39|0|14|0|14|5|8|119|77
1600000US3752160|9|17|9|17|0|14|9|17|9|17|0|14|9|17|0|14|0|14|0|14|0|14|0|14|0|14
1600000US3752220|4634|451|4151|361|0|21|4151|361|3877|356|601|226|3481|349|256|96|131|81|0|21|0|21|291|199|192|116
1600000US3752260|5386|515|5099|537|0|21|5099|537|4672|497|325|134|4680|522|410|228|164|87|0|21|17|30|13|20|274|111
1600000US3752400|207|102|158|60|0|14|158|60|144|55|14|14|115|48|14|16|26|27|0|14|0|14|5|8|44|81
1600000US3752500|212|117|212|117|0|14|212|117|163|104|94|104|118|71|34|45|15|25|0|14|0|14|0|14|0|14
1600000US3752660|1927|198|1766|201|0|14|1766|201|1608|204|121|111|1565|227|100|84|70|65|0|14|44|67|49|55|112|76
1600000US3752685|738|173|584|178|0|14|584|178|492|158|61|60|417|154|44|46|155|104|48|58|0|14|0|14|154|115
1600000US3752760|1909|217|1780|192|0|19|1780|192|1630|197|201|121|1556|220|150|87|89|69|0|19|0|19|0|19|129|123
1600000US3752920|482|218|423|209|14|24|409|209|379|204|12|19|384|212|30|47|0|14|0|14|0|14|0|14|59|87
1600000US3753040|1314|163|979|178|0|14|979|178|868|162|123|81|819|152|103|76|60|49|8|16|0|14|86|77|249|134
1600000US3753140|440|234|398|212|0|14|398|212|366|194|57|49|307|160|0|14|38|28|0|14|27|47|7|11|35|37
1600000US3753160|207|69|178|58|0|14|178|58|152|53|21|21|149|53|26|24|0|14|0|14|0|14|0|14|29|31
1600000US3753200|192|59|167|60|0|14|167|60|156|56|26|19|131|55|11|14|11|12|0|14|0|14|6|7|19|15
1600000US3753475|3329|365|2978|352|0|19|2978|352|2814|379|159|89|2819|337|164|91|34|41|0|19|0|19|230|98|121|112
1600000US3753580|269|141|255|144|0|14|255|144|255|144|128|131|103|60|0|14|35|40|0|14|0|14|0|14|14|22
1600000US3753680|139|116|92|87|0|14|92|87|62|71|0|14|92|87|30|48|0|14|0|14|0|14|0|14|47|68
1600000US3753820|664|176|520|154|0|14|520|154|500|152|87|50|422|139|20|22|22|30|0|14|0|14|24|25|120|88
1600000US3753840|563|90|380|79|0|14|380|79|374|78|63|31|306|75|3|5|58|43|3|5|0|14|48|64|135|80
1600000US3753900|47|19|31|15|0|14|31|15|29|15|7|9|20|11|0|14|4|3|2|3|0|14|0|14|16|10
1600000US3753950|276|74|249|73|0|14|249|73|249|73|37|26|173|53|0|14|41|41|0|14|0|14|0|14|27|27
1600000US3754160|683|267|683|267|0|14|683|267|603|262|97|103|586|235|80|76|0|14|0|14|0|14|0|14|0|14
1600000US3754580|1592|156|1374|145|0|14|1374|145|1201|138|121|52|1180|139|145|88|122|67|28|31|0|14|48|28|170|71
1600000US3754600|113|54|92|51|0|14|92|51|80|49|25|33|47|29|0|14|20|21|12|19|0|14|0|14|21|23
1600000US3755000|203443|1758|192642|2044|71|58|192571|2045|183426|2137|17264|1235|171256|2373|8364|892|12044|941|341|173|107|73|4729|650|6072|810
1600000US3755040|763|218|647|218|0|14|647|218|611|217|95|61|535|210|34|18|15|11|0|14|2|5|34|32|82|53
1600000US3755080|1591|226|1489|222|0|14|1489|222|1336|223|182|105|1236|200|134|85|65|61|19|30|0|14|0|14|102|107
1600000US3755260|1692|167|1610|169|0|14|1610|169|1494|165|246|170|1352|197|86|85|185|109|0|14|0|14|0|14|82|44
1600000US3755340|23|17|9|13|0|14|9|13|9|13|7|11|1|2|0|14|1|5|0|14|0|14|0|14|14|13
1600000US3755460|376|90|316|78|0|14|316|78|273|68|56|36|240|64|37|29|24|16|6|8|0|14|0|14|60|34
1600000US3755640|1424|164|1354|150|38|57|1316|168|1249|183|202|112|933|212|67|94|207|114|0|14|0|14|0|14|70|77
1600000US3755660|1240|138|974|126|0|14|974|126|921|113|220|72|729|122|53|40|68|74|0|14|0|14|43|37|223|90
1600000US3755900|6614|365|5921|427|0|21|5921|427|4903|371|460|130|5425|412|988|253|264|162|10|17|20|33|155|107|538|221
1600000US3755940|145|63|129|63|0|14|129|63|88|35|24|22|103|57|41|49|0|14|0|14|0|14|0|14|16|9
1600000US3756100|22|19|0|14|0|14|0|14|0|14|0|14|0|14|0|14|0|14|0|14|0|14|0|14|22|19
1600000US3756240|352|99|315|96|0|14|315|96|243|74|41|34|267|83|72|59|21|24|0|14|0|14|0|14|37|28
1600000US3756340|313|88|299|88|2|4|297|88|287|88|20|16|273|86|7|6|8|9|0|14|3|4|0|14|14|13
1600000US3756360|807|215|739|208|3|6|736|207|548|164|42|30|688|205|188|146|66|56|0|14|0|14|0|14|68|47
1600000US3756440|393|101|256|77|0|14|256|77|225|72|30|20|218|77|31|27|12|11|0|14|0|14|28|30|109|59
1600000US3756600|339|111|299|110|0|14|299|110|288|109|106|95|193|77|11|18|0|14|0|14|0|14|0|14|40|49
1600000US3756710|1335|99|1263|116|3|6|1260|117|1217|116|121|71|1126|131|43|28|79|57|0|14|0|14|5|9|67|60
1600000US3756815|1673|224|1471|249|0|14|1471|249|1422|244|76|72|1355|266|49|49|107|70|0|14|0|14|57|61|145|93
1600000US3756900|6194|326|5353|341|0|21|5353|341|5049|358|496|199|4766|347|270|145|324|118|16|20|0|21|67|45|774|230
1600000US3757000|633|186|560|170|0|14|560|170|542|169|56|56|468|165|18|16|72|63|0|14|0|14|36|28|37|31
1600000US3757020|335|103|222|83|0|14|222|83|213|83|55|38|146|59|7|6|16|17|0|14|2|4|9|11|104|62
1600000US3757039|104|85|104|85|0|14|104|85|104|85|55|77|49|38|0|14|0|14|0|14|0|14|0|14|0|14
1600000US3757100|599|131|513|133|0|14|513|133|490|130|68|39|331|99|23|22|120|103|0|14|0|14|4|9|82|45
1600000US3757200|1399|189|1333|183|0|14|1333|183|1269|195|159|90|1152|179|64|43|47|36|0|14|0|14|0|14|66|67
1600000US3757260|4041|289|3638|296|5|11|3633|296|3459|299|601|242|2982|337|153|72|87|54|21|26|0|19|16|19|387|168
1600000US3757340|1087|237|1065|238|0|14|1065|238|846|188|77|46|957|223|208|178|37|35|0|14|5|8|0|14|22|17
1600000US3757500|23364|763|18850|796|0|32|18850|796|17814|770|2979|457|15178|690|937|225|1155|284|44|44|0|32|393|142|4121|666
1600000US3757540|359|116|249|67|0|14|249|67|208|62|33|33|205|69|41|39|17|28|0|14|0|14|0|14|110|89
1600000US3757580|298|157|239|128|0|14|239|128|239|128|0|14|239|128|0|14|0|14|0|14|0|14|59|88|0|14
1600000US3757640|3524|252|3341|287|0|21|3341|287|3251|288|76|66|3255|284|90|68|84|63|0|21|0|21|172|172|11|18
1600000US3757700|155|55|136|53|0|14|136|53|124|52|6|7|127|49|12|11|6|9|0|14|0|14|3|4|16|14
1600000US3757740|233|102|122|64|0|14|122|64|115|61|55|46|67|41|7|11|0|14|0|14|0|14|3|6|108|71
1600000US3757800|446|85|329|91|0|14|329|91|329|91|14|11|312|89|0|14|5|7|0|14|0|14|16|17|101|51
1600000US3757860|512|97|400|94|0|14|400|94|367|96|47|33|341|84|30|27|43|26|3|5|0|14|29|23|83|44
1600000US3758020|368|196|158|67|0|14|158|67|158|67|42|34|114|53|0|14|2|4|0|14|0|14|0|14|210|195
1600000US3758040|253|116|210|110|0|14|210|110|192|116|28|41|169|103|18|28|13|22|0|14|0|14|17|27|26|31
1600000US3758140|470|131|328|116|0|14|328|116|313|115|24|15|289|113|11|9|53|30|2|3|0|14|35|18|107|59
1600000US3758160|3548|311|3056|281|0|19|3056|281|2883|287|406|197|2417|356|116|84|255|147|57|104|0|19|9|17|483|161
1600000US3758180|144|69|106|63|0|14|106|63|87|58|6|13|86|55|8|10|6|7|0|14|11|18|10|13|28|27
1600000US3758260|1719|287|1650|273|0|14|1650|273|1557|262|94|77|1523|272|78|58|60|42|15|24|0|14|55|92|14|22
1600000US3758340|204|130|194|129|0|14|194|129|104|60|26|31|159|129|90|112|9|14|0|14|0|14|0|14|10|15
1600000US3758360|1632|180|1460|194|0|14|1460|194|1394|195|204|179|1237|243|37|46|37|49|0|14|0|14|0|14|172|107
1600000US3758420|198|59|182|56|0|14|182|56|176|56|27|23|144|56|2|3|13|8|2|5|0|14|5|9|11|11
1600000US3758440|598|167|461|133|0|14|461|133|418|130|22|21|439|128|43|28|28|24|0|14|0|14|18|26|119|85
1600000US3758460|1550|174|1389|178|13|16|1376|176|1233|183|99|59|1254|166|138|141|134|88|0|14|0|14|19|29|142|79
1600000US3758620|205|52|193|51|0|14|193|51|179|52|12|9|176|50|11|8|5|6|3|5|0|14|0|14|12|12
1600000US3758630|3533|163|3400|160|14|22|3386|160|3310|175|337|159|2975|250|76|94|203|102|0|19|0|19|51|59|82|95
1600000US3758720|926|125|771|124|0|14|771|124|646|116|97|56|638|107|107|43|58|36|6|9|12|15|7|8|148|49
1600000US3758730|3969|454|3600|439|11|17|3589|441|3403|432|540|187|3015|454|151|77|247|156|22|26|0|19|168|125|201|100
1600000US3758740|1045|172|871|171|0|14|871|171|818|166|138|90|727|175|43|33|59|60|0|14|0|14|0|14|174|94
1600000US3758840|172|43|155|42|2|4|153|42|146|42|13|14|137|39|6|8|5|6|1|4|0|14|0|14|17|16
1600000US3758860|14043|571|12205|563|0|29|12205|563|11272|549|1192|264|10842|548|882|318|337|148|29|32|0|29|596|261|1242|305
1600000US3758920|301|65|277|60|0|14|277|60|264|59|46|24|224|60|13|13|35|36|0|14|0|14|0|14|24|20
1600000US3758940|99|65|99|65|0|14|99|65|99|65|38|34|61|63|0|14|20|34|0|14|0|14|0|14|0|14
1600000US3759090|114|35|109|35|0|14|109|35|102|35|9|8|93|34|4|5|23|17|2|3|1|3|2|4|3|4
1600000US3759135|254|124|122|47|0|14|122|47|110|44|23|15|72|40|7|9|31|21|5|9|0|14|12|16|120|112
1600000US3759280|11359|414|8361|510|15|24|8346|511|8085|512|910|259|7254|483|260|105|435|126|1|2|0|29|1885|425|1113|343
1600000US3759340|149|52|114|46|0|14|114|46|79|29|14|13|99|44|35|36|3|6|0|14|0|14|0|14|35|24
1600000US3759540|1908|253|1702|222|0|19|1702|222|1485|236|183|113|1486|245|217|114|24|29|0|19|0|19|35|33|171|117
1600000US3759580|600|146|582|145|0|14|582|145|552|146|56|46|489|139|30|25|18|22|0|14|0|14|0|14|18|28
1600000US3759765|126|50|115|51|0|14|115|51|115|51|0|14|115|51|0|14|0|14|0|14|0|14|11|16|0|14
1600000US3759780|1091|228|557|150|0|14|557|150|443|130|49|35|446|127|69|67|63|50|0|14|45|63|23|23|511|215
1600000US3759980|292|103|166|60|0|14|166|60|162|60|18|20|144|55|4|5|21|18|0|14|0|14|15|20|111|72
1600000US3760000|832|158|738|155|0|14|738|155|711|155|61|44|668|151|27|32|38|37|0|14|0|14|19|28|75|53
1600000US3760080|165|112|152|111|0|14|152|111|138|111|61|99|89|39|5|5|14|15|0|14|0|14|0|14|13|13
1600000US3760180|307|94|243|85|0|14|243|85|217|79|12|13|220|84|26|26|33|34|0|14|0|14|8|12|56|30
1600000US3760320|3040|322|2565|332|0|19|2565|332|2450|340|371|184|1940|362|92|73|426|171|23|26|0|19|126|116|349|183
1600000US3760505|180|49|170|50|2|3|168|51|159|50|2|3|165|51|9|7|0|14|0|14|0|14|0|14|10|10
1600000US3760515|2058|402|2008|411|0|14|2008|411|1873|405|143|114|1799|415|113|84|240|204|0|14|0|14|0|14|50|60
1600000US3760540|11|10|11|10|0|14|11|10|9|10|0|14|11|10|2|3|0|14|0|14|0|14|0|14|0|14
1600000US3760560|68|33|43|25|0|14|43|25|35|23|0|14|43|25|8|11|10|14|0|14|0|14|7|11|18|18
1600000US3760800|2134|231|1949|235|0|14|1949|235|1655|229|168|123|1723|226|294|193|72|71|0|14|0|14|27|45|158|129
1600000US3760940|39|24|17|17|0|14|17|17|17|17|7|11|10|14|0|14|0|14|0|14|0|14|0|14|22|17
1600000US3761060|648|137|534|123|0|14|534|123|496|119|227|97|295|90|25|31|33|32|0|14|0|14|0|14|114|67
1600000US3761200|9533|551|8121|565|0|25|8121|565|7463|547|992|262|6900|554|541|214|651|317|61|58|0|25|195|111|1217|302
1600000US3761860|3027|331|2584|344|0|19|2584|344|2423|328|549|240|1619|395|116|83|348|217|32|38|0|19|228|155|215|108
1600000US3761920|321|116|227|85|0|14|227|85|216|86|55|46|172|71|11|18|0|14|0|14|0|14|0|14|94|93
1600000US3761950|2740|466|2550|445|0|19|2550|445|2460|451|283|139|2241|498|73|59|55|43|17|28|0|19|61|71|129|98
1600000US3762040|195|79|172|73|0|14|172|73|164|71|25|18|138|56|8|8|16|20|0|14|0|14|0|14|23|22
1600000US3762060|210|95|206|93|0|14|206|93|114|40|6|7|198|94|92|92|4|6|0|14|0|14|0|14|4|5
1600000US3762190|1379|284|1298|283|0|14|1298|283|1130|254|192|171|1106|238|168|122|17|26|0|14|0|14|0|14|81|72
1600000US3762520|4951|484|4113|426|0|21|4113|426|3620|382|523|187|3443|482|472|490|300|147|13|21|0|21|50|48|788|264
1600000US3762580|87|59|87|59|0|14|87|59|87|59|22|32|65|55|0|14|0|14|0|14|0|14|0|14|0|14
1600000US3762680|1397|299|1225|226|9|14|1216|225|1102|210|88|61|1089|238|101|89|121|115|13|21|0|14|40|62|132|148
1600000US3762760|837|156|702|136|0|14|702|136|672|126|241|94|434|104|29|27|47|26|1|2|0|14|6|7|129|68
1600000US3763120|7411|351|6824|340|0|21|6824|340|6413|328|539|166|6086|376|339|153|187|95|0|21|17|27|248|95|339|162
1600000US3763130|1306|117|1286|114|0|14|1286|114|1154|111|88|57|1198|117|132|72|40|33|0|14|0|14|0|14|20|30
1600000US3763240|327|89|202|64|0|14|202|64|115|58|14|17|188|63|63|50|57|43|0|14|0|14|44|56|81|65
1600000US3763340|75|63|45|40|0|14|45|40|45|40|0|14|38|34|0|14|7|18|0|14|0|14|0|14|30|47
1600000US3763360|692|268|634|258|0|14|634|258|590|257|4|6|621|258|44|48|9|15|0|14|0|14|0|14|58|72
1600000US3763400|1878|160|1729|184|0|14|1729|184|1646|176|115|81|1604|169|83|43|46|32|0|14|0|14|15|18|134|83
1600000US3763470|1159|206|967|193|0|14|967|193|918|192|70|52|897|201|49|34|19|21|0|14|0|14|27|38|165|98
1600000US3763560|278|110|232|107|0|14|232|107|198|100|10|19|222|107|34|49|0|14|0|14|0|14|6|11|40|42
1600000US3763680|957|178|748|139|0|14|748|139|712|140|61|36|681|136|36|28|10|13|0|14|0|14|4|9|205|99
1600000US3763720|34|29|19|18|0|14|19|18|19|18|0|14|17|17|0|14|0|14|0|14|0|14|0|14|15|21
1600000US3763760|1370|159|1228|166|0|14|1228|166|1176|176|143|87|1048|163|52|56|60|47|0|14|0|14|14|22|128|76
1600000US3763780|0|14|0|14|0|14|0|14|0|14|0|14|0|14|0|14|0|14|0|14|0|14|0|14|0|14
1600000US3763880|1865|152|1648|183|9|14|1639|181|1588|180|220|130|1355|199|25|34|67|47|12|19|14|26|60|73|157|98
1600000US3763920|247|94|237|92|0|14|237|92|237|92|56|37|159|66|0|14|13|21|0|14|0|14|0|14|10|17
1600000US3764000|3698|350|3565|381|34|51|3531|379|3324|364|392|217|3079|389|207|160|338|183|0|21|0|21|116|121|17|29
1600000US3764050|449|115|411|112|0|14|411|112|392|110|78|68|333|122|19|22|9|14|0|14|0|14|0|14|38|27
1600000US3764160|659|111|524|96|0|14|524|96|442|91|116|49|371|84|71|47|74|37|2|4|6|11|8|8|127|76
1600000US3764180|4519|243|4112|255|0|21|4112|255|3919|247|404|139|3616|257|166|143|329|114|12|16|2|5|120|76|287|93
1600000US3764260|1111|207|945|189|0|14|945|189|899|193|218|89|689|163|46|36|19|21|0|14|0|14|14|24|152|77
1600000US3764380|158|42|123|33|0|14|123|33|121|33|19|16|97|30|2|4|8|9|0|14|0|14|12|16|23|18
1600000US3764420|6481|305|6299|330|29|39|6270|335|6109|326|345|129|5797|365|152|86|256|91|9|15|0|21|87|106|95|61
1600000US3764460|611|116|523|100|4|6|519|100|484|96|72|40|438|93|30|24|8|7|2|4|0|14|3|4|85|73
1600000US3764500|1545|143|1413|142|0|14|1413|142|1353|137|146|62|1251|129|58|42|34|27|0|14|0|14|14|20|118|78
1600000US3764560|368|75|333|63|0|14|333|63|294|65|40|31|280|58|29|22|4|6|0|14|3|4|2|4|33|33
1600000US3764580|325|111|208|65|0|14|208|65|182|65|2|5|199|65|26|22|18|12|0|14|0|14|81|78|36|27
1600000US3764740|12286|578|11266|591|5|8|11261|590|10486|558|2055|460|8669|623|719|242|693|256|30|29|0|25|249|145|771|272
1600000US3764840|586|115|499|104|0|14|499|104|403|64|21|19|475|105|35|21|37|21|0|14|0|14|63|57|24|15
1600000US3764940|427|117|408|112|0|14|408|112|386|117|17|15|375|104|9|9|72|43|2|4|0|14|0|14|19|23
1600000US3765020|102|58|89|60|0|14|89|60|89|60|26|39|63|44|0|14|0|14|0|14|0|14|13|20|0|14
1600000US3765040|2126|147|1951|160|0|19|1951|160|1872|166|140|92|1754|183|79|60|244|133|0|19|0|19|44|49|131|103
1600000US3765100|536|135|446|125|0|14|446|125|405|117|63|36|368|117|36|44|44|37|0|14|5|8|8|11|82|47
1600000US3765120|60|19|52|20|0|14|52|20|50|20|10|13|39|19|2|3|3|4|0|14|0|14|0|14|8|10
1600000US3765260|585|222|528|215|0|14|528|215|528|215|122|138|357|149|0|14|49|74|0|14|0|14|0|14|57|73
1600000US3765320|112|45|87|43|0|14|87|43|71|39|15|14|70|38|13|12|3|5|0|14|0|14|10|11|15|13
1600000US3765530|313|91|290|88|0|14|290|88|281|86|25|17|262|84|9|9|9|9|0|14|0|14|18|13|5|5
1600000US3765580|3795|196|3696|184|0|21|3696|184|3540|201|204|84|3399|202|150|114|280|115|6|12|0|21|64|84|35|33
1600000US3765700|67|46|39|37|0|14|39|37|39|37|0|14|39|37|0|14|0|14|0|14|0|14|28|39|0|14
1600000US3765900|2381|201|2276|209|0|14|2276|209|2030|202|370|248|1889|288|235|202|54|35|0|14|0|14|43|35|62|51
1600000US3766040|1784|179|1709|174|0|14|1709|174|1629|171|148|73|1520|190|80|51|80|63|0|14|0|14|33|29|42|33
1600000US3766280|1834|310|1675|257|0|19|1675|257|1595|255|322|195|1278|257|80|58|84|71|0|19|0|19|18|21|141|161
1600000US3766340|165|90|144|89|0|14|144|89|144|89|14|32|112|68|0|14|72|71|0|14|0|14|0|14|21|33
1600000US3766360|1667|182|1616|172|0|14|1616|172|1504|187|321|213|1228|239|112|81|117|107|0|14|0|14|0|14|51|49
1600000US3766460|885|96|862|94|0|14|862|94|828|94|59|26|796|92|31|29|37|22|0|14|0|14|9|10|14|11
1600000US3766500|1028|180|847|155|0|14|847|155|794|144|136|87|603|167|47|41|42|31|6|11|0|14|25|31|156|76
1600000US3766520|1093|141|958|143|12|19|946|144|871|135|206|72|705|142|75|57|11|17|0|14|0|14|21|19|114|79
1600000US3766700|4830|302|3876|345|0|21|3876|345|3691|348|436|164|3345|324|144|80|258|138|29|45|0|21|180|95|774|261
1600000US3766740|43|26|41|26|0|14|41|26|30|20|9|12|31|25|11|18|1|2|0|14|0|14|0|14|2|3
1600000US3766960|922|197|648|158|0|14|648|158|566|134|64|42|564|155|65|70|28|23|7|11|0|14|27|36|247|107
1600000US3766980|349|95|257|76|0|14|257|76|240|76|24|24|230|77|14|11|17|17|3|6|0|14|14|16|78|58
1600000US3767000|196|63|184|60|2|3|182|60|159|56|16|15|160|57|22|18|23|18|1|3|0|14|0|14|12|13
1600000US3767420|11252|606|9751|571|35|39|9716|571|8912|531|1295|376|8233|568|728|316|291|104|14|21|0|25|117|76|1384|348
1600000US3767700|424|136|369|129|0|14|369|129|333|124|98|84|271|113|36|37|15|24|0|14|0|14|22|34|33|29
1600000US3767720|1036|101|934|92|0|14|934|92|886|95|114|70|815|99|23|19|81|42|0|14|0|14|18|17|84|53
1600000US3768040|220|52|220|52|0|14|220|52|218|52|39|19|179|48|2|3|10|5|0|14|0|14|0|14|0|14
1600000US3768320|165|65|151|64|0|14|151|64|149|64|17|18|126|61|0|14|12|14|0|14|0|14|0|14|14|14
1600000US3768340|1823|120|1724|114|8|12|1716|114|1597|138|130|67|1497|133|119|66|119|56|0|14|0|14|50|40|49|41
1600000US3768400|2707|265|2369|257|8|14|2361|257|2258|274|148|86|2176|237|103|77|52|41|0|19|0|19|42|32|296|170
1600000US3768500|1516|153|1408|134|0|14|1408|134|1292|125|79|63|1262|131|72|62|121|82|39|43|0|14|12|18|96|104
1600000US3768520|1152|143|941|133|0|14|941|133|897|123|92|62|822|129|20|15|84|47|0|14|0|14|4|9|207|86
1600000US3768580|980|158|725|89|8|13|717|86|627|92|52|42|648|86|85|51|46|37|5|8|0|14|36|49|219|118
1600000US3768740|129|81|93|75|0|14|93|75|90|75|12|14|81|70|3|5|5|7|0|14|0|14|2|3|34|31
1600000US3769020|1396|182|1238|191|0|14|1238|191|1162|182|205|115|1023|174|76|51|30|28|0|14|0|14|56|70|102|76
1600000US3769260|2509|248|2266|257|0|19|2266|257|2173|258|368|143|1874|249|84|47|44|40|0|19|0|19|15|24|228|130
1600000US3769520|2378|209|2066|212|0|14|2066|212|1889|194|231|167|1693|214|177|118|135|75|0|14|0|14|28|30|284|156
1600000US3769600|115|66|115|66|0|14|115|66|115|66|0|14|115|66|0|14|0|14|0|14|0|14|0|14|0|14
1600000US3769640|1101|219|1006|217|0|14|1006|217|994|217|9|17|972|213|0|14|117|96|12|19|0|14|47|75|48|62
1600000US3769680|437|111|354|97|0|14|354|97|307|92|18|12|316|94|33|32|34|30|10|18|0|14|2|5|81|53
1600000US3769720|98|42|90|43|0|14|90|43|85|42|9|8|74|41|5|8|17|18|0|14|0|14|1|2|7|6
1600000US3769740|742|200|568|181|0|14|568|181|421|110|28|41|540|175|147|151|15|17|0|14|0|14|0|14|174|89
1600000US3769755|109|74|85|64|0|14|85|64|85|64|0|14|85|64|0|14|0|14|0|14|0|14|0|14|24|37
1600000US3769795|332|117|315|117|0|14|315|117|304|117|117|90|196|65|9|10|2|3|0|14|0|14|0|14|17|12
1600000US3769840|606|168|575|155|0|14|575|155|534|150|92|60|477|144|41|33|10|11|0|14|0|14|0|14|31|33
1600000US3770320|76|35|58|30|0|14|58|30|56|30|5|6|45|29|1|4|8|9|1|3|0|14|9|10|9|10
1600000US3770340|232|60|185|48|0|14|185|48|142|40|17|15|155|48|41|23|10|12|0|14|0|14|3|5|44|38
1600000US3770380|1996|263|1743|233|0|14|1743|233|1617|232|181|109|1529|221|117|78|182|112|0|14|9|14|17|20|236|123
1600000US3770480|341|77|285|71|0|14|285|71|250|61|51|23|227|65|34|29|14|9|1|3|0|14|6|7|50|20
1600000US3770540|18403|748|18049|780|46|58|18003|781|16756|735|1148|387|16533|754|1083|383|1251|485|8|15|16|27|144|89|210|119
1600000US3770580|66|41|66|41|0|14|66|41|57|40|0|14|66|41|0|14|0|14|0|14|0|14|0|14|0|14
1600000US3770660|2358|241|2167|246|0|19|2167|246|1939|251|218|101|1891|255|228|131|62|44|0|19|0|19|135|103|56|45
1600000US3770720|1697|249|1471|222|0|14|1471|222|1267|256|321|129|1150|213|204|134|125|96|0|14|0|14|0|14|226|167
1600000US3770740|1115|126|1068|123|0|14|1068|123|1014|123|207|96|850|128|43|42|57|51|0|14|11|19|24|33|23|23
1600000US3770780|782|163|625|160|0|14|625|160|559|154|135|88|471|129|63|46|25|30|3|6|0|14|20|19|137|76
1600000US3770820|486|132|481|133|0|14|481|133|471|132|14|10|459|131|10|10|26|22|0|14|0|14|0|14|5|6
1600000US3770860|114|44|87|40|0|14|87|40|83|39|21|14|61|34|4|6|6|7|0|14|0|14|0|14|27|22
1600000US3770920|726|130|597|131|0|14|597|131|542|127|62|33|526|131|55|44|70|101|0|14|0|14|61|37|68|65
1600000US3771100|474|110|397|94|0|14|397|94|352|91|82|39|302|76|30|26|17|15|3|5|0|14|0|14|77|43
1600000US3771160|1329|166|1115|152|0|14|1115|152|1025|159|68|39|1024|154|90|82|152|106|0|14|0|14|20|20|194|128
1600000US3771220|4709|259|4118|298|5|11|4113|297|3857|294|324|131|3616|336|191|105|142|93|28|41|0|19|31|33|560|218
1600000US3771240|216|60|197|54|0|14|197|54|190|52|15|9|182|53|7|11|2|3|0|14|0|14|1|3|18|23
1600000US3771320|98|44|82|43|0|14|82|43|73|38|3|4|78|42|9|10|4|6|0|14|0|14|0|14|16|13
1600000US3771440|65|47|65|47|0|14|65|47|65|47|0|14|65|47|0|14|0|14|0|14|0|14|0|14|0|14
1600000US3771460|6815|282|6618|299|0|25|6618|299|6367|317|125|67|6370|305|213|106|477|181|9|16|0|25|130|111|67|74
1600000US3771500|5035|250|4265|309|9|14|4256|310|3670|298|670|239|3493|337|547|165|292|105|13|19|14|22|132|113|638|208
1600000US3771560|2003|200|1948|193|0|14|1948|193|1875|187|98|62|1813|189|51|42|109|81|22|33|0|14|36|42|19|18
1600000US3771600|171|51|160|51|0|14|160|51|150|52|3|8|154|51|10|11|4|5|0|14|0|14|0|14|11|10
1600000US3771680|4417|217|4371|215|0|21|4371|215|4244|211|131|50|4212|218|127|92|315|144|0|21|0|21|18|18|28|28
1600000US3771760|1379|227|1279|205|0|14|1279|205|1231|200|147|120|1121|180|48|64|74|74|0|14|0|14|13|25|87|96
1600000US3771780|595|125|494|107|0|14|494|107|459|105|56|36|426|97|35|20|27|16|0|14|0|14|22|21|79|50
1600000US3771860|4957|511|4426|438|12|22|4414|437|4265|444|435|273|3859|406|149|111|329|176|0|21|0|21|112|161|419|341
1600000US3771900|1066|116|970|116|0|14|970|116|894|128|70|52|859|113|63|57|64|53|0|14|0|14|15|18|81|52
1600000US3771940|3063|213|2942|202|0|19|2942|202|2726|235|161|95|2773|230|133|83|163|79|0|19|0|19|52|42|69|70
1600000US3772150|630|152|419|108|5|7|414|109|399|109|62|45|317|93|13|13|50|36|2|4|0|14|85|99|126|82
1600000US3772540|553|121|433|114|0|14|433|114|393|108|21|16|380|106|25|17|38|33|15|27|0|14|18|27|102|59
1600000US3772600|542|131|492|127|0|14|492|127|426|139|109|89|376|107|66|64|13|17|0|14|0|14|26|41|24|26
1600000US3772755|2198|290|2174|289|0|19|2174|289|2133|290|107|69|2007|296|41|38|251|146|0|19|0|19|0|19|24|26
1600000US3773140|1797|143|1755|136|0|19|1755|136|1657|151|163|102|1509|141|81|71|149|120|0|19|0|19|42|53|0|19
1600000US3773160|243|81|198|73|0|14|198|73|196|74|35|32|124|54|2|3|53|37|0|14|0|14|0|14|45|30
1600000US3773300|407|101|386|98|0|14|386|98|339|89|47|29|328|92|47|32|19|12|0|14|0|14|0|14|21|19
1600000US3773320|38|35|38|35|0|14|38|35|38|35|0|14|38|35|0|14|0|14|0|14|0|14|0|14|0|14
1600000US3773460|418|136|359|127|0|14|359|127|321|127|43|54|284|118|38|35|32|44|0|14|0|14|0|14|59|55
1600000US3773660|1812|236|1520|213|0|14|1520|213|1276|227|158|82|1328|192|227|121|69|58|4|7|0|14|91|109|201|114
1600000US3773760|242|64|224|62|0|14|224|62|216|61|46|36|173|45|8|8|13|12|0|14|0|14|2|3|16|21
1600000US3773780|0|14|0|14|0|14|0|14|0|14|0|14|0|14|0|14|0|14|0|14|0|14|0|14|0|14
1600000US3774020|1670|202|1512|194|0|14|1512|194|1388|203|189|106|1323|170|124|80|34|42|0|14|0|14|43|37|115|105
1600000US3774220|2364|225|1994|215|0|19|1994|215|1867|213|517|167|1426|264|127|80|61|49|0|19|0|19|28|28|342|142
1600000US3774440|56612|1109|51733|1079|37|40|51696|1083|48853|1145|5909|663|45031|1256|2496|458|2619|543|115|90|0|32|2519|565|2360|476
1600000US3774540|20403|441|17628|558|0|29|17628|558|15929|585|1899|330|15337|587|1629|331|750|259|21|35|7|17|590|172|2185|414
1600000US3774580|808|164|770|162|0|14|770|162|749|160|104|59|657|141|5|8|43|42|3|6|0|14|21|25|17|20
1600000US3774680|770|113|619|99|0|14|619|99|530|112|53|40|527|104|89|70|62|50|0|14|0|14|30|38|121|66
1600000US3774720|301|113|261|113|0|14|261|113|257|113|19|13|169|66|2|6|9|9|0|14|0|14|0|14|40|26
1600000US3774760|1033|212|983|195|0|14|983|195|836|169|93|64|847|187|147|151|81|52|0|14|0|14|2|5|48|56
1600000US3775000|103058|1139|91169|1518|62|48|91107|1508|81339|1736|10436|932|77422|1497|8458|1072|4757|627|279|147|494|338|3695|695|8194|957
1600000US3775060|4524|297|4170|295|39|57|4131|296|4078|291|880|402|3251|322|53|45|66|53|0|21|0|21|0|21|354|177
1600000US3775080|247|47|202|48|0|14|202|48|185|49|39|22|163|42|16|11|23|16|0|14|0|14|13|12|32|16
1600000US3775280|2977|269|2879|277|10|15|2869|275|2715|275|407|168|2327|309|91|60|128|95|55|82|8|14|21|25|77|44
1600000US3775340|217|62|153|54|0|14|153|54|133|53|19|14|112|45|17|18|33|25|0|14|0|14|8|14|56|34
1600000US3775375|533|162|533|162|0|14|533|162|521|157|99|70|418|143|12|19|28|28|0|14|0|14|0|14|0|14
1600000US3775780|2519|349|2432|360|0|19|2432|360|2289|354|333|186|2099|310|143|120|37|38|0|19|0|19|0|19|87|60
1600000US3775820|1306|223|1258|223|0|14|1258|223|1176|231|83|54|1138|225|45|37|31|35|0|14|37|50|16|24|32|32
1600000US3775880|196|111|196|111|0|14|196|111|196|111|34|30|162|107|0|14|0|14|0|14|0|14|0|14|0|14
1600000US3775960|1022|114|935|112|0|14|935|112|838|123|81|54|831|108|97|65|52|54|0|14|0|14|8|17|79|51
1600000US3776000|894|195|718|171|0|14|718|171|504|141|41|29|647|171|214|93|9|11|0|14|0|14|17|18|159|104
1600000US3776200|1013|241|986|240|41|64|945|229|851|206|75|49|793|225|64|86|146|88|0|14|5|8|3|5|24|37
1600000US3776220|3252|233|2860|313|0|19|2860|313|2775|334|325|153|2510|312|60|67|187|140|0|19|0|19|7|12|385|322
1600000US4500100|1954|203|1695|181|0|14|1695|181|1636|186|486|160|1209|168|59|62|9|16|0|14|0|14|50|61|209|118
1600000US4500165|54|73|54|73|0|14|54|73|54|73|0|14|54|73|0|14|0|14|0|14|0|14|0|14|0|14
1600000US4500370|214|115|194|113|0|14|194|113|194|113|22|35|126|92|0|14|26|39|0|14|0|14|0|14|20|34
1600000US4500550|13275|603|12373|570|19|31|12354|565|11372|595|750|178|11153|575|902|214|661|225|44|53|0|30|273|152|629|206
1600000US4500775|135|68|114|67|0|14|114|67|109|69|41|56|73|35|5|8|7|12|0|14|0|14|0|14|21|20
1600000US4500955|1256|174|937|171|0|14|937|171|874|164|256|132|659|176|35|35|111|56|22|32|0|14|57|58|262|134
1600000US4501360|12584|545|11035|535|0|30|11035|535|10120|571|2308|404|8147|561|868|279|970|296|47|75|0|30|374|138|1175|362
1600000US4501450|1213|269|918|213|0|14|918|213|871|210|58|48|819|211|41|32|80|52|0|14|0|14|19|34|276|230
1600000US4501810|79|43|79|43|0|14|79|43|64|41|0|14|79|43|15|12|0|14|0|14|0|14|0|14|0|14
1600000US4502080|1165|227|963|225|0|14|963|225|935|222|174|101|770|217|28|43|131|120|0|14|0|14|143|87|59|71
1600000US4502125|419|89|409|90|0|14|409|90|389|89|52|33|354|87|17|13|72|68|0|14|0|14|3|5|7|8
1600000US4502440|894|214|783|201|0|14|783|201|626|131|88|65|668|191|88|81|110|121|0|14|0|14|16|18|95|64
1600000US4502530|978|174|861|177|0|14|861|177|821|177|201|110|635|167|40|35|48|38|0|14|0|14|4|8|113|63
1600000US4502665|1197|342|943|325|0|14|943|325|943|325|99|120|844|324|0|14|0|14|0|14|0|14|175|152|79|89
1600000US4503115|44|35|41|36|0|14|41|36|14|16|8|12|33|35|27|34|0|14|0|14|0|14|0|14|3|5
1600000US4503205|116|47|101|45|0|14|101|45|101|45|17|16|78|42|0|14|1|2|0|14|0|14|4|4|11|11
1600000US4503385|746|199|552|135|0|14|552|135|473|128|70|45|354|120|39|33|186|76|37|44|0|14|64|76|130|98
1600000US4503430|457|105|419|98|0|14|419|98|399|95|53|28|351|95|15|12|27|18|5|10|0|14|25|19|13|14
1600000US4503790|1129|149|900|140|0|14|900|140|863|142|189|94|682|141|10|17|44|48|22|36|0|14|27|41|202|122
1600000US4504060|1789|204|1558|207|0|14|1558|207|1508|203|132|71|1356|213|39|30|180|111|11|20|0|14|64|56|167|94
1600000US4504300|2077|182|1722|190|0|14|1722|190|1400|190|337|150|1297|221|269|150|128|71|20|31|13|20|45|42|310|172
1600000US4504528|1677|393|1549|375|0|14|1549|375|1530|377|40|39|1479|380|19|31|58|47|0|14|0|14|55|56|73|87
1600000US4504690|5348|442|4711|421|0|22|4711|421|4565|392|538|202|4143|448|115|83|655|244|21|28|0|22|229|137|408|172
1600000US4504915|645|177|566|179|0|14|566|179|493|135|105|90|431|158|54|79|0|14|0|14|19|29|0|14|79|43
1600000US4505365|1544|299|1250|223|0|14|1250|223|1095|179|248|133|981|196|134|95|90|74|21|25|0|14|56|55|238|126
1600000US4505410|2221|363|1963|352|8|14|1955|353|1833|353|222|94|1677|357|122|97|111|89|0|20|0|20|70|91|188|130
1600000US4505545|1241|253|999|193|0|14|999|193|959|194|221|114|754|179|40|53|61|46|0|14|0|14|19|30|223|203
1600000US4505680|2830|277|2180|266|0|20|2180|266|1874|242|691|222|1339|229|106|57|501|180|150|131|0|20|141|97|509|156
1600000US4505770|6355|474|5547|424|0|22|5547|424|4801|415|791|194|4346|394|620|196|510|172|115|103|0|22|156|104|652|290
1600000US4506040|204|83|119|44|0|14|119|44|115|42|22|17|92|39|4|8|9|9|0|14|0|14|6|11|79|68
1600000US4506310|1179|138|1043|125|6|12|1037|124|889|105|186|79|802|135|115|75|70|63|33|52|0|14|8|15|128|78
1600000US4506400|785|187|576|151|0|14|576|151|564|153|75|60|443|132|5|8|65|44|7|9|0|14|59|35|150|103
1600000US4506490|728|158|515|124|0|14|515|124|469|128|107|72|399|109|43|45|35|35|0|14|0|14|10|17|203|92
1600000US4506850|40|29|29|26|0|14|29|26|29|26|7|13|22|22|0|14|0|14|0|14|0|14|0|14|11|13
1600000US4507210|12987|517|12562|548|0|30|12562|548|11957|601|657|248|11693|561|528|252|1031|331|49|90|0|30|252|183|173|96
1600000US4507255|2274|310|2163|308|0|20|2163|308|2132|306|330|312|1833|224|31|45|159|109|0|20|0|20|0|20|111|146
1600000US4507345|4924|585|4611|595|0|22|4611|595|4478|598|601|269|3898|590|118|93|369|142|15|27|0|22|69|68|244|164
1600000US4507525|215|70|173|60|0|14|173|60|173|60|27|18|139|54|0|14|9|8|0|14|0|14|2|3|40|35
1600000US4507535|783|152|641|148|0|14|641|148|538|141|147|111|441|141|90|92|22|25|13|21|0|14|0|14|142|73
1600000US4507840|302|90|231|75|0|14|231|75|212|74|52|52|170|65|6|10|60|44|0|14|0|14|2|4|69|40
1600000US4508110|49|36|49|36|0|14|49|36|19|15|4|7|45|37|30|34|0|14|0|14|0|14|0|14|0|14
1600000US4508155|78|39|35|35|0|14|35|35|35|35|0|14|35|35|0|14|24|34|0|14|0|14|43|36|0|14
1600000US4508245|412|141|331|127|0|14|331|127|281|121|121|106|181|58|50|34|28|23|0|14|0|14|34|34|47|31
1600000US4508830|186|43|183|42|2|4|181|42|173|42|15|12|164|41|8|6|10|7|0|14|0|14|2|3|1|2
1600000US4509527|1549|275|1185|264|0|14|1185|264|1046|283|378|236|672|233|83|82|140|96|0|14|0|14|72|49|292|162
1600000US4509782|61|57|61|57|0|14|61|57|37|46|0|14|61|57|24|31|0|14|0|14|0|14|0|14|0|14
1600000US4509865|183|62|119|48|0|14|119|48|112|48|30|25|75|38|7|11|9|14|0|14|0|14|0|14|64|39
1600000US4510000|265|122|195|89|0|14|195|89|118|70|29|34|166|91|77|67|0|14|0|14|0|14|0|14|70|81
1600000US4510090|531|174|434|155|0|14|434|155|429|156|210|145|216|69|5|8|7|12|0|14|0|14|83|77|14|22
1600000US4510135|105|60|90|58|0|14|90|58|90|58|4|7|74|56|0|14|12|19|0|14|0|14|15|23|0|14
1600000US4510270|1081|152|982|145|0|14|982|145|982|145|339|132|643|134|0|14|22|27|0|14|0|14|32|48|67|72
1600000US4510360|2874|423|2650|409|0|20|2650|409|2619|407|194|153|2290|426|0|20|416|201|0|20|0|20|49|61|175|113
1600000US4510585|6|9|6|9|0|14|6|9|6|9|0|14|6|9|0|14|0|14|0|14|0|14|0|14|0|14
1600000US4510720|905|185|670|166|0|14|670|166|644|165|114|68|546|166|26|16|62|44|0|14|0|14|15|20|220|97
1600000US4510855|3656|298|3072|283|0|20|3072|283|2974|276|378|205|2627|273|98|69|110|67|0|20|0|20|73|82|511|228
1600000US4510900|169|71|137|61|1|2|136|61|129|60|27|20|102|54|7|10|13|11|0|14|0|14|3|6|29|26
1600000US4511035|604|138|582|130|0|14|582|130|532|128|39|29|534|129|50|44|32|40|0|14|0|14|0|14|22|35
1600000US4511125|270|80|251|77|0|14|251|77|220|63|26|22|197|63|8|14|46|47|23|42|0|14|0|14|19|17
1600000US4511350|531|180|420|173|0|14|420|173|383|176|36|46|384|171|34|45|29|42|0|14|0|14|38|55|73|62
1600000US4511620|1962|343|1804|316|0|14|1804|316|1686|306|117|79|1648|320|72|58|37|40|0|14|30|49|32|37|126|110
1600000US4511755|164|69|95|40|0|14|95|40|86|39|48|29|47|25|9|8|1|2|0|14|0|14|1|4|68|61
1600000US4511833|10113|693|9600|709|0|26|9600|709|9153|700|719|225|8660|708|424|168|403|156|23|25|0|26|385|187|128|79
1600000US4512205|228|107|228|107|0|14|228|107|228|107|25|26|203|107|0|14|40|64|0|14|0|14|0|14|0|14
1600000US4512430|450|191|376|173|0|14|376|173|376|173|51|55|317|159|0|14|54|73|0|14|0|14|0|14|74|111
1600000US4512520|287|170|191|146|0|14|191|146|191|146|42|28|149|134|0|14|0|14|0|14|0|14|9|10|87|92
1600000US4512655|6556|360|5864|369|0|22|5864|369|5637|370|961|289|4817|371|203|87|198|81|24|29|0|22|288|160|404|177
1600000US4512925|103|61|50|27|0|14|50|27|38|25|12|14|25|20|12|15|19|18|0|14|0|14|0|14|53|54
1600000US4512965|3101|364|2863|369|0|20|2863|369|2478|297|379|169|2292|431|223|252|216|107|43|66|98|122|83|70|155|78
1600000US4513015|1942|156|1602|150|0|20|1602|150|1535|149|58|46|1463|161|47|54|65|53|11|18|9|15|202|129|138|77
1600000US4513060|88|32|46|21|0|14|46|21|43|21|16|11|30|20|3|4|0|14|0|14|0|14|5|6|37|23
1600000US4513150|579|90|539|90|0|14|539|90|515|85|53|33|473|81|24|21|32|16|0|14|0|14|0|14|40|22
1600000US4513330|68027|1349|63179|1334|44|36|63135|1330|61422|1466|6341|708|55508|1462|1563|387|3611|613|15|26|73|88|2056|587|2792|505
1600000US4513600|2245|206|1762|226|0|14|1762|226|1431|252|424|178|1309|214|315|169|49|37|0|14|0|14|99|96|384|205
1600000US4513735|12|14|12|14|0|14|12|14|12|14|9|12|3|9|0|14|0|14|0|14|0|14|0|14|0|14
1600000US4514018|1101|319|984|300|48|46|936|297|932|297|249|175|687|241|4|10|0|14|0|14|0|14|49|52|68|100
1600000US4514050|350|62|257|52|0|14|257|52|240|48|34|15|205|49|17|14|7|6|0|14|0|14|28|29|65|30
1600000US4514095|2115|251|1748|183|0|20|1748|183|1621|192|416|152|1205|196|127|92|164|113|0|20|0|20|49|51|318|148
1600000US4514140|591|104|494|92|0|14|494|92|462|86|79|49|406|85|32|23|31|26|0|14|0|14|9|11|88|50
1600000US4514230|312|82|301|84|0|14|301|84|273|81|17|20|264|79|28|35|53|39|0|14|0|14|0|14|11|17
1600000US4514455|303|104|232|92|0|14|232|92|232|92|68|65|164|77|0|14|0|14|0|14|0|14|0|14|71|66
1600000US4514590|81|38|62|31|0|14|62|31|51|27|12|13|37|25|11|17|13|20|0|14|0|14|5|9|14|23
1600000US4514860|1416|220|1352|217|0|14|1352|217|1289|211|284|144|979|205|53|54|160|98|10|17|0|14|7|28|57|46
1600000US4514950|7868|413|7020|428|22|35|6998|432|6477|444|997|253|5700|407|439|217|532|205|17|28|2|31|612|247|236|145
1600000US4515040|25|34|0|20|0|20|0|20|0|20|0|20|0|20|0|20|0|20|0|20|0|20|25|34|0|20
1600000US4515220|232|206|200|194|0|14|200|194|200|194|28|38|172|194|0|14|0|14|0|14|0|14|0|14|32|41
1600000US4515295|2472|301|2118|297|0|20|2118|297|1957|277|548|250|1415|236|130|130|182|121|31|44|0|20|124|97|230|98
1600000US4515310|333|88|267|90|0|14|267|90|221|84|100|75|136|50|25|28|78|50|21|33|0|14|0|14|66|44
1600000US4515355|2713|210|2494|225|6|11|2488|226|2429|222|315|128|2159|211|48|40|196|139|6|9|0|20|82|84|137|89
1600000US4515625|114|95|98|93|0|14|98|93|64|87|0|14|89|92|34|37|9|14|0|14|0|14|0|14|16|27
1600000US4516000|53076|1243|47023|1289|51|55|46972|1293|44683|1237|4678|722|40942|1282|2101|516|3464|592|78|61|44|48|2122|431|3931|566
1600000US4516180|331|152|307|150|0|14|307|150|276|151|22|42|285|154|31|53|0|14|0|14|0|14|0|14|24|37
1600000US4516360|201|87|192|84|0|14|192|84|181|85|40|38|136|80|11|17|16|26|0|14|0|14|0|14|9|15
1600000US4516405|8762|475|7918|451|5|8|7913|450|7203|446|827|182|6940|408|657|235|252|107|25|33|0|26|316|147|528|227
1600000US4516675|30|35|11|20|0|14|11|20|11|20|0|14|11|20|0|14|0|14|0|14|0|14|0|14|19|29
1600000US4516720|12|18|1|4|0|14|1|4|1|4|0|14|1|4|0|14|0|14|0|14|0|14|0|14|11|17
1600000US4516855|51|24|44|22|0|14|44|22|34|18|4|4|29|20|6|9|9|8|1|2|0|14|0|14|7|10
1600000US4516945|37|47|37|47|0|14|37|47|37|47|0|14|37|47|0|14|0|14|0|14|0|14|0|14|0|14
1600000US4516990|407|92|368|88|0|14|368|88|320|81|36|28|303|87|44|25|34|21|0|14|2|3|0|14|39|29
1600000US4517215|333|97|287|90|0|14|287|90|227|69|10|9|177|65|6|10|103|83|54|60|0|14|8|14|38|26
1600000US4517260|855|184|775|180|0|14|775|180|667|185|109|64|655|179|108|63|15|18|0|14|0|14|11|14|69|54
1600000US4517845|62|54|62|54|0|14|62|54|62|54|52|56|10|17|0|14|0|14|0|14|0|14|0|14|0|14
1600000US4517890|244|62|196|59|0|14|196|59|173|54|25|17|139|55|23|21|51|40|0|14|0|14|19|18|29|23
1600000US4518250|88|40|80|37|0|14|80|37|67|39|6|13|74|36|13|16|0|14|0|14|0|14|0|14|8|15
1600000US4518340|150|75|69|44|0|14|69|44|69|44|13|22|31|27|0|14|25|29|0|14|0|14|0|14|81|73
1600000US4518430|1192|344|972|333|0|14|972|333|911|328|122|126|850|307|61|55|9|17|0|14|0|14|139|160|81|72
1600000US4518475|132|52|93|38|0|14|93|38|93|38|13|18|80|38|0|14|0|14|0|14|0|14|29|34|10|15
1600000US4518565|2624|253|1839|216|0|20|1839|216|1634|181|320|134|1392|205|182|125|169|79|23|32|0|20|166|130|619|175
1600000US4518610|357|211|353|211|0|14|353|211|348|211|14|16|331|210|5|7|40|43|0|14|0|14|4|7|0|14
1600000US4518706|124|82|87|60|0|14|87|60|59|40|1|4|44|32|0|14|63|55|28|45|0|14|0|14|37|51
1600000US4518810|300|80|290|82|0|14|290|82|290|82|28|30|262|74|0|14|0|14|0|14|0|14|10|18|0|14
1600000US4519105|829|148|622|142|0|14|622|142|591|137|318|110|261|109|31|37|65|49|0|14|0|14|0|14|207|94
1600000US4519285|6697|792|6015|776|0|22|6015|776|5748|786|1103|351|4834|795|209|92|362|148|4|6|0|22|207|108|475|202
1600000US4519420|2512|185|1969|229|16|26|1953|224|1882|227|788|198|976|218|21|33|325|147|40|22|0|20|98|99|445|182
1600000US4519870|140|53|104|40|0|14|104|40|93|37|11|11|91|38|10|10|4|6|0|14|0|14|22|18|14|22
1600000US4520365|363|121|210|84|0|14|210|84|154|80|55|65|139|74|56|57|76|55|0|14|0|14|15|23|138|86
1600000US4520590|463|175|421|179|0|14|421|179|364|169|40|35|327|157|57|73|108|121|0|14|0|14|15|20|27|37
1600000US4521040|256|74|227|71|0|14|227|71|227|71|23|17|204|75|0|14|7|8|0|14|0|14|14|16|15|14
1600000US4521130|83|66|62|52|0|14|62|52|46|42|17|31|45|47|16|26|0|14|0|14|0|14|0|14|21|38
1600000US4521265|1868|254|1626|245|0|14|1626|245|1495|238|173|97|1430|232|131|129|23|38|0|14|0|14|0|14|242|202
1600000US4521310|1598|139|1383|130|0|14|1383|130|1302|136|161|78|1191|136|81|55|50|35|0|14|0|14|42|50|173|73
1600000US4521985|10949|452|9245|525|3|5|9242|525|8568|519|862|205|8030|519|604|183|629|208|38|47|21|41|97|52|1607|559
1600000US4522050|1577|243|1461|250|0|14|1461|250|1393|252|202|84|1179|246|68|53|159|101|0|14|0|14|8|13|108|74
1600000US4522075|1364|297|817|191|0|14|817|191|803|189|160|89|640|192|14|23|98|58|0|14|0|14|64|75|483|258
1600000US4522390|284|97|184|65|0|14|184|65|163|60|8|15|147|61|7|12|44|36|7|11|0|14|11|12|89|69
1600000US4522547|537|229|413|146|0|14|413|146|390|144|87|69|310|124|21|23|26|26|2|4|0|14|0|14|124|156
1600000US4522795|998|135|790|115|0|14|790|115|537|130|80|48|675|117|243|116|58|42|10|19|0|14|33|29|175|81
1600000US4522997|727|166|655|155|30|48|625|162|608|160|181|85|387|138|11|17|28|26|0|14|0|14|0|14|72|54
1600000US4523020|613|97|586|98|3|4|583|98|564|96|72|37|507|91|19|13|45|24|0|14|0|14|18|21|9|10
1600000US4523110|519|148|431|129|0|14|431|129|431|129|148|89|222|84|0|14|70|52|0|14|0|14|13|22|75|56
1600000US4523200|194|77|126|66|0|14|126|66|109|61|63|52|58|31|17|17|5|9|0|14|0|14|8|12|60|38
1600000US4523245|716|134|707|131|0|14|707|131|663|128|46|35|639|120|34|29|79|50|10|13|0|14|7|13|2|5
1600000US4523290|913|223|798|206|0|14|798|206|731|174|28|32|757|212|67|93|96|73|0|14|0|14|0|14|115|95
1600000US4523335|86|37|72|34|0|14|72|34|60|33|11|10|52|34|3|6|20|18|9|17|0|14|3|5|11|12
1600000US4523425|140|73|124|71|0|14|124|71|124|71|34|41|90|60|0|14|0|14|0|14|0|14|0|14|16|26
1600000US4523470|452|185|338|164|0|14|338|164|307|156|38|31|280|153|22|21|12|13|3|4|6|11|2|5|112|78
1600000US4523605|184|72|163|73|0|14|163|73|154|72|35|44|119|68|0|14|20|22|9|14|0|14|12|18|9|16
1600000US4523830|696|169|593|170|0|14|593|170|565|171|195|121|355|129|16|15|99|70|12|19|0|14|0|14|103|56
1600000US4524020|722|225|560|185|0|14|560|185|556|186|50|38|492|178|4|7|252|159|0|14|0|14|0|14|162|107
1600000US4524100|160|69|126|62|0|14|126|62|126|62|23|18|96|56|0|14|21|23|0|14|0|14|13|29|21|17
1600000US4524370|895|180|677|162|0|14|677|162|633|150|124|66|540|148|31|32|58|44|13|19|0|14|23|24|195|90
1600000US4524505|689|236|516|185|0|14|516|185|478|179|41|32|429|188|38|38|96|86|0|14|0|14|7|11|166|177
1600000US4524730|376|155|376|155|0|14|376|155|345|147|73|66|225|122|31|49|111|89|0|14|0|14|0|14|0|14
1600000US4524865|164|81|149|83|0|14|149|83|149|83|11|15|138|86|0|14|5|8|0|14|0|14|0|14|15|14
1600000US4525360|94|80|32|34|0|14|32|34|32|34|0|14|32|34|0|14|32|34|0|14|0|14|0|14|62|79
1600000US4525405|123|96|75|83|0|14|75|83|59|68|0|14|38|47|16|26|0|14|0|14|0|14|23|44|25|34
1600000US4525540|6492|599|6136|586|0|22|6136|586|5974|564|341|167|5642|560|152|81|345|119|10|17|0|22|39|45|317|175
1600000US4525810|16413|593|14174|505|8|13|14166|506|12435|578|1981|388|10916|568|1430|480|1592|298|285|169|0|30|601|240|1638|293
1600000US4525945|123|61|123|61|0|14|123|61|123|61|82|60|41|30|0|14|0|14|0|14|0|14|0|14|0|14
1600000US4526035|619|138|616|137|21|34|595|143|595|143|14|20|569|141|0|14|0|14|0|14|0|14|0|14|3|6
1600000US4526305|4972|275|4567|260|17|21|4550|262|4186|269|326|98|4181|276|320|151|153|75|25|31|0|22|76|53|329|156
1600000US4526372|2978|502|2812|507|0|20|2812|507|2507|390|217|139|2534|510|305|332|194|120|0|20|0|20|111|120|55|68
1600000US4526485|2|8|2|8|0|14|2|8|2|8|0|14|2|8|0|14|0|14|0|14|0|14|0|14|0|14
1600000US4526845|427|107|346|102|0|14|346|102|325|100|40|26|294|96|21|15|11|22|0|14|0|14|0|14|81|55
1600000US4526890|11139|485|10689|457|0|30|10689|457|10437|473|722|254|9811|505|252|119|326|133|0|30|0|30|250|176|200|132
1600000US4527070|4570|308|4432|295|0|22|4432|295|4151|295|677|285|3672|299|281|172|188|129|0|22|0|22|44|51|94|69
1600000US4527565|442|117|390|63|0|14|390|63|370|58|29|21|357|60|20|20|28|19|0|14|0|14|0|14|52|81
1600000US4527835|211|96|186|93|0|14|186|93|165|93|0|14|178|93|11|11|23|17|1|3|6|11|5|8|20|16
1600000US4527970|536|137|387|112|0|14|387|112|387|112|73|59|303|103|0|14|126|80|0|14|0|14|0|14|149|93
1600000US4528060|4635|277|3982|287|15|22|3967|293|3741|304|633|178|3154|289|192|126|295|107|13|21|11|20|70|72|583|198
1600000US4528375|5384|505|4863|510|13|20|4850|510|4465|499|835|229|3805|505|327|160|271|120|12|18|0|22|37|37|484|163
1600000US4528455|6023|412|5457|433|0|22|5457|433|5039|429|477|134|4795|437|391|114|196|72|21|26|0|22|253|103|313|97
1600000US4528780|806|167|742|158|0|14|742|158|716|149|167|67|559|147|26|24|38|22|0|14|0|14|18|15|46|34
1600000US4528825|479|158|373|139|0|14|373|139|352|137|203|122|170|80|21|36|0|14|0|14|0|14|61|65|45|68
1600000US4528870|3532|349|2801|324|0|20|2801|324|2687|310|443|196|2271|293|104|62|182|91|10|17|0|20|228|175|503|204
1600000US4529005|108|45|55|29|0|14|55|29|49|30|11|13|42|29|3|5|10|10|0|14|0|14|0|14|53|36
1600000US4529050|265|62|233|56|0|14|233|56|195|52|14|17|210|56|38|22|6|7|0|14|0|14|9|13|23|37
1600000US4529140|95|117|95|117|0|14|95|117|95|117|0|14|95|117|0|14|56|82|0|14|0|14|0|14|0|14
1600000US4529275|71|43|45|30|0|14|45|30|39|29|0|14|45|30|6|9|0|14|0|14|0|14|0|14|26|31
1600000US4529320|63|57|63|57|0|14|63|57|63|57|13|17|50|52|0|14|0|14|0|14|0|14|0|14|0|14
1600000US4529410|978|289|867|294|0|14|867|294|842|297|174|127|651|268|0|14|25|29|12|20|0|14|0|14|111|77
1600000US4529635|1479|483|1325|448|0|14|1325|448|1268|443|86|65|1181|454|17|29|40|46|40|46|0|14|0|14|154|195
1600000US4529815|17780|493|16865|474|0|30|16865|474|15715|499|1827|358|14614|539|1019|293|1184|279|71|86|3|6|431|173|484|158
1600000US4529950|16|11|11|8|0|14|11|8|11|8|2|3|7|7|0|14|3|5|0|14|0|14|0|14|5|8
1600000US4530220|55|66|39|60|0|14|39|60|39|60|0|14|0|14|0|14|0|14|0|14|0|14|0|14|16|29
1600000US4530265|773|160|551|135|0|14|551|135|487|128|129|86|408|110|64|58|7|22|0|14|0|14|47|42|175|102
1600000US4530355|282|64|240|59|0|14|240|59|238|59|61|33|171|54|2|3|13|16|0|14|0|14|10|12|32|31
1600000US4530490|786|112|551|113|0|14|551|113|532|112|161|77|378|94|12|14|12|17|0|14|0|14|35|33|200|90
1600000US4530535|159|51|124|45|1|2|123|45|114|40|48|22|74|39|8|12|1|4|1|4|0|14|9|10|26|19
1600000US4530760|71|73|0|14|0|14|0|14|0|14|0|14|0|14|0|14|0|14|0|14|0|14|71|73|0|14
1600000US4530850|35482|819|32102|779|25|25|32077|781|29844|874|3349|481|27959|886|2120|403|1518|306|77|63|0|33|1016|294|2364|377
1600000US4530895|8866|439|7061|464|8|15|7053|467|6549|473|1018|302|5955|497|409|143|478|192|17|29|0|26|405|234|1400|262
1600000US4530985|16285|534|15109|590|0|30|15109|590|14077|588|1499|393|13281|627|981|309|656|233|0|30|0|30|407|171|769|208
1600000US4531210|99|62|81|58|0|14|81|58|81|58|46|54|35|39|0|14|20|33|0|14|0|14|0|14|18|24
1600000US4531660|450|185|309|137|0|14|309|137|276|119|152|105|157|100|33|54|0|14|0|14|0|14|42|60|99|106
1600000US4531885|1244|168|1129|155|0|14|1129|155|924|158|55|47|988|166|184|155|127|70|21|24|0|14|0|14|115|69
1600000US4532065|8009|425|7312|547|0|26|7312|547|7030|526|867|218|6344|473|282|121|420|170|0|26|0|26|106|71|591|296
1600000US4532172|143|77|143|77|0|14|143|77|143|77|0|14|143|77|0|14|5|8|0|14|0|14|0|14|0|14
1600000US4532245|5238|334|4924|337|0|22|4924|337|4721|365|656|215|4157|333|167|79|225|148|0|22|0|22|144|105|170|138
1600000US4532335|259|71|205|65|0|14|205|65|194|65|57|41|144|49|11|10|41|34|0|14|0|14|11|11|43|31
1600000US4532560|2982|283|2673|273|0|20|2673|273|2298|282|265|138|2285|269|375|160|152|99|0|20|0|20|67|56|242|119
1600000US4532965|383|131|335|124|0|14|335|124|327|124|36|25|261|108|8|9|29|41|0|14|0|14|4|8|44|36
1600000US4533100|375|142|324|113|0|14|324|113|295|112|145|75|179|106|29|32|0|14|0|14|0|14|0|14|51|81
1600000US4533145|254|79|194|68|0|14|194|68|173|66|17|21|158|59|21|14|37|28|0|14|0|14|22|25|38|32
1600000US4533640|189|46|167|41|0|14|167|41|150|40|35|18|118|36|17|13|16|13|0|14|0|14|0|14|22|19
1600000US4533820|211|80|179|78|0|14|179|78|160|76|108|70|43|26|16|20|18|14|3|4|0|14|2|3|30|23
1600000US4533977|926|172|816|177|0|14|816|177|746|179|153|73|627|171|70|54|55|57|0|14|0|14|12|18|98|69
1600000US4534045|18326|574|16909|631|14|22|16895|629|15991|631|1111|259|15106|705|867|186|1131|254|3|6|0|30|637|253|780|233
1600000US4534225|53|20|44|17|0|14|44|17|42|17|17|15|25|14|0|14|4|5|2|3|0|14|6|11|3|5
1600000US4534360|503|113|357|93|0|14|357|93|331|89|31|23|321|91|26|24|102|47|0|14|0|14|10|11|136|64
1600000US4534495|2309|272|2002|255|0|20|2002|255|1789|218|268|125|1560|277|213|206|384|173|0|20|0|20|19|32|288|167
1600000US4534720|2741|384|2259|359|0|20|2259|359|2109|365|518|281|1459|309|150|133|394|234|0|20|0|20|302|177|180|105
1600000US4534765|852|278|828|279|0|14|828|279|750|271|50|64|757|261|78|85|46|32|0|14|0|14|0|14|24|29
1600000US4534810|1434|171|1210|173|16|26|1194|169|1051|185|138|87|993|149|143|119|69|57|0|14|0|14|27|42|197|112
1600000US4534990|859|203|642|136|0|14|642|136|633|137|159|89|465|150|9|16|48|54|0|14|0|14|22|35|195|179
1600000US4535635|1626|278|1581|277|0|14|1581|277|1554|275|228|118|1345|281|27|32|31|27|0|14|0|14|3|14|42|32
1600000US4535755|1337|133|1147|134|0|14|1147|134|1076|139|190|119|866|157|67|73|97|86|0|14|4|6|19|29|171|103
1600000US4535800|281|115|265|113|0|14|265|113|265|113|60|76|205|82|0|14|0|14|0|14|0|14|0|14|16|25
1600000US4535890|4632|288|4281|293|0|22|4281|293|4172|288|380|175|3833|302|109|62|138|80|0|22|0|22|71|56|280|133
1600000US4535980|653|176|497|179|0|14|497|179|460|176|20|34|460|177|23|41|23|40|0|14|0|14|0|14|156|115
1600000US4536070|37|31|31|30|0|14|31|30|13|15|0|14|31|30|18|27|0|14|0|14|0|14|0|14|6|8
1600000US4536115|2043|149|1878|181|0|14|1878|181|1710|179|213|80|1586|197|168|78|143|103|0|14|0|14|112|109|53|46
1600000US4536160|394|128|314|114|0|14|314|114|279|99|62|52|239|92|9|8|33|43|0|14|0|14|22|26|58|35
1600000US4536205|1026|321|611|127|0|14|611|127|590|127|209|95|398|85|17|13|15|15|0|14|0|14|7|7|408|310
1600000US4536250|133|63|95|41|0|14|95|41|87|42|47|28|25|26|8|12|23|24|0|14|0|14|0|14|38|49
1600000US4536430|4666|251|4141|257|0|22|4141|257|3962|253|423|192|3620|267|163|89|192|106|16|26|0|22|132|103|393|199
1600000US4536475|33|31|26|29|0|14|26|29|26|29|10|16|16|24|0|14|1|2|0|14|0|14|7|10|0|14
1600000US4536610|293|83|271|75|0|14|271|75|248|74|58|38|213|65|23|30|6|7|0|14|0|14|0|14|22|24
1600000US4536655|23|17|21|16|0|14|21|16|21|16|4|5|8|8|0|14|13|16|0|14|0|14|0|14|2|3
1600000US4536790|642|126|536|127|0|14|536|127|468|129|58|41|468|128|68|67|10|18|0|14|0|14|0|14|106|62
1600000US4537105|469|104|413|89|0|14|413|89|382|86|58|40|282|90|7|6|74|48|24|27|0|14|17|21|39|30
1600000US4537150|1002|209|709|162|0|14|709|162|514|135|80|53|536|137|186|102|149|88|9|11|0|14|15|23|278|123
1600000US4537330|463|148|401|150|0|14|401|150|376|151|90|48|288|137|21|27|12|14|4|7|0|14|5|8|57|34
1600000US4537465|986|165|898|167|0|14|898|167|818|172|105|74|731|156|80|92|115|69|0|14|0|14|44|47|44|37
1600000US4538058|1404|175|1355|173|0|14|1355|173|1298|178|43|47|1312|177|57|31|53|36|0|14|0|14|17|21|32|27
1600000US4538095|805|137|719|121|0|14|719|121|623|114|88|50|608|108|96|46|50|26|0|14|0|14|29|22|57|34
1600000US4538110|19|21|19|21|0|14|19|21|19|21|0|14|19|21|0|14|12|19|0|14|0|14|0|14|0|14
1600000US4538162|1211|150|1178|147|0|14|1178|147|1168|147|56|28|1096|141|5|9|106|56|0|14|0|14|8|8|25|20
1600000US4538590|1297|147|916|134|0|14|916|134|779|130|315|129|601|126|137|80|49|53|0|14|0|14|115|87|266|126
1600000US4538950|56|33|37|28|0|14|37|28|34|26|24|21|1|5|0|14|7|9|3|6|0|14|0|14|19|18
1600000US4539220|5777|524|5412|507|0|22|5412|507|4975|560|614|243|4488|556|405|227|637|304|0|22|21|35|59|63|306|201
1600000US4539265|182|136|182|136|0|14|182|136|182|136|40|53|136|125|0|14|70|103|0|14|0|14|0|14|0|14
1600000US4539310|2612|323|2034|274|0|20|2034|274|1521|239|489|190|961|256|156|171|567|208|357|180|0|20|182|132|396|216
1600000US4539475|2812|344|2769|346|0|20|2769|346|2553|343|189|137|2533|340|184|107|300|163|32|51|0|20|0|20|43|49
1600000US4539512|623|171|470|139|0|14|470|139|434|141|5|8|395|123|36|25|64|69|0|14|0|14|0|14|153|99
1600000US4539715|346|97|221|74|0|14|221|74|206|70|78|41|126|59|11|14|55|53|4|8|0|14|13|22|112|59
1600000US4539772|1514|321|1224|244|0|14|1224|244|1138|253|231|177|956|221|60|76|92|81|0|14|0|14|24|41|266|233
1600000US4539785|5841|494|5689|505|0|22|5689|505|5530|489|569|212|5096|486|159|78|277|112|0|22|0|22|20|27|132|174
1600000US4539805|450|124|369|119|0|14|369|119|352|121|65|62|298|107|17|20|23|16|0|14|0|14|17|14|64|42
1600000US4539895|3646|313|2754|261|9|14|2745|262|2403|275|408|134|2295|282|277|129|127|74|17|26|0|20|187|117|705|188
1600000US4540075|1267|148|911|114|0|14|911|114|825|106|58|38|822|118|60|31|77|53|4|7|0|14|33|38|323|132
1600000US4540210|210|66|122|56|0|14|122|56|113|55|24|16|67|31|6|7|33|44|3|5|0|14|9|15|79|39
1600000US4540390|575|145|491|137|0|14|491|137|477|135|99|85|363|116|14|21|29|41|0|14|0|14|17|27|67|48
1600000US4540480|611|136|400|125|0|14|400|125|383|124|161|83|239|79|12|12|20|16|0|14|0|14|42|35|169|76
1600000US4540525|1947|378|1803|393|0|20|1803|393|1774|393|183|114|1584|390|29|27|303|162|0|20|0|20|33|49|111|84
1600000US4540615|3925|323|3227|315|0|20|3227|315|3035|324|815|281|2343|312|179|128|212|95|13|21|0|20|79|76|619|226
1600000US4541065|1161|250|1105|254|0|14|1105|254|1066|257|109|97|989|240|32|35|26|34|0|14|0|14|24|41|32|35
1600000US4541335|9778|401|9161|394|22|35|9139|402|8696|377|917|269|8085|414|440|135|424|177|0|26|3|5|219|111|398|155
1600000US4541380|1332|171|1170|197|0|14|1170|197|1113|190|102|85|903|165|57|45|148|92|0|14|0|14|0|14|162|118
1600000US4541740|491|149|444|147|0|14|444|147|404|141|33|21|343|134|29|28|92|66|1|3|0|14|0|14|47|36
1600000US4541830|4468|405|4048|405|9|14|4039|403|3760|383|381|106|3628|422|259|106|219|173|0|20|0|20|141|87|279|188
1600000US4541965|123|48|112|46|0|14|112|46|94|40|16|18|92|40|15|22|7|8|0|14|0|14|5|9|6|8
1600000US4542010|5886|430|5286|407|0|22|5286|407|5061|386|713|233|4487|423|203|82|223|134|22|24|0|22|333|152|267|134
1600000US4542055|176|84|92|62|0|14|92|62|53|45|2|3|46|40|11|13|50|50|28|39|0|14|0|14|84|59
1600000US4542095|22|26|22|26|0|14|22|26|10|16|0|14|22|26|12|19|0|14|0|14|0|14|0|14|0|14
1600000US4542100|54|22|42|21|0|14|42|21|41|21|5|6|30|19|1|2|4|8|0|14|0|14|3|4|9|7
1600000US4542145|20|26|14|23|0|14|14|23|14|23|0|14|14|23|0|14|0|14|0|14|0|14|0|14|6|11
1600000US4542190|168|58|129|44|0|14|129|44|123|43|34|18|92|40|6|9|3|5|0|14|0|14|0|14|39|32
1600000US4542280|56|41|52|40|0|14|52|40|30|20|6|7|46|39|22|33|8|14|0|14|0|14|0|14|4|7
1600000US4542460|0|14|0|14|0|14|0|14|0|14|0|14|0|14|0|14|0|14|0|14|0|14|0|14|0|14
1600000US4542730|1161|171|876|178|0|14|876|178|831|171|302|186|544|114|45|28|38|26|0|14|0|14|22|25|263|142
1600000US4542820|108|59|86|48|0|14|86|48|86|48|9|10|77|47|0|14|11|13|0|14|0|14|0|14|22|26
1600000US4542865|97|37|71|29|0|14|71|29|64|28|23|19|47|20|7|8|1|3|0|14|0|14|2|4|24|18
1600000US4543000|3771|269|3620|261|0|20|3620|261|3417|267|417|166|3106|272|192|94|288|112|4|7|0|20|35|37|116|52
1600000US4543090|93|56|92|56|0|14|92|56|91|55|19|18|72|55|0|14|1|3|0|14|0|14|1|3|0|14
1600000US4543135|158|124|68|79|0|14|68|79|68|79|49|76|19|23|0|14|0|14|0|14|0|14|0|14|90|97
1600000US4543315|2372|195|2211|194|0|20|2211|194|2004|200|236|111|1953|226|207|161|52|45|0|20|0|20|0|20|161|84
1600000US4543360|169|81|128|74|0|14|128|74|119|73|18|16|99|71|2|3|14|10|7|9|0|14|1|2|40|32
1600000US4543495|365|104|321|108|0|14|321|108|236|71|26|25|291|108|85|82|23|21|0|14|0|14|0|14|44|30
1600000US4543585|286|75|251|74|0|14|251|74|239|71|22|15|204|66|11|11|49|33|0|14|0|14|12|11|23|20
1600000US4543630|776|147|433|106|0|14|433|106|358|96|136|68|193|65|30|24|109|61|45|42|0|14|62|47|281|120
1600000US4543675|126|40|105|36|2|3|103|36|92|35|23|16|66|31|11|11|13|12|0|14|0|14|1|2|20|14
1600000US4543720|698|166|516|154|0|14|516|154|494|151|118|89|397|105|22|20|13|23|0|14|0|14|15|20|167|82
1600000US4544350|1887|239|1559|229|0|14|1559|229|1405|240|189|100|1309|243|154|95|70|60|0|14|0|14|30|36|298|142
1600000US4544395|309|144|196|103|0|14|196|103|196|103|6|10|179|102|0|14|5|8|0|14|0|14|0|14|113|132
1600000US4544575|2520|338|1795|299|0|20|1795|299|1265|228|528|174|887|212|233|137|421|244|297|219|0|20|214|166|511|228
1600000US4545115|11656|462|11023|456|50|74|10973|467|10393|526|856|254|9634|501|507|184|833|247|9|16|0|26|209|159|424|157
1600000US4545295|264|77|223|80|0|14|223|80|208|77|11|16|171|77|0|14|50|35|15|24|0|14|0|14|41|37
1600000US4545430|908|248|810|272|0|14|810|272|703|251|32|50|771|275|100|112|138|186|7|12|0|14|0|14|98|83
1600000US4545790|615|168|521|128|1|3|520|128|512|127|104|107|373|71|8|9|51|29|0|14|0|14|0|14|94|98
1600000US4547050|183|66|167|61|0|14|167|61|147|52|73|44|94|46|20|32|3|7|0|14|0|14|0|14|16|18
1600000US4547200|732|135|639|123|0|14|639|123|532|132|116|80|517|103|107|55|19|18|0|14|0|14|0|14|93|61
1600000US4547275|5194|321|4779|293|0|22|4779|293|4696|286|438|226|4156|330|83|59|384|186|0|22|0|22|116|88|299|185
1600000US4547320|121|58|88|55|0|14|88|55|71|40|12|12|75|52|16|28|10|11|0|14|0|14|8|11|25|21
1600000US4548310|113|77|39|33|0|14|39|33|22|25|0|14|30|30|8|13|9|16|9|16|0|14|0|14|74|70
1600000US4548355|65|35|61|31|0|14|61|31|50|27|10|9|50|29|11|13|3|4|0|14|0|14|1|3|3|10
1600000US4548535|39884|962|33536|1049|84|106|33452|1063|31940|1112|2420|418|29927|1174|1173|291|2755|510|231|185|0|33|5300|1006|1048|319
1600000US4548670|96|67|49|42|0|14|49|42|49|42|24|34|25|35|0|14|0|14|0|14|0|14|0|14|47|53
1600000US4548737|124|79|95|67|0|14|95|67|95|67|27|43|60|54|0|14|0|14|0|14|0|14|0|14|29|46
1600000US4548805|1697|290|1178|220|0|14|1178|220|967|201|381|175|520|140|79|60|300|150|132|145|0|14|186|109|333|158
1600000US4548900|419|128|351|124|0|14|351|124|321|119|67|81|284|92|30|45|0|14|0|14|0|14|55|58|13|21
1600000US4548985|4605|384|4439|376|24|28|4415|381|4135|347|450|141|3795|371|260|179|251|145|10|18|10|18|17|20|149|86
1600000US4549075|17623|665|16338|676|0|30|16338|676|15671|639|2612|398|13345|698|621|200|789|279|38|43|0|30|600|184|685|265
1600000US4549390|202|78|151|70|0|14|151|70|151|70|63|42|86|48|0|14|0|14|0|14|0|14|0|14|51|34
1600000US4549570|3938|284|3431|294|0|22|3431|294|3203|315|559|231|2569|324|51|49|446|193|170|150|0|22|15|29|492|160
1600000US4549705|1035|204|974|198|0|14|974|198|898|193|72|46|838|190|76|49|66|45|0|14|0|14|0|14|61|37
1600000US4549885|1746|249|1717|245|0|14|1717|245|1562|236|221|134|1480|243|155|107|101|81|0|14|0|14|0|14|29|36
1600000US4549975|226|139|126|107|0|14|126|107|68|86|0|14|126|107|58|88|0|14|0|14|0|14|57|74|43|68
1600000US4550020|354|124|265|113|0|14|265|113|263|114|112|67|137|92|2|6|14|22|0|14|0|14|22|36|67|46
1600000US4550110|127|49|99|39|0|14|99|39|91|38|50|27|46|23|8|12|2|4|0|14|0|14|1|3|27|25
1600000US4550290|1023|263|867|235|5|9|862|234|824|233|126|84|721|218|23|20|12|13|12|13|3|6|49|71|107|77
1600000US4550515|305|69|271|70|0|14|271|70|249|66|41|26|214|58|20|21|22|18|2|4|0|14|5|8|29|16
1600000US4550560|302|98|218|81|0|14|218|81|197|76|89|50|114|51|21|20|25|32|0|14|0|14|11|15|73|36
1600000US4550695|11168|494|10667|549|37|50|10630|545|9973|571|1450|436|9004|516|571|178|590|239|52|63|34|41|116|99|385|172
1600000US4550875|49185|1234|43908|1328|37|47|43871|1323|41514|1242|7705|923|34640|1475|1811|411|3324|521|212|111|38|39|1943|647|3334|741
1600000US4551145|1300|252|1264|257|0|14|1264|257|1013|207|199|117|1065|265|251|180|43|47|0|14|0|14|0|14|36|44
1600000US4551180|1755|243|1634|223|0|14|1634|223|1467|228|181|82|1400|215|155|91|107|76|12|21|0|14|54|54|67|84
1600000US4551280|9967|443|9337|413|0|22|9337|413|8857|421|1489|353|7704|524|477|143|328|93|0|22|0|22|472|154|158|86
1600000US4551367|312|77|299|77|0|14|299|77|254|74|14|21|259|76|28|24|26|25|7|12|0|14|0|14|13|18
1600000US4551550|141|56|116|51|0|14|116|51|114|52|42|38|59|29|2|3|13|9|0|14|0|14|0|14|25|26
1600000US4551720|5025|333|4739|312|9|14|4730|313|4608|311|554|184|4086|301|118|56|274|151|4|7|0|22|94|61|192|107
1600000US4551887|499|132|499|132|0|14|499|132|487|130|69|68|408|129|12|16|62|67|0|14|0|14|0|14|0|14
1600000US4552540|284|80|232|72|2|4|230|72|144|43|20|14|146|61|10|11|95|64|46|47|0|14|38|39|14|10
1600000US4552585|64|27|42|23|0|14|42|23|40|23|13|14|27|17|0|14|3|5|0|14|0|14|0|14|22|17
1600000US4552900|339|168|339|168|0|14|339|168|280|154|27|41|312|166|59|78|0|14|0|14|0|14|0|14|0|14
1600000US4553080|4613|438|3679|390|8|13|3671|390|3171|420|651|197|2812|398|359|174|233|99|71|53|52|81|109|82|825|288
1600000US4553485|35|60|35|60|0|14|35|60|35|60|35|60|0|14|0|14|0|14|0|14|0|14|0|14|0|14
1600000US4553845|1052|156|789|132|12|13|777|131|734|144|209|139|560|89|43|36|20|19|0|14|0|14|7|10|256|112
1600000US4554025|993|101|682|137|0|14|682|137|594|128|111|59|544|127|88|78|76|52|0|14|0|14|0|14|311|120
1600000US4554340|410|140|305|104|0|14|305|104|279|102|82|62|185|69|5|6|49|40|10|16|0|14|7|14|98|91
1600000US4554535|4944|536|4361|532|12|20|4349|532|4170|551|641|190|3452|563|140|80|320|134|39|39|0|22|101|71|482|173
1600000US4554700|51|23|35|18|0|14|35|18|30|16|3|4|32|17|5|8|1|2|0|14|0|14|11|13|5|6
1600000US4554925|134|46|89|38|0|14|89|38|70|33|14|16|72|35|16|17|7|9|1|2|2|4|5|8|40|25
1600000US4554970|173|65|163|63|0|14|163|63|163|63|0|14|163|63|0|14|0|14|0|14|0|14|0|14|10|17
1600000US4555015|96|29|95|29|0|14|95|29|95|29|7|6|88|29|0|14|0|14|0|14|0|14|0|14|1|2
1600000US4555060|167|58|133|51|0|14|133|51|129|51|17|15|114|49|4|5|6|5|0|14|0|14|4|6|30|23
1600000US4555150|49|35|27|27|0|14|27|27|26|27|0|14|24|26|1|3|3|4|0|14|0|14|4|9|18|21
1600000US4555420|364|166|244|65|0|14|244|65|233|67|30|24|214|61|11|11|0|14|0|14|0|14|6|8|114|159
1600000US4555465|762|311|538|109|0|14|538|109|502|111|128|58|389|93|36|33|54|37|0|14|0|14|16|13|208|300
1600000US4555645|1889|147|1745|172|0|14|1745|172|1666|184|154|80|1453|204|42|39|193|87|37|43|0|14|39|48|105|70
1600000US4555960|94|33|61|29|0|14|61|29|55|29|3|6|54|28|6|6|4|5|0|14|0|14|3|4|30|21
1600000US4556140|1328|179|1224|170|0|14|1224|170|1174|169|149|77|922|188|40|47|106|79|0|14|10|18|4|7|100|62
1600000US4556365|2029|309|1870|296|0|20|1870|296|1672|292|364|186|1364|249|138|118|48|47|0|20|60|99|47|54|112|137
1600000US4556545|629|326|532|330|0|14|532|330|473|326|14|21|518|330|59|57|44|53|0|14|0|14|0|14|97|103
1600000US4556905|282|155|258|153|0|14|258|153|234|148|31|43|227|149|24|41|20|29|0|14|0|14|0|14|24|29
1600000US4556950|1050|195|1015|190|0|14|1015|190|947|180|172|84|836|182|68|53|15|17|0|14|0|14|11|14|24|27
1600000US4557085|211|94|179|91|0|14|179|91|169|89|29|28|134|79|8|11|15|24|0|14|0|14|0|14|32|24
1600000US4557175|427|177|427|177|55|88|372|147|359|147|43|60|329|137|13|20|78|110|0|14|0|14|0|14|0|14
1600000US4557670|44|22|44|22|0|14|44|22|43|22|3|4|41|23|1|2|4|5|0|14|0|14|0|14|0|14
1600000US4557850|65|34|37|28|0|14|37|28|37|28|17|15|8|11|0|14|13|17|0|14|0|14|0|14|28|22
1600000US4558030|4676|360|4468|355|0|22|4468|355|4272|382|494|193|3822|364|169|105|429|265|27|50|0|22|66|85|142|108
1600000US4558170|3914|354|3890|351|0|22|3890|351|3632|338|522|203|3182|383|131|103|313|130|89|89|0|22|13|21|11|17
1600000US4558435|13|14|7|12|0|14|7|12|7|12|0|14|7|12|0|14|0|14|0|14|0|14|0|14|6|11
1600000US4558570|709|186|545|164|0|14|545|164|535|166|7|11|538|164|10|16|20|22|0|14|0|14|38|39|126|81
1600000US4558615|57|44|43|40|0|14|43|40|35|40|0|14|35|40|0|14|8|13|8|13|0|14|0|14|14|20
1600000US4558705|483|134|385|108|0|14|385|108|370|108|58|40|299|95|11|9|48|30|0|14|0|14|20|25|78|53
1600000US4558795|333|103|255|83|0|14|255|83|207|74|32|24|222|78|48|34|34|26|0|14|0|14|44|58|34|23
1600000US4558930|84|79|84|79|0|14|84|79|65|72|65|72|19|31|19|31|0|14|0|14|0|14|0|14|0|14
1600000US4559020|992|181|952|175|0|14|952|175|929|173|134|87|588|137|16|17|283|220|0|14|0|14|15|23|25|28
1600000US4559110|4328|289|3958|278|0|22|3958|278|3803|290|464|152|3400|276|147|86|148|66|0|22|0|22|156|99|214|114
1600000US4559190|6438|446|6024|454|0|22|6024|454|5613|480|609|222|5248|477|384|163|323|148|6|11|0|22|155|105|259|193
1600000US4559380|111|51|101|49|0|14|101|49|101|49|20|15|58|34|0|14|40|40|0|14|0|14|2|4|8|9
1600000US4559425|740|150|717|149|0|14|717|149|705|147|32|17|669|147|9|10|31|21|0|14|3|6|0|14|23|24
1600000US4559470|52|48|44|45|0|14|44|45|36|42|0|14|44|45|8|13|0|14|0|14|0|14|8|13|0|14
1600000US4559920|136|72|78|35|2|3|76|36|73|35|15|17|60|29|1|3|2|5|0|14|1|2|2|3|56|59
1600000US4560280|858|111|647|138|0|14|647|138|624|136|75|43|521|138|23|24|65|45|0|14|0|14|39|47|172|90
1600000US4560325|388|87|342|80|0|14|342|80|301|81|108|54|211|70|34|32|15|11|7|8|0|14|0|14|46|25
1600000US4560370|199|104|182|96|0|14|182|96|173|95|68|82|108|53|8|7|61|38|0|14|1|3|0|14|17|21
1600000US4560415|137|46|114|41|0|14|114|41|104|39|25|20|81|35|10|12|12|12|0|14|0|14|9|15|14|13
1600000US4561112|783|370|743|369|0|14|743|369|743|369|12|19|710|368|0|14|21|33|0|14|0|14|24|37|16|26
1600000US4561405|31307|895|28572|884|21|23|28551|887|27268|869|3645|559|24187|949|1187|232|1440|269|31|44|26|28|815|241|1920|345
1600000US4561495|58|22|51|21|0|14|51|21|51|21|4|5|46|21|0|14|7|8|0|14|0|14|1|2|6|6
1600000US4561720|1202|283|1168|280|0|14|1168|280|1072|279|98|60|1026|275|86|93|34|35|0|14|0|14|23|25|11|17
1600000US4562035|179|73|107|33|0|14|107|33|90|31|32|20|63|28|7|8|14|13|0|14|0|14|23|19|49|65
1600000US4562080|121|39|111|39|0|14|111|39|88|36|8|10|101|38|23|16|8|9|0|14|0|14|0|14|10|10
1600000US4562305|160|82|98|70|0|14|98|70|98|70|8|14|90|68|0|14|0|14|0|14|0|14|0|14|62|73
1600000US4562395|10127|916|8925|818|0|22|8925|818|8488|776|1255|375|7306|722|400|227|608|273|28|35|0|22|516|259|686|260
1600000US4562485|63|47|53|47|0|14|53|47|53|47|0|14|46|46|0|14|7|13|0|14|0|14|0|14|10|13
1600000US4562530|832|235|555|151|0|14|555|151|534|149|75|60|450|136|10|13|140|101|11|12|0|14|47|44|230|164
1600000US4562620|808|218|661|202|0|14|661|202|644|198|74|65|480|149|17|20|151|115|0|14|0|14|43|51|104|73
1600000US4562755|426|103|338|79|0|14|338|79|261|75|53|38|256|89|51|48|46|51|0|14|26|27|40|42|48|35
1600000US4562980|72|31|65|30|0|14|65|30|57|30|9|10|44|29|3|4|12|9|5|6|0|14|0|14|7|7
1600000US4563115|137|72|120|74|0|14|120|74|115|74|42|58|73|32|5|5|14|16|0|14|0|14|2|3|15|15
1600000US4563250|1197|135|891|144|0|14|891|144|825|135|320|116|535|140|50|37|55|38|0|14|10|19|81|87|225|85
1600000US4563655|388|150|388|150|0|14|388|150|380|150|141|125|226|82|8|14|41|35|0|14|0|14|0|14|0|14
1600000US4563665|3217|585|3045|546|16|26|3029|536|2841|538|189|100|2811|542|178|91|172|151|0|20|0|20|110|156|62|51
1600000US4563700|3922|421|3381|321|10|15|3371|319|3062|323|547|175|2620|308|298|130|361|163|11|18|0|20|15|26|526|308
1600000US4563790|364|90|301|89|0|14|301|89|252|85|104|54|189|72|35|30|26|21|8|12|0|14|18|25|45|24
1600000US4564240|1368|221|1026|176|0|14|1026|176|898|176|171|88|798|188|113|73|79|51|15|26|0|14|27|33|315|175
1600000US4564465|53|34|52|33|0|14|52|33|47|33|15|18|35|27|5|8|5|7|0|14|0|14|0|14|1|3
1600000US4564600|243|85|221|82|0|14|221|82|159|66|33|39|112|56|23|34|75|44|39|30|0|14|0|14|22|25
1600000US4564690|405|185|325|182|0|14|325|182|325|182|11|17|308|181|0|14|124|152|0|14|0|14|15|25|65|80
1600000US4564712|1250|178|1236|179|0|14|1236|179|1197|179|70|33|1138|175|39|26|91|42|0|14|0|14|10|11|4|6
1600000US4565005|89|55|29|21|0|14|29|21|27|21|17|19|6|9|0|14|6|9|2|3|0|14|0|14|60|52
1600000US4565095|4082|360|3546|326|0|20|3546|326|3420|321|640|290|2699|337|101|67|245|86|25|46|0|20|172|93|364|179
1600000US4565207|6864|443|6298|483|0|22|6298|483|5838|504|391|169|5865|496|428|206|280|97|13|20|0|22|262|158|304|113
1600000US4565410|200|98|131|36|2|3|129|37|114|38|20|15|105|35|15|10|12|9|0|14|0|14|1|2|68|93
1600000US4565590|245|113|245|113|0|14|245|113|245|113|16|23|200|110|0|14|62|70|0|14|0|14|0|14|0|14
1600000US4565680|737|179|616|174|0|14|616|174|579|169|209|115|362|151|37|45|21|34|0|14|0|14|0|14|121|122
1600000US4565950|28|33|28|33|0|14|28|33|28|33|0|14|28|33|0|14|0|14|0|14|0|14|0|14|0|14
1600000US4566400|95|52|85|52|0|14|85|52|84|52|22|20|62|41|0|14|4|4|0|14|0|14|0|14|10|13
1600000US4566580|10143|472|9564|472|0|26|9564|472|8894|466|933|249|8413|508|475|161|619|244|17|27|0|26|224|117|355|152
1600000US4566760|291|81|278|81|0|14|278|81|274|80|49|42|215|63|4|7|49|52|0|14|0|14|2|4|11|9
1600000US4566917|914|201|857|202|0|14|857|202|780|205|229|128|598|173|77|67|38|35|0|14|0|14|0|14|57|48
1600000US4567165|45|20|41|18|2|4|39|17|35|16|7|9|31|15|2|5|12|8|0|14|0|14|0|14|4|6
1600000US4567210|19|16|14|14|0|14|14|14|14|14|6|9|7|9|0|14|0|14|0|14|0|14|0|14|5|6
1600000US4567255|72|37|61|34|0|14|61|34|60|34|7|9|49|31|1|2|4|5|0|14|0|14|6|11|5|7
1600000US4567390|9131|699|8388|710|27|45|8361|709|7795|738|1098|246|7172|701|523|218|342|110|0|26|0|26|78|61|665|268
1600000US4567435|206|83|157|69|3|5|154|69|117|49|27|21|126|64|37|39|4|6|0|14|0|14|6|11|43|33
1600000US4567705|830|132|786|122|0|14|786|122|759|121|80|41|685|114|27|21|46|28|0|14|0|14|5|8|39|47
1600000US4567750|1178|206|714|143|8|12|706|142|593|131|100|53|524|140|113|78|85|69|0|14|0|14|20|24|444|217
1600000US4568177|788|150|765|150|0|14|765|150|700|144|178|103|578|144|65|63|0|14|0|14|0|14|0|14|23|27
1600000US4568210|116|65|106|61|0|14|106|61|96|59|25|28|81|63|10|16|0|14|0|14|0|14|0|14|10|16
1600000US4568290|15924|506|13696|508|15|19|13681|505|12339|490|1409|252|11726|534|1303|318|835|223|33|34|0|30|224|104|2004|371
1600000US4568380|833|266|801|265|0|14|801|265|621|277|159|118|642|253|180|135|0|14|0|14|0|14|14|21|18|33
1600000US4568425|1054|294|1015|276|0|14|1015|276|981|264|109|68|863|225|27|25|50|58|3|6|0|14|5|8|34|29
1600000US4568470|152|46|134|44|0|14|134|44|132|43|21|16|104|41|2|4|4|4|0|14|0|14|0|14|18|14
1600000US4568875|78|38|70|38|0|14|70|38|65|38|8|9|62|37|5|6|0|14|0|14|0|14|0|14|8|8
1600000US4568920|283|171|283|171|0|14|283|171|239|183|0|14|283|171|44|73|0|14|0|14|0|14|0|14|0|14
1600000US4569010|724|110|679|116|0|14|679|116|623|123|30|29|635|117|56|45|28|31|0|14|0|14|31|35|14|22
1600000US4570045|97|53|42|31|0|14|42|31|39|29|4|8|13|11|0|14|29|30|0|14|0|14|6|7|49|41
1600000US4570090|798|114|756|109|4|6|752|110|658|112|143|97|540|64|36|26|105|43|45|38|0|14|39|31|3|4
1600000US4570225|393|99|326|87|0|14|326|87|309|89|44|37|279|89|17|18|16|14|0|14|0|14|11|17|56|37
1600000US4570270|21228|815|19765|922|0|33|19765|922|19049|865|2400|523|16951|985|645|358|1262|356|50|65|0|33|523|217|940|424
1600000US4570315|221|88|169|59|0|14|169|59|154|58|37|24|132|48|15|15|0|14|0|14|0|14|1|3|51|60
1600000US4570405|16081|642|14192|649|9|16|14183|649|13538|619|1969|369|11866|656|519|166|526|203|70|68|18|28|290|122|1599|323
1600000US4570585|2034|130|1810|142|0|14|1810|142|1706|140|141|66|1609|147|79|36|111|60|0|14|11|17|144|86|80|66
1600000US4570675|283|78|242|69|0|14|242|69|238|70|45|32|149|52|4|6|41|29|0|14|0|14|10|17|31|27
1600000US4570900|39|20|31|19|0|14|31|19|31|19|8|11|15|13|0|14|8|9|0|14|0|14|0|14|8|10
1600000US4571170|0|14|0|14|0|14|0|14|0|14|0|14|0|14|0|14|0|14|0|14|0|14|0|14|0|14
1600000US4571305|26|18|21|14|0|14|21|14|21|14|7|10|14|10|0|14|3|7|0|14|0|14|0|14|5|9
1600000US4571395|9745|667|9377|668|10|16|9367|664|8710|687|1249|351|7909|607|614|230|369|132|0|26|0|26|144|88|224|98
1600000US4571417|4940|250|4522|283|0|22|4522|283|4177|319|464|291|4012|388|345|246|138|85|0|22|0|22|241|318|177|118
1600000US4571658|387|80|377|80|0|14|377|80|368|77|0|14|371|79|9|10|23|16|0|14|0|14|6|9|4|6
1600000US4571890|40|26|32|24|0|14|32|24|32|24|0|14|32|24|0|14|0|14|0|14|0|14|8|13|0|14
1600000US4571980|862|179|563|154|0|14|563|154|442|147|57|34|367|139|35|20|132|96|86|72|0|14|95|91|204|84
1600000US4572295|53|36|53|36|0|14|53|36|43|32|12|20|41|32|10|19|6|9|0|14|0|14|0|14|0|14
1600000US4572430|2423|234|2226|210|0|20|2226|210|2118|198|161|77|2010|211|77|59|227|131|0|20|0|20|51|42|146|94
1600000US4572520|109|41|97|39|0|14|97|39|77|34|15|14|81|38|20|18|13|16|0|14|0|14|1|2|11|11
1600000US4572655|58|40|53|40|0|14|53|40|50|39|9|8|42|38|1|3|9|8|2|4|0|14|0|14|5|7
1600000US4572745|319|61|229|54|2|3|227|54|222|56|38|30|185|54|5|6|9|8|0|14|0|14|2|5|88|41
1600000US4572880|60|37|54|35|0|14|54|35|51|36|15|20|35|27|3|5|7|8|0|14|0|14|0|14|6|11
1600000US4573105|3904|236|3201|248|0|20|3201|248|2695|301|685|170|2459|245|506|189|96|49|0|20|0|20|79|50|624|175
1600000US4573240|131|69|117|69|0|14|117|69|113|70|17|28|100|62|4|6|0|14|0|14|0|14|0|14|14|17
1600000US4573330|613|193|466|164|0|14|466|164|445|162|67|45|390|156|12|18|31|28|9|15|0|14|31|50|116|78
1600000US4573465|3006|455|2643|472|0|20|2643|472|2320|435|318|136|2249|457|315|172|232|132|0|20|0|20|343|138|20|25
1600000US4573510|47|28|42|27|0|14|42|27|40|26|6|7|35|24|2|3|4|9|0|14|0|14|1|2|4|7
1600000US4573555|391|182|296|92|2|4|294|92|238|82|81|59|193|68|49|41|26|19|7|13|0|14|4|6|91|146
1600000US4573600|840|150|618|127|0|14|618|127|594|131|110|50|463|119|24|24|97|86|0|14|0|14|8|17|214|109
1600000US4573870|8828|577|8162|565|16|24|8146|565|7339|562|935|258|7109|583|713|204|288|116|32|52|25|32|207|154|459|121
1600000US4574050|480|173|389|161|0|14|389|161|386|160|79|53|294|141|3|7|27|23|0|14|0|14|0|14|91|67
1600000US4574095|1760|183|1321|231|0|14|1321|231|1216|215|368|141|918|211|82|71|132|104|0|14|0|14|119|95|320|186
1600000US4574140|329|154|246|98|0|14|246|98|134|69|32|31|186|94|103|89|42|33|9|15|0|14|0|14|83|129
1600000US4574275|2330|184|2190|165|0|20|2190|165|1929|196|233|133|1884|168|242|160|201|145|0|20|0|20|15|20|125|89
1600000US4574590|73|34|54|28|0|14|54|28|45|24|13|15|35|22|7|14|8|9|2|5|0|14|9|18|10|15
1600000US4574635|62|31|48|33|0|14|48|33|48|33|6|9|42|33|0|14|0|14|0|14|0|14|5|8|9|13
1600000US4574680|815|236|470|118|0|14|470|118|430|114|77|41|375|110|37|35|29|14|0|14|0|14|36|33|309|181
1600000US4574725|428|134|385|131|0|14|385|131|312|125|42|65|323|111|73|69|8|15|0|14|0|14|0|14|43|42
1600000US4574995|83|44|74|42|0|14|74|42|67|40|25|26|49|37|7|12|3|6|0|14|0|14|0|14|9|13
1600000US4575220|573|221|473|193|0|14|473|193|466|193|142|118|331|182|7|13|28|41|0|14|0|14|0|14|100|100
1600000US4575445|951|218|940|218|0|14|940|218|919|211|103|79|761|198|21|26|59|87|0|14|0|14|7|12|4|8
1600000US4575535|2776|557|2392|563|0|20|2392|563|2282|574|179|121|2062|554|110|77|186|156|0|20|0|20|0|20|384|159
1600000US4575580|1169|181|1059|187|0|14|1059|187|924|203|292|215|737|146|135|99|85|67|0|14|0|14|0|14|110|73
1600000US4575850|8516|405|7513|448|0|22|7513|448|7138|451|1179|296|6008|452|330|117|567|196|10|12|0|22|295|134|708|270
1600000US4576165|1172|249|953|242|0|14|953|242|925|239|186|86|718|232|22|23|66|42|0|14|6|11|36|30|183|80
1600000US4576345|515|123|463|119|0|14|463|119|453|120|102|68|312|84|10|9|66|38|0|14|0|14|19|28|33|27
1600000US4576435|145|41|123|43|2|3|121|44|104|40|40|20|73|36|15|14|8|7|0|14|0|14|0|14|22|23
1600000US4577042|2898|286|2849|286|0|20|2849|286|2807|288|297|138|2486|280|42|34|169|94|0|20|0|20|1|2|48|38
1600000US4577380|655|171|587|166|0|14|587|166|555|164|257|125|330|100|32|24|25|21|0|14|0|14|0|14|68|32
1600000US4577425|1662|330|1433|303|19|30|1414|303|1203|258|78|54|1297|296|211|156|89|74|0|14|0|14|27|30|202|150
1600000US4577672|1002|310|732|245|0|14|732|245|652|232|323|185|380|173|58|92|33|29|0|14|12|19|42|39|228|213
1600000US4577785|38|21|30|18|0|14|30|18|30|18|1|4|29|18|0|14|0|14|0|14|0|14|0|14|8|7
1600000US4577875|1750|150|1615|150|0|14|1615|150|1415|179|130|90|1380|178|192|117|78|79|8|12|0|14|34|36|101|89
1600000US4577920|89|73|75|66|0|14|75|66|75|66|0|14|75|66|0|14|0|14|0|14|0|14|0|14|14|21
1600000US4577965|1227|170|919|154|0|14|919|154|800|143|113|65|738|138|119|78|53|50|0|14|0|14|0|14|308|136
1600000US4578190|85|38|60|34|0|14|60|34|59|34|20|18|40|27|1|2|17|27|0|14|0|14|0|14|25|22
1600000US4578460|1435|166|1280|169|0|14|1280|169|1189|169|196|101|1031|170|71|65|133|98|20|31|0|14|16|22|139|101
1600000US4578505|624|182|556|184|0|14|556|184|497|156|52|50|504|177|59|81|78|67|0|14|0|14|0|14|68|55
1600000US4578640|78|50|76|49|0|14|76|49|76|49|0|14|76|49|0|14|0|14|0|14|0|14|0|14|2|5
1600000US4578820|4342|655|3849|652|0|20|3849|652|3662|653|437|271|3280|615|185|172|846|483|0|20|0|20|75|88|418|168
1600000US4578910|45|24|40|23|0|14|40|23|37|22|1|2|36|21|3|5|5|8|0|14|0|14|0|14|5|4
1600000US4579090|1942|253|1800|265|0|14|1800|265|1718|275|450|341|1265|186|75|76|133|103|0|14|7|11|0|14|142|124
1600000US4579341|1616|174|1476|171|0|14|1476|171|1381|170|139|68|1269|178|74|39|76|45|0|14|11|18|63|53|77|58
1600000US4579450|515|112|442|106|0|14|442|106|404|102|35|27|388|97|31|30|84|69|0|14|7|12|17|23|56|32
1600000US4579630|3418|215|3048|227|0|20|3048|227|2880|239|547|198|2377|267|168|84|429|227|0|20|0|20|131|95|239|103
1600000US4579720|63|37|32|33|0|14|32|33|32|33|32|33|0|14|0|14|0|14|0|14|0|14|7|15|24|30
860Z200US27006|6732|368|6360|389|0|21|6360|389|5837|365|794|219|5462|356|514|251|278|122|0|21|0|21|58|55|314|134
860Z200US27007|853|154|746|150|0|14|746|150|668|153|77|49|645|149|72|51|37|36|6|9|0|14|12|20|95|61
860Z200US27009|1192|269|1181|266|0|14|1181|266|1073|252|99|51|905|194|108|78|185|219|0|14|0|14|0|14|11|16
860Z200US27011|2330|203|2027|217|0|19|2027|217|1899|202|404|159|1553|199|105|70|143|67|0|19|0|19|10|14|293|116
860Z200US27012|12418|544|11888|572|13|20|11875|572|11324|545|836|230|10737|593|496|131|827|251|37|38|9|14|202|116|328|147
860Z200US27013|2360|308|2047|290|36|41|2011|293|1843|281|352|126|1419|259|139|89|277|128|29|30|0|19|14|21|299|157
860Z200US27014|371|92|339|86|0|14|339|86|328|86|16|15|311|80|11|12|22|20|0|14|0|14|10|12|22|20
860Z200US27016|953|218|718|192|0|14|718|192|648|181|201|86|463|172|67|80|28|28|3|5|0|14|0|14|235|128
860Z200US27017|3887|332|3254|325|41|47|3213|321|2849|313|422|160|2689|316|350|158|144|97|4|6|0|21|297|161|336|110
860Z200US27018|2983|321|2672|318|0|19|2672|318|2479|306|261|138|2272|291|157|84|78|56|0|19|0|19|66|53|245|153
860Z200US27019|1779|344|1630|345|58|77|1572|344|1386|329|141|77|1285|322|87|74|159|110|0|14|68|84|12|18|137|96
860Z200US27020|2617|353|2286|331|50|74|2236|324|2064|328|339|156|1867|323|152|88|49|41|0|19|0|19|21|27|310|141
860Z200US27021|7426|418|6776|411|0|21|6776|411|6314|420|835|226|5759|400|417|127|320|119|10|16|18|28|49|43|601|175
860Z200US27022|488|119|412|105|10|18|402|109|390|106|128|70|267|81|12|19|7|11|0|14|0|14|39|50|37|33
860Z200US27023|5405|469|5128|444|0|21|5128|444|4664|427|433|184|4564|408|442|174|232|103|14|24|0|21|82|105|195|134
860Z200US27024|1078|283|879|276|0|14|879|276|838|268|67|42|787|274|22|21|204|206|0|14|0|14|44|67|155|79
860Z200US27025|5031|492|4328|439|29|44|4299|446|3795|403|618|248|3288|425|420|204|459|188|51|57|9|15|130|98|573|225
860Z200US27027|1911|257|1608|277|0|14|1608|277|1279|177|252|109|1338|276|284|176|78|78|0|14|0|14|27|28|276|121
860Z200US27028|9995|391|9045|392|70|62|8975|403|8422|399|1001|192|7728|415|517|147|525|164|0|25|0|25|124|72|826|224
860Z200US27030|15338|496|13124|493|31|28|13093|495|11757|545|1858|291|10739|580|1105|220|1008|221|145|83|12|17|504|161|1710|252
860Z200US27040|4837|342|4625|331|0|21|4625|331|4173|310|357|116|4182|348|382|202|235|92|16|26|0|21|61|45|151|79
860Z200US27041|3382|315|3084|323|2|4|3082|322|2814|325|301|102|2689|332|228|87|195|91|31|39|9|14|78|62|220|85
860Z200US27042|146|83|134|82|0|14|134|82|134|82|68|65|56|47|0|14|10|16|0|14|0|14|12|19|0|14
860Z200US27043|2640|287|2440|283|10|16|2430|284|2067|274|336|196|1988|251|341|186|154|77|7|10|0|19|30|38|170|73
860Z200US27045|4559|484|4219|488|0|21|4219|488|3955|481|417|222|3705|520|215|125|187|112|20|33|0|21|25|24|315|151
860Z200US27046|990|265|786|260|0|14|786|260|497|131|86|55|622|270|256|235|78|76|33|55|0|14|19|30|185|119
860Z200US27047|441|97|372|91|0|14|372|91|338|81|13|20|336|93|34|35|34|39|0|14|0|14|40|37|29|25
860Z200US27048|3413|299|2799|299|0|19|2799|299|2537|300|379|116|2137|314|231|94|405|101|16|18|5|8|23|22|591|161
860Z200US27050|1575|281|1286|158|0|14|1286|158|1211|156|146|100|1140|155|50|27|38|32|0|14|0|14|49|79|240|228
860Z200US27051|3086|269|2831|268|16|26|2815|271|2648|254|329|119|2360|280|167|85|152|53|0|19|0|19|119|96|136|64
860Z200US27052|4150|344|3651|310|0|21|3651|310|3264|307|482|151|3013|298|299|119|315|163|35|37|0|21|74|68|425|156
860Z200US27053|1391|266|1114|240|0|14|1114|240|877|182|113|77|957|233|126|89|21|20|0|14|11|19|23|33|254|163
860Z200US27054|942|187|751|145|0|14|751|145|657|164|98|61|465|137|55|68|309|160|39|50|0|14|0|14|191|150
860Z200US27055|5230|338|4629|321|0|21|4629|321|4151|320|554|171|4024|322|449|132|216|101|7|13|0|21|84|62|517|160
860Z200US27101|10982|721|9432|697|8|13|9424|697|8074|595|1224|243|7431|596|834|258|461|143|17|23|346|315|616|211|934|257
860Z200US27103|16002|730|14631|710|14|21|14617|708|13063|723|1315|316|12818|678|1482|364|713|276|5|9|0|29|306|201|1065|338
860Z200US27104|14479|820|13297|823|0|29|13297|823|12199|776|1311|415|11620|807|978|395|533|179|31|38|0|29|360|127|822|334
860Z200US27105|15165|774|12351|748|17|21|12334|747|10320|762|1913|333|9596|718|1780|459|860|265|79|82|56|75|640|356|2174|378
860Z200US27106|20288|874|18831|828|0|29|18831|828|17018|832|2083|433|16333|839|1649|394|958|306|42|57|0|29|576|208|881|206
860Z200US27107|19173|797|16130|709|34|42|16096|704|14444|737|1975|354|13697|733|1497|362|985|334|87|88|11|19|882|349|2161|558
860Z200US27109|0|14|0|14|0|14|0|14|0|14|0|14|0|14|0|14|0|14|0|14|0|14|0|14|0|14
860Z200US27110|0|14|0|14|0|14|0|14|0|14|0|14|0|14|0|14|0|14|0|14|0|14|0|14|0|14
860Z200US27127|16871|824|15480|841|0|29|15480|841|14001|824|2035|504|13127|848|1289|333|1034|307|55|49|92|117|483|232|908|248
860Z200US27201|56|34|56|34|0|14|56|34|56|34|10|15|46|30|0|14|2|4|0|14|0|14|0|14|0|14
860Z200US27202|37|55|37|55|0|14|37|55|37|55|0|14|37|55|0|14|0|14|0|14|0|14|0|14|0|14
860Z200US27203|9634|606|8248|640|0|25|8248|640|7856|638|1534|384|6418|551|374|182|485|197|18|21|0|25|595|263|791|286
860Z200US27205|14720|689|12703|798|8|13|12695|799|11622|718|1597|481|10615|803|1010|445|601|150|9|13|15|24|712|264|1305|363
860Z200US27207|1631|299|1116|303|0|14|1116|303|881|252|121|78|945|272|220|181|64|70|0|14|0|14|219|161|296|131
860Z200US27208|812|169|606|161|0|14|606|161|494|149|23|25|533|162|99|73|67|41|13|20|0|14|116|81|90|71
860Z200US27209|1546|261|1276|250|0|14|1276|250|1093|205|169|84|880|222|59|65|166|104|103|87|21|29|26|36|244|130
860Z200US27212|498|147|478|147|0|14|478|147|470|147|24|23|353|130|0|14|127|95|0|14|8|14|12|18|8|13
860Z200US27213|43|50|17|28|0|14|17|28|17|28|0|14|17|28|0|14|0|14|0|14|0|14|0|14|26|39
860Z200US27214|5405|705|4923|645|0|21|4923|645|4591|645|261|138|4501|680|319|248|429|196|13|22|0|21|13|23|469|306
860Z200US27215|20383|850|18419|856|11|15|18408|859|17343|824|2293|463|15614|760|948|223|1009|271|67|55|2|4|626|217|1338|348
860Z200US27217|15498|672|13589|680|5|5|13584|679|12689|684|2044|406|10748|641|863|309|1043|351|27|21|5|7|211|79|1698|335
860Z200US27229|1230|219|1009|196|0|14|1009|196|926|179|198|91|724|191|81|61|99|59|2|3|0|14|19|19|202|108
860Z200US27231|991|139|795|95|3|3|792|95|763|95|97|38|582|94|20|11|140|45|9|7|0|14|13|12|183|117
860Z200US27233|1171|220|1104|219|0|14|1104|219|1022|206|196|105|796|199|82|69|157|99|0|14|0|14|0|14|67|60
860Z200US27235|2282|458|1944|419|0|19|1944|419|1782|429|152|115|1779|404|142|68|10|16|0|19|0|19|111|71|227|176
860Z200US27239|3385|325|2998|341|2|3|2996|341|2735|312|345|149|2503|301|230|120|184|98|8|16|0|19|49|39|338|132
860Z200US27242|677|162|409|165|0|14|409|165|371|166|41|33|354|172|38|37|14|20|0|14|0|14|0|14|268|141
860Z200US27243|2138|333|1848|271|0|19|1848|271|1645|253|291|142|1460|246|163|73|187|82|17|31|0|19|33|32|257|246
860Z200US27244|4509|303|4060|295|11|17|4049|294|3792|290|255|88|3651|284|257|115|277|114|0|21|0|21|108|56|341|163
860Z200US27247|22|30|6|10|0|14|6|10|0|14|0|14|6|10|6|10|0|14|0|14|0|14|0|14|16|28
860Z200US27248|1607|204|1406|201|0|14|1406|201|1331|204|332|120|949|209|56|40|83|46|19|29|0|14|83|47|118|70
860Z200US27249|5701|735|5083|742|0|21|5083|742|4624|696|772|248|4147|656|231|137|580|317|0|21|0|21|61|68|557|348
860Z200US27252|620|221|493|219|0|14|493|219|469|216|42|42|327|177|15|21|83|74|0|14|0|14|4|8|123|102
860Z200US27253|14136|533|12752|480|0|29|12752|480|12094|503|1541|319|10837|492|634|181|825|223|21|23|0|29|339|134|1045|248
860Z200US27256|64|96|64|96|0|14|64|96|64|96|64|96|0|14|0|14|0|14|0|14|0|14|0|14|0|14
860Z200US27258|2429|268|2274|262|0|19|2274|262|2183|267|346|142|1882|262|79|42|152|71|12|20|0|19|60|51|95|46
860Z200US27259|6|12|6|12|0|14|6|12|6|12|0|14|6|12|0|14|0|14|0|14|0|14|0|14|0|14
860Z200US27260|9941|655|8213|650|0|25|8213|650|7865|647|2424|598|5564|486|323|158|499|236|0|25|0|25|339|162|1389|386
860Z200US27262|9679|659|8833|705|0|25|8833|705|8317|684|1735|508|6795|621|439|155|795|262|16|24|0|25|193|110|653|193
860Z200US27263|8328|472|7650|486|7|10|7643|488|7342|497|989|243|6379|456|284|121|479|136|0|25|0|25|154|96|524|142
860Z200US27265|21161|1014|19627|954|24|38|19603|961|18666|984|2697|475|16610|910|799|201|1167|381|12|18|0|29|680|325|854|253
860Z200US27268|0|14|0|14|0|14|0|14|0|14|0|14|0|14|0|14|0|14|0|14|0|14|0|14|0|14
860Z200US27278|11533|598|11065|587|0|25|11065|587|10301|638|1141|364|9420|574|669|200|628|201|32|39|29|47|164|82|304|124
860Z200US27281|1545|230|1383|224|6|9|1377|222|1279|217|65|30|1231|216|93|34|180|101|3|6|0|14|90|55|72|56
860Z200US27282|6770|576|6569|602|0|21|6569|602|6290|559|867|315|5558|551|223|105|374|205|19|26|0|21|47|57|154|84
860Z200US27283|1354|241|1311|249|0|14|1311|249|1284|251|191|84|1034|231|27|30|98|76|0|14|0|14|17|27|26|31
860Z200US27284|24410|786|22582|780|25|24|22557|783|20973|859|2298|488|19613|771|1520|386|1159|252|16|17|25|24|692|242|1136|271
860Z200US27288|9910|605|8156|556|25|39|8131|559|7258|587|1099|271|6727|548|758|257|562|182|33|43|29|47|512|246|1242|334
860Z200US27291|736|223|671|217|0|14|671|217|636|219|14|23|563|207|22|37|94|79|13|22|0|14|0|14|65|57
860Z200US27292|16060|712|14170|673|44|57|14126|670|13372|685|1705|314|12050|668|733|184|451|217|18|22|0|29|251|115|1639|390
860Z200US27295|16144|673|14076|593|0|29|14076|593|13073|542|1774|412|12063|664|660|206|685|198|0|29|11|17|398|156|1670|342
860Z200US27298|3752|345|3146|296|0|21|3146|296|2904|290|544|220|2434|304|215|96|180|83|27|30|0|21|94|65|512|201
860Z200US27299|1848|278|1747|278|0|19|1747|278|1672|274|160|94|1577|286|75|75|44|36|0|19|0|19|10|17|91|77
860Z200US27301|3889|457|3524|415|0|21|3524|415|3310|411|361|173|3080|421|214|123|389|217|0|21|0|21|111|175|254|123
860Z200US27302|14223|659|12810|655|8|10|12802|655|12254|651|1267|262|11034|639|477|185|939|230|34|39|0|29|370|159|1043|308
860Z200US27305|582|143|505|128|0|14|505|128|412|143|29|34|431|119|93|79|37|35|0|14|0|14|0|14|77|65
860Z200US27306|2555|283|2112|272|7|11|2105|270|1960|273|368|118|1446|238|94|90|366|158|48|53|0|19|44|37|399|133
860Z200US27310|2959|261|2833|263|0|19|2833|263|2610|261|108|59|2693|286|155|81|258|149|7|11|0|19|26|32|100|70
860Z200US27311|1367|207|1135|198|0|14|1135|198|999|194|230|121|807|191|66|59|187|89|46|57|0|14|20|24|212|90
860Z200US27312|10292|507|9430|528|10|16|9420|527|8919|503|867|267|7744|481|404|128|961|267|22|27|52|68|238|100|624|245
860Z200US27313|2975|337|2709|312|0|19|2709|312|2494|293|392|216|2286|312|215|107|138|75|0|19|0|19|42|55|224|136
860Z200US27314|282|114|224|113|0|14|224|113|203|115|40|46|164|111|21|32|0|14|0|14|0|14|0|14|58|48
860Z200US27315|688|185|560|154|0|14|560|154|476|138|88|62|443|128|63|51|41|44|21|35|0|14|0|14|128|94
860Z200US27316|2657|366|2303|366|0|19|2303|366|2164|362|284|123|1876|334|92|47|77|51|0|19|40|61|91|55|263|143
860Z200US27317|6501|438|5852|446|0|21|5852|446|5401|476|679|220|4880|482|411|153|332|137|40|38|0|21|191|124|458|172
860Z200US27320|16581|698|14427|744|13|23|14414|747|12556|708|1675|330|12140|678|1616|295|1196|270|129|99|20|33|301|146|1853|391
860Z200US27325|2353|337|1951|301|18|28|1933|298|1766|294|276|139|1499|268|129|61|270|106|31|41|0|19|118|86|284|117
860Z200US27326|1464|207|1237|213|0|14|1237|213|1041|194|193|93|994|210|149|127|75|63|20|19|17|20|46|53|181|92
860Z200US27330|15097|698|11953|667|36|34|11917|675|11484|651|1355|268|10280|652|407|152|665|155|24|39|0|29|2182|483|962|240
860Z200US27332|13513|858|10683|790|34|51|10649|784|9973|801|608|221|9708|757|655|224|1040|286|0|29|0|29|1526|332|1304|425
860Z200US27340|36|43|36|43|0|14|36|43|36|43|0|14|36|43|0|14|0|14|0|14|0|14|0|14|0|14
860Z200US27341|2266|312|1983|309|0|19|1983|309|1880|301|388|180|1541|262|70|43|117|79|24|30|0|19|65|50|218|81
860Z200US27342|24|25|17|24|0|14|17|24|4|7|0|14|17|24|13|22|0|14|0|14|0|14|0|14|7|8
860Z200US27343|593|221|443|170|33|40|410|172|368|173|33|35|316|151|42|45|64|53|0|14|0|14|15|25|135|134
860Z200US27344|7345|583|5912|521|18|22|5894|521|5029|501|1056|286|4092|497|746|267|724|280|53|45|32|45|498|194|935|369
860Z200US27349|2724|319|2541|316|0|19|2541|316|2344|322|380|134|2062|280|178|96|104|51|19|24|0|19|7|12|176|87
860Z200US27350|2355|363|2051|297|0|19|2051|297|1927|314|251|84|1703|296|115|78|77|60|9|15|0|19|39|56|265|195
860Z200US27351|44|78|44|78|0|14|44|78|44|78|0|14|44|78|0|14|0|14|0|14|0|14|0|14|0|14
860Z200US27355|972|239|745|233|0|14|745|233|651|216|35|28|671|232|94|74|24|19|0|14|0|14|141|104|86|48
860Z200US27356|1077|206|736|135|0|14|736|135|668|137|100|49|567|134|38|25|113|57|12|14|7|11|97|79|244|136
860Z200US27357|3857|431|3222|386|0|19|3222|386|2962|346|359|157|2636|375|200|142|293|117|36|33|24|40|75|60|560|242
860Z200US27358|5423|324|5107|340|0|21|5107|340|4905|355|411|149|4553|334|176|130|338|113|26|34|0|21|140|138|176|115
860Z200US27360|19996|845|17471|819|54|47|17417|822|16161|747|2243|479|14748|855|1097|357|639|231|97|118|0|29|305|169|2220|426
860Z200US27370|5607|399|4900|379|0|21|4900|379|4679|388|403|148|4368|350|204|95|256|122|17|30|0|21|137|90|570|225
860Z200US27371|3090|262|2573|275|7|12|2566|275|2274|255|435|153|1882|252|222|117|352|144|46|70|0|19|12|16|505|201
860Z200US27374|105|90|53|53|0|14|53|53|53|53|0|14|53|53|0|14|0|14|0|14|0|14|0|14|52|81
860Z200US27376|4008|442|3646|448|0|19|3646|448|3428|438|385|129|3095|446|193|97|350|218|3|6|0|19|25|24|337|137
860Z200US27377|4267|524|4058|533|0|21|4058|533|3871|530|331|206|3679|553|177|179|314|170|10|17|0|21|15|22|194|143
860Z200US27379|2032|286|1732|264|0|14|1732|264|1387|248|302|128|1248|229|257|116|287|120|40|54|0|14|17|18|283|126
860Z200US27401|7954|540|6391|425|0|25|6391|425|6041|425|1018|242|5215|457|334|123|383|197|0|25|16|21|469|182|1094|292
860Z200US27403|8047|602|7201|575|0|25|7201|575|6877|586|713|202|6378|604|278|128|399|169|30|35|16|23|258|195|588|207
860Z200US27405|20755|921|18079|920|39|64|18040|927|17219|917|2827|492|14775|926|689|251|1202|346|78|65|0|32|705|291|1971|452
860Z200US27406|25640|1008|23059|966|10|16|23049|967|21636|942|2956|609|19403|1060|1260|320|1622|408|32|25|7|14|490|195|2091|487
860Z200US27407|21985|973|20326|941|11|17|20315|941|19439|967|2899|456|17048|999|763|342|1061|288|0|32|0|32|591|212|1068|326
860Z200US27408|7749|415|7469|415|0|21|7469|415|6991|406|667|163|6652|404|424|144|330|152|51|80|3|4|19|22|261|152
860Z200US27409|8800|671|8264|638|0|21|8264|638|7924|647|804|248|7160|659|330|186|485|217|10|15|0|21|251|202|285|123
860Z200US27410|24831|977|23170|918|0|32|23170|918|21872|905|1684|419|21031|867|1204|269|1202|297|22|25|42|49|830|231|831|369
860Z200US27411|0|14|0|14|0|14|0|14|0|14|0|14|0|14|0|14|0|14|0|14|0|14|0|14|0|14
860Z200US27412|0|14|0|14|0|14|0|14|0|14|0|14|0|14|0|14|0|14|0|14|0|14|0|14|0|14
860Z200US27455|12226|625|11678|654|14|23|11664|655|11021|694|897|238|10469|662|559|214|754|255|36|43|15|24|252|163|296|157
860Z200US27501|9023|590|8040|566|0|25|8040|566|7523|560|1066|228|6705|577|474|190|672|186|3|5|0|25|209|94|774|257
860Z200US27502|17368|787|16751|711|8|12|16743|711|16380|749|626|176|15980|705|363|211|700|202|0|29|0|29|117|65|500|309
860Z200US27503|1501|260|1383|232|0|19|1383|232|1359|230|173|88|1047|222|24|36|243|136|0|19|0|19|81|103|37|29
860Z200US27504|6980|561|6137|504|22|26|6115|504|5787|522|1524|327|4353|435|292|120|399|161|4|6|0|21|28|25|815|326
860Z200US27505|2829|426|2329|371|0|19|2329|371|2202|370|161|99|2024|370|112|53|202|88|11|13|0|19|254|154|246|142
860Z200US27506|6|10|6|10|0|14|6|10|6|10|0|14|6|10|0|14|0|14|0|14|0|14|0|14|0|14
860Z200US27507|679|170|592|162|0|14|592|162|577|159|118|103|342|144|0|14|149|131|15|24|0|14|0|14|87|64
860Z200US27508|720|224|630|212|0|14|630|212|582|208|49|37|506|198|4|8|103|82|44|65|0|14|8|11|82|55
860Z200US27509|1470|246|1202|214|0|19|1202|214|1102|204|243|111|918|204|100|57|195|101|0|19|0|19|0|19|268|140
860Z200US27510|7038|427|6580|370|0|21|6580|370|6466|359|460|183|5974|398|114|73|290|141|0|21|0|21|263|136|195|134
860Z200US27511|13557|572|12991|585|6|9|12985|585|12415|574|853|238|12007|623|534|134|1281|297|8|14|0|29|256|96|310|124
860Z200US27513|19966|950|19229|923|10|16|19219|923|18518|910|927|303|18191|907|619|159|1226|260|0|29|0|29|439|401|298|137
860Z200US27514|10347|522|9587|495|0|29|9587|495|9296|503|833|217|8591|504|257|109|406|139|10|21|0|29|566|148|194|102
860Z200US27516|17503|660|17043|640|5|9|17038|640|16365|641|1253|294|15496|664|622|149|850|232|21|25|0|29|188|97|272|143
860Z200US27517|12608|587|11849|572|0|25|11849|572|11397|584|754|217|11022|560|409|123|401|155|16|25|13|21|422|183|337|161
860Z200US27518|8567|440|8255|435|0|21|8255|435|8078|440|302|110|7614|450|177|91|1106|323|0|21|0|21|250|95|62|60
860Z200US27519|24513|772|23849|796|0|32|23849|796|23106|839|1407|378|22265|802|694|218|1192|347|19|31|0|32|238|177|426|212
860Z200US27520|17819|985|16369|981|15|21|16354|979|15603|948|1463|428|14467|924|698|281|609|245|42|41|0|29|495|304|955|307
860Z200US27521|2627|356|2420|344|0|19|2420|344|2241|340|417|148|1801|338|143|76|150|78|0|19|0|19|53|41|154|105
860Z200US27522|4989|373|4615|380|10|17|4605|377|4094|377|560|173|3797|372|296|154|886|329|68|100|0|21|238|140|136|114
860Z200US27523|7905|680|7659|666|0|25|7659|666|7569|669|502|241|6805|616|53|33|815|274|29|36|0|25|137|120|109|65
860Z200US27524|5089|364|4124|328|19|19|4105|324|3927|299|737|260|3099|298|167|86|342|109|8|11|0|21|170|183|795|252
860Z200US27525|6701|499|6158|483|0|21|6158|483|5766|476|800|198|4717|428|239|90|732|255|72|62|0|21|167|111|376|151
860Z200US27526|22625|1034|21384|1021|113|93|21271|1017|20167|989|1773|437|18573|1008|911|317|1901|467|168|127|0|32|430|200|811|277
860Z200US27527|13846|782|13307|823|0|29|13307|823|12784|833|737|264|12538|873|459|272|583|224|0|29|0|29|283|150|256|174
860Z200US27529|21417|939|20172|965|8|14|20164|965|19232|956|2289|473|17081|965|844|237|1252|360|22|29|0|32|492|186|753|257
860Z200US27530|15976|771|13865|685|9|14|13856|686|12945|697|1826|353|11606|711|793|190|457|172|118|91|0|29|289|125|1822|409
860Z200US27531|16|28|16|28|0|14|16|28|16|28|0|14|16|28|0|14|0|14|0|14|0|14|0|14|0|14
860Z200US27533|0|14|0|14|0|14|0|14|0|14|0|14|0|14|0|14|0|14|0|14|0|14|0|14|0|14
860Z200US27534|13560|755|12457|768|0|29|12457|768|11705|782|1359|251|10777|762|701|194|514|156|11|17|11|18|252|124|851|260
860Z200US27536|6342|335|5276|387|20|23|5256|394|4684|422|940|280|4145|451|474|156|268|152|0|21|0|21|143|102|923|258
860Z200US27537|8986|476|7962|501|34|39|7928|500|7176|521|1344|288|6203|527|471|180|840|260|90|59|28|34|231|108|793|247
860Z200US27539|8709|640|8409|602|18|30|8391|602|8186|603|350|141|8031|597|195|101|777|228|0|25|0|25|48|47|252|234
860Z200US27540|15996|661|15571|633|0|29|15571|633|15034|609|790|239|14649|595|531|217|1099|378|0|29|6|9|216|130|209|146
860Z200US27541|1438|246|1284|238|18|30|1266|238|1178|240|288|120|764|158|69|49|162|88|19|31|0|14|0|14|154|113
860Z200US27542|3892|394|3090|343|3|5|3087|343|2830|322|657|182|2276|301|192|104|379|130|11|13|0|19|65|53|737|245
860Z200US27544|1300|229|1115|211|0|14|1115|211|988|201|142|68|780|206|78|62|243|104|49|57|0|14|20|30|165|115
860Z200US27545|12089|713|11533|689|13|20|11520|691|11129|688|1393|359|9632|715|252|132|1071|275|71|71|0|29|77|58|479|191
860Z200US27546|7515|563|6588|524|28|33|6560|521|6197|521|980|275|5117|442|300|142|773|196|22|21|10|18|259|132|668|187
860Z200US27549|9862|579|8511|597|198|94|8313|611|7641|588|1171|276|6236|542|326|128|1270|312|137|99|39|40|208|115|1143|364
860Z200US27551|782|121|654|115|1|2|653|115|596|120|59|28|483|104|49|40|138|63|0|14|0|14|23|34|105|50
860Z200US27553|534|134|412|108|0|14|412|108|380|105|118|59|233|81|32|33|123|79|0|14|0|14|13|22|109|70
860Z200US27555|228|78|168|73|0|14|168|73|161|72|1|6|151|67|7|12|7|10|0|14|0|14|0|14|60|38
860Z200US27556|41|31|33|29|0|14|33|29|33|29|13|24|10|14|0|14|6|10|0|14|0|14|4|7|4|6
860Z200US27557|2992|386|2583|365|0|19|2583|365|2405|384|808|239|1572|292|178|107|280|103|0|19|0|19|19|27|390|180
860Z200US27559|992|294|955|281|0|14|955|281|904|291|214|180|544|170|36|32|124|75|15|25|0|14|30|46|7|13
860Z200US27560|16790|855|16342|819|0|29|16342|819|15550|840|471|207|15795|816|731|334|919|268|0|29|0|29|395|258|53|45
860Z200US27562|1772|418|1598|411|6|9|1592|413|1592|413|117|83|1428|407|0|19|58|55|0|19|0|19|151|119|23|20
860Z200US27563|2237|266|1733|255|6|10|1727|254|1508|238|228|86|1329|257|138|77|330|145|41|43|0|19|69|61|435|157
860Z200US27565|9767|492|8394|490|69|65|8325|488|7007|495|1490|282|6039|455|907|213|1644|362|221|160|10|17|383|167|990|231
860Z200US27568|542|148|432|123|0|14|432|123|415|123|119|86|308|90|17|17|5|7|0|14|0|14|21|28|89|58
860Z200US27569|3251|354|2897|322|0|19|2897|322|2807|317|278|101|2386|294|90|48|390|207|0|19|0|19|112|74|242|117
860Z200US27570|0|14|0|14|0|14|0|14|0|14|0|14|0|14|0|14|0|14|0|14|0|14|0|14|0|14
860Z200US27571|3056|293|2898|323|0|19|2898|323|2802|317|76|66|2806|321|90|68|53|53|6|10|0|19|147|165|11|18
860Z200US27572|2489|289|2123|310|0|19|2123|310|1887|304|312|161|1486|315|169|103|335|162|67|69|0|19|31|36|335|143
860Z200US27573|4877|407|4210|406|0|21|4210|406|4011|435|536|214|3358|471|142|91|504|209|57|104|0|21|32|41|635|194
860Z200US27574|5876|465|5236|448|3|5|5233|448|4681|435|735|233|3924|422|395|167|583|202|20|19|108|106|60|61|580|148
860Z200US27576|7998|587|6982|613|0|25|6982|613|6512|617|948|278|5590|603|299|121|935|321|59|47|32|50|272|156|744|205
860Z200US27577|10297|870|8875|730|0|25|8875|730|8172|619|1316|295|7120|720|649|497|647|238|46|41|0|25|153|105|1269|362
860Z200US27581|1421|252|1218|267|0|14|1218|267|1196|265|68|53|1081|257|9|9|179|93|2|4|0|14|42|42|161|91
860Z200US27582|115|45|90|43|0|14|90|43|74|39|15|14|73|39|13|12|3|5|0|14|0|14|10|11|15|13
860Z200US27583|2911|352|2732|339|0|19|2732|339|2497|324|403|174|2295|340|195|118|141|99|0|19|0|19|69|91|110|72
860Z200US27584|80|81|32|37|20|32|12|18|12|18|0|14|12|18|0|14|0|14|0|14|0|14|0|14|48|74
860Z200US27587|29545|1232|28630|1221|46|58|28584|1223|27041|1149|1743|467|26076|1101|1290|430|1992|548|14|19|16|27|178|97|737|370
860Z200US27589|2955|260|2563|260|46|44|2517|257|2381|253|594|140|1500|228|84|43|488|162|28|22|0|19|11|16|381|126
860Z200US27591|10751|645|9661|610|42|39|9619|607|9258|607|1262|372|7963|643|287|136|831|307|9|16|10|16|245|183|845|417
860Z200US27592|7086|658|6630|677|9|16|6621|676|6411|671|1176|386|5223|579|192|80|370|115|0|25|0|25|103|71|353|149
860Z200US27593|0|14|0|14|0|14|0|14|0|14|0|14|0|14|0|14|0|14|0|14|0|14|0|14|0|14
860Z200US27594|31|39|31|39|0|14|31|39|31|39|0|14|31|39|0|14|0|14|0|14|0|14|0|14|0|14
860Z200US27596|8482|506|8204|511|86|95|8118|503|7476|481|768|237|7063|548|422|182|692|254|81|86|5|8|19|27|259|144
860Z200US27597|10976|847|9938|841|17|23|9921|845|9277|832|1335|470|8039|718|579|207|899|279|30|36|0|29|102|81|936|376
860Z200US27599|0|14|0|14|0|14|0|14|0|14|0|14|0|14|0|14|0|14|0|14|0|14|0|14|0|14
860Z200US27601|4754|490|4435|482|0|19|4435|482|4078|434|424|190|3860|436|318|167|234|122|25|31|14|21|115|81|204|100
860Z200US27603|21942|901|20411|896|0|32|20411|896|19406|917|1784|463|18083|811|900|314|1575|406|25|31|27|43|434|221|1097|413
860Z200US27604|18867|1008|17392|1034|0|29|17392|1034|16387|1033|1840|420|15026|1133|953|312|1054|316|10|16|18|35|572|240|903|267
860Z200US27605|3754|453|3379|461|0|19|3379|461|3324|458|269|138|3071|428|55|55|248|156|0|19|0|19|211|147|164|108
860Z200US27606|19647|1048|18963|1044|8|15|18955|1045|18192|1009|1902|340|16576|1043|649|203|2196|467|7|12|0|29|381|156|303|140
860Z200US27607|10441|635|10115|625|0|25|10115|625|9858|614|677|236|9331|614|200|138|1422|374|0|25|0|25|178|110|148|69
860Z200US27608|5375|542|5268|532|0|21|5268|532|5142|523|334|190|4934|505|126|69|254|138|0|21|0|21|27|32|80|61
860Z200US27609|17592|959|15845|964|0|29|15845|964|14416|1064|1422|369|14206|930|1336|449|599|199|24|39|54|50|745|283|1002|531
860Z200US27610|28807|1150|26573|1149|18|30|26555|1149|24766|1146|3535|587|22155|1203|1519|461|2083|506|92|82|5|9|385|196|1849|627
860Z200US27612|20162|888|19416|906|0|29|19416|906|18478|946|983|241|18128|906|848|254|682|315|40|52|9|18|344|155|402|148
860Z200US27613|18982|755|18449|765|0|29|18449|765|17579|749|1085|330|17009|784|805|227|677|182|34|59|0|29|310|189|223|135
860Z200US27614|13747|791|13309|785|25|39|13284|784|12694|788|684|221|12483|801|562|205|514|150|28|30|0|29|182|95|256|153
860Z200US27615|19274|896|18683|913|16|29|18667|915|18038|925|1436|325|17026|885|601|184|529|152|8|14|0|29|394|203|197|81
860Z200US27616|23949|975|23089|1023|12|20|23077|1025|22421|1011|2282|422|20001|1097|636|251|1460|379|0|32|7|18|430|229|430|244
860Z200US27617|10175|725|9722|735|0|25|9722|735|9481|735|533|234|9063|774|146|97|700|250|90|108|0|25|338|217|115|109
860Z200US27695|0|14|0|14|0|14|0|14|0|14|0|14|0|14|0|14|0|14|0|14|0|14|0|14|0|14
860Z200US27697|0|14|0|14|0|14|0|14|0|14|0|14|0|14|0|14|0|14|0|14|0|14|0|14|0|14
860Z200US27701|11974|655|10801|631|0|25|10801|631|10514|642|1667|488|8883|638|281|103|536|176|6|11|0|25|530|216|643|198
860Z200US27703|26653|1112|25652|1131|16|25|25636|1131|24121|1028|2426|468|22880|1225|1316|519|1366|367|26|36|0|32|402|221|599|213
860Z200US27704|15523|843|14018|850|0|29|14018|850|13175|722|1218|288|12444|855|772|376|819|244|61|65|3|5|283|169|1222|394
860Z200US27705|22678|953|20939|892|10|17|20929|892|19870|820|2155|459|18379|950|970|328|920|239|40|47|0|29|766|243|973|294
860Z200US27707|21863|974|20503|980|0|32|20503|980|19209|897|1688|369|18403|988|1250|419|865|295|0|32|0|32|460|168|900|367
860Z200US27708|0|14|0|14|0|14|0|14|0|14|0|14|0|14|0|14|0|14|0|14|0|14|0|14|0|14
860Z200US27709|0|14|0|14|0|14|0|14|0|14|0|14|0|14|0|14|0|14|0|14|0|14|0|14|0|14
860Z200US27712|9551|776|9129|769|0|25|9129|769|8425|731|654|235|8339|780|704|267|317|143|0|25|0|25|44|53|378|196
860Z200US27713|25689|818|24466|823|31|28|24435|828|23479|837|1234|361|22416|869|859|219|1662|362|20|30|0|32|281|126|942|503
860Z200US27801|7222|443|5884|498|0|21|5884|498|5560|483|1035|288|4437|430|291|119|541|212|33|42|0|21|171|97|1167|318
860Z200US27803|8857|583|6883|502|0|25|6883|502|6378|499|1307|325|5290|444|496|157|359|128|0|25|0|25|54|43|1920|436
860Z200US27804|13247|585|11574|609|38|57|11536|611|11044|612|1839|369|9377|580|427|158|690|197|19|19|0|29|203|110|1470|362
860Z200US27805|1159|189|883|170|0|14|883|170|815|174|130|63|707|161|68|40|98|64|0|14|0|14|41|40|235|108
860Z200US27806|840|126|765|133|0|14|765|133|717|128|145|70|534|111|34|42|69|33|8|10|0|14|12|10|63|40
860Z200US27807|2149|266|1880|243|2|3|1878|244|1667|233|534|173|1051|192|84|43|291|110|106|66|0|19|8|12|261|110
860Z200US27808|1011|170|846|159|1|2|845|159|808|155|39|30|755|157|35|32|45|35|0|14|0|14|10|16|155|87
860Z200US27809|1635|209|1314|213|0|14|1314|213|1288|212|164|119|1034|195|18|28|144|75|8|12|0|14|42|45|279|145
860Z200US27810|1617|240|1304|226|0|14|1304|226|1211|212|175|76|938|170|71|47|100|40|0|14|14|23|29|24|284|118
860Z200US27812|1045|195|785|163|0|14|785|163|772|163|205|109|550|121|13|12|65|42|0|14|0|14|68|49|192|95
860Z200US27813|301|88|236|77|0|14|236|77|214|73|19|26|214|71|21|24|4|7|0|14|1|4|24|26|41|36
860Z200US27814|718|139|630|147|0|14|630|147|535|128|154|69|399|124|75|58|98|56|0|14|7|13|0|14|88|64
860Z200US27815|0|14|0|14|0|14|0|14|0|14|0|14|0|14|0|14|0|14|0|14|0|14|0|14|0|14
860Z200US27816|1419|433|1123|373|0|14|1123|373|1009|364|372|243|638|315|83|101|145|101|30|37|0|14|13|20|283|180
860Z200US27817|3053|332|2794|321|0|19|2794|321|2739|321|197|87|2475|308|52|36|133|68|3|5|0|19|8|10|251|116
860Z200US27818|456|114|396|114|0|14|396|114|330|87|79|57|216|101|66|67|50|59|0|14|0|14|0|14|60|55
860Z200US27819|122|75|112|75|0|14|112|75|105|79|9|13|101|75|7|11|18|17|0|14|0|14|4|7|6|8
860Z200US27820|916|125|779|118|0|14|779|118|713|120|140|57|548|105|35|37|77|31|2|4|12|17|26|26|111|61
860Z200US27821|39|31|39|31|0|14|39|31|39|31|19|22|10|17|0|14|20|24|0|14|0|14|0|14|0|14
860Z200US27822|3093|341|2690|306|3|5|2687|306|2276|286|425|127|2027|298|387|159|320|137|24|22|0|19|39|30|364|141
860Z200US27823|2528|237|1540|200|5|8|1535|201|1382|205|161|91|1155|207|66|45|271|127|53|51|24|39|201|162|787|183
860Z200US27824|559|178|364|111|0|14|364|111|289|95|48|36|169|85|0|14|151|78|75|73|0|14|49|59|146|129
860Z200US27825|42|32|33|29|0|14|33|29|32|29|11|22|22|22|1|3|0|14|0|14|0|14|0|14|9|12
860Z200US27826|80|44|71|43|0|14|71|43|65|43|0|14|46|34|6|10|25|28|0|14|0|14|0|14|9|15
860Z200US27827|64|106|4|6|0|14|4|6|0|14|0|14|4|6|4|6|0|14|0|14|0|14|0|14|60|106
860Z200US27828|3459|344|2877|352|0|19|2877|352|2554|384|494|146|2200|374|132|77|240|126|57|71|0|19|32|35|550|180
860Z200US27829|878|260|581|152|0|14|581|152|505|160|93|45|356|154|37|31|109|59|14|19|25|35|16|17|281|180
860Z200US27830|1683|227|1498|215|6|10|1492|215|1406|205|260|115|1145|177|85|57|98|69|0|14|0|14|7|10|178|72
860Z200US27831|1254|193|989|170|0|14|989|170|910|154|80|42|879|164|79|67|67|45|0|14|0|14|10|8|255|101
860Z200US27832|1226|177|969|165|10|16|959|160|806|156|40|31|838|162|138|84|81|56|15|21|0|14|25|26|232|96
860Z200US27834|24640|932|21714|951|20|23|21694|956|20528|902|5377|722|15874|941|1067|294|741|222|79|51|0|32|879|268|2047|530
860Z200US27837|2490|395|2309|386|0|19|2309|386|2006|340|332|167|1689|291|93|98|132|100|61|85|149|188|13|14|168|113
860Z200US27839|1307|226|878|174|0|14|878|174|807|167|244|98|514|142|50|46|90|73|14|20|0|14|115|92|314|166
860Z200US27840|134|45|115|42|0|14|115|42|96|41|16|14|95|40|18|13|14|13|1|3|0|14|0|14|19|17
860Z200US27841|20|24|8|9|0|14|8|9|8|9|5|7|3|6|0|14|0|14|0|14|0|14|0|14|12|23
860Z200US27842|761|121|650|99|0|14|650|99|544|95|87|38|555|96|89|44|31|22|8|13|0|14|37|42|74|79
860Z200US27843|317|95|274|99|0|14|274|99|265|99|56|35|176|81|2|4|66|53|7|10|0|14|1|3|42|28
860Z200US27844|1359|150|875|138|0|14|875|138|810|137|191|65|522|82|48|34|213|86|6|11|0|14|86|55|398|92
860Z200US27845|843|117|570|114|0|14|570|114|539|116|101|45|395|115|31|25|91|32|0|14|0|14|23|25|250|82
860Z200US27846|1186|198|937|183|2|4|935|183|889|186|205|125|628|152|30|26|124|84|16|24|0|14|55|49|194|108
860Z200US27847|487|196|384|183|55|72|329|168|292|161|20|26|280|164|10|18|27|49|27|49|0|14|7|11|96|87
860Z200US27849|458|134|334|130|0|14|334|130|294|128|54|52|257|119|32|33|37|39|0|14|0|14|6|11|118|92
860Z200US27850|3204|282|2435|256|8|16|2427|257|2143|249|305|115|1906|242|229|94|361|94|23|20|0|19|216|122|553|183
860Z200US27851|1921|244|1789|253|0|19|1789|253|1629|231|264|148|1450|210|111|69|113|57|42|43|0|19|16|24|116|70
860Z200US27852|1112|240|954|247|0|14|954|247|879|242|278|210|637|135|64|65|71|43|1|2|0|14|6|9|152|75
860Z200US27853|257|80|155|87|0|14|155|87|133|83|0|14|116|84|9|14|39|36|13|20|0|14|0|14|102|57
860Z200US27855|2191|212|1861|212|0|19|1861|212|1578|200|394|140|1353|204|233|111|145|75|37|44|0|19|7|17|323|123
860Z200US27856|6447|540|5467|529|0|21|5467|529|5074|476|1308|355|3713|503|358|172|635|193|16|24|0|21|54|55|926|273
860Z200US27857|570|167|490|179|0|14|490|179|458|177|166|94|293|147|17|19|78|48|11|17|0|14|1|2|79|52
860Z200US27858|24457|956|21875|949|34|34|21841|950|20978|996|3160|533|18072|942|793|276|794|218|0|32|44|44|1452|384|1130|371
860Z200US27860|494|126|356|111|0|14|356|111|323|105|37|36|306|112|32|27|14|26|0|14|1|3|0|14|138|89
860Z200US27861|55|43|37|33|0|14|37|33|36|32|23|28|13|20|0|14|1|3|1|3|0|14|0|14|18|28
860Z200US27862|300|101|167|57|0|14|167|57|152|57|15|16|139|53|15|15|23|23|0|14|0|14|7|11|126|89
860Z200US27863|4927|597|4733|588|0|21|4733|588|4547|598|416|141|4179|593|159|88|473|275|27|41|0|21|15|25|179|110
860Z200US27864|1761|259|1397|241|0|14|1397|241|1303|237|100|58|1222|235|91|52|127|63|0|14|0|14|30|40|334|114
860Z200US27865|934|224|834|228|0|14|834|228|786|227|39|42|770|226|35|32|25|28|13|21|0|14|0|14|100|59
860Z200US27866|251|91|212|84|8|11|204|84|195|83|55|35|113|82|9|14|28|24|0|14|0|14|3|7|36|34
860Z200US27869|835|132|527|127|9|12|518|127|424|90|75|42|347|111|94|91|100|64|0|14|0|14|29|31|279|106
860Z200US27870|10569|441|9008|464|0|25|9008|464|8387|469|856|234|8027|455|576|171|554|158|21|21|6|15|147|69|1414|288
860Z200US27871|1605|225|1382|214|0|14|1382|214|1341|216|305|112|817|185|39|34|359|160|0|14|0|14|10|10|213|81
860Z200US27872|144|69|106|63|0|14|106|63|87|58|6|13|86|55|8|10|6|7|0|14|11|18|10|13|28|27
860Z200US27873|122|48|87|40|0|14|87|40|52|22|10|11|76|38|35|36|3|6|0|14|0|14|0|14|35|24
860Z200US27874|1859|246|1047|179|0|14|1047|179|909|168|159|80|626|157|77|67|223|96|16|18|45|63|40|32|772|236
860Z200US27875|261|127|80|45|0|14|80|45|80|45|21|24|37|34|0|14|16|20|0|14|0|14|16|23|165|120
860Z200US27876|635|164|411|147|0|14|411|147|407|147|162|131|238|79|4|5|28|21|0|14|0|14|15|20|209|94
860Z200US27877|0|14|0|14|0|14|0|14|0|14|0|14|0|14|0|14|0|14|0|14|0|14|0|14|0|14
860Z200US27878|470|117|387|110|0|14|387|110|351|106|181|87|197|70|23|29|13|21|0|14|0|14|0|14|83|60
860Z200US27879|144|65|128|61|0|14|128|61|122|59|23|17|96|45|6|7|16|20|0|14|0|14|0|14|16|19
860Z200US27880|1608|282|1166|227|0|14|1166|227|1041|233|214|137|874|187|118|96|160|99|7|12|0|14|220|208|222|144
860Z200US27881|17|22|6|10|0|14|6|10|6|10|0|14|4|9|0|14|0|14|0|14|0|14|0|14|11|19
860Z200US27882|3121|351|2504|308|9|14|2495|308|2187|281|477|139|1669|272|263|161|496|136|36|39|6|11|79|79|538|194
860Z200US27883|1531|219|1260|194|0|14|1260|194|1152|193|198|88|830|156|80|41|158|81|14|22|7|8|75|80|196|86
860Z200US27884|529|146|429|131|0|14|429|131|403|133|193|115|205|105|26|38|29|28|0|14|0|14|13|20|87|71
860Z200US27885|375|160|343|160|0|14|343|160|343|160|48|43|246|133|0|14|103|79|0|14|0|14|0|14|32|38
860Z200US27886|7825|388|6294|369|0|21|6294|369|5909|376|779|193|5215|344|325|124|603|189|48|52|0|21|267|130|1264|315
860Z200US27888|682|131|583|122|0|14|583|122|552|121|170|89|351|92|12|13|18|19|0|14|19|30|10|14|89|49
860Z200US27889|11086|435|9655|490|5|11|9650|490|9096|488|924|279|8260|543|489|171|473|152|28|41|0|25|94|70|1337|290
860Z200US27890|947|132|779|125|35|49|744|119|675|121|66|44|666|107|69|52|27|16|0|14|0|14|28|23|140|76
860Z200US27891|1814|211|1543|202|7|11|1536|202|1468|200|415|178|754|143|47|27|441|120|21|31|0|14|19|17|252|91
860Z200US27892|5854|333|4905|390|0|21|4905|390|4558|403|1222|246|3410|377|308|143|282|107|39|47|0|21|60|38|889|205
860Z200US27893|16075|545|13223|578|0|29|13223|578|11878|600|2112|351|10666|640|1296|308|680|204|21|35|7|17|478|162|2374|470
860Z200US27896|8430|516|7869|508|0|21|7869|508|7270|456|436|198|7370|509|565|248|318|161|13|22|0|21|133|84|428|209
860Z200US27897|570|131|455|134|0|14|455|134|350|93|29|18|370|128|102|81|106|64|0|14|0|14|8|14|107|63
860Z200US27909|15804|391|14505|500|9|16|14496|499|13190|605|1516|280|12449|537|1280|371|962|237|19|24|7|12|229|108|1070|215
860Z200US27910|4551|289|3719|288|1|3|3718|288|3478|272|538|149|2850|224|191|70|481|107|26|14|11|10|141|73|691|181
860Z200US27915|228|146|228|146|0|14|228|146|148|98|0|14|228|146|80|101|0|14|0|14|0|14|0|14|0|14
860Z200US27916|548|165|548|165|0|14|548|165|535|166|148|100|381|154|13|20|28|26|0|14|0|14|0|14|0|14
860Z200US27917|278|119|222|106|0|14|222|106|222|106|9|15|197|109|0|14|0|14|0|14|0|14|0|14|56|58
860Z200US27919|357|118|299|110|0|14|299|110|234|89|53|48|125|65|20|30|110|82|45|43|0|14|9|15|49|55
860Z200US27920|560|212|511|201|0|14|511|201|511|201|0|14|511|201|0|14|22|35|0|14|0|14|49|60|0|14
860Z200US27921|2011|266|1882|254|0|19|1882|254|1739|264|93|58|1649|257|21|29|202|109|88|59|0|19|27|30|102|80
860Z200US27922|348|87|235|75|0|14|235|75|192|71|26|19|159|58|39|32|50|37|4|6|0|14|14|13|99|49
860Z200US27923|301|115|256|107|0|14|256|107|256|107|0|14|256|107|0|14|14|22|0|14|0|14|0|14|45|48
860Z200US27924|1207|206|1003|205|0|14|1003|205|984|209|158|104|689|194|11|17|146|153|0|14|8|15|32|48|172|116
860Z200US27925|1520|128|1232|123|0|14|1232|123|1151|124|212|88|828|136|49|39|78|47|13|15|14|23|12|21|276|115
860Z200US27926|704|175|689|171|0|14|689|171|607|163|89|75|600|159|82|56|45|45|0|14|0|14|9|17|6|12
860Z200US27927|623|129|588|130|0|14|588|130|587|130|11|15|551|125|1|2|32|24|0|14|0|14|15|17|20|20
860Z200US27928|645|158|500|131|0|14|500|131|484|132|125|73|247|86|7|12|71|44|9|13|0|14|0|14|145|87
860Z200US27929|1111|171|1077|176|0|14|1077|176|1013|162|72|45|976|170|53|49|117|60|0|14|0|14|15|18|19|24
860Z200US27932|5466|308|4881|300|20|24|4861|302|4562|293|861|242|3812|335|262|145|278|98|26|32|0|21|140|91|445|182
860Z200US27935|514|127|320|103|0|14|320|103|302|102|56|41|248|92|18|20|37|41|0|14|0|14|43|46|151|77
860Z200US27936|384|162|369|158|0|14|369|158|322|148|56|59|274|128|47|61|39|67|0|14|0|14|0|14|15|26
860Z200US27937|1269|180|972|183|0|14|972|183|844|188|49|37|892|175|80|56|117|58|0|14|0|14|0|14|297|114
860Z200US27938|722|147|560|155|0|14|560|155|531|153|84|59|450|144|29|32|26|28|0|14|0|14|0|14|162|69
860Z200US27939|1082|188|1031|198|0|14|1031|198|937|183|44|32|870|197|84|91|103|57|0|14|0|14|0|14|51|48
860Z200US27941|356|102|286|94|0|14|286|94|283|94|4|7|282|95|3|6|65|52|0|14|0|14|0|14|70|60
860Z200US27942|365|94|257|76|0|14|257|76|233|75|64|42|93|40|11|13|113|64|13|13|0|14|16|14|92|57
860Z200US27943|84|63|84|63|0|14|84|63|84|63|28|43|56|51|0|14|29|48|0|14|0|14|0|14|0|14
860Z200US27944|5048|259|4295|293|0|21|4295|293|4002|301|571|146|3211|255|223|94|560|146|54|42|0|21|145|86|608|168
860Z200US27946|503|134|317|120|0|14|317|120|205|92|30|28|228|108|112|96|35|31|0|14|0|14|56|57|130|80
860Z200US27947|383|141|312|121|0|14|312|121|282|126|48|72|264|103|30|30|47|36|0|14|0|14|37|65|34|39
860Z200US27948|5586|404|5238|422|55|53|5183|423|4938|427|323|126|4788|400|228|108|166|101|15|24|0|21|204|153|144|121
860Z200US27949|3589|258|3457|247|0|19|3457|247|3207|237|321|116|3106|257|250|90|87|46|0|19|0|19|98|54|34|36
860Z200US27950|817|127|758|127|0|14|758|127|680|132|104|51|606|131|60|32|60|38|7|12|0|14|18|29|41|33
860Z200US27953|534|149|474|148|0|14|474|148|436|140|12|20|452|149|38|43|28|30|0|14|0|14|40|42|20|26
860Z200US27954|2983|231|2542|293|16|26|2526|291|2385|274|69|37|2398|291|141|94|152|87|0|19|0|19|314|205|127|69
860Z200US27956|49|49|49|49|0|14|49|49|49|49|0|14|49|49|0|14|7|10|0|14|0|14|0|14|0|14
860Z200US27957|566|225|335|135|0|14|335|135|322|137|60|65|233|108|0|14|29|36|0|14|13|22|0|14|231|192
860Z200US27958|5014|338|4562|380|8|12|4554|380|4345|387|287|126|4098|358|125|67|477|149|26|38|0|21|164|183|288|129
860Z200US27959|1586|164|1494|206|0|14|1494|206|1411|214|22|24|1453|205|83|92|88|75|0|14|0|14|12|19|80|67
860Z200US27960|387|143|356|146|0|14|356|146|328|142|83|88|273|124|0|14|28|41|0|14|0|14|0|14|31|46
860Z200US27962|2920|281|2297|291|0|19|2297|291|2139|286|380|153|1800|283|132|79|146|65|26|34|0|19|139|92|484|185
860Z200US27964|213|106|203|105|0|14|203|105|174|105|7|9|175|106|8|12|36|38|21|32|0|14|0|14|10|10
860Z200US27965|335|129|250|101|0|14|250|101|241|101|41|58|182|107|9|18|28|33|0|14|0|14|54|83|31|33
860Z200US27966|569|120|528|121|0|14|528|121|528|121|44|39|469|117|0|14|61|45|0|14|0|14|0|14|41|43
860Z200US27967|296|206|97|87|0|14|97|87|67|72|0|14|97|87|30|48|0|14|0|14|0|14|0|14|199|189
860Z200US27968|298|157|239|128|0|14|239|128|239|128|0|14|239|128|0|14|0|14|0|14|0|14|59|88|0|14
860Z200US27969|69|52|38|41|0|14|38|41|38|41|5|9|33|41|0|14|0|14|0|14|0|14|0|14|31|42
860Z200US27970|1353|249|1078|238|0|14|1078|238|982|239|334|192|579|153|89|68|155|87|7|12|0|14|15|16|260|95
860Z200US27972|108|67|108|67|0|14|108|67|108|67|38|34|70|64|0|14|20|34|0|14|0|14|0|14|0|14
860Z200US27973|393|106|390|105|0|14|390|105|385|105|50|35|260|99|0|14|79|73|5|9|0|14|0|14|3|5
860Z200US27974|390|125|319|121|0|14|319|121|319|121|25|23|220|103|0|14|74|69|0|14|0|14|23|27|48|55
860Z200US27976|1364|170|1289|176|0|14|1289|176|1202|189|197|120|870|180|73|55|324|146|0|14|0|14|0|14|75|69
860Z200US27978|114|67|114|67|0|14|114|67|114|67|36|56|78|47|0|14|0|14|0|14|0|14|0|14|0|14
860Z200US27979|459|139|341|127|3|5|338|128|300|115|80|78|258|93|38|41|36|39|0|14|0|14|43|45|75|63
860Z200US27980|724|217|663|210|0|14|663|210|555|182|155|104|342|132|20|27|161|117|88|99|0|14|25|38|36|28
860Z200US27981|726|130|597|131|0|14|597|131|542|127|62|33|526|131|55|44|70|101|0|14|0|14|61|37|68|65
860Z200US27982|56|46|56|46|0|14|56|46|56|46|0|14|56|46|0|14|0|14|0|14|0|14|0|14|0|14
860Z200US27983|2833|269|2121|285|16|23|2105|286|1839|279|290|128|1479|233|216|112|341|166|36|41|0|19|115|99|597|163
860Z200US27985|105|55|100|55|0|14|100|55|100|55|4|5|94|58|0|14|5|7|0|14|0|14|0|14|5|7
860Z200US27986|445|76|361|76|0|14|361|76|338|79|62|29|291|64|19|12|44|24|0|14|0|14|18|13|66|28
860Z200US28001|11016|456|9404|517|11|18|9393|519|8783|508|1364|325|7642|541|586|155|478|202|0|25|0|25|583|247|1029|284
860Z200US28006|596|217|474|148|0|14|474|148|403|150|84|87|383|129|71|65|22|24|0|14|0|14|0|14|122|145
860Z200US28007|322|90|249|84|4|5|245|84|243|83|67|44|173|77|2|3|26|20|0|14|0|14|0|14|73|44
860Z200US28009|514|85|482|83|0|14|482|83|456|83|35|29|447|78|14|18|10|19|0|14|0|14|7|11|25|20
860Z200US28012|11141|481|10380|514|28|27|10352|521|9701|511|852|212|9286|520|597|171|555|205|21|34|10|15|250|136|511|179
860Z200US28016|5042|469|4174|478|0|21|4174|478|3952|479|538|175|3440|441|157|78|343|129|20|21|0|21|67|50|801|228
860Z200US28017|0|14|0|14|0|14|0|14|0|14|0|14|0|14|0|14|0|14|0|14|0|14|0|14|0|14
860Z200US28018|2227|261|1774|246|0|19|1774|246|1541|222|471|168|951|200|120|77|314|123|89|79|7|11|17|20|436|144
860Z200US28019|0|14|0|14|0|14|0|14|0|14|0|14|0|14|0|14|0|14|0|14|0|14|0|14|0|14
860Z200US28020|855|163|715|157|0|14|715|157|559|173|162|89|394|125|129|109|167|91|27|32|0|14|0|14|140|57
860Z200US28021|5570|442|4689|416|8|14|4681|418|4340|398|559|164|3811|385|341|142|430|194|0|21|0|21|151|105|730|202
860Z200US28023|6081|531|5730|542|28|33|5702|538|5224|540|637|224|4858|486|454|199|449|223|5|8|0|21|113|115|238|131
860Z200US28024|16|24|16|24|0|14|16|24|16|24|0|14|16|24|0|14|0|14|0|14|0|14|0|14|0|14
860Z200US28025|20638|958|18738|954|13|21|18725|959|17017|907|1973|449|15787|865|1279|443|1327|454|321|241|12|20|235|84|1665|486
860Z200US28027|29238|812|27791|789|16|26|27775|791|25945|710|3277|641|23760|904|1335|363|1618|411|385|257|14|22|474|247|973|343
860Z200US28031|13425|458|12994|478|0|29|12994|478|12376|482|740|181|11922|542|519|235|911|247|71|78|15|27|97|66|334|153
860Z200US28032|1387|216|1182|154|0|14|1182|154|1136|153|167|97|997|140|46|34|61|44|0|14|0|14|33|48|172|163
860Z200US28033|1403|329|1122|268|0|14|1122|268|1086|259|134|81|890|261|36|59|109|64|0|14|0|14|0|14|281|252
860Z200US28034|7674|571|6890|535|0|21|6890|535|6158|535|1353|390|5236|495|692|170|390|117|17|19|15|23|215|127|569|156
860Z200US28036|7847|483|7616|464|0|25|7616|464|7076|419|457|177|6947|455|430|261|355|178|110|140|0|25|37|34|194|100
860Z200US28037|11485|597|11109|592|0|25|11109|592|10565|562|625|187|10150|574|435|213|896|269|78|86|0|25|56|60|320|159
860Z200US28039|28|28|16|20|0|14|16|20|16|20|0|14|16|20|0|14|0|14|0|14|0|14|0|14|12|20
860Z200US28040|2844|391|2223|285|0|19|2223|285|2058|262|466|130|1560|259|149|122|220|91|0|19|8|11|73|68|548|264
860Z200US28041|3|6|3|6|0|14|3|6|3|6|0|14|3|6|0|14|0|14|0|14|0|14|0|14|0|14
860Z200US28042|94|63|71|60|0|14|71|60|71|60|19|32|52|44|0|14|0|14|0|14|0|14|6|11|17|20
860Z200US28043|8271|465|6987|505|0|25|6987|505|6321|482|937|283|5300|486|468|167|833|222|128|99|14|24|200|132|1084|252
860Z200US28052|13379|544|11357|597|0|29|11357|597|10629|595|1398|273|9583|501|644|220|560|189|20|23|3|6|273|114|1749|364
860Z200US28054|17379|682|15549|689|68|71|15481|678|14577|666|1488|359|13508|609|828|193|1059|398|46|48|0|29|567|228|1263|267
860Z200US28056|14033|549|12820|480|11|16|12809|481|12064|473|1521|245|11000|472|615|189|884|221|21|33|12|16|330|147|883|310
860Z200US28071|1572|328|1461|298|0|14|1461|298|1347|292|302|143|983|250|92|74|166|117|10|16|0|14|18|25|93|102
860Z200US28072|282|123|267|120|0|14|267|120|235|122|17|27|250|114|32|34|57|88|0|14|0|14|0|14|15|24
860Z200US28073|2195|305|1945|302|0|19|1945|302|1808|279|233|95|1601|290|49|48|172|141|3|4|0|19|80|88|170|88
860Z200US28074|15|22|15|22|0|14|15|22|15|22|15|22|0|14|0|14|0|14|0|14|0|14|0|14|0|14
860Z200US28075|6836|432|6640|410|9|14|6631|410|6202|440|275|127|6086|418|277|174|609|233|19|22|0|25|41|48|155|100
860Z200US28076|77|60|16|27|0|14|16|27|16|27|0|14|16|27|0|14|0|14|0|14|0|14|0|14|61|56
860Z200US28077|101|65|87|63|0|14|87|63|56|41|0|14|87|63|31|49|0|14|0|14|0|14|0|14|14|19
860Z200US28078|27774|765|26548|632|4|6|26544|631|25432|748|1718|392|24387|747|985|325|1133|212|15|18|83|132|725|445|501|197
860Z200US28079|14392|666|13692|677|10|12|13682|678|13284|649|1196|331|12203|618|367|146|630|180|21|29|1|2|254|151|446|174
860Z200US28080|2921|381|2602|377|0|19|2602|377|2327|356|312|174|2217|351|250|108|146|78|8|14|0|19|28|30|291|182
860Z200US28081|11581|842|10505|842|0|25|10505|842|9508|803|1045|240|9212|806|544|270|994|362|96|73|0|25|317|249|759|275
860Z200US28083|10930|581|9879|626|0|25|9879|626|8857|597|1738|357|7807|578|886|308|523|192|129|134|0|25|101|70|950|272
860Z200US28086|10903|565|9151|563|0|25|9151|563|8517|555|1297|325|7367|588|601|252|736|203|21|22|0|25|223|144|1529|359
860Z200US28088|1283|246|1087|202|0|14|1087|202|1052|203|88|98|986|206|35|40|166|93|0|14|0|14|0|14|196|177
860Z200US28089|18|11|16|11|0|14|16|11|15|10|3|6|13|10|1|2|0|14|0|14|0|14|0|14|2|3
860Z200US28090|2841|328|2303|293|0|19|2303|293|2038|296|630|222|1364|222|184|123|351|137|59|36|2|3|20|27|518|144
860Z200US28091|860|157|814|149|20|31|794|153|723|140|97|57|642|136|71|53|70|52|0|14|0|14|2|3|44|34
860Z200US28092|15929|581|14197|570|10|17|14187|568|13288|598|1641|367|11987|578|779|219|779|207|74|77|0|29|356|156|1376|313
860Z200US28097|3048|251|2732|284|0|19|2732|284|2543|273|168|82|2394|276|137|87|156|100|52|51|0|19|193|143|123|82
860Z200US28098|1768|273|1662|272|0|14|1662|272|1563|286|188|85|1369|291|95|54|80|54|4|41|0|14|11|15|95|68
860Z200US28101|417|154|333|129|0|14|333|129|333|129|16|12|310|126|0|14|22|16|0|14|0|14|60|77|24|37
860Z200US28102|45|35|35|31|0|14|35|31|35|31|2|3|33|31|0|14|0|14|0|14|0|14|0|14|10|17
860Z200US28103|4101|535|3585|489|0|21|3585|489|3438|485|779|304|2625|414|105|68|248|119|22|31|0|21|64|45|452|139
860Z200US28104|12889|483|12573|496|25|39|12548|499|12170|489|685|151|11660|516|359|143|619|146|19|23|0|29|149|114|167|83
860Z200US28105|17285|589|16196|565|3|6|16193|564|15699|551|978|223|14960|653|377|149|911|216|24|32|0|29|634|189|455|177
860Z200US28107|3575|349|3463|353|0|21|3463|353|3140|339|465|160|2814|332|302|162|255|133|0|21|0|21|6|11|106|86
860Z200US28108|18|28|18|28|0|14|18|28|18|28|0|14|18|28|0|14|0|14|0|14|0|14|0|14|0|14
860Z200US28109|177|135|46|20|0|14|46|20|46|20|4|6|42|21|0|14|0|14|0|14|0|14|0|14|131|132
860Z200US28110|19464|617|18244|644|8|13|18236|642|17129|751|2341|363|15291|651|972|291|1122|272|36|35|0|32|141|64|1079|305
860Z200US28112|10215|587|9091|533|0|25|9091|533|8709|537|1586|310|7218|542|348|116|882|356|21|31|0|25|122|83|1002|301
860Z200US28114|2762|272|2325|278|0|19|2325|278|2208|274|655|171|1339|234|83|67|235|100|5|8|29|49|73|57|364|116
860Z200US28115|16237|713|15412|731|0|29|15412|731|14121|663|1377|260|13608|761|1101|394|775|186|93|68|7|12|153|100|672|232
860Z200US28117|19564|817|18943|840|0|29|18943|840|17889|846|1144|254|17396|876|1054|253|927|246|0|29|0|29|298|130|323|151
860Z200US28119|1019|176|840|191|13|22|827|190|804|188|221|107|559|181|23|26|37|31|0|14|0|14|91|104|88|67
860Z200US28120|10241|409|9547|431|5|8|9542|431|8842|417|905|198|8268|413|638|226|520|124|17|26|8|11|59|42|635|173
860Z200US28124|2409|264|2087|234|0|19|2087|234|1935|235|166|54|1740|231|111|68|123|53|28|30|0|19|11|10|311|138
860Z200US28125|1045|253|995|248|0|14|995|248|890|245|104|68|811|224|85|45|114|80|9|14|0|14|10|16|40|38
860Z200US28127|3194|282|3037|281|0|19|3037|281|2877|290|598|185|2274|231|127|70|223|107|33|39|0|19|41|37|116|59
860Z200US28128|2517|255|2356|246|0|19|2356|246|2209|234|291|114|1981|220|131|68|106|42|0|19|0|19|8|13|153|55
860Z200US28129|2570|256|2331|236|0|19|2331|236|2179|232|438|128|1758|259|143|62|183|115|6|8|0|19|0|19|239|107
860Z200US28133|999|202|864|184|0|14|864|184|835|183|182|84|664|169|29|24|16|12|0|14|0|14|10|14|125|88
860Z200US28134|5055|349|4673|277|0|21|4673|277|4311|300|683|184|3937|317|344|142|125|75|0|21|0|21|267|195|115|70
860Z200US28135|1175|291|1057|254|0|14|1057|254|982|248|137|70|746|199|35|28|143|66|0|14|27|47|20|18|98|67
860Z200US28136|27|26|13|12|0|14|13|12|11|11|0|14|13|12|2|5|0|14|0|14|0|14|0|14|14|24
860Z200US28137|987|187|902|187|2|4|900|188|846|181|122|69|693|181|51|47|93|57|0|14|3|4|0|14|85|71
860Z200US28138|4178|499|3896|513|13|20|3883|508|3421|488|344|106|3444|488|451|208|120|74|0|21|5|8|104|89|178|87
860Z200US28139|8124|484|6685|486|26|23|6659|485|6109|491|1591|332|4241|390|360|173|1064|235|131|91|0|25|216|102|1223|316
860Z200US28144|11270|665|9786|576|14|22|9772|574|9151|556|1249|313|8259|526|522|220|401|176|85|87|0|25|395|220|1089|304
860Z200US28146|12649|719|11583|683|21|34|11562|685|10494|653|1386|286|9627|663|993|358|473|143|24|23|0|29|167|142|899|336
860Z200US28147|9555|510|8773|557|0|25|8773|557|8254|520|854|208|7605|558|463|223|458|171|8|14|0|25|255|130|527|179
860Z200US28150|11499|645|9704|677|0|25|9704|677|8734|665|1370|265|7808|637|826|349|578|195|58|50|47|57|373|183|1422|264
860Z200US28152|10016|556|8813|568|19|25|8794|565|8146|598|835|258|7646|568|569|230|691|330|54|54|0|25|229|131|974|278
860Z200US28159|1321|183|1201|186|0|14|1201|186|1149|196|128|84|1036|178|52|56|60|47|0|14|0|14|14|22|106|65
860Z200US28160|1623|177|1454|173|9|14|1445|170|1410|165|204|134|1177|188|9|18|61|45|12|19|14|26|12|20|157|98
860Z200US28163|2285|236|2086|217|4|6|2082|217|1987|212|422|130|1597|192|90|48|154|87|2|4|0|19|3|4|196|98
860Z200US28164|6483|500|5991|494|3|5|5988|495|5639|477|583|167|5286|492|347|146|334|115|0|21|0|21|81|52|411|147
860Z200US28166|4439|412|4204|407|0|21|4204|407|3966|379|421|189|3564|375|185|91|355|153|48|45|0|21|54|52|181|112
860Z200US28167|933|215|829|210|0|14|829|210|733|196|251|87|308|194|16|20|247|133|80|92|0|14|0|14|104|61
860Z200US28168|4324|407|3718|373|0|21|3718|373|3551|382|649|201|2882|368|149|69|252|111|10|17|0|21|33|27|573|234
860Z200US28169|45|31|34|27|0|14|34|27|33|26|0|14|28|26|0|14|6|9|1|3|0|14|7|10|4|7
860Z200US28170|4145|361|3497|320|15|18|3482|316|3193|322|437|152|2883|320|267|103|386|150|13|21|9|14|58|48|590|194
860Z200US28173|20430|614|19758|611|0|32|19758|611|18896|589|768|178|18457|604|742|270|1446|303|47|45|0|32|200|118|472|242
860Z200US28174|2708|352|2322|313|11|16|2311|314|1994|279|460|165|1722|268|288|159|175|67|29|36|0|19|45|51|341|182
860Z200US28202|9980|663|9308|631|0|21|9308|631|9122|640|826|294|8430|587|176|96|413|180|0|21|0|21|202|92|470|190
860Z200US28203|11038|720|10361|719|0|21|10361|719|10010|716|597|171|9723|722|333|191|381|140|0|21|18|26|247|120|430|170
860Z200US28204|5582|595|5294|596|0|19|5294|596|5173|595|186|85|4988|581|108|76|292|112|13|20|0|19|39|31|249|148
860Z200US28205|23357|768|21731|808|44|41|21687|812|20380|758|2490|430|18495|752|930|328|876|288|69|77|287|168|244|93|1382|305
860Z200US28206|7126|450|6244|440|0|21|6244|440|5923|417|777|279|5214|465|245|152|387|139|32|26|0|21|104|76|778|199
860Z200US28207|4129|443|4003|446|16|26|3987|447|3732|378|243|115|3703|439|255|205|127|67|0|19|0|19|98|50|28|28
860Z200US28208|16548|685|13739|749|0|29|13739|749|13120|720|1324|263|12096|816|590|240|467|186|0|29|0|29|339|164|2470|540
860Z200US28209|12793|680|12305|650|0|25|12305|650|11985|628|762|215|11384|670|309|194|574|194|11|17|0|25|61|54|427|219
860Z200US28210|20684|899|19077|843|2|6|19075|844|17329|766|2093|346|16606|820|1571|411|639|172|10|15|99|70|821|299|786|257
860Z200US28211|13602|653|12995|656|0|29|12995|656|12483|666|1170|260|11611|659|488|146|627|167|0|29|0|29|249|125|358|147
860Z200US28212|15649|659|14144|665|14|18|14130|661|13268|627|2243|362|11232|717|708|287|746|241|39|32|115|99|270|139|1235|327
860Z200US28213|18636|1021|17119|867|8|15|17111|867|15828|843|2123|468|14272|820|1096|358|1427|402|148|136|30|47|387|143|1130|437
860Z200US28214|15121|891|14196|828|48|43|14148|822|13567|839|998|226|12873|798|532|170|658|211|4|7|0|29|86|48|839|321
860Z200US28215|24260|1076|22680|1051|0|32|22680|1051|21553|1028|3013|684|19019|793|886|273|1137|255|65|45|176|112|374|128|1206|333
860Z200US28216|23858|943|22099|961|20|33|22079|966|20103|801|2260|461|19473|1001|1839|592|1142|240|18|21|0|32|437|204|1322|317
860Z200US28217|12952|703|11577|779|0|29|11577|779|10673|790|1993|410|9349|791|851|288|596|180|45|54|0|29|184|88|1191|370
860Z200US28223|0|14|0|14|0|14|0|14|0|14|0|14|0|14|0|14|0|14|0|14|0|14|0|14|0|14
860Z200US28226|15651|693|15295|673|0|29|15295|673|14672|698|1263|255|13812|638|592|159|307|108|0|29|11|19|111|83|245|138
860Z200US28227|21910|968|20854|944|58|51|20796|938|19873|981|2092|345|18387|875|856|226|980|238|9|16|35|55|385|200|671|214
860Z200US28244|0|14|0|14|0|14|0|14|0|14|0|14|0|14|0|14|0|14|0|14|0|14|0|14|0|14
860Z200US28262|22529|1187|21449|1192|0|32|21449|1192|19015|925|1626|418|19422|1106|2370|752|1123|344|29|43|35|59|706|247|374|209
860Z200US28269|31766|1098|30598|1174|0|32|30598|1174|28093|873|2282|378|27713|1200|2494|664|1459|317|0|32|0|32|560|252|608|235
860Z200US28270|12148|497|11842|495|0|29|11842|495|11396|406|880|247|10729|583|431|210|484|142|15|18|0|29|130|98|176|96
860Z200US28273|18996|952|18166|974|27|34|18139|973|16874|997|1978|482|15921|1058|1176|426|423|171|8|9|21|33|407|212|423|179
860Z200US28274|0|14|0|14|0|14|0|14|0|14|0|14|0|14|0|14|0|14|0|14|0|14|0|14|0|14
860Z200US28277|28944|918|28143|920|28|29|28115|925|27224|925|1977|339|25914|899|798|185|1119|236|27|31|53|43|473|243|328|181
860Z200US28278|13640|585|13181|574|0|29|13181|574|12464|560|802|224|12134|616|619|222|578|172|98|96|0|29|117|76|342|191
860Z200US28280|0|14|0|14|0|14|0|14|0|14|0|14|0|14|0|14|0|14|0|14|0|14|0|14|0|14
860Z200US28282|0|14|0|14|0|14|0|14|0|14|0|14|0|14|0|14|0|14|0|14|0|14|0|14|0|14
860Z200US28301|7243|433|6018|399|0|21|6018|399|4809|385|675|153|5142|454|1000|268|333|98|105|69|13|22|168|62|1057|271
860Z200US28303|14029|532|12845|517|29|32|12816|511|12251|509|1377|224|11284|534|470|123|430|143|20|23|14|24|167|88|1017|200
860Z200US28304|15187|447|13916|467|11|17|13905|469|12953|481|1239|213|12307|485|874|168|668|157|27|30|29|25|446|169|825|167
860Z200US28305|2921|296|2493|287|0|19|2493|287|2171|191|266|99|2222|282|278|207|97|64|2|4|0|19|93|46|335|100
860Z200US28306|15914|549|14456|502|31|47|14425|500|13530|471|1329|229|12725|558|833|229|1001|220|38|35|0|29|525|186|933|216
860Z200US28307|4122|309|3996|320|0|21|3996|320|3910|325|149|58|3789|324|31|25|195|71|21|35|0|21|67|47|59|59
860Z200US28308|0|14|0|14|0|14|0|14|0|14|0|14|0|14|0|14|0|14|0|14|0|14|0|14|0|14
860Z200US28310|0|19|0|19|0|19|0|19|0|19|0|19|0|19|0|19|0|19|0|19|0|19|0|19|0|19
860Z200US28311|14910|418|13827|457|0|29|13827|457|12776|446|1676|237|11809|507|858|196|914|193|53|48|24|39|259|104|824|182
860Z200US28312|7951|385|6763|351|0|21|6763|351|5497|288|639|170|5863|396|1117|316|642|152|28|32|32|48|286|176|902|251
860Z200US28314|22851|561|21568|549|0|32|21568|549|20813|597|1915|332|19270|559|665|195|922|210|28|27|29|32|450|176|833|188
860Z200US28315|5871|378|5418|386|8|12|5410|386|5026|372|468|241|4776|404|353|216|365|139|31|36|0|21|34|34|419|186
860Z200US28318|1592|201|1381|209|18|27|1363|213|1342|215|252|118|1034|209|21|17|135|100|0|14|0|14|13|15|198|87
860Z200US28320|3116|325|2603|307|0|19|2603|307|2513|311|466|147|2054|291|90|51|110|64|0|19|0|19|104|63|409|183
860Z200US28323|1729|259|1475|251|21|20|1454|251|1393|246|227|113|1155|246|61|52|178|100|0|14|0|14|191|100|63|62
860Z200US28325|188|84|105|42|1|2|104|42|97|42|16|16|81|37|7|7|5|10|0|14|0|14|6|11|77|73
860Z200US28326|8476|613|7310|644|15|22|7295|646|6958|670|711|236|6160|619|307|144|664|194|30|35|0|25|567|243|599|214
860Z200US28327|7208|498|6557|451|39|43|6518|450|6091|442|749|184|5352|467|354|117|769|228|35|29|0|21|99|71|552|195
860Z200US28328|9302|415|7981|440|5|8|7976|440|7538|439|1334|222|6296|438|395|116|816|165|29|29|0|25|115|58|1206|234
860Z200US28330|37|59|37|59|0|14|37|59|37|59|0|14|0|14|0|14|37|59|0|14|0|14|0|14|0|14
860Z200US28331|17|15|17|15|0|14|17|15|14|15|1|3|16|15|3|5|0|14|0|14|0|14|0|14|0|14
860Z200US28332|253|98|253|98|0|14|253|98|253|98|47|59|206|92|0|14|37|50|0|14|0|14|0|14|0|14
860Z200US28333|3515|367|3154|360|0|21|3154|360|2942|349|492|176|2585|352|212|82|167|98|0|21|0|21|18|22|343|132
860Z200US28334|9051|502|7503|451|7|8|7496|451|6780|432|1395|266|5438|395|497|156|1022|201|93|65|23|20|345|119|1203|217
860Z200US28337|3601|298|3177|296|0|19|3177|296|2827|314|415|151|2657|326|345|143|172|99|5|8|0|19|76|98|348|146
860Z200US28338|1418|210|1184|199|0|14|1184|199|1012|164|227|128|875|189|164|124|72|46|8|12|0|14|63|61|171|104
860Z200US28339|2807|301|2252|255|0|19|2252|255|1891|221|350|115|1760|234|328|179|220|91|11|11|0|19|199|85|356|124
860Z200US28340|3715|296|2726|234|1|2|2725|234|2347|199|558|149|1874|177|259|101|367|123|119|108|0|19|56|34|933|214
860Z200US28341|1097|210|894|180|2|3|892|180|884|179|263|89|527|116|8|11|208|115|0|14|0|14|0|14|203|91
860Z200US28342|21|14|18|11|0|14|18|11|18|11|0|14|18|11|0|14|0|14|0|14|0|14|0|14|3|7
860Z200US28343|593|95|536|88|0|14|536|88|526|87|121|58|403|85|7|8|35|31|0|14|0|14|14|14|43|31
860Z200US28344|1645|288|1483|283|0|14|1483|283|1406|281|136|69|1249|305|74|49|193|125|0|14|0|14|41|58|121|62
860Z200US28345|4692|430|3835|394|23|33|3812|386|3569|387|783|320|2732|320|211|139|413|172|25|32|0|21|69|75|788|239
860Z200US28347|490|128|474|131|0|14|474|131|466|129|30|22|442|133|8|10|2|3|0|14|0|14|2|3|14|14
860Z200US28348|13736|530|12773|542|0|29|12773|542|11890|551|1146|204|11458|504|848|175|663|158|0|29|11|19|148|69|815|179
860Z200US28349|1550|180|1188|168|0|14|1188|168|1018|138|184|83|922|165|162|90|184|86|8|12|0|14|20|22|342|121
860Z200US28350|78|81|39|62|0|14|39|62|39|62|0|14|39|62|0|14|0|14|0|14|0|14|39|55|0|14
860Z200US28351|1787|207|1621|217|0|14|1621|217|1549|217|345|158|1158|180|63|51|107|55|9|16|0|14|25|30|141|67
860Z200US28352|8704|239|7561|275|0|25|7561|275|7259|268|1461|205|5783|285|256|97|504|133|38|31|0|25|149|63|994|175
860Z200US28355|0|14|0|14|0|14|0|14|0|14|0|14|0|14|0|14|0|14|0|14|0|14|0|14|0|14
860Z200US28356|2473|305|2256|300|10|15|2246|303|2044|234|214|96|1740|309|162|167|245|111|40|45|0|19|82|78|135|70
860Z200US28357|1079|170|947|179|0|14|947|179|885|178|112|48|814|180|62|33|23|19|0|14|0|14|22|19|110|56
860Z200US28358|12657|407|10386|410|48|38|10338|411|7772|393|1452|256|8261|345|2470|261|797|142|65|43|15|17|431|111|1840|287
860Z200US28359|8|13|8|13|0|14|8|13|0|14|0|14|8|13|8|13|0|14|0|14|0|14|0|14|0|14
860Z200US28360|4662|341|3668|296|7|12|3661|295|2988|253|563|125|2888|299|545|150|247|84|16|18|96|62|130|64|864|216
860Z200US28362|20|12|8|7|0|14|8|7|8|7|3|6|3|4|0|14|2|3|0|14|0|14|1|4|11|10
860Z200US28363|386|107|306|106|0|14|306|106|298|105|42|48|178|77|0|14|89|53|8|13|0|14|21|25|59|51
860Z200US28364|4884|233|3461|245|9|14|3452|246|3178|243|664|140|2508|221|213|87|606|109|36|29|16|25|150|64|1273|248
860Z200US28365|6190|424|5183|422|0|21|5183|422|4798|413|1324|307|3111|378|218|110|833|199|88|64|26|44|53|40|954|255
860Z200US28366|1602|237|1230|209|0|14|1230|209|1194|208|404|130|782|177|35|31|142|83|1|3|0|14|2|4|370|134
860Z200US28367|23|20|23|20|0|14|23|20|23|20|16|20|6|13|0|14|0|14|0|14|0|14|0|14|0|14
860Z200US28368|11|15|11|15|0|14|11|15|11|15|0|14|11|15|0|14|0|14|0|14|0|14|0|14|0|14
860Z200US28369|796|108|507|93|0|14|507|93|466|82|93|55|341|76|12|16|83|49|29|34|0|14|10|17|279|85
860Z200US28371|2443|205|2229|200|25|36|2204|199|2023|195|322|98|1781|191|169|79|174|73|12|15|0|19|33|29|181|73
860Z200US28372|4325|210|3362|213|0|21|3362|213|3205|218|565|124|2667|208|148|59|548|127|9|16|0|21|222|74|741|123
860Z200US28373|1156|216|1054|212|0|14|1054|212|1032|214|93|58|806|206|22|16|23|17|0|14|0|14|12|13|90|60
860Z200US28374|9178|353|8608|356|8|13|8600|355|7927|366|810|170|7535|382|646|235|480|155|0|21|0|21|249|102|321|146
860Z200US28375|77|32|61|30|0|14|61|30|59|30|26|25|31|22|0|14|4|3|2|3|0|14|0|14|16|10
860Z200US28376|15871|293|14371|344|71|66|14300|355|13402|380|1481|267|12432|409|775|185|945|214|55|54|0|29|328|113|1172|241
860Z200US28377|4146|329|3188|303|0|21|3188|303|3017|280|788|161|2259|246|163|87|204|93|8|14|0|21|196|92|762|183
860Z200US28378|0|14|0|14|0|14|0|14|0|14|0|14|0|14|0|14|0|14|0|14|0|14|0|14|0|14
860Z200US28379|10101|582|9142|664|5|11|9137|664|8541|681|1523|366|7289|634|529|173|588|198|37|33|21|33|50|38|909|237
860Z200US28382|2322|299|2045|305|2|6|2043|305|1990|304|289|146|1667|272|45|42|273|154|8|13|0|19|24|19|253|84
860Z200US28383|2761|225|1923|222|0|19|1923|222|1801|216|311|101|1335|206|61|42|492|100|59|38|0|19|70|37|768|147
860Z200US28384|3630|263|3035|232|24|32|3011|235|2693|224|562|128|2230|239|290|80|202|59|6|9|22|22|33|27|562|134
860Z200US28385|1090|182|1003|181|2|4|1001|181|924|197|143|71|777|164|73|63|62|64|1|4|0|14|0|14|87|52
860Z200US28386|1928|218|1647|231|0|19|1647|231|1507|205|359|114|1256|204|140|83|46|32|0|19|0|19|37|32|244|88
860Z200US28387|7670|541|7187|531|0|21|7187|531|6682|502|570|167|6389|543|433|206|298|194|0|21|17|27|197|84|286|146
860Z200US28390|8747|424|7469|421|0|25|7469|421|7123|409|787|162|6411|403|279|150|590|132|25|27|14|18|680|175|598|119
860Z200US28391|2214|196|1960|187|0|19|1960|187|1732|198|136|65|1771|194|147|73|126|52|20|23|0|19|87|65|167|60
860Z200US28392|779|206|637|191|0|14|637|191|586|202|184|90|425|173|51|49|134|94|0|14|0|14|8|14|134|116
860Z200US28393|688|114|433|143|0|14|433|143|373|139|56|50|352|126|60|51|78|78|0|14|0|14|16|21|239|100
860Z200US28394|2330|331|2092|238|0|19|2092|238|1916|230|269|96|1718|229|168|82|137|90|0|19|0|19|0|19|238|190
860Z200US28395|965|96|797|95|0|14|797|95|687|94|78|38|662|92|94|46|75|41|14|22|0|14|26|26|142|69
860Z200US28396|1056|123|911|111|12|17|899|112|812|111|118|52|717|111|54|36|116|43|11|15|13|21|25|27|120|57
860Z200US28398|2680|255|2343|247|0|19|2343|247|2191|286|405|145|1786|179|148|106|249|114|4|8|0|19|42|46|295|146
860Z200US28399|693|148|608|135|0|14|608|135|544|131|202|102|379|115|64|69|9|15|0|14|0|14|17|29|68|51
860Z200US28401|11085|749|9843|699|0|25|9843|699|9546|717|1423|323|8233|655|293|104|393|173|4|6|0|25|412|188|830|221
860Z200US28403|18577|905|16665|912|22|36|16643|915|15557|911|1960|389|14499|967|974|372|908|290|66|80|0|29|1144|385|768|291
860Z200US28405|15899|838|14840|804|0|29|14840|804|14018|839|1924|627|12739|778|539|210|936|329|0|29|0|29|520|228|539|219
860Z200US28409|14544|628|14018|619|8|14|14010|618|13336|595|1160|335|12585|592|633|213|638|186|31|38|10|15|191|117|335|201
860Z200US28411|15924|664|15165|690|0|29|15165|690|14654|707|979|233|14008|714|460|163|435|196|21|33|0|29|365|129|394|167
860Z200US28412|20169|865|18946|843|7|11|18939|844|18190|802|1843|361|16723|974|671|234|1240|460|39|48|0|29|601|245|622|208
860Z200US28420|1163|269|984|259|0|14|984|259|837|208|116|81|839|247|147|158|91|85|0|14|0|14|31|34|148|105
860Z200US28421|799|156|654|162|0|14|654|162|618|155|386|132|205|83|25|26|57|34|11|17|0|14|0|14|145|94
860Z200US28422|4092|375|3670|349|0|21|3670|349|3423|352|265|93|3354|339|247|97|170|74|0|21|0|21|21|19|401|195
860Z200US28423|812|124|649|115|0|14|649|115|601|112|123|62|444|93|37|20|94|46|11|13|0|14|17|14|146|65
860Z200US28424|49|29|38|31|0|14|38|31|33|29|24|24|9|15|0|14|5|10|5|10|0|14|0|14|11|13
860Z200US28425|4382|366|3628|291|0|21|3628|291|3360|274|654|160|2406|262|198|126|650|188|46|39|15|24|183|159|571|195
860Z200US28428|3246|332|3185|330|0|19|3185|330|3099|326|194|92|2968|321|86|62|109|87|0|19|0|19|12|19|49|39
860Z200US28429|3896|514|3724|505|0|19|3724|505|3399|475|649|279|3033|436|325|189|109|58|0|19|0|19|0|19|172|100
860Z200US28430|789|220|673|206|5|8|668|207|639|204|220|143|431|170|29|24|37|28|0|14|0|14|1|2|115|101
860Z200US28431|2835|263|2173|238|32|38|2141|235|2045|242|530|175|1533|241|88|43|156|91|0|19|0|19|80|69|582|165
860Z200US28432|621|141|523|125|0|14|523|125|432|131|45|46|478|129|91|75|52|43|0|14|0|14|18|22|80|63
860Z200US28433|1742|222|1499|208|16|29|1483|210|1322|207|384|137|1078|231|146|84|87|63|0|14|0|14|79|71|164|102
860Z200US28434|356|125|205|66|0|14|205|66|181|65|44|32|93|43|6|9|27|25|2|4|0|14|0|14|151|97
860Z200US28435|726|140|442|94|0|14|442|94|404|99|114|51|221|84|0|14|159|73|38|28|0|14|42|44|242|123
860Z200US28436|647|163|581|158|0|14|581|158|508|149|150|76|317|134|53|73|135|85|20|30|0|14|0|14|66|51
860Z200US28438|569|199|463|187|0|14|463|187|437|195|120|69|341|165|24|25|9|11|0|14|0|14|1|3|105|70
860Z200US28439|488|123|398|113|1|4|397|113|365|108|173|86|224|100|32|28|29|28|0|14|0|14|0|14|90|53
860Z200US28441|994|186|773|159|11|13|762|163|744|161|182|87|536|147|10|13|216|124|2|5|0|14|3|5|218|123
860Z200US28442|599|164|458|160|0|14|458|160|342|119|38|28|420|165|116|100|7|11|0|14|0|14|33|49|108|82
860Z200US28443|10395|571|9874|532|0|25|9874|532|9367|549|854|221|8689|533|507|236|578|197|0|25|0|25|159|111|362|163
860Z200US28444|941|222|759|197|0|14|759|197|696|206|230|135|499|179|63|92|91|96|0|14|0|14|10|14|172|105
860Z200US28445|4625|429|4355|488|0|21|4355|488|3928|496|553|259|3683|452|381|201|238|175|0|21|0|21|33|29|237|170
860Z200US28447|437|117|381|110|0|14|381|110|343|103|15|19|318|99|10|16|52|48|21|27|7|11|0|14|56|38
860Z200US28448|260|94|217|94|15|17|202|95|202|95|71|51|120|92|0|14|21|25|0|14|0|14|0|14|43|62
860Z200US28449|913|207|909|207|0|14|909|207|789|120|24|17|879|209|120|157|51|36|0|14|0|14|0|14|4|7
860Z200US28450|846|100|727|88|0|14|727|88|659|82|100|39|596|85|68|53|38|21|0|14|0|14|35|26|84|53
860Z200US28451|20222|740|19104|797|10|15|19094|795|17987|797|1373|246|17365|813|1070|245|879|181|36|35|1|3|203|107|915|251
860Z200US28452|406|106|396|107|0|14|396|107|355|122|160|118|236|120|41|57|0|14|0|14|0|14|0|14|10|17
860Z200US28453|1221|217|954|206|0|14|954|206|770|202|166|99|677|170|150|90|227|139|34|40|0|14|17|15|250|111
860Z200US28454|1255|332|1038|283|0|14|1038|283|912|261|202|161|665|227|42|50|175|116|84|103|0|14|30|36|187|133
860Z200US28455|829|180|731|174|0|14|731|174|650|165|160|111|545|172|74|75|184|121|0|14|0|14|0|14|98|72
860Z200US28456|1531|227|1248|223|0|14|1248|223|1113|205|345|160|805|180|129|95|183|88|5|9|0|14|14|16|269|142
860Z200US28457|4430|483|4047|454|0|21|4047|454|3848|450|440|177|3372|487|144|70|255|112|55|63|0|21|64|102|319|155
860Z200US28458|2377|297|1822|264|0|19|1822|264|1737|275|523|185|978|211|50|33|361|102|35|27|0|19|83|53|472|168
860Z200US28460|6121|621|5677|584|9|14|5668|585|5016|474|310|164|5303|604|639|354|270|213|13|21|0|21|125|96|319|224
860Z200US28461|11150|587|10428|531|28|31|10400|531|9791|475|824|254|9323|605|575|288|529|158|12|18|22|34|322|237|400|170
860Z200US28462|5522|467|5028|431|15|21|5013|431|4634|414|754|184|4140|406|301|119|276|100|38|37|30|48|195|225|299|140
860Z200US28463|2773|292|2304|276|12|19|2292|275|2105|258|513|130|1705|241|187|109|129|76|0|19|0|19|38|29|431|162
860Z200US28464|727|131|592|115|2|3|590|115|484|98|59|34|462|115|92|68|95|49|14|14|0|14|35|38|100|66
860Z200US28465|4426|266|4186|270|0|19|4186|270|3921|278|325|122|3792|274|229|95|119|53|10|16|6|9|134|81|106|55
860Z200US28466|4204|414|3702|388|0|19|3702|388|3274|420|645|180|2926|373|401|172|289|125|13|21|3|7|93|87|409|187
860Z200US28467|6917|437|6611|443|18|28|6593|443|5948|467|730|287|5788|444|630|261|254|106|9|13|0|21|139|98|167|89
860Z200US28468|2642|325|2501|323|41|64|2460|313|2294|291|283|185|2145|284|106|49|135|85|0|19|0|19|65|48|76|53
860Z200US28469|4719|338|4445|343|0|21|4445|343|4083|302|479|188|3873|320|326|196|163|66|24|31|0|21|43|33|231|137
860Z200US28470|5161|425|4688|394|0|21|4688|394|4170|395|457|182|4146|408|495|209|156|93|0|21|9|17|63|54|410|169
860Z200US28472|6629|445|5770|382|0|21|5770|382|5001|382|851|240|4777|396|710|251|244|84|30|30|0|21|274|153|585|195
860Z200US28478|2087|318|1646|314|0|19|1646|314|1412|312|201|90|1116|265|184|83|437|157|40|30|0|19|42|35|399|144
860Z200US28479|2624|370|2459|371|0|19|2459|371|2376|367|224|144|2183|368|83|53|72|63|0|19|0|19|30|46|135|104
860Z200US28480|1360|219|1312|217|0|14|1312|217|1230|225|83|54|1192|219|45|37|31|35|0|14|37|50|16|24|32|32
860Z200US28501|7894|454|6027|458|12|19|6015|462|5738|438|1871|387|3742|379|244|116|520|166|29|32|0|21|374|164|1493|277
860Z200US28504|8598|505|7393|487|0|25|7393|487|7009|466|1441|271|5462|479|354|127|769|224|27|26|3|6|329|171|876|218
860Z200US28508|854|219|755|212|0|14|755|212|576|162|237|105|436|208|137|150|85|79|42|63|0|14|0|14|99|84
860Z200US28509|10|16|10|16|0|14|10|16|10|16|0|14|10|16|0|14|0|14|0|14|0|14|0|14|0|14
860Z200US28510|845|124|713|117|0|14|713|117|640|110|66|55|595|98|63|35|70|35|3|4|0|14|5|5|127|49
860Z200US28511|260|59|212|60|4|8|208|61|184|59|11|13|193|60|15|16|27|20|0|14|0|14|0|14|48|39
860Z200US28512|1705|194|1657|199|4|7|1653|199|1496|173|100|44|1508|194|150|97|60|21|4|6|0|14|27|26|21|18
860Z200US28513|4445|468|3914|456|18|31|3896|454|3624|452|840|279|2766|357|225|109|268|98|33|41|0|21|13|16|518|179
860Z200US28515|977|111|796|104|0|14|796|104|757|105|63|35|696|92|28|25|47|26|11|12|0|14|24|34|157|56
860Z200US28516|5774|425|5477|418|0|21|5477|418|5245|427|916|308|4353|317|184|79|348|213|0|21|9|19|63|42|234|126
860Z200US28518|3095|406|2665|392|0|19|2665|392|2483|400|320|123|2169|394|160|76|227|94|22|32|0|19|62|48|368|138
860Z200US28519|175|70|114|54|0|14|114|54|106|52|22|25|79|45|8|14|8|10|0|14|0|14|21|38|40|39
860Z200US28520|57|35|57|35|0|14|57|35|49|35|31|31|18|19|0|14|8|13|8|13|0|14|0|14|0|14
860Z200US28521|634|163|562|158|40|64|522|148|486|145|97|77|369|138|29|28|125|76|0|14|7|15|0|14|72|47
860Z200US28523|1116|228|834|190|0|14|834|190|792|194|112|74|650|191|32|27|78|70|10|16|0|14|55|50|227|164
860Z200US28524|126|49|120|48|0|14|120|48|112|47|0|14|120|48|8|12|0|14|0|14|0|14|0|14|6|10
860Z200US28525|1410|237|1192|210|0|14|1192|210|1129|210|137|76|874|208|52|45|212|93|11|16|0|14|46|66|172|94
860Z200US28526|980|278|628|230|1|2|627|230|615|230|152|92|384|192|5|7|76|41|7|11|0|14|24|24|328|161
860Z200US28527|634|187|501|165|16|23|485|167|456|172|41|33|440|162|29|30|26|40|0|14|0|14|6|10|127|76
860Z200US28528|202|44|172|50|0|14|172|50|162|49|14|25|143|49|0|14|15|19|10|16|0|14|0|14|30|24
860Z200US28529|753|141|677|145|2|5|675|145|612|144|75|45|515|140|58|38|83|42|2|3|0|14|4|6|72|34
860Z200US28530|2997|477|2230|346|0|19|2230|346|2116|341|509|194|1512|292|78|71|293|119|29|46|0|19|60|44|707|344
860Z200US28531|462|104|417|101|0|14|417|101|412|101|61|37|351|98|0|14|5|7|5|7|0|14|0|14|45|36
860Z200US28532|8214|476|7179|486|5|10|7174|485|6919|475|734|229|6065|480|242|93|530|193|0|25|7|13|183|137|852|290
860Z200US28533|0|14|0|14|0|14|0|14|0|14|0|14|0|14|0|14|0|14|0|14|0|14|0|14|0|14
860Z200US28537|5|7|0|14|0|14|0|14|0|14|0|14|0|14|0|14|0|14|0|14|0|14|0|14|5|7
860Z200US28538|864|195|703|176|13|18|690|178|636|170|167|97|350|102|16|18|164|88|38|41|0|14|14|13|147|103
860Z200US28539|7794|763|6957|721|0|21|6957|721|6593|713|1006|333|5559|671|310|176|275|154|26|42|0|21|98|62|739|369
860Z200US28540|19048|972|17446|915|15|22|17431|913|14815|851|1632|384|15501|860|2592|563|564|176|24|25|0|29|617|549|985|294
860Z200US28542|45|46|45|46|0|14|45|46|38|46|0|14|45|46|7|11|0|14|0|14|0|14|0|14|0|14
860Z200US28543|1645|255|1490|274|0|19|1490|274|1409|280|130|77|1336|267|81|60|161|166|0|19|0|19|120|167|35|50
860Z200US28544|1825|386|1618|396|0|14|1618|396|1555|395|126|78|1427|364|46|44|70|54|0|14|17|30|4|8|203|106
860Z200US28546|20200|889|19094|904|0|29|19094|904|17019|999|2305|440|16423|929|2006|610|862|241|0|29|0|29|331|163|775|268
860Z200US28547|2174|258|2164|258|0|25|2164|258|2070|270|102|78|1942|248|94|87|104|83|0|25|0|25|0|25|10|17
860Z200US28551|5478|446|4556|454|9|15|4547|451|4170|455|835|217|3295|467|258|142|530|183|46|34|62|78|55|41|867|293
860Z200US28552|94|55|76|48|0|14|76|48|76|48|23|24|39|43|0|14|0|14|0|14|0|14|0|14|18|22
860Z200US28553|193|83|182|85|0|14|182|85|182|85|0|14|168|83|0|14|0|14|0|14|0|14|0|14|11|17
860Z200US28554|35|32|35|32|0|14|35|32|35|32|35|32|0|14|0|14|0|14|0|14|0|14|0|14|0|14
860Z200US28555|2379|335|2096|315|0|19|2096|315|2013|321|274|164|1785|325|83|76|118|78|0|19|0|19|1|4|282|158
860Z200US28556|376|145|351|147|0|14|351|147|340|146|51|33|273|151|11|17|40|29|0|14|0|14|0|14|25|25
860Z200US28557|7714|367|7040|357|12|13|7028|358|6555|365|720|161|6133|348|450|149|310|122|20|17|0|21|310|172|364|133
860Z200US28560|12154|593|10218|544|0|25|10218|544|9465|557|950|190|8969|565|730|175|461|152|17|24|6|13|234|149|1702|432
860Z200US28562|17563|851|15971|736|35|32|15936|736|15323|744|1568|295|13936|708|570|167|905|212|13|22|0|29|209|103|1383|361
860Z200US28570|9313|397|8773|345|22|19|8751|344|8240|358|710|147|7822|343|462|144|503|142|33|26|10|16|169|101|371|140
860Z200US28571|1378|163|1249|158|0|14|1249|158|1118|162|118|77|1040|143|129|64|112|55|2|4|0|14|11|16|118|52
860Z200US28572|2560|379|2248|348|5|8|2243|348|2065|330|486|155|1498|264|178|102|295|199|0|19|0|19|37|40|275|122
860Z200US28573|887|151|698|151|13|19|685|148|649|145|53|29|605|158|36|28|84|50|0|14|0|14|12|12|177|79
860Z200US28574|7137|565|6770|551|10|14|6760|552|5807|486|866|283|5694|550|868|370|461|185|0|25|0|25|5|8|362|123
860Z200US28575|83|37|76|38|0|14|76|38|76|38|2|3|74|37|0|14|6|10|0|14|0|14|7|8|0|14
860Z200US28577|101|41|93|41|0|14|93|41|89|41|0|14|89|41|4|7|0|14|0|14|0|14|6|9|2|3
860Z200US28578|1428|273|1088|250|0|14|1088|250|1009|241|322|114|640|195|79|66|108|59|0|14|0|14|33|33|307|146
860Z200US28579|153|70|107|61|0|14|107|61|107|61|14|21|93|59|0|14|0|14|0|14|0|14|26|45|20|21
860Z200US28580|3634|250|3021|236|0|21|3021|236|2865|230|804|181|1877|211|113|76|444|152|1|2|10|17|99|62|514|136
860Z200US28581|53|44|53|44|0|14|53|44|43|41|8|13|45|42|10|15|0|14|0|14|0|14|0|14|0|14
860Z200US28582|638|114|592|106|0|14|592|106|568|107|56|45|536|99|24|27|35|30|0|14|0|14|8|16|38|33
860Z200US28584|6149|404|5740|405|43|65|5697|415|5424|412|750|215|4809|453|230|91|420|164|6|7|0|21|115|64|294|147
860Z200US28585|1640|181|1363|195|15|23|1348|188|1263|182|52|38|1075|180|52|55|266|103|31|34|0|14|24|26|253|101
860Z200US28586|3157|357|2497|334|14|22|2483|332|2369|337|475|178|1749|305|84|90|357|202|26|31|0|19|39|29|621|202
860Z200US28587|98|42|90|43|0|14|90|43|85|42|9|8|74|41|5|8|17|18|0|14|0|14|1|2|7|6
860Z200US28589|22|17|22|17|0|14|22|17|22|17|0|14|22|17|0|14|0|14|0|14|0|14|0|14|0|14
860Z200US28590|11085|622|10410|644|39|57|10371|653|10133|644|1862|500|8417|645|238|116|249|140|0|25|0|25|118|80|557|209
860Z200US28594|1940|95|1890|93|0|14|1890|93|1802|99|128|55|1733|108|83|43|194|79|0|14|0|14|25|18|25|25
860Z200US28601|21727|718|19654|676|11|17|19643|677|18590|710|2256|325|16999|647|808|222|935|193|62|48|12|15|729|270|1344|325
860Z200US28602|12005|687|10146|723|9|14|10137|724|9540|678|1052|273|8833|742|471|160|613|177|67|98|30|35|436|215|1423|313
860Z200US28604|3236|281|2988|291|2|3|2986|292|2890|284|193|92|2700|291|93|45|105|65|0|19|2|2|92|61|156|97
860Z200US28605|1691|234|1645|229|0|14|1645|229|1530|231|92|43|1514|235|115|67|53|45|0|14|0|14|9|18|37|34
860Z200US28606|844|191|696|192|0|14|696|192|644|183|45|47|651|185|52|45|0|14|0|14|0|14|0|14|148|90
860Z200US28607|12583|649|11389|717|0|29|11389|717|10747|656|1061|320|9916|690|561|220|644|213|62|63|0|29|692|185|502|221
860Z200US28609|2941|453|2489|408|9|14|2480|408|2432|405|487|223|1733|363|34|24|108|60|0|19|0|19|26|35|426|216
860Z200US28610|4357|406|3883|397|0|21|3883|397|3541|378|530|199|3256|446|311|167|178|81|22|33|0|21|132|76|342|186
860Z200US28611|229|129|201|127|0|14|201|127|201|127|12|21|51|69|0|14|138|131|0|14|0|14|0|14|28|32
860Z200US28612|4763|396|3550|337|38|39|3512|334|3221|336|706|229|2567|297|272|100|276|136|3|6|9|13|85|66|1128|252
860Z200US28613|9429|685|8523|698|26|41|8497|693|8086|672|1192|299|6935|627|329|140|615|213|59|55|10|16|159|95|747|227
860Z200US28615|895|207|750|193|5|10|745|194|696|190|45|66|684|173|49|44|5|11|0|14|0|14|0|14|145|64
860Z200US28616|22|22|22|22|0|14|22|22|15|17|5|10|17|18|7|12|0|14|0|14|0|14|0|14|0|14
860Z200US28617|773|165|689|162|0|14|689|162|625|162|15|22|674|162|64|42|9|15|0|14|0|14|9|13|75|70
860Z200US28618|837|167|657|136|0|14|657|136|565|133|111|75|417|104|35|26|160|81|57|46|0|14|0|14|180|90
860Z200US28619|216|88|151|76|0|14|151|76|102|56|28|34|123|70|44|49|5|11|0|14|0|14|0|14|65|53
860Z200US28621|4126|351|3614|359|14|24|3600|354|3277|357|480|158|2937|334|239|97|185|109|63|82|8|14|133|99|379|144
860Z200US28622|1073|195|831|155|10|15|821|156|720|160|88|57|705|149|91|64|59|42|7|10|3|4|7|8|235|124
860Z200US28623|749|136|684|129|0|14|684|129|536|117|57|45|559|115|105|58|121|82|0|14|8|14|0|14|65|50
860Z200US28624|615|163|443|163|0|14|443|163|423|167|78|55|356|156|20|24|19|21|0|14|0|14|8|14|164|105
860Z200US28625|16236|775|15010|770|8|9|15002|769|13816|779|3083|576|11166|707|1077|292|1212|245|22|22|20|24|147|77|1079|195
860Z200US28626|1521|256|1305|269|0|14|1305|269|1277|264|90|57|1189|261|18|21|56|45|0|14|10|15|10|19|206|130
860Z200US28627|560|127|480|125|0|14|480|125|403|98|22|19|444|126|69|80|22|21|0|14|0|14|8|14|72|46
860Z200US28628|29|20|29|20|0|14|29|20|27|18|14|14|15|16|2|7|0|14|0|14|0|14|0|14|0|14
860Z200US28629|32|41|27|43|0|14|27|43|27|43|0|14|27|43|0|14|0|14|0|14|0|14|5|15|0|14
860Z200US28630|7917|624|7196|575|0|21|7196|575|6564|571|1276|276|5674|596|520|231|298|136|102|115|0|21|106|63|615|220
860Z200US28631|267|132|191|109|0|14|191|109|126|65|8|14|183|111|65|95|0|14|0|14|0|14|0|14|76|79
860Z200US28634|2146|280|1778|258|0|19|1778|258|1558|223|172|76|1540|243|207|127|100|54|0|19|13|21|80|73|288|133
860Z200US28635|1249|283|1086|294|0|14|1086|294|1052|291|65|65|1013|287|34|29|51|49|0|14|0|14|14|22|149|92
860Z200US28636|1860|302|1535|254|11|14|1524|254|1451|248|321|138|984|240|73|72|157|77|0|14|0|14|59|91|266|134
860Z200US28637|772|189|668|180|0|14|668|180|625|178|50|33|593|177|40|27|48|40|0|14|3|6|6|9|98|53
860Z200US28638|4671|370|4125|344|0|21|4125|344|3740|345|457|179|3467|328|374|152|187|117|0|21|0|21|86|67|460|162
860Z200US28640|2076|251|1710|218|25|30|1685|213|1607|211|148|80|1528|195|78|51|82|51|0|14|0|14|18|20|348|141
860Z200US28641|23|37|0|14|0|14|0|14|0|14|0|14|0|14|0|14|0|14|0|14|0|14|23|37|0|14
860Z200US28642|2358|276|2003|276|0|19|2003|276|1618|211|235|101|1676|293|320|177|133|81|16|27|0|19|75|61|280|123
860Z200US28643|1494|244|1215|243|0|14|1215|243|1037|251|45|39|1154|223|178|94|57|47|0|14|0|14|60|69|219|78
860Z200US28644|735|140|637|142|0|14|637|142|606|134|41|36|583|143|31|32|13|19|0|14|0|14|0|14|98|82
860Z200US28645|19175|733|16161|733|3|6|16158|733|14666|762|3129|569|12023|706|1250|336|1365|339|175|101|43|55|365|170|2649|535
860Z200US28646|193|138|135|113|0|14|135|113|135|113|0|14|133|113|0|14|1|2|0|14|0|14|0|14|58|89
860Z200US28649|428|171|406|171|0|14|406|171|387|158|26|48|342|159|19|34|20|38|0|14|0|14|0|14|22|28
860Z200US28650|4827|410|4232|449|0|21|4232|449|4065|435|603|215|3415|439|131|73|383|153|0|21|36|55|42|37|553|239
860Z200US28651|2315|270|2069|252|0|19|2069|252|1968|242|128|63|1913|253|101|66|85|54|0|19|0|19|36|43|210|98
860Z200US28652|36|39|36|39|0|14|36|39|36|39|0|14|21|37|0|14|15|24|0|14|0|14|0|14|0|14
860Z200US28653|26|42|26|42|0|14|26|42|26|42|0|14|26|42|0|14|0|14|0|14|0|14|0|14|0|14
860Z200US28654|1259|307|1108|299|0|14|1108|299|873|216|93|65|996|291|222|200|14|20|0|14|13|21|22|26|129|94
860Z200US28655|22219|643|19229|735|0|32|19229|735|17834|776|3044|517|15250|830|1251|320|1459|342|78|50|18|23|548|237|2442|384
860Z200US28657|3716|344|3134|350|17|19|3117|348|2789|352|558|196|1965|276|203|128|752|187|97|59|7|12|70|71|512|140
860Z200US28658|10369|530|9161|564|14|17|9147|563|8524|534|1124|271|7850|567|592|199|288|124|0|25|0|25|81|78|1127|349
860Z200US28659|8869|513|8018|532|0|25|8018|532|7316|499|790|230|7114|543|668|243|267|110|21|25|0|25|50|60|801|204
860Z200US28660|888|228|800|217|0|14|800|217|733|215|194|147|525|140|67|53|87|68|0|14|0|14|42|49|46|58
860Z200US28662|0|14|0|14|0|14|0|14|0|14|0|14|0|14|0|14|0|14|0|14|0|14|0|14|0|14
860Z200US28663|355|121|244|100|0|14|244|100|223|98|0|14|233|98|21|24|35|31|0|14|0|14|14|22|97|67
860Z200US28664|27|27|27|27|0|14|27|27|27|27|0|14|21|29|0|14|21|29|0|14|0|14|0|14|0|14
860Z200US28665|998|213|939|209|0|14|939|209|919|215|23|26|908|210|20|22|23|31|0|14|0|14|0|14|59|42
860Z200US28666|73|97|73|97|0|14|73|97|73|97|0|14|60|94|0|14|13|23|0|14|0|14|0|14|0|14
860Z200US28667|109|48|83|40|0|14|83|40|79|40|21|27|62|29|4|8|2|4|0|14|0|14|0|14|26|27
860Z200US28668|30|36|30|36|0|14|30|36|30|36|0|14|30|36|0|14|0|14|0|14|0|14|0|14|0|14
860Z200US28669|1254|282|1088|259|0|14|1088|259|1008|243|122|95|922|230|68|69|52|38|12|19|0|14|19|20|147|108
860Z200US28670|902|196|729|165|0|14|729|165|694|161|49|40|657|155|35|28|39|46|0|14|0|14|14|19|159|100
860Z200US28671|106|57|92|53|0|14|92|53|90|54|20|21|72|49|2|3|0|14|0|14|0|14|0|14|14|16
860Z200US28672|63|75|63|75|0|14|63|75|63|75|44|69|19|27|0|14|0|14|0|14|0|14|0|14|0|14
860Z200US28673|3184|445|2888|432|0|19|2888|432|2785|428|130|85|2741|432|103|85|76|64|0|19|0|19|74|62|222|135
860Z200US28675|3194|290|2508|226|11|19|2497|225|2271|217|239|101|2201|217|178|84|104|62|40|50|0|19|67|49|619|209
860Z200US28676|1420|220|1243|187|0|14|1243|187|1036|186|61|53|1074|180|150|98|71|41|37|35|0|14|14|15|163|93
860Z200US28677|14883|610|13528|525|3|5|13525|525|12546|603|1867|358|10986|642|877|260|754|266|55|38|0|29|243|159|1112|310
860Z200US28678|2124|288|1896|282|40|49|1856|286|1812|290|320|168|1258|267|17|19|279|94|27|28|0|19|20|29|208|118
860Z200US28679|952|219|837|206|0|14|837|206|784|203|69|40|715|206|21|18|89|67|16|28|0|14|17|16|98|82
860Z200US28681|9768|417|8252|496|0|25|8252|496|7661|500|1216|213|6501|508|509|196|648|146|63|47|0|25|191|87|1325|245
860Z200US28682|637|169|535|138|0|14|535|138|513|137|50|54|485|133|22|26|27|35|0|14|0|14|36|39|66|83
860Z200US28683|689|144|507|131|0|14|507|131|419|112|51|33|440|133|76|64|82|78|0|14|0|14|69|70|113|70
860Z200US28684|870|195|810|206|0|14|810|206|787|210|63|51|747|203|23|21|24|25|0|14|0|14|20|24|40|32
860Z200US28685|769|164|638|160|0|14|638|160|547|136|30|38|593|156|91|82|15|23|0|14|0|14|0|14|131|91
860Z200US28689|758|188|693|189|0|14|693|189|664|185|163|146|494|131|29|29|36|43|0|14|0|14|13|19|52|42
860Z200US28690|4510|397|3856|400|0|19|3856|400|3405|354|452|210|3169|372|340|165|355|170|0|19|0|19|95|77|559|189
860Z200US28692|2228|329|2124|313|0|14|2124|313|2045|317|291|202|1807|267|79|51|20|32|0|14|0|14|0|14|104|74
860Z200US28693|431|120|323|99|0|14|323|99|277|98|25|23|298|98|26|28|0|14|0|14|0|14|40|46|68|67
860Z200US28694|3678|334|3263|321|7|12|3256|324|3027|310|199|88|2977|316|201|105|284|147|15|27|0|19|18|27|397|122
860Z200US28697|5471|521|4902|529|0|21|4902|529|4389|480|372|148|4448|505|513|257|84|57|0|21|0|21|94|63|475|190
860Z200US28698|966|204|804|158|0|14|804|158|727|156|141|92|602|125|65|46|38|58|0|14|12|21|14|23|148|110
860Z200US28701|1710|421|1549|412|29|33|1520|411|1433|410|57|48|1425|397|87|59|82|70|0|19|0|19|41|65|120|107
860Z200US28702|221|110|128|64|0|14|128|64|128|64|13|14|92|61|0|14|15|19|0|14|0|14|0|14|93|86
860Z200US28704|8810|723|8007|650|0|25|8007|650|7673|664|906|295|6822|622|311|120|493|212|15|24|0|25|280|168|523|319
860Z200US28705|2739|258|2369|256|2|4|2367|256|2093|257|261|139|1919|255|217|96|235|99|20|21|0|19|50|42|320|104
860Z200US28707|199|102|91|64|0|14|91|64|91|64|39|41|36|48|0|14|16|26|0|14|0|14|24|35|84|84
860Z200US28708|174|96|160|95|0|14|160|95|107|72|30|35|121|93|53|70|0|14|0|14|0|14|0|14|14|15
860Z200US28709|959|337|735|236|0|14|735|236|722|236|51|42|608|234|13|14|102|71|0|14|0|14|150|239|74|72
860Z200US28710|42|67|42|67|0|14|42|67|42|67|0|14|42|67|0|14|0|14|0|14|0|14|0|14|0|14
860Z200US28711|5107|404|4091|374|21|28|4070|373|3852|366|584|158|3221|330|187|69|361|94|31|22|0|21|346|390|670|378
860Z200US28712|8983|444|7638|446|7|11|7631|448|6786|430|927|246|6310|483|731|163|385|132|71|83|12|21|524|203|821|257
860Z200US28713|3827|258|3075|230|9|13|3066|230|2759|223|468|144|1843|265|151|83|771|170|123|78|33|45|90|68|662|178
860Z200US28714|6962|402|5679|435|34|35|5645|442|5057|394|849|207|4576|416|506|194|422|153|60|57|0|21|248|146|1035|210
860Z200US28715|10561|642|9723|650|0|29|9723|650|9086|663|1421|365|7984|652|575|219|507|199|29|55|0|29|145|138|693|238
860Z200US28716|7297|585|6003|476|33|32|5970|480|5668|459|781|182|4696|438|245|131|534|178|29|26|0|21|258|150|1036|376
860Z200US28717|639|183|576|165|0|14|576|165|556|167|87|57|440|166|12|17|72|58|8|12|0|14|54|80|9|14
860Z200US28718|315|145|284|141|0|14|284|141|242|136|18|22|226|131|15|17|40|35|27|34|0|14|0|14|31|32
860Z200US28719|2820|276|2132|271|10|17|2122|269|2067|273|503|160|1096|245|4|12|407|142|51|52|0|19|73|54|615|191
860Z200US28720|73|39|72|39|0|14|72|39|71|38|2|4|65|38|0|14|5|6|1|2|0|14|1|2|0|14
860Z200US28721|4456|383|3651|345|12|17|3639|345|3319|321|660|237|2325|295|234|84|738|198|62|67|9|10|276|163|529|227
860Z200US28722|2759|238|2247|245|0|19|2247|245|1906|192|167|74|1903|254|177|87|318|152|27|28|27|27|195|81|317|124
860Z200US28723|4384|492|3119|447|9|16|3110|449|2863|426|373|176|2078|358|82|48|595|177|131|87|0|21|1050|265|215|117
860Z200US28725|53|27|41|24|0|14|41|24|41|24|6|11|35|24|0|14|2|3|0|14|0|14|6|12|6|10
860Z200US28726|1539|178|1304|197|0|14|1304|197|1187|198|223|128|1051|205|117|79|68|52|0|14|0|14|28|42|207|129
860Z200US28729|1427|297|1346|293|0|14|1346|293|1204|300|126|132|1165|298|74|64|111|85|27|46|0|14|0|14|81|61
860Z200US28730|2981|437|2701|411|0|19|2701|411|2565|406|229|124|2287|398|124|71|235|107|0|19|0|19|0|19|280|212
860Z200US28731|3783|358|3573|358|0|19|3573|358|3434|356|431|135|2952|350|130|89|340|193|0|19|9|14|85|78|125|78
860Z200US28732|7326|489|6714|476|0|21|6714|476|6404|488|526|198|5816|455|193|82|568|166|74|64|12|21|171|128|441|185
860Z200US28733|44|42|35|41|0|14|35|41|29|40|25|40|4|6|0|14|6|9|6|9|0|14|0|14|9|15
860Z200US28734|14236|671|11970|654|25|33|11945|658|10929|637|1493|358|8669|654|666|238|1842|296|251|142|9|15|228|171|2038|400
860Z200US28735|89|58|65|45|0|14|65|45|58|44|13|21|45|40|0|14|7|11|7|11|0|14|0|14|24|40
860Z200US28736|473|182|387|171|0|14|387|171|383|170|73|106|192|88|4|6|122|88|0|14|0|14|39|62|47|36
860Z200US28739|9584|469|8844|469|49|55|8795|478|8292|471|720|193|7585|452|388|154|873|215|76|52|18|24|149|105|591|230
860Z200US28740|1038|221|765|180|0|14|765|180|602|149|32|22|697|188|149|91|100|73|14|23|0|14|44|51|229|124
860Z200US28741|2336|290|1809|241|0|14|1809|241|1671|243|163|71|1478|217|81|64|243|111|52|36|0|14|76|82|451|169
860Z200US28742|1123|248|848|211|0|14|848|211|775|214|136|132|620|156|45|42|84|62|22|34|6|11|88|96|187|156
860Z200US28743|925|171|691|150|0|14|691|150|674|147|161|100|428|113|17|21|96|59|0|14|0|14|5|10|229|125
860Z200US28745|249|95|241|96|0|14|241|96|225|90|10|14|223|95|16|26|13|22|0|14|0|14|0|14|8|13
860Z200US28746|1397|185|1221|185|26|25|1195|189|1066|187|108|50|787|129|105|46|311|120|24|27|0|14|20|21|156|93
860Z200US28747|830|140|783|141|0|14|783|141|751|137|132|79|628|125|32|32|95|54|0|14|0|14|6|9|41|38
860Z200US28748|4094|421|3725|391|17|28|3708|386|3541|387|844|287|2648|336|134|74|280|105|33|37|0|21|50|46|319|124
860Z200US28749|0|14|0|14|0|14|0|14|0|14|0|14|0|14|0|14|0|14|0|14|0|14|0|14|0|14
860Z200US28751|1859|244|1723|244|8|13|1715|245|1604|243|201|76|1292|226|105|56|189|110|6|8|0|14|0|14|136|72
860Z200US28752|12424|527|10637|548|53|57|10584|552|9525|587|1942|378|7882|569|895|217|807|223|146|84|0|29|387|177|1400|281
860Z200US28753|4136|366|3307|302|7|11|3300|300|2947|309|232|120|2697|282|267|104|323|116|73|64|0|21|101|71|728|241
860Z200US28754|3306|309|3001|302|8|13|2993|302|2507|267|339|123|2549|269|412|157|164|82|60|63|0|19|64|42|241|101
860Z200US28755|0|14|0|14|0|14|0|14|0|14|0|14|0|14|0|14|0|14|0|14|0|14|0|14|0|14
860Z200US28756|1834|224|1541|236|0|14|1541|236|1382|223|327|118|941|200|87|73|386|132|72|48|0|14|13|20|280|118
860Z200US28757|62|49|62|49|0|14|62|49|62|49|11|17|51|45|0|14|0|14|0|14|0|14|0|14|0|14
860Z200US28758|41|59|41|59|0|14|41|59|41|59|0|14|41|59|0|14|0|14|0|14|0|14|0|14|0|14
860Z200US28759|2856|192|2630|170|0|19|2630|170|2432|183|284|102|2200|183|186|67|256|92|0|19|0|19|102|88|124|66
860Z200US28761|3288|363|2748|383|0|19|2748|383|2583|391|636|171|1759|378|156|93|373|148|9|14|0|19|111|87|429|163
860Z200US28762|2978|330|2297|291|12|20|2285|291|2142|294|552|195|1418|218|118|63|252|88|25|24|0|19|321|256|360|120
860Z200US28763|1180|274|1062|270|0|14|1062|270|763|212|168|117|481|156|116|110|301|228|183|215|0|14|0|14|118|113
860Z200US28766|552|116|505|115|14|16|491|115|430|110|71|59|399|102|61|52|8|11|0|14|0|14|0|14|47|53
860Z200US28768|2736|327|2466|333|16|25|2450|334|1994|266|229|89|2108|347|456|273|131|77|0|19|0|19|78|93|192|117
860Z200US28770|0|14|0|14|0|14|0|14|0|14|0|14|0|14|0|14|0|14|0|14|0|14|0|14|0|14
860Z200US28771|3337|211|2803|225|0|19|2803|225|2306|236|363|128|1792|218|311|118|844|213|166|90|2|4|70|51|464|131
860Z200US28772|580|161|496|171|0|14|496|171|487|169|141|117|344|132|0|14|11|18|0|14|0|14|29|50|55|33
860Z200US28773|1391|186|1273|176|15|16|1258|175|1182|177|243|105|889|156|65|35|131|67|0|14|0|14|0|14|118|75
860Z200US28774|703|182|696|181|0|14|696|181|623|170|86|80|516|152|64|59|99|90|0|14|0|14|7|14|0|14
860Z200US28775|271|123|209|116|0|14|209|116|152|104|0|14|179|111|27|27|35|41|30|39|0|14|0|14|62|59
860Z200US28777|3989|313|3211|324|0|21|3211|324|2952|310|570|167|2418|290|223|103|210|89|22|26|0|21|87|61|691|186
860Z200US28778|3931|444|3427|377|0|21|3427|377|3239|389|529|239|2736|441|188|83|219|123|0|21|0|21|33|32|471|273
860Z200US28779|8295|626|6795|522|0|21|6795|522|6371|505|968|290|4829|549|373|156|718|194|39|34|12|18|209|126|1291|373
860Z200US28781|494|195|401|175|0|14|401|175|264|111|28|27|243|154|111|130|154|75|26|29|0|14|0|14|93|78
860Z200US28782|3240|224|2777|196|8|13|2769|199|2486|186|264|89|2204|186|259|85|416|129|5|8|0|19|69|64|394|144
860Z200US28783|643|169|543|178|9|14|534|179|492|180|120|58|199|142|0|14|216|139|29|32|13|20|6|13|94|64
860Z200US28785|3496|336|3041|372|0|19|3041|372|2869|372|479|166|2034|291|139|96|572|192|17|16|16|23|39|32|416|159
860Z200US28786|9816|507|8372|518|23|26|8349|522|7508|523|1208|294|6745|506|743|182|631|181|23|26|14|22|260|157|1184|316
860Z200US28787|8719|547|8178|506|37|36|8141|504|7707|506|1005|252|6899|533|404|155|387|149|30|34|0|25|46|45|495|168
860Z200US28788|83|35|83|35|0|14|83|35|76|35|0|14|83|35|7|9|0|14|0|14|0|14|0|14|0|14
860Z200US28789|2385|320|1803|267|0|19|1803|267|1538|267|304|191|1016|252|124|93|533|168|129|107|12|24|88|91|494|199
860Z200US28790|1423|304|1246|314|11|17|1235|315|1235|315|208|125|813|309|0|14|489|258|0|14|0|14|22|30|155|92
860Z200US28791|6718|487|6312|474|17|19|6295|474|5709|436|519|209|5513|449|505|146|473|183|44|53|0|21|67|41|339|179
860Z200US28792|16171|738|14032|704|6|10|14026|707|13028|736|1922|387|11163|715|766|196|1294|294|159|119|23|41|536|190|1603|367
860Z200US28801|6247|485|5354|442|0|21|5354|442|4999|411|723|188|4480|401|319|109|151|74|24|33|0|21|137|51|756|237
860Z200US28803|13459|833|12581|781|15|23|12566|777|11731|781|1121|272|11115|778|762|217|528|174|0|29|44|50|158|87|720|287
860Z200US28804|9135|553|8754|549|16|18|8738|551|8335|520|873|273|7526|484|332|116|480|172|63|84|8|14|140|76|241|91
860Z200US28805|8224|739|7267|557|34|40|7233|560|6681|546|712|188|6427|509|490|144|184|90|18|28|23|38|49|55|908|542
860Z200US28806|16604|1010|14849|997|26|46|14823|995|14053|958|2416|482|12075|843|682|195|501|213|25|26|0|29|157|106|1598|437
860Z200US28901|2605|285|2084|276|10|12|2074|274|1990|284|273|130|1673|252|77|47|118|62|7|11|0|19|62|54|459|193
860Z200US28902|470|118|386|103|0|14|386|103|356|97|24|29|244|94|0|14|121|64|0|14|19|27|19|27|65|51
860Z200US28904|4534|346|3795|324|21|26|3774|320|3429|318|377|165|2945|308|266|120|522|183|79|60|0|21|33|42|706|263
860Z200US28905|1257|266|1066|258|0|14|1066|258|1023|254|71|47|882|240|33|26|133|87|0|14|0|14|29|23|162|105
860Z200US28906|9195|386|7821|374|64|74|7757|365|6730|391|839|188|5631|406|602|142|1534|251|349|149|0|25|204|79|1170|318
860Z200US28909|261|68|244|66|0|14|244|66|205|57|7|12|137|53|29|30|85|48|10|16|0|14|0|14|17|18
860Z200US29001|778|140|648|132|13|14|635|133|614|133|104|69|495|114|17|17|67|32|4|6|0|14|8|12|122|56
860Z200US29003|2155|219|1803|225|0|20|1803|225|1425|211|344|136|1112|202|178|111|384|172|195|141|0|20|49|53|303|128
860Z200US29006|3791|363|2884|328|0|20|2884|328|2335|314|557|196|2121|253|486|155|185|78|30|34|13|20|100|57|807|251
860Z200US29009|1040|234|852|215|0|14|852|215|705|138|120|78|669|193|147|156|93|43|0|14|0|14|25|28|163|98
860Z200US29010|4464|258|3893|263|6|12|3887|265|3524|276|481|134|3244|288|273|91|308|92|84|68|6|10|8|15|563|204
860Z200US29014|671|172|564|174|0|14|564|174|559|175|85|66|438|165|5|8|66|47|0|14|0|14|0|14|107|52
860Z200US29015|485|109|410|109|0|14|410|109|390|109|126|60|239|89|3|6|100|55|10|13|0|14|16|19|59|37
860Z200US29016|11547|1046|10834|957|16|27|10818|962|10538|963|904|385|9546|994|207|117|1199|395|40|49|9|16|108|78|605|471
860Z200US29018|1386|248|1158|255|0|14|1158|255|1031|254|198|93|889|241|88|69|169|71|26|29|0|14|14|12|214|86
860Z200US29020|9640|506|8407|521|0|26|8407|521|8018|505|1147|276|6728|536|346|132|858|222|43|51|0|26|196|105|1037|240
860Z200US29030|814|178|608|150|1|2|607|150|544|154|151|100|424|108|49|54|80|50|14|21|0|14|13|19|193|121
860Z200US29031|608|174|454|143|0|14|454|143|427|142|158|66|283|126|27|24|25|25|0|14|0|14|45|56|109|66
860Z200US29032|1807|335|1598|303|0|14|1598|303|1220|239|378|131|947|248|239|187|327|195|139|143|0|14|70|91|139|70
860Z200US29033|6310|339|5670|345|0|22|5670|345|5453|348|961|289|4639|343|193|88|182|79|24|29|0|22|236|134|404|177
860Z200US29036|10146|488|9714|500|0|26|9714|500|9261|492|537|162|8903|471|347|116|600|174|79|88|14|22|145|74|287|122
860Z200US29037|383|120|275|110|0|14|275|110|263|110|53|49|179|93|0|14|108|76|12|19|0|14|41|46|67|58
860Z200US29038|1073|210|815|177|0|14|815|177|727|177|172|95|539|170|23|28|132|58|41|34|0|14|37|54|221|120
860Z200US29039|1524|342|1198|340|39|62|1159|338|921|323|493|293|627|203|220|104|83|79|15|23|0|14|22|34|304|164
860Z200US29040|3492|444|3013|467|0|20|3013|467|2871|471|348|155|2665|459|142|97|83|69|0|20|0|20|180|168|299|125
860Z200US29042|1423|188|1061|188|0|14|1061|188|1027|183|445|135|524|161|34|36|150|66|0|14|0|14|38|38|324|118
860Z200US29044|2028|340|1737|345|0|14|1737|345|1655|351|320|186|1000|171|63|45|356|305|12|15|0|14|78|90|213|100
860Z200US29045|11680|598|10989|615|0|30|10989|615|10669|607|1150|266|9362|613|242|88|1266|378|66|53|12|21|244|183|447|205
860Z200US29046|22|35|22|35|0|14|22|35|22|35|22|35|0|14|0|14|0|14|0|14|0|14|0|14|0|14
860Z200US29047|1652|250|1234|229|0|14|1234|229|1032|210|151|64|920|209|129|61|165|63|20|25|6|11|129|81|289|126
860Z200US29048|2051|275|1532|253|38|57|1494|261|1389|250|344|107|1022|213|82|61|292|142|23|29|0|14|42|47|477|184
860Z200US29051|314|107|310|107|0|14|310|107|306|105|82|48|228|97|4|6|6|9|0|14|0|14|4|8|0|14
860Z200US29052|799|225|619|217|0|14|619|217|619|217|190|180|408|128|0|14|196|106|0|14|0|14|0|14|180|108
860Z200US29053|7941|618|7310|545|0|26|7310|545|7041|543|1634|337|5357|530|239|107|572|166|30|30|0|26|86|39|545|259
860Z200US29054|4319|414|3957|409|0|22|3957|409|3520|403|340|157|3558|388|418|147|221|97|0|22|0|22|22|22|340|153
860Z200US29055|1695|184|1278|187|0|14|1278|187|1197|185|300|105|921|167|74|54|92|61|0|14|0|14|59|51|358|115
860Z200US29056|975|196|769|151|7|10|762|153|678|143|308|97|410|118|38|36|61|54|38|47|0|14|105|107|101|46
860Z200US29058|1860|338|1625|330|0|20|1625|330|1450|346|209|111|1375|325|175|114|100|103|0|20|0|20|4|8|231|117
860Z200US29059|2071|263|1427|177|2|4|1425|176|1341|180|241|90|1085|159|62|40|355|102|22|19|0|14|19|19|625|247
860Z200US29061|4773|489|4130|439|0|22|4130|439|3847|420|560|197|3329|422|197|125|668|256|86|121|0|22|151|118|492|226
860Z200US29062|10|18|10|18|0|14|10|18|10|18|0|14|10|18|0|14|0|14|0|14|0|14|0|14|0|14
860Z200US29063|14247|768|13164|737|0|30|13164|737|12591|735|665|241|12142|778|487|120|971|317|75|88|0|30|444|257|639|229
860Z200US29065|296|114|289|112|0|14|289|112|285|112|157|96|97|46|4|7|50|32|0|14|0|14|0|14|7|7
860Z200US29067|3877|325|3189|281|19|27|3170|285|2819|278|465|165|2512|258|324|119|328|94|27|34|0|22|43|28|645|240
860Z200US29069|1899|218|1530|233|0|14|1530|233|1372|225|243|108|1146|209|158|106|178|74|0|14|0|14|61|45|308|127
860Z200US29070|6375|417|5509|423|0|22|5509|423|5070|441|985|280|4272|347|404|122|338|122|30|26|5|8|124|62|742|169
860Z200US29072|25807|721|24705|705|22|35|24683|708|22822|654|1922|380|22472|749|1834|447|1122|305|24|35|3|5|374|137|728|203
860Z200US29073|20011|1010|18807|990|21|23|18786|988|18135|945|2506|456|15657|947|496|165|1002|223|137|122|0|33|326|126|878|219
860Z200US29074|139|67|97|44|0|14|97|44|90|43|8|13|89|44|7|13|0|14|0|14|0|14|0|14|42|57
860Z200US29075|1299|239|1042|213|0|14|1042|213|855|197|77|54|833|182|171|135|138|98|13|21|0|14|17|18|240|161
860Z200US29078|6300|374|5849|382|0|22|5849|382|5508|407|827|211|4841|374|320|131|555|181|14|18|0|22|106|73|345|122
860Z200US29079|51|69|9|15|0|14|9|15|9|15|0|14|9|15|0|14|0|14|0|14|0|14|0|14|42|68
860Z200US29080|1051|168|840|142|0|14|840|142|769|132|114|53|671|121|64|46|99|39|7|9|0|14|7|9|204|78
860Z200US29081|579|122|435|117|0|14|435|117|399|113|145|73|251|90|36|25|73|45|0|14|0|14|22|24|122|66
860Z200US29082|190|57|171|52|0|14|171|52|137|39|40|23|131|49|34|36|8|14|0|14|0|14|0|14|19|26
860Z200US29101|1016|163|814|169|0|14|814|169|674|139|60|43|701|173|140|93|83|58|0|14|0|14|53|52|149|85
860Z200US29102|6907|266|5889|332|0|22|5889|332|5483|344|577|163|5054|321|365|123|508|163|20|42|11|18|128|70|890|210
860Z200US29104|597|136|505|109|29|34|476|106|451|105|11|16|417|104|10|12|59|39|15|24|0|14|3|6|89|63
860Z200US29105|536|145|442|130|0|14|442|130|395|126|77|71|364|128|46|47|10|11|0|14|0|14|31|40|63|48
860Z200US29107|1063|198|858|177|0|14|858|177|841|177|370|137|361|112|10|13|133|65|7|12|0|14|21|16|184|73
860Z200US29108|7525|466|6427|424|10|17|6417|424|5894|445|1415|287|4393|435|271|119|801|238|245|179|0|22|92|61|1006|228
860Z200US29111|513|84|445|86|0|14|445|86|415|90|30|23|386|82|30|22|57|34|0|14|0|14|4|6|64|45
860Z200US29112|1683|231|1297|208|0|14|1297|208|1130|205|303|123|920|168|137|82|105|48|30|30|0|14|11|15|375|168
860Z200US29113|612|143|555|144|0|14|555|144|543|145|164|75|363|135|12|12|27|18|0|14|0|14|0|14|57|36
860Z200US29114|664|160|502|115|2|4|500|116|393|91|70|46|331|98|31|24|136|74|46|47|0|14|38|39|124|74
860Z200US29115|10410|483|8243|557|38|50|8205|554|7276|585|2330|454|5364|542|755|253|489|151|11|11|64|83|277|94|1890|451
860Z200US29117|0|14|0|14|0|14|0|14|0|14|0|14|0|14|0|14|0|14|0|14|0|14|0|14|0|14
860Z200US29118|6146|412|5552|473|0|22|5552|473|5188|475|1031|284|4214|477|264|136|823|224|94|60|0|22|140|107|454|225
860Z200US29122|41|33|23|26|0|14|23|26|22|26|0|14|20|26|1|3|3|4|0|14|0|14|0|14|18|21
860Z200US29123|3000|304|2637|280|0|20|2637|280|2505|277|704|162|1786|250|93|42|247|105|39|34|0|20|41|25|322|190
860Z200US29125|998|223|932|215|0|14|932|215|877|211|152|87|729|197|53|44|83|42|0|14|0|14|14|13|52|35
860Z200US29126|1002|194|780|157|0|14|780|157|729|146|157|100|570|128|47|42|81|54|0|14|0|14|81|119|141|57
860Z200US29127|4136|300|3424|277|0|20|3424|277|3174|271|565|190|2705|246|246|112|373|161|0|20|0|20|138|95|574|201
860Z200US29128|1858|297|1417|254|7|12|1410|256|1354|254|375|185|871|170|56|43|159|68|0|14|0|14|8|13|433|198
860Z200US29129|1663|424|1490|410|9|16|1481|410|1380|399|343|175|835|250|75|59|340|286|26|23|0|14|11|20|162|94
860Z200US29130|3000|325|2200|297|0|20|2200|297|2115|294|217|102|1742|264|54|38|436|180|16|19|0|20|120|74|680|228
860Z200US29133|447|119|347|91|0|14|347|91|330|96|39|23|256|80|7|8|14|13|0|14|0|14|23|19|77|74
860Z200US29135|3579|275|2803|304|21|33|2782|304|2433|308|389|145|2097|284|253|136|647|210|23|27|0|20|154|96|622|188
860Z200US29137|1103|223|936|221|0|14|936|221|880|221|258|127|503|133|47|38|168|100|9|13|0|14|6|6|161|57
860Z200US29138|3808|284|2896|280|0|22|2896|280|2660|275|858|209|1748|269|188|78|356|122|32|42|10|19|141|97|771|198
860Z200US29142|1678|190|1434|190|10|16|1424|189|1257|186|312|95|915|184|128|67|236|79|33|26|0|14|87|67|157|49
860Z200US29145|270|99|206|88|0|14|206|88|201|90|65|44|107|70|0|14|37|44|4|8|0|14|0|14|64|50
860Z200US29146|510|87|430|86|0|14|430|86|368|70|112|49|236|74|42|46|82|45|20|22|0|14|0|14|80|42
860Z200US29148|2430|257|2203|263|18|21|2185|265|2072|273|317|142|1785|233|90|47|99|49|13|15|0|20|60|53|167|70
860Z200US29150|14996|624|12794|663|0|30|12794|663|12275|663|1850|324|10770|655|418|137|354|130|37|45|0|30|256|104|1946|417
860Z200US29152|559|183|536|177|0|14|536|177|524|177|53|50|404|136|12|19|79|117|0|14|0|14|23|33|0|14
860Z200US29153|6053|577|5295|571|0|22|5295|571|4953|545|719|209|4457|536|322|155|170|74|2|4|18|28|71|60|687|280
860Z200US29154|11537|761|10641|754|70|52|10571|754|9919|761|1243|316|9075|693|563|175|497|181|33|48|0|26|169|91|727|227
860Z200US29160|3037|274|2635|252|11|18|2624|251|2487|236|631|143|1679|250|106|67|324|124|31|40|0|20|61|56|341|143
860Z200US29161|4060|445|3081|421|141|175|2940|359|2569|323|673|198|1854|340|231|185|417|147|132|80|8|13|246|125|733|217
860Z200US29162|956|142|772|141|2|3|770|141|733|141|70|44|696|150|37|35|31|23|0|14|0|14|2|5|182|69
860Z200US29163|604|125|353|87|0|14|353|87|309|90|65|59|239|81|13|15|61|51|29|34|0|14|116|80|135|87
860Z200US29164|1808|306|1644|286|0|14|1644|286|1580|281|238|117|1306|270|57|60|134|62|7|12|0|14|0|14|164|96
860Z200US29166|244|85|143|54|0|14|143|54|121|43|48|37|80|42|20|23|8|9|2|5|0|14|9|18|92|54
860Z200US29168|1384|295|1244|261|0|14|1244|261|1178|249|115|81|1053|248|64|54|62|85|0|14|0|14|19|24|121|114
860Z200US29169|10407|459|9061|505|0|26|9061|505|8642|497|1349|335|7356|522|371|124|692|218|13|14|0|26|310|134|1036|335
860Z200US29170|8674|504|8185|520|0|26|8185|520|7814|517|888|184|7064|499|287|110|589|191|69|79|0|26|132|59|357|131
860Z200US29172|3737|392|3442|372|0|20|3442|372|3318|379|529|159|2843|353|124|70|146|89|0|20|0|20|44|40|251|103
860Z200US29175|139|91|118|86|0|14|118|86|118|86|10|17|108|81|0|14|13|20|0|14|0|14|21|34|0|14
860Z200US29177|0|14|0|14|0|14|0|14|0|14|0|14|0|14|0|14|0|14|0|14|0|14|0|14|0|14
860Z200US29178|1351|216|1134|211|0|14|1134|211|1081|212|366|143|727|153|43|30|74|52|10|15|0|14|9|14|208|82
860Z200US29180|5152|389|4337|350|0|22|4337|350|4098|369|681|198|3232|386|212|127|753|216|27|35|0|22|33|31|782|214
860Z200US29201|10410|746|8427|711|0|26|8427|711|7932|728|897|333|7419|643|444|249|408|239|13|15|29|42|1359|350|624|275
860Z200US29203|15776|932|13000|862|64|54|12936|870|12230|858|1620|370|10800|793|677|164|1276|352|2|4|21|24|366|153|2410|435
860Z200US29204|7837|512|6630|512|8|14|6622|512|6316|516|839|255|5473|403|253|84|663|235|38|34|0|22|229|91|978|223
860Z200US29205|10643|662|9695|622|0|26|9695|622|9304|578|770|201|8737|628|377|173|437|145|14|18|0|26|200|91|748|257
860Z200US29206|8552|611|8221|602|9|16|8212|601|7721|591|481|140|7673|588|473|192|342|125|7|11|0|22|106|68|225|134
860Z200US29207|0|20|0|20|0|20|0|20|0|20|0|20|0|20|0|20|0|20|0|20|0|20|0|20|0|20
860Z200US29208|0|14|0|14|0|14|0|14|0|14|0|14|0|14|0|14|0|14|0|14|0|14|0|14|0|14
860Z200US29209|15229|886|14058|843|0|30|14058|843|13471|864|1087|357|12721|759|497|196|1261|339|0|30|30|49|358|220|813|328
860Z200US29210|17341|939|15725|872|0|30|15725|872|15037|906|1664|389|13503|822|588|242|923|323|72|65|0|30|736|290|880|270
860Z200US29212|12643|813|11934|806|10|15|11924|806|11261|810|1152|423|10500|829|619|258|796|165|44|51|0|26|164|80|545|183
860Z200US29223|22597|977|20645|912|10|16|20635|913|19773|959|2610|450|17648|900|791|269|2302|628|4|6|0|33|349|157|1603|348
860Z200US29225|0|14|0|14|0|14|0|14|0|14|0|14|0|14|0|14|0|14|0|14|0|14|0|14|0|14
860Z200US29229|20122|1116|19264|1161|67|74|19197|1169|17972|1060|1307|345|17550|1199|1213|427|1310|476|12|19|0|33|441|215|417|303
860Z200US29301|13670|977|12222|948|0|30|12222|948|11203|888|1715|401|10094|861|981|286|862|254|38|29|0|30|296|125|1152|349
860Z200US29302|7822|623|6905|580|0|22|6905|580|6559|593|981|214|5566|547|308|149|557|217|27|42|0|22|203|118|714|260
860Z200US29303|9448|550|7740|553|27|32|7713|553|6975|528|1223|249|6185|497|719|221|552|170|1|6|0|26|451|151|1257|287
860Z200US29306|6753|531|5538|451|6|10|5532|450|4991|416|394|116|4911|452|511|150|360|114|30|28|0|22|66|46|1149|328
860Z200US29307|8030|494|7121|550|25|30|7096|551|6437|546|982|173|5796|540|616|249|397|147|33|34|0|22|127|72|782|216
860Z200US29316|12551|601|11683|658|5|11|11678|660|10901|687|1490|295|9663|688|680|279|1029|252|55|48|0|30|237|150|631|193
860Z200US29320|181|113|167|120|0|14|167|120|167|120|0|14|167|120|0|14|0|14|0|14|0|14|14|22|0|14
860Z200US29321|1299|229|1100|219|0|14|1100|219|1024|210|392|175|659|141|68|69|48|40|8|12|0|14|83|77|116|77
860Z200US29322|4030|510|3486|482|0|22|3486|482|3024|383|460|120|2549|455|396|262|673|198|47|52|9|15|59|47|485|234
860Z200US29323|5885|396|5310|413|0|22|5310|413|4924|424|952|219|4012|370|375|128|396|139|0|22|0|22|50|32|525|172
860Z200US29324|19|17|12|18|0|14|12|18|12|18|0|14|12|18|0|14|0|14|0|14|0|14|0|14|7|12
860Z200US29325|5274|406|4510|439|0|22|4510|439|4139|404|1100|327|2991|371|241|141|545|160|123|94|0|22|176|107|588|186
860Z200US29329|127|60|127|60|0|14|127|60|116|59|35|36|76|59|11|17|16|26|0|14|0|14|0|14|0|14
860Z200US29330|3541|435|2885|425|0|20|2885|425|2765|419|467|167|2274|414|113|64|296|210|7|12|0|20|80|69|576|272
860Z200US29331|62|54|62|54|0|14|62|54|62|54|52|56|10|17|0|14|0|14|0|14|0|14|0|14|0|14
860Z200US29332|1396|186|1190|198|0|14|1190|198|1070|203|334|167|665|125|94|51|306|101|26|28|0|14|54|42|152|78
860Z200US29333|144|110|144|110|0|14|144|110|144|110|0|14|144|110|0|14|54|82|0|14|0|14|0|14|0|14
860Z200US29334|7226|576|6683|571|0|22|6683|571|6300|570|768|246|5764|556|331|192|312|128|41|58|0|22|54|55|489|209
860Z200US29335|1951|388|1415|196|11|18|1404|198|1321|200|279|99|951|176|52|38|132|72|31|30|0|20|32|33|504|336
860Z200US29338|51|77|0|14|0|14|0|14|0|14|0|14|0|14|0|14|0|14|0|14|0|14|0|14|51|77
860Z200US29340|8131|503|6358|454|0|26|6358|454|6074|438|1312|302|4674|432|206|102|513|110|53|39|0|26|257|129|1516|387
860Z200US29341|7869|504|6864|484|15|22|6849|494|6290|505|841|232|5796|468|526|167|604|206|0|26|21|25|132|101|873|266
860Z200US29346|71|43|45|30|0|14|45|30|39|29|0|14|45|30|6|9|0|14|0|14|0|14|0|14|26|31
860Z200US29349|14427|825|13373|859|23|37|13350|864|12583|829|1848|336|10815|844|731|287|1056|368|0|30|17|23|151|91|903|251
860Z200US29351|665|123|559|122|0|14|559|122|491|123|66|44|468|128|68|67|25|33|0|14|0|14|0|14|106|62
860Z200US29353|1559|222|1296|224|4|8|1292|224|1237|221|472|116|617|172|38|34|195|96|17|24|0|14|5|8|258|99
860Z200US29355|364|96|329|96|0|14|329|96|278|83|117|60|197|78|51|59|18|17|0|14|0|14|0|14|35|27
860Z200US29356|3899|382|2978|280|0|20|2978|280|2737|251|504|136|2176|240|111|44|410|134|51|64|11|17|114|72|807|274
860Z200US29360|8660|543|7395|522|9|14|7386|522|6984|545|1564|360|5606|491|381|168|501|153|13|21|0|26|134|90|1131|320
860Z200US29364|275|114|220|105|0|14|220|105|214|105|34|18|183|101|6|9|3|5|0|14|0|14|0|14|55|39
860Z200US29365|4958|409|4726|413|0|22|4726|413|4405|408|784|230|3815|387|312|188|166|95|9|23|0|22|89|60|143|79
860Z200US29368|141|125|141|125|0|14|141|125|62|84|0|14|141|125|79|104|0|14|0|14|0|14|0|14|0|14
860Z200US29369|6537|448|6104|449|16|18|6088|446|5765|440|573|156|5369|443|311|198|357|145|12|20|0|22|115|96|318|148
860Z200US29370|265|111|215|94|0|14|215|94|201|94|98|78|101|55|14|16|11|19|0|14|0|14|0|14|50|53
860Z200US29372|1710|230|1346|229|12|13|1334|230|1304|229|448|191|798|146|30|23|51|32|0|14|0|14|18|16|346|130
860Z200US29373|102|44|76|50|0|14|76|50|51|39|0|14|76|50|25|38|0|14|0|14|0|14|7|10|19|32
860Z200US29374|1126|160|956|165|0|14|956|165|928|163|224|101|596|117|23|32|150|68|5|8|0|14|41|39|129|64
860Z200US29375|62|47|49|41|0|14|49|41|49|41|0|14|49|41|0|14|0|14|0|14|0|14|0|14|13|21
860Z200US29376|3296|354|3098|358|0|20|3098|358|2901|346|604|165|2227|341|149|100|282|134|15|23|6|12|49|37|149|93
860Z200US29377|205|98|195|100|0|14|195|100|136|118|0|14|195|100|59|77|0|14|0|14|0|14|0|14|10|17
860Z200US29378|163|95|107|85|0|14|107|85|100|86|0|14|107|85|7|12|20|31|0|14|0|14|0|14|56|63
860Z200US29379|7786|337|6467|377|0|22|6467|377|5726|372|1465|218|4654|363|725|208|453|130|16|17|0|22|144|74|1175|206
860Z200US29384|1618|231|1380|223|0|14|1380|223|1308|226|295|142|1031|194|64|53|104|56|8|13|0|14|24|24|214|116
860Z200US29385|3109|319|2707|311|0|20|2707|311|2566|301|447|248|2124|295|137|71|354|179|0|20|4|6|9|14|393|178
860Z200US29388|6716|688|5810|529|0|22|5810|529|5590|535|1498|430|3826|459|189|95|506|153|8|13|10|13|95|87|811|379
860Z200US29401|4186|315|4002|325|0|20|4002|325|3920|318|391|132|3483|341|76|42|301|135|0|20|0|20|114|68|70|51
860Z200US29403|10862|655|9452|578|19|21|9433|578|9172|576|1066|303|8218|528|253|102|472|140|0|26|0|26|255|116|1155|382
860Z200US29404|592|127|573|125|0|14|573|125|527|117|105|98|427|101|12|22|51|57|34|52|0|14|7|10|12|21
860Z200US29405|11639|740|9365|669|37|47|9328|668|8716|665|1635|327|7327|632|387|127|723|202|118|65|17|17|923|440|1351|244
860Z200US29406|12979|756|11577|710|0|30|11577|710|11081|690|2752|566|8378|787|382|163|760|281|54|64|21|34|297|200|1105|429
860Z200US29407|16920|885|15522|879|10|17|15512|876|15040|854|2457|664|12740|865|453|160|876|353|8|12|0|30|336|151|1062|324
860Z200US29409|7|12|7|12|0|14|7|12|7|12|0|14|7|12|0|14|0|14|0|14|0|14|0|14|0|14
860Z200US29410|8009|425|7312|547|0|26|7312|547|7030|526|867|218|6344|473|282|121|420|170|0|26|0|26|106|71|591|296
860Z200US29412|16758|798|15320|790|0|30|15320|790|14738|808|1678|379|13179|805|549|213|883|304|16|26|0|30|586|242|852|308
860Z200US29414|19322|856|18697|847|30|38|18667|845|18069|879|1472|304|16882|834|528|191|732|261|15|26|26|41|291|194|334|146
860Z200US29418|11134|944|10069|948|14|23|10055|944|9581|873|1908|501|8038|902|370|226|567|193|0|26|0|26|333|187|732|423
860Z200US29420|9515|666|9120|642|0|26|9120|642|8347|640|1451|404|7241|727|773|405|990|376|0|26|0|26|173|130|222|154
860Z200US29424|65|85|65|85|0|14|65|85|65|85|0|14|65|85|0|14|0|14|0|14|0|14|0|14|0|14
860Z200US29425|0|14|0|14|0|14|0|14|0|14|0|14|0|14|0|14|0|14|0|14|0|14|0|14|0|14
860Z200US29426|742|196|586|178|0|14|586|178|547|173|138|87|201|110|34|51|267|166|5|8|0|14|43|63|113|69
860Z200US29429|1733|297|1524|275|0|14|1524|275|1412|273|234|152|1147|238|66|41|215|86|43|45|0|14|64|76|145|99
860Z200US29431|2784|372|2197|244|0|20|2197|244|2042|250|377|173|1692|232|142|97|119|71|13|21|0|20|176|188|411|187
860Z200US29432|1017|209|826|187|0|14|826|187|704|183|210|130|503|113|122|61|136|72|0|14|0|14|34|34|157|77
860Z200US29434|263|168|133|69|0|14|133|69|127|69|0|14|133|69|6|11|30|35|0|14|0|14|19|29|111|151
860Z200US29435|1725|217|1522|207|25|26|1497|208|1388|214|269|83|1186|213|105|52|71|37|0|14|2|3|19|20|184|102
860Z200US29436|1758|400|1277|211|28|34|1249|208|1207|208|190|97|848|174|25|25|253|110|17|19|0|14|32|41|449|353
860Z200US29437|861|180|708|170|7|11|701|168|689|168|105|51|499|166|0|14|209|92|0|14|0|14|6|9|147|61
860Z200US29438|1501|149|1346|140|3|4|1343|140|1224|136|274|77|954|128|102|71|160|44|17|17|0|14|24|23|131|75
860Z200US29439|531|129|528|128|21|34|507|135|507|135|14|20|481|133|0|14|0|14|0|14|0|14|0|14|3|6
860Z200US29440|10837|582|8960|588|10|16|8950|585|8573|578|1213|282|6995|530|290|109|891|220|67|41|6|9|456|198|1421|296
860Z200US29445|22138|707|20584|680|0|33|20584|680|19056|702|2526|517|17735|768|1323|324|1408|359|68|86|0|33|592|204|962|306
860Z200US29446|471|167|276|114|0|14|276|114|258|108|0|14|229|88|18|28|20|18|0|14|0|14|0|14|195|136
860Z200US29448|844|173|721|179|0|14|721|179|701|177|265|130|430|119|11|10|115|78|9|14|0|14|11|11|112|66
860Z200US29449|3220|350|2723|309|1|3|2722|309|2550|295|459|166|1797|276|108|86|606|195|64|68|0|20|4|7|493|210
860Z200US29450|1298|142|986|150|5|8|981|149|960|153|154|112|725|161|21|24|140|74|0|14|0|14|0|14|312|134
860Z200US29451|2043|149|1878|181|0|14|1878|181|1710|179|213|80|1586|197|168|78|143|103|0|14|0|14|112|109|53|46
860Z200US29452|119|61|81|38|0|14|81|38|73|39|39|25|25|26|8|12|17|20|0|14|0|14|0|14|38|49
860Z200US29453|677|233|453|154|0|14|453|154|424|147|109|83|327|142|29|33|15|23|0|14|0|14|27|38|197|227
860Z200US29455|12249|776|11671|786|0|26|11671|786|11302|766|998|373|10224|756|317|207|968|274|0|26|47|76|198|105|380|163
860Z200US29456|15666|922|14317|805|0|30|14317|805|13634|854|1695|427|12126|690|635|248|1176|387|16|25|21|35|531|410|818|350
860Z200US29458|925|148|775|144|0|14|775|144|763|142|120|62|541|131|11|11|131|62|0|14|0|14|12|11|138|83
860Z200US29461|15859|737|13894|695|68|86|13826|701|13207|685|1533|409|11851|713|596|178|965|258|11|21|0|30|307|143|1658|402
860Z200US29464|23963|1134|18990|928|84|106|18906|939|18140|943|1623|370|16586|999|627|213|1782|372|79|92|0|33|3987|1148|986|393
860Z200US29466|17281|1093|15176|697|0|30|15176|697|14134|689|865|243|13828|772|805|320|1119|349|183|163|0|30|1492|732|613|381
860Z200US29468|852|244|725|229|0|14|725|229|686|226|209|170|482|161|39|33|80|63|0|14|0|14|0|14|127|71
860Z200US29469|292|149|292|149|0|14|292|149|279|147|29|55|263|141|13|20|0|14|0|14|0|14|0|14|0|14
860Z200US29470|2089|350|2017|345|0|20|2017|345|1776|318|300|162|1431|290|234|200|410|258|0|20|0|20|34|38|38|37
860Z200US29471|516|153|393|156|0|14|393|156|358|145|80|55|170|81|9|13|203|116|26|37|0|14|2|4|121|78
860Z200US29472|3917|475|3284|417|20|20|3264|416|3098|414|353|161|2698|411|122|86|692|261|23|18|16|29|30|24|603|220
860Z200US29474|783|189|604|169|0|14|604|169|539|172|94|70|442|121|65|45|91|84|0|14|0|14|23|37|156|101
860Z200US29475|1069|260|684|186|0|14|684|186|553|165|121|90|547|165|131|108|28|32|0|14|0|14|57|62|328|203
860Z200US29477|2987|318|2126|344|0|20|2126|344|2099|345|288|118|1667|340|10|13|798|295|17|15|0|20|67|59|794|255
860Z200US29479|2171|298|1480|202|0|20|1480|202|1347|206|308|135|1021|181|95|57|232|130|0|20|26|27|285|223|406|136
860Z200US29481|706|167|563|172|4|5|559|173|517|177|68|56|470|164|40|43|33|22|0|14|0|14|39|42|104|59
860Z200US29482|798|114|756|109|4|6|752|110|658|112|143|97|540|64|36|26|105|43|45|38|0|14|39|31|3|4
860Z200US29483|22195|987|20624|930|70|101|20554|928|19852|966|2336|494|17679|904|640|243|1174|323|5|9|0|33|541|220|1030|400
860Z200US29485|22107|1063|20844|1148|0|33|20844|1148|19666|1076|2103|495|18257|1315|1054|357|1393|447|25|34|0|33|423|189|840|381
860Z200US29486|20146|945|19183|965|50|49|19133|960|18460|977|1874|417|16743|1012|529|187|1167|334|114|93|3|6|308|175|655|267
860Z200US29487|1059|148|969|136|0|14|969|136|891|134|104|64|778|135|70|58|131|64|8|15|0|14|34|40|56|51
860Z200US29488|9136|461|8085|492|7|15|8078|491|6882|484|987|279|6716|438|919|266|779|194|22|25|145|116|263|137|788|234
860Z200US29492|9468|568|8404|617|15|25|8389|614|8198|609|758|227|7475|575|191|143|643|261|0|26|0|26|906|429|158|104
860Z200US29493|70|29|62|29|0|14|62|29|62|29|18|21|44|24|0|14|0|14|0|14|0|14|0|14|8|7
860Z200US29501|18977|747|16691|761|0|30|16691|761|14651|782|2362|466|13461|794|1874|491|1481|320|140|91|0|30|612|246|1674|323
860Z200US29505|9712|595|8546|563|8|13|8538|562|7153|544|1120|366|6621|553|1043|359|1126|259|300|162|0|26|325|188|841|294
860Z200US29506|7233|519|5831|456|10|16|5821|458|5222|440|1343|339|4077|498|558|178|610|199|41|42|0|26|366|223|1036|281
860Z200US29510|3904|382|3019|330|7|12|3012|330|2862|328|413|135|2383|292|131|56|269|102|13|15|0|22|199|108|686|277
860Z200US29511|2437|377|2125|309|0|20|2125|309|2068|308|285|99|1794|319|52|48|115|75|5|10|0|20|32|35|280|250
860Z200US29512|6377|355|4642|355|0|22|4642|355|4015|335|1290|275|2950|323|329|109|990|214|205|157|5|7|380|147|1355|227
860Z200US29516|260|74|181|58|0|14|181|58|174|58|62|37|88|54|7|9|31|29|0|14|0|14|14|17|65|43
860Z200US29518|482|158|406|150|0|14|406|150|384|147|160|105|246|122|22|28|0|14|0|14|0|14|13|21|63|50
860Z200US29519|77|57|39|24|0|14|39|24|27|22|12|14|19|17|12|15|8|12|0|14|0|14|0|14|38|48
860Z200US29520|5526|350|4633|367|0|22|4633|367|3995|365|728|198|3633|305|600|198|478|150|22|24|0|22|147|98|746|282
860Z200US29525|755|135|491|135|0|14|491|135|445|135|201|103|240|88|25|28|129|64|21|33|0|14|0|14|264|98
860Z200US29526|19432|764|18094|800|48|44|18046|798|16882|813|2074|341|15440|791|1086|329|959|244|57|48|0|33|367|142|971|376
860Z200US29527|10856|650|9793|655|0|26|9793|655|8693|626|1382|451|8111|652|1038|245|307|104|26|33|0|26|321|138|742|237
860Z200US29530|930|151|785|142|0|14|785|142|721|131|96|65|585|114|6|10|134|86|58|61|0|14|9|14|136|76
860Z200US29532|8229|492|5803|438|0|22|5803|438|4979|432|1019|216|4387|377|622|242|573|141|178|93|0|22|387|192|2039|356
860Z200US29536|5736|367|4373|374|16|26|4357|371|4053|367|1797|321|2070|309|174|108|725|209|107|69|0|22|178|118|1185|319
860Z200US29540|1719|247|1173|245|0|14|1173|245|990|201|234|109|845|237|183|165|190|73|0|14|0|14|97|83|449|139
860Z200US29541|3593|373|2836|345|0|20|2836|345|2474|342|530|192|1739|273|148|98|606|198|214|155|0|20|131|81|626|255
860Z200US29543|162|85|134|75|0|14|134|75|88|64|57|53|68|58|46|51|0|14|0|14|0|14|0|14|28|38
860Z200US29544|3009|397|2750|392|0|20|2750|392|2483|373|356|140|2189|353|110|61|199|151|147|138|10|14|24|24|235|114
860Z200US29545|662|155|509|169|0|14|509|169|450|170|37|36|437|170|24|26|41|64|35|61|0|14|83|76|70|67
860Z200US29546|1123|171|893|171|0|14|893|171|710|163|370|137|287|114|6|11|249|108|156|90|21|28|46|50|184|96
860Z200US29547|1118|226|718|181|0|14|718|181|624|165|301|129|324|111|68|59|113|57|25|34|0|14|94|75|306|133
860Z200US29550|11974|481|10070|491|0|26|10070|491|8756|505|1470|324|8193|456|1223|275|643|176|64|94|18|22|153|95|1751|380
860Z200US29554|3470|322|2550|293|11|18|2539|296|2404|292|727|180|1482|254|108|89|476|166|24|27|0|20|143|85|777|210
860Z200US29555|2101|220|1694|193|0|20|1694|193|1390|224|343|151|993|161|39|30|463|187|179|116|0|20|48|36|359|166
860Z200US29556|4549|313|3460|306|0|22|3460|306|2912|300|1259|298|2102|242|504|167|213|101|22|24|0|22|169|94|920|228
860Z200US29560|5164|490|4120|451|4|7|4116|449|3226|420|1048|296|2310|346|381|206|829|244|493|225|0|22|415|165|629|243
860Z200US29563|927|157|551|134|0|14|551|134|485|135|197|79|288|101|40|30|141|84|26|36|0|14|74|81|302|105
860Z200US29564|488|108|373|108|0|14|373|108|347|107|118|63|207|73|23|18|56|60|3|5|0|14|36|38|79|39
860Z200US29565|2524|300|1657|270|0|20|1657|270|1484|276|630|197|813|161|147|81|321|139|11|16|0|20|225|129|642|194
860Z200US29566|10858|690|10135|683|7|13|10128|683|9663|661|1313|337|8658|687|428|143|359|146|22|24|0|26|409|164|314|141
860Z200US29567|207|62|81|24|0|14|81|24|66|23|39|14|25|16|5|8|26|16|10|10|0|14|8|11|118|54
860Z200US29568|7373|696|6985|723|0|22|6985|723|6635|716|1140|343|5623|688|337|108|200|130|13|21|0|22|72|50|316|178
860Z200US29569|7096|528|5822|542|0|22|5822|542|5394|562|1133|291|4279|460|385|141|411|168|32|37|11|20|295|140|979|283
860Z200US29570|1529|193|962|134|0|14|962|134|824|120|310|102|391|113|69|48|326|115|68|44|0|14|63|47|504|164
860Z200US29571|5542|432|3938|421|0|22|3938|421|3021|386|1210|277|2184|313|543|180|634|255|374|217|0|22|457|217|1147|338
860Z200US29572|5935|459|5479|459|2|4|5477|459|5267|477|758|181|4664|419|210|84|207|83|0|22|0|22|349|115|107|64
860Z200US29574|4262|380|2895|294|0|20|2895|294|2498|284|1229|263|1159|219|220|118|543|200|166|152|0|20|461|156|906|284
860Z200US29575|9265|496|8323|520|14|23|8309|519|7775|489|666|173|7379|503|473|178|372|141|24|36|11|17|531|153|411|215
860Z200US29576|16828|860|15704|915|24|28|15680|914|14668|866|1504|341|13742|966|965|305|664|203|31|29|10|18|386|141|738|256
860Z200US29577|16080|757|14855|746|0|30|14855|746|14243|714|2301|400|12162|760|550|170|783|293|38|43|9|15|523|186|702|280
860Z200US29579|22176|878|21308|913|17|26|21291|915|20324|885|1679|381|19190|850|914|266|994|269|37|34|0|33|598|219|270|115
860Z200US29580|485|134|384|118|8|13|376|119|279|122|49|49|295|117|82|61|66|46|13|18|2|7|15|25|86|62
860Z200US29581|1794|239|1427|214|11|17|1416|214|1250|187|388|132|935|159|69|52|183|141|82|126|0|14|73|100|294|143
860Z200US29582|10068|502|9463|471|0|26|9463|471|8960|472|1469|364|7867|547|500|148|306|84|0|26|0|26|436|153|169|87
860Z200US29583|1759|275|1147|201|26|24|1121|195|971|196|332|123|506|116|27|23|314|137|112|95|0|14|155|94|457|188
860Z200US29584|1139|222|942|225|0|14|942|225|698|118|110|54|812|212|241|180|90|67|1|2|2|4|17|15|180|75
860Z200US29585|7826|464|7285|440|9|14|7276|439|6859|430|711|198|6495|449|397|130|315|180|0|22|0|22|234|116|307|192
860Z200US29588|20524|1001|19310|1062|46|53|19264|1061|17802|1023|2322|462|16545|1001|1345|411|994|404|0|33|0|33|311|163|903|330
860Z200US29589|65|72|65|72|0|14|65|72|65|72|65|72|0|14|0|14|0|14|0|14|0|14|0|14|0|14
860Z200US29590|1017|213|826|188|0|14|826|188|715|181|206|116|547|171|94|74|155|92|0|14|0|14|73|76|118|71
860Z200US29591|1700|218|1500|203|0|14|1500|203|1241|184|310|122|1004|193|121|80|306|116|110|77|0|14|21|19|179|111
860Z200US29592|503|146|283|101|0|14|283|101|270|102|96|54|128|61|11|19|113|77|2|3|0|14|0|14|220|96
860Z200US29593|681|184|511|157|3|5|508|156|327|102|78|34|371|160|181|142|59|43|0|14|0|14|6|11|164|89
860Z200US29594|26|18|21|14|0|14|21|14|21|14|7|10|14|10|0|14|3|7|0|14|0|14|0|14|5|9
860Z200US29596|791|202|606|138|0|14|606|138|487|115|94|57|407|128|110|91|152|75|9|15|0|14|0|14|185|151
860Z200US29601|7488|519|6599|471|16|20|6583|472|6265|449|684|211|5767|470|314|128|280|136|0|22|0|22|181|87|708|250
860Z200US29605|15948|817|14574|826|13|20|14561|825|13538|862|1856|372|12079|740|921|274|868|294|32|38|0|30|301|137|1073|267
860Z200US29607|21006|908|19375|861|0|30|19375|861|18028|913|2178|399|16568|860|1193|314|1141|273|74|64|0|30|634|261|997|284
860Z200US29609|13878|769|12421|724|10|15|12411|722|11471|764|1613|337|10375|666|788|224|839|233|37|43|0|30|323|157|1134|340
860Z200US29611|12685|906|11097|859|12|20|11085|859|10363|871|1378|234|9026|847|696|232|757|220|26|31|0|30|202|100|1386|367
860Z200US29613|0|14|0|14|0|14|0|14|0|14|0|14|0|14|0|14|0|14|0|14|0|14|0|14|0|14
860Z200US29614|0|14|0|14|0|14|0|14|0|14|0|14|0|14|0|14|0|14|0|14|0|14|0|14|0|14
860Z200US29615|18152|837|17054|739|9|15|17045|742|15616|738|1717|405|15073|812|1346|325|893|223|0|30|5|8|304|184|794|316
860Z200US29617|11231|570|10227|567|0|26|10227|567|9283|600|1246|253|8129|552|805|205|1152|330|128|105|0|26|282|127|722|221
860Z200US29620|4844|368|4170|355|0|22|4170|355|3765|355|683|188|3364|362|315|175|223|119|73|70|0|22|86|70|588|184
860Z200US29621|18241|623|16821|575|9|15|16812|577|15381|550|2709|550|13428|592|1312|292|1277|261|86|82|0|30|326|137|1094|350
860Z200US29624|5925|466|4706|498|0|22|4706|498|4064|440|975|291|3269|416|499|222|612|243|44|59|0|22|302|129|917|233
860Z200US29625|12517|663|10971|603|0|26|10971|603|9802|542|1489|318|8987|655|946|313|777|201|58|68|115|125|451|177|1095|371
860Z200US29626|5654|521|4629|448|0|22|4629|448|4187|438|523|196|3769|393|423|175|645|272|19|24|0|22|439|268|586|213
860Z200US29627|6882|471|5939|456|0|22|5939|456|5464|448|1331|286|4219|385|371|174|709|226|104|78|0|22|168|96|775|192
860Z200US29628|1162|202|839|174|0|14|839|174|775|172|140|72|689|174|56|31|62|44|0|14|0|14|15|20|308|119
860Z200US29630|6973|542|5957|531|0|22|5957|531|5457|517|620|194|4965|483|341|175|436|160|98|83|9|15|455|239|561|197
860Z200US29631|6556|415|5945|402|22|35|5923|401|5586|400|828|256|4828|383|324|166|435|215|0|22|2|31|455|173|156|134
860Z200US29634|25|34|0|20|0|20|0|20|0|20|0|20|0|20|0|20|0|20|0|20|0|20|25|34|0|20
860Z200US29635|470|102|420|100|0|14|420|100|358|94|106|52|267|93|52|52|80|50|10|12|0|14|0|14|50|40
860Z200US29638|1362|224|1003|197|22|33|981|194|948|189|147|76|802|177|24|19|100|69|8|13|0|14|94|55|265|133
860Z200US29639|476|139|426|136|0|14|426|136|419|136|103|96|323|98|7|11|46|38|0|14|0|14|14|16|36|22
860Z200US29640|13071|651|11656|611|36|36|11620|613|10745|638|1435|275|9604|638|709|212|1068|240|18|19|21|41|170|76|1245|271
860Z200US29642|14852|814|13045|628|0|30|13045|628|12320|613|1359|358|11227|603|608|191|978|233|38|47|0|30|114|61|1693|650
860Z200US29643|1208|265|1107|245|0|14|1107|245|1035|235|310|163|591|150|55|57|247|107|17|28|0|14|0|14|101|93
860Z200US29644|8926|607|8364|561|5|10|8359|562|7933|565|1559|455|6457|418|418|162|536|180|8|11|0|26|153|110|409|166
860Z200US29645|4367|366|3815|372|3|5|3812|372|3609|376|616|169|3108|375|196|123|123|90|0|22|0|22|113|69|439|142
860Z200US29646|10875|575|8996|557|8|15|8988|558|8309|565|1098|250|7703|585|559|151|607|183|30|32|12|19|504|268|1375|269
860Z200US29649|10830|591|9494|617|0|26|9494|617|9116|613|1152|339|8194|658|358|132|703|231|9|14|0|26|465|214|871|229
860Z200US29650|16469|676|15788|690|0|30|15788|690|14667|683|1290|341|14210|694|1099|323|815|271|0|30|0|30|408|190|273|120
860Z200US29651|21197|931|19304|937|35|40|19269|932|17867|941|2139|434|16480|835|1184|320|1520|386|44|37|13|22|317|173|1576|394
860Z200US29653|1782|231|1571|215|0|14|1571|215|1461|211|433|130|980|174|98|59|128|66|12|17|0|14|6|11|205|104
860Z200US29654|3974|328|3320|330|27|32|3293|326|3075|329|743|166|2209|274|196|132|493|142|22|23|0|22|36|45|618|195
860Z200US29655|2987|361|2493|315|0|20|2493|315|2242|281|410|170|1950|287|194|131|168|88|0|20|0|20|92|54|402|201
860Z200US29657|6207|447|5521|500|14|22|5507|501|5073|512|745|181|4331|472|394|145|557|160|25|42|4|6|143|98|543|195
860Z200US29658|107|78|87|72|0|14|87|72|36|46|21|39|11|17|11|17|40|55|40|55|0|14|20|31|0|14
860Z200US29659|90|57|69|45|0|14|69|45|69|45|9|10|60|45|0|14|11|13|0|14|0|14|0|14|21|25
860Z200US29661|2881|347|2400|358|0|20|2400|358|2120|370|556|179|1673|366|259|143|218|83|21|21|0|20|22|26|459|197
860Z200US29662|6695|602|6236|569|50|74|6186|570|5906|592|416|185|5519|545|266|124|566|181|0|22|0|22|110|113|349|147
860Z200US29664|701|211|600|194|0|14|600|194|495|175|153|93|363|150|32|29|83|81|56|77|0|14|68|92|33|35
860Z200US29665|226|139|126|107|0|14|126|107|68|86|0|14|126|107|58|88|0|14|0|14|0|14|57|74|43|68
860Z200US29666|2848|295|2447|266|5|9|2442|267|2318|259|399|128|1927|250|96|82|249|137|15|15|3|6|127|86|274|102
860Z200US29667|86|33|77|34|0|14|77|34|77|34|5|5|70|34|0|14|2|4|0|14|0|14|0|14|9|7
860Z200US29669|5811|567|5065|489|0|22|5065|489|4548|419|881|204|3865|473|415|174|608|167|60|78|0|22|144|74|602|391
860Z200US29670|4607|361|4385|358|0|22|4385|358|4180|351|522|194|3570|393|168|88|574|215|37|43|0|22|47|50|175|80
860Z200US29671|7424|505|6599|501|0|22|6599|501|5979|504|1177|219|4924|483|548|222|505|140|52|42|10|18|156|90|669|171
860Z200US29672|5539|436|5091|388|0|22|5091|388|4787|391|504|167|4373|393|291|124|629|179|0|22|0|22|44|41|404|193
860Z200US29673|11988|774|11206|783|0|30|11206|783|10270|798|1467|373|9343|810|694|251|552|189|129|100|60|99|206|136|576|282
860Z200US29676|2815|358|2500|347|0|20|2500|347|2376|346|321|123|1883|342|87|38|281|102|37|29|0|20|45|47|270|114
860Z200US29678|10394|536|8650|539|0|26|8650|539|8126|551|1504|412|6686|572|428|181|980|267|87|66|0|26|782|256|962|215
860Z200US29680|13619|592|12784|568|5|7|12779|569|11747|567|804|208|11692|611|705|256|920|302|5|7|10|23|445|163|390|136
860Z200US29681|24626|974|23304|1013|0|33|23304|1013|22190|973|2418|521|20289|1115|1022|254|1084|285|79|62|0|33|232|123|1090|363
860Z200US29682|1573|261|1286|194|0|14|1286|194|1199|197|254|117|997|173|81|44|159|72|0|14|0|14|10|16|277|239
860Z200US29683|87|76|79|74|0|14|79|74|79|74|6|12|73|73|0|14|0|14|0|14|0|14|0|14|8|13
860Z200US29684|2206|421|1903|398|0|20|1903|398|1732|389|279|150|1601|424|107|59|81|83|12|20|0|20|65|73|238|123
860Z200US29685|856|169|828|170|0|14|828|170|746|163|169|88|563|148|22|31|90|56|51|49|0|14|0|14|28|27
860Z200US29686|387|119|359|115|0|14|359|115|331|115|119|58|187|95|24|25|42|39|4|7|0|14|0|14|28|33
860Z200US29687|17557|685|16522|674|26|28|16496|674|15330|694|2123|381|13828|630|918|279|955|192|119|119|20|31|301|105|734|202
860Z200US29689|1859|310|1527|237|0|14|1527|237|1439|236|254|136|1143|196|82|57|159|90|0|14|0|14|3|5|329|220
860Z200US29690|9630|644|8727|590|30|45|8697|594|8090|522|1222|263|7208|612|393|130|640|289|11|17|0|26|142|83|761|235
860Z200US29691|4907|444|3817|391|14|22|3803|390|3522|407|982|237|2628|338|219|104|324|152|39|42|0|22|203|106|887|336
860Z200US29692|2101|395|1627|337|0|20|1627|337|1528|343|422|234|1126|228|87|55|120|47|9|14|0|20|70|43|404|191
860Z200US29693|6318|442|5276|409|11|17|5265|410|5000|402|1449|308|2969|357|177|80|915|218|68|65|20|24|145|102|897|242
860Z200US29696|2017|306|1789|298|2|3|1787|299|1740|294|512|179|1126|252|33|19|152|96|0|20|12|20|98|97|130|61
860Z200US29697|5653|697|4977|599|0|22|4977|599|4459|585|868|465|3887|372|497|191|250|122|21|25|0|22|97|55|579|383
860Z200US29702|3697|269|2587|345|0|20|2587|345|2400|348|860|203|1382|242|105|80|361|123|20|23|0|20|117|80|993|270
860Z200US29704|1251|240|1088|246|0|14|1088|246|1088|246|205|114|875|218|0|14|104|88|0|14|0|14|0|14|163|150
860Z200US29706|7881|385|6629|370|19|22|6610|370|6059|376|1409|321|4783|401|460|153|832|244|85|68|0|22|200|95|1052|234
860Z200US29707|14931|796|14634|796|0|30|14634|796|13982|769|1210|370|13263|739|608|311|466|209|28|45|0|30|98|75|199|127
860Z200US29708|16054|655|15282|697|0|30|15282|697|14653|724|1379|405|13764|773|629|306|501|175|0|30|0|30|392|313|380|170
860Z200US29709|2442|250|2146|256|16|26|2130|258|1882|218|178|85|1848|271|248|163|122|77|0|20|0|20|22|23|274|110
860Z200US29710|15317|617|14475|663|6|11|14469|661|14014|650|1902|350|12219|624|378|135|1152|250|13|23|0|30|193|110|649|261
860Z200US29712|849|191|821|193|0|14|821|193|787|189|98|69|723|191|34|41|22|34|0|14|0|14|0|14|28|33
860Z200US29714|1127|194|938|162|0|14|938|162|889|163|237|116|648|127|37|27|42|39|12|15|0|14|71|79|118|61
860Z200US29715|17354|559|16637|589|13|22|16624|586|16042|588|1099|290|15201|657|520|177|537|189|62|94|0|30|385|216|332|154
860Z200US29717|608|144|531|136|0|14|531|136|488|136|80|48|284|93|34|23|201|115|9|13|0|14|0|14|77|45
860Z200US29718|1597|217|1434|198|6|10|1428|199|1215|146|139|77|1221|201|213|173|94|61|0|14|0|14|50|48|113|89
860Z200US29720|20644|870|17593|791|62|55|17531|793|15926|823|1951|311|14943|787|1482|341|973|256|37|43|0|33|570|161|2481|434
860Z200US29724|0|14|0|14|0|14|0|14|0|14|0|14|0|14|0|14|0|14|0|14|0|14|0|14|0|14
860Z200US29726|720|141|656|145|2|3|654|144|625|141|163|81|300|88|11|11|160|113|0|14|0|14|1|2|63|32
860Z200US29727|891|230|727|206|0|14|727|206|529|146|87|86|614|183|198|147|71|51|0|14|0|14|12|18|152|79
860Z200US29728|3635|267|2802|258|0|20|2802|258|2381|243|568|163|2196|289|353|171|168|81|0|20|0|20|133|118|700|154
860Z200US29729|831|202|671|182|2|3|669|182|654|183|227|151|319|82|6|9|95|60|7|10|1|2|35|30|125|78
860Z200US29730|24375|841|22127|886|13|19|22114|886|20945|897|2648|454|18859|874|1030|207|1164|214|24|24|26|28|553|173|1695|322
860Z200US29732|23655|799|22230|775|8|13|22222|775|21295|752|2954|588|18850|803|831|217|936|202|67|67|0|33|431|199|994|244
860Z200US29733|0|14|0|14|0|14|0|14|0|14|0|14|0|14|0|14|0|14|0|14|0|14|0|14|0|14
860Z200US29741|650|143|532|120|0|14|532|120|414|97|100|63|422|115|118|74|16|17|0|14|0|14|9|16|109|76
860Z200US29742|1005|182|797|157|10|13|787|158|708|157|311|124|370|116|49|38|133|61|30|26|0|14|1|2|207|136
860Z200US29743|694|243|658|247|0|14|658|247|649|248|406|243|194|64|9|13|62|44|0|14|0|14|0|14|36|31
860Z200US29745|13007|673|11683|643|0|30|11683|643|11109|638|1680|349|9413|692|532|167|1227|271|29|33|0|30|493|254|831|274
860Z200US29801|11792|751|10507|673|8|14|10499|674|9642|658|1536|396|8557|701|705|191|868|276|64|59|0|30|175|99|1110|355
860Z200US29803|17062|776|16237|777|19|31|16218|774|15039|810|1425|284|14019|787|1106|333|1185|309|9|14|26|41|243|142|582|180
860Z200US29805|1945|285|1639|302|0|14|1639|302|1510|286|251|109|1152|229|47|59|288|158|58|91|0|14|72|69|234|153
860Z200US29809|856|158|779|154|0|14|779|154|711|151|81|48|647|153|68|46|60|44|0|14|0|14|0|14|77|44
860Z200US29810|1785|171|1344|195|0|14|1344|195|1264|190|386|147|801|207|38|35|220|99|36|36|0|14|57|58|384|157
860Z200US29812|4244|310|3389|291|0|22|3389|291|3244|288|849|191|2121|254|85|48|500|150|35|31|0|22|153|87|702|181
860Z200US29816|316|129|290|128|0|14|290|128|290|128|106|93|159|101|0|14|25|42|0|14|0|14|26|35|0|14
860Z200US29817|1676|227|1177|184|0|14|1177|184|1105|173|296|100|622|127|69|60|273|119|0|14|0|14|17|20|482|169
860Z200US29819|434|84|366|84|0|14|366|84|361|85|86|37|217|76|2|5|89|48|3|5|0|14|49|33|19|17
860Z200US29821|336|95|297|86|0|14|297|86|286|84|69|48|193|61|11|17|70|40|0|14|0|14|5|9|34|32
860Z200US29824|2551|280|1903|269|0|20|1903|269|1478|224|284|92|1275|200|277|116|390|144|148|116|0|20|181|132|467|157
860Z200US29826|65|30|56|29|0|14|56|29|44|28|11|10|36|29|3|6|20|18|9|17|0|14|3|5|6|9
860Z200US29827|1234|166|873|171|0|14|873|171|826|160|225|88|599|150|34|34|89|47|13|19|0|14|58|58|303|106
860Z200US29828|211|115|197|111|0|14|197|111|172|109|23|27|149|106|0|14|25|29|12|20|0|14|0|14|14|23
860Z200US29829|4275|381|3820|389|4|12|3816|388|3511|413|539|176|3238|402|298|140|200|138|0|22|0|22|67|58|388|169
860Z200US29831|1879|343|1391|163|0|14|1391|163|1353|164|353|111|927|127|34|27|134|75|0|14|0|14|7|7|481|314
860Z200US29832|2154|251|1609|218|0|20|1609|218|1350|216|382|112|937|176|226|108|344|129|33|34|0|20|42|39|503|191
860Z200US29834|135|88|135|88|0|14|135|88|135|88|93|85|42|41|0|14|0|14|0|14|0|14|0|14|0|14
860Z200US29835|3246|245|2729|274|15|25|2714|273|2510|264|273|141|2382|266|182|112|177|74|0|20|0|20|100|61|417|130
860Z200US29836|165|87|138|81|0|14|138|81|138|81|79|74|21|24|0|14|38|40|0|14|0|14|0|14|27|29
860Z200US29838|266|83|236|73|0|14|236|73|216|66|91|56|126|50|20|32|22|20|0|14|0|14|0|14|30|28
860Z200US29840|113|77|39|33|0|14|39|33|22|25|0|14|30|30|8|13|9|16|9|16|0|14|0|14|74|70
860Z200US29841|14072|629|13193|668|45|52|13148|665|12400|681|1951|451|10770|636|568|179|853|245|103|91|77|79|256|155|623|214
860Z200US29842|3176|332|2746|346|0|20|2746|346|2577|317|648|213|1963|301|133|99|139|86|17|20|19|29|50|77|380|138
860Z200US29843|381|98|272|85|0|14|272|85|270|85|91|53|133|73|0|14|40|33|0|14|0|14|0|14|109|68
860Z200US29844|57|22|41|17|0|14|41|17|37|15|3|4|38|16|4|7|0|14|0|14|0|14|11|13|5|6
860Z200US29845|449|116|367|94|0|14|367|94|346|90|52|59|304|72|21|26|50|44|0|14|0|14|0|14|82|53
860Z200US29847|1985|227|1660|213|0|20|1660|213|1518|203|549|181|913|168|142|85|233|88|0|20|0|20|8|12|317|143
860Z200US29848|359|98|321|103|0|14|321|103|256|80|70|39|232|101|63|63|49|30|2|4|0|14|0|14|38|27
860Z200US29849|94|43|69|33|0|14|69|33|66|34|15|20|50|27|3|5|16|15|0|14|0|14|0|14|25|30
860Z200US29851|3435|384|3061|371|0|20|3061|371|2873|371|450|189|2463|345|188|130|62|57|0|20|0|20|49|48|325|108
860Z200US29853|2485|268|1789|232|7|12|1782|232|1647|208|396|141|1207|204|119|78|225|101|13|21|0|20|62|61|634|208
860Z200US29856|1076|249|906|236|0|14|906|236|809|215|253|117|329|128|8|11|321|165|89|109|0|14|7|11|163|99
860Z200US29860|7037|592|6671|559|40|53|6631|560|5991|560|867|229|5506|552|606|271|639|224|34|40|0|22|115|79|251|132
860Z200US29899|0|14|0|14|0|14|0|14|0|14|0|14|0|14|0|14|0|14|0|14|0|14|0|14|0|14
860Z200US29902|6370|545|5759|560|0|22|5759|560|5471|512|443|182|5159|532|221|134|753|304|48|61|0|22|176|114|435|177
860Z200US29904|9|7|9|7|0|14|9|7|9|7|0|14|0|14|0|14|9|7|0|14|0|14|0|14|0|14
860Z200US29905|0|14|0|14|0|14|0|14|0|14|0|14|0|14|0|14|0|14|0|14|0|14|0|14|0|14
860Z200US29906|9862|728|9138|732|0|26|9138|732|8884|736|1119|318|7823|690|224|114|995|312|18|27|0|26|246|144|478|195
860Z200US29907|6211|371|6017|393|0|22|6017|393|5614|437|493|310|5302|409|264|119|824|252|16|28|0|22|84|77|110|89
860Z200US29909|11994|643|11574|654|14|23|11560|656|10923|670|849|215|10575|717|625|239|566|192|0|26|0|26|169|103|251|122
860Z200US29910|21056|885|20446|886|0|33|20446|886|19566|901|1667|531|18317|872|719|279|1533|422|69|96|0|33|223|171|387|188
860Z200US29911|596|146|477|134|0|14|477|134|430|123|66|40|287|93|42|42|136|72|5|8|0|14|0|14|119|59
860Z200US29912|11|20|11|20|0|14|11|20|11|20|0|14|11|20|0|14|0|14|0|14|0|14|0|14|0|14
860Z200US29915|357|211|353|211|0|14|353|211|348|211|14|16|331|210|5|7|40|43|0|14|0|14|4|7|0|14
860Z200US29916|607|185|525|187|0|14|525|187|515|187|155|79|334|187|10|16|57|39|0|14|0|14|15|22|67|42
860Z200US29918|1482|226|1215|214|0|14|1215|214|1105|199|331|149|796|164|98|100|157|79|12|19|0|14|18|27|249|128
860Z200US29920|4486|352|4121|335|0|22|4121|335|3941|334|428|137|3351|365|107|67|930|320|34|50|0|22|0|22|365|203
860Z200US29921|193|92|168|89|0|14|168|89|147|89|0|14|160|89|11|11|23|17|1|3|6|11|5|8|20|16
860Z200US29922|350|142|199|129|0|14|199|129|184|129|67|91|132|99|8|14|19|26|0|14|0|14|0|14|151|90
860Z200US29923|108|45|55|29|0|14|55|29|49|30|11|13|42|29|3|5|10|10|0|14|0|14|0|14|53|36
860Z200US29924|1890|210|1716|205|8|13|1708|205|1445|197|98|59|1403|201|218|156|271|97|45|46|0|14|0|14|174|91
860Z200US29926|11093|428|10272|436|14|22|10258|435|9807|424|656|203|9148|454|434|146|748|235|0|26|0|26|305|120|516|203
860Z200US29927|4704|451|4126|495|0|22|4126|495|3843|481|443|214|3528|477|247|184|310|174|0|22|0|22|127|107|451|262
860Z200US29928|8462|506|7850|534|0|22|7850|534|7375|547|545|174|7081|564|455|130|453|123|3|6|0|22|347|190|265|133
860Z200US29929|475|105|428|105|0|14|428|105|397|106|42|36|386|105|30|31|78|79|0|14|0|14|0|14|47|26
860Z200US29932|102|58|101|57|0|14|101|57|97|56|19|18|78|56|0|14|4|6|3|5|0|14|1|3|0|14
860Z200US29934|298|169|280|168|0|14|280|168|273|168|0|14|201|145|0|14|125|120|0|14|0|14|0|14|18|22
860Z200US29935|1779|365|1637|363|0|14|1637|363|1598|374|316|197|1225|338|39|44|277|227|0|14|0|14|0|14|142|108
860Z200US29936|5801|522|4759|568|0|22|4759|568|4642|577|901|340|3583|498|117|96|566|261|0|22|0|22|175|113|867|373
860Z200US29939|44|33|43|33|0|14|43|33|43|33|15|18|26|26|0|14|3|6|0|14|0|14|0|14|1|3
860Z200US29940|1502|309|1257|298|0|14|1257|298|1249|299|79|52|1027|305|0|14|324|175|0|14|0|14|29|33|216|141
860Z200US29941|182|67|170|63|0|14|170|63|170|63|33|27|137|56|0|14|31|47|0|14|0|14|0|14|12|18
860Z200US29943|129|139|39|43|0|14|39|43|39|43|0|14|39|43|0|14|0|14|0|14|0|14|0|14|90|135
860Z200US29944|1657|231|1327|214|0|14|1327|214|1295|213|267|104|910|194|24|24|200|104|8|13|0|14|18|23|312|112
860Z200US29945|1836|284|1475|294|0|14|1475|294|1413|285|436|236|1004|226|46|36|373|165|0|14|7|12|17|23|344|122
