GEO_ID|B08013_E001|B08013_M001|B08013_E002|B08013_M002|B08013_E003|B08013_M003
0500000US37001|1919120|69813|1068705|47262|850415|42514
0500000US37003|376735|29020|224795|23075|151940|16759
0500000US37005|102420|19143|59460|13566|42960|9285
0500000US37007|237825|24236|149560|18462|88265|14011
0500000US37009|259050|23623|147600|15891|111450|15122
0500000US37011|138810|16610|76350|11106|62460|11618
0500000US37013|436545|30761|232080|22890|204465|17893
0500000US37015|148850|17232|76685|14430|72165|9522
0500000US37017|290090|28876|161935|18730|128155|19074
0500000US37019|1340200|56900|727575|40845|612625|38063
0500000US37021|2246930|62673|1208975|49703|1037955|41264
0500000US37023|881950|45676|527510|30663|354440|27439
0500000US37025|2666900|73486|1522685|55910|1144220|48818
0500000US37027|866215|59306|507775|44078|358440|30119
0500000US37029|137050|16752|79095|17091|57955|7176
0500000US37031|617420|33025|360790|24930|256630|17520
0500000US37033|248140|18886|138275|14721|109865|12181
0500000US37035|1626470|78359|928980|52904|697485|42848
0500000US37037|820370|38747|461125|32536|359245|26963
0500000US37039|263105|21957|152795|18482|110310|12789
0500000US37041|151215|23847|90515|18529|60700|12340
0500000US37043|94090|17469|60680|15321|33415|7125
0500000US37045|1038550|52386|579305|39217|459245|27807
0500000US37047|534690|35018|305220|27530|229475|21698
0500000US37049|925445|40355|533165|31169|392280|30429
0500000US37051|3117255|67420|1763570|44330|1353685|42660
0500000US37053|504750|31747|300905|24226|203850|17860
0500000US37055|366240|29655|203790|20555|162450|18699
0500000US37057|1715950|59736|981340|45041|734605|33516
0500000US37059|499685|36134|281805|25792|217880|19856
0500000US37061|584645|35399|359485|28913|225160|24086
0500000US37063|3031630|95874|1633630|67863|1398005|61314
0500000US37065|417200|28106|223980|19972|193220|18391
0500000US37067|3507290|90794|1951025|79992|1556265|55453
0500000US37069|1011940|49668|561105|34548|450830|31142
0500000US37071|2604750|70928|1518075|47519|1086675|44992
0500000US37073|177240|23119|98510|13077|78730|18738
0500000US37075|73780|16301|45820|14002|27955|5564
0500000US37077|663495|42332|339170|32106|324320|28643
0500000US37079|201605|21316|117110|13389|84495|14787
0500000US37081|5011910|114472|2640105|84672|2371805|74436
0500000US37083|416060|33312|220595|26289|195465|21498
0500000US37085|1798235|59497|1051715|49330|746520|34719
0500000US37087|598920|38259|340750|31939|258170|16918
0500000US37089|1079660|45274|590220|30703|489440|29725
0500000US37091|196895|15136|113310|14118|83585|8046
0500000US37093|600740|29492|332405|21094|268340|19023
0500000US37095|52870|16652|21740|8363|31135|11031
0500000US37097|2050125|59982|1228915|47271|821210|42919
0500000US37099|352910|31280|201970|26013|150945|13499
0500000US37101|3151545|94104|1851140|71391|1300410|54034
0500000US37103|108125|9248|58415|7357|49710|6151
0500000US37105|722735|44964|417340|32930|305400|22528
0500000US37107|517725|37030|267790|28195|249935|21910
0500000US37109|1096385|56382|639775|41477|456610|32418
0500000US37111|442125|24955|254770|17267|187355|18478
0500000US37113|333455|29304|172345|16757|161105|23324
0500000US37115|282170|31614|153055|21120|129115|22525
0500000US37117|228835|21895|108620|13516|120215|17388
0500000US37119|11113360|184621|6009200|142756|5104160|103222
0500000US37121|146100|16255|79760|12767|66340|9423
0500000US37123|276145|23619|153115|13981|123030|14264
0500000US37125|1059975|46939|642195|39952|417780|27243
0500000US37127|915850|40712|492070|30571|423780|27376
0500000US37129|2017350|75890|1057135|49409|960215|49708
0500000US37131|184385|19214|91825|13771|92560|10817
0500000US37133|2083685|84000|1339530|69384|744155|46492
0500000US37135|1255670|52794|698610|34712|557060|33160
0500000US37137|101670|12756|50900|9830|50770|6814
0500000US37139|459230|34726|262205|22716|197025|25277
0500000US37141|792880|41864|464475|32900|328405|27474
0500000US37143|161605|16588|80695|13720|80910|12420
0500000US37145|492470|33837|258350|24208|234120|21128
0500000US37147|1606845|74347|913010|59766|693835|39549
0500000US37149|206325|19192|115190|12684|91135|11651
0500000US37151|1589735|61831|935705|47140|654035|34425
0500000US37153|398615|34388|225305|27042|173310|18128
0500000US37155|1029745|34731|582980|26519|446765|21332
0500000US37157|993865|50070|563830|34203|430035|31621
0500000US37159|1600965|71458|947220|55794|653745|41662
0500000US37161|636380|37836|355350|29009|281030|24498
0500000US37163|603065|35536|352305|25655|250765|21951
0500000US37165|287505|25957|158860|22212|128650|10987
0500000US37167|724445|39269|443115|31276|281330|21434
0500000US37169|572935|51594|339225|39420|233710|25602
0500000US37171|709520|33474|396505|25860|313015|23859
0500000US37173|114090|15869|60465|10150|53630|8421
0500000US37175|253380|17815|134400|12332|118985|14430
0500000US37177|37290|8915|19095|6732|18195|5926
0500000US37179|3001620|79810|1745865|57124|1255750|50694
0500000US37181|409235|29382|186155|17129|223075|24861
0500000US37183|11013330|162068|6135070|121785|4878255|110835
0500000US37185|185395|20960|107075|14042|78320|11973
0500000US37187|105740|24808|70670|23267|35070|9089
0500000US37189|486505|30313|273370|24778|213135|19612
0500000US37191|1158395|53779|684370|39029|474025|30671
0500000US37193|667500|49117|396805|34663|270700|24785
0500000US37195|706815|30774|384440|26062|322380|21484
0500000US37197|470035|32364|286980|29381|183055|14952
0500000US37199|186160|13603|111830|13030|74330|8893
0500000US45001|230170|15304|132435|12089|97735|10191
0500000US45003|1700895|69182|982260|49454|718630|46107
0500000US45005|88050|15814|36725|8303|51325|13023
0500000US45007|2298060|85638|1359640|62316|938420|39803
0500000US45009|120550|20652|62515|15332|58035|9722
0500000US45011|221660|20355|126370|16863|95290|10180
0500000US45013|1823635|78463|1044900|60414|778740|41506
0500000US45015|3205210|92977|1798125|62242|1407085|56158
0500000US45017|145420|15980|75490|10113|69930|11847
0500000US45019|4496155|109376|2402660|80588|2093495|70143
0500000US45021|560455|52638|298900|23608|261550|40772
0500000US45023|419715|30376|223295|24105|196425|22603
0500000US45025|430280|22004|240585|15097|189695|16936
0500000US45027|331125|25162|179505|19640|151620|16042
0500000US45029|497385|38031|292035|30304|205350|19830
0500000US45031|553425|33564|286875|24752|266545|19825
0500000US45033|273890|22593|151260|16796|122635|12601
0500000US45035|2225930|73188|1246555|51735|979375|52128
0500000US45037|281645|23383|158645|18688|122995|12261
0500000US45039|250100|23263|127195|15898|122900|12811
0500000US45041|1186485|49248|636000|32609|550480|32626
0500000US45043|685555|49206|381280|40487|304275|23426
0500000US45045|5378405|108458|3050535|78607|2327865|68958
0500000US45047|564640|35520|308300|23742|256335|22437
0500000US45049|236140|24290|134440|18502|101700|12933
0500000US45051|3342205|100049|1741015|65089|1601185|66734
0500000US45053|340705|26786|193125|23249|147580|18229
0500000US45055|826465|53112|483040|36523|343425|30019
0500000US45057|1084435|63403|616860|45770|467570|34965
0500000US45059|703265|35588|381440|25872|321825|21933
0500000US45061|159830|18698|91155|16111|68675|8192
0500000US45063|3366790|93718|1871615|73021|1495175|45346
0500000US45065|88275|15988|52030|7791|36245|10898
0500000US45067|274765|28166|146575|26204|128190|17257
0500000US45069|223455|18229|108985|13421|114470|13502
0500000US45071|412930|28182|235385|20812|177545|15356
0500000US45073|711620|43225|418845|33709|292775|26945
0500000US45075|913220|52351|506890|37280|406330|31005
0500000US45077|1432660|55217|826875|38204|605785|33301
0500000US45079|4113890|107571|2136395|85139|1977495|81095
0500000US45081|217080|18639|131545|14776|85535|12409
0500000US45083|3687410|87448|2101840|66207|1585570|64314
0500000US45085|986580|34060|515560|28705|471020|25515
0500000US45087|275800|19202|146400|15786|129395|14967
0500000US45089|344825|26105|177570|21562|167250|16225
0500000US45091|3297620|89445|1888085|63859|1409540|58343
1600000US3700160|115115|17423|74295|13567|40825|11645
1600000US3700440|18495|9435|12125|6821|6375|3508
1600000US3700500|41175|8038|21450|6002|19725|4307
1600000US3700640|11115|3110|7160|2221|3955|1386
1600000US3700680|152830|19447|95735|17104|57095|10326
1600000US3700880|5955|4057|2535|1990|3420|2461
1600000US3701000|3355|1687|1260|553|2095|1449
1600000US3701140|2895|2044|1685|1317|1210|1136
1600000US3701340|182140|19553|102550|12887|79595|12692
1600000US3701380|15095|6004|7120|3719|7975|3637
1600000US3701400|76065|12353|44035|10965|32030|6705
1600000US3701420|9395|4867|6785|4587|2610|1157
1600000US3701520|587865|37312|322450|28365|265415|23761
1600000US3701560|1860|1676|440|456|1420|1424
1600000US3701640|4140|1746|1755|881|2385|1302
1600000US3701720|120320|16435|72550|14604|47770|8201
1600000US3701760|57745|11543|40555|10564|17190|7080
1600000US3701972|5355|3587|3635|2925|1720|981
1600000US3702080|256090|45236|144565|30933|111525|21732
1600000US3702140|693840|36041|362320|25268|331520|25221
1600000US3702240|2640|2106|1295|1032|1340|1151
1600000US3702320|1720|896|1145|648|575|419
1600000US3702460|5515|2830|2825|1586|2690|1706
1600000US3702480|5490|4545|3675|4046|1815|1244
1600000US3702500|12570|5055|6550|2853|6020|3324
1600000US3702580|6985|3633|4685|3134|2300|1545
1600000US3702620|2565|956|690|439|1880|840
1600000US3702700|1675|1072|750|450|925|874
1600000US3702760|26580|14360|9020|4908|17560|9966
1600000US3702840|44855|7061|24335|6792|20520|4145
1600000US3702960|12695|4493|6210|3077|6480|2437
1600000US3703020|3655|1721|2330|1433|1325|840
1600000US3703100|3510|1988|1705|1255|1805|1259
1600000US3703150|765|449|660|438|105|68
1600000US3703220|12610|3746|5440|2202|7170|2346
1600000US3703500|3850|1306|1565|665|2285|995
1600000US3703530|93630|34892|54950|27438|38680|12798
1600000US3703640|10330|4485|5455|2420|4875|3028
1600000US3703665|12230|4510|6815|2360|5415|2433
1600000US3703840|3390|1938|1805|1301|1585|1164
1600000US3703960|3850|1454|1870|1000|1980|808
1600000US3704015|20835|6423|11500|4613|9335|3168
1600000US3704040|3705|3147|2020|1986|1685|1332
1600000US3704180|1065|687|610|571|455|324
1600000US3704260|33110|10112|20830|9797|12280|3309
1600000US3704510|6935|2553|2920|1327|4010|1844
1600000US3704640|13095|5379|9805|4883|3290|1256
1600000US3704840|155120|18127|91075|14323|64045|9908
1600000US3704950|28640|5467|16125|3477|12510|4649
1600000US3704955|2605|2450|1175|1194|1430|1461
1600000US3704960|12735|5246|5700|1960|7035|4518
1600000US3705020|2535|2515|2535|2515|-666666666|-222222222
1600000US3705040|44695|9104|27530|8318|17160|6565
1600000US3705049|9900|7514|4400|4196|5500|4324
1600000US3705135|21540|10816|8225|3793|13315|10351
1600000US3705220|65075|11656|37810|8196|27270|6725
1600000US3705340|4625|1963|3515|1592|1115|630
1600000US3705460|16045|5539|8505|2659|7545|3612
1600000US3705530|44440|11857|29725|10896|14720|5745
1600000US3705660|14835|6701|9470|5356|5360|3146
1600000US3705880|7920|3108|5320|2904|2600|1079
1600000US3706000|16175|6342|8090|3892|8085|4748
1600000US3706080|13315|6757|8575|5128|4740|2615
1600000US3706140|60170|13411|38250|12624|21915|5960
1600000US3706240|15395|5354|8945|3719|6445|3209
1600000US3706500|9375|7375|5205|4378|4170|3260
1600000US3706660|3205|3263|2060|2678|1145|852
1600000US3706740|7015|2090|4255|1441|2760|1056
1600000US3706760|57860|8677|32170|5647|25690|5895
1600000US3706800|38645|9827|19415|6406|19230|5937
1600000US3706820|2625|1404|1690|931|935|754
1600000US3706860|4510|2881|1610|1334|2900|1930
1600000US3706980|5055|3339|1950|1086|3105|2991
1600000US3707080|118880|20478|69370|18907|49510|8993
1600000US3707140|15010|4727|7290|2925|7720|2957
1600000US3707220|4850|1804|2610|1247|2240|957
1600000US3707588|18365|17418|16880|17640|1485|855
1600000US3707720|38325|7996|17580|5807|20740|5366
1600000US3707748|45220|10005|18025|5786|27195|7299
1600000US3707765|27310|8321|16855|6288|10455|4654
1600000US3707860|2845|1396|1335|920|1510|871
1600000US3708040|18020|3996|8530|2461|9490|2820
1600000US3708080|17860|6786|10145|4723|7715|3045
1600000US3708110|30440|11405|20855|9698|9585|3959
1600000US3708140|3790|3145|2550|2817|1240|845
1600000US3708420|1200|784|500|439|700|646
1600000US3708480|13450|4070|7510|2615|5935|2151
1600000US3708760|35875|11056|22545|9204|13330|4897
1600000US3708860|4235|2215|2480|1706|1755|1214
1600000US3708880|16900|8016|9660|5591|7240|3749
1600000US3708960|27785|7229|16035|6433|11745|3181
1600000US3709060|588975|43956|318650|36373|270320|20194
1600000US3709140|19135|8387|10340|6145|8790|3787
1600000US3709360|70715|12607|33930|8147|36785|7945
1600000US3709400|9695|7215|7315|6190|2380|2017
1600000US3709530|32040|9496|12630|4281|19410|9269
1600000US3709540|17330|4559|8355|3265|8975|2866
1600000US3709760|5365|4576|3110|4321|2255|1568
1600000US3709780|14200|12023|11305|11382|2890|2543
1600000US3709800|4520|3278|2310|1517|2205|2020
1600000US3710120|7760|2400|4725|2091|3035|1275
1600000US3710240|55580|9135|32525|8696|23060|6407
1600000US3710260|29690|8816|16960|5531|12730|4308
1600000US3710264|2630|1805|910|561|1720|1434
1600000US3710500|58710|10851|29265|6226|29445|7872
1600000US3710550|35650|9147|21790|4941|13860|5712
1600000US3710620|200640|18002|123925|16324|76715|10372
1600000US3710680|31505|5978|18885|4975|12620|3176
1600000US3710740|1342195|66029|749320|49566|592875|36406
1600000US3710760|6015|3606|4450|3311|1560|676
1600000US3710800|3315|2371|1315|1424|2005|1520
1600000US3710860|2400|1971|1655|1584|745|463
1600000US3710880|6570|4229|3340|2406|3230|2138
1600000US3710960|3510|1838|1995|1174|1520|1038
1600000US3710980|7900|3011|5815|2681|2085|1042
1600000US3711340|18185|4921|13105|3871|5085|1583
1600000US3711352|2535|1302|1455|702|1080|719
1600000US3711620|5060|4322|3775|3402|1285|1103
1600000US3711640|18630|8052|11100|5124|7530|6353
1600000US3711800|407355|23222|215580|17391|191775|15496
1600000US3712000|8561195|160162|4598560|117843|3962635|93562
1600000US3712140|10135|4455|5775|2971|4360|2524
1600000US3712186|35290|19367|27230|15923|8060|4853
1600000US3712340|68695|10083|39060|7591|29630|7963
1600000US3712460|950|878|315|338|635|704
1600000US3712480|48540|10909|25090|6291|23445|10322
1600000US3712580|6965|2472|3365|1754|3600|1578
1600000US3712720|20960|6345|11945|4198|9015|3154
1600000US3712780|3110|1633|1160|1069|1950|1279
1600000US3712860|404445|40893|206935|28212|197510|23409
1600000US3712960|191300|16961|106120|12668|85180|10947
1600000US3713000|12550|4123|5875|2595|6680|2288
1600000US3713100|1675|778|1300|640|375|346
1600000US3713240|52630|8713|27520|6668|25110|5988
1600000US3713280|13460|4299|8540|3039|4920|2061
1600000US3713360|22005|6650|12885|5021|9125|3466
1600000US3713460|2220|1161|905|855|1315|796
1600000US3713500|12640|9443|6450|5634|6190|4898
1600000US3713560|2735|2271|1275|1265|1465|1186
1600000US3713940|9990|5619|5715|3336|4275|3415
1600000US3713980|9010|3495|4795|2159|4215|2029
1600000US3714060|4740|4657|4260|4630|480|684
1600000US3714100|1210695|42019|690695|37652|520000|31297
1600000US3714200|2755|1833|920|855|1835|1594
1600000US3714280|19300|5489|11905|4457|7390|2460
1600000US3714340|61175|8230|37155|7604|24020|5613
1600000US3714400|9960|3880|5040|2726|4920|1836
1600000US3714460|12285|4251|5980|3318|6305|2810
1600000US3714600|10650|5567|3710|2315|6940|4130
1600000US3714700|306635|24437|177345|22677|129290|14236
1600000US3715020|3105|1220|1635|821|1470|765
1600000US3715040|19335|6220|10090|4489|9250|3221
1600000US3715260|65220|7466|32365|4660|32855|7113
1600000US3715320|58040|8873|28550|6531|29490|6587
1600000US3715420|1730|1572|200|287|1530|1488
1600000US3715440|18280|8421|12515|6322|5765|3571
1600000US3715640|8595|10120|7795|10028|800|936
1600000US3715880|63455|17546|35450|13090|28005|9043
1600000US3716084|3820|2248|3200|1946|620|522
1600000US3716180|81500|11895|42645|9589|38850|10016
1600000US3716220|34665|12108|17535|6808|17130|7752
1600000US3716240|1850|1298|1320|1074|530|569
1600000US3716400|122960|15043|70965|13472|51995|8129
1600000US3716480|2975|1814|1820|1368|1155|1164
1600000US3716720|4900|2697|3235|2156|1665|1299
1600000US3716730|28650|19212|23725|16987|4925|4045
1600000US3716820|-666666666|-222222222|-666666666|-222222222|-666666666|-222222222
1600000US3716860|1550|1358|625|675|925|889
1600000US3716980|19935|6460|13010|4669|6925|2848
1600000US3717000|31730|11065|18720|7615|13010|6125
1600000US3717180|1830|1015|755|603|1075|661
1600000US3717325|4105|2319|2640|1749|1465|1035
1600000US3717340|10080|3724|5110|2266|4970|1927
1600000US3717520|7900|2607|5425|2020|2475|1058
1600000US3717660|5195|2092|3215|1406|1975|1023
1600000US3717860|15110|4557|6780|2446|8330|3274
1600000US3718040|1580|862|815|562|770|426
1600000US3718060|4655|2139|3120|1516|1535|984
1600000US3718080|13095|6055|10310|4918|2785|2336
1600000US3718300|-666666666|-222222222|-666666666|-222222222|-666666666|-222222222
1600000US3718320|81920|13938|45180|10665|36740|7216
1600000US3719000|2674445|82662|1432620|62788|1241820|53595
1600000US3719140|3170|1860|2440|1611|735|390
1600000US3719300|3270|2199|2660|2129|610|622
1600000US3719320|8590|3742|4565|2561|4025|1785
1600000US3719420|50425|10986|29290|9385|21135|4739
1600000US3719740|31650|5975|17460|3875|14190|4190
1600000US3719800|35065|17551|26905|15571|8160|4690
1600000US3719860|9960|4620|7120|3654|2840|1623
1600000US3720080|150785|17944|85640|15445|65145|11933
1600000US3720120|40950|14657|21555|12226|19400|8708
1600000US3720280|31085|9616|19075|7032|12010|5367
1600000US3720420|17030|9554|7785|3760|9245|7123
1600000US3720580|195965|29126|93580|15153|102385|24033
1600000US3720600|18395|6234|12420|5034|5975|3445
1600000US3720620|40690|8432|23015|6333|17675|5128
1600000US3720700|2845|1290|1170|616|1675|993
1600000US3720780|7325|3427|3285|1306|4035|2802
1600000US3720840|9180|3381|3515|2284|5665|2451
1600000US3720980|11915|4436|5140|2747|6775|2484
1600000US3721095|70965|17754|44205|14214|26760|5462
1600000US3721120|2685|2163|1540|1622|1145|1160
1600000US3721130|27395|7527|15775|5811|11615|4413
1600000US3721160|30940|5294|20640|4307|10295|2147
1600000US3721260|19095|9011|10920|5405|8175|5025
1600000US3721360|17045|6873|7335|4265|9710|4849
1600000US3721380|4510|4925|2330|2683|2180|3691
1600000US3721500|33990|6400|20480|4118|13510|5215
1600000US3721740|65550|10266|34515|8925|31040|6602
1600000US3721880|82955|13538|48490|10042|34470|7284
1600000US3721960|2725|1255|1385|728|1340|854
1600000US3722040|2095|2040|1115|1165|985|1040
1600000US3722240|6170|2479|3340|1672|2830|1419
1600000US3722305|20715|6437|10150|4555|10565|4664
1600000US3722360|18930|4299|8185|2720|10750|2844
1600000US3722380|13435|5123|7400|4131|6035|2957
1600000US3722440|18310|7724|10545|5665|7765|4853
1600000US3722500|43335|8126|26265|5954|17070|5388
1600000US3722560|5285|1808|3665|1592|1620|720
1600000US3722600|15015|9263|11620|8087|3395|1700
1600000US3722620|1820|1255|675|551|1145|862
1600000US3722720|5605|2997|2860|2047|2745|2055
1600000US3722820|49165|15258|23200|16096|25965|8262
1600000US3722920|1800230|50514|1018475|35771|781755|33034
1600000US3722982|10060|6575|5420|3973|4640|4162
1600000US3723520|12665|6206|7365|4123|5300|3505
1600000US3723600|16420|6985|10490|5759|5930|2615
1600000US3723640|7365|3721|4400|2810|2965|2166
1600000US3723760|86900|21666|42075|10446|44825|13386
1600000US3723980|-666666666|-222222222|-666666666|-222222222|-666666666|-222222222
1600000US3724080|63670|11298|36270|9968|27395|7173
1600000US3724170|2330|1415|1415|1153|915|594
1600000US3724198|30690|12279|14755|6111|15935|7851
1600000US3724380|11035|5055|5385|3072|5650|3484
1600000US3724440|1925|1391|520|409|1405|1151
1600000US3724520|49260|16394|19335|7865|29925|12250
1600000US3724570|20375|4071|12450|2825|7925|2454
1600000US3724640|42745|11323|21065|7472|21675|9270
1600000US3724720|27750|10088|13690|5907|14060|5968
1600000US3724740|13260|5642|8610|4111|4650|2667
1600000US3724900|8170|3714|5405|2790|2765|1434
1600000US3725020|5415|3736|1950|1882|3465|2973
1600000US3725160|22115|6899|12915|5573|9200|3530
1600000US3725300|437205|41446|237800|26052|199405|30237
1600000US3725380|67285|33999|53980|34352|13305|4771
1600000US3725460|7650|3784|2460|2058|5185|3321
1600000US3725480|338315|32660|202960|28117|135355|17230
1600000US3725540|5575|2785|2160|1557|3415|2309
1600000US3725560|5040|1852|3070|1382|1970|1028
1600000US3725580|922835|43614|545830|35714|377005|27666
1600000US3725680|5990|4095|4010|3510|1975|1213
1600000US3725940|4110|2436|1845|1322|2265|1501
1600000US3725980|109585|15606|57855|8770|51730|12318
1600000US3726200|24825|8946|11890|5237|12940|5329
1600000US3726460|35375|10573|22025|7293|13355|5620
1600000US3726680|4110|2940|1675|1406|2435|1679
1600000US3726740|2510|1669|1135|1070|1375|859
1600000US3726800|9695|7406|5480|4172|4215|3634
1600000US3726880|250820|24545|134105|16373|116715|16533
1600000US3726920|6455|7988|3505|4383|2955|3817
1600000US3727120|10845|5312|5135|2648|5710|3740
1600000US3727180|8495|4233|5470|3879|3025|2138
1600000US3727182|11185|4014|6720|3080|4465|2192
1600000US3727280|193100|17983|100320|16206|92780|13233
1600000US3727300|-666666666|-222222222|-666666666|-222222222|-666666666|-222222222
1600000US3727324|-666666666|-222222222|-666666666|-222222222|-666666666|-222222222
1600000US3727400|26280|6819|14555|4730|11725|4298
1600000US3727420|47000|8911|28700|7190|18300|3911
1600000US3727440|54935|19493|26595|13926|28340|16713
1600000US3727520|7440|3511|3935|2320|3505|2326
1600000US3727780|4125|2179|2845|1889|1280|665
1600000US3727870|37240|7835|19490|5919|17750|5151
1600000US3728000|2751830|93413|1417520|77407|1334310|62166
1600000US3728080|727040|48478|394680|43763|332360|25175
1600000US3728200|25095|9211|12645|4965|12450|5258
1600000US3728240|3935|1860|2560|1526|1375|771
1600000US3728400|7505|6385|3560|3789|3945|2851
1600000US3728900|87180|19957|60510|18178|26670|7913
1600000US3728920|4545|4130|2475|2304|2070|2071
1600000US3729000|235|209|-666666666|-222222222|235|209
1600000US3729120|2725|1921|1930|1735|795|761
1600000US3729160|53205|11449|35105|9687|18100|5589
1600000US3729180|98705|21142|68900|18206|29805|7335
1600000US3729560|11590|4784|6190|2689|5400|2906
1600000US3729640|10310|3063|6885|2260|3420|1261
1600000US3729680|1255|797|920|690|335|261
1600000US3729720|2315|1989|1825|1902|490|423
1600000US3729800|216000|24747|115895|20953|100105|14292
1600000US3730100|1910|1429|1090|1462|820|824
1600000US3730120|176385|20728|104235|12931|72150|17416
1600000US3730260|47990|17608|28570|9419|19420|12149
1600000US3730280|8175|5604|4430|3270|3750|3142
1600000US3730340|15645|7118|11195|5379|4450|2527
1600000US3730620|19990|6496|10905|3441|9090|3786
1600000US3730660|118270|13556|48395|9091|69880|11791
1600000US3730720|116580|13408|63780|10321|52800|9080
1600000US3730900|26955|9677|11365|6684|15590|5325
1600000US3731060|371525|32484|210110|21365|161415|22261
1600000US3731360|4990|2923|2750|1256|2240|2587
1600000US3731400|997995|47484|512215|30313|485780|30226
1600000US3731440|3415|1691|1795|833|1620|1136
1600000US3731500|19410|5875|11120|4339|8290|2886
1600000US3731620|71215|9293|37115|7346|34095|6823
1600000US3731860|3040|2607|1095|1141|1945|1877
1600000US3731880|-666666666|-222222222|-666666666|-222222222|-666666666|-222222222
1600000US3731920|4550|2335|2390|1430|2160|1513
1600000US3731960|7535|2533|4665|1826|2870|1013
1600000US3732100|10370|4450|6755|3717|3615|1523
1600000US3732180|65045|21746|39950|18435|25095|10838
1600000US3732260|426360|35201|252945|21864|173415|24008
1600000US3732540|3690|1837|1955|1344|1735|872
1600000US3732580|7240|3056|3635|1775|3610|2238
1600000US3732640|183560|17212|102565|13201|80995|9128
1600000US3732740|7775|3290|3065|1473|4710|2354
1600000US3732840|6515|4238|2975|1556|3545|3899
1600000US3732980|40750|8698|19015|4846|21735|6765
1600000US3733120|677905|42907|368325|34354|309580|24459
1600000US3733320|20960|6455|10970|4217|9990|3861
1600000US3733460|685|390|495|422|190|211
1600000US3733560|525575|39799|285435|20320|240140|32803
1600000US3733640|8275|6534|5605|4620|2670|2898
1600000US3733820|7225|6638|1830|1679|5395|6032
1600000US3733940|4660|3495|1515|1030|3145|3163
1600000US3733993|4455|4542|1210|1552|3245|4682
1600000US3734000|7645|4051|2045|1063|5600|3822
1600000US3734038|8245|3916|6595|3702|1650|961
1600000US3734200|570010|32387|378155|23080|191855|20860
1600000US3734260|42120|11434|18315|6779|23805|7632
1600000US3734300|24695|5094|12275|3355|12420|3911
1600000US3734320|6030|3885|3850|2801|2180|1944
1600000US3734440|11940|3603|7020|3027|4920|1514
1600000US3734840|25265|5808|13000|3687|12265|3771
1600000US3735200|684080|39516|381155|24201|302925|29709
1600000US3735360|1680|977|980|808|700|502
1600000US3735460|8065|3875|4490|2780|3575|1932
1600000US3735540|27945|6614|15105|3813|12840|4517
1600000US3735600|277010|23803|157670|19369|119340|12136
1600000US3735720|73955|12480|49525|11833|24435|5321
1600000US3735760|70595|19455|44875|16249|25720|7277
1600000US3735870|82585|21531|44300|13407|38285|12481
1600000US3735880|121525|19214|70375|15083|51155|11069
1600000US3735890|3800|2473|1720|1369|2080|1423
1600000US3735920|129775|19998|64375|15152|65400|12847
1600000US3736020|870|845|590|612|280|314
1600000US3736060|38710|7967|24045|7964|14665|4472
1600000US3736080|220755|17142|117080|12559|103675|16222
1600000US3736220|23495|8999|10595|3709|12900|8097
1600000US3736400|16820|4486|4750|3034|12070|4214
1600000US3736480|14865|5306|7955|3874|6910|3121
1600000US3736500|15470|7301|8015|2666|7455|5321
1600000US3736510|148345|28895|84265|18361|64075|12951
1600000US3736511|121190|17108|82020|14179|39170|7926
1600000US3736512|38665|6920|17285|3720|21375|6466
1600000US3736513|59460|18415|33600|12154|25860|9163
1600000US3736640|18775|4643|10390|3368|8385|2158
1600000US3736860|41375|10216|19065|6030|22310|6659
1600000US3736960|2855|3404|2595|3214|260|295
1600000US3737000|455|309|245|220|210|188
1600000US3737040|5725|4673|3305|2197|2420|2705
1600000US3737120|12065|4927|7520|3571|4540|2809
1600000US3737160|18990|9664|13120|9295|5865|1438
1600000US3737220|91530|9518|39605|6297|51925|7155
1600000US3737260|7495|4208|5005|3727|2490|1573
1600000US3737640|255|215|180|189|75|98
1600000US3737680|278395|25985|133855|16467|144535|17971
1600000US3737760|163020|26120|102755|23214|60270|12942
1600000US3738030|3660|2761|1180|972|2480|2457
1600000US3738040|138140|19879|90895|14304|47245|10467
1600000US3738060|177225|17770|86110|15664|91110|12489
1600000US3738100|28820|5429|13925|4151|14895|4164
1600000US3738200|7085|5121|4770|3307|2315|2148
1600000US3738220|44145|6650|25475|6725|18670|3805
1600000US3738320|110955|17234|71610|14004|39345|7996
1600000US3738360|1420|734|740|437|685|402
1600000US3738680|5955|3109|4135|2375|1820|1421
1600000US3738860|65195|10494|40055|8781|25140|7361
1600000US3739060|1655|1541|1655|1541|-666666666|-222222222
1600000US3739280|61780|12825|37030|12097|24750|5862
1600000US3739360|23010|6322|12790|4245|10220|3868
1600000US3739420|1980|1017|495|333|1485|898
1600000US3739480|29470|7583|15505|3856|13965|4699
1600000US3739520|49265|15698|30855|11340|18415|6795
1600000US3739540|5160|6407|450|455|4710|6346
1600000US3739600|9395|3878|5845|3191|3550|1569
1600000US3739680|370|220|140|78|230|206
1600000US3739700|121545|12374|64615|8261|56935|7886
1600000US3739880|11010|3565|6610|2306|4400|1948
1600000US3739960|4030|2494|2410|1741|1620|1152
1600000US3740140|1730|1130|1130|1020|600|313
1600000US3740240|495|509|380|486|115|123
1600000US3740460|3095|1949|1840|1571|1250|1116
1600000US3740540|505|654|215|372|290|341
1600000US3740560|19260|4723|11225|4181|8035|2369
1600000US3740600|18680|7252|13845|5953|4835|2380
1600000US3740640|8515|3941|5060|2764|3455|1975
1600000US3740660|39415|10232|27145|8282|12270|3267
1600000US3740860|2580|2182|1390|1354|1190|1161
1600000US3740980|5290|1990|2500|1327|2790|1452
1600000US3741060|19470|7449|13565|6810|5910|2392
1600000US3741220|2890|2147|1900|2121|990|1143
1600000US3741380|915|573|415|307|500|331
1600000US3741420|55285|10068|27535|6703|27750|7595
1600000US3741540|24695|8726|15650|6038|9045|5843
1600000US3741580|10735|4590|6790|3819|3945|1661
1600000US3741600|6220|3987|3190|2962|3030|1990
1600000US3741620|28610|9996|18245|9007|10365|3126
1600000US3741640|27370|7583|15830|5470|11540|3958
1600000US3741720|53270|10756|32485|8483|20785|5052
1600000US3741960|329160|26015|178135|15667|151025|15870
1600000US3742020|11360|2990|5225|1721|6135|2154
1600000US3742060|30895|6840|16360|4636|14530|4640
1600000US3742100|11910|3988|6360|2708|5550|2178
1600000US3742240|244330|37415|118040|16380|126290|30864
1600000US3742480|1870|1111|1230|830|640|519
1600000US3742620|5570|4093|4390|3529|1180|783
1600000US3742700|9940|4481|5100|1920|4840|2871
1600000US3742760|68335|9427|35635|7714|32700|6648
1600000US3742860|41610|10488|24810|7823|16805|5799
1600000US3743160|14490|5908|10700|4628|3790|1933
1600000US3743200|7355|4014|3560|2227|3795|2818
1600000US3743260|66100|8682|33235|5191|32865|5429
1600000US3743300|975|852|425|404|550|744
1600000US3743360|44970|7520|24140|6017|20830|6024
1600000US3743440|4765|1747|2250|995|2520|1130
1600000US3743480|323600|28125|166250|15427|157350|20454
1600000US3743580|3480|1503|1435|874|2045|1162
1600000US3743720|56170|12833|30225|10120|25945|5763
1600000US3743860|3945|1643|2760|1319|1185|674
1600000US3743880|18455|9189|11160|7178|7295|3371
1600000US3743920|484595|43641|309060|42030|175535|15645
1600000US3744100|2950|2002|1750|1750|1200|741
1600000US3744160|1690|820|1000|643|695|414
1600000US3744220|541420|35466|310725|25903|230695|24625
1600000US3744280|9365|6177|3670|3087|5695|5114
1600000US3744320|74375|9422|39265|6429|35115|6689
1600000US3744400|121445|14529|76875|11367|44575|8017
1600000US3744520|234535|29048|135810|26960|98730|10727
1600000US3744560|2900|2267|1240|1339|1660|1225
1600000US3744700|34190|9570|16970|4904|17220|6703
1600000US3744770|33400|8959|18685|5821|14715|5150
1600000US3744800|69325|9102|37840|7357|31485|6202
1600000US3744900|13655|6851|6965|5443|6690|2755
1600000US3744960|211265|22471|110325|15899|100935|12461
1600000US3745100|33950|7686|22690|6681|11255|3428
1600000US3745140|22405|5595|13280|3322|9125|3363
1600000US3745460|104045|18230|66750|13757|37290|10281
1600000US3745560|12465|3362|6885|2621|5575|2922
1600000US3745640|26730|5307|11690|4595|15040|4615
1600000US3745660|9380|2617|6950|2336|2430|909
1600000US3745720|189465|32036|94995|21114|94470|18714
1600000US3745840|93060|16675|48745|8543|44315|11754
1600000US3745880|31880|11316|20580|8239|11300|8182
1600000US3746000|48475|14056|16780|6204|31695|10952
1600000US3746060|22455|7787|14895|6782|7560|2400
1600000US3746100|19170|9422|14940|8617|4230|2653
1600000US3746280|20925|7591|11275|4948|9650|4367
1600000US3746340|250365|20699|147560|16420|102805|13216
1600000US3746650|10295|4009|4910|3113|5385|3202
1600000US3746740|6890|3602|4550|2817|2340|1167
1600000US3746820|6085|2566|3865|1796|2220|1067
1600000US3746860|26995|5828|13740|3387|13255|3876
1600000US3747000|118155|17204|63545|14680|54610|11901
1600000US3747020|7370|2975|4025|1920|3340|1372
1600000US3747240|9925|6971|5265|5046|4660|2829
1600000US3747485|41145|8713|24745|7711|16395|4514
1600000US3747695|12005|4128|6815|2448|5190|2265
1600000US3747845|7510|2308|4640|1477|2865|1346
1600000US3747860|6835|2290|2980|1411|3855|1655
1600000US3747880|21435|5108|10550|3360|10885|4331
1600000US3747980|29310|6336|19355|5857|9955|3279
1600000US3748040|38255|7356|21205|5128|17050|4344
1600000US3748060|6560|5511|2160|2096|4400|3898
1600000US3748345|62420|11046|37215|8503|25210|4804
1600000US3748480|54070|7827|31070|5262|23000|4403
1600000US3748700|3865|1295|2350|967|1515|613
1600000US3748740|5575|4907|2465|2942|3115|3907
1600000US3748790|88715|29774|60880|27217|27835|10261
1600000US3748920|6985|2294|3605|1462|3375|1462
1600000US3749380|3195|1438|1375|944|1820|1175
1600000US3749600|8025|3987|4350|2604|3675|1759
1600000US3749800|82625|15070|40950|12641|41675|8882
1600000US3750080|2055|2030|1425|1385|625|755
1600000US3750340|6405|1997|3815|1527|2590|971
1600000US3750540|3200|1516|1595|991|1605|1238
1600000US3750700|7900|3219|4205|2170|3695|1880
1600000US3750820|4150|1841|2720|1468|1425|766
1600000US3751040|10830|3143|6845|2382|3990|1720
1600000US3751080|15590|3184|7445|2816|8140|2163
1600000US3751780|9800|4534|5740|3252|4060|1978
1600000US3751820|18885|5027|12390|3914|6495|2451
1600000US3751840|18885|5440|12460|4113|6425|2379
1600000US3751940|113820|13716|72415|11090|41400|6776
1600000US3752000|9170|1883|6185|1588|2980|892
1600000US3752020|17140|5450|11665|4317|5480|2524
1600000US3752140|11850|3591|6465|2833|5380|1721
1600000US3752220|103660|15783|49935|11767|53725|9488
1600000US3752260|139355|28206|90110|22914|49245|9488
1600000US3752400|4670|2153|3210|1874|1460|941
1600000US3752500|5255|3468|4335|3165|920|1075
1600000US3752660|63855|14546|39830|12015|24025|7079
1600000US3752685|21310|11721|16910|10909|4400|2309
1600000US3752760|55220|14715|32365|13958|22860|6737
1600000US3752920|12935|9298|7410|5705|5525|4554
1600000US3753040|17360|5093|11210|6348|6150|3927
1600000US3753140|13320|8225|8900|6544|4420|2600
1600000US3753160|6985|3369|3365|1721|3620|2403
1600000US3753200|5325|2469|2700|1629|2630|1257
1600000US3753475|46370|10595|25805|8417|20565|6869
1600000US3753580|3495|1797|2980|1833|515|555
1600000US3753820|19005|6305|11730|4519|7275|2789
1600000US3753840|14005|8140|9455|7434|4545|2165
1600000US3753900|1340|915|685|571|655|564
1600000US3753950|12400|7659|9275|5722|3130|2765
1600000US3754160|17135|9137|12750|8259|4385|3427
1600000US3754580|30815|5559|17910|4775|12905|3140
1600000US3754600|2030|1073|1215|838|815|629
1600000US3755000|4505445|117504|2423275|84845|2082170|75385
1600000US3755040|16490|5053|8675|3324|7815|2674
1600000US3755080|37310|10732|16830|5849|20480|6472
1600000US3755260|38625|6603|25765|6193|12860|3888
1600000US3755340|490|358|265|207|225|241
1600000US3755460|11020|3283|6525|2364|4495|1577
1600000US3755640|28820|7802|20005|7342|8815|3103
1600000US3755660|22085|6012|9390|3091|12695|5382
1600000US3755900|120310|19768|73600|13505|46710|12507
1600000US3755940|2785|1265|1415|653|1365|925
1600000US3756100|-666666666|-222222222|-666666666|-222222222|-666666666|-222222222
1600000US3756240|10045|3689|6515|2655|3530|1361
1600000US3756340|10755|3821|5935|2620|4820|1925
1600000US3756360|31310|12480|23760|12128|7545|2804
1600000US3756440|9560|6056|3140|2300|6420|4169
1600000US3756600|6385|3565|2070|1958|4315|2643
1600000US3756710|19120|4188|10765|3340|8355|1871
1600000US3756815|29490|6939|14035|4116|15455|4631
1600000US3756900|120440|21600|69960|19699|50480|11345
1600000US3757000|20590|7875|13175|5837|7415|3672
1600000US3757020|2070|1561|1160|1362|910|685
1600000US3757100|13900|6483|3785|3320|10110|5041
1600000US3757200|46415|9851|25410|6138|21005|7798
1600000US3757260|76620|16530|39170|11237|37450|12376
1600000US3757340|29180|9525|16365|6865|12815|4063
1600000US3757500|441555|29751|227675|21374|213880|21776
1600000US3757540|12885|4652|6670|3154|6215|2716
1600000US3757580|16930|10737|7375|4821|9555|8220
1600000US3757640|121770|13341|69840|11444|51930|8634
1600000US3757700|6030|3227|4900|2721|1130|805
1600000US3757740|1645|1413|365|478|1280|1306
1600000US3757800|10125|3533|5835|2409|4290|2194
1600000US3757860|11065|3763|6655|2799|4410|1850
1600000US3758020|6710|3219|4105|2429|2605|1679
1600000US3758140|5620|1913|2810|1261|2810|1284
1600000US3758160|75300|12131|38240|8940|37055|10773
1600000US3758180|2395|2003|1110|1156|1285|1001
1600000US3758260|44650|12530|30765|11194|13885|5253
1600000US3758340|8125|7575|4690|4695|3435|3199
1600000US3758360|45475|14461|29685|13815|15790|4225
1600000US3758420|4835|2241|3190|1624|1645|1192
1600000US3758440|17605|6843|10255|4345|7355|3705
1600000US3758460|29435|8902|16290|6355|13145|5096
1600000US3758620|5025|1702|2915|1191|2110|980
1600000US3758630|43855|26794|16405|11508|27450|25201
1600000US3758720|16980|4456|11405|3437|5570|2202
1600000US3758730|91430|15296|54505|10602|36930|8679
1600000US3758740|19595|6088|12015|4009|7580|2789
1600000US3758840|5530|2638|3770|1569|1760|1279
1600000US3758860|290730|27988|162735|25871|127995|14969
1600000US3758920|5470|2366|2655|1049|2815|2104
1600000US3759090|4980|2023|3245|1433|1735|1007
1600000US3759135|7040|3231|3920|2144|3120|1862
1600000US3759280|292495|25095|163810|15208|128685|16940
1600000US3759340|2285|1061|930|514|1355|692
1600000US3759540|52445|10284|26990|6734|25455|7330
1600000US3759580|11935|5173|4775|1977|7160|4445
1600000US3759765|2500|1854|2065|1625|435|421
1600000US3759780|17230|8920|10730|6058|6500|5142
1600000US3759980|7530|3705|4580|3255|2950|1908
1600000US3760000|18905|7900|8955|5429|9950|4545
1600000US3760080|4890|3466|1900|1699|2985|2205
1600000US3760180|9115|4009|4390|2654|4725|2112
1600000US3760320|91885|18542|53245|15670|38640|10104
1600000US3760505|3055|1538|1455|641|1600|1079
1600000US3760515|57470|20923|20995|8958|36475|17354
1600000US3760560|1295|804|670|628|620|499
1600000US3760800|49180|9488|27620|7565|21560|5324
1600000US3761060|19025|7052|9755|4813|9275|4148
1600000US3761200|169800|18192|81395|13865|88405|11168
1600000US3761860|70675|10830|50765|9090|19915|4314
1600000US3761920|6365|3855|4095|2394|2270|1968
1600000US3761950|72730|20965|48605|19939|24125|8209
1600000US3762040|3445|1827|1490|885|1955|1152
1600000US3762060|11300|8156|5870|5344|5430|3147
1600000US3762190|25920|6948|16075|5035|9845|3539
1600000US3762520|105340|17628|63410|13027|41930|10675
1600000US3762580|3270|3152|660|932|2610|2804
1600000US3762680|36695|10372|19495|6337|17200|6832
1600000US3762760|19475|5506|12980|4213|6495|2534
1600000US3763120|142340|18021|89905|18432|52435|11836
1600000US3763130|25595|6375|11205|3673|14390|4045
1600000US3763240|5095|3069|2315|1681|2780|2025
1600000US3763360|16700|7288|7030|3501|9670|5662
1600000US3763400|28235|7453|18595|6761|9640|3632
1600000US3763470|17940|6346|6700|3161|11240|5203
1600000US3763680|7835|2125|3590|1193|4245|1845
1600000US3763720|635|560|365|380|270|336
1600000US3763760|36085|13620|30705|14176|5380|2079
1600000US3763780|-666666666|-222222222|-666666666|-222222222|-666666666|-222222222
1600000US3763880|35975|9665|15805|6373|20170|6476
1600000US3763920|14060|7536|12670|7580|1390|2124
1600000US3764000|130545|23451|80440|15041|50105|15437
1600000US3764050|13245|4365|6395|2605|6850|3266
1600000US3764160|16830|4552|10470|3550|6355|2682
1600000US3764180|106520|8987|64730|7232|41790|6089
1600000US3764260|21870|8402|12110|5875|9760|4509
1600000US3764380|7060|2659|5245|2322|1815|943
1600000US3764420|198635|21187|104750|13864|93885|13348
1600000US3764460|22275|9421|15445|8971|6835|2416
1600000US3764500|46160|5045|27650|4440|18510|3697
1600000US3764560|11000|3366|4015|1511|6990|2593
1600000US3764580|6555|3413|2695|1287|3860|2670
1600000US3764740|255480|22150|153470|15627|102010|14033
1600000US3764840|22495|5706|14255|4031|8240|2232
1600000US3764940|15845|4790|8040|2676|7805|3218
1600000US3765040|52980|10005|32315|8110|20665|6006
1600000US3765100|11865|5057|6090|2817|5775|2602
1600000US3765120|740|443|170|172|570|365
1600000US3765260|21960|14985|11670|8143|10290|7446
1600000US3765320|2360|1385|1460|1137|900|664
1600000US3765530|2130|984|880|438|1255|739
1600000US3765580|109550|20621|50010|7627|59540|18514
1600000US3765700|1425|1356|390|406|1035|1147
1600000US3765900|20300|5010|8040|2503|12265|4176
1600000US3766040|38720|9099|22765|5921|15955|5203
1600000US3766280|35925|8611|24315|6697|11610|6062
1600000US3766340|1920|1746|680|760|1240|1340
1600000US3766360|38325|9733|20950|7122|17375|5582
1600000US3766460|29925|5324|18195|4257|11730|2562
1600000US3766500|27305|8196|19510|8662|7795|2624
1600000US3766520|24255|13643|7230|3037|17025|13300
1600000US3766700|81045|16470|42810|10169|38235|10504
1600000US3766740|630|615|290|372|340|421
1600000US3766960|16745|6055|11600|5307|5145|2064
1600000US3766980|5050|2276|2835|1790|2215|1046
1600000US3767000|2675|1358|1630|1091|1045|561
1600000US3767420|230995|19878|141770|15865|89225|14727
1600000US3767700|7375|4061|2815|2111|4555|3506
1600000US3767720|17900|3204|9575|1954|8330|1966
1600000US3768040|3620|2317|1990|1217|1630|1835
1600000US3768320|3480|1916|1485|834|1995|1717
1600000US3768340|27000|5251|15265|4177|11735|3532
1600000US3768400|74140|13310|40010|7855|34130|9885
1600000US3768500|42415|11616|19050|4217|23365|9858
1600000US3768520|28895|6061|13500|4001|15400|5029
1600000US3768580|14720|4183|10545|3384|4175|1506
1600000US3768740|3955|4288|3450|4099|505|639
1600000US3769020|41555|12682|23180|7253|18375|6454
1600000US3769260|103550|15433|64640|11485|38910|8492
1600000US3769520|49710|10040|24140|6453|25570|7690
1600000US3769640|21360|7022|12730|5928|8630|4632
1600000US3769680|10625|5387|4595|3023|6030|3313
1600000US3769720|1015|942|645|747|365|284
1600000US3769740|14605|6145|4800|2029|9805|5843
1600000US3769755|2680|2450|2680|2450|-666666666|-222222222
1600000US3769795|10265|8768|4590|3473|5675|5736
1600000US3769840|18870|5516|12040|3657|6830|2951
1600000US3770320|1410|1093|735|590|675|591
1600000US3770340|5550|2477|3840|2170|1705|988
1600000US3770380|58610|15459|41210|15311|17400|5488
1600000US3770480|8360|2967|3420|1329|4940|2453
1600000US3770540|594980|44822|331220|37543|263760|33265
1600000US3770660|59035|11324|31555|8511|27480|6013
1600000US3770720|24450|5996|19245|6110|5205|2404
1600000US3770740|30235|4339|16755|4557|13475|3700
1600000US3770780|21900|7256|13665|5518|8235|3726
1600000US3770820|13400|6183|7020|4360|6380|3928
1600000US3770860|4585|2929|2650|2030|1935|1753
1600000US3770920|18550|6091|8605|2899|9945|4460
1600000US3771100|4940|1763|2535|1142|2410|1178
1600000US3771160|26250|6318|16110|4538|10135|4300
1600000US3771220|79035|18276|44345|12814|34690|7705
1600000US3771240|3880|1490|1570|981|2310|1110
1600000US3771320|1925|1508|1380|1141|545|560
1600000US3771440|-666666666|-222222222|-666666666|-222222222|-666666666|-222222222
1600000US3771460|244760|26834|134705|18509|110055|18131
1600000US3771500|82305|11583|45155|7959|37150|7017
1600000US3771560|35435|8729|13460|5574|21980|6677
1600000US3771600|2210|1092|880|454|1330|863
1600000US3771680|125215|13898|76725|12323|48490|10361
1600000US3771760|42965|10970|28700|8765|14270|5292
1600000US3771780|15110|6496|7485|5726|7625|3560
1600000US3771860|158715|23257|88000|16560|70710|12490
1600000US3771900|24880|5525|15230|4038|9650|3196
1600000US3771940|104980|13951|67255|10336|37725|7765
1600000US3772150|15795|5967|8330|4873|7465|3512
1600000US3772540|7565|3354|4245|2155|3320|1947
1600000US3772600|7105|2538|3500|2286|3610|1997
1600000US3772755|67440|20028|40435|12059|27005|10497
1600000US3773140|52485|8820|36745|7686|15740|3894
1600000US3773160|6905|4477|2095|1327|4810|3569
1600000US3773300|10150|3814|5770|2868|4385|1937
1600000US3773460|13840|12345|5505|4118|8335|9252
1600000US3773660|43855|12765|22175|8486|21685|8378
1600000US3773760|7085|3284|2510|1213|4575|2967
1600000US3773780|-666666666|-222222222|-666666666|-222222222|-666666666|-222222222
1600000US3774020|26630|9352|17240|7810|9390|3849
1600000US3774220|42795|10048|17785|6539|25010|8536
1600000US3774440|963150|51074|490190|31795|472955|39379
1600000US3774540|411550|27999|222190|24160|189355|19292
1600000US3774580|31695|12190|19035|8005|12660|6677
1600000US3774680|9480|3670|3415|1774|6065|2923
1600000US3774720|7685|4774|5725|4499|1960|1220
1600000US3774760|34700|7662|14445|3804|20260|5827
1600000US3775000|2118440|78973|1143760|63346|974685|51669
1600000US3775060|98600|12149|56700|10395|41905|9337
1600000US3775080|4750|2016|2610|1460|2140|1073
1600000US3775280|72110|10302|40500|8263|31610|7447
1600000US3775340|3975|2347|1680|1173|2295|1710
1600000US3775375|12585|8232|6785|4871|5800|4564
1600000US3775780|66730|14039|30895|9551|35830|9261
1600000US3775820|16945|4308|11575|3880|5375|1993
1600000US3775880|6855|5981|5550|5602|1305|1202
1600000US3775960|27615|4725|17270|4129|10345|3908
1600000US3776000|11225|5749|2450|1761|8770|5121
1600000US3776200|33160|10599|18125|6178|15040|6895
1600000US3776220|111705|21038|62270|11680|49440|16158
1600000US4500100|33590|7616|17130|6644|16460|5408
1600000US4500370|5750|4458|835|890|4915|4006
1600000US4500550|292230|35876|173130|27070|119105|23398
1600000US4500775|1885|1540|940|844|945|1133
1600000US4500955|22125|10634|9250|5562|12870|7094
1600000US4501360|276995|27374|164515|27171|112475|13938
1600000US4501450|68490|26293|47285|25163|21205|7992
1600000US4502080|36525|12706|18200|8201|18325|6808
1600000US4502125|6585|2282|2935|1046|3650|1741
1600000US4502440|27735|9500|14485|5817|13250|5640
1600000US4502530|23470|6864|9785|3642|13685|4246
1600000US4502665|20015|7637|11940|6328|8075|4878
1600000US4503115|355|324|355|324|-666666666|-222222222
1600000US4503205|1970|1078|1150|853|820|540
1600000US4503385|23420|9036|15330|5883|8090|3826
1600000US4503430|18075|6515|9010|3840|9065|3725
1600000US4503790|16695|5055|6255|2751|10440|4108
1600000US4504060|43350|13742|26345|10926|17005|5475
1600000US4504300|45220|8514|23645|6298|21575|4924
1600000US4504528|28120|7538|15725|4780|12395|4264
1600000US4504690|131595|19141|80360|11541|51235|12774
1600000US4504915|16275|6741|8235|4935|8040|4174
1600000US4505365|54290|15976|23735|8173|30560|10530
1600000US4505410|41530|8820|23150|6913|18380|6597
1600000US4505545|31600|12298|22645|11940|8960|3172
1600000US4505680|67140|16353|28755|8983|38385|12612
1600000US4505770|165925|25204|96650|18972|69275|11645
1600000US4506040|3990|1986|2220|1165|1770|961
1600000US4506310|19545|4542|9630|3120|9915|3839
1600000US4506400|21550|6923|10440|4842|11110|4018
1600000US4506490|14005|5691|6220|3125|7785|3638
1600000US4507210|373280|43737|192380|26500|180900|27075
1600000US4507255|63245|22151|31510|15282|31735|13651
1600000US4507345|148480|31827|81270|17872|67210|19962
1600000US4507525|7550|3358|3475|1921|4075|1819
1600000US4507535|19900|9054|12430|6572|7470|3534
1600000US4507840|5140|3339|3200|2805|1940|1650
1600000US4508110|3085|3251|1985|2128|1100|1163
1600000US4508155|-666666666|-222222222|-666666666|-222222222|-666666666|-222222222
1600000US4508245|13285|6140|7945|5469|5345|2115
1600000US4508830|3880|1693|2195|1096|1685|993
1600000US4509527|32445|15382|21705|12673|10740|7780
1600000US4509782|-666666666|-222222222|-666666666|-222222222|-666666666|-222222222
1600000US4509865|6730|3793|2815|1306|3915|3270
1600000US4510090|12120|6911|2980|2222|9140|6700
1600000US4510135|6440|5358|5270|4384|1170|1159
1600000US4510270|21380|5761|14775|4569|6605|2792
1600000US4510360|85865|33018|48240|21918|37625|13530
1600000US4510585|-666666666|-222222222|-666666666|-222222222|-666666666|-222222222
1600000US4510720|20430|7362|8285|2593|12145|5664
1600000US4510855|110390|22939|61110|13282|49280|15520
1600000US4510900|2185|1259|1110|730|1070|771
1600000US4511035|13990|4914|8225|3331|5765|2505
1600000US4511125|11255|3771|8560|3237|2695|1235
1600000US4511350|15510|7885|7460|3837|8050|6747
1600000US4511620|37760|9394|16815|5985|20945|6917
1600000US4511755|12385|6023|5100|3661|7290|5145
1600000US4511833|235870|27619|130730|20636|105135|17853
1600000US4512205|15025|9890|6685|4169|8340|6070
1600000US4512430|12175|7303|6120|3785|6055|4813
1600000US4512520|8020|5867|4100|1687|3920|5339
1600000US4512655|134130|19558|71785|14740|62345|12201
1600000US4512925|1355|1395|465|593|890|1122
1600000US4512965|92300|16933|53240|11679|39060|9985
1600000US4513015|48780|8657|34915|8793|13865|4038
1600000US4513060|1580|1144|1330|1072|250|306
1600000US4513150|19840|4237|11655|3061|8185|2306
1600000US4513330|1642090|86333|870250|64731|771840|48037
1600000US4513600|25245|5528|11060|3510|14185|4248
1600000US4514018|21705|9423|11035|5092|10670|6662
1600000US4514050|9960|2988|5140|2023|4820|1566
1600000US4514095|59555|11056|25110|6274|34445|7655
1600000US4514140|10590|3014|5810|2180|4780|1832
1600000US4514230|4270|2325|2525|1643|1745|1274
1600000US4514455|5600|2470|3445|2269|2155|1170
1600000US4514590|1265|1194|770|849|495|548
1600000US4514860|37905|9128|19430|6748|18475|5530
1600000US4514950|139090|18888|90650|15561|48440|7683
1600000US4515040|17910|3899|8025|3101|9885|2677
1600000US4515220|7345|7398|4995|5113|2350|2536
1600000US4515295|55570|8246|29535|6433|26035|6107
1600000US4515310|16660|9050|6595|3940|10065|6167
1600000US4515355|111740|15034|64090|12696|47650|9227
1600000US4516000|1092270|63507|570360|53942|521910|40350
1600000US4516180|15245|12120|13265|11029|1975|1787
1600000US4516360|2645|1644|1115|836|1535|1280
1600000US4516405|241605|23745|126335|15155|115270|16270
1600000US4516675|-666666666|-222222222|-666666666|-222222222|-666666666|-222222222
1600000US4516855|1175|680|745|485|430|297
1600000US4516990|21815|7553|9825|3790|11990|5517
1600000US4517215|7315|2711|3555|1794|3765|2360
1600000US4517260|17155|4892|8690|2818|8470|3266
1600000US4517890|8145|4575|5025|3550|3120|1939
1600000US4518340|2180|2855|2180|2855|-666666666|-222222222
1600000US4518430|34035|11946|18025|7191|16010|6956
1600000US4518475|4175|2539|1995|1486|2180|1249
1600000US4518565|39625|8033|18855|5746|20770|4755
1600000US4518610|7965|6294|5985|5718|1980|2198
1600000US4518706|3725|3101|1845|1711|1880|1847
1600000US4518810|2160|1660|1565|1112|595|750
1600000US4519105|17980|8493|12025|8621|5955|2066
1600000US4519285|149480|53477|53070|12843|96415|49567
1600000US4519420|60025|16593|35100|11473|24925|7875
1600000US4519870|3885|1607|2075|986|1805|1100
1600000US4520365|5110|2569|1780|1793|3330|2155
1600000US4520590|18715|10062|7790|5190|10920|8781
1600000US4521040|7045|2694|4400|2162|2645|1094
1600000US4521130|3945|5177|1580|1725|2365|4149
1600000US4521265|60110|15571|30720|13244|29390|10864
1600000US4521310|37915|7476|20590|5231|17325|4619
1600000US4521985|275245|24105|154695|18000|120545|14358
1600000US4522050|52035|13769|37770|12932|14265|5043
1600000US4522075|23910|8125|13340|5703|10570|5035
1600000US4522390|4270|2222|1815|1669|2455|1505
1600000US4522547|12000|7118|6245|5117|5755|3950
1600000US4522795|29510|8221|19420|7843|10085|3547
1600000US4522997|28615|16399|20310|16561|8305|3932
1600000US4523020|8495|3441|5035|2838|3460|1521
1600000US4523110|17850|11404|8090|4361|9760|7414
1600000US4523200|4810|6110|3700|4746|1110|1516
1600000US4523245|26045|7231|15835|4770|10210|3132
1600000US4523290|24525|8854|13130|5815|11395|5530
1600000US4523335|1715|1547|790|764|925|945
1600000US4523425|3845|2933|2055|2008|1790|1702
1600000US4523470|6375|3457|4170|3151|2205|1056
1600000US4523605|3985|3118|1920|1931|2065|2345
1600000US4523830|29900|13287|15695|7664|14205|7744
1600000US4524020|24380|11986|15650|9596|8730|5386
1600000US4524100|8190|4659|3755|2206|4435|2870
1600000US4524370|32415|11552|9555|4554|22860|10605
1600000US4524505|16575|8064|11215|7377|5355|3713
1600000US4524865|3470|1919|2300|1460|1170|706
1600000US4525360|-666666666|-222222222|-666666666|-222222222|-666666666|-222222222
1600000US4525540|170165|23498|102170|15162|67995|16503
1600000US4525810|300145|28341|153655|15666|146490|20298
1600000US4525945|2745|2100|1090|1062|1650|1229
1600000US4526035|11960|5060|7655|4379|4305|2059
1600000US4526305|91280|12673|49000|8815|42280|9608
1600000US4526372|78670|22200|43325|14007|35340|12347
1600000US4526845|15240|5465|9425|3851|5815|2264
1600000US4526890|287805|29892|176530|23960|111275|15913
1600000US4527070|106235|12315|50385|9086|55850|8849
1600000US4527565|7850|3421|5570|3256|2280|860
1600000US4527835|9740|7240|6745|6022|2995|2829
1600000US4527970|10010|5899|3975|2674|6035|4079
1600000US4528060|82940|11478|41200|8278|41745|8230
1600000US4528375|142970|24038|78855|17427|64115|13290
1600000US4528455|83170|14696|43130|9915|40035|9024
1600000US4528780|22650|6327|13920|4943|8730|3237
1600000US4528825|19355|10519|11265|6297|8090|4780
1600000US4528870|80135|14761|46110|10875|34025|11849
1600000US4529005|4720|5787|4210|5537|510|887
1600000US4529050|10040|2943|5375|1877|4665|1585
1600000US4529275|6555|8641|2235|2594|4320|6134
1600000US4529410|20490|7828|9650|4492|10840|4743
1600000US4529635|33550|9831|20435|8989|13115|6335
1600000US4529815|656280|41966|349355|25331|306925|27715
1600000US4529950|145|185|25|40|120|185
1600000US4530265|11110|3574|6490|2954|4620|1771
1600000US4530355|7030|2586|3785|1375|3245|1634
1600000US4530490|18725|6073|11055|3882|7670|3562
1600000US4530535|3595|2708|2485|2401|1110|608
1600000US4530760|-666666666|-222222222|-666666666|-222222222|-666666666|-222222222
1600000US4530850|630685|33559|327050|23495|303635|26197
1600000US4530895|150055|16059|86510|14230|63545|10811
1600000US4530985|441305|35428|227690|26414|213615|24617
1600000US4531660|8635|5605|5045|3546|3590|3112
1600000US4531885|23870|10359|6485|2975|17385|9176
1600000US4532065|232070|20066|128090|15218|103980|13607
1600000US4532172|1675|1281|1145|1075|530|478
1600000US4532245|84685|14142|46905|10639|37775|7877
1600000US4532335|7855|3253|4970|2380|2885|1889
1600000US4532560|65645|12205|26610|9023|39035|9733
1600000US4532965|10210|3876|4085|2000|6125|3151
1600000US4533100|4505|2684|1055|963|3450|2443
1600000US4533145|12095|5621|6555|3557|5540|3058
1600000US4533640|7755|2089|4460|1459|3295|1534
1600000US4533820|7660|5154|5380|4912|2280|1324
1600000US4533977|27620|12067|16385|9363|11240|5223
1600000US4534045|237115|25896|143120|22495|93995|11095
1600000US4534225|1320|715|725|483|595|411
1600000US4534360|10185|3978|5500|2449|4685|2179
1600000US4534495|73415|19405|43505|16022|29910|8943
1600000US4534720|56055|13400|29395|10044|26660|9969
1600000US4534765|31660|14067|7870|5119|23790|12588
1600000US4534810|30030|9951|19230|7532|10800|4200
1600000US4534990|13290|4541|7545|3262|5745|2728
1600000US4535635|50540|11253|32125|9417|18415|6952
1600000US4535755|32330|6575|17540|5169|14790|5138
1600000US4535800|7915|5508|4675|3546|3240|2806
1600000US4535890|117920|13671|61660|11248|56260|7844
1600000US4535980|19650|8650|12205|5613|7445|5140
1600000US4536115|34845|8987|27215|8406|7630|2678
1600000US4536160|5460|3063|2450|1414|3010|1779
1600000US4536205|15315|4046|8920|2759|6395|2302
1600000US4536250|6255|4286|4865|3245|1390|1245
1600000US4536430|118880|19003|72755|15389|46125|7870
1600000US4536610|9440|4366|3495|1854|5945|3553
1600000US4536655|780|883|180|220|600|847
1600000US4536790|14235|4221|8630|3571|5610|2266
1600000US4537105|10015|3181|6075|2216|3935|1682
1600000US4537150|18630|6147|8975|3627|9655|3794
1600000US4537330|11690|4793|6045|2732|5645|3874
1600000US4537465|22660|8578|13055|5511|9605|4697
1600000US4538058|19480|6942|14475|6371|5010|2443
1600000US4538095|27425|6240|15780|4657|11645|3615
1600000US4538162|12180|5490|8230|3514|3955|2505
1600000US4538590|19240|5837|6555|4332|12685|4302
1600000US4538950|1710|1276|1130|989|580|543
1600000US4539220|219180|37876|139385|27256|79795|20388
1600000US4539265|9340|11088|3595|4186|5745|7133
1600000US4539310|56890|17445|23420|9165|33470|14595
1600000US4539475|96475|26315|59115|19410|37365|11062
1600000US4539512|13830|6377|6890|3642|6940|3517
1600000US4539715|7565|3579|4760|3122|2810|1300
1600000US4539772|47245|20180|27710|9837|19540|15257
1600000US4539785|200365|26541|122395|21105|77970|13843
1600000US4539805|10645|4364|5180|2796|5465|2258
1600000US4539895|88510|9819|48280|9503|40230|7569
1600000US4540075|25450|4716|13325|3913|12125|2782
1600000US4540210|3580|1796|2510|1583|1070|549
1600000US4540390|12865|5434|5675|3292|7190|3732
1600000US4540480|12935|5901|7445|3534|5490|3035
1600000US4540525|66070|25864|41235|20632|24835|8080
1600000US4540615|72970|14150|34530|9041|38440|9569
1600000US4541065|35535|11571|21130|10640|14405|6267
1600000US4541335|250605|19679|129475|13399|121125|15252
1600000US4541380|32130|6576|16325|5283|15805|5466
1600000US4541740|15925|7124|9340|5459|6585|4253
1600000US4541830|52255|12681|28605|7797|23650|8072
1600000US4541965|4275|1981|2340|1055|1935|1423
1600000US4542010|94815|22478|49550|13808|45265|15923
1600000US4542055|3040|2086|1620|1420|1420|1268
1600000US4542095|-666666666|-222222222|-666666666|-222222222|-666666666|-222222222
1600000US4542100|1760|1311|1125|895|635|504
1600000US4542190|4475|2910|1595|1146|2880|2281
1600000US4542280|955|872|375|498|580|696
1600000US4542460|-666666666|-222222222|-666666666|-222222222|-666666666|-222222222
1600000US4542730|28210|8137|11135|3288|17075|6531
1600000US4542820|2535|2049|1510|1825|1025|777
1600000US4542865|3035|1294|1650|825|1385|884
1600000US4543000|116725|13406|70725|11548|45995|6056
1600000US4543090|7690|6004|7255|5965|430|765
1600000US4543315|78070|15499|37450|12662|40620|10807
1600000US4543360|3355|2889|2675|2754|680|525
1600000US4543495|5650|2977|2565|2536|3080|1429
1600000US4543585|10540|3753|6100|2320|4435|1743
1600000US4543630|14195|5306|8960|3910|5235|2973
1600000US4543675|3025|1489|1840|1038|1185|698
1600000US4543720|14795|7331|10495|5339|4300|2703
1600000US4544350|26550|8985|12565|4548|13985|6568
1600000US4544395|4235|2771|1855|1610|2380|1802
1600000US4544575|49965|11338|25965|9914|24005|6985
1600000US4545115|249865|23131|137725|20552|112135|14827
1600000US4545295|6035|2666|1800|1036|4235|2184
1600000US4545430|21475|7087|15170|6381|6310|3740
1600000US4545790|19180|8463|7075|3402|12105|5661
1600000US4547050|10980|6430|10480|6379|500|436
1600000US4547200|15500|4947|6500|3130|9000|3977
1600000US4547275|197090|27192|108180|18345|88910|18158
1600000US4547320|3160|2780|955|806|2205|2446
1600000US4548310|3040|3655|1400|2071|1640|1674
1600000US4548355|1735|1887|675|551|1060|1648
1600000US4548535|863075|57665|499370|47643|363705|31188
1600000US4548737|3265|3122|2735|3097|530|541
1600000US4548805|45375|16159|19590|12966|25785|11125
1600000US4548900|13955|6475|6585|2959|7370|4353
1600000US4548985|82915|16031|38270|9657|44650|10856
1600000US4549075|272775|18750|140145|13989|132630|15256
1600000US4549390|6480|3728|3725|2638|2750|2047
1600000US4549570|90045|17314|50875|12612|39170|9990
1600000US4549705|31035|8949|15955|5511|15080|5389
1600000US4549885|46180|10327|27435|7457|18745|5612
1600000US4550020|3955|2388|1865|1262|2090|1841
1600000US4550110|2945|1644|1955|1386|990|470
1600000US4550290|21145|11332|13090|8341|8055|3811
1600000US4550515|8520|2737|5520|1981|3000|1282
1600000US4550560|7615|4283|4180|2809|3430|2117
1600000US4550695|260170|26175|144280|13997|115890|22718
1600000US4550875|1379125|64522|757530|43694|621600|43832
1600000US4551145|23805|9538|12175|6800|11630|5535
1600000US4551180|46330|10184|28590|7785|17740|4698
1600000US4551280|131575|20440|76405|13329|55170|10937
1600000US4551367|4335|2319|2320|1244|2015|1589
1600000US4551550|2555|1441|1505|939|1055|902
1600000US4551720|115015|12704|59740|8837|55275|8117
1600000US4551887|10110|6085|7615|5231|2495|1851
1600000US4552540|6445|2957|2125|964|4320|2395
1600000US4552585|1255|818|670|578|585|550
1600000US4552900|12040|6459|9595|6033|2445|2339
1600000US4553080|98790|15533|49240|14073|49555|10766
1600000US4553485|-666666666|-222222222|-666666666|-222222222|-666666666|-222222222
1600000US4553845|25240|5558|13730|3894|11510|3033
1600000US4554025|29650|7405|21405|7200|8245|3040
1600000US4554340|8160|4758|5875|4153|2280|1398
1600000US4554535|121325|19511|84865|17452|36460|8572
1600000US4554700|860|808|655|629|205|247
1600000US4554925|2490|1427|1640|1201|850|482
1600000US4554970|3080|2370|870|1150|2210|2201
1600000US4555015|430|234|270|188|160|159
1600000US4555060|5465|2957|2915|1677|2550|1612
1600000US4555420|15285|8566|10400|8160|4885|1570
1600000US4555465|16430|4622|9955|3436|6470|2105
1600000US4555645|41550|8047|20865|6371|20685|7128
1600000US4555960|3585|2306|1515|1018|2070|1834
1600000US4556140|40885|11227|23685|5791|17200|7592
1600000US4556365|45565|12231|26110|7231|19455|8299
1600000US4556545|24580|24612|15520|15421|9060|9827
1600000US4556905|9450|8006|3120|2257|6330|7844
1600000US4556950|22435|4902|9410|2243|13020|3368
1600000US4557085|7130|5114|2950|2298|4180|3097
1600000US4557175|8185|5115|5335|4026|2850|1793
1600000US4557670|845|629|495|461|345|371
1600000US4557850|1705|1020|740|617|965|688
1600000US4558030|120150|17718|74430|9652|45720|13785
1600000US4558170|177100|41924|122920|31797|54180|12786
1600000US4558570|14435|5239|6785|2617|7650|3751
1600000US4558705|11965|4203|5245|2390|6715|2662
1600000US4558795|8475|3638|4905|2198|3570|2141
1600000US4559020|31790|7522|13895|3958|17895|5964
1600000US4559110|127635|17198|67115|12603|60520|9695
1600000US4559190|139685|23262|79075|15829|60615|14071
1600000US4559380|4775|3126|2785|2427|1990|1204
1600000US4559425|27505|7344|13945|4063|13560|4794
1600000US4559920|3385|1780|1310|1254|2075|1077
1600000US4560280|40450|7715|18295|5906|22160|5754
1600000US4560325|8545|3687|4340|2351|4205|2039
1600000US4560370|5240|2696|2800|1668|2440|1467
1600000US4560415|3010|1353|1240|643|1770|1015
1600000US4561112|20470|14607|13885|9258|6585|5644
1600000US4561405|847250|42305|450880|33157|396375|30684
1600000US4561495|1225|1001|720|576|510|548
1600000US4561720|32595|11016|16160|6243|16435|6750
1600000US4562035|3190|1280|1240|848|1950|1092
1600000US4562080|3230|1472|1755|981|1475|746
1600000US4562395|186075|25910|93680|17346|92395|15411
1600000US4562530|12795|4761|7815|4027|4980|2105
1600000US4562620|11740|5384|6580|3903|5160|2691
1600000US4562755|18335|7190|10120|4454|8215|4389
1600000US4562980|2260|1632|1325|1071|930|712
1600000US4563115|2890|1907|1475|1243|1415|1316
1600000US4563250|23780|4749|17255|4475|6520|2422
1600000US4563655|6910|3418|3205|2085|3705|2209
1600000US4563665|120010|31133|79240|24312|40770|11395
1600000US4563700|76220|12713|45055|10025|31165|7045
1600000US4563790|15805|7786|8005|5094|7800|5034
1600000US4564240|26580|6422|17290|3913|9290|3830
1600000US4564465|2770|3830|1875|3448|895|670
1600000US4564600|4905|2763|740|588|4165|2631
1600000US4564690|11795|7129|4820|3353|6975|5176
1600000US4564712|11435|4537|7090|4166|4345|1881
1600000US4565095|64005|10037|33115|7590|30890|6774
1600000US4565207|131395|20371|66335|13236|65065|11581
1600000US4565410|6030|2145|3025|1410|3000|1149
1600000US4565590|10905|9967|5050|4015|5855|6438
1600000US4565680|11280|7513|3905|2117|7375|7054
1600000US4565950|2030|2494|1100|1327|930|1299
1600000US4566400|4135|2989|2395|1662|1735|1590
1600000US4566580|253575|22452|145390|16624|108185|15661
1600000US4566760|11795|6592|7190|5954|4605|2765
1600000US4566917|31610|12874|21810|10387|9800|4482
1600000US4567165|1645|1025|1100|772|545|370
1600000US4567210|565|454|445|404|120|185
1600000US4567255|2015|1366|1200|979|815|685
1600000US4567390|210610|27720|126005|19387|84605|14413
1600000US4567435|8095|4580|2200|1271|5895|4206
1600000US4567705|24920|9406|13030|5855|11890|4361
1600000US4567750|39065|11035|31385|10625|7680|3617
1600000US4568177|10840|5234|6515|4041|4320|2203
1600000US4568290|305355|19314|165890|15636|139460|12799
1600000US4568380|27350|15079|9305|7895|18045|9290
1600000US4568425|22305|5930|12135|3687|10175|2886
1600000US4568470|4975|2184|2895|1324|2080|1087
1600000US4568875|3870|2823|2395|1853|1475|1165
1600000US4568920|5855|5434|1850|1600|4005|4392
1600000US4569010|13415|5501|8415|4462|5000|1968
1600000US4570045|2310|1926|1940|1846|365|265
1600000US4570090|15085|6473|9045|3361|6035|3395
1600000US4570225|10635|5620|6070|3111|4565|3201
1600000US4570270|733825|57293|395990|36867|337835|40304
1600000US4570315|9235|4135|4155|2029|5080|3413
1600000US4570405|337885|24785|178640|17965|159245|16227
1600000US4570585|28780|5038|15995|3700|12785|3173
1600000US4570675|7220|2724|2885|1304|4335|1931
1600000US4570900|1180|878|685|570|495|434
1600000US4571170|-666666666|-222222222|-666666666|-222222222|-666666666|-222222222
1600000US4571305|340|289|95|147|245|198
1600000US4571395|236485|25195|137720|17050|98770|13718
1600000US4571417|139175|24951|67745|15331|71435|16626
1600000US4571658|5445|3154|2370|2818|3075|1061
1600000US4571890|10265|2720|5550|1939|4715|1881
1600000US4571980|14975|5421|10755|4736|4220|2600
1600000US4572430|68055|14085|26795|5570|41260|13367
1600000US4572520|2950|1994|1680|1642|1270|840
1600000US4572655|1440|853|490|527|950|649
1600000US4572745|7640|2449|3885|1715|3755|1244
1600000US4572880|2005|1935|960|1235|1045|899
1600000US4573105|78485|10918|42240|9222|36245|7679
1600000US4573240|4240|3233|2570|2530|1670|2202
1600000US4573330|11595|4652|7185|4262|4410|2247
1600000US4573465|90335|19431|50680|13276|39650|12121
1600000US4573510|3200|3155|2290|2546|910|801
1600000US4573555|10035|3939|5955|3173|4080|1946
1600000US4573600|28780|8578|14775|5395|14005|5663
1600000US4573870|176335|17611|109635|14814|66695|8108
1600000US4574050|13755|7134|5825|3832|7935|5403
1600000US4574095|51030|19615|32090|18674|18940|7974
1600000US4574140|4470|4174|2740|2952|1730|2180
1600000US4574275|57395|14064|33890|11749|23505|6701
1600000US4574590|4270|2864|2410|1937|1860|1386
1600000US4574635|1910|1340|770|480|1140|1034
1600000US4574680|19935|6511|10110|5519|9825|3262
1600000US4574725|8180|3978|4555|2035|3625|2487
1600000US4574995|2290|1996|690|819|1600|1752
1600000US4575220|22870|10573|16205|9666|6665|3931
1600000US4575445|48850|9339|8855|3565|39995|7743
1600000US4575535|93110|32921|55175|23309|37935|24287
1600000US4575580|25230|9571|7925|3810|17305|8931
1600000US4575850|155585|14153|90500|14836|65080|7263
1600000US4576165|20270|6562|13080|5561|7190|3086
1600000US4576345|14690|3965|8245|2570|6445|2068
1600000US4576435|3775|1560|2540|1415|1235|591
1600000US4577042|106955|13941|54520|8517|52435|8647
1600000US4577380|16480|6190|9460|4939|7020|4266
1600000US4577425|41340|13429|25410|12171|15930|5061
1600000US4577672|15205|8596|11015|8296|4190|1663
1600000US4577785|1185|848|620|545|565|641
1600000US4577875|48180|8282|27335|7722|20845|4954
1600000US4577920|-666666666|-222222222|-666666666|-222222222|-666666666|-222222222
1600000US4577965|27800|6140|15015|4402|12785|4518
1600000US4578190|2340|1302|775|577|1565|1099
1600000US4578460|31895|10874|15305|8556|16590|4901
1600000US4578505|18070|7044|6725|3839|11345|5343
1600000US4578820|89375|19798|52560|16952|36815|8723
1600000US4578910|1795|1165|885|1004|910|836
1600000US4579090|60520|14078|39855|14783|20670|4147
1600000US4579341|46760|11588|21935|5264|24825|9155
1600000US4579450|16970|5157|8665|4073|8305|2999
1600000US4579630|116575|14884|63730|10508|52845|11769
1600000US4579720|2145|1515|-666666666|-222222222|2145|1515
860Z200US27006|181580|30183|107970|18703|73610|21165
860Z200US27007|26310|7286|14315|4843|11995|3649
860Z200US27009|26780|8066|15070|5423|11710|4557
860Z200US27011|81280|15346|46265|13116|35015|9684
860Z200US27012|294670|23032|173745|17852|120925|13652
860Z200US27013|79125|15338|47695|12335|31435|8673
860Z200US27014|11245|4118|5515|3075|5730|2679
860Z200US27016|23275|7027|11385|3910|11890|5203
860Z200US27017|99435|15291|53590|10641|45845|9412
860Z200US27018|94440|21733|55945|13953|38495|9933
860Z200US27019|29945|8009|16860|4929|13085|5254
860Z200US27020|100685|23748|67945|21938|32740|9023
860Z200US27021|182525|34465|110190|25715|72340|15577
860Z200US27022|17770|7294|8375|3653|9395|4489
860Z200US27023|137260|22595|89010|16695|48250|10735
860Z200US27024|32355|12279|12790|4392|19570|11596
860Z200US27025|124945|20624|75420|14091|49520|13364
860Z200US27027|43250|9078|22365|5975|20885|6067
860Z200US27028|300335|24639|163260|19365|137075|13983
860Z200US27030|341055|29204|191480|22474|149575|16643
860Z200US27040|120575|17428|75125|12969|45450|7569
860Z200US27041|100870|19587|56395|12732|44475|13022
860Z200US27042|3480|2776|1670|1912|1810|1307
860Z200US27043|71430|16859|42560|14556|28870|6307
860Z200US27045|143280|44052|91730|35043|51550|12298
860Z200US27046|52230|22324|34975|13997|17255|11434
860Z200US27047|13980|5478|6175|3188|7805|3726
860Z200US27048|100580|21896|48390|11031|52190|13721
860Z200US27050|42010|9864|23400|4969|18610|6426
860Z200US27051|66565|9174|33400|6742|33165|6914
860Z200US27052|146600|24724|87305|20923|59295|10222
860Z200US27053|41930|12482|24075|8214|17860|7609
860Z200US27054|22230|9868|9820|3878|12410|9266
860Z200US27055|152995|18166|93955|14174|59040|10592
860Z200US27101|150445|16625|84605|11088|65845|10528
860Z200US27103|292690|37386|145565|21001|147125|26055
860Z200US27104|234475|25291|128045|15323|106430|17428
860Z200US27105|361520|45586|192795|35061|168720|28347
860Z200US27106|413235|40487|215090|27202|198145|28044
860Z200US27107|480570|46810|277850|36767|202715|27963
860Z200US27109|4975|4262|2655|3397|2320|2271
860Z200US27110|2585|3925|1740|3614|845|896
860Z200US27127|407330|41823|227145|26474|180185|28077
860Z200US27203|228735|45822|130945|31423|97785|21410
860Z200US27205|362075|32617|216920|24759|145160|17081
860Z200US27207|81215|26629|45445|20493|35770|11373
860Z200US27208|20155|5107|13015|3589|7140|2928
860Z200US27209|37600|13472|20375|8132|17225|8013
860Z200US27212|11570|5644|6305|4431|5265|2948
860Z200US27214|170335|35027|98650|27363|71685|15030
860Z200US27215|465230|41019|259745|33591|205480|16524
860Z200US27217|455570|39171|263495|27189|192070|22337
860Z200US27229|33885|8838|19005|5790|14880|5357
860Z200US27231|26625|3770|14610|2710|12015|2450
860Z200US27233|36505|10425|17310|5088|19195|7155
860Z200US27235|47555|18460|19015|6068|28540|16515
860Z200US27239|91730|13799|53510|11065|38215|8285
860Z200US27242|14925|8592|9925|6132|5000|4693
860Z200US27243|58035|12250|27745|6195|30295|9686
860Z200US27244|140630|22675|84445|17303|56185|8669
860Z200US27247|-666666666|-222222222|-666666666|-222222222|-666666666|-222222222
860Z200US27248|65030|16467|41025|11941|24005|7569
860Z200US27249|141475|26008|72370|16320|69105|14909
860Z200US27252|22080|14661|11100|8599|10980|6814
860Z200US27253|383640|32754|212605|24723|171035|17620
860Z200US27258|85280|19461|46575|9440|38710|12926
860Z200US27260|175315|22207|86305|14477|89010|14002
860Z200US27262|232305|23683|116955|15321|115350|16709
860Z200US27263|194940|21885|113575|17037|81370|11820
860Z200US27265|463185|33878|248290|24508|214895|19534
860Z200US27268|4025|2135|1475|1477|2550|1601
860Z200US27278|274640|31185|151750|19903|122890|17852
860Z200US27281|39970|8080|27065|6958|12905|3401
860Z200US27282|151665|20379|77250|12595|74415|13596
860Z200US27283|37520|13489|21975|8000|15545|6440
860Z200US27284|604560|43033|344450|32460|260110|24903
860Z200US27288|233470|23428|135575|19997|97900|14306
860Z200US27291|17360|7250|8760|4499|8600|5456
860Z200US27292|424235|33487|217625|21489|206615|23523
860Z200US27295|398095|33154|239270|23314|158825|16691
860Z200US27298|123070|19346|71765|13057|51305|10708
860Z200US27299|53440|14850|25405|8249|28035|9422
860Z200US27301|99960|21543|59125|12640|40840|12406
860Z200US27302|431915|44553|223490|20238|208425|33763
860Z200US27305|12995|7310|8835|5214|4165|2717
860Z200US27306|66070|13884|35460|9647|30610|7517
860Z200US27310|55720|8430|31690|5526|24030|4620
860Z200US27311|45125|11912|26470|10033|18660|6436
860Z200US27312|257595|29071|146855|21040|110735|18680
860Z200US27313|83055|18991|49155|15706|33900|11154
860Z200US27314|6065|3958|1315|1260|4750|3661
860Z200US27315|14875|6051|9700|4788|5175|2554
860Z200US27316|82310|13870|44730|10253|37580|8075
860Z200US27317|174760|28751|109425|22665|65335|10520
860Z200US27320|428825|44374|250250|28338|178580|24491
860Z200US27325|82295|17642|55460|13076|26835|7264
860Z200US27326|52530|12847|31280|8569|21250|6694
860Z200US27330|415475|33943|229990|21451|185485|21315
860Z200US27332|463420|57267|285860|42860|177560|21852
860Z200US27340|-666666666|-222222222|-666666666|-222222222|-666666666|-222222222
860Z200US27341|78200|18743|40530|10775|37670|12614
860Z200US27343|14625|7833|8510|4756|6115|3866
860Z200US27344|200160|24243|120270|15315|79885|17989
860Z200US27349|96445|17330|56185|11848|40260|10273
860Z200US27350|76275|20174|50425|16392|25850|9788
860Z200US27355|28885|7234|20715|5926|8170|4082
860Z200US27356|25120|8403|11320|5571|13800|5495
860Z200US27357|99165|17868|56505|12896|42660|9070
860Z200US27358|158795|27049|82140|13255|76655|20468
860Z200US27360|477370|40017|284385|30242|192985|22736
860Z200US27370|171450|20646|98230|13206|73220|14016
860Z200US27371|76945|12407|43995|9149|32955|7782
860Z200US27376|108475|23865|53020|12275|55455|18085
860Z200US27377|125165|23872|62335|14042|62825|15072
860Z200US27379|34935|7085|16095|4784|18840|5742
860Z200US27401|179030|23065|79870|14629|99160|16348
860Z200US27403|166970|23124|96000|16447|70970|17941
860Z200US27405|512405|45295|267360|30569|245045|35478
860Z200US27406|582995|65651|326850|57049|256145|27497
860Z200US27407|491820|45935|253040|32782|238780|25530
860Z200US27408|127250|14661|73405|11413|53840|8250
860Z200US27409|198505|28038|97435|21346|101075|16149
860Z200US27410|457890|40297|234375|23141|223515|26592
860Z200US27411|3500|1705|755|701|2745|1864
860Z200US27412|9900|4263|2805|1287|7095|3714
860Z200US27455|307890|42287|161540|28153|146350|25466
860Z200US27501|401930|48953|238005|32097|163925|26139
860Z200US27502|432875|32410|228655|25371|204220|22033
860Z200US27503|39455|11773|19925|7183|19530|7626
860Z200US27504|207155|26291|116770|18511|90385|15845
860Z200US27505|95650|19047|50835|13554|44815|11677
860Z200US27506|4620|2738|2655|2557|1965|1142
860Z200US27507|27115|15216|19575|12343|7540|4260
860Z200US27508|20865|9867|10495|5086|10370|6453
860Z200US27509|36735|9588|19195|6567|17540|5696
860Z200US27510|143700|16818|90535|15274|53165|9850
860Z200US27511|274205|31570|155275|26550|118930|15962
860Z200US27513|378395|38663|216355|29848|162040|17047
860Z200US27514|200035|19612|104510|14306|95525|10006
860Z200US27516|361545|25700|185310|17561|176235|16429
860Z200US27517|209160|20397|114945|17007|94215|11146
860Z200US27518|144210|17885|73125|13647|71085|10536
860Z200US27519|485720|37648|269855|25156|215865|24156
860Z200US27520|635975|56823|359990|37687|275985|33299
860Z200US27521|87950|23978|60170|20670|27780|7090
860Z200US27522|156700|20744|71460|12085|85245|15882
860Z200US27523|148445|19405|85390|14368|63055|10321
860Z200US27524|188360|23590|104695|15122|83670|15797
860Z200US27525|222945|27917|125300|19524|97645|16692
860Z200US27526|760860|60059|440185|38891|320675|36897
860Z200US27527|514885|52913|312115|43156|202775|25360
860Z200US27529|611770|47350|350850|34407|260920|27563
860Z200US27530|331550|31670|194900|25078|136650|15565
860Z200US27531|2890|681|2515|626|375|365
860Z200US27533|-666666666|-222222222|-666666666|-222222222|-666666666|-222222222
860Z200US27534|273980|29433|159585|22493|114395|17248
860Z200US27536|118780|13575|50405|9186|68375|11914
860Z200US27537|271040|31626|124105|15393|146935|26657
860Z200US27539|229415|26883|134800|19606|94610|14224
860Z200US27540|461335|42002|271675|26097|189660|26232
860Z200US27541|50740|15225|27105|8409|23635|9537
860Z200US27542|117490|19848|58760|11088|58730|12767
860Z200US27544|33410|11474|17635|6321|15775|9015
860Z200US27545|352700|29951|185790|18155|166910|23444
860Z200US27546|253215|31708|138530|22074|114685|17588
860Z200US27549|384360|39966|227785|29989|156575|20019
860Z200US27551|17415|5943|12640|4835|4775|2265
860Z200US27553|13550|6643|5215|3047|8335|5634
860Z200US27555|5570|4093|4390|3529|1180|783
860Z200US27557|147065|39972|81855|17935|65210|26257
860Z200US27559|38390|11564|22830|8758|15555|5075
860Z200US27560|331040|36443|185575|31501|145465|15032
860Z200US27562|38310|14841|23280|10645|15030|7826
860Z200US27563|49630|14063|25585|10097|24045|8106
860Z200US27565|261700|30786|130335|22213|131365|19890
860Z200US27568|11895|4537|7950|3580|3945|2371
860Z200US27569|112425|17507|64595|13759|47830|9541
860Z200US27570|-666666666|-222222222|-666666666|-222222222|-666666666|-222222222
860Z200US27571|104565|14429|56605|11726|47960|8532
860Z200US27572|68660|13639|36840|8249|31815|9106
860Z200US27573|110315|18052|60750|12881|49565|13376
860Z200US27574|202175|25594|107230|20558|94945|14291
860Z200US27576|316195|40480|196325|29113|119870|23024
860Z200US27577|307400|34369|188810|26020|118590|19051
860Z200US27581|45545|11763|23740|8103|21805|8608
860Z200US27582|2465|1401|1520|1143|945|673
860Z200US27583|96190|20935|46070|12313|50115|14087
860Z200US27587|903275|54428|508510|41854|394765|39905
860Z200US27589|76100|13169|44595|10782|31505|5958
860Z200US27591|368660|47327|218735|37214|149925|20021
860Z200US27592|287755|39036|168665|27857|119090|20391
860Z200US27593|-666666666|-222222222|-666666666|-222222222|-666666666|-222222222
860Z200US27594|-666666666|-222222222|-666666666|-222222222|-666666666|-222222222
860Z200US27596|306460|34279|168475|23523|137980|21037
860Z200US27597|409110|55810|243795|42188|165315|31146
860Z200US27599|-666666666|-222222222|-666666666|-222222222|-666666666|-222222222
860Z200US27601|68215|14890|34565|8880|33650|9710
860Z200US27603|587965|47405|347010|37049|240960|26097
860Z200US27604|439270|50420|239475|34893|199790|33096
860Z200US27605|42815|9843|22540|5607|20275|7083
860Z200US27606|422085|35910|247890|30263|174195|19098
860Z200US27607|203605|24710|94475|17981|109130|15886
860Z200US27608|81865|14182|48975|11815|32890|8957
860Z200US27609|320560|31301|192685|25296|127875|17975
860Z200US27610|806900|57867|394335|43860|412560|43371
860Z200US27612|406620|39658|210205|23675|196415|29465
860Z200US27613|366480|28706|201440|19979|165040|16331
860Z200US27614|280050|25851|153115|16763|126930|18981
860Z200US27615|365965|33973|183750|19248|182215|26248
860Z200US27616|735215|73681|425885|67696|309330|35609
860Z200US27617|191165|16821|100735|13035|90430|13323
860Z200US27695|5230|4537|1220|1432|4010|3564
860Z200US27697|-666666666|-222222222|-666666666|-222222222|-666666666|-222222222
860Z200US27701|224420|24405|118045|14799|106375|18003
860Z200US27703|612310|55320|333590|39261|278720|28493
860Z200US27704|418780|37675|227040|34291|191745|27068
860Z200US27705|375605|47897|225535|45275|150070|16946
860Z200US27707|438425|38882|232715|31246|205710|20804
860Z200US27708|10780|3560|3110|2209|7665|2773
860Z200US27709|-666666666|-222222222|-666666666|-222222222|-666666666|-222222222
860Z200US27712|227970|29487|134065|20528|93905|19758
860Z200US27713|572405|43632|297020|32390|275390|24595
860Z200US27801|149560|17729|76855|11859|72705|13785
860Z200US27803|165315|22490|100665|19087|64650|10198
860Z200US27804|277770|27755|139195|17228|138580|19569
860Z200US27805|31245|9542|19210|6666|12035|4484
860Z200US27806|14260|3949|7350|2718|6910|2302
860Z200US27807|72930|11876|38615|8086|34315|6516
860Z200US27808|30150|6457|14615|4405|15535|5111
860Z200US27809|38985|10025|19060|6125|19925|7020
860Z200US27810|27940|6918|19965|5907|7975|2709
860Z200US27812|21565|6106|12255|3626|9315|3441
860Z200US27813|12955|6793|8275|5149|4680|2615
860Z200US27814|22515|11284|6880|3512|15635|9345
860Z200US27815|-666666666|-222222222|-666666666|-222222222|-666666666|-222222222
860Z200US27816|17745|6201|10125|4739|7620|4851
860Z200US27817|79865|11693|44255|8621|35610|6840
860Z200US27818|12575|6349|8535|5678|4040|1988
860Z200US27819|2755|1833|920|855|1835|1594
860Z200US27820|26640|6296|13325|4410|13310|2868
860Z200US27822|64860|11107|35065|7666|29795|6308
860Z200US27823|54490|8874|24730|6653|29765|6807
860Z200US27824|28030|14022|8155|5411|19875|9800
860Z200US27825|1335|1964|630|1092|705|1036
860Z200US27826|3125|3411|1805|1888|1320|1786
860Z200US27828|80675|16942|37470|16857|43205|8529
860Z200US27829|33435|34014|6130|3435|27305|31047
860Z200US27830|48025|11891|24035|5723|23990|10721
860Z200US27831|17950|5850|9035|4251|8920|3326
860Z200US27832|22865|5536|13925|4020|8945|3288
860Z200US27834|479420|47254|283765|42990|195655|17664
860Z200US27837|79050|16939|47020|13640|32030|8491
860Z200US27839|22560|8467|12050|7455|10510|4195
860Z200US27840|2725|1921|1930|1735|795|761
860Z200US27842|16990|7578|11295|5221|5695|3060
860Z200US27843|7990|4166|4400|2393|3590|2365
860Z200US27844|37480|6199|18625|4649|18860|4185
860Z200US27845|17235|6679|7630|4245|9605|4236
860Z200US27846|32775|8725|19980|6372|12795|4992
860Z200US27847|12135|5357|8845|4305|3290|2021
860Z200US27849|8905|4125|3985|2653|4920|3010
860Z200US27850|70220|14366|43815|11541|26405|7154
860Z200US27851|47330|7632|29240|5722|18090|4438
860Z200US27852|28770|9274|13855|3898|14915|6333
860Z200US27853|23995|11322|11365|7332|12630|6367
860Z200US27855|54495|8728|29810|7634|24685|4903
860Z200US27856|158070|25337|78550|15593|79520|16457
860Z200US27857|14115|6887|5580|3492|8540|4873
860Z200US27858|472140|34487|254840|25383|217300|18825
860Z200US27860|12200|5550|7830|4035|4370|3098
860Z200US27862|5385|2250|2665|1476|2720|1194
860Z200US27863|163445|25781|96090|18849|67355|14095
860Z200US27864|38895|9548|23795|6721|15095|5257
860Z200US27865|23525|9105|10690|5209|12835|6140
860Z200US27866|7015|3301|1840|1260|5175|2982
860Z200US27869|18860|7555|6110|2771|12750|5519
860Z200US27870|209490|30163|117720|24183|91770|15780
860Z200US27871|39770|9945|16905|6724|22865|7687
860Z200US27872|2395|2003|1110|1156|1285|1001
860Z200US27873|1210|612|480|248|730|475
860Z200US27874|33460|12173|17135|6407|16325|9124
860Z200US27875|2450|2011|1070|1032|1380|1316
860Z200US27876|10655|4387|5695|3422|4960|2830
860Z200US27877|-666666666|-222222222|-666666666|-222222222|-666666666|-222222222
860Z200US27878|11460|4848|5100|2981|6365|3489
860Z200US27879|2440|1435|1140|756|1300|882
860Z200US27880|51965|15284|32925|11526|19040|5457
860Z200US27882|83505|13232|48950|8997|34560|8079
860Z200US27883|54230|13267|27945|7526|26285|7336
860Z200US27884|28255|19131|24795|17469|3455|2306
860Z200US27885|7705|4784|3750|2364|3955|2973
860Z200US27886|157000|19099|85385|12802|71615|11395
860Z200US27888|35280|13887|21770|8211|13510|7572
860Z200US27889|231360|28255|120530|18093|110835|17546
860Z200US27890|18775|6423|8095|5798|10675|3851
860Z200US27891|55535|10918|31690|7873|23845|6118
860Z200US27892|133430|19064|62315|10823|71115|14918
860Z200US27893|270635|23901|137695|16366|132940|15949
860Z200US27896|223585|20836|127280|20229|96305|13212
860Z200US27897|11745|3952|4835|1995|6910|3006
860Z200US27909|459230|34726|262205|22716|197025|25277
860Z200US27910|102610|13041|57580|10368|45025|7381
860Z200US27916|22175|8044|17980|7285|4200|2252
860Z200US27917|10095|6182|3300|2055|6795|5579
860Z200US27919|22025|10395|12130|7623|9895|4640
860Z200US27920|9695|7215|7315|6190|2380|2017
860Z200US27921|52380|14490|35380|14320|17000|4524
860Z200US27922|6300|2585|2565|1448|3735|1704
860Z200US27923|16990|10454|8265|6038|8725|5477
860Z200US27924|44285|11380|27165|12938|17120|5900
860Z200US27925|37260|8914|19095|6732|18165|5927
860Z200US27926|36490|13179|24410|10079|12080|4555
860Z200US27927|7495|6617|4050|3866|3445|3288
860Z200US27928|23310|9472|14390|8500|8920|3766
860Z200US27929|57750|15683|35565|9824|22180|8474
860Z200US27932|121385|23178|68280|17440|53105|12314
860Z200US27935|14785|5922|10080|4753|4705|3924
860Z200US27936|5415|3736|1950|1882|3465|2973
860Z200US27937|49355|10142|28915|6839|20440|5981
860Z200US27938|31165|12884|14940|6477|16225|9750
860Z200US27939|25920|6759|14555|4730|11365|4123
860Z200US27941|5285|3559|2295|1360|2990|2943
860Z200US27942|9535|3931|6650|3949|2880|1446
860Z200US27943|1910|1429|1090|1462|820|824
860Z200US27944|139955|18675|71170|12617|68790|13006
860Z200US27946|20485|9357|14200|8700|6280|2806
860Z200US27947|14570|9854|9865|8496|4705|2546
860Z200US27948|125975|19090|73305|13591|52675|9922
860Z200US27949|78435|13652|43450|10261|34985|7775
860Z200US27950|43455|10118|23395|4573|20060|7595
860Z200US27953|7455|3413|3585|1696|3870|2405
860Z200US27954|59110|10908|30145|8652|28965|7085
860Z200US27956|2590|2551|2100|2030|490|611
860Z200US27957|7755|4774|2385|2006|5370|3164
860Z200US27958|239735|25117|142300|17370|97435|14134
860Z200US27959|31955|11316|20655|8238|11300|8182
860Z200US27960|5575|4907|2465|2942|3115|3907
860Z200US27962|61490|19636|40320|15860|21170|7499
860Z200US27964|15285|11301|11635|9384|3650|2801
860Z200US27965|9205|4201|5680|3440|3525|2532
860Z200US27966|26425|9787|15020|6148|11405|4944
860Z200US27968|16930|10737|7375|4821|9555|8220
860Z200US27970|27045|14017|19830|13677|7215|2888
860Z200US27973|19670|7045|10395|5033|9275|3768
860Z200US27974|15550|6262|8565|3866|6985|4635
860Z200US27976|57230|11326|29655|8229|27575|6734
860Z200US27978|5480|5666|4380|5736|1100|983
860Z200US27979|25545|16878|7530|4441|18015|15578
860Z200US27980|25135|10641|16825|8022|8310|4605
860Z200US27981|18580|6098|8635|2913|9945|4460
860Z200US27982|-666666666|-222222222|-666666666|-222222222|-666666666|-222222222
860Z200US27983|47315|11089|20840|7830|26475|6386
860Z200US27985|2045|1241|810|619|1235|1100
860Z200US27986|9275|3317|4730|1780|4545|2606
860Z200US28001|270125|26481|171110|22902|99015|12748
860Z200US28006|10860|4694|5650|3155|5210|2337
860Z200US28007|12515|5896|8030|5119|4485|2469
860Z200US28009|12695|4493|6210|3077|6480|2437
860Z200US28012|279645|23593|157485|17062|122160|13980
860Z200US28016|144980|14316|95460|11463|49520|7428
860Z200US28017|1275|1099|895|1034|380|352
860Z200US28018|48580|10649|29935|7797|18645|5009
860Z200US28019|-666666666|-222222222|-666666666|-222222222|-666666666|-222222222
860Z200US28020|39145|15253|20730|9843|18410|7422
860Z200US28021|172420|27742|105150|22124|67270|12559
860Z200US28023|167265|24813|93510|16325|73755|15733
860Z200US28024|-666666666|-222222222|-666666666|-222222222|-666666666|-222222222
860Z200US28025|680305|41610|378155|30845|302145|25876
860Z200US28027|905650|47989|526300|41711|379350|28694
860Z200US28031|295540|23723|166440|20963|129095|14201
860Z200US28032|32280|6412|15425|3740|16855|5073
860Z200US28033|55600|18288|43295|17051|12305|4312
860Z200US28034|246560|28634|144030|20582|102530|14402
860Z200US28036|205980|20517|122375|17023|83605|11198
860Z200US28037|332265|31019|196695|21550|135570|16010
860Z200US28040|71525|12245|37735|8595|33790|8226
860Z200US28041|-666666666|-222222222|-666666666|-222222222|-666666666|-222222222
860Z200US28042|1935|1505|760|703|1175|1246
860Z200US28043|203515|29153|111635|19240|91880|16741
860Z200US28052|342170|32679|205140|24189|137030|17483
860Z200US28054|439015|33003|246765|22936|192250|23613
860Z200US28056|470160|32654|287810|26944|182350|16038
860Z200US28071|57550|14414|40070|11306|17480|5923
860Z200US28072|9055|6571|4060|3666|4995|3713
860Z200US28073|75420|16264|48550|13308|26875|6478
860Z200US28075|207905|23193|114105|17750|93800|14507
860Z200US28078|780625|67554|444435|54125|336190|29276
860Z200US28079|511205|30666|282265|23186|228940|20449
860Z200US28080|96795|20413|55735|13694|41060|10113
860Z200US28081|370885|40450|216435|23766|154450|23665
860Z200US28083|299430|32419|168810|23112|130620|20520
860Z200US28086|321555|33393|186405|25151|135145|20534
860Z200US28088|32990|9542|15560|5624|17430|6216
860Z200US28090|94180|21608|52665|15724|41510|10600
860Z200US28091|23005|9550|13010|4917|9995|5436
860Z200US28092|451765|46190|268190|32992|183575|24539
860Z200US28097|93245|15263|55085|11465|38160|10689
860Z200US28098|30230|7805|15740|3885|14490|4765
860Z200US28101|9715|3442|5585|2153|4130|1912
860Z200US28102|495|509|380|486|115|123
860Z200US28103|135895|24925|75330|14442|60565|12864
860Z200US28104|398640|30593|231225|23632|167415|16136
860Z200US28105|502805|35735|286675|22474|216130|19533
860Z200US28107|136165|22400|82210|18908|53955|10635
860Z200US28109|2520|1414|1060|746|1460|1161
860Z200US28110|761670|57506|468225|44598|293445|32485
860Z200US28112|380080|39926|223795|27145|156285|19023
860Z200US28114|77110|16703|55850|14881|21260|4986
860Z200US28115|442725|34341|269235|24325|173490|20325
860Z200US28117|534430|40698|333885|33106|200550|21512
860Z200US28119|33080|10859|22570|7570|10510|5525
860Z200US28120|279910|25952|155600|19853|124310|13435
860Z200US28124|81550|15642|43575|9633|37975|11816
860Z200US28125|31760|10226|20545|7019|11220|4766
860Z200US28127|102800|19754|62745|14732|40055|9819
860Z200US28128|72235|12644|42450|10014|29780|5941
860Z200US28129|82565|12452|51315|9849|31250|6183
860Z200US28133|26745|6338|15010|5312|11730|4160
860Z200US28134|122435|15628|63620|10543|58815|10020
860Z200US28135|42740|13254|27025|9725|15715|5273
860Z200US28136|1645|2089|210|267|1435|1951
860Z200US28137|26990|7269|13470|5149|13520|4452
860Z200US28138|115280|19672|73385|14049|41895|9090
860Z200US28139|193810|24353|105820|15625|87990|15009
860Z200US28144|204775|29854|113715|20897|91065|14895
860Z200US28146|357205|42019|197345|27181|159860|27975
860Z200US28147|281815|48903|181675|43635|100140|15550
860Z200US28150|258575|26555|133405|17364|125170|16728
860Z200US28152|226370|26149|122415|17082|103955|14774
860Z200US28159|34990|13551|29745|14125|5245|2087
860Z200US28160|30690|9124|13235|6222|17455|6321
860Z200US28163|88475|15472|49430|11587|39045|8238
860Z200US28164|202785|22100|102845|14603|99940|14069
860Z200US28166|118375|19723|65545|11328|52830|14382
860Z200US28167|20775|9766|10350|5669|10425|4791
860Z200US28168|152280|26551|72930|15072|79345|18695
860Z200US28170|99475|20760|63760|17710|35715|9148
860Z200US28173|712625|44061|420735|31420|291890|27817
860Z200US28174|102980|19578|45820|9678|57160|13444
860Z200US28202|162345|21376|90785|17309|71560|12207
860Z200US28203|211250|19386|102225|12734|109025|14752
860Z200US28204|101815|20584|59415|19070|42400|9127
860Z200US28205|555200|36222|321700|30668|233500|17458
860Z200US28206|130810|16465|69920|14138|60885|10554
860Z200US28207|73065|18149|46055|14167|27010|8979
860Z200US28208|361700|45505|183320|22804|178385|33380
860Z200US28209|238340|23206|139965|18630|98375|14717
860Z200US28210|443845|38275|227430|24550|216415|22565
860Z200US28211|275945|30554|150430|24866|125515|16040
860Z200US28212|499960|39831|291630|30347|208330|24691
860Z200US28213|447415|36543|235070|22194|212345|26158
860Z200US28214|488905|76735|233055|27876|255850|67993
860Z200US28215|723135|57145|397120|42647|326015|37119
860Z200US28216|444245|46299|231205|32496|213040|27366
860Z200US28217|328875|36409|186270|29334|142605|16857
860Z200US28223|24075|7751|8845|3695|15230|7306
860Z200US28226|339680|34550|203470|20922|136210|20072
860Z200US28227|700755|44663|377885|29319|322870|28430
860Z200US28244|-666666666|-222222222|-666666666|-222222222|-666666666|-222222222
860Z200US28262|326535|36316|160610|21238|165925|24845
860Z200US28269|622965|50678|321965|28535|301000|33656
860Z200US28270|328480|23010|180655|18320|147825|14150
860Z200US28273|509660|50863|259940|33302|249720|26691
860Z200US28274|3345|2124|795|579|2550|2193
860Z200US28277|662920|42612|339705|27820|323215|29051
860Z200US28278|405285|32710|231695|24092|173590|16880
860Z200US28280|-666666666|-222222222|-666666666|-222222222|-666666666|-222222222
860Z200US28282|-666666666|-222222222|-666666666|-222222222|-666666666|-222222222
860Z200US28301|131525|17506|58130|10317|73395|10549
860Z200US28303|234340|20095|129155|15031|105185|10605
860Z200US28304|340995|23439|196390|18744|144600|12285
860Z200US28305|48810|9300|31075|7160|17735|5460
860Z200US28306|416375|26495|238730|22367|177645|12645
860Z200US28307|79695|6933|51945|4390|27750|4575
860Z200US28308|2725|1977|2525|1973|200|252
860Z200US28310|57175|5920|52200|5856|4975|1997
860Z200US28311|344660|23467|187120|16206|157540|17212
860Z200US28312|212440|19617|114360|13240|98080|14834
860Z200US28314|534640|29315|286790|19657|247855|24126
860Z200US28315|183365|23685|109230|18050|74140|15659
860Z200US28318|41595|8861|24210|6482|17385|5045
860Z200US28320|74155|12769|38630|8993|35530|8004
860Z200US28323|58155|13480|31165|7862|26990|8686
860Z200US28325|5345|4577|3110|4321|2235|1566
860Z200US28326|310255|42296|196305|33729|113955|19784
860Z200US28327|200280|19736|128535|15155|71750|10034
860Z200US28328|229005|27034|135325|17742|93675|15800
860Z200US28330|-666666666|-222222222|-666666666|-222222222|-666666666|-222222222
860Z200US28332|6200|4108|4375|3186|1830|1219
860Z200US28333|116315|17611|77325|14213|38990|9993
860Z200US28334|251990|28593|153145|23646|98845|11366
860Z200US28337|80660|21543|52985|14380|27675|10733
860Z200US28338|35035|8166|18435|6932|16600|3371
860Z200US28339|101655|16450|53245|12270|48405|10292
860Z200US28340|92645|14838|46200|8351|46445|11220
860Z200US28341|32225|13023|17985|10455|14240|4549
860Z200US28342|1255|1096|550|520|705|745
860Z200US28343|16670|7886|10360|6831|6310|2307
860Z200US28344|46400|15097|30980|11302|15425|6711
860Z200US28345|118470|15515|67780|12663|50690|8624
860Z200US28347|13205|4628|6835|3783|6370|2932
860Z200US28348|390225|34523|213065|22793|177160|21340
860Z200US28349|39780|12413|23685|10009|16095|5542
860Z200US28351|49480|12423|22725|7054|26760|8965
860Z200US28352|162080|17321|84935|12503|77145|9876
860Z200US28355|-666666666|-222222222|-666666666|-222222222|-666666666|-222222222
860Z200US28356|75565|13823|48495|10370|27070|6285
860Z200US28357|33575|9693|20025|6523|13550|4659
860Z200US28358|275200|24149|152610|19189|122590|12129
860Z200US28359|-666666666|-222222222|-666666666|-222222222|-666666666|-222222222
860Z200US28360|115525|13009|70190|10888|45335|7099
860Z200US28363|8990|4577|4890|2707|4100|3143
860Z200US28364|109260|15242|58005|8646|51255|11806
860Z200US28365|198565|27061|125390|20568|73175|13876
860Z200US28366|42955|9531|24525|7311|18430|4097
860Z200US28369|26180|8085|13980|6159|12200|4177
860Z200US28371|85800|14075|45730|7240|40070|9739
860Z200US28372|97970|11793|58330|8918|39640|5933
860Z200US28373|29535|8376|16070|4747|13465|5359
860Z200US28374|114965|13243|74300|11590|40665|6420
860Z200US28375|2020|1393|1100|905|920|680
860Z200US28376|498625|28227|277545|21429|221080|16781
860Z200US28377|107250|13631|62140|10691|45110|8455
860Z200US28378|-666666666|-222222222|-666666666|-222222222|-666666666|-222222222
860Z200US28379|223615|33791|130905|25088|92710|16204
860Z200US28382|79905|18008|48410|12840|31495|9544
860Z200US28383|61400|9827|32875|5799|28525|6725
860Z200US28384|101445|16904|62200|10895|39240|10137
860Z200US28385|31005|7895|21905|6368|9100|2687
860Z200US28386|48895|9193|29235|6450|19660|5592
860Z200US28387|150825|21950|85600|17844|65225|12255
860Z200US28390|275640|22369|158030|13409|117610|14480
860Z200US28391|75605|14592|48825|12436|26780|6358
860Z200US28392|24690|11405|15015|8225|9675|6271
860Z200US28393|19395|7131|11300|6612|8095|2693
860Z200US28394|67565|15252|41660|10041|25910|8642
860Z200US28395|27910|5098|15320|3455|12590|3451
860Z200US28396|52090|19534|33740|16921|18350|6027
860Z200US28398|68300|18860|44175|16689|24125|6309
860Z200US28399|19785|6964|5420|2155|14365|6153
860Z200US28401|165765|20847|86195|15391|79565|11184
860Z200US28403|334230|38087|157330|19877|176900|32183
860Z200US28405|281890|29014|147785|19741|134105|20215
860Z200US28409|292365|27234|153725|16815|138635|18582
860Z200US28411|375525|42526|209580|35031|165945|21378
860Z200US28412|404185|35382|219730|26535|184455|22075
860Z200US28420|25390|8016|15820|6309|9575|3850
860Z200US28421|26320|7248|13435|4645|12885|5008
860Z200US28422|97530|18913|50300|13115|47225|11902
860Z200US28423|22895|6004|13810|4564|9085|2919
860Z200US28425|114305|14109|67165|10069|47140|7891
860Z200US28428|63115|11602|30750|6361|32365|8348
860Z200US28429|84960|14634|42445|7712|42515|10386
860Z200US28430|26595|10916|19830|8669|6765|3355
860Z200US28431|81875|21309|53985|17194|27890|9172
860Z200US28432|25265|10594|14790|7961|10475|4221
860Z200US28433|33395|11328|16770|7866|16625|8415
860Z200US28434|8955|3912|6775|3657|2180|1397
860Z200US28435|25515|7870|16575|5511|8940|3737
860Z200US28436|24805|10099|13585|7297|11225|6223
860Z200US28438|15470|6895|7165|4078|8305|4883
860Z200US28439|14200|7080|8790|5261|5405|2373
860Z200US28441|38200|14098|8040|3583|30160|13279
860Z200US28442|15705|7923|10400|5924|5305|2453
860Z200US28443|309905|36570|197090|32310|112815|15398
860Z200US28444|26665|8020|12635|4147|14030|5852
860Z200US28445|117580|24375|71135|20410|46445|12727
860Z200US28447|20745|8123|11160|5433|9585|5040
860Z200US28449|19490|8333|9175|3494|10315|7864
860Z200US28450|25675|5315|13980|3763|11695|2714
860Z200US28451|491700|35038|252985|25687|238715|23804
860Z200US28452|14495|5873|7495|3649|7000|3750
860Z200US28453|43090|16898|21090|8888|22000|13883
860Z200US28454|46280|21188|24945|10339|21335|12446
860Z200US28455|17090|6416|12830|5770|4265|1790
860Z200US28456|32085|10902|16615|6773|15475|5254
860Z200US28457|176530|31115|90330|19336|86200|20913
860Z200US28458|63325|13322|34530|8993|28795|7907
860Z200US28460|162465|26774|100620|18550|61845|13218
860Z200US28461|171390|31664|92390|17964|79000|26475
860Z200US28462|112305|16204|67160|13251|45145|9501
860Z200US28463|71510|18849|32750|9251|38760|14880
860Z200US28464|18515|6107|12700|5351|5815|2030
860Z200US28465|61635|11632|37715|9054|23920|4850
860Z200US28466|81275|13753|50215|11008|31060|6178
860Z200US28467|75485|13662|39650|7847|35835|8495
860Z200US28468|30415|7716|16620|4761|13790|4440
860Z200US28469|86295|17680|58455|14692|27840|7189
860Z200US28470|111640|14569|59650|13141|51990|10066
860Z200US28472|157830|23780|84145|17465|73685|12035
860Z200US28478|73860|16357|44305|12253|29555|9517
860Z200US28479|58495|12655|27190|6862|31305|10486
860Z200US28480|16945|4308|11575|3880|5375|1993
860Z200US28501|143185|24114|74845|18171|68340|11293
860Z200US28504|190980|23466|102625|15525|88355|16257
860Z200US28508|34370|10492|22330|7266|12040|7155
860Z200US28510|15790|4686|8140|3463|7650|2411
860Z200US28511|6160|4500|4185|4002|1975|1262
860Z200US28512|22745|5591|13565|3429|9180|3464
860Z200US28513|110605|18018|63500|15623|47105|9843
860Z200US28515|14265|5387|8450|4646|5815|1454
860Z200US28516|91465|16375|50485|12156|40975|8057
860Z200US28518|91925|16628|60695|13778|31225|8029
860Z200US28519|2635|1323|1260|879|1375|842
860Z200US28520|3120|4600|3120|4600|-666666666|-222222222
860Z200US28521|17730|8401|7900|3952|9825|6090
860Z200US28523|33610|13015|14900|6036|18710|10243
860Z200US28524|2975|1814|1820|1368|1155|1164
860Z200US28525|47375|12805|29080|9814|18295|6601
860Z200US28526|23905|7179|12040|4741|11860|6083
860Z200US28527|24355|11993|12360|6615|11995|6340
860Z200US28528|4110|2940|1675|1406|2435|1679
860Z200US28529|15820|4983|7425|2818|8395|3911
860Z200US28530|67265|19700|26200|7079|41065|16538
860Z200US28531|11590|4784|6190|2689|5400|2906
860Z200US28532|228845|30984|135815|23573|93035|19447
860Z200US28533|24520|6305|22410|5780|2110|1057
860Z200US28537|-666666666|-222222222|-666666666|-222222222|-666666666|-222222222
860Z200US28538|30810|10753|17120|8876|13690|6925
860Z200US28539|192330|23156|120355|17564|71980|13088
860Z200US28540|491120|48020|299620|32632|191500|32402
860Z200US28542|16655|4320|15610|4341|1045|851
860Z200US28543|48230|8575|38810|8186|9415|2482
860Z200US28544|40740|11971|29010|9220|11730|4505
860Z200US28546|499500|47670|305040|39052|194465|20461
860Z200US28547|121625|10246|104535|8937|17090|4706
860Z200US28551|134020|20002|70890|14301|63130|11964
860Z200US28553|6325|4005|3295|2981|3030|1990
860Z200US28555|60865|10436|29495|8009|31370|6282
860Z200US28556|5050|2597|2350|1799|2695|1782
860Z200US28557|124135|20817|75895|18909|48240|8790
860Z200US28560|225525|22259|115955|15480|109570|13632
860Z200US28562|310425|25120|192155|20555|118270|13663
860Z200US28570|201805|16700|113075|10763|88730|9036
860Z200US28571|20775|6101|6575|2465|14200|4971
860Z200US28572|85975|30238|54485|16871|31490|15231
860Z200US28573|23110|9295|9570|5337|13540|5890
860Z200US28574|253875|33334|175030|25600|78845|14321
860Z200US28575|1850|1589|1140|1255|710|540
860Z200US28577|2115|1391|1175|954|940|894
860Z200US28578|39590|10410|25080|7411|14510|4795
860Z200US28579|3950|3428|3290|3228|660|619
860Z200US28580|74560|9999|47000|7738|27560|5200
860Z200US28582|26155|8411|15135|6534|11020|6239
860Z200US28584|151740|19079|87420|12093|64320|11200
860Z200US28585|46600|8979|26845|6001|19755|5434
860Z200US28586|88260|17780|52730|13016|35530|8830
860Z200US28587|1015|942|645|747|365|284
860Z200US28590|264055|36043|157555|29194|106505|16190
860Z200US28594|30940|5294|20640|4307|10295|2147
860Z200US28601|505150|48621|296010|35358|209140|26493
860Z200US28602|295160|28828|161450|19046|133710|15692
860Z200US28604|70390|14701|37005|10720|33385|9383
860Z200US28605|39380|16773|25065|13420|14315|5099
860Z200US28606|19560|7238|11670|6935|7890|4564
860Z200US28607|263550|26094|152825|22579|110725|12308
860Z200US28609|87055|22522|53090|18030|33965|9330
860Z200US28610|99685|12647|53630|9081|46055|6579
860Z200US28611|6470|4997|2055|2336|4415|4542
860Z200US28612|115060|16681|66605|10650|48450|10197
860Z200US28613|196525|22235|113245|17355|83285|12339
860Z200US28615|26450|10643|9280|3737|17165|9757
860Z200US28617|14340|6479|10700|5842|3640|1579
860Z200US28618|22905|6822|11340|4377|11565|4251
860Z200US28619|2460|1675|1000|966|1460|1169
860Z200US28621|98330|14788|59005|10026|39325|8884
860Z200US28622|17740|5738|10810|4050|6930|2482
860Z200US28623|23110|8407|12205|4888|10905|5402
860Z200US28624|20670|10265|9145|5309|11525|7378
860Z200US28625|424815|40254|238715|26562|186100|27802
860Z200US28626|44725|14888|28350|11609|16375|5720
860Z200US28627|10335|3718|6865|3074|3470|1723
860Z200US28628|500|607|230|296|270|315
860Z200US28630|199795|26274|114455|16570|85340|15274
860Z200US28631|4165|3180|2765|2080|1400|1642
860Z200US28634|63985|10536|40175|7872|23805|5203
860Z200US28635|30470|11577|15835|7123|14635|6705
860Z200US28636|57130|16153|38245|13224|18885|6838
860Z200US28637|15180|5303|10185|4262|4995|1765
860Z200US28638|131090|17098|69415|10190|61675|10829
860Z200US28640|32020|7515|18500|6068|13525|3341
860Z200US28641|-666666666|-222222222|-666666666|-222222222|-666666666|-222222222
860Z200US28642|57085|10113|32880|8584|24200|4941
860Z200US28643|28025|6705|15830|4979|12195|3662
860Z200US28644|19670|8883|11060|5637|8610|4176
860Z200US28645|508510|50944|308345|39605|200170|23260
860Z200US28646|3225|3387|120|138|3105|3394
860Z200US28649|31355|22876|15465|13295|15890|11394
860Z200US28650|126995|18243|80000|14021|46990|7806
860Z200US28651|59975|10921|35370|7982|24610|5654
860Z200US28653|-666666666|-222222222|-666666666|-222222222|-666666666|-222222222
860Z200US28654|43375|15223|28520|9047|14855|9213
860Z200US28655|532235|39171|322640|28721|209595|20496
860Z200US28657|77780|13053|40040|7913|37740|9086
860Z200US28658|282965|40453|164380|28022|118585|20862
860Z200US28659|191340|27697|111440|21216|79895|13255
860Z200US28660|26615|9972|17385|6930|9225|4707
860Z200US28662|-666666666|-222222222|-666666666|-222222222|-666666666|-222222222
860Z200US28663|8805|5945|6055|4725|2750|2195
860Z200US28665|20115|6653|12070|4947|8045|4333
860Z200US28667|1400|871|695|455|705|560
860Z200US28669|30140|12406|21755|11848|8385|4349
860Z200US28670|20480|6583|11875|4287|8605|3792
860Z200US28671|3255|2274|2670|2177|585|461
860Z200US28673|98545|25211|59645|15430|38900|12437
860Z200US28675|54820|15649|31680|11162|23140|7415
860Z200US28676|24270|7664|13460|5098|10810|4794
860Z200US28677|392280|27137|239140|20663|153140|17633
860Z200US28678|61805|15540|36335|9927|25470|8652
860Z200US28679|34880|11623|13915|5540|20965|8511
860Z200US28681|241575|27556|139210|20920|102365|14431
860Z200US28682|33690|19126|18965|11668|14725|8805
860Z200US28683|13480|4785|8260|3406|5220|2554
860Z200US28684|18780|7730|11745|6128|7035|2416
860Z200US28685|25580|8962|15110|7254|10470|3824
860Z200US28689|19090|8675|10855|5588|8235|4271
860Z200US28690|88110|12868|48645|9410|39465|8812
860Z200US28692|49120|12071|23245|5627|25875|9184
860Z200US28693|17745|13874|10050|7207|7700|7212
860Z200US28694|63835|10103|35915|7083|27915|6063
860Z200US28697|123660|24474|74365|18078|49295|9421
860Z200US28698|30365|12941|23025|12539|7340|2668
860Z200US28701|60890|26699|27425|8948|33465|19781
860Z200US28704|216040|23513|117830|17059|98215|15592
860Z200US28705|63465|15518|30995|7709|32470|10110
860Z200US28707|4585|3662|2595|2400|1990|1884
860Z200US28708|7775|9335|1470|1388|6300|8143
860Z200US28709|17225|9139|8260|4280|8965|7625
860Z200US28711|92355|15805|59015|13739|33335|7229
860Z200US28712|134885|14665|70405|11597|64480|8263
860Z200US28713|90135|16294|49145|10192|40990|8635
860Z200US28714|161650|13865|97980|11631|63675|9049
860Z200US28715|287975|26956|152440|17332|135535|18806
860Z200US28716|175450|19251|96890|16284|78565|10965
860Z200US28717|9920|3786|4550|2307|5375|2306
860Z200US28718|12665|7613|8200|5219|4465|3094
860Z200US28719|31080|7878|15485|4796|15595|4510
860Z200US28720|1095|883|235|241|860|843
860Z200US28721|114540|18330|62505|12068|52035|9768
860Z200US28722|57380|9118|34485|6410|22895|5578
860Z200US28723|112155|21298|65250|17229|46900|10234
860Z200US28725|1090|786|460|530|630|464
860Z200US28726|31270|6513|15910|4594|15355|4755
860Z200US28729|46555|13494|29000|9381|17555|6386
860Z200US28730|69465|15264|33695|10118|35770|9012
860Z200US28731|67245|18099|39375|11744|27875|9294
860Z200US28732|175695|25653|92170|13238|83525|16865
860Z200US28734|276755|27970|143945|15642|132815|22546
860Z200US28736|7235|3780|5545|3563|1690|1253
860Z200US28739|175250|24488|102035|18813|73215|11737
860Z200US28740|20855|8867|12445|6863|8410|3110
860Z200US28741|23160|7695|12300|3354|10860|5303
860Z200US28742|20845|8752|10175|4848|10670|4930
860Z200US28743|32365|14615|17420|8104|14950|9932
860Z200US28745|3510|2164|1645|1200|1865|1247
860Z200US28746|27100|7640|15725|3836|11375|5764
860Z200US28747|17975|5580|10515|3962|7460|3039
860Z200US28748|134195|17851|78770|13378|55425|10055
860Z200US28749|-666666666|-222222222|-666666666|-222222222|-666666666|-222222222
860Z200US28751|34155|9402|21220|6758|12930|4613
860Z200US28752|288995|24398|164940|18392|124060|13793
860Z200US28753|141425|20661|87175|16884|54250|10700
860Z200US28754|121650|29479|59745|12922|61905|22712
860Z200US28755|-666666666|-222222222|-666666666|-222222222|-666666666|-222222222
860Z200US28756|66920|13723|33055|10641|33865|7217
860Z200US28757|2950|2002|1750|1750|1200|741
860Z200US28758|-666666666|-222222222|-666666666|-222222222|-666666666|-222222222
860Z200US28759|67865|8686|34360|5130|33505|5502
860Z200US28761|95480|15138|59945|11565|35535|8334
860Z200US28762|64850|12531|33890|7015|30960|9485
860Z200US28763|16915|5575|5555|2323|11360|5304
860Z200US28766|10245|3063|5385|2421|4860|1983
860Z200US28768|44750|9982|26240|5535|18510|6927
860Z200US28770|-666666666|-222222222|-666666666|-222222222|-666666666|-222222222
860Z200US28771|68490|15778|42410|13849|26075|5646
860Z200US28772|13595|5865|5390|3234|8205|4248
860Z200US28773|35740|10369|18750|6422|16990|6744
860Z200US28774|10990|5753|5515|3722|5475|2764
860Z200US28775|3785|3340|2115|2136|1670|1720
860Z200US28777|92910|16978|56295|14068|36615|6976
860Z200US28778|83130|17020|52610|13597|30520|9183
860Z200US28779|147090|20516|84500|15988|62590|10849
860Z200US28781|14890|9217|9405|8197|5485|4379
860Z200US28782|57530|13055|34990|9180|22540|8755
860Z200US28783|19565|7012|12605|5784|6960|4088
860Z200US28785|73490|13138|36160|8219|37335|8574
860Z200US28786|197770|26859|122330|22912|75440|10257
860Z200US28787|187540|27509|88250|16355|99290|16925
860Z200US28788|915|523|425|352|485|309
860Z200US28789|35805|7760|19015|5543|16790|4651
860Z200US28790|47435|13091|24750|10129|22685|8016
860Z200US28791|129250|15671|65375|9915|63875|9728
860Z200US28792|336815|31377|184965|19568|151850|20150
860Z200US28801|76680|10645|39710|6502|36970|6618
860Z200US28803|274495|38976|149735|29431|124755|21248
860Z200US28804|179140|16090|99735|13120|79405|8695
860Z200US28805|145330|27871|73320|16029|72010|16132
860Z200US28806|377535|38399|201340|26638|176195|23279
860Z200US28901|56255|12269|31175|9429|25080|6867
860Z200US28902|8970|3273|3600|1761|5370|2267
860Z200US28904|84895|17121|54750|15265|30145|6783
860Z200US28905|28025|8307|19410|6377|8615|3858
860Z200US28906|174325|18819|100660|15179|73665|11760
860Z200US28909|4725|3108|3880|2685|845|625
860Z200US29001|23395|7003|13230|6616|10170|3712
860Z200US29003|42840|9685|17565|7411|25275|6665
860Z200US29006|102310|19813|59130|14677|43180|10263
860Z200US29009|29865|11042|14945|6511|14920|5782
860Z200US29010|104040|18871|59500|15877|44545|7260
860Z200US29014|26035|9068|10730|5803|15305|5746
860Z200US29015|13160|5724|6375|2899|6785|4070
860Z200US29016|363880|45772|202450|30847|161430|27948
860Z200US29018|44275|14240|24545|10887|19730|7743
860Z200US29020|264305|31359|147280|18979|117025|21552
860Z200US29030|19300|6695|8150|3284|11150|4543
860Z200US29031|31500|13079|16220|9331|15280|7534
860Z200US29032|72920|32057|48855|26094|24065|9224
860Z200US29033|115310|11991|61885|10164|53425|8270
860Z200US29036|353635|54246|230375|46147|123260|16022
860Z200US29037|15030|6986|10250|6333|4780|2912
860Z200US29038|30740|9769|15440|7193|15300|5710
860Z200US29039|45960|22301|19020|13006|26940|18285
860Z200US29040|98125|17429|59850|14413|38280|8872
860Z200US29042|47245|21111|30410|15018|16835|8071
860Z200US29044|56960|14378|29000|8184|27960|11965
860Z200US29045|379235|40616|225405|33730|153835|17432
860Z200US29047|31435|7815|13785|4963|17650|6192
860Z200US29048|77990|21998|34720|11303|43270|17431
860Z200US29051|7900|4886|5940|4459|1960|1115
860Z200US29052|12450|6012|4420|2554|8030|4438
860Z200US29053|248455|25683|130675|14853|117780|19441
860Z200US29054|147820|21116|84495|14376|63325|10463
860Z200US29055|42780|9382|25545|5871|17235|5021
860Z200US29056|26430|7762|21810|7412|4620|1500
860Z200US29058|55900|17325|33420|14669|22480|6531
860Z200US29059|51430|12004|33580|9984|17850|4340
860Z200US29061|113225|26598|57870|12457|55355|19412
860Z200US29062|-666666666|-222222222|-666666666|-222222222|-666666666|-222222222
860Z200US29063|412845|38668|221515|27512|191330|20440
860Z200US29065|12385|5811|6355|3730|6030|3835
860Z200US29067|121010|18557|73185|14407|47825|7707
860Z200US29069|54610|12136|28880|8395|25730|6761
860Z200US29070|179030|16225|99745|12053|79285|10175
860Z200US29072|758375|41095|425255|32614|333120|23191
860Z200US29073|595825|40166|308290|22203|287535|28773
860Z200US29075|28530|7254|15650|4745|12875|4653
860Z200US29078|191920|20361|109755|15421|82160|10884
860Z200US29079|-666666666|-222222222|-666666666|-222222222|-666666666|-222222222
860Z200US29080|27470|7687|15405|6391|12065|3730
860Z200US29081|13665|6720|7395|4911|6270|2714
860Z200US29082|5575|3050|1975|1128|3600|3099
860Z200US29101|18100|4949|11530|3540|6570|2572
860Z200US29102|154810|16305|84870|12168|69940|10555
860Z200US29104|20050|5392|10520|3950|9530|3117
860Z200US29105|19025|6716|6485|2920|12545|4744
860Z200US29107|33485|7996|15055|5054|18430|5386
860Z200US29108|187920|23844|109610|18260|78310|12875
860Z200US29111|14970|4325|7875|3668|7095|1992
860Z200US29112|57265|12223|37155|10371|20110|5528
860Z200US29113|19415|7720|12120|6953|7295|2526
860Z200US29114|21425|8905|8420|4313|13005|6441
860Z200US29115|242275|31825|149670|28777|92605|14905
860Z200US29117|4055|3683|2060|3250|1995|1647
860Z200US29118|157810|26044|85245|17043|72565|19996
860Z200US29123|121390|18740|78645|14523|42745|7850
860Z200US29125|37810|14328|15560|6056|22250|10801
860Z200US29126|38070|11850|19280|6518|18790|9179
860Z200US29127|118125|14308|64555|9844|53570|8727
860Z200US29128|62320|13588|35060|9638|27260|6996
860Z200US29129|40005|16430|20645|8573|19360|9981
860Z200US29130|74430|12712|36370|9264|38060|8129
860Z200US29133|12305|4358|6360|2865|5945|2346
860Z200US29135|81610|16986|45320|10427|36290|10373
860Z200US29137|31000|9039|16895|6300|14100|4669
860Z200US29138|97660|14764|60330|11705|37330|9228
860Z200US29142|60930|13726|30225|9467|30710|6898
860Z200US29145|6790|4520|4230|3064|2560|1895
860Z200US29146|16200|5178|8870|2995|7330|3074
860Z200US29148|79720|16967|43650|12888|36070|8991
860Z200US29150|306325|26559|168575|16930|137745|19327
860Z200US29152|9645|2605|6275|1924|3370|1509
860Z200US29153|137905|21795|81450|14979|56450|10352
860Z200US29154|277710|24572|133235|16278|144475|16972
860Z200US29160|99150|17226|52195|12130|46955|9837
860Z200US29161|95720|14536|52925|9969|42795|8496
860Z200US29162|29425|6836|17835|5438|11590|3237
860Z200US29163|18155|7676|12155|6720|5995|2715
860Z200US29164|46285|9807|23985|8091|22305|6680
860Z200US29166|9765|4682|5225|2632|4540|2786
860Z200US29168|56305|10980|13615|5491|42690|8061
860Z200US29169|194135|16165|112580|15693|81550|9860
860Z200US29170|221960|20570|120105|14159|101850|12396
860Z200US29172|83160|12587|40745|8468|42415|6445
860Z200US29175|2580|1871|920|979|1660|1379
860Z200US29177|-666666666|-222222222|-666666666|-222222222|-666666666|-222222222
860Z200US29178|44405|13202|23915|8956|20485|7436
860Z200US29180|132080|22982|67550|14920|64530|11661
860Z200US29201|195515|25021|107185|21275|88330|12204
860Z200US29203|332425|32840|184845|26119|147580|17563
860Z200US29204|126970|12311|62125|8241|64845|8280
860Z200US29205|175625|18987|101450|14251|74175|10080
860Z200US29206|166185|17692|96130|12346|70055|12763
860Z200US29207|33630|7094|22925|5907|10705|3823
860Z200US29208|6390|2402|1480|893|4910|2234
860Z200US29209|345560|33261|153980|19218|191580|26066
860Z200US29210|332045|34716|160545|20792|171500|25366
860Z200US29212|289715|33541|159770|20501|129945|24053
860Z200US29223|569730|67479|279120|33880|290610|58771
860Z200US29225|675|584|450|568|220|330
860Z200US29229|666990|88549|323195|73416|343795|42872
860Z200US29301|327995|34612|195360|24336|132635|17678
860Z200US29302|196135|23367|112370|18613|83765|13734
860Z200US29303|267605|34928|155310|26649|112295|21707
860Z200US29306|134090|15434|71355|12217|62735|8292
860Z200US29307|187690|20944|110240|15619|77455|11145
860Z200US29316|375760|40780|211470|24332|164290|27932
860Z200US29320|7030|6294|3280|3007|3750|4183
860Z200US29321|28660|9764|11720|4867|16940|9105
860Z200US29322|123875|25147|72390|12446|51480|15912
860Z200US29323|159670|16359|100430|11329|59240|9717
860Z200US29325|125700|14666|74865|11150|50835|8458
860Z200US29330|80130|13594|42985|7483|37145|8528
860Z200US29332|43975|13499|21535|7339|22440|8243
860Z200US29334|230145|38643|114570|22232|115570|25885
860Z200US29335|51450|9605|30340|7147|21110|5204
860Z200US29338|-666666666|-222222222|-666666666|-222222222|-666666666|-222222222
860Z200US29340|205640|49450|97550|14695|108090|40271
860Z200US29341|194990|26730|112470|19879|82520|12200
860Z200US29346|6555|8641|2235|2594|4320|6134
860Z200US29349|483735|53478|284960|41399|198770|28629
860Z200US29351|14380|4164|8770|3510|5610|2266
860Z200US29353|39470|8631|22405|6316|17065|5036
860Z200US29355|14440|9042|11775|8302|2665|1677
860Z200US29356|92550|17268|52480|14407|40070|6871
860Z200US29360|215760|25221|116300|17158|99455|14309
860Z200US29364|5705|3411|1685|1146|4020|2852
860Z200US29365|158190|23797|91750|17751|66435|14207
860Z200US29369|160680|23405|88215|15490|72465|11516
860Z200US29370|9030|7189|3830|2959|5200|4580
860Z200US29372|41790|8906|29185|8513|12610|3236
860Z200US29373|5795|5413|3510|3067|2285|2544
860Z200US29374|33995|8086|18150|4454|15850|5082
860Z200US29375|2810|2476|1615|1742|1195|1304
860Z200US29376|110315|18851|60255|12576|50060|10193
860Z200US29378|4425|4060|3365|3460|1060|792
860Z200US29379|167805|16787|93330|13806|74480|10149
860Z200US29384|40510|9354|19415|5242|21095|6200
860Z200US29385|83605|15541|47020|12217|36580|8417
860Z200US29388|209320|35043|126890|33528|82430|12099
860Z200US29401|45340|8794|23100|6827|22235|5141
860Z200US29403|176645|20677|82690|11099|93955|18107
860Z200US29404|11905|4416|7680|3881|4225|1541
860Z200US29405|221290|22821|105145|11386|116145|19109
860Z200US29406|330550|34321|175230|22722|155320|23107
860Z200US29407|425330|44675|224780|30120|200550|26677
860Z200US29410|232070|20066|128090|15218|103980|13607
860Z200US29412|391090|32794|219565|25410|171525|20459
860Z200US29414|635510|65864|337570|50948|297940|36266
860Z200US29418|353175|44488|195870|31874|157305|22511
860Z200US29420|320545|38223|177320|29374|143225|25581
860Z200US29424|3190|1870|1010|1280|2175|1543
860Z200US29425|-666666666|-222222222|-666666666|-222222222|-666666666|-222222222
860Z200US29426|22265|9142|6745|3525|15515|7145
860Z200US29429|49200|11577|31640|8038|17560|5168
860Z200US29431|110645|28634|61920|18961|48725|12774
860Z200US29432|29775|7259|18120|6133|11655|3022
860Z200US29434|3820|2543|1845|1385|1975|1854
860Z200US29435|64835|12644|37440|8532|27395|6994
860Z200US29436|63090|18386|36760|12178|26330|9323
860Z200US29437|38030|9268|19580|5296|18450|7141
860Z200US29438|22655|5155|11400|3690|11255|3080
860Z200US29439|11300|4990|7655|4379|3645|1725
860Z200US29440|303910|31700|166215|21379|137695|22577
860Z200US29445|757490|49544|414335|30439|343155|32325
860Z200US29446|15525|11495|6945|4428|8580|7882
860Z200US29448|26705|8862|15680|5782|11025|5871
860Z200US29449|103320|23350|51620|15627|51700|13803
860Z200US29450|56275|20728|28515|15948|27760|8449
860Z200US29451|34845|8987|27215|8406|7630|2678
860Z200US29452|6255|4286|4865|3245|1390|1245
860Z200US29453|29790|13447|13690|5605|16100|11829
860Z200US29455|332915|47066|170545|32080|162370|29072
860Z200US29456|608285|58823|366390|40373|241895|35135
860Z200US29458|40250|11328|16510|6055|23740|10426
860Z200US29461|550120|46113|310655|34740|239465|29065
860Z200US29464|438455|46061|260285|39227|178170|22778
860Z200US29466|444470|41027|240330|25460|204140|29609
860Z200US29468|25235|11044|10030|3598|15200|10574
860Z200US29469|4005|2993|2365|1952|1640|1454
860Z200US29470|90310|30104|40015|14292|50295|23191
860Z200US29471|15230|8446|8605|6177|6625|3340
860Z200US29472|186175|33450|97240|22142|88935|20169
860Z200US29474|21355|6879|14295|5612|7060|3185
860Z200US29475|22065|8584|13275|5242|8795|5011
860Z200US29477|74120|12118|40525|8813|33595|8508
860Z200US29479|79605|17677|40620|11480|38990|9665
860Z200US29481|28170|10597|18460|8847|9710|4612
860Z200US29482|15085|6473|9045|3361|6035|3395
860Z200US29483|800755|62076|429695|39244|371060|44168
860Z200US29485|763305|46886|429030|31743|334275|30035
860Z200US29486|749065|66561|433205|46490|315860|36092
860Z200US29487|46080|19774|18955|7304|27125|18511
860Z200US29488|255895|29795|146400|21711|109495|17668
860Z200US29492|218870|40919|130985|30066|87885|20545
860Z200US29493|4625|5214|3620|4398|1005|985
860Z200US29501|397140|28738|229570|19186|167570|16420
860Z200US29505|188265|22887|92685|13556|95580|18128
860Z200US29506|174250|26093|86975|16785|87275|19199
860Z200US29510|176680|29205|113970|27695|62710|11468
860Z200US29511|85455|24326|46675|13435|38780|14349
860Z200US29512|136985|18527|60680|11051|76305|14266
860Z200US29516|12365|4825|10365|4410|2000|982
860Z200US29518|10615|4222|5055|2357|5560|2907
860Z200US29520|105580|14659|53295|9783|52285|9541
860Z200US29525|24370|10364|7510|3994|16860|7543
860Z200US29526|496325|47756|256125|37259|240195|26520
860Z200US29527|317950|32441|157360|20832|160590|23078
860Z200US29530|20075|4477|11760|3744|8320|3055
860Z200US29532|149075|19654|71980|12660|77095|11456
860Z200US29536|154660|23812|83535|17266|71125|11999
860Z200US29540|35600|11436|21450|10513|14150|4207
860Z200US29541|104870|17532|65240|14076|39630|8928
860Z200US29543|2855|2830|1965|2678|895|777
860Z200US29544|123025|23054|72565|15721|50455|10723
860Z200US29545|12945|6847|5345|4643|7600|4218
860Z200US29546|34380|8594|18590|7194|15790|5454
860Z200US29547|25570|7154|15035|4758|10530|4436
860Z200US29550|276405|28075|146110|21490|130295|16249
860Z200US29554|123585|21020|58975|11716|64610|15498
860Z200US29555|43580|6800|17060|3980|26515|6114
860Z200US29556|104440|15516|42885|11007|61555|11944
860Z200US29560|133200|22490|64990|15005|68205|16280
860Z200US29563|18340|6282|10535|4764|7810|3024
860Z200US29564|20175|8350|9780|5376|10395|4496
860Z200US29565|62265|16161|34845|11788|27415|8163
860Z200US29566|162640|28787|81195|17014|81450|20199
860Z200US29567|4105|2080|3340|1943|765|364
860Z200US29568|135705|21352|55150|10532|80555|15930
860Z200US29569|188570|23927|83185|11250|105385|19461
860Z200US29570|31535|7288|19860|6391|11670|3522
860Z200US29571|117295|15808|61155|15029|56135|9213
860Z200US29572|84940|15104|43315|8894|41625|11725
860Z200US29574|92935|20544|47205|15437|45730|14059
860Z200US29575|156525|22290|91185|15393|65340|10439
860Z200US29576|237365|29655|113275|16565|124090|22104
860Z200US29577|259050|19747|140785|16852|118270|13555
860Z200US29579|524355|41958|270680|29590|253675|28894
860Z200US29580|20060|10213|9265|6472|10795|5223
860Z200US29581|56240|11602|30045|7512|26195|8403
860Z200US29582|136015|22898|81135|16696|54880|10455
860Z200US29583|32660|8631|17475|6292|15185|4947
860Z200US29584|29790|8170|17070|5342|12725|4907
860Z200US29585|110275|20521|62380|14303|47895|11464
860Z200US29588|468640|43719|265310|30485|203330|21163
860Z200US29590|37790|17304|22840|15734|14950|5384
860Z200US29591|50320|9777|27665|9575|22655|6007
860Z200US29592|14130|6911|5365|3582|8765|4714
860Z200US29593|20695|7576|8475|5721|12220|5368
860Z200US29594|340|289|95|147|245|198
860Z200US29596|16660|6677|9965|4699|6695|3331
860Z200US29601|103870|11633|54045|8883|49825|7334
860Z200US29605|384985|48556|219500|33108|165490|23172
860Z200US29607|440685|40699|231690|25720|208995|24878
860Z200US29609|283155|26852|161200|19426|121955|14456
860Z200US29611|350710|44312|220110|34524|130600|30008
860Z200US29613|13255|3393|4395|1666|8860|2552
860Z200US29614|11735|3079|3600|1396|8135|2871
860Z200US29615|325935|24136|193085|17286|132850|16148
860Z200US29617|265355|28791|145520|22247|119835|19622
860Z200US29620|92805|10848|50150|8578|42655|7920
860Z200US29621|457750|37580|252255|27193|205490|23232
860Z200US29624|112225|16657|68385|14662|43840|9914
860Z200US29625|320225|33639|197540|27235|122685|14676
860Z200US29626|130995|19329|78775|14086|52220|9696
860Z200US29627|205910|27835|92045|14691|113865|19181
860Z200US29628|25160|7209|11395|3302|13765|5435
860Z200US29630|150215|18207|95195|13816|55025|9437
860Z200US29631|120760|16996|78090|14688|42670|6989
860Z200US29634|15875|3955|7090|2991|8785|2704
860Z200US29635|14740|4835|10495|3781|4245|1931
860Z200US29638|34490|10661|21355|8416|13135|4176
860Z200US29639|14130|5979|7040|3375|7090|4215
860Z200US29640|390445|32881|223890|25224|166555|18259
860Z200US29642|474625|54635|269495|36370|205130|26752
860Z200US29643|22820|8477|15980|5988|6835|3886
860Z200US29644|225590|21030|122710|16394|102880|11913
860Z200US29645|117090|17059|61315|9897|55775|14014
860Z200US29646|209320|25796|112425|15426|96895|17237
860Z200US29649|212075|23714|116880|16735|95195|14731
860Z200US29650|402920|34175|217070|24089|185850|22078
860Z200US29651|650815|50560|368425|38827|282395|30354
860Z200US29653|34405|6823|17175|4731|17230|3916
860Z200US29654|125600|22502|77180|16249|48420|11000
860Z200US29655|81580|15504|47810|9619|33770|8953
860Z200US29657|195105|32349|105760|19577|89345|20193
860Z200US29658|5395|5000|1995|2285|3400|2963
860Z200US29659|1995|1926|1170|1789|825|721
860Z200US29661|77090|15650|52915|13583|24175|5934
860Z200US29662|165780|25859|93755|20541|72025|12671
860Z200US29664|11045|6496|4935|2994|6110|4459
860Z200US29666|67635|16177|38375|12673|29260|7655
860Z200US29667|2050|1022|1130|598|920|611
860Z200US29669|145280|18893|92630|14533|52650|8131
860Z200US29670|131420|22006|70505|15082|60915|12967
860Z200US29671|251450|24543|148210|17486|103245|15516
860Z200US29672|102300|18035|55775|13184|46525|10382
860Z200US29673|313580|29413|189990|23143|123590|16155
860Z200US29676|44565|10259|31085|9061|13480|4422
860Z200US29678|207690|25849|115060|17530|92630|18557
860Z200US29680|363120|27449|197050|18111|166075|18870
860Z200US29681|657150|61662|398390|42299|258760|31023
860Z200US29682|38320|10364|22765|7867|15555|4949
860Z200US29684|73975|21148|51345|21774|22635|5384
860Z200US29685|14435|5100|10200|4384|4235|1698
860Z200US29686|10260|5392|5650|3080|4615|3145
860Z200US29687|456430|36087|247035|20323|209395|25343
860Z200US29689|53735|14611|31905|10251|21830|7440
860Z200US29690|276030|36304|158070|25811|117960|17361
860Z200US29691|134040|29993|79030|24150|55005|14674
860Z200US29692|72010|22676|42385|15765|29620|9439
860Z200US29693|142325|19367|86430|16062|55900|11161
860Z200US29696|34605|6701|23380|6473|11225|2625
860Z200US29697|171945|25300|104795|20071|67150|10924
860Z200US29702|99415|12760|55285|9407|44125|8165
860Z200US29704|41590|12622|23240|8440|18355|7421
860Z200US29706|236925|28095|127085|20243|109845|15948
860Z200US29707|304330|38818|168240|28071|136090|21215
860Z200US29708|423085|40480|233465|24114|189620|26383
860Z200US29709|53680|8561|31420|6702|22260|4511
860Z200US29710|534955|40530|324685|33470|210270|22953
860Z200US29712|30655|8978|19605|6658|11055|4246
860Z200US29714|46125|18731|19065|6604|27060|17691
860Z200US29715|418055|33299|243735|28747|174320|18616
860Z200US29717|27360|8510|17405|5699|9955|3956
860Z200US29718|53005|9594|24790|8541|28215|7301
860Z200US29720|650630|42770|373000|29268|277635|28994
860Z200US29724|-666666666|-222222222|-666666666|-222222222|-666666666|-222222222
860Z200US29726|22615|7047|12290|3897|10330|4779
860Z200US29727|33145|9902|21155|6630|11990|5076
860Z200US29728|100240|16400|58915|12051|41325|11105
860Z200US29729|25520|6109|14130|4209|11390|3142
860Z200US29730|643495|38897|347985|27814|295510|28030
860Z200US29732|714355|51127|407835|37213|306520|27124
860Z200US29733|7580|2374|2440|2288|5145|1803
860Z200US29741|20660|5733|12240|3548|8420|3474
860Z200US29742|24215|7146|10985|3622|13225|4711
860Z200US29743|25285|9147|14840|5569|10445|4921
860Z200US29745|432110|36933|260210|29690|171900|18067
860Z200US29801|291550|37431|163070|30641|128480|17510
860Z200US29803|397780|39220|248800|27564|148985|24086
860Z200US29805|46465|13789|31665|10152|14795|5721
860Z200US29809|23965|6729|12285|4672|11680|4302
860Z200US29810|40345|11667|18560|7292|21780|8721
860Z200US29812|122695|18007|69180|13764|53515|8698
860Z200US29817|40620|9337|18920|6151|21700|5662
860Z200US29819|11015|4340|6310|3331|4705|2075
860Z200US29821|11730|5574|7965|4639|3765|1839
860Z200US29824|80015|17050|51495|15437|28520|5652
860Z200US29827|39325|11987|14475|5249|24850|10649
860Z200US29828|2540|1973|770|988|1770|1671
860Z200US29829|121775|18361|63905|11315|57870|10853
860Z200US29831|37210|6706|19540|4071|17670|4337
860Z200US29832|52485|9168|26530|5965|25950|5443
860Z200US29835|60150|17289|32925|8270|27230|10946
860Z200US29836|5675|5589|2950|2682|2725|3281
860Z200US29838|14250|7151|12800|6983|1450|839
860Z200US29840|3040|3655|1400|2071|1640|1674
860Z200US29841|319300|32711|184420|19870|134880|22720
860Z200US29842|82585|12485|48850|9706|33730|6932
860Z200US29843|7555|3130|6040|2892|1515|1073
860Z200US29844|1460|1403|875|862|585|645
860Z200US29845|7585|3661|3395|1948|4190|2346
860Z200US29847|66495|16142|34355|8836|32140|9626
860Z200US29848|11550|4070|7780|4126|3765|1680
860Z200US29849|4625|3170|2400|2415|2225|1710
860Z200US29851|79065|11680|48130|9717|30935|5776
860Z200US29853|72740|16072|43265|13033|29475|6689
860Z200US29856|32105|11225|13160|4698|18940|10214
860Z200US29860|189860|22790|110620|17917|79235|12213
860Z200US29899|-666666666|-222222222|-666666666|-222222222|-666666666|-222222222
860Z200US29902|157415|26018|94100|14789|63310|15625
860Z200US29904|7845|1188|7180|1112|665|582
860Z200US29905|9300|2827|8255|2700|1045|552
860Z200US29906|285145|39640|160610|29822|124535|19808
860Z200US29907|165525|25477|97495|17497|68035|17702
860Z200US29909|137560|38561|71200|24595|66360|16337
860Z200US29910|601035|60486|339110|44850|261925|29988
860Z200US29911|17070|8205|11220|6843|5850|3553
860Z200US29912|-666666666|-222222222|-666666666|-222222222|-666666666|-222222222
860Z200US29915|7965|6294|5985|5718|1980|2198
860Z200US29916|12115|6726|8925|6583|3190|2406
860Z200US29918|55950|14987|37965|11016|17985|7747
860Z200US29920|124350|26224|67660|19934|56685|12899
860Z200US29921|6410|4269|3625|2446|2785|2770
860Z200US29923|4720|5787|4210|5537|510|887
860Z200US29924|43825|10935|17640|5243|26185|9530
860Z200US29926|173335|23674|97170|17570|76170|12908
860Z200US29927|125665|21201|76220|17274|49445|11132
860Z200US29928|75530|16647|49045|15519|26480|5242
860Z200US29929|16150|4510|9855|3632|6295|3119
860Z200US29932|7710|5995|7275|5956|430|765
860Z200US29934|16905|9659|10795|7846|6110|3398
860Z200US29935|31865|11383|21635|7450|10230|6941
860Z200US29936|177120|22005|93535|15813|83585|15331
860Z200US29939|2540|3811|1875|3448|665|566
860Z200US29940|37925|14157|19785|6672|18140|9537
860Z200US29944|58995|15457|32520|11327|26475|7650
860Z200US29945|63620|23079|34280|21670|29340|7365
