{"type":"FeatureCollection", "features": [
{"type":"Feature","geometry":{"type":"Polygon","coordinates":[[[-79.0712,34.2993],[-78.8747,34.1344],[-78.6504,33.9443],[-78.6484,33.9655],[-78.6265,33.98],[-78.6406,34.0103],[-78.617,34.0234],[-78.5908,34.0272],[-78.5789,34.0384],[-78.576,34.0545],[-78.5619,34.0549],[-78.555,34.0671],[-78.5602,34.0921],[-78.548,34.0953],[-78.549,34.1115],[-78.543,34.1262],[-78.5452,34.1457],[-78.525,34.154],[-78.5152,34.1659],[-78.496,34.1676],[-78.486,34.1588],[-78.4672,34.1548],[-78.4275,34.1398],[-78.4069,34.1551],[-78.3871,34.1777],[-78.3691,34.1882],[-78.3743,34.2049],[-78.2546,34.2163],[-78.1623,34.357],[-78.1929,34.3527],[-78.2102,34.358],[-78.2116,34.3694],[-78.2362,34.3762],[-78.2561,34.3995],[-78.3351,34.3676],[-78.3657,34.3728],[-78.3969,34.3707],[-78.4201,34.3781],[-78.4453,34.3774],[-78.5527,34.4208],[-78.5928,34.431],[-78.6038,34.4411],[-78.6676,34.4696],[-78.8252,34.4618],[-78.8581,34.4744],[-78.869,34.4848],[-78.8958,34.4621],[-78.9518,34.4488],[-78.9711,34.4277],[-78.9682,34.3973],[-78.995,34.3926],[-79.01,34.3803],[-79.0012,34.3639],[-79.0109,34.3522],[-79.025,34.3517],[-79.0343,34.3385],[-79.0383,34.3135],[-79.0515,34.3149],[-79.0712,34.2993]]]},"properties":{"STATEFP":"37","COUNTYFP":"047","COUNTYNS":"01026339","GEOIDFQ":"0500000US37047","GEOID":"37047","NAME":"Columbus","NAMELSAD":"Columbus County","STUSPS":"NC","STATE_NAME":"North Carolina","LSAD":"06","ALAND":2429920494,"AWATER":43711694}},
{"type":"Feature","geometry":{"type":"Polygon","coordinates":[[[-84.2923,35.2067],[-84.3048,35.1217],[-84.3219,34.9884],[-84.1295,34.9875],[-84.0053,34.9874],[-83.9987,34.9964],[-83.9713,35.0125],[-83.9564,35.0265],[-83.9586,35.0528],[-83.9435,35.0561],[-83.9311,35.0694],[-83.9077,35.0782],[-83.8831,35.1061],[-83.8634,35.1215],[-83.8628,35.1324],[-83.8413,35.1437],[-83.8217,35.1392],[-83.7729,35.1559],[-83.746,35.1608],[-83.7381,35.156],[-83.7315,35.1786],[-83.7125,35.1893],[-83.7289,35.2005],[-83.7227,35.2098],[-83.6968,35.2254],[-83.6918,35.2429],[-83.7027,35.2485],[-83.7131,35.2577],[-83.7343,35.245],[-83.7733,35.2458],[-83.7952,35.2575],[-83.8221,35.2503],[-83.8314,35.2561],[-83.8732,35.2442],[-83.8933,35.2332],[-83.9036,35.2352],[-83.9344,35.223],[-83.959,35.2169],[-83.9974,35.2321],[-84.0064,35.2417],[-84.0098,35.2732],[-84.0291,35.2922],[-84.0557,35.2682],[-84.0811,35.2611],[-84.0981,35.2472],[-84.1067,35.2515],[-84.1704,35.2458],[-84.1884,35.24],[-84.1991,35.2437],[-84.2118,35.2661],[-84.2237,35.2691],[-84.2603,35.2419],[-84.2902,35.2256],[-84.2923,35.2067]]]},"properties":{"STATEFP":"37","COUNTYFP":"039","COUNTYNS":"01008545","GEOIDFQ":"0500000US37039","GEOID":"37039","NAME":"Cherokee","NAMELSAD":"Cherokee County","STUSPS":"NC","STATE_NAME":"North Carolina","LSAD":"06","ALAND":1179842036,"AWATER":28813680}},
{"type":"Feature","geometry":{"type":"Polygon","coordinates":[[[-82.2613,35.3932],[-82.2799,35.3649],[-82.3053,35.3326],[-82.3165,35.3083],[-82.3304,35.3065],[-82.3461,35.286],[-82.3537,35.1922],[-82.3233,35.1848],[-82.3159,35.1907],[-82.2749,35.2001],[-82.2159,35.196],[-82.0896,35.1907],[-81.9693,35.1872],[-81.9709,35.2116],[-81.9628,35.2269],[-81.9688,35.2578],[-81.9957,35.2706],[-82.0007,35.2825],[-82.0295,35.3015],[-82.054,35.3354],[-82.0649,35.3346],[-82.0793,35.3456],[-82.0972,35.3699],[-82.1222,35.3925],[-82.1515,35.4076],[-82.1716,35.4093],[-82.1851,35.3966],[-82.2046,35.4036],[-82.2268,35.3955],[-82.2391,35.4026],[-82.2613,35.3932]]]},"properties":{"STATEFP":"37","COUNTYFP":"149","COUNTYNS":"01008579","GEOIDFQ":"0500000US37149","GEOID":"37149","NAME":"Polk","NAMELSAD":"Polk County","STUSPS":"NC","STATE_NAME":"North Carolina","LSAD":"06","ALAND":615606325,"AWATER":1964035}},
{"type":"Feature","geometry":{"type":"Polygon","coordinates":[[[-81.6775,36.5881],[-81.677,36.5707],[-81.6902,36.5687],[-81.6891,36.5559],[-81.708,36.5362],[-81.6973,36.5049],[-81.6953,36.4679],[-81.7149,36.4572],[-81.7146,36.4371],[-81.7207,36.4225],[-81.7407,36.4131],[-81.7387,36.3948],[-81.7286,36.3912],[-81.6382,36.3496],[-81.5901,36.304],[-81.5661,36.272],[-81.5522,36.2764],[-81.4863,36.2413],[-81.4775,36.2403],[-81.4735,36.2531],[-81.4554,36.2552],[-81.4297,36.2667],[-81.4291,36.2776],[-81.4131,36.2815],[-81.4159,36.2922],[-81.3874,36.2849],[-81.3667,36.2859],[-81.3543,36.3556],[-81.3258,36.375],[-81.3054,36.367],[-81.2789,36.3631],[-81.2536,36.3666],[-81.2455,36.3912],[-81.2662,36.4156],[-81.2638,36.4289],[-81.2721,36.4468],[-81.3226,36.4958],[-81.3283,36.5173],[-81.3531,36.5461],[-81.3533,36.5747],[-81.4422,36.5768],[-81.521,36.5805],[-81.6009,36.587],[-81.6775,36.5881]]]},"properties":{"STATEFP":"37","COUNTYFP":"009","COUNTYNS":"01008535","GEOIDFQ":"0500000US37009","GEOID":"37009","NAME":"Ashe","NAMELSAD":"Ashe County","STUSPS":"NC","STATE_NAME":"North Carolina","LSAD":"06","ALAND":1104023356,"AWATER":8058446}},
{"type":"Feature","geometry":{"type":"MultiPolygon","coordinates":[[[[-75.7268,35.9358],[-75.7238,35.9256],[-75.7022,35.9154],[-75.6977,35.9016],[-75.6814,35.884],[-75.6728,35.8824],[-75.6606,35.8625],[-75.6601,35.8386],[-75.6679,35.8235],[-75.639,35.8186],[-75.6242,35.8094],[-75.6144,35.8157],[-75.6198,35.8476],[-75.6168,35.8563],[-75.6277,35.8831],[-75.6451,35.9058],[-75.662,35.9065],[-75.6595,35.9196],[-75.6911,35.9369],[-75.7183,35.9397],[-75.7268,35.9358]]],[[[-75.7325,35.2004],[-75.7204,35.1986],[-75.6492,35.2225],[-75.6022,35.2326],[-75.5581,35.2343],[-75.5313,35.2266],[-75.5188,35.2575],[-75.506,35.3252],[-75.4858,35.4007],[-75.4792,35.4834],[-75.4619,35.5575],[-75.4619,35.5927],[-75.4752,35.6616],[-75.4859,35.6985],[-75.5047,35.7443],[-75.5214,35.754],[-75.5075,35.7068],[-75.4992,35.6979],[-75.4959,35.673],[-75.4714,35.6217],[-75.4687,35.574],[-75.4761,35.5343],[-75.488,35.5113],[-75.4838,35.494],[-75.4878,35.4455],[-75.4952,35.3891],[-75.5009,35.372],[-75.5137,35.3569],[-75.517,35.3366],[-75.5151,35.3009],[-75.5239,35.2696],[-75.5379,35.2729],[-75.5798,35.263],[-75.6188,35.2469],[-75.6413,35.2287],[-75.6682,35.219],[-75.6863,35.231],[-75.7006,35.2114],[-75.7325,35.2004]]],[[[-75.7954,36.2271],[-75.7856,36.217],[-75.7724,36.2175],[-75.7578,36.178],[-75.7573,36.1669],[-75.7459,36.1441],[-75.7519,36.1224],[-75.7397,36.0753],[-75.7414,36.0564],[-75.7371,36.0408],[-75.7152,36.0483],[-75.7064,36.0392],[-75.7106,36.0256],[-75.7273,36.022],[-75.7276,36.0034],[-75.7114,36.0032],[-75.6969,35.9942],[-75.6823,35.9958],[-75.6671,35.9714],[-75.6445,35.9644],[-75.6154,35.9264],[-75.6122,35.9053],[-75.6229,35.8923],[-75.6022,35.8744],[-75.5889,35.8449],[-75.5705,35.8283],[-75.576,35.8231],[-75.5575,35.796],[-75.5455,35.8051],[-75.5698,35.8633],[-75.6585,36.0204],[-75.6967,36.0775],[-75.7183,36.1137],[-75.7384,36.1543],[-75.7596,36.2047],[-75.7733,36.2315],[-75.7954,36.2271]]],[[[-75.8889,35.6405],[-75.8688,35.6299],[-75.8718,35.6106],[-75.8528,35.5847],[-75.8305,35.5929],[-75.812,35.5833],[-75.8269,35.571],[-75.778,35.5798],[-75.7851,35.5955],[-75.7522,35.608],[-75.7349,35.6302],[-75.7435,35.6492],[-75.7542,35.6484],[-75.7698,35.6655],[-75.7665,35.6771],[-75.7804,35.6841],[-75.7673,35.7056],[-75.7578,35.706],[-75.7381,35.6946],[-75.7329,35.6815],[-75.7172,35.6937],[-75.7257,35.7145],[-75.7262,35.7392],[-75.7386,35.7494],[-75.7355,35.7639],[-75.7364,35.7992],[-75.7302,35.8059],[-75.7348,35.8373],[-75.7519,35.851],[-75.7495,35.8841],[-75.7612,35.8889],[-75.7823,35.9196],[-75.7825,35.9334],[-75.8056,35.9461],[-75.8094,35.9593],[-75.8363,35.9705],[-75.8709,35.9786],[-75.9104,35.9736],[-75.9473,35.9598],[-75.9216,35.9359],[-75.9478,35.9203],[-75.9626,35.9014],[-75.9861,35.889],[-75.9805,35.8703],[-75.9881,35.8618],[-75.976,35.8385],[-75.9941,35.8125],[-75.9838,35.7874],[-75.9829,35.7726],[-75.9905,35.7421],[-76.0012,35.7253],[-75.9998,35.694],[-76.013,35.6689],[-75.9013,35.669],[-75.8889,35.6405]]]]},"properties":{"STATEFP":"37","COUNTYFP":"055","COUNTYNS":"01026133","GEOIDFQ":"0500000US37055","GEOID":"37055","NAME":"Dare","NAMELSAD":"Dare County","STUSPS":"NC","STATE_NAME":"North Carolina","LSAD":"06","ALAND":992558552,"AWATER":3000513281}},
{"type":"Feature","geometry":{"type":"Polygon","coordinates":[[[-77.1644,36.5463],[-77.1495,36.5366],[-77.1484,36.525],[-77.0932,36.5182],[-77.0825,36.5115],[-77.0854,36.5],[-77.0671,36.4917],[-77.0704,36.4799],[-77.0915,36.4718],[-77.1124,36.4777],[-77.1372,36.4554],[-77.1313,36.4378],[-77.1786,36.3169],[-77.2085,36.2466],[-77.1831,36.2428],[-77.0084,36.2391],[-76.9858,36.2421],[-76.9714,36.2381],[-76.9034,36.243],[-76.7222,36.2438],[-76.709,36.255],[-76.6938,36.2822],[-76.6966,36.2961],[-76.7353,36.3241],[-76.7585,36.3502],[-76.7828,36.363],[-76.7946,36.3597],[-76.8214,36.3641],[-76.8961,36.3904],[-76.93,36.3999],[-76.9471,36.4154],[-76.9471,36.4724],[-76.9253,36.4883],[-76.9194,36.5054],[-76.9065,36.5107],[-76.9051,36.5226],[-76.9201,36.5341],[-76.9161,36.5438],[-77.0951,36.5446],[-77.1527,36.5441],[-77.1644,36.5463]]]},"properties":{"STATEFP":"37","COUNTYFP":"091","COUNTYNS":"01026127","GEOIDFQ":"0500000US37091","GEOID":"37091","NAME":"Hertford","NAMELSAD":"Hertford County","STUSPS":"NC","STATE_NAME":"North Carolina","LSAD":"06","ALAND":914689353,"AWATER":18737418}},
{"type":"Feature","geometry":{"type":"Polygon","coordinates":[[[-80.8697,32.6609],[-80.8634,32.6462],[-80.848,32.6297],[-80.8484,32.6149],[-80.8365,32.6088],[-80.8315,32.5934],[-80.8392,32.5575],[-80.8379,32.5393],[-80.8477,32.5301],[-80.836,32.5182],[-80.8202,32.4908],[-80.8187,32.4639],[-80.8302,32.4621],[-80.8477,32.429],[-80.848,32.4116],[-80.8295,32.4118],[-80.8429,32.3934],[-80.8415,32.3851],[-80.8737,32.3691],[-80.8776,32.3459],[-80.8921,32.3537],[-80.9219,32.3518],[-80.9341,32.3212],[-80.9349,32.3001],[-80.9817,32.3059],[-81.0064,32.3065],[-80.9942,32.2906],[-80.9925,32.2727],[-81.0049,32.2507],[-81.0161,32.2443],[-81.0124,32.2182],[-81.0001,32.1961],[-80.9785,32.186],[-80.9648,32.1854],[-80.9502,32.1668],[-80.9544,32.1489],[-80.9693,32.1432],[-80.9615,32.1262],[-80.9413,32.1373],[-80.9126,32.1276],[-80.9269,32.1195],[-80.9006,32.1116],[-80.8966,32.1025],[-80.9102,32.0879],[-80.9081,32.0782],[-80.8793,32.081],[-80.8721,32.0829],[-80.8424,32.1178],[-80.8215,32.1086],[-80.7399,32.1461],[-80.7143,32.1686],[-80.6863,32.2032],[-80.6717,32.2134],[-80.6722,32.2295],[-80.6865,32.2442],[-80.7271,32.2706],[-80.7424,32.2638],[-80.7654,32.286],[-80.7534,32.3068],[-80.7427,32.3034],[-80.7336,32.3195],[-80.7081,32.3237],[-80.6885,32.3028],[-80.6448,32.2915],[-80.6454,32.2609],[-80.6237,32.2581],[-80.5885,32.2827],[-80.5762,32.2753],[-80.5486,32.2856],[-80.5039,32.3075],[-80.4533,32.3219],[-80.4627,32.3334],[-80.4442,32.3549],[-80.4293,32.3897],[-80.4356,32.4125],[-80.4575,32.4103],[-80.4794,32.4458],[-80.4846,32.461],[-80.477,32.4854],[-80.5029,32.4957],[-80.5178,32.5191],[-80.5365,32.5292],[-80.5515,32.5658],[-80.5828,32.5662],[-80.5762,32.5778],[-80.5864,32.5862],[-80.5998,32.581],[-80.6117,32.5899],[-80.6478,32.5964],[-80.6685,32.6228],[-80.6849,32.6561],[-80.6744,32.6724],[-80.7033,32.6646],[-80.7065,32.6732],[-80.7392,32.6823],[-80.7449,32.6742],[-80.7712,32.6769],[-80.7864,32.6875],[-80.8079,32.6894],[-80.8263,32.7043],[-80.8372,32.6998],[-80.8697,32.6609]]]},"properties":{"STATEFP":"45","COUNTYFP":"013","COUNTYNS":"01247984","GEOIDFQ":"0500000US45013","GEOID":"45013","NAME":"Beaufort","NAMELSAD":"Beaufort County","STUSPS":"SC","STATE_NAME":"South Carolina","LSAD":"06","ALAND":1491889118,"AWATER":900045230}},
{"type":"Feature","geometry":{"type":"Polygon","coordinates":[[[-79.1282,34.2537],[-79.1351,34.2178],[-79.1643,34.1975],[-79.1714,34.1817],[-79.1917,34.1764],[-79.1959,34.1611],[-79.2083,34.1506],[-79.2058,34.133],[-79.2163,34.1282],[-79.2228,34.1131],[-79.2501,34.0904],[-79.243,34.068],[-79.2478,34.0571],[-79.288,34.0331],[-79.3023,34.0322],[-79.3091,34.0051],[-79.3325,33.995],[-79.3313,33.979],[-79.3386,33.9686],[-79.323,33.949],[-79.3116,33.9442],[-79.3123,33.9182],[-79.2636,33.8925],[-79.2566,33.8736],[-79.2641,33.8425],[-79.2527,33.8363],[-79.2603,33.8149],[-79.2481,33.7844],[-79.2289,33.758],[-79.1959,33.7279],[-79.1903,33.7058],[-79.1803,33.6954],[-79.159,33.6857],[-79.1522,33.6774],[-79.1543,33.6626],[-79.1235,33.6488],[-79.1299,33.6394],[-79.1222,33.6057],[-79.0968,33.6003],[-79.1011,33.573],[-79.0865,33.5713],[-79.0018,33.5727],[-78.9384,33.64],[-78.8862,33.6842],[-78.8666,33.703],[-78.8226,33.7372],[-78.7958,33.7551],[-78.7362,33.7896],[-78.6977,33.808],[-78.6679,33.8194],[-78.5917,33.8434],[-78.5546,33.8492],[-78.5473,33.8565],[-78.6504,33.9443],[-78.8747,34.1344],[-79.0712,34.2993],[-79.0713,34.2993],[-79.0885,34.2837],[-79.1085,34.2731],[-79.1282,34.2537]]]},"properties":{"STATEFP":"45","COUNTYFP":"051","COUNTYNS":"01248005","GEOIDFQ":"0500000US45051","GEOID":"45051","NAME":"Horry","NAMELSAD":"Horry County","STUSPS":"SC","STATE_NAME":"South Carolina","LSAD":"06","ALAND":2934864511,"AWATER":314859967}},
{"type":"Feature","geometry":{"type":"Polygon","coordinates":[[[-81.3666,35.1649],[-81.4025,35.1369],[-81.4088,35.0471],[-81.4714,35.0481],[-81.4886,35.0294],[-81.4806,35.0059],[-81.4837,34.9933],[-81.4758,34.983],[-81.4923,34.9472],[-81.4735,34.9355],[-81.47,34.9151],[-81.4778,34.8962],[-81.47,34.8689],[-81.4571,34.8392],[-81.4766,34.8226],[-81.1783,34.8211],[-80.8982,34.8208],[-80.8939,34.8301],[-80.8739,34.8385],[-80.8673,34.8532],[-80.8787,34.8621],[-80.8783,34.903],[-80.8677,34.9128],[-80.8686,34.9507],[-80.8789,34.9623],[-80.8948,35.0002],[-80.9095,35.0165],[-80.8991,35.0286],[-80.9059,35.0468],[-80.9007,35.0571],[-80.9062,35.0764],[-80.9349,35.1074],[-80.9579,35.0926],[-81.0415,35.0447],[-81.0576,35.0624],[-81.0572,35.0861],[-81.0521,35.0963],[-81.0374,35.1025],[-81.033,35.1137],[-81.039,35.1263],[-81.0504,35.131],[-81.0429,35.1492],[-81.1093,35.1541],[-81.328,35.1634],[-81.3666,35.1649]]]},"properties":{"STATEFP":"45","COUNTYFP":"091","COUNTYNS":"01248019","GEOIDFQ":"0500000US45091","GEOID":"45091","NAME":"York","NAMELSAD":"York County","STUSPS":"SC","STATE_NAME":"South Carolina","LSAD":"06","ALAND":1762629134,"AWATER":39130525}},
{"type":"Feature","geometry":{"type":"Polygon","coordinates":[[[-81.4775,36.2403],[-81.4558,36.2004],[-81.5004,36.1425],[-81.5455,36.1175],[-81.5162,36.0974],[-81.4987,36.1005],[-81.4673,36.0857],[-81.4588,36.0914],[-81.4407,36.0732],[-81.424,36.0777],[-81.4115,36.0729],[-81.3895,36.0501],[-81.3435,36.0228],[-81.3283,35.9966],[-81.2954,36.0072],[-81.2685,36.025],[-81.238,36.0308],[-81.2182,36.0301],[-81.1933,36.0367],[-81.1667,36.0257],[-81.1375,36.0364],[-81.1049,36.0355],[-81.0981,36.0282],[-81.0575,36.0316],[-81.0485,36.0411],[-81.0288,36.0457],[-80.9757,36.0588],[-80.8816,36.0557],[-80.8732,36.2363],[-80.8687,36.3264],[-80.8931,36.3409],[-80.9058,36.3611],[-80.9314,36.3669],[-80.9573,36.3877],[-80.9672,36.402],[-80.9947,36.3794],[-81.0136,36.3713],[-81.0267,36.3732],[-81.0438,36.3933],[-81.0443,36.4111],[-81.0778,36.4178],[-81.0846,36.4337],[-81.0948,36.4404],[-81.1477,36.4192],[-81.163,36.4325],[-81.1893,36.3994],[-81.2435,36.3661],[-81.2536,36.3666],[-81.2789,36.3631],[-81.3054,36.367],[-81.3258,36.375],[-81.3543,36.3556],[-81.3667,36.2859],[-81.3874,36.2849],[-81.4159,36.2922],[-81.4131,36.2815],[-81.4291,36.2776],[-81.4297,36.2667],[-81.4554,36.2552],[-81.4735,36.2531],[-81.4775,36.2403]]]},"properties":{"STATEFP":"37","COUNTYFP":"193","COUNTYNS":"01008595","GEOIDFQ":"0500000US37193","GEOID":"37193","NAME":"Wilkes","NAMELSAD":"Wilkes County","STUSPS":"NC","STATE_NAME":"North Carolina","LSAD":"06","ALAND":1952016296,"AWATER":6854041}},
{"type":"Feature","geometry":{"type":"Polygon","coordinates":[[[-80.7078,35.853],[-80.7716,35.6722],[-80.7398,35.5441],[-80.7372,35.5058],[-80.6734,35.5064],[-80.572,35.5034],[-80.4223,35.502],[-80.2954,35.5029],[-80.1833,35.5041],[-80.1839,35.5162],[-80.1975,35.5309],[-80.1992,35.5456],[-80.2104,35.5555],[-80.2089,35.5813],[-80.2336,35.5984],[-80.2434,35.6144],[-80.265,35.6296],[-80.2883,35.6353],[-80.3063,35.657],[-80.3073,35.6657],[-80.3306,35.6788],[-80.3345,35.6897],[-80.3259,35.7119],[-80.3401,35.7213],[-80.3687,35.7161],[-80.3983,35.7249],[-80.4141,35.7226],[-80.4589,35.7428],[-80.4718,35.7684],[-80.4958,35.7823],[-80.5075,35.7748],[-80.543,35.7923],[-80.5695,35.8155],[-80.5947,35.8274],[-80.6099,35.829],[-80.632,35.8457],[-80.6713,35.8465],[-80.6768,35.8558],[-80.7078,35.853]]]},"properties":{"STATEFP":"37","COUNTYFP":"159","COUNTYNS":"01008583","GEOIDFQ":"0500000US37159","GEOID":"37159","NAME":"Rowan","NAMELSAD":"Rowan County","STUSPS":"NC","STATE_NAME":"North Carolina","LSAD":"06","ALAND":1325062503,"AWATER":31968204}},
{"type":"Feature","geometry":{"type":"Polygon","coordinates":[[[-82.2658,35.4678],[-82.3326,35.5002],[-82.3454,35.4878],[-82.3568,35.4906],[-82.3719,35.48],[-82.3672,35.464],[-82.4178,35.4744],[-82.4706,35.4452],[-82.5612,35.4432],[-82.5708,35.4311],[-82.594,35.4357],[-82.6087,35.4433],[-82.622,35.4357],[-82.653,35.455],[-82.6732,35.4595],[-82.7158,35.4478],[-82.7451,35.423],[-82.6474,35.3289],[-82.6248,35.3091],[-82.6188,35.2884],[-82.6102,35.2882],[-82.6161,35.2601],[-82.6043,35.2589],[-82.604,35.2218],[-82.5909,35.1624],[-82.5742,35.1437],[-82.5416,35.1621],[-82.5351,35.1548],[-82.516,35.1634],[-82.495,35.1645],[-82.4874,35.1725],[-82.4601,35.1781],[-82.4396,35.1659],[-82.4319,35.1727],[-82.4197,35.1986],[-82.3904,35.2154],[-82.3713,35.1814],[-82.3537,35.1922],[-82.3461,35.286],[-82.3304,35.3065],[-82.3165,35.3083],[-82.3053,35.3326],[-82.2799,35.3649],[-82.2613,35.3932],[-82.2701,35.4004],[-82.2734,35.4307],[-82.2805,35.4434],[-82.2658,35.4678]]]},"properties":{"STATEFP":"37","COUNTYFP":"089","COUNTYNS":"01008562","GEOIDFQ":"0500000US37089","GEOID":"37089","NAME":"Henderson","NAMELSAD":"Henderson County","STUSPS":"NC","STATE_NAME":"North Carolina","LSAD":"06","ALAND":965930095,"AWATER":5554261}},
{"type":"Feature","geometry":{"type":"Polygon","coordinates":[[[-78.6171,35.2457],[-78.624,35.2208],[-78.6244,35.204],[-78.6373,35.1979],[-78.6389,35.167],[-78.6368,35.1415],[-78.6488,35.1252],[-78.6631,35.0782],[-78.6593,35.0428],[-78.645,35.0084],[-78.647,34.9923],[-78.6075,34.9536],[-78.5839,34.9386],[-78.5727,34.9374],[-78.5623,34.918],[-78.5466,34.9164],[-78.5451,34.9007],[-78.5158,34.883],[-78.5131,34.8691],[-78.4947,34.8562],[-78.4936,34.8431],[-78.4695,34.8304],[-78.4498,34.8135],[-78.4369,34.7842],[-78.4201,34.7659],[-78.4098,34.7652],[-78.3953,34.7511],[-78.3813,34.7244],[-78.3823,34.7173],[-78.3667,34.6931],[-78.3459,34.6885],[-78.3425,34.68],[-78.3237,34.6668],[-78.3264,34.6558],[-78.3127,34.6436],[-78.3213,34.6312],[-78.3027,34.6025],[-78.2676,34.584],[-78.2517,34.562],[-78.2544,34.5536],[-78.1565,34.6791],[-78.1135,34.7072],[-78.114,34.7218],[-78.1352,34.7102],[-78.1506,34.722],[-78.1986,34.7416],[-78.1471,34.9025],[-78.1598,35.0798],[-78.1718,35.0935],[-78.1707,35.1149],[-78.163,35.1373],[-78.1634,35.1897],[-78.1618,35.2043],[-78.2462,35.226],[-78.3066,35.2876],[-78.3977,35.263],[-78.4118,35.2547],[-78.4919,35.2633],[-78.5222,35.295],[-78.5383,35.3164],[-78.5818,35.2982],[-78.5846,35.2733],[-78.6171,35.2457]]]},"properties":{"STATEFP":"37","COUNTYFP":"163","COUNTYNS":"01026131","GEOIDFQ":"0500000US37163","GEOID":"37163","NAME":"Sampson","NAMELSAD":"Sampson County","STUSPS":"NC","STATE_NAME":"North Carolina","LSAD":"06","ALAND":2449952011,"AWATER":4918354}},
{"type":"Feature","geometry":{"type":"Polygon","coordinates":[[[-82.2221,36.1569],[-82.2475,36.1309],[-82.2804,36.1288],[-82.2895,36.1357],[-82.3368,36.1149],[-82.3552,36.1156],[-82.4095,36.0834],[-82.4167,36.0728],[-82.4005,36.0816],[-82.3801,36.0707],[-82.3601,36.0782],[-82.3453,36.0765],[-82.3364,36.0524],[-82.3382,36.0301],[-82.3124,36.0261],[-82.2991,36.0402],[-82.2886,36.0281],[-82.2681,36.0166],[-82.2733,36.0029],[-82.2385,36.0048],[-82.2333,36.0135],[-82.2142,36.0171],[-82.1917,35.9906],[-82.1928,35.9595],[-82.1977,35.9523],[-82.1697,35.9286],[-82.155,35.9208],[-82.1469,35.902],[-82.1462,35.8634],[-82.1403,35.8426],[-82.1438,35.8251],[-82.1335,35.8233],[-82.1008,35.8427],[-82.0994,35.8517],[-82.0737,35.8483],[-82.048,35.8532],[-82.0298,35.8675],[-82.0226,35.8849],[-81.9973,35.874],[-81.9802,35.885],[-81.982,35.9114],[-82.0341,35.9421],[-82.0484,35.964],[-82.0588,35.9872],[-82.0551,35.9995],[-82.0392,36.0078],[-82.068,36.064],[-82.0809,36.1058],[-82.1306,36.1064],[-82.1365,36.1288],[-82.1479,36.1495],[-82.1768,36.1422],[-82.2049,36.1571],[-82.2221,36.1569]]]},"properties":{"STATEFP":"37","COUNTYFP":"121","COUNTYNS":"01008571","GEOIDFQ":"0500000US37121","GEOID":"37121","NAME":"Mitchell","NAMELSAD":"Mitchell County","STUSPS":"NC","STATE_NAME":"North Carolina","LSAD":"06","ALAND":573036227,"AWATER":1632150}},
{"type":"Feature","geometry":{"type":"Polygon","coordinates":[[[-80.8792,34.4578],[-80.8386,34.419],[-80.8257,34.4119],[-80.7935,34.4133],[-80.7832,34.4065],[-80.7814,34.3859],[-80.7699,34.3771],[-80.8259,34.2688],[-80.868,34.1848],[-80.8514,34.1741],[-80.7193,34.069],[-80.7036,34.081],[-80.6837,34.0816],[-80.6356,34.0977],[-80.6162,34.0996],[-80.5801,34.0999],[-80.4799,34.1687],[-80.4646,34.1786],[-80.4308,34.227],[-80.433,34.2489],[-80.431,34.2766],[-80.4374,34.2845],[-80.4205,34.2931],[-80.4009,34.2952],[-80.382,34.3052],[-80.353,34.3033],[-80.3658,34.3282],[-80.3638,34.3395],[-80.3261,34.3442],[-80.2887,34.3641],[-80.2886,34.3662],[-80.2859,34.3941],[-80.3023,34.4013],[-80.3116,34.4233],[-80.3208,34.4264],[-80.329,34.4591],[-80.3276,34.4978],[-80.3358,34.5106],[-80.3523,34.5204],[-80.3548,34.5311],[-80.3723,34.5468],[-80.3727,34.5633],[-80.3814,34.5738],[-80.3834,34.5922],[-80.4075,34.6094],[-80.4084,34.6148],[-80.5507,34.56],[-80.5435,34.5374],[-80.5244,34.5131],[-80.541,34.5056],[-80.5489,34.4933],[-80.5761,34.4894],[-80.5958,34.5021],[-80.6136,34.4999],[-80.6584,34.4786],[-80.6761,34.4931],[-80.6891,34.5153],[-80.7092,34.5051],[-80.7136,34.4873],[-80.735,34.4813],[-80.7456,34.4912],[-80.7456,34.5126],[-80.7397,34.5239],[-80.7433,34.5399],[-80.8792,34.4578]]]},"properties":{"STATEFP":"45","COUNTYFP":"055","COUNTYNS":"01248007","GEOIDFQ":"0500000US45055","GEOID":"45055","NAME":"Kershaw","NAMELSAD":"Kershaw County","STUSPS":"SC","STATE_NAME":"South Carolina","LSAD":"06","ALAND":1881916510,"AWATER":35348695}},
{"type":"Feature","geometry":{"type":"Polygon","coordinates":[[[-80.5341,33.6439],[-80.5404,33.628],[-80.5216,33.6165],[-80.5198,33.5974],[-80.5033,33.5916],[-80.5152,33.5747],[-80.4963,33.5585],[-80.485,33.56],[-80.4684,33.5411],[-80.4475,33.5405],[-80.4529,33.5232],[-80.4677,33.5162],[-80.4423,33.5028],[-80.4339,33.4883],[-80.437,33.478],[-80.3938,33.4458],[-80.3545,33.4304],[-80.3236,33.4312],[-80.3034,33.4402],[-80.2767,33.4469],[-80.2679,33.4379],[-80.2488,33.4503],[-80.2223,33.4437],[-80.1483,33.4499],[-80.1507,33.4603],[-80.135,33.4667],[-80.152,33.4786],[-80.1273,33.4933],[-80.1255,33.5024],[-80.1017,33.4969],[-80.0543,33.5826],[-80.0209,33.6458],[-79.9932,33.7045],[-79.9744,33.7216],[-79.9956,33.7679],[-79.9445,33.8102],[-79.9153,33.8186],[-79.8756,33.8852],[-79.9024,33.8891],[-79.9459,33.886],[-79.9523,33.8943],[-79.9746,33.9465],[-80.0563,33.9068],[-80.1216,33.8696],[-80.1355,33.8688],[-80.1954,33.839],[-80.2554,33.8041],[-80.2712,33.7863],[-80.3971,33.7678],[-80.392,33.7156],[-80.4344,33.7119],[-80.4259,33.7241],[-80.4309,33.7383],[-80.4493,33.7375],[-80.4544,33.7135],[-80.4787,33.7143],[-80.4911,33.6938],[-80.4976,33.6743],[-80.5341,33.6439]]]},"properties":{"STATEFP":"45","COUNTYFP":"027","COUNTYNS":"01247990","GEOIDFQ":"0500000US45027","GEOID":"45027","NAME":"Clarendon","NAMELSAD":"Clarendon County","STUSPS":"SC","STATE_NAME":"South Carolina","LSAD":"06","ALAND":1572659562,"AWATER":229094635}},
{"type":"Feature","geometry":{"type":"Polygon","coordinates":[[[-81.0123,33.8801],[-81.0379,33.8709],[-81.0382,33.8462],[-81.0475,33.7894],[-81.0592,33.7709],[-81.0585,33.7471],[-81.0361,33.7452],[-81.0329,33.7641],[-81.014,33.7812],[-80.9619,33.779],[-80.9336,33.7648],[-80.9263,33.7556],[-80.9456,33.7493],[-80.9557,33.7378],[-80.9785,33.7305],[-80.9915,33.7321],[-81.0429,33.7071],[-80.9655,33.6253],[-80.944,33.6436],[-80.938,33.6244],[-80.9398,33.6088],[-80.9197,33.6055],[-80.8814,33.6197],[-80.8076,33.6041],[-80.6941,33.5219],[-80.6961,33.5105],[-80.678,33.4867],[-80.659,33.471],[-80.6393,33.4749],[-80.6113,33.4704],[-80.625,33.4888],[-80.6247,33.4989],[-80.5882,33.5386],[-80.6103,33.5507],[-80.6015,33.5562],[-80.5523,33.5654],[-80.5401,33.5618],[-80.5112,33.5384],[-80.4963,33.5585],[-80.5152,33.5747],[-80.5033,33.5916],[-80.5198,33.5974],[-80.5216,33.6165],[-80.5404,33.628],[-80.5341,33.6439],[-80.546,33.6488],[-80.5654,33.6661],[-80.5624,33.6784],[-80.5903,33.6848],[-80.6016,33.7027],[-80.6153,33.7118],[-80.6276,33.731],[-80.6201,33.7432],[-80.6328,33.7437],[-80.6564,33.7614],[-80.6591,33.773],[-80.6866,33.756],[-80.7054,33.7598],[-80.7137,33.7703],[-80.728,33.7618],[-80.748,33.7758],[-80.7562,33.7648],[-80.7718,33.7719],[-80.7934,33.7695],[-80.8076,33.7742],[-80.8375,33.7939],[-80.8658,33.8027],[-80.8798,33.8156],[-80.8985,33.8088],[-80.9156,33.8114],[-80.916,33.8249],[-80.9406,33.8285],[-80.9508,33.8409],[-80.9659,33.8478],[-80.9857,33.8487],[-80.9998,33.8606],[-80.9966,33.8738],[-81.0123,33.8801]]]},"properties":{"STATEFP":"45","COUNTYFP":"017","COUNTYNS":"01247986","GEOIDFQ":"0500000US45017","GEOID":"45017","NAME":"Calhoun","NAMELSAD":"Calhoun County","STUSPS":"SC","STATE_NAME":"South Carolina","LSAD":"06","ALAND":987164244,"AWATER":29365859}},
{"type":"Feature","geometry":{"type":"Polygon","coordinates":[[[-80.2954,35.5029],[-80.3738,35.3848],[-80.4844,35.2164],[-80.5051,35.1944],[-80.505,35.185],[-80.4704,35.1673],[-80.4399,35.161],[-80.4193,35.1729],[-80.413,35.1638],[-80.3883,35.1659],[-80.3686,35.1791],[-80.3576,35.1649],[-80.3404,35.1741],[-80.3043,35.1831],[-80.2967,35.1934],[-80.2768,35.1957],[-80.2635,35.2086],[-80.2517,35.2045],[-80.2421,35.1816],[-80.225,35.1562],[-80.1906,35.1555],[-80.1747,35.1482],[-80.1539,35.1749],[-80.1362,35.1675],[-80.1245,35.177],[-80.1291,35.1876],[-80.1088,35.1906],[-80.1083,35.1758],[-80.0754,35.1431],[-80.0569,35.164],[-80.0541,35.1808],[-80.0698,35.2183],[-80.0908,35.236],[-80.0982,35.2552],[-80.0922,35.272],[-80.0929,35.2902],[-80.0805,35.3076],[-80.0819,35.3215],[-80.0659,35.3436],[-80.0664,35.3571],[-80.0517,35.3726],[-80.0623,35.3861],[-80.0937,35.402],[-80.0901,35.4156],[-80.107,35.443],[-80.1085,35.4595],[-80.1399,35.4751],[-80.1617,35.4752],[-80.1748,35.4846],[-80.1826,35.5042],[-80.1833,35.5041],[-80.2954,35.5029]]]},"properties":{"STATEFP":"37","COUNTYFP":"167","COUNTYNS":"01025844","GEOIDFQ":"0500000US37167","GEOID":"37167","NAME":"Stanly","NAMELSAD":"Stanly County","STUSPS":"NC","STATE_NAME":"North Carolina","LSAD":"06","ALAND":1023253139,"AWATER":25183933}},
{"type":"Feature","geometry":{"type":"Polygon","coordinates":[[[-80.2768,35.1957],[-80.3024,34.9746],[-80.3208,34.8141],[-80.234,34.8129],[-79.9307,34.8066],[-79.9274,34.8066],[-79.9138,34.8189],[-79.9089,34.8412],[-79.8997,34.8585],[-79.8801,34.8668],[-79.8505,34.8984],[-79.8496,34.9114],[-79.8723,34.9504],[-79.8637,34.9766],[-79.8993,35.0037],[-79.8924,35.0249],[-79.8772,35.0353],[-79.8783,35.0469],[-79.9079,35.0657],[-79.9118,35.0918],[-79.924,35.1154],[-79.9461,35.1186],[-79.9767,35.1025],[-79.9929,35.0856],[-80.0229,35.09],[-80.0414,35.1026],[-80.0643,35.1102],[-80.0754,35.1431],[-80.1083,35.1758],[-80.1088,35.1906],[-80.1291,35.1876],[-80.1245,35.177],[-80.1362,35.1675],[-80.1539,35.1749],[-80.1747,35.1482],[-80.1906,35.1555],[-80.225,35.1562],[-80.2421,35.1816],[-80.2517,35.2045],[-80.2635,35.2086],[-80.2768,35.1957]]]},"properties":{"STATEFP":"37","COUNTYFP":"007","COUNTYNS":"01008534","GEOIDFQ":"0500000US37007","GEOID":"37007","NAME":"Anson","NAMELSAD":"Anson County","STUSPS":"NC","STATE_NAME":"North Carolina","LSAD":"06","ALAND":1376478141,"AWATER":14603213}},
{"type":"Feature","geometry":{"type":"Polygon","coordinates":[[[-79.3479,34.8386],[-79.3576,34.8203],[-79.3317,34.773],[-79.4616,34.6303],[-79.45,34.621],[-79.3583,34.5454],[-79.2498,34.4498],[-79.0713,34.2993],[-79.0712,34.2993],[-79.0515,34.3149],[-79.0383,34.3135],[-79.0343,34.3385],[-79.025,34.3517],[-79.0109,34.3522],[-79.0012,34.3639],[-79.01,34.3803],[-78.995,34.3926],[-78.9682,34.3973],[-78.9711,34.4277],[-78.9518,34.4488],[-78.8958,34.4621],[-78.869,34.4848],[-78.8634,34.498],[-78.8464,34.5041],[-78.8566,34.5241],[-78.8608,34.5522],[-78.856,34.5721],[-78.8435,34.5786],[-78.8315,34.6088],[-78.8344,34.6216],[-78.8198,34.6456],[-78.8181,34.6643],[-78.8094,34.6683],[-78.8058,34.6896],[-78.8219,34.7097],[-78.8379,34.718],[-78.8544,34.7357],[-78.8636,34.77],[-78.8771,34.788],[-78.902,34.8353],[-78.927,34.864],[-78.9266,34.8867],[-78.9549,34.9133],[-79.0387,34.9527],[-79.1914,34.8337],[-79.3479,34.8386]]]},"properties":{"STATEFP":"37","COUNTYFP":"155","COUNTYNS":"01026130","GEOIDFQ":"0500000US37155","GEOID":"37155","NAME":"Robeson","NAMELSAD":"Robeson County","STUSPS":"NC","STATE_NAME":"North Carolina","LSAD":"06","ALAND":2453480732,"AWATER":5076395}},
{"type":"Feature","geometry":{"type":"Polygon","coordinates":[[[-78.0299,34.3318],[-78.0143,34.323],[-78.0171,34.2928],[-77.9965,34.2844],[-77.9875,34.2683],[-77.9678,34.2521],[-77.9566,34.2345],[-77.9613,34.2049],[-77.9586,34.1738],[-77.9535,34.1535],[-77.9369,34.1228],[-77.9311,34.0589],[-77.934,34.0171],[-77.9418,33.981],[-77.9485,33.9713],[-77.9372,33.9292],[-77.9155,33.9717],[-77.8752,34.0747],[-77.839,34.1479],[-77.8294,34.1633],[-77.7753,34.2333],[-77.7401,34.2725],[-77.7106,34.2977],[-77.7375,34.2926],[-77.7523,34.3042],[-77.8111,34.358],[-77.8051,34.3741],[-77.823,34.3894],[-77.8565,34.3803],[-77.8799,34.3663],[-77.8998,34.3671],[-77.9006,34.378],[-77.9185,34.3748],[-77.9288,34.3615],[-77.9404,34.37],[-77.987,34.3721],[-77.9798,34.3606],[-77.9932,34.3368],[-78.0299,34.3318]]]},"properties":{"STATEFP":"37","COUNTYFP":"129","COUNTYNS":"01026329","GEOIDFQ":"0500000US37129","GEOID":"37129","NAME":"New Hanover","NAMELSAD":"New Hanover County","STUSPS":"NC","STATE_NAME":"North Carolina","LSAD":"06","ALAND":497859414,"AWATER":353881963}},
{"type":"Feature","geometry":{"type":"Polygon","coordinates":[[[-78.2544,34.5536],[-78.2722,34.5384],[-78.2558,34.5203],[-78.2553,34.5081],[-78.2356,34.4925],[-78.2089,34.4878],[-78.2042,34.4766],[-78.1765,34.4654],[-78.2561,34.3995],[-78.2362,34.3762],[-78.2116,34.3694],[-78.2102,34.358],[-78.1929,34.3527],[-78.1623,34.357],[-78.1545,34.365],[-78.1207,34.368],[-78.0928,34.3524],[-78.0811,34.354],[-78.0756,34.3379],[-78.0593,34.3379],[-78.0473,34.3307],[-78.0299,34.3318],[-77.9932,34.3368],[-77.9798,34.3606],[-77.987,34.3721],[-77.9404,34.37],[-77.9288,34.3615],[-77.9185,34.3748],[-77.9006,34.378],[-77.8998,34.3671],[-77.8799,34.3663],[-77.8565,34.3803],[-77.823,34.3894],[-77.8051,34.3741],[-77.8111,34.358],[-77.7523,34.3042],[-77.7375,34.2926],[-77.7106,34.2977],[-77.6891,34.3203],[-77.6672,34.3382],[-77.6488,34.3484],[-77.5827,34.4007],[-77.5184,34.4409],[-77.5322,34.4573],[-77.5525,34.4712],[-77.568,34.47],[-77.5749,34.4787],[-77.6139,34.576],[-77.6801,34.7206],[-77.9215,34.7197],[-77.9389,34.7232],[-77.9921,34.716],[-78.0111,34.7316],[-78.0261,34.7259],[-78.0662,34.7279],[-78.114,34.7218],[-78.1135,34.7072],[-78.1565,34.6791],[-78.2544,34.5536]]]},"properties":{"STATEFP":"37","COUNTYFP":"141","COUNTYNS":"01026129","GEOIDFQ":"0500000US37141","GEOID":"37141","NAME":"Pender","NAMELSAD":"Pender County","STUSPS":"NC","STATE_NAME":"North Carolina","LSAD":"06","ALAND":2256656680,"AWATER":162822100}},
{"type":"Feature","geometry":{"type":"Polygon","coordinates":[[[-77.6748,34.9739],[-77.6801,34.9711],[-77.6534,34.9405],[-77.6511,34.9235],[-77.6661,34.8397],[-77.6789,34.7846],[-77.6801,34.7206],[-77.6139,34.576],[-77.5749,34.4787],[-77.568,34.47],[-77.5525,34.4712],[-77.5322,34.4573],[-77.5184,34.4409],[-77.4921,34.4563],[-77.4112,34.4964],[-77.3449,34.5254],[-77.307,34.5451],[-77.2337,34.593],[-77.24,34.6034],[-77.2116,34.6235],[-77.2047,34.6334],[-77.1793,34.6443],[-77.1378,34.6703],[-77.135,34.68],[-77.1133,34.683],[-77.1052,34.6947],[-77.1066,34.7123],[-77.1218,34.7315],[-77.1249,34.7544],[-77.1511,34.7703],[-77.166,34.785],[-77.1958,34.8094],[-77.1794,34.8299],[-77.1933,34.8319],[-77.2114,34.8528],[-77.2163,34.8728],[-77.2253,34.8873],[-77.2506,34.9017],[-77.2674,34.9255],[-77.3075,34.9372],[-77.3173,34.9324],[-77.3316,34.9392],[-77.3652,34.9236],[-77.3668,34.9087],[-77.5028,34.9696],[-77.639,34.9845],[-77.6748,34.9739]]]},"properties":{"STATEFP":"37","COUNTYFP":"133","COUNTYNS":"01026341","GEOIDFQ":"0500000US37133","GEOID":"37133","NAME":"Onslow","NAMELSAD":"Onslow County","STUSPS":"NC","STATE_NAME":"North Carolina","LSAD":"06","ALAND":1973791551,"AWATER":370648831}},
{"type":"Feature","geometry":{"type":"Polygon","coordinates":[[[-83.7381,35.156],[-83.746,35.1608],[-83.7729,35.1559],[-83.8217,35.1392],[-83.8413,35.1437],[-83.8628,35.1324],[-83.8634,35.1215],[-83.8831,35.1061],[-83.9077,35.0782],[-83.9311,35.0694],[-83.9435,35.0561],[-83.9586,35.0528],[-83.9564,35.0265],[-83.9713,35.0125],[-83.9987,34.9964],[-84.0053,34.9874],[-83.9364,34.9875],[-83.7499,34.9877],[-83.62,34.9866],[-83.6202,34.9921],[-83.5494,34.9925],[-83.483,34.9935],[-83.4868,34.9987],[-83.517,34.9992],[-83.5271,35.0092],[-83.5212,35.018],[-83.5435,35.0387],[-83.5574,35.0386],[-83.5666,35.051],[-83.5622,35.0594],[-83.5851,35.0819],[-83.5875,35.0923],[-83.6126,35.1028],[-83.6201,35.1263],[-83.6372,35.1261],[-83.6491,35.1347],[-83.6485,35.1529],[-83.6659,35.1501],[-83.6734,35.1571],[-83.7169,35.1542],[-83.7264,35.1455],[-83.7381,35.156]]]},"properties":{"STATEFP":"37","COUNTYFP":"043","COUNTYNS":"01008546","GEOIDFQ":"0500000US37043","GEOID":"37043","NAME":"Clay","NAMELSAD":"Clay County","STUSPS":"NC","STATE_NAME":"North Carolina","LSAD":"06","ALAND":556849483,"AWATER":15046554}},
{"type":"Feature","geometry":{"type":"Polygon","coordinates":[[[-83.7027,35.2485],[-83.6918,35.2429],[-83.6968,35.2254],[-83.7227,35.2098],[-83.7289,35.2005],[-83.7125,35.1893],[-83.7315,35.1786],[-83.7381,35.156],[-83.7264,35.1455],[-83.7169,35.1542],[-83.6734,35.1571],[-83.6659,35.1501],[-83.6485,35.1529],[-83.6491,35.1347],[-83.6372,35.1261],[-83.6201,35.1263],[-83.6126,35.1028],[-83.5875,35.0923],[-83.5851,35.0819],[-83.5622,35.0594],[-83.5666,35.051],[-83.5574,35.0386],[-83.5435,35.0387],[-83.5212,35.018],[-83.5271,35.0092],[-83.517,34.9992],[-83.4868,34.9987],[-83.483,34.9935],[-83.3228,34.9959],[-83.1096,35.0012],[-83.1086,35.0014],[-83.1086,35.0096],[-83.1262,35.0228],[-83.1481,35.0536],[-83.1712,35.0605],[-83.1583,35.0776],[-83.1435,35.0779],[-83.1477,35.0938],[-83.1776,35.1089],[-83.1871,35.134],[-83.2216,35.1586],[-83.2253,35.1772],[-83.2185,35.1936],[-83.2166,35.2233],[-83.2247,35.2387],[-83.2458,35.2314],[-83.277,35.228],[-83.2912,35.2338],[-83.2986,35.2558],[-83.3159,35.2648],[-83.3121,35.2817],[-83.3396,35.331],[-83.3642,35.326],[-83.3999,35.3276],[-83.4109,35.3165],[-83.4328,35.3251],[-83.4521,35.3142],[-83.4559,35.3028],[-83.4714,35.2974],[-83.4903,35.3055],[-83.4979,35.2993],[-83.6731,35.2828],[-83.6803,35.2794],[-83.7027,35.2485]]]},"properties":{"STATEFP":"37","COUNTYFP":"113","COUNTYNS":"01025833","GEOIDFQ":"0500000US37113","GEOID":"37113","NAME":"Macon","NAMELSAD":"Macon County","STUSPS":"NC","STATE_NAME":"North Carolina","LSAD":"06","ALAND":1335304967,"AWATER":10576640}},
{"type":"Feature","geometry":{"type":"Polygon","coordinates":[[[-82.9209,35.292],[-82.9192,35.2708],[-82.9319,35.2291],[-82.9596,35.2155],[-82.9688,35.1946],[-82.9869,35.1876],[-82.9966,35.1634],[-82.9948,35.1535],[-82.9809,35.1484],[-82.9839,35.1313],[-83.021,35.0956],[-83.0447,35.0775],[-83.0551,35.054],[-83.0381,35.0424],[-83.0185,35.037],[-83.0087,35.0276],[-82.8976,35.056],[-82.7833,35.0856],[-82.782,35.0668],[-82.7641,35.0682],[-82.7384,35.0795],[-82.727,35.0941],[-82.7153,35.0929],[-82.6865,35.1082],[-82.6871,35.1251],[-82.6624,35.1181],[-82.6097,35.139],[-82.5742,35.1437],[-82.5909,35.1624],[-82.604,35.2218],[-82.6043,35.2589],[-82.6161,35.2601],[-82.6102,35.2882],[-82.6188,35.2884],[-82.6248,35.3091],[-82.6474,35.3289],[-82.7451,35.423],[-82.7456,35.4073],[-82.7737,35.3939],[-82.7878,35.381],[-82.7916,35.3674],[-82.8048,35.3483],[-82.8147,35.3444],[-82.8316,35.3186],[-82.8764,35.3146],[-82.8995,35.3055],[-82.9209,35.292]]]},"properties":{"STATEFP":"37","COUNTYFP":"175","COUNTYNS":"01008589","GEOIDFQ":"0500000US37175","GEOID":"37175","NAME":"Transylvania","NAMELSAD":"Transylvania County","STUSPS":"NC","STATE_NAME":"North Carolina","LSAD":"06","ALAND":979943598,"AWATER":5091023}},
{"type":"Feature","geometry":{"type":"Polygon","coordinates":[[[-77.391,35.3395],[-77.4086,35.3394],[-77.4141,35.331],[-77.4313,35.3298],[-77.4311,35.313],[-77.4406,35.3035],[-77.4377,35.277],[-77.4262,35.2624],[-77.4326,35.2502],[-77.4643,35.2392],[-77.4737,35.229],[-77.4523,35.219],[-77.3292,35.1498],[-77.1877,35.0811],[-77.1894,35.0667],[-77.1793,35.0583],[-77.1645,35.0655],[-77.1475,35.0563],[-77.1305,35.0723],[-77.1096,35.0685],[-77.1102,35.0467],[-77.0989,35.0267],[-77.1031,35.0171],[-77.1048,34.9421],[-77.1089,34.8308],[-77.0472,34.8364],[-77.0783,34.8113],[-76.9544,34.8091],[-76.9548,34.8245],[-76.8823,34.8367],[-76.8831,34.8449],[-76.758,34.8463],[-76.693,34.8692],[-76.683,34.8993],[-76.6606,34.9156],[-76.6526,34.9376],[-76.6772,34.9577],[-76.7076,34.9542],[-76.7266,34.9279],[-76.7608,34.9159],[-76.8112,34.9392],[-76.8274,34.9412],[-76.8478,34.9363],[-76.8683,34.9476],[-76.8892,34.9482],[-76.8958,34.9577],[-76.9358,34.9731],[-76.9705,34.9973],[-76.98,35.0092],[-76.9893,35.0438],[-77.0147,35.0681],[-77.0377,35.0992],[-77.0346,35.1112],[-77.0527,35.1272],[-77.0603,35.1408],[-77.0539,35.1474],[-77.0304,35.1331],[-76.9978,35.0767],[-76.9726,35.0564],[-76.9488,35.0515],[-76.9361,35.0619],[-76.9333,35.0802],[-76.9386,35.0897],[-76.9365,35.1117],[-76.9507,35.1249],[-76.9759,35.1337],[-76.9875,35.1543],[-76.9722,35.1594],[-76.9703,35.1791],[-76.9595,35.2028],[-76.9426,35.2133],[-76.9326,35.2303],[-76.9062,35.2359],[-76.8959,35.2539],[-76.9588,35.301],[-77.1891,35.4184],[-77.1997,35.4],[-77.2271,35.3998],[-77.2396,35.3814],[-77.2382,35.3618],[-77.2591,35.3516],[-77.2693,35.3692],[-77.2943,35.3791],[-77.3504,35.3284],[-77.3826,35.3343],[-77.391,35.3395]]]},"properties":{"STATEFP":"37","COUNTYFP":"049","COUNTYNS":"01026123","GEOIDFQ":"0500000US37049","GEOID":"37049","NAME":"Craven","NAMELSAD":"Craven County","STUSPS":"NC","STATE_NAME":"North Carolina","LSAD":"06","ALAND":1829934615,"AWATER":172857594}},
{"type":"Feature","geometry":{"type":"Polygon","coordinates":[[[-76.8959,35.2539],[-76.9062,35.2359],[-76.9326,35.2303],[-76.9426,35.2133],[-76.9595,35.2028],[-76.9703,35.1791],[-76.9722,35.1594],[-76.9875,35.1543],[-76.9759,35.1337],[-76.9507,35.1249],[-76.9365,35.1117],[-76.9386,35.0897],[-76.9333,35.0802],[-76.9361,35.0619],[-76.9488,35.0515],[-76.9303,35.0419],[-76.9248,35.0292],[-76.9011,35.0251],[-76.8747,35.0027],[-76.8668,35.0016],[-76.8205,34.971],[-76.801,34.9687],[-76.7712,34.9767],[-76.7575,34.9924],[-76.7299,35.002],[-76.7116,35.0045],[-76.7025,35.0189],[-76.6746,35.03],[-76.6299,35.0613],[-76.5973,35.074],[-76.5887,35.0959],[-76.5695,35.0985],[-76.5571,35.1247],[-76.5422,35.1453],[-76.5645,35.1663],[-76.58,35.1741],[-76.5866,35.1544],[-76.6002,35.1544],[-76.6137,35.163],[-76.6337,35.1607],[-76.6341,35.1743],[-76.6128,35.1799],[-76.6013,35.1974],[-76.5747,35.2009],[-76.5483,35.1898],[-76.5267,35.1848],[-76.5186,35.2022],[-76.5393,35.2185],[-76.5602,35.2234],[-76.5559,35.2339],[-76.5291,35.2312],[-76.5053,35.2226],[-76.4932,35.2257],[-76.5034,35.2407],[-76.4835,35.2498],[-76.4862,35.266],[-76.4799,35.2791],[-76.4927,35.2913],[-76.4989,35.3059],[-76.4842,35.3136],[-76.5241,35.32],[-76.5445,35.3262],[-76.598,35.3315],[-76.6112,35.3355],[-76.6175,35.3289],[-76.6189,35.3001],[-76.6122,35.2793],[-76.6326,35.2353],[-76.8453,35.2161],[-76.8959,35.2539]]]},"properties":{"STATEFP":"37","COUNTYFP":"137","COUNTYNS":"01023355","GEOIDFQ":"0500000US37137","GEOID":"37137","NAME":"Pamlico","NAMELSAD":"Pamlico County","STUSPS":"NC","STATE_NAME":"North Carolina","LSAD":"06","ALAND":871570771,"AWATER":583036551}},
{"type":"Feature","geometry":{"type":"Polygon","coordinates":[[[-76.3662,35.9348],[-76.38,35.9147],[-76.3696,35.8832],[-76.3536,35.8613],[-76.4056,35.7863],[-76.406,35.6976],[-76.2692,35.6908],[-76.2979,35.609],[-76.2858,35.6045],[-76.2697,35.608],[-76.2155,35.598],[-76.1958,35.6201],[-76.1922,35.6466],[-76.1778,35.6549],[-76.1692,35.6905],[-76.1447,35.7025],[-76.1202,35.6806],[-76.0926,35.6698],[-76.0611,35.6752],[-76.0451,35.6656],[-76.0364,35.6884],[-76.0549,35.7027],[-76.0609,35.7168],[-76.0483,35.7371],[-76.0559,35.7602],[-76.0505,35.8067],[-76.0635,35.824],[-76.0632,35.8534],[-76.046,35.8703],[-76.0402,35.8947],[-76.0285,35.9107],[-76.0128,35.9219],[-76.0205,35.9325],[-76.0152,35.9532],[-76.025,35.9698],[-76.0625,35.9907],[-76.1015,35.9917],[-76.1326,35.9894],[-76.1483,35.9948],[-76.1705,35.9945],[-76.1806,35.9881],[-76.2054,35.9876],[-76.2826,35.9675],[-76.3254,35.9386],[-76.3485,35.9423],[-76.3662,35.9348]]]},"properties":{"STATEFP":"37","COUNTYFP":"177","COUNTYNS":"01026332","GEOIDFQ":"0500000US37177","GEOID":"37177","NAME":"Tyrrell","NAMELSAD":"Tyrrell County","STUSPS":"NC","STATE_NAME":"North Carolina","LSAD":"06","ALAND":1012106670,"AWATER":534571696}},
{"type":"Feature","geometry":{"type":"Polygon","coordinates":[[[-76.3133,36.5506],[-76.1585,36.4253],[-76.1575,36.3982],[-76.1476,36.3945],[-76.1218,36.3711],[-76.1144,36.3576],[-76.0811,36.3481],[-76.0637,36.3475],[-76.0536,36.3602],[-76.0364,36.3552],[-76.0204,36.3342],[-76.0017,36.3235],[-75.9997,36.3112],[-75.9758,36.3103],[-75.9649,36.2884],[-75.9484,36.2853],[-75.9517,36.2715],[-75.9625,36.2668],[-75.9233,36.2459],[-75.9167,36.2379],[-75.9066,36.2088],[-75.875,36.1841],[-75.8629,36.1596],[-75.8667,36.1275],[-75.8493,36.1048],[-75.7982,36.0722],[-75.7898,36.079],[-75.803,36.0987],[-75.7994,36.1177],[-75.8176,36.1406],[-75.8228,36.155],[-75.8403,36.1772],[-75.8429,36.1993],[-75.8368,36.2038],[-75.8639,36.2293],[-75.8643,36.2451],[-75.8723,36.2548],[-75.8624,36.2629],[-75.8648,36.285],[-75.8834,36.2847],[-75.8953,36.3196],[-75.9235,36.3678],[-75.9164,36.389],[-75.923,36.3999],[-75.9245,36.4255],[-75.9341,36.4274],[-75.9563,36.4008],[-75.972,36.4372],[-75.9899,36.4368],[-76.0123,36.4475],[-76.0319,36.4825],[-76.0426,36.5106],[-76.0264,36.5165],[-76.0307,36.5388],[-76.0026,36.5371],[-75.9862,36.5257],[-75.981,36.5113],[-75.9891,36.4951],[-75.9355,36.4906],[-75.9273,36.4828],[-75.8999,36.4821],[-75.8883,36.4416],[-75.865,36.4377],[-75.8558,36.4244],[-75.8433,36.42],[-75.8497,36.4002],[-75.8407,36.3974],[-75.8477,36.3784],[-75.8289,36.3657],[-75.8238,36.3472],[-75.8231,36.3226],[-75.8459,36.3326],[-75.8518,36.3242],[-75.8453,36.3056],[-75.8337,36.2936],[-75.8131,36.2917],[-75.8039,36.2677],[-75.8109,36.2491],[-75.7954,36.2271],[-75.7733,36.2315],[-75.7964,36.2904],[-75.8187,36.3576],[-75.8577,36.5008],[-75.8676,36.5504],[-76.1223,36.5505],[-76.3133,36.5506]]]},"properties":{"STATEFP":"37","COUNTYFP":"053","COUNTYNS":"01026125","GEOIDFQ":"0500000US37053","GEOID":"37053","NAME":"Currituck","NAMELSAD":"Currituck County","STUSPS":"NC","STATE_NAME":"North Carolina","LSAD":"06","ALAND":678344374,"AWATER":685095432}},
{"type":"Feature","geometry":{"type":"Polygon","coordinates":[[[-77.8998,36.5447],[-77.8995,36.5043],[-77.8583,36.5066],[-77.819,36.5007],[-77.7891,36.4912],[-77.774,36.4817],[-77.7426,36.4799],[-77.7307,36.4865],[-77.7097,36.4871],[-77.6811,36.4792],[-77.6489,36.4815],[-77.6396,36.475],[-77.6302,36.4498],[-77.6096,36.4367],[-77.5505,36.414],[-77.5444,36.3939],[-77.547,36.3739],[-77.5799,36.3501],[-77.5856,36.3373],[-77.5711,36.3138],[-77.5411,36.3033],[-77.4951,36.3084],[-77.4663,36.322],[-77.4459,36.3249],[-77.4144,36.2935],[-77.4111,36.2667],[-77.3806,36.2493],[-77.3763,36.243],[-77.3866,36.2135],[-77.351,36.1915],[-77.3284,36.1919],[-77.3131,36.1722],[-77.2915,36.1683],[-77.2997,36.1814],[-77.2933,36.1974],[-77.2982,36.2077],[-77.2641,36.2172],[-77.2288,36.2174],[-77.2085,36.2466],[-77.1786,36.3169],[-77.1313,36.4378],[-77.1372,36.4554],[-77.1124,36.4777],[-77.0915,36.4718],[-77.0704,36.4799],[-77.0671,36.4917],[-77.0854,36.5],[-77.0825,36.5115],[-77.0932,36.5182],[-77.1484,36.525],[-77.1495,36.5366],[-77.1644,36.5463],[-77.2052,36.5446],[-77.2968,36.5447],[-77.4744,36.545],[-77.7671,36.5454],[-77.8998,36.5447]]]},"properties":{"STATEFP":"37","COUNTYFP":"131","COUNTYNS":"01008575","GEOIDFQ":"0500000US37131","GEOID":"37131","NAME":"Northampton","NAMELSAD":"Northampton County","STUSPS":"NC","STATE_NAME":"North Carolina","LSAD":"06","ALAND":1390073547,"AWATER":35850398}},
{"type":"Feature","geometry":{"type":"Polygon","coordinates":[[[-83.9611,35.4638],[-83.9731,35.4489],[-83.9926,35.4381],[-84.0147,35.412],[-84.0181,35.3991],[-84.0082,35.3904],[-84.0076,35.3717],[-84.0235,35.3542],[-84.0383,35.3478],[-84.0294,35.3332],[-84.0355,35.3178],[-84.0214,35.3014],[-84.0291,35.2922],[-84.0098,35.2732],[-84.0064,35.2417],[-83.9974,35.2321],[-83.959,35.2169],[-83.9344,35.223],[-83.9036,35.2352],[-83.8933,35.2332],[-83.8732,35.2442],[-83.8314,35.2561],[-83.8221,35.2503],[-83.7952,35.2575],[-83.7733,35.2458],[-83.7343,35.245],[-83.7131,35.2577],[-83.7027,35.2485],[-83.6803,35.2794],[-83.6953,35.2975],[-83.6847,35.3241],[-83.6605,35.3356],[-83.6205,35.3455],[-83.6136,35.3573],[-83.5933,35.3767],[-83.5824,35.4096],[-83.5858,35.4348],[-83.6101,35.427],[-83.6187,35.4361],[-83.6429,35.4435],[-83.6478,35.4276],[-83.6699,35.4356],[-83.7328,35.4474],[-83.7567,35.4417],[-83.7745,35.4435],[-83.8005,35.4558],[-83.8067,35.4448],[-83.8212,35.4508],[-83.8449,35.4531],[-83.8646,35.4483],[-83.8738,35.4604],[-83.9141,35.4651],[-83.9288,35.4499],[-83.9443,35.4508],[-83.9529,35.4606],[-83.9611,35.4638]]]},"properties":{"STATEFP":"37","COUNTYFP":"075","COUNTYNS":"01008555","GEOIDFQ":"0500000US37075","GEOID":"37075","NAME":"Graham","NAMELSAD":"Graham County","STUSPS":"NC","STATE_NAME":"North Carolina","LSAD":"06","ALAND":756194687,"AWATER":25055910}},
{"type":"Feature","geometry":{"type":"Polygon","coordinates":[[[-82.7641,35.0682],[-82.7599,35.0577],[-82.7432,35.0473],[-82.715,35.059],[-82.6571,35.066],[-82.649,35.0602],[-82.5897,35.0738],[-82.5989,35.0407],[-82.5899,35.0392],[-82.5883,35.021],[-82.5939,35.0079],[-82.5564,35.015],[-82.5432,35.0046],[-82.5341,34.9838],[-82.5427,34.9769],[-82.5269,34.9611],[-82.5254,34.9395],[-82.4877,34.8851],[-82.489,34.8614],[-82.4847,34.8444],[-82.487,34.819],[-82.4609,34.7967],[-82.4515,34.7688],[-82.4551,34.7507],[-82.4634,34.7449],[-82.4655,34.7212],[-82.4574,34.7142],[-82.4631,34.6934],[-82.4574,34.6823],[-82.4665,34.6652],[-82.4543,34.6433],[-82.4529,34.6238],[-82.4283,34.5989],[-82.4196,34.5571],[-82.4056,34.545],[-82.3923,34.5437],[-82.3653,34.5199],[-82.3273,34.4957],[-82.3139,34.4843],[-82.2361,34.5353],[-82.2348,34.5888],[-82.1974,34.677],[-82.1456,34.7852],[-82.1595,34.7903],[-82.1747,34.812],[-82.1958,34.835],[-82.2263,34.8525],[-82.2227,34.928],[-82.2176,35.116],[-82.2159,35.196],[-82.2749,35.2001],[-82.3159,35.1907],[-82.3233,35.1848],[-82.3537,35.1922],[-82.3713,35.1814],[-82.3904,35.2154],[-82.4197,35.1986],[-82.4319,35.1727],[-82.4396,35.1659],[-82.4601,35.1781],[-82.4874,35.1725],[-82.495,35.1645],[-82.516,35.1634],[-82.5351,35.1548],[-82.5416,35.1621],[-82.5742,35.1437],[-82.6097,35.139],[-82.6624,35.1181],[-82.6871,35.1251],[-82.6865,35.1082],[-82.7153,35.0929],[-82.727,35.0941],[-82.7384,35.0795],[-82.7641,35.0682]]]},"properties":{"STATEFP":"45","COUNTYFP":"045","COUNTYNS":"01245489","GEOIDFQ":"0500000US45045","GEOID":"45045","NAME":"Greenville","NAMELSAD":"Greenville County","STUSPS":"SC","STATE_NAME":"South Carolina","LSAD":"06","ALAND":2035566804,"AWATER":24964755}},
{"type":"Feature","geometry":{"type":"Polygon","coordinates":[[[-80.5617,34.8175],[-80.5585,34.8015],[-80.5445,34.784],[-80.5162,34.7589],[-80.4933,34.7251],[-80.4887,34.706],[-80.4752,34.6992],[-80.4608,34.677],[-80.4318,34.66],[-80.435,34.6421],[-80.4139,34.6278],[-80.4084,34.6148],[-80.4075,34.6094],[-80.3834,34.5922],[-80.3814,34.5738],[-80.3727,34.5633],[-80.3723,34.5468],[-80.3548,34.5311],[-80.3523,34.5204],[-80.3358,34.5106],[-80.3276,34.4978],[-80.329,34.4591],[-80.3208,34.4264],[-80.3116,34.4233],[-80.3023,34.4013],[-80.2859,34.3941],[-80.2886,34.3662],[-80.0455,34.4926],[-80.0265,34.4865],[-79.9815,34.5016],[-79.9654,34.4877],[-79.9408,34.488],[-79.9198,34.4958],[-79.9021,34.4892],[-79.885,34.4911],[-79.8636,34.5087],[-79.8594,34.5204],[-79.8361,34.5351],[-79.83,34.5319],[-79.8177,34.5732],[-79.8088,34.5847],[-79.8031,34.6097],[-79.7841,34.6073],[-79.7782,34.6149],[-79.8006,34.6377],[-79.7955,34.6463],[-79.8169,34.6587],[-79.8305,34.6572],[-79.8514,34.671],[-79.872,34.6938],[-79.8787,34.7168],[-79.8918,34.7399],[-79.9252,34.7653],[-79.9346,34.7976],[-79.9307,34.8066],[-80.234,34.8129],[-80.3208,34.8141],[-80.4998,34.8173],[-80.5617,34.8175]]]},"properties":{"STATEFP":"45","COUNTYFP":"025","COUNTYNS":"01247989","GEOIDFQ":"0500000US45025","GEOID":"45025","NAME":"Chesterfield","NAMELSAD":"Chesterfield County","STUSPS":"SC","STATE_NAME":"South Carolina","LSAD":"06","ALAND":2069364022,"AWATER":17265236}},
{"type":"Feature","geometry":{"type":"Polygon","coordinates":[[[-79.1836,35.3072],[-79.223,35.2681],[-79.1937,35.2502],[-79.1651,35.2409],[-79.1537,35.2283],[-79.1516,35.214],[-79.1379,35.2114],[-79.0958,35.1921],[-79.0112,35.2113],[-78.9217,35.2225],[-78.8804,35.2304],[-78.8675,35.245],[-78.7934,35.266],[-78.7699,35.2596],[-78.7259,35.2669],[-78.7182,35.2597],[-78.6171,35.2457],[-78.5846,35.2733],[-78.5818,35.2982],[-78.5383,35.3164],[-78.5299,35.3349],[-78.5352,35.345],[-78.5627,35.3622],[-78.5725,35.3865],[-78.5951,35.4019],[-78.5988,35.4183],[-78.6272,35.4583],[-78.6503,35.4724],[-78.6606,35.4962],[-78.6755,35.4964],[-78.6878,35.5042],[-78.6904,35.5158],[-78.7089,35.5195],[-78.9161,35.5841],[-78.9696,35.5217],[-79.1836,35.3072]]]},"properties":{"STATEFP":"37","COUNTYFP":"085","COUNTYNS":"01008560","GEOIDFQ":"0500000US37085","GEOID":"37085","NAME":"Harnett","NAMELSAD":"Harnett County","STUSPS":"NC","STATE_NAME":"North Carolina","LSAD":"06","ALAND":1541299797,"AWATER":16361612}},
{"type":"Feature","geometry":{"type":"Polygon","coordinates":[[[-79.768,35.5115],[-79.7642,35.4757],[-79.7517,35.444],[-79.7099,35.3013],[-79.712,35.2759],[-79.698,35.2515],[-79.6725,35.245],[-79.6588,35.194],[-79.6371,35.1761],[-79.6143,35.1637],[-79.6063,35.149],[-79.5853,35.1352],[-79.5739,35.122],[-79.5749,35.1019],[-79.5828,35.084],[-79.5651,35.0637],[-79.5496,35.0664],[-79.5013,35.0642],[-79.4773,35.057],[-79.4588,35.0436],[-79.4299,35.0723],[-79.364,35.1334],[-79.3354,35.1616],[-79.3105,35.173],[-79.2711,35.1994],[-79.2557,35.2029],[-79.2455,35.2129],[-79.2298,35.2106],[-79.2113,35.194],[-79.1755,35.1931],[-79.141,35.1692],[-79.1119,35.1701],[-79.0976,35.1742],[-79.0958,35.1921],[-79.1379,35.2114],[-79.1516,35.214],[-79.1537,35.2283],[-79.1651,35.2409],[-79.1937,35.2502],[-79.223,35.2681],[-79.1836,35.3072],[-79.222,35.3243],[-79.2736,35.3534],[-79.277,35.3766],[-79.294,35.3996],[-79.3102,35.4085],[-79.3267,35.4349],[-79.3552,35.4646],[-79.3519,35.4775],[-79.3359,35.4978],[-79.3501,35.518],[-79.5558,35.515],[-79.768,35.5115]]]},"properties":{"STATEFP":"37","COUNTYFP":"125","COUNTYNS":"01008573","GEOIDFQ":"0500000US37125","GEOID":"37125","NAME":"Moore","NAMELSAD":"Moore County","STUSPS":"NC","STATE_NAME":"North Carolina","LSAD":"06","ALAND":1806846432,"AWATER":20853327}},
{"type":"Feature","geometry":{"type":"Polygon","coordinates":[[[-77.4026,36.005],[-77.4092,35.9987],[-77.3424,35.9053],[-77.3444,35.8753],[-77.3493,35.8676],[-77.3504,35.8192],[-77.2552,35.7864],[-77.2644,35.7752],[-77.2598,35.7652],[-77.2159,35.7601],[-77.1787,35.7394],[-77.174,35.7328],[-77.1638,35.7395],[-77.0346,35.679],[-76.9858,35.6588],[-76.8473,35.72],[-76.8313,35.7307],[-76.8186,35.7471],[-76.793,35.7899],[-76.8026,35.8052],[-76.7819,35.8267],[-76.7892,35.8376],[-76.7787,35.8566],[-76.7606,35.8649],[-76.781,35.8639],[-76.803,35.8817],[-76.8294,35.8861],[-76.8369,35.8761],[-76.8317,35.8559],[-76.8401,35.8442],[-76.8752,35.8137],[-76.8955,35.8132],[-76.9035,35.8374],[-76.8951,35.8658],[-76.9034,35.87],[-76.9163,35.8934],[-76.939,35.9015],[-76.9619,35.8824],[-76.988,35.8758],[-76.9917,35.8651],[-77.0052,35.8584],[-77.0432,35.861],[-77.0313,35.8807],[-77.0253,35.9028],[-77.0281,35.9258],[-77.0429,35.9423],[-77.0558,35.9444],[-77.0715,35.9347],[-77.0805,35.9376],[-77.1249,35.9267],[-77.1628,35.9377],[-77.1704,35.9297],[-77.1858,35.9309],[-77.2023,35.9474],[-77.1903,35.9737],[-77.1967,35.9929],[-77.2172,36.0152],[-77.2305,36.0156],[-77.2745,36.0337],[-77.2928,36.0451],[-77.3187,36.0554],[-77.3276,36.0714],[-77.3393,36.0647],[-77.4026,36.005]]]},"properties":{"STATEFP":"37","COUNTYFP":"117","COUNTYNS":"01026328","GEOIDFQ":"0500000US37117","GEOID":"37117","NAME":"Martin","NAMELSAD":"Martin County","STUSPS":"NC","STATE_NAME":"North Carolina","LSAD":"06","ALAND":1182102538,"AWATER":746610}},
{"type":"Feature","geometry":{"type":"Polygon","coordinates":[[[-79.0976,35.1742],[-79.1129,35.1259],[-79.1012,35.1143],[-79.0894,35.0704],[-79.0903,35.042],[-79.0497,34.992],[-79.0481,34.9813],[-79.0348,34.963],[-79.0387,34.9527],[-78.9549,34.9133],[-78.9266,34.8867],[-78.927,34.864],[-78.902,34.8353],[-78.8274,34.8507],[-78.5336,34.8511],[-78.5161,34.8459],[-78.4947,34.8562],[-78.5131,34.8691],[-78.5158,34.883],[-78.5451,34.9007],[-78.5466,34.9164],[-78.5623,34.918],[-78.5727,34.9374],[-78.5839,34.9386],[-78.6075,34.9536],[-78.647,34.9923],[-78.645,35.0084],[-78.6593,35.0428],[-78.6631,35.0782],[-78.6488,35.1252],[-78.6368,35.1415],[-78.6389,35.167],[-78.6373,35.1979],[-78.6244,35.204],[-78.624,35.2208],[-78.6171,35.2457],[-78.7182,35.2597],[-78.7259,35.2669],[-78.7699,35.2596],[-78.7934,35.266],[-78.8675,35.245],[-78.8804,35.2304],[-78.9217,35.2225],[-79.0112,35.2113],[-79.0958,35.1921],[-79.0976,35.1742]]]},"properties":{"STATEFP":"37","COUNTYFP":"051","COUNTYNS":"01026124","GEOIDFQ":"0500000US37051","GEOID":"37051","NAME":"Cumberland","NAMELSAD":"Cumberland County","STUSPS":"NC","STATE_NAME":"North Carolina","LSAD":"06","ALAND":1690137276,"AWATER":15312233}},
{"type":"Feature","geometry":{"type":"Polygon","coordinates":[[[-80.6932,36.0513],[-80.7078,35.853],[-80.6768,35.8558],[-80.6713,35.8465],[-80.632,35.8457],[-80.6099,35.829],[-80.5947,35.8274],[-80.5695,35.8155],[-80.543,35.7923],[-80.5075,35.7748],[-80.4958,35.7823],[-80.4718,35.7684],[-80.4589,35.7428],[-80.4506,35.766],[-80.4767,35.7891],[-80.4644,35.805],[-80.4723,35.8255],[-80.4874,35.8336],[-80.4738,35.8426],[-80.4584,35.8264],[-80.4453,35.8365],[-80.4287,35.8308],[-80.4207,35.8527],[-80.3945,35.8414],[-80.3858,35.8536],[-80.3897,35.8676],[-80.4165,35.8805],[-80.4107,35.8901],[-80.3899,35.8919],[-80.378,35.8852],[-80.3652,35.8934],[-80.3749,35.9113],[-80.3689,35.9247],[-80.378,35.9622],[-80.3943,35.9728],[-80.4196,35.9857],[-80.4135,36.001],[-80.4185,36.0164],[-80.4419,36.0306],[-80.4638,36.0626],[-80.4872,36.0432],[-80.4963,36.0465],[-80.5984,36.0477],[-80.6932,36.0513]]]},"properties":{"STATEFP":"37","COUNTYFP":"059","COUNTYNS":"01008549","GEOIDFQ":"0500000US37059","GEOID":"37059","NAME":"Davie","NAMELSAD":"Davie County","STUSPS":"NC","STATE_NAME":"North Carolina","LSAD":"06","ALAND":682977539,"AWATER":7511429}},
{"type":"Feature","geometry":{"type":"Polygon","coordinates":[[[-78.0066,36.2026],[-77.9912,36.1863],[-77.9714,36.178],[-77.9681,36.1945],[-77.9511,36.1806],[-77.918,36.1815],[-77.923,36.1669],[-77.9007,36.1627],[-77.8883,36.1453],[-77.8219,36.1448],[-77.8088,36.1382],[-77.7925,36.1451],[-77.7821,36.1415],[-77.7419,36.1551],[-77.7216,36.1414],[-77.698,36.1531],[-77.6721,36.1479],[-77.6701,36.1371],[-77.644,36.1381],[-77.6316,36.1267],[-77.6273,36.1131],[-77.5735,36.0986],[-77.552,36.0989],[-77.5334,36.0911],[-77.5266,36.0713],[-77.5401,36.0608],[-77.5176,36.0368],[-77.4749,36.0378],[-77.4378,36.0191],[-77.4279,36.0053],[-77.4026,36.005],[-77.3393,36.0647],[-77.3276,36.0714],[-77.3132,36.0892],[-77.2923,36.0915],[-77.2667,36.1001],[-77.2407,36.098],[-77.2348,36.1111],[-77.2495,36.1138],[-77.2515,36.1355],[-77.2645,36.1391],[-77.2671,36.151],[-77.2915,36.1683],[-77.3131,36.1722],[-77.3284,36.1919],[-77.351,36.1915],[-77.3866,36.2135],[-77.3763,36.243],[-77.3806,36.2493],[-77.4111,36.2667],[-77.4144,36.2935],[-77.4459,36.3249],[-77.4663,36.322],[-77.4951,36.3084],[-77.5411,36.3033],[-77.5711,36.3138],[-77.5856,36.3373],[-77.5799,36.3501],[-77.547,36.3739],[-77.5444,36.3939],[-77.5505,36.414],[-77.6096,36.4367],[-77.6302,36.4498],[-77.6396,36.475],[-77.6489,36.4815],[-77.6811,36.4792],[-77.7097,36.4871],[-77.7307,36.4865],[-77.7426,36.4799],[-77.774,36.4817],[-77.7891,36.4912],[-77.819,36.5007],[-77.8583,36.5066],[-77.8995,36.5043],[-77.9092,36.4739],[-77.9118,36.4428],[-77.9201,36.4361],[-77.9121,36.4246],[-77.912,36.3824],[-77.9424,36.2985],[-78.0066,36.2026]]]},"properties":{"STATEFP":"37","COUNTYFP":"083","COUNTYNS":"01008559","GEOIDFQ":"0500000US37083","GEOID":"37083","NAME":"Halifax","NAMELSAD":"Halifax County","STUSPS":"NC","STATE_NAME":"North Carolina","LSAD":"06","ALAND":1874472932,"AWATER":16919664}},
{"type":"Feature","geometry":{"type":"Polygon","coordinates":[[[-81.8105,36.1115],[-81.7662,36.0933],[-81.7537,36.0727],[-81.7357,36.0676],[-81.8072,35.962],[-81.8005,35.9531],[-81.7791,35.9467],[-81.7754,35.9336],[-81.7525,35.9244],[-81.7287,35.891],[-81.7098,35.875],[-81.6392,35.8483],[-81.6301,35.8304],[-81.6104,35.8196],[-81.6008,35.8251],[-81.556,35.7775],[-81.4903,35.7805],[-81.446,35.7852],[-81.4422,35.7744],[-81.4084,35.7654],[-81.3992,35.7586],[-81.3771,35.7576],[-81.3638,35.7678],[-81.3432,35.7956],[-81.3343,35.7963],[-81.344,35.8247],[-81.3334,35.8792],[-81.3429,35.9233],[-81.3283,35.9966],[-81.3435,36.0228],[-81.3895,36.0501],[-81.4115,36.0729],[-81.424,36.0777],[-81.4407,36.0732],[-81.4588,36.0914],[-81.4673,36.0857],[-81.4987,36.1005],[-81.5162,36.0974],[-81.5455,36.1175],[-81.6606,36.1184],[-81.6748,36.1226],[-81.8105,36.1115]]]},"properties":{"STATEFP":"37","COUNTYFP":"027","COUNTYNS":"01008541","GEOIDFQ":"0500000US37027","GEOID":"37027","NAME":"Caldwell","NAMELSAD":"Caldwell County","STUSPS":"NC","STATE_NAME":"North Carolina","LSAD":"06","ALAND":1222176567,"AWATER":7060445}},
{"type":"Feature","geometry":{"type":"Polygon","coordinates":[[[-78.256,35.8181],[-78.2458,35.7892],[-78.2491,35.7724],[-78.2383,35.7671],[-78.2327,35.7513],[-78.2166,35.7519],[-78.2157,35.7392],[-78.2041,35.7281],[-78.1921,35.7305],[-78.1798,35.7386],[-78.1472,35.7458],[-78.0227,35.7934],[-77.8974,35.8439],[-77.8739,35.8497],[-77.8447,35.8376],[-77.8284,35.8672],[-77.8186,35.8864],[-77.7778,35.9846],[-77.7718,36.0067],[-77.7419,36.0611],[-77.7097,36.1101],[-77.704,36.1425],[-77.698,36.1531],[-77.7216,36.1414],[-77.7419,36.1551],[-77.7821,36.1415],[-77.7925,36.1451],[-77.8088,36.1382],[-77.8219,36.1448],[-77.8883,36.1453],[-77.9007,36.1627],[-77.923,36.1669],[-77.918,36.1815],[-77.9511,36.1806],[-77.9681,36.1945],[-77.9714,36.178],[-77.9912,36.1863],[-78.0066,36.2026],[-78.1312,36.0168],[-78.1822,35.9388],[-78.256,35.8181]]]},"properties":{"STATEFP":"37","COUNTYFP":"127","COUNTYNS":"01008574","GEOIDFQ":"0500000US37127","GEOID":"37127","NAME":"Nash","NAMELSAD":"Nash County","STUSPS":"NC","STATE_NAME":"North Carolina","LSAD":"06","ALAND":1399742907,"AWATER":6174819}},
{"type":"Feature","geometry":{"type":"Polygon","coordinates":[[[-77.2915,36.1683],[-77.2671,36.151],[-77.2645,36.1391],[-77.2515,36.1355],[-77.2495,36.1138],[-77.2348,36.1111],[-77.2407,36.098],[-77.2667,36.1001],[-77.2923,36.0915],[-77.3132,36.0892],[-77.3276,36.0714],[-77.3187,36.0554],[-77.2928,36.0451],[-77.2745,36.0337],[-77.2305,36.0156],[-77.2172,36.0152],[-77.1967,35.9929],[-77.1903,35.9737],[-77.2023,35.9474],[-77.1858,35.9309],[-77.1704,35.9297],[-77.1628,35.9377],[-77.1249,35.9267],[-77.0805,35.9376],[-77.0715,35.9347],[-77.0558,35.9444],[-77.0429,35.9423],[-77.0281,35.9258],[-77.0253,35.9028],[-77.0313,35.8807],[-77.0432,35.861],[-77.0052,35.8584],[-76.9917,35.8651],[-76.988,35.8758],[-76.9619,35.8824],[-76.939,35.9015],[-76.9163,35.8934],[-76.9034,35.87],[-76.8951,35.8658],[-76.9035,35.8374],[-76.8955,35.8132],[-76.8752,35.8137],[-76.8401,35.8442],[-76.8317,35.8559],[-76.8369,35.8761],[-76.8294,35.8861],[-76.803,35.8817],[-76.781,35.8639],[-76.7606,35.8649],[-76.7454,35.8708],[-76.7311,35.8884],[-76.72,35.9173],[-76.7014,35.923],[-76.693,35.9424],[-76.7067,35.9449],[-76.7283,35.9336],[-76.7257,35.9552],[-76.7192,35.9651],[-76.7,35.9738],[-76.6819,35.9896],[-76.686,36.0063],[-76.7038,36.0106],[-76.7056,36.0426],[-76.718,36.048],[-76.7309,36.0747],[-76.726,36.0962],[-76.7342,36.1039],[-76.7542,36.1475],[-76.7499,36.2114],[-76.7413,36.2292],[-76.7222,36.2438],[-76.9034,36.243],[-76.9714,36.2381],[-76.9858,36.2421],[-77.0084,36.2391],[-77.1831,36.2428],[-77.2085,36.2466],[-77.2288,36.2174],[-77.2641,36.2172],[-77.2982,36.2077],[-77.2933,36.1974],[-77.2997,36.1814],[-77.2915,36.1683]]]},"properties":{"STATEFP":"37","COUNTYFP":"015","COUNTYNS":"01026334","GEOIDFQ":"0500000US37015","GEOID":"37015","NAME":"Bertie","NAMELSAD":"Bertie County","STUSPS":"NC","STATE_NAME":"North Carolina","LSAD":"06","ALAND":1810858562,"AWATER":109120751}},
{"type":"Feature","geometry":{"type":"Polygon","coordinates":[[[-79.0976,35.1742],[-79.1119,35.1701],[-79.141,35.1692],[-79.1755,35.1931],[-79.2113,35.194],[-79.2298,35.2106],[-79.2455,35.2129],[-79.2557,35.2029],[-79.2711,35.1994],[-79.3105,35.173],[-79.3354,35.1616],[-79.364,35.1334],[-79.4299,35.0723],[-79.4588,35.0436],[-79.4495,35.0271],[-79.4313,35.0198],[-79.4156,35.003],[-79.3985,34.9952],[-79.361,34.9576],[-79.3529,34.9397],[-79.3489,34.8874],[-79.3379,34.8589],[-79.3479,34.8386],[-79.1914,34.8337],[-79.0387,34.9527],[-79.0348,34.963],[-79.0481,34.9813],[-79.0497,34.992],[-79.0903,35.042],[-79.0894,35.0704],[-79.1012,35.1143],[-79.1129,35.1259],[-79.0976,35.1742]]]},"properties":{"STATEFP":"37","COUNTYFP":"093","COUNTYNS":"01008563","GEOIDFQ":"0500000US37093","GEOID":"37093","NAME":"Hoke","NAMELSAD":"Hoke County","STUSPS":"NC","STATE_NAME":"North Carolina","LSAD":"06","ALAND":1010491623,"AWATER":3949309}},
{"type":"Feature","geometry":{"type":"Polygon","coordinates":[[[-81.3169,34.2395],[-81.3453,34.205],[-81.339,34.1976],[-81.3145,34.1869],[-81.3023,34.1624],[-81.315,34.1461],[-81.2758,34.0974],[-81.2581,34.1019],[-81.2233,34.1008],[-81.1981,34.0963],[-81.1529,34.0776],[-81.1253,34.0557],[-81.1033,34.0235],[-81.0896,34.0134],[-81.0547,34.0008],[-81.0458,33.9766],[-81.017,33.9309],[-81.029,33.912],[-81.0088,33.9041],[-81.0214,33.8881],[-81.0123,33.8801],[-80.9966,33.8738],[-80.9998,33.8606],[-80.9857,33.8487],[-80.9659,33.8478],[-80.9508,33.8409],[-80.9406,33.8285],[-80.916,33.8249],[-80.9156,33.8114],[-80.8985,33.8088],[-80.8798,33.8156],[-80.8658,33.8027],[-80.8375,33.7939],[-80.8076,33.7742],[-80.7934,33.7695],[-80.7718,33.7719],[-80.7562,33.7648],[-80.748,33.7758],[-80.728,33.7618],[-80.7137,33.7703],[-80.7054,33.7598],[-80.6866,33.756],[-80.6591,33.773],[-80.6564,33.7614],[-80.6328,33.7437],[-80.6201,33.7432],[-80.6111,33.7515],[-80.5977,33.7775],[-80.6009,33.7999],[-80.6151,33.816],[-80.6161,33.8343],[-80.6328,33.8503],[-80.6196,33.8787],[-80.6259,33.8888],[-80.6245,33.9055],[-80.6341,33.9173],[-80.6207,33.9359],[-80.6291,33.9418],[-80.6233,33.9683],[-80.6411,33.9833],[-80.641,33.9994],[-80.601,34.0394],[-80.6121,34.0492],[-80.6142,34.0636],[-80.6365,34.083],[-80.6186,34.092],[-80.6162,34.0996],[-80.6356,34.0977],[-80.6837,34.0816],[-80.7036,34.081],[-80.7193,34.069],[-80.8514,34.1741],[-80.868,34.1848],[-80.8259,34.2688],[-80.9619,34.252],[-81.0392,34.2325],[-81.0833,34.2248],[-81.0959,34.2139],[-81.1812,34.2203],[-81.1689,34.1944],[-81.1794,34.1871],[-81.1783,34.1746],[-81.2264,34.2057],[-81.2513,34.2029],[-81.2796,34.2306],[-81.3169,34.2395]]]},"properties":{"STATEFP":"45","COUNTYFP":"079","COUNTYNS":"01249299","GEOIDFQ":"0500000US45079","GEOID":"45079","NAME":"Richland","NAMELSAD":"Richland County","STUSPS":"SC","STATE_NAME":"South Carolina","LSAD":"06","ALAND":1961420496,"AWATER":37960905}},
{"type":"Feature","geometry":{"type":"Polygon","coordinates":[[[-82.2463,34.4097],[-82.3342,34.3426],[-82.3238,34.3253],[-82.3111,34.3204],[-82.3076,34.2775],[-82.2783,34.2588],[-82.2482,34.2206],[-82.2401,34.1922],[-82.2406,34.1634],[-82.2498,34.1345],[-82.2688,34.1071],[-82.3269,34.0641],[-82.3059,33.9718],[-82.2912,33.9803],[-82.2437,34.0179],[-82.2299,33.9999],[-82.2003,33.9786],[-82.1677,33.9731],[-82.1511,33.9865],[-82.0761,33.9788],[-82.0451,33.9834],[-82.047,33.9532],[-82.0083,33.9616],[-81.9888,33.9984],[-81.9461,34.0389],[-81.9307,34.0698],[-81.9183,34.0791],[-81.9158,34.091],[-81.9003,34.095],[-81.8875,34.1179],[-81.8701,34.1354],[-81.8982,34.1476],[-81.9267,34.1959],[-81.945,34.2031],[-81.9711,34.2222],[-81.9784,34.2381],[-82.0072,34.2415],[-82.0311,34.2624],[-82.0516,34.2742],[-82.0837,34.2992],[-82.1107,34.3081],[-82.12,34.3038],[-82.134,34.3238],[-82.155,34.3317],[-82.1693,34.3307],[-82.1732,34.3508],[-82.1969,34.375],[-82.2092,34.3758],[-82.2315,34.3937],[-82.2284,34.4024],[-82.2463,34.4097]]]},"properties":{"STATEFP":"45","COUNTYFP":"047","COUNTYNS":"01248003","GEOIDFQ":"0500000US45047","GEOID":"45047","NAME":"Greenwood","NAMELSAD":"Greenwood County","STUSPS":"SC","STATE_NAME":"South Carolina","LSAD":"06","ALAND":1180013604,"AWATER":21255542}},
{"type":"Feature","geometry":{"type":"Polygon","coordinates":[[[-81.8519,34.5948],[-81.8182,34.5882],[-81.8136,34.5802],[-81.7599,34.566],[-81.7496,34.5683],[-81.7162,34.5514],[-81.7011,34.5594],[-81.6908,34.5527],[-81.6609,34.5487],[-81.6436,34.5337],[-81.6402,34.5275],[-81.6178,34.5252],[-81.5884,34.4968],[-81.5786,34.4943],[-81.5529,34.4768],[-81.5511,34.4522],[-81.5404,34.445],[-81.4846,34.49],[-81.469,34.4941],[-81.4587,34.487],[-81.4433,34.4956],[-81.4232,34.4944],[-81.4275,34.5295],[-81.4227,34.572],[-81.4269,34.5785],[-81.418,34.6041],[-81.416,34.6336],[-81.4297,34.6486],[-81.442,34.6537],[-81.4543,34.6752],[-81.4542,34.7209],[-81.4794,34.7239],[-81.4884,34.733],[-81.4825,34.7444],[-81.4532,34.7609],[-81.4536,34.7822],[-81.4593,34.7975],[-81.4766,34.8226],[-81.4571,34.8392],[-81.4848,34.8617],[-81.5149,34.8771],[-81.5435,34.8699],[-81.5872,34.8875],[-81.607,34.8776],[-81.6267,34.8743],[-81.6407,34.8813],[-81.6445,34.8962],[-81.6636,34.8987],[-81.687,34.9121],[-81.7035,34.9067],[-81.7141,34.9129],[-81.759,34.8686],[-81.7828,34.8372],[-81.7984,34.7814],[-81.8196,34.689],[-81.8271,34.6656],[-81.8382,34.6462],[-81.8519,34.5948]]]},"properties":{"STATEFP":"45","COUNTYFP":"087","COUNTYNS":"01248017","GEOIDFQ":"0500000US45087","GEOID":"45087","NAME":"Union","NAMELSAD":"Union County","STUSPS":"SC","STATE_NAME":"South Carolina","LSAD":"06","ALAND":1330228701,"AWATER":4488751}},
{"type":"Feature","geometry":{"type":"Polygon","coordinates":[[[-81.6436,34.5337],[-81.6497,34.5177],[-81.6647,34.5053],[-81.7022,34.456],[-81.7225,34.4497],[-81.7475,34.4196],[-81.7579,34.3986],[-81.7746,34.3839],[-81.7826,34.3651],[-81.813,34.3476],[-81.8369,34.3428],[-81.8498,34.333],[-81.8485,34.3235],[-81.8613,34.3155],[-81.8831,34.312],[-81.8953,34.3005],[-81.9032,34.2633],[-81.9238,34.2309],[-81.9267,34.2197],[-81.945,34.2031],[-81.9267,34.1959],[-81.8982,34.1476],[-81.8701,34.1354],[-81.8764,34.1678],[-81.8534,34.1801],[-81.8389,34.1722],[-81.8108,34.1754],[-81.7936,34.1693],[-81.7439,34.1792],[-81.7316,34.1876],[-81.7186,34.1766],[-81.6915,34.1729],[-81.6727,34.156],[-81.6474,34.146],[-81.637,34.1462],[-81.6248,34.1287],[-81.5953,34.1185],[-81.5713,34.0997],[-81.5485,34.0939],[-81.5389,34.0817],[-81.5138,34.0823],[-81.5025,34.0739],[-81.4821,34.0819],[-81.472,34.0766],[-81.4655,34.0873],[-81.4449,34.0777],[-81.4249,34.083],[-81.4147,34.0742],[-81.3941,34.0715],[-81.3882,34.0793],[-81.4372,34.13],[-81.4037,34.1779],[-81.3748,34.179],[-81.3523,34.1967],[-81.339,34.1976],[-81.3453,34.205],[-81.3169,34.2395],[-81.3284,34.257],[-81.3423,34.2669],[-81.3397,34.29],[-81.354,34.3029],[-81.3665,34.3258],[-81.3715,34.3504],[-81.3948,34.3871],[-81.3979,34.4009],[-81.4212,34.4538],[-81.4129,34.4679],[-81.4232,34.4944],[-81.4433,34.4956],[-81.4587,34.487],[-81.469,34.4941],[-81.4846,34.49],[-81.5404,34.445],[-81.5511,34.4522],[-81.5529,34.4768],[-81.5786,34.4943],[-81.5884,34.4968],[-81.6178,34.5252],[-81.6402,34.5275],[-81.6436,34.5337]]]},"properties":{"STATEFP":"45","COUNTYFP":"071","COUNTYNS":"01248013","GEOIDFQ":"0500000US45071","GEOID":"45071","NAME":"Newberry","NAMELSAD":"Newberry County","STUSPS":"SC","STATE_NAME":"South Carolina","LSAD":"06","ALAND":1632484450,"AWATER":44099986}},
{"type":"Feature","geometry":{"type":"Polygon","coordinates":[[[-81.4051,32.745],[-81.4168,32.7288],[-81.4206,32.6998],[-81.401,32.6775],[-81.4039,32.6669],[-81.3946,32.6496],[-81.4118,32.6394],[-81.4181,32.6283],[-81.3893,32.5954],[-81.3636,32.5818],[-81.3583,32.5736],[-81.3218,32.5595],[-81.298,32.563],[-81.2813,32.5564],[-81.2226,32.6038],[-81.2072,32.6105],[-81.0988,32.6887],[-81.0146,32.7531],[-80.9953,32.7305],[-80.9765,32.7209],[-80.9642,32.6947],[-80.9459,32.6873],[-80.95,32.6615],[-80.963,32.6522],[-80.9587,32.6425],[-80.929,32.6363],[-80.9183,32.6264],[-80.9024,32.6216],[-80.8697,32.6609],[-80.8372,32.6998],[-80.8263,32.7043],[-80.8401,32.7166],[-80.8597,32.7526],[-80.8662,32.7756],[-80.8958,32.8106],[-80.9001,32.8326],[-80.9165,32.8508],[-80.9455,32.8764],[-80.9577,32.8761],[-80.9685,32.8906],[-80.9872,32.9011],[-80.9993,32.9312],[-81.0096,32.9401],[-81.0206,32.964],[-81.0533,32.9896],[-81.0647,33.0136],[-81.0823,33.0266],[-81.2196,32.9534],[-81.237,32.9402],[-81.2377,32.9067],[-81.2601,32.903],[-81.2767,32.8921],[-81.2617,32.8391],[-81.3268,32.7909],[-81.3385,32.7685],[-81.368,32.7606],[-81.394,32.7449],[-81.4051,32.745]]]},"properties":{"STATEFP":"45","COUNTYFP":"049","COUNTYNS":"01248004","GEOIDFQ":"0500000US45049","GEOID":"45049","NAME":"Hampton","NAMELSAD":"Hampton County","STUSPS":"SC","STATE_NAME":"South Carolina","LSAD":"06","ALAND":1450327691,"AWATER":7072733}},
{"type":"Feature","geometry":{"type":"Polygon","coordinates":[[[-81.1931,33.1187],[-81.2197,33.1165],[-81.2402,33.1187],[-81.2837,33.1086],[-81.3649,33.1081],[-81.454,33.1353],[-81.5419,33.1583],[-81.6141,33.0952],[-81.6013,33.087],[-81.5925,33.0731],[-81.5787,33.0662],[-81.5619,33.0458],[-81.5417,33.0457],[-81.5401,33.0406],[-81.5106,33.0258],[-81.4919,33.0067],[-81.4995,32.9648],[-81.5113,32.9667],[-81.5027,32.9387],[-81.4832,32.9218],[-81.4759,32.8776],[-81.4534,32.8739],[-81.4569,32.8526],[-81.4449,32.851],[-81.4216,32.8352],[-81.4198,32.8137],[-81.4263,32.8099],[-81.425,32.7903],[-81.4301,32.7818],[-81.4118,32.7631],[-81.4186,32.748],[-81.4051,32.745],[-81.394,32.7449],[-81.368,32.7606],[-81.3385,32.7685],[-81.3268,32.7909],[-81.2617,32.8391],[-81.2767,32.8921],[-81.2601,32.903],[-81.2377,32.9067],[-81.237,32.9402],[-81.2196,32.9534],[-81.0823,33.0266],[-81.1012,33.0491],[-81.1244,33.0532],[-81.1487,33.0809],[-81.1708,33.0957],[-81.1931,33.1187]]]},"properties":{"STATEFP":"45","COUNTYFP":"005","COUNTYNS":"01247980","GEOIDFQ":"0500000US45005","GEOID":"45005","NAME":"Allendale","NAMELSAD":"Allendale County","STUSPS":"SC","STATE_NAME":"South Carolina","LSAD":"06","ALAND":1056960701,"AWATER":11194313}},
{"type":"Feature","geometry":{"type":"Polygon","coordinates":[[[-78.1623,34.357],[-78.2546,34.2163],[-78.3743,34.2049],[-78.3691,34.1882],[-78.3871,34.1777],[-78.4069,34.1551],[-78.4275,34.1398],[-78.4672,34.1548],[-78.486,34.1588],[-78.496,34.1676],[-78.5152,34.1659],[-78.525,34.154],[-78.5452,34.1457],[-78.543,34.1262],[-78.549,34.1115],[-78.548,34.0953],[-78.5602,34.0921],[-78.555,34.0671],[-78.5619,34.0549],[-78.576,34.0545],[-78.5789,34.0384],[-78.5908,34.0272],[-78.617,34.0234],[-78.6406,34.0103],[-78.6265,33.98],[-78.6484,33.9655],[-78.6504,33.9443],[-78.5473,33.8565],[-78.5405,33.8527],[-78.5083,33.8668],[-78.3802,33.9033],[-78.3645,33.9027],[-78.3153,33.9097],[-78.2478,33.9148],[-78.2298,33.9129],[-78.1777,33.9143],[-78.1203,33.9103],[-78.0715,33.9016],[-78.0164,33.8886],[-78.017,33.9023],[-78.0034,33.9075],[-77.989,33.9025],[-77.9936,33.882],[-78.0088,33.8682],[-77.9959,33.8551],[-77.9605,33.8432],[-77.9534,33.8956],[-77.9372,33.9292],[-77.9485,33.9713],[-77.9418,33.981],[-77.934,34.0171],[-77.9311,34.0589],[-77.9369,34.1228],[-77.9535,34.1535],[-77.9586,34.1738],[-77.9613,34.2049],[-77.9566,34.2345],[-77.9678,34.2521],[-77.9875,34.2683],[-77.9965,34.2844],[-78.0171,34.2928],[-78.0143,34.323],[-78.0299,34.3318],[-78.0473,34.3307],[-78.0593,34.3379],[-78.0756,34.3379],[-78.0811,34.354],[-78.0928,34.3524],[-78.1207,34.368],[-78.1545,34.365],[-78.1623,34.357]]]},"properties":{"STATEFP":"37","COUNTYFP":"019","COUNTYNS":"01026340","GEOIDFQ":"0500000US37019","GEOID":"37019","NAME":"Brunswick","NAMELSAD":"Brunswick County","STUSPS":"NC","STATE_NAME":"North Carolina","LSAD":"06","ALAND":2201668770,"AWATER":516634715}},
{"type":"Feature","geometry":{"type":"Polygon","coordinates":[[[-81.0429,35.1492],[-81.0504,35.131],[-81.039,35.1263],[-81.033,35.1137],[-81.0374,35.1025],[-81.0521,35.0963],[-81.0572,35.0861],[-81.0576,35.0624],[-81.0415,35.0447],[-80.9579,35.0926],[-80.9349,35.1074],[-80.9062,35.0764],[-80.8404,35.0016],[-80.8045,35.0277],[-80.7676,35.0363],[-80.6986,35.0896],[-80.5503,35.2084],[-80.6661,35.2677],[-80.6931,35.3464],[-80.7444,35.3807],[-80.7664,35.4015],[-80.7522,35.4141],[-80.7793,35.472],[-80.7868,35.493],[-80.7842,35.506],[-80.9067,35.5148],[-80.9473,35.4885],[-80.9518,35.4689],[-80.9425,35.4577],[-80.9587,35.4326],[-80.9549,35.4001],[-80.9575,35.391],[-80.9868,35.3757],[-80.9733,35.3642],[-80.9629,35.3751],[-80.9359,35.3621],[-80.9425,35.3509],[-80.9815,35.3427],[-80.9808,35.3298],[-81.0009,35.3054],[-81.015,35.2687],[-81.0083,35.2481],[-81.0141,35.222],[-81.0053,35.2077],[-81.0024,35.1808],[-81.0058,35.157],[-81.0247,35.1489],[-81.0429,35.1492]]]},"properties":{"STATEFP":"37","COUNTYFP":"119","COUNTYNS":"01008570","GEOIDFQ":"0500000US37119","GEOID":"37119","NAME":"Mecklenburg","NAMELSAD":"Mecklenburg County","STUSPS":"NC","STATE_NAME":"North Carolina","LSAD":"06","ALAND":1356149121,"AWATER":58190433}},
{"type":"Feature","geometry":{"type":"Polygon","coordinates":[[[-79.1383,36.5417],[-79.154,36.2419],[-78.9506,36.2393],[-78.8023,36.2358],[-78.7948,36.5264],[-78.7963,36.5417],[-78.9718,36.5421],[-79.1383,36.5417]]]},"properties":{"STATEFP":"37","COUNTYFP":"145","COUNTYNS":"01008577","GEOIDFQ":"0500000US37145","GEOID":"37145","NAME":"Person","NAMELSAD":"Person County","STUSPS":"NC","STATE_NAME":"North Carolina","LSAD":"06","ALAND":1016154888,"AWATER":31205409}},
{"type":"Feature","geometry":{"type":"Polygon","coordinates":[[[-82.8555,34.6091],[-82.9922,34.4792],[-82.944,34.4855],[-82.9262,34.4817],[-82.9016,34.4868],[-82.8874,34.481],[-82.8812,34.4695],[-82.8653,34.4603],[-82.836,34.3809],[-82.8348,34.3663],[-82.7947,34.3406],[-82.7872,34.3108],[-82.7738,34.2887],[-82.7539,34.2755],[-82.743,34.2514],[-82.742,34.2117],[-82.62,34.2869],[-82.5091,34.3577],[-82.3139,34.4843],[-82.3273,34.4957],[-82.3653,34.5199],[-82.3923,34.5437],[-82.4056,34.545],[-82.4196,34.5571],[-82.4283,34.5989],[-82.4529,34.6238],[-82.4543,34.6433],[-82.4665,34.6652],[-82.4574,34.6823],[-82.4631,34.6934],[-82.4574,34.7142],[-82.4655,34.7212],[-82.4634,34.7449],[-82.4551,34.7507],[-82.4515,34.7688],[-82.4609,34.7967],[-82.487,34.819],[-82.7876,34.6727],[-82.84,34.6233],[-82.842,34.6215],[-82.844,34.6195],[-82.8451,34.6185],[-82.8555,34.6091]]]},"properties":{"STATEFP":"45","COUNTYFP":"007","COUNTYNS":"01247981","GEOIDFQ":"0500000US45007","GEOID":"45007","NAME":"Anderson","NAMELSAD":"Anderson County","STUSPS":"SC","STATE_NAME":"South Carolina","LSAD":"06","ALAND":1848873804,"AWATER":108547582}},
{"type":"Feature","geometry":{"type":"Polygon","coordinates":[[[-82.2159,35.196],[-82.2176,35.116],[-82.2227,34.928],[-82.2263,34.8525],[-82.1958,34.835],[-82.1747,34.812],[-82.1595,34.7903],[-82.1456,34.7852],[-82.1304,34.7724],[-82.1152,34.7489],[-82.0872,34.7452],[-82.0788,34.7194],[-82.0666,34.7152],[-82.0667,34.701],[-82.048,34.6929],[-82.0405,34.6837],[-82.0046,34.6623],[-81.9714,34.6585],[-81.9519,34.6495],[-81.9103,34.603],[-81.891,34.5925],[-81.8519,34.5948],[-81.8382,34.6462],[-81.8271,34.6656],[-81.8196,34.689],[-81.7984,34.7814],[-81.7828,34.8372],[-81.759,34.8686],[-81.7141,34.9129],[-81.7347,34.9328],[-81.7552,34.9306],[-81.7857,35.0193],[-81.7943,35.0354],[-81.8076,35.0356],[-81.8061,35.0572],[-81.8747,35.1841],[-81.9693,35.1872],[-82.0896,35.1907],[-82.2159,35.196]]]},"properties":{"STATEFP":"45","COUNTYFP":"083","COUNTYNS":"01248592","GEOIDFQ":"0500000US45083","GEOID":"45083","NAME":"Spartanburg","NAMELSAD":"Spartanburg County","STUSPS":"SC","STATE_NAME":"South Carolina","LSAD":"06","ALAND":2093764801,"AWATER":29439104}},
{"type":"Feature","geometry":{"type":"Polygon","coordinates":[[[-83.2555,35.7151],[-83.2556,35.6961],[-83.2151,35.6923],[-83.2074,35.6814],[-83.1842,35.6712],[-83.2023,35.6503],[-83.1771,35.632],[-83.176,35.6125],[-83.1855,35.5983],[-83.1821,35.5845],[-83.167,35.5787],[-83.156,35.5539],[-83.1713,35.5379],[-83.174,35.5217],[-83.1863,35.5144],[-83.165,35.5097],[-83.1615,35.4968],[-83.1415,35.4935],[-83.1377,35.4644],[-83.1208,35.4648],[-83.0914,35.4575],[-83.0795,35.4476],[-83.0801,35.4347],[-83.0444,35.4151],[-83.0437,35.3944],[-83.0211,35.3787],[-82.9972,35.373],[-82.9649,35.3334],[-82.9647,35.3153],[-82.9509,35.307],[-82.9273,35.3028],[-82.9209,35.292],[-82.8995,35.3055],[-82.8764,35.3146],[-82.8316,35.3186],[-82.8147,35.3444],[-82.8048,35.3483],[-82.7916,35.3674],[-82.7878,35.381],[-82.7737,35.3939],[-82.7456,35.4073],[-82.7451,35.423],[-82.7817,35.4395],[-82.7865,35.4574],[-82.7982,35.4698],[-82.7858,35.4951],[-82.7802,35.5257],[-82.7659,35.5407],[-82.7775,35.5556],[-82.7659,35.5676],[-82.7845,35.5914],[-82.7993,35.5981],[-82.8139,35.6279],[-82.8318,35.6196],[-82.8517,35.6173],[-82.8509,35.6326],[-82.8649,35.6347],[-82.8722,35.6576],[-82.8839,35.6782],[-82.899,35.6859],[-82.8986,35.7037],[-82.9104,35.7162],[-82.9077,35.728],[-82.9176,35.7448],[-82.9497,35.7394],[-82.9524,35.7762],[-82.9629,35.7917],[-82.9921,35.7739],[-83.0362,35.7874],[-83.0787,35.7895],[-83.0972,35.7761],[-83.1202,35.7662],[-83.1592,35.7649],[-83.1702,35.7461],[-83.1857,35.7299],[-83.1983,35.7255],[-83.2407,35.7268],[-83.2555,35.7151]]]},"properties":{"STATEFP":"37","COUNTYFP":"087","COUNTYNS":"01008561","GEOIDFQ":"0500000US37087","GEOID":"37087","NAME":"Haywood","NAMELSAD":"Haywood County","STUSPS":"NC","STATE_NAME":"North Carolina","LSAD":"06","ALAND":1433713850,"AWATER":2438478}},
{"type":"Feature","geometry":{"type":"Polygon","coordinates":[[[-82.8839,35.6782],[-82.8722,35.6576],[-82.8649,35.6347],[-82.8509,35.6326],[-82.8517,35.6173],[-82.8318,35.6196],[-82.8139,35.6279],[-82.7993,35.5981],[-82.7845,35.5914],[-82.7659,35.5676],[-82.7775,35.5556],[-82.7659,35.5407],[-82.7802,35.5257],[-82.7858,35.4951],[-82.7982,35.4698],[-82.7865,35.4574],[-82.7817,35.4395],[-82.7451,35.423],[-82.7158,35.4478],[-82.6732,35.4595],[-82.653,35.455],[-82.622,35.4357],[-82.6087,35.4433],[-82.594,35.4357],[-82.5708,35.4311],[-82.5612,35.4432],[-82.4706,35.4452],[-82.4178,35.4744],[-82.3672,35.464],[-82.3719,35.48],[-82.3568,35.4906],[-82.3454,35.4878],[-82.3326,35.5002],[-82.2658,35.4678],[-82.2514,35.4607],[-82.2425,35.4678],[-82.2243,35.4983],[-82.2333,35.5096],[-82.2205,35.52],[-82.169,35.5278],[-82.22,35.5531],[-82.2513,35.5599],[-82.291,35.5913],[-82.2804,35.6088],[-82.2645,35.6175],[-82.2818,35.6393],[-82.2867,35.6531],[-82.2805,35.6672],[-82.2949,35.6839],[-82.2887,35.6963],[-82.2754,35.7044],[-82.2759,35.7144],[-82.2913,35.7299],[-82.3131,35.7336],[-82.3351,35.7494],[-82.3377,35.7682],[-82.3462,35.7862],[-82.3383,35.7961],[-82.3489,35.8117],[-82.3654,35.8218],[-82.382,35.824],[-82.4086,35.8182],[-82.4345,35.8092],[-82.4613,35.8098],[-82.4758,35.7983],[-82.5163,35.8026],[-82.5399,35.7917],[-82.6677,35.7378],[-82.6698,35.7258],[-82.7071,35.7322],[-82.7138,35.7178],[-82.7447,35.7148],[-82.754,35.7035],[-82.7947,35.6959],[-82.8071,35.6859],[-82.8391,35.6937],[-82.8445,35.7007],[-82.8839,35.6782]]]},"properties":{"STATEFP":"37","COUNTYFP":"021","COUNTYNS":"01008538","GEOIDFQ":"0500000US37021","GEOID":"37021","NAME":"Buncombe","NAMELSAD":"Buncombe County","STUSPS":"NC","STATE_NAME":"North Carolina","LSAD":"06","ALAND":1700301514,"AWATER":8941579}},
{"type":"Feature","geometry":{"type":"Polygon","coordinates":[[[-77.8284,35.8672],[-77.8066,35.8575],[-77.7513,35.8278],[-77.7504,35.8181],[-77.7184,35.7288],[-77.6748,35.6891],[-77.6651,35.6749],[-77.5455,35.7461],[-77.5163,35.7613],[-77.4723,35.8011],[-77.4489,35.8068],[-77.4255,35.8054],[-77.4096,35.8264],[-77.3902,35.8331],[-77.3504,35.8192],[-77.3493,35.8676],[-77.3444,35.8753],[-77.3424,35.9053],[-77.4092,35.9987],[-77.4026,36.005],[-77.4279,36.0053],[-77.4378,36.0191],[-77.4749,36.0378],[-77.5176,36.0368],[-77.5401,36.0608],[-77.5266,36.0713],[-77.5334,36.0911],[-77.552,36.0989],[-77.5735,36.0986],[-77.6273,36.1131],[-77.6316,36.1267],[-77.644,36.1381],[-77.6701,36.1371],[-77.6721,36.1479],[-77.698,36.1531],[-77.704,36.1425],[-77.7097,36.1101],[-77.7419,36.0611],[-77.7718,36.0067],[-77.7778,35.9846],[-77.8186,35.8864],[-77.8284,35.8672]]]},"properties":{"STATEFP":"37","COUNTYFP":"065","COUNTYNS":"01008551","GEOIDFQ":"0500000US37065","GEOID":"37065","NAME":"Edgecombe","NAMELSAD":"Edgecombe County","STUSPS":"NC","STATE_NAME":"North Carolina","LSAD":"06","ALAND":1309073894,"AWATER":3706145}},
{"type":"Feature","geometry":{"type":"Polygon","coordinates":[[[-81.1873,33.6529],[-81.3413,33.517],[-81.3729,33.4904],[-81.3442,33.4809],[-81.3225,33.483],[-81.2985,33.4794],[-81.2785,33.4666],[-81.2633,33.4516],[-81.2463,33.4428],[-81.2227,33.44],[-81.2061,33.4373],[-81.1895,33.4117],[-81.167,33.4093],[-81.1304,33.389],[-81.1022,33.3785],[-81.0755,33.3734],[-81.0554,33.354],[-81.0305,33.3476],[-81.0247,33.3389],[-81.0048,33.3363],[-80.9853,33.327],[-80.9639,33.311],[-80.9488,33.308],[-80.9032,33.275],[-80.8895,33.2613],[-80.8702,33.253],[-80.8558,33.2377],[-80.8462,33.2383],[-80.8439,33.2121],[-80.8172,33.1954],[-80.817,33.1875],[-80.7979,33.1769],[-80.7903,33.1808],[-80.5028,33.3345],[-80.4941,33.3212],[-80.494,33.2975],[-80.4846,33.28],[-80.4733,33.2737],[-80.4495,33.2695],[-80.4271,33.2578],[-80.3942,33.2647],[-80.3619,33.2574],[-80.3591,33.272],[-80.3446,33.2778],[-80.3172,33.2641],[-80.2945,33.2713],[-80.2556,33.3],[-80.2479,33.3382],[-80.2396,33.3522],[-80.2418,33.3761],[-80.2385,33.3912],[-80.2226,33.3913],[-80.2252,33.4093],[-80.2223,33.4437],[-80.2488,33.4503],[-80.2679,33.4379],[-80.2767,33.4469],[-80.3034,33.4402],[-80.3236,33.4312],[-80.3545,33.4304],[-80.3938,33.4458],[-80.437,33.478],[-80.4339,33.4883],[-80.4423,33.5028],[-80.4677,33.5162],[-80.4529,33.5232],[-80.4475,33.5405],[-80.4684,33.5411],[-80.485,33.56],[-80.4963,33.5585],[-80.5112,33.5384],[-80.5401,33.5618],[-80.5523,33.5654],[-80.6015,33.5562],[-80.6103,33.5507],[-80.5882,33.5386],[-80.6247,33.4989],[-80.625,33.4888],[-80.6113,33.4704],[-80.6393,33.4749],[-80.659,33.471],[-80.678,33.4867],[-80.6961,33.5105],[-80.6941,33.5219],[-80.8076,33.6041],[-80.8814,33.6197],[-80.9197,33.6055],[-80.9398,33.6088],[-80.938,33.6244],[-80.944,33.6436],[-80.9655,33.6253],[-81.0429,33.7071],[-81.0847,33.696],[-81.1873,33.6529]]]},"properties":{"STATEFP":"45","COUNTYFP":"075","COUNTYNS":"01248014","GEOIDFQ":"0500000US45075","GEOID":"45075","NAME":"Orangeburg","NAMELSAD":"Orangeburg County","STUSPS":"SC","STATE_NAME":"South Carolina","LSAD":"06","ALAND":2865509345,"AWATER":55697625}},
{"type":"Feature","geometry":{"type":"Polygon","coordinates":[[[-79.5479,34.2309],[-79.544,34.2252],[-79.5507,34.2014],[-79.5718,34.1837],[-79.5555,34.1595],[-79.544,34.1517],[-79.5186,34.1114],[-79.5291,34.1002],[-79.5269,34.0629],[-79.5112,34.0379],[-79.509,34.0064],[-79.5169,33.994],[-79.4961,33.9693],[-79.4815,33.9639],[-79.4917,33.9465],[-79.4737,33.93],[-79.452,33.9246],[-79.4522,33.9148],[-79.429,33.8978],[-79.4013,33.8928],[-79.3968,33.8752],[-79.3683,33.8429],[-79.3383,33.8405],[-79.3215,33.8306],[-79.3146,33.807],[-79.3243,33.7991],[-79.317,33.7799],[-79.2926,33.7502],[-79.2916,33.729],[-79.2751,33.7089],[-79.2464,33.6953],[-79.1903,33.7058],[-79.1959,33.7279],[-79.2289,33.758],[-79.2481,33.7844],[-79.2603,33.8149],[-79.2527,33.8363],[-79.2641,33.8425],[-79.2566,33.8736],[-79.2636,33.8925],[-79.3123,33.9182],[-79.3116,33.9442],[-79.323,33.949],[-79.3386,33.9686],[-79.3313,33.979],[-79.3325,33.995],[-79.3091,34.0051],[-79.3023,34.0322],[-79.288,34.0331],[-79.2478,34.0571],[-79.243,34.068],[-79.2501,34.0904],[-79.2228,34.1131],[-79.2163,34.1282],[-79.2058,34.133],[-79.2083,34.1506],[-79.1959,34.1611],[-79.1917,34.1764],[-79.1714,34.1817],[-79.1643,34.1975],[-79.1351,34.2178],[-79.1282,34.2537],[-79.1735,34.2875],[-79.2143,34.2555],[-79.2394,34.2543],[-79.2595,34.259],[-79.2719,34.2698],[-79.2944,34.277],[-79.3054,34.2693],[-79.3647,34.2958],[-79.3803,34.3006],[-79.411,34.3002],[-79.4281,34.2946],[-79.4807,34.2881],[-79.4791,34.2786],[-79.4963,34.2748],[-79.5032,34.2652],[-79.5244,34.2516],[-79.5543,34.2476],[-79.5479,34.2309]]]},"properties":{"STATEFP":"45","COUNTYFP":"067","COUNTYNS":"01248010","GEOIDFQ":"0500000US45067","GEOID":"45067","NAME":"Marion","NAMELSAD":"Marion County","STUSPS":"SC","STATE_NAME":"South Carolina","LSAD":"06","ALAND":1267466471,"AWATER":12418901}},
{"type":"Feature","geometry":{"type":"Polygon","coordinates":[[[-81.2227,33.44],[-81.2132,33.3979],[-81.2208,33.2591],[-81.2177,33.2218],[-81.2239,33.1696],[-81.2278,33.1626],[-81.2115,33.1435],[-81.2064,33.1296],[-81.1931,33.1187],[-81.1708,33.0957],[-81.1487,33.0809],[-81.1244,33.0532],[-81.1012,33.0491],[-81.0823,33.0266],[-80.9372,33.1026],[-80.9161,33.0719],[-80.8961,33.0614],[-80.8906,33.0781],[-80.8769,33.0932],[-80.889,33.1022],[-80.8954,33.1253],[-80.7979,33.1769],[-80.817,33.1875],[-80.8172,33.1954],[-80.8439,33.2121],[-80.8462,33.2383],[-80.8558,33.2377],[-80.8702,33.253],[-80.8895,33.2613],[-80.9032,33.275],[-80.9488,33.308],[-80.9639,33.311],[-80.9853,33.327],[-81.0048,33.3363],[-81.0247,33.3389],[-81.0305,33.3476],[-81.0554,33.354],[-81.0755,33.3734],[-81.1022,33.3785],[-81.1304,33.389],[-81.167,33.4093],[-81.1895,33.4117],[-81.2061,33.4373],[-81.2227,33.44]]]},"properties":{"STATEFP":"45","COUNTYFP":"009","COUNTYNS":"01247982","GEOIDFQ":"0500000US45009","GEOID":"45009","NAME":"Bamberg","NAMELSAD":"Bamberg County","STUSPS":"SC","STATE_NAME":"South Carolina","LSAD":"06","ALAND":1018815101,"AWATER":5686290}},
{"type":"Feature","geometry":{"type":"Polygon","coordinates":[[[-76.4915,36.5507],[-76.5415,36.5503],[-76.4913,36.5107],[-76.4373,36.4678],[-76.4107,36.4563],[-76.3768,36.4459],[-76.3676,36.4314],[-76.3478,36.4225],[-76.3231,36.4173],[-76.2915,36.3866],[-76.2589,36.3843],[-76.2567,36.3633],[-76.2382,36.3716],[-76.2142,36.3416],[-76.2136,36.3269],[-76.1922,36.3281],[-76.2021,36.3047],[-76.2158,36.3002],[-76.1955,36.2965],[-76.1728,36.3024],[-76.1644,36.2923],[-76.136,36.2888],[-76.1057,36.2724],[-76.1016,36.2592],[-76.0842,36.2482],[-76.0796,36.2382],[-76.054,36.2348],[-76.0423,36.211],[-76.0262,36.202],[-76.017,36.1864],[-76.0007,36.1801],[-75.9346,36.1659],[-75.9364,36.1776],[-75.96,36.1989],[-75.9498,36.2154],[-75.951,36.2355],[-75.9671,36.255],[-75.9625,36.2668],[-75.9517,36.2715],[-75.9484,36.2853],[-75.9649,36.2884],[-75.9758,36.3103],[-75.9997,36.3112],[-76.0017,36.3235],[-76.0204,36.3342],[-76.0364,36.3552],[-76.0536,36.3602],[-76.0637,36.3475],[-76.0811,36.3481],[-76.1144,36.3576],[-76.1218,36.3711],[-76.1476,36.3945],[-76.1575,36.3982],[-76.1585,36.4253],[-76.3133,36.5506],[-76.4915,36.5507]]]},"properties":{"STATEFP":"37","COUNTYFP":"029","COUNTYNS":"01026335","GEOIDFQ":"0500000US37029","GEOID":"37029","NAME":"Camden","NAMELSAD":"Camden County","STUSPS":"NC","STATE_NAME":"North Carolina","LSAD":"06","ALAND":622441458,"AWATER":181120132}},
{"type":"Feature","geometry":{"type":"Polygon","coordinates":[[[-82.2658,35.4678],[-82.2805,35.4434],[-82.2734,35.4307],[-82.2701,35.4004],[-82.2613,35.3932],[-82.2391,35.4026],[-82.2268,35.3955],[-82.2046,35.4036],[-82.1851,35.3966],[-82.1716,35.4093],[-82.1515,35.4076],[-82.1222,35.3925],[-82.0972,35.3699],[-82.0793,35.3456],[-82.0649,35.3346],[-82.054,35.3354],[-82.0295,35.3015],[-82.0007,35.2825],[-81.9957,35.2706],[-81.9688,35.2578],[-81.9628,35.2269],[-81.9709,35.2116],[-81.9693,35.1872],[-81.8747,35.1841],[-81.7681,35.1804],[-81.7595,35.2226],[-81.7029,35.3573],[-81.6938,35.5155],[-81.692,35.58],[-81.7057,35.5812],[-81.7217,35.6063],[-81.733,35.6018],[-81.7534,35.6136],[-81.7661,35.607],[-81.7722,35.5929],[-81.7941,35.5932],[-81.7988,35.58],[-81.8241,35.575],[-81.8395,35.556],[-81.8427,35.5423],[-81.905,35.5419],[-81.9209,35.5337],[-81.9331,35.5361],[-81.9676,35.526],[-81.978,35.5306],[-82.0027,35.5518],[-82.0208,35.5386],[-82.0398,35.5327],[-82.0826,35.5334],[-82.1505,35.518],[-82.169,35.5278],[-82.2205,35.52],[-82.2333,35.5096],[-82.2243,35.4983],[-82.2425,35.4678],[-82.2514,35.4607],[-82.2658,35.4678]]]},"properties":{"STATEFP":"37","COUNTYFP":"161","COUNTYNS":"01008584","GEOIDFQ":"0500000US37161","GEOID":"37161","NAME":"Rutherford","NAMELSAD":"Rutherford County","STUSPS":"NC","STATE_NAME":"North Carolina","LSAD":"06","ALAND":1464475268,"AWATER":4693780}},
{"type":"Feature","geometry":{"type":"Polygon","coordinates":[[[-80.4013,32.8585],[-80.3993,32.8355],[-80.4077,32.8108],[-80.436,32.7877],[-80.4329,32.7785],[-80.4496,32.7572],[-80.4532,32.7391],[-80.4471,32.7284],[-80.4313,32.7226],[-80.4159,32.6947],[-80.4209,32.6701],[-80.4049,32.6524],[-80.4055,32.6289],[-80.4253,32.6267],[-80.426,32.6115],[-80.4162,32.6057],[-80.4032,32.6168],[-80.3871,32.6128],[-80.3971,32.5904],[-80.3891,32.5738],[-80.3937,32.5633],[-80.4123,32.5569],[-80.4149,32.5465],[-80.3815,32.5302],[-80.3513,32.4987],[-80.3267,32.4931],[-80.3246,32.5037],[-80.343,32.5173],[-80.3373,32.5261],[-80.3103,32.5138],[-80.291,32.5273],[-80.2797,32.5246],[-80.2544,32.5321],[-80.2368,32.5423],[-80.195,32.56],[-80.1637,32.5618],[-80.1557,32.572],[-80.1214,32.5905],[-80.077,32.6033],[-80.0373,32.6102],[-80.0008,32.6059],[-79.9869,32.6264],[-79.97,32.6405],[-79.9157,32.6649],[-79.8871,32.683],[-79.8871,32.7019],[-79.8701,32.73],[-79.8791,32.7508],[-79.8963,32.7495],[-79.9285,32.7542],[-79.9232,32.7818],[-79.886,32.7879],[-79.8634,32.771],[-79.8488,32.7536],[-79.824,32.7627],[-79.7876,32.7845],[-79.7264,32.806],[-79.7199,32.8258],[-79.7038,32.836],[-79.6981,32.8513],[-79.6559,32.8759],[-79.6467,32.8761],[-79.6311,32.8886],[-79.5811,32.9064],[-79.5734,32.9279],[-79.6075,32.9262],[-79.6176,32.9527],[-79.6066,32.9722],[-79.5837,32.9962],[-79.5711,33.0138],[-79.5321,33.0352],[-79.5069,33.0328],[-79.4833,33.0098],[-79.4164,33.0161],[-79.4165,33.0068],[-79.3623,33.0091],[-79.3598,33.0197],[-79.3415,33.0538],[-79.3302,33.0866],[-79.3161,33.0992],[-79.2756,33.1168],[-79.2688,33.136],[-79.2912,33.1466],[-79.3151,33.1457],[-79.3333,33.1558],[-79.3496,33.1533],[-79.3834,33.1752],[-79.404,33.1838],[-79.4143,33.199],[-79.4377,33.2152],[-79.4467,33.2135],[-79.471,33.2104],[-79.4928,33.1918],[-79.5182,33.1491],[-79.5339,33.1438],[-79.5505,33.1554],[-79.6123,33.1384],[-79.6423,33.1244],[-79.6605,33.0908],[-79.6747,33.0805],[-79.703,33.0459],[-79.7217,33.0307],[-79.729,33.0141],[-79.7621,32.9891],[-79.7693,32.9685],[-79.7636,32.9582],[-79.7716,32.9418],[-79.7847,32.9424],[-79.803,32.9291],[-79.826,32.9186],[-79.8359,32.9198],[-79.8419,32.8968],[-79.8591,32.871],[-79.8959,32.8599],[-79.8975,32.8269],[-79.9112,32.8162],[-79.9297,32.8232],[-79.9312,32.85],[-79.9563,32.86],[-79.9637,32.8754],[-79.9629,32.8899],[-79.9508,32.9107],[-80.0118,32.8999],[-80.0415,32.955],[-80.0401,32.9827],[-80.056,32.9994],[-80.0982,32.9881],[-80.1492,33.0216],[-80.1602,33.0176],[-80.1676,33.0026],[-80.146,32.9843],[-80.1355,32.9989],[-80.1105,32.9855],[-80.1408,32.9798],[-80.0798,32.9282],[-80.0977,32.887],[-80.1055,32.8934],[-80.1448,32.8876],[-80.1635,32.8545],[-80.1767,32.8671],[-80.1857,32.8608],[-80.1837,32.8471],[-80.1617,32.841],[-80.1577,32.8182],[-80.2764,32.8436],[-80.2996,32.8514],[-80.4013,32.8585]]]},"properties":{"STATEFP":"45","COUNTYFP":"019","COUNTYNS":"01252740","GEOIDFQ":"0500000US45019","GEOID":"45019","NAME":"Charleston","NAMELSAD":"Charleston County","STUSPS":"SC","STATE_NAME":"South Carolina","LSAD":"06","ALAND":2378035235,"AWATER":1162309705}},
{"type":"Feature","geometry":{"type":"Polygon","coordinates":[[[-82.0125,33.5321],[-82.0013,33.5201],[-81.9859,33.4865],[-81.9263,33.4629],[-81.9131,33.4383],[-81.9308,33.429],[-81.9239,33.4105],[-81.9351,33.3972],[-81.9309,33.3801],[-81.9447,33.364],[-81.9235,33.3449],[-81.9188,33.3334],[-81.8815,33.314],[-81.8692,33.3138],[-81.86,33.2991],[-81.8607,33.2858],[-81.8462,33.2843],[-81.8439,33.2666],[-81.8517,33.2477],[-81.8279,33.2287],[-81.8117,33.2238],[-81.8079,33.2137],[-81.7902,33.2084],[-81.7679,33.2163],[-81.7571,33.1981],[-81.7519,33.2016],[-81.5163,33.3823],[-81.3729,33.4904],[-81.3413,33.517],[-81.1873,33.6529],[-81.2076,33.6589],[-81.2414,33.678],[-81.2859,33.693],[-81.3107,33.7085],[-81.3665,33.7287],[-81.3813,33.7252],[-81.4117,33.7307],[-81.4238,33.7415],[-81.4357,33.7757],[-81.4606,33.7973],[-81.4839,33.8018],[-81.493,33.8094],[-81.515,33.8131],[-81.5317,33.8309],[-81.5513,33.8608],[-81.5611,33.8628],[-81.5715,33.8773],[-81.6518,33.8145],[-81.8188,33.6836],[-82.0125,33.5321]]]},"properties":{"STATEFP":"45","COUNTYFP":"003","COUNTYNS":"01247979","GEOIDFQ":"0500000US45003","GEOID":"45003","NAME":"Aiken","NAMELSAD":"Aiken County","STUSPS":"SC","STATE_NAME":"South Carolina","LSAD":"06","ALAND":2773033446,"AWATER":24559163}},
{"type":"Feature","geometry":{"type":"Polygon","coordinates":[[[-81.7681,35.1804],[-81.8747,35.1841],[-81.8061,35.0572],[-81.8076,35.0356],[-81.7943,35.0354],[-81.7857,35.0193],[-81.7552,34.9306],[-81.7347,34.9328],[-81.7141,34.9129],[-81.7035,34.9067],[-81.687,34.9121],[-81.6636,34.8987],[-81.6445,34.8962],[-81.6407,34.8813],[-81.6267,34.8743],[-81.607,34.8776],[-81.5872,34.8875],[-81.5435,34.8699],[-81.5149,34.8771],[-81.4848,34.8617],[-81.4571,34.8392],[-81.47,34.8689],[-81.4778,34.8962],[-81.47,34.9151],[-81.4735,34.9355],[-81.4923,34.9472],[-81.4758,34.983],[-81.4837,34.9933],[-81.4806,35.0059],[-81.4886,35.0294],[-81.4714,35.0481],[-81.4088,35.0471],[-81.4025,35.1369],[-81.3666,35.1649],[-81.5817,35.1731],[-81.7681,35.1804]]]},"properties":{"STATEFP":"45","COUNTYFP":"021","COUNTYNS":"01247987","GEOIDFQ":"0500000US45021","GEOID":"45021","NAME":"Cherokee","NAMELSAD":"Cherokee County","STUSPS":"SC","STATE_NAME":"South Carolina","LSAD":"06","ALAND":1017762613,"AWATER":11810936}},
{"type":"Feature","geometry":{"type":"Polygon","coordinates":[[[-80.9062,35.0764],[-80.9007,35.0571],[-80.9059,35.0468],[-80.8991,35.0286],[-80.9095,35.0165],[-80.8948,35.0002],[-80.8789,34.9623],[-80.8686,34.9507],[-80.8677,34.9128],[-80.8783,34.903],[-80.8787,34.8621],[-80.8673,34.8532],[-80.8739,34.8385],[-80.8939,34.8301],[-80.8982,34.8208],[-80.8764,34.7885],[-80.8784,34.7591],[-80.8746,34.7315],[-80.8605,34.6957],[-80.8886,34.6686],[-80.8875,34.6526],[-80.8965,34.6318],[-80.8893,34.6182],[-80.8922,34.598],[-80.8783,34.5811],[-80.8732,34.5569],[-80.8776,34.5432],[-80.8762,34.525],[-80.8817,34.5001],[-80.8972,34.4917],[-80.8882,34.4679],[-80.8792,34.4578],[-80.7433,34.5399],[-80.7397,34.5239],[-80.7456,34.5126],[-80.7456,34.4912],[-80.735,34.4813],[-80.7136,34.4873],[-80.7092,34.5051],[-80.6891,34.5153],[-80.6761,34.4931],[-80.6584,34.4786],[-80.6136,34.4999],[-80.5958,34.5021],[-80.5761,34.4894],[-80.5489,34.4933],[-80.541,34.5056],[-80.5244,34.5131],[-80.5435,34.5374],[-80.5507,34.56],[-80.4084,34.6148],[-80.4139,34.6278],[-80.435,34.6421],[-80.4318,34.66],[-80.4608,34.677],[-80.4752,34.6992],[-80.4887,34.706],[-80.4933,34.7251],[-80.5162,34.7589],[-80.5445,34.784],[-80.5585,34.8015],[-80.5617,34.8175],[-80.7975,34.8198],[-80.782,34.9358],[-80.8404,35.0016],[-80.9062,35.0764]]]},"properties":{"STATEFP":"45","COUNTYFP":"057","COUNTYNS":"01248008","GEOIDFQ":"0500000US45057","GEOID":"45057","NAME":"Lancaster","NAMELSAD":"Lancaster County","STUSPS":"SC","STATE_NAME":"South Carolina","LSAD":"06","ALAND":1422354438,"AWATER":15699873}},
{"type":"Feature","geometry":{"type":"Polygon","coordinates":[[[-79.9307,34.8066],[-79.9346,34.7976],[-79.9252,34.7653],[-79.8918,34.7399],[-79.8787,34.7168],[-79.872,34.6938],[-79.8514,34.671],[-79.8305,34.6572],[-79.8169,34.6587],[-79.7955,34.6463],[-79.8006,34.6377],[-79.7782,34.6149],[-79.7841,34.6073],[-79.8031,34.6097],[-79.8088,34.5847],[-79.8177,34.5732],[-79.83,34.5319],[-79.8334,34.5103],[-79.8149,34.4972],[-79.8095,34.4861],[-79.7829,34.4978],[-79.7701,34.4963],[-79.7544,34.5041],[-79.7278,34.4968],[-79.7219,34.488],[-79.7328,34.4753],[-79.7493,34.468],[-79.7506,34.4368],[-79.717,34.4034],[-79.6909,34.3897],[-79.6737,34.3744],[-79.6866,34.3541],[-79.6764,34.3363],[-79.6616,34.3237],[-79.6578,34.3052],[-79.6334,34.298],[-79.5257,34.4882],[-79.45,34.621],[-79.4616,34.6303],[-79.6753,34.8047],[-79.6929,34.805],[-79.7737,34.8059],[-79.8707,34.8054],[-79.9274,34.8066],[-79.9307,34.8066]]]},"properties":{"STATEFP":"45","COUNTYFP":"069","COUNTYNS":"01248011","GEOIDFQ":"0500000US45069","GEOID":"45069","NAME":"Marlboro","NAMELSAD":"Marlboro County","STUSPS":"SC","STATE_NAME":"South Carolina","LSAD":"06","ALAND":1242867250,"AWATER":14489019}},
{"type":"Feature","geometry":{"type":"Polygon","coordinates":[[[-78.7089,35.5195],[-78.6904,35.5158],[-78.6878,35.5042],[-78.6755,35.4964],[-78.6606,35.4962],[-78.6503,35.4724],[-78.6272,35.4583],[-78.5988,35.4183],[-78.5951,35.4019],[-78.5725,35.3865],[-78.5627,35.3622],[-78.5352,35.345],[-78.5299,35.3349],[-78.5383,35.3164],[-78.5222,35.295],[-78.4919,35.2633],[-78.4118,35.2547],[-78.3977,35.263],[-78.3066,35.2876],[-78.2897,35.3151],[-78.276,35.3151],[-78.2568,35.3256],[-78.2342,35.3232],[-78.2093,35.3398],[-78.1588,35.3475],[-78.1533,35.3556],[-78.1624,35.3672],[-78.1459,35.3829],[-78.1537,35.392],[-78.1549,35.4178],[-78.0648,35.5853],[-78.1256,35.6031],[-78.1578,35.6856],[-78.1605,35.711],[-78.1921,35.7305],[-78.2041,35.7281],[-78.2157,35.7392],[-78.2166,35.7519],[-78.2327,35.7513],[-78.2383,35.7671],[-78.2491,35.7724],[-78.2458,35.7892],[-78.256,35.8181],[-78.3655,35.7562],[-78.4829,35.6942],[-78.5979,35.6047],[-78.7089,35.5195]]]},"properties":{"STATEFP":"37","COUNTYFP":"101","COUNTYNS":"01026327","GEOIDFQ":"0500000US37101","GEOID":"37101","NAME":"Johnston","NAMELSAD":"Johnston County","STUSPS":"NC","STATE_NAME":"North Carolina","LSAD":"06","ALAND":2051314542,"AWATER":9406181}},
{"type":"Feature","geometry":{"type":"Polygon","coordinates":[[[-77.8225,35.5854],[-77.8267,35.4241],[-77.8055,35.4075],[-77.7999,35.3823],[-77.8062,35.3688],[-77.7777,35.3677],[-77.6975,35.3771],[-77.6793,35.3475],[-77.6578,35.3539],[-77.6376,35.3543],[-77.6269,35.3671],[-77.607,35.3795],[-77.5893,35.3738],[-77.5342,35.3981],[-77.5283,35.4143],[-77.5099,35.4215],[-77.4926,35.4117],[-77.4755,35.4267],[-77.4822,35.4473],[-77.5041,35.4935],[-77.5053,35.5183],[-77.5217,35.5176],[-77.5252,35.5283],[-77.5603,35.5335],[-77.5708,35.5488],[-77.593,35.5641],[-77.6102,35.5675],[-77.6624,35.6193],[-77.6816,35.6308],[-77.6889,35.6494],[-77.7007,35.6523],[-77.7535,35.616],[-77.8062,35.5835],[-77.8225,35.5854]]]},"properties":{"STATEFP":"37","COUNTYFP":"079","COUNTYNS":"01008557","GEOIDFQ":"0500000US37079","GEOID":"37079","NAME":"Greene","NAMELSAD":"Greene County","STUSPS":"NC","STATE_NAME":"North Carolina","LSAD":"06","ALAND":690838975,"AWATER":1229492}},
{"type":"Feature","geometry":{"type":"Polygon","coordinates":[[[-80.3943,35.9728],[-80.378,35.9622],[-80.3689,35.9247],[-80.3749,35.9113],[-80.3652,35.8934],[-80.378,35.8852],[-80.3899,35.8919],[-80.4107,35.8901],[-80.4165,35.8805],[-80.3897,35.8676],[-80.3858,35.8536],[-80.3945,35.8414],[-80.4207,35.8527],[-80.4287,35.8308],[-80.4453,35.8365],[-80.4584,35.8264],[-80.4738,35.8426],[-80.4874,35.8336],[-80.4723,35.8255],[-80.4644,35.805],[-80.4767,35.7891],[-80.4506,35.766],[-80.4589,35.7428],[-80.4141,35.7226],[-80.3983,35.7249],[-80.3687,35.7161],[-80.3401,35.7213],[-80.3259,35.7119],[-80.3345,35.6897],[-80.3306,35.6788],[-80.3073,35.6657],[-80.3063,35.657],[-80.2883,35.6353],[-80.265,35.6296],[-80.2434,35.6144],[-80.2336,35.5984],[-80.2089,35.5813],[-80.2104,35.5555],[-80.1992,35.5456],[-80.1975,35.5309],[-80.1839,35.5162],[-80.1833,35.5041],[-80.1826,35.5042],[-80.0668,35.5057],[-80.0629,35.6126],[-80.0564,35.7501],[-80.0469,35.9207],[-80.0432,36.0108],[-80.1498,36.0268],[-80.2137,36.0268],[-80.2138,35.9971],[-80.3303,35.9965],[-80.3943,35.9728]]]},"properties":{"STATEFP":"37","COUNTYFP":"057","COUNTYNS":"01008548","GEOIDFQ":"0500000US37057","GEOID":"37057","NAME":"Davidson","NAMELSAD":"Davidson County","STUSPS":"NC","STATE_NAME":"North Carolina","LSAD":"06","ALAND":1432251776,"AWATER":37596316}},
{"type":"Feature","geometry":{"type":"Polygon","coordinates":[[[-80.1826,35.5042],[-80.1748,35.4846],[-80.1617,35.4752],[-80.1399,35.4751],[-80.1085,35.4595],[-80.107,35.443],[-80.0901,35.4156],[-80.0937,35.402],[-80.0623,35.3861],[-80.0517,35.3726],[-80.0664,35.3571],[-80.0659,35.3436],[-80.0819,35.3215],[-80.0805,35.3076],[-80.0929,35.2902],[-80.0922,35.272],[-80.0982,35.2552],[-80.0908,35.236],[-80.0698,35.2183],[-80.0541,35.1808],[-80.0569,35.164],[-80.0754,35.1431],[-80.0228,35.1372],[-79.9834,35.1585],[-79.9496,35.1575],[-79.9443,35.1642],[-79.8986,35.1617],[-79.8513,35.1839],[-79.8376,35.1778],[-79.8121,35.1799],[-79.792,35.176],[-79.7684,35.1772],[-79.7495,35.173],[-79.7337,35.1782],[-79.7136,35.1731],[-79.698,35.1784],[-79.6735,35.1754],[-79.6421,35.1577],[-79.6143,35.1637],[-79.6371,35.1761],[-79.6588,35.194],[-79.6725,35.245],[-79.698,35.2515],[-79.712,35.2759],[-79.7099,35.3013],[-79.7517,35.444],[-79.7642,35.4757],[-79.768,35.5115],[-79.9014,35.5099],[-80.0668,35.5057],[-80.1826,35.5042]]]},"properties":{"STATEFP":"37","COUNTYFP":"123","COUNTYNS":"01008572","GEOIDFQ":"0500000US37123","GEOID":"37123","NAME":"Montgomery","NAMELSAD":"Montgomery County","STUSPS":"NC","STATE_NAME":"North Carolina","LSAD":"06","ALAND":1273075626,"AWATER":25886753}},
{"type":"Feature","geometry":{"type":"Polygon","coordinates":[[[-82.4167,36.0728],[-82.4607,36.0078],[-82.5055,35.9777],[-82.4885,35.9423],[-82.4979,35.9252],[-82.4949,35.9103],[-82.4751,35.9092],[-82.4487,35.8969],[-82.4392,35.8792],[-82.4175,35.8592],[-82.4196,35.8433],[-82.4086,35.8182],[-82.382,35.824],[-82.3654,35.8218],[-82.3489,35.8117],[-82.3383,35.7961],[-82.3462,35.7862],[-82.3377,35.7682],[-82.3351,35.7494],[-82.3131,35.7336],[-82.2913,35.7299],[-82.2759,35.7144],[-82.2754,35.7044],[-82.2572,35.6993],[-82.2428,35.7124],[-82.1938,35.7351],[-82.1583,35.7796],[-82.1679,35.7891],[-82.1479,35.804],[-82.1335,35.8233],[-82.1438,35.8251],[-82.1403,35.8426],[-82.1462,35.8634],[-82.1469,35.902],[-82.155,35.9208],[-82.1697,35.9286],[-82.1977,35.9523],[-82.1928,35.9595],[-82.1917,35.9906],[-82.2142,36.0171],[-82.2333,36.0135],[-82.2385,36.0048],[-82.2733,36.0029],[-82.2681,36.0166],[-82.2886,36.0281],[-82.2991,36.0402],[-82.3124,36.0261],[-82.3382,36.0301],[-82.3364,36.0524],[-82.3453,36.0765],[-82.3601,36.0782],[-82.3801,36.0707],[-82.4005,36.0816],[-82.4167,36.0728]]]},"properties":{"STATEFP":"37","COUNTYFP":"199","COUNTYNS":"01008598","GEOIDFQ":"0500000US37199","GEOID":"37199","NAME":"Yancey","NAMELSAD":"Yancey County","STUSPS":"NC","STATE_NAME":"North Carolina","LSAD":"06","ALAND":809610024,"AWATER":1524558}},
{"type":"Feature","geometry":{"type":"Polygon","coordinates":[[[-82.8976,35.056],[-82.9204,35.0151],[-82.9379,34.9958],[-82.9386,34.9809],[-82.9159,34.9724],[-82.9192,34.9599],[-82.9033,34.935],[-82.9084,34.9189],[-82.9003,34.9024],[-82.9067,34.8863],[-82.9047,34.8596],[-82.8961,34.8369],[-82.9011,34.8232],[-82.8972,34.8052],[-82.8803,34.7817],[-82.8873,34.7753],[-82.8964,34.7366],[-82.873,34.7366],[-82.8556,34.7253],[-82.8599,34.698],[-82.8538,34.6899],[-82.8512,34.6685],[-82.8389,34.6572],[-82.84,34.6233],[-82.7876,34.6727],[-82.487,34.819],[-82.4847,34.8444],[-82.489,34.8614],[-82.4877,34.8851],[-82.5254,34.9395],[-82.5269,34.9611],[-82.5427,34.9769],[-82.5341,34.9838],[-82.5432,35.0046],[-82.5564,35.015],[-82.5939,35.0079],[-82.5883,35.021],[-82.5899,35.0392],[-82.5989,35.0407],[-82.5897,35.0738],[-82.649,35.0602],[-82.6571,35.066],[-82.715,35.059],[-82.7432,35.0473],[-82.7599,35.0577],[-82.7641,35.0682],[-82.782,35.0668],[-82.7833,35.0856],[-82.8976,35.056]]]},"properties":{"STATEFP":"45","COUNTYFP":"077","COUNTYNS":"01248015","GEOIDFQ":"0500000US45077","GEOID":"45077","NAME":"Pickens","NAMELSAD":"Pickens County","STUSPS":"SC","STATE_NAME":"South Carolina","LSAD":"06","ALAND":1287059791,"AWATER":40968135}},
{"type":"Feature","geometry":{"type":"Polygon","coordinates":[[[-82.3139,34.4843],[-82.3145,34.4696],[-82.2879,34.4536],[-82.2778,34.4367],[-82.2661,34.4332],[-82.2463,34.4097],[-82.2284,34.4024],[-82.2315,34.3937],[-82.2092,34.3758],[-82.1969,34.375],[-82.1732,34.3508],[-82.1693,34.3307],[-82.155,34.3317],[-82.134,34.3238],[-82.12,34.3038],[-82.1107,34.3081],[-82.0837,34.2992],[-82.0516,34.2742],[-82.0311,34.2624],[-82.0072,34.2415],[-81.9784,34.2381],[-81.9711,34.2222],[-81.945,34.2031],[-81.9267,34.2197],[-81.9238,34.2309],[-81.9032,34.2633],[-81.8953,34.3005],[-81.8831,34.312],[-81.8613,34.3155],[-81.8485,34.3235],[-81.8498,34.333],[-81.8369,34.3428],[-81.813,34.3476],[-81.7826,34.3651],[-81.7746,34.3839],[-81.7579,34.3986],[-81.7475,34.4196],[-81.7225,34.4497],[-81.7022,34.456],[-81.6647,34.5053],[-81.6497,34.5177],[-81.6436,34.5337],[-81.6609,34.5487],[-81.6908,34.5527],[-81.7011,34.5594],[-81.7162,34.5514],[-81.7496,34.5683],[-81.7599,34.566],[-81.8136,34.5802],[-81.8182,34.5882],[-81.8519,34.5948],[-81.891,34.5925],[-81.9103,34.603],[-81.9519,34.6495],[-81.9714,34.6585],[-82.0046,34.6623],[-82.0405,34.6837],[-82.048,34.6929],[-82.0667,34.701],[-82.0666,34.7152],[-82.0788,34.7194],[-82.0872,34.7452],[-82.1152,34.7489],[-82.1304,34.7724],[-82.1456,34.7852],[-82.1974,34.677],[-82.2348,34.5888],[-82.2361,34.5353],[-82.3139,34.4843]]]},"properties":{"STATEFP":"45","COUNTYFP":"059","COUNTYNS":"01248009","GEOIDFQ":"0500000US45059","GEOID":"45059","NAME":"Laurens","NAMELSAD":"Laurens County","STUSPS":"SC","STATE_NAME":"South Carolina","LSAD":"06","ALAND":1846327197,"AWATER":26061191}},
{"type":"Feature","geometry":{"type":"Polygon","coordinates":[[[-80.6162,34.0996],[-80.6186,34.092],[-80.6365,34.083],[-80.6142,34.0636],[-80.6121,34.0492],[-80.601,34.0394],[-80.641,33.9994],[-80.6411,33.9833],[-80.6233,33.9683],[-80.6291,33.9418],[-80.6207,33.9359],[-80.6341,33.9173],[-80.6245,33.9055],[-80.6259,33.8888],[-80.6196,33.8787],[-80.6328,33.8503],[-80.6161,33.8343],[-80.6151,33.816],[-80.6009,33.7999],[-80.5977,33.7775],[-80.6111,33.7515],[-80.6201,33.7432],[-80.6276,33.731],[-80.6153,33.7118],[-80.6016,33.7027],[-80.5903,33.6848],[-80.5624,33.6784],[-80.5654,33.6661],[-80.546,33.6488],[-80.5341,33.6439],[-80.4976,33.6743],[-80.4911,33.6938],[-80.4787,33.7143],[-80.4544,33.7135],[-80.4493,33.7375],[-80.4309,33.7383],[-80.4259,33.7241],[-80.4344,33.7119],[-80.392,33.7156],[-80.3971,33.7678],[-80.2712,33.7863],[-80.2554,33.8041],[-80.1954,33.839],[-80.1355,33.8688],[-80.1216,33.8696],[-80.0563,33.9068],[-79.9746,33.9465],[-79.8935,33.988],[-79.9135,34.0071],[-79.9314,34.0153],[-79.9628,34.0229],[-80.0006,34.0479],[-80.0268,34.0085],[-80.0704,34.0079],[-80.0828,34.0002],[-80.1647,33.9573],[-80.1804,33.952],[-80.1883,34.0049],[-80.2431,33.9916],[-80.2533,33.9951],[-80.2577,34.0185],[-80.2691,34.0351],[-80.2949,34.0394],[-80.3032,34.0632],[-80.3217,34.0804],[-80.3787,34.0807],[-80.3956,34.0895],[-80.4055,34.0814],[-80.4813,34.1126],[-80.4799,34.1687],[-80.5801,34.0999],[-80.6162,34.0996]]]},"properties":{"STATEFP":"45","COUNTYFP":"085","COUNTYNS":"01244717","GEOIDFQ":"0500000US45085","GEOID":"45085","NAME":"Sumter","NAMELSAD":"Sumter County","STUSPS":"SC","STATE_NAME":"South Carolina","LSAD":"06","ALAND":1722544866,"AWATER":44046815}},
{"type":"Feature","geometry":{"type":"Polygon","coordinates":[[[-80.4799,34.1687],[-80.4813,34.1126],[-80.4055,34.0814],[-80.3956,34.0895],[-80.3787,34.0807],[-80.3217,34.0804],[-80.3032,34.0632],[-80.2949,34.0394],[-80.2691,34.0351],[-80.2577,34.0185],[-80.2533,33.9951],[-80.2431,33.9916],[-80.1883,34.0049],[-80.1804,33.952],[-80.1647,33.9573],[-80.0828,34.0002],[-80.0704,34.0079],[-80.0268,34.0085],[-80.0006,34.0479],[-80.0051,34.0563],[-80.0399,34.0785],[-80.0574,34.0791],[-80.0699,34.0862],[-80.0842,34.0911],[-80.1063,34.1133],[-80.1304,34.1259],[-80.1586,34.1616],[-80.1127,34.197],[-80.1117,34.2286],[-80.1358,34.2725],[-80.1354,34.2846],[-80.1646,34.3059],[-80.175,34.3263],[-80.1772,34.3662],[-80.1913,34.3667],[-80.2063,34.3391],[-80.2432,34.3245],[-80.2529,34.3407],[-80.2654,34.3446],[-80.2887,34.3641],[-80.3261,34.3442],[-80.3638,34.3395],[-80.3658,34.3282],[-80.353,34.3033],[-80.382,34.3052],[-80.4009,34.2952],[-80.4205,34.2931],[-80.4374,34.2845],[-80.431,34.2766],[-80.433,34.2489],[-80.4308,34.227],[-80.4646,34.1786],[-80.4799,34.1687]]]},"properties":{"STATEFP":"45","COUNTYFP":"061","COUNTYNS":"01245652","GEOIDFQ":"0500000US45061","GEOID":"45061","NAME":"Lee","NAMELSAD":"Lee County","STUSPS":"SC","STATE_NAME":"South Carolina","LSAD":"06","ALAND":1062378291,"AWATER":2709092}},
{"type":"Feature","geometry":{"type":"Polygon","coordinates":[[[-80.0699,34.0862],[-80.0574,34.0791],[-80.0399,34.0785],[-80.0051,34.0563],[-80.0006,34.0479],[-79.9628,34.0229],[-79.9314,34.0153],[-79.9135,34.0071],[-79.8935,33.988],[-79.9746,33.9465],[-79.9523,33.8943],[-79.9459,33.886],[-79.9024,33.8891],[-79.8756,33.8852],[-79.8549,33.8917],[-79.8349,33.8826],[-79.7984,33.8356],[-79.7434,33.8351],[-79.7249,33.8146],[-79.6996,33.814],[-79.688,33.8049],[-79.6786,33.8141],[-79.6518,33.8141],[-79.6349,33.8084],[-79.4965,33.7754],[-79.4733,33.7837],[-79.4415,33.7844],[-79.4333,33.7929],[-79.4099,33.8016],[-79.3993,33.8006],[-79.3826,33.8186],[-79.3522,33.8151],[-79.3404,33.8028],[-79.3243,33.7991],[-79.3146,33.807],[-79.3215,33.8306],[-79.3383,33.8405],[-79.3683,33.8429],[-79.3968,33.8752],[-79.4013,33.8928],[-79.429,33.8978],[-79.4522,33.9148],[-79.452,33.9246],[-79.4737,33.93],[-79.4917,33.9465],[-79.4815,33.9639],[-79.4961,33.9693],[-79.5169,33.994],[-79.509,34.0064],[-79.5112,34.0379],[-79.5269,34.0629],[-79.5291,34.1002],[-79.5186,34.1114],[-79.544,34.1517],[-79.5555,34.1595],[-79.5718,34.1837],[-79.5507,34.2014],[-79.544,34.2252],[-79.5479,34.2309],[-79.5621,34.2585],[-79.601,34.2905],[-79.6239,34.3006],[-79.6334,34.298],[-79.6578,34.3052],[-79.6707,34.304],[-79.6856,34.2844],[-79.7296,34.2952],[-79.7526,34.2506],[-79.7596,34.2461],[-79.7979,34.2547],[-79.8191,34.2453],[-80.0699,34.0862]]]},"properties":{"STATEFP":"45","COUNTYFP":"041","COUNTYNS":"01248001","GEOIDFQ":"0500000US45041","GEOID":"45041","NAME":"Florence","NAMELSAD":"Florence County","STUSPS":"SC","STATE_NAME":"South Carolina","LSAD":"06","ALAND":2073307058,"AWATER":9759348}},
{"type":"Feature","geometry":{"type":"Polygon","coordinates":[[[-80.2223,33.4437],[-80.2252,33.4093],[-80.2226,33.3913],[-80.2385,33.3912],[-80.2418,33.3761],[-80.2396,33.3522],[-80.2479,33.3382],[-80.2556,33.3],[-80.2945,33.2713],[-80.3172,33.2641],[-80.3446,33.2778],[-80.3591,33.272],[-80.3619,33.2574],[-80.3484,33.2489],[-80.3375,33.2283],[-80.3308,33.1984],[-80.2976,33.1818],[-80.311,33.1584],[-80.3359,33.1455],[-80.1643,33.0323],[-80.1492,33.0216],[-80.0982,32.9881],[-80.056,32.9994],[-80.0401,32.9827],[-80.0415,32.955],[-80.0118,32.8999],[-79.9508,32.9107],[-79.9629,32.8899],[-79.9637,32.8754],[-79.9563,32.86],[-79.9312,32.85],[-79.9297,32.8232],[-79.9112,32.8162],[-79.8975,32.8269],[-79.8959,32.8599],[-79.8591,32.871],[-79.8419,32.8968],[-79.8359,32.9198],[-79.826,32.9186],[-79.803,32.9291],[-79.7847,32.9424],[-79.7716,32.9418],[-79.7636,32.9582],[-79.7693,32.9685],[-79.7621,32.9891],[-79.729,33.0141],[-79.7217,33.0307],[-79.703,33.0459],[-79.6747,33.0805],[-79.6605,33.0908],[-79.6423,33.1244],[-79.6123,33.1384],[-79.5505,33.1554],[-79.5339,33.1438],[-79.5182,33.1491],[-79.4928,33.1918],[-79.471,33.2104],[-79.4467,33.2135],[-79.4587,33.2352],[-79.4658,33.2315],[-79.4826,33.2459],[-79.494,33.236],[-79.5354,33.2496],[-79.5623,33.2725],[-79.5955,33.2793],[-79.631,33.2929],[-79.6643,33.2983],[-79.677,33.3049],[-79.7096,33.3212],[-79.7412,33.3223],[-79.794,33.3777],[-79.807,33.3726],[-79.8139,33.3823],[-79.8548,33.4029],[-79.8635,33.4192],[-79.8776,33.4285],[-79.8802,33.4428],[-79.8941,33.4537],[-79.9102,33.4557],[-79.9154,33.4642],[-79.9516,33.4869],[-79.9646,33.4986],[-79.9863,33.4979],[-80.0121,33.5052],[-80.0366,33.5068],[-80.0822,33.5057],[-80.1017,33.4969],[-80.1255,33.5024],[-80.1273,33.4933],[-80.152,33.4786],[-80.135,33.4667],[-80.1507,33.4603],[-80.1483,33.4499],[-80.2223,33.4437]]]},"properties":{"STATEFP":"45","COUNTYFP":"015","COUNTYNS":"01247985","GEOIDFQ":"0500000US45015","GEOID":"45015","NAME":"Berkeley","NAMELSAD":"Berkeley County","STUSPS":"SC","STATE_NAME":"South Carolina","LSAD":"06","ALAND":2858335682,"AWATER":339019658}},
{"type":"Feature","geometry":{"type":"Polygon","coordinates":[[[-79.4588,35.0436],[-79.4728,35.0353],[-79.5135,35.0246],[-79.5734,34.9922],[-79.5667,34.9794],[-79.578,34.9724],[-79.5856,34.9547],[-79.5817,34.9354],[-79.5684,34.9275],[-79.5619,34.9104],[-79.616,34.8659],[-79.6266,34.8523],[-79.6176,34.8396],[-79.6229,34.8268],[-79.6545,34.8149],[-79.6884,34.8113],[-79.6929,34.805],[-79.6753,34.8047],[-79.4616,34.6303],[-79.3317,34.773],[-79.3576,34.8203],[-79.3479,34.8386],[-79.3379,34.8589],[-79.3489,34.8874],[-79.3529,34.9397],[-79.361,34.9576],[-79.3985,34.9952],[-79.4156,35.003],[-79.4313,35.0198],[-79.4495,35.0271],[-79.4588,35.0436]]]},"properties":{"STATEFP":"37","COUNTYFP":"165","COUNTYNS":"01008585","GEOIDFQ":"0500000US37165","GEOID":"37165","NAME":"Scotland","NAMELSAD":"Scotland County","STUSPS":"NC","STATE_NAME":"North Carolina","LSAD":"06","ALAND":826569986,"AWATER":3842049}},
{"type":"Feature","geometry":{"type":"Polygon","coordinates":[[[-79.317,33.7799],[-79.3324,33.7771],[-79.3466,33.7553],[-79.3747,33.7248],[-79.3923,33.7122],[-79.41,33.6879],[-79.4185,33.6673],[-79.4196,33.6494],[-79.4303,33.629],[-79.4425,33.596],[-79.4359,33.5725],[-79.4833,33.5368],[-79.4931,33.5208],[-79.5381,33.4969],[-79.545,33.4872],[-79.5901,33.4435],[-79.596,33.4215],[-79.6026,33.4183],[-79.6256,33.3897],[-79.6344,33.3721],[-79.6535,33.3607],[-79.6772,33.3368],[-79.6809,33.3196],[-79.677,33.3049],[-79.6643,33.2983],[-79.631,33.2929],[-79.5955,33.2793],[-79.5623,33.2725],[-79.5354,33.2496],[-79.494,33.236],[-79.4826,33.2459],[-79.4658,33.2315],[-79.4587,33.2352],[-79.4467,33.2135],[-79.4377,33.2152],[-79.4143,33.199],[-79.404,33.1838],[-79.3834,33.1752],[-79.3496,33.1533],[-79.3333,33.1558],[-79.3151,33.1457],[-79.2912,33.1466],[-79.2688,33.136],[-79.2756,33.1168],[-79.2464,33.126],[-79.2237,33.1498],[-79.1945,33.1698],[-79.1757,33.2111],[-79.1803,33.2541],[-79.1716,33.2952],[-79.1638,33.312],[-79.1627,33.3312],[-79.153,33.352],[-79.1475,33.3782],[-79.1154,33.4391],[-79.0846,33.4837],[-79.0305,33.532],[-79.0018,33.5727],[-79.0865,33.5713],[-79.1011,33.573],[-79.0968,33.6003],[-79.1222,33.6057],[-79.1299,33.6394],[-79.1235,33.6488],[-79.1543,33.6626],[-79.1522,33.6774],[-79.159,33.6857],[-79.1803,33.6954],[-79.1903,33.7058],[-79.2464,33.6953],[-79.2751,33.7089],[-79.2916,33.729],[-79.2926,33.7502],[-79.317,33.7799]]]},"properties":{"STATEFP":"45","COUNTYFP":"043","COUNTYNS":"01248002","GEOIDFQ":"0500000US45043","GEOID":"45043","NAME":"Georgetown","NAMELSAD":"Georgetown County","STUSPS":"SC","STATE_NAME":"South Carolina","LSAD":"06","ALAND":2107383729,"AWATER":550477433}},
{"type":"Feature","geometry":{"type":"Polygon","coordinates":[[[-77.174,35.7328],[-77.1703,35.719],[-77.1858,35.7176],[-77.1939,35.7092],[-77.193,35.6942],[-77.1698,35.6843],[-77.1747,35.6587],[-77.1682,35.6312],[-77.1424,35.6179],[-77.1438,35.6013],[-77.1067,35.5814],[-77.0913,35.5693],[-77.0935,35.5509],[-77.1274,35.5538],[-77.1762,35.5191],[-77.1738,35.4566],[-77.1814,35.4407],[-77.1912,35.435],[-77.1891,35.4184],[-76.9588,35.301],[-76.8959,35.2539],[-76.8453,35.2161],[-76.6326,35.2353],[-76.6122,35.2793],[-76.6189,35.3001],[-76.6175,35.3289],[-76.6112,35.3355],[-76.6163,35.3427],[-76.6513,35.34],[-76.6814,35.3497],[-76.6942,35.3626],[-76.7195,35.3751],[-76.738,35.3749],[-76.7691,35.383],[-76.7729,35.391],[-76.8003,35.3908],[-76.8217,35.3999],[-76.8232,35.4083],[-76.8445,35.4237],[-76.8766,35.4247],[-76.9079,35.4357],[-76.925,35.4488],[-76.9662,35.434],[-76.9746,35.4589],[-76.9864,35.4725],[-77.0047,35.4758],[-77.0346,35.4928],[-77.042,35.5075],[-77.043,35.5368],[-77.0097,35.5137],[-77.0078,35.5075],[-76.9792,35.4834],[-76.9576,35.483],[-76.906,35.4594],[-76.8804,35.4597],[-76.8309,35.4479],[-76.8172,35.452],[-76.8088,35.4406],[-76.7691,35.4268],[-76.7592,35.4189],[-76.7437,35.4268],[-76.7107,35.4286],[-76.6807,35.4159],[-76.6669,35.4204],[-76.6479,35.4034],[-76.5776,35.3876],[-76.5819,35.4075],[-76.5904,35.4169],[-76.5928,35.4367],[-76.607,35.4555],[-76.5974,35.4819],[-76.6147,35.4874],[-76.6379,35.513],[-76.6135,35.5327],[-76.5992,35.5399],[-76.5819,35.5408],[-76.537,35.5291],[-76.5092,35.5373],[-76.4842,35.5397],[-76.4689,35.5578],[-76.4921,35.5729],[-76.539,35.5829],[-76.5343,35.5956],[-76.5642,35.6013],[-76.5882,35.6207],[-76.6062,35.6469],[-76.602,35.6701],[-76.6375,35.7052],[-76.8446,35.7057],[-76.8473,35.72],[-76.9858,35.6588],[-77.0346,35.679],[-77.1638,35.7395],[-77.174,35.7328]]]},"properties":{"STATEFP":"37","COUNTYFP":"013","COUNTYNS":"01026333","GEOIDFQ":"0500000US37013","GEOID":"37013","NAME":"Beaufort","NAMELSAD":"Beaufort County","STUSPS":"NC","STATE_NAME":"North Carolina","LSAD":"06","ALAND":2156776424,"AWATER":336988229}},
{"type":"Feature","geometry":{"type":"Polygon","coordinates":[[[-77.7007,35.6523],[-77.6889,35.6494],[-77.6816,35.6308],[-77.6624,35.6193],[-77.6102,35.5675],[-77.593,35.5641],[-77.5708,35.5488],[-77.5603,35.5335],[-77.5252,35.5283],[-77.5217,35.5176],[-77.5053,35.5183],[-77.5041,35.4935],[-77.4822,35.4473],[-77.4755,35.4267],[-77.4707,35.4098],[-77.4493,35.3895],[-77.4482,35.3715],[-77.4331,35.3681],[-77.4264,35.3498],[-77.4082,35.3534],[-77.391,35.3395],[-77.3826,35.3343],[-77.3504,35.3284],[-77.2943,35.3791],[-77.2693,35.3692],[-77.2591,35.3516],[-77.2382,35.3618],[-77.2396,35.3814],[-77.2271,35.3998],[-77.1997,35.4],[-77.1891,35.4184],[-77.1912,35.435],[-77.1814,35.4407],[-77.1738,35.4566],[-77.1762,35.5191],[-77.1274,35.5538],[-77.0935,35.5509],[-77.0913,35.5693],[-77.1067,35.5814],[-77.1438,35.6013],[-77.1424,35.6179],[-77.1682,35.6312],[-77.1747,35.6587],[-77.1698,35.6843],[-77.193,35.6942],[-77.1939,35.7092],[-77.1858,35.7176],[-77.1703,35.719],[-77.174,35.7328],[-77.1787,35.7394],[-77.2159,35.7601],[-77.2598,35.7652],[-77.2644,35.7752],[-77.2552,35.7864],[-77.3504,35.8192],[-77.3902,35.8331],[-77.4096,35.8264],[-77.4255,35.8054],[-77.4489,35.8068],[-77.4723,35.8011],[-77.5163,35.7613],[-77.5455,35.7461],[-77.6651,35.6749],[-77.7007,35.6523]]]},"properties":{"STATEFP":"37","COUNTYFP":"147","COUNTYNS":"01008578","GEOIDFQ":"0500000US37147","GEOID":"37147","NAME":"Pitt","NAMELSAD":"Pitt County","STUSPS":"NC","STATE_NAME":"North Carolina","LSAD":"06","ALAND":1689620170,"AWATER":8247778}},
{"type":"Feature","geometry":{"type":"Polygon","coordinates":[[[-83.1863,35.5144],[-83.2106,35.5193],[-83.2163,35.526],[-83.2364,35.5245],[-83.2815,35.499],[-83.3183,35.4653],[-83.3452,35.4736],[-83.3517,35.4681],[-83.3637,35.4266],[-83.3521,35.4113],[-83.3314,35.3537],[-83.3396,35.331],[-83.3121,35.2817],[-83.3159,35.2648],[-83.2986,35.2558],[-83.2912,35.2338],[-83.277,35.228],[-83.2458,35.2314],[-83.2247,35.2387],[-83.2166,35.2233],[-83.2185,35.1936],[-83.2253,35.1772],[-83.2216,35.1586],[-83.1871,35.134],[-83.1776,35.1089],[-83.1477,35.0938],[-83.1435,35.0779],[-83.1583,35.0776],[-83.1712,35.0605],[-83.1481,35.0536],[-83.1262,35.0228],[-83.1086,35.0096],[-83.1086,35.0014],[-83.0087,35.0276],[-83.0185,35.037],[-83.0381,35.0424],[-83.0551,35.054],[-83.0447,35.0775],[-83.021,35.0956],[-82.9839,35.1313],[-82.9809,35.1484],[-82.9948,35.1535],[-82.9966,35.1634],[-82.9869,35.1876],[-82.9688,35.1946],[-82.9596,35.2155],[-82.9319,35.2291],[-82.9192,35.2708],[-82.9209,35.292],[-82.9273,35.3028],[-82.9509,35.307],[-82.9647,35.3153],[-82.9649,35.3334],[-82.9972,35.373],[-83.0211,35.3787],[-83.0437,35.3944],[-83.0444,35.4151],[-83.0801,35.4347],[-83.0795,35.4476],[-83.0914,35.4575],[-83.1208,35.4648],[-83.1377,35.4644],[-83.1415,35.4935],[-83.1615,35.4968],[-83.165,35.5097],[-83.1863,35.5144]]]},"properties":{"STATEFP":"37","COUNTYFP":"099","COUNTYNS":"01008566","GEOIDFQ":"0500000US37099","GEOID":"37099","NAME":"Jackson","NAMELSAD":"Jackson County","STUSPS":"NC","STATE_NAME":"North Carolina","LSAD":"06","ALAND":1271968586,"AWATER":9746824}},
{"type":"Feature","geometry":{"type":"MultiPolygon","coordinates":[[[[-76.0153,35.0707],[-76.002,35.073],[-75.9651,35.0996],[-75.9202,35.1247],[-75.8691,35.1475],[-75.8741,35.1525],[-75.9582,35.1154],[-75.9775,35.1206],[-75.9884,35.1164],[-75.9856,35.0981],[-76.0001,35.0802],[-76.0153,35.0707]]],[[[-76.6375,35.7052],[-76.602,35.6701],[-76.6062,35.6469],[-76.5882,35.6207],[-76.5642,35.6013],[-76.5343,35.5956],[-76.539,35.5829],[-76.4921,35.5729],[-76.4689,35.5578],[-76.4552,35.5492],[-76.467,35.5389],[-76.4694,35.5193],[-76.4908,35.5044],[-76.5158,35.5037],[-76.5362,35.5095],[-76.5871,35.5089],[-76.5621,35.4913],[-76.5628,35.475],[-76.5457,35.4609],[-76.5655,35.4495],[-76.5525,35.4369],[-76.5331,35.4323],[-76.5403,35.4107],[-76.5322,35.4013],[-76.5103,35.3974],[-76.4963,35.3817],[-76.4696,35.3737],[-76.4808,35.4045],[-76.4381,35.3985],[-76.4176,35.4251],[-76.3955,35.4317],[-76.3853,35.415],[-76.396,35.4011],[-76.3615,35.3737],[-76.3682,35.3611],[-76.3822,35.3681],[-76.4129,35.3757],[-76.4119,35.3464],[-76.3772,35.3584],[-76.3796,35.3416],[-76.3416,35.3423],[-76.3439,35.3569],[-76.3575,35.3836],[-76.3449,35.3925],[-76.3261,35.3863],[-76.3233,35.3724],[-76.3088,35.3697],[-76.3057,35.3549],[-76.2681,35.34],[-76.2531,35.35],[-76.26,35.3654],[-76.2432,35.3666],[-76.2315,35.3588],[-76.2211,35.3404],[-76.1875,35.3418],[-76.1742,35.347],[-76.1562,35.3377],[-76.1374,35.3447],[-76.1307,35.3578],[-76.1125,35.355],[-76.0913,35.3695],[-76.0708,35.3706],[-76.0834,35.391],[-76.0694,35.3976],[-76.0712,35.4098],[-76.0397,35.4308],[-76.0317,35.4131],[-76.0227,35.4122],[-76.0135,35.4278],[-76.0157,35.4417],[-75.9964,35.4636],[-75.9888,35.4849],[-75.9631,35.4939],[-75.9575,35.5261],[-75.9437,35.5362],[-75.9128,35.5447],[-75.9197,35.5615],[-75.8824,35.5761],[-75.8928,35.6008],[-75.8839,35.6236],[-75.8889,35.6405],[-75.9013,35.669],[-76.013,35.6689],[-76.0188,35.6537],[-76.0328,35.6463],[-76.0475,35.6529],[-76.0451,35.6656],[-76.0611,35.6752],[-76.0926,35.6698],[-76.1202,35.6806],[-76.1447,35.7025],[-76.1692,35.6905],[-76.1778,35.6549],[-76.1922,35.6466],[-76.1958,35.6201],[-76.2155,35.598],[-76.2697,35.608],[-76.2858,35.6045],[-76.2979,35.609],[-76.2692,35.6908],[-76.406,35.6976],[-76.5456,35.7051],[-76.6375,35.7052]]]]},"properties":{"STATEFP":"37","COUNTYFP":"095","COUNTYNS":"01008564","GEOIDFQ":"0500000US37095","GEOID":"37095","NAME":"Hyde","NAMELSAD":"Hyde County","STUSPS":"NC","STATE_NAME":"North Carolina","LSAD":"06","ALAND":1585958032,"AWATER":2192938302}},
{"type":"Feature","geometry":{"type":"Polygon","coordinates":[[[-83.663,35.5691],[-83.7072,35.5685],[-83.7235,35.5619],[-83.7717,35.5621],[-83.7801,35.5504],[-83.8024,35.5416],[-83.8256,35.5238],[-83.8485,35.5193],[-83.8726,35.5211],[-83.8826,35.5172],[-83.9014,35.4966],[-83.9118,35.476],[-83.937,35.4715],[-83.9529,35.4606],[-83.9443,35.4508],[-83.9288,35.4499],[-83.9141,35.4651],[-83.8738,35.4604],[-83.8646,35.4483],[-83.8449,35.4531],[-83.8212,35.4508],[-83.8067,35.4448],[-83.8005,35.4558],[-83.7745,35.4435],[-83.7567,35.4417],[-83.7328,35.4474],[-83.6699,35.4356],[-83.6478,35.4276],[-83.6429,35.4435],[-83.6187,35.4361],[-83.6101,35.427],[-83.5858,35.4348],[-83.5824,35.4096],[-83.5933,35.3767],[-83.6136,35.3573],[-83.6205,35.3455],[-83.6605,35.3356],[-83.6847,35.3241],[-83.6953,35.2975],[-83.6803,35.2794],[-83.6731,35.2828],[-83.4979,35.2993],[-83.4903,35.3055],[-83.4714,35.2974],[-83.4559,35.3028],[-83.4521,35.3142],[-83.4328,35.3251],[-83.4109,35.3165],[-83.3999,35.3276],[-83.3642,35.326],[-83.3396,35.331],[-83.3314,35.3537],[-83.3521,35.4113],[-83.3637,35.4266],[-83.3517,35.4681],[-83.3452,35.4736],[-83.3183,35.4653],[-83.2815,35.499],[-83.2364,35.5245],[-83.2163,35.526],[-83.2106,35.5193],[-83.1863,35.5144],[-83.174,35.5217],[-83.1713,35.5379],[-83.156,35.5539],[-83.167,35.5787],[-83.1821,35.5845],[-83.1855,35.5983],[-83.176,35.6125],[-83.1771,35.632],[-83.2023,35.6503],[-83.1842,35.6712],[-83.2074,35.6814],[-83.2151,35.6923],[-83.2556,35.6961],[-83.2714,35.6815],[-83.2892,35.6745],[-83.2972,35.6578],[-83.3128,35.6548],[-83.335,35.6655],[-83.3516,35.6599],[-83.3669,35.6387],[-83.3887,35.6336],[-83.3927,35.6251],[-83.4323,35.6099],[-83.4458,35.6118],[-83.4557,35.598],[-83.4714,35.5903],[-83.4855,35.5682],[-83.4983,35.563],[-83.5205,35.5656],[-83.5661,35.566],[-83.582,35.5627],[-83.6019,35.5782],[-83.6297,35.5679],[-83.663,35.5691]]]},"properties":{"STATEFP":"37","COUNTYFP":"173","COUNTYNS":"01008588","GEOIDFQ":"0500000US37173","GEOID":"37173","NAME":"Swain","NAMELSAD":"Swain County","STUSPS":"NC","STATE_NAME":"North Carolina","LSAD":"06","ALAND":1366790479,"AWATER":32429134}},
{"type":"Feature","geometry":{"type":"MultiPolygon","coordinates":[[[[-76.3301,34.8479],[-76.3002,34.866],[-76.2426,34.9078],[-76.1856,34.9559],[-76.0965,35.0238],[-76.0741,35.039],[-76.0375,35.057],[-76.054,35.0714],[-76.0759,35.0699],[-76.0888,35.0452],[-76.1106,35.0319],[-76.1138,35.0227],[-76.1359,35.0103],[-76.1633,34.9847],[-76.1959,34.959],[-76.227,34.9257],[-76.2762,34.8859],[-76.2918,34.8857],[-76.2974,34.8722],[-76.3301,34.8479]]],[[[-76.5476,34.7106],[-76.544,34.7012],[-76.5228,34.6991],[-76.5195,34.7071],[-76.5476,34.7106]]],[[[-76.5536,34.6232],[-76.5488,34.6081],[-76.5355,34.5916],[-76.5245,34.6157],[-76.4881,34.671],[-76.4345,34.7341],[-76.3993,34.7732],[-76.3833,34.7949],[-76.4026,34.7914],[-76.414,34.7792],[-76.4136,34.7651],[-76.4323,34.7651],[-76.4397,34.7585],[-76.4415,34.7338],[-76.474,34.7114],[-76.4977,34.6668],[-76.5322,34.6105],[-76.5474,34.6137],[-76.5536,34.6232]]],[[[-76.5863,34.7139],[-76.5816,34.6991],[-76.5554,34.6968],[-76.5606,34.71],[-76.5863,34.7139]]],[[[-77.0985,34.6469],[-77.093,34.6446],[-77.0143,34.6648],[-76.8961,34.6846],[-76.8152,34.6942],[-76.7432,34.6977],[-76.6936,34.6938],[-76.6969,34.7113],[-76.7306,34.7008],[-76.7667,34.7],[-76.7926,34.7044],[-76.8276,34.7035],[-76.8443,34.6953],[-76.8981,34.6903],[-76.9081,34.685],[-76.975,34.6769],[-77.0024,34.672],[-77.0146,34.676],[-77.0883,34.656],[-77.0985,34.6469]]],[[[-77.0783,34.8113],[-77.0961,34.7992],[-77.1162,34.794],[-77.1317,34.7981],[-77.1615,34.7934],[-77.166,34.785],[-77.1511,34.7703],[-77.1249,34.7544],[-77.1218,34.7315],[-77.1066,34.7123],[-77.1052,34.6947],[-77.1133,34.683],[-77.0927,34.6729],[-77.0612,34.6794],[-77.0403,34.6895],[-77.0052,34.6925],[-76.9717,34.7093],[-76.9676,34.7068],[-76.892,34.7254],[-76.8419,34.7294],[-76.7344,34.7212],[-76.714,34.7158],[-76.6905,34.716],[-76.6194,34.7042],[-76.627,34.7194],[-76.6242,34.7465],[-76.6177,34.7531],[-76.6173,34.7879],[-76.6044,34.7899],[-76.5752,34.7397],[-76.5757,34.7217],[-76.5531,34.7258],[-76.5127,34.7203],[-76.4984,34.7321],[-76.5141,34.7543],[-76.4846,34.761],[-76.4731,34.7694],[-76.4514,34.808],[-76.4314,34.8289],[-76.4121,34.8322],[-76.41,34.8615],[-76.4024,34.8866],[-76.3917,34.8786],[-76.3988,34.8657],[-76.3822,34.857],[-76.3683,34.8729],[-76.3468,34.8734],[-76.3314,34.8849],[-76.3141,34.9063],[-76.3368,34.9098],[-76.3408,34.9334],[-76.3321,34.9359],[-76.3135,34.9268],[-76.2795,34.9414],[-76.2779,34.9607],[-76.2893,34.9681],[-76.3057,34.9914],[-76.2881,34.9963],[-76.2624,34.9753],[-76.2508,34.9813],[-76.2493,35.0007],[-76.2937,35.0096],[-76.3185,35.0206],[-76.3641,35.0366],[-76.3675,35.0311],[-76.3508,35.0156],[-76.3404,34.9973],[-76.3206,34.9755],[-76.3244,34.9605],[-76.3468,34.9719],[-76.3803,34.9702],[-76.3874,34.9511],[-76.4031,34.9634],[-76.4228,34.9507],[-76.43,34.9687],[-76.4224,34.9772],[-76.4255,35.0015],[-76.4404,35.0146],[-76.4304,35.0282],[-76.4358,35.0579],[-76.4461,35.0584],[-76.4635,35.0764],[-76.4706,35.0584],[-76.4647,35.0467],[-76.4858,35.0406],[-76.4975,35.0082],[-76.4842,34.9881],[-76.498,34.985],[-76.5116,35.0051],[-76.5647,34.9983],[-76.5797,34.9901],[-76.5785,34.9762],[-76.6061,34.9848],[-76.6311,34.9887],[-76.6574,34.9825],[-76.6769,34.9688],[-76.6772,34.9577],[-76.6526,34.9376],[-76.6606,34.9156],[-76.683,34.8993],[-76.693,34.8692],[-76.758,34.8463],[-76.8831,34.8449],[-76.8823,34.8367],[-76.9548,34.8245],[-76.9544,34.8091],[-77.0783,34.8113]]]]},"properties":{"STATEFP":"37","COUNTYFP":"031","COUNTYNS":"01026337","GEOIDFQ":"0500000US37031","GEOID":"37031","NAME":"Carteret","NAMELSAD":"Carteret County","STUSPS":"NC","STATE_NAME":"North Carolina","LSAD":"06","ALAND":1314694122,"AWATER":2131056469}},
{"type":"Feature","geometry":{"type":"Polygon","coordinates":[[[-80.0754,35.1431],[-80.0643,35.1102],[-80.0414,35.1026],[-80.0229,35.09],[-79.9929,35.0856],[-79.9767,35.1025],[-79.9461,35.1186],[-79.924,35.1154],[-79.9118,35.0918],[-79.9079,35.0657],[-79.8783,35.0469],[-79.8772,35.0353],[-79.8924,35.0249],[-79.8993,35.0037],[-79.8637,34.9766],[-79.8723,34.9504],[-79.8496,34.9114],[-79.8505,34.8984],[-79.8801,34.8668],[-79.8997,34.8585],[-79.9089,34.8412],[-79.9138,34.8189],[-79.9274,34.8066],[-79.8707,34.8054],[-79.7737,34.8059],[-79.6929,34.805],[-79.6884,34.8113],[-79.6545,34.8149],[-79.6229,34.8268],[-79.6176,34.8396],[-79.6266,34.8523],[-79.616,34.8659],[-79.5619,34.9104],[-79.5684,34.9275],[-79.5817,34.9354],[-79.5856,34.9547],[-79.578,34.9724],[-79.5667,34.9794],[-79.5734,34.9922],[-79.5135,35.0246],[-79.4728,35.0353],[-79.4588,35.0436],[-79.4773,35.057],[-79.5013,35.0642],[-79.5496,35.0664],[-79.5651,35.0637],[-79.5828,35.084],[-79.5749,35.1019],[-79.5739,35.122],[-79.5853,35.1352],[-79.6063,35.149],[-79.6143,35.1637],[-79.6421,35.1577],[-79.6735,35.1754],[-79.698,35.1784],[-79.7136,35.1731],[-79.7337,35.1782],[-79.7495,35.173],[-79.7684,35.1772],[-79.792,35.176],[-79.8121,35.1799],[-79.8376,35.1778],[-79.8513,35.1839],[-79.8986,35.1617],[-79.9443,35.1642],[-79.9496,35.1575],[-79.9834,35.1585],[-80.0228,35.1372],[-80.0754,35.1431]]]},"properties":{"STATEFP":"37","COUNTYFP":"153","COUNTYNS":"01008581","GEOIDFQ":"0500000US37153","GEOID":"37153","NAME":"Richmond","NAMELSAD":"Richmond County","STUSPS":"NC","STATE_NAME":"North Carolina","LSAD":"06","ALAND":1226849527,"AWATER":15575098}},
{"type":"Feature","geometry":{"type":"Polygon","coordinates":[[[-77.731,35.0081],[-77.6748,34.9739],[-77.639,34.9845],[-77.5028,34.9696],[-77.3668,34.9087],[-77.3652,34.9236],[-77.3316,34.9392],[-77.3173,34.9324],[-77.3075,34.9372],[-77.2674,34.9255],[-77.2506,34.9017],[-77.2253,34.8873],[-77.2163,34.8728],[-77.2114,34.8528],[-77.1933,34.8319],[-77.1794,34.8299],[-77.1958,34.8094],[-77.166,34.785],[-77.1615,34.7934],[-77.1317,34.7981],[-77.1162,34.794],[-77.0961,34.7992],[-77.0783,34.8113],[-77.0472,34.8364],[-77.1089,34.8308],[-77.1048,34.9421],[-77.1031,35.0171],[-77.0989,35.0267],[-77.1102,35.0467],[-77.1096,35.0685],[-77.1305,35.0723],[-77.1475,35.0563],[-77.1645,35.0655],[-77.1793,35.0583],[-77.1894,35.0667],[-77.1877,35.0811],[-77.3292,35.1498],[-77.4523,35.219],[-77.4737,35.229],[-77.5272,35.243],[-77.5075,35.1728],[-77.6013,35.0714],[-77.731,35.0081]]]},"properties":{"STATEFP":"37","COUNTYFP":"103","COUNTYNS":"01026338","GEOIDFQ":"0500000US37103","GEOID":"37103","NAME":"Jones","NAMELSAD":"Jones County","STUSPS":"NC","STATE_NAME":"North Carolina","LSAD":"06","ALAND":1220836956,"AWATER":6031825}},
{"type":"Feature","geometry":{"type":"Polygon","coordinates":[[[-81.0823,33.0266],[-81.0647,33.0136],[-81.0533,32.9896],[-81.0206,32.964],[-81.0096,32.9401],[-80.9993,32.9312],[-80.9872,32.9011],[-80.9685,32.8906],[-80.9577,32.8761],[-80.9455,32.8764],[-80.9165,32.8508],[-80.9001,32.8326],[-80.8958,32.8106],[-80.8662,32.7756],[-80.8597,32.7526],[-80.8401,32.7166],[-80.8263,32.7043],[-80.8079,32.6894],[-80.7864,32.6875],[-80.7712,32.6769],[-80.7449,32.6742],[-80.7392,32.6823],[-80.7065,32.6732],[-80.7033,32.6646],[-80.6744,32.6724],[-80.6849,32.6561],[-80.6685,32.6228],[-80.6478,32.5964],[-80.6117,32.5899],[-80.5998,32.581],[-80.5864,32.5862],[-80.5762,32.5778],[-80.5828,32.5662],[-80.5515,32.5658],[-80.5365,32.5292],[-80.5178,32.5191],[-80.5029,32.4957],[-80.477,32.4854],[-80.4721,32.497],[-80.4441,32.5049],[-80.4186,32.4895],[-80.4135,32.4707],[-80.3926,32.4753],[-80.3877,32.483],[-80.3625,32.4956],[-80.3467,32.4945],[-80.3324,32.4781],[-80.2774,32.518],[-80.2544,32.5321],[-80.2797,32.5246],[-80.291,32.5273],[-80.3103,32.5138],[-80.3373,32.5261],[-80.343,32.5173],[-80.3246,32.5037],[-80.3267,32.4931],[-80.3513,32.4987],[-80.3815,32.5302],[-80.4149,32.5465],[-80.4123,32.5569],[-80.3937,32.5633],[-80.3891,32.5738],[-80.3971,32.5904],[-80.3871,32.6128],[-80.4032,32.6168],[-80.4162,32.6057],[-80.426,32.6115],[-80.4253,32.6267],[-80.4055,32.6289],[-80.4049,32.6524],[-80.4209,32.6701],[-80.4159,32.6947],[-80.4313,32.7226],[-80.4471,32.7284],[-80.4532,32.7391],[-80.4496,32.7572],[-80.4329,32.7785],[-80.436,32.7877],[-80.4077,32.8108],[-80.3993,32.8355],[-80.4013,32.8585],[-80.4033,32.8696],[-80.3933,32.8853],[-80.4064,32.9102],[-80.3984,32.9269],[-80.4076,32.9527],[-80.4188,32.9673],[-80.4087,32.9846],[-80.4065,33.019],[-80.3878,33.0328],[-80.4007,33.0528],[-80.412,33.0466],[-80.4408,33.0533],[-80.4517,33.0602],[-80.4748,33.0644],[-80.5097,33.0573],[-80.532,33.0697],[-80.5785,33.0573],[-80.6238,33.0669],[-80.6736,33.108],[-80.6916,33.1375],[-80.7132,33.1568],[-80.7374,33.1704],[-80.7535,33.1742],[-80.772,33.1716],[-80.7903,33.1808],[-80.7979,33.1769],[-80.8954,33.1253],[-80.889,33.1022],[-80.8769,33.0932],[-80.8906,33.0781],[-80.8961,33.0614],[-80.9161,33.0719],[-80.9372,33.1026],[-81.0823,33.0266]]]},"properties":{"STATEFP":"45","COUNTYFP":"029","COUNTYNS":"01247991","GEOIDFQ":"0500000US45029","GEOID":"45029","NAME":"Colleton","NAMELSAD":"Colleton County","STUSPS":"SC","STATE_NAME":"South Carolina","LSAD":"06","ALAND":2736217578,"AWATER":196986795}},
{"type":"Feature","geometry":{"type":"Polygon","coordinates":[[[-78.902,34.8353],[-78.8771,34.788],[-78.8636,34.77],[-78.8544,34.7357],[-78.8379,34.718],[-78.8219,34.7097],[-78.8058,34.6896],[-78.8094,34.6683],[-78.8181,34.6643],[-78.8198,34.6456],[-78.8344,34.6216],[-78.8315,34.6088],[-78.8435,34.5786],[-78.856,34.5721],[-78.8608,34.5522],[-78.8566,34.5241],[-78.8464,34.5041],[-78.8634,34.498],[-78.869,34.4848],[-78.8581,34.4744],[-78.8252,34.4618],[-78.6676,34.4696],[-78.6038,34.4411],[-78.5928,34.431],[-78.5527,34.4208],[-78.4453,34.3774],[-78.4201,34.3781],[-78.3969,34.3707],[-78.3657,34.3728],[-78.3351,34.3676],[-78.2561,34.3995],[-78.1765,34.4654],[-78.2042,34.4766],[-78.2089,34.4878],[-78.2356,34.4925],[-78.2553,34.5081],[-78.2558,34.5203],[-78.2722,34.5384],[-78.2544,34.5536],[-78.2517,34.562],[-78.2676,34.584],[-78.3027,34.6025],[-78.3213,34.6312],[-78.3127,34.6436],[-78.3264,34.6558],[-78.3237,34.6668],[-78.3425,34.68],[-78.3459,34.6885],[-78.3667,34.6931],[-78.3823,34.7173],[-78.3813,34.7244],[-78.3953,34.7511],[-78.4098,34.7652],[-78.4201,34.7659],[-78.4369,34.7842],[-78.4498,34.8135],[-78.4695,34.8304],[-78.4936,34.8431],[-78.4947,34.8562],[-78.5161,34.8459],[-78.5336,34.8511],[-78.8274,34.8507],[-78.902,34.8353]]]},"properties":{"STATEFP":"37","COUNTYFP":"017","COUNTYNS":"01026336","GEOIDFQ":"0500000US37017","GEOID":"37017","NAME":"Bladen","NAMELSAD":"Bladen County","STUSPS":"NC","STATE_NAME":"North Carolina","LSAD":"06","ALAND":2266124566,"AWATER":33022256}},
{"type":"Feature","geometry":{"type":"Polygon","coordinates":[[[-80.7903,33.1808],[-80.772,33.1716],[-80.7535,33.1742],[-80.7374,33.1704],[-80.7132,33.1568],[-80.6916,33.1375],[-80.6736,33.108],[-80.6238,33.0669],[-80.5785,33.0573],[-80.532,33.0697],[-80.5097,33.0573],[-80.4748,33.0644],[-80.4517,33.0602],[-80.4408,33.0533],[-80.412,33.0466],[-80.4007,33.0528],[-80.3878,33.0328],[-80.4065,33.019],[-80.4087,32.9846],[-80.4188,32.9673],[-80.4076,32.9527],[-80.3984,32.9269],[-80.4064,32.9102],[-80.3933,32.8853],[-80.4033,32.8696],[-80.4013,32.8585],[-80.2996,32.8514],[-80.2764,32.8436],[-80.1577,32.8182],[-80.1617,32.841],[-80.1837,32.8471],[-80.1857,32.8608],[-80.1767,32.8671],[-80.1635,32.8545],[-80.1448,32.8876],[-80.1055,32.8934],[-80.0977,32.887],[-80.0798,32.9282],[-80.1408,32.9798],[-80.1105,32.9855],[-80.1355,32.9989],[-80.146,32.9843],[-80.1676,33.0026],[-80.1602,33.0176],[-80.1492,33.0216],[-80.1643,33.0323],[-80.3359,33.1455],[-80.311,33.1584],[-80.2976,33.1818],[-80.3308,33.1984],[-80.3375,33.2283],[-80.3484,33.2489],[-80.3619,33.2574],[-80.3942,33.2647],[-80.4271,33.2578],[-80.4495,33.2695],[-80.4733,33.2737],[-80.4846,33.28],[-80.494,33.2975],[-80.4941,33.3212],[-80.5028,33.3345],[-80.7903,33.1808]]]},"properties":{"STATEFP":"45","COUNTYFP":"035","COUNTYNS":"01247998","GEOIDFQ":"0500000US45035","GEOID":"45035","NAME":"Dorchester","NAMELSAD":"Dorchester County","STUSPS":"SC","STATE_NAME":"South Carolina","LSAD":"06","ALAND":1472130993,"AWATER":6775985}},
{"type":"Feature","geometry":{"type":"Polygon","coordinates":[[[-81.5715,33.8773],[-81.5611,33.8628],[-81.5513,33.8608],[-81.5317,33.8309],[-81.515,33.8131],[-81.493,33.8094],[-81.4839,33.8018],[-81.4606,33.7973],[-81.4357,33.7757],[-81.4238,33.7415],[-81.4117,33.7307],[-81.3813,33.7252],[-81.3665,33.7287],[-81.3107,33.7085],[-81.2859,33.693],[-81.2414,33.678],[-81.2076,33.6589],[-81.1873,33.6529],[-81.0847,33.696],[-81.0429,33.7071],[-80.9915,33.7321],[-80.9785,33.7305],[-80.9557,33.7378],[-80.9456,33.7493],[-80.9263,33.7556],[-80.9336,33.7648],[-80.9619,33.779],[-81.014,33.7812],[-81.0329,33.7641],[-81.0361,33.7452],[-81.0585,33.7471],[-81.0592,33.7709],[-81.0475,33.7894],[-81.0382,33.8462],[-81.0379,33.8709],[-81.0123,33.8801],[-81.0214,33.8881],[-81.0088,33.9041],[-81.029,33.912],[-81.017,33.9309],[-81.0458,33.9766],[-81.0547,34.0008],[-81.0896,34.0134],[-81.1033,34.0235],[-81.1253,34.0557],[-81.1529,34.0776],[-81.1981,34.0963],[-81.2233,34.1008],[-81.2581,34.1019],[-81.2758,34.0974],[-81.315,34.1461],[-81.3023,34.1624],[-81.3145,34.1869],[-81.339,34.1976],[-81.3523,34.1967],[-81.3748,34.179],[-81.4037,34.1779],[-81.4372,34.13],[-81.3882,34.0793],[-81.3941,34.0715],[-81.4147,34.0742],[-81.4249,34.083],[-81.4449,34.0777],[-81.4655,34.0873],[-81.472,34.0766],[-81.5715,33.8773]]]},"properties":{"STATEFP":"45","COUNTYFP":"063","COUNTYNS":"01244251","GEOIDFQ":"0500000US45063","GEOID":"45063","NAME":"Lexington","NAMELSAD":"Lexington County","STUSPS":"SC","STATE_NAME":"South Carolina","LSAD":"06","ALAND":1809330225,"AWATER":151711176}},
{"type":"Feature","geometry":{"type":"Polygon","coordinates":[[[-80.2887,34.3641],[-80.2654,34.3446],[-80.2529,34.3407],[-80.2432,34.3245],[-80.2063,34.3391],[-80.1913,34.3667],[-80.1772,34.3662],[-80.175,34.3263],[-80.1646,34.3059],[-80.1354,34.2846],[-80.1358,34.2725],[-80.1117,34.2286],[-80.1127,34.197],[-80.1586,34.1616],[-80.1304,34.1259],[-80.1063,34.1133],[-80.0842,34.0911],[-80.0699,34.0862],[-79.8191,34.2453],[-79.7979,34.2547],[-79.7596,34.2461],[-79.7526,34.2506],[-79.7296,34.2952],[-79.6856,34.2844],[-79.6707,34.304],[-79.6578,34.3052],[-79.6616,34.3237],[-79.6764,34.3363],[-79.6866,34.3541],[-79.6737,34.3744],[-79.6909,34.3897],[-79.717,34.4034],[-79.7506,34.4368],[-79.7493,34.468],[-79.7328,34.4753],[-79.7219,34.488],[-79.7278,34.4968],[-79.7544,34.5041],[-79.7701,34.4963],[-79.7829,34.4978],[-79.8095,34.4861],[-79.8149,34.4972],[-79.8334,34.5103],[-79.83,34.5319],[-79.8361,34.5351],[-79.8594,34.5204],[-79.8636,34.5087],[-79.885,34.4911],[-79.9021,34.4892],[-79.9198,34.4958],[-79.9408,34.488],[-79.9654,34.4877],[-79.9815,34.5016],[-80.0265,34.4865],[-80.0455,34.4926],[-80.2886,34.3662],[-80.2887,34.3641]]]},"properties":{"STATEFP":"45","COUNTYFP":"031","COUNTYNS":"01247992","GEOIDFQ":"0500000US45031","GEOID":"45031","NAME":"Darlington","NAMELSAD":"Darlington County","STUSPS":"SC","STATE_NAME":"South Carolina","LSAD":"06","ALAND":1452022412,"AWATER":14563160}},
{"type":"Feature","geometry":{"type":"Polygon","coordinates":[[[-82.2754,35.7044],[-82.2887,35.6963],[-82.2949,35.6839],[-82.2805,35.6672],[-82.2867,35.6531],[-82.2818,35.6393],[-82.2645,35.6175],[-82.2804,35.6088],[-82.291,35.5913],[-82.2513,35.5599],[-82.22,35.5531],[-82.169,35.5278],[-82.1505,35.518],[-82.0826,35.5334],[-82.0398,35.5327],[-82.0208,35.5386],[-82.0027,35.5518],[-81.978,35.5306],[-81.9676,35.526],[-81.9331,35.5361],[-81.9209,35.5337],[-81.905,35.5419],[-81.8427,35.5423],[-81.8395,35.556],[-81.8241,35.575],[-81.8694,35.7196],[-81.9244,35.7618],[-81.9869,35.8069],[-81.9735,35.8212],[-81.9579,35.8193],[-81.9401,35.8374],[-81.925,35.8431],[-81.9067,35.8834],[-81.9103,35.9055],[-81.9285,35.9315],[-81.9256,35.937],[-81.9432,35.9601],[-81.963,35.9418],[-81.9546,35.9266],[-81.982,35.9114],[-81.9802,35.885],[-81.9973,35.874],[-82.0226,35.8849],[-82.0298,35.8675],[-82.048,35.8532],[-82.0737,35.8483],[-82.0994,35.8517],[-82.1008,35.8427],[-82.1335,35.8233],[-82.1479,35.804],[-82.1679,35.7891],[-82.1583,35.7796],[-82.1938,35.7351],[-82.2428,35.7124],[-82.2572,35.6993],[-82.2754,35.7044]]]},"properties":{"STATEFP":"37","COUNTYFP":"111","COUNTYNS":"01025836","GEOIDFQ":"0500000US37111","GEOID":"37111","NAME":"McDowell","NAMELSAD":"McDowell County","STUSPS":"NC","STATE_NAME":"North Carolina","LSAD":"06","ALAND":1139476684,"AWATER":13977729}},
{"type":"Feature","geometry":{"type":"Polygon","coordinates":[[[-76.4913,36.5107],[-76.4914,36.4686],[-76.4537,36.3781],[-76.4475,36.3636],[-76.3812,36.2759],[-76.3749,36.2587],[-76.3177,36.2404],[-76.3033,36.2217],[-76.2907,36.2235],[-76.2735,36.1908],[-76.2491,36.1849],[-76.2282,36.1585],[-76.2069,36.1375],[-76.1875,36.1254],[-76.1666,36.1237],[-76.1464,36.1301],[-76.1258,36.131],[-76.0717,36.1402],[-76.0593,36.1493],[-76.0801,36.1994],[-76.1172,36.2135],[-76.126,36.2329],[-76.1443,36.2589],[-76.1739,36.2636],[-76.1886,36.2797],[-76.2026,36.2862],[-76.2158,36.3002],[-76.2021,36.3047],[-76.1922,36.3281],[-76.2136,36.3269],[-76.2142,36.3416],[-76.2382,36.3716],[-76.2567,36.3633],[-76.2589,36.3843],[-76.2915,36.3866],[-76.3231,36.4173],[-76.3478,36.4225],[-76.3676,36.4314],[-76.3768,36.4459],[-76.4107,36.4563],[-76.4373,36.4678],[-76.4913,36.5107]]]},"properties":{"STATEFP":"37","COUNTYFP":"139","COUNTYNS":"01026330","GEOIDFQ":"0500000US37139","GEOID":"37139","NAME":"Pasquotank","NAMELSAD":"Pasquotank County","STUSPS":"NC","STATE_NAME":"North Carolina","LSAD":"06","ALAND":587610261,"AWATER":161751355}},
{"type":"Feature","geometry":{"type":"Polygon","coordinates":[[[-81.9432,35.9601],[-81.9256,35.937],[-81.9285,35.9315],[-81.9103,35.9055],[-81.9067,35.8834],[-81.925,35.8431],[-81.9401,35.8374],[-81.9579,35.8193],[-81.9735,35.8212],[-81.9869,35.8069],[-81.9244,35.7618],[-81.8694,35.7196],[-81.8241,35.575],[-81.7988,35.58],[-81.7941,35.5932],[-81.7722,35.5929],[-81.7661,35.607],[-81.7534,35.6136],[-81.733,35.6018],[-81.7217,35.6063],[-81.7057,35.5812],[-81.692,35.58],[-81.6706,35.5666],[-81.649,35.5616],[-81.6347,35.5654],[-81.5805,35.5675],[-81.5732,35.5587],[-81.5376,35.5642],[-81.5354,35.5681],[-81.5068,35.608],[-81.4329,35.6778],[-81.3638,35.7678],[-81.3771,35.7576],[-81.3992,35.7586],[-81.4084,35.7654],[-81.4422,35.7744],[-81.446,35.7852],[-81.4903,35.7805],[-81.556,35.7775],[-81.6008,35.8251],[-81.6104,35.8196],[-81.6301,35.8304],[-81.6392,35.8483],[-81.7098,35.875],[-81.7287,35.891],[-81.7525,35.9244],[-81.7754,35.9336],[-81.7791,35.9467],[-81.8005,35.9531],[-81.8072,35.962],[-81.8317,35.9671],[-81.8445,35.975],[-81.87,35.9763],[-81.8814,35.9929],[-81.8999,35.9999],[-81.9432,35.9601]]]},"properties":{"STATEFP":"37","COUNTYFP":"023","COUNTYNS":"01008539","GEOIDFQ":"0500000US37023","GEOID":"37023","NAME":"Burke","NAMELSAD":"Burke County","STUSPS":"NC","STATE_NAME":"North Carolina","LSAD":"06","ALAND":1311146878,"AWATER":20719897}},
{"type":"Feature","geometry":{"type":"Polygon","coordinates":[[[-80.1017,33.4969],[-80.0822,33.5057],[-80.0366,33.5068],[-80.0121,33.5052],[-79.9863,33.4979],[-79.9646,33.4986],[-79.9516,33.4869],[-79.9154,33.4642],[-79.9102,33.4557],[-79.8941,33.4537],[-79.8802,33.4428],[-79.8776,33.4285],[-79.8635,33.4192],[-79.8548,33.4029],[-79.8139,33.3823],[-79.807,33.3726],[-79.794,33.3777],[-79.7412,33.3223],[-79.7096,33.3212],[-79.677,33.3049],[-79.6809,33.3196],[-79.6772,33.3368],[-79.6535,33.3607],[-79.6344,33.3721],[-79.6256,33.3897],[-79.6026,33.4183],[-79.596,33.4215],[-79.5901,33.4435],[-79.545,33.4872],[-79.5381,33.4969],[-79.4931,33.5208],[-79.4833,33.5368],[-79.4359,33.5725],[-79.4425,33.596],[-79.4303,33.629],[-79.4196,33.6494],[-79.4185,33.6673],[-79.41,33.6879],[-79.3923,33.7122],[-79.3747,33.7248],[-79.3466,33.7553],[-79.3324,33.7771],[-79.317,33.7799],[-79.3243,33.7991],[-79.3404,33.8028],[-79.3522,33.8151],[-79.3826,33.8186],[-79.3993,33.8006],[-79.4099,33.8016],[-79.4333,33.7929],[-79.4415,33.7844],[-79.4733,33.7837],[-79.4965,33.7754],[-79.6349,33.8084],[-79.6518,33.8141],[-79.6786,33.8141],[-79.688,33.8049],[-79.6996,33.814],[-79.7249,33.8146],[-79.7434,33.8351],[-79.7984,33.8356],[-79.8349,33.8826],[-79.8549,33.8917],[-79.8756,33.8852],[-79.9153,33.8186],[-79.9445,33.8102],[-79.9956,33.7679],[-79.9744,33.7216],[-79.9932,33.7045],[-80.0209,33.6458],[-80.0543,33.5826],[-80.1017,33.4969]]]},"properties":{"STATEFP":"45","COUNTYFP":"089","COUNTYNS":"01248018","GEOIDFQ":"0500000US45089","GEOID":"45089","NAME":"Williamsburg","NAMELSAD":"Williamsburg County","STUSPS":"SC","STATE_NAME":"South Carolina","LSAD":"06","ALAND":2419477850,"AWATER":7461200}},
{"type":"Feature","geometry":{"type":"Polygon","coordinates":[[[-82.8985,35.9451],[-82.899,35.9304],[-82.9133,35.9241],[-82.8963,35.8803],[-82.9013,35.8726],[-82.9206,35.8685],[-82.9166,35.8414],[-82.9319,35.8364],[-82.9455,35.8247],[-82.9617,35.8005],[-82.9629,35.7917],[-82.9524,35.7762],[-82.9497,35.7394],[-82.9176,35.7448],[-82.9077,35.728],[-82.9104,35.7162],[-82.8986,35.7037],[-82.899,35.6859],[-82.8839,35.6782],[-82.8445,35.7007],[-82.8391,35.6937],[-82.8071,35.6859],[-82.7947,35.6959],[-82.754,35.7035],[-82.7447,35.7148],[-82.7138,35.7178],[-82.7071,35.7322],[-82.6698,35.7258],[-82.6677,35.7378],[-82.5399,35.7917],[-82.5163,35.8026],[-82.4758,35.7983],[-82.4613,35.8098],[-82.4345,35.8092],[-82.4086,35.8182],[-82.4196,35.8433],[-82.4175,35.8592],[-82.4392,35.8792],[-82.4487,35.8969],[-82.4751,35.9092],[-82.4949,35.9103],[-82.4979,35.9252],[-82.4885,35.9423],[-82.5055,35.9777],[-82.5497,35.9643],[-82.5579,35.9539],[-82.5777,35.9642],[-82.6109,35.9674],[-82.6042,35.9873],[-82.6151,36.0003],[-82.6018,36.0243],[-82.6029,36.0398],[-82.6323,36.0657],[-82.6836,36.0461],[-82.6889,36.0386],[-82.7152,36.0286],[-82.7501,36.006],[-82.776,36.0001],[-82.7853,35.9879],[-82.7831,35.965],[-82.7875,35.9522],[-82.8059,35.9379],[-82.826,35.9297],[-82.8526,35.9491],[-82.8742,35.9527],[-82.8985,35.9451]]]},"properties":{"STATEFP":"37","COUNTYFP":"115","COUNTYNS":"01025834","GEOIDFQ":"0500000US37115","GEOID":"37115","NAME":"Madison","NAMELSAD":"Madison County","STUSPS":"NC","STATE_NAME":"North Carolina","LSAD":"06","ALAND":1164498324,"AWATER":4840167}},
{"type":"Feature","geometry":{"type":"Polygon","coordinates":[[[-82.5945,34.0139],[-82.5886,33.9998],[-82.5762,33.993],[-82.5805,33.9821],[-82.5645,33.9557],[-82.5431,33.9409],[-82.5245,33.9434],[-82.5129,33.937],[-82.4929,33.9098],[-82.4551,33.8817],[-82.4292,33.8658],[-82.4084,33.8663],[-82.3688,33.8423],[-82.3462,33.8338],[-82.3245,33.82],[-82.2993,33.7989],[-82.299,33.7845],[-82.2475,33.7526],[-82.2391,33.7309],[-82.2346,33.7002],[-82.2186,33.6863],[-82.1998,33.6618],[-82.1966,33.6306],[-82.1762,33.6138],[-82.1583,33.6097],[-82.1488,33.5981],[-82.1335,33.5905],[-82.1153,33.5966],[-82.0955,33.6339],[-82.1105,33.6553],[-82.1317,33.6595],[-82.1345,33.6739],[-82.1453,33.6861],[-82.1658,33.6901],[-82.1829,33.7237],[-82.1642,33.7434],[-82.1727,33.7655],[-82.1568,33.7879],[-82.1439,33.7949],[-82.1235,33.8278],[-82.1246,33.842],[-82.1546,33.8817],[-82.1591,33.898],[-82.1483,33.9028],[-82.1556,33.9289],[-82.047,33.9532],[-82.0451,33.9834],[-82.0761,33.9788],[-82.1511,33.9865],[-82.1677,33.9731],[-82.2003,33.9786],[-82.2299,33.9999],[-82.2437,34.0179],[-82.2912,33.9803],[-82.3059,33.9718],[-82.3269,34.0641],[-82.3766,34.0574],[-82.4527,34.0603],[-82.4836,34.0812],[-82.4996,34.0721],[-82.5305,34.0719],[-82.5945,34.0139]]]},"properties":{"STATEFP":"45","COUNTYFP":"065","COUNTYNS":"01248012","GEOIDFQ":"0500000US45065","GEOID":"45065","NAME":"McCormick","NAMELSAD":"McCormick County","STUSPS":"SC","STATE_NAME":"South Carolina","LSAD":"06","ALAND":929521239,"AWATER":89977092}},
{"type":"Feature","geometry":{"type":"Polygon","coordinates":[[[-81.2813,32.5564],[-81.2724,32.5304],[-81.2529,32.5183],[-81.2431,32.5202],[-81.2336,32.4985],[-81.2,32.468],[-81.2084,32.437],[-81.2055,32.4236],[-81.1787,32.3936],[-81.1818,32.3793],[-81.1679,32.3683],[-81.1616,32.3504],[-81.1415,32.3503],[-81.1314,32.3359],[-81.1298,32.314],[-81.1223,32.3054],[-81.1257,32.2837],[-81.1471,32.2496],[-81.1566,32.2439],[-81.1447,32.2263],[-81.1231,32.2013],[-81.1179,32.1853],[-81.1281,32.1691],[-81.1143,32.152],[-81.1199,32.134],[-81.1154,32.1147],[-81.0912,32.1109],[-81.0883,32.0999],[-81.0596,32.0886],[-81.0381,32.0837],[-81.0174,32.0988],[-81.0043,32.1024],[-80.9921,32.0949],[-80.9835,32.0795],[-80.9539,32.0701],[-80.9251,32.0419],[-80.9077,32.0382],[-80.908,32.0483],[-80.8793,32.081],[-80.9081,32.0782],[-80.9102,32.0879],[-80.8966,32.1025],[-80.9006,32.1116],[-80.9269,32.1195],[-80.9126,32.1276],[-80.9413,32.1373],[-80.9615,32.1262],[-80.9693,32.1432],[-80.9544,32.1489],[-80.9502,32.1668],[-80.9648,32.1854],[-80.9785,32.186],[-81.0001,32.1961],[-81.0124,32.2182],[-81.0161,32.2443],[-81.0049,32.2507],[-80.9925,32.2727],[-80.9942,32.2906],[-81.0064,32.3065],[-80.9817,32.3059],[-80.9349,32.3001],[-80.9341,32.3212],[-80.9219,32.3518],[-80.8921,32.3537],[-80.8776,32.3459],[-80.8737,32.3691],[-80.8415,32.3851],[-80.8429,32.3934],[-80.8295,32.4118],[-80.848,32.4116],[-80.8477,32.429],[-80.8302,32.4621],[-80.8187,32.4639],[-80.8202,32.4908],[-80.836,32.5182],[-80.8477,32.5301],[-80.8379,32.5393],[-80.8392,32.5575],[-80.8315,32.5934],[-80.8365,32.6088],[-80.8484,32.6149],[-80.848,32.6297],[-80.8634,32.6462],[-80.8697,32.6609],[-80.9024,32.6216],[-80.9183,32.6264],[-80.929,32.6363],[-80.9587,32.6425],[-80.963,32.6522],[-80.95,32.6615],[-80.9459,32.6873],[-80.9642,32.6947],[-80.9765,32.7209],[-80.9953,32.7305],[-81.0146,32.7531],[-81.0988,32.6887],[-81.2072,32.6105],[-81.2226,32.6038],[-81.2813,32.5564]]]},"properties":{"STATEFP":"45","COUNTYFP":"053","COUNTYNS":"01248006","GEOIDFQ":"0500000US45053","GEOID":"45053","NAME":"Jasper","NAMELSAD":"Jasper County","STUSPS":"SC","STATE_NAME":"South Carolina","LSAD":"06","ALAND":1696790801,"AWATER":120163761}},
{"type":"Feature","geometry":{"type":"Polygon","coordinates":[[[-78.9061,35.8681],[-78.9094,35.843],[-78.9309,35.7944],[-78.9363,35.7719],[-78.9559,35.7161],[-78.995,35.6102],[-78.9161,35.5841],[-78.7089,35.5195],[-78.5979,35.6047],[-78.4829,35.6942],[-78.3655,35.7562],[-78.256,35.8181],[-78.2544,35.8291],[-78.2698,35.8453],[-78.278,35.8673],[-78.3076,35.8949],[-78.3315,35.8979],[-78.351,35.9101],[-78.3533,35.9311],[-78.3943,35.9369],[-78.4269,35.975],[-78.4935,36.0027],[-78.5464,36.0218],[-78.6036,36.0424],[-78.6832,36.0745],[-78.7188,36.0759],[-78.7513,36.0708],[-78.7536,36.0314],[-78.7402,36.0236],[-78.72,36.0296],[-78.7074,36.0111],[-78.6998,36.0114],[-78.717,35.9613],[-78.7591,35.9184],[-78.8048,35.9276],[-78.83,35.867],[-78.9061,35.8681]]]},"properties":{"STATEFP":"37","COUNTYFP":"183","COUNTYNS":"01008592","GEOIDFQ":"0500000US37183","GEOID":"37183","NAME":"Wake","NAMELSAD":"Wake County","STUSPS":"NC","STATE_NAME":"North Carolina","LSAD":"06","ALAND":2161621264,"AWATER":58029945}},
{"type":"Feature","geometry":{"type":"Polygon","coordinates":[[[-80.0432,36.0108],[-80.0469,35.9207],[-79.7383,35.9078],[-79.5417,35.8999],[-79.5392,36.0826],[-79.5364,36.1628],[-79.5324,36.2415],[-79.7006,36.2459],[-79.9231,36.2539],[-80.0351,36.2572],[-80.0432,36.0108]]]},"properties":{"STATEFP":"37","COUNTYFP":"081","COUNTYNS":"01008558","GEOIDFQ":"0500000US37081","GEOID":"37081","NAME":"Guilford","NAMELSAD":"Guilford County","STUSPS":"NC","STATE_NAME":"North Carolina","LSAD":"06","ALAND":1673100202,"AWATER":30270170}},
{"type":"Feature","geometry":{"type":"Polygon","coordinates":[[[-78.0648,35.5853],[-78.1549,35.4178],[-78.1537,35.392],[-78.1459,35.3829],[-78.1624,35.3672],[-78.1533,35.3556],[-78.1588,35.3475],[-78.2093,35.3398],[-78.2342,35.3232],[-78.2568,35.3256],[-78.276,35.3151],[-78.2897,35.3151],[-78.3066,35.2876],[-78.2462,35.226],[-78.1618,35.2043],[-78.1634,35.1897],[-78.0774,35.1751],[-78.0445,35.1925],[-78.0202,35.1937],[-77.9946,35.1832],[-77.978,35.1703],[-77.9535,35.1655],[-77.9297,35.1736],[-77.9145,35.1669],[-77.8971,35.1484],[-77.8837,35.1624],[-77.8342,35.1778],[-77.8242,35.3438],[-77.8062,35.3688],[-77.7999,35.3823],[-77.8055,35.4075],[-77.8267,35.4241],[-77.8225,35.5854],[-77.8244,35.5865],[-77.9984,35.5856],[-78.058,35.5978],[-78.0648,35.5853]]]},"properties":{"STATEFP":"37","COUNTYFP":"191","COUNTYNS":"01026128","GEOIDFQ":"0500000US37191","GEOID":"37191","NAME":"Wayne","NAMELSAD":"Wayne County","STUSPS":"NC","STATE_NAME":"North Carolina","LSAD":"06","ALAND":1434651140,"AWATER":9842326}},
{"type":"Feature","geometry":{"type":"Polygon","coordinates":[[[-80.0469,35.9207],[-80.0564,35.7501],[-80.0629,35.6126],[-80.0668,35.5057],[-79.9014,35.5099],[-79.768,35.5115],[-79.5558,35.515],[-79.5532,35.5993],[-79.5467,35.709],[-79.5424,35.8433],[-79.5417,35.8999],[-79.7383,35.9078],[-80.0469,35.9207]]]},"properties":{"STATEFP":"37","COUNTYFP":"151","COUNTYNS":"01008580","GEOIDFQ":"0500000US37151","GEOID":"37151","NAME":"Randolph","NAMELSAD":"Randolph County","STUSPS":"NC","STATE_NAME":"North Carolina","LSAD":"06","ALAND":2026239779,"AWATER":19706168}},
{"type":"Feature","geometry":{"type":"Polygon","coordinates":[[[-80.4403,36.5506],[-80.4483,36.4059],[-80.4519,36.2615],[-80.3105,36.2603],[-80.0351,36.2572],[-80.0273,36.5425],[-80.0535,36.5425],[-80.2952,36.544],[-80.4403,36.5506]]]},"properties":{"STATEFP":"37","COUNTYFP":"169","COUNTYNS":"01008586","GEOIDFQ":"0500000US37169","GEOID":"37169","NAME":"Stokes","NAMELSAD":"Stokes County","STUSPS":"NC","STATE_NAME":"North Carolina","LSAD":"06","ALAND":1163740817,"AWATER":17577923}},
{"type":"Feature","geometry":{"type":"Polygon","coordinates":[[[-80.8732,36.2363],[-80.8816,36.0557],[-80.6932,36.0513],[-80.5984,36.0477],[-80.4963,36.0465],[-80.5066,36.0539],[-80.5167,36.084],[-80.5065,36.1086],[-80.488,36.1161],[-80.463,36.1179],[-80.4394,36.1369],[-80.4425,36.1572],[-80.4369,36.1685],[-80.4396,36.1905],[-80.4464,36.2065],[-80.4323,36.2162],[-80.4374,36.2298],[-80.4527,36.2417],[-80.4667,36.2598],[-80.483,36.256],[-80.5318,36.258],[-80.537,36.28],[-80.548,36.2854],[-80.57,36.281],[-80.5928,36.2699],[-80.6162,36.2804],[-80.643,36.2726],[-80.6533,36.2526],[-80.6698,36.251],[-80.6846,36.2688],[-80.7299,36.267],[-80.7418,36.2778],[-80.7523,36.2633],[-80.7687,36.275],[-80.7787,36.2718],[-80.7784,36.2569],[-80.7972,36.248],[-80.8084,36.2543],[-80.8501,36.2408],[-80.8732,36.2363]]]},"properties":{"STATEFP":"37","COUNTYFP":"197","COUNTYNS":"01008597","GEOIDFQ":"0500000US37197","GEOID":"37197","NAME":"Yadkin","NAMELSAD":"Yadkin County","STUSPS":"NC","STATE_NAME":"North Carolina","LSAD":"06","ALAND":867498039,"AWATER":7176192}},
{"type":"Feature","geometry":{"type":"Polygon","coordinates":[[[-82.047,33.9532],[-82.1556,33.9289],[-82.1483,33.9028],[-82.1591,33.898],[-82.1546,33.8817],[-82.1246,33.842],[-82.1235,33.8278],[-82.1439,33.7949],[-82.1568,33.7879],[-82.1727,33.7655],[-82.1642,33.7434],[-82.1829,33.7237],[-82.1658,33.6901],[-82.1453,33.6861],[-82.1345,33.6739],[-82.1317,33.6595],[-82.1105,33.6553],[-82.0955,33.6339],[-82.1153,33.5966],[-82.0941,33.5827],[-82.0731,33.5775],[-82.0463,33.5638],[-82.0282,33.5449],[-82.0125,33.5321],[-81.8188,33.6836],[-81.6518,33.8145],[-81.7766,33.846],[-81.8246,33.8673],[-81.8368,33.8665],[-81.8704,33.892],[-81.8946,33.9754],[-81.932,33.9769],[-82.0083,33.9616],[-82.047,33.9532]]]},"properties":{"STATEFP":"45","COUNTYFP":"037","COUNTYNS":"01247999","GEOIDFQ":"0500000US45037","GEOID":"45037","NAME":"Edgefield","NAMELSAD":"Edgefield County","STUSPS":"SC","STATE_NAME":"South Carolina","LSAD":"06","ALAND":1296776317,"AWATER":16307326}},
{"type":"Feature","geometry":{"type":"Polygon","coordinates":[[[-81.4227,34.572],[-81.4275,34.5295],[-81.4232,34.4944],[-81.4129,34.4679],[-81.4212,34.4538],[-81.3979,34.4009],[-81.3948,34.3871],[-81.3715,34.3504],[-81.3665,34.3258],[-81.354,34.3029],[-81.3397,34.29],[-81.3423,34.2669],[-81.3284,34.257],[-81.3169,34.2395],[-81.2796,34.2306],[-81.2513,34.2029],[-81.2264,34.2057],[-81.1783,34.1746],[-81.1794,34.1871],[-81.1689,34.1944],[-81.1812,34.2203],[-81.0959,34.2139],[-81.0833,34.2248],[-81.0392,34.2325],[-80.9619,34.252],[-80.8259,34.2688],[-80.7699,34.3771],[-80.7814,34.3859],[-80.7832,34.4065],[-80.7935,34.4133],[-80.8257,34.4119],[-80.8386,34.419],[-80.8792,34.4578],[-80.8882,34.4679],[-80.8972,34.4917],[-80.8817,34.5001],[-80.8762,34.525],[-80.8776,34.5432],[-81.0049,34.548],[-81.06,34.5532],[-81.2451,34.5638],[-81.4227,34.572]]]},"properties":{"STATEFP":"45","COUNTYFP":"039","COUNTYNS":"01248000","GEOIDFQ":"0500000US45039","GEOID":"45039","NAME":"Fairfield","NAMELSAD":"Fairfield County","STUSPS":"SC","STATE_NAME":"South Carolina","LSAD":"06","ALAND":1777525447,"AWATER":61045167}},
{"type":"Feature","geometry":{"type":"Polygon","coordinates":[[[-83.3523,34.7162],[-83.3382,34.6872],[-83.3046,34.6696],[-83.2932,34.6543],[-83.2709,34.6416],[-83.2545,34.6371],[-83.2313,34.6112],[-83.2088,34.6107],[-83.1952,34.6034],[-83.1697,34.6074],[-83.1683,34.591],[-83.1432,34.5734],[-83.1405,34.5624],[-83.1102,34.5471],[-83.1033,34.5367],[-83.0849,34.531],[-83.0798,34.5145],[-83.0695,34.5021],[-83.0514,34.4939],[-82.9992,34.4724],[-82.9922,34.4792],[-82.8555,34.6091],[-82.8451,34.6185],[-82.844,34.6195],[-82.842,34.6215],[-82.84,34.6233],[-82.8389,34.6572],[-82.8512,34.6685],[-82.8538,34.6899],[-82.8599,34.698],[-82.8556,34.7253],[-82.873,34.7366],[-82.8964,34.7366],[-82.8873,34.7753],[-82.8803,34.7817],[-82.8972,34.8052],[-82.9011,34.8232],[-82.8961,34.8369],[-82.9047,34.8596],[-82.9067,34.8863],[-82.9003,34.9024],[-82.9084,34.9189],[-82.9033,34.935],[-82.9192,34.9599],[-82.9159,34.9724],[-82.9386,34.9809],[-82.9379,34.9958],[-82.9204,35.0151],[-82.8976,35.056],[-83.0087,35.0276],[-83.1086,35.0014],[-83.1096,35.0012],[-83.0988,34.992],[-83.1204,34.9684],[-83.1203,34.9532],[-83.1117,34.9359],[-83.1564,34.9171],[-83.1691,34.9188],[-83.2063,34.8797],[-83.2174,34.8824],[-83.2431,34.8774],[-83.2557,34.8442],[-83.2724,34.8347],[-83.2683,34.8211],[-83.29,34.8185],[-83.3032,34.8022],[-83.3241,34.7875],[-83.3193,34.7649],[-83.3263,34.7508],[-83.3491,34.7366],[-83.3523,34.7162]]]},"properties":{"STATEFP":"45","COUNTYFP":"073","COUNTYNS":"01244832","GEOIDFQ":"0500000US45073","GEOID":"45073","NAME":"Oconee","NAMELSAD":"Oconee County","STUSPS":"SC","STATE_NAME":"South Carolina","LSAD":"06","ALAND":1622797504,"AWATER":121709713}},
{"type":"Feature","geometry":{"type":"Polygon","coordinates":[[[-80.9017,36.5617],[-80.927,36.5011],[-80.9639,36.4593],[-80.9736,36.4535],[-80.9472,36.4191],[-80.9672,36.402],[-80.9573,36.3877],[-80.9314,36.3669],[-80.9058,36.3611],[-80.8931,36.3409],[-80.8687,36.3264],[-80.8732,36.2363],[-80.8501,36.2408],[-80.8084,36.2543],[-80.7972,36.248],[-80.7784,36.2569],[-80.7787,36.2718],[-80.7687,36.275],[-80.7523,36.2633],[-80.7418,36.2778],[-80.7299,36.267],[-80.6846,36.2688],[-80.6698,36.251],[-80.6533,36.2526],[-80.643,36.2726],[-80.6162,36.2804],[-80.5928,36.2699],[-80.57,36.281],[-80.548,36.2854],[-80.537,36.28],[-80.5318,36.258],[-80.483,36.256],[-80.4667,36.2598],[-80.4527,36.2417],[-80.4519,36.2615],[-80.4483,36.4059],[-80.4403,36.5506],[-80.6121,36.5579],[-80.7048,36.5623],[-80.838,36.5591],[-80.9017,36.5617]]]},"properties":{"STATEFP":"37","COUNTYFP":"171","COUNTYNS":"01008587","GEOIDFQ":"0500000US37171","GEOID":"37171","NAME":"Surry","NAMELSAD":"Surry County","STUSPS":"NC","STATE_NAME":"North Carolina","LSAD":"06","ALAND":1379541809,"AWATER":10392704}},
{"type":"Feature","geometry":{"type":"Polygon","coordinates":[[[-81.7681,35.1804],[-81.5817,35.1731],[-81.3666,35.1649],[-81.328,35.1634],[-81.3237,35.1896],[-81.3243,35.2411],[-81.3217,35.2604],[-81.3535,35.2774],[-81.3551,35.2944],[-81.3666,35.3149],[-81.3567,35.3306],[-81.3989,35.3531],[-81.4556,35.4198],[-81.4814,35.4715],[-81.513,35.5233],[-81.5092,35.5504],[-81.5154,35.5583],[-81.5376,35.5642],[-81.5732,35.5587],[-81.5805,35.5675],[-81.6347,35.5654],[-81.649,35.5616],[-81.6706,35.5666],[-81.692,35.58],[-81.6938,35.5155],[-81.7029,35.3573],[-81.7595,35.2226],[-81.7681,35.1804]]]},"properties":{"STATEFP":"37","COUNTYFP":"045","COUNTYNS":"01008547","GEOIDFQ":"0500000US37045","GEOID":"37045","NAME":"Cleveland","NAMELSAD":"Cleveland County","STUSPS":"NC","STATE_NAME":"North Carolina","LSAD":"06","ALAND":1202409706,"AWATER":10168594}},
{"type":"Feature","geometry":{"type":"Polygon","coordinates":[[[-79.5417,35.8999],[-79.5424,35.8433],[-79.2373,35.8442],[-79.2504,35.857],[-79.2495,35.8768],[-79.264,35.9141],[-79.263,36.0059],[-79.2604,36.0943],[-79.258,36.2434],[-79.5319,36.2497],[-79.5324,36.2415],[-79.5364,36.1628],[-79.5392,36.0826],[-79.5417,35.8999]]]},"properties":{"STATEFP":"37","COUNTYFP":"001","COUNTYNS":"01008531","GEOIDFQ":"0500000US37001","GEOID":"37001","NAME":"Alamance","NAMELSAD":"Alamance County","STUSPS":"NC","STATE_NAME":"North Carolina","LSAD":"06","ALAND":1096763237,"AWATER":27913357}},
{"type":"Feature","geometry":{"type":"Polygon","coordinates":[[[-78.9506,36.2393],[-78.9857,36.0393],[-79.0163,35.8632],[-78.9061,35.8681],[-78.83,35.867],[-78.8048,35.9276],[-78.7591,35.9184],[-78.717,35.9613],[-78.6998,36.0114],[-78.7074,36.0111],[-78.72,36.0296],[-78.7402,36.0236],[-78.7536,36.0314],[-78.7513,36.0708],[-78.7817,36.0716],[-78.8047,36.0946],[-78.8023,36.2358],[-78.9506,36.2393]]]},"properties":{"STATEFP":"37","COUNTYFP":"063","COUNTYNS":"01008550","GEOIDFQ":"0500000US37063","GEOID":"37063","NAME":"Durham","NAMELSAD":"Durham County","STUSPS":"NC","STATE_NAME":"North Carolina","LSAD":"06","ALAND":744748241,"AWATER":26712251}},
{"type":"Feature","geometry":{"type":"Polygon","coordinates":[[[-81.3638,35.7678],[-81.4329,35.6778],[-81.5068,35.608],[-81.5354,35.5681],[-81.3337,35.5611],[-81.2453,35.5572],[-81.0156,35.5486],[-80.96,35.547],[-80.9513,35.5813],[-80.9336,35.5909],[-80.9435,35.6049],[-80.9255,35.6209],[-80.9507,35.641],[-80.9667,35.671],[-80.9815,35.6817],[-80.9944,35.7021],[-81.0177,35.7127],[-81.0356,35.7081],[-81.0602,35.7103],[-81.0693,35.7395],[-81.1095,35.7766],[-81.1286,35.7898],[-81.1297,35.8006],[-81.1415,35.8136],[-81.1423,35.8272],[-81.1961,35.8212],[-81.2051,35.8228],[-81.2258,35.8095],[-81.249,35.8157],[-81.255,35.8083],[-81.279,35.8063],[-81.2981,35.7982],[-81.3343,35.7963],[-81.3432,35.7956],[-81.3638,35.7678]]]},"properties":{"STATEFP":"37","COUNTYFP":"035","COUNTYNS":"01008543","GEOIDFQ":"0500000US37035","GEOID":"37035","NAME":"Catawba","NAMELSAD":"Catawba County","STUSPS":"NC","STATE_NAME":"North Carolina","LSAD":"06","ALAND":1039552776,"AWATER":37943182}},
{"type":"Feature","geometry":{"type":"Polygon","coordinates":[[[-81.5354,35.5681],[-81.5376,35.5642],[-81.5154,35.5583],[-81.5092,35.5504],[-81.513,35.5233],[-81.4814,35.4715],[-81.4556,35.4198],[-81.2175,35.4109],[-81.0114,35.4036],[-80.9549,35.4001],[-80.9587,35.4326],[-80.9425,35.4577],[-80.9518,35.4689],[-80.9473,35.4885],[-80.9621,35.4987],[-80.9555,35.5325],[-80.96,35.547],[-81.0156,35.5486],[-81.2453,35.5572],[-81.3337,35.5611],[-81.5354,35.5681]]]},"properties":{"STATEFP":"37","COUNTYFP":"109","COUNTYNS":"01008569","GEOIDFQ":"0500000US37109","GEOID":"37109","NAME":"Lincoln","NAMELSAD":"Lincoln County","STUSPS":"NC","STATE_NAME":"North Carolina","LSAD":"06","ALAND":766251553,"AWATER":23338524}},
{"type":"Feature","geometry":{"type":"Polygon","coordinates":[[[-79.6334,34.298],[-79.6239,34.3006],[-79.601,34.2905],[-79.5621,34.2585],[-79.5479,34.2309],[-79.5543,34.2476],[-79.5244,34.2516],[-79.5032,34.2652],[-79.4963,34.2748],[-79.4791,34.2786],[-79.4807,34.2881],[-79.4281,34.2946],[-79.411,34.3002],[-79.3803,34.3006],[-79.3647,34.2958],[-79.3054,34.2693],[-79.2944,34.277],[-79.2719,34.2698],[-79.2595,34.259],[-79.2394,34.2543],[-79.2143,34.2555],[-79.1735,34.2875],[-79.1282,34.2537],[-79.1085,34.2731],[-79.0885,34.2837],[-79.0713,34.2993],[-79.2498,34.4498],[-79.3583,34.5454],[-79.45,34.621],[-79.5257,34.4882],[-79.6334,34.298]]]},"properties":{"STATEFP":"45","COUNTYFP":"033","COUNTYNS":"01247993","GEOIDFQ":"0500000US45033","GEOID":"45033","NAME":"Dillon","NAMELSAD":"Dillon County","STUSPS":"SC","STATE_NAME":"South Carolina","LSAD":"06","ALAND":1049143220,"AWATER":4515866}},
{"type":"Feature","geometry":{"type":"Polygon","coordinates":[[[-80.5503,35.2084],[-80.6986,35.0896],[-80.7676,35.0363],[-80.8045,35.0277],[-80.8404,35.0016],[-80.782,34.9358],[-80.7975,34.8198],[-80.5617,34.8175],[-80.4998,34.8173],[-80.3208,34.8141],[-80.3024,34.9746],[-80.2768,35.1957],[-80.2967,35.1934],[-80.3043,35.1831],[-80.3404,35.1741],[-80.3576,35.1649],[-80.3686,35.1791],[-80.3883,35.1659],[-80.413,35.1638],[-80.4193,35.1729],[-80.4399,35.161],[-80.4704,35.1673],[-80.505,35.185],[-80.5503,35.2084]]]},"properties":{"STATEFP":"37","COUNTYFP":"179","COUNTYNS":"01008590","GEOIDFQ":"0500000US37179","GEOID":"37179","NAME":"Union","NAMELSAD":"Union County","STUSPS":"NC","STATE_NAME":"North Carolina","LSAD":"06","ALAND":1638787125,"AWATER":17883271}},
{"type":"Feature","geometry":{"type":"Polygon","coordinates":[[[-82.0809,36.1058],[-82.068,36.064],[-82.0392,36.0078],[-82.0551,35.9995],[-82.0588,35.9872],[-82.0484,35.964],[-82.0341,35.9421],[-81.982,35.9114],[-81.9546,35.9266],[-81.963,35.9418],[-81.9432,35.9601],[-81.8999,35.9999],[-81.8814,35.9929],[-81.87,35.9763],[-81.8445,35.975],[-81.8317,35.9671],[-81.8072,35.962],[-81.7357,36.0676],[-81.7537,36.0727],[-81.7662,36.0933],[-81.8105,36.1115],[-81.8294,36.169],[-81.8568,36.1937],[-81.8854,36.1895],[-81.909,36.2164],[-81.9077,36.2386],[-81.897,36.2427],[-81.8937,36.2638],[-81.9005,36.2811],[-81.9181,36.2871],[-81.933,36.2648],[-81.9601,36.2281],[-82.0331,36.1204],[-82.0541,36.1268],[-82.0613,36.1131],[-82.0809,36.1058]]]},"properties":{"STATEFP":"37","COUNTYFP":"011","COUNTYNS":"01008536","GEOIDFQ":"0500000US37011","GEOID":"37011","NAME":"Avery","NAMELSAD":"Avery County","STUSPS":"NC","STATE_NAME":"North Carolina","LSAD":"06","ALAND":640602137,"AWATER":445285}},
{"type":"Feature","geometry":{"type":"Polygon","coordinates":[[[-76.9161,36.5438],[-76.9201,36.5341],[-76.9051,36.5226],[-76.9065,36.5107],[-76.9194,36.5054],[-76.9253,36.4883],[-76.9471,36.4724],[-76.9471,36.4154],[-76.93,36.3999],[-76.8961,36.3904],[-76.8214,36.3641],[-76.7946,36.3597],[-76.7828,36.363],[-76.7585,36.3502],[-76.7353,36.3241],[-76.6966,36.2961],[-76.6421,36.3205],[-76.64,36.3294],[-76.6131,36.324],[-76.5708,36.3343],[-76.5596,36.3511],[-76.5392,36.3573],[-76.4537,36.3781],[-76.4914,36.4686],[-76.4913,36.5107],[-76.5415,36.5503],[-76.7383,36.551],[-76.8071,36.5506],[-76.9159,36.5521],[-76.9161,36.5438]]]},"properties":{"STATEFP":"37","COUNTYFP":"073","COUNTYNS":"01026126","GEOIDFQ":"0500000US37073","GEOID":"37073","NAME":"Gates","NAMELSAD":"Gates County","STUSPS":"NC","STATE_NAME":"North Carolina","LSAD":"06","ALAND":882181709,"AWATER":13292008}},
{"type":"Feature","geometry":{"type":"Polygon","coordinates":[[[-78.0462,36.5442],[-78.2455,36.5444],[-78.324,36.5438],[-78.2772,36.3061],[-78.307,36.2662],[-78.2249,36.2566],[-78.1891,36.2477],[-78.1732,36.2555],[-78.157,36.2444],[-78.1327,36.2463],[-78.1268,36.2299],[-78.1098,36.2102],[-78.0873,36.2086],[-78.0661,36.2165],[-78.0571,36.2111],[-78.0303,36.211],[-78.0066,36.2026],[-77.9424,36.2985],[-77.912,36.3824],[-77.9121,36.4246],[-77.9201,36.4361],[-77.9118,36.4428],[-77.9092,36.4739],[-77.8995,36.5043],[-77.8998,36.5447],[-78.0462,36.5442]]]},"properties":{"STATEFP":"37","COUNTYFP":"185","COUNTYNS":"01008593","GEOIDFQ":"0500000US37185","GEOID":"37185","NAME":"Warren","NAMELSAD":"Warren County","STUSPS":"NC","STATE_NAME":"North Carolina","LSAD":"06","ALAND":1112119289,"AWATER":38613740}},
{"type":"Feature","geometry":{"type":"Polygon","coordinates":[[[-78.1921,35.7305],[-78.1605,35.711],[-78.1578,35.6856],[-78.1256,35.6031],[-78.0648,35.5853],[-78.058,35.5978],[-77.9984,35.5856],[-77.8244,35.5865],[-77.8225,35.5854],[-77.8062,35.5835],[-77.7535,35.616],[-77.7007,35.6523],[-77.6651,35.6749],[-77.6748,35.6891],[-77.7184,35.7288],[-77.7504,35.8181],[-77.7513,35.8278],[-77.8066,35.8575],[-77.8284,35.8672],[-77.8447,35.8376],[-77.8739,35.8497],[-77.8974,35.8439],[-78.0227,35.7934],[-78.1472,35.7458],[-78.1798,35.7386],[-78.1921,35.7305]]]},"properties":{"STATEFP":"37","COUNTYFP":"195","COUNTYNS":"01008596","GEOIDFQ":"0500000US37195","GEOID":"37195","NAME":"Wilson","NAMELSAD":"Wilson County","STUSPS":"NC","STATE_NAME":"North Carolina","LSAD":"06","ALAND":952012884,"AWATER":14332533}},
{"type":"Feature","geometry":{"type":"Polygon","coordinates":[[[-81.3283,35.9966],[-81.3429,35.9233],[-81.3334,35.8792],[-81.344,35.8247],[-81.3343,35.7963],[-81.2981,35.7982],[-81.279,35.8063],[-81.255,35.8083],[-81.249,35.8157],[-81.2258,35.8095],[-81.2051,35.8228],[-81.1961,35.8212],[-81.1423,35.8272],[-81.1415,35.8136],[-81.1297,35.8006],[-81.1286,35.7898],[-81.1095,35.7766],[-81.0633,35.8266],[-81.0413,35.8579],[-81.0055,35.9583],[-81.0034,35.9967],[-81.0288,36.0457],[-81.0485,36.0411],[-81.0575,36.0316],[-81.0981,36.0282],[-81.1049,36.0355],[-81.1375,36.0364],[-81.1667,36.0257],[-81.1933,36.0367],[-81.2182,36.0301],[-81.238,36.0308],[-81.2685,36.025],[-81.2954,36.0072],[-81.3283,35.9966]]]},"properties":{"STATEFP":"37","COUNTYFP":"003","COUNTYNS":"01008532","GEOIDFQ":"0500000US37003","GEOID":"37003","NAME":"Alexander","NAMELSAD":"Alexander County","STUSPS":"NC","STATE_NAME":"North Carolina","LSAD":"06","ALAND":673368516,"AWATER":9435656}},
{"type":"Feature","geometry":{"type":"Polygon","coordinates":[[[-81.9181,36.2871],[-81.9005,36.2811],[-81.8937,36.2638],[-81.897,36.2427],[-81.9077,36.2386],[-81.909,36.2164],[-81.8854,36.1895],[-81.8568,36.1937],[-81.8294,36.169],[-81.8105,36.1115],[-81.6748,36.1226],[-81.6606,36.1184],[-81.5455,36.1175],[-81.5004,36.1425],[-81.4558,36.2004],[-81.4775,36.2403],[-81.4863,36.2413],[-81.5522,36.2764],[-81.5661,36.272],[-81.5901,36.304],[-81.6382,36.3496],[-81.7286,36.3912],[-81.7346,36.3796],[-81.7174,36.3478],[-81.7445,36.3378],[-81.7649,36.3387],[-81.7908,36.3559],[-81.8332,36.3473],[-81.8573,36.3348],[-81.8872,36.3092],[-81.9081,36.302],[-81.9181,36.2871]]]},"properties":{"STATEFP":"37","COUNTYFP":"189","COUNTYNS":"01008594","GEOIDFQ":"0500000US37189","GEOID":"37189","NAME":"Watauga","NAMELSAD":"Watauga County","STUSPS":"NC","STATE_NAME":"North Carolina","LSAD":"06","ALAND":809214845,"AWATER":2271720}},
{"type":"Feature","geometry":{"type":"Polygon","coordinates":[[[-76.6938,36.2822],[-76.6722,36.272],[-76.6914,36.2471],[-76.6945,36.2373],[-76.7107,36.2233],[-76.7189,36.201],[-76.7214,36.1478],[-76.7107,36.1347],[-76.705,36.1099],[-76.6886,36.107],[-76.6926,36.0911],[-76.6919,36.0663],[-76.6765,36.0436],[-76.6522,36.0353],[-76.6356,36.0371],[-76.6163,36.0546],[-76.6068,36.0542],[-76.6032,36.0354],[-76.5804,36.0106],[-76.5455,36.0102],[-76.5141,36.0065],[-76.4915,36.0173],[-76.4603,36.0241],[-76.4561,36.0338],[-76.4309,36.0561],[-76.4081,36.068],[-76.4118,36.0753],[-76.4456,36.0759],[-76.461,36.0877],[-76.4806,36.0932],[-76.4944,36.0846],[-76.5175,36.0974],[-76.5391,36.0946],[-76.5598,36.1011],[-76.5731,36.1118],[-76.5901,36.2389],[-76.5732,36.2572],[-76.5656,36.293],[-76.5687,36.3093],[-76.562,36.3216],[-76.5596,36.3511],[-76.5708,36.3343],[-76.6131,36.324],[-76.64,36.3294],[-76.6421,36.3205],[-76.6966,36.2961],[-76.6938,36.2822]]]},"properties":{"STATEFP":"37","COUNTYFP":"041","COUNTYNS":"01025822","GEOIDFQ":"0500000US37041","GEOID":"37041","NAME":"Chowan","NAMELSAD":"Chowan County","STUSPS":"NC","STATE_NAME":"North Carolina","LSAD":"06","ALAND":447179939,"AWATER":157966156}},
{"type":"Feature","geometry":{"type":"Polygon","coordinates":[[[-76.5596,36.3511],[-76.562,36.3216],[-76.5687,36.3093],[-76.5656,36.293],[-76.5732,36.2572],[-76.5901,36.2389],[-76.5731,36.1118],[-76.5598,36.1011],[-76.5391,36.0946],[-76.5175,36.0974],[-76.4944,36.0846],[-76.4806,36.0932],[-76.461,36.0877],[-76.4456,36.0759],[-76.4118,36.0753],[-76.347,36.0888],[-76.3235,36.0849],[-76.3159,36.1009],[-76.3397,36.1091],[-76.3464,36.121],[-76.3717,36.1178],[-76.3963,36.1392],[-76.458,36.1853],[-76.4381,36.1918],[-76.3903,36.1625],[-76.3736,36.1382],[-76.3594,36.14],[-76.3233,36.1348],[-76.3093,36.1249],[-76.2579,36.1064],[-76.2137,36.0961],[-76.2004,36.1089],[-76.2189,36.1181],[-76.236,36.1375],[-76.246,36.1586],[-76.2771,36.1807],[-76.2735,36.1908],[-76.2907,36.2235],[-76.3033,36.2217],[-76.3177,36.2404],[-76.3749,36.2587],[-76.3812,36.2759],[-76.4475,36.3636],[-76.4537,36.3781],[-76.5392,36.3573],[-76.5596,36.3511]]]},"properties":{"STATEFP":"37","COUNTYFP":"143","COUNTYNS":"01025841","GEOIDFQ":"0500000US37143","GEOID":"37143","NAME":"Perquimans","NAMELSAD":"Perquimans County","STUSPS":"NC","STATE_NAME":"North Carolina","LSAD":"06","ALAND":640173980,"AWATER":211755191}},
{"type":"Feature","geometry":{"type":"Polygon","coordinates":[[[-80.7842,35.506],[-80.7868,35.493],[-80.7793,35.472],[-80.7522,35.4141],[-80.7664,35.4015],[-80.7444,35.3807],[-80.6931,35.3464],[-80.6661,35.2677],[-80.5503,35.2084],[-80.505,35.185],[-80.5051,35.1944],[-80.4844,35.2164],[-80.3738,35.3848],[-80.2954,35.5029],[-80.4223,35.502],[-80.572,35.5034],[-80.6734,35.5064],[-80.7372,35.5058],[-80.7842,35.506]]]},"properties":{"STATEFP":"37","COUNTYFP":"025","COUNTYNS":"01008540","GEOIDFQ":"0500000US37025","GEOID":"37025","NAME":"Cabarrus","NAMELSAD":"Cabarrus County","STUSPS":"NC","STATE_NAME":"North Carolina","LSAD":"06","ALAND":935587423,"AWATER":6985702}},
{"type":"Feature","geometry":{"type":"Polygon","coordinates":[[[-81.7571,33.1981],[-81.7686,33.1784],[-81.7631,33.1594],[-81.7445,33.1422],[-81.7046,33.1165],[-81.6969,33.1166],[-81.6584,33.1032],[-81.6423,33.0932],[-81.6141,33.0952],[-81.5419,33.1583],[-81.454,33.1353],[-81.3649,33.1081],[-81.2837,33.1086],[-81.2402,33.1187],[-81.2197,33.1165],[-81.1931,33.1187],[-81.2064,33.1296],[-81.2115,33.1435],[-81.2278,33.1626],[-81.2239,33.1696],[-81.2177,33.2218],[-81.2208,33.2591],[-81.2132,33.3979],[-81.2227,33.44],[-81.2463,33.4428],[-81.2633,33.4516],[-81.2785,33.4666],[-81.2985,33.4794],[-81.3225,33.483],[-81.3442,33.4809],[-81.3729,33.4904],[-81.5163,33.3823],[-81.7519,33.2016],[-81.7571,33.1981]]]},"properties":{"STATEFP":"45","COUNTYFP":"011","COUNTYNS":"01247983","GEOIDFQ":"0500000US45011","GEOID":"45011","NAME":"Barnwell","NAMELSAD":"Barnwell County","STUSPS":"SC","STATE_NAME":"South Carolina","LSAD":"06","ALAND":1420305102,"AWATER":22997961}},
{"type":"Feature","geometry":{"type":"Polygon","coordinates":[[[-81.8701,34.1354],[-81.8875,34.1179],[-81.9003,34.095],[-81.9158,34.091],[-81.9183,34.0791],[-81.9307,34.0698],[-81.9461,34.0389],[-81.9888,33.9984],[-82.0083,33.9616],[-81.932,33.9769],[-81.8946,33.9754],[-81.8704,33.892],[-81.8368,33.8665],[-81.8246,33.8673],[-81.7766,33.846],[-81.6518,33.8145],[-81.5715,33.8773],[-81.472,34.0766],[-81.4821,34.0819],[-81.5025,34.0739],[-81.5138,34.0823],[-81.5389,34.0817],[-81.5485,34.0939],[-81.5713,34.0997],[-81.5953,34.1185],[-81.6248,34.1287],[-81.637,34.1462],[-81.6474,34.146],[-81.6727,34.156],[-81.6915,34.1729],[-81.7186,34.1766],[-81.7316,34.1876],[-81.7439,34.1792],[-81.7936,34.1693],[-81.8108,34.1754],[-81.8389,34.1722],[-81.8534,34.1801],[-81.8764,34.1678],[-81.8701,34.1354]]]},"properties":{"STATEFP":"45","COUNTYFP":"081","COUNTYNS":"01248016","GEOIDFQ":"0500000US45081","GEOID":"45081","NAME":"Saluda","NAMELSAD":"Saluda County","STUSPS":"SC","STATE_NAME":"South Carolina","LSAD":"06","ALAND":1173694743,"AWATER":22987429}},
{"type":"Feature","geometry":{"type":"Polygon","coordinates":[[[-81.4766,34.8226],[-81.4593,34.7975],[-81.4536,34.7822],[-81.4532,34.7609],[-81.4825,34.7444],[-81.4884,34.733],[-81.4794,34.7239],[-81.4542,34.7209],[-81.4543,34.6752],[-81.442,34.6537],[-81.4297,34.6486],[-81.416,34.6336],[-81.418,34.6041],[-81.4269,34.5785],[-81.4227,34.572],[-81.2451,34.5638],[-81.06,34.5532],[-81.0049,34.548],[-80.8776,34.5432],[-80.8732,34.5569],[-80.8783,34.5811],[-80.8922,34.598],[-80.8893,34.6182],[-80.8965,34.6318],[-80.8875,34.6526],[-80.8886,34.6686],[-80.8605,34.6957],[-80.8746,34.7315],[-80.8784,34.7591],[-80.8764,34.7885],[-80.8982,34.8208],[-81.1783,34.8211],[-81.4766,34.8226]]]},"properties":{"STATEFP":"45","COUNTYFP":"023","COUNTYNS":"01247988","GEOIDFQ":"0500000US45023","GEOID":"45023","NAME":"Chester","NAMELSAD":"Chester County","STUSPS":"SC","STATE_NAME":"South Carolina","LSAD":"06","ALAND":1504432381,"AWATER":14514845}},
{"type":"Feature","geometry":{"type":"Polygon","coordinates":[[[-78.457,36.5425],[-78.4802,36.518],[-78.4962,36.51],[-78.5112,36.4548],[-78.5083,36.183],[-78.4966,36.1752],[-78.4669,36.1726],[-78.4251,36.1636],[-78.4121,36.1696],[-78.3781,36.2351],[-78.3381,36.2344],[-78.307,36.2662],[-78.2772,36.3061],[-78.324,36.5438],[-78.457,36.5425]]]},"properties":{"STATEFP":"37","COUNTYFP":"181","COUNTYNS":"01008591","GEOIDFQ":"0500000US37181","GEOID":"37181","NAME":"Vance","NAMELSAD":"Vance County","STUSPS":"NC","STATE_NAME":"North Carolina","LSAD":"06","ALAND":653701482,"AWATER":42190675}},
{"type":"Feature","geometry":{"type":"Polygon","coordinates":[[[-80.0273,36.5425],[-80.0351,36.2572],[-79.9231,36.2539],[-79.7006,36.2459],[-79.5324,36.2415],[-79.5319,36.2497],[-79.5136,36.5408],[-79.7148,36.542],[-79.8873,36.5428],[-80.0273,36.5425]]]},"properties":{"STATEFP":"37","COUNTYFP":"157","COUNTYNS":"01008582","GEOIDFQ":"0500000US37157","GEOID":"37157","NAME":"Rockingham","NAMELSAD":"Rockingham County","STUSPS":"NC","STATE_NAME":"North Carolina","LSAD":"06","ALAND":1465006557,"AWATER":18434917}},
{"type":"Feature","geometry":{"type":"Polygon","coordinates":[[[-81.3533,36.5747],[-81.3531,36.5461],[-81.3283,36.5173],[-81.3226,36.4958],[-81.2721,36.4468],[-81.2638,36.4289],[-81.2662,36.4156],[-81.2455,36.3912],[-81.2536,36.3666],[-81.2435,36.3661],[-81.1893,36.3994],[-81.163,36.4325],[-81.1477,36.4192],[-81.0948,36.4404],[-81.0846,36.4337],[-81.0778,36.4178],[-81.0443,36.4111],[-81.0438,36.3933],[-81.0267,36.3732],[-81.0136,36.3713],[-80.9947,36.3794],[-80.9672,36.402],[-80.9472,36.4191],[-80.9736,36.4535],[-80.9639,36.4593],[-80.927,36.5011],[-80.9017,36.5617],[-81.0038,36.5636],[-81.0588,36.567],[-81.3075,36.575],[-81.3533,36.5747]]]},"properties":{"STATEFP":"37","COUNTYFP":"005","COUNTYNS":"01008533","GEOIDFQ":"0500000US37005","GEOID":"37005","NAME":"Alleghany","NAMELSAD":"Alleghany County","STUSPS":"NC","STATE_NAME":"North Carolina","LSAD":"06","ALAND":608220278,"AWATER":3687222}},
{"type":"Feature","geometry":{"type":"Polygon","coordinates":[[[-79.3501,35.518],[-79.3359,35.4978],[-79.3519,35.4775],[-79.3552,35.4646],[-79.3267,35.4349],[-79.3102,35.4085],[-79.294,35.3996],[-79.277,35.3766],[-79.2736,35.3534],[-79.222,35.3243],[-79.1836,35.3072],[-78.9696,35.5217],[-78.9956,35.5421],[-79.0166,35.5443],[-79.0456,35.5684],[-79.0526,35.5961],[-79.0687,35.6089],[-79.1001,35.6236],[-79.1391,35.624],[-79.1579,35.6036],[-79.188,35.5794],[-79.2019,35.5741],[-79.1993,35.5592],[-79.2261,35.5551],[-79.2244,35.5688],[-79.2446,35.5693],[-79.2452,35.553],[-79.2609,35.5371],[-79.2755,35.5318],[-79.3034,35.5521],[-79.3172,35.5434],[-79.3121,35.5305],[-79.3501,35.518]]]},"properties":{"STATEFP":"37","COUNTYFP":"105","COUNTYNS":"01008567","GEOIDFQ":"0500000US37105","GEOID":"37105","NAME":"Lee","NAMELSAD":"Lee County","STUSPS":"NC","STATE_NAME":"North Carolina","LSAD":"06","ALAND":660633151,"AWATER":10699612}},
{"type":"Feature","geometry":{"type":"Polygon","coordinates":[[[-77.8062,35.3688],[-77.8242,35.3438],[-77.8342,35.1778],[-77.7692,35.1456],[-77.7496,35.1086],[-77.746,35.0223],[-77.731,35.0081],[-77.6013,35.0714],[-77.5075,35.1728],[-77.5272,35.243],[-77.4737,35.229],[-77.4643,35.2392],[-77.4326,35.2502],[-77.4262,35.2624],[-77.4377,35.277],[-77.4406,35.3035],[-77.4311,35.313],[-77.4313,35.3298],[-77.4141,35.331],[-77.4086,35.3394],[-77.391,35.3395],[-77.4082,35.3534],[-77.4264,35.3498],[-77.4331,35.3681],[-77.4482,35.3715],[-77.4493,35.3895],[-77.4707,35.4098],[-77.4755,35.4267],[-77.4926,35.4117],[-77.5099,35.4215],[-77.5283,35.4143],[-77.5342,35.3981],[-77.5893,35.3738],[-77.607,35.3795],[-77.6269,35.3671],[-77.6376,35.3543],[-77.6578,35.3539],[-77.6793,35.3475],[-77.6975,35.3771],[-77.7777,35.3677],[-77.8062,35.3688]]]},"properties":{"STATEFP":"37","COUNTYFP":"107","COUNTYNS":"01008568","GEOIDFQ":"0500000US37107","GEOID":"37107","NAME":"Lenoir","NAMELSAD":"Lenoir County","STUSPS":"NC","STATE_NAME":"North Carolina","LSAD":"06","ALAND":1033630007,"AWATER":5900299}},
{"type":"Feature","geometry":{"type":"Polygon","coordinates":[[[-79.258,36.2434],[-79.2604,36.0943],[-79.263,36.0059],[-79.264,35.9141],[-79.2495,35.8768],[-79.0819,35.8608],[-79.0163,35.8632],[-78.9857,36.0393],[-78.9506,36.2393],[-79.154,36.2419],[-79.258,36.2434]]]},"properties":{"STATEFP":"37","COUNTYFP":"135","COUNTYNS":"01008576","GEOIDFQ":"0500000US37135","GEOID":"37135","NAME":"Orange","NAMELSAD":"Orange County","STUSPS":"NC","STATE_NAME":"North Carolina","LSAD":"06","ALAND":1029631957,"AWATER":8848858}},
{"type":"Feature","geometry":{"type":"Polygon","coordinates":[[[-78.1634,35.1897],[-78.163,35.1373],[-78.1707,35.1149],[-78.1718,35.0935],[-78.1598,35.0798],[-78.1471,34.9025],[-78.1986,34.7416],[-78.1506,34.722],[-78.1352,34.7102],[-78.114,34.7218],[-78.0662,34.7279],[-78.0261,34.7259],[-78.0111,34.7316],[-77.9921,34.716],[-77.9389,34.7232],[-77.9215,34.7197],[-77.6801,34.7206],[-77.6789,34.7846],[-77.6661,34.8397],[-77.6511,34.9235],[-77.6534,34.9405],[-77.6801,34.9711],[-77.6748,34.9739],[-77.731,35.0081],[-77.746,35.0223],[-77.7496,35.1086],[-77.7692,35.1456],[-77.8342,35.1778],[-77.8837,35.1624],[-77.8971,35.1484],[-77.9145,35.1669],[-77.9297,35.1736],[-77.9535,35.1655],[-77.978,35.1703],[-77.9946,35.1832],[-78.0202,35.1937],[-78.0445,35.1925],[-78.0774,35.1751],[-78.1634,35.1897]]]},"properties":{"STATEFP":"37","COUNTYFP":"061","COUNTYNS":"01026132","GEOIDFQ":"0500000US37061","GEOID":"37061","NAME":"Duplin","NAMELSAD":"Duplin County","STUSPS":"NC","STATE_NAME":"North Carolina","LSAD":"06","ALAND":2110115795,"AWATER":14237879}},
{"type":"Feature","geometry":{"type":"Polygon","coordinates":[[[-79.5424,35.8433],[-79.5467,35.709],[-79.5532,35.5993],[-79.5558,35.515],[-79.3501,35.518],[-79.3121,35.5305],[-79.3172,35.5434],[-79.3034,35.5521],[-79.2755,35.5318],[-79.2609,35.5371],[-79.2452,35.553],[-79.2446,35.5693],[-79.2244,35.5688],[-79.2261,35.5551],[-79.1993,35.5592],[-79.2019,35.5741],[-79.188,35.5794],[-79.1579,35.6036],[-79.1391,35.624],[-79.1001,35.6236],[-79.0687,35.6089],[-79.0526,35.5961],[-79.0456,35.5684],[-79.0166,35.5443],[-78.9956,35.5421],[-78.9696,35.5217],[-78.9161,35.5841],[-78.995,35.6102],[-78.9559,35.7161],[-78.9363,35.7719],[-78.9309,35.7944],[-78.9094,35.843],[-78.9061,35.8681],[-79.0163,35.8632],[-79.0819,35.8608],[-79.2495,35.8768],[-79.2504,35.857],[-79.2373,35.8442],[-79.5424,35.8433]]]},"properties":{"STATEFP":"37","COUNTYFP":"037","COUNTYNS":"01008544","GEOIDFQ":"0500000US37037","GEOID":"37037","NAME":"Chatham","NAMELSAD":"Chatham County","STUSPS":"NC","STATE_NAME":"North Carolina","LSAD":"06","ALAND":1765030860,"AWATER":70580568}},
{"type":"Feature","geometry":{"type":"Polygon","coordinates":[[[-78.8023,36.2358],[-78.8047,36.0946],[-78.7817,36.0716],[-78.7513,36.0708],[-78.7188,36.0759],[-78.6832,36.0745],[-78.6036,36.0424],[-78.5464,36.0218],[-78.5448,36.0807],[-78.4966,36.1752],[-78.5083,36.183],[-78.5112,36.4548],[-78.4962,36.51],[-78.4802,36.518],[-78.457,36.5425],[-78.51,36.5411],[-78.7341,36.5419],[-78.7963,36.5417],[-78.7948,36.5264],[-78.8023,36.2358]]]},"properties":{"STATEFP":"37","COUNTYFP":"077","COUNTYNS":"01008556","GEOIDFQ":"0500000US37077","GEOID":"37077","NAME":"Granville","NAMELSAD":"Granville County","STUSPS":"NC","STATE_NAME":"North Carolina","LSAD":"06","ALAND":1377850209,"AWATER":14503653}},
{"type":"Feature","geometry":{"type":"Polygon","coordinates":[[[-80.4527,36.2417],[-80.4374,36.2298],[-80.4323,36.2162],[-80.4464,36.2065],[-80.4396,36.1905],[-80.4369,36.1685],[-80.4425,36.1572],[-80.4394,36.1369],[-80.463,36.1179],[-80.488,36.1161],[-80.5065,36.1086],[-80.5167,36.084],[-80.5066,36.0539],[-80.4963,36.0465],[-80.4872,36.0432],[-80.4638,36.0626],[-80.4419,36.0306],[-80.4185,36.0164],[-80.4135,36.001],[-80.4196,35.9857],[-80.3943,35.9728],[-80.3303,35.9965],[-80.2138,35.9971],[-80.2137,36.0268],[-80.1498,36.0268],[-80.0432,36.0108],[-80.0351,36.2572],[-80.3105,36.2603],[-80.4519,36.2615],[-80.4527,36.2417]]]},"properties":{"STATEFP":"37","COUNTYFP":"067","COUNTYNS":"01008552","GEOIDFQ":"0500000US37067","GEOID":"37067","NAME":"Forsyth","NAMELSAD":"Forsyth County","STUSPS":"NC","STATE_NAME":"North Carolina","LSAD":"06","ALAND":1056834341,"AWATER":11644419}},
{"type":"Feature","geometry":{"type":"Polygon","coordinates":[[[-78.4966,36.1752],[-78.5448,36.0807],[-78.5464,36.0218],[-78.4935,36.0027],[-78.4269,35.975],[-78.3943,35.9369],[-78.3533,35.9311],[-78.351,35.9101],[-78.3315,35.8979],[-78.3076,35.8949],[-78.278,35.8673],[-78.2698,35.8453],[-78.2544,35.8291],[-78.256,35.8181],[-78.1822,35.9388],[-78.1312,36.0168],[-78.0066,36.2026],[-78.0303,36.211],[-78.0571,36.2111],[-78.0661,36.2165],[-78.0873,36.2086],[-78.1098,36.2102],[-78.1268,36.2299],[-78.1327,36.2463],[-78.157,36.2444],[-78.1732,36.2555],[-78.1891,36.2477],[-78.2249,36.2566],[-78.307,36.2662],[-78.3381,36.2344],[-78.3781,36.2351],[-78.4121,36.1696],[-78.4251,36.1636],[-78.4669,36.1726],[-78.4966,36.1752]]]},"properties":{"STATEFP":"37","COUNTYFP":"069","COUNTYNS":"01008553","GEOIDFQ":"0500000US37069","GEOID":"37069","NAME":"Franklin","NAMELSAD":"Franklin County","STUSPS":"NC","STATE_NAME":"North Carolina","LSAD":"06","ALAND":1273761678,"AWATER":7173998}},
{"type":"Feature","geometry":{"type":"Polygon","coordinates":[[[-81.1095,35.7766],[-81.0693,35.7395],[-81.0602,35.7103],[-81.0356,35.7081],[-81.0177,35.7127],[-80.9944,35.7021],[-80.9815,35.6817],[-80.9667,35.671],[-80.9507,35.641],[-80.9255,35.6209],[-80.9435,35.6049],[-80.9336,35.5909],[-80.9513,35.5813],[-80.96,35.547],[-80.9555,35.5325],[-80.9621,35.4987],[-80.9473,35.4885],[-80.9067,35.5148],[-80.7842,35.506],[-80.7372,35.5058],[-80.7398,35.5441],[-80.7716,35.6722],[-80.7078,35.853],[-80.6932,36.0513],[-80.8816,36.0557],[-80.9757,36.0588],[-81.0288,36.0457],[-81.0034,35.9967],[-81.0055,35.9583],[-81.0413,35.8579],[-81.0633,35.8266],[-81.1095,35.7766]]]},"properties":{"STATEFP":"37","COUNTYFP":"097","COUNTYNS":"01008565","GEOIDFQ":"0500000US37097","GEOID":"37097","NAME":"Iredell","NAMELSAD":"Iredell County","STUSPS":"NC","STATE_NAME":"North Carolina","LSAD":"06","ALAND":1487784939,"AWATER":59453223}},
{"type":"Feature","geometry":{"type":"Polygon","coordinates":[[[-76.8473,35.72],[-76.8446,35.7057],[-76.6375,35.7052],[-76.5456,35.7051],[-76.406,35.6976],[-76.4056,35.7863],[-76.3536,35.8613],[-76.3696,35.8832],[-76.38,35.9147],[-76.3662,35.9348],[-76.3827,35.9504],[-76.3749,35.9554],[-76.3841,35.9715],[-76.3996,35.9821],[-76.4585,35.9679],[-76.4745,35.9602],[-76.4901,35.9598],[-76.5075,35.9498],[-76.5538,35.9402],[-76.6038,35.9398],[-76.6096,35.9357],[-76.6398,35.9365],[-76.6624,35.9321],[-76.693,35.9424],[-76.7014,35.923],[-76.72,35.9173],[-76.7311,35.8884],[-76.7454,35.8708],[-76.7606,35.8649],[-76.7787,35.8566],[-76.7892,35.8376],[-76.7819,35.8267],[-76.8026,35.8052],[-76.793,35.7899],[-76.8186,35.7471],[-76.8313,35.7307],[-76.8473,35.72]]]},"properties":{"STATEFP":"37","COUNTYFP":"187","COUNTYNS":"01026331","GEOIDFQ":"0500000US37187","GEOID":"37187","NAME":"Washington","NAMELSAD":"Washington County","STUSPS":"NC","STATE_NAME":"North Carolina","LSAD":"06","ALAND":897456201,"AWATER":195282199}},
{"type":"Feature","geometry":{"type":"Polygon","coordinates":[[[-81.4556,35.4198],[-81.3989,35.3531],[-81.3567,35.3306],[-81.3666,35.3149],[-81.3551,35.2944],[-81.3535,35.2774],[-81.3217,35.2604],[-81.3243,35.2411],[-81.3237,35.1896],[-81.328,35.1634],[-81.1093,35.1541],[-81.0429,35.1492],[-81.0247,35.1489],[-81.0058,35.157],[-81.0024,35.1808],[-81.0053,35.2077],[-81.0141,35.222],[-81.0083,35.2481],[-81.015,35.2687],[-81.0009,35.3054],[-80.9808,35.3298],[-80.9815,35.3427],[-80.9425,35.3509],[-80.9359,35.3621],[-80.9629,35.3751],[-80.9733,35.3642],[-80.9868,35.3757],[-80.9575,35.391],[-80.9549,35.4001],[-81.0114,35.4036],[-81.2175,35.4109],[-81.4556,35.4198]]]},"properties":{"STATEFP":"37","COUNTYFP":"071","COUNTYNS":"01008554","GEOIDFQ":"0500000US37071","GEOID":"37071","NAME":"Gaston","NAMELSAD":"Gaston County","STUSPS":"NC","STATE_NAME":"North Carolina","LSAD":"06","ALAND":921389625,"AWATER":20549066}},
{"type":"Feature","geometry":{"type":"Polygon","coordinates":[[[-82.742,34.2117],[-82.7325,34.1945],[-82.7304,34.1753],[-82.7175,34.1505],[-82.7041,34.141],[-82.6752,34.1298],[-82.6588,34.104],[-82.6403,34.0865],[-82.6457,34.076],[-82.627,34.0635],[-82.6074,34.0381],[-82.596,34.0309],[-82.5945,34.0139],[-82.5305,34.0719],[-82.4996,34.0721],[-82.4836,34.0812],[-82.4527,34.0603],[-82.3766,34.0574],[-82.3269,34.0641],[-82.2688,34.1071],[-82.2498,34.1345],[-82.2406,34.1634],[-82.2401,34.1922],[-82.2482,34.2206],[-82.2783,34.2588],[-82.3076,34.2775],[-82.3111,34.3204],[-82.3238,34.3253],[-82.3342,34.3426],[-82.2463,34.4097],[-82.2661,34.4332],[-82.2778,34.4367],[-82.2879,34.4536],[-82.3145,34.4696],[-82.3139,34.4843],[-82.5091,34.3577],[-82.62,34.2869],[-82.742,34.2117]]]},"properties":{"STATEFP":"45","COUNTYFP":"001","COUNTYNS":"01245666","GEOIDFQ":"0500000US45001","GEOID":"45001","NAME":"Abbeville","NAMELSAD":"Abbeville County","STUSPS":"SC","STATE_NAME":"South Carolina","LSAD":"06","ALAND":1272188745,"AWATER":53216416}},
{"type":"Feature","geometry":{"type":"Polygon","coordinates":[[[-79.5136,36.5408],[-79.5319,36.2497],[-79.258,36.2434],[-79.154,36.2419],[-79.1383,36.5417],[-79.2185,36.5415],[-79.3431,36.5412],[-79.47,36.541],[-79.5136,36.5408]]]},"properties":{"STATEFP":"37","COUNTYFP":"033","COUNTYNS":"01008542","GEOIDFQ":"0500000US37033","GEOID":"37033","NAME":"Caswell","NAMELSAD":"Caswell County","STUSPS":"NC","STATE_NAME":"North Carolina","LSAD":"06","ALAND":1101995790,"AWATER":8340796}}
]}