GEOID	ALAND	AWATER	ALAND_SQMI	AWATER_SQMI	INTPTLAT	INTPTLONG                                                                                                                                  
27006	162575546	2654325	62.771	1.025	35.939004	-80.440264                                                                                                                                               
27007	53322869	294035	20.588	0.114	36.38972	-80.588467                                                                                                                                                  
27009	42748433	1863810	16.505	0.72	36.230922	-80.078651                                                                                                                                                 
27011	133244143	1417657	51.446	0.547	36.220692	-80.692638                                                                                                                                               
27012	108789319	1675685	42.004	0.647	36.013155	-80.377628                                                                                                                                               
27013	195183902	344777	75.361	0.133	35.750492	-80.700075                                                                                                                                                
27014	1614603	50445	0.623	0.019	35.810049	-80.555744                                                                                                                                                    
27016	115663103	863873	44.658	0.334	36.447462	-80.218816                                                                                                                                                
27017	280740059	2621455	108.394	1.012	36.382016	-80.756218                                                                                                                                              
27018	213081491	2433589	82.271	0.94	36.197203	-80.518144                                                                                                                                                
27019	92556908	582414	35.736	0.225	36.286886	-80.237725                                                                                                                                                 
27020	197171669	887072	76.128	0.343	36.112663	-80.811277                                                                                                                                                
27021	139184865	1304640	53.74	0.504	36.320319	-80.344721                                                                                                                                                
27022	85582017	273601	33.043	0.106	36.512166	-80.215604                                                                                                                                                 
27023	71898267	1696373	27.76	0.655	36.093825	-80.450175                                                                                                                                                 
27024	112984803	460044	43.624	0.178	36.519237	-80.841179                                                                                                                                                
27025	253139051	1427831	97.738	0.551	36.377985	-79.968222                                                                                                                                               
27027	54784586	159644	21.152	0.062	36.441759	-79.988878                                                                                                                                                 
27028	499340151	4591100	192.796	1.773	35.926999	-80.571086                                                                                                                                              
27030	441388686	2787227	170.421	1.076	36.489814	-80.629214                                                                                                                                              
27040	68348504	855730	26.39	0.33	36.169312	-80.393045                                                                                                                                                   
27041	156236022	1032658	60.323	0.399	36.415263	-80.484587                                                                                                                                               
27042	18676700	150656	7.211	0.058	36.352819	-80.064203                                                                                                                                                  
27043	177159019	1769884	68.401	0.683	36.338509	-80.448522                                                                                                                                               
27045	60508746	171019	23.363	0.066	36.234398	-80.29607                                                                                                                                                  
27046	111794977	338152	43.164	0.131	36.502219	-80.078264                                                                                                                                                
27047	53062857	516414	20.488	0.199	36.314134	-80.569112                                                                                                                                                 
27048	215734040	1072427	83.295	0.414	36.482514	-79.917678                                                                                                                                               
27050	64791880	651469	25.016	0.252	36.226442	-80.409707                                                                                                                                                 
27051	47433811	97440	18.314	0.038	36.195944	-80.153403                                                                                                                                                  
27052	256310603	11755340	98.962	4.539	36.320755	-80.150453                                                                                                                                              
27053	180165181	1146529	69.562	0.443	36.475813	-80.3618                                                                                                                                                 
27054	74716357	294158	28.848	0.114	35.79254	-80.597888                                                                                                                                                  
27055	288125271	2017946	111.246	0.779	36.113907	-80.631194                                                                                                                                              
27101	32319972	352182	12.479	0.136	36.11085	-80.20043                                                                                                                                                   
27103	48217647	231695	18.617	0.089	36.05823	-80.321496                                                                                                                                                  
27104	32077483	96037	12.385	0.037	36.090721	-80.331545                                                                                                                                                  
27105	87352517	262091	33.727	0.101	36.161886	-80.23431                                                                                                                                                  
27106	73737538	738890	28.47	0.285	36.14391	-80.323157                                                                                                                                                   
27107	171416266	1876934	66.184	0.725	36.013158	-80.175491                                                                                                                                               
27109	788303	0	0.304	0.	36.133731	-80.275408                                                                                                                                                            
27110	473539	0	0.183	0.	36.089246	-80.224832                                                                                                                                                            
27127	76044845	486071	29.361	0.188	36.020708	-80.279817                                                                                                                                                 
27201	566069	13971	0.219	0.005	36.034172	-79.484829                                                                                                                                                     
27202	46196	0	0.018	0.	36.18558	-79.506028                                                                                                                                                              
27203	58245228	127782	22.489	0.049	35.728462	-79.78653                                                                                                                                                  
27205	579373880	2967929	223.698	1.146	35.638259	-79.850866                                                                                                                                              
27207	224081364	920507	86.518	0.355	35.607613	-79.390517                                                                                                                                                
27208	105925491	177736	40.898	0.069	35.561896	-79.542943                                                                                                                                                
27209	120982186	383907	46.711	0.148	35.342999	-79.753291                                                                                                                                                
27212	133238850	324176	51.444	0.125	36.480967	-79.279856                                                                                                                                                
27213	1621122	7209	0.626	0.003	35.649255	-79.40828                                                                                                                                                      
27214	132832950	6147153	51.287	2.373	36.206055	-79.671126                                                                                                                                               
27215	163388750	4801225	63.085	1.854	36.019137	-79.5137                                                                                                                                                 
27217	319106292	9315488	123.208	3.597	36.190945	-79.380185                                                                                                                                              
27229	234387258	429802	90.497	0.166	35.239746	-79.791592                                                                                                                                                
27231	90831511	1235636	35.07	0.477	36.195182	-79.174669                                                                                                                                                 
27233	63186934	349231	24.397	0.135	35.892512	-79.70498                                                                                                                                                  
27235	34464212	83727	13.307	0.032	36.100025	-80.006776                                                                                                                                                  
27239	402863108	7677213	155.546	2.964	35.601229	-80.09028                                                                                                                                               
27242	131517189	584348	50.779	0.226	35.329657	-79.648955                                                                                                                                                
27243	104317571	775936	40.277	0.3	36.060588	-79.201831                                                                                                                                                  
27244	139295600	1728774	53.782	0.667	36.215823	-79.4866                                                                                                                                                 
27247	5371667	0	2.074	0.	35.460914	-79.787864                                                                                                                                                           
27248	89049977	554196	34.382	0.214	35.783195	-79.716461                                                                                                                                                 
27249	154930282	1994962	59.819	0.77	36.162677	-79.582432                                                                                                                                                
27252	95965724	328025	37.053	0.127	35.560325	-79.354984                                                                                                                                                 
27253	212140531	4754036	81.908	1.836	35.966166	-79.347361                                                                                                                                               
27256	2878847	54612	1.112	0.021	35.560484	-79.27462                                                                                                                                                     
27258	48610362	534640	18.769	0.206	36.083422	-79.351288                                                                                                                                                 
27259	3528259	0	1.362	0.	35.491435	-79.526237                                                                                                                                                           
27260	32058613	101503	12.378	0.039	35.954222	-79.987055                                                                                                                                                 
27262	34160080	16395	13.189	0.006	35.96313	-80.041667                                                                                                                                                   
27263	101092921	1530829	39.032	0.591	35.911554	-79.936803                                                                                                                                               
27265	107475705	2692789	41.497	1.04	36.009229	-80.032388                                                                                                                                                
27268	266910	0	0.103	0.	35.971402	-79.994698                                                                                                                                                            
27278	268556549	2657476	103.69	1.026	36.090195	-79.086929                                                                                                                                               
27281	176886573	345782	68.296	0.134	35.187442	-79.625115                                                                                                                                                
27282	38122575	1085899	14.719	0.419	35.996346	-79.931842                                                                                                                                                
27283	66738594	540074	25.768	0.209	35.951474	-79.635418                                                                                                                                                 
27284	204094787	1612344	78.801	0.623	36.116121	-80.081865                                                                                                                                               
27288	184987084	2413295	71.424	0.932	36.497645	-79.750015                                                                                                                                               
27291	130746440	2999600	50.481	1.158	36.418316	-79.168428                                                                                                                                               
27292	372884020	23453840	143.971	9.056	35.738325	-80.207547                                                                                                                                             
27295	330594004	2651791	127.643	1.024	35.867644	-80.317083                                                                                                                                              
27298	245550111	2509716	94.807	0.969	35.885115	-79.567545                                                                                                                                               
27299	71191756	3505698	27.487	1.354	35.753068	-80.377451                                                                                                                                                
27301	86239131	996720	33.297	0.385	36.11351	-79.665656                                                                                                                                                  
27302	297082264	5164993	114.704	1.994	36.135763	-79.263348                                                                                                                                              
27305	66115826	859033	25.527	0.332	36.51577	-79.216717                                                                                                                                                  
27306	478370340	8946700	184.7	3.454	35.225229	-79.980186                                                                                                                                                
27310	46440241	391536	17.931	0.151	36.174072	-79.992233                                                                                                                                                 
27311	127174682	206797	49.102	0.08	36.479651	-79.472563                                                                                                                                                 
27312	442694255	18620194	170.925	7.189	35.756208	-79.196588                                                                                                                                             
27313	72378715	409231	27.946	0.158	35.931448	-79.758055                                                                                                                                                 
27314	63291749	1878657	24.437	0.725	36.31036	-79.19625                                                                                                                                                  
27315	66634073	333182	25.728	0.129	36.510175	-79.403503                                                                                                                                                 
27316	175382185	780029	67.715	0.301	35.697013	-79.625793                                                                                                                                                
27317	140237143	10250933	54.146	3.958	35.840737	-79.802499                                                                                                                                              
27320	634244682	8146021	244.883	3.145	36.341488	-79.658824                                                                                                                                              
27325	213992971	1654128	82.623	0.639	35.463598	-79.566313                                                                                                                                               
27326	168404381	402757	65.021	0.156	36.464116	-79.556845                                                                                                                                                
27330	545707492	7411783	210.699	2.862	35.517067	-79.18321                                                                                                                                               
27332	277410462	6149498	107.109	2.374	35.372219	-79.148794                                                                                                                                              
27340	918972	35273	0.355	0.014	35.945481	-79.310108                                                                                                                                                     
27341	247796449	228954	95.675	0.088	35.523759	-79.695909                                                                                                                                                
27342	571592	0	0.221	0.	36.06636	-79.618597                                                                                                                                                             
27343	120903115	14921115	46.681	5.761	36.504089	-79.075873                                                                                                                                              
27344	430648280	2897517	166.274	1.119	35.722316	-79.433692                                                                                                                                              
27349	165028273	1854692	63.718	0.716	35.895086	-79.418086                                                                                                                                               
27350	94308944	896610	36.413	0.346	35.808253	-79.888213                                                                                                                                                 
27351	523467	0	0.202	0.	35.659775	-80.267892                                                                                                                                                            
27355	89530449	237546	34.568	0.092	35.786858	-79.567836                                                                                                                                                 
27356	146645180	140986	56.62	0.054	35.436865	-79.804272                                                                                                                                                 
27357	110523285	4611809	42.673	1.781	36.2666	-79.970625                                                                                                                                                 
27358	136622345	2349372	52.75	0.907	36.228232	-79.880061                                                                                                                                                
27360	229096139	1051634	88.455	0.406	35.86058	-80.099288                                                                                                                                                
27370	154776386	670140	59.759	0.259	35.809298	-79.97798                                                                                                                                                 
27371	371391809	2620310	143.395	1.012	35.40575	-79.948344                                                                                                                                               
27374	1660551	0	0.641	0.	35.91758	-80.257749                                                                                                                                                            
27376	177632379	4801599	68.584	1.854	35.261099	-79.521811                                                                                                                                               
27377	66675061	778873	25.743	0.301	36.038036	-79.599395                                                                                                                                                 
27379	229758968	1792369	88.71	0.692	36.361127	-79.347762                                                                                                                                                
27401	15006343	51986	5.794	0.02	36.070822	-79.767692                                                                                                                                                    
27403	14923668	0	5.762	0.	36.064078	-79.825417                                                                                                                                                          
27405	81294129	636193	31.388	0.246	36.115379	-79.734641                                                                                                                                                 
27406	179664199	2067922	69.369	0.798	35.99795	-79.766734                                                                                                                                                
27407	76269125	391480	29.448	0.151	36.013367	-79.871391                                                                                                                                                 
27408	19911251	345643	7.688	0.133	36.103667	-79.813712                                                                                                                                                  
27409	51568169	155748	19.911	0.06	36.071751	-79.964858                                                                                                                                                  
27410	82542689	3132854	31.87	1.21	36.118615	-79.894851                                                                                                                                                  
27411	350873	0	0.135	0.	36.076615	-79.771513                                                                                                                                                            
27412	769445	10369	0.297	0.004	36.068277	-79.810061                                                                                                                                                     
27455	74401011	3999775	28.726	1.544	36.187426	-79.81744                                                                                                                                                 
27501	162781184	1392328	62.85	0.538	35.484949	-78.684574                                                                                                                                                
27502	73377244	278609	28.331	0.108	35.719615	-78.907172                                                                                                                                                 
27503	98789822	3223826	38.143	1.245	36.152977	-78.884452                                                                                                                                                
27504	232626376	1340636	89.818	0.518	35.400317	-78.518271                                                                                                                                               
27505	139350259	668137	53.803	0.258	35.406599	-79.004422                                                                                                                                                
27506	708635	0	0.274	0.	35.408583	-78.739274                                                                                                                                                            
27507	140121063	2277881	54.101	0.879	36.513808	-78.552466                                                                                                                                               
27508	27408938	65118	10.583	0.025	35.959012	-78.25091                                                                                                                                                   
27509	38007405	1942794	14.675	0.75	36.131468	-78.773709                                                                                                                                                 
27510	8283231	14035	3.198	0.005	35.909835	-79.081253                                                                                                                                                    
27511	30386709	537564	11.732	0.208	35.76395	-78.786576                                                                                                                                                  
27513	42474621	1041970	16.4	0.402	35.80198	-78.802573                                                                                                                                                   
27514	50793269	430256	19.611	0.166	35.966563	-79.052136                                                                                                                                                 
27516	242085144	2019316	93.47	0.78	35.906197	-79.154855                                                                                                                                                 
27517	119171645	10839582	46.012	4.185	35.842663	-79.032015                                                                                                                                              
27518	25638061	445622	9.899	0.172	35.731139	-78.773206                                                                                                                                                  
27519	57736551	222889	22.292	0.086	35.808392	-78.886546                                                                                                                                                 
27520	183323802	275066	70.782	0.106	35.611762	-78.47639                                                                                                                                                 
27521	67361770	463392	26.009	0.179	35.412121	-78.655865                                                                                                                                                 
27522	187331658	15699880	72.329	6.062	36.105618	-78.675202                                                                                                                                              
27523	99806747	10640780	38.536	4.108	35.773618	-78.956926                                                                                                                                               
27524	348188555	2146968	134.436	0.829	35.391825	-78.378763                                                                                                                                              
27525	242960903	706084	93.808	0.273	36.146064	-78.474143                                                                                                                                                
27526	254099085	1458267	98.108	0.563	35.543991	-78.829796                                                                                                                                               
27527	114173060	952942	44.082	0.368	35.653948	-78.381715                                                                                                                                                
27529	149453384	2211015	57.704	0.854	35.638515	-78.580881                                                                                                                                               
27530	275950076	4584479	106.545	1.77	35.382697	-78.061142                                                                                                                                               
27531	9004764	0	3.477	0.	35.343617	-77.967369                                                                                                                                                           
27533	390229	0	0.151	0.	35.38746	-78.038964                                                                                                                                                             
27534	189211079	1878303	73.055	0.725	35.369273	-77.886872                                                                                                                                               
27536	31330580	164689	12.097	0.064	36.325908	-78.406772                                                                                                                                                 
27537	480832815	28638206	185.651	11.057	36.358726	-78.398384                                                                                                                                            
27539	80293532	713572	31.002	0.276	35.676533	-78.813447                                                                                                                                                 
27540	124295805	2996322	47.991	1.157	35.620169	-78.865047                                                                                                                                               
27541	179740381	668949	69.398	0.258	36.264862	-79.083217                                                                                                                                                
27542	233356699	3709790	90.1	1.432	35.618293	-78.136838                                                                                                                                                 
27544	155758334	205123	60.139	0.079	36.191235	-78.440476                                                                                                                                                
27545	81965278	319940	31.647	0.124	35.783679	-78.483355                                                                                                                                                 
27546	317305265	5925580	122.512	2.288	35.385348	-78.862122                                                                                                                                              
27549	599986981	4022297	231.656	1.553	36.099641	-78.251246                                                                                                                                              
27551	213146742	8224195	82.296	3.175	36.432843	-78.05017                                                                                                                                                
27553	99876549	17000877	38.563	6.564	36.486498	-78.302798                                                                                                                                               
27555	1085963	0	0.419	0.	35.562379	-78.203517                                                                                                                                                           
27556	5453148	17425	2.105	0.007	36.396988	-78.309433                                                                                                                                                    
27557	173925959	993280	67.153	0.384	35.779135	-78.198512                                                                                                                                                
27559	131117686	1836623	50.625	0.709	35.628213	-79.102818                                                                                                                                               
27560	70960129	2218383	27.398	0.857	35.8576	-78.827114                                                                                                                                                  
27562	140495297	23271721	54.246	8.985	35.641978	-78.975581                                                                                                                                              
27563	184868559	504054	71.378	0.195	36.421506	-78.221435                                                                                                                                                
27565	826157614	2414208	318.981	0.932	36.361651	-78.648952                                                                                                                                              
27568	3145490	0	1.214	0.	35.511274	-78.24291                                                                                                                                                            
27569	207238628	395217	80.015	0.153	35.429475	-78.172122                                                                                                                                                
27570	209219	0	0.081	0.	36.438631	-78.236608                                                                                                                                                            
27571	12591073	83510	4.861	0.032	35.9246	-78.461452                                                                                                                                                     
27572	275431029	1272814	106.345	0.491	36.255106	-78.877494                                                                                                                                              
27573	44826282	119361	17.308	0.046	36.399018	-78.975126                                                                                                                                                 
27574	496345483	14955340	191.64	5.774	36.475265	-78.842101                                                                                                                                              
27576	210606732	274216	81.316	0.106	35.577524	-78.261311                                                                                                                                                
27577	268623270	1292790	103.716	0.499	35.491935	-78.344614                                                                                                                                              
27581	93736364	1646355	36.192	0.636	36.203077	-78.736103                                                                                                                                                
27582	2627352	0	1.014	0.	36.447352	-78.569089                                                                                                                                                           
27583	127403235	421761	49.191	0.163	36.309693	-78.930583                                                                                                                                                
27584	11436465	0	4.416	0.	36.493383	-78.445998                                                                                                                                                          
27587	272273184	12777872	105.125	4.934	35.980838	-78.55105                                                                                                                                              
27589	438930513	1151764	169.472	0.445	36.322541	-78.133484                                                                                                                                              
27591	172589690	893693	66.637	0.345	35.78417	-78.388984                                                                                                                                                 
27592	101611193	440265	39.232	0.17	35.55738	-78.67227                                                                                                                                                   
27593	430703	0	0.166	0.	35.585803	-78.362338                                                                                                                                                            
27594	3554589	0	1.372	0.	36.472959	-78.166215                                                                                                                                                           
27596	136798575	812363	52.818	0.314	35.99965	-78.434962                                                                                                                                                 
27597	306841942	2176913	118.472	0.841	35.841624	-78.302798                                                                                                                                              
27599	258215	0	0.1	0.	35.904045	-79.052134                                                                                                                                                              
27601	4709755	0	1.818	0.	35.773661	-78.634563                                                                                                                                                           
27603	133157279	331598	51.412	0.128	35.664796	-78.653677                                                                                                                                                
27604	49538253	620585	19.127	0.24	35.822932	-78.562057                                                                                                                                                  
27605	2651507	0	1.024	0.	35.790408	-78.654564                                                                                                                                                           
27606	63364865	3552839	24.465	1.372	35.742323	-78.715478                                                                                                                                                
27607	44986855	339249	17.37	0.131	35.817784	-78.727509                                                                                                                                                  
27608	8935917	29014	3.45	0.011	35.8103	-78.648658                                                                                                                                                       
27609	28337960	90483	10.941	0.035	35.843765	-78.633643                                                                                                                                                  
27610	116906636	427621	45.138	0.165	35.7444	-78.546278                                                                                                                                                  
27612	43008661	307321	16.606	0.119	35.850277	-78.703864                                                                                                                                                 
27613	66042521	395659	25.499	0.153	35.926102	-78.711414                                                                                                                                                 
27614	71829578	6286122	27.734	2.427	35.94593	-78.619494                                                                                                                                                 
27615	48941953	343941	18.897	0.133	35.898491	-78.635653                                                                                                                                                 
27616	58323850	112605	22.519	0.043	35.866514	-78.541313                                                                                                                                                 
27617	21426198	3744	8.273	0.001	35.908845	-78.772396                                                                                                                                                    
27695	656100	0	0.253	0.	35.785489	-78.67893                                                                                                                                                             
27697	27213	0	0.011	0.	35.778803	-78.622967                                                                                                                                                             
27701	13596062	1025	5.249	0.	35.99924	-78.897944                                                                                                                                                        
27703	127084285	9171386	49.068	3.541	35.961286	-78.805228                                                                                                                                               
27704	108573094	10032546	41.92	3.874	36.042446	-78.828771                                                                                                                                               
27705	108950136	838172	42.066	0.324	36.025112	-78.982067                                                                                                                                                
27707	53623240	210147	20.704	0.081	35.954525	-78.953317                                                                                                                                                 
27708	1127983	0	0.436	0.	36.0001	-78.943102                                                                                                                                                             
27709	14846467	30507	5.732	0.012	35.920066	-78.867067                                                                                                                                                   
27712	86435663	1332683	33.373	0.515	36.095484	-78.904075                                                                                                                                                
27713	91581025	11224404	35.36	4.334	35.883522	-78.935541                                                                                                                                                
27801	172614486	665369	66.647	0.257	35.913446	-77.725699                                                                                                                                                
27803	108633958	2098515	41.944	0.81	35.891404	-77.84949                                                                                                                                                 
27804	111051217	290050	42.877	0.112	35.989164	-77.842711                                                                                                                                                
27805	281239023	0	108.587	0.	36.208571	-77.088582                                                                                                                                                       
27806	353265711	90382848	136.397	34.897	35.304999	-76.756067                                                                                                                                            
27807	124687850	489453	48.142	0.189	35.811382	-78.085982                                                                                                                                                
27808	119122837	49754269	45.994	19.21	35.467089	-76.759752                                                                                                                                              
27809	198947914	607827	76.814	0.235	36.016777	-77.74162                                                                                                                                                 
27810	524395252	136527829	202.47	52.714	35.549649	-76.512464                                                                                                                                            
27812	151859126	0	58.633	0.	35.805032	-77.376162                                                                                                                                                        
27813	2849481	4979	1.1	0.002	35.634739	-77.937516                                                                                                                                                       
27814	197643729	34466705	76.311	13.308	35.380118	-76.932428                                                                                                                                             
27815	3274603	0	1.264	0.	35.924689	-77.693027                                                                                                                                                           
27816	168401389	660788	65.02	0.255	36.108768	-78.072959                                                                                                                                                 
27817	261053703	14366104	100.793	5.547	35.451821	-77.081218                                                                                                                                             
27818	158535959	2814977	61.211	1.087	36.499725	-77.018505                                                                                                                                               
27819	3601969	0	1.391	0.	35.814154	-77.457328                                                                                                                                                           
27820	147919228	388005	57.112	0.15	36.421515	-77.241567                                                                                                                                                 
27821	16613471	256684	6.414	0.099	35.322066	-76.874087                                                                                                                                                  
27822	226953852	1420594	87.627	0.548	35.807012	-77.840457                                                                                                                                               
27823	475758905	1726950	183.692	0.667	36.209653	-77.713733                                                                                                                                              
27824	420062366	50318764	162.187	19.428	35.551546	-76.005215                                                                                                                                            
27825	963864	0	0.372	0.	35.835279	-77.171481                                                                                                                                                            
27826	413935156	5372336	159.821	2.074	35.59534	-76.243592                                                                                                                                               
27827	495717	0	0.191	0.	35.698211	-77.512233                                                                                                                                                            
27828	205410949	211703	79.31	0.082	35.585151	-77.577415                                                                                                                                                 
27829	119756770	211908	46.238	0.082	35.699996	-77.605652                                                                                                                                                
27830	151097957	181744	58.339	0.07	35.564168	-77.950309                                                                                                                                                 
27831	161234112	6539746	62.253	2.525	36.463087	-77.570553                                                                                                                                               
27832	86436180	10955842	33.373	4.23	36.519809	-77.740128                                                                                                                                                
27834	451399691	3989096	174.286	1.54	35.65677	-77.379527                                                                                                                                                
27837	152548724	1031247	58.899	0.398	35.513865	-77.2046                                                                                                                                                 
27839	361974480	287065	139.759	0.111	36.284912	-77.55688                                                                                                                                                
27840	14360876	13587	5.545	0.005	35.929708	-77.238886                                                                                                                                                   
27841	690101	0	0.266	0.	35.908579	-77.27636                                                                                                                                                             
27842	27299497	13170013	10.54	5.085	36.526749	-77.851988                                                                                                                                                
27843	157743845	11486	60.905	0.004	35.995534	-77.400001                                                                                                                                                 
27844	140026633	611159	54.065	0.236	36.242713	-77.946425                                                                                                                                                
27845	253389098	1280792	97.834	0.495	36.371267	-77.43999                                                                                                                                                
27846	242544548	368109	93.647	0.142	35.758568	-76.897527                                                                                                                                                
27847	117319853	803321	45.297	0.31	36.178202	-77.201851                                                                                                                                                 
27849	192735470	2512939	74.416	0.97	36.077306	-77.215025                                                                                                                                                
27850	494608317	31064721	190.969	11.994	36.412391	-77.880191                                                                                                                                            
27851	114791635	55522	44.321	0.021	35.640083	-78.030678                                                                                                                                                 
27852	124624606	530721	48.118	0.205	35.750459	-77.636931                                                                                                                                                
27853	96155068	266479	37.126	0.103	36.515237	-77.307178                                                                                                                                                 
27855	142411484	953155	54.985	0.368	36.415557	-77.069339                                                                                                                                                
27856	331098943	1036750	127.838	0.4	36.01368	-77.980574                                                                                                                                                 
27857	191353592	132190	73.882	0.051	35.970826	-77.261068                                                                                                                                                
27858	159014553	525556	61.396	0.203	35.532451	-77.282787                                                                                                                                                
27860	382725532	14040396	147.771	5.421	35.664163	-76.635302                                                                                                                                             
27861	1196084	0	0.462	0.	35.817205	-77.319014                                                                                                                                                           
27862	117119458	625968	45.22	0.242	36.490175	-77.188291                                                                                                                                                 
27863	171276148	480556	66.13	0.186	35.488165	-77.971796                                                                                                                                                 
27864	105434772	140935	40.709	0.054	35.801141	-77.649403                                                                                                                                                
27865	325844741	1390232	125.809	0.537	35.664024	-76.899975                                                                                                                                              
27866	67905527	225782	26.218	0.087	36.519869	-77.514565                                                                                                                                                 
27869	212688058	1874372	82.119	0.724	36.267105	-77.313433                                                                                                                                               
27870	168813768	6573666	65.179	2.538	36.425216	-77.695139                                                                                                                                               
27871	248245353	48184	95.848	0.019	35.802069	-77.260565                                                                                                                                                 
27872	5258672	0	2.03	0.	36.200954	-77.246027                                                                                                                                                            
27873	1453488	0	0.561	0.	35.653316	-77.776044                                                                                                                                                           
27874	349313941	964793	134.871	0.373	36.129011	-77.410692                                                                                                                                               
27875	143798841	100958915	55.521	38.98	35.455706	-76.504667                                                                                                                                             
27876	108479546	523399	41.884	0.202	36.474414	-77.405107                                                                                                                                                
27877	504179	0	0.195	0.	36.51881	-77.192219                                                                                                                                                             
27878	2004810	0	0.774	0.	35.866059	-77.830532                                                                                                                                                           
27879	752281	0	0.29	0.	35.574488	-77.279651                                                                                                                                                             
27880	66161777	5421818	25.545	2.093	35.730736	-78.080589                                                                                                                                                
27881	228727	0	0.088	0.	35.97022	-77.442266                                                                                                                                                             
27882	268296730	827982	103.59	0.32	35.942383	-78.118404                                                                                                                                                 
27883	204384878	702709	78.913	0.271	35.592408	-77.804368                                                                                                                                                
27884	92685326	132165	35.786	0.051	35.70352	-77.266635                                                                                                                                                  
27885	321210143	279145367	124.02	107.779	35.420015	-76.247278                                                                                                                                           
27886	495938215	2455686	191.483	0.948	35.904662	-77.511738                                                                                                                                              
27888	146739774	59203	56.657	0.023	35.595826	-77.702269                                                                                                                                                 
27889	456185187	31650597	176.134	12.22	35.580432	-77.025019                                                                                                                                             
27890	23844816	132385	9.207	0.051	36.41418	-77.587745                                                                                                                                                   
27891	365087750	683896	140.961	0.264	36.097735	-77.742789                                                                                                                                               
27892	479086239	232724	184.976	0.09	35.819171	-77.063472                                                                                                                                                
27893	282280054	3169163	108.989	1.224	35.693766	-77.904137                                                                                                                                              
27896	91061240	1263038	35.159	0.488	35.791004	-77.976382                                                                                                                                                
27897	114416130	0	44.176	0.	36.324597	-77.20968                                                                                                                                                         
27909	587648116	68774650	226.892	26.554	36.288605	-76.268734                                                                                                                                            
27910	378638656	159540	146.193	0.062	36.281756	-76.993403                                                                                                                                               
27915	21133748	12881535	8.16	4.974	35.336654	-75.512063                                                                                                                                                 
27916	22014482	0	8.5	0.	36.329315	-75.920051                                                                                                                                                            
27917	51128242	10801159	19.741	4.17	36.355136	-75.997463                                                                                                                                                
27919	153786141	8506	59.377	0.003	36.308171	-76.504283                                                                                                                                                  
27920	20313295	2467327	7.843	0.953	35.253294	-75.538313                                                                                                                                                 
27921	165349914	26928037	63.842	10.397	36.3298	-76.147832                                                                                                                                               
27922	109696039	1259386	42.354	0.486	36.316755	-76.84221                                                                                                                                                
27923	13386961	72909753	5.169	28.151	36.368236	-75.930826                                                                                                                                               
27924	253607515	16782251	97.918	6.48	36.168447	-76.832521                                                                                                                                               
27925	782085260	162041596	301.965	62.565	35.841184	-76.173324                                                                                                                                           
27926	93738438	13082	36.193	0.005	36.505115	-76.604925                                                                                                                                                  
27927	68859031	112872830	26.587	43.58	36.331206	-75.851203                                                                                                                                              
27928	389401366	64947373	150.349	25.076	35.808824	-76.437748                                                                                                                                            
27929	40114444	32418581	15.488	12.517	36.439195	-76.016487                                                                                                                                              
27932	337734247	12115712	130.4	4.678	36.09419	-76.588045                                                                                                                                                
27935	157992936	4966247	61.001	1.917	36.431079	-76.868092                                                                                                                                               
27936	13496109	4696593	5.211	1.813	35.247856	-75.59873                                                                                                                                                  
27937	209560495	1293643	80.912	0.499	36.512279	-76.773947                                                                                                                                               
27938	132300622	6945896	51.082	2.682	36.384296	-76.716                                                                                                                                                  
27939	19782120	2931827	7.638	1.132	36.235206	-75.879817                                                                                                                                                 
27941	6584933	10228805	2.542	3.949	36.092315	-75.822829                                                                                                                                                 
27942	72009507	10421335	27.803	4.024	36.297139	-76.750854                                                                                                                                               
27943	6938803	5134934	2.679	1.983	35.207826	-75.717187                                                                                                                                                  
27944	453567968	69456597	175.124	26.817	36.180897	-76.403244                                                                                                                                            
27946	113315260	3137	43.751	0.001	36.364231	-76.590231                                                                                                                                                  
27947	26750118	23999968	10.328	9.266	36.167137	-75.853521                                                                                                                                               
27948	23962700	15891855	9.252	6.136	36.019229	-75.692172                                                                                                                                                
27949	39310032	58216671	15.178	22.478	36.109859	-75.745433                                                                                                                                              
27950	76969988	57335200	29.718	22.137	36.500551	-75.973664                                                                                                                                              
27953	679123331	165688521	262.211	63.973	35.803985	-75.875404                                                                                                                                           
27954	22929687	12396958	8.853	4.786	35.91271	-75.685335                                                                                                                                                 
27956	7130602	0	2.753	0.	36.399985	-76.001115                                                                                                                                                           
27957	139176458	30090041	53.736	11.618	36.066297	-76.759059                                                                                                                                             
27958	206762617	3997260	79.831	1.543	36.501198	-76.17333                                                                                                                                                
27959	38042732	37012719	14.688	14.291	35.891936	-75.603436                                                                                                                                              
27960	22533650	19339212	8.7	7.467	35.073231	-75.998527                                                                                                                                                  
27962	220200748	474957	85.02	0.183	35.762002	-76.776452                                                                                                                                                 
27964	4234165	42603801	1.635	16.449	36.127053	-75.804257                                                                                                                                                
27965	46752883	27353661	18.051	10.561	36.292401	-75.932948                                                                                                                                              
27966	27697631	533753	10.694	0.206	36.125626	-75.848248                                                                                                                                                 
27967	14865400	0	5.74	0.	36.222319	-76.908397                                                                                                                                                           
27968	19662589	13564208	7.592	5.237	35.658631	-75.489189                                                                                                                                                
27969	6717705	0	2.594	0.	36.463307	-76.802587                                                                                                                                                           
27970	308983313	17924693	119.299	6.921	35.908747	-76.620202                                                                                                                                             
27972	2546389	13994	0.983	0.005	35.552458	-75.471299                                                                                                                                                    
27973	96128416	156116	37.115	0.06	36.371209	-76.055514                                                                                                                                                  
27974	117452372	49200378	45.349	18.996	36.243057	-75.989559                                                                                                                                             
27976	303649058	675	117.24	0.	36.47861	-76.336271                                                                                                                                                       
27978	76100670	18733854	29.383	7.233	35.672202	-75.773128                                                                                                                                               
27979	183162007	70003	70.719	0.027	36.436768	-76.560679                                                                                                                                                 
27980	126249775	222460	48.745	0.086	36.245324	-76.619385                                                                                                                                                
27981	23599441	8628447	9.112	3.331	35.852855	-75.637424                                                                                                                                                 
27982	1711703	31455	0.661	0.012	35.5659	-75.465481                                                                                                                                                      
27983	822665765	23889758	317.633	9.224	35.96203	-76.935766                                                                                                                                              
27985	680394	0	0.263	0.	36.218808	-76.473719                                                                                                                                                            
27986	37089061	3129025	14.32	1.208	36.388979	-76.918295                                                                                                                                                 
28001	340258608	4495035	131.375	1.736	35.338552	-80.208179                                                                                                                                              
28006	11924241	11985	4.604	0.005	35.410436	-81.092005                                                                                                                                                   
28007	23690951	0	9.147	0.	35.121694	-80.130521                                                                                                                                                          
28009	7348503	1400859	2.837	0.541	35.407846	-80.107195                                                                                                                                                  
28012	70580379	9858240	27.251	3.806	35.211504	-81.037865                                                                                                                                                
28016	111290128	1031359	42.969	0.398	35.314932	-81.283292                                                                                                                                               
28017	444841	0	0.172	0.	35.247082	-81.670682                                                                                                                                                            
28018	257686220	146461	99.493	0.057	35.48898	-81.803385                                                                                                                                                 
28019	136574	0	0.053	0.	35.283896	-81.793877                                                                                                                                                            
28020	119851364	0	46.275	0.	35.524091	-81.643245                                                                                                                                                        
28021	152326530	2712988	58.814	1.047	35.400774	-81.403346                                                                                                                                               
28023	120538856	324553	46.54	0.125	35.568585	-80.602542                                                                                                                                                 
28024	734956	0	0.284	0.	35.24331	-81.770575                                                                                                                                                             
28025	280691265	705867	108.376	0.273	35.382565	-80.523443                                                                                                                                               
28027	178706220	5089347	68.999	1.965	35.413317	-80.67547                                                                                                                                                
28031	36206531	25534791	13.979	9.859	35.475193	-80.893685                                                                                                                                               
28032	5372548	397359	2.074	0.153	35.233033	-81.079513                                                                                                                                                   
28033	41814106	202640	16.145	0.078	35.419107	-81.328427                                                                                                                                                 
28034	118232134	998129	45.65	0.385	35.353664	-81.178943                                                                                                                                                 
28036	60677583	1624174	23.428	0.627	35.482087	-80.793351                                                                                                                                                
28037	115835008	22386197	44.724	8.643	35.495486	-81.018484                                                                                                                                              
28039	152305	0	0.059	0.	35.680389	-80.436238                                                                                                                                                            
28040	175504907	32976	67.763	0.013	35.389977	-81.752184                                                                                                                                                 
28041	122385	0	0.047	0.	35.587422	-80.462535                                                                                                                                                            
28042	1305234	11829	0.504	0.005	35.422984	-81.507477                                                                                                                                                    
28043	171677164	364668	66.285	0.141	35.312387	-81.870315                                                                                                                                                
28052	107244193	553770	41.407	0.214	35.227964	-81.231691                                                                                                                                                
28054	50074899	148281	19.334	0.057	35.261363	-81.15015                                                                                                                                                  
28056	125017484	668269	48.27	0.258	35.216936	-81.125003                                                                                                                                                 
28071	126501722	140774	48.843	0.054	35.517515	-80.315893                                                                                                                                                
28072	2066068	0	0.798	0.	35.613219	-80.442328                                                                                                                                                           
28073	66618919	135755	25.722	0.052	35.198574	-81.483785                                                                                                                                                 
28074	319234	0	0.123	0.	35.239358	-81.878193                                                                                                                                                            
28075	54650438	0	21.101	0.	35.30191	-80.63927                                                                                                                                                           
28076	2707052	0	1.045	0.	35.256446	-81.77952                                                                                                                                                            
28077	1513664	24001	0.584	0.009	35.404802	-81.20277                                                                                                                                                     
28078	165049820	9654328	63.726	3.728	35.404779	-80.866541                                                                                                                                               
28079	120707029	995920	46.605	0.385	35.114666	-80.600597                                                                                                                                                
28080	104308148	354710	40.274	0.137	35.456746	-81.105685                                                                                                                                                
28081	78407543	1096842	30.273	0.423	35.502816	-80.670173                                                                                                                                                
28083	51794064	1275767	19.998	0.493	35.491833	-80.582207                                                                                                                                                
28086	234492180	1196357	90.538	0.462	35.244164	-81.377912                                                                                                                                               
28088	7350678	0	2.838	0.	35.54438	-80.61463                                                                                                                                                             
28089	1081028	0	0.417	0.	35.320272	-81.66069                                                                                                                                                            
28090	242769951	691189	93.734	0.267	35.454659	-81.559555                                                                                                                                                
28091	242447135	11670258	93.609	4.506	34.987392	-79.933002                                                                                                                                              
28092	310600820	1582275	119.924	0.611	35.483239	-81.253054                                                                                                                                              
28097	77931361	0	30.089	0.	35.296733	-80.39332                                                                                                                                                          
28098	9431379	211909	3.641	0.082	35.271135	-81.100787                                                                                                                                                   
28101	1321598	117850	0.51	0.046	35.255802	-81.075416                                                                                                                                                    
28102	2381548	0	0.92	0.	34.814818	-79.976632                                                                                                                                                            
28103	396682714	3247336	153.16	1.254	34.998974	-80.351455                                                                                                                                               
28104	76675002	858054	29.604	0.331	35.057978	-80.697771                                                                                                                                                 
28105	60176945	409462	23.234	0.158	35.119788	-80.709693                                                                                                                                                 
28107	126555952	88623	48.864	0.034	35.252973	-80.51803                                                                                                                                                  
28108	531378	11475	0.205	0.004	34.933185	-80.679471                                                                                                                                                     
28109	1492086	0	0.576	0.	35.48289	-80.279892                                                                                                                                                            
28110	329893044	4243024	127.372	1.638	35.066044	-80.509089                                                                                                                                              
28112	342212952	3964755	132.129	1.531	34.889925	-80.549548                                                                                                                                              
28114	169974276	1395781	65.627	0.539	35.230441	-81.747702                                                                                                                                               
28115	193260519	1280408	74.618	0.494	35.575398	-80.774914                                                                                                                                               
28117	101241161	40608316	39.089	15.679	35.574965	-80.894155                                                                                                                                             
28119	173350635	831448	66.931	0.321	34.847539	-80.013943                                                                                                                                                
28120	81254436	4926111	31.373	1.902	35.328586	-81.026424                                                                                                                                                
28124	150465607	88299	58.095	0.034	35.400074	-80.408289                                                                                                                                                 
28125	99410434	92397	38.383	0.036	35.659025	-80.698613                                                                                                                                                  
28127	193104124	25504375	74.558	9.847	35.450168	-80.167234                                                                                                                                              
28128	177029096	9600459	68.351	3.707	35.210699	-80.154524                                                                                                                                               
28129	112375179	0	43.388	0.	35.232252	-80.327397                                                                                                                                                        
28133	211579540	165669	81.691	0.064	34.844926	-80.265681                                                                                                                                                
28134	21600731	181903	8.34	0.07	35.084481	-80.891536                                                                                                                                                    
28135	261453052	178574	100.948	0.069	35.02977	-80.217264                                                                                                                                                
28136	202459	0	0.078	0.	35.420501	-81.642411                                                                                                                                                            
28137	114894666	5029237	44.361	1.942	35.490898	-80.263638                                                                                                                                               
28138	116419603	163458	44.95	0.063	35.514441	-80.437354                                                                                                                                                 
28139	471006965	414708	181.857	0.16	35.348363	-81.994737                                                                                                                                                
28144	77885080	1210936	30.072	0.468	35.715746	-80.458946                                                                                                                                                
28146	251526945	23131142	97.115	8.931	35.621144	-80.395596                                                                                                                                              
28147	200988055	85566	77.602	0.033	35.681053	-80.562965                                                                                                                                                 
28150	283566131	3761015	109.485	1.452	35.342703	-81.576248                                                                                                                                              
28152	205911630	1067524	79.503	0.412	35.240769	-81.591391                                                                                                                                               
28159	5787393	0	2.235	0.	35.694166	-80.435209                                                                                                                                                           
28160	14262214	0	5.507	0.	35.360671	-81.922286                                                                                                                                                          
28163	90134614	0	34.801	0.	35.20702	-80.428498                                                                                                                                                          
28164	106216026	1155474	41.01	0.446	35.389444	-81.037135                                                                                                                                                
28166	75096423	3832923	28.995	1.48	35.677222	-80.867951                                                                                                                                                 
28167	190517736	355500	73.559	0.137	35.506425	-81.959442                                                                                                                                                
28168	225404274	908246	87.029	0.351	35.552363	-81.425084                                                                                                                                                
28169	1517968	12079	0.586	0.005	35.358117	-81.430602                                                                                                                                                    
28170	460835799	1780514	177.93	0.687	34.998714	-80.098784                                                                                                                                               
28173	275392352	3512166	106.33	1.356	34.919177	-80.730565                                                                                                                                               
28174	94279628	1013760	36.402	0.391	34.969035	-80.43958                                                                                                                                                 
28202	4673167	5315	1.804	0.002	35.227271	-80.844194                                                                                                                                                     
28203	8112533	2484	3.132	0.001	35.209006	-80.857571                                                                                                                                                     
28204	4567203	0	1.763	0.	35.2146	-80.826754                                                                                                                                                             
28205	30633090	31049	11.828	0.012	35.218774	-80.789616                                                                                                                                                  
28206	18073338	2754	6.978	0.001	35.255423	-80.821516                                                                                                                                                    
28207	6292663	20241	2.43	0.008	35.194148	-80.824585                                                                                                                                                     
28208	52410527	64075	20.236	0.025	35.232005	-80.904989                                                                                                                                                  
28209	14221265	26851	5.491	0.01	35.178714	-80.853985                                                                                                                                                    
28210	32124151	191465	12.403	0.074	35.130509	-80.856685                                                                                                                                                 
28211	28365610	56110	10.952	0.022	35.166342	-80.797285                                                                                                                                                  
28212	23788793	144774	9.185	0.056	35.187703	-80.744556                                                                                                                                                  
28213	36838785	226632	14.224	0.088	35.286229	-80.735231                                                                                                                                                 
28214	87813265	4385935	33.905	1.693	35.272034	-80.968109                                                                                                                                                
28215	74721426	465412	28.85	0.18	35.24557	-80.69893                                                                                                                                                     
28216	77751032	1962833	30.02	0.758	35.31019	-80.889636                                                                                                                                                  
28217	38675253	355454	14.933	0.137	35.168745	-80.908364                                                                                                                                                 
28223	1762520	8270	0.681	0.003	35.308875	-80.732499                                                                                                                                                     
28226	38143825	331483	14.727	0.128	35.102697	-80.822129                                                                                                                                                 
28227	104009146	830486	40.158	0.321	35.189567	-80.645408                                                                                                                                                
28244	19679	0	0.008	0.	35.224605	-80.843094                                                                                                                                                             
28262	54405249	235037	21.006	0.091	35.322061	-80.739972                                                                                                                                                 
28269	79178795	624850	30.571	0.241	35.337313	-80.803472                                                                                                                                                 
28270	32179363	127845	12.425	0.049	35.112035	-80.764605                                                                                                                                                 
28273	58320680	342980	22.518	0.132	35.123659	-80.948455                                                                                                                                                 
28274	153707	0	0.059	0.	35.189104	-80.83384                                                                                                                                                             
28277	62545524	761989	24.149	0.294	35.049856	-80.818019                                                                                                                                                 
28278	74612384	9564163	28.808	3.693	35.133373	-81.008837                                                                                                                                                
28280	19577	0	0.008	0.	35.226332	-80.843091                                                                                                                                                             
28282	18417	0	0.007	0.	35.224815	-80.845277                                                                                                                                                             
28301	32122916	358887	12.403	0.139	35.0748	-78.884257                                                                                                                                                   
28303	39884384	487168	15.399	0.188	35.085631	-78.959361                                                                                                                                                 
28304	45051212	562913	17.394	0.217	35.025528	-78.989604                                                                                                                                                 
28305	6735538	201709	2.601	0.078	35.052609	-78.907244                                                                                                                                                   
28306	180641440	2544101	69.746	0.982	34.958495	-78.896848                                                                                                                                               
28307	23092980	37071	8.916	0.014	35.139602	-78.993577                                                                                                                                                   
28308	7073629	0	2.731	0.	35.172036	-79.014963                                                                                                                                                           
28310	112861735	435463	43.576	0.168	35.124541	-79.04339                                                                                                                                                 
28311	94624266	1275235	36.535	0.492	35.167769	-78.888697                                                                                                                                                
28312	425078551	4089946	164.124	1.579	34.947752	-78.738133                                                                                                                                              
28314	50202459	1079411	19.383	0.417	35.053208	-79.01547                                                                                                                                                 
28315	168163293	975867	64.928	0.377	35.115044	-79.448548                                                                                                                                                
28318	208858713	98263	80.641	0.038	35.010768	-78.62373                                                                                                                                                  
28320	300343597	602698	115.963	0.233	34.558122	-78.772715                                                                                                                                               
28323	96233806	636973	37.156	0.246	35.314791	-78.834376                                                                                                                                                 
28325	2455393	0	0.948	0.	35.15337	-78.10422                                                                                                                                                             
28326	304870265	1828879	117.711	0.706	35.269044	-79.15469                                                                                                                                               
28327	483247535	3390330	186.583	1.309	35.358148	-79.422784                                                                                                                                              
28328	636586494	1637162	245.787	0.632	35.00513	-78.334419                                                                                                                                               
28330	889960	0	0.344	0.	34.910673	-79.823315                                                                                                                                                            
28331	1314604	316	0.508	0.	35.196432	-78.648539                                                                                                                                                         
28332	8811328	18477	3.402	0.007	34.655389	-78.699284                                                                                                                                                    
28333	118324325	1059016	45.685	0.409	35.286131	-78.017373                                                                                                                                               
28334	415049877	3568525	160.252	1.378	35.272208	-78.568104                                                                                                                                              
28337	429861072	12909754	165.97	4.984	34.655856	-78.571951                                                                                                                                              
28338	380769993	2436371	147.016	0.941	35.098899	-79.744237                                                                                                                                              
28339	92144298	1923113	35.577	0.743	35.31054	-78.732747                                                                                                                                                 
28340	319360185	655119	123.306	0.253	34.471354	-79.134422                                                                                                                                               
28341	242374352	590130	93.581	0.228	35.119876	-78.174437                                                                                                                                                
28342	2153212	2391	0.831	0.001	35.18567	-78.651615                                                                                                                                                      
28343	40239597	68104	15.537	0.026	34.757362	-79.564875                                                                                                                                                  
28344	95099527	193006	36.718	0.075	35.167989	-78.622725                                                                                                                                                 
28345	184086877	1041257	71.076	0.402	34.870288	-79.66564                                                                                                                                                
28347	97604575	294344	37.685	0.114	35.052588	-79.558842                                                                                                                                                 
28348	109330753	769656	42.213	0.297	34.914973	-78.927021                                                                                                                                                
28349	171216944	1305512	66.107	0.504	34.981159	-77.927059                                                                                                                                               
28350	5278113	216553	2.038	0.084	35.246712	-79.314996                                                                                                                                                   
28351	152343567	994584	58.82	0.384	34.848096	-79.576652                                                                                                                                                 
28352	324162230	1206169	125.16	0.466	34.768395	-79.453559                                                                                                                                               
28355	39936	0	0.015	0.	35.390535	-79.19515                                                                                                                                                              
28356	143165284	1524691	55.276	0.589	35.23702	-78.790396                                                                                                                                                
28357	90754317	305985	35.04	0.118	34.902094	-79.083013                                                                                                                                                  
28358	509211766	929487	196.608	0.359	34.607857	-78.934772                                                                                                                                               
28359	125724	0	0.049	0.	34.58685	-79.054744                                                                                                                                                             
28360	187133846	407650	72.253	0.157	34.670328	-79.07494                                                                                                                                                 
28362	971242	0	0.375	0.	34.369609	-79.128839                                                                                                                                                            
28363	192734423	1259615	74.415	0.486	34.948668	-79.529934                                                                                                                                               
28364	347973500	1559099	134.353	0.602	34.707928	-79.322676                                                                                                                                              
28365	495629188	2791980	191.364	1.078	35.17233	-78.052287                                                                                                                                               
28366	222650261	817919	85.966	0.316	35.230228	-78.362014                                                                                                                                                
28367	1443739	0	0.557	0.	35.169804	-79.723229                                                                                                                                                           
28368	891737	0	0.344	0.	35.369444	-79.113313                                                                                                                                                            
28369	192766703	163323	74.428	0.063	34.423373	-79.029416                                                                                                                                                
28371	87074700	748621	33.62	0.289	34.91065	-78.978348                                                                                                                                                   
28372	114635918	0	44.261	0.	34.699915	-79.178622                                                                                                                                                        
28373	33435963	146432	12.91	0.057	35.09347	-79.485597                                                                                                                                                   
28374	54478802	1823293	21.034	0.704	35.18928	-79.459071                                                                                                                                                 
28375	3927249	0	1.516	0.	34.477245	-79.043363                                                                                                                                                           
28376	721797333	2840682	278.688	1.097	35.04681	-79.241396                                                                                                                                               
28377	261148527	1166913	100.83	0.451	34.836294	-79.210785                                                                                                                                               
28378	2899704	0	1.12	0.	34.858772	-79.050603                                                                                                                                                            
28379	392534048	9063450	151.558	3.499	34.929217	-79.786856                                                                                                                                              
28382	291836572	778775	112.679	0.301	34.926629	-78.560381                                                                                                                                               
28383	273257574	18698	105.505	0.007	34.577871	-79.26909                                                                                                                                                 
28384	262754141	439258	101.45	0.17	34.79156	-78.94141                                                                                                                                                   
28385	103231688	437104	39.858	0.169	35.048	-78.499648                                                                                                                                                   
28386	111882918	198521	43.198	0.077	34.862965	-79.128433                                                                                                                                                
28387	76445151	557747	29.516	0.215	35.180486	-79.375695                                                                                                                                                 
28390	155901908	1405142	60.194	0.543	35.220889	-78.953309                                                                                                                                               
28391	101895720	81261	39.342	0.031	35.03417	-78.698638                                                                                                                                                  
28392	96937416	1244660	37.428	0.481	34.734741	-78.795411                                                                                                                                                
28393	121403372	289448	46.874	0.112	34.981087	-78.18948                                                                                                                                                 
28394	106900862	4946772	41.275	1.91	35.217455	-79.241537                                                                                                                                                
28395	130462002	898337	50.372	0.347	35.130166	-78.727024                                                                                                                                                
28396	141054566	804248	54.461	0.311	34.955073	-79.413862                                                                                                                                                
28398	244066294	1687807	94.235	0.652	34.98978	-78.064173                                                                                                                                                
28399	205274341	4282362	79.257	1.653	34.769386	-78.719612                                                                                                                                               
28401	80258531	13767408	30.988	5.316	34.291985	-77.972365                                                                                                                                               
28403	36335340	1001546	14.029	0.387	34.221692	-77.880633                                                                                                                                                
28405	60979286	1191474	23.544	0.46	34.264179	-77.868315                                                                                                                                                 
28409	58008068	13293452	22.397	5.133	34.150625	-77.86031                                                                                                                                                
28411	106761483	5175456	41.221	1.998	34.301829	-77.793066                                                                                                                                               
28412	57587446	13312289	22.235	5.14	34.136589	-77.920579                                                                                                                                                
28420	443121722	970010	171.09	0.375	34.054572	-78.468698                                                                                                                                                
28421	146462848	772800	56.55	0.298	34.505123	-78.167047                                                                                                                                                 
28422	343744444	4474919	132.72	1.728	34.049233	-78.211058                                                                                                                                               
28423	316272403	306820	122.113	0.118	34.270145	-78.404519                                                                                                                                               
28424	371265	0	0.143	0.	34.290349	-78.699676                                                                                                                                                            
28425	397465173	1556896	153.462	0.601	34.560672	-77.900427                                                                                                                                              
28428	13368789	6036586	5.162	2.331	34.038615	-77.905263                                                                                                                                                 
28429	102867237	5765725	39.717	2.226	34.341211	-77.900216                                                                                                                                               
28430	121537369	126937	46.926	0.049	34.284007	-78.932772                                                                                                                                                
28431	203296029	503308	78.493	0.194	34.317376	-78.844536                                                                                                                                                
28432	88685019	376371	34.241	0.145	34.168033	-78.758709                                                                                                                                                 
28433	310257907	364849	119.791	0.141	34.488505	-78.616673                                                                                                                                               
28434	182875732	1800278	70.609	0.695	34.47245	-78.470809                                                                                                                                                
28435	227282838	4871145	87.754	1.881	34.405955	-78.109229                                                                                                                                               
28436	112900332	4666	43.591	0.002	34.246636	-78.283897                                                                                                                                                  
28438	116788537	226493	45.092	0.087	34.420395	-78.91372                                                                                                                                                 
28439	63139652	198160	24.378	0.077	34.286816	-79.001382                                                                                                                                                 
28441	374006367	314551	144.405	0.121	34.811459	-78.427416                                                                                                                                               
28442	98338439	0	37.969	0.	34.310175	-78.601091                                                                                                                                                         
28443	377671935	2318458	145.82	0.895	34.481214	-77.692847                                                                                                                                               
28444	272854614	7340840	105.35	2.834	34.688313	-78.319957                                                                                                                                               
28445	268701725	12856761	103.746	4.964	34.528849	-77.535773                                                                                                                                             
28447	259736421	174782	100.285	0.067	34.618651	-78.278106                                                                                                                                               
28448	246972462	1947242	95.357	0.752	34.518305	-78.359652                                                                                                                                               
28449	10257860	11009548	3.961	4.251	33.973269	-77.941888                                                                                                                                                
28450	150782904	36020077	58.218	13.907	34.309178	-78.496605                                                                                                                                             
28451	445996951	6712558	172.2	2.592	34.236096	-78.119072                                                                                                                                                
28452	12970252	4966	5.008	0.002	34.005054	-78.555914                                                                                                                                                    
28453	219105620	1110025	84.597	0.429	34.866406	-78.076448                                                                                                                                               
28454	209891617	0	81.04	0.	34.670298	-77.653954                                                                                                                                                         
28455	182269238	669680	70.375	0.259	34.111657	-78.631796                                                                                                                                                
28456	204145113	2819480	78.821	1.089	34.374973	-78.287201                                                                                                                                               
28457	381797622	4921953	147.413	1.9	34.456198	-77.871525                                                                                                                                                
28458	295480839	1685846	114.086	0.651	34.819856	-78.081105                                                                                                                                              
28460	72224567	21619791	27.886	8.347	34.52332	-77.417074                                                                                                                                                
28461	196561342	39328728	75.893	15.185	33.966618	-78.057598                                                                                                                                             
28462	187512633	6181362	72.399	2.387	33.999721	-78.311045                                                                                                                                               
28463	292342091	2078263	112.874	0.802	34.109764	-78.776463                                                                                                                                              
28464	63077781	342993	24.354	0.132	34.782225	-78.02108                                                                                                                                                  
28465	28256398	8805884	10.91	3.4	33.912502	-78.100479                                                                                                                                                   
28466	463791403	2370662	179.071	0.915	34.74077	-77.875702                                                                                                                                               
28467	44988636	1425140	17.37	0.55	33.917986	-78.592036                                                                                                                                                  
28468	49495956	5268042	19.11	2.034	33.899652	-78.519214                                                                                                                                                 
28469	66671951	3928999	25.742	1.517	33.93383	-78.473218                                                                                                                                                 
28470	115714251	3932504	44.678	1.518	33.96697	-78.395923                                                                                                                                                
28472	512446943	1677361	197.857	0.648	34.29902	-78.691198                                                                                                                                               
28478	318226765	605423	122.868	0.234	34.64284	-78.042039                                                                                                                                                
28479	240028138	30798937	92.675	11.892	34.100688	-78.016511                                                                                                                                             
28480	10097783	3904428	3.899	1.508	34.214753	-77.800506                                                                                                                                                 
28501	258595547	2046854	99.844	0.79	35.239084	-77.527194                                                                                                                                                
28504	313745519	1671265	121.138	0.645	35.227366	-77.635888                                                                                                                                              
28508	93549312	562363	36.12	0.217	35.099668	-77.824788                                                                                                                                                  
28509	30587	0	0.012	0.	35.145759	-76.805927                                                                                                                                                             
28510	53451118	33273950	20.638	12.847	34.987612	-76.804461                                                                                                                                              
28511	21168141	21563774	8.173	8.326	34.901116	-76.345763                                                                                                                                                
28512	15833400	45668751	6.113	17.633	34.701567	-76.806529                                                                                                                                               
28513	230348615	0	88.938	0.	35.442763	-77.389638                                                                                                                                                        
28515	198862074	42603065	76.781	16.449	35.191601	-76.689195                                                                                                                                             
28516	325571635	108056708	125.704	41.721	34.85641	-76.619618                                                                                                                                            
28518	247532487	632440	95.573	0.244	34.894823	-77.747493                                                                                                                                                
28519	3394579	1202601	1.311	0.464	35.127835	-77.012553                                                                                                                                                  
28520	237348714	272819862	91.641	105.336	34.99595	-76.466803                                                                                                                                            
28521	107157594	254251	41.374	0.098	34.817902	-77.736618                                                                                                                                                
28523	169224399	1190584	65.338	0.46	35.208786	-77.299531                                                                                                                                                
28524	9407726	23707122	3.632	9.153	34.79445	-76.463848                                                                                                                                                  
28525	122759942	456716	47.398	0.176	35.132291	-77.686672                                                                                                                                                
28526	248021684	335135	95.762	0.129	35.244705	-77.408429                                                                                                                                                
28527	167263470	456066	64.581	0.176	35.258207	-77.017502                                                                                                                                                
28528	7227227	2319160	2.79	0.895	34.73211	-76.538617                                                                                                                                                    
28529	142384869	30263482	54.975	11.685	35.103344	-76.878629                                                                                                                                             
28530	191541226	1043360	73.954	0.403	35.373976	-77.415522                                                                                                                                               
28531	5804755	4161884	2.241	1.607	34.698038	-76.555547                                                                                                                                                  
28532	428427720	95161519	165.417	36.742	34.905022	-76.886672                                                                                                                                            
28533	1810581	1020	0.699	0.	34.901925	-76.900858                                                                                                                                                        
28537	30226210	6335647	11.67	2.446	35.256616	-76.55864                                                                                                                                                  
28538	72848317	25968	28.127	0.01	35.416645	-77.565077                                                                                                                                                   
28539	199642944	5552539	77.083	2.144	34.694212	-77.232818                                                                                                                                               
28540	285710249	6360083	110.313	2.456	34.744324	-77.499048                                                                                                                                              
28542	4123908	0	1.592	0.	34.729932	-77.461943                                                                                                                                                           
28543	11855913	3942767	4.578	1.522	34.734804	-77.39805                                                                                                                                                  
28544	27513563	47495	10.623	0.018	34.696042	-77.290709                                                                                                                                                  
28546	269226366	283758	103.949	0.11	34.827304	-77.391062                                                                                                                                                
28547	186982990	87044114	72.195	33.608	34.631368	-77.32856                                                                                                                                              
28551	343711152	2024867	132.708	0.782	35.321323	-77.780856                                                                                                                                              
28552	57620889	53410967	22.248	20.622	35.2982	-76.555928                                                                                                                                                
28553	2871661	10524833	1.109	4.064	34.739158	-76.510068                                                                                                                                                 
28554	1253665	0	0.484	0.	35.475702	-77.592596                                                                                                                                                           
28555	366332577	1222109	141.442	0.472	34.867968	-77.248397                                                                                                                                              
28556	133434849	74840652	51.519	28.896	35.132807	-76.637805                                                                                                                                             
28557	36748013	23551220	14.188	9.093	34.737849	-76.750308                                                                                                                                               
28560	317405855	65750697	122.551	25.386	35.126695	-76.977628                                                                                                                                            
28562	392871550	9704841	151.689	3.747	35.080979	-77.125033                                                                                                                                              
28570	385283949	24051453	148.759	9.286	34.776989	-76.880505                                                                                                                                             
28571	131503956	60808401	50.774	23.478	35.046007	-76.703845                                                                                                                                             
28572	285636307	1214287	110.285	0.469	35.019918	-77.723833                                                                                                                                              
28573	268172075	3229209	103.542	1.247	34.979917	-77.197521                                                                                                                                              
28574	321267318	397281	124.042	0.153	34.878886	-77.589666                                                                                                                                               
28575	618745	0	0.239	0.	34.688187	-76.880939                                                                                                                                                            
28577	43847950	23673356	16.93	9.14	34.906777	-76.404402                                                                                                                                                 
28578	169704162	1280084	65.523	0.494	35.196952	-77.856972                                                                                                                                               
28579	45218434	3075526	17.459	1.187	34.812858	-76.505058                                                                                                                                                
28580	280470366	171787	108.29	0.066	35.453274	-77.679538                                                                                                                                                
28581	23587792	17296307	9.107	6.678	34.844258	-76.435553                                                                                                                                                
28582	35563497	6477631	13.731	2.501	34.748284	-77.150455                                                                                                                                                
28584	87846670	20284761	33.918	7.832	34.72401	-77.100543                                                                                                                                                
28585	524749407	1604808	202.607	0.62	35.049763	-77.41758                                                                                                                                                
28586	337550453	3004517	130.329	1.16	35.32415	-77.177411                                                                                                                                                
28587	5259519	1844345	2.031	0.712	35.186789	-76.666791                                                                                                                                                  
28589	1779464	1856700	0.687	0.717	34.796151	-76.494019                                                                                                                                                  
28590	106753464	27027	41.218	0.01	35.520683	-77.416661                                                                                                                                                  
28594	14790803	37989971	5.711	14.668	34.701105	-76.973912                                                                                                                                               
28601	121893236	8847570	47.063	3.416	35.772393	-81.326659                                                                                                                                               
28602	183010277	1208471	70.661	0.467	35.673522	-81.382627                                                                                                                                               
28604	177810765	265230	68.653	0.102	36.177556	-81.858051                                                                                                                                                
28605	84965811	536261	32.805	0.207	36.12962	-81.694915                                                                                                                                                  
28606	111395233	1029129	43.01	0.397	36.051784	-81.306878                                                                                                                                                
28607	263462762	784934	101.724	0.303	36.214937	-81.64675                                                                                                                                                
28609	118272446	5207559	45.665	2.011	35.678451	-81.057418                                                                                                                                               
28610	103365591	2095692	39.91	0.809	35.729217	-81.145335                                                                                                                                                
28611	187246460	0	72.296	0.	36.00604	-81.736971                                                                                                                                                         
28612	207220173	2056905	80.008	0.794	35.650391	-81.53756                                                                                                                                                
28613	109707771	1806699	42.358	0.698	35.737648	-81.207675                                                                                                                                               
28615	182248002	595623	70.366	0.23	36.474894	-81.670259                                                                                                                                                 
28616	1369539	0	0.529	0.	36.021459	-81.930176                                                                                                                                                           
28617	91043478	1106655	35.152	0.427	36.480702	-81.361979                                                                                                                                                
28618	97262747	27928	37.553	0.011	36.213548	-81.516925                                                                                                                                                  
28619	1222440	0	0.472	0.	35.760135	-81.606807                                                                                                                                                           
28621	175411132	1353121	67.727	0.522	36.275593	-80.785654                                                                                                                                               
28622	76883036	0	29.685	0.	36.19496	-81.948911                                                                                                                                                          
28623	77343910	336694	29.863	0.13	36.529076	-80.973414                                                                                                                                                  
28624	152012424	0	58.692	0.	36.119696	-81.413245                                                                                                                                                        
28625	516394822	3289594	199.381	1.27	35.869581	-80.889653                                                                                                                                               
28626	76963893	613384	29.716	0.237	36.292577	-81.517632                                                                                                                                                 
28627	66744363	187671	25.77	0.072	36.453586	-81.014299                                                                                                                                                  
28628	731314	0	0.282	0.	35.729174	-81.778268                                                                                                                                                            
28629	6658752	5746	2.571	0.002	36.347483	-81.359161                                                                                                                                                     
28630	157934324	4953468	60.979	1.913	35.831975	-81.42017                                                                                                                                                
28631	60216884	852040	23.25	0.329	36.547476	-81.410356                                                                                                                                                  
28634	161023882	1145716	62.172	0.442	35.972783	-80.757232                                                                                                                                               
28635	146988450	0	56.753	0.	36.332961	-81.126011                                                                                                                                                        
28636	149636682	413266	57.775	0.16	35.939426	-81.063433                                                                                                                                                 
28637	6840919	0	2.641	0.	35.717672	-81.419384                                                                                                                                                           
28638	51721248	4195	19.97	0.002	35.845093	-81.477938                                                                                                                                                    
28640	95981460	1252523	37.059	0.484	36.404873	-81.399397                                                                                                                                                
28641	226949	0	0.088	0.	35.97546	-81.894868                                                                                                                                                             
28642	83564713	749170	32.265	0.289	36.225065	-80.815479                                                                                                                                                 
28643	181201748	889167	69.962	0.343	36.529059	-81.540879                                                                                                                                                
28644	184967635	719916	71.416	0.278	36.426159	-81.277823                                                                                                                                                
28645	852362657	1110486	329.099	0.429	35.97883	-81.547779                                                                                                                                               
28646	60112766	142202	23.21	0.055	36.073108	-81.846965                                                                                                                                                  
28649	91924457	1831	35.492	0.001	36.335979	-81.212043                                                                                                                                                   
28650	125948128	717527	48.629	0.277	35.571426	-81.15839                                                                                                                                                 
28651	217982385	37105	84.163	0.014	36.306214	-81.308783                                                                                                                                                 
28652	2989140	0	1.154	0.	36.089687	-81.986535                                                                                                                                                           
28653	108491	0	0.042	0.	36.066028	-81.901025                                                                                                                                                            
28654	159082974	42545	61.422	0.016	36.058516	-81.159305                                                                                                                                                 
28655	841720666	6473802	324.99	2.5	35.763266	-81.749862                                                                                                                                                 
28657	414401932	167336	160.001	0.065	36.021993	-81.942425                                                                                                                                               
28658	184674450	1195380	71.303	0.462	35.637616	-81.235853                                                                                                                                               
28659	260635987	11719	100.632	0.005	36.215959	-81.148169                                                                                                                                                
28660	82818122	637657	31.976	0.246	35.968615	-80.856248                                                                                                                                                 
28662	2525287	0	0.975	0.	36.02249	-81.891707                                                                                                                                                            
28663	53597326	276201	20.694	0.107	36.537202	-81.289931                                                                                                                                                 
28664	2315761	0	0.894	0.	36.04244	-82.005917                                                                                                                                                            
28665	167779995	0	64.78	0.	36.209682	-81.373878                                                                                                                                                         
28666	233990	0	0.09	0.	35.718637	-81.470616                                                                                                                                                             
28667	1215958	219528	0.469	0.085	35.774539	-81.425089                                                                                                                                                   
28668	30103174	214200	11.623	0.083	36.424156	-80.97524                                                                                                                                                  
28669	124262082	251291	47.978	0.097	36.223445	-80.989818                                                                                                                                                
28670	98484073	687396	38.025	0.265	36.194308	-80.912494                                                                                                                                                 
28671	1067278	0	0.412	0.	35.750203	-81.526631                                                                                                                                                           
28672	4735679	420943	1.828	0.163	36.483327	-81.32672                                                                                                                                                    
28673	61398430	11380593	23.706	4.394	35.617717	-80.998758                                                                                                                                               
28675	278080233	2102802	107.367	0.812	36.506342	-81.136105                                                                                                                                              
28676	72854246	316951	28.129	0.122	36.33186	-80.85534                                                                                                                                                   
28677	214927838	6882134	82.984	2.657	35.738099	-80.926089                                                                                                                                               
28678	111372450	2354167	43.001	0.909	35.832604	-81.071143                                                                                                                                               
28679	66433631	574348	25.65	0.222	36.260195	-81.840258                                                                                                                                                  
28681	434171931	6649403	167.635	2.567	35.922678	-81.223058                                                                                                                                              
28682	9909265	7694392	3.826	2.971	35.588254	-80.965153                                                                                                                                                  
28683	89491322	315513	34.553	0.122	36.390439	-80.911007                                                                                                                                                 
28684	129995826	514218	50.192	0.199	36.33446	-81.606769                                                                                                                                                 
28685	122169849	0	47.17	0.	36.347273	-81.040959                                                                                                                                                         
28689	117438809	438219	45.343	0.169	36.043125	-80.933205                                                                                                                                                
28690	55798694	300068	21.544	0.116	35.732735	-81.57423                                                                                                                                                  
28692	103580416	31490	39.993	0.012	36.314565	-81.837539                                                                                                                                                 
28693	57405327	477618	22.164	0.184	36.471773	-81.559009                                                                                                                                                 
28694	181111892	1318701	69.928	0.509	36.366337	-81.468016                                                                                                                                               
28697	161433973	4652148	62.33	1.796	36.136665	-81.162721                                                                                                                                                
28698	67004698	44793	25.871	0.017	36.314036	-81.760871                                                                                                                                                  
28701	46977002	1137487	18.138	0.439	35.705098	-82.636467                                                                                                                                                
28702	63240802	5446615	24.417	2.103	35.379976	-83.641979                                                                                                                                                
28704	78038644	1834612	30.131	0.708	35.461429	-82.570815                                                                                                                                                
28705	321636079	915653	124.184	0.354	36.035191	-82.15147                                                                                                                                                
28707	28827181	0	11.13	0.	35.398716	-83.066194                                                                                                                                                          
28708	125370332	0	48.406	0.	35.271025	-82.859823                                                                                                                                                        
28709	133486780	3489	51.54	0.001	35.771399	-82.379244                                                                                                                                                   
28710	2294147	0	0.886	0.	35.456921	-82.279711                                                                                                                                                           
28711	269102235	1473837	103.901	0.569	35.600604	-82.269687                                                                                                                                              
28712	300989393	1544475	116.213	0.596	35.173309	-82.770828                                                                                                                                              
28713	361500324	14846203	139.576	5.732	35.3657	-83.511664                                                                                                                                               
28714	667644953	5879	257.779	0.002	35.878311	-82.304894                                                                                                                                                 
28715	202148638	352649	78.05	0.136	35.511966	-82.711701                                                                                                                                                 
28716	410954968	416221	158.671	0.161	35.439341	-82.847925                                                                                                                                               
28717	94256676	323282	36.393	0.125	35.049543	-83.093326                                                                                                                                                 
28718	52397784	609156	20.231	0.235	35.159132	-82.634981                                                                                                                                                 
28719	1034760658	16612937	399.523	6.414	35.510891	-83.520266                                                                                                                                            
28720	24031443	0	9.279	0.	35.447724	-82.262195                                                                                                                                                          
28721	243452902	0	93.998	0.	35.633768	-82.930786                                                                                                                                                        
28722	113628053	45764	43.872	0.018	35.208479	-82.061                                                                                                                                                    
28723	289949841	5640385	111.95	2.178	35.314077	-83.013475                                                                                                                                               
28725	1381175	0	0.533	0.	35.382223	-83.268112                                                                                                                                                           
28726	6396567	21211	2.47	0.008	35.280999	-82.416555                                                                                                                                                     
28729	10753394	32657	4.152	0.013	35.319556	-82.602883                                                                                                                                                   
28730	117406577	112140	45.331	0.043	35.5314	-82.359785                                                                                                                                                  
28731	85766611	362355	33.115	0.14	35.293544	-82.380326                                                                                                                                                  
28732	107059892	477229	41.336	0.184	35.451749	-82.445742                                                                                                                                                
28733	31914719	6108548	12.322	2.359	35.427397	-83.776971                                                                                                                                                
28734	779583339	3034043	300.999	1.171	35.179313	-83.436973                                                                                                                                              
28735	10491132	0	4.051	0.	35.475405	-82.348507                                                                                                                                                          
28736	100916629	123280	38.964	0.048	35.175658	-83.086467                                                                                                                                                
28739	158054454	1248626	61.025	0.482	35.273876	-82.528602                                                                                                                                               
28740	228335910	2100979	88.161	0.811	36.025664	-82.305281                                                                                                                                               
28741	233761678	941646	90.256	0.364	35.066425	-83.210613                                                                                                                                                
28742	120102294	632950	46.372	0.244	35.38276	-82.651275                                                                                                                                                 
28743	318664918	1212212	123.037	0.468	35.800283	-82.881224                                                                                                                                              
28745	1548545	808790	0.598	0.312	35.522124	-82.973977                                                                                                                                                   
28746	116374200	3235211	44.932	1.249	35.477191	-82.161693                                                                                                                                               
28747	126292272	2147686	48.762	0.829	35.145558	-82.917326                                                                                                                                               
28748	238526213	0	92.095	0.	35.654923	-82.760267                                                                                                                                                        
28749	3026466	0	1.169	0.	35.841043	-82.097874                                                                                                                                                           
28751	118373211	0	45.704	0.	35.505476	-83.119564                                                                                                                                                        
28752	645073166	4392186	249.064	1.696	35.709599	-82.035573                                                                                                                                              
28753	667155752	3627955	257.59	1.401	35.864206	-82.712631                                                                                                                                               
28754	226233018	0	87.349	0.	35.876857	-82.514362                                                                                                                                                        
28755	144650	0	0.056	0.	35.908203	-82.217538                                                                                                                                                            
28756	205446619	1625217	79.323	0.627	35.355885	-82.208566                                                                                                                                               
28757	7053724	7754	2.723	0.003	35.64804	-82.299164                                                                                                                                                      
28758	14087	0	0.005	0.	35.374886	-82.495691                                                                                                                                                             
28759	63446778	546415	24.497	0.211	35.38135	-82.588899                                                                                                                                                  
28761	268785270	18543610	103.779	7.16	35.690316	-81.906845                                                                                                                                              
28762	247382539	435063	95.515	0.168	35.635334	-82.189772                                                                                                                                                
28763	144096854	242547	55.636	0.094	35.028709	-83.465935                                                                                                                                                
28766	15537507	0	5.999	0.	35.249443	-82.619253                                                                                                                                                          
28768	215126423	528099	83.061	0.204	35.325018	-82.707184                                                                                                                                                
28770	475754	0	0.184	0.	35.621106	-82.278167                                                                                                                                                            
28771	670544771	14346064	258.899	5.539	35.342948	-83.854495                                                                                                                                             
28772	49912130	0	19.271	0.	35.139069	-82.836919                                                                                                                                                         
28773	125107454	488843	48.304	0.189	35.261092	-82.29799                                                                                                                                                 
28774	140998874	855949	54.44	0.33	35.093536	-82.994977                                                                                                                                                  
28775	32010798	131626	12.359	0.051	35.019153	-83.321072                                                                                                                                                 
28777	185858447	134197	71.76	0.052	35.907661	-82.065327                                                                                                                                                 
28778	84129289	282810	32.483	0.109	35.614196	-82.39767                                                                                                                                                  
28779	279742120	0	108.009	0.	35.355752	-83.209682                                                                                                                                                       
28781	185504247	6182689	71.624	2.387	35.224056	-83.635479                                                                                                                                               
28782	127074365	272889	49.064	0.105	35.234277	-82.147383                                                                                                                                                
28783	175882569	2998593	67.909	1.158	35.242329	-83.021121                                                                                                                                               
28785	436049083	1212767	168.359	0.468	35.65327	-83.139633                                                                                                                                               
28786	189003924	700	72.975	0.	35.462032	-82.988733                                                                                                                                                      
28787	205971199	39241	79.526	0.015	35.741533	-82.51564                                                                                                                                                  
28788	1498038	0	0.578	0.	35.35056	-83.22267                                                                                                                                                             
28789	151587621	234869	58.528	0.091	35.407057	-83.316777                                                                                                                                                
28790	123382010	709446	47.638	0.274	35.198206	-82.495237                                                                                                                                                
28791	43341586	321129	16.734	0.124	35.356985	-82.506995                                                                                                                                                 
28792	266554721	730210	102.917	0.282	35.394424	-82.368428                                                                                                                                               
28801	13230942	236287	5.108	0.091	35.594539	-82.557972                                                                                                                                                  
28803	99367866	921631	38.366	0.356	35.531703	-82.523021                                                                                                                                                 
28804	74227553	1627512	28.659	0.628	35.645008	-82.557723                                                                                                                                                
28805	68610274	40781	26.491	0.016	35.613854	-82.479705                                                                                                                                                  
28806	98791365	894539	38.144	0.345	35.569645	-82.616787                                                                                                                                                 
28901	180312089	0	69.619	0.	35.201281	-83.805092                                                                                                                                                        
28902	58334416	80362	22.523	0.031	35.022948	-83.958294                                                                                                                                                  
28904	482914747	14966192	186.454	5.778	35.06863	-83.733593                                                                                                                                              
28905	117002754	0	45.175	0.	35.163058	-83.940948                                                                                                                                                        
28906	863406971	28813680	333.363	11.125	35.087244	-84.136635                                                                                                                                            
28909	24659572	0	9.521	0.	35.001138	-83.903263                                                                                                                                                          
29001	181847359	123778	70.212	0.048	33.786644	-80.174065                                                                                                                                                
29003	353045403	2868426	136.312	1.108	33.241221	-81.023815                                                                                                                                              
29006	357479224	6784303	138.024	2.619	33.868979	-81.551098                                                                                                                                              
29009	290382796	855215	112.117	0.33	34.442984	-80.364583                                                                                                                                                
29010	514935464	1428107	198.818	0.551	34.223617	-80.272258                                                                                                                                              
29014	420000381	379638	162.163	0.147	34.523382	-81.114513                                                                                                                                               
29015	304427779	24341298	117.54	9.398	34.44537	-81.337781                                                                                                                                               
29016	225248831	1661426	86.969	0.641	34.204016	-80.992765                                                                                                                                               
29018	274817595	908040	106.108	0.351	33.348796	-80.639177                                                                                                                                               
29020	602637321	12603881	232.68	4.866	34.313938	-80.573806                                                                                                                                              
29030	245869498	10417826	94.931	4.022	33.576312	-80.647573                                                                                                                                              
29031	334582865	2023747	129.183	0.781	34.60681	-81.42897                                                                                                                                                
29032	204472377	725818	78.947	0.28	34.337003	-80.444323                                                                                                                                                 
29033	25945096	877884	10.017	0.339	33.955193	-81.057116                                                                                                                                                 
29036	142803785	43120872	55.137	16.649	34.134001	-81.339907                                                                                                                                             
29037	179006048	4659652	69.115	1.799	34.189935	-81.867694                                                                                                                                               
29038	218274364	1010552	84.276	0.39	33.38095	-80.981269                                                                                                                                                 
29039	62198435	502378	24.015	0.194	33.420441	-80.89215                                                                                                                                                  
29040	140900235	587271	54.402	0.227	34.060703	-80.437779                                                                                                                                                
29042	159440662	1679292	61.56	0.648	33.30556	-81.147853                                                                                                                                                 
29044	355066758	5026158	137.092	1.941	33.92571	-80.695204                                                                                                                                               
29045	175902631	2393477	67.916	0.924	34.185078	-80.804984                                                                                                                                               
29046	1022896	0	0.395	0.	34.112507	-80.161301                                                                                                                                                           
29047	166397882	12340212	64.247	4.765	33.532178	-80.580231                                                                                                                                              
29048	116088451	25923716	44.822	10.009	33.390563	-80.295285                                                                                                                                             
29051	105952335	71986	40.908	0.028	33.861626	-80.127828                                                                                                                                                 
29052	154879554	2511171	59.799	0.97	33.798313	-80.741302                                                                                                                                                
29053	208236481	1945747	80.401	0.751	33.82754	-81.090895                                                                                                                                                
29054	148442067	25809663	57.314	9.965	33.947908	-81.382842                                                                                                                                              
29055	89679777	5246537	34.626	2.026	34.574244	-80.914866                                                                                                                                                
29056	266507899	1116411	102.899	0.431	33.608638	-80.005987                                                                                                                                              
29058	374982753	4169600	144.782	1.61	34.554283	-80.749684                                                                                                                                               
29059	282739490	1364230	109.166	0.527	33.329159	-80.419059                                                                                                                                              
29061	228719986	2011580	88.309	0.777	33.897493	-80.850604                                                                                                                                               
29062	31406463	1116964	12.126	0.431	34.004286	-80.605521                                                                                                                                                
29063	103807244	5545073	40.08	2.141	34.136998	-81.202257                                                                                                                                                
29065	66741575	10151148	25.769	3.919	34.298342	-81.317271                                                                                                                                               
29067	492387562	645232	190.112	0.249	34.544166	-80.537094                                                                                                                                               
29069	203305903	488801	78.497	0.189	34.180119	-80.094644                                                                                                                                                
29070	425043522	21874338	164.11	8.446	33.916667	-81.449233                                                                                                                                              
29072	176210110	38047376	68.035	14.69	33.998858	-81.272865                                                                                                                                              
29073	211969398	1863106	81.842	0.719	33.891062	-81.236249                                                                                                                                               
29074	54858559	10149254	21.181	3.919	34.441127	-80.818402                                                                                                                                               
29075	107091180	1436044	41.348	0.554	34.200659	-81.377808                                                                                                                                               
29078	325559100	3978380	125.699	1.536	34.181636	-80.699401                                                                                                                                              
29079	275908	0	0.107	0.	34.289086	-80.113167                                                                                                                                                            
29080	333273198	353564	128.678	0.137	34.012164	-80.085577                                                                                                                                               
29081	209723501	404351	80.975	0.156	33.08908	-81.047373                                                                                                                                                 
29082	97637161	56079	37.698	0.022	33.038247	-80.939146                                                                                                                                                  
29101	316554715	3251919	122.222	1.256	34.481778	-80.244607                                                                                                                                              
29102	630423761	26009926	243.408	10.042	33.654194	-80.202339                                                                                                                                            
29104	170587137	184234	65.864	0.071	33.994689	-80.211764                                                                                                                                                
29105	79566936	527219	30.721	0.204	33.806395	-81.593579                                                                                                                                                 
29107	180216848	1502483	69.582	0.58	33.523387	-81.117556                                                                                                                                                
29108	544513508	4686312	210.238	1.809	34.304703	-81.62733                                                                                                                                               
29111	169445124	274885	65.423	0.106	33.778496	-80.020582                                                                                                                                                
29112	312805624	1417715	120.775	0.547	33.625111	-81.08166                                                                                                                                               
29113	107396482	523070	41.466	0.202	33.432442	-81.135333                                                                                                                                                
29114	89500219	24433	34.556	0.009	33.954347	-79.932284                                                                                                                                                  
29115	322839510	1872315	124.649	0.723	33.477717	-80.844199                                                                                                                                              
29117	253643	0	0.098	0.	33.498276	-80.850086                                                                                                                                                            
29118	198467509	1012596	76.629	0.391	33.569394	-80.888558                                                                                                                                               
29122	1126379	99817	0.435	0.039	34.238792	-81.328296                                                                                                                                                    
29123	176420652	606885	68.116	0.234	33.757417	-81.261261                                                                                                                                                
29125	299763389	51510997	115.739	19.889	33.695901	-80.474856                                                                                                                                            
29126	200986376	6400874	77.601	2.471	34.328933	-81.419482                                                                                                                                               
29127	259803867	30878585	100.311	11.922	34.153252	-81.512463                                                                                                                                            
29128	277446157	4007761	107.123	1.547	34.095702	-80.532082                                                                                                                                              
29129	216218701	1455731	83.483	0.562	33.789189	-81.672617                                                                                                                                               
29130	390743329	23113252	150.867	8.924	34.331606	-80.88041                                                                                                                                              
29133	147853224	100045	57.086	0.039	33.358911	-80.803127                                                                                                                                                
29135	501520862	3785563	193.638	1.462	33.701789	-80.751062                                                                                                                                              
29137	241895501	1414338	93.396	0.546	33.596191	-81.321416                                                                                                                                               
29138	572306029	6182673	220.969	2.387	34.042392	-81.776152                                                                                                                                              
29142	131862378	16842363	50.912	6.503	33.465154	-80.522456                                                                                                                                              
29145	116912862	320556	45.14	0.124	34.216762	-81.806759                                                                                                                                                 
29146	155386320	319985	59.995	0.124	33.508249	-81.295412                                                                                                                                                
29148	271078656	182501123	104.664	70.464	33.534926	-80.335816                                                                                                                                           
29150	113697439	1249052	43.899	0.482	33.818941	-80.316867                                                                                                                                               
29152	13209872	65176	5.1	0.025	33.972657	-80.467319                                                                                                                                                     
29153	372914270	495501	143.983	0.191	33.970597	-80.305765                                                                                                                                               
29154	276375494	3206840	106.709	1.238	33.815261	-80.435274                                                                                                                                              
29160	305778456	3871106	118.062	1.495	33.746888	-81.035516                                                                                                                                              
29161	350142643	457464	135.191	0.177	34.102837	-79.943403                                                                                                                                               
29162	87419177	121855	33.753	0.047	33.889725	-80.008189                                                                                                                                                 
29163	82889450	1691016	32.004	0.653	33.417579	-80.44645                                                                                                                                                 
29164	277833785	2436996	107.272	0.941	33.658486	-81.430835                                                                                                                                              
29166	79894600	277840	30.847	0.107	33.897095	-81.712255                                                                                                                                                 
29168	202268875	3763948	78.096	1.453	33.848449	-80.540767                                                                                                                                               
29169	30094822	908324	11.62	0.351	33.997503	-81.097406                                                                                                                                                  
29170	63342468	893202	24.457	0.345	33.939106	-81.144562                                                                                                                                                 
29172	61844724	1594162	23.878	0.616	33.905765	-81.075502                                                                                                                                                
29175	21104324	0	8.148	0.	34.442656	-80.606602                                                                                                                                                          
29177	355468	0	0.137	0.	34.140505	-81.267506                                                                                                                                                            
29178	373156848	1236164	144.077	0.477	34.495839	-81.589728                                                                                                                                              
29180	797319912	7327229	307.847	2.829	34.365471	-81.098531                                                                                                                                              
29201	29863623	1525507	11.53	0.589	33.982478	-81.028094                                                                                                                                                 
29203	161242479	1834549	62.256	0.708	34.100612	-81.040698                                                                                                                                               
29204	16485891	21780	6.365	0.008	34.029028	-80.999809                                                                                                                                                   
29205	16722165	0	6.456	0.	33.990015	-80.99663                                                                                                                                                           
29206	22369307	2003768	8.637	0.774	34.028886	-80.960979                                                                                                                                                 
29207	169818053	1873385	65.567	0.723	34.042447	-80.845986                                                                                                                                               
29208	356055	0	0.137	0.	33.997515	-81.026796                                                                                                                                                            
29209	136801426	2399432	52.819	0.926	33.926751	-80.950364                                                                                                                                               
29210	43420690	1923039	16.765	0.742	34.045458	-81.110262                                                                                                                                                
29212	55439695	23820608	21.405	9.197	34.077553	-81.202336                                                                                                                                               
29223	65627735	1486849	25.339	0.574	34.092634	-80.919271                                                                                                                                                
29225	70629	0	0.027	0.	33.995404	-81.030051                                                                                                                                                             
29229	47298903	230278	18.262	0.089	34.145968	-80.894404                                                                                                                                                 
29301	71320750	482044	27.537	0.186	34.935234	-82.014769                                                                                                                                                 
29302	131381776	1465360	50.727	0.566	34.884446	-81.8436                                                                                                                                                 
29303	84006711	272202	32.435	0.105	34.995296	-81.968368                                                                                                                                                 
29306	50548288	753461	19.517	0.291	34.892633	-81.921504                                                                                                                                                 
29307	115892669	1223760	44.746	0.472	34.982716	-81.831555                                                                                                                                               
29316	56516004	78115	21.821	0.03	35.043045	-81.975107                                                                                                                                                   
29320	1599822	840	0.618	0.	34.958567	-81.992583                                                                                                                                                         
29321	101833984	41608	39.318	0.016	34.714655	-81.741066                                                                                                                                                 
29322	149896270	1552070	57.875	0.599	35.121094	-82.132432                                                                                                                                               
29323	183849608	3672030	70.985	1.418	35.126341	-81.907463                                                                                                                                               
29324	1231629	71648	0.476	0.028	34.991295	-81.824132                                                                                                                                                    
29325	407427404	1828553	157.309	0.706	34.468182	-81.845225                                                                                                                                              
29329	794711	28558	0.307	0.011	34.992453	-81.835984                                                                                                                                                     
29330	92816502	797745	35.837	0.308	35.052577	-81.80432                                                                                                                                                  
29331	1881424	10211	0.726	0.004	34.644241	-81.858033                                                                                                                                                    
29332	120733370	8044088	46.615	3.106	34.278682	-81.970379                                                                                                                                               
29333	1049038	0	0.405	0.	34.97095	-81.910754                                                                                                                                                            
29334	59494796	1566486	22.971	0.605	34.905551	-82.124414                                                                                                                                                
29335	247715632	2155781	95.644	0.832	34.659271	-81.906657                                                                                                                                               
29338	404648	0	0.156	0.	35.134468	-82.001787                                                                                                                                                            
29340	423154979	5185754	163.381	2.002	34.972313	-81.585917                                                                                                                                              
29341	241284494	2778448	93.16	1.073	35.119654	-81.712593                                                                                                                                                
29346	523362	0	0.202	0.	34.945184	-81.836208                                                                                                                                                            
29349	199158409	7443622	76.895	2.874	35.067335	-82.068095                                                                                                                                               
29351	12276363	16625	4.74	0.006	34.421036	-81.808045                                                                                                                                                    
29353	236911287	778577	91.472	0.301	34.830741	-81.648604                                                                                                                                                
29355	208133201	256498	80.361	0.099	34.363443	-81.747608                                                                                                                                                
29356	212618750	1960048	82.093	0.757	35.146893	-82.260805                                                                                                                                               
29360	389349368	1325681	150.329	0.512	34.488003	-82.045762                                                                                                                                              
29364	2061328	354293	0.796	0.137	34.788287	-81.462342                                                                                                                                                   
29365	45314895	1863070	17.496	0.719	34.981062	-82.171924                                                                                                                                                
29368	765514	0	0.296	0.	35.082619	-81.862846                                                                                                                                                            
29369	72769910	1151142	28.097	0.444	34.86562	-82.019463                                                                                                                                                 
29370	119219090	144941	46.031	0.056	34.373026	-81.977361                                                                                                                                                
29372	110269780	925326	42.575	0.357	34.902124	-81.711842                                                                                                                                                
29373	818508	0	0.316	0.	34.92447	-81.743043                                                                                                                                                             
29374	126232154	685223	48.739	0.265	34.789284	-81.845267                                                                                                                                                
29375	317675	0	0.123	0.	34.860536	-82.113828                                                                                                                                                            
29376	99882601	1167298	38.565	0.451	34.811382	-81.944219                                                                                                                                                
29377	3687055	67807	1.424	0.026	34.930737	-82.096839                                                                                                                                                    
29378	270435	0	0.104	0.	34.966792	-81.968697                                                                                                                                                            
29379	628543364	2306465	242.682	0.891	34.687626	-81.601568                                                                                                                                              
29384	110901419	9094816	42.819	3.512	34.340252	-82.090181                                                                                                                                               
29385	48696226	933812	18.802	0.361	34.972731	-82.101433                                                                                                                                                 
29388	251782813	1811377	97.214	0.699	34.762969	-82.045689                                                                                                                                               
29401	3975058	4532568	1.535	1.75	32.77718	-79.932                                                                                                                                                       
29403	13980775	2640222	5.398	1.019	32.803349	-79.945734                                                                                                                                                 
29404	13082753	0	5.051	0.	32.897841	-80.052445                                                                                                                                                          
29405	37922154	10400435	14.642	4.016	32.852507	-79.979836                                                                                                                                               
29406	39681136	1096858	15.321	0.423	32.937235	-80.035457                                                                                                                                                
29407	39803311	6478657	15.368	2.501	32.79893	-79.997803                                                                                                                                                 
29409	379323	0	0.146	0.	32.796655	-79.960706                                                                                                                                                            
29410	27026487	2880112	10.435	1.112	32.938114	-80.014835                                                                                                                                                
29412	101528960	30267500	39.201	11.686	32.711961	-79.952187                                                                                                                                             
29414	126878042	3775660	48.988	1.458	32.842866	-80.104559                                                                                                                                               
29418	34262350	971781	13.229	0.375	32.909495	-80.09566                                                                                                                                                  
29420	25944560	404067	10.017	0.156	32.932463	-80.100063                                                                                                                                                 
29424	98623	0	0.038	0.	32.784887	-79.937725                                                                                                                                                             
29425	140954	0	0.054	0.	32.78527	-79.948392                                                                                                                                                             
29426	203779803	1885452	78.68	0.728	32.772145	-80.374085                                                                                                                                                
29429	221840023	10578223	85.653	4.084	32.988642	-79.696156                                                                                                                                              
29431	219432157	25034771	84.723	9.666	33.271438	-79.881694                                                                                                                                              
29432	311332955	593911	120.206	0.229	33.228489	-80.813864                                                                                                                                               
29434	138600947	2173558	53.514	0.839	33.140888	-79.843725                                                                                                                                               
29435	194892088	53810	75.248	0.021	32.953108	-80.466101                                                                                                                                                 
29436	221724395	84774622	85.608	32.732	33.315358	-80.18725                                                                                                                                              
29437	217717135	569653	84.061	0.22	33.1352	-80.417727                                                                                                                                                   
29438	194425128	47919531	75.068	18.502	32.565933	-80.32173                                                                                                                                              
29439	7531343	2068211	2.908	0.799	32.647997	-79.960079                                                                                                                                                  
29440	1355133023	133538066	523.22	51.559	33.381097	-79.329766                                                                                                                                           
29445	148757877	9037134	57.436	3.489	32.997022	-79.966603                                                                                                                                               
29446	457009296	70948746	176.452	27.393	32.588889	-80.510785                                                                                                                                            
29448	153961419	1007026	59.445	0.389	33.255537	-80.452774                                                                                                                                               
29449	195440718	25535930	75.46	9.859	32.699809	-80.280925                                                                                                                                               
29450	421887702	5301488	162.892	2.047	33.087378	-79.771543                                                                                                                                              
29451	23611955	8840545	9.117	3.413	32.828009	-79.750481                                                                                                                                                 
29452	145003660	5443240	55.986	2.102	32.717609	-80.470698                                                                                                                                               
29453	308026095	2699941	118.93	1.042	33.222884	-79.60735                                                                                                                                                
29455	259626175	25715882	100.242	9.929	32.684168	-80.091953                                                                                                                                             
29456	46793372	74316	18.067	0.029	32.984201	-80.113273                                                                                                                                                  
29458	291382476	8622853	112.503	3.329	33.119492	-79.486193                                                                                                                                              
29461	425322427	82285618	164.218	31.771	33.170981	-80.008578                                                                                                                                            
29464	78000676	18360677	30.116	7.089	32.819473	-79.857027                                                                                                                                               
29466	75574439	16488890	29.179	6.366	32.87555	-79.783739                                                                                                                                                
29468	191099931	80146224	73.784	30.945	33.427314	-80.079775                                                                                                                                             
29469	50972847	0	19.681	0.	33.243672	-80.131055                                                                                                                                                         
29470	187717080	1328615	72.478	0.513	32.814197	-80.210254                                                                                                                                               
29471	110830718	143862	42.792	0.056	33.192654	-80.670479                                                                                                                                                
29472	491420453	2046991	189.739	0.79	33.054643	-80.325327                                                                                                                                               
29474	260904377	492151	100.736	0.19	32.902724	-80.524038                                                                                                                                                
29475	253123372	362532	97.731	0.14	32.966876	-80.819388                                                                                                                                                 
29477	285645906	801201	110.289	0.309	33.163169	-80.56521                                                                                                                                                
29479	235283498	17515369	90.843	6.763	33.380601	-79.890563                                                                                                                                              
29481	228449284	243392	88.205	0.094	33.120379	-80.793077                                                                                                                                                
29482	6469867	2264286	2.498	0.874	32.770949	-79.831136                                                                                                                                                  
29483	138158254	323982	53.343	0.125	33.030187	-80.233763                                                                                                                                                
29485	125721747	1746996	48.541	0.675	32.933189	-80.207197                                                                                                                                               
29486	161380766	40424	62.309	0.016	33.103211	-80.166653                                                                                                                                                 
29487	108513478	22600414	41.897	8.726	32.657682	-80.183948                                                                                                                                              
29488	616036749	1554368	237.853	0.6	32.906763	-80.672836                                                                                                                                                
29492	136688070	24928449	52.776	9.625	32.910149	-79.877698                                                                                                                                              
29493	6367986	0	2.459	0.	33.045319	-80.842769                                                                                                                                                           
29501	135728700	1236198	52.405	0.477	34.204581	-79.82697                                                                                                                                                
29505	131725458	151654	50.859	0.059	34.130066	-79.688893                                                                                                                                                
29506	312749828	3343679	120.753	1.291	34.210452	-79.649896                                                                                                                                              
29510	808616274	4699869	312.209	1.815	33.454312	-79.613121                                                                                                                                              
29511	147798374	154309	57.065	0.06	33.975634	-79.122163                                                                                                                                                 
29512	561935950	7146509	216.965	2.759	34.619033	-79.718041                                                                                                                                              
29516	266644781	2626263	102.952	1.014	34.442926	-79.614801                                                                                                                                              
29518	122449134	43388	47.278	0.017	33.794814	-79.846611                                                                                                                                                 
29519	11422142	0	4.41	0.	34.016181	-79.360465                                                                                                                                                           
29520	341683092	7055131	131.925	2.724	34.687998	-79.929523                                                                                                                                              
29525	111967438	219601	43.231	0.085	34.563091	-79.515624                                                                                                                                                
29526	453240294	3612059	174.997	1.395	33.867767	-78.976526                                                                                                                                              
29527	401675940	8278241	155.088	3.196	33.785083	-79.140176                                                                                                                                              
29530	105014752	31326	40.546	0.012	33.996055	-79.740075                                                                                                                                                 
29532	297408197	1877517	114.83	0.725	34.282781	-79.850173                                                                                                                                               
29536	332858973	854341	128.518	0.33	34.418937	-79.371955                                                                                                                                                
29540	279331798	2900621	107.851	1.12	34.383832	-79.850462                                                                                                                                               
29541	206623764	22339	79.778	0.009	34.064949	-79.74075                                                                                                                                                  
29543	47809751	0	18.459	0.	34.287591	-79.26587                                                                                                                                                          
29544	312195192	2386061	120.539	0.921	34.001578	-79.220764                                                                                                                                              
29545	94705231	159797	36.566	0.062	34.16366	-78.966477                                                                                                                                                  
29546	369028738	8341488	142.483	3.221	33.883845	-79.349409                                                                                                                                              
29547	104103316	206582	40.195	0.08	34.488143	-79.32805                                                                                                                                                  
29550	539311552	9244474	208.229	3.569	34.39327	-80.077031                                                                                                                                               
29554	545745620	2531975	210.714	0.978	33.70264	-79.392499                                                                                                                                               
29555	246148411	3982709	95.038	1.538	33.840838	-79.457567                                                                                                                                               
29556	447697083	362066	172.857	0.14	33.668227	-79.763139                                                                                                                                                
29560	427061014	222141	164.889	0.086	33.838702	-79.749876                                                                                                                                               
29563	97619589	362964	37.691	0.14	34.35334	-79.208671                                                                                                                                                   
29564	133149177	782689	51.409	0.302	33.475902	-79.856124                                                                                                                                                
29565	328145844	1374113	126.698	0.531	34.358052	-79.499289                                                                                                                                              
29566	83902909	1304159	32.395	0.504	33.888951	-78.659429                                                                                                                                                
29567	49613911	45027	19.156	0.017	34.560972	-79.432683                                                                                                                                                  
29568	231925725	428823	89.547	0.166	33.913496	-78.750315                                                                                                                                                
29569	440988829	743482	170.267	0.287	34.03263	-78.911584                                                                                                                                                
29570	125089771	984932	48.297	0.38	34.667866	-79.562707                                                                                                                                                 
29571	522522210	3386393	201.747	1.307	34.135077	-79.425051                                                                                                                                              
29572	22944668	1047394	8.859	0.404	33.769526	-78.792285                                                                                                                                                 
29574	255054585	690002	98.477	0.266	34.165413	-79.260831                                                                                                                                                
29575	26448914	286496	10.212	0.111	33.629779	-78.97402                                                                                                                                                  
29576	78927733	5542182	30.474	2.14	33.569819	-79.053506                                                                                                                                                 
29577	58843034	1120277	22.719	0.433	33.697638	-78.906484                                                                                                                                                
29579	137201958	2499079	52.974	0.965	33.76636	-78.913478                                                                                                                                                
29580	197059352	374404	76.085	0.145	33.653101	-79.551975                                                                                                                                                
29581	426509947	2384682	164.676	0.921	34.194863	-79.114239                                                                                                                                              
29582	56745940	4970053	21.91	1.919	33.832049	-78.654824                                                                                                                                                 
29583	269210127	1568312	103.943	0.606	33.977577	-79.570977                                                                                                                                              
29584	298030868	886687	115.07	0.342	34.576492	-80.05378                                                                                                                                                 
29585	160061988	10775176	61.8	4.16	33.556464	-79.088953                                                                                                                                                 
29588	108685432	2484808	41.964	0.959	33.670794	-79.023125                                                                                                                                               
29589	725268	0	0.28	0.	34.100602	-79.320161                                                                                                                                                             
29590	273080828	373492	105.437	0.144	33.56892	-79.848696                                                                                                                                                
29591	182609692	46686	70.506	0.018	33.937999	-79.76229                                                                                                                                                  
29592	89175281	82125	34.431	0.032	34.245086	-79.454441                                                                                                                                                  
29593	197430448	2378782	76.228	0.918	34.493107	-79.856964                                                                                                                                               
29594	5938084	0	2.293	0.	34.640233	-79.57736                                                                                                                                                            
29596	167056777	2873236	64.501	1.109	34.736119	-79.851195                                                                                                                                               
29601	10999411	55417	4.247	0.021	34.847311	-82.402121                                                                                                                                                   
29605	64310482	377637	24.83	0.146	34.778047	-82.380192                                                                                                                                                  
29607	75137642	865879	29.011	0.334	34.809603	-82.328865                                                                                                                                                 
29609	62934223	265090	24.299	0.102	34.912592	-82.38817                                                                                                                                                  
29611	62025862	1077440	23.948	0.416	34.830934	-82.458497                                                                                                                                                
29613	1634126	113540	0.631	0.044	34.924298	-82.440488                                                                                                                                                   
29614	492150	0	0.19	0.	34.873714	-82.363011                                                                                                                                                             
29615	49793924	454835	19.226	0.176	34.856825	-82.296139                                                                                                                                                 
29617	58020443	884006	22.402	0.341	34.914439	-82.466074                                                                                                                                                 
29620	641325868	7405328	247.617	2.859	34.182407	-82.425607                                                                                                                                              
29621	225643409	4623619	87.121	1.785	34.506294	-82.603598                                                                                                                                               
29624	72984803	239886	28.18	0.093	34.435943	-82.624115                                                                                                                                                  
29625	121557433	19170999	46.934	7.402	34.555519	-82.765621                                                                                                                                              
29626	134083725	24455130	51.77	9.442	34.460802	-82.756514                                                                                                                                               
29627	307491821	2551767	118.723	0.985	34.518591	-82.480284                                                                                                                                              
29628	184293631	21087597	71.156	8.142	34.08847	-82.5645                                                                                                                                                 
29630	159415873	5639316	61.551	2.177	34.738673	-82.799161                                                                                                                                               
29631	22562784	1502490	8.712	0.58	34.681593	-82.817762                                                                                                                                                  
29634	3614073	72832	1.395	0.028	34.6756	-82.835245                                                                                                                                                      
29635	137724232	2150488	53.176	0.83	35.07655	-82.63487                                                                                                                                                  
29638	150699832	412822	58.186	0.159	34.363867	-82.338204                                                                                                                                                
29639	41735477	123505	16.114	0.048	34.303669	-82.428794                                                                                                                                                 
29640	221873626	1385623	85.666	0.535	34.87771	-82.575421                                                                                                                                                
29642	131483787	642724	50.766	0.248	34.776737	-82.563612                                                                                                                                                
29643	72402053	27660375	27.955	10.68	34.507566	-82.975315                                                                                                                                               
29644	212327054	1360426	81.98	0.525	34.666107	-82.195445                                                                                                                                                
29645	276000881	1783649	106.565	0.689	34.587894	-82.127139                                                                                                                                              
29646	262581684	1127953	101.383	0.436	34.136053	-82.14847                                                                                                                                               
29649	138838859	6351064	53.606	2.452	34.238919	-82.145019                                                                                                                                               
29650	46546998	210056	17.972	0.081	34.897991	-82.258012                                                                                                                                                 
29651	232078957	7156907	89.606	2.763	35.02383	-82.279564                                                                                                                                                
29653	183634211	3953777	70.902	1.527	34.306003	-82.232469                                                                                                                                               
29654	308536526	1922306	119.127	0.742	34.455541	-82.370225                                                                                                                                              
29655	364043445	27203022	140.558	10.503	34.26525	-82.632434                                                                                                                                             
29657	164075686	923684	63.35	0.357	34.767066	-82.686594                                                                                                                                                 
29658	54958964	1371931	21.22	0.53	34.771546	-83.303341                                                                                                                                                  
29659	1120578	0	0.433	0.	34.211685	-82.64531                                                                                                                                                            
29661	210020912	941301	81.09	0.363	35.057496	-82.554666                                                                                                                                                 
29662	14272409	77286	5.511	0.03	34.779208	-82.30308                                                                                                                                                     
29664	255228632	1331938	98.544	0.514	34.860888	-83.157553                                                                                                                                               
29665	764622	817	0.295	0.	34.724825	-82.914632                                                                                                                                                          
29666	316846381	9213901	122.335	3.558	34.113326	-81.979552                                                                                                                                              
29667	1358128	0	0.524	0.	34.764327	-82.756529                                                                                                                                                           
29669	159702275	1825087	61.661	0.705	34.638704	-82.412542                                                                                                                                               
29670	145217393	828821	56.069	0.32	34.643979	-82.723237                                                                                                                                                 
29671	342654026	1659571	132.299	0.641	34.943796	-82.72112                                                                                                                                               
29672	101429174	35977342	39.162	13.891	34.751685	-82.932051                                                                                                                                             
29673	182730090	1876334	70.552	0.724	34.720191	-82.455248                                                                                                                                               
29676	186661563	35105846	72.07	13.554	34.953666	-82.984956                                                                                                                                              
29678	206580982	19561773	79.761	7.553	34.63447	-82.937301                                                                                                                                               
29680	75267167	969836	29.061	0.374	34.684858	-82.293791                                                                                                                                                 
29681	113154184	741647	43.689	0.286	34.767679	-82.225003                                                                                                                                                
29682	66829176	10436900	25.803	4.03	34.836191	-82.853397                                                                                                                                                
29683	380824	0	0.147	0.	35.030088	-82.492939                                                                                                                                                            
29684	152434937	12955426	58.855	5.002	34.379432	-82.718704                                                                                                                                              
29685	229160346	18590034	88.479	7.178	34.983435	-82.844869                                                                                                                                              
29686	82996208	1095828	32.045	0.423	34.958205	-83.053088                                                                                                                                                
29687	124923569	891425	48.233	0.344	34.986636	-82.327451                                                                                                                                                
29689	89492587	17420986	34.553	6.726	34.5367	-82.87594                                                                                                                                                  
29690	272439747	4220513	105.19	1.63	35.059806	-82.417198                                                                                                                                                
29691	161096868	908975	62.2	0.351	34.783623	-83.076927                                                                                                                                                  
29692	125744831	1853734	48.55	0.716	34.411805	-82.219468                                                                                                                                                
29693	449144390	14903259	173.416	5.754	34.641751	-83.154596                                                                                                                                             
29696	56752806	2656051	21.912	1.026	34.781122	-83.008462                                                                                                                                                
29697	101620840	1191369	39.236	0.46	34.625593	-82.548639                                                                                                                                                
29702	241881979	2748782	93.391	1.061	35.116068	-81.473073                                                                                                                                               
29704	68060605	1714857	26.278	0.662	34.832161	-80.909801                                                                                                                                                
29706	695173210	4368724	268.408	1.687	34.715558	-81.23453                                                                                                                                               
29707	73662142	530941	28.441	0.205	34.987552	-80.858188                                                                                                                                                 
29708	49110692	3189998	18.962	1.232	35.048228	-80.986658                                                                                                                                                
29709	259485912	1126658	100.188	0.435	34.718509	-80.098942                                                                                                                                              
29710	295475122	11490367	114.084	4.436	35.106284	-81.221471                                                                                                                                             
29712	74606950	87188	28.806	0.034	34.797966	-80.975531                                                                                                                                                  
29714	84315782	3325613	32.555	1.284	34.712239	-80.915313                                                                                                                                                
29715	90381015	2624152	34.896	1.013	35.011342	-80.927133                                                                                                                                                
29717	96763569	990185	37.361	0.382	34.95073	-81.448855                                                                                                                                                  
29718	268321776	972804	103.6	0.376	34.629803	-80.357614                                                                                                                                                 
29720	738059806	10612879	284.966	4.098	34.745312	-80.743312                                                                                                                                             
29724	910952	0	0.352	0.	34.775005	-81.012539                                                                                                                                                            
29726	104277551	383920	40.262	0.148	34.860853	-81.236148                                                                                                                                                
29727	130993451	416422	50.577	0.161	34.719265	-80.264601                                                                                                                                                
29728	246406110	898037	95.138	0.347	34.764953	-80.400558                                                                                                                                                
29729	180293348	251159	69.612	0.097	34.689134	-81.00676                                                                                                                                                 
29730	309006171	3238268	119.308	1.25	34.884936	-81.02115                                                                                                                                                
29732	136767924	4367222	52.806	1.686	34.970716	-81.081364                                                                                                                                               
29733	331092	0	0.128	0.	34.939453	-81.031719                                                                                                                                                            
29741	95924844	415886	37.037	0.161	34.725288	-80.195526                                                                                                                                                 
29742	209008756	1005832	80.699	0.388	34.869981	-81.392261                                                                                                                                               
29743	96295799	157059	37.18	0.061	35.026136	-81.423067                                                                                                                                                  
29745	351691627	11099058	135.789	4.285	34.990852	-81.213934                                                                                                                                             
29801	230271409	1176988	88.908	0.454	33.585864	-81.691726                                                                                                                                               
29803	330299538	1636982	127.529	0.632	33.453473	-81.701926                                                                                                                                              
29805	252493726	1997346	97.488	0.771	33.641872	-81.614053                                                                                                                                               
29809	13976411	4035	5.396	0.002	33.416161	-81.689293                                                                                                                                                    
29810	330150122	3632327	127.472	1.402	32.986368	-81.37811                                                                                                                                               
29812	449306565	4492446	173.478	1.735	33.214437	-81.383394                                                                                                                                              
29816	1545367	18366	0.597	0.007	33.502122	-81.872627                                                                                                                                                    
29817	296654554	1698188	114.539	0.656	33.36951	-81.270761                                                                                                                                               
29819	213696695	344053	82.509	0.133	34.044227	-82.227378                                                                                                                                                
29821	142899050	13080590	55.174	5.05	33.636618	-82.115231                                                                                                                                               
29824	606758191	3116513	234.271	1.203	33.814545	-81.993868                                                                                                                                              
29826	5229788	12865	2.019	0.005	33.385382	-81.359584                                                                                                                                                    
29827	270577615	1078776	104.471	0.417	32.970088	-81.242285                                                                                                                                              
29828	1691808	23956	0.653	0.009	33.523428	-81.82963                                                                                                                                                     
29829	90330776	1249893	34.877	0.483	33.57472	-81.857718                                                                                                                                                 
29831	166208358	3827083	64.173	1.478	33.338725	-81.864111                                                                                                                                               
29832	244917703	2743209	94.563	1.059	33.839003	-81.803671                                                                                                                                               
29834	403402	435	0.156	0.	33.517756	-81.843006                                                                                                                                                          
29835	441234709	38367347	170.362	14.814	33.920581	-82.29452                                                                                                                                             
29836	264833273	2831552	102.253	1.093	33.085212	-81.496034                                                                                                                                              
29838	75528286	8615207	29.162	3.326	33.747491	-82.15107                                                                                                                                                 
29840	81430798	9075116	31.441	3.504	33.996543	-82.542575                                                                                                                                                
29841	82741970	2017441	31.947	0.779	33.526407	-81.939337                                                                                                                                                
29842	107113654	1723437	41.357	0.665	33.457043	-81.86071                                                                                                                                                
29843	171287071	726171	66.134	0.28	33.182069	-81.179772                                                                                                                                                 
29844	2692110	0	1.039	0.	33.785163	-82.214102                                                                                                                                                           
29845	187730691	26237455	72.483	10.13	33.825859	-82.213392                                                                                                                                              
29847	233907068	2798698	90.312	1.081	33.704138	-81.847277                                                                                                                                               
29848	238118953	578567	91.938	0.223	33.972317	-82.060396                                                                                                                                                
29849	106498999	533087	41.119	0.206	33.103626	-81.238347                                                                                                                                                
29851	57087134	1676390	22.041	0.647	33.511092	-81.815851                                                                                                                                                
29853	314560518	3172971	121.453	1.225	33.399205	-81.431756                                                                                                                                              
29856	140824437	306175	54.373	0.118	33.485256	-81.511831                                                                                                                                                
29860	140748329	2592845	54.343	1.001	33.614688	-81.984428                                                                                                                                               
29899	977277	0	0.377	0.	33.928023	-82.250602                                                                                                                                                            
29902	46981468	28387047	18.14	10.96	32.317597	-80.682213                                                                                                                                                
29904	10283911	0	3.971	0.	32.478848	-80.721951                                                                                                                                                          
29905	7340301	2178073	2.834	0.841	32.355371	-80.700252                                                                                                                                                  
29906	116459031	23173665	44.965	8.947	32.445112	-80.752875                                                                                                                                              
29907	109445527	56660242	42.257	21.877	32.474692	-80.599222                                                                                                                                             
29909	144152691	71255749	55.658	27.512	32.336992	-80.848074                                                                                                                                             
29910	270465308	43451782	104.427	16.777	32.217824	-80.894994                                                                                                                                            
29911	209307347	679021	80.814	0.262	32.928833	-81.155189                                                                                                                                                
29912	816085	12463	0.315	0.005	32.584548	-80.928494                                                                                                                                                     
29915	27894290	6567756	10.77	2.536	32.118706	-80.861178                                                                                                                                                 
29916	164378842	123127	63.467	0.048	32.728963	-80.958706                                                                                                                                                
29918	278960772	1521081	107.707	0.587	32.744476	-81.247435                                                                                                                                              
29920	252820845	117230891	97.615	45.263	32.36422	-80.55361                                                                                                                                              
29921	13330162	0	5.147	0.	32.686639	-81.180144                                                                                                                                                          
29922	376112650	6464819	145.218	2.496	32.588331	-81.280061                                                                                                                                              
29923	15988113	0	6.173	0.	32.848242	-81.238594                                                                                                                                                          
29924	126587637	578602	48.876	0.223	32.876878	-81.111255                                                                                                                                                
29926	74335579	34332193	28.701	13.256	32.237257	-80.734276                                                                                                                                              
29927	518985662	15978611	200.381	6.169	32.24664	-81.057508                                                                                                                                              
29928	53622832	18965784	20.704	7.323	32.167062	-80.753591                                                                                                                                               
29929	202760516	41791	78.286	0.016	32.955198	-80.923822                                                                                                                                                 
29932	178554919	3174143	68.94	1.226	32.833497	-81.344326                                                                                                                                                
29934	199634487	3311	77.079	0.001	32.595031	-81.112502                                                                                                                                                  
29935	6041186	2379614	2.333	0.919	32.382648	-80.695597                                                                                                                                                  
29936	600244415	15691997	231.756	6.059	32.483364	-80.966253                                                                                                                                             
29939	8838810	0	3.413	0.	32.681259	-81.245338                                                                                                                                                           
29940	191621246	43820915	73.985	16.919	32.552743	-80.677693                                                                                                                                             
29941	39053601	8343275	15.079	3.221	32.534804	-80.819692                                                                                                                                                
29943	72277817	377074	27.907	0.146	32.491142	-81.146707                                                                                                                                                 
29944	351808523	118177	135.834	0.046	32.795699	-81.034521                                                                                                                                               
29945	533862401	9802538	206.125	3.785	32.681465	-80.795863                                                                                                                                              
