{"type":"FeatureCollection", "features": [
{"type":"Feature","geometry":{"type":"Polygon","coordinates":[[[-80.8296,35.6176],[-80.8307,35.6181],[-80.8308,35.6179],[-80.8298,35.6174],[-80.8296,35.6176]]]},"properties":{"OBJECTID":4846},"id":4846},
{"type":"Feature","geometry":{"type":"Polygon","coordinates":[[[-82.1915,34.2279],[-82.1948,34.2271],[-82.1956,34.2272],[-82.1963,34.2263],[-82.2001,34.2242],[-82.2017,34.2226],[-82.2026,34.2204],[-82.1976,34.2232],[-82.197,34.2239],[-82.1958,34.2238],[-82.1946,34.2213],[-82.1921,34.2224],[-82.1899,34.219],[-82.1898,34.2178],[-82.1888,34.2161],[-82.188,34.2134],[-82.1868,34.2143],[-82.1859,34.2129],[-82.1864,34.2125],[-82.1878,34.2122],[-82.1869,34.2115],[-82.1871,34.2108],[-82.1859,34.2104],[-82.1852,34.2098],[-82.1846,34.2086],[-82.1833,34.2091],[-82.1785,34.2039],[-82.1764,34.2045],[-82.1754,34.2018],[-82.1762,34.2014],[-82.1747,34.1998],[-82.1753,34.1983],[-82.1759,34.1983],[-82.1751,34.1964],[-82.1761,34.1964],[-82.1807,34.1956],[-82.1814,34.1976],[-82.1824,34.1994],[-82.1846,34.202],[-82.1861,34.2035],[-82.1871,34.2051],[-82.1851,34.206],[-82.1864,34.209],[-82.1886,34.2094],[-82.1896,34.2093],[-82.1887,34.2113],[-82.1902,34.2118],[-82.1914,34.2108],[-82.1913,34.2101],[-82.1903,34.2099],[-82.1906,34.2091],[-82.1888,34.2084],[-82.1897,34.2077],[-82.1892,34.2067],[-82.1945,34.2046],[-82.1964,34.2064],[-82.1974,34.2057],[-82.196,34.204],[-82.1988,34.2029],[-82.199,34.2025],[-82.1967,34.2005],[-82.1952,34.2012],[-82.1957,34.2021],[-82.1936,34.2024],[-82.1932,34.2022],[-82.1935,34.201],[-82.1923,34.2014],[-82.1903,34.1994],[-82.1883,34.2009],[-82.186,34.2004],[-82.1842,34.201],[-82.1831,34.1997],[-82.1821,34.1981],[-82.181,34.1953],[-82.1746,34.1964],[-82.175,34.196],[-82.1774,34.1905],[-82.1801,34.1938],[-82.1821,34.1934],[-82.1825,34.1949],[-82.1875,34.1947],[-82.188,34.1936],[-82.1888,34.1944],[-82.1891,34.1913],[-82.1871,34.1894],[-82.1883,34.1885],[-82.1868,34.1872],[-82.1861,34.1863],[-82.1879,34.1853],[-82.1855,34.1834],[-82.1845,34.1823],[-82.1831,34.1818],[-82.1844,34.1812],[-82.1839,34.1807],[-82.1839,34.1788],[-82.1846,34.1784],[-82.184,34.1776],[-82.1832,34.1777],[-82.1828,34.1765],[-82.1847,34.1749],[-82.1859,34.1743],[-82.1866,34.1729],[-82.1877,34.1718],[-82.1877,34.1712],[-82.1865,34.1702],[-82.1855,34.1679],[-82.1842,34.1663],[-82.186,34.1648],[-82.1902,34.1681],[-82.1908,34.1676],[-82.1922,34.1691],[-82.1909,34.1709],[-82.1916,34.1714],[-82.1932,34.1691],[-82.1928,34.1685],[-82.1951,34.1677],[-82.1935,34.1647],[-82.1912,34.1639],[-82.1894,34.1621],[-82.1947,34.158],[-82.1951,34.1573],[-82.19,34.1525],[-82.1896,34.1523],[-82.1907,34.1492],[-82.1904,34.1483],[-82.1906,34.147],[-82.1883,34.1479],[-82.1887,34.1485],[-82.1857,34.1499],[-82.1877,34.1512],[-82.1869,34.152],[-82.1816,34.1484],[-82.1804,34.1509],[-82.186,34.1546],[-82.185,34.1555],[-82.183,34.1538],[-82.1807,34.1556],[-82.1788,34.1541],[-82.1774,34.1561],[-82.1768,34.1531],[-82.175,34.1503],[-82.1744,34.1498],[-82.1698,34.1536],[-82.1686,34.155],[-82.1772,34.1589],[-82.1761,34.1595],[-82.1764,34.1609],[-82.1734,34.1617],[-82.1717,34.1586],[-82.1682,34.1596],[-82.1703,34.1619],[-82.1705,34.1627],[-82.1715,34.1634],[-82.1674,34.1667],[-82.1698,34.1687],[-82.1672,34.1702],[-82.1655,34.1713],[-82.1648,34.1724],[-82.1657,34.1731],[-82.1644,34.1737],[-82.1621,34.1708],[-82.1619,34.171],[-82.1571,34.1647],[-82.1586,34.1633],[-82.1609,34.1604],[-82.1605,34.16],[-82.1608,34.1586],[-82.1614,34.1586],[-82.1627,34.1596],[-82.1635,34.159],[-82.1646,34.1595],[-82.1651,34.1602],[-82.1665,34.1592],[-82.165,34.1576],[-82.1659,34.1571],[-82.1649,34.155],[-82.1625,34.1547],[-82.1606,34.1563],[-82.1612,34.1569],[-82.1606,34.158],[-82.1603,34.1601],[-82.1528,34.1539],[-82.1512,34.1528],[-82.1488,34.1545],[-82.1484,34.1533],[-82.1476,34.1524],[-82.1417,34.1508],[-82.1421,34.1515],[-82.1413,34.1541],[-82.1454,34.1561],[-82.142,34.1575],[-82.1403,34.1586],[-82.1399,34.1568],[-82.1386,34.157],[-82.1385,34.156],[-82.1396,34.1557],[-82.1388,34.153],[-82.1367,34.155],[-82.1375,34.1563],[-82.1382,34.1561],[-82.1391,34.1588],[-82.1334,34.1636],[-82.1318,34.1619],[-82.1296,34.1605],[-82.1289,34.1614],[-82.1268,34.1603],[-82.1286,34.1592],[-82.1257,34.1568],[-82.1225,34.1598],[-82.1211,34.1624],[-82.1209,34.1636],[-82.1251,34.1646],[-82.1256,34.1622],[-82.1274,34.1633],[-82.1261,34.1649],[-82.128,34.1659],[-82.1229,34.1692],[-82.1228,34.1705],[-82.1245,34.1721],[-82.1237,34.1727],[-82.1244,34.1734],[-82.1192,34.1775],[-82.1164,34.1797],[-82.1128,34.1818],[-82.1091,34.1829],[-82.1089,34.1844],[-82.1103,34.185],[-82.1119,34.1862],[-82.113,34.1876],[-82.1127,34.1885],[-82.1117,34.1892],[-82.111,34.1911],[-82.1125,34.1916],[-82.1178,34.1907],[-82.124,34.1933],[-82.1236,34.1946],[-82.1229,34.1954],[-82.1218,34.1961],[-82.1202,34.1964],[-82.1182,34.198],[-82.1178,34.1988],[-82.1168,34.1994],[-82.1154,34.1997],[-82.1136,34.2015],[-82.1127,34.2028],[-82.1119,34.203],[-82.1106,34.2042],[-82.1075,34.2064],[-82.1027,34.2093],[-82.1069,34.2137],[-82.1087,34.2159],[-82.1081,34.2164],[-82.1086,34.2171],[-82.1112,34.2168],[-82.1124,34.2142],[-82.1139,34.2117],[-82.1121,34.2106],[-82.1107,34.2101],[-82.1082,34.2088],[-82.1065,34.2073],[-82.1087,34.2059],[-82.1122,34.2031],[-82.1125,34.2031],[-82.1135,34.2018],[-82.1156,34.2001],[-82.1167,34.2002],[-82.1226,34.202],[-82.1248,34.2017],[-82.1248,34.2],[-82.1253,34.1996],[-82.1283,34.1991],[-82.1314,34.1998],[-82.1314,34.2006],[-82.1339,34.2014],[-82.1354,34.2022],[-82.1367,34.2021],[-82.1381,34.2026],[-82.1384,34.2032],[-82.1382,34.2044],[-82.1393,34.2048],[-82.1431,34.2017],[-82.1436,34.2029],[-82.1426,34.2029],[-82.1423,34.2036],[-82.1414,34.204],[-82.1411,34.2047],[-82.1419,34.2052],[-82.1452,34.2038],[-82.1464,34.2042],[-82.1454,34.2049],[-82.1461,34.2056],[-82.1472,34.2048],[-82.148,34.2062],[-82.1488,34.2057],[-82.151,34.2073],[-82.1458,34.2105],[-82.1456,34.2093],[-82.1469,34.2084],[-82.1458,34.2074],[-82.1449,34.2087],[-82.1457,34.2098],[-82.1456,34.2106],[-82.1434,34.212],[-82.1404,34.2133],[-82.1391,34.2143],[-82.1386,34.2162],[-82.1362,34.216],[-82.1369,34.2153],[-82.1361,34.2137],[-82.1344,34.2146],[-82.129,34.2186],[-82.1295,34.2194],[-82.1333,34.2185],[-82.1341,34.2198],[-82.1358,34.2191],[-82.1339,34.216],[-82.1346,34.2161],[-82.1362,34.2189],[-82.1378,34.218],[-82.1381,34.2189],[-82.1367,34.2193],[-82.1373,34.2203],[-82.1389,34.2198],[-82.141,34.2228],[-82.1411,34.2237],[-82.1384,34.2214],[-82.1364,34.2232],[-82.1369,34.2241],[-82.1364,34.2245],[-82.1374,34.2255],[-82.1388,34.2257],[-82.1386,34.2263],[-82.1375,34.2268],[-82.1383,34.2283],[-82.1392,34.2288],[-82.1413,34.2288],[-82.1403,34.2306],[-82.1383,34.2288],[-82.1331,34.2331],[-82.1309,34.2351],[-82.1321,34.2363],[-82.1314,34.237],[-82.1307,34.2383],[-82.1296,34.239],[-82.1288,34.239],[-82.1282,34.2394],[-82.1275,34.2395],[-82.1274,34.2398],[-82.1329,34.2454],[-82.1352,34.2486],[-82.1347,34.2495],[-82.1343,34.25],[-82.1342,34.2502],[-82.1343,34.2502],[-82.1327,34.2525],[-82.1326,34.2531],[-82.131,34.2556],[-82.1308,34.2562],[-82.1278,34.2561],[-82.1274,34.2556],[-82.1258,34.256],[-82.1241,34.2558],[-82.121,34.2583],[-82.1243,34.2623],[-82.126,34.2646],[-82.1219,34.2678],[-82.1211,34.2683],[-82.12,34.2696],[-82.1204,34.2698],[-82.1287,34.2641],[-82.1316,34.2659],[-82.13,34.2687],[-82.1327,34.2703],[-82.1332,34.2715],[-82.1342,34.2734],[-82.1369,34.2723],[-82.1381,34.273],[-82.1422,34.2697],[-82.14,34.2686],[-82.1409,34.2668],[-82.1408,34.2645],[-82.1451,34.2581],[-82.141,34.2565],[-82.1386,34.2561],[-82.1383,34.2549],[-82.1398,34.2536],[-82.1343,34.25],[-82.1348,34.2495],[-82.1353,34.2486],[-82.1331,34.2454],[-82.1275,34.2397],[-82.1283,34.2395],[-82.1289,34.2391],[-82.1298,34.2391],[-82.131,34.2383],[-82.1316,34.2369],[-82.1323,34.2363],[-82.1311,34.2352],[-82.1383,34.2291],[-82.1405,34.2311],[-82.1422,34.2285],[-82.1447,34.2276],[-82.1435,34.2266],[-82.1455,34.2258],[-82.1462,34.2249],[-82.145,34.2242],[-82.1454,34.2238],[-82.1446,34.222],[-82.1457,34.2208],[-82.1473,34.2221],[-82.1485,34.221],[-82.1481,34.2252],[-82.1493,34.2255],[-82.1494,34.224],[-82.1513,34.2241],[-82.1511,34.2223],[-82.1541,34.2231],[-82.1548,34.2235],[-82.1563,34.2238],[-82.1557,34.2247],[-82.1543,34.2255],[-82.1552,34.2264],[-82.1534,34.2273],[-82.1547,34.2311],[-82.1565,34.2311],[-82.1581,34.2304],[-82.1591,34.2292],[-82.1601,34.2309],[-82.159,34.2313],[-82.159,34.2326],[-82.1575,34.2326],[-82.1562,34.2333],[-82.1599,34.236],[-82.1612,34.2345],[-82.1611,34.2341],[-82.1596,34.2337],[-82.1599,34.233],[-82.1591,34.2327],[-82.1591,34.2313],[-82.1613,34.2306],[-82.1619,34.2301],[-82.1628,34.2312],[-82.164,34.2319],[-82.1656,34.2334],[-82.1674,34.2333],[-82.1629,34.2285],[-82.1666,34.2255],[-82.1654,34.2242],[-82.1645,34.2238],[-82.1681,34.221],[-82.1678,34.22],[-82.1664,34.2195],[-82.167,34.219],[-82.1696,34.2178],[-82.1688,34.2167],[-82.1701,34.2158],[-82.1722,34.2147],[-82.1742,34.2145],[-82.1736,34.2129],[-82.1742,34.2105],[-82.1759,34.2107],[-82.1753,34.2123],[-82.1758,34.2124],[-82.1778,34.2114],[-82.1807,34.2146],[-82.1806,34.2153],[-82.1799,34.2158],[-82.1813,34.217],[-82.1824,34.2163],[-82.1832,34.2173],[-82.1855,34.2207],[-82.1887,34.2184],[-82.1898,34.2192],[-82.1929,34.2241],[-82.1932,34.2249],[-82.1954,34.2263],[-82.1948,34.2269],[-82.1931,34.2262],[-82.1922,34.2264],[-82.1915,34.2276],[-82.1915,34.2279]],[[-82.1762,34.2103],[-82.1744,34.2102],[-82.1738,34.2091],[-82.1728,34.2102],[-82.1721,34.2096],[-82.1699,34.2095],[-82.1744,34.2071],[-82.1764,34.2098],[-82.1762,34.2103]],[[-82.1466,34.1698],[-82.1456,34.1699],[-82.1443,34.1693],[-82.1449,34.1682],[-82.1462,34.1677],[-82.145,34.1649],[-82.1454,34.1643],[-82.1466,34.164],[-82.1491,34.1657],[-82.1497,34.1665],[-82.1551,34.1623],[-82.1543,34.1613],[-82.1527,34.1626],[-82.1522,34.1621],[-82.1509,34.1628],[-82.1482,34.1604],[-82.1497,34.1589],[-82.1475,34.156],[-82.1512,34.1533],[-82.16,34.1602],[-82.1605,34.1606],[-82.1586,34.1629],[-82.1559,34.1651],[-82.156,34.1659],[-82.1551,34.1665],[-82.1541,34.1663],[-82.155,34.1677],[-82.1536,34.1686],[-82.1532,34.1694],[-82.1486,34.1684],[-82.1466,34.1698]],[[-82.1288,34.1615],[-82.1286,34.1618],[-82.1259,34.1611],[-82.1266,34.1603],[-82.1288,34.1615]],[[-82.1497,34.2206],[-82.1505,34.2207],[-82.1508,34.2219],[-82.1496,34.2219],[-82.1497,34.2206]]]},"properties":{"OBJECTID":4853},"id":4853},
{"type":"Feature","geometry":{"type":"Polygon","coordinates":[[[-77.8964,35.9728],[-77.8964,35.9735],[-77.8973,35.9734],[-77.8973,35.9728],[-77.8964,35.9728]]]},"properties":{"OBJECTID":4854},"id":4854},
{"type":"Feature","geometry":{"type":"Polygon","coordinates":[[[-79.7052,36.0459],[-79.705,36.0466],[-79.706,36.047],[-79.706,36.0462],[-79.7052,36.0459]]]},"properties":{"OBJECTID":4856},"id":4856},
{"type":"Feature","geometry":{"type":"Polygon","coordinates":[[[-84.2008,36.0611],[-84.2024,36.0625],[-84.2035,36.0631],[-84.2043,36.064],[-84.2061,36.0652],[-84.2098,36.066],[-84.212,36.0671],[-84.2144,36.0672],[-84.2169,36.0665],[-84.2182,36.066],[-84.2214,36.0635],[-84.2236,36.0623],[-84.2257,36.0614],[-84.2273,36.061],[-84.2308,36.0604],[-84.2325,36.06],[-84.2339,36.0593],[-84.2364,36.0574],[-84.2449,36.0486],[-84.247,36.0468],[-84.2501,36.0447],[-84.2548,36.0417],[-84.2598,36.0383],[-84.2637,36.0356],[-84.2728,36.0296],[-84.2749,36.0287],[-84.2862,36.0258],[-84.289,36.0245],[-84.2996,36.0194],[-84.3022,36.0189],[-84.3018,36.0183],[-84.2981,36.0186],[-84.2929,36.0199],[-84.2911,36.0199],[-84.3133,36.0079],[-84.3156,36.0091],[-84.3253,36.005],[-84.325,36.0034],[-84.3264,36.0017],[-84.3304,36.0005],[-84.3387,35.9961],[-84.34,35.9942],[-84.3423,35.9949],[-84.3458,35.9925],[-84.3497,35.991],[-84.3518,35.9895],[-84.3531,35.9859],[-84.3551,35.9846],[-84.3605,35.9839],[-84.3626,35.9816],[-84.3662,35.9797],[-84.3679,35.9781],[-84.3694,35.9763],[-84.3697,35.9743],[-84.3757,35.97],[-84.386,35.965],[-84.3908,35.9643],[-84.3938,35.9628],[-84.3953,35.9598],[-84.3952,35.9577],[-84.3948,35.9565],[-84.3963,35.9562],[-84.4001,35.9567],[-84.4026,35.956],[-84.4046,35.9532],[-84.4123,35.9494],[-84.4187,35.9458],[-84.4189,35.9304],[-84.422,35.9275],[-84.4219,35.927],[-84.4238,35.924],[-84.4317,35.9186],[-84.4357,35.9152],[-84.4363,35.9137],[-84.4357,35.9123],[-84.4348,35.9124],[-84.432,35.9134],[-84.4289,35.9088],[-84.4275,35.9069],[-84.4293,35.9059],[-84.4283,35.9048],[-84.4238,35.9031],[-84.4231,35.9024],[-84.4222,35.9021],[-84.421,35.9028],[-84.4202,35.9001],[-84.419,35.8992],[-84.4185,35.8997],[-84.4163,35.8974],[-84.4153,35.8967],[-84.4077,35.9019],[-84.405,35.8994],[-84.4003,35.9025],[-84.3983,35.9098],[-84.398,35.9097],[-84.3932,35.9061],[-84.3923,35.9057],[-84.3908,35.9041],[-84.3882,35.9],[-84.388,35.8983],[-84.3881,35.8968],[-84.3901,35.8938],[-84.3908,35.8925],[-84.3911,35.8911],[-84.3908,35.8894],[-84.3898,35.8876],[-84.3882,35.8862],[-84.3854,35.8844],[-84.3793,35.8822],[-84.3775,35.8813],[-84.3758,35.8808],[-84.3734,35.8811],[-84.3709,35.8834],[-84.3704,35.8845],[-84.3709,35.8866],[-84.3724,35.8892],[-84.3733,35.8912],[-84.374,35.8933],[-84.374,35.8952],[-84.3737,35.8967],[-84.3731,35.8978],[-84.3721,35.8984],[-84.3708,35.8987],[-84.3685,35.8989],[-84.3664,35.8985],[-84.3652,35.8989],[-84.3566,35.8987],[-84.3517,35.8998],[-84.348,35.8994],[-84.3338,35.8959],[-84.3319,35.8946],[-84.33,35.8929],[-84.3274,35.8894],[-84.3242,35.8871],[-84.3192,35.8863],[-84.3101,35.8883],[-84.3023,35.8864],[-84.2937,35.8833],[-84.2863,35.8756],[-84.2848,35.8749],[-84.2833,35.875],[-84.2808,35.8758],[-84.279,35.8772],[-84.2785,35.8798],[-84.2799,35.8831],[-84.2838,35.8895],[-84.2858,35.8943],[-84.2855,35.8992],[-84.2846,35.901],[-84.2812,35.903],[-84.2793,35.9028],[-84.2771,35.902],[-84.2745,35.9003],[-84.2714,35.8967],[-84.269,35.8948],[-84.2667,35.8941],[-84.264,35.8952],[-84.2634,35.8969],[-84.2684,35.9026],[-84.2703,35.9056],[-84.2717,35.9088],[-84.2716,35.9105],[-84.2702,35.9126],[-84.2679,35.9137],[-84.2655,35.9137],[-84.263,35.9143],[-84.2611,35.9143],[-84.2567,35.9154],[-84.2544,35.9166],[-84.2527,35.9179],[-84.2529,35.9196],[-84.2544,35.9227],[-84.2554,35.9242],[-84.2561,35.9257],[-84.2565,35.9276],[-84.2582,35.929],[-84.2636,35.9307],[-84.2649,35.932],[-84.2668,35.9328],[-84.2681,35.9341],[-84.271,35.9351],[-84.2735,35.9364],[-84.2737,35.9389],[-84.2708,35.9427],[-84.2679,35.9436],[-84.2653,35.9436],[-84.2601,35.9421],[-84.2556,35.94],[-84.2538,35.9394],[-84.25,35.9362],[-84.2474,35.9326],[-84.2462,35.9314],[-84.2445,35.9293],[-84.2424,35.9288],[-84.2399,35.929],[-84.238,35.9297],[-84.2361,35.9307],[-84.2359,35.9326],[-84.2365,35.9345],[-84.2376,35.9362],[-84.2384,35.9383],[-84.2388,35.9404],[-84.2376,35.9448],[-84.239,35.9471],[-84.2422,35.948],[-84.2445,35.948],[-84.2458,35.9495],[-84.2455,35.9522],[-84.2445,35.9545],[-84.242,35.9556],[-84.239,35.9553],[-84.2367,35.9547],[-84.2342,35.9535],[-84.2321,35.9522],[-84.23,35.9499],[-84.2283,35.9484],[-84.2247,35.9467],[-84.222,35.9457],[-84.2161,35.9459],[-84.2146,35.9471],[-84.214,35.9484],[-84.214,35.9499],[-84.2136,35.952],[-84.2144,35.9535],[-84.2144,35.9553],[-84.2157,35.956],[-84.2186,35.9587],[-84.2205,35.9602],[-84.2201,35.9623],[-84.218,35.9652],[-84.2163,35.9669],[-84.2163,35.9684],[-84.215,35.9739],[-84.2131,35.9753],[-84.2115,35.9762],[-84.2064,35.977],[-84.2041,35.9768],[-84.2009,35.9772],[-84.1995,35.9772],[-84.1978,35.9779],[-84.195,35.98],[-84.1944,35.9838],[-84.1948,35.9882],[-84.1957,35.9907],[-84.195,35.9936],[-84.1915,35.996],[-84.1896,35.9951],[-84.1879,35.9949],[-84.1862,35.9939],[-84.1831,35.9928],[-84.1757,35.9924],[-84.174,35.9928],[-84.1717,35.9917],[-84.1652,35.9907],[-84.1601,35.9909],[-84.1584,35.9917],[-84.1573,35.9908],[-84.1561,35.9923],[-84.1551,35.9946],[-84.1552,35.9974],[-84.1559,35.9996],[-84.1562,36.0013],[-84.1559,36.0049],[-84.1567,36.0073],[-84.1578,36.0081],[-84.1595,36.0105],[-84.1608,36.0131],[-84.1617,36.017],[-84.1628,36.0194],[-84.1636,36.0202],[-84.1649,36.0221],[-84.1665,36.025],[-84.1679,36.0265],[-84.1708,36.0281],[-84.1734,36.0286],[-84.1789,36.0288],[-84.1811,36.0292],[-84.1834,36.0303],[-84.1845,36.0314],[-84.186,36.0334],[-84.1869,36.0342],[-84.1875,36.0358],[-84.1886,36.0363],[-84.1893,36.0372],[-84.1907,36.0396],[-84.1926,36.0408],[-84.1939,36.0412],[-84.1947,36.0396],[-84.1987,36.0418],[-84.1999,36.0445],[-84.2001,36.0471],[-84.1977,36.0491],[-84.1977,36.0512],[-84.197,36.0562],[-84.1973,36.0581],[-84.2008,36.0611]]]},"properties":{"OBJECTID":4863},"id":4863},
{"type":"Feature","geometry":{"type":"Polygon","coordinates":[[[-79.8191,34.2453],[-79.8215,34.2436],[-79.8269,34.2401],[-79.8419,34.2304],[-79.8501,34.2253],[-79.8729,34.2107],[-79.885,34.203],[-79.8886,34.2007],[-79.8949,34.1967],[-79.9138,34.1847],[-79.9146,34.1828],[-79.9168,34.1781],[-79.914,34.1774],[-79.9122,34.1768],[-79.9095,34.1757],[-79.9053,34.1741],[-79.9043,34.1733],[-79.904,34.1722],[-79.9015,34.1721],[-79.9004,34.1715],[-79.901,34.1699],[-79.8932,34.1703],[-79.8923,34.1679],[-79.8911,34.1656],[-79.8896,34.1677],[-79.8881,34.1706],[-79.8861,34.1702],[-79.8851,34.1697],[-79.8836,34.1686],[-79.8826,34.1673],[-79.8818,34.1652],[-79.8812,34.1646],[-79.8773,34.1614],[-79.8767,34.1602],[-79.8765,34.1593],[-79.8773,34.1544],[-79.8753,34.1548],[-79.8728,34.1555],[-79.869,34.1569],[-79.8654,34.158],[-79.8653,34.1562],[-79.8624,34.1561],[-79.8622,34.1518],[-79.8616,34.1494],[-79.8604,34.1471],[-79.8604,34.1468],[-79.8662,34.1479],[-79.8677,34.1492],[-79.8728,34.1498],[-79.873,34.1469],[-79.8701,34.1468],[-79.8647,34.1457],[-79.8649,34.145],[-79.8626,34.1445],[-79.8618,34.1452],[-79.8616,34.1459],[-79.8598,34.1457],[-79.8599,34.1448],[-79.8583,34.1446],[-79.8548,34.145],[-79.8408,34.1487],[-79.8341,34.1495],[-79.8238,34.151],[-79.8228,34.151],[-79.8185,34.1501],[-79.8068,34.1475],[-79.8075,34.1445],[-79.8063,34.1434],[-79.8067,34.1346],[-79.8055,34.1338],[-79.8039,34.1341],[-79.8005,34.1342],[-79.7991,34.1336],[-79.7962,34.1314],[-79.795,34.1307],[-79.7921,34.1325],[-79.7934,34.1337],[-79.7912,34.1362],[-79.789,34.1395],[-79.7825,34.1367],[-79.7832,34.1354],[-79.783,34.1348],[-79.7835,34.1329],[-79.7805,34.1312],[-79.7801,34.1318],[-79.7786,34.1318],[-79.778,34.1348],[-79.7751,34.1342],[-79.7733,34.1341],[-79.7767,34.1282],[-79.777,34.1273],[-79.7797,34.1227],[-79.7811,34.1191],[-79.7818,34.1162],[-79.7827,34.112],[-79.7829,34.1092],[-79.7826,34.107],[-79.7817,34.1041],[-79.7796,34.1004],[-79.7789,34.1005],[-79.759,34.0962],[-79.7564,34.096],[-79.7572,34.1072],[-79.7582,34.1201],[-79.7211,34.1318],[-79.7128,34.1415],[-79.7127,34.1434],[-79.7117,34.1471],[-79.7079,34.1459],[-79.6948,34.1417],[-79.6938,34.143],[-79.6915,34.1436],[-79.6892,34.1449],[-79.6882,34.1457],[-79.6882,34.1471],[-79.689,34.148],[-79.6908,34.1493],[-79.693,34.1517],[-79.6927,34.1536],[-79.6918,34.1551],[-79.691,34.1572],[-79.6922,34.1576],[-79.696,34.1578],[-79.6972,34.1584],[-79.6982,34.1584],[-79.7018,34.16],[-79.7032,34.1595],[-79.7042,34.1598],[-79.7076,34.1588],[-79.7106,34.1599],[-79.7161,34.1583],[-79.7172,34.1574],[-79.7187,34.1582],[-79.7258,34.1577],[-79.7254,34.1603],[-79.728,34.1634],[-79.7298,34.1661],[-79.731,34.1669],[-79.7313,34.1678],[-79.7286,34.1725],[-79.7274,34.1732],[-79.7242,34.1733],[-79.7227,34.1737],[-79.7211,34.1748],[-79.7204,34.1758],[-79.7193,34.1794],[-79.7189,34.1802],[-79.7145,34.1843],[-79.7137,34.1848],[-79.7118,34.1854],[-79.7055,34.1861],[-79.7037,34.1869],[-79.7033,34.1876],[-79.7025,34.1867],[-79.7015,34.1795],[-79.7004,34.1779],[-79.6997,34.1782],[-79.6941,34.1802],[-79.6873,34.1828],[-79.6854,34.1841],[-79.6847,34.1852],[-79.6842,34.1873],[-79.6841,34.1933],[-79.6839,34.1986],[-79.6838,34.2097],[-79.6837,34.2191],[-79.6859,34.2193],[-79.6871,34.2191],[-79.6909,34.2194],[-79.6926,34.2189],[-79.6934,34.2183],[-79.6964,34.2151],[-79.6975,34.2142],[-79.7006,34.2132],[-79.7029,34.2132],[-79.7027,34.2125],[-79.7024,34.2088],[-79.7026,34.2068],[-79.7044,34.2023],[-79.7131,34.2019],[-79.7205,34.2017],[-79.7206,34.2032],[-79.7216,34.2046],[-79.7286,34.2097],[-79.7306,34.2114],[-79.732,34.2132],[-79.7342,34.217],[-79.7288,34.2192],[-79.7265,34.2207],[-79.7252,34.222],[-79.7246,34.2239],[-79.736,34.223],[-79.7362,34.2216],[-79.738,34.2206],[-79.7371,34.216],[-79.7427,34.2139],[-79.7442,34.2138],[-79.7488,34.2147],[-79.747,34.2177],[-79.7431,34.2172],[-79.743,34.2191],[-79.7467,34.2195],[-79.7452,34.2282],[-79.7453,34.2294],[-79.7458,34.2306],[-79.7491,34.2343],[-79.7498,34.2374],[-79.7457,34.2436],[-79.7482,34.2438],[-79.7491,34.2444],[-79.7493,34.2452],[-79.7501,34.2454],[-79.7502,34.2466],[-79.7524,34.2473],[-79.7529,34.2477],[-79.7529,34.2493],[-79.7524,34.2506],[-79.754,34.2509],[-79.755,34.2502],[-79.7564,34.2512],[-79.7584,34.2518],[-79.7582,34.2528],[-79.7588,34.2536],[-79.7607,34.2548],[-79.7617,34.2565],[-79.7626,34.2568],[-79.7631,34.2582],[-79.762,34.2598],[-79.7637,34.2615],[-79.7655,34.2622],[-79.7661,34.2618],[-79.7645,34.2607],[-79.7652,34.2596],[-79.7662,34.2599],[-79.767,34.2606],[-79.7684,34.2597],[-79.769,34.2609],[-79.7688,34.2627],[-79.7712,34.2645],[-79.7712,34.263],[-79.7722,34.263],[-79.7723,34.2638],[-79.773,34.2647],[-79.7725,34.2654],[-79.7733,34.2658],[-79.7746,34.2653],[-79.7754,34.2659],[-79.7765,34.2661],[-79.7763,34.2672],[-79.7772,34.2674],[-79.7772,34.2661],[-79.7778,34.2661],[-79.7787,34.2677],[-79.7796,34.2681],[-79.7825,34.2679],[-79.7831,34.2689],[-79.7867,34.2705],[-79.7869,34.2679],[-79.7934,34.2665],[-79.795,34.2661],[-79.7997,34.2644],[-79.8005,34.2643],[-79.807,34.2642],[-79.8162,34.2587],[-79.8265,34.2526],[-79.8275,34.2519],[-79.8191,34.2453]]]},"properties":{"OBJECTID":4864},"id":4864},
{"type":"Feature","geometry":{"type":"Polygon","coordinates":[[[-82.1695,34.8864],[-82.1689,34.8844],[-82.171,34.8837],[-82.1713,34.8848],[-82.1725,34.8852],[-82.174,34.8852],[-82.1751,34.8836],[-82.1763,34.884],[-82.1765,34.8827],[-82.1746,34.8821],[-82.1732,34.8813],[-82.1717,34.8815],[-82.1702,34.8813],[-82.1687,34.8806],[-82.1703,34.8792],[-82.1705,34.8785],[-82.1734,34.8791],[-82.1744,34.876],[-82.1735,34.8755],[-82.172,34.8754],[-82.171,34.8749],[-82.1692,34.8765],[-82.1702,34.8777],[-82.1702,34.8791],[-82.1686,34.8802],[-82.1679,34.8798],[-82.1679,34.879],[-82.1672,34.8782],[-82.167,34.8772],[-82.1658,34.8761],[-82.1658,34.8745],[-82.1661,34.8728],[-82.1668,34.8719],[-82.1655,34.871],[-82.1674,34.8677],[-82.1644,34.8644],[-82.1636,34.8658],[-82.1611,34.8651],[-82.161,34.8642],[-82.1616,34.8631],[-82.1597,34.8611],[-82.1573,34.859],[-82.1568,34.8583],[-82.1547,34.8581],[-82.1536,34.8575],[-82.1519,34.8557],[-82.1489,34.852],[-82.1517,34.8507],[-82.1537,34.8492],[-82.152,34.8484],[-82.1504,34.8491],[-82.1494,34.8479],[-82.148,34.8483],[-82.1478,34.8508],[-82.1472,34.8529],[-82.1456,34.8564],[-82.1488,34.8566],[-82.152,34.857],[-82.1521,34.8573],[-82.1478,34.8594],[-82.1496,34.8611],[-82.1503,34.8631],[-82.1518,34.8641],[-82.1528,34.8657],[-82.1578,34.8663],[-82.159,34.8646],[-82.1611,34.8652],[-82.1605,34.8687],[-82.1605,34.8703],[-82.1609,34.8714],[-82.1616,34.8721],[-82.1618,34.874],[-82.1639,34.8751],[-82.1653,34.8741],[-82.1658,34.8746],[-82.1655,34.8762],[-82.1669,34.8773],[-82.1671,34.8783],[-82.1678,34.879],[-82.1679,34.8799],[-82.1683,34.8804],[-82.1702,34.8814],[-82.1716,34.8818],[-82.1707,34.8826],[-82.171,34.8836],[-82.1686,34.8844],[-82.1694,34.8865],[-82.1688,34.8871],[-82.1668,34.8871],[-82.1668,34.886],[-82.1642,34.8859],[-82.1644,34.8864],[-82.1638,34.8883],[-82.1623,34.8883],[-82.1577,34.8904],[-82.1591,34.8917],[-82.1577,34.8933],[-82.1586,34.8943],[-82.16,34.8944],[-82.1614,34.8955],[-82.1592,34.897],[-82.1598,34.8975],[-82.1573,34.8995],[-82.1602,34.9015],[-82.1603,34.9052],[-82.1639,34.9037],[-82.1656,34.9035],[-82.167,34.9028],[-82.1695,34.9034],[-82.1696,34.9052],[-82.1689,34.9051],[-82.1707,34.9072],[-82.1673,34.9068],[-82.167,34.9094],[-82.1659,34.91],[-82.1645,34.9103],[-82.1637,34.9108],[-82.1645,34.9168],[-82.1649,34.9177],[-82.1686,34.9186],[-82.1684,34.9193],[-82.1656,34.9192],[-82.1657,34.9197],[-82.1763,34.9202],[-82.1765,34.9172],[-82.1775,34.9173],[-82.1868,34.9182],[-82.1871,34.9239],[-82.1875,34.9267],[-82.1868,34.927],[-82.184,34.9258],[-82.1831,34.9257],[-82.1818,34.9266],[-82.1806,34.9258],[-82.1792,34.9264],[-82.1813,34.9281],[-82.182,34.9309],[-82.1828,34.931],[-82.1849,34.9306],[-82.1859,34.9309],[-82.1861,34.9329],[-82.1851,34.9335],[-82.1828,34.9335],[-82.1823,34.9327],[-82.1782,34.9324],[-82.1783,34.9303],[-82.1751,34.9302],[-82.1754,34.9284],[-82.1704,34.9277],[-82.1696,34.9313],[-82.1695,34.9355],[-82.1693,34.9386],[-82.1707,34.9402],[-82.1685,34.9416],[-82.1671,34.9405],[-82.1645,34.9406],[-82.1655,34.9436],[-82.1666,34.9436],[-82.1672,34.9445],[-82.1685,34.9448],[-82.1682,34.9463],[-82.1672,34.9472],[-82.1676,34.9478],[-82.1691,34.9476],[-82.1701,34.947],[-82.1705,34.9476],[-82.1689,34.9485],[-82.1698,34.9488],[-82.1679,34.9516],[-82.167,34.9525],[-82.1662,34.9527],[-82.1694,34.9546],[-82.1673,34.9551],[-82.1646,34.9554],[-82.1613,34.9555],[-82.1577,34.9554],[-82.1593,34.9574],[-82.1624,34.9581],[-82.1667,34.958],[-82.1702,34.9593],[-82.1734,34.9604],[-82.1769,34.9619],[-82.1789,34.9632],[-82.1809,34.9652],[-82.1821,34.9686],[-82.1837,34.9701],[-82.1847,34.9704],[-82.188,34.97],[-82.1895,34.97],[-82.1911,34.9704],[-82.1929,34.9724],[-82.1927,34.9761],[-82.1928,34.9779],[-82.195,34.9754],[-82.1956,34.975],[-82.1977,34.9782],[-82.2019,34.9813],[-82.204,34.9826],[-82.2062,34.9835],[-82.209,34.9841],[-82.2107,34.9844],[-82.2146,34.9846],[-82.2161,34.9851],[-82.2174,34.9862],[-82.2202,34.9889],[-82.2203,34.9896],[-82.2227,34.9899],[-82.2215,34.9913],[-82.2232,34.9919],[-82.2228,34.9927],[-82.2263,34.9929],[-82.2275,34.9935],[-82.2296,34.9929],[-82.2302,34.9893],[-82.2296,34.9887],[-82.2298,34.9879],[-82.2288,34.986],[-82.2292,34.9842],[-82.2299,34.9826],[-82.2314,34.9839],[-82.2337,34.9837],[-82.2333,34.9846],[-82.2357,34.9852],[-82.2373,34.9812],[-82.2393,34.9803],[-82.2408,34.9806],[-82.2407,34.9799],[-82.2399,34.9796],[-82.2413,34.9784],[-82.2431,34.9771],[-82.2436,34.9785],[-82.2448,34.9783],[-82.2456,34.9787],[-82.2473,34.9783],[-82.2475,34.9791],[-82.2487,34.9795],[-82.2491,34.979],[-82.2508,34.9787],[-82.2512,34.9783],[-82.2532,34.9776],[-82.2535,34.9783],[-82.2543,34.9787],[-82.2557,34.9778],[-82.2585,34.9786],[-82.2602,34.9808],[-82.2601,34.9818],[-82.2585,34.983],[-82.2598,34.983],[-82.2602,34.9835],[-82.2605,34.9858],[-82.2613,34.985],[-82.2613,34.9841],[-82.2626,34.9845],[-82.2654,34.9846],[-82.2666,34.9837],[-82.2676,34.9839],[-82.2689,34.9836],[-82.2703,34.9846],[-82.2708,34.9863],[-82.2702,34.9874],[-82.2703,34.9888],[-82.2708,34.9918],[-82.2721,34.9917],[-82.2721,34.9876],[-82.2713,34.9867],[-82.273,34.9859],[-82.2755,34.9862],[-82.2762,34.9865],[-82.2786,34.9869],[-82.2795,34.9883],[-82.276,34.989],[-82.2762,34.9911],[-82.2769,34.9937],[-82.2783,34.9985],[-82.2794,34.9987],[-82.282,34.9983],[-82.2832,34.9977],[-82.2872,34.9944],[-82.2872,34.9926],[-82.2883,34.9914],[-82.289,34.9916],[-82.292,34.9918],[-82.2924,34.9941],[-82.292,34.9959],[-82.2921,34.9977],[-82.2934,34.9969],[-82.2941,34.9976],[-82.295,34.9995],[-82.295,35.0002],[-82.292,35.0036],[-82.2931,35.0049],[-82.2938,35.0036],[-82.2956,35.0023],[-82.297,35.0025],[-82.2971,35.0015],[-82.2979,35.0009],[-82.2995,35.0011],[-82.3002,35.0031],[-82.3011,35.0044],[-82.3013,35.0056],[-82.3021,35.0076],[-82.3009,35.0076],[-82.3003,35.0085],[-82.2991,35.0086],[-82.2992,35.0093],[-82.3,35.0106],[-82.3012,35.01],[-82.3025,35.0097],[-82.3024,35.0115],[-82.3009,35.0123],[-82.3009,35.0127],[-82.2996,35.0134],[-82.2998,35.0141],[-82.3009,35.0149],[-82.3027,35.0146],[-82.3034,35.0126],[-82.3059,35.011],[-82.3073,35.0122],[-82.3068,35.0139],[-82.3044,35.0143],[-82.303,35.0152],[-82.3031,35.0173],[-82.3068,35.0158],[-82.308,35.016],[-82.3083,35.0172],[-82.3091,35.0183],[-82.309,35.019],[-82.3081,35.0202],[-82.3089,35.0209],[-82.3101,35.021],[-82.3109,35.0205],[-82.3122,35.0211],[-82.3128,35.0222],[-82.3129,35.023],[-82.3048,35.0249],[-82.3034,35.0238],[-82.3023,35.0238],[-82.3034,35.0252],[-82.3041,35.0254],[-82.3021,35.0277],[-82.3041,35.0295],[-82.3051,35.0287],[-82.3072,35.0283],[-82.3068,35.0298],[-82.3082,35.0288],[-82.3095,35.0272],[-82.3108,35.0274],[-82.3117,35.0283],[-82.3151,35.0284],[-82.316,35.0291],[-82.315,35.0313],[-82.3138,35.032],[-82.3117,35.0321],[-82.3107,35.033],[-82.3113,35.0335],[-82.313,35.0328],[-82.3152,35.0325],[-82.316,35.0347],[-82.317,35.0336],[-82.3183,35.0326],[-82.3202,35.0322],[-82.3214,35.0315],[-82.3222,35.0318],[-82.3218,35.033],[-82.3206,35.0347],[-82.3193,35.0348],[-82.3194,35.0355],[-82.322,35.0361],[-82.3251,35.0374],[-82.3251,35.0386],[-82.3232,35.04],[-82.3224,35.0412],[-82.3206,35.042],[-82.3202,35.0431],[-82.3216,35.0427],[-82.3273,35.0428],[-82.328,35.0436],[-82.3301,35.0434],[-82.331,35.0441],[-82.3311,35.0454],[-82.3328,35.0443],[-82.3346,35.0441],[-82.3371,35.0454],[-82.3384,35.0468],[-82.3388,35.0486],[-82.3381,35.0494],[-82.3393,35.0499],[-82.3404,35.049],[-82.3419,35.0489],[-82.3429,35.0491],[-82.3444,35.0499],[-82.3453,35.0507],[-82.3462,35.0508],[-82.3471,35.0504],[-82.3473,35.0495],[-82.3451,35.0491],[-82.3456,35.0463],[-82.3432,35.0456],[-82.3418,35.0466],[-82.3404,35.0461],[-82.3386,35.0447],[-82.3383,35.0433],[-82.3373,35.0423],[-82.3366,35.0424],[-82.3352,35.0418],[-82.3332,35.0418],[-82.3319,35.0406],[-82.3293,35.0387],[-82.3283,35.0372],[-82.329,35.0362],[-82.3288,35.0355],[-82.3269,35.0351],[-82.3261,35.0342],[-82.3281,35.0326],[-82.3292,35.0322],[-82.3301,35.0327],[-82.3304,35.0318],[-82.3321,35.0317],[-82.3308,35.0307],[-82.3287,35.0298],[-82.3291,35.029],[-82.3277,35.0291],[-82.3264,35.0285],[-82.3264,35.0277],[-82.3258,35.0272],[-82.324,35.0276],[-82.3227,35.0277],[-82.3208,35.0284],[-82.3196,35.03],[-82.3185,35.0301],[-82.3185,35.0283],[-82.3188,35.0278],[-82.3162,35.0268],[-82.3164,35.0263],[-82.3184,35.0243],[-82.3191,35.0232],[-82.3207,35.0225],[-82.3214,35.0217],[-82.3225,35.022],[-82.3234,35.0217],[-82.3243,35.0224],[-82.3262,35.0227],[-82.3267,35.0222],[-82.326,35.0215],[-82.3266,35.0204],[-82.3251,35.0204],[-82.3248,35.0194],[-82.3235,35.0202],[-82.3225,35.0203],[-82.3201,35.0195],[-82.3199,35.02],[-82.3176,35.0213],[-82.3168,35.0201],[-82.3174,35.017],[-82.3188,35.0164],[-82.3206,35.0164],[-82.3221,35.014],[-82.3211,35.0135],[-82.3205,35.0122],[-82.3198,35.0118],[-82.3192,35.013],[-82.3184,35.0134],[-82.317,35.0149],[-82.3147,35.0157],[-82.314,35.0156],[-82.3147,35.0131],[-82.3135,35.0123],[-82.3134,35.0106],[-82.3124,35.0089],[-82.3139,35.0089],[-82.3152,35.0086],[-82.3138,35.0075],[-82.3152,35.0071],[-82.3129,35.0059],[-82.3128,35.0049],[-82.314,35.0021],[-82.3148,35.0008],[-82.3127,34.9991],[-82.3123,34.9996],[-82.3106,34.9988],[-82.3079,35.0004],[-82.3067,34.9997],[-82.3054,34.9993],[-82.3066,34.9986],[-82.3077,34.9949],[-82.3073,34.9948],[-82.3086,34.9928],[-82.3087,34.9904],[-82.3091,34.9887],[-82.3103,34.9877],[-82.311,34.9867],[-82.3116,34.9835],[-82.3094,34.9831],[-82.3097,34.9823],[-82.309,34.9813],[-82.31,34.98],[-82.3105,34.9786],[-82.3073,34.978],[-82.3027,34.9774],[-82.301,34.9773],[-82.2997,34.9816],[-82.2971,34.9821],[-82.2969,34.9854],[-82.2962,34.9861],[-82.2989,34.9864],[-82.3017,34.9875],[-82.3018,34.988],[-82.3001,34.9882],[-82.2988,34.992],[-82.3007,34.9933],[-82.3021,34.9939],[-82.3004,34.9948],[-82.2991,34.9936],[-82.2981,34.9922],[-82.2987,34.9919],[-82.2978,34.991],[-82.2954,34.9908],[-82.2941,34.9912],[-82.2926,34.9896],[-82.2931,34.9885],[-82.2927,34.9878],[-82.2936,34.9873],[-82.2955,34.9868],[-82.2954,34.9848],[-82.2937,34.9844],[-82.2929,34.9849],[-82.292,34.9846],[-82.2913,34.9856],[-82.2895,34.9862],[-82.2867,34.9859],[-82.2853,34.985],[-82.2845,34.9832],[-82.284,34.9836],[-82.283,34.9832],[-82.2821,34.9824],[-82.2798,34.9843],[-82.2787,34.9842],[-82.2772,34.9836],[-82.2767,34.9838],[-82.2757,34.9829],[-82.2738,34.9819],[-82.2717,34.9823],[-82.2699,34.9813],[-82.2692,34.9806],[-82.268,34.9805],[-82.2668,34.982],[-82.2652,34.982],[-82.2645,34.981],[-82.2625,34.981],[-82.2613,34.9806],[-82.261,34.9799],[-82.2619,34.9792],[-82.2629,34.9798],[-82.264,34.9799],[-82.2656,34.9794],[-82.2682,34.9781],[-82.2702,34.9782],[-82.2718,34.9778],[-82.2727,34.9785],[-82.2737,34.9777],[-82.2718,34.9773],[-82.2709,34.9765],[-82.2701,34.977],[-82.2682,34.9777],[-82.2662,34.978],[-82.2652,34.9788],[-82.2632,34.978],[-82.2616,34.9771],[-82.2606,34.977],[-82.26,34.9764],[-82.259,34.9768],[-82.2582,34.9763],[-82.2581,34.9754],[-82.2573,34.9752],[-82.2564,34.9763],[-82.2551,34.9766],[-82.2543,34.9762],[-82.2524,34.9763],[-82.2511,34.9773],[-82.2489,34.978],[-82.2486,34.9773],[-82.2496,34.976],[-82.2493,34.9751],[-82.2484,34.9742],[-82.2428,34.9768],[-82.2418,34.9758],[-82.2383,34.979],[-82.237,34.978],[-82.2347,34.9772],[-82.2328,34.9762],[-82.233,34.9751],[-82.2325,34.974],[-82.2309,34.974],[-82.2308,34.9734],[-82.2287,34.9735],[-82.2284,34.9719],[-82.2289,34.9707],[-82.2299,34.9703],[-82.2351,34.9704],[-82.2381,34.971],[-82.2362,34.9683],[-82.2351,34.9654],[-82.2405,34.9663],[-82.2394,34.9669],[-82.2392,34.9688],[-82.2403,34.9691],[-82.2408,34.9697],[-82.2425,34.9691],[-82.2426,34.9674],[-82.2433,34.9668],[-82.2432,34.9689],[-82.2447,34.9687],[-82.2448,34.9668],[-82.2481,34.9669],[-82.2509,34.9658],[-82.2536,34.9655],[-82.2574,34.9656],[-82.2588,34.9659],[-82.2613,34.9652],[-82.2644,34.9642],[-82.2672,34.963],[-82.2669,34.9621],[-82.2694,34.9617],[-82.273,34.9616],[-82.2752,34.961],[-82.2753,34.9572],[-82.2756,34.9554],[-82.2761,34.9534],[-82.2768,34.9524],[-82.2775,34.9507],[-82.2822,34.9523],[-82.2833,34.9505],[-82.284,34.9507],[-82.2835,34.9486],[-82.2818,34.9463],[-82.283,34.9462],[-82.2857,34.9464],[-82.2876,34.9457],[-82.2883,34.9445],[-82.2908,34.9431],[-82.2914,34.942],[-82.2936,34.9425],[-82.2978,34.9408],[-82.2994,34.9403],[-82.3029,34.9472],[-82.3054,34.9462],[-82.307,34.946],[-82.3088,34.9465],[-82.311,34.9466],[-82.3135,34.9461],[-82.3159,34.947],[-82.3164,34.9466],[-82.3166,34.9453],[-82.3181,34.9446],[-82.3209,34.9447],[-82.3244,34.9438],[-82.3273,34.9436],[-82.3286,34.943],[-82.3318,34.9412],[-82.3345,34.9393],[-82.3379,34.9399],[-82.3402,34.9407],[-82.3408,34.9407],[-82.3438,34.9398],[-82.3471,34.9387],[-82.3491,34.9389],[-82.3518,34.9381],[-82.3537,34.9371],[-82.3545,34.9382],[-82.3563,34.9384],[-82.3573,34.9391],[-82.359,34.9396],[-82.3623,34.9396],[-82.3633,34.9394],[-82.3649,34.9382],[-82.3664,34.9379],[-82.3688,34.9391],[-82.3706,34.9384],[-82.3722,34.9383],[-82.3742,34.9392],[-82.3767,34.9395],[-82.3779,34.939],[-82.3784,34.9369],[-82.3797,34.936],[-82.3792,34.9331],[-82.3769,34.9318],[-82.372,34.9312],[-82.3695,34.9312],[-82.3684,34.9308],[-82.3664,34.9289],[-82.3656,34.9276],[-82.3651,34.9257],[-82.3662,34.9245],[-82.3686,34.9243],[-82.3706,34.9237],[-82.3734,34.9237],[-82.3742,34.9229],[-82.3754,34.9204],[-82.3768,34.9189],[-82.377,34.9182],[-82.3786,34.9183],[-82.3794,34.9172],[-82.38,34.9157],[-82.3813,34.9156],[-82.3827,34.9163],[-82.3844,34.9168],[-82.3873,34.917],[-82.3886,34.9176],[-82.3903,34.917],[-82.3909,34.918],[-82.3931,34.9174],[-82.3937,34.916],[-82.3953,34.9157],[-82.3965,34.9169],[-82.3972,34.9172],[-82.3985,34.9169],[-82.4011,34.9178],[-82.4017,34.9194],[-82.4018,34.9204],[-82.4029,34.9214],[-82.4041,34.9235],[-82.4045,34.9249],[-82.4058,34.9267],[-82.4059,34.9288],[-82.4075,34.9301],[-82.4075,34.9306],[-82.4064,34.9337],[-82.4065,34.9347],[-82.4071,34.9352],[-82.4071,34.9369],[-82.4082,34.9383],[-82.4085,34.9403],[-82.4074,34.9414],[-82.4109,34.9427],[-82.4113,34.9438],[-82.4098,34.9443],[-82.4098,34.9452],[-82.4114,34.9453],[-82.4127,34.9443],[-82.4143,34.9437],[-82.4169,34.9442],[-82.4182,34.9452],[-82.4188,34.9447],[-82.4208,34.9444],[-82.422,34.9436],[-82.4236,34.9439],[-82.4245,34.9457],[-82.425,34.9456],[-82.4258,34.9439],[-82.4269,34.9435],[-82.427,34.9442],[-82.4281,34.9448],[-82.4291,34.9448],[-82.4311,34.944],[-82.4313,34.9423],[-82.4321,34.9421],[-82.4327,34.9428],[-82.4343,34.9431],[-82.4353,34.9422],[-82.4344,34.9391],[-82.4339,34.9383],[-82.4349,34.9379],[-82.4451,34.9366],[-82.4465,34.9368],[-82.4528,34.9291],[-82.4559,34.9251],[-82.4582,34.9218],[-82.459,34.9217],[-82.4599,34.9237],[-82.4613,34.925],[-82.4628,34.9249],[-82.4636,34.9251],[-82.465,34.9248],[-82.4663,34.9228],[-82.4663,34.9217],[-82.4652,34.9212],[-82.4672,34.9181],[-82.4655,34.9173],[-82.4619,34.9142],[-82.4613,34.9136],[-82.4608,34.9119],[-82.4608,34.9068],[-82.4612,34.9055],[-82.4635,34.9002],[-82.4639,34.8994],[-82.4661,34.8969],[-82.4674,34.8948],[-82.4688,34.895],[-82.4697,34.8944],[-82.4708,34.8947],[-82.472,34.8953],[-82.4758,34.8964],[-82.4817,34.8972],[-82.4839,34.897],[-82.4863,34.8958],[-82.4971,34.8885],[-82.4965,34.8875],[-82.4951,34.8863],[-82.4943,34.886],[-82.4919,34.8861],[-82.4906,34.8856],[-82.4899,34.8846],[-82.4902,34.8835],[-82.4901,34.8821],[-82.4906,34.8813],[-82.4922,34.8797],[-82.4925,34.879],[-82.492,34.878],[-82.4884,34.8761],[-82.4875,34.8749],[-82.4872,34.8717],[-82.4877,34.8705],[-82.4889,34.869],[-82.4889,34.8677],[-82.4872,34.8658],[-82.4872,34.8651],[-82.4879,34.8633],[-82.4889,34.862],[-82.4891,34.8609],[-82.4876,34.8601],[-82.4854,34.86],[-82.4844,34.8596],[-82.4836,34.8587],[-82.4833,34.8575],[-82.4853,34.8554],[-82.4854,34.8549],[-82.4846,34.853],[-82.4846,34.8524],[-82.4858,34.8494],[-82.4858,34.8489],[-82.4849,34.8448],[-82.4858,34.8437],[-82.4874,34.8432],[-82.4893,34.8415],[-82.489,34.8406],[-82.4881,34.8399],[-82.4853,34.84],[-82.4837,34.8405],[-82.4835,34.842],[-82.4829,34.8427],[-82.4808,34.8425],[-82.4802,34.8402],[-82.4804,34.8397],[-82.4822,34.8392],[-82.4835,34.8382],[-82.4856,34.838],[-82.487,34.8368],[-82.4877,34.8353],[-82.487,34.834],[-82.4866,34.8329],[-82.4875,34.8314],[-82.4873,34.8306],[-82.4865,34.8298],[-82.4855,34.8295],[-82.4841,34.8302],[-82.4825,34.8305],[-82.4805,34.8301],[-82.4769,34.8284],[-82.4767,34.8274],[-82.4773,34.8262],[-82.4788,34.8245],[-82.4813,34.8236],[-82.4833,34.8234],[-82.4847,34.8225],[-82.4864,34.8202],[-82.4871,34.8183],[-82.4863,34.8179],[-82.4853,34.8191],[-82.4847,34.8192],[-82.4847,34.8176],[-82.4817,34.8155],[-82.4799,34.8134],[-82.478,34.8117],[-82.4754,34.811],[-82.4751,34.8103],[-82.4753,34.8079],[-82.4742,34.8074],[-82.474,34.8064],[-82.4765,34.8035],[-82.4767,34.8022],[-82.4754,34.8017],[-82.4743,34.8032],[-82.4723,34.804],[-82.4712,34.8039],[-82.4684,34.8023],[-82.4681,34.8019],[-82.4696,34.8],[-82.4697,34.7991],[-82.4694,34.798],[-82.4686,34.7973],[-82.4677,34.7971],[-82.4666,34.7975],[-82.4642,34.7966],[-82.4618,34.7967],[-82.4608,34.7965],[-82.4608,34.7958],[-82.4622,34.7944],[-82.4624,34.793],[-82.4602,34.7897],[-82.459,34.7885],[-82.4595,34.7865],[-82.4589,34.7851],[-82.4588,34.7837],[-82.4597,34.7816],[-82.4596,34.7806],[-82.4584,34.7791],[-82.4563,34.7785],[-82.455,34.7772],[-82.4524,34.7765],[-82.4518,34.776],[-82.4517,34.7739],[-82.4519,34.7715],[-82.4515,34.769],[-82.4519,34.768],[-82.4532,34.7669],[-82.454,34.7653],[-82.4517,34.7653],[-82.4504,34.7657],[-82.4493,34.7668],[-82.4485,34.7686],[-82.4477,34.7726],[-82.4471,34.7745],[-82.4461,34.7745],[-82.445,34.7754],[-82.4436,34.7754],[-82.4424,34.7758],[-82.4401,34.7771],[-82.4383,34.7773],[-82.4349,34.7762],[-82.4318,34.7757],[-82.4325,34.7744],[-82.4347,34.772],[-82.4349,34.7705],[-82.4318,34.7714],[-82.4318,34.7678],[-82.4246,34.7676],[-82.4211,34.7633],[-82.4205,34.762],[-82.4208,34.7557],[-82.4204,34.7532],[-82.4187,34.7521],[-82.4152,34.7518],[-82.4127,34.7527],[-82.4115,34.7535],[-82.4095,34.749],[-82.4075,34.7481],[-82.4069,34.7474],[-82.4061,34.7477],[-82.4026,34.7482],[-82.397,34.7487],[-82.3933,34.7497],[-82.3933,34.7483],[-82.393,34.7465],[-82.3906,34.7356],[-82.3883,34.7356],[-82.3862,34.7353],[-82.3855,34.7349],[-82.3832,34.7318],[-82.3806,34.7293],[-82.3738,34.7317],[-82.3674,34.7364],[-82.3637,34.7386],[-82.3613,34.7408],[-82.3584,34.7442],[-82.3553,34.7461],[-82.3535,34.747],[-82.3509,34.7477],[-82.3479,34.7479],[-82.3374,34.7477],[-82.3357,34.748],[-82.3335,34.7491],[-82.3293,34.7463],[-82.3274,34.7448],[-82.3262,34.7429],[-82.3251,34.742],[-82.3242,34.7404],[-82.3237,34.7381],[-82.3262,34.7329],[-82.3265,34.7308],[-82.3252,34.7288],[-82.3227,34.7306],[-82.3215,34.7326],[-82.3208,34.7334],[-82.3193,34.7333],[-82.318,34.7329],[-82.3162,34.732],[-82.3152,34.7318],[-82.311,34.7314],[-82.3091,34.7305],[-82.3069,34.7308],[-82.3051,34.7306],[-82.3042,34.73],[-82.2988,34.7274],[-82.2967,34.7273],[-82.2951,34.7276],[-82.2942,34.7259],[-82.2967,34.7245],[-82.2992,34.7242],[-82.3015,34.7232],[-82.3005,34.7226],[-82.299,34.7207],[-82.3012,34.7194],[-82.3024,34.7184],[-82.3027,34.7175],[-82.3026,34.7162],[-82.3011,34.7167],[-82.2997,34.7178],[-82.2995,34.7164],[-82.2999,34.7156],[-82.301,34.7152],[-82.3001,34.7145],[-82.2949,34.7137],[-82.2977,34.7165],[-82.2983,34.7182],[-82.297,34.7184],[-82.2951,34.7182],[-82.293,34.7185],[-82.2914,34.7185],[-82.2898,34.7181],[-82.2878,34.7184],[-82.2876,34.7167],[-82.2867,34.7144],[-82.2855,34.7155],[-82.2837,34.7183],[-82.2828,34.7182],[-82.2826,34.7168],[-82.2813,34.713],[-82.2806,34.7113],[-82.2838,34.7113],[-82.2832,34.7096],[-82.2811,34.7081],[-82.2805,34.7082],[-82.2807,34.7042],[-82.2797,34.7005],[-82.2789,34.6993],[-82.2764,34.6992],[-82.2751,34.6995],[-82.2729,34.6964],[-82.2718,34.698],[-82.2717,34.6987],[-82.27,34.6985],[-82.27,34.6963],[-82.2654,34.6968],[-82.2644,34.7011],[-82.2651,34.7023],[-82.2608,34.7043],[-82.2602,34.7013],[-82.2608,34.7012],[-82.2586,34.6994],[-82.2586,34.7007],[-82.2594,34.7012],[-82.2572,34.7015],[-82.2538,34.7038],[-82.2533,34.7055],[-82.2524,34.7056],[-82.252,34.7047],[-82.2529,34.7039],[-82.2518,34.7024],[-82.2474,34.7014],[-82.2465,34.7052],[-82.2446,34.7046],[-82.244,34.7066],[-82.2422,34.7087],[-82.2406,34.7088],[-82.2392,34.7085],[-82.2406,34.7075],[-82.2358,34.7085],[-82.2329,34.7098],[-82.2362,34.7133],[-82.2362,34.7144],[-82.2336,34.7151],[-82.2297,34.7148],[-82.2294,34.7134],[-82.2299,34.7117],[-82.2307,34.7109],[-82.2324,34.71],[-82.2238,34.7129],[-82.2238,34.7142],[-82.2219,34.7145],[-82.2189,34.7201],[-82.2192,34.7212],[-82.2186,34.7215],[-82.2198,34.7243],[-82.2165,34.7246],[-82.2139,34.7295],[-82.2145,34.731],[-82.2166,34.7305],[-82.2175,34.7299],[-82.2191,34.7297],[-82.2192,34.7311],[-82.2209,34.731],[-82.2209,34.7318],[-82.2191,34.7317],[-82.2189,34.7341],[-82.2202,34.7342],[-82.2212,34.7364],[-82.2201,34.7394],[-82.2196,34.7421],[-82.2226,34.7425],[-82.2254,34.7424],[-82.2261,34.7425],[-82.2289,34.7454],[-82.2325,34.7427],[-82.2386,34.7501],[-82.24,34.7489],[-82.2422,34.7479],[-82.2437,34.7475],[-82.246,34.7473],[-82.245,34.749],[-82.2446,34.7509],[-82.2451,34.7527],[-82.2458,34.7536],[-82.2481,34.7558],[-82.2488,34.7559],[-82.2493,34.7572],[-82.2473,34.759],[-82.2473,34.7574],[-82.2443,34.7565],[-82.2421,34.7574],[-82.2411,34.7584],[-82.2425,34.759],[-82.2435,34.7589],[-82.246,34.7606],[-82.2468,34.7606],[-82.2481,34.76],[-82.2485,34.7616],[-82.2493,34.7633],[-82.2514,34.7656],[-82.2547,34.7649],[-82.2552,34.764],[-82.2577,34.7644],[-82.2578,34.7637],[-82.2554,34.7636],[-82.2564,34.7621],[-82.258,34.7636],[-82.2605,34.7642],[-82.2595,34.7652],[-82.2588,34.7665],[-82.2581,34.7693],[-82.2556,34.7697],[-82.2516,34.7708],[-82.2493,34.7711],[-82.2472,34.7711],[-82.2449,34.7704],[-82.2449,34.7723],[-82.2445,34.7758],[-82.244,34.7762],[-82.2422,34.7767],[-82.2387,34.778],[-82.2375,34.7792],[-82.2348,34.7792],[-82.2343,34.7835],[-82.2333,34.7836],[-82.2297,34.7831],[-82.228,34.7825],[-82.2273,34.7833],[-82.2275,34.7853],[-82.2265,34.7887],[-82.2254,34.7896],[-82.2268,34.791],[-82.2278,34.7915],[-82.2315,34.7927],[-82.2302,34.7935],[-82.2299,34.7943],[-82.231,34.7943],[-82.2311,34.795],[-82.2296,34.8033],[-82.2296,34.8046],[-82.232,34.8063],[-82.2327,34.8097],[-82.2329,34.8116],[-82.2305,34.8149],[-82.2296,34.816],[-82.2291,34.8171],[-82.2287,34.8226],[-82.2287,34.8255],[-82.2278,34.8276],[-82.2277,34.8293],[-82.2275,34.8353],[-82.2277,34.8382],[-82.2277,34.8402],[-82.2272,34.842],[-82.2264,34.8438],[-82.2251,34.8455],[-82.2252,34.8463],[-82.226,34.848],[-82.2304,34.8513],[-82.2285,34.8532],[-82.2259,34.8564],[-82.225,34.8558],[-82.2235,34.8589],[-82.2229,34.8589],[-82.2203,34.8562],[-82.2177,34.8576],[-82.2166,34.8585],[-82.2149,34.8561],[-82.2147,34.8553],[-82.2173,34.8507],[-82.2166,34.8506],[-82.2136,34.8545],[-82.2107,34.8512],[-82.2096,34.8497],[-82.2081,34.848],[-82.2068,34.8491],[-82.2062,34.848],[-82.2041,34.8469],[-82.2025,34.8446],[-82.1971,34.8485],[-82.1965,34.8519],[-82.1981,34.8522],[-82.1988,34.8509],[-82.1995,34.8513],[-82.1988,34.8527],[-82.1999,34.8542],[-82.2006,34.8543],[-82.2034,34.8526],[-82.205,34.8537],[-82.2061,34.8515],[-82.2073,34.8517],[-82.209,34.8537],[-82.2084,34.8544],[-82.2091,34.8554],[-82.2077,34.8563],[-82.2064,34.8584],[-82.2051,34.8583],[-82.2049,34.8576],[-82.2033,34.8584],[-82.2039,34.859],[-82.2037,34.8614],[-82.2052,34.8612],[-82.206,34.8607],[-82.2075,34.8612],[-82.2102,34.8624],[-82.2132,34.8602],[-82.2138,34.8618],[-82.2153,34.8628],[-82.214,34.8632],[-82.2116,34.8643],[-82.2109,34.8642],[-82.2108,34.8681],[-82.2117,34.8675],[-82.2137,34.8669],[-82.213,34.8686],[-82.2101,34.8702],[-82.2087,34.8713],[-82.2083,34.8709],[-82.207,34.8717],[-82.2075,34.8721],[-82.2032,34.8747],[-82.2022,34.8745],[-82.2023,34.8725],[-82.2052,34.8723],[-82.2065,34.8719],[-82.209,34.8704],[-82.2095,34.8692],[-82.2109,34.8695],[-82.2108,34.8681],[-82.2096,34.868],[-82.2096,34.8664],[-82.2063,34.8664],[-82.206,34.8637],[-82.2036,34.8631],[-82.2034,34.864],[-82.2008,34.8639],[-82.2007,34.8646],[-82.199,34.8645],[-82.1987,34.8666],[-82.199,34.8689],[-82.1966,34.8693],[-82.1958,34.8705],[-82.1946,34.8701],[-82.1941,34.8691],[-82.1897,34.8692],[-82.1892,34.8769],[-82.1838,34.8766],[-82.1837,34.8787],[-82.1824,34.8784],[-82.1818,34.8797],[-82.1834,34.8805],[-82.1846,34.8787],[-82.1847,34.8803],[-82.1851,34.8804],[-82.1851,34.8829],[-82.1894,34.8838],[-82.19,34.883],[-82.1906,34.8813],[-82.1904,34.881],[-82.1881,34.8807],[-82.189,34.8795],[-82.1916,34.8784],[-82.1915,34.8794],[-82.1951,34.8813],[-82.1947,34.8834],[-82.1939,34.8846],[-82.193,34.8847],[-82.1914,34.8855],[-82.1891,34.8854],[-82.1863,34.8862],[-82.1858,34.8861],[-82.1842,34.8867],[-82.1751,34.8883],[-82.1755,34.887],[-82.1735,34.8863],[-82.1713,34.886],[-82.1695,34.8864]],[[-82.2611,34.768],[-82.2592,34.769],[-82.2592,34.7681],[-82.2598,34.7674],[-82.2611,34.768]],[[-82.1507,34.8509],[-82.1487,34.8517],[-82.1482,34.851],[-82.1503,34.8499],[-82.1507,34.8509]],[[-82.2214,34.9843],[-82.2205,34.9881],[-82.2205,34.9836],[-82.2214,34.9843]],[[-82.253,34.7606],[-82.2505,34.7579],[-82.2509,34.7575],[-82.2544,34.7603],[-82.2534,34.7601],[-82.253,34.7606]],[[-82.1862,34.9499],[-82.188,34.9488],[-82.1887,34.9506],[-82.1857,34.9512],[-82.1862,34.9499]],[[-82.1747,34.9102],[-82.1731,34.9101],[-82.1732,34.9075],[-82.1748,34.9077],[-82.1747,34.9102]],[[-82.1782,34.9102],[-82.1766,34.9102],[-82.1767,34.9079],[-82.1782,34.9081],[-82.1792,34.9088],[-82.1782,34.9094],[-82.1782,34.9102]],[[-82.1965,34.9059],[-82.1959,34.9055],[-82.1957,34.9043],[-82.196,34.9025],[-82.1978,34.9065],[-82.1965,34.9059]],[[-82.1681,34.9015],[-82.1686,34.9006],[-82.17,34.9016],[-82.1721,34.9026],[-82.1713,34.9032],[-82.1703,34.9033],[-82.1687,34.9025],[-82.1681,34.9015]],[[-82.1942,34.9105],[-82.1941,34.9116],[-82.1905,34.9115],[-82.1914,34.9121],[-82.1924,34.9135],[-82.19,34.9135],[-82.19,34.9114],[-82.189,34.9113],[-82.1892,34.91],[-82.1942,34.9105]],[[-82.1853,34.9117],[-82.1848,34.9154],[-82.1832,34.9157],[-82.1826,34.9133],[-82.1817,34.9128],[-82.1814,34.9119],[-82.1822,34.91],[-82.1826,34.9114],[-82.1853,34.9117]],[[-82.1837,34.948],[-82.1851,34.9495],[-82.185,34.9514],[-82.1817,34.952],[-82.1812,34.952],[-82.1803,34.9493],[-82.1812,34.9497],[-82.1821,34.9491],[-82.1824,34.9484],[-82.1837,34.948]],[[-82.1789,34.9367],[-82.1791,34.9391],[-82.1786,34.9405],[-82.1771,34.9395],[-82.1752,34.9389],[-82.1752,34.9372],[-82.1756,34.9368],[-82.1789,34.9367]],[[-82.1986,34.8754],[-82.1978,34.8762],[-82.1925,34.8759],[-82.1925,34.8746],[-82.1933,34.8741],[-82.1955,34.8742],[-82.1956,34.8736],[-82.1969,34.8737],[-82.1973,34.8743],[-82.1986,34.8744],[-82.1986,34.8738],[-82.2001,34.8732],[-82.1999,34.8744],[-82.1992,34.8744],[-82.1986,34.8754]],[[-82.1774,34.9167],[-82.1769,34.9169],[-82.1746,34.9158],[-82.1743,34.9168],[-82.1723,34.9164],[-82.1719,34.9137],[-82.1751,34.9143],[-82.175,34.9119],[-82.1778,34.9119],[-82.1774,34.9167]],[[-82.222,34.9717],[-82.2228,34.9705],[-82.2241,34.9701],[-82.2251,34.9713],[-82.2256,34.9734],[-82.2264,34.9741],[-82.2287,34.9746],[-82.2307,34.9747],[-82.2304,34.9757],[-82.2283,34.9757],[-82.2272,34.9769],[-82.228,34.9771],[-82.2273,34.978],[-82.2266,34.9775],[-82.2247,34.9797],[-82.2265,34.9805],[-82.2262,34.9812],[-82.225,34.9806],[-82.2231,34.9819],[-82.2216,34.9814],[-82.2223,34.9789],[-82.2207,34.9786],[-82.2207,34.9728],[-82.222,34.9717]],[[-82.1856,34.888],[-82.187,34.8882],[-82.187,34.8874],[-82.1906,34.887],[-82.1949,34.8861],[-82.1955,34.8857],[-82.1959,34.8876],[-82.1972,34.8933],[-82.1971,34.8957],[-82.1965,34.899],[-82.1952,34.9036],[-82.1956,34.9057],[-82.1954,34.9068],[-82.196,34.9095],[-82.1944,34.9088],[-82.1946,34.9057],[-82.1939,34.9046],[-82.1935,34.9069],[-82.1929,34.9068],[-82.1934,34.9043],[-82.1926,34.9039],[-82.193,34.9026],[-82.1918,34.9027],[-82.1921,34.8996],[-82.1906,34.8996],[-82.1904,34.902],[-82.1899,34.9022],[-82.1902,34.8996],[-82.1879,34.8995],[-82.1883,34.9006],[-82.1882,34.9024],[-82.1872,34.9021],[-82.1876,34.8996],[-82.1859,34.8993],[-82.1857,34.9027],[-82.1827,34.903],[-82.1827,34.9043],[-82.1819,34.9046],[-82.1819,34.9069],[-82.1806,34.907],[-82.1806,34.9094],[-82.1778,34.9077],[-82.1715,34.907],[-82.1707,34.906],[-82.1707,34.9049],[-82.1723,34.9048],[-82.1738,34.9051],[-82.1741,34.9027],[-82.1731,34.9021],[-82.1718,34.9019],[-82.1711,34.9015],[-82.1665,34.8977],[-82.1674,34.897],[-82.1663,34.896],[-82.1669,34.8956],[-82.1647,34.894],[-82.1635,34.8949],[-82.1625,34.894],[-82.1622,34.8932],[-82.163,34.8924],[-82.1657,34.8914],[-82.169,34.8906],[-82.1851,34.8878],[-82.1856,34.888]]]},"properties":{"OBJECTID":4868},"id":4868},
{"type":"Feature","geometry":{"type":"Polygon","coordinates":[[[-80.8853,35.761],[-80.8864,35.761],[-80.8869,35.76],[-80.885,35.76],[-80.8853,35.761]]]},"properties":{"OBJECTID":4872},"id":4872},
{"type":"Feature","geometry":{"type":"Polygon","coordinates":[[[-78.7986,34.9913],[-78.7998,34.9923],[-78.7997,34.9932],[-78.7989,34.994],[-78.7999,34.9947],[-78.8021,34.9924],[-78.8023,34.991],[-78.8043,34.9888],[-78.8053,34.9894],[-78.8084,34.9898],[-78.8102,34.9896],[-78.8122,34.9902],[-78.813,34.9901],[-78.8135,34.9909],[-78.815,34.9897],[-78.8156,34.9909],[-78.8168,34.9918],[-78.8188,34.9918],[-78.8181,34.9903],[-78.8187,34.987],[-78.8194,34.9868],[-78.8192,34.9855],[-78.8192,34.9831],[-78.818,34.9823],[-78.8186,34.9817],[-78.8172,34.9806],[-78.8167,34.9796],[-78.8159,34.979],[-78.814,34.9786],[-78.8131,34.9791],[-78.8111,34.9784],[-78.8108,34.9792],[-78.8098,34.9792],[-78.8089,34.9802],[-78.8075,34.9797],[-78.8059,34.9796],[-78.805,34.9793],[-78.8044,34.9798],[-78.8038,34.9841],[-78.8023,34.9838],[-78.7986,34.9913]]]},"properties":{"OBJECTID":4875},"id":4875},
{"type":"Feature","geometry":{"type":"Polygon","coordinates":[[[-79.9265,35.9029],[-79.9265,35.9036],[-79.9274,35.9036],[-79.9272,35.9029],[-79.9265,35.9029]]]},"properties":{"OBJECTID":4890},"id":4890},
{"type":"Feature","geometry":{"type":"Polygon","coordinates":[[[-80.6921,34.9973],[-80.6924,34.9976],[-80.6927,34.9977],[-80.6925,34.9971],[-80.6921,34.9973]]]},"properties":{"OBJECTID":4894},"id":4894},
{"type":"Feature","geometry":{"type":"Polygon","coordinates":[[[-81.0637,35.0178],[-81.0634,35.0185],[-81.064,35.019],[-81.064,35.0202],[-81.065,35.0207],[-81.0653,35.02],[-81.0653,35.0155],[-81.0662,35.016],[-81.0661,35.018],[-81.0664,35.0194],[-81.0671,35.0194],[-81.067,35.0169],[-81.0681,35.0148],[-81.0701,35.0123],[-81.0702,35.0117],[-81.0689,35.01],[-81.0745,35.0099],[-81.0761,35.0096],[-81.0783,35.0086],[-81.0778,35.0056],[-81.0775,35.0048],[-81.0766,35.0038],[-81.0753,35.0028],[-81.0745,35.0018],[-81.0743,35.0008],[-81.0749,35.0003],[-81.0767,34.9999],[-81.0786,35.0006],[-81.0796,35.0019],[-81.0814,35.0034],[-81.0824,35.004],[-81.0857,35.0044],[-81.0873,35.0042],[-81.0901,35.0052],[-81.092,35.0054],[-81.0928,35.0064],[-81.0951,35.0058],[-81.0983,35.0057],[-81.1004,35.005],[-81.0986,35.0009],[-81.0981,34.999],[-81.0983,34.9978],[-81.1006,34.9903],[-81.0994,34.9896],[-81.1005,34.9882],[-81.1006,34.9873],[-81.1025,34.984],[-81.104,34.9827],[-81.1126,34.9775],[-81.1151,34.976],[-81.1157,34.9754],[-81.1161,34.9741],[-81.1169,34.9709],[-81.1175,34.9694],[-81.1243,34.9588],[-81.1248,34.9583],[-81.1287,34.9559],[-81.1297,34.9555],[-81.1264,34.9525],[-81.1255,34.9508],[-81.1248,34.948],[-81.1238,34.9464],[-81.1226,34.9454],[-81.1184,34.943],[-81.1174,34.9423],[-81.1133,34.939],[-81.1146,34.9381],[-81.1184,34.9379],[-81.1182,34.9352],[-81.1116,34.9355],[-81.1121,34.9371],[-81.1116,34.9376],[-81.1062,34.9336],[-81.1047,34.933],[-81.0978,34.9311],[-81.0958,34.9299],[-81.0935,34.928],[-81.0923,34.9265],[-81.0897,34.9284],[-81.0859,34.9302],[-81.0842,34.9274],[-81.083,34.9263],[-81.0821,34.9246],[-81.081,34.9238],[-81.0809,34.9226],[-81.0805,34.9216],[-81.0794,34.9221],[-81.0786,34.9217],[-81.0783,34.9202],[-81.0765,34.9196],[-81.0761,34.9184],[-81.0761,34.9174],[-81.0755,34.9166],[-81.0753,34.9156],[-81.0744,34.915],[-81.0733,34.9128],[-81.0718,34.9122],[-81.0714,34.9115],[-81.0702,34.9112],[-81.0698,34.9102],[-81.0708,34.9099],[-81.0722,34.91],[-81.0774,34.9098],[-81.0789,34.9095],[-81.0785,34.9053],[-81.0857,34.9029],[-81.0889,34.902],[-81.0898,34.9015],[-81.0911,34.9001],[-81.0896,34.8986],[-81.0899,34.8972],[-81.0885,34.8958],[-81.0882,34.8946],[-81.0888,34.8939],[-81.0863,34.892],[-81.0895,34.8906],[-81.0951,34.8874],[-81.097,34.8852],[-81.0971,34.8847],[-81.0986,34.8796],[-81.0985,34.8784],[-81.0972,34.876],[-81.0997,34.8753],[-81.101,34.8736],[-81.101,34.8727],[-81.0998,34.8714],[-81.098,34.8712],[-81.0977,34.8726],[-81.0963,34.8724],[-81.096,34.8712],[-81.0952,34.8711],[-81.0948,34.8702],[-81.0941,34.8699],[-81.0936,34.8689],[-81.0924,34.8686],[-81.092,34.868],[-81.0893,34.8667],[-81.0882,34.8659],[-81.0871,34.8657],[-81.0852,34.8662],[-81.0844,34.8655],[-81.0812,34.8622],[-81.0819,34.8608],[-81.0807,34.8601],[-81.0793,34.8601],[-81.0796,34.8591],[-81.075,34.8608],[-81.0643,34.8657],[-81.0627,34.8667],[-81.0618,34.8677],[-81.0596,34.8633],[-81.0593,34.862],[-81.0573,34.8603],[-81.0573,34.8595],[-81.0567,34.8589],[-81.0549,34.8607],[-81.0522,34.862],[-81.0503,34.8625],[-81.0494,34.8634],[-81.047,34.8638],[-81.0463,34.8642],[-81.0456,34.8657],[-81.0447,34.8667],[-81.0436,34.8669],[-81.0425,34.8656],[-81.0426,34.8629],[-81.0416,34.8621],[-81.0409,34.8624],[-81.0402,34.8639],[-81.0392,34.8651],[-81.0254,34.8651],[-81.0221,34.8648],[-81.017,34.8648],[-81.0155,34.8647],[-81.015,34.8653],[-81.0176,34.8694],[-81.0216,34.8755],[-81.0238,34.8786],[-81.0224,34.8777],[-81.0202,34.8779],[-81.0174,34.8764],[-81.0166,34.8764],[-81.0144,34.8782],[-81.0123,34.8803],[-81.012,34.8813],[-81.0109,34.8816],[-81.0103,34.8827],[-81.0093,34.8826],[-81.0079,34.8832],[-81.0073,34.8842],[-81.0057,34.8852],[-81.003,34.8861],[-81.0023,34.8872],[-81.0012,34.8877],[-80.9996,34.8893],[-80.9988,34.8897],[-80.9969,34.8921],[-80.9968,34.8928],[-80.9943,34.8936],[-80.9943,34.8945],[-80.9921,34.8963],[-80.9904,34.8981],[-80.9895,34.8993],[-80.9858,34.8987],[-80.9836,34.8993],[-80.9824,34.8991],[-80.9812,34.8998],[-80.9807,34.9008],[-80.9724,34.9053],[-80.9687,34.9106],[-80.9683,34.9115],[-80.967,34.9111],[-80.9657,34.9104],[-80.9604,34.9067],[-80.9597,34.9061],[-80.9567,34.9089],[-80.9573,34.9093],[-80.9578,34.9106],[-80.9572,34.9125],[-80.9571,34.9147],[-80.9557,34.9163],[-80.9588,34.9226],[-80.9618,34.9221],[-80.9608,34.9238],[-80.9587,34.9283],[-80.956,34.9289],[-80.955,34.9297],[-80.9533,34.9299],[-80.9515,34.9297],[-80.95,34.9302],[-80.9428,34.9358],[-80.9423,34.9354],[-80.942,34.9338],[-80.9412,34.9339],[-80.9392,34.93],[-80.9386,34.9304],[-80.938,34.9316],[-80.9377,34.933],[-80.9389,34.9327],[-80.9397,34.9341],[-80.9418,34.9359],[-80.9419,34.9367],[-80.9411,34.9373],[-80.938,34.9389],[-80.9365,34.9398],[-80.9349,34.9402],[-80.9322,34.9405],[-80.9306,34.941],[-80.9273,34.9428],[-80.9227,34.9443],[-80.9205,34.9445],[-80.9172,34.9439],[-80.9155,34.9439],[-80.915,34.9483],[-80.9169,34.949],[-80.9192,34.9495],[-80.925,34.95],[-80.9275,34.9505],[-80.9334,34.9527],[-80.9349,34.953],[-80.9373,34.9528],[-80.9382,34.9525],[-80.941,34.9523],[-80.942,34.9524],[-80.9438,34.9531],[-80.9472,34.9547],[-80.949,34.956],[-80.9522,34.959],[-80.9534,34.9598],[-80.9558,34.9605],[-80.9573,34.9603],[-80.9587,34.9607],[-80.9601,34.9615],[-80.961,34.9639],[-80.9613,34.9654],[-80.9612,34.9667],[-80.9601,34.9692],[-80.9577,34.9719],[-80.9576,34.973],[-80.9579,34.9746],[-80.9599,34.9761],[-80.9625,34.9775],[-80.9637,34.9785],[-80.965,34.9808],[-80.9668,34.9821],[-80.968,34.9824],[-80.9681,34.9829],[-80.9706,34.9836],[-80.9732,34.9848],[-80.9764,34.9852],[-80.979,34.9861],[-80.9819,34.9863],[-80.9875,34.9879],[-80.9909,34.9896],[-80.9927,34.9902],[-80.9939,34.9909],[-80.995,34.991],[-80.9967,34.99],[-80.9976,34.9903],[-80.998,34.9896],[-81.001,34.9904],[-81.0004,34.9909],[-81.0019,34.9925],[-81.003,34.9922],[-81.0059,34.9896],[-81.0067,34.9873],[-81.0084,34.9868],[-81.008,34.9881],[-81.0048,34.9926],[-81.0041,34.994],[-81.0043,34.9952],[-81.006,34.9974],[-81.009,34.9998],[-81.015,35.0018],[-81.0181,35.0041],[-81.0194,35.006],[-81.021,35.0073],[-81.0234,35.0086],[-81.0307,35.0113],[-81.0343,35.0119],[-81.0384,35.0119],[-81.0395,35.0121],[-81.041,35.0134],[-81.042,35.0158],[-81.0428,35.0164],[-81.0443,35.0166],[-81.0457,35.016],[-81.0469,35.0149],[-81.0477,35.0157],[-81.0492,35.0165],[-81.0497,35.0163],[-81.0531,35.0165],[-81.0552,35.0175],[-81.0575,35.0174],[-81.0567,35.0161],[-81.0548,35.0152],[-81.0563,35.0143],[-81.0575,35.0142],[-81.0576,35.0152],[-81.0584,35.0166],[-81.0597,35.0167],[-81.059,35.0176],[-81.0604,35.0176],[-81.0617,35.0166],[-81.0624,35.0182],[-81.0637,35.0178]],[[-80.9652,34.9189],[-80.9638,34.9191],[-80.963,34.9183],[-80.9647,34.9174],[-80.9652,34.9189]]]},"properties":{"OBJECTID":4902},"id":4902},
{"type":"Feature","geometry":{"type":"Polygon","coordinates":[[[-79.927,35.8855],[-79.9261,35.8865],[-79.9262,35.8871],[-79.9276,35.8854],[-79.927,35.8855]]]},"properties":{"OBJECTID":4904},"id":4904},
{"type":"Feature","geometry":{"type":"Polygon","coordinates":[[[-80.6807,34.992],[-80.6815,34.9918],[-80.6803,34.9907],[-80.6794,34.9912],[-80.6802,34.9921],[-80.6807,34.992]]]},"properties":{"OBJECTID":4906},"id":4906},
{"type":"Feature","geometry":{"type":"Polygon","coordinates":[[[-78.8363,35.5782],[-78.8362,35.5785],[-78.8389,35.579],[-78.8393,35.5777],[-78.8366,35.5771],[-78.8363,35.5782]]]},"properties":{"OBJECTID":4909},"id":4909},
{"type":"Feature","geometry":{"type":"Polygon","coordinates":[[[-80.6942,34.9926],[-80.6929,34.9912],[-80.6922,34.992],[-80.6934,34.9929],[-80.6942,34.9926]]]},"properties":{"OBJECTID":4915},"id":4915},
{"type":"Feature","geometry":{"type":"Polygon","coordinates":[[[-78.7796,35.6279],[-78.7801,35.6284],[-78.7806,35.6288],[-78.7808,35.629],[-78.7811,35.6295],[-78.7814,35.6302],[-78.7842,35.6301],[-78.7842,35.6289],[-78.7825,35.628],[-78.7831,35.6269],[-78.7831,35.6254],[-78.7818,35.6257],[-78.7788,35.6259],[-78.7804,35.6269],[-78.7796,35.6279]]]},"properties":{"OBJECTID":4917},"id":4917},
{"type":"Feature","geometry":{"type":"Polygon","coordinates":[[[-78.9405,35.7406],[-78.9432,35.7407],[-78.9445,35.7399],[-78.9456,35.7387],[-78.9462,35.7392],[-78.9476,35.7395],[-78.9484,35.7373],[-78.9485,35.7365],[-78.948,35.7346],[-78.947,35.7348],[-78.9463,35.7339],[-78.94,35.7336],[-78.9395,35.7392],[-78.9405,35.7406]],[[-78.9452,35.7387],[-78.9444,35.7397],[-78.9432,35.7402],[-78.9433,35.7386],[-78.9445,35.7381],[-78.9452,35.7387]]]},"properties":{"OBJECTID":4924},"id":4924},
{"type":"Feature","geometry":{"type":"Polygon","coordinates":[[[-82.6017,34.8582],[-82.6057,34.8627],[-82.6116,34.861],[-82.6131,34.8604],[-82.6145,34.8588],[-82.6168,34.8575],[-82.6198,34.8566],[-82.621,34.8561],[-82.623,34.8559],[-82.6266,34.8571],[-82.6276,34.8572],[-82.6311,34.8564],[-82.6329,34.8563],[-82.6352,34.858],[-82.6356,34.8567],[-82.6363,34.8563],[-82.6414,34.8558],[-82.6423,34.8555],[-82.6458,34.8528],[-82.6499,34.8503],[-82.6531,34.8489],[-82.6538,34.8483],[-82.6543,34.8472],[-82.6537,34.847],[-82.655,34.8452],[-82.6569,34.8453],[-82.6585,34.8448],[-82.6599,34.8452],[-82.6604,34.8433],[-82.6617,34.8428],[-82.6614,34.842],[-82.6606,34.8416],[-82.6614,34.8406],[-82.6611,34.8389],[-82.6585,34.8396],[-82.6556,34.8395],[-82.6542,34.8396],[-82.6491,34.8395],[-82.6483,34.8364],[-82.6465,34.834],[-82.6454,34.8334],[-82.6436,34.8331],[-82.642,34.8324],[-82.6415,34.8313],[-82.6415,34.8286],[-82.6389,34.8293],[-82.6356,34.8299],[-82.6355,34.8291],[-82.6373,34.8274],[-82.6381,34.8271],[-82.6392,34.8261],[-82.6384,34.8256],[-82.6362,34.8283],[-82.6336,34.8299],[-82.632,34.8301],[-82.6317,34.8298],[-82.6341,34.8275],[-82.6337,34.8262],[-82.6311,34.8232],[-82.6301,34.8225],[-82.6285,34.8207],[-82.6275,34.8191],[-82.6269,34.8173],[-82.6271,34.8154],[-82.6295,34.8121],[-82.6302,34.8113],[-82.6289,34.8106],[-82.6261,34.8109],[-82.6241,34.8115],[-82.6228,34.8115],[-82.6233,34.8084],[-82.6212,34.8031],[-82.6194,34.802],[-82.6179,34.8005],[-82.6169,34.8002],[-82.6141,34.8003],[-82.6137,34.8001],[-82.6132,34.7994],[-82.6141,34.7986],[-82.6163,34.7958],[-82.6207,34.7898],[-82.6186,34.7885],[-82.617,34.7883],[-82.6144,34.7872],[-82.6139,34.7864],[-82.6138,34.7842],[-82.6102,34.7875],[-82.6067,34.7899],[-82.6052,34.7879],[-82.6043,34.7871],[-82.602,34.7856],[-82.6007,34.7852],[-82.5983,34.786],[-82.597,34.7859],[-82.5957,34.7846],[-82.5947,34.7841],[-82.5936,34.7827],[-82.5933,34.7805],[-82.5925,34.7784],[-82.59,34.7767],[-82.5893,34.776],[-82.5881,34.7742],[-82.587,34.7737],[-82.5859,34.7737],[-82.5834,34.7745],[-82.5782,34.7779],[-82.5756,34.7751],[-82.5748,34.7737],[-82.5751,34.7715],[-82.573,34.7724],[-82.5719,34.7726],[-82.5673,34.7727],[-82.5648,34.7723],[-82.5623,34.7721],[-82.5599,34.7725],[-82.5592,34.7731],[-82.5575,34.7759],[-82.5545,34.7792],[-82.5532,34.7808],[-82.5504,34.7828],[-82.5485,34.7826],[-82.5426,34.7816],[-82.54,34.7842],[-82.5377,34.7849],[-82.5349,34.7873],[-82.5335,34.7886],[-82.5302,34.7904],[-82.5248,34.7945],[-82.5248,34.7972],[-82.5243,34.7989],[-82.5232,34.7999],[-82.5214,34.8027],[-82.5127,34.8069],[-82.5169,34.8138],[-82.5203,34.8193],[-82.5214,34.8206],[-82.5266,34.826],[-82.5288,34.8287],[-82.5364,34.8276],[-82.5507,34.8254],[-82.5508,34.8261],[-82.5403,34.8278],[-82.5394,34.8282],[-82.5389,34.8292],[-82.5391,34.8299],[-82.5413,34.8325],[-82.5426,34.8328],[-82.5522,34.8313],[-82.5533,34.8316],[-82.5536,34.8326],[-82.5531,34.834],[-82.5517,34.8369],[-82.5517,34.839],[-82.5536,34.8431],[-82.5537,34.8472],[-82.5575,34.8459],[-82.5613,34.8446],[-82.5616,34.8472],[-82.5628,34.8489],[-82.5641,34.8524],[-82.5641,34.8538],[-82.5634,34.8552],[-82.5635,34.8561],[-82.5642,34.8569],[-82.5639,34.859],[-82.5708,34.8593],[-82.5758,34.8587],[-82.5778,34.8581],[-82.5788,34.8581],[-82.581,34.8587],[-82.5834,34.8599],[-82.5858,34.8582],[-82.5867,34.8573],[-82.5889,34.8581],[-82.5932,34.8573],[-82.5948,34.8562],[-82.6009,34.8582],[-82.6017,34.8582]]]},"properties":{"OBJECTID":4925},"id":4925},
{"type":"Feature","geometry":{"type":"Polygon","coordinates":[[[-78.8302,35.5962],[-78.8302,35.5978],[-78.8299,35.5987],[-78.8315,35.5986],[-78.8325,35.5991],[-78.8324,35.5963],[-78.8302,35.5962]]]},"properties":{"OBJECTID":4926},"id":4926},
{"type":"Feature","geometry":{"type":"Polygon","coordinates":[[[-79.9233,35.9253],[-79.9248,35.9253],[-79.9262,35.924],[-79.9268,35.9218],[-79.9276,35.9218],[-79.9277,35.9209],[-79.925,35.9203],[-79.9243,35.9208],[-79.9233,35.9253]]]},"properties":{"OBJECTID":4928},"id":4928},
{"type":"Feature","geometry":{"type":"Polygon","coordinates":[[[-79.3124,36.0594],[-79.3143,36.059],[-79.3156,36.0595],[-79.313,36.0547],[-79.3119,36.0551],[-79.3123,36.0559],[-79.3114,36.0563],[-79.3126,36.0589],[-79.3124,36.0594]]]},"properties":{"OBJECTID":4929},"id":4929},
{"type":"Feature","geometry":{"type":"Polygon","coordinates":[[[-77.8651,34.3019],[-77.8669,34.3043],[-77.8686,34.3071],[-77.8698,34.3095],[-77.8707,34.3121],[-77.8716,34.316],[-77.8718,34.3186],[-77.8805,34.318],[-77.8827,34.3178],[-77.8888,34.3122],[-77.8899,34.312],[-77.89,34.3115],[-77.8892,34.3108],[-77.8854,34.3059],[-77.8851,34.2988],[-77.8827,34.2999],[-77.8806,34.2939],[-77.8786,34.2887],[-77.8805,34.2884],[-77.877,34.2861],[-77.8786,34.2844],[-77.9215,34.2854],[-77.9234,34.2859],[-77.9264,34.2861],[-77.9342,34.2852],[-77.9513,34.2841],[-77.9502,34.2832],[-77.9482,34.2766],[-77.9478,34.2735],[-77.9478,34.2688],[-77.9475,34.2672],[-77.9472,34.2665],[-77.9472,34.265],[-77.947,34.2622],[-77.9476,34.2597],[-77.9476,34.2563],[-77.9482,34.2526],[-77.9491,34.2518],[-77.9492,34.2512],[-77.9515,34.249],[-77.9528,34.2449],[-77.9531,34.243],[-77.953,34.2414],[-77.9517,34.2409],[-77.9516,34.239],[-77.9501,34.2357],[-77.9495,34.2331],[-77.9495,34.2314],[-77.951,34.2272],[-77.9514,34.2252],[-77.9528,34.2177],[-77.9541,34.2177],[-77.954,34.2142],[-77.9533,34.2141],[-77.954,34.2117],[-77.954,34.2107],[-77.9554,34.2078],[-77.9564,34.2045],[-77.9554,34.1966],[-77.956,34.1894],[-77.9561,34.185],[-77.9547,34.1849],[-77.9549,34.1829],[-77.9543,34.1796],[-77.9546,34.1783],[-77.957,34.1783],[-77.9569,34.1759],[-77.9523,34.1754],[-77.9526,34.1738],[-77.9517,34.1724],[-77.9516,34.1707],[-77.9493,34.1676],[-77.9489,34.1666],[-77.9487,34.1651],[-77.948,34.1637],[-77.9453,34.1618],[-77.9429,34.16],[-77.9425,34.1592],[-77.9433,34.1576],[-77.9433,34.1569],[-77.9459,34.1558],[-77.9459,34.151],[-77.9435,34.152],[-77.9425,34.1475],[-77.9414,34.1459],[-77.9407,34.1438],[-77.9424,34.1433],[-77.9442,34.1443],[-77.9456,34.145],[-77.946,34.1439],[-77.9451,34.1422],[-77.9425,34.1409],[-77.9397,34.1384],[-77.9345,34.1371],[-77.9337,34.1365],[-77.9309,34.135],[-77.9293,34.1338],[-77.9283,34.1326],[-77.9282,34.1315],[-77.9267,34.1303],[-77.9255,34.1283],[-77.9251,34.1266],[-77.9257,34.1251],[-77.9254,34.1246],[-77.9261,34.1237],[-77.9258,34.1221],[-77.9002,34.1221],[-77.9008,34.1158],[-77.9,34.1089],[-77.8991,34.0986],[-77.8949,34.0807],[-77.8888,34.0827],[-77.8895,34.0734],[-77.8918,34.0637],[-77.9028,34.0268],[-77.9019,34.0097],[-77.9038,34.0045],[-77.9053,34.0023],[-77.9061,33.9999],[-77.9144,33.9748],[-77.9148,33.9741],[-77.9468,33.9747],[-77.9474,33.9736],[-77.9486,33.9709],[-77.9478,33.9684],[-77.9468,33.9637],[-77.9462,33.9618],[-77.9449,33.9567],[-77.9436,33.9532],[-77.9426,33.9487],[-77.9419,33.9464],[-77.9409,33.9426],[-77.9396,33.9381],[-77.9395,33.9371],[-77.9389,33.9354],[-77.9377,33.9304],[-77.937,33.9281],[-77.9346,33.9329],[-77.9344,33.9341],[-77.9307,33.941],[-77.9296,33.942],[-77.9261,33.9496],[-77.9257,33.9509],[-77.9242,33.9537],[-77.9233,33.9564],[-77.9222,33.9582],[-77.9224,33.9587],[-77.9207,33.9635],[-77.9194,33.9664],[-77.9179,33.9684],[-77.9163,33.971],[-77.9156,33.9717],[-77.9143,33.972],[-77.9138,33.9732],[-77.9129,33.9747],[-77.9122,33.9774],[-77.9103,33.9833],[-77.9095,33.985],[-77.9088,33.9874],[-77.9083,33.9886],[-77.9077,33.9907],[-77.9058,33.9963],[-77.9053,33.9971],[-77.9045,33.9996],[-77.9028,34.0035],[-77.9026,34.0054],[-77.901,34.0094],[-77.8993,34.014],[-77.8987,34.0153],[-77.8947,34.0255],[-77.893,34.0268],[-77.8924,34.0277],[-77.8904,34.0323],[-77.8902,34.0335],[-77.8893,34.0346],[-77.8883,34.0372],[-77.8879,34.0387],[-77.8866,34.0414],[-77.8863,34.0427],[-77.8831,34.0495],[-77.8827,34.0508],[-77.8814,34.0536],[-77.8812,34.0547],[-77.8801,34.0569],[-77.8789,34.0613],[-77.8775,34.0644],[-77.8763,34.0665],[-77.8776,34.0676],[-77.8761,34.0713],[-77.8741,34.075],[-77.8743,34.0755],[-77.8706,34.079],[-77.8699,34.0787],[-77.8686,34.08],[-77.8681,34.0811],[-77.8661,34.0868],[-77.8628,34.0942],[-77.8561,34.1077],[-77.8545,34.1116],[-77.8507,34.119],[-77.8477,34.1251],[-77.8481,34.1259],[-77.8478,34.1268],[-77.8449,34.1327],[-77.8443,34.1345],[-77.8429,34.1375],[-77.8419,34.1387],[-77.8418,34.1407],[-77.8333,34.1554],[-77.83,34.1619],[-77.8292,34.163],[-77.8233,34.1706],[-77.818,34.1763],[-77.8153,34.1796],[-77.8129,34.1831],[-77.8129,34.1838],[-77.812,34.1841],[-77.8112,34.1851],[-77.8091,34.1864],[-77.8079,34.1867],[-77.8056,34.1905],[-77.8043,34.1932],[-77.7968,34.2031],[-77.7953,34.2047],[-77.7932,34.2072],[-77.7917,34.2094],[-77.7896,34.2118],[-77.7883,34.2136],[-77.7861,34.2169],[-77.7844,34.2192],[-77.7801,34.2263],[-77.7758,34.2329],[-77.7731,34.2362],[-77.7723,34.2369],[-77.7666,34.2431],[-77.766,34.2442],[-77.7648,34.2451],[-77.7644,34.2457],[-77.7632,34.2463],[-77.7602,34.2501],[-77.7587,34.2515],[-77.7559,34.255],[-77.7548,34.256],[-77.752,34.2592],[-77.7507,34.2604],[-77.7474,34.2648],[-77.7438,34.2688],[-77.7402,34.2725],[-77.737,34.2755],[-77.7341,34.2785],[-77.731,34.2809],[-77.7296,34.2822],[-77.7271,34.284],[-77.7227,34.2861],[-77.718,34.2881],[-77.7179,34.2892],[-77.7167,34.2928],[-77.7167,34.2935],[-77.7184,34.2951],[-77.7194,34.2954],[-77.7219,34.2941],[-77.7227,34.294],[-77.7252,34.2927],[-77.7275,34.2924],[-77.7288,34.2925],[-77.7317,34.2939],[-77.7338,34.2939],[-77.7365,34.2926],[-77.7381,34.2922],[-77.7402,34.2937],[-77.7414,34.2957],[-77.7415,34.2969],[-77.7412,34.298],[-77.7528,34.2836],[-77.7954,34.2909],[-77.7919,34.3059],[-77.7981,34.3074],[-77.8021,34.2985],[-77.8077,34.2957],[-77.8311,34.299],[-77.8349,34.3013],[-77.8326,34.3024],[-77.834,34.3043],[-77.8398,34.3052],[-77.8434,34.2997],[-77.8574,34.3022],[-77.8644,34.301],[-77.8651,34.3019]]]},"properties":{"OBJECTID":4931},"id":4931},
{"type":"Feature","geometry":{"type":"Polygon","coordinates":[[[-77.1134,35.1563],[-77.1148,35.1578],[-77.1171,35.1599],[-77.1188,35.1574],[-77.1214,35.1556],[-77.1239,35.1556],[-77.1255,35.1553],[-77.1259,35.1546],[-77.1252,35.1538],[-77.1256,35.1528],[-77.1356,35.1549],[-77.1389,35.1549],[-77.1469,35.1524],[-77.1556,35.1497],[-77.158,35.1486],[-77.1585,35.1477],[-77.1614,35.1436],[-77.1636,35.1424],[-77.165,35.1402],[-77.1668,35.1367],[-77.154,35.0964],[-77.1494,35.0956],[-77.149,35.0953],[-77.148,35.0928],[-77.1465,35.0917],[-77.144,35.0875],[-77.143,35.087],[-77.1428,35.0863],[-77.1429,35.0842],[-77.1435,35.0834],[-77.1427,35.0815],[-77.1419,35.0809],[-77.1383,35.0792],[-77.1379,35.0781],[-77.1366,35.0771],[-77.1358,35.0761],[-77.1338,35.0752],[-77.1327,35.0765],[-77.1324,35.0775],[-77.1315,35.0781],[-77.1304,35.0798],[-77.1283,35.0798],[-77.125,35.0783],[-77.1222,35.0776],[-77.1176,35.0755],[-77.1138,35.0742],[-77.1133,35.0729],[-77.1135,35.0718],[-77.1105,35.072],[-77.1082,35.0714],[-77.1071,35.0715],[-77.1057,35.0726],[-77.1036,35.0727],[-77.1027,35.0732],[-77.1007,35.0732],[-77.0976,35.0723],[-77.0961,35.072],[-77.0933,35.0712],[-77.0917,35.0706],[-77.0904,35.0704],[-77.0885,35.0695],[-77.0869,35.0693],[-77.0853,35.0688],[-77.0834,35.0687],[-77.0818,35.0684],[-77.0796,35.0688],[-77.0784,35.0681],[-77.077,35.0681],[-77.0758,35.0689],[-77.0712,35.0579],[-77.0655,35.0608],[-77.0599,35.0576],[-77.0626,35.0575],[-77.0641,35.0569],[-77.0644,35.054],[-77.064,35.0526],[-77.0629,35.0499],[-77.062,35.0465],[-77.0501,35.035],[-77.0494,35.0329],[-77.0475,35.0274],[-77.0474,35.026],[-77.0498,35.0176],[-77.0508,35.0143],[-77.0513,35.0139],[-77.0566,35.013],[-77.0573,35.0128],[-77.0542,35.0098],[-77.052,35.0083],[-77.0505,35.0075],[-77.0455,35.0058],[-77.0391,35.0041],[-77.0328,35.0024],[-77.0315,35.0021],[-77.0231,35.0008],[-77.0207,35.0005],[-77.0198,35.0001],[-77.0153,34.9987],[-77.0124,34.9978],[-77.0101,34.9965],[-77.0082,34.9959],[-77.0049,34.9957],[-77.002,34.9964],[-76.9993,34.996],[-76.9975,34.9964],[-76.9948,34.9959],[-76.9934,34.9954],[-76.9907,34.9937],[-76.9898,34.993],[-76.9886,34.994],[-76.9862,34.9961],[-76.9847,34.9968],[-76.9978,35.0209],[-77.0071,35.038],[-77.0009,35.0418],[-77.0006,35.0414],[-76.9968,35.0431],[-76.996,35.0445],[-76.9935,35.0455],[-76.993,35.0461],[-76.9947,35.048],[-76.9969,35.0515],[-76.9986,35.0545],[-77.0003,35.0561],[-77.0049,35.059],[-77.0093,35.063],[-77.0112,35.0642],[-77.0126,35.0653],[-77.0147,35.0686],[-77.015,35.0702],[-77.0152,35.0724],[-77.016,35.0758],[-77.0175,35.0859],[-77.0143,35.0876],[-77.0156,35.0887],[-77.0167,35.0901],[-77.0182,35.0931],[-77.0191,35.0956],[-77.0196,35.0988],[-77.0144,35.1001],[-77.0125,35.101],[-77.0113,35.1019],[-77.0099,35.1033],[-77.0088,35.105],[-77.0083,35.1072],[-77.0085,35.1095],[-77.0091,35.1111],[-77.01,35.1128],[-77.0043,35.1054],[-77.0041,35.1059],[-77.0028,35.1063],[-77.0072,35.1124],[-77.008,35.1121],[-77.0115,35.1168],[-77.0112,35.118],[-77.0104,35.1188],[-77.0094,35.1179],[-77.0087,35.1184],[-77.0071,35.1162],[-77.0053,35.117],[-77.0072,35.1198],[-77.0085,35.1195],[-77.0097,35.1183],[-77.0105,35.1189],[-77.0087,35.1205],[-77.0045,35.1225],[-77.0037,35.1215],[-77.0028,35.122],[-77.0039,35.1228],[-76.9969,35.1264],[-76.9979,35.1266],[-76.9994,35.1273],[-77.0029,35.1298],[-77.004,35.133],[-77.0058,35.1342],[-77.0122,35.1373],[-77.0163,35.1396],[-77.0184,35.1405],[-77.021,35.142],[-77.0257,35.1427],[-77.0273,35.1427],[-77.0287,35.1393],[-77.0298,35.1417],[-77.0318,35.141],[-77.0328,35.1404],[-77.0352,35.1381],[-77.0363,35.136],[-77.0397,35.1369],[-77.0407,35.1374],[-77.0454,35.1383],[-77.0482,35.1383],[-77.0504,35.1393],[-77.0527,35.1405],[-77.0545,35.1417],[-77.0579,35.1422],[-77.0598,35.1423],[-77.0639,35.1437],[-77.0662,35.1443],[-77.0682,35.1455],[-77.0741,35.1467],[-77.076,35.1474],[-77.0772,35.1492],[-77.0815,35.1505],[-77.0824,35.1513],[-77.0829,35.1524],[-77.0836,35.1526],[-77.0856,35.1557],[-77.0869,35.1566],[-77.0872,35.1572],[-77.0884,35.1572],[-77.0904,35.1591],[-77.0936,35.1584],[-77.0977,35.1571],[-77.1015,35.1562],[-77.1027,35.1568],[-77.1035,35.1582],[-77.1072,35.1575],[-77.1126,35.1556],[-77.1134,35.1563]]]},"properties":{"OBJECTID":4932},"id":4932},
{"type":"Feature","geometry":{"type":"Polygon","coordinates":[[[-78.4144,35.6194],[-78.4141,35.6181],[-78.4142,35.6166],[-78.413,35.6169],[-78.4123,35.615],[-78.4104,35.6158],[-78.4099,35.6166],[-78.4144,35.6194]]]},"properties":{"OBJECTID":4933},"id":4933},
{"type":"Feature","geometry":{"type":"Polygon","coordinates":[[[-80.6884,34.991],[-80.6882,34.9911],[-80.6885,34.9914],[-80.6886,34.9914],[-80.6884,34.991]]]},"properties":{"OBJECTID":4934},"id":4934},
{"type":"Feature","geometry":{"type":"Polygon","coordinates":[[[-79.6986,36.0438],[-79.6986,36.0444],[-79.6991,36.0444],[-79.699,36.0438],[-79.6986,36.0438]]]},"properties":{"OBJECTID":4940},"id":4940},
{"type":"Feature","geometry":{"type":"Polygon","coordinates":[[[-78.5387,35.9955],[-78.5405,35.9968],[-78.5415,35.9957],[-78.5412,35.9949],[-78.5398,35.9942],[-78.5387,35.9955]]]},"properties":{"OBJECTID":4943},"id":4943},
{"type":"Feature","geometry":{"type":"Polygon","coordinates":[[[-78.4464,35.6276],[-78.4483,35.6274],[-78.4486,35.6266],[-78.4483,35.6256],[-78.4454,35.6221],[-78.443,35.6221],[-78.4423,35.6231],[-78.4421,35.6252],[-78.4418,35.6258],[-78.4429,35.6276],[-78.4464,35.6276]]]},"properties":{"OBJECTID":4949},"id":4949},
{"type":"Feature","geometry":{"type":"Polygon","coordinates":[[[-78.8819,35.6079],[-78.883,35.6088],[-78.8839,35.6074],[-78.8854,35.6074],[-78.8854,35.6069],[-78.8904,35.6069],[-78.8904,35.6056],[-78.8962,35.6054],[-78.8963,35.6039],[-78.8905,35.6039],[-78.8907,35.5985],[-78.8856,35.5982],[-78.8857,35.5965],[-78.8831,35.5972],[-78.8782,35.6009],[-78.8772,35.6031],[-78.8777,35.6032],[-78.8775,35.6078],[-78.8817,35.6078],[-78.8819,35.6079]]]},"properties":{"OBJECTID":4953},"id":4953},
{"type":"Feature","geometry":{"type":"Polygon","coordinates":[[[-77.8735,35.7559],[-77.8747,35.7559],[-77.8746,35.7484],[-77.8739,35.7484],[-77.8732,35.7474],[-77.8711,35.7466],[-77.8707,35.7473],[-77.8735,35.7484],[-77.8703,35.7482],[-77.8695,35.7493],[-77.8702,35.7497],[-77.8722,35.7526],[-77.8721,35.7559],[-77.8735,35.7559]]]},"properties":{"OBJECTID":4962},"id":4962},
{"type":"Feature","geometry":{"type":"Polygon","coordinates":[[[-78.7295,35.5943],[-78.7295,35.5948],[-78.7317,35.5951],[-78.732,35.5946],[-78.7311,35.5936],[-78.73,35.5932],[-78.7295,35.5943]]]},"properties":{"OBJECTID":4971},"id":4971},
{"type":"Feature","geometry":{"type":"Polygon","coordinates":[[[-76.93,34.9391],[-76.9322,34.9397],[-76.9336,34.9397],[-76.9345,34.9383],[-76.9364,34.9375],[-76.9386,34.9373],[-76.9402,34.9369],[-76.9419,34.9358],[-76.9425,34.935],[-76.9454,34.9329],[-76.9467,34.9322],[-76.9485,34.9298],[-76.948,34.9283],[-76.9468,34.9292],[-76.9432,34.9295],[-76.9362,34.9278],[-76.9351,34.929],[-76.9342,34.9311],[-76.9342,34.9323],[-76.9327,34.9337],[-76.9315,34.9345],[-76.9307,34.9372],[-76.9291,34.9382],[-76.9291,34.9391],[-76.93,34.9391]]]},"properties":{"OBJECTID":4977},"id":4977},
{"type":"Feature","geometry":{"type":"Polygon","coordinates":[[[-80.9095,35.606],[-80.9124,35.6059],[-80.9117,35.6054],[-80.912,35.6044],[-80.9114,35.6031],[-80.9092,35.6039],[-80.9095,35.606]]]},"properties":{"OBJECTID":4980},"id":4980},
{"type":"Feature","geometry":{"type":"Polygon","coordinates":[[[-80.688,34.996],[-80.6874,34.9967],[-80.6878,34.9969],[-80.6883,34.9962],[-80.688,34.996]]]},"properties":{"OBJECTID":4981},"id":4981},
{"type":"Feature","geometry":{"type":"Polygon","coordinates":[[[-81.2667,35.7314],[-81.2657,35.7305],[-81.2644,35.7283],[-81.2631,35.7296],[-81.2667,35.7314]]]},"properties":{"OBJECTID":4984},"id":4984},
{"type":"Feature","geometry":{"type":"Polygon","coordinates":[[[-79.9132,35.6296],[-79.914,35.6301],[-79.9146,35.63],[-79.9155,35.6294],[-79.9132,35.6296]]]},"properties":{"OBJECTID":4985},"id":4985},
{"type":"Feature","geometry":{"type":"Polygon","coordinates":[[[-79.7042,36.0444],[-79.7037,36.0451],[-79.7039,36.0452],[-79.7042,36.0444]]]},"properties":{"OBJECTID":4987},"id":4987},
{"type":"Feature","geometry":{"type":"Polygon","coordinates":[[[-78.7951,35.9411],[-78.7969,35.9414],[-78.797,35.9406],[-78.7953,35.9407],[-78.7951,35.9411]]]},"properties":{"OBJECTID":4991},"id":4991},
{"type":"Feature","geometry":{"type":"Polygon","coordinates":[[[-80.8386,35.7615],[-80.8393,35.7617],[-80.8393,35.7614],[-80.8386,35.7615]]]},"properties":{"OBJECTID":4993},"id":4993},
{"type":"Feature","geometry":{"type":"Polygon","coordinates":[[[-78.9208,34.9377],[-78.9217,34.9374],[-78.9213,34.9361],[-78.9207,34.9364],[-78.9208,34.9377]]]},"properties":{"OBJECTID":4994},"id":4994},
{"type":"Feature","geometry":{"type":"Polygon","coordinates":[[[-80.689,34.9908],[-80.689,34.9902],[-80.6887,34.9903],[-80.689,34.9908]]]},"properties":{"OBJECTID":4995},"id":4995},
{"type":"Feature","geometry":{"type":"Polygon","coordinates":[[[-78.0034,35.7098],[-78.0045,35.711],[-78.0052,35.7109],[-78.0049,35.7097],[-78.0034,35.7098]]]},"properties":{"OBJECTID":4996},"id":4996},
{"type":"Feature","geometry":{"type":"Polygon","coordinates":[[[-78.9216,34.9954],[-78.9222,34.9959],[-78.9225,34.9954],[-78.9216,34.9954]]]},"properties":{"OBJECTID":4998},"id":4998},
{"type":"Feature","geometry":{"type":"Polygon","coordinates":[[[-80.8819,35.7536],[-80.8819,35.7539],[-80.8831,35.7538],[-80.8828,35.7535],[-80.8819,35.7536]]]},"properties":{"OBJECTID":4999},"id":4999},
{"type":"Feature","geometry":{"type":"Polygon","coordinates":[[[-81.2481,35.7336],[-81.2513,35.7318],[-81.2502,35.7301],[-81.2491,35.7304],[-81.2464,35.7317],[-81.2469,35.7332],[-81.2481,35.7336]]]},"properties":{"OBJECTID":5004},"id":5004},
{"type":"Feature","geometry":{"type":"Polygon","coordinates":[[[-80.8006,35.608],[-80.7999,35.6111],[-80.8029,35.6112],[-80.8029,35.6093],[-80.8017,35.6095],[-80.8012,35.6079],[-80.8006,35.608]]]},"properties":{"OBJECTID":5006},"id":5006},
{"type":"Feature","geometry":{"type":"Polygon","coordinates":[[[-80.6591,34.9843],[-80.6586,34.9847],[-80.6594,34.9848],[-80.6595,34.9843],[-80.6591,34.9843]]]},"properties":{"OBJECTID":5008},"id":5008},
{"type":"Feature","geometry":{"type":"Polygon","coordinates":[[[-80.8698,35.5788],[-80.8702,35.5782],[-80.8714,35.5783],[-80.872,35.5772],[-80.8712,35.5752],[-80.8699,35.5733],[-80.8698,35.5718],[-80.869,35.5711],[-80.8677,35.5716],[-80.8674,35.5712],[-80.8688,35.5707],[-80.8684,35.5699],[-80.867,35.5704],[-80.8666,35.5696],[-80.8666,35.5674],[-80.8663,35.5664],[-80.865,35.5667],[-80.8639,35.5677],[-80.8627,35.5709],[-80.8631,35.5731],[-80.8636,35.5736],[-80.8624,35.5743],[-80.8618,35.5751],[-80.8621,35.5763],[-80.8698,35.5767],[-80.8704,35.5765],[-80.871,35.5775],[-80.8688,35.5774],[-80.869,35.5788],[-80.8698,35.5788]]]},"properties":{"OBJECTID":5016},"id":5016},
{"type":"Feature","geometry":{"type":"Polygon","coordinates":[[[-80.0537,36.0233],[-80.0591,36.0234],[-80.0594,36.0221],[-80.0577,36.0221],[-80.0576,36.0228],[-80.0549,36.0227],[-80.0544,36.0201],[-80.0562,36.0199],[-80.0573,36.02],[-80.0581,36.0196],[-80.0583,36.0185],[-80.0569,36.0183],[-80.0491,36.0181],[-80.05,36.0202],[-80.0537,36.0233]]]},"properties":{"OBJECTID":5020},"id":5020},
{"type":"Feature","geometry":{"type":"Polygon","coordinates":[[[-78.7291,35.6264],[-78.7288,35.627],[-78.7291,35.6271],[-78.7296,35.6262],[-78.7291,35.6264]]]},"properties":{"OBJECTID":5021},"id":5021},
{"type":"Feature","geometry":{"type":"Polygon","coordinates":[[[-78.9108,35.7561],[-78.9124,35.7561],[-78.9123,35.7539],[-78.9108,35.7561]]]},"properties":{"OBJECTID":5024},"id":5024},
{"type":"Feature","geometry":{"type":"Polygon","coordinates":[[[-78.7667,35.5691],[-78.7655,35.5723],[-78.768,35.572],[-78.7691,35.5711],[-78.7688,35.5707],[-78.7667,35.5691]]]},"properties":{"OBJECTID":5029},"id":5029},
{"type":"Feature","geometry":{"type":"Polygon","coordinates":[[[-78.7889,35.6231],[-78.7933,35.6235],[-78.7932,35.6223],[-78.79,35.6222],[-78.7889,35.6231]]]},"properties":{"OBJECTID":5033},"id":5033},
{"type":"Feature","geometry":{"type":"Polygon","coordinates":[[[-78.7597,35.6356],[-78.767,35.6355],[-78.7671,35.6308],[-78.7651,35.6314],[-78.7626,35.6313],[-78.7598,35.6303],[-78.7597,35.6356]]]},"properties":{"OBJECTID":5035},"id":5035},
{"type":"Feature","geometry":{"type":"Polygon","coordinates":[[[-78.9009,35.7616],[-78.9009,35.7622],[-78.9017,35.7619],[-78.9013,35.7614],[-78.9009,35.7616]]]},"properties":{"OBJECTID":5036},"id":5036},
{"type":"Feature","geometry":{"type":"Polygon","coordinates":[[[-78.828,35.1021],[-78.8301,35.1014],[-78.8321,35.0988],[-78.8326,35.0977],[-78.831,35.0972],[-78.8306,35.0958],[-78.8283,35.097],[-78.8248,35.0991],[-78.825,35.0994],[-78.8275,35.0998],[-78.8265,35.1013],[-78.828,35.1021]]]},"properties":{"OBJECTID":5041},"id":5041},
{"type":"Feature","geometry":{"type":"Polygon","coordinates":[[[-80.8591,35.7267],[-80.8596,35.7274],[-80.8591,35.7281],[-80.8603,35.729],[-80.86,35.7275],[-80.8591,35.7267]]]},"properties":{"OBJECTID":5047},"id":5047},
{"type":"Feature","geometry":{"type":"Polygon","coordinates":[[[-79.2967,36.0929],[-79.2988,36.0926],[-79.2999,36.0913],[-79.2965,36.0908],[-79.2967,36.0929]]]},"properties":{"OBJECTID":5049},"id":5049},
{"type":"Feature","geometry":{"type":"Polygon","coordinates":[[[-79.3138,36.0761],[-79.3135,36.0768],[-79.3165,36.0772],[-79.3179,36.0752],[-79.3184,36.0734],[-79.3148,36.0708],[-79.3142,36.0732],[-79.3146,36.0736],[-79.3138,36.0761]]]},"properties":{"OBJECTID":5050},"id":5050},
{"type":"Feature","geometry":{"type":"Polygon","coordinates":[[[-79.7122,36.0532],[-79.7137,36.0531],[-79.7137,36.0528],[-79.7122,36.0528],[-79.7122,36.0532]]]},"properties":{"OBJECTID":5052},"id":5052},
{"type":"Feature","geometry":{"type":"Polygon","coordinates":[[[-80.6908,34.9907],[-80.6904,34.991],[-80.6909,34.9915],[-80.6913,34.9914],[-80.6908,34.9907]]]},"properties":{"OBJECTID":5060},"id":5060},
{"type":"Feature","geometry":{"type":"Polygon","coordinates":[[[-82.6105,34.5512],[-82.6137,34.5518],[-82.6144,34.5505],[-82.6136,34.5502],[-82.6131,34.5508],[-82.6103,34.5491],[-82.611,34.5489],[-82.6113,34.5482],[-82.6091,34.5478],[-82.6083,34.55],[-82.6086,34.5505],[-82.6105,34.5512]]]},"properties":{"OBJECTID":5062},"id":5062},
{"type":"Feature","geometry":{"type":"Polygon","coordinates":[[[-78.415,35.6465],[-78.4228,35.6445],[-78.4235,35.647],[-78.425,35.6494],[-78.4251,35.6524],[-78.4232,35.6524],[-78.4232,35.6564],[-78.4169,35.659],[-78.4182,35.6603],[-78.4202,35.6615],[-78.4232,35.663],[-78.4252,35.6644],[-78.4282,35.6673],[-78.4344,35.6632],[-78.4329,35.6619],[-78.4325,35.6604],[-78.4384,35.6623],[-78.4383,35.6628],[-78.4404,35.6634],[-78.4405,35.6625],[-78.4423,35.6633],[-78.4418,35.6652],[-78.4415,35.6679],[-78.4418,35.671],[-78.4408,35.6726],[-78.4396,35.6734],[-78.4363,35.6749],[-78.4369,35.676],[-78.4369,35.6799],[-78.4367,35.6822],[-78.4358,35.6824],[-78.4342,35.6823],[-78.4331,35.6828],[-78.4294,35.6789],[-78.4276,35.6801],[-78.4253,35.6821],[-78.4259,35.6825],[-78.4255,35.6836],[-78.4216,35.6884],[-78.4191,35.6928],[-78.4165,35.6946],[-78.4167,35.696],[-78.4175,35.6979],[-78.4184,35.6994],[-78.4185,35.7009],[-78.419,35.7016],[-78.4195,35.7034],[-78.4203,35.7047],[-78.4197,35.705],[-78.4211,35.7064],[-78.4229,35.7068],[-78.4242,35.7079],[-78.4257,35.7065],[-78.4262,35.7054],[-78.4281,35.705],[-78.4309,35.7057],[-78.4305,35.7014],[-78.4306,35.6976],[-78.4329,35.6972],[-78.4348,35.6972],[-78.4364,35.6981],[-78.4359,35.6988],[-78.4357,35.7003],[-78.4364,35.7014],[-78.4349,35.7025],[-78.4349,35.7037],[-78.4337,35.7039],[-78.432,35.7061],[-78.4313,35.7062],[-78.4316,35.7087],[-78.4306,35.7113],[-78.4305,35.715],[-78.4309,35.7159],[-78.4321,35.7172],[-78.4393,35.7168],[-78.4392,35.7179],[-78.4447,35.7163],[-78.4447,35.7089],[-78.4492,35.7088],[-78.4492,35.7081],[-78.4588,35.7077],[-78.4589,35.7033],[-78.4587,35.7024],[-78.4577,35.7008],[-78.4562,35.7],[-78.4537,35.7],[-78.4526,35.7002],[-78.4521,35.7012],[-78.4512,35.7018],[-78.4503,35.7017],[-78.4464,35.6992],[-78.4442,35.6972],[-78.4404,35.6921],[-78.4391,35.6893],[-78.4378,35.6873],[-78.4368,35.6853],[-78.4363,35.6829],[-78.4369,35.683],[-78.4479,35.6831],[-78.4478,35.6773],[-78.4589,35.6776],[-78.4591,35.6774],[-78.4592,35.6726],[-78.4526,35.6706],[-78.4535,35.6684],[-78.4539,35.6684],[-78.454,35.6656],[-78.4544,35.6654],[-78.4512,35.6651],[-78.4492,35.6664],[-78.4477,35.666],[-78.447,35.6653],[-78.4455,35.6652],[-78.443,35.6624],[-78.4417,35.6615],[-78.441,35.6596],[-78.438,35.6581],[-78.4357,35.658],[-78.4325,35.6596],[-78.4309,35.6608],[-78.4297,35.6613],[-78.4276,35.6575],[-78.4314,35.656],[-78.4356,35.654],[-78.4342,35.6527],[-78.4253,35.6524],[-78.4253,35.6489],[-78.4243,35.6475],[-78.4233,35.6444],[-78.4231,35.6444],[-78.4219,35.6418],[-78.4172,35.6436],[-78.4172,35.6412],[-78.4206,35.6406],[-78.421,35.6397],[-78.4204,35.6385],[-78.4206,35.6377],[-78.4201,35.6355],[-78.4195,35.6344],[-78.418,35.6339],[-78.4172,35.6341],[-78.4157,35.6333],[-78.4132,35.6336],[-78.4118,35.6342],[-78.4116,35.6305],[-78.4057,35.6304],[-78.4058,35.6332],[-78.405,35.6336],[-78.405,35.6348],[-78.3982,35.6346],[-78.3929,35.6345],[-78.3927,35.6291],[-78.3941,35.6291],[-78.3957,35.6281],[-78.3966,35.6257],[-78.3987,35.6275],[-78.3994,35.6274],[-78.3987,35.6256],[-78.3989,35.6207],[-78.396,35.6197],[-78.3933,35.6243],[-78.3916,35.6243],[-78.3883,35.6296],[-78.3898,35.6294],[-78.3894,35.6312],[-78.3863,35.6312],[-78.3866,35.6295],[-78.3848,35.6293],[-78.381,35.6344],[-78.3772,35.6335],[-78.3815,35.629],[-78.3794,35.629],[-78.3751,35.6335],[-78.3761,35.6387],[-78.3777,35.6391],[-78.3795,35.6389],[-78.3803,35.6393],[-78.3822,35.6421],[-78.3847,35.6441],[-78.3862,35.6446],[-78.3875,35.6444],[-78.389,35.6434],[-78.3911,35.6417],[-78.3927,35.6412],[-78.3948,35.6417],[-78.3989,35.6431],[-78.4001,35.6428],[-78.4026,35.6419],[-78.4034,35.642],[-78.4047,35.6403],[-78.4069,35.6391],[-78.4086,35.64],[-78.4134,35.6401],[-78.4134,35.6442],[-78.415,35.6465]]]},"properties":{"OBJECTID":5065},"id":5065},
{"type":"Feature","geometry":{"type":"Polygon","coordinates":[[[-78.0519,34.2197],[-78.0519,34.2154],[-78.0527,34.2137],[-78.0492,34.2126],[-78.0453,34.2202],[-78.0408,34.2168],[-78.0326,34.21],[-78.0317,34.2092],[-78.0269,34.2121],[-78.0254,34.2126],[-78.0262,34.2135],[-78.0245,34.2134],[-78.024,34.2128],[-78.0231,34.2133],[-78.0229,34.214],[-78.0197,34.2158],[-78.0173,34.2164],[-78.015,34.2186],[-78.0138,34.2209],[-78.0126,34.2213],[-78.01,34.2211],[-77.9973,34.2284],[-77.9964,34.226],[-77.9951,34.2248],[-77.9946,34.2241],[-77.9945,34.2228],[-77.9952,34.2218],[-77.9984,34.22],[-78.0017,34.2191],[-78.0016,34.2168],[-78.0048,34.2165],[-78.0055,34.2184],[-78.0083,34.218],[-78.0076,34.216],[-78.0083,34.2158],[-78.0076,34.2137],[-78.0131,34.214],[-78.0132,34.2126],[-78.0141,34.2126],[-78.014,34.2136],[-78.0152,34.2151],[-78.0167,34.2142],[-78.0175,34.2143],[-78.0182,34.2149],[-78.0182,34.2159],[-78.0209,34.2143],[-78.02,34.2131],[-78.0214,34.2124],[-78.0223,34.2136],[-78.0303,34.209],[-78.029,34.2084],[-78.028,34.2084],[-78.0277,34.2073],[-78.0262,34.2071],[-78.0256,34.2064],[-78.0237,34.206],[-78.0232,34.2053],[-78.0208,34.2031],[-78.0196,34.2016],[-78.0186,34.2015],[-78.0178,34.2026],[-78.0154,34.2033],[-78.0151,34.2028],[-78.0137,34.2024],[-78.0127,34.2033],[-78.0116,34.2037],[-78.0101,34.2031],[-78.0093,34.2034],[-78.0077,34.2032],[-78.0047,34.2048],[-78.0039,34.2046],[-78.0018,34.2055],[-78.0005,34.2048],[-77.9963,34.2059],[-77.9948,34.2045],[-77.9934,34.204],[-77.9921,34.1942],[-77.9923,34.1941],[-77.9997,34.1949],[-78.0055,34.1956],[-78.0075,34.1958],[-78.0114,34.1953],[-78.0126,34.1955],[-78.0168,34.1958],[-78.019,34.1954],[-78.0247,34.1947],[-78.0252,34.1956],[-78.0278,34.195],[-78.0322,34.1951],[-78.0359,34.1971],[-78.0367,34.1972],[-78.0406,34.196],[-78.0428,34.195],[-78.0437,34.1972],[-78.0444,34.1999],[-78.0442,34.202],[-78.0448,34.2035],[-78.061,34.1979],[-78.0608,34.195],[-78.0619,34.1973],[-78.0658,34.1957],[-78.0655,34.1949],[-78.0675,34.1937],[-78.066,34.1927],[-78.0639,34.1928],[-78.0638,34.1919],[-78.0647,34.1912],[-78.0642,34.1899],[-78.0642,34.1888],[-78.0609,34.1888],[-78.0609,34.1877],[-78.0538,34.1878],[-78.0591,34.1822],[-78.0582,34.1821],[-78.0593,34.1698],[-78.0585,34.1687],[-78.0583,34.1679],[-78.0593,34.1667],[-78.0601,34.1647],[-78.0614,34.1629],[-78.0616,34.1619],[-78.0624,34.1617],[-78.0626,34.1631],[-78.0634,34.1633],[-78.0638,34.1625],[-78.0633,34.1608],[-78.0639,34.1598],[-78.0633,34.1594],[-78.0618,34.1603],[-78.0577,34.1615],[-78.0558,34.1611],[-78.0519,34.1584],[-78.0505,34.1577],[-78.0502,34.1567],[-78.0507,34.1549],[-78.05,34.1544],[-78.0482,34.155],[-78.0467,34.1563],[-78.0474,34.1573],[-78.0463,34.1592],[-78.044,34.1602],[-78.042,34.1607],[-78.0402,34.1633],[-78.038,34.1621],[-78.0378,34.1575],[-78.032,34.162],[-78.0132,34.1679],[-78.0085,34.1576],[-78.0078,34.1576],[-78.0054,34.1569],[-78.0038,34.1557],[-78.0029,34.1557],[-78.0019,34.1563],[-77.9995,34.1574],[-77.9962,34.1584],[-77.9947,34.1591],[-77.9934,34.1594],[-77.9917,34.1605],[-77.9889,34.1613],[-77.9897,34.1626],[-77.991,34.1634],[-77.9954,34.1713],[-77.9953,34.1818],[-77.9898,34.1817],[-77.9862,34.1931],[-77.9858,34.1942],[-77.9844,34.1957],[-77.9814,34.198],[-77.9826,34.1987],[-77.983,34.1993],[-77.9821,34.2002],[-77.9806,34.1998],[-77.9805,34.2016],[-77.9818,34.2061],[-77.9756,34.2072],[-77.9767,34.2148],[-77.9768,34.2192],[-77.9793,34.2235],[-77.9828,34.2288],[-77.985,34.2328],[-77.976,34.2332],[-77.9821,34.2339],[-77.9857,34.2337],[-77.9872,34.2346],[-77.9854,34.2348],[-77.9828,34.2349],[-77.9753,34.2346],[-77.971,34.2348],[-77.9719,34.2362],[-77.9728,34.2368],[-77.9751,34.2379],[-77.9788,34.2378],[-77.9816,34.2387],[-77.983,34.2403],[-77.9838,34.2406],[-77.988,34.2406],[-77.9884,34.2423],[-77.9893,34.2437],[-77.9902,34.2445],[-77.9908,34.2471],[-77.9906,34.2486],[-77.99,34.2499],[-77.9868,34.254],[-77.9863,34.2549],[-77.9857,34.2572],[-77.9862,34.2583],[-77.9864,34.2594],[-77.9877,34.2601],[-77.9889,34.2623],[-77.9879,34.2649],[-77.9875,34.2683],[-77.991,34.2707],[-78.0008,34.2716],[-78.002,34.2731],[-78.0013,34.2746],[-78.0477,34.2771],[-78.0479,34.2755],[-78.0488,34.2716],[-78.0476,34.2725],[-78.0462,34.2727],[-78.0452,34.272],[-78.0424,34.271],[-78.0403,34.2699],[-78.0399,34.2691],[-78.0405,34.2681],[-78.0416,34.2676],[-78.0412,34.266],[-78.0397,34.2658],[-78.0389,34.2653],[-78.0374,34.2636],[-78.0373,34.2625],[-78.0378,34.2614],[-78.0388,34.2601],[-78.0389,34.2594],[-78.0382,34.2587],[-78.0376,34.2572],[-78.0341,34.2565],[-78.0322,34.2565],[-78.0307,34.2559],[-78.0316,34.2524],[-78.0328,34.2523],[-78.0319,34.2551],[-78.0344,34.2559],[-78.0371,34.2561],[-78.0392,34.2559],[-78.0408,34.255],[-78.0422,34.2551],[-78.0435,34.2558],[-78.044,34.2573],[-78.044,34.2592],[-78.0452,34.2592],[-78.0476,34.2582],[-78.0477,34.2568],[-78.0486,34.2562],[-78.05,34.2559],[-78.0509,34.2562],[-78.053,34.2548],[-78.0548,34.2554],[-78.0571,34.2552],[-78.0572,34.2533],[-78.0586,34.2532],[-78.0585,34.2517],[-78.0565,34.2518],[-78.0557,34.2526],[-78.0516,34.2534],[-78.0518,34.2542],[-78.0509,34.2548],[-78.0488,34.2551],[-78.0485,34.254],[-78.0445,34.2547],[-78.0447,34.254],[-78.041,34.2536],[-78.0422,34.2485],[-78.0398,34.2467],[-78.0383,34.2527],[-78.0369,34.2515],[-78.0379,34.2483],[-78.0351,34.2487],[-78.0347,34.2502],[-78.0333,34.2498],[-78.0348,34.2452],[-78.036,34.245],[-78.0362,34.2441],[-78.0328,34.2415],[-78.034,34.2409],[-78.0352,34.2408],[-78.037,34.2402],[-78.0373,34.2394],[-78.04,34.2405],[-78.0409,34.2407],[-78.0436,34.2367],[-78.045,34.2361],[-78.0481,34.2341],[-78.0475,34.2328],[-78.0477,34.2322],[-78.0491,34.2326],[-78.0507,34.2333],[-78.0521,34.2332],[-78.053,34.2323],[-78.0553,34.2313],[-78.0561,34.2305],[-78.0565,34.2315],[-78.0565,34.2336],[-78.0594,34.2338],[-78.0587,34.2304],[-78.0572,34.2309],[-78.0566,34.2306],[-78.0566,34.2296],[-78.056,34.2289],[-78.0556,34.2269],[-78.0568,34.2262],[-78.0569,34.2228],[-78.0551,34.2222],[-78.0551,34.2211],[-78.057,34.2211],[-78.0582,34.2213],[-78.0591,34.2207],[-78.0594,34.2227],[-78.0606,34.2208],[-78.0622,34.2204],[-78.0623,34.2189],[-78.0541,34.2164],[-78.0539,34.2192],[-78.0524,34.2199],[-78.0519,34.2197],[-78.0519,34.2212],[-78.0503,34.2206],[-78.0511,34.2196],[-78.0519,34.2197]]]},"properties":{"OBJECTID":5067},"id":5067},
{"type":"Feature","geometry":{"type":"Polygon","coordinates":[[[-80.413,35.6963],[-80.4133,35.6957],[-80.4126,35.6956],[-80.413,35.6963]]]},"properties":{"OBJECTID":5069},"id":5069},
{"type":"Feature","geometry":{"type":"Polygon","coordinates":[[[-78.8959,35.6292],[-78.8971,35.6289],[-78.8977,35.628],[-78.8979,35.6216],[-78.8966,35.6217],[-78.8958,35.6225],[-78.8951,35.624],[-78.8917,35.6239],[-78.8917,35.6261],[-78.8921,35.6278],[-78.8934,35.628],[-78.895,35.6278],[-78.8947,35.6299],[-78.8959,35.6292]]]},"properties":{"OBJECTID":5071},"id":5071},
{"type":"Feature","geometry":{"type":"Polygon","coordinates":[[[-78.8875,35.7136],[-78.8898,35.7136],[-78.8897,35.7122],[-78.8901,35.7084],[-78.8893,35.7082],[-78.8899,35.7064],[-78.8899,35.7054],[-78.889,35.7054],[-78.8892,35.7029],[-78.8881,35.703],[-78.8876,35.7023],[-78.8863,35.703],[-78.886,35.7025],[-78.8859,35.7004],[-78.8836,35.6999],[-78.881,35.6979],[-78.8803,35.6972],[-78.88,35.6957],[-78.8808,35.694],[-78.881,35.6926],[-78.8705,35.6978],[-78.8672,35.6994],[-78.8674,35.6989],[-78.869,35.6977],[-78.869,35.6938],[-78.8736,35.6936],[-78.8733,35.6915],[-78.8725,35.6903],[-78.8724,35.6894],[-78.8764,35.6905],[-78.8765,35.6862],[-78.8861,35.6864],[-78.8859,35.6917],[-78.8915,35.6918],[-78.8915,35.6888],[-78.8906,35.6882],[-78.8916,35.6869],[-78.8906,35.6863],[-78.8886,35.686],[-78.8875,35.6852],[-78.8865,35.6826],[-78.8855,35.6815],[-78.8839,35.6812],[-78.882,35.6805],[-78.8796,35.6804],[-78.8762,35.6777],[-78.875,35.6773],[-78.8755,35.6752],[-78.8763,35.6741],[-78.8787,35.6743],[-78.8785,35.6739],[-78.8804,35.6728],[-78.8815,35.6715],[-78.8827,35.6707],[-78.8832,35.6698],[-78.884,35.6671],[-78.883,35.6662],[-78.884,35.6655],[-78.8852,35.6637],[-78.8864,35.6625],[-78.8865,35.6611],[-78.887,35.6606],[-78.8866,35.6594],[-78.8849,35.6594],[-78.8848,35.6588],[-78.8864,35.6585],[-78.8874,35.6581],[-78.8871,35.656],[-78.8882,35.6556],[-78.8847,35.6548],[-78.883,35.6547],[-78.884,35.6538],[-78.8845,35.6527],[-78.8868,35.6528],[-78.8868,35.6494],[-78.8858,35.6487],[-78.8859,35.6466],[-78.8838,35.6463],[-78.8826,35.6459],[-78.8825,35.6477],[-78.8796,35.6453],[-78.8777,35.6454],[-78.8765,35.6465],[-78.8755,35.645],[-78.8745,35.6457],[-78.8745,35.6485],[-78.8761,35.6501],[-78.8802,35.6502],[-78.8801,35.6523],[-78.8815,35.6524],[-78.881,35.6549],[-78.8786,35.6565],[-78.8762,35.6574],[-78.8739,35.6579],[-78.8698,35.6581],[-78.8685,35.6594],[-78.8675,35.6594],[-78.8674,35.6601],[-78.8653,35.6606],[-78.8654,35.6593],[-78.8604,35.6592],[-78.8562,35.6596],[-78.8551,35.6591],[-78.8555,35.6559],[-78.8565,35.6558],[-78.8613,35.6559],[-78.8649,35.6561],[-78.8664,35.6583],[-78.8664,35.6549],[-78.8703,35.655],[-78.87,35.6518],[-78.872,35.6511],[-78.8733,35.651],[-78.8736,35.6506],[-78.873,35.6495],[-78.8726,35.6468],[-78.8669,35.6479],[-78.8658,35.6485],[-78.8627,35.6485],[-78.8627,35.6495],[-78.8604,35.6495],[-78.8605,35.647],[-78.8596,35.6469],[-78.8595,35.648],[-78.8539,35.648],[-78.8539,35.644],[-78.8521,35.645],[-78.851,35.6452],[-78.8514,35.6436],[-78.8504,35.6423],[-78.8486,35.642],[-78.8493,35.6407],[-78.8447,35.6379],[-78.8467,35.6352],[-78.8484,35.6338],[-78.8504,35.6326],[-78.8517,35.6322],[-78.8522,35.6286],[-78.8528,35.6272],[-78.8497,35.6272],[-78.8498,35.6214],[-78.8513,35.6214],[-78.8513,35.6198],[-78.853,35.62],[-78.8531,35.6172],[-78.8538,35.6172],[-78.8539,35.6156],[-78.8517,35.6156],[-78.8518,35.6127],[-78.8441,35.6127],[-78.8442,35.6142],[-78.8423,35.6141],[-78.8421,35.6184],[-78.8434,35.6184],[-78.8434,35.6199],[-78.8442,35.6199],[-78.8445,35.6223],[-78.8442,35.6241],[-78.8445,35.6251],[-78.8435,35.6251],[-78.8414,35.6256],[-78.8406,35.6255],[-78.8402,35.628],[-78.839,35.6307],[-78.8385,35.6299],[-78.8327,35.6299],[-78.8327,35.6254],[-78.8311,35.6248],[-78.827,35.6227],[-78.8199,35.6279],[-78.8178,35.6283],[-78.8177,35.6276],[-78.8169,35.6251],[-78.8199,35.6251],[-78.8179,35.6221],[-78.8167,35.6223],[-78.8145,35.6192],[-78.8143,35.6176],[-78.8116,35.6155],[-78.8098,35.6138],[-78.8101,35.6126],[-78.8117,35.6123],[-78.8113,35.614],[-78.8134,35.6146],[-78.8137,35.6133],[-78.8134,35.6146],[-78.813,35.6159],[-78.8146,35.6166],[-78.8143,35.6173],[-78.8158,35.6189],[-78.8162,35.6186],[-78.8177,35.6197],[-78.8188,35.6164],[-78.82,35.6153],[-78.8201,35.6141],[-78.82,35.6117],[-78.8188,35.611],[-78.8145,35.6109],[-78.815,35.6105],[-78.815,35.6093],[-78.8136,35.6078],[-78.8127,35.6073],[-78.8129,35.6001],[-78.8098,35.6001],[-78.8117,35.5993],[-78.8118,35.5919],[-78.8119,35.5879],[-78.8127,35.5871],[-78.8141,35.5866],[-78.8147,35.5871],[-78.8146,35.5909],[-78.8172,35.591],[-78.8188,35.5936],[-78.8188,35.597],[-78.818,35.597],[-78.8181,35.5984],[-78.8169,35.5983],[-78.8169,35.6002],[-78.8166,35.6015],[-78.8161,35.602],[-78.8156,35.6037],[-78.8168,35.6035],[-78.8207,35.6035],[-78.8211,35.6012],[-78.8225,35.6007],[-78.822,35.5987],[-78.8221,35.597],[-78.8206,35.597],[-78.8206,35.5964],[-78.824,35.5965],[-78.824,35.5951],[-78.8231,35.5942],[-78.8214,35.5942],[-78.8208,35.5933],[-78.8207,35.5921],[-78.8195,35.5907],[-78.8185,35.59],[-78.8171,35.5899],[-78.8171,35.5887],[-78.8197,35.5888],[-78.8206,35.5881],[-78.8191,35.5867],[-78.8204,35.5867],[-78.8204,35.585],[-78.8155,35.585],[-78.8175,35.584],[-78.8231,35.5816],[-78.8272,35.5833],[-78.8282,35.581],[-78.8273,35.5798],[-78.8248,35.5808],[-78.8218,35.5807],[-78.821,35.5797],[-78.818,35.5802],[-78.8179,35.5794],[-78.8168,35.5794],[-78.817,35.5771],[-78.8178,35.5762],[-78.8173,35.5755],[-78.8153,35.5751],[-78.8169,35.5741],[-78.8187,35.5733],[-78.8192,35.5756],[-78.8202,35.5753],[-78.8199,35.5732],[-78.8238,35.5732],[-78.8241,35.5743],[-78.825,35.5749],[-78.8269,35.5753],[-78.8278,35.576],[-78.8302,35.5771],[-78.8302,35.576],[-78.8326,35.5759],[-78.8324,35.5729],[-78.8326,35.5715],[-78.8338,35.5712],[-78.8359,35.5723],[-78.8383,35.5701],[-78.8383,35.5689],[-78.8388,35.5685],[-78.8371,35.5673],[-78.837,35.5689],[-78.8319,35.5686],[-78.8317,35.5705],[-78.8309,35.5706],[-78.8301,35.5696],[-78.8269,35.5695],[-78.8199,35.5692],[-78.8199,35.57],[-78.8186,35.5699],[-78.8182,35.5668],[-78.8166,35.5655],[-78.8125,35.5654],[-78.8109,35.5655],[-78.8095,35.5665],[-78.8082,35.5659],[-78.8083,35.5635],[-78.8058,35.5635],[-78.805,35.5638],[-78.8039,35.5629],[-78.8026,35.5636],[-78.8043,35.5646],[-78.8023,35.5669],[-78.8018,35.5666],[-78.8012,35.5683],[-78.7992,35.5684],[-78.7997,35.5677],[-78.7975,35.5667],[-78.7916,35.5666],[-78.7923,35.5684],[-78.7923,35.5693],[-78.7901,35.5692],[-78.7891,35.5709],[-78.7864,35.5671],[-78.786,35.5655],[-78.7824,35.5655],[-78.7826,35.5628],[-78.7891,35.5628],[-78.79,35.5599],[-78.7883,35.5596],[-78.7871,35.5589],[-78.7862,35.5568],[-78.7892,35.5571],[-78.7897,35.5559],[-78.7921,35.5558],[-78.7927,35.5544],[-78.7937,35.5541],[-78.7912,35.5522],[-78.7888,35.5522],[-78.7887,35.5533],[-78.7854,35.5533],[-78.7846,35.5531],[-78.7842,35.5523],[-78.7803,35.5528],[-78.7803,35.5531],[-78.7766,35.5529],[-78.7773,35.5556],[-78.7768,35.5581],[-78.769,35.5579],[-78.7688,35.5566],[-78.7672,35.556],[-78.7668,35.5545],[-78.7668,35.553],[-78.7647,35.5529],[-78.7645,35.5509],[-78.7654,35.5495],[-78.7687,35.5496],[-78.7688,35.5488],[-78.7758,35.549],[-78.7766,35.5487],[-78.7768,35.5468],[-78.7758,35.5464],[-78.7671,35.5464],[-78.7672,35.5454],[-78.764,35.5454],[-78.7639,35.5442],[-78.7575,35.5444],[-78.7575,35.5457],[-78.7565,35.5458],[-78.7566,35.5486],[-78.7552,35.5489],[-78.7556,35.5504],[-78.7571,35.5505],[-78.7572,35.5512],[-78.7559,35.5511],[-78.7564,35.5526],[-78.762,35.5526],[-78.7637,35.5533],[-78.7635,35.5544],[-78.7577,35.5542],[-78.7572,35.555],[-78.7559,35.5548],[-78.7549,35.5566],[-78.7559,35.5569],[-78.7553,35.5582],[-78.7618,35.5585],[-78.7619,35.5574],[-78.7633,35.5574],[-78.7632,35.5586],[-78.7642,35.5586],[-78.7652,35.5592],[-78.7652,35.5602],[-78.7642,35.5602],[-78.764,35.5627],[-78.7715,35.5629],[-78.7718,35.5641],[-78.7748,35.5644],[-78.7741,35.5671],[-78.7771,35.5668],[-78.7794,35.5673],[-78.7794,35.5688],[-78.7782,35.5687],[-78.7781,35.5714],[-78.7763,35.5714],[-78.7761,35.572],[-78.776,35.5752],[-78.778,35.5753],[-78.7777,35.5771],[-78.7776,35.5808],[-78.7725,35.5751],[-78.77,35.5751],[-78.7706,35.5767],[-78.7693,35.5767],[-78.7694,35.575],[-78.7601,35.5748],[-78.756,35.5747],[-78.7555,35.5696],[-78.7547,35.5693],[-78.7517,35.5692],[-78.7517,35.5686],[-78.7504,35.5681],[-78.7473,35.5663],[-78.7474,35.569],[-78.7417,35.569],[-78.7426,35.5702],[-78.7422,35.5714],[-78.7411,35.5715],[-78.7399,35.5708],[-78.7386,35.5707],[-78.7363,35.5713],[-78.7366,35.5724],[-78.7352,35.5724],[-78.735,35.5774],[-78.7341,35.5774],[-78.7342,35.5758],[-78.7323,35.5748],[-78.7321,35.5739],[-78.7311,35.5736],[-78.7265,35.5732],[-78.7272,35.5725],[-78.7257,35.5717],[-78.7263,35.5734],[-78.7296,35.5763],[-78.7307,35.5763],[-78.7331,35.578],[-78.7341,35.5775],[-78.735,35.5776],[-78.735,35.5784],[-78.7389,35.5787],[-78.7386,35.5806],[-78.7382,35.581],[-78.7405,35.5829],[-78.7404,35.5853],[-78.7398,35.5853],[-78.7396,35.5879],[-78.7408,35.5881],[-78.7407,35.5891],[-78.7396,35.589],[-78.7395,35.591],[-78.7464,35.5912],[-78.7464,35.5915],[-78.7498,35.5929],[-78.7492,35.594],[-78.7501,35.5948],[-78.7561,35.5984],[-78.7513,35.6021],[-78.7478,35.605],[-78.7461,35.6039],[-78.7454,35.6045],[-78.7455,35.6057],[-78.7463,35.6064],[-78.7428,35.6094],[-78.7407,35.611],[-78.7392,35.6125],[-78.7385,35.6128],[-78.7368,35.6146],[-78.7352,35.6149],[-78.7344,35.6141],[-78.7333,35.6148],[-78.7326,35.6145],[-78.7298,35.6144],[-78.728,35.6133],[-78.7267,35.6129],[-78.7259,35.6132],[-78.7251,35.6144],[-78.725,35.6152],[-78.7259,35.6153],[-78.7257,35.6163],[-78.7267,35.6168],[-78.7266,35.6181],[-78.7289,35.6182],[-78.7295,35.6194],[-78.7291,35.6205],[-78.7246,35.6237],[-78.7234,35.6232],[-78.7233,35.6246],[-78.722,35.6244],[-78.7179,35.6242],[-78.7191,35.6207],[-78.7198,35.6192],[-78.7155,35.619],[-78.7142,35.6225],[-78.7164,35.6241],[-78.7153,35.6262],[-78.7152,35.6285],[-78.7165,35.628],[-78.7178,35.6246],[-78.7219,35.6247],[-78.7232,35.6253],[-78.7206,35.6271],[-78.7207,35.6279],[-78.7216,35.6286],[-78.7211,35.6291],[-78.7218,35.6297],[-78.7227,35.6297],[-78.7202,35.6339],[-78.719,35.6336],[-78.7178,35.6339],[-78.7165,35.6354],[-78.7146,35.6348],[-78.7157,35.632],[-78.7148,35.6317],[-78.714,35.633],[-78.7135,35.6332],[-78.7118,35.6323],[-78.7105,35.6352],[-78.7102,35.6352],[-78.7083,35.6393],[-78.7129,35.6392],[-78.7136,35.6374],[-78.7109,35.637],[-78.7123,35.6353],[-78.713,35.6354],[-78.712,35.6368],[-78.7138,35.6371],[-78.7187,35.6383],[-78.7191,35.6372],[-78.7208,35.6373],[-78.721,35.6342],[-78.7221,35.6347],[-78.7226,35.6341],[-78.7236,35.6344],[-78.7241,35.635],[-78.7257,35.6344],[-78.7278,35.6339],[-78.7285,35.6326],[-78.7278,35.632],[-78.7285,35.6311],[-78.7286,35.6298],[-78.7302,35.6304],[-78.7302,35.6298],[-78.7287,35.6295],[-78.7265,35.6279],[-78.727,35.627],[-78.726,35.6267],[-78.7269,35.6251],[-78.7285,35.625],[-78.7284,35.6235],[-78.727,35.6225],[-78.7349,35.6167],[-78.737,35.6149],[-78.7384,35.6142],[-78.7399,35.6126],[-78.7468,35.6065],[-78.7476,35.6071],[-78.749,35.6059],[-78.7484,35.6053],[-78.7505,35.6035],[-78.7516,35.6053],[-78.7521,35.6049],[-78.753,35.6068],[-78.7537,35.6071],[-78.7543,35.6081],[-78.7552,35.6082],[-78.7571,35.6075],[-78.7566,35.6094],[-78.7577,35.6097],[-78.76,35.6098],[-78.7599,35.6074],[-78.7596,35.6066],[-78.7595,35.6042],[-78.7601,35.6041],[-78.7603,35.602],[-78.7563,35.602],[-78.7563,35.6011],[-78.754,35.6008],[-78.7569,35.5986],[-78.7578,35.5986],[-78.7617,35.5976],[-78.7617,35.5986],[-78.7644,35.5986],[-78.7636,35.598],[-78.7636,35.597],[-78.7704,35.5949],[-78.7703,35.5988],[-78.7716,35.5988],[-78.7716,35.5976],[-78.7724,35.596],[-78.7723,35.5945],[-78.774,35.5938],[-78.7742,35.5949],[-78.7745,35.5989],[-78.7753,35.5989],[-78.7752,35.6004],[-78.7745,35.6004],[-78.7745,35.5993],[-78.7734,35.5993],[-78.7724,35.5988],[-78.7723,35.6005],[-78.7745,35.6006],[-78.7744,35.6015],[-78.7754,35.6015],[-78.7763,35.602],[-78.777,35.6013],[-78.7765,35.6006],[-78.7801,35.6006],[-78.7811,35.6002],[-78.7847,35.6024],[-78.7848,35.599],[-78.786,35.599],[-78.7859,35.6006],[-78.7861,35.6019],[-78.7894,35.6019],[-78.7893,35.6031],[-78.7848,35.603],[-78.7846,35.6059],[-78.7833,35.6049],[-78.7796,35.6051],[-78.7778,35.6055],[-78.7751,35.6071],[-78.7804,35.6059],[-78.7802,35.6095],[-78.7839,35.6096],[-78.7837,35.6127],[-78.7885,35.6127],[-78.7889,35.6117],[-78.7922,35.6117],[-78.7922,35.6106],[-78.8008,35.6107],[-78.7986,35.6123],[-78.7981,35.6131],[-78.7969,35.6159],[-78.7977,35.616],[-78.7977,35.617],[-78.802,35.6169],[-78.8029,35.6174],[-78.8037,35.619],[-78.8021,35.6192],[-78.8017,35.6198],[-78.8,35.6205],[-78.799,35.6193],[-78.7976,35.6198],[-78.796,35.6181],[-78.7958,35.6202],[-78.7962,35.6203],[-78.7988,35.6222],[-78.8,35.6229],[-78.7999,35.6235],[-78.7985,35.6236],[-78.7977,35.6241],[-78.7967,35.6254],[-78.7951,35.6253],[-78.7949,35.6283],[-78.7966,35.6296],[-78.7991,35.6299],[-78.7999,35.6302],[-78.8006,35.6311],[-78.8025,35.6332],[-78.8025,35.6319],[-78.8036,35.6317],[-78.8038,35.6326],[-78.8045,35.6334],[-78.8058,35.6332],[-78.8067,35.6336],[-78.8059,35.6355],[-78.8069,35.6364],[-78.8068,35.637],[-78.8061,35.6385],[-78.8024,35.6393],[-78.8029,35.6356],[-78.8014,35.6363],[-78.8,35.6362],[-78.7986,35.637],[-78.8007,35.6395],[-78.802,35.6406],[-78.8029,35.641],[-78.8012,35.6434],[-78.7984,35.6452],[-78.7975,35.6454],[-78.7969,35.6461],[-78.7952,35.6466],[-78.7943,35.6478],[-78.7943,35.6484],[-78.7957,35.6493],[-78.7959,35.6501],[-78.795,35.652],[-78.7943,35.6524],[-78.793,35.6512],[-78.7911,35.6505],[-78.7889,35.6512],[-78.7886,35.6522],[-78.789,35.6527],[-78.7893,35.6539],[-78.7927,35.6551],[-78.7899,35.6559],[-78.7913,35.6584],[-78.7864,35.6582],[-78.7864,35.6566],[-78.7858,35.6554],[-78.7897,35.6556],[-78.7886,35.6538],[-78.7871,35.6539],[-78.7875,35.6532],[-78.7867,35.6525],[-78.7857,35.6502],[-78.785,35.6506],[-78.7843,35.6501],[-78.7849,35.6495],[-78.7845,35.649],[-78.7844,35.6473],[-78.7841,35.6457],[-78.783,35.6452],[-78.7807,35.6449],[-78.7808,35.6474],[-78.7783,35.6496],[-78.7782,35.6511],[-78.7771,35.6516],[-78.7758,35.6501],[-78.7748,35.6495],[-78.7733,35.6494],[-78.7709,35.6489],[-78.7689,35.6504],[-78.7661,35.6503],[-78.7647,35.6495],[-78.7629,35.6492],[-78.7615,35.6495],[-78.7604,35.6471],[-78.7584,35.6474],[-78.7569,35.6469],[-78.7551,35.6471],[-78.7546,35.6463],[-78.7539,35.6462],[-78.7534,35.6449],[-78.7525,35.6454],[-78.753,35.6471],[-78.7524,35.6495],[-78.7525,35.6511],[-78.7519,35.6529],[-78.7528,35.654],[-78.7521,35.6571],[-78.7524,35.6576],[-78.7515,35.6593],[-78.7516,35.6605],[-78.7511,35.6617],[-78.7502,35.6621],[-78.749,35.662],[-78.7487,35.6682],[-78.7476,35.6682],[-78.7475,35.6696],[-78.7467,35.6696],[-78.7459,35.6704],[-78.7458,35.6725],[-78.7485,35.6727],[-78.7522,35.6727],[-78.7523,35.6692],[-78.7553,35.6695],[-78.7575,35.6698],[-78.7574,35.6728],[-78.7571,35.6736],[-78.7556,35.6751],[-78.7554,35.676],[-78.7555,35.6775],[-78.7554,35.6798],[-78.756,35.6809],[-78.756,35.6831],[-78.7553,35.6857],[-78.7469,35.6845],[-78.7449,35.6839],[-78.7438,35.6831],[-78.743,35.6821],[-78.7399,35.6787],[-78.739,35.6779],[-78.7333,35.6761],[-78.7305,35.6754],[-78.729,35.6747],[-78.727,35.6733],[-78.7254,35.6728],[-78.7235,35.6725],[-78.7218,35.6725],[-78.7165,35.6728],[-78.7146,35.6732],[-78.7133,35.6734],[-78.7112,35.673],[-78.7081,35.6716],[-78.7156,35.6719],[-78.7157,35.6689],[-78.719,35.6689],[-78.7191,35.6636],[-78.7185,35.6632],[-78.7165,35.6631],[-78.7162,35.664],[-78.7151,35.665],[-78.7158,35.6654],[-78.7157,35.6685],[-78.7118,35.6684],[-78.7127,35.6679],[-78.7117,35.6667],[-78.709,35.6684],[-78.7063,35.6683],[-78.7064,35.6636],[-78.7042,35.6637],[-78.7043,35.6647],[-78.7037,35.6652],[-78.7021,35.6649],[-78.7024,35.6635],[-78.7038,35.6637],[-78.7036,35.6626],[-78.701,35.6618],[-78.7012,35.6582],[-78.6959,35.6582],[-78.6957,35.6594],[-78.6949,35.6601],[-78.692,35.6584],[-78.6911,35.658],[-78.6863,35.6574],[-78.6818,35.6583],[-78.6786,35.658],[-78.6766,35.6568],[-78.6694,35.6567],[-78.6684,35.6565],[-78.6663,35.6554],[-78.6675,35.6524],[-78.6641,35.6525],[-78.6633,35.6539],[-78.6603,35.6525],[-78.6565,35.6513],[-78.652,35.6497],[-78.6468,35.647],[-78.6458,35.6459],[-78.644,35.6428],[-78.6426,35.6416],[-78.6408,35.6405],[-78.6372,35.6396],[-78.6349,35.6394],[-78.6283,35.6391],[-78.6273,35.639],[-78.6236,35.6378],[-78.619,35.6361],[-78.6139,35.6359],[-78.6136,35.636],[-78.5806,35.6556],[-78.5814,35.6519],[-78.5795,35.6513],[-78.5786,35.6507],[-78.5783,35.6531],[-78.5777,35.6551],[-78.5776,35.6574],[-78.5733,35.6599],[-78.573,35.6575],[-78.5714,35.6574],[-78.571,35.6569],[-78.5696,35.6565],[-78.5678,35.6557],[-78.5656,35.6551],[-78.5652,35.6587],[-78.5659,35.6603],[-78.567,35.6616],[-78.5677,35.6633],[-78.5636,35.6657],[-78.5557,35.6637],[-78.547,35.6613],[-78.5466,35.6627],[-78.5465,35.666],[-78.5464,35.6684],[-78.5467,35.6696],[-78.5483,35.6716],[-78.5466,35.6726],[-78.5452,35.6722],[-78.5423,35.6746],[-78.5422,35.6758],[-78.5482,35.6758],[-78.5482,35.6775],[-78.5494,35.6782],[-78.5511,35.6786],[-78.5505,35.6825],[-78.5503,35.6863],[-78.5492,35.686],[-78.5487,35.6869],[-78.5503,35.6871],[-78.5501,35.6937],[-78.5499,35.6957],[-78.5494,35.6963],[-78.5469,35.6972],[-78.5455,35.6974],[-78.5438,35.6974],[-78.5427,35.6967],[-78.543,35.6959],[-78.5414,35.6956],[-78.5418,35.6951],[-78.5373,35.6943],[-78.5373,35.6976],[-78.5389,35.6982],[-78.5414,35.6979],[-78.5415,35.6987],[-78.5387,35.7008],[-78.5338,35.7033],[-78.5377,35.7071],[-78.5417,35.7118],[-78.5445,35.7139],[-78.5452,35.7148],[-78.5474,35.7195],[-78.5468,35.7198],[-78.5463,35.7186],[-78.5443,35.7193],[-78.5419,35.7189],[-78.5416,35.7177],[-78.5418,35.7162],[-78.5384,35.7158],[-78.5381,35.7209],[-78.5388,35.7211],[-78.5391,35.7227],[-78.5405,35.723],[-78.5413,35.7216],[-78.545,35.7222],[-78.5446,35.7237],[-78.5459,35.724],[-78.5457,35.7287],[-78.5426,35.7288],[-78.5424,35.7306],[-78.5417,35.7311],[-78.5403,35.7311],[-78.5405,35.7254],[-78.5381,35.7254],[-78.5386,35.7228],[-78.5376,35.7227],[-78.5365,35.7245],[-78.5347,35.7241],[-78.5351,35.7221],[-78.5359,35.7205],[-78.5333,35.7196],[-78.5328,35.7211],[-78.5336,35.7214],[-78.5326,35.7244],[-78.5308,35.7241],[-78.5298,35.7257],[-78.5287,35.7258],[-78.5287,35.7323],[-78.5293,35.7342],[-78.5291,35.736],[-78.5282,35.7381],[-78.5274,35.7392],[-78.5335,35.7393],[-78.5335,35.7406],[-78.5354,35.7404],[-78.536,35.7394],[-78.5392,35.7394],[-78.5396,35.7403],[-78.5169,35.7543],[-78.5174,35.7575],[-78.5173,35.76],[-78.5172,35.761],[-78.5174,35.7616],[-78.5176,35.7623],[-78.5187,35.7643],[-78.522,35.7684],[-78.5227,35.7695],[-78.5236,35.7736],[-78.5194,35.7742],[-78.515,35.7735],[-78.5147,35.773],[-78.5114,35.7749],[-78.509,35.7756],[-78.5084,35.7739],[-78.5074,35.7719],[-78.5074,35.7706],[-78.5118,35.7703],[-78.5117,35.7693],[-78.5125,35.7692],[-78.5122,35.7668],[-78.5178,35.7642],[-78.5169,35.7627],[-78.5176,35.7623],[-78.5174,35.7616],[-78.5172,35.761],[-78.5173,35.76],[-78.5146,35.7607],[-78.5145,35.7605],[-78.5119,35.7613],[-78.5102,35.7622],[-78.5092,35.7647],[-78.5085,35.7637],[-78.5091,35.7625],[-78.5093,35.7613],[-78.5077,35.7605],[-78.5074,35.7541],[-78.504,35.7536],[-78.5034,35.754],[-78.504,35.7656],[-78.5045,35.7709],[-78.5057,35.7728],[-78.5046,35.7733],[-78.5034,35.7744],[-78.5018,35.7762],[-78.5028,35.7774],[-78.5021,35.7776],[-78.5013,35.7767],[-78.5007,35.7771],[-78.501,35.7779],[-78.5009,35.7804],[-78.5009,35.782],[-78.5023,35.7834],[-78.5025,35.784],[-78.5042,35.7842],[-78.505,35.7864],[-78.5039,35.787],[-78.5008,35.7872],[-78.4989,35.7877],[-78.4982,35.7883],[-78.4956,35.7893],[-78.4954,35.7826],[-78.4942,35.7823],[-78.4927,35.7824],[-78.4892,35.7836],[-78.4873,35.7851],[-78.487,35.7814],[-78.4833,35.7814],[-78.4835,35.7821],[-78.4788,35.7822],[-78.4785,35.7815],[-78.476,35.7829],[-78.4767,35.7837],[-78.4759,35.784],[-78.4758,35.7822],[-78.4737,35.7822],[-78.4737,35.789],[-78.4737,35.7926],[-78.473,35.7932],[-78.4717,35.793],[-78.4687,35.7921],[-78.4686,35.7946],[-78.4653,35.7946],[-78.4652,35.7975],[-78.4597,35.7974],[-78.4596,35.797],[-78.4563,35.7969],[-78.4562,35.8046],[-78.4562,35.8058],[-78.4569,35.8061],[-78.4573,35.808],[-78.455,35.8077],[-78.455,35.8085],[-78.4569,35.8089],[-78.4575,35.8098],[-78.4588,35.8109],[-78.4583,35.8116],[-78.4587,35.8126],[-78.4584,35.814],[-78.4593,35.8145],[-78.4602,35.8169],[-78.4604,35.8184],[-78.4597,35.8191],[-78.4598,35.821],[-78.4614,35.8206],[-78.466,35.8206],[-78.4665,35.8155],[-78.4665,35.8141],[-78.4647,35.8141],[-78.4645,35.8062],[-78.4674,35.8049],[-78.4687,35.804],[-78.4707,35.802],[-78.474,35.8019],[-78.4737,35.8028],[-78.4724,35.8026],[-78.4722,35.8035],[-78.4714,35.8033],[-78.4711,35.8046],[-78.4734,35.8048],[-78.4745,35.804],[-78.4757,35.804],[-78.4755,35.8047],[-78.4783,35.8056],[-78.4781,35.809],[-78.4771,35.8081],[-78.4746,35.8079],[-78.4733,35.8076],[-78.4717,35.8077],[-78.4718,35.8106],[-78.4726,35.8105],[-78.4741,35.8111],[-78.4734,35.8154],[-78.4781,35.8154],[-78.4809,35.8139],[-78.4808,35.8175],[-78.4848,35.8176],[-78.4851,35.8162],[-78.4865,35.8171],[-78.4872,35.8143],[-78.4853,35.8141],[-78.4853,35.8126],[-78.4886,35.8133],[-78.4905,35.8144],[-78.493,35.8152],[-78.4947,35.8122],[-78.4915,35.8101],[-78.4906,35.8099],[-78.4899,35.8105],[-78.4893,35.8123],[-78.4877,35.812],[-78.4882,35.8095],[-78.4854,35.809],[-78.4852,35.8087],[-78.4855,35.8072],[-78.4863,35.8073],[-78.4867,35.8054],[-78.4885,35.8057],[-78.4888,35.8041],[-78.4939,35.8048],[-78.4945,35.802],[-78.4961,35.8022],[-78.4963,35.8014],[-78.4984,35.8018],[-78.4988,35.7996],[-78.5016,35.7991],[-78.5033,35.7984],[-78.506,35.8032],[-78.5077,35.8035],[-78.5064,35.8011],[-78.506,35.8],[-78.5111,35.7988],[-78.5121,35.7996],[-78.5115,35.8001],[-78.512,35.8021],[-78.5105,35.8024],[-78.5106,35.8048],[-78.5117,35.8047],[-78.5117,35.808],[-78.5119,35.8092],[-78.5146,35.8091],[-78.5147,35.8119],[-78.5152,35.8129],[-78.5164,35.8128],[-78.5176,35.8142],[-78.5192,35.8148],[-78.5199,35.8155],[-78.5245,35.8135],[-78.5236,35.8155],[-78.5226,35.818],[-78.5223,35.8183],[-78.5187,35.8192],[-78.5175,35.8199],[-78.5163,35.8208],[-78.5145,35.8244],[-78.5137,35.8254],[-78.5116,35.8276],[-78.5104,35.8283],[-78.505,35.8284],[-78.504,35.8287],[-78.5033,35.8294],[-78.5018,35.8323],[-78.5015,35.8331],[-78.5016,35.8381],[-78.5011,35.8402],[-78.5016,35.8429],[-78.5011,35.8454],[-78.5009,35.8522],[-78.5007,35.8529],[-78.4988,35.8539],[-78.4972,35.8554],[-78.4959,35.8576],[-78.4939,35.86],[-78.4919,35.861],[-78.4902,35.8614],[-78.4857,35.8612],[-78.4824,35.8613],[-78.4834,35.8644],[-78.484,35.8656],[-78.4852,35.8665],[-78.4863,35.8666],[-78.4903,35.8667],[-78.496,35.8686],[-78.4967,35.8689],[-78.4974,35.87],[-78.4996,35.8717],[-78.5003,35.8729],[-78.5023,35.8793],[-78.5023,35.881],[-78.51,35.8831],[-78.5089,35.8833],[-78.5089,35.8841],[-78.51,35.8842],[-78.5097,35.8866],[-78.5081,35.8926],[-78.5076,35.8917],[-78.5082,35.8914],[-78.5085,35.8898],[-78.5072,35.8895],[-78.5074,35.889],[-78.509,35.8891],[-78.5093,35.8877],[-78.5056,35.886],[-78.5049,35.8868],[-78.5048,35.8904],[-78.505,35.8947],[-78.5066,35.8947],[-78.507,35.9008],[-78.5053,35.9059],[-78.5046,35.9102],[-78.5048,35.912],[-78.5062,35.9142],[-78.5063,35.9154],[-78.5051,35.921],[-78.5043,35.9233],[-78.5042,35.9245],[-78.5046,35.9275],[-78.5047,35.9311],[-78.505,35.9321],[-78.5067,35.9343],[-78.5071,35.9366],[-78.4982,35.9361],[-78.498,35.9353],[-78.4964,35.9346],[-78.4938,35.9345],[-78.4925,35.9337],[-78.4898,35.9335],[-78.4895,35.9347],[-78.484,35.935],[-78.4837,35.9386],[-78.4778,35.9432],[-78.4799,35.9456],[-78.4795,35.9472],[-78.4775,35.9475],[-78.4712,35.9434],[-78.4694,35.9433],[-78.4694,35.944],[-78.4681,35.9444],[-78.4661,35.9447],[-78.4645,35.9464],[-78.4663,35.9478],[-78.4663,35.9482],[-78.4621,35.9482],[-78.4622,35.9537],[-78.4658,35.9539],[-78.4656,35.956],[-78.465,35.9563],[-78.4651,35.9601],[-78.4646,35.9613],[-78.4637,35.9619],[-78.4632,35.9629],[-78.4633,35.964],[-78.4584,35.9712],[-78.463,35.9717],[-78.463,35.9758],[-78.4606,35.9768],[-78.4595,35.9769],[-78.4597,35.9782],[-78.4607,35.9781],[-78.4608,35.9789],[-78.4622,35.9788],[-78.4623,35.9804],[-78.4633,35.9804],[-78.4637,35.9823],[-78.466,35.9819],[-78.4736,35.9832],[-78.4791,35.9837],[-78.4813,35.9835],[-78.4855,35.9852],[-78.4869,35.9855],[-78.4871,35.9872],[-78.4857,35.988],[-78.4852,35.989],[-78.4823,35.9876],[-78.4802,35.9897],[-78.4798,35.9909],[-78.4784,35.9927],[-78.4764,35.9937],[-78.4758,35.9944],[-78.4754,35.997],[-78.4746,35.9991],[-78.4748,36.0014],[-78.4791,36.0061],[-78.482,36.0043],[-78.4969,36.0089],[-78.498,36.0112],[-78.4992,36.0128],[-78.5031,36.0132],[-78.5064,36.0136],[-78.5069,36.0183],[-78.5127,36.0183],[-78.5134,36.0173],[-78.5133,36.016],[-78.5124,36.0146],[-78.5131,36.0142],[-78.517,36.0146],[-78.5195,36.0099],[-78.52,36.0085],[-78.5228,36.002],[-78.5236,36.0012],[-78.5349,36.0048],[-78.5356,36.0085],[-78.5401,36.0105],[-78.5419,36.0115],[-78.5436,36.012],[-78.5533,36.0123],[-78.5529,36.0034],[-78.5502,36.0027],[-78.5374,35.9948],[-78.5378,35.994],[-78.5397,35.9918],[-78.5411,35.991],[-78.5436,35.9912],[-78.5453,35.9912],[-78.5463,35.9904],[-78.5482,35.9905],[-78.547,35.9867],[-78.5491,35.9859],[-78.5519,35.9845],[-78.5523,35.9806],[-78.546,35.98],[-78.5511,35.9754],[-78.5523,35.975],[-78.5556,35.975],[-78.5673,35.9764],[-78.5696,35.9767],[-78.5773,35.9776],[-78.6103,35.9815],[-78.6116,35.9815],[-78.6184,35.9812],[-78.6257,35.9796],[-78.6279,35.9793],[-78.6365,35.9787],[-78.6393,35.9788],[-78.6416,35.9796],[-78.6495,35.9837],[-78.6518,35.9843],[-78.6617,35.9854],[-78.6721,35.9876],[-78.6766,35.9878],[-78.6823,35.9877],[-78.6896,35.988],[-78.6928,35.9886],[-78.6959,35.989],[-78.6976,35.9889],[-78.6992,35.9884],[-78.7064,35.9851],[-78.708,35.9844],[-78.7092,35.9812],[-78.7115,35.9742],[-78.7124,35.9722],[-78.7133,35.9697],[-78.7135,35.9685],[-78.7193,35.961],[-78.7209,35.9594],[-78.7268,35.9506],[-78.7277,35.9492],[-78.7305,35.9455],[-78.7357,35.9408],[-78.7388,35.9377],[-78.7385,35.9376],[-78.7423,35.9349],[-78.7419,35.9368],[-78.7458,35.9359],[-78.7485,35.9347],[-78.7489,35.9335],[-78.751,35.9321],[-78.7517,35.9329],[-78.7537,35.9329],[-78.7537,35.9338],[-78.7558,35.9335],[-78.7557,35.932],[-78.7566,35.9312],[-78.7597,35.9278],[-78.7608,35.9265],[-78.7609,35.9256],[-78.7598,35.9248],[-78.7594,35.924],[-78.757,35.9239],[-78.7585,35.9223],[-78.7596,35.9238],[-78.7626,35.924],[-78.763,35.9225],[-78.7639,35.9206],[-78.7594,35.9202],[-78.7585,35.9205],[-78.7592,35.918],[-78.7626,35.9187],[-78.7629,35.9191],[-78.7645,35.9191],[-78.7721,35.9205],[-78.7719,35.9219],[-78.7716,35.9257],[-78.7678,35.9256],[-78.768,35.9234],[-78.7637,35.9234],[-78.7635,35.9271],[-78.7654,35.9283],[-78.7677,35.9283],[-78.7679,35.9258],[-78.7757,35.9262],[-78.7756,35.9287],[-78.7768,35.9287],[-78.7774,35.9293],[-78.7748,35.9314],[-78.7747,35.9325],[-78.7739,35.9335],[-78.7787,35.9345],[-78.7786,35.9355],[-78.778,35.9363],[-78.7827,35.9379],[-78.7872,35.9406],[-78.785,35.946],[-78.7825,35.946],[-78.7825,35.9473],[-78.7807,35.9476],[-78.7797,35.9466],[-78.7788,35.9469],[-78.7779,35.9477],[-78.7768,35.9481],[-78.7746,35.9482],[-78.7729,35.9501],[-78.7739,35.9513],[-78.7753,35.9547],[-78.7763,35.9564],[-78.7768,35.9578],[-78.778,35.9605],[-78.7787,35.9638],[-78.7803,35.9617],[-78.7822,35.9608],[-78.7826,35.9615],[-78.7837,35.961],[-78.7843,35.9621],[-78.7852,35.9619],[-78.7847,35.9607],[-78.7896,35.9588],[-78.7913,35.9565],[-78.7915,35.9558],[-78.7928,35.9557],[-78.7926,35.9574],[-78.7948,35.9586],[-78.7942,35.9594],[-78.792,35.9582],[-78.7902,35.9601],[-78.7885,35.9608],[-78.79,35.9625],[-78.783,35.9646],[-78.7801,35.9661],[-78.7786,35.9686],[-78.7786,35.9703],[-78.7807,35.9764],[-78.7815,35.9803],[-78.7798,35.9802],[-78.7793,35.9806],[-78.7793,35.9825],[-78.7763,35.9827],[-78.7738,35.9827],[-78.7754,35.9816],[-78.7763,35.9816],[-78.7777,35.9812],[-78.7788,35.9803],[-78.7791,35.9779],[-78.7777,35.9777],[-78.7776,35.9769],[-78.774,35.9775],[-78.7597,35.9825],[-78.7596,35.9871],[-78.7707,35.9873],[-78.7709,35.9871],[-78.7751,35.9872],[-78.7751,35.986],[-78.7825,35.9861],[-78.7958,36.0578],[-78.8341,36.0538],[-78.8355,36.0662],[-78.7929,36.0772],[-78.7933,36.0778],[-78.7914,36.0798],[-78.791,36.0813],[-78.792,36.0829],[-78.7925,36.0856],[-78.7937,36.0867],[-78.7948,36.086],[-78.7979,36.0843],[-78.7985,36.0843],[-78.8013,36.0854],[-78.8051,36.0866],[-78.8069,36.0869],[-78.8076,36.0876],[-78.8069,36.0885],[-78.8051,36.0884],[-78.8033,36.0889],[-78.8033,36.0902],[-78.8047,36.0914],[-78.8049,36.094],[-78.8047,36.0943],[-78.8043,36.1122],[-78.8041,36.1251],[-78.8042,36.1363],[-78.8572,36.1392],[-78.9174,36.1277],[-78.9691,36.1305],[-78.9708,36.1205],[-78.9719,36.1146],[-78.9724,36.1124],[-78.9752,36.0964],[-78.9759,36.093],[-78.9766,36.0901],[-78.9774,36.0854],[-78.9775,36.0803],[-78.9781,36.0793],[-78.9789,36.0767],[-78.9789,36.0752],[-78.9801,36.0676],[-78.9808,36.0643],[-78.9813,36.0605],[-78.9822,36.057],[-78.9826,36.0563],[-78.9829,36.0518],[-78.9839,36.0503],[-78.9839,36.0498],[-78.9877,36.0501],[-78.9928,36.0513],[-79.0119,36.0586],[-79.0165,36.0579],[-79.019,36.0578],[-79.0213,36.0584],[-79.0235,36.0575],[-79.0249,36.0564],[-79.0248,36.054],[-79.0252,36.0523],[-79.0259,36.0517],[-79.0283,36.0514],[-79.0291,36.0507],[-79.0299,36.0494],[-79.0401,36.0239],[-79.0733,36.0152],[-79.0873,36.0016],[-79.081,35.9688],[-79.0773,35.9534],[-79.0793,35.9531],[-79.0796,35.951],[-79.0785,35.9498],[-79.0804,35.9493],[-79.082,35.948],[-79.0822,35.9493],[-79.0802,35.9511],[-79.0809,35.953],[-79.0819,35.9565],[-79.0825,35.9575],[-79.0841,35.9591],[-79.0872,35.9616],[-79.0883,35.9637],[-79.0899,35.9647],[-79.0906,35.9647],[-79.0929,35.9586],[-79.0956,35.9586],[-79.0956,35.9566],[-79.0988,35.9566],[-79.0989,35.9586],[-79.1074,35.9586],[-79.108,35.9541],[-79.1066,35.9541],[-79.1061,35.9513],[-79.1058,35.9486],[-79.1064,35.9485],[-79.1061,35.9469],[-79.1018,35.947],[-79.1018,35.946],[-79.0981,35.9461],[-79.0981,35.9444],[-79.0986,35.9436],[-79.0965,35.9433],[-79.0966,35.9427],[-79.1285,35.9368],[-79.158,35.868],[-79.1564,35.8679],[-79.153,35.8675],[-79.1486,35.8671],[-79.1331,35.8657],[-79.1333,35.8651],[-79.1271,35.8646],[-79.1213,35.8641],[-79.12,35.8644],[-79.1118,35.8635],[-79.1024,35.8628],[-79.0944,35.8619],[-79.0883,35.8614],[-79.0811,35.8611],[-79.0793,35.8613],[-79.0687,35.8616],[-79.0646,35.8619],[-79.0561,35.8621],[-79.0488,35.8626],[-79.0418,35.8628],[-79.0331,35.8628],[-79.0321,35.863],[-79.0242,35.8634],[-79.0163,35.8636],[-79.0163,35.8631],[-79.007,35.8637],[-78.9818,35.8649],[-78.9759,35.8651],[-78.9533,35.8661],[-78.9471,35.8662],[-78.9437,35.8665],[-78.9318,35.8668],[-78.9212,35.8675],[-78.9148,35.8678],[-78.906,35.8679],[-78.9086,35.848],[-78.9161,35.848],[-78.9162,35.8454],[-78.9196,35.8459],[-78.921,35.8457],[-78.9225,35.8385],[-78.9197,35.8385],[-78.9218,35.8372],[-78.9218,35.8363],[-78.9229,35.8357],[-78.9227,35.8346],[-78.9209,35.8348],[-78.9197,35.8346],[-78.9174,35.8347],[-78.9184,35.8336],[-78.9205,35.8332],[-78.9216,35.8337],[-78.9225,35.8335],[-78.9244,35.8322],[-78.9248,35.8312],[-78.9248,35.8301],[-78.9261,35.8299],[-78.9243,35.8276],[-78.9209,35.8304],[-78.918,35.8304],[-78.9164,35.83],[-78.9184,35.8293],[-78.9208,35.8293],[-78.9226,35.828],[-78.9221,35.8267],[-78.9221,35.8254],[-78.9212,35.8249],[-78.9188,35.825],[-78.9181,35.8241],[-78.9172,35.8223],[-78.9182,35.8218],[-78.9187,35.8232],[-78.9212,35.8238],[-78.9218,35.8241],[-78.9253,35.8269],[-78.9264,35.8243],[-78.9288,35.8275],[-78.9297,35.8275],[-78.9296,35.8256],[-78.9277,35.8184],[-78.9278,35.8169],[-78.924,35.816],[-78.9212,35.8159],[-78.9202,35.8153],[-78.92,35.8173],[-78.9187,35.8199],[-78.918,35.8202],[-78.9195,35.8165],[-78.92,35.8164],[-78.9201,35.8149],[-78.9198,35.8135],[-78.9217,35.812],[-78.9202,35.8115],[-78.9204,35.8109],[-78.9221,35.8118],[-78.9249,35.8127],[-78.9248,35.814],[-78.9252,35.8145],[-78.9251,35.816],[-78.9274,35.8166],[-78.9279,35.8162],[-78.9295,35.8077],[-78.9295,35.8061],[-78.9273,35.8029],[-78.9255,35.8007],[-78.9241,35.7981],[-78.9218,35.7985],[-78.9213,35.7979],[-78.9215,35.7949],[-78.9239,35.7937],[-78.9252,35.7936],[-78.9288,35.7939],[-78.9288,35.7906],[-78.9304,35.7906],[-78.9304,35.788],[-78.9358,35.7881],[-78.9354,35.7914],[-78.9372,35.7918],[-78.9371,35.7935],[-78.9429,35.7937],[-78.9431,35.7919],[-78.9407,35.7918],[-78.9409,35.788],[-78.9369,35.7881],[-78.9355,35.7861],[-78.9349,35.7837],[-78.9324,35.7834],[-78.9324,35.7828],[-78.9336,35.7829],[-78.9342,35.7805],[-78.9337,35.7799],[-78.9326,35.7806],[-78.9318,35.7802],[-78.9305,35.7816],[-78.9294,35.7823],[-78.9279,35.7822],[-78.9277,35.7839],[-78.9306,35.7843],[-78.9306,35.7863],[-78.9298,35.7863],[-78.9297,35.7878],[-78.9285,35.7896],[-78.926,35.7903],[-78.926,35.7891],[-78.9253,35.7882],[-78.9236,35.7893],[-78.9237,35.7868],[-78.923,35.7859],[-78.9224,35.7838],[-78.9209,35.7838],[-78.9209,35.7824],[-78.9218,35.7816],[-78.9236,35.7818],[-78.9241,35.7812],[-78.9263,35.7812],[-78.9263,35.7781],[-78.9293,35.7781],[-78.9293,35.7721],[-78.9288,35.772],[-78.9285,35.7706],[-78.927,35.7701],[-78.9271,35.769],[-78.9231,35.7689],[-78.9239,35.7726],[-78.9252,35.7724],[-78.9253,35.7731],[-78.9241,35.7735],[-78.9245,35.7755],[-78.9246,35.7779],[-78.924,35.7794],[-78.9238,35.7745],[-78.923,35.7739],[-78.9217,35.7743],[-78.9217,35.7727],[-78.9235,35.7726],[-78.923,35.7701],[-78.9218,35.7701],[-78.9218,35.7688],[-78.9169,35.7687],[-78.9156,35.7687],[-78.9144,35.7694],[-78.9128,35.7693],[-78.9105,35.7685],[-78.9077,35.7692],[-78.9077,35.7666],[-78.903,35.7666],[-78.9029,35.7674],[-78.9058,35.7681],[-78.9061,35.7695],[-78.9042,35.7686],[-78.9037,35.7693],[-78.9021,35.7694],[-78.9018,35.7711],[-78.904,35.7712],[-78.9055,35.7715],[-78.9056,35.7723],[-78.904,35.7723],[-78.904,35.7717],[-78.9017,35.7716],[-78.9013,35.7718],[-78.8995,35.7709],[-78.8968,35.7704],[-78.8966,35.7676],[-78.8966,35.765],[-78.8961,35.765],[-78.8948,35.754],[-78.8945,35.7529],[-78.8946,35.7467],[-78.9009,35.746],[-78.901,35.7449],[-78.903,35.7448],[-78.9029,35.7501],[-78.9037,35.7501],[-78.9036,35.7512],[-78.9048,35.7512],[-78.9065,35.7501],[-78.9102,35.7494],[-78.9123,35.7494],[-78.9123,35.7483],[-78.9147,35.7463],[-78.9146,35.7426],[-78.9139,35.7424],[-78.9135,35.7412],[-78.9125,35.7413],[-78.9123,35.7451],[-78.9048,35.7458],[-78.9051,35.7453],[-78.905,35.742],[-78.9064,35.7418],[-78.9065,35.7411],[-78.9078,35.7407],[-78.9107,35.7404],[-78.911,35.7375],[-78.9095,35.7376],[-78.9086,35.7373],[-78.9067,35.7376],[-78.9067,35.7363],[-78.911,35.7363],[-78.9113,35.7372],[-78.9126,35.7374],[-78.9135,35.7366],[-78.9155,35.7358],[-78.9165,35.7348],[-78.9182,35.7343],[-78.9173,35.7323],[-78.9156,35.7313],[-78.9153,35.7303],[-78.9123,35.7304],[-78.9119,35.7285],[-78.913,35.7262],[-78.9126,35.7254],[-78.9127,35.7221],[-78.914,35.7221],[-78.9141,35.72],[-78.9157,35.72],[-78.9158,35.7181],[-78.9196,35.7182],[-78.9195,35.7195],[-78.9224,35.7198],[-78.9228,35.7191],[-78.9245,35.7195],[-78.9256,35.7186],[-78.926,35.715],[-78.9293,35.7149],[-78.9292,35.7162],[-78.9352,35.7166],[-78.9346,35.7137],[-78.9337,35.7131],[-78.93,35.7097],[-78.929,35.7092],[-78.9265,35.7086],[-78.9252,35.708],[-78.9233,35.7065],[-78.9231,35.7058],[-78.9229,35.7027],[-78.9209,35.7038],[-78.9208,35.701],[-78.9224,35.701],[-78.9234,35.6996],[-78.9239,35.698],[-78.9265,35.6988],[-78.9268,35.6973],[-78.9261,35.6968],[-78.9263,35.6941],[-78.9283,35.6932],[-78.9287,35.6932],[-78.9289,35.6912],[-78.9346,35.6914],[-78.935,35.6916],[-78.9349,35.6944],[-78.9367,35.6946],[-78.9381,35.695],[-78.9397,35.6953],[-78.9411,35.6961],[-78.9417,35.6954],[-78.9412,35.6936],[-78.9403,35.6922],[-78.9394,35.6902],[-78.9378,35.6904],[-78.9378,35.6891],[-78.9392,35.6889],[-78.9389,35.6878],[-78.9395,35.6876],[-78.9439,35.6869],[-78.9438,35.6897],[-78.9455,35.6889],[-78.9469,35.6895],[-78.9479,35.6894],[-78.9486,35.6888],[-78.9488,35.6908],[-78.9504,35.6908],[-78.9514,35.6896],[-78.9499,35.6895],[-78.9496,35.6881],[-78.9505,35.6878],[-78.9533,35.6862],[-78.9542,35.6864],[-78.956,35.6849],[-78.957,35.6843],[-78.9604,35.683],[-78.958,35.6828],[-78.9579,35.6798],[-78.957,35.6784],[-78.9548,35.6777],[-78.9554,35.6764],[-78.9579,35.6765],[-78.9585,35.6768],[-78.9584,35.678],[-78.9607,35.6781],[-78.9627,35.6772],[-78.9644,35.6776],[-78.9666,35.6767],[-78.9676,35.677],[-78.969,35.6756],[-78.9687,35.6736],[-78.9652,35.6726],[-78.9641,35.6716],[-78.9632,35.6716],[-78.9631,35.6655],[-78.9586,35.6679],[-78.9606,35.6697],[-78.9574,35.6719],[-78.9554,35.6701],[-78.9533,35.6715],[-78.9548,35.6746],[-78.955,35.6762],[-78.9543,35.6776],[-78.9531,35.6771],[-78.9516,35.679],[-78.948,35.6788],[-78.9468,35.6784],[-78.9469,35.6758],[-78.9454,35.6761],[-78.9453,35.678],[-78.9445,35.6779],[-78.9443,35.6833],[-78.944,35.6837],[-78.938,35.6836],[-78.938,35.6858],[-78.9348,35.6863],[-78.9348,35.6854],[-78.9281,35.6856],[-78.9277,35.6922],[-78.9221,35.692],[-78.9219,35.6956],[-78.9198,35.696],[-78.9197,35.699],[-78.9162,35.6985],[-78.9163,35.6979],[-78.9058,35.6977],[-78.9056,35.7008],[-78.9078,35.7018],[-78.9104,35.7033],[-78.9122,35.704],[-78.9137,35.7043],[-78.9134,35.7064],[-78.912,35.7064],[-78.9117,35.7159],[-78.9104,35.7159],[-78.9084,35.715],[-78.9087,35.7081],[-78.9102,35.7081],[-78.9102,35.7066],[-78.9088,35.7068],[-78.9089,35.7044],[-78.9087,35.703],[-78.906,35.7028],[-78.9063,35.7048],[-78.908,35.7049],[-78.9079,35.7062],[-78.9061,35.7062],[-78.9061,35.7067],[-78.9079,35.7067],[-78.9079,35.7076],[-78.9061,35.7076],[-78.906,35.7087],[-78.9053,35.7096],[-78.9052,35.7106],[-78.9036,35.7105],[-78.904,35.7089],[-78.9046,35.7089],[-78.9052,35.7075],[-78.9053,35.7061],[-78.9061,35.7061],[-78.9062,35.7052],[-78.9026,35.7051],[-78.9026,35.706],[-78.9011,35.7062],[-78.9006,35.7036],[-78.9012,35.7026],[-78.8976,35.7025],[-78.8975,35.7033],[-78.8962,35.7031],[-78.8949,35.706],[-78.8951,35.707],[-78.8958,35.7078],[-78.9011,35.7073],[-78.9011,35.7094],[-78.8972,35.7094],[-78.8974,35.7121],[-78.9024,35.713],[-78.9024,35.7172],[-78.9022,35.7207],[-78.9009,35.7207],[-78.9009,35.7212],[-78.8971,35.7212],[-78.8977,35.7239],[-78.9002,35.7238],[-78.9002,35.7249],[-78.8994,35.7255],[-78.8998,35.7265],[-78.8993,35.7273],[-78.8969,35.729],[-78.8962,35.729],[-78.8937,35.7275],[-78.893,35.728],[-78.8917,35.7267],[-78.8933,35.7262],[-78.8925,35.7249],[-78.8929,35.7243],[-78.8941,35.7239],[-78.8941,35.7232],[-78.8934,35.7224],[-78.8905,35.7224],[-78.8905,35.7217],[-78.8887,35.7217],[-78.8888,35.72],[-78.8905,35.7201],[-78.8906,35.7197],[-78.8889,35.7195],[-78.889,35.7168],[-78.8875,35.7136]],[[-78.7985,35.7032],[-78.7948,35.7033],[-78.7948,35.7031],[-78.7985,35.7032]],[[-78.5085,35.8881],[-78.5083,35.889],[-78.5074,35.8889],[-78.5077,35.888],[-78.5085,35.8881]],[[-78.7007,35.6653],[-78.6999,35.6659],[-78.6994,35.6652],[-78.7,35.6647],[-78.7007,35.6653]],[[-78.7929,35.9552],[-78.7915,35.9553],[-78.7915,35.9545],[-78.7928,35.9545],[-78.7929,35.9552]],[[-78.8385,35.6354],[-78.8372,35.6353],[-78.8376,35.6342],[-78.8385,35.6342],[-78.8385,35.6354]],[[-78.8822,35.6543],[-78.8824,35.6524],[-78.8833,35.6525],[-78.8822,35.6543]],[[-78.9285,35.7732],[-78.9267,35.7737],[-78.9264,35.7729],[-78.9281,35.7723],[-78.9285,35.7732]],[[-78.9191,35.7047],[-78.9205,35.7041],[-78.9204,35.7057],[-78.9191,35.7052],[-78.9191,35.7047]],[[-78.8419,35.6403],[-78.8411,35.6396],[-78.8425,35.6385],[-78.8448,35.64],[-78.8442,35.6408],[-78.8426,35.6399],[-78.8419,35.6403]],[[-78.4996,35.7882],[-78.4956,35.7902],[-78.4956,35.7894],[-78.4982,35.7884],[-78.499,35.7878],[-78.4996,35.7882]],[[-78.8387,35.6386],[-78.8384,35.6383],[-78.8358,35.6383],[-78.8367,35.6361],[-78.8377,35.6364],[-78.8387,35.6386]],[[-78.5284,35.8076],[-78.5276,35.809],[-78.5257,35.8109],[-78.5264,35.8086],[-78.5266,35.807],[-78.5284,35.8076]],[[-78.7928,35.9539],[-78.7915,35.9539],[-78.7915,35.9528],[-78.7902,35.9528],[-78.7903,35.952],[-78.7933,35.9521],[-78.7944,35.9533],[-78.793,35.9531],[-78.7928,35.9539]],[[-78.8849,35.7066],[-78.8838,35.7054],[-78.8862,35.7031],[-78.8862,35.7041],[-78.8857,35.7064],[-78.8849,35.7066]],[[-78.8372,35.6341],[-78.837,35.6349],[-78.8339,35.6346],[-78.8328,35.6338],[-78.8326,35.6327],[-78.8372,35.6341]],[[-78.7912,35.6955],[-78.7901,35.6959],[-78.7894,35.6955],[-78.7882,35.694],[-78.7897,35.6926],[-78.7896,35.6939],[-78.7913,35.694],[-78.7912,35.6955]],[[-78.9178,35.7049],[-78.9169,35.7048],[-78.9172,35.7028],[-78.9188,35.7014],[-78.9205,35.7023],[-78.9193,35.7033],[-78.9187,35.7045],[-78.9178,35.7049]],[[-78.522,35.8043],[-78.522,35.8058],[-78.5193,35.8057],[-78.5194,35.8034],[-78.5205,35.803],[-78.522,35.8033],[-78.522,35.8043]],[[-78.7838,35.6544],[-78.7852,35.6545],[-78.7847,35.656],[-78.78,35.6557],[-78.7814,35.6542],[-78.7824,35.6545],[-78.7838,35.6544]],[[-78.5044,35.774],[-78.5055,35.7733],[-78.5074,35.7761],[-78.5039,35.7771],[-78.5044,35.7758],[-78.5032,35.7751],[-78.5044,35.774]],[[-78.9148,35.7065],[-78.9136,35.7064],[-78.914,35.7043],[-78.9141,35.7022],[-78.9164,35.7026],[-78.9161,35.7045],[-78.9168,35.7051],[-78.9167,35.706],[-78.9148,35.7058],[-78.9148,35.7065]],[[-79.0951,35.9429],[-79.0954,35.9439],[-79.0939,35.9436],[-79.094,35.9452],[-79.0953,35.9453],[-79.0953,35.9448],[-79.0971,35.9447],[-79.0968,35.9463],[-79.0961,35.9473],[-79.0929,35.9475],[-79.0929,35.9461],[-79.0922,35.9461],[-79.0922,35.944],[-79.0916,35.9436],[-79.0951,35.9429]],[[-78.8858,35.7113],[-78.8845,35.7098],[-78.882,35.7071],[-78.8836,35.7055],[-78.8844,35.7068],[-78.8858,35.7065],[-78.887,35.7054],[-78.8878,35.7054],[-78.8879,35.7097],[-78.8864,35.7097],[-78.8866,35.7103],[-78.8858,35.7113]],[[-78.8377,35.7034],[-78.8346,35.7034],[-78.834,35.7007],[-78.8339,35.6968],[-78.8351,35.6951],[-78.8368,35.6953],[-78.8368,35.7018],[-78.8377,35.7018],[-78.8377,35.7034]],[[-78.9037,35.7832],[-78.9037,35.7841],[-78.8985,35.7842],[-78.8981,35.7812],[-78.8993,35.7812],[-78.9004,35.7808],[-78.9015,35.7793],[-78.9045,35.7783],[-78.9047,35.7791],[-78.9043,35.7802],[-78.9033,35.7803],[-78.9037,35.7816],[-78.9037,35.7832]],[[-78.916,35.7125],[-78.9164,35.7109],[-78.916,35.7097],[-78.9168,35.7098],[-78.917,35.7085],[-78.916,35.7085],[-78.916,35.7068],[-78.9167,35.7064],[-78.9192,35.7063],[-78.9192,35.7075],[-78.9202,35.7075],[-78.9199,35.7123],[-78.9173,35.7132],[-78.9175,35.7137],[-78.9157,35.714],[-78.916,35.7125]],[[-78.8385,35.6318],[-78.839,35.6313],[-78.8402,35.6312],[-78.8399,35.6302],[-78.8403,35.6281],[-78.8418,35.6291],[-78.846,35.629],[-78.8471,35.6317],[-78.8429,35.6317],[-78.8421,35.6326],[-78.8406,35.6328],[-78.8408,35.6336],[-78.8422,35.6344],[-78.8413,35.6355],[-78.84,35.6344],[-78.8385,35.634],[-78.8385,35.6318]],[[-78.789,35.7006],[-78.7889,35.7024],[-78.7874,35.7019],[-78.7874,35.7003],[-78.7866,35.6988],[-78.7859,35.6989],[-78.7858,35.7015],[-78.7825,35.7006],[-78.7826,35.699],[-78.7811,35.699],[-78.7812,35.697],[-78.7856,35.6969],[-78.7855,35.6984],[-78.7876,35.6984],[-78.7911,35.6981],[-78.791,35.7003],[-78.789,35.7006]],[[-78.8106,35.6485],[-78.8085,35.6485],[-78.8077,35.6477],[-78.809,35.6451],[-78.8071,35.6447],[-78.8041,35.6434],[-78.8059,35.6427],[-78.8076,35.6417],[-78.8077,35.6405],[-78.8094,35.6396],[-78.8111,35.6404],[-78.8098,35.6432],[-78.8103,35.6433],[-78.8096,35.6452],[-78.8116,35.6455],[-78.8103,35.6484],[-78.8106,35.6485]],[[-78.9074,35.778],[-78.9074,35.7771],[-78.9061,35.7767],[-78.9038,35.7767],[-78.9027,35.7771],[-78.9023,35.7747],[-78.9074,35.7749],[-78.9074,35.7742],[-78.9125,35.7742],[-78.9125,35.7723],[-78.9142,35.7723],[-78.9143,35.7743],[-78.9119,35.7755],[-78.9129,35.776],[-78.9135,35.7769],[-78.9155,35.7764],[-78.9192,35.7752],[-78.9193,35.776],[-78.9202,35.7766],[-78.9211,35.7766],[-78.9218,35.7775],[-78.9218,35.7785],[-78.9193,35.7785],[-78.9185,35.7794],[-78.9186,35.7805],[-78.9169,35.7805],[-78.9163,35.7794],[-78.9149,35.7794],[-78.9136,35.778],[-78.913,35.777],[-78.9109,35.7774],[-78.9109,35.7793],[-78.9087,35.7778],[-78.9074,35.778],[-78.9074,35.7801],[-78.9065,35.7802],[-78.9063,35.7789],[-78.9058,35.7782],[-78.9074,35.778]],[[-78.8118,35.6369],[-78.8084,35.6362],[-78.8084,35.6351],[-78.8079,35.6339],[-78.8085,35.6307],[-78.8069,35.6308],[-78.809,35.6295],[-78.8105,35.6296],[-78.8175,35.6296],[-78.82,35.6298],[-78.8204,35.631],[-78.8259,35.6313],[-78.8268,35.6323],[-78.8254,35.6326],[-78.8235,35.6325],[-78.823,35.6318],[-78.8204,35.6318],[-78.8203,35.633],[-78.8193,35.6331],[-78.8194,35.6349],[-78.8157,35.635],[-78.8141,35.6346],[-78.812,35.6345],[-78.8118,35.6369]],[[-78.532,35.8021],[-78.5314,35.8029],[-78.5306,35.8046],[-78.5287,35.8073],[-78.5266,35.8066],[-78.5267,35.8033],[-78.5251,35.8039],[-78.524,35.8039],[-78.5218,35.8028],[-78.5201,35.7995],[-78.5215,35.797],[-78.5225,35.7973],[-78.523,35.7957],[-78.5236,35.7955],[-78.5277,35.7966],[-78.5322,35.7967],[-78.5344,35.7961],[-78.5354,35.7978],[-78.5355,35.7999],[-78.535,35.8008],[-78.5338,35.8018],[-78.532,35.8021]],[[-78.9119,35.7808],[-78.9124,35.7811],[-78.9131,35.7825],[-78.9166,35.7819],[-78.9185,35.7817],[-78.9184,35.7863],[-78.9153,35.7862],[-78.9152,35.7908],[-78.9101,35.7907],[-78.9101,35.7944],[-78.9132,35.7944],[-78.9132,35.7955],[-78.9153,35.7955],[-78.9153,35.7984],[-78.9213,35.7985],[-78.9213,35.8029],[-78.9199,35.8032],[-78.9157,35.8025],[-78.9158,35.8011],[-78.9144,35.8012],[-78.9127,35.8017],[-78.9095,35.801],[-78.9067,35.7973],[-78.9067,35.7955],[-78.9032,35.7954],[-78.9032,35.797],[-78.9,35.7969],[-78.9,35.7963],[-78.9012,35.7921],[-78.9045,35.7922],[-78.9046,35.7916],[-78.9086,35.7916],[-78.9092,35.7909],[-78.9087,35.7898],[-78.9086,35.7878],[-78.9038,35.7878],[-78.9029,35.7876],[-78.9036,35.7865],[-78.9037,35.7846],[-78.9058,35.7846],[-78.9057,35.7832],[-78.9091,35.7831],[-78.909,35.782],[-78.9096,35.7809],[-78.9093,35.78],[-78.9109,35.78],[-78.9119,35.7808]],[[-78.7917,35.925],[-78.7918,35.9245],[-78.8008,35.9267],[-78.8011,35.93],[-78.8028,35.9325],[-78.8075,35.9392],[-78.8103,35.9436],[-78.8115,35.946],[-78.8097,35.9475],[-78.8115,35.9483],[-78.8105,35.949],[-78.8101,35.9485],[-78.8084,35.9481],[-78.8069,35.9491],[-78.8056,35.9496],[-78.8092,35.9507],[-78.8052,35.9505],[-78.8049,35.9548],[-78.8018,35.9549],[-78.8019,35.952],[-78.7972,35.9519],[-78.7936,35.9515],[-78.7942,35.95],[-78.7933,35.95],[-78.7934,35.9487],[-78.793,35.947],[-78.7931,35.9459],[-78.7943,35.943],[-78.7929,35.943],[-78.7929,35.9407],[-78.7933,35.94],[-78.7947,35.94],[-78.795,35.9396],[-78.7944,35.9358],[-78.7943,35.9345],[-78.7952,35.9338],[-78.7931,35.9324],[-78.793,35.9311],[-78.7921,35.9305],[-78.7921,35.9293],[-78.7912,35.9267],[-78.7917,35.9267],[-78.7917,35.925]],[[-78.7825,35.6917],[-78.7815,35.6907],[-78.7819,35.6898],[-78.7815,35.6893],[-78.7791,35.6893],[-78.7781,35.6874],[-78.7765,35.6873],[-78.7763,35.6885],[-78.775,35.6895],[-78.7727,35.6923],[-78.7709,35.6942],[-78.77,35.6936],[-78.7707,35.6916],[-78.7708,35.6896],[-78.7723,35.6895],[-78.7723,35.6863],[-78.7711,35.6866],[-78.7687,35.6877],[-78.7676,35.6887],[-78.7672,35.6895],[-78.7671,35.6918],[-78.7608,35.6905],[-78.7603,35.6903],[-78.7585,35.6883],[-78.757,35.6871],[-78.7576,35.6866],[-78.7586,35.6874],[-78.7612,35.6875],[-78.7612,35.6868],[-78.7653,35.6868],[-78.7659,35.6852],[-78.7625,35.6851],[-78.7612,35.6848],[-78.7612,35.6859],[-78.7593,35.6854],[-78.7594,35.6833],[-78.7562,35.6832],[-78.7564,35.6811],[-78.7557,35.6793],[-78.7558,35.6775],[-78.7556,35.676],[-78.7559,35.6752],[-78.757,35.674],[-78.7576,35.6729],[-78.7577,35.671],[-78.7592,35.6715],[-78.7609,35.6711],[-78.7619,35.6702],[-78.7635,35.6717],[-78.764,35.6739],[-78.7631,35.6765],[-78.7619,35.6766],[-78.7692,35.6769],[-78.7692,35.6765],[-78.7656,35.6767],[-78.7639,35.6766],[-78.7641,35.6758],[-78.7649,35.6743],[-78.7646,35.672],[-78.7643,35.6716],[-78.7666,35.6677],[-78.7698,35.6678],[-78.77,35.6649],[-78.769,35.6648],[-78.7693,35.6639],[-78.7687,35.6628],[-78.7688,35.6622],[-78.7697,35.6618],[-78.7694,35.6576],[-78.7698,35.6572],[-78.7697,35.6558],[-78.7684,35.6545],[-78.7682,35.6533],[-78.7704,35.6532],[-78.771,35.6529],[-78.7743,35.6531],[-78.7741,35.6585],[-78.7739,35.6585],[-78.7739,35.6624],[-78.7754,35.663],[-78.7779,35.6634],[-78.7784,35.6678],[-78.7789,35.6695],[-78.785,35.6658],[-78.7842,35.6651],[-78.784,35.6638],[-78.7858,35.6636],[-78.7857,35.6625],[-78.7842,35.6625],[-78.7842,35.662],[-78.7857,35.6619],[-78.7858,35.6614],[-78.787,35.6611],[-78.7931,35.6612],[-78.7929,35.6693],[-78.795,35.6694],[-78.795,35.6721],[-78.794,35.6737],[-78.7923,35.6737],[-78.792,35.6757],[-78.7922,35.6795],[-78.7964,35.6802],[-78.7966,35.6816],[-78.8006,35.6817],[-78.8006,35.681],[-78.8088,35.6813],[-78.809,35.6796],[-78.8118,35.68],[-78.8119,35.677],[-78.8126,35.6765],[-78.8093,35.6764],[-78.8087,35.6756],[-78.8087,35.6738],[-78.8059,35.6737],[-78.806,35.6726],[-78.8053,35.672],[-78.8035,35.6719],[-78.8026,35.6711],[-78.8068,35.6712],[-78.8067,35.6716],[-78.8096,35.6718],[-78.8094,35.6752],[-78.8143,35.6754],[-78.8142,35.6778],[-78.8126,35.6778],[-78.8125,35.68],[-78.8146,35.6798],[-78.8183,35.6786],[-78.8189,35.672],[-78.8196,35.672],[-78.8197,35.6704],[-78.823,35.6705],[-78.8234,35.6725],[-78.8241,35.674],[-78.8245,35.6756],[-78.8245,35.6781],[-78.8227,35.678],[-78.8221,35.6853],[-78.8232,35.6856],[-78.8227,35.6912],[-78.8238,35.6913],[-78.8243,35.6925],[-78.8242,35.6935],[-78.8277,35.6942],[-78.8277,35.6949],[-78.8337,35.6958],[-78.8336,35.6991],[-78.8337,35.7006],[-78.8343,35.7034],[-78.8034,35.7033],[-78.8033,35.7027],[-78.8015,35.7028],[-78.7997,35.7004],[-78.795,35.7003],[-78.7955,35.6978],[-78.7963,35.6955],[-78.7993,35.6956],[-78.7996,35.6973],[-78.7993,35.6981],[-78.7996,35.7002],[-78.8001,35.7004],[-78.8002,35.6979],[-78.8026,35.6979],[-78.8033,35.6972],[-78.8047,35.6979],[-78.8048,35.6998],[-78.8041,35.7006],[-78.8041,35.7015],[-78.8056,35.7015],[-78.8064,35.7019],[-78.8065,35.7032],[-78.8076,35.7017],[-78.8077,35.7008],[-78.8097,35.6966],[-78.8097,35.696],[-78.8051,35.6959],[-78.8056,35.6946],[-78.8051,35.6938],[-78.8004,35.6937],[-78.8005,35.6931],[-78.7966,35.6929],[-78.7969,35.6922],[-78.7956,35.6921],[-78.7957,35.6904],[-78.7915,35.6903],[-78.7913,35.6883],[-78.786,35.6883],[-78.7859,35.6901],[-78.7871,35.6915],[-78.7859,35.6926],[-78.7858,35.6941],[-78.7779,35.6942],[-78.7779,35.695],[-78.7747,35.6949],[-78.7747,35.6967],[-78.7722,35.695],[-78.7755,35.6924],[-78.7753,35.6918],[-78.7766,35.6909],[-78.7772,35.6914],[-78.7794,35.6899],[-78.78,35.6912],[-78.7807,35.692],[-78.7825,35.6917]]]},"properties":{"OBJECTID":5073},"id":5073},
{"type":"Feature","geometry":{"type":"Polygon","coordinates":[[[-78.9206,35.7439],[-78.923,35.7438],[-78.923,35.7401],[-78.9234,35.7389],[-78.9288,35.739],[-78.9286,35.7353],[-78.929,35.734],[-78.9312,35.7289],[-78.9286,35.7281],[-78.9279,35.7298],[-78.9261,35.7293],[-78.9257,35.7299],[-78.9246,35.7297],[-78.9244,35.7288],[-78.9251,35.7277],[-78.9253,35.724],[-78.9245,35.724],[-78.924,35.7248],[-78.9217,35.724],[-78.9219,35.7229],[-78.9225,35.7222],[-78.9194,35.7208],[-78.919,35.7284],[-78.9205,35.7284],[-78.9201,35.74],[-78.9187,35.74],[-78.9188,35.7436],[-78.9206,35.7439]]]},"properties":{"OBJECTID":5075},"id":5075},
{"type":"Feature","geometry":{"type":"Polygon","coordinates":[[[-76.9292,34.8741],[-76.929,34.8746],[-76.9306,34.8753],[-76.9313,34.8747],[-76.9295,34.8738],[-76.9292,34.8741]]]},"properties":{"OBJECTID":5076},"id":5076},
{"type":"Feature","geometry":{"type":"Polygon","coordinates":[[[-78.9222,35.7614],[-78.924,35.7641],[-78.9263,35.7642],[-78.9258,35.762],[-78.9245,35.7613],[-78.9222,35.7614]]]},"properties":{"OBJECTID":5078},"id":5078},
{"type":"Feature","geometry":{"type":"Polygon","coordinates":[[[-78.7454,35.6255],[-78.747,35.6251],[-78.7464,35.6241],[-78.7472,35.6236],[-78.7479,35.6248],[-78.75,35.6236],[-78.7508,35.6227],[-78.7505,35.6221],[-78.751,35.6213],[-78.7487,35.621],[-78.7465,35.6209],[-78.7467,35.6192],[-78.7472,35.6191],[-78.7488,35.6206],[-78.7522,35.6211],[-78.7558,35.6172],[-78.7556,35.6144],[-78.7544,35.6146],[-78.7522,35.616],[-78.7494,35.6156],[-78.7485,35.616],[-78.7446,35.6167],[-78.7425,35.6161],[-78.7425,35.6171],[-78.7407,35.617],[-78.7399,35.6165],[-78.7387,35.6162],[-78.7377,35.6165],[-78.738,35.618],[-78.7391,35.6195],[-78.7424,35.6195],[-78.7424,35.6236],[-78.7439,35.6237],[-78.7454,35.6255]]]},"properties":{"OBJECTID":5079},"id":5079},
{"type":"Feature","geometry":{"type":"Polygon","coordinates":[[[-80.8713,35.6239],[-80.8725,35.6222],[-80.8714,35.6218],[-80.8677,35.6149],[-80.8635,35.6152],[-80.8615,35.6152],[-80.8615,35.6129],[-80.858,35.6129],[-80.8577,35.6162],[-80.8582,35.6185],[-80.8642,35.6187],[-80.8641,35.6167],[-80.866,35.6167],[-80.8676,35.6199],[-80.8665,35.6204],[-80.8676,35.621],[-80.8685,35.6228],[-80.8697,35.6236],[-80.8713,35.6239]]]},"properties":{"OBJECTID":5083},"id":5083},
{"type":"Feature","geometry":{"type":"Polygon","coordinates":[[[-78.7599,35.6252],[-78.7625,35.6252],[-78.7625,35.6215],[-78.7584,35.6214],[-78.7599,35.6252]]]},"properties":{"OBJECTID":5087},"id":5087},
{"type":"Feature","geometry":{"type":"Polygon","coordinates":[[[-79.7161,36.0382],[-79.7162,36.0413],[-79.7172,36.0419],[-79.7194,36.042],[-79.7192,36.0411],[-79.7196,36.0381],[-79.7161,36.0382]]]},"properties":{"OBJECTID":5089},"id":5089},
{"type":"Feature","geometry":{"type":"Polygon","coordinates":[[[-79.2055,36.0757],[-79.2095,36.0763],[-79.2105,36.077],[-79.2139,36.0774],[-79.2141,36.078],[-79.2155,36.0783],[-79.214,36.0706],[-79.2128,36.0706],[-79.2125,36.0691],[-79.2138,36.0691],[-79.2136,36.0682],[-79.2039,36.0682],[-79.2045,36.0717],[-79.2024,36.0719],[-79.2034,36.076],[-79.2045,36.0762],[-79.2055,36.0757]]]},"properties":{"OBJECTID":5091},"id":5091},
{"type":"Feature","geometry":{"type":"Polygon","coordinates":[[[-79.9253,35.8729],[-79.9299,35.8712],[-79.9298,35.8726],[-79.9308,35.8721],[-79.931,35.8696],[-79.9296,35.8688],[-79.927,35.8687],[-79.9262,35.869],[-79.926,35.8706],[-79.9253,35.8729]]]},"properties":{"OBJECTID":5092},"id":5092},
{"type":"Feature","geometry":{"type":"Polygon","coordinates":[[[-78.8561,35.6428],[-78.8599,35.6429],[-78.8598,35.6439],[-78.8635,35.644],[-78.8636,35.643],[-78.8662,35.6423],[-78.8674,35.6415],[-78.8686,35.6414],[-78.868,35.6425],[-78.8699,35.6422],[-78.8697,35.6403],[-78.8739,35.6406],[-78.8758,35.639],[-78.8773,35.6391],[-78.8786,35.6377],[-78.8772,35.6333],[-78.8797,35.6335],[-78.8796,35.6301],[-78.8774,35.6303],[-78.8774,35.6265],[-78.8763,35.6265],[-78.8757,35.6236],[-78.8801,35.6242],[-78.8803,35.6228],[-78.8801,35.6215],[-78.8803,35.6208],[-78.8828,35.621],[-78.8844,35.6208],[-78.8861,35.6209],[-78.8898,35.6207],[-78.8906,35.6204],[-78.8908,35.6155],[-78.8891,35.6155],[-78.8891,35.6166],[-78.886,35.6165],[-78.8861,35.6179],[-78.8829,35.6177],[-78.8829,35.6161],[-78.881,35.6161],[-78.881,35.6128],[-78.8784,35.6125],[-78.8784,35.6137],[-78.8758,35.6137],[-78.8757,35.6157],[-78.8718,35.6156],[-78.8689,35.6156],[-78.8688,35.6176],[-78.8669,35.6176],[-78.8667,35.625],[-78.8653,35.6244],[-78.8651,35.6258],[-78.8683,35.6275],[-78.8697,35.628],[-78.8689,35.6293],[-78.8665,35.6293],[-78.864,35.6307],[-78.8611,35.6312],[-78.8611,35.6329],[-78.8561,35.6329],[-78.8562,35.6305],[-78.855,35.6304],[-78.855,35.6318],[-78.8521,35.6321],[-78.8519,35.6377],[-78.8533,35.6378],[-78.8534,35.6366],[-78.8555,35.6366],[-78.8557,35.6343],[-78.8571,35.6359],[-78.8555,35.6368],[-78.8555,35.6379],[-78.8568,35.6379],[-78.8541,35.6427],[-78.8561,35.6428]],[[-78.8714,35.6226],[-78.8716,35.6252],[-78.8698,35.626],[-78.8695,35.6245],[-78.8714,35.6226],[-78.8689,35.622],[-78.8691,35.6177],[-78.8715,35.6174],[-78.8747,35.6188],[-78.8738,35.6206],[-78.8745,35.6239],[-78.8726,35.6247],[-78.8725,35.6214],[-78.8714,35.6226]]]},"properties":{"OBJECTID":5093},"id":5093},
{"type":"Feature","geometry":{"type":"Polygon","coordinates":[[[-80.0609,36.0769],[-80.0608,36.0774],[-80.058,36.0774],[-80.0579,36.0811],[-80.0603,36.0811],[-80.0603,36.0816],[-80.0639,36.0817],[-80.0636,36.0802],[-80.062,36.0769],[-80.0609,36.0769]]]},"properties":{"OBJECTID":5096},"id":5096},
{"type":"Feature","geometry":{"type":"Polygon","coordinates":[[[-80.6901,34.9882],[-80.6907,34.9882],[-80.6906,34.9879],[-80.6901,34.9882]]]},"properties":{"OBJECTID":5100},"id":5100},
{"type":"Feature","geometry":{"type":"Polygon","coordinates":[[[-78.4264,35.6254],[-78.4252,35.6261],[-78.4299,35.6291],[-78.4299,35.6281],[-78.4264,35.6254]]]},"properties":{"OBJECTID":5102},"id":5102},
{"type":"Feature","geometry":{"type":"Polygon","coordinates":[[[-81.151,32.2211],[-81.1523,32.2222],[-81.1514,32.2227],[-81.1483,32.2235],[-81.1469,32.2241],[-81.1453,32.2252],[-81.1444,32.2264],[-81.1457,32.2267],[-81.1595,32.2296],[-81.1599,32.2296],[-81.1644,32.2263],[-81.1678,32.2233],[-81.1694,32.2216],[-81.1722,32.2185],[-81.1857,32.2023],[-81.1905,32.1966],[-81.195,32.1915],[-81.1975,32.1882],[-81.2043,32.1801],[-81.2099,32.1733],[-81.2113,32.174],[-81.2128,32.1742],[-81.2149,32.1751],[-81.2154,32.1757],[-81.2184,32.1775],[-81.2187,32.1782],[-81.2201,32.1788],[-81.2207,32.1803],[-81.2228,32.1813],[-81.2257,32.1829],[-81.2285,32.1848],[-81.2292,32.1851],[-81.2316,32.185],[-81.2352,32.1865],[-81.2394,32.188],[-81.2438,32.1893],[-81.2469,32.19],[-81.2496,32.19],[-81.2513,32.1899],[-81.2564,32.1887],[-81.2577,32.1881],[-81.2597,32.1879],[-81.2618,32.1869],[-81.2629,32.1868],[-81.2638,32.1863],[-81.2652,32.1863],[-81.2669,32.1852],[-81.2679,32.1841],[-81.2681,32.1833],[-81.2689,32.1825],[-81.269,32.1819],[-81.2699,32.1807],[-81.271,32.1805],[-81.273,32.1793],[-81.276,32.179],[-81.2774,32.1784],[-81.2847,32.173],[-81.2944,32.1661],[-81.2913,32.166],[-81.2912,32.1674],[-81.2755,32.1668],[-81.2752,32.1693],[-81.27,32.1692],[-81.2698,32.1721],[-81.2601,32.1716],[-81.2574,32.1716],[-81.2538,32.1713],[-81.2413,32.1706],[-81.2419,32.1617],[-81.2515,32.1594],[-81.2521,32.1595],[-81.2538,32.1584],[-81.2552,32.1577],[-81.2473,32.1575],[-81.2441,32.1573],[-81.2442,32.1544],[-81.245,32.1545],[-81.2481,32.1541],[-81.2521,32.1499],[-81.2488,32.147],[-81.2477,32.1469],[-81.2474,32.1446],[-81.241,32.145],[-81.2411,32.1429],[-81.2407,32.139],[-81.2406,32.1367],[-81.2395,32.1262],[-81.2386,32.1172],[-81.2378,32.108],[-81.2371,32.1019],[-81.2366,32.0966],[-81.2367,32.0945],[-81.2372,32.0922],[-81.2378,32.0906],[-81.2433,32.0797],[-81.2457,32.075],[-81.2481,32.0701],[-81.261,32.0448],[-81.2696,32.0277],[-81.2716,32.0303],[-81.2723,32.032],[-81.2731,32.0353],[-81.2744,32.0374],[-81.2787,32.0418],[-81.2875,32.035],[-81.2907,32.033],[-81.2915,32.0327],[-81.2947,32.031],[-81.2915,32.0221],[-81.2983,32.021],[-81.2996,32.0244],[-81.3005,32.0233],[-81.3019,32.0268],[-81.3021,32.0268],[-81.3049,32.0235],[-81.3135,32.0237],[-81.3139,32.0251],[-81.3147,32.0257],[-81.3147,32.0238],[-81.3163,32.0239],[-81.3168,32.0236],[-81.3154,32.0222],[-81.3142,32.0217],[-81.3145,32.0213],[-81.3138,32.0205],[-81.3105,32.0179],[-81.3087,32.0179],[-81.3083,32.0182],[-81.3082,32.0204],[-81.3076,32.0204],[-81.3079,32.0167],[-81.3055,32.0164],[-81.3033,32.0161],[-81.3051,32.0147],[-81.3102,32.0154],[-81.3113,32.0046],[-81.3109,32.0043],[-81.3077,32.0045],[-81.306,32.0039],[-81.304,32.0011],[-81.3038,32.0002],[-81.3042,31.9983],[-81.3049,31.9974],[-81.3087,31.9961],[-81.3097,31.9948],[-81.3098,31.993],[-81.3087,31.992],[-81.3074,31.9913],[-81.3069,31.9895],[-81.3077,31.9875],[-81.3084,31.9843],[-81.3082,31.9827],[-81.3072,31.9819],[-81.3032,31.9858],[-81.2951,31.993],[-81.293,31.9954],[-81.289,31.9997],[-81.2864,32.0025],[-81.2875,32.0031],[-81.286,32.0044],[-81.2881,32.0053],[-81.2875,32.0062],[-81.2916,32.0086],[-81.2935,32.0073],[-81.2957,32.0081],[-81.2988,32.0058],[-81.3001,32.0066],[-81.2952,32.0102],[-81.2965,32.0106],[-81.2955,32.0117],[-81.2938,32.0128],[-81.2931,32.0122],[-81.2948,32.0109],[-81.2933,32.0098],[-81.29,32.0123],[-81.2882,32.0111],[-81.2841,32.0142],[-81.2834,32.0135],[-81.2851,32.0118],[-81.2855,32.0104],[-81.2845,32.0096],[-81.2855,32.0087],[-81.2849,32.0074],[-81.2831,32.0086],[-81.2822,32.0068],[-81.2807,32.008],[-81.2791,32.0099],[-81.2772,32.0129],[-81.273,32.0216],[-81.2717,32.0242],[-81.27,32.0269],[-81.2768,32.0132],[-81.278,32.0113],[-81.2799,32.0085],[-81.2809,32.0074],[-81.2837,32.0048],[-81.2925,31.9952],[-81.3025,31.9861],[-81.3075,31.9812],[-81.305,31.9805],[-81.3033,31.9798],[-81.3007,31.9797],[-81.2988,31.9799],[-81.2949,31.9799],[-81.2922,31.9795],[-81.2906,31.9789],[-81.2886,31.9772],[-81.2881,31.9761],[-81.2875,31.974],[-81.2877,31.9726],[-81.2887,31.969],[-81.2889,31.9661],[-81.2896,31.9636],[-81.2902,31.9623],[-81.2905,31.9605],[-81.2899,31.9578],[-81.2892,31.9563],[-81.2878,31.9543],[-81.2872,31.9529],[-81.287,31.9507],[-81.2874,31.9492],[-81.2888,31.9463],[-81.2887,31.9455],[-81.288,31.9441],[-81.2864,31.9431],[-81.2853,31.943],[-81.2833,31.9436],[-81.2804,31.9453],[-81.2774,31.9447],[-81.2741,31.9425],[-81.2731,31.9413],[-81.2723,31.9387],[-81.2727,31.9371],[-81.2761,31.9318],[-81.2763,31.9303],[-81.2759,31.9281],[-81.2753,31.927],[-81.2743,31.9259],[-81.273,31.925],[-81.2717,31.9245],[-81.2699,31.9242],[-81.2679,31.9245],[-81.2631,31.9271],[-81.2616,31.9275],[-81.2596,31.9276],[-81.2586,31.9273],[-81.258,31.9267],[-81.2573,31.9244],[-81.2575,31.9237],[-81.2599,31.9216],[-81.2636,31.9197],[-81.2647,31.9184],[-81.2658,31.9158],[-81.266,31.9142],[-81.266,31.912],[-81.2656,31.9107],[-81.265,31.9098],[-81.2629,31.9075],[-81.2613,31.9063],[-81.259,31.9053],[-81.2574,31.9051],[-81.2564,31.9054],[-81.2546,31.9065],[-81.2519,31.9094],[-81.2498,31.9107],[-81.2475,31.9112],[-81.2432,31.9118],[-81.2393,31.9116],[-81.2378,31.9112],[-81.2355,31.91],[-81.2339,31.909],[-81.2331,31.9079],[-81.2328,31.9066],[-81.233,31.9055],[-81.2344,31.9029],[-81.2351,31.9012],[-81.2378,31.8989],[-81.2394,31.8978],[-81.2418,31.896],[-81.2429,31.8942],[-81.2428,31.8925],[-81.2415,31.8902],[-81.2399,31.8886],[-81.2373,31.8867],[-81.2359,31.8867],[-81.2357,31.8877],[-81.234,31.8895],[-81.2325,31.8905],[-81.2313,31.8922],[-81.2305,31.8937],[-81.2295,31.8948],[-81.2285,31.8952],[-81.2277,31.896],[-81.226,31.9013],[-81.2238,31.9042],[-81.2214,31.9077],[-81.2197,31.9097],[-81.2177,31.9123],[-81.2156,31.9149],[-81.2136,31.917],[-81.2096,31.92],[-81.2087,31.9205],[-81.2053,31.9216],[-81.2033,31.922],[-81.1998,31.9223],[-81.1956,31.9216],[-81.193,31.9203],[-81.1921,31.9194],[-81.1913,31.9169],[-81.1913,31.9151],[-81.1919,31.9128],[-81.1933,31.9106],[-81.1963,31.9068],[-81.1986,31.9045],[-81.2,31.9035],[-81.2035,31.9016],[-81.2078,31.9001],[-81.2113,31.8994],[-81.2143,31.8989],[-81.2173,31.8981],[-81.2195,31.8973],[-81.2207,31.8963],[-81.2221,31.8945],[-81.2228,31.8932],[-81.223,31.8914],[-81.2225,31.8903],[-81.2212,31.8891],[-81.2195,31.8882],[-81.2168,31.8877],[-81.2105,31.8876],[-81.2087,31.8885],[-81.2066,31.8903],[-81.2054,31.8913],[-81.2028,31.8926],[-81.202,31.8932],[-81.1996,31.8943],[-81.1967,31.8953],[-81.195,31.8961],[-81.1893,31.8987],[-81.1857,31.9001],[-81.184,31.9004],[-81.1814,31.9007],[-81.1791,31.9006],[-81.1769,31.9003],[-81.1739,31.8992],[-81.1702,31.8972],[-81.1677,31.8955],[-81.1666,31.8945],[-81.1618,31.8886],[-81.161,31.8866],[-81.1608,31.8843],[-81.1612,31.8818],[-81.1617,31.8801],[-81.1616,31.8783],[-81.1604,31.8755],[-81.1596,31.8728],[-81.1585,31.8698],[-81.1576,31.8678],[-81.1551,31.8643],[-81.1526,31.8622],[-81.1491,31.8602],[-81.1477,31.8596],[-81.1447,31.8588],[-81.1423,31.858],[-81.1401,31.857],[-81.1385,31.8559],[-81.1383,31.8554],[-81.1387,31.8538],[-81.1393,31.8526],[-81.1424,31.8501],[-81.1447,31.8481],[-81.1467,31.846],[-81.1493,31.8428],[-81.1523,31.8406],[-81.1537,31.8399],[-81.1551,31.8389],[-81.1567,31.8367],[-81.1576,31.835],[-81.1584,31.8324],[-81.1587,31.8282],[-81.1592,31.8254],[-81.1597,31.8236],[-81.1609,31.8216],[-81.163,31.8206],[-81.1663,31.8203],[-81.1673,31.8204],[-81.1691,31.82],[-81.1711,31.8192],[-81.1739,31.8185],[-81.1761,31.8172],[-81.1772,31.8156],[-81.1772,31.8143],[-81.1768,31.8106],[-81.1767,31.808],[-81.1772,31.8056],[-81.1781,31.8042],[-81.18,31.8008],[-81.1809,31.7982],[-81.1812,31.7956],[-81.1812,31.7938],[-81.1808,31.7925],[-81.1797,31.7913],[-81.1779,31.7906],[-81.1751,31.7902],[-81.1722,31.7894],[-81.1673,31.7888],[-81.1644,31.7881],[-81.1633,31.7877],[-81.1613,31.7859],[-81.1607,31.785],[-81.1604,31.7825],[-81.1613,31.7801],[-81.1619,31.7792],[-81.1638,31.7775],[-81.1655,31.7763],[-81.1691,31.7728],[-81.1705,31.7707],[-81.1718,31.7679],[-81.1731,31.7639],[-81.1736,31.7598],[-81.1733,31.7572],[-81.1724,31.7557],[-81.171,31.7542],[-81.169,31.7527],[-81.1678,31.7522],[-81.1663,31.751],[-81.1647,31.7501],[-81.1639,31.7491],[-81.1616,31.7476],[-81.1595,31.746],[-81.158,31.7446],[-81.1564,31.7423],[-81.1554,31.7402],[-81.1547,31.7377],[-81.1546,31.7332],[-81.1548,31.7125],[-81.1509,31.712],[-81.1444,31.7113],[-81.1417,31.711],[-81.134,31.7105],[-81.1248,31.7097],[-81.0515,31.7052],[-81.0566,31.7149],[-81.0258,31.7202],[-81.0138,31.7286],[-80.9998,31.744],[-80.9972,31.7485],[-80.996,31.7562],[-80.9962,31.7621],[-80.9921,31.7643],[-80.983,31.7727],[-80.977,31.7809],[-80.9731,31.7882],[-80.9707,31.7984],[-80.9595,31.8],[-80.9496,31.803],[-80.9383,31.809],[-80.9286,31.817],[-80.9221,31.8253],[-80.9178,31.8338],[-80.9168,31.8384],[-80.9117,31.8406],[-80.9048,31.8459],[-80.897,31.8528],[-80.8911,31.8612],[-80.8888,31.8658],[-80.8797,31.8752],[-80.8748,31.8807],[-80.8696,31.8881],[-80.862,31.8993],[-80.8553,31.9108],[-80.8425,31.9189],[-80.835,31.9239],[-80.8292,31.9266],[-80.8193,31.9339],[-80.8146,31.94],[-80.8041,31.9461],[-80.7963,31.9535],[-80.7898,31.9644],[-80.7867,31.9756],[-80.7858,31.9804],[-80.7862,31.9858],[-80.7851,31.9885],[-80.783,31.9957],[-80.7824,32.0002],[-80.7812,32.0049],[-80.7809,32.0076],[-80.7807,32.0114],[-80.7745,32.0153],[-80.771,32.0181],[-80.7698,32.0198],[-80.7658,32.021],[-80.7625,32.0226],[-80.758,32.026],[-80.7548,32.0293],[-80.752,32.0326],[-80.7505,32.0348],[-80.8107,32.0346],[-80.858,32.0358],[-80.875,32.0355],[-80.8854,32.0345],[-80.895,32.0346],[-80.9071,32.0365],[-80.9179,32.0379],[-80.9202,32.0384],[-80.9238,32.0401],[-80.9258,32.0415],[-80.9295,32.0447],[-80.935,32.0505],[-80.9393,32.0545],[-80.9406,32.056],[-80.9432,32.0582],[-80.9452,32.0604],[-80.9498,32.0651],[-80.9542,32.0693],[-80.9556,32.0702],[-80.9592,32.0718],[-80.9616,32.0722],[-80.9633,32.0724],[-80.9695,32.0731],[-80.9731,32.0739],[-80.9801,32.0769],[-80.9829,32.0786],[-80.9848,32.0803],[-80.9868,32.0826],[-80.9886,32.0857],[-80.9912,32.0912],[-80.992,32.0923],[-80.9943,32.0946],[-80.9976,32.0975],[-80.9998,32.099],[-81.0039,32.1006],[-81.0067,32.1011],[-81.0093,32.1009],[-81.0119,32.1002],[-81.0146,32.0985],[-81.016,32.0974],[-81.0173,32.0983],[-81.019,32.0988],[-81.0248,32.0986],[-81.0286,32.0975],[-81.0326,32.0964],[-81.0363,32.0951],[-81.0402,32.0941],[-81.0422,32.0931],[-81.0448,32.0912],[-81.0476,32.0878],[-81.0502,32.0853],[-81.0532,32.0857],[-81.0589,32.087],[-81.0618,32.0879],[-81.0669,32.0903],[-81.0684,32.0913],[-81.0709,32.0932],[-81.073,32.0946],[-81.0737,32.0957],[-81.077,32.098],[-81.0796,32.0985],[-81.0811,32.0992],[-81.082,32.1],[-81.0844,32.1009],[-81.087,32.1035],[-81.0883,32.1046],[-81.0902,32.1069],[-81.0909,32.11],[-81.0914,32.1111],[-81.0933,32.1115],[-81.0976,32.1116],[-81.1006,32.1113],[-81.1043,32.1113],[-81.1072,32.1117],[-81.1095,32.1117],[-81.111,32.1121],[-81.1143,32.1138],[-81.1172,32.1176],[-81.1174,32.1189],[-81.1161,32.1224],[-81.1153,32.1252],[-81.1163,32.1288],[-81.1195,32.1328],[-81.1198,32.1335],[-81.1199,32.135],[-81.1197,32.1363],[-81.1188,32.1391],[-81.1192,32.1412],[-81.1191,32.1424],[-81.1181,32.1449],[-81.1169,32.1464],[-81.1158,32.1472],[-81.1132,32.1484],[-81.1123,32.1493],[-81.1123,32.1501],[-81.1132,32.1514],[-81.1139,32.1519],[-81.1151,32.1522],[-81.1185,32.1523],[-81.1195,32.1526],[-81.1208,32.1536],[-81.1218,32.155],[-81.1222,32.1565],[-81.1222,32.1612],[-81.1228,32.1623],[-81.1236,32.163],[-81.1255,32.1637],[-81.1286,32.1644],[-81.1296,32.1651],[-81.1297,32.1662],[-81.1289,32.168],[-81.1269,32.1704],[-81.1239,32.1724],[-81.1219,32.1743],[-81.1208,32.1751],[-81.1198,32.1752],[-81.1188,32.1748],[-81.1183,32.1741],[-81.1183,32.1715],[-81.1172,32.1707],[-81.1155,32.1706],[-81.1126,32.1715],[-81.1109,32.1725],[-81.1105,32.1734],[-81.1102,32.1755],[-81.1105,32.1767],[-81.1115,32.1776],[-81.113,32.1777],[-81.1141,32.1771],[-81.1152,32.176],[-81.1167,32.1758],[-81.1187,32.1766],[-81.1199,32.1774],[-81.1205,32.1783],[-81.1205,32.1799],[-81.1185,32.1831],[-81.118,32.1846],[-81.1179,32.1879],[-81.1182,32.1891],[-81.1191,32.1896],[-81.1208,32.1897],[-81.1218,32.1903],[-81.1221,32.1916],[-81.1213,32.1926],[-81.1199,32.1932],[-81.1169,32.1929],[-81.1154,32.193],[-81.114,32.1936],[-81.1138,32.1949],[-81.115,32.196],[-81.1163,32.1963],[-81.1175,32.1959],[-81.1188,32.1948],[-81.1199,32.1945],[-81.1213,32.195],[-81.1224,32.1961],[-81.1226,32.1973],[-81.1227,32.2002],[-81.1254,32.2037],[-81.1276,32.2076],[-81.1284,32.2085],[-81.1298,32.2094],[-81.1328,32.2105],[-81.1361,32.2126],[-81.1366,32.2133],[-81.1368,32.2144],[-81.1366,32.2157],[-81.1374,32.2175],[-81.1386,32.2192],[-81.1394,32.2198],[-81.1408,32.2201],[-81.143,32.2214],[-81.1449,32.2218],[-81.1464,32.2217],[-81.1497,32.221],[-81.151,32.2211]],[[-81.3005,32.0118],[-81.298,32.0136],[-81.2963,32.0124],[-81.2977,32.0114],[-81.2987,32.0123],[-81.2998,32.0112],[-81.3005,32.0118]]]},"properties":{"OBJECTID":5103},"id":5103},
{"type":"Feature","geometry":{"type":"Polygon","coordinates":[[[-80.8686,35.7254],[-80.8684,35.7275],[-80.8713,35.7276],[-80.8715,35.7232],[-80.8706,35.7233],[-80.8706,35.7251],[-80.8699,35.7252],[-80.8699,35.7234],[-80.8687,35.7237],[-80.8686,35.7254]]]},"properties":{"OBJECTID":5104},"id":5104},
{"type":"Feature","geometry":{"type":"Polygon","coordinates":[[[-77.0074,35.1204],[-77.0076,35.1207],[-77.0081,35.1205],[-77.0078,35.1201],[-77.0074,35.1204]]]},"properties":{"OBJECTID":5109},"id":5109},
{"type":"Feature","geometry":{"type":"Polygon","coordinates":[[[-78.859,35.5831],[-78.8583,35.5835],[-78.8582,35.5864],[-78.8609,35.5865],[-78.8607,35.5829],[-78.8663,35.583],[-78.8662,35.581],[-78.8656,35.5802],[-78.8638,35.5798],[-78.8631,35.5793],[-78.8591,35.5792],[-78.859,35.5831]]]},"properties":{"OBJECTID":5110},"id":5110},
{"type":"Feature","geometry":{"type":"Polygon","coordinates":[[[-80.9015,35.5744],[-80.9022,35.5739],[-80.9058,35.574],[-80.9055,35.5729],[-80.9058,35.5711],[-80.9065,35.5692],[-80.9036,35.5692],[-80.9037,35.5684],[-80.9025,35.5682],[-80.9002,35.5685],[-80.9001,35.5717],[-80.8973,35.5704],[-80.8967,35.5714],[-80.8975,35.5722],[-80.8999,35.573],[-80.9015,35.5732],[-80.9015,35.5744]]]},"properties":{"OBJECTID":5114},"id":5114},
{"type":"Feature","geometry":{"type":"Polygon","coordinates":[[[-78.4231,35.6147],[-78.423,35.6175],[-78.4233,35.6184],[-78.4258,35.6175],[-78.4281,35.6165],[-78.4261,35.6114],[-78.4269,35.61],[-78.426,35.6092],[-78.4234,35.6091],[-78.4231,35.6147]]]},"properties":{"OBJECTID":5116},"id":5116},
{"type":"Feature","geometry":{"type":"Polygon","coordinates":[[[-79.7236,36.0457],[-79.7235,36.0466],[-79.7272,36.0466],[-79.7272,36.0441],[-79.7266,36.0427],[-79.7256,36.042],[-79.725,36.042],[-79.7249,36.0444],[-79.7236,36.0444],[-79.7236,36.0457]]]},"properties":{"OBJECTID":5123},"id":5123},
{"type":"Feature","geometry":{"type":"Polygon","coordinates":[[[-78.3937,35.7097],[-78.3973,35.7097],[-78.3985,35.7089],[-78.399,35.7079],[-78.3999,35.7077],[-78.3997,35.705],[-78.3977,35.7048],[-78.3975,35.7027],[-78.4002,35.7029],[-78.4007,35.7038],[-78.4021,35.704],[-78.4028,35.7037],[-78.4041,35.7021],[-78.4037,35.7017],[-78.4018,35.7024],[-78.4018,35.6999],[-78.4032,35.7002],[-78.4044,35.7015],[-78.4066,35.7013],[-78.4076,35.7016],[-78.4091,35.7026],[-78.411,35.7024],[-78.4132,35.7035],[-78.4144,35.7033],[-78.4128,35.7019],[-78.41,35.7001],[-78.4087,35.699],[-78.4086,35.6978],[-78.4081,35.696],[-78.4101,35.696],[-78.4132,35.6968],[-78.4132,35.6958],[-78.4121,35.6951],[-78.4115,35.6935],[-78.4102,35.6937],[-78.4104,35.6926],[-78.4116,35.692],[-78.412,35.6905],[-78.413,35.6892],[-78.4126,35.6886],[-78.4109,35.6886],[-78.4114,35.6875],[-78.4122,35.6875],[-78.4144,35.6869],[-78.4152,35.686],[-78.4155,35.6851],[-78.4142,35.6841],[-78.4105,35.6824],[-78.4094,35.6829],[-78.4084,35.6851],[-78.4066,35.6852],[-78.3998,35.6851],[-78.3998,35.6837],[-78.4007,35.6811],[-78.4026,35.6801],[-78.4024,35.679],[-78.4033,35.6779],[-78.4018,35.6769],[-78.3988,35.6764],[-78.3981,35.6774],[-78.3983,35.6779],[-78.3959,35.6792],[-78.395,35.6792],[-78.3937,35.6804],[-78.3929,35.6817],[-78.3883,35.6816],[-78.3937,35.7097]]]},"properties":{"OBJECTID":5126},"id":5126},
{"type":"Feature","geometry":{"type":"Polygon","coordinates":[[[-80.48,35.6261],[-80.4795,35.63],[-80.4827,35.6303],[-80.483,35.6279],[-80.48,35.6261]]]},"properties":{"OBJECTID":5132},"id":5132},
{"type":"Feature","geometry":{"type":"Polygon","coordinates":[[[-83.8955,36.0983],[-83.896,36.0996],[-83.8985,36.1013],[-83.9026,36.0996],[-83.9043,36.0987],[-83.9053,36.0979],[-83.9076,36.0946],[-83.91,36.093],[-83.9119,36.0912],[-83.9175,36.0864],[-83.9195,36.0856],[-83.9247,36.0855],[-83.929,36.0863],[-83.9348,36.083],[-83.9416,36.0808],[-83.9455,36.0796],[-83.9529,36.0746],[-83.9542,36.0738],[-83.9564,36.073],[-83.9573,36.073],[-83.9608,36.0739],[-83.962,36.0736],[-83.9629,36.0724],[-83.967,36.0701],[-83.9691,36.0682],[-83.9728,36.0657],[-83.9747,36.0646],[-83.9775,36.0624],[-83.979,36.0619],[-83.9814,36.0595],[-83.9845,36.0617],[-83.9891,36.0655],[-83.9898,36.0659],[-83.9909,36.0671],[-83.9913,36.0695],[-83.9935,36.0675],[-83.9932,36.0657],[-83.9956,36.0645],[-83.9971,36.064],[-83.9987,36.0667],[-83.999,36.0668],[-84.0023,36.0666],[-84.0029,36.0668],[-84.0057,36.0693],[-84.0082,36.0681],[-84.0105,36.0667],[-84.0046,36.0557],[-84.0053,36.0554],[-84.0042,36.0533],[-84.0031,36.052],[-84.0021,36.0488],[-84.0022,36.0478],[-84.0032,36.047],[-84.0074,36.044],[-84.0092,36.0423],[-84.0053,36.0389],[-84.0025,36.0379],[-84.0014,36.037],[-83.9997,36.0364],[-83.9986,36.0357],[-83.9994,36.0331],[-84.0001,36.0328],[-84.0002,36.0319],[-83.9995,36.0312],[-83.9995,36.0299],[-84.0003,36.0297],[-84.0021,36.0302],[-84.0028,36.0296],[-84.003,36.0285],[-84.0029,36.0264],[-84.0031,36.0259],[-84.0047,36.025],[-84.0059,36.0239],[-84.0037,36.0218],[-84.0044,36.0215],[-84.0066,36.0234],[-84.0089,36.0221],[-84.0063,36.0197],[-84.008,36.0185],[-84.0109,36.0212],[-84.0136,36.0195],[-84.012,36.0182],[-84.0123,36.0179],[-84.0141,36.0194],[-84.0164,36.0182],[-84.0202,36.016],[-84.0216,36.0147],[-84.02,36.0135],[-84.0212,36.0124],[-84.0228,36.0137],[-84.0236,36.0133],[-84.0217,36.0119],[-84.0234,36.0105],[-84.0253,36.0122],[-84.0258,36.0118],[-84.0241,36.0099],[-84.0276,36.0075],[-84.032,36.0053],[-84.038,36.0015],[-84.0411,35.999],[-84.0418,35.9997],[-84.045,36.0015],[-84.0469,36.0005],[-84.0478,35.9997],[-84.0502,35.9983],[-84.0468,35.9946],[-84.0501,35.9921],[-84.0565,35.9878],[-84.0576,35.9879],[-84.0631,35.9845],[-84.0668,35.9826],[-84.0713,35.9807],[-84.0751,35.9781],[-84.0789,35.976],[-84.0832,35.974],[-84.0868,35.972],[-84.088,35.9711],[-84.0925,35.967],[-84.0946,35.9655],[-84.0966,35.9645],[-84.099,35.9641],[-84.1022,35.963],[-84.1046,35.962],[-84.1051,35.962],[-84.1098,35.9594],[-84.1164,35.9553],[-84.1177,35.9551],[-84.1221,35.9527],[-84.1237,35.9533],[-84.1246,35.954],[-84.1256,35.9558],[-84.1273,35.9569],[-84.128,35.9571],[-84.131,35.9571],[-84.1365,35.9566],[-84.1382,35.9565],[-84.1424,35.9558],[-84.1437,35.9553],[-84.1498,35.9532],[-84.1524,35.952],[-84.1574,35.9502],[-84.1561,35.9468],[-84.1551,35.9446],[-84.1536,35.9426],[-84.1518,35.9407],[-84.1546,35.9391],[-84.1565,35.9388],[-84.159,35.9374],[-84.1617,35.9357],[-84.1642,35.9344],[-84.1651,35.9329],[-84.1651,35.9309],[-84.1642,35.9291],[-84.1634,35.9285],[-84.1666,35.9264],[-84.1708,35.9238],[-84.1757,35.9205],[-84.1801,35.9176],[-84.1843,35.9156],[-84.1881,35.9137],[-84.1919,35.9127],[-84.1951,35.9116],[-84.1983,35.9098],[-84.2004,35.9083],[-84.2021,35.9069],[-84.2045,35.9052],[-84.2057,35.9041],[-84.2102,35.9011],[-84.214,35.898],[-84.2201,35.8942],[-84.2216,35.8929],[-84.2224,35.8919],[-84.2232,35.8903],[-84.2233,35.8884],[-84.2255,35.8883],[-84.2279,35.8868],[-84.2326,35.8826],[-84.2342,35.8815],[-84.2346,35.8808],[-84.2358,35.8804],[-84.2374,35.8812],[-84.2373,35.8782],[-84.238,35.8741],[-84.2055,35.8439],[-84.2043,35.8424],[-84.2026,35.8414],[-84.1687,35.81],[-84.1654,35.8068],[-84.1662,35.8051],[-84.164,35.8039],[-84.1621,35.8019],[-84.1614,35.8],[-84.1612,35.7976],[-84.1597,35.7952],[-84.1553,35.7941],[-84.1524,35.7938],[-84.1467,35.795],[-84.1443,35.7958],[-84.1416,35.7977],[-84.1395,35.8001],[-84.1391,35.8013],[-84.1393,35.8035],[-84.1388,35.805],[-84.1376,35.806],[-84.1372,35.8076],[-84.1376,35.8089],[-84.1394,35.8103],[-84.1399,35.8112],[-84.1409,35.8145],[-84.1426,35.8185],[-84.1426,35.8203],[-84.1424,35.822],[-84.1418,35.8236],[-84.1398,35.8261],[-84.1388,35.8278],[-84.1349,35.8313],[-84.1342,35.8333],[-84.1345,35.8351],[-84.1358,35.8368],[-84.1378,35.8385],[-84.142,35.841],[-84.1451,35.8426],[-84.1471,35.845],[-84.1472,35.8463],[-84.1466,35.8488],[-84.1457,35.8496],[-84.1433,35.8499],[-84.136,35.8512],[-84.1342,35.8513],[-84.1316,35.851],[-84.1299,35.85],[-84.1289,35.8486],[-84.1284,35.8475],[-84.1268,35.8457],[-84.1249,35.8447],[-84.1228,35.8445],[-84.1222,35.8428],[-84.1227,35.841],[-84.1245,35.838],[-84.1246,35.8371],[-84.1256,35.8363],[-84.1265,35.836],[-84.1259,35.833],[-84.1242,35.8315],[-84.1223,35.8309],[-84.1203,35.8311],[-84.1173,35.8324],[-84.1151,35.8343],[-84.1128,35.8367],[-84.1078,35.841],[-84.1056,35.8428],[-84.1034,35.844],[-84.0999,35.8452],[-84.0963,35.8463],[-84.0889,35.8493],[-84.0838,35.8506],[-84.081,35.8513],[-84.0798,35.8513],[-84.0781,35.8504],[-84.075,35.848],[-84.0732,35.8472],[-84.0713,35.8449],[-84.0699,35.8441],[-84.0695,35.8433],[-84.0693,35.8396],[-84.0699,35.8387],[-84.07,35.8375],[-84.0691,35.8352],[-84.0677,35.8334],[-84.0676,35.8318],[-84.0669,35.8307],[-84.0638,35.8293],[-84.0618,35.8286],[-84.0597,35.8277],[-84.0583,35.8274],[-84.055,35.8276],[-84.0524,35.8299],[-84.0508,35.8319],[-84.0503,35.8331],[-84.05,35.8353],[-84.05,35.8384],[-84.0514,35.8428],[-84.0522,35.8447],[-84.0524,35.8466],[-84.0519,35.8488],[-84.0511,35.8503],[-84.0499,35.8513],[-84.0469,35.8525],[-84.0417,35.8537],[-84.0369,35.854],[-84.0337,35.8537],[-84.0314,35.8527],[-84.0304,35.8519],[-84.0275,35.849],[-84.0268,35.8472],[-84.0265,35.8459],[-84.0259,35.8452],[-84.0244,35.8416],[-84.0234,35.8405],[-84.02,35.8393],[-84.0174,35.8395],[-84.0142,35.8406],[-84.0119,35.842],[-84.0104,35.8431],[-84.009,35.8446],[-84.008,35.8465],[-84.0069,35.8476],[-84.0064,35.8487],[-84.0062,35.8529],[-84.0069,35.8569],[-84.0086,35.8603],[-84.0095,35.8619],[-84.0104,35.8641],[-84.0114,35.8653],[-84.0138,35.8672],[-84.0181,35.869],[-84.0215,35.8693],[-84.0244,35.8693],[-84.0271,35.8709],[-84.0281,35.872],[-84.0287,35.8737],[-84.0287,35.8752],[-84.0284,35.876],[-84.0268,35.8773],[-84.025,35.8777],[-84.0228,35.8774],[-84.0208,35.8766],[-84.0172,35.8754],[-84.0128,35.8749],[-84.0103,35.8749],[-84.0086,35.8751],[-84.0059,35.8763],[-84.003,35.8784],[-84.0015,35.8811],[-84.0001,35.8828],[-83.9975,35.884],[-83.9958,35.8841],[-83.994,35.8832],[-83.9932,35.8821],[-83.9928,35.8798],[-83.9909,35.8785],[-83.9872,35.8778],[-83.9851,35.8763],[-83.9844,35.8757],[-83.9831,35.8736],[-83.9831,35.8712],[-83.9816,35.8688],[-83.9797,35.8675],[-83.9766,35.8647],[-83.9754,35.8634],[-83.9746,35.8631],[-83.9725,35.864],[-83.9687,35.867],[-83.9679,35.8672],[-83.9669,35.8669],[-83.9659,35.8672],[-83.9632,35.8699],[-83.9622,35.8711],[-83.962,35.8726],[-83.9611,35.8738],[-83.9577,35.8733],[-83.9554,35.8737],[-83.9505,35.8754],[-83.9493,35.8749],[-83.9464,35.8764],[-83.9457,35.8761],[-83.9453,35.8735],[-83.9435,35.8719],[-83.9433,35.8728],[-83.9423,35.8741],[-83.9388,35.8778],[-83.9376,35.8823],[-83.9376,35.8883],[-83.932,35.889],[-83.9304,35.8894],[-83.9245,35.8894],[-83.9198,35.8889],[-83.9185,35.8891],[-83.9153,35.8904],[-83.9115,35.8911],[-83.9065,35.8918],[-83.8972,35.893],[-83.8926,35.8934],[-83.8888,35.8949],[-83.8856,35.896],[-83.8744,35.8992],[-83.8744,35.8977],[-83.8731,35.8956],[-83.8704,35.8954],[-83.8674,35.896],[-83.8664,35.8957],[-83.8646,35.8959],[-83.8604,35.8975],[-83.8592,35.8975],[-83.857,35.8958],[-83.8539,35.8954],[-83.8536,35.8944],[-83.8495,35.8932],[-83.8488,35.8928],[-83.8444,35.8915],[-83.8383,35.8929],[-83.8361,35.8939],[-83.8346,35.8952],[-83.8273,35.8991],[-83.8263,35.9],[-83.8273,35.9023],[-83.8289,35.9041],[-83.8317,35.9061],[-83.8364,35.9072],[-83.8398,35.9078],[-83.833,35.9122],[-83.8315,35.9135],[-83.8297,35.9166],[-83.8291,35.9174],[-83.8262,35.9195],[-83.8248,35.9207],[-83.8214,35.9225],[-83.8194,35.9233],[-83.8139,35.9257],[-83.8114,35.927],[-83.8106,35.9279],[-83.8102,35.9293],[-83.8104,35.9312],[-83.8133,35.9386],[-83.8133,35.9402],[-83.8125,35.9416],[-83.8074,35.9461],[-83.8062,35.9476],[-83.8057,35.949],[-83.8064,35.9507],[-83.8075,35.9509],[-83.8096,35.9524],[-83.8104,35.9533],[-83.8138,35.955],[-83.8159,35.9562],[-83.8178,35.9577],[-83.8163,35.9583],[-83.8194,35.9615],[-83.822,35.9628],[-83.8223,35.9645],[-83.8221,35.9655],[-83.8229,35.9664],[-83.8253,35.9668],[-83.8276,35.9675],[-83.8276,35.9709],[-83.8271,35.9728],[-83.8258,35.9769],[-83.8253,35.9801],[-83.823,35.9804],[-83.819,35.9809],[-83.8164,35.9805],[-83.8149,35.9805],[-83.8129,35.9809],[-83.811,35.9818],[-83.8072,35.9829],[-83.804,35.9839],[-83.8012,35.9851],[-83.7986,35.9865],[-83.7946,35.9881],[-83.7884,35.989],[-83.787,35.9902],[-83.7854,35.9874],[-83.7849,35.9853],[-83.7828,35.9846],[-83.7793,35.9844],[-83.7786,35.9827],[-83.7795,35.981],[-83.7763,35.9812],[-83.7743,35.9811],[-83.772,35.9805],[-83.7704,35.9805],[-83.7698,35.9824],[-83.7688,35.9841],[-83.7665,35.9854],[-83.7654,35.987],[-83.7658,35.9915],[-83.7638,35.9935],[-83.7645,35.9946],[-83.7649,35.9979],[-83.7658,36.0007],[-83.7668,36.003],[-83.7622,36.0034],[-83.7571,36.0041],[-83.7507,36.0044],[-83.7445,36.0038],[-83.7388,36.0025],[-83.7291,35.9989],[-83.7242,35.9975],[-83.7223,35.9971],[-83.7229,35.9962],[-83.7232,35.9942],[-83.7178,35.9957],[-83.7176,35.9963],[-83.7139,35.9959],[-83.7074,35.9959],[-83.7029,35.9956],[-83.7005,35.9945],[-83.6968,35.989],[-83.693,35.9892],[-83.6914,35.9902],[-83.6876,35.9903],[-83.6844,35.9917],[-83.6809,35.9922],[-83.6809,35.9999],[-83.6837,36.004],[-83.6855,36.0037],[-83.691,36.0047],[-83.6956,36.0043],[-83.7024,36.003],[-83.7068,36.0002],[-83.7098,35.9974],[-83.717,35.9978],[-83.718,35.9979],[-83.7182,35.9991],[-83.7199,35.9989],[-83.721,35.9984],[-83.7245,35.9989],[-83.7298,36.0012],[-83.7432,36.0056],[-83.7536,36.0061],[-83.7668,36.0043],[-83.7671,36.0053],[-83.7682,36.0069],[-83.7687,36.008],[-83.7661,36.0096],[-83.7628,36.0129],[-83.7603,36.0144],[-83.763,36.017],[-83.7654,36.0203],[-83.768,36.0205],[-83.7687,36.0209],[-83.771,36.0248],[-83.7723,36.0267],[-83.7732,36.0272],[-83.7747,36.0288],[-83.7801,36.0299],[-83.7803,36.0321],[-83.7816,36.0332],[-83.7816,36.034],[-83.7825,36.0358],[-83.7843,36.0367],[-83.786,36.0369],[-83.7874,36.0376],[-83.7926,36.0449],[-83.794,36.0459],[-83.7955,36.0465],[-83.7981,36.0477],[-83.7995,36.0481],[-83.8012,36.0492],[-83.8016,36.0499],[-83.8032,36.0517],[-83.8039,36.0536],[-83.8045,36.0566],[-83.8048,36.0572],[-83.8086,36.0625],[-83.8106,36.0603],[-83.8186,36.0569],[-83.8242,36.0548],[-83.8284,36.0516],[-83.8298,36.0511],[-83.8349,36.0477],[-83.8362,36.0464],[-83.838,36.0454],[-83.84,36.0437],[-83.8422,36.0426],[-83.8433,36.0413],[-83.8444,36.041],[-83.8465,36.0445],[-83.8477,36.0476],[-83.8469,36.0494],[-83.8471,36.0532],[-83.8484,36.0542],[-83.8501,36.0575],[-83.8495,36.0585],[-83.8503,36.0607],[-83.8521,36.0611],[-83.8531,36.0618],[-83.856,36.0624],[-83.8567,36.0633],[-83.8616,36.0613],[-83.8655,36.0592],[-83.8669,36.0579],[-83.8674,36.058],[-83.8686,36.0613],[-83.8695,36.0625],[-83.8707,36.0621],[-83.8719,36.0636],[-83.8731,36.0659],[-83.8732,36.0678],[-83.8742,36.0691],[-83.8764,36.0685],[-83.8778,36.067],[-83.8792,36.0666],[-83.8805,36.0666],[-83.8815,36.0669],[-83.8841,36.0672],[-83.883,36.0691],[-83.8826,36.0731],[-83.8819,36.0738],[-83.8797,36.0769],[-83.8797,36.0779],[-83.882,36.077],[-83.8849,36.075],[-83.889,36.0738],[-83.8926,36.0714],[-83.8939,36.0726],[-83.8959,36.0751],[-83.8971,36.0756],[-83.899,36.0796],[-83.8997,36.0832],[-83.8987,36.0845],[-83.8993,36.086],[-83.8993,36.0873],[-83.8996,36.0884],[-83.9016,36.0913],[-83.8993,36.0933],[-83.8967,36.096],[-83.8959,36.097],[-83.8955,36.0983]]]},"properties":{"OBJECTID":5133},"id":5133},
{"type":"Feature","geometry":{"type":"Polygon","coordinates":[[[-80.8209,35.626],[-80.823,35.6258],[-80.8243,35.625],[-80.8247,35.6232],[-80.8245,35.6212],[-80.8213,35.6214],[-80.8213,35.6207],[-80.8201,35.6204],[-80.8183,35.6207],[-80.8186,35.6221],[-80.8191,35.6221],[-80.8212,35.625],[-80.8209,35.626]]]},"properties":{"OBJECTID":5138},"id":5138},
{"type":"Feature","geometry":{"type":"Polygon","coordinates":[[[-79.9183,35.8738],[-79.9198,35.8736],[-79.9249,35.8738],[-79.9251,35.8699],[-79.9228,35.8699],[-79.9194,35.8701],[-79.9183,35.8738]]]},"properties":{"OBJECTID":5142},"id":5142},
{"type":"Feature","geometry":{"type":"Polygon","coordinates":[[[-78.8607,35.6171],[-78.8581,35.6178],[-78.8573,35.6197],[-78.8577,35.6201],[-78.864,35.6203],[-78.8641,35.6175],[-78.8609,35.6174],[-78.8607,35.6171]]]},"properties":{"OBJECTID":5145},"id":5145},
{"type":"Feature","geometry":{"type":"Polygon","coordinates":[[[-80.9171,35.5715],[-80.9182,35.5726],[-80.9184,35.5713],[-80.9195,35.571],[-80.9193,35.5683],[-80.9194,35.5677],[-80.9162,35.5673],[-80.9157,35.5648],[-80.9126,35.5653],[-80.9119,35.5642],[-80.9107,35.5648],[-80.909,35.5662],[-80.9119,35.5678],[-80.9104,35.5692],[-80.916,35.5717],[-80.9171,35.5715]]]},"properties":{"OBJECTID":5146},"id":5146},
{"type":"Feature","geometry":{"type":"Polygon","coordinates":[[[-78.7646,35.6077],[-78.7643,35.6156],[-78.7722,35.6159],[-78.7721,35.617],[-78.7748,35.617],[-78.7752,35.6148],[-78.7755,35.6121],[-78.7759,35.611],[-78.7755,35.6094],[-78.7742,35.6077],[-78.7646,35.6075],[-78.7646,35.6077]]]},"properties":{"OBJECTID":5151},"id":5151},
{"type":"Feature","geometry":{"type":"Polygon","coordinates":[[[-79.7658,35.7314],[-79.7657,35.7336],[-79.7729,35.7338],[-79.7729,35.735],[-79.7747,35.7344],[-79.7788,35.734],[-79.779,35.7305],[-79.78,35.7305],[-79.7786,35.7284],[-79.7767,35.728],[-79.7758,35.7281],[-79.7752,35.729],[-79.7747,35.7305],[-79.7729,35.7304],[-79.7731,35.726],[-79.7697,35.7278],[-79.7658,35.7291],[-79.7658,35.7314]]]},"properties":{"OBJECTID":5160},"id":5160},
{"type":"Feature","geometry":{"type":"Polygon","coordinates":[[[-80.7213,34.9026],[-80.7216,34.9035],[-80.7242,34.9041],[-80.7251,34.9024],[-80.7262,34.9027],[-80.7281,34.9009],[-80.723,34.898],[-80.7212,34.9003],[-80.7213,34.9026]]]},"properties":{"OBJECTID":5169},"id":5169},
{"type":"Feature","geometry":{"type":"Polygon","coordinates":[[[-78.9265,35.6988],[-78.926,35.7],[-78.9285,35.7006],[-78.9285,35.7013],[-78.9305,35.7012],[-78.9307,35.6988],[-78.9265,35.6988]]]},"properties":{"OBJECTID":5170},"id":5170},
{"type":"Feature","geometry":{"type":"Polygon","coordinates":[[[-80.807,34.9738],[-80.8055,34.9735],[-80.8052,34.9748],[-80.8068,34.975],[-80.807,34.9738]]]},"properties":{"OBJECTID":5173},"id":5173},
{"type":"Feature","geometry":{"type":"Polygon","coordinates":[[[-80.6806,34.9906],[-80.6809,34.9911],[-80.6814,34.9907],[-80.6806,34.9906]]]},"properties":{"OBJECTID":5174},"id":5174},
{"type":"Feature","geometry":{"type":"Polygon","coordinates":[[[-77.8178,36.0486],[-77.8182,36.0486],[-77.8183,36.0483],[-77.8179,36.0483],[-77.8178,36.0486]]]},"properties":{"OBJECTID":5175},"id":5175},
{"type":"Feature","geometry":{"type":"Polygon","coordinates":[[[-79.6435,36.0711],[-79.6433,36.0724],[-79.6448,36.0726],[-79.6484,36.0727],[-79.6483,36.0736],[-79.656,36.0739],[-79.661,36.0741],[-79.661,36.0733],[-79.658,36.0729],[-79.6579,36.0715],[-79.6549,36.0696],[-79.6526,36.0702],[-79.6508,36.0697],[-79.65,36.069],[-79.6488,36.0687],[-79.6469,36.0674],[-79.6462,36.0674],[-79.6454,36.0681],[-79.6451,36.0711],[-79.6435,36.0711]]]},"properties":{"OBJECTID":5178},"id":5178},
{"type":"Feature","geometry":{"type":"Polygon","coordinates":[[[-82.1541,34.9046],[-82.1542,34.9112],[-82.1552,34.9097],[-82.1556,34.9078],[-82.1571,34.905],[-82.1548,34.9036],[-82.1541,34.9046]]]},"properties":{"OBJECTID":5192},"id":5192},
{"type":"Feature","geometry":{"type":"Polygon","coordinates":[[[-77.7332,36.0742],[-77.7972,36.0352],[-77.7978,36.0358],[-77.7992,36.0361],[-77.8013,36.0338],[-77.801,36.0329],[-77.8117,36.0264],[-77.8116,36.0263],[-77.8121,36.0076],[-77.8297,36.001],[-77.8336,36.0011],[-77.8335,35.9996],[-77.8355,35.9989],[-77.8722,35.9945],[-77.8739,35.9929],[-77.8746,35.9932],[-77.8781,35.9961],[-77.8821,35.9965],[-77.8834,35.997],[-77.8844,35.9964],[-77.8851,35.9899],[-77.8842,35.9895],[-77.884,35.9885],[-77.8829,35.989],[-77.881,35.9882],[-77.8811,35.9874],[-77.8797,35.9873],[-77.8953,35.9723],[-77.8964,35.9723],[-77.8964,35.9713],[-77.8994,35.961],[-77.9085,35.9479],[-77.903,35.9317],[-77.8931,35.9451],[-77.8714,35.9432],[-77.8454,35.9208],[-77.8332,35.914],[-77.8332,35.9118],[-77.8342,35.9121],[-77.8342,35.9134],[-77.8354,35.913],[-77.8387,35.9129],[-77.8387,35.9117],[-77.8405,35.9112],[-77.8409,35.9091],[-77.8381,35.9097],[-77.8377,35.9088],[-77.8356,35.9093],[-77.8358,35.9101],[-77.8327,35.9113],[-77.8308,35.9127],[-77.8151,35.9055],[-77.819,35.9053],[-77.8203,35.9051],[-77.8204,35.9042],[-77.8216,35.9042],[-77.8221,35.9049],[-77.8222,35.9067],[-77.8259,35.907],[-77.8266,35.9072],[-77.8269,35.9079],[-77.829,35.9079],[-77.8287,35.9071],[-77.83,35.9071],[-77.83,35.9064],[-77.8284,35.9064],[-77.8278,35.9048],[-77.8285,35.9047],[-77.8285,35.9029],[-77.8318,35.9038],[-77.8312,35.9043],[-77.8315,35.9056],[-77.831,35.9057],[-77.8312,35.9071],[-77.8326,35.9071],[-77.8338,35.9064],[-77.8337,35.9053],[-77.8327,35.9053],[-77.8326,35.9042],[-77.8329,35.9027],[-77.834,35.9027],[-77.8346,35.9012],[-77.8337,35.9011],[-77.8331,35.9005],[-77.831,35.9006],[-77.831,35.9001],[-77.828,35.9003],[-77.8281,35.8986],[-77.8273,35.8984],[-77.8255,35.8987],[-77.8245,35.8961],[-77.8222,35.8967],[-77.8216,35.8988],[-77.8235,35.8998],[-77.8238,35.9006],[-77.8237,35.902],[-77.8223,35.9018],[-77.8223,35.9028],[-77.8207,35.9032],[-77.8206,35.9024],[-77.8187,35.9028],[-77.818,35.9035],[-77.8165,35.9037],[-77.8156,35.9032],[-77.8154,35.9044],[-77.8129,35.9045],[-77.8138,35.9025],[-77.8154,35.9026],[-77.8163,35.9007],[-77.8162,35.8997],[-77.815,35.8996],[-77.817,35.8947],[-77.8164,35.8943],[-77.8151,35.8973],[-77.8143,35.8969],[-77.8176,35.8887],[-77.8164,35.8882],[-77.8137,35.8943],[-77.8105,35.8942],[-77.8103,35.8945],[-77.8075,35.8944],[-77.8074,35.8968],[-77.807,35.8992],[-77.8089,35.8994],[-77.8086,35.9004],[-77.8098,35.9004],[-77.8097,35.901],[-77.8084,35.901],[-77.808,35.9023],[-77.8061,35.9071],[-77.8053,35.9075],[-77.805,35.9066],[-77.8009,35.9066],[-77.7999,35.9062],[-77.7997,35.9076],[-77.8004,35.9077],[-77.8005,35.9089],[-77.8023,35.909],[-77.7902,35.9151],[-77.7895,35.9145],[-77.7897,35.9126],[-77.7881,35.9126],[-77.7879,35.9163],[-77.7562,35.9079],[-77.747,35.9096],[-77.7308,35.9291],[-77.7148,35.9734],[-77.7309,36.0134],[-77.7332,36.0742]]]},"properties":{"OBJECTID":5198},"id":5198},
{"type":"Feature","geometry":{"type":"Polygon","coordinates":[[[-80.8838,35.5972],[-80.885,35.5976],[-80.8859,35.5959],[-80.8857,35.5954],[-80.8838,35.5972]]]},"properties":{"OBJECTID":5204},"id":5204},
{"type":"Feature","geometry":{"type":"Polygon","coordinates":[[[-79.9446,36.135],[-79.9446,36.1359],[-79.9449,36.1357],[-79.9446,36.135]]]},"properties":{"OBJECTID":5212},"id":5212},
{"type":"Feature","geometry":{"type":"Polygon","coordinates":[[[-80.6876,34.9956],[-80.6866,34.9941],[-80.686,34.9943],[-80.6876,34.9956]]]},"properties":{"OBJECTID":5214},"id":5214},
{"type":"Feature","geometry":{"type":"Polygon","coordinates":[[[-80.8891,35.7556],[-80.8886,35.7566],[-80.8888,35.7579],[-80.8898,35.7588],[-80.8918,35.7579],[-80.8913,35.7556],[-80.8892,35.7553],[-80.8891,35.7556]]]},"properties":{"OBJECTID":5219},"id":5219},
{"type":"Feature","geometry":{"type":"Polygon","coordinates":[[[-78.718,35.5989],[-78.7183,35.5996],[-78.72,35.5996],[-78.72,35.6002],[-78.7235,35.6007],[-78.7235,35.6015],[-78.7254,35.6004],[-78.7263,35.5995],[-78.7273,35.5973],[-78.7272,35.5966],[-78.7294,35.5966],[-78.7294,35.5953],[-78.7276,35.594],[-78.7272,35.5948],[-78.7272,35.5966],[-78.7131,35.5963],[-78.7123,35.5954],[-78.7123,35.5946],[-78.7104,35.5944],[-78.7104,35.5962],[-78.7097,35.5985],[-78.7155,35.6002],[-78.7164,35.6],[-78.7164,35.5988],[-78.718,35.5989]]]},"properties":{"OBJECTID":5221},"id":5221},
{"type":"Feature","geometry":{"type":"Polygon","coordinates":[[[-80.4559,35.6254],[-80.4565,35.6261],[-80.4573,35.6248],[-80.4559,35.6254]]]},"properties":{"OBJECTID":5239},"id":5239},
{"type":"Feature","geometry":{"type":"Polygon","coordinates":[[[-79.2284,36.0795],[-79.2288,36.08],[-79.2296,36.0794],[-79.2284,36.0795]]]},"properties":{"OBJECTID":5243},"id":5243},
{"type":"Feature","geometry":{"type":"Polygon","coordinates":[[[-78.824,35.5972],[-78.8239,35.5989],[-78.8266,35.599],[-78.8271,35.5972],[-78.824,35.5972]]]},"properties":{"OBJECTID":5245},"id":5245},
{"type":"Feature","geometry":{"type":"Polygon","coordinates":[[[-77.9706,35.7477],[-77.9709,35.7481],[-77.9723,35.7474],[-77.972,35.7467],[-77.9706,35.7477]]]},"properties":{"OBJECTID":5247},"id":5247},
{"type":"Feature","geometry":{"type":"Polygon","coordinates":[[[-78.0724,34.2733],[-78.0713,34.2758],[-78.0738,34.2739],[-78.0759,34.2714],[-78.0774,34.2686],[-78.0784,34.266],[-78.0779,34.2654],[-78.0778,34.2607],[-78.0735,34.2604],[-78.0731,34.2643],[-78.067,34.2638],[-78.0662,34.2679],[-78.0696,34.2679],[-78.0664,34.2746],[-78.0717,34.2731],[-78.0724,34.2733]]]},"properties":{"OBJECTID":5257},"id":5257},
{"type":"Feature","geometry":{"type":"Polygon","coordinates":[[[-79.7211,36.0454],[-79.721,36.0483],[-79.7219,36.0484],[-79.722,36.0444],[-79.7211,36.0443],[-79.7211,36.0454]]]},"properties":{"OBJECTID":5259},"id":5259},
{"type":"Feature","geometry":{"type":"Polygon","coordinates":[[[-80.6825,34.9907],[-80.6827,34.9919],[-80.6838,34.9915],[-80.6846,34.9902],[-80.6835,34.9901],[-80.682,34.9893],[-80.6825,34.9907]]]},"properties":{"OBJECTID":5261},"id":5261},
{"type":"Feature","geometry":{"type":"Polygon","coordinates":[[[-78.894,35.7031],[-78.8963,35.7028],[-78.8966,35.7018],[-78.8942,35.7017],[-78.894,35.7031]]]},"properties":{"OBJECTID":5263},"id":5263},
{"type":"Feature","geometry":{"type":"Polygon","coordinates":[[[-80.0476,36.0135],[-80.0467,36.0148],[-80.0466,36.0169],[-80.0486,36.0137],[-80.0476,36.0135]]]},"properties":{"OBJECTID":5268},"id":5268},
{"type":"Feature","geometry":{"type":"Polygon","coordinates":[[[-78.7516,35.6218],[-78.7528,35.6224],[-78.7528,35.6221],[-78.7516,35.6218]]]},"properties":{"OBJECTID":5269},"id":5269},
{"type":"Feature","geometry":{"type":"Polygon","coordinates":[[[-78.9457,35.731],[-78.9467,35.7312],[-78.9475,35.731],[-78.948,35.729],[-78.9481,35.7276],[-78.9458,35.7276],[-78.9459,35.7248],[-78.945,35.7246],[-78.9444,35.7255],[-78.9451,35.726],[-78.9415,35.7268],[-78.9419,35.7284],[-78.9413,35.7289],[-78.9412,35.7303],[-78.9417,35.731],[-78.9457,35.731]]]},"properties":{"OBJECTID":5271},"id":5271},
{"type":"Feature","geometry":{"type":"Polygon","coordinates":[[[-78.9215,34.9928],[-78.9226,34.9933],[-78.9229,34.9927],[-78.9217,34.9924],[-78.9215,34.9928]]]},"properties":{"OBJECTID":5277},"id":5277},
{"type":"Feature","geometry":{"type":"Polygon","coordinates":[[[-80.6877,34.9906],[-80.6873,34.9911],[-80.6879,34.9913],[-80.6882,34.9908],[-80.6877,34.9906]]]},"properties":{"OBJECTID":5279},"id":5279},
{"type":"Feature","geometry":{"type":"Polygon","coordinates":[[[-79.9256,35.8638],[-79.9256,35.8646],[-79.9275,35.8647],[-79.9276,35.8636],[-79.9351,35.8639],[-79.9362,35.8606],[-79.9352,35.8603],[-79.9318,35.8601],[-79.9321,35.8586],[-79.9281,35.857],[-79.9281,35.859],[-79.9259,35.859],[-79.9256,35.8626],[-79.9256,35.8638]]]},"properties":{"OBJECTID":5281},"id":5281},
{"type":"Feature","geometry":{"type":"Polygon","coordinates":[[[-80.8445,35.5998],[-80.8448,35.6005],[-80.8452,35.6002],[-80.8449,35.5996],[-80.8445,35.5998]]]},"properties":{"OBJECTID":5283},"id":5283},
{"type":"Feature","geometry":{"type":"Polygon","coordinates":[[[-79.9302,35.9108],[-79.9303,35.9101],[-79.9295,35.9101],[-79.9302,35.9108]]]},"properties":{"OBJECTID":5291},"id":5291},
{"type":"Feature","geometry":{"type":"Polygon","coordinates":[[[-80.6845,34.9604],[-80.6879,34.9615],[-80.6876,34.9586],[-80.6877,34.9564],[-80.6832,34.9569],[-80.6827,34.9568],[-80.6845,34.9604]]]},"properties":{"OBJECTID":5300},"id":5300},
{"type":"Feature","geometry":{"type":"Polygon","coordinates":[[[-79.6656,36.0475],[-79.6656,36.048],[-79.6662,36.048],[-79.666,36.047],[-79.6656,36.0475]]]},"properties":{"OBJECTID":5303},"id":5303},
{"type":"Feature","geometry":{"type":"Polygon","coordinates":[[[-80.0635,35.9392],[-80.0635,35.9382],[-80.0685,35.9384],[-80.0687,35.9358],[-80.0707,35.9357],[-80.0706,35.9352],[-80.0687,35.9353],[-80.0688,35.9339],[-80.0664,35.934],[-80.0662,35.9343],[-80.0635,35.9332],[-80.0638,35.9327],[-80.0603,35.9321],[-80.0601,35.9365],[-80.0623,35.9365],[-80.0628,35.9372],[-80.0627,35.9392],[-80.0635,35.9392]]]},"properties":{"OBJECTID":5306},"id":5306},
{"type":"Feature","geometry":{"type":"Polygon","coordinates":[[[-80.6879,35.0005],[-80.6883,35.0006],[-80.6884,35.0003],[-80.6879,35.0002],[-80.6879,35.0005]]]},"properties":{"OBJECTID":5307},"id":5307},
{"type":"Feature","geometry":{"type":"Polygon","coordinates":[[[-80.8117,35.6316],[-80.8109,35.6322],[-80.8102,35.6338],[-80.8107,35.6338],[-80.8109,35.6352],[-80.8104,35.6353],[-80.8104,35.6364],[-80.8132,35.6366],[-80.8145,35.6352],[-80.8142,35.6315],[-80.8117,35.6316]]]},"properties":{"OBJECTID":5318},"id":5318},
{"type":"Feature","geometry":{"type":"Polygon","coordinates":[[[-80.6896,34.9913],[-80.6901,34.991],[-80.6899,34.9909],[-80.6896,34.9913]]]},"properties":{"OBJECTID":5319},"id":5319},
{"type":"Feature","geometry":{"type":"Polygon","coordinates":[[[-81.3521,32.1059],[-81.3551,32.1107],[-81.3659,32.1146],[-81.3776,32.1061],[-81.3771,32.1055],[-81.3785,32.1046],[-81.3789,32.1052],[-81.3826,32.1025],[-81.3816,32.1006],[-81.3792,32.1015],[-81.3763,32.0978],[-81.3714,32.0993],[-81.3612,32.0895],[-81.3561,32.0918],[-81.3533,32.0932],[-81.354,32.0913],[-81.3522,32.0906],[-81.3505,32.0896],[-81.3501,32.089],[-81.3524,32.0863],[-81.3521,32.0859],[-81.346,32.0855],[-81.3461,32.0805],[-81.3496,32.0805],[-81.3526,32.0839],[-81.3587,32.0831],[-81.3604,32.0852],[-81.362,32.0843],[-81.3698,32.0814],[-81.3697,32.08],[-81.3674,32.0775],[-81.3659,32.0764],[-81.3606,32.073],[-81.3594,32.0717],[-81.358,32.0692],[-81.3559,32.0698],[-81.3549,32.0681],[-81.3531,32.0686],[-81.3524,32.0673],[-81.3497,32.0654],[-81.3467,32.0605],[-81.3388,32.0664],[-81.3365,32.0645],[-81.3339,32.0617],[-81.331,32.0602],[-81.3283,32.0572],[-81.3306,32.056],[-81.3298,32.0547],[-81.3339,32.0524],[-81.334,32.0518],[-81.3332,32.0476],[-81.3329,32.0474],[-81.3264,32.0471],[-81.3267,32.0414],[-81.3239,32.0402],[-81.3213,32.0402],[-81.3259,32.0359],[-81.3249,32.0345],[-81.3228,32.0344],[-81.3199,32.032],[-81.322,32.0319],[-81.3229,32.0308],[-81.3205,32.0282],[-81.3184,32.0256],[-81.3178,32.0259],[-81.3172,32.0251],[-81.3177,32.0247],[-81.3168,32.0238],[-81.3146,32.0263],[-81.314,32.0315],[-81.3127,32.0314],[-81.3113,32.0328],[-81.3041,32.0399],[-81.302,32.0378],[-81.2959,32.0423],[-81.2958,32.0424],[-81.2999,32.0446],[-81.3095,32.05],[-81.3131,32.0461],[-81.3143,32.0469],[-81.3126,32.0486],[-81.3148,32.0501],[-81.3122,32.0512],[-81.3095,32.0527],[-81.3061,32.0537],[-81.3007,32.056],[-81.3092,32.0589],[-81.308,32.0606],[-81.3098,32.0633],[-81.2941,32.0664],[-81.2955,32.0672],[-81.2973,32.07],[-81.2978,32.0721],[-81.2977,32.0733],[-81.298,32.0743],[-81.299,32.0753],[-81.2987,32.0775],[-81.2993,32.0791],[-81.2992,32.0799],[-81.3001,32.0813],[-81.3013,32.0826],[-81.3017,32.0843],[-81.3032,32.0847],[-81.304,32.0842],[-81.3075,32.0849],[-81.3093,32.0855],[-81.3092,32.0866],[-81.3098,32.0875],[-81.3178,32.0881],[-81.3184,32.0879],[-81.3211,32.0868],[-81.3202,32.0818],[-81.3217,32.08],[-81.3231,32.0791],[-81.325,32.0791],[-81.3261,32.0787],[-81.3287,32.0797],[-81.3294,32.0797],[-81.334,32.0783],[-81.3343,32.0851],[-81.3349,32.0892],[-81.335,32.0906],[-81.3386,32.0898],[-81.3395,32.0922],[-81.3402,32.0921],[-81.3393,32.0896],[-81.3404,32.0893],[-81.3402,32.092],[-81.3417,32.0916],[-81.3419,32.0924],[-81.3441,32.092],[-81.3458,32.0936],[-81.3477,32.0927],[-81.3494,32.0927],[-81.3505,32.092],[-81.3513,32.093],[-81.3452,32.0969],[-81.3469,32.1017],[-81.3482,32.1029],[-81.3443,32.1067],[-81.3483,32.1082],[-81.3488,32.1076],[-81.3485,32.1067],[-81.3519,32.1055],[-81.3521,32.1059]]]},"properties":{"OBJECTID":5322},"id":5322},
{"type":"Feature","geometry":{"type":"Polygon","coordinates":[[[-79.2358,36.083],[-79.2362,36.0864],[-79.2385,36.0873],[-79.2377,36.0827],[-79.2358,36.083]]]},"properties":{"OBJECTID":5327},"id":5327},
{"type":"Feature","geometry":{"type":"Polygon","coordinates":[[[-79.2436,36.0641],[-79.244,36.0657],[-79.2423,36.0659],[-79.2432,36.0692],[-79.2426,36.0712],[-79.2478,36.0704],[-79.2461,36.0633],[-79.2443,36.0641],[-79.2436,36.0641]]]},"properties":{"OBJECTID":5328},"id":5328},
{"type":"Feature","geometry":{"type":"Polygon","coordinates":[[[-79.6503,36.0607],[-79.6499,36.0608],[-79.65,36.0614],[-79.6505,36.0613],[-79.6503,36.0607]]]},"properties":{"OBJECTID":5335},"id":5335},
{"type":"Feature","geometry":{"type":"Polygon","coordinates":[[[-83.7457,32.5858],[-83.7456,32.5865],[-83.7481,32.5864],[-83.7481,32.5829],[-83.7458,32.5829],[-83.7457,32.5858]]]},"properties":{"OBJECTID":5337},"id":5337},
{"type":"Feature","geometry":{"type":"Polygon","coordinates":[[[-82.158,34.9193],[-82.159,34.9193],[-82.1596,34.9184],[-82.1613,34.9168],[-82.1622,34.915],[-82.1627,34.9129],[-82.1597,34.9126],[-82.158,34.9113],[-82.157,34.9115],[-82.1564,34.9145],[-82.1555,34.9144],[-82.1544,34.9155],[-82.1557,34.9157],[-82.1551,34.9168],[-82.1562,34.9172],[-82.1566,34.9159],[-82.1587,34.9163],[-82.1587,34.9168],[-82.1606,34.9174],[-82.1596,34.9182],[-82.1581,34.9185],[-82.158,34.9193]]]},"properties":{"OBJECTID":5339},"id":5339},
{"type":"Feature","geometry":{"type":"Polygon","coordinates":[[[-80.0645,36.08],[-80.0655,36.0801],[-80.0659,36.0783],[-80.0653,36.0782],[-80.0635,36.0792],[-80.0645,36.08]]]},"properties":{"OBJECTID":5340},"id":5340},
{"type":"Feature","geometry":{"type":"Polygon","coordinates":[[[-78.8873,35.6097],[-78.8872,35.612],[-78.8892,35.6118],[-78.8892,35.6094],[-78.8903,35.6094],[-78.8903,35.6086],[-78.8873,35.6085],[-78.8873,35.6097]]]},"properties":{"OBJECTID":5351},"id":5351},
{"type":"Feature","geometry":{"type":"Polygon","coordinates":[[[-80.8919,35.6174],[-80.8931,35.6174],[-80.8932,35.616],[-80.8924,35.6152],[-80.891,35.6149],[-80.8911,35.6159],[-80.8919,35.616],[-80.8919,35.6174]]]},"properties":{"OBJECTID":5352},"id":5352},
{"type":"Feature","geometry":{"type":"Polygon","coordinates":[[[-80.6796,34.9935],[-80.6801,34.9935],[-80.68,34.9932],[-80.6796,34.9935]]]},"properties":{"OBJECTID":5354},"id":5354},
{"type":"Feature","geometry":{"type":"Polygon","coordinates":[[[-80.6927,34.9979],[-80.6928,34.9981],[-80.6934,34.998],[-80.6934,34.9978],[-80.6927,34.9979]]]},"properties":{"OBJECTID":5356},"id":5356},
{"type":"Feature","geometry":{"type":"Polygon","coordinates":[[[-80.8359,35.6169],[-80.8354,35.6177],[-80.8357,35.6177],[-80.8359,35.6169]]]},"properties":{"OBJECTID":5358},"id":5358},
{"type":"Feature","geometry":{"type":"Polygon","coordinates":[[[-78.791,35.6206],[-78.7916,35.6199],[-78.7918,35.6172],[-78.7836,35.6172],[-78.7834,35.6189],[-78.7879,35.6189],[-78.7892,35.62],[-78.7903,35.6199],[-78.791,35.6206]]]},"properties":{"OBJECTID":5360},"id":5360},
{"type":"Feature","geometry":{"type":"Polygon","coordinates":[[[-78.8812,35.6247],[-78.8812,35.6259],[-78.8821,35.6264],[-78.8821,35.6249],[-78.8812,35.6247]]]},"properties":{"OBJECTID":5364},"id":5364},
{"type":"Feature","geometry":{"type":"Polygon","coordinates":[[[-78.8327,35.0884],[-78.8338,35.0906],[-78.8355,35.0899],[-78.841,35.0888],[-78.8396,35.0844],[-78.8376,35.0853],[-78.8368,35.0832],[-78.8363,35.0822],[-78.8338,35.0837],[-78.8311,35.0855],[-78.8327,35.0884]]]},"properties":{"OBJECTID":5367},"id":5367},
{"type":"Feature","geometry":{"type":"Polygon","coordinates":[[[-81.1957,35.1693],[-81.1975,35.1699],[-81.1993,35.1699],[-81.2016,35.1693],[-81.2024,35.166],[-81.2018,35.165],[-81.2026,35.1648],[-81.2027,35.163],[-81.2033,35.1619],[-81.2029,35.1614],[-81.2008,35.162],[-81.2001,35.162],[-81.1979,35.1637],[-81.1967,35.1638],[-81.1954,35.1667],[-81.1952,35.1681],[-81.1957,35.1693]]]},"properties":{"OBJECTID":5370},"id":5370},
{"type":"Feature","geometry":{"type":"Polygon","coordinates":[[[-78.9081,34.9452],[-78.9116,34.9426],[-78.9166,34.94],[-78.9165,34.9397],[-78.914,34.9403],[-78.9135,34.9392],[-78.9118,34.9396],[-78.9123,34.9407],[-78.9098,34.9413],[-78.9089,34.9413],[-78.9078,34.9405],[-78.9066,34.9373],[-78.9057,34.9375],[-78.9046,34.937],[-78.9012,34.9391],[-78.9044,34.942],[-78.9048,34.9426],[-78.9068,34.9446],[-78.9081,34.9452]]]},"properties":{"OBJECTID":5377},"id":5377},
{"type":"Feature","geometry":{"type":"Polygon","coordinates":[[[-80.6553,34.9809],[-80.6563,34.9811],[-80.6584,34.9807],[-80.6581,34.9793],[-80.6558,34.9796],[-80.6559,34.9805],[-80.6553,34.9809]]]},"properties":{"OBJECTID":5381},"id":5381},
{"type":"Feature","geometry":{"type":"Polygon","coordinates":[[[-79.2915,36.0455],[-79.2935,36.0478],[-79.2898,36.0505],[-79.2918,36.052],[-79.2933,36.0518],[-79.2933,36.0504],[-79.2948,36.0492],[-79.2962,36.0489],[-79.2975,36.0477],[-79.298,36.0463],[-79.2991,36.0455],[-79.3002,36.0453],[-79.3017,36.0485],[-79.3061,36.0463],[-79.3055,36.0432],[-79.3044,36.0406],[-79.3031,36.0414],[-79.2976,36.0425],[-79.2966,36.0416],[-79.2926,36.0386],[-79.2925,36.04],[-79.2905,36.041],[-79.2898,36.0409],[-79.2895,36.0448],[-79.2912,36.0451],[-79.2915,36.0455]]]},"properties":{"OBJECTID":5385},"id":5385},
{"type":"Feature","geometry":{"type":"Polygon","coordinates":[[[-80.7912,35.608],[-80.7911,35.6088],[-80.7915,35.6095],[-80.7928,35.6075],[-80.7919,35.6073],[-80.7912,35.608]]]},"properties":{"OBJECTID":5387},"id":5387},
{"type":"Feature","geometry":{"type":"Polygon","coordinates":[[[-77.0031,35.1188],[-77.0035,35.1193],[-77.0043,35.1189],[-77.004,35.1184],[-77.0031,35.1188]]]},"properties":{"OBJECTID":5389},"id":5389},
{"type":"Feature","geometry":{"type":"Polygon","coordinates":[[[-80.04,36.1374],[-80.0436,36.1369],[-80.0441,36.1358],[-80.0428,36.1355],[-80.0426,36.1341],[-80.0411,36.1341],[-80.0401,36.1357],[-80.04,36.1374]]]},"properties":{"OBJECTID":5390},"id":5390},
{"type":"Feature","geometry":{"type":"Polygon","coordinates":[[[-80.7137,34.9074],[-80.7128,34.9086],[-80.7123,34.911],[-80.7128,34.9122],[-80.7117,34.9126],[-80.7141,34.9145],[-80.7202,34.912],[-80.7199,34.9081],[-80.7183,34.908],[-80.718,34.9072],[-80.7171,34.9072],[-80.7181,34.9028],[-80.7168,34.9028],[-80.7165,34.9071],[-80.7153,34.9073],[-80.7138,34.9069],[-80.7137,34.9074]]]},"properties":{"OBJECTID":5400},"id":5400},
{"type":"Feature","geometry":{"type":"Polygon","coordinates":[[[-78.9163,35.7266],[-78.9164,35.7272],[-78.9188,35.7265],[-78.9187,35.7243],[-78.9163,35.7238],[-78.9157,35.7245],[-78.9163,35.7266]]]},"properties":{"OBJECTID":5403},"id":5403},
{"type":"Feature","geometry":{"type":"Polygon","coordinates":[[[-82.6874,34.5741],[-82.6875,34.5722],[-82.6863,34.5714],[-82.6856,34.5715],[-82.6852,34.57],[-82.6846,34.5696],[-82.6831,34.5699],[-82.683,34.5709],[-82.6844,34.5718],[-82.685,34.5727],[-82.6851,34.5736],[-82.6859,34.574],[-82.6874,34.5741]]]},"properties":{"OBJECTID":5405},"id":5405},
{"type":"Feature","geometry":{"type":"Polygon","coordinates":[[[-80.807,34.9738],[-80.8077,34.9738],[-80.8079,34.9752],[-80.8094,34.9743],[-80.8104,34.9749],[-80.8114,34.9741],[-80.813,34.974],[-80.8148,34.975],[-80.816,34.9761],[-80.8152,34.9767],[-80.8162,34.9771],[-80.8161,34.9777],[-80.8177,34.9775],[-80.817,34.9757],[-80.8163,34.9749],[-80.8168,34.9745],[-80.815,34.9724],[-80.8138,34.973],[-80.8131,34.9725],[-80.8144,34.9718],[-80.8139,34.9712],[-80.8125,34.9722],[-80.8109,34.9716],[-80.8092,34.9717],[-80.809,34.9734],[-80.8084,34.9734],[-80.8084,34.9717],[-80.8062,34.9714],[-80.8023,34.97],[-80.7995,34.9695],[-80.7999,34.9703],[-80.8019,34.9717],[-80.8025,34.9717],[-80.8027,34.9728],[-80.8036,34.9726],[-80.807,34.9735],[-80.807,34.9738]]]},"properties":{"OBJECTID":5410},"id":5410},
{"type":"Feature","geometry":{"type":"Polygon","coordinates":[[[-80.0361,36.1102],[-80.0383,36.1106],[-80.0383,36.1102],[-80.0361,36.1102]]]},"properties":{"OBJECTID":5413},"id":5413},
{"type":"Feature","geometry":{"type":"Polygon","coordinates":[[[-80.6878,34.9995],[-80.688,34.9995],[-80.688,34.9992],[-80.6879,34.9992],[-80.6878,34.9995]]]},"properties":{"OBJECTID":5419},"id":5419},
{"type":"Feature","geometry":{"type":"Polygon","coordinates":[[[-79.928,35.8856],[-79.9283,35.8858],[-79.9287,35.8853],[-79.9285,35.8852],[-79.928,35.8856]]]},"properties":{"OBJECTID":5430},"id":5430},
{"type":"Feature","geometry":{"type":"Polygon","coordinates":[[[-77.994,35.7216],[-77.9949,35.7217],[-77.9947,35.7206],[-77.9918,35.7205],[-77.9918,35.7216],[-77.994,35.7216]]]},"properties":{"OBJECTID":5435},"id":5435},
{"type":"Feature","geometry":{"type":"Polygon","coordinates":[[[-79.2798,36.0634],[-79.2799,36.0648],[-79.2818,36.0647],[-79.2845,36.0628],[-79.286,36.0602],[-79.2864,36.06],[-79.2865,36.0585],[-79.2878,36.0572],[-79.2901,36.0574],[-79.291,36.0559],[-79.2893,36.0557],[-79.29,36.0547],[-79.2897,36.0538],[-79.2877,36.0535],[-79.285,36.0539],[-79.2824,36.0542],[-79.2818,36.0535],[-79.2811,36.0535],[-79.281,36.0572],[-79.2815,36.059],[-79.2827,36.059],[-79.2843,36.0587],[-79.2827,36.0608],[-79.2828,36.0619],[-79.2816,36.0621],[-79.2815,36.0604],[-79.2805,36.0592],[-79.2796,36.0593],[-79.2792,36.0615],[-79.2787,36.0629],[-79.2798,36.0634]]]},"properties":{"OBJECTID":5436},"id":5436},
{"type":"Feature","geometry":{"type":"Polygon","coordinates":[[[-80.8323,35.6144],[-80.833,35.6146],[-80.8333,35.6141],[-80.8326,35.6139],[-80.8323,35.6144]]]},"properties":{"OBJECTID":5447},"id":5447},
{"type":"Feature","geometry":{"type":"Polygon","coordinates":[[[-78.9215,35.7463],[-78.9216,35.7492],[-78.9227,35.7492],[-78.9223,35.7471],[-78.9237,35.747],[-78.9235,35.7439],[-78.9206,35.7442],[-78.9206,35.7461],[-78.9215,35.7463]]]},"properties":{"OBJECTID":5449},"id":5449},
{"type":"Feature","geometry":{"type":"Polygon","coordinates":[[[-77.8055,35.9066],[-77.8055,35.907],[-77.8057,35.907],[-77.8057,35.9066],[-77.8055,35.9066]]]},"properties":{"OBJECTID":5450},"id":5450},
{"type":"Feature","geometry":{"type":"Polygon","coordinates":[[[-78.8988,35.6985],[-78.9001,35.6986],[-78.9004,35.6977],[-78.8986,35.6976],[-78.8988,35.6985]]]},"properties":{"OBJECTID":5453},"id":5453},
{"type":"Feature","geometry":{"type":"Polygon","coordinates":[[[-78.71,35.6331],[-78.7112,35.6332],[-78.7131,35.6293],[-78.7119,35.6293],[-78.7108,35.6282],[-78.7091,35.6276],[-78.7071,35.6275],[-78.7076,35.6291],[-78.7068,35.6306],[-78.7068,35.6311],[-78.71,35.6331]]]},"properties":{"OBJECTID":5461},"id":5461},
{"type":"Feature","geometry":{"type":"Polygon","coordinates":[[[-79.5616,36.0647],[-79.5646,36.0648],[-79.5654,36.0629],[-79.566,36.062],[-79.5608,36.0615],[-79.5597,36.062],[-79.5594,36.0646],[-79.5616,36.0647]]]},"properties":{"OBJECTID":5465},"id":5465},
{"type":"Feature","geometry":{"type":"Polygon","coordinates":[[[-78.9162,35.695],[-78.9184,35.6953],[-78.9181,35.6929],[-78.9184,35.6915],[-78.9182,35.6899],[-78.9161,35.691],[-78.9162,35.695]]]},"properties":{"OBJECTID":5470},"id":5470},
{"type":"Feature","geometry":{"type":"Polygon","coordinates":[[[-80.7893,35.5882],[-80.7894,35.5883],[-80.7897,35.5878],[-80.7896,35.5877],[-80.7893,35.5882]]]},"properties":{"OBJECTID":5471},"id":5471},
{"type":"Feature","geometry":{"type":"Polygon","coordinates":[[[-80.8108,35.6237],[-80.8061,35.6197],[-80.805,35.6188],[-80.8034,35.6197],[-80.8,35.6233],[-80.8034,35.6264],[-80.8034,35.6276],[-80.8051,35.628],[-80.804,35.629],[-80.8051,35.6293],[-80.8092,35.6294],[-80.8102,35.6314],[-80.8121,35.6314],[-80.8137,35.6305],[-80.815,35.6302],[-80.8175,35.6327],[-80.8181,35.6327],[-80.8185,35.6359],[-80.8214,35.6346],[-80.8252,35.6332],[-80.8245,35.6317],[-80.8243,35.6305],[-80.8212,35.6304],[-80.818,35.6324],[-80.8157,35.63],[-80.8164,35.629],[-80.8176,35.6287],[-80.819,35.6275],[-80.8186,35.6272],[-80.8201,35.6256],[-80.8187,35.6256],[-80.8185,35.6244],[-80.8143,35.6244],[-80.8139,35.6228],[-80.8154,35.6223],[-80.8179,35.6208],[-80.8175,35.6188],[-80.8167,35.6174],[-80.8193,35.6171],[-80.8195,35.6167],[-80.8214,35.6159],[-80.8194,35.614],[-80.8187,35.6131],[-80.8209,35.6121],[-80.8227,35.6124],[-80.8227,35.6131],[-80.8233,35.6137],[-80.826,35.6128],[-80.8298,35.612],[-80.833,35.6122],[-80.8335,35.6108],[-80.8353,35.6119],[-80.8342,35.613],[-80.8357,35.6131],[-80.8349,35.6146],[-80.8389,35.6146],[-80.8413,35.614],[-80.8415,35.6158],[-80.8458,35.6157],[-80.847,35.6158],[-80.8466,35.61],[-80.8451,35.61],[-80.8429,35.6104],[-80.8378,35.6103],[-80.8375,35.6111],[-80.8364,35.6108],[-80.838,35.6085],[-80.838,35.6078],[-80.8313,35.6078],[-80.8305,35.608],[-80.8295,35.6093],[-80.8279,35.6092],[-80.8279,35.6083],[-80.8242,35.6083],[-80.8235,35.6094],[-80.8236,35.6103],[-80.8227,35.6104],[-80.8225,35.6089],[-80.8214,35.6087],[-80.8206,35.6091],[-80.8199,35.6086],[-80.8186,35.6068],[-80.8175,35.6067],[-80.8176,35.602],[-80.8213,35.602],[-80.8213,35.5972],[-80.8238,35.5972],[-80.8238,35.5949],[-80.8262,35.5952],[-80.826,35.5938],[-80.8261,35.5924],[-80.8282,35.5902],[-80.8302,35.5905],[-80.8305,35.5921],[-80.8323,35.5961],[-80.8313,35.5964],[-80.8315,35.5973],[-80.8364,35.5976],[-80.8365,35.5983],[-80.8386,35.5983],[-80.8385,35.5977],[-80.846,35.5973],[-80.8463,35.5995],[-80.8466,35.6005],[-80.8462,35.6012],[-80.8466,35.6031],[-80.8466,35.604],[-80.8459,35.6041],[-80.8448,35.6005],[-80.8435,35.6011],[-80.8426,35.6012],[-80.8433,35.6034],[-80.8393,35.6034],[-80.839,35.6051],[-80.84,35.6051],[-80.8404,35.6062],[-80.8434,35.6062],[-80.8463,35.6063],[-80.8477,35.606],[-80.8487,35.6063],[-80.8503,35.6063],[-80.8506,35.6072],[-80.8496,35.6072],[-80.8496,35.615],[-80.8513,35.6153],[-80.8508,35.6177],[-80.8523,35.619],[-80.8538,35.6177],[-80.8528,35.6167],[-80.8535,35.6163],[-80.8535,35.6091],[-80.8562,35.6081],[-80.8573,35.6079],[-80.8573,35.6066],[-80.8588,35.6066],[-80.8586,35.6058],[-80.8595,35.6005],[-80.8603,35.6006],[-80.8596,35.6066],[-80.8615,35.6067],[-80.863,35.6062],[-80.865,35.6065],[-80.866,35.6076],[-80.8676,35.6081],[-80.8682,35.609],[-80.869,35.6092],[-80.8693,35.608],[-80.8716,35.6086],[-80.872,35.6079],[-80.8731,35.607],[-80.8738,35.6074],[-80.876,35.6072],[-80.8772,35.6057],[-80.8768,35.6035],[-80.8762,35.6046],[-80.8754,35.6045],[-80.8751,35.6021],[-80.8771,35.6013],[-80.878,35.6037],[-80.8789,35.6032],[-80.8803,35.6051],[-80.8813,35.6058],[-80.883,35.6057],[-80.884,35.6049],[-80.8848,35.6034],[-80.8863,35.6037],[-80.887,35.6042],[-80.8893,35.6043],[-80.8906,35.6082],[-80.8889,35.6093],[-80.888,35.6093],[-80.8885,35.6108],[-80.8877,35.6113],[-80.8882,35.612],[-80.8888,35.6136],[-80.8888,35.6145],[-80.8894,35.6152],[-80.8904,35.6153],[-80.8913,35.6134],[-80.8907,35.613],[-80.8912,35.6123],[-80.8913,35.6112],[-80.8923,35.6114],[-80.8934,35.611],[-80.8931,35.6101],[-80.894,35.6082],[-80.8959,35.6092],[-80.8969,35.6103],[-80.8974,35.6091],[-80.8998,35.6098],[-80.9019,35.6094],[-80.9028,35.6088],[-80.9039,35.6098],[-80.9051,35.6099],[-80.9024,35.6059],[-80.8951,35.606],[-80.8964,35.6041],[-80.898,35.603],[-80.8995,35.6009],[-80.9016,35.6019],[-80.9008,35.6032],[-80.9018,35.6036],[-80.9028,35.6015],[-80.9035,35.6013],[-80.9044,35.6004],[-80.9047,35.599],[-80.9011,35.5989],[-80.901,35.5982],[-80.8973,35.5982],[-80.897,35.5996],[-80.8979,35.5996],[-80.8971,35.6018],[-80.8943,35.6007],[-80.8919,35.6006],[-80.8918,35.5981],[-80.891,35.5979],[-80.891,35.592],[-80.8882,35.5984],[-80.8858,35.5978],[-80.884,35.5993],[-80.8829,35.5971],[-80.8831,35.5957],[-80.8825,35.5942],[-80.8839,35.5941],[-80.8856,35.5934],[-80.8876,35.5923],[-80.8886,35.5908],[-80.8925,35.5912],[-80.8925,35.5916],[-80.8945,35.5917],[-80.8946,35.5905],[-80.8952,35.589],[-80.8951,35.5879],[-80.8935,35.5869],[-80.8924,35.5879],[-80.8908,35.5878],[-80.8916,35.5866],[-80.8908,35.585],[-80.8921,35.5853],[-80.8935,35.5844],[-80.8938,35.5854],[-80.8949,35.5856],[-80.8969,35.5867],[-80.8989,35.5873],[-80.8995,35.5869],[-80.8998,35.5857],[-80.9026,35.5856],[-80.9029,35.5849],[-80.9045,35.585],[-80.9055,35.5837],[-80.9052,35.5825],[-80.9035,35.5811],[-80.9031,35.5802],[-80.9017,35.5794],[-80.9006,35.5785],[-80.8993,35.5764],[-80.8993,35.5743],[-80.9003,35.5741],[-80.8953,35.5729],[-80.8916,35.574],[-80.8899,35.575],[-80.8875,35.5766],[-80.8868,35.5774],[-80.8882,35.5775],[-80.8882,35.5785],[-80.8876,35.5787],[-80.8864,35.5778],[-80.8851,35.5789],[-80.8858,35.5796],[-80.8882,35.5793],[-80.8884,35.5845],[-80.8872,35.5846],[-80.8852,35.5845],[-80.883,35.5819],[-80.8813,35.5808],[-80.8803,35.5812],[-80.8793,35.58],[-80.8803,35.5794],[-80.8782,35.5775],[-80.8773,35.5774],[-80.8766,35.5783],[-80.8742,35.5784],[-80.8756,35.5808],[-80.8731,35.5818],[-80.8727,35.581],[-80.8713,35.5811],[-80.8719,35.5822],[-80.8732,35.5821],[-80.8737,35.5841],[-80.8732,35.5843],[-80.87,35.5847],[-80.8677,35.5844],[-80.8674,35.585],[-80.8654,35.5854],[-80.8638,35.5839],[-80.863,35.5825],[-80.8635,35.5821],[-80.862,35.5807],[-80.8606,35.58],[-80.8614,35.5769],[-80.8601,35.5766],[-80.8602,35.5749],[-80.8583,35.5746],[-80.8583,35.5758],[-80.8588,35.5761],[-80.8589,35.5775],[-80.8585,35.5797],[-80.8548,35.5797],[-80.852,35.5792],[-80.8513,35.5787],[-80.8506,35.5741],[-80.8494,35.5734],[-80.8502,35.5706],[-80.851,35.5698],[-80.8501,35.5695],[-80.8452,35.5692],[-80.844,35.5697],[-80.8432,35.569],[-80.8408,35.5703],[-80.8398,35.5711],[-80.8389,35.5705],[-80.8358,35.5665],[-80.8346,35.5663],[-80.8298,35.5648],[-80.8332,35.5609],[-80.8349,35.5593],[-80.8358,35.5588],[-80.8368,35.5602],[-80.8389,35.5609],[-80.8415,35.5614],[-80.8439,35.5622],[-80.8445,35.5622],[-80.8457,35.5636],[-80.8455,35.5641],[-80.8477,35.5659],[-80.8487,35.5654],[-80.8508,35.5665],[-80.8523,35.5639],[-80.8531,35.5634],[-80.8551,35.5607],[-80.856,35.561],[-80.8539,35.5637],[-80.8574,35.5633],[-80.858,35.5636],[-80.8583,35.5618],[-80.8588,35.5609],[-80.8584,35.558],[-80.8582,35.5577],[-80.8576,35.5552],[-80.8566,35.5527],[-80.8554,35.553],[-80.8549,35.5537],[-80.8535,35.5531],[-80.8534,35.5524],[-80.8523,35.5522],[-80.8521,35.5532],[-80.853,35.5544],[-80.8542,35.5548],[-80.8537,35.5557],[-80.8523,35.5551],[-80.8519,35.5566],[-80.8527,35.5572],[-80.8504,35.5609],[-80.8519,35.5625],[-80.8504,35.5634],[-80.849,35.565],[-80.8487,35.564],[-80.8493,35.5628],[-80.8487,35.5613],[-80.8479,35.5607],[-80.8489,35.5595],[-80.8474,35.5585],[-80.847,35.559],[-80.8453,35.558],[-80.8475,35.5559],[-80.8454,35.5556],[-80.8449,35.5569],[-80.8426,35.5555],[-80.8413,35.555],[-80.843,35.5526],[-80.841,35.5515],[-80.8421,35.5491],[-80.8448,35.5487],[-80.8471,35.5494],[-80.8461,35.5516],[-80.8473,35.5521],[-80.8484,35.5504],[-80.8502,35.5511],[-80.8511,35.5522],[-80.8525,35.552],[-80.8536,35.5508],[-80.8554,35.5517],[-80.8556,35.5506],[-80.8558,35.5477],[-80.8515,35.5477],[-80.8518,35.5458],[-80.8522,35.5453],[-80.8581,35.5451],[-80.8583,35.5467],[-80.8589,35.5467],[-80.8602,35.5409],[-80.8604,35.5388],[-80.8608,35.538],[-80.8623,35.5375],[-80.8639,35.5373],[-80.8643,35.536],[-80.8658,35.5356],[-80.8656,35.5346],[-80.864,35.5346],[-80.8637,35.532],[-80.8618,35.5336],[-80.8625,35.5304],[-80.8583,35.5326],[-80.8584,35.5351],[-80.8576,35.5351],[-80.8575,35.5332],[-80.8557,35.534],[-80.8553,35.533],[-80.856,35.5326],[-80.8546,35.5288],[-80.85,35.5292],[-80.8501,35.5266],[-80.8438,35.5264],[-80.8411,35.5271],[-80.8426,35.5283],[-80.8421,35.5304],[-80.85,35.5303],[-80.8499,35.5346],[-80.8516,35.534],[-80.8529,35.5355],[-80.8498,35.5374],[-80.8499,35.5391],[-80.8496,35.5401],[-80.848,35.54],[-80.8469,35.5445],[-80.8483,35.5447],[-80.8482,35.5466],[-80.8475,35.5486],[-80.8461,35.548],[-80.8463,35.5473],[-80.842,35.5468],[-80.8387,35.5466],[-80.8395,35.5448],[-80.8392,35.5419],[-80.8386,35.5414],[-80.8375,35.5425],[-80.8345,35.5426],[-80.8341,35.5436],[-80.8321,35.5442],[-80.8318,35.5455],[-80.8313,35.5458],[-80.831,35.5504],[-80.829,35.5499],[-80.8273,35.5529],[-80.8281,35.5539],[-80.8306,35.553],[-80.8324,35.5526],[-80.8329,35.5534],[-80.8317,35.5541],[-80.8327,35.5558],[-80.832,35.5564],[-80.833,35.5569],[-80.8341,35.5551],[-80.8358,35.5539],[-80.8365,35.5523],[-80.8378,35.5531],[-80.8384,35.5549],[-80.8383,35.5564],[-80.835,35.5577],[-80.8348,35.557],[-80.8333,35.5579],[-80.8333,35.5589],[-80.831,35.5607],[-80.8297,35.561],[-80.8283,35.5623],[-80.8278,35.5623],[-80.826,35.5632],[-80.8279,35.5659],[-80.827,35.5673],[-80.8266,35.5669],[-80.8241,35.5668],[-80.8243,35.5647],[-80.8216,35.5645],[-80.8213,35.5683],[-80.8175,35.5684],[-80.8156,35.5648],[-80.8165,35.5647],[-80.8163,35.5638],[-80.8156,35.5632],[-80.8178,35.5631],[-80.8174,35.5617],[-80.8148,35.5612],[-80.8133,35.5618],[-80.8142,35.5638],[-80.809,35.5645],[-80.8088,35.5628],[-80.808,35.5605],[-80.8125,35.5595],[-80.8162,35.5599],[-80.8211,35.5609],[-80.8219,35.5602],[-80.8228,35.5603],[-80.8228,35.5588],[-80.8245,35.5596],[-80.8244,35.5603],[-80.825,35.5611],[-80.826,35.5612],[-80.826,35.5602],[-80.8247,35.5596],[-80.8249,35.5573],[-80.8233,35.556],[-80.822,35.5514],[-80.822,35.55],[-80.8176,35.5508],[-80.816,35.5514],[-80.8154,35.5528],[-80.8146,35.5538],[-80.8129,35.5545],[-80.8126,35.5531],[-80.812,35.5528],[-80.8099,35.5532],[-80.8095,35.5521],[-80.8121,35.5514],[-80.8122,35.5494],[-80.8132,35.549],[-80.8137,35.5481],[-80.8133,35.5469],[-80.8152,35.5467],[-80.8225,35.5463],[-80.821,35.5436],[-80.8195,35.5391],[-80.8189,35.5377],[-80.8178,35.5377],[-80.8177,35.5364],[-80.8164,35.5366],[-80.8159,35.5372],[-80.8145,35.5376],[-80.8142,35.5388],[-80.8144,35.5398],[-80.8139,35.5401],[-80.8124,35.5401],[-80.8099,35.5431],[-80.8125,35.5431],[-80.8125,35.5438],[-80.808,35.544],[-80.8078,35.5431],[-80.8064,35.5429],[-80.8062,35.5436],[-80.8066,35.5445],[-80.8058,35.5447],[-80.8053,35.5421],[-80.804,35.5426],[-80.8015,35.5432],[-80.8022,35.5445],[-80.8017,35.5455],[-80.7988,35.5443],[-80.7977,35.5433],[-80.7977,35.5415],[-80.8009,35.5399],[-80.8016,35.5382],[-80.8013,35.5371],[-80.7999,35.5369],[-80.7999,35.536],[-80.8017,35.5361],[-80.8002,35.5337],[-80.7986,35.5339],[-80.7982,35.5328],[-80.7976,35.5329],[-80.7977,35.5414],[-80.7902,35.5444],[-80.7893,35.5446],[-80.7884,35.5409],[-80.7871,35.5414],[-80.7884,35.5392],[-80.7898,35.5394],[-80.7905,35.5366],[-80.7922,35.5393],[-80.7948,35.5371],[-80.795,35.5358],[-80.7945,35.5344],[-80.7933,35.5345],[-80.7929,35.5339],[-80.7916,35.5328],[-80.7916,35.5314],[-80.7901,35.532],[-80.7886,35.5312],[-80.7868,35.5306],[-80.7867,35.5289],[-80.7855,35.5289],[-80.7859,35.5259],[-80.785,35.5259],[-80.7843,35.5253],[-80.7837,35.5237],[-80.7828,35.5237],[-80.7814,35.5248],[-80.7792,35.5243],[-80.7781,35.5236],[-80.7784,35.5271],[-80.7766,35.5274],[-80.7746,35.5248],[-80.7755,35.5313],[-80.7735,35.5316],[-80.7717,35.5315],[-80.7713,35.5319],[-80.7716,35.5369],[-80.7788,35.5363],[-80.7798,35.5398],[-80.7808,35.5416],[-80.7818,35.5419],[-80.7818,35.5408],[-80.7829,35.541],[-80.7839,35.5419],[-80.7842,35.543],[-80.7852,35.5426],[-80.7853,35.5453],[-80.7863,35.5479],[-80.7901,35.5478],[-80.7924,35.5479],[-80.7973,35.5462],[-80.7974,35.5477],[-80.7966,35.5484],[-80.7954,35.5489],[-80.7955,35.5498],[-80.7941,35.5499],[-80.794,35.5504],[-80.792,35.5503],[-80.7917,35.551],[-80.7906,35.551],[-80.7889,35.5513],[-80.7889,35.5519],[-80.7864,35.5518],[-80.7869,35.5527],[-80.7889,35.5527],[-80.7908,35.5525],[-80.7909,35.5534],[-80.7928,35.5538],[-80.7926,35.5542],[-80.7909,35.5542],[-80.7909,35.5534],[-80.785,35.5531],[-80.7841,35.5504],[-80.7834,35.5474],[-80.7819,35.5474],[-80.782,35.5459],[-80.7816,35.545],[-80.7789,35.5448],[-80.7772,35.545],[-80.7752,35.5462],[-80.7736,35.5468],[-80.7744,35.5481],[-80.7731,35.549],[-80.7709,35.5497],[-80.7699,35.5496],[-80.7698,35.5544],[-80.773,35.5539],[-80.7745,35.5524],[-80.7751,35.5528],[-80.7758,35.5521],[-80.7746,35.5511],[-80.7736,35.5498],[-80.7749,35.5492],[-80.7768,35.5504],[-80.7797,35.5505],[-80.7798,35.553],[-80.78,35.5541],[-80.7823,35.5552],[-80.7863,35.5561],[-80.7908,35.5564],[-80.7915,35.5561],[-80.7942,35.5564],[-80.7907,35.5575],[-80.7904,35.5598],[-80.7919,35.5597],[-80.7927,35.5604],[-80.7945,35.5598],[-80.796,35.5597],[-80.7967,35.5584],[-80.797,35.557],[-80.7978,35.5573],[-80.7976,35.5594],[-80.7967,35.5597],[-80.7962,35.5616],[-80.7973,35.5634],[-80.7973,35.5651],[-80.7996,35.5651],[-80.7974,35.5662],[-80.7973,35.5669],[-80.7957,35.5668],[-80.7956,35.569],[-80.7922,35.5687],[-80.7909,35.5696],[-80.7861,35.5696],[-80.7859,35.5707],[-80.7842,35.5708],[-80.7859,35.5744],[-80.7859,35.5779],[-80.7835,35.5779],[-80.7836,35.5787],[-80.7816,35.579],[-80.7829,35.5815],[-80.7708,35.5811],[-80.7704,35.5823],[-80.7707,35.5834],[-80.7736,35.5834],[-80.7747,35.5863],[-80.7753,35.5887],[-80.7762,35.5894],[-80.7784,35.5896],[-80.7788,35.589],[-80.781,35.5897],[-80.7844,35.5898],[-80.7842,35.5926],[-80.785,35.5934],[-80.7843,35.5938],[-80.7851,35.5946],[-80.7835,35.5957],[-80.7844,35.5972],[-80.7832,35.5974],[-80.7824,35.5964],[-80.7816,35.5968],[-80.7823,35.5978],[-80.7811,35.5984],[-80.7809,35.6011],[-80.7791,35.6012],[-80.779,35.6035],[-80.7784,35.6045],[-80.7762,35.6037],[-80.7759,35.6115],[-80.7726,35.6114],[-80.7699,35.6156],[-80.771,35.616],[-80.7709,35.6166],[-80.7737,35.6171],[-80.7735,35.619],[-80.7726,35.6195],[-80.7686,35.6223],[-80.7658,35.6235],[-80.7643,35.6249],[-80.7634,35.6253],[-80.7635,35.6278],[-80.7641,35.6275],[-80.7649,35.6282],[-80.7651,35.6299],[-80.7667,35.6299],[-80.7673,35.6306],[-80.768,35.6331],[-80.7691,35.6332],[-80.7713,35.6337],[-80.7712,35.6362],[-80.7718,35.6386],[-80.7739,35.6389],[-80.7736,35.6381],[-80.7745,35.6366],[-80.7748,35.6354],[-80.776,35.6361],[-80.7765,35.6351],[-80.7764,35.6343],[-80.777,35.633],[-80.7775,35.6331],[-80.7784,35.6314],[-80.7774,35.6309],[-80.7783,35.629],[-80.7795,35.6291],[-80.7818,35.6243],[-80.7824,35.6208],[-80.7844,35.6208],[-80.7856,35.6215],[-80.787,35.6226],[-80.7844,35.6274],[-80.7844,35.6282],[-80.7834,35.6291],[-80.7854,35.6297],[-80.7839,35.6314],[-80.7832,35.631],[-80.7826,35.6317],[-80.7806,35.6316],[-80.7802,35.632],[-80.7793,35.6361],[-80.7807,35.6358],[-80.7847,35.6359],[-80.7847,35.6389],[-80.786,35.6399],[-80.787,35.6393],[-80.7877,35.6396],[-80.7878,35.6417],[-80.7885,35.6421],[-80.7911,35.6425],[-80.7923,35.6431],[-80.8001,35.643],[-80.7998,35.6413],[-80.7988,35.6389],[-80.7972,35.6385],[-80.799,35.6355],[-80.8025,35.6356],[-80.8028,35.6338],[-80.8004,35.6332],[-80.7998,35.6312],[-80.797,35.6302],[-80.7963,35.6306],[-80.7936,35.6314],[-80.7932,35.632],[-80.7958,35.6329],[-80.7953,35.6335],[-80.7923,35.633],[-80.7921,35.6327],[-80.7946,35.6295],[-80.797,35.6302],[-80.802,35.6315],[-80.8018,35.631],[-80.8026,35.6289],[-80.7954,35.6286],[-80.7987,35.6246],[-80.7963,35.6236],[-80.7941,35.6238],[-80.7941,35.6182],[-80.7902,35.6183],[-80.7889,35.6184],[-80.7882,35.6196],[-80.7867,35.6201],[-80.7847,35.619],[-80.7842,35.6196],[-80.7825,35.6188],[-80.783,35.6183],[-80.7802,35.6166],[-80.7819,35.6139],[-80.7827,35.6129],[-80.7831,35.6118],[-80.7845,35.609],[-80.785,35.6088],[-80.7858,35.6071],[-80.7841,35.6066],[-80.7837,35.6075],[-80.782,35.6069],[-80.7825,35.606],[-80.7817,35.6057],[-80.7812,35.6066],[-80.7804,35.6063],[-80.7809,35.6054],[-80.7795,35.6049],[-80.7797,35.6045],[-80.7819,35.6053],[-80.7837,35.6064],[-80.7841,35.6058],[-80.785,35.6065],[-80.7867,35.6061],[-80.7871,35.6064],[-80.7887,35.6057],[-80.7899,35.6066],[-80.7918,35.6065],[-80.7931,35.6068],[-80.7935,35.6058],[-80.7922,35.6055],[-80.7928,35.6042],[-80.7914,35.6039],[-80.7915,35.6033],[-80.7936,35.6031],[-80.7947,35.6032],[-80.7942,35.6041],[-80.7952,35.6055],[-80.7964,35.6092],[-80.7981,35.6092],[-80.798,35.6084],[-80.8006,35.608],[-80.8017,35.6061],[-80.8026,35.6067],[-80.8039,35.6062],[-80.8043,35.6071],[-80.803,35.6074],[-80.8037,35.6082],[-80.8054,35.6082],[-80.8054,35.609],[-80.8095,35.6091],[-80.8089,35.6077],[-80.8116,35.6078],[-80.8126,35.6081],[-80.8121,35.6111],[-80.8103,35.6111],[-80.8113,35.6131],[-80.8056,35.6129],[-80.8055,35.6157],[-80.8042,35.6179],[-80.8056,35.6179],[-80.8059,35.6185],[-80.8099,35.617],[-80.8113,35.6159],[-80.8124,35.6178],[-80.8128,35.6188],[-80.8113,35.6194],[-80.8116,35.6199],[-80.8098,35.6206],[-80.8106,35.6213],[-80.8108,35.6237]],[[-80.8784,35.5996],[-80.8783,35.6004],[-80.877,35.6008],[-80.8768,35.5992],[-80.8781,35.5988],[-80.8784,35.5996]],[[-80.7967,35.5546],[-80.7951,35.5542],[-80.7954,35.5526],[-80.7976,35.5527],[-80.7967,35.5546]],[[-80.8152,35.5447],[-80.8193,35.5448],[-80.8193,35.5455],[-80.8129,35.5458],[-80.8126,35.5447],[-80.8152,35.5447]],[[-80.8629,35.6017],[-80.8654,35.6016],[-80.8652,35.6034],[-80.8647,35.6045],[-80.863,35.6045],[-80.8629,35.6017]],[[-80.8097,35.5471],[-80.8078,35.5477],[-80.8064,35.5457],[-80.8082,35.5447],[-80.8119,35.545],[-80.8097,35.5471]],[[-80.7907,35.6348],[-80.7914,35.6342],[-80.7938,35.6355],[-80.7916,35.6384],[-80.7887,35.6373],[-80.7903,35.6349],[-80.7907,35.6348]],[[-80.7916,35.599],[-80.7954,35.599],[-80.7944,35.6023],[-80.7918,35.6022],[-80.7919,35.6017],[-80.7905,35.6014],[-80.7905,35.5995],[-80.7918,35.6007],[-80.7916,35.599]],[[-80.783,35.5853],[-80.7826,35.5852],[-80.7826,35.5836],[-80.7839,35.5839],[-80.7842,35.585],[-80.7854,35.586],[-80.7872,35.5867],[-80.7895,35.5855],[-80.7916,35.5856],[-80.7925,35.5873],[-80.7912,35.5886],[-80.7918,35.589],[-80.7931,35.5884],[-80.7931,35.5894],[-80.7904,35.5906],[-80.7877,35.592],[-80.7861,35.5904],[-80.785,35.59],[-80.785,35.5892],[-80.7863,35.5892],[-80.7862,35.5875],[-80.7833,35.5875],[-80.7833,35.5866],[-80.7848,35.5866],[-80.7845,35.5856],[-80.783,35.5853]]]},"properties":{"OBJECTID":5475},"id":5475},
{"type":"Feature","geometry":{"type":"Polygon","coordinates":[[[-77.8152,36.0646],[-77.8146,36.0655],[-77.8159,36.0666],[-77.8187,36.0684],[-77.8204,36.0662],[-77.821,36.0646],[-77.8206,36.0635],[-77.8234,36.062],[-77.8243,36.0611],[-77.8194,36.0599],[-77.819,36.0606],[-77.8148,36.0588],[-77.8137,36.0594],[-77.813,36.0604],[-77.8151,36.0611],[-77.8139,36.0629],[-77.8152,36.0636],[-77.8152,36.0646]]]},"properties":{"OBJECTID":5484},"id":5484},
{"type":"Feature","geometry":{"type":"Polygon","coordinates":[[[-80.7905,35.5897],[-80.7913,35.5893],[-80.7908,35.589],[-80.7905,35.5897]]]},"properties":{"OBJECTID":5491},"id":5491},
{"type":"Feature","geometry":{"type":"Polygon","coordinates":[[[-80.4614,35.746],[-80.4607,35.746],[-80.4609,35.7467],[-80.4616,35.7466],[-80.4614,35.746]]]},"properties":{"OBJECTID":5493},"id":5493},
{"type":"Feature","geometry":{"type":"Polygon","coordinates":[[[-80.0472,36.1193],[-80.0491,36.1195],[-80.0502,36.1191],[-80.0508,36.1182],[-80.0488,36.1177],[-80.0482,36.1187],[-80.0472,36.1193]]]},"properties":{"OBJECTID":5497},"id":5497},
{"type":"Feature","geometry":{"type":"Polygon","coordinates":[[[-80.5378,34.9456],[-80.5369,34.9457],[-80.537,34.9464],[-80.539,34.9461],[-80.5378,34.9456]]]},"properties":{"OBJECTID":5500},"id":5500},
{"type":"Feature","geometry":{"type":"Polygon","coordinates":[[[-78.8936,35.7211],[-78.895,35.721],[-78.8993,35.7211],[-78.8991,35.7166],[-78.9006,35.7166],[-78.9006,35.7148],[-78.8947,35.7145],[-78.8946,35.7165],[-78.8936,35.7165],[-78.8936,35.7211]]]},"properties":{"OBJECTID":5501},"id":5501},
{"type":"Feature","geometry":{"type":"Polygon","coordinates":[[[-79.914,35.896],[-79.9122,35.8986],[-79.9118,35.8996],[-79.9119,35.9025],[-79.919,35.9029],[-79.9195,35.8952],[-79.9196,35.8906],[-79.9153,35.8907],[-79.9153,35.8923],[-79.9149,35.8941],[-79.914,35.896]]]},"properties":{"OBJECTID":5503},"id":5503},
{"type":"Feature","geometry":{"type":"Polygon","coordinates":[[[-78.4175,35.6137],[-78.4155,35.6142],[-78.4157,35.6148],[-78.4145,35.6151],[-78.4142,35.6161],[-78.4162,35.6161],[-78.416,35.6148],[-78.4179,35.6143],[-78.4175,35.6137]]]},"properties":{"OBJECTID":5505},"id":5505},
{"type":"Feature","geometry":{"type":"Polygon","coordinates":[[[-78.7237,35.6196],[-78.7236,35.6202],[-78.7244,35.6202],[-78.7244,35.6195],[-78.7237,35.6196]]]},"properties":{"OBJECTID":5507},"id":5507},
{"type":"Feature","geometry":{"type":"Polygon","coordinates":[[[-77.4456,35.571],[-77.4458,35.5725],[-77.447,35.5733],[-77.4485,35.5726],[-77.4468,35.5704],[-77.4456,35.571]]]},"properties":{"OBJECTID":5508},"id":5508},
{"type":"Feature","geometry":{"type":"Polygon","coordinates":[[[-80.881,35.5808],[-80.8827,35.5801],[-80.8823,35.5793],[-80.8805,35.5802],[-80.881,35.5808]]]},"properties":{"OBJECTID":5511},"id":5511},
{"type":"Feature","geometry":{"type":"Polygon","coordinates":[[[-78.9395,34.9546],[-78.9408,34.9561],[-78.9411,34.9559],[-78.9399,34.9544],[-78.9395,34.9546]]]},"properties":{"OBJECTID":5512},"id":5512},
{"type":"Feature","geometry":{"type":"Polygon","coordinates":[[[-80.7723,35.6019],[-80.7744,35.603],[-80.7752,35.6023],[-80.7764,35.6025],[-80.7769,35.5991],[-80.777,35.5963],[-80.7773,35.5953],[-80.7771,35.5934],[-80.7751,35.5931],[-80.7714,35.593],[-80.7713,35.5953],[-80.774,35.5954],[-80.7737,35.5995],[-80.7728,35.5996],[-80.7719,35.6016],[-80.7723,35.6019]]]},"properties":{"OBJECTID":5517},"id":5517},
{"type":"Feature","geometry":{"type":"Polygon","coordinates":[[[-81.2555,35.7526],[-81.2565,35.7543],[-81.2611,35.7524],[-81.2601,35.7511],[-81.2555,35.7526]]]},"properties":{"OBJECTID":5518},"id":5518},
{"type":"Feature","geometry":{"type":"Polygon","coordinates":[[[-80.685,34.9953],[-80.6852,34.9954],[-80.6854,34.9954],[-80.6851,34.9952],[-80.685,34.9953]]]},"properties":{"OBJECTID":5524},"id":5524},
{"type":"Feature","geometry":{"type":"Polygon","coordinates":[[[-80.6831,34.9893],[-80.6837,34.9897],[-80.6843,34.9894],[-80.6835,34.9887],[-80.6831,34.9893]]]},"properties":{"OBJECTID":5525},"id":5525},
{"type":"Feature","geometry":{"type":"Polygon","coordinates":[[[-79.9306,35.9213],[-79.9313,35.9218],[-79.9317,35.9206],[-79.9309,35.9204],[-79.9306,35.9213]]]},"properties":{"OBJECTID":5531},"id":5531},
{"type":"Feature","geometry":{"type":"Polygon","coordinates":[[[-80.6876,34.9956],[-80.6892,34.9964],[-80.6891,34.9955],[-80.69,34.9953],[-80.6899,34.9935],[-80.6904,34.9925],[-80.6879,34.9927],[-80.6863,34.9922],[-80.6851,34.9922],[-80.6856,34.9932],[-80.6882,34.9935],[-80.6883,34.9943],[-80.6873,34.9949],[-80.6876,34.9956]]]},"properties":{"OBJECTID":5533},"id":5533},
{"type":"Feature","geometry":{"type":"Polygon","coordinates":[[[-79.6754,36.0856],[-79.6755,36.0857],[-79.6756,36.085],[-79.6755,36.085],[-79.6754,36.0856]]]},"properties":{"OBJECTID":5535},"id":5535},
{"type":"Feature","geometry":{"type":"Polygon","coordinates":[[[-79.7684,35.6137],[-79.7696,35.6139],[-79.7696,35.6122],[-79.7651,35.6123],[-79.7666,35.6138],[-79.7684,35.6137]]]},"properties":{"OBJECTID":5539},"id":5539},
{"type":"Feature","geometry":{"type":"Polygon","coordinates":[[[-80.6845,34.9948],[-80.6851,34.9949],[-80.6845,34.9947],[-80.6845,34.9948]]]},"properties":{"OBJECTID":5542},"id":5542},
{"type":"Feature","geometry":{"type":"Polygon","coordinates":[[[-80.6886,34.9984],[-80.6888,34.9986],[-80.6895,34.9982],[-80.6892,34.9979],[-80.6886,34.9984]]]},"properties":{"OBJECTID":5544},"id":5544},
{"type":"Feature","geometry":{"type":"Polygon","coordinates":[[[-80.6601,34.9825],[-80.6597,34.9829],[-80.6586,34.9827],[-80.658,34.9831],[-80.6583,34.9841],[-80.6591,34.9843],[-80.6595,34.9843],[-80.6609,34.9856],[-80.6613,34.9826],[-80.6601,34.9825]]]},"properties":{"OBJECTID":5547},"id":5547},
{"type":"Feature","geometry":{"type":"Polygon","coordinates":[[[-77.8669,35.752],[-77.8656,35.7533],[-77.8656,35.7559],[-77.8668,35.7558],[-77.8669,35.752]]]},"properties":{"OBJECTID":5548},"id":5548},
{"type":"Feature","geometry":{"type":"Polygon","coordinates":[[[-77.3172,35.6271],[-77.3176,35.6342],[-77.3221,35.6353],[-77.3236,35.6334],[-77.3257,35.6322],[-77.3294,35.6298],[-77.3291,35.6263],[-77.3274,35.626],[-77.3277,35.6269],[-77.3261,35.6269],[-77.3261,35.6261],[-77.3171,35.626],[-77.3172,35.6271]]]},"properties":{"OBJECTID":5551},"id":5551},
{"type":"Feature","geometry":{"type":"Polygon","coordinates":[[[-78.7288,35.5902],[-78.729,35.5908],[-78.7293,35.5908],[-78.729,35.5901],[-78.7288,35.5902]]]},"properties":{"OBJECTID":5553},"id":5553},
{"type":"Feature","geometry":{"type":"Polygon","coordinates":[[[-78.7937,35.0321],[-78.7933,35.0335],[-78.7947,35.0332],[-78.7944,35.0323],[-78.7937,35.0321]]]},"properties":{"OBJECTID":5555},"id":5555},
{"type":"Feature","geometry":{"type":"Polygon","coordinates":[[[-82.6138,34.8001],[-82.6143,34.7997],[-82.615,34.8001],[-82.6163,34.8001],[-82.6166,34.7991],[-82.6189,34.798],[-82.6167,34.7959],[-82.6138,34.7995],[-82.6138,34.8001]]]},"properties":{"OBJECTID":5560},"id":5560},
{"type":"Feature","geometry":{"type":"Polygon","coordinates":[[[-80.7084,34.9954],[-80.7085,34.996],[-80.7089,34.9957],[-80.7084,34.9954]]]},"properties":{"OBJECTID":5566},"id":5566},
{"type":"Feature","geometry":{"type":"Polygon","coordinates":[[[-78.4312,35.6407],[-78.4302,35.6409],[-78.4309,35.6424],[-78.4322,35.6421],[-78.4316,35.6406],[-78.4312,35.6407]]]},"properties":{"OBJECTID":5567},"id":5567},
{"type":"Feature","geometry":{"type":"Polygon","coordinates":[[[-79.7688,35.6267],[-79.7694,35.6276],[-79.7696,35.626],[-79.7688,35.6267]]]},"properties":{"OBJECTID":5570},"id":5570},
{"type":"Feature","geometry":{"type":"Polygon","coordinates":[[[-81.8494,35.0308],[-81.8506,35.0322],[-81.8506,35.0343],[-81.8497,35.0358],[-81.8487,35.0367],[-81.8479,35.0382],[-81.8487,35.0396],[-81.8491,35.0414],[-81.879,35.0342],[-81.8799,35.0336],[-81.8898,35.0266],[-81.8917,35.0276],[-81.8933,35.0281],[-81.8963,35.0285],[-81.8971,35.0294],[-81.8996,35.0302],[-81.9014,35.0289],[-81.906,35.0252],[-81.9067,35.0245],[-81.9063,35.0232],[-81.9072,35.0216],[-81.9071,35.0197],[-81.9068,35.0185],[-81.9103,35.0145],[-81.9082,35.0133],[-81.9066,35.0128],[-81.9096,35.0117],[-81.9114,35.0114],[-81.9144,35.0112],[-81.9192,35.0114],[-81.9459,35.0126],[-81.9525,35.0128],[-81.9738,35.0128],[-81.9758,35.0124],[-81.978,35.0111],[-81.9925,34.9975],[-81.9985,34.9977],[-82.0007,34.9981],[-82.0028,34.999],[-82.0053,35.0008],[-82.0071,35.0022],[-82.013,35.0079],[-82.0209,35.016],[-82.0256,35.0125],[-82.0277,35.0101],[-82.03,35.0078],[-82.031,35.0069],[-82.0357,35.0042],[-82.0369,35.0036],[-82.0398,35.0027],[-82.0471,35.0009],[-82.0526,34.9983],[-82.0552,34.9974],[-82.058,34.9967],[-82.0622,34.9954],[-82.0617,34.9943],[-82.0612,34.9896],[-82.0607,34.9876],[-82.0585,34.9823],[-82.0582,34.9795],[-82.0573,34.9781],[-82.052,34.9787],[-82.0499,34.9793],[-82.048,34.9764],[-82.0449,34.9733],[-82.0442,34.9716],[-82.0442,34.9676],[-82.0439,34.9645],[-82.0441,34.9632],[-82.0471,34.9628],[-82.0499,34.9621],[-82.0562,34.9598],[-82.0584,34.9587],[-82.0653,34.9534],[-82.0675,34.9516],[-82.0656,34.95],[-82.0635,34.9473],[-82.0619,34.9459],[-82.0585,34.9442],[-82.056,34.9416],[-82.055,34.9391],[-82.0543,34.936],[-82.0529,34.934],[-82.0514,34.9312],[-82.0499,34.929],[-82.0476,34.9263],[-82.0408,34.9224],[-82.0371,34.9184],[-82.035,34.9158],[-82.0342,34.9132],[-82.0337,34.9092],[-82.033,34.9073],[-82.0317,34.906],[-82.0304,34.9023],[-82.0301,34.8996],[-82.0295,34.8981],[-82.0238,34.8895],[-82.0219,34.8878],[-82.0196,34.8867],[-82.0172,34.8861],[-82.0157,34.8863],[-82.0125,34.8855],[-82.0096,34.8847],[-82.0077,34.8845],[-82.0065,34.8841],[-82.005,34.882],[-82.0037,34.8807],[-82.0028,34.8802],[-81.9987,34.8783],[-81.997,34.878],[-81.9898,34.8782],[-81.9878,34.8788],[-81.9825,34.884],[-81.9795,34.8863],[-81.9785,34.8868],[-81.9753,34.8881],[-81.9718,34.8896],[-81.9693,34.891],[-81.9685,34.8917],[-81.9669,34.8923],[-81.9635,34.8927],[-81.9573,34.8925],[-81.9552,34.8967],[-81.9545,34.8975],[-81.9526,34.8983],[-81.9499,34.8982],[-81.9491,34.8983],[-81.9454,34.8997],[-81.9428,34.9008],[-81.9397,34.9047],[-81.938,34.9057],[-81.9364,34.9057],[-81.9342,34.9055],[-81.9325,34.9057],[-81.9315,34.9062],[-81.9307,34.9078],[-81.9225,34.9066],[-81.9202,34.9068],[-81.9197,34.9051],[-81.9189,34.9041],[-81.9176,34.9041],[-81.915,34.9049],[-81.9129,34.9029],[-81.9117,34.9034],[-81.9102,34.9037],[-81.9094,34.9022],[-81.9079,34.9021],[-81.9048,34.9033],[-81.9045,34.9027],[-81.9028,34.9011],[-81.9016,34.9002],[-81.9027,34.8992],[-81.9028,34.8976],[-81.9009,34.8955],[-81.9006,34.8944],[-81.9009,34.8924],[-81.9005,34.8913],[-81.8987,34.8903],[-81.8983,34.8898],[-81.8965,34.8906],[-81.895,34.8885],[-81.8934,34.8873],[-81.8895,34.8852],[-81.8874,34.8837],[-81.8869,34.8832],[-81.885,34.8799],[-81.8842,34.8844],[-81.884,34.8875],[-81.884,34.8903],[-81.8833,34.8928],[-81.8825,34.894],[-81.8809,34.8947],[-81.8787,34.8954],[-81.8772,34.8936],[-81.8763,34.8915],[-81.8761,34.8902],[-81.8733,34.8906],[-81.8724,34.8909],[-81.8684,34.8934],[-81.8599,34.8971],[-81.8554,34.8992],[-81.8517,34.9003],[-81.85,34.9013],[-81.8469,34.9039],[-81.8449,34.9057],[-81.8425,34.9084],[-81.8419,34.9094],[-81.8413,34.9122],[-81.8398,34.913],[-81.8386,34.9119],[-81.8359,34.9105],[-81.833,34.9094],[-81.8299,34.9084],[-81.8284,34.9108],[-81.8281,34.9119],[-81.8289,34.9136],[-81.8337,34.9188],[-81.8356,34.9219],[-81.8374,34.9254],[-81.8382,34.9274],[-81.8393,34.9307],[-81.8401,34.9321],[-81.8417,34.9342],[-81.841,34.94],[-81.8399,34.9453],[-81.8394,34.9459],[-81.8376,34.9471],[-81.8369,34.9479],[-81.8368,34.9486],[-81.8377,34.9522],[-81.8391,34.9544],[-81.8409,34.9559],[-81.8436,34.9598],[-81.8459,34.9637],[-81.8462,34.9643],[-81.846,34.9659],[-81.8451,34.9672],[-81.839,34.9715],[-81.8372,34.9728],[-81.8325,34.9746],[-81.8306,34.975],[-81.8286,34.9756],[-81.8267,34.9769],[-81.8242,34.9776],[-81.8223,34.9786],[-81.8188,34.9798],[-81.816,34.9801],[-81.8165,34.9817],[-81.8176,34.9835],[-81.8182,34.9851],[-81.8186,34.9851],[-81.8215,34.9825],[-81.8232,34.9825],[-81.8243,34.9831],[-81.8258,34.9866],[-81.8279,34.9882],[-81.8308,34.9886],[-81.8317,34.9905],[-81.8334,34.9929],[-81.8347,34.9956],[-81.8371,34.997],[-81.8383,34.9995],[-81.8384,35.0151],[-81.8395,35.0155],[-81.8412,35.0146],[-81.8426,35.0147],[-81.8444,35.0165],[-81.8455,35.0173],[-81.8484,35.0181],[-81.8491,35.0186],[-81.8495,35.0195],[-81.8484,35.0206],[-81.8465,35.0206],[-81.8424,35.0194],[-81.8406,35.0197],[-81.8402,35.0212],[-81.8408,35.0219],[-81.8452,35.0245],[-81.8482,35.0258],[-81.8489,35.0266],[-81.8491,35.0276],[-81.8484,35.0278],[-81.8452,35.0294],[-81.8443,35.0307],[-81.8447,35.0312],[-81.8462,35.0311],[-81.8479,35.0308],[-81.8494,35.0308]]]},"properties":{"OBJECTID":5573},"id":5573},
{"type":"Feature","geometry":{"type":"Polygon","coordinates":[[[-78.7245,35.639],[-78.7246,35.6395],[-78.7255,35.6396],[-78.7258,35.6391],[-78.7245,35.639]]]},"properties":{"OBJECTID":5574},"id":5574},
{"type":"Feature","geometry":{"type":"Polygon","coordinates":[[[-78.8302,35.5962],[-78.8305,35.5902],[-78.829,35.5873],[-78.8269,35.5874],[-78.8269,35.5841],[-78.825,35.5841],[-78.825,35.5875],[-78.8244,35.5875],[-78.8238,35.589],[-78.8237,35.5917],[-78.8241,35.5915],[-78.824,35.5943],[-78.8272,35.5944],[-78.8271,35.596],[-78.8302,35.5962]]]},"properties":{"OBJECTID":5578},"id":5578},
{"type":"Feature","geometry":{"type":"Polygon","coordinates":[[[-78.7675,35.6417],[-78.77,35.6402],[-78.77,35.637],[-78.7679,35.6369],[-78.7679,35.6383],[-78.7611,35.6383],[-78.7611,35.6378],[-78.7598,35.6376],[-78.7588,35.6408],[-78.7591,35.6415],[-78.7665,35.6416],[-78.7675,35.6417]]]},"properties":{"OBJECTID":5585},"id":5585},
{"type":"Feature","geometry":{"type":"Polygon","coordinates":[[[-80.8302,35.6187],[-80.8336,35.6199],[-80.8333,35.6188],[-80.8305,35.6183],[-80.8302,35.6187]]]},"properties":{"OBJECTID":5589},"id":5589},
{"type":"Feature","geometry":{"type":"Polygon","coordinates":[[[-80.0262,36.1215],[-80.0274,36.122],[-80.0308,36.122],[-80.0314,36.1205],[-80.0325,36.1195],[-80.0299,36.1193],[-80.0294,36.1213],[-80.0262,36.1215]]]},"properties":{"OBJECTID":5590},"id":5590},
{"type":"Feature","geometry":{"type":"Polygon","coordinates":[[[-84.259,34.237],[-84.259,34.242],[-84.2595,34.2501],[-84.2595,34.2686],[-84.2577,34.2862],[-84.2596,34.2946],[-84.2596,34.2991],[-84.2607,34.2988],[-84.2626,34.2969],[-84.2648,34.2962],[-84.2691,34.2974],[-84.2717,34.2983],[-84.2724,34.2989],[-84.2724,34.3008],[-84.2749,34.3037],[-84.2765,34.3039],[-84.2779,34.3036],[-84.2801,34.3026],[-84.2809,34.3019],[-84.2817,34.3],[-84.2826,34.2994],[-84.2837,34.2994],[-84.2871,34.3032],[-84.2878,34.305],[-84.2919,34.308],[-84.2924,34.3087],[-84.2933,34.3114],[-84.2955,34.3131],[-84.2976,34.3156],[-84.303,34.3173],[-84.3052,34.3175],[-84.3073,34.3204],[-84.3103,34.3218],[-84.3125,34.3224],[-84.3156,34.3242],[-84.3168,34.3242],[-84.3184,34.3234],[-84.3187,34.3225],[-84.3183,34.3214],[-84.3169,34.3195],[-84.3171,34.3186],[-84.3209,34.3168],[-84.3232,34.3164],[-84.3255,34.3172],[-84.3271,34.3182],[-84.3291,34.3207],[-84.3301,34.3215],[-84.3321,34.3219],[-84.335,34.322],[-84.3377,34.3215],[-84.3393,34.3208],[-84.342,34.3184],[-84.343,34.3181],[-84.3444,34.3182],[-84.3469,34.3181],[-84.3502,34.3159],[-84.3515,34.314],[-84.3519,34.3125],[-84.3517,34.3118],[-84.3497,34.3103],[-84.349,34.3093],[-84.3482,34.3077],[-84.3479,34.3065],[-84.3486,34.304],[-84.3488,34.3026],[-84.3496,34.3005],[-84.3508,34.299],[-84.3525,34.2982],[-84.3536,34.2982],[-84.3551,34.2994],[-84.3555,34.3008],[-84.3583,34.3038],[-84.3603,34.3052],[-84.3612,34.3049],[-84.3627,34.3036],[-84.3633,34.302],[-84.3632,34.2984],[-84.3644,34.2954],[-84.3684,34.294],[-84.3703,34.2938],[-84.3724,34.2945],[-84.376,34.296],[-84.3795,34.2976],[-84.3829,34.2981],[-84.3871,34.2995],[-84.3914,34.2993],[-84.3922,34.2998],[-84.3938,34.302],[-84.3954,34.3024],[-84.3963,34.3021],[-84.3972,34.301],[-84.3965,34.3002],[-84.3966,34.299],[-84.3971,34.2983],[-84.3997,34.2984],[-84.4011,34.2988],[-84.4035,34.3001],[-84.4075,34.301],[-84.4089,34.3009],[-84.412,34.3008],[-84.4145,34.3003],[-84.4159,34.2985],[-84.4176,34.2947],[-84.4189,34.2931],[-84.421,34.291],[-84.4239,34.2893],[-84.4249,34.289],[-84.431,34.2874],[-84.4311,34.288],[-84.4335,34.2905],[-84.4358,34.2923],[-84.4377,34.2936],[-84.4407,34.2961],[-84.4423,34.2972],[-84.4443,34.2992],[-84.4448,34.2994],[-84.4478,34.2992],[-84.45,34.3003],[-84.4533,34.3033],[-84.458,34.3044],[-84.4595,34.3056],[-84.4607,34.3072],[-84.462,34.3108],[-84.4633,34.3137],[-84.4652,34.3172],[-84.4661,34.3185],[-84.467,34.3193],[-84.4687,34.3175],[-84.4698,34.3166],[-84.4721,34.3155],[-84.4745,34.3136],[-84.4773,34.312],[-84.4792,34.3088],[-84.4806,34.3075],[-84.4851,34.3053],[-84.4867,34.3041],[-84.4895,34.3017],[-84.4905,34.3013],[-84.4937,34.2994],[-84.4942,34.2993],[-84.4941,34.296],[-84.4961,34.2925],[-84.4986,34.2914],[-84.5012,34.2896],[-84.5025,34.2889],[-84.5053,34.2883],[-84.5075,34.287],[-84.5084,34.2862],[-84.5111,34.2824],[-84.5128,34.2836],[-84.5168,34.2856],[-84.519,34.2862],[-84.5205,34.2878],[-84.5222,34.2881],[-84.523,34.2873],[-84.5238,34.2843],[-84.5241,34.2813],[-84.5254,34.2793],[-84.5262,34.2787],[-84.5277,34.278],[-84.5315,34.2778],[-84.5341,34.2765],[-84.5365,34.2758],[-84.538,34.2749],[-84.5394,34.2746],[-84.5408,34.2755],[-84.5427,34.2756],[-84.5436,34.2761],[-84.545,34.2779],[-84.5459,34.2796],[-84.5523,34.2803],[-84.5547,34.2811],[-84.5564,34.2819],[-84.559,34.2826],[-84.5609,34.2819],[-84.5617,34.2819],[-84.5644,34.2824],[-84.568,34.2817],[-84.5696,34.2823],[-84.5718,34.2826],[-84.5742,34.2822],[-84.5747,34.2809],[-84.5745,34.2796],[-84.5752,34.2779],[-84.5766,34.2768],[-84.5797,34.2759],[-84.5805,34.2748],[-84.5805,34.2737],[-84.5814,34.2724],[-84.584,34.2702],[-84.5852,34.2684],[-84.5856,34.2659],[-84.5866,34.2647],[-84.5906,34.2638],[-84.5938,34.2644],[-84.5947,34.2639],[-84.5985,34.2609],[-84.5995,34.2598],[-84.6007,34.2566],[-84.601,34.2526],[-84.6021,34.2513],[-84.6042,34.2507],[-84.6055,34.2495],[-84.6062,34.2479],[-84.6069,34.2469],[-84.6078,34.2463],[-84.6102,34.2454],[-84.6113,34.2446],[-84.615,34.241],[-84.6183,34.2376],[-84.6204,34.235],[-84.6211,34.2336],[-84.6206,34.2322],[-84.6191,34.2302],[-84.6178,34.2293],[-84.6172,34.2285],[-84.6166,34.2257],[-84.6167,34.2245],[-84.6181,34.2228],[-84.6199,34.2228],[-84.6211,34.2225],[-84.6279,34.2205],[-84.649,34.214],[-84.6508,34.2136],[-84.6559,34.2135],[-84.6577,34.2027],[-84.6575,34.1907],[-84.6578,34.1812],[-84.6579,34.1678],[-84.6578,34.1465],[-84.6581,34.1296],[-84.6583,34.116],[-84.6585,34.1093],[-84.6592,34.078],[-84.6767,34.0783],[-84.6895,34.0786],[-84.6928,34.0787],[-84.7028,34.0788],[-84.7219,34.0792],[-84.7262,34.0792],[-84.7307,34.0795],[-84.7378,34.0794],[-84.7378,34.0821],[-84.7407,34.0821],[-84.7443,34.0825],[-84.7459,34.0813],[-84.7458,34.0804],[-84.748,34.0798],[-84.7505,34.0797],[-84.7526,34.0824],[-84.755,34.0823],[-84.7589,34.0824],[-84.7553,34.0804],[-84.7536,34.0779],[-84.7546,34.0771],[-84.7566,34.0772],[-84.7577,34.0771],[-84.7586,34.0765],[-84.7583,34.0746],[-84.7588,34.0714],[-84.7598,34.0698],[-84.7607,34.069],[-84.7623,34.0695],[-84.7624,34.0702],[-84.7646,34.0708],[-84.7676,34.0722],[-84.7699,34.071],[-84.771,34.0692],[-84.7724,34.0682],[-84.7725,34.0658],[-84.7731,34.0642],[-84.7745,34.0626],[-84.7756,34.0617],[-84.7765,34.0613],[-84.7778,34.0632],[-84.779,34.064],[-84.7807,34.0645],[-84.7815,34.0639],[-84.7811,34.0627],[-84.7823,34.0611],[-84.7817,34.0592],[-84.7827,34.0583],[-84.7841,34.0574],[-84.7854,34.0562],[-84.787,34.0567],[-84.7872,34.0583],[-84.7891,34.0606],[-84.7904,34.0604],[-84.7914,34.0597],[-84.7912,34.0585],[-84.7918,34.0569],[-84.7914,34.0554],[-84.7897,34.0551],[-84.7893,34.0547],[-84.7885,34.0525],[-84.7888,34.0508],[-84.7884,34.0495],[-84.788,34.0472],[-84.7888,34.0454],[-84.7902,34.0468],[-84.7932,34.0484],[-84.7953,34.0492],[-84.7964,34.0483],[-84.7964,34.0467],[-84.7976,34.0448],[-84.7984,34.0442],[-84.7998,34.0437],[-84.8017,34.0414],[-84.8025,34.0411],[-84.8032,34.0418],[-84.8033,34.0426],[-84.8046,34.0439],[-84.8042,34.0452],[-84.8052,34.0455],[-84.8065,34.0442],[-84.8057,34.0427],[-84.8059,34.0418],[-84.8067,34.0413],[-84.8071,34.0393],[-84.8075,34.039],[-84.8093,34.0389],[-84.8101,34.0378],[-84.8098,34.0367],[-84.8101,34.0361],[-84.8121,34.0329],[-84.8125,34.0313],[-84.8142,34.0309],[-84.8167,34.0316],[-84.8178,34.0312],[-84.8179,34.029],[-84.8186,34.0272],[-84.8172,34.0264],[-84.8151,34.0232],[-84.8141,34.023],[-84.8123,34.0234],[-84.8104,34.0222],[-84.8107,34.0209],[-84.8135,34.0204],[-84.8156,34.0204],[-84.8167,34.0206],[-84.8172,34.0198],[-84.8167,34.0187],[-84.8167,34.0161],[-84.816,34.0157],[-84.8145,34.0159],[-84.8124,34.0152],[-84.8124,34.0144],[-84.8148,34.0131],[-84.8161,34.0108],[-84.8181,34.0101],[-84.8191,34.0101],[-84.8208,34.0111],[-84.8217,34.012],[-84.8224,34.0115],[-84.8218,34.0106],[-84.8217,34.0092],[-84.8212,34.0086],[-84.82,34.0082],[-84.8186,34.0073],[-84.8188,34.0061],[-84.8195,34.0057],[-84.8228,34.0055],[-84.8233,34.0041],[-84.8231,34.0028],[-84.822,34.0021],[-84.8226,34.0007],[-84.8242,34.0009],[-84.8244,34.0021],[-84.8253,34.0027],[-84.8273,34.002],[-84.8288,34.0018],[-84.8285,34.0009],[-84.827,34.0005],[-84.8269,33.9993],[-84.828,33.9985],[-84.8294,33.9992],[-84.8309,33.9993],[-84.8324,33.9987],[-84.8336,33.9975],[-84.8346,33.9959],[-84.8357,33.9949],[-84.838,33.9945],[-84.8389,33.9934],[-84.838,33.9916],[-84.8395,33.9908],[-84.839,33.9891],[-84.8399,33.9885],[-84.8401,33.9877],[-84.8409,33.9875],[-84.8425,33.9882],[-84.8431,33.9877],[-84.8415,33.9862],[-84.8421,33.9852],[-84.8435,33.9851],[-84.8441,33.9846],[-84.8438,33.9808],[-84.8433,33.9802],[-84.8414,33.9794],[-84.8408,33.9779],[-84.8406,33.9755],[-84.8409,33.9749],[-84.842,33.9744],[-84.8442,33.9754],[-84.8452,33.975],[-84.845,33.9725],[-84.8441,33.971],[-84.8428,33.9702],[-84.8412,33.9697],[-84.841,33.9686],[-84.8416,33.968],[-84.8431,33.9672],[-84.845,33.9672],[-84.8467,33.9668],[-84.848,33.9671],[-84.8493,33.9663],[-84.8511,33.9663],[-84.852,33.9658],[-84.852,33.9643],[-84.8539,33.9639],[-84.8551,33.9618],[-84.8581,33.9614],[-84.8604,33.9591],[-84.8627,33.9551],[-84.8631,33.9531],[-84.8617,33.9511],[-84.8618,33.9495],[-84.8628,33.9491],[-84.8635,33.948],[-84.8633,33.9473],[-84.8643,33.9464],[-84.8643,33.9455],[-84.8654,33.9431],[-84.8669,33.9418],[-84.8674,33.9409],[-84.8668,33.9405],[-84.8674,33.9398],[-84.8671,33.9368],[-84.8651,33.9351],[-84.8651,33.9331],[-84.8666,33.9321],[-84.8679,33.9305],[-84.871,33.9284],[-84.8717,33.9277],[-84.8734,33.9268],[-84.8771,33.9257],[-84.8812,33.9258],[-84.8815,33.9254],[-84.8813,33.9226],[-84.8801,33.9226],[-84.88,33.9216],[-84.8793,33.9214],[-84.8782,33.922],[-84.8769,33.922],[-84.8769,33.9196],[-84.8781,33.9195],[-84.8792,33.9187],[-84.8794,33.9171],[-84.8785,33.9163],[-84.88,33.9154],[-84.8849,33.9146],[-84.886,33.9148],[-84.8899,33.9148],[-84.8911,33.9145],[-84.8919,33.9148],[-84.8945,33.9148],[-84.8947,33.9111],[-84.8989,33.9112],[-84.8989,33.904],[-84.8916,33.9038],[-84.8928,33.9028],[-84.8919,33.9013],[-84.892,33.9008],[-84.8905,33.8995],[-84.8884,33.8958],[-84.8897,33.8904],[-84.8881,33.8881],[-84.8884,33.8861],[-84.8904,33.8854],[-84.8944,33.8835],[-84.8947,33.8781],[-84.8944,33.8715],[-84.8931,33.8675],[-84.8894,33.8656],[-84.8875,33.864],[-84.8863,33.8634],[-84.8851,33.8618],[-84.8848,33.8571],[-84.8861,33.8565],[-84.8861,33.8555],[-84.8851,33.8545],[-84.8854,33.853],[-84.8862,33.8536],[-84.8891,33.8518],[-84.8901,33.8509],[-84.8913,33.8517],[-84.8924,33.8507],[-84.892,33.8496],[-84.8939,33.8485],[-84.894,33.8472],[-84.8948,33.8467],[-84.8961,33.8451],[-84.8962,33.8433],[-84.8971,33.842],[-84.8966,33.8401],[-84.8981,33.8393],[-84.8983,33.8385],[-84.8975,33.8373],[-84.8994,33.8347],[-84.8997,33.8331],[-84.9,33.8307],[-84.9003,33.8295],[-84.8989,33.827],[-84.8987,33.8262],[-84.8991,33.8242],[-84.8991,33.8233],[-84.898,33.8221],[-84.8984,33.8212],[-84.9003,33.8202],[-84.8964,33.8129],[-84.8963,33.8107],[-84.8966,33.8102],[-84.9001,33.8075],[-84.9007,33.806],[-84.904,33.8057],[-84.91,33.8036],[-84.9141,33.8026],[-84.9187,33.8027],[-84.9189,33.802],[-84.9202,33.8021],[-84.9311,33.7895],[-84.9186,33.7863],[-84.9049,33.7819],[-84.8991,33.7798],[-84.8942,33.7784],[-84.8899,33.7768],[-84.8827,33.7739],[-84.8781,33.7738],[-84.8593,33.7736],[-84.8493,33.7737],[-84.8438,33.7738],[-84.831,33.7765],[-84.8133,33.7776],[-84.8172,33.7763],[-84.8231,33.7759],[-84.8252,33.7751],[-84.8264,33.7752],[-84.8298,33.7747],[-84.8357,33.7747],[-84.8369,33.7741],[-84.8406,33.7731],[-84.8424,33.772],[-84.8413,33.7702],[-84.8396,33.7696],[-84.8379,33.7679],[-84.8373,33.7669],[-84.8361,33.7663],[-84.8349,33.7646],[-84.8343,33.7641],[-84.8343,33.761],[-84.8333,33.7594],[-84.8302,33.7571],[-84.8291,33.7551],[-84.8289,33.7543],[-84.8292,33.7528],[-84.8307,33.7505],[-84.8327,33.749],[-84.8315,33.748],[-84.829,33.7438],[-84.8277,33.7401],[-84.8277,33.7388],[-84.8271,33.7375],[-84.827,33.7366],[-84.8277,33.7325],[-84.8274,33.7256],[-84.8271,33.7237],[-84.8265,33.7219],[-84.8265,33.7203],[-84.8268,33.72],[-84.8271,33.7175],[-84.8294,33.7176],[-84.8316,33.7171],[-84.8342,33.7159],[-84.8342,33.71],[-84.8333,33.7079],[-84.8333,33.7065],[-84.8325,33.7039],[-84.8314,33.7006],[-84.8312,33.6992],[-84.8315,33.6981],[-84.8329,33.6959],[-84.8341,33.6946],[-84.8343,33.694],[-84.8345,33.691],[-84.8324,33.6895],[-84.83,33.687],[-84.8299,33.6854],[-84.8295,33.6836],[-84.8285,33.6816],[-84.8268,33.6802],[-84.827,33.6787],[-84.8279,33.6757],[-84.8277,33.671],[-84.8273,33.6699],[-84.8271,33.6666],[-84.8261,33.6657],[-84.8259,33.6644],[-84.8263,33.6638],[-84.8283,33.664],[-84.8297,33.6645],[-84.8316,33.6646],[-84.8324,33.6641],[-84.8324,33.6628],[-84.8304,33.6591],[-84.8286,33.6567],[-84.8223,33.6523],[-84.8194,33.6517],[-84.818,33.6523],[-84.8173,33.6523],[-84.8157,33.6507],[-84.8106,33.6473],[-84.8066,33.6447],[-84.8052,33.6436],[-84.8051,33.643],[-84.8067,33.6413],[-84.8101,33.639],[-84.8109,33.637],[-84.8119,33.6364],[-84.8122,33.635],[-84.8112,33.6343],[-84.8089,33.6336],[-84.8089,33.6327],[-84.8072,33.6316],[-84.8045,33.6314],[-84.8015,33.6299],[-84.7996,33.6288],[-84.7974,33.6263],[-84.7961,33.6241],[-84.7971,33.621],[-84.7966,33.6188],[-84.7946,33.6163],[-84.7926,33.6147],[-84.7911,33.6133],[-84.7896,33.6114],[-84.7872,33.6094],[-84.787,33.6086],[-84.7875,33.6078],[-84.7888,33.6075],[-84.7892,33.6065],[-84.7886,33.6048],[-84.7858,33.6013],[-84.7839,33.6029],[-84.7832,33.6038],[-84.7804,33.6063],[-84.7778,33.6082],[-84.7756,33.6097],[-84.7738,33.6106],[-84.7709,33.6116],[-84.765,33.6135],[-84.7631,33.6142],[-84.7624,33.6149],[-84.7605,33.6171],[-84.7593,33.6189],[-84.7582,33.6209],[-84.7551,33.625],[-84.753,33.628],[-84.7529,33.6305],[-84.7511,33.632],[-84.7499,33.6322],[-84.7488,33.6318],[-84.7462,33.6297],[-84.744,33.6271],[-84.7432,33.6251],[-84.7418,33.6238],[-84.7396,33.6234],[-84.7377,33.6236],[-84.7363,33.6242],[-84.7352,33.6251],[-84.7337,33.6271],[-84.7321,33.6298],[-84.7315,33.6317],[-84.7312,33.6347],[-84.7306,33.6359],[-84.7296,33.6369],[-84.7284,33.6378],[-84.7262,33.6389],[-84.7234,33.6399],[-84.7197,33.6408],[-84.7156,33.6424],[-84.7133,33.6441],[-84.7116,33.6458],[-84.7093,33.647],[-84.7069,33.6476],[-84.7026,33.648],[-84.6985,33.6489],[-84.6948,33.6492],[-84.6886,33.6502],[-84.6858,33.6509],[-84.6823,33.6528],[-84.6807,33.6534],[-84.6771,33.6554],[-84.6756,33.6561],[-84.6738,33.6565],[-84.6737,33.655],[-84.6728,33.6529],[-84.6716,33.6515],[-84.6698,33.6504],[-84.6708,33.6499],[-84.6716,33.649],[-84.672,33.6477],[-84.6729,33.6386],[-84.6729,33.6366],[-84.6717,33.6222],[-84.6734,33.6222],[-84.6733,33.6209],[-84.6743,33.6209],[-84.6743,33.6191],[-84.6761,33.6193],[-84.6785,33.6189],[-84.6802,33.6191],[-84.6827,33.6215],[-84.684,33.6239],[-84.6845,33.6253],[-84.6862,33.6252],[-84.6862,33.622],[-84.6878,33.622],[-84.69,33.6236],[-84.6916,33.6213],[-84.6955,33.6225],[-84.6955,33.6199],[-84.6922,33.62],[-84.6936,33.6176],[-84.6973,33.6138],[-84.6906,33.6138],[-84.6906,33.6156],[-84.6838,33.6156],[-84.6856,33.6134],[-84.686,33.6121],[-84.6852,33.6098],[-84.6858,33.6098],[-84.6858,33.6018],[-84.6907,33.6029],[-84.6921,33.6029],[-84.6942,33.6037],[-84.6954,33.6047],[-84.6954,33.6055],[-84.6968,33.6055],[-84.7003,33.6116],[-84.7015,33.6108],[-84.7027,33.6111],[-84.7027,33.61],[-84.7049,33.6085],[-84.7058,33.6071],[-84.7063,33.6021],[-84.7055,33.6004],[-84.7042,33.5955],[-84.7037,33.595],[-84.7018,33.5943],[-84.7011,33.5932],[-84.7011,33.5925],[-84.6999,33.5913],[-84.6982,33.5911],[-84.6964,33.5912],[-84.6948,33.5899],[-84.6935,33.588],[-84.6918,33.5866],[-84.6866,33.5837],[-84.6843,33.5819],[-84.6823,33.5807],[-84.68,33.5786],[-84.6775,33.5773],[-84.675,33.5767],[-84.67,33.5748],[-84.6674,33.5734],[-84.6653,33.5503],[-84.664,33.5356],[-84.6626,33.5363],[-84.6629,33.5382],[-84.6622,33.5382],[-84.6624,33.5409],[-84.6634,33.5409],[-84.6635,33.5434],[-84.6626,33.5446],[-84.6613,33.5431],[-84.6594,33.5447],[-84.6507,33.5448],[-84.6507,33.5346],[-84.6456,33.5369],[-84.6457,33.5388],[-84.6457,33.5448],[-84.6463,33.5449],[-84.6464,33.553],[-84.6509,33.553],[-84.6509,33.5518],[-84.6528,33.5514],[-84.6502,33.5555],[-84.6509,33.5559],[-84.6509,33.561],[-84.6531,33.5611],[-84.6531,33.5655],[-84.6522,33.5659],[-84.6496,33.5666],[-84.6486,33.5671],[-84.6485,33.5592],[-84.6486,33.5562],[-84.6458,33.5569],[-84.6431,33.5591],[-84.6419,33.5595],[-84.6413,33.5583],[-84.6383,33.5544],[-84.6379,33.5531],[-84.642,33.5519],[-84.6405,33.5505],[-84.6399,33.5505],[-84.6394,33.5488],[-84.6418,33.5488],[-84.6418,33.5472],[-84.6364,33.5472],[-84.6361,33.5448],[-84.6418,33.5448],[-84.6418,33.5436],[-84.6378,33.5436],[-84.6348,33.5438],[-84.6347,33.5421],[-84.6359,33.5414],[-84.6356,33.5398],[-84.6355,33.5377],[-84.6367,33.5372],[-84.6387,33.5369],[-84.6406,33.5364],[-84.6309,33.5365],[-84.6309,33.5285],[-84.6168,33.5286],[-84.6168,33.5284],[-84.6217,33.5286],[-84.6217,33.5221],[-84.6242,33.5205],[-84.6271,33.5181],[-84.6319,33.5112],[-84.6209,33.5108],[-84.6209,33.5031],[-84.6166,33.5032],[-84.6164,33.5026],[-84.6095,33.5026],[-84.6101,33.5021],[-84.6096,33.5008],[-84.6111,33.5001],[-84.6116,33.4977],[-84.6123,33.4963],[-84.6124,33.4944],[-84.6137,33.4922],[-84.6147,33.4901],[-84.6168,33.4875],[-84.618,33.4848],[-84.6178,33.4838],[-84.6184,33.4828],[-84.6207,33.4814],[-84.6224,33.481],[-84.6243,33.4793],[-84.6253,33.4778],[-84.6254,33.4759],[-84.6258,33.4746],[-84.6248,33.473],[-84.6245,33.4718],[-84.6243,33.4701],[-84.6234,33.4686],[-84.6242,33.4673],[-84.6243,33.4664],[-84.6249,33.4656],[-84.6261,33.4651],[-84.6265,33.4645],[-84.6254,33.4631],[-84.6254,33.462],[-84.6265,33.4614],[-84.6269,33.4603],[-84.626,33.4588],[-84.6266,33.4576],[-84.626,33.4557],[-84.626,33.4545],[-84.6267,33.4524],[-84.6266,33.4508],[-84.6261,33.4502],[-84.6248,33.4495],[-84.6245,33.4487],[-84.6258,33.4477],[-84.6262,33.4468],[-84.6257,33.4445],[-84.627,33.4446],[-84.6275,33.4453],[-84.6314,33.4472],[-84.6333,33.448],[-84.6399,33.4518],[-84.6435,33.4528],[-84.645,33.453],[-84.6471,33.4525],[-84.6565,33.4533],[-84.6569,33.4515],[-84.6622,33.4493],[-84.6666,33.4466],[-84.6686,33.4461],[-84.6714,33.4457],[-84.6743,33.4455],[-84.6778,33.4456],[-84.6848,33.4469],[-84.6859,33.4462],[-84.6902,33.4416],[-84.692,33.4411],[-84.6923,33.4418],[-84.695,33.444],[-84.6965,33.4473],[-84.697,33.4479],[-84.6988,33.4489],[-84.7004,33.4502],[-84.7019,33.4491],[-84.7107,33.4433],[-84.7135,33.4419],[-84.716,33.4418],[-84.7181,33.4425],[-84.7205,33.444],[-84.7216,33.4449],[-84.7239,33.4459],[-84.7266,33.446],[-84.7265,33.4496],[-84.7256,33.4512],[-84.7253,33.4529],[-84.7256,33.4535],[-84.7273,33.4553],[-84.7279,33.4562],[-84.7328,33.4603],[-84.7403,33.465],[-84.7439,33.4681],[-84.745,33.4688],[-84.7478,33.4689],[-84.7484,33.4685],[-84.7486,33.4701],[-84.7494,33.4726],[-84.7509,33.474],[-84.754,33.4756],[-84.7557,33.4766],[-84.759,33.4772],[-84.7646,33.4779],[-84.768,33.4781],[-84.77,33.478],[-84.7761,33.4772],[-84.7777,33.4777],[-84.7808,33.4784],[-84.7829,33.4793],[-84.7905,33.4793],[-84.7934,33.4785],[-84.7942,33.4802],[-84.7972,33.4797],[-84.8051,33.4798],[-84.8083,33.4791],[-84.81,33.4744],[-84.811,33.4726],[-84.8131,33.4705],[-84.8148,33.4697],[-84.8197,33.4693],[-84.8204,33.4682],[-84.8216,33.4656],[-84.8233,33.4636],[-84.8241,33.4615],[-84.8233,33.4579],[-84.8216,33.4553],[-84.8191,33.4501],[-84.8171,33.4437],[-84.8206,33.4437],[-84.8271,33.4422],[-84.8301,33.4424],[-84.8352,33.4431],[-84.8383,33.4432],[-84.8391,33.443],[-84.84,33.442],[-84.844,33.4419],[-84.8457,33.4407],[-84.8489,33.4393],[-84.8497,33.4393],[-84.8524,33.4411],[-84.8578,33.4427],[-84.8593,33.4433],[-84.8605,33.4442],[-84.8606,33.4463],[-84.8614,33.4475],[-84.8654,33.4493],[-84.8662,33.4495],[-84.8705,33.4485],[-84.8722,33.4508],[-84.8741,33.4501],[-84.8763,33.4497],[-84.8777,33.4484],[-84.8785,33.448],[-84.8793,33.447],[-84.8804,33.4464],[-84.8791,33.4447],[-84.8771,33.4417],[-84.8736,33.4369],[-84.8717,33.4353],[-84.8643,33.4309],[-84.8626,33.4296],[-84.8578,33.4238],[-84.8545,33.4199],[-84.8526,33.418],[-84.8505,33.4162],[-84.8476,33.4153],[-84.8453,33.4139],[-84.8419,33.4104],[-84.8398,33.4087],[-84.8335,33.4047],[-84.8326,33.4039],[-84.8291,33.3989],[-84.8263,33.3951],[-84.8282,33.3944],[-84.8302,33.394],[-84.8369,33.3932],[-84.8417,33.3918],[-84.8473,33.39],[-84.8488,33.3892],[-84.8499,33.3879],[-84.8506,33.3862],[-84.8507,33.3811],[-84.849,33.3815],[-84.8495,33.3792],[-84.8476,33.3782],[-84.846,33.3768],[-84.8447,33.3759],[-84.8415,33.3725],[-84.8376,33.37],[-84.8327,33.3685],[-84.8294,33.3682],[-84.8286,33.3616],[-84.828,33.3597],[-84.8294,33.3585],[-84.8303,33.3574],[-84.8312,33.3544],[-84.8319,33.3534],[-84.8342,33.3522],[-84.8347,33.3517],[-84.839,33.3462],[-84.8414,33.3431],[-84.8419,33.342],[-84.8436,33.3377],[-84.8441,33.3348],[-84.845,33.3337],[-84.8429,33.3335],[-84.8399,33.3348],[-84.8369,33.3358],[-84.8341,33.3363],[-84.8305,33.3378],[-84.8267,33.3391],[-84.8246,33.3392],[-84.814,33.3396],[-84.8121,33.3396],[-84.8095,33.3389],[-84.8032,33.3384],[-84.8013,33.3374],[-84.8,33.3364],[-84.8012,33.3347],[-84.8021,33.333],[-84.8017,33.3294],[-84.8008,33.3282],[-84.8001,33.3236],[-84.7983,33.3181],[-84.7975,33.3161],[-84.7967,33.3149],[-84.7952,33.3151],[-84.7857,33.3152],[-84.7824,33.3188],[-84.7737,33.3283],[-84.772,33.3308],[-84.7714,33.3311],[-84.7698,33.3333],[-84.7656,33.3392],[-84.7608,33.3464],[-84.7602,33.3512],[-84.76,33.3604],[-84.7574,33.3598],[-84.751,33.3588],[-84.7437,33.3567],[-84.7407,33.3557],[-84.7091,33.3556],[-84.705,33.3548],[-84.6955,33.3484],[-84.6844,33.3394],[-84.6759,33.3404],[-84.676,33.3416],[-84.676,33.3445],[-84.6707,33.3504],[-84.6657,33.3538],[-84.6626,33.359],[-84.6617,33.3595],[-84.6627,33.3662],[-84.6633,33.3698],[-84.6669,33.3732],[-84.6685,33.3766],[-84.6722,33.3825],[-84.6817,33.4018],[-84.682,33.4067],[-84.6822,33.4082],[-84.6771,33.4074],[-84.6706,33.4074],[-84.667,33.4061],[-84.662,33.4014],[-84.6588,33.3993],[-84.6556,33.3991],[-84.6504,33.4003],[-84.6464,33.4018],[-84.632,33.4018],[-84.6239,33.3984],[-84.6191,33.3968],[-84.6161,33.3966],[-84.6098,33.3969],[-84.6085,33.3961],[-84.6069,33.3957],[-84.6069,33.3951],[-84.6083,33.3945],[-84.6089,33.394],[-84.6091,33.3931],[-84.6082,33.3925],[-84.6068,33.3934],[-84.6068,33.3918],[-84.6045,33.3913],[-84.604,33.3909],[-84.6015,33.3881],[-84.6014,33.3871],[-84.6008,33.3868],[-84.599,33.3869],[-84.5978,33.3855],[-84.5983,33.3844],[-84.5982,33.3836],[-84.5976,33.3826],[-84.5973,33.3815],[-84.5956,33.3825],[-84.5939,33.381],[-84.5924,33.3783],[-84.5923,33.3766],[-84.5929,33.376],[-84.5926,33.3728],[-84.5918,33.3723],[-84.5923,33.3716],[-84.5918,33.3706],[-84.5908,33.3704],[-84.5912,33.3695],[-84.5901,33.3686],[-84.5914,33.3683],[-84.5912,33.3678],[-84.5899,33.3676],[-84.5878,33.3663],[-84.587,33.3648],[-84.5871,33.364],[-84.5887,33.3628],[-84.5865,33.3609],[-84.5862,33.3579],[-84.5837,33.3567],[-84.5819,33.3566],[-84.5785,33.359],[-84.5773,33.3587],[-84.5755,33.3572],[-84.575,33.3561],[-84.5748,33.3548],[-84.5751,33.3545],[-84.5746,33.3532],[-84.5731,33.3519],[-84.5731,33.351],[-84.5716,33.35],[-84.5715,33.3487],[-84.5708,33.3488],[-84.5695,33.3482],[-84.5668,33.346],[-84.5659,33.3449],[-84.5652,33.3447],[-84.5637,33.3432],[-84.5637,33.3425],[-84.5623,33.3423],[-84.5617,33.3412],[-84.5607,33.3407],[-84.5584,33.3407],[-84.5565,33.3412],[-84.5543,33.3412],[-84.5535,33.342],[-84.5517,33.3418],[-84.5512,33.3403],[-84.5498,33.3401],[-84.5496,33.3385],[-84.5448,33.3386],[-84.5438,33.3379],[-84.5439,33.3363],[-84.5435,33.3352],[-84.542,33.3351],[-84.5419,33.3345],[-84.5408,33.3334],[-84.5395,33.3333],[-84.5383,33.3343],[-84.5385,33.3352],[-84.5373,33.3359],[-84.5347,33.3358],[-84.5346,33.3344],[-84.5354,33.3328],[-84.5352,33.3311],[-84.5337,33.3301],[-84.5328,33.3286],[-84.5316,33.3276],[-84.5309,33.3275],[-84.5297,33.3283],[-84.5277,33.3269],[-84.5272,33.3256],[-84.5262,33.3217],[-84.525,33.3208],[-84.5245,33.3216],[-84.5234,33.3204],[-84.523,33.3196],[-84.5213,33.3186],[-84.5198,33.3184],[-84.5186,33.3186],[-84.518,33.3181],[-84.5177,33.3159],[-84.5197,33.3157],[-84.5204,33.3146],[-84.5216,33.314],[-84.5218,33.3131],[-84.5203,33.3129],[-84.5205,33.311],[-84.52,33.3089],[-84.5186,33.3083],[-84.5164,33.3059],[-84.5161,33.3048],[-84.5146,33.304],[-84.5146,33.3032],[-84.5151,33.3006],[-84.5165,33.2991],[-84.5172,33.2974],[-84.5184,33.2971],[-84.5181,33.2965],[-84.5171,33.2965],[-84.5169,33.2956],[-84.5178,33.295],[-84.5171,33.2944],[-84.5175,33.2935],[-84.5155,33.2919],[-84.5154,33.2908],[-84.5146,33.2905],[-84.5144,33.2893],[-84.5131,33.2874],[-84.5128,33.2862],[-84.5134,33.286],[-84.5134,33.2849],[-84.5125,33.2831],[-84.5132,33.2824],[-84.513,33.2817],[-84.5113,33.2822],[-84.5086,33.2812],[-84.5069,33.2826],[-84.5054,33.2824],[-84.5052,33.2813],[-84.5044,33.2812],[-84.5048,33.2798],[-84.5064,33.2787],[-84.507,33.2766],[-84.5061,33.2745],[-84.5048,33.2746],[-84.5044,33.2735],[-84.5034,33.2736],[-84.503,33.273],[-84.5036,33.2716],[-84.5038,33.2701],[-84.5029,33.2702],[-84.5019,33.2691],[-84.501,33.2672],[-84.5008,33.2659],[-84.5,33.2648],[-84.502,33.2632],[-84.5019,33.2616],[-84.5013,33.2611],[-84.5006,33.2596],[-84.4989,33.2594],[-84.4976,33.2582],[-84.4974,33.2575],[-84.4823,33.2573],[-84.4819,33.2572],[-84.4537,33.2566],[-84.4429,33.2565],[-84.4327,33.2565],[-84.4332,33.2572],[-84.4323,33.2587],[-84.4326,33.2602],[-84.4333,33.2615],[-84.4329,33.2631],[-84.4322,33.2636],[-84.4313,33.2634],[-84.4311,33.2648],[-84.4306,33.2657],[-84.431,33.2665],[-84.4308,33.268],[-84.4303,33.269],[-84.4316,33.2718],[-84.4312,33.2725],[-84.43,33.2727],[-84.4306,33.2736],[-84.4305,33.2747],[-84.4301,33.2751],[-84.4304,33.2761],[-84.4283,33.2758],[-84.429,33.2768],[-84.4263,33.279],[-84.4267,33.2794],[-84.4258,33.2802],[-84.4264,33.2808],[-84.4243,33.2828],[-84.423,33.2855],[-84.4227,33.2866],[-84.4221,33.2869],[-84.4206,33.2866],[-84.419,33.2873],[-84.4187,33.2879],[-84.4197,33.2887],[-84.4194,33.2895],[-84.4202,33.2906],[-84.4201,33.2919],[-84.4188,33.2917],[-84.4182,33.2925],[-84.4191,33.2927],[-84.4187,33.2939],[-84.4176,33.2937],[-84.416,33.2927],[-84.4148,33.2933],[-84.4138,33.2927],[-84.4132,33.2932],[-84.4128,33.2947],[-84.4122,33.294],[-84.4106,33.2938],[-84.4103,33.2946],[-84.4082,33.2943],[-84.4084,33.2951],[-84.4081,33.296],[-84.4073,33.2966],[-84.4082,33.2986],[-84.4069,33.2989],[-84.4058,33.3004],[-84.4051,33.3025],[-84.4035,33.3042],[-84.4026,33.3055],[-84.4008,33.3052],[-84.3983,33.3042],[-84.3978,33.3037],[-84.398,33.3015],[-84.3967,33.3017],[-84.3962,33.3033],[-84.3946,33.3045],[-84.3956,33.3053],[-84.3944,33.3078],[-84.393,33.3079],[-84.3927,33.3101],[-84.393,33.311],[-84.3927,33.3128],[-84.3933,33.3138],[-84.3935,33.3153],[-84.393,33.317],[-84.3919,33.317],[-84.3915,33.3164],[-84.3897,33.3161],[-84.3887,33.3154],[-84.3865,33.3165],[-84.3865,33.3172],[-84.3855,33.319],[-84.3842,33.3193],[-84.384,33.3201],[-84.3847,33.3206],[-84.3855,33.3218],[-84.3852,33.3228],[-84.3844,33.3242],[-84.3853,33.3245],[-84.3854,33.3252],[-84.3848,33.3271],[-84.3855,33.3282],[-84.386,33.3298],[-84.387,33.33],[-84.3866,33.3315],[-84.3873,33.3318],[-84.389,33.332],[-84.389,33.3332],[-84.3898,33.3333],[-84.3901,33.3347],[-84.3885,33.3355],[-84.3894,33.3372],[-84.3883,33.3394],[-84.3875,33.3389],[-84.3857,33.3388],[-84.3866,33.3397],[-84.3858,33.3411],[-84.3849,33.3407],[-84.3843,33.3393],[-84.3833,33.3389],[-84.3827,33.34],[-84.3835,33.3409],[-84.3826,33.3419],[-84.3826,33.3433],[-84.3833,33.3443],[-84.3851,33.348],[-84.3852,33.349],[-84.3857,33.3504],[-84.3867,33.3509],[-84.3879,33.3526],[-84.3699,33.3528],[-84.3544,33.3527],[-84.3542,33.3691],[-84.3541,33.3711],[-84.3542,33.3775],[-84.3541,33.3778],[-84.3538,33.3973],[-84.3536,33.4146],[-84.3536,33.4275],[-84.3535,33.4361],[-84.333,33.436],[-84.3232,33.4362],[-84.3234,33.428],[-84.3042,33.4274],[-84.3042,33.4334],[-84.3042,33.4357],[-84.2944,33.4357],[-84.2944,33.4414],[-84.2942,33.452],[-84.2943,33.4581],[-84.2924,33.4584],[-84.2914,33.459],[-84.2905,33.4606],[-84.2894,33.4638],[-84.2885,33.4657],[-84.2868,33.4675],[-84.2842,33.4683],[-84.2813,33.4689],[-84.2797,33.4689],[-84.2749,33.4684],[-84.2659,33.4683],[-84.2642,33.4681],[-84.2621,33.4683],[-84.2611,33.4681],[-84.2583,33.4665],[-84.2564,33.4656],[-84.2541,33.4649],[-84.2511,33.4632],[-84.2476,33.4625],[-84.2388,33.4637],[-84.2323,33.4644],[-84.2246,33.4645],[-84.2167,33.4642],[-84.2139,33.4635],[-84.2144,33.4588],[-84.2138,33.4559],[-84.2138,33.4535],[-84.2141,33.4522],[-84.2142,33.4474],[-84.2133,33.444],[-84.2123,33.4428],[-84.2096,33.4407],[-84.2075,33.4398],[-84.2069,33.4392],[-84.2068,33.4368],[-84.2069,33.4342],[-84.2067,33.4318],[-84.2091,33.4302],[-84.2124,33.4292],[-84.2143,33.4284],[-84.2155,33.4273],[-84.2168,33.4266],[-84.2168,33.4218],[-84.217,33.421],[-84.2185,33.4175],[-84.219,33.4159],[-84.2189,33.4155],[-84.217,33.414],[-84.217,33.4104],[-84.2173,33.4059],[-84.2171,33.4051],[-84.2159,33.4058],[-84.2153,33.4045],[-84.2147,33.4042],[-84.2143,33.4032],[-84.2136,33.4025],[-84.2129,33.3974],[-84.1996,33.3973],[-84.1987,33.3981],[-84.1967,33.3986],[-84.1953,33.3983],[-84.1923,33.3994],[-84.1889,33.3993],[-84.1879,33.4007],[-84.1875,33.4019],[-84.1844,33.4019],[-84.1843,33.4038],[-84.182,33.4031],[-84.1784,33.4028],[-84.178,33.4022],[-84.1733,33.4021],[-84.174,33.3971],[-84.174,33.3949],[-84.1701,33.3935],[-84.1684,33.3925],[-84.1676,33.3918],[-84.165,33.3877],[-84.1626,33.3847],[-84.1588,33.38],[-84.1569,33.3771],[-84.1507,33.377],[-84.1496,33.3764],[-84.1486,33.3768],[-84.147,33.3763],[-84.1426,33.3768],[-84.1407,33.3769],[-84.1385,33.3779],[-84.1325,33.3808],[-84.1316,33.381],[-84.1292,33.381],[-84.1283,33.3807],[-84.127,33.3794],[-84.1278,33.3822],[-84.129,33.3839],[-84.1309,33.3853],[-84.1227,33.3853],[-84.1152,33.3851],[-84.113,33.3851],[-84.1104,33.3844],[-84.108,33.384],[-84.105,33.385],[-84.1051,33.3916],[-84.104,33.3915],[-84.1019,33.3927],[-84.0994,33.3934],[-84.0953,33.3934],[-84.0954,33.3982],[-84.0947,33.3997],[-84.0919,33.4011],[-84.0905,33.4025],[-84.0895,33.4041],[-84.0886,33.4068],[-84.0879,33.4068],[-84.0871,33.406],[-84.0837,33.4053],[-84.0828,33.4053],[-84.0812,33.4062],[-84.0799,33.4085],[-84.0791,33.4089],[-84.0793,33.4103],[-84.0669,33.4102],[-84.0651,33.4091],[-84.0638,33.4087],[-84.0618,33.4087],[-84.0601,33.4084],[-84.0578,33.4074],[-84.0552,33.4068],[-84.0521,33.4054],[-84.0504,33.404],[-84.0483,33.4053],[-84.045,33.4086],[-84.0449,33.4095],[-84.0451,33.4149],[-84.047,33.4174],[-84.0525,33.4202],[-84.0525,33.4214],[-84.0537,33.4228],[-84.0539,33.4248],[-84.0546,33.4269],[-84.0566,33.4296],[-84.0566,33.4316],[-84.0541,33.4324],[-84.0416,33.4357],[-84.0415,33.4411],[-84.0415,33.4494],[-84.0413,33.4572],[-84.0402,33.4603],[-84.0371,33.4725],[-84.0357,33.4775],[-84.0309,33.4776],[-84.0304,33.4781],[-84.0268,33.4856],[-84.0252,33.4912],[-84.0246,33.4919],[-84.0201,33.4939],[-84.0193,33.4941],[-84.0158,33.4957],[-84.0153,33.4966],[-84.0146,33.4969],[-84.0119,33.4959],[-84.0112,33.4971],[-84.0108,33.4982],[-84.0094,33.498],[-84.0082,33.4983],[-84.0067,33.5002],[-84.0058,33.5025],[-84.0055,33.5047],[-84.0058,33.509],[-84.0048,33.5131],[-84.0038,33.5149],[-84.0025,33.516],[-84.0017,33.5175],[-84.0003,33.5194],[-83.9987,33.5221],[-83.9949,33.5254],[-83.9931,33.5264],[-83.9917,33.5267],[-83.9839,33.5265],[-83.9825,33.5261],[-83.9797,33.5248],[-83.9776,33.5247],[-83.9692,33.5271],[-83.9672,33.5279],[-83.9633,33.5299],[-83.9603,33.5311],[-83.9582,33.5323],[-83.9547,33.5349],[-83.9526,33.537],[-83.9522,33.5362],[-83.9524,33.5282],[-83.9519,33.5255],[-83.949,33.5188],[-83.9485,33.5173],[-83.9429,33.5173],[-83.9411,33.5172],[-83.9399,33.5165],[-83.9391,33.5156],[-83.9385,33.5144],[-83.9378,33.514],[-83.9298,33.5139],[-83.9281,33.5139],[-83.926,33.5138],[-83.9234,33.5138],[-83.9232,33.518],[-83.9208,33.5177],[-83.9202,33.5169],[-83.9178,33.5159],[-83.9132,33.5158],[-83.9132,33.5138],[-83.9118,33.5124],[-83.9085,33.512],[-83.9078,33.5113],[-83.9067,33.5108],[-83.9051,33.5105],[-83.9015,33.5108],[-83.9026,33.5131],[-83.9028,33.5144],[-83.9022,33.5162],[-83.9006,33.5173],[-83.8986,33.5184],[-83.897,33.5227],[-83.8967,33.5249],[-83.8966,33.5271],[-83.8967,33.5299],[-83.897,33.531],[-83.8966,33.5335],[-83.896,33.538],[-83.8959,33.5402],[-83.8954,33.5426],[-83.8947,33.5446],[-83.8956,33.5495],[-83.8955,33.553],[-83.8938,33.5543],[-83.8933,33.5552],[-83.8933,33.5574],[-83.8979,33.558],[-83.8993,33.5586],[-83.9006,33.5601],[-83.9016,33.5631],[-83.9034,33.5693],[-83.9041,33.5708],[-83.9044,33.5723],[-83.9048,33.5758],[-83.9064,33.5787],[-83.9086,33.5844],[-83.9096,33.5854],[-83.9116,33.5868],[-83.9123,33.5878],[-83.9132,33.5912],[-83.9154,33.596],[-83.916,33.5978],[-83.9163,33.6024],[-83.917,33.6044],[-83.9188,33.6075],[-83.9202,33.6137],[-83.9205,33.6158],[-83.922,33.6161],[-83.9263,33.6175],[-83.9366,33.6233],[-83.9418,33.6264],[-83.9439,33.6274],[-83.9456,33.6279],[-83.9478,33.6284],[-83.9516,33.6288],[-83.9315,33.6509],[-83.9309,33.6518],[-83.93,33.6552],[-83.9302,33.6574],[-83.9299,33.6589],[-83.929,33.6604],[-83.9258,33.6646],[-83.9256,33.6658],[-83.925,33.6672],[-83.9244,33.6697],[-83.9231,33.6739],[-83.9235,33.6752],[-83.9232,33.6763],[-83.9234,33.6777],[-83.9232,33.6792],[-83.9243,33.6801],[-83.9244,33.6812],[-83.9226,33.6814],[-83.9232,33.6827],[-83.9226,33.6837],[-83.9226,33.685],[-83.9219,33.6856],[-83.9205,33.6855],[-83.9192,33.6879],[-83.9181,33.6895],[-83.9187,33.6902],[-83.9201,33.6911],[-83.9205,33.6919],[-83.9206,33.6941],[-83.9227,33.6978],[-83.9231,33.6999],[-83.9231,33.7009],[-83.9239,33.7026],[-83.9239,33.7039],[-83.9255,33.7062],[-83.9249,33.7072],[-83.9246,33.7085],[-83.9251,33.7094],[-83.9251,33.7105],[-83.9241,33.7111],[-83.9228,33.7111],[-83.9201,33.7095],[-83.9195,33.7089],[-83.9174,33.7084],[-83.9161,33.7102],[-83.9148,33.7106],[-83.9132,33.7126],[-83.9142,33.7139],[-83.9143,33.7148],[-83.916,33.7158],[-83.9167,33.7166],[-83.9154,33.7182],[-83.9156,33.719],[-83.9167,33.7197],[-83.9179,33.721],[-83.9187,33.7236],[-83.9183,33.725],[-83.9185,33.7257],[-83.9183,33.7275],[-83.9169,33.7302],[-83.916,33.7312],[-83.9165,33.732],[-83.9172,33.734],[-83.9173,33.7361],[-83.9176,33.7372],[-83.9165,33.7377],[-83.9153,33.7393],[-83.915,33.7411],[-83.9157,33.7422],[-83.9149,33.7431],[-83.9148,33.7442],[-83.9339,33.756],[-83.9387,33.7591],[-83.9507,33.7665],[-83.9545,33.7688],[-83.9541,33.7698],[-83.9543,33.7718],[-83.9555,33.7742],[-83.9568,33.7763],[-83.9552,33.7787],[-83.9545,33.7801],[-83.9516,33.7828],[-83.9486,33.7807],[-83.947,33.7793],[-83.9438,33.7796],[-83.94,33.7801],[-83.9384,33.7817],[-83.9369,33.7824],[-83.9344,33.7817],[-83.9329,33.7814],[-83.9315,33.7822],[-83.9297,33.7824],[-83.9285,33.7806],[-83.9267,33.7796],[-83.9235,33.7789],[-83.9214,33.7782],[-83.9103,33.7733],[-83.9085,33.7719],[-83.9058,33.7678],[-83.9037,33.7655],[-83.902,33.7647],[-83.9008,33.7647],[-83.8939,33.7662],[-83.8878,33.7679],[-83.8808,33.7712],[-83.8777,33.7729],[-83.8757,33.7755],[-83.8755,33.7771],[-83.8749,33.7784],[-83.8746,33.781],[-83.8742,33.7816],[-83.8716,33.7849],[-83.8695,33.7873],[-83.8679,33.793],[-83.8681,33.7941],[-83.8699,33.7967],[-83.8696,33.7976],[-83.8683,33.7983],[-83.8626,33.7938],[-83.8595,33.7911],[-83.8585,33.7897],[-83.8562,33.7851],[-83.8534,33.7809],[-83.8528,33.7794],[-83.8464,33.7759],[-83.8397,33.7728],[-83.836,33.7703],[-83.8345,33.7695],[-83.8286,33.7671],[-83.825,33.7658],[-83.8233,33.7645],[-83.8185,33.7589],[-83.8123,33.7622],[-83.8093,33.7638],[-83.8066,33.7653],[-83.7995,33.7692],[-83.7945,33.7719],[-83.786,33.7765],[-83.7841,33.7772],[-83.7826,33.7774],[-83.7797,33.7774],[-83.7785,33.7776],[-83.777,33.7783],[-83.7795,33.782],[-83.7823,33.788],[-83.783,33.7903],[-83.7859,33.7931],[-83.7872,33.7948],[-83.788,33.7972],[-83.7893,33.7993],[-83.7898,33.8023],[-83.7902,33.8032],[-83.7919,33.8059],[-83.7935,33.8063],[-83.7958,33.8072],[-83.7997,33.8069],[-83.8018,33.8061],[-83.8051,33.8054],[-83.8082,33.8043],[-83.8092,33.8041],[-83.8175,33.8044],[-83.818,33.8043],[-83.8196,33.8066],[-83.8194,33.8086],[-83.8197,33.8093],[-83.821,33.8106],[-83.8222,33.8108],[-83.8224,33.8113],[-83.822,33.8127],[-83.8225,33.8149],[-83.822,33.8154],[-83.8204,33.816],[-83.8194,33.8167],[-83.8188,33.8176],[-83.8184,33.8204],[-83.8184,33.823],[-83.8175,33.8259],[-83.8157,33.8286],[-83.8159,33.829],[-83.8185,33.8327],[-83.8167,33.8351],[-83.8164,33.837],[-83.817,33.8378],[-83.8182,33.8386],[-83.8188,33.8395],[-83.8188,33.8422],[-83.8192,33.8435],[-83.8211,33.8467],[-83.8224,33.846],[-83.823,33.846],[-83.8264,33.8474],[-83.8273,33.8476],[-83.83,33.8475],[-83.8299,33.8479],[-83.828,33.8499],[-83.8268,33.8516],[-83.8273,33.8539],[-83.8274,33.8559],[-83.827,33.859],[-83.8257,33.8606],[-83.8244,33.8617],[-83.8243,33.8634],[-83.823,33.865],[-83.8218,33.867],[-83.8204,33.8679],[-83.8223,33.8708],[-83.8257,33.873],[-83.8275,33.8747],[-83.8294,33.8754],[-83.8326,33.8753],[-83.8331,33.8756],[-83.8342,33.8777],[-83.8346,33.8793],[-83.8311,33.8802],[-83.8271,33.8809],[-83.8241,33.8819],[-83.8236,33.8835],[-83.8242,33.8846],[-83.8256,33.8845],[-83.8277,33.8849],[-83.8281,33.8861],[-83.8292,33.8864],[-83.8305,33.8856],[-83.8315,33.8856],[-83.8337,33.8866],[-83.8338,33.8873],[-83.8327,33.8888],[-83.8329,33.8896],[-83.8355,33.8902],[-83.8371,33.889],[-83.8382,33.8893],[-83.8379,33.8904],[-83.8381,33.8912],[-83.839,33.8914],[-83.8401,33.894],[-83.8419,33.895],[-83.8429,33.8948],[-83.8386,33.8979],[-83.8366,33.9],[-83.8347,33.9015],[-83.8262,33.9082],[-83.8231,33.9107],[-83.8188,33.9141],[-83.8069,33.9232],[-83.7989,33.9299],[-83.8001,33.9318],[-83.8017,33.9317],[-83.8023,33.9321],[-83.8031,33.9339],[-83.8029,33.9342],[-83.8042,33.9365],[-83.8056,33.9374],[-83.8044,33.9415],[-83.8071,33.9437],[-83.8071,33.9444],[-83.8078,33.9452],[-83.8077,33.9458],[-83.8086,33.9467],[-83.8111,33.9469],[-83.8131,33.9492],[-83.8125,33.9505],[-83.8129,33.9512],[-83.8125,33.9525],[-83.813,33.9542],[-83.8145,33.9554],[-83.8153,33.9557],[-83.8165,33.9573],[-83.8183,33.9582],[-83.8192,33.9595],[-83.8194,33.9603],[-83.8217,33.9622],[-83.8226,33.9625],[-83.8241,33.9644],[-83.8254,33.9652],[-83.8272,33.9653],[-83.83,33.966],[-83.8307,33.9658],[-83.8319,33.9665],[-83.8325,33.9672],[-83.8334,33.9699],[-83.8344,33.9725],[-83.8341,33.9735],[-83.8352,33.9756],[-83.8348,33.9765],[-83.8356,33.9774],[-83.8364,33.9798],[-83.8371,33.9812],[-83.8368,33.9822],[-83.8378,33.9834],[-83.841,33.9856],[-83.8426,33.9861],[-83.8446,33.9882],[-83.8472,33.9893],[-83.848,33.99],[-83.8507,33.9917],[-83.853,33.9921],[-83.854,33.993],[-83.8552,33.9931],[-83.856,33.9936],[-83.8574,33.9955],[-83.8602,33.997],[-83.8612,33.9984],[-83.8621,33.999],[-83.863,34.0007],[-83.8643,34.0021],[-83.8658,34.0032],[-83.8669,34.0044],[-83.8687,34.0043],[-83.8691,34.0046],[-83.8649,34.0135],[-83.8622,34.0203],[-83.8592,34.0275],[-83.8574,34.031],[-83.8555,34.0335],[-83.8544,34.0386],[-83.8519,34.0448],[-83.8493,34.0512],[-83.8427,34.0665],[-83.8423,34.0679],[-83.8402,34.0732],[-83.837,34.0736],[-83.8337,34.0739],[-83.8325,34.0744],[-83.8298,34.0773],[-83.8262,34.08],[-83.8257,34.0805],[-83.8236,34.0839],[-83.8232,34.0844],[-83.821,34.0857],[-83.8185,34.0868],[-83.8167,34.088],[-83.8131,34.0919],[-83.8098,34.0942],[-83.808,34.0952],[-83.8002,34.0975],[-83.7923,34.1003],[-83.7933,34.1012],[-83.7959,34.102],[-83.7997,34.1028],[-83.8013,34.1039],[-83.8043,34.1067],[-83.8061,34.1078],[-83.8058,34.1092],[-83.8061,34.1099],[-83.8078,34.1094],[-83.8099,34.1108],[-83.8103,34.1118],[-83.8113,34.1126],[-83.8143,34.1133],[-83.8153,34.1142],[-83.8146,34.1146],[-83.8117,34.1154],[-83.811,34.1164],[-83.813,34.1173],[-83.8133,34.1185],[-83.8123,34.1202],[-83.8128,34.1212],[-83.8156,34.1218],[-83.8165,34.1227],[-83.8166,34.1242],[-83.8158,34.1259],[-83.8159,34.1266],[-83.8167,34.1274],[-83.8179,34.1275],[-83.8217,34.1251],[-83.8273,34.1219],[-83.8297,34.1259],[-83.8324,34.1338],[-83.8377,34.1414],[-83.8381,34.1436],[-83.8374,34.1495],[-83.8366,34.1548],[-83.8361,34.1568],[-83.8356,34.1641],[-83.8351,34.1659],[-83.8338,34.1677],[-83.8299,34.1656],[-83.8286,34.1646],[-83.8275,34.1653],[-83.8247,34.1653],[-83.8237,34.1655],[-83.8201,34.1668],[-83.8164,34.1667],[-83.8103,34.1683],[-83.8068,34.1691],[-83.799,34.1704],[-83.7979,34.1703],[-83.7956,34.169],[-83.7896,34.1684],[-83.7888,34.1686],[-83.786,34.1699],[-83.7855,34.1708],[-83.786,34.1734],[-83.7856,34.1751],[-83.7838,34.1777],[-83.7843,34.1813],[-83.7831,34.187],[-83.7828,34.1881],[-83.7822,34.1888],[-83.7792,34.1909],[-83.7763,34.1921],[-83.7803,34.1996],[-83.7803,34.2007],[-83.7792,34.2023],[-83.7793,34.2031],[-83.7801,34.2051],[-83.7802,34.2073],[-83.7818,34.2115],[-83.7835,34.2145],[-83.7835,34.2162],[-83.7825,34.2169],[-83.781,34.2163],[-83.7791,34.2171],[-83.7768,34.217],[-83.7761,34.2165],[-83.7749,34.2166],[-83.7733,34.2173],[-83.771,34.2174],[-83.7699,34.217],[-83.7687,34.2175],[-83.7698,34.2193],[-83.7697,34.2204],[-83.7706,34.2206],[-83.7708,34.2212],[-83.7722,34.2225],[-83.7715,34.2244],[-83.7717,34.2255],[-83.7724,34.2267],[-83.772,34.2287],[-83.7723,34.2298],[-83.7724,34.2322],[-83.7741,34.2331],[-83.7744,34.2339],[-83.7741,34.2362],[-83.7734,34.2376],[-83.7713,34.2387],[-83.7709,34.2398],[-83.7692,34.2427],[-83.7695,34.2443],[-83.7667,34.2474],[-83.7654,34.248],[-83.7655,34.2509],[-83.7651,34.2521],[-83.7636,34.2541],[-83.7624,34.2513],[-83.7619,34.2507],[-83.7575,34.2495],[-83.7529,34.2469],[-83.7499,34.2454],[-83.7471,34.2445],[-83.7427,34.2434],[-83.7411,34.2433],[-83.7383,34.2437],[-83.7343,34.2459],[-83.7335,34.2461],[-83.7302,34.2457],[-83.7294,34.2452],[-83.7282,34.2453],[-83.7271,34.2458],[-83.7258,34.2471],[-83.7236,34.2501],[-83.7219,34.2522],[-83.7219,34.2525],[-83.7239,34.2539],[-83.7264,34.2559],[-83.7292,34.2584],[-83.7328,34.2606],[-83.7365,34.2621],[-83.7376,34.2628],[-83.7399,34.2652],[-83.7426,34.2667],[-83.7399,34.2683],[-83.7365,34.2696],[-83.7349,34.2712],[-83.7339,34.2719],[-83.7325,34.2736],[-83.7316,34.274],[-83.7294,34.274],[-83.7272,34.275],[-83.7231,34.2796],[-83.7227,34.2799],[-83.7194,34.2814],[-83.7203,34.2826],[-83.7225,34.2832],[-83.7231,34.2839],[-83.7227,34.2863],[-83.7227,34.2877],[-83.7235,34.2887],[-83.7253,34.2895],[-83.7268,34.2908],[-83.728,34.2914],[-83.7281,34.2927],[-83.7287,34.2942],[-83.729,34.2958],[-83.7301,34.2968],[-83.7324,34.298],[-83.7354,34.3006],[-83.7383,34.3042],[-83.7397,34.3061],[-83.7406,34.3082],[-83.7405,34.3098],[-83.7459,34.3134],[-83.7499,34.3155],[-83.7513,34.3159],[-83.7535,34.3156],[-83.7552,34.3167],[-83.7575,34.3174],[-83.7592,34.3176],[-83.757,34.3213],[-83.7558,34.3236],[-83.7545,34.3247],[-83.7539,34.3263],[-83.7531,34.3293],[-83.7518,34.3307],[-83.7503,34.333],[-83.7509,34.3343],[-83.7511,34.3372],[-83.7524,34.3387],[-83.7546,34.3399],[-83.7561,34.3414],[-83.7558,34.3434],[-83.7575,34.3453],[-83.759,34.3495],[-83.7599,34.3514],[-83.7608,34.3521],[-83.762,34.3546],[-83.7628,34.3553],[-83.7659,34.3565],[-83.7671,34.3565],[-83.7684,34.3555],[-83.7709,34.3528],[-83.7725,34.3538],[-83.7742,34.3556],[-83.7758,34.356],[-83.7775,34.3572],[-83.7775,34.3582],[-83.778,34.3591],[-83.786,34.3678],[-83.7888,34.3679],[-83.7911,34.3697],[-83.7922,34.3728],[-83.7919,34.3739],[-83.7909,34.3755],[-83.7883,34.3779],[-83.7877,34.3786],[-83.7866,34.381],[-83.7859,34.3818],[-83.7896,34.3827],[-83.7903,34.3838],[-83.7907,34.3873],[-83.7909,34.388],[-83.7909,34.3899],[-83.7906,34.391],[-83.7898,34.392],[-83.7901,34.3934],[-83.7899,34.3945],[-83.7922,34.3949],[-83.7945,34.3947],[-83.7984,34.3941],[-83.7999,34.3941],[-83.8026,34.3949],[-83.8033,34.3949],[-83.8039,34.396],[-83.8054,34.3974],[-83.8056,34.3984],[-83.8042,34.4052],[-83.8084,34.4059],[-83.8118,34.4056],[-83.8152,34.4046],[-83.8185,34.4043],[-83.8197,34.4039],[-83.8229,34.4037],[-83.8266,34.4023],[-83.8297,34.4022],[-83.8317,34.4011],[-83.834,34.3991],[-83.8352,34.3987],[-83.8369,34.3986],[-83.8376,34.3989],[-83.8396,34.3991],[-83.8419,34.4018],[-83.8418,34.4033],[-83.8439,34.4042],[-83.8446,34.4062],[-83.8457,34.4072],[-83.8466,34.4086],[-83.8473,34.4087],[-83.8501,34.4076],[-83.8509,34.4076],[-83.8515,34.4059],[-83.8522,34.4048],[-83.8533,34.4042],[-83.8552,34.4038],[-83.8564,34.4033],[-83.8578,34.4021],[-83.8586,34.4003],[-83.8581,34.3919],[-83.859,34.3917],[-83.8606,34.3925],[-83.8618,34.3919],[-83.8653,34.3938],[-83.8673,34.395],[-83.8683,34.3962],[-83.868,34.398],[-83.8693,34.3974],[-83.8703,34.3987],[-83.8706,34.3999],[-83.8715,34.4009],[-83.8718,34.402],[-83.8726,34.4027],[-83.8727,34.4035],[-83.8744,34.4051],[-83.8744,34.4067],[-83.8754,34.4078],[-83.8753,34.4094],[-83.8728,34.4102],[-83.8731,34.4111],[-83.8758,34.4105],[-83.8768,34.4108],[-83.8773,34.4125],[-83.8768,34.4132],[-83.8772,34.4141],[-83.8773,34.4159],[-83.8804,34.4157],[-83.8812,34.4149],[-83.8829,34.4143],[-83.8812,34.4122],[-83.8801,34.4114],[-83.8813,34.4099],[-83.8812,34.4087],[-83.8802,34.4082],[-83.8802,34.407],[-83.8787,34.4062],[-83.8784,34.4044],[-83.8771,34.4034],[-83.8761,34.4015],[-83.8817,34.4012],[-83.8794,34.4004],[-83.8784,34.4007],[-83.8758,34.4],[-83.8753,34.3993],[-83.8738,34.3982],[-83.8736,34.3969],[-83.8749,34.3957],[-83.8769,34.3959],[-83.8776,34.397],[-83.8799,34.3963],[-83.8812,34.397],[-83.883,34.3976],[-83.887,34.3979],[-83.8887,34.3984],[-83.8922,34.4],[-83.8937,34.4009],[-83.895,34.4028],[-83.8965,34.3998],[-83.8977,34.3969],[-83.8992,34.3945],[-83.9025,34.3929],[-83.9033,34.3919],[-83.9047,34.3887],[-83.9046,34.3866],[-83.9047,34.3832],[-83.9042,34.3821],[-83.9068,34.3832],[-83.9085,34.3838],[-83.9119,34.3842],[-83.917,34.3844],[-83.9202,34.3862],[-83.9208,34.3867],[-83.9242,34.3861],[-83.9283,34.386],[-83.9307,34.3853],[-83.9324,34.3847],[-83.9342,34.3831],[-83.9392,34.3794],[-83.9419,34.3771],[-83.9447,34.3766],[-83.9458,34.3761],[-83.9476,34.3741],[-83.9486,34.3733],[-83.951,34.3724],[-83.9513,34.372],[-83.9534,34.3709],[-83.955,34.3697],[-83.956,34.3681],[-83.9572,34.3625],[-83.9576,34.3617],[-83.9596,34.36],[-83.9599,34.3593],[-83.9597,34.3579],[-83.9617,34.3582],[-83.9628,34.3588],[-83.9641,34.3603],[-83.9651,34.361],[-83.9649,34.3628],[-83.9668,34.364],[-83.9669,34.3653],[-83.9677,34.3665],[-83.9701,34.3663],[-83.9706,34.3651],[-83.9715,34.3643],[-83.9737,34.3641],[-83.9741,34.3636],[-83.9761,34.3631],[-83.977,34.362],[-83.9812,34.3596],[-83.9816,34.359],[-83.9814,34.358],[-83.9806,34.3574],[-83.9796,34.3572],[-83.9776,34.3572],[-83.9762,34.3566],[-83.9756,34.3539],[-83.9731,34.3501],[-83.9722,34.3483],[-83.9682,34.3437],[-83.9676,34.3408],[-83.9669,34.3396],[-83.9657,34.3397],[-83.9643,34.3413],[-83.9626,34.3426],[-83.9613,34.3431],[-83.9602,34.3426],[-83.9601,34.3401],[-83.9599,34.3393],[-83.9572,34.3336],[-83.9564,34.3326],[-83.9539,34.3315],[-83.9529,34.3308],[-83.9499,34.3308],[-83.9483,34.3306],[-83.946,34.3296],[-83.9455,34.3285],[-83.9463,34.3276],[-83.9466,34.3259],[-83.9458,34.3246],[-83.9472,34.3237],[-83.9499,34.3233],[-83.9508,34.3228],[-83.9524,34.3203],[-83.9533,34.3179],[-83.9534,34.3167],[-83.9528,34.3157],[-83.9454,34.3073],[-83.9447,34.3062],[-83.9431,34.3031],[-83.9427,34.3019],[-83.9429,34.3013],[-83.9466,34.2987],[-83.9464,34.2971],[-83.9448,34.2958],[-83.9429,34.2938],[-83.9415,34.2918],[-83.9403,34.2921],[-83.9396,34.2927],[-83.9395,34.2935],[-83.9403,34.2966],[-83.9403,34.2974],[-83.9393,34.2987],[-83.9372,34.2993],[-83.9339,34.2987],[-83.9316,34.2977],[-83.9318,34.2965],[-83.9338,34.2962],[-83.9358,34.2954],[-83.9362,34.2948],[-83.936,34.2936],[-83.9351,34.2916],[-83.9349,34.2874],[-83.9342,34.2857],[-83.9324,34.285],[-83.9316,34.2855],[-83.9314,34.2879],[-83.9321,34.2906],[-83.9307,34.2908],[-83.9287,34.2899],[-83.928,34.2888],[-83.9257,34.2864],[-83.9262,34.2829],[-83.9272,34.2794],[-83.9289,34.279],[-83.9321,34.2785],[-83.9335,34.278],[-83.9371,34.2759],[-83.9383,34.2755],[-83.9403,34.2753],[-83.943,34.2744],[-83.9504,34.2706],[-83.9531,34.2691],[-83.9539,34.2682],[-83.9541,34.2671],[-83.9535,34.2659],[-83.9515,34.2639],[-83.9506,34.2626],[-83.9507,34.2616],[-83.9536,34.2627],[-83.9558,34.2629],[-83.9576,34.2621],[-83.9602,34.2595],[-83.966,34.2557],[-83.9667,34.2545],[-83.9671,34.2523],[-83.9678,34.2514],[-83.9691,34.2506],[-83.9718,34.25],[-83.9735,34.25],[-83.9787,34.2502],[-83.9849,34.2496],[-83.9867,34.2496],[-83.9894,34.2503],[-83.9944,34.2511],[-83.9984,34.2513],[-84.0057,34.251],[-84.0068,34.2509],[-84.0146,34.2485],[-84.018,34.2473],[-84.0205,34.2463],[-84.0226,34.2459],[-84.0237,34.2461],[-84.0299,34.2476],[-84.0309,34.2477],[-84.0327,34.2472],[-84.0344,34.2464],[-84.0358,34.2459],[-84.0392,34.2466],[-84.0464,34.2481],[-84.0481,34.2482],[-84.0517,34.2476],[-84.0543,34.2484],[-84.0582,34.2487],[-84.0595,34.249],[-84.0607,34.2496],[-84.0748,34.2579],[-84.0761,34.2573],[-84.0795,34.2552],[-84.0812,34.2546],[-84.0851,34.2538],[-84.0901,34.2526],[-84.1001,34.2509],[-84.1106,34.2497],[-84.1121,34.2494],[-84.1141,34.2478],[-84.1171,34.2478],[-84.1193,34.2485],[-84.1181,34.2512],[-84.1184,34.2522],[-84.1197,34.2531],[-84.1212,34.2538],[-84.1226,34.2551],[-84.1244,34.255],[-84.1262,34.2559],[-84.1266,34.2567],[-84.1288,34.2578],[-84.1301,34.2578],[-84.1305,34.2587],[-84.1325,34.2584],[-84.1349,34.2575],[-84.138,34.2568],[-84.1397,34.2563],[-84.143,34.2543],[-84.1457,34.2531],[-84.1495,34.2518],[-84.1533,34.2501],[-84.1571,34.249],[-84.161,34.2482],[-84.1653,34.2478],[-84.1664,34.2474],[-84.1696,34.2458],[-84.1705,34.2455],[-84.1706,34.2439],[-84.1711,34.2434],[-84.1734,34.2419],[-84.176,34.2395],[-84.1777,34.2402],[-84.1795,34.2404],[-84.1899,34.24],[-84.1948,34.2394],[-84.2028,34.2375],[-84.2043,34.2372],[-84.2057,34.2373],[-84.2142,34.2388],[-84.2175,34.2389],[-84.2342,34.2382],[-84.2452,34.2379],[-84.2493,34.2378],[-84.2558,34.2375],[-84.259,34.237]],[[-84.8791,33.9125],[-84.8813,33.9126],[-84.8811,33.9147],[-84.8796,33.915],[-84.8779,33.9159],[-84.8774,33.9154],[-84.8791,33.9131],[-84.8791,33.9125]]]},"properties":{"OBJECTID":5593},"id":5593},
{"type":"Feature","geometry":{"type":"Polygon","coordinates":[[[-80.0431,36.1275],[-80.0444,36.1273],[-80.0439,36.1258],[-80.0426,36.1242],[-80.0425,36.1233],[-80.0412,36.1231],[-80.0409,36.1274],[-80.0431,36.1275]]]},"properties":{"OBJECTID":5594},"id":5594},
{"type":"Feature","geometry":{"type":"Polygon","coordinates":[[[-79.7042,36.0454],[-79.7046,36.0456],[-79.7049,36.0451],[-79.7045,36.045],[-79.7042,36.0454]]]},"properties":{"OBJECTID":5600},"id":5600},
{"type":"Feature","geometry":{"type":"Polygon","coordinates":[[[-79.6219,36.0584],[-79.6249,36.0582],[-79.6239,36.0567],[-79.6243,36.0562],[-79.6277,36.0564],[-79.6274,36.055],[-79.6267,36.0546],[-79.6245,36.054],[-79.6239,36.0554],[-79.623,36.0563],[-79.6218,36.0565],[-79.6212,36.0579],[-79.6219,36.0584]]]},"properties":{"OBJECTID":5601},"id":5601},
{"type":"Feature","geometry":{"type":"Polygon","coordinates":[[[-78.5022,35.7246],[-78.5055,35.7253],[-78.5067,35.7257],[-78.5091,35.7259],[-78.5108,35.7263],[-78.5134,35.7267],[-78.5143,35.7262],[-78.5152,35.725],[-78.5169,35.7243],[-78.5177,35.7236],[-78.5182,35.7226],[-78.5185,35.7209],[-78.5193,35.7192],[-78.5222,35.715],[-78.5231,35.7082],[-78.5211,35.7087],[-78.5195,35.7098],[-78.5188,35.7108],[-78.5185,35.7124],[-78.5174,35.7124],[-78.5174,35.7136],[-78.5162,35.7141],[-78.5129,35.7182],[-78.5123,35.7173],[-78.5084,35.7155],[-78.5074,35.7154],[-78.5072,35.7175],[-78.5065,35.7179],[-78.5058,35.719],[-78.5039,35.7194],[-78.5025,35.7216],[-78.5017,35.724],[-78.5022,35.7246]]]},"properties":{"OBJECTID":5605},"id":5605},
{"type":"Feature","geometry":{"type":"Polygon","coordinates":[[[-80.7898,35.5867],[-80.7906,35.5863],[-80.79,35.5859],[-80.7898,35.5867]]]},"properties":{"OBJECTID":5609},"id":5609},
{"type":"Feature","geometry":{"type":"Polygon","coordinates":[[[-80.6566,32.2471],[-80.6589,32.2603],[-80.6627,32.2613],[-80.6623,32.2631],[-80.7105,32.274],[-80.7376,32.2728],[-80.7386,32.2674],[-80.7398,32.2652],[-80.7409,32.2636],[-80.7449,32.2614],[-80.7504,32.2574],[-80.7532,32.2537],[-80.7537,32.2514],[-80.7521,32.2484],[-80.7507,32.2466],[-80.75,32.2442],[-80.7503,32.2424],[-80.7523,32.2393],[-80.7535,32.238],[-80.7553,32.2369],[-80.759,32.2353],[-80.7603,32.234],[-80.7615,32.2323],[-80.7637,32.2289],[-80.7642,32.2288],[-80.767,32.2259],[-80.7682,32.2257],[-80.7687,32.2235],[-80.7718,32.2235],[-80.773,32.2226],[-80.7741,32.2225],[-80.7764,32.2211],[-80.7766,32.2215],[-80.7747,32.2225],[-80.7732,32.2236],[-80.7734,32.2243],[-80.7749,32.2246],[-80.7781,32.2246],[-80.7812,32.224],[-80.7825,32.2233],[-80.7838,32.2222],[-80.7841,32.2214],[-80.7843,32.2186],[-80.7837,32.2169],[-80.782,32.2148],[-80.7818,32.2128],[-80.7809,32.2104],[-80.7806,32.2099],[-80.7824,32.2028],[-80.7861,32.1949],[-80.7919,32.1827],[-80.7949,32.1784],[-80.8015,32.1719],[-80.8096,32.1657],[-80.8126,32.1631],[-80.8294,32.1502],[-80.831,32.1223],[-80.8319,32.1082],[-80.8328,32.0967],[-80.8275,32.095],[-80.8226,32.094],[-80.8182,32.0939],[-80.8154,32.0941],[-80.8116,32.0949],[-80.8077,32.096],[-80.8033,32.0976],[-80.8,32.0993],[-80.7931,32.1038],[-80.789,32.1061],[-80.7827,32.1096],[-80.7795,32.1112],[-80.7651,32.118],[-80.7564,32.1217],[-80.7548,32.1225],[-80.7507,32.1245],[-80.7445,32.127],[-80.7324,32.1331],[-80.7288,32.1352],[-80.717,32.1434],[-80.7129,32.1471],[-80.7048,32.1552],[-80.7024,32.1578],[-80.6996,32.1616],[-80.6898,32.1753],[-80.6848,32.1817],[-80.6822,32.1848],[-80.6782,32.1891],[-80.6762,32.1911],[-80.6721,32.1945],[-80.6653,32.1993],[-80.6614,32.2011],[-80.6579,32.2039],[-80.6555,32.2066],[-80.653,32.2103],[-80.6519,32.2144],[-80.6517,32.217],[-80.6518,32.2203],[-80.6541,32.2333],[-80.6566,32.2471]]]},"properties":{"OBJECTID":5621},"id":5621},
{"type":"Feature","geometry":{"type":"Polygon","coordinates":[[[-80.6106,35.0038],[-80.6108,35.0054],[-80.6145,35.0054],[-80.6145,35.0025],[-80.6125,35.0011],[-80.6114,35.001],[-80.6114,35.0018],[-80.6103,35.0028],[-80.6106,35.0038]]]},"properties":{"OBJECTID":5624},"id":5624},
{"type":"Feature","geometry":{"type":"Polygon","coordinates":[[[-78.9093,34.9491],[-78.9106,34.9485],[-78.9115,34.9475],[-78.912,34.9476],[-78.9132,34.9465],[-78.9146,34.9467],[-78.918,34.9445],[-78.9181,34.9457],[-78.9203,34.9461],[-78.9219,34.9461],[-78.9254,34.9455],[-78.9256,34.9462],[-78.9272,34.9469],[-78.9303,34.9446],[-78.9301,34.9439],[-78.9318,34.9424],[-78.9304,34.941],[-78.9331,34.9393],[-78.9328,34.9378],[-78.9313,34.9352],[-78.9265,34.9371],[-78.9241,34.9391],[-78.9238,34.9399],[-78.9242,34.9405],[-78.9212,34.9424],[-78.9207,34.9408],[-78.9172,34.9416],[-78.9171,34.9413],[-78.9134,34.9431],[-78.9086,34.9466],[-78.9072,34.947],[-78.9093,34.9491]]]},"properties":{"OBJECTID":5628},"id":5628},
{"type":"Feature","geometry":{"type":"Polygon","coordinates":[[[-79.6394,36.0556],[-79.6397,36.0574],[-79.6417,36.0568],[-79.6436,36.0551],[-79.643,36.0542],[-79.6428,36.0533],[-79.6416,36.0534],[-79.641,36.052],[-79.6382,36.0523],[-79.6377,36.053],[-79.6388,36.0532],[-79.6388,36.0552],[-79.6394,36.0556]]]},"properties":{"OBJECTID":5629},"id":5629},
{"type":"Feature","geometry":{"type":"Polygon","coordinates":[[[-79.9468,36.1344],[-79.945,36.1356],[-79.946,36.1391],[-79.9478,36.1388],[-79.9478,36.1378],[-79.9486,36.136],[-79.9468,36.1344]]]},"properties":{"OBJECTID":5633},"id":5633},
{"type":"Feature","geometry":{"type":"Polygon","coordinates":[[[-78.9158,34.9385],[-78.9161,34.9396],[-78.918,34.9392],[-78.9197,34.9383],[-78.919,34.9364],[-78.9211,34.9358],[-78.9229,34.9368],[-78.9263,34.9363],[-78.9291,34.9351],[-78.9312,34.9344],[-78.9301,34.9315],[-78.9293,34.9317],[-78.928,34.9295],[-78.9212,34.9325],[-78.921,34.9321],[-78.9168,34.9319],[-78.9124,34.9312],[-78.9095,34.9326],[-78.91,34.9333],[-78.9115,34.933],[-78.9117,34.9336],[-78.9145,34.9329],[-78.9154,34.9352],[-78.9147,34.9355],[-78.9158,34.9385]]]},"properties":{"OBJECTID":5638},"id":5638},
{"type":"Feature","geometry":{"type":"Polygon","coordinates":[[[-79.2676,36.0633],[-79.2678,36.0639],[-79.2687,36.0638],[-79.2686,36.063],[-79.2676,36.0633]]]},"properties":{"OBJECTID":5641},"id":5641},
{"type":"Feature","geometry":{"type":"Polygon","coordinates":[[[-80.8896,35.7595],[-80.8896,35.7598],[-80.8904,35.7598],[-80.8901,35.7594],[-80.8896,35.7595]]]},"properties":{"OBJECTID":5643},"id":5643},
{"type":"Feature","geometry":{"type":"Polygon","coordinates":[[[-79.1008,35.9677],[-79.1028,35.9677],[-79.1042,35.9673],[-79.1043,35.9656],[-79.1029,35.9651],[-79.1003,35.9662],[-79.1003,35.9671],[-79.1008,35.9677]]]},"properties":{"OBJECTID":5645},"id":5645},
{"type":"Feature","geometry":{"type":"Polygon","coordinates":[[[-80.8865,35.7394],[-80.8896,35.7387],[-80.8895,35.7377],[-80.89,35.7361],[-80.8881,35.7361],[-80.8884,35.7348],[-80.8876,35.7348],[-80.8857,35.7359],[-80.8865,35.7394]]]},"properties":{"OBJECTID":5654},"id":5654},
{"type":"Feature","geometry":{"type":"Polygon","coordinates":[[[-79.8778,35.7338],[-79.877,35.7345],[-79.877,35.7356],[-79.8785,35.736],[-79.8792,35.7344],[-79.8778,35.7338]]]},"properties":{"OBJECTID":5655},"id":5655},
{"type":"Feature","geometry":{"type":"Polygon","coordinates":[[[-82.1628,34.8872],[-82.1624,34.888],[-82.163,34.8881],[-82.1636,34.8869],[-82.1628,34.8872]]]},"properties":{"OBJECTID":5661},"id":5661},
{"type":"Feature","geometry":{"type":"Polygon","coordinates":[[[-78.7703,35.9683],[-78.7712,35.9699],[-78.7705,35.9705],[-78.7724,35.973],[-78.7728,35.9729],[-78.7731,35.967],[-78.7711,35.967],[-78.7703,35.9683]]]},"properties":{"OBJECTID":5664},"id":5664},
{"type":"Feature","geometry":{"type":"Polygon","coordinates":[[[-83.7431,32.6163],[-83.7433,32.622],[-83.7478,32.6219],[-83.7479,32.6187],[-83.7454,32.6187],[-83.7454,32.6171],[-83.7458,32.6114],[-83.7443,32.6112],[-83.7438,32.6102],[-83.743,32.6102],[-83.7435,32.6121],[-83.7435,32.6132],[-83.7431,32.6163]]]},"properties":{"OBJECTID":5669},"id":5669},
{"type":"Feature","geometry":{"type":"Polygon","coordinates":[[[-76.9451,34.9272],[-76.9472,34.9271],[-76.9467,34.9261],[-76.945,34.9261],[-76.9451,34.9272]]]},"properties":{"OBJECTID":5670},"id":5670},
{"type":"Feature","geometry":{"type":"Polygon","coordinates":[[[-78.9078,35.7603],[-78.9078,35.7619],[-78.9092,35.7624],[-78.9092,35.7591],[-78.9078,35.7603]]]},"properties":{"OBJECTID":5677},"id":5677},
{"type":"Feature","geometry":{"type":"Polygon","coordinates":[[[-79.2761,36.133],[-79.2765,36.1346],[-79.277,36.1376],[-79.282,36.1376],[-79.2823,36.1365],[-79.2839,36.1354],[-79.2838,36.1344],[-79.2848,36.1339],[-79.2856,36.133],[-79.287,36.1336],[-79.2877,36.1328],[-79.2863,36.1324],[-79.2854,36.131],[-79.2874,36.1311],[-79.2899,36.1298],[-79.2918,36.1299],[-79.2938,36.1297],[-79.2948,36.1292],[-79.2998,36.1257],[-79.3016,36.1247],[-79.3035,36.1234],[-79.3046,36.1218],[-79.3065,36.121],[-79.3063,36.1172],[-79.3091,36.1155],[-79.3096,36.1149],[-79.3108,36.1144],[-79.3125,36.1141],[-79.3135,36.113],[-79.3133,36.1105],[-79.3116,36.1102],[-79.3098,36.1105],[-79.3086,36.1103],[-79.308,36.1097],[-79.3068,36.1094],[-79.3073,36.1075],[-79.3069,36.1063],[-79.3057,36.1048],[-79.3036,36.1055],[-79.3022,36.1055],[-79.3006,36.1049],[-79.2977,36.1025],[-79.2971,36.1014],[-79.2966,36.099],[-79.2942,36.099],[-79.2833,36.0984],[-79.2835,36.0966],[-79.2828,36.0966],[-79.2827,36.095],[-79.2841,36.0916],[-79.2894,36.0906],[-79.2887,36.0877],[-79.2889,36.087],[-79.2899,36.0867],[-79.2917,36.0865],[-79.2923,36.0854],[-79.2931,36.0846],[-79.2939,36.0818],[-79.295,36.082],[-79.2941,36.0835],[-79.2935,36.0862],[-79.294,36.0876],[-79.2955,36.0887],[-79.301,36.0885],[-79.3017,36.0894],[-79.3033,36.0885],[-79.3029,36.086],[-79.3039,36.0862],[-79.3041,36.0828],[-79.305,36.0829],[-79.305,36.0818],[-79.3095,36.0813],[-79.3103,36.084],[-79.3114,36.0832],[-79.3108,36.0825],[-79.3107,36.0802],[-79.3119,36.0801],[-79.3116,36.0751],[-79.3107,36.0749],[-79.3108,36.0742],[-79.3098,36.0741],[-79.3096,36.0748],[-79.3071,36.0745],[-79.3066,36.0747],[-79.3064,36.0811],[-79.3053,36.081],[-79.3052,36.0755],[-79.304,36.0755],[-79.3038,36.0748],[-79.3055,36.0748],[-79.3056,36.0726],[-79.3066,36.0724],[-79.3068,36.0702],[-79.3111,36.0702],[-79.3112,36.0697],[-79.3127,36.0697],[-79.3132,36.0688],[-79.3139,36.0694],[-79.3173,36.0712],[-79.3227,36.0669],[-79.3213,36.0652],[-79.3214,36.0611],[-79.3249,36.0618],[-79.3273,36.0617],[-79.3289,36.0604],[-79.3305,36.0616],[-79.3314,36.0614],[-79.3321,36.0605],[-79.3333,36.0599],[-79.3343,36.0582],[-79.3332,36.0569],[-79.3376,36.0544],[-79.3406,36.0524],[-79.3404,36.0517],[-79.3375,36.0491],[-79.3367,36.0479],[-79.3307,36.0497],[-79.3283,36.0505],[-79.3263,36.0513],[-79.3227,36.0533],[-79.3211,36.054],[-79.3224,36.0566],[-79.3215,36.0578],[-79.3213,36.0584],[-79.3212,36.0622],[-79.3213,36.0658],[-79.3182,36.0656],[-79.315,36.0662],[-79.3123,36.0676],[-79.3118,36.0668],[-79.3088,36.0636],[-79.3042,36.0658],[-79.3038,36.0658],[-79.3037,36.0635],[-79.3016,36.0636],[-79.3032,36.0608],[-79.3038,36.0602],[-79.3021,36.06],[-79.3022,36.0581],[-79.3005,36.0581],[-79.2955,36.0585],[-79.2932,36.0585],[-79.2931,36.059],[-79.2919,36.0628],[-79.2912,36.063],[-79.2912,36.0649],[-79.2899,36.0651],[-79.2899,36.0669],[-79.2928,36.0665],[-79.2924,36.0682],[-79.295,36.0683],[-79.298,36.0679],[-79.2991,36.0679],[-79.2981,36.0695],[-79.2968,36.0699],[-79.2914,36.0697],[-79.2914,36.0717],[-79.2901,36.0723],[-79.2882,36.0727],[-79.2877,36.0699],[-79.2873,36.0695],[-79.2857,36.07],[-79.2834,36.0691],[-79.2816,36.0718],[-79.2786,36.0717],[-79.2801,36.0697],[-79.2793,36.0686],[-79.2761,36.0697],[-79.2756,36.0686],[-79.2747,36.0687],[-79.2745,36.0664],[-79.274,36.0658],[-79.2726,36.066],[-79.2724,36.0651],[-79.2688,36.0663],[-79.2699,36.0682],[-79.269,36.0685],[-79.2692,36.0697],[-79.2678,36.0699],[-79.268,36.0713],[-79.2688,36.0721],[-79.2675,36.0728],[-79.2609,36.0751],[-79.2606,36.0736],[-79.2631,36.0739],[-79.2639,36.0733],[-79.2644,36.0716],[-79.2644,36.0683],[-79.2647,36.067],[-79.2656,36.0632],[-79.2652,36.0622],[-79.2612,36.0616],[-79.2572,36.0623],[-79.254,36.0637],[-79.2557,36.0664],[-79.2567,36.0689],[-79.2573,36.0717],[-79.2495,36.0724],[-79.2498,36.0763],[-79.25,36.0772],[-79.2457,36.0775],[-79.246,36.0785],[-79.2452,36.0794],[-79.2429,36.08],[-79.2431,36.081],[-79.2415,36.0817],[-79.2422,36.0859],[-79.2445,36.0858],[-79.2446,36.0845],[-79.251,36.0845],[-79.2511,36.0911],[-79.2525,36.0909],[-79.2528,36.088],[-79.2541,36.0881],[-79.254,36.0899],[-79.258,36.0904],[-79.2581,36.0921],[-79.2579,36.0939],[-79.2559,36.0936],[-79.2554,36.0956],[-79.2582,36.0953],[-79.2581,36.1018],[-79.2574,36.1012],[-79.2567,36.1018],[-79.2554,36.1019],[-79.2557,36.1042],[-79.2525,36.1045],[-79.2513,36.1052],[-79.251,36.104],[-79.2481,36.1044],[-79.2475,36.1015],[-79.2484,36.1012],[-79.2509,36.1008],[-79.2507,36.0999],[-79.2536,36.0996],[-79.2553,36.0998],[-79.2558,36.1006],[-79.2567,36.0989],[-79.2575,36.0986],[-79.2562,36.0968],[-79.2552,36.097],[-79.2546,36.0963],[-79.2518,36.0966],[-79.2526,36.0956],[-79.2518,36.0953],[-79.253,36.0939],[-79.2515,36.0934],[-79.2508,36.0946],[-79.2492,36.0945],[-79.2495,36.0928],[-79.2478,36.092],[-79.2471,36.0933],[-79.2455,36.0945],[-79.2452,36.0967],[-79.2447,36.1017],[-79.244,36.1018],[-79.2432,36.0977],[-79.2381,36.0984],[-79.2384,36.1005],[-79.2339,36.1011],[-79.2347,36.1048],[-79.2381,36.1043],[-79.2386,36.1062],[-79.2417,36.1072],[-79.2425,36.1065],[-79.2431,36.1084],[-79.2443,36.1081],[-79.2446,36.1097],[-79.2426,36.11],[-79.2432,36.1144],[-79.2459,36.1141],[-79.245,36.1096],[-79.2516,36.1092],[-79.2529,36.1087],[-79.2554,36.1072],[-79.2565,36.1078],[-79.2589,36.1078],[-79.2589,36.1087],[-79.2604,36.1088],[-79.2603,36.1096],[-79.2595,36.1101],[-79.2565,36.11],[-79.2568,36.114],[-79.2576,36.118],[-79.258,36.1217],[-79.2586,36.1217],[-79.2597,36.1277],[-79.2607,36.1311],[-79.2546,36.1315],[-79.2547,36.1348],[-79.2565,36.135],[-79.2624,36.1328],[-79.2621,36.1315],[-79.2638,36.1312],[-79.2641,36.1321],[-79.2629,36.1327],[-79.2638,36.1344],[-79.2671,36.1334],[-79.269,36.1326],[-79.2716,36.1308],[-79.2728,36.1295],[-79.2721,36.1288],[-79.2713,36.129],[-79.2709,36.1283],[-79.2706,36.1259],[-79.2708,36.1249],[-79.2737,36.1251],[-79.2744,36.1242],[-79.2752,36.13],[-79.2761,36.133]]]},"properties":{"OBJECTID":5681},"id":5681},
{"type":"Feature","geometry":{"type":"Polygon","coordinates":[[[-78.4165,35.6074],[-78.4189,35.6074],[-78.4187,35.6063],[-78.4163,35.6063],[-78.4165,35.6074]]]},"properties":{"OBJECTID":5682},"id":5682},
{"type":"Feature","geometry":{"type":"Polygon","coordinates":[[[-77.8695,35.7559],[-77.8705,35.7561],[-77.8705,35.7545],[-77.8702,35.7529],[-77.8695,35.7529],[-77.8695,35.7559]]]},"properties":{"OBJECTID":5685},"id":5685},
{"type":"Feature","geometry":{"type":"Polygon","coordinates":[[[-78.5411,35.9971],[-78.5425,35.9972],[-78.5419,35.9963],[-78.5411,35.9971]]]},"properties":{"OBJECTID":5688},"id":5688},
{"type":"Feature","geometry":{"type":"Polygon","coordinates":[[[-78.711,35.6405],[-78.7118,35.6407],[-78.712,35.6405],[-78.711,35.6405]]]},"properties":{"OBJECTID":5693},"id":5693},
{"type":"Feature","geometry":{"type":"Polygon","coordinates":[[[-80.534,35.7111],[-80.5346,35.7096],[-80.5376,35.7103],[-80.5389,35.7097],[-80.5401,35.706],[-80.5411,35.7033],[-80.5343,35.6999],[-80.5338,35.6988],[-80.5345,35.6974],[-80.538,35.6949],[-80.5351,35.693],[-80.5351,35.6904],[-80.5354,35.6895],[-80.5352,35.6872],[-80.5361,35.6849],[-80.5365,35.6809],[-80.5404,35.6812],[-80.5404,35.6799],[-80.5384,35.6789],[-80.5364,35.6783],[-80.5367,35.6775],[-80.532,35.6758],[-80.5309,35.6748],[-80.5253,35.6743],[-80.5253,35.6794],[-80.5243,35.6793],[-80.5243,35.6806],[-80.5253,35.6808],[-80.5253,35.6822],[-80.525,35.6888],[-80.5185,35.687],[-80.5177,35.6861],[-80.5182,35.6849],[-80.5175,35.6817],[-80.5165,35.6798],[-80.5159,35.6797],[-80.5165,35.6779],[-80.5178,35.6758],[-80.5193,35.6728],[-80.5202,35.6699],[-80.5202,35.6674],[-80.5196,35.6659],[-80.5182,35.6638],[-80.5202,35.6638],[-80.5229,35.6643],[-80.5266,35.6639],[-80.528,35.6635],[-80.5333,35.6615],[-80.5346,35.6611],[-80.538,35.6611],[-80.538,35.6589],[-80.5361,35.6568],[-80.5359,35.6549],[-80.5353,35.6533],[-80.5355,35.6488],[-80.5437,35.6447],[-80.5456,35.6442],[-80.548,35.6412],[-80.5487,35.6399],[-80.55,35.6365],[-80.5511,35.631],[-80.5515,35.63],[-80.5522,35.6294],[-80.554,35.6285],[-80.5534,35.6268],[-80.5542,35.6234],[-80.555,35.6223],[-80.5572,35.6204],[-80.5575,35.6188],[-80.5572,35.6169],[-80.5561,35.6162],[-80.5532,35.6148],[-80.552,35.614],[-80.5504,35.6133],[-80.542,35.617],[-80.5404,35.6169],[-80.5354,35.6149],[-80.5279,35.6116],[-80.5204,35.6089],[-80.5109,35.617],[-80.5038,35.6229],[-80.5009,35.6255],[-80.4948,35.6304],[-80.4861,35.6377],[-80.4834,35.6351],[-80.4836,35.6332],[-80.4813,35.6332],[-80.4771,35.6294],[-80.4741,35.6265],[-80.4719,35.6239],[-80.4704,35.6228],[-80.4678,35.6215],[-80.4658,35.6207],[-80.4621,35.6197],[-80.4611,35.6191],[-80.4606,35.6206],[-80.4598,35.6216],[-80.4588,35.6221],[-80.4575,35.624],[-80.4575,35.6246],[-80.4548,35.6287],[-80.4535,35.6271],[-80.4524,35.6266],[-80.453,35.6233],[-80.4553,35.6231],[-80.4544,35.6213],[-80.4545,35.6198],[-80.4534,35.6201],[-80.4546,35.6179],[-80.4558,35.6179],[-80.4562,35.6163],[-80.4596,35.6179],[-80.4638,35.619],[-80.4643,35.6176],[-80.4627,35.6173],[-80.4629,35.6164],[-80.4645,35.6169],[-80.4648,35.616],[-80.4634,35.6156],[-80.4641,35.6145],[-80.46,35.6144],[-80.4599,35.6114],[-80.465,35.6116],[-80.4648,35.6107],[-80.4667,35.6106],[-80.4667,35.6093],[-80.4718,35.6102],[-80.4671,35.6147],[-80.467,35.6187],[-80.4685,35.6194],[-80.4737,35.6126],[-80.4764,35.6126],[-80.4764,35.611],[-80.4767,35.6105],[-80.4755,35.6092],[-80.4745,35.6085],[-80.4646,35.609],[-80.4646,35.6095],[-80.4617,35.6092],[-80.4308,35.6111],[-80.4347,35.6112],[-80.4344,35.6137],[-80.4339,35.616],[-80.4351,35.6162],[-80.4357,35.6169],[-80.4358,35.6177],[-80.4375,35.6179],[-80.4375,35.6168],[-80.4395,35.6165],[-80.4421,35.6169],[-80.4421,35.618],[-80.4406,35.6179],[-80.4411,35.62],[-80.4403,35.62],[-80.4406,35.621],[-80.4421,35.621],[-80.4422,35.6198],[-80.4415,35.6198],[-80.4422,35.618],[-80.4444,35.6181],[-80.4446,35.6201],[-80.4444,35.6208],[-80.446,35.6209],[-80.446,35.6265],[-80.4455,35.6281],[-80.4459,35.6286],[-80.4427,35.6281],[-80.4426,35.6298],[-80.441,35.6304],[-80.441,35.6318],[-80.442,35.6325],[-80.4406,35.6329],[-80.4403,35.6362],[-80.4421,35.6374],[-80.4415,35.6382],[-80.4407,35.6378],[-80.44,35.6391],[-80.4392,35.6393],[-80.437,35.6394],[-80.4378,35.6407],[-80.4405,35.6434],[-80.4397,35.6449],[-80.4389,35.6467],[-80.4388,35.6511],[-80.4397,35.6519],[-80.4395,35.6533],[-80.4412,35.6545],[-80.441,35.6565],[-80.4401,35.6567],[-80.4386,35.6562],[-80.4388,35.6557],[-80.4369,35.6558],[-80.4366,35.6598],[-80.4381,35.6599],[-80.4381,35.6604],[-80.4397,35.6602],[-80.4401,35.661],[-80.4403,35.6633],[-80.4398,35.6642],[-80.4414,35.665],[-80.4445,35.6662],[-80.4459,35.6664],[-80.4497,35.6675],[-80.4508,35.6682],[-80.45,35.6691],[-80.4487,35.6694],[-80.444,35.6695],[-80.4432,35.6699],[-80.4426,35.669],[-80.4385,35.6711],[-80.4376,35.6706],[-80.4355,35.6714],[-80.4363,35.6723],[-80.4336,35.6737],[-80.4333,35.6723],[-80.4301,35.6727],[-80.4292,35.6732],[-80.4268,35.6734],[-80.4254,35.674],[-80.4259,35.6769],[-80.4288,35.6746],[-80.4301,35.6747],[-80.4321,35.6735],[-80.4326,35.6742],[-80.4237,35.6788],[-80.4203,35.6803],[-80.4195,35.6792],[-80.4185,35.679],[-80.417,35.6793],[-80.4169,35.6787],[-80.4197,35.6775],[-80.4208,35.6768],[-80.4201,35.6757],[-80.4187,35.6763],[-80.4158,35.6769],[-80.4147,35.6766],[-80.4138,35.6768],[-80.4115,35.6765],[-80.4114,35.6771],[-80.4088,35.6767],[-80.402,35.6761],[-80.4064,35.6842],[-80.4095,35.6812],[-80.4126,35.6776],[-80.4134,35.678],[-80.4156,35.6794],[-80.4162,35.6793],[-80.417,35.682],[-80.4158,35.6823],[-80.418,35.6849],[-80.4202,35.6879],[-80.4209,35.6884],[-80.4198,35.6895],[-80.4185,35.6891],[-80.4167,35.6891],[-80.4166,35.6897],[-80.4146,35.6897],[-80.4131,35.688],[-80.4118,35.6841],[-80.4118,35.6829],[-80.4127,35.6817],[-80.4082,35.6842],[-80.4072,35.6856],[-80.4106,35.692],[-80.4119,35.6919],[-80.4176,35.6919],[-80.4174,35.693],[-80.4159,35.693],[-80.4164,35.694],[-80.4159,35.6945],[-80.4165,35.6962],[-80.4178,35.6949],[-80.4192,35.6958],[-80.4174,35.6979],[-80.4159,35.6971],[-80.4158,35.6963],[-80.4149,35.6959],[-80.4138,35.6966],[-80.413,35.6964],[-80.4204,35.71],[-80.4211,35.7101],[-80.4197,35.7065],[-80.4188,35.7062],[-80.4271,35.7043],[-80.4322,35.7022],[-80.4393,35.7022],[-80.4465,35.6973],[-80.4443,35.6946],[-80.4485,35.6924],[-80.4495,35.6926],[-80.4513,35.6919],[-80.4549,35.6918],[-80.4589,35.6922],[-80.4607,35.6926],[-80.4622,35.6924],[-80.4631,35.6926],[-80.4635,35.695],[-80.465,35.695],[-80.4648,35.6958],[-80.4634,35.6959],[-80.4629,35.6981],[-80.4614,35.6982],[-80.4607,35.7016],[-80.4642,35.7015],[-80.4642,35.7036],[-80.4635,35.7054],[-80.4634,35.7089],[-80.4657,35.7092],[-80.4657,35.7099],[-80.4676,35.71],[-80.4713,35.71],[-80.4776,35.7098],[-80.4778,35.7052],[-80.4799,35.7019],[-80.4803,35.7035],[-80.4816,35.7048],[-80.4828,35.7043],[-80.4831,35.7033],[-80.4825,35.7027],[-80.4821,35.7012],[-80.4797,35.7011],[-80.4794,35.6987],[-80.4786,35.6986],[-80.4786,35.6954],[-80.4793,35.6961],[-80.4802,35.6964],[-80.4817,35.6963],[-80.4819,35.6978],[-80.4828,35.6977],[-80.483,35.6986],[-80.4846,35.6984],[-80.4863,35.6986],[-80.4859,35.6995],[-80.4865,35.7009],[-80.4873,35.701],[-80.4873,35.7046],[-80.4879,35.705],[-80.4983,35.7046],[-80.4983,35.7075],[-80.4992,35.7073],[-80.5001,35.7082],[-80.501,35.7085],[-80.5026,35.7084],[-80.5035,35.7089],[-80.5057,35.7095],[-80.5056,35.7109],[-80.5088,35.711],[-80.51,35.7067],[-80.5097,35.706],[-80.5096,35.6999],[-80.5093,35.6985],[-80.5108,35.6962],[-80.5123,35.6954],[-80.514,35.6957],[-80.5148,35.6961],[-80.5157,35.6972],[-80.5155,35.6976],[-80.5161,35.699],[-80.5185,35.6981],[-80.5198,35.6995],[-80.522,35.6999],[-80.5242,35.6997],[-80.5256,35.7001],[-80.5252,35.7043],[-80.5273,35.706],[-80.5314,35.7091],[-80.5326,35.7092],[-80.5324,35.7102],[-80.5328,35.7108],[-80.534,35.7111]]]},"properties":{"OBJECTID":5702},"id":5702},
{"type":"Feature","geometry":{"type":"Polygon","coordinates":[[[-78.9238,34.9911],[-78.9242,34.992],[-78.9263,34.9923],[-78.9278,34.991],[-78.9243,34.9901],[-78.9238,34.9911]]]},"properties":{"OBJECTID":5705},"id":5705},
{"type":"Feature","geometry":{"type":"Polygon","coordinates":[[[-79.6989,36.042],[-79.6983,36.0423],[-79.6986,36.0426],[-79.6992,36.0422],[-79.6989,36.042]]]},"properties":{"OBJECTID":5706},"id":5706},
{"type":"Feature","geometry":{"type":"Polygon","coordinates":[[[-80.6918,34.9897],[-80.6913,34.99],[-80.6916,34.9903],[-80.6921,34.99],[-80.6918,34.9897]]]},"properties":{"OBJECTID":5709},"id":5709},
{"type":"Feature","geometry":{"type":"Polygon","coordinates":[[[-80.7823,35.7566],[-80.7821,35.7575],[-80.7864,35.7583],[-80.7874,35.7586],[-80.7899,35.7586],[-80.7907,35.7576],[-80.7908,35.7551],[-80.7883,35.755],[-80.7882,35.7521],[-80.7869,35.7493],[-80.7863,35.7484],[-80.7851,35.7436],[-80.7849,35.7421],[-80.7838,35.7406],[-80.7825,35.7412],[-80.7825,35.7469],[-80.7802,35.7469],[-80.7805,35.7503],[-80.7785,35.7503],[-80.7785,35.7519],[-80.7798,35.753],[-80.7797,35.7568],[-80.781,35.7573],[-80.7815,35.7565],[-80.7823,35.7566]]]},"properties":{"OBJECTID":5712},"id":5712},
{"type":"Feature","geometry":{"type":"Polygon","coordinates":[[[-78.986,34.9773],[-78.9846,34.9771],[-78.9847,34.9778],[-78.986,34.9773]]]},"properties":{"OBJECTID":5713},"id":5713},
{"type":"Feature","geometry":{"type":"Polygon","coordinates":[[[-80.8236,35.6177],[-80.824,35.6181],[-80.8251,35.6173],[-80.824,35.6174],[-80.8236,35.6177]]]},"properties":{"OBJECTID":5724},"id":5724},
{"type":"Feature","geometry":{"type":"Polygon","coordinates":[[[-80.015,36.0804],[-80.0163,36.0804],[-80.0164,36.079],[-80.0252,36.0791],[-80.025,36.0742],[-80.0188,36.0742],[-80.0158,36.0742],[-80.016,36.079],[-80.015,36.079],[-80.015,36.0804]]]},"properties":{"OBJECTID":5725},"id":5725},
{"type":"Feature","geometry":{"type":"Polygon","coordinates":[[[-80.873,35.7526],[-80.8733,35.7528],[-80.8731,35.7568],[-80.882,35.755],[-80.8819,35.7543],[-80.8803,35.7524],[-80.8797,35.7514],[-80.8785,35.7501],[-80.8757,35.7475],[-80.8729,35.7432],[-80.8722,35.7413],[-80.8714,35.7401],[-80.8705,35.7406],[-80.8687,35.7406],[-80.8691,35.74],[-80.8686,35.7371],[-80.8671,35.7352],[-80.8663,35.7353],[-80.8663,35.7365],[-80.8642,35.7367],[-80.863,35.7364],[-80.8631,35.74],[-80.8653,35.74],[-80.865,35.7406],[-80.8638,35.7406],[-80.8631,35.7411],[-80.8623,35.7425],[-80.8599,35.7425],[-80.8603,35.7461],[-80.8618,35.7469],[-80.8643,35.7492],[-80.8673,35.751],[-80.8687,35.751],[-80.8694,35.7499],[-80.8705,35.75],[-80.8723,35.7522],[-80.873,35.7526]]]},"properties":{"OBJECTID":5727},"id":5727},
{"type":"Feature","geometry":{"type":"Polygon","coordinates":[[[-77.3909,34.8099],[-77.3909,34.8108],[-77.3918,34.8106],[-77.3909,34.8099]]]},"properties":{"OBJECTID":5728},"id":5728},
{"type":"Feature","geometry":{"type":"Polygon","coordinates":[[[-78.986,34.9773],[-78.9887,34.9777],[-78.9886,34.9767],[-78.986,34.9773]]]},"properties":{"OBJECTID":5730},"id":5730},
{"type":"Feature","geometry":{"type":"Polygon","coordinates":[[[-80.7897,35.5884],[-80.79,35.5885],[-80.7904,35.588],[-80.7902,35.5878],[-80.7897,35.5884]]]},"properties":{"OBJECTID":5735},"id":5735},
{"type":"Feature","geometry":{"type":"Polygon","coordinates":[[[-76.8872,34.9481],[-76.891,34.9488],[-76.8956,34.9517],[-76.8962,34.9523],[-76.8978,34.9529],[-76.8998,34.9528],[-76.9028,34.9511],[-76.9065,34.9465],[-76.9081,34.9403],[-76.9096,34.9374],[-76.9096,34.9364],[-76.907,34.9279],[-76.9073,34.9267],[-76.9096,34.9234],[-76.91,34.9221],[-76.9098,34.9214],[-76.9087,34.9209],[-76.9069,34.9195],[-76.9072,34.9187],[-76.9091,34.9192],[-76.9106,34.9188],[-76.9118,34.9176],[-76.9143,34.9188],[-76.9159,34.9193],[-76.9176,34.9195],[-76.924,34.9191],[-76.9347,34.9187],[-76.9388,34.9185],[-76.9382,34.9202],[-76.9384,34.9227],[-76.9383,34.9244],[-76.9388,34.926],[-76.9397,34.9261],[-76.941,34.9251],[-76.9416,34.924],[-76.9429,34.925],[-76.9465,34.9252],[-76.9471,34.9263],[-76.9479,34.9258],[-76.9475,34.9242],[-76.9412,34.9133],[-76.9428,34.9139],[-76.9434,34.9098],[-76.9407,34.9084],[-76.9378,34.9059],[-76.9375,34.9068],[-76.9305,34.8943],[-76.9321,34.8938],[-76.9307,34.8929],[-76.9297,34.893],[-76.9241,34.883],[-76.9247,34.8826],[-76.9264,34.8824],[-76.927,34.8828],[-76.929,34.8831],[-76.9295,34.8823],[-76.9286,34.8806],[-76.9287,34.8795],[-76.9277,34.8785],[-76.9278,34.8772],[-76.9292,34.8772],[-76.9294,34.8763],[-76.9301,34.8758],[-76.9288,34.8749],[-76.9267,34.874],[-76.9256,34.8784],[-76.9244,34.882],[-76.924,34.8827],[-76.9182,34.8738],[-76.9113,34.8748],[-76.9072,34.8755],[-76.9064,34.8746],[-76.9071,34.8725],[-76.9116,34.872],[-76.9176,34.8712],[-76.9174,34.869],[-76.9151,34.8692],[-76.9061,34.8559],[-76.9031,34.8571],[-76.8967,34.8568],[-76.8958,34.8568],[-76.8938,34.8548],[-76.8925,34.856],[-76.8921,34.8568],[-76.89,34.8592],[-76.8891,34.8608],[-76.8867,34.8639],[-76.8867,34.8648],[-76.8861,34.8685],[-76.8859,34.8742],[-76.8835,34.8741],[-76.8765,34.8744],[-76.8736,34.8746],[-76.8719,34.8755],[-76.8702,34.8758],[-76.8689,34.8756],[-76.8682,34.8789],[-76.8691,34.8799],[-76.8684,34.881],[-76.8683,34.8822],[-76.8766,34.8823],[-76.8765,34.8825],[-76.8852,34.8825],[-76.8802,34.8913],[-76.8747,34.9022],[-76.8678,34.917],[-76.8661,34.92],[-76.8596,34.9335],[-76.8578,34.9355],[-76.8575,34.9359],[-76.858,34.9376],[-76.8564,34.9384],[-76.8542,34.9388],[-76.8532,34.9395],[-76.8546,34.9413],[-76.8557,34.9422],[-76.8581,34.9428],[-76.8615,34.9447],[-76.8652,34.9469],[-76.8682,34.9478],[-76.8716,34.9481],[-76.8734,34.9481],[-76.8747,34.9483],[-76.8777,34.948],[-76.8833,34.9478],[-76.8872,34.9481]]]},"properties":{"OBJECTID":5739},"id":5739},
{"type":"Feature","geometry":{"type":"Polygon","coordinates":[[[-78.8993,35.7652],[-78.902,35.7652],[-78.902,35.7642],[-78.8994,35.7644],[-78.8993,35.7652]]]},"properties":{"OBJECTID":5740},"id":5740},
{"type":"Feature","geometry":{"type":"Polygon","coordinates":[[[-79.7113,35.9775],[-79.7112,35.98],[-79.7146,35.9799],[-79.7155,35.9778],[-79.7157,35.9763],[-79.7134,35.9762],[-79.7133,35.9773],[-79.7113,35.9775]]]},"properties":{"OBJECTID":5741},"id":5741},
{"type":"Feature","geometry":{"type":"Polygon","coordinates":[[[-78.7671,35.6245],[-78.7678,35.6253],[-78.769,35.6245],[-78.7705,35.625],[-78.771,35.6245],[-78.77,35.6232],[-78.7683,35.6233],[-78.7682,35.6239],[-78.7671,35.6245]]]},"properties":{"OBJECTID":5743},"id":5743},
{"type":"Feature","geometry":{"type":"Polygon","coordinates":[[[-79.2255,36.0782],[-79.2273,36.0787],[-79.2294,36.0789],[-79.2317,36.0787],[-79.231,36.0761],[-79.224,36.0753],[-79.2239,36.0763],[-79.2243,36.0782],[-79.2255,36.0782]]]},"properties":{"OBJECTID":5748},"id":5748},
{"type":"Feature","geometry":{"type":"Polygon","coordinates":[[[-78.7828,35.0296],[-78.7817,35.0312],[-78.7817,35.0318],[-78.7837,35.0355],[-78.7848,35.0351],[-78.7845,35.0343],[-78.7854,35.0336],[-78.7859,35.0326],[-78.787,35.0316],[-78.7877,35.0305],[-78.7828,35.0296]]]},"properties":{"OBJECTID":5749},"id":5749},
{"type":"Feature","geometry":{"type":"Polygon","coordinates":[[[-79.7586,35.6203],[-79.7597,35.6217],[-79.7607,35.6222],[-79.7643,35.6227],[-79.7658,35.6235],[-79.7665,35.625],[-79.7687,35.6266],[-79.7696,35.6257],[-79.7697,35.6232],[-79.7714,35.6232],[-79.7722,35.6167],[-79.7731,35.6167],[-79.7739,35.616],[-79.7739,35.6143],[-79.7712,35.6144],[-79.7712,35.6138],[-79.7697,35.614],[-79.7681,35.6138],[-79.7667,35.614],[-79.7649,35.6123],[-79.7646,35.6134],[-79.7652,35.6193],[-79.7632,35.6192],[-79.7631,35.6159],[-79.7606,35.6164],[-79.7616,35.618],[-79.762,35.6191],[-79.7581,35.6191],[-79.7586,35.6203]]]},"properties":{"OBJECTID":5756},"id":5756},
{"type":"Feature","geometry":{"type":"Polygon","coordinates":[[[-78.7796,35.6279],[-78.7786,35.628],[-78.776,35.6288],[-78.7757,35.6341],[-78.7756,35.6393],[-78.7832,35.6394],[-78.7833,35.6388],[-78.7805,35.6388],[-78.7804,35.6382],[-78.7788,35.6369],[-78.7787,35.6341],[-78.7792,35.6341],[-78.7792,35.6322],[-78.7797,35.6308],[-78.7802,35.6307],[-78.7795,35.6293],[-78.7806,35.6289],[-78.7796,35.6279]]]},"properties":{"OBJECTID":5757},"id":5757},
{"type":"Feature","geometry":{"type":"Polygon","coordinates":[[[-78.7976,35.6178],[-78.7985,35.6181],[-78.7984,35.6176],[-78.7976,35.6178]]]},"properties":{"OBJECTID":5758},"id":5758},
{"type":"Feature","geometry":{"type":"Polygon","coordinates":[[[-80.833,35.7609],[-80.8341,35.7611],[-80.8342,35.7599],[-80.8333,35.7598],[-80.833,35.7609]]]},"properties":{"OBJECTID":5761},"id":5761},
{"type":"Feature","geometry":{"type":"Polygon","coordinates":[[[-78.8652,35.5738],[-78.8661,35.5731],[-78.8674,35.5733],[-78.8677,35.5722],[-78.8673,35.5716],[-78.8649,35.5715],[-78.8652,35.5738]]]},"properties":{"OBJECTID":5763},"id":5763},
{"type":"Feature","geometry":{"type":"Polygon","coordinates":[[[-78.7288,35.6368],[-78.728,35.6356],[-78.7264,35.6376],[-78.7258,35.6389],[-78.7269,35.6392],[-78.7288,35.6368]]]},"properties":{"OBJECTID":5772},"id":5772},
{"type":"Feature","geometry":{"type":"Polygon","coordinates":[[[-80.9126,35.7575],[-80.9128,35.7577],[-80.9181,35.7552],[-80.9229,35.7543],[-80.9226,35.7533],[-80.9211,35.7542],[-80.9205,35.7534],[-80.9204,35.7522],[-80.9212,35.7516],[-80.9179,35.7503],[-80.9169,35.7497],[-80.916,35.7485],[-80.9153,35.748],[-80.9125,35.747],[-80.9109,35.7452],[-80.9099,35.7457],[-80.907,35.7465],[-80.9062,35.7469],[-80.9064,35.7483],[-80.906,35.7561],[-80.9104,35.7575],[-80.9117,35.7572],[-80.9126,35.7575]]]},"properties":{"OBJECTID":5773},"id":5773},
{"type":"Feature","geometry":{"type":"Polygon","coordinates":[[[-80.6132,34.9781],[-80.6132,34.9786],[-80.6141,34.9786],[-80.6141,34.9781],[-80.6132,34.9781]]]},"properties":{"OBJECTID":5777},"id":5777},
{"type":"Feature","geometry":{"type":"Polygon","coordinates":[[[-80.8795,35.6418],[-80.8795,35.6406],[-80.8777,35.6402],[-80.876,35.6368],[-80.8758,35.6358],[-80.8735,35.6357],[-80.8724,35.6343],[-80.8753,35.6347],[-80.8747,35.6339],[-80.872,35.6337],[-80.8712,35.6327],[-80.8692,35.6313],[-80.8673,35.6313],[-80.867,35.6301],[-80.8666,35.6273],[-80.8661,35.628],[-80.866,35.6301],[-80.8668,35.6306],[-80.866,35.6311],[-80.8662,35.6326],[-80.8657,35.6338],[-80.8648,35.634],[-80.864,35.6337],[-80.8643,35.6358],[-80.8637,35.6358],[-80.8643,35.6399],[-80.8655,35.6383],[-80.8665,35.6364],[-80.8669,35.6369],[-80.8674,35.6388],[-80.8683,35.6397],[-80.8699,35.6404],[-80.8722,35.64],[-80.8739,35.6406],[-80.8758,35.6403],[-80.8775,35.6406],[-80.8787,35.6416],[-80.8795,35.6418]]]},"properties":{"OBJECTID":5779},"id":5779},
{"type":"Feature","geometry":{"type":"Polygon","coordinates":[[[-81.3179,35.6923],[-81.3173,35.6929],[-81.3154,35.6941],[-81.3151,35.6949],[-81.3163,35.6958],[-81.315,35.6971],[-81.3183,35.6979],[-81.3172,35.6961],[-81.318,35.6955],[-81.3198,35.695],[-81.3199,35.6941],[-81.3189,35.6935],[-81.3179,35.6923]]]},"properties":{"OBJECTID":5781},"id":5781},
{"type":"Feature","geometry":{"type":"Polygon","coordinates":[[[-80.7898,34.9728],[-80.7907,34.9725],[-80.7917,34.9728],[-80.7922,34.972],[-80.791,34.9685],[-80.789,34.9686],[-80.7882,34.9684],[-80.7887,34.967],[-80.7902,34.9674],[-80.7909,34.9672],[-80.7897,34.9652],[-80.7941,34.9652],[-80.7942,34.9674],[-80.7968,34.9675],[-80.7972,34.9665],[-80.798,34.9666],[-80.7981,34.9693],[-80.7995,34.9695],[-80.8001,34.9681],[-80.8011,34.968],[-80.8008,34.9648],[-80.7997,34.9635],[-80.8017,34.9621],[-80.8006,34.9615],[-80.7988,34.9599],[-80.7959,34.9571],[-80.7968,34.9553],[-80.7956,34.9548],[-80.794,34.9551],[-80.7931,34.9534],[-80.7931,34.9528],[-80.7957,34.9523],[-80.7952,34.9538],[-80.7979,34.9539],[-80.7978,34.953],[-80.7953,34.9502],[-80.795,34.9502],[-80.7913,34.9461],[-80.7922,34.9506],[-80.7844,34.9512],[-80.7839,34.9516],[-80.7823,34.9518],[-80.7829,34.9468],[-80.7813,34.9448],[-80.784,34.9445],[-80.7853,34.9441],[-80.7883,34.9427],[-80.7819,34.9358],[-80.783,34.9277],[-80.7841,34.9207],[-80.7798,34.9202],[-80.7779,34.9205],[-80.7779,34.9222],[-80.7753,34.923],[-80.7731,34.9273],[-80.7691,34.9265],[-80.7673,34.9242],[-80.767,34.925],[-80.7662,34.9255],[-80.7651,34.9254],[-80.7648,34.9228],[-80.7633,34.9234],[-80.7624,34.9246],[-80.7615,34.923],[-80.7576,34.9234],[-80.7575,34.9231],[-80.753,34.9236],[-80.7555,34.9198],[-80.7565,34.9189],[-80.7562,34.9174],[-80.7537,34.9185],[-80.7527,34.9175],[-80.7533,34.9167],[-80.751,34.9158],[-80.7482,34.9155],[-80.748,34.915],[-80.7445,34.9163],[-80.7448,34.9145],[-80.7436,34.9154],[-80.7421,34.9146],[-80.7406,34.9142],[-80.7389,34.9151],[-80.7367,34.9146],[-80.7346,34.9151],[-80.7341,34.9141],[-80.7369,34.9141],[-80.7372,34.9131],[-80.7384,34.9134],[-80.7384,34.9117],[-80.7396,34.9115],[-80.7399,34.912],[-80.745,34.9097],[-80.7473,34.9138],[-80.7516,34.9119],[-80.7531,34.9143],[-80.7551,34.9138],[-80.7552,34.913],[-80.7546,34.9108],[-80.7563,34.9074],[-80.7585,34.9076],[-80.7593,34.9072],[-80.7592,34.9062],[-80.7559,34.9034],[-80.7553,34.902],[-80.7504,34.9028],[-80.7493,34.9014],[-80.7477,34.9023],[-80.7491,34.9079],[-80.7465,34.9089],[-80.7455,34.9083],[-80.744,34.9081],[-80.7419,34.9092],[-80.7397,34.9088],[-80.7393,34.9102],[-80.7364,34.9105],[-80.7359,34.9097],[-80.7313,34.9111],[-80.731,34.9102],[-80.7283,34.9106],[-80.729,34.9113],[-80.7284,34.9119],[-80.7256,34.9151],[-80.7254,34.9172],[-80.7251,34.9181],[-80.7271,34.9186],[-80.7279,34.9235],[-80.7286,34.9235],[-80.7288,34.9247],[-80.7265,34.9251],[-80.7246,34.9259],[-80.7263,34.9265],[-80.7259,34.9274],[-80.7258,34.9288],[-80.728,34.9298],[-80.7296,34.9286],[-80.7317,34.93],[-80.7306,34.9313],[-80.7291,34.934],[-80.7276,34.9357],[-80.7258,34.9346],[-80.7216,34.9345],[-80.7219,34.9321],[-80.7226,34.9323],[-80.7239,34.9312],[-80.7235,34.9301],[-80.7223,34.9303],[-80.7213,34.9311],[-80.7214,34.9318],[-80.7205,34.9326],[-80.7189,34.9321],[-80.7179,34.933],[-80.7112,34.9314],[-80.711,34.9318],[-80.7091,34.9313],[-80.7084,34.9324],[-80.7073,34.932],[-80.7069,34.9309],[-80.7081,34.9307],[-80.7082,34.9301],[-80.7071,34.9264],[-80.7125,34.9251],[-80.7153,34.9246],[-80.7135,34.9206],[-80.719,34.9209],[-80.7192,34.9163],[-80.7097,34.916],[-80.7096,34.9171],[-80.7065,34.915],[-80.7049,34.9119],[-80.7074,34.9088],[-80.7073,34.9038],[-80.7016,34.9061],[-80.7008,34.9053],[-80.6999,34.9025],[-80.697,34.9029],[-80.6901,34.9038],[-80.6909,34.9059],[-80.6922,34.9058],[-80.6926,34.9101],[-80.689,34.9103],[-80.6873,34.9093],[-80.686,34.9062],[-80.6886,34.9061],[-80.6874,34.9039],[-80.6817,34.9043],[-80.6811,34.9055],[-80.6809,34.9146],[-80.6846,34.9147],[-80.6846,34.9163],[-80.6879,34.9159],[-80.6899,34.9172],[-80.6894,34.9256],[-80.6868,34.9255],[-80.6855,34.9262],[-80.6855,34.9253],[-80.684,34.922],[-80.6834,34.9219],[-80.675,34.9241],[-80.674,34.9227],[-80.6721,34.9243],[-80.6713,34.9252],[-80.6698,34.9275],[-80.6685,34.927],[-80.6669,34.9266],[-80.6817,34.9549],[-80.6818,34.9537],[-80.685,34.9534],[-80.6852,34.9546],[-80.6867,34.9552],[-80.6896,34.9566],[-80.6906,34.955],[-80.6958,34.9568],[-80.6952,34.9581],[-80.6945,34.9587],[-80.6955,34.9597],[-80.6949,34.9607],[-80.6944,34.9647],[-80.6949,34.966],[-80.6968,34.9664],[-80.6999,34.9645],[-80.6984,34.9642],[-80.6994,34.963],[-80.7022,34.9612],[-80.7029,34.9621],[-80.7038,34.9616],[-80.7043,34.9609],[-80.7042,34.96],[-80.7052,34.9592],[-80.7115,34.9563],[-80.7141,34.9566],[-80.7149,34.9545],[-80.7154,34.9517],[-80.7159,34.9503],[-80.7133,34.9508],[-80.7119,34.9481],[-80.7141,34.9479],[-80.716,34.9481],[-80.7174,34.9478],[-80.7185,34.9463],[-80.7169,34.9433],[-80.7223,34.9436],[-80.7245,34.9464],[-80.7231,34.9479],[-80.7228,34.9475],[-80.7199,34.9489],[-80.7216,34.9521],[-80.7205,34.9542],[-80.7203,34.9563],[-80.721,34.9561],[-80.7223,34.9572],[-80.7217,34.9603],[-80.7207,34.9596],[-80.7186,34.9583],[-80.718,34.9588],[-80.7182,34.9598],[-80.7159,34.9597],[-80.7134,34.9576],[-80.7124,34.9582],[-80.7109,34.9599],[-80.7104,34.9619],[-80.7105,34.9638],[-80.712,34.9637],[-80.7109,34.9665],[-80.7118,34.9676],[-80.7108,34.9688],[-80.7086,34.9675],[-80.7067,34.9692],[-80.7048,34.9681],[-80.7026,34.9692],[-80.705,34.9711],[-80.7046,34.9716],[-80.7016,34.9692],[-80.7009,34.9695],[-80.7006,34.9705],[-80.6997,34.9706],[-80.6985,34.9713],[-80.6986,34.9722],[-80.6975,34.9728],[-80.6945,34.9732],[-80.6917,34.9743],[-80.6903,34.9743],[-80.6883,34.9758],[-80.6876,34.9773],[-80.6882,34.9785],[-80.6877,34.9796],[-80.6899,34.98],[-80.6906,34.9807],[-80.6917,34.9824],[-80.6905,34.9827],[-80.6896,34.9817],[-80.6868,34.9823],[-80.6883,34.984],[-80.6854,34.9844],[-80.6841,34.9841],[-80.6825,34.9856],[-80.6844,34.9873],[-80.6858,34.9873],[-80.6858,34.9881],[-80.6869,34.9885],[-80.6872,34.988],[-80.6886,34.988],[-80.6899,34.9873],[-80.6892,34.9893],[-80.6903,34.9896],[-80.6914,34.9893],[-80.69,34.9881],[-80.6904,34.987],[-80.6936,34.986],[-80.6946,34.9888],[-80.6926,34.9902],[-80.6934,34.9912],[-80.695,34.9926],[-80.697,34.9915],[-80.6964,34.9904],[-80.6968,34.9893],[-80.6985,34.9884],[-80.702,34.991],[-80.7028,34.9925],[-80.7039,34.9937],[-80.7001,34.9944],[-80.7019,34.9911],[-80.6961,34.9935],[-80.6973,34.9955],[-80.6963,34.9959],[-80.6956,34.9951],[-80.6964,34.9948],[-80.6955,34.9934],[-80.6946,34.9933],[-80.693,34.9943],[-80.6925,34.9931],[-80.6912,34.9931],[-80.6908,34.9949],[-80.6926,34.9963],[-80.6933,34.9955],[-80.6939,34.9962],[-80.6927,34.997],[-80.6955,34.9973],[-80.6962,34.9963],[-80.6972,34.9978],[-80.6979,34.9979],[-80.6979,34.9991],[-80.6909,34.9993],[-80.6904,35.0015],[-80.6894,35.0006],[-80.6877,35.0014],[-80.6857,34.9999],[-80.6849,34.9966],[-80.6842,34.995],[-80.6834,34.9945],[-80.6797,34.994],[-80.6796,34.9935],[-80.6797,34.9923],[-80.6793,34.9919],[-80.6779,34.9915],[-80.6793,34.99],[-80.6812,34.9871],[-80.6825,34.9856],[-80.6817,34.9847],[-80.6804,34.9846],[-80.6801,34.9854],[-80.6787,34.9864],[-80.6771,34.9861],[-80.6766,34.9857],[-80.6746,34.9864],[-80.6724,34.9898],[-80.6741,34.9911],[-80.6712,34.9936],[-80.6681,34.9914],[-80.6665,34.993],[-80.6668,34.9946],[-80.6653,34.9949],[-80.664,34.9942],[-80.6583,34.9971],[-80.6582,34.998],[-80.6607,35.0008],[-80.6617,35.0004],[-80.6638,35.0014],[-80.6639,35.0027],[-80.6627,35.0043],[-80.6624,35.0054],[-80.6618,35.0054],[-80.6606,35.0064],[-80.6602,35.0071],[-80.6606,35.0078],[-80.6596,35.0091],[-80.6587,35.0094],[-80.6579,35.009],[-80.6556,35.0083],[-80.6533,35.0102],[-80.6541,35.0058],[-80.6551,35.0058],[-80.6556,35.0064],[-80.6573,35.0065],[-80.6577,35.0054],[-80.6567,35.0053],[-80.6565,35.0034],[-80.655,35.0027],[-80.6554,35.004],[-80.656,35.0043],[-80.6538,35.0056],[-80.6508,35.0068],[-80.6504,35.0075],[-80.6522,35.0097],[-80.6447,35.0069],[-80.6435,35.0076],[-80.6454,35.0116],[-80.6479,35.0131],[-80.6489,35.0145],[-80.6484,35.0149],[-80.6465,35.0142],[-80.6479,35.0131],[-80.6446,35.0116],[-80.6449,35.011],[-80.6431,35.0069],[-80.6409,35.0075],[-80.6406,35.007],[-80.6375,35.0077],[-80.6365,35.0084],[-80.6321,35.006],[-80.631,35.0075],[-80.6288,35.0113],[-80.6241,35.0101],[-80.6214,35.0095],[-80.617,35.0089],[-80.6085,35.0083],[-80.6087,35.0054],[-80.6097,35.0016],[-80.6116,34.9973],[-80.612,34.9955],[-80.6124,34.991],[-80.6131,34.9882],[-80.6135,34.9871],[-80.6105,34.9867],[-80.6042,34.9859],[-80.6003,34.9849],[-80.598,34.9846],[-80.594,34.9846],[-80.5887,34.9843],[-80.5896,34.9816],[-80.5899,34.9785],[-80.5894,34.9774],[-80.5862,34.9785],[-80.5819,34.9787],[-80.5865,34.9771],[-80.5879,34.9766],[-80.6061,34.968],[-80.6097,34.9664],[-80.6067,34.9624],[-80.6043,34.9586],[-80.6036,34.9579],[-80.5995,34.9543],[-80.5966,34.9526],[-80.5951,34.9516],[-80.5946,34.9508],[-80.594,34.9488],[-80.5931,34.9478],[-80.5917,34.9488],[-80.5901,34.9492],[-80.5865,34.9495],[-80.5852,34.9512],[-80.5835,34.9479],[-80.5829,34.946],[-80.5819,34.9449],[-80.5792,34.946],[-80.5782,34.946],[-80.5733,34.9449],[-80.571,34.9442],[-80.5691,34.9433],[-80.5646,34.9425],[-80.5631,34.9425],[-80.56,34.943],[-80.56,34.9444],[-80.5593,34.9467],[-80.5597,34.9501],[-80.5593,34.9552],[-80.5589,34.9567],[-80.5542,34.9551],[-80.5536,34.9551],[-80.5484,34.9554],[-80.5456,34.9557],[-80.545,34.9545],[-80.5434,34.9548],[-80.542,34.9544],[-80.5411,34.9548],[-80.5403,34.9556],[-80.538,34.9554],[-80.5357,34.9559],[-80.533,34.9554],[-80.53,34.9558],[-80.5272,34.9583],[-80.5258,34.9573],[-80.525,34.956],[-80.5245,34.9559],[-80.523,34.9568],[-80.5224,34.9591],[-80.5217,34.9595],[-80.5192,34.9559],[-80.5182,34.9537],[-80.5185,34.9492],[-80.5185,34.9456],[-80.5166,34.943],[-80.5144,34.9396],[-80.5133,34.9372],[-80.5113,34.9299],[-80.511,34.9284],[-80.5087,34.9318],[-80.5071,34.9333],[-80.5047,34.936],[-80.4923,34.9461],[-80.4952,34.951],[-80.4975,34.9544],[-80.5004,34.9596],[-80.5021,34.9625],[-80.4994,34.9614],[-80.4922,34.9583],[-80.4834,34.9546],[-80.4823,34.9544],[-80.4806,34.9544],[-80.4802,34.9564],[-80.4806,34.9578],[-80.4809,34.9598],[-80.4818,34.9609],[-80.4832,34.9615],[-80.4831,34.9627],[-80.4836,34.9635],[-80.4825,34.9639],[-80.4821,34.9645],[-80.4808,34.9652],[-80.4818,34.9659],[-80.4823,34.9672],[-80.4834,34.9681],[-80.4829,34.9687],[-80.4813,34.9694],[-80.4776,34.97],[-80.4776,34.9712],[-80.4768,34.9724],[-80.477,34.9736],[-80.4761,34.9761],[-80.4737,34.9777],[-80.4706,34.9792],[-80.4708,34.9809],[-80.4728,34.9829],[-80.4707,34.9841],[-80.4706,34.9847],[-80.4717,34.9864],[-80.4732,34.9872],[-80.4745,34.9858],[-80.476,34.986],[-80.4768,34.9866],[-80.4768,34.9876],[-80.4777,34.9884],[-80.4772,34.9905],[-80.4757,34.9916],[-80.4747,34.9933],[-80.475,34.994],[-80.476,34.9946],[-80.477,34.9958],[-80.4765,34.9965],[-80.4752,34.9973],[-80.475,34.9982],[-80.4757,34.9985],[-80.4759,35.0003],[-80.5069,35.009],[-80.4973,35.0154],[-80.4776,35.0283],[-80.4766,35.0294],[-80.4755,35.0318],[-80.4753,35.0352],[-80.4766,35.0384],[-80.4761,35.0418],[-80.4763,35.0424],[-80.4787,35.0453],[-80.4795,35.0466],[-80.4813,35.0497],[-80.4864,35.0473],[-80.4873,35.047],[-80.493,35.046],[-80.5012,35.0438],[-80.5022,35.0436],[-80.5055,35.039],[-80.506,35.0382],[-80.5086,35.0318],[-80.5101,35.0316],[-80.5137,35.0307],[-80.5181,35.0307],[-80.5198,35.0309],[-80.523,35.0317],[-80.5255,35.0316],[-80.5282,35.0307],[-80.5326,35.0297],[-80.5335,35.0298],[-80.5379,35.031],[-80.5429,35.0363],[-80.5434,35.0374],[-80.5458,35.0366],[-80.5492,35.0359],[-80.555,35.0339],[-80.556,35.0338],[-80.5584,35.0339],[-80.5592,35.0364],[-80.5599,35.0369],[-80.5608,35.0366],[-80.5643,35.0347],[-80.5662,35.0377],[-80.565,35.0382],[-80.5661,35.04],[-80.565,35.0408],[-80.5629,35.0407],[-80.5631,35.0384],[-80.5596,35.0376],[-80.5591,35.0371],[-80.5548,35.0364],[-80.5495,35.0384],[-80.548,35.0379],[-80.5481,35.0397],[-80.5472,35.0397],[-80.5465,35.0415],[-80.5447,35.0414],[-80.544,35.0393],[-80.5164,35.0658],[-80.5255,35.1159],[-80.5373,35.1813],[-80.5416,35.2039],[-80.5503,35.2084],[-80.5794,35.185],[-80.5813,35.1888],[-80.5816,35.1901],[-80.5814,35.1917],[-80.5865,35.1922],[-80.5896,35.1918],[-80.5904,35.1915],[-80.5995,35.1866],[-80.5999,35.1865],[-80.6008,35.1861],[-80.6011,35.1874],[-80.6005,35.1877],[-80.6007,35.1892],[-80.6049,35.1874],[-80.6035,35.1847],[-80.6068,35.1837],[-80.6046,35.191],[-80.6049,35.1922],[-80.6042,35.1925],[-80.6018,35.1925],[-80.5996,35.1906],[-80.5979,35.1876],[-80.5973,35.1891],[-80.5966,35.1883],[-80.5956,35.1888],[-80.5973,35.1905],[-80.5964,35.191],[-80.5996,35.195],[-80.599,35.1954],[-80.5999,35.1971],[-80.5997,35.1977],[-80.601,35.1985],[-80.6023,35.1986],[-80.6056,35.1971],[-80.6042,35.1926],[-80.605,35.1923],[-80.6067,35.1937],[-80.6081,35.1955],[-80.6095,35.1977],[-80.6112,35.2014],[-80.6115,35.2024],[-80.6117,35.2046],[-80.6099,35.2115],[-80.6054,35.2112],[-80.6056,35.2141],[-80.6045,35.214],[-80.6034,35.211],[-80.604,35.2111],[-80.6037,35.2087],[-80.6024,35.2075],[-80.6014,35.2062],[-80.6007,35.2071],[-80.5992,35.2077],[-80.6002,35.2121],[-80.5993,35.2114],[-80.5976,35.2117],[-80.5988,35.2132],[-80.5986,35.2142],[-80.6008,35.2147],[-80.5994,35.2177],[-80.6053,35.2201],[-80.6068,35.2194],[-80.6113,35.2192],[-80.6114,35.2221],[-80.6121,35.2241],[-80.6135,35.2233],[-80.6132,35.2226],[-80.6158,35.2226],[-80.6156,35.2233],[-80.6167,35.2234],[-80.6169,35.2218],[-80.6173,35.2206],[-80.6211,35.2213],[-80.6225,35.2219],[-80.624,35.2232],[-80.6255,35.2231],[-80.6291,35.2234],[-80.6358,35.2237],[-80.6405,35.2231],[-80.6408,35.224],[-80.6405,35.2254],[-80.6394,35.2256],[-80.6351,35.2257],[-80.6358,35.229],[-80.6356,35.2304],[-80.6398,35.2324],[-80.6371,35.2361],[-80.6383,35.2362],[-80.6408,35.2368],[-80.6406,35.2373],[-80.6423,35.2382],[-80.644,35.2386],[-80.6461,35.2386],[-80.6479,35.2392],[-80.6481,35.2404],[-80.6548,35.2394],[-80.6566,35.2398],[-80.6632,35.2425],[-80.6594,35.2459],[-80.6571,35.2477],[-80.6566,35.2483],[-80.6562,35.2496],[-80.6552,35.2517],[-80.6567,35.2528],[-80.6579,35.2542],[-80.6616,35.2565],[-80.6628,35.2571],[-80.6655,35.2595],[-80.6671,35.2612],[-80.6685,35.263],[-80.6689,35.263],[-80.6724,35.2607],[-80.6779,35.2583],[-80.6791,35.2581],[-80.68,35.2584],[-80.6848,35.2622],[-80.6842,35.2641],[-80.6851,35.2649],[-80.6816,35.2673],[-80.6789,35.269],[-80.6785,35.272],[-80.6776,35.2713],[-80.6758,35.2709],[-80.6748,35.2712],[-80.6743,35.2709],[-80.6721,35.2717],[-80.6706,35.2719],[-80.6707,35.2728],[-80.6704,35.2735],[-80.6721,35.2733],[-80.6745,35.2736],[-80.6756,35.2739],[-80.6765,35.2777],[-80.6769,35.2796],[-80.6772,35.2797],[-80.6785,35.2826],[-80.6779,35.2836],[-80.6756,35.2844],[-80.6725,35.2845],[-80.6715,35.2815],[-80.6683,35.2811],[-80.6676,35.2815],[-80.6668,35.2844],[-80.6659,35.2842],[-80.6664,35.283],[-80.6653,35.2818],[-80.6641,35.2826],[-80.6638,35.2836],[-80.6617,35.2836],[-80.6596,35.2841],[-80.6591,35.2848],[-80.6582,35.2868],[-80.6553,35.2872],[-80.6574,35.2889],[-80.6568,35.2897],[-80.6542,35.2911],[-80.6513,35.2921],[-80.6504,35.2902],[-80.646,35.2889],[-80.6452,35.2893],[-80.6444,35.2906],[-80.6419,35.2866],[-80.6423,35.2857],[-80.6412,35.2845],[-80.6398,35.2839],[-80.6392,35.2846],[-80.6396,35.2867],[-80.641,35.2924],[-80.6406,35.2932],[-80.6361,35.2946],[-80.6345,35.2953],[-80.6281,35.2984],[-80.6248,35.295],[-80.6265,35.2939],[-80.6283,35.2934],[-80.6299,35.2939],[-80.6313,35.2918],[-80.6302,35.2906],[-80.6284,35.2914],[-80.6272,35.2922],[-80.6241,35.2927],[-80.6242,35.2892],[-80.6225,35.2872],[-80.6201,35.2885],[-80.6143,35.2881],[-80.6146,35.2933],[-80.6137,35.2931],[-80.6118,35.2944],[-80.6085,35.2939],[-80.6083,35.2971],[-80.611,35.2984],[-80.6131,35.2978],[-80.6171,35.2993],[-80.6217,35.3],[-80.622,35.3011],[-80.6181,35.3012],[-80.6136,35.3013],[-80.6116,35.3015],[-80.606,35.3026],[-80.6041,35.3024],[-80.6047,35.3031],[-80.6011,35.305],[-80.6003,35.3044],[-80.5989,35.3062],[-80.5973,35.3071],[-80.5969,35.3082],[-80.5941,35.3112],[-80.5937,35.3108],[-80.5916,35.3111],[-80.5902,35.3054],[-80.5884,35.3059],[-80.5867,35.306],[-80.5856,35.3072],[-80.5849,35.3066],[-80.5798,35.3075],[-80.579,35.3079],[-80.5771,35.3078],[-80.5767,35.3084],[-80.5754,35.3085],[-80.5751,35.3101],[-80.5759,35.3097],[-80.5778,35.3102],[-80.5779,35.3122],[-80.5768,35.3128],[-80.5759,35.3139],[-80.5747,35.3138],[-80.573,35.3132],[-80.5728,35.312],[-80.5732,35.3103],[-80.5722,35.31],[-80.5716,35.3118],[-80.5714,35.3137],[-80.5725,35.3171],[-80.5738,35.3173],[-80.574,35.3209],[-80.576,35.3207],[-80.5777,35.319],[-80.5789,35.319],[-80.5808,35.3196],[-80.5813,35.3213],[-80.5824,35.3225],[-80.5867,35.3238],[-80.5875,35.323],[-80.5883,35.3228],[-80.5897,35.3215],[-80.5897,35.3209],[-80.5884,35.3196],[-80.5883,35.3188],[-80.5891,35.3173],[-80.5901,35.3171],[-80.5928,35.3182],[-80.5943,35.3185],[-80.5948,35.318],[-80.5948,35.3165],[-80.5957,35.3171],[-80.5961,35.3186],[-80.5951,35.3213],[-80.5947,35.3259],[-80.594,35.3282],[-80.5935,35.3311],[-80.5938,35.333],[-80.5945,35.3349],[-80.5942,35.3358],[-80.5907,35.3375],[-80.5891,35.3386],[-80.5858,35.341],[-80.5837,35.3409],[-80.5772,35.342],[-80.5762,35.3444],[-80.5749,35.3485],[-80.5754,35.3511],[-80.5749,35.353],[-80.5735,35.3558],[-80.5719,35.357],[-80.5724,35.3542],[-80.5719,35.3538],[-80.5691,35.356],[-80.5675,35.3557],[-80.5684,35.3541],[-80.5685,35.3531],[-80.5666,35.3531],[-80.5632,35.3528],[-80.5623,35.3524],[-80.5617,35.3544],[-80.5592,35.3537],[-80.5582,35.3558],[-80.563,35.3591],[-80.561,35.3604],[-80.5621,35.3617],[-80.5607,35.3625],[-80.5574,35.3637],[-80.5556,35.3646],[-80.5547,35.3654],[-80.5533,35.3683],[-80.5525,35.3681],[-80.5519,35.3674],[-80.5478,35.3657],[-80.5461,35.3666],[-80.5479,35.3687],[-80.5469,35.3694],[-80.5431,35.3709],[-80.5428,35.3718],[-80.5432,35.3749],[-80.5368,35.3762],[-80.5356,35.3755],[-80.5353,35.3745],[-80.5334,35.375],[-80.5337,35.3769],[-80.5326,35.3776],[-80.5294,35.3802],[-80.5294,35.3804],[-80.5261,35.3831],[-80.5244,35.3841],[-80.5217,35.385],[-80.5195,35.3853],[-80.5088,35.3858],[-80.5016,35.3862],[-80.5,35.3864],[-80.4977,35.3871],[-80.4936,35.389],[-80.4973,35.3965],[-80.4992,35.3988],[-80.5001,35.3996],[-80.503,35.401],[-80.5045,35.4021],[-80.5064,35.4037],[-80.5098,35.4071],[-80.5117,35.4096],[-80.5126,35.4122],[-80.5134,35.4157],[-80.5141,35.4151],[-80.5172,35.4149],[-80.5194,35.415],[-80.5272,35.4172],[-80.5287,35.4172],[-80.5313,35.4165],[-80.5343,35.4149],[-80.5353,35.4145],[-80.5382,35.4149],[-80.5465,35.4156],[-80.5487,35.4159],[-80.5516,35.416],[-80.5512,35.4179],[-80.5512,35.4193],[-80.5503,35.4202],[-80.548,35.4217],[-80.546,35.4224],[-80.5466,35.4232],[-80.5491,35.4227],[-80.5495,35.4233],[-80.5516,35.4234],[-80.5517,35.4227],[-80.5605,35.4209],[-80.5627,35.4221],[-80.5636,35.4228],[-80.5661,35.4259],[-80.5607,35.4297],[-80.5593,35.4311],[-80.5575,35.432],[-80.5565,35.4328],[-80.5571,35.4351],[-80.5576,35.4359],[-80.5596,35.4365],[-80.56,35.4394],[-80.5623,35.4436],[-80.5639,35.4469],[-80.5641,35.4491],[-80.565,35.4539],[-80.5646,35.4556],[-80.5638,35.4565],[-80.5622,35.4568],[-80.5596,35.4568],[-80.5599,35.4619],[-80.5611,35.4639],[-80.5617,35.4653],[-80.5589,35.467],[-80.5585,35.4679],[-80.558,35.4727],[-80.5581,35.4775],[-80.5584,35.4789],[-80.5577,35.4853],[-80.5545,35.4848],[-80.5549,35.4893],[-80.5546,35.4905],[-80.5514,35.4959],[-80.5495,35.4984],[-80.5469,35.5012],[-80.5443,35.5029],[-80.5624,35.503],[-80.5679,35.5032],[-80.5691,35.5031],[-80.5709,35.5033],[-80.5718,35.5068],[-80.5721,35.5094],[-80.5729,35.5094],[-80.5736,35.5109],[-80.5763,35.5157],[-80.5793,35.5211],[-80.5821,35.5283],[-80.5835,35.5283],[-80.5849,35.5286],[-80.5866,35.5305],[-80.5884,35.5336],[-80.5886,35.5343],[-80.5882,35.5382],[-80.5879,35.5442],[-80.5883,35.5463],[-80.5892,35.5478],[-80.5898,35.5539],[-80.5892,35.5582],[-80.5898,35.5616],[-80.5914,35.5618],[-80.5941,35.5613],[-80.5959,35.5617],[-80.5989,35.5646],[-80.5971,35.5666],[-80.5969,35.5679],[-80.5978,35.5691],[-80.6003,35.5694],[-80.6021,35.5677],[-80.6031,35.5677],[-80.6039,35.5682],[-80.6086,35.5744],[-80.6101,35.5772],[-80.6173,35.5756],[-80.6292,35.5725],[-80.6332,35.5717],[-80.6363,35.5713],[-80.651,35.5699],[-80.6532,35.5702],[-80.6516,35.569],[-80.6495,35.568],[-80.6419,35.5654],[-80.6405,35.5647],[-80.6382,35.5633],[-80.6366,35.5618],[-80.6355,35.5599],[-80.6346,35.5589],[-80.6326,35.5575],[-80.6313,35.5569],[-80.6286,35.556],[-80.6274,35.5555],[-80.6256,35.5542],[-80.6231,35.5527],[-80.6262,35.551],[-80.6277,35.5498],[-80.6298,35.5477],[-80.6329,35.5458],[-80.6338,35.5451],[-80.6369,35.5418],[-80.641,35.5407],[-80.6421,35.5402],[-80.642,35.5392],[-80.6429,35.5377],[-80.6424,35.5332],[-80.6425,35.5314],[-80.6433,35.5285],[-80.6435,35.5268],[-80.6432,35.5246],[-80.6437,35.5231],[-80.6464,35.5194],[-80.648,35.5164],[-80.648,35.5151],[-80.6473,35.5114],[-80.6471,35.5108],[-80.6479,35.5083],[-80.6474,35.5073],[-80.6472,35.5058],[-80.649,35.5057],[-80.6505,35.5059],[-80.6615,35.506],[-80.673,35.5063],[-80.6755,35.5063],[-80.6754,35.5051],[-80.6758,35.5019],[-80.6756,35.5011],[-80.6749,35.5001],[-80.6711,35.4972],[-80.6695,35.4948],[-80.666,35.4896],[-80.6658,35.4889],[-80.6713,35.4899],[-80.6761,35.4911],[-80.6782,35.4909],[-80.6802,35.4899],[-80.6838,35.4877],[-80.6855,35.4864],[-80.6844,35.4851],[-80.6835,35.4833],[-80.6836,35.4815],[-80.6841,35.4806],[-80.6863,35.4785],[-80.6887,35.4749],[-80.6906,35.4727],[-80.6898,35.4717],[-80.689,35.4673],[-80.6884,35.466],[-80.6869,35.4638],[-80.6878,35.4625],[-80.6879,35.4616],[-80.6871,35.459],[-80.6863,35.4546],[-80.6835,35.4495],[-80.6827,35.4451],[-80.683,35.4441],[-80.6879,35.4456],[-80.6919,35.4399],[-80.6903,35.4395],[-80.6899,35.4382],[-80.69,35.4372],[-80.6932,35.4374],[-80.6983,35.4367],[-80.6995,35.4367],[-80.7025,35.4372],[-80.7045,35.4374],[-80.7068,35.4373],[-80.709,35.4374],[-80.7126,35.4382],[-80.7153,35.4386],[-80.7275,35.4402],[-80.7283,35.4422],[-80.7307,35.4417],[-80.7312,35.442],[-80.7329,35.4457],[-80.7321,35.4454],[-80.7301,35.4459],[-80.7305,35.447],[-80.7314,35.4475],[-80.7341,35.4494],[-80.7371,35.4493],[-80.7374,35.4509],[-80.7399,35.451],[-80.7431,35.4509],[-80.7432,35.4476],[-80.7443,35.4445],[-80.7423,35.4435],[-80.7416,35.4435],[-80.7417,35.4419],[-80.7485,35.4422],[-80.7589,35.4414],[-80.7588,35.4462],[-80.7574,35.4466],[-80.7561,35.4443],[-80.7556,35.4448],[-80.7564,35.4462],[-80.7571,35.4486],[-80.7565,35.4492],[-80.7538,35.4502],[-80.7486,35.45],[-80.7473,35.4496],[-80.7467,35.4508],[-80.7529,35.4523],[-80.7526,35.4546],[-80.7528,35.4551],[-80.7575,35.4541],[-80.7585,35.4551],[-80.7574,35.4586],[-80.7592,35.4592],[-80.7596,35.4576],[-80.7621,35.4551],[-80.7626,35.4542],[-80.7658,35.4541],[-80.7659,35.4575],[-80.7657,35.4599],[-80.7639,35.4589],[-80.7626,35.4587],[-80.7597,35.4597],[-80.7591,35.4596],[-80.7586,35.461],[-80.7627,35.4617],[-80.7627,35.4636],[-80.7574,35.4646],[-80.7566,35.4675],[-80.7604,35.4673],[-80.7605,35.4678],[-80.764,35.4677],[-80.7638,35.469],[-80.7646,35.4689],[-80.7651,35.47],[-80.7685,35.4699],[-80.7709,35.4749],[-80.772,35.4744],[-80.7723,35.4736],[-80.7734,35.4736],[-80.7728,35.4722],[-80.7756,35.467],[-80.7788,35.4712],[-80.7795,35.4724],[-80.7796,35.475],[-80.7816,35.4751],[-80.7869,35.4726],[-80.7888,35.472],[-80.7905,35.4721],[-80.7924,35.4728],[-80.7932,35.4745],[-80.7958,35.4774],[-80.8009,35.4837],[-80.8035,35.4877],[-80.8048,35.4908],[-80.8054,35.4932],[-80.8067,35.4966],[-80.8091,35.4993],[-80.8092,35.5011],[-80.8101,35.5031],[-80.8108,35.5052],[-80.8118,35.5078],[-80.8335,35.5094],[-80.8335,35.5096],[-80.8391,35.51],[-80.8384,35.5113],[-80.8386,35.5132],[-80.84,35.517],[-80.8425,35.5158],[-80.8434,35.5151],[-80.8445,35.515],[-80.8467,35.5151],[-80.8488,35.5148],[-80.8508,35.5141],[-80.8516,35.5129],[-80.8522,35.5139],[-80.8536,35.514],[-80.8549,35.5145],[-80.8566,35.5141],[-80.857,35.5134],[-80.8559,35.5112],[-80.8659,35.5119],[-80.8667,35.5119],[-80.8905,35.5136],[-80.8964,35.5141],[-80.9061,35.5148],[-80.9062,35.5146],[-80.9289,35.499],[-80.9469,35.4871],[-80.9452,35.4841],[-80.9454,35.4834],[-80.9479,35.4807],[-80.9488,35.4766],[-80.9499,35.4741],[-80.9512,35.4714],[-80.9517,35.4696],[-80.9518,35.4684],[-80.9513,35.4661],[-80.9505,35.465],[-80.9486,35.4634],[-80.9462,35.4618],[-80.9433,35.4594],[-80.9423,35.4563],[-80.9426,35.4538],[-80.943,35.453],[-80.9447,35.4516],[-80.9456,35.4503],[-80.9466,35.4494],[-80.9479,35.449],[-80.9497,35.4481],[-80.9506,35.4471],[-80.9526,35.4434],[-80.9532,35.4411],[-80.9566,35.4372],[-80.9577,35.4353],[-80.9586,35.4328],[-80.9586,35.4316],[-80.9571,35.4288],[-80.956,35.4258],[-80.9552,35.4214],[-80.9552,35.4205],[-80.9561,35.4181],[-80.9583,35.4142],[-80.9588,35.4129],[-80.9582,35.4085],[-80.9568,35.4034],[-80.9547,35.3998],[-80.9543,35.3978],[-80.9544,35.3959],[-80.9548,35.3938],[-80.9565,35.3917],[-80.9584,35.3909],[-80.964,35.3892],[-80.9684,35.3874],[-80.9715,35.3859],[-80.9728,35.3848],[-80.9753,35.3831],[-80.9785,35.3819],[-80.9816,35.3818],[-80.9836,35.3819],[-80.9851,35.3814],[-80.9864,35.3801],[-80.987,35.3784],[-80.9866,35.3752],[-80.9857,35.3718],[-80.9838,35.3683],[-80.9948,35.3598],[-80.9937,35.3573],[-80.993,35.3543],[-80.9946,35.3525],[-80.9954,35.3512],[-80.996,35.3496],[-80.9956,35.3461],[-80.9956,35.3448],[-80.9964,35.342],[-80.9995,35.3385],[-80.9995,35.3365],[-80.9985,35.3343],[-80.9969,35.3318],[-80.9974,35.3296],[-80.9985,35.3299],[-80.9984,35.331],[-81.0097,35.3333],[-81.0132,35.3342],[-81.0112,35.3372],[-81.0119,35.3373],[-81.0117,35.3385],[-81.0109,35.3394],[-81.0106,35.3405],[-81.0114,35.3415],[-81.0137,35.3424],[-81.0163,35.3456],[-81.0166,35.3466],[-81.0165,35.3482],[-81.0189,35.349],[-81.0214,35.3491],[-81.0229,35.3488],[-81.0233,35.348],[-81.0246,35.3491],[-81.029,35.3455],[-81.0296,35.3433],[-81.0265,35.343],[-81.024,35.3394],[-81.0229,35.3381],[-81.0221,35.3365],[-81.0215,35.3335],[-81.0206,35.3332],[-81.0203,35.3325],[-81.0217,35.3305],[-81.0211,35.3301],[-81.023,35.325],[-81.0206,35.325],[-81.0175,35.3211],[-81.019,35.3201],[-81.0175,35.3196],[-81.0149,35.3171],[-81.0141,35.317],[-81.0138,35.3152],[-81.0154,35.3152],[-81.0156,35.3136],[-81.016,35.3128],[-81.019,35.3146],[-81.0208,35.3153],[-81.0228,35.3146],[-81.0235,35.3156],[-81.0249,35.3159],[-81.0256,35.3197],[-81.0261,35.3207],[-81.0305,35.3216],[-81.0314,35.3208],[-81.0328,35.3215],[-81.0338,35.3225],[-81.0378,35.3212],[-81.0394,35.32],[-81.0347,35.3181],[-81.0319,35.3166],[-81.0328,35.3131],[-81.0352,35.3135],[-81.0361,35.3116],[-81.0369,35.3109],[-81.034,35.3087],[-81.0358,35.3063],[-81.038,35.3084],[-81.0402,35.3072],[-81.042,35.3056],[-81.0438,35.3058],[-81.0452,35.3043],[-81.0445,35.3038],[-81.0463,35.2988],[-81.047,35.2959],[-81.0452,35.2959],[-81.043,35.2955],[-81.0417,35.2976],[-81.0403,35.3018],[-81.0398,35.3015],[-81.038,35.3024],[-81.0369,35.3021],[-81.0317,35.3015],[-81.0302,35.3021],[-81.029,35.2976],[-81.026,35.2977],[-81.026,35.2964],[-81.025,35.2955],[-81.0292,35.294],[-81.029,35.2894],[-81.0326,35.2877],[-81.0349,35.2863],[-81.0369,35.2872],[-81.0405,35.287],[-81.0426,35.2834],[-81.0456,35.2814],[-81.0461,35.2818],[-81.0474,35.2848],[-81.0495,35.2851],[-81.0534,35.2851],[-81.0551,35.2849],[-81.0562,35.2831],[-81.0546,35.2831],[-81.0537,35.2838],[-81.0533,35.2824],[-81.0537,35.2817],[-81.056,35.2811],[-81.0553,35.2794],[-81.0551,35.2778],[-81.054,35.2774],[-81.0537,35.2768],[-81.0547,35.2763],[-81.0597,35.2693],[-81.0608,35.2718],[-81.0659,35.269],[-81.0634,35.2667],[-81.065,35.2663],[-81.065,35.2653],[-81.0659,35.2651],[-81.0668,35.2638],[-81.0623,35.2637],[-81.061,35.2635],[-81.0609,35.2625],[-81.0614,35.2617],[-81.0598,35.262],[-81.0574,35.2582],[-81.0574,35.2562],[-81.0558,35.2563],[-81.0565,35.2626],[-81.0542,35.2619],[-81.0488,35.2594],[-81.0484,35.259],[-81.0478,35.2552],[-81.0481,35.2544],[-81.049,35.2544],[-81.0498,35.256],[-81.0533,35.256],[-81.0535,35.254],[-81.0543,35.2547],[-81.0557,35.2527],[-81.0552,35.2515],[-81.0531,35.2525],[-81.0525,35.2505],[-81.0532,35.2503],[-81.0525,35.2485],[-81.0519,35.2487],[-81.0514,35.2475],[-81.0529,35.2464],[-81.0537,35.2461],[-81.053,35.2444],[-81.0502,35.2434],[-81.0528,35.2427],[-81.0537,35.243],[-81.0547,35.2427],[-81.0578,35.2404],[-81.0595,35.2394],[-81.0601,35.2398],[-81.0552,35.2431],[-81.0574,35.2438],[-81.0582,35.2453],[-81.0575,35.2455],[-81.0584,35.2481],[-81.0567,35.2489],[-81.0569,35.2494],[-81.0586,35.249],[-81.059,35.2501],[-81.0601,35.25],[-81.0607,35.2511],[-81.0613,35.2509],[-81.0623,35.2526],[-81.0647,35.2511],[-81.0655,35.2519],[-81.0664,35.2524],[-81.0625,35.2553],[-81.0634,35.2562],[-81.0626,35.2567],[-81.0634,35.2581],[-81.0645,35.2581],[-81.0667,35.2596],[-81.0668,35.2603],[-81.068,35.2626],[-81.0691,35.2637],[-81.0713,35.265],[-81.0725,35.2654],[-81.0757,35.2658],[-81.0784,35.2658],[-81.0784,35.2669],[-81.0791,35.2685],[-81.0821,35.2678],[-81.085,35.2684],[-81.0844,35.2698],[-81.0835,35.2696],[-81.0821,35.2698],[-81.0828,35.2716],[-81.0823,35.273],[-81.0794,35.2751],[-81.0794,35.2768],[-81.0808,35.2775],[-81.0822,35.2795],[-81.0832,35.2799],[-81.0832,35.2805],[-81.0845,35.281],[-81.0851,35.282],[-81.0869,35.2828],[-81.0889,35.284],[-81.0916,35.2848],[-81.0884,35.2627],[-81.0853,35.2654],[-81.0842,35.2667],[-81.0836,35.2643],[-81.0852,35.2642],[-81.0869,35.2634],[-81.0862,35.263],[-81.0866,35.2618],[-81.0857,35.2616],[-81.0865,35.2602],[-81.0866,35.2588],[-81.0878,35.2584],[-81.0874,35.2575],[-81.0874,35.2561],[-81.0867,35.2563],[-81.086,35.2575],[-81.0842,35.2552],[-81.0828,35.2546],[-81.0796,35.252],[-81.0802,35.2511],[-81.0819,35.2514],[-81.0817,35.2504],[-81.0832,35.2489],[-81.0835,35.248],[-81.0862,35.247],[-81.0856,35.2432],[-81.0835,35.2407],[-81.0852,35.2397],[-81.0823,35.2198],[-81.0815,35.2209],[-81.0799,35.2201],[-81.0822,35.2193],[-81.0815,35.2143],[-81.0805,35.2147],[-81.0801,35.2142],[-81.0769,35.2153],[-81.0776,35.2173],[-81.0767,35.2174],[-81.0729,35.2143],[-81.0712,35.2159],[-81.0717,35.2171],[-81.0725,35.2178],[-81.0718,35.2191],[-81.069,35.2181],[-81.0682,35.2172],[-81.0704,35.2147],[-81.0689,35.2146],[-81.0669,35.2139],[-81.0663,35.2153],[-81.0642,35.2176],[-81.0644,35.219],[-81.0639,35.2209],[-81.0623,35.2195],[-81.0614,35.2217],[-81.0609,35.2211],[-81.0613,35.219],[-81.0603,35.2173],[-81.0618,35.2148],[-81.0608,35.2143],[-81.0598,35.2132],[-81.059,35.2107],[-81.0588,35.2091],[-81.0578,35.208],[-81.0571,35.2077],[-81.0546,35.2045],[-81.0535,35.2056],[-81.0521,35.2058],[-81.0514,35.2076],[-81.0519,35.2084],[-81.0497,35.2098],[-81.0489,35.2117],[-81.0478,35.2118],[-81.049,35.2099],[-81.0506,35.2087],[-81.0507,35.2074],[-81.0501,35.206],[-81.0503,35.2046],[-81.0496,35.2038],[-81.0481,35.2008],[-81.0472,35.1996],[-81.0462,35.1995],[-81.0456,35.2004],[-81.0448,35.1994],[-81.0456,35.197],[-81.0446,35.1963],[-81.0437,35.1945],[-81.0429,35.1944],[-81.0418,35.1953],[-81.0408,35.1953],[-81.0406,35.1938],[-81.0385,35.1938],[-81.0379,35.1942],[-81.0373,35.1952],[-81.0376,35.1963],[-81.0365,35.1961],[-81.0368,35.1949],[-81.0357,35.1937],[-81.0355,35.1926],[-81.0341,35.192],[-81.0331,35.1931],[-81.0317,35.1922],[-81.0334,35.1908],[-81.0325,35.1896],[-81.0335,35.1892],[-81.0338,35.1885],[-81.0327,35.188],[-81.0317,35.1881],[-81.0314,35.1873],[-81.0303,35.1875],[-81.0292,35.1885],[-81.0295,35.1936],[-81.0277,35.1952],[-81.0267,35.1976],[-81.0297,35.1982],[-81.031,35.1991],[-81.0319,35.2016],[-81.0324,35.2022],[-81.0299,35.204],[-81.0287,35.2051],[-81.0279,35.2062],[-81.0299,35.2085],[-81.0326,35.2081],[-81.0324,35.2074],[-81.0344,35.2066],[-81.0352,35.2052],[-81.036,35.2061],[-81.0422,35.204],[-81.0443,35.211],[-81.0446,35.2144],[-81.0408,35.2155],[-81.0381,35.2156],[-81.0388,35.2173],[-81.0337,35.2187],[-81.0358,35.2208],[-81.0332,35.2218],[-81.0306,35.2208],[-81.0273,35.2222],[-81.0277,35.2235],[-81.0236,35.2234],[-81.0173,35.2235],[-81.0165,35.2229],[-81.0159,35.2232],[-81.0157,35.2241],[-81.0161,35.2257],[-81.0173,35.2261],[-81.0176,35.2273],[-81.0162,35.2276],[-81.0155,35.228],[-81.0143,35.2315],[-81.0141,35.2333],[-81.0134,35.2347],[-81.0135,35.2372],[-81.0125,35.2396],[-81.0126,35.2409],[-81.0138,35.2429],[-81.0127,35.2446],[-81.0117,35.2453],[-81.0112,35.2463],[-81.014,35.2469],[-81.014,35.2475],[-81.0164,35.2493],[-81.0153,35.251],[-81.0163,35.2524],[-81.0212,35.2518],[-81.021,35.2514],[-81.0221,35.25],[-81.0241,35.2506],[-81.0235,35.2515],[-81.0255,35.2513],[-81.0261,35.2557],[-81.0145,35.2565],[-81.0148,35.2574],[-81.0136,35.2575],[-81.0141,35.2584],[-81.0141,35.2721],[-81.01,35.2791],[-81.0034,35.298],[-81.001,35.2985],[-80.9997,35.2986],[-80.9925,35.2983],[-80.991,35.2984],[-80.9892,35.2991],[-80.9873,35.3004],[-80.9853,35.3004],[-80.9814,35.2993],[-80.9803,35.2989],[-80.9785,35.2978],[-80.9766,35.2957],[-80.9706,35.2916],[-80.9707,35.2905],[-80.9714,35.2825],[-80.9709,35.2803],[-80.9713,35.28],[-80.9755,35.2798],[-80.9774,35.279],[-80.9772,35.278],[-80.9759,35.2761],[-80.9742,35.2753],[-80.9734,35.2754],[-80.9727,35.2746],[-80.9736,35.2736],[-80.9745,35.2736],[-80.976,35.273],[-80.9763,35.2719],[-80.9746,35.27],[-80.976,35.2689],[-80.9754,35.2652],[-80.9756,35.2634],[-80.9739,35.263],[-80.9723,35.2609],[-80.9703,35.2612],[-80.97,35.2598],[-80.9693,35.2509],[-80.9694,35.2485],[-80.97,35.2402],[-80.9708,35.2343],[-80.9708,35.2307],[-80.971,35.2285],[-80.9712,35.2257],[-80.9707,35.2234],[-80.9722,35.2231],[-80.9709,35.2217],[-80.9708,35.2202],[-80.9697,35.2193],[-80.9692,35.2155],[-80.97,35.2156],[-80.9724,35.2151],[-80.9743,35.2143],[-80.9736,35.2134],[-80.973,35.2137],[-80.9719,35.213],[-80.9709,35.213],[-80.9689,35.212],[-80.9685,35.2078],[-80.9685,35.2069],[-80.9699,35.2071],[-80.9728,35.209],[-80.9738,35.207],[-80.9755,35.2075],[-80.973,35.2048],[-80.9718,35.2047],[-80.9713,35.2042],[-80.9715,35.2034],[-80.9686,35.2033],[-80.9687,35.1962],[-80.9692,35.1878],[-80.9705,35.1878],[-80.971,35.1867],[-80.9705,35.1847],[-80.9701,35.1841],[-80.9707,35.1831],[-80.9708,35.1822],[-80.9734,35.1824],[-80.9756,35.1834],[-80.9767,35.1829],[-80.977,35.1808],[-80.9785,35.1802],[-80.9786,35.178],[-80.9801,35.177],[-80.9819,35.1766],[-80.9817,35.1761],[-80.9842,35.1746],[-80.9836,35.1727],[-80.9857,35.1726],[-80.9861,35.1713],[-80.9868,35.171],[-80.9868,35.1699],[-80.9854,35.1702],[-80.9846,35.1682],[-80.9826,35.1673],[-80.9805,35.1671],[-80.9796,35.1675],[-80.978,35.1691],[-80.9765,35.1701],[-80.9777,35.1713],[-80.9771,35.1726],[-80.9777,35.1728],[-80.9765,35.1746],[-80.9728,35.1751],[-80.9721,35.1753],[-80.97,35.1754],[-80.9698,35.1806],[-80.9702,35.1825],[-80.9693,35.1836],[-80.9695,35.1776],[-80.9696,35.1735],[-80.9689,35.1711],[-80.9678,35.1691],[-80.9669,35.168],[-80.9655,35.1669],[-80.967,35.1654],[-80.9679,35.1659],[-80.9686,35.1674],[-80.9684,35.1678],[-80.9687,35.1697],[-80.9697,35.1722],[-80.9717,35.1721],[-80.9732,35.1717],[-80.9746,35.1711],[-80.9736,35.1693],[-80.9737,35.1663],[-80.9733,35.1651],[-80.9723,35.1639],[-80.9729,35.1636],[-80.974,35.1648],[-80.9757,35.1656],[-80.9765,35.1664],[-80.9785,35.1656],[-80.9811,35.1657],[-80.9823,35.1649],[-80.9832,35.1653],[-80.9857,35.1658],[-80.9872,35.1651],[-80.9888,35.1676],[-80.9894,35.1682],[-80.991,35.1687],[-80.9924,35.1678],[-80.9945,35.168],[-80.9953,35.169],[-80.9965,35.1694],[-80.998,35.1682],[-80.998,35.1666],[-80.9992,35.1645],[-81.0003,35.1642],[-80.9993,35.1629],[-81.003,35.1645],[-81.0043,35.1641],[-81.0056,35.1641],[-81.0057,35.1634],[-81.005,35.1608],[-81.0054,35.1596],[-81.0049,35.1578],[-81.0036,35.1576],[-81.0038,35.1568],[-81.0053,35.157],[-81.0065,35.155],[-81.0087,35.1531],[-81.0085,35.1517],[-81.0089,35.1509],[-81.0075,35.1507],[-81.0059,35.1516],[-81.0045,35.152],[-81.0038,35.1531],[-81.0038,35.1542],[-81.0026,35.1551],[-81.0004,35.1553],[-81.0007,35.1546],[-81.0027,35.1544],[-81.0025,35.152],[-81.0041,35.1513],[-81.005,35.15],[-81.0033,35.1495],[-81.0029,35.1484],[-81.0018,35.148],[-81.0019,35.1473],[-81.0013,35.1466],[-81.0027,35.1451],[-81.0038,35.1447],[-81.0062,35.1446],[-81.0076,35.1442],[-81.0091,35.1418],[-81.0102,35.1378],[-81.0106,35.1371],[-81.0136,35.1342],[-81.0142,35.133],[-81.0153,35.1277],[-81.0153,35.1266],[-81.0148,35.1236],[-81.0145,35.1224],[-81.0135,35.1216],[-81.0104,35.1205],[-81.0063,35.1172],[-81.0053,35.1163],[-81.0047,35.115],[-81.0044,35.1128],[-81.0048,35.1114],[-81.0082,35.1063],[-81.0084,35.1053],[-81.0082,35.1025],[-81.0074,35.0992],[-81.0053,35.0949],[-81.0076,35.0889],[-81.0047,35.0841],[-81.0043,35.0839],[-81.0003,35.0838],[-80.9978,35.0845],[-80.9953,35.0859],[-80.9944,35.0862],[-80.9924,35.0864],[-80.9908,35.0817],[-80.9957,35.0813],[-80.9955,35.0788],[-80.9901,35.0796],[-80.9891,35.0765],[-80.9892,35.0746],[-80.9902,35.0681],[-80.9913,35.0636],[-80.9915,35.062],[-80.992,35.0549],[-80.9919,35.0516],[-80.9915,35.0493],[-80.9908,35.0479],[-80.9892,35.0461],[-80.9755,35.0358],[-80.9736,35.0347],[-80.9711,35.0337],[-80.9694,35.0327],[-80.9693,35.036],[-80.9711,35.0418],[-80.9714,35.0434],[-80.9712,35.0478],[-80.9687,35.0565],[-80.9681,35.0577],[-80.9663,35.0595],[-80.9638,35.0613],[-80.9561,35.0609],[-80.9546,35.0634],[-80.9341,35.0908],[-80.9334,35.0919],[-80.9359,35.0948],[-80.9373,35.0957],[-80.9469,35.0995],[-80.9374,35.1057],[-80.9348,35.1073],[-80.9315,35.1037],[-80.9157,35.0867],[-80.9035,35.0735],[-80.898,35.0674],[-80.8953,35.0647],[-80.885,35.0537],[-80.8818,35.0499],[-80.8748,35.0416],[-80.8655,35.0309],[-80.8515,35.0147],[-80.8512,35.0146],[-80.8443,35.0064],[-80.8403,35.0017],[-80.8379,34.9988],[-80.8316,34.9913],[-80.8314,34.9913],[-80.8278,34.987],[-80.8214,34.9795],[-80.8208,34.9798],[-80.8204,34.9785],[-80.819,34.9769],[-80.8177,34.9775],[-80.8181,34.9793],[-80.8184,34.9839],[-80.8175,34.9839],[-80.816,34.9831],[-80.8155,34.9842],[-80.8149,34.9841],[-80.8151,34.9855],[-80.8138,34.9871],[-80.8162,34.9878],[-80.8157,34.9887],[-80.8151,34.9915],[-80.8126,34.9919],[-80.8096,34.992],[-80.8064,34.9917],[-80.802,34.9915],[-80.7984,34.9919],[-80.7959,34.9919],[-80.7938,34.9925],[-80.7922,34.9925],[-80.7899,34.9915],[-80.7918,34.9904],[-80.792,34.9889],[-80.7917,34.988],[-80.7894,34.9879],[-80.7888,34.989],[-80.7894,34.9892],[-80.7884,34.9908],[-80.7871,34.99],[-80.7876,34.9887],[-80.7861,34.9856],[-80.7784,34.9815],[-80.7783,34.9779],[-80.779,34.9778],[-80.7817,34.9793],[-80.7824,34.9783],[-80.7836,34.9796],[-80.7841,34.9794],[-80.7828,34.9765],[-80.7821,34.9766],[-80.7808,34.9733],[-80.7822,34.9723],[-80.7813,34.9701],[-80.7854,34.9703],[-80.7874,34.9707],[-80.7843,34.9739],[-80.7843,34.9765],[-80.7885,34.9774],[-80.7889,34.9763],[-80.7896,34.9764],[-80.7903,34.9742],[-80.7911,34.9733],[-80.7898,34.9728]],[[-80.7913,34.9536],[-80.7912,34.954],[-80.7893,34.954],[-80.7894,34.9532],[-80.7913,34.9536]],[[-80.7132,34.9838],[-80.7144,34.9839],[-80.7143,34.9853],[-80.7131,34.9852],[-80.7132,34.9838]],[[-80.6921,35.0231],[-80.6913,35.0234],[-80.6905,35.022],[-80.691,35.021],[-80.6921,35.0214],[-80.6915,35.0228],[-80.6921,35.0231]],[[-80.5659,35.3611],[-80.5632,35.3612],[-80.5626,35.3605],[-80.5641,35.3598],[-80.5659,35.3611]],[[-80.5844,35.1066],[-80.585,35.1084],[-80.5839,35.1086],[-80.5831,35.1071],[-80.5844,35.1066]],[[-80.6954,35.014],[-80.6948,35.0132],[-80.6958,35.0119],[-80.6964,35.0126],[-80.6963,35.0151],[-80.6947,35.0145],[-80.6954,35.014]],[[-80.6902,35.2582],[-80.6867,35.2585],[-80.69,35.2563],[-80.6902,35.2582]],[[-80.5677,35.3574],[-80.5692,35.3596],[-80.5672,35.3608],[-80.5659,35.3609],[-80.5677,35.3574]],[[-80.6522,35.0154],[-80.6521,35.0162],[-80.6507,35.0158],[-80.6491,35.0151],[-80.6513,35.0129],[-80.6527,35.0138],[-80.6517,35.0146],[-80.6522,35.0154]],[[-80.7723,34.9813],[-80.7713,34.9793],[-80.774,34.9785],[-80.7751,34.9808],[-80.7725,34.9816],[-80.7723,34.9813]],[[-80.774,34.9865],[-80.774,34.9854],[-80.7783,34.9856],[-80.7773,34.9883],[-80.7737,34.9888],[-80.774,34.9865]],[[-80.6914,35.0204],[-80.691,35.0198],[-80.6931,35.0147],[-80.6936,35.0155],[-80.6961,35.0161],[-80.6957,35.0172],[-80.6942,35.0194],[-80.693,35.0196],[-80.693,35.0203],[-80.6914,35.0204]],[[-80.7651,34.9909],[-80.7636,34.9913],[-80.7637,34.9885],[-80.7654,34.988],[-80.7664,34.9886],[-80.7686,34.9874],[-80.7697,34.9898],[-80.7704,34.9896],[-80.7704,34.9888],[-80.772,34.9892],[-80.7685,34.9902],[-80.7651,34.9909]],[[-80.7137,34.9972],[-80.707,34.9977],[-80.7076,34.9954],[-80.7082,34.995],[-80.7102,34.9926],[-80.7109,34.9933],[-80.7137,34.9972]],[[-80.6437,35.2223],[-80.6466,35.221],[-80.6486,35.2248],[-80.6493,35.2273],[-80.649,35.2273],[-80.6434,35.225],[-80.644,35.2243],[-80.643,35.2238],[-80.6429,35.2226],[-80.6437,35.2223]],[[-80.5827,35.1242],[-80.5816,35.1246],[-80.5803,35.124],[-80.5797,35.1231],[-80.5792,35.119],[-80.5803,35.1163],[-80.5809,35.1158],[-80.5804,35.1135],[-80.582,35.1134],[-80.5825,35.1147],[-80.5836,35.1138],[-80.5826,35.1134],[-80.585,35.1126],[-80.5856,35.1142],[-80.587,35.1144],[-80.5866,35.1159],[-80.5884,35.1173],[-80.5827,35.1242]],[[-80.5936,35.1207],[-80.6004,35.1267],[-80.5958,35.1302],[-80.5901,35.1335],[-80.5869,35.1358],[-80.5868,35.1327],[-80.5897,35.1327],[-80.5888,35.1302],[-80.5883,35.1276],[-80.5883,35.1266],[-80.5914,35.1281],[-80.5929,35.1266],[-80.5849,35.1232],[-80.5879,35.1194],[-80.5899,35.12],[-80.5907,35.1188],[-80.5936,35.1207]],[[-80.5731,35.0639],[-80.5711,35.0644],[-80.5711,35.0624],[-80.5699,35.0624],[-80.5698,35.0684],[-80.5628,35.0685],[-80.5624,35.068],[-80.555,35.0678],[-80.5539,35.0646],[-80.5556,35.0645],[-80.5557,35.0628],[-80.553,35.0627],[-80.551,35.06],[-80.55,35.0567],[-80.5497,35.0538],[-80.5522,35.054],[-80.5523,35.0522],[-80.5539,35.0524],[-80.5537,35.0543],[-80.5544,35.0571],[-80.5562,35.0584],[-80.556,35.0588],[-80.5629,35.0592],[-80.5627,35.0624],[-80.5697,35.0605],[-80.5746,35.0604],[-80.5742,35.059],[-80.5749,35.0563],[-80.5775,35.056],[-80.5772,35.0548],[-80.5784,35.0546],[-80.578,35.0538],[-80.576,35.0537],[-80.5758,35.0527],[-80.5763,35.0509],[-80.5751,35.0499],[-80.5713,35.0511],[-80.5693,35.0519],[-80.5683,35.0466],[-80.5685,35.046],[-80.5698,35.0446],[-80.572,35.0473],[-80.573,35.0465],[-80.5736,35.0474],[-80.5747,35.0465],[-80.583,35.0501],[-80.5861,35.0512],[-80.5835,35.0563],[-80.5818,35.0599],[-80.5808,35.0608],[-80.5772,35.0619],[-80.5749,35.0614],[-80.5723,35.0612],[-80.5731,35.0639]],[[-80.5781,35.1116],[-80.5772,35.1126],[-80.5727,35.1115],[-80.5698,35.1107],[-80.5657,35.1097],[-80.5547,35.1078],[-80.5551,35.1071],[-80.5574,35.1041],[-80.5591,35.1046],[-80.56,35.1042],[-80.5583,35.1029],[-80.5593,35.1015],[-80.5606,35.0962],[-80.561,35.0956],[-80.5634,35.0944],[-80.5647,35.094],[-80.569,35.0913],[-80.5669,35.0889],[-80.5679,35.0885],[-80.5684,35.0875],[-80.571,35.0869],[-80.573,35.0855],[-80.5739,35.0846],[-80.5775,35.0868],[-80.5803,35.0844],[-80.5848,35.0894],[-80.5852,35.0896],[-80.585,35.0944],[-80.5839,35.0943],[-80.5836,35.0958],[-80.5832,35.0965],[-80.5823,35.0962],[-80.5804,35.0977],[-80.5808,35.0986],[-80.5805,35.1036],[-80.583,35.1026],[-80.5843,35.1025],[-80.5841,35.1041],[-80.5843,35.106],[-80.5818,35.1062],[-80.5821,35.1075],[-80.5793,35.1089],[-80.5782,35.1097],[-80.5781,35.1116]]]},"properties":{"OBJECTID":5782},"id":5782},
{"type":"Feature","geometry":{"type":"Polygon","coordinates":[[[-80.0554,36.0095],[-80.0552,36.0105],[-80.0534,36.0119],[-80.0541,36.0125],[-80.0572,36.013],[-80.0574,36.0102],[-80.0568,36.0095],[-80.0554,36.0095]]]},"properties":{"OBJECTID":5788},"id":5788},
{"type":"Feature","geometry":{"type":"Polygon","coordinates":[[[-79.713,36.054],[-79.7137,36.054],[-79.7137,36.0537],[-79.713,36.0537],[-79.713,36.054]]]},"properties":{"OBJECTID":5789},"id":5789},
{"type":"Feature","geometry":{"type":"Polygon","coordinates":[[[-78.8582,35.5742],[-78.8599,35.5745],[-78.863,35.5737],[-78.8634,35.5728],[-78.8626,35.5725],[-78.8624,35.5714],[-78.8603,35.5713],[-78.8598,35.5724],[-78.8588,35.5723],[-78.8588,35.571],[-78.8557,35.5709],[-78.8557,35.5721],[-78.8547,35.5723],[-78.8547,35.574],[-78.8558,35.5744],[-78.8572,35.5741],[-78.8582,35.5742]]]},"properties":{"OBJECTID":5790},"id":5790},
{"type":"Feature","geometry":{"type":"Polygon","coordinates":[[[-78.0557,34.27],[-78.0548,34.2712],[-78.0556,34.2716],[-78.0564,34.2703],[-78.0557,34.27]]]},"properties":{"OBJECTID":5791},"id":5791},
{"type":"Feature","geometry":{"type":"Polygon","coordinates":[[[-78.7737,35.0395],[-78.7735,35.0415],[-78.7775,35.0416],[-78.7786,35.0407],[-78.7784,35.04],[-78.7737,35.0395]]]},"properties":{"OBJECTID":5796},"id":5796},
{"type":"Feature","geometry":{"type":"Polygon","coordinates":[[[-81.3334,35.7013],[-81.3336,35.7014],[-81.3337,35.7012],[-81.3336,35.7012],[-81.3334,35.7013]]]},"properties":{"OBJECTID":5798},"id":5798},
{"type":"Feature","geometry":{"type":"Polygon","coordinates":[[[-80.0353,36.092],[-80.0325,36.0931],[-80.0325,36.0954],[-80.0347,36.0955],[-80.0352,36.0952],[-80.0359,36.0921],[-80.0353,36.092]]]},"properties":{"OBJECTID":5803},"id":5803},
{"type":"Feature","geometry":{"type":"Polygon","coordinates":[[[-79.9705,36.1359],[-79.972,36.136],[-79.9747,36.1359],[-79.974,36.1343],[-79.9739,36.1336],[-79.9731,36.1332],[-79.9723,36.1315],[-79.9716,36.131],[-79.9697,36.1313],[-79.968,36.1319],[-79.9661,36.1317],[-79.9656,36.1336],[-79.9667,36.136],[-79.9677,36.1353],[-79.9705,36.1359]]]},"properties":{"OBJECTID":5805},"id":5805},
{"type":"Feature","geometry":{"type":"Polygon","coordinates":[[[-78.9552,34.9843],[-78.9561,34.9829],[-78.9544,34.9826],[-78.9522,34.9829],[-78.9515,34.9844],[-78.9538,34.9841],[-78.9552,34.9843]]]},"properties":{"OBJECTID":5807},"id":5807},
{"type":"Feature","geometry":{"type":"Polygon","coordinates":[[[-80.0355,35.9172],[-80.0364,35.9167],[-80.0377,35.9169],[-80.0379,35.9152],[-80.0392,35.9146],[-80.038,35.914],[-80.0375,35.9153],[-80.0354,35.9158],[-80.0355,35.9172]]]},"properties":{"OBJECTID":5809},"id":5809},
{"type":"Feature","geometry":{"type":"Polygon","coordinates":[[[-80.6872,34.9947],[-80.6876,34.9945],[-80.6872,34.9939],[-80.6867,34.9938],[-80.6872,34.9947]]]},"properties":{"OBJECTID":5819},"id":5819},
{"type":"Feature","geometry":{"type":"Polygon","coordinates":[[[-80.9033,35.605],[-80.904,35.6053],[-80.9042,35.6045],[-80.9037,35.6043],[-80.9033,35.605]]]},"properties":{"OBJECTID":5820},"id":5820},
{"type":"Feature","geometry":{"type":"Polygon","coordinates":[[[-78.8286,35.5836],[-78.8285,35.5844],[-78.8291,35.5844],[-78.8293,35.5838],[-78.8286,35.5836]]]},"properties":{"OBJECTID":5826},"id":5826},
{"type":"Feature","geometry":{"type":"Polygon","coordinates":[[[-79.9334,35.9121],[-79.9335,35.9127],[-79.9345,35.9128],[-79.9348,35.9116],[-79.9354,35.9115],[-79.9356,35.9085],[-79.9342,35.9084],[-79.9342,35.909],[-79.9329,35.9089],[-79.9331,35.9099],[-79.9327,35.9106],[-79.9334,35.9121]]]},"properties":{"OBJECTID":5827},"id":5827},
{"type":"Feature","geometry":{"type":"Polygon","coordinates":[[[-78.7299,35.5883],[-78.7303,35.5893],[-78.7323,35.589],[-78.7319,35.585],[-78.7299,35.5849],[-78.7299,35.5826],[-78.729,35.582],[-78.7271,35.5818],[-78.7253,35.5819],[-78.7253,35.5835],[-78.7266,35.5835],[-78.7264,35.5883],[-78.7299,35.5883]]]},"properties":{"OBJECTID":5831},"id":5831},
{"type":"Feature","geometry":{"type":"Polygon","coordinates":[[[-79.2265,36.0793],[-79.2265,36.0798],[-79.2272,36.0795],[-79.2265,36.0793]]]},"properties":{"OBJECTID":5834},"id":5834},
{"type":"Feature","geometry":{"type":"Polygon","coordinates":[[[-79.295,36.0947],[-79.2945,36.0948],[-79.2953,36.0964],[-79.2951,36.098],[-79.2986,36.0987],[-79.2993,36.0964],[-79.2984,36.0963],[-79.2989,36.0938],[-79.2985,36.0936],[-79.295,36.0947]]]},"properties":{"OBJECTID":5835},"id":5835},
{"type":"Feature","geometry":{"type":"Polygon","coordinates":[[[-82.6597,34.5541],[-82.6653,34.5535],[-82.6656,34.5543],[-82.6678,34.5523],[-82.6704,34.5539],[-82.6697,34.5546],[-82.6727,34.5543],[-82.6721,34.558],[-82.6735,34.558],[-82.6728,34.5596],[-82.6735,34.5599],[-82.6768,34.5596],[-82.678,34.5601],[-82.6776,34.5612],[-82.6798,34.5624],[-82.6808,34.5619],[-82.6814,34.56],[-82.6823,34.5592],[-82.6779,34.5577],[-82.6788,34.5566],[-82.6803,34.5568],[-82.682,34.5542],[-82.6803,34.5541],[-82.6795,34.553],[-82.6773,34.5537],[-82.6771,34.5531],[-82.679,34.5526],[-82.6783,34.552],[-82.6796,34.5506],[-82.6824,34.5523],[-82.6824,34.5526],[-82.6806,34.5532],[-82.6829,34.5547],[-82.6834,34.5541],[-82.6824,34.5536],[-82.6827,34.5525],[-82.6843,34.552],[-82.6855,34.5526],[-82.6861,34.5534],[-82.687,34.5529],[-82.6859,34.5512],[-82.6857,34.5503],[-82.6848,34.5506],[-82.6838,34.549],[-82.6816,34.5483],[-82.6805,34.5446],[-82.6794,34.5414],[-82.6809,34.541],[-82.6819,34.543],[-82.6823,34.5445],[-82.6838,34.5442],[-82.6859,34.5419],[-82.6854,34.538],[-82.6867,34.5369],[-82.6851,34.5358],[-82.6829,34.5354],[-82.6825,34.534],[-82.681,34.5343],[-82.68,34.5336],[-82.6814,34.5318],[-82.6815,34.5305],[-82.6799,34.5278],[-82.679,34.5254],[-82.6799,34.5247],[-82.6802,34.5237],[-82.6795,34.5232],[-82.6803,34.5218],[-82.6806,34.5198],[-82.6796,34.5177],[-82.6782,34.519],[-82.6758,34.5204],[-82.6686,34.5154],[-82.6667,34.5159],[-82.6662,34.5151],[-82.6659,34.5139],[-82.6639,34.5122],[-82.6658,34.5094],[-82.6669,34.5073],[-82.6674,34.5055],[-82.6677,34.5033],[-82.6672,34.5015],[-82.6676,34.5007],[-82.6687,34.5006],[-82.6683,34.4983],[-82.6679,34.4975],[-82.6673,34.4956],[-82.665,34.4957],[-82.6649,34.4948],[-82.6683,34.4941],[-82.6694,34.4945],[-82.6686,34.4954],[-82.6683,34.4968],[-82.6692,34.497],[-82.672,34.4987],[-82.672,34.5006],[-82.6772,34.5007],[-82.678,34.5008],[-82.6784,34.4995],[-82.6797,34.4989],[-82.678,34.4971],[-82.6764,34.4945],[-82.6757,34.4924],[-82.6749,34.4914],[-82.6759,34.4908],[-82.6766,34.4919],[-82.6774,34.4914],[-82.6768,34.4907],[-82.6798,34.4888],[-82.6782,34.4863],[-82.6759,34.4873],[-82.6745,34.4889],[-82.6723,34.4873],[-82.6718,34.4882],[-82.672,34.4896],[-82.6709,34.4892],[-82.6704,34.4908],[-82.6691,34.4905],[-82.6693,34.4898],[-82.6683,34.4895],[-82.6675,34.4889],[-82.6669,34.4875],[-82.6661,34.4879],[-82.6645,34.4881],[-82.662,34.4889],[-82.6594,34.4901],[-82.658,34.4881],[-82.6571,34.488],[-82.6554,34.4898],[-82.6538,34.4892],[-82.6513,34.4888],[-82.6506,34.4884],[-82.6493,34.4887],[-82.6442,34.4891],[-82.6425,34.4898],[-82.6414,34.4906],[-82.6385,34.4921],[-82.6377,34.4897],[-82.6381,34.4881],[-82.6379,34.4874],[-82.6367,34.4865],[-82.6357,34.4895],[-82.6346,34.491],[-82.6334,34.4906],[-82.6332,34.4923],[-82.6327,34.4935],[-82.6304,34.4933],[-82.629,34.4922],[-82.6273,34.492],[-82.6255,34.4921],[-82.6235,34.4907],[-82.6226,34.4911],[-82.6221,34.492],[-82.6225,34.4927],[-82.6236,34.4933],[-82.624,34.4939],[-82.6233,34.4955],[-82.6242,34.4954],[-82.6254,34.498],[-82.6246,34.4985],[-82.6254,34.4994],[-82.621,34.4989],[-82.6178,34.4975],[-82.6198,34.4964],[-82.6151,34.4924],[-82.6185,34.4889],[-82.6192,34.488],[-82.6169,34.4871],[-82.6153,34.4885],[-82.6146,34.488],[-82.6125,34.4898],[-82.6119,34.4898],[-82.6102,34.4885],[-82.6093,34.4892],[-82.6081,34.4896],[-82.6069,34.4892],[-82.6056,34.4884],[-82.6042,34.489],[-82.6038,34.4914],[-82.6024,34.4906],[-82.6017,34.4918],[-82.6012,34.4952],[-82.6026,34.4954],[-82.6031,34.4959],[-82.6024,34.4987],[-82.6012,34.4983],[-82.6009,34.499],[-82.6051,34.5004],[-82.6037,34.5018],[-82.603,34.5021],[-82.6046,34.5047],[-82.6042,34.5058],[-82.6048,34.5064],[-82.606,34.5059],[-82.6124,34.509],[-82.6145,34.5083],[-82.6088,34.505],[-82.6098,34.5045],[-82.6149,34.5075],[-82.6157,34.506],[-82.6137,34.5047],[-82.6128,34.5036],[-82.615,34.5036],[-82.6168,34.5039],[-82.6218,34.506],[-82.62,34.5085],[-82.6173,34.5094],[-82.6162,34.5101],[-82.6151,34.5115],[-82.6193,34.5135],[-82.6204,34.5153],[-82.6211,34.5152],[-82.6217,34.5173],[-82.6203,34.5176],[-82.6175,34.5175],[-82.6175,34.5184],[-82.6198,34.5187],[-82.6216,34.5188],[-82.6219,34.5191],[-82.6239,34.5192],[-82.6235,34.5202],[-82.6219,34.5201],[-82.6206,34.5206],[-82.6202,34.5213],[-82.6176,34.5202],[-82.618,34.5211],[-82.6167,34.5221],[-82.6159,34.5232],[-82.6171,34.524],[-82.6167,34.5255],[-82.62,34.5266],[-82.6191,34.5287],[-82.6238,34.5303],[-82.6228,34.5325],[-82.6224,34.532],[-82.6182,34.5306],[-82.6176,34.5318],[-82.6169,34.5316],[-82.6158,34.534],[-82.6172,34.5344],[-82.6216,34.5352],[-82.6223,34.536],[-82.6225,34.5369],[-82.6253,34.5396],[-82.6214,34.5427],[-82.6223,34.5441],[-82.6202,34.5467],[-82.6196,34.5487],[-82.6177,34.5485],[-82.6179,34.5472],[-82.6173,34.5453],[-82.6168,34.5448],[-82.616,34.5478],[-82.6152,34.5493],[-82.6163,34.5497],[-82.6158,34.5504],[-82.6142,34.5513],[-82.6148,34.5522],[-82.6133,34.5541],[-82.6145,34.555],[-82.6148,34.5542],[-82.6187,34.5543],[-82.6226,34.5535],[-82.623,34.5514],[-82.6229,34.5506],[-82.6237,34.549],[-82.6237,34.5465],[-82.631,34.5482],[-82.6301,34.5515],[-82.6286,34.5518],[-82.6298,34.5524],[-82.6296,34.5533],[-82.6284,34.5531],[-82.6281,34.5539],[-82.6293,34.5541],[-82.6345,34.5546],[-82.6356,34.5568],[-82.6362,34.5567],[-82.6329,34.5507],[-82.634,34.5468],[-82.6331,34.5466],[-82.6338,34.5438],[-82.633,34.5437],[-82.6323,34.5447],[-82.6312,34.5445],[-82.631,34.5434],[-82.632,34.5435],[-82.6318,34.5423],[-82.6327,34.5421],[-82.6323,34.5409],[-82.6383,34.5394],[-82.639,34.541],[-82.6391,34.5418],[-82.6399,34.5438],[-82.6416,34.5436],[-82.6434,34.5479],[-82.6422,34.5482],[-82.6421,34.55],[-82.6425,34.5528],[-82.6417,34.553],[-82.6426,34.555],[-82.6455,34.5547],[-82.6471,34.5549],[-82.6473,34.5544],[-82.6466,34.5529],[-82.6457,34.5524],[-82.6442,34.5489],[-82.6462,34.5484],[-82.6493,34.5481],[-82.648,34.5502],[-82.6528,34.553],[-82.653,34.5547],[-82.6549,34.5544],[-82.6556,34.5549],[-82.6571,34.5543],[-82.6576,34.5568],[-82.6594,34.5573],[-82.659,34.5581],[-82.6604,34.5586],[-82.6597,34.5597],[-82.6592,34.5613],[-82.6602,34.5614],[-82.6608,34.5598],[-82.6615,34.559],[-82.6602,34.558],[-82.6605,34.556],[-82.6597,34.5541],[-82.6585,34.5542],[-82.6585,34.5525],[-82.6597,34.5541]]]},"properties":{"OBJECTID":5840},"id":5840},
{"type":"Feature","geometry":{"type":"Polygon","coordinates":[[[-81.2051,35.2082],[-81.2058,35.2087],[-81.2061,35.2085],[-81.2053,35.2079],[-81.2051,35.2082]]]},"properties":{"OBJECTID":5850},"id":5850},
{"type":"Feature","geometry":{"type":"Polygon","coordinates":[[[-80.5701,35.22],[-80.5698,35.221],[-80.5684,35.2224],[-80.569,35.2228],[-80.5681,35.2236],[-80.5647,35.225],[-80.5643,35.2245],[-80.5632,35.226],[-80.5647,35.2293],[-80.5633,35.2296],[-80.5626,35.2285],[-80.5613,35.2287],[-80.56,35.2275],[-80.5586,35.2271],[-80.5603,35.2242],[-80.5613,35.2248],[-80.5619,35.2237],[-80.5638,35.2223],[-80.5634,35.2212],[-80.5647,35.2201],[-80.5665,35.2193],[-80.5671,35.2209],[-80.5701,35.22],[-80.5689,35.2183],[-80.5679,35.2186],[-80.5668,35.2166],[-80.5655,35.2164],[-80.5645,35.2169],[-80.5611,35.2198],[-80.5585,35.2181],[-80.5567,35.2184],[-80.5556,35.2171],[-80.5548,35.2165],[-80.5548,35.2152],[-80.5545,35.2141],[-80.5565,35.2134],[-80.5564,35.2119],[-80.5554,35.2116],[-80.5538,35.2129],[-80.5529,35.2122],[-80.5506,35.214],[-80.5495,35.2129],[-80.5488,35.2148],[-80.5498,35.2176],[-80.5494,35.2191],[-80.5504,35.2197],[-80.553,35.2198],[-80.5541,35.2194],[-80.5561,35.2205],[-80.5578,35.221],[-80.5574,35.2221],[-80.5578,35.2226],[-80.559,35.2219],[-80.5605,35.2229],[-80.559,35.2247],[-80.5554,35.2263],[-80.5559,35.2286],[-80.5539,35.2294],[-80.5542,35.2313],[-80.5539,35.2315],[-80.5488,35.2313],[-80.5463,35.2304],[-80.5472,35.2353],[-80.5483,35.236],[-80.5495,35.2351],[-80.5505,35.2359],[-80.5518,35.2353],[-80.5517,35.2343],[-80.5522,35.234],[-80.5556,35.2362],[-80.5566,35.2344],[-80.5578,35.235],[-80.5582,35.2338],[-80.5591,35.2343],[-80.5584,35.2355],[-80.559,35.2366],[-80.5602,35.2345],[-80.5621,35.2346],[-80.5623,35.2358],[-80.5631,35.2355],[-80.5645,35.2359],[-80.5645,35.2372],[-80.568,35.2376],[-80.5682,35.2383],[-80.57,35.2383],[-80.57,35.2374],[-80.5691,35.2357],[-80.5693,35.2337],[-80.5675,35.2334],[-80.5675,35.2348],[-80.5629,35.2347],[-80.5627,35.2338],[-80.5649,35.2316],[-80.5621,35.2297],[-80.5633,35.2296],[-80.5649,35.2293],[-80.5645,35.2285],[-80.5668,35.2278],[-80.5698,35.2278],[-80.5698,35.2258],[-80.5684,35.2248],[-80.5684,35.2243],[-80.5701,35.2227],[-80.5706,35.2226],[-80.5731,35.2243],[-80.5745,35.2234],[-80.5701,35.22]]]},"properties":{"OBJECTID":5851},"id":5851},
{"type":"Feature","geometry":{"type":"Polygon","coordinates":[[[-78.704,35.6449],[-78.7066,35.645],[-78.7081,35.6448],[-78.7081,35.6442],[-78.7096,35.6443],[-78.7103,35.6427],[-78.709,35.6418],[-78.7091,35.6411],[-78.7083,35.6408],[-78.707,35.6424],[-78.7052,35.6441],[-78.704,35.6449]]]},"properties":{"OBJECTID":5852},"id":5852},
{"type":"Feature","geometry":{"type":"Polygon","coordinates":[[[-82.1915,34.2276],[-82.19,34.2281],[-82.1897,34.2273],[-82.188,34.2268],[-82.1897,34.23],[-82.1895,34.2307],[-82.1924,34.2297],[-82.1915,34.2279],[-82.1915,34.2276]]]},"properties":{"OBJECTID":5855},"id":5855},
{"type":"Feature","geometry":{"type":"Polygon","coordinates":[[[-77.447,35.5688],[-77.4478,35.5698],[-77.4481,35.5697],[-77.4473,35.5687],[-77.447,35.5688]]]},"properties":{"OBJECTID":5856},"id":5856},
{"type":"Feature","geometry":{"type":"Polygon","coordinates":[[[-78.4745,35.6665],[-78.4752,35.6671],[-78.4766,35.6686],[-78.4767,35.6682],[-78.4745,35.6665]]]},"properties":{"OBJECTID":5857},"id":5857},
{"type":"Feature","geometry":{"type":"Polygon","coordinates":[[[-81.349,35.6851],[-81.3477,35.6861],[-81.3476,35.6871],[-81.35,35.6872],[-81.349,35.6851]]]},"properties":{"OBJECTID":5860},"id":5860},
{"type":"Feature","geometry":{"type":"Polygon","coordinates":[[[-81.0744,35.207],[-81.074,35.208],[-81.0746,35.2085],[-81.0757,35.2077],[-81.0744,35.207]]]},"properties":{"OBJECTID":5862},"id":5862},
{"type":"Feature","geometry":{"type":"Polygon","coordinates":[[[-80.5449,35.3627],[-80.5459,35.3639],[-80.5445,35.3647],[-80.5456,35.366],[-80.5478,35.3647],[-80.5478,35.362],[-80.5492,35.3602],[-80.5508,35.3574],[-80.5488,35.3573],[-80.5472,35.3558],[-80.5462,35.3555],[-80.5446,35.3565],[-80.5443,35.3574],[-80.5428,35.3571],[-80.5427,35.3579],[-80.5441,35.3581],[-80.5445,35.3595],[-80.5446,35.361],[-80.5429,35.3608],[-80.5421,35.362],[-80.543,35.3624],[-80.5449,35.3627]]]},"properties":{"OBJECTID":5871},"id":5871},
{"type":"Feature","geometry":{"type":"Polygon","coordinates":[[[-77.9605,34.2352],[-77.9598,34.2363],[-77.9596,34.2375],[-77.9605,34.2377],[-77.9712,34.2384],[-77.9717,34.2366],[-77.9705,34.235],[-77.9701,34.2349],[-77.9672,34.2351],[-77.9658,34.235],[-77.9635,34.2343],[-77.9614,34.2344],[-77.9605,34.2352]]]},"properties":{"OBJECTID":5873},"id":5873},
{"type":"Feature","geometry":{"type":"Polygon","coordinates":[[[-78.492,35.6739],[-78.4933,35.6734],[-78.4952,35.673],[-78.4958,35.6715],[-78.4934,35.6712],[-78.4932,35.6729],[-78.4922,35.6727],[-78.492,35.6739]]]},"properties":{"OBJECTID":5874},"id":5874},
{"type":"Feature","geometry":{"type":"Polygon","coordinates":[[[-78.4471,35.798],[-78.4461,35.7994],[-78.446,35.8017],[-78.4458,35.8037],[-78.4465,35.8044],[-78.4487,35.8052],[-78.4487,35.8014],[-78.4512,35.8014],[-78.4535,35.7983],[-78.454,35.7972],[-78.4555,35.7975],[-78.4557,35.7969],[-78.4511,35.7968],[-78.4491,35.7956],[-78.4471,35.798]]]},"properties":{"OBJECTID":5882},"id":5882},
{"type":"Feature","geometry":{"type":"Polygon","coordinates":[[[-79.9617,36.1396],[-79.9609,36.1406],[-79.9691,36.1411],[-79.9706,36.1443],[-79.977,36.1441],[-79.9771,36.1435],[-79.9758,36.1378],[-79.974,36.1379],[-79.9723,36.1376],[-79.9711,36.1386],[-79.9703,36.1389],[-79.9677,36.1388],[-79.9664,36.1366],[-79.9661,36.1365],[-79.9636,36.1377],[-79.9617,36.1396]]]},"properties":{"OBJECTID":5883},"id":5883},
{"type":"Feature","geometry":{"type":"Polygon","coordinates":[[[-78.9355,35.6802],[-78.936,35.6808],[-78.9363,35.6807],[-78.9357,35.68],[-78.9355,35.6802]]]},"properties":{"OBJECTID":5888},"id":5888},
{"type":"Feature","geometry":{"type":"Polygon","coordinates":[[[-81.057,35.1716],[-81.0571,35.1725],[-81.0561,35.1737],[-81.0552,35.1742],[-81.0554,35.1752],[-81.062,35.1738],[-81.0621,35.1719],[-81.0663,35.1716],[-81.0657,35.171],[-81.067,35.1701],[-81.067,35.1691],[-81.0679,35.1684],[-81.0672,35.1678],[-81.0668,35.1664],[-81.0645,35.1658],[-81.064,35.1631],[-81.0629,35.1613],[-81.0637,35.1605],[-81.0643,35.1591],[-81.0638,35.1579],[-81.0626,35.1594],[-81.0608,35.1602],[-81.0601,35.1597],[-81.0584,35.1599],[-81.0568,35.1608],[-81.0582,35.1582],[-81.0581,35.1571],[-81.0559,35.1554],[-81.0581,35.1552],[-81.0588,35.1546],[-81.0585,35.154],[-81.0575,35.1535],[-81.0579,35.1525],[-81.0558,35.1518],[-81.0561,35.1505],[-81.0464,35.1499],[-81.046,35.1512],[-81.0461,35.1526],[-81.0469,35.1532],[-81.0472,35.154],[-81.046,35.1541],[-81.0453,35.1534],[-81.0435,35.1545],[-81.0426,35.1543],[-81.0423,35.1532],[-81.0413,35.154],[-81.04,35.1541],[-81.0395,35.1533],[-81.038,35.1533],[-81.0341,35.1525],[-81.0333,35.153],[-81.0342,35.1538],[-81.0356,35.156],[-81.0358,35.1577],[-81.0362,35.1589],[-81.0351,35.1605],[-81.043,35.1597],[-81.0449,35.1636],[-81.0439,35.165],[-81.0448,35.166],[-81.0478,35.1712],[-81.0515,35.1747],[-81.0557,35.1719],[-81.057,35.1716]]]},"properties":{"OBJECTID":5889},"id":5889},
{"type":"Feature","geometry":{"type":"Polygon","coordinates":[[[-78.7825,35.6917],[-78.7826,35.6917],[-78.7824,35.6912],[-78.7823,35.6911],[-78.7825,35.6917]]]},"properties":{"OBJECTID":5892},"id":5892},
{"type":"Feature","geometry":{"type":"Polygon","coordinates":[[[-80.5493,35.4979],[-80.5493,35.4967],[-80.547,35.4963],[-80.546,35.4965],[-80.5461,35.4951],[-80.5458,35.4939],[-80.5475,35.4939],[-80.5475,35.4926],[-80.5422,35.4923],[-80.5417,35.4973],[-80.5454,35.4975],[-80.5493,35.4979]]]},"properties":{"OBJECTID":5894},"id":5894},
{"type":"Feature","geometry":{"type":"Polygon","coordinates":[[[-77.9155,35.8031],[-77.9155,35.8107],[-77.9229,35.8107],[-77.924,35.8108],[-77.9327,35.8129],[-77.9356,35.813],[-77.9387,35.8139],[-77.9409,35.815],[-77.9458,35.8105],[-77.9474,35.8081],[-77.948,35.8057],[-77.9489,35.8019],[-77.9499,35.802],[-77.9515,35.8027],[-77.9514,35.8017],[-77.9499,35.8017],[-77.949,35.8014],[-77.9505,35.7952],[-77.9503,35.7912],[-77.9508,35.7912],[-77.9548,35.7927],[-77.9551,35.7915],[-77.9517,35.7906],[-77.9512,35.79],[-77.9503,35.7899],[-77.9503,35.7879],[-77.9501,35.7848],[-77.9523,35.7846],[-77.952,35.786],[-77.9536,35.7866],[-77.9539,35.7852],[-77.9551,35.7846],[-77.9545,35.7826],[-77.9532,35.7828],[-77.9535,35.7815],[-77.954,35.7808],[-77.955,35.7807],[-77.9564,35.7809],[-77.9577,35.7816],[-77.9604,35.7826],[-77.9637,35.783],[-77.9635,35.7871],[-77.9635,35.7908],[-77.9696,35.791],[-77.9697,35.7844],[-77.9712,35.7844],[-77.9712,35.7819],[-77.9736,35.7818],[-77.9751,35.7814],[-77.9933,35.7742],[-77.9936,35.7676],[-77.994,35.7672],[-78.0001,35.7663],[-77.9989,35.7651],[-77.9937,35.7651],[-77.9929,35.7644],[-77.9927,35.7631],[-77.9969,35.7626],[-77.9975,35.7631],[-78.0013,35.7652],[-78.0021,35.7651],[-78.0026,35.7659],[-78.0034,35.7659],[-78.0034,35.7694],[-78.0045,35.7693],[-78.0078,35.7684],[-78.0077,35.7664],[-78.0088,35.7666],[-78.0089,35.7693],[-78.0093,35.7694],[-78.0101,35.7676],[-78.0109,35.7666],[-78.0111,35.7642],[-78.0156,35.7648],[-78.0199,35.7649],[-78.023,35.7643],[-78.0276,35.7623],[-78.0304,35.7612],[-78.0325,35.7593],[-78.0324,35.7586],[-78.0297,35.76],[-78.0264,35.7622],[-78.0231,35.7636],[-78.0182,35.7642],[-78.0161,35.7643],[-78.0131,35.7641],[-78.0105,35.7637],[-78.0106,35.7612],[-78.0102,35.7599],[-78.0104,35.7575],[-78.0102,35.755],[-78.0075,35.755],[-78.007,35.7559],[-78.007,35.757],[-78.0034,35.757],[-78.0037,35.7595],[-78.0029,35.7618],[-78.002,35.7627],[-78.0009,35.7626],[-78.0012,35.7589],[-77.9977,35.7587],[-77.9962,35.7589],[-77.9964,35.7606],[-77.9953,35.7605],[-77.9961,35.7622],[-77.9924,35.7626],[-77.9907,35.7625],[-77.9879,35.7614],[-77.9902,35.7554],[-77.9896,35.7543],[-77.987,35.761],[-77.9845,35.7598],[-77.9855,35.7573],[-77.983,35.7591],[-77.9763,35.7553],[-77.9736,35.7528],[-77.969,35.7484],[-77.9702,35.7475],[-77.9682,35.7456],[-77.967,35.7465],[-77.9666,35.7461],[-77.9709,35.7427],[-77.9739,35.7409],[-77.9761,35.7413],[-77.9782,35.7436],[-77.9788,35.7432],[-77.9775,35.7422],[-77.978,35.7417],[-77.9898,35.7444],[-77.9911,35.7457],[-77.9863,35.749],[-77.9875,35.7497],[-77.9873,35.7505],[-77.9878,35.751],[-77.9951,35.7456],[-77.9952,35.7453],[-78.0043,35.7474],[-78.0055,35.7436],[-78.005,35.7417],[-78.0065,35.7416],[-78.0078,35.7394],[-78.0084,35.7373],[-78.0077,35.7362],[-78.007,35.7363],[-78.0056,35.7357],[-78.0058,35.7353],[-78.0012,35.7351],[-78.0017,35.7347],[-78.0025,35.7327],[-78.0035,35.7308],[-77.999,35.7308],[-77.9991,35.7311],[-77.997,35.7314],[-77.997,35.7307],[-77.9936,35.7307],[-77.9936,35.7326],[-77.985,35.7328],[-77.9815,35.7328],[-77.9816,35.7345],[-77.9827,35.7358],[-77.9821,35.7362],[-77.9802,35.7342],[-77.9811,35.7317],[-77.9823,35.7289],[-77.9836,35.7265],[-77.9863,35.7232],[-77.9931,35.714],[-77.993,35.7105],[-77.9934,35.708],[-77.9934,35.7066],[-77.9924,35.7045],[-77.9904,35.701],[-77.9897,35.6984],[-77.9897,35.6967],[-77.99,35.6954],[-77.9898,35.6924],[-77.9894,35.6898],[-77.9875,35.6852],[-77.9853,35.6852],[-77.9845,35.6841],[-77.9813,35.6825],[-77.9735,35.6753],[-77.9704,35.6723],[-77.9678,35.669],[-77.9664,35.6654],[-77.9657,35.6646],[-77.9595,35.667],[-77.9559,35.6685],[-77.9525,35.6701],[-77.9485,35.6725],[-77.9481,35.6723],[-77.9467,35.6693],[-77.9399,35.6691],[-77.9359,35.6694],[-77.9334,35.6698],[-77.9281,35.6703],[-77.9215,35.6704],[-77.9199,35.6702],[-77.9189,35.6698],[-77.9177,35.6687],[-77.9174,35.6677],[-77.9118,35.6687],[-77.9089,35.6692],[-77.9076,35.6701],[-77.9064,35.6723],[-77.904,35.6729],[-77.9023,35.673],[-77.902,35.6738],[-77.9032,35.6741],[-77.9028,35.6749],[-77.906,35.6792],[-77.907,35.6793],[-77.9073,35.6819],[-77.9066,35.684],[-77.9027,35.6838],[-77.8979,35.6834],[-77.8968,35.683],[-77.8929,35.6839],[-77.8913,35.6849],[-77.8901,35.6848],[-77.8879,35.6849],[-77.8818,35.6783],[-77.8811,35.6791],[-77.8785,35.6788],[-77.8773,35.6798],[-77.8759,35.6805],[-77.8684,35.6803],[-77.8681,35.6844],[-77.8711,35.6867],[-77.8729,35.6865],[-77.873,35.6831],[-77.8763,35.6831],[-77.8763,35.6846],[-77.8781,35.6852],[-77.879,35.6843],[-77.8857,35.6832],[-77.8859,35.6835],[-77.8866,35.6881],[-77.8901,35.6945],[-77.8872,35.6956],[-77.8866,35.697],[-77.8872,35.6986],[-77.8844,35.6992],[-77.8849,35.6975],[-77.8836,35.6954],[-77.8779,35.6956],[-77.8774,35.695],[-77.8732,35.6963],[-77.8744,35.6989],[-77.8763,35.7015],[-77.8737,35.7022],[-77.874,35.703],[-77.8746,35.7066],[-77.8737,35.7073],[-77.8736,35.7082],[-77.875,35.7094],[-77.8766,35.72],[-77.8743,35.7208],[-77.8763,35.723],[-77.877,35.7228],[-77.8782,35.7303],[-77.8769,35.7298],[-77.8777,35.7285],[-77.8766,35.728],[-77.8754,35.7287],[-77.8743,35.7299],[-77.8739,35.7312],[-77.8751,35.7316],[-77.8748,35.7328],[-77.8736,35.7324],[-77.8734,35.7333],[-77.8747,35.7336],[-77.8759,35.7343],[-77.8754,35.7355],[-77.8775,35.7361],[-77.8778,35.7365],[-77.8751,35.74],[-77.8779,35.7415],[-77.8798,35.7413],[-77.8796,35.7401],[-77.8804,35.7384],[-77.879,35.7374],[-77.8785,35.7366],[-77.8795,35.7359],[-77.8814,35.7361],[-77.881,35.737],[-77.8823,35.7371],[-77.882,35.7377],[-77.8838,35.7383],[-77.8829,35.7401],[-77.884,35.7404],[-77.8879,35.7379],[-77.8885,35.739],[-77.8872,35.7397],[-77.8882,35.7408],[-77.8886,35.742],[-77.8894,35.743],[-77.8917,35.7426],[-77.894,35.7458],[-77.8968,35.7526],[-77.8969,35.7535],[-77.899,35.7578],[-77.9011,35.7614],[-77.9015,35.7644],[-77.9013,35.7668],[-77.9008,35.7694],[-77.9008,35.7708],[-77.9035,35.7782],[-77.8941,35.7802],[-77.8942,35.7822],[-77.8982,35.7809],[-77.8991,35.783],[-77.9047,35.7818],[-77.9055,35.783],[-77.9089,35.787],[-77.9105,35.7898],[-77.9032,35.7914],[-77.9044,35.7937],[-77.9063,35.7931],[-77.9066,35.7922],[-77.9085,35.7918],[-77.9095,35.792],[-77.9102,35.7935],[-77.9107,35.7934],[-77.9101,35.792],[-77.9114,35.7916],[-77.9119,35.7921],[-77.9145,35.7983],[-77.9155,35.8031]],[[-77.9642,35.7844],[-77.9643,35.783],[-77.9655,35.7831],[-77.9655,35.7844],[-77.9642,35.7844]],[[-78.0093,35.7596],[-78.009,35.7597],[-78.0069,35.7593],[-78.0071,35.7574],[-78.0095,35.7573],[-78.0101,35.757],[-78.0101,35.7594],[-78.0093,35.7596]],[[-77.9829,35.7378],[-77.983,35.7377],[-77.9869,35.7417],[-77.9895,35.744],[-77.9783,35.7415],[-77.9829,35.7378]],[[-77.9891,35.7403],[-77.9906,35.7391],[-77.9917,35.7411],[-77.9914,35.7419],[-77.9918,35.7428],[-77.9917,35.7441],[-77.9903,35.7442],[-77.9873,35.7417],[-77.9891,35.7403]],[[-77.992,35.7459],[-77.9908,35.7446],[-77.9935,35.7452],[-77.992,35.7459]],[[-77.8778,35.7344],[-77.8774,35.7348],[-77.8759,35.7348],[-77.8761,35.733],[-77.8752,35.7329],[-77.8755,35.7317],[-77.8772,35.7318],[-77.8771,35.7328],[-77.8784,35.7329],[-77.8782,35.7341],[-77.8778,35.7344]],[[-77.9058,35.6854],[-77.9054,35.6866],[-77.9051,35.6916],[-77.9031,35.6908],[-77.9027,35.6896],[-77.9016,35.6873],[-77.9017,35.6865],[-77.9024,35.686],[-77.9058,35.6854]],[[-77.8887,35.6863],[-77.8905,35.6882],[-77.8874,35.6889],[-77.887,35.688],[-77.8865,35.6853],[-77.8877,35.6851],[-77.8887,35.6863]]]},"properties":{"OBJECTID":5895},"id":5895},
{"type":"Feature","geometry":{"type":"Polygon","coordinates":[[[-80.9321,35.7774],[-80.9322,35.778],[-80.9326,35.7779],[-80.9327,35.7773],[-80.9321,35.7774]]]},"properties":{"OBJECTID":5897},"id":5897},
{"type":"Feature","geometry":{"type":"Polygon","coordinates":[[[-79.8898,35.6612],[-79.8904,35.6612],[-79.8893,35.6635],[-79.8912,35.6641],[-79.8914,35.6635],[-79.8935,35.6615],[-79.8952,35.6583],[-79.8967,35.6584],[-79.8976,35.6528],[-79.8989,35.6481],[-79.8947,35.6466],[-79.8927,35.6507],[-79.8899,35.6499],[-79.8899,35.6525],[-79.8921,35.6524],[-79.8919,35.6579],[-79.8911,35.6583],[-79.8898,35.6612]]]},"properties":{"OBJECTID":5898},"id":5898},
{"type":"Feature","geometry":{"type":"Polygon","coordinates":[[[-78.849,35.2054],[-78.8566,35.2087],[-78.8617,35.2082],[-78.8615,35.2065],[-78.8619,35.2055],[-78.8646,35.2053],[-78.8644,35.1989],[-78.8602,35.1988],[-78.8597,35.1999],[-78.8586,35.2001],[-78.8586,35.2013],[-78.8502,35.2013],[-78.8494,35.2019],[-78.8493,35.2039],[-78.849,35.2054]]]},"properties":{"OBJECTID":5899},"id":5899},
{"type":"Feature","geometry":{"type":"Polygon","coordinates":[[[-80.8413,35.535],[-80.8416,35.5366],[-80.8451,35.5367],[-80.8472,35.5359],[-80.8467,35.5346],[-80.8413,35.535]]]},"properties":{"OBJECTID":5904},"id":5904},
{"type":"Feature","geometry":{"type":"Polygon","coordinates":[[[-81.2742,35.7875],[-81.2758,35.7875],[-81.2758,35.7861],[-81.2743,35.7856],[-81.2742,35.7875]]]},"properties":{"OBJECTID":5906},"id":5906},
{"type":"Feature","geometry":{"type":"Polygon","coordinates":[[[-81.0243,35.1784],[-81.0265,35.1779],[-81.0296,35.1765],[-81.027,35.1721],[-81.0248,35.1736],[-81.0245,35.1764],[-81.0211,35.1768],[-81.0211,35.1777],[-81.0244,35.1772],[-81.0243,35.1784]]]},"properties":{"OBJECTID":5907},"id":5907},
{"type":"Feature","geometry":{"type":"Polygon","coordinates":[[[-78.8109,35.5512],[-78.81,35.5519],[-78.8115,35.5523],[-78.8122,35.5515],[-78.8109,35.5512]]]},"properties":{"OBJECTID":5910},"id":5910},
{"type":"Feature","geometry":{"type":"Polygon","coordinates":[[[-78.7072,35.6607],[-78.7084,35.6603],[-78.7072,35.66],[-78.7072,35.6607]]]},"properties":{"OBJECTID":5912},"id":5912},
{"type":"Feature","geometry":{"type":"Polygon","coordinates":[[[-78.918,35.7774],[-78.9179,35.7778],[-78.9193,35.7779],[-78.9193,35.7773],[-78.918,35.7774]]]},"properties":{"OBJECTID":5913},"id":5913},
{"type":"Feature","geometry":{"type":"Polygon","coordinates":[[[-80.2264,35.8387],[-80.2249,35.8393],[-80.2255,35.8404],[-80.227,35.8402],[-80.2264,35.8387]]]},"properties":{"OBJECTID":5916},"id":5916},
{"type":"Feature","geometry":{"type":"Polygon","coordinates":[[[-78.7627,35.5405],[-78.7663,35.5403],[-78.7662,35.5393],[-78.7718,35.5396],[-78.7723,35.5391],[-78.7701,35.537],[-78.7692,35.5349],[-78.768,35.5336],[-78.7632,35.5337],[-78.7615,35.5369],[-78.7564,35.5395],[-78.7598,35.5395],[-78.7598,35.5404],[-78.7627,35.5405]]]},"properties":{"OBJECTID":5920},"id":5920},
{"type":"Feature","geometry":{"type":"Polygon","coordinates":[[[-82.4712,35.5522],[-82.4713,35.5516],[-82.4706,35.5518],[-82.4712,35.5522]]]},"properties":{"OBJECTID":5925},"id":5925},
{"type":"Feature","geometry":{"type":"Polygon","coordinates":[[[-80.5346,35.366],[-80.5362,35.3668],[-80.5372,35.3677],[-80.5379,35.3695],[-80.5406,35.3646],[-80.5395,35.3635],[-80.5381,35.3638],[-80.5382,35.3659],[-80.5346,35.366]]]},"properties":{"OBJECTID":5929},"id":5929},
{"type":"Feature","geometry":{"type":"Polygon","coordinates":[[[-81.2865,35.7711],[-81.2871,35.7725],[-81.2877,35.7722],[-81.2865,35.7711]]]},"properties":{"OBJECTID":5930},"id":5930},
{"type":"Feature","geometry":{"type":"Polygon","coordinates":[[[-78.7101,35.6474],[-78.7131,35.647],[-78.713,35.6464],[-78.7073,35.6463],[-78.7072,35.6469],[-78.7085,35.6474],[-78.7101,35.6474]]]},"properties":{"OBJECTID":5938},"id":5938},
{"type":"Feature","geometry":{"type":"Polygon","coordinates":[[[-80.4122,35.6949],[-80.4121,35.6932],[-80.4112,35.6929],[-80.4122,35.6949]]]},"properties":{"OBJECTID":5939},"id":5939},
{"type":"Feature","geometry":{"type":"Polygon","coordinates":[[[-78.7953,35.556],[-78.796,35.5574],[-78.7959,35.5559],[-78.7953,35.556]]]},"properties":{"OBJECTID":5945},"id":5945},
{"type":"Feature","geometry":{"type":"Polygon","coordinates":[[[-78.8062,35.5547],[-78.8062,35.5562],[-78.8066,35.5571],[-78.8084,35.5569],[-78.8068,35.5558],[-78.8062,35.5547]]]},"properties":{"OBJECTID":5946},"id":5946},
{"type":"Feature","geometry":{"type":"Polygon","coordinates":[[[-78.0549,34.2655],[-78.0543,34.2666],[-78.0567,34.2681],[-78.0575,34.267],[-78.0549,34.2655]]]},"properties":{"OBJECTID":5950},"id":5950},
{"type":"Feature","geometry":{"type":"Polygon","coordinates":[[[-78.4604,35.6744],[-78.4604,35.6758],[-78.462,35.676],[-78.4623,35.6772],[-78.467,35.6764],[-78.4664,35.6742],[-78.469,35.6739],[-78.4696,35.6761],[-78.4759,35.6745],[-78.4765,35.6705],[-78.4748,35.6701],[-78.4762,35.6684],[-78.475,35.668],[-78.4742,35.6692],[-78.4728,35.6692],[-78.4714,35.6681],[-78.4725,35.6658],[-78.4709,35.6649],[-78.4688,35.6669],[-78.4686,35.6724],[-78.4594,35.6732],[-78.4594,35.6744],[-78.4604,35.6744]]]},"properties":{"OBJECTID":5953},"id":5953},
{"type":"Feature","geometry":{"type":"Polygon","coordinates":[[[-80.8608,35.5394],[-80.8615,35.5395],[-80.8616,35.5392],[-80.8609,35.5391],[-80.8608,35.5394]]]},"properties":{"OBJECTID":5954},"id":5954},
{"type":"Feature","geometry":{"type":"Polygon","coordinates":[[[-81.2689,35.7708],[-81.2707,35.7709],[-81.2679,35.7686],[-81.2689,35.7668],[-81.2666,35.7655],[-81.2656,35.7659],[-81.2659,35.7671],[-81.2657,35.7707],[-81.2658,35.7709],[-81.2689,35.7708]]]},"properties":{"OBJECTID":5956},"id":5956},
{"type":"Feature","geometry":{"type":"Polygon","coordinates":[[[-80.825,35.5375],[-80.8255,35.5375],[-80.8264,35.5344],[-80.825,35.5335],[-80.8239,35.5334],[-80.8219,35.534],[-80.8223,35.5362],[-80.824,35.5375],[-80.825,35.5375]]]},"properties":{"OBJECTID":5960},"id":5960},
{"type":"Feature","geometry":null,"properties":{"OBJECTID":5969},"id":5969},
{"type":"Feature","geometry":{"type":"Polygon","coordinates":[[[-80.9352,35.7899],[-80.9349,35.7905],[-80.9357,35.7913],[-80.9368,35.7894],[-80.9362,35.7891],[-80.9364,35.787],[-80.9339,35.7872],[-80.9343,35.7895],[-80.9352,35.7899]]]},"properties":{"OBJECTID":5970},"id":5970},
{"type":"Feature","geometry":{"type":"Polygon","coordinates":[[[-80.5537,35.3421],[-80.5556,35.3426],[-80.5558,35.3442],[-80.5566,35.3451],[-80.5579,35.3446],[-80.561,35.3418],[-80.5627,35.3416],[-80.5643,35.3361],[-80.5614,35.3353],[-80.56,35.3351],[-80.5591,35.3356],[-80.5586,35.3372],[-80.5605,35.3385],[-80.5598,35.3399],[-80.5571,35.3382],[-80.5562,35.3389],[-80.5557,35.3385],[-80.5547,35.3399],[-80.5537,35.3421]]]},"properties":{"OBJECTID":5971},"id":5971},
{"type":"Feature","geometry":{"type":"Polygon","coordinates":[[[-81.0199,35.1918],[-81.02,35.194],[-81.0222,35.1937],[-81.0218,35.1917],[-81.0199,35.1918]]]},"properties":{"OBJECTID":5985},"id":5985},
{"type":"Feature","geometry":{"type":"Polygon","coordinates":[[[-77.4152,35.5247],[-77.4155,35.5253],[-77.4168,35.525],[-77.4166,35.5244],[-77.4152,35.5247]]]},"properties":{"OBJECTID":5987},"id":5987},
{"type":"Feature","geometry":{"type":"Polygon","coordinates":[[[-78.9332,35.6719],[-78.9325,35.6712],[-78.9312,35.6713],[-78.9314,35.6719],[-78.9332,35.6719]]]},"properties":{"OBJECTID":5988},"id":5988},
{"type":"Feature","geometry":{"type":"Polygon","coordinates":[[[-78.0556,34.2606],[-78.0579,34.2619],[-78.0597,34.2602],[-78.0621,34.2617],[-78.0628,34.261],[-78.062,34.2606],[-78.0645,34.2579],[-78.0598,34.2577],[-78.0571,34.2578],[-78.0556,34.2606]]]},"properties":{"OBJECTID":5990},"id":5990},
{"type":"Feature","geometry":{"type":"Polygon","coordinates":[[[-79.7097,36.1632],[-79.7135,36.1624],[-79.7132,36.1606],[-79.709,36.1607],[-79.7092,36.1614],[-79.7057,36.1614],[-79.7056,36.1631],[-79.7075,36.1628],[-79.7089,36.1623],[-79.7097,36.1632]]]},"properties":{"OBJECTID":5993},"id":5993},
{"type":"Feature","geometry":{"type":"Polygon","coordinates":[[[-81.0228,35.2017],[-81.0231,35.2023],[-81.0241,35.2021],[-81.0236,35.2014],[-81.0228,35.2017]]]},"properties":{"OBJECTID":5996},"id":5996},
{"type":"Feature","geometry":{"type":"Polygon","coordinates":[[[-78.0906,34.2088],[-78.0907,34.2093],[-78.0926,34.2095],[-78.0935,34.2094],[-78.0965,34.2073],[-78.0989,34.2068],[-78.1007,34.2049],[-78.102,34.2038],[-78.1042,34.2035],[-78.1054,34.203],[-78.1057,34.2007],[-78.1071,34.1975],[-78.1071,34.1963],[-78.1066,34.195],[-78.1045,34.1942],[-78.1035,34.1928],[-78.0975,34.192],[-78.0973,34.1911],[-78.0926,34.1915],[-78.0901,34.1941],[-78.0893,34.196],[-78.0917,34.1965],[-78.0913,34.1978],[-78.089,34.1973],[-78.0872,34.1978],[-78.088,34.2005],[-78.0886,34.2012],[-78.0904,34.2001],[-78.0915,34.2011],[-78.0946,34.2011],[-78.0966,34.2021],[-78.0954,34.205],[-78.094,34.206],[-78.0949,34.2068],[-78.0925,34.208],[-78.0919,34.2071],[-78.0905,34.2074],[-78.0906,34.2088]]]},"properties":{"OBJECTID":5999},"id":5999},
{"type":"Feature","geometry":{"type":"Polygon","coordinates":[[[-81.3651,35.6874],[-81.3647,35.6875],[-81.3649,35.6879],[-81.3655,35.6878],[-81.3651,35.6874]]]},"properties":{"OBJECTID":6000},"id":6000},
{"type":"Feature","geometry":{"type":"Polygon","coordinates":[[[-79.7177,36.153],[-79.7179,36.1536],[-79.7185,36.1536],[-79.7185,36.1528],[-79.7177,36.153]]]},"properties":{"OBJECTID":6003},"id":6003},
{"type":"Feature","geometry":{"type":"Polygon","coordinates":[[[-77.5685,35.3133],[-77.5697,35.3166],[-77.5704,35.3181],[-77.5712,35.319],[-77.5803,35.3282],[-77.5815,35.3295],[-77.589,35.3283],[-77.5916,35.3277],[-77.596,35.3261],[-77.5993,35.3242],[-77.6019,35.3223],[-77.5993,35.3161],[-77.5981,35.3139],[-77.5974,35.3133],[-77.605,35.3125],[-77.6122,35.3105],[-77.6196,35.3104],[-77.6207,35.3102],[-77.6247,35.3088],[-77.6271,35.3085],[-77.6315,35.3094],[-77.6348,35.3096],[-77.638,35.3094],[-77.6486,35.3079],[-77.6489,35.3078],[-77.648,35.3055],[-77.6466,35.2997],[-77.6464,35.2973],[-77.6464,35.2928],[-77.6509,35.2901],[-77.6529,35.2891],[-77.6539,35.2907],[-77.6555,35.2921],[-77.6702,35.2799],[-77.6735,35.2798],[-77.6825,35.2797],[-77.6879,35.2798],[-77.6894,35.2793],[-77.6899,35.2787],[-77.6902,35.2775],[-77.6901,35.2716],[-77.6903,35.2699],[-77.6919,35.2666],[-77.6918,35.2641],[-77.6909,35.2612],[-77.6301,35.234],[-77.6276,35.2271],[-77.6271,35.2255],[-77.6239,35.2251],[-77.621,35.2254],[-77.6197,35.2253],[-77.6177,35.2247],[-77.6144,35.224],[-77.6083,35.2218],[-77.6034,35.2193],[-77.6018,35.219],[-77.5936,35.2197],[-77.5885,35.2199],[-77.5829,35.221],[-77.5766,35.2228],[-77.576,35.2218],[-77.5752,35.2213],[-77.573,35.2231],[-77.5711,35.2243],[-77.569,35.2251],[-77.5668,35.2268],[-77.5643,35.227],[-77.5625,35.2277],[-77.5611,35.2259],[-77.5608,35.225],[-77.5586,35.2241],[-77.557,35.2228],[-77.556,35.2233],[-77.5562,35.2253],[-77.5558,35.2259],[-77.5548,35.2258],[-77.5545,35.2266],[-77.5529,35.2265],[-77.5502,35.227],[-77.5492,35.2262],[-77.5471,35.2265],[-77.547,35.2273],[-77.5462,35.2276],[-77.5442,35.2276],[-77.5439,35.2286],[-77.5432,35.2297],[-77.5323,35.243],[-77.5304,35.2501],[-77.5296,35.2511],[-77.5267,35.2536],[-77.5269,35.2765],[-77.5319,35.2822],[-77.5392,35.2829],[-77.5398,35.2868],[-77.5433,35.2935],[-77.5456,35.2956],[-77.5464,35.2971],[-77.5472,35.302],[-77.5465,35.3065],[-77.5685,35.3133]]]},"properties":{"OBJECTID":6006},"id":6006},
{"type":"Feature","geometry":{"type":"Polygon","coordinates":[[[-78.4295,35.6711],[-78.4254,35.6769],[-78.4289,35.6787],[-78.4297,35.6786],[-78.4358,35.675],[-78.4331,35.6719],[-78.4315,35.6704],[-78.4304,35.6697],[-78.4295,35.6711]]]},"properties":{"OBJECTID":6014},"id":6014},
{"type":"Feature","geometry":{"type":"Polygon","coordinates":[[[-78.0628,35.4274],[-78.062,35.4279],[-78.0629,35.4286],[-78.0637,35.428],[-78.0628,35.4274]]]},"properties":{"OBJECTID":6016},"id":6016},
{"type":"Feature","geometry":{"type":"Polygon","coordinates":[[[-80.578,35.2447],[-80.5777,35.2438],[-80.5791,35.2437],[-80.5793,35.2409],[-80.584,35.2395],[-80.584,35.2392],[-80.5795,35.2388],[-80.5784,35.2382],[-80.5797,35.2365],[-80.5769,35.2369],[-80.5765,35.2377],[-80.5753,35.2374],[-80.5756,35.2396],[-80.5764,35.244],[-80.5775,35.2438],[-80.578,35.2447]]]},"properties":{"OBJECTID":6018},"id":6018},
{"type":"Feature","geometry":{"type":"Polygon","coordinates":[[[-77.4489,35.5678],[-77.4497,35.5688],[-77.4502,35.5685],[-77.4495,35.5675],[-77.4489,35.5678]]]},"properties":{"OBJECTID":6020},"id":6020},
{"type":"Feature","geometry":{"type":"Polygon","coordinates":[[[-78.471,35.6627],[-78.4707,35.6629],[-78.4716,35.6636],[-78.4714,35.6627],[-78.471,35.6627]]]},"properties":{"OBJECTID":6021},"id":6021},
{"type":"Feature","geometry":{"type":"Polygon","coordinates":[[[-81.2853,35.7801],[-81.2852,35.7803],[-81.2859,35.7804],[-81.286,35.7801],[-81.2853,35.7801]]]},"properties":{"OBJECTID":6023},"id":6023},
{"type":"Feature","geometry":{"type":"Polygon","coordinates":[[[-77.3766,35.5178],[-77.3786,35.5179],[-77.3779,35.5167],[-77.3763,35.5166],[-77.3766,35.5178]]]},"properties":{"OBJECTID":6024},"id":6024},
{"type":"Feature","geometry":{"type":"Polygon","coordinates":[[[-80.8187,35.7682],[-80.821,35.7682],[-80.8214,35.7674],[-80.8215,35.7662],[-80.8219,35.765],[-80.8255,35.7651],[-80.8258,35.7618],[-80.8238,35.7615],[-80.8243,35.7606],[-80.826,35.7596],[-80.8244,35.759],[-80.8204,35.7572],[-80.8198,35.7588],[-80.8224,35.7593],[-80.8214,35.7611],[-80.8238,35.7615],[-80.8223,35.7643],[-80.8207,35.764],[-80.8188,35.764],[-80.8187,35.7682]]]},"properties":{"OBJECTID":6025},"id":6025},
{"type":"Feature","geometry":{"type":"Polygon","coordinates":[[[-78.9384,35.6789],[-78.9374,35.6798],[-78.9386,35.6807],[-78.9389,35.6792],[-78.9384,35.6789]]]},"properties":{"OBJECTID":6026},"id":6026},
{"type":"Feature","geometry":{"type":"Polygon","coordinates":[[[-78.7555,35.5693],[-78.7578,35.5694],[-78.7579,35.5683],[-78.7567,35.5683],[-78.7553,35.568],[-78.7555,35.5693]]]},"properties":{"OBJECTID":6028},"id":6028},
{"type":"Feature","geometry":{"type":"Polygon","coordinates":[[[-78.7174,35.651],[-78.7203,35.651],[-78.7236,35.6439],[-78.7205,35.6439],[-78.7205,35.6443],[-78.7188,35.6446],[-78.7184,35.6459],[-78.7182,35.648],[-78.7176,35.6492],[-78.7178,35.65],[-78.7174,35.651]]]},"properties":{"OBJECTID":6031},"id":6031},
{"type":"Feature","geometry":{"type":"Polygon","coordinates":[[[-78.5033,35.8287],[-78.5038,35.8288],[-78.5039,35.8236],[-78.4992,35.8237],[-78.4991,35.8286],[-78.5033,35.8284],[-78.5033,35.8287]]]},"properties":{"OBJECTID":6032},"id":6032},
{"type":"Feature","geometry":null,"properties":{"OBJECTID":6034},"id":6034},
{"type":"Feature","geometry":{"type":"Polygon","coordinates":[[[-80.6524,35.2783],[-80.6547,35.2804],[-80.6577,35.2791],[-80.6583,35.2772],[-80.6602,35.2779],[-80.6627,35.277],[-80.6629,35.2706],[-80.6675,35.2703],[-80.6672,35.2689],[-80.6665,35.2679],[-80.6592,35.2643],[-80.6593,35.2646],[-80.6534,35.2646],[-80.6534,35.2655],[-80.6517,35.2656],[-80.6517,35.2646],[-80.648,35.2647],[-80.647,35.2659],[-80.6486,35.2661],[-80.6488,35.267],[-80.6486,35.2722],[-80.6527,35.2721],[-80.6511,35.2766],[-80.6511,35.2771],[-80.6524,35.2783]],[[-80.664,35.2671],[-80.664,35.2678],[-80.6628,35.2678],[-80.6628,35.2668],[-80.664,35.2671]]]},"properties":{"OBJECTID":6035},"id":6035},
{"type":"Feature","geometry":{"type":"Polygon","coordinates":[[[-78.6835,35.6566],[-78.6872,35.6567],[-78.6875,35.655],[-78.6824,35.6549],[-78.6824,35.6566],[-78.6835,35.6566]]]},"properties":{"OBJECTID":6045},"id":6045},
{"type":"Feature","geometry":{"type":"Polygon","coordinates":[[[-80.8221,35.7679],[-80.8222,35.7683],[-80.8231,35.7681],[-80.8228,35.7675],[-80.8221,35.7679]]]},"properties":{"OBJECTID":6047},"id":6047},
{"type":"Feature","geometry":{"type":"Polygon","coordinates":[[[-79.8209,35.653],[-79.8207,35.6539],[-79.8222,35.6541],[-79.8224,35.653],[-79.8209,35.653]]]},"properties":{"OBJECTID":6048},"id":6048},
{"type":"Feature","geometry":{"type":"Polygon","coordinates":[[[-81.02,35.1831],[-81.0217,35.1835],[-81.0217,35.1831],[-81.02,35.1831]]]},"properties":{"OBJECTID":6049},"id":6049},
{"type":"Feature","geometry":{"type":"Polygon","coordinates":[[[-77.337,35.6447],[-77.3386,35.644],[-77.3328,35.638],[-77.3311,35.6386],[-77.3308,35.6379],[-77.332,35.6372],[-77.3316,35.6367],[-77.3304,35.6374],[-77.3286,35.6367],[-77.3288,35.6358],[-77.327,35.6353],[-77.3265,35.6363],[-77.33,35.6379],[-77.3305,35.6398],[-77.3319,35.6402],[-77.3334,35.6422],[-77.336,35.6437],[-77.337,35.6447]]]},"properties":{"OBJECTID":6058},"id":6058},
{"type":"Feature","geometry":{"type":"Polygon","coordinates":[[[-77.9732,35.3188],[-77.9735,35.319],[-77.9738,35.3186],[-77.9735,35.3184],[-77.9732,35.3188]]]},"properties":{"OBJECTID":6061},"id":6061},
{"type":"Feature","geometry":{"type":"Polygon","coordinates":[[[-80.8603,35.8569],[-80.8607,35.8577],[-80.8618,35.8574],[-80.8614,35.8567],[-80.8603,35.8569]]]},"properties":{"OBJECTID":6063},"id":6063},
{"type":"Feature","geometry":{"type":"Polygon","coordinates":[[[-77.2916,35.5187],[-77.2933,35.5193],[-77.2926,35.5202],[-77.2911,35.5196],[-77.2916,35.5187],[-77.2904,35.5181],[-77.2897,35.5186],[-77.2866,35.518],[-77.2853,35.5203],[-77.2884,35.5215],[-77.2927,35.5215],[-77.2915,35.5223],[-77.2874,35.5236],[-77.2878,35.5268],[-77.2905,35.5328],[-77.292,35.5332],[-77.2923,35.5318],[-77.2962,35.5271],[-77.2963,35.5251],[-77.2991,35.5213],[-77.2998,35.5215],[-77.3008,35.5208],[-77.3027,35.519],[-77.3007,35.5175],[-77.2982,35.5166],[-77.2996,35.5148],[-77.3002,35.5129],[-77.2909,35.5129],[-77.2913,35.5137],[-77.2929,35.5153],[-77.2932,35.5166],[-77.2924,35.5165],[-77.2916,35.5187]],[[-77.296,35.5203],[-77.2939,35.5195],[-77.2951,35.5175],[-77.2983,35.5191],[-77.2971,35.5207],[-77.296,35.5203]]]},"properties":{"OBJECTID":6064},"id":6064},
{"type":"Feature","geometry":{"type":"Polygon","coordinates":[[[-81.3308,35.6763],[-81.3301,35.6775],[-81.3309,35.6786],[-81.332,35.6768],[-81.3308,35.6763]]]},"properties":{"OBJECTID":6072},"id":6072},
{"type":"Feature","geometry":{"type":"Polygon","coordinates":[[[-80.5836,35.2498],[-80.5826,35.2537],[-80.5838,35.2551],[-80.586,35.2568],[-80.5865,35.2528],[-80.5854,35.2482],[-80.5878,35.248],[-80.588,35.2476],[-80.5858,35.2457],[-80.584,35.2468],[-80.5852,35.2477],[-80.5842,35.2483],[-80.5855,35.2496],[-80.5836,35.2498]]]},"properties":{"OBJECTID":6077},"id":6077},
{"type":"Feature","geometry":{"type":"Polygon","coordinates":[[[-82.1302,36.6754],[-82.1311,36.6766],[-82.1323,36.6768],[-82.1318,36.6756],[-82.1308,36.6748],[-82.13,36.6718],[-82.1294,36.671],[-82.13,36.67],[-82.1321,36.6703],[-82.1353,36.6703],[-82.1358,36.6707],[-82.1392,36.6702],[-82.1403,36.6707],[-82.1416,36.6706],[-82.1446,36.6717],[-82.1445,36.67],[-82.1433,36.6702],[-82.1411,36.6697],[-82.1391,36.6695],[-82.136,36.6695],[-82.1339,36.6693],[-82.1309,36.6682],[-82.1312,36.667],[-82.1303,36.6655],[-82.1292,36.6629],[-82.1282,36.6622],[-82.127,36.6619],[-82.126,36.6599],[-82.1248,36.6582],[-82.1216,36.6583],[-82.121,36.6577],[-82.1233,36.6559],[-82.1226,36.6554],[-82.124,36.6545],[-82.125,36.6548],[-82.1267,36.6535],[-82.1244,36.6508],[-82.1181,36.6514],[-82.1167,36.6496],[-82.1208,36.6478],[-82.122,36.6469],[-82.1257,36.6507],[-82.127,36.6496],[-82.1284,36.6505],[-82.1287,36.6495],[-82.1279,36.6469],[-82.1258,36.647],[-82.1251,36.6464],[-82.1244,36.6447],[-82.1219,36.6461],[-82.1204,36.6444],[-82.1162,36.6406],[-82.1143,36.6384],[-82.1191,36.6369],[-82.1224,36.6345],[-82.1351,36.6346],[-82.1372,36.6329],[-82.1404,36.6381],[-82.1519,36.6334],[-82.1552,36.6319],[-82.1586,36.6306],[-82.1581,36.6269],[-82.162,36.6269],[-82.1701,36.6275],[-82.1771,36.6273],[-82.1793,36.627],[-82.1807,36.6263],[-82.1843,36.6241],[-82.1871,36.6229],[-82.1881,36.6222],[-82.1924,36.6207],[-82.195,36.6194],[-82.2047,36.6143],[-82.2073,36.6129],[-82.2097,36.6121],[-82.2108,36.6112],[-82.2146,36.6096],[-82.2188,36.6075],[-82.2196,36.6073],[-82.223,36.6056],[-82.2241,36.6054],[-82.2244,36.6049],[-82.2282,36.6035],[-82.2312,36.6037],[-82.2329,36.6048],[-82.2337,36.6044],[-82.2329,36.6026],[-82.2329,36.6018],[-82.2338,36.6001],[-82.244,36.5956],[-82.2534,36.5956],[-82.2619,36.5956],[-82.2693,36.5956],[-82.2857,36.5957],[-82.2856,36.5943],[-82.2852,36.594],[-82.2884,36.591],[-82.2909,36.5888],[-82.293,36.5859],[-82.2931,36.5851],[-82.3044,36.5799],[-82.3071,36.5789],[-82.3083,36.5786],[-82.3106,36.5786],[-82.3135,36.5796],[-82.3132,36.5756],[-82.3132,36.574],[-82.315,36.5733],[-82.3172,36.5718],[-82.3174,36.5712],[-82.3169,36.5693],[-82.3152,36.5678],[-82.3129,36.5668],[-82.3108,36.5661],[-82.3094,36.563],[-82.3037,36.5653],[-82.2926,36.5705],[-82.2927,36.5699],[-82.2941,36.5687],[-82.2922,36.5667],[-82.293,36.5656],[-82.2936,36.564],[-82.2934,36.563],[-82.2902,36.5606],[-82.288,36.5513],[-82.2912,36.5496],[-82.2903,36.5478],[-82.2885,36.5436],[-82.2884,36.5421],[-82.2886,36.5405],[-82.2877,36.5384],[-82.2881,36.5361],[-82.2877,36.5349],[-82.2871,36.5341],[-82.2846,36.5322],[-82.2835,36.5318],[-82.2811,36.5321],[-82.2791,36.5331],[-82.2774,36.5331],[-82.2738,36.5325],[-82.2696,36.5322],[-82.2675,36.5309],[-82.2663,36.531],[-82.2649,36.5282],[-82.2639,36.5258],[-82.2637,36.5249],[-82.2661,36.5244],[-82.2682,36.5284],[-82.2746,36.5256],[-82.2722,36.5228],[-82.2748,36.5224],[-82.2761,36.5243],[-82.2777,36.5238],[-82.2767,36.522],[-82.2805,36.5214],[-82.2815,36.5209],[-82.2826,36.5196],[-82.283,36.5181],[-82.2877,36.5188],[-82.287,36.5198],[-82.2892,36.5206],[-82.2907,36.5208],[-82.2926,36.5207],[-82.2938,36.5217],[-82.2952,36.5221],[-82.303,36.5235],[-82.3115,36.5242],[-82.313,36.526],[-82.3157,36.5263],[-82.3156,36.5266],[-82.3198,36.5269],[-82.3198,36.5248],[-82.3172,36.5246],[-82.3166,36.5228],[-82.3151,36.5232],[-82.3115,36.523],[-82.3096,36.5219],[-82.3088,36.5207],[-82.3075,36.5195],[-82.3065,36.5176],[-82.3095,36.5156],[-82.308,36.5134],[-82.3076,36.5141],[-82.3058,36.5144],[-82.2977,36.5139],[-82.2938,36.5145],[-82.2884,36.5167],[-82.2866,36.5137],[-82.2831,36.5173],[-82.2793,36.5143],[-82.2786,36.5132],[-82.2846,36.51],[-82.2836,36.5083],[-82.2822,36.5089],[-82.2808,36.5058],[-82.2824,36.5053],[-82.2866,36.5027],[-82.2892,36.5019],[-82.2902,36.5013],[-82.2913,36.5021],[-82.293,36.502],[-82.295,36.5051],[-82.2989,36.5035],[-82.2974,36.5009],[-82.2981,36.5007],[-82.2962,36.4982],[-82.2936,36.4987],[-82.2934,36.5004],[-82.2927,36.5007],[-82.2916,36.5004],[-82.291,36.5008],[-82.2881,36.4969],[-82.2843,36.4986],[-82.2867,36.5018],[-82.2868,36.5023],[-82.2821,36.5051],[-82.2799,36.5057],[-82.2785,36.505],[-82.2778,36.505],[-82.2749,36.5061],[-82.2733,36.5068],[-82.2715,36.5069],[-82.2695,36.5052],[-82.2661,36.5045],[-82.2625,36.5041],[-82.2622,36.5025],[-82.2616,36.5007],[-82.2617,36.4967],[-82.2616,36.4958],[-82.2607,36.4957],[-82.2593,36.4959],[-82.2572,36.4974],[-82.2576,36.4985],[-82.2501,36.5014],[-82.247,36.5039],[-82.2465,36.5046],[-82.2466,36.5069],[-82.2457,36.5072],[-82.2422,36.5073],[-82.2392,36.5064],[-82.236,36.5059],[-82.2345,36.5064],[-82.2322,36.5065],[-82.2279,36.5082],[-82.225,36.5096],[-82.2237,36.51],[-82.2201,36.5106],[-82.218,36.5105],[-82.2173,36.5101],[-82.2172,36.5092],[-82.2157,36.5069],[-82.2112,36.5099],[-82.2064,36.5124],[-82.2044,36.5137],[-82.2014,36.5159],[-82.1966,36.5187],[-82.1958,36.5197],[-82.1919,36.5241],[-82.1906,36.5249],[-82.1872,36.5258],[-82.1842,36.5277],[-82.1827,36.5285],[-82.1797,36.5298],[-82.1758,36.5308],[-82.1726,36.5316],[-82.1652,36.5324],[-82.1621,36.5332],[-82.1614,36.5359],[-82.16,36.5367],[-82.1547,36.5382],[-82.1525,36.539],[-82.1464,36.5405],[-82.1444,36.5406],[-82.1426,36.5411],[-82.1403,36.5404],[-82.1381,36.5404],[-82.1376,36.5409],[-82.1398,36.5414],[-82.1406,36.5424],[-82.1402,36.5444],[-82.1403,36.5509],[-82.1399,36.5519],[-82.1412,36.5525],[-82.146,36.554],[-82.1492,36.5547],[-82.1493,36.5561],[-82.1487,36.5569],[-82.1484,36.5582],[-82.1415,36.5653],[-82.1392,36.5639],[-82.1382,36.5626],[-82.1374,36.562],[-82.1335,36.5624],[-82.133,36.5634],[-82.1349,36.5654],[-82.1376,36.5688],[-82.1388,36.5711],[-82.1066,36.5885],[-82.1063,36.5885],[-82.1039,36.5873],[-82.1055,36.5856],[-82.1038,36.5835],[-82.098,36.5871],[-82.0979,36.5883],[-82.1005,36.588],[-82.1019,36.5896],[-82.0978,36.5934],[-82.0963,36.5947],[-82.1013,36.5948],[-82.1086,36.5947],[-82.1144,36.5946],[-82.1244,36.5945],[-82.1276,36.5948],[-82.1461,36.5947],[-82.1292,36.6124],[-82.1127,36.6251],[-82.1106,36.6268],[-82.1057,36.6288],[-82.1132,36.6377],[-82.1109,36.6384],[-82.1102,36.6396],[-82.11,36.6406],[-82.1078,36.6422],[-82.1066,36.6448],[-82.1051,36.6458],[-82.1031,36.6467],[-82.1041,36.6481],[-82.1042,36.651],[-82.1074,36.6512],[-82.1103,36.6496],[-82.1113,36.6507],[-82.1167,36.6561],[-82.1175,36.6557],[-82.1194,36.6578],[-82.1207,36.6578],[-82.121,36.6583],[-82.1198,36.6591],[-82.1171,36.6601],[-82.1161,36.6612],[-82.1145,36.662],[-82.1142,36.6647],[-82.1167,36.6678],[-82.1196,36.6697],[-82.1218,36.6714],[-82.1226,36.6708],[-82.1241,36.6727],[-82.1247,36.6731],[-82.1255,36.6725],[-82.1274,36.6728],[-82.1276,36.6737],[-82.1291,36.6752],[-82.1302,36.6754]]]},"properties":{"OBJECTID":6078},"id":6078},
{"type":"Feature","geometry":{"type":"Polygon","coordinates":[[[-78.0577,34.2137],[-78.0576,34.2148],[-78.0587,34.2148],[-78.0611,34.2143],[-78.0605,34.2121],[-78.0591,34.2114],[-78.0588,34.2101],[-78.058,34.2095],[-78.0583,34.2063],[-78.0562,34.2056],[-78.0545,34.2096],[-78.0579,34.2108],[-78.0577,34.2137]]]},"properties":{"OBJECTID":6085},"id":6085},
{"type":"Feature","geometry":{"type":"Polygon","coordinates":[[[-80.0477,36.1396],[-80.0495,36.1405],[-80.0511,36.1384],[-80.0504,36.1382],[-80.0513,36.1368],[-80.0521,36.1371],[-80.053,36.1355],[-80.0502,36.136],[-80.0502,36.1366],[-80.0485,36.1369],[-80.0477,36.1376],[-80.0477,36.1396]]]},"properties":{"OBJECTID":6088},"id":6088},
{"type":"Feature","geometry":{"type":"Polygon","coordinates":[[[-79.7353,32.8853],[-79.7354,32.8856],[-79.7359,32.8852],[-79.7357,32.885],[-79.7353,32.8853]]]},"properties":{"OBJECTID":6092},"id":6092},
{"type":"Feature","geometry":{"type":"Polygon","coordinates":[[[-80.8743,35.8271],[-80.8736,35.8269],[-80.874,35.8251],[-80.8729,35.825],[-80.8726,35.8269],[-80.8743,35.8271]]]},"properties":{"OBJECTID":6094},"id":6094},
{"type":"Feature","geometry":{"type":"Polygon","coordinates":[[[-81.1435,35.1843],[-81.1393,35.1835],[-81.138,35.186],[-81.1361,35.188],[-81.1332,35.1906],[-81.1315,35.1913],[-81.1297,35.1933],[-81.1277,35.1948],[-81.1267,35.1961],[-81.1249,35.1969],[-81.1241,35.1978],[-81.1234,35.1994],[-81.1225,35.2003],[-81.1185,35.2022],[-81.1127,35.2052],[-81.1111,35.2055],[-81.1096,35.2064],[-81.1079,35.2077],[-81.1076,35.2088],[-81.1057,35.2082],[-81.1039,35.208],[-81.1032,35.2083],[-81.1024,35.2058],[-81.1017,35.2042],[-81.1036,35.2017],[-81.1048,35.2015],[-81.1053,35.2006],[-81.1029,35.1971],[-81.1054,35.1964],[-81.1052,35.1942],[-81.0986,35.1954],[-81.0981,35.1936],[-81.0964,35.1939],[-81.0961,35.1922],[-81.0954,35.1924],[-81.095,35.1908],[-81.093,35.1897],[-81.0908,35.1906],[-81.0889,35.1877],[-81.0879,35.1878],[-81.0892,35.1897],[-81.0885,35.1932],[-81.0879,35.1938],[-81.0878,35.195],[-81.0887,35.1951],[-81.0894,35.1968],[-81.0914,35.1985],[-81.0901,35.2016],[-81.095,35.2035],[-81.097,35.2058],[-81.095,35.2053],[-81.0944,35.206],[-81.0959,35.2073],[-81.0925,35.2078],[-81.0908,35.2074],[-81.0889,35.2074],[-81.0878,35.2078],[-81.0856,35.2078],[-81.0856,35.2088],[-81.0851,35.2097],[-81.0841,35.2108],[-81.0854,35.2118],[-81.0849,35.2135],[-81.083,35.2165],[-81.0835,35.219],[-81.0854,35.2207],[-81.0865,35.2212],[-81.0909,35.2207],[-81.0935,35.2203],[-81.0957,35.2207],[-81.1012,35.223],[-81.1,35.2267],[-81.0983,35.2289],[-81.0977,35.2303],[-81.0979,35.2319],[-81.1,35.2366],[-81.1001,35.2372],[-81.0987,35.2415],[-81.0976,35.2436],[-81.0953,35.2431],[-81.0953,35.2446],[-81.0948,35.2454],[-81.0923,35.247],[-81.0915,35.248],[-81.0921,35.2484],[-81.0921,35.2518],[-81.0964,35.254],[-81.0967,35.2516],[-81.0975,35.2501],[-81.0977,35.2477],[-81.0994,35.2471],[-81.0998,35.2461],[-81.1023,35.2468],[-81.1023,35.2501],[-81.1033,35.2518],[-81.1033,35.2523],[-81.1077,35.2534],[-81.1072,35.2566],[-81.1092,35.2582],[-81.1117,35.2585],[-81.1109,35.2591],[-81.1113,35.26],[-81.1187,35.2655],[-81.1119,35.2718],[-81.1145,35.2731],[-81.1206,35.2758],[-81.1228,35.2767],[-81.1226,35.2771],[-81.1247,35.2776],[-81.1281,35.2783],[-81.1314,35.2788],[-81.1349,35.279],[-81.1347,35.2798],[-81.1449,35.2801],[-81.1473,35.2804],[-81.1474,35.2813],[-81.1482,35.2813],[-81.1485,35.2853],[-81.149,35.2866],[-81.1484,35.2887],[-81.15,35.289],[-81.15,35.2903],[-81.1509,35.292],[-81.1504,35.2928],[-81.1475,35.2938],[-81.1475,35.2951],[-81.1502,35.2945],[-81.1509,35.2963],[-81.1508,35.2976],[-81.1497,35.2993],[-81.1497,35.3007],[-81.1479,35.3025],[-81.1475,35.3032],[-81.1475,35.3045],[-81.146,35.3049],[-81.1449,35.3066],[-81.143,35.3079],[-81.1407,35.3077],[-81.1408,35.3088],[-81.1405,35.3097],[-81.1378,35.3111],[-81.1392,35.3118],[-81.1404,35.312],[-81.1421,35.3118],[-81.1465,35.3116],[-81.1466,35.3098],[-81.146,35.3082],[-81.1523,35.3071],[-81.1506,35.3041],[-81.1503,35.3024],[-81.1511,35.3024],[-81.1527,35.3031],[-81.154,35.3022],[-81.1549,35.3021],[-81.156,35.3009],[-81.1566,35.2995],[-81.1595,35.2994],[-81.1595,35.3006],[-81.1606,35.3001],[-81.1604,35.2992],[-81.1644,35.2982],[-81.166,35.2971],[-81.1675,35.2956],[-81.1691,35.2948],[-81.1733,35.3],[-81.1747,35.3006],[-81.1772,35.2999],[-81.176,35.2982],[-81.1748,35.2961],[-81.172,35.2928],[-81.1725,35.2921],[-81.1758,35.2887],[-81.1769,35.288],[-81.1788,35.2877],[-81.1795,35.2883],[-81.1808,35.2902],[-81.1807,35.2913],[-81.181,35.292],[-81.1834,35.2924],[-81.1845,35.2929],[-81.185,35.2938],[-81.1839,35.2945],[-81.1837,35.3006],[-81.1819,35.3026],[-81.1828,35.3031],[-81.184,35.3031],[-81.1822,35.3044],[-81.1844,35.3055],[-81.188,35.3046],[-81.1891,35.3053],[-81.1903,35.3045],[-81.1917,35.3049],[-81.1921,35.3041],[-81.1906,35.3036],[-81.191,35.3029],[-81.1882,35.3026],[-81.1883,35.2977],[-81.1898,35.2978],[-81.1898,35.2964],[-81.1916,35.2969],[-81.1937,35.2951],[-81.1956,35.295],[-81.1978,35.2958],[-81.1976,35.2967],[-81.1962,35.3018],[-81.1967,35.3029],[-81.1959,35.3032],[-81.1954,35.3049],[-81.1982,35.3049],[-81.2042,35.3047],[-81.2059,35.3063],[-81.2057,35.3072],[-81.2066,35.3088],[-81.2073,35.3091],[-81.2068,35.3119],[-81.2111,35.3093],[-81.2108,35.3088],[-81.2145,35.2993],[-81.2176,35.3012],[-81.2203,35.3013],[-81.2233,35.2988],[-81.2244,35.2959],[-81.2264,35.2962],[-81.2265,35.2954],[-81.2287,35.2955],[-81.2278,35.2945],[-81.2262,35.2896],[-81.2336,35.2901],[-81.2337,35.2882],[-81.2353,35.2887],[-81.2369,35.2898],[-81.2396,35.2904],[-81.2399,35.2903],[-81.2406,35.288],[-81.2466,35.289],[-81.2461,35.2895],[-81.2464,35.2903],[-81.2464,35.2929],[-81.251,35.2927],[-81.2507,35.2892],[-81.2535,35.2885],[-81.2536,35.2905],[-81.2573,35.2904],[-81.2576,35.2876],[-81.2597,35.2874],[-81.2597,35.2867],[-81.2569,35.2865],[-81.2554,35.2866],[-81.2517,35.2879],[-81.2494,35.2882],[-81.2494,35.2871],[-81.2475,35.2868],[-81.2443,35.2875],[-81.2426,35.2869],[-81.2404,35.2848],[-81.2399,35.2841],[-81.2395,35.2825],[-81.238,35.281],[-81.2401,35.28],[-81.2405,35.2807],[-81.2481,35.2777],[-81.2491,35.2769],[-81.2493,35.2755],[-81.2491,35.2744],[-81.2498,35.2739],[-81.2483,35.27],[-81.2479,35.2708],[-81.2459,35.2718],[-81.2452,35.2712],[-81.2429,35.2722],[-81.243,35.2736],[-81.2421,35.274],[-81.2421,35.2758],[-81.2361,35.2797],[-81.2353,35.2792],[-81.2353,35.2785],[-81.236,35.2774],[-81.2378,35.2734],[-81.2436,35.2711],[-81.2442,35.271],[-81.2469,35.2697],[-81.2537,35.2672],[-81.2556,35.2662],[-81.2563,35.2655],[-81.2562,35.2646],[-81.2575,35.2643],[-81.2595,35.2627],[-81.2643,35.2592],[-81.2614,35.2567],[-81.2637,35.2566],[-81.2637,35.256],[-81.2756,35.2541],[-81.2791,35.2528],[-81.2858,35.2493],[-81.288,35.2487],[-81.291,35.2487],[-81.2994,35.2504],[-81.3083,35.2441],[-81.3095,35.243],[-81.3132,35.2381],[-81.3152,35.2362],[-81.318,35.2343],[-81.3226,35.232],[-81.3226,35.2275],[-81.323,35.2173],[-81.3232,35.2146],[-81.3232,35.2111],[-81.3232,35.2075],[-81.3216,35.2037],[-81.3193,35.1992],[-81.318,35.1976],[-81.3162,35.1962],[-81.3137,35.1967],[-81.3113,35.1961],[-81.3101,35.2025],[-81.3001,35.2021],[-81.2999,35.2069],[-81.2957,35.2065],[-81.2958,35.2035],[-81.2941,35.2022],[-81.293,35.2037],[-81.2917,35.2046],[-81.2894,35.203],[-81.2883,35.2038],[-81.2874,35.2028],[-81.2855,35.2015],[-81.284,35.2008],[-81.2837,35.2065],[-81.2828,35.2092],[-81.2823,35.2113],[-81.28,35.2113],[-81.28,35.2146],[-81.2802,35.2207],[-81.2783,35.2207],[-81.277,35.2226],[-81.2771,35.2258],[-81.2751,35.2254],[-81.2744,35.2266],[-81.2732,35.228],[-81.272,35.2277],[-81.2709,35.2264],[-81.27,35.2255],[-81.2676,35.2289],[-81.2691,35.2301],[-81.2669,35.2314],[-81.2677,35.2324],[-81.2676,35.2335],[-81.2689,35.2335],[-81.2693,35.2346],[-81.2682,35.2347],[-81.267,35.2357],[-81.2665,35.2374],[-81.2621,35.2356],[-81.2604,35.2348],[-81.2595,35.2354],[-81.2526,35.2351],[-81.2463,35.2338],[-81.2448,35.2338],[-81.2436,35.2342],[-81.2416,35.2333],[-81.241,35.232],[-81.24,35.2315],[-81.237,35.2313],[-81.2357,35.2318],[-81.2346,35.2328],[-81.2338,35.2326],[-81.2325,35.233],[-81.2295,35.2294],[-81.2288,35.2276],[-81.2293,35.2247],[-81.2291,35.2231],[-81.2283,35.2209],[-81.2276,35.2196],[-81.2264,35.2181],[-81.2245,35.2143],[-81.2243,35.2135],[-81.1878,35.2207],[-81.187,35.2197],[-81.1857,35.2204],[-81.1816,35.2201],[-81.1817,35.2219],[-81.1779,35.2226],[-81.1767,35.2213],[-81.1769,35.2206],[-81.1745,35.2194],[-81.1749,35.2184],[-81.1768,35.2187],[-81.1775,35.2145],[-81.1784,35.2145],[-81.1797,35.213],[-81.1807,35.2126],[-81.1824,35.2104],[-81.1788,35.2082],[-81.1783,35.208],[-81.1766,35.2095],[-81.1765,35.2108],[-81.1728,35.2086],[-81.1713,35.2096],[-81.1654,35.21],[-81.165,35.2068],[-81.164,35.2063],[-81.162,35.2034],[-81.1616,35.2033],[-81.1602,35.2011],[-81.1592,35.2015],[-81.1563,35.1999],[-81.1565,35.1988],[-81.1587,35.1917],[-81.1609,35.1891],[-81.1603,35.1887],[-81.1567,35.1918],[-81.152,35.1962],[-81.151,35.1942],[-81.1519,35.1917],[-81.1519,35.191],[-81.1497,35.1875],[-81.1487,35.1869],[-81.1444,35.1851],[-81.1435,35.1843]],[[-81.2711,35.2331],[-81.271,35.2336],[-81.2689,35.2334],[-81.2689,35.2328],[-81.2711,35.2331]],[[-81.1009,35.2047],[-81.0988,35.2061],[-81.099,35.2051],[-81.0997,35.2042],[-81.1009,35.2047]],[[-81.1508,35.2033],[-81.1515,35.2027],[-81.1538,35.2015],[-81.1539,35.2025],[-81.1552,35.204],[-81.1548,35.2048],[-81.1523,35.2054],[-81.1499,35.2069],[-81.1484,35.207],[-81.1508,35.2033]],[[-81.1028,35.2101],[-81.1026,35.2112],[-81.1029,35.212],[-81.099,35.2111],[-81.0988,35.2125],[-81.0971,35.2121],[-81.0946,35.2099],[-81.0969,35.208],[-81.0973,35.2074],[-81.0985,35.2084],[-81.0994,35.2077],[-81.1003,35.2065],[-81.1017,35.2077],[-81.101,35.2087],[-81.1028,35.2101]]]},"properties":{"OBJECTID":6095},"id":6095},
{"type":"Feature","geometry":{"type":"Polygon","coordinates":[[[-78.7024,35.6602],[-78.7032,35.6604],[-78.7033,35.6602],[-78.7025,35.6599],[-78.7024,35.6602]]]},"properties":{"OBJECTID":6097},"id":6097},
{"type":"Feature","geometry":{"type":"Polygon","coordinates":[[[-80.9235,35.7747],[-80.9239,35.7746],[-80.924,35.7722],[-80.9233,35.7722],[-80.9232,35.7743],[-80.9235,35.7747]]]},"properties":{"OBJECTID":6098},"id":6098},
{"type":"Feature","geometry":{"type":"Polygon","coordinates":[[[-78.5042,35.8195],[-78.5046,35.8199],[-78.5052,35.8194],[-78.5043,35.819],[-78.5042,35.8195]]]},"properties":{"OBJECTID":6107},"id":6107},
{"type":"Feature","geometry":{"type":"Polygon","coordinates":[[[-79.7616,35.6604],[-79.7693,35.6607],[-79.7693,35.6586],[-79.7713,35.6553],[-79.7702,35.6546],[-79.7682,35.6545],[-79.7665,35.6538],[-79.7616,35.6553],[-79.7616,35.6604]]]},"properties":{"OBJECTID":6110},"id":6110},
{"type":"Feature","geometry":{"type":"Polygon","coordinates":[[[-83.7289,32.6186],[-83.727,32.6185],[-83.7229,32.616],[-83.7229,32.6148],[-83.7238,32.6149],[-83.7238,32.6159],[-83.7263,32.6175],[-83.7263,32.615],[-83.7278,32.615],[-83.7278,32.6183],[-83.7289,32.6186],[-83.731,32.6186],[-83.7312,32.6152],[-83.7362,32.6155],[-83.7382,32.6152],[-83.7381,32.6187],[-83.7424,32.6187],[-83.7424,32.616],[-83.7416,32.6131],[-83.7421,32.6128],[-83.7426,32.6092],[-83.7425,32.605],[-83.7421,32.6045],[-83.7411,32.6045],[-83.7411,32.5982],[-83.7396,32.5961],[-83.7395,32.5944],[-83.7426,32.5944],[-83.7429,32.5834],[-83.7432,32.5804],[-83.7381,32.5803],[-83.7381,32.5823],[-83.739,32.5829],[-83.741,32.5829],[-83.7395,32.5859],[-83.738,32.5859],[-83.7342,32.5845],[-83.7297,32.5828],[-83.7296,32.5813],[-83.728,32.5813],[-83.7279,32.5808],[-83.7261,32.5808],[-83.7261,32.5783],[-83.7227,32.5782],[-83.7227,32.5793],[-83.7218,32.5793],[-83.7217,32.5782],[-83.72,32.5783],[-83.7201,32.5708],[-83.72,32.565],[-83.7201,32.562],[-83.7201,32.5589],[-83.7203,32.5465],[-83.72,32.5332],[-83.7199,32.5311],[-83.7179,32.5308],[-83.7161,32.5302],[-83.7121,32.5307],[-83.7095,32.5306],[-83.7021,32.5307],[-83.691,32.5306],[-83.6852,32.5306],[-83.6839,32.5312],[-83.684,32.5381],[-83.6804,32.5384],[-83.6782,32.5384],[-83.6776,32.5377],[-83.68,32.5377],[-83.68,32.5365],[-83.681,32.5358],[-83.6821,32.5358],[-83.6821,32.5322],[-83.6753,32.5321],[-83.6781,32.5305],[-83.6785,32.5284],[-83.6778,32.5275],[-83.6771,32.5273],[-83.6753,32.5254],[-83.6746,32.5249],[-83.6724,32.5222],[-83.672,32.5227],[-83.672,32.5265],[-83.6693,32.5265],[-83.6693,32.5284],[-83.672,32.5286],[-83.672,32.5306],[-83.6624,32.5306],[-83.6622,32.5352],[-83.6608,32.5353],[-83.6598,32.5383],[-83.655,32.5383],[-83.6464,32.5382],[-83.6463,32.538],[-83.6416,32.5338],[-83.6386,32.5326],[-83.6375,32.5324],[-83.6363,32.5326],[-83.6344,32.532],[-83.6326,32.531],[-83.6341,32.5293],[-83.6354,32.5281],[-83.6307,32.5269],[-83.6271,32.5269],[-83.6249,32.5271],[-83.6194,32.525],[-83.6194,32.5222],[-83.6207,32.5222],[-83.6208,32.5194],[-83.6185,32.5193],[-83.6185,32.5182],[-83.62,32.5182],[-83.6218,32.5176],[-83.6224,32.517],[-83.6224,32.5161],[-83.624,32.5161],[-83.624,32.515],[-83.6251,32.515],[-83.6251,32.5162],[-83.6294,32.516],[-83.6294,32.5103],[-83.6256,32.5103],[-83.6256,32.5142],[-83.6216,32.5143],[-83.6216,32.5161],[-83.6182,32.516],[-83.6182,32.5143],[-83.6151,32.5141],[-83.6151,32.5121],[-83.6145,32.512],[-83.6145,32.5108],[-83.6112,32.5107],[-83.6109,32.5086],[-83.6089,32.5085],[-83.61,32.5108],[-83.6102,32.5135],[-83.607,32.5134],[-83.6068,32.5169],[-83.6078,32.5167],[-83.6092,32.5179],[-83.6086,32.5184],[-83.6101,32.5197],[-83.6109,32.5192],[-83.6127,32.5192],[-83.6127,32.5186],[-83.6145,32.5186],[-83.6146,32.5236],[-83.6145,32.5243],[-83.6147,32.5244],[-83.6136,32.5283],[-83.6132,32.5283],[-83.6145,32.5243],[-83.6108,32.5241],[-83.6108,32.5272],[-83.6004,32.5272],[-83.5975,32.5247],[-83.595,32.5225],[-83.5936,32.5219],[-83.5903,32.5211],[-83.5885,32.5213],[-83.5846,32.521],[-83.5819,32.5198],[-83.5794,32.5182],[-83.5737,32.5166],[-83.5659,32.5147],[-83.5591,32.5139],[-83.552,32.514],[-83.5449,32.5122],[-83.5324,32.5076],[-83.5244,32.5056],[-83.5239,32.5063],[-83.5229,32.5062],[-83.5222,32.5074],[-83.5208,32.508],[-83.5215,32.5096],[-83.5214,32.5109],[-83.5231,32.5109],[-83.5239,32.5112],[-83.5245,32.5124],[-83.5257,32.5124],[-83.5272,32.5117],[-83.528,32.512],[-83.5281,32.5135],[-83.5295,32.5147],[-83.5305,32.5166],[-83.5311,32.5183],[-83.5315,32.5182],[-83.5332,32.5166],[-83.5339,32.5164],[-83.5346,32.5171],[-83.5348,32.5202],[-83.5353,32.5208],[-83.535,32.5217],[-83.5333,32.5221],[-83.5336,32.5235],[-83.5361,32.5236],[-83.5375,32.5227],[-83.5379,32.5232],[-83.5374,32.5244],[-83.5381,32.5247],[-83.5399,32.5241],[-83.5404,32.525],[-83.5389,32.5263],[-83.5382,32.528],[-83.5365,32.5287],[-83.5361,32.5297],[-83.5363,32.5334],[-83.538,32.5345],[-83.538,32.5361],[-83.5398,32.5376],[-83.5404,32.5413],[-83.5397,32.5419],[-83.5381,32.5413],[-83.5369,32.5425],[-83.5371,32.5445],[-83.5385,32.548],[-83.5406,32.5481],[-83.5423,32.55],[-83.5419,32.5508],[-83.5413,32.5511],[-83.5391,32.5512],[-83.539,32.5522],[-83.5401,32.5531],[-83.5402,32.5537],[-83.5394,32.5552],[-83.5401,32.5555],[-83.5416,32.5551],[-83.5436,32.5569],[-83.5447,32.5569],[-83.5452,32.5557],[-83.546,32.5557],[-83.5466,32.5566],[-83.5456,32.5578],[-83.5465,32.5587],[-83.5479,32.5589],[-83.5482,32.5599],[-83.5467,32.5603],[-83.5461,32.5627],[-83.5464,32.5632],[-83.5479,32.5629],[-83.5488,32.5633],[-83.5489,32.5649],[-83.5483,32.5679],[-83.5487,32.5694],[-83.5488,32.5719],[-83.5486,32.573],[-83.5479,32.5734],[-83.5464,32.5737],[-83.5455,32.5742],[-83.5439,32.5745],[-83.5433,32.575],[-83.5422,32.577],[-83.541,32.5772],[-83.5393,32.576],[-83.5379,32.5745],[-83.5367,32.575],[-83.5365,32.5771],[-83.5367,32.58],[-83.5368,32.5826],[-83.5364,32.5835],[-83.5349,32.5849],[-83.5347,32.5858],[-83.5352,32.5864],[-83.5376,32.5865],[-83.5386,32.5853],[-83.5385,32.5841],[-83.5399,32.584],[-83.5407,32.585],[-83.541,32.5872],[-83.5403,32.5873],[-83.5397,32.5862],[-83.5386,32.5869],[-83.5377,32.5882],[-83.5379,32.5887],[-83.5396,32.5898],[-83.5405,32.5908],[-83.5408,32.5919],[-83.5411,32.5947],[-83.5415,32.5955],[-83.5421,32.5997],[-83.5411,32.6014],[-83.5408,32.6025],[-83.5392,32.6026],[-83.539,32.6032],[-83.5402,32.6041],[-83.5411,32.6057],[-83.5408,32.607],[-83.5413,32.6073],[-83.5433,32.6068],[-83.5442,32.6072],[-83.5442,32.6078],[-83.5429,32.6082],[-83.5428,32.6087],[-83.5438,32.6093],[-83.5441,32.6108],[-83.5446,32.6109],[-83.5458,32.6101],[-83.5467,32.6107],[-83.5467,32.6121],[-83.5477,32.6136],[-83.5476,32.6153],[-83.5491,32.6157],[-83.5487,32.6168],[-83.5462,32.6169],[-83.5451,32.618],[-83.5445,32.6192],[-83.5429,32.6199],[-83.5425,32.6209],[-83.5439,32.6215],[-83.5443,32.6224],[-83.5441,32.6235],[-83.5429,32.6252],[-83.5434,32.6263],[-83.5442,32.6263],[-83.5451,32.6271],[-83.5441,32.6287],[-83.5447,32.6293],[-83.5463,32.6294],[-83.546,32.6308],[-83.5451,32.632],[-83.5459,32.6325],[-83.5471,32.631],[-83.548,32.6312],[-83.5486,32.6332],[-83.5492,32.634],[-83.5508,32.6345],[-83.5508,32.6357],[-83.5511,32.6366],[-83.5488,32.6393],[-83.5493,32.6406],[-83.5492,32.6419],[-83.5502,32.642],[-83.5506,32.6407],[-83.5518,32.6411],[-83.5531,32.6426],[-83.5548,32.6443],[-83.5563,32.6441],[-83.5572,32.6444],[-83.5578,32.6452],[-83.5578,32.647],[-83.5584,32.6489],[-83.5577,32.6494],[-83.5574,32.6482],[-83.5558,32.6481],[-83.5552,32.6477],[-83.5545,32.6482],[-83.5546,32.6492],[-83.5553,32.6502],[-83.5563,32.6502],[-83.5568,32.6511],[-83.556,32.6519],[-83.5564,32.6527],[-83.5584,32.6521],[-83.5596,32.6524],[-83.5606,32.6539],[-83.5617,32.6539],[-83.5618,32.6548],[-83.5607,32.658],[-83.5628,32.6597],[-83.5646,32.6597],[-83.566,32.6606],[-83.5665,32.6605],[-83.5664,32.6592],[-83.5673,32.6589],[-83.5677,32.6599],[-83.5682,32.6601],[-83.5704,32.6598],[-83.5705,32.6594],[-83.5703,32.6575],[-83.5713,32.6575],[-83.5713,32.6589],[-83.572,32.659],[-83.5733,32.658],[-83.5746,32.6587],[-83.5752,32.6586],[-83.5762,32.6576],[-83.5791,32.657],[-83.5797,32.6565],[-83.5801,32.6552],[-83.5812,32.655],[-83.5824,32.6552],[-83.5825,32.6557],[-83.5813,32.6566],[-83.5805,32.6579],[-83.5805,32.6585],[-83.5821,32.6589],[-83.5834,32.6573],[-83.5848,32.657],[-83.5856,32.6579],[-83.5848,32.6597],[-83.5861,32.6607],[-83.5854,32.6618],[-83.5858,32.6627],[-83.5864,32.663],[-83.5879,32.6627],[-83.5884,32.6632],[-83.5884,32.6641],[-83.5892,32.6643],[-83.5904,32.6639],[-83.5911,32.6641],[-83.591,32.6655],[-83.5931,32.665],[-83.5938,32.666],[-83.5947,32.6663],[-83.5957,32.6647],[-83.5971,32.6641],[-83.5977,32.6645],[-83.597,32.6658],[-83.5972,32.6669],[-83.5986,32.6674],[-83.5992,32.6679],[-83.5992,32.6691],[-83.601,32.6693],[-83.6009,32.6701],[-83.5996,32.6707],[-83.5994,32.6714],[-83.6003,32.6719],[-83.6016,32.6717],[-83.6031,32.6719],[-83.6054,32.6728],[-83.6066,32.6736],[-83.6052,32.6746],[-83.6051,32.6755],[-83.6059,32.6779],[-83.6069,32.6794],[-83.6067,32.6813],[-83.6058,32.6824],[-83.6062,32.683],[-83.608,32.6834],[-83.6084,32.6842],[-83.6077,32.6854],[-83.6076,32.6865],[-83.6079,32.687],[-83.6094,32.6869],[-83.6109,32.6885],[-83.6103,32.6889],[-83.6085,32.688],[-83.608,32.6885],[-83.6083,32.6901],[-83.6065,32.6907],[-83.6066,32.6912],[-83.6083,32.691],[-83.6087,32.6913],[-83.6085,32.6927],[-83.6091,32.6931],[-83.6103,32.6931],[-83.6115,32.6946],[-83.6109,32.6963],[-83.6096,32.6966],[-83.6103,32.6979],[-83.6101,32.699],[-83.6092,32.699],[-83.6091,32.698],[-83.6081,32.6982],[-83.6082,32.6998],[-83.6071,32.7013],[-83.6061,32.7014],[-83.6045,32.6999],[-83.603,32.6994],[-83.6028,32.7003],[-83.6037,32.7004],[-83.6034,32.7012],[-83.6022,32.7015],[-83.6017,32.7026],[-83.6001,32.7037],[-83.5998,32.7047],[-83.6001,32.7059],[-83.5997,32.7068],[-83.6004,32.7079],[-83.5999,32.7089],[-83.5987,32.7098],[-83.5988,32.7117],[-83.5972,32.712],[-83.5967,32.7137],[-83.5972,32.7147],[-83.5979,32.7148],[-83.599,32.7135],[-83.6011,32.7145],[-83.6011,32.7155],[-83.6002,32.7162],[-83.6002,32.7171],[-83.6013,32.7179],[-83.6019,32.7179],[-83.6029,32.7171],[-83.6039,32.7172],[-83.6042,32.7177],[-83.6037,32.7186],[-83.6014,32.7199],[-83.6008,32.7198],[-83.6006,32.7186],[-83.5998,32.7181],[-83.5989,32.7184],[-83.599,32.7197],[-83.6001,32.7206],[-83.6003,32.7214],[-83.5988,32.7223],[-83.5984,32.7229],[-83.5992,32.7236],[-83.6002,32.7237],[-83.6007,32.7244],[-83.6005,32.7253],[-83.5988,32.7248],[-83.5981,32.7253],[-83.5977,32.7271],[-83.5966,32.7279],[-83.5965,32.7285],[-83.5973,32.7293],[-83.5999,32.7294],[-83.5999,32.7301],[-83.598,32.7316],[-83.5969,32.7318],[-83.5953,32.7315],[-83.595,32.7321],[-83.5959,32.733],[-83.5983,32.7333],[-83.5999,32.7337],[-83.5986,32.7345],[-83.5981,32.7353],[-83.5975,32.7367],[-83.5996,32.7366],[-83.6013,32.7377],[-83.6015,32.7388],[-83.5987,32.7398],[-83.5987,32.7404],[-83.6001,32.7406],[-83.6024,32.7413],[-83.599,32.7434],[-83.5972,32.742],[-83.5927,32.7381],[-83.5857,32.7437],[-83.579,32.7379],[-83.5787,32.7381],[-83.5658,32.7489],[-83.5611,32.753],[-83.5561,32.757],[-83.539,32.7711],[-83.5169,32.7893],[-83.5052,32.7989],[-83.5026,32.8011],[-83.5018,32.8015],[-83.4981,32.8007],[-83.4975,32.8009],[-83.4928,32.8051],[-83.4957,32.8077],[-83.4964,32.807],[-83.4988,32.8106],[-83.4986,32.8113],[-83.4975,32.8119],[-83.497,32.8127],[-83.4984,32.8145],[-83.4984,32.8153],[-83.4974,32.8164],[-83.4956,32.8168],[-83.4956,32.8174],[-83.4966,32.8184],[-83.4937,32.8205],[-83.4894,32.8241],[-83.4931,32.8273],[-83.5015,32.8344],[-83.5135,32.8449],[-83.5009,32.8511],[-83.4869,32.8581],[-83.489,32.8636],[-83.4892,32.8656],[-83.4889,32.8707],[-83.4892,32.8741],[-83.49,32.8765],[-83.4915,32.8787],[-83.4923,32.8804],[-83.4929,32.8846],[-83.4933,32.8853],[-83.4946,32.8865],[-83.4957,32.8867],[-83.5018,32.8889],[-83.5038,32.8899],[-83.5104,32.894],[-83.5134,32.8962],[-83.5191,32.8981],[-83.5209,32.8999],[-83.5232,32.9044],[-83.5257,32.9009],[-83.5294,32.8967],[-83.5365,32.8892],[-83.5391,32.8868],[-83.5413,32.8851],[-83.5419,32.8864],[-83.5422,32.8915],[-83.5422,32.8935],[-83.5414,32.8971],[-83.5405,32.8991],[-83.5406,32.9008],[-83.5415,32.9018],[-83.5453,32.9046],[-83.5475,32.9053],[-83.5483,32.9063],[-83.5479,32.9082],[-83.5529,32.9096],[-83.5546,32.9085],[-83.5577,32.9074],[-83.5597,32.9072],[-83.5607,32.9069],[-83.5634,32.9069],[-83.5649,32.9064],[-83.5664,32.9064],[-83.5684,32.9069],[-83.5718,32.9091],[-83.5739,32.9091],[-83.5754,32.9095],[-83.5767,32.9093],[-83.5799,32.9095],[-83.5808,32.9099],[-83.5828,32.9102],[-83.5842,32.9089],[-83.5863,32.9092],[-83.588,32.9089],[-83.5894,32.908],[-83.5903,32.9077],[-83.5914,32.9172],[-83.5914,32.918],[-83.591,32.9238],[-83.5927,32.9258],[-83.5934,32.926],[-83.5958,32.9245],[-83.6006,32.9201],[-83.6049,32.9166],[-83.6067,32.915],[-83.6075,32.9147],[-83.6065,32.9059],[-83.6065,32.9025],[-83.6054,32.8991],[-83.6056,32.8984],[-83.6075,32.8948],[-83.6132,32.8998],[-83.6152,32.9014],[-83.6184,32.9043],[-83.6195,32.9051],[-83.6203,32.9053],[-83.6263,32.9056],[-83.6279,32.9054],[-83.6318,32.9022],[-83.6326,32.9017],[-83.6346,32.9011],[-83.6349,32.9012],[-83.6346,32.9031],[-83.6349,32.9043],[-83.6355,32.9053],[-83.6378,32.9074],[-83.6386,32.9086],[-83.6384,32.911],[-83.6377,32.9129],[-83.638,32.9151],[-83.6395,32.9168],[-83.6398,32.9175],[-83.6398,32.9209],[-83.6402,32.9222],[-83.6416,32.9238],[-83.6419,32.9245],[-83.642,32.9263],[-83.6427,32.9274],[-83.646,32.9301],[-83.647,32.9312],[-83.6473,32.9322],[-83.6472,32.9338],[-83.6466,32.9373],[-83.6459,32.9392],[-83.645,32.9446],[-83.6456,32.9453],[-83.6476,32.9464],[-83.6485,32.9472],[-83.65,32.9502],[-83.6517,32.9516],[-83.6522,32.9523],[-83.6529,32.9546],[-83.6535,32.9554],[-83.6549,32.9562],[-83.657,32.9571],[-83.6576,32.9577],[-83.6592,32.96],[-83.6589,32.9626],[-83.6599,32.9637],[-83.6636,32.9651],[-83.6647,32.967],[-83.6654,32.9691],[-83.6654,32.9701],[-83.665,32.9709],[-83.6637,32.9723],[-83.663,32.9742],[-83.6629,32.9761],[-83.6637,32.9782],[-83.6636,32.9822],[-83.6661,32.9827],[-83.6692,32.983],[-83.6712,32.9833],[-83.6828,32.9881],[-83.684,32.9889],[-83.6849,32.9901],[-83.6864,32.9931],[-83.6873,32.9945],[-83.6886,32.9955],[-83.6942,32.9987],[-83.6962,33.0001],[-83.6992,33.0028],[-83.702,33.0057],[-83.7026,33.0072],[-83.7026,33.0096],[-83.702,33.0121],[-83.7022,33.0132],[-83.7039,33.0155],[-83.705,33.0163],[-83.7085,33.0174],[-83.7104,33.0174],[-83.7119,33.017],[-83.7172,33.015],[-83.7201,33.0145],[-83.7228,33.0145],[-83.7242,33.0148],[-83.7269,33.0165],[-83.7288,33.0149],[-83.7296,33.0136],[-83.728,33.0105],[-83.7268,33.0076],[-83.726,33.0068],[-83.7234,33.0057],[-83.7213,33.0046],[-83.7198,33.003],[-83.719,33.0011],[-83.7193,33.0003],[-83.7203,32.9992],[-83.7224,32.9983],[-83.7234,32.9973],[-83.7245,32.9948],[-83.7245,32.9922],[-83.7238,32.9908],[-83.7219,32.9887],[-83.7215,32.9875],[-83.7219,32.9843],[-83.7214,32.9821],[-83.7215,32.981],[-83.7226,32.9786],[-83.7229,32.9772],[-83.7227,32.9764],[-83.7219,32.9753],[-83.7206,32.9745],[-83.7182,32.9733],[-83.7175,32.9727],[-83.7164,32.9703],[-83.7149,32.969],[-83.7131,32.9682],[-83.7087,32.9669],[-83.7073,32.9663],[-83.706,32.9644],[-83.706,32.9618],[-83.7065,32.9602],[-83.7076,32.9592],[-83.7093,32.9573],[-83.7105,32.9549],[-83.7108,32.9528],[-83.7255,32.9528],[-83.7338,32.9528],[-83.7342,32.951],[-83.7334,32.9508],[-83.7309,32.9508],[-83.7306,32.95],[-83.731,32.9453],[-83.7303,32.9449],[-83.7268,32.9449],[-83.7332,32.9406],[-83.7435,32.9347],[-83.7464,32.933],[-83.7655,32.9219],[-83.7708,32.9177],[-83.7751,32.9159],[-83.7834,32.9111],[-83.7887,32.9093],[-83.7893,32.909],[-83.8034,32.9022],[-83.8137,32.8971],[-83.8188,32.8941],[-83.8329,32.8852],[-83.8458,32.8773],[-83.8513,32.8737],[-83.8659,32.8647],[-83.8733,32.86],[-83.8749,32.8592],[-83.8922,32.8484],[-83.8924,32.8358],[-83.8926,32.8345],[-83.8929,32.8303],[-83.8928,32.8265],[-83.8929,32.8259],[-83.893,32.8199],[-83.8914,32.8188],[-83.8905,32.819],[-83.8902,32.8196],[-83.8887,32.819],[-83.8881,32.8194],[-83.8873,32.8186],[-83.8873,32.8178],[-83.8862,32.8172],[-83.8845,32.8175],[-83.8835,32.8183],[-83.8816,32.8179],[-83.8803,32.8166],[-83.8792,32.8165],[-83.8786,32.816],[-83.8788,32.8149],[-83.878,32.8145],[-83.8777,32.8137],[-83.8788,32.8125],[-83.8763,32.8114],[-83.877,32.8109],[-83.8771,32.81],[-83.8764,32.8091],[-83.8774,32.8084],[-83.8773,32.8072],[-83.8769,32.8066],[-83.8758,32.8062],[-83.8742,32.805],[-83.8734,32.8049],[-83.8736,32.8041],[-83.8723,32.8037],[-83.871,32.8042],[-83.8706,32.8035],[-83.8698,32.8036],[-83.8685,32.8029],[-83.8684,32.8018],[-83.8665,32.801],[-83.8643,32.7987],[-83.8624,32.7983],[-83.8613,32.7977],[-83.8603,32.7968],[-83.8618,32.795],[-83.8615,32.7943],[-83.8604,32.7947],[-83.8585,32.7948],[-83.8569,32.7936],[-83.8571,32.7915],[-83.8566,32.7897],[-83.8569,32.7885],[-83.8565,32.7877],[-83.8551,32.7876],[-83.8542,32.7868],[-83.8532,32.7866],[-83.8516,32.7857],[-83.8514,32.7854],[-83.8523,32.784],[-83.8522,32.7832],[-83.8531,32.7829],[-83.8533,32.7813],[-83.8527,32.7812],[-83.8521,32.7802],[-83.851,32.7795],[-83.8502,32.7781],[-83.8477,32.7754],[-83.848,32.7749],[-83.8514,32.772],[-83.8512,32.771],[-83.8504,32.77],[-83.8497,32.7702],[-83.8489,32.7715],[-83.8476,32.7723],[-83.8467,32.7722],[-83.8467,32.7714],[-83.8452,32.7687],[-83.8432,32.7681],[-83.8417,32.7683],[-83.8412,32.768],[-83.8412,32.7666],[-83.8394,32.7646],[-83.8379,32.7644],[-83.8383,32.7636],[-83.8367,32.7614],[-83.8352,32.7587],[-83.8342,32.7573],[-83.8323,32.7557],[-83.8304,32.7547],[-83.8302,32.754],[-83.8316,32.7527],[-83.8316,32.7515],[-83.8302,32.7505],[-83.829,32.7501],[-83.8285,32.7494],[-83.8287,32.7487],[-83.8283,32.7467],[-83.8276,32.7453],[-83.827,32.7449],[-83.8244,32.7419],[-83.8233,32.7417],[-83.8228,32.7408],[-83.8213,32.7412],[-83.8189,32.74],[-83.8187,32.7385],[-83.8174,32.7372],[-83.8168,32.7359],[-83.8142,32.7342],[-83.8141,32.7338],[-83.8126,32.7331],[-83.8099,32.7325],[-83.8102,32.7318],[-83.8093,32.7315],[-83.8096,32.7301],[-83.8102,32.7296],[-83.8083,32.7287],[-83.8067,32.7291],[-83.8057,32.7288],[-83.8047,32.7293],[-83.8029,32.7273],[-83.8023,32.7276],[-83.8001,32.7258],[-83.7991,32.725],[-83.7978,32.7258],[-83.7965,32.7256],[-83.7952,32.725],[-83.7936,32.7256],[-83.793,32.7252],[-83.7903,32.7248],[-83.7903,32.7241],[-83.789,32.7238],[-83.7887,32.7231],[-83.7878,32.7232],[-83.7868,32.7218],[-83.7867,32.7211],[-83.7859,32.7204],[-83.7846,32.7205],[-83.7826,32.721],[-83.78,32.721],[-83.7787,32.7201],[-83.7787,32.7195],[-83.7769,32.7188],[-83.7764,32.7179],[-83.775,32.7177],[-83.7742,32.716],[-83.7742,32.7154],[-83.7716,32.7144],[-83.7713,32.7147],[-83.7696,32.715],[-83.769,32.7141],[-83.7681,32.714],[-83.7644,32.7143],[-83.7624,32.7141],[-83.7619,32.7132],[-83.7606,32.7136],[-83.7596,32.7127],[-83.7589,32.7126],[-83.7586,32.7109],[-83.7572,32.7099],[-83.7567,32.7087],[-83.7558,32.7084],[-83.7561,32.7074],[-83.7548,32.7072],[-83.7543,32.7066],[-83.7533,32.7049],[-83.7525,32.705],[-83.7511,32.704],[-83.7506,32.7051],[-83.7495,32.7049],[-83.749,32.7055],[-83.7473,32.7053],[-83.7467,32.7038],[-83.7472,32.703],[-83.7457,32.7011],[-83.7443,32.7004],[-83.745,32.7],[-83.7444,32.6989],[-83.7434,32.698],[-83.7427,32.6985],[-83.7421,32.6977],[-83.7422,32.697],[-83.7412,32.696],[-83.7397,32.6961],[-83.7388,32.6946],[-83.7363,32.6936],[-83.7354,32.6944],[-83.7343,32.6944],[-83.7341,32.695],[-83.7315,32.6956],[-83.7306,32.6961],[-83.7304,32.6968],[-83.7287,32.6969],[-83.728,32.6963],[-83.7269,32.6962],[-83.7266,32.6947],[-83.7254,32.6937],[-83.7248,32.6943],[-83.7239,32.6943],[-83.7239,32.6934],[-83.721,32.6936],[-83.7211,32.693],[-83.7189,32.6925],[-83.7186,32.6929],[-83.712,32.6925],[-83.7109,32.6917],[-83.7093,32.6919],[-83.7094,32.6927],[-83.707,32.6929],[-83.7069,32.6917],[-83.7053,32.6923],[-83.7043,32.6917],[-83.7037,32.6923],[-83.7029,32.6917],[-83.7017,32.6916],[-83.7011,32.692],[-83.7008,32.6902],[-83.7012,32.6867],[-83.7023,32.6816],[-83.7041,32.6783],[-83.7079,32.6752],[-83.7087,32.6748],[-83.7087,32.6691],[-83.7088,32.6632],[-83.7088,32.6593],[-83.7089,32.6511],[-83.7282,32.6512],[-83.7282,32.6352],[-83.7266,32.635],[-83.7186,32.635],[-83.7186,32.6335],[-83.7187,32.6267],[-83.7289,32.6268],[-83.7289,32.6186]],[[-83.6155,32.5161],[-83.6146,32.518],[-83.6145,32.516],[-83.6155,32.5161]],[[-83.7206,32.6148],[-83.7206,32.6159],[-83.7195,32.6159],[-83.7195,32.6148],[-83.7206,32.6148]],[[-83.7198,32.6233],[-83.7187,32.6231],[-83.7187,32.6215],[-83.7203,32.6217],[-83.7204,32.6233],[-83.7198,32.6233]],[[-83.6763,32.5381],[-83.6752,32.5379],[-83.6734,32.5351],[-83.6716,32.5342],[-83.6717,32.5332],[-83.6747,32.5332],[-83.6738,32.5347],[-83.6756,32.5376],[-83.6763,32.5381]],[[-83.6686,32.5349],[-83.6668,32.5352],[-83.6652,32.5351],[-83.6652,32.5344],[-83.6685,32.5317],[-83.6686,32.5349]],[[-83.7187,32.6137],[-83.7187,32.6107],[-83.7126,32.6106],[-83.7131,32.6094],[-83.7141,32.6044],[-83.715,32.6027],[-83.7184,32.5989],[-83.7192,32.5974],[-83.7187,32.6106],[-83.7187,32.6137]],[[-83.7293,32.586],[-83.7309,32.5883],[-83.738,32.5884],[-83.7378,32.5943],[-83.739,32.5944],[-83.739,32.5965],[-83.7405,32.5994],[-83.7404,32.6045],[-83.7383,32.6045],[-83.7381,32.6051],[-83.7382,32.6122],[-83.7363,32.6124],[-83.7364,32.6149],[-83.7351,32.615],[-83.7313,32.6148],[-83.7314,32.6134],[-83.7333,32.6135],[-83.7331,32.6109],[-83.7331,32.6041],[-83.7335,32.6022],[-83.7287,32.6022],[-83.7288,32.5969],[-83.7292,32.586],[-83.7293,32.586]]]},"properties":{"OBJECTID":6111},"id":6111},
{"type":"Feature","geometry":{"type":"Polygon","coordinates":[[[-82.5542,35.6561],[-82.5559,35.6558],[-82.5547,35.6539],[-82.5546,35.6523],[-82.5556,35.6522],[-82.5557,35.651],[-82.5572,35.6506],[-82.5571,35.6497],[-82.5579,35.649],[-82.558,35.6479],[-82.5575,35.6465],[-82.5591,35.6454],[-82.5604,35.6465],[-82.5608,35.6485],[-82.5597,35.6492],[-82.5583,35.6531],[-82.5608,35.6533],[-82.561,35.6522],[-82.5619,35.651],[-82.5636,35.6519],[-82.5643,35.65],[-82.5652,35.6495],[-82.5647,35.6489],[-82.5666,35.6474],[-82.5701,35.6469],[-82.5696,35.6462],[-82.5706,35.6459],[-82.5707,35.6453],[-82.5725,35.6441],[-82.5719,35.6434],[-82.5724,35.6417],[-82.5734,35.6415],[-82.5754,35.6386],[-82.5755,35.6378],[-82.5748,35.6374],[-82.5753,35.6363],[-82.5757,35.6346],[-82.5761,35.6309],[-82.5757,35.6293],[-82.5752,35.6286],[-82.5751,35.6268],[-82.5736,35.6267],[-82.5727,35.6271],[-82.5715,35.6281],[-82.5706,35.6266],[-82.5706,35.6255],[-82.5711,35.6248],[-82.5706,35.6237],[-82.5699,35.6239],[-82.5694,35.6221],[-82.5688,35.6211],[-82.5705,35.6211],[-82.5711,35.6199],[-82.5714,35.6186],[-82.572,35.618],[-82.5725,35.616],[-82.5725,35.6143],[-82.5746,35.6154],[-82.5755,35.6131],[-82.5764,35.6133],[-82.5772,35.6129],[-82.5768,35.6156],[-82.5783,35.6188],[-82.5798,35.6212],[-82.583,35.6212],[-82.5835,35.6208],[-82.5835,35.6194],[-82.5843,35.618],[-82.5857,35.6184],[-82.5873,35.6175],[-82.5882,35.6191],[-82.5881,35.6215],[-82.5888,35.6224],[-82.5885,35.6239],[-82.5903,35.623],[-82.5925,35.6224],[-82.5946,35.622],[-82.596,35.622],[-82.5959,35.6204],[-82.5992,35.6201],[-82.5997,35.6183],[-82.5996,35.6177],[-82.606,35.6181],[-82.611,35.6181],[-82.6111,35.6123],[-82.6101,35.6113],[-82.611,35.6103],[-82.6108,35.6094],[-82.6127,35.6078],[-82.6138,35.6078],[-82.6157,35.6086],[-82.6168,35.6086],[-82.6178,35.6094],[-82.6194,35.6112],[-82.6204,35.6117],[-82.6231,35.6115],[-82.6245,35.6127],[-82.6255,35.613],[-82.6265,35.6128],[-82.6267,35.6096],[-82.627,35.6083],[-82.6261,35.6061],[-82.6262,35.6055],[-82.6258,35.6032],[-82.6243,35.6012],[-82.6235,35.5984],[-82.623,35.5977],[-82.6251,35.5978],[-82.6251,35.5966],[-82.6248,35.5954],[-82.6252,35.5941],[-82.6254,35.5922],[-82.6267,35.5914],[-82.6261,35.5907],[-82.6243,35.5908],[-82.6241,35.59],[-82.6231,35.5884],[-82.6238,35.5875],[-82.6276,35.5867],[-82.6277,35.5838],[-82.6294,35.5825],[-82.634,35.5785],[-82.6343,35.5769],[-82.6349,35.5763],[-82.638,35.5772],[-82.6393,35.5769],[-82.6406,35.5772],[-82.6416,35.5764],[-82.6414,35.5755],[-82.6421,35.5746],[-82.6417,35.5704],[-82.6422,35.5696],[-82.6428,35.5672],[-82.6439,35.5653],[-82.6446,35.563],[-82.6454,35.5625],[-82.6484,35.5616],[-82.6501,35.5607],[-82.6511,35.5598],[-82.6535,35.56],[-82.6553,35.5596],[-82.6572,35.5598],[-82.6589,35.5598],[-82.6613,35.5608],[-82.6638,35.561],[-82.6647,35.5603],[-82.6667,35.5602],[-82.6687,35.5623],[-82.6703,35.5649],[-82.6709,35.565],[-82.6746,35.5641],[-82.6754,35.5641],[-82.6777,35.565],[-82.6811,35.565],[-82.6814,35.564],[-82.6816,35.5621],[-82.6809,35.5605],[-82.6801,35.5596],[-82.6797,35.5583],[-82.68,35.5575],[-82.6815,35.5566],[-82.6816,35.5558],[-82.6802,35.5534],[-82.6782,35.5509],[-82.6771,35.5508],[-82.6732,35.551],[-82.6704,35.5514],[-82.665,35.5508],[-82.6642,35.5506],[-82.6626,35.5493],[-82.6619,35.5479],[-82.6605,35.5466],[-82.6589,35.5455],[-82.6612,35.5449],[-82.663,35.545],[-82.6763,35.5454],[-82.6782,35.5453],[-82.6835,35.5444],[-82.6843,35.5408],[-82.686,35.5382],[-82.6879,35.5378],[-82.6889,35.5373],[-82.6873,35.5354],[-82.6865,35.5349],[-82.6843,35.5348],[-82.6791,35.5355],[-82.6775,35.535],[-82.6768,35.5338],[-82.6754,35.5328],[-82.674,35.5322],[-82.6735,35.5313],[-82.6722,35.5308],[-82.6695,35.5313],[-82.6674,35.5324],[-82.665,35.5329],[-82.661,35.533],[-82.6602,35.5334],[-82.6598,35.5345],[-82.6604,35.5361],[-82.6594,35.538],[-82.6575,35.5401],[-82.6561,35.5407],[-82.6551,35.5397],[-82.6525,35.5392],[-82.6516,35.5384],[-82.6501,35.5389],[-82.6498,35.5396],[-82.6462,35.5407],[-82.6444,35.5375],[-82.6431,35.5382],[-82.6412,35.5385],[-82.6414,35.5398],[-82.6422,35.5405],[-82.6439,35.5413],[-82.6425,35.5415],[-82.6384,35.5416],[-82.6359,35.5389],[-82.6356,35.539],[-82.6339,35.5373],[-82.6313,35.5384],[-82.6307,35.5373],[-82.6294,35.5374],[-82.6278,35.5368],[-82.6271,35.5372],[-82.6219,35.5324],[-82.6203,35.5313],[-82.6169,35.5294],[-82.6147,35.5285],[-82.6078,35.5266],[-82.6079,35.5236],[-82.6068,35.5237],[-82.6064,35.5211],[-82.6053,35.5183],[-82.6042,35.5166],[-82.6028,35.5148],[-82.6035,35.514],[-82.6048,35.5142],[-82.6065,35.5149],[-82.6077,35.5158],[-82.6098,35.5167],[-82.6106,35.5176],[-82.6116,35.5179],[-82.6153,35.5176],[-82.618,35.5186],[-82.6193,35.5184],[-82.6207,35.5187],[-82.6246,35.52],[-82.6257,35.519],[-82.6271,35.5192],[-82.6284,35.519],[-82.6299,35.5159],[-82.6306,35.515],[-82.6316,35.512],[-82.6335,35.5103],[-82.6341,35.5092],[-82.6355,35.5089],[-82.6375,35.5091],[-82.6387,35.5088],[-82.6357,35.5062],[-82.6349,35.5058],[-82.6321,35.5059],[-82.6301,35.5043],[-82.6296,35.5031],[-82.6287,35.5021],[-82.6275,35.4996],[-82.6262,35.4988],[-82.6221,35.4974],[-82.6211,35.4965],[-82.6203,35.4963],[-82.6172,35.4948],[-82.6165,35.4941],[-82.6134,35.4964],[-82.6108,35.499],[-82.6109,35.5003],[-82.6105,35.5009],[-82.6068,35.5015],[-82.605,35.5022],[-82.6028,35.5027],[-82.6031,35.5034],[-82.6026,35.5059],[-82.6021,35.5067],[-82.5994,35.5073],[-82.5978,35.5074],[-82.5968,35.5068],[-82.5952,35.5042],[-82.5941,35.5029],[-82.593,35.5003],[-82.5932,35.4983],[-82.593,35.4975],[-82.5886,35.4926],[-82.5853,35.49],[-82.5839,35.4894],[-82.5825,35.489],[-82.5791,35.49],[-82.5756,35.4899],[-82.5749,35.4896],[-82.5732,35.4879],[-82.5705,35.4846],[-82.5694,35.4835],[-82.5677,35.4821],[-82.5665,35.4808],[-82.5659,35.4796],[-82.5676,35.477],[-82.5681,35.4751],[-82.5684,35.4744],[-82.5714,35.4731],[-82.5756,35.4698],[-82.578,35.469],[-82.5766,35.4662],[-82.5803,35.4642],[-82.5823,35.4638],[-82.5843,35.4631],[-82.5856,35.4629],[-82.5865,35.4619],[-82.5892,35.4591],[-82.5914,35.4588],[-82.5929,35.4575],[-82.5945,35.4567],[-82.5948,35.4557],[-82.5933,35.4561],[-82.592,35.457],[-82.5894,35.4555],[-82.5884,35.4557],[-82.5872,35.4564],[-82.5842,35.4551],[-82.5827,35.4527],[-82.5814,35.4537],[-82.5806,35.4537],[-82.5797,35.453],[-82.5768,35.4526],[-82.5762,35.4516],[-82.5742,35.4516],[-82.5736,35.4521],[-82.5726,35.4558],[-82.5727,35.4564],[-82.5701,35.4563],[-82.5692,35.4573],[-82.5657,35.4607],[-82.5632,35.4625],[-82.5617,35.4632],[-82.5606,35.4644],[-82.5607,35.4656],[-82.5596,35.4664],[-82.5582,35.4697],[-82.5582,35.4717],[-82.5585,35.4729],[-82.5581,35.4742],[-82.5578,35.4771],[-82.5572,35.4787],[-82.5581,35.4798],[-82.5593,35.4808],[-82.5593,35.4813],[-82.5575,35.4817],[-82.5562,35.4799],[-82.556,35.4774],[-82.5557,35.4762],[-82.5538,35.473],[-82.5533,35.4712],[-82.5524,35.4693],[-82.551,35.4675],[-82.5502,35.4657],[-82.5485,35.4631],[-82.5473,35.4616],[-82.5445,35.4594],[-82.5444,35.458],[-82.5453,35.4567],[-82.5489,35.4534],[-82.5508,35.4524],[-82.5533,35.4516],[-82.5554,35.4511],[-82.5575,35.4509],[-82.5585,35.4504],[-82.5595,35.4492],[-82.5596,35.4474],[-82.558,35.444],[-82.557,35.4442],[-82.5488,35.4443],[-82.5492,35.4424],[-82.5494,35.4406],[-82.5466,35.4404],[-82.5432,35.4329],[-82.5426,35.4313],[-82.5433,35.4311],[-82.5449,35.429],[-82.5443,35.4281],[-82.5469,35.4252],[-82.5439,35.4232],[-82.5398,35.4231],[-82.5388,35.4212],[-82.536,35.4222],[-82.5332,35.4164],[-82.5327,35.4166],[-82.5339,35.4191],[-82.5353,35.4224],[-82.5338,35.4229],[-82.5298,35.4228],[-82.5295,35.4301],[-82.5291,35.4361],[-82.5292,35.4365],[-82.5332,35.4363],[-82.5355,35.4364],[-82.5356,35.4374],[-82.5365,35.4382],[-82.5357,35.439],[-82.5347,35.442],[-82.535,35.4422],[-82.5341,35.4443],[-82.5307,35.4445],[-82.5267,35.4453],[-82.521,35.4453],[-82.5175,35.4448],[-82.5157,35.4448],[-82.5073,35.4449],[-82.5092,35.4507],[-82.5104,35.4532],[-82.511,35.4565],[-82.5117,35.4588],[-82.5106,35.4596],[-82.5115,35.4603],[-82.5114,35.4616],[-82.5093,35.462],[-82.5105,35.4632],[-82.509,35.4674],[-82.5084,35.4699],[-82.5071,35.4716],[-82.5032,35.4728],[-82.5018,35.4745],[-82.5007,35.4749],[-82.4982,35.4766],[-82.4972,35.4795],[-82.4957,35.4812],[-82.4942,35.4825],[-82.4938,35.4846],[-82.4935,35.4851],[-82.4963,35.4869],[-82.499,35.4889],[-82.505,35.4935],[-82.5039,35.4941],[-82.5016,35.4947],[-82.5001,35.4958],[-82.4984,35.4955],[-82.4978,35.4956],[-82.4972,35.4967],[-82.4969,35.4978],[-82.496,35.4987],[-82.4957,35.5013],[-82.4952,35.504],[-82.4945,35.5068],[-82.4947,35.5081],[-82.4941,35.5109],[-82.4945,35.5121],[-82.496,35.5153],[-82.4962,35.5177],[-82.4956,35.5199],[-82.4941,35.5219],[-82.4949,35.5222],[-82.495,35.5234],[-82.4956,35.524],[-82.4946,35.525],[-82.4909,35.5266],[-82.4896,35.5269],[-82.486,35.5253],[-82.4848,35.5254],[-82.485,35.5265],[-82.4861,35.5268],[-82.4878,35.5281],[-82.4875,35.5292],[-82.4864,35.5296],[-82.4852,35.5312],[-82.4842,35.5329],[-82.4844,35.5341],[-82.4833,35.5359],[-82.4834,35.5384],[-82.483,35.5393],[-82.4822,35.5395],[-82.4815,35.5404],[-82.4818,35.5418],[-82.4808,35.5438],[-82.481,35.5452],[-82.481,35.5472],[-82.4804,35.5487],[-82.481,35.5499],[-82.481,35.5531],[-82.4824,35.5547],[-82.4823,35.555],[-82.4857,35.5571],[-82.4863,35.5578],[-82.4874,35.5598],[-82.4888,35.5606],[-82.4933,35.5624],[-82.4916,35.5631],[-82.4882,35.5637],[-82.4871,35.5642],[-82.4855,35.5654],[-82.4845,35.5673],[-82.4841,35.5686],[-82.4821,35.5725],[-82.4794,35.5745],[-82.4791,35.5752],[-82.4755,35.5761],[-82.4747,35.5765],[-82.4719,35.5783],[-82.4704,35.5788],[-82.4667,35.5795],[-82.4636,35.5809],[-82.4632,35.5827],[-82.4628,35.5828],[-82.4604,35.5847],[-82.4607,35.5858],[-82.4617,35.586],[-82.463,35.5856],[-82.4632,35.5866],[-82.465,35.585],[-82.4664,35.5844],[-82.4668,35.5852],[-82.4699,35.5851],[-82.4714,35.5854],[-82.4711,35.5862],[-82.4734,35.5862],[-82.4731,35.5867],[-82.4735,35.5881],[-82.4741,35.589],[-82.4754,35.5899],[-82.4757,35.5907],[-82.4775,35.5913],[-82.479,35.5937],[-82.4829,35.5952],[-82.4838,35.5941],[-82.4869,35.5951],[-82.4891,35.5967],[-82.4899,35.5979],[-82.4899,35.5988],[-82.4894,35.6002],[-82.4894,35.6011],[-82.49,35.6025],[-82.4893,35.6042],[-82.4893,35.605],[-82.4902,35.6057],[-82.4928,35.6065],[-82.4939,35.6078],[-82.4941,35.6091],[-82.4927,35.6113],[-82.4926,35.6128],[-82.4922,35.6138],[-82.4916,35.6166],[-82.4919,35.6178],[-82.4931,35.62],[-82.4936,35.6206],[-82.4936,35.6217],[-82.4926,35.6228],[-82.4923,35.6238],[-82.4925,35.6257],[-82.4938,35.628],[-82.4955,35.6293],[-82.4958,35.6307],[-82.4967,35.6322],[-82.4967,35.6329],[-82.4957,35.6337],[-82.4929,35.6348],[-82.4916,35.6355],[-82.4904,35.6371],[-82.4903,35.6386],[-82.4909,35.6392],[-82.4929,35.64],[-82.4936,35.6415],[-82.4931,35.6438],[-82.4916,35.6456],[-82.4912,35.6477],[-82.4925,35.6482],[-82.4935,35.6491],[-82.4933,35.6508],[-82.4948,35.6511],[-82.4954,35.6525],[-82.4961,35.6519],[-82.4959,35.6505],[-82.4951,35.6498],[-82.4965,35.6483],[-82.497,35.6501],[-82.499,35.6499],[-82.4999,35.6501],[-82.4999,35.6484],[-82.5005,35.6477],[-82.5025,35.6468],[-82.5054,35.6468],[-82.5084,35.646],[-82.5118,35.6456],[-82.5183,35.6453],[-82.5175,35.6457],[-82.5171,35.6469],[-82.5223,35.6545],[-82.5259,35.6538],[-82.5246,35.6501],[-82.5262,35.6497],[-82.5262,35.6506],[-82.5289,35.6498],[-82.5315,35.6498],[-82.5316,35.6527],[-82.5333,35.6526],[-82.5337,35.6519],[-82.5354,35.6523],[-82.5367,35.652],[-82.537,35.6514],[-82.5391,35.6504],[-82.5397,35.6513],[-82.5442,35.6482],[-82.5453,35.6481],[-82.5458,35.6474],[-82.547,35.6505],[-82.5464,35.6512],[-82.5478,35.6518],[-82.5484,35.6524],[-82.5484,35.6534],[-82.5492,35.6534],[-82.5517,35.6538],[-82.5522,35.6531],[-82.5535,35.6539],[-82.5542,35.6561]]]},"properties":{"OBJECTID":6112},"id":6112},
{"type":"Feature","geometry":{"type":"Polygon","coordinates":[[[-80.7556,35.4893],[-80.7561,35.4896],[-80.7567,35.4889],[-80.756,35.4888],[-80.7556,35.4893]]]},"properties":{"OBJECTID":6113},"id":6113},
{"type":"Feature","geometry":{"type":"Polygon","coordinates":[[[-78.7083,35.6489],[-78.7087,35.6493],[-78.7103,35.6493],[-78.7101,35.6485],[-78.7085,35.6485],[-78.7083,35.6489]]]},"properties":{"OBJECTID":6120},"id":6120},
{"type":"Feature","geometry":{"type":"Polygon","coordinates":[[[-81.3561,35.6854],[-81.3562,35.6859],[-81.3565,35.6859],[-81.3565,35.6853],[-81.3561,35.6854]]]},"properties":{"OBJECTID":6121},"id":6121},
{"type":"Feature","geometry":{"type":"Polygon","coordinates":[[[-81.0522,35.317],[-81.0572,35.2963],[-81.0502,35.296],[-81.0438,35.3107],[-81.0467,35.3168],[-81.0522,35.317]]]},"properties":{"OBJECTID":6122},"id":6122},
{"type":"Feature","geometry":{"type":"Polygon","coordinates":[[[-80.8607,35.5585],[-80.8619,35.5581],[-80.8623,35.5572],[-80.8618,35.5565],[-80.8608,35.557],[-80.8607,35.5585]]]},"properties":{"OBJECTID":6126},"id":6126},
{"type":"Feature","geometry":{"type":"Polygon","coordinates":[[[-80.9305,35.7776],[-80.9306,35.7787],[-80.9314,35.7787],[-80.9313,35.7775],[-80.9305,35.7776]]]},"properties":{"OBJECTID":6127},"id":6127},
{"type":"Feature","geometry":{"type":"Polygon","coordinates":[[[-78.9359,35.6752],[-78.9359,35.6749],[-78.9351,35.6749],[-78.9351,35.6752],[-78.9359,35.6752]]]},"properties":{"OBJECTID":6132},"id":6132},
{"type":"Feature","geometry":{"type":"Polygon","coordinates":[[[-80.696,35.4804],[-80.6962,35.4805],[-80.701,35.4795],[-80.703,35.4805],[-80.7034,35.4787],[-80.7027,35.4775],[-80.7011,35.4755],[-80.7007,35.4771],[-80.6986,35.478],[-80.6975,35.4764],[-80.6988,35.4757],[-80.6972,35.4744],[-80.6957,35.4754],[-80.696,35.4804]]]},"properties":{"OBJECTID":6133},"id":6133},
{"type":"Feature","geometry":{"type":"Polygon","coordinates":[[[-81.3735,35.6841],[-81.3744,35.6841],[-81.3767,35.6813],[-81.3754,35.6811],[-81.3735,35.6811],[-81.3735,35.6841]]]},"properties":{"OBJECTID":6137},"id":6137},
{"type":"Feature","geometry":{"type":"Polygon","coordinates":[[[-80.5519,35.4372],[-80.5529,35.4371],[-80.5528,35.4364],[-80.5519,35.4372]]]},"properties":{"OBJECTID":6138},"id":6138},
{"type":"Feature","geometry":{"type":"Polygon","coordinates":[[[-79.4229,36.1446],[-79.425,36.1451],[-79.4275,36.1446],[-79.4296,36.1444],[-79.4316,36.1444],[-79.4348,36.1438],[-79.4366,36.1437],[-79.4391,36.1432],[-79.4414,36.142],[-79.4444,36.1413],[-79.4477,36.1413],[-79.4525,36.1416],[-79.4615,36.1418],[-79.4634,36.1417],[-79.4662,36.1411],[-79.4653,36.1391],[-79.4652,36.1378],[-79.4659,36.1337],[-79.4668,36.1339],[-79.469,36.1353],[-79.4705,36.1355],[-79.4727,36.1355],[-79.4752,36.1363],[-79.4773,36.1375],[-79.4798,36.1385],[-79.4797,36.1351],[-79.4808,36.1335],[-79.4859,36.1341],[-79.488,36.1339],[-79.4924,36.1323],[-79.4945,36.131],[-79.4996,36.1272],[-79.5005,36.1262],[-79.5018,36.1266],[-79.5086,36.1277],[-79.5124,36.1277],[-79.5129,36.1283],[-79.5146,36.1284],[-79.5161,36.1292],[-79.5171,36.1295],[-79.5228,36.1301],[-79.5252,36.1312],[-79.5279,36.1329],[-79.5278,36.1321],[-79.5279,36.1263],[-79.5277,36.1256],[-79.5257,36.1196],[-79.5232,36.1164],[-79.5216,36.115],[-79.5209,36.1141],[-79.5236,36.1138],[-79.5236,36.1123],[-79.524,36.1103],[-79.524,36.1091],[-79.5223,36.1091],[-79.5221,36.1073],[-79.5222,36.1032],[-79.5225,36.1032],[-79.5205,36.0981],[-79.5205,36.0965],[-79.5216,36.0942],[-79.5239,36.0914],[-79.5246,36.0906],[-79.5252,36.0915],[-79.5273,36.0933],[-79.5307,36.0907],[-79.5319,36.0906],[-79.5351,36.0879],[-79.5348,36.0875],[-79.5392,36.0829],[-79.5395,36.0824],[-79.5414,36.0815],[-79.5411,36.0805],[-79.5434,36.0796],[-79.5442,36.0776],[-79.5432,36.0763],[-79.542,36.0757],[-79.5408,36.0739],[-79.54,36.0721],[-79.5458,36.0721],[-79.5458,36.0708],[-79.5486,36.071],[-79.5488,36.0763],[-79.5468,36.0763],[-79.5469,36.079],[-79.5472,36.0792],[-79.551,36.0791],[-79.5522,36.0789],[-79.5525,36.0749],[-79.5527,36.0687],[-79.5501,36.0681],[-79.5501,36.067],[-79.5513,36.0676],[-79.5527,36.0677],[-79.5529,36.0634],[-79.5551,36.0635],[-79.5554,36.0643],[-79.5575,36.0645],[-79.5584,36.0619],[-79.5578,36.0616],[-79.5552,36.0613],[-79.553,36.0615],[-79.5508,36.0613],[-79.5393,36.063],[-79.5393,36.0581],[-79.5402,36.0579],[-79.5438,36.058],[-79.5445,36.055],[-79.5472,36.0528],[-79.5474,36.0512],[-79.5492,36.0516],[-79.5509,36.0516],[-79.5512,36.0508],[-79.55,36.0505],[-79.5512,36.0497],[-79.5519,36.0497],[-79.5534,36.0504],[-79.5545,36.0514],[-79.5546,36.0501],[-79.5538,36.0487],[-79.552,36.0485],[-79.552,36.0479],[-79.5535,36.0465],[-79.5541,36.0466],[-79.5558,36.0454],[-79.5569,36.0451],[-79.5578,36.0464],[-79.5595,36.0471],[-79.5601,36.0489],[-79.5609,36.0481],[-79.5626,36.0492],[-79.5623,36.0505],[-79.5641,36.0493],[-79.5661,36.0502],[-79.5654,36.0522],[-79.565,36.0526],[-79.5652,36.0545],[-79.5661,36.0545],[-79.5663,36.0527],[-79.567,36.0512],[-79.5677,36.0527],[-79.569,36.0524],[-79.5701,36.0536],[-79.5712,36.0537],[-79.5715,36.0542],[-79.5727,36.0545],[-79.5743,36.0553],[-79.5748,36.0575],[-79.5745,36.0588],[-79.5759,36.058],[-79.5757,36.0562],[-79.5799,36.0573],[-79.5814,36.0574],[-79.5813,36.0586],[-79.5827,36.0574],[-79.5873,36.0574],[-79.587,36.0555],[-79.5862,36.0563],[-79.5847,36.0559],[-79.5836,36.0563],[-79.5812,36.056],[-79.5785,36.0554],[-79.5772,36.0546],[-79.5762,36.055],[-79.5752,36.0542],[-79.5711,36.0522],[-79.5714,36.0513],[-79.5706,36.0509],[-79.5706,36.0486],[-79.5692,36.049],[-79.5684,36.0478],[-79.5659,36.0479],[-79.5629,36.0452],[-79.5634,36.0446],[-79.5646,36.0449],[-79.5647,36.043],[-79.5655,36.0425],[-79.5664,36.0433],[-79.5678,36.0437],[-79.5687,36.0426],[-79.5696,36.0429],[-79.5701,36.0396],[-79.5714,36.0403],[-79.5708,36.0386],[-79.5721,36.0382],[-79.5732,36.0401],[-79.5736,36.0397],[-79.5728,36.0376],[-79.5732,36.0375],[-79.5757,36.0395],[-79.5764,36.039],[-79.5783,36.0399],[-79.5793,36.0414],[-79.5802,36.0416],[-79.5815,36.0407],[-79.5828,36.0414],[-79.5828,36.0404],[-79.5839,36.0404],[-79.5853,36.042],[-79.5856,36.0433],[-79.5873,36.0434],[-79.5882,36.0417],[-79.59,36.0409],[-79.5888,36.0396],[-79.5892,36.0366],[-79.5922,36.0378],[-79.5929,36.0384],[-79.5951,36.0385],[-79.5967,36.0376],[-79.5975,36.0379],[-79.5978,36.0364],[-79.5984,36.0351],[-79.5976,36.0338],[-79.5954,36.0328],[-79.5979,36.032],[-79.5984,36.0314],[-79.5996,36.0313],[-79.6009,36.0326],[-79.6004,36.0347],[-79.601,36.0367],[-79.6018,36.0364],[-79.6015,36.0348],[-79.6032,36.0342],[-79.6037,36.0332],[-79.6043,36.0313],[-79.6041,36.0294],[-79.6053,36.029],[-79.6056,36.0284],[-79.6074,36.0269],[-79.6093,36.026],[-79.6105,36.0245],[-79.6123,36.0246],[-79.6144,36.0237],[-79.615,36.0216],[-79.6145,36.0211],[-79.6132,36.0212],[-79.6127,36.0205],[-79.6131,36.0188],[-79.6152,36.0201],[-79.616,36.0196],[-79.6133,36.0183],[-79.6119,36.0189],[-79.6127,36.0213],[-79.6144,36.0219],[-79.6135,36.0237],[-79.6102,36.024],[-79.6095,36.0246],[-79.6076,36.0246],[-79.6079,36.0252],[-79.6054,36.0271],[-79.6045,36.0271],[-79.6031,36.0274],[-79.6032,36.0283],[-79.6024,36.0297],[-79.6034,36.0311],[-79.6022,36.033],[-79.6,36.0304],[-79.5985,36.0303],[-79.5972,36.0314],[-79.5945,36.0326],[-79.5945,36.0336],[-79.5958,36.0339],[-79.5972,36.0347],[-79.5971,36.0356],[-79.5945,36.0379],[-79.5933,36.0371],[-79.5904,36.0358],[-79.5889,36.0355],[-79.5881,36.0361],[-79.5869,36.0409],[-79.5854,36.0399],[-79.5856,36.039],[-79.5818,36.0382],[-79.5828,36.0377],[-79.5846,36.036],[-79.5845,36.0352],[-79.5851,36.034],[-79.5849,36.033],[-79.5851,36.031],[-79.5831,36.0357],[-79.5816,36.0365],[-79.5804,36.0358],[-79.5796,36.0357],[-79.5792,36.0378],[-79.5779,36.0374],[-79.5771,36.0352],[-79.5757,36.034],[-79.5744,36.0344],[-79.5736,36.0337],[-79.5716,36.0349],[-79.5719,36.0362],[-79.5681,36.0376],[-79.5672,36.0354],[-79.5667,36.036],[-79.5667,36.0394],[-79.5636,36.0412],[-79.5632,36.0408],[-79.5634,36.0398],[-79.5621,36.0403],[-79.5622,36.0412],[-79.56,36.0409],[-79.5623,36.0423],[-79.5606,36.0437],[-79.559,36.0438],[-79.556,36.043],[-79.5543,36.044],[-79.5537,36.0435],[-79.5501,36.0463],[-79.5492,36.0472],[-79.5482,36.0451],[-79.5489,36.0437],[-79.5484,36.0436],[-79.5469,36.0456],[-79.5461,36.046],[-79.5449,36.044],[-79.544,36.0436],[-79.5425,36.0439],[-79.5421,36.0448],[-79.5414,36.0449],[-79.5393,36.0438],[-79.5393,36.0427],[-79.5407,36.0423],[-79.5404,36.0418],[-79.5411,36.0409],[-79.543,36.0396],[-79.5441,36.0392],[-79.5438,36.0386],[-79.5446,36.0381],[-79.5453,36.0386],[-79.5457,36.0374],[-79.5475,36.0357],[-79.548,36.0346],[-79.5449,36.037],[-79.5404,36.0391],[-79.5395,36.039],[-79.5393,36.0362],[-79.5395,36.025],[-79.5373,36.0221],[-79.5352,36.0208],[-79.5343,36.02],[-79.5328,36.017],[-79.5348,36.0166],[-79.5375,36.0149],[-79.5371,36.0142],[-79.5377,36.0133],[-79.5385,36.0134],[-79.5402,36.0109],[-79.5417,36.0116],[-79.5422,36.0113],[-79.5412,36.0098],[-79.54,36.0106],[-79.5384,36.0127],[-79.5376,36.0127],[-79.5361,36.0149],[-79.534,36.0155],[-79.5334,36.0167],[-79.5327,36.0162],[-79.5327,36.0153],[-79.5317,36.0111],[-79.5317,36.0098],[-79.5327,36.0074],[-79.5335,36.0059],[-79.5335,36.0049],[-79.5294,36.0042],[-79.5253,36.0066],[-79.52,36.0092],[-79.5176,36.0105],[-79.5093,36.0141],[-79.5041,36.0162],[-79.5026,36.0166],[-79.4916,36.0186],[-79.4887,36.0195],[-79.4869,36.0205],[-79.4857,36.0207],[-79.4784,36.0215],[-79.4732,36.0222],[-79.4668,36.0214],[-79.4631,36.0217],[-79.4608,36.0215],[-79.4588,36.0218],[-79.4562,36.023],[-79.4531,36.023],[-79.4514,36.0229],[-79.4451,36.0211],[-79.4419,36.021],[-79.4391,36.0211],[-79.4373,36.0206],[-79.4336,36.0186],[-79.4324,36.0175],[-79.4317,36.0154],[-79.432,36.0124],[-79.4286,36.0124],[-79.4261,36.0123],[-79.4205,36.0114],[-79.4189,36.0107],[-79.4153,36.0078],[-79.4118,36.0056],[-79.4112,36.005],[-79.4085,36.0019],[-79.4072,36.001],[-79.4054,36.0006],[-79.4043,36.0008],[-79.4029,36.0014],[-79.4009,36.0032],[-79.3999,36.0036],[-79.3915,36.0051],[-79.3897,36.0051],[-79.3886,36.0048],[-79.3866,36.0038],[-79.3854,36.0036],[-79.3799,36.004],[-79.3782,36.0047],[-79.3735,36.0087],[-79.3707,36.0105],[-79.3701,36.0113],[-79.3693,36.0138],[-79.3671,36.0179],[-79.3656,36.0173],[-79.3651,36.0185],[-79.3649,36.0203],[-79.3654,36.0228],[-79.3662,36.0236],[-79.367,36.0235],[-79.3679,36.0247],[-79.3679,36.0256],[-79.3691,36.0271],[-79.3692,36.029],[-79.3678,36.0305],[-79.3673,36.0312],[-79.3669,36.0338],[-79.3665,36.0345],[-79.3638,36.0364],[-79.3634,36.0371],[-79.3636,36.0385],[-79.3643,36.0398],[-79.3653,36.0409],[-79.3675,36.0426],[-79.3673,36.0434],[-79.3677,36.0455],[-79.3672,36.0472],[-79.3666,36.0479],[-79.3648,36.046],[-79.3634,36.0481],[-79.3631,36.0499],[-79.3626,36.0508],[-79.3586,36.0544],[-79.3574,36.0547],[-79.3549,36.055],[-79.3549,36.0567],[-79.3539,36.0586],[-79.3537,36.06],[-79.3545,36.0618],[-79.3529,36.0609],[-79.3519,36.0595],[-79.3513,36.0571],[-79.3475,36.0578],[-79.3473,36.0564],[-79.3449,36.0572],[-79.3437,36.0578],[-79.3398,36.0608],[-79.3405,36.0616],[-79.3451,36.064],[-79.345,36.0665],[-79.3446,36.0689],[-79.3438,36.0696],[-79.3439,36.071],[-79.3427,36.0725],[-79.3438,36.0743],[-79.3443,36.0765],[-79.3432,36.0782],[-79.3413,36.0797],[-79.3404,36.0802],[-79.3385,36.0798],[-79.3375,36.0802],[-79.3369,36.0829],[-79.3359,36.084],[-79.3341,36.0852],[-79.3334,36.0873],[-79.3334,36.0905],[-79.334,36.0932],[-79.336,36.095],[-79.3381,36.0953],[-79.3384,36.0962],[-79.338,36.0982],[-79.3386,36.0996],[-79.3384,36.1011],[-79.3387,36.1024],[-79.342,36.1066],[-79.3538,36.1129],[-79.3568,36.1129],[-79.3586,36.1132],[-79.3605,36.1138],[-79.3618,36.1146],[-79.3624,36.1157],[-79.3624,36.1183],[-79.3628,36.1192],[-79.3807,36.1288],[-79.3816,36.1281],[-79.3873,36.1254],[-79.3931,36.1229],[-79.3976,36.1214],[-79.3993,36.1213],[-79.4004,36.1217],[-79.4038,36.1237],[-79.4051,36.1234],[-79.4077,36.1261],[-79.4105,36.1284],[-79.4112,36.1295],[-79.412,36.1313],[-79.4159,36.1356],[-79.4172,36.1382],[-79.4203,36.1401],[-79.4214,36.1419],[-79.4225,36.1443],[-79.4229,36.1446]],[[-79.5464,36.0518],[-79.5458,36.0507],[-79.5446,36.0493],[-79.5448,36.0475],[-79.5455,36.0474],[-79.5471,36.0501],[-79.5464,36.0518]],[[-79.5443,36.0698],[-79.5393,36.0696],[-79.5393,36.0662],[-79.5434,36.0662],[-79.5438,36.0651],[-79.5459,36.0648],[-79.5461,36.066],[-79.5459,36.0694],[-79.5443,36.0698]]]},"properties":{"OBJECTID":6139},"id":6139},
{"type":"Feature","geometry":{"type":"Polygon","coordinates":[[[-80.7451,35.4439],[-80.7475,35.4439],[-80.7477,35.446],[-80.7539,35.446],[-80.7529,35.4434],[-80.7556,35.4433],[-80.7548,35.4417],[-80.7487,35.4422],[-80.7466,35.4421],[-80.7451,35.4439]]]},"properties":{"OBJECTID":6142},"id":6142},
{"type":"Feature","geometry":{"type":"Polygon","coordinates":[[[-78.7982,35.5644],[-78.8007,35.5652],[-78.8011,35.5631],[-78.801,35.5616],[-78.7991,35.5612],[-78.798,35.5615],[-78.798,35.5603],[-78.8019,35.5616],[-78.8024,35.5593],[-78.8012,35.559],[-78.7986,35.5576],[-78.7975,35.5573],[-78.796,35.5574],[-78.7957,35.5585],[-78.796,35.56],[-78.7952,35.5601],[-78.794,35.5596],[-78.7931,35.5588],[-78.7926,35.5605],[-78.7968,35.5618],[-78.7963,35.5629],[-78.7952,35.5625],[-78.7949,35.5633],[-78.7982,35.5644]]]},"properties":{"OBJECTID":6151},"id":6151},
{"type":"Feature","geometry":{"type":"Polygon","coordinates":[[[-77.4444,35.5697],[-77.4441,35.5704],[-77.4445,35.5702],[-77.4444,35.5697]]]},"properties":{"OBJECTID":6154},"id":6154},
{"type":"Feature","geometry":{"type":"Polygon","coordinates":[[[-78.9297,35.2129],[-78.93,35.2136],[-78.9315,35.2147],[-78.9345,35.2158],[-78.9362,35.2166],[-78.9384,35.2174],[-78.9417,35.2189],[-78.9427,35.2189],[-78.977,35.2119],[-78.978,35.2118],[-78.9824,35.2122],[-78.9827,35.2124],[-78.998,35.2141],[-79.027,35.2079],[-79.0367,35.2057],[-79.0481,35.203],[-79.0668,35.1979],[-79.0738,35.1964],[-79.0962,35.192],[-79.0972,35.191],[-79.0972,35.1902],[-79.0983,35.1877],[-79.098,35.1857],[-79.0987,35.1841],[-79.0984,35.1819],[-79.0978,35.1812],[-79.0983,35.1804],[-79.0965,35.1793],[-79.0971,35.1784],[-79.0964,35.1777],[-79.0977,35.1741],[-79.0995,35.1696],[-79.1014,35.1642],[-79.1023,35.1615],[-79.1062,35.1474],[-79.1078,35.1416],[-79.1084,35.1395],[-79.1129,35.1269],[-79.113,35.1254],[-79.1128,35.1247],[-79.1119,35.1242],[-79.1092,35.1247],[-79.1079,35.1234],[-79.1076,35.1224],[-79.1068,35.1218],[-79.1052,35.1211],[-79.1052,35.1198],[-79.1042,35.1186],[-79.1035,35.1173],[-79.1025,35.1162],[-79.1019,35.115],[-79.1013,35.1146],[-79.1002,35.1109],[-79.1008,35.1082],[-79.0998,35.1069],[-79.099,35.1053],[-79.0999,35.1033],[-79.0996,35.1022],[-79.0983,35.101],[-79.0995,35.0992],[-79.0993,35.0979],[-79.0983,35.0966],[-79.0981,35.0956],[-79.0984,35.0941],[-79.0978,35.0934],[-79.0956,35.0925],[-79.0941,35.0915],[-79.0932,35.0902],[-79.0935,35.089],[-79.0926,35.0866],[-79.0919,35.0831],[-79.0921,35.0818],[-79.0933,35.0805],[-79.0931,35.0791],[-79.0915,35.0788],[-79.0904,35.0778],[-79.0898,35.0756],[-79.0899,35.0748],[-79.0895,35.0735],[-79.0897,35.0725],[-79.0893,35.071],[-79.09,35.0694],[-79.091,35.0682],[-79.0909,35.0649],[-79.0921,35.0638],[-79.0915,35.0619],[-79.0916,35.0608],[-79.0905,35.0596],[-79.0918,35.058],[-79.0925,35.0578],[-79.0931,35.0567],[-79.0931,35.0559],[-79.0902,35.0541],[-79.0897,35.0523],[-79.0883,35.0517],[-79.089,35.0504],[-79.0882,35.0496],[-79.0895,35.0489],[-79.0906,35.0486],[-79.0917,35.0473],[-79.0901,35.046],[-79.0907,35.0439],[-79.0903,35.042],[-79.0892,35.0416],[-79.0878,35.0396],[-79.0878,35.0385],[-79.086,35.0365],[-79.0842,35.0354],[-79.084,35.0336],[-79.0832,35.0328],[-79.0827,35.0316],[-79.0821,35.0309],[-79.0728,35.0182],[-79.0723,35.018],[-79.0714,35.0146],[-79.0702,35.0136],[-79.0687,35.0129],[-79.0681,35.0131],[-79.0658,35.0119],[-79.0627,35.0093],[-79.0611,35.0075],[-79.061,35.0057],[-79.0607,35.0046],[-79.0594,35.0031],[-79.0575,35.0016],[-79.0566,34.9993],[-79.0568,34.9985],[-79.0552,34.9966],[-79.0532,34.9949],[-79.0523,34.9961],[-79.0517,34.9957],[-79.051,34.9966],[-79.0499,34.9964],[-79.0495,34.9957],[-79.0526,34.9949],[-79.052,34.9944],[-79.0496,34.9918],[-79.0493,34.9899],[-79.0483,34.9882],[-79.0475,34.9855],[-79.0475,34.9848],[-79.0482,34.9834],[-79.0481,34.9813],[-79.0462,34.9818],[-79.0451,34.9818],[-79.0383,34.9814],[-79.034,34.9814],[-79.0278,34.9832],[-79.0273,34.9832],[-79.0171,34.9813],[-79.0165,34.982],[-79.0152,34.9813],[-79.0108,34.9807],[-79.0093,34.9802],[-79.0084,34.9778],[-79.0081,34.9755],[-79.0088,34.974],[-79.0134,34.9755],[-79.0119,34.9724],[-79.0079,34.9735],[-79.008,34.9765],[-79.0083,34.9781],[-79.0065,34.978],[-79.0062,34.9801],[-79.0038,34.9797],[-79.0041,34.9782],[-79.0023,34.9779],[-79.002,34.9795],[-78.9909,34.978],[-78.9903,34.981],[-78.9887,34.9809],[-78.9886,34.982],[-78.9899,34.9821],[-78.9907,34.9827],[-78.9906,34.9839],[-78.99,34.9849],[-78.9883,34.9859],[-78.9868,34.9855],[-78.9866,34.9838],[-78.9852,34.985],[-78.9862,34.9865],[-78.9843,34.9859],[-78.9837,34.9859],[-78.9825,34.984],[-78.9818,34.9842],[-78.9792,34.9802],[-78.9783,34.9787],[-78.9779,34.9774],[-78.978,34.9762],[-78.9793,34.9764],[-78.98,34.976],[-78.9799,34.9786],[-78.9796,34.9795],[-78.9811,34.979],[-78.9814,34.9783],[-78.9813,34.9767],[-78.9835,34.9771],[-78.9841,34.9765],[-78.9869,34.976],[-78.987,34.9739],[-78.9928,34.9742],[-78.9939,34.9739],[-78.9941,34.9717],[-78.9961,34.9717],[-78.9962,34.9693],[-79.0013,34.9696],[-79.0014,34.967],[-78.9998,34.9669],[-78.9998,34.9647],[-79.0013,34.9647],[-79.002,34.9641],[-79.002,34.9634],[-79.0035,34.963],[-79.0081,34.9633],[-79.0074,34.9623],[-79.0053,34.962],[-79.005,34.9609],[-79.0056,34.9604],[-79.0057,34.9585],[-79.0051,34.9582],[-79.0042,34.9595],[-79.0026,34.9592],[-79.0017,34.9595],[-79.0015,34.9584],[-79.0009,34.9584],[-79.0008,34.9611],[-78.9994,34.9606],[-78.9994,34.9616],[-78.9954,34.9633],[-78.9952,34.9667],[-78.9933,34.9667],[-78.9932,34.9686],[-78.9918,34.9685],[-78.9929,34.9666],[-78.991,34.9665],[-78.9895,34.9577],[-78.9893,34.9582],[-78.9865,34.9521],[-78.9858,34.9522],[-78.984,34.9529],[-78.9829,34.9503],[-78.9809,34.9479],[-78.9786,34.9499],[-78.9781,34.9519],[-78.9759,34.9532],[-78.9723,34.9514],[-78.9705,34.9517],[-78.9695,34.9512],[-78.9686,34.9495],[-78.9684,34.9517],[-78.9682,34.9556],[-78.9629,34.9558],[-78.9602,34.9566],[-78.9564,34.958],[-78.9563,34.9595],[-78.9573,34.9601],[-78.956,34.9626],[-78.956,34.9634],[-78.955,34.9634],[-78.9543,34.962],[-78.9526,34.9623],[-78.9513,34.9618],[-78.9506,34.9611],[-78.9495,34.9615],[-78.9489,34.9611],[-78.9471,34.9609],[-78.9441,34.961],[-78.9437,34.9599],[-78.9443,34.9591],[-78.9434,34.9572],[-78.9403,34.9583],[-78.9383,34.9579],[-78.9375,34.9586],[-78.9338,34.9584],[-78.9324,34.9591],[-78.9303,34.9597],[-78.9282,34.9596],[-78.9265,34.9611],[-78.9246,34.962],[-78.9263,34.9642],[-78.9284,34.963],[-78.9293,34.9621],[-78.9313,34.9621],[-78.9316,34.961],[-78.9328,34.9612],[-78.9341,34.9607],[-78.9334,34.9599],[-78.9354,34.9595],[-78.9378,34.9601],[-78.9372,34.9622],[-78.9381,34.9628],[-78.9373,34.9638],[-78.9362,34.9636],[-78.9343,34.964],[-78.9336,34.9648],[-78.9329,34.965],[-78.9336,34.966],[-78.9336,34.9671],[-78.9325,34.9688],[-78.932,34.9708],[-78.9303,34.9703],[-78.9298,34.9708],[-78.9286,34.9698],[-78.9292,34.9687],[-78.929,34.9676],[-78.9282,34.9675],[-78.9276,34.9704],[-78.9258,34.9698],[-78.9242,34.9707],[-78.9244,34.9713],[-78.9227,34.9721],[-78.9208,34.9736],[-78.9217,34.9747],[-78.9234,34.9773],[-78.9245,34.9785],[-78.9225,34.9799],[-78.9247,34.9821],[-78.9238,34.9833],[-78.9238,34.9839],[-78.9282,34.9854],[-78.93,34.9842],[-78.9302,34.9846],[-78.9317,34.9842],[-78.9316,34.9855],[-78.9306,34.9869],[-78.9305,34.9875],[-78.9322,34.9872],[-78.9338,34.9874],[-78.9349,34.987],[-78.9363,34.9861],[-78.9375,34.9861],[-78.9391,34.9856],[-78.9398,34.9846],[-78.9402,34.9833],[-78.9388,34.982],[-78.9405,34.9822],[-78.9442,34.9828],[-78.9462,34.9829],[-78.948,34.9828],[-78.9507,34.9823],[-78.9529,34.9814],[-78.955,34.98],[-78.9554,34.9812],[-78.9571,34.9812],[-78.9557,34.9798],[-78.9561,34.9793],[-78.9579,34.9812],[-78.9596,34.9812],[-78.9617,34.9825],[-78.9627,34.9834],[-78.9612,34.984],[-78.962,34.9875],[-78.9656,34.9881],[-78.966,34.9888],[-78.9649,34.9893],[-78.9651,34.9926],[-78.9656,34.9934],[-78.9652,34.9952],[-78.9658,34.9961],[-78.9654,34.9995],[-78.9654,35.0033],[-78.963,35.0036],[-78.9628,35.0033],[-78.9603,35.0037],[-78.9593,35.0029],[-78.9539,35.0037],[-78.9529,35.0047],[-78.95,35.006],[-78.9465,35.006],[-78.9437,35.0058],[-78.9405,35.0061],[-78.9367,35.0072],[-78.9316,35.0078],[-78.9285,35.0084],[-78.9255,35.0096],[-78.9233,35.0099],[-78.9215,35.0096],[-78.9203,35.0087],[-78.9187,35.0079],[-78.9185,35.006],[-78.9178,35.0048],[-78.9152,35.0031],[-78.914,35.0026],[-78.908,35.0015],[-78.9058,35.0005],[-78.9045,34.9994],[-78.9057,34.9988],[-78.9063,34.9994],[-78.9108,34.9971],[-78.9067,34.9924],[-78.9045,34.9934],[-78.9031,34.9928],[-78.904,34.9905],[-78.9041,34.9876],[-78.9043,34.9867],[-78.9066,34.9823],[-78.9106,34.9752],[-78.9148,34.9683],[-78.9175,34.9629],[-78.915,34.9619],[-78.91,34.9608],[-78.9083,34.9599],[-78.9075,34.9597],[-78.9012,34.9594],[-78.8995,34.9589],[-78.8956,34.9564],[-78.8884,34.9626],[-78.8848,34.9652],[-78.8825,34.9665],[-78.8783,34.9685],[-78.8738,34.9701],[-78.863,34.9731],[-78.8608,34.9739],[-78.8587,34.975],[-78.8512,34.98],[-78.8438,34.984],[-78.8413,34.9859],[-78.8379,34.9894],[-78.836,34.9911],[-78.828,34.9979],[-78.826,34.9997],[-78.8246,35.0012],[-78.8241,35.0007],[-78.8223,35.0027],[-78.8212,35.0035],[-78.8191,35.0046],[-78.8179,35.004],[-78.8169,35.0052],[-78.8141,35.0033],[-78.8127,35.0044],[-78.8135,35.0053],[-78.813,35.0062],[-78.8143,35.0069],[-78.8139,35.0077],[-78.8148,35.0085],[-78.8142,35.0096],[-78.8155,35.01],[-78.8175,35.0087],[-78.8183,35.0073],[-78.8196,35.0075],[-78.8175,35.0107],[-78.8181,35.0116],[-78.8158,35.0153],[-78.814,35.0174],[-78.8108,35.0212],[-78.8094,35.0235],[-78.8079,35.0273],[-78.8058,35.0345],[-78.8022,35.0463],[-78.8049,35.0465],[-78.8177,35.0467],[-78.8202,35.0475],[-78.8234,35.0488],[-78.8262,35.0496],[-78.8313,35.0528],[-78.8344,35.0543],[-78.8413,35.0543],[-78.8418,35.055],[-78.8414,35.0572],[-78.841,35.0582],[-78.8413,35.0587],[-78.8346,35.0626],[-78.8354,35.063],[-78.8367,35.0642],[-78.8394,35.0624],[-78.8417,35.0618],[-78.8428,35.0646],[-78.8542,35.0649],[-78.8543,35.0685],[-78.8545,35.0703],[-78.8557,35.0727],[-78.8569,35.0741],[-78.8586,35.0755],[-78.8608,35.0779],[-78.8532,35.0823],[-78.848,35.0854],[-78.8479,35.0862],[-78.8479,35.0893],[-78.8494,35.089],[-78.8494,35.0878],[-78.8566,35.0863],[-78.8567,35.0879],[-78.8581,35.0938],[-78.8635,35.0925],[-78.8626,35.0943],[-78.8596,35.0978],[-78.8582,35.0996],[-78.8573,35.1018],[-78.856,35.1074],[-78.8554,35.1098],[-78.8554,35.1115],[-78.8556,35.1139],[-78.8561,35.115],[-78.8587,35.118],[-78.8599,35.1207],[-78.8607,35.1215],[-78.8607,35.1242],[-78.8602,35.1261],[-78.8587,35.1285],[-78.856,35.1321],[-78.8551,35.1337],[-78.8537,35.1369],[-78.8525,35.1409],[-78.8515,35.1426],[-78.8492,35.1448],[-78.852,35.1472],[-78.8537,35.1482],[-78.8546,35.15],[-78.8552,35.1524],[-78.8562,35.1538],[-78.8559,35.1564],[-78.8543,35.1611],[-78.8542,35.1618],[-78.8557,35.1621],[-78.8566,35.1636],[-78.8589,35.1643],[-78.86,35.1645],[-78.8613,35.1652],[-78.8616,35.1671],[-78.8627,35.1682],[-78.8632,35.1713],[-78.8631,35.1723],[-78.8638,35.1734],[-78.8659,35.1741],[-78.8681,35.174],[-78.8692,35.1731],[-78.8705,35.1731],[-78.8718,35.1751],[-78.8736,35.1763],[-78.8763,35.176],[-78.8795,35.1771],[-78.884,35.18],[-78.8881,35.1798],[-78.8922,35.1786],[-78.8964,35.1791],[-78.8999,35.1805],[-78.9038,35.1793],[-78.9059,35.1791],[-78.9084,35.1852],[-78.9088,35.1911],[-78.9122,35.1932],[-78.9179,35.1961],[-78.9266,35.2016],[-78.9285,35.2097],[-78.9297,35.2129]],[[-78.9811,34.9693],[-78.9768,34.969],[-78.9771,34.9673],[-78.9766,34.9663],[-78.9755,34.9666],[-78.9754,34.9639],[-78.975,34.9636],[-78.9733,34.9635],[-78.9715,34.9623],[-78.9726,34.9614],[-78.9739,34.9615],[-78.975,34.9608],[-78.9757,34.9596],[-78.9767,34.9594],[-78.9773,34.9583],[-78.9766,34.9578],[-78.9766,34.957],[-78.9757,34.9568],[-78.9745,34.9559],[-78.976,34.9546],[-78.9778,34.9559],[-78.9786,34.9571],[-78.9796,34.9577],[-78.9817,34.9581],[-78.9819,34.9591],[-78.9832,34.9587],[-78.9847,34.9591],[-78.985,34.9584],[-78.9866,34.958],[-78.9863,34.9591],[-78.9827,34.9616],[-78.9801,34.9631],[-78.9813,34.9676],[-78.9811,34.9693]]]},"properties":{"OBJECTID":6156},"id":6156},
{"type":"Feature","geometry":{"type":"Polygon","coordinates":[[[-81.3146,35.6733],[-81.3157,35.6756],[-81.3179,35.6781],[-81.3184,35.6783],[-81.3199,35.678],[-81.3211,35.6761],[-81.3243,35.674],[-81.3236,35.6727],[-81.3222,35.6719],[-81.3163,35.6726],[-81.3158,35.6724],[-81.3146,35.6733]]]},"properties":{"OBJECTID":6160},"id":6160},
{"type":"Feature","geometry":{"type":"Polygon","coordinates":[[[-79.5004,36.1539],[-79.5013,36.1547],[-79.506,36.1532],[-79.5117,36.1532],[-79.5117,36.1502],[-79.5055,36.1499],[-79.5053,36.1523],[-79.5015,36.1523],[-79.5015,36.1531],[-79.5004,36.1539]]]},"properties":{"OBJECTID":6161},"id":6161},
{"type":"Feature","geometry":{"type":"Polygon","coordinates":[[[-78.7667,35.5691],[-78.7677,35.5689],[-78.7689,35.5707],[-78.7713,35.571],[-78.7725,35.5692],[-78.7717,35.5689],[-78.7684,35.5685],[-78.7669,35.5655],[-78.7639,35.5654],[-78.764,35.5638],[-78.7626,35.5638],[-78.7624,35.5656],[-78.7667,35.5691]]]},"properties":{"OBJECTID":6165},"id":6165},
{"type":"Feature","geometry":{"type":"Polygon","coordinates":[[[-81.286,35.6667],[-81.2858,35.6654],[-81.2872,35.6655],[-81.2874,35.6645],[-81.2868,35.6632],[-81.2869,35.6615],[-81.2857,35.661],[-81.2851,35.6623],[-81.284,35.6666],[-81.286,35.6667]]]},"properties":{"OBJECTID":6166},"id":6166},
{"type":"Feature","geometry":{"type":"Polygon","coordinates":[[[-77.4205,35.5237],[-77.4245,35.5236],[-77.4241,35.5231],[-77.423,35.5199],[-77.4223,35.519],[-77.4219,35.5171],[-77.4145,35.5175],[-77.4149,35.5228],[-77.4203,35.5227],[-77.4205,35.5237]]]},"properties":{"OBJECTID":6167},"id":6167},
{"type":"Feature","geometry":{"type":"Polygon","coordinates":[[[-80.8673,35.5314],[-80.8681,35.5327],[-80.869,35.533],[-80.8688,35.5252],[-80.8673,35.5232],[-80.8644,35.5232],[-80.8633,35.5275],[-80.8641,35.5296],[-80.8659,35.529],[-80.8663,35.5309],[-80.8673,35.5314]]]},"properties":{"OBJECTID":6168},"id":6168},
{"type":"Feature","geometry":{"type":"Polygon","coordinates":[[[-80.6344,35.2716],[-80.6352,35.2728],[-80.6462,35.2699],[-80.6448,35.2689],[-80.6404,35.2665],[-80.6391,35.2673],[-80.6375,35.2679],[-80.6374,35.2691],[-80.6364,35.2713],[-80.6351,35.2711],[-80.6344,35.2716]]]},"properties":{"OBJECTID":6170},"id":6170},
{"type":"Feature","geometry":{"type":"Polygon","coordinates":[[[-78.0746,34.2571],[-78.0745,34.258],[-78.0753,34.2581],[-78.0754,34.2569],[-78.0746,34.2571]]]},"properties":{"OBJECTID":6171},"id":6171},
{"type":"Feature","geometry":{"type":"Polygon","coordinates":[[[-80.7626,35.4895],[-80.7654,35.4905],[-80.7651,35.4897],[-80.7673,35.4868],[-80.7648,35.4842],[-80.7636,35.4841],[-80.7587,35.486],[-80.7594,35.487],[-80.7626,35.4895]]]},"properties":{"OBJECTID":6173},"id":6173},
{"type":"Feature","geometry":{"type":"Polygon","coordinates":[[[-81.264,35.3547],[-81.2633,35.3572],[-81.2651,35.3572],[-81.2659,35.3539],[-81.2647,35.3538],[-81.2653,35.351],[-81.2673,35.3517],[-81.2696,35.347],[-81.2715,35.3476],[-81.2706,35.3495],[-81.2715,35.35],[-81.2723,35.3498],[-81.2735,35.348],[-81.273,35.3455],[-81.274,35.344],[-81.2724,35.3438],[-81.2724,35.3426],[-81.2751,35.3426],[-81.2758,35.3389],[-81.274,35.3385],[-81.2742,35.3374],[-81.2749,35.3374],[-81.2738,35.333],[-81.2741,35.3308],[-81.2697,35.33],[-81.2693,35.332],[-81.2696,35.3335],[-81.2689,35.3341],[-81.268,35.3366],[-81.2646,35.3349],[-81.2586,35.3345],[-81.2556,35.3412],[-81.2629,35.3444],[-81.2564,35.3548],[-81.2566,35.3559],[-81.2586,35.3565],[-81.2625,35.3502],[-81.2633,35.3505],[-81.2619,35.356],[-81.2627,35.3553],[-81.264,35.3547]]]},"properties":{"OBJECTID":6174},"id":6174},
{"type":"Feature","geometry":{"type":"Polygon","coordinates":[[[-78.7758,35.677],[-78.7765,35.6782],[-78.7768,35.6796],[-78.7788,35.6796],[-78.7788,35.6791],[-78.7812,35.6791],[-78.7805,35.677],[-78.7758,35.677]]]},"properties":{"OBJECTID":6175},"id":6175},
{"type":"Feature","geometry":{"type":"Polygon","coordinates":[[[-78.7972,35.6888],[-78.7972,35.6909],[-78.8001,35.6909],[-78.7997,35.6902],[-78.8005,35.6894],[-78.8005,35.6886],[-78.8041,35.6887],[-78.8052,35.685],[-78.8069,35.685],[-78.8072,35.6838],[-78.8005,35.6835],[-78.8005,35.6869],[-78.7972,35.6869],[-78.7972,35.6888]]]},"properties":{"OBJECTID":6177},"id":6177},
{"type":"Feature","geometry":{"type":"Polygon","coordinates":[[[-81.0206,35.1853],[-81.0214,35.1853],[-81.0215,35.1849],[-81.0206,35.1848],[-81.0206,35.1853]]]},"properties":{"OBJECTID":6180},"id":6180},
{"type":"Feature","geometry":{"type":"Polygon","coordinates":[[[-80.8462,35.5192],[-80.8484,35.5186],[-80.849,35.5181],[-80.8498,35.5191],[-80.8512,35.5185],[-80.8525,35.5183],[-80.8537,35.5168],[-80.853,35.5157],[-80.851,35.5152],[-80.8475,35.5162],[-80.8471,35.5156],[-80.8462,35.5192]]]},"properties":{"OBJECTID":6181},"id":6181},
{"type":"Feature","geometry":{"type":"Polygon","coordinates":[[[-82.1523,33.604],[-82.1534,33.6063],[-82.1563,33.6086],[-82.1583,33.6097],[-82.165,33.6114],[-82.186,33.6058],[-82.188,33.605],[-82.1901,33.603],[-82.191,33.6028],[-82.1924,33.603],[-82.1939,33.6023],[-82.1953,33.6019],[-82.1973,33.6021],[-82.2015,33.6009],[-82.2038,33.6008],[-82.2045,33.6005],[-82.2058,33.5994],[-82.2071,33.5987],[-82.2079,33.5986],[-82.2097,33.599],[-82.2123,33.598],[-82.2146,33.5984],[-82.2159,33.5981],[-82.2186,33.5954],[-82.221,33.5947],[-82.2233,33.5935],[-82.2247,33.5923],[-82.2285,33.5922],[-82.2297,33.5915],[-82.2302,33.5907],[-82.2324,33.5851],[-82.2332,33.584],[-82.2359,33.5817],[-82.2362,33.5811],[-82.2362,33.5798],[-82.2346,33.5766],[-82.2347,33.5754],[-82.2354,33.5738],[-82.2368,33.5726],[-82.2401,33.572],[-82.2416,33.5719],[-82.2438,33.5721],[-82.2498,33.573],[-82.2503,33.5721],[-82.2509,33.5698],[-82.2519,33.5671],[-82.2541,33.5607],[-82.255,33.5577],[-82.2563,33.5545],[-82.2603,33.5501],[-82.2627,33.5476],[-82.2653,33.5466],[-82.2675,33.5462],[-82.2702,33.5461],[-82.2716,33.5458],[-82.2728,33.5449],[-82.2795,33.5376],[-82.2805,33.5355],[-82.2817,33.5337],[-82.2841,33.5316],[-82.2849,33.5301],[-82.2857,33.524],[-82.2857,33.5227],[-82.2853,33.5199],[-82.2846,33.5168],[-82.2834,33.5126],[-82.2831,33.5101],[-82.2823,33.5067],[-82.2804,33.503],[-82.2787,33.4975],[-82.2771,33.4939],[-82.2757,33.4923],[-82.275,33.4909],[-82.2714,33.4859],[-82.2707,33.4835],[-82.268,33.481],[-82.2657,33.4781],[-82.2632,33.4753],[-82.263,33.474],[-82.2637,33.4689],[-82.2631,33.4637],[-82.2619,33.4608],[-82.261,33.4579],[-82.2608,33.4564],[-82.261,33.4546],[-82.2609,33.4528],[-82.2601,33.4502],[-82.2576,33.4455],[-82.2563,33.4439],[-82.2551,33.4427],[-82.2532,33.4412],[-82.2519,33.4398],[-82.2506,33.4362],[-82.2503,33.4345],[-82.2504,33.4319],[-82.2512,33.4293],[-82.2526,33.4211],[-82.254,33.4174],[-82.2541,33.4163],[-82.2535,33.4103],[-82.2529,33.4083],[-82.2518,33.4071],[-82.2512,33.4057],[-82.2466,33.4064],[-82.2439,33.4066],[-82.2373,33.4069],[-82.2244,33.4072],[-82.2221,33.4074],[-82.2235,33.4061],[-82.2244,33.4056],[-82.2333,33.3991],[-82.236,33.3966],[-82.242,33.3923],[-82.2453,33.3897],[-82.2498,33.3864],[-82.2524,33.3849],[-82.2654,33.3751],[-82.2657,33.3749],[-82.2979,33.352],[-82.3166,33.3388],[-82.3167,33.3387],[-82.3301,33.3292],[-82.3537,33.3124],[-82.3524,33.3123],[-82.351,33.313],[-82.3495,33.3133],[-82.3449,33.3118],[-82.3421,33.3119],[-82.3388,33.3107],[-82.3375,33.3104],[-82.3365,33.3098],[-82.335,33.3095],[-82.3316,33.308],[-82.33,33.3066],[-82.3282,33.3059],[-82.3268,33.3046],[-82.3242,33.3032],[-82.3232,33.3022],[-82.3233,33.3015],[-82.3223,33.3002],[-82.3208,33.3005],[-82.32,33.2996],[-82.3186,33.3001],[-82.3173,33.2993],[-82.3157,33.2992],[-82.3116,33.2971],[-82.3105,33.2955],[-82.3099,33.2957],[-82.3083,33.2942],[-82.3041,33.2911],[-82.3029,33.2894],[-82.3013,33.2882],[-82.3008,33.2875],[-82.3004,33.2855],[-82.2988,33.2844],[-82.2978,33.2827],[-82.2978,33.2809],[-82.2982,33.2802],[-82.298,33.2793],[-82.297,33.2781],[-82.2974,33.2776],[-82.296,33.2766],[-82.2945,33.2764],[-82.2935,33.2769],[-82.2925,33.2766],[-82.2912,33.2756],[-82.2911,33.2749],[-82.2898,33.2742],[-82.2883,33.274],[-82.2865,33.2741],[-82.286,33.2735],[-82.2839,33.2728],[-82.2816,33.2718],[-82.2785,33.2692],[-82.277,33.2688],[-82.2755,33.2681],[-82.2725,33.2675],[-82.2706,33.2679],[-82.2692,33.2674],[-82.2676,33.2674],[-82.2625,33.2692],[-82.2498,33.2734],[-82.2465,33.2743],[-82.2356,33.2777],[-82.2279,33.2801],[-82.2255,33.2805],[-82.2137,33.2846],[-82.2078,33.2865],[-82.2074,33.2869],[-82.205,33.2873],[-82.2005,33.2889],[-82.1986,33.2892],[-82.1964,33.29],[-82.1909,33.2915],[-82.1855,33.2933],[-82.1773,33.2959],[-82.1742,33.2968],[-82.1723,33.297],[-82.1698,33.2969],[-82.1682,33.2961],[-82.165,33.2959],[-82.1638,33.2952],[-82.1625,33.2934],[-82.1621,33.2914],[-82.1613,33.2903],[-82.1611,33.2894],[-82.16,33.2887],[-82.1574,33.2858],[-82.1555,33.2851],[-82.1546,33.2841],[-82.153,33.2834],[-82.152,33.2824],[-82.1509,33.2825],[-82.1489,33.2822],[-82.1473,33.2823],[-82.1438,33.2817],[-82.1418,33.2807],[-82.1401,33.2795],[-82.1387,33.2788],[-82.1347,33.2764],[-82.1338,33.2755],[-82.1337,33.2739],[-82.133,33.2724],[-82.133,33.27],[-82.1326,33.269],[-82.1307,33.2672],[-82.1303,33.2652],[-82.1297,33.2638],[-82.1297,33.2625],[-82.1301,33.2608],[-82.1287,33.2589],[-82.1279,33.2567],[-82.1274,33.2561],[-82.1267,33.2541],[-82.1258,33.2522],[-82.126,33.2512],[-82.1253,33.2498],[-82.1236,33.2493],[-82.1214,33.248],[-82.1195,33.2476],[-82.1181,33.2466],[-82.1155,33.245],[-82.1139,33.2438],[-82.1084,33.2409],[-82.1071,33.2367],[-82.1059,33.2355],[-82.105,33.2352],[-82.1026,33.2329],[-82.0978,33.2304],[-82.096,33.2302],[-82.0935,33.2296],[-82.0924,33.2304],[-82.0879,33.2308],[-82.0843,33.2324],[-82.0811,33.2335],[-82.0804,33.234],[-82.0786,33.2348],[-82.0778,33.2355],[-82.0761,33.2359],[-82.0757,33.2369],[-82.0737,33.2383],[-82.072,33.2391],[-82.0698,33.2393],[-82.065,33.2407],[-82.0641,33.2408],[-82.0614,33.2418],[-82.0598,33.2425],[-82.0584,33.2416],[-82.0567,33.2413],[-82.0515,33.2391],[-82.0497,33.2378],[-82.049,33.2382],[-82.0481,33.2378],[-82.0476,33.2371],[-82.0458,33.2365],[-82.0435,33.2361],[-82.0427,33.2355],[-82.0416,33.2355],[-82.041,33.235],[-82.04,33.2353],[-82.0391,33.2345],[-82.0372,33.2342],[-82.036,33.2336],[-82.0345,33.2338],[-82.0337,33.2331],[-82.0291,33.2319],[-82.0266,33.2319],[-82.0242,33.2331],[-82.0234,33.2331],[-82.0218,33.2337],[-82.019,33.2333],[-82.0174,33.2326],[-82.0156,33.2327],[-82.0144,33.2333],[-82.0117,33.2339],[-82.0101,33.233],[-82.0087,33.2334],[-82.0068,33.2329],[-82.0061,33.2324],[-82.0014,33.2313],[-81.9998,33.2313],[-81.9989,33.2309],[-81.9968,33.231],[-81.995,33.2295],[-81.9909,33.2282],[-81.9889,33.2278],[-81.9871,33.2288],[-81.985,33.2287],[-81.9839,33.228],[-81.9788,33.2272],[-81.9781,33.2281],[-81.9765,33.2287],[-81.9742,33.23],[-81.9709,33.2307],[-81.9702,33.231],[-81.9686,33.2308],[-81.9663,33.2318],[-81.9649,33.2328],[-81.9632,33.2331],[-81.9619,33.2338],[-81.9602,33.236],[-81.9583,33.2367],[-81.9552,33.2374],[-81.9512,33.2391],[-81.95,33.24],[-81.9484,33.2415],[-81.9467,33.2422],[-81.9441,33.2444],[-81.9433,33.2453],[-81.9405,33.2469],[-81.9384,33.2491],[-81.9388,33.2502],[-81.9374,33.2517],[-81.9361,33.2524],[-81.9352,33.2525],[-81.9342,33.2531],[-81.9303,33.2542],[-81.9279,33.2543],[-81.927,33.2547],[-81.9242,33.257],[-81.9228,33.2574],[-81.9206,33.2576],[-81.9181,33.2583],[-81.9165,33.2584],[-81.9148,33.2591],[-81.912,33.2592],[-81.9104,33.2588],[-81.9088,33.2586],[-81.906,33.2591],[-81.9048,33.26],[-81.9038,33.26],[-81.9029,33.2608],[-81.9005,33.2613],[-81.8974,33.2612],[-81.8964,33.2607],[-81.8953,33.2609],[-81.8941,33.2603],[-81.8931,33.2602],[-81.8916,33.2605],[-81.8904,33.2601],[-81.8882,33.2604],[-81.8873,33.2616],[-81.8863,33.2617],[-81.8851,33.261],[-81.8834,33.2609],[-81.8821,33.2599],[-81.8809,33.2595],[-81.879,33.2593],[-81.877,33.2581],[-81.8748,33.2557],[-81.873,33.2547],[-81.8725,33.2539],[-81.8714,33.2532],[-81.8706,33.2523],[-81.8697,33.2522],[-81.8686,33.2507],[-81.8674,33.2505],[-81.8653,33.2488],[-81.8651,33.2483],[-81.8632,33.2473],[-81.8623,33.2475],[-81.8618,33.247],[-81.8607,33.2468],[-81.8586,33.2457],[-81.8561,33.2458],[-81.8549,33.2464],[-81.8537,33.2462],[-81.8525,33.2467],[-81.8521,33.248],[-81.8532,33.2496],[-81.8531,33.2507],[-81.8511,33.2525],[-81.849,33.253],[-81.8463,33.2524],[-81.8451,33.2525],[-81.8425,33.2536],[-81.8403,33.2543],[-81.8396,33.2552],[-81.8401,33.2566],[-81.8415,33.2573],[-81.8447,33.2575],[-81.8461,33.2582],[-81.8466,33.2592],[-81.847,33.2614],[-81.8478,33.2628],[-81.8481,33.2648],[-81.8473,33.2663],[-81.8468,33.2666],[-81.8439,33.2666],[-81.8421,33.264],[-81.8408,33.2633],[-81.8387,33.263],[-81.8375,33.262],[-81.8367,33.2597],[-81.8357,33.2588],[-81.8338,33.2583],[-81.831,33.2608],[-81.8288,33.262],[-81.8283,33.263],[-81.8285,33.2639],[-81.8292,33.2644],[-81.8306,33.2644],[-81.8326,33.2627],[-81.8334,33.2623],[-81.8349,33.2623],[-81.8357,33.2627],[-81.836,33.2642],[-81.8352,33.2665],[-81.8357,33.2702],[-81.8355,33.2716],[-81.8332,33.2732],[-81.8325,33.2745],[-81.8326,33.2758],[-81.8333,33.2761],[-81.837,33.2742],[-81.8388,33.2738],[-81.8405,33.275],[-81.8415,33.2763],[-81.8424,33.2769],[-81.8441,33.2789],[-81.8444,33.2798],[-81.8441,33.2818],[-81.8449,33.2836],[-81.8456,33.2843],[-81.8465,33.2845],[-81.8482,33.2839],[-81.85,33.2836],[-81.8519,33.2836],[-81.8578,33.2848],[-81.8607,33.2859],[-81.8623,33.2873],[-81.8632,33.2889],[-81.8633,33.2898],[-81.8617,33.2932],[-81.8616,33.294],[-81.862,33.296],[-81.8618,33.2975],[-81.86,33.2991],[-81.8582,33.2992],[-81.8573,33.2995],[-81.8542,33.2997],[-81.8529,33.2996],[-81.8521,33.2991],[-81.8503,33.2964],[-81.8496,33.2961],[-81.8486,33.297],[-81.8496,33.2996],[-81.8493,33.3004],[-81.8465,33.3028],[-81.846,33.3048],[-81.8468,33.3063],[-81.8477,33.3073],[-81.8491,33.308],[-81.8517,33.3088],[-81.8537,33.3103],[-81.8545,33.3105],[-81.8557,33.3102],[-81.8578,33.3067],[-81.8602,33.3054],[-81.8612,33.3034],[-81.8621,33.3025],[-81.8633,33.302],[-81.8639,33.302],[-81.8647,33.3037],[-81.8645,33.3051],[-81.8639,33.3064],[-81.8639,33.3076],[-81.8649,33.3119],[-81.8665,33.3138],[-81.8679,33.314],[-81.8693,33.3138],[-81.8715,33.3119],[-81.8737,33.3091],[-81.8764,33.3069],[-81.8779,33.3038],[-81.879,33.3026],[-81.8807,33.3023],[-81.8814,33.3029],[-81.8819,33.3042],[-81.8822,33.3062],[-81.8834,33.3071],[-81.8843,33.3082],[-81.8845,33.3098],[-81.8837,33.3109],[-81.882,33.3126],[-81.8815,33.314],[-81.8816,33.3159],[-81.8825,33.317],[-81.8837,33.3176],[-81.8852,33.3175],[-81.8866,33.317],[-81.89,33.3151],[-81.8912,33.3149],[-81.8925,33.3154],[-81.8927,33.3167],[-81.8899,33.319],[-81.8891,33.3211],[-81.8897,33.3219],[-81.8905,33.3224],[-81.8915,33.3226],[-81.8955,33.3217],[-81.8978,33.3224],[-81.899,33.3234],[-81.8995,33.3247],[-81.8991,33.3256],[-81.8969,33.3276],[-81.8965,33.3296],[-81.8969,33.3306],[-81.8994,33.3327],[-81.9,33.3334],[-81.9003,33.3347],[-81.901,33.3355],[-81.9023,33.3359],[-81.9036,33.3349],[-81.9035,33.3337],[-81.9028,33.3321],[-81.9027,33.3303],[-81.9046,33.3272],[-81.906,33.3261],[-81.9062,33.3253],[-81.9059,33.3234],[-81.9061,33.3216],[-81.9071,33.3208],[-81.91,33.3196],[-81.9115,33.3192],[-81.9132,33.3196],[-81.9137,33.3201],[-81.9136,33.3209],[-81.9123,33.3221],[-81.9099,33.3231],[-81.9085,33.3248],[-81.9081,33.3272],[-81.9094,33.3284],[-81.9103,33.3289],[-81.9136,33.3302],[-81.9156,33.3314],[-81.9159,33.3319],[-81.9173,33.3323],[-81.9183,33.3329],[-81.9191,33.3344],[-81.9179,33.3365],[-81.9176,33.3375],[-81.9161,33.3389],[-81.9159,33.34],[-81.915,33.3415],[-81.9142,33.3418],[-81.9116,33.342],[-81.9098,33.3424],[-81.9084,33.3438],[-81.9084,33.345],[-81.9091,33.3466],[-81.9097,33.3469],[-81.9119,33.3472],[-81.9132,33.3469],[-81.9136,33.3465],[-81.9149,33.3438],[-81.916,33.3423],[-81.9187,33.3403],[-81.9213,33.3426],[-81.9232,33.3446],[-81.9247,33.3454],[-81.9265,33.3454],[-81.9282,33.345],[-81.9303,33.344],[-81.9327,33.3436],[-81.9364,33.3436],[-81.938,33.3439],[-81.9397,33.345],[-81.9402,33.3464],[-81.9398,33.3477],[-81.9387,33.349],[-81.9364,33.351],[-81.9356,33.352],[-81.9347,33.3539],[-81.9348,33.356],[-81.9362,33.358],[-81.9375,33.359],[-81.9417,33.3614],[-81.9447,33.3641],[-81.9461,33.366],[-81.9468,33.3675],[-81.9468,33.3692],[-81.9461,33.3709],[-81.9453,33.3716],[-81.9437,33.3723],[-81.9409,33.3726],[-81.9396,33.3725],[-81.9377,33.3717],[-81.9346,33.3689],[-81.9329,33.3682],[-81.9306,33.3682],[-81.9278,33.3695],[-81.9257,33.3711],[-81.9249,33.3721],[-81.9247,33.3729],[-81.925,33.3752],[-81.926,33.3761],[-81.9282,33.3772],[-81.9295,33.3783],[-81.931,33.3804],[-81.9315,33.3822],[-81.932,33.3873],[-81.9327,33.389],[-81.9336,33.3918],[-81.9345,33.3956],[-81.9355,33.3979],[-81.9381,33.3999],[-81.9404,33.401],[-81.9445,33.4037],[-81.9456,33.4058],[-81.9449,33.408],[-81.9428,33.409],[-81.9416,33.409],[-81.9395,33.4083],[-81.9374,33.4073],[-81.9347,33.4066],[-81.932,33.4064],[-81.9305,33.4068],[-81.929,33.4075],[-81.9276,33.4088],[-81.9264,33.4102],[-81.9256,33.4118],[-81.9245,33.412],[-81.9244,33.4109],[-81.9233,33.4103],[-81.9218,33.4088],[-81.919,33.4074],[-81.9163,33.4073],[-81.9131,33.4079],[-81.9121,33.4082],[-81.9098,33.411],[-81.9095,33.4116],[-81.9097,33.4134],[-81.9102,33.4146],[-81.912,33.4156],[-81.9136,33.416],[-81.9158,33.4162],[-81.918,33.4166],[-81.922,33.418],[-81.9246,33.4191],[-81.9256,33.4201],[-81.9311,33.424],[-81.9321,33.4251],[-81.9322,33.427],[-81.9314,33.4285],[-81.9297,33.4296],[-81.9274,33.4302],[-81.9224,33.4306],[-81.9213,33.4306],[-81.919,33.4312],[-81.9172,33.4324],[-81.9156,33.4336],[-81.9143,33.4353],[-81.9132,33.4376],[-81.9131,33.4398],[-81.9139,33.442],[-81.9148,33.4435],[-81.9181,33.4472],[-81.9194,33.4491],[-81.924,33.4587],[-81.9234,33.4596],[-81.9207,33.4612],[-81.9194,33.4623],[-81.9189,33.4632],[-81.9187,33.4645],[-81.9191,33.4668],[-81.9186,33.4686],[-81.9169,33.4709],[-81.9151,33.4722],[-81.9128,33.4734],[-81.9069,33.4774],[-81.9074,33.4784],[-81.9101,33.481],[-81.9104,33.4808],[-81.9124,33.4827],[-81.9165,33.4853],[-81.9178,33.4864],[-81.9198,33.489],[-81.9206,33.4898],[-81.923,33.4912],[-81.9304,33.4926],[-81.9315,33.4931],[-81.9324,33.493],[-81.9319,33.4943],[-81.9327,33.4945],[-81.9337,33.4935],[-81.9362,33.4938],[-81.9349,33.4949],[-81.9353,33.4955],[-81.9341,33.4964],[-81.935,33.4971],[-81.9376,33.4952],[-81.9379,33.4964],[-81.9406,33.4944],[-81.9416,33.4946],[-81.9341,33.5027],[-81.9347,33.5031],[-81.9334,33.5044],[-81.9312,33.507],[-81.9296,33.5093],[-81.9246,33.5153],[-81.9221,33.5179],[-81.921,33.5193],[-81.917,33.5239],[-81.9118,33.5204],[-81.9074,33.5153],[-81.897,33.5191],[-81.8973,33.5226],[-81.8976,33.5325],[-81.8965,33.5363],[-81.8957,33.5383],[-81.8984,33.5392],[-81.8986,33.5413],[-81.899,33.5426],[-81.9025,33.5451],[-81.9066,33.547],[-81.9116,33.55],[-81.9169,33.5523],[-81.9182,33.5537],[-81.9188,33.5563],[-81.9201,33.5582],[-81.9204,33.5595],[-81.9188,33.5597],[-81.9174,33.5595],[-81.9196,33.5642],[-81.9175,33.5643],[-81.9153,33.5642],[-81.914,33.5606],[-81.9131,33.5608],[-81.9119,33.5599],[-81.9109,33.5595],[-81.9066,33.5615],[-81.9057,33.5621],[-81.908,33.5634],[-81.908,33.5649],[-81.9099,33.5674],[-81.9137,33.5717],[-81.9159,33.5708],[-81.9192,33.5699],[-81.921,33.5701],[-81.9222,33.571],[-81.9242,33.5707],[-81.9276,33.5688],[-81.9297,33.5683],[-81.9328,33.567],[-81.9348,33.5667],[-81.9353,33.5671],[-81.9357,33.5693],[-81.932,33.5699],[-81.9322,33.5711],[-81.9308,33.5713],[-81.9279,33.5723],[-81.9238,33.5743],[-81.924,33.5754],[-81.9252,33.5758],[-81.9254,33.5769],[-81.9276,33.5782],[-81.9282,33.5788],[-81.9297,33.5778],[-81.9305,33.5788],[-81.9339,33.5818],[-81.9356,33.5813],[-81.9395,33.5795],[-81.9398,33.5799],[-81.9406,33.5857],[-81.9434,33.5862],[-81.9489,33.5819],[-81.9493,33.5822],[-81.9541,33.5826],[-81.9541,33.5809],[-81.9554,33.5797],[-81.9596,33.5779],[-81.9591,33.576],[-81.9578,33.576],[-81.956,33.5762],[-81.965,33.569],[-81.9733,33.5625],[-81.981,33.5566],[-81.9815,33.5568],[-81.9886,33.5512],[-81.9882,33.551],[-81.9969,33.5443],[-81.9991,33.5462],[-81.9989,33.5464],[-81.9969,33.5528],[-81.9972,33.553],[-81.9963,33.5557],[-81.9982,33.5573],[-81.9952,33.56],[-81.9993,33.5633],[-82.0013,33.5611],[-82.0006,33.5604],[-82.0011,33.5565],[-82.0034,33.5548],[-82,33.5505],[-82.0007,33.5505],[-82.0014,33.5481],[-82.0038,33.5501],[-82.0053,33.5516],[-82.0066,33.5536],[-82.0068,33.5525],[-82.0068,33.5495],[-82.0049,33.5476],[-82.0062,33.5472],[-82.0085,33.5456],[-82.0098,33.5445],[-82.01,33.5438],[-82.0102,33.5411],[-82.0108,33.5405],[-82.011,33.5361],[-82.0098,33.5353],[-82.0081,33.537],[-82.0078,33.5379],[-82.006,33.5398],[-82.0042,33.5402],[-82.0028,33.5395],[-82.0106,33.5335],[-82.0125,33.5322],[-82.0198,33.535],[-82.0234,33.5379],[-82.0234,33.5407],[-82.0256,33.5428],[-82.0282,33.5449],[-82.0296,33.5452],[-82.0304,33.5458],[-82.0315,33.5458],[-82.033,33.5465],[-82.0349,33.5492],[-82.0366,33.5533],[-82.0374,33.5547],[-82.0463,33.5638],[-82.049,33.5649],[-82.053,33.565],[-82.0549,33.5654],[-82.0577,33.5668],[-82.0627,33.5704],[-82.069,33.5754],[-82.0731,33.5775],[-82.0778,33.5788],[-82.0788,33.5789],[-82.0875,33.5806],[-82.092,33.5819],[-82.0941,33.5828],[-82.0964,33.5841],[-82.0988,33.5864],[-82.1015,33.5896],[-82.104,33.5931],[-82.1062,33.5957],[-82.1078,33.5963],[-82.1094,33.5966],[-82.1129,33.5968],[-82.1165,33.5965],[-82.1175,33.5962],[-82.1204,33.5949],[-82.1233,33.5928],[-82.1248,33.5913],[-82.1259,33.5908],[-82.1291,33.5899],[-82.1306,33.59],[-82.1335,33.5905],[-82.138,33.5922],[-82.1429,33.5943],[-82.1462,33.5962],[-82.1488,33.5981],[-82.1503,33.5998],[-82.1519,33.6027],[-82.1523,33.604]]]},"properties":{"OBJECTID":6182},"id":6182},
{"type":"Feature","geometry":{"type":"Polygon","coordinates":[[[-77.8977,35.4047],[-77.895,35.4059],[-77.8951,35.4067],[-77.8978,35.4067],[-77.8977,35.4047]]]},"properties":{"OBJECTID":6183},"id":6183},
{"type":"Feature","geometry":{"type":"Polygon","coordinates":[[[-78.4544,35.6654],[-78.4561,35.6651],[-78.4575,35.6653],[-78.4599,35.6662],[-78.4599,35.6671],[-78.462,35.667],[-78.4625,35.6674],[-78.4633,35.6668],[-78.4646,35.6666],[-78.4687,35.6669],[-78.4686,35.6652],[-78.4678,35.6643],[-78.4688,35.6637],[-78.4693,35.6625],[-78.4723,35.6603],[-78.4739,35.6618],[-78.4747,35.6611],[-78.4758,35.6618],[-78.4725,35.6643],[-78.4764,35.6674],[-78.4775,35.6681],[-78.4796,35.669],[-78.4813,35.6694],[-78.4878,35.6702],[-78.4877,35.6704],[-78.4995,35.6719],[-78.5031,35.6728],[-78.5033,35.6687],[-78.5097,35.6689],[-78.51,35.6697],[-78.5098,35.6733],[-78.5107,35.6726],[-78.5152,35.6727],[-78.5155,35.6691],[-78.5168,35.6689],[-78.5169,35.6677],[-78.5189,35.6678],[-78.5185,35.6661],[-78.5157,35.6656],[-78.5153,35.6649],[-78.5103,35.6649],[-78.5104,35.663],[-78.5096,35.662],[-78.5063,35.6619],[-78.5057,35.6616],[-78.5041,35.662],[-78.5036,35.6625],[-78.5009,35.6625],[-78.5004,35.6611],[-78.4994,35.6608],[-78.499,35.6599],[-78.4966,35.6584],[-78.4957,35.6567],[-78.494,35.6566],[-78.4937,35.6629],[-78.4928,35.6631],[-78.5015,35.667],[-78.5008,35.6673],[-78.4969,35.6656],[-78.4959,35.6671],[-78.4935,35.6671],[-78.4936,35.6641],[-78.4867,35.6609],[-78.4842,35.6625],[-78.4828,35.6613],[-78.4824,35.6598],[-78.4828,35.6578],[-78.4827,35.6569],[-78.4815,35.656],[-78.4813,35.6553],[-78.4819,35.6548],[-78.4836,35.6551],[-78.4839,35.653],[-78.4847,35.6516],[-78.486,35.6515],[-78.4856,35.6501],[-78.4881,35.6484],[-78.4878,35.6481],[-78.4899,35.6468],[-78.4915,35.6451],[-78.4927,35.6457],[-78.4935,35.6445],[-78.4955,35.6454],[-78.4992,35.6454],[-78.4987,35.6418],[-78.4983,35.6402],[-78.4956,35.64],[-78.494,35.641],[-78.4933,35.641],[-78.4943,35.6387],[-78.4948,35.636],[-78.4958,35.6362],[-78.4963,35.6348],[-78.4962,35.6336],[-78.4989,35.6345],[-78.5006,35.634],[-78.5028,35.6337],[-78.5039,35.6329],[-78.5063,35.6327],[-78.508,35.6328],[-78.5095,35.6333],[-78.5087,35.6288],[-78.5088,35.6274],[-78.5074,35.6265],[-78.506,35.6276],[-78.5055,35.6271],[-78.5025,35.6293],[-78.5016,35.6284],[-78.497,35.6306],[-78.4971,35.632],[-78.4975,35.6324],[-78.4959,35.6332],[-78.4944,35.6299],[-78.4894,35.6299],[-78.4893,35.6319],[-78.4901,35.6322],[-78.4906,35.6313],[-78.4922,35.6313],[-78.4912,35.6326],[-78.4903,35.6327],[-78.4902,35.6345],[-78.4895,35.6339],[-78.4843,35.6338],[-78.4844,35.635],[-78.484,35.6368],[-78.4848,35.6391],[-78.4845,35.6405],[-78.4855,35.6418],[-78.4857,35.6437],[-78.4823,35.6425],[-78.4819,35.6433],[-78.4771,35.6434],[-78.4755,35.642],[-78.4776,35.6413],[-78.4797,35.6421],[-78.4821,35.6424],[-78.4823,35.6417],[-78.4818,35.6404],[-78.4825,35.6385],[-78.4814,35.6383],[-78.48,35.6357],[-78.4769,35.6354],[-78.4771,35.633],[-78.4768,35.632],[-78.4774,35.6309],[-78.4745,35.6311],[-78.4743,35.6306],[-78.4729,35.6293],[-78.4731,35.6273],[-78.4744,35.6274],[-78.4745,35.6243],[-78.4732,35.6222],[-78.4731,35.6237],[-78.4723,35.6237],[-78.4723,35.6225],[-78.4666,35.6224],[-78.4667,35.6185],[-78.4615,35.621],[-78.4616,35.6216],[-78.46,35.6241],[-78.4595,35.6264],[-78.4578,35.6259],[-78.4535,35.627],[-78.4527,35.6271],[-78.4518,35.6277],[-78.4508,35.6293],[-78.4509,35.6306],[-78.4505,35.6316],[-78.4473,35.6343],[-78.4474,35.6329],[-78.4465,35.633],[-78.4466,35.6345],[-78.4439,35.6346],[-78.4434,35.6334],[-78.4386,35.6333],[-78.436,35.6318],[-78.4375,35.6311],[-78.4363,35.6308],[-78.4363,35.6296],[-78.4341,35.6292],[-78.4329,35.6302],[-78.4354,35.632],[-78.4344,35.6332],[-78.4413,35.6375],[-78.4394,35.6396],[-78.4405,35.6399],[-78.4369,35.6428],[-78.4344,35.6449],[-78.4364,35.6466],[-78.4359,35.6526],[-78.438,35.6526],[-78.4383,35.6517],[-78.4433,35.652],[-78.4433,35.6543],[-78.4453,35.655],[-78.4456,35.6556],[-78.4433,35.6556],[-78.4433,35.6594],[-78.4491,35.6594],[-78.4491,35.6604],[-78.4536,35.6602],[-78.4543,35.6611],[-78.4544,35.6654]]]},"properties":{"OBJECTID":6184},"id":6184},
{"type":"Feature","geometry":{"type":"Polygon","coordinates":[[[-80.8627,35.5441],[-80.8634,35.5449],[-80.8634,35.5425],[-80.8648,35.5424],[-80.8648,35.5418],[-80.8674,35.5419],[-80.8669,35.5404],[-80.8637,35.5407],[-80.8605,35.5409],[-80.8601,35.5428],[-80.861,35.5433],[-80.8626,35.5433],[-80.8627,35.5441]]]},"properties":{"OBJECTID":6192},"id":6192},
{"type":"Feature","geometry":{"type":"Polygon","coordinates":[[[-80.8598,35.5177],[-80.8597,35.5183],[-80.8609,35.5197],[-80.8621,35.5186],[-80.8619,35.5174],[-80.8605,35.5174],[-80.8598,35.5177]]]},"properties":{"OBJECTID":6193},"id":6193},
{"type":"Feature","geometry":{"type":"Polygon","coordinates":[[[-81.3747,35.6867],[-81.3773,35.6868],[-81.3776,35.6856],[-81.3791,35.6863],[-81.3799,35.6862],[-81.3799,35.6854],[-81.3776,35.6851],[-81.3779,35.6836],[-81.377,35.6832],[-81.3762,35.6834],[-81.3757,35.6842],[-81.3747,35.6839],[-81.374,35.6846],[-81.3747,35.6867]]]},"properties":{"OBJECTID":6195},"id":6195},
{"type":"Feature","geometry":{"type":"Polygon","coordinates":[[[-78.5794,33.8839],[-78.587,33.8904],[-78.5983,33.9001],[-78.6035,33.9046],[-78.616,33.9152],[-78.6192,33.9058],[-78.6194,33.9048],[-78.6187,33.8956],[-78.619,33.8946],[-78.6214,33.8905],[-78.6216,33.8892],[-78.621,33.8861],[-78.6198,33.8836],[-78.6287,33.8837],[-78.6302,33.884],[-78.6314,33.885],[-78.6326,33.8867],[-78.634,33.8879],[-78.637,33.8894],[-78.682,33.8756],[-78.683,33.8748],[-78.6883,33.8714],[-78.6907,33.8694],[-78.6923,33.8676],[-78.6937,33.8657],[-78.6952,33.8627],[-78.6999,33.8478],[-78.7008,33.8455],[-78.7029,33.8422],[-78.705,33.8398],[-78.7074,33.8377],[-78.709,33.8366],[-78.7201,33.8296],[-78.7247,33.8268],[-78.7276,33.826],[-78.7319,33.8255],[-78.7334,33.8249],[-78.7348,33.824],[-78.7389,33.8192],[-78.7409,33.8173],[-78.7415,33.8186],[-78.7427,33.8203],[-78.7434,33.8196],[-78.745,33.8192],[-78.7473,33.8196],[-78.75,33.8209],[-78.7518,33.8224],[-78.7536,33.8258],[-78.7546,33.827],[-78.7577,33.8255],[-78.7692,33.8228],[-78.7709,33.8218],[-78.7729,33.8191],[-78.7756,33.8176],[-78.778,33.8198],[-78.7783,33.8161],[-78.7807,33.8154],[-78.7821,33.8153],[-78.784,33.8145],[-78.7854,33.8133],[-78.8042,33.8079],[-78.8048,33.7869],[-78.805,33.7839],[-78.8058,33.7825],[-78.8071,33.7813],[-78.8229,33.7713],[-78.8322,33.7664],[-78.8335,33.7656],[-78.8375,33.7626],[-78.8424,33.7591],[-78.8455,33.7573],[-78.8486,33.7557],[-78.853,33.7541],[-78.8609,33.762],[-78.8654,33.7664],[-78.8667,33.7679],[-78.8519,33.7545],[-78.8351,33.7645],[-78.8347,33.7656],[-78.8396,33.7678],[-78.857,33.7762],[-78.8643,33.7798],[-78.8728,33.784],[-78.8782,33.7868],[-78.8977,33.7812],[-78.9382,33.7837],[-78.9404,33.786],[-78.9418,33.7869],[-78.9458,33.7883],[-78.9486,33.7887],[-78.9531,33.7883],[-78.9539,33.7884],[-78.9562,33.7873],[-78.9618,33.7849],[-78.9697,33.7816],[-78.9775,33.7786],[-78.9801,33.7776],[-78.9831,33.7754],[-78.9887,33.7731],[-78.9946,33.7699],[-78.9978,33.7684],[-79.007,33.7626],[-79.0093,33.7609],[-79.0116,33.7588],[-79.0118,33.7579],[-79.0118,33.755],[-79.0121,33.7546],[-79.0123,33.7518],[-79.0133,33.7512],[-79.0212,33.7527],[-79.0222,33.7473],[-79.0225,33.7441],[-79.0228,33.7424],[-79.0246,33.7359],[-79.0243,33.7313],[-79.0322,33.7315],[-79.033,33.7269],[-79.0329,33.7248],[-79.034,33.7246],[-79.0362,33.7235],[-79.0373,33.7221],[-79.0375,33.7203],[-79.04,33.7168],[-79.0406,33.7157],[-79.0404,33.7142],[-79.0418,33.7136],[-79.0516,33.7138],[-79.0512,33.7117],[-79.0516,33.7095],[-79.0553,33.705],[-79.0555,33.7046],[-79.0551,33.7031],[-79.054,33.7009],[-79.0526,33.6991],[-79.0523,33.6978],[-79.0511,33.6957],[-79.0511,33.6947],[-79.0527,33.6936],[-79.0532,33.6909],[-79.0538,33.6907],[-79.0552,33.692],[-79.0572,33.6924],[-79.0581,33.6921],[-79.0601,33.6886],[-79.0604,33.6875],[-79.0612,33.6864],[-79.0621,33.6865],[-79.0626,33.6875],[-79.064,33.6874],[-79.0638,33.6865],[-79.0618,33.6849],[-79.061,33.6839],[-79.0614,33.683],[-79.0625,33.6828],[-79.0637,33.6829],[-79.0654,33.6826],[-79.0675,33.682],[-79.068,33.6811],[-79.0689,33.6788],[-79.0688,33.6767],[-79.0669,33.6746],[-79.067,33.6741],[-79.0655,33.6731],[-79.0642,33.6725],[-79.0626,33.6721],[-79.0605,33.6713],[-79.0594,33.6704],[-79.06,33.6699],[-79.0607,33.6682],[-79.0623,33.6667],[-79.0637,33.6658],[-79.0646,33.6655],[-79.0658,33.6647],[-79.0668,33.6643],[-79.0691,33.6641],[-79.0705,33.6638],[-79.0724,33.6627],[-79.074,33.6622],[-79.0763,33.6611],[-79.077,33.6604],[-79.077,33.6595],[-79.078,33.658],[-79.0792,33.6577],[-79.0805,33.6581],[-79.0815,33.6571],[-79.0832,33.6567],[-79.0851,33.6568],[-79.0873,33.6562],[-79.0897,33.6562],[-79.0908,33.6557],[-79.092,33.6546],[-79.0932,33.6539],[-79.0938,33.6522],[-79.0933,33.6505],[-79.0919,33.6478],[-79.0921,33.6471],[-79.0918,33.6452],[-79.092,33.6432],[-79.0929,33.6408],[-79.0926,33.6397],[-79.093,33.636],[-79.0935,33.6333],[-79.0948,33.6289],[-79.0959,33.6271],[-79.0961,33.6261],[-79.0956,33.6258],[-79.0957,33.6247],[-79.0944,33.6235],[-79.0935,33.6234],[-79.0927,33.6224],[-79.0939,33.6212],[-79.0935,33.6206],[-79.0924,33.6203],[-79.0915,33.6186],[-79.0903,33.6178],[-79.0891,33.6166],[-79.0885,33.6152],[-79.0883,33.6134],[-79.0891,33.6125],[-79.0905,33.6117],[-79.0906,33.6107],[-79.0893,33.6079],[-79.0884,33.6071],[-79.0871,33.6068],[-79.0865,33.6063],[-79.0849,33.6043],[-79.0832,33.603],[-79.0814,33.5998],[-79.0812,33.5981],[-79.0815,33.5976],[-79.0848,33.5952],[-79.0852,33.594],[-79.0859,33.5936],[-79.0873,33.5936],[-79.0889,33.5914],[-79.089,33.5904],[-79.0886,33.5894],[-79.0888,33.5877],[-79.0898,33.5868],[-79.0921,33.5854],[-79.0926,33.5846],[-79.0926,33.5828],[-79.0932,33.5823],[-79.0957,33.5812],[-79.0974,33.581],[-79.0988,33.5813],[-79.0999,33.5801],[-79.1001,33.5792],[-79.1001,33.5775],[-79.1004,33.5764],[-79.1002,33.5738],[-79.0994,33.5718],[-79.0974,33.5703],[-79.0948,33.5696],[-79.0928,33.5694],[-79.0909,33.5689],[-79.0897,33.5683],[-79.0884,33.5672],[-79.0877,33.5644],[-79.0863,33.5632],[-79.084,33.5633],[-79.0843,33.5625],[-79.0857,33.5622],[-79.0851,33.5611],[-79.0849,33.5598],[-79.0858,33.5579],[-79.086,33.5564],[-79.0857,33.5532],[-79.0858,33.552],[-79.0866,33.5506],[-79.0879,33.5493],[-79.0891,33.5468],[-79.0895,33.5452],[-79.0911,33.5434],[-79.0921,33.5431],[-79.0939,33.5428],[-79.0953,33.5408],[-79.0976,33.538],[-79.0988,33.5368],[-79.102,33.5361],[-79.1038,33.535],[-79.1046,33.5333],[-79.1043,33.532],[-79.105,33.5313],[-79.1061,33.5293],[-79.1088,33.5268],[-79.1111,33.5239],[-79.1113,33.5233],[-79.1125,33.5232],[-79.1153,33.5216],[-79.1169,33.5198],[-79.1185,33.5187],[-79.1217,33.5177],[-79.1235,33.5168],[-79.1248,33.5156],[-79.1253,33.5146],[-79.1248,33.5133],[-79.1247,33.5112],[-79.1253,33.51],[-79.128,33.5057],[-79.1296,33.5046],[-79.1313,33.504],[-79.1336,33.5037],[-79.138,33.5041],[-79.1387,33.5039],[-79.1393,33.5028],[-79.1394,33.5017],[-79.14,33.4989],[-79.1404,33.4979],[-79.142,33.4957],[-79.144,33.4941],[-79.1435,33.4931],[-79.1439,33.4917],[-79.1439,33.4906],[-79.1445,33.4886],[-79.147,33.4855],[-79.1516,33.4817],[-79.1522,33.4808],[-79.1533,33.4764],[-79.1545,33.4743],[-79.1549,33.4733],[-79.155,33.4713],[-79.1543,33.47],[-79.1544,33.4672],[-79.1549,33.4657],[-79.1561,33.4638],[-79.1582,33.4615],[-79.1591,33.4597],[-79.1601,33.4582],[-79.1615,33.4565],[-79.1648,33.4539],[-79.1656,33.4532],[-79.1658,33.4517],[-79.1668,33.4498],[-79.1677,33.4488],[-79.1746,33.444],[-79.1772,33.4416],[-79.1781,33.441],[-79.1799,33.4392],[-79.1815,33.4371],[-79.1819,33.4359],[-79.1831,33.4346],[-79.1839,33.4344],[-79.1852,33.4333],[-79.1871,33.431],[-79.188,33.4297],[-79.1899,33.4277],[-79.1818,33.4269],[-79.1736,33.4229],[-79.1708,33.4214],[-79.1738,33.4205],[-79.1695,33.4185],[-79.1671,33.4171],[-79.161,33.4163],[-79.1602,33.4164],[-79.1528,33.4194],[-79.1525,33.4193],[-79.1375,33.4121],[-79.1382,33.3999],[-79.1371,33.4001],[-79.1364,33.402],[-79.1348,33.4048],[-79.1339,33.4066],[-79.1301,33.4126],[-79.1283,33.4164],[-79.1226,33.4264],[-79.1219,33.4276],[-79.1199,33.431],[-79.1165,33.4369],[-79.1147,33.4398],[-79.1131,33.4416],[-79.111,33.4447],[-79.1089,33.4472],[-79.1078,33.4498],[-79.1061,33.4517],[-79.1048,33.454],[-79.1039,33.4562],[-79.1022,33.4589],[-79.099,33.4645],[-79.0971,33.4673],[-79.0952,33.4697],[-79.0924,33.4736],[-79.089,33.478],[-79.0858,33.4821],[-79.0847,33.4835],[-79.0791,33.4889],[-79.0755,33.4927],[-79.0742,33.494],[-79.0694,33.4978],[-79.0677,33.4994],[-79.0655,33.5007],[-79.0602,33.5051],[-79.0597,33.5059],[-79.0575,33.5079],[-79.0555,33.5093],[-79.0521,33.5124],[-79.0514,33.5132],[-79.0479,33.5159],[-79.046,33.5179],[-79.0438,33.5189],[-79.0428,33.52],[-79.0428,33.5213],[-79.0414,33.5232],[-79.0406,33.5254],[-79.0386,33.5283],[-79.0385,33.5295],[-79.0327,33.5321],[-79.0313,33.5317],[-79.0299,33.5319],[-79.0284,33.5332],[-79.027,33.5354],[-79.0248,33.5378],[-79.0231,33.5408],[-79.0221,33.5435],[-79.0192,33.5494],[-79.0164,33.5539],[-79.0133,33.5583],[-79.0077,33.5662],[-79.007,33.5667],[-79.0055,33.5685],[-79.0029,33.5713],[-79.0021,33.5723],[-78.9978,33.5769],[-78.9949,33.5801],[-78.9913,33.5839],[-78.9881,33.5874],[-78.9834,33.5922],[-78.9834,33.5924],[-78.9767,33.5995],[-78.9737,33.6028],[-78.9718,33.6046],[-78.9694,33.607],[-78.9672,33.6096],[-78.962,33.615],[-78.9591,33.6182],[-78.9584,33.6192],[-78.952,33.6261],[-78.951,33.6268],[-78.9464,33.6316],[-78.9446,33.6332],[-78.941,33.6371],[-78.9372,33.6404],[-78.9333,33.6439],[-78.9303,33.6465],[-78.9269,33.6493],[-78.9228,33.6529],[-78.9195,33.6557],[-78.9167,33.6584],[-78.912,33.6626],[-78.9089,33.6654],[-78.9052,33.6685],[-78.9031,33.6701],[-78.9018,33.6713],[-78.8958,33.6761],[-78.8922,33.6793],[-78.8864,33.6833],[-78.8847,33.685],[-78.8824,33.6877],[-78.8787,33.6916],[-78.8747,33.6954],[-78.8722,33.6975],[-78.8668,33.7023],[-78.8628,33.7058],[-78.8578,33.7096],[-78.8559,33.7112],[-78.8521,33.7142],[-78.8479,33.7178],[-78.8383,33.725],[-78.8316,33.7302],[-78.8245,33.7352],[-78.8223,33.737],[-78.8149,33.7419],[-78.8131,33.7432],[-78.8092,33.7458],[-78.805,33.7485],[-78.7975,33.7536],[-78.7943,33.7556],[-78.7924,33.7564],[-78.7915,33.7571],[-78.7853,33.7611],[-78.7822,33.7626],[-78.7758,33.7668],[-78.773,33.7684],[-78.7686,33.7706],[-78.7674,33.7713],[-78.752,33.7798],[-78.7456,33.7835],[-78.7409,33.786],[-78.74,33.7862],[-78.737,33.7881],[-78.7346,33.7893],[-78.7338,33.79],[-78.7317,33.791],[-78.73,33.7921],[-78.7258,33.7942],[-78.7213,33.7962],[-78.7195,33.7972],[-78.7151,33.7992],[-78.7129,33.7999],[-78.711,33.8011],[-78.7071,33.8032],[-78.7017,33.8054],[-78.6947,33.8085],[-78.6911,33.8099],[-78.6881,33.8111],[-78.6828,33.8131],[-78.6795,33.8144],[-78.6778,33.8149],[-78.6758,33.816],[-78.6723,33.817],[-78.6703,33.8174],[-78.6694,33.8178],[-78.6652,33.8193],[-78.6591,33.8216],[-78.6551,33.8229],[-78.6532,33.8234],[-78.6504,33.8245],[-78.6464,33.8257],[-78.6413,33.827],[-78.6378,33.8281],[-78.633,33.8293],[-78.6242,33.8326],[-78.6191,33.8341],[-78.6105,33.8369],[-78.6062,33.8378],[-78.6019,33.8394],[-78.5978,33.8407],[-78.5954,33.8392],[-78.5933,33.841],[-78.5892,33.8427],[-78.5838,33.8444],[-78.5806,33.8453],[-78.5714,33.8473],[-78.5647,33.8476],[-78.56,33.8477],[-78.5546,33.8476],[-78.5544,33.8472],[-78.5523,33.8469],[-78.551,33.8461],[-78.5486,33.8456],[-78.5492,33.8472],[-78.5506,33.8477],[-78.5456,33.8483],[-78.5445,33.8476],[-78.5435,33.8491],[-78.5409,33.8508],[-78.5509,33.8595],[-78.5564,33.8644],[-78.569,33.8752],[-78.5794,33.8839]],[[-78.7801,33.8147],[-78.7783,33.8156],[-78.7784,33.8141],[-78.7712,33.8118],[-78.775,33.8123],[-78.7781,33.8131],[-78.7801,33.8147]]]},"properties":{"OBJECTID":6197},"id":6197},
{"type":"Feature","geometry":null,"properties":{"OBJECTID":6198},"id":6198},
{"type":"Feature","geometry":{"type":"Polygon","coordinates":[[[-80.8717,35.8238],[-80.8726,35.8213],[-80.8715,35.8209],[-80.8709,35.8214],[-80.8707,35.8236],[-80.8717,35.8238]]]},"properties":{"OBJECTID":6199},"id":6199},
{"type":"Feature","geometry":{"type":"Polygon","coordinates":[[[-80.5154,34.0174],[-80.5177,34.0184],[-80.5192,34.0193],[-80.5206,34.0173],[-80.5208,34.0152],[-80.5217,34.0113],[-80.5212,34.0062],[-80.5215,34.0031],[-80.52,34.0029],[-80.5188,34.0001],[-80.5162,33.9984],[-80.5157,33.9971],[-80.5158,33.9951],[-80.5098,33.9945],[-80.5097,33.9941],[-80.5147,33.9915],[-80.5161,33.9912],[-80.5169,33.9919],[-80.5187,33.9923],[-80.5202,33.9922],[-80.5223,33.9916],[-80.5237,33.9907],[-80.5254,33.9892],[-80.5269,33.9873],[-80.5289,33.986],[-80.5329,33.9859],[-80.5343,33.9856],[-80.5363,33.9845],[-80.5372,33.9842],[-80.5406,33.9845],[-80.5405,33.9777],[-80.5403,33.9698],[-80.5401,33.9677],[-80.5396,33.9657],[-80.5368,33.9608],[-80.5322,33.9527],[-80.5308,33.9513],[-80.5273,33.9484],[-80.5257,33.9468],[-80.5238,33.9451],[-80.5168,33.9448],[-80.5144,33.945],[-80.5082,33.9468],[-80.5029,33.9485],[-80.4993,33.9501],[-80.4969,33.9515],[-80.4918,33.9502],[-80.4916,33.9496],[-80.492,33.9478],[-80.4915,33.947],[-80.4897,33.9462],[-80.4879,33.9459],[-80.4836,33.9458],[-80.4818,33.9453],[-80.4779,33.9448],[-80.4736,33.9409],[-80.475,33.9378],[-80.4715,33.9375],[-80.4687,33.9376],[-80.4625,33.937],[-80.4557,33.9362],[-80.4531,33.9365],[-80.4474,33.9365],[-80.4429,33.936],[-80.4346,33.9288],[-80.4256,33.921],[-80.426,33.9153],[-80.4263,33.9131],[-80.4212,33.913],[-80.4203,33.9128],[-80.4208,33.909],[-80.4171,33.9067],[-80.4171,33.9051],[-80.4197,33.9049],[-80.416,33.8983],[-80.4194,33.8954],[-80.4247,33.8949],[-80.4244,33.8916],[-80.4311,33.8922],[-80.4356,33.8925],[-80.4368,33.8921],[-80.4416,33.8891],[-80.4467,33.8862],[-80.4462,33.8837],[-80.4452,33.8813],[-80.4443,33.8802],[-80.4412,33.8772],[-80.4393,33.8747],[-80.4382,33.8715],[-80.4358,33.8714],[-80.435,33.8712],[-80.4331,33.8692],[-80.4309,33.8674],[-80.4276,33.8661],[-80.4271,33.8656],[-80.4253,33.8628],[-80.4244,33.8623],[-80.4193,33.8623],[-80.4051,33.8613],[-80.4052,33.8584],[-80.4061,33.8573],[-80.4077,33.8566],[-80.409,33.8547],[-80.4099,33.8529],[-80.4106,33.8504],[-80.4107,33.8491],[-80.4077,33.8455],[-80.4072,33.8411],[-80.4064,33.8386],[-80.4044,33.8367],[-80.4045,33.8356],[-80.4081,33.8299],[-80.4069,33.8291],[-80.4048,33.8283],[-80.403,33.8284],[-80.4017,33.8287],[-80.3995,33.8289],[-80.3985,33.8288],[-80.396,33.8274],[-80.3941,33.8271],[-80.3916,33.8259],[-80.3907,33.8256],[-80.388,33.8257],[-80.3828,33.8263],[-80.3814,33.8267],[-80.3775,33.8284],[-80.3738,33.8293],[-80.3735,33.8276],[-80.3731,33.8268],[-80.3704,33.8238],[-80.3676,33.821],[-80.3588,33.8218],[-80.3565,33.8216],[-80.356,33.8316],[-80.3554,33.8346],[-80.3539,33.8407],[-80.3529,33.8458],[-80.3513,33.8527],[-80.3489,33.8493],[-80.347,33.8459],[-80.3463,33.845],[-80.3447,33.8441],[-80.3411,33.8433],[-80.34,33.8428],[-80.3366,33.8396],[-80.3326,33.8362],[-80.3314,33.8348],[-80.3308,33.8332],[-80.3304,33.8311],[-80.3304,33.8271],[-80.3292,33.8233],[-80.3274,33.819],[-80.3251,33.8172],[-80.3239,33.8159],[-80.3215,33.8123],[-80.3178,33.8049],[-80.3144,33.8007],[-80.3127,33.799],[-80.3103,33.7972],[-80.3079,33.7951],[-80.3047,33.7915],[-80.3041,33.7915],[-80.3005,33.7947],[-80.2933,33.8009],[-80.2918,33.8019],[-80.2861,33.8059],[-80.2802,33.8117],[-80.2875,33.8193],[-80.2886,33.8207],[-80.2894,33.8234],[-80.2912,33.8275],[-80.2941,33.8346],[-80.295,33.8362],[-80.2991,33.8422],[-80.301,33.8448],[-80.3033,33.8472],[-80.3061,33.8504],[-80.3105,33.8568],[-80.3123,33.8596],[-80.3149,33.8645],[-80.316,33.8658],[-80.3189,33.8681],[-80.3219,33.8691],[-80.326,33.87],[-80.3273,33.8705],[-80.3296,33.8717],[-80.3281,33.8731],[-80.3229,33.8787],[-80.3226,33.8793],[-80.3211,33.8867],[-80.3209,33.8874],[-80.3198,33.8884],[-80.3168,33.89],[-80.3152,33.8902],[-80.3117,33.89],[-80.3099,33.8901],[-80.3092,33.8904],[-80.3061,33.8862],[-80.2999,33.8889],[-80.299,33.8894],[-80.2899,33.8979],[-80.2955,33.9055],[-80.2962,33.9092],[-80.2957,33.9115],[-80.2958,33.9124],[-80.2967,33.9153],[-80.2939,33.9154],[-80.2913,33.9152],[-80.288,33.9156],[-80.2855,33.9159],[-80.2813,33.9232],[-80.2806,33.9243],[-80.2808,33.9323],[-80.2851,33.9356],[-80.2868,33.9371],[-80.2888,33.9386],[-80.2897,33.9388],[-80.2944,33.9423],[-80.2952,33.9427],[-80.2965,33.9428],[-80.3018,33.9425],[-80.3043,33.9427],[-80.3102,33.944],[-80.3117,33.9449],[-80.3139,33.9451],[-80.3124,33.9472],[-80.3032,33.9605],[-80.3098,33.9618],[-80.3121,33.9618],[-80.3136,33.9622],[-80.3148,33.9634],[-80.3184,33.9684],[-80.3213,33.9746],[-80.322,33.9756],[-80.3245,33.9773],[-80.329,33.9824],[-80.3315,33.9844],[-80.3373,33.9866],[-80.3408,33.9876],[-80.3431,33.9886],[-80.3475,33.9902],[-80.3484,33.9903],[-80.3521,33.9901],[-80.3568,33.9896],[-80.359,33.9891],[-80.3639,33.9874],[-80.3661,33.987],[-80.3716,33.9879],[-80.3734,33.989],[-80.3753,33.9912],[-80.377,33.9919],[-80.3777,33.9884],[-80.3781,33.9875],[-80.3789,33.987],[-80.3825,33.9857],[-80.3854,33.9851],[-80.3861,33.9846],[-80.3875,33.9818],[-80.3888,33.9821],[-80.3885,33.9836],[-80.3874,33.9832],[-80.389,33.9863],[-80.3953,33.984],[-80.4007,33.9818],[-80.4003,33.9812],[-80.4014,33.9807],[-80.3989,33.9765],[-80.3993,33.9762],[-80.4044,33.9788],[-80.4062,33.9801],[-80.407,33.981],[-80.4117,33.9874],[-80.4156,33.9856],[-80.4178,33.9848],[-80.4273,33.9849],[-80.4275,33.9825],[-80.4318,33.9834],[-80.4333,33.9843],[-80.4377,33.9879],[-80.4386,33.9888],[-80.439,33.9901],[-80.4428,33.9912],[-80.4456,33.9934],[-80.4476,33.994],[-80.4489,33.9939],[-80.4503,33.9927],[-80.4551,33.9901],[-80.4598,33.9927],[-80.4603,33.992],[-80.4651,33.9982],[-80.4665,34.0006],[-80.4673,34.0002],[-80.4693,33.9997],[-80.4716,33.9994],[-80.4731,33.9995],[-80.4739,34],[-80.4756,34.0022],[-80.4775,34.0028],[-80.48,34.0039],[-80.4849,34.0064],[-80.487,34.008],[-80.4883,34.0087],[-80.49,34.0088],[-80.4896,34.0114],[-80.4922,34.0118],[-80.4942,34.0126],[-80.4966,34.0133],[-80.4994,34.0145],[-80.5003,34.0151],[-80.5042,34.0158],[-80.5058,34.0172],[-80.5065,34.018],[-80.5078,34.0183],[-80.51,34.0177],[-80.5125,34.0172],[-80.5142,34.0172],[-80.5154,34.0174]],[[-80.4172,33.9102],[-80.4177,33.9105],[-80.4178,33.9122],[-80.409,33.91],[-80.408,33.9046],[-80.4082,33.9012],[-80.4081,33.8987],[-80.4075,33.8956],[-80.4092,33.8952],[-80.412,33.8956],[-80.4121,33.897],[-80.4119,33.8996],[-80.4108,33.9],[-80.4114,33.9018],[-80.414,33.9026],[-80.4142,33.9054],[-80.4106,33.9058],[-80.4112,33.9074],[-80.4137,33.9074],[-80.414,33.9094],[-80.4171,33.9094],[-80.4172,33.9102]]]},"properties":{"OBJECTID":6201},"id":6201},
{"type":"Feature","geometry":{"type":"Polygon","coordinates":[[[-77.9868,35.785],[-77.9885,35.7853],[-77.9886,35.7838],[-77.9929,35.784],[-77.9922,35.7814],[-77.9893,35.7814],[-77.9894,35.7799],[-77.987,35.7798],[-77.9868,35.785]]]},"properties":{"OBJECTID":6202},"id":6202},
{"type":"Feature","geometry":{"type":"Polygon","coordinates":[[[-80.8432,35.5524],[-80.8437,35.5527],[-80.8439,35.5524],[-80.8434,35.5521],[-80.8432,35.5524]]]},"properties":{"OBJECTID":6204},"id":6204},
{"type":"Feature","geometry":{"type":"Polygon","coordinates":[[[-77.8984,35.404],[-77.8982,35.4044],[-77.8989,35.4045],[-77.899,35.4042],[-77.8984,35.404]]]},"properties":{"OBJECTID":6209},"id":6209},
{"type":"Feature","geometry":{"type":"Polygon","coordinates":[[[-80.8414,35.769],[-80.8405,35.7693],[-80.8405,35.7728],[-80.8433,35.7729],[-80.8433,35.7693],[-80.8414,35.769]]]},"properties":{"OBJECTID":6210},"id":6210},
{"type":"Feature","geometry":{"type":"Polygon","coordinates":[[[-80.9353,35.7868],[-80.9376,35.7866],[-80.9382,35.7849],[-80.934,35.7853],[-80.934,35.7865],[-80.9353,35.7868]]]},"properties":{"OBJECTID":6212},"id":6212},
{"type":"Feature","geometry":{"type":"Polygon","coordinates":[[[-76.7569,37.3377],[-76.7593,37.3385],[-76.7608,37.3388],[-76.7625,37.3388],[-76.7654,37.3383],[-76.7767,37.3344],[-76.7808,37.3341],[-76.7825,37.3337],[-76.7835,37.3331],[-76.7857,37.3309],[-76.788,37.3294],[-76.7889,37.3279],[-76.7897,37.3246],[-76.7896,37.3231],[-76.7885,37.3209],[-76.7889,37.3176],[-76.7905,37.3148],[-76.7923,37.3128],[-76.7939,37.3116],[-76.7963,37.3081],[-76.7979,37.3075],[-76.7991,37.3074],[-76.8005,37.3067],[-76.802,37.3047],[-76.8025,37.3037],[-76.8026,37.3013],[-76.802,37.3],[-76.8003,37.2979],[-76.7998,37.2971],[-76.7992,37.2939],[-76.7992,37.2905],[-76.7995,37.2895],[-76.801,37.2875],[-76.8015,37.2863],[-76.8034,37.2839],[-76.8047,37.2814],[-76.8077,37.2744],[-76.808,37.2733],[-76.808,37.2713],[-76.8072,37.2691],[-76.8059,37.2671],[-76.8055,37.2649],[-76.8044,37.2624],[-76.8005,37.2556],[-76.7992,37.2536],[-76.8031,37.2521],[-76.8044,37.2519],[-76.8064,37.2524],[-76.8119,37.2551],[-76.8138,37.2553],[-76.8278,37.2543],[-76.8315,37.2537],[-76.8355,37.2538],[-76.8613,37.2613],[-76.8624,37.2616],[-76.8681,37.2641],[-76.8691,37.2645],[-76.8716,37.2647],[-76.8736,37.2643],[-76.8771,37.2635],[-76.8733,37.2583],[-76.8735,37.2571],[-76.8747,37.2559],[-76.8777,37.2537],[-76.8809,37.2517],[-76.884,37.2501],[-76.8854,37.2485],[-76.886,37.2472],[-76.8863,37.2448],[-76.885,37.2347],[-76.8834,37.2231],[-76.8747,37.2236],[-76.8619,37.224],[-76.835,37.2249],[-76.8235,37.2249],[-76.8185,37.2246],[-76.8125,37.2234],[-76.8089,37.2223],[-76.8049,37.2202],[-76.8017,37.2178],[-76.7988,37.2152],[-76.7957,37.212],[-76.7855,37.201],[-76.7812,37.1965],[-76.7735,37.1888],[-76.766,37.1818],[-76.7603,37.1768],[-76.7563,37.1742],[-76.7531,37.1727],[-76.7497,37.1716],[-76.7436,37.1712],[-76.7379,37.1715],[-76.7361,37.1717],[-76.7327,37.1726],[-76.7304,37.1736],[-76.7279,37.1754],[-76.726,37.1774],[-76.725,37.1791],[-76.7236,37.1821],[-76.7217,37.1865],[-76.7205,37.189],[-76.7189,37.1919],[-76.7154,37.1976],[-76.7124,37.2006],[-76.7091,37.2032],[-76.7047,37.2058],[-76.7026,37.2069],[-76.6986,37.2083],[-76.6961,37.209],[-76.6916,37.2097],[-76.6866,37.21],[-76.682,37.21],[-76.6768,37.2095],[-76.6743,37.209],[-76.6698,37.2075],[-76.6674,37.2066],[-76.6624,37.2041],[-76.6583,37.2018],[-76.6537,37.1988],[-76.65,37.1961],[-76.6478,37.1943],[-76.6449,37.1916],[-76.6436,37.1898],[-76.6432,37.1887],[-76.6426,37.1858],[-76.6423,37.1788],[-76.6415,37.1539],[-76.6432,37.1392],[-76.644,37.1353],[-76.646,37.128],[-76.6461,37.1265],[-76.6457,37.1249],[-76.6282,37.0928],[-76.6246,37.0891],[-76.6123,37.0791],[-76.612,37.0788],[-76.6071,37.0749],[-76.5971,37.0668],[-76.5931,37.064],[-76.5828,37.0562],[-76.5777,37.0525],[-76.5616,37.0411],[-76.5525,37.0348],[-76.5358,37.0234],[-76.5269,37.0173],[-76.5145,37.0089],[-76.5022,37.0003],[-76.4997,36.9984],[-76.4921,36.9929],[-76.4763,36.9814],[-76.4704,36.9769],[-76.4675,36.9742],[-76.4644,36.9711],[-76.4602,36.966],[-76.4542,36.9555],[-76.4524,36.9528],[-76.4498,36.9483],[-76.4474,36.9448],[-76.4454,36.9424],[-76.446,36.9414],[-76.448,36.9405],[-76.4516,36.9385],[-76.4581,36.9355],[-76.4609,36.9344],[-76.4673,36.932],[-76.4704,36.9302],[-76.475,36.9291],[-76.4789,36.9288],[-76.4858,36.9289],[-76.4874,36.9287],[-76.4902,36.9276],[-76.4922,36.9263],[-76.4933,36.9251],[-76.4944,36.9236],[-76.4986,36.9174],[-76.4993,36.916],[-76.5004,36.9146],[-76.5018,36.9136],[-76.505,36.9127],[-76.5084,36.912],[-76.5126,36.9105],[-76.5159,36.909],[-76.5185,36.9071],[-76.5207,36.9062],[-76.5234,36.9068],[-76.5245,36.9074],[-76.5258,36.9088],[-76.5272,36.9109],[-76.5271,36.9122],[-76.5264,36.9146],[-76.527,36.9154],[-76.5293,36.9167],[-76.5305,36.9166],[-76.5335,36.9156],[-76.5342,36.9147],[-76.5346,36.9135],[-76.5358,36.9125],[-76.5379,36.9124],[-76.544,36.908],[-76.5443,36.9075],[-76.5535,36.9006],[-76.5631,36.8935],[-76.5716,36.887],[-76.5776,36.8827],[-76.5818,36.8794],[-76.5876,36.8751],[-76.5938,36.8704],[-76.5997,36.8659],[-76.6026,36.8639],[-76.6044,36.8624],[-76.6232,36.8483],[-76.6255,36.8464],[-76.6352,36.839],[-76.6466,36.8303],[-76.6479,36.8293],[-76.6606,36.8196],[-76.663,36.818],[-76.6706,36.812],[-76.6787,36.8057],[-76.6952,36.793],[-76.7059,36.7847],[-76.709,36.7821],[-76.725,36.7701],[-76.7412,36.7576],[-76.7478,36.7526],[-76.7509,36.7501],[-76.7559,36.746],[-76.7663,36.7383],[-76.7801,36.7284],[-76.7928,36.7197],[-76.7962,36.7175],[-76.8146,36.7057],[-76.8254,36.6967],[-76.8413,36.6847],[-76.8462,36.6812],[-76.8566,36.6738],[-76.861,36.6707],[-76.8694,36.6645],[-76.8747,36.6607],[-76.8843,36.6537],[-76.8908,36.649],[-76.8977,36.644],[-76.8957,36.6419],[-76.8952,36.6397],[-76.8951,36.6357],[-76.8942,36.6347],[-76.8914,36.6307],[-76.8915,36.6301],[-76.8929,36.6284],[-76.8934,36.6264],[-76.8939,36.6257],[-76.8955,36.6247],[-76.8969,36.6246],[-76.8981,36.6239],[-76.8981,36.6226],[-76.8985,36.6214],[-76.8994,36.6207],[-76.9004,36.6203],[-76.9012,36.6211],[-76.9005,36.622],[-76.9007,36.6227],[-76.9021,36.6226],[-76.9076,36.6199],[-76.911,36.6192],[-76.9121,36.6182],[-76.9122,36.6175],[-76.9114,36.6167],[-76.909,36.615],[-76.908,36.6138],[-76.9073,36.6121],[-76.9074,36.6109],[-76.9083,36.6084],[-76.9093,36.6069],[-76.9107,36.6052],[-76.9127,36.6024],[-76.9126,36.6017],[-76.9114,36.5994],[-76.9108,36.5976],[-76.9095,36.5919],[-76.9102,36.5894],[-76.9103,36.5878],[-76.91,36.5857],[-76.9099,36.5827],[-76.9093,36.5797],[-76.9098,36.5786],[-76.9106,36.5779],[-76.9125,36.5771],[-76.9159,36.577],[-76.9183,36.5779],[-76.9196,36.5779],[-76.9208,36.5771],[-76.9209,36.5761],[-76.9201,36.5753],[-76.918,36.5745],[-76.9176,36.5739],[-76.918,36.5726],[-76.919,36.5724],[-76.9216,36.573],[-76.9242,36.5729],[-76.9262,36.5719],[-76.9278,36.5688],[-76.9281,36.5656],[-76.9276,36.5635],[-76.9277,36.5624],[-76.9293,36.5606],[-76.9307,36.56],[-76.9303,36.5589],[-76.9284,36.5586],[-76.9262,36.5577],[-76.9235,36.5558],[-76.9206,36.5558],[-76.9196,36.5546],[-76.9188,36.5544],[-76.917,36.5545],[-76.9163,36.5542],[-76.9157,36.5533],[-76.9159,36.5521],[-76.8747,36.5516],[-76.8705,36.5514],[-76.8421,36.551],[-76.827,36.5509],[-76.8071,36.5506],[-76.7958,36.5505],[-76.7813,36.5506],[-76.781,36.5507],[-76.7497,36.5504],[-76.7417,36.5508],[-76.735,36.5508],[-76.7222,36.5508],[-76.7153,36.5508],[-76.6956,36.5507],[-76.6605,36.5508],[-76.6247,36.5507],[-76.6175,36.5508],[-76.6006,36.5507],[-76.5775,36.5507],[-76.5755,36.5507],[-76.5581,36.5503],[-76.5417,36.5503],[-76.5293,36.5505],[-76.505,36.5506],[-76.4997,36.5506],[-76.4914,36.5506],[-76.4468,36.5504],[-76.4265,36.5504],[-76.4083,36.5504],[-76.3795,36.5503],[-76.3747,36.5502],[-76.3388,36.5505],[-76.3291,36.5505],[-76.3132,36.5505],[-76.2802,36.5505],[-76.2723,36.5505],[-76.2444,36.5504],[-76.2338,36.5504],[-76.1929,36.5504],[-76.1907,36.5504],[-76.1528,36.5504],[-76.1493,36.5505],[-76.1385,36.5505],[-76.1296,36.5505],[-76.1222,36.5505],[-76.0909,36.5504],[-76.0892,36.5503],[-76.0807,36.5505],[-76.0698,36.5505],[-76.0618,36.5504],[-76.027,36.5504],[-76.0073,36.5503],[-75.9973,36.5504],[-75.9637,36.5504],[-75.933,36.5503],[-75.912,36.5503],[-75.9094,36.5503],[-75.8957,36.5503],[-75.8676,36.5503],[-75.8673,36.5504],[-75.8544,36.5503],[-75.8342,36.5505],[-75.8241,36.5503],[-75.7975,36.5509],[-75.8004,36.5627],[-75.8198,36.6252],[-75.8236,36.6323],[-75.8298,36.6446],[-75.834,36.6546],[-75.844,36.6798],[-75.8621,36.7141],[-75.8746,36.7443],[-75.8874,36.7911],[-75.901,36.8415],[-75.914,36.8892],[-75.9268,36.9365],[-75.9283,36.9382],[-75.9095,36.9907],[-75.9465,37.0001],[-75.9466,37.0001],[-75.9997,37.0133],[-76.0772,37.0288],[-76.0861,37.0306],[-76.1247,37.0392],[-76.1337,37.0409],[-76.1337,37.0411],[-76.134,37.0561],[-76.1348,37.108],[-76.135,37.1176],[-76.1355,37.192],[-76.1359,37.232],[-76.1363,37.2822],[-76.2497,37.279],[-76.3045,37.2784],[-76.3526,37.259],[-76.3747,37.2501],[-76.3778,37.2492],[-76.3858,37.2466],[-76.3985,37.2432],[-76.4037,37.2419],[-76.409,37.2418],[-76.4159,37.2408],[-76.4217,37.2397],[-76.4271,37.2387],[-76.4305,37.2379],[-76.4415,37.2356],[-76.4455,37.2348],[-76.4493,37.2342],[-76.4553,37.2336],[-76.4583,37.2334],[-76.466,37.2336],[-76.4689,37.2339],[-76.473,37.2348],[-76.4791,37.2365],[-76.4828,37.2375],[-76.4977,37.2409],[-76.4997,37.2411],[-76.5065,37.2432],[-76.512,37.2358],[-76.513,37.234],[-76.5151,37.2296],[-76.5153,37.2278],[-76.5154,37.2181],[-76.5153,37.2161],[-76.5146,37.2137],[-76.5136,37.2116],[-76.5122,37.2097],[-76.5097,37.2074],[-76.5074,37.2058],[-76.4938,37.1983],[-76.4924,37.1973],[-76.4913,37.1958],[-76.4886,37.1914],[-76.4828,37.1819],[-76.4797,37.1782],[-76.4749,37.1728],[-76.4782,37.1706],[-76.4815,37.1686],[-76.4872,37.1664],[-76.493,37.1643],[-76.497,37.1626],[-76.4986,37.1616],[-76.5006,37.16],[-76.5023,37.1584],[-76.5061,37.1541],[-76.5062,37.1543],[-76.5045,37.1562],[-76.5056,37.1573],[-76.5045,37.1585],[-76.515,37.1732],[-76.5148,37.1761],[-76.5169,37.1788],[-76.5217,37.1772],[-76.5247,37.1769],[-76.5259,37.177],[-76.5337,37.1855],[-76.5341,37.1861],[-76.5393,37.1918],[-76.5452,37.1983],[-76.5535,37.2078],[-76.5557,37.2102],[-76.5637,37.2194],[-76.5651,37.2206],[-76.5676,37.2177],[-76.5705,37.2173],[-76.5708,37.2157],[-76.5747,37.2157],[-76.5752,37.213],[-76.5767,37.2132],[-76.5825,37.2129],[-76.5817,37.2175],[-76.583,37.2185],[-76.5866,37.2191],[-76.5883,37.2188],[-76.5901,37.2176],[-76.5918,37.2163],[-76.5926,37.2145],[-76.5932,37.2153],[-76.5942,37.2188],[-76.5951,37.2199],[-76.5951,37.2236],[-76.5947,37.2243],[-76.5951,37.2251],[-76.5947,37.2261],[-76.5951,37.2269],[-76.595,37.2293],[-76.596,37.2321],[-76.5969,37.2327],[-76.599,37.2334],[-76.5997,37.2339],[-76.6008,37.2369],[-76.6011,37.2383],[-76.6158,37.2362],[-76.6229,37.2352],[-76.6274,37.2318],[-76.6282,37.2331],[-76.6296,37.2343],[-76.6322,37.2359],[-76.6337,37.2364],[-76.6381,37.2374],[-76.6474,37.2394],[-76.651,37.2391],[-76.6538,37.2408],[-76.6585,37.2449],[-76.6591,37.2456],[-76.66,37.2477],[-76.6602,37.249],[-76.6609,37.2501],[-76.6623,37.2514],[-76.6633,37.2539],[-76.6636,37.2558],[-76.6637,37.2583],[-76.6646,37.2615],[-76.6655,37.2638],[-76.6671,37.2652],[-76.6693,37.2661],[-76.6706,37.2662],[-76.6752,37.2659],[-76.6784,37.2655],[-76.68,37.2659],[-76.684,37.2691],[-76.6846,37.2703],[-76.6843,37.2709],[-76.681,37.2745],[-76.6788,37.2751],[-76.6776,37.2759],[-76.6771,37.2772],[-76.6774,37.2783],[-76.6785,37.2806],[-76.6807,37.2818],[-76.6805,37.2846],[-76.6802,37.2859],[-76.6803,37.2876],[-76.681,37.2908],[-76.6813,37.2931],[-76.6825,37.2927],[-76.6857,37.2937],[-76.6864,37.2931],[-76.689,37.2927],[-76.6902,37.2927],[-76.6913,37.2908],[-76.6908,37.2897],[-76.6909,37.2887],[-76.6932,37.287],[-76.6947,37.2866],[-76.6956,37.286],[-76.6988,37.2854],[-76.6997,37.2844],[-76.7041,37.2833],[-76.7078,37.2828],[-76.7099,37.2827],[-76.7103,37.2777],[-76.711,37.2779],[-76.7132,37.279],[-76.7153,37.2806],[-76.7179,37.2832],[-76.7202,37.287],[-76.7232,37.2937],[-76.7235,37.2939],[-76.7244,37.2958],[-76.7256,37.2955],[-76.7273,37.2988],[-76.7276,37.3008],[-76.7267,37.301],[-76.7272,37.3021],[-76.7274,37.3042],[-76.7281,37.3063],[-76.7289,37.3081],[-76.7291,37.3108],[-76.7298,37.3137],[-76.7318,37.3168],[-76.7339,37.3181],[-76.7345,37.3205],[-76.7357,37.3226],[-76.7359,37.3239],[-76.7355,37.3269],[-76.7347,37.3295],[-76.7348,37.3314],[-76.7356,37.3322],[-76.738,37.333],[-76.7403,37.334],[-76.7444,37.3354],[-76.7459,37.3363],[-76.7491,37.3374],[-76.7501,37.3374],[-76.7507,37.3379],[-76.7535,37.3385],[-76.7561,37.3378],[-76.7569,37.3377]]]},"properties":{"OBJECTID":6216},"id":6216},
{"type":"Feature","geometry":{"type":"Polygon","coordinates":[[[-77.3227,35.5578],[-77.3236,35.5582],[-77.3251,35.5562],[-77.3261,35.5558],[-77.3268,35.5547],[-77.3284,35.5543],[-77.3287,35.5537],[-77.3266,35.5514],[-77.3242,35.5538],[-77.3222,35.5525],[-77.3189,35.5551],[-77.3203,35.5558],[-77.3217,35.5576],[-77.3227,35.5578]]]},"properties":{"OBJECTID":6219},"id":6219},
{"type":"Feature","geometry":{"type":"Polygon","coordinates":[[[-78.7416,35.5348],[-78.7421,35.5356],[-78.7491,35.5357],[-78.7491,35.5331],[-78.7509,35.5331],[-78.7509,35.5314],[-78.7492,35.5318],[-78.7476,35.5334],[-78.746,35.5346],[-78.7448,35.5313],[-78.7445,35.5323],[-78.7431,35.5323],[-78.7413,35.5335],[-78.7416,35.5348]]]},"properties":{"OBJECTID":6220},"id":6220},
{"type":"Feature","geometry":{"type":"Polygon","coordinates":[[[-81.2739,35.78],[-81.2743,35.777],[-81.2725,35.777],[-81.2734,35.7795],[-81.2739,35.78]]]},"properties":{"OBJECTID":6222},"id":6222},
{"type":"Feature","geometry":{"type":"Polygon","coordinates":[[[-79.7075,36.1524],[-79.7072,36.1531],[-79.7079,36.153],[-79.7075,36.1524]]]},"properties":{"OBJECTID":6223},"id":6223},
{"type":"Feature","geometry":{"type":"Polygon","coordinates":[[[-80.8208,35.8238],[-80.8204,35.8282],[-80.8302,35.8283],[-80.8296,35.8235],[-80.8324,35.8236],[-80.8324,35.8228],[-80.8314,35.8221],[-80.8278,35.8224],[-80.8209,35.8223],[-80.8208,35.8238]]]},"properties":{"OBJECTID":6224},"id":6224},
{"type":"Feature","geometry":{"type":"Polygon","coordinates":[[[-77.432,35.5301],[-77.433,35.5319],[-77.4334,35.532],[-77.4389,35.5312],[-77.4374,35.53],[-77.4347,35.529],[-77.434,35.5279],[-77.4287,35.5284],[-77.4284,35.5293],[-77.4304,35.5292],[-77.432,35.5301]]]},"properties":{"OBJECTID":6226},"id":6226},
{"type":"Feature","geometry":{"type":"Polygon","coordinates":[[[-78.9338,35.6818],[-78.9343,35.6815],[-78.9341,35.6808],[-78.9336,35.6811],[-78.9338,35.6818]]]},"properties":{"OBJECTID":6230},"id":6230},
{"type":"Feature","geometry":{"type":"Polygon","coordinates":[[[-78.7545,35.5448],[-78.7559,35.5442],[-78.7558,35.5419],[-78.7545,35.5409],[-78.7546,35.5393],[-78.7527,35.5392],[-78.7527,35.5383],[-78.7496,35.5386],[-78.7487,35.5385],[-78.7481,35.5368],[-78.7453,35.5371],[-78.7462,35.5381],[-78.7453,35.5388],[-78.7449,35.5399],[-78.7471,35.5409],[-78.7476,35.5402],[-78.7485,35.5411],[-78.7518,35.5438],[-78.7531,35.5451],[-78.7545,35.5448]]]},"properties":{"OBJECTID":6232},"id":6232},
{"type":"Feature","geometry":null,"properties":{"OBJECTID":6235},"id":6235},
{"type":"Feature","geometry":{"type":"Polygon","coordinates":[[[-81.2875,35.7944],[-81.2881,35.7933],[-81.2886,35.7935],[-81.2899,35.7911],[-81.2891,35.791],[-81.2891,35.7899],[-81.2871,35.7898],[-81.2871,35.7906],[-81.2831,35.7876],[-81.2826,35.789],[-81.281,35.7914],[-81.2833,35.7926],[-81.2875,35.7944]]]},"properties":{"OBJECTID":6236},"id":6236},
{"type":"Feature","geometry":{"type":"Polygon","coordinates":[[[-81.2161,35.3073],[-81.2149,35.3102],[-81.2186,35.3107],[-81.2208,35.3109],[-81.2212,35.3082],[-81.2218,35.3079],[-81.2219,35.307],[-81.2182,35.3067],[-81.2169,35.3053],[-81.215,35.3068],[-81.2161,35.3073]]]},"properties":{"OBJECTID":6239},"id":6239},
{"type":"Feature","geometry":{"type":"Polygon","coordinates":[[[-79.3983,36.6441],[-79.3988,36.6445],[-79.4005,36.6439],[-79.3999,36.6428],[-79.4002,36.6419],[-79.403,36.6415],[-79.4052,36.6371],[-79.4066,36.6336],[-79.4044,36.6324],[-79.4057,36.6305],[-79.4054,36.6297],[-79.4102,36.6255],[-79.4112,36.6242],[-79.411,36.6231],[-79.4143,36.6189],[-79.4158,36.6187],[-79.4157,36.6177],[-79.4166,36.6169],[-79.4154,36.6153],[-79.4158,36.6147],[-79.4154,36.6133],[-79.4149,36.6129],[-79.4154,36.6118],[-79.4202,36.6066],[-79.421,36.6067],[-79.4224,36.6033],[-79.4225,36.6017],[-79.4221,36.6007],[-79.4239,36.6001],[-79.4285,36.599],[-79.4291,36.5998],[-79.4303,36.5995],[-79.4321,36.6005],[-79.4335,36.6031],[-79.4363,36.6057],[-79.4381,36.6082],[-79.4436,36.6065],[-79.4442,36.6075],[-79.4443,36.6089],[-79.4451,36.6093],[-79.4468,36.6092],[-79.4476,36.6078],[-79.4476,36.607],[-79.4487,36.6073],[-79.4495,36.6107],[-79.4505,36.611],[-79.4514,36.6117],[-79.4528,36.6122],[-79.4545,36.6122],[-79.4572,36.6117],[-79.4602,36.6131],[-79.4626,36.6136],[-79.4628,36.6124],[-79.4635,36.6122],[-79.4652,36.6131],[-79.466,36.614],[-79.4665,36.6151],[-79.4675,36.6153],[-79.4687,36.6139],[-79.4708,36.6146],[-79.4734,36.6147],[-79.4755,36.6142],[-79.4769,36.615],[-79.4786,36.6163],[-79.4802,36.6161],[-79.4822,36.6153],[-79.4841,36.6159],[-79.4848,36.6157],[-79.4875,36.6128],[-79.4876,36.6142],[-79.4883,36.6146],[-79.4906,36.6144],[-79.4911,36.6149],[-79.4932,36.6142],[-79.4943,36.6147],[-79.495,36.6155],[-79.497,36.6167],[-79.4976,36.6172],[-79.4997,36.617],[-79.5011,36.6183],[-79.5041,36.6164],[-79.505,36.6167],[-79.5065,36.616],[-79.5092,36.614],[-79.5115,36.6119],[-79.512,36.6117],[-79.5119,36.6096],[-79.5123,36.6066],[-79.5119,36.6058],[-79.5148,36.6058],[-79.5177,36.606],[-79.5181,36.6058],[-79.5182,36.6044],[-79.5193,36.6029],[-79.5193,36.6021],[-79.5173,36.6009],[-79.5158,36.6002],[-79.5105,36.5971],[-79.5097,36.5946],[-79.5085,36.5958],[-79.5056,36.5946],[-79.5004,36.5931],[-79.502,36.5924],[-79.5025,36.5916],[-79.4998,36.5909],[-79.4985,36.5896],[-79.4971,36.5873],[-79.4942,36.5834],[-79.4932,36.5831],[-79.4936,36.5823],[-79.4905,36.5804],[-79.487,36.5828],[-79.4847,36.5838],[-79.4812,36.5842],[-79.4784,36.5841],[-79.4758,36.5836],[-79.472,36.5816],[-79.4677,36.5796],[-79.463,36.5791],[-79.4585,36.5776],[-79.4566,36.5767],[-79.4575,36.5744],[-79.4586,36.5736],[-79.4594,36.5696],[-79.4619,36.5643],[-79.4622,36.5639],[-79.4645,36.5653],[-79.4662,36.5641],[-79.4721,36.5606],[-79.4735,36.5516],[-79.4732,36.5506],[-79.4685,36.5452],[-79.4689,36.5431],[-79.4702,36.5408],[-79.4567,36.5409],[-79.4519,36.5411],[-79.4429,36.5413],[-79.4298,36.5413],[-79.4119,36.5414],[-79.3975,36.5414],[-79.3848,36.5413],[-79.3628,36.5412],[-79.3523,36.5414],[-79.3427,36.5414],[-79.3434,36.5425],[-79.3444,36.5447],[-79.3469,36.5465],[-79.35,36.5493],[-79.347,36.553],[-79.3443,36.5577],[-79.3435,36.5585],[-79.3433,36.5593],[-79.3438,36.5616],[-79.3461,36.5611],[-79.3452,36.5628],[-79.3437,36.562],[-79.3435,36.5613],[-79.3414,36.5627],[-79.3343,36.566],[-79.3346,36.5669],[-79.3311,36.5685],[-79.3332,36.5705],[-79.3345,36.57],[-79.3362,36.5717],[-79.335,36.5726],[-79.3343,36.5722],[-79.3332,36.5727],[-79.3324,36.5719],[-79.3313,36.5724],[-79.3298,36.571],[-79.3306,36.5701],[-79.3297,36.5693],[-79.328,36.5704],[-79.3264,36.5699],[-79.3221,36.572],[-79.3214,36.5717],[-79.32,36.5734],[-79.3181,36.5727],[-79.3174,36.5713],[-79.3172,36.57],[-79.3139,36.5689],[-79.312,36.5699],[-79.3106,36.5694],[-79.3094,36.5698],[-79.3073,36.569],[-79.3046,36.5702],[-79.3045,36.5718],[-79.3033,36.5734],[-79.3027,36.5745],[-79.3026,36.5774],[-79.304,36.5774],[-79.3046,36.5779],[-79.3046,36.5823],[-79.3067,36.5822],[-79.3067,36.5827],[-79.3095,36.5829],[-79.3095,36.5819],[-79.3112,36.5826],[-79.3117,36.5823],[-79.3162,36.5823],[-79.3176,36.5828],[-79.3177,36.5836],[-79.3194,36.5839],[-79.3205,36.5834],[-79.3215,36.5824],[-79.3284,36.5823],[-79.3286,36.5838],[-79.3284,36.5855],[-79.3291,36.5868],[-79.3291,36.5885],[-79.3314,36.5886],[-79.331,36.6017],[-79.3325,36.6016],[-79.3473,36.6002],[-79.3493,36.5996],[-79.3495,36.6007],[-79.3512,36.5999],[-79.3529,36.6044],[-79.354,36.6071],[-79.3547,36.6093],[-79.3567,36.6092],[-79.3606,36.6097],[-79.3616,36.609],[-79.3634,36.6088],[-79.3649,36.6077],[-79.3684,36.6155],[-79.3689,36.6176],[-79.3689,36.6231],[-79.3692,36.6337],[-79.3695,36.6353],[-79.3717,36.6354],[-79.3753,36.6367],[-79.3772,36.6364],[-79.378,36.6357],[-79.3792,36.634],[-79.3821,36.6354],[-79.3852,36.6377],[-79.3858,36.6378],[-79.392,36.6373],[-79.3919,36.6393],[-79.391,36.6395],[-79.3923,36.6431],[-79.3956,36.6419],[-79.3972,36.6434],[-79.3983,36.6441]]]},"properties":{"OBJECTID":6241},"id":6241},
{"type":"Feature","geometry":{"type":"Polygon","coordinates":[[[-80.7531,35.4628],[-80.7531,35.4611],[-80.7558,35.461],[-80.7551,35.4584],[-80.7484,35.4583],[-80.744,35.4586],[-80.7441,35.4621],[-80.7531,35.4628]]]},"properties":{"OBJECTID":6245},"id":6245},
{"type":"Feature","geometry":{"type":"Polygon","coordinates":[[[-78.0746,34.1858],[-78.0757,34.1865],[-78.0749,34.1874],[-78.0774,34.1895],[-78.0799,34.1859],[-78.0788,34.1847],[-78.0778,34.1829],[-78.0761,34.1828],[-78.075,34.1841],[-78.0737,34.1834],[-78.0755,34.1822],[-78.0772,34.1817],[-78.0812,34.1837],[-78.0822,34.1823],[-78.0808,34.1816],[-78.0803,34.1809],[-78.0775,34.1808],[-78.0768,34.18],[-78.0755,34.1796],[-78.0745,34.1789],[-78.0739,34.1791],[-78.0723,34.1788],[-78.0729,34.1818],[-78.0712,34.1831],[-78.0712,34.1855],[-78.0719,34.1862],[-78.0731,34.1858],[-78.0738,34.1862],[-78.0746,34.1858]]]},"properties":{"OBJECTID":6246},"id":6246},
{"type":"Feature","geometry":{"type":"Polygon","coordinates":[[[-83.259,33.1733],[-83.2615,33.1746],[-83.2632,33.1751],[-83.2645,33.1749],[-83.2688,33.1731],[-83.2734,33.1718],[-83.2742,33.1713],[-83.2789,33.1666],[-83.2801,33.1659],[-83.2774,33.159],[-83.2748,33.1538],[-83.2742,33.1515],[-83.2889,33.1409],[-83.299,33.1269],[-83.3427,33.1107],[-83.3394,33.1094],[-83.3378,33.1084],[-83.3357,33.1065],[-83.3325,33.1047],[-83.331,33.1032],[-83.3298,33.101],[-83.3293,33.0978],[-83.3283,33.0965],[-83.326,33.0947],[-83.3256,33.094],[-83.3256,33.0917],[-83.3252,33.09],[-83.3247,33.0892],[-83.3237,33.0889],[-83.3141,33.0872],[-83.3117,33.0867],[-83.3098,33.0857],[-83.3083,33.0841],[-83.3058,33.0786],[-83.3051,33.0768],[-83.3051,33.076],[-83.3072,33.0727],[-83.3072,33.0719],[-83.3066,33.0708],[-83.3055,33.0697],[-83.3043,33.0691],[-83.2953,33.0651],[-83.2897,33.0628],[-83.2868,33.0625],[-83.2818,33.063],[-83.2817,33.0617],[-83.2812,33.0606],[-83.2804,33.0601],[-83.279,33.0596],[-83.2771,33.0595],[-83.2758,33.0589],[-83.2737,33.0569],[-83.2727,33.0557],[-83.2714,33.0549],[-83.2685,33.0545],[-83.2672,33.0541],[-83.262,33.0513],[-83.2566,33.0512],[-83.2549,33.0514],[-83.2554,33.049],[-83.2557,33.0447],[-83.2556,33.0435],[-83.255,33.0415],[-83.2518,33.0357],[-83.251,33.0347],[-83.246,33.0289],[-83.2447,33.0278],[-83.2435,33.0271],[-83.2387,33.0248],[-83.2356,33.0236],[-83.2327,33.0226],[-83.2285,33.0189],[-83.2272,33.0196],[-83.2248,33.0199],[-83.2218,33.0197],[-83.2199,33.0198],[-83.2176,33.0206],[-83.2149,33.0214],[-83.2117,33.0229],[-83.2107,33.0229],[-83.204,33.0218],[-83.2027,33.0218],[-83.2011,33.0222],[-83.1886,33.0281],[-83.1882,33.0287],[-83.1928,33.0323],[-83.1991,33.0354],[-83.2009,33.0365],[-83.2046,33.0391],[-83.2059,33.0407],[-83.2055,33.042],[-83.2043,33.0429],[-83.2019,33.0442],[-83.1986,33.0453],[-83.1974,33.0462],[-83.1963,33.0483],[-83.1956,33.0517],[-83.1961,33.0543],[-83.198,33.0572],[-83.1988,33.0591],[-83.1986,33.0616],[-83.1974,33.0649],[-83.1976,33.0667],[-83.1984,33.0694],[-83.1993,33.071],[-83.2014,33.0721],[-83.2062,33.0737],[-83.2083,33.0746],[-83.2108,33.076],[-83.2136,33.0781],[-83.214,33.0789],[-83.2138,33.0823],[-83.2139,33.0856],[-83.213,33.0868],[-83.2145,33.0915],[-83.2141,33.093],[-83.2132,33.0946],[-83.2128,33.097],[-83.2124,33.0978],[-83.2112,33.0991],[-83.2098,33.1035],[-83.209,33.1048],[-83.2072,33.1056],[-83.2059,33.1065],[-83.205,33.1081],[-83.2034,33.11],[-83.2028,33.1117],[-83.2008,33.1154],[-83.201,33.1195],[-83.2005,33.122],[-83.2004,33.1236],[-83.1997,33.1256],[-83.1996,33.1269],[-83.1986,33.1289],[-83.1985,33.1303],[-83.1978,33.1304],[-83.1987,33.1323],[-83.1939,33.1355],[-83.1945,33.1363],[-83.193,33.1369],[-83.1948,33.1401],[-83.1958,33.141],[-83.1969,33.1408],[-83.1982,33.142],[-83.2003,33.1407],[-83.2033,33.1402],[-83.2038,33.1404],[-83.2072,33.1399],[-83.2111,33.1414],[-83.2129,33.1408],[-83.2129,33.1421],[-83.2125,33.1429],[-83.2136,33.1445],[-83.2144,33.1444],[-83.2155,33.143],[-83.2156,33.1423],[-83.2167,33.142],[-83.2158,33.1441],[-83.2165,33.1452],[-83.2175,33.1453],[-83.2177,33.1444],[-83.2188,33.144],[-83.2193,33.1455],[-83.221,33.1447],[-83.2203,33.1442],[-83.2211,33.1436],[-83.2208,33.1421],[-83.222,33.1424],[-83.2233,33.1417],[-83.2238,33.1446],[-83.2263,33.1449],[-83.2271,33.1441],[-83.2286,33.1435],[-83.2286,33.1443],[-83.2271,33.1454],[-83.2274,33.1463],[-83.2248,33.1467],[-83.2246,33.1473],[-83.2258,33.1483],[-83.2258,33.149],[-83.2271,33.1498],[-83.2281,33.1491],[-83.2293,33.149],[-83.2313,33.1493],[-83.2319,33.1486],[-83.2345,33.1475],[-83.2361,33.1462],[-83.2359,33.1444],[-83.2366,33.1443],[-83.2381,33.1462],[-83.2391,33.146],[-83.2402,33.1453],[-83.2419,33.1436],[-83.2425,33.1437],[-83.2404,33.1464],[-83.2403,33.1471],[-83.2423,33.148],[-83.2452,33.1483],[-83.2469,33.148],[-83.2472,33.1484],[-83.2464,33.1494],[-83.2464,33.15],[-83.2474,33.1506],[-83.249,33.1511],[-83.2466,33.1516],[-83.2455,33.1514],[-83.2441,33.1504],[-83.2423,33.1499],[-83.2417,33.1501],[-83.241,33.1514],[-83.2401,33.1516],[-83.2397,33.1505],[-83.239,33.1499],[-83.2381,33.15],[-83.2372,33.1512],[-83.2363,33.1509],[-83.2356,33.1514],[-83.236,33.1527],[-83.2343,33.1525],[-83.233,33.1515],[-83.2313,33.1519],[-83.231,33.1529],[-83.2301,33.1543],[-83.2301,33.1554],[-83.2306,33.1561],[-83.2323,33.1561],[-83.2328,33.1565],[-83.235,33.1557],[-83.2356,33.1563],[-83.235,33.1575],[-83.236,33.1582],[-83.2365,33.1572],[-83.2375,33.1569],[-83.2378,33.1581],[-83.2388,33.16],[-83.2408,33.1598],[-83.2401,33.1615],[-83.2401,33.1623],[-83.2419,33.1637],[-83.2433,33.1629],[-83.2438,33.1637],[-83.2453,33.1642],[-83.2443,33.1665],[-83.245,33.1674],[-83.2462,33.1667],[-83.2478,33.1666],[-83.2474,33.1676],[-83.2476,33.1684],[-83.2491,33.1691],[-83.2493,33.17],[-83.2519,33.1712],[-83.2527,33.1708],[-83.2527,33.1694],[-83.2536,33.1681],[-83.2534,33.1665],[-83.2541,33.1661],[-83.2553,33.167],[-83.2562,33.1671],[-83.2571,33.166],[-83.2573,33.165],[-83.2585,33.1654],[-83.2594,33.1648],[-83.2613,33.1647],[-83.2621,33.1649],[-83.2635,33.1647],[-83.2646,33.1649],[-83.2663,33.1643],[-83.2684,33.1642],[-83.2676,33.1651],[-83.2639,33.1657],[-83.2632,33.1664],[-83.2615,33.1662],[-83.2599,33.1665],[-83.2581,33.1678],[-83.2572,33.1689],[-83.257,33.17],[-83.2564,33.1706],[-83.2569,33.1721],[-83.2574,33.1727],[-83.259,33.1733]]]},"properties":{"OBJECTID":6249},"id":6249},
{"type":"Feature","geometry":{"type":"Polygon","coordinates":[[[-81.3658,35.6873],[-81.3658,35.6877],[-81.3662,35.6876],[-81.3661,35.6872],[-81.3658,35.6873]]]},"properties":{"OBJECTID":6255},"id":6255},
{"type":"Feature","geometry":{"type":"Polygon","coordinates":[[[-78.7064,35.6607],[-78.7047,35.6607],[-78.7047,35.6613],[-78.7067,35.6614],[-78.7064,35.6607]]]},"properties":{"OBJECTID":6256},"id":6256},
{"type":"Feature","geometry":{"type":"Polygon","coordinates":[[[-80.869,35.5593],[-80.87,35.5585],[-80.87,35.5578],[-80.8711,35.5575],[-80.8712,35.5566],[-80.8639,35.556],[-80.8651,35.5575],[-80.8657,35.5589],[-80.8667,35.5592],[-80.8688,35.5586],[-80.869,35.5593]]]},"properties":{"OBJECTID":6257},"id":6257},
{"type":"Feature","geometry":{"type":"Polygon","coordinates":[[[-80.6302,35.2842],[-80.6245,35.2846],[-80.6249,35.2862],[-80.6293,35.289],[-80.6302,35.2882],[-80.6293,35.2867],[-80.6318,35.2841],[-80.6302,35.2842]]]},"properties":{"OBJECTID":6262},"id":6262},
{"type":"Feature","geometry":{"type":"Polygon","coordinates":[[[-78.4769,35.6688],[-78.4787,35.67],[-78.4794,35.6694],[-78.4775,35.6687],[-78.4769,35.6688]]]},"properties":{"OBJECTID":6264},"id":6264},
{"type":"Feature","geometry":{"type":"Polygon","coordinates":[[[-77.3126,35.5166],[-77.3127,35.5158],[-77.3171,35.5133],[-77.318,35.5126],[-77.3184,35.5117],[-77.3177,35.5103],[-77.3139,35.5122],[-77.3118,35.5123],[-77.3128,35.5149],[-77.3126,35.5166]]]},"properties":{"OBJECTID":6268},"id":6268},
{"type":"Feature","geometry":{"type":"Polygon","coordinates":[[[-79.7077,32.9051],[-79.7087,32.9053],[-79.7088,32.9063],[-79.7078,32.9066],[-79.7077,32.9051],[-79.7062,32.9062],[-79.7084,32.9075],[-79.7116,32.9099],[-79.7123,32.9101],[-79.7143,32.9089],[-79.7153,32.9073],[-79.7181,32.9058],[-79.7192,32.9061],[-79.7182,32.907],[-79.7202,32.9081],[-79.7213,32.9072],[-79.7202,32.9059],[-79.7234,32.9042],[-79.7264,32.9061],[-79.7174,32.9173],[-79.7163,32.9189],[-79.7159,32.9201],[-79.7144,32.9262],[-79.7162,32.9269],[-79.7184,32.9285],[-79.7189,32.9296],[-79.7183,32.931],[-79.7169,32.9331],[-79.7141,32.9355],[-79.715,32.9359],[-79.7165,32.936],[-79.7175,32.9364],[-79.7185,32.9361],[-79.7194,32.9352],[-79.7199,32.9336],[-79.7212,32.933],[-79.7217,32.932],[-79.7213,32.9293],[-79.7215,32.927],[-79.7224,32.9268],[-79.7227,32.9259],[-79.7223,32.9245],[-79.7225,32.9235],[-79.7244,32.9223],[-79.7257,32.9218],[-79.7273,32.9253],[-79.7281,32.9248],[-79.7281,32.922],[-79.7287,32.9217],[-79.7291,32.9241],[-79.7291,32.9259],[-79.7314,32.9256],[-79.7315,32.9236],[-79.7322,32.9229],[-79.7318,32.9215],[-79.7335,32.9211],[-79.7349,32.9202],[-79.7359,32.919],[-79.7366,32.9192],[-79.7372,32.918],[-79.7364,32.9166],[-79.7365,32.916],[-79.7373,32.9154],[-79.7384,32.9156],[-79.7382,32.9164],[-79.7388,32.9173],[-79.7398,32.9173],[-79.7403,32.9177],[-79.7401,32.9188],[-79.7411,32.9191],[-79.7425,32.9182],[-79.7431,32.9186],[-79.7438,32.9198],[-79.7448,32.92],[-79.7462,32.9217],[-79.7465,32.9213],[-79.7454,32.92],[-79.7439,32.9194],[-79.743,32.9181],[-79.7413,32.9181],[-79.7413,32.9164],[-79.7404,32.9156],[-79.7407,32.9149],[-79.7437,32.9151],[-79.7478,32.9146],[-79.7509,32.9146],[-79.7518,32.9149],[-79.7542,32.9165],[-79.755,32.9167],[-79.756,32.9175],[-79.7583,32.9189],[-79.7589,32.918],[-79.7611,32.9187],[-79.7641,32.9188],[-79.7694,32.9197],[-79.7722,32.9216],[-79.7745,32.9236],[-79.7774,32.9266],[-79.7822,32.928],[-79.7863,32.9306],[-79.7898,32.9304],[-79.7917,32.9296],[-79.7967,32.9281],[-79.7977,32.9281],[-79.7985,32.9297],[-79.7985,32.931],[-79.7983,32.9318],[-79.8001,32.9317],[-79.7969,32.9352],[-79.7977,32.9403],[-79.7999,32.9447],[-79.8019,32.9491],[-79.8029,32.9502],[-79.8012,32.9518],[-79.8006,32.953],[-79.8001,32.9548],[-79.7994,32.9559],[-79.7971,32.9585],[-79.7989,32.9603],[-79.8005,32.9635],[-79.8017,32.9649],[-79.802,32.9664],[-79.8033,32.9693],[-79.8052,32.9704],[-79.806,32.9717],[-79.8075,32.9735],[-79.8087,32.9732],[-79.8098,32.9725],[-79.8102,32.9715],[-79.8125,32.969],[-79.8133,32.9685],[-79.8156,32.9684],[-79.8178,32.9678],[-79.8222,32.9659],[-79.8236,32.9657],[-79.8261,32.9659],[-79.8329,32.9637],[-79.8347,32.9633],[-79.8359,32.9627],[-79.838,32.9612],[-79.8412,32.9599],[-79.842,32.9597],[-79.8444,32.9598],[-79.8469,32.9594],[-79.8499,32.9593],[-79.854,32.9603],[-79.8563,32.9606],[-79.8574,32.963],[-79.858,32.9623],[-79.8622,32.9637],[-79.8628,32.963],[-79.8641,32.9633],[-79.8653,32.962],[-79.867,32.9627],[-79.8677,32.9638],[-79.8688,32.9642],[-79.8701,32.9638],[-79.8708,32.964],[-79.8734,32.9635],[-79.8744,32.9648],[-79.8752,32.9652],[-79.877,32.9643],[-79.8776,32.9658],[-79.879,32.9663],[-79.8795,32.9657],[-79.8804,32.9672],[-79.8834,32.9669],[-79.8852,32.9656],[-79.8853,32.9642],[-79.886,32.9641],[-79.8865,32.9657],[-79.8876,32.9657],[-79.8892,32.964],[-79.8891,32.9627],[-79.8901,32.9622],[-79.8912,32.9626],[-79.8925,32.9622],[-79.8932,32.9616],[-79.8937,32.9623],[-79.8929,32.9632],[-79.8928,32.964],[-79.8938,32.965],[-79.8977,32.9647],[-79.9004,32.9617],[-79.9,32.9596],[-79.902,32.9603],[-79.9018,32.9616],[-79.9012,32.9623],[-79.9014,32.9634],[-79.9033,32.964],[-79.9042,32.9628],[-79.9052,32.9626],[-79.9063,32.961],[-79.9061,32.9594],[-79.9044,32.9586],[-79.9042,32.9582],[-79.9047,32.957],[-79.9046,32.9549],[-79.905,32.954],[-79.9031,32.9513],[-79.9023,32.9495],[-79.9016,32.9486],[-79.9013,32.9472],[-79.9014,32.9456],[-79.9023,32.9433],[-79.9027,32.9429],[-79.9049,32.9418],[-79.9071,32.9402],[-79.9091,32.9383],[-79.9095,32.937],[-79.9093,32.9356],[-79.9089,32.9349],[-79.9088,32.9337],[-79.9092,32.9308],[-79.9086,32.9303],[-79.9069,32.9311],[-79.9069,32.9322],[-79.9055,32.9313],[-79.9056,32.9323],[-79.9046,32.9327],[-79.9039,32.9324],[-79.9027,32.9327],[-79.9018,32.9332],[-79.8983,32.9332],[-79.8955,32.9337],[-79.894,32.9336],[-79.8928,32.934],[-79.8927,32.9332],[-79.8917,32.9334],[-79.8917,32.9321],[-79.8915,32.9311],[-79.8924,32.9296],[-79.8928,32.9274],[-79.8942,32.9276],[-79.8942,32.9265],[-79.8948,32.9252],[-79.8952,32.9236],[-79.8947,32.9226],[-79.9095,32.919],[-79.9103,32.9232],[-79.9113,32.923],[-79.9115,32.9237],[-79.9127,32.9244],[-79.9167,32.924],[-79.9236,32.9231],[-79.9263,32.9229],[-79.9286,32.9255],[-79.9307,32.9268],[-79.9336,32.9284],[-79.9352,32.9299],[-79.9355,32.9311],[-79.9342,32.9328],[-79.9328,32.9339],[-79.9288,32.936],[-79.9271,32.9372],[-79.9253,32.939],[-79.924,32.9397],[-79.9244,32.9408],[-79.9243,32.9425],[-79.9245,32.9455],[-79.927,32.9479],[-79.9277,32.9495],[-79.9274,32.951],[-79.9269,32.9519],[-79.9254,32.953],[-79.9211,32.9546],[-79.918,32.9562],[-79.9159,32.9583],[-79.9153,32.9609],[-79.9156,32.9627],[-79.9173,32.9653],[-79.9182,32.9675],[-79.9192,32.9681],[-79.9201,32.9675],[-79.9214,32.9677],[-79.9242,32.9694],[-79.925,32.9708],[-79.9251,32.972],[-79.9234,32.9728],[-79.9203,32.9726],[-79.9191,32.9721],[-79.9174,32.9718],[-79.9149,32.9718],[-79.9133,32.9722],[-79.9107,32.9732],[-79.9093,32.9761],[-79.9093,32.9775],[-79.9099,32.9797],[-79.9107,32.9818],[-79.9108,32.9825],[-79.912,32.9829],[-79.9134,32.9839],[-79.9159,32.9847],[-79.9173,32.985],[-79.9212,32.985],[-79.9234,32.9852],[-79.924,32.9859],[-79.9243,32.9878],[-79.9241,32.9921],[-79.9237,32.9933],[-79.9227,32.9936],[-79.9211,32.9936],[-79.9198,32.993],[-79.9191,32.9932],[-79.9178,32.9927],[-79.916,32.9925],[-79.9147,32.9926],[-79.9127,32.9931],[-79.9104,32.9939],[-79.9082,32.9954],[-79.9055,32.998],[-79.9042,32.9996],[-79.9025,33.0011],[-79.9011,33.003],[-79.9003,33.0045],[-79.8993,33.0054],[-79.899,33.0071],[-79.8991,33.0087],[-79.9006,33.0103],[-79.9016,33.0111],[-79.9031,33.0115],[-79.9053,33.0113],[-79.9118,33.0092],[-79.9141,33.0087],[-79.9159,33.0084],[-79.918,33.0087],[-79.9194,33.0096],[-79.9203,33.011],[-79.9211,33.0136],[-79.9211,33.0146],[-79.9203,33.0151],[-79.9181,33.0149],[-79.9165,33.0136],[-79.9138,33.0126],[-79.9117,33.0123],[-79.9092,33.0127],[-79.9077,33.0135],[-79.9066,33.0149],[-79.9063,33.0172],[-79.9069,33.019],[-79.9086,33.0207],[-79.9115,33.0217],[-79.9151,33.0221],[-79.9156,33.0223],[-79.9351,33.0217],[-79.9372,33.0249],[-79.9425,33.0326],[-79.9451,33.035],[-79.9537,33.0335],[-79.9557,33.0331],[-79.9567,33.0326],[-79.9572,33.0314],[-79.9579,33.0314],[-79.959,33.0321],[-79.9594,33.0311],[-79.9605,33.0307],[-79.9613,33.0317],[-79.9619,33.0314],[-79.9616,33.0305],[-79.9623,33.0302],[-79.9635,33.0311],[-79.9641,33.0304],[-79.9661,33.03],[-79.9664,33.0309],[-79.9674,33.0307],[-79.9678,33.0316],[-79.9756,33.0301],[-79.978,33.0305],[-79.9802,33.0305],[-79.9905,33.0333],[-79.9933,33.0353],[-80.0031,33.0386],[-80.0104,33.041],[-80.0127,33.0409],[-80.0174,33.0399],[-80.0188,33.0393],[-80.0208,33.038],[-80.0225,33.0377],[-80.0319,33.0384],[-80.0334,33.0373],[-80.0302,33.0643],[-80.0269,33.0911],[-80.0321,33.0924],[-80.0343,33.0919],[-80.0369,33.09],[-80.0387,33.0884],[-80.0418,33.0855],[-80.0428,33.0847],[-80.0456,33.0831],[-80.0471,33.0825],[-80.0482,33.0823],[-80.0504,33.0827],[-80.0527,33.084],[-80.0543,33.0847],[-80.0572,33.0855],[-80.0603,33.087],[-80.0692,33.0881],[-80.0736,33.0888],[-80.0801,33.0905],[-80.0868,33.072],[-80.0882,33.0699],[-80.0908,33.0767],[-80.0959,33.0749],[-80.1,33.0736],[-80.1018,33.0754],[-80.1028,33.0749],[-80.1048,33.0771],[-80.1101,33.0728],[-80.1173,33.0669],[-80.1359,33.0731],[-80.1383,33.0733],[-80.1544,33.0636],[-80.1546,33.0626],[-80.1533,33.0602],[-80.1523,33.0602],[-80.1536,33.0584],[-80.1552,33.0573],[-80.1568,33.0568],[-80.1574,33.0579],[-80.166,33.0567],[-80.1663,33.0551],[-80.1684,33.0566],[-80.1829,33.0661],[-80.1856,33.0679],[-80.2072,33.0821],[-80.2161,33.0756],[-80.2183,33.0735],[-80.2039,33.0625],[-80.2068,33.0645],[-80.2139,33.0699],[-80.2175,33.0727],[-80.2183,33.0734],[-80.2219,33.07],[-80.2235,33.0677],[-80.2238,33.0664],[-80.2252,33.0648],[-80.2302,33.0609],[-80.234,33.0584],[-80.2387,33.0555],[-80.2438,33.0486],[-80.2364,33.0315],[-80.2374,33.0311],[-80.2352,33.0283],[-80.2349,33.0282],[-80.232,33.0215],[-80.2363,33.0227],[-80.2389,33.0229],[-80.2418,33.0224],[-80.2386,33.014],[-80.2378,33.0119],[-80.2388,33.0114],[-80.2392,33.0125],[-80.2409,33.0129],[-80.24,33.0108],[-80.2397,33.0092],[-80.2368,33.0094],[-80.2358,33.0069],[-80.2353,33.006],[-80.2359,33.0057],[-80.2392,33.0058],[-80.2412,33.0048],[-80.2438,33.0044],[-80.246,33.0042],[-80.2472,33.0012],[-80.2432,32.9998],[-80.2419,33.0036],[-80.2404,33.0036],[-80.2376,33.0032],[-80.2374,33.0044],[-80.235,33.0043],[-80.2345,33.0049],[-80.2259,32.9933],[-80.2241,32.9906],[-80.2201,32.9851],[-80.2246,32.9837],[-80.226,32.9823],[-80.2281,32.9818],[-80.2288,32.9738],[-80.2285,32.9725],[-80.2251,32.9722],[-80.225,32.9734],[-80.2244,32.9734],[-80.2242,32.9754],[-80.2252,32.9755],[-80.2251,32.9763],[-80.2215,32.9764],[-80.2198,32.9766],[-80.2177,32.9773],[-80.2202,32.9791],[-80.2203,32.9812],[-80.2209,32.9833],[-80.2192,32.984],[-80.2184,32.983],[-80.2093,32.9702],[-80.2011,32.9678],[-80.202,32.9668],[-80.2023,32.9655],[-80.2022,32.9642],[-80.201,32.962],[-80.2007,32.9606],[-80.201,32.9584],[-80.1997,32.9564],[-80.1978,32.956],[-80.1977,32.9552],[-80.1965,32.9554],[-80.1959,32.9551],[-80.1949,32.9553],[-80.1929,32.9551],[-80.1911,32.956],[-80.1891,32.9562],[-80.1873,32.9559],[-80.1862,32.953],[-80.1856,32.9521],[-80.1862,32.9513],[-80.186,32.9507],[-80.1847,32.9505],[-80.1844,32.9498],[-80.1852,32.949],[-80.185,32.9485],[-80.1832,32.9485],[-80.182,32.9477],[-80.1811,32.9485],[-80.1802,32.9487],[-80.1792,32.9483],[-80.1779,32.949],[-80.1771,32.949],[-80.1759,32.9482],[-80.1753,32.9471],[-80.1743,32.9467],[-80.1728,32.9465],[-80.1711,32.9468],[-80.1703,32.9462],[-80.1684,32.946],[-80.1694,32.9426],[-80.17,32.9411],[-80.1726,32.9383],[-80.177,32.9342],[-80.1826,32.9387],[-80.1841,32.9397],[-80.1877,32.9415],[-80.1902,32.9395],[-80.1992,32.9314],[-80.2208,32.9117],[-80.2219,32.9096],[-80.2231,32.9064],[-80.2241,32.9082],[-80.2255,32.9087],[-80.2291,32.9116],[-80.231,32.9117],[-80.2318,32.9133],[-80.2362,32.9162],[-80.2366,32.9175],[-80.2365,32.919],[-80.2421,32.9144],[-80.2414,32.9138],[-80.239,32.9138],[-80.239,32.9113],[-80.2369,32.911],[-80.2366,32.9116],[-80.2332,32.9091],[-80.2331,32.9077],[-80.2325,32.9077],[-80.2321,32.9056],[-80.2364,32.9027],[-80.2392,32.9047],[-80.2406,32.9068],[-80.2423,32.9087],[-80.2433,32.9103],[-80.2451,32.912],[-80.2498,32.9079],[-80.2436,32.903],[-80.2435,32.9026],[-80.2385,32.8952],[-80.2335,32.8888],[-80.229,32.8913],[-80.2265,32.8877],[-80.2225,32.8867],[-80.2006,32.8771],[-80.1969,32.8807],[-80.1892,32.8885],[-80.1855,32.8923],[-80.1816,32.896],[-80.1794,32.8953],[-80.1635,32.9025],[-80.153,32.9076],[-80.1497,32.9097],[-80.1492,32.9091],[-80.1473,32.9055],[-80.1464,32.904],[-80.1456,32.9032],[-80.1413,32.8994],[-80.1391,32.8976],[-80.1317,32.8921],[-80.1291,32.8903],[-80.1284,32.8904],[-80.1335,32.8941],[-80.1381,32.8974],[-80.1447,32.9031],[-80.1461,32.9044],[-80.149,32.9092],[-80.1496,32.91],[-80.1526,32.9127],[-80.1608,32.9208],[-80.1626,32.9225],[-80.1648,32.9243],[-80.1605,32.9273],[-80.1532,32.9323],[-80.153,32.9319],[-80.1529,32.9297],[-80.1544,32.9286],[-80.1541,32.9278],[-80.1523,32.9272],[-80.1513,32.9258],[-80.1502,32.9249],[-80.1478,32.9245],[-80.1457,32.9224],[-80.1445,32.9217],[-80.1436,32.9208],[-80.1438,32.9201],[-80.1454,32.9198],[-80.147,32.9189],[-80.1471,32.918],[-80.146,32.9168],[-80.1448,32.9165],[-80.143,32.9168],[-80.1414,32.9162],[-80.1404,32.9151],[-80.1368,32.9122],[-80.1356,32.9106],[-80.1346,32.9106],[-80.1346,32.9092],[-80.1357,32.9072],[-80.1359,32.9061],[-80.1347,32.9034],[-80.1337,32.9017],[-80.1329,32.901],[-80.1317,32.9007],[-80.1301,32.9008],[-80.1242,32.902],[-80.1223,32.9021],[-80.123,32.8976],[-80.1261,32.8962],[-80.1262,32.8898],[-80.127,32.8894],[-80.1375,32.8844],[-80.1366,32.8877],[-80.1375,32.8878],[-80.1458,32.8877],[-80.1505,32.8788],[-80.16,32.8756],[-80.1622,32.8746],[-80.1602,32.8718],[-80.1557,32.8661],[-80.1551,32.8648],[-80.1601,32.8576],[-80.1631,32.8572],[-80.1752,32.8687],[-80.1814,32.8709],[-80.1824,32.8631],[-80.1857,32.8608],[-80.1862,32.8564],[-80.1869,32.8519],[-80.184,32.8493],[-80.1838,32.8488],[-80.1839,32.8469],[-80.183,32.8462],[-80.1749,32.8457],[-80.1745,32.8455],[-80.165,32.842],[-80.1624,32.8409],[-80.1609,32.8406],[-80.1609,32.8393],[-80.1598,32.838],[-80.1601,32.8371],[-80.1577,32.8321],[-80.1587,32.8301],[-80.1574,32.8284],[-80.157,32.8266],[-80.1564,32.8257],[-80.1555,32.8253],[-80.1537,32.825],[-80.1531,32.8247],[-80.1526,32.8228],[-80.1508,32.8209],[-80.1498,32.8205],[-80.1489,32.8193],[-80.1475,32.8186],[-80.1471,32.8177],[-80.147,32.8166],[-80.1465,32.8157],[-80.1463,32.8144],[-80.1458,32.8128],[-80.1466,32.8115],[-80.1461,32.8103],[-80.1466,32.8083],[-80.1463,32.8076],[-80.1465,32.8067],[-80.1454,32.8052],[-80.1453,32.8045],[-80.1459,32.803],[-80.1453,32.8019],[-80.1437,32.8016],[-80.1416,32.8003],[-80.1402,32.7997],[-80.1394,32.7989],[-80.1384,32.7987],[-80.1369,32.799],[-80.137,32.7975],[-80.1358,32.796],[-80.1329,32.7948],[-80.1316,32.7939],[-80.1317,32.7927],[-80.134,32.7911],[-80.134,32.7901],[-80.1335,32.7894],[-80.1321,32.7884],[-80.1314,32.7869],[-80.1302,32.7856],[-80.1271,32.7836],[-80.1248,32.7815],[-80.1217,32.7806],[-80.1233,32.7803],[-80.1248,32.7793],[-80.1268,32.7784],[-80.1282,32.7775],[-80.1291,32.7764],[-80.134,32.7684],[-80.134,32.7658],[-80.1333,32.7633],[-80.1325,32.7616],[-80.1322,32.7601],[-80.1323,32.7586],[-80.1348,32.7569],[-80.1362,32.7552],[-80.1369,32.7547],[-80.1368,32.7522],[-80.1373,32.7508],[-80.1387,32.7498],[-80.1414,32.7497],[-80.1421,32.7505],[-80.143,32.7498],[-80.1441,32.7515],[-80.1449,32.7507],[-80.1454,32.7515],[-80.1473,32.7505],[-80.1482,32.751],[-80.1494,32.7496],[-80.1521,32.7502],[-80.155,32.751],[-80.1569,32.751],[-80.1597,32.7505],[-80.1628,32.7486],[-80.1647,32.7469],[-80.1655,32.7452],[-80.1666,32.7439],[-80.1689,32.743],[-80.1687,32.7417],[-80.1703,32.74],[-80.1723,32.7354],[-80.1726,32.7343],[-80.1715,32.7327],[-80.1698,32.7315],[-80.1692,32.7308],[-80.1687,32.7282],[-80.1676,32.7242],[-80.1669,32.7234],[-80.1648,32.7225],[-80.1645,32.7212],[-80.166,32.7181],[-80.1678,32.7161],[-80.1707,32.7131],[-80.1715,32.7098],[-80.1707,32.7082],[-80.1691,32.7074],[-80.1679,32.7063],[-80.1663,32.706],[-80.1644,32.7062],[-80.1626,32.7072],[-80.1618,32.7074],[-80.1611,32.7069],[-80.1606,32.7054],[-80.1598,32.7042],[-80.1583,32.7037],[-80.1569,32.7037],[-80.1559,32.7048],[-80.155,32.7065],[-80.1531,32.7065],[-80.1519,32.7068],[-80.15,32.7078],[-80.1493,32.7088],[-80.1481,32.7093],[-80.1393,32.7111],[-80.1388,32.7111],[-80.1367,32.7093],[-80.1356,32.7086],[-80.1314,32.7075],[-80.1301,32.7068],[-80.129,32.7055],[-80.1273,32.705],[-80.1256,32.7051],[-80.1247,32.7055],[-80.1231,32.7069],[-80.1217,32.7074],[-80.1199,32.7087],[-80.1184,32.7107],[-80.1164,32.7112],[-80.1153,32.7118],[-80.1128,32.7122],[-80.1114,32.7133],[-80.1093,32.714],[-80.1078,32.7153],[-80.1062,32.7159],[-80.1043,32.7175],[-80.103,32.7167],[-80.099,32.7172],[-80.0962,32.7159],[-80.0952,32.7151],[-80.0937,32.7148],[-80.0928,32.7149],[-80.0905,32.7135],[-80.0886,32.7136],[-80.0857,32.7132],[-80.0853,32.7127],[-80.0826,32.7109],[-80.0823,32.7088],[-80.0809,32.7084],[-80.08,32.7059],[-80.0793,32.705],[-80.0786,32.7034],[-80.0777,32.7023],[-80.0762,32.7011],[-80.0756,32.6998],[-80.0777,32.6961],[-80.0797,32.6937],[-80.0804,32.693],[-80.0845,32.6902],[-80.0864,32.6888],[-80.0894,32.6881],[-80.0915,32.6871],[-80.0934,32.6847],[-80.0951,32.684],[-80.098,32.6838],[-80.1029,32.6829],[-80.11,32.6801],[-80.1144,32.6779],[-80.1176,32.6754],[-80.1185,32.6738],[-80.1251,32.6682],[-80.1336,32.6655],[-80.1374,32.6629],[-80.1414,32.6594],[-80.1448,32.6562],[-80.1465,32.6544],[-80.1464,32.6529],[-80.1471,32.6505],[-80.1515,32.6494],[-80.1541,32.647],[-80.157,32.6441],[-80.1581,32.6415],[-80.1595,32.6396],[-80.1619,32.6382],[-80.1639,32.6358],[-80.1663,32.6304],[-80.1664,32.6278],[-80.1648,32.6254],[-80.1641,32.6229],[-80.165,32.6199],[-80.1659,32.6163],[-80.1653,32.6138],[-80.1635,32.613],[-80.1595,32.6124],[-80.1576,32.6114],[-80.1568,32.6095],[-80.1572,32.6073],[-80.1588,32.6056],[-80.1625,32.605],[-80.165,32.6039],[-80.168,32.6031],[-80.1713,32.603],[-80.1739,32.6022],[-80.1754,32.5997],[-80.1765,32.5966],[-80.1772,32.5954],[-80.1818,32.5953],[-80.1855,32.5974],[-80.1892,32.599],[-80.1944,32.5974],[-80.1984,32.5928],[-80.2021,32.5902],[-80.2056,32.5869],[-80.206,32.5841],[-80.2086,32.5796],[-80.2025,32.5755],[-80.195,32.5706],[-80.1884,32.5632],[-80.1821,32.5579],[-80.171,32.552],[-80.1614,32.5492],[-80.1506,32.5592],[-80.1327,32.5714],[-80.1143,32.5815],[-80.0831,32.5942],[-80.0613,32.5983],[-80.0369,32.6013],[-80.0146,32.6021],[-79.9951,32.6003],[-79.9839,32.6128],[-79.976,32.6228],[-79.9804,32.6289],[-79.9702,32.6338],[-79.9736,32.6373],[-79.9701,32.6391],[-79.9684,32.6397],[-79.9666,32.6407],[-79.9576,32.6464],[-79.9564,32.6468],[-79.9516,32.6494],[-79.9488,32.6508],[-79.9464,32.6521],[-79.9419,32.6536],[-79.9376,32.6555],[-79.9368,32.656],[-79.931,32.6586],[-79.9282,32.6597],[-79.9252,32.661],[-79.9232,32.6617],[-79.9205,32.6629],[-79.9177,32.664],[-79.9157,32.6649],[-79.9106,32.6678],[-79.9091,32.6684],[-79.9056,32.6705],[-79.9047,32.6714],[-79.9018,32.673],[-79.8998,32.6745],[-79.898,32.6756],[-79.8948,32.6778],[-79.8937,32.679],[-79.8914,32.6809],[-79.89,32.6816],[-79.8891,32.6824],[-79.8867,32.6825],[-79.8851,32.6839],[-79.8849,32.6844],[-79.8858,32.6855],[-79.8863,32.6872],[-79.8875,32.6887],[-79.888,32.6952],[-79.8869,32.6961],[-79.8867,32.6971],[-79.8858,32.6987],[-79.885,32.7006],[-79.8839,32.7024],[-79.8834,32.7038],[-79.8829,32.7044],[-79.8811,32.7088],[-79.881,32.7096],[-79.8797,32.7113],[-79.8795,32.7124],[-79.8785,32.7133],[-79.8788,32.714],[-79.8773,32.7154],[-79.8774,32.7159],[-79.8764,32.7169],[-79.8764,32.7177],[-79.8726,32.7235],[-79.8708,32.7265],[-79.8691,32.7314],[-79.8683,32.7341],[-79.8682,32.7357],[-79.8676,32.7362],[-79.8438,32.7548],[-79.8427,32.7563],[-79.8403,32.7568],[-79.8383,32.7575],[-79.8376,32.758],[-79.8314,32.7611],[-79.8308,32.7616],[-79.827,32.7638],[-79.8254,32.7646],[-79.8231,32.7653],[-79.8202,32.7658],[-79.8182,32.7664],[-79.8169,32.7675],[-79.8155,32.7691],[-79.8144,32.771],[-79.8136,32.7728],[-79.8133,32.7757],[-79.811,32.777],[-79.8107,32.7759],[-79.8092,32.7754],[-79.8069,32.7755],[-79.8036,32.7769],[-79.7978,32.7802],[-79.7931,32.7826],[-79.7895,32.7843],[-79.7859,32.7855],[-79.7832,32.7867],[-79.775,32.7901],[-79.769,32.7924],[-79.7677,32.7931],[-79.7621,32.7951],[-79.7605,32.7955],[-79.7536,32.7974],[-79.7472,32.7989],[-79.7427,32.7998],[-79.7388,32.8009],[-79.7371,32.8017],[-79.7332,32.803],[-79.7288,32.8045],[-79.7264,32.806],[-79.7233,32.8081],[-79.7219,32.8094],[-79.7173,32.8131],[-79.7167,32.8139],[-79.7176,32.8154],[-79.7199,32.8258],[-79.719,32.8261],[-79.7167,32.8277],[-79.7153,32.8282],[-79.7137,32.8296],[-79.7117,32.8306],[-79.7084,32.8333],[-79.7067,32.8343],[-79.7055,32.8346],[-79.7029,32.8358],[-79.7019,32.8369],[-79.6995,32.84],[-79.699,32.8416],[-79.6999,32.8459],[-79.7002,32.8471],[-79.7013,32.8488],[-79.7041,32.8512],[-79.7054,32.8515],[-79.7065,32.8511],[-79.7071,32.8519],[-79.7109,32.855],[-79.7154,32.854],[-79.7193,32.8535],[-79.72,32.8543],[-79.7226,32.8561],[-79.7277,32.8564],[-79.7337,32.8639],[-79.7407,32.8694],[-79.7489,32.8775],[-79.7468,32.879],[-79.749,32.8811],[-79.7504,32.8804],[-79.751,32.8811],[-79.7519,32.8805],[-79.7531,32.8817],[-79.752,32.8825],[-79.7528,32.8834],[-79.7504,32.8839],[-79.7487,32.8846],[-79.7435,32.8877],[-79.7431,32.8865],[-79.7415,32.885],[-79.7404,32.8859],[-79.7387,32.8844],[-79.7381,32.8849],[-79.7369,32.8838],[-79.7361,32.8846],[-79.7363,32.8855],[-79.7373,32.8864],[-79.7379,32.886],[-79.7398,32.8876],[-79.7392,32.8881],[-79.7402,32.8892],[-79.7413,32.8882],[-79.742,32.8888],[-79.7411,32.8896],[-79.7333,32.8976],[-79.7316,32.8996],[-79.7217,32.8981],[-79.721,32.8976],[-79.7206,32.8966],[-79.7197,32.8956],[-79.718,32.8951],[-79.7175,32.8956],[-79.7158,32.8946],[-79.7152,32.8953],[-79.7152,32.8961],[-79.7134,32.8962],[-79.7118,32.8968],[-79.7091,32.8985],[-79.7076,32.8984],[-79.707,32.9],[-79.7109,32.9025],[-79.7087,32.9041],[-79.7077,32.9051]],[[-79.8143,32.9354],[-79.8127,32.9358],[-79.8125,32.9352],[-79.8141,32.9348],[-79.8143,32.9354]],[[-79.8845,32.917],[-79.8842,32.9162],[-79.8852,32.9159],[-79.8877,32.919],[-79.8845,32.917]],[[-79.8601,32.9266],[-79.8614,32.9259],[-79.8621,32.9268],[-79.8569,32.9287],[-79.8557,32.9288],[-79.8601,32.9266]],[[-79.8384,32.9425],[-79.8391,32.9416],[-79.8385,32.9405],[-79.8394,32.9399],[-79.841,32.9427],[-79.8391,32.9433],[-79.8384,32.9425]],[[-79.7251,32.9045],[-79.7242,32.904],[-79.7294,32.9013],[-79.7299,32.9017],[-79.7269,32.9055],[-79.7251,32.9045]],[[-79.9177,32.9006],[-79.9188,32.8998],[-79.9247,32.9031],[-79.9259,32.9018],[-79.9265,32.902],[-79.9296,32.9052],[-79.9285,32.9058],[-79.9276,32.9069],[-79.9257,32.9056],[-79.9271,32.9054],[-79.9207,32.9018],[-79.9198,32.9008],[-79.9177,32.9006]],[[-79.8185,32.9352],[-79.8198,32.9377],[-79.817,32.94],[-79.8155,32.941],[-79.8139,32.9392],[-79.8166,32.9385],[-79.8146,32.9369],[-79.8144,32.9362],[-79.8173,32.9366],[-79.8175,32.936],[-79.8167,32.9356],[-79.8166,32.9347],[-79.8141,32.934],[-79.8123,32.9338],[-79.811,32.9318],[-79.812,32.9305],[-79.8138,32.9304],[-79.8145,32.9297],[-79.8157,32.929],[-79.8166,32.931],[-79.8165,32.932],[-79.8172,32.9325],[-79.8185,32.9352]],[[-79.9273,32.9072],[-79.9281,32.9077],[-79.9251,32.9096],[-79.9242,32.9106],[-79.924,32.9116],[-79.9205,32.9095],[-79.9183,32.9048],[-79.9157,32.9021],[-79.917,32.9014],[-79.9243,32.9057],[-79.9263,32.9065],[-79.9273,32.9072]],[[-79.8204,32.9294],[-79.8204,32.9305],[-79.8211,32.932],[-79.8218,32.9326],[-79.8226,32.9331],[-79.8231,32.9332],[-79.8241,32.9334],[-79.8318,32.9338],[-79.8329,32.9356],[-79.8347,32.9389],[-79.8366,32.9421],[-79.8335,32.9432],[-79.8257,32.9338],[-79.8242,32.9341],[-79.8239,32.9334],[-79.8233,32.9333],[-79.823,32.9332],[-79.8227,32.9331],[-79.8222,32.9329],[-79.8202,32.9346],[-79.8194,32.9334],[-79.8187,32.9337],[-79.8189,32.9317],[-79.8194,32.9305],[-79.8204,32.9294]],[[-79.8812,32.9176],[-79.881,32.9177],[-79.8872,32.9215],[-79.8877,32.9209],[-79.8886,32.9213],[-79.8907,32.9215],[-79.8925,32.9215],[-79.8929,32.923],[-79.8868,32.9244],[-79.8818,32.9253],[-79.8789,32.9233],[-79.877,32.9209],[-79.8801,32.9181],[-79.8812,32.9176]]]},"properties":{"OBJECTID":6271},"id":6271},
{"type":"Feature","geometry":{"type":"Polygon","coordinates":[[[-80.8214,35.7701],[-80.8222,35.7703],[-80.8229,35.7693],[-80.8223,35.769],[-80.8214,35.7701]]]},"properties":{"OBJECTID":6273},"id":6273},
{"type":"Feature","geometry":{"type":"Polygon","coordinates":[[[-78.0636,35.4269],[-78.0639,35.4279],[-78.065,35.4271],[-78.0643,35.4265],[-78.0636,35.4269]]]},"properties":{"OBJECTID":6275},"id":6275},
{"type":"Feature","geometry":{"type":"Polygon","coordinates":[[[-81.2994,35.6781],[-81.3001,35.6779],[-81.3026,35.678],[-81.3016,35.6761],[-81.3012,35.6749],[-81.2986,35.6758],[-81.2987,35.6767],[-81.2994,35.6781]]]},"properties":{"OBJECTID":6277},"id":6277},
{"type":"Feature","geometry":{"type":"Polygon","coordinates":[[[-78.3904,35.6755],[-78.3913,35.6747],[-78.3913,35.6741],[-78.3937,35.6731],[-78.3967,35.6735],[-78.3982,35.6733],[-78.3994,35.6727],[-78.3999,35.6706],[-78.4006,35.6699],[-78.4012,35.668],[-78.3984,35.6656],[-78.3966,35.6647],[-78.3985,35.6628],[-78.397,35.6617],[-78.397,35.6592],[-78.3946,35.6601],[-78.3946,35.6622],[-78.3889,35.6621],[-78.3882,35.6617],[-78.3866,35.6617],[-78.3921,35.668],[-78.391,35.6687],[-78.3893,35.669],[-78.3878,35.6697],[-78.3869,35.6713],[-78.3863,35.6713],[-78.3871,35.675],[-78.3904,35.6755]]]},"properties":{"OBJECTID":6281},"id":6281},
{"type":"Feature","geometry":{"type":"Polygon","coordinates":[[[-78.7288,35.6368],[-78.7288,35.6381],[-78.7282,35.6401],[-78.7272,35.6413],[-78.7269,35.6422],[-78.726,35.6429],[-78.726,35.6449],[-78.7254,35.6471],[-78.7246,35.6474],[-78.7234,35.65],[-78.7241,35.6508],[-78.7291,35.6507],[-78.7299,35.6505],[-78.7301,35.6486],[-78.7325,35.6497],[-78.7326,35.6514],[-78.7315,35.6509],[-78.7313,35.6523],[-78.7333,35.6513],[-78.7332,35.6502],[-78.7346,35.6425],[-78.7356,35.6379],[-78.7347,35.6372],[-78.7333,35.6369],[-78.7328,35.636],[-78.7314,35.6347],[-78.7295,35.6352],[-78.7288,35.6358],[-78.7288,35.6368]]]},"properties":{"OBJECTID":6284},"id":6284},
{"type":"Feature","geometry":{"type":"Polygon","coordinates":[[[-80.8512,35.5667],[-80.8519,35.5671],[-80.8529,35.5661],[-80.8521,35.5657],[-80.8512,35.5667]]]},"properties":{"OBJECTID":6285},"id":6285},
{"type":"Feature","geometry":{"type":"Polygon","coordinates":[[[-81.3563,35.6921],[-81.3526,35.6918],[-81.353,35.6927],[-81.3547,35.693],[-81.3523,35.6943],[-81.3486,35.696],[-81.345,35.6944],[-81.3441,35.6957],[-81.3448,35.6985],[-81.3418,35.6991],[-81.3408,35.6997],[-81.3394,35.6997],[-81.339,35.6982],[-81.3364,35.6987],[-81.3339,35.6997],[-81.3329,35.7006],[-81.3348,35.7014],[-81.3346,35.7023],[-81.3329,35.7026],[-81.3303,35.7028],[-81.3293,35.7031],[-81.3298,35.7011],[-81.3264,35.7012],[-81.3257,35.7018],[-81.3255,35.7],[-81.3198,35.6998],[-81.3199,35.7028],[-81.3188,35.7029],[-81.3168,35.7036],[-81.3145,35.704],[-81.3126,35.704],[-81.3132,35.7009],[-81.3124,35.6988],[-81.3117,35.6975],[-81.3103,35.6977],[-81.3084,35.6972],[-81.3081,35.6957],[-81.3065,35.6949],[-81.3053,35.6952],[-81.3044,35.6948],[-81.303,35.6947],[-81.3017,35.6952],[-81.2986,35.6953],[-81.2985,35.6976],[-81.2962,35.6975],[-81.2958,35.6979],[-81.2929,35.6969],[-81.2916,35.697],[-81.2909,35.6963],[-81.2927,35.6943],[-81.2938,35.6937],[-81.2933,35.6927],[-81.29,35.6925],[-81.2896,35.6942],[-81.2889,35.6949],[-81.2834,35.6916],[-81.2812,35.6895],[-81.2696,35.6896],[-81.2686,35.6891],[-81.2678,35.6879],[-81.2691,35.6879],[-81.2719,35.6885],[-81.2745,35.6879],[-81.2742,35.6859],[-81.2777,35.685],[-81.2788,35.6868],[-81.2821,35.6868],[-81.2829,35.6859],[-81.2842,35.6857],[-81.2854,35.6881],[-81.2882,35.6881],[-81.2885,35.6859],[-81.2885,35.6826],[-81.2888,35.6805],[-81.2895,35.6778],[-81.2861,35.676],[-81.2822,35.6759],[-81.2804,35.6782],[-81.2788,35.6775],[-81.2772,35.6797],[-81.2743,35.6815],[-81.2734,35.6805],[-81.2671,35.6831],[-81.2659,35.683],[-81.2648,35.6835],[-81.2639,35.6828],[-81.2623,35.6824],[-81.2615,35.6817],[-81.261,35.6803],[-81.2602,35.6811],[-81.2579,35.686],[-81.2565,35.6858],[-81.2565,35.689],[-81.2581,35.6898],[-81.2591,35.6907],[-81.26,35.694],[-81.2594,35.694],[-81.2594,35.6968],[-81.2611,35.6972],[-81.2618,35.6985],[-81.2618,35.7021],[-81.2623,35.7043],[-81.2612,35.7039],[-81.2593,35.7051],[-81.2599,35.7065],[-81.2608,35.7065],[-81.2622,35.7086],[-81.263,35.7095],[-81.2633,35.7114],[-81.2619,35.7116],[-81.2623,35.713],[-81.2626,35.7156],[-81.2634,35.7182],[-81.2641,35.7191],[-81.2657,35.7192],[-81.2657,35.7203],[-81.264,35.7226],[-81.2665,35.7243],[-81.2676,35.7257],[-81.2658,35.7266],[-81.267,35.7276],[-81.268,35.7268],[-81.2679,35.7257],[-81.2699,35.7272],[-81.2734,35.7281],[-81.2723,35.7301],[-81.271,35.7304],[-81.2721,35.7339],[-81.2744,35.7341],[-81.2753,35.7322],[-81.2771,35.7327],[-81.2777,35.7316],[-81.2773,35.7308],[-81.2782,35.729],[-81.2824,35.73],[-81.2814,35.7328],[-81.2783,35.735],[-81.278,35.7357],[-81.2778,35.7444],[-81.2776,35.7469],[-81.2779,35.7484],[-81.2814,35.7498],[-81.2811,35.7524],[-81.2804,35.7531],[-81.2791,35.7535],[-81.2774,35.7536],[-81.2779,35.7548],[-81.2765,35.7568],[-81.2741,35.7581],[-81.2732,35.7559],[-81.2733,35.7551],[-81.272,35.7552],[-81.2718,35.7579],[-81.2723,35.7588],[-81.2709,35.7599],[-81.2697,35.7614],[-81.269,35.7637],[-81.2696,35.7642],[-81.272,35.7667],[-81.2731,35.7676],[-81.275,35.7685],[-81.2763,35.7688],[-81.2802,35.769],[-81.283,35.769],[-81.2856,35.7701],[-81.2875,35.7717],[-81.2904,35.7755],[-81.2918,35.7782],[-81.294,35.7809],[-81.2937,35.7826],[-81.292,35.7825],[-81.2918,35.7836],[-81.2946,35.7835],[-81.2934,35.7883],[-81.2941,35.7925],[-81.2952,35.7981],[-81.2952,35.7988],[-81.2981,35.7982],[-81.2995,35.7983],[-81.3005,35.799],[-81.302,35.8009],[-81.3056,35.8032],[-81.3076,35.8033],[-81.3089,35.8026],[-81.311,35.8007],[-81.3135,35.798],[-81.316,35.7968],[-81.3189,35.7966],[-81.3271,35.7964],[-81.3315,35.7964],[-81.3359,35.7965],[-81.3383,35.7963],[-81.3415,35.7959],[-81.3435,35.7953],[-81.3464,35.7941],[-81.3476,35.7928],[-81.3486,35.791],[-81.3501,35.7869],[-81.3511,35.7845],[-81.3531,35.7825],[-81.3547,35.7814],[-81.3557,35.7804],[-81.3558,35.7788],[-81.3539,35.7763],[-81.353,35.7748],[-81.3527,35.7721],[-81.353,35.7708],[-81.3539,35.7689],[-81.3573,35.7669],[-81.3584,35.7667],[-81.3611,35.7674],[-81.3624,35.7674],[-81.3641,35.7679],[-81.3663,35.768],[-81.3688,35.7674],[-81.3714,35.7662],[-81.3724,35.7652],[-81.3748,35.762],[-81.3754,35.7615],[-81.3761,35.7599],[-81.3762,35.7583],[-81.3771,35.7576],[-81.379,35.7572],[-81.3879,35.7511],[-81.3895,35.7511],[-81.3899,35.75],[-81.3917,35.7499],[-81.3913,35.7488],[-81.3988,35.7437],[-81.4005,35.7441],[-81.4009,35.7432],[-81.3999,35.743],[-81.4095,35.7365],[-81.4103,35.7057],[-81.4105,35.7054],[-81.3991,35.7058],[-81.3988,35.7052],[-81.397,35.7037],[-81.3955,35.7038],[-81.3935,35.7044],[-81.3911,35.7047],[-81.392,35.7022],[-81.3925,35.7013],[-81.3936,35.6975],[-81.3908,35.6974],[-81.3908,35.6985],[-81.389,35.7007],[-81.3877,35.7016],[-81.3867,35.7018],[-81.3854,35.7015],[-81.3839,35.7016],[-81.3812,35.7014],[-81.3792,35.7004],[-81.3774,35.7004],[-81.3742,35.7025],[-81.3714,35.7031],[-81.3683,35.6992],[-81.3661,35.6972],[-81.3642,35.6942],[-81.3614,35.6916],[-81.3595,35.6907],[-81.361,35.6905],[-81.3608,35.6893],[-81.3633,35.6878],[-81.3645,35.6875],[-81.3698,35.6862],[-81.3709,35.6866],[-81.3715,35.6858],[-81.3725,35.6853],[-81.3718,35.6846],[-81.3698,35.6849],[-81.3693,35.6854],[-81.3656,35.6854],[-81.3658,35.6826],[-81.3633,35.6826],[-81.3623,35.684],[-81.3611,35.685],[-81.3609,35.6877],[-81.3597,35.6877],[-81.3595,35.6846],[-81.357,35.6843],[-81.3569,35.6868],[-81.3571,35.6877],[-81.3552,35.6877],[-81.3555,35.6886],[-81.3554,35.6901],[-81.3575,35.6909],[-81.3563,35.6921]],[[-81.3259,35.704],[-81.3258,35.7032],[-81.327,35.7031],[-81.3274,35.7037],[-81.3259,35.704]],[[-81.2747,35.6836],[-81.2739,35.6827],[-81.2748,35.6819],[-81.2773,35.6811],[-81.2777,35.6825],[-81.2762,35.6829],[-81.2755,35.6824],[-81.2747,35.6836]]]},"properties":{"OBJECTID":6287},"id":6287},
{"type":"Feature","geometry":{"type":"Polygon","coordinates":[[[-80.4927,35.3894],[-80.4936,35.389],[-80.4929,35.3877],[-80.492,35.3881],[-80.4927,35.3894]]]},"properties":{"OBJECTID":6290},"id":6290},
{"type":"Feature","geometry":{"type":"Polygon","coordinates":[[[-80.8506,35.5625],[-80.851,35.5623],[-80.8501,35.5613],[-80.8499,35.5617],[-80.8506,35.5625]]]},"properties":{"OBJECTID":6291},"id":6291},
{"type":"Feature","geometry":{"type":"Polygon","coordinates":[[[-80.2251,32.9722],[-80.2254,32.9703],[-80.2245,32.9684],[-80.2247,32.9664],[-80.2229,32.9675],[-80.2225,32.9719],[-80.2251,32.9722]]]},"properties":{"OBJECTID":6292},"id":6292},
{"type":"Feature","geometry":{"type":"Polygon","coordinates":[[[-81.349,35.6851],[-81.352,35.6859],[-81.3532,35.6858],[-81.3545,35.685],[-81.3566,35.6846],[-81.3576,35.683],[-81.3564,35.6829],[-81.3562,35.6835],[-81.353,35.6837],[-81.3531,35.6807],[-81.3506,35.6812],[-81.3506,35.6826],[-81.348,35.6825],[-81.3479,35.6831],[-81.349,35.6851]]]},"properties":{"OBJECTID":6295},"id":6295},
{"type":"Feature","geometry":{"type":"Polygon","coordinates":[[[-81.7094,33.5914],[-81.7139,33.5913],[-81.7219,33.5914],[-81.7241,33.5913],[-81.7232,33.5896],[-81.7242,33.5899],[-81.726,33.5899],[-81.7305,33.5905],[-81.7312,33.5898],[-81.7313,33.5888],[-81.7325,33.5871],[-81.735,33.5883],[-81.7363,33.5886],[-81.7499,33.5899],[-81.7525,33.5895],[-81.7541,33.5888],[-81.7662,33.5789],[-81.7678,33.578],[-81.7694,33.5767],[-81.7735,33.5731],[-81.7741,33.5728],[-81.7777,33.5697],[-81.7789,33.5677],[-81.7789,33.5654],[-81.7784,33.5634],[-81.7788,33.5582],[-81.7797,33.5579],[-81.7789,33.557],[-81.7787,33.5548],[-81.7776,33.5496],[-81.7794,33.5493],[-81.7791,33.5477],[-81.7772,33.548],[-81.7769,33.5467],[-81.7788,33.5464],[-81.7783,33.5443],[-81.7765,33.5445],[-81.7762,33.5436],[-81.775,33.5381],[-81.7742,33.5358],[-81.7725,33.5334],[-81.7701,33.5315],[-81.7711,33.53],[-81.7688,33.5288],[-81.7699,33.527],[-81.7714,33.5272],[-81.7728,33.5272],[-81.775,33.526],[-81.7727,33.5238],[-81.7718,33.5239],[-81.7747,33.5191],[-81.7762,33.5171],[-81.7753,33.516],[-81.7739,33.5124],[-81.7726,33.51],[-81.771,33.5072],[-81.7692,33.5056],[-81.7683,33.5032],[-81.7665,33.5016],[-81.7639,33.5007],[-81.7633,33.5002],[-81.7626,33.4984],[-81.761,33.497],[-81.7601,33.4965],[-81.7571,33.4959],[-81.7546,33.4963],[-81.7519,33.4962],[-81.7506,33.4953],[-81.7531,33.4929],[-81.7536,33.4921],[-81.7556,33.4883],[-81.7461,33.4828],[-81.7475,33.4788],[-81.7447,33.4768],[-81.7469,33.4704],[-81.7455,33.4679],[-81.7441,33.4683],[-81.7424,33.4651],[-81.7397,33.4636],[-81.739,33.4628],[-81.7364,33.4625],[-81.7354,33.4621],[-81.7328,33.4619],[-81.7328,33.4626],[-81.7308,33.4617],[-81.7313,33.4598],[-81.7294,33.459],[-81.726,33.4608],[-81.7232,33.4612],[-81.7221,33.4655],[-81.7249,33.4686],[-81.7235,33.4699],[-81.7241,33.4702],[-81.7228,33.4714],[-81.7213,33.472],[-81.7192,33.472],[-81.718,33.4718],[-81.7162,33.4722],[-81.7149,33.4722],[-81.7175,33.4746],[-81.7181,33.4738],[-81.7198,33.4752],[-81.716,33.4782],[-81.7133,33.4827],[-81.7129,33.4841],[-81.7106,33.4871],[-81.7091,33.4883],[-81.7077,33.4884],[-81.7051,33.4883],[-81.7024,33.4883],[-81.6995,33.4896],[-81.6963,33.4829],[-81.6961,33.4832],[-81.7023,33.4963],[-81.702,33.4973],[-81.6991,33.5004],[-81.699,33.5023],[-81.6984,33.5057],[-81.6991,33.5088],[-81.6992,33.5098],[-81.6972,33.5164],[-81.6971,33.5203],[-81.6982,33.5232],[-81.6985,33.5249],[-81.6989,33.5255],[-81.6972,33.5256],[-81.6966,33.5254],[-81.689,33.5223],[-81.6857,33.5286],[-81.6859,33.5301],[-81.6879,33.5317],[-81.6875,33.532],[-81.6845,33.5326],[-81.6843,33.5315],[-81.6726,33.5287],[-81.6734,33.5307],[-81.6728,33.5324],[-81.6733,33.5338],[-81.6725,33.5347],[-81.6737,33.5365],[-81.6738,33.538],[-81.6744,33.5376],[-81.677,33.5399],[-81.6743,33.5434],[-81.6744,33.5438],[-81.6814,33.5459],[-81.6832,33.5466],[-81.6841,33.5471],[-81.6825,33.55],[-81.6816,33.5527],[-81.6813,33.5553],[-81.6817,33.5607],[-81.6824,33.5635],[-81.6833,33.5666],[-81.6858,33.5693],[-81.6882,33.5708],[-81.6908,33.5722],[-81.6937,33.5715],[-81.696,33.5707],[-81.6915,33.5743],[-81.6897,33.5759],[-81.6846,33.5801],[-81.6835,33.5815],[-81.6807,33.5872],[-81.6821,33.5874],[-81.6909,33.5883],[-81.6936,33.5894],[-81.695,33.5895],[-81.7023,33.5909],[-81.7061,33.5913],[-81.7094,33.5914]]]},"properties":{"OBJECTID":6300},"id":6300},
{"type":"Feature","geometry":{"type":"Polygon","coordinates":[[[-81.1489,35.1866],[-81.1487,35.1869],[-81.1496,35.1871],[-81.1498,35.1869],[-81.149,35.1865],[-81.1489,35.1866]]]},"properties":{"OBJECTID":6301},"id":6301},
{"type":"Feature","geometry":{"type":"Polygon","coordinates":[[[-80.2837,35.8378],[-80.283,35.8389],[-80.2825,35.8434],[-80.2817,35.845],[-80.2862,35.845],[-80.2862,35.8383],[-80.2837,35.8378]]]},"properties":{"OBJECTID":6302},"id":6302},
{"type":"Feature","geometry":{"type":"Polygon","coordinates":[[[-78.9262,34.9852],[-78.9258,34.9854],[-78.9261,34.9859],[-78.9267,34.9855],[-78.9262,34.9852]]]},"properties":{"OBJECTID":6304},"id":6304},
{"type":"Feature","geometry":{"type":"Polygon","coordinates":[[[-78.0606,35.433],[-78.0629,35.4341],[-78.0646,35.4328],[-78.0651,35.4309],[-78.066,35.4302],[-78.0637,35.428],[-78.059,35.4316],[-78.0606,35.433]]]},"properties":{"OBJECTID":6305},"id":6305},
{"type":"Feature","geometry":{"type":"Polygon","coordinates":[[[-81.0726,35.2062],[-81.0735,35.2065],[-81.0742,35.206],[-81.0732,35.204],[-81.0722,35.2043],[-81.0704,35.2056],[-81.071,35.2063],[-81.0726,35.2062]]]},"properties":{"OBJECTID":6308},"id":6308},
{"type":"Feature","geometry":{"type":"Polygon","coordinates":[[[-80.9494,35.7678],[-80.9518,35.7678],[-80.953,35.7674],[-80.9535,35.7662],[-80.9661,35.7674],[-80.9663,35.767],[-80.9685,35.7675],[-80.9701,35.7664],[-80.9707,35.7654],[-80.9665,35.7655],[-80.9666,35.7645],[-80.9607,35.7639],[-80.9607,35.7634],[-80.9571,35.7635],[-80.9568,35.7629],[-80.9555,35.7625],[-80.9562,35.7561],[-80.958,35.756],[-80.9588,35.7529],[-80.9571,35.7495],[-80.9542,35.7493],[-80.9538,35.7551],[-80.9519,35.7548],[-80.9492,35.7553],[-80.9496,35.7561],[-80.9496,35.758],[-80.9498,35.7585],[-80.9521,35.7584],[-80.9525,35.7596],[-80.9498,35.7596],[-80.9492,35.7617],[-80.9452,35.7615],[-80.9457,35.7605],[-80.9449,35.7599],[-80.9429,35.7614],[-80.9426,35.7618],[-80.9412,35.7614],[-80.9397,35.7649],[-80.9411,35.7657],[-80.941,35.7662],[-80.9432,35.7663],[-80.943,35.7681],[-80.9443,35.7676],[-80.9455,35.768],[-80.9473,35.7677],[-80.9494,35.7678]]]},"properties":{"OBJECTID":6309},"id":6309},
{"type":"Feature","geometry":{"type":"Polygon","coordinates":[[[-79.7877,35.788],[-79.7911,35.7884],[-79.7958,35.7895],[-79.7972,35.79],[-79.801,35.7916],[-79.8034,35.7924],[-79.8043,35.7929],[-79.8073,35.7936],[-79.8132,35.7924],[-79.8136,35.7922],[-79.816,35.7902],[-79.8208,35.7867],[-79.8248,35.7842],[-79.8264,35.7833],[-79.8295,35.78],[-79.8289,35.7753],[-79.8286,35.7726],[-79.828,35.7627],[-79.8277,35.7595],[-79.8264,35.7497],[-79.8254,35.7406],[-79.8253,35.7404],[-79.8244,35.7314],[-79.825,35.7305],[-79.8261,35.7298],[-79.8273,35.73],[-79.8331,35.7301],[-79.8331,35.7293],[-79.8346,35.728],[-79.8359,35.7276],[-79.8395,35.727],[-79.8464,35.7264],[-79.8502,35.7263],[-79.8528,35.726],[-79.8564,35.7249],[-79.8595,35.7234],[-79.8624,35.723],[-79.8623,35.7224],[-79.8637,35.7221],[-79.8648,35.7215],[-79.8653,35.7206],[-79.8671,35.7144],[-79.8672,35.7134],[-79.8659,35.712],[-79.8647,35.7114],[-79.8628,35.7095],[-79.8606,35.7079],[-79.8595,35.7076],[-79.8569,35.7076],[-79.856,35.7071],[-79.8555,35.7045],[-79.8555,35.7024],[-79.8546,35.7006],[-79.8525,35.6951],[-79.8526,35.6932],[-79.8531,35.6919],[-79.8546,35.6895],[-79.8556,35.6871],[-79.8559,35.6856],[-79.857,35.6824],[-79.8577,35.6796],[-79.8583,35.6787],[-79.8585,35.6743],[-79.8565,35.6742],[-79.8564,35.6756],[-79.8527,35.6751],[-79.8484,35.6744],[-79.8465,35.6739],[-79.8453,35.6739],[-79.8443,35.6733],[-79.843,35.6715],[-79.8387,35.6689],[-79.8377,35.668],[-79.8386,35.6668],[-79.8361,35.6655],[-79.8349,35.6632],[-79.8354,35.6631],[-79.8358,35.6615],[-79.8356,35.6598],[-79.8335,35.6598],[-79.8335,35.6614],[-79.8312,35.6598],[-79.8283,35.659],[-79.8254,35.6576],[-79.8239,35.6563],[-79.8223,35.6559],[-79.8192,35.656],[-79.8165,35.656],[-79.8132,35.6557],[-79.8115,35.6568],[-79.8099,35.6595],[-79.8103,35.6601],[-79.8099,35.661],[-79.8097,35.6628],[-79.8093,35.6643],[-79.8078,35.6664],[-79.8077,35.6682],[-79.8073,35.6688],[-79.8058,35.6698],[-79.8055,35.6706],[-79.8047,35.6713],[-79.8025,35.6714],[-79.8014,35.6719],[-79.7991,35.672],[-79.7979,35.6717],[-79.7975,35.6708],[-79.797,35.6683],[-79.7949,35.6683],[-79.7938,35.6695],[-79.7933,35.6704],[-79.7927,35.6738],[-79.7906,35.6751],[-79.7903,35.6798],[-79.7957,35.6799],[-79.7958,35.6813],[-79.7953,35.6835],[-79.7945,35.6854],[-79.7931,35.6865],[-79.7928,35.6891],[-79.7925,35.6898],[-79.789,35.6907],[-79.7875,35.6906],[-79.787,35.6915],[-79.7864,35.694],[-79.7854,35.6966],[-79.7844,35.6977],[-79.7809,35.6976],[-79.7799,35.6987],[-79.7754,35.6986],[-79.7732,35.7009],[-79.7721,35.7024],[-79.7717,35.7049],[-79.772,35.707],[-79.7734,35.7079],[-79.7747,35.7083],[-79.7759,35.7083],[-79.777,35.7095],[-79.7786,35.7104],[-79.7808,35.7106],[-79.7829,35.711],[-79.784,35.7114],[-79.7866,35.7114],[-79.789,35.7107],[-79.7902,35.7107],[-79.7939,35.7099],[-79.7952,35.7098],[-79.7971,35.7141],[-79.7957,35.7159],[-79.7954,35.7166],[-79.7929,35.717],[-79.7903,35.7162],[-79.7892,35.7173],[-79.7879,35.7192],[-79.7859,35.7194],[-79.7855,35.7185],[-79.7834,35.7199],[-79.7816,35.7199],[-79.7806,35.7189],[-79.7819,35.7173],[-79.7837,35.717],[-79.7845,35.7151],[-79.7864,35.7156],[-79.787,35.7149],[-79.7851,35.7149],[-79.7838,35.714],[-79.7828,35.7139],[-79.7828,35.7149],[-79.7809,35.7149],[-79.7784,35.7158],[-79.7783,35.72],[-79.7756,35.7199],[-79.7752,35.7222],[-79.7861,35.7225],[-79.7868,35.7208],[-79.7879,35.7192],[-79.7899,35.7193],[-79.7899,35.7205],[-79.7913,35.7204],[-79.7906,35.7223],[-79.7918,35.7228],[-79.7932,35.7226],[-79.7925,35.7248],[-79.7914,35.7255],[-79.7903,35.7275],[-79.7904,35.7287],[-79.7911,35.7292],[-79.7915,35.7303],[-79.7907,35.7308],[-79.7897,35.7322],[-79.7883,35.7335],[-79.7873,35.7333],[-79.7872,35.7346],[-79.7861,35.7354],[-79.785,35.7368],[-79.7824,35.7366],[-79.7814,35.7368],[-79.7817,35.7375],[-79.7818,35.7397],[-79.7793,35.7398],[-79.7785,35.7406],[-79.7786,35.7413],[-79.7815,35.7433],[-79.7822,35.7431],[-79.7824,35.7462],[-79.7818,35.749],[-79.7811,35.7508],[-79.7799,35.7534],[-79.7783,35.7562],[-79.7767,35.7581],[-79.7756,35.7591],[-79.7742,35.7597],[-79.7732,35.7595],[-79.7719,35.7597],[-79.7713,35.7606],[-79.7716,35.761],[-79.7712,35.7623],[-79.7718,35.7639],[-79.7731,35.7659],[-79.774,35.7665],[-79.7748,35.768],[-79.7749,35.771],[-79.7743,35.7733],[-79.7732,35.7758],[-79.7731,35.7777],[-79.7738,35.7797],[-79.7747,35.781],[-79.7754,35.7839],[-79.7763,35.7859],[-79.7772,35.7862],[-79.7795,35.7863],[-79.782,35.7869],[-79.7859,35.788],[-79.7877,35.788]]]},"properties":{"OBJECTID":6310},"id":6310},
{"type":"Feature","geometry":{"type":"Polygon","coordinates":[[[-78.9303,35.7652],[-78.9303,35.7662],[-78.933,35.7649],[-78.9377,35.7645],[-78.9391,35.7639],[-78.9402,35.7608],[-78.9357,35.7615],[-78.9356,35.7628],[-78.9344,35.7628],[-78.9339,35.7621],[-78.9303,35.764],[-78.9303,35.7652]]]},"properties":{"OBJECTID":6312},"id":6312},
{"type":"Feature","geometry":{"type":"Polygon","coordinates":[[[-78.7636,35.5221],[-78.7636,35.5231],[-78.7642,35.5241],[-78.7653,35.5239],[-78.7661,35.522],[-78.7687,35.5224],[-78.7705,35.5229],[-78.7705,35.5238],[-78.7723,35.524],[-78.7724,35.5218],[-78.7704,35.5216],[-78.7705,35.5204],[-78.7643,35.5199],[-78.7636,35.5221]]]},"properties":{"OBJECTID":6316},"id":6316},
{"type":"Feature","geometry":{"type":"Polygon","coordinates":[[[-80.8481,35.5376],[-80.8482,35.5391],[-80.8492,35.538],[-80.8481,35.5376]]]},"properties":{"OBJECTID":6317},"id":6317},
{"type":"Feature","geometry":{"type":"Polygon","coordinates":[[[-80.7902,35.5487],[-80.7905,35.5492],[-80.7915,35.5492],[-80.7914,35.5488],[-80.7902,35.5487]]]},"properties":{"OBJECTID":6318},"id":6318},
{"type":"Feature","geometry":{"type":"Polygon","coordinates":[[[-77.965,35.3123],[-77.9648,35.3127],[-77.9657,35.3129],[-77.9653,35.312],[-77.965,35.3123]]]},"properties":{"OBJECTID":6319},"id":6319},
{"type":"Feature","geometry":{"type":"Polygon","coordinates":[[[-77.847,35.6787],[-77.8505,35.6773],[-77.8558,35.6729],[-77.8557,35.6719],[-77.8543,35.6701],[-77.8454,35.6598],[-77.841,35.6623],[-77.8397,35.661],[-77.8408,35.6604],[-77.8407,35.6595],[-77.8329,35.6554],[-77.8324,35.6561],[-77.8295,35.6569],[-77.8292,35.656],[-77.8266,35.6565],[-77.8266,35.6576],[-77.8253,35.6603],[-77.8251,35.6622],[-77.8324,35.6695],[-77.8354,35.6718],[-77.8388,35.674],[-77.847,35.6787]]]},"properties":{"OBJECTID":6320},"id":6320},
{"type":"Feature","geometry":{"type":"Polygon","coordinates":[[[-80.9543,35.8233],[-80.9602,35.8233],[-80.9599,35.8208],[-80.9598,35.8181],[-80.9616,35.8148],[-80.9572,35.8132],[-80.9573,35.8154],[-80.9517,35.8151],[-80.9519,35.8166],[-80.9513,35.8174],[-80.9519,35.8206],[-80.9527,35.8206],[-80.954,35.8216],[-80.9545,35.8216],[-80.9543,35.8233]]]},"properties":{"OBJECTID":6323},"id":6323},
{"type":"Feature","geometry":{"type":"Polygon","coordinates":[[[-80.5544,35.3311],[-80.5548,35.3338],[-80.558,35.3327],[-80.5582,35.3309],[-80.56,35.331],[-80.5603,35.3294],[-80.5604,35.3274],[-80.5538,35.3279],[-80.5544,35.3311]]]},"properties":{"OBJECTID":6326},"id":6326},
{"type":"Feature","geometry":{"type":"Polygon","coordinates":[[[-78.8477,35.5708],[-78.8504,35.5696],[-78.8526,35.569],[-78.8528,35.5657],[-78.8464,35.569],[-78.8477,35.5708]]]},"properties":{"OBJECTID":6328},"id":6328},
{"type":"Feature","geometry":{"type":"Polygon","coordinates":[[[-80.6138,34.9867],[-80.6137,34.9871],[-80.615,34.9873],[-80.6145,34.9867],[-80.6138,34.9867]]]},"properties":{"OBJECTID":6329},"id":6329},
{"type":"Feature","geometry":{"type":"Polygon","coordinates":[[[-80.6385,35.2829],[-80.6383,35.2824],[-80.6369,35.2818],[-80.6372,35.2809],[-80.6349,35.2803],[-80.6349,35.2818],[-80.6385,35.2829]]]},"properties":{"OBJECTID":6330},"id":6330},
{"type":"Feature","geometry":{"type":"Polygon","coordinates":[[[-78.4775,35.8495],[-78.4776,35.8538],[-78.4791,35.8554],[-78.4813,35.8553],[-78.4807,35.8492],[-78.4853,35.8493],[-78.4855,35.845],[-78.4856,35.8388],[-78.4837,35.8387],[-78.4843,35.8365],[-78.4819,35.8369],[-78.4776,35.8365],[-78.4775,35.8386],[-78.4779,35.8394],[-78.4708,35.8394],[-78.4708,35.84],[-78.4729,35.8419],[-78.4736,35.8438],[-78.4739,35.8453],[-78.4775,35.8454],[-78.4775,35.8495]]]},"properties":{"OBJECTID":6331},"id":6331},
{"type":"Feature","geometry":{"type":"Polygon","coordinates":[[[-79.8968,34.2036],[-79.8978,34.2043],[-79.901,34.2053],[-79.9024,34.2057],[-79.9059,34.2071],[-79.9068,34.2085],[-79.9078,34.2088],[-79.9094,34.2072],[-79.914,34.2036],[-79.915,34.203],[-79.9157,34.2011],[-79.9157,34.1961],[-79.916,34.1932],[-79.9152,34.1883],[-79.9141,34.1858],[-79.9139,34.1847],[-79.9065,34.1894],[-79.8949,34.1967],[-79.8886,34.2007],[-79.8923,34.2025],[-79.8942,34.2024],[-79.8945,34.2032],[-79.8953,34.2037],[-79.8968,34.2036]]]},"properties":{"OBJECTID":6334},"id":6334},
{"type":"Feature","geometry":{"type":"Polygon","coordinates":[[[-78.9357,35.6746],[-78.937,35.6746],[-78.9374,35.6752],[-78.9372,35.6766],[-78.9382,35.677],[-78.9383,35.6781],[-78.9464,35.6738],[-78.9465,35.6701],[-78.943,35.6701],[-78.9427,35.669],[-78.9427,35.6676],[-78.9394,35.6649],[-78.9353,35.6671],[-78.9352,35.6694],[-78.9375,35.6695],[-78.9374,35.6714],[-78.9352,35.6713],[-78.9352,35.6725],[-78.9337,35.6725],[-78.9326,35.674],[-78.9352,35.674],[-78.9357,35.6746]]]},"properties":{"OBJECTID":6341},"id":6341},
{"type":"Feature","geometry":{"type":"Polygon","coordinates":[[[-79.9074,35.644],[-79.9071,35.6478],[-79.9115,35.6427],[-79.9117,35.6412],[-79.9107,35.6407],[-79.9088,35.6411],[-79.9082,35.6402],[-79.9073,35.6402],[-79.9075,35.6416],[-79.9058,35.6428],[-79.9056,35.6433],[-79.9032,35.6433],[-79.9036,35.6427],[-79.9054,35.6422],[-79.9062,35.641],[-79.9059,35.6398],[-79.9048,35.6391],[-79.9037,35.6397],[-79.9028,35.6412],[-79.9024,35.6399],[-79.9017,35.6393],[-79.9031,35.6377],[-79.9053,35.6365],[-79.9077,35.6361],[-79.9078,35.6366],[-79.9063,35.6375],[-79.9065,35.639],[-79.9074,35.6393],[-79.908,35.6387],[-79.9078,35.6361],[-79.9093,35.636],[-79.9087,35.6377],[-79.9088,35.6388],[-79.9094,35.6393],[-79.9107,35.6395],[-79.9107,35.6382],[-79.9113,35.6376],[-79.9124,35.6378],[-79.9127,35.6393],[-79.9131,35.6397],[-79.9145,35.6391],[-79.9155,35.6389],[-79.915,35.6381],[-79.9149,35.6364],[-79.9144,35.6357],[-79.9127,35.6367],[-79.9117,35.6368],[-79.9112,35.6364],[-79.9135,35.6351],[-79.9157,35.6332],[-79.9164,35.6319],[-79.9173,35.6313],[-79.9173,35.6301],[-79.9155,35.6305],[-79.9139,35.6322],[-79.9126,35.6328],[-79.9113,35.6346],[-79.9098,35.6358],[-79.9077,35.636],[-79.9071,35.6353],[-79.9072,35.6345],[-79.9094,35.634],[-79.9118,35.6329],[-79.9082,35.6329],[-79.908,35.6323],[-79.9054,35.6323],[-79.9049,35.6336],[-79.9058,35.6339],[-79.907,35.635],[-79.9069,35.6357],[-79.9045,35.6355],[-79.9048,35.6364],[-79.903,35.6376],[-79.9013,35.6396],[-79.9021,35.6398],[-79.9026,35.643],[-79.9032,35.6434],[-79.9074,35.6435],[-79.9074,35.644]]]},"properties":{"OBJECTID":6342},"id":6342},
{"type":"Feature","geometry":{"type":"Polygon","coordinates":[[[-81.2403,35.7897],[-81.2403,35.7904],[-81.2355,35.7943],[-81.2354,35.7952],[-81.2346,35.7976],[-81.2395,35.7977],[-81.2418,35.7979],[-81.2418,35.7983],[-81.2443,35.7984],[-81.2442,35.802],[-81.2448,35.8026],[-81.244,35.803],[-81.2442,35.8041],[-81.2437,35.8045],[-81.2422,35.8043],[-81.2397,35.8052],[-81.2388,35.807],[-81.2396,35.8066],[-81.2411,35.8071],[-81.2425,35.8062],[-81.2461,35.8062],[-81.2467,35.8034],[-81.2455,35.8028],[-81.2463,35.8005],[-81.2471,35.8004],[-81.2483,35.8009],[-81.2482,35.8017],[-81.2505,35.802],[-81.2525,35.8011],[-81.2544,35.7993],[-81.2534,35.7986],[-81.2526,35.7985],[-81.2527,35.7972],[-81.2545,35.7972],[-81.2556,35.7963],[-81.2563,35.7968],[-81.2556,35.7975],[-81.2567,35.7987],[-81.2566,35.7996],[-81.2604,35.8012],[-81.2609,35.8008],[-81.2611,35.7989],[-81.2588,35.7987],[-81.2577,35.7975],[-81.2567,35.797],[-81.2579,35.7956],[-81.2566,35.7937],[-81.2556,35.7933],[-81.2568,35.7926],[-81.257,35.7918],[-81.2556,35.7911],[-81.2567,35.7898],[-81.2578,35.7894],[-81.2564,35.7887],[-81.2555,35.7871],[-81.255,35.7873],[-81.254,35.7831],[-81.2519,35.7827],[-81.2512,35.7816],[-81.2484,35.7829],[-81.247,35.7833],[-81.2452,35.7842],[-81.2425,35.7869],[-81.2424,35.7884],[-81.2403,35.7894],[-81.2403,35.7897]]]},"properties":{"OBJECTID":6343},"id":6343},
{"type":"Feature","geometry":{"type":"Polygon","coordinates":[[[-80.5505,35.4162],[-80.5512,35.4165],[-80.5515,35.416],[-80.5505,35.4162]]]},"properties":{"OBJECTID":6345},"id":6345},
{"type":"Feature","geometry":{"type":"Polygon","coordinates":[[[-80.9443,35.8012],[-80.9444,35.802],[-80.9459,35.8022],[-80.9472,35.8014],[-80.9493,35.8008],[-80.9493,35.8],[-80.9447,35.7998],[-80.9443,35.8012]]]},"properties":{"OBJECTID":6346},"id":6346},
{"type":"Feature","geometry":{"type":"Polygon","coordinates":[[[-80.8388,35.8216],[-80.8388,35.8304],[-80.844,35.8306],[-80.8439,35.834],[-80.8451,35.8345],[-80.8508,35.8346],[-80.8509,35.8301],[-80.8499,35.8285],[-80.8435,35.819],[-80.8457,35.819],[-80.8458,35.8167],[-80.8444,35.8163],[-80.8448,35.813],[-80.8469,35.8124],[-80.8569,35.8108],[-80.8568,35.8128],[-80.8615,35.813],[-80.8614,35.8157],[-80.8626,35.8155],[-80.868,35.8156],[-80.8653,35.8202],[-80.8694,35.8207],[-80.8699,35.8189],[-80.8727,35.8196],[-80.8723,35.8185],[-80.8726,35.8176],[-80.8704,35.8172],[-80.8713,35.814],[-80.8724,35.8139],[-80.8734,35.8164],[-80.8731,35.8176],[-80.8751,35.8176],[-80.8755,35.8167],[-80.8764,35.8167],[-80.8764,35.8177],[-80.8756,35.8176],[-80.8754,35.8185],[-80.8761,35.8189],[-80.8797,35.819],[-80.8797,35.8208],[-80.8832,35.8209],[-80.8839,35.8199],[-80.885,35.8195],[-80.886,35.8178],[-80.8836,35.8157],[-80.8836,35.8151],[-80.8858,35.8133],[-80.8853,35.8126],[-80.8865,35.8118],[-80.8865,35.8106],[-80.8852,35.8094],[-80.8832,35.809],[-80.8832,35.8086],[-80.886,35.808],[-80.8859,35.8075],[-80.8873,35.8067],[-80.8902,35.8063],[-80.8888,35.8084],[-80.8879,35.8089],[-80.8874,35.8098],[-80.8871,35.8117],[-80.8887,35.8113],[-80.89,35.8113],[-80.8931,35.81],[-80.8952,35.808],[-80.8973,35.8075],[-80.8995,35.8075],[-80.8999,35.808],[-80.8996,35.8108],[-80.9015,35.8108],[-80.9014,35.813],[-80.904,35.8131],[-80.9041,35.8109],[-80.9078,35.8109],[-80.9079,35.8124],[-80.9062,35.8155],[-80.9111,35.8163],[-80.912,35.8141],[-80.9114,35.8127],[-80.9098,35.8127],[-80.9094,35.811],[-80.911,35.811],[-80.9111,35.8117],[-80.9129,35.8112],[-80.9124,35.8101],[-80.9131,35.8091],[-80.9154,35.8102],[-80.9158,35.8102],[-80.9161,35.8087],[-80.9158,35.8059],[-80.9129,35.8062],[-80.9117,35.8047],[-80.9159,35.8043],[-80.9169,35.8039],[-80.9179,35.8067],[-80.9206,35.8067],[-80.9207,35.8077],[-80.9223,35.808],[-80.9245,35.8076],[-80.9232,35.8068],[-80.9281,35.8051],[-80.9287,35.8025],[-80.9292,35.802],[-80.9287,35.7993],[-80.93,35.7995],[-80.9299,35.7971],[-80.931,35.797],[-80.9312,35.799],[-80.9323,35.7989],[-80.9361,35.8003],[-80.9358,35.8024],[-80.9366,35.8028],[-80.9403,35.8026],[-80.9419,35.8021],[-80.9412,35.8007],[-80.9405,35.7998],[-80.9395,35.798],[-80.9408,35.7977],[-80.9435,35.7976],[-80.9431,35.7961],[-80.9432,35.7939],[-80.943,35.7926],[-80.9425,35.7925],[-80.9387,35.7934],[-80.9422,35.7919],[-80.9411,35.7917],[-80.9402,35.792],[-80.9359,35.793],[-80.9334,35.7922],[-80.933,35.7915],[-80.9316,35.7916],[-80.9279,35.7897],[-80.9285,35.7879],[-80.9292,35.7872],[-80.9306,35.7865],[-80.9299,35.7851],[-80.9294,35.7826],[-80.9287,35.7811],[-80.9292,35.7805],[-80.9289,35.7788],[-80.9279,35.7787],[-80.9254,35.7799],[-80.9252,35.7831],[-80.9237,35.783],[-80.9237,35.7844],[-80.9226,35.7851],[-80.9211,35.7823],[-80.921,35.7816],[-80.9201,35.7795],[-80.9215,35.775],[-80.9225,35.775],[-80.9226,35.7735],[-80.9205,35.7735],[-80.9202,35.7748],[-80.9122,35.7746],[-80.9024,35.7677],[-80.9028,35.7632],[-80.8959,35.7632],[-80.8908,35.7598],[-80.8828,35.7634],[-80.8821,35.7626],[-80.8752,35.7608],[-80.8753,35.7603],[-80.8718,35.7602],[-80.8717,35.7667],[-80.8694,35.7668],[-80.8695,35.7695],[-80.8676,35.7704],[-80.8657,35.77],[-80.8661,35.7682],[-80.8626,35.7693],[-80.8622,35.7646],[-80.8617,35.7635],[-80.8615,35.7619],[-80.8594,35.762],[-80.8596,35.7626],[-80.8566,35.7626],[-80.8554,35.7615],[-80.8544,35.761],[-80.8543,35.7595],[-80.8528,35.7595],[-80.8528,35.7588],[-80.854,35.7587],[-80.854,35.7578],[-80.8535,35.7572],[-80.8542,35.7563],[-80.854,35.751],[-80.8554,35.7449],[-80.8587,35.7456],[-80.8597,35.7439],[-80.8591,35.741],[-80.8576,35.7411],[-80.8577,35.74],[-80.856,35.7402],[-80.8537,35.7401],[-80.8537,35.7394],[-80.8572,35.7394],[-80.8568,35.7369],[-80.856,35.7361],[-80.8542,35.736],[-80.857,35.7323],[-80.8569,35.7306],[-80.858,35.7303],[-80.8577,35.7278],[-80.8569,35.7261],[-80.8566,35.7246],[-80.8545,35.7221],[-80.8556,35.721],[-80.857,35.7219],[-80.8562,35.7194],[-80.856,35.7179],[-80.8553,35.7153],[-80.8535,35.715],[-80.8534,35.7167],[-80.8523,35.7166],[-80.8522,35.7183],[-80.851,35.7168],[-80.8501,35.718],[-80.8484,35.7215],[-80.847,35.723],[-80.8461,35.7234],[-80.8452,35.7244],[-80.8442,35.726],[-80.843,35.7264],[-80.8408,35.7291],[-80.8368,35.7331],[-80.8402,35.7332],[-80.8402,35.7375],[-80.839,35.7379],[-80.8389,35.7419],[-80.8387,35.7478],[-80.8389,35.7511],[-80.8389,35.7537],[-80.8452,35.7539],[-80.8469,35.7539],[-80.8496,35.7547],[-80.8493,35.7558],[-80.8495,35.7571],[-80.8507,35.7569],[-80.8503,35.7586],[-80.8506,35.7589],[-80.8506,35.7612],[-80.8472,35.7646],[-80.8444,35.7634],[-80.8434,35.7638],[-80.8386,35.7621],[-80.8372,35.7621],[-80.835,35.7617],[-80.835,35.7629],[-80.8372,35.763],[-80.8371,35.7637],[-80.8342,35.7635],[-80.8348,35.7642],[-80.8351,35.7673],[-80.835,35.768],[-80.8362,35.768],[-80.8362,35.7671],[-80.8452,35.7673],[-80.8456,35.7662],[-80.8469,35.7668],[-80.8467,35.7676],[-80.8442,35.7682],[-80.8454,35.7698],[-80.8443,35.7698],[-80.8444,35.7715],[-80.8481,35.7699],[-80.8483,35.7702],[-80.8462,35.771],[-80.8461,35.7729],[-80.8476,35.773],[-80.8479,35.7742],[-80.8502,35.7741],[-80.8502,35.7746],[-80.8525,35.7747],[-80.8525,35.7756],[-80.8537,35.7757],[-80.8535,35.7804],[-80.8525,35.7804],[-80.8525,35.7813],[-80.8535,35.7818],[-80.8534,35.7838],[-80.851,35.7838],[-80.8511,35.7822],[-80.8487,35.782],[-80.8475,35.7815],[-80.8472,35.7849],[-80.8466,35.7852],[-80.8451,35.7849],[-80.8439,35.7849],[-80.8429,35.7844],[-80.8429,35.7832],[-80.8408,35.7831],[-80.8393,35.7833],[-80.8391,35.7843],[-80.8378,35.7858],[-80.8354,35.7871],[-80.8355,35.7898],[-80.8365,35.7904],[-80.8386,35.7938],[-80.8392,35.7953],[-80.8388,35.7964],[-80.8371,35.7967],[-80.8372,35.7931],[-80.8358,35.7928],[-80.8357,35.7914],[-80.835,35.7911],[-80.8335,35.7914],[-80.833,35.7907],[-80.8331,35.7897],[-80.8304,35.7891],[-80.8281,35.7881],[-80.8272,35.7869],[-80.826,35.7859],[-80.8243,35.785],[-80.8227,35.7847],[-80.8194,35.7843],[-80.8193,35.7837],[-80.8145,35.7808],[-80.814,35.7812],[-80.8127,35.7807],[-80.8109,35.7807],[-80.8104,35.7867],[-80.81,35.793],[-80.8096,35.8021],[-80.8113,35.8035],[-80.8104,35.8053],[-80.8117,35.8054],[-80.8127,35.8058],[-80.8133,35.8066],[-80.8125,35.8069],[-80.812,35.8062],[-80.8107,35.806],[-80.8094,35.8063],[-80.8091,35.8077],[-80.8077,35.8074],[-80.8077,35.8095],[-80.8083,35.8101],[-80.8096,35.8102],[-80.8096,35.8114],[-80.8123,35.8116],[-80.8124,35.8084],[-80.8168,35.8093],[-80.8168,35.809],[-80.8191,35.809],[-80.8191,35.8056],[-80.8212,35.8065],[-80.821,35.8079],[-80.823,35.8081],[-80.823,35.8087],[-80.8248,35.809],[-80.825,35.8082],[-80.8258,35.8081],[-80.8269,35.8086],[-80.8269,35.8095],[-80.8265,35.8105],[-80.8272,35.8119],[-80.8283,35.8121],[-80.8285,35.8114],[-80.8298,35.8112],[-80.8325,35.8117],[-80.8316,35.8161],[-80.8279,35.8164],[-80.8245,35.8175],[-80.8268,35.8176],[-80.8275,35.8194],[-80.8286,35.8198],[-80.8285,35.8217],[-80.8301,35.8219],[-80.8308,35.8193],[-80.8312,35.8194],[-80.8329,35.8172],[-80.8353,35.8151],[-80.8356,35.817],[-80.8392,35.8165],[-80.839,35.8154],[-80.8403,35.8153],[-80.8414,35.817],[-80.8409,35.8172],[-80.8409,35.8184],[-80.8387,35.8187],[-80.8388,35.8216]],[[-80.8436,35.8135],[-80.8435,35.8146],[-80.8426,35.8149],[-80.8422,35.8135],[-80.8436,35.8135]]]},"properties":{"OBJECTID":6347},"id":6347},
{"type":"Feature","geometry":{"type":"Polygon","coordinates":[[[-80.8243,35.5446],[-80.8246,35.5456],[-80.8313,35.5449],[-80.8313,35.544],[-80.824,35.5436],[-80.8243,35.5446]]]},"properties":{"OBJECTID":6349},"id":6349},
{"type":"Feature","geometry":{"type":"Polygon","coordinates":[[[-78.7083,35.6458],[-78.7093,35.6458],[-78.7097,35.6448],[-78.7084,35.6448],[-78.7083,35.6458]]]},"properties":{"OBJECTID":6350},"id":6350},
{"type":"Feature","geometry":{"type":"Polygon","coordinates":[[[-81.2388,35.807],[-81.2384,35.8061],[-81.238,35.8062],[-81.239,35.8077],[-81.2394,35.8073],[-81.2388,35.807]]]},"properties":{"OBJECTID":6352},"id":6352},
{"type":"Feature","geometry":{"type":"Polygon","coordinates":[[[-83.3393,34.0331],[-83.36,34.0406],[-83.3682,34.0364],[-83.375,34.0329],[-83.378,34.0319],[-83.3794,34.0352],[-83.383,34.0344],[-83.383,34.0356],[-83.3841,34.0366],[-83.3849,34.0378],[-83.3902,34.0361],[-83.3899,34.0354],[-83.3934,34.0343],[-83.3893,34.032],[-83.385,34.0298],[-83.3988,34.0249],[-83.4118,34.0204],[-83.4214,34.0171],[-83.4298,34.014],[-83.4435,34.0087],[-83.4526,34.0053],[-83.4539,34.0049],[-83.4627,34.0015],[-83.4739,33.9969],[-83.4751,33.9965],[-83.4845,33.9929],[-83.4859,33.9931],[-83.4867,33.994],[-83.4878,33.9948],[-83.4905,33.9961],[-83.4922,33.9968],[-83.4956,33.9976],[-83.498,33.9976],[-83.5003,33.9964],[-83.5024,33.9966],[-83.5031,33.9974],[-83.5031,33.9989],[-83.5038,33.9987],[-83.5022,33.9917],[-83.5013,33.99],[-83.4986,33.9884],[-83.4983,33.9876],[-83.5023,33.9852],[-83.5146,33.9784],[-83.5262,33.9721],[-83.5269,33.9717],[-83.5374,33.9659],[-83.5374,33.9656],[-83.5351,33.9628],[-83.5325,33.9591],[-83.5296,33.9558],[-83.5218,33.9456],[-83.5114,33.9316],[-83.509,33.9315],[-83.506,33.9306],[-83.5037,33.9304],[-83.5019,33.9311],[-83.4994,33.9311],[-83.4959,33.9302],[-83.4941,33.9309],[-83.492,33.9325],[-83.4872,33.9312],[-83.4826,33.9309],[-83.4806,33.9296],[-83.4753,33.9289],[-83.4726,33.9293],[-83.4719,33.93],[-83.4696,33.9309],[-83.4687,33.9277],[-83.4672,33.9262],[-83.464,33.9259],[-83.461,33.9266],[-83.4584,33.9259],[-83.455,33.9245],[-83.4531,33.9243],[-83.45,33.9246],[-83.4494,33.9257],[-83.447,33.9255],[-83.4449,33.9247],[-83.4428,33.9234],[-83.4406,33.9232],[-83.4383,33.9225],[-83.4354,33.9227],[-83.4342,33.9239],[-83.4326,33.9242],[-83.4314,33.925],[-83.4307,33.9261],[-83.4296,33.9256],[-83.4287,33.9257],[-83.4277,33.9266],[-83.4257,33.9262],[-83.4241,33.9267],[-83.4218,33.927],[-83.421,33.9259],[-83.4197,33.9249],[-83.4189,33.9237],[-83.4202,33.9231],[-83.4203,33.9222],[-83.4174,33.9209],[-83.4162,33.9191],[-83.4155,33.9185],[-83.4144,33.9183],[-83.4129,33.9174],[-83.4118,33.9182],[-83.411,33.9175],[-83.4096,33.9171],[-83.4074,33.9154],[-83.406,33.9155],[-83.4063,33.9141],[-83.4046,33.9127],[-83.403,33.9129],[-83.4025,33.9113],[-83.4015,33.9108],[-83.3989,33.9101],[-83.3977,33.909],[-83.3964,33.9086],[-83.3942,33.9074],[-83.394,33.9068],[-83.3936,33.9041],[-83.3935,33.9023],[-83.3921,33.9013],[-83.3908,33.9],[-83.3895,33.8994],[-83.3881,33.8995],[-83.3844,33.8989],[-83.3826,33.8985],[-83.3825,33.8972],[-83.3845,33.8965],[-83.3849,33.8955],[-83.3842,33.8949],[-83.3828,33.8944],[-83.3819,33.8937],[-83.3803,33.8935],[-83.379,33.893],[-83.3783,33.8909],[-83.3766,33.8904],[-83.3746,33.8871],[-83.3734,33.8856],[-83.3727,33.8853],[-83.3703,33.8869],[-83.3672,33.8877],[-83.3662,33.8878],[-83.3654,33.8859],[-83.3645,33.8852],[-83.3639,33.8841],[-83.3637,33.8826],[-83.3621,33.8814],[-83.3612,33.88],[-83.3613,33.8772],[-83.361,33.8765],[-83.36,33.8756],[-83.3583,33.8749],[-83.357,33.8746],[-83.3535,33.8746],[-83.3521,33.8754],[-83.3528,33.8764],[-83.3525,33.8773],[-83.3501,33.8772],[-83.3462,33.8787],[-83.3455,33.8785],[-83.3449,33.876],[-83.344,33.8751],[-83.3424,33.8749],[-83.3408,33.8741],[-83.3381,33.8737],[-83.335,33.8716],[-83.3316,33.8711],[-83.3285,33.8696],[-83.327,33.8683],[-83.3248,33.8658],[-83.3241,33.8647],[-83.3242,33.8632],[-83.3251,33.8612],[-83.3266,33.8611],[-83.3275,33.8607],[-83.3274,33.8595],[-83.3255,33.8581],[-83.3258,33.8567],[-83.3267,33.8556],[-83.3255,33.8551],[-83.3231,33.8547],[-83.3196,33.8546],[-83.3138,33.8557],[-83.3115,33.8552],[-83.3089,33.8541],[-83.3066,33.8519],[-83.305,33.8511],[-83.303,33.8506],[-83.3011,33.8504],[-83.2966,33.8504],[-83.2936,33.8506],[-83.2892,33.8513],[-83.2875,33.8505],[-83.2841,33.8499],[-83.2837,33.8499],[-83.2819,33.8489],[-83.279,33.8487],[-83.2759,33.848],[-83.2756,33.8481],[-83.2641,33.8666],[-83.2637,33.8676],[-83.2563,33.8796],[-83.256,33.8798],[-83.2501,33.8898],[-83.2485,33.8921],[-83.2408,33.9044],[-83.244,33.9079],[-83.2504,33.9145],[-83.2604,33.9256],[-83.2635,33.9291],[-83.2669,33.9327],[-83.2747,33.9414],[-83.2754,33.9422],[-83.2769,33.9448],[-83.2777,33.947],[-83.2784,33.9508],[-83.2788,33.9518],[-83.2793,33.9546],[-83.2762,33.955],[-83.2742,33.9554],[-83.2701,33.9575],[-83.2682,33.9592],[-83.2673,33.9604],[-83.2659,33.9631],[-83.2654,33.9664],[-83.2656,33.9681],[-83.2662,33.9703],[-83.2668,33.9713],[-83.2686,33.9739],[-83.2725,33.9763],[-83.2756,33.9774],[-83.2727,33.9795],[-83.2692,33.9817],[-83.2692,33.983],[-83.2663,33.9996],[-83.266,33.9997],[-83.262,33.9984],[-83.2604,33.9985],[-83.2584,33.9991],[-83.2602,34.001],[-83.2615,34.0027],[-83.2634,34.0063],[-83.2646,34.0066],[-83.266,34.0063],[-83.2659,34.0054],[-83.2666,34.0046],[-83.2715,34.0052],[-83.2721,34.0066],[-83.2735,34.0067],[-83.2758,34.0058],[-83.2764,34.0049],[-83.2782,34.004],[-83.2797,34.0037],[-83.2842,34.005],[-83.2864,34.0072],[-83.2906,34.0078],[-83.2928,34.0086],[-83.2943,34.0081],[-83.2957,34.0098],[-83.2995,34.0128],[-83.3036,34.0153],[-83.3121,34.0209],[-83.3127,34.0212],[-83.3202,34.026],[-83.3219,34.0268],[-83.3267,34.0287],[-83.3334,34.0307],[-83.3393,34.0331]]]},"properties":{"OBJECTID":6355},"id":6355},
{"type":"Feature","geometry":{"type":"Polygon","coordinates":[[[-78.9306,35.8146],[-78.9317,35.8146],[-78.9317,35.811],[-78.9294,35.8105],[-78.929,35.8113],[-78.9285,35.8144],[-78.9306,35.8146]]]},"properties":{"OBJECTID":6358},"id":6358},
{"type":"Feature","geometry":{"type":"Polygon","coordinates":[[[-80.924,35.7782],[-80.9242,35.7781],[-80.9238,35.7771],[-80.9235,35.7772],[-80.9235,35.7779],[-80.924,35.7782]]]},"properties":{"OBJECTID":6360},"id":6360},
{"type":"Feature","geometry":{"type":"Polygon","coordinates":[[[-83.2727,36.2494],[-83.2766,36.2538],[-83.2782,36.2549],[-83.28,36.2558],[-83.2829,36.254],[-83.283,36.2506],[-83.2836,36.2491],[-83.2898,36.2493],[-83.2906,36.2489],[-83.2917,36.2475],[-83.2945,36.2453],[-83.2963,36.2445],[-83.2961,36.2433],[-83.2949,36.2408],[-83.2955,36.239],[-83.2972,36.2381],[-83.2972,36.2398],[-83.3008,36.2399],[-83.3047,36.2376],[-83.3057,36.2365],[-83.3077,36.2356],[-83.3092,36.2353],[-83.31,36.2362],[-83.3136,36.2335],[-83.3151,36.2333],[-83.3159,36.2329],[-83.3152,36.2322],[-83.3148,36.231],[-83.3139,36.2297],[-83.3164,36.2285],[-83.3227,36.2289],[-83.3227,36.2322],[-83.3244,36.2333],[-83.3252,36.2329],[-83.3257,36.2312],[-83.3276,36.2293],[-83.3264,36.2286],[-83.3278,36.2271],[-83.329,36.2267],[-83.3252,36.2241],[-83.324,36.2235],[-83.3221,36.2218],[-83.3228,36.2202],[-83.3243,36.2201],[-83.326,36.2206],[-83.328,36.2208],[-83.3293,36.2196],[-83.3308,36.2172],[-83.3323,36.2168],[-83.333,36.2161],[-83.3311,36.2151],[-83.3319,36.2128],[-83.3343,36.2136],[-83.3344,36.2121],[-83.3366,36.2123],[-83.3374,36.2126],[-83.3392,36.2141],[-83.3406,36.2143],[-83.3425,36.2139],[-83.3433,36.2153],[-83.3464,36.2155],[-83.3487,36.2144],[-83.3489,36.213],[-83.347,36.2117],[-83.3478,36.2098],[-83.3501,36.2083],[-83.3513,36.2068],[-83.3516,36.2047],[-83.351,36.2035],[-83.3519,36.2025],[-83.351,36.1999],[-83.3549,36.1983],[-83.3539,36.1964],[-83.3558,36.1956],[-83.3561,36.196],[-83.3609,36.194],[-83.3626,36.1976],[-83.3646,36.1966],[-83.3654,36.1981],[-83.3665,36.1983],[-83.3682,36.1982],[-83.368,36.1967],[-83.3676,36.19],[-83.3693,36.1893],[-83.3733,36.1871],[-83.3759,36.1866],[-83.3759,36.1859],[-83.3772,36.1862],[-83.3805,36.1881],[-83.3804,36.1885],[-83.3833,36.1889],[-83.3847,36.1893],[-83.3861,36.1886],[-83.3849,36.1873],[-83.3843,36.1862],[-83.3849,36.1857],[-83.3878,36.1849],[-83.3858,36.1806],[-83.3874,36.1802],[-83.3876,36.1806],[-83.3895,36.1803],[-83.3901,36.1806],[-83.3902,36.1818],[-83.3911,36.1818],[-83.3931,36.1811],[-83.3929,36.18],[-83.3943,36.1794],[-83.3981,36.1816],[-83.3993,36.1832],[-83.3993,36.1841],[-83.4037,36.1842],[-83.4023,36.1826],[-83.4011,36.1819],[-83.4071,36.1805],[-83.4057,36.1785],[-83.4047,36.1777],[-83.4007,36.1737],[-83.4066,36.1686],[-83.4,36.1576],[-83.3982,36.1581],[-83.3955,36.1602],[-83.3893,36.1667],[-83.3773,36.1641],[-83.3782,36.1625],[-83.3748,36.1622],[-83.3727,36.1623],[-83.3705,36.1657],[-83.3695,36.1657],[-83.3696,36.167],[-83.3684,36.169],[-83.3683,36.1705],[-83.3698,36.1724],[-83.3702,36.1734],[-83.37,36.1746],[-83.3694,36.1756],[-83.3681,36.1762],[-83.3677,36.1837],[-83.3575,36.1882],[-83.3514,36.1918],[-83.3527,36.1942],[-83.3515,36.1943],[-83.3476,36.1958],[-83.3467,36.1943],[-83.3447,36.1951],[-83.3442,36.195],[-83.3427,36.193],[-83.3411,36.1938],[-83.3399,36.1929],[-83.3383,36.1937],[-83.3395,36.1947],[-83.3405,36.1942],[-83.3413,36.1951],[-83.3404,36.1957],[-83.3407,36.1962],[-83.3385,36.197],[-83.3352,36.1987],[-83.3322,36.1996],[-83.3299,36.2001],[-83.3279,36.2003],[-83.3253,36.2001],[-83.3224,36.1994],[-83.32,36.1984],[-83.3215,36.1964],[-83.3218,36.1928],[-83.3241,36.1929],[-83.3191,36.1883],[-83.317,36.1858],[-83.316,36.1867],[-83.3158,36.1888],[-83.3162,36.1896],[-83.3133,36.1903],[-83.3095,36.1921],[-83.3087,36.1923],[-83.3075,36.1902],[-83.3067,36.188],[-83.3045,36.1882],[-83.2958,36.1877],[-83.2958,36.1885],[-83.2974,36.1923],[-83.2943,36.1931],[-83.2946,36.1936],[-83.2959,36.1945],[-83.2956,36.1958],[-83.294,36.1965],[-83.2946,36.1976],[-83.296,36.197],[-83.2961,36.1978],[-83.2947,36.1977],[-83.2935,36.1982],[-83.2926,36.197],[-83.2914,36.1964],[-83.2883,36.1961],[-83.2883,36.1947],[-83.2874,36.1937],[-83.2885,36.1906],[-83.2849,36.1916],[-83.2849,36.1925],[-83.2841,36.1937],[-83.2812,36.1941],[-83.2799,36.1945],[-83.2797,36.1922],[-83.2802,36.1908],[-83.2808,36.1902],[-83.2819,36.1911],[-83.2833,36.1902],[-83.2823,36.1893],[-83.2838,36.1873],[-83.2839,36.1861],[-83.2831,36.1828],[-83.2826,36.1816],[-83.2802,36.1768],[-83.2789,36.1754],[-83.275,36.1781],[-83.2747,36.1728],[-83.2741,36.1712],[-83.2724,36.1689],[-83.2713,36.167],[-83.2749,36.1563],[-83.2792,36.1529],[-83.2796,36.1532],[-83.2813,36.1525],[-83.2817,36.1507],[-83.2828,36.1503],[-83.2855,36.1482],[-83.2871,36.1473],[-83.2897,36.1463],[-83.2907,36.1519],[-83.291,36.1559],[-83.2926,36.1565],[-83.2943,36.1567],[-83.2953,36.156],[-83.296,36.1567],[-83.2997,36.1568],[-83.2999,36.155],[-83.2984,36.153],[-83.2985,36.1484],[-83.3059,36.1488],[-83.3045,36.1434],[-83.3036,36.1424],[-83.305,36.1406],[-83.3075,36.1392],[-83.31,36.1376],[-83.3083,36.1349],[-83.3075,36.1339],[-83.3003,36.1339],[-83.3002,36.1329],[-83.2721,36.1387],[-83.274,36.1421],[-83.2756,36.1439],[-83.2773,36.1436],[-83.2757,36.148],[-83.2695,36.1538],[-83.269,36.1578],[-83.2733,36.157],[-83.2697,36.1656],[-83.2729,36.1733],[-83.2739,36.1756],[-83.2706,36.1879],[-83.2682,36.1913],[-83.2663,36.1925],[-83.2652,36.1941],[-83.2652,36.196],[-83.2669,36.2008],[-83.2654,36.2011],[-83.2587,36.2007],[-83.2588,36.207],[-83.258,36.2105],[-83.2552,36.2115],[-83.2534,36.2146],[-83.2534,36.2154],[-83.2398,36.2196],[-83.2443,36.2219],[-83.2458,36.2246],[-83.2487,36.2243],[-83.2488,36.2251],[-83.2495,36.2265],[-83.2471,36.227],[-83.2464,36.2278],[-83.2452,36.2273],[-83.2412,36.2286],[-83.2441,36.2313],[-83.241,36.2335],[-83.2395,36.2323],[-83.2386,36.233],[-83.2392,36.2336],[-83.2391,36.2344],[-83.2376,36.2348],[-83.2354,36.2365],[-83.2332,36.2352],[-83.2293,36.2369],[-83.2288,36.2365],[-83.2275,36.2365],[-83.2266,36.2368],[-83.224,36.2345],[-83.223,36.2353],[-83.2233,36.2362],[-83.2217,36.2361],[-83.2212,36.2355],[-83.2176,36.2364],[-83.2172,36.2369],[-83.2123,36.2382],[-83.2122,36.2385],[-83.2058,36.2407],[-83.2049,36.2399],[-83.2027,36.2407],[-83.2036,36.2414],[-83.2023,36.2418],[-83.2016,36.2413],[-83.1999,36.2419],[-83.199,36.2419],[-83.1987,36.2445],[-83.1982,36.2454],[-83.2007,36.2469],[-83.1979,36.2483],[-83.1983,36.2494],[-83.195,36.2501],[-83.1956,36.2514],[-83.1982,36.2511],[-83.1992,36.2527],[-83.1957,36.2544],[-83.1986,36.2546],[-83.2006,36.2541],[-83.201,36.2546],[-83.2046,36.2532],[-83.2079,36.2521],[-83.2088,36.2541],[-83.2101,36.2544],[-83.211,36.2541],[-83.2128,36.2528],[-83.215,36.2521],[-83.2146,36.2505],[-83.2148,36.2489],[-83.2205,36.2456],[-83.2224,36.2496],[-83.2234,36.2491],[-83.2216,36.2451],[-83.2265,36.2431],[-83.2317,36.2418],[-83.2339,36.2406],[-83.2365,36.2379],[-83.2373,36.2373],[-83.2415,36.2406],[-83.2436,36.2426],[-83.2409,36.2436],[-83.2423,36.2455],[-83.244,36.2451],[-83.2446,36.2435],[-83.2457,36.2438],[-83.2478,36.2431],[-83.2466,36.2423],[-83.245,36.243],[-83.2449,36.2409],[-83.2457,36.241],[-83.2497,36.2394],[-83.2503,36.2389],[-83.2476,36.2369],[-83.2497,36.2357],[-83.2498,36.2351],[-83.252,36.2349],[-83.2521,36.2338],[-83.2556,36.2334],[-83.257,36.233],[-83.2569,36.2349],[-83.2595,36.2347],[-83.2601,36.2366],[-83.2596,36.2367],[-83.2612,36.2381],[-83.2642,36.2413],[-83.27,36.2468],[-83.2727,36.2494]],[[-83.2743,36.193],[-83.2723,36.1927],[-83.2723,36.1899],[-83.2729,36.1898],[-83.2735,36.1887],[-83.274,36.1867],[-83.2741,36.1855],[-83.275,36.1816],[-83.2783,36.1784],[-83.2793,36.1777],[-83.2789,36.1771],[-83.2796,36.1767],[-83.2815,36.1801],[-83.2827,36.1823],[-83.2836,36.1861],[-83.2835,36.1872],[-83.2828,36.1881],[-83.2793,36.1913],[-83.2782,36.191],[-83.2763,36.1917],[-83.2767,36.1924],[-83.276,36.1929],[-83.2743,36.193]]]},"properties":{"OBJECTID":6363},"id":6363},
{"type":"Feature","geometry":{"type":"Polygon","coordinates":[[[-79.7885,35.6636],[-79.7906,35.6642],[-79.7925,35.6631],[-79.7927,35.6621],[-79.7951,35.6621],[-79.7951,35.6608],[-79.7927,35.6606],[-79.7924,35.66],[-79.7913,35.6599],[-79.791,35.6587],[-79.7884,35.6586],[-79.7874,35.6583],[-79.7875,35.6572],[-79.7865,35.6572],[-79.7865,35.6564],[-79.7855,35.6563],[-79.7854,35.6577],[-79.7861,35.6577],[-79.786,35.6596],[-79.7877,35.6609],[-79.791,35.6623],[-79.7888,35.6626],[-79.7885,35.6636]]]},"properties":{"OBJECTID":6364},"id":6364},
{"type":"Feature","geometry":{"type":"Polygon","coordinates":[[[-78.7918,35.6623],[-78.7905,35.6625],[-78.7906,35.6664],[-78.7917,35.6665],[-78.7918,35.6623]]]},"properties":{"OBJECTID":6365},"id":6365},
{"type":"Feature","geometry":{"type":"Polygon","coordinates":[[[-78.9241,35.8365],[-78.924,35.8389],[-78.9268,35.8389],[-78.9279,35.8353],[-78.9294,35.836],[-78.9311,35.8365],[-78.9343,35.8356],[-78.9359,35.8359],[-78.9377,35.8341],[-78.9351,35.8316],[-78.9328,35.8317],[-78.9312,35.831],[-78.9306,35.8324],[-78.9293,35.8318],[-78.9286,35.8329],[-78.9266,35.8329],[-78.9257,35.8335],[-78.9249,35.8353],[-78.9242,35.8356],[-78.9241,35.8365]]]},"properties":{"OBJECTID":6370},"id":6370},
{"type":"Feature","geometry":{"type":"Polygon","coordinates":[[[-80.8546,35.8508],[-80.8573,35.8507],[-80.8579,35.8501],[-80.8581,35.8489],[-80.8566,35.8488],[-80.855,35.8476],[-80.8545,35.847],[-80.8528,35.8469],[-80.8529,35.8484],[-80.8516,35.8474],[-80.8488,35.8474],[-80.8488,35.8496],[-80.8517,35.8505],[-80.8546,35.8508]]]},"properties":{"OBJECTID":6371},"id":6371},
{"type":"Feature","geometry":{"type":"Polygon","coordinates":[[[-80.8736,35.8324],[-80.8737,35.832],[-80.8729,35.832],[-80.8728,35.8323],[-80.8736,35.8324]]]},"properties":{"OBJECTID":6374},"id":6374},
{"type":"Feature","geometry":{"type":"Polygon","coordinates":[[[-81.2856,35.7717],[-81.2849,35.7723],[-81.2857,35.7727],[-81.2864,35.7721],[-81.2856,35.7717]]]},"properties":{"OBJECTID":6375},"id":6375},
{"type":"Feature","geometry":{"type":"Polygon","coordinates":[[[-80.5956,35.2983],[-80.5966,35.2979],[-80.5959,35.2967],[-80.5952,35.2975],[-80.5956,35.2983]]]},"properties":{"OBJECTID":6376},"id":6376},
{"type":"Feature","geometry":{"type":"Polygon","coordinates":[[[-78.415,35.6465],[-78.4139,35.6467],[-78.4102,35.6471],[-78.4137,35.649],[-78.4142,35.6543],[-78.415,35.6548],[-78.4161,35.6575],[-78.4209,35.654],[-78.4225,35.6525],[-78.4163,35.6484],[-78.415,35.6465]]]},"properties":{"OBJECTID":6385},"id":6385},
{"type":"Feature","geometry":{"type":"Polygon","coordinates":[[[-80.9432,35.804],[-80.9432,35.8044],[-80.944,35.8041],[-80.9439,35.8038],[-80.9432,35.804]]]},"properties":{"OBJECTID":6392},"id":6392},
{"type":"Feature","geometry":{"type":"Polygon","coordinates":[[[-80.8502,35.5611],[-80.8504,35.5611],[-80.8503,35.561],[-80.8502,35.5611]]]},"properties":{"OBJECTID":6396},"id":6396},
{"type":"Feature","geometry":{"type":"Polygon","coordinates":[[[-80.5576,35.3192],[-80.5589,35.3213],[-80.5608,35.3224],[-80.5599,35.3202],[-80.5602,35.3187],[-80.5611,35.3179],[-80.5626,35.3174],[-80.5641,35.3178],[-80.5648,35.3183],[-80.5672,35.3193],[-80.5679,35.3193],[-80.5689,35.3186],[-80.5683,35.3182],[-80.5677,35.3168],[-80.5669,35.316],[-80.566,35.3163],[-80.565,35.3172],[-80.5648,35.3161],[-80.5652,35.3144],[-80.5649,35.3138],[-80.5664,35.3128],[-80.5658,35.3116],[-80.5645,35.3123],[-80.5644,35.3114],[-80.5635,35.3086],[-80.5604,35.3099],[-80.5558,35.31],[-80.5532,35.311],[-80.553,35.3132],[-80.5543,35.3138],[-80.5547,35.3145],[-80.5534,35.3156],[-80.5576,35.3192]]]},"properties":{"OBJECTID":6400},"id":6400},
{"type":"Feature","geometry":{"type":"Polygon","coordinates":[[[-79.9651,35.6822],[-79.9649,35.6848],[-79.966,35.6856],[-79.9683,35.6835],[-79.9699,35.6814],[-79.9673,35.6808],[-79.9672,35.682],[-79.9652,35.6819],[-79.9651,35.6822]]]},"properties":{"OBJECTID":6401},"id":6401},
{"type":"Feature","geometry":{"type":"Polygon","coordinates":[[[-79.8289,35.77],[-79.8301,35.7725],[-79.8319,35.7726],[-79.8321,35.7685],[-79.8289,35.7686],[-79.8289,35.77]]]},"properties":{"OBJECTID":6402},"id":6402},
{"type":"Feature","geometry":{"type":"Polygon","coordinates":[[[-78.9284,35.6633],[-78.93,35.6634],[-78.93,35.6611],[-78.9286,35.661],[-78.9282,35.6615],[-78.9284,35.6633]]]},"properties":{"OBJECTID":6404},"id":6404},
{"type":"Feature","geometry":{"type":"Polygon","coordinates":[[[-80.5637,35.5036],[-80.5629,35.5044],[-80.5634,35.5065],[-80.5652,35.5093],[-80.5673,35.5093],[-80.5675,35.5076],[-80.567,35.507],[-80.5676,35.5063],[-80.5678,35.5038],[-80.5644,35.5032],[-80.5637,35.5036]]]},"properties":{"OBJECTID":6405},"id":6405},
{"type":"Feature","geometry":{"type":"Polygon","coordinates":[[[-82.1924,34.2297],[-82.1925,34.2356],[-82.1916,34.238],[-82.1899,34.2384],[-82.1889,34.239],[-82.1882,34.2363],[-82.1865,34.239],[-82.1845,34.2418],[-82.1863,34.2424],[-82.1868,34.2465],[-82.1914,34.2452],[-82.1939,34.2448],[-82.1925,34.2406],[-82.1918,34.2387],[-82.1919,34.2374],[-82.1925,34.2362],[-82.1926,34.2352],[-82.1926,34.2323],[-82.1924,34.2297]]]},"properties":{"OBJECTID":6407},"id":6407},
{"type":"Feature","geometry":{"type":"Polygon","coordinates":[[[-78.4808,35.672],[-78.4802,35.6728],[-78.4793,35.675],[-78.4818,35.6765],[-78.483,35.6736],[-78.4813,35.6731],[-78.4818,35.6721],[-78.4808,35.672]]]},"properties":{"OBJECTID":6411},"id":6411},
{"type":"Feature","geometry":{"type":"Polygon","coordinates":[[[-77.9483,35.8105],[-77.9475,35.8114],[-77.9457,35.8119],[-77.9467,35.8127],[-77.9498,35.8139],[-77.9499,35.8126],[-77.9492,35.8113],[-77.9483,35.8105]]]},"properties":{"OBJECTID":6413},"id":6413},
{"type":"Feature","geometry":{"type":"Polygon","coordinates":[[[-81.3773,35.7846],[-81.3775,35.7848],[-81.3819,35.7832],[-81.3854,35.7821],[-81.3855,35.7805],[-81.3868,35.7756],[-81.388,35.7748],[-81.389,35.7735],[-81.3893,35.7716],[-81.3897,35.7713],[-81.3868,35.7678],[-81.3861,35.7676],[-81.3837,35.7655],[-81.3836,35.7641],[-81.3875,35.7619],[-81.386,35.7604],[-81.3859,35.7593],[-81.3842,35.759],[-81.3826,35.7597],[-81.3822,35.7605],[-81.3813,35.7585],[-81.3804,35.7588],[-81.3783,35.7588],[-81.3782,35.7593],[-81.3805,35.7607],[-81.3802,35.7644],[-81.3807,35.7652],[-81.3794,35.7691],[-81.3785,35.7703],[-81.3785,35.7719],[-81.3782,35.7739],[-81.3745,35.7737],[-81.3726,35.7741],[-81.3759,35.7812],[-81.377,35.7848],[-81.3773,35.7846]]]},"properties":{"OBJECTID":6417},"id":6417},
{"type":"Feature","geometry":{"type":"Polygon","coordinates":[[[-81.3304,35.6689],[-81.3276,35.6706],[-81.3284,35.6718],[-81.3272,35.6726],[-81.3277,35.6734],[-81.3323,35.6708],[-81.3304,35.6689]]]},"properties":{"OBJECTID":6419},"id":6419},
{"type":"Feature","geometry":{"type":"Polygon","coordinates":[[[-80.7841,35.7766],[-80.7856,35.7768],[-80.79,35.7765],[-80.7956,35.7761],[-80.7959,35.7753],[-80.7961,35.771],[-80.7925,35.7708],[-80.7885,35.7714],[-80.7877,35.7683],[-80.7823,35.7682],[-80.7821,35.776],[-80.7841,35.7766]]]},"properties":{"OBJECTID":6425},"id":6425},
{"type":"Feature","geometry":{"type":"Polygon","coordinates":[[[-81.1149,35.1874],[-81.1173,35.1888],[-81.119,35.1873],[-81.1208,35.1887],[-81.1208,35.1879],[-81.1215,35.1872],[-81.122,35.1857],[-81.121,35.1855],[-81.1214,35.1842],[-81.1206,35.1832],[-81.1206,35.1807],[-81.1182,35.1806],[-81.1175,35.1796],[-81.1175,35.1779],[-81.1205,35.1778],[-81.1205,35.1743],[-81.1218,35.1745],[-81.1248,35.1733],[-81.1235,35.1731],[-81.1208,35.1724],[-81.1202,35.1706],[-81.1178,35.1707],[-81.1171,35.1719],[-81.1174,35.1724],[-81.1142,35.1736],[-81.1143,35.1746],[-81.1152,35.175],[-81.1147,35.1756],[-81.1136,35.1753],[-81.1132,35.1763],[-81.1112,35.1771],[-81.1105,35.1785],[-81.1101,35.1832],[-81.1133,35.184],[-81.1143,35.1871],[-81.1149,35.1874]],[[-81.1175,35.1746],[-81.1168,35.1751],[-81.1152,35.1742],[-81.1157,35.1735],[-81.1175,35.1746]]]},"properties":{"OBJECTID":6426},"id":6426},
{"type":"Feature","geometry":{"type":"Polygon","coordinates":[[[-78.9463,35.7922],[-78.9445,35.7936],[-78.945,35.7946],[-78.9463,35.7959],[-78.9492,35.7959],[-78.9495,35.7923],[-78.9463,35.7922]]]},"properties":{"OBJECTID":6431},"id":6431},
{"type":"Feature","geometry":{"type":"Polygon","coordinates":[[[-80.2654,35.8585],[-80.269,35.8593],[-80.2711,35.8595],[-80.2729,35.8557],[-80.2739,35.8537],[-80.2753,35.8519],[-80.2805,35.8461],[-80.2818,35.8436],[-80.2823,35.8411],[-80.2847,35.8195],[-80.2851,35.8165],[-80.2854,35.8153],[-80.2866,35.8125],[-80.2902,35.8067],[-80.2913,35.8047],[-80.2928,35.8012],[-80.2945,35.8011],[-80.2979,35.8004],[-80.3028,35.799],[-80.3071,35.7973],[-80.3114,35.7953],[-80.3139,35.794],[-80.315,35.7931],[-80.3168,35.7899],[-80.3185,35.7878],[-80.3241,35.7844],[-80.3282,35.7829],[-80.3305,35.7823],[-80.3294,35.7798],[-80.3279,35.7744],[-80.3273,35.773],[-80.3252,35.7687],[-80.3243,35.7665],[-80.3245,35.7656],[-80.3241,35.7638],[-80.3235,35.7624],[-80.3234,35.7602],[-80.3216,35.7591],[-80.3173,35.7572],[-80.3145,35.7564],[-80.3114,35.756],[-80.308,35.7589],[-80.307,35.7598],[-80.3029,35.7669],[-80.3013,35.77],[-80.3004,35.7721],[-80.2989,35.7764],[-80.2981,35.7759],[-80.2956,35.7761],[-80.2881,35.7763],[-80.28,35.7764],[-80.2799,35.7762],[-80.2749,35.7762],[-80.2737,35.7758],[-80.2665,35.7777],[-80.2666,35.7763],[-80.2631,35.7758],[-80.2608,35.7758],[-80.2617,35.7598],[-80.2469,35.7572],[-80.2424,35.7563],[-80.2389,35.7556],[-80.2366,35.7556],[-80.2362,35.7563],[-80.2371,35.7571],[-80.2391,35.7596],[-80.239,35.7615],[-80.2396,35.7635],[-80.2388,35.7643],[-80.2388,35.7654],[-80.2367,35.768],[-80.2358,35.7693],[-80.2353,35.7712],[-80.2362,35.773],[-80.2371,35.7739],[-80.2383,35.7746],[-80.24,35.775],[-80.242,35.7766],[-80.2426,35.7775],[-80.2424,35.7791],[-80.2419,35.7795],[-80.2393,35.7796],[-80.2387,35.7802],[-80.2382,35.7818],[-80.236,35.7832],[-80.2348,35.7843],[-80.2345,35.7849],[-80.2356,35.7874],[-80.2294,35.7893],[-80.2258,35.7908],[-80.2172,35.7954],[-80.2288,35.8101],[-80.2247,35.8107],[-80.2227,35.8116],[-80.2225,35.8127],[-80.2241,35.8137],[-80.2242,35.8149],[-80.2247,35.8155],[-80.2284,35.8174],[-80.2292,35.8185],[-80.2283,35.8193],[-80.2254,35.8194],[-80.2248,35.8218],[-80.2235,35.823],[-80.2214,35.8241],[-80.2196,35.8238],[-80.2185,35.8248],[-80.2187,35.8258],[-80.2202,35.8259],[-80.2223,35.8265],[-80.2226,35.8273],[-80.2217,35.8296],[-80.2227,35.8322],[-80.2226,35.8334],[-80.2232,35.8339],[-80.2242,35.8339],[-80.2257,35.833],[-80.2265,35.8329],[-80.2282,35.8343],[-80.2347,35.8386],[-80.237,35.8415],[-80.2392,35.8433],[-80.2391,35.8446],[-80.2434,35.8447],[-80.2484,35.8463],[-80.2498,35.8465],[-80.2518,35.8465],[-80.2535,35.8462],[-80.2539,35.8464],[-80.2538,35.848],[-80.2534,35.8497],[-80.2515,35.8545],[-80.2511,35.8567],[-80.2601,35.8578],[-80.2654,35.8585]]]},"properties":{"OBJECTID":6433},"id":6433},
{"type":"Feature","geometry":{"type":"Polygon","coordinates":[[[-79.8347,36.2095],[-79.8347,36.2105],[-79.8361,36.21],[-79.8357,36.2095],[-79.8347,36.2095]]]},"properties":{"OBJECTID":6435},"id":6435},
{"type":"Feature","geometry":{"type":"Polygon","coordinates":[[[-84.228,33.3219],[-84.2314,33.3227],[-84.2329,33.3239],[-84.2361,33.3272],[-84.238,33.3288],[-84.2399,33.3301],[-84.2413,33.3307],[-84.247,33.3328],[-84.2471,33.3318],[-84.247,33.3213],[-84.247,33.3193],[-84.2621,33.3192],[-84.2697,33.3192],[-84.2743,33.3193],[-84.2893,33.3192],[-84.3049,33.3193],[-84.3209,33.3193],[-84.3347,33.3194],[-84.3444,33.3197],[-84.3468,33.3204],[-84.3513,33.3183],[-84.3607,33.3134],[-84.3639,33.3117],[-84.3645,33.3116],[-84.3645,33.3083],[-84.3644,33.3045],[-84.3697,33.306],[-84.3721,33.3062],[-84.3758,33.3061],[-84.3786,33.3063],[-84.3839,33.3071],[-84.384,33.3048],[-84.3838,33.302],[-84.3838,33.2986],[-84.3836,33.2974],[-84.3823,33.2944],[-84.3823,33.2935],[-84.3838,33.2892],[-84.384,33.2876],[-84.3837,33.2863],[-84.3823,33.2841],[-84.382,33.2832],[-84.3817,33.2782],[-84.3824,33.2758],[-84.3821,33.2707],[-84.3825,33.2693],[-84.3859,33.2654],[-84.3866,33.2642],[-84.3879,33.2592],[-84.3883,33.2559],[-84.388,33.2543],[-84.3875,33.2488],[-84.387,33.2479],[-84.3833,33.2433],[-84.3822,33.2409],[-84.3704,33.2408],[-84.3568,33.2409],[-84.348,33.241],[-84.3449,33.2411],[-84.3442,33.2384],[-84.343,33.2367],[-84.3428,33.2352],[-84.3406,33.2336],[-84.3402,33.2321],[-84.341,33.2284],[-84.3418,33.2269],[-84.3414,33.2256],[-84.3415,33.224],[-84.3403,33.2226],[-84.3399,33.2212],[-84.34,33.2203],[-84.3379,33.2162],[-84.3368,33.2129],[-84.3365,33.2068],[-84.3352,33.207],[-84.3345,33.2059],[-84.3287,33.1993],[-84.3276,33.1983],[-84.3263,33.1975],[-84.3253,33.1973],[-84.3166,33.1971],[-84.2975,33.197],[-84.2906,33.197],[-84.288,33.198],[-84.2861,33.199],[-84.2777,33.1891],[-84.2682,33.1892],[-84.2481,33.1889],[-84.2273,33.1889],[-84.2264,33.1874],[-84.2241,33.1884],[-84.2223,33.1888],[-84.2149,33.1887],[-84.2122,33.1887],[-84.2107,33.1919],[-84.2069,33.1986],[-84.2036,33.204],[-84.202,33.2069],[-84.2011,33.2076],[-84.2001,33.2091],[-84.1994,33.2108],[-84.1985,33.2124],[-84.197,33.2139],[-84.1942,33.2156],[-84.1931,33.218],[-84.1916,33.2201],[-84.1911,33.2224],[-84.1909,33.226],[-84.191,33.2318],[-84.1909,33.2373],[-84.1906,33.2431],[-84.1906,33.2452],[-84.1904,33.2507],[-84.1899,33.2593],[-84.1898,33.2723],[-84.1897,33.2765],[-84.1896,33.2815],[-84.1895,33.2844],[-84.1895,33.2907],[-84.1899,33.2915],[-84.1897,33.2958],[-84.1897,33.3042],[-84.1895,33.307],[-84.1894,33.3116],[-84.1889,33.313],[-84.1987,33.3139],[-84.2009,33.314],[-84.2047,33.3145],[-84.2078,33.315],[-84.2094,33.315],[-84.2129,33.3138],[-84.2145,33.3139],[-84.2156,33.3149],[-84.2176,33.3173],[-84.2187,33.319],[-84.2203,33.3202],[-84.2245,33.3214],[-84.228,33.3219]]]},"properties":{"OBJECTID":6436},"id":6436},
{"type":"Feature","geometry":{"type":"Polygon","coordinates":[[[-81.0181,35.2185],[-81.0185,35.2193],[-81.0197,35.2183],[-81.0218,35.2183],[-81.0283,35.2173],[-81.0259,35.2147],[-81.0276,35.2081],[-81.0285,35.2077],[-81.0269,35.2057],[-81.025,35.207],[-81.0191,35.2088],[-81.0163,35.2084],[-81.0152,35.2097],[-81.0134,35.2097],[-81.0139,35.2114],[-81.0151,35.2138],[-81.0181,35.2185]]]},"properties":{"OBJECTID":6439},"id":6439},
{"type":"Feature","geometry":{"type":"Polygon","coordinates":[[[-80.5511,35.2537],[-80.5525,35.2534],[-80.5538,35.2529],[-80.5543,35.2494],[-80.5586,35.2495],[-80.5597,35.2505],[-80.5599,35.2494],[-80.5684,35.2493],[-80.5687,35.2513],[-80.5691,35.2513],[-80.569,35.2493],[-80.5723,35.2493],[-80.5717,35.2429],[-80.5703,35.2428],[-80.5679,35.2444],[-80.5678,35.2466],[-80.5668,35.2457],[-80.5661,35.2462],[-80.5668,35.2474],[-80.5647,35.2476],[-80.5654,35.2482],[-80.5648,35.2488],[-80.5623,35.2489],[-80.5622,35.2479],[-80.5611,35.2484],[-80.5591,35.2479],[-80.5577,35.2482],[-80.5577,35.2489],[-80.5529,35.2491],[-80.5532,35.2474],[-80.5514,35.2491],[-80.5497,35.2492],[-80.5504,35.2534],[-80.5511,35.2537]]]},"properties":{"OBJECTID":6440},"id":6440},
{"type":"Feature","geometry":{"type":"Polygon","coordinates":[[[-80.7146,35.4481],[-80.7149,35.4492],[-80.7158,35.4493],[-80.7153,35.4475],[-80.7146,35.4481]]]},"properties":{"OBJECTID":6442},"id":6442},
{"type":"Feature","geometry":{"type":"Polygon","coordinates":[[[-77.4456,35.571],[-77.445,35.5702],[-77.4439,35.5708],[-77.4443,35.5698],[-77.4454,35.5681],[-77.4453,35.5658],[-77.4458,35.5626],[-77.4464,35.5626],[-77.4469,35.5634],[-77.4469,35.5643],[-77.4505,35.5636],[-77.4506,35.563],[-77.4494,35.5626],[-77.4493,35.5613],[-77.4455,35.5611],[-77.4447,35.5588],[-77.4472,35.5583],[-77.4482,35.5599],[-77.4497,35.56],[-77.4562,35.56],[-77.4569,35.5634],[-77.4582,35.5636],[-77.4586,35.5628],[-77.4591,35.56],[-77.4588,35.5592],[-77.4566,35.5574],[-77.4557,35.5576],[-77.4527,35.5576],[-77.4511,35.5589],[-77.4495,35.5595],[-77.4486,35.5572],[-77.448,35.5563],[-77.4476,35.5541],[-77.4485,35.5527],[-77.4462,35.5518],[-77.4466,35.5513],[-77.444,35.5504],[-77.4478,35.5503],[-77.4476,35.5492],[-77.4497,35.5492],[-77.4487,35.547],[-77.4506,35.5464],[-77.4511,35.5437],[-77.4488,35.5434],[-77.4482,35.545],[-77.4467,35.5453],[-77.4437,35.5451],[-77.4432,35.5462],[-77.4437,35.5466],[-77.4443,35.5495],[-77.442,35.549],[-77.4422,35.5478],[-77.4391,35.5478],[-77.4343,35.5456],[-77.436,35.542],[-77.4343,35.5414],[-77.4354,35.5391],[-77.4348,35.5382],[-77.4318,35.5368],[-77.4299,35.5349],[-77.4284,35.5365],[-77.4271,35.5373],[-77.4262,35.5397],[-77.4247,35.5433],[-77.4253,35.5439],[-77.4301,35.5447],[-77.4311,35.5453],[-77.4303,35.5483],[-77.4263,35.5474],[-77.4218,35.5447],[-77.4205,35.5443],[-77.4181,35.5444],[-77.4151,35.5449],[-77.4131,35.5448],[-77.4138,35.5419],[-77.4201,35.5408],[-77.4194,35.5391],[-77.4144,35.5392],[-77.4146,35.5383],[-77.4189,35.5382],[-77.4187,35.537],[-77.4238,35.5383],[-77.4252,35.5361],[-77.4227,35.5347],[-77.4244,35.5342],[-77.4251,35.5335],[-77.4265,35.5341],[-77.428,35.5317],[-77.428,35.5301],[-77.4265,35.5299],[-77.4248,35.5315],[-77.4237,35.5333],[-77.4223,35.5338],[-77.4222,35.5345],[-77.4203,35.5334],[-77.4217,35.5324],[-77.4175,35.5328],[-77.4178,35.5323],[-77.418,35.5305],[-77.4165,35.5304],[-77.4159,35.5338],[-77.4151,35.5332],[-77.4134,35.5327],[-77.4143,35.532],[-77.4123,35.5309],[-77.4117,35.5307],[-77.4099,35.5314],[-77.4078,35.533],[-77.4083,35.528],[-77.4084,35.5276],[-77.4089,35.5236],[-77.4097,35.5215],[-77.4148,35.5138],[-77.4142,35.5135],[-77.4152,35.5121],[-77.4142,35.5121],[-77.414,35.5083],[-77.4147,35.5067],[-77.4165,35.5044],[-77.4168,35.5031],[-77.4166,35.5022],[-77.4152,35.501],[-77.4122,35.5001],[-77.4125,35.4993],[-77.4115,35.4991],[-77.4112,35.4998],[-77.409,35.4991],[-77.4095,35.4951],[-77.41,35.4939],[-77.4108,35.4897],[-77.4072,35.4876],[-77.4069,35.4886],[-77.404,35.4911],[-77.4022,35.4918],[-77.4029,35.4933],[-77.405,35.4977],[-77.4069,35.4985],[-77.4061,35.5001],[-77.4085,35.5005],[-77.4076,35.5044],[-77.407,35.5046],[-77.4048,35.5064],[-77.4033,35.5081],[-77.4053,35.509],[-77.4063,35.5088],[-77.4052,35.5121],[-77.4044,35.5125],[-77.3999,35.5116],[-77.3999,35.5132],[-77.3934,35.5131],[-77.3924,35.515],[-77.3923,35.5173],[-77.3887,35.5167],[-77.3875,35.5177],[-77.3885,35.5185],[-77.3854,35.5187],[-77.3845,35.5192],[-77.385,35.5205],[-77.3846,35.5248],[-77.38,35.5244],[-77.3797,35.5239],[-77.3806,35.522],[-77.3799,35.521],[-77.3774,35.5205],[-77.3775,35.5248],[-77.38,35.5245],[-77.3819,35.5247],[-77.3808,35.5261],[-77.3795,35.5255],[-77.3787,35.5266],[-77.3762,35.528],[-77.3741,35.5283],[-77.3729,35.5298],[-77.3706,35.5299],[-77.3703,35.5287],[-77.3689,35.5269],[-77.3614,35.5289],[-77.3592,35.5292],[-77.3489,35.5317],[-77.3492,35.5347],[-77.3496,35.5362],[-77.3509,35.5395],[-77.3517,35.5424],[-77.3516,35.5427],[-77.3456,35.5426],[-77.3456,35.5456],[-77.3454,35.551],[-77.3502,35.5511],[-77.35,35.5536],[-77.3511,35.5569],[-77.3449,35.5538],[-77.3453,35.5558],[-77.3433,35.5557],[-77.3423,35.5567],[-77.3418,35.5565],[-77.3401,35.559],[-77.339,35.5593],[-77.3327,35.5563],[-77.3285,35.5581],[-77.3276,35.5584],[-77.3238,35.5587],[-77.3231,35.5594],[-77.3229,35.5603],[-77.3221,35.5615],[-77.3233,35.5629],[-77.324,35.5644],[-77.3282,35.5721],[-77.3285,35.5729],[-77.3283,35.5738],[-77.3266,35.5736],[-77.327,35.5746],[-77.3243,35.5758],[-77.3234,35.5764],[-77.322,35.5754],[-77.3212,35.5741],[-77.3214,35.5733],[-77.3226,35.572],[-77.3229,35.5705],[-77.3206,35.5707],[-77.3191,35.5704],[-77.319,35.5683],[-77.3179,35.5675],[-77.3169,35.568],[-77.3179,35.5688],[-77.3179,35.571],[-77.3147,35.571],[-77.3147,35.5719],[-77.3095,35.5719],[-77.3096,35.5724],[-77.3114,35.5738],[-77.3154,35.5735],[-77.3134,35.5753],[-77.3143,35.5763],[-77.3156,35.58],[-77.3139,35.5806],[-77.3089,35.5798],[-77.3095,35.5785],[-77.3107,35.5782],[-77.3083,35.5769],[-77.3071,35.5795],[-77.3049,35.5791],[-77.3047,35.5811],[-77.3014,35.5807],[-77.2972,35.5806],[-77.293,35.5817],[-77.2902,35.5832],[-77.2882,35.5837],[-77.2781,35.5839],[-77.2764,35.584],[-77.2753,35.5845],[-77.2679,35.5879],[-77.265,35.6251],[-77.2689,35.6257],[-77.2706,35.6258],[-77.2948,35.6259],[-77.3216,35.6259],[-77.3293,35.6258],[-77.33,35.6331],[-77.3305,35.635],[-77.3314,35.6363],[-77.3353,35.6405],[-77.3437,35.6493],[-77.3471,35.653],[-77.3473,35.6533],[-77.356,35.6879],[-77.3578,35.6867],[-77.3637,35.6816],[-77.3649,35.6803],[-77.3642,35.6764],[-77.3654,35.676],[-77.3662,35.6755],[-77.3666,35.6739],[-77.3677,35.6729],[-77.3703,35.6744],[-77.372,35.6715],[-77.3729,35.6707],[-77.3765,35.6687],[-77.3771,35.6682],[-77.3807,35.6626],[-77.3929,35.6653],[-77.3963,35.6656],[-77.399,35.6656],[-77.4024,35.6651],[-77.4061,35.6639],[-77.409,35.6624],[-77.4107,35.6613],[-77.4131,35.659],[-77.4149,35.6565],[-77.4215,35.6468],[-77.425,35.6474],[-77.4276,35.6482],[-77.4312,35.6495],[-77.4372,35.6502],[-77.4397,35.6498],[-77.4425,35.6502],[-77.4466,35.6504],[-77.4468,35.6496],[-77.4462,35.6488],[-77.4468,35.6479],[-77.4478,35.6472],[-77.4494,35.647],[-77.4495,35.6465],[-77.4512,35.6455],[-77.4516,35.645],[-77.4543,35.6431],[-77.4538,35.642],[-77.455,35.641],[-77.456,35.6422],[-77.4574,35.6407],[-77.4579,35.6399],[-77.4587,35.6395],[-77.4611,35.6375],[-77.4622,35.6359],[-77.4635,35.6351],[-77.4674,35.6349],[-77.4685,35.6346],[-77.4737,35.6338],[-77.4741,35.631],[-77.4748,35.6307],[-77.4755,35.625],[-77.4756,35.6198],[-77.4742,35.6197],[-77.4731,35.6209],[-77.471,35.6216],[-77.4704,35.6212],[-77.4683,35.6207],[-77.4661,35.6205],[-77.4652,35.6202],[-77.4646,35.629],[-77.4543,35.6288],[-77.4542,35.6324],[-77.4525,35.6341],[-77.4518,35.6345],[-77.45,35.6365],[-77.4487,35.6351],[-77.4458,35.6333],[-77.4413,35.6379],[-77.4335,35.6492],[-77.4296,35.6482],[-77.4283,35.6476],[-77.4376,35.6343],[-77.4357,35.6333],[-77.4376,35.6309],[-77.439,35.6312],[-77.4393,35.6307],[-77.4417,35.6314],[-77.4451,35.6328],[-77.4498,35.625],[-77.4506,35.6236],[-77.4506,35.6225],[-77.4502,35.6215],[-77.448,35.6134],[-77.4474,35.6125],[-77.4458,35.6112],[-77.4438,35.6104],[-77.4423,35.5998],[-77.4424,35.5997],[-77.4426,35.5946],[-77.4418,35.5945],[-77.4414,35.589],[-77.4408,35.588],[-77.4413,35.5864],[-77.4377,35.5865],[-77.438,35.5851],[-77.4444,35.585],[-77.4451,35.5851],[-77.4456,35.5841],[-77.4336,35.5843],[-77.4339,35.5823],[-77.4349,35.5823],[-77.4349,35.5831],[-77.4409,35.583],[-77.4409,35.5822],[-77.4436,35.5822],[-77.4436,35.5812],[-77.4403,35.5814],[-77.441,35.5805],[-77.4463,35.5809],[-77.446,35.5846],[-77.4512,35.5843],[-77.4512,35.5823],[-77.4478,35.5824],[-77.4478,35.577],[-77.4464,35.576],[-77.4454,35.5774],[-77.4459,35.5785],[-77.4435,35.5784],[-77.4417,35.5772],[-77.4417,35.5757],[-77.4408,35.575],[-77.4401,35.5753],[-77.4394,35.574],[-77.4379,35.5746],[-77.4378,35.5791],[-77.4387,35.5793],[-77.4409,35.5788],[-77.4464,35.5788],[-77.4464,35.5794],[-77.4411,35.5798],[-77.4336,35.5798],[-77.433,35.5786],[-77.4349,35.5787],[-77.4343,35.5772],[-77.4331,35.5776],[-77.4325,35.5765],[-77.4403,35.5736],[-77.4456,35.571]],[[-77.3494,35.564],[-77.3489,35.5642],[-77.3477,35.5635],[-77.3456,35.5624],[-77.3461,35.562],[-77.3472,35.5602],[-77.3503,35.5616],[-77.3497,35.5638],[-77.3494,35.564]],[[-77.3437,35.5608],[-77.3465,35.5611],[-77.3454,35.5623],[-77.3428,35.5611],[-77.3437,35.5608]],[[-77.3418,35.5607],[-77.3402,35.5598],[-77.3406,35.5592],[-77.3419,35.5597],[-77.3434,35.5591],[-77.3443,35.5591],[-77.3443,35.5581],[-77.3449,35.5573],[-77.3456,35.5573],[-77.3461,35.5598],[-77.3424,35.5598],[-77.3418,35.5607]],[[-77.3419,35.5593],[-77.3419,35.5583],[-77.3428,35.5581],[-77.3436,35.5585],[-77.3425,35.5593],[-77.3419,35.5593]],[[-77.4444,35.5514],[-77.4455,35.5519],[-77.4455,35.5538],[-77.4447,35.5556],[-77.4439,35.556],[-77.4433,35.5529],[-77.4432,35.551],[-77.4444,35.5514]],[[-77.3732,35.5408],[-77.3727,35.5409],[-77.3723,35.5394],[-77.3718,35.5386],[-77.3721,35.5381],[-77.3732,35.5408]],[[-77.371,35.5353],[-77.3703,35.5349],[-77.3704,35.5333],[-77.3712,35.5332],[-77.371,35.5353]],[[-77.4245,35.6465],[-77.4221,35.6459],[-77.4293,35.6352],[-77.4309,35.6328],[-77.432,35.6318],[-77.4338,35.6306],[-77.4347,35.6295],[-77.4376,35.6303],[-77.4355,35.6331],[-77.4342,35.6329],[-77.4336,35.6337],[-77.4337,35.6343],[-77.4326,35.6357],[-77.4329,35.6365],[-77.425,35.6464],[-77.4245,35.6465]]]},"properties":{"OBJECTID":6443},"id":6443},
{"type":"Feature","geometry":{"type":"Polygon","coordinates":[[[-82.4786,36.5956],[-82.4815,36.5957],[-82.4872,36.5958],[-82.4932,36.5956],[-82.4972,36.5955],[-82.5052,36.5954],[-82.5092,36.5954],[-82.5278,36.5952],[-82.5597,36.5948],[-82.562,36.5948],[-82.5738,36.5945],[-82.5881,36.5944],[-82.5968,36.5942],[-82.6091,36.5941],[-82.6071,36.5913],[-82.6054,36.5884],[-82.6041,36.5845],[-82.6034,36.5835],[-82.6023,36.581],[-82.6005,36.5788],[-82.6,36.5775],[-82.6,36.5765],[-82.6015,36.5752],[-82.605,36.5742],[-82.6068,36.5724],[-82.6078,36.5718],[-82.6087,36.5717],[-82.6101,36.5727],[-82.6111,36.5746],[-82.6125,36.5784],[-82.6135,36.5793],[-82.6148,36.5798],[-82.6159,36.5798],[-82.6165,36.5792],[-82.6169,36.5764],[-82.6177,36.573],[-82.6177,36.5708],[-82.6169,36.5688],[-82.6142,36.5658],[-82.6155,36.566],[-82.617,36.567],[-82.6184,36.5675],[-82.6218,36.5667],[-82.6253,36.5668],[-82.6293,36.5663],[-82.6302,36.5666],[-82.6316,36.5678],[-82.6376,36.5671],[-82.6401,36.5686],[-82.6424,36.5681],[-82.6443,36.5668],[-82.6459,36.5659],[-82.6472,36.5664],[-82.6478,36.5644],[-82.6473,36.5615],[-82.6478,36.5609],[-82.6468,36.5581],[-82.6436,36.559],[-82.6436,36.5567],[-82.6432,36.555],[-82.6409,36.5492],[-82.6404,36.547],[-82.6278,36.5493],[-82.6287,36.5484],[-82.6288,36.5474],[-82.6282,36.5454],[-82.6278,36.545],[-82.6256,36.5449],[-82.6254,36.5432],[-82.6186,36.539],[-82.6151,36.538],[-82.6127,36.5379],[-82.6127,36.5373],[-82.6112,36.5344],[-82.6107,36.528],[-82.6108,36.5274],[-82.6102,36.5193],[-82.6135,36.5183],[-82.6152,36.5176],[-82.6163,36.5168],[-82.6183,36.5159],[-82.621,36.5159],[-82.6222,36.5151],[-82.6249,36.5151],[-82.6263,36.5145],[-82.6272,36.5138],[-82.6301,36.5123],[-82.634,36.5118],[-82.635,36.511],[-82.6341,36.509],[-82.6329,36.5079],[-82.6411,36.5057],[-82.6435,36.5085],[-82.644,36.5079],[-82.6458,36.5053],[-82.6479,36.5026],[-82.649,36.5024],[-82.6508,36.503],[-82.6527,36.5031],[-82.6539,36.5029],[-82.657,36.5015],[-82.6621,36.4987],[-82.6638,36.4973],[-82.6651,36.4965],[-82.6671,36.4965],[-82.6677,36.4959],[-82.6688,36.4956],[-82.6707,36.4943],[-82.674,36.4904],[-82.6708,36.4867],[-82.6707,36.486],[-82.6684,36.4831],[-82.6704,36.4805],[-82.6721,36.4786],[-82.6716,36.4781],[-82.6611,36.484],[-82.6607,36.4849],[-82.6613,36.4861],[-82.6606,36.4866],[-82.6608,36.4873],[-82.6574,36.4891],[-82.6527,36.4828],[-82.6514,36.4811],[-82.6493,36.4818],[-82.6483,36.4819],[-82.6476,36.4829],[-82.6457,36.4836],[-82.6437,36.4849],[-82.64,36.4865],[-82.6381,36.4886],[-82.6362,36.4879],[-82.6309,36.4922],[-82.6269,36.4923],[-82.6235,36.4942],[-82.6242,36.4955],[-82.6205,36.4955],[-82.6173,36.4941],[-82.6167,36.4936],[-82.6164,36.4924],[-82.6144,36.4913],[-82.6116,36.4881],[-82.6122,36.4865],[-82.614,36.4844],[-82.6146,36.4833],[-82.612,36.4814],[-82.6101,36.4802],[-82.609,36.4803],[-82.6065,36.4781],[-82.6049,36.4757],[-82.6028,36.4755],[-82.6018,36.474],[-82.6022,36.4727],[-82.5976,36.4705],[-82.596,36.4693],[-82.5934,36.4684],[-82.5921,36.4683],[-82.5882,36.4667],[-82.5865,36.4669],[-82.5852,36.4633],[-82.5846,36.463],[-82.5796,36.4628],[-82.5756,36.4604],[-82.5747,36.4597],[-82.5732,36.4599],[-82.569,36.4598],[-82.5698,36.4589],[-82.5716,36.4587],[-82.5717,36.4576],[-82.5725,36.4575],[-82.5725,36.4563],[-82.5757,36.4563],[-82.576,36.4556],[-82.5733,36.4549],[-82.5739,36.4533],[-82.575,36.4523],[-82.574,36.4521],[-82.5702,36.4494],[-82.5699,36.4486],[-82.5712,36.4477],[-82.5726,36.4464],[-82.5719,36.4459],[-82.5729,36.4445],[-82.5751,36.4425],[-82.5759,36.4411],[-82.5746,36.4404],[-82.5752,36.4399],[-82.5747,36.4382],[-82.5758,36.4373],[-82.5741,36.4355],[-82.5728,36.4361],[-82.5706,36.4365],[-82.5705,36.4389],[-82.5686,36.4391],[-82.5623,36.4346],[-82.5588,36.4378],[-82.5555,36.4409],[-82.5531,36.4421],[-82.5512,36.4421],[-82.551,36.4407],[-82.5445,36.4404],[-82.5431,36.439],[-82.5399,36.4386],[-82.5379,36.4399],[-82.5366,36.4389],[-82.5354,36.4399],[-82.5344,36.4401],[-82.5306,36.4395],[-82.5333,36.4346],[-82.5291,36.4338],[-82.528,36.4349],[-82.526,36.4339],[-82.5233,36.4343],[-82.5233,36.4333],[-82.5223,36.4334],[-82.521,36.4327],[-82.5198,36.4314],[-82.5162,36.4271],[-82.5139,36.4253],[-82.5111,36.424],[-82.5091,36.4236],[-82.5076,36.423],[-82.504,36.4206],[-82.502,36.4197],[-82.4959,36.4183],[-82.4934,36.4173],[-82.4919,36.4164],[-82.4884,36.414],[-82.4848,36.4114],[-82.4851,36.4104],[-82.4874,36.4098],[-82.4873,36.408],[-82.484,36.4079],[-82.4839,36.4045],[-82.4844,36.3998],[-82.4866,36.3999],[-82.4868,36.3994],[-82.4899,36.3995],[-82.49,36.3984],[-82.4934,36.3986],[-82.4937,36.3966],[-82.4928,36.3965],[-82.4932,36.3944],[-82.4936,36.3944],[-82.4939,36.3929],[-82.4927,36.393],[-82.4893,36.3942],[-82.4915,36.3944],[-82.4892,36.3959],[-82.4873,36.397],[-82.4822,36.3956],[-82.4825,36.3964],[-82.4821,36.3983],[-82.4845,36.3984],[-82.4836,36.3996],[-82.4806,36.3995],[-82.4805,36.4006],[-82.4799,36.4012],[-82.479,36.4013],[-82.4775,36.4031],[-82.4762,36.403],[-82.476,36.4042],[-82.473,36.4039],[-82.4714,36.4035],[-82.465,36.4001],[-82.4583,36.3955],[-82.4566,36.3948],[-82.4539,36.3945],[-82.4528,36.3941],[-82.4518,36.3945],[-82.4497,36.3941],[-82.4453,36.3911],[-82.445,36.3903],[-82.4442,36.3902],[-82.4401,36.3874],[-82.4377,36.3863],[-82.4371,36.3859],[-82.4388,36.3841],[-82.4378,36.3834],[-82.438,36.3819],[-82.4393,36.3789],[-82.442,36.3767],[-82.4426,36.3758],[-82.444,36.3749],[-82.4465,36.3741],[-82.4491,36.3724],[-82.456,36.3663],[-82.46,36.3669],[-82.4607,36.3664],[-82.4634,36.3632],[-82.4651,36.3621],[-82.4664,36.3611],[-82.4673,36.3616],[-82.4686,36.3616],[-82.4692,36.361],[-82.4676,36.3601],[-82.4692,36.3585],[-82.4742,36.3615],[-82.4776,36.3575],[-82.4756,36.3561],[-82.4774,36.3547],[-82.4759,36.3538],[-82.4771,36.3525],[-82.4761,36.3519],[-82.4748,36.3533],[-82.4737,36.3526],[-82.4719,36.3539],[-82.4713,36.3535],[-82.4698,36.3549],[-82.4686,36.3537],[-82.4707,36.3518],[-82.4719,36.3505],[-82.4727,36.3491],[-82.4738,36.3481],[-82.4722,36.3462],[-82.4717,36.3449],[-82.4719,36.3437],[-82.4716,36.3424],[-82.4704,36.3401],[-82.47,36.3398],[-82.4699,36.3368],[-82.4679,36.3328],[-82.4681,36.3307],[-82.4676,36.3287],[-82.4681,36.3271],[-82.4671,36.3255],[-82.4645,36.3244],[-82.4669,36.3155],[-82.4689,36.3122],[-82.4699,36.3078],[-82.4694,36.3065],[-82.4669,36.3046],[-82.4663,36.3036],[-82.4663,36.3025],[-82.4708,36.2969],[-82.4717,36.2955],[-82.4713,36.2945],[-82.4686,36.2937],[-82.4674,36.2931],[-82.4659,36.2926],[-82.4641,36.2915],[-82.4636,36.2902],[-82.462,36.2898],[-82.459,36.2897],[-82.4567,36.288],[-82.4528,36.2855],[-82.4502,36.2843],[-82.4488,36.2832],[-82.446,36.2816],[-82.4438,36.2799],[-82.4423,36.2791],[-82.441,36.2773],[-82.4391,36.2757],[-82.4385,36.2744],[-82.437,36.2727],[-82.4362,36.2701],[-82.4348,36.269],[-82.4325,36.268],[-82.4298,36.2646],[-82.4279,36.2633],[-82.4267,36.2621],[-82.4257,36.2607],[-82.4211,36.2641],[-82.4204,36.2637],[-82.4183,36.2605],[-82.4169,36.2594],[-82.4146,36.259],[-82.4131,36.2575],[-82.4111,36.2587],[-82.4096,36.2599],[-82.4061,36.2593],[-82.4039,36.26],[-82.403,36.26],[-82.4017,36.2594],[-82.4003,36.2597],[-82.3992,36.2591],[-82.3934,36.2633],[-82.3904,36.2653],[-82.39,36.2673],[-82.3873,36.2678],[-82.387,36.2707],[-82.3865,36.2728],[-82.3856,36.2732],[-82.3844,36.2743],[-82.3813,36.2714],[-82.3817,36.2702],[-82.381,36.2692],[-82.3683,36.2695],[-82.3685,36.2686],[-82.3682,36.2669],[-82.3675,36.2663],[-82.3656,36.2633],[-82.3422,36.2624],[-82.3402,36.2596],[-82.3392,36.2587],[-82.34,36.2568],[-82.341,36.2548],[-82.3409,36.2532],[-82.3401,36.2526],[-82.3376,36.2534],[-82.3352,36.2535],[-82.3276,36.2569],[-82.3196,36.2607],[-82.3129,36.259],[-82.3048,36.257],[-82.3062,36.2596],[-82.3082,36.261],[-82.3093,36.2611],[-82.3104,36.2604],[-82.3137,36.2615],[-82.3128,36.2629],[-82.3146,36.2641],[-82.3147,36.2651],[-82.3178,36.2656],[-82.3179,36.2688],[-82.3185,36.2718],[-82.3184,36.2734],[-82.316,36.2738],[-82.3138,36.2748],[-82.3118,36.2754],[-82.31,36.277],[-82.3095,36.2782],[-82.309,36.2813],[-82.3083,36.2837],[-82.3061,36.2881],[-82.3048,36.2916],[-82.3031,36.2932],[-82.302,36.2953],[-82.3009,36.2964],[-82.3007,36.2972],[-82.3016,36.2981],[-82.3059,36.2978],[-82.313,36.2969],[-82.3142,36.2972],[-82.3172,36.2987],[-82.3182,36.3003],[-82.3194,36.3024],[-82.3206,36.3051],[-82.3212,36.3061],[-82.3219,36.3063],[-82.3197,36.3127],[-82.3137,36.313],[-82.3117,36.3132],[-82.306,36.3149],[-82.305,36.3151],[-82.3044,36.3145],[-82.3032,36.3153],[-82.3039,36.3161],[-82.3063,36.3156],[-82.3118,36.314],[-82.3135,36.3139],[-82.3151,36.3139],[-82.3193,36.3138],[-82.3182,36.317],[-82.3162,36.3187],[-82.3177,36.3186],[-82.3121,36.3348],[-82.3109,36.3384],[-82.3073,36.3486],[-82.3061,36.3524],[-82.3044,36.3509],[-82.3022,36.3506],[-82.3015,36.349],[-82.2986,36.3476],[-82.2971,36.3474],[-82.294,36.3472],[-82.2924,36.3481],[-82.2911,36.3467],[-82.2899,36.3458],[-82.2897,36.3452],[-82.2908,36.3442],[-82.2907,36.3429],[-82.2912,36.3418],[-82.2889,36.3426],[-82.2849,36.343],[-82.2827,36.3446],[-82.2829,36.3457],[-82.2848,36.3448],[-82.2867,36.345],[-82.2874,36.3464],[-82.2877,36.3479],[-82.2875,36.3493],[-82.2868,36.3512],[-82.2869,36.353],[-82.2858,36.3546],[-82.2843,36.356],[-82.2836,36.358],[-82.2852,36.3593],[-82.2871,36.3596],[-82.2891,36.3584],[-82.2904,36.358],[-82.2924,36.3581],[-82.2938,36.3593],[-82.2944,36.3616],[-82.2955,36.3637],[-82.2957,36.3653],[-82.297,36.3678],[-82.299,36.3709],[-82.3003,36.372],[-82.3026,36.3728],[-82.308,36.374],[-82.3104,36.3744],[-82.3127,36.3741],[-82.3146,36.3741],[-82.3163,36.3747],[-82.3179,36.3758],[-82.3199,36.3774],[-82.3218,36.3755],[-82.3205,36.374],[-82.3189,36.3729],[-82.3192,36.3725],[-82.316,36.3699],[-82.3229,36.3649],[-82.3359,36.3556],[-82.3356,36.3544],[-82.3431,36.3532],[-82.3432,36.352],[-82.3449,36.3526],[-82.3483,36.3529],[-82.3512,36.353],[-82.3526,36.3533],[-82.3525,36.3546],[-82.3546,36.3546],[-82.3569,36.355],[-82.3596,36.3561],[-82.3578,36.3588],[-82.3542,36.3648],[-82.3517,36.3638],[-82.3505,36.3657],[-82.3536,36.3667],[-82.3549,36.3668],[-82.354,36.3681],[-82.3543,36.369],[-82.3523,36.3696],[-82.3532,36.3707],[-82.3564,36.3685],[-82.3576,36.3687],[-82.3592,36.3667],[-82.3603,36.3674],[-82.3607,36.3683],[-82.3634,36.3664],[-82.3659,36.3696],[-82.3643,36.369],[-82.3628,36.3705],[-82.3645,36.3707],[-82.3663,36.372],[-82.3674,36.371],[-82.3685,36.3718],[-82.3673,36.3727],[-82.3698,36.3752],[-82.3682,36.3766],[-82.3683,36.3771],[-82.3651,36.3746],[-82.3635,36.3757],[-82.367,36.378],[-82.366,36.379],[-82.3649,36.3785],[-82.3639,36.3774],[-82.3622,36.3765],[-82.3582,36.3773],[-82.3592,36.3782],[-82.3591,36.3788],[-82.358,36.3789],[-82.3602,36.3807],[-82.359,36.3814],[-82.3613,36.3829],[-82.3621,36.3837],[-82.362,36.3843],[-82.3572,36.3866],[-82.3562,36.3881],[-82.3538,36.3868],[-82.3523,36.3886],[-82.351,36.3883],[-82.3506,36.3907],[-82.351,36.3909],[-82.3512,36.3926],[-82.3498,36.395],[-82.354,36.3971],[-82.3513,36.3988],[-82.3497,36.3996],[-82.3471,36.3973],[-82.3464,36.3976],[-82.3463,36.3989],[-82.3481,36.4012],[-82.3463,36.4024],[-82.3459,36.402],[-82.3445,36.4027],[-82.3452,36.4032],[-82.3405,36.4065],[-82.337,36.4033],[-82.3337,36.4047],[-82.3309,36.4062],[-82.333,36.4085],[-82.3318,36.4093],[-82.3336,36.4114],[-82.3318,36.4125],[-82.3284,36.4151],[-82.3268,36.4161],[-82.3237,36.4194],[-82.3243,36.4194],[-82.3179,36.4249],[-82.3157,36.4236],[-82.3146,36.425],[-82.315,36.426],[-82.3169,36.4272],[-82.3179,36.429],[-82.3189,36.4283],[-82.3215,36.425],[-82.3231,36.4241],[-82.3252,36.4232],[-82.3263,36.4225],[-82.3249,36.4219],[-82.326,36.4194],[-82.3261,36.4183],[-82.3279,36.4165],[-82.3317,36.4136],[-82.3325,36.4144],[-82.3342,36.4145],[-82.3327,36.4129],[-82.3419,36.4064],[-82.3449,36.4044],[-82.3461,36.4044],[-82.3481,36.4063],[-82.3494,36.4054],[-82.3503,36.4064],[-82.3516,36.4055],[-82.3506,36.4046],[-82.3518,36.4037],[-82.3508,36.4028],[-82.3519,36.4019],[-82.3587,36.4023],[-82.3578,36.4028],[-82.357,36.4028],[-82.3549,36.4052],[-82.3538,36.4046],[-82.3522,36.4064],[-82.3534,36.407],[-82.3518,36.4082],[-82.3547,36.4093],[-82.3557,36.4092],[-82.3567,36.4082],[-82.3586,36.4071],[-82.3599,36.4077],[-82.3579,36.4088],[-82.359,36.4095],[-82.3608,36.4097],[-82.3617,36.4104],[-82.3628,36.4102],[-82.3637,36.4095],[-82.3629,36.4089],[-82.3615,36.4092],[-82.3604,36.4083],[-82.3623,36.4073],[-82.3615,36.4066],[-82.3598,36.4075],[-82.359,36.407],[-82.3603,36.4057],[-82.3603,36.4049],[-82.3615,36.4041],[-82.3611,36.4029],[-82.3602,36.4024],[-82.3687,36.403],[-82.3707,36.4019],[-82.3725,36.3998],[-82.3746,36.3991],[-82.3748,36.3984],[-82.3803,36.3954],[-82.3819,36.3944],[-82.3833,36.3932],[-82.3848,36.3923],[-82.3861,36.392],[-82.3869,36.3923],[-82.3877,36.3938],[-82.3877,36.3958],[-82.3872,36.3973],[-82.3865,36.3982],[-82.3833,36.3998],[-82.3818,36.4014],[-82.3805,36.4024],[-82.379,36.4041],[-82.3761,36.4058],[-82.3753,36.407],[-82.376,36.4078],[-82.377,36.4083],[-82.3803,36.4092],[-82.3818,36.4099],[-82.3828,36.411],[-82.3828,36.4116],[-82.3795,36.4151],[-82.3748,36.4181],[-82.3737,36.4193],[-82.3739,36.4201],[-82.3748,36.4212],[-82.3764,36.4211],[-82.3772,36.4205],[-82.379,36.4185],[-82.3807,36.418],[-82.3827,36.4182],[-82.3844,36.4188],[-82.3867,36.4169],[-82.3863,36.4154],[-82.3885,36.4138],[-82.3891,36.4123],[-82.3887,36.4119],[-82.3899,36.4097],[-82.3932,36.405],[-82.3957,36.4028],[-82.397,36.4048],[-82.3986,36.4084],[-82.4004,36.4109],[-82.3952,36.411],[-82.3995,36.4138],[-82.3999,36.4134],[-82.4012,36.4142],[-82.4027,36.4144],[-82.4,36.4165],[-82.3978,36.4187],[-82.3946,36.4171],[-82.3928,36.4192],[-82.3902,36.4208],[-82.3892,36.4219],[-82.3907,36.4238],[-82.3904,36.4257],[-82.3907,36.4262],[-82.3904,36.4276],[-82.3899,36.4284],[-82.3908,36.4292],[-82.3927,36.4295],[-82.3942,36.4288],[-82.3945,36.4269],[-82.3936,36.4272],[-82.393,36.4263],[-82.3947,36.4263],[-82.3957,36.4251],[-82.3965,36.4232],[-82.3973,36.4223],[-82.3989,36.4216],[-82.4006,36.4217],[-82.403,36.4214],[-82.4024,36.421],[-82.3979,36.4187],[-82.3992,36.4175],[-82.4013,36.4188],[-82.4025,36.419],[-82.4032,36.4186],[-82.4038,36.4195],[-82.405,36.4199],[-82.4068,36.42],[-82.4076,36.4206],[-82.4087,36.4199],[-82.41,36.421],[-82.4107,36.421],[-82.409,36.4233],[-82.4088,36.4254],[-82.4096,36.4253],[-82.4121,36.423],[-82.4104,36.4223],[-82.4103,36.4218],[-82.411,36.4209],[-82.4102,36.421],[-82.409,36.4199],[-82.4071,36.42],[-82.4051,36.4198],[-82.4039,36.4194],[-82.4032,36.4185],[-82.4024,36.4189],[-82.4013,36.4187],[-82.3992,36.4174],[-82.4,36.4166],[-82.403,36.4144],[-82.4072,36.4125],[-82.4084,36.4115],[-82.409,36.4101],[-82.4116,36.406],[-82.4139,36.4048],[-82.415,36.403],[-82.417,36.4048],[-82.4214,36.4089],[-82.4205,36.4107],[-82.4204,36.4113],[-82.4184,36.4098],[-82.4175,36.4101],[-82.4167,36.4084],[-82.4155,36.407],[-82.4163,36.4065],[-82.4157,36.4056],[-82.415,36.4057],[-82.4141,36.4075],[-82.4113,36.4103],[-82.4124,36.4107],[-82.4139,36.4119],[-82.4116,36.4135],[-82.4132,36.4149],[-82.4129,36.4159],[-82.4144,36.4165],[-82.4147,36.4171],[-82.4162,36.4153],[-82.4177,36.4157],[-82.418,36.415],[-82.4203,36.4132],[-82.4206,36.4108],[-82.4216,36.4088],[-82.4174,36.4048],[-82.4153,36.4027],[-82.4148,36.4016],[-82.4167,36.4018],[-82.4172,36.4005],[-82.4188,36.3998],[-82.4197,36.4001],[-82.4208,36.3993],[-82.4215,36.3981],[-82.4212,36.3971],[-82.4229,36.3955],[-82.4256,36.3934],[-82.4262,36.3921],[-82.4271,36.3927],[-82.4287,36.3932],[-82.4314,36.3949],[-82.4316,36.3959],[-82.4303,36.3972],[-82.4265,36.4027],[-82.4266,36.4034],[-82.4283,36.404],[-82.4283,36.405],[-82.426,36.405],[-82.4251,36.4058],[-82.4248,36.4074],[-82.4262,36.4078],[-82.4297,36.4072],[-82.4308,36.4086],[-82.4292,36.4101],[-82.4298,36.4113],[-82.4316,36.4117],[-82.4309,36.4139],[-82.432,36.4139],[-82.4326,36.4117],[-82.4335,36.4119],[-82.4339,36.4093],[-82.4335,36.4077],[-82.4338,36.4066],[-82.431,36.4041],[-82.4317,36.3997],[-82.4325,36.3999],[-82.4334,36.3986],[-82.433,36.3982],[-82.4338,36.3974],[-82.4317,36.3951],[-82.4293,36.3935],[-82.4315,36.3917],[-82.4299,36.39],[-82.4272,36.3927],[-82.4263,36.392],[-82.4263,36.3913],[-82.4272,36.3905],[-82.4289,36.3898],[-82.4301,36.3884],[-82.4322,36.388],[-82.4341,36.3864],[-82.4377,36.3874],[-82.4393,36.388],[-82.4452,36.3921],[-82.4453,36.3927],[-82.4471,36.3943],[-82.4529,36.3957],[-82.4537,36.3953],[-82.4562,36.3955],[-82.4579,36.3963],[-82.4616,36.3989],[-82.4634,36.4001],[-82.4645,36.401],[-82.4734,36.4054],[-82.4743,36.4061],[-82.4758,36.4081],[-82.4737,36.4079],[-82.4735,36.4089],[-82.4725,36.4089],[-82.4723,36.41],[-82.4741,36.4102],[-82.4729,36.4113],[-82.4724,36.4105],[-82.4707,36.4088],[-82.4696,36.409],[-82.4691,36.4106],[-82.4716,36.4108],[-82.4724,36.4119],[-82.4714,36.4127],[-82.4686,36.4125],[-82.4684,36.4132],[-82.4665,36.413],[-82.4639,36.4122],[-82.4633,36.4128],[-82.4632,36.4169],[-82.4644,36.417],[-82.4664,36.4176],[-82.4673,36.4188],[-82.4679,36.4191],[-82.4664,36.4208],[-82.4659,36.4203],[-82.4619,36.4203],[-82.462,36.4219],[-82.4625,36.4219],[-82.4639,36.4228],[-82.4588,36.4256],[-82.4572,36.4271],[-82.4553,36.43],[-82.4542,36.4314],[-82.4519,36.4335],[-82.4511,36.4327],[-82.4507,36.434],[-82.4516,36.4339],[-82.4503,36.436],[-82.4492,36.4372],[-82.4498,36.4381],[-82.4508,36.4357],[-82.4526,36.4343],[-82.4521,36.4338],[-82.455,36.431],[-82.4568,36.4281],[-82.4577,36.4284],[-82.4585,36.4279],[-82.4581,36.4266],[-82.4601,36.4252],[-82.4642,36.4229],[-82.4667,36.421],[-82.47,36.4194],[-82.4705,36.4188],[-82.4721,36.4188],[-82.4728,36.4182],[-82.4723,36.4168],[-82.4708,36.4149],[-82.4719,36.4132],[-82.4732,36.4116],[-82.4746,36.4102],[-82.4752,36.4109],[-82.4766,36.4109],[-82.4769,36.4103],[-82.4796,36.4106],[-82.4795,36.4117],[-82.4839,36.4118],[-82.4876,36.4145],[-82.4861,36.4147],[-82.486,36.4152],[-82.4862,36.4172],[-82.4845,36.4175],[-82.4841,36.4185],[-82.4853,36.4188],[-82.4854,36.4194],[-82.4845,36.4218],[-82.4839,36.4238],[-82.4832,36.425],[-82.4845,36.4268],[-82.4881,36.4286],[-82.4884,36.4283],[-82.4909,36.4293],[-82.492,36.4284],[-82.4924,36.4211],[-82.4932,36.4212],[-82.4933,36.4197],[-82.4922,36.4196],[-82.4909,36.4186],[-82.489,36.4177],[-82.4864,36.4176],[-82.4878,36.415],[-82.4895,36.4159],[-82.4915,36.4173],[-82.4945,36.4187],[-82.4972,36.4197],[-82.5017,36.4205],[-82.5031,36.4211],[-82.5051,36.4226],[-82.5078,36.424],[-82.5095,36.4245],[-82.5101,36.425],[-82.5112,36.4251],[-82.5136,36.4261],[-82.5158,36.4281],[-82.5196,36.4327],[-82.5202,36.4339],[-82.515,36.4352],[-82.5114,36.4359],[-82.5064,36.4366],[-82.4967,36.4375],[-82.4934,36.4376],[-82.4882,36.4389],[-82.4856,36.4394],[-82.4805,36.4402],[-82.4702,36.4415],[-82.4611,36.4424],[-82.4564,36.4426],[-82.4379,36.4452],[-82.4447,36.4512],[-82.4458,36.4523],[-82.4481,36.4534],[-82.45,36.4549],[-82.4549,36.4574],[-82.4576,36.4605],[-82.4602,36.4627],[-82.4625,36.4633],[-82.4641,36.4632],[-82.4661,36.4624],[-82.4679,36.4623],[-82.4686,36.4631],[-82.4682,36.4643],[-82.4686,36.4657],[-82.4686,36.4676],[-82.4681,36.4689],[-82.4665,36.4705],[-82.4611,36.4721],[-82.4613,36.4725],[-82.4607,36.4739],[-82.4616,36.4751],[-82.4645,36.476],[-82.4646,36.4764],[-82.4664,36.4765],[-82.4686,36.4759],[-82.4719,36.4739],[-82.4759,36.4727],[-82.4776,36.473],[-82.4803,36.4743],[-82.4794,36.4751],[-82.4796,36.4767],[-82.4778,36.4772],[-82.4764,36.4772],[-82.4758,36.4766],[-82.4748,36.4764],[-82.4744,36.4776],[-82.4719,36.4804],[-82.4719,36.4817],[-82.47,36.4828],[-82.4687,36.4832],[-82.4661,36.4857],[-82.4637,36.4873],[-82.4618,36.4881],[-82.4592,36.4902],[-82.4598,36.4921],[-82.4591,36.4928],[-82.4598,36.4938],[-82.4575,36.4964],[-82.4523,36.4994],[-82.4476,36.5016],[-82.4426,36.5034],[-82.4398,36.5042],[-82.4388,36.5033],[-82.4369,36.5041],[-82.435,36.5037],[-82.4338,36.5038],[-82.4337,36.5027],[-82.4345,36.5021],[-82.4321,36.4993],[-82.4323,36.4977],[-82.4342,36.496],[-82.4339,36.4951],[-82.4319,36.4922],[-82.4326,36.49],[-82.4357,36.4865],[-82.4362,36.4848],[-82.4368,36.4843],[-82.4392,36.4808],[-82.4397,36.4803],[-82.445,36.4733],[-82.4405,36.4743],[-82.4389,36.4743],[-82.4366,36.4753],[-82.4333,36.4778],[-82.4315,36.4786],[-82.4279,36.4791],[-82.4267,36.4797],[-82.4242,36.4799],[-82.423,36.4797],[-82.4215,36.479],[-82.4206,36.4782],[-82.4185,36.4776],[-82.4147,36.4759],[-82.4138,36.4759],[-82.4148,36.4729],[-82.4162,36.4706],[-82.4179,36.4687],[-82.4193,36.4676],[-82.4222,36.4661],[-82.4249,36.4652],[-82.4235,36.4642],[-82.4213,36.4633],[-82.4201,36.4625],[-82.4212,36.4612],[-82.421,36.4588],[-82.4203,36.4583],[-82.4195,36.4568],[-82.4177,36.4555],[-82.4168,36.4555],[-82.4158,36.4545],[-82.4161,36.453],[-82.4136,36.4532],[-82.4122,36.4518],[-82.4104,36.4512],[-82.4095,36.4502],[-82.4064,36.4521],[-82.4065,36.454],[-82.4057,36.4544],[-82.4053,36.4554],[-82.4054,36.4567],[-82.4029,36.46],[-82.403,36.4602],[-82.3963,36.4644],[-82.3946,36.465],[-82.3932,36.4662],[-82.3899,36.4668],[-82.3894,36.4662],[-82.3882,36.4663],[-82.387,36.4673],[-82.3858,36.4693],[-82.3851,36.4693],[-82.3844,36.4704],[-82.3843,36.4719],[-82.3825,36.4737],[-82.3814,36.4773],[-82.3821,36.4808],[-82.3833,36.4812],[-82.3846,36.4805],[-82.3865,36.4798],[-82.3872,36.48],[-82.3882,36.4812],[-82.3893,36.4816],[-82.3903,36.4829],[-82.3911,36.4833],[-82.3947,36.4832],[-82.3963,36.4839],[-82.3975,36.485],[-82.399,36.4858],[-82.398,36.4873],[-82.3983,36.4906],[-82.3961,36.4945],[-82.3954,36.4969],[-82.3955,36.4979],[-82.3965,36.5001],[-82.3972,36.5026],[-82.3979,36.5032],[-82.4019,36.5023],[-82.4059,36.5017],[-82.4089,36.4999],[-82.4125,36.5004],[-82.4145,36.5015],[-82.4157,36.5011],[-82.4195,36.4987],[-82.4239,36.4976],[-82.4286,36.4943],[-82.4303,36.4965],[-82.4308,36.4995],[-82.4297,36.5002],[-82.4297,36.5011],[-82.4274,36.502],[-82.4273,36.5007],[-82.4257,36.5013],[-82.4251,36.5025],[-82.4262,36.5036],[-82.4246,36.5051],[-82.4241,36.5065],[-82.4219,36.5089],[-82.4179,36.5106],[-82.4164,36.5108],[-82.4136,36.5121],[-82.4102,36.5145],[-82.408,36.5155],[-82.3982,36.5235],[-82.3969,36.5243],[-82.3942,36.5269],[-82.3936,36.5279],[-82.3913,36.5289],[-82.3907,36.53],[-82.3859,36.5317],[-82.385,36.5308],[-82.3839,36.5313],[-82.3823,36.5313],[-82.3814,36.5319],[-82.382,36.5353],[-82.3814,36.5356],[-82.3821,36.5372],[-82.3834,36.5365],[-82.3843,36.5369],[-82.3861,36.5367],[-82.388,36.5356],[-82.3887,36.5362],[-82.3901,36.5352],[-82.3913,36.5362],[-82.3918,36.5374],[-82.396,36.5367],[-82.3948,36.5345],[-82.3983,36.5312],[-82.3966,36.5294],[-82.3947,36.5294],[-82.3972,36.5272],[-82.3998,36.5253],[-82.3995,36.5248],[-82.4004,36.5241],[-82.4135,36.5151],[-82.4221,36.5108],[-82.4238,36.5121],[-82.4269,36.5129],[-82.4281,36.5139],[-82.4285,36.5146],[-82.4296,36.515],[-82.4307,36.5151],[-82.4312,36.5162],[-82.4314,36.5178],[-82.4304,36.5182],[-82.4279,36.5198],[-82.427,36.5208],[-82.4245,36.5229],[-82.4215,36.5245],[-82.4202,36.5256],[-82.4197,36.5267],[-82.4184,36.5284],[-82.4169,36.5297],[-82.4164,36.5298],[-82.4159,36.5314],[-82.415,36.5323],[-82.4138,36.5327],[-82.4148,36.5341],[-82.4174,36.5342],[-82.419,36.536],[-82.418,36.5369],[-82.4161,36.5383],[-82.4142,36.5391],[-82.4127,36.5409],[-82.4089,36.5421],[-82.4086,36.5427],[-82.4087,36.5456],[-82.4098,36.5453],[-82.4107,36.5456],[-82.415,36.5457],[-82.4172,36.5451],[-82.4192,36.5437],[-82.4214,36.5433],[-82.4251,36.5438],[-82.4276,36.5444],[-82.4357,36.5457],[-82.4373,36.5461],[-82.4386,36.547],[-82.4406,36.5491],[-82.4391,36.55],[-82.4396,36.5508],[-82.4393,36.5516],[-82.4361,36.5534],[-82.4337,36.5534],[-82.4282,36.5542],[-82.4258,36.5541],[-82.4255,36.5568],[-82.4251,36.5579],[-82.4218,36.5588],[-82.4201,36.5561],[-82.419,36.5567],[-82.4178,36.5571],[-82.4154,36.5574],[-82.4103,36.5571],[-82.4095,36.5576],[-82.4096,36.5582],[-82.4126,36.5606],[-82.4118,36.5615],[-82.4128,36.562],[-82.4114,36.5629],[-82.4114,36.5634],[-82.413,36.5635],[-82.4152,36.5631],[-82.4157,36.5636],[-82.4184,36.5633],[-82.4192,36.5642],[-82.4233,36.5639],[-82.4236,36.5646],[-82.4255,36.5643],[-82.4245,36.5607],[-82.4265,36.5599],[-82.4268,36.561],[-82.4293,36.5637],[-82.4332,36.5628],[-82.4336,36.5608],[-82.4327,36.5587],[-82.4314,36.5587],[-82.4307,36.557],[-82.4288,36.5575],[-82.4279,36.5558],[-82.4279,36.5549],[-82.4322,36.5543],[-82.4364,36.5542],[-82.4383,36.5529],[-82.4396,36.5523],[-82.4413,36.5528],[-82.4433,36.555],[-82.4444,36.5565],[-82.4469,36.5554],[-82.4471,36.5556],[-82.4511,36.5542],[-82.4519,36.5543],[-82.4548,36.5531],[-82.4539,36.5546],[-82.4525,36.555],[-82.4529,36.5568],[-82.4516,36.558],[-82.4509,36.5579],[-82.45,36.5585],[-82.4517,36.5594],[-82.452,36.5606],[-82.4511,36.5611],[-82.4479,36.5624],[-82.4431,36.5636],[-82.4419,36.5642],[-82.4391,36.5649],[-82.4387,36.5659],[-82.4364,36.5672],[-82.4352,36.5676],[-82.4339,36.5674],[-82.4321,36.5679],[-82.4303,36.5681],[-82.4284,36.5675],[-82.4252,36.5678],[-82.423,36.5682],[-82.4226,36.5689],[-82.4225,36.5708],[-82.4231,36.5723],[-82.4238,36.5725],[-82.4237,36.5737],[-82.423,36.5742],[-82.4229,36.576],[-82.4238,36.5762],[-82.4284,36.5765],[-82.4318,36.5774],[-82.4345,36.5805],[-82.4351,36.5808],[-82.4416,36.5818],[-82.4439,36.5832],[-82.4465,36.5836],[-82.4487,36.5843],[-82.4508,36.5847],[-82.4563,36.5854],[-82.4603,36.5862],[-82.4637,36.5868],[-82.4637,36.5874],[-82.4659,36.5889],[-82.4663,36.5897],[-82.4652,36.5925],[-82.4653,36.593],[-82.4663,36.5945],[-82.4718,36.5948],[-82.4786,36.5956]],[[-82.4587,36.5494],[-82.4593,36.5496],[-82.4602,36.5507],[-82.4584,36.5519],[-82.4553,36.5525],[-82.452,36.5538],[-82.449,36.5544],[-82.4473,36.5523],[-82.4468,36.5521],[-82.4459,36.5531],[-82.445,36.5534],[-82.4434,36.5514],[-82.4423,36.5509],[-82.4444,36.5499],[-82.4519,36.5487],[-82.456,36.5485],[-82.4587,36.5494]],[[-82.4002,36.4105],[-82.4015,36.4112],[-82.401,36.4116],[-82.4002,36.4105]],[[-82.433,36.5028],[-82.431,36.5033],[-82.4312,36.5027],[-82.433,36.5028]]]},"properties":{"OBJECTID":6446},"id":6446},
{"type":"Feature","geometry":{"type":"Polygon","coordinates":[[[-81.0176,35.2201],[-81.0165,35.2214],[-81.0167,35.2222],[-81.0331,35.2182],[-81.0328,35.2178],[-81.0189,35.22],[-81.0176,35.2201]]]},"properties":{"OBJECTID":6447},"id":6447},
{"type":"Feature","geometry":{"type":"Polygon","coordinates":[[[-79.8347,36.2095],[-79.8347,36.208],[-79.8355,36.2082],[-79.8356,36.2093],[-79.8373,36.2094],[-79.8372,36.2106],[-79.8382,36.2106],[-79.8383,36.2076],[-79.8354,36.2073],[-79.8347,36.2067],[-79.8351,36.2034],[-79.8359,36.2017],[-79.8383,36.2026],[-79.8447,36.2025],[-79.8447,36.2042],[-79.8441,36.2067],[-79.8427,36.2067],[-79.842,36.2081],[-79.8438,36.2082],[-79.8432,36.2106],[-79.8432,36.2124],[-79.8435,36.2135],[-79.8452,36.2169],[-79.8439,36.2176],[-79.843,36.2186],[-79.8437,36.219],[-79.844,36.22],[-79.8418,36.2205],[-79.8428,36.2213],[-79.8438,36.2216],[-79.8447,36.2225],[-79.8458,36.2225],[-79.8472,36.2234],[-79.8465,36.2205],[-79.8472,36.2192],[-79.8482,36.2197],[-79.852,36.2211],[-79.8551,36.2217],[-79.8551,36.2233],[-79.8584,36.2288],[-79.8629,36.2267],[-79.8616,36.2255],[-79.8622,36.2249],[-79.864,36.2264],[-79.8642,36.2274],[-79.8642,36.2295],[-79.8647,36.2309],[-79.8668,36.2342],[-79.8634,36.2341],[-79.8634,36.2357],[-79.8626,36.236],[-79.8606,36.236],[-79.8608,36.2384],[-79.8606,36.2395],[-79.8617,36.2398],[-79.8608,36.2408],[-79.8624,36.2407],[-79.8625,36.2373],[-79.864,36.2378],[-79.8669,36.2349],[-79.8705,36.2377],[-79.8714,36.2388],[-79.8715,36.2399],[-79.8647,36.2398],[-79.8646,36.2432],[-79.8644,36.2445],[-79.8706,36.2429],[-79.8712,36.2428],[-79.8726,36.2417],[-79.8752,36.2407],[-79.8784,36.2398],[-79.88,36.2391],[-79.8851,36.2391],[-79.8861,36.239],[-79.8894,36.2373],[-79.8905,36.2362],[-79.892,36.2358],[-79.8932,36.2359],[-79.8933,36.2443],[-79.8958,36.2444],[-79.8958,36.2514],[-79.897,36.2513],[-79.897,36.2526],[-79.9004,36.2515],[-79.9021,36.2511],[-79.9015,36.2499],[-79.9016,36.2489],[-79.9005,36.2483],[-79.8972,36.2482],[-79.8973,36.2472],[-79.9016,36.2475],[-79.9017,36.2455],[-79.8974,36.2454],[-79.8975,36.2414],[-79.8959,36.2413],[-79.8959,36.2355],[-79.9013,36.2345],[-79.9024,36.2335],[-79.9044,36.2308],[-79.9051,36.2303],[-79.9086,36.2291],[-79.9124,36.2281],[-79.9155,36.2289],[-79.9158,36.2283],[-79.9211,36.2255],[-79.9243,36.2237],[-79.9262,36.2223],[-79.9274,36.2218],[-79.9304,36.2218],[-79.9338,36.2214],[-79.9367,36.2201],[-79.942,36.2195],[-79.945,36.2189],[-79.9461,36.2185],[-79.9496,36.2166],[-79.9533,36.2148],[-79.9551,36.2138],[-79.9567,36.2132],[-79.9574,36.2101],[-79.9573,36.2087],[-79.9546,36.201],[-79.9535,36.1993],[-79.9535,36.1828],[-79.9533,36.1753],[-79.9534,36.1738],[-79.953,36.1728],[-79.9495,36.1698],[-79.9488,36.1694],[-79.9454,36.1683],[-79.9458,36.1648],[-79.9465,36.1637],[-79.9476,36.163],[-79.945,36.1613],[-79.9441,36.1567],[-79.9422,36.157],[-79.9421,36.1594],[-79.938,36.1593],[-79.9382,36.1521],[-79.9374,36.1521],[-79.938,36.1496],[-79.9389,36.1492],[-79.9401,36.1502],[-79.9402,36.1489],[-79.9397,36.1482],[-79.9402,36.1476],[-79.9414,36.1478],[-79.9419,36.147],[-79.9406,36.1465],[-79.9407,36.1456],[-79.945,36.1455],[-79.9449,36.1447],[-79.9441,36.144],[-79.9428,36.1434],[-79.9419,36.1423],[-79.9432,36.1398],[-79.9451,36.1389],[-79.9447,36.137],[-79.9433,36.1362],[-79.9431,36.1351],[-79.9438,36.1332],[-79.9396,36.1333],[-79.9396,36.132],[-79.9377,36.1296],[-79.9361,36.1287],[-79.9361,36.1281],[-79.9351,36.1275],[-79.9338,36.1273],[-79.9327,36.1254],[-79.9295,36.1274],[-79.9262,36.1256],[-79.9278,36.1241],[-79.9299,36.1225],[-79.9322,36.1214],[-79.9355,36.1208],[-79.9371,36.1207],[-79.9379,36.1211],[-79.9411,36.1209],[-79.9432,36.1212],[-79.945,36.1218],[-79.946,36.1225],[-79.9477,36.1245],[-79.9487,36.1263],[-79.9496,36.1291],[-79.9527,36.129],[-79.9552,36.1285],[-79.957,36.1275],[-79.9613,36.1276],[-79.96,36.1258],[-79.963,36.1239],[-79.9656,36.1217],[-79.9681,36.1198],[-79.9732,36.1183],[-79.9748,36.1178],[-79.975,36.1171],[-79.9792,36.1135],[-79.9805,36.112],[-79.9833,36.1127],[-79.9822,36.1096],[-79.9847,36.1097],[-79.9847,36.1104],[-79.9868,36.1105],[-79.9888,36.1052],[-79.991,36.1042],[-79.9943,36.1032],[-79.9955,36.1034],[-79.9961,36.1023],[-79.9975,36.1025],[-79.9975,36.1038],[-79.999,36.1037],[-79.9997,36.1042],[-79.9993,36.1049],[-80.0007,36.1057],[-80.0003,36.1063],[-80.0046,36.1065],[-80.0047,36.1076],[-80.0058,36.1083],[-80.0055,36.1089],[-80.0073,36.1094],[-80.0073,36.1103],[-80.0091,36.1106],[-80.01,36.1096],[-80.0113,36.1105],[-80.0118,36.1113],[-80.0118,36.1122],[-80.0137,36.1112],[-80.0136,36.1103],[-80.0191,36.1099],[-80.0189,36.1113],[-80.0197,36.1121],[-80.0196,36.1137],[-80.0219,36.1137],[-80.0245,36.1131],[-80.0244,36.1124],[-80.0294,36.1113],[-80.0297,36.112],[-80.0329,36.1105],[-80.0344,36.1102],[-80.0361,36.1102],[-80.0401,36.1101],[-80.0393,36.1109],[-80.039,36.1152],[-80.0399,36.1158],[-80.041,36.1158],[-80.041,36.1169],[-80.0428,36.1176],[-80.043,36.1155],[-80.0539,36.1161],[-80.0536,36.12],[-80.0554,36.1201],[-80.0555,36.1213],[-80.0534,36.1214],[-80.0533,36.1226],[-80.052,36.1226],[-80.0526,36.1182],[-80.0512,36.1182],[-80.0511,36.1212],[-80.0505,36.1212],[-80.0503,36.1224],[-80.0487,36.1228],[-80.0484,36.1283],[-80.0489,36.129],[-80.0498,36.1282],[-80.0498,36.1272],[-80.0504,36.1266],[-80.0518,36.1281],[-80.0522,36.1297],[-80.0518,36.1304],[-80.0545,36.1305],[-80.0554,36.132],[-80.0564,36.1311],[-80.0569,36.1318],[-80.0579,36.1314],[-80.0588,36.1319],[-80.0594,36.1326],[-80.0587,36.1346],[-80.0626,36.1364],[-80.0625,36.137],[-80.0597,36.1367],[-80.0598,36.1406],[-80.0661,36.1406],[-80.0669,36.1413],[-80.0672,36.1422],[-80.0666,36.143],[-80.0666,36.1437],[-80.0657,36.1441],[-80.0656,36.1449],[-80.0675,36.1454],[-80.0675,36.1465],[-80.0714,36.1466],[-80.0714,36.1441],[-80.0747,36.1444],[-80.0777,36.1446],[-80.0775,36.1459],[-80.0786,36.1459],[-80.0789,36.1447],[-80.0811,36.1448],[-80.0816,36.1431],[-80.0814,36.1403],[-80.0781,36.1401],[-80.0781,36.1395],[-80.075,36.1389],[-80.0751,36.1384],[-80.0731,36.138],[-80.0729,36.1385],[-80.0705,36.1381],[-80.071,36.137],[-80.0759,36.1377],[-80.076,36.1357],[-80.0728,36.1355],[-80.0726,36.1347],[-80.0755,36.1346],[-80.0758,36.134],[-80.0775,36.134],[-80.0775,36.1357],[-80.0804,36.1351],[-80.085,36.1362],[-80.0849,36.1366],[-80.0878,36.1376],[-80.0882,36.1363],[-80.0912,36.1379],[-80.0938,36.1403],[-80.0943,36.1401],[-80.0939,36.1383],[-80.0977,36.1382],[-80.0985,36.1383],[-80.1008,36.1438],[-80.1008,36.1455],[-80.1061,36.1452],[-80.1059,36.14],[-80.1062,36.1386],[-80.1082,36.1387],[-80.1093,36.1384],[-80.1093,36.1394],[-80.1126,36.139],[-80.1126,36.1368],[-80.1134,36.1368],[-80.1134,36.1359],[-80.1169,36.1349],[-80.1182,36.1345],[-80.1323,36.1867],[-80.2467,36.198],[-80.2691,36.206],[-80.274,36.2015],[-80.2746,36.202],[-80.2758,36.2064],[-80.2765,36.2073],[-80.2758,36.2079],[-80.2756,36.2098],[-80.2751,36.2126],[-80.2754,36.2144],[-80.2742,36.2159],[-80.2724,36.2164],[-80.272,36.2172],[-80.2697,36.219],[-80.2691,36.2199],[-80.267,36.2212],[-80.2651,36.2216],[-80.2634,36.2233],[-80.2633,36.2246],[-80.2638,36.2258],[-80.2659,36.226],[-80.2662,36.2277],[-80.2675,36.2285],[-80.2689,36.2299],[-80.2718,36.2384],[-80.271,36.2437],[-80.2716,36.2439],[-80.3044,36.2492],[-80.3127,36.2369],[-80.3155,36.2352],[-80.3175,36.2331],[-80.3201,36.2325],[-80.3215,36.232],[-80.3229,36.2307],[-80.3237,36.2294],[-80.3238,36.2284],[-80.3143,36.2037],[-80.3215,36.204],[-80.3272,36.2045],[-80.3384,36.2052],[-80.3459,36.2055],[-80.3477,36.2052],[-80.3496,36.2044],[-80.3568,36.2023],[-80.3598,36.2008],[-80.3612,36.1997],[-80.3622,36.1984],[-80.3629,36.1969],[-80.3634,36.1945],[-80.3636,36.1887],[-80.3639,36.1833],[-80.4087,36.14],[-80.41,36.1407],[-80.415,36.1416],[-80.4201,36.1423],[-80.4262,36.142],[-80.4282,36.143],[-80.4295,36.1444],[-80.4327,36.1453],[-80.4357,36.1453],[-80.4377,36.1447],[-80.4408,36.1443],[-80.4391,36.1401],[-80.4389,36.138],[-80.439,36.1373],[-80.44,36.1361],[-80.4424,36.1343],[-80.4451,36.1328],[-80.4473,36.1313],[-80.4483,36.1304],[-80.4507,36.1278],[-80.453,36.1232],[-80.469,36.1007],[-80.4601,36.0983],[-80.4419,36.0936],[-80.4493,36.0898],[-80.451,36.0881],[-80.4524,36.0884],[-80.4543,36.0883],[-80.456,36.0863],[-80.4579,36.0862],[-80.4584,36.0849],[-80.46,36.0838],[-80.4606,36.083],[-80.4606,36.082],[-80.4611,36.0811],[-80.4607,36.0802],[-80.4608,36.0783],[-80.462,36.0764],[-80.4617,36.074],[-80.4598,36.0717],[-80.4589,36.0692],[-80.459,36.0679],[-80.4599,36.0662],[-80.4597,36.0655],[-80.4614,36.0643],[-80.4634,36.0637],[-80.4638,36.0625],[-80.4623,36.0617],[-80.4597,36.0592],[-80.4587,36.0575],[-80.4583,36.0561],[-80.4584,36.0542],[-80.4581,36.0523],[-80.4566,36.0486],[-80.4543,36.0453],[-80.4516,36.042],[-80.4495,36.0403],[-80.4486,36.0399],[-80.4468,36.0383],[-80.4455,36.0354],[-80.4433,36.0319],[-80.442,36.0306],[-80.4406,36.0296],[-80.4362,36.0274],[-80.4322,36.0241],[-80.4281,36.022],[-80.4246,36.0206],[-80.4213,36.0186],[-80.4185,36.0163],[-80.418,36.0155],[-80.4176,36.0133],[-80.4169,36.0113],[-80.4157,36.009],[-80.4137,36.0042],[-80.4134,36.0025],[-80.4135,36.0011],[-80.4139,36.0003],[-80.4198,35.9964],[-80.4215,35.9947],[-80.4223,35.9934],[-80.4226,35.9915],[-80.4224,35.9892],[-80.4214,35.9875],[-80.4195,35.9858],[-80.4126,35.9812],[-80.4109,35.98],[-80.3992,35.9743],[-80.3969,35.9738],[-80.3943,35.9727],[-80.3688,35.9822],[-80.3701,35.9831],[-80.3704,35.9845],[-80.3701,35.9863],[-80.3704,35.9871],[-80.3725,35.9898],[-80.3724,35.9907],[-80.3705,35.9938],[-80.3704,35.9954],[-80.3695,35.9971],[-80.3698,35.9986],[-80.3711,36.0019],[-80.372,36.0036],[-80.3707,36.0044],[-80.3695,36.0057],[-80.3681,36.0066],[-80.3663,36.007],[-80.3646,36.0071],[-80.3626,36.0076],[-80.3607,36.009],[-80.358,36.0128],[-80.3508,36.02],[-80.3484,36.023],[-80.3471,36.0243],[-80.3455,36.0251],[-80.3436,36.0272],[-80.3259,36.0194],[-80.2991,36.0198],[-80.2993,36.0192],[-80.3019,36.016],[-80.2999,36.016],[-80.2989,36.0165],[-80.2987,35.9966],[-80.2963,35.9965],[-80.2874,35.9965],[-80.2672,35.9965],[-80.2638,35.9966],[-80.249,35.9965],[-80.2368,35.9966],[-80.2282,35.9966],[-80.2239,35.9967],[-80.2139,35.9966],[-80.2139,36.0045],[-80.2138,36.005],[-80.2138,36.0224],[-80.2137,36.0267],[-80.1828,36.0267],[-80.1755,36.0268],[-80.1743,36.0269],[-80.169,36.0267],[-80.1496,36.0267],[-80.1443,36.0259],[-80.1233,36.0228],[-80.1056,36.0202],[-80.0784,36.0161],[-80.0771,36.0191],[-80.077,36.0199],[-80.0777,36.0208],[-80.0793,36.0218],[-80.079,36.0239],[-80.0792,36.0254],[-80.0805,36.0283],[-80.0823,36.03],[-80.0857,36.032],[-80.0865,36.0328],[-80.0881,36.0371],[-80.0889,36.0373],[-80.0892,36.0389],[-80.0891,36.0399],[-80.0895,36.0415],[-80.0882,36.0421],[-80.088,36.0436],[-80.087,36.0437],[-80.087,36.0462],[-80.0894,36.0461],[-80.0894,36.0469],[-80.0885,36.0472],[-80.087,36.0472],[-80.0869,36.0564],[-80.0884,36.0564],[-80.087,36.0611],[-80.087,36.0614],[-80.0856,36.0645],[-80.0836,36.0668],[-80.0818,36.0686],[-80.0816,36.0698],[-80.081,36.0708],[-80.0796,36.0707],[-80.0798,36.0647],[-80.0793,36.0647],[-80.0793,36.0621],[-80.0779,36.0621],[-80.0779,36.0605],[-80.0773,36.0594],[-80.0764,36.0596],[-80.0763,36.0613],[-80.0767,36.0613],[-80.0766,36.0654],[-80.0698,36.0654],[-80.069,36.067],[-80.0676,36.0679],[-80.0671,36.0687],[-80.0668,36.0703],[-80.0656,36.071],[-80.0646,36.0723],[-80.0627,36.0721],[-80.0629,36.0708],[-80.0605,36.0707],[-80.0604,36.0713],[-80.0591,36.0713],[-80.0589,36.0727],[-80.0596,36.0731],[-80.0641,36.0734],[-80.0635,36.0769],[-80.0622,36.0768],[-80.063,36.0782],[-80.0649,36.0782],[-80.068,36.0765],[-80.0741,36.0768],[-80.0743,36.0754],[-80.0766,36.0755],[-80.0771,36.0764],[-80.0771,36.0772],[-80.0789,36.0781],[-80.0775,36.0803],[-80.0762,36.0809],[-80.075,36.0829],[-80.074,36.0826],[-80.0734,36.0834],[-80.0716,36.0835],[-80.0671,36.0819],[-80.064,36.0817],[-80.064,36.0837],[-80.0632,36.0866],[-80.0609,36.0865],[-80.0603,36.0871],[-80.061,36.0877],[-80.0628,36.0876],[-80.0625,36.0887],[-80.0612,36.0887],[-80.0612,36.0901],[-80.0584,36.0893],[-80.0545,36.0893],[-80.0521,36.0897],[-80.0495,36.0908],[-80.0487,36.0889],[-80.047,36.0891],[-80.0407,36.0904],[-80.0407,36.091],[-80.0388,36.0909],[-80.0378,36.0925],[-80.0409,36.0932],[-80.0434,36.0954],[-80.0459,36.0947],[-80.0461,36.0958],[-80.0522,36.096],[-80.053,36.0987],[-80.0541,36.1004],[-80.055,36.1029],[-80.0559,36.1043],[-80.0519,36.1045],[-80.0518,36.1035],[-80.051,36.1035],[-80.0508,36.1022],[-80.0484,36.1015],[-80.0484,36.1047],[-80.0502,36.1048],[-80.0501,36.107],[-80.0563,36.1058],[-80.0567,36.1075],[-80.0515,36.108],[-80.0483,36.1074],[-80.0481,36.1082],[-80.045,36.108],[-80.0452,36.1098],[-80.0401,36.1099],[-80.0401,36.109],[-80.0421,36.1089],[-80.0421,36.1076],[-80.0434,36.1073],[-80.0434,36.1061],[-80.0399,36.1053],[-80.0399,36.1056],[-80.03,36.1037],[-80.0261,36.1023],[-80.0262,36.102],[-80.0178,36.0991],[-80.0179,36.0984],[-80.0115,36.0965],[-80.0124,36.0958],[-80.0136,36.096],[-80.0151,36.0968],[-80.0151,36.0954],[-80.0162,36.0954],[-80.0164,36.0965],[-80.0171,36.0972],[-80.0186,36.0967],[-80.0195,36.0953],[-80.0182,36.0952],[-80.0182,36.0934],[-80.0167,36.0933],[-80.0167,36.0888],[-80.0138,36.0887],[-80.0141,36.0869],[-80.0122,36.0867],[-80.0115,36.0859],[-80.0142,36.0861],[-80.0143,36.0852],[-80.0181,36.085],[-80.0188,36.0841],[-80.0188,36.0828],[-80.0125,36.0828],[-80.0125,36.0835],[-80.0101,36.0833],[-80.0099,36.0817],[-80.0087,36.0811],[-80.0088,36.0798],[-80.0077,36.0796],[-80.0049,36.0771],[-80.005,36.0736],[-80.0024,36.0735],[-80.0021,36.0767],[-79.9969,36.0766],[-79.9968,36.0797],[-79.9929,36.079],[-79.9944,36.0766],[-79.9977,36.0735],[-80.0004,36.0727],[-80.0048,36.0702],[-80.0054,36.0704],[-80.0055,36.0726],[-80.0062,36.072],[-80.0074,36.072],[-80.0075,36.0693],[-80.0109,36.0694],[-80.0118,36.0701],[-80.0129,36.0703],[-80.0129,36.0711],[-80.0141,36.0709],[-80.0141,36.0663],[-80.0229,36.0664],[-80.0229,36.0651],[-80.0244,36.0653],[-80.0274,36.0652],[-80.0269,36.0612],[-80.0258,36.0613],[-80.0239,36.0609],[-80.0239,36.0591],[-80.0228,36.0564],[-80.0239,36.0546],[-80.0257,36.0554],[-80.0261,36.0545],[-80.0249,36.0538],[-80.0268,36.0533],[-80.0273,36.0525],[-80.0288,36.0516],[-80.0301,36.0511],[-80.034,36.0491],[-80.0354,36.048],[-80.0379,36.0464],[-80.0403,36.0451],[-80.0422,36.0435],[-80.0424,36.0385],[-80.043,36.0392],[-80.0481,36.0393],[-80.0488,36.0388],[-80.0489,36.0355],[-80.0479,36.035],[-80.0519,36.0352],[-80.052,36.0341],[-80.0528,36.0337],[-80.0549,36.0338],[-80.0573,36.0295],[-80.0576,36.0287],[-80.0559,36.0284],[-80.0548,36.029],[-80.0548,36.0298],[-80.0526,36.0302],[-80.0525,36.0305],[-80.0451,36.0306],[-80.045,36.0353],[-80.0424,36.0353],[-80.0427,36.0265],[-80.0451,36.0265],[-80.0455,36.0254],[-80.0452,36.024],[-80.0428,36.024],[-80.0433,36.0118],[-80.0438,36.0137],[-80.0448,36.0138],[-80.0444,36.0124],[-80.045,36.0119],[-80.0455,36.0107],[-80.0461,36.0107],[-80.0454,36.0091],[-80.0492,36.0093],[-80.0494,36.009],[-80.0551,36.0092],[-80.0553,36.0071],[-80.0549,36.0069],[-80.0555,36.0044],[-80.057,36.0039],[-80.0597,36.0033],[-80.0615,36.0033],[-80.0624,36.003],[-80.0629,36.002],[-80.0631,35.9994],[-80.0625,35.9945],[-80.0609,35.9933],[-80.0573,35.9919],[-80.0552,35.9916],[-80.0535,35.9908],[-80.0531,35.9891],[-80.0533,35.986],[-80.0538,35.9847],[-80.0563,35.9797],[-80.059,35.9779],[-80.0599,35.9783],[-80.0615,35.977],[-80.0611,35.9759],[-80.0602,35.9748],[-80.0612,35.9742],[-80.063,35.9726],[-80.0634,35.9738],[-80.0641,35.9739],[-80.0648,35.9747],[-80.0687,35.9749],[-80.0727,35.9741],[-80.0747,35.974],[-80.0747,35.9706],[-80.0749,35.9683],[-80.0741,35.967],[-80.072,35.9658],[-80.0722,35.9641],[-80.0712,35.9631],[-80.0695,35.9631],[-80.0696,35.9604],[-80.0682,35.9613],[-80.0684,35.9631],[-80.0676,35.9633],[-80.0667,35.9622],[-80.0651,35.9615],[-80.0634,35.9598],[-80.0616,35.9585],[-80.0614,35.9556],[-80.0603,35.9561],[-80.0588,35.9551],[-80.0568,35.9525],[-80.0556,35.9497],[-80.0551,35.9479],[-80.055,35.946],[-80.0551,35.9419],[-80.0544,35.9393],[-80.0546,35.9368],[-80.0551,35.9357],[-80.0565,35.9348],[-80.0581,35.9328],[-80.059,35.9318],[-80.0637,35.9289],[-80.0658,35.9279],[-80.0684,35.9277],[-80.0709,35.928],[-80.0749,35.9281],[-80.0771,35.9286],[-80.0783,35.928],[-80.0836,35.9224],[-80.0851,35.9209],[-80.0852,35.9194],[-80.0849,35.9176],[-80.0837,35.9147],[-80.0828,35.9135],[-80.0815,35.9127],[-80.0816,35.9117],[-80.0826,35.9111],[-80.0844,35.9103],[-80.0855,35.9101],[-80.0867,35.9093],[-80.0895,35.9098],[-80.0907,35.9087],[-80.0935,35.9085],[-80.095,35.9067],[-80.096,35.907],[-80.0989,35.9066],[-80.0991,35.9051],[-80.0999,35.9049],[-80.1014,35.9053],[-80.1028,35.9053],[-80.104,35.9045],[-80.1046,35.9035],[-80.1071,35.9021],[-80.1097,35.9015],[-80.1115,35.9002],[-80.1116,35.901],[-80.1125,35.9011],[-80.1125,35.8999],[-80.1118,35.8985],[-80.1118,35.8977],[-80.1089,35.897],[-80.1064,35.8955],[-80.1053,35.8951],[-80.1062,35.8938],[-80.1108,35.8912],[-80.1156,35.889],[-80.1192,35.8876],[-80.1244,35.8858],[-80.1292,35.8836],[-80.1326,35.8819],[-80.1373,35.8797],[-80.1367,35.8789],[-80.135,35.8782],[-80.1345,35.8768],[-80.1344,35.8755],[-80.1335,35.8743],[-80.1326,35.872],[-80.1312,35.873],[-80.1283,35.8747],[-80.1243,35.8762],[-80.1208,35.8768],[-80.1177,35.877],[-80.1126,35.8767],[-80.1124,35.8719],[-80.1121,35.8696],[-80.1117,35.8687],[-80.1108,35.8691],[-80.1038,35.8695],[-80.1034,35.8692],[-80.1032,35.8659],[-80.1022,35.864],[-80.1032,35.8641],[-80.1046,35.8635],[-80.1054,35.8628],[-80.1058,35.8618],[-80.1072,35.8607],[-80.1072,35.8592],[-80.1068,35.8583],[-80.1069,35.8554],[-80.1056,35.8549],[-80.1063,35.8534],[-80.1062,35.8505],[-80.1073,35.85],[-80.1073,35.8473],[-80.1069,35.8474],[-80.107,35.8451],[-80.1075,35.8442],[-80.1069,35.8438],[-80.1074,35.8405],[-80.1067,35.8404],[-80.1063,35.8393],[-80.1,35.8397],[-80.098,35.8382],[-80.0966,35.8374],[-80.0951,35.8362],[-80.0939,35.8355],[-80.0917,35.8354],[-80.0883,35.8347],[-80.0853,35.8325],[-80.0847,35.8312],[-80.0831,35.8306],[-80.0803,35.8312],[-80.0778,35.8316],[-80.0766,35.831],[-80.0737,35.8313],[-80.0736,35.8349],[-80.071,35.8453],[-80.0666,35.8525],[-80.0638,35.8528],[-80.0633,35.8533],[-80.0636,35.8573],[-80.0591,35.8578],[-80.0584,35.8586],[-80.0551,35.8588],[-80.0534,35.8593],[-80.0501,35.8605],[-80.0498,35.8675],[-80.0495,35.8675],[-80.0505,35.8512],[-80.0467,35.8512],[-80.0471,35.8444],[-80.0382,35.8442],[-80.0384,35.8403],[-80.0335,35.8412],[-80.0334,35.8407],[-80.0295,35.8413],[-80.0294,35.8451],[-80.0283,35.8455],[-80.0231,35.8441],[-80.0224,35.8431],[-80.0214,35.8426],[-80.02,35.8425],[-80.018,35.8414],[-80.0168,35.8414],[-80.0141,35.8423],[-80.0127,35.8435],[-80.0109,35.8443],[-80.0097,35.8446],[-80.01,35.8459],[-80.0129,35.8456],[-80.0128,35.8507],[-80.013,35.8507],[-80.0124,35.8569],[-80.0094,35.8568],[-80.0093,35.8584],[-80.0083,35.8578],[-80.0074,35.8613],[-80.0052,35.8612],[-80.0052,35.8601],[-80.0039,35.8597],[-80.0036,35.8585],[-80.0037,35.8564],[-80.0012,35.8555],[-80.0013,35.8541],[-80.0002,35.8539],[-79.9995,35.8541],[-79.9998,35.8511],[-79.9972,35.8515],[-79.9971,35.8502],[-79.9901,35.8501],[-79.9875,35.8501],[-79.9873,35.8513],[-79.9864,35.8512],[-79.9864,35.8481],[-79.9874,35.8478],[-79.9888,35.842],[-79.9895,35.8396],[-79.9874,35.8387],[-79.9875,35.8367],[-79.9858,35.8371],[-79.9856,35.8384],[-79.9823,35.8374],[-79.9821,35.8398],[-79.9818,35.8407],[-79.9824,35.8423],[-79.9823,35.8433],[-79.9811,35.8454],[-79.9821,35.846],[-79.9821,35.8468],[-79.983,35.8469],[-79.9828,35.8488],[-79.9836,35.8488],[-79.9833,35.8534],[-79.98,35.8534],[-79.98,35.8537],[-79.9784,35.8548],[-79.9785,35.8557],[-79.9777,35.8561],[-79.9772,35.857],[-79.978,35.8576],[-79.9797,35.8563],[-79.9805,35.8561],[-79.9815,35.8567],[-79.9819,35.8581],[-79.9845,35.8582],[-79.984,35.8594],[-79.986,35.8592],[-79.9868,35.8611],[-79.986,35.8615],[-79.9861,35.8632],[-79.9855,35.8654],[-79.9823,35.8648],[-79.9768,35.864],[-79.9764,35.8633],[-79.9722,35.8634],[-79.9677,35.8614],[-79.9673,35.8605],[-79.9662,35.8592],[-79.9647,35.8597],[-79.9652,35.8618],[-79.9625,35.8616],[-79.9624,35.862],[-79.9602,35.8622],[-79.9601,35.8597],[-79.9602,35.8587],[-79.9586,35.8586],[-79.9583,35.8639],[-79.9572,35.8639],[-79.96,35.8678],[-79.9588,35.8684],[-79.9584,35.87],[-79.9563,35.8742],[-79.9561,35.8753],[-79.9548,35.8762],[-79.9501,35.8778],[-79.9501,35.8791],[-79.9553,35.8793],[-79.9563,35.88],[-79.9563,35.8826],[-79.9552,35.8827],[-79.9552,35.8838],[-79.9488,35.8829],[-79.9471,35.8822],[-79.9461,35.8811],[-79.9479,35.8806],[-79.9474,35.8789],[-79.9399,35.8802],[-79.9395,35.8843],[-79.939,35.8867],[-79.9374,35.8897],[-79.9365,35.8909],[-79.9355,35.8903],[-79.934,35.8905],[-79.933,35.8903],[-79.9338,35.8894],[-79.9326,35.8889],[-79.9281,35.8912],[-79.9282,35.8923],[-79.9252,35.8926],[-79.9249,35.898],[-79.9274,35.8983],[-79.9282,35.8997],[-79.9296,35.8996],[-79.9297,35.8984],[-79.9318,35.899],[-79.9327,35.8985],[-79.9348,35.8992],[-79.9347,35.9005],[-79.9336,35.9003],[-79.9334,35.9022],[-79.9352,35.9017],[-79.9369,35.9034],[-79.9366,35.9068],[-79.9356,35.9067],[-79.9354,35.9079],[-79.935,35.9083],[-79.939,35.9084],[-79.9465,35.9085],[-79.9458,35.9099],[-79.9458,35.9113],[-79.9411,35.9112],[-79.9408,35.913],[-79.9382,35.9131],[-79.9339,35.9145],[-79.9319,35.9108],[-79.9313,35.9112],[-79.9302,35.9108],[-79.9302,35.9118],[-79.9269,35.9118],[-79.9278,35.9124],[-79.9278,35.9145],[-79.9284,35.9152],[-79.9315,35.9152],[-79.9318,35.9148],[-79.9338,35.9148],[-79.9342,35.9153],[-79.936,35.915],[-79.9359,35.9171],[-79.9338,35.9194],[-79.9335,35.9208],[-79.9326,35.9223],[-79.9328,35.9234],[-79.9332,35.9236],[-79.9299,35.9255],[-79.9083,35.9378],[-79.9065,35.939],[-79.9048,35.9392],[-79.9045,35.9401],[-79.9016,35.9409],[-79.8989,35.9407],[-79.8973,35.9423],[-79.8964,35.9435],[-79.8966,35.9442],[-79.8974,35.9449],[-79.8984,35.9449],[-79.9007,35.9441],[-79.9012,35.9431],[-79.9024,35.9434],[-79.9018,35.9443],[-79.8965,35.9561],[-79.8948,35.9599],[-79.8928,35.9659],[-79.8906,35.9725],[-79.8889,35.9783],[-79.8882,35.98],[-79.8871,35.9819],[-79.8855,35.9838],[-79.8825,35.9863],[-79.8814,35.9871],[-79.8775,35.9893],[-79.8747,35.9907],[-79.8685,35.9945],[-79.8645,35.9937],[-79.8608,35.9935],[-79.8584,35.9923],[-79.856,35.9917],[-79.8521,35.9917],[-79.8503,35.9919],[-79.8474,35.9926],[-79.8449,35.9936],[-79.8433,35.9939],[-79.8353,35.9939],[-79.8307,35.9938],[-79.8287,35.9935],[-79.8264,35.9928],[-79.8241,35.9923],[-79.821,35.9915],[-79.8167,35.9893],[-79.8167,35.9874],[-79.8132,35.9875],[-79.8015,35.9814],[-79.8014,35.9815],[-79.7896,35.991],[-79.7895,35.9912],[-79.7809,35.9982],[-79.7803,35.9961],[-79.7771,35.9973],[-79.7767,35.9962],[-79.7757,35.9962],[-79.7758,35.9943],[-79.7711,35.9941],[-79.771,35.9969],[-79.7693,35.9966],[-79.7641,35.9962],[-79.7601,35.9962],[-79.758,35.9965],[-79.7559,35.9966],[-79.7562,35.9956],[-79.755,35.9958],[-79.7548,35.9964],[-79.7535,35.9964],[-79.7506,35.996],[-79.7496,35.9957],[-79.7479,35.9943],[-79.7476,35.9955],[-79.748,35.9969],[-79.7481,35.9987],[-79.7475,35.9999],[-79.7463,36.001],[-79.7442,36.0025],[-79.7413,36.0056],[-79.7393,36.0083],[-79.7375,36.0111],[-79.7341,36.0167],[-79.7328,36.0182],[-79.7321,36.0183],[-79.732,36.0201],[-79.7304,36.0217],[-79.7275,36.0232],[-79.7275,36.0242],[-79.7262,36.0259],[-79.723,36.0279],[-79.7209,36.0288],[-79.7175,36.0299],[-79.7132,36.0307],[-79.7093,36.0311],[-79.703,36.0313],[-79.7014,36.0316],[-79.6975,36.0316],[-79.6954,36.0319],[-79.6945,36.0323],[-79.6933,36.0339],[-79.6914,36.0359],[-79.6901,36.0376],[-79.6887,36.0411],[-79.6883,36.0426],[-79.6872,36.0464],[-79.6863,36.0463],[-79.6864,36.0486],[-79.686,36.0499],[-79.6842,36.0531],[-79.684,36.0547],[-79.6811,36.057],[-79.6778,36.0579],[-79.6738,36.0583],[-79.6718,36.0583],[-79.6727,36.0574],[-79.6721,36.0563],[-79.6715,36.0562],[-79.6716,36.0548],[-79.6697,36.054],[-79.6696,36.0516],[-79.6706,36.0503],[-79.67,36.0495],[-79.6689,36.0498],[-79.6681,36.0488],[-79.6658,36.0494],[-79.6649,36.0493],[-79.6639,36.0485],[-79.6647,36.0471],[-79.6652,36.0453],[-79.6647,36.0449],[-79.6635,36.0448],[-79.6616,36.0435],[-79.6605,36.0435],[-79.6604,36.0491],[-79.6602,36.051],[-79.6608,36.0524],[-79.6612,36.0541],[-79.6599,36.0554],[-79.659,36.0544],[-79.6581,36.0554],[-79.6571,36.0549],[-79.6521,36.054],[-79.651,36.0535],[-79.6477,36.0516],[-79.6468,36.0522],[-79.6451,36.0527],[-79.6439,36.0539],[-79.6438,36.0555],[-79.6428,36.0568],[-79.6431,36.058],[-79.6455,36.0583],[-79.6542,36.0586],[-79.6547,36.0593],[-79.6544,36.0613],[-79.6532,36.0633],[-79.6524,36.0634],[-79.6522,36.0646],[-79.653,36.0646],[-79.6535,36.0635],[-79.6551,36.0644],[-79.6554,36.0631],[-79.657,36.0633],[-79.6569,36.0644],[-79.6608,36.0648],[-79.6609,36.0646],[-79.666,36.0649],[-79.6667,36.0631],[-79.6656,36.0617],[-79.6646,36.0609],[-79.6647,36.0598],[-79.6749,36.06],[-79.675,36.0614],[-79.6736,36.0614],[-79.6736,36.0627],[-79.6781,36.0628],[-79.6794,36.0631],[-79.6773,36.066],[-79.6775,36.067],[-79.6773,36.0696],[-79.6781,36.0701],[-79.6779,36.0713],[-79.6793,36.0708],[-79.6804,36.0715],[-79.6814,36.0749],[-79.6821,36.0803],[-79.6822,36.0821],[-79.6821,36.0854],[-79.6815,36.0849],[-79.6805,36.085],[-79.6804,36.0866],[-79.6762,36.0857],[-79.6737,36.0855],[-79.6664,36.0848],[-79.6599,36.0853],[-79.654,36.085],[-79.6528,36.0845],[-79.6472,36.0819],[-79.6437,36.0802],[-79.6402,36.0791],[-79.6395,36.088],[-79.6385,36.0914],[-79.6354,36.0952],[-79.6345,36.0965],[-79.6343,36.0972],[-79.6349,36.0983],[-79.6365,36.0998],[-79.6379,36.1015],[-79.6381,36.1025],[-79.6373,36.1051],[-79.6363,36.1068],[-79.6362,36.1086],[-79.6392,36.1088],[-79.6394,36.1114],[-79.6363,36.1123],[-79.6346,36.1134],[-79.6333,36.1153],[-79.6325,36.1188],[-79.6317,36.1203],[-79.6289,36.1236],[-79.6325,36.1238],[-79.6348,36.1246],[-79.6399,36.1267],[-79.6427,36.1281],[-79.6437,36.1284],[-79.6479,36.1284],[-79.6498,36.128],[-79.6544,36.1281],[-79.6567,36.1272],[-79.6586,36.1258],[-79.6616,36.1256],[-79.6653,36.1239],[-79.6667,36.1222],[-79.6683,36.1216],[-79.6693,36.1205],[-79.67,36.1173],[-79.6691,36.1154],[-79.6692,36.115],[-79.6709,36.1143],[-79.672,36.1122],[-79.6709,36.1115],[-79.6711,36.1099],[-79.6709,36.1084],[-79.6714,36.1072],[-79.671,36.1053],[-79.671,36.1042],[-79.6701,36.1033],[-79.6702,36.1027],[-79.6711,36.102],[-79.672,36.1021],[-79.6726,36.1012],[-79.6739,36.1006],[-79.675,36.101],[-79.6753,36.1004],[-79.6762,36.0999],[-79.6779,36.1006],[-79.6786,36.1017],[-79.6804,36.1028],[-79.6813,36.1049],[-79.6829,36.106],[-79.6848,36.1069],[-79.6878,36.1077],[-79.6927,36.1109],[-79.696,36.1127],[-79.7027,36.1162],[-79.7053,36.1177],[-79.7083,36.1201],[-79.711,36.122],[-79.7137,36.1249],[-79.7148,36.1271],[-79.715,36.1287],[-79.7152,36.1328],[-79.715,36.1354],[-79.7151,36.1366],[-79.7139,36.1377],[-79.7139,36.1411],[-79.7136,36.1431],[-79.7135,36.145],[-79.7128,36.1458],[-79.7126,36.1502],[-79.7106,36.1501],[-79.7106,36.1509],[-79.7082,36.1512],[-79.7096,36.1528],[-79.7112,36.1526],[-79.7169,36.153],[-79.7163,36.1508],[-79.7201,36.1507],[-79.7207,36.1516],[-79.7214,36.1545],[-79.7211,36.1601],[-79.7186,36.164],[-79.7176,36.1641],[-79.7174,36.1655],[-79.7162,36.1666],[-79.7153,36.167],[-79.71,36.1681],[-79.7054,36.1684],[-79.7024,36.1692],[-79.7003,36.1695],[-79.6952,36.1714],[-79.6934,36.1726],[-79.6899,36.1745],[-79.6852,36.1769],[-79.6834,36.1785],[-79.6828,36.1793],[-79.6803,36.1814],[-79.6805,36.1823],[-79.6787,36.1825],[-79.6792,36.1855],[-79.6808,36.1869],[-79.6839,36.1871],[-79.6847,36.1881],[-79.6845,36.192],[-79.6861,36.1906],[-79.6877,36.1932],[-79.6895,36.1954],[-79.6902,36.197],[-79.6929,36.1955],[-79.6972,36.1936],[-79.6984,36.1935],[-79.703,36.1936],[-79.7088,36.1936],[-79.7135,36.1946],[-79.714,36.1951],[-79.714,36.1961],[-79.7204,36.1964],[-79.7211,36.1966],[-79.7244,36.1966],[-79.7241,36.1988],[-79.7252,36.1991],[-79.7305,36.1994],[-79.7323,36.1958],[-79.7371,36.1973],[-79.7389,36.1958],[-79.7401,36.1958],[-79.7408,36.1973],[-79.742,36.1973],[-79.7405,36.1987],[-79.7402,36.2004],[-79.7414,36.2005],[-79.7429,36.2],[-79.7426,36.2017],[-79.7427,36.2023],[-79.7417,36.2029],[-79.743,36.2033],[-79.743,36.2043],[-79.7422,36.2066],[-79.7425,36.207],[-79.7439,36.2066],[-79.7438,36.2075],[-79.7452,36.2078],[-79.7452,36.2095],[-79.7465,36.2117],[-79.7448,36.2128],[-79.7451,36.2136],[-79.7465,36.2131],[-79.7474,36.2152],[-79.7486,36.2147],[-79.7478,36.2139],[-79.7489,36.2132],[-79.7506,36.2143],[-79.7527,36.2145],[-79.7529,36.2133],[-79.751,36.2131],[-79.7514,36.2037],[-79.7491,36.2035],[-79.7491,36.2024],[-79.7481,36.2022],[-79.7477,36.2006],[-79.7477,36.1994],[-79.7463,36.1994],[-79.7465,36.1987],[-79.7458,36.1962],[-79.7462,36.1958],[-79.746,36.1943],[-79.7467,36.1939],[-79.7488,36.1937],[-79.752,36.1978],[-79.7522,36.1988],[-79.7533,36.1986],[-79.7553,36.1999],[-79.7557,36.1983],[-79.7551,36.1979],[-79.7556,36.1968],[-79.7564,36.1981],[-79.7574,36.1972],[-79.7591,36.1977],[-79.7602,36.197],[-79.7611,36.1972],[-79.7615,36.1963],[-79.7625,36.1966],[-79.7637,36.1959],[-79.7653,36.1956],[-79.7649,36.1965],[-79.7661,36.1964],[-79.7674,36.1968],[-79.7699,36.1983],[-79.7726,36.201],[-79.7729,36.2011],[-79.7741,36.1992],[-79.7718,36.1979],[-79.7708,36.1967],[-79.7709,36.1952],[-79.7706,36.1925],[-79.7714,36.1921],[-79.774,36.1923],[-79.7733,36.1909],[-79.7735,36.1893],[-79.7728,36.1883],[-79.7722,36.1894],[-79.7722,36.1907],[-79.7706,36.1907],[-79.7689,36.1899],[-79.769,36.1912],[-79.7655,36.1916],[-79.7642,36.1914],[-79.7641,36.1925],[-79.7635,36.1935],[-79.762,36.1936],[-79.7592,36.192],[-79.7584,36.1938],[-79.7572,36.1938],[-79.7567,36.1943],[-79.7556,36.1932],[-79.7539,36.1937],[-79.7532,36.1919],[-79.7537,36.19],[-79.754,36.1878],[-79.7548,36.1862],[-79.7566,36.1853],[-79.7585,36.1863],[-79.7594,36.1856],[-79.7576,36.1842],[-79.7579,36.1834],[-79.7599,36.1826],[-79.7604,36.1818],[-79.7624,36.1828],[-79.7619,36.1808],[-79.7631,36.18],[-79.7631,36.178],[-79.7642,36.1792],[-79.7671,36.1814],[-79.7666,36.179],[-79.766,36.1778],[-79.7671,36.1769],[-79.7692,36.176],[-79.7695,36.1751],[-79.7693,36.1743],[-79.7706,36.1738],[-79.7718,36.1758],[-79.7728,36.1777],[-79.7754,36.1768],[-79.7751,36.1763],[-79.7772,36.1756],[-79.7771,36.1713],[-79.7786,36.1705],[-79.7781,36.1695],[-79.7783,36.1679],[-79.7793,36.1677],[-79.7824,36.1687],[-79.7821,36.1725],[-79.7817,36.173],[-79.7824,36.1736],[-79.7832,36.1734],[-79.7863,36.1747],[-79.7858,36.1755],[-79.7856,36.1767],[-79.786,36.1778],[-79.7878,36.1778],[-79.7889,36.1781],[-79.7913,36.1783],[-79.7921,36.1787],[-79.7956,36.1785],[-79.7961,36.18],[-79.7974,36.1798],[-79.7998,36.18],[-79.8004,36.181],[-79.8026,36.1826],[-79.8055,36.1841],[-79.8064,36.1824],[-79.8052,36.1808],[-79.8027,36.1799],[-79.802,36.1779],[-79.804,36.1777],[-79.8093,36.1775],[-79.8134,36.1769],[-79.816,36.1767],[-79.8193,36.1767],[-79.8239,36.1763],[-79.8274,36.1763],[-79.8278,36.177],[-79.8304,36.1769],[-79.8317,36.1763],[-79.8361,36.1763],[-79.8426,36.1769],[-79.8453,36.1774],[-79.8481,36.1762],[-79.8497,36.1762],[-79.8514,36.1833],[-79.8563,36.183],[-79.8597,36.1834],[-79.8593,36.1883],[-79.8522,36.1881],[-79.8521,36.1938],[-79.8458,36.1944],[-79.8445,36.1946],[-79.8444,36.1893],[-79.8394,36.1891],[-79.8332,36.1889],[-79.8321,36.1887],[-79.8322,36.1846],[-79.8312,36.1845],[-79.8311,36.1867],[-79.8301,36.1866],[-79.8298,36.1888],[-79.829,36.1879],[-79.8291,36.1843],[-79.8281,36.1842],[-79.8279,36.1897],[-79.8303,36.1893],[-79.8301,36.1927],[-79.8318,36.1925],[-79.8323,36.1937],[-79.8393,36.1941],[-79.8392,36.1951],[-79.8402,36.1951],[-79.8395,36.2004],[-79.8369,36.201],[-79.8361,36.1989],[-79.8373,36.1982],[-79.8354,36.198],[-79.8349,36.1993],[-79.8318,36.1992],[-79.8321,36.2033],[-79.8305,36.2037],[-79.8292,36.1998],[-79.8284,36.1998],[-79.8294,36.2088],[-79.8262,36.2093],[-79.8273,36.2107],[-79.8287,36.2101],[-79.8295,36.2106],[-79.8325,36.2107],[-79.8325,36.2093],[-79.8347,36.2095]],[[-79.9532,36.2078],[-79.9527,36.2072],[-79.9541,36.2064],[-79.9555,36.2078],[-79.9532,36.2078]],[[-79.9529,36.2137],[-79.9524,36.2104],[-79.9543,36.2104],[-79.9544,36.211],[-79.956,36.2109],[-79.9558,36.2124],[-79.9546,36.2125],[-79.9545,36.2115],[-79.9531,36.2116],[-79.954,36.2134],[-79.9529,36.2137]],[[-79.8792,36.1778],[-79.878,36.1763],[-79.8774,36.1745],[-79.8793,36.1758],[-79.8792,36.1778]],[[-79.8834,36.1757],[-79.8842,36.1759],[-79.8846,36.1771],[-79.8836,36.1777],[-79.8829,36.1769],[-79.8808,36.1773],[-79.8808,36.1758],[-79.8834,36.1757]],[[-79.9253,36.1491],[-79.9255,36.1485],[-79.9266,36.148],[-79.927,36.1484],[-79.9253,36.1491]],[[-79.6904,36.0586],[-79.6878,36.059],[-79.6874,36.0583],[-79.686,36.0578],[-79.6862,36.0562],[-79.6867,36.0563],[-79.6868,36.0539],[-79.6865,36.0535],[-79.6871,36.0508],[-79.6887,36.0458],[-79.6894,36.0433],[-79.6905,36.0401],[-79.6914,36.0394],[-79.6917,36.0382],[-79.6932,36.0366],[-79.6955,36.0351],[-79.6963,36.0354],[-79.6961,36.0367],[-79.6975,36.0365],[-79.6973,36.0351],[-79.6979,36.0343],[-79.6995,36.0344],[-79.7015,36.0334],[-79.7033,36.0333],[-79.7039,36.0345],[-79.7016,36.0351],[-79.7023,36.0366],[-79.7048,36.0359],[-79.7043,36.0344],[-79.7058,36.0345],[-79.7093,36.0357],[-79.7101,36.0352],[-79.7101,36.0333],[-79.712,36.0333],[-79.7121,36.032],[-79.7146,36.0317],[-79.7185,36.0308],[-79.7204,36.0302],[-79.7237,36.0287],[-79.7287,36.026],[-79.7317,36.0246],[-79.7321,36.0225],[-79.7332,36.0202],[-79.7339,36.0206],[-79.7341,36.0192],[-79.7352,36.0173],[-79.7381,36.0125],[-79.7387,36.0114],[-79.7416,36.0071],[-79.7436,36.0047],[-79.7461,36.0027],[-79.7488,36.002],[-79.7512,36.0019],[-79.7533,36.0025],[-79.7554,36.0036],[-79.7561,36.0043],[-79.7571,36.006],[-79.7578,36.0052],[-79.7571,36.0036],[-79.7569,36.0015],[-79.7574,36.0001],[-79.7582,35.9991],[-79.7598,35.9978],[-79.7616,35.9973],[-79.7633,35.9973],[-79.7669,35.9976],[-79.7701,35.9981],[-79.7753,35.9993],[-79.7776,36.0001],[-79.7776,36.0009],[-79.7766,36.0017],[-79.776,36.003],[-79.7745,36.0076],[-79.7741,36.0107],[-79.7738,36.0119],[-79.7727,36.0133],[-79.7711,36.0149],[-79.7661,36.0182],[-79.7651,36.019],[-79.7573,36.024],[-79.7534,36.0261],[-79.7521,36.0265],[-79.7497,36.0275],[-79.7477,36.0289],[-79.7469,36.0319],[-79.7467,36.0345],[-79.7478,36.0384],[-79.7494,36.0423],[-79.7507,36.0445],[-79.7507,36.0464],[-79.75,36.0469],[-79.747,36.0478],[-79.7389,36.0504],[-79.7364,36.0508],[-79.7338,36.0506],[-79.7331,36.0507],[-79.7299,36.0525],[-79.7258,36.0535],[-79.7258,36.0532],[-79.724,36.0527],[-79.722,36.0531],[-79.722,36.052],[-79.7188,36.0523],[-79.716,36.0508],[-79.7159,36.0535],[-79.7145,36.0534],[-79.7143,36.0559],[-79.7112,36.0562],[-79.7111,36.0555],[-79.7096,36.0552],[-79.7053,36.0548],[-79.7041,36.0549],[-79.7038,36.0557],[-79.7007,36.0554],[-79.7014,36.0529],[-79.6983,36.0526],[-79.6971,36.0531],[-79.6899,36.0529],[-79.6899,36.0544],[-79.6911,36.056],[-79.6899,36.056],[-79.6899,36.0571],[-79.692,36.0583],[-79.6904,36.0586]],[[-80.0376,35.919],[-80.0376,35.9203],[-80.0349,35.9202],[-80.0349,35.9195],[-80.032,35.9194],[-80.0308,35.9187],[-80.0305,35.9192],[-80.029,35.9183],[-80.0298,35.9171],[-80.0282,35.9169],[-80.0284,35.9177],[-80.0273,35.9182],[-80.0259,35.9192],[-80.0241,35.9197],[-80.0237,35.9187],[-80.0219,35.9196],[-80.0174,35.9193],[-80.0144,35.9193],[-80.0145,35.9183],[-80.016,35.9184],[-80.0157,35.9174],[-80.0158,35.9161],[-80.0129,35.9162],[-80.0132,35.9149],[-80.0153,35.9143],[-80.0156,35.9093],[-80.0181,35.9089],[-80.0201,35.9087],[-80.0203,35.9094],[-80.0224,35.9103],[-80.0223,35.9127],[-80.024,35.9127],[-80.0247,35.9118],[-80.025,35.9083],[-80.0261,35.9092],[-80.0268,35.908],[-80.0276,35.9076],[-80.027,35.9067],[-80.031,35.9069],[-80.0312,35.906],[-80.0343,35.9042],[-80.0361,35.904],[-80.037,35.9042],[-80.0384,35.9026],[-80.0397,35.9016],[-80.0416,35.8995],[-80.0421,35.8979],[-80.0419,35.8962],[-80.0429,35.8941],[-80.0481,35.8941],[-80.0472,35.9118],[-80.0468,35.9183],[-80.0455,35.9182],[-80.0451,35.9168],[-80.0445,35.9168],[-80.0431,35.9187],[-80.0382,35.9177],[-80.0391,35.9184],[-80.0389,35.919],[-80.0376,35.919]]]},"properties":{"OBJECTID":6448},"id":6448},
{"type":"Feature","geometry":{"type":"Polygon","coordinates":[[[-81.1435,35.1843],[-81.1442,35.1844],[-81.1435,35.1838],[-81.1435,35.1843]]]},"properties":{"OBJECTID":6450},"id":6450},
{"type":"Feature","geometry":{"type":"Polygon","coordinates":[[[-77.4467,35.5655],[-77.4493,35.5656],[-77.4491,35.5654],[-77.4467,35.5652],[-77.4467,35.5655]]]},"properties":{"OBJECTID":6451},"id":6451},
{"type":"Feature","geometry":{"type":"Polygon","coordinates":[[[-78.0601,35.4241],[-78.06,35.4248],[-78.0617,35.4258],[-78.0647,35.4248],[-78.0655,35.4216],[-78.0649,35.4206],[-78.061,35.4207],[-78.0597,35.4215],[-78.059,35.4223],[-78.0582,35.4241],[-78.0598,35.4247],[-78.0601,35.4241]]]},"properties":{"OBJECTID":6452},"id":6452},
{"type":"Feature","geometry":{"type":"Polygon","coordinates":[[[-78.7911,35.5609],[-78.792,35.5616],[-78.7916,35.5621],[-78.792,35.5625],[-78.7926,35.5615],[-78.7911,35.5609]]]},"properties":{"OBJECTID":6454},"id":6454},
{"type":"Feature","geometry":{"type":"Polygon","coordinates":[[[-80.9529,34.1924],[-80.9542,34.1928],[-80.9547,34.1938],[-80.9537,34.1968],[-80.955,34.1984],[-80.9565,34.1993],[-80.9576,34.1982],[-80.9575,34.1964],[-80.9603,34.1954],[-80.9609,34.1943],[-80.9608,34.1919],[-80.9613,34.1915],[-80.9661,34.1889],[-80.9667,34.1884],[-80.9651,34.1863],[-80.9643,34.1854],[-80.9606,34.1827],[-80.9596,34.1812],[-80.9636,34.1803],[-80.9691,34.1798],[-80.9698,34.177],[-80.9705,34.1752],[-80.9729,34.1674],[-80.975,34.1583],[-80.9762,34.1539],[-80.9786,34.1505],[-80.9824,34.1473],[-80.9836,34.1461],[-80.9844,34.145],[-80.9911,34.1327],[-80.9916,34.1315],[-80.9925,34.1268],[-80.9936,34.1247],[-80.9938,34.1232],[-80.9992,34.1231],[-81.0028,34.1229],[-81.0076,34.1235],[-81.0123,34.1231],[-81.0155,34.1234],[-81.0208,34.1243],[-81.0233,34.1254],[-81.0245,34.1255],[-81.0291,34.1244],[-81.0284,34.1223],[-81.0306,34.1218],[-81.0381,34.1202],[-81.0427,34.1192],[-81.0461,34.1182],[-81.0469,34.1179],[-81.0481,34.1167],[-81.0507,34.1151],[-81.0515,34.1162],[-81.0532,34.1159],[-81.0546,34.1178],[-81.0558,34.1178],[-81.0587,34.1173],[-81.061,34.1173],[-81.0622,34.1167],[-81.0645,34.1148],[-81.0676,34.1134],[-81.068,34.113],[-81.0686,34.1112],[-81.0694,34.1102],[-81.0711,34.1089],[-81.0724,34.1066],[-81.0776,34.1026],[-81.0773,34.1053],[-81.0814,34.1057],[-81.0832,34.1046],[-81.0864,34.1037],[-81.0882,34.1037],[-81.0883,34.1063],[-81.094,34.104],[-81.0982,34.102],[-81.099,34.1011],[-81.0997,34.0989],[-81.0998,34.0957],[-81.0993,34.0924],[-81.0999,34.0889],[-81.1007,34.0879],[-81.1032,34.0894],[-81.1046,34.0908],[-81.1055,34.0924],[-81.1089,34.1002],[-81.11,34.1016],[-81.1119,34.1033],[-81.1139,34.1045],[-81.1162,34.1051],[-81.1173,34.106],[-81.1185,34.1084],[-81.1187,34.1097],[-81.1196,34.1125],[-81.1209,34.1121],[-81.1217,34.1139],[-81.1255,34.1135],[-81.1279,34.1138],[-81.1304,34.1146],[-81.1331,34.1161],[-81.1347,34.1165],[-81.136,34.1173],[-81.1369,34.1189],[-81.1368,34.1199],[-81.1373,34.1208],[-81.1315,34.1249],[-81.1331,34.1263],[-81.1345,34.1283],[-81.1367,34.1332],[-81.1382,34.133],[-81.1445,34.1318],[-81.1467,34.1317],[-81.1485,34.1318],[-81.1486,34.1313],[-81.1527,34.1295],[-81.1515,34.1272],[-81.1549,34.1261],[-81.1542,34.1234],[-81.1515,34.1249],[-81.1496,34.1217],[-81.1497,34.1202],[-81.153,34.1197],[-81.1534,34.1229],[-81.1544,34.1227],[-81.1588,34.1191],[-81.1606,34.1178],[-81.1631,34.1164],[-81.1635,34.1154],[-81.1629,34.1133],[-81.1644,34.1141],[-81.1687,34.1178],[-81.1712,34.1209],[-81.1727,34.1233],[-81.1735,34.1243],[-81.1762,34.1264],[-81.1772,34.1282],[-81.1776,34.1296],[-81.1781,34.1299],[-81.1832,34.1264],[-81.1851,34.1259],[-81.1882,34.1261],[-81.1916,34.1254],[-81.1947,34.125],[-81.1952,34.1251],[-81.1959,34.1263],[-81.1982,34.1283],[-81.2005,34.1255],[-81.2014,34.1248],[-81.199,34.1225],[-81.1991,34.1224],[-81.2063,34.1293],[-81.207,34.1288],[-81.2022,34.1241],[-81.2046,34.122],[-81.2057,34.1226],[-81.2065,34.1237],[-81.2088,34.1208],[-81.2094,34.1211],[-81.2085,34.1223],[-81.2094,34.1229],[-81.209,34.1234],[-81.2101,34.1241],[-81.209,34.1255],[-81.2102,34.1262],[-81.2116,34.1245],[-81.2138,34.126],[-81.2132,34.1268],[-81.2142,34.1275],[-81.2151,34.1269],[-81.2169,34.128],[-81.2176,34.1276],[-81.2194,34.1297],[-81.2184,34.1304],[-81.217,34.1321],[-81.2159,34.1328],[-81.2155,34.132],[-81.2154,34.1306],[-81.2142,34.1302],[-81.2121,34.1315],[-81.2163,34.1339],[-81.2148,34.1354],[-81.2163,34.1361],[-81.2178,34.1337],[-81.2195,34.1345],[-81.2202,34.1333],[-81.2221,34.1332],[-81.2234,34.134],[-81.2228,34.137],[-81.2262,34.1349],[-81.2307,34.1379],[-81.2327,34.1397],[-81.2336,34.1379],[-81.2343,34.1373],[-81.2369,34.1385],[-81.2408,34.1349],[-81.2372,34.132],[-81.2363,34.132],[-81.2353,34.1328],[-81.2328,34.1354],[-81.2301,34.1341],[-81.2306,34.1331],[-81.2267,34.129],[-81.2277,34.1283],[-81.2263,34.128],[-81.2263,34.1262],[-81.2254,34.1246],[-81.2241,34.1242],[-81.2253,34.1215],[-81.2237,34.1207],[-81.2231,34.1215],[-81.2205,34.1176],[-81.2196,34.1175],[-81.22,34.1164],[-81.2246,34.1117],[-81.2261,34.11],[-81.2294,34.1086],[-81.2328,34.1088],[-81.2345,34.1083],[-81.2373,34.1059],[-81.2387,34.1048],[-81.2438,34.1022],[-81.2378,34.102],[-81.2334,34.1018],[-81.228,34.1013],[-81.2278,34.0997],[-81.2289,34.0988],[-81.2297,34.0977],[-81.2299,34.0971],[-81.2281,34.0969],[-81.2288,34.0961],[-81.2301,34.0961],[-81.2318,34.0957],[-81.2309,34.0943],[-81.2301,34.0942],[-81.2302,34.0926],[-81.2288,34.0928],[-81.2288,34.092],[-81.2296,34.0919],[-81.2298,34.0909],[-81.2309,34.092],[-81.2321,34.0923],[-81.2328,34.0936],[-81.2335,34.094],[-81.2342,34.0935],[-81.2332,34.0924],[-81.2344,34.092],[-81.2353,34.0902],[-81.2338,34.0896],[-81.2332,34.0887],[-81.2348,34.0882],[-81.2352,34.0878],[-81.2343,34.0852],[-81.2356,34.0863],[-81.2367,34.0883],[-81.2369,34.0893],[-81.2377,34.0895],[-81.2375,34.0907],[-81.2384,34.0907],[-81.2387,34.0901],[-81.2409,34.0899],[-81.2405,34.089],[-81.2414,34.0882],[-81.2387,34.0878],[-81.2397,34.0872],[-81.2414,34.0869],[-81.2407,34.0854],[-81.2409,34.0835],[-81.239,34.0819],[-81.2412,34.0823],[-81.2412,34.0809],[-81.2429,34.0836],[-81.2427,34.0846],[-81.2431,34.0852],[-81.2441,34.0854],[-81.2456,34.0841],[-81.2459,34.0852],[-81.2471,34.0851],[-81.2494,34.0842],[-81.2494,34.0836],[-81.2513,34.0831],[-81.2516,34.0843],[-81.2534,34.084],[-81.2538,34.0827],[-81.253,34.0828],[-81.2516,34.0823],[-81.2495,34.0823],[-81.2491,34.0819],[-81.2478,34.082],[-81.2466,34.0816],[-81.2466,34.0808],[-81.2449,34.0795],[-81.244,34.0796],[-81.2437,34.079],[-81.2454,34.0781],[-81.2462,34.0785],[-81.2471,34.0778],[-81.2486,34.0778],[-81.2481,34.0767],[-81.2493,34.0759],[-81.2503,34.0757],[-81.2512,34.0764],[-81.2522,34.0766],[-81.2534,34.0756],[-81.2541,34.076],[-81.2553,34.0756],[-81.2549,34.0749],[-81.2563,34.0741],[-81.2573,34.0756],[-81.2574,34.0773],[-81.2584,34.0776],[-81.2598,34.0769],[-81.2596,34.0744],[-81.2585,34.0739],[-81.2589,34.0727],[-81.2585,34.0721],[-81.2572,34.072],[-81.2566,34.0716],[-81.2567,34.0705],[-81.2582,34.0698],[-81.2585,34.069],[-81.2597,34.0688],[-81.2591,34.068],[-81.2571,34.0679],[-81.2575,34.0664],[-81.2571,34.0659],[-81.2556,34.0661],[-81.2548,34.0685],[-81.2554,34.0692],[-81.2557,34.0711],[-81.2536,34.0709],[-81.2523,34.0703],[-81.2519,34.0712],[-81.252,34.0724],[-81.2511,34.0724],[-81.2506,34.0735],[-81.2498,34.0738],[-81.2491,34.0726],[-81.2476,34.0726],[-81.2477,34.0718],[-81.2491,34.0711],[-81.2502,34.071],[-81.2499,34.0696],[-81.2489,34.0695],[-81.2482,34.0687],[-81.2466,34.0678],[-81.2474,34.0674],[-81.2491,34.0676],[-81.2498,34.0679],[-81.2517,34.0679],[-81.252,34.0673],[-81.2505,34.0668],[-81.2506,34.0648],[-81.2504,34.0638],[-81.2495,34.0639],[-81.2479,34.0656],[-81.2467,34.0656],[-81.2467,34.0644],[-81.2459,34.0645],[-81.2449,34.065],[-81.2437,34.0648],[-81.2423,34.0655],[-81.2413,34.0646],[-81.2415,34.064],[-81.2428,34.0636],[-81.2424,34.0626],[-81.2441,34.0617],[-81.2435,34.0606],[-81.241,34.0606],[-81.2402,34.0608],[-81.2402,34.0618],[-81.2394,34.0638],[-81.2387,34.0632],[-81.2383,34.0618],[-81.2376,34.0614],[-81.238,34.0606],[-81.2366,34.059],[-81.2359,34.06],[-81.2348,34.0608],[-81.2338,34.0602],[-81.2317,34.0594],[-81.2309,34.0597],[-81.2304,34.0604],[-81.2321,34.062],[-81.2318,34.0628],[-81.2332,34.0636],[-81.2339,34.0627],[-81.235,34.0628],[-81.2367,34.0643],[-81.2359,34.0648],[-81.2349,34.0648],[-81.2343,34.0656],[-81.2347,34.0676],[-81.2362,34.0685],[-81.2358,34.0691],[-81.2367,34.0702],[-81.2346,34.0703],[-81.2339,34.0695],[-81.2339,34.0687],[-81.2331,34.0676],[-81.2324,34.0674],[-81.2319,34.0665],[-81.231,34.0664],[-81.2309,34.0652],[-81.2299,34.0655],[-81.2294,34.0638],[-81.2283,34.0639],[-81.227,34.0646],[-81.2263,34.0646],[-81.2264,34.0658],[-81.2259,34.0665],[-81.2247,34.0664],[-81.2243,34.0677],[-81.2234,34.067],[-81.2227,34.0645],[-81.2218,34.0631],[-81.2216,34.0612],[-81.2216,34.0578],[-81.2213,34.0563],[-81.2181,34.051],[-81.2172,34.0489],[-81.2167,34.0444],[-81.2164,34.0403],[-81.2166,34.0395],[-81.2177,34.0392],[-81.2184,34.0379],[-81.2198,34.0367],[-81.2215,34.0363],[-81.2235,34.0363],[-81.2248,34.0366],[-81.2261,34.0353],[-81.2275,34.0351],[-81.2306,34.0349],[-81.2307,34.0342],[-81.2294,34.0345],[-81.2286,34.0343],[-81.2269,34.0345],[-81.2259,34.0344],[-81.2256,34.0335],[-81.2235,34.032],[-81.2235,34.0311],[-81.2259,34.0316],[-81.2266,34.0321],[-81.2276,34.0318],[-81.228,34.031],[-81.2274,34.0301],[-81.2275,34.0294],[-81.2296,34.0299],[-81.2303,34.0304],[-81.2317,34.0303],[-81.2313,34.0296],[-81.2303,34.0297],[-81.2291,34.0284],[-81.2299,34.0273],[-81.2311,34.0265],[-81.2307,34.0259],[-81.2295,34.0265],[-81.2284,34.0263],[-81.2269,34.0271],[-81.2252,34.0277],[-81.2242,34.0263],[-81.2254,34.0256],[-81.2245,34.0249],[-81.2227,34.0246],[-81.2232,34.0237],[-81.2237,34.0236],[-81.2243,34.0225],[-81.2255,34.0225],[-81.2274,34.0215],[-81.2269,34.0202],[-81.2288,34.0212],[-81.2308,34.0198],[-81.2306,34.0187],[-81.2312,34.018],[-81.233,34.0193],[-81.2334,34.0186],[-81.2358,34.0179],[-81.2365,34.0167],[-81.2376,34.017],[-81.2384,34.0162],[-81.2394,34.0164],[-81.2401,34.0159],[-81.2409,34.0144],[-81.2417,34.016],[-81.2442,34.0156],[-81.246,34.0149],[-81.2467,34.0154],[-81.2463,34.0165],[-81.2448,34.0171],[-81.2438,34.0188],[-81.2426,34.0189],[-81.2419,34.02],[-81.2411,34.0198],[-81.2407,34.0205],[-81.2417,34.0209],[-81.242,34.0223],[-81.2399,34.0239],[-81.2393,34.0247],[-81.2406,34.0251],[-81.2411,34.0243],[-81.2425,34.0245],[-81.2436,34.0229],[-81.2429,34.0223],[-81.2428,34.0214],[-81.2451,34.0208],[-81.2456,34.0223],[-81.2465,34.0221],[-81.248,34.0211],[-81.2481,34.0197],[-81.249,34.0188],[-81.249,34.0211],[-81.2487,34.0218],[-81.2489,34.023],[-81.2508,34.0227],[-81.2504,34.0247],[-81.2509,34.0254],[-81.2524,34.025],[-81.2538,34.0254],[-81.253,34.0265],[-81.2531,34.0282],[-81.2538,34.0289],[-81.2526,34.0299],[-81.2517,34.0299],[-81.251,34.0305],[-81.2503,34.03],[-81.2503,34.032],[-81.2498,34.0324],[-81.2486,34.0326],[-81.2488,34.0334],[-81.2514,34.0336],[-81.2516,34.0327],[-81.2525,34.0325],[-81.254,34.033],[-81.255,34.0328],[-81.2557,34.0334],[-81.2567,34.0333],[-81.2566,34.0325],[-81.2578,34.0325],[-81.2595,34.0337],[-81.2606,34.0334],[-81.2612,34.0308],[-81.2619,34.0302],[-81.2624,34.0284],[-81.2633,34.0285],[-81.2651,34.0272],[-81.2665,34.0264],[-81.2676,34.0262],[-81.2676,34.0252],[-81.2691,34.0253],[-81.2689,34.0263],[-81.2668,34.0274],[-81.2664,34.0285],[-81.2674,34.0294],[-81.2662,34.0296],[-81.2657,34.0304],[-81.2643,34.0314],[-81.2641,34.0335],[-81.2629,34.0345],[-81.264,34.0354],[-81.2646,34.0366],[-81.2644,34.0377],[-81.2659,34.0382],[-81.2663,34.0374],[-81.2653,34.0363],[-81.2657,34.0348],[-81.2675,34.0345],[-81.2673,34.0355],[-81.2681,34.0364],[-81.2689,34.0368],[-81.2709,34.0361],[-81.2709,34.0369],[-81.272,34.037],[-81.2731,34.0353],[-81.2735,34.0367],[-81.2745,34.0366],[-81.2753,34.0351],[-81.2766,34.034],[-81.277,34.0348],[-81.2759,34.036],[-81.2755,34.0374],[-81.2737,34.0382],[-81.2738,34.0385],[-81.2756,34.0387],[-81.2769,34.0384],[-81.2788,34.0373],[-81.2791,34.0383],[-81.278,34.0402],[-81.2784,34.0409],[-81.277,34.0421],[-81.2773,34.0427],[-81.2793,34.0411],[-81.2802,34.0391],[-81.2802,34.0368],[-81.2791,34.0317],[-81.2751,34.0284],[-81.2693,34.0236],[-81.267,34.0217],[-81.2649,34.0199],[-81.2631,34.0181],[-81.262,34.0162],[-81.2613,34.0144],[-81.2659,34.0132],[-81.2688,34.0116],[-81.2702,34.0137],[-81.2724,34.0139],[-81.2676,34.0076],[-81.269,34.0069],[-81.2715,34.0065],[-81.2714,34.0046],[-81.2729,34.0046],[-81.2729,34.0018],[-81.2744,34.0016],[-81.2739,33.9997],[-81.2763,33.9985],[-81.2761,33.9976],[-81.2748,33.9976],[-81.2745,33.996],[-81.2754,33.9959],[-81.275,33.9948],[-81.2725,33.9957],[-81.2715,33.995],[-81.2701,33.9913],[-81.2738,33.991],[-81.273,33.989],[-81.2715,33.9863],[-81.2707,33.9857],[-81.2728,33.9846],[-81.2747,33.9843],[-81.2805,33.985],[-81.2842,33.9864],[-81.2855,33.9868],[-81.2887,33.9861],[-81.29,33.9854],[-81.2906,33.981],[-81.288,33.9811],[-81.2885,33.9742],[-81.2878,33.9734],[-81.2841,33.9702],[-81.2838,33.9687],[-81.2825,33.9667],[-81.2817,33.9659],[-81.2799,33.965],[-81.2791,33.9624],[-81.2742,33.9626],[-81.2721,33.9623],[-81.2747,33.96],[-81.2782,33.9562],[-81.2797,33.9542],[-81.2767,33.9533],[-81.2781,33.9526],[-81.2802,33.953],[-81.2806,33.9515],[-81.2796,33.9513],[-81.2798,33.9504],[-81.2782,33.9507],[-81.2775,33.9504],[-81.2773,33.9493],[-81.2782,33.948],[-81.2795,33.9474],[-81.2783,33.947],[-81.2774,33.9472],[-81.2771,33.9479],[-81.2762,33.9481],[-81.2758,33.9493],[-81.2742,33.9509],[-81.2733,33.9503],[-81.2736,33.9491],[-81.2733,33.9482],[-81.2746,33.948],[-81.275,33.9459],[-81.2705,33.9465],[-81.2701,33.9458],[-81.2689,33.9477],[-81.2699,33.9512],[-81.2679,33.9514],[-81.2675,33.9512],[-81.2658,33.9522],[-81.2655,33.953],[-81.2618,33.9545],[-81.2612,33.9553],[-81.2605,33.9554],[-81.2587,33.9576],[-81.2583,33.9586],[-81.2564,33.9548],[-81.2549,33.9538],[-81.255,33.9517],[-81.2545,33.9498],[-81.2559,33.949],[-81.258,33.9452],[-81.2652,33.9427],[-81.2638,33.9425],[-81.2593,33.9406],[-81.2602,33.9381],[-81.2601,33.9353],[-81.258,33.9353],[-81.2556,33.9349],[-81.253,33.9355],[-81.2519,33.9355],[-81.2506,33.9351],[-81.2489,33.934],[-81.2447,33.9336],[-81.2439,33.9339],[-81.2422,33.9322],[-81.2414,33.9318],[-81.2405,33.9326],[-81.2397,33.9326],[-81.2383,33.932],[-81.2387,33.9295],[-81.2385,33.9284],[-81.2362,33.928],[-81.2298,33.9271],[-81.2287,33.9275],[-81.2277,33.9284],[-81.2258,33.929],[-81.2238,33.9292],[-81.2202,33.929],[-81.2171,33.9295],[-81.2158,33.9295],[-81.2114,33.9283],[-81.2083,33.9282],[-81.2059,33.9277],[-81.2028,33.9266],[-81.1999,33.9251],[-81.1964,33.9223],[-81.1944,33.9216],[-81.1873,33.9217],[-81.1841,33.9213],[-81.1812,33.9204],[-81.1788,33.9193],[-81.1753,33.9182],[-81.1735,33.9179],[-81.1717,33.916],[-81.1674,33.915],[-81.167,33.9155],[-81.1657,33.9178],[-81.1641,33.9139],[-81.1639,33.9121],[-81.1645,33.9086],[-81.1638,33.9076],[-81.1621,33.907],[-81.1614,33.9063],[-81.1608,33.9024],[-81.1603,33.9016],[-81.1583,33.8994],[-81.1564,33.8969],[-81.1548,33.895],[-81.1485,33.8908],[-81.1403,33.8854],[-81.1388,33.8841],[-81.1375,33.8827],[-81.1366,33.8821],[-81.1339,33.881],[-81.1321,33.8799],[-81.1295,33.8775],[-81.1303,33.8761],[-81.1289,33.8739],[-81.1282,33.8733],[-81.1257,33.8726],[-81.123,33.8723],[-81.1215,33.8736],[-81.1186,33.874],[-81.1178,33.876],[-81.1144,33.875],[-81.112,33.8749],[-81.1032,33.8767],[-81.099,33.8765],[-81.0981,33.8766],[-81.0955,33.8779],[-81.0928,33.8784],[-81.0911,33.8783],[-81.0821,33.8767],[-81.0797,33.8767],[-81.0766,33.878],[-81.0717,33.8783],[-81.07,33.8751],[-81.0686,33.8738],[-81.0655,33.8758],[-81.0582,33.8792],[-81.0555,33.881],[-81.054,33.8829],[-81.0523,33.8856],[-81.0513,33.8865],[-81.0474,33.8832],[-81.0453,33.8821],[-81.0433,33.8812],[-81.0402,33.8808],[-81.0391,33.8801],[-81.0383,33.879],[-81.0389,33.8772],[-81.0388,33.8765],[-81.0374,33.8732],[-81.0374,33.8723],[-81.0378,33.8709],[-81.0342,33.8723],[-81.0258,33.8751],[-81.02,33.8773],[-81.0141,33.8793],[-81.0123,33.8801],[-81.0007,33.8785],[-80.9996,33.878],[-80.9978,33.8793],[-80.9992,33.8827],[-81.0004,33.8848],[-81.0002,33.8865],[-80.9962,33.8918],[-80.9923,33.8975],[-80.9897,33.901],[-80.988,33.906],[-80.9855,33.9133],[-80.9826,33.9217],[-80.9813,33.9236],[-80.9811,33.9242],[-80.9813,33.9284],[-80.9806,33.9307],[-80.9804,33.9329],[-80.9806,33.934],[-80.9802,33.9358],[-80.9785,33.9371],[-80.9759,33.9355],[-80.9722,33.9344],[-80.971,33.9337],[-80.9621,33.9264],[-80.9554,33.9218],[-80.9543,33.9236],[-80.9404,33.9284],[-80.9371,33.93],[-80.9278,33.933],[-80.9263,33.9326],[-80.925,33.9353],[-80.9183,33.9427],[-80.9178,33.9429],[-80.9163,33.9425],[-80.9145,33.9446],[-80.9123,33.9434],[-80.9092,33.943],[-80.9064,33.9432],[-80.904,33.9438],[-80.9038,33.9442],[-80.9008,33.9437],[-80.8985,33.9436],[-80.8915,33.9443],[-80.8868,33.9444],[-80.8766,33.9441],[-80.8755,33.9441],[-80.8731,33.9448],[-80.8736,33.9484],[-80.8736,33.9528],[-80.8734,33.9557],[-80.8725,33.9597],[-80.8684,33.9665],[-80.8683,33.9674],[-80.8689,33.97],[-80.869,33.971],[-80.8682,33.976],[-80.8667,33.9783],[-80.8662,33.9795],[-80.8645,33.9855],[-80.8644,33.9878],[-80.8648,33.9886],[-80.8659,33.9898],[-80.8668,33.9918],[-80.8434,33.9951],[-80.8424,33.995],[-80.8127,33.999],[-80.8059,34],[-80.7922,34.0018],[-80.7806,34.0034],[-80.7507,34.006],[-80.7498,34.0063],[-80.7174,34.0078],[-80.7138,34.0078],[-80.7068,34.0082],[-80.7053,34.0087],[-80.7044,34.0095],[-80.7043,34.0216],[-80.7042,34.0345],[-80.7039,34.0613],[-80.7067,34.0625],[-80.7089,34.063],[-80.7113,34.0633],[-80.7155,34.0644],[-80.7223,34.0669],[-80.724,34.0677],[-80.7264,34.0691],[-80.7314,34.0733],[-80.7346,34.0768],[-80.7362,34.0781],[-80.7416,34.0814],[-80.7441,34.0824],[-80.7475,34.0834],[-80.749,34.0839],[-80.7517,34.0836],[-80.7539,34.0836],[-80.7557,34.0842],[-80.7566,34.0849],[-80.7612,34.0892],[-80.7629,34.0911],[-80.7649,34.0938],[-80.7656,34.095],[-80.7663,34.097],[-80.7674,34.0983],[-80.7698,34.0999],[-80.7716,34.1008],[-80.7739,34.1018],[-80.7764,34.1024],[-80.7782,34.1024],[-80.7834,34.1019],[-80.7853,34.1019],[-80.8014,34.1028],[-80.8041,34.1034],[-80.8058,34.1041],[-80.8067,34.1049],[-80.8064,34.1056],[-80.8075,34.107],[-80.8085,34.1086],[-80.8015,34.1112],[-80.7917,34.1151],[-80.7825,34.119],[-80.7937,34.1278],[-80.8026,34.1352],[-80.8049,34.137],[-80.8133,34.1435],[-80.8185,34.148],[-80.8201,34.1491],[-80.8275,34.1549],[-80.8413,34.1659],[-80.848,34.1714],[-80.8512,34.1739],[-80.8524,34.1745],[-80.8649,34.1801],[-80.8697,34.1824],[-80.8695,34.1829],[-80.8741,34.1836],[-80.8797,34.1857],[-80.8892,34.1901],[-80.8934,34.1931],[-80.8973,34.1943],[-80.9045,34.1948],[-80.9073,34.1947],[-80.9091,34.1948],[-80.9111,34.1953],[-80.9212,34.1936],[-80.9251,34.1936],[-80.931,34.1948],[-80.9386,34.1957],[-80.9433,34.195],[-80.9452,34.1949],[-80.947,34.1945],[-80.9517,34.1926],[-80.9529,34.1924]]]},"properties":{"OBJECTID":6457},"id":6457},
{"type":"Feature","geometry":{"type":"Polygon","coordinates":[[[-78.9038,35.6765],[-78.9038,35.6776],[-78.9104,35.6775],[-78.9124,35.6765],[-78.9124,35.6743],[-78.914,35.6744],[-78.9146,35.6736],[-78.9146,35.6727],[-78.8991,35.6721],[-78.899,35.6736],[-78.9039,35.6739],[-78.9038,35.6765]]]},"properties":{"OBJECTID":6460},"id":6460},
{"type":"Feature","geometry":{"type":"Polygon","coordinates":[[[-78.9251,35.7995],[-78.9266,35.8016],[-78.9269,35.8016],[-78.9251,35.7995]]]},"properties":{"OBJECTID":6461},"id":6461},
{"type":"Feature","geometry":{"type":"Polygon","coordinates":[[[-77.3603,34.7751],[-77.357,34.7798],[-77.3562,34.784],[-77.3537,34.7885],[-77.3541,34.7916],[-77.3554,34.7923],[-77.3573,34.7946],[-77.3628,34.7961],[-77.3629,34.7973],[-77.3643,34.798],[-77.3685,34.7989],[-77.3725,34.8009],[-77.3757,34.8046],[-77.3775,34.8086],[-77.3823,34.809],[-77.3935,34.8074],[-77.3932,34.8098],[-77.3978,34.8106],[-77.3982,34.8114],[-77.399,34.8109],[-77.4018,34.8114],[-77.409,34.8132],[-77.41,34.8137],[-77.4136,34.8164],[-77.4148,34.8155],[-77.4165,34.8162],[-77.4182,34.8151],[-77.4191,34.8121],[-77.4233,34.8153],[-77.4255,34.8148],[-77.4282,34.815],[-77.4299,34.8163],[-77.4312,34.8147],[-77.4339,34.8152],[-77.4349,34.8162],[-77.4359,34.8166],[-77.4373,34.8156],[-77.4376,34.8148],[-77.4386,34.8134],[-77.4384,34.8129],[-77.4397,34.8116],[-77.4399,34.8098],[-77.4415,34.8097],[-77.4471,34.807],[-77.4455,34.8044],[-77.4602,34.7969],[-77.4612,34.7861],[-77.4669,34.7806],[-77.4683,34.7772],[-77.4659,34.7607],[-77.4704,34.7594],[-77.4714,34.7543],[-77.4692,34.753],[-77.47,34.7523],[-77.4731,34.7476],[-77.4705,34.7453],[-77.4801,34.7378],[-77.4837,34.7365],[-77.4846,34.7358],[-77.485,34.7347],[-77.4847,34.7327],[-77.4854,34.7319],[-77.4865,34.7325],[-77.4874,34.7314],[-77.4864,34.7303],[-77.4871,34.7295],[-77.4896,34.7296],[-77.4907,34.7288],[-77.4917,34.7275],[-77.4923,34.7245],[-77.4921,34.7181],[-77.4964,34.7142],[-77.4961,34.7131],[-77.4932,34.7099],[-77.4907,34.7085],[-77.4823,34.7057],[-77.4798,34.7057],[-77.4777,34.7051],[-77.4779,34.7043],[-77.4768,34.7041],[-77.4753,34.7051],[-77.4735,34.7043],[-77.4716,34.7052],[-77.4715,34.706],[-77.4689,34.7065],[-77.4661,34.7057],[-77.4638,34.7048],[-77.4624,34.7029],[-77.4609,34.7003],[-77.4591,34.6979],[-77.455,34.6973],[-77.4527,34.6961],[-77.4502,34.6951],[-77.448,34.6939],[-77.4474,34.6931],[-77.4461,34.6924],[-77.4459,34.6917],[-77.4438,34.6895],[-77.4429,34.688],[-77.4394,34.6865],[-77.4383,34.6849],[-77.437,34.6818],[-77.4366,34.681],[-77.4339,34.6792],[-77.4318,34.6799],[-77.4306,34.6815],[-77.4296,34.6822],[-77.4268,34.683],[-77.4261,34.6837],[-77.4266,34.6843],[-77.4289,34.6843],[-77.4302,34.6851],[-77.4329,34.6877],[-77.4325,34.6882],[-77.421,34.7025],[-77.4207,34.7028],[-77.4161,34.7044],[-77.3963,34.7111],[-77.3918,34.7036],[-77.3856,34.6933],[-77.3845,34.6915],[-77.3805,34.6769],[-77.3762,34.6712],[-77.3708,34.668],[-77.3677,34.6664],[-77.3641,34.6642],[-77.3543,34.6538],[-77.3529,34.6521],[-77.3492,34.6486],[-77.3477,34.6457],[-77.3448,34.6413],[-77.3404,34.639],[-77.3386,34.6377],[-77.3315,34.6367],[-77.3249,34.6377],[-77.3213,34.6367],[-77.3159,34.6343],[-77.3149,34.6329],[-77.3144,34.6332],[-77.3125,34.6328],[-77.308,34.6329],[-77.3048,34.6333],[-77.3025,34.6349],[-77.3008,34.6356],[-77.3,34.6365],[-77.3032,34.6412],[-77.3056,34.645],[-77.3087,34.6491],[-77.3102,34.6518],[-77.3145,34.6588],[-77.3177,34.6633],[-77.3226,34.6707],[-77.3277,34.6786],[-77.3293,34.6813],[-77.3298,34.6867],[-77.3302,34.6931],[-77.3305,34.6941],[-77.3343,34.7026],[-77.337,34.7085],[-77.3388,34.7125],[-77.3386,34.7141],[-77.3377,34.7149],[-77.3355,34.7156],[-77.3429,34.733],[-77.3435,34.7334],[-77.3441,34.7351],[-77.3457,34.7353],[-77.3494,34.7368],[-77.3527,34.7345],[-77.353,34.734],[-77.3542,34.7349],[-77.3537,34.736],[-77.3526,34.737],[-77.3528,34.7405],[-77.3523,34.741],[-77.3523,34.7424],[-77.3527,34.7434],[-77.3514,34.7466],[-77.3531,34.7495],[-77.353,34.7501],[-77.3509,34.7467],[-77.3505,34.7471],[-77.3513,34.7483],[-77.3519,34.7502],[-77.3547,34.7524],[-77.3546,34.7535],[-77.3556,34.7536],[-77.3581,34.7569],[-77.3585,34.7591],[-77.3595,34.7607],[-77.3599,34.7622],[-77.3615,34.7668],[-77.3636,34.7694],[-77.3618,34.7717],[-77.3603,34.7739],[-77.3603,34.7751]],[[-77.4029,34.8043],[-77.4047,34.806],[-77.4029,34.8072],[-77.4016,34.8061],[-77.4029,34.8043]]]},"properties":{"OBJECTID":6462},"id":6462},
{"type":"Feature","geometry":{"type":"Polygon","coordinates":[[[-78.0621,34.2001],[-78.0664,34.2001],[-78.0649,34.197],[-78.0605,34.1986],[-78.0604,34.1994],[-78.0621,34.2001]]]},"properties":{"OBJECTID":6469},"id":6469},
{"type":"Feature","geometry":{"type":"Polygon","coordinates":[[[-77.9805,35.4343],[-77.9807,35.4348],[-77.9812,35.4345],[-77.9805,35.4343]]]},"properties":{"OBJECTID":6471},"id":6471},
{"type":"Feature","geometry":{"type":"Polygon","coordinates":[[[-80.8216,35.8142],[-80.8217,35.8158],[-80.8252,35.8161],[-80.8268,35.8157],[-80.8288,35.8149],[-80.8288,35.8143],[-80.8262,35.8139],[-80.8269,35.8125],[-80.8217,35.8122],[-80.8216,35.8142]]]},"properties":{"OBJECTID":6474},"id":6474},
{"type":"Feature","geometry":{"type":"Polygon","coordinates":[[[-83.9673,35.7688],[-83.9675,35.7698],[-83.9677,35.7697],[-83.9673,35.7688]]]},"properties":{"OBJECTID":6475},"id":6475},
{"type":"Feature","geometry":{"type":"Polygon","coordinates":[[[-79.7853,35.6683],[-79.7862,35.6693],[-79.7887,35.6707],[-79.7898,35.6707],[-79.7901,35.6665],[-79.7938,35.666],[-79.7941,35.6651],[-79.793,35.6638],[-79.7918,35.6645],[-79.7884,35.6642],[-79.7883,35.6646],[-79.785,35.6682],[-79.7853,35.6683]]]},"properties":{"OBJECTID":6476},"id":6476},
{"type":"Feature","geometry":{"type":"Polygon","coordinates":[[[-81.2057,35.2077],[-81.2062,35.2081],[-81.2066,35.2078],[-81.2061,35.2073],[-81.2057,35.2077]]]},"properties":{"OBJECTID":6479},"id":6479},
{"type":"Feature","geometry":{"type":"Polygon","coordinates":[[[-81.2997,35.6594],[-81.3017,35.6593],[-81.3012,35.6568],[-81.3014,35.6554],[-81.299,35.6555],[-81.2994,35.6568],[-81.2997,35.6594]]]},"properties":{"OBJECTID":6482},"id":6482},
{"type":"Feature","geometry":{"type":"Polygon","coordinates":[[[-81.0147,35.1704],[-81.0158,35.1716],[-81.0167,35.1716],[-81.0198,35.1705],[-81.0207,35.1704],[-81.0204,35.1676],[-81.0223,35.1646],[-81.0222,35.1638],[-81.0235,35.1617],[-81.0247,35.1622],[-81.0268,35.1607],[-81.0281,35.1591],[-81.0313,35.1583],[-81.0316,35.1579],[-81.0307,35.1561],[-81.03,35.1556],[-81.0306,35.1545],[-81.0294,35.1536],[-81.0292,35.1545],[-81.0281,35.1551],[-81.0277,35.1557],[-81.0269,35.156],[-81.0278,35.1541],[-81.0266,35.1527],[-81.0288,35.1518],[-81.0293,35.1508],[-81.0272,35.1503],[-81.0257,35.1502],[-81.0236,35.1506],[-81.0218,35.1515],[-81.0207,35.1525],[-81.0207,35.1535],[-81.0196,35.1536],[-81.0191,35.1545],[-81.0198,35.1552],[-81.0176,35.1554],[-81.016,35.156],[-81.0155,35.1574],[-81.0164,35.1592],[-81.0151,35.1602],[-81.0161,35.1634],[-81.0171,35.1646],[-81.0187,35.1657],[-81.0178,35.1666],[-81.0171,35.1661],[-81.0161,35.1667],[-81.0176,35.1677],[-81.0161,35.1698],[-81.0147,35.1704]]]},"properties":{"OBJECTID":6490},"id":6490},
{"type":"Feature","geometry":{"type":"Polygon","coordinates":[[[-83.3515,36.181],[-83.3518,36.1807],[-83.3513,36.1803],[-83.3515,36.181]]]},"properties":{"OBJECTID":6495},"id":6495},
{"type":"Feature","geometry":{"type":"Polygon","coordinates":[[[-81.2225,35.3062],[-81.2228,35.3032],[-81.2217,35.3024],[-81.2191,35.3039],[-81.22,35.3048],[-81.2211,35.3052],[-81.2225,35.3062]]]},"properties":{"OBJECTID":6506},"id":6506},
{"type":"Feature","geometry":{"type":"Polygon","coordinates":[[[-81.286,35.6667],[-81.2869,35.6673],[-81.287,35.6666],[-81.286,35.6667]]]},"properties":{"OBJECTID":6507},"id":6507},
{"type":"Feature","geometry":{"type":"Polygon","coordinates":[[[-81.379,35.6808],[-81.379,35.6813],[-81.3803,35.6808],[-81.38,35.6804],[-81.379,35.6808]]]},"properties":{"OBJECTID":6515},"id":6515},
{"type":"Feature","geometry":{"type":"Polygon","coordinates":[[[-83.9492,35.7408],[-83.9481,35.742],[-83.9457,35.7425],[-83.9443,35.7426],[-83.9413,35.7415],[-83.939,35.7424],[-83.9367,35.7428],[-83.9358,35.7426],[-83.9341,35.7427],[-83.9329,35.7437],[-83.933,35.7453],[-83.9322,35.7461],[-83.9371,35.7494],[-83.9358,35.7517],[-83.9345,35.7518],[-83.9328,35.7511],[-83.9314,35.7507],[-83.9271,35.7499],[-83.9239,35.75],[-83.9216,35.7499],[-83.9212,35.7512],[-83.9226,35.7516],[-83.9228,35.7526],[-83.9237,35.7537],[-83.9235,35.7563],[-83.924,35.7582],[-83.9255,35.7592],[-83.9255,35.76],[-83.927,35.761],[-83.9252,35.7628],[-83.9238,35.7636],[-83.9231,35.7631],[-83.9177,35.7641],[-83.9171,35.7618],[-83.915,35.763],[-83.9164,35.7668],[-83.9181,35.7663],[-83.9201,35.7652],[-83.9216,35.7676],[-83.9218,35.7679],[-83.9181,35.7694],[-83.9178,35.7705],[-83.9171,35.771],[-83.9144,35.7728],[-83.9172,35.7763],[-83.9196,35.7789],[-83.9233,35.7762],[-83.9249,35.7777],[-83.9281,35.7752],[-83.9293,35.7737],[-83.9327,35.7701],[-83.9332,35.77],[-83.9363,35.7722],[-83.9356,35.7737],[-83.9387,35.7756],[-83.9393,35.7755],[-83.9396,35.7772],[-83.9403,35.7785],[-83.9392,35.7787],[-83.9395,35.7809],[-83.9406,35.7814],[-83.9429,35.7807],[-83.9437,35.7815],[-83.9445,35.7835],[-83.9454,35.7839],[-83.9468,35.7834],[-83.9477,35.7837],[-83.9481,35.783],[-83.9505,35.7839],[-83.9508,35.7835],[-83.9522,35.7845],[-83.9538,35.7828],[-83.9573,35.7801],[-83.9559,35.7786],[-83.9596,35.7759],[-83.9663,35.7709],[-83.9673,35.7688],[-83.9658,35.7663],[-83.9681,35.764],[-83.9697,35.7635],[-83.9686,35.7622],[-83.9698,35.7613],[-83.9706,35.762],[-83.975,35.759],[-83.9769,35.7612],[-83.9798,35.7649],[-83.9816,35.768],[-83.9829,35.7697],[-83.9853,35.7718],[-83.9866,35.7722],[-83.991,35.7729],[-83.9923,35.7737],[-83.9959,35.7696],[-83.9959,35.7683],[-84.0016,35.769],[-84.0045,35.7693],[-84.0078,35.769],[-84.011,35.7683],[-84.0137,35.7681],[-84.0183,35.766],[-84.0181,35.7656],[-84.0197,35.765],[-84.0209,35.7654],[-84.0226,35.7631],[-84.0236,35.7625],[-84.0199,35.7609],[-84.0204,35.76],[-84.0211,35.7601],[-84.0239,35.7614],[-84.0251,35.76],[-84.0264,35.7608],[-84.028,35.7589],[-84.0297,35.7599],[-84.0324,35.7583],[-84.0339,35.7592],[-84.0336,35.7611],[-84.0346,35.7614],[-84.0367,35.7598],[-84.0381,35.7616],[-84.0394,35.7607],[-84.038,35.7587],[-84.0405,35.7576],[-84.0405,35.7566],[-84.0416,35.7566],[-84.0403,35.755],[-84.0392,35.7542],[-84.0405,35.7521],[-84.0406,35.7517],[-84.0396,35.7504],[-84.0372,35.7507],[-84.0357,35.7543],[-84.033,35.7534],[-84.0317,35.7548],[-84.0293,35.7549],[-84.0273,35.7511],[-84.0256,35.7518],[-84.0247,35.7535],[-84.0216,35.7526],[-84.0238,35.7497],[-84.0274,35.746],[-84.0246,35.7435],[-84.0273,35.7418],[-84.023,35.735],[-84.0228,35.7326],[-84.022,35.7321],[-84.0217,35.731],[-84.0207,35.7312],[-84.0193,35.7276],[-84.0192,35.7269],[-84.0179,35.7225],[-84.0163,35.7222],[-84.0146,35.7204],[-84.0133,35.72],[-84.0131,35.7193],[-84.0168,35.718],[-84.0161,35.7172],[-84.0248,35.7131],[-84.0247,35.7122],[-84.0262,35.7114],[-84.0264,35.7095],[-84.0242,35.7087],[-84.0164,35.7113],[-84.0152,35.7126],[-84.0129,35.7132],[-84.0118,35.7126],[-84.0104,35.7142],[-84.0116,35.7155],[-84.0096,35.7168],[-84.0091,35.7174],[-84.0096,35.7186],[-84.0088,35.7199],[-84.0012,35.7242],[-83.9995,35.7237],[-83.9981,35.7228],[-83.9974,35.7216],[-83.9956,35.7202],[-83.9955,35.7194],[-84.0009,35.7162],[-84.0028,35.7174],[-84.0049,35.7153],[-84.0043,35.713],[-84.001,35.7144],[-83.9992,35.7122],[-83.9969,35.7105],[-83.996,35.7106],[-83.9937,35.7099],[-83.9922,35.7081],[-83.9898,35.7089],[-83.9888,35.7086],[-83.9903,35.7041],[-83.9882,35.702],[-83.9853,35.7024],[-83.9851,35.7031],[-83.9877,35.7061],[-83.988,35.7071],[-83.9852,35.7092],[-83.9863,35.7097],[-83.9809,35.715],[-83.9797,35.7163],[-83.9773,35.7149],[-83.9743,35.7167],[-83.973,35.7178],[-83.9725,35.7179],[-83.9714,35.7166],[-83.9664,35.7159],[-83.965,35.7148],[-83.9642,35.7157],[-83.9623,35.7145],[-83.9613,35.7151],[-83.9635,35.7168],[-83.9622,35.7173],[-83.9615,35.7168],[-83.9604,35.7175],[-83.9621,35.7185],[-83.9628,35.7183],[-83.9625,35.7203],[-83.9619,35.7213],[-83.9608,35.7203],[-83.9591,35.7212],[-83.9558,35.7236],[-83.9552,35.723],[-83.9539,35.7236],[-83.9536,35.7246],[-83.9517,35.7249],[-83.9497,35.7266],[-83.9469,35.7287],[-83.9476,35.7293],[-83.9498,35.7321],[-83.9448,35.7349],[-83.9454,35.739],[-83.9456,35.7397],[-83.9474,35.74],[-83.9492,35.7408]]]},"properties":{"OBJECTID":6518},"id":6518},
{"type":"Feature","geometry":{"type":"Polygon","coordinates":[[[-78.4664,35.7817],[-78.4685,35.7809],[-78.4695,35.7808],[-78.4729,35.7809],[-78.4728,35.7816],[-78.4737,35.7818],[-78.4743,35.7806],[-78.4768,35.7805],[-78.4773,35.7816],[-78.4784,35.781],[-78.4784,35.7788],[-78.4776,35.7768],[-78.4759,35.7749],[-78.4716,35.7764],[-78.4697,35.7763],[-78.4661,35.7767],[-78.4664,35.7817]]]},"properties":{"OBJECTID":6519},"id":6519},
{"type":"Feature","geometry":{"type":"Polygon","coordinates":[[[-81.0366,35.1675],[-81.0357,35.1691],[-81.034,35.1702],[-81.0349,35.1708],[-81.0333,35.1726],[-81.0347,35.1742],[-81.0364,35.1735],[-81.0372,35.1729],[-81.0381,35.1714],[-81.0382,35.1707],[-81.0374,35.1696],[-81.0373,35.1686],[-81.0381,35.1677],[-81.0366,35.1675]]]},"properties":{"OBJECTID":6521},"id":6521},
{"type":"Feature","geometry":{"type":"Polygon","coordinates":[[[-78.0094,35.45],[-78.0115,35.4515],[-78.0126,35.449],[-78.0132,35.4502],[-78.0147,35.4507],[-78.0154,35.4506],[-78.0166,35.4474],[-78.0149,35.4468],[-78.0184,35.4424],[-78.0169,35.4407],[-78.0149,35.4392],[-78.0135,35.4384],[-78.0151,35.4367],[-78.0146,35.4363],[-78.0147,35.4353],[-78.0123,35.438],[-78.0106,35.4367],[-78.0095,35.4363],[-78.0085,35.4378],[-78.0073,35.4377],[-78.0062,35.438],[-78.0046,35.439],[-78.0019,35.4381],[-78.0419,35.4186],[-78.0425,35.4185],[-78.0445,35.4165],[-78.046,35.4133],[-78.046,35.4126],[-78.0447,35.4121],[-78.0448,35.4112],[-78.0465,35.4096],[-78.0462,35.4089],[-78.0472,35.4086],[-78.0502,35.4073],[-78.0483,35.4046],[-78.048,35.4018],[-78.0461,35.3557],[-78.0456,35.3553],[-78.0434,35.3548],[-78.0416,35.354],[-78.037,35.3526],[-78.0344,35.3517],[-78.0332,35.3507],[-78.0283,35.3452],[-78.0303,35.3442],[-78.0401,35.3399],[-78.0402,35.3395],[-78.0438,35.3292],[-78.0439,35.3275],[-78.0446,35.3251],[-78.0361,35.3279],[-78.0358,35.3276],[-78.038,35.3192],[-78.0383,35.3181],[-78.0285,35.3144],[-78.0275,35.3146],[-78.0208,35.3158],[-78.017,35.317],[-78.0113,35.3184],[-78.007,35.3201],[-78.0048,35.3214],[-78.0017,35.3224],[-77.9999,35.3235],[-77.9959,35.3256],[-77.9945,35.3271],[-77.9926,35.3298],[-77.9913,35.3305],[-77.984,35.3274],[-77.9828,35.3308],[-77.9821,35.3313],[-77.9803,35.3294],[-77.9769,35.3266],[-77.9742,35.3242],[-77.9701,35.321],[-77.9688,35.323],[-77.9696,35.3264],[-77.9698,35.332],[-77.9669,35.334],[-77.9649,35.3358],[-77.9638,35.3359],[-77.9429,35.3412],[-77.9424,35.3414],[-77.9346,35.3433],[-77.9254,35.3361],[-77.9251,35.325],[-77.9235,35.3283],[-77.9212,35.3341],[-77.9192,35.3333],[-77.9199,35.3311],[-77.9169,35.3298],[-77.9168,35.3286],[-77.9156,35.328],[-77.9149,35.3286],[-77.9169,35.33],[-77.916,35.3322],[-77.9127,35.3309],[-77.9104,35.3345],[-77.9102,35.3354],[-77.9107,35.3373],[-77.9117,35.343],[-77.9116,35.3436],[-77.8984,35.3392],[-77.8937,35.3454],[-77.8934,35.3462],[-77.8939,35.3477],[-77.8953,35.3492],[-77.8968,35.3499],[-77.9086,35.3541],[-77.9052,35.3573],[-77.901,35.3604],[-77.8966,35.363],[-77.8948,35.3635],[-77.8937,35.3628],[-77.8918,35.3628],[-77.8908,35.3638],[-77.891,35.3646],[-77.884,35.3687],[-77.8828,35.3692],[-77.8773,35.37],[-77.8789,35.3745],[-77.8921,35.3925],[-77.9008,35.3984],[-77.9029,35.3983],[-77.907,35.3997],[-77.9118,35.4015],[-77.9141,35.4027],[-77.9152,35.4035],[-77.9235,35.4106],[-77.9272,35.4122],[-77.9315,35.4128],[-77.9341,35.4131],[-77.9352,35.4134],[-77.9373,35.4146],[-77.9371,35.4153],[-77.938,35.4159],[-77.9356,35.4181],[-77.9381,35.4198],[-77.9404,35.4207],[-77.9406,35.4182],[-77.9396,35.4179],[-77.941,35.4169],[-77.9445,35.4192],[-77.9452,35.4195],[-77.9505,35.4213],[-77.9557,35.4228],[-77.958,35.4234],[-77.9637,35.4246],[-77.9662,35.4247],[-77.9696,35.4247],[-77.9719,35.4252],[-77.9738,35.4253],[-77.9813,35.4283],[-77.9812,35.4295],[-77.9813,35.4343],[-77.9812,35.4362],[-77.9798,35.4419],[-77.9832,35.4422],[-77.9872,35.4423],[-77.9912,35.443],[-77.9924,35.4431],[-77.9926,35.4426],[-77.997,35.4404],[-78.0024,35.4418],[-78.0082,35.4442],[-78.0074,35.4455],[-78.0061,35.4481],[-78.0062,35.449],[-78.0075,35.4507],[-78.0087,35.4495],[-78.0094,35.45]]]},"properties":{"OBJECTID":6522},"id":6522},
{"type":"Feature","geometry":{"type":"Polygon","coordinates":[[[-78.5318,35.6841],[-78.5348,35.684],[-78.5365,35.6832],[-78.5348,35.6826],[-78.5356,35.6801],[-78.5326,35.68],[-78.5317,35.6821],[-78.5318,35.6841]]]},"properties":{"OBJECTID":6524},"id":6524},
{"type":"Feature","geometry":{"type":"Polygon","coordinates":[[[-81.2851,35.7805],[-81.2859,35.7808],[-81.2859,35.7805],[-81.2851,35.7805]]]},"properties":{"OBJECTID":6525},"id":6525},
{"type":"Feature","geometry":{"type":"Polygon","coordinates":[[[-80.9079,35.5674],[-80.9087,35.5678],[-80.9091,35.5673],[-80.9083,35.5669],[-80.9079,35.5674]]]},"properties":{"OBJECTID":6527},"id":6527}
]}