{"type":"FeatureCollection", "features": [
{"type":"Feature","geometry":{"type":"MultiPolygon","coordinates":[[[[-76.8369,35.0868],[-76.8378,35.0991],[-76.8674,35.0963],[-76.8582,35.0859],[-76.8615,35.0763],[-76.8348,35.071],[-76.8369,35.0868]]],[[[-77.0346,35.0935],[-77.0356,35.0851],[-77.009,35.0369],[-76.9844,34.9962],[-76.9738,34.9739],[-76.9549,34.962],[-76.9488,34.9522],[-76.9485,34.9298],[-76.9332,34.9398],[-76.9314,34.9487],[-76.9142,34.965],[-76.9358,34.9731],[-76.9517,34.9872],[-76.9705,34.9973],[-76.98,35.0092],[-76.9893,35.0438],[-77.0147,35.0681],[-77.0163,35.0804],[-77.0346,35.0935]]],[[[-77.1227,35.2108],[-77.132,35.1954],[-77.1317,35.1764],[-77.1035,35.1419],[-77.1197,35.1358],[-77.0679,35.1225],[-77.0766,35.1118],[-77.0719,35.0998],[-77.0478,35.1083],[-77.0376,35.099],[-77.0346,35.1112],[-77.0527,35.1272],[-77.0603,35.1408],[-77.0539,35.1474],[-77.033,35.1358],[-77.0281,35.1283],[-77.0155,35.1365],[-77.001,35.1242],[-77.0193,35.1153],[-76.9978,35.0767],[-76.9726,35.0564],[-76.9529,35.0572],[-76.9457,35.045],[-76.9357,35.0438],[-76.9173,35.0552],[-76.9198,35.0642],[-76.9131,35.0803],[-76.8991,35.0939],[-76.8697,35.1145],[-76.864,35.136],[-76.8505,35.1473],[-76.8542,35.1561],[-76.8729,35.1705],[-76.8909,35.1769],[-76.9192,35.222],[-76.9425,35.2197],[-76.942,35.228],[-76.9675,35.2469],[-77.0155,35.2149],[-77.034,35.2154],[-77.0799,35.1691],[-77.1005,35.192],[-77.1227,35.2108]]]]},"properties":{"ZCTA5CE20":"28560","AFFGEOID20":"860Z200US28560","GEOID20":"28560","NAME20":"28560","LSAD20":"Z5","ALAND20":317442301,"AWATER20":65716868}},
{"type":"Feature","geometry":{"type":"Polygon","coordinates":[[[-82.2163,35.0354],[-82.2095,35.0178],[-82.2016,35.0266],[-82.1819,35.0255],[-82.1839,35.0073],[-82.1704,34.9959],[-82.1519,35.0084],[-82.1401,35.0355],[-82.1247,35.0313],[-82.1178,35.0067],[-82.0998,35.0012],[-82.0905,34.9849],[-82.0753,34.988],[-82.0357,35.0041],[-82.0466,35.0156],[-82.0281,35.0181],[-82.0215,35.0396],[-82.0236,35.0599],[-81.9947,35.0643],[-81.9674,35.0759],[-81.9508,35.0753],[-81.954,35.0868],[-81.975,35.0905],[-81.9917,35.1031],[-81.9781,35.1194],[-81.9899,35.1216],[-81.9764,35.1464],[-81.9729,35.1637],[-81.9823,35.1749],[-81.9986,35.1774],[-82.011,35.1625],[-82.0273,35.1596],[-82.0367,35.149],[-82.0333,35.1358],[-82.058,35.128],[-82.0557,35.1202],[-82.0821,35.1188],[-82.0952,35.1115],[-82.0976,35.0886],[-82.1183,35.0879],[-82.1238,35.0766],[-82.154,35.0734],[-82.1693,35.0673],[-82.1701,35.0549],[-82.187,35.0446],[-82.2163,35.0354]],[[-82.007,35.1336],[-81.9985,35.138],[-81.9984,35.1322],[-82.007,35.1336]]]},"properties":{"ZCTA5CE20":"29349","AFFGEOID20":"860Z200US29349","GEOID20":"29349","NAME20":"29349","LSAD20":"Z5","ALAND20":199158341,"AWATER20":7443622}},
{"type":"Feature","geometry":{"type":"Polygon","coordinates":[[[-81.3666,35.1649],[-81.3882,35.1481],[-81.3868,35.1404],[-81.3564,35.135],[-81.3484,35.1237],[-81.3486,35.0807],[-81.3764,35.0829],[-81.388,35.0792],[-81.3881,35.0652],[-81.3621,35.0708],[-81.3481,35.0795],[-81.3321,35.0663],[-81.3356,35.0524],[-81.3273,35.0413],[-81.3432,35.0356],[-81.3532,35.0256],[-81.3598,34.9923],[-81.3561,34.9829],[-81.3285,35.0049],[-81.308,35.0122],[-81.3037,35.0254],[-81.3177,35.0287],[-81.3,35.0449],[-81.2972,35.0585],[-81.2733,35.0637],[-81.2423,35.0458],[-81.22,35.0471],[-81.2008,35.0701],[-81.1899,35.0677],[-81.1861,35.0834],[-81.1691,35.0935],[-81.1507,35.09],[-81.1389,35.0816],[-81.1451,35.0709],[-81.1376,35.0572],[-81.1271,35.0541],[-81.1143,35.0731],[-81.1125,35.0863],[-81.0866,35.0905],[-81.0719,35.0679],[-81.0577,35.0644],[-81.0572,35.0861],[-81.0521,35.0963],[-81.0374,35.1025],[-81.033,35.1137],[-81.039,35.1263],[-81.0504,35.131],[-81.0429,35.1492],[-81.0696,35.1516],[-81.1806,35.1573],[-81.2866,35.1618],[-81.3666,35.1649]],[[-81.3332,35.098],[-81.3243,35.1079],[-81.2986,35.1165],[-81.2962,35.1028],[-81.3189,35.1038],[-81.3332,35.098]]]},"properties":{"ZCTA5CE20":"29710","AFFGEOID20":"860Z200US29710","GEOID20":"29710","NAME20":"29710","LSAD20":"Z5","ALAND20":295475111,"AWATER20":11490367}},
{"type":"Feature","geometry":{"type":"Polygon","coordinates":[[[-81.1427,32.8086],[-81.1297,32.7985],[-81.1414,32.7864],[-81.1623,32.7874],[-81.1618,32.7716],[-81.1415,32.7639],[-81.1484,32.7494],[-81.1188,32.745],[-81.121,32.7247],[-81.0994,32.7127],[-81.0962,32.7023],[-81.1026,32.6916],[-81.0792,32.6831],[-81.0815,32.6754],[-81.1063,32.666],[-81.1248,32.6455],[-81.1181,32.6334],[-81.0962,32.6268],[-81.0307,32.6618],[-81.0524,32.6801],[-81.0579,32.6938],[-81.0289,32.7064],[-81.0319,32.7303],[-81.0266,32.7554],[-81.0099,32.7692],[-80.9931,32.7505],[-80.9948,32.7772],[-80.9767,32.7912],[-80.9511,32.7799],[-80.9352,32.7689],[-80.9042,32.7927],[-80.8799,32.7921],[-80.8958,32.8106],[-80.9001,32.8326],[-80.9165,32.8508],[-80.946,32.8766],[-80.9577,32.8761],[-80.9685,32.8906],[-80.9872,32.9011],[-80.9899,32.9104],[-80.9969,32.9052],[-81.0238,32.9151],[-81.0365,32.9032],[-81.0249,32.8983],[-81.036,32.8793],[-81.0529,32.883],[-81.0714,32.8765],[-81.0829,32.8794],[-81.1,32.8403],[-81.0943,32.827],[-81.1048,32.82],[-81.123,32.8292],[-81.1427,32.8086]]]},"properties":{"ZCTA5CE20":"29944","AFFGEOID20":"860Z200US29944","GEOID20":"29944","NAME20":"29944","LSAD20":"Z5","ALAND20":351805158,"AWATER20":118177}},
{"type":"Feature","geometry":{"type":"Polygon","coordinates":[[[-79.9398,32.7855],[-79.9363,32.7858],[-79.9372,32.7873],[-79.9398,32.7855]]]},"properties":{"ZCTA5CE20":"29424","AFFGEOID20":"860Z200US29424","GEOID20":"29424","NAME20":"29424","LSAD20":"Z5","ALAND20":98623,"AWATER20":0}},
{"type":"Feature","geometry":{"type":"Polygon","coordinates":[[[-81.7558,35.9253],[-81.7308,35.898],[-81.7287,35.891],[-81.7098,35.875],[-81.6725,35.8613],[-81.6743,35.8777],[-81.6564,35.8714],[-81.6499,35.8562],[-81.6392,35.8483],[-81.6301,35.8304],[-81.6104,35.8196],[-81.5985,35.8078],[-81.6077,35.7979],[-81.6012,35.7844],[-81.5648,35.7812],[-81.556,35.7775],[-81.5673,35.7893],[-81.5598,35.8218],[-81.5464,35.8195],[-81.5307,35.8285],[-81.5308,35.8357],[-81.5071,35.8563],[-81.4953,35.8623],[-81.4886,35.8811],[-81.4529,35.8774],[-81.4279,35.8796],[-81.4167,35.8962],[-81.4057,35.883],[-81.3899,35.8881],[-81.3785,35.9008],[-81.3837,35.9079],[-81.3551,35.9135],[-81.3393,35.9063],[-81.3429,35.9233],[-81.3283,35.9966],[-81.3365,36.0106],[-81.3468,36.0013],[-81.3911,36.0065],[-81.3775,36.0227],[-81.3741,36.0396],[-81.3916,36.0483],[-81.4115,36.0729],[-81.4248,36.0778],[-81.4407,36.0732],[-81.4588,36.0914],[-81.4678,36.0855],[-81.4957,36.1006],[-81.5168,36.0977],[-81.5215,36.1042],[-81.5056,36.1208],[-81.5149,36.1344],[-81.5511,36.1461],[-81.5602,36.1571],[-81.5776,36.1582],[-81.5692,36.1365],[-81.5957,36.1313],[-81.5958,36.1179],[-81.6312,36.1182],[-81.6374,36.1398],[-81.6505,36.1184],[-81.6634,36.1146],[-81.6843,36.1218],[-81.6915,36.0922],[-81.7169,36.0826],[-81.702,36.0723],[-81.7078,36.0386],[-81.6879,36.0221],[-81.6918,36.006],[-81.6627,35.9999],[-81.6554,35.961],[-81.6698,35.9453],[-81.6629,35.9283],[-81.6941,35.9075],[-81.7081,35.9167],[-81.7242,35.9461],[-81.7374,35.9416],[-81.7558,35.9253]]]},"properties":{"ZCTA5CE20":"28645","AFFGEOID20":"860Z200US28645","GEOID20":"28645","NAME20":"28645","LSAD20":"Z5","ALAND20":852362658,"AWATER20":1110486}},
{"type":"Feature","geometry":{"type":"Polygon","coordinates":[[[-77.1438,35.2179],[-77.1653,35.2253],[-77.1684,35.2377],[-77.1985,35.2354],[-77.2048,35.2046],[-77.2307,35.1842],[-77.2334,35.1648],[-77.2665,35.1696],[-77.2846,35.1609],[-77.2812,35.1265],[-77.2481,35.1104],[-77.2452,35.0815],[-77.2189,35.0718],[-77.2144,35.0521],[-77.196,35.0465],[-77.1645,35.0655],[-77.1499,35.0576],[-77.1506,35.0488],[-77.1192,35.0326],[-77.089,35.0286],[-77.0767,35.0185],[-77.1033,35.009],[-77.1063,34.9065],[-77.1069,34.8932],[-77.1009,34.9088],[-77.068,34.9364],[-77.0322,34.9537],[-76.9883,34.9569],[-76.9818,34.9606],[-76.9636,34.9503],[-76.9485,34.9298],[-76.9488,34.9522],[-76.9549,34.962],[-76.9738,34.9739],[-76.9844,34.9962],[-77.009,35.0369],[-77.0356,35.0851],[-77.0346,35.0935],[-77.0353,35.0948],[-77.037,35.0979],[-77.0376,35.099],[-77.0478,35.1083],[-77.0719,35.0998],[-77.0766,35.1118],[-77.0679,35.1225],[-77.1197,35.1358],[-77.1035,35.1419],[-77.1317,35.1764],[-77.132,35.1954],[-77.1227,35.2108],[-77.1438,35.2179]]]},"properties":{"ZCTA5CE20":"28562","AFFGEOID20":"860Z200US28562","GEOID20":"28562","NAME20":"28562","LSAD20":"Z5","ALAND20":392915036,"AWATER20":9658743}},
{"type":"Feature","geometry":{"type":"Polygon","coordinates":[[[-79.0677,35.4627],[-79.0794,35.4652],[-79.1087,35.4594],[-79.1305,35.4661],[-79.1585,35.4549],[-79.1916,35.4369],[-79.216,35.4415],[-79.2265,35.4301],[-79.2438,35.4272],[-79.2589,35.4085],[-79.2758,35.4076],[-79.2884,35.3989],[-79.2804,35.3815],[-79.2618,35.3734],[-79.2587,35.3511],[-79.2454,35.3587],[-79.23,35.3546],[-79.2164,35.3681],[-79.2067,35.3658],[-79.2021,35.3353],[-79.1918,35.3289],[-79.1722,35.3053],[-79.1556,35.3183],[-79.1296,35.3251],[-79.1261,35.3328],[-79.0968,35.3217],[-79.0895,35.3063],[-79.0715,35.2953],[-79.0691,35.2753],[-79.048,35.2689],[-79.0318,35.2774],[-79.0043,35.2666],[-79.0094,35.2743],[-79.0217,35.2937],[-79.0307,35.294],[-79.0304,35.3126],[-79.0291,35.3354],[-79.043,35.3465],[-79.0422,35.3665],[-79.061,35.3947],[-79.0558,35.4078],[-79.0669,35.4382],[-79.0544,35.4453],[-79.0677,35.4627]],[[-79.1961,35.3893],[-79.196,35.3918],[-79.1943,35.3917],[-79.1943,35.3893],[-79.1961,35.3893]],[[-79.1152,35.3677],[-79.1184,35.3727],[-79.1108,35.3803],[-79.1114,35.3685],[-79.1152,35.3677]]]},"properties":{"ZCTA5CE20":"27332","AFFGEOID20":"860Z200US27332","GEOID20":"27332","NAME20":"27332","LSAD20":"Z5","ALAND20":277343354,"AWATER20":6161943}},
{"type":"Feature","geometry":{"type":"Polygon","coordinates":[[[-77.1213,36.1239],[-77.1358,36.1152],[-77.1517,36.1242],[-77.1682,36.123],[-77.167,36.1121],[-77.1889,36.096],[-77.19,36.086],[-77.1684,36.0855],[-77.1569,36.0722],[-77.1393,36.0633],[-77.1231,36.066],[-77.1067,36.0489],[-77.1019,36.0341],[-77.1048,36.0211],[-77.1184,36.0203],[-77.1288,36.0294],[-77.1397,36.0165],[-77.1327,36.0002],[-77.1379,35.9898],[-77.1734,35.9955],[-77.187,35.9864],[-77.197,35.9938],[-77.2111,35.9954],[-77.2048,36.0052],[-77.2067,36.0086],[-77.2153,36.0138],[-77.2063,36.0068],[-77.2085,36],[-77.2127,35.9951],[-77.2124,35.9909],[-77.1967,35.9929],[-77.1903,35.9737],[-77.2023,35.9477],[-77.1984,35.9391],[-77.1858,35.9309],[-77.1704,35.9297],[-77.1628,35.9377],[-77.1408,35.934],[-77.1249,35.9267],[-77.0975,35.9281],[-77.0805,35.9376],[-77.0715,35.9347],[-77.0558,35.9444],[-77.0429,35.9423],[-77.0281,35.9258],[-77.0253,35.9028],[-77.0313,35.8807],[-77.0432,35.861],[-77.0052,35.8584],[-76.9917,35.8651],[-76.988,35.8758],[-76.9619,35.8824],[-76.939,35.9015],[-76.9163,35.8934],[-76.9034,35.87],[-76.8951,35.8658],[-76.9035,35.8374],[-76.9032,35.8256],[-76.8752,35.8137],[-76.8401,35.8442],[-76.8317,35.8559],[-76.8369,35.8761],[-76.8294,35.8861],[-76.8082,35.8844],[-76.781,35.8639],[-76.7606,35.8649],[-76.7436,35.8723],[-76.7311,35.8884],[-76.72,35.9173],[-76.7068,35.9232],[-76.693,35.9424],[-76.7067,35.9449],[-76.7283,35.9336],[-76.7257,35.9552],[-76.7192,35.9651],[-76.7,35.9738],[-76.6821,35.9905],[-76.6993,35.9896],[-76.7125,35.9737],[-76.7246,35.9807],[-76.7396,35.9766],[-76.7631,35.9788],[-76.781,36.024],[-76.8008,36.0293],[-76.8122,36.0249],[-76.8362,36.0389],[-76.8514,36.0433],[-76.8401,36.0594],[-76.8182,36.0725],[-76.8248,36.0876],[-76.8481,36.0907],[-76.8641,36.0982],[-76.8842,36.0969],[-76.8928,36.1111],[-76.903,36.1003],[-76.9254,36.1043],[-76.9226,36.1159],[-76.9364,36.1217],[-76.9572,36.1179],[-76.9826,36.1232],[-76.9919,36.119],[-76.9714,36.1099],[-76.9764,36.0852],[-76.9976,36.1081],[-77.0138,36.1035],[-76.9901,36.0923],[-76.9925,36.0791],[-77.0167,36.0771],[-77.0368,36.0871],[-77.0447,36.0995],[-77.079,36.0915],[-77.0952,36.0955],[-77.1119,36.1183],[-77.1213,36.1239]]]},"properties":{"ZCTA5CE20":"27983","AFFGEOID20":"860Z200US27983","GEOID20":"27983","NAME20":"27983","LSAD20":"Z5","ALAND20":822665763,"AWATER20":23889758}},
{"type":"Feature","geometry":{"type":"MultiPolygon","coordinates":[[[[-81.0252,35.3604],[-81.0126,35.3419],[-80.9955,35.3465],[-80.9928,35.3543],[-81.0211,35.3698],[-81.0252,35.3604]]],[[[-81.1143,35.3877],[-81.1173,35.3614],[-81.1387,35.3588],[-81.1286,35.3206],[-81.1183,35.3174],[-81.1081,35.3286],[-81.0993,35.3413],[-81.0866,35.3398],[-81.0815,35.3546],[-81.0583,35.3518],[-81.0454,35.382],[-81.0231,35.3703],[-81.0031,35.3828],[-80.9908,35.3664],[-80.981,35.3659],[-80.9868,35.3757],[-80.9575,35.391],[-80.9569,35.4286],[-80.9614,35.4537],[-80.9818,35.4441],[-81.0199,35.4483],[-81.0275,35.4312],[-81.0401,35.4229],[-81.07,35.4239],[-81.0644,35.4166],[-81.0812,35.3945],[-81.1143,35.3877]]]]},"properties":{"ZCTA5CE20":"28164","AFFGEOID20":"860Z200US28164","GEOID20":"28164","NAME20":"28164","LSAD20":"Z5","ALAND20":106199983,"AWATER20":1155473}},
{"type":"Feature","geometry":{"type":"Polygon","coordinates":[[[-79.6845,36.191],[-79.6899,36.1747],[-79.6995,36.1702],[-79.7046,36.129],[-79.7117,36.1272],[-79.7173,36.107],[-79.7162,36.0922],[-79.6972,36.0959],[-79.6787,36.0906],[-79.6819,36.0753],[-79.6911,36.068],[-79.6859,36.0536],[-79.6779,36.058],[-79.6644,36.0478],[-79.6731,36.029],[-79.665,36.0184],[-79.6386,36.0348],[-79.6317,36.0544],[-79.6215,36.059],[-79.6421,36.0586],[-79.6398,36.0837],[-79.6206,36.1173],[-79.6435,36.1209],[-79.6597,36.1331],[-79.6508,36.1436],[-79.6548,36.1611],[-79.644,36.1642],[-79.6418,36.1759],[-79.6254,36.1723],[-79.6284,36.197],[-79.6794,36.1869],[-79.6845,36.191]]]},"properties":{"ZCTA5CE20":"27301","AFFGEOID20":"860Z200US27301","GEOID20":"27301","NAME20":"27301","LSAD20":"Z5","ALAND20":86224899,"AWATER20":1009122}},
{"type":"Feature","geometry":{"type":"Polygon","coordinates":[[[-79.0074,35.9823],[-79.0193,35.9815],[-79.0209,35.9645],[-79.0026,35.9492],[-79.0015,35.9276],[-78.9824,35.9315],[-78.969,35.9207],[-78.9726,35.9076],[-78.96,35.9042],[-78.9608,35.9112],[-78.9448,35.9274],[-78.927,35.9512],[-78.8787,35.9574],[-78.8852,35.9682],[-78.8946,35.9718],[-78.8993,35.9883],[-78.9329,35.9924],[-78.9375,35.9747],[-78.9573,35.9713],[-78.9845,35.9752],[-78.9931,35.9653],[-79.0074,35.9823]]]},"properties":{"ZCTA5CE20":"27707","AFFGEOID20":"860Z200US27707","GEOID20":"27707","NAME20":"27707","LSAD20":"Z5","ALAND20":53627489,"AWATER20":206653}},
{"type":"Feature","geometry":{"type":"Polygon","coordinates":[[[-77.6551,35.9409],[-77.6531,35.9143],[-77.637,35.8981],[-77.6429,35.8873],[-77.6593,35.8776],[-77.6621,35.8651],[-77.6513,35.8516],[-77.6527,35.8349],[-77.5996,35.8274],[-77.5654,35.8153],[-77.5687,35.7989],[-77.5581,35.7919],[-77.5343,35.777],[-77.5159,35.76],[-77.5231,35.7413],[-77.5216,35.7294],[-77.5009,35.719],[-77.4973,35.7129],[-77.4897,35.6962],[-77.4794,35.7241],[-77.4852,35.7444],[-77.4976,35.7619],[-77.5155,35.762],[-77.4876,35.7872],[-77.4894,35.8089],[-77.4701,35.8117],[-77.4669,35.8202],[-77.441,35.8161],[-77.4464,35.8086],[-77.4255,35.8054],[-77.4182,35.8109],[-77.4135,35.8344],[-77.3957,35.8563],[-77.3863,35.8606],[-77.3936,35.8759],[-77.3981,35.9015],[-77.407,35.9151],[-77.4125,35.9499],[-77.4247,35.9476],[-77.4462,35.9536],[-77.4381,35.9691],[-77.4429,35.9716],[-77.4562,35.9825],[-77.4517,36.0038],[-77.4378,36.0191],[-77.4749,36.0378],[-77.4967,36.0373],[-77.5176,36.0368],[-77.5363,36.0565],[-77.5668,36.0562],[-77.5896,36.0235],[-77.5698,36.0151],[-77.5797,36.0025],[-77.595,36.0073],[-77.6085,35.9996],[-77.6091,35.9874],[-77.5914,35.9789],[-77.5876,35.9578],[-77.6025,35.945],[-77.6128,35.9508],[-77.6272,35.9437],[-77.6551,35.9409]]]},"properties":{"ZCTA5CE20":"27886","AFFGEOID20":"860Z200US27886","GEOID20":"27886","NAME20":"27886","LSAD20":"Z5","ALAND20":495940388,"AWATER20":2455465}},
{"type":"Feature","geometry":{"type":"Polygon","coordinates":[[[-79.7736,36.0804],[-79.774,36.0726],[-79.7704,36.0729],[-79.7686,36.0786],[-79.7736,36.0804]]]},"properties":{"ZCTA5CE20":"27411","AFFGEOID20":"860Z200US27411","GEOID20":"27411","NAME20":"27411","LSAD20":"Z5","ALAND20":350873,"AWATER20":0}},
{"type":"Feature","geometry":{"type":"Polygon","coordinates":[[[-79.8069,36.0734],[-79.8147,36.0739],[-79.8153,36.0647],[-79.8052,36.0645],[-79.8066,36.0734],[-79.8069,36.0734]]]},"properties":{"ZCTA5CE20":"27412","AFFGEOID20":"860Z200US27412","GEOID20":"27412","NAME20":"27412","LSAD20":"Z5","ALAND20":769445,"AWATER20":10369}},
{"type":"Feature","geometry":{"type":"Polygon","coordinates":[[[-78.7112,34.9477],[-78.7139,34.9361],[-78.7052,34.9212],[-78.6749,34.9399],[-78.6496,34.9176],[-78.6229,34.9188],[-78.6196,34.914],[-78.6041,34.9255],[-78.5906,34.9129],[-78.569,34.9104],[-78.5623,34.918],[-78.5727,34.9374],[-78.5858,34.9422],[-78.5773,34.9567],[-78.5788,34.9696],[-78.5688,34.9755],[-78.5721,35.0161],[-78.569,35.022],[-78.5769,35.0547],[-78.5651,35.0534],[-78.5587,35.0676],[-78.5546,35.0756],[-78.5654,35.0902],[-78.566,35.1121],[-78.5395,35.1112],[-78.5425,35.1304],[-78.5555,35.1388],[-78.5772,35.1359],[-78.6023,35.1204],[-78.6526,35.1027],[-78.6707,35.0925],[-78.6692,35.0805],[-78.663,35.078],[-78.6584,35.042],[-78.645,35.0084],[-78.647,34.9923],[-78.6592,34.9902],[-78.6803,34.9721],[-78.6965,34.9752],[-78.7112,34.9477]]]},"properties":{"ZCTA5CE20":"28318","AFFGEOID20":"860Z200US28318","GEOID20":"28318","NAME20":"28318","LSAD20":"Z5","ALAND20":208858713,"AWATER20":98263}},
{"type":"Feature","geometry":{"type":"Polygon","coordinates":[[[-79.9456,32.7833],[-79.9474,32.7872],[-79.95,32.7864],[-79.9476,32.7827],[-79.9456,32.7833]]]},"properties":{"ZCTA5CE20":"29425","AFFGEOID20":"860Z200US29425","GEOID20":"29425","NAME20":"29425","LSAD20":"Z5","ALAND20":140954,"AWATER20":0}},
{"type":"Feature","geometry":{"type":"Polygon","coordinates":[[[-79.1341,34.3688],[-79.1223,34.3689],[-79.1289,34.3775],[-79.1341,34.3688]]]},"properties":{"ZCTA5CE20":"28362","AFFGEOID20":"860Z200US28362","GEOID20":"28362","NAME20":"28362","LSAD20":"Z5","ALAND20":971242,"AWATER20":0}},
{"type":"Feature","geometry":{"type":"Polygon","coordinates":[[[-77.1665,35.7269],[-77.1533,35.7207],[-77.1653,35.6968],[-77.1611,35.6741],[-77.1747,35.6587],[-77.1728,35.6391],[-77.1896,35.6113],[-77.176,35.5741],[-77.1319,35.5669],[-77.1008,35.5515],[-77.0846,35.5526],[-77.0514,35.5362],[-77.043,35.5368],[-77.0097,35.5137],[-77.0078,35.5075],[-76.9792,35.4834],[-76.9576,35.483],[-76.906,35.4594],[-76.8804,35.4597],[-76.8309,35.4479],[-76.821,35.4525],[-76.8388,35.4527],[-76.8344,35.4646],[-76.8545,35.4847],[-76.845,35.5174],[-76.8725,35.5258],[-76.8731,35.5503],[-76.8639,35.5725],[-76.8867,35.5617],[-76.8739,35.5861],[-76.9048,35.5836],[-76.9098,35.5973],[-76.9647,35.597],[-76.9851,35.6043],[-76.9689,35.635],[-76.9796,35.6386],[-76.9803,35.6613],[-76.9858,35.6588],[-77.0348,35.679],[-77.0342,35.6855],[-77.0462,35.6865],[-77.0446,35.7168],[-77.0572,35.7386],[-77.0673,35.7265],[-77.0625,35.7064],[-77.0797,35.6905],[-77.093,35.6976],[-77.1121,35.716],[-77.1528,35.7349],[-77.1665,35.7269]]]},"properties":{"ZCTA5CE20":"27889","AFFGEOID20":"860Z200US27889","GEOID20":"27889","NAME20":"27889","LSAD20":"Z5","ALAND20":456185187,"AWATER20":31650597}},
{"type":"Feature","geometry":{"type":"Polygon","coordinates":[[[-78.8353,36.371],[-78.7995,36.3526],[-78.7862,36.3526],[-78.7743,36.3428],[-78.7453,36.3296],[-78.7342,36.3088],[-78.7517,36.3101],[-78.7626,36.2999],[-78.7512,36.2917],[-78.7675,36.2758],[-78.76,36.2595],[-78.7675,36.2523],[-78.8019,36.2503],[-78.7902,36.2245],[-78.793,36.2181],[-78.7679,36.2222],[-78.7696,36.2317],[-78.7537,36.2369],[-78.7528,36.2464],[-78.729,36.2582],[-78.6971,36.2566],[-78.6925,36.2449],[-78.7033,36.2258],[-78.7232,36.2172],[-78.7066,36.2101],[-78.6876,36.2187],[-78.6694,36.2154],[-78.6442,36.2034],[-78.6677,36.1794],[-78.6238,36.1622],[-78.5993,36.1692],[-78.5743,36.172],[-78.5578,36.1909],[-78.5686,36.1927],[-78.5672,36.2062],[-78.5761,36.2264],[-78.5553,36.2315],[-78.5376,36.2449],[-78.5087,36.2174],[-78.5089,36.2406],[-78.4839,36.2323],[-78.4813,36.2596],[-78.4874,36.274],[-78.5058,36.2735],[-78.5106,36.3983],[-78.4926,36.4065],[-78.4657,36.4302],[-78.4848,36.4312],[-78.4852,36.4606],[-78.4654,36.4675],[-78.4663,36.476],[-78.4802,36.4795],[-78.5061,36.4958],[-78.5255,36.4709],[-78.5551,36.4746],[-78.5448,36.4913],[-78.5794,36.482],[-78.5936,36.4727],[-78.6247,36.4774],[-78.6559,36.473],[-78.6607,36.5073],[-78.6712,36.5077],[-78.6734,36.5287],[-78.6854,36.542],[-78.7038,36.542],[-78.7963,36.5417],[-78.795,36.5213],[-78.7793,36.5329],[-78.7652,36.5232],[-78.7638,36.5057],[-78.7793,36.4933],[-78.8033,36.4475],[-78.8083,36.4288],[-78.7998,36.4223],[-78.7986,36.3931],[-78.8086,36.3932],[-78.8238,36.3765],[-78.8353,36.371]],[[-78.5793,36.4456],[-78.5734,36.4551],[-78.5591,36.4475],[-78.5647,36.4401],[-78.5793,36.4456]]]},"properties":{"ZCTA5CE20":"27565","AFFGEOID20":"860Z200US27565","GEOID20":"27565","NAME20":"27565","LSAD20":"Z5","ALAND20":826157620,"AWATER20":2414208}},
{"type":"Feature","geometry":{"type":"Polygon","coordinates":[[[-82.4416,34.2878],[-82.4412,34.2765],[-82.459,34.2635],[-82.4764,34.2577],[-82.4876,34.2699],[-82.4882,34.2797],[-82.5,34.2906],[-82.5351,34.2942],[-82.5446,34.286],[-82.5226,34.2643],[-82.536,34.2629],[-82.5501,34.2822],[-82.5426,34.3036],[-82.5476,34.3099],[-82.5814,34.3057],[-82.6082,34.2635],[-82.6269,34.2417],[-82.6236,34.2244],[-82.6304,34.2131],[-82.6015,34.2162],[-82.6106,34.1974],[-82.5934,34.1982],[-82.5783,34.1809],[-82.5633,34.1512],[-82.5514,34.1426],[-82.5348,34.1586],[-82.5282,34.153],[-82.5114,34.1106],[-82.4929,34.1168],[-82.487,34.0825],[-82.4748,34.0756],[-82.4632,34.0474],[-82.4461,34.0392],[-82.4256,34.0453],[-82.4494,34.0602],[-82.3771,34.0574],[-82.3876,34.0375],[-82.3776,34.021],[-82.3668,34.0141],[-82.3356,34.0278],[-82.3371,34.0452],[-82.3269,34.0641],[-82.3025,34.0806],[-82.3172,34.0899],[-82.3066,34.1069],[-82.2969,34.1374],[-82.2763,34.14],[-82.28,34.1457],[-82.2661,34.1582],[-82.2691,34.1758],[-82.2402,34.1903],[-82.2654,34.2016],[-82.268,34.2088],[-82.2475,34.2172],[-82.2772,34.2576],[-82.3021,34.2422],[-82.318,34.2489],[-82.3283,34.2619],[-82.3233,34.2739],[-82.3309,34.2808],[-82.3721,34.2777],[-82.3775,34.293],[-82.3999,34.2956],[-82.4261,34.277],[-82.4416,34.2878]]]},"properties":{"ZCTA5CE20":"29620","AFFGEOID20":"860Z200US29620","GEOID20":"29620","NAME20":"29620","LSAD20":"Z5","ALAND20":641332874,"AWATER20":7409838}},
{"type":"Feature","geometry":{"type":"Polygon","coordinates":[[[-81.073,34.2517],[-81.0977,34.2446],[-81.1044,34.2239],[-81.115,34.2156],[-81.1397,34.2169],[-81.1346,34.2066],[-81.1213,34.2067],[-81.1208,34.188],[-81.1084,34.1658],[-81.0807,34.1618],[-81.0519,34.1458],[-81.0424,34.1477],[-81.0015,34.1362],[-80.9821,34.1352],[-80.9701,34.1475],[-80.9502,34.149],[-80.9408,34.1617],[-80.9244,34.1632],[-80.9004,34.1793],[-80.8978,34.1944],[-80.8691,34.1829],[-80.8823,34.2017],[-80.8627,34.2179],[-80.8784,34.2257],[-80.8861,34.2364],[-80.8604,34.2455],[-80.8783,34.253],[-80.8666,34.2639],[-80.8684,34.2771],[-80.8966,34.2782],[-80.9098,34.2689],[-80.9075,34.245],[-80.9142,34.2324],[-80.9289,34.2449],[-80.933,34.2556],[-80.9619,34.252],[-80.9824,34.2589],[-80.9974,34.2527],[-80.9993,34.2425],[-81.0392,34.2325],[-81.0625,34.2404],[-81.073,34.2517]]]},"properties":{"ZCTA5CE20":"29016","AFFGEOID20":"860Z200US29016","GEOID20":"29016","NAME20":"29016","LSAD20":"Z5","ALAND20":225250562,"AWATER20":1661426}},
{"type":"Feature","geometry":{"type":"Polygon","coordinates":[[[-80.8659,35.5119],[-80.8039,35.5075],[-80.7979,35.5258],[-80.7795,35.5201],[-80.7843,35.506],[-80.7683,35.5059],[-80.7639,35.5152],[-80.7372,35.5058],[-80.7408,35.5327],[-80.7083,35.5365],[-80.7008,35.5477],[-80.6761,35.5447],[-80.6862,35.5642],[-80.6758,35.5845],[-80.6822,35.5956],[-80.6723,35.6107],[-80.6937,35.6203],[-80.7239,35.6256],[-80.7446,35.6217],[-80.751,35.6323],[-80.7685,35.6432],[-80.7882,35.6482],[-80.78,35.6669],[-80.7978,35.6685],[-80.8205,35.6527],[-80.8441,35.6622],[-80.8641,35.6401],[-80.862,35.6285],[-80.8358,35.629],[-80.8255,35.614],[-80.8386,35.5983],[-80.8333,35.5799],[-80.8483,35.5556],[-80.8443,35.5264],[-80.8625,35.5304],[-80.8659,35.5119]]]},"properties":{"ZCTA5CE20":"28115","AFFGEOID20":"860Z200US28115","GEOID20":"28115","NAME20":"28115","LSAD20":"Z5","ALAND20":193261125,"AWATER20":1276047}},
{"type":"Feature","geometry":{"type":"Polygon","coordinates":[[[-80.9808,35.9032],[-80.9875,35.895],[-80.9833,35.881],[-80.9945,35.8771],[-81.0028,35.865],[-81.0043,35.8476],[-81.0147,35.8454],[-81.0174,35.8261],[-81.0376,35.8188],[-81.0382,35.7744],[-81.0482,35.7718],[-81.0712,35.7805],[-81.0875,35.7673],[-81.0904,35.7573],[-81.0747,35.7431],[-81.0397,35.7576],[-80.9467,35.7906],[-80.8903,35.8052],[-80.8613,35.8097],[-80.8635,35.7748],[-80.8373,35.7621],[-80.811,35.7572],[-80.7865,35.7585],[-80.7448,35.7498],[-80.7296,35.7924],[-80.7374,35.8063],[-80.7381,35.8258],[-80.7481,35.8308],[-80.745,35.8441],[-80.729,35.8517],[-80.7174,35.8412],[-80.7075,35.8521],[-80.7056,35.8524],[-80.7018,35.8509],[-80.6993,35.8508],[-80.6989,35.8532],[-80.6965,35.8547],[-80.6955,35.8547],[-80.6934,35.8538],[-80.6927,35.8581],[-80.6929,35.8602],[-80.6926,35.8621],[-80.6921,35.8634],[-80.6977,35.8629],[-80.7066,35.8699],[-80.7056,35.8835],[-80.7038,35.9076],[-80.7208,35.9184],[-80.7482,35.9153],[-80.7528,35.903],[-80.764,35.8989],[-80.7821,35.8812],[-80.7904,35.8956],[-80.8075,35.9091],[-80.8352,35.9218],[-80.8428,35.9299],[-80.8723,35.9252],[-80.8828,35.9327],[-80.8815,35.9465],[-80.9093,35.96],[-80.9057,35.983],[-80.9159,36.0015],[-80.9094,36.0124],[-80.928,36.0203],[-80.9363,36.0181],[-80.9569,36.0254],[-80.955,36.0033],[-80.9709,35.9975],[-81.0054,36.0007],[-81.012,35.9828],[-81.0349,35.9833],[-81.0284,35.9654],[-81.0113,35.9599],[-81.0087,35.9374],[-80.9793,35.9264],[-80.9732,35.9104],[-80.9808,35.9032]]]},"properties":{"ZCTA5CE20":"28625","AFFGEOID20":"860Z200US28625","GEOID20":"28625","NAME20":"28625","LSAD20":"Z5","ALAND20":516304423,"AWATER20":3378897}},
{"type":"Feature","geometry":{"type":"Polygon","coordinates":[[[-80.4796,36.4884],[-80.5068,36.4895],[-80.5236,36.4672],[-80.5193,36.4564],[-80.5375,36.4404],[-80.5652,36.4391],[-80.5709,36.4284],[-80.5591,36.4195],[-80.5607,36.4021],[-80.5439,36.3835],[-80.5384,36.3717],[-80.5637,36.3636],[-80.5623,36.3497],[-80.5539,36.3459],[-80.5456,36.3317],[-80.5423,36.3314],[-80.5406,36.3268],[-80.5373,36.3241],[-80.5331,36.3167],[-80.5337,36.3131],[-80.5329,36.3176],[-80.5366,36.3236],[-80.54,36.3263],[-80.5424,36.3316],[-80.5456,36.3319],[-80.5497,36.3389],[-80.541,36.3449],[-80.5345,36.3414],[-80.5294,36.3508],[-80.5343,36.3584],[-80.5115,36.3755],[-80.4866,36.3741],[-80.4849,36.3597],[-80.5017,36.3535],[-80.4902,36.3414],[-80.4757,36.336],[-80.4572,36.3388],[-80.4495,36.3545],[-80.4489,36.3804],[-80.4315,36.3968],[-80.4174,36.3988],[-80.4146,36.4135],[-80.3965,36.4295],[-80.3803,36.4373],[-80.4,36.4548],[-80.4351,36.4598],[-80.4478,36.4751],[-80.4756,36.4799],[-80.4796,36.4884]]]},"properties":{"ZCTA5CE20":"27041","AFFGEOID20":"860Z200US27041","GEOID20":"27041","NAME20":"27041","LSAD20":"Z5","ALAND20":156236022,"AWATER20":1032658}},
{"type":"Feature","geometry":{"type":"Polygon","coordinates":[[[-81.7454,36.1939],[-81.7478,36.179],[-81.7682,36.1721],[-81.7664,36.161],[-81.7781,36.1511],[-81.7809,36.1399],[-81.7621,36.131],[-81.7429,36.1335],[-81.7285,36.1428],[-81.735,36.1569],[-81.7117,36.1654],[-81.7042,36.1754],[-81.6817,36.1765],[-81.6797,36.1827],[-81.6372,36.1851],[-81.6292,36.1743],[-81.6374,36.1398],[-81.6312,36.1182],[-81.5958,36.1179],[-81.5957,36.1313],[-81.5692,36.1365],[-81.5776,36.1582],[-81.5602,36.1571],[-81.5511,36.1461],[-81.5149,36.1344],[-81.4998,36.1432],[-81.5033,36.1617],[-81.5289,36.1688],[-81.546,36.1809],[-81.5585,36.2033],[-81.5906,36.1924],[-81.6001,36.2029],[-81.5825,36.2202],[-81.5475,36.2413],[-81.5711,36.2639],[-81.5666,36.2724],[-81.58,36.2788],[-81.5908,36.2711],[-81.6122,36.2784],[-81.624,36.3054],[-81.6687,36.3038],[-81.6728,36.2955],[-81.701,36.3195],[-81.7095,36.3207],[-81.7275,36.293],[-81.7282,36.2779],[-81.7237,36.2432],[-81.7296,36.2342],[-81.7216,36.2257],[-81.7199,36.2058],[-81.7454,36.1939]]]},"properties":{"ZCTA5CE20":"28607","AFFGEOID20":"860Z200US28607","GEOID20":"28607","NAME20":"28607","LSAD20":"Z5","ALAND20":263458870,"AWATER20":788828}},
{"type":"Feature","geometry":{"type":"Polygon","coordinates":[[[-78.3152,34.8147],[-78.3114,34.7933],[-78.2831,34.7926],[-78.2847,34.7578],[-78.2717,34.7518],[-78.2533,34.757],[-78.216,34.7382],[-78.1985,34.7422],[-78.1905,34.7679],[-78.1802,34.7684],[-78.1851,34.7854],[-78.1802,34.8013],[-78.1533,34.7945],[-78.1287,34.7788],[-78.1139,34.7809],[-78.0972,34.7676],[-78.0922,34.7774],[-78.0722,34.7853],[-78.0861,34.7999],[-78.0441,34.7906],[-78.0263,34.7977],[-78.0048,34.7946],[-77.9982,34.8036],[-77.9768,34.8058],[-77.9519,34.7999],[-77.9398,34.8028],[-77.9031,34.7956],[-77.8678,34.7967],[-77.8705,34.8131],[-77.8544,34.8274],[-77.8678,34.8388],[-77.8612,34.853],[-77.8633,34.8732],[-77.8953,34.8859],[-77.9279,34.8832],[-77.9382,34.8656],[-77.9667,34.8679],[-77.985,34.8633],[-78.0024,34.8648],[-78.0129,34.8735],[-78.0424,34.8605],[-78.0382,34.8492],[-78.074,34.8414],[-78.0795,34.8308],[-78.1254,34.8395],[-78.1259,34.854],[-78.1628,34.8538],[-78.1806,34.8488],[-78.1942,34.8104],[-78.2092,34.8013],[-78.2342,34.8209],[-78.2252,34.8288],[-78.2411,34.841],[-78.2965,34.8385],[-78.3022,34.8219],[-78.3152,34.8147]]]},"properties":{"ZCTA5CE20":"28458","AFFGEOID20":"860Z200US28458","GEOID20":"28458","NAME20":"28458","LSAD20":"Z5","ALAND20":295480837,"AWATER20":1685846}},
{"type":"Feature","geometry":{"type":"Polygon","coordinates":[[[-79.9091,34.8389],[-79.9139,34.8185],[-79.9274,34.8066],[-79.8707,34.8054],[-79.7737,34.8059],[-79.7627,34.8068],[-79.7528,34.84],[-79.7428,34.8585],[-79.7404,34.8768],[-79.7458,34.9032],[-79.7397,34.9113],[-79.7238,34.9096],[-79.6945,34.922],[-79.6705,34.9154],[-79.6715,34.928],[-79.6934,34.9383],[-79.6598,34.9584],[-79.6518,34.9558],[-79.6492,34.9761],[-79.6124,34.9768],[-79.6096,34.9826],[-79.6437,34.9969],[-79.6399,35.0113],[-79.6271,35.018],[-79.6409,35.0299],[-79.6589,35.0295],[-79.6813,35.054],[-79.7092,35.0249],[-79.724,35.0206],[-79.7333,35.0064],[-79.7621,35.033],[-79.7732,35.0231],[-79.8099,35.022],[-79.8331,35.0153],[-79.8389,35.0256],[-79.8527,35.0174],[-79.879,35.0209],[-79.8838,35.0281],[-79.8724,35.039],[-79.8823,35.0507],[-79.8772,35.0353],[-79.8924,35.0249],[-79.8993,35.0037],[-79.8637,34.9766],[-79.8723,34.9504],[-79.8496,34.9114],[-79.8505,34.8984],[-79.8801,34.8668],[-79.8997,34.8585],[-79.9091,34.8389]],[[-79.831,34.9178],[-79.8226,34.9156],[-79.816,34.907],[-79.8249,34.9033],[-79.8251,34.9087],[-79.831,34.9178]]]},"properties":{"ZCTA5CE20":"28379","AFFGEOID20":"860Z200US28379","GEOID20":"28379","NAME20":"28379","LSAD20":"Z5","ALAND20":392534048,"AWATER20":9063450}},
{"type":"Feature","geometry":{"type":"Polygon","coordinates":[[[-79.0327,35.7008],[-79.0555,35.6911],[-79.0639,35.6803],[-79.0683,35.655],[-79.057,35.6242],[-79.0445,35.6121],[-79.0346,35.6396],[-79.0126,35.6446],[-78.9831,35.6445],[-79.0026,35.6256],[-79.0074,35.6409],[-79.0261,35.6291],[-79.0207,35.6187],[-78.9995,35.6187],[-78.9985,35.5859],[-78.9951,35.5726],[-78.9814,35.5723],[-78.9815,35.5567],[-78.9894,35.5436],[-78.9688,35.5225],[-78.9631,35.5289],[-78.9421,35.5527],[-78.9451,35.5609],[-78.9663,35.5723],[-78.9445,35.5828],[-78.91,35.6162],[-78.9154,35.624],[-78.9232,35.6447],[-78.9207,35.6675],[-78.9004,35.6828],[-78.9163,35.6979],[-78.9495,35.7037],[-78.9559,35.7161],[-78.9704,35.7102],[-78.9996,35.7123],[-79.0193,35.6993],[-79.0327,35.7008]]]},"properties":{"ZCTA5CE20":"27562","AFFGEOID20":"860Z200US27562","GEOID20":"27562","NAME20":"27562","LSAD20":"Z5","ALAND20":140490833,"AWATER20":23271721}},
{"type":"Feature","geometry":{"type":"Polygon","coordinates":[[[-79.5074,36.1863],[-79.5074,36.1843],[-79.5042,36.1854],[-79.5043,36.1865],[-79.5074,36.1863]]]},"properties":{"ZCTA5CE20":"27202","AFFGEOID20":"860Z200US27202","GEOID20":"27202","NAME20":"27202","LSAD20":"Z5","ALAND20":46196,"AWATER20":0}},
{"type":"Feature","geometry":{"type":"Polygon","coordinates":[[[-78.1714,36.4893],[-78.1737,36.4622],[-78.1614,36.455],[-78.159,36.4846],[-78.1714,36.4893]]]},"properties":{"ZCTA5CE20":"27594","AFFGEOID20":"860Z200US27594","GEOID20":"27594","NAME20":"27594","LSAD20":"Z5","ALAND20":3554589,"AWATER20":0}},
{"type":"Feature","geometry":{"type":"Polygon","coordinates":[[[-80.8442,35.2247],[-80.8453,35.2257],[-80.8464,35.2249],[-80.8453,35.224],[-80.8442,35.2247]]]},"properties":{"ZCTA5CE20":"28282","AFFGEOID20":"860Z200US28282","GEOID20":"28282","NAME20":"28282","LSAD20":"Z5","ALAND20":18417,"AWATER20":0}},
{"type":"Feature","geometry":{"type":"Polygon","coordinates":[[[-81.4673,35.2456],[-81.4573,35.2358],[-81.4571,35.2227],[-81.4298,35.2091],[-81.4222,35.1893],[-81.4069,35.1665],[-81.3666,35.1649],[-81.2866,35.1618],[-81.2851,35.1816],[-81.2753,35.1966],[-81.2881,35.2247],[-81.2704,35.2521],[-81.2884,35.2576],[-81.3097,35.2477],[-81.3245,35.2623],[-81.3319,35.2813],[-81.3238,35.2947],[-81.3489,35.3232],[-81.3366,35.3402],[-81.3501,35.3486],[-81.364,35.3378],[-81.3935,35.3401],[-81.4096,35.3381],[-81.416,35.3087],[-81.4247,35.2985],[-81.4476,35.2972],[-81.4577,35.2713],[-81.4564,35.2595],[-81.4673,35.2456]]]},"properties":{"ZCTA5CE20":"28086","AFFGEOID20":"860Z200US28086","GEOID20":"28086","NAME20":"28086","LSAD20":"Z5","ALAND20":234492182,"AWATER20":1196357}},
{"type":"Feature","geometry":{"type":"Polygon","coordinates":[[[-82.3512,35.1047],[-82.3699,35.0786],[-82.37,35.0479],[-82.3603,35.0349],[-82.3685,35.0113],[-82.3617,35.0058],[-82.361,34.9821],[-82.3663,34.9672],[-82.3511,34.9665],[-82.3543,34.9488],[-82.3654,34.9375],[-82.3485,34.9222],[-82.3361,34.9213],[-82.3426,34.9046],[-82.3554,34.8944],[-82.3353,34.9001],[-82.3194,34.8852],[-82.2947,34.8863],[-82.2889,34.905],[-82.2758,34.918],[-82.2741,34.9388],[-82.2935,34.947],[-82.2978,34.975],[-82.2962,34.9909],[-82.3148,35.0081],[-82.3208,35.0253],[-82.3381,35.027],[-82.3452,35.0463],[-82.3259,35.0387],[-82.3055,35.0454],[-82.3024,35.0773],[-82.3163,35.0878],[-82.3449,35.0958],[-82.3512,35.1047]]]},"properties":{"ZCTA5CE20":"29687","AFFGEOID20":"860Z200US29687","GEOID20":"29687","NAME20":"29687","LSAD20":"Z5","ALAND20":124923962,"AWATER20":891425}},
{"type":"Feature","geometry":{"type":"Polygon","coordinates":[[[-79.3166,34.2743],[-79.3253,34.2688],[-79.3349,34.2494],[-79.327,34.2287],[-79.3413,34.2248],[-79.3185,34.2105],[-79.3217,34.2039],[-79.3473,34.1975],[-79.3487,34.1681],[-79.3296,34.1598],[-79.3273,34.1458],[-79.315,34.1326],[-79.3135,34.1053],[-79.3185,34.1034],[-79.3209,34.0969],[-79.3301,34.0931],[-79.3353,34.0754],[-79.3122,34.0796],[-79.2963,34.0738],[-79.301,34.0534],[-79.2936,34.0383],[-79.2767,34.0417],[-79.2478,34.0571],[-79.243,34.068],[-79.2498,34.0907],[-79.2209,34.1077],[-79.2163,34.1282],[-79.2058,34.133],[-79.2083,34.1506],[-79.1959,34.1611],[-79.1929,34.1751],[-79.1714,34.1817],[-79.1661,34.199],[-79.1725,34.2095],[-79.2033,34.2338],[-79.2143,34.2555],[-79.2398,34.2543],[-79.2595,34.259],[-79.2719,34.2698],[-79.2992,34.2783],[-79.3166,34.2743]]]},"properties":{"ZCTA5CE20":"29574","AFFGEOID20":"860Z200US29574","GEOID20":"29574","NAME20":"29574","LSAD20":"Z5","ALAND20":255054591,"AWATER20":690002}},
{"type":"Feature","geometry":{"type":"Polygon","coordinates":[[[-80.6299,34.2173],[-80.6098,34.213],[-80.6048,34.2098],[-80.6046,34.2059],[-80.6084,34.2021],[-80.6112,34.1964],[-80.6152,34.1961],[-80.6194,34.2038],[-80.6311,34.2034],[-80.635,34.1942],[-80.633,34.1886],[-80.6193,34.1832],[-80.6153,34.183],[-80.6139,34.1846],[-80.6134,34.1882],[-80.6119,34.1893],[-80.607,34.1873],[-80.6055,34.1838],[-80.6064,34.1762],[-80.6154,34.1699],[-80.6256,34.1724],[-80.6248,34.1643],[-80.6176,34.152],[-80.6395,34.1375],[-80.6374,34.1278],[-80.6186,34.092],[-80.6365,34.083],[-80.6142,34.0636],[-80.6075,34.0433],[-80.601,34.0394],[-80.5873,34.0434],[-80.5763,34.0363],[-80.5719,34.0244],[-80.6027,33.9936],[-80.6037,33.9832],[-80.5725,33.9878],[-80.5529,33.9772],[-80.5405,33.9872],[-80.5394,34.0193],[-80.5274,34.0239],[-80.5117,34.0393],[-80.5017,34.0292],[-80.4707,34.0342],[-80.4437,34.0315],[-80.4342,34.0462],[-80.4433,34.0667],[-80.4544,34.0813],[-80.4435,34.0971],[-80.4693,34.1079],[-80.4635,34.1221],[-80.4505,34.1284],[-80.4356,34.1215],[-80.4179,34.1288],[-80.4263,34.151],[-80.4037,34.1503],[-80.4009,34.1575],[-80.417,34.1723],[-80.4639,34.1737],[-80.4792,34.1691],[-80.513,34.146],[-80.5337,34.1535],[-80.5297,34.1659],[-80.5145,34.1712],[-80.5157,34.1821],[-80.5307,34.183],[-80.5659,34.1751],[-80.604,34.1586],[-80.6083,34.1729],[-80.6056,34.1769],[-80.6048,34.1832],[-80.6068,34.1878],[-80.6112,34.1897],[-80.6138,34.1885],[-80.6141,34.1852],[-80.617,34.1832],[-80.6331,34.1893],[-80.631,34.2031],[-80.6195,34.2035],[-80.6152,34.1957],[-80.6112,34.1962],[-80.6086,34.1984],[-80.6078,34.202],[-80.6047,34.2049],[-80.6036,34.2086],[-80.6078,34.213],[-80.6299,34.2173]]]},"properties":{"ZCTA5CE20":"29128","AFFGEOID20":"860Z200US29128","GEOID20":"29128","NAME20":"29128","LSAD20":"Z5","ALAND20":277446156,"AWATER20":4007761}},
{"type":"Feature","geometry":{"type":"Polygon","coordinates":[[[-81.2638,34.142],[-81.2686,34.1434],[-81.2723,34.1413],[-81.2688,34.1368],[-81.2657,34.1387],[-81.2638,34.142]]]},"properties":{"ZCTA5CE20":"29177","AFFGEOID20":"860Z200US29177","GEOID20":"29177","NAME20":"29177","LSAD20":"Z5","ALAND20":355468,"AWATER20":0}},
{"type":"Feature","geometry":{"type":"Polygon","coordinates":[[[-82.0922,35.4941],[-82.0906,35.4681],[-82.0984,35.4683],[-82.1151,35.4435],[-82.138,35.4345],[-82.1305,35.4198],[-82.1448,35.4121],[-82.1582,35.4144],[-82.1762,35.4047],[-82.1515,35.4076],[-82.1317,35.3956],[-82.1091,35.368],[-82.0972,35.3699],[-82.0903,35.36],[-82.109,35.3458],[-82.0777,35.3347],[-82.0713,35.3156],[-82.0539,35.3144],[-82.0635,35.3016],[-82.0737,35.3001],[-82.0799,35.2816],[-82.0505,35.2755],[-82.0211,35.2772],[-82.0036,35.2575],[-81.9928,35.2552],[-81.9994,35.2377],[-82.017,35.231],[-82.0004,35.2121],[-82.0017,35.1885],[-81.8752,35.1841],[-81.8694,35.203],[-81.876,35.2374],[-81.8827,35.2412],[-81.8869,35.248],[-81.9133,35.2673],[-81.9171,35.2822],[-81.9317,35.2823],[-81.9427,35.2926],[-81.9269,35.3133],[-81.923,35.3356],[-81.9218,35.3409],[-81.9437,35.3547],[-81.9414,35.3747],[-81.92,35.3839],[-81.9126,35.3948],[-81.9269,35.428],[-81.9145,35.4329],[-81.887,35.4199],[-81.8769,35.422],[-81.8846,35.4361],[-81.8652,35.4626],[-81.8557,35.492],[-81.8671,35.4835],[-81.9051,35.4699],[-81.8993,35.4506],[-81.9056,35.44],[-81.9295,35.4569],[-81.9406,35.4562],[-81.9543,35.4423],[-81.9663,35.4525],[-82.001,35.4724],[-82.0269,35.4599],[-82.0373,35.4818],[-82.0738,35.4797],[-82.0848,35.4958],[-82.0922,35.4941]]]},"properties":{"ZCTA5CE20":"28139","AFFGEOID20":"860Z200US28139","GEOID20":"28139","NAME20":"28139","LSAD20":"Z5","ALAND20":471006966,"AWATER20":414708}},
{"type":"Feature","geometry":{"type":"Polygon","coordinates":[[[-79.4573,36.3997],[-79.468,36.3952],[-79.4687,36.3837],[-79.4455,36.3671],[-79.4325,36.3583],[-79.3958,36.3659],[-79.3938,36.3471],[-79.4097,36.3413],[-79.4119,36.3153],[-79.3947,36.3106],[-79.3911,36.2815],[-79.3793,36.2763],[-79.3221,36.3145],[-79.3121,36.3264],[-79.3025,36.3157],[-79.286,36.3173],[-79.2877,36.3439],[-79.2715,36.3437],[-79.2715,36.325],[-79.2595,36.323],[-79.2431,36.3287],[-79.2413,36.3476],[-79.2322,36.3747],[-79.2373,36.3839],[-79.2321,36.4051],[-79.2477,36.4042],[-79.2587,36.4305],[-79.2688,36.4287],[-79.2908,36.4065],[-79.3192,36.4063],[-79.3511,36.4199],[-79.3492,36.4367],[-79.3342,36.4403],[-79.3307,36.4593],[-79.3503,36.4601],[-79.359,36.4833],[-79.366,36.4881],[-79.372,36.487],[-79.3935,36.4508],[-79.3995,36.4327],[-79.4175,36.4202],[-79.4504,36.4093],[-79.4573,36.3997]]]},"properties":{"ZCTA5CE20":"27379","AFFGEOID20":"860Z200US27379","GEOID20":"27379","NAME20":"27379","LSAD20":"Z5","ALAND20":229457961,"AWATER20":2093376}},
{"type":"Feature","geometry":{"type":"Polygon","coordinates":[[[-79.5201,36.2796],[-79.5129,36.2638],[-79.5187,36.2547],[-79.5207,36.218],[-79.5131,36.2098],[-79.5173,36.1873],[-79.5348,36.1882],[-79.547,36.1977],[-79.5684,36.1971],[-79.5721,36.1899],[-79.5541,36.1607],[-79.5662,36.1546],[-79.5672,36.1406],[-79.5412,36.1345],[-79.5373,36.1209],[-79.5187,36.1078],[-79.5205,36.0966],[-79.5338,36.0869],[-79.5057,36.0815],[-79.4964,36.088],[-79.4939,36.1009],[-79.4728,36.1122],[-79.4902,36.1183],[-79.4913,36.135],[-79.5,36.1535],[-79.4862,36.1603],[-79.4936,36.1812],[-79.4851,36.1895],[-79.4855,36.2132],[-79.4738,36.219],[-79.4642,36.2343],[-79.4684,36.2425],[-79.4322,36.2474],[-79.4272,36.2565],[-79.3985,36.2593],[-79.3911,36.2815],[-79.3947,36.3106],[-79.4119,36.3153],[-79.4379,36.3143],[-79.4507,36.3026],[-79.4548,36.288],[-79.476,36.2967],[-79.5017,36.2808],[-79.5201,36.2796]],[[-79.5074,36.1863],[-79.5043,36.1865],[-79.5042,36.1854],[-79.5074,36.1843],[-79.5074,36.1863]]]},"properties":{"ZCTA5CE20":"27244","AFFGEOID20":"860Z200US27244","GEOID20":"27244","NAME20":"27244","LSAD20":"Z5","ALAND20":139295077,"AWATER20":1728774}},
{"type":"Feature","geometry":{"type":"Polygon","coordinates":[[[-79.2867,35.3789],[-79.2938,35.3523],[-79.3156,35.3388],[-79.3312,35.3505],[-79.3489,35.3525],[-79.3638,35.3444],[-79.356,35.3106],[-79.3122,35.3097],[-79.2925,35.2998],[-79.2826,35.2874],[-79.2715,35.2847],[-79.263,35.2693],[-79.2642,35.2557],[-79.253,35.2431],[-79.2302,35.2548],[-79.2162,35.2487],[-79.1951,35.2512],[-79.1737,35.2447],[-79.1755,35.2232],[-79.1824,35.2128],[-79.166,35.2011],[-79.1194,35.197],[-79.1135,35.2016],[-79.0958,35.1921],[-79.0461,35.2035],[-78.9977,35.2141],[-79.0164,35.2313],[-79.0009,35.2571],[-79.0043,35.2666],[-79.0318,35.2774],[-79.048,35.2689],[-79.0691,35.2753],[-79.0715,35.2953],[-79.0895,35.3063],[-79.0968,35.3217],[-79.1261,35.3328],[-79.1296,35.3251],[-79.1556,35.3183],[-79.1722,35.3053],[-79.1918,35.3289],[-79.2021,35.3353],[-79.2067,35.3658],[-79.2164,35.3681],[-79.23,35.3546],[-79.2454,35.3587],[-79.2587,35.3511],[-79.2618,35.3734],[-79.2804,35.3815],[-79.2867,35.3789]]]},"properties":{"ZCTA5CE20":"28326","AFFGEOID20":"860Z200US28326","GEOID20":"28326","NAME20":"28326","LSAD20":"Z5","ALAND20":304910167,"AWATER20":1843664}},
{"type":"Feature","geometry":{"type":"Polygon","coordinates":[[[-78.2444,35.6742],[-78.2546,35.6629],[-78.2421,35.6565],[-78.2195,35.625],[-78.2229,35.6131],[-78.2046,35.6093],[-78.1973,35.5951],[-78.1781,35.5873],[-78.1786,35.5784],[-78.1672,35.5683],[-78.1631,35.5558],[-78.1674,35.532],[-78.1588,35.5199],[-78.1367,35.5146],[-78.114,35.5269],[-78.0927,35.5334],[-78.0872,35.5181],[-78.0653,35.5169],[-78.0684,35.5295],[-78.0552,35.5362],[-78.0513,35.5502],[-78.0483,35.5923],[-78.0468,35.6151],[-78.0857,35.6105],[-78.1013,35.6291],[-78.103,35.6375],[-78.0948,35.6642],[-78.0797,35.67],[-78.0855,35.6809],[-78.0611,35.6976],[-78.0691,35.697],[-78.0846,35.709],[-78.1061,35.7138],[-78.1095,35.6938],[-78.1178,35.6915],[-78.1378,35.6994],[-78.1463,35.7087],[-78.1622,35.7132],[-78.1734,35.6975],[-78.1984,35.6975],[-78.2079,35.6807],[-78.232,35.6802],[-78.2444,35.6742]]]},"properties":{"ZCTA5CE20":"27542","AFFGEOID20":"860Z200US27542","GEOID20":"27542","NAME20":"27542","LSAD20":"Z5","ALAND20":233356698,"AWATER20":3709790}},
{"type":"Feature","geometry":{"type":"Polygon","coordinates":[[[-79.9633,32.7975],[-79.9616,32.7931],[-79.9573,32.7941],[-79.9599,32.8007],[-79.9633,32.7975]]]},"properties":{"ZCTA5CE20":"29409","AFFGEOID20":"860Z200US29409","GEOID20":"29409","NAME20":"29409","LSAD20":"Z5","ALAND20":379323,"AWATER20":0}},
{"type":"Feature","geometry":{"type":"Polygon","coordinates":[[[-79.1961,35.3893],[-79.1943,35.3893],[-79.1943,35.3917],[-79.196,35.3918],[-79.1961,35.3893]]]},"properties":{"ZCTA5CE20":"28355","AFFGEOID20":"860Z200US28355","GEOID20":"28355","NAME20":"28355","LSAD20":"Z5","ALAND20":39936,"AWATER20":0}},
{"type":"Feature","geometry":{"type":"Polygon","coordinates":[[[-81.1039,33.2192],[-81.1051,33.2119],[-81.1231,33.1776],[-81.1378,33.1688],[-81.1346,33.157],[-81.1178,33.145],[-81.1216,33.1278],[-81.1094,33.1408],[-81.0803,33.1454],[-81.071,33.1617],[-81.0439,33.1489],[-81.0274,33.1465],[-81.0181,33.1548],[-80.9924,33.1574],[-80.974,33.1649],[-80.9568,33.1593],[-80.9423,33.1736],[-80.9298,33.1754],[-80.9125,33.192],[-80.9308,33.2066],[-80.9131,33.2312],[-80.9055,33.2255],[-80.8688,33.2372],[-80.8937,33.2544],[-80.8871,33.2642],[-80.9488,33.308],[-80.9639,33.311],[-80.9853,33.327],[-81.0048,33.3363],[-81.0554,33.354],[-81.0739,33.3684],[-81.0754,33.353],[-81.092,33.3469],[-81.1034,33.3164],[-81.0859,33.3111],[-81.0929,33.3009],[-81.094,33.2854],[-81.1071,33.263],[-81.1012,33.2364],[-81.1039,33.2192]]]},"properties":{"ZCTA5CE20":"29003","AFFGEOID20":"860Z200US29003","GEOID20":"29003","NAME20":"29003","LSAD20":"Z5","ALAND20":353045403,"AWATER20":2868426}},
{"type":"Feature","geometry":{"type":"Polygon","coordinates":[[[-82.3218,34.5728],[-82.3297,34.5445],[-82.38,34.5292],[-82.4072,34.5146],[-82.4283,34.5229],[-82.4308,34.511],[-82.4548,34.4891],[-82.4397,34.4635],[-82.4616,34.4394],[-82.4797,34.4487],[-82.4773,34.426],[-82.4831,34.4165],[-82.4719,34.4068],[-82.4833,34.3884],[-82.4677,34.3727],[-82.4691,34.354],[-82.4726,34.3292],[-82.4586,34.3267],[-82.4443,34.3385],[-82.432,34.3419],[-82.4302,34.352],[-82.4133,34.3638],[-82.3998,34.3817],[-82.3862,34.3863],[-82.374,34.3806],[-82.3586,34.3897],[-82.3509,34.4092],[-82.338,34.4266],[-82.325,34.4251],[-82.2939,34.4552],[-82.2346,34.4991],[-82.2182,34.4932],[-82.2245,34.5151],[-82.2366,34.5251],[-82.2357,34.5495],[-82.2398,34.5576],[-82.2581,34.5775],[-82.2684,34.5634],[-82.288,34.5706],[-82.3053,34.5827],[-82.3218,34.5728]]]},"properties":{"ZCTA5CE20":"29654","AFFGEOID20":"860Z200US29654","GEOID20":"29654","NAME20":"29654","LSAD20":"Z5","ALAND20":308536548,"AWATER20":1922306}},
{"type":"Feature","geometry":{"type":"Polygon","coordinates":[[[-81.5272,33.3935],[-81.5163,33.3823],[-81.5569,33.3516],[-81.5313,33.3491],[-81.5374,33.3347],[-81.5213,33.3295],[-81.5029,33.3317],[-81.4867,33.333],[-81.4627,33.3253],[-81.4544,33.3071],[-81.4315,33.3016],[-81.4125,33.3024],[-81.3866,33.2757],[-81.3863,33.3044],[-81.3732,33.3042],[-81.3612,33.2953],[-81.35,33.336],[-81.3574,33.3487],[-81.3522,33.3571],[-81.3536,33.3744],[-81.3786,33.3808],[-81.358,33.3951],[-81.3604,33.4042],[-81.3471,33.4392],[-81.3198,33.459],[-81.3132,33.4783],[-81.3225,33.483],[-81.3442,33.4809],[-81.3745,33.4909],[-81.3959,33.5015],[-81.4136,33.4938],[-81.4415,33.4886],[-81.4586,33.4728],[-81.4831,33.4745],[-81.4955,33.4697],[-81.5095,33.4482],[-81.5251,33.4487],[-81.5268,33.4342],[-81.5384,33.4236],[-81.5272,33.3935]]]},"properties":{"ZCTA5CE20":"29853","AFFGEOID20":"860Z200US29853","GEOID20":"29853","NAME20":"29853","LSAD20":"Z5","ALAND20":314559649,"AWATER20":3172971}},
{"type":"Feature","geometry":{"type":"Polygon","coordinates":[[[-79.0057,33.9875],[-79.0208,33.9863],[-79.0237,33.9585],[-79.0328,33.9354],[-79.0737,33.9305],[-79.097,33.9362],[-79.1163,33.9297],[-79.134,33.9334],[-79.1571,33.9254],[-79.1509,33.9168],[-79.1117,33.8819],[-79.1019,33.8625],[-79.0919,33.8614],[-79.0627,33.8453],[-79.0582,33.831],[-79.0442,33.8182],[-79.0556,33.8036],[-79.0527,33.7865],[-79.0631,33.7769],[-79.0685,33.7521],[-79.0625,33.7391],[-79.0428,33.7284],[-79.0407,33.7375],[-79.013,33.7489],[-78.9986,33.7568],[-78.9891,33.7488],[-78.9696,33.7602],[-78.9832,33.7754],[-78.9735,33.782],[-78.9722,33.8086],[-78.9276,33.8043],[-78.9022,33.8145],[-78.8869,33.8034],[-78.8782,33.7868],[-78.7853,33.8134],[-78.7882,33.8233],[-78.8118,33.8375],[-78.8235,33.8585],[-78.847,33.8855],[-78.8505,33.8979],[-78.8405,33.9049],[-78.8565,33.9124],[-78.8644,33.9091],[-78.8883,33.9217],[-78.8658,33.9389],[-78.8757,33.9583],[-78.8863,33.9503],[-78.9195,33.9542],[-78.9478,33.9506],[-78.9532,33.964],[-78.9878,33.9722],[-78.9962,33.9868],[-79.0057,33.9875]]]},"properties":{"ZCTA5CE20":"29526","AFFGEOID20":"860Z200US29526","GEOID20":"29526","NAME20":"29526","LSAD20":"Z5","ALAND20":453207458,"AWATER20":3624903}},
{"type":"Feature","geometry":{"type":"Polygon","coordinates":[[[-81.4912,32.9977],[-81.4995,32.9648],[-81.5113,32.9667],[-81.5027,32.9387],[-81.4832,32.9218],[-81.4759,32.8776],[-81.4527,32.8717],[-81.4293,32.8888],[-81.4144,32.8949],[-81.4015,32.8892],[-81.3938,32.8985],[-81.3822,32.892],[-81.3641,32.8905],[-81.3547,32.9071],[-81.3577,32.9264],[-81.3293,32.9417],[-81.3358,32.9535],[-81.3252,32.979],[-81.3014,32.9736],[-81.3055,32.994],[-81.2948,32.9993],[-81.2698,32.9824],[-81.2512,32.9981],[-81.2656,33.0179],[-81.2522,33.0277],[-81.2561,33.0565],[-81.3028,33.0907],[-81.3287,33.0823],[-81.3378,33.1082],[-81.3649,33.1081],[-81.3812,33.1129],[-81.386,33.1032],[-81.4002,33.107],[-81.398,33.0896],[-81.4133,33.0855],[-81.4253,33.0958],[-81.4456,33.0928],[-81.4418,33.0817],[-81.4528,33.0727],[-81.4007,33.0661],[-81.3961,33.035],[-81.413,33.0271],[-81.4045,33.009],[-81.4217,32.9921],[-81.4701,32.9926],[-81.4764,33.0022],[-81.4912,32.9977]]]},"properties":{"ZCTA5CE20":"29810","AFFGEOID20":"860Z200US29810","GEOID20":"29810","NAME20":"29810","LSAD20":"Z5","ALAND20":330060583,"AWATER20":3632327}},
{"type":"Feature","geometry":{"type":"Polygon","coordinates":[[[-78.9696,35.5217],[-78.9698,35.5215],[-78.9614,35.5103],[-78.9504,35.4847],[-78.9414,35.4794],[-78.9316,35.4799],[-78.8813,35.4625],[-78.8392,35.4425],[-78.8134,35.449],[-78.8105,35.4545],[-78.8077,35.466],[-78.7762,35.5138],[-78.7651,35.5142],[-78.7642,35.5325],[-78.7564,35.5395],[-78.7525,35.5445],[-78.747,35.5384],[-78.7366,35.5403],[-78.7219,35.5686],[-78.7405,35.5829],[-78.7367,35.5985],[-78.7251,35.6144],[-78.696,35.6125],[-78.7058,35.6251],[-78.7264,35.6376],[-78.718,35.6561],[-78.7288,35.6359],[-78.7676,35.651],[-78.7942,35.6452],[-78.7944,35.6364],[-78.82,35.625],[-78.8073,35.6108],[-78.8156,35.5951],[-78.8339,35.6041],[-78.8383,35.5904],[-78.8578,35.5912],[-78.8677,35.5824],[-78.851,35.5637],[-78.8804,35.5625],[-78.8875,35.5479],[-78.9068,35.5439],[-78.9405,35.527],[-78.9631,35.5289],[-78.9688,35.5225],[-78.9696,35.5217]]]},"properties":{"ZCTA5CE20":"27526","AFFGEOID20":"860Z200US27526","GEOID20":"27526","NAME20":"27526","LSAD20":"Z5","ALAND20":254237360,"AWATER20":1383910}},
{"type":"Feature","geometry":{"type":"Polygon","coordinates":[[[-79.3516,36.1008],[-79.3539,36.1137],[-79.3654,36.1208],[-79.3767,36.1136],[-79.3665,36.0977],[-79.3778,36.0891],[-79.3679,36.0888],[-79.3588,36.0755],[-79.363,36.0613],[-79.3552,36.0442],[-79.3459,36.0391],[-79.3485,36.0072],[-79.3304,35.99],[-79.3229,35.9729],[-79.3043,35.9675],[-79.2922,35.991],[-79.28,35.9754],[-79.263,36.0074],[-79.2875,36.0228],[-79.3141,36.026],[-79.3258,36.032],[-79.341,36.0523],[-79.3305,36.0616],[-79.3278,36.0803],[-79.3431,36.0864],[-79.3516,36.1008]],[[-79.2922,35.991],[-79.3028,35.9912],[-79.3183,36.0162],[-79.3033,36.0171],[-79.2922,35.991]]]},"properties":{"ZCTA5CE20":"27258","AFFGEOID20":"860Z200US27258","GEOID20":"27258","NAME20":"27258","LSAD20":"Z5","ALAND20":48610007,"AWATER20":534640}},
{"type":"Feature","geometry":{"type":"Polygon","coordinates":[[[-80.027,35.8831],[-80.0359,35.8655],[-80.05,35.8607],[-80.0471,35.8444],[-80.0295,35.8413],[-80.0456,35.8135],[-80.0146,35.8028],[-80.0235,35.7757],[-80.0375,35.771],[-80.0392,35.7534],[-80.0501,35.751],[-80.0503,35.7259],[-80.0463,35.7198],[-80.0399,35.6966],[-80.0204,35.7047],[-80.0168,35.7127],[-79.9801,35.7122],[-79.9812,35.7535],[-79.9642,35.7764],[-79.9518,35.7751],[-79.9435,35.7907],[-79.9511,35.8186],[-79.9359,35.8352],[-79.936,35.8432],[-79.9143,35.8464],[-79.9058,35.8576],[-79.9183,35.8738],[-79.9324,35.8826],[-79.9583,35.8861],[-79.969,35.9012],[-79.9975,35.9124],[-79.9943,35.8952],[-80.0024,35.8829],[-80.027,35.8831]]]},"properties":{"ZCTA5CE20":"27370","AFFGEOID20":"860Z200US27370","GEOID20":"27370","NAME20":"27370","LSAD20":"Z5","ALAND20":154771726,"AWATER20":674797}},
{"type":"Feature","geometry":{"type":"Polygon","coordinates":[[[-84.3122,35.0622],[-84.3219,34.9884],[-84.1295,34.9875],[-84.113,34.9875],[-84.0053,34.9874],[-84.0098,35.0142],[-84.0067,35.0302],[-84.0124,35.0426],[-83.9871,35.0476],[-83.9661,35.0441],[-83.9586,35.0528],[-83.9399,35.0574],[-83.9269,35.0671],[-83.9077,35.0782],[-83.8831,35.1061],[-83.8634,35.1215],[-83.8628,35.1324],[-83.8902,35.1349],[-83.9191,35.1281],[-83.9215,35.1146],[-83.9385,35.0972],[-83.9529,35.1058],[-83.9758,35.1116],[-83.991,35.1036],[-83.9993,35.127],[-84.0176,35.1508],[-84.0052,35.1576],[-83.9813,35.1923],[-83.9746,35.1924],[-83.9648,35.2118],[-83.9671,35.2179],[-84.0064,35.2417],[-84.0098,35.2732],[-84.0291,35.2922],[-84.0557,35.2682],[-84.0811,35.2611],[-84.0981,35.2472],[-84.1067,35.2515],[-84.1704,35.2458],[-84.1884,35.24],[-84.1991,35.2437],[-84.2118,35.2661],[-84.2237,35.2691],[-84.2603,35.2419],[-84.2902,35.2256],[-84.2923,35.2067],[-84.2983,35.1657],[-84.3048,35.1215],[-84.3122,35.0622]]]},"properties":{"ZCTA5CE20":"28906","AFFGEOID20":"860Z200US28906","GEOID20":"28906","NAME20":"28906","LSAD20":"Z5","ALAND20":863418994,"AWATER20":28813485}},
{"type":"Feature","geometry":{"type":"Polygon","coordinates":[[[-81.9025,36.0655],[-81.9019,36.0645],[-81.8981,36.0648],[-81.9003,36.0669],[-81.9025,36.0655]]]},"properties":{"ZCTA5CE20":"28653","AFFGEOID20":"860Z200US28653","GEOID20":"28653","NAME20":"28653","LSAD20":"Z5","ALAND20":108491,"AWATER20":0}},
{"type":"Feature","geometry":{"type":"Polygon","coordinates":[[[-77.826,35.8717],[-77.8397,35.8693],[-77.833,35.8589],[-77.8205,35.8656],[-77.826,35.8717]]]},"properties":{"ZCTA5CE20":"27878","AFFGEOID20":"860Z200US27878","GEOID20":"27878","NAME20":"27878","LSAD20":"Z5","ALAND20":2037515,"AWATER20":0}},
{"type":"Feature","geometry":{"type":"Polygon","coordinates":[[[-82.007,35.1336],[-81.9984,35.1322],[-81.9985,35.138],[-82.007,35.1336]]]},"properties":{"ZCTA5CE20":"29338","AFFGEOID20":"860Z200US29338","GEOID20":"29338","NAME20":"29338","LSAD20":"Z5","ALAND20":404648,"AWATER20":0}},
{"type":"Feature","geometry":{"type":"Polygon","coordinates":[[[-80.094,35.2871],[-80.0922,35.272],[-80.0982,35.2552],[-80.0908,35.236],[-80.0698,35.2183],[-80.0613,35.1918],[-80.0541,35.1808],[-80.0569,35.164],[-80.0754,35.1431],[-80.0668,35.1111],[-80.0408,35.1022],[-80.0229,35.09],[-79.9934,35.0855],[-79.9866,35.0888],[-79.9767,35.1025],[-79.9461,35.1186],[-79.9246,35.116],[-79.912,35.0937],[-79.895,35.1083],[-79.8734,35.1333],[-79.8517,35.1307],[-79.8529,35.1556],[-79.8399,35.1722],[-79.8207,35.1787],[-79.8373,35.1776],[-79.8623,35.1877],[-79.8516,35.2023],[-79.8679,35.2073],[-79.8683,35.2356],[-79.89,35.2389],[-79.8862,35.2497],[-79.8643,35.2671],[-79.8616,35.2764],[-79.8812,35.2821],[-79.8814,35.2927],[-79.8983,35.3037],[-79.9121,35.3011],[-79.9198,35.3127],[-79.9491,35.3216],[-79.955,35.3425],[-79.9863,35.3531],[-79.9899,35.3653],[-80.0289,35.3665],[-80.0342,35.3494],[-80.0658,35.3355],[-80.0802,35.3219],[-80.0802,35.3086],[-80.094,35.2871]]]},"properties":{"ZCTA5CE20":"27306","AFFGEOID20":"860Z200US27306","GEOID20":"27306","NAME20":"27306","LSAD20":"Z5","ALAND20":478370340,"AWATER20":8946700}},
{"type":"Feature","geometry":{"type":"Polygon","coordinates":[[[-80.0302,33.6965],[-80.0493,33.697],[-80.0521,33.6896],[-80.0304,33.6832],[-80.0263,33.6709],[-80.0142,33.6594],[-80.0575,33.577],[-80.0838,33.5794],[-80.1013,33.5885],[-80.1037,33.571],[-80.1165,33.5575],[-80.1124,33.5468],[-80.0841,33.5348],[-80.1017,33.4969],[-80.0822,33.5057],[-80.0366,33.5068],[-80.0294,33.5015],[-80.0121,33.5052],[-79.9863,33.4979],[-79.972,33.5009],[-79.9609,33.4944],[-79.9607,33.4948],[-79.9693,33.508],[-79.9882,33.5154],[-80.0029,33.5271],[-79.9744,33.5304],[-79.953,33.5288],[-79.934,33.5531],[-79.9456,33.5643],[-79.9374,33.5735],[-79.9499,33.5988],[-79.9457,33.6246],[-79.9571,33.6261],[-79.9405,33.6571],[-79.9309,33.6657],[-79.9163,33.6628],[-79.8856,33.6665],[-79.8734,33.6576],[-79.8557,33.6648],[-79.8925,33.6886],[-79.8903,33.7022],[-79.9085,33.7071],[-79.9185,33.7233],[-79.9315,33.7291],[-79.9457,33.7224],[-79.9744,33.7216],[-79.986,33.7073],[-80.0029,33.6984],[-80.0302,33.6965]]]},"properties":{"ZCTA5CE20":"29056","AFFGEOID20":"860Z200US29056","GEOID20":"29056","NAME20":"29056","LSAD20":"Z5","ALAND20":266517900,"AWATER20":1116411}},
{"type":"Feature","geometry":{"type":"Polygon","coordinates":[[[-79.056,34.589],[-79.0562,34.5848],[-79.0543,34.584],[-79.0528,34.589],[-79.056,34.589]]]},"properties":{"ZCTA5CE20":"28359","AFFGEOID20":"860Z200US28359","GEOID20":"28359","NAME20":"28359","LSAD20":"Z5","ALAND20":125724,"AWATER20":0}},
{"type":"Feature","geometry":{"type":"Polygon","coordinates":[[[-79.3185,34.1034],[-79.3266,34.1022],[-79.3209,34.0969],[-79.3185,34.1034]]]},"properties":{"ZCTA5CE20":"29589","AFFGEOID20":"860Z200US29589","GEOID20":"29589","NAME20":"29589","LSAD20":"Z5","ALAND20":725268,"AWATER20":0}},
{"type":"Feature","geometry":{"type":"Polygon","coordinates":[[[-81.018,34.7797],[-81.0085,34.7714],[-81.0054,34.7761],[-81.018,34.7797]]]},"properties":{"ZCTA5CE20":"29724","AFFGEOID20":"860Z200US29724","GEOID20":"29724","NAME20":"29724","LSAD20":"Z5","ALAND20":910952,"AWATER20":0}},
{"type":"Feature","geometry":{"type":"Polygon","coordinates":[[[-81.0301,33.9976],[-81.0317,33.9971],[-81.0299,33.9932],[-81.0283,33.9937],[-81.0301,33.9976]]]},"properties":{"ZCTA5CE20":"29225","AFFGEOID20":"860Z200US29225","GEOID20":"29225","NAME20":"29225","LSAD20":"Z5","ALAND20":70629,"AWATER20":0}},
{"type":"Feature","geometry":{"type":"Polygon","coordinates":[[[-79.9689,34.8075],[-79.968,34.8218],[-79.9847,34.822],[-79.9851,34.8078],[-79.9689,34.8075]]]},"properties":{"ZCTA5CE20":"28102","AFFGEOID20":"860Z200US28102","GEOID20":"28102","NAME20":"28102","LSAD20":"Z5","ALAND20":2381548,"AWATER20":0}},
{"type":"Feature","geometry":{"type":"Polygon","coordinates":[[[-75.7124,36.0454],[-75.7106,36.0256],[-75.7273,36.022],[-75.7276,36.0034],[-75.7114,36.0032],[-75.6969,35.9942],[-75.6823,35.9958],[-75.6707,35.984],[-75.6441,35.9949],[-75.6585,36.0204],[-75.6822,36.0558],[-75.7124,36.0454]]]},"properties":{"ZCTA5CE20":"27948","AFFGEOID20":"860Z200US27948","GEOID20":"27948","NAME20":"27948","LSAD20":"Z5","ALAND20":23974379,"AWATER20":15894619}},
{"type":"Feature","geometry":{"type":"Polygon","coordinates":[[[-80.7798,35.0327],[-80.8045,35.0277],[-80.8404,35.0016],[-80.7883,34.9427],[-80.782,34.9358],[-80.7975,34.8198],[-80.6358,34.8184],[-80.6419,34.8231],[-80.63,34.8491],[-80.6352,34.8656],[-80.6312,34.8824],[-80.6533,34.8876],[-80.6613,34.8942],[-80.6769,34.8901],[-80.6727,34.9118],[-80.6846,34.9163],[-80.6854,34.93],[-80.6745,34.9342],[-80.6906,34.9308],[-80.6929,34.9335],[-80.6794,34.9343],[-80.6689,34.9382],[-80.6473,34.9533],[-80.6379,34.9671],[-80.6542,34.9794],[-80.6741,34.9823],[-80.6845,34.9917],[-80.7022,34.9987],[-80.7203,34.9954],[-80.7396,35.0033],[-80.7798,35.0327]]]},"properties":{"ZCTA5CE20":"28173","AFFGEOID20":"860Z200US28173","GEOID20":"28173","NAME20":"28173","LSAD20":"Z5","ALAND20":275389168,"AWATER20":3515347}},
{"type":"Feature","geometry":{"type":"Polygon","coordinates":[[[-82.2398,34.5576],[-82.2357,34.5495],[-82.2366,34.5251],[-82.2245,34.5151],[-82.2182,34.4932],[-82.2084,34.4823],[-82.1941,34.5046],[-82.1739,34.5179],[-82.1411,34.5222],[-82.1199,34.5324],[-82.0918,34.5341],[-82.0816,34.5562],[-82.0875,34.5697],[-82.0568,34.5775],[-82.0363,34.5687],[-82.0152,34.5683],[-81.9941,34.5598],[-81.9915,34.5769],[-81.9934,34.5991],[-81.9852,34.616],[-82.0117,34.6116],[-82.0241,34.6274],[-82.0307,34.653],[-82.0351,34.664],[-82.0676,34.6838],[-82.063,34.693],[-82.0907,34.6829],[-82.1057,34.6875],[-82.1153,34.6748],[-82.1367,34.6709],[-82.1544,34.6532],[-82.1759,34.6528],[-82.1863,34.6337],[-82.2054,34.6295],[-82.2017,34.6139],[-82.2085,34.6002],[-82.2261,34.5947],[-82.223,34.5798],[-82.235,34.578],[-82.2398,34.5576]]]},"properties":{"ZCTA5CE20":"29645","AFFGEOID20":"860Z200US29645","GEOID20":"29645","NAME20":"29645","LSAD20":"Z5","ALAND20":276000880,"AWATER20":1783649}},
{"type":"Feature","geometry":{"type":"Polygon","coordinates":[[[-82.6169,35.0217],[-82.6187,35.0059],[-82.6324,35.0044],[-82.6435,34.9929],[-82.6177,34.9616],[-82.5964,34.9716],[-82.5799,34.9626],[-82.5758,34.9839],[-82.5627,34.991],[-82.5269,34.9611],[-82.5258,34.9523],[-82.518,34.9678],[-82.5109,34.9741],[-82.5138,34.9991],[-82.4881,35.0115],[-82.495,35.0168],[-82.4812,35.0296],[-82.4679,35.0338],[-82.4626,35.055],[-82.474,35.0634],[-82.4607,35.0828],[-82.4652,35.0961],[-82.4552,35.1114],[-82.4636,35.1333],[-82.465,35.1499],[-82.4741,35.1616],[-82.4519,35.1731],[-82.4601,35.1781],[-82.4874,35.1725],[-82.495,35.1645],[-82.516,35.1634],[-82.5351,35.1548],[-82.5416,35.1621],[-82.5742,35.1437],[-82.5773,35.1425],[-82.5789,35.1329],[-82.6038,35.1343],[-82.6088,35.1229],[-82.6368,35.1204],[-82.631,35.1069],[-82.6039,35.1177],[-82.6076,35.0998],[-82.5741,35.1082],[-82.5566,35.1088],[-82.5469,35.0822],[-82.5267,35.0731],[-82.5264,35.045],[-82.5205,35.0333],[-82.5315,35.0271],[-82.5529,35.0256],[-82.5559,35.045],[-82.5373,35.0519],[-82.5428,35.0712],[-82.5685,35.0657],[-82.5684,35.0555],[-82.5845,35.043],[-82.5879,35.034],[-82.6169,35.0217]],[[-82.4964,35.0281],[-82.4918,35.0338],[-82.4884,35.0302],[-82.4964,35.0281]]]},"properties":{"ZCTA5CE20":"29661","AFFGEOID20":"860Z200US29661","GEOID20":"29661","NAME20":"29661","LSAD20":"Z5","ALAND20":210017826,"AWATER20":941301}},
{"type":"Feature","geometry":{"type":"Polygon","coordinates":[[[-80.0699,34.0862],[-80.031,34.074],[-80.0051,34.0563],[-80.0011,34.0465],[-79.9628,34.0229],[-79.929,34.0137],[-79.928,34.0095],[-79.9056,34.0031],[-79.8841,33.9894],[-79.8764,33.9829],[-79.8471,33.9821],[-79.8334,33.9902],[-79.8405,33.9986],[-79.8301,34.0089],[-79.8467,34.0174],[-79.8321,34.0293],[-79.8332,34.0461],[-79.8487,34.0844],[-79.8486,34.1187],[-79.8363,34.127],[-79.8328,34.1497],[-79.8487,34.1402],[-79.8775,34.1493],[-79.8873,34.1462],[-79.9096,34.1521],[-79.9154,34.172],[-79.9033,34.1823],[-79.9033,34.192],[-79.9139,34.2023],[-79.9269,34.1999],[-79.9383,34.1901],[-79.9579,34.1984],[-79.9589,34.2049],[-80.0016,34.2235],[-79.9944,34.2271],[-80.0009,34.2441],[-80.0131,34.2445],[-80.0278,34.238],[-80.0461,34.2403],[-80.0402,34.2165],[-80.0236,34.2081],[-80.0338,34.2008],[-80.033,34.1867],[-80.0125,34.1644],[-80.025,34.1536],[-80.0534,34.1445],[-80.0286,34.1151],[-80.0335,34.1093],[-80.0699,34.0862]]]},"properties":{"ZCTA5CE20":"29161","AFFGEOID20":"860Z200US29161","GEOID20":"29161","NAME20":"29161","LSAD20":"Z5","ALAND20":350142645,"AWATER20":457464}},
{"type":"Feature","geometry":{"type":"Polygon","coordinates":[[[-81.571,34.5736],[-81.5701,34.5549],[-81.5381,34.534],[-81.518,34.5117],[-81.4944,34.492],[-81.469,34.4941],[-81.4587,34.487],[-81.4433,34.4956],[-81.4232,34.4944],[-81.4211,34.5015],[-81.4275,34.5295],[-81.4227,34.572],[-81.3964,34.5709],[-81.3838,34.5655],[-81.3793,34.5495],[-81.3496,34.5499],[-81.3274,34.5614],[-81.333,34.5302],[-81.3069,34.5348],[-81.2974,34.5445],[-81.3007,34.5662],[-81.3262,34.5674],[-81.3222,34.5889],[-81.3241,34.6074],[-81.335,34.6225],[-81.3221,34.6418],[-81.3269,34.6646],[-81.3385,34.6798],[-81.3376,34.6924],[-81.3508,34.6948],[-81.3677,34.7063],[-81.3868,34.713],[-81.3739,34.732],[-81.3744,34.7443],[-81.388,34.7461],[-81.4365,34.7443],[-81.4536,34.7219],[-81.4541,34.6937],[-81.4542,34.6752],[-81.4419,34.6537],[-81.4296,34.6486],[-81.4159,34.6336],[-81.4177,34.6234],[-81.4472,34.6043],[-81.4684,34.6277],[-81.4897,34.6279],[-81.5206,34.6184],[-81.5276,34.6093],[-81.5257,34.5918],[-81.5333,34.5839],[-81.571,34.5736]]]},"properties":{"ZCTA5CE20":"29031","AFFGEOID20":"860Z200US29031","GEOID20":"29031","NAME20":"29031","LSAD20":"Z5","ALAND20":334582866,"AWATER20":1951970}},
{"type":"Feature","geometry":{"type":"Polygon","coordinates":[[[-82.0275,35.1891],[-82.0273,35.1596],[-82.011,35.1625],[-81.9986,35.1774],[-81.9823,35.1749],[-81.9729,35.1637],[-81.9764,35.1464],[-81.9899,35.1216],[-81.9781,35.1194],[-81.9917,35.1031],[-81.975,35.0905],[-81.954,35.0868],[-81.9508,35.0753],[-81.9486,35.0853],[-81.9295,35.0884],[-81.9225,35.0707],[-81.9351,35.0451],[-81.8977,35.036],[-81.8909,35.0493],[-81.8636,35.0528],[-81.8647,35.0786],[-81.8671,35.0859],[-81.857,35.0868],[-81.8401,35.1096],[-81.8395,35.1292],[-81.8169,35.1292],[-81.8169,35.1423],[-81.7973,35.157],[-81.8146,35.1606],[-81.8332,35.1826],[-81.8752,35.1841],[-82.0017,35.1885],[-82.0275,35.1891]]]},"properties":{"ZCTA5CE20":"29323","AFFGEOID20":"860Z200US29323","GEOID20":"29323","NAME20":"29323","LSAD20":"Z5","ALAND20":183812393,"AWATER20":3709300}},
{"type":"Feature","geometry":{"type":"Polygon","coordinates":[[[-81.7887,34.5742],[-81.8087,34.5457],[-81.7955,34.5369],[-81.7848,34.541],[-81.7611,34.5406],[-81.7443,34.5318],[-81.7382,34.5378],[-81.6932,34.5344],[-81.6977,34.5118],[-81.6688,34.5001],[-81.7035,34.4534],[-81.6776,34.4312],[-81.6555,34.4228],[-81.6473,34.4357],[-81.6332,34.4258],[-81.6065,34.4277],[-81.6011,34.4093],[-81.5613,34.4146],[-81.5531,34.4246],[-81.5334,34.4344],[-81.5012,34.4147],[-81.4769,34.4261],[-81.4669,34.4234],[-81.4503,34.4296],[-81.4433,34.4212],[-81.4112,34.4333],[-81.4212,34.4538],[-81.4129,34.4679],[-81.4224,34.4822],[-81.4232,34.4944],[-81.4433,34.4956],[-81.4587,34.487],[-81.469,34.4941],[-81.4944,34.492],[-81.518,34.5117],[-81.5381,34.534],[-81.5701,34.5549],[-81.571,34.5736],[-81.5844,34.574],[-81.5962,34.5902],[-81.613,34.5983],[-81.6278,34.5955],[-81.6417,34.6063],[-81.6631,34.6131],[-81.6673,34.602],[-81.6642,34.5812],[-81.6954,34.5879],[-81.7093,34.5827],[-81.7169,34.5555],[-81.7379,34.5593],[-81.7496,34.5683],[-81.7599,34.566],[-81.7887,34.5742]]]},"properties":{"ZCTA5CE20":"29178","AFFGEOID20":"860Z200US29178","GEOID20":"29178","NAME20":"29178","LSAD20":"Z5","ALAND20":373156849,"AWATER20":1236164}},
{"type":"Feature","geometry":{"type":"Polygon","coordinates":[[[-82.6676,34.1167],[-82.6403,34.0865],[-82.6457,34.076],[-82.627,34.0635],[-82.6074,34.0381],[-82.596,34.0309],[-82.5945,34.0139],[-82.5589,34.0465],[-82.5502,34.0436],[-82.532,34.0165],[-82.5227,34.0243],[-82.5349,34.0365],[-82.527,34.0448],[-82.4857,34.0363],[-82.4654,34.0127],[-82.4298,34.0232],[-82.4073,34.027],[-82.4094,34.038],[-82.4256,34.0453],[-82.4461,34.0392],[-82.4632,34.0474],[-82.4748,34.0756],[-82.487,34.0825],[-82.4929,34.1168],[-82.5114,34.1106],[-82.5282,34.153],[-82.5348,34.1586],[-82.5514,34.1426],[-82.5633,34.1512],[-82.5783,34.1809],[-82.5934,34.1982],[-82.6106,34.1974],[-82.6193,34.1822],[-82.6302,34.1741],[-82.6238,34.1585],[-82.6261,34.1232],[-82.6469,34.1227],[-82.6676,34.1167]]]},"properties":{"ZCTA5CE20":"29628","AFFGEOID20":"860Z200US29628","GEOID20":"29628","NAME20":"29628","LSAD20":"Z5","ALAND20":184311486,"AWATER20":21087722}},
{"type":"Feature","geometry":{"type":"Polygon","coordinates":[[[-80.1795,35.8947],[-80.195,35.8745],[-80.197,35.8535],[-80.1872,35.8381],[-80.1612,35.8358],[-80.1501,35.8173],[-80.1357,35.8174],[-80.1445,35.7984],[-80.132,35.7861],[-80.092,35.7618],[-80.0838,35.7666],[-80.0671,35.7624],[-80.0666,35.7535],[-80.0501,35.751],[-80.0392,35.7534],[-80.0375,35.771],[-80.0235,35.7757],[-80.0146,35.8028],[-80.0456,35.8135],[-80.0295,35.8413],[-80.0471,35.8444],[-80.05,35.8607],[-80.0359,35.8655],[-80.027,35.8831],[-80.0435,35.8923],[-80.0399,35.9059],[-80.0473,35.9118],[-80.0473,35.9127],[-80.046,35.946],[-80.069,35.9488],[-80.1039,35.9425],[-80.1321,35.9509],[-80.1456,35.9456],[-80.1472,35.9363],[-80.1795,35.8947]]]},"properties":{"ZCTA5CE20":"27360","AFFGEOID20":"860Z200US27360","GEOID20":"27360","NAME20":"27360","LSAD20":"Z5","ALAND20":229096908,"AWATER20":1051634}},
{"type":"Feature","geometry":{"type":"Polygon","coordinates":[[[-79.888,32.6902],[-79.896,32.6889],[-79.9103,32.6729],[-79.9339,32.6648],[-79.9449,32.6708],[-79.9758,32.639],[-79.9157,32.6649],[-79.8871,32.683],[-79.888,32.6902]]]},"properties":{"ZCTA5CE20":"29439","AFFGEOID20":"860Z200US29439","GEOID20":"29439","NAME20":"29439","LSAD20":"Z5","ALAND20":7531343,"AWATER20":2068211}},
{"type":"Feature","geometry":{"type":"Polygon","coordinates":[[[-77.0798,34.81],[-77.0692,34.7934],[-77.0567,34.7853],[-77.0609,34.759],[-77.0589,34.7343],[-77.0443,34.731],[-77.0484,34.7193],[-77.0422,34.6897],[-77.0256,34.6883],[-77.0052,34.6925],[-76.9717,34.7093],[-76.9676,34.7068],[-76.892,34.7254],[-76.8398,34.7288],[-76.8383,34.7427],[-76.8133,34.7444],[-76.7911,34.7548],[-76.7625,34.7544],[-76.7289,34.7685],[-76.6916,34.7609],[-76.6743,34.7478],[-76.6712,34.7566],[-76.6858,34.7738],[-76.6866,34.8098],[-76.6914,34.8253],[-76.6891,34.8405],[-76.6918,34.8711],[-76.758,34.8463],[-76.8831,34.8449],[-76.8823,34.8367],[-76.9548,34.8245],[-76.9544,34.8091],[-77.0783,34.8113],[-77.0798,34.81]]]},"properties":{"ZCTA5CE20":"28570","AFFGEOID20":"860Z200US28570","GEOID20":"28570","NAME20":"28570","LSAD20":"Z5","ALAND20":385283066,"AWATER20":24052331}},
{"type":"Feature","geometry":{"type":"MultiPolygon","coordinates":[[[[-77.276,35.5685],[-77.2726,35.5551],[-77.2337,35.568],[-77.2375,35.5869],[-77.25,35.5864],[-77.2731,35.5741],[-77.276,35.5685]]],[[[-77.2631,35.5978],[-77.2755,35.5908],[-77.2907,35.5902],[-77.33,35.6076],[-77.3338,35.6133],[-77.3736,35.6169],[-77.373,35.6112],[-77.3866,35.5606],[-77.3856,35.5563],[-77.3544,35.5598],[-77.3518,35.543],[-77.3424,35.523],[-77.3478,35.4983],[-77.3452,35.4901],[-77.3201,35.4832],[-77.3235,35.4713],[-77.3081,35.4728],[-77.2796,35.4577],[-77.2746,35.4437],[-77.277,35.43],[-77.263,35.4356],[-77.2507,35.466],[-77.241,35.4629],[-77.2187,35.4682],[-77.2266,35.4775],[-77.2227,35.4995],[-77.227,35.5221],[-77.2221,35.5401],[-77.234,35.5491],[-77.2521,35.5526],[-77.2627,35.5428],[-77.2939,35.5334],[-77.2932,35.5722],[-77.2831,35.5755],[-77.2735,35.5791],[-77.2631,35.5978]]]]},"properties":{"ZCTA5CE20":"27858","AFFGEOID20":"860Z200US27858","GEOID20":"27858","NAME20":"27858","LSAD20":"Z5","ALAND20":159014555,"AWATER20":525556}},
{"type":"Feature","geometry":{"type":"Polygon","coordinates":[[[-78.6676,35.8165],[-78.6602,35.7998],[-78.6425,35.7967],[-78.6243,35.8046],[-78.6197,35.8139],[-78.6359,35.8243],[-78.6644,35.8213],[-78.6676,35.8165]]]},"properties":{"ZCTA5CE20":"27608","AFFGEOID20":"860Z200US27608","GEOID20":"27608","NAME20":"27608","LSAD20":"Z5","ALAND20":8935906,"AWATER20":29014}},
{"type":"Feature","geometry":{"type":"Polygon","coordinates":[[[-78.2935,35.2743],[-78.2853,35.2659],[-78.2961,35.2517],[-78.2839,35.2419],[-78.2671,35.2472],[-78.2597,35.2397],[-78.2653,35.2208],[-78.2633,35.2083],[-78.2099,35.1975],[-78.1726,35.1868],[-78.1641,35.1787],[-78.1409,35.1696],[-78.1313,35.1606],[-78.1226,35.1348],[-78.1099,35.1488],[-78.106,35.1645],[-78.0922,35.156],[-78.1088,35.1481],[-78.1224,35.1346],[-78.0994,35.1218],[-78.0887,35.1232],[-78.0583,35.1079],[-78.0537,35.1004],[-78.0229,35.0888],[-78.0018,35.0724],[-77.9756,35.0628],[-77.9486,35.058],[-77.9015,35.0437],[-77.8869,35.0654],[-77.8723,35.0685],[-77.8787,35.08],[-77.8551,35.1026],[-77.8798,35.1168],[-77.8659,35.1214],[-77.8691,35.1388],[-77.8934,35.1496],[-77.8837,35.1624],[-77.8997,35.1736],[-77.9263,35.1844],[-77.9594,35.1851],[-77.9576,35.201],[-77.967,35.2251],[-77.9878,35.2263],[-78.0062,35.2342],[-78.0254,35.2289],[-78.0174,35.2464],[-78.0392,35.2528],[-78.0544,35.2429],[-78.075,35.2483],[-78.0999,35.2721],[-78.1242,35.2782],[-78.1561,35.2771],[-78.1664,35.2722],[-78.2108,35.2865],[-78.2236,35.2986],[-78.264,35.2814],[-78.2919,35.2872],[-78.2935,35.2743]]]},"properties":{"ZCTA5CE20":"28365","AFFGEOID20":"860Z200US28365","GEOID20":"28365","NAME20":"28365","LSAD20":"Z5","ALAND20":495629188,"AWATER20":2791980}},
{"type":"Feature","geometry":{"type":"Polygon","coordinates":[[[-78.5894,35.5281],[-78.5813,35.5221],[-78.5745,35.4958],[-78.5525,35.4906],[-78.5517,35.4623],[-78.5858,35.4647],[-78.5978,35.4812],[-78.6318,35.4672],[-78.619,35.4447],[-78.6124,35.4263],[-78.5963,35.3977],[-78.5981,35.386],[-78.5888,35.3925],[-78.5719,35.3821],[-78.5841,35.3728],[-78.5763,35.3626],[-78.5626,35.3624],[-78.5331,35.343],[-78.5303,35.3337],[-78.4928,35.2953],[-78.4907,35.2875],[-78.4585,35.2941],[-78.4385,35.2852],[-78.4416,35.3057],[-78.4112,35.3106],[-78.4056,35.3057],[-78.3741,35.3035],[-78.3633,35.3062],[-78.3635,35.3385],[-78.3964,35.3355],[-78.4289,35.3468],[-78.437,35.3582],[-78.4615,35.3594],[-78.4759,35.3742],[-78.4831,35.3557],[-78.5004,35.372],[-78.4915,35.3837],[-78.5042,35.3913],[-78.5024,35.4185],[-78.4963,35.4333],[-78.505,35.4634],[-78.5223,35.4902],[-78.5256,35.5038],[-78.5397,35.5097],[-78.5307,35.5346],[-78.5393,35.547],[-78.5584,35.552],[-78.5598,35.552],[-78.5642,35.5341],[-78.5894,35.5281]]]},"properties":{"ZCTA5CE20":"27504","AFFGEOID20":"860Z200US27504","GEOID20":"27504","NAME20":"27504","LSAD20":"Z5","ALAND20":232626377,"AWATER20":1340636}},
{"type":"Feature","geometry":{"type":"Polygon","coordinates":[[[-81.2718,35.7008],[-81.2972,35.687],[-81.3195,35.7028],[-81.3196,35.6798],[-81.3089,35.6675],[-81.3027,35.6404],[-81.3216,35.6242],[-81.3447,35.6211],[-81.3574,35.6133],[-81.3773,35.6257],[-81.3861,35.6122],[-81.379,35.5878],[-81.3574,35.5944],[-81.3231,35.5842],[-81.2991,35.5927],[-81.2826,35.5843],[-81.251,35.5959],[-81.2355,35.5901],[-81.2329,35.6013],[-81.2112,35.5976],[-81.2153,35.5891],[-81.2011,35.5826],[-81.1856,35.5972],[-81.1849,35.6133],[-81.1725,35.6261],[-81.1499,35.6223],[-81.1519,35.5944],[-81.1285,35.5932],[-81.1157,35.5794],[-81.1,35.5974],[-81.1056,35.6067],[-81.1072,35.6277],[-81.1194,35.6346],[-81.129,35.6561],[-81.145,35.6617],[-81.1502,35.6459],[-81.1666,35.6498],[-81.1663,35.6641],[-81.1888,35.665],[-81.1945,35.6809],[-81.2127,35.6941],[-81.2621,35.6971],[-81.2718,35.7008]],[[-81.1408,35.6056],[-81.1176,35.6171],[-81.1182,35.5976],[-81.1408,35.6056]]]},"properties":{"ZCTA5CE20":"28658","AFFGEOID20":"860Z200US28658","GEOID20":"28658","NAME20":"28658","LSAD20":"Z5","ALAND20":184674444,"AWATER20":1195390}},
{"type":"Feature","geometry":{"type":"Polygon","coordinates":[[[-81.5654,36.4318],[-81.5655,36.4269],[-81.5905,36.4123],[-81.5741,36.4035],[-81.5724,36.3912],[-81.5506,36.3739],[-81.5532,36.3606],[-81.5465,36.3461],[-81.5342,36.3376],[-81.5214,36.3301],[-81.5152,36.3493],[-81.5038,36.3495],[-81.4781,36.319],[-81.463,36.3124],[-81.447,36.2926],[-81.4493,36.2823],[-81.4328,36.2653],[-81.4294,36.2774],[-81.4169,36.2781],[-81.4156,36.29],[-81.3874,36.2849],[-81.3786,36.2779],[-81.3667,36.2859],[-81.3616,36.3134],[-81.37,36.3203],[-81.3752,36.3441],[-81.4027,36.3469],[-81.4026,36.3641],[-81.4138,36.3788],[-81.4317,36.3772],[-81.4568,36.3941],[-81.4709,36.4075],[-81.4881,36.4146],[-81.4922,36.425],[-81.4821,36.4408],[-81.4839,36.4586],[-81.4927,36.4588],[-81.5007,36.4497],[-81.5304,36.4448],[-81.5372,36.4483],[-81.5654,36.4318]]]},"properties":{"ZCTA5CE20":"28694","AFFGEOID20":"860Z200US28694","GEOID20":"28694","NAME20":"28694","LSAD20":"Z5","ALAND20":181111905,"AWATER20":1318696}},
{"type":"Feature","geometry":{"type":"Polygon","coordinates":[[[-79.2767,34.0417],[-79.2887,34.033],[-79.3023,34.0322],[-79.3091,34.0051],[-79.3323,33.9945],[-79.3351,33.9641],[-79.323,33.949],[-79.3116,33.9442],[-79.3123,33.9182],[-79.2831,33.9007],[-79.2636,33.8925],[-79.2562,33.8717],[-79.2484,33.8976],[-79.2278,33.8929],[-79.1989,33.8949],[-79.2002,33.9061],[-79.1509,33.9168],[-79.1571,33.9254],[-79.1805,33.9611],[-79.1964,33.9641],[-79.2243,33.9538],[-79.2408,33.9735],[-79.2103,33.9746],[-79.2166,33.9965],[-79.2038,34.0033],[-79.191,33.9986],[-79.1565,33.9948],[-79.1517,34.0134],[-79.1236,34.01],[-79.1211,34.0299],[-79.0853,34.0256],[-79.0727,34.0192],[-79.022,34.007],[-79.033,34.0253],[-79.0484,34.0376],[-79.0657,34.0348],[-79.0678,34.0513],[-79.061,34.0617],[-79.063,34.0738],[-79.0744,34.0723],[-79.0984,34.0832],[-79.144,34.0892],[-79.1564,34.0863],[-79.1856,34.0942],[-79.1992,34.0877],[-79.2239,34.0895],[-79.2209,34.1077],[-79.2498,34.0907],[-79.243,34.068],[-79.2478,34.0571],[-79.2767,34.0417]]]},"properties":{"ZCTA5CE20":"29544","AFFGEOID20":"860Z200US29544","GEOID20":"29544","NAME20":"29544","LSAD20":"Z5","ALAND20":312179424,"AWATER20":2401824}},
{"type":"Feature","geometry":{"type":"Polygon","coordinates":[[[-78.9472,34.4492],[-78.9599,34.4428],[-78.9711,34.4277],[-78.9682,34.3973],[-78.995,34.3926],[-79.01,34.3803],[-79.0012,34.3639],[-79.0109,34.3522],[-79.025,34.3517],[-79.0343,34.3385],[-79.0344,34.3226],[-79.0117,34.3392],[-78.9899,34.3467],[-78.9785,34.3571],[-78.9663,34.3632],[-78.9478,34.3586],[-78.943,34.3759],[-78.9223,34.3775],[-78.9002,34.3994],[-78.8826,34.4043],[-78.8748,34.4125],[-78.8528,34.4185],[-78.8492,34.4341],[-78.8445,34.4529],[-78.8254,34.4531],[-78.836,34.4687],[-78.8264,34.483],[-78.8508,34.4884],[-78.869,34.4848],[-78.8958,34.4621],[-78.9472,34.4492]]]},"properties":{"ZCTA5CE20":"28438","AFFGEOID20":"860Z200US28438","GEOID20":"28438","NAME20":"28438","LSAD20":"Z5","ALAND20":116790545,"AWATER20":226493}},
{"type":"Feature","geometry":{"type":"Polygon","coordinates":[[[-81.8376,33.5226],[-81.847,33.5179],[-81.8432,33.5138],[-81.8383,33.5192],[-81.8376,33.5226]]]},"properties":{"ZCTA5CE20":"29834","AFFGEOID20":"860Z200US29834","GEOID20":"29834","NAME20":"29834","LSAD20":"Z5","ALAND20":403402,"AWATER20":435}},
{"type":"Feature","geometry":{"type":"Polygon","coordinates":[[[-81.4363,36.4608],[-81.4432,36.4484],[-81.4397,36.4371],[-81.4015,36.4306],[-81.3827,36.4138],[-81.3619,36.435],[-81.3731,36.459],[-81.3679,36.4638],[-81.3474,36.4587],[-81.3371,36.4739],[-81.3382,36.4853],[-81.3241,36.4997],[-81.3283,36.5173],[-81.3528,36.546],[-81.3708,36.5505],[-81.3899,36.5431],[-81.4019,36.5199],[-81.426,36.5095],[-81.4351,36.499],[-81.4374,36.4813],[-81.4189,36.4703],[-81.425,36.4575],[-81.4363,36.4608]]]},"properties":{"ZCTA5CE20":"28617","AFFGEOID20":"860Z200US28617","GEOID20":"28617","NAME20":"28617","LSAD20":"Z5","ALAND20":91043478,"AWATER20":1106655}},
{"type":"Feature","geometry":{"type":"Polygon","coordinates":[[[-77.3263,35.8251],[-77.3244,35.8111],[-77.3164,35.8096],[-77.3151,35.8237],[-77.3263,35.8251]]]},"properties":{"ZCTA5CE20":"27861","AFFGEOID20":"860Z200US27861","GEOID20":"27861","NAME20":"27861","LSAD20":"Z5","ALAND20":1196084,"AWATER20":0}},
{"type":"Feature","geometry":{"type":"Polygon","coordinates":[[[-78.7026,34.2913],[-78.699,34.2886],[-78.6954,34.2939],[-78.6988,34.2951],[-78.7026,34.2913]]]},"properties":{"ZCTA5CE20":"28424","AFFGEOID20":"860Z200US28424","GEOID20":"28424","NAME20":"28424","LSAD20":"Z5","ALAND20":371265,"AWATER20":0}},
{"type":"Feature","geometry":{"type":"Polygon","coordinates":[[[-78.2107,35.5634],[-78.2048,35.5555],[-78.1959,35.56],[-78.2005,35.5666],[-78.2107,35.5634]]]},"properties":{"ZCTA5CE20":"27555","AFFGEOID20":"860Z200US27555","GEOID20":"27555","NAME20":"27555","LSAD20":"Z5","ALAND20":1085962,"AWATER20":0}},
{"type":"Feature","geometry":{"type":"Polygon","coordinates":[[[-82.2236,35.9108],[-82.2207,35.9081],[-82.2169,35.9084],[-82.2219,35.9107],[-82.2236,35.9108]]]},"properties":{"ZCTA5CE20":"28755","AFFGEOID20":"860Z200US28755","GEOID20":"28755","NAME20":"28755","LSAD20":"Z5","ALAND20":144650,"AWATER20":0}},
{"type":"Feature","geometry":{"type":"Polygon","coordinates":[[[-81.4547,34.7773],[-81.4531,34.7609],[-81.4824,34.7444],[-81.4883,34.733],[-81.4793,34.7239],[-81.4619,34.7265],[-81.4541,34.7209],[-81.4541,34.6937],[-81.4536,34.7219],[-81.4365,34.7443],[-81.388,34.7461],[-81.3744,34.7443],[-81.3739,34.732],[-81.3868,34.713],[-81.3677,34.7063],[-81.3508,34.6948],[-81.3376,34.6924],[-81.3385,34.6798],[-81.3269,34.6646],[-81.3221,34.6418],[-81.335,34.6225],[-81.3241,34.6074],[-81.3222,34.5889],[-81.3262,34.5674],[-81.3007,34.5662],[-81.2451,34.5638],[-81.2332,34.5758],[-81.2335,34.6058],[-81.2107,34.6029],[-81.1958,34.5922],[-81.1774,34.6371],[-81.1545,34.6416],[-81.1312,34.641],[-81.1248,34.631],[-81.1044,34.6234],[-81.0922,34.6302],[-81.0744,34.6224],[-81.069,34.6408],[-81.0788,34.6642],[-81.0736,34.6789],[-81.0537,34.6867],[-81.0538,34.7037],[-81.0615,34.7194],[-81.0495,34.7246],[-81.0507,34.7588],[-81.0375,34.773],[-81.0303,34.7938],[-81.0287,34.7999],[-81.0489,34.8093],[-81.0533,34.7981],[-81.0678,34.7997],[-81.0813,34.793],[-81.0967,34.7928],[-81.1224,34.8133],[-81.1411,34.8206],[-81.2979,34.822],[-81.3155,34.826],[-81.3245,34.8223],[-81.3729,34.8222],[-81.3774,34.809],[-81.4097,34.779],[-81.4323,34.7766],[-81.456,34.7875],[-81.4547,34.7773]]]},"properties":{"ZCTA5CE20":"29706","AFFGEOID20":"860Z200US29706","GEOID20":"29706","NAME20":"29706","LSAD20":"Z5","ALAND20":695173362,"AWATER20":4161190}},
{"type":"Feature","geometry":{"type":"Polygon","coordinates":[[[-82.7776,34.8193],[-82.7796,34.8111],[-82.7682,34.7987],[-82.7565,34.7894],[-82.7511,34.7661],[-82.751,34.757],[-82.7494,34.7476],[-82.7151,34.7364],[-82.7228,34.726],[-82.702,34.7145],[-82.6936,34.6885],[-82.6977,34.6816],[-82.6725,34.6851],[-82.6598,34.6775],[-82.6374,34.6968],[-82.6369,34.7048],[-82.5978,34.7051],[-82.5947,34.7221],[-82.6059,34.7261],[-82.6221,34.7223],[-82.6345,34.7394],[-82.6411,34.7597],[-82.6352,34.7697],[-82.6379,34.7939],[-82.6577,34.8117],[-82.6613,34.8315],[-82.672,34.8452],[-82.6919,34.8405],[-82.7077,34.8528],[-82.7283,34.8473],[-82.7401,34.8392],[-82.7442,34.8225],[-82.7697,34.8244],[-82.7776,34.8193]]]},"properties":{"ZCTA5CE20":"29657","AFFGEOID20":"860Z200US29657","GEOID20":"29657","NAME20":"29657","LSAD20":"Z5","ALAND20":164075574,"AWATER20":923641}},
{"type":"Feature","geometry":{"type":"Polygon","coordinates":[[[-79.6764,33.3048],[-79.6643,33.2983],[-79.631,33.2929],[-79.5955,33.2793],[-79.5623,33.2725],[-79.5354,33.2496],[-79.494,33.236],[-79.4826,33.2459],[-79.46,33.2351],[-79.4467,33.2135],[-79.4384,33.2151],[-79.4136,33.1982],[-79.4066,33.1867],[-79.3508,33.1535],[-79.3321,33.1527],[-79.3167,33.1463],[-79.2912,33.1466],[-79.2688,33.136],[-79.2753,33.1189],[-79.2855,33.1131],[-79.2464,33.126],[-79.2237,33.1498],[-79.1945,33.1698],[-79.1757,33.2111],[-79.1803,33.2541],[-79.1716,33.2952],[-79.1638,33.312],[-79.1721,33.3291],[-79.1627,33.3312],[-79.153,33.352],[-79.1474,33.3785],[-79.1544,33.3828],[-79.1775,33.3765],[-79.2135,33.3757],[-79.2061,33.3844],[-79.1986,33.4185],[-79.1567,33.4673],[-79.1529,33.4832],[-79.14,33.5037],[-79.1593,33.5203],[-79.1599,33.5418],[-79.175,33.5521],[-79.1644,33.5747],[-79.1486,33.5824],[-79.1461,33.6042],[-79.1613,33.6273],[-79.1601,33.6529],[-79.146,33.658],[-79.1542,33.6617],[-79.1522,33.6774],[-79.159,33.6857],[-79.1803,33.6954],[-79.2007,33.6904],[-79.212,33.6763],[-79.1879,33.6519],[-79.1757,33.6459],[-79.188,33.6318],[-79.2308,33.6223],[-79.248,33.6304],[-79.244,33.6047],[-79.2475,33.5938],[-79.2821,33.5936],[-79.2945,33.572],[-79.3175,33.5764],[-79.3304,33.5894],[-79.3618,33.5892],[-79.3777,33.5945],[-79.3608,33.6218],[-79.3676,33.6284],[-79.4063,33.619],[-79.4078,33.6265],[-79.4302,33.6423],[-79.4387,33.623],[-79.4482,33.6094],[-79.4425,33.596],[-79.4514,33.5774],[-79.46,33.5727],[-79.464,33.5526],[-79.4568,33.5435],[-79.446,33.5046],[-79.4274,33.5057],[-79.4231,33.4864],[-79.4197,33.425],[-79.446,33.4282],[-79.4488,33.4163],[-79.467,33.4152],[-79.4682,33.4014],[-79.4905,33.395],[-79.4866,33.376],[-79.4531,33.3692],[-79.5253,33.3513],[-79.5279,33.3573],[-79.5646,33.3562],[-79.5523,33.34],[-79.5702,33.326],[-79.6293,33.3172],[-79.6592,33.3166],[-79.6764,33.3048]]]},"properties":{"ZCTA5CE20":"29440","AFFGEOID20":"860Z200US29440","GEOID20":"29440","NAME20":"29440","LSAD20":"Z5","ALAND20":1354894793,"AWATER20":133729031}},
{"type":"Feature","geometry":{"type":"Polygon","coordinates":[[[-82.2402,34.1903],[-82.2691,34.1758],[-82.2661,34.1582],[-82.28,34.1457],[-82.2763,34.14],[-82.2453,34.1483],[-82.2387,34.1211],[-82.2469,34.1147],[-82.2413,34.0988],[-82.2149,34.0937],[-82.2072,34.0746],[-82.1942,34.0634],[-82.1927,34.044],[-82.1519,34.0383],[-82.1357,34.0407],[-82.1375,34.0205],[-82.1272,34.0126],[-82.1084,34.0212],[-82.1131,34.0328],[-82.135,34.0487],[-82.1005,34.0725],[-82.0881,34.0842],[-82.0977,34.109],[-82.1119,34.1175],[-82.1057,34.125],[-82.0861,34.1312],[-82.0772,34.1265],[-82.0621,34.1411],[-82.0773,34.1475],[-82.0877,34.1641],[-82.0658,34.1895],[-82.0406,34.1889],[-82.0459,34.2012],[-82.0362,34.2188],[-82.0192,34.2273],[-82.0197,34.2376],[-82.0355,34.2497],[-82.0465,34.2464],[-82.0802,34.2197],[-82.1136,34.2169],[-82.1348,34.2082],[-82.1497,34.1965],[-82.175,34.196],[-82.2402,34.1903]]]},"properties":{"ZCTA5CE20":"29646","AFFGEOID20":"860Z200US29646","GEOID20":"29646","NAME20":"29646","LSAD20":"Z5","ALAND20":262622534,"AWATER20":1131738}},
{"type":"Feature","geometry":{"type":"Polygon","coordinates":[[[-81.3612,33.2953],[-81.3509,33.2853],[-81.329,33.2764],[-81.3073,33.2812],[-81.2952,33.2901],[-81.277,33.2647],[-81.2498,33.2882],[-81.2374,33.2864],[-81.2203,33.2688],[-81.2177,33.3186],[-81.1915,33.3158],[-81.2006,33.3373],[-81.1901,33.3507],[-81.1722,33.3485],[-81.1769,33.3705],[-81.1652,33.3789],[-81.1442,33.3815],[-81.1304,33.3896],[-81.167,33.4093],[-81.1895,33.4117],[-81.2061,33.4373],[-81.2201,33.4395],[-81.2463,33.4428],[-81.2633,33.4516],[-81.2969,33.4799],[-81.3132,33.4783],[-81.3198,33.459],[-81.3471,33.4392],[-81.3604,33.4042],[-81.358,33.3951],[-81.3503,33.3885],[-81.3536,33.3744],[-81.3522,33.3571],[-81.3574,33.3487],[-81.35,33.336],[-81.3612,33.2953]]]},"properties":{"ZCTA5CE20":"29817","AFFGEOID20":"860Z200US29817","GEOID20":"29817","NAME20":"29817","LSAD20":"Z5","ALAND20":296654554,"AWATER20":1698188}},
{"type":"Feature","geometry":{"type":"MultiPolygon","coordinates":[[[[-81.1408,35.6056],[-81.1182,35.5976],[-81.1176,35.6171],[-81.1408,35.6056]]],[[[-81.2826,35.5843],[-81.2796,35.5586],[-81.2588,35.5512],[-81.2459,35.5573],[-81.2218,35.5508],[-81.2085,35.5401],[-81.2001,35.5555],[-81.1844,35.5551],[-81.1642,35.5391],[-81.1422,35.5348],[-81.1345,35.5457],[-81.121,35.5479],[-81.1158,35.5387],[-81.1022,35.5366],[-81.0995,35.5248],[-81.0812,35.5267],[-81.0736,35.5411],[-81.0753,35.5513],[-81.0461,35.5772],[-81.0586,35.5856],[-81.0619,35.6065],[-81.0805,35.602],[-81.0904,35.6129],[-81.1056,35.6067],[-81.1,35.5974],[-81.1157,35.5794],[-81.1285,35.5932],[-81.1519,35.5944],[-81.1499,35.6223],[-81.1725,35.6261],[-81.1849,35.6133],[-81.1856,35.5972],[-81.2011,35.5826],[-81.2153,35.5891],[-81.2112,35.5976],[-81.2329,35.6013],[-81.2355,35.5901],[-81.251,35.5959],[-81.2826,35.5843]]]]},"properties":{"ZCTA5CE20":"28650","AFFGEOID20":"860Z200US28650","GEOID20":"28650","NAME20":"28650","LSAD20":"Z5","ALAND20":125948164,"AWATER20":717527}},
{"type":"Feature","geometry":{"type":"Polygon","coordinates":[[[-78.9004,35.6828],[-78.9207,35.6675],[-78.9232,35.6447],[-78.9154,35.624],[-78.8972,35.6417],[-78.8838,35.6703],[-78.8738,35.6775],[-78.8466,35.6707],[-78.8395,35.6847],[-78.8268,35.6801],[-78.8214,35.6672],[-78.795,35.6694],[-78.7739,35.6624],[-78.7676,35.651],[-78.7288,35.6359],[-78.718,35.6561],[-78.719,35.6689],[-78.7082,35.6858],[-78.7227,35.6915],[-78.7665,35.7003],[-78.7834,35.7012],[-78.7913,35.6883],[-78.8138,35.7192],[-78.8136,35.7262],[-78.8295,35.7218],[-78.8439,35.711],[-78.9004,35.6828]]]},"properties":{"ZCTA5CE20":"27539","AFFGEOID20":"860Z200US27539","GEOID20":"27539","NAME20":"27539","LSAD20":"Z5","ALAND20":80295106,"AWATER20":720487}},
{"type":"Feature","geometry":{"type":"Polygon","coordinates":[[[-78.718,35.6561],[-78.7264,35.6376],[-78.7058,35.6251],[-78.696,35.6125],[-78.6801,35.6075],[-78.678,35.5955],[-78.654,35.5853],[-78.6451,35.5705],[-78.6324,35.5654],[-78.6073,35.5648],[-78.6124,35.5891],[-78.5991,35.5954],[-78.6174,35.6315],[-78.6147,35.6424],[-78.6347,35.6523],[-78.6354,35.6589],[-78.6529,35.6821],[-78.6396,35.7076],[-78.6406,35.7309],[-78.631,35.731],[-78.6384,35.7411],[-78.6374,35.7632],[-78.6472,35.7674],[-78.6378,35.7861],[-78.6392,35.7959],[-78.6243,35.8046],[-78.6425,35.7967],[-78.6579,35.7804],[-78.6697,35.7764],[-78.6678,35.7571],[-78.6947,35.7519],[-78.7009,35.7416],[-78.686,35.7181],[-78.6891,35.7057],[-78.7082,35.6858],[-78.719,35.6689],[-78.718,35.6561]]]},"properties":{"ZCTA5CE20":"27603","AFFGEOID20":"860Z200US27603","GEOID20":"27603","NAME20":"27603","LSAD20":"Z5","ALAND20":133150221,"AWATER20":331598}},
{"type":"Feature","geometry":{"type":"Polygon","coordinates":[[[-80.5456,35.588],[-80.5485,35.5793],[-80.5278,35.5702],[-80.527,35.5478],[-80.5057,35.5505],[-80.5032,35.5608],[-80.4867,35.5616],[-80.4792,35.5433],[-80.4472,35.5583],[-80.4377,35.5756],[-80.4242,35.5701],[-80.4149,35.5783],[-80.3948,35.5638],[-80.3652,35.5645],[-80.3539,35.5655],[-80.3538,35.5803],[-80.3393,35.5831],[-80.3001,35.5835],[-80.2741,35.5682],[-80.2713,35.5831],[-80.2622,35.5979],[-80.2414,35.6123],[-80.265,35.6296],[-80.2883,35.6353],[-80.3063,35.657],[-80.3073,35.6657],[-80.3306,35.6788],[-80.3345,35.6897],[-80.3248,35.7037],[-80.3324,35.7189],[-80.3401,35.7213],[-80.3687,35.7161],[-80.3896,35.7198],[-80.403,35.6903],[-80.4141,35.6784],[-80.4522,35.6619],[-80.4807,35.6425],[-80.5456,35.588]],[[-80.4661,35.5868],[-80.4604,35.589],[-80.4595,35.5865],[-80.4661,35.5868]],[[-80.4555,35.616],[-80.4406,35.621],[-80.4421,35.6104],[-80.4555,35.616]]]},"properties":{"ZCTA5CE20":"28146","AFFGEOID20":"860Z200US28146","GEOID20":"28146","NAME20":"28146","LSAD20":"Z5","ALAND20":251526724,"AWATER20":23131142}},
{"type":"Feature","geometry":{"type":"Polygon","coordinates":[[[-77.4464,35.8086],[-77.441,35.8161],[-77.4669,35.8202],[-77.4701,35.8117],[-77.4494,35.8058],[-77.4464,35.8086]]]},"properties":{"ZCTA5CE20":"27819","AFFGEOID20":"860Z200US27819","GEOID20":"27819","NAME20":"27819","LSAD20":"Z5","ALAND20":3601291,"AWATER20":0}},
{"type":"Feature","geometry":{"type":"Polygon","coordinates":[[[-82.2719,35.6233],[-82.2759,35.6242],[-82.2803,35.6196],[-82.2871,35.6202],[-82.287,35.6177],[-82.2779,35.6185],[-82.2721,35.6218],[-82.2719,35.6233]]]},"properties":{"ZCTA5CE20":"28770","AFFGEOID20":"860Z200US28770","GEOID20":"28770","NAME20":"28770","LSAD20":"Z5","ALAND20":475754,"AWATER20":0}},
{"type":"Feature","geometry":{"type":"Polygon","coordinates":[[[-81.465,34.8006],[-81.4728,34.7921],[-81.4547,34.7773],[-81.456,34.7875],[-81.465,34.8006]]]},"properties":{"ZCTA5CE20":"29364","AFFGEOID20":"860Z200US29364","GEOID20":"29364","NAME20":"29364","LSAD20":"Z5","ALAND20":2017577,"AWATER20":422334}},
{"type":"Feature","geometry":{"type":"Polygon","coordinates":[[[-79.9701,34.4693],[-79.987,34.4641],[-79.9519,34.434],[-79.9445,34.4319],[-79.9408,34.4067],[-79.9667,34.4151],[-79.9829,34.4035],[-79.9589,34.4006],[-79.9799,34.3824],[-79.9731,34.3687],[-79.9709,34.3444],[-79.9545,34.3458],[-79.953,34.3322],[-79.9684,34.3302],[-79.9418,34.3319],[-79.9075,34.3194],[-79.8804,34.3346],[-79.8637,34.3364],[-79.8459,34.3174],[-79.834,34.3175],[-79.8066,34.3298],[-79.7944,34.3416],[-79.7772,34.3471],[-79.7632,34.3433],[-79.7497,34.3508],[-79.7402,34.3717],[-79.6929,34.3568],[-79.6755,34.3673],[-79.6909,34.3897],[-79.717,34.4034],[-79.725,34.4172],[-79.7506,34.4368],[-79.7498,34.4506],[-79.7692,34.4493],[-79.7724,34.4357],[-79.8076,34.4224],[-79.8134,34.4061],[-79.8385,34.4304],[-79.8419,34.4424],[-79.8574,34.4418],[-79.8753,34.4473],[-79.8735,34.4562],[-79.9208,34.4682],[-79.9408,34.4621],[-79.954,34.446],[-79.9701,34.4693]]]},"properties":{"ZCTA5CE20":"29540","AFFGEOID20":"860Z200US29540","GEOID20":"29540","NAME20":"29540","LSAD20":"Z5","ALAND20":279334147,"AWATER20":2900621}},
{"type":"Feature","geometry":{"type":"Polygon","coordinates":[[[-82.076,35.1904],[-82.1043,35.1778],[-82.1228,35.1872],[-82.1464,35.182],[-82.1492,35.1766],[-82.1274,35.1627],[-82.1524,35.1563],[-82.1718,35.1343],[-82.1944,35.1296],[-82.2019,35.1223],[-82.2251,35.1148],[-82.2179,35.1032],[-82.2183,35.0874],[-82.232,35.0688],[-82.2163,35.0354],[-82.187,35.0446],[-82.1701,35.0549],[-82.1693,35.0673],[-82.154,35.0734],[-82.1238,35.0766],[-82.1183,35.0879],[-82.0976,35.0886],[-82.0952,35.1115],[-82.0821,35.1188],[-82.0557,35.1202],[-82.058,35.128],[-82.0333,35.1358],[-82.0367,35.149],[-82.0273,35.1596],[-82.0275,35.1891],[-82.076,35.1904]]]},"properties":{"ZCTA5CE20":"29322","AFFGEOID20":"860Z200US29322","GEOID20":"29322","NAME20":"29322","LSAD20":"Z5","ALAND20":149896279,"AWATER20":1552068}},
{"type":"Feature","geometry":{"type":"Polygon","coordinates":[[[-82.0307,34.653],[-82.0241,34.6274],[-82.0117,34.6116],[-81.9852,34.616],[-81.9934,34.5991],[-81.9915,34.5769],[-81.9889,34.5887],[-81.9745,34.5998],[-81.9508,34.6086],[-81.9313,34.6094],[-81.9245,34.6016],[-81.8998,34.599],[-81.891,34.5925],[-81.8493,34.5946],[-81.8029,34.5808],[-81.7986,34.6016],[-81.8024,34.6138],[-81.8157,34.6278],[-81.7902,34.6424],[-81.8038,34.6586],[-81.7964,34.6776],[-81.8204,34.6865],[-81.8143,34.7119],[-81.8182,34.7268],[-81.8375,34.7269],[-81.8484,34.7489],[-81.8828,34.7459],[-81.8951,34.7345],[-81.8905,34.7187],[-81.9113,34.7179],[-81.9295,34.7053],[-81.9702,34.7059],[-81.9751,34.691],[-81.9886,34.6839],[-82.0067,34.682],[-82.0132,34.6642],[-82.0107,34.655],[-82.0307,34.653]],[[-81.8686,34.6431],[-81.8574,34.6512],[-81.8504,34.6397],[-81.8587,34.6354],[-81.8686,34.6431]]]},"properties":{"ZCTA5CE20":"29335","AFFGEOID20":"860Z200US29335","GEOID20":"29335","NAME20":"29335","LSAD20":"Z5","ALAND20":247715633,"AWATER20":2155781}},
{"type":"Feature","geometry":{"type":"MultiPolygon","coordinates":[[[[-81.0202,36.1539],[-81.0291,36.1527],[-81.0411,36.1672],[-81.0543,36.1621],[-81.0572,36.1489],[-81.0728,36.1478],[-81.0917,36.1595],[-81.1111,36.1484],[-81.1105,36.1355],[-81.0701,36.141],[-81.0657,36.1329],[-81.032,36.1424],[-80.9964,36.1299],[-81.0018,36.1125],[-80.996,36.1082],[-81.0099,36.0905],[-81.0276,36.0991],[-81.0295,36.1123],[-81.0562,36.1123],[-81.0585,36.1286],[-81.0782,36.1221],[-81.1144,36.1226],[-81.1122,36.1067],[-81.0826,36.1009],[-81.0474,36.0863],[-81.0371,36.0703],[-81.0398,36.0546],[-81.0116,36.0544],[-80.9778,36.0765],[-80.9447,36.0717],[-80.9397,36.066],[-80.9184,36.0674],[-80.8966,36.0833],[-80.913,36.0962],[-80.907,36.1061],[-80.9154,36.1217],[-80.957,36.1217],[-80.9576,36.1339],[-80.9706,36.1314],[-81.0037,36.1418],[-81.0037,36.1509],[-81.0202,36.1539]]],[[[-81.1952,36.2733],[-81.1877,36.2638],[-81.2121,36.2609],[-81.2107,36.245],[-81.2242,36.2408],[-81.2063,36.2088],[-81.1781,36.1911],[-81.2063,36.1911],[-81.2217,36.1823],[-81.2255,36.1672],[-81.2076,36.1658],[-81.1893,36.1527],[-81.1524,36.1514],[-81.1124,36.1586],[-81.1153,36.1694],[-81.0692,36.1888],[-81.0466,36.1993],[-81.0242,36.202],[-81.0152,36.2142],[-81.0277,36.223],[-81.0378,36.2406],[-81.0611,36.2699],[-81.0991,36.2382],[-81.1156,36.232],[-81.1289,36.2337],[-81.1462,36.2442],[-81.1621,36.2696],[-81.1716,36.264],[-81.1952,36.2733]]]]},"properties":{"ZCTA5CE20":"28659","AFFGEOID20":"860Z200US28659","GEOID20":"28659","NAME20":"28659","LSAD20":"Z5","ALAND20":260635976,"AWATER20":11719}},
{"type":"Feature","geometry":{"type":"Polygon","coordinates":[[[-78.8098,34.4329],[-78.7941,34.4306],[-78.7751,34.4203],[-78.76,34.4225],[-78.7485,34.4332],[-78.7367,34.435],[-78.7031,34.4214],[-78.7003,34.4291],[-78.6804,34.4336],[-78.6766,34.4194],[-78.6508,34.4184],[-78.6546,34.4334],[-78.6183,34.4477],[-78.6126,34.4427],[-78.631,34.4205],[-78.6264,34.4127],[-78.6281,34.3905],[-78.5853,34.3958],[-78.5831,34.398],[-78.5512,34.4202],[-78.5282,34.4109],[-78.5298,34.4329],[-78.5261,34.4425],[-78.5394,34.4472],[-78.5509,34.4763],[-78.5501,34.4913],[-78.5427,34.5117],[-78.5276,34.5157],[-78.5132,34.5303],[-78.5002,34.529],[-78.4923,34.5482],[-78.5059,34.5669],[-78.5111,34.5624],[-78.5375,34.5649],[-78.5529,34.5798],[-78.5627,34.5714],[-78.6151,34.5777],[-78.6163,34.5874],[-78.6336,34.5923],[-78.6485,34.5808],[-78.6696,34.5744],[-78.6613,34.5614],[-78.6687,34.5377],[-78.6827,34.537],[-78.6908,34.5259],[-78.7123,34.512],[-78.7286,34.5095],[-78.7307,34.4869],[-78.7135,34.4831],[-78.7166,34.4672],[-78.7667,34.4646],[-78.7668,34.4492],[-78.8098,34.4329]]]},"properties":{"ZCTA5CE20":"28433","AFFGEOID20":"860Z200US28433","GEOID20":"28433","NAME20":"28433","LSAD20":"Z5","ALAND20":310257907,"AWATER20":364849}},
{"type":"Feature","geometry":{"type":"Polygon","coordinates":[[[-80.5134,35.4859],[-80.52,35.4748],[-80.533,35.4851],[-80.5418,35.4701],[-80.5775,35.4642],[-80.6093,35.4461],[-80.6186,35.4597],[-80.6073,35.4363],[-80.6014,35.4141],[-80.5876,35.3913],[-80.5972,35.3464],[-80.6102,35.3404],[-80.6184,35.3316],[-80.6016,35.3225],[-80.5948,35.3034],[-80.6049,35.2935],[-80.6164,35.2427],[-80.5997,35.2341],[-80.5929,35.241],[-80.5878,35.2818],[-80.5648,35.2926],[-80.5497,35.2888],[-80.514,35.2998],[-80.4955,35.286],[-80.4816,35.2858],[-80.4636,35.3118],[-80.45,35.3082],[-80.4352,35.3261],[-80.4459,35.3381],[-80.4377,35.3463],[-80.4528,35.3787],[-80.4673,35.3846],[-80.484,35.3814],[-80.4756,35.42],[-80.4628,35.4294],[-80.4323,35.4442],[-80.4391,35.4574],[-80.4647,35.4832],[-80.4612,35.4922],[-80.4851,35.494],[-80.5018,35.4824],[-80.5134,35.4859]]]},"properties":{"ZCTA5CE20":"28025","AFFGEOID20":"860Z200US28025","GEOID20":"28025","NAME20":"28025","LSAD20":"Z5","ALAND20":280689878,"AWATER20":705867}},
{"type":"Feature","geometry":{"type":"Polygon","coordinates":[[[-77.8809,35.2486],[-77.8825,35.2381],[-77.8578,35.2281],[-77.8377,35.2281],[-77.8309,35.2335],[-77.7963,35.2327],[-77.7668,35.2246],[-77.7454,35.2155],[-77.6958,35.226],[-77.673,35.2282],[-77.7068,35.246],[-77.6937,35.2609],[-77.6954,35.2883],[-77.7069,35.3057],[-77.6881,35.3095],[-77.6687,35.3287],[-77.6608,35.3528],[-77.6644,35.3607],[-77.6848,35.3678],[-77.6945,35.3552],[-77.7035,35.3818],[-77.7215,35.4143],[-77.7307,35.4144],[-77.7427,35.4015],[-77.779,35.4042],[-77.7986,35.4415],[-77.8052,35.4418],[-77.8078,35.4728],[-77.8256,35.4684],[-77.8174,35.4415],[-77.8263,35.4408],[-77.8314,35.4196],[-77.8425,35.4014],[-77.8535,35.4073],[-77.8698,35.4016],[-77.8818,35.3887],[-77.8774,35.3621],[-77.8782,35.3438],[-77.8527,35.3278],[-77.8608,35.3099],[-77.8615,35.2913],[-77.8742,35.2776],[-77.8743,35.2605],[-77.8809,35.2486]]]},"properties":{"ZCTA5CE20":"28551","AFFGEOID20":"860Z200US28551","GEOID20":"28551","NAME20":"28551","LSAD20":"Z5","ALAND20":343711151,"AWATER20":2024867}},
{"type":"Feature","geometry":{"type":"MultiPolygon","coordinates":[[[[-77.6456,36.5453],[-77.6248,36.5125],[-77.6306,36.4938],[-77.6436,36.491],[-77.6457,36.4807],[-77.6396,36.475],[-77.625,36.445],[-77.5804,36.4241],[-77.5553,36.418],[-77.5486,36.4096],[-77.5458,36.3836],[-77.547,36.3739],[-77.5799,36.3501],[-77.5856,36.3373],[-77.5714,36.3141],[-77.5563,36.3052],[-77.5411,36.3033],[-77.4951,36.3084],[-77.4708,36.3201],[-77.4965,36.309],[-77.5458,36.3148],[-77.5531,36.3241],[-77.5427,36.3316],[-77.5516,36.3462],[-77.5325,36.3647],[-77.5406,36.3811],[-77.5306,36.415],[-77.5334,36.437],[-77.5202,36.4413],[-77.5076,36.4368],[-77.4654,36.4351],[-77.4463,36.4386],[-77.4334,36.4464],[-77.4501,36.462],[-77.484,36.4725],[-77.4988,36.4727],[-77.4983,36.5002],[-77.5477,36.4848],[-77.5404,36.5096],[-77.57,36.5091],[-77.5898,36.5234],[-77.5909,36.5452],[-77.6456,36.5453]]],[[[-77.7123,36.5455],[-77.6905,36.5368],[-77.6915,36.5245],[-77.6824,36.513],[-77.6648,36.5208],[-77.664,36.5454],[-77.7123,36.5455]]]]},"properties":{"ZCTA5CE20":"27831","AFFGEOID20":"860Z200US27831","GEOID20":"27831","NAME20":"27831","LSAD20":"Z5","ALAND20":161234112,"AWATER20":6539746}},
{"type":"Feature","geometry":{"type":"Polygon","coordinates":[[[-77.9901,35.8698],[-77.9869,35.86],[-77.9721,35.8488],[-77.9733,35.8365],[-77.9456,35.8422],[-77.9304,35.8416],[-77.9314,35.8301],[-77.9488,35.823],[-77.9486,35.802],[-77.922,35.795],[-77.9114,35.7745],[-77.913,35.7526],[-77.9062,35.7487],[-77.899,35.7392],[-77.8863,35.7621],[-77.8647,35.7561],[-77.8579,35.7668],[-77.8368,35.7633],[-77.8228,35.77],[-77.8149,35.7572],[-77.8022,35.7495],[-77.7829,35.727],[-77.7588,35.7076],[-77.7444,35.7064],[-77.7193,35.7312],[-77.7263,35.7508],[-77.7435,35.7606],[-77.7524,35.7558],[-77.7717,35.7688],[-77.7728,35.7865],[-77.7548,35.789],[-77.7326,35.7817],[-77.7199,35.7852],[-77.7094,35.8012],[-77.7032,35.8183],[-77.7127,35.8289],[-77.7318,35.8362],[-77.7591,35.8452],[-77.7769,35.8415],[-77.7815,35.844],[-77.8123,35.8331],[-77.831,35.8341],[-77.8402,35.8512],[-77.8535,35.844],[-77.874,35.8497],[-77.8801,35.868],[-77.8963,35.8672],[-77.9147,35.8488],[-77.9249,35.8716],[-77.9115,35.8854],[-77.9252,35.8824],[-77.9611,35.8883],[-77.9822,35.8813],[-77.9901,35.8698]]]},"properties":{"ZCTA5CE20":"27822","AFFGEOID20":"860Z200US27822","GEOID20":"27822","NAME20":"27822","LSAD20":"Z5","ALAND20":226955294,"AWATER20":1420594}},
{"type":"Feature","geometry":{"type":"Polygon","coordinates":[[[-77.2705,35.9111],[-77.2766,35.9126],[-77.2832,35.9084],[-77.2705,35.9111]]]},"properties":{"ZCTA5CE20":"27841","AFFGEOID20":"860Z200US27841","GEOID20":"27841","NAME20":"27841","LSAD20":"Z5","ALAND20":690101,"AWATER20":0}},
{"type":"Feature","geometry":{"type":"Polygon","coordinates":[[[-81.5023,35.418],[-81.5029,35.4288],[-81.5119,35.4277],[-81.511,35.418],[-81.5023,35.418]]]},"properties":{"ZCTA5CE20":"28042","AFFGEOID20":"860Z200US28042","GEOID20":"28042","NAME20":"28042","LSAD20":"Z5","ALAND20":1305234,"AWATER20":11829}},
{"type":"Feature","geometry":{"type":"Polygon","coordinates":[[[-79.5479,34.2309],[-79.544,34.2252],[-79.5507,34.2014],[-79.5718,34.1837],[-79.5555,34.1595],[-79.544,34.1517],[-79.5186,34.1114],[-79.5291,34.1002],[-79.5303,34.0793],[-79.5359,34.0761],[-79.5112,34.0379],[-79.509,34.0064],[-79.5169,33.994],[-79.4961,33.9693],[-79.482,33.9661],[-79.4828,33.988],[-79.4879,34.0055],[-79.4788,34.0399],[-79.441,34.0623],[-79.4309,34.0555],[-79.4227,34.0289],[-79.4098,34.0258],[-79.3953,34.0363],[-79.3809,34.037],[-79.3528,34.0388],[-79.3441,33.9978],[-79.3562,33.9904],[-79.372,34.0038],[-79.3829,33.9856],[-79.3634,33.9825],[-79.3437,33.9623],[-79.3351,33.9641],[-79.3323,33.9945],[-79.3091,34.0051],[-79.3023,34.0322],[-79.2887,34.033],[-79.2767,34.0417],[-79.2936,34.0383],[-79.301,34.0534],[-79.2963,34.0738],[-79.3122,34.0796],[-79.3353,34.0754],[-79.3301,34.0931],[-79.3209,34.0969],[-79.3266,34.1022],[-79.3185,34.1034],[-79.3135,34.1053],[-79.315,34.1326],[-79.3273,34.1458],[-79.3296,34.1598],[-79.3487,34.1681],[-79.3473,34.1975],[-79.3217,34.2039],[-79.3185,34.2105],[-79.3413,34.2248],[-79.327,34.2287],[-79.3349,34.2494],[-79.3253,34.2688],[-79.3166,34.2743],[-79.3226,34.2879],[-79.3458,34.2873],[-79.3404,34.3002],[-79.365,34.2959],[-79.3803,34.3006],[-79.4097,34.2999],[-79.4026,34.2886],[-79.4036,34.2687],[-79.4137,34.2567],[-79.4286,34.2537],[-79.431,34.2419],[-79.4471,34.2079],[-79.473,34.2093],[-79.486,34.2228],[-79.5004,34.2223],[-79.5048,34.236],[-79.5244,34.2516],[-79.5543,34.2476],[-79.5479,34.2309]]]},"properties":{"ZCTA5CE20":"29571","AFFGEOID20":"860Z200US29571","GEOID20":"29571","NAME20":"29571","LSAD20":"Z5","ALAND20":522522210,"AWATER20":3386393}},
{"type":"Feature","geometry":{"type":"Polygon","coordinates":[[[-80.7834,34.3886],[-80.7699,34.3771],[-80.7403,34.3758],[-80.7172,34.3569],[-80.6981,34.3342],[-80.6823,34.3083],[-80.6844,34.2731],[-80.6458,34.2396],[-80.6305,34.2343],[-80.6299,34.2173],[-80.6078,34.213],[-80.6036,34.2086],[-80.6047,34.2049],[-80.6078,34.202],[-80.6086,34.1984],[-80.6112,34.1962],[-80.6152,34.1957],[-80.6195,34.2035],[-80.631,34.2031],[-80.6331,34.1893],[-80.617,34.1832],[-80.6141,34.1852],[-80.6138,34.1885],[-80.6112,34.1897],[-80.6068,34.1878],[-80.6048,34.1832],[-80.6056,34.1769],[-80.6083,34.1729],[-80.604,34.1586],[-80.5659,34.1751],[-80.5307,34.183],[-80.5157,34.1821],[-80.5145,34.1712],[-80.5297,34.1659],[-80.5337,34.1535],[-80.513,34.146],[-80.4792,34.1691],[-80.4639,34.1737],[-80.417,34.1723],[-80.4009,34.1575],[-80.3894,34.1599],[-80.3723,34.1968],[-80.3936,34.207],[-80.4218,34.213],[-80.4308,34.227],[-80.4434,34.2338],[-80.4418,34.2612],[-80.4299,34.2643],[-80.431,34.2766],[-80.4483,34.2833],[-80.4451,34.2982],[-80.4646,34.3132],[-80.479,34.3097],[-80.4852,34.3212],[-80.5032,34.318],[-80.5141,34.3036],[-80.538,34.3037],[-80.5477,34.2924],[-80.562,34.3038],[-80.5513,34.3153],[-80.5555,34.33],[-80.5356,34.3278],[-80.5209,34.3377],[-80.5346,34.3468],[-80.5524,34.3714],[-80.5446,34.3852],[-80.5451,34.4014],[-80.5626,34.4148],[-80.5844,34.4224],[-80.5998,34.419],[-80.6259,34.4237],[-80.6223,34.4356],[-80.6467,34.4314],[-80.6631,34.4436],[-80.6602,34.4631],[-80.6468,34.4825],[-80.6584,34.4786],[-80.6703,34.4897],[-80.699,34.485],[-80.7132,34.4875],[-80.7517,34.4751],[-80.7632,34.4624],[-80.7653,34.441],[-80.7803,34.4304],[-80.7814,34.4173],[-80.7743,34.4011],[-80.7834,34.3886]]]},"properties":{"ZCTA5CE20":"29020","AFFGEOID20":"860Z200US29020","GEOID20":"29020","NAME20":"29020","LSAD20":"Z5","ALAND20":602637326,"AWATER20":12603881}},
{"type":"Feature","geometry":{"type":"Polygon","coordinates":[[[-79.5982,34.0893],[-79.5904,34.0565],[-79.5997,34.0506],[-79.6169,34.0549],[-79.6365,34.0532],[-79.6468,34.0597],[-79.6594,34.0463],[-79.6627,34.0321],[-79.6541,34.0147],[-79.6421,34.0073],[-79.6251,34.0132],[-79.6195,33.9979],[-79.6408,33.9907],[-79.6261,33.9675],[-79.6118,33.9643],[-79.6021,33.9497],[-79.6122,33.9324],[-79.6324,33.9307],[-79.6568,33.9201],[-79.6562,33.9126],[-79.6354,33.8998],[-79.6253,33.8827],[-79.5986,33.8712],[-79.5906,33.8617],[-79.5755,33.856],[-79.5537,33.8599],[-79.5458,33.8523],[-79.535,33.8582],[-79.5398,33.8723],[-79.5357,33.886],[-79.5137,33.8798],[-79.5084,33.9023],[-79.5012,33.9073],[-79.5088,33.9242],[-79.4892,33.9301],[-79.4826,33.9376],[-79.492,33.9526],[-79.482,33.9661],[-79.4961,33.9693],[-79.5169,33.994],[-79.509,34.0064],[-79.5112,34.0379],[-79.5359,34.0761],[-79.5511,34.0934],[-79.5687,34.0939],[-79.5982,34.0893]]]},"properties":{"ZCTA5CE20":"29583","AFFGEOID20":"860Z200US29583","GEOID20":"29583","NAME20":"29583","LSAD20":"Z5","ALAND20":269218831,"AWATER20":1568312}},
{"type":"Feature","geometry":{"type":"Polygon","coordinates":[[[-82.7511,34.7661],[-82.7599,34.7695],[-82.7604,34.761],[-82.751,34.757],[-82.7511,34.7661]]]},"properties":{"ZCTA5CE20":"29667","AFFGEOID20":"860Z200US29667","GEOID20":"29667","NAME20":"29667","LSAD20":"Z5","ALAND20":1358128,"AWATER20":0}},
{"type":"Feature","geometry":{"type":"Polygon","coordinates":[[[-79.317,33.7799],[-79.343,33.7972],[-79.3558,33.7878],[-79.3867,33.7991],[-79.4026,33.7898],[-79.4186,33.7906],[-79.4584,33.7812],[-79.4897,33.784],[-79.4965,33.7754],[-79.5815,33.7958],[-79.5927,33.8107],[-79.6349,33.8084],[-79.6117,33.786],[-79.598,33.7562],[-79.5886,33.7494],[-79.5756,33.7549],[-79.5495,33.7026],[-79.5304,33.6861],[-79.5284,33.6771],[-79.4964,33.6656],[-79.4689,33.646],[-79.4529,33.6469],[-79.4387,33.623],[-79.4302,33.6423],[-79.4078,33.6265],[-79.4063,33.619],[-79.3676,33.6284],[-79.3608,33.6218],[-79.3777,33.5945],[-79.3618,33.5892],[-79.3304,33.5894],[-79.3175,33.5764],[-79.2945,33.572],[-79.2821,33.5936],[-79.2475,33.5938],[-79.244,33.6047],[-79.248,33.6304],[-79.2308,33.6223],[-79.188,33.6318],[-79.1757,33.6459],[-79.1879,33.6519],[-79.212,33.6763],[-79.2007,33.6904],[-79.1803,33.6954],[-79.1903,33.7058],[-79.2464,33.6953],[-79.2751,33.7089],[-79.2916,33.729],[-79.2926,33.7502],[-79.317,33.7799]]]},"properties":{"ZCTA5CE20":"29554","AFFGEOID20":"860Z200US29554","GEOID20":"29554","NAME20":"29554","LSAD20":"Z5","ALAND20":545745616,"AWATER20":2531975}},
{"type":"Feature","geometry":{"type":"Polygon","coordinates":[[[-80.6845,34.9917],[-80.6741,34.9823],[-80.6542,34.9794],[-80.6379,34.9671],[-80.6473,34.9533],[-80.6443,34.9505],[-80.571,34.9848],[-80.5342,34.9817],[-80.4773,34.988],[-80.4718,35.0322],[-80.4311,35.0557],[-80.4312,35.0897],[-80.4153,35.0912],[-80.4055,35.1025],[-80.4151,35.1085],[-80.3951,35.1301],[-80.3906,35.1657],[-80.413,35.1638],[-80.4193,35.1729],[-80.4399,35.161],[-80.4704,35.1673],[-80.5034,35.1817],[-80.5155,35.1772],[-80.5355,35.1538],[-80.5376,35.1383],[-80.5464,35.1311],[-80.5372,35.1172],[-80.5547,35.1078],[-80.5737,35.0744],[-80.5975,35.0662],[-80.6106,35.0767],[-80.638,35.0678],[-80.6429,35.0505],[-80.6691,35.0193],[-80.6845,34.9917]]]},"properties":{"ZCTA5CE20":"28110","AFFGEOID20":"860Z200US28110","GEOID20":"28110","NAME20":"28110","LSAD20":"Z5","ALAND20":329893109,"AWATER20":4243028}},
{"type":"Feature","geometry":{"type":"Polygon","coordinates":[[[-80.6006,35.1621],[-80.5933,35.1536],[-80.6156,35.1365],[-80.6226,35.1258],[-80.6347,35.126],[-80.6438,35.11],[-80.6621,35.0988],[-80.6641,35.0873],[-80.6851,35.0745],[-80.6827,35.0551],[-80.6917,35.0241],[-80.6691,35.0193],[-80.6429,35.0505],[-80.638,35.0678],[-80.6106,35.0767],[-80.5975,35.0662],[-80.5737,35.0744],[-80.5547,35.1078],[-80.5372,35.1172],[-80.5464,35.1311],[-80.5376,35.1383],[-80.5355,35.1538],[-80.5155,35.1772],[-80.5249,35.1808],[-80.5405,35.1974],[-80.5554,35.2043],[-80.5997,35.1686],[-80.6006,35.1621]]]},"properties":{"ZCTA5CE20":"28079","AFFGEOID20":"860Z200US28079","GEOID20":"28079","NAME20":"28079","LSAD20":"Z5","ALAND20":120706936,"AWATER20":995920}},
{"type":"Feature","geometry":{"type":"Polygon","coordinates":[[[-79.3744,35.124],[-79.3412,35.127],[-79.3399,35.077],[-79.3864,35.0543],[-79.4035,35.0484],[-79.4225,35.048],[-79.4285,35.0161],[-79.4178,35.0047],[-79.3985,34.9952],[-79.361,34.9576],[-79.3529,34.9397],[-79.349,34.9002],[-79.3343,34.9086],[-79.3091,34.9063],[-79.2736,34.9272],[-79.2615,34.9463],[-79.243,34.9318],[-79.2164,34.932],[-79.2186,34.9446],[-79.1991,34.958],[-79.1778,34.9523],[-79.155,34.9293],[-79.104,34.9624],[-79.0568,34.9499],[-79.0373,34.9538],[-79.0348,34.963],[-79.0482,34.9814],[-79.0569,34.984],[-79.0594,35.003],[-79.0723,35.018],[-79.0875,35.0241],[-79.0832,35.0327],[-79.09,35.0538],[-79.0894,35.0704],[-79.1012,35.1143],[-79.1129,35.1259],[-79.0976,35.1742],[-79.1226,35.1677],[-79.141,35.1692],[-79.159,35.1825],[-79.1676,35.1809],[-79.185,35.1937],[-79.2119,35.1941],[-79.2297,35.2106],[-79.2455,35.2129],[-79.2556,35.203],[-79.2711,35.1994],[-79.3105,35.173],[-79.3354,35.1616],[-79.3744,35.124]]]},"properties":{"ZCTA5CE20":"28376","AFFGEOID20":"860Z200US28376","GEOID20":"28376","NAME20":"28376","LSAD20":"Z5","ALAND20":721797333,"AWATER20":2840682}},
{"type":"Feature","geometry":{"type":"Polygon","coordinates":[[[-81.923,35.3356],[-81.9269,35.3133],[-81.9427,35.2926],[-81.9317,35.2823],[-81.9171,35.2822],[-81.9133,35.2673],[-81.8869,35.248],[-81.8827,35.2412],[-81.8752,35.2425],[-81.876,35.2374],[-81.8694,35.203],[-81.8519,35.2035],[-81.8205,35.212],[-81.8314,35.2223],[-81.8226,35.2486],[-81.8091,35.2599],[-81.7996,35.2701],[-81.8013,35.282],[-81.8004,35.3129],[-81.8231,35.3208],[-81.8394,35.3396],[-81.8464,35.3405],[-81.8471,35.3639],[-81.8586,35.375],[-81.8571,35.3861],[-81.8633,35.4051],[-81.8513,35.4059],[-81.8564,35.4246],[-81.8769,35.422],[-81.887,35.4199],[-81.9145,35.4329],[-81.9269,35.428],[-81.9126,35.3948],[-81.92,35.3839],[-81.8975,35.3691],[-81.9078,35.3568],[-81.9082,35.3402],[-81.923,35.3356]]]},"properties":{"ZCTA5CE20":"28043","AFFGEOID20":"860Z200US28043","GEOID20":"28043","NAME20":"28043","LSAD20":"Z5","ALAND20":171677160,"AWATER20":364668}},
{"type":"Feature","geometry":{"type":"Polygon","coordinates":[[[-79.093,36.4636],[-79.1037,36.4429],[-79.1039,36.4175],[-79.1164,36.3905],[-79.1132,36.3736],[-79.1066,36.3508],[-79.0823,36.3428],[-79.0739,36.321],[-79.0624,36.3228],[-79.0489,36.3102],[-79.0284,36.3065],[-79.0107,36.2906],[-78.9879,36.2934],[-78.9887,36.305],[-78.9713,36.3127],[-78.9741,36.3244],[-78.9645,36.33],[-78.9462,36.327],[-78.9451,36.3418],[-78.8968,36.3421],[-78.8966,36.3547],[-78.8718,36.3543],[-78.8687,36.3659],[-78.8353,36.371],[-78.8238,36.3765],[-78.8086,36.3932],[-78.7986,36.3931],[-78.7998,36.4223],[-78.8083,36.4288],[-78.8033,36.4475],[-78.7793,36.4933],[-78.7638,36.5057],[-78.7652,36.5232],[-78.7793,36.5329],[-78.795,36.5213],[-78.7963,36.5417],[-78.8717,36.5419],[-78.9645,36.5421],[-78.9717,36.5268],[-78.9867,36.5165],[-78.9867,36.5043],[-79.0014,36.4837],[-79.0078,36.4927],[-79.0338,36.4922],[-79.0355,36.4729],[-79.0517,36.4621],[-79.0752,36.46],[-79.093,36.4636]],[[-79.0318,36.365],[-79.016,36.3793],[-79.0205,36.3875],[-79.0156,36.409],[-78.9977,36.4092],[-78.9785,36.4267],[-78.9694,36.4446],[-78.951,36.4518],[-78.9353,36.439],[-78.9404,36.4276],[-78.9248,36.4136],[-78.9508,36.3933],[-78.9706,36.3937],[-78.9787,36.3774],[-78.9614,36.3717],[-78.9598,36.3587],[-78.973,36.3532],[-78.9704,36.3434],[-78.9939,36.3472],[-78.9861,36.3705],[-79.0133,36.3716],[-79.0318,36.365]]]},"properties":{"ZCTA5CE20":"27574","AFFGEOID20":"860Z200US27574","GEOID20":"27574","NAME20":"27574","LSAD20":"Z5","ALAND20":496339929,"AWATER20":14955340}},
{"type":"Feature","geometry":{"type":"Polygon","coordinates":[[[-80.8113,35.6924],[-80.7978,35.6685],[-80.78,35.6669],[-80.7673,35.6719],[-80.7508,35.6687],[-80.7229,35.6754],[-80.7342,35.6896],[-80.7217,35.7086],[-80.7078,35.715],[-80.6653,35.6994],[-80.644,35.7054],[-80.6394,35.714],[-80.6283,35.74],[-80.6126,35.7461],[-80.6043,35.7517],[-80.6099,35.7794],[-80.6046,35.8089],[-80.6406,35.788],[-80.6504,35.7973],[-80.653,35.8188],[-80.6585,35.8267],[-80.6852,35.8276],[-80.6855,35.8368],[-80.6646,35.845],[-80.6768,35.8558],[-80.6874,35.8598],[-80.6918,35.8635],[-80.6925,35.8623],[-80.6929,35.8543],[-80.6934,35.8536],[-80.6961,35.8547],[-80.6985,35.8533],[-80.6991,35.8508],[-80.7002,35.8505],[-80.7075,35.8521],[-80.7174,35.8412],[-80.729,35.8517],[-80.745,35.8441],[-80.7481,35.8308],[-80.7381,35.8258],[-80.7374,35.8063],[-80.7296,35.7924],[-80.7448,35.7498],[-80.7517,35.7286],[-80.7602,35.7269],[-80.7623,35.7489],[-80.7785,35.7505],[-80.7818,35.7367],[-80.7761,35.7201],[-80.8056,35.7072],[-80.8113,35.6924]]]},"properties":{"ZCTA5CE20":"27013","AFFGEOID20":"860Z200US27013","GEOID20":"27013","NAME20":"27013","LSAD20":"Z5","ALAND20":195183901,"AWATER20":344777}},
{"type":"Feature","geometry":{"type":"Polygon","coordinates":[[[-79.0512,36.2407],[-79.0526,36.2281],[-79.0416,36.2177],[-79.0434,36.1914],[-79.0277,36.182],[-79.0457,36.1705],[-79.0368,36.1593],[-79.0141,36.1651],[-79.0113,36.1556],[-78.9793,36.152],[-78.9653,36.1555],[-78.9576,36.1998],[-78.943,36.1899],[-78.9028,36.1887],[-78.9041,36.1984],[-78.8841,36.2002],[-78.8685,36.2086],[-78.8497,36.1815],[-78.8282,36.1936],[-78.8204,36.1849],[-78.8031,36.179],[-78.8024,36.2194],[-78.793,36.2181],[-78.7902,36.2245],[-78.8019,36.2503],[-78.7675,36.2523],[-78.76,36.2595],[-78.7675,36.2758],[-78.7512,36.2917],[-78.7626,36.2999],[-78.7517,36.3101],[-78.7342,36.3088],[-78.7453,36.3296],[-78.7743,36.3428],[-78.7862,36.3526],[-78.7995,36.3526],[-78.7998,36.3411],[-78.8345,36.3414],[-78.8488,36.3332],[-78.859,36.3398],[-78.8841,36.318],[-78.8966,36.2982],[-78.8937,36.285],[-78.9176,36.273],[-78.918,36.2464],[-78.9337,36.2456],[-78.9405,36.2312],[-78.9652,36.2239],[-78.9847,36.2367],[-79.0512,36.2407]]]},"properties":{"ZCTA5CE20":"27572","AFFGEOID20":"860Z200US27572","GEOID20":"27572","NAME20":"27572","LSAD20":"Z5","ALAND20":275432185,"AWATER20":1271657}},
{"type":"Feature","geometry":{"type":"Polygon","coordinates":[[[-80.1257,35.4159],[-80.1218,35.4],[-80.0839,35.3951],[-80.0937,35.402],[-80.0901,35.4156],[-80.1005,35.4299],[-80.1137,35.4096],[-80.1257,35.4159]]]},"properties":{"ZCTA5CE20":"28009","AFFGEOID20":"860Z200US28009","GEOID20":"28009","NAME20":"28009","LSAD20":"Z5","ALAND20":7348503,"AWATER20":1400859}},
{"type":"Feature","geometry":{"type":"Polygon","coordinates":[[[-82.8839,35.6782],[-82.8722,35.6576],[-82.8649,35.6347],[-82.8509,35.6326],[-82.8464,35.6144],[-82.8131,35.6279],[-82.7977,35.5964],[-82.7843,35.5914],[-82.7659,35.5676],[-82.7431,35.5785],[-82.7373,35.5869],[-82.7063,35.6008],[-82.6947,35.591],[-82.6739,35.5897],[-82.6645,35.5975],[-82.6489,35.6032],[-82.662,35.6199],[-82.6736,35.6451],[-82.647,35.6461],[-82.6658,35.6746],[-82.6592,35.6955],[-82.6772,35.706],[-82.7035,35.7096],[-82.7263,35.6851],[-82.7383,35.6921],[-82.737,35.7119],[-82.7548,35.7076],[-82.7672,35.7192],[-82.772,35.7341],[-82.8006,35.7264],[-82.8247,35.7294],[-82.8339,35.7075],[-82.8839,35.6782]]]},"properties":{"ZCTA5CE20":"28748","AFFGEOID20":"860Z200US28748","GEOID20":"28748","NAME20":"28748","LSAD20":"Z5","ALAND20":238526213,"AWATER20":0}},
{"type":"Feature","geometry":{"type":"Polygon","coordinates":[[[-77.7664,35.6535],[-77.7857,35.653],[-77.775,35.6455],[-77.7702,35.6499],[-77.7664,35.6535]]]},"properties":{"ZCTA5CE20":"27873","AFFGEOID20":"860Z200US27873","GEOID20":"27873","NAME20":"27873","LSAD20":"Z5","ALAND20":1453488,"AWATER20":0}},
{"type":"Feature","geometry":{"type":"Polygon","coordinates":[[[-77.2831,35.5755],[-77.276,35.5685],[-77.2731,35.5741],[-77.2735,35.5791],[-77.2831,35.5755]]]},"properties":{"ZCTA5CE20":"27879","AFFGEOID20":"860Z200US27879","GEOID20":"27879","NAME20":"27879","LSAD20":"Z5","ALAND20":752281,"AWATER20":0}},
{"type":"Feature","geometry":{"type":"Polygon","coordinates":[[[-79.5173,34.5035],[-79.5069,34.4928],[-79.4843,34.4795],[-79.4906,34.4652],[-79.4726,34.4494],[-79.4657,34.4246],[-79.446,34.4019],[-79.4209,34.4054],[-79.4231,34.3817],[-79.4098,34.3677],[-79.4202,34.3519],[-79.4097,34.3426],[-79.3896,34.3338],[-79.3557,34.3269],[-79.3369,34.316],[-79.3404,34.3002],[-79.3458,34.2873],[-79.3226,34.2879],[-79.3315,34.3087],[-79.3146,34.3063],[-79.2913,34.3174],[-79.2785,34.3119],[-79.2557,34.3157],[-79.245,34.3129],[-79.2393,34.3251],[-79.2618,34.3363],[-79.2685,34.3719],[-79.2552,34.3902],[-79.2219,34.3972],[-79.2268,34.4187],[-79.2186,34.4234],[-79.2356,34.4378],[-79.2708,34.4228],[-79.2706,34.4115],[-79.3032,34.4319],[-79.3124,34.4541],[-79.3233,34.45],[-79.3536,34.4587],[-79.3827,34.4741],[-79.3892,34.4807],[-79.4153,34.4861],[-79.4182,34.4975],[-79.4077,34.5064],[-79.4144,34.5176],[-79.4395,34.5379],[-79.4361,34.5482],[-79.4538,34.5693],[-79.4689,34.5587],[-79.4787,34.5576],[-79.4943,34.5435],[-79.5173,34.5035]]]},"properties":{"ZCTA5CE20":"29536","AFFGEOID20":"860Z200US29536","GEOID20":"29536","NAME20":"29536","LSAD20":"Z5","ALAND20":332810861,"AWATER20":854341}},
{"type":"Feature","geometry":{"type":"Polygon","coordinates":[[[-78.2119,35.9355],[-78.2184,35.9316],[-78.2187,35.9113],[-78.2354,35.8971],[-78.2227,35.879],[-78.222,35.8632],[-78.1988,35.8696],[-78.202,35.8847],[-78.1874,35.8964],[-78.1684,35.8995],[-78.1347,35.8742],[-78.1277,35.8614],[-78.0912,35.8541],[-78.0784,35.8654],[-78.0391,35.8618],[-78.0443,35.8512],[-78.0176,35.848],[-78.0124,35.8624],[-77.9978,35.8637],[-77.9938,35.8523],[-77.9721,35.8488],[-77.9869,35.86],[-77.9901,35.8698],[-78.0088,35.8868],[-77.996,35.9033],[-78.0231,35.9089],[-78.0267,35.9157],[-78.0655,35.9308],[-78.0537,35.9401],[-78.0713,35.9597],[-78.0914,35.9568],[-78.0897,35.9723],[-78.0769,35.9808],[-78.0804,35.9941],[-78.0566,36.011],[-78.0643,36.0226],[-78.1006,36.0499],[-78.1173,36.0375],[-78.1294,36.0393],[-78.1297,36.0572],[-78.1412,36.0603],[-78.1704,36.0583],[-78.1831,36.0461],[-78.1857,36.0324],[-78.1816,35.9942],[-78.1921,35.9934],[-78.1819,35.9694],[-78.187,35.9392],[-78.2089,35.9386],[-78.2119,35.9355]]]},"properties":{"ZCTA5CE20":"27882","AFFGEOID20":"860Z200US27882","GEOID20":"27882","NAME20":"27882","LSAD20":"Z5","ALAND20":268296732,"AWATER20":827982}},
{"type":"Feature","geometry":{"type":"Polygon","coordinates":[[[-82.4647,35.252],[-82.4661,35.2425],[-82.4439,35.2364],[-82.439,35.2494],[-82.3966,35.2369],[-82.3904,35.256],[-82.3697,35.2784],[-82.3583,35.2834],[-82.3421,35.278],[-82.3216,35.2648],[-82.3035,35.2756],[-82.2929,35.2929],[-82.3059,35.3092],[-82.3057,35.3268],[-82.3053,35.3316],[-82.3141,35.3346],[-82.3259,35.3215],[-82.3609,35.3295],[-82.3752,35.3282],[-82.4392,35.315],[-82.4161,35.2969],[-82.402,35.29],[-82.4089,35.2672],[-82.4183,35.2726],[-82.4313,35.2903],[-82.4433,35.2843],[-82.4647,35.252]]]},"properties":{"ZCTA5CE20":"28731","AFFGEOID20":"860Z200US28731","GEOID20":"28731","NAME20":"28731","LSAD20":"Z5","ALAND20":85765271,"AWATER20":362355}},
{"type":"Feature","geometry":{"type":"Polygon","coordinates":[[[-83.6519,35.1355],[-83.6324,35.1251],[-83.6247,35.0946],[-83.6096,35.0753],[-83.5981,35.0679],[-83.5787,35.0771],[-83.5622,35.0594],[-83.5667,35.0513],[-83.5574,35.0386],[-83.5379,35.0353],[-83.5188,35.0551],[-83.491,35.0687],[-83.4712,35.0608],[-83.4617,35.069],[-83.4457,35.0939],[-83.4208,35.0887],[-83.4165,35.1019],[-83.3968,35.0917],[-83.3863,35.0925],[-83.3863,35.0574],[-83.3594,35.0723],[-83.3318,35.0539],[-83.3072,35.0577],[-83.2888,35.0556],[-83.2818,35.0691],[-83.3153,35.101],[-83.278,35.13],[-83.2643,35.1267],[-83.2526,35.1417],[-83.2298,35.1481],[-83.2238,35.1574],[-83.2244,35.1887],[-83.2185,35.1936],[-83.2166,35.2233],[-83.2247,35.2387],[-83.2429,35.2391],[-83.2458,35.2314],[-83.277,35.228],[-83.2912,35.2338],[-83.2986,35.2558],[-83.3159,35.2648],[-83.3121,35.2817],[-83.3396,35.331],[-83.3642,35.326],[-83.3999,35.3276],[-83.4109,35.3165],[-83.4328,35.3251],[-83.4521,35.3142],[-83.4559,35.3028],[-83.4714,35.2974],[-83.4867,35.3054],[-83.4979,35.2993],[-83.5805,35.2915],[-83.5835,35.2839],[-83.5726,35.2714],[-83.5589,35.243],[-83.5598,35.2171],[-83.5678,35.2085],[-83.562,35.1952],[-83.5625,35.1788],[-83.5805,35.1686],[-83.5784,35.1563],[-83.6045,35.1547],[-83.616,35.1439],[-83.6315,35.1478],[-83.6519,35.1355]]]},"properties":{"ZCTA5CE20":"28734","AFFGEOID20":"860Z200US28734","GEOID20":"28734","NAME20":"28734","LSAD20":"Z5","ALAND20":779589990,"AWATER20":3031918}},
{"type":"Feature","geometry":{"type":"Polygon","coordinates":[[[-82.6194,35.3038],[-82.6179,35.2872],[-82.6277,35.2735],[-82.6127,35.2766],[-82.6116,35.2615],[-82.5945,35.2477],[-82.604,35.2305],[-82.6166,35.2243],[-82.6204,35.2011],[-82.6113,35.1941],[-82.5986,35.197],[-82.5693,35.2001],[-82.5499,35.2146],[-82.5514,35.22],[-82.5326,35.2327],[-82.4955,35.2319],[-82.4836,35.2469],[-82.4647,35.252],[-82.4433,35.2843],[-82.4638,35.3187],[-82.4928,35.3207],[-82.5385,35.3402],[-82.5469,35.3404],[-82.5567,35.3254],[-82.5754,35.3279],[-82.5868,35.3299],[-82.5938,35.3018],[-82.6194,35.3038]]]},"properties":{"ZCTA5CE20":"28739","AFFGEOID20":"860Z200US28739","GEOID20":"28739","NAME20":"28739","LSAD20":"Z5","ALAND20":158055821,"AWATER20":1248627}},
{"type":"Feature","geometry":{"type":"Polygon","coordinates":[[[-81.0995,35.5248],[-81.1158,35.5154],[-81.1053,35.4984],[-81.0812,35.5059],[-81.0822,35.4646],[-81.0576,35.4659],[-81.0676,35.4804],[-81.0454,35.4906],[-81.0352,35.4808],[-81.0328,35.4421],[-81.0275,35.4312],[-81.0199,35.4483],[-80.9818,35.4441],[-80.9614,35.4537],[-80.9569,35.4286],[-80.949,35.4485],[-80.9425,35.4577],[-80.9518,35.4689],[-80.9473,35.4885],[-80.9621,35.4987],[-80.9565,35.5139],[-80.96,35.547],[-80.9878,35.5476],[-81.0017,35.5682],[-81.0123,35.5745],[-81.0321,35.5644],[-81.0461,35.5772],[-81.0753,35.5513],[-81.0736,35.5411],[-81.0812,35.5267],[-81.0995,35.5248]]]},"properties":{"ZCTA5CE20":"28037","AFFGEOID20":"860Z200US28037","GEOID20":"28037","NAME20":"28037","LSAD20":"Z5","ALAND20":115850336,"AWATER20":22386197}},
{"type":"Feature","geometry":{"type":"Polygon","coordinates":[[[-82.6373,34.6536],[-82.6433,34.6404],[-82.6561,34.6303],[-82.6648,34.6343],[-82.6909,34.6177],[-82.695,34.6031],[-82.6832,34.6008],[-82.6926,34.5806],[-82.7025,34.5856],[-82.7164,34.5806],[-82.6969,34.5574],[-82.6725,34.5483],[-82.6607,34.5293],[-82.652,34.5043],[-82.6385,34.5063],[-82.6255,34.4994],[-82.6167,34.4834],[-82.6153,34.4587],[-82.5927,34.4386],[-82.5926,34.4298],[-82.5704,34.3967],[-82.5774,34.3893],[-82.5807,34.3592],[-82.5597,34.3296],[-82.5202,34.3506],[-82.5139,34.3597],[-82.5301,34.395],[-82.5096,34.421],[-82.5303,34.4219],[-82.5324,34.4298],[-82.5191,34.44],[-82.5189,34.4496],[-82.5293,34.4674],[-82.5637,34.4838],[-82.5777,34.4795],[-82.5885,34.4953],[-82.5824,34.5032],[-82.5803,34.5273],[-82.5704,34.5509],[-82.5764,34.5615],[-82.5936,34.5611],[-82.6013,34.5907],[-82.6118,34.6051],[-82.5917,34.6482],[-82.6072,34.6437],[-82.6373,34.6536]]]},"properties":{"ZCTA5CE20":"29621","AFFGEOID20":"860Z200US29621","GEOID20":"29621","NAME20":"29621","LSAD20":"Z5","ALAND20":225669584,"AWATER20":4623619}},
{"type":"Feature","geometry":{"type":"Polygon","coordinates":[[[-80.8122,32.6114],[-80.8161,32.5796],[-80.808,32.5657],[-80.7947,32.5612],[-80.7955,32.5423],[-80.7828,32.5147],[-80.7531,32.5022],[-80.743,32.5265],[-80.7172,32.5171],[-80.6974,32.5149],[-80.6812,32.5179],[-80.6685,32.5056],[-80.6211,32.5099],[-80.5862,32.4921],[-80.5664,32.4945],[-80.5408,32.5036],[-80.508,32.5052],[-80.5178,32.5191],[-80.5365,32.5292],[-80.5515,32.5658],[-80.5828,32.5662],[-80.5762,32.5778],[-80.5864,32.5862],[-80.5998,32.581],[-80.6117,32.5899],[-80.6296,32.5907],[-80.6514,32.6008],[-80.6676,32.5924],[-80.7036,32.6113],[-80.7245,32.6019],[-80.7362,32.6072],[-80.7542,32.596],[-80.7662,32.5992],[-80.7716,32.6119],[-80.7947,32.6205],[-80.8122,32.6114]]]},"properties":{"ZCTA5CE20":"29940","AFFGEOID20":"860Z200US29940","GEOID20":"29940","NAME20":"29940","LSAD20":"Z5","ALAND20":191621255,"AWATER20":43820915}},
{"type":"Feature","geometry":{"type":"Polygon","coordinates":[[[-79.0495,34.4938],[-79.0519,34.4666],[-79.0394,34.4632],[-79.0346,34.4815],[-79.0495,34.4938]]]},"properties":{"ZCTA5CE20":"28375","AFFGEOID20":"860Z200US28375","GEOID20":"28375","NAME20":"28375","LSAD20":"Z5","ALAND20":3927249,"AWATER20":0}},
{"type":"Feature","geometry":{"type":"Polygon","coordinates":[[[-78.5587,35.0676],[-78.5651,35.0534],[-78.5769,35.0547],[-78.569,35.022],[-78.5721,35.0161],[-78.5688,34.9755],[-78.5788,34.9696],[-78.5773,34.9567],[-78.5858,34.9422],[-78.5727,34.9374],[-78.5623,34.918],[-78.569,34.9104],[-78.5906,34.9129],[-78.6041,34.9255],[-78.6196,34.914],[-78.6105,34.9015],[-78.5899,34.8872],[-78.5807,34.887],[-78.5397,34.8638],[-78.5574,34.8511],[-78.5336,34.8511],[-78.517,34.8456],[-78.4954,34.8544],[-78.4936,34.8431],[-78.4778,34.8339],[-78.4631,34.8645],[-78.4412,34.8725],[-78.4472,34.8835],[-78.4224,34.9054],[-78.4266,34.9197],[-78.4425,34.9323],[-78.4306,34.9569],[-78.4157,34.9564],[-78.3994,34.9488],[-78.3915,34.9647],[-78.4056,34.9865],[-78.4371,34.9895],[-78.4526,34.9866],[-78.4692,34.9794],[-78.4884,34.958],[-78.5011,34.9724],[-78.5358,35.0017],[-78.5402,35.0275],[-78.5351,35.0409],[-78.5025,35.0435],[-78.4955,35.054],[-78.4635,35.0576],[-78.4523,35.0873],[-78.4429,35.0848],[-78.4502,35.1197],[-78.4517,35.143],[-78.4627,35.1485],[-78.4721,35.1634],[-78.5057,35.1599],[-78.5213,35.1658],[-78.5408,35.1648],[-78.5272,35.1505],[-78.5338,35.1413],[-78.4995,35.1359],[-78.5211,35.1162],[-78.5285,35.1006],[-78.5223,35.0858],[-78.5014,35.0914],[-78.5025,35.1103],[-78.4879,35.1137],[-78.465,35.0756],[-78.4845,35.0772],[-78.4907,35.0644],[-78.5099,35.0707],[-78.5275,35.0641],[-78.5587,35.0676]]]},"properties":{"ZCTA5CE20":"28382","AFFGEOID20":"860Z200US28382","GEOID20":"28382","NAME20":"28382","LSAD20":"Z5","ALAND20":291836572,"AWATER20":778775}},
{"type":"Feature","geometry":{"type":"Polygon","coordinates":[[[-79.2457,34.6675],[-79.2455,34.6441],[-79.2677,34.6638],[-79.2896,34.6686],[-79.2954,34.6524],[-79.3044,34.6486],[-79.3095,34.6331],[-79.3187,34.6245],[-79.33,34.6025],[-79.3532,34.5978],[-79.3826,34.5983],[-79.3789,34.617],[-79.3957,34.6158],[-79.3881,34.603],[-79.4008,34.5917],[-79.4138,34.5912],[-79.3916,34.5728],[-79.3583,34.5454],[-79.2751,34.4723],[-79.2278,34.4761],[-79.2136,34.4718],[-79.1912,34.4752],[-79.2165,34.499],[-79.2293,34.5235],[-79.2428,34.5347],[-79.2332,34.5483],[-79.2083,34.5552],[-79.1925,34.5543],[-79.1902,34.5697],[-79.1578,34.5813],[-79.1725,34.5963],[-79.1743,34.6052],[-79.1436,34.6039],[-79.1385,34.6189],[-79.159,34.6185],[-79.1803,34.6266],[-79.18,34.6418],[-79.1874,34.6512],[-79.2116,34.6682],[-79.2223,34.668],[-79.236,34.6798],[-79.2377,34.6746],[-79.2457,34.6675]]]},"properties":{"ZCTA5CE20":"28383","AFFGEOID20":"860Z200US28383","GEOID20":"28383","NAME20":"28383","LSAD20":"Z5","ALAND20":273257574,"AWATER20":18698}},
{"type":"Feature","geometry":{"type":"Polygon","coordinates":[[[-78.3815,34.0227],[-78.3646,34.0096],[-78.3448,34.0077],[-78.3499,33.9981],[-78.327,33.965],[-78.3216,33.9399],[-78.346,33.9336],[-78.3709,33.9223],[-78.3709,33.9139],[-78.3844,33.9067],[-78.3813,33.9031],[-78.3645,33.9027],[-78.3153,33.9097],[-78.2478,33.9148],[-78.2371,33.9172],[-78.2351,33.9208],[-78.2173,33.9303],[-78.2305,33.9589],[-78.2425,33.9629],[-78.2724,34.0066],[-78.2564,34.0181],[-78.2687,34.0338],[-78.2602,34.0391],[-78.2547,34.0577],[-78.2939,34.0692],[-78.3014,34.0831],[-78.3034,34.1005],[-78.3193,34.1115],[-78.3208,34.1365],[-78.3659,34.0816],[-78.356,34.0672],[-78.3631,34.0578],[-78.3551,34.0421],[-78.3815,34.0227]]]},"properties":{"ZCTA5CE20":"28462","AFFGEOID20":"860Z200US28462","GEOID20":"28462","NAME20":"28462","LSAD20":"Z5","ALAND20":187512638,"AWATER20":6181362}},
{"type":"Feature","geometry":{"type":"Polygon","coordinates":[[[-78.0972,34.7676],[-78.1139,34.7809],[-78.1287,34.7788],[-78.1533,34.7945],[-78.1802,34.8013],[-78.1851,34.7854],[-78.1802,34.7684],[-78.1608,34.7314],[-78.1506,34.722],[-78.1456,34.7302],[-78.1143,34.7216],[-78.0876,34.7261],[-78.0805,34.7228],[-78.0578,34.727],[-78.0605,34.7161],[-78.089,34.7152],[-78.0832,34.6898],[-78.0714,34.6953],[-78.0652,34.6778],[-78.0419,34.6721],[-78.0426,34.7099],[-78.0136,34.7065],[-78.0112,34.6965],[-77.9847,34.7028],[-77.9389,34.7232],[-77.9215,34.7197],[-77.9371,34.6826],[-77.9186,34.6633],[-77.9023,34.6546],[-77.8772,34.6459],[-77.8709,34.6512],[-77.8385,34.6594],[-77.8388,34.6504],[-77.7673,34.6497],[-77.7677,34.6318],[-77.7511,34.6376],[-77.7352,34.6562],[-77.7396,34.6951],[-77.7366,34.7074],[-77.7219,34.7151],[-77.7017,34.7145],[-77.68,34.726],[-77.6883,34.7336],[-77.6885,34.7512],[-77.7083,34.7584],[-77.7354,34.7785],[-77.7489,34.7774],[-77.7688,34.7944],[-77.7898,34.7846],[-77.7936,34.7984],[-77.819,34.8069],[-77.8117,34.8258],[-77.8323,34.8304],[-77.8544,34.8274],[-77.8705,34.8131],[-77.8678,34.7967],[-77.9031,34.7956],[-77.9398,34.8028],[-77.9589,34.7746],[-77.9781,34.7563],[-78.0003,34.7461],[-78.0337,34.7427],[-78.0366,34.751],[-78.0604,34.7507],[-78.0806,34.7555],[-78.0972,34.7676]]]},"properties":{"ZCTA5CE20":"28466","AFFGEOID20":"860Z200US28466","GEOID20":"28466","NAME20":"28466","LSAD20":"Z5","ALAND20":463790663,"AWATER20":2370662}},
{"type":"Feature","geometry":{"type":"Polygon","coordinates":[[[-82.6595,35.4528],[-82.7007,35.4543],[-82.7158,35.4478],[-82.7451,35.423],[-82.6474,35.3289],[-82.6492,35.3179],[-82.6237,35.308],[-82.6108,35.3381],[-82.5901,35.339],[-82.5868,35.3299],[-82.5754,35.3279],[-82.5567,35.3254],[-82.5469,35.3404],[-82.5543,35.3487],[-82.5726,35.3584],[-82.6009,35.3468],[-82.6317,35.3288],[-82.6402,35.3396],[-82.6239,35.3636],[-82.6106,35.368],[-82.6234,35.3974],[-82.6037,35.3961],[-82.5925,35.4028],[-82.601,35.4161],[-82.6014,35.4244],[-82.6528,35.4549],[-82.6595,35.4528]]]},"properties":{"ZCTA5CE20":"28742","AFFGEOID20":"860Z200US28742","GEOID20":"28742","NAME20":"28742","LSAD20":"Z5","ALAND20":120114368,"AWATER20":632860}},
{"type":"Feature","geometry":{"type":"Polygon","coordinates":[[[-83.0249,35.7838],[-83.0527,35.7895],[-83.0787,35.7895],[-83.0981,35.7757],[-83.0825,35.7704],[-83.064,35.7501],[-83.0504,35.7574],[-83.0375,35.7566],[-83.0362,35.7422],[-83.0239,35.7372],[-83.023,35.7303],[-83.0229,35.7285],[-83.0238,35.7264],[-83.0271,35.7229],[-83.0237,35.7198],[-83.0078,35.7166],[-82.9875,35.7293],[-82.9723,35.7312],[-82.9557,35.74],[-82.9176,35.7448],[-82.9077,35.728],[-82.9104,35.7162],[-82.8986,35.7035],[-82.899,35.6859],[-82.8839,35.6782],[-82.8339,35.7075],[-82.8247,35.7294],[-82.8217,35.7378],[-82.8405,35.7667],[-82.8367,35.7906],[-82.8222,35.8164],[-82.8089,35.823],[-82.824,35.8531],[-82.8394,35.8491],[-82.844,35.8654],[-82.8338,35.8799],[-82.817,35.8794],[-82.7957,35.9085],[-82.7721,35.9168],[-82.7797,35.9308],[-82.7929,35.9393],[-82.8059,35.9357],[-82.826,35.9297],[-82.8526,35.9491],[-82.8742,35.9527],[-82.899,35.944],[-82.899,35.9304],[-82.9133,35.9241],[-82.8963,35.8803],[-82.9013,35.8726],[-82.9206,35.8685],[-82.9166,35.8414],[-82.9319,35.8364],[-82.9455,35.8247],[-82.9617,35.8005],[-82.9641,35.79],[-82.9921,35.7739],[-83.0249,35.7838]]]},"properties":{"ZCTA5CE20":"28743","AFFGEOID20":"860Z200US28743","GEOID20":"28743","NAME20":"28743","LSAD20":"Z5","ALAND20":318664918,"AWATER20":1212212}},
{"type":"Feature","geometry":{"type":"Polygon","coordinates":[[[-82.8059,35.9357],[-82.7929,35.9393],[-82.7797,35.9308],[-82.7721,35.9168],[-82.7957,35.9085],[-82.817,35.8794],[-82.8338,35.8799],[-82.844,35.8654],[-82.8394,35.8491],[-82.824,35.8531],[-82.8089,35.823],[-82.8222,35.8164],[-82.8367,35.7906],[-82.8405,35.7667],[-82.8217,35.7378],[-82.8247,35.7294],[-82.8006,35.7264],[-82.772,35.7341],[-82.7672,35.7192],[-82.7548,35.7076],[-82.737,35.7119],[-82.7383,35.6921],[-82.7263,35.6851],[-82.7035,35.7096],[-82.6772,35.706],[-82.6804,35.7136],[-82.6677,35.7378],[-82.626,35.7576],[-82.6162,35.7674],[-82.6076,35.7681],[-82.5997,35.7837],[-82.5882,35.7903],[-82.5767,35.8167],[-82.5805,35.8311],[-82.5779,35.8493],[-82.5588,35.8718],[-82.5545,35.8866],[-82.5912,35.8912],[-82.5799,35.902],[-82.5904,35.9095],[-82.6144,35.9161],[-82.5967,35.9299],[-82.5887,35.9255],[-82.5807,35.9545],[-82.5606,35.9544],[-82.5777,35.9642],[-82.6109,35.9674],[-82.6042,35.9873],[-82.6151,36.0003],[-82.6018,36.0243],[-82.6029,36.0398],[-82.6323,36.0657],[-82.6473,36.06],[-82.6836,36.0461],[-82.6889,36.0386],[-82.7152,36.0286],[-82.7501,36.006],[-82.776,36.0001],[-82.7853,35.9879],[-82.7831,35.965],[-82.7875,35.9522],[-82.8059,35.9357]]]},"properties":{"ZCTA5CE20":"28753","AFFGEOID20":"860Z200US28753","GEOID20":"28753","NAME20":"28753","LSAD20":"Z5","ALAND20":667155752,"AWATER20":3627955}},
{"type":"Feature","geometry":{"type":"MultiPolygon","coordinates":[[[[-81.135,35.3072],[-81.1326,35.2949],[-81.1204,35.2947],[-81.1067,35.2856],[-81.0825,35.2812],[-81.0776,35.2642],[-81.0687,35.2641],[-81.0551,35.2849],[-81.0448,35.2819],[-81.0792,35.3041],[-81.0899,35.3328],[-81.1081,35.3286],[-81.1183,35.3174],[-81.135,35.3072]]],[[[-81.1945,35.2326],[-81.2001,35.2135],[-81.2093,35.2033],[-81.2058,35.184],[-81.1806,35.1573],[-81.0696,35.1516],[-81.0808,35.1577],[-81.0701,35.175],[-81.0755,35.1863],[-81.072,35.2189],[-81.0903,35.2242],[-81.0927,35.2349],[-81.0795,35.2511],[-81.0832,35.2555],[-81.1076,35.2568],[-81.1149,35.2618],[-81.1135,35.2474],[-81.123,35.2433],[-81.1304,35.2293],[-81.1652,35.2153],[-81.1808,35.231],[-81.1945,35.2326]]]]},"properties":{"ZCTA5CE20":"28056","AFFGEOID20":"860Z200US28056","GEOID20":"28056","NAME20":"28056","LSAD20":"Z5","ALAND20":125017502,"AWATER20":668269}},
{"type":"Feature","geometry":{"type":"Polygon","coordinates":[[[-82.6013,34.5907],[-82.5936,34.5611],[-82.5764,34.5615],[-82.5704,34.5509],[-82.5803,34.5273],[-82.5824,34.5032],[-82.5885,34.4953],[-82.5777,34.4795],[-82.5637,34.4838],[-82.5293,34.4674],[-82.5189,34.4496],[-82.5191,34.44],[-82.5324,34.4298],[-82.5303,34.4219],[-82.5096,34.421],[-82.5301,34.395],[-82.5139,34.3597],[-82.4985,34.3645],[-82.4937,34.3561],[-82.4691,34.354],[-82.4677,34.3727],[-82.4833,34.3884],[-82.4719,34.4068],[-82.4831,34.4165],[-82.4773,34.426],[-82.4797,34.4487],[-82.4616,34.4394],[-82.4397,34.4635],[-82.4548,34.4891],[-82.4308,34.511],[-82.4283,34.5229],[-82.4072,34.5146],[-82.38,34.5292],[-82.3297,34.5445],[-82.3218,34.5728],[-82.3453,34.5901],[-82.3693,34.5837],[-82.3626,34.6032],[-82.3903,34.6044],[-82.3966,34.5869],[-82.4158,34.5845],[-82.4494,34.6177],[-82.4614,34.5997],[-82.4798,34.5996],[-82.4794,34.5895],[-82.4961,34.5787],[-82.5059,34.5867],[-82.5295,34.5816],[-82.5445,34.5925],[-82.5663,34.5992],[-82.5743,34.5932],[-82.6013,34.5907]]]},"properties":{"ZCTA5CE20":"29627","AFFGEOID20":"860Z200US29627","GEOID20":"29627","NAME20":"29627","LSAD20":"Z5","ALAND20":307471783,"AWATER20":2551767}},
{"type":"Feature","geometry":{"type":"Polygon","coordinates":[[[-82.8835,34.7918],[-82.8959,34.7364],[-82.8741,34.7369],[-82.8603,34.7314],[-82.8599,34.698],[-82.8494,34.6958],[-82.8335,34.7127],[-82.8142,34.6943],[-82.8036,34.7029],[-82.7911,34.6956],[-82.7792,34.6802],[-82.7716,34.6886],[-82.7557,34.6653],[-82.7417,34.6631],[-82.7127,34.6714],[-82.7143,34.684],[-82.6977,34.6816],[-82.6936,34.6885],[-82.702,34.7145],[-82.7228,34.726],[-82.7151,34.7364],[-82.7494,34.7476],[-82.751,34.757],[-82.7604,34.761],[-82.7599,34.7695],[-82.7511,34.7661],[-82.7565,34.7894],[-82.7682,34.7987],[-82.7961,34.7939],[-82.801,34.8004],[-82.8229,34.799],[-82.8341,34.8097],[-82.8475,34.7988],[-82.8639,34.7925],[-82.8835,34.7918]]]},"properties":{"ZCTA5CE20":"29630","AFFGEOID20":"860Z200US29630","GEOID20":"29630","NAME20":"29630","LSAD20":"Z5","ALAND20":159420334,"AWATER20":5634860}},
{"type":"Feature","geometry":{"type":"Polygon","coordinates":[[[-79.3138,35.2353],[-79.3391,35.2216],[-79.3313,35.2107],[-79.3529,35.1914],[-79.3037,35.1912],[-79.3354,35.1616],[-79.3105,35.173],[-79.2711,35.1994],[-79.2556,35.203],[-79.2455,35.2129],[-79.2297,35.2106],[-79.2119,35.1941],[-79.185,35.1937],[-79.1676,35.1809],[-79.159,35.1825],[-79.141,35.1692],[-79.1226,35.1677],[-79.0976,35.1742],[-79.0958,35.1921],[-79.1135,35.2016],[-79.1194,35.197],[-79.166,35.2011],[-79.1824,35.2128],[-79.1755,35.2232],[-79.1737,35.2447],[-79.1951,35.2512],[-79.2162,35.2487],[-79.2302,35.2548],[-79.253,35.2431],[-79.2642,35.2557],[-79.263,35.2693],[-79.2715,35.2847],[-79.2745,35.2697],[-79.2883,35.2694],[-79.3009,35.2495],[-79.3138,35.2353]]]},"properties":{"ZCTA5CE20":"28394","AFFGEOID20":"860Z200US28394","GEOID20":"28394","NAME20":"28394","LSAD20":"Z5","ALAND20":106900860,"AWATER20":4946772}},
{"type":"Feature","geometry":{"type":"Polygon","coordinates":[[[-77.5848,35.3667],[-77.584,35.349],[-77.5923,35.3461],[-77.5706,35.3185],[-77.5692,35.3032],[-77.5896,35.287],[-77.5982,35.2863],[-77.6005,35.2639],[-77.5839,35.2474],[-77.5722,35.2414],[-77.5666,35.2263],[-77.5586,35.1859],[-77.5577,35.1675],[-77.5309,35.1515],[-77.5347,35.1434],[-77.5735,35.1014],[-77.567,35.0868],[-77.5723,35.0794],[-77.5675,35.0612],[-77.5675,35.0516],[-77.5607,35.0288],[-77.5528,35.0301],[-77.5528,35.0494],[-77.539,35.0486],[-77.504,35.0548],[-77.5199,35.0622],[-77.5129,35.0818],[-77.5202,35.1086],[-77.5003,35.11],[-77.519,35.1372],[-77.5056,35.1467],[-77.4897,35.1439],[-77.4752,35.1505],[-77.4925,35.1582],[-77.5075,35.1728],[-77.5207,35.2199],[-77.5036,35.218],[-77.4776,35.2262],[-77.5113,35.2336],[-77.4952,35.2485],[-77.4855,35.2405],[-77.4563,35.2625],[-77.4406,35.2708],[-77.4518,35.2933],[-77.4311,35.313],[-77.4313,35.3298],[-77.4109,35.3378],[-77.4263,35.3389],[-77.4585,35.3343],[-77.4703,35.3185],[-77.4881,35.3165],[-77.5026,35.322],[-77.4913,35.3635],[-77.4985,35.3803],[-77.5402,35.3759],[-77.5548,35.3792],[-77.5605,35.3678],[-77.5848,35.3667]],[[-77.5234,35.346],[-77.5075,35.3559],[-77.504,35.3398],[-77.517,35.3316],[-77.5234,35.346]]]},"properties":{"ZCTA5CE20":"28501","AFFGEOID20":"860Z200US28501","GEOID20":"28501","NAME20":"28501","LSAD20":"Z5","ALAND20":258597119,"AWATER20":2046854}},
{"type":"Feature","geometry":{"type":"Polygon","coordinates":[[[-82.5606,35.9544],[-82.5807,35.9545],[-82.5887,35.9255],[-82.5967,35.9299],[-82.6144,35.9161],[-82.5904,35.9095],[-82.5799,35.902],[-82.5912,35.8912],[-82.5545,35.8866],[-82.5588,35.8718],[-82.5779,35.8493],[-82.5805,35.8311],[-82.5767,35.8167],[-82.5882,35.7903],[-82.5997,35.7837],[-82.5724,35.7779],[-82.5338,35.7944],[-82.5272,35.8057],[-82.5101,35.8127],[-82.4952,35.8096],[-82.4792,35.8134],[-82.4634,35.8097],[-82.4345,35.8092],[-82.4086,35.8182],[-82.414,35.8198],[-82.4196,35.8433],[-82.4175,35.8592],[-82.4236,35.8694],[-82.4392,35.8792],[-82.4487,35.8969],[-82.464,35.9],[-82.4698,35.9094],[-82.472,35.9332],[-82.4812,35.9508],[-82.4715,35.965],[-82.5055,35.9777],[-82.5313,35.9722],[-82.5497,35.9643],[-82.5606,35.9544]]]},"properties":{"ZCTA5CE20":"28754","AFFGEOID20":"860Z200US28754","GEOID20":"28754","NAME20":"28754","LSAD20":"Z5","ALAND20":226233019,"AWATER20":0}},
{"type":"Feature","geometry":{"type":"Polygon","coordinates":[[[-81.9192,35.8488],[-81.9401,35.8374],[-81.9589,35.8192],[-81.9735,35.8212],[-81.9869,35.8069],[-81.9841,35.7983],[-81.99,35.7768],[-81.968,35.7397],[-81.9645,35.717],[-81.9236,35.6948],[-81.9243,35.6822],[-81.9157,35.673],[-81.9294,35.6424],[-81.9221,35.6229],[-81.9392,35.6123],[-81.9517,35.6125],[-81.9602,35.6007],[-81.951,35.5933],[-81.9387,35.5732],[-81.9599,35.5505],[-81.9556,35.5461],[-81.9693,35.5267],[-81.9331,35.5361],[-81.9209,35.5337],[-81.905,35.5419],[-81.8567,35.5422],[-81.8518,35.5643],[-81.8578,35.5711],[-81.8502,35.5906],[-81.8295,35.5921],[-81.8463,35.6452],[-81.8566,35.6609],[-81.857,35.6797],[-81.8751,35.7318],[-81.8559,35.7284],[-81.8357,35.7505],[-81.8565,35.769],[-81.8686,35.787],[-81.8642,35.795],[-81.8779,35.8193],[-81.9192,35.8488]]]},"properties":{"ZCTA5CE20":"28761","AFFGEOID20":"860Z200US28761","GEOID20":"28761","NAME20":"28761","LSAD20":"Z5","ALAND20":268776087,"AWATER20":18543610}},
{"type":"Feature","geometry":{"type":"Polygon","coordinates":[[[-84.0095,35.3819],[-84.0076,35.3717],[-84.0235,35.3542],[-84.0383,35.3478],[-84.0294,35.3332],[-84.0355,35.3178],[-84.0214,35.3014],[-84.0291,35.2922],[-84.0098,35.2732],[-84.0064,35.2417],[-83.9671,35.2179],[-83.9344,35.223],[-83.9036,35.2352],[-83.8936,35.2334],[-83.8732,35.2442],[-83.8314,35.2561],[-83.8221,35.2503],[-83.7956,35.2573],[-83.7735,35.2457],[-83.7569,35.2425],[-83.7342,35.245],[-83.7131,35.2577],[-83.7028,35.2485],[-83.6801,35.2795],[-83.6953,35.2975],[-83.6847,35.3241],[-83.6514,35.337],[-83.6606,35.3765],[-83.6798,35.3823],[-83.6732,35.4073],[-83.6789,35.4167],[-83.657,35.4269],[-83.6691,35.4332],[-83.7087,35.4375],[-83.7242,35.4233],[-83.7517,35.4317],[-83.7659,35.4182],[-83.7908,35.4235],[-83.838,35.4232],[-83.8458,35.4292],[-83.865,35.43],[-83.8637,35.4478],[-83.8355,35.4491],[-83.8443,35.4531],[-83.8646,35.4483],[-83.8697,35.4584],[-83.8999,35.4702],[-83.9182,35.4735],[-83.937,35.4715],[-83.9494,35.4612],[-83.9611,35.4638],[-83.9731,35.4489],[-83.9926,35.4381],[-84.0147,35.412],[-84.0181,35.3991],[-84.0095,35.3819]]]},"properties":{"ZCTA5CE20":"28771","AFFGEOID20":"860Z200US28771","GEOID20":"28771","NAME20":"28771","LSAD20":"Z5","ALAND20":670540979,"AWATER20":14347930}},
{"type":"Feature","geometry":{"type":"Polygon","coordinates":[[[-82.6177,34.9616],[-82.6274,34.9462],[-82.6468,34.9367],[-82.6452,34.9261],[-82.6301,34.9215],[-82.6246,34.9095],[-82.6314,34.8976],[-82.6555,34.8851],[-82.6503,34.8781],[-82.6517,34.8597],[-82.6749,34.8515],[-82.672,34.8452],[-82.6613,34.8315],[-82.6577,34.8117],[-82.6379,34.7939],[-82.6115,34.8144],[-82.568,34.8261],[-82.5509,34.8253],[-82.497,34.8312],[-82.4847,34.8444],[-82.489,34.8614],[-82.4877,34.8851],[-82.4963,34.889],[-82.4939,34.8961],[-82.5211,34.9274],[-82.5258,34.9523],[-82.5269,34.9611],[-82.5627,34.991],[-82.5758,34.9839],[-82.5799,34.9626],[-82.5964,34.9716],[-82.6177,34.9616]]]},"properties":{"ZCTA5CE20":"29640","AFFGEOID20":"860Z200US29640","GEOID20":"29640","NAME20":"29640","LSAD20":"Z5","ALAND20":221866475,"AWATER20":1392767}},
{"type":"Feature","geometry":{"type":"MultiPolygon","coordinates":[[[[-81.6434,35.3868],[-81.6228,35.3871],[-81.6347,35.4038],[-81.6434,35.3868]]],[[[-81.6889,35.4775],[-81.6818,35.4704],[-81.694,35.4528],[-81.6915,35.4399],[-81.6764,35.431],[-81.6687,35.4385],[-81.6526,35.4366],[-81.6443,35.4227],[-81.6423,35.4234],[-81.6168,35.4198],[-81.6298,35.4079],[-81.6156,35.3898],[-81.6011,35.3925],[-81.5964,35.3816],[-81.5817,35.3732],[-81.559,35.3749],[-81.5363,35.3896],[-81.5247,35.387],[-81.5187,35.412],[-81.511,35.418],[-81.5119,35.4277],[-81.5029,35.4288],[-81.5023,35.418],[-81.4851,35.3901],[-81.4746,35.3892],[-81.4584,35.4138],[-81.4546,35.436],[-81.4592,35.449],[-81.4755,35.4602],[-81.4814,35.4715],[-81.4739,35.4839],[-81.4917,35.4868],[-81.5106,35.5202],[-81.5092,35.5504],[-81.5261,35.5611],[-81.5113,35.5847],[-81.523,35.5875],[-81.5405,35.5822],[-81.5494,35.5704],[-81.5714,35.5586],[-81.5653,35.5524],[-81.5603,35.5172],[-81.5718,35.5147],[-81.5748,35.4937],[-81.602,35.4943],[-81.615,35.4799],[-81.626,35.484],[-81.6556,35.478],[-81.6657,35.4722],[-81.6889,35.4775]]]]},"properties":{"ZCTA5CE20":"28090","AFFGEOID20":"860Z200US28090","GEOID20":"28090","NAME20":"28090","LSAD20":"Z5","ALAND20":242769951,"AWATER20":691189}},
{"type":"Feature","geometry":{"type":"Polygon","coordinates":[[[-81.3231,35.5842],[-81.3293,35.5706],[-81.3191,35.5627],[-81.3109,35.5286],[-81.3146,35.5161],[-81.3325,35.5286],[-81.3393,35.5207],[-81.3263,35.496],[-81.35,35.4967],[-81.3599,35.5033],[-81.3779,35.4999],[-81.384,35.5093],[-81.409,35.5041],[-81.3988,35.4883],[-81.398,35.4704],[-81.3904,35.4442],[-81.3787,35.4416],[-81.363,35.4454],[-81.3464,35.4408],[-81.3176,35.4565],[-81.3016,35.457],[-81.2879,35.4397],[-81.29,35.4297],[-81.3054,35.4198],[-81.2893,35.4089],[-81.285,35.389],[-81.2619,35.3646],[-81.2538,35.3655],[-81.2343,35.3878],[-81.2035,35.3973],[-81.2101,35.4077],[-81.1991,35.4103],[-81.1779,35.4096],[-81.1803,35.4285],[-81.169,35.4366],[-81.1869,35.4492],[-81.1816,35.4719],[-81.1345,35.4922],[-81.1053,35.4984],[-81.1158,35.5154],[-81.0995,35.5248],[-81.1022,35.5366],[-81.1158,35.5387],[-81.121,35.5479],[-81.1345,35.5457],[-81.1422,35.5348],[-81.1642,35.5391],[-81.1844,35.5551],[-81.2001,35.5555],[-81.2085,35.5401],[-81.2218,35.5508],[-81.2459,35.5573],[-81.2588,35.5512],[-81.2796,35.5586],[-81.2826,35.5843],[-81.2991,35.5927],[-81.3231,35.5842]]]},"properties":{"ZCTA5CE20":"28092","AFFGEOID20":"860Z200US28092","GEOID20":"28092","NAME20":"28092","LSAD20":"Z5","ALAND20":310537272,"AWATER20":1578789}},
{"type":"Feature","geometry":{"type":"Polygon","coordinates":[[[-78.617,34.0234],[-78.6406,34.0103],[-78.6265,33.98],[-78.6484,33.9655],[-78.6441,33.9502],[-78.6206,33.9424],[-78.6055,33.9505],[-78.5603,33.961],[-78.5541,33.9412],[-78.5335,33.9498],[-78.5171,33.9703],[-78.536,33.994],[-78.5217,33.9973],[-78.4976,33.989],[-78.4778,33.9888],[-78.472,34.0013],[-78.4594,34.0002],[-78.4003,34.0034],[-78.4016,34.0147],[-78.3815,34.0227],[-78.3551,34.0421],[-78.3631,34.0578],[-78.356,34.0672],[-78.3659,34.0816],[-78.3208,34.1365],[-78.2599,34.2132],[-78.2546,34.2163],[-78.3339,34.2087],[-78.3743,34.2049],[-78.3691,34.1882],[-78.3871,34.1777],[-78.4069,34.1551],[-78.4275,34.1398],[-78.4672,34.1548],[-78.484,34.1578],[-78.495,34.167],[-78.5037,34.1691],[-78.5153,34.1659],[-78.545,34.1405],[-78.5494,34.125],[-78.548,34.0953],[-78.5602,34.0921],[-78.555,34.0671],[-78.5619,34.0549],[-78.576,34.0545],[-78.5789,34.0384],[-78.5908,34.0272],[-78.617,34.0234]],[[-78.5217,33.9973],[-78.5387,33.998],[-78.5403,33.9808],[-78.5592,33.9839],[-78.5614,34.0009],[-78.5726,34.0043],[-78.5592,34.0296],[-78.5341,34.0193],[-78.5349,34.0069],[-78.5217,33.9973]]]},"properties":{"ZCTA5CE20":"28420","AFFGEOID20":"860Z200US28420","GEOID20":"28420","NAME20":"28420","LSAD20":"Z5","ALAND20":443121722,"AWATER20":970010}},
{"type":"Feature","geometry":{"type":"Polygon","coordinates":[[[-77.5563,35.4955],[-77.5504,35.4647],[-77.5584,35.458],[-77.544,35.4549],[-77.515,35.4643],[-77.5005,35.4509],[-77.4979,35.4569],[-77.4757,35.4554],[-77.4738,35.4457],[-77.4535,35.4421],[-77.4498,35.431],[-77.4712,35.4172],[-77.4613,35.3975],[-77.4488,35.4074],[-77.4383,35.4289],[-77.4148,35.4158],[-77.396,35.3884],[-77.3499,35.3713],[-77.3448,35.3859],[-77.3319,35.4017],[-77.3072,35.38],[-77.2799,35.3758],[-77.268,35.3649],[-77.2589,35.3517],[-77.2379,35.3615],[-77.2385,35.37],[-77.2615,35.4065],[-77.2437,35.4078],[-77.2603,35.4231],[-77.277,35.43],[-77.2746,35.4437],[-77.2796,35.4577],[-77.3081,35.4728],[-77.3235,35.4713],[-77.3549,35.4698],[-77.3663,35.4888],[-77.3811,35.4874],[-77.3935,35.4973],[-77.4072,35.4876],[-77.4237,35.4976],[-77.4628,35.5056],[-77.4815,35.4802],[-77.4823,35.4609],[-77.5113,35.4965],[-77.5016,35.5109],[-77.487,35.5126],[-77.4911,35.5261],[-77.5047,35.5277],[-77.5101,35.5285],[-77.5222,35.5254],[-77.5255,35.5145],[-77.5572,35.4993],[-77.5563,35.4955]]]},"properties":{"ZCTA5CE20":"28513","AFFGEOID20":"860Z200US28513","GEOID20":"28513","NAME20":"28513","LSAD20":"Z5","ALAND20":230348615,"AWATER20":0}},
{"type":"Feature","geometry":{"type":"Polygon","coordinates":[[[-77.0281,35.1283],[-77.0193,35.1153],[-77.001,35.1242],[-77.0155,35.1365],[-77.0281,35.1283]]]},"properties":{"ZCTA5CE20":"28519","AFFGEOID20":"860Z200US28519","GEOID20":"28519","NAME20":"28519","LSAD20":"Z5","ALAND20":3394579,"AWATER20":1202601}},
{"type":"Feature","geometry":{"type":"Polygon","coordinates":[[[-76.5323,34.757],[-76.5502,34.7528],[-76.5544,34.7252],[-76.5403,34.719],[-76.5234,34.7212],[-76.529,34.7356],[-76.5323,34.757]]]},"properties":{"ZCTA5CE20":"28528","AFFGEOID20":"860Z200US28528","GEOID20":"28528","NAME20":"28528","LSAD20":"Z5","ALAND20":7227227,"AWATER20":2319160}},
{"type":"Feature","geometry":{"type":"MultiPolygon","coordinates":[[[[-77.5234,35.346],[-77.517,35.3316],[-77.504,35.3398],[-77.5075,35.3559],[-77.5234,35.346]]],[[[-77.5005,35.4509],[-77.5095,35.447],[-77.5111,35.4298],[-77.5437,35.4326],[-77.5399,35.4214],[-77.5119,35.4069],[-77.5386,35.3848],[-77.5402,35.3759],[-77.4985,35.3803],[-77.4913,35.3635],[-77.5026,35.322],[-77.4881,35.3165],[-77.4703,35.3185],[-77.4585,35.3343],[-77.4263,35.3389],[-77.4109,35.3378],[-77.3952,35.343],[-77.3826,35.3343],[-77.3628,35.3325],[-77.3348,35.3194],[-77.3022,35.3125],[-77.2694,35.3264],[-77.2659,35.3436],[-77.2841,35.3436],[-77.2785,35.367],[-77.268,35.3649],[-77.2799,35.3758],[-77.3072,35.38],[-77.3319,35.4017],[-77.3448,35.3859],[-77.3499,35.3713],[-77.396,35.3884],[-77.4148,35.4158],[-77.4383,35.4289],[-77.4488,35.4074],[-77.4613,35.3975],[-77.4712,35.4172],[-77.4498,35.431],[-77.4535,35.4421],[-77.4738,35.4457],[-77.4757,35.4554],[-77.4979,35.4569],[-77.5005,35.4509]]]]},"properties":{"ZCTA5CE20":"28530","AFFGEOID20":"860Z200US28530","GEOID20":"28530","NAME20":"28530","LSAD20":"Z5","ALAND20":191541204,"AWATER20":1043360}},
{"type":"Feature","geometry":{"type":"Polygon","coordinates":[[[-82.1483,35.9329],[-82.155,35.9208],[-82.1427,35.9063],[-82.1505,35.8999],[-82.1694,35.8996],[-82.1453,35.8778],[-82.1462,35.8634],[-82.1403,35.8426],[-82.1438,35.8251],[-82.1335,35.8233],[-82.1203,35.8254],[-82.1137,35.8346],[-82.1019,35.8423],[-82.1003,35.8526],[-82.0748,35.8487],[-82.0577,35.8516],[-82.0369,35.8538],[-82.022,35.8684],[-82.0185,35.8846],[-81.9973,35.874],[-81.9652,35.8938],[-81.969,35.9102],[-81.9587,35.9233],[-81.982,35.9114],[-81.9995,35.9222],[-81.992,35.9469],[-81.9711,35.9584],[-81.977,35.9691],[-82.0256,35.9704],[-82.0337,35.9914],[-82.0591,35.9886],[-82.073,35.9837],[-82.0764,35.9651],[-82.0966,35.9393],[-82.1208,35.9297],[-82.1262,35.9368],[-82.1483,35.9329]]]},"properties":{"ZCTA5CE20":"28777","AFFGEOID20":"860Z200US28777","GEOID20":"28777","NAME20":"28777","LSAD20":"Z5","ALAND20":185858445,"AWATER20":134197}},
{"type":"Feature","geometry":{"type":"Polygon","coordinates":[[[-83.3359,35.3433],[-83.3396,35.331],[-83.3121,35.2817],[-83.3159,35.2648],[-83.2986,35.2558],[-83.2912,35.2338],[-83.277,35.228],[-83.2458,35.2314],[-83.2429,35.2391],[-83.244,35.2566],[-83.2288,35.2661],[-83.2219,35.2809],[-83.2232,35.2969],[-83.1817,35.3311],[-83.1608,35.3247],[-83.1598,35.3378],[-83.1497,35.3521],[-83.1375,35.3544],[-83.0986,35.3749],[-83.0725,35.3682],[-83.0846,35.3731],[-83.0829,35.4023],[-83.1056,35.4139],[-83.0915,35.428],[-83.0754,35.4307],[-83.0795,35.4476],[-83.0914,35.4575],[-83.1091,35.4641],[-83.1377,35.4644],[-83.1518,35.4498],[-83.1761,35.4439],[-83.1895,35.445],[-83.2073,35.4364],[-83.2218,35.4228],[-83.2239,35.4129],[-83.2366,35.4001],[-83.2724,35.3882],[-83.2645,35.3804],[-83.2723,35.378],[-83.2875,35.3636],[-83.2971,35.3465],[-83.3228,35.3408],[-83.3359,35.3433]],[[-83.2287,35.3566],[-83.2219,35.3573],[-83.217,35.3487],[-83.2221,35.3398],[-83.2287,35.3566]]]},"properties":{"ZCTA5CE20":"28779","AFFGEOID20":"860Z200US28779","GEOID20":"28779","NAME20":"28779","LSAD20":"Z5","ALAND20":279742120,"AWATER20":0}},
{"type":"Feature","geometry":{"type":"Polygon","coordinates":[[[-82.9647,35.3153],[-82.9962,35.2968],[-83.0214,35.2927],[-83.037,35.2832],[-83.0618,35.2759],[-83.0956,35.2737],[-83.1251,35.28],[-83.137,35.2672],[-83.1571,35.2641],[-83.1603,35.2423],[-83.1419,35.2417],[-83.1403,35.2229],[-83.1102,35.2249],[-83.1001,35.2215],[-83.0762,35.2275],[-83.0495,35.2187],[-83.046,35.2093],[-83.0269,35.1964],[-82.991,35.1981],[-83.0065,35.1697],[-83.0115,35.1684],[-82.9964,35.1565],[-82.9869,35.1876],[-82.9688,35.1946],[-82.9568,35.2167],[-82.9354,35.2251],[-82.9272,35.2373],[-82.9192,35.2708],[-82.9209,35.292],[-82.9273,35.3028],[-82.9509,35.307],[-82.9647,35.3153]]]},"properties":{"ZCTA5CE20":"28783","AFFGEOID20":"860Z200US28783","GEOID20":"28783","NAME20":"28783","LSAD20":"Z5","ALAND20":175876401,"AWATER20":3004759}},
{"type":"Feature","geometry":{"type":"Polygon","coordinates":[[[-83.0301,35.5217],[-83.0278,35.5006],[-83.0645,35.4947],[-83.0878,35.4841],[-83.1091,35.4641],[-83.0914,35.4575],[-83.0795,35.4476],[-83.0754,35.4307],[-83.0563,35.426],[-83.0442,35.4147],[-83.0437,35.3944],[-83.0279,35.3831],[-83.0066,35.3773],[-82.9904,35.3676],[-82.9746,35.3827],[-82.9635,35.4154],[-82.9714,35.4248],[-82.9599,35.4523],[-82.9466,35.4583],[-82.9249,35.4557],[-82.9085,35.4615],[-82.8871,35.4839],[-82.8891,35.5045],[-82.8613,35.5076],[-82.849,35.5192],[-82.8534,35.5263],[-82.8801,35.5213],[-82.9046,35.5128],[-82.9463,35.5163],[-82.9573,35.5236],[-82.9631,35.5203],[-82.9811,35.5273],[-83.0107,35.5266],[-83.0301,35.5217]]]},"properties":{"ZCTA5CE20":"28786","AFFGEOID20":"860Z200US28786","GEOID20":"28786","NAME20":"28786","LSAD20":"Z5","ALAND20":189002311,"AWATER20":700}},
{"type":"Feature","geometry":{"type":"Polygon","coordinates":[[[-82.6162,35.7674],[-82.6066,35.7435],[-82.6244,35.7174],[-82.6136,35.6948],[-82.6057,35.6909],[-82.5798,35.6957],[-82.5745,35.6887],[-82.5765,35.6709],[-82.5513,35.6653],[-82.5479,35.6586],[-82.5134,35.6599],[-82.4954,35.6665],[-82.4847,35.661],[-82.4735,35.67],[-82.4435,35.6722],[-82.4241,35.6754],[-82.3987,35.6982],[-82.4118,35.7036],[-82.43,35.7201],[-82.4794,35.7368],[-82.4682,35.7575],[-82.4809,35.7711],[-82.4733,35.7828],[-82.4758,35.7983],[-82.4634,35.8097],[-82.4792,35.8134],[-82.4952,35.8096],[-82.5101,35.8127],[-82.5272,35.8057],[-82.5338,35.7944],[-82.5724,35.7779],[-82.5997,35.7837],[-82.6076,35.7681],[-82.6162,35.7674]]]},"properties":{"ZCTA5CE20":"28787","AFFGEOID20":"860Z200US28787","GEOID20":"28787","NAME20":"28787","LSAD20":"Z5","ALAND20":205971198,"AWATER20":39241}},
{"type":"Feature","geometry":{"type":"Polygon","coordinates":[[[-80.3906,35.1657],[-80.3951,35.1301],[-80.4151,35.1085],[-80.4055,35.1025],[-80.4153,35.0912],[-80.4312,35.0897],[-80.4311,35.0557],[-80.4122,35.0553],[-80.4173,35.0271],[-80.4029,35.0144],[-80.4175,34.9919],[-80.414,34.9828],[-80.4283,34.9686],[-80.4075,34.9524],[-80.4135,34.9457],[-80.406,34.9274],[-80.3901,34.9134],[-80.3835,34.8982],[-80.3891,34.8847],[-80.4034,34.8727],[-80.401,34.8519],[-80.4103,34.8472],[-80.4218,34.8311],[-80.4137,34.8154],[-80.3208,34.8141],[-80.3153,34.862],[-80.3083,34.8498],[-80.2945,34.8627],[-80.2887,34.8806],[-80.2729,34.8917],[-80.2958,34.9009],[-80.3123,34.8882],[-80.3005,34.9904],[-80.3091,34.9965],[-80.3021,35.0119],[-80.3251,35.0265],[-80.3163,35.0377],[-80.2956,35.0333],[-80.2901,35.081],[-80.3103,35.0988],[-80.2972,35.105],[-80.2858,35.118],[-80.2768,35.1957],[-80.2967,35.1934],[-80.3043,35.1831],[-80.3404,35.1741],[-80.3576,35.1649],[-80.371,35.1797],[-80.3906,35.1657]]]},"properties":{"ZCTA5CE20":"28103","AFFGEOID20":"860Z200US28103","GEOID20":"28103","NAME20":"28103","LSAD20":"Z5","ALAND20":396682714,"AWATER20":3247336}},
{"type":"Feature","geometry":{"type":"Polygon","coordinates":[[[-80.7798,35.0327],[-80.7396,35.0033],[-80.7203,34.9954],[-80.7022,34.9987],[-80.6845,34.9917],[-80.6691,35.0193],[-80.6917,35.0241],[-80.6827,35.0551],[-80.6851,35.0745],[-80.6641,35.0873],[-80.6621,35.0988],[-80.6438,35.11],[-80.6347,35.126],[-80.6226,35.1258],[-80.6156,35.1365],[-80.5933,35.1536],[-80.6006,35.1621],[-80.6304,35.1465],[-80.6429,35.1391],[-80.6815,35.1033],[-80.744,35.0542],[-80.7576,35.0482],[-80.7798,35.0327]]]},"properties":{"ZCTA5CE20":"28104","AFFGEOID20":"860Z200US28104","GEOID20":"28104","NAME20":"28104","LSAD20":"Z5","ALAND20":76670248,"AWATER20":862810}},
{"type":"Feature","geometry":{"type":"Polygon","coordinates":[[[-80.2988,35.4979],[-80.3027,35.492],[-80.2955,35.486],[-80.2988,35.4979]]]},"properties":{"ZCTA5CE20":"28109","AFFGEOID20":"860Z200US28109","GEOID20":"28109","NAME20":"28109","LSAD20":"Z5","ALAND20":1492086,"AWATER20":0}},
{"type":"Feature","geometry":{"type":"Polygon","coordinates":[[[-82.7913,34.3248],[-82.7818,34.2979],[-82.7738,34.2887],[-82.7539,34.2755],[-82.743,34.2514],[-82.7417,34.2097],[-82.7325,34.1945],[-82.7304,34.1753],[-82.7175,34.1505],[-82.7041,34.141],[-82.6752,34.1298],[-82.6676,34.1167],[-82.6469,34.1227],[-82.6261,34.1232],[-82.6238,34.1585],[-82.6302,34.1741],[-82.6193,34.1822],[-82.6106,34.1974],[-82.6015,34.2162],[-82.6304,34.2131],[-82.6236,34.2244],[-82.6269,34.2417],[-82.6082,34.2635],[-82.5814,34.3057],[-82.5476,34.3099],[-82.5426,34.3036],[-82.5501,34.2822],[-82.536,34.2629],[-82.5226,34.2643],[-82.5446,34.286],[-82.5351,34.2942],[-82.5,34.2906],[-82.4882,34.2797],[-82.4876,34.2699],[-82.4764,34.2577],[-82.459,34.2635],[-82.4412,34.2765],[-82.4416,34.2878],[-82.4726,34.3292],[-82.4691,34.354],[-82.4937,34.3561],[-82.4985,34.3645],[-82.5139,34.3597],[-82.5202,34.3506],[-82.5597,34.3296],[-82.5807,34.3592],[-82.6108,34.3826],[-82.6354,34.3813],[-82.6244,34.369],[-82.6281,34.3514],[-82.6529,34.358],[-82.6671,34.3387],[-82.6872,34.3439],[-82.7152,34.3171],[-82.7372,34.3209],[-82.7459,34.3344],[-82.7603,34.3386],[-82.779,34.3363],[-82.7913,34.3248]],[[-82.6546,34.2144],[-82.6426,34.2157],[-82.6386,34.2104],[-82.6512,34.2093],[-82.6546,34.2144]]]},"properties":{"ZCTA5CE20":"29655","AFFGEOID20":"860Z200US29655","GEOID20":"29655","NAME20":"29655","LSAD20":"Z5","ALAND20":364043447,"AWATER20":27203021}},
{"type":"Feature","geometry":{"type":"Polygon","coordinates":[[[-82.6546,34.2144],[-82.6512,34.2093],[-82.6386,34.2104],[-82.6426,34.2157],[-82.6546,34.2144]]]},"properties":{"ZCTA5CE20":"29659","AFFGEOID20":"860Z200US29659","GEOID20":"29659","NAME20":"29659","LSAD20":"Z5","ALAND20":1120578,"AWATER20":0}},
{"type":"Feature","geometry":{"type":"Polygon","coordinates":[[[-80.6745,34.9342],[-80.6854,34.93],[-80.6846,34.9163],[-80.6727,34.9118],[-80.6769,34.8901],[-80.6613,34.8942],[-80.6533,34.8876],[-80.6312,34.8824],[-80.6352,34.8656],[-80.63,34.8491],[-80.6419,34.8231],[-80.6358,34.8184],[-80.5617,34.8175],[-80.4137,34.8154],[-80.4218,34.8311],[-80.4103,34.8472],[-80.401,34.8519],[-80.4034,34.8727],[-80.3891,34.8847],[-80.4022,34.8835],[-80.4118,34.8933],[-80.4341,34.8869],[-80.4477,34.9021],[-80.4517,34.9264],[-80.4652,34.9251],[-80.4768,34.9351],[-80.4857,34.9594],[-80.4765,34.9756],[-80.4773,34.988],[-80.5342,34.9817],[-80.571,34.9848],[-80.6443,34.9505],[-80.6473,34.9533],[-80.6689,34.9382],[-80.6745,34.9342]]]},"properties":{"ZCTA5CE20":"28112","AFFGEOID20":"860Z200US28112","GEOID20":"28112","NAME20":"28112","LSAD20":"Z5","ALAND20":342212781,"AWATER20":3964935}},
{"type":"Feature","geometry":{"type":"Polygon","coordinates":[[[-78.1112,34.5545],[-78.109,34.5354],[-78.1222,34.5163],[-78.0993,34.5143],[-78.1014,34.5046],[-78.0804,34.4927],[-78.0573,34.503],[-78.0542,34.4887],[-78.0434,34.4895],[-78.0422,34.4576],[-78.0301,34.4454],[-78.0268,34.4688],[-78.0137,34.4712],[-77.9985,34.4891],[-78.0035,34.506],[-77.9599,34.4913],[-77.9404,34.4959],[-77.9196,34.4849],[-77.9126,34.4727],[-77.9005,34.4756],[-77.8838,34.471],[-77.8793,34.4592],[-77.8414,34.4624],[-77.8369,34.4862],[-77.8449,34.5025],[-77.8317,34.5105],[-77.8315,34.5344],[-77.8133,34.5516],[-77.8227,34.5666],[-77.8183,34.581],[-77.7949,34.5903],[-77.7662,34.5822],[-77.753,34.5652],[-77.7549,34.5544],[-77.7502,34.5593],[-77.6918,34.58],[-77.7051,34.5912],[-77.7143,34.589],[-77.7175,34.6101],[-77.7355,34.625],[-77.7352,34.6562],[-77.7511,34.6376],[-77.7677,34.6318],[-77.7673,34.6497],[-77.8388,34.6504],[-77.8385,34.6594],[-77.8709,34.6512],[-77.8772,34.6459],[-77.9023,34.6546],[-77.9218,34.6487],[-77.9191,34.6362],[-77.935,34.6278],[-77.9327,34.6164],[-77.9459,34.6146],[-77.9374,34.5911],[-77.9569,34.5773],[-77.9795,34.5712],[-77.9838,34.5595],[-78.0083,34.5551],[-78.0213,34.5604],[-78.0233,34.5448],[-78.0361,34.5447],[-78.0522,34.5634],[-78.062,34.5476],[-78.098,34.5662],[-78.1112,34.5545]]]},"properties":{"ZCTA5CE20":"28425","AFFGEOID20":"860Z200US28425","GEOID20":"28425","NAME20":"28425","LSAD20":"Z5","ALAND20":397465173,"AWATER20":1556896}},
{"type":"Feature","geometry":{"type":"Polygon","coordinates":[[[-78.5574,34.8511],[-78.5701,34.8367],[-78.6073,34.8271],[-78.5986,34.8138],[-78.583,34.8034],[-78.5667,34.7877],[-78.5694,34.7602],[-78.5589,34.7553],[-78.5604,34.7389],[-78.5466,34.7392],[-78.5237,34.7309],[-78.5034,34.7471],[-78.4834,34.7313],[-78.4863,34.706],[-78.4828,34.6892],[-78.4641,34.6781],[-78.457,34.711],[-78.4445,34.7169],[-78.4124,34.6994],[-78.4042,34.7198],[-78.4293,34.7385],[-78.409,34.7614],[-78.3953,34.7511],[-78.3813,34.7244],[-78.3823,34.7173],[-78.3686,34.7043],[-78.3527,34.698],[-78.3256,34.7124],[-78.3401,34.734],[-78.3336,34.7531],[-78.3193,34.755],[-78.3103,34.7448],[-78.2822,34.7338],[-78.2533,34.757],[-78.2717,34.7518],[-78.2847,34.7578],[-78.2831,34.7926],[-78.3114,34.7933],[-78.3152,34.8147],[-78.3324,34.8162],[-78.3325,34.8256],[-78.3566,34.8237],[-78.3648,34.8399],[-78.356,34.8618],[-78.3606,34.8806],[-78.3759,34.8805],[-78.3865,34.8736],[-78.4224,34.9054],[-78.4472,34.8835],[-78.4412,34.8725],[-78.4631,34.8645],[-78.4778,34.8339],[-78.4936,34.8431],[-78.4954,34.8544],[-78.517,34.8456],[-78.5336,34.8511],[-78.5574,34.8511]]]},"properties":{"ZCTA5CE20":"28441","AFFGEOID20":"860Z200US28441","GEOID20":"28441","NAME20":"28441","LSAD20":"Z5","ALAND20":374006367,"AWATER20":314551}},
{"type":"Feature","geometry":{"type":"Polygon","coordinates":[[[-77.7549,34.5544],[-77.74,34.5516],[-77.7204,34.54],[-77.715,34.5248],[-77.6933,34.5192],[-77.7533,34.4616],[-77.7676,34.4395],[-77.7936,34.4338],[-77.7762,34.4125],[-77.7523,34.4174],[-77.7534,34.3955],[-77.7628,34.3838],[-77.7817,34.4027],[-77.7984,34.4051],[-77.8138,34.3999],[-77.7757,34.3815],[-77.8041,34.367],[-77.7779,34.354],[-77.7748,34.3467],[-77.7455,34.3416],[-77.7231,34.32],[-77.708,34.3299],[-77.7006,34.3441],[-77.6732,34.36],[-77.6469,34.3752],[-77.5754,34.4246],[-77.5564,34.452],[-77.543,34.4462],[-77.5342,34.4558],[-77.5525,34.4712],[-77.568,34.47],[-77.5749,34.4787],[-77.6139,34.576],[-77.6272,34.6059],[-77.6344,34.6217],[-77.6918,34.58],[-77.7502,34.5593],[-77.7549,34.5544]]]},"properties":{"ZCTA5CE20":"28443","AFFGEOID20":"860Z200US28443","GEOID20":"28443","NAME20":"28443","LSAD20":"Z5","ALAND20":377655358,"AWATER20":2335033}},
{"type":"Feature","geometry":{"type":"Polygon","coordinates":[[[-76.9057,34.9],[-76.8895,34.9015],[-76.9048,34.9144],[-76.9057,34.9]]]},"properties":{"ZCTA5CE20":"28533","AFFGEOID20":"860Z200US28533","GEOID20":"28533","NAME20":"28533","LSAD20":"Z5","ALAND20":1810581,"AWATER20":1020}},
{"type":"Feature","geometry":{"type":"Polygon","coordinates":[[[-83.1096,35.0012],[-83.0988,34.992],[-83.1204,34.9684],[-83.1203,34.9532],[-83.1117,34.9359],[-83.1433,34.9248],[-83.1564,34.9171],[-83.1691,34.9188],[-83.2063,34.8797],[-83.2174,34.8824],[-83.2431,34.8774],[-83.2557,34.8442],[-83.2663,34.849],[-83.2724,34.8347],[-83.2683,34.8211],[-83.3062,34.8141],[-83.2892,34.8121],[-83.2643,34.7981],[-83.2462,34.7818],[-83.2474,34.7708],[-83.2226,34.7633],[-83.2118,34.7669],[-83.1941,34.7601],[-83.1823,34.7763],[-83.1493,34.7812],[-83.1268,34.8071],[-83.1251,34.8209],[-83.1061,34.8352],[-83.1028,34.8515],[-83.0756,34.8437],[-83.0643,34.8611],[-83.0617,34.8766],[-83.0736,34.8969],[-83.0662,34.9102],[-83.0875,34.9356],[-83.0864,34.9605],[-83.0732,34.9698],[-83.0518,34.9951],[-83.0564,35.0151],[-83.1086,35.0014],[-83.1096,35.0012]]]},"properties":{"ZCTA5CE20":"29664","AFFGEOID20":"860Z200US29664","GEOID20":"29664","NAME20":"29664","LSAD20":"Z5","ALAND20":255228631,"AWATER20":1331938}},
{"type":"Feature","geometry":{"type":"Polygon","coordinates":[[[-81.8752,35.1841],[-81.8332,35.1826],[-81.7163,35.1789],[-81.6102,35.1743],[-81.6275,35.1811],[-81.6398,35.195],[-81.678,35.2056],[-81.7007,35.2198],[-81.6937,35.2339],[-81.7099,35.2393],[-81.7129,35.2475],[-81.6881,35.2697],[-81.6824,35.2847],[-81.6888,35.3097],[-81.6923,35.3243],[-81.7036,35.3355],[-81.7142,35.3301],[-81.7229,35.309],[-81.7333,35.2985],[-81.7567,35.293],[-81.7728,35.2721],[-81.8013,35.282],[-81.7996,35.2701],[-81.7815,35.2618],[-81.7758,35.2506],[-81.7673,35.2469],[-81.7724,35.2406],[-81.7778,35.2471],[-81.7859,35.2605],[-81.8091,35.2599],[-81.8226,35.2486],[-81.8314,35.2223],[-81.8205,35.212],[-81.8519,35.2035],[-81.8694,35.203],[-81.8752,35.1841]]]},"properties":{"ZCTA5CE20":"28114","AFFGEOID20":"860Z200US28114","GEOID20":"28114","NAME20":"28114","LSAD20":"Z5","ALAND20":169974275,"AWATER20":1395781}},
{"type":"Feature","geometry":{"type":"Polygon","coordinates":[[[-82.5813,34.6878],[-82.5557,34.6698],[-82.5689,34.6502],[-82.5544,34.649],[-82.5407,34.6399],[-82.4827,34.6354],[-82.4521,34.6308],[-82.4494,34.6177],[-82.4158,34.5845],[-82.3966,34.5869],[-82.3903,34.6044],[-82.3626,34.6032],[-82.3693,34.5837],[-82.3453,34.5901],[-82.3218,34.5728],[-82.3053,34.5827],[-82.312,34.5959],[-82.3309,34.6111],[-82.3249,34.6173],[-82.3014,34.6156],[-82.3034,34.6246],[-82.3206,34.644],[-82.3371,34.6722],[-82.3509,34.6849],[-82.3797,34.687],[-82.3875,34.679],[-82.4008,34.6859],[-82.4423,34.6578],[-82.4613,34.6556],[-82.4632,34.6697],[-82.4799,34.6877],[-82.5169,34.6842],[-82.5367,34.6747],[-82.5318,34.6597],[-82.5552,34.6635],[-82.5369,34.6748],[-82.5707,34.6933],[-82.5813,34.6878]]]},"properties":{"ZCTA5CE20":"29669","AFFGEOID20":"860Z200US29669","GEOID20":"29669","NAME20":"29669","LSAD20":"Z5","ALAND20":159706508,"AWATER20":1825017}},
{"type":"Feature","geometry":{"type":"Polygon","coordinates":[[[-82.8231,34.6542],[-82.8376,34.6468],[-82.8553,34.6262],[-82.84,34.6233],[-82.824,34.6128],[-82.8059,34.6106],[-82.792,34.6172],[-82.7688,34.6078],[-82.7687,34.5964],[-82.7338,34.5823],[-82.7164,34.5806],[-82.7025,34.5856],[-82.6926,34.5806],[-82.6832,34.6008],[-82.695,34.6031],[-82.6909,34.6177],[-82.6648,34.6343],[-82.6561,34.6303],[-82.6433,34.6404],[-82.6373,34.6536],[-82.6174,34.6802],[-82.595,34.6948],[-82.5975,34.7047],[-82.5978,34.7051],[-82.6369,34.7048],[-82.6374,34.6968],[-82.6598,34.6775],[-82.6725,34.6851],[-82.6977,34.6816],[-82.7143,34.684],[-82.7127,34.6714],[-82.7417,34.6631],[-82.7557,34.6653],[-82.7716,34.6886],[-82.7792,34.6802],[-82.8016,34.6596],[-82.8231,34.6542]]]},"properties":{"ZCTA5CE20":"29670","AFFGEOID20":"860Z200US29670","GEOID20":"29670","NAME20":"29670","LSAD20":"Z5","ALAND20":145217386,"AWATER20":828799}},
{"type":"Feature","geometry":{"type":"Polygon","coordinates":[[[-83.0317,34.7072],[-83.0218,34.6779],[-83.0118,34.6775],[-82.9962,34.6898],[-82.9636,34.6978],[-82.9482,34.6973],[-82.9062,34.7033],[-82.8954,34.7021],[-82.8648,34.7087],[-82.8648,34.7011],[-82.8594,34.6964],[-82.8501,34.6941],[-82.8494,34.6958],[-82.8599,34.698],[-82.8603,34.7314],[-82.8741,34.7369],[-82.8959,34.7364],[-82.8835,34.7918],[-82.8966,34.8029],[-82.9116,34.7979],[-82.9411,34.8308],[-82.9564,34.8357],[-82.9799,34.8366],[-82.9799,34.8364],[-82.9701,34.8334],[-82.9697,34.8181],[-82.9863,34.8016],[-82.997,34.7851],[-82.9777,34.7611],[-82.963,34.7546],[-82.9632,34.7421],[-82.974,34.731],[-82.9831,34.7375],[-82.9943,34.7267],[-83.0136,34.7252],[-83.0134,34.7178],[-83.0317,34.7072]],[[-82.9203,34.7201],[-82.913,34.7285],[-82.9065,34.724],[-82.9203,34.7201]]]},"properties":{"ZCTA5CE20":"29672","AFFGEOID20":"860Z200US29672","GEOID20":"29672","NAME20":"29672","LSAD20":"Z5","ALAND20":101406194,"AWATER20":35976030}},
{"type":"Feature","geometry":{"type":"Polygon","coordinates":[[[-80.342,35.3895],[-80.3366,35.3846],[-80.3104,35.3834],[-80.2903,35.3763],[-80.2755,35.3819],[-80.2507,35.3992],[-80.2352,35.4036],[-80.2232,35.3894],[-80.2082,35.4063],[-80.1843,35.4055],[-80.168,35.4196],[-80.1581,35.4344],[-80.1471,35.411],[-80.1257,35.4159],[-80.1137,35.4096],[-80.1005,35.4299],[-80.0901,35.4156],[-80.0937,35.402],[-80.0839,35.3951],[-80.075,35.3951],[-80.0598,35.3811],[-80.0608,35.3907],[-80.0403,35.4329],[-80.0628,35.4436],[-80.0705,35.4665],[-80.0558,35.4879],[-80.0637,35.5057],[-80.09,35.5054],[-80.1072,35.5196],[-80.1077,35.5364],[-80.1205,35.5372],[-80.1493,35.5044],[-80.1833,35.5041],[-80.1991,35.5171],[-80.2317,35.4913],[-80.2332,35.4839],[-80.2222,35.4511],[-80.2595,35.4572],[-80.2494,35.4425],[-80.2437,35.4244],[-80.2637,35.4276],[-80.2662,35.4135],[-80.2843,35.4234],[-80.3107,35.4168],[-80.3234,35.4031],[-80.3363,35.4006],[-80.342,35.3895]]]},"properties":{"ZCTA5CE20":"28127","AFFGEOID20":"860Z200US28127","GEOID20":"28127","NAME20":"28127","LSAD20":"Z5","ALAND20":193104124,"AWATER20":25504375}},
{"type":"Feature","geometry":{"type":"Polygon","coordinates":[[[-80.2858,35.118],[-80.2786,35.111],[-80.2784,35.0916],[-80.2604,35.0986],[-80.2433,35.0855],[-80.23,35.0946],[-80.2086,35.0805],[-80.2134,35.071],[-80.2282,35.0628],[-80.2558,35.0332],[-80.2449,35.0152],[-80.2617,34.9826],[-80.2537,34.9565],[-80.267,34.9401],[-80.2627,34.906],[-80.1985,34.8923],[-80.1786,34.8915],[-80.174,34.9356],[-80.1691,34.9427],[-80.1318,34.9568],[-80.127,34.9781],[-80.1485,35.0025],[-80.1522,35.0197],[-80.1479,35.0375],[-80.1934,35.0623],[-80.197,35.0726],[-80.1809,35.0818],[-80.1931,35.0979],[-80.1793,35.0993],[-80.165,35.0898],[-80.1544,35.1106],[-80.1631,35.1218],[-80.1813,35.1255],[-80.1785,35.15],[-80.1906,35.1555],[-80.225,35.1562],[-80.2421,35.1816],[-80.24,35.1868],[-80.2531,35.2109],[-80.2635,35.2086],[-80.2768,35.1957],[-80.2858,35.118]]]},"properties":{"ZCTA5CE20":"28135","AFFGEOID20":"860Z200US28135","GEOID20":"28135","NAME20":"28135","LSAD20":"Z5","ALAND20":261497398,"AWATER20":178574}},
{"type":"Feature","geometry":{"type":"Polygon","coordinates":[[[-83.0218,34.6779],[-83.0325,34.6659],[-83.0332,34.652],[-83.0494,34.6475],[-83.0464,34.6191],[-83.0245,34.6012],[-83.0106,34.5988],[-82.9871,34.6067],[-82.9785,34.6006],[-82.9881,34.5671],[-82.9667,34.5434],[-82.9507,34.5275],[-82.9318,34.5451],[-82.9185,34.5491],[-82.9143,34.5888],[-82.8937,34.5991],[-82.8733,34.5919],[-82.8624,34.6022],[-82.84,34.6233],[-82.8553,34.6262],[-82.8376,34.6468],[-82.8231,34.6542],[-82.8368,34.6512],[-82.8445,34.6669],[-82.8535,34.6797],[-82.8501,34.6941],[-82.8594,34.6964],[-82.8648,34.7011],[-82.8648,34.7087],[-82.8954,34.7021],[-82.9062,34.7033],[-82.9482,34.6973],[-82.9636,34.6978],[-82.9962,34.6898],[-83.0118,34.6775],[-83.0218,34.6779]]]},"properties":{"ZCTA5CE20":"29678","AFFGEOID20":"860Z200US29678","GEOID20":"29678","NAME20":"29678","LSAD20":"Z5","ALAND20":206613296,"AWATER20":19563704}},
{"type":"Feature","geometry":{"type":"Polygon","coordinates":[[[-78.5217,33.9973],[-78.5349,34.0069],[-78.5341,34.0193],[-78.5592,34.0296],[-78.5726,34.0043],[-78.5614,34.0009],[-78.5592,33.9839],[-78.5403,33.9808],[-78.5387,33.998],[-78.5217,33.9973]]]},"properties":{"ZCTA5CE20":"28452","AFFGEOID20":"860Z200US28452","GEOID20":"28452","NAME20":"28452","LSAD20":"Z5","ALAND20":12970252,"AWATER20":4966}},
{"type":"Feature","geometry":{"type":"Polygon","coordinates":[[[-78.0301,34.4454],[-78.0515,34.4405],[-78.0482,34.4164],[-78.036,34.4139],[-78.0225,34.3921],[-78.0046,34.3842],[-77.9829,34.3929],[-77.9697,34.378],[-77.9518,34.3647],[-77.9288,34.3615],[-77.9185,34.3748],[-77.9006,34.378],[-77.8998,34.3671],[-77.8799,34.3663],[-77.8565,34.3803],[-77.8438,34.3809],[-77.823,34.3894],[-77.8047,34.3763],[-77.8151,34.367],[-77.8041,34.367],[-77.7757,34.3815],[-77.8138,34.3999],[-77.7984,34.4051],[-77.7817,34.4027],[-77.7628,34.3838],[-77.7534,34.3955],[-77.7523,34.4174],[-77.7762,34.4125],[-77.7936,34.4338],[-77.7676,34.4395],[-77.7533,34.4616],[-77.6933,34.5192],[-77.715,34.5248],[-77.7204,34.54],[-77.74,34.5516],[-77.7549,34.5544],[-77.753,34.5652],[-77.7662,34.5822],[-77.7949,34.5903],[-77.8183,34.581],[-77.8227,34.5666],[-77.8133,34.5516],[-77.8315,34.5344],[-77.8317,34.5105],[-77.8449,34.5025],[-77.8369,34.4862],[-77.8414,34.4624],[-77.8793,34.4592],[-77.8838,34.471],[-77.9005,34.4756],[-77.9126,34.4727],[-77.9196,34.4849],[-77.9404,34.4959],[-77.9599,34.4913],[-78.0035,34.506],[-77.9985,34.4891],[-78.0137,34.4712],[-78.0268,34.4688],[-78.0301,34.4454]]]},"properties":{"ZCTA5CE20":"28457","AFFGEOID20":"860Z200US28457","GEOID20":"28457","NAME20":"28457","LSAD20":"Z5","ALAND20":381797622,"AWATER20":4921953}},
{"type":"Feature","geometry":{"type":"Polygon","coordinates":[[[-82.5035,35.3978],[-82.4924,35.3745],[-82.4765,35.3584],[-82.4638,35.3187],[-82.4433,35.2843],[-82.4313,35.2903],[-82.4161,35.2969],[-82.4392,35.315],[-82.3752,35.3282],[-82.3609,35.3295],[-82.3259,35.3215],[-82.3141,35.3346],[-82.3053,35.3316],[-82.2615,35.3884],[-82.2613,35.3932],[-82.2701,35.4004],[-82.2772,35.4481],[-82.2902,35.4522],[-82.2841,35.4644],[-82.2894,35.4762],[-82.2772,35.4879],[-82.2937,35.508],[-82.3381,35.4981],[-82.3396,35.4934],[-82.332,35.4648],[-82.3646,35.4609],[-82.4036,35.471],[-82.408,35.4631],[-82.3919,35.4535],[-82.4156,35.4191],[-82.4363,35.4084],[-82.4572,35.4095],[-82.459,35.4],[-82.4797,35.3947],[-82.5035,35.3978]]]},"properties":{"ZCTA5CE20":"28792","AFFGEOID20":"860Z200US28792","GEOID20":"28792","NAME20":"28792","LSAD20":"Z5","ALAND20":266559769,"AWATER20":730308}},
{"type":"Feature","geometry":{"type":"Polygon","coordinates":[[[-82.2806,34.7909],[-82.2867,34.7736],[-82.2995,34.7703],[-82.2869,34.7546],[-82.2386,34.7038],[-82.2116,34.7138],[-82.1951,34.7457],[-82.1744,34.7282],[-82.154,34.7652],[-82.13,34.7692],[-82.1355,34.7782],[-82.1652,34.7965],[-82.1671,34.8066],[-82.1853,34.8014],[-82.2187,34.828],[-82.2289,34.8296],[-82.2564,34.8241],[-82.2718,34.8114],[-82.2562,34.7933],[-82.2806,34.7909]]]},"properties":{"ZCTA5CE20":"29681","AFFGEOID20":"860Z200US29681","GEOID20":"29681","NAME20":"29681","LSAD20":"Z5","ALAND20":113154187,"AWATER20":741647}},
{"type":"Feature","geometry":{"type":"Polygon","coordinates":[[[-82.4964,35.0281],[-82.4884,35.0302],[-82.4918,35.0338],[-82.4964,35.0281]]]},"properties":{"ZCTA5CE20":"29683","AFFGEOID20":"860Z200US29683","GEOID20":"29683","NAME20":"29683","LSAD20":"Z5","ALAND20":380824,"AWATER20":0}},
{"type":"Feature","geometry":{"type":"Polygon","coordinates":[[[-82.518,34.9678],[-82.5169,34.9539],[-82.4928,34.9472],[-82.4775,34.9468],[-82.4614,34.959],[-82.4356,34.9417],[-82.4173,34.9478],[-82.3806,34.9483],[-82.3663,34.9672],[-82.361,34.9821],[-82.3617,35.0058],[-82.3685,35.0113],[-82.3603,35.0349],[-82.37,35.0479],[-82.3699,35.0786],[-82.3512,35.1047],[-82.3459,35.1109],[-82.3601,35.1221],[-82.3703,35.1184],[-82.3884,35.1311],[-82.4102,35.1354],[-82.4032,35.1452],[-82.3786,35.1563],[-82.3706,35.1656],[-82.3342,35.1729],[-82.3101,35.1838],[-82.2927,35.1964],[-82.3135,35.1914],[-82.3233,35.1848],[-82.3446,35.1931],[-82.3615,35.1908],[-82.3713,35.1814],[-82.3902,35.2152],[-82.4033,35.2045],[-82.4197,35.1986],[-82.4319,35.1727],[-82.4519,35.1731],[-82.4741,35.1616],[-82.465,35.1499],[-82.4636,35.1333],[-82.4552,35.1114],[-82.4652,35.0961],[-82.4607,35.0828],[-82.474,35.0634],[-82.4626,35.055],[-82.4679,35.0338],[-82.4812,35.0296],[-82.495,35.0168],[-82.4881,35.0115],[-82.5138,34.9991],[-82.5109,34.9741],[-82.518,34.9678]]]},"properties":{"ZCTA5CE20":"29690","AFFGEOID20":"860Z200US29690","GEOID20":"29690","NAME20":"29690","LSAD20":"Z5","ALAND20":272450901,"AWATER20":4220513}},
{"type":"Feature","geometry":{"type":"Polygon","coordinates":[[[-77.8461,35.0251],[-77.8446,35.0097],[-77.8625,34.9801],[-77.8446,34.9706],[-77.8432,34.9574],[-77.8222,34.9656],[-77.806,34.9598],[-77.7982,34.9728],[-77.7828,34.9664],[-77.7865,34.9502],[-77.7457,34.9461],[-77.7225,34.9323],[-77.717,34.9424],[-77.6885,34.9448],[-77.6796,34.9495],[-77.6779,34.9686],[-77.6651,34.9721],[-77.6668,34.9868],[-77.6533,35.0041],[-77.6368,35.0121],[-77.6343,35.0264],[-77.6095,35.0238],[-77.604,35.0184],[-77.5918,35.0275],[-77.5831,35.0508],[-77.5675,35.0516],[-77.5675,35.0612],[-77.5978,35.0751],[-77.6165,35.081],[-77.6223,35.0915],[-77.6382,35.098],[-77.6423,35.0887],[-77.6707,35.0863],[-77.6823,35.0917],[-77.6928,35.0714],[-77.7204,35.0806],[-77.7137,35.0947],[-77.7208,35.1067],[-77.7399,35.1047],[-77.749,35.0958],[-77.7484,35.0804],[-77.7682,35.088],[-77.7863,35.0776],[-77.7876,35.0698],[-77.838,35.0528],[-77.8461,35.0251]]]},"properties":{"ZCTA5CE20":"28572","AFFGEOID20":"860Z200US28572","GEOID20":"28572","NAME20":"28572","LSAD20":"Z5","ALAND20":285636307,"AWATER20":1214287}},
{"type":"Feature","geometry":{"type":"Polygon","coordinates":[[[-76.8909,34.6912],[-76.8899,34.6854],[-76.8658,34.6885],[-76.8812,34.6899],[-76.8909,34.6912]]]},"properties":{"ZCTA5CE20":"28575","AFFGEOID20":"860Z200US28575","GEOID20":"28575","NAME20":"28575","LSAD20":"Z5","ALAND20":618745,"AWATER20":0}},
{"type":"Feature","geometry":{"type":"Polygon","coordinates":[[[-76.6571,35.1704],[-76.6595,35.2003],[-76.6832,35.1814],[-76.6633,35.1682],[-76.6571,35.1704]]]},"properties":{"ZCTA5CE20":"28587","AFFGEOID20":"860Z200US28587","GEOID20":"28587","NAME20":"28587","LSAD20":"Z5","ALAND20":5259519,"AWATER20":1844345}},
{"type":"Feature","geometry":{"type":"Polygon","coordinates":[[[-76.4813,34.8065],[-76.5064,34.7949],[-76.4964,34.7774],[-76.4794,34.7989],[-76.4813,34.8065]]]},"properties":{"ZCTA5CE20":"28589","AFFGEOID20":"860Z200US28589","GEOID20":"28589","NAME20":"28589","LSAD20":"Z5","ALAND20":1779464,"AWATER20":1856700}},
{"type":"Feature","geometry":{"type":"Polygon","coordinates":[[[-81.6888,35.3097],[-81.6824,35.2847],[-81.6881,35.2697],[-81.7129,35.2475],[-81.7099,35.2393],[-81.6937,35.2339],[-81.7007,35.2198],[-81.678,35.2056],[-81.6398,35.195],[-81.6275,35.1811],[-81.6102,35.1743],[-81.6095,35.1743],[-81.5444,35.1717],[-81.5381,35.1786],[-81.5319,35.2029],[-81.5321,35.2181],[-81.5163,35.2325],[-81.5067,35.2204],[-81.4868,35.2273],[-81.4888,35.2445],[-81.4673,35.2456],[-81.4564,35.2595],[-81.4577,35.2713],[-81.4739,35.2896],[-81.4896,35.2932],[-81.4945,35.2777],[-81.5148,35.2734],[-81.5553,35.2829],[-81.568,35.2943],[-81.6063,35.2934],[-81.6198,35.2975],[-81.676,35.2968],[-81.6888,35.3097]],[[-81.6757,35.2452],[-81.6744,35.2494],[-81.6698,35.2488],[-81.6661,35.2454],[-81.6757,35.2452]]]},"properties":{"ZCTA5CE20":"28152","AFFGEOID20":"860Z200US28152","GEOID20":"28152","NAME20":"28152","LSAD20":"Z5","ALAND20":205902528,"AWATER20":1076626}},
{"type":"Feature","geometry":{"type":"Polygon","coordinates":[[[-80.453,35.6858],[-80.4473,35.6781],[-80.4239,35.6911],[-80.4178,35.702],[-80.4313,35.7091],[-80.4441,35.701],[-80.453,35.6858]]]},"properties":{"ZCTA5CE20":"28159","AFFGEOID20":"860Z200US28159","GEOID20":"28159","NAME20":"28159","LSAD20":"Z5","ALAND20":5788057,"AWATER20":0}},
{"type":"Feature","geometry":{"type":"Polygon","coordinates":[[[-78.5793,36.4456],[-78.5647,36.4401],[-78.5591,36.4475],[-78.5734,36.4551],[-78.5793,36.4456]]]},"properties":{"ZCTA5CE20":"27582","AFFGEOID20":"860Z200US27582","GEOID20":"27582","NAME20":"27582","LSAD20":"Z5","ALAND20":2627348,"AWATER20":0}},
{"type":"Feature","geometry":{"type":"Polygon","coordinates":[[[-80.9568,33.1593],[-80.944,33.1475],[-80.9146,33.1438],[-80.9006,33.1481],[-80.8954,33.1253],[-80.7908,33.1812],[-80.772,33.1716],[-80.7535,33.1742],[-80.7374,33.1704],[-80.7061,33.1545],[-80.6945,33.1408],[-80.6946,33.1614],[-80.7021,33.1887],[-80.7289,33.1814],[-80.7419,33.1861],[-80.7533,33.2007],[-80.7122,33.2226],[-80.7204,33.234],[-80.695,33.2319],[-80.6931,33.2447],[-80.6978,33.2652],[-80.7185,33.2916],[-80.7123,33.3008],[-80.7231,33.2973],[-80.7372,33.3169],[-80.756,33.3103],[-80.7861,33.318],[-80.8045,33.3105],[-80.8112,33.3162],[-80.8014,33.3303],[-80.827,33.3308],[-80.844,33.3357],[-80.8607,33.3094],[-80.8609,33.2792],[-80.885,33.2924],[-80.8822,33.2744],[-80.8871,33.2642],[-80.8937,33.2544],[-80.8688,33.2372],[-80.9055,33.2255],[-80.9131,33.2312],[-80.9308,33.2066],[-80.9125,33.192],[-80.9298,33.1754],[-80.9423,33.1736],[-80.9568,33.1593]]]},"properties":{"ZCTA5CE20":"29432","AFFGEOID20":"860Z200US29432","GEOID20":"29432","NAME20":"29432","LSAD20":"Z5","ALAND20":311332956,"AWATER20":593911}},
{"type":"Feature","geometry":{"type":"Polygon","coordinates":[[[-78.472,35.8716],[-78.479,35.8554],[-78.4706,35.8374],[-78.4469,35.839],[-78.4518,35.8201],[-78.4326,35.8195],[-78.4223,35.8068],[-78.4388,35.7887],[-78.4365,35.7671],[-78.4286,35.7545],[-78.447,35.7469],[-78.4424,35.7328],[-78.4319,35.7206],[-78.4225,35.7192],[-78.3935,35.7294],[-78.3712,35.723],[-78.3734,35.6964],[-78.3538,35.683],[-78.3416,35.6905],[-78.3226,35.7127],[-78.3256,35.7314],[-78.2976,35.7328],[-78.3075,35.7435],[-78.3069,35.772],[-78.2963,35.7824],[-78.312,35.7911],[-78.3362,35.7907],[-78.3469,35.8064],[-78.3745,35.8053],[-78.3745,35.8272],[-78.3802,35.8409],[-78.3664,35.8571],[-78.3755,35.8818],[-78.3991,35.8824],[-78.4126,35.8702],[-78.4498,35.8693],[-78.472,35.8716]]]},"properties":{"ZCTA5CE20":"27591","AFFGEOID20":"860Z200US27591","GEOID20":"27591","NAME20":"27591","LSAD20":"Z5","ALAND20":172583766,"AWATER20":904511}},
{"type":"Feature","geometry":{"type":"Polygon","coordinates":[[[-78.696,35.6125],[-78.7251,35.6144],[-78.7367,35.5985],[-78.7405,35.5829],[-78.7219,35.5686],[-78.7366,35.5403],[-78.747,35.5384],[-78.7257,35.5237],[-78.6904,35.5158],[-78.6939,35.5267],[-78.6758,35.5353],[-78.6469,35.5186],[-78.6405,35.5313],[-78.5894,35.5281],[-78.5642,35.5341],[-78.5598,35.552],[-78.5905,35.571],[-78.6073,35.5648],[-78.6324,35.5654],[-78.6451,35.5705],[-78.654,35.5853],[-78.678,35.5955],[-78.6801,35.6075],[-78.696,35.6125]]]},"properties":{"ZCTA5CE20":"27592","AFFGEOID20":"860Z200US27592","GEOID20":"27592","NAME20":"27592","LSAD20":"Z5","ALAND20":101615424,"AWATER20":440266}},
{"type":"Feature","geometry":{"type":"Polygon","coordinates":[[[-80.8505,35.241],[-80.8286,35.2249],[-80.8249,35.2279],[-80.8117,35.2472],[-80.7911,35.2515],[-80.7935,35.2787],[-80.8467,35.2726],[-80.8406,35.2598],[-80.8505,35.241]]]},"properties":{"ZCTA5CE20":"28206","AFFGEOID20":"860Z200US28206","GEOID20":"28206","NAME20":"28206","LSAD20":"Z5","ALAND20":18073338,"AWATER20":2754}},
{"type":"Feature","geometry":{"type":"Polygon","coordinates":[[[-80.4857,34.7176],[-80.4822,34.7046],[-80.4608,34.677],[-80.4318,34.66],[-80.4379,34.6272],[-80.427,34.6076],[-80.4434,34.6013],[-80.4453,34.572],[-80.432,34.5844],[-80.4057,34.576],[-80.3788,34.5705],[-80.3795,34.5571],[-80.3568,34.5336],[-80.3396,34.5425],[-80.3102,34.5522],[-80.2671,34.5603],[-80.2557,34.5754],[-80.2365,34.5733],[-80.2276,34.5869],[-80.1901,34.623],[-80.2229,34.6306],[-80.2379,34.6427],[-80.2561,34.6403],[-80.2707,34.6331],[-80.2851,34.6155],[-80.302,34.6164],[-80.3103,34.6332],[-80.3058,34.6446],[-80.314,34.6604],[-80.3094,34.669],[-80.325,34.6824],[-80.3412,34.704],[-80.3698,34.709],[-80.3851,34.7032],[-80.392,34.7185],[-80.4099,34.7155],[-80.4179,34.7308],[-80.4309,34.7233],[-80.4335,34.7046],[-80.4449,34.701],[-80.4507,34.7253],[-80.4635,34.7293],[-80.4857,34.7176]]]},"properties":{"ZCTA5CE20":"29718","AFFGEOID20":"860Z200US29718","GEOID20":"29718","NAME20":"29718","LSAD20":"Z5","ALAND20":268321776,"AWATER20":972804}},
{"type":"Feature","geometry":{"type":"Polygon","coordinates":[[[-78.5636,36.0772],[-78.5571,36.0639],[-78.5465,36.0633],[-78.5576,36.0258],[-78.5191,36.0243],[-78.5127,36.0183],[-78.4912,36.0198],[-78.4867,35.9999],[-78.4468,35.9811],[-78.443,35.9654],[-78.4221,35.9695],[-78.4063,35.9602],[-78.3909,35.944],[-78.3899,35.9201],[-78.3562,35.9236],[-78.3515,35.9497],[-78.3332,35.9516],[-78.348,35.9673],[-78.3559,35.9998],[-78.3605,36.0043],[-78.4011,36.0039],[-78.4084,36.0213],[-78.4233,36.0347],[-78.436,36.0377],[-78.4463,36.058],[-78.4317,36.0601],[-78.4462,36.0757],[-78.4631,36.0792],[-78.4694,36.0703],[-78.5275,36.0734],[-78.5529,36.0714],[-78.5636,36.0772]]]},"properties":{"ZCTA5CE20":"27596","AFFGEOID20":"860Z200US27596","GEOID20":"27596","NAME20":"27596","LSAD20":"Z5","ALAND20":136798375,"AWATER20":812363}},
{"type":"Feature","geometry":{"type":"Polygon","coordinates":[[[-78.3899,35.9201],[-78.4221,35.9152],[-78.4176,35.9002],[-78.4485,35.8828],[-78.4498,35.8693],[-78.4126,35.8702],[-78.3991,35.8824],[-78.3755,35.8818],[-78.3664,35.8571],[-78.3802,35.8409],[-78.3745,35.8272],[-78.3745,35.8053],[-78.3469,35.8064],[-78.3362,35.7907],[-78.312,35.7911],[-78.2963,35.7824],[-78.3069,35.772],[-78.3075,35.7435],[-78.2976,35.7328],[-78.3256,35.7314],[-78.3226,35.7127],[-78.3416,35.6905],[-78.3387,35.6859],[-78.3203,35.6859],[-78.3014,35.6775],[-78.2734,35.6772],[-78.2599,35.6679],[-78.2584,35.6819],[-78.2718,35.7049],[-78.2785,35.7343],[-78.2566,35.7399],[-78.259,35.7532],[-78.2449,35.7532],[-78.2425,35.7675],[-78.2484,35.7793],[-78.2331,35.788],[-78.2142,35.8102],[-78.2133,35.8251],[-78.2054,35.8366],[-78.2147,35.8442],[-78.2397,35.8429],[-78.2292,35.8626],[-78.222,35.8632],[-78.2227,35.879],[-78.2354,35.8971],[-78.2187,35.9113],[-78.2184,35.9316],[-78.2119,35.9355],[-78.247,35.9491],[-78.26,35.9305],[-78.2861,35.9475],[-78.2967,35.9338],[-78.3192,35.9394],[-78.3332,35.9516],[-78.3515,35.9497],[-78.3562,35.9236],[-78.3899,35.9201]]]},"properties":{"ZCTA5CE20":"27597","AFFGEOID20":"860Z200US27597","GEOID20":"27597","NAME20":"27597","LSAD20":"Z5","ALAND20":306832183,"AWATER20":2177040}},
{"type":"Feature","geometry":{"type":"Polygon","coordinates":[[[-81.6911,35.5846],[-81.6706,35.5666],[-81.6484,35.5617],[-81.6347,35.5654],[-81.5797,35.5675],[-81.5714,35.5586],[-81.5494,35.5704],[-81.5405,35.5822],[-81.523,35.5875],[-81.5113,35.5847],[-81.5164,35.5938],[-81.4914,35.6044],[-81.4849,35.6376],[-81.5056,35.6445],[-81.4966,35.6619],[-81.4949,35.6794],[-81.4703,35.6833],[-81.4609,35.6895],[-81.4783,35.7046],[-81.4691,35.7155],[-81.4732,35.7175],[-81.4724,35.7215],[-81.4678,35.7196],[-81.4385,35.7102],[-81.4219,35.7308],[-81.4224,35.7386],[-81.4377,35.7535],[-81.4502,35.7852],[-81.4903,35.7805],[-81.5339,35.7797],[-81.5439,35.7735],[-81.5488,35.7595],[-81.5329,35.7492],[-81.5215,35.7544],[-81.522,35.7458],[-81.5278,35.7449],[-81.5263,35.7388],[-81.5452,35.7286],[-81.5376,35.7083],[-81.5503,35.69],[-81.5362,35.6735],[-81.5399,35.6584],[-81.5499,35.6522],[-81.559,35.6308],[-81.5971,35.6213],[-81.603,35.6134],[-81.6207,35.6067],[-81.6396,35.6204],[-81.6911,35.5846]]]},"properties":{"ZCTA5CE20":"28612","AFFGEOID20":"860Z200US28612","GEOID20":"28612","NAME20":"28612","LSAD20":"Z5","ALAND20":207220173,"AWATER20":2056905}},
{"type":"Feature","geometry":{"type":"Polygon","coordinates":[[[-81.9374,36.0242],[-81.9351,36.018],[-81.9232,36.0195],[-81.9268,36.0266],[-81.9374,36.0242]]]},"properties":{"ZCTA5CE20":"28616","AFFGEOID20":"860Z200US28616","GEOID20":"28616","NAME20":"28616","LSAD20":"Z5","ALAND20":1369539,"AWATER20":0}},
{"type":"Feature","geometry":{"type":"Polygon","coordinates":[[[-80.8442,35.2247],[-80.8431,35.2237],[-80.842,35.2245],[-80.8431,35.2255],[-80.8442,35.2247]]]},"properties":{"ZCTA5CE20":"28244","AFFGEOID20":"860Z200US28244","GEOID20":"28244","NAME20":"28244","LSAD20":"Z5","ALAND20":19679,"AWATER20":0}},
{"type":"Feature","geometry":{"type":"Polygon","coordinates":[[[-81.6133,35.7605],[-81.6082,35.7536],[-81.5985,35.7605],[-81.6039,35.7661],[-81.6133,35.7605]]]},"properties":{"ZCTA5CE20":"28619","AFFGEOID20":"860Z200US28619","GEOID20":"28619","NAME20":"28619","LSAD20":"Z5","ALAND20":1222440,"AWATER20":0}},
{"type":"Feature","geometry":{"type":"Polygon","coordinates":[[[-80.9721,36.3464],[-80.9686,36.3391],[-80.9773,36.3244],[-80.9826,36.2999],[-80.9602,36.3059],[-80.9566,36.2879],[-80.9452,36.2842],[-80.936,36.2683],[-80.9038,36.2686],[-80.8942,36.2483],[-80.8795,36.2456],[-80.8732,36.2363],[-80.8501,36.2408],[-80.8084,36.2543],[-80.7972,36.248],[-80.7784,36.2569],[-80.7787,36.2718],[-80.7687,36.275],[-80.7523,36.2633],[-80.7418,36.2778],[-80.7225,36.2697],[-80.7395,36.2845],[-80.731,36.2903],[-80.7188,36.3103],[-80.7262,36.3184],[-80.7437,36.3225],[-80.7361,36.338],[-80.7428,36.3599],[-80.7656,36.3612],[-80.7832,36.3551],[-80.7897,36.3718],[-80.7686,36.3737],[-80.76,36.3847],[-80.7686,36.3916],[-80.7993,36.3867],[-80.8045,36.3991],[-80.8234,36.4019],[-80.8406,36.397],[-80.8406,36.3753],[-80.8181,36.3704],[-80.8305,36.3546],[-80.8151,36.3317],[-80.8193,36.3243],[-80.7964,36.3018],[-80.7974,36.2913],[-80.842,36.2804],[-80.8603,36.2887],[-80.8708,36.2992],[-80.8896,36.292],[-80.9012,36.3024],[-80.9063,36.3195],[-80.9166,36.3254],[-80.9192,36.3374],[-80.9374,36.3413],[-80.9491,36.338],[-80.9721,36.3464]]]},"properties":{"ZCTA5CE20":"28621","AFFGEOID20":"860Z200US28621","GEOID20":"28621","NAME20":"28621","LSAD20":"Z5","ALAND20":175411130,"AWATER20":1353121}},
{"type":"Feature","geometry":{"type":"Polygon","coordinates":[[[-81.7939,35.7233],[-81.7895,35.7219],[-81.7816,35.7273],[-81.7708,35.7291],[-81.7666,35.7332],[-81.7826,35.7336],[-81.7826,35.7273],[-81.7939,35.7233]]]},"properties":{"ZCTA5CE20":"28628","AFFGEOID20":"860Z200US28628","GEOID20":"28628","NAME20":"28628","LSAD20":"Z5","ALAND20":731314,"AWATER20":0}},
{"type":"Feature","geometry":{"type":"Polygon","coordinates":[[[-80.8069,36.0305],[-80.8279,36.0278],[-80.8386,36.0374],[-80.8533,36.0367],[-80.8645,36.0234],[-80.8592,36.0136],[-80.8496,36.0012],[-80.8389,36.001],[-80.837,35.9824],[-80.813,35.9819],[-80.8059,35.9542],[-80.7897,35.9253],[-80.8075,35.9091],[-80.7904,35.8956],[-80.7821,35.8812],[-80.764,35.8989],[-80.7528,35.903],[-80.7482,35.9153],[-80.7208,35.9184],[-80.7038,35.9076],[-80.7056,35.8835],[-80.6913,35.9025],[-80.672,35.9162],[-80.6866,35.9346],[-80.679,35.9656],[-80.6988,35.9757],[-80.6973,35.9962],[-80.7159,36.0103],[-80.6954,36.0212],[-80.6947,36.031],[-80.7173,36.0389],[-80.7168,36.058],[-80.7289,36.0612],[-80.7445,36.0525],[-80.756,36.0192],[-80.7664,36.0061],[-80.7804,35.9994],[-80.8061,35.9991],[-80.8069,36.0305]]]},"properties":{"ZCTA5CE20":"28634","AFFGEOID20":"860Z200US28634","GEOID20":"28634","NAME20":"28634","LSAD20":"Z5","ALAND20":161023880,"AWATER20":1145716}},
{"type":"Feature","geometry":{"type":"Polygon","coordinates":[[[-80.8431,35.2255],[-80.842,35.2262],[-80.8431,35.2272],[-80.8442,35.2264],[-80.8431,35.2255]]]},"properties":{"ZCTA5CE20":"28280","AFFGEOID20":"860Z200US28280","GEOID20":"28280","NAME20":"28280","LSAD20":"Z5","ALAND20":19577,"AWATER20":0}},
{"type":"Feature","geometry":{"type":"Polygon","coordinates":[[[-81.8321,33.3822],[-81.8419,33.3696],[-81.8206,33.3467],[-81.8086,33.3478],[-81.7952,33.3658],[-81.7734,33.3661],[-81.7584,33.3801],[-81.7454,33.3741],[-81.7302,33.3785],[-81.7238,33.3891],[-81.707,33.3798],[-81.6846,33.3909],[-81.6886,33.4008],[-81.7027,33.4031],[-81.712,33.4149],[-81.713,33.4264],[-81.6899,33.4339],[-81.6688,33.4344],[-81.6676,33.4067],[-81.6824,33.3908],[-81.6441,33.4035],[-81.6062,33.4035],[-81.6083,33.4189],[-81.6029,33.443],[-81.5549,33.4561],[-81.5532,33.4923],[-81.564,33.4913],[-81.5685,33.5127],[-81.6363,33.5281],[-81.6744,33.5436],[-81.7027,33.5306],[-81.7054,33.5403],[-81.7327,33.5372],[-81.7336,33.5577],[-81.7783,33.5549],[-81.7677,33.5304],[-81.7907,33.4673],[-81.8007,33.4446],[-81.8203,33.4249],[-81.8208,33.4149],[-81.8099,33.3994],[-81.8132,33.3897],[-81.8321,33.3822]]]},"properties":{"ZCTA5CE20":"29803","AFFGEOID20":"860Z200US29803","GEOID20":"29803","NAME20":"29803","LSAD20":"Z5","ALAND20":330299552,"AWATER20":1636981}},
{"type":"Feature","geometry":{"type":"Polygon","coordinates":[[[-80.1716,32.7079],[-80.1552,32.7068],[-80.1389,32.7114],[-80.1258,32.7055],[-80.0988,32.7173],[-80.0855,32.7132],[-80.0755,32.7002],[-80.0949,32.6838],[-80.1326,32.6661],[-80.1572,32.6445],[-80.1661,32.6308],[-80.1658,32.614],[-80.1778,32.5947],[-80.1921,32.5989],[-80.2068,32.5837],[-80.176,32.5592],[-80.1637,32.5618],[-80.1488,32.5781],[-80.1214,32.5905],[-80.077,32.6033],[-80.0373,32.6102],[-80.0105,32.6089],[-79.9982,32.6125],[-79.9892,32.6252],[-79.9947,32.6327],[-80.0151,32.6375],[-80.0175,32.6437],[-80.0005,32.6675],[-80.0038,32.6845],[-79.9881,32.6962],[-79.9874,32.7154],[-80.0094,32.7287],[-80.01,32.7528],[-80.004,32.7658],[-80.0353,32.7719],[-80.0538,32.7787],[-80.0706,32.7709],[-80.0986,32.7871],[-80.0951,32.7956],[-80.1093,32.81],[-80.1207,32.8119],[-80.1272,32.827],[-80.1421,32.8309],[-80.155,32.8257],[-80.1472,32.8185],[-80.1304,32.7866],[-80.1314,32.7606],[-80.1406,32.7471],[-80.1629,32.7479],[-80.172,32.7345],[-80.1643,32.7201],[-80.1716,32.7079]]]},"properties":{"ZCTA5CE20":"29455","AFFGEOID20":"860Z200US29455","GEOID20":"29455","NAME20":"29455","LSAD20":"Z5","ALAND20":259626243,"AWATER20":25715806}},
{"type":"Feature","geometry":{"type":"Polygon","coordinates":[[[-81.4839,36.4586],[-81.4821,36.4408],[-81.4922,36.425],[-81.4881,36.4146],[-81.4709,36.4075],[-81.4568,36.3941],[-81.4317,36.3772],[-81.4138,36.3788],[-81.4026,36.3641],[-81.4027,36.3469],[-81.3752,36.3441],[-81.3712,36.3594],[-81.349,36.3591],[-81.3326,36.3704],[-81.3512,36.3723],[-81.3449,36.3924],[-81.3291,36.3995],[-81.3241,36.4185],[-81.3288,36.427],[-81.3619,36.435],[-81.3827,36.4138],[-81.4015,36.4306],[-81.4397,36.4371],[-81.4432,36.4484],[-81.4363,36.4608],[-81.4585,36.4498],[-81.4721,36.4613],[-81.4839,36.4586]]]},"properties":{"ZCTA5CE20":"28640","AFFGEOID20":"860Z200US28640","GEOID20":"28640","NAME20":"28640","LSAD20":"Z5","ALAND20":95981460,"AWATER20":1252523}},
{"type":"Feature","geometry":{"type":"Polygon","coordinates":[[[-81.6498,36.5877],[-81.6593,36.581],[-81.6421,36.5635],[-81.6472,36.5442],[-81.6414,36.5227],[-81.6005,36.5035],[-81.5799,36.5034],[-81.5527,36.4901],[-81.5367,36.4872],[-81.5258,36.4918],[-81.4989,36.4769],[-81.4927,36.4588],[-81.4839,36.4586],[-81.4721,36.4613],[-81.4585,36.4498],[-81.4363,36.4608],[-81.425,36.4575],[-81.4189,36.4703],[-81.4374,36.4813],[-81.4351,36.499],[-81.426,36.5095],[-81.4359,36.521],[-81.452,36.5234],[-81.4646,36.5479],[-81.4773,36.5649],[-81.4734,36.5785],[-81.5228,36.5807],[-81.6009,36.587],[-81.6498,36.5877]]]},"properties":{"ZCTA5CE20":"28643","AFFGEOID20":"860Z200US28643","GEOID20":"28643","NAME20":"28643","LSAD20":"Z5","ALAND20":181201750,"AWATER20":889167}},
{"type":"Feature","geometry":{"type":"Polygon","coordinates":[[[-80.1692,34.536],[-80.1815,34.513],[-80.1712,34.499],[-80.1711,34.4691],[-80.1505,34.4512],[-80.1542,34.4361],[-80.2022,34.4113],[-80.1976,34.3924],[-80.204,34.3815],[-80.2159,34.3795],[-80.2024,34.3462],[-80.193,34.3628],[-80.1768,34.3606],[-80.177,34.3323],[-80.1943,34.332],[-80.1856,34.3104],[-80.1762,34.3113],[-80.1725,34.2907],[-80.137,34.2718],[-80.1513,34.2632],[-80.1233,34.2745],[-80.111,34.2862],[-80.1173,34.2881],[-80.1127,34.2923],[-80.11,34.287],[-80.0859,34.2999],[-80.0765,34.2887],[-80.0857,34.279],[-80.0735,34.2517],[-80.0461,34.2403],[-80.0278,34.238],[-80.0131,34.2445],[-80.0132,34.2608],[-79.9968,34.2628],[-79.9911,34.2752],[-79.9568,34.2915],[-79.9586,34.3139],[-79.9684,34.3302],[-79.953,34.3322],[-79.9545,34.3458],[-79.9709,34.3444],[-79.9731,34.3687],[-79.9799,34.3824],[-79.9589,34.4006],[-79.9829,34.4035],[-79.9667,34.4151],[-79.9408,34.4067],[-79.9445,34.4319],[-79.9519,34.434],[-79.987,34.4641],[-79.9701,34.4693],[-79.9565,34.4747],[-79.9567,34.4867],[-79.9654,34.4877],[-79.9815,34.5016],[-80.0288,34.4864],[-80.0577,34.5006],[-80.0582,34.5199],[-80.0465,34.5394],[-80.0746,34.5397],[-80.0803,34.5338],[-80.1126,34.5499],[-80.1226,34.5426],[-80.1121,34.5289],[-80.1319,34.5247],[-80.128,34.5472],[-80.1593,34.5334],[-80.1692,34.536]]]},"properties":{"ZCTA5CE20":"29550","AFFGEOID20":"860Z200US29550","GEOID20":"29550","NAME20":"29550","LSAD20":"Z5","ALAND20":539220195,"AWATER20":9314613}},
{"type":"Feature","geometry":{"type":"Polygon","coordinates":[[[-79.9355,33.7821],[-79.964,33.7717],[-79.9601,33.7574],[-79.9744,33.7216],[-79.9457,33.7224],[-79.9315,33.7291],[-79.9185,33.7233],[-79.9085,33.7071],[-79.8903,33.7022],[-79.8925,33.6886],[-79.8557,33.6648],[-79.8734,33.6576],[-79.8856,33.6665],[-79.8781,33.6554],[-79.8417,33.6539],[-79.8425,33.6335],[-79.8847,33.6275],[-79.852,33.615],[-79.8402,33.6024],[-79.8255,33.5978],[-79.8138,33.5825],[-79.7741,33.5935],[-79.7548,33.5798],[-79.7369,33.5752],[-79.7291,33.563],[-79.7229,33.5594],[-79.6849,33.5552],[-79.6809,33.5738],[-79.6692,33.5822],[-79.6586,33.5795],[-79.663,33.566],[-79.6454,33.5649],[-79.6424,33.573],[-79.6253,33.5702],[-79.6211,33.5843],[-79.6136,33.5888],[-79.6185,33.619],[-79.6308,33.6314],[-79.6209,33.6414],[-79.5869,33.6321],[-79.6254,33.682],[-79.6704,33.6776],[-79.6619,33.689],[-79.6599,33.7067],[-79.677,33.7045],[-79.6765,33.717],[-79.6642,33.7351],[-79.6695,33.7425],[-79.6964,33.7438],[-79.6959,33.7681],[-79.7219,33.7632],[-79.7548,33.7359],[-79.7741,33.7294],[-79.7985,33.7289],[-79.8078,33.7345],[-79.8056,33.7497],[-79.8226,33.7584],[-79.8266,33.7414],[-79.8491,33.7405],[-79.8471,33.7495],[-79.8879,33.743],[-79.9031,33.7443],[-79.903,33.7588],[-79.8952,33.7796],[-79.9059,33.787],[-79.9355,33.7821]]]},"properties":{"ZCTA5CE20":"29556","AFFGEOID20":"860Z200US29556","GEOID20":"29556","NAME20":"29556","LSAD20":"Z5","ALAND20":447697085,"AWATER20":362066}},
{"type":"Feature","geometry":{"type":"Polygon","coordinates":[[[-82.1445,33.7948],[-82.1211,33.785],[-82.1101,33.7707],[-82.1012,33.7442],[-82.0899,33.7162],[-82.1,33.7103],[-82.1071,33.6933],[-82.1155,33.6872],[-82.1197,33.6673],[-82.0946,33.6331],[-82.072,33.6445],[-82.0528,33.6615],[-82.0302,33.6729],[-82.0214,33.6703],[-82.0029,33.6775],[-81.9865,33.6727],[-81.9842,33.6829],[-81.9663,33.6828],[-81.9448,33.6988],[-81.9336,33.6936],[-81.9309,33.7054],[-81.9394,33.7155],[-81.9169,33.7377],[-81.9081,33.7572],[-81.8877,33.7569],[-81.8668,33.7734],[-81.8882,33.7879],[-81.8885,33.7972],[-81.8615,33.8065],[-81.8678,33.8234],[-81.879,33.8279],[-81.8866,33.8412],[-81.898,33.8431],[-81.9081,33.8607],[-81.9194,33.8653],[-81.9156,33.8783],[-81.8792,33.8844],[-81.8697,33.8888],[-81.8731,33.9018],[-81.8821,33.9317],[-81.8835,33.9605],[-81.8747,33.9712],[-81.887,33.9811],[-81.922,34.0007],[-81.9394,33.9917],[-81.932,33.9769],[-81.9987,33.9642],[-82.0861,33.9447],[-82.0777,33.9227],[-82.045,33.9253],[-82.0347,33.9046],[-82.0477,33.8885],[-82.0648,33.8849],[-82.0603,33.8666],[-82.0848,33.849],[-82.1021,33.8461],[-82.1163,33.8279],[-82.1235,33.8278],[-82.1445,33.7948]]]},"properties":{"ZCTA5CE20":"29824","AFFGEOID20":"860Z200US29824","GEOID20":"29824","NAME20":"29824","LSAD20":"Z5","ALAND20":606749730,"AWATER20":3124976}},
{"type":"Feature","geometry":{"type":"Polygon","coordinates":[[[-81.8376,33.5226],[-81.8383,33.5192],[-81.83,33.5156],[-81.8163,33.5233],[-81.8282,33.5313],[-81.8376,33.5226]]]},"properties":{"ZCTA5CE20":"29828","AFFGEOID20":"860Z200US29828","GEOID20":"29828","NAME20":"29828","LSAD20":"Z5","ALAND20":1691807,"AWATER20":23956}},
{"type":"Feature","geometry":{"type":"Polygon","coordinates":[[[-79.5559,35.1819],[-79.5395,35.1622],[-79.5471,35.1531],[-79.5421,35.1385],[-79.5419,35.1179],[-79.537,35.1066],[-79.5164,35.0916],[-79.5152,35.1067],[-79.4973,35.1273],[-79.4634,35.1168],[-79.4532,35.1034],[-79.4619,35.0782],[-79.4567,35.0679],[-79.4732,35.0506],[-79.4588,35.0436],[-79.4495,35.0271],[-79.4285,35.0161],[-79.4225,35.048],[-79.4035,35.0484],[-79.3864,35.0543],[-79.3399,35.077],[-79.3412,35.127],[-79.3744,35.124],[-79.4027,35.1314],[-79.4017,35.1457],[-79.4111,35.1569],[-79.4289,35.1578],[-79.4651,35.1566],[-79.4665,35.1668],[-79.4785,35.1717],[-79.496,35.1638],[-79.5081,35.189],[-79.5282,35.1993],[-79.5432,35.1971],[-79.5424,35.1863],[-79.5559,35.1819]]]},"properties":{"ZCTA5CE20":"28315","AFFGEOID20":"860Z200US28315","GEOID20":"28315","NAME20":"28315","LSAD20":"Z5","ALAND20":168299024,"AWATER20":843200}},
{"type":"Feature","geometry":{"type":"Polygon","coordinates":[[[-81.8731,33.9018],[-81.8697,33.8888],[-81.8792,33.8844],[-81.9156,33.8783],[-81.9194,33.8653],[-81.9081,33.8607],[-81.898,33.8431],[-81.8866,33.8412],[-81.879,33.8279],[-81.8678,33.8234],[-81.8615,33.8065],[-81.8885,33.7972],[-81.8882,33.7879],[-81.8668,33.7734],[-81.8396,33.7634],[-81.8207,33.7748],[-81.8084,33.7713],[-81.8037,33.7459],[-81.797,33.7399],[-81.7793,33.7614],[-81.7586,33.753],[-81.7356,33.7575],[-81.7302,33.753],[-81.6899,33.7824],[-81.7015,33.7917],[-81.7266,33.7928],[-81.7397,33.8115],[-81.732,33.8348],[-81.7396,33.8552],[-81.7672,33.8603],[-81.7553,33.8727],[-81.7601,33.883],[-81.7435,33.8995],[-81.744,33.9138],[-81.7649,33.933],[-81.7795,33.9212],[-81.7945,33.9183],[-81.8074,33.9243],[-81.7968,33.9397],[-81.811,33.9483],[-81.8055,33.9561],[-81.8185,33.9661],[-81.833,33.9279],[-81.8357,33.9134],[-81.8627,33.9099],[-81.8731,33.9018]]]},"properties":{"ZCTA5CE20":"29832","AFFGEOID20":"860Z200US29832","GEOID20":"29832","NAME20":"29832","LSAD20":"Z5","ALAND20":244913114,"AWATER20":2744672}},
{"type":"Feature","geometry":{"type":"Polygon","coordinates":[[[-78.8064,34.6751],[-78.8181,34.6643],[-78.8198,34.6456],[-78.8344,34.6216],[-78.8315,34.6088],[-78.8435,34.5786],[-78.856,34.5721],[-78.8608,34.5522],[-78.8566,34.5241],[-78.8464,34.5041],[-78.8634,34.498],[-78.869,34.4848],[-78.8508,34.4884],[-78.8264,34.483],[-78.836,34.4687],[-78.8254,34.4531],[-78.8445,34.4529],[-78.8492,34.4341],[-78.8247,34.4363],[-78.8098,34.4329],[-78.7668,34.4492],[-78.7667,34.4646],[-78.7166,34.4672],[-78.7135,34.4831],[-78.7307,34.4869],[-78.7286,34.5095],[-78.7123,34.512],[-78.6908,34.5259],[-78.6827,34.537],[-78.6687,34.5377],[-78.6613,34.5614],[-78.6696,34.5744],[-78.6862,34.5938],[-78.7138,34.6067],[-78.7306,34.6225],[-78.726,34.6526],[-78.731,34.6599],[-78.7484,34.6631],[-78.7632,34.6551],[-78.7852,34.6786],[-78.8064,34.6751]]]},"properties":{"ZCTA5CE20":"28320","AFFGEOID20":"860Z200US28320","GEOID20":"28320","NAME20":"28320","LSAD20":"Z5","ALAND20":300343597,"AWATER20":602698}},
{"type":"Feature","geometry":{"type":"Polygon","coordinates":[[[-81.3786,36.2779],[-81.3631,36.2685],[-81.3633,36.2485],[-81.3514,36.2198],[-81.3261,36.2373],[-81.3213,36.2208],[-81.2836,36.2206],[-81.2792,36.1978],[-81.2614,36.189],[-81.2697,36.16],[-81.2434,36.1713],[-81.2255,36.1672],[-81.2217,36.1823],[-81.2063,36.1911],[-81.1781,36.1911],[-81.2063,36.2088],[-81.2242,36.2408],[-81.2107,36.245],[-81.2121,36.2609],[-81.1877,36.2638],[-81.1952,36.2733],[-81.2234,36.2944],[-81.2358,36.2991],[-81.2331,36.3117],[-81.2415,36.329],[-81.2532,36.3219],[-81.252,36.3081],[-81.2709,36.3059],[-81.2739,36.3274],[-81.2616,36.3471],[-81.249,36.3566],[-81.2546,36.3644],[-81.2789,36.3631],[-81.3027,36.3684],[-81.3103,36.3618],[-81.3326,36.3704],[-81.349,36.3591],[-81.3543,36.3556],[-81.3616,36.3134],[-81.3667,36.2859],[-81.3786,36.2779]]]},"properties":{"ZCTA5CE20":"28651","AFFGEOID20":"860Z200US28651","GEOID20":"28651","NAME20":"28651","LSAD20":"Z5","ALAND20":217982385,"AWATER20":37105}},
{"type":"Feature","geometry":{"type":"Polygon","coordinates":[[[-81.9128,35.9001],[-81.9067,35.8834],[-81.9181,35.86],[-81.9192,35.8488],[-81.8779,35.8193],[-81.8642,35.795],[-81.8686,35.787],[-81.8565,35.769],[-81.8357,35.7505],[-81.8559,35.7284],[-81.8751,35.7318],[-81.857,35.6797],[-81.8566,35.6609],[-81.8463,35.6452],[-81.8295,35.5921],[-81.8241,35.575],[-81.7988,35.58],[-81.7941,35.5932],[-81.7727,35.5925],[-81.7711,35.6028],[-81.7574,35.6094],[-81.7334,35.6016],[-81.7217,35.6063],[-81.7053,35.5811],[-81.692,35.58],[-81.6911,35.5846],[-81.6396,35.6204],[-81.6207,35.6067],[-81.603,35.6134],[-81.5971,35.6213],[-81.559,35.6308],[-81.5499,35.6522],[-81.5399,35.6584],[-81.5362,35.6735],[-81.5503,35.69],[-81.5707,35.6839],[-81.5969,35.7195],[-81.6069,35.7226],[-81.6224,35.7142],[-81.636,35.7312],[-81.6313,35.746],[-81.6022,35.7455],[-81.5845,35.7498],[-81.5887,35.7694],[-81.5728,35.7804],[-81.5545,35.775],[-81.547,35.7772],[-81.556,35.7775],[-81.5648,35.7812],[-81.6012,35.7844],[-81.6077,35.7979],[-81.5985,35.8078],[-81.6104,35.8196],[-81.6301,35.8304],[-81.6392,35.8483],[-81.6499,35.8562],[-81.6564,35.8714],[-81.6743,35.8777],[-81.6725,35.8613],[-81.7098,35.875],[-81.7287,35.891],[-81.7308,35.898],[-81.7558,35.9253],[-81.7754,35.9336],[-81.7791,35.9467],[-81.7999,35.9506],[-81.8071,35.9616],[-81.9128,35.9001]],[[-81.7939,35.7233],[-81.7826,35.7273],[-81.7826,35.7336],[-81.7666,35.7332],[-81.7708,35.7291],[-81.7816,35.7273],[-81.7895,35.7219],[-81.7939,35.7233]],[[-81.6133,35.7605],[-81.6039,35.7661],[-81.5985,35.7605],[-81.6082,35.7536],[-81.6133,35.7605]]]},"properties":{"ZCTA5CE20":"28655","AFFGEOID20":"860Z200US28655","GEOID20":"28655","NAME20":"28655","LSAD20":"Z5","ALAND20":841720667,"AWATER20":6473802}},
{"type":"Feature","geometry":{"type":"Polygon","coordinates":[[[-79.958,33.8885],[-79.9699,33.878],[-79.969,33.8575],[-79.9638,33.8439],[-79.9348,33.8623],[-79.946,33.8146],[-79.9445,33.8102],[-79.9153,33.8186],[-79.9141,33.8309],[-79.8973,33.8484],[-79.877,33.8447],[-79.8797,33.8363],[-79.8615,33.8314],[-79.8475,33.8153],[-79.8337,33.8255],[-79.8232,33.8107],[-79.7918,33.8044],[-79.782,33.8214],[-79.7665,33.8197],[-79.761,33.8352],[-79.7496,33.8312],[-79.7541,33.8187],[-79.7427,33.8014],[-79.7546,33.7932],[-79.778,33.7869],[-79.7985,33.7289],[-79.7741,33.7294],[-79.7548,33.7359],[-79.7219,33.7632],[-79.6959,33.7681],[-79.6964,33.7438],[-79.6695,33.7425],[-79.6642,33.7351],[-79.6475,33.7269],[-79.6294,33.7393],[-79.6129,33.7325],[-79.6118,33.7449],[-79.5919,33.7379],[-79.5756,33.7549],[-79.5886,33.7494],[-79.598,33.7562],[-79.6117,33.786],[-79.6349,33.8084],[-79.6358,33.818],[-79.5994,33.8306],[-79.5691,33.829],[-79.5576,33.8232],[-79.5466,33.8321],[-79.5458,33.8523],[-79.5537,33.8599],[-79.5755,33.856],[-79.5906,33.8617],[-79.5986,33.8712],[-79.6253,33.8827],[-79.6354,33.8998],[-79.6562,33.9126],[-79.6675,33.9072],[-79.6703,33.8833],[-79.6981,33.8818],[-79.7221,33.8765],[-79.7482,33.8837],[-79.7441,33.9101],[-79.7657,33.9134],[-79.7904,33.9109],[-79.807,33.9054],[-79.8211,33.8927],[-79.8343,33.8901],[-79.8494,33.9057],[-79.8609,33.899],[-79.8695,33.9153],[-79.8904,33.9272],[-79.9079,33.9133],[-79.9264,33.9044],[-79.9304,33.8866],[-79.958,33.8885]]]},"properties":{"ZCTA5CE20":"29560","AFFGEOID20":"860Z200US29560","GEOID20":"29560","NAME20":"29560","LSAD20":"Z5","ALAND20":427061015,"AWATER20":222141}},
{"type":"Feature","geometry":{"type":"Polygon","coordinates":[[[-78.0691,35.697],[-78.0611,35.6976],[-78.0568,35.6911],[-78.0239,35.6898],[-78.0072,35.6932],[-77.9977,35.6802],[-77.9805,35.6802],[-77.97,35.6355],[-77.9713,35.6228],[-77.9552,35.6196],[-77.9522,35.6092],[-77.9354,35.5986],[-77.9131,35.6041],[-77.9036,35.6183],[-77.8977,35.6407],[-77.8862,35.6425],[-77.8706,35.6252],[-77.8706,35.6094],[-77.8416,35.6196],[-77.8517,35.6372],[-77.8221,35.6346],[-77.8003,35.6272],[-77.7918,35.6389],[-77.7921,35.6649],[-77.7824,35.671],[-77.7965,35.6848],[-77.7817,35.7135],[-77.7829,35.727],[-77.8022,35.7495],[-77.8149,35.7572],[-77.8228,35.77],[-77.8368,35.7633],[-77.8579,35.7668],[-77.8647,35.7561],[-77.8863,35.7621],[-77.899,35.7392],[-77.9062,35.7487],[-77.9302,35.7555],[-77.9366,35.7322],[-77.9742,35.7407],[-77.9969,35.7623],[-78.0282,35.7619],[-78.0121,35.7351],[-78.0169,35.7296],[-78.0496,35.7354],[-78.0576,35.7068],[-78.0691,35.697]],[[-77.9465,35.6206],[-77.9391,35.6296],[-77.9406,35.64],[-77.9273,35.6411],[-77.9389,35.6151],[-77.9465,35.6206]]]},"properties":{"ZCTA5CE20":"27893","AFFGEOID20":"860Z200US27893","GEOID20":"27893","NAME20":"27893","LSAD20":"Z5","ALAND20":282262813,"AWATER20":3169164}},
{"type":"Feature","geometry":{"type":"Polygon","coordinates":[[[-76.4913,36.5107],[-76.4914,36.4686],[-76.4537,36.3781],[-76.4475,36.3636],[-76.4098,36.3125],[-76.3812,36.2759],[-76.3749,36.2587],[-76.3177,36.2404],[-76.3033,36.2217],[-76.2907,36.2235],[-76.2865,36.2098],[-76.2735,36.1908],[-76.2491,36.1849],[-76.2282,36.1585],[-76.2069,36.1375],[-76.1875,36.1254],[-76.1666,36.1237],[-76.1464,36.1301],[-76.1258,36.131],[-76.0717,36.1402],[-76.0593,36.1493],[-76.0689,36.1681],[-76.0801,36.1994],[-76.1172,36.2135],[-76.126,36.2329],[-76.1443,36.2589],[-76.1739,36.2636],[-76.1886,36.2797],[-76.2026,36.2862],[-76.216,36.3002],[-76.2021,36.3047],[-76.1922,36.3281],[-76.2136,36.3269],[-76.2142,36.3416],[-76.2382,36.3716],[-76.2601,36.3665],[-76.2624,36.3852],[-76.2915,36.3866],[-76.3105,36.4019],[-76.3231,36.4173],[-76.3206,36.4263],[-76.3478,36.4225],[-76.3676,36.4314],[-76.3768,36.4459],[-76.3947,36.4545],[-76.4107,36.4563],[-76.4373,36.4678],[-76.4913,36.5107]]]},"properties":{"ZCTA5CE20":"27909","AFFGEOID20":"860Z200US27909","GEOID20":"27909","NAME20":"27909","LSAD20":"Z5","ALAND20":587676639,"AWATER20":68745074}},
{"type":"Feature","geometry":{"type":"Polygon","coordinates":[[[-79.5624,35.3917],[-79.5914,35.3481],[-79.5979,35.3322],[-79.5823,35.3222],[-79.5912,35.314],[-79.5837,35.3022],[-79.5436,35.3174],[-79.5262,35.2987],[-79.5092,35.307],[-79.5075,35.3213],[-79.4766,35.3211],[-79.4663,35.3134],[-79.4438,35.3079],[-79.4529,35.2925],[-79.4372,35.2827],[-79.4426,35.2523],[-79.4371,35.2396],[-79.428,35.2424],[-79.4068,35.2322],[-79.3964,35.2213],[-79.3688,35.216],[-79.3607,35.2239],[-79.3285,35.237],[-79.3429,35.245],[-79.337,35.2601],[-79.3109,35.2555],[-79.3009,35.2495],[-79.2883,35.2694],[-79.2745,35.2697],[-79.2715,35.2847],[-79.2826,35.2874],[-79.2925,35.2998],[-79.3122,35.3097],[-79.356,35.3106],[-79.3638,35.3444],[-79.3489,35.3525],[-79.3312,35.3505],[-79.3156,35.3388],[-79.2938,35.3523],[-79.2867,35.3789],[-79.2896,35.4004],[-79.3104,35.4085],[-79.3161,35.4187],[-79.3302,35.4246],[-79.3267,35.4349],[-79.3516,35.4595],[-79.3762,35.4559],[-79.3898,35.4615],[-79.4017,35.4604],[-79.4173,35.4726],[-79.4352,35.4666],[-79.4469,35.47],[-79.4515,35.4855],[-79.4801,35.4796],[-79.4835,35.4663],[-79.517,35.4575],[-79.5222,35.4299],[-79.5245,35.3956],[-79.5594,35.4],[-79.5624,35.3917]]]},"properties":{"ZCTA5CE20":"28327","AFFGEOID20":"860Z200US28327","GEOID20":"28327","NAME20":"28327","LSAD20":"Z5","ALAND20":483244023,"AWATER20":3390330}},
{"type":"Feature","geometry":{"type":"Polygon","coordinates":[[[-78.4517,35.143],[-78.4502,35.1197],[-78.4429,35.0848],[-78.451,35.0683],[-78.4453,35.0582],[-78.4522,35.0349],[-78.4487,35.0136],[-78.4554,34.9945],[-78.4526,34.9866],[-78.4371,34.9895],[-78.4056,34.9865],[-78.3915,34.9647],[-78.3994,34.9488],[-78.4157,34.9564],[-78.4306,34.9569],[-78.4425,34.9323],[-78.4266,34.9197],[-78.4224,34.9054],[-78.3865,34.8736],[-78.3759,34.8805],[-78.3606,34.8806],[-78.356,34.8618],[-78.3648,34.8399],[-78.3566,34.8237],[-78.3325,34.8256],[-78.3324,34.8162],[-78.3152,34.8147],[-78.3022,34.8219],[-78.2965,34.8385],[-78.2411,34.841],[-78.2443,34.8625],[-78.2312,34.87],[-78.214,34.8901],[-78.2076,34.9124],[-78.2115,34.933],[-78.2345,34.9846],[-78.2283,35.022],[-78.2313,35.043],[-78.2413,35.0837],[-78.2573,35.073],[-78.2699,35.0988],[-78.2801,35.1034],[-78.2758,35.1269],[-78.2615,35.1441],[-78.2782,35.1645],[-78.2893,35.1588],[-78.3235,35.1665],[-78.3419,35.1746],[-78.3644,35.1791],[-78.3901,35.1738],[-78.4132,35.1775],[-78.4299,35.1632],[-78.4408,35.1599],[-78.4517,35.143]]]},"properties":{"ZCTA5CE20":"28328","AFFGEOID20":"860Z200US28328","GEOID20":"28328","NAME20":"28328","LSAD20":"Z5","ALAND20":636581021,"AWATER20":1642636}},
{"type":"Feature","geometry":{"type":"Polygon","coordinates":[[[-80.906,33.0602],[-80.8954,33.041],[-80.8838,33.0305],[-80.8667,33.0022],[-80.8763,32.9809],[-80.872,32.9619],[-80.8771,32.9509],[-80.8741,32.9358],[-80.875,32.9059],[-80.8695,32.8986],[-80.87,32.8731],[-80.8595,32.854],[-80.8696,32.8437],[-80.8656,32.8319],[-80.8529,32.8315],[-80.8568,32.8097],[-80.839,32.8188],[-80.8248,32.8345],[-80.8023,32.8374],[-80.8013,32.8453],[-80.8227,32.8448],[-80.8132,32.8867],[-80.8062,32.8882],[-80.7923,32.9064],[-80.7899,32.9181],[-80.7737,32.9134],[-80.7672,32.9236],[-80.7443,32.9216],[-80.731,32.939],[-80.7536,32.9553],[-80.7516,32.9854],[-80.7329,33.0033],[-80.7452,33.017],[-80.7611,33.0242],[-80.762,33.0453],[-80.7466,33.0592],[-80.7273,33.067],[-80.7687,33.0803],[-80.7756,33.0638],[-80.7882,33.0517],[-80.8093,33.0573],[-80.8247,33.0695],[-80.8351,33.0576],[-80.8297,33.0482],[-80.8343,33.0318],[-80.8505,33.0306],[-80.8553,33.0438],[-80.851,33.0589],[-80.8619,33.076],[-80.8858,33.0715],[-80.906,33.0602]]]},"properties":{"ZCTA5CE20":"29475","AFFGEOID20":"860Z200US29475","GEOID20":"29475","NAME20":"29475","LSAD20":"Z5","ALAND20":253107402,"AWATER20":362532}},
{"type":"Feature","geometry":{"type":"Polygon","coordinates":[[[-81.9045,36.0321],[-81.8961,36.0288],[-81.8977,36.0105],[-81.8906,36.0082],[-81.8849,36.0248],[-81.9045,36.0321]]]},"properties":{"ZCTA5CE20":"28662","AFFGEOID20":"860Z200US28662","GEOID20":"28662","NAME20":"28662","LSAD20":"Z5","ALAND20":2525287,"AWATER20":0}},
{"type":"Feature","geometry":{"type":"Polygon","coordinates":[[[-81.4678,35.7196],[-81.4724,35.7215],[-81.4732,35.7175],[-81.4691,35.7155],[-81.4678,35.7196]]]},"properties":{"ZCTA5CE20":"28666","AFFGEOID20":"860Z200US28666","GEOID20":"28666","NAME20":"28666","LSAD20":"Z5","ALAND20":233990,"AWATER20":0}},
{"type":"Feature","geometry":{"type":"Polygon","coordinates":[[[-81.2707,36.5741],[-81.2691,36.5557],[-81.261,36.543],[-81.2504,36.5416],[-81.2661,36.5159],[-81.2515,36.4991],[-81.2309,36.5041],[-81.2225,36.4877],[-81.236,36.4771],[-81.2273,36.4703],[-81.1917,36.4711],[-81.1851,36.4574],[-81.1827,36.4307],[-81.163,36.4325],[-81.1477,36.4192],[-81.1328,36.4153],[-81.1284,36.4259],[-81.1128,36.4294],[-81.0945,36.4399],[-81.0838,36.4331],[-81.0778,36.4178],[-81.0466,36.4116],[-81.034,36.4196],[-81.0333,36.4317],[-81.051,36.4308],[-81.0583,36.463],[-81.0777,36.4923],[-81.0543,36.4942],[-81.0546,36.4819],[-81.0329,36.4849],[-81.0206,36.4696],[-81.0052,36.4857],[-81.0086,36.5083],[-81.0292,36.5219],[-81.0358,36.5427],[-81.0375,36.5658],[-81.1034,36.5682],[-81.1326,36.5784],[-81.1377,36.5695],[-81.204,36.5724],[-81.2707,36.5741]]]},"properties":{"ZCTA5CE20":"28675","AFFGEOID20":"860Z200US28675","GEOID20":"28675","NAME20":"28675","LSAD20":"Z5","ALAND20":278080233,"AWATER20":2102802}},
{"type":"Feature","geometry":{"type":"Polygon","coordinates":[[[-75.5805,35.2633],[-75.5748,35.2351],[-75.5581,35.2343],[-75.5313,35.2266],[-75.5173,35.2678],[-75.523,35.2705],[-75.5422,35.2704],[-75.5805,35.2633]]]},"properties":{"ZCTA5CE20":"27920","AFFGEOID20":"860Z200US27920","GEOID20":"27920","NAME20":"27920","LSAD20":"Z5","ALAND20":20313295,"AWATER20":2467327}},
{"type":"Feature","geometry":{"type":"Polygon","coordinates":[[[-75.5805,35.2633],[-75.6188,35.2469],[-75.6413,35.2287],[-75.6691,35.2196],[-75.6674,35.2162],[-75.6492,35.2225],[-75.6022,35.2326],[-75.5748,35.2351],[-75.5805,35.2633]]]},"properties":{"ZCTA5CE20":"27936","AFFGEOID20":"860Z200US27936","GEOID20":"27936","NAME20":"27936","LSAD20":"Z5","ALAND20":13496109,"AWATER20":4696593}},
{"type":"Feature","geometry":{"type":"Polygon","coordinates":[[[-76.5676,36.2708],[-76.5646,36.2498],[-76.5682,36.2419],[-76.543,36.2208],[-76.5571,36.2047],[-76.5861,36.2111],[-76.5808,36.1716],[-76.577,36.1425],[-76.567,36.1326],[-76.5351,36.1442],[-76.4993,36.132],[-76.5196,36.1108],[-76.5014,36.1079],[-76.4934,36.0996],[-76.461,36.0877],[-76.4456,36.0759],[-76.4118,36.0753],[-76.347,36.0888],[-76.3235,36.0849],[-76.3159,36.1009],[-76.3397,36.1091],[-76.3464,36.121],[-76.3717,36.1178],[-76.3963,36.1392],[-76.458,36.1853],[-76.4381,36.1918],[-76.3903,36.1625],[-76.3736,36.1382],[-76.3594,36.14],[-76.3233,36.1348],[-76.3093,36.1249],[-76.2579,36.1064],[-76.2137,36.0961],[-76.2004,36.1089],[-76.2189,36.1181],[-76.236,36.1375],[-76.246,36.1586],[-76.2771,36.1807],[-76.2735,36.1908],[-76.2865,36.2098],[-76.2907,36.2235],[-76.3033,36.2217],[-76.3177,36.2404],[-76.3749,36.2587],[-76.3812,36.2759],[-76.4098,36.3125],[-76.421,36.2987],[-76.4059,36.289],[-76.4851,36.2697],[-76.5073,36.2942],[-76.5117,36.2778],[-76.4867,36.2655],[-76.4925,36.2507],[-76.5042,36.2395],[-76.5254,36.2439],[-76.5306,36.2567],[-76.5451,36.2683],[-76.5676,36.2708]],[[-76.4777,36.2172],[-76.4719,36.2226],[-76.4697,36.2169],[-76.4777,36.2172]]]},"properties":{"ZCTA5CE20":"27944","AFFGEOID20":"860Z200US27944","GEOID20":"27944","NAME20":"27944","LSAD20":"Z5","ALAND20":453567968,"AWATER20":69456597}},
{"type":"Feature","geometry":{"type":"MultiPolygon","coordinates":[[[[-82.1659,33.9745],[-82.1423,33.9692],[-82.1445,33.9509],[-82.1238,33.9444],[-82.1224,33.9368],[-82.0861,33.9447],[-81.9987,33.9642],[-81.932,33.9769],[-81.9394,33.9917],[-81.9517,33.9986],[-81.9657,34.0188],[-81.9888,34.0025],[-81.9933,34.0333],[-82.0196,34.0359],[-82.0403,34.0282],[-82.0592,34.0403],[-82.0683,34.0328],[-82.0894,34.0231],[-82.0927,34.0065],[-82.1084,34.0212],[-82.1272,34.0126],[-82.1528,33.9982],[-82.1527,33.9847],[-82.1659,33.9745]]],[[[-82.4654,34.0127],[-82.4623,33.9988],[-82.4485,33.9873],[-82.4313,33.9837],[-82.413,33.9955],[-82.3975,33.9818],[-82.3868,33.9851],[-82.3789,33.9668],[-82.3574,33.9743],[-82.3267,33.9766],[-82.3059,33.9718],[-82.2926,33.9793],[-82.2726,33.9649],[-82.2653,33.9732],[-82.2679,33.986],[-82.289,33.9901],[-82.295,34.0166],[-82.3175,34.022],[-82.3269,34.0641],[-82.3371,34.0452],[-82.3356,34.0278],[-82.3668,34.0141],[-82.3776,34.021],[-82.3876,34.0375],[-82.3771,34.0574],[-82.4494,34.0602],[-82.4256,34.0453],[-82.4094,34.038],[-82.4073,34.027],[-82.4298,34.0232],[-82.4654,34.0127]]]]},"properties":{"ZCTA5CE20":"29848","AFFGEOID20":"860Z200US29848","GEOID20":"29848","NAME20":"29848","LSAD20":"Z5","ALAND20":238118202,"AWATER20":579315}},
{"type":"Feature","geometry":{"type":"Polygon","coordinates":[[[-78.7402,34.7155],[-78.7133,34.7093],[-78.7409,34.6875],[-78.7356,34.671],[-78.6984,34.6636],[-78.6801,34.6547],[-78.6874,34.6453],[-78.7023,34.6454],[-78.726,34.6526],[-78.7306,34.6225],[-78.7138,34.6067],[-78.6862,34.5938],[-78.6696,34.5744],[-78.6485,34.5808],[-78.6336,34.5923],[-78.6163,34.5874],[-78.6151,34.5777],[-78.5627,34.5714],[-78.5529,34.5798],[-78.5375,34.5649],[-78.5111,34.5624],[-78.5059,34.5669],[-78.4886,34.5637],[-78.4745,34.5667],[-78.4362,34.5488],[-78.4507,34.5613],[-78.4719,34.5673],[-78.4534,34.5821],[-78.4412,34.575],[-78.4254,34.5511],[-78.4094,34.5644],[-78.3947,34.5687],[-78.3866,34.5806],[-78.4254,34.5909],[-78.4469,34.6101],[-78.4551,34.6157],[-78.4631,34.6361],[-78.4615,34.6497],[-78.4716,34.6584],[-78.4723,34.6712],[-78.4641,34.6781],[-78.4828,34.6892],[-78.4863,34.706],[-78.4834,34.7313],[-78.5034,34.7471],[-78.5237,34.7309],[-78.5466,34.7392],[-78.5604,34.7389],[-78.5589,34.7553],[-78.5694,34.7602],[-78.5667,34.7877],[-78.583,34.8034],[-78.5901,34.7946],[-78.6196,34.8072],[-78.6247,34.7943],[-78.6382,34.7972],[-78.6421,34.7792],[-78.6577,34.7353],[-78.6672,34.7254],[-78.6527,34.7092],[-78.65,34.6947],[-78.6348,34.6845],[-78.6496,34.6727],[-78.6554,34.6613],[-78.6782,34.6814],[-78.691,34.698],[-78.7133,34.71],[-78.7402,34.7155]]]},"properties":{"ZCTA5CE20":"28337","AFFGEOID20":"860Z200US28337","GEOID20":"28337","NAME20":"28337","LSAD20":"Z5","ALAND20":429861073,"AWATER20":12909754}},
{"type":"Feature","geometry":{"type":"Polygon","coordinates":[[[-82.2581,33.9206],[-82.248,33.9238],[-82.244,33.9315],[-82.2509,33.9348],[-82.2581,33.9206]]]},"properties":{"ZCTA5CE20":"29899","AFFGEOID20":"860Z200US29899","GEOID20":"29899","NAME20":"29899","LSAD20":"Z5","ALAND20":977277,"AWATER20":0}},
{"type":"Feature","geometry":{"type":"MultiPolygon","coordinates":[[[[-80.6879,32.4578],[-80.704,32.4407],[-80.7303,32.4204],[-80.7399,32.3965],[-80.7357,32.3836],[-80.7147,32.3773],[-80.7177,32.3921],[-80.684,32.3866],[-80.6734,32.3806],[-80.6764,32.3928],[-80.6723,32.4086],[-80.6851,32.4179],[-80.6826,32.426],[-80.6666,32.4276],[-80.6589,32.4374],[-80.6673,32.4536],[-80.6879,32.4578]]],[[[-80.7465,32.3473],[-80.7283,32.3219],[-80.7081,32.3237],[-80.6985,32.3107],[-80.6738,32.2964],[-80.6543,32.2941],[-80.6522,32.3199],[-80.6587,32.3379],[-80.6697,32.3497],[-80.713,32.3551],[-80.7272,32.3443],[-80.7382,32.3523],[-80.7465,32.3473]]]]},"properties":{"ZCTA5CE20":"29902","AFFGEOID20":"860Z200US29902","GEOID20":"29902","NAME20":"29902","LSAD20":"Z5","ALAND20":46969924,"AWATER20":28398594}},
{"type":"Feature","geometry":{"type":"Polygon","coordinates":[[[-77.8937,36.0842],[-77.9219,36.0704],[-77.9089,36.0653],[-77.9063,36.0384],[-77.8977,36.0313],[-77.8777,36.0305],[-77.8739,36.0186],[-77.8367,36.0336],[-77.811,36.0125],[-77.8003,36.0231],[-77.7992,36.0361],[-77.7694,36.0223],[-77.7741,35.9987],[-77.755,35.9961],[-77.7319,36.0046],[-77.7325,35.977],[-77.715,35.9735],[-77.7173,35.9588],[-77.6976,35.9488],[-77.691,35.9383],[-77.6702,35.9597],[-77.6551,35.9409],[-77.6272,35.9437],[-77.6128,35.9508],[-77.6025,35.945],[-77.5876,35.9578],[-77.5914,35.9789],[-77.6091,35.9874],[-77.6321,36],[-77.6407,35.9982],[-77.6589,36.0117],[-77.6711,36.0145],[-77.671,36.0392],[-77.6821,36.0597],[-77.697,36.0715],[-77.7193,36.077],[-77.735,36.0739],[-77.7504,36.0788],[-77.768,36.0759],[-77.7729,36.0678],[-77.8008,36.0609],[-77.8125,36.0694],[-77.8337,36.0661],[-77.8409,36.0721],[-77.8559,36.065],[-77.8785,36.0801],[-77.8937,36.0842]]]},"properties":{"ZCTA5CE20":"27809","AFFGEOID20":"860Z200US27809","GEOID20":"27809","NAME20":"27809","LSAD20":"Z5","ALAND20":198168770,"AWATER20":607827}},
{"type":"Feature","geometry":{"type":"Polygon","coordinates":[[[-80.7273,33.067],[-80.7466,33.0592],[-80.762,33.0453],[-80.7611,33.0242],[-80.7452,33.017],[-80.7329,33.0033],[-80.7516,32.9854],[-80.7536,32.9553],[-80.731,32.939],[-80.7443,32.9216],[-80.7672,32.9236],[-80.7737,32.9134],[-80.7899,32.9181],[-80.7923,32.9064],[-80.8062,32.8882],[-80.8132,32.8867],[-80.8227,32.8448],[-80.8013,32.8453],[-80.8023,32.8374],[-80.8248,32.8345],[-80.839,32.8188],[-80.8228,32.8185],[-80.8169,32.8053],[-80.802,32.8081],[-80.7717,32.7975],[-80.7568,32.8055],[-80.7398,32.7935],[-80.7132,32.7882],[-80.6912,32.7901],[-80.6756,32.7591],[-80.6744,32.7696],[-80.6512,32.7706],[-80.6361,32.7615],[-80.6045,32.7726],[-80.583,32.7691],[-80.5667,32.7621],[-80.5581,32.7463],[-80.5422,32.7653],[-80.5286,32.7886],[-80.5362,32.8032],[-80.5319,32.8129],[-80.5636,32.8282],[-80.5644,32.8435],[-80.5757,32.8468],[-80.5639,32.87],[-80.5751,32.8796],[-80.5901,32.905],[-80.5812,32.908],[-80.5997,32.9316],[-80.5921,32.9509],[-80.5773,32.9719],[-80.5787,32.987],[-80.5872,32.9986],[-80.6005,32.9986],[-80.6043,33.0258],[-80.619,33.0393],[-80.6146,33.0507],[-80.5999,33.0535],[-80.5934,33.0384],[-80.5829,33.0403],[-80.5712,33.0577],[-80.5915,33.0578],[-80.6238,33.0669],[-80.65,33.0902],[-80.6669,33.0929],[-80.6864,33.0861],[-80.7273,33.067]]]},"properties":{"ZCTA5CE20":"29488","AFFGEOID20":"860Z200US29488","GEOID20":"29488","NAME20":"29488","LSAD20":"Z5","ALAND20":616052720,"AWATER20":1554368}},
{"type":"Feature","geometry":{"type":"Polygon","coordinates":[[[-81.8891,36.3087],[-81.8879,36.2924],[-81.8553,36.2997],[-81.8364,36.2911],[-81.8372,36.2806],[-81.8202,36.2758],[-81.8043,36.2526],[-81.7927,36.2726],[-81.7738,36.2691],[-81.7742,36.2441],[-81.7882,36.2249],[-81.7862,36.2168],[-81.7707,36.218],[-81.7454,36.1939],[-81.7199,36.2058],[-81.7216,36.2257],[-81.7296,36.2342],[-81.7237,36.2432],[-81.7282,36.2779],[-81.771,36.2895],[-81.7944,36.307],[-81.7887,36.3215],[-81.7959,36.3399],[-81.7895,36.3483],[-81.7936,36.3622],[-81.8129,36.3511],[-81.8332,36.3473],[-81.8627,36.3306],[-81.8891,36.3087]]]},"properties":{"ZCTA5CE20":"28692","AFFGEOID20":"860Z200US28692","GEOID20":"28692","NAME20":"28692","LSAD20":"Z5","ALAND20":103580416,"AWATER20":31490}},
{"type":"Feature","geometry":{"type":"Polygon","coordinates":[[[-78.978,33.6546],[-79.0095,33.6142],[-78.9936,33.6007],[-78.9873,33.5878],[-78.9349,33.6426],[-78.9589,33.663],[-78.978,33.6546]]]},"properties":{"ZCTA5CE20":"29575","AFFGEOID20":"860Z200US29575","GEOID20":"29575","NAME20":"29575","LSAD20":"Z5","ALAND20":26448913,"AWATER20":286496}},
{"type":"Feature","geometry":{"type":"Polygon","coordinates":[[[-75.6364,35.8945],[-75.6451,35.9058],[-75.662,35.9065],[-75.6595,35.9196],[-75.6911,35.9369],[-75.7183,35.9397],[-75.7238,35.9256],[-75.7022,35.9154],[-75.6977,35.9016],[-75.6814,35.884],[-75.6657,35.8729],[-75.6612,35.8897],[-75.6364,35.8945]]]},"properties":{"ZCTA5CE20":"27954","AFFGEOID20":"860Z200US27954","GEOID20":"27954","NAME20":"27954","LSAD20":"Z5","ALAND20":22929687,"AWATER20":12396958}},
{"type":"Feature","geometry":{"type":"Polygon","coordinates":[[[-76.877,36.2431],[-76.9034,36.243],[-76.9255,36.2288],[-76.9286,36.2039],[-76.8975,36.1946],[-76.8887,36.2329],[-76.877,36.2431]]]},"properties":{"ZCTA5CE20":"27967","AFFGEOID20":"860Z200US27967","GEOID20":"27967","NAME20":"27967","LSAD20":"Z5","ALAND20":14865400,"AWATER20":0}},
{"type":"Feature","geometry":{"type":"Polygon","coordinates":[[[-80.8192,32.4859],[-80.8187,32.4639],[-80.8068,32.4361],[-80.7819,32.3857],[-80.7591,32.3574],[-80.7465,32.3473],[-80.7382,32.3523],[-80.6884,32.3683],[-80.7147,32.3773],[-80.7357,32.3836],[-80.7399,32.3965],[-80.7303,32.4204],[-80.704,32.4407],[-80.6879,32.4578],[-80.692,32.4822],[-80.6806,32.5017],[-80.6685,32.5056],[-80.6812,32.5179],[-80.6974,32.5149],[-80.7172,32.5171],[-80.743,32.5265],[-80.7531,32.5022],[-80.7828,32.5147],[-80.7859,32.497],[-80.8017,32.495],[-80.8192,32.4859]],[[-80.7384,32.4787],[-80.7404,32.4866],[-80.7243,32.5001],[-80.7066,32.4905],[-80.7117,32.4596],[-80.7344,32.4679],[-80.7384,32.4787]]]},"properties":{"ZCTA5CE20":"29906","AFFGEOID20":"860Z200US29906","GEOID20":"29906","NAME20":"29906","LSAD20":"Z5","ALAND20":116459022,"AWATER20":23173665}},
{"type":"Feature","geometry":{"type":"Polygon","coordinates":[[[-78.8846,34.8511],[-78.8592,34.8552],[-78.8524,34.9],[-78.8379,34.8942],[-78.8403,34.9198],[-78.8579,34.9289],[-78.8615,34.9451],[-78.8871,34.9465],[-78.9014,34.9595],[-78.9175,34.9629],[-78.9105,34.9881],[-78.9152,35.0031],[-78.9356,34.9984],[-78.9457,34.9829],[-78.9649,34.9859],[-78.9687,34.9774],[-78.9939,34.9739],[-78.9969,34.9588],[-78.9745,34.9559],[-78.9844,34.9373],[-78.9633,34.9356],[-78.9466,34.9215],[-78.9545,34.912],[-78.9408,34.9034],[-78.9232,34.8776],[-78.9098,34.8693],[-78.8877,34.8653],[-78.8846,34.8511]]]},"properties":{"ZCTA5CE20":"28348","AFFGEOID20":"860Z200US28348","GEOID20":"28348","NAME20":"28348","LSAD20":"Z5","ALAND20":109329270,"AWATER20":770769}},
{"type":"Feature","geometry":{"type":"Polygon","coordinates":[[[-79.3009,35.2495],[-79.3109,35.2555],[-79.337,35.2601],[-79.3429,35.245],[-79.3285,35.237],[-79.3138,35.2353],[-79.3009,35.2495]]]},"properties":{"ZCTA5CE20":"28350","AFFGEOID20":"860Z200US28350","GEOID20":"28350","NAME20":"28350","LSAD20":"Z5","ALAND20":5278114,"AWATER20":216553}},
{"type":"Feature","geometry":{"type":"Polygon","coordinates":[[[-81.0002,32.2443],[-81.0125,32.2362],[-81.0123,32.2184],[-80.996,32.2003],[-80.9997,32.1949],[-80.9681,32.1832],[-80.9484,32.1674],[-80.9541,32.1484],[-80.968,32.1495],[-80.9615,32.133],[-80.9473,32.1295],[-80.9413,32.1372],[-80.9268,32.1368],[-80.9269,32.1195],[-80.8996,32.1111],[-80.8965,32.1245],[-80.878,32.1305],[-80.8677,32.1403],[-80.8488,32.1493],[-80.8296,32.1476],[-80.7919,32.1827],[-80.7828,32.2019],[-80.7878,32.2288],[-80.8236,32.2459],[-80.8069,32.274],[-80.7984,32.2484],[-80.7835,32.2517],[-80.7802,32.2618],[-80.7592,32.2786],[-80.766,32.2926],[-80.7603,32.299],[-80.7797,32.3228],[-80.7879,32.3271],[-80.8012,32.317],[-80.8034,32.2965],[-80.827,32.2921],[-80.8493,32.3054],[-80.8744,32.303],[-80.8874,32.2933],[-80.9408,32.2877],[-80.9486,32.2742],[-80.9833,32.2422],[-81.0002,32.2443]]]},"properties":{"ZCTA5CE20":"29910","AFFGEOID20":"860Z200US29910","GEOID20":"29910","NAME20":"29910","LSAD20":"Z5","ALAND20":270519463,"AWATER20":43260402}},
{"type":"Feature","geometry":{"type":"Polygon","coordinates":[[[-80.9283,32.5907],[-80.932,32.5859],[-80.9292,32.5805],[-80.9239,32.5883],[-80.9283,32.5907]]]},"properties":{"ZCTA5CE20":"29912","AFFGEOID20":"860Z200US29912","GEOID20":"29912","NAME20":"29912","LSAD20":"Z5","ALAND20":828303,"AWATER20":12463}},
{"type":"Feature","geometry":{"type":"Polygon","coordinates":[[[-77.8905,36.2773],[-77.8838,36.2454],[-77.8946,36.2393],[-77.864,36.2138],[-77.876,36.2051],[-77.9108,36.2133],[-77.9319,36.2101],[-77.9316,36.1958],[-77.927,36.1891],[-77.9274,36.1866],[-77.926,36.1859],[-77.9251,36.1884],[-77.924,36.1891],[-77.923,36.1882],[-77.9178,36.1815],[-77.9176,36.1808],[-77.9178,36.1793],[-77.9227,36.1696],[-77.8883,36.1453],[-77.8681,36.1465],[-77.857,36.1857],[-77.833,36.1693],[-77.7966,36.1691],[-77.7986,36.1581],[-77.7828,36.1565],[-77.7685,36.1687],[-77.7592,36.1581],[-77.7406,36.1581],[-77.7308,36.1469],[-77.7065,36.1468],[-77.6995,36.1529],[-77.6721,36.1479],[-77.6701,36.1371],[-77.644,36.1381],[-77.6296,36.1225],[-77.6259,36.1116],[-77.5837,36.1016],[-77.552,36.0989],[-77.5332,36.0907],[-77.5281,36.0734],[-77.5174,36.0916],[-77.5263,36.102],[-77.538,36.1266],[-77.5222,36.1438],[-77.5332,36.1584],[-77.5238,36.1638],[-77.5367,36.1828],[-77.5523,36.1739],[-77.5597,36.1782],[-77.5826,36.2103],[-77.6023,36.2448],[-77.6247,36.262],[-77.6389,36.2869],[-77.6602,36.3022],[-77.6783,36.3087],[-77.707,36.3127],[-77.7133,36.2922],[-77.6993,36.2796],[-77.707,36.2706],[-77.7225,36.2691],[-77.7369,36.28],[-77.7551,36.2837],[-77.7633,36.3138],[-77.7801,36.3142],[-77.8,36.2936],[-77.8138,36.2937],[-77.8298,36.2705],[-77.8538,36.2761],[-77.8656,36.2835],[-77.8905,36.2773]]]},"properties":{"ZCTA5CE20":"27823","AFFGEOID20":"860Z200US27823","GEOID20":"27823","NAME20":"27823","LSAD20":"Z5","ALAND20":475758905,"AWATER20":1726950}},
{"type":"Feature","geometry":{"type":"Polygon","coordinates":[[[-79.8675,33.4337],[-79.8716,33.4239],[-79.8548,33.4029],[-79.8381,33.3923],[-79.8139,33.3823],[-79.807,33.3726],[-79.794,33.3777],[-79.7718,33.3562],[-79.7412,33.3223],[-79.7096,33.3212],[-79.6764,33.3048],[-79.6592,33.3166],[-79.6293,33.3172],[-79.5702,33.326],[-79.5523,33.34],[-79.5646,33.3562],[-79.5279,33.3573],[-79.5253,33.3513],[-79.4531,33.3692],[-79.4866,33.376],[-79.4905,33.395],[-79.4682,33.4014],[-79.467,33.4152],[-79.4488,33.4163],[-79.446,33.4282],[-79.4197,33.425],[-79.4231,33.4864],[-79.4274,33.5057],[-79.446,33.5046],[-79.4568,33.5435],[-79.464,33.5526],[-79.46,33.5727],[-79.4867,33.5875],[-79.4883,33.6026],[-79.4984,33.6067],[-79.5238,33.6267],[-79.5302,33.6267],[-79.5398,33.6075],[-79.5409,33.594],[-79.5508,33.5909],[-79.5788,33.592],[-79.6026,33.5844],[-79.6211,33.5843],[-79.6253,33.5702],[-79.6424,33.573],[-79.6454,33.5649],[-79.663,33.566],[-79.6586,33.5795],[-79.6692,33.5822],[-79.6809,33.5738],[-79.6849,33.5552],[-79.7229,33.5594],[-79.7291,33.563],[-79.7357,33.557],[-79.74,33.5376],[-79.7392,33.5164],[-79.7275,33.5039],[-79.732,33.4892],[-79.7124,33.4846],[-79.7203,33.4719],[-79.718,33.4608],[-79.7468,33.4566],[-79.7485,33.4348],[-79.7637,33.4358],[-79.7847,33.4225],[-79.7989,33.4212],[-79.8455,33.4254],[-79.8675,33.4337]]]},"properties":{"ZCTA5CE20":"29510","AFFGEOID20":"860Z200US29510","GEOID20":"29510","NAME20":"29510","LSAD20":"Z5","ALAND20":808591153,"AWATER20":4700135}},
{"type":"Feature","geometry":{"type":"Polygon","coordinates":[[[-81.3163,36.1562],[-81.3207,36.1344],[-81.335,36.1216],[-81.316,36.1103],[-81.2915,36.1211],[-81.2831,36.1123],[-81.2714,36.0865],[-81.2575,36.1048],[-81.2362,36.0983],[-81.2279,36.1171],[-81.2109,36.1073],[-81.1898,36.1089],[-81.1766,36.0977],[-81.1406,36.0983],[-81.1415,36.104],[-81.1122,36.1067],[-81.1144,36.1226],[-81.0782,36.1221],[-81.0585,36.1286],[-81.0562,36.1123],[-81.0295,36.1123],[-81.0276,36.0991],[-81.0099,36.0905],[-80.996,36.1082],[-81.0018,36.1125],[-80.9964,36.1299],[-81.032,36.1424],[-81.0657,36.1329],[-81.0701,36.141],[-81.1105,36.1355],[-81.1111,36.1484],[-81.0917,36.1595],[-81.0728,36.1478],[-81.0572,36.1489],[-81.0543,36.1621],[-81.0411,36.1672],[-81.0291,36.1527],[-81.0202,36.1539],[-81.0288,36.1829],[-81.0018,36.1968],[-81.0255,36.1985],[-81.0319,36.1834],[-81.0692,36.1888],[-81.1153,36.1694],[-81.1124,36.1586],[-81.1524,36.1514],[-81.1893,36.1527],[-81.2076,36.1658],[-81.2255,36.1672],[-81.2434,36.1713],[-81.2697,36.16],[-81.286,36.1583],[-81.2989,36.1469],[-81.3163,36.1562]]]},"properties":{"ZCTA5CE20":"28697","AFFGEOID20":"860Z200US28697","GEOID20":"28697","NAME20":"28697","LSAD20":"Z5","ALAND20":161433973,"AWATER20":4652148}},
{"type":"Feature","geometry":{"type":"Polygon","coordinates":[[[-82.3837,35.6872],[-82.3762,35.6799],[-82.3844,35.656],[-82.3781,35.6499],[-82.3767,35.6075],[-82.359,35.6013],[-82.3492,35.6037],[-82.3517,35.5761],[-82.3428,35.5642],[-82.3257,35.5653],[-82.3067,35.5578],[-82.2899,35.5154],[-82.2937,35.508],[-82.2772,35.4879],[-82.2894,35.4762],[-82.2841,35.4644],[-82.267,35.4657],[-82.2457,35.4653],[-82.2357,35.4792],[-82.1883,35.478],[-82.1707,35.5077],[-82.169,35.5278],[-82.22,35.5531],[-82.2513,35.5599],[-82.2218,35.5839],[-82.2244,35.5941],[-82.1886,35.6153],[-82.1896,35.6202],[-82.2294,35.6151],[-82.2487,35.6152],[-82.2721,35.6218],[-82.2779,35.6185],[-82.287,35.6177],[-82.2871,35.6202],[-82.2803,35.6196],[-82.2759,35.6242],[-82.2719,35.6233],[-82.2752,35.6365],[-82.3111,35.6375],[-82.3192,35.6514],[-82.3136,35.6575],[-82.2856,35.661],[-82.284,35.6764],[-82.2949,35.6839],[-82.2887,35.6963],[-82.2754,35.7044],[-82.2759,35.7144],[-82.2913,35.7299],[-82.3131,35.7336],[-82.3351,35.7494],[-82.365,35.71],[-82.379,35.7007],[-82.3837,35.6872]]]},"properties":{"ZCTA5CE20":"28711","AFFGEOID20":"860Z200US28711","GEOID20":"28711","NAME20":"28711","LSAD20":"Z5","ALAND20":269102236,"AWATER20":1473837}},
{"type":"Feature","geometry":{"type":"Polygon","coordinates":[[[-75.4664,35.5791],[-75.4633,35.5614],[-75.4686,35.5359],[-75.4669,35.5358],[-75.4607,35.5783],[-75.4664,35.5791]]]},"properties":{"ZCTA5CE20":"27982","AFFGEOID20":"860Z200US27982","GEOID20":"27982","NAME20":"27982","LSAD20":"Z5","ALAND20":1711703,"AWATER20":31455}},
{"type":"Feature","geometry":{"type":"Polygon","coordinates":[[[-80.2116,34.6629],[-80.2379,34.6427],[-80.2229,34.6306],[-80.1901,34.623],[-80.1717,34.6133],[-80.1635,34.5929],[-80.1631,34.5746],[-80.1801,34.5588],[-80.1692,34.536],[-80.1593,34.5334],[-80.128,34.5472],[-80.1319,34.5247],[-80.1121,34.5289],[-80.1226,34.5426],[-80.1126,34.5499],[-80.0803,34.5338],[-80.0746,34.5397],[-80.0465,34.5394],[-80.0582,34.5199],[-80.0577,34.5006],[-80.0288,34.4864],[-79.9815,34.5016],[-79.9654,34.4877],[-79.9567,34.4867],[-79.9627,34.5021],[-79.9375,34.4972],[-79.9307,34.5162],[-79.9312,34.5405],[-79.9242,34.5511],[-79.9294,34.5681],[-79.9201,34.5717],[-79.9404,34.5825],[-79.9391,34.5935],[-79.9526,34.6027],[-79.9481,34.6163],[-79.9531,34.6247],[-79.9769,34.6278],[-80.0004,34.6225],[-80.0126,34.6251],[-80.0043,34.6514],[-80.0185,34.6603],[-80.0296,34.6398],[-80.0387,34.6455],[-80.056,34.6329],[-80.072,34.6396],[-80.0855,34.6309],[-80.0984,34.6383],[-80.1056,34.6259],[-80.1187,34.6228],[-80.1395,34.6377],[-80.1706,34.6418],[-80.2006,34.6605],[-80.2116,34.6629]]]},"properties":{"ZCTA5CE20":"29584","AFFGEOID20":"860Z200US29584","GEOID20":"29584","NAME20":"29584","LSAD20":"Z5","ALAND20":298030866,"AWATER20":886687}},
{"type":"Feature","geometry":{"type":"Polygon","coordinates":[[[-81.2679,32.8607],[-81.2631,32.8442],[-81.2485,32.8436],[-81.2399,32.8213],[-81.2206,32.826],[-81.2194,32.8435],[-81.2147,32.8575],[-81.2424,32.8709],[-81.2679,32.8607]]]},"properties":{"ZCTA5CE20":"29923","AFFGEOID20":"860Z200US29923","GEOID20":"29923","NAME20":"29923","LSAD20":"Z5","ALAND20":15984634,"AWATER20":0}},
{"type":"Feature","geometry":{"type":"Polygon","coordinates":[[[-79.1519,34.5767],[-79.1403,34.5668],[-79.1108,34.5748],[-79.0926,34.5572],[-79.0697,34.5403],[-79.0502,34.5444],[-79.037,34.541],[-79.0294,34.5291],[-79.0142,34.5435],[-79.0059,34.5434],[-78.9956,34.5276],[-78.9782,34.5168],[-78.9745,34.505],[-78.9897,34.5002],[-78.9722,34.4882],[-78.9539,34.4849],[-78.9472,34.4492],[-78.8958,34.4621],[-78.869,34.4848],[-78.8634,34.498],[-78.8464,34.5041],[-78.8566,34.5241],[-78.8608,34.5522],[-78.856,34.5721],[-78.8435,34.5786],[-78.8315,34.6088],[-78.8344,34.6216],[-78.8198,34.6456],[-78.8181,34.6643],[-78.8064,34.6751],[-78.8058,34.6896],[-78.8219,34.7097],[-78.8304,34.7139],[-78.8402,34.7139],[-78.8545,34.7352],[-78.8855,34.7346],[-78.8985,34.7303],[-78.9339,34.7407],[-78.9416,34.7281],[-78.957,34.7263],[-78.9618,34.7064],[-78.9974,34.7293],[-78.9992,34.6915],[-79.0136,34.6466],[-79.0208,34.6371],[-79.0743,34.6131],[-79.0999,34.6041],[-79.1104,34.5941],[-79.1519,34.5767]],[[-79.056,34.589],[-79.0528,34.589],[-79.0543,34.584],[-79.0562,34.5848],[-79.056,34.589]]]},"properties":{"ZCTA5CE20":"28358","AFFGEOID20":"860Z200US28358","GEOID20":"28358","NAME20":"28358","LSAD20":"Z5","ALAND20":509211208,"AWATER20":929487}},
{"type":"Feature","geometry":{"type":"Polygon","coordinates":[[[-81.157,32.4207],[-81.162,32.418],[-81.1531,32.3853],[-81.1511,32.3604],[-81.1438,32.3515],[-81.1314,32.3359],[-81.1298,32.314],[-81.1223,32.3054],[-81.1257,32.2837],[-81.1471,32.2496],[-81.1566,32.2439],[-81.1458,32.2323],[-81.1431,32.2217],[-81.1231,32.2013],[-81.1179,32.1853],[-81.1281,32.1691],[-81.1143,32.152],[-81.1199,32.134],[-81.1154,32.1147],[-81.0912,32.1109],[-81.0883,32.0999],[-81.0596,32.0886],[-81.0381,32.0837],[-81.0174,32.0988],[-80.9953,32.099],[-80.9837,32.083],[-80.9639,32.0746],[-80.9446,32.0777],[-80.9336,32.0876],[-80.9192,32.0773],[-80.923,32.0627],[-80.9069,32.0514],[-80.8793,32.081],[-80.9081,32.0782],[-80.9102,32.0879],[-80.8966,32.1025],[-80.8996,32.1111],[-80.9269,32.1195],[-80.9268,32.1368],[-80.9413,32.1372],[-80.9473,32.1295],[-80.9615,32.133],[-80.968,32.1495],[-80.9541,32.1484],[-80.9484,32.1674],[-80.9681,32.1832],[-80.9997,32.1949],[-80.996,32.2003],[-81.0123,32.2184],[-81.0125,32.2362],[-81.0002,32.2443],[-81.0018,32.2542],[-80.9925,32.2727],[-80.9942,32.2906],[-81.0064,32.3065],[-80.9694,32.3044],[-80.9642,32.3138],[-80.9581,32.3256],[-80.9619,32.3414],[-80.9573,32.3637],[-80.9983,32.3726],[-81.018,32.3722],[-81.035,32.3889],[-81.0496,32.3959],[-81.0793,32.4006],[-81.1009,32.4121],[-81.1045,32.4407],[-81.1281,32.4392],[-81.1486,32.4337],[-81.157,32.4207]]]},"properties":{"ZCTA5CE20":"29927","AFFGEOID20":"860Z200US29927","GEOID20":"29927","NAME20":"29927","LSAD20":"Z5","ALAND20":519052450,"AWATER20":16052661}},
{"type":"Feature","geometry":{"type":"Polygon","coordinates":[[[-79.4616,34.6303],[-79.45,34.621],[-79.4421,34.6145],[-79.4138,34.5912],[-79.4008,34.5917],[-79.3881,34.603],[-79.3957,34.6158],[-79.3789,34.617],[-79.3826,34.5983],[-79.3532,34.5978],[-79.33,34.6025],[-79.3187,34.6245],[-79.3095,34.6331],[-79.3044,34.6486],[-79.2954,34.6524],[-79.2896,34.6686],[-79.2677,34.6638],[-79.2455,34.6441],[-79.2457,34.6675],[-79.2377,34.6746],[-79.236,34.6798],[-79.2376,34.7024],[-79.2334,34.7185],[-79.2214,34.7262],[-79.2275,34.743],[-79.2137,34.7551],[-79.2077,34.7744],[-79.2144,34.7797],[-79.2517,34.7655],[-79.2605,34.7923],[-79.2427,34.8044],[-79.2331,34.8246],[-79.2481,34.8446],[-79.2758,34.8495],[-79.3002,34.8371],[-79.3479,34.8386],[-79.3519,34.8312],[-79.3554,34.8153],[-79.3344,34.7774],[-79.364,34.7709],[-79.37,34.7578],[-79.3991,34.7446],[-79.3857,34.7239],[-79.4237,34.706],[-79.4326,34.6844],[-79.419,34.6771],[-79.4616,34.6303]]]},"properties":{"ZCTA5CE20":"28364","AFFGEOID20":"860Z200US28364","GEOID20":"28364","NAME20":"28364","LSAD20":"Z5","ALAND20":347973500,"AWATER20":1559099}},
{"type":"Feature","geometry":{"type":"Polygon","coordinates":[[[-78.4385,35.2852],[-78.4257,35.2672],[-78.4003,35.2659],[-78.3879,35.2581],[-78.3927,35.24],[-78.4045,35.2381],[-78.4281,35.2515],[-78.4339,35.2499],[-78.4314,35.2269],[-78.4186,35.2234],[-78.4193,35.2087],[-78.4327,35.2044],[-78.4606,35.2167],[-78.4757,35.1989],[-78.4773,35.1765],[-78.4721,35.1634],[-78.4627,35.1485],[-78.4517,35.143],[-78.4408,35.1599],[-78.4299,35.1632],[-78.4132,35.1775],[-78.3901,35.1738],[-78.3644,35.1791],[-78.3419,35.1746],[-78.3235,35.1665],[-78.2893,35.1588],[-78.2782,35.1645],[-78.2581,35.159],[-78.279,35.1919],[-78.2783,35.2053],[-78.2633,35.2083],[-78.2653,35.2208],[-78.2597,35.2397],[-78.2671,35.2472],[-78.2839,35.2419],[-78.2961,35.2517],[-78.2853,35.2659],[-78.2935,35.2743],[-78.3066,35.2876],[-78.331,35.2947],[-78.3353,35.3106],[-78.3504,35.3126],[-78.3527,35.3236],[-78.3473,35.342],[-78.3635,35.3385],[-78.3633,35.3062],[-78.3741,35.3035],[-78.4056,35.3057],[-78.4112,35.3106],[-78.4416,35.3057],[-78.4385,35.2852]]]},"properties":{"ZCTA5CE20":"28366","AFFGEOID20":"860Z200US28366","GEOID20":"28366","NAME20":"28366","LSAD20":"Z5","ALAND20":222650261,"AWATER20":817919}},
{"type":"Feature","geometry":{"type":"Polygon","coordinates":[[[-79.0394,34.4632],[-79.037,34.4498],[-79.0511,34.4251],[-79.0612,34.4177],[-79.0788,34.4181],[-79.1092,34.4263],[-79.1126,34.4058],[-79.1018,34.3838],[-79.0747,34.3586],[-79.0862,34.344],[-79.1088,34.3309],[-79.0712,34.2993],[-79.0529,34.3146],[-79.0382,34.3134],[-79.0344,34.3226],[-79.0343,34.3385],[-79.025,34.3517],[-79.0109,34.3522],[-79.0012,34.3639],[-79.01,34.3803],[-78.995,34.3926],[-78.9682,34.3973],[-78.9711,34.4277],[-78.9599,34.4428],[-78.9472,34.4492],[-78.9539,34.4849],[-78.9722,34.4882],[-78.9897,34.5002],[-78.9745,34.505],[-78.9782,34.5168],[-78.9956,34.5276],[-79.0059,34.5434],[-79.0142,34.5435],[-79.0294,34.5291],[-79.0626,34.5017],[-79.0825,34.4784],[-79.0658,34.4728],[-79.0495,34.4938],[-79.0346,34.4815],[-79.0394,34.4632]]]},"properties":{"ZCTA5CE20":"28369","AFFGEOID20":"860Z200US28369","GEOID20":"28369","NAME20":"28369","LSAD20":"Z5","ALAND20":192768454,"AWATER20":163323}},
{"type":"Feature","geometry":{"type":"Polygon","coordinates":[[[-79.83,34.5319],[-79.8334,34.5103],[-79.8149,34.4972],[-79.8095,34.4861],[-79.7829,34.4978],[-79.7701,34.4963],[-79.7544,34.5041],[-79.7278,34.4968],[-79.7219,34.488],[-79.7328,34.4753],[-79.7493,34.468],[-79.7498,34.4506],[-79.7506,34.4368],[-79.725,34.4172],[-79.7252,34.4296],[-79.6978,34.4415],[-79.6695,34.4751],[-79.6711,34.496],[-79.6606,34.5167],[-79.6525,34.5163],[-79.655,34.5451],[-79.6592,34.5536],[-79.6279,34.568],[-79.598,34.5511],[-79.5931,34.5759],[-79.6057,34.5822],[-79.6038,34.5989],[-79.5809,34.6183],[-79.5708,34.6174],[-79.5727,34.6249],[-79.593,34.6373],[-79.5939,34.6486],[-79.5955,34.6683],[-79.6092,34.6695],[-79.6238,34.6784],[-79.6383,34.7086],[-79.6523,34.7152],[-79.6628,34.733],[-79.6177,34.7575],[-79.6213,34.7605],[-79.6561,34.789],[-79.6753,34.8047],[-79.7631,34.8059],[-79.7727,34.7895],[-79.7892,34.7818],[-79.7742,34.7395],[-79.7936,34.7265],[-79.7771,34.7231],[-79.7626,34.706],[-79.7786,34.693],[-79.8045,34.6587],[-79.7967,34.649],[-79.8012,34.6411],[-79.7776,34.6122],[-79.8091,34.599],[-79.8088,34.5847],[-79.8177,34.5732],[-79.824,34.5485],[-79.83,34.5319]]]},"properties":{"ZCTA5CE20":"29512","AFFGEOID20":"860Z200US29512","GEOID20":"29512","NAME20":"29512","LSAD20":"Z5","ALAND20":561834649,"AWATER20":7146509}},
{"type":"Feature","geometry":{"type":"Polygon","coordinates":[[[-77.7094,35.8012],[-77.7199,35.7852],[-77.7326,35.7817],[-77.7548,35.789],[-77.7728,35.7865],[-77.7717,35.7688],[-77.7524,35.7558],[-77.7435,35.7606],[-77.7263,35.7508],[-77.7193,35.7312],[-77.7021,35.714],[-77.6915,35.7249],[-77.6639,35.7217],[-77.6525,35.7089],[-77.6229,35.7119],[-77.6109,35.7178],[-77.6121,35.7313],[-77.5919,35.7229],[-77.5725,35.7302],[-77.5404,35.7262],[-77.5372,35.719],[-77.525,35.7202],[-77.5162,35.7154],[-77.5012,35.7164],[-77.498,35.7139],[-77.4899,35.6961],[-77.4897,35.6962],[-77.4973,35.7129],[-77.5009,35.719],[-77.5216,35.7294],[-77.5231,35.7413],[-77.5159,35.76],[-77.5343,35.777],[-77.5581,35.7919],[-77.5836,35.7872],[-77.591,35.7967],[-77.6045,35.7812],[-77.5873,35.7754],[-77.6082,35.7534],[-77.6645,35.7501],[-77.6718,35.7658],[-77.6755,35.7867],[-77.6987,35.7866],[-77.6971,35.8028],[-77.7094,35.8012]]]},"properties":{"ZCTA5CE20":"27852","AFFGEOID20":"860Z200US27852","GEOID20":"27852","NAME20":"27852","LSAD20":"Z5","ALAND20":124625342,"AWATER20":530721}},
{"type":"Feature","geometry":{"type":"Polygon","coordinates":[[[-77.1668,36.4558],[-77.1751,36.4408],[-77.1555,36.439],[-77.1613,36.4219],[-77.1726,36.4098],[-77.1581,36.3883],[-77.1651,36.3709],[-77.1595,36.3658],[-77.1513,36.372],[-77.1222,36.3775],[-77.0981,36.3736],[-77.0741,36.3634],[-77.0526,36.3864],[-77.0175,36.3794],[-77.004,36.3923],[-77.0002,36.4045],[-77.0177,36.4095],[-77.0285,36.4196],[-77.023,36.4268],[-76.9854,36.4246],[-76.9779,36.4227],[-76.957,36.4363],[-76.9801,36.4563],[-77.0088,36.4561],[-77.026,36.4601],[-77.0351,36.4557],[-77.0627,36.4534],[-77.0714,36.4457],[-77.0876,36.4465],[-77.0936,36.4723],[-77.132,36.4824],[-77.1668,36.4558]]]},"properties":{"ZCTA5CE20":"27855","AFFGEOID20":"860Z200US27855","GEOID20":"27855","NAME20":"27855","LSAD20":"Z5","ALAND20":142411484,"AWATER20":953155}},
{"type":"Feature","geometry":{"type":"Polygon","coordinates":[[[-80.0133,34.8084],[-80.0487,34.7666],[-80.0503,34.752],[-80.0326,34.7257],[-80.0202,34.7206],[-80.0165,34.7078],[-80.0033,34.6973],[-79.9903,34.6791],[-80.0027,34.6747],[-80.0043,34.6514],[-80.0126,34.6251],[-80.0004,34.6225],[-79.9769,34.6278],[-79.9531,34.6247],[-79.9481,34.6163],[-79.9526,34.6027],[-79.9391,34.5935],[-79.9404,34.5825],[-79.9201,34.5717],[-79.9086,34.5737],[-79.8899,34.5585],[-79.8791,34.5726],[-79.8822,34.5928],[-79.8689,34.5957],[-79.8581,34.5717],[-79.8546,34.5542],[-79.8315,34.5668],[-79.8221,34.5583],[-79.83,34.5319],[-79.824,34.5485],[-79.8177,34.5732],[-79.8088,34.5847],[-79.8091,34.599],[-79.7776,34.6122],[-79.8012,34.6411],[-79.7967,34.649],[-79.8181,34.6595],[-79.8301,34.6575],[-79.8402,34.6698],[-79.8594,34.6778],[-79.8729,34.6956],[-79.8787,34.7168],[-79.8918,34.7399],[-79.9252,34.7653],[-79.9346,34.7976],[-79.9307,34.8066],[-79.9689,34.8075],[-79.9851,34.8078],[-80.0133,34.8084]]]},"properties":{"ZCTA5CE20":"29520","AFFGEOID20":"860Z200US29520","GEOID20":"29520","NAME20":"29520","LSAD20":"Z5","ALAND20":341683089,"AWATER20":7055131}},
{"type":"Feature","geometry":{"type":"Polygon","coordinates":[[[-77.3393,36.0647],[-77.3314,36.05],[-77.3342,36.011],[-77.3553,35.9923],[-77.3688,36.0109],[-77.3932,36.0138],[-77.3966,35.9919],[-77.3927,35.9806],[-77.3679,35.986],[-77.3288,35.9558],[-77.3438,35.9446],[-77.3314,35.9353],[-77.3121,35.936],[-77.3075,35.9159],[-77.3079,35.9038],[-77.326,35.8868],[-77.3341,35.8718],[-77.288,35.8838],[-77.2989,35.8906],[-77.2832,35.9084],[-77.2766,35.9126],[-77.2705,35.9111],[-77.2317,35.9069],[-77.2086,35.8901],[-77.2049,35.9136],[-77.1872,35.9107],[-77.171,35.9093],[-77.153,35.9158],[-77.1419,35.914],[-77.1216,35.9231],[-77.1098,35.9206],[-77.0975,35.9281],[-77.1249,35.9267],[-77.1408,35.934],[-77.1628,35.9377],[-77.1704,35.9297],[-77.1858,35.9309],[-77.1984,35.9391],[-77.2121,35.9305],[-77.2155,35.9156],[-77.235,35.925],[-77.2509,35.9167],[-77.2611,35.9316],[-77.2372,35.9532],[-77.2242,35.9495],[-77.2151,35.9565],[-77.2023,35.9477],[-77.1903,35.9737],[-77.1967,35.9929],[-77.2124,35.9909],[-77.2127,35.9951],[-77.2085,36],[-77.2063,36.0068],[-77.2153,36.0138],[-77.2305,36.0156],[-77.2745,36.0337],[-77.2928,36.0451],[-77.3187,36.0554],[-77.3276,36.0714],[-77.3393,36.0647]]]},"properties":{"ZCTA5CE20":"27857","AFFGEOID20":"860Z200US27857","GEOID20":"27857","NAME20":"27857","LSAD20":"Z5","ALAND20":191353592,"AWATER20":132190}},
{"type":"Feature","geometry":{"type":"Polygon","coordinates":[[[-82.491,35.989],[-82.5055,35.9777],[-82.4715,35.965],[-82.4812,35.9508],[-82.472,35.9332],[-82.4698,35.9094],[-82.464,35.9],[-82.4487,35.8969],[-82.4392,35.8792],[-82.4236,35.8694],[-82.4175,35.8592],[-82.4196,35.8433],[-82.414,35.8198],[-82.4086,35.8182],[-82.3816,35.8241],[-82.3621,35.8213],[-82.3492,35.8119],[-82.3383,35.7961],[-82.3462,35.7862],[-82.3377,35.7682],[-82.3351,35.7494],[-82.3131,35.7336],[-82.2913,35.7299],[-82.2759,35.7144],[-82.2754,35.7044],[-82.2572,35.6993],[-82.2428,35.7124],[-82.1927,35.7365],[-82.1844,35.753],[-82.1764,35.7565],[-82.1583,35.7796],[-82.1679,35.7891],[-82.1474,35.8047],[-82.1335,35.8233],[-82.1438,35.8251],[-82.1403,35.8426],[-82.1462,35.8634],[-82.1453,35.8778],[-82.1694,35.8996],[-82.1505,35.8999],[-82.1427,35.9063],[-82.155,35.9208],[-82.1483,35.9329],[-82.1697,35.9286],[-82.1861,35.9437],[-82.2091,35.9288],[-82.2222,35.9255],[-82.2481,35.9599],[-82.2562,35.952],[-82.2734,35.9601],[-82.2861,35.9802],[-82.3008,35.9764],[-82.3309,35.9957],[-82.3456,35.9832],[-82.3483,36.0122],[-82.3609,36.0201],[-82.3675,36.0371],[-82.3853,36.041],[-82.3947,36.0349],[-82.4202,36.0316],[-82.441,36.0368],[-82.4607,36.0078],[-82.4823,35.9978],[-82.491,35.989]],[[-82.2236,35.9108],[-82.2219,35.9107],[-82.2169,35.9084],[-82.2207,35.9081],[-82.2236,35.9108]]]},"properties":{"ZCTA5CE20":"28714","AFFGEOID20":"860Z200US28714","GEOID20":"28714","NAME20":"28714","LSAD20":"Z5","ALAND20":667644953,"AWATER20":5879}},
{"type":"Feature","geometry":{"type":"Polygon","coordinates":[[[-82.9904,35.3676],[-82.9649,35.3334],[-82.9647,35.3153],[-82.9509,35.307],[-82.9273,35.3028],[-82.9209,35.292],[-82.8995,35.3055],[-82.8764,35.3146],[-82.832,35.3183],[-82.8149,35.3437],[-82.8051,35.348],[-82.7908,35.3734],[-82.7737,35.3939],[-82.7456,35.4073],[-82.7451,35.423],[-82.7556,35.4251],[-82.7817,35.4395],[-82.7865,35.4574],[-82.7982,35.4698],[-82.7858,35.4951],[-82.7781,35.5197],[-82.7802,35.5257],[-82.7659,35.5407],[-82.7775,35.5556],[-82.7659,35.5676],[-82.7843,35.5914],[-82.7977,35.5964],[-82.8131,35.6279],[-82.8464,35.6144],[-82.8605,35.5925],[-82.8522,35.5744],[-82.8673,35.5637],[-82.8706,35.53],[-82.8801,35.5213],[-82.8534,35.5263],[-82.849,35.5192],[-82.8613,35.5076],[-82.8891,35.5045],[-82.8871,35.4839],[-82.9085,35.4615],[-82.9249,35.4557],[-82.9466,35.4583],[-82.9599,35.4523],[-82.9714,35.4248],[-82.9635,35.4154],[-82.9746,35.3827],[-82.9904,35.3676]]]},"properties":{"ZCTA5CE20":"28716","AFFGEOID20":"860Z200US28716","GEOID20":"28716","NAME20":"28716","LSAD20":"Z5","ALAND20":410954969,"AWATER20":416221}},
{"type":"Feature","geometry":{"type":"Polygon","coordinates":[[[-83.0239,35.7372],[-83.0236,35.727],[-83.026,35.7243],[-83.029,35.7225],[-83.0352,35.7227],[-83.0338,35.7164],[-83.03,35.7042],[-83.0449,35.6994],[-83.0251,35.6761],[-82.9986,35.6708],[-82.9898,35.6603],[-82.9993,35.6285],[-82.9704,35.6212],[-82.9563,35.5923],[-82.9464,35.5788],[-82.9524,35.5657],[-82.946,35.5472],[-82.9573,35.5236],[-82.9463,35.5163],[-82.9046,35.5128],[-82.8801,35.5213],[-82.8706,35.53],[-82.8673,35.5637],[-82.8522,35.5744],[-82.8605,35.5925],[-82.8464,35.6144],[-82.8509,35.6326],[-82.8649,35.6347],[-82.8722,35.6576],[-82.8839,35.6782],[-82.899,35.6859],[-82.8986,35.7035],[-82.9104,35.7162],[-82.9077,35.728],[-82.9176,35.7448],[-82.9557,35.74],[-82.9723,35.7312],[-82.9875,35.7293],[-83.0078,35.7166],[-83.0237,35.7198],[-83.0271,35.7229],[-83.0238,35.7264],[-83.0229,35.7285],[-83.023,35.7303],[-83.0239,35.7372]]]},"properties":{"ZCTA5CE20":"28721","AFFGEOID20":"860Z200US28721","GEOID20":"28721","NAME20":"28721","LSAD20":"Z5","ALAND20":243452900,"AWATER20":0}},
{"type":"Feature","geometry":{"type":"Polygon","coordinates":[[[-81.7964,35.2859],[-81.7942,35.281],[-81.7918,35.2852],[-81.7964,35.2859]]]},"properties":{"ZCTA5CE20":"28019","AFFGEOID20":"860Z200US28019","GEOID20":"28019","NAME20":"28019","LSAD20":"Z5","ALAND20":136574,"AWATER20":0}},
{"type":"Feature","geometry":{"type":"Polygon","coordinates":[[[-79.5939,34.6486],[-79.593,34.6373],[-79.5727,34.6249],[-79.5585,34.6399],[-79.5754,34.6509],[-79.5939,34.6486]]]},"properties":{"ZCTA5CE20":"29594","AFFGEOID20":"860Z200US29594","GEOID20":"29594","NAME20":"29594","LSAD20":"Z5","ALAND20":5938085,"AWATER20":0}},
{"type":"Feature","geometry":{"type":"Polygon","coordinates":[[[-82.3848,34.8626],[-82.3875,34.8448],[-82.3789,34.827],[-82.3619,34.7895],[-82.3228,34.7355],[-82.3253,34.7288],[-82.3088,34.724],[-82.3014,34.7381],[-82.3041,34.7526],[-82.2982,34.7623],[-82.3161,34.7516],[-82.3262,34.7641],[-82.32,34.7742],[-82.3281,34.7879],[-82.3177,34.7933],[-82.2806,34.7909],[-82.2562,34.7933],[-82.2718,34.8114],[-82.2564,34.8241],[-82.278,34.8201],[-82.3141,34.8398],[-82.3319,34.8533],[-82.3562,34.8582],[-82.3593,34.88],[-82.3607,34.879],[-82.3591,34.8732],[-82.3636,34.8694],[-82.3664,34.8715],[-82.3848,34.8626]]]},"properties":{"ZCTA5CE20":"29607","AFFGEOID20":"860Z200US29607","GEOID20":"29607","NAME20":"29607","LSAD20":"Z5","ALAND20":75132716,"AWATER20":868290}},
{"type":"Feature","geometry":{"type":"Polygon","coordinates":[[[-80.755,35.4498],[-80.7504,35.4378],[-80.7599,35.4303],[-80.7484,35.4096],[-80.7595,35.4005],[-80.7378,35.3961],[-80.7405,35.3777],[-80.6938,35.3468],[-80.6836,35.3394],[-80.6689,35.3424],[-80.6584,35.3358],[-80.6322,35.3407],[-80.6102,35.3404],[-80.5972,35.3464],[-80.5876,35.3913],[-80.6014,35.4141],[-80.6073,35.4363],[-80.6186,35.4597],[-80.6189,35.4607],[-80.6492,35.4551],[-80.6816,35.4576],[-80.702,35.4846],[-80.7137,35.4946],[-80.7209,35.5058],[-80.7362,35.5041],[-80.7323,35.4846],[-80.7502,35.4767],[-80.755,35.4498]]]},"properties":{"ZCTA5CE20":"28027","AFFGEOID20":"860Z200US28027","GEOID20":"28027","NAME20":"28027","LSAD20":"Z5","ALAND20":178690492,"AWATER20":5089347}},
{"type":"Feature","geometry":{"type":"Polygon","coordinates":[[[-79.8554,35.9212],[-79.87,35.8959],[-79.8664,35.8764],[-79.8706,35.8621],[-79.8638,35.8644],[-79.8395,35.8477],[-79.8452,35.8331],[-79.8349,35.8269],[-79.8359,35.807],[-79.8506,35.7953],[-79.8583,35.7663],[-79.8538,35.7602],[-79.8277,35.7631],[-79.8293,35.7847],[-79.8108,35.7866],[-79.7995,35.7745],[-79.7983,35.7612],[-79.7498,35.7391],[-79.7318,35.7511],[-79.7312,35.7677],[-79.7668,35.8033],[-79.7625,35.8165],[-79.7712,35.8268],[-79.7619,35.847],[-79.7365,35.8548],[-79.7239,35.8631],[-79.7557,35.8737],[-79.7933,35.9016],[-79.7933,35.9102],[-79.8107,35.9225],[-79.8418,35.9239],[-79.8554,35.9212]]]},"properties":{"ZCTA5CE20":"27317","AFFGEOID20":"860Z200US27317","GEOID20":"27317","NAME20":"27317","LSAD20":"Z5","ALAND20":140179025,"AWATER20":10297620}},
{"type":"Feature","geometry":{"type":"Polygon","coordinates":[[[-79.7867,36.4284],[-79.7957,36.4205],[-79.8076,36.3937],[-79.8374,36.3768],[-79.831,36.3677],[-79.8538,36.3632],[-79.8529,36.3366],[-79.8831,36.3283],[-79.8842,36.3102],[-79.8088,36.2923],[-79.8224,36.2847],[-79.8499,36.2789],[-79.8383,36.2646],[-79.8264,36.269],[-79.8143,36.2632],[-79.8089,36.2495],[-79.784,36.2487],[-79.7725,36.2483],[-79.7409,36.2656],[-79.7274,36.2509],[-79.7162,36.2464],[-79.6457,36.2448],[-79.6252,36.2484],[-79.5937,36.2708],[-79.5828,36.2635],[-79.5729,36.2877],[-79.563,36.2846],[-79.5414,36.2571],[-79.5216,36.2698],[-79.5201,36.2796],[-79.5017,36.2808],[-79.476,36.2967],[-79.4548,36.288],[-79.4507,36.3026],[-79.4379,36.3143],[-79.4119,36.3153],[-79.4097,36.3413],[-79.3938,36.3471],[-79.3958,36.3659],[-79.4325,36.3583],[-79.4455,36.3671],[-79.4666,36.366],[-79.494,36.3528],[-79.5254,36.354],[-79.5242,36.3717],[-79.5318,36.3807],[-79.5299,36.401],[-79.5202,36.4357],[-79.5459,36.4241],[-79.576,36.4398],[-79.5989,36.4274],[-79.6256,36.4314],[-79.6335,36.443],[-79.6471,36.4489],[-79.6767,36.4472],[-79.6856,36.4631],[-79.7027,36.4668],[-79.7436,36.4408],[-79.7659,36.4425],[-79.7668,36.4354],[-79.7867,36.4284]]]},"properties":{"ZCTA5CE20":"27320","AFFGEOID20":"860Z200US27320","GEOID20":"27320","NAME20":"27320","LSAD20":"Z5","ALAND20":634244677,"AWATER20":8146021}},
{"type":"Feature","geometry":{"type":"Polygon","coordinates":[[[-80.7963,36.1901],[-80.7888,36.1768],[-80.7871,36.1604],[-80.7759,36.1457],[-80.7523,36.1539],[-80.7275,36.1403],[-80.7145,36.1481],[-80.7112,36.1689],[-80.7135,36.1911],[-80.7056,36.2101],[-80.6706,36.1962],[-80.6308,36.2005],[-80.6172,36.2086],[-80.6013,36.2053],[-80.5967,36.2235],[-80.6204,36.2295],[-80.6135,36.2453],[-80.6128,36.2614],[-80.5882,36.2595],[-80.589,36.2718],[-80.5622,36.2825],[-80.5797,36.2777],[-80.5928,36.2699],[-80.6314,36.2859],[-80.6285,36.273],[-80.643,36.2726],[-80.6533,36.2526],[-80.6698,36.251],[-80.6846,36.2688],[-80.713,36.2667],[-80.7225,36.2697],[-80.7409,36.2632],[-80.7485,36.2489],[-80.7452,36.2369],[-80.7533,36.2233],[-80.7676,36.2135],[-80.7757,36.1972],[-80.7963,36.1901]]]},"properties":{"ZCTA5CE20":"27011","AFFGEOID20":"860Z200US27011","GEOID20":"27011","NAME20":"27011","LSAD20":"Z5","ALAND20":133244143,"AWATER20":1417657}},
{"type":"Feature","geometry":{"type":"Polygon","coordinates":[[[-81.6029,34.0702],[-81.6278,34.0704],[-81.6351,34.0588],[-81.6345,34.0429],[-81.6401,34.0292],[-81.625,34.0254],[-81.6324,34.0114],[-81.6494,33.9994],[-81.6857,33.991],[-81.6868,33.977],[-81.6719,33.9639],[-81.6893,33.9533],[-81.6793,33.9439],[-81.6677,33.9446],[-81.6452,33.9237],[-81.6383,33.9189],[-81.6155,33.9244],[-81.6135,33.899],[-81.6006,33.9028],[-81.584,33.8897],[-81.5697,33.8869],[-81.5703,33.8578],[-81.5919,33.8587],[-81.5884,33.8453],[-81.5929,33.8326],[-81.5835,33.7953],[-81.5703,33.7973],[-81.5582,33.7837],[-81.5626,33.7745],[-81.5453,33.7539],[-81.5303,33.7544],[-81.5401,33.7279],[-81.5339,33.714],[-81.5213,33.708],[-81.5275,33.6946],[-81.5165,33.6916],[-81.4884,33.6951],[-81.4773,33.7034],[-81.4853,33.7143],[-81.478,33.7286],[-81.4343,33.7414],[-81.4108,33.731],[-81.427,33.7448],[-81.4317,33.769],[-81.4592,33.7952],[-81.4557,33.8404],[-81.4668,33.859],[-81.4817,33.8739],[-81.5022,33.8834],[-81.5143,33.9043],[-81.5243,33.9077],[-81.5311,33.9289],[-81.5505,33.9202],[-81.5591,33.9349],[-81.5542,33.9444],[-81.5706,33.9505],[-81.5802,33.967],[-81.5677,34.006],[-81.581,34.0313],[-81.5632,34.0357],[-81.5799,34.0585],[-81.5799,34.0671],[-81.5619,34.0796],[-81.6029,34.0702]]]},"properties":{"ZCTA5CE20":"29006","AFFGEOID20":"860Z200US29006","GEOID20":"29006","NAME20":"29006","LSAD20":"Z5","ALAND20":357645104,"AWATER20":6796501}},
{"type":"Feature","geometry":{"type":"Polygon","coordinates":[[[-79.43,35.5169],[-79.4257,35.4974],[-79.4156,35.4928],[-79.3914,35.4927],[-79.3821,35.487],[-79.3921,35.4717],[-79.3898,35.4615],[-79.3762,35.4559],[-79.3516,35.4595],[-79.3267,35.4349],[-79.3302,35.4246],[-79.3161,35.4187],[-79.3104,35.4085],[-79.2896,35.4004],[-79.2867,35.3789],[-79.2804,35.3815],[-79.2884,35.3989],[-79.2758,35.4076],[-79.2589,35.4085],[-79.2438,35.4272],[-79.2265,35.4301],[-79.216,35.4415],[-79.1916,35.4369],[-79.1585,35.4549],[-79.1305,35.4661],[-79.1087,35.4594],[-79.0794,35.4652],[-79.0677,35.4627],[-79.0437,35.4618],[-79.0377,35.4536],[-79.0225,35.4499],[-79.0063,35.4698],[-78.9944,35.4739],[-78.9942,35.4888],[-78.9573,35.5006],[-78.9698,35.5215],[-78.9696,35.5217],[-78.9956,35.5421],[-79.0166,35.5443],[-79.0456,35.5684],[-79.0531,35.5966],[-79.0687,35.6089],[-79.1013,35.624],[-79.142,35.6231],[-79.1621,35.6184],[-79.174,35.6312],[-79.199,35.6241],[-79.2108,35.6357],[-79.2189,35.6182],[-79.2306,35.6148],[-79.2169,35.5764],[-79.2338,35.5782],[-79.2526,35.566],[-79.2668,35.5519],[-79.2859,35.5565],[-79.3172,35.5434],[-79.3121,35.5305],[-79.3219,35.5246],[-79.3561,35.5182],[-79.43,35.5169]]]},"properties":{"ZCTA5CE20":"27330","AFFGEOID20":"860Z200US27330","GEOID20":"27330","NAME20":"27330","LSAD20":"Z5","ALAND20":545694244,"AWATER20":7425015}},
{"type":"Feature","geometry":{"type":"Polygon","coordinates":[[[-79.3216,35.9473],[-79.3131,35.9406],[-79.307,35.9511],[-79.3216,35.9473]]]},"properties":{"ZCTA5CE20":"27340","AFFGEOID20":"860Z200US27340","GEOID20":"27340","NAME20":"27340","LSAD20":"Z5","ALAND20":918972,"AWATER20":35273}},
{"type":"Feature","geometry":{"type":"Polygon","coordinates":[[[-79.6813,35.6097],[-79.7091,35.6066],[-79.7044,35.5895],[-79.7237,35.5842],[-79.7309,35.5623],[-79.7506,35.573],[-79.7834,35.5476],[-79.7976,35.5448],[-79.8124,35.5194],[-79.8128,35.511],[-79.789,35.5009],[-79.7865,35.4901],[-79.7851,35.466],[-79.776,35.4397],[-79.7699,35.4296],[-79.7476,35.4299],[-79.7381,35.4198],[-79.7253,35.4191],[-79.7106,35.4325],[-79.7107,35.441],[-79.6893,35.4608],[-79.6788,35.4843],[-79.6559,35.4787],[-79.6501,35.4838],[-79.6532,35.5018],[-79.6381,35.5137],[-79.5982,35.5166],[-79.5816,35.5241],[-79.5887,35.5371],[-79.5861,35.5466],[-79.605,35.5749],[-79.6065,35.5919],[-79.6209,35.6037],[-79.6339,35.6074],[-79.6634,35.604],[-79.6813,35.6097]]]},"properties":{"ZCTA5CE20":"27341","AFFGEOID20":"860Z200US27341","GEOID20":"27341","NAME20":"27341","LSAD20":"Z5","ALAND20":247796848,"AWATER20":228954}},
{"type":"Feature","geometry":{"type":"Polygon","coordinates":[[[-80.2907,36.3764],[-80.2905,36.3573],[-80.2685,36.3356],[-80.2666,36.3061],[-80.2849,36.299],[-80.2778,36.2719],[-80.2541,36.2498],[-80.2413,36.244],[-80.2413,36.2226],[-80.2345,36.2194],[-80.199,36.2035],[-80.1829,36.2193],[-80.1856,36.236],[-80.1799,36.2589],[-80.1832,36.2698],[-80.203,36.2685],[-80.2066,36.2917],[-80.2274,36.3168],[-80.2448,36.3288],[-80.244,36.3405],[-80.2234,36.3464],[-80.2319,36.3644],[-80.2689,36.3729],[-80.2907,36.3764]]]},"properties":{"ZCTA5CE20":"27019","AFFGEOID20":"860Z200US27019","GEOID20":"27019","NAME20":"27019","LSAD20":"Z5","ALAND20":92556908,"AWATER20":582414}},
{"type":"Feature","geometry":{"type":"Polygon","coordinates":[[[-80.4299,34.2643],[-80.4418,34.2612],[-80.4434,34.2338],[-80.4308,34.227],[-80.4218,34.213],[-80.3936,34.207],[-80.3723,34.1968],[-80.3894,34.1599],[-80.3645,34.1494],[-80.3381,34.1344],[-80.3385,34.1284],[-80.3019,34.1023],[-80.281,34.1084],[-80.277,34.0932],[-80.2531,34.1],[-80.2393,34.0981],[-80.2354,34.0841],[-80.2082,34.0835],[-80.2019,34.0686],[-80.1827,34.0535],[-80.1699,34.0603],[-80.1617,34.0845],[-80.1637,34.1044],[-80.1684,34.1153],[-80.1705,34.131],[-80.1677,34.1669],[-80.1939,34.1877],[-80.1659,34.19],[-80.1748,34.2041],[-80.1583,34.2157],[-80.1513,34.2632],[-80.137,34.2718],[-80.1725,34.2907],[-80.1762,34.3113],[-80.1856,34.3104],[-80.1943,34.332],[-80.177,34.3323],[-80.1768,34.3606],[-80.193,34.3628],[-80.2024,34.3462],[-80.2063,34.3391],[-80.2432,34.3245],[-80.2529,34.3407],[-80.2654,34.3446],[-80.2887,34.3641],[-80.2987,34.3574],[-80.283,34.3362],[-80.3003,34.3313],[-80.3063,34.3204],[-80.2819,34.3059],[-80.301,34.2979],[-80.3077,34.3072],[-80.3394,34.2964],[-80.3322,34.3192],[-80.3652,34.3277],[-80.3523,34.3009],[-80.338,34.2821],[-80.348,34.2735],[-80.36,34.2772],[-80.3967,34.2798],[-80.3916,34.2595],[-80.4213,34.2605],[-80.4299,34.2643]]]},"properties":{"ZCTA5CE20":"29010","AFFGEOID20":"860Z200US29010","GEOID20":"29010","NAME20":"29010","LSAD20":"Z5","ALAND20":514948563,"AWATER20":1434092}},
{"type":"Feature","geometry":{"type":"Polygon","coordinates":[[[-80.4157,36.302],[-80.4058,36.2808],[-80.4114,36.271],[-80.4057,36.2612],[-80.3427,36.2606],[-80.3105,36.2603],[-80.2977,36.2755],[-80.2778,36.2719],[-80.2849,36.299],[-80.2666,36.3061],[-80.2685,36.3356],[-80.2905,36.3573],[-80.2907,36.3764],[-80.2985,36.387],[-80.3188,36.3933],[-80.3469,36.3797],[-80.3596,36.3789],[-80.3753,36.3693],[-80.3888,36.345],[-80.3974,36.3401],[-80.4007,36.3131],[-80.4157,36.302]]]},"properties":{"ZCTA5CE20":"27021","AFFGEOID20":"860Z200US27021","GEOID20":"27021","NAME20":"27021","LSAD20":"Z5","ALAND20":139205874,"AWATER20":1305518}},
{"type":"Feature","geometry":{"type":"Polygon","coordinates":[[[-80.0299,36.4478],[-80.0523,36.4593],[-80.0978,36.4592],[-80.1051,36.4406],[-80.1354,36.4375],[-80.1454,36.4303],[-80.1445,36.4176],[-80.141,36.4034],[-80.138,36.4107],[-80.1177,36.4097],[-80.109,36.4275],[-80.0962,36.3864],[-80.0952,36.3686],[-80.0807,36.3537],[-80.0706,36.3662],[-80.0448,36.3641],[-80.0324,36.3559],[-80.0332,36.3274],[-80.0334,36.3194],[-79.9987,36.3187],[-79.9819,36.3286],[-79.9627,36.3315],[-79.9542,36.3001],[-79.9196,36.3065],[-79.906,36.279],[-79.8927,36.2832],[-79.8821,36.2996],[-79.8842,36.3102],[-79.8831,36.3283],[-79.8529,36.3366],[-79.8538,36.3632],[-79.831,36.3677],[-79.8374,36.3768],[-79.8076,36.3937],[-79.7957,36.4205],[-79.7867,36.4284],[-79.8056,36.4351],[-79.8154,36.4495],[-79.809,36.4299],[-79.8271,36.423],[-79.8713,36.3977],[-79.8893,36.3907],[-79.8988,36.3932],[-79.9314,36.3903],[-79.9377,36.4078],[-79.9755,36.4024],[-80.0208,36.4265],[-80.0299,36.4478]]]},"properties":{"ZCTA5CE20":"27025","AFFGEOID20":"860Z200US27025","GEOID20":"27025","NAME20":"27025","LSAD20":"Z5","ALAND20":253139050,"AWATER20":1427831}},
{"type":"Feature","geometry":{"type":"Polygon","coordinates":[[[-79.8198,36.0357],[-79.8367,36.0232],[-79.8358,36.0135],[-79.8587,36.0015],[-79.8501,35.9853],[-79.8644,35.9708],[-79.847,35.9598],[-79.8556,35.9505],[-79.8687,35.9497],[-79.8765,35.9401],[-79.8613,35.9173],[-79.8554,35.9212],[-79.8418,35.9239],[-79.8107,35.9225],[-79.7933,35.9102],[-79.7918,35.961],[-79.7823,35.9708],[-79.7658,35.9685],[-79.7479,35.9948],[-79.736,35.9807],[-79.7103,35.9666],[-79.6964,35.958],[-79.6811,35.9609],[-79.6726,35.9749],[-79.6603,35.9792],[-79.65,35.992],[-79.6561,36.0014],[-79.6707,36.0065],[-79.665,36.0184],[-79.6731,36.029],[-79.6644,36.0478],[-79.6779,36.058],[-79.6859,36.0536],[-79.7141,36.0559],[-79.7392,36.0533],[-79.7693,36.0464],[-79.7674,36.0635],[-79.7994,36.0642],[-79.8198,36.0357]]]},"properties":{"ZCTA5CE20":"27406","AFFGEOID20":"860Z200US27406","GEOID20":"27406","NAME20":"27406","LSAD20":"Z5","ALAND20":179661304,"AWATER20":2070181}},
{"type":"Feature","geometry":{"type":"Polygon","coordinates":[[[-80.6947,36.031],[-80.6954,36.0212],[-80.7159,36.0103],[-80.6973,35.9962],[-80.6988,35.9757],[-80.679,35.9656],[-80.6866,35.9346],[-80.672,35.9162],[-80.6913,35.9025],[-80.7056,35.8835],[-80.7066,35.8699],[-80.6977,35.8629],[-80.6921,35.8634],[-80.6926,35.8621],[-80.6929,35.8602],[-80.6927,35.8581],[-80.6934,35.8538],[-80.6955,35.8547],[-80.6965,35.8547],[-80.6989,35.8532],[-80.6993,35.8508],[-80.7018,35.8509],[-80.7056,35.8524],[-80.7075,35.8521],[-80.7002,35.8505],[-80.6991,35.8508],[-80.6985,35.8533],[-80.6961,35.8547],[-80.6934,35.8536],[-80.6929,35.8543],[-80.6925,35.8623],[-80.6918,35.8635],[-80.6874,35.8598],[-80.6768,35.8558],[-80.6646,35.845],[-80.632,35.8457],[-80.6099,35.829],[-80.5947,35.8274],[-80.5679,35.812],[-80.5478,35.8167],[-80.5562,35.8025],[-80.5341,35.7862],[-80.5067,35.7777],[-80.5003,35.7835],[-80.4718,35.7684],[-80.4589,35.7428],[-80.4506,35.766],[-80.4558,35.7736],[-80.4597,35.7751],[-80.4716,35.7831],[-80.4767,35.7891],[-80.477,35.791],[-80.476,35.7944],[-80.4739,35.798],[-80.4644,35.805],[-80.4669,35.8139],[-80.4765,35.83],[-80.47,35.8372],[-80.4626,35.8531],[-80.4447,35.8716],[-80.4561,35.8974],[-80.4776,35.9093],[-80.4641,35.919],[-80.4627,35.9464],[-80.4582,35.9669],[-80.4724,35.9678],[-80.4765,35.9795],[-80.4935,35.9849],[-80.5122,35.9699],[-80.5114,35.9895],[-80.4979,36.0065],[-80.4952,36.0338],[-80.4872,36.0432],[-80.4963,36.0465],[-80.5984,36.0477],[-80.6557,36.0497],[-80.6626,36.0381],[-80.6947,36.031]]]},"properties":{"ZCTA5CE20":"27028","AFFGEOID20":"860Z200US27028","GEOID20":"27028","NAME20":"27028","LSAD20":"Z5","ALAND20":499340150,"AWATER20":4591100}},
{"type":"Feature","geometry":{"type":"Polygon","coordinates":[[[-80.7244,36.5623],[-80.7291,36.5471],[-80.7433,36.5507],[-80.7504,36.5328],[-80.7865,36.5377],[-80.7807,36.5102],[-80.7843,36.4914],[-80.8018,36.4898],[-80.8365,36.5063],[-80.8374,36.491],[-80.8256,36.4824],[-80.8569,36.4742],[-80.8436,36.4739],[-80.8167,36.4561],[-80.8023,36.4356],[-80.783,36.4333],[-80.7687,36.4583],[-80.7449,36.4585],[-80.7233,36.4324],[-80.7048,36.4256],[-80.7174,36.4122],[-80.6917,36.3969],[-80.6835,36.3754],[-80.6733,36.3612],[-80.6533,36.3712],[-80.6426,36.3713],[-80.6211,36.3818],[-80.6245,36.398],[-80.6138,36.4093],[-80.6124,36.4248],[-80.6187,36.434],[-80.6023,36.44],[-80.5709,36.4284],[-80.5652,36.4391],[-80.5375,36.4404],[-80.5193,36.4564],[-80.5236,36.4672],[-80.5068,36.4895],[-80.4796,36.4884],[-80.4758,36.4989],[-80.4375,36.4955],[-80.4186,36.4877],[-80.4078,36.4985],[-80.4184,36.5039],[-80.4143,36.5273],[-80.4212,36.5356],[-80.3903,36.5416],[-80.3826,36.548],[-80.408,36.5491],[-80.5481,36.5552],[-80.5927,36.5571],[-80.7142,36.5623],[-80.7244,36.5623]]]},"properties":{"ZCTA5CE20":"27030","AFFGEOID20":"860Z200US27030","GEOID20":"27030","NAME20":"27030","LSAD20":"Z5","ALAND20":441391894,"AWATER20":2785407}},
{"type":"Feature","geometry":{"type":"Polygon","coordinates":[[[-81.9204,34.9625],[-81.8997,34.9578],[-81.9004,34.9497],[-81.8725,34.9538],[-81.8644,34.9431],[-81.8401,34.9442],[-81.835,34.9499],[-81.8317,34.9424],[-81.8059,34.9526],[-81.7828,34.9447],[-81.7714,34.9283],[-81.7505,34.9265],[-81.7386,34.9283],[-81.7359,34.9371],[-81.7482,34.9394],[-81.7552,34.9538],[-81.7468,34.973],[-81.7472,34.9879],[-81.7596,34.9904],[-81.7557,35.0063],[-81.7641,34.9972],[-81.7783,35.0064],[-81.7966,35.0078],[-81.806,34.9962],[-81.8197,34.9974],[-81.8243,35.0087],[-81.8206,35.0291],[-81.8435,35.0263],[-81.8478,35.0389],[-81.8636,35.0528],[-81.8909,35.0493],[-81.8977,35.036],[-81.896,34.9923],[-81.9151,34.9734],[-81.906,34.9789],[-81.9042,34.969],[-81.9149,34.9651],[-81.9204,34.9625]],[[-81.8197,34.9974],[-81.8317,34.9852],[-81.8347,34.9914],[-81.8415,34.9928],[-81.8393,34.9984],[-81.8323,34.9922],[-81.8197,34.9974]]]},"properties":{"ZCTA5CE20":"29307","AFFGEOID20":"860Z200US29307","GEOID20":"29307","NAME20":"29307","LSAD20":"Z5","ALAND20":115851811,"AWATER20":1264618}},
{"type":"Feature","geometry":{"type":"Polygon","coordinates":[[[-82.0046,34.9609],[-81.9967,34.9536],[-81.9815,34.9543],[-81.9815,34.9609],[-82.0046,34.9609]]]},"properties":{"ZCTA5CE20":"29320","AFFGEOID20":"860Z200US29320","GEOID20":"29320","NAME20":"29320","LSAD20":"Z5","ALAND20":1599822,"AWATER20":840}},
{"type":"Feature","geometry":{"type":"Polygon","coordinates":[[[-81.9125,34.2973],[-81.9254,34.2917],[-81.9243,34.2681],[-81.9035,34.2733],[-81.9032,34.2633],[-81.9151,34.2571],[-81.9156,34.2405],[-81.9238,34.2309],[-81.9157,34.2215],[-81.9172,34.192],[-81.9314,34.1988],[-81.9382,34.2074],[-81.945,34.2031],[-81.9267,34.1959],[-81.917,34.177],[-81.9045,34.1764],[-81.9077,34.1619],[-81.8957,34.1455],[-81.8836,34.1426],[-81.8705,34.1299],[-81.8873,34.1182],[-81.8874,34.0955],[-81.9033,34.0827],[-81.9,34.0727],[-81.8783,34.0595],[-81.8484,34.0662],[-81.8433,34.1006],[-81.8298,34.1021],[-81.815,34.1163],[-81.8142,34.1475],[-81.786,34.1671],[-81.8108,34.1754],[-81.8284,34.1732],[-81.8285,34.1897],[-81.8175,34.2054],[-81.8237,34.222],[-81.8449,34.2199],[-81.849,34.2293],[-81.8408,34.2394],[-81.8476,34.2519],[-81.8438,34.2619],[-81.8511,34.2739],[-81.8468,34.2852],[-81.8626,34.3005],[-81.8697,34.3141],[-81.8934,34.312],[-81.9125,34.2973]]]},"properties":{"ZCTA5CE20":"29037","AFFGEOID20":"860Z200US29037","GEOID20":"29037","NAME20":"29037","LSAD20":"Z5","ALAND20":179006047,"AWATER20":4659652}},
{"type":"Feature","geometry":{"type":"Polygon","coordinates":[[[-81.064,33.4529],[-81.098,33.4361],[-81.0772,33.4276],[-81.0712,33.4125],[-81.0718,33.3846],[-81.0824,33.3755],[-81.0739,33.3684],[-81.0554,33.354],[-81.0048,33.3363],[-80.9853,33.327],[-80.9639,33.311],[-80.9488,33.308],[-80.8871,33.2642],[-80.8822,33.2744],[-80.885,33.2924],[-80.8851,33.3018],[-80.8728,33.3178],[-80.8879,33.3477],[-80.8856,33.3597],[-80.8959,33.3622],[-80.9003,33.3784],[-80.9201,33.3765],[-80.9238,33.3918],[-80.9189,33.4014],[-80.9295,33.4099],[-80.947,33.4008],[-80.9545,33.4098],[-80.9619,33.4326],[-80.979,33.4458],[-81.0049,33.4569],[-81.0212,33.4567],[-81.0172,33.4749],[-81.0353,33.4692],[-81.0385,33.4533],[-81.064,33.4529]]]},"properties":{"ZCTA5CE20":"29038","AFFGEOID20":"860Z200US29038","GEOID20":"29038","NAME20":"29038","LSAD20":"Z5","ALAND20":218274364,"AWATER20":1010552}},
{"type":"Feature","geometry":{"type":"Polygon","coordinates":[[[-80.4009,34.1575],[-80.4037,34.1503],[-80.4263,34.151],[-80.4179,34.1288],[-80.4356,34.1215],[-80.4505,34.1284],[-80.4635,34.1221],[-80.4693,34.1079],[-80.4435,34.0971],[-80.4544,34.0813],[-80.4433,34.0667],[-80.4342,34.0462],[-80.4437,34.0315],[-80.4707,34.0342],[-80.5017,34.0292],[-80.5117,34.0393],[-80.5274,34.0239],[-80.5394,34.0193],[-80.5405,33.9872],[-80.5404,33.981],[-80.5059,33.988],[-80.4944,33.9933],[-80.4545,33.9904],[-80.4485,33.9816],[-80.4392,33.9762],[-80.4206,33.9935],[-80.4147,34.0048],[-80.3926,34.0183],[-80.3864,34.0295],[-80.3845,34.0515],[-80.4064,34.0708],[-80.3956,34.0895],[-80.3787,34.0807],[-80.372,34.114],[-80.3602,34.1249],[-80.3381,34.1344],[-80.3645,34.1494],[-80.3894,34.1599],[-80.4009,34.1575]]]},"properties":{"ZCTA5CE20":"29040","AFFGEOID20":"860Z200US29040","GEOID20":"29040","NAME20":"29040","LSAD20":"Z5","ALAND20":140900234,"AWATER20":587271}},
{"type":"Feature","geometry":{"type":"Polygon","coordinates":[[[-80.2689,36.3729],[-80.2319,36.3644],[-80.2234,36.3464],[-80.244,36.3405],[-80.2448,36.3288],[-80.2274,36.3168],[-80.2066,36.2917],[-80.203,36.2685],[-80.1832,36.2698],[-80.1799,36.2589],[-80.1856,36.236],[-80.1829,36.2193],[-80.1692,36.2241],[-80.1477,36.2209],[-80.1395,36.209],[-80.1232,36.2154],[-80.1044,36.2426],[-80.1059,36.258],[-80.0858,36.2578],[-80.0725,36.2726],[-80.0351,36.2595],[-80.0334,36.3194],[-80.0332,36.3274],[-80.0575,36.3112],[-80.0701,36.3208],[-80.0699,36.3476],[-80.0807,36.3537],[-80.0952,36.3686],[-80.0962,36.3864],[-80.109,36.4275],[-80.1177,36.4097],[-80.138,36.4107],[-80.141,36.4034],[-80.1591,36.4002],[-80.1853,36.4013],[-80.1904,36.4102],[-80.2087,36.4002],[-80.2542,36.3995],[-80.2689,36.3729]]]},"properties":{"ZCTA5CE20":"27052","AFFGEOID20":"860Z200US27052","GEOID20":"27052","NAME20":"27052","LSAD20":"Z5","ALAND20":256310603,"AWATER20":11755340}},
{"type":"Feature","geometry":{"type":"Polygon","coordinates":[[[-80.4796,36.4884],[-80.4756,36.4799],[-80.4478,36.4751],[-80.4351,36.4598],[-80.4,36.4548],[-80.3803,36.4373],[-80.3565,36.4373],[-80.337,36.4283],[-80.3448,36.4048],[-80.3669,36.3962],[-80.3596,36.3789],[-80.3469,36.3797],[-80.3188,36.3933],[-80.3055,36.3926],[-80.2763,36.4012],[-80.2658,36.4135],[-80.2552,36.4071],[-80.2496,36.4281],[-80.2664,36.433],[-80.2923,36.4253],[-80.2881,36.4425],[-80.2902,36.4708],[-80.2833,36.4833],[-80.2913,36.4999],[-80.3013,36.5042],[-80.2952,36.5208],[-80.2951,36.544],[-80.3826,36.548],[-80.3903,36.5416],[-80.4212,36.5356],[-80.4143,36.5273],[-80.4184,36.5039],[-80.4078,36.4985],[-80.4186,36.4877],[-80.4375,36.4955],[-80.4758,36.4989],[-80.4796,36.4884]]]},"properties":{"ZCTA5CE20":"27053","AFFGEOID20":"860Z200US27053","GEOID20":"27053","NAME20":"27053","LSAD20":"Z5","ALAND20":180165181,"AWATER20":1146529}},
{"type":"Feature","geometry":{"type":"Polygon","coordinates":[[[-80.7912,34.0022],[-80.7662,34.0028],[-80.7656,33.964],[-80.7546,33.9601],[-80.7561,33.9458],[-80.7831,33.9406],[-80.7967,33.9602],[-80.8095,33.947],[-80.8234,33.9436],[-80.8179,33.9134],[-80.7987,33.9078],[-80.7834,33.8862],[-80.7943,33.8705],[-80.7704,33.883],[-80.7656,33.8724],[-80.687,33.8606],[-80.6835,33.844],[-80.6897,33.8328],[-80.6848,33.8236],[-80.6712,33.8241],[-80.6349,33.7895],[-80.6451,33.753],[-80.6328,33.7437],[-80.6201,33.7432],[-80.6111,33.7515],[-80.5977,33.7775],[-80.6009,33.7999],[-80.6151,33.816],[-80.6161,33.8343],[-80.6328,33.8503],[-80.6253,33.8668],[-80.6196,33.8787],[-80.6259,33.8888],[-80.6245,33.9055],[-80.6341,33.9173],[-80.6207,33.9359],[-80.6281,33.9476],[-80.6233,33.9683],[-80.6411,33.9833],[-80.641,33.9994],[-80.601,34.0394],[-80.6075,34.0433],[-80.6395,34.043],[-80.6483,34.0519],[-80.6725,34.0504],[-80.6867,34.0645],[-80.702,34.0606],[-80.7206,34.0662],[-80.7511,34.0437],[-80.7805,34.0396],[-80.774,34.0281],[-80.7912,34.0022]]]},"properties":{"ZCTA5CE20":"29044","AFFGEOID20":"860Z200US29044","GEOID20":"29044","NAME20":"29044","LSAD20":"Z5","ALAND20":355067961,"AWATER20":5015185}},
{"type":"Feature","geometry":{"type":"Polygon","coordinates":[[[-82.2084,34.4823],[-82.2028,34.4584],[-82.1789,34.4391],[-82.1599,34.4283],[-82.1438,34.4091],[-82.1287,34.4085],[-82.114,34.3838],[-82.0889,34.3816],[-82.0752,34.3718],[-82.0538,34.3756],[-82.0526,34.3957],[-82.0514,34.4096],[-82.0339,34.4325],[-82.0195,34.4425],[-82.0037,34.443],[-81.9821,34.4364],[-81.968,34.4257],[-81.9727,34.4496],[-81.9288,34.4727],[-81.9447,34.4801],[-81.933,34.4952],[-81.9198,34.526],[-81.8979,34.5442],[-81.912,34.5585],[-81.9118,34.5778],[-81.8998,34.599],[-81.9245,34.6016],[-81.9313,34.6094],[-81.9508,34.6086],[-81.9745,34.5998],[-81.9889,34.5887],[-81.9915,34.5769],[-81.9941,34.5598],[-82.0152,34.5683],[-82.0363,34.5687],[-82.0568,34.5775],[-82.0875,34.5697],[-82.0816,34.5562],[-82.0918,34.5341],[-82.1199,34.5324],[-82.1411,34.5222],[-82.1739,34.5179],[-82.1941,34.5046],[-82.2084,34.4823]]]},"properties":{"ZCTA5CE20":"29360","AFFGEOID20":"860Z200US29360","GEOID20":"29360","NAME20":"29360","LSAD20":"Z5","ALAND20":389349368,"AWATER20":1325681}},
{"type":"Feature","geometry":{"type":"Polygon","coordinates":[[[-78.631,35.731],[-78.6406,35.7309],[-78.6396,35.7076],[-78.6529,35.6821],[-78.6354,35.6589],[-78.6347,35.6523],[-78.6147,35.6424],[-78.6174,35.6315],[-78.5991,35.5954],[-78.6124,35.5891],[-78.6073,35.5648],[-78.5905,35.571],[-78.5598,35.552],[-78.5584,35.552],[-78.5358,35.5851],[-78.517,35.5754],[-78.5094,35.5842],[-78.5228,35.5917],[-78.5194,35.6018],[-78.5337,35.6061],[-78.5367,35.6396],[-78.5224,35.6478],[-78.5328,35.6585],[-78.523,35.6807],[-78.54,35.6901],[-78.5574,35.6901],[-78.5643,35.6982],[-78.5818,35.7025],[-78.5714,35.7403],[-78.583,35.7364],[-78.607,35.7378],[-78.6112,35.7319],[-78.631,35.731]]]},"properties":{"ZCTA5CE20":"27529","AFFGEOID20":"860Z200US27529","GEOID20":"27529","NAME20":"27529","LSAD20":"Z5","ALAND20":149437634,"AWATER20":2213750}},
{"type":"Feature","geometry":{"type":"Polygon","coordinates":[[[-81.7505,34.9265],[-81.75,34.9214],[-81.7392,34.9226],[-81.7386,34.9283],[-81.7505,34.9265]]]},"properties":{"ZCTA5CE20":"29373","AFFGEOID20":"860Z200US29373","GEOID20":"29373","NAME20":"29373","LSAD20":"Z5","ALAND20":818508,"AWATER20":0}},
{"type":"Feature","geometry":{"type":"Polygon","coordinates":[[[-81.1944,33.7967],[-81.1852,33.779],[-81.1887,33.7663],[-81.1687,33.7581],[-81.1529,33.7615],[-81.1392,33.7578],[-81.1177,33.7723],[-81.0978,33.7922],[-81.0872,33.7911],[-81.0835,33.8108],[-81.0591,33.7835],[-81.0473,33.7971],[-81.0315,33.7844],[-81.0235,33.7881],[-80.9927,33.7857],[-80.9816,33.7963],[-80.9601,33.8058],[-80.9629,33.8264],[-80.9526,33.8413],[-80.9651,33.8467],[-80.9866,33.8484],[-81.0028,33.863],[-80.9983,33.8695],[-80.9973,33.8745],[-80.999,33.8771],[-81.0083,33.8791],[-81.014,33.8794],[-81.0349,33.872],[-81.0499,33.8594],[-81.056,33.8728],[-81.0828,33.8843],[-81.0792,33.8938],[-81.1123,33.8871],[-81.139,33.8916],[-81.1608,33.8801],[-81.1626,33.8598],[-81.1791,33.8485],[-81.1751,33.8393],[-81.1894,33.8236],[-81.1817,33.8182],[-81.1944,33.7967]]]},"properties":{"ZCTA5CE20":"29053","AFFGEOID20":"860Z200US29053","GEOID20":"29053","NAME20":"29053","LSAD20":"Z5","ALAND20":208236481,"AWATER20":1945747}},
{"type":"Feature","geometry":{"type":"Polygon","coordinates":[[[-79.0304,35.3126],[-79.0099,35.3025],[-79.0217,35.2937],[-79.0094,35.2743],[-78.9943,35.2872],[-78.9939,35.2966],[-78.9699,35.2996],[-78.9634,35.3113],[-78.9447,35.3039],[-78.9432,35.2872],[-78.9328,35.2967],[-78.9196,35.295],[-78.892,35.3133],[-78.8916,35.328],[-78.8653,35.3564],[-78.8479,35.3678],[-78.8352,35.3608],[-78.8175,35.3406],[-78.7749,35.3333],[-78.7596,35.326],[-78.7469,35.334],[-78.7342,35.3385],[-78.7263,35.351],[-78.7433,35.363],[-78.7543,35.3821],[-78.7503,35.3969],[-78.7186,35.3824],[-78.7082,35.415],[-78.718,35.4223],[-78.737,35.4477],[-78.757,35.4564],[-78.7738,35.4513],[-78.7801,35.4609],[-78.8105,35.4545],[-78.8134,35.449],[-78.8392,35.4425],[-78.8813,35.4625],[-78.9316,35.4799],[-78.9414,35.4794],[-78.9203,35.4668],[-78.9388,35.4519],[-78.9387,35.4451],[-78.9582,35.4398],[-78.9652,35.4192],[-78.962,35.3832],[-78.9578,35.3788],[-78.9707,35.3621],[-78.9702,35.355],[-79.0058,35.3541],[-79.0005,35.3346],[-79.0304,35.3126]],[[-78.7452,35.4063],[-78.7444,35.4125],[-78.7351,35.4127],[-78.7395,35.4055],[-78.7452,35.4063]]]},"properties":{"ZCTA5CE20":"27546","AFFGEOID20":"860Z200US27546","GEOID20":"27546","NAME20":"27546","LSAD20":"Z5","ALAND20":317366706,"AWATER20":5863511}},
{"type":"Feature","geometry":{"type":"Polygon","coordinates":[[[-80.8944,34.4943],[-80.8987,34.4867],[-80.8882,34.4679],[-80.8792,34.4578],[-80.7838,34.5154],[-80.7889,34.4997],[-80.8095,34.4942],[-80.8019,34.4782],[-80.7836,34.4783],[-80.7786,34.4683],[-80.7632,34.4624],[-80.7517,34.4751],[-80.7132,34.4875],[-80.699,34.485],[-80.6703,34.4897],[-80.6584,34.4786],[-80.6468,34.4825],[-80.6413,34.5011],[-80.6581,34.5062],[-80.6398,34.5388],[-80.651,34.5423],[-80.662,34.5597],[-80.6472,34.5638],[-80.6468,34.5804],[-80.6228,34.5901],[-80.5911,34.5952],[-80.5961,34.6116],[-80.5864,34.6385],[-80.5913,34.6581],[-80.5805,34.6792],[-80.5937,34.6815],[-80.6066,34.672],[-80.6192,34.6855],[-80.6345,34.6884],[-80.6695,34.6527],[-80.6887,34.6529],[-80.7039,34.6445],[-80.7289,34.6214],[-80.7634,34.6219],[-80.776,34.606],[-80.7992,34.5919],[-80.8256,34.5901],[-80.841,34.5946],[-80.8497,34.5846],[-80.8823,34.5847],[-80.8731,34.5569],[-80.8773,34.5477],[-80.8762,34.525],[-80.8817,34.5001],[-80.8944,34.4943]]]},"properties":{"ZCTA5CE20":"29058","AFFGEOID20":"860Z200US29058","GEOID20":"29058","NAME20":"29058","LSAD20":"Z5","ALAND20":374966379,"AWATER20":4134808}},
{"type":"Feature","geometry":{"type":"Polygon","coordinates":[[[-80.2819,36.1373],[-80.2793,36.1302],[-80.2701,36.131],[-80.2819,36.1373]]]},"properties":{"ZCTA5CE20":"27109","AFFGEOID20":"860Z200US27109","GEOID20":"27109","NAME20":"27109","LSAD20":"Z5","ALAND20":788303,"AWATER20":0}},
{"type":"Feature","geometry":{"type":"Polygon","coordinates":[[[-79.4875,36.0402],[-79.4856,36.036],[-79.4874,36.0317],[-79.4833,36.0301],[-79.4824,36.0365],[-79.4875,36.0402]]]},"properties":{"ZCTA5CE20":"27201","AFFGEOID20":"860Z200US27201","GEOID20":"27201","NAME20":"27201","LSAD20":"Z5","ALAND20":566069,"AWATER20":13971}},
{"type":"Feature","geometry":{"type":"Polygon","coordinates":[[[-81.5619,34.0796],[-81.5799,34.0671],[-81.5799,34.0585],[-81.5632,34.0357],[-81.581,34.0313],[-81.5677,34.006],[-81.5802,33.967],[-81.5706,33.9505],[-81.5542,33.9444],[-81.5591,33.9349],[-81.5505,33.9202],[-81.5311,33.9289],[-81.5243,33.9077],[-81.5143,33.9043],[-81.5022,33.8834],[-81.4817,33.8739],[-81.4668,33.859],[-81.4557,33.8404],[-81.4592,33.7952],[-81.4317,33.769],[-81.427,33.7448],[-81.4108,33.731],[-81.376,33.7248],[-81.3667,33.7285],[-81.3115,33.7087],[-81.2904,33.6941],[-81.2828,33.6943],[-81.2909,33.727],[-81.3167,33.7454],[-81.3247,33.7673],[-81.3377,33.7763],[-81.3477,33.7968],[-81.3491,33.8118],[-81.3584,33.8092],[-81.384,33.819],[-81.3919,33.8282],[-81.3804,33.8707],[-81.4142,33.8864],[-81.4072,33.8942],[-81.4118,33.9057],[-81.4065,33.9163],[-81.4155,33.9341],[-81.4107,33.9448],[-81.4337,33.9752],[-81.428,33.9792],[-81.4364,33.9975],[-81.4329,34.0193],[-81.4385,34.0271],[-81.3944,34.0661],[-81.3941,34.0715],[-81.4147,34.0742],[-81.4247,34.0832],[-81.4447,34.0779],[-81.4657,34.0876],[-81.5025,34.0739],[-81.5138,34.0823],[-81.5389,34.0817],[-81.551,34.0868],[-81.5619,34.0796]]]},"properties":{"ZCTA5CE20":"29070","AFFGEOID20":"860Z200US29070","GEOID20":"29070","NAME20":"29070","LSAD20":"Z5","ALAND20":425131077,"AWATER20":22007481}},
{"type":"Feature","geometry":{"type":"Polygon","coordinates":[[[-79.5234,35.6056],[-79.5107,35.5897],[-79.5384,35.5913],[-79.5208,35.5707],[-79.4884,35.5879],[-79.4755,35.5787],[-79.4925,35.564],[-79.4974,35.5457],[-79.4958,35.5281],[-79.4791,35.5281],[-79.4707,35.5163],[-79.4393,35.5168],[-79.4187,35.5298],[-79.4133,35.5384],[-79.4367,35.5461],[-79.4278,35.5628],[-79.4004,35.5697],[-79.3994,35.5961],[-79.3688,35.5915],[-79.3599,35.5974],[-79.3346,35.5984],[-79.3241,35.6045],[-79.2978,35.6045],[-79.2874,35.5992],[-79.2887,35.5875],[-79.2739,35.5671],[-79.2526,35.566],[-79.2338,35.5782],[-79.2169,35.5764],[-79.2306,35.6148],[-79.2189,35.6182],[-79.2108,35.6357],[-79.2196,35.6497],[-79.2321,35.6575],[-79.2452,35.6486],[-79.2723,35.6409],[-79.3086,35.6438],[-79.3108,35.6486],[-79.3261,35.6589],[-79.3572,35.6619],[-79.3872,35.6592],[-79.3901,35.6507],[-79.4054,35.6475],[-79.415,35.6518],[-79.4161,35.6314],[-79.4222,35.6182],[-79.4095,35.6009],[-79.4368,35.5908],[-79.4535,35.6021],[-79.4608,35.6145],[-79.4727,35.6178],[-79.4764,35.6408],[-79.4502,35.6485],[-79.4802,35.6565],[-79.4795,35.674],[-79.5125,35.6735],[-79.5178,35.6697],[-79.5355,35.6344],[-79.5223,35.6311],[-79.5234,35.6056]]]},"properties":{"ZCTA5CE20":"27207","AFFGEOID20":"860Z200US27207","GEOID20":"27207","NAME20":"27207","LSAD20":"Z5","ALAND20":224080681,"AWATER20":920507}},
{"type":"Feature","geometry":{"type":"Polygon","coordinates":[[[-82.1157,34.8623],[-82.1115,34.8592],[-82.1098,34.8634],[-82.1157,34.8623]]]},"properties":{"ZCTA5CE20":"29375","AFFGEOID20":"860Z200US29375","GEOID20":"29375","NAME20":"29375","LSAD20":"Z5","ALAND20":317676,"AWATER20":0}},
{"type":"Feature","geometry":{"type":"Polygon","coordinates":[[[-78.2159,35.3347],[-78.2035,35.3329],[-78.2165,35.3161],[-78.2236,35.2986],[-78.2108,35.2865],[-78.1664,35.2722],[-78.1561,35.2771],[-78.1242,35.2782],[-78.0999,35.2721],[-78.1052,35.2873],[-78.0783,35.2906],[-78.0721,35.3043],[-78.0239,35.3399],[-78.0103,35.334],[-77.9944,35.3379],[-77.9833,35.3427],[-77.9703,35.3627],[-77.9542,35.3855],[-77.9894,35.3922],[-77.9858,35.4007],[-77.9573,35.4094],[-77.9464,35.4309],[-77.9575,35.4449],[-77.9767,35.4525],[-77.9806,35.4672],[-78.0305,35.4524],[-78.0396,35.4652],[-78.0532,35.4537],[-78.077,35.4499],[-78.0893,35.4581],[-78.0956,35.4471],[-78.1093,35.4455],[-78.1158,35.423],[-78.1185,35.3939],[-78.1088,35.384],[-78.1307,35.3681],[-78.1478,35.3489],[-78.1963,35.3436],[-78.2159,35.3347]],[[-78.0429,35.387],[-78.0375,35.3911],[-78.034,35.3879],[-78.0406,35.3831],[-78.0429,35.387]]]},"properties":{"ZCTA5CE20":"27530","AFFGEOID20":"860Z200US27530","GEOID20":"27530","NAME20":"27530","LSAD20":"Z5","ALAND20":275950076,"AWATER20":4584479}},
{"type":"Feature","geometry":{"type":"Polygon","coordinates":[[[-77.9575,35.4449],[-77.9464,35.4309],[-77.9573,35.4094],[-77.9858,35.4007],[-77.9894,35.3922],[-77.9542,35.3855],[-77.9703,35.3627],[-77.9351,35.3434],[-77.9698,35.333],[-77.9706,35.3216],[-77.941,35.3177],[-77.9518,35.3007],[-77.9391,35.2831],[-77.9394,35.268],[-77.9135,35.2618],[-77.888,35.2685],[-77.8809,35.2486],[-77.8743,35.2605],[-77.8742,35.2776],[-77.8615,35.2913],[-77.8608,35.3099],[-77.8527,35.3278],[-77.8782,35.3438],[-77.8774,35.3621],[-77.8818,35.3887],[-77.8698,35.4016],[-77.8535,35.4073],[-77.8425,35.4014],[-77.8314,35.4196],[-77.8263,35.4408],[-77.8174,35.4415],[-77.8256,35.4684],[-77.8273,35.4547],[-77.8421,35.4415],[-77.8712,35.4505],[-77.8698,35.4692],[-77.8997,35.4725],[-77.9252,35.465],[-77.9259,35.4598],[-77.9575,35.4449]]]},"properties":{"ZCTA5CE20":"27534","AFFGEOID20":"860Z200US27534","GEOID20":"27534","NAME20":"27534","LSAD20":"Z5","ALAND20":189211078,"AWATER20":1878303}},
{"type":"Feature","geometry":{"type":"Polygon","coordinates":[[[-78.4663,36.476],[-78.4654,36.4675],[-78.4852,36.4606],[-78.4848,36.4312],[-78.4657,36.4302],[-78.4926,36.4065],[-78.5106,36.3983],[-78.5058,36.2735],[-78.4874,36.274],[-78.4813,36.2596],[-78.4839,36.2323],[-78.4548,36.2244],[-78.4445,36.2291],[-78.4358,36.2503],[-78.4186,36.2611],[-78.3929,36.2575],[-78.3954,36.2374],[-78.3907,36.229],[-78.3626,36.2238],[-78.35,36.2012],[-78.343,36.1999],[-78.3439,36.2089],[-78.319,36.2043],[-78.3045,36.2147],[-78.2985,36.2293],[-78.2732,36.2245],[-78.2575,36.2478],[-78.2413,36.2655],[-78.2316,36.2827],[-78.2362,36.2895],[-78.2513,36.2893],[-78.2772,36.3061],[-78.2874,36.3584],[-78.3176,36.3854],[-78.3323,36.3976],[-78.2981,36.4128],[-78.3009,36.4271],[-78.3256,36.4364],[-78.3427,36.4369],[-78.374,36.4538],[-78.3712,36.4733],[-78.3519,36.5129],[-78.324,36.5438],[-78.4365,36.5427],[-78.4107,36.528],[-78.4127,36.4997],[-78.4232,36.4944],[-78.4356,36.4717],[-78.458,36.4857],[-78.4663,36.481],[-78.4663,36.476]],[[-78.4564,36.3278],[-78.4511,36.3363],[-78.4204,36.3395],[-78.4092,36.3594],[-78.3907,36.3482],[-78.3658,36.3493],[-78.3804,36.3265],[-78.3705,36.3129],[-78.3841,36.3103],[-78.4126,36.2912],[-78.4153,36.3137],[-78.4342,36.3065],[-78.4564,36.3278]]]},"properties":{"ZCTA5CE20":"27537","AFFGEOID20":"860Z200US27537","GEOID20":"27537","NAME20":"27537","LSAD20":"Z5","ALAND20":480832815,"AWATER20":28638206}},
{"type":"Feature","geometry":{"type":"Polygon","coordinates":[[[-79.5446,36.0794],[-79.5522,36.0789],[-79.5558,36.0442],[-79.5667,36.0394],[-79.5673,36.0141],[-79.5897,36.0042],[-79.5681,35.9941],[-79.553,36.0006],[-79.5271,35.9918],[-79.5119,35.9783],[-79.5272,35.9704],[-79.5153,35.9617],[-79.5192,35.9519],[-79.5039,35.9625],[-79.4716,35.9629],[-79.4698,35.9531],[-79.4534,35.9483],[-79.431,35.982],[-79.4176,35.9821],[-79.4244,36.0061],[-79.4203,36.0163],[-79.4326,36.0253],[-79.4248,36.0397],[-79.4311,36.0639],[-79.4134,36.074],[-79.44,36.0992],[-79.4728,36.1122],[-79.4939,36.1009],[-79.4964,36.088],[-79.5057,36.0815],[-79.5338,36.0869],[-79.5446,36.0794]],[[-79.4875,36.0402],[-79.4824,36.0365],[-79.4833,36.0301],[-79.4874,36.0317],[-79.4856,36.036],[-79.4875,36.0402]]]},"properties":{"ZCTA5CE20":"27215","AFFGEOID20":"860Z200US27215","GEOID20":"27215","NAME20":"27215","LSAD20":"Z5","ALAND20":163368117,"AWATER20":4821859}},
{"type":"Feature","geometry":{"type":"Polygon","coordinates":[[[-80.6981,34.3342],[-80.7017,34.3162],[-80.7164,34.3149],[-80.7219,34.3064],[-80.7825,34.3046],[-80.7855,34.2939],[-80.8058,34.2718],[-80.8082,34.2629],[-80.8059,34.2505],[-80.7789,34.239],[-80.7624,34.2272],[-80.7583,34.2127],[-80.7414,34.2011],[-80.7683,34.1849],[-80.7613,34.1689],[-80.7502,34.1678],[-80.7456,34.1518],[-80.7341,34.1421],[-80.7563,34.1292],[-80.7541,34.1171],[-80.7678,34.1139],[-80.7797,34.1023],[-80.7674,34.0983],[-80.7561,34.0845],[-80.7416,34.0813],[-80.7206,34.0662],[-80.702,34.0606],[-80.6867,34.0645],[-80.6725,34.0504],[-80.6483,34.0519],[-80.6395,34.043],[-80.6075,34.0433],[-80.6142,34.0636],[-80.6365,34.083],[-80.6186,34.092],[-80.6374,34.1278],[-80.6395,34.1375],[-80.6176,34.152],[-80.6248,34.1643],[-80.6256,34.1724],[-80.6154,34.1699],[-80.6064,34.1762],[-80.6055,34.1838],[-80.607,34.1873],[-80.6119,34.1893],[-80.6134,34.1882],[-80.6139,34.1846],[-80.6153,34.183],[-80.6193,34.1832],[-80.633,34.1886],[-80.635,34.1942],[-80.6311,34.2034],[-80.6194,34.2038],[-80.6152,34.1961],[-80.6112,34.1964],[-80.6084,34.2021],[-80.6046,34.2059],[-80.6048,34.2098],[-80.6098,34.213],[-80.6299,34.2173],[-80.6305,34.2343],[-80.6458,34.2396],[-80.6844,34.2731],[-80.6823,34.3083],[-80.6981,34.3342]]]},"properties":{"ZCTA5CE20":"29078","AFFGEOID20":"860Z200US29078","GEOID20":"29078","NAME20":"29078","LSAD20":"Z5","ALAND20":325559119,"AWATER20":3978380}},
{"type":"Feature","geometry":{"type":"Polygon","coordinates":[[[-80.1827,34.0535],[-80.1899,34.0077],[-80.1734,34.0055],[-80.1469,33.9936],[-80.1671,33.9562],[-80.161,33.934],[-80.1505,33.9422],[-80.1221,33.9365],[-80.122,33.9114],[-80.0932,33.9013],[-80.0704,33.93],[-80.0464,33.9216],[-80.032,33.9199],[-79.9746,33.9465],[-79.9898,33.9686],[-79.982,33.9778],[-79.9867,33.9911],[-79.9526,34.01],[-79.928,34.0095],[-79.929,34.0137],[-79.9628,34.0229],[-80.0011,34.0465],[-80.0051,34.0563],[-80.031,34.074],[-80.0699,34.0862],[-80.0842,34.0911],[-80.1063,34.1133],[-80.1304,34.1259],[-80.1491,34.1469],[-80.1538,34.1584],[-80.1677,34.1669],[-80.1705,34.131],[-80.1684,34.1153],[-80.1537,34.1121],[-80.1637,34.1044],[-80.1617,34.0845],[-80.1699,34.0603],[-80.1827,34.0535]]]},"properties":{"ZCTA5CE20":"29080","AFFGEOID20":"860Z200US29080","GEOID20":"29080","NAME20":"29080","LSAD20":"Z5","ALAND20":333273196,"AWATER20":353564}},
{"type":"Feature","geometry":{"type":"Polygon","coordinates":[[[-79.3911,36.2815],[-79.3985,36.2593],[-79.4272,36.2565],[-79.4322,36.2474],[-79.4684,36.2425],[-79.4642,36.2343],[-79.4738,36.219],[-79.4855,36.2132],[-79.4851,36.1895],[-79.4936,36.1812],[-79.4862,36.1603],[-79.5,36.1535],[-79.4913,36.135],[-79.4902,36.1183],[-79.4728,36.1122],[-79.44,36.0992],[-79.4134,36.074],[-79.4135,36.0842],[-79.3778,36.0891],[-79.3665,36.0977],[-79.3767,36.1136],[-79.3654,36.1208],[-79.3539,36.1137],[-79.3516,36.1008],[-79.3351,36.1098],[-79.3331,36.1214],[-79.3173,36.1249],[-79.3081,36.1377],[-79.317,36.1423],[-79.3113,36.1825],[-79.2914,36.1813],[-79.2821,36.1894],[-79.2584,36.1944],[-79.2586,36.2195],[-79.277,36.2259],[-79.2856,36.2163],[-79.2768,36.2073],[-79.2845,36.1992],[-79.295,36.2299],[-79.2969,36.2545],[-79.3046,36.2695],[-79.2956,36.2852],[-79.3025,36.3157],[-79.3121,36.3264],[-79.3221,36.3145],[-79.3793,36.2763],[-79.3911,36.2815]]]},"properties":{"ZCTA5CE20":"27217","AFFGEOID20":"860Z200US27217","GEOID20":"27217","NAME20":"27217","LSAD20":"Z5","ALAND20":319106012,"AWATER20":9315772}},
{"type":"Feature","geometry":{"type":"Polygon","coordinates":[[[-80.3568,34.5336],[-80.3523,34.5204],[-80.3215,34.5057],[-80.3118,34.4801],[-80.3175,34.463],[-80.3043,34.46],[-80.3043,34.433],[-80.2797,34.4395],[-80.2776,34.4303],[-80.3014,34.408],[-80.2958,34.3949],[-80.2855,34.3937],[-80.284,34.3777],[-80.2887,34.3641],[-80.2654,34.3446],[-80.2529,34.3407],[-80.2432,34.3245],[-80.2063,34.3391],[-80.2024,34.3462],[-80.2159,34.3795],[-80.204,34.3815],[-80.1976,34.3924],[-80.2022,34.4113],[-80.1542,34.4361],[-80.1505,34.4512],[-80.1711,34.4691],[-80.1712,34.499],[-80.1815,34.513],[-80.1692,34.536],[-80.1801,34.5588],[-80.1631,34.5746],[-80.1635,34.5929],[-80.1717,34.6133],[-80.1901,34.623],[-80.2276,34.5869],[-80.2365,34.5733],[-80.2557,34.5754],[-80.2671,34.5603],[-80.3102,34.5522],[-80.3396,34.5425],[-80.3568,34.5336]]]},"properties":{"ZCTA5CE20":"29101","AFFGEOID20":"860Z200US29101","GEOID20":"29101","NAME20":"29101","LSAD20":"Z5","ALAND20":316554715,"AWATER20":3251919}},
{"type":"Feature","geometry":{"type":"Polygon","coordinates":[[[-78.222,35.8632],[-78.2292,35.8626],[-78.2397,35.8429],[-78.2147,35.8442],[-78.2054,35.8366],[-78.2133,35.8251],[-78.2142,35.8102],[-78.2331,35.788],[-78.2484,35.7793],[-78.2425,35.7675],[-78.2449,35.7532],[-78.259,35.7532],[-78.2566,35.7399],[-78.2785,35.7343],[-78.2718,35.7049],[-78.2584,35.6819],[-78.2599,35.6679],[-78.2444,35.6742],[-78.232,35.6802],[-78.2079,35.6807],[-78.1984,35.6975],[-78.1734,35.6975],[-78.1622,35.7132],[-78.176,35.7184],[-78.1677,35.7335],[-78.1552,35.7292],[-78.1483,35.742],[-78.1597,35.7518],[-78.1594,35.779],[-78.1446,35.7801],[-78.1505,35.8014],[-78.1638,35.8103],[-78.1643,35.8245],[-78.1557,35.8352],[-78.1366,35.8349],[-78.1437,35.8586],[-78.1277,35.8614],[-78.1347,35.8742],[-78.1684,35.8995],[-78.1874,35.8964],[-78.202,35.8847],[-78.1988,35.8696],[-78.222,35.8632]]]},"properties":{"ZCTA5CE20":"27557","AFFGEOID20":"860Z200US27557","GEOID20":"27557","NAME20":"27557","LSAD20":"Z5","ALAND20":173925959,"AWATER20":993280}},
{"type":"Feature","geometry":{"type":"Polygon","coordinates":[[[-79.0683,35.655],[-79.087,35.6451],[-79.091,35.6689],[-79.097,35.6808],[-79.1309,35.677],[-79.1504,35.6981],[-79.1509,35.7077],[-79.1798,35.7019],[-79.1785,35.6903],[-79.1961,35.6887],[-79.1908,35.6662],[-79.2097,35.6628],[-79.2196,35.6497],[-79.2108,35.6357],[-79.199,35.6241],[-79.174,35.6312],[-79.1621,35.6184],[-79.142,35.6231],[-79.1013,35.624],[-79.0687,35.6089],[-79.0531,35.5966],[-79.0456,35.5684],[-79.0166,35.5443],[-78.9956,35.5421],[-78.9696,35.5217],[-78.9688,35.5225],[-78.9894,35.5436],[-78.9815,35.5567],[-78.9814,35.5723],[-78.9951,35.5726],[-78.9985,35.5859],[-78.9995,35.6187],[-79.0207,35.6187],[-79.0261,35.6291],[-79.0074,35.6409],[-79.0026,35.6256],[-78.9831,35.6445],[-79.0126,35.6446],[-79.0346,35.6396],[-79.0445,35.6121],[-79.057,35.6242],[-79.0683,35.655]]]},"properties":{"ZCTA5CE20":"27559","AFFGEOID20":"860Z200US27559","GEOID20":"27559","NAME20":"27559","LSAD20":"Z5","ALAND20":131117689,"AWATER20":1836623}},
{"type":"Feature","geometry":{"type":"MultiPolygon","coordinates":[[[[-78.802,35.927],[-78.8127,35.9284],[-78.8161,35.914],[-78.802,35.927]]],[[[-78.8905,35.8679],[-78.8923,35.8523],[-78.8799,35.8441],[-78.8683,35.824],[-78.8477,35.82],[-78.8482,35.8116],[-78.8293,35.8096],[-78.8223,35.7977],[-78.807,35.8111],[-78.8157,35.8255],[-78.8071,35.8335],[-78.7839,35.838],[-78.7858,35.8554],[-78.7713,35.869],[-78.7698,35.8841],[-78.7594,35.8919],[-78.7711,35.9052],[-78.7886,35.8962],[-78.8136,35.8922],[-78.8165,35.9118],[-78.823,35.8926],[-78.8385,35.8965],[-78.8391,35.8819],[-78.8306,35.8729],[-78.8497,35.8673],[-78.8526,35.8815],[-78.8666,35.8766],[-78.8905,35.8679]]]]},"properties":{"ZCTA5CE20":"27560","AFFGEOID20":"860Z200US27560","GEOID20":"27560","NAME20":"27560","LSAD20":"Z5","ALAND20":70997446,"AWATER20":2182878}},
{"type":"Feature","geometry":{"type":"Polygon","coordinates":[[[-80.3661,33.7724],[-80.3971,33.7678],[-80.397,33.7469],[-80.3938,33.7324],[-80.3558,33.734],[-80.3507,33.7211],[-80.3242,33.7095],[-80.3464,33.6874],[-80.3766,33.6882],[-80.3679,33.6691],[-80.3588,33.6604],[-80.3419,33.6317],[-80.3085,33.6422],[-80.3184,33.6533],[-80.3097,33.6592],[-80.2862,33.661],[-80.2774,33.6509],[-80.2916,33.6403],[-80.2977,33.6268],[-80.2808,33.6221],[-80.2645,33.6026],[-80.2781,33.5889],[-80.2927,33.5907],[-80.2926,33.5734],[-80.2761,33.556],[-80.2575,33.5609],[-80.2409,33.5718],[-80.2267,33.5586],[-80.2148,33.5564],[-80.2205,33.5336],[-80.2091,33.5133],[-80.1916,33.4475],[-80.1483,33.4499],[-80.1507,33.4603],[-80.135,33.4667],[-80.152,33.4786],[-80.1273,33.4933],[-80.1255,33.5024],[-80.1017,33.4969],[-80.0841,33.5348],[-80.1124,33.5468],[-80.1165,33.5575],[-80.1037,33.571],[-80.1013,33.5885],[-80.0838,33.5794],[-80.0575,33.577],[-80.0142,33.6594],[-80.0263,33.6709],[-80.0304,33.6832],[-80.0521,33.6896],[-80.0493,33.697],[-80.0302,33.6965],[-80.0473,33.7268],[-80.0606,33.7566],[-80.0927,33.7317],[-80.111,33.7359],[-80.1521,33.7222],[-80.1631,33.7313],[-80.2088,33.74],[-80.221,33.7299],[-80.2453,33.7517],[-80.2708,33.7868],[-80.2741,33.7859],[-80.3661,33.7724]]]},"properties":{"ZCTA5CE20":"29102","AFFGEOID20":"860Z200US29102","GEOID20":"29102","NAME20":"29102","LSAD20":"Z5","ALAND20":630423761,"AWATER20":26009926}},
{"type":"Feature","geometry":{"type":"Polygon","coordinates":[[[-81.6011,34.4093],[-81.6195,34.3951],[-81.6356,34.3884],[-81.642,34.3717],[-81.6535,34.3564],[-81.6658,34.3642],[-81.6901,34.3932],[-81.7104,34.3887],[-81.7405,34.3699],[-81.7401,34.3551],[-81.7793,34.3768],[-81.7829,34.3565],[-81.7653,34.337],[-81.7766,34.3291],[-81.7793,34.3],[-81.7915,34.2985],[-81.7919,34.284],[-81.7745,34.2774],[-81.7461,34.2742],[-81.7556,34.2597],[-81.741,34.2365],[-81.7206,34.2253],[-81.6977,34.2234],[-81.7024,34.2063],[-81.6924,34.2035],[-81.6737,34.1884],[-81.6891,34.1847],[-81.6941,34.1747],[-81.7162,34.1755],[-81.6915,34.1729],[-81.6727,34.156],[-81.6474,34.146],[-81.637,34.1462],[-81.6248,34.1287],[-81.6112,34.1236],[-81.6078,34.1418],[-81.5877,34.1515],[-81.5845,34.1634],[-81.6007,34.1701],[-81.5949,34.2084],[-81.5507,34.2225],[-81.5293,34.2422],[-81.5336,34.2636],[-81.5226,34.2792],[-81.499,34.2826],[-81.5059,34.2969],[-81.4992,34.3026],[-81.478,34.2945],[-81.4692,34.2972],[-81.4907,34.3282],[-81.5028,34.3354],[-81.491,34.3499],[-81.4907,34.3697],[-81.4789,34.389],[-81.4668,34.3948],[-81.4712,34.4099],[-81.4669,34.4234],[-81.4769,34.4261],[-81.5012,34.4147],[-81.5334,34.4344],[-81.5531,34.4246],[-81.5613,34.4146],[-81.6011,34.4093]]]},"properties":{"ZCTA5CE20":"29108","AFFGEOID20":"860Z200US29108","GEOID20":"29108","NAME20":"29108","LSAD20":"Z5","ALAND20":544513508,"AWATER20":4686312}},
{"type":"Feature","geometry":{"type":"Polygon","coordinates":[[[-81.7557,35.0063],[-81.7596,34.9904],[-81.7472,34.9879],[-81.7468,34.973],[-81.7552,34.9538],[-81.7482,34.9394],[-81.7359,34.9371],[-81.7355,34.9453],[-81.7069,34.9505],[-81.692,34.9493],[-81.6625,34.9537],[-81.6461,34.9493],[-81.6371,34.9405],[-81.6363,34.9266],[-81.6503,34.9208],[-81.6526,34.9093],[-81.6262,34.8907],[-81.5906,34.8865],[-81.5429,34.8697],[-81.5312,34.8692],[-81.5149,34.8771],[-81.4848,34.8617],[-81.4573,34.8393],[-81.4631,34.855],[-81.4788,34.8984],[-81.471,34.9123],[-81.4773,34.9262],[-81.4746,34.9368],[-81.4924,34.9468],[-81.4762,34.984],[-81.484,34.9938],[-81.4806,35.0059],[-81.4883,35.0269],[-81.4984,35.0421],[-81.5137,35.0445],[-81.5477,35.0644],[-81.5726,35.0853],[-81.5764,35.1177],[-81.5886,35.1104],[-81.6246,35.1027],[-81.6567,35.067],[-81.6959,35.049],[-81.7016,35.0367],[-81.7161,35.0229],[-81.731,35.0128],[-81.7557,35.0063]]]},"properties":{"ZCTA5CE20":"29340","AFFGEOID20":"860Z200US29340","GEOID20":"29340","NAME20":"29340","LSAD20":"Z5","ALAND20":423126672,"AWATER20":5066529}},
{"type":"Feature","geometry":{"type":"Polygon","coordinates":[[[-81.7851,34.4216],[-81.8133,34.4472],[-81.8272,34.4356],[-81.8215,34.4136],[-81.8244,34.4046],[-81.8073,34.3935],[-81.8028,34.4118],[-81.7851,34.4216]]]},"properties":{"ZCTA5CE20":"29351","AFFGEOID20":"860Z200US29351","GEOID20":"29351","NAME20":"29351","LSAD20":"Z5","ALAND20":12276364,"AWATER20":16625}},
{"type":"Feature","geometry":{"type":"Polygon","coordinates":[[[-81.7908,34.8109],[-81.7814,34.8012],[-81.7864,34.7913],[-81.7796,34.7735],[-81.7938,34.7547],[-81.7851,34.7409],[-81.7758,34.7371],[-81.756,34.7438],[-81.7521,34.7635],[-81.7284,34.791],[-81.7027,34.7616],[-81.6903,34.7758],[-81.6753,34.778],[-81.6554,34.7896],[-81.6263,34.8003],[-81.6341,34.8198],[-81.6206,34.8334],[-81.6078,34.8305],[-81.5885,34.8147],[-81.5683,34.8273],[-81.5519,34.8242],[-81.5397,34.8353],[-81.5133,34.8244],[-81.4922,34.8266],[-81.4871,34.8166],[-81.4618,34.831],[-81.4573,34.8393],[-81.4848,34.8617],[-81.5149,34.8771],[-81.5312,34.8692],[-81.5429,34.8697],[-81.5906,34.8865],[-81.6064,34.8778],[-81.6267,34.8743],[-81.6387,34.8804],[-81.6703,34.8743],[-81.6764,34.8832],[-81.6947,34.8886],[-81.7209,34.8895],[-81.7369,34.8765],[-81.7284,34.8584],[-81.7463,34.8623],[-81.7601,34.8478],[-81.7686,34.8558],[-81.7828,34.8372],[-81.7908,34.8109]]]},"properties":{"ZCTA5CE20":"29353","AFFGEOID20":"860Z200US29353","GEOID20":"29353","NAME20":"29353","LSAD20":"Z5","ALAND20":236911287,"AWATER20":775913}},
{"type":"Feature","geometry":{"type":"Polygon","coordinates":[[[-81.88,34.3379],[-81.8708,34.3292],[-81.8697,34.3141],[-81.8626,34.3005],[-81.8468,34.2852],[-81.8511,34.2739],[-81.8304,34.2703],[-81.8246,34.254],[-81.8135,34.2573],[-81.7919,34.284],[-81.7915,34.2985],[-81.7793,34.3],[-81.7766,34.3291],[-81.7653,34.337],[-81.7829,34.3565],[-81.7793,34.3768],[-81.7401,34.3551],[-81.7405,34.3699],[-81.7104,34.3887],[-81.6901,34.3932],[-81.6658,34.3642],[-81.6535,34.3564],[-81.642,34.3717],[-81.6356,34.3884],[-81.6195,34.3951],[-81.6011,34.4093],[-81.6065,34.4277],[-81.6332,34.4258],[-81.6473,34.4357],[-81.6555,34.4228],[-81.6776,34.4312],[-81.7035,34.4534],[-81.7225,34.4497],[-81.7371,34.4305],[-81.7617,34.4397],[-81.7778,34.4399],[-81.7727,34.4269],[-81.7851,34.4216],[-81.8028,34.4118],[-81.8073,34.3935],[-81.8244,34.4046],[-81.8272,34.3947],[-81.8407,34.3823],[-81.847,34.3588],[-81.8579,34.345],[-81.88,34.3379]]]},"properties":{"ZCTA5CE20":"29355","AFFGEOID20":"860Z200US29355","GEOID20":"29355","NAME20":"29355","LSAD20":"Z5","ALAND20":208133201,"AWATER20":256498}},
{"type":"Feature","geometry":{"type":"Polygon","coordinates":[[[-78.5993,36.1692],[-78.5935,36.1485],[-78.575,36.1151],[-78.5788,36.1084],[-78.605,36.0956],[-78.6016,36.0885],[-78.5733,36.0971],[-78.5636,36.0772],[-78.5529,36.0714],[-78.5275,36.0734],[-78.4694,36.0703],[-78.4631,36.0792],[-78.4462,36.0757],[-78.4317,36.0601],[-78.4463,36.058],[-78.436,36.0377],[-78.4233,36.0347],[-78.4104,36.0505],[-78.409,36.0719],[-78.3815,36.0704],[-78.3856,36.0494],[-78.3497,36.0453],[-78.3355,36.0663],[-78.3426,36.0824],[-78.3517,36.0852],[-78.3761,36.0729],[-78.3797,36.0867],[-78.3577,36.087],[-78.3507,36.1003],[-78.3623,36.1106],[-78.3318,36.13],[-78.3365,36.137],[-78.3537,36.1334],[-78.364,36.1422],[-78.3794,36.1436],[-78.3903,36.1569],[-78.4035,36.1557],[-78.4123,36.1639],[-78.4538,36.1681],[-78.5083,36.183],[-78.5393,36.1824],[-78.5578,36.1909],[-78.5743,36.172],[-78.5993,36.1692]]]},"properties":{"ZCTA5CE20":"27525","AFFGEOID20":"860Z200US27525","GEOID20":"27525","NAME20":"27525","LSAD20":"Z5","ALAND20":242960902,"AWATER20":706084}},
{"type":"Feature","geometry":{"type":"Polygon","coordinates":[[[-80.8555,33.4953],[-80.8534,33.4951],[-80.8456,33.4984],[-80.8511,33.4991],[-80.8555,33.4953]]]},"properties":{"ZCTA5CE20":"29117","AFFGEOID20":"860Z200US29117","GEOID20":"29117","NAME20":"29117","LSAD20":"Z5","ALAND20":253643,"AWATER20":0}},
{"type":"Feature","geometry":{"type":"Polygon","coordinates":[[[-79.5459,35.7314],[-79.5467,35.709],[-79.5623,35.6861],[-79.5797,35.6683],[-79.5998,35.6554],[-79.5825,35.6331],[-79.5737,35.6416],[-79.5431,35.6324],[-79.532,35.625],[-79.5338,35.6088],[-79.5234,35.6056],[-79.5223,35.6311],[-79.5355,35.6344],[-79.5178,35.6697],[-79.5125,35.6735],[-79.4795,35.674],[-79.4802,35.6565],[-79.4502,35.6485],[-79.4764,35.6408],[-79.4727,35.6178],[-79.4608,35.6145],[-79.4535,35.6021],[-79.4368,35.5908],[-79.4095,35.6009],[-79.4222,35.6182],[-79.4161,35.6314],[-79.415,35.6518],[-79.3901,35.6507],[-79.3872,35.6592],[-79.3572,35.6619],[-79.3261,35.6589],[-79.3108,35.6486],[-79.3145,35.6589],[-79.2786,35.6872],[-79.2891,35.6998],[-79.3334,35.701],[-79.3364,35.7129],[-79.3118,35.7214],[-79.3277,35.7378],[-79.3273,35.7499],[-79.2995,35.7737],[-79.3225,35.7756],[-79.3236,35.7841],[-79.3069,35.7933],[-79.2958,35.8203],[-79.3158,35.828],[-79.3271,35.8265],[-79.3365,35.8151],[-79.3571,35.8005],[-79.384,35.8029],[-79.3769,35.8191],[-79.3924,35.8245],[-79.4293,35.8299],[-79.4328,35.8437],[-79.5316,35.8433],[-79.5344,35.8224],[-79.5277,35.8071],[-79.5028,35.7913],[-79.5281,35.7829],[-79.5049,35.7574],[-79.4913,35.7501],[-79.4996,35.7341],[-79.5325,35.7388],[-79.5459,35.7314]]]},"properties":{"ZCTA5CE20":"27344","AFFGEOID20":"860Z200US27344","GEOID20":"27344","NAME20":"27344","LSAD20":"Z5","ALAND20":430642761,"AWATER20":2897517}},
{"type":"Feature","geometry":{"type":"Polygon","coordinates":[[[-81.3332,34.2415],[-81.3169,34.2395],[-81.3211,34.2437],[-81.3332,34.2415]]]},"properties":{"ZCTA5CE20":"29122","AFFGEOID20":"860Z200US29122","GEOID20":"29122","NAME20":"29122","LSAD20":"Z5","ALAND20":1126379,"AWATER20":99817}},
{"type":"Feature","geometry":{"type":"Polygon","coordinates":[[[-80.1195,36.0047],[-80.1205,35.9838],[-80.1364,35.9808],[-80.1321,35.9509],[-80.1039,35.9425],[-80.0908,35.9584],[-80.0586,35.9664],[-80.0532,35.979],[-80.0376,35.989],[-80.0102,35.9906],[-79.9939,35.9804],[-79.9805,35.9814],[-79.9552,35.9994],[-79.9589,36.0101],[-79.9549,36.0328],[-79.9452,36.0378],[-79.9525,36.0453],[-79.9554,36.0656],[-79.9714,36.0741],[-79.9742,36.0844],[-79.9931,36.0787],[-80.0054,36.0695],[-80.0143,36.0465],[-80.0249,36.0538],[-80.037,36.0328],[-80.0523,36.0228],[-80.0698,36.0219],[-80.0848,36.0048],[-80.096,36.0079],[-80.1195,36.0047]]]},"properties":{"ZCTA5CE20":"27265","AFFGEOID20":"860Z200US27265","GEOID20":"27265","NAME20":"27265","LSAD20":"Z5","ALAND20":107481707,"AWATER20":2692789}},
{"type":"Feature","geometry":{"type":"Polygon","coordinates":[[[-81.6112,34.1236],[-81.6091,34.0835],[-81.6029,34.0702],[-81.5619,34.0796],[-81.551,34.0868],[-81.5389,34.0817],[-81.5138,34.0823],[-81.5025,34.0739],[-81.4657,34.0876],[-81.4447,34.0779],[-81.4247,34.0832],[-81.4147,34.0742],[-81.3941,34.0715],[-81.3882,34.0793],[-81.4083,34.0983],[-81.4358,34.1294],[-81.447,34.1342],[-81.4548,34.1551],[-81.4696,34.1784],[-81.447,34.1936],[-81.4342,34.1976],[-81.4497,34.2114],[-81.4363,34.2297],[-81.4685,34.2416],[-81.4656,34.2537],[-81.4455,34.2661],[-81.4285,34.2647],[-81.4321,34.2793],[-81.455,34.2754],[-81.4551,34.2915],[-81.4692,34.2972],[-81.478,34.2945],[-81.4992,34.3026],[-81.5059,34.2969],[-81.499,34.2826],[-81.5226,34.2792],[-81.5336,34.2636],[-81.5293,34.2422],[-81.5507,34.2225],[-81.5949,34.2084],[-81.6007,34.1701],[-81.5845,34.1634],[-81.5877,34.1515],[-81.6078,34.1418],[-81.6112,34.1236]]]},"properties":{"ZCTA5CE20":"29127","AFFGEOID20":"860Z200US29127","GEOID20":"29127","NAME20":"29127","LSAD20":"Z5","ALAND20":259724344,"AWATER20":30837149}},
{"type":"Feature","geometry":{"type":"Polygon","coordinates":[[[-81.0283,33.9937],[-81.0238,33.9951],[-81.0243,34.001],[-81.0301,33.9976],[-81.0283,33.9937]]]},"properties":{"ZCTA5CE20":"29208","AFFGEOID20":"860Z200US29208","GEOID20":"29208","NAME20":"29208","LSAD20":"Z5","ALAND20":356055,"AWATER20":0}},
{"type":"Feature","geometry":{"type":"Polygon","coordinates":[[[-80.1413,36.1593],[-80.1346,36.1374],[-80.1544,36.1284],[-80.1646,36.1041],[-80.1536,36.0891],[-80.1371,36.0897],[-80.1344,36.0804],[-80.1094,36.0752],[-80.1142,36.0572],[-80.1226,36.0531],[-80.1252,36.0265],[-80.1195,36.0047],[-80.096,36.0079],[-80.0848,36.0048],[-80.0698,36.0219],[-80.0523,36.0228],[-80.037,36.0328],[-80.0249,36.0538],[-80.0417,36.0578],[-80.0407,36.0895],[-80.0294,36.1113],[-80.0141,36.1215],[-80.0142,36.1335],[-80.0282,36.1532],[-80.0305,36.1767],[-80.0266,36.2012],[-80.0065,36.2045],[-79.9898,36.2127],[-79.9958,36.2219],[-80.0148,36.2296],[-80.036,36.2287],[-80.0562,36.2185],[-80.0771,36.2026],[-80.1229,36.178],[-80.1413,36.1593]]]},"properties":{"ZCTA5CE20":"27284","AFFGEOID20":"860Z200US27284","GEOID20":"27284","NAME20":"27284","LSAD20":"Z5","ALAND20":204090759,"AWATER20":1617181}},
{"type":"Feature","geometry":{"type":"Polygon","coordinates":[[[-80.9677,33.6889],[-80.9643,33.6764],[-80.9378,33.6501],[-80.9195,33.6538],[-80.9212,33.6385],[-80.9091,33.6191],[-80.8913,33.621],[-80.8352,33.6099],[-80.8079,33.5793],[-80.7971,33.5965],[-80.776,33.5813],[-80.7649,33.5733],[-80.7402,33.5597],[-80.7213,33.5715],[-80.7276,33.579],[-80.7162,33.5886],[-80.7261,33.6155],[-80.716,33.6261],[-80.6973,33.6338],[-80.7186,33.641],[-80.6854,33.6504],[-80.6847,33.6692],[-80.6459,33.6569],[-80.6205,33.6614],[-80.6092,33.6697],[-80.5966,33.6951],[-80.5966,33.6955],[-80.6276,33.731],[-80.6201,33.7432],[-80.6328,33.7437],[-80.6451,33.753],[-80.6564,33.7614],[-80.6591,33.773],[-80.6866,33.756],[-80.7054,33.7598],[-80.7137,33.7703],[-80.728,33.7618],[-80.748,33.7758],[-80.7562,33.7648],[-80.7718,33.7719],[-80.7934,33.7695],[-80.8226,33.7846],[-80.8348,33.7874],[-80.856,33.7855],[-80.8773,33.7779],[-80.8962,33.7582],[-80.9118,33.76],[-80.9435,33.7501],[-80.9265,33.7217],[-80.9377,33.7109],[-80.9592,33.7036],[-80.9677,33.6889]]]},"properties":{"ZCTA5CE20":"29135","AFFGEOID20":"860Z200US29135","GEOID20":"29135","NAME20":"29135","LSAD20":"Z5","ALAND20":501535643,"AWATER20":3770784}},
{"type":"Feature","geometry":{"type":"Polygon","coordinates":[[[-80.3324,35.7189],[-80.3248,35.7037],[-80.3345,35.6897],[-80.3306,35.6788],[-80.3073,35.6657],[-80.3063,35.657],[-80.2883,35.6353],[-80.265,35.6296],[-80.2414,35.6123],[-80.2371,35.607],[-80.2083,35.6254],[-80.2158,35.6426],[-80.1955,35.6428],[-80.1811,35.6657],[-80.1636,35.6672],[-80.1677,35.6777],[-80.1499,35.6872],[-80.1251,35.719],[-80.1167,35.7227],[-80.1113,35.695],[-80.1,35.6843],[-80.0836,35.6824],[-80.0699,35.6737],[-80.06,35.6767],[-80.0579,35.7198],[-80.0463,35.7198],[-80.0503,35.7259],[-80.0501,35.751],[-80.0666,35.7535],[-80.0671,35.7624],[-80.0838,35.7666],[-80.092,35.7618],[-80.132,35.7861],[-80.1445,35.7984],[-80.1357,35.8174],[-80.1501,35.8173],[-80.1612,35.8358],[-80.1872,35.8381],[-80.197,35.8535],[-80.2151,35.8425],[-80.2382,35.8339],[-80.2695,35.8324],[-80.2864,35.8128],[-80.2975,35.7937],[-80.3267,35.7716],[-80.3047,35.7592],[-80.3106,35.744],[-80.3269,35.7436],[-80.3269,35.7251],[-80.3324,35.7189]],[[-80.2717,35.6569],[-80.27,35.6642],[-80.2655,35.6633],[-80.2643,35.6573],[-80.2717,35.6569]]]},"properties":{"ZCTA5CE20":"27292","AFFGEOID20":"860Z200US27292","GEOID20":"27292","NAME20":"27292","LSAD20":"Z5","ALAND20":372880318,"AWATER20":23457543}},
{"type":"Feature","geometry":{"type":"Polygon","coordinates":[[[-80.47,35.8372],[-80.4765,35.83],[-80.4669,35.8139],[-80.464,35.8052],[-80.4743,35.7968],[-80.4766,35.791],[-80.476,35.7888],[-80.4728,35.7846],[-80.4595,35.7754],[-80.455,35.7807],[-80.4413,35.781],[-80.4283,35.7714],[-80.4104,35.7795],[-80.3831,35.7641],[-80.3799,35.778],[-80.3626,35.7717],[-80.3392,35.7765],[-80.3267,35.7716],[-80.2975,35.7937],[-80.2864,35.8128],[-80.2695,35.8324],[-80.2382,35.8339],[-80.2151,35.8425],[-80.197,35.8535],[-80.195,35.8745],[-80.1795,35.8947],[-80.1918,35.9221],[-80.1915,35.9353],[-80.2135,35.953],[-80.2327,35.9576],[-80.2479,35.9633],[-80.2464,35.9747],[-80.2588,35.9854],[-80.2791,35.9809],[-80.2857,35.9642],[-80.3125,35.9454],[-80.339,35.9364],[-80.3691,35.9304],[-80.3749,35.9113],[-80.3652,35.8934],[-80.378,35.8852],[-80.3899,35.8919],[-80.4107,35.8901],[-80.4165,35.8805],[-80.3897,35.8676],[-80.3858,35.8536],[-80.3945,35.8414],[-80.4207,35.8527],[-80.4287,35.8308],[-80.4453,35.8365],[-80.4584,35.8264],[-80.47,35.8372]],[[-80.2665,35.9141],[-80.2598,35.9237],[-80.2477,35.9213],[-80.2543,35.9108],[-80.2665,35.9141]]]},"properties":{"ZCTA5CE20":"27295","AFFGEOID20":"860Z200US27295","GEOID20":"27295","NAME20":"27295","LSAD20":"Z5","ALAND20":330594004,"AWATER20":2651791}},
{"type":"Feature","geometry":{"type":"MultiPolygon","coordinates":[[[[-79.643,35.8021],[-79.6569,35.7998],[-79.6661,35.7858],[-79.664,35.7751],[-79.6489,35.7789],[-79.6302,35.7752],[-79.6223,35.7659],[-79.6008,35.7837],[-79.5948,35.7803],[-79.5907,35.7883],[-79.622,35.7914],[-79.643,35.8021]]],[[[-79.6711,35.8362],[-79.6574,35.811],[-79.6422,35.813],[-79.6337,35.8322],[-79.6215,35.8437],[-79.596,35.8488],[-79.575,35.818],[-79.5344,35.8224],[-79.5316,35.8433],[-79.4328,35.8437],[-79.4322,35.877],[-79.4762,35.8777],[-79.4864,35.8845],[-79.4851,35.8984],[-79.4964,35.9129],[-79.5121,35.9225],[-79.5192,35.9519],[-79.5153,35.9617],[-79.5272,35.9704],[-79.5119,35.9783],[-79.5271,35.9918],[-79.553,36.0006],[-79.5681,35.9941],[-79.588,35.9797],[-79.5781,35.9664],[-79.6276,35.9289],[-79.6195,35.9224],[-79.6229,35.9032],[-79.6481,35.9042],[-79.6684,35.8947],[-79.6711,35.8362]]]]},"properties":{"ZCTA5CE20":"27298","AFFGEOID20":"860Z200US27298","GEOID20":"27298","NAME20":"27298","LSAD20":"Z5","ALAND20":245604949,"AWATER20":2504849}},
{"type":"Feature","geometry":{"type":"Polygon","coordinates":[[[-79.3025,36.3157],[-79.2956,36.2852],[-79.3046,36.2695],[-79.2969,36.2545],[-79.295,36.2299],[-79.2845,36.1992],[-79.2768,36.2073],[-79.2856,36.2163],[-79.277,36.2259],[-79.2586,36.2195],[-79.2584,36.1944],[-79.2821,36.1894],[-79.2914,36.1813],[-79.3113,36.1825],[-79.317,36.1423],[-79.3081,36.1377],[-79.3173,36.1249],[-79.3331,36.1214],[-79.3351,36.1098],[-79.3516,36.1008],[-79.3431,36.0864],[-79.3278,36.0803],[-79.3305,36.0616],[-79.341,36.0523],[-79.3258,36.032],[-79.3141,36.026],[-79.2875,36.0228],[-79.263,36.0074],[-79.28,35.9754],[-79.2768,35.9545],[-79.2636,35.9522],[-79.2639,35.9297],[-79.2461,35.9344],[-79.2416,35.9503],[-79.2335,35.959],[-79.2405,35.975],[-79.2131,35.991],[-79.2249,36.015],[-79.2277,36.0303],[-79.2118,36.0342],[-79.2216,36.051],[-79.2118,36.0651],[-79.2156,36.0783],[-79.1918,36.0793],[-79.1876,36.0906],[-79.1979,36.0983],[-79.2004,36.1144],[-79.2135,36.1184],[-79.2241,36.1321],[-79.237,36.129],[-79.2594,36.1446],[-79.2554,36.1674],[-79.2313,36.1709],[-79.2258,36.1798],[-79.2204,36.2128],[-79.2328,36.2238],[-79.2423,36.2432],[-79.2238,36.2429],[-79.223,36.2606],[-79.2249,36.2949],[-79.2208,36.3222],[-79.2068,36.3393],[-79.2107,36.3516],[-79.2299,36.3419],[-79.2431,36.3287],[-79.2595,36.323],[-79.2715,36.325],[-79.2715,36.3437],[-79.2877,36.3439],[-79.286,36.3173],[-79.3025,36.3157]]]},"properties":{"ZCTA5CE20":"27302","AFFGEOID20":"860Z200US27302","GEOID20":"27302","NAME20":"27302","LSAD20":"Z5","ALAND20":297076072,"AWATER20":5171536}},
{"type":"Feature","geometry":{"type":"Polygon","coordinates":[[[-80.6281,33.9476],[-80.6207,33.9359],[-80.6341,33.9173],[-80.6245,33.9055],[-80.6259,33.8888],[-80.6196,33.8787],[-80.6253,33.8668],[-80.5577,33.884],[-80.5556,33.9278],[-80.5364,33.9462],[-80.5129,33.9406],[-80.4895,33.9419],[-80.4717,33.936],[-80.4532,33.9157],[-80.4708,33.869],[-80.4631,33.8509],[-80.474,33.8354],[-80.4827,33.8497],[-80.5145,33.8446],[-80.5166,33.8392],[-80.5035,33.789],[-80.4831,33.7954],[-80.4877,33.8047],[-80.4636,33.8071],[-80.4504,33.7877],[-80.4355,33.7864],[-80.4229,33.7924],[-80.4124,33.7866],[-80.4115,33.7729],[-80.397,33.7469],[-80.3971,33.7678],[-80.3661,33.7724],[-80.3623,33.7836],[-80.3669,33.8195],[-80.3739,33.8294],[-80.3676,33.857],[-80.3546,33.8713],[-80.3581,33.8969],[-80.3687,33.9073],[-80.3804,33.9055],[-80.3929,33.9191],[-80.4117,33.9276],[-80.4216,33.918],[-80.4326,33.9315],[-80.4203,33.9372],[-80.4301,33.958],[-80.4274,33.967],[-80.4392,33.9762],[-80.4485,33.9816],[-80.4429,33.9652],[-80.462,33.964],[-80.4917,33.954],[-80.4884,33.9805],[-80.4944,33.9933],[-80.5059,33.988],[-80.5404,33.981],[-80.5405,33.9872],[-80.5529,33.9772],[-80.5725,33.9878],[-80.6037,33.9832],[-80.5928,33.9513],[-80.6281,33.9476]]]},"properties":{"ZCTA5CE20":"29154","AFFGEOID20":"860Z200US29154","GEOID20":"29154","NAME20":"29154","LSAD20":"Z5","ALAND20":276375533,"AWATER20":3206840}},
{"type":"Feature","geometry":{"type":"Polygon","coordinates":[[[-81.2569,33.6853],[-81.2176,33.6641],[-81.1873,33.6529],[-81.123,33.6797],[-81.1449,33.6972],[-81.1277,33.6992],[-81.0915,33.7105],[-81.0847,33.696],[-81.0429,33.7071],[-81.0262,33.689],[-81.0035,33.6834],[-80.9965,33.6944],[-80.9778,33.702],[-80.9677,33.6889],[-80.9592,33.7036],[-80.9377,33.7109],[-80.9265,33.7217],[-80.9435,33.7501],[-80.9118,33.76],[-80.8962,33.7582],[-80.8773,33.7779],[-80.856,33.7855],[-80.8348,33.7874],[-80.8375,33.7939],[-80.8658,33.8027],[-80.8677,33.8101],[-80.8798,33.8156],[-80.8985,33.8088],[-80.9156,33.8114],[-80.916,33.8249],[-80.9406,33.8285],[-80.9508,33.8409],[-80.9659,33.8478],[-80.9857,33.8487],[-80.9998,33.8606],[-80.9966,33.8738],[-80.9982,33.8768],[-81.0002,33.8784],[-81.0123,33.8801],[-81.014,33.8794],[-81.0083,33.8791],[-80.999,33.8771],[-80.9973,33.8745],[-80.9983,33.8695],[-81.0028,33.863],[-80.9866,33.8484],[-80.9651,33.8467],[-80.9526,33.8413],[-80.9629,33.8264],[-80.9601,33.8058],[-80.9816,33.7963],[-80.9927,33.7857],[-81.0235,33.7881],[-81.0315,33.7844],[-81.0473,33.7971],[-81.0591,33.7835],[-81.0835,33.8108],[-81.0872,33.7911],[-81.0978,33.7922],[-81.1177,33.7723],[-81.1392,33.7578],[-81.1529,33.7615],[-81.1687,33.7581],[-81.1731,33.7487],[-81.1708,33.7296],[-81.207,33.7107],[-81.2078,33.6929],[-81.2329,33.6944],[-81.2569,33.6853]]]},"properties":{"ZCTA5CE20":"29160","AFFGEOID20":"860Z200US29160","GEOID20":"29160","NAME20":"29160","LSAD20":"Z5","ALAND20":305749924,"AWATER20":3871106}},
{"type":"Feature","geometry":{"type":"Polygon","coordinates":[[[-79.3769,35.8191],[-79.384,35.8029],[-79.3571,35.8005],[-79.3365,35.8151],[-79.3271,35.8265],[-79.3158,35.828],[-79.2958,35.8203],[-79.3069,35.7933],[-79.3236,35.7841],[-79.3225,35.7756],[-79.2995,35.7737],[-79.3273,35.7499],[-79.3277,35.7378],[-79.3118,35.7214],[-79.3364,35.7129],[-79.3334,35.701],[-79.2891,35.6998],[-79.2786,35.6872],[-79.3145,35.6589],[-79.3108,35.6486],[-79.3086,35.6438],[-79.2723,35.6409],[-79.2452,35.6486],[-79.2321,35.6575],[-79.2196,35.6497],[-79.2097,35.6628],[-79.1908,35.6662],[-79.1961,35.6887],[-79.1785,35.6903],[-79.1798,35.7019],[-79.1509,35.7077],[-79.1504,35.6981],[-79.1309,35.677],[-79.097,35.6808],[-79.091,35.6689],[-79.087,35.6451],[-79.0683,35.655],[-79.0639,35.6803],[-79.0555,35.6911],[-79.0327,35.7008],[-79.0244,35.7374],[-79.0409,35.7381],[-79.0664,35.7406],[-79.0637,35.7676],[-79.0714,35.7763],[-79.0716,35.7938],[-79.0646,35.8035],[-79.0886,35.8116],[-79.1046,35.8113],[-79.1349,35.8254],[-79.125,35.8441],[-79.1349,35.8517],[-79.1649,35.857],[-79.163,35.8655],[-79.1899,35.8709],[-79.1908,35.854],[-79.2086,35.8409],[-79.2284,35.8394],[-79.2368,35.8486],[-79.2597,35.8562],[-79.2696,35.8441],[-79.3261,35.844],[-79.3501,35.8439],[-79.3565,35.8195],[-79.3769,35.8191]]]},"properties":{"ZCTA5CE20":"27312","AFFGEOID20":"860Z200US27312","GEOID20":"27312","NAME20":"27312","LSAD20":"Z5","ALAND20":442692725,"AWATER20":18621716}},
{"type":"Feature","geometry":{"type":"Polygon","coordinates":[[[-80.4661,35.5868],[-80.4595,35.5865],[-80.4604,35.589],[-80.4661,35.5868]]]},"properties":{"ZCTA5CE20":"28041","AFFGEOID20":"860Z200US28041","GEOID20":"28041","NAME20":"28041","LSAD20":"Z5","ALAND20":122385,"AWATER20":0}},
{"type":"Feature","geometry":{"type":"Polygon","coordinates":[[[-81.2557,33.5844],[-81.2631,33.5709],[-81.2396,33.5703],[-81.2246,33.5588],[-81.202,33.5418],[-81.1989,33.529],[-81.1844,33.5006],[-81.1865,33.4884],[-81.2091,33.4737],[-81.1568,33.464],[-81.1539,33.4704],[-81.1192,33.478],[-81.0937,33.4781],[-81.0824,33.489],[-81.0618,33.4793],[-81.0701,33.4601],[-81.064,33.4529],[-81.0385,33.4533],[-81.0353,33.4692],[-81.0172,33.4749],[-81.0227,33.491],[-81.0471,33.4989],[-81.0474,33.5244],[-81.0233,33.5358],[-81.0028,33.529],[-80.9893,33.5307],[-80.9764,33.5403],[-81.0082,33.5705],[-81.0125,33.5502],[-81.033,33.5525],[-81.0496,33.5634],[-81.0845,33.5393],[-81.093,33.5492],[-81.0842,33.5616],[-81.1173,33.5601],[-81.1397,33.5717],[-81.1546,33.5751],[-81.1736,33.569],[-81.1999,33.5743],[-81.2164,33.5865],[-81.2348,33.5818],[-81.2557,33.5844]]]},"properties":{"ZCTA5CE20":"29107","AFFGEOID20":"860Z200US29107","GEOID20":"29107","NAME20":"29107","LSAD20":"Z5","ALAND20":180216848,"AWATER20":1502483}},
{"type":"Feature","geometry":{"type":"Polygon","coordinates":[[[-81.314,34.063],[-81.2421,34.0524],[-81.2168,34.0534],[-81.1873,34.0452],[-81.174,34.0481],[-81.1469,34.0323],[-81.1579,34.052],[-81.1481,34.068],[-81.1345,34.0699],[-81.1041,34.0892],[-81.1218,34.1169],[-81.1371,34.1333],[-81.1527,34.1295],[-81.1435,34.1146],[-81.1364,34.0929],[-81.1517,34.0816],[-81.1822,34.0823],[-81.1986,34.088],[-81.2011,34.0959],[-81.2352,34.1019],[-81.269,34.0997],[-81.2806,34.084],[-81.314,34.063]]]},"properties":{"ZCTA5CE20":"29212","AFFGEOID20":"860Z200US29212","GEOID20":"29212","NAME20":"29212","LSAD20":"Z5","ALAND20":55363999,"AWATER20":23820599}},
{"type":"Feature","geometry":{"type":"Polygon","coordinates":[[[-80.8767,34.8602],[-80.8666,34.8488],[-80.8739,34.8385],[-80.8939,34.8301],[-80.8959,34.8141],[-80.8761,34.788],[-80.8748,34.772],[-80.8783,34.7591],[-80.8745,34.7315],[-80.8603,34.6957],[-80.8885,34.6686],[-80.8865,34.6571],[-80.8963,34.6355],[-80.8892,34.6182],[-80.8921,34.5981],[-80.8823,34.5847],[-80.8497,34.5846],[-80.841,34.5946],[-80.8256,34.5901],[-80.7992,34.5919],[-80.776,34.606],[-80.7634,34.6219],[-80.7289,34.6214],[-80.7039,34.6445],[-80.6887,34.6529],[-80.6695,34.6527],[-80.6345,34.6884],[-80.6192,34.6855],[-80.6066,34.672],[-80.5937,34.6815],[-80.5805,34.6792],[-80.5614,34.6771],[-80.5283,34.6929],[-80.5168,34.6898],[-80.4898,34.7202],[-80.5162,34.7589],[-80.5298,34.7711],[-80.533,34.7822],[-80.5445,34.784],[-80.5585,34.8015],[-80.5617,34.8175],[-80.6358,34.8184],[-80.7975,34.8198],[-80.782,34.9358],[-80.7883,34.9427],[-80.8185,34.9316],[-80.8355,34.9292],[-80.8469,34.9109],[-80.8654,34.9208],[-80.8783,34.903],[-80.8801,34.8715],[-80.8767,34.8602]]]},"properties":{"ZCTA5CE20":"29720","AFFGEOID20":"860Z200US29720","GEOID20":"29720","NAME20":"29720","LSAD20":"Z5","ALAND20":737854710,"AWATER20":10509283}},
{"type":"Feature","geometry":{"type":"Polygon","coordinates":[[[-81.9341,34.9555],[-81.9157,34.9458],[-81.9123,34.9274],[-81.8857,34.9174],[-81.9089,34.9025],[-81.9089,34.8891],[-81.8869,34.8944],[-81.8827,34.8757],[-81.8859,34.845],[-81.8646,34.8428],[-81.8269,34.8516],[-81.8294,34.8327],[-81.8017,34.8443],[-81.7987,34.8394],[-81.8152,34.8233],[-81.8138,34.8092],[-81.7908,34.8109],[-81.7828,34.8372],[-81.7686,34.8558],[-81.7806,34.8657],[-81.7922,34.8852],[-81.7972,34.9077],[-81.7714,34.9283],[-81.7828,34.9447],[-81.8059,34.9526],[-81.8317,34.9424],[-81.8401,34.9442],[-81.8644,34.9431],[-81.8725,34.9538],[-81.9004,34.9497],[-81.8997,34.9578],[-81.9204,34.9625],[-81.9341,34.9555]]]},"properties":{"ZCTA5CE20":"29302","AFFGEOID20":"860Z200US29302","GEOID20":"29302","NAME20":"29302","LSAD20":"Z5","ALAND20":131372362,"AWATER20":1474775}},
{"type":"Feature","geometry":{"type":"Polygon","coordinates":[[[-80.9591,32.6559],[-80.97,32.6444],[-80.9638,32.6354],[-80.9433,32.623],[-80.944,32.6019],[-80.9283,32.5907],[-80.9239,32.5883],[-80.9106,32.5671],[-80.8896,32.5574],[-80.8775,32.5473],[-80.8602,32.5425],[-80.8477,32.5301],[-80.8379,32.5393],[-80.8392,32.5575],[-80.8315,32.5934],[-80.8371,32.6099],[-80.8294,32.6154],[-80.8122,32.6114],[-80.7947,32.6205],[-80.7716,32.6119],[-80.7662,32.5992],[-80.7542,32.596],[-80.7362,32.6072],[-80.7245,32.6019],[-80.7036,32.6113],[-80.6676,32.5924],[-80.6514,32.6008],[-80.6685,32.6228],[-80.6849,32.6561],[-80.6744,32.6724],[-80.694,32.6745],[-80.689,32.6877],[-80.6978,32.709],[-80.6913,32.7217],[-80.6612,32.7255],[-80.6667,32.7474],[-80.6756,32.7591],[-80.6912,32.7901],[-80.7132,32.7882],[-80.7398,32.7935],[-80.7568,32.8055],[-80.7717,32.7975],[-80.802,32.8081],[-80.8169,32.8053],[-80.8228,32.8185],[-80.839,32.8188],[-80.8568,32.8097],[-80.8529,32.8315],[-80.8656,32.8319],[-80.8696,32.8437],[-80.8595,32.854],[-80.87,32.8731],[-80.8808,32.8622],[-80.8878,32.8454],[-80.8781,32.8261],[-80.8817,32.8155],[-80.8799,32.7921],[-80.8662,32.7756],[-80.8597,32.7526],[-80.8492,32.7296],[-80.8633,32.7134],[-80.8824,32.7123],[-80.9021,32.7261],[-80.9183,32.7222],[-80.9298,32.709],[-80.9605,32.6985],[-80.9462,32.6881],[-80.95,32.6615],[-80.9591,32.6559]]]},"properties":{"ZCTA5CE20":"29945","AFFGEOID20":"860Z200US29945","GEOID20":"29945","NAME20":"29945","LSAD20":"Z5","ALAND20":533888945,"AWATER20":9804339}},
{"type":"Feature","geometry":{"type":"Polygon","coordinates":[[[-77.508,35.6963],[-77.5072,35.6985],[-77.5154,35.7032],[-77.5117,35.6943],[-77.508,35.6963]]]},"properties":{"ZCTA5CE20":"27827","AFFGEOID20":"860Z200US27827","GEOID20":"27827","NAME20":"27827","LSAD20":"Z5","ALAND20":495717,"AWATER20":0}},
{"type":"Feature","geometry":{"type":"Polygon","coordinates":[[[-79.5458,33.8523],[-79.5466,33.8321],[-79.5576,33.8232],[-79.5691,33.829],[-79.5994,33.8306],[-79.6358,33.818],[-79.6349,33.8084],[-79.5927,33.8107],[-79.5815,33.7958],[-79.4965,33.7754],[-79.4897,33.784],[-79.4584,33.7812],[-79.4186,33.7906],[-79.4026,33.7898],[-79.3867,33.7991],[-79.3558,33.7878],[-79.343,33.7972],[-79.317,33.7799],[-79.3253,33.802],[-79.3146,33.807],[-79.3215,33.8306],[-79.3383,33.8405],[-79.3683,33.8429],[-79.3968,33.8752],[-79.4013,33.8928],[-79.429,33.8978],[-79.4522,33.9148],[-79.452,33.9246],[-79.4737,33.93],[-79.4826,33.9376],[-79.4892,33.9301],[-79.5088,33.9242],[-79.5012,33.9073],[-79.5084,33.9023],[-79.5137,33.8798],[-79.5357,33.886],[-79.5398,33.8723],[-79.535,33.8582],[-79.5458,33.8523]]]},"properties":{"ZCTA5CE20":"29555","AFFGEOID20":"860Z200US29555","GEOID20":"29555","NAME20":"29555","LSAD20":"Z5","ALAND20":246147495,"AWATER20":3983509}},
{"type":"Feature","geometry":{"type":"Polygon","coordinates":[[[-78.7564,35.5395],[-78.7642,35.5325],[-78.7651,35.5142],[-78.7762,35.5138],[-78.8077,35.466],[-78.8105,35.4545],[-78.7801,35.4609],[-78.7738,35.4513],[-78.757,35.4564],[-78.737,35.4477],[-78.718,35.4223],[-78.7069,35.4338],[-78.7022,35.452],[-78.6935,35.4591],[-78.6787,35.4396],[-78.6646,35.4298],[-78.6448,35.4605],[-78.6293,35.4449],[-78.619,35.4447],[-78.6318,35.4672],[-78.5978,35.4812],[-78.5858,35.4647],[-78.5517,35.4623],[-78.5525,35.4906],[-78.5745,35.4958],[-78.5813,35.5221],[-78.5894,35.5281],[-78.6405,35.5313],[-78.6469,35.5186],[-78.6758,35.5353],[-78.6939,35.5267],[-78.6904,35.5158],[-78.7257,35.5237],[-78.747,35.5384],[-78.7525,35.5445],[-78.7564,35.5395]]]},"properties":{"ZCTA5CE20":"27501","AFFGEOID20":"860Z200US27501","GEOID20":"27501","NAME20":"27501","LSAD20":"Z5","ALAND20":162778726,"AWATER20":1394586}},
{"type":"Feature","geometry":{"type":"Polygon","coordinates":[[[-78.0643,36.0226],[-78.0566,36.011],[-78.0804,35.9941],[-78.0769,35.9808],[-78.0897,35.9723],[-78.0914,35.9568],[-78.0713,35.9597],[-78.0537,35.9401],[-78.0655,35.9308],[-78.0267,35.9157],[-78.0231,35.9089],[-77.996,35.9033],[-78.0088,35.8868],[-77.9901,35.8698],[-77.9822,35.8813],[-77.9611,35.8883],[-77.9252,35.8824],[-77.9115,35.8854],[-77.9041,35.9045],[-77.9125,35.9168],[-77.9034,35.9249],[-77.9085,35.9479],[-77.9314,35.9649],[-77.9042,35.9889],[-77.9212,36.0053],[-77.9177,36.0296],[-77.9063,36.0384],[-77.9089,36.0653],[-77.9219,36.0704],[-77.8937,36.0842],[-77.9179,36.1],[-77.918,36.1112],[-77.9493,36.1294],[-77.9565,36.1427],[-77.9568,36.1591],[-77.9643,36.1917],[-77.9714,36.178],[-77.9954,36.1672],[-78.0069,36.168],[-78.0012,36.1292],[-78.0226,36.1295],[-78.0101,36.1151],[-77.9958,36.0883],[-78.003,36.0831],[-78.003,36.0605],[-78.0315,36.0594],[-78.0469,36.0416],[-78.0588,36.0423],[-78.0643,36.0226]]]},"properties":{"ZCTA5CE20":"27856","AFFGEOID20":"860Z200US27856","GEOID20":"27856","NAME20":"27856","LSAD20":"Z5","ALAND20":331098944,"AWATER20":1036750}},
{"type":"Feature","geometry":{"type":"MultiPolygon","coordinates":[[[[-79.685,33.9768],[-79.7061,33.9592],[-79.6792,33.934],[-79.6568,33.9201],[-79.6324,33.9307],[-79.6122,33.9324],[-79.6021,33.9497],[-79.6118,33.9643],[-79.6261,33.9675],[-79.6408,33.9907],[-79.685,33.9768]]],[[[-79.8841,33.9894],[-79.9013,33.975],[-79.9059,33.9543],[-79.8923,33.9577],[-79.8816,33.9684],[-79.8673,33.9561],[-79.8912,33.9458],[-79.88,33.9358],[-79.8904,33.9272],[-79.8695,33.9153],[-79.8609,33.899],[-79.8494,33.9057],[-79.8343,33.8901],[-79.8211,33.8927],[-79.807,33.9054],[-79.7904,33.9109],[-79.7657,33.9134],[-79.7441,33.9101],[-79.7482,33.8837],[-79.7221,33.8765],[-79.6981,33.8818],[-79.6703,33.8833],[-79.6675,33.9072],[-79.6562,33.9126],[-79.6568,33.9201],[-79.6781,33.9203],[-79.6963,33.9153],[-79.7147,33.9389],[-79.7378,33.9372],[-79.7471,33.9565],[-79.7583,33.9665],[-79.771,33.9572],[-79.7907,33.9601],[-79.7911,33.9787],[-79.8109,34.0017],[-79.8334,33.9902],[-79.8471,33.9821],[-79.8764,33.9829],[-79.8841,33.9894]]]]},"properties":{"ZCTA5CE20":"29591","AFFGEOID20":"860Z200US29591","GEOID20":"29591","NAME20":"29591","LSAD20":"Z5","ALAND20":182623264,"AWATER20":46686}},
{"type":"Feature","geometry":{"type":"Polygon","coordinates":[[[-81.8783,34.0595],[-81.8923,34.0459],[-81.9289,34.0659],[-81.9405,34.0502],[-81.9693,34.0709],[-81.9927,34.0563],[-81.9657,34.0188],[-81.9517,33.9986],[-81.9394,33.9917],[-81.922,34.0007],[-81.887,33.9811],[-81.8747,33.9712],[-81.8835,33.9605],[-81.8821,33.9317],[-81.8731,33.9018],[-81.8627,33.9099],[-81.8357,33.9134],[-81.833,33.9279],[-81.8185,33.9661],[-81.8055,33.9561],[-81.811,33.9483],[-81.7968,33.9397],[-81.8074,33.9243],[-81.7945,33.9183],[-81.7795,33.9212],[-81.7649,33.933],[-81.7221,33.9513],[-81.7106,33.9381],[-81.6916,33.939],[-81.6893,33.9533],[-81.6719,33.9639],[-81.6868,33.977],[-81.6857,33.991],[-81.6494,33.9994],[-81.6324,34.0114],[-81.625,34.0254],[-81.6401,34.0292],[-81.6345,34.0429],[-81.6351,34.0588],[-81.6278,34.0704],[-81.6029,34.0702],[-81.6091,34.0835],[-81.6112,34.1236],[-81.6248,34.1287],[-81.637,34.1462],[-81.6474,34.146],[-81.6727,34.156],[-81.6915,34.1729],[-81.7162,34.1755],[-81.7316,34.1876],[-81.7439,34.1792],[-81.786,34.1671],[-81.8142,34.1475],[-81.815,34.1163],[-81.8298,34.1021],[-81.8433,34.1006],[-81.8484,34.0662],[-81.8783,34.0595]]]},"properties":{"ZCTA5CE20":"29138","AFFGEOID20":"860Z200US29138","GEOID20":"29138","NAME20":"29138","LSAD20":"Z5","ALAND20":572306028,"AWATER20":6182673}},
{"type":"Feature","geometry":{"type":"Polygon","coordinates":[[[-81.3941,34.0715],[-81.3944,34.0661],[-81.4385,34.0271],[-81.4329,34.0193],[-81.4364,33.9975],[-81.428,33.9792],[-81.4337,33.9752],[-81.4107,33.9448],[-81.4155,33.9341],[-81.4065,33.9163],[-81.4118,33.9057],[-81.4072,33.8942],[-81.4142,33.8864],[-81.3804,33.8707],[-81.3919,33.8282],[-81.384,33.819],[-81.3584,33.8092],[-81.3491,33.8118],[-81.3336,33.8177],[-81.3244,33.8315],[-81.3379,33.8333],[-81.3406,33.8451],[-81.3268,33.8576],[-81.3455,33.8803],[-81.3371,33.8896],[-81.3456,33.8995],[-81.3258,33.9114],[-81.3382,33.9051],[-81.3557,33.9249],[-81.3524,33.9364],[-81.3343,33.9437],[-81.3424,33.9554],[-81.3416,33.985],[-81.359,33.9777],[-81.3693,34.0026],[-81.3861,34.0131],[-81.3772,34.0222],[-81.3637,34.0188],[-81.343,34.0458],[-81.314,34.063],[-81.3499,34.0683],[-81.37,34.0654],[-81.3941,34.0715]]]},"properties":{"ZCTA5CE20":"29054","AFFGEOID20":"860Z200US29054","GEOID20":"29054","NAME20":"29054","LSAD20":"Z5","ALAND20":148442067,"AWATER20":25809663}},
{"type":"Feature","geometry":{"type":"Polygon","coordinates":[[[-79.2562,33.8717],[-79.2641,33.8425],[-79.2527,33.8363],[-79.2561,33.8125],[-79.2481,33.7844],[-79.2379,33.7754],[-79.2282,33.7572],[-79.1959,33.7279],[-79.1903,33.7058],[-79.1803,33.6954],[-79.159,33.6857],[-79.1522,33.6774],[-79.1542,33.6617],[-79.146,33.658],[-79.1312,33.6524],[-79.129,33.6259],[-79.1222,33.6057],[-79.0968,33.6003],[-79.091,33.6175],[-79.0964,33.6283],[-79.0896,33.6567],[-79.0612,33.6685],[-79.0688,33.6767],[-79.0581,33.6921],[-79.0517,33.7197],[-79.0428,33.7284],[-79.0625,33.7391],[-79.0685,33.7521],[-79.0631,33.7769],[-79.0527,33.7865],[-79.0556,33.8036],[-79.0442,33.8182],[-79.0582,33.831],[-79.0627,33.8453],[-79.0919,33.8614],[-79.1019,33.8625],[-79.1117,33.8819],[-79.1509,33.9168],[-79.2002,33.9061],[-79.1989,33.8949],[-79.2278,33.8929],[-79.2484,33.8976],[-79.2562,33.8717]]]},"properties":{"ZCTA5CE20":"29527","AFFGEOID20":"860Z200US29527","GEOID20":"29527","NAME20":"29527","LSAD20":"Z5","ALAND20":401675940,"AWATER20":8278241}},
{"type":"Feature","geometry":{"type":"Polygon","coordinates":[[[-82.3165,33.8127],[-82.2993,33.7989],[-82.299,33.7845],[-82.2475,33.7526],[-82.2413,33.7357],[-82.1983,33.748],[-82.1817,33.7416],[-82.1656,33.7546],[-82.1729,33.7644],[-82.1568,33.7879],[-82.1445,33.7948],[-82.1235,33.8278],[-82.1163,33.8279],[-82.1021,33.8461],[-82.1201,33.8654],[-82.1133,33.8785],[-82.1479,33.9028],[-82.1753,33.8818],[-82.203,33.8791],[-82.1885,33.8961],[-82.1989,33.9036],[-82.2135,33.8982],[-82.2561,33.8685],[-82.2582,33.8531],[-82.274,33.8563],[-82.2957,33.8402],[-82.3048,33.8385],[-82.3092,33.8193],[-82.3165,33.8127]],[[-82.2261,33.7851],[-82.2166,33.7932],[-82.2008,33.7914],[-82.2079,33.7804],[-82.2261,33.7851]]]},"properties":{"ZCTA5CE20":"29845","AFFGEOID20":"860Z200US29845","GEOID20":"29845","NAME20":"29845","LSAD20":"Z5","ALAND20":187608790,"AWATER20":26237455}},
{"type":"Feature","geometry":{"type":"Polygon","coordinates":[[[-81.2281,35.8104],[-81.2314,35.7836],[-81.2423,35.7886],[-81.2576,35.7719],[-81.2538,35.7373],[-81.2805,35.7484],[-81.2805,35.7391],[-81.2646,35.7218],[-81.2718,35.7008],[-81.2621,35.6971],[-81.2127,35.6941],[-81.1945,35.6809],[-81.1888,35.665],[-81.1663,35.6641],[-81.145,35.6851],[-81.1586,35.6958],[-81.1655,35.709],[-81.1596,35.724],[-81.1695,35.7323],[-81.163,35.7469],[-81.1766,35.7552],[-81.1726,35.7799],[-81.1915,35.8149],[-81.1882,35.8223],[-81.2051,35.8228],[-81.2281,35.8104]]]},"properties":{"ZCTA5CE20":"28613","AFFGEOID20":"860Z200US28613","GEOID20":"28613","NAME20":"28613","LSAD20":"Z5","ALAND20":109707869,"AWATER20":1806699}},
{"type":"Feature","geometry":{"type":"Polygon","coordinates":[[[-82.3053,35.3316],[-82.3057,35.3268],[-82.3023,35.313],[-82.2826,35.303],[-82.2632,35.3024],[-82.2538,35.3161],[-82.2241,35.3174],[-82.2104,35.3049],[-82.2046,35.2887],[-82.1938,35.2932],[-82.1559,35.2826],[-82.1496,35.277],[-82.117,35.2854],[-82.0937,35.2897],[-82.0799,35.2816],[-82.0737,35.3001],[-82.0635,35.3016],[-82.0539,35.3144],[-82.0713,35.3156],[-82.0777,35.3347],[-82.109,35.3458],[-82.0903,35.36],[-82.0972,35.3699],[-82.1091,35.368],[-82.1317,35.3956],[-82.1515,35.4076],[-82.1762,35.4047],[-82.1851,35.3966],[-82.1963,35.4017],[-82.1992,35.4133],[-82.2113,35.4201],[-82.2078,35.4087],[-82.2205,35.3946],[-82.2391,35.4026],[-82.2613,35.3932],[-82.2615,35.3884],[-82.3053,35.3316]]]},"properties":{"ZCTA5CE20":"28756","AFFGEOID20":"860Z200US28756","GEOID20":"28756","NAME20":"28756","LSAD20":"Z5","ALAND20":205446619,"AWATER20":1625217}},
{"type":"Feature","geometry":{"type":"Polygon","coordinates":[[[-78.3208,34.1365],[-78.3193,34.1115],[-78.3034,34.1005],[-78.3014,34.0831],[-78.2939,34.0692],[-78.2547,34.0577],[-78.2602,34.0391],[-78.2687,34.0338],[-78.2564,34.0181],[-78.2724,34.0066],[-78.2425,33.9629],[-78.2305,33.9589],[-78.2173,33.9303],[-78.2351,33.9208],[-78.1979,33.919],[-78.189,33.9265],[-78.1533,33.9271],[-78.1497,33.9407],[-78.1304,33.9704],[-78.1064,33.9719],[-78.0904,33.985],[-78.1132,34.0041],[-78.0989,34.0056],[-78.1284,34.0241],[-78.1118,34.0278],[-78.1053,34.0399],[-78.103,34.0591],[-78.0701,34.0654],[-78.0656,34.0794],[-78.0879,34.0901],[-78.0882,34.1069],[-78.1057,34.1102],[-78.1312,34.0936],[-78.1405,34.1059],[-78.175,34.1004],[-78.1881,34.1023],[-78.2031,34.1359],[-78.2479,34.1415],[-78.254,34.1561],[-78.2437,34.1591],[-78.2545,34.2163],[-78.2546,34.2163],[-78.2599,34.2132],[-78.3208,34.1365]]]},"properties":{"ZCTA5CE20":"28422","AFFGEOID20":"860Z200US28422","GEOID20":"28422","NAME20":"28422","LSAD20":"Z5","ALAND20":343744444,"AWATER20":4474919}},
{"type":"Feature","geometry":{"type":"Polygon","coordinates":[[[-78.523,35.6807],[-78.5328,35.6585],[-78.5224,35.6478],[-78.5367,35.6396],[-78.5337,35.6061],[-78.5194,35.6018],[-78.5228,35.5917],[-78.5094,35.5842],[-78.517,35.5754],[-78.5358,35.5851],[-78.5584,35.552],[-78.5393,35.547],[-78.5307,35.5346],[-78.5203,35.5351],[-78.5135,35.5216],[-78.5021,35.5281],[-78.491,35.5466],[-78.4938,35.5597],[-78.4603,35.5516],[-78.4206,35.5584],[-78.392,35.5458],[-78.3803,35.5587],[-78.385,35.5676],[-78.3843,35.5903],[-78.3605,35.5836],[-78.369,35.5916],[-78.4349,35.6325],[-78.4228,35.6445],[-78.4248,35.6641],[-78.4369,35.6759],[-78.4442,35.6968],[-78.46,35.7057],[-78.4823,35.6972],[-78.5023,35.6983],[-78.5204,35.6946],[-78.523,35.6807]]]},"properties":{"ZCTA5CE20":"27520","AFFGEOID20":"860Z200US27520","GEOID20":"27520","NAME20":"27520","LSAD20":"Z5","ALAND20":183318938,"AWATER20":275066}},
{"type":"Feature","geometry":{"type":"Polygon","coordinates":[[[-83.6514,35.337],[-83.6847,35.3241],[-83.6953,35.2975],[-83.6801,35.2795],[-83.6728,35.2828],[-83.5805,35.2915],[-83.4979,35.2993],[-83.4867,35.3054],[-83.4714,35.2974],[-83.4559,35.3028],[-83.4521,35.3142],[-83.4328,35.3251],[-83.4109,35.3165],[-83.3999,35.3276],[-83.3642,35.326],[-83.3396,35.331],[-83.3359,35.3433],[-83.3711,35.3546],[-83.3838,35.3766],[-83.4048,35.3852],[-83.3998,35.4008],[-83.3911,35.4084],[-83.398,35.4305],[-83.3817,35.4423],[-83.3716,35.4559],[-83.3832,35.4659],[-83.3702,35.4836],[-83.3737,35.4906],[-83.3962,35.4827],[-83.4301,35.4607],[-83.4635,35.4698],[-83.4735,35.4869],[-83.482,35.4821],[-83.4747,35.4661],[-83.4764,35.4518],[-83.4867,35.445],[-83.4996,35.4526],[-83.5106,35.4418],[-83.5313,35.4377],[-83.536,35.444],[-83.56,35.4389],[-83.5816,35.4439],[-83.5858,35.4348],[-83.586,35.4024],[-83.5931,35.3772],[-83.6136,35.3573],[-83.6213,35.3451],[-83.6514,35.337]]]},"properties":{"ZCTA5CE20":"28713","AFFGEOID20":"860Z200US28713","GEOID20":"28713","NAME20":"28713","LSAD20":"Z5","ALAND20":361508289,"AWATER20":14838246}},
{"type":"Feature","geometry":{"type":"Polygon","coordinates":[[[-81.1882,35.8223],[-81.1915,35.8149],[-81.1726,35.7799],[-81.1766,35.7552],[-81.163,35.7469],[-81.1695,35.7323],[-81.1596,35.724],[-81.1655,35.709],[-81.1586,35.6958],[-81.145,35.6851],[-81.1663,35.6641],[-81.1666,35.6498],[-81.1502,35.6459],[-81.145,35.6617],[-81.129,35.6561],[-81.1194,35.6346],[-81.1072,35.6277],[-81.098,35.6454],[-81.087,35.6532],[-81.0965,35.6841],[-81.1057,35.6951],[-81.0928,35.7169],[-81.1169,35.7251],[-81.1171,35.7577],[-81.0994,35.7682],[-81.1286,35.7898],[-81.1297,35.8006],[-81.1415,35.8136],[-81.1423,35.8272],[-81.1882,35.8223]]]},"properties":{"ZCTA5CE20":"28610","AFFGEOID20":"860Z200US28610","GEOID20":"28610","NAME20":"28610","LSAD20":"Z5","ALAND20":103365701,"AWATER20":2095235}},
{"type":"Feature","geometry":{"type":"Polygon","coordinates":[[[-83.2555,35.7151],[-83.2556,35.6961],[-83.2151,35.6923],[-83.2074,35.6814],[-83.1842,35.6712],[-83.2023,35.6503],[-83.1771,35.632],[-83.176,35.6125],[-83.1855,35.5983],[-83.1821,35.5845],[-83.167,35.5787],[-83.1566,35.5521],[-83.1489,35.549],[-83.1195,35.5514],[-83.0977,35.5709],[-83.0867,35.5649],[-83.072,35.5423],[-83.0632,35.5484],[-83.0472,35.5423],[-83.0301,35.5217],[-83.0107,35.5266],[-82.9811,35.5273],[-82.9655,35.5321],[-82.9631,35.5203],[-82.9573,35.5236],[-82.946,35.5472],[-82.9524,35.5657],[-82.9464,35.5788],[-82.9563,35.5923],[-82.9704,35.6212],[-82.9993,35.6285],[-82.9898,35.6603],[-82.9986,35.6708],[-83.0251,35.6761],[-83.0449,35.6994],[-83.03,35.7042],[-83.0338,35.7164],[-83.0352,35.7227],[-83.029,35.7225],[-83.026,35.7243],[-83.0236,35.727],[-83.0239,35.7372],[-83.0362,35.7422],[-83.0375,35.7566],[-83.0504,35.7574],[-83.064,35.7501],[-83.0825,35.7704],[-83.0981,35.7757],[-83.1202,35.7662],[-83.1592,35.7649],[-83.1702,35.7461],[-83.1857,35.7299],[-83.1983,35.7255],[-83.2407,35.7268],[-83.2555,35.7151]]]},"properties":{"ZCTA5CE20":"28785","AFFGEOID20":"860Z200US28785","GEOID20":"28785","NAME20":"28785","LSAD20":"Z5","ALAND20":436048632,"AWATER20":1212767}},
{"type":"Feature","geometry":{"type":"Polygon","coordinates":[[[-80.9736,36.4535],[-80.9494,36.4218],[-80.9307,36.4189],[-80.9164,36.4342],[-80.8948,36.4384],[-80.8725,36.4353],[-80.8406,36.397],[-80.8234,36.4019],[-80.8045,36.3991],[-80.7993,36.3867],[-80.7686,36.3916],[-80.76,36.3847],[-80.7686,36.3737],[-80.7897,36.3718],[-80.7832,36.3551],[-80.7656,36.3612],[-80.7428,36.3599],[-80.7361,36.338],[-80.7437,36.3225],[-80.7262,36.3184],[-80.7188,36.3103],[-80.731,36.2903],[-80.7395,36.2845],[-80.7225,36.2697],[-80.713,36.2667],[-80.6846,36.2688],[-80.6698,36.251],[-80.6533,36.2526],[-80.643,36.2726],[-80.6285,36.273],[-80.6314,36.2859],[-80.6348,36.2952],[-80.6032,36.3173],[-80.6058,36.335],[-80.6068,36.3438],[-80.639,36.3611],[-80.6426,36.3713],[-80.6533,36.3712],[-80.6733,36.3612],[-80.6835,36.3754],[-80.6917,36.3969],[-80.7174,36.4122],[-80.7048,36.4256],[-80.7233,36.4324],[-80.7449,36.4585],[-80.7687,36.4583],[-80.783,36.4333],[-80.8023,36.4356],[-80.8167,36.4561],[-80.8436,36.4739],[-80.8569,36.4742],[-80.875,36.4686],[-80.927,36.5011],[-80.9467,36.4789],[-80.9736,36.4535]]]},"properties":{"ZCTA5CE20":"27017","AFFGEOID20":"860Z200US27017","GEOID20":"27017","NAME20":"27017","LSAD20":"Z5","ALAND20":280738699,"AWATER20":2621437}},
{"type":"Feature","geometry":{"type":"Polygon","coordinates":[[[-78.3387,35.6859],[-78.3388,35.6645],[-78.3305,35.6581],[-78.3257,35.6401],[-78.314,35.6305],[-78.3372,35.6071],[-78.3279,35.5905],[-78.3148,35.5702],[-78.3194,35.5548],[-78.3105,35.5478],[-78.3045,35.5193],[-78.279,35.4921],[-78.2443,35.4829],[-78.2318,35.4806],[-78.2186,35.4878],[-78.2359,35.5018],[-78.2583,35.514],[-78.2342,35.5183],[-78.2166,35.5206],[-78.176,35.5155],[-78.1588,35.5199],[-78.1674,35.532],[-78.1631,35.5558],[-78.1672,35.5683],[-78.1786,35.5784],[-78.1781,35.5873],[-78.1973,35.5951],[-78.2046,35.6093],[-78.2229,35.6131],[-78.2195,35.625],[-78.2421,35.6565],[-78.2546,35.6629],[-78.2444,35.6742],[-78.2599,35.6679],[-78.2734,35.6772],[-78.3014,35.6775],[-78.3203,35.6859],[-78.3387,35.6859]],[[-78.2107,35.5634],[-78.2005,35.5666],[-78.1959,35.56],[-78.2048,35.5555],[-78.2107,35.5634]]]},"properties":{"ZCTA5CE20":"27576","AFFGEOID20":"860Z200US27576","GEOID20":"27576","NAME20":"27576","LSAD20":"Z5","ALAND20":210606732,"AWATER20":274216}},
{"type":"Feature","geometry":{"type":"Polygon","coordinates":[[[-81.7913,36.0829],[-81.7885,36.0661],[-81.8109,36.0687],[-81.8155,36.061],[-81.8088,36.0349],[-81.7791,36.0039],[-81.8071,35.9616],[-81.7999,35.9506],[-81.7791,35.9467],[-81.7754,35.9336],[-81.7558,35.9253],[-81.7374,35.9416],[-81.7242,35.9461],[-81.7081,35.9167],[-81.6941,35.9075],[-81.6629,35.9283],[-81.6698,35.9453],[-81.6554,35.961],[-81.6627,35.9999],[-81.6918,36.006],[-81.6879,36.0221],[-81.7078,36.0386],[-81.702,36.0723],[-81.7169,36.0826],[-81.7224,36.0948],[-81.7525,36.1125],[-81.7727,36.1013],[-81.7717,36.0873],[-81.7809,36.077],[-81.7913,36.0829]]]},"properties":{"ZCTA5CE20":"28611","AFFGEOID20":"860Z200US28611","GEOID20":"28611","NAME20":"28611","LSAD20":"Z5","ALAND20":187246460,"AWATER20":0}},
{"type":"Feature","geometry":{"type":"Polygon","coordinates":[[[-82.441,36.0368],[-82.4202,36.0316],[-82.3947,36.0349],[-82.3853,36.041],[-82.3675,36.0371],[-82.3609,36.0201],[-82.3483,36.0122],[-82.3456,35.9832],[-82.3309,35.9957],[-82.3008,35.9764],[-82.2861,35.9802],[-82.2734,35.9601],[-82.2562,35.952],[-82.2481,35.9599],[-82.2222,35.9255],[-82.2091,35.9288],[-82.1861,35.9437],[-82.1929,35.9597],[-82.1924,35.9911],[-82.2045,35.9964],[-82.2049,36.0137],[-82.2156,36.0164],[-82.2495,36.0093],[-82.2614,35.9996],[-82.2716,36.0109],[-82.2565,36.0269],[-82.2619,36.0527],[-82.2532,36.0623],[-82.2559,36.0748],[-82.2477,36.1026],[-82.2457,36.132],[-82.2604,36.1337],[-82.2804,36.1288],[-82.2895,36.1357],[-82.3182,36.1209],[-82.361,36.1106],[-82.3756,36.1056],[-82.4095,36.0834],[-82.441,36.0368]]]},"properties":{"ZCTA5CE20":"28740","AFFGEOID20":"860Z200US28740","GEOID20":"28740","NAME20":"28740","LSAD20":"Z5","ALAND20":228335910,"AWATER20":2100979}},
{"type":"Feature","geometry":{"type":"Polygon","coordinates":[[[-80.7384,32.4787],[-80.7344,32.4679],[-80.7117,32.4596],[-80.7066,32.4905],[-80.7243,32.5001],[-80.7404,32.4866],[-80.7384,32.4787]]]},"properties":{"ZCTA5CE20":"29904","AFFGEOID20":"860Z200US29904","GEOID20":"29904","NAME20":"29904","LSAD20":"Z5","ALAND20":10283911,"AWATER20":0}},
{"type":"Feature","geometry":{"type":"Polygon","coordinates":[[[-78.2392,36.4402],[-78.237,36.4356],[-78.2333,36.4369],[-78.236,36.4417],[-78.2392,36.4402]]]},"properties":{"ZCTA5CE20":"27570","AFFGEOID20":"860Z200US27570","GEOID20":"27570","NAME20":"27570","LSAD20":"Z5","ALAND20":209219,"AWATER20":0}},
{"type":"Feature","geometry":{"type":"Polygon","coordinates":[[[-81.5165,33.6916],[-81.5071,33.6853],[-81.5333,33.6539],[-81.5291,33.6412],[-81.5571,33.6391],[-81.5541,33.6176],[-81.5425,33.6019],[-81.5025,33.5665],[-81.4835,33.5556],[-81.4768,33.5776],[-81.494,33.5823],[-81.4938,33.5963],[-81.4609,33.5936],[-81.4353,33.6148],[-81.3886,33.6129],[-81.3891,33.6021],[-81.3482,33.58],[-81.3441,33.5996],[-81.3271,33.6003],[-81.3235,33.6225],[-81.3165,33.6253],[-81.3199,33.6433],[-81.3311,33.641],[-81.3344,33.6602],[-81.3141,33.6683],[-81.317,33.682],[-81.3039,33.6898],[-81.2752,33.6892],[-81.2697,33.6931],[-81.2828,33.6943],[-81.2904,33.6941],[-81.3115,33.7087],[-81.3667,33.7285],[-81.376,33.7248],[-81.4108,33.731],[-81.4343,33.7414],[-81.478,33.7286],[-81.4853,33.7143],[-81.4773,33.7034],[-81.4884,33.6951],[-81.5165,33.6916]]]},"properties":{"ZCTA5CE20":"29164","AFFGEOID20":"860Z200US29164","GEOID20":"29164","NAME20":"29164","LSAD20":"Z5","ALAND20":277772400,"AWATER20":2436996}},
{"type":"Feature","geometry":{"type":"Polygon","coordinates":[[[-81.2041,32.6769],[-81.1826,32.6672],[-81.1633,32.6732],[-81.1541,32.685],[-81.1715,32.6943],[-81.1741,32.7117],[-81.197,32.7074],[-81.1903,32.6804],[-81.2041,32.6769]]]},"properties":{"ZCTA5CE20":"29921","AFFGEOID20":"860Z200US29921","GEOID20":"29921","NAME20":"29921","LSAD20":"Z5","ALAND20":13330162,"AWATER20":0}},
{"type":"Feature","geometry":{"type":"Polygon","coordinates":[[[-80.5204,33.5982],[-80.5033,33.5916],[-80.5152,33.5747],[-80.4963,33.5585],[-80.485,33.56],[-80.4684,33.5411],[-80.4475,33.5405],[-80.4529,33.5232],[-80.4677,33.5162],[-80.4423,33.5028],[-80.4339,33.4883],[-80.4335,33.475],[-80.3977,33.4507],[-80.3748,33.4395],[-80.3545,33.4304],[-80.3236,33.4312],[-80.3034,33.4402],[-80.2767,33.4469],[-80.2679,33.4379],[-80.2488,33.4503],[-80.2223,33.4437],[-80.209,33.4427],[-80.1916,33.4475],[-80.2091,33.5133],[-80.2205,33.5336],[-80.2148,33.5564],[-80.2267,33.5586],[-80.2409,33.5718],[-80.2575,33.5609],[-80.2761,33.556],[-80.2926,33.5734],[-80.2927,33.5907],[-80.2781,33.5889],[-80.2645,33.6026],[-80.2808,33.6221],[-80.2977,33.6268],[-80.2916,33.6403],[-80.2774,33.6509],[-80.2862,33.661],[-80.3097,33.6592],[-80.3184,33.6533],[-80.3085,33.6422],[-80.3419,33.6317],[-80.3588,33.6604],[-80.3679,33.6691],[-80.3789,33.6503],[-80.3926,33.645],[-80.3998,33.6323],[-80.424,33.626],[-80.4358,33.6312],[-80.4434,33.621],[-80.4276,33.6113],[-80.4234,33.5979],[-80.4342,33.5924],[-80.456,33.6041],[-80.4615,33.5976],[-80.5204,33.5982]]]},"properties":{"ZCTA5CE20":"29148","AFFGEOID20":"860Z200US29148","GEOID20":"29148","NAME20":"29148","LSAD20":"Z5","ALAND20":271076087,"AWATER20":182503692}},
{"type":"Feature","geometry":{"type":"Polygon","coordinates":[[[-81.7964,34.6776],[-81.8038,34.6586],[-81.7902,34.6424],[-81.8157,34.6278],[-81.8024,34.6138],[-81.7986,34.6016],[-81.8029,34.5808],[-81.7887,34.5742],[-81.7599,34.566],[-81.7496,34.5683],[-81.7379,34.5593],[-81.7169,34.5555],[-81.7093,34.5827],[-81.6954,34.5879],[-81.6642,34.5812],[-81.6673,34.602],[-81.6631,34.6131],[-81.6417,34.6063],[-81.6278,34.5955],[-81.613,34.5983],[-81.5962,34.5902],[-81.5844,34.574],[-81.571,34.5736],[-81.5333,34.5839],[-81.5257,34.5918],[-81.5276,34.6093],[-81.5206,34.6184],[-81.4897,34.6279],[-81.4684,34.6277],[-81.4472,34.6043],[-81.4177,34.6234],[-81.4159,34.6336],[-81.4296,34.6486],[-81.4419,34.6537],[-81.4542,34.6752],[-81.4541,34.6937],[-81.4541,34.7209],[-81.4619,34.7265],[-81.4793,34.7239],[-81.4883,34.733],[-81.4824,34.7444],[-81.4531,34.7609],[-81.4547,34.7773],[-81.4728,34.7921],[-81.465,34.8006],[-81.469,34.811],[-81.4871,34.8166],[-81.4922,34.8266],[-81.5133,34.8244],[-81.5397,34.8353],[-81.5519,34.8242],[-81.5683,34.8273],[-81.5885,34.8147],[-81.6078,34.8305],[-81.6206,34.8334],[-81.6341,34.8198],[-81.6263,34.8003],[-81.6554,34.7896],[-81.6753,34.778],[-81.6903,34.7758],[-81.7027,34.7616],[-81.6829,34.7471],[-81.654,34.7192],[-81.6849,34.7115],[-81.6798,34.701],[-81.6846,34.6858],[-81.7073,34.6959],[-81.7164,34.7045],[-81.7321,34.7011],[-81.745,34.6698],[-81.756,34.6636],[-81.7919,34.6733],[-81.7964,34.6776]]]},"properties":{"ZCTA5CE20":"29379","AFFGEOID20":"860Z200US29379","GEOID20":"29379","NAME20":"29379","LSAD20":"Z5","ALAND20":628536207,"AWATER20":2492232}},
{"type":"Feature","geometry":{"type":"Polygon","coordinates":[[[-79.8328,34.1497],[-79.8363,34.127],[-79.8486,34.1187],[-79.8487,34.0844],[-79.8332,34.0461],[-79.8321,34.0293],[-79.8467,34.0174],[-79.8301,34.0089],[-79.8405,33.9986],[-79.8334,33.9902],[-79.8109,34.0017],[-79.8018,34.0087],[-79.789,34.0311],[-79.7968,34.0405],[-79.7765,34.0539],[-79.7493,34.0515],[-79.7217,34.0346],[-79.7133,34.02],[-79.7029,34.0176],[-79.685,33.9768],[-79.6408,33.9907],[-79.6195,33.9979],[-79.6251,34.0132],[-79.6421,34.0073],[-79.6541,34.0147],[-79.6627,34.0321],[-79.6594,34.0463],[-79.6468,34.0597],[-79.6365,34.0532],[-79.6169,34.0549],[-79.5997,34.0506],[-79.5904,34.0565],[-79.5982,34.0893],[-79.6056,34.0976],[-79.6306,34.0906],[-79.6422,34.0968],[-79.6562,34.0871],[-79.674,34.084],[-79.6789,34.0707],[-79.6961,34.0758],[-79.7087,34.0728],[-79.7208,34.1148],[-79.7326,34.1077],[-79.7567,34.1095],[-79.7557,34.0876],[-79.7795,34.1005],[-79.7854,34.1258],[-79.7706,34.1372],[-79.7898,34.1442],[-79.8049,34.1549],[-79.8166,34.1592],[-79.8328,34.1497]]]},"properties":{"ZCTA5CE20":"29541","AFFGEOID20":"860Z200US29541","GEOID20":"29541","NAME20":"29541","LSAD20":"Z5","ALAND20":206616431,"AWATER20":22339}},
{"type":"Feature","geometry":{"type":"Polygon","coordinates":[[[-81.4502,35.7852],[-81.4377,35.7535],[-81.4224,35.7386],[-81.4219,35.7308],[-81.4025,35.7241],[-81.3912,35.7289],[-81.3357,35.7321],[-81.3167,35.7391],[-81.2646,35.7218],[-81.2805,35.7391],[-81.2805,35.7484],[-81.2538,35.7373],[-81.2576,35.7719],[-81.2423,35.7886],[-81.2314,35.7836],[-81.2281,35.8104],[-81.249,35.8157],[-81.255,35.8083],[-81.279,35.8063],[-81.2981,35.7982],[-81.3071,35.8204],[-81.2889,35.8237],[-81.2832,35.8337],[-81.3112,35.8367],[-81.3252,35.8422],[-81.3379,35.8412],[-81.3506,35.8247],[-81.3432,35.7956],[-81.3505,35.7857],[-81.3711,35.7868],[-81.4005,35.7598],[-81.4084,35.7661],[-81.4379,35.7752],[-81.4502,35.7852]]]},"properties":{"ZCTA5CE20":"28601","AFFGEOID20":"860Z200US28601","GEOID20":"28601","NAME20":"28601","LSAD20":"Z5","ALAND20":121893138,"AWATER20":8847569}},
{"type":"Feature","geometry":{"type":"Polygon","coordinates":[[[-81.5278,35.7449],[-81.522,35.7458],[-81.5215,35.7544],[-81.5329,35.7492],[-81.5278,35.7449]]]},"properties":{"ZCTA5CE20":"28671","AFFGEOID20":"860Z200US28671","GEOID20":"28671","NAME20":"28671","LSAD20":"Z5","ALAND20":1067278,"AWATER20":0}},
{"type":"Feature","geometry":{"type":"Polygon","coordinates":[[[-78.6223,35.7798],[-78.6235,35.7799],[-78.6236,35.7777],[-78.6224,35.7777],[-78.6223,35.7798]]]},"properties":{"ZCTA5CE20":"27697","AFFGEOID20":"860Z200US27697","GEOID20":"27697","NAME20":"27697","LSAD20":"Z5","ALAND20":27213,"AWATER20":0}},
{"type":"Feature","geometry":{"type":"Polygon","coordinates":[[[-79.2313,36.1709],[-79.2554,36.1674],[-79.2594,36.1446],[-79.237,36.129],[-79.2241,36.1321],[-79.2135,36.1184],[-79.2004,36.1144],[-79.1979,36.0983],[-79.1876,36.0906],[-79.1918,36.0793],[-79.2156,36.0783],[-79.2118,36.0651],[-79.2216,36.051],[-79.2118,36.0342],[-79.2277,36.0303],[-79.2249,36.015],[-79.2131,35.991],[-79.2405,35.975],[-79.2335,35.959],[-79.2416,35.9503],[-79.2051,35.9736],[-79.2061,35.9872],[-79.1939,35.9986],[-79.1617,36.0123],[-79.1695,36.041],[-79.1504,36.0444],[-79.144,36.0658],[-79.1591,36.0736],[-79.1442,36.0867],[-79.142,36.1],[-79.1504,36.1092],[-79.1563,36.1342],[-79.1823,36.1598],[-79.2109,36.1475],[-79.2313,36.1709]]]},"properties":{"ZCTA5CE20":"27243","AFFGEOID20":"860Z200US27243","GEOID20":"27243","NAME20":"27243","LSAD20":"Z5","ALAND20":104317571,"AWATER20":775936}},
{"type":"Feature","geometry":{"type":"Polygon","coordinates":[[[-77.8953,34.8859],[-77.8633,34.8732],[-77.8612,34.853],[-77.8678,34.8388],[-77.8544,34.8274],[-77.8323,34.8304],[-77.8226,34.8397],[-77.8053,34.8408],[-77.7803,34.8478],[-77.7742,34.8584],[-77.7575,34.8568],[-77.7555,34.876],[-77.7348,34.8746],[-77.7252,34.8617],[-77.6799,34.8548],[-77.6717,34.8415],[-77.6366,34.8344],[-77.6328,34.8412],[-77.608,34.8449],[-77.6104,34.8583],[-77.6288,34.8763],[-77.6388,34.9023],[-77.6291,34.9053],[-77.6313,34.9213],[-77.6511,34.9237],[-77.6534,34.9405],[-77.6779,34.9686],[-77.6796,34.9495],[-77.6885,34.9448],[-77.717,34.9424],[-77.7225,34.9323],[-77.7457,34.9461],[-77.7865,34.9502],[-77.7828,34.9664],[-77.7982,34.9728],[-77.806,34.9598],[-77.8222,34.9656],[-77.8432,34.9574],[-77.8435,34.9347],[-77.8596,34.9365],[-77.8675,34.9229],[-77.8636,34.9117],[-77.8821,34.8996],[-77.8953,34.8859]]]},"properties":{"ZCTA5CE20":"28518","AFFGEOID20":"860Z200US28518","GEOID20":"28518","NAME20":"28518","LSAD20":"Z5","ALAND20":247532487,"AWATER20":632440}},
{"type":"Feature","geometry":{"type":"Polygon","coordinates":[[[-79.9198,35.3127],[-79.9121,35.3011],[-79.8983,35.3037],[-79.8814,35.2927],[-79.8812,35.2821],[-79.8616,35.2764],[-79.8643,35.2671],[-79.8862,35.2497],[-79.89,35.2389],[-79.8683,35.2356],[-79.8679,35.2073],[-79.8516,35.2023],[-79.8623,35.1877],[-79.8373,35.1776],[-79.8207,35.1787],[-79.792,35.176],[-79.7684,35.1772],[-79.7563,35.1738],[-79.7571,35.1544],[-79.7382,35.1586],[-79.7279,35.1684],[-79.7173,35.1735],[-79.7159,35.1653],[-79.6931,35.1681],[-79.6735,35.1754],[-79.6992,35.1888],[-79.7049,35.1971],[-79.7269,35.1998],[-79.7262,35.2272],[-79.7109,35.2258],[-79.7005,35.2322],[-79.7274,35.2506],[-79.7368,35.2643],[-79.7272,35.2706],[-79.728,35.2854],[-79.7126,35.2834],[-79.7103,35.3027],[-79.7243,35.298],[-79.7458,35.3289],[-79.7559,35.2987],[-79.7845,35.2958],[-79.7918,35.3051],[-79.8204,35.3246],[-79.8423,35.3445],[-79.858,35.3233],[-79.8824,35.3396],[-79.8903,35.3222],[-79.9198,35.3127]]]},"properties":{"ZCTA5CE20":"27229","AFFGEOID20":"860Z200US27229","GEOID20":"27229","NAME20":"27229","LSAD20":"Z5","ALAND20":234387258,"AWATER20":429802}},
{"type":"Feature","geometry":{"type":"Polygon","coordinates":[[[-78.2981,36.4128],[-78.3323,36.3976],[-78.3176,36.3854],[-78.2948,36.3958],[-78.2981,36.4128]]]},"properties":{"ZCTA5CE20":"27556","AFFGEOID20":"860Z200US27556","GEOID20":"27556","NAME20":"27556","LSAD20":"Z5","ALAND20":5453148,"AWATER20":17425}},
{"type":"Feature","geometry":{"type":"Polygon","coordinates":[[[-79.6284,36.197],[-79.6254,36.1723],[-79.6418,36.1759],[-79.644,36.1642],[-79.6548,36.1611],[-79.6508,36.1436],[-79.6597,36.1331],[-79.6435,36.1209],[-79.6206,36.1173],[-79.6398,36.0837],[-79.6421,36.0586],[-79.6215,36.059],[-79.6216,36.0745],[-79.616,36.0714],[-79.6196,36.0672],[-79.6199,36.0592],[-79.611,36.0657],[-79.6085,36.0792],[-79.592,36.0886],[-79.58,36.0836],[-79.5614,36.0925],[-79.5446,36.0794],[-79.5338,36.0869],[-79.5205,36.0966],[-79.5187,36.1078],[-79.5373,36.1209],[-79.5412,36.1345],[-79.5672,36.1406],[-79.5662,36.1546],[-79.5541,36.1607],[-79.5721,36.1899],[-79.5684,36.1971],[-79.547,36.1977],[-79.5348,36.1882],[-79.5173,36.1873],[-79.5131,36.2098],[-79.5207,36.218],[-79.5187,36.2547],[-79.5129,36.2638],[-79.5201,36.2796],[-79.5216,36.2698],[-79.5414,36.2571],[-79.563,36.2846],[-79.5729,36.2877],[-79.5828,36.2635],[-79.5644,36.2514],[-79.5716,36.2372],[-79.5677,36.2182],[-79.5719,36.2029],[-79.5897,36.2032],[-79.5984,36.1949],[-79.6179,36.2004],[-79.6284,36.197]]]},"properties":{"ZCTA5CE20":"27249","AFFGEOID20":"860Z200US27249","GEOID20":"27249","NAME20":"27249","LSAD20":"Z5","ALAND20":154930822,"AWATER20":1994962}},
{"type":"Feature","geometry":{"type":"Polygon","coordinates":[[[-78.96,35.9042],[-78.9686,35.903],[-78.9719,35.8838],[-78.9816,35.8648],[-78.9939,35.8623],[-79.0068,35.8505],[-78.9951,35.8112],[-79.0101,35.7894],[-78.9986,35.7928],[-78.9905,35.8053],[-78.9757,35.8139],[-78.9713,35.824],[-78.9541,35.8302],[-78.9307,35.8467],[-78.9268,35.8389],[-78.9087,35.8481],[-78.9068,35.8629],[-78.8905,35.8679],[-78.8666,35.8766],[-78.8736,35.8917],[-78.8811,35.9032],[-78.8793,35.9351],[-78.8787,35.9574],[-78.927,35.9512],[-78.9448,35.9274],[-78.9608,35.9112],[-78.96,35.9042]]]},"properties":{"ZCTA5CE20":"27713","AFFGEOID20":"860Z200US27713","GEOID20":"27713","NAME20":"27713","LSAD20":"Z5","ALAND20":91571910,"AWATER20":11235037}},
{"type":"Feature","geometry":{"type":"Polygon","coordinates":[[[-79.2739,35.5671],[-79.2859,35.5565],[-79.2668,35.5519],[-79.2526,35.566],[-79.2739,35.5671]]]},"properties":{"ZCTA5CE20":"27256","AFFGEOID20":"860Z200US27256","GEOID20":"27256","NAME20":"27256","LSAD20":"Z5","ALAND20":2878847,"AWATER20":54612}},
{"type":"Feature","geometry":{"type":"Polygon","coordinates":[[[-81.6443,35.4227],[-81.6429,35.4201],[-81.6396,35.4208],[-81.6423,35.4234],[-81.6443,35.4227]]]},"properties":{"ZCTA5CE20":"28136","AFFGEOID20":"860Z200US28136","GEOID20":"28136","NAME20":"28136","LSAD20":"Z5","ALAND20":202459,"AWATER20":0}},
{"type":"Feature","geometry":{"type":"Polygon","coordinates":[[[-82.3024,35.0773],[-82.3055,35.0454],[-82.3259,35.0387],[-82.3452,35.0463],[-82.3381,35.027],[-82.3208,35.0253],[-82.3148,35.0081],[-82.2962,34.9909],[-82.2978,34.975],[-82.2935,34.947],[-82.2741,34.9388],[-82.2392,34.9486],[-82.2228,34.948],[-82.2401,34.9073],[-82.2307,34.8787],[-82.2183,34.8689],[-82.2304,34.8513],[-82.2289,34.8296],[-82.2187,34.828],[-82.1853,34.8014],[-82.1671,34.8066],[-82.1652,34.7965],[-82.1351,34.8137],[-82.1474,34.8223],[-82.1292,34.8419],[-82.1312,34.8606],[-82.1429,34.8707],[-82.1655,34.8762],[-82.1696,34.8889],[-82.1537,34.8973],[-82.1637,34.9108],[-82.1558,34.9317],[-82.1687,34.9449],[-82.158,34.9555],[-82.1853,34.9528],[-82.1935,34.9592],[-82.2057,34.9806],[-82.221,34.9901],[-82.2095,35.0178],[-82.2163,35.0354],[-82.232,35.0688],[-82.2682,35.074],[-82.2716,35.0851],[-82.3024,35.0773]]]},"properties":{"ZCTA5CE20":"29651","AFFGEOID20":"860Z200US29651","GEOID20":"29651","NAME20":"29651","LSAD20":"Z5","ALAND20":232084838,"AWATER20":7149484}},
{"type":"Feature","geometry":{"type":"Polygon","coordinates":[[[-78.4469,34.6101],[-78.4254,34.5909],[-78.3866,34.5806],[-78.3947,34.5687],[-78.4094,34.5644],[-78.4254,34.5511],[-78.4412,34.575],[-78.4534,34.5821],[-78.4719,34.5673],[-78.4507,34.5613],[-78.4362,34.5488],[-78.4398,34.535],[-78.4346,34.5141],[-78.4097,34.4939],[-78.4125,34.4815],[-78.4007,34.4759],[-78.3689,34.4743],[-78.3526,34.4586],[-78.3268,34.4146],[-78.2887,34.4019],[-78.2738,34.4045],[-78.2561,34.3995],[-78.2012,34.445],[-78.1871,34.4373],[-78.1539,34.4356],[-78.1437,34.4453],[-78.1518,34.4579],[-78.1653,34.4664],[-78.1796,34.4657],[-78.2042,34.4766],[-78.2089,34.4878],[-78.2356,34.4925],[-78.2454,34.4999],[-78.2502,34.4946],[-78.2819,34.5053],[-78.3048,34.5216],[-78.3127,34.5212],[-78.3543,34.545],[-78.357,34.5602],[-78.3808,34.579],[-78.3749,34.5957],[-78.3965,34.6098],[-78.4078,34.6115],[-78.4315,34.6258],[-78.4469,34.6101]]]},"properties":{"ZCTA5CE20":"28448","AFFGEOID20":"860Z200US28448","GEOID20":"28448","NAME20":"28448","LSAD20":"Z5","ALAND20":246972462,"AWATER20":1947242}},
{"type":"Feature","geometry":{"type":"Polygon","coordinates":[[[-79.1823,36.1598],[-79.1563,36.1342],[-79.1504,36.1092],[-79.142,36.1],[-79.1442,36.0867],[-79.1591,36.0736],[-79.144,36.0658],[-79.1504,36.0444],[-79.1695,36.041],[-79.1617,36.0123],[-79.1939,35.9986],[-79.2061,35.9872],[-79.2051,35.9736],[-79.1632,35.9721],[-79.1615,35.9633],[-79.1229,35.977],[-79.1004,36.0117],[-79.0844,36.0094],[-79.0756,36.0173],[-79.0808,36.0311],[-79.0605,36.0308],[-79.0361,36.0385],[-79.0307,36.0659],[-79.0139,36.0678],[-79.0055,36.0809],[-79.0045,36.1154],[-78.9743,36.1037],[-78.954,36.1155],[-78.9425,36.1164],[-78.9399,36.141],[-78.9518,36.1546],[-78.9653,36.1555],[-78.9793,36.152],[-79.0113,36.1556],[-79.0141,36.1651],[-79.0368,36.1593],[-79.0615,36.1526],[-79.1067,36.1523],[-79.1075,36.1684],[-79.1161,36.1739],[-79.133,36.1758],[-79.1545,36.1651],[-79.1899,36.1736],[-79.1823,36.1598]]]},"properties":{"ZCTA5CE20":"27278","AFFGEOID20":"860Z200US27278","GEOID20":"27278","NAME20":"27278","LSAD20":"Z5","ALAND20":268602071,"AWATER20":2615495}},
{"type":"Feature","geometry":{"type":"Polygon","coordinates":[[[-80.0598,35.3811],[-80.0527,35.3676],[-80.0664,35.3571],[-80.0676,35.3386],[-80.0819,35.3215],[-80.0802,35.3086],[-80.0802,35.3219],[-80.0658,35.3355],[-80.0342,35.3494],[-80.0289,35.3665],[-79.9899,35.3653],[-79.9863,35.3531],[-79.955,35.3425],[-79.9491,35.3216],[-79.9198,35.3127],[-79.8903,35.3222],[-79.8824,35.3396],[-79.858,35.3233],[-79.8423,35.3445],[-79.8556,35.3513],[-79.8416,35.3673],[-79.826,35.3756],[-79.8226,35.3911],[-79.8198,35.4337],[-79.8293,35.4423],[-79.853,35.4477],[-79.8636,35.4636],[-79.8743,35.4477],[-79.9062,35.4501],[-79.9102,35.4585],[-79.8998,35.47],[-79.9121,35.4774],[-79.9049,35.5022],[-79.8881,35.4981],[-79.8742,35.5103],[-79.8697,35.5261],[-79.9077,35.5287],[-79.9214,35.5341],[-79.9218,35.5093],[-79.9398,35.5087],[-79.9392,35.5514],[-79.9703,35.5342],[-79.9735,35.5536],[-79.9956,35.5071],[-80.0637,35.5057],[-80.0558,35.4879],[-80.0705,35.4665],[-80.0628,35.4436],[-80.0403,35.4329],[-80.0608,35.3907],[-80.0598,35.3811]]]},"properties":{"ZCTA5CE20":"27371","AFFGEOID20":"860Z200US27371","GEOID20":"27371","NAME20":"27371","LSAD20":"Z5","ALAND20":371391809,"AWATER20":2620310}},
{"type":"Feature","geometry":{"type":"Polygon","coordinates":[[[-81.2697,33.6931],[-81.2752,33.6892],[-81.3039,33.6898],[-81.317,33.682],[-81.3141,33.6683],[-81.3344,33.6602],[-81.3311,33.641],[-81.3199,33.6433],[-81.3165,33.6253],[-81.3235,33.6225],[-81.3271,33.6003],[-81.3441,33.5996],[-81.3482,33.58],[-81.3891,33.6021],[-81.3886,33.6129],[-81.4353,33.6148],[-81.4609,33.5936],[-81.4938,33.5963],[-81.494,33.5823],[-81.4768,33.5776],[-81.4835,33.5556],[-81.4809,33.5505],[-81.4542,33.5371],[-81.4373,33.5374],[-81.4103,33.5202],[-81.4136,33.535],[-81.4391,33.5458],[-81.439,33.5588],[-81.4098,33.5518],[-81.3887,33.5523],[-81.368,33.5583],[-81.3687,33.5677],[-81.347,33.5685],[-81.3373,33.5611],[-81.3355,33.5452],[-81.3251,33.5359],[-81.3181,33.5127],[-81.2857,33.5061],[-81.2665,33.516],[-81.2651,33.527],[-81.2509,33.5357],[-81.2395,33.5329],[-81.2246,33.5588],[-81.2396,33.5703],[-81.2631,33.5709],[-81.2557,33.5844],[-81.2566,33.5915],[-81.1873,33.6529],[-81.2176,33.6641],[-81.2569,33.6853],[-81.2697,33.6931]]]},"properties":{"ZCTA5CE20":"29137","AFFGEOID20":"860Z200US29137","GEOID20":"29137","NAME20":"29137","LSAD20":"Z5","ALAND20":241919818,"AWATER20":1414338}},
{"type":"Feature","geometry":{"type":"Polygon","coordinates":[[[-79.7762,36.1415],[-79.8018,36.1262],[-79.7827,36.115],[-79.7901,36.1081],[-79.7887,36.0931],[-79.7858,36.0818],[-79.7736,36.0804],[-79.7686,36.0786],[-79.7576,36.0764],[-79.7404,36.0837],[-79.7334,36.0719],[-79.7392,36.0533],[-79.7141,36.0559],[-79.6859,36.0536],[-79.6911,36.068],[-79.6819,36.0753],[-79.6787,36.0906],[-79.6972,36.0959],[-79.7162,36.0922],[-79.7173,36.107],[-79.7117,36.1272],[-79.7046,36.129],[-79.6995,36.1702],[-79.6899,36.1747],[-79.6845,36.191],[-79.6938,36.2049],[-79.7144,36.1722],[-79.732,36.1562],[-79.7538,36.1495],[-79.7657,36.151],[-79.7762,36.1415]]]},"properties":{"ZCTA5CE20":"27405","AFFGEOID20":"860Z200US27405","GEOID20":"27405","NAME20":"27405","LSAD20":"Z5","ALAND20":81256250,"AWATER20":674101}},
{"type":"Feature","geometry":{"type":"Polygon","coordinates":[[[-81.1125,32.5243],[-81.1204,32.5085],[-81.1378,32.505],[-81.1267,32.4934],[-81.1131,32.4998],[-81.1012,32.4931],[-81.116,32.4792],[-81.1036,32.4572],[-81.1045,32.4407],[-81.1009,32.4121],[-81.0793,32.4006],[-81.0496,32.3959],[-81.035,32.3889],[-81.018,32.3722],[-80.9983,32.3726],[-80.9573,32.3637],[-80.9619,32.3414],[-80.9581,32.3256],[-80.9642,32.3138],[-80.9413,32.3168],[-80.9462,32.3015],[-80.9349,32.3001],[-80.9344,32.32],[-80.9219,32.3518],[-80.8921,32.3537],[-80.8776,32.3459],[-80.8737,32.3691],[-80.8419,32.3849],[-80.8429,32.3934],[-80.8292,32.4115],[-80.848,32.4116],[-80.8497,32.4229],[-80.8302,32.4621],[-80.8187,32.4639],[-80.8192,32.4859],[-80.836,32.5182],[-80.8477,32.5301],[-80.8602,32.5425],[-80.8775,32.5473],[-80.8896,32.5574],[-80.9106,32.5671],[-80.9239,32.5883],[-80.9292,32.5805],[-80.932,32.5859],[-80.9283,32.5907],[-80.944,32.6019],[-80.9433,32.623],[-80.9638,32.6354],[-80.97,32.6444],[-80.9591,32.6559],[-80.9657,32.6657],[-80.9841,32.6704],[-81.0049,32.6477],[-81.02,32.662],[-81.0307,32.6618],[-81.0962,32.6268],[-81.0415,32.6137],[-81.0584,32.5943],[-81.0021,32.5868],[-81.0169,32.5637],[-81.0141,32.5358],[-81.0343,32.5502],[-81.0404,32.5423],[-81.0411,32.5222],[-81.0624,32.5263],[-81.0844,32.519],[-81.1125,32.5243]]]},"properties":{"ZCTA5CE20":"29936","AFFGEOID20":"860Z200US29936","GEOID20":"29936","NAME20":"29936","LSAD20":"Z5","ALAND20":600232360,"AWATER20":15690197}},
{"type":"Feature","geometry":{"type":"Polygon","coordinates":[[[-79.7634,32.9564],[-79.7747,32.9416],[-79.7831,32.9432],[-79.8022,32.9299],[-79.7863,32.9306],[-79.7668,32.918],[-79.7457,32.9134],[-79.7442,32.88],[-79.7315,32.8699],[-79.7255,32.8554],[-79.6754,32.901],[-79.6601,32.9188],[-79.6516,32.9415],[-79.6212,32.9818],[-79.5846,33.0184],[-79.5591,33.0388],[-79.5443,33.0397],[-79.5515,33.0424],[-79.5603,33.0387],[-79.5723,33.0296],[-79.5957,33.0314],[-79.6038,33.0387],[-79.6284,33.0399],[-79.6283,33.0593],[-79.6084,33.1079],[-79.5939,33.1167],[-79.6091,33.1331],[-79.6209,33.136],[-79.6433,33.1235],[-79.6594,33.0929],[-79.6745,33.0809],[-79.6898,33.0613],[-79.6734,33.0353],[-79.7122,33.0085],[-79.7632,32.9789],[-79.7501,32.9669],[-79.7634,32.9564]]]},"properties":{"ZCTA5CE20":"29429","AFFGEOID20":"860Z200US29429","GEOID20":"29429","NAME20":"29429","LSAD20":"Z5","ALAND20":221853079,"AWATER20":10578225}},
{"type":"Feature","geometry":{"type":"Polygon","coordinates":[[[-78.6016,36.0885],[-78.5948,36.0757],[-78.5993,36.0546],[-78.6172,36.0477],[-78.642,36.0537],[-78.6588,36.0423],[-78.6809,36.0621],[-78.7144,36.0558],[-78.7155,36.0416],[-78.7073,36.0351],[-78.7062,36.0112],[-78.7004,36.0083],[-78.7083,35.9843],[-78.6941,35.9855],[-78.668,35.9878],[-78.6521,35.9992],[-78.6444,35.9864],[-78.633,35.9828],[-78.6238,35.9702],[-78.5993,35.9561],[-78.5847,35.959],[-78.5738,35.9481],[-78.5571,35.9708],[-78.543,35.9609],[-78.5416,35.9401],[-78.5523,35.9405],[-78.5577,35.9099],[-78.5352,35.9043],[-78.5061,35.9035],[-78.5003,35.8729],[-78.472,35.8716],[-78.4498,35.8693],[-78.4485,35.8828],[-78.4176,35.9002],[-78.4221,35.9152],[-78.3899,35.9201],[-78.3909,35.944],[-78.4063,35.9602],[-78.4221,35.9695],[-78.443,35.9654],[-78.4468,35.9811],[-78.4867,35.9999],[-78.4912,36.0198],[-78.5127,36.0183],[-78.5191,36.0243],[-78.5576,36.0258],[-78.5465,36.0633],[-78.5571,36.0639],[-78.5636,36.0772],[-78.5733,36.0971],[-78.6016,36.0885]],[[-78.4868,35.9059],[-78.4789,35.9324],[-78.4571,35.9387],[-78.4365,35.9289],[-78.4573,35.9073],[-78.471,35.8994],[-78.4868,35.9059]]]},"properties":{"ZCTA5CE20":"27587","AFFGEOID20":"860Z200US27587","GEOID20":"27587","NAME20":"27587","LSAD20":"Z5","ALAND20":272236472,"AWATER20":12782150}},
{"type":"Feature","geometry":{"type":"Polygon","coordinates":[[[-82.3607,34.879],[-82.3664,34.8715],[-82.3636,34.8694],[-82.3591,34.8732],[-82.3607,34.879]]]},"properties":{"ZCTA5CE20":"29614","AFFGEOID20":"860Z200US29614","GEOID20":"29614","NAME20":"29614","LSAD20":"Z5","ALAND20":492150,"AWATER20":0}},
{"type":"Feature","geometry":{"type":"Polygon","coordinates":[[[-81.3007,34.5662],[-81.2974,34.5445],[-81.2839,34.5293],[-81.277,34.4985],[-81.2744,34.4656],[-81.2649,34.4565],[-81.2492,34.4241],[-81.234,34.4186],[-81.2152,34.442],[-81.1893,34.4441],[-81.1819,34.4499],[-81.1704,34.4777],[-81.1564,34.4907],[-81.1408,34.4899],[-81.1012,34.4984],[-81.078,34.493],[-81.0602,34.5007],[-81.0381,34.4996],[-81.0218,34.4937],[-80.9977,34.5097],[-80.9985,34.5182],[-80.9763,34.526],[-80.9906,34.5363],[-80.9828,34.5469],[-80.971,34.5464],[-80.9683,34.5557],[-80.9616,34.5555],[-80.959,34.5461],[-80.9284,34.5449],[-80.9267,34.5566],[-80.9395,34.5618],[-80.9462,34.5734],[-80.9632,34.5886],[-80.9766,34.5943],[-80.9955,34.602],[-80.9993,34.5925],[-81.0145,34.5873],[-81.0192,34.6101],[-81.0411,34.6102],[-81.0744,34.6224],[-81.0922,34.6302],[-81.1044,34.6234],[-81.1248,34.631],[-81.1312,34.641],[-81.1545,34.6416],[-81.1774,34.6371],[-81.1958,34.5922],[-81.2107,34.6029],[-81.2335,34.6058],[-81.2332,34.5758],[-81.2451,34.5638],[-81.3007,34.5662]]]},"properties":{"ZCTA5CE20":"29014","AFFGEOID20":"860Z200US29014","GEOID20":"29014","NAME20":"29014","LSAD20":"Z5","ALAND20":420013657,"AWATER20":379638}},
{"type":"Feature","geometry":{"type":"Polygon","coordinates":[[[-79.8651,32.7681],[-79.8488,32.7536],[-79.8182,32.7664],[-79.8125,32.7748],[-79.8096,32.7792],[-79.8091,32.7869],[-79.8524,32.7686],[-79.8651,32.7681]]]},"properties":{"ZCTA5CE20":"29482","AFFGEOID20":"860Z200US29482","GEOID20":"29482","NAME20":"29482","LSAD20":"Z5","ALAND20":6469867,"AWATER20":2264286}},
{"type":"Feature","geometry":{"type":"Polygon","coordinates":[[[-80.4392,33.9762],[-80.4274,33.967],[-80.414,33.969],[-80.4175,33.9849],[-80.3943,33.9727],[-80.3967,33.963],[-80.373,33.9567],[-80.3567,33.9476],[-80.3301,33.9444],[-80.3114,33.9315],[-80.33,33.9208],[-80.3219,33.9004],[-80.3282,33.8804],[-80.341,33.8684],[-80.3187,33.8359],[-80.3111,33.8142],[-80.2985,33.8092],[-80.2872,33.7945],[-80.2741,33.7859],[-80.2708,33.7868],[-80.2492,33.8075],[-80.2572,33.8162],[-80.2167,33.8399],[-80.2268,33.8518],[-80.2068,33.8656],[-80.2076,33.8876],[-80.2167,33.8984],[-80.1845,33.8943],[-80.1703,33.8985],[-80.181,33.907],[-80.186,33.914],[-80.2144,33.9297],[-80.2368,33.932],[-80.2465,33.9527],[-80.2612,33.9613],[-80.2844,33.9654],[-80.2917,33.9887],[-80.2888,33.998],[-80.2697,34.002],[-80.2612,33.9818],[-80.2304,33.9749],[-80.2229,33.9822],[-80.2544,33.9963],[-80.2577,34.0185],[-80.2754,34.0416],[-80.2825,34.0701],[-80.277,34.0932],[-80.281,34.1084],[-80.3019,34.1023],[-80.3385,34.1284],[-80.3381,34.1344],[-80.3602,34.1249],[-80.372,34.114],[-80.3787,34.0807],[-80.3956,34.0895],[-80.4064,34.0708],[-80.3845,34.0515],[-80.3864,34.0295],[-80.3926,34.0183],[-80.4147,34.0048],[-80.4206,33.9935],[-80.4392,33.9762]]]},"properties":{"ZCTA5CE20":"29153","AFFGEOID20":"860Z200US29153","GEOID20":"29153","NAME20":"29153","LSAD20":"Z5","ALAND20":372915006,"AWATER20":495501}},
{"type":"Feature","geometry":{"type":"Polygon","coordinates":[[[-79.0361,36.0385],[-79.032,36.0225],[-79.0416,36.0153],[-79.0464,36.0005],[-79.0312,35.9876],[-79.0074,35.9823],[-78.9931,35.9653],[-78.9845,35.9752],[-78.9573,35.9713],[-78.9375,35.9747],[-78.9329,35.9924],[-78.9125,36.0035],[-78.9115,36.0224],[-78.915,36.0437],[-78.9268,36.0593],[-78.9149,36.0687],[-78.9503,36.0601],[-78.9577,36.0408],[-78.9763,36.0577],[-78.985,36.0876],[-78.9743,36.1037],[-79.0045,36.1154],[-79.0055,36.0809],[-79.0139,36.0678],[-79.0307,36.0659],[-79.0361,36.0385]],[[-78.9533,35.9977],[-78.9408,36.006],[-78.9356,36.0021],[-78.947,35.9951],[-78.9533,35.9977]]]},"properties":{"ZCTA5CE20":"27705","AFFGEOID20":"860Z200US27705","GEOID20":"27705","NAME20":"27705","LSAD20":"Z5","ALAND20":108949044,"AWATER20":839267}},
{"type":"Feature","geometry":{"type":"Polygon","coordinates":[[[-81.0361,34.9414],[-81.0315,34.9356],[-81.0278,34.937],[-81.0311,34.9432],[-81.0361,34.9414]]]},"properties":{"ZCTA5CE20":"29733","AFFGEOID20":"860Z200US29733","GEOID20":"29733","NAME20":"29733","LSAD20":"Z5","ALAND20":331092,"AWATER20":0}},
{"type":"Feature","geometry":{"type":"Polygon","coordinates":[[[-82.7749,35.0646],[-82.7563,35.038],[-82.76,35.0265],[-82.7767,35.0084],[-82.7566,34.986],[-82.7645,34.9785],[-82.8009,34.9769],[-82.8169,34.9676],[-82.8133,34.9531],[-82.8287,34.9393],[-82.8,34.9304],[-82.7867,34.9302],[-82.7671,34.9224],[-82.7635,34.9103],[-82.7905,34.9102],[-82.7979,34.8978],[-82.8123,34.9044],[-82.8337,34.9026],[-82.8361,34.8908],[-82.8351,34.8641],[-82.8281,34.857],[-82.8089,34.8594],[-82.8072,34.8415],[-82.8,34.8293],[-82.7843,34.8272],[-82.7776,34.8193],[-82.7697,34.8244],[-82.7442,34.8225],[-82.7401,34.8392],[-82.7283,34.8473],[-82.7077,34.8528],[-82.6919,34.8405],[-82.672,34.8452],[-82.6749,34.8515],[-82.6517,34.8597],[-82.6503,34.8781],[-82.6555,34.8851],[-82.6314,34.8976],[-82.6246,34.9095],[-82.6301,34.9215],[-82.6452,34.9261],[-82.6468,34.9367],[-82.6274,34.9462],[-82.6177,34.9616],[-82.6435,34.9929],[-82.6324,35.0044],[-82.6187,35.0059],[-82.6169,35.0217],[-82.6141,35.0401],[-82.6286,35.0465],[-82.6691,35.0386],[-82.6854,35.0596],[-82.7082,35.0621],[-82.718,35.053],[-82.7497,35.0476],[-82.7641,35.0682],[-82.7749,35.0646]]]},"properties":{"ZCTA5CE20":"29671","AFFGEOID20":"860Z200US29671","GEOID20":"29671","NAME20":"29671","LSAD20":"Z5","ALAND20":342654025,"AWATER20":1659570}},
{"type":"Feature","geometry":{"type":"Polygon","coordinates":[[[-81.2974,34.5445],[-81.3069,34.5348],[-81.333,34.5302],[-81.3274,34.5614],[-81.3496,34.5499],[-81.3793,34.5495],[-81.3838,34.5655],[-81.3964,34.5709],[-81.4227,34.572],[-81.4275,34.5295],[-81.4211,34.5015],[-81.4232,34.4944],[-81.4224,34.4822],[-81.4129,34.4679],[-81.4212,34.4538],[-81.4112,34.4333],[-81.3948,34.3871],[-81.3715,34.3504],[-81.3665,34.3258],[-81.354,34.3029],[-81.3458,34.2996],[-81.3339,34.3095],[-81.3033,34.3193],[-81.2889,34.3286],[-81.2943,34.3388],[-81.311,34.3525],[-81.2947,34.3655],[-81.284,34.35],[-81.2574,34.3514],[-81.2561,34.3339],[-81.2385,34.3531],[-81.2456,34.3638],[-81.2424,34.3846],[-81.2496,34.3987],[-81.2407,34.4119],[-81.2492,34.4241],[-81.2649,34.4565],[-81.2744,34.4656],[-81.277,34.4985],[-81.2839,34.5293],[-81.2974,34.5445]]]},"properties":{"ZCTA5CE20":"29015","AFFGEOID20":"860Z200US29015","GEOID20":"29015","NAME20":"29015","LSAD20":"Z5","ALAND20":304414470,"AWATER20":24354809}},
{"type":"Feature","geometry":{"type":"Polygon","coordinates":[[[-81.9151,34.9734],[-81.9149,34.9651],[-81.9042,34.969],[-81.906,34.9789],[-81.9151,34.9734]]]},"properties":{"ZCTA5CE20":"29333","AFFGEOID20":"860Z200US29333","GEOID20":"29333","NAME20":"29333","LSAD20":"Z5","ALAND20":1049038,"AWATER20":0}},
{"type":"Feature","geometry":{"type":"Polygon","coordinates":[[[-79.9914,35.9718],[-79.9941,35.9746],[-79.998,35.9687],[-79.9914,35.9718]]]},"properties":{"ZCTA5CE20":"27268","AFFGEOID20":"860Z200US27268","GEOID20":"27268","NAME20":"27268","LSAD20":"Z5","ALAND20":266675,"AWATER20":0}},
{"type":"Feature","geometry":{"type":"Polygon","coordinates":[[[-78.2561,34.3995],[-78.2362,34.3762],[-78.2116,34.3694],[-78.2102,34.358],[-78.1929,34.3527],[-78.1593,34.3571],[-78.1545,34.365],[-78.1207,34.368],[-78.113,34.3602],[-78.0928,34.3524],[-78.0811,34.354],[-78.0787,34.3392],[-78.0299,34.3318],[-78.0038,34.3353],[-78.0259,34.376],[-78.0225,34.3921],[-78.036,34.4139],[-78.0482,34.4164],[-78.0515,34.4405],[-78.0301,34.4454],[-78.0422,34.4576],[-78.0434,34.4895],[-78.0542,34.4887],[-78.0573,34.503],[-78.0804,34.4927],[-78.1014,34.5046],[-78.0993,34.5143],[-78.1222,34.5163],[-78.1293,34.5087],[-78.1076,34.473],[-78.1171,34.4539],[-78.1365,34.4379],[-78.1437,34.4453],[-78.1539,34.4356],[-78.1871,34.4373],[-78.2012,34.445],[-78.2561,34.3995]]]},"properties":{"ZCTA5CE20":"28435","AFFGEOID20":"860Z200US28435","GEOID20":"28435","NAME20":"28435","LSAD20":"Z5","ALAND20":227282838,"AWATER20":4871145}},
{"type":"Feature","geometry":{"type":"Polygon","coordinates":[[[-82.5975,34.7047],[-82.595,34.6948],[-82.5813,34.6878],[-82.5707,34.6933],[-82.5369,34.6748],[-82.5367,34.6747],[-82.5169,34.6842],[-82.4799,34.6877],[-82.4632,34.6697],[-82.4613,34.6556],[-82.4423,34.6578],[-82.4008,34.6859],[-82.3875,34.679],[-82.3797,34.687],[-82.3509,34.6849],[-82.3371,34.6722],[-82.3389,34.6908],[-82.3262,34.7206],[-82.3292,34.7325],[-82.3521,34.7193],[-82.3666,34.7332],[-82.3868,34.7272],[-82.3932,34.7475],[-82.4045,34.7561],[-82.4123,34.7836],[-82.4258,34.7887],[-82.4317,34.7757],[-82.4471,34.7745],[-82.4589,34.7883],[-82.4816,34.7895],[-82.4846,34.784],[-82.4819,34.7653],[-82.4959,34.7527],[-82.5286,34.762],[-82.5277,34.736],[-82.5398,34.741],[-82.5533,34.7191],[-82.5773,34.7142],[-82.5816,34.7046],[-82.5975,34.7047]]]},"properties":{"ZCTA5CE20":"29673","AFFGEOID20":"860Z200US29673","GEOID20":"29673","NAME20":"29673","LSAD20":"Z5","ALAND20":182733225,"AWATER20":1873270}},
{"type":"Feature","geometry":{"type":"Polygon","coordinates":[[[-83.8628,35.1324],[-83.8634,35.1215],[-83.8831,35.1061],[-83.9077,35.0782],[-83.9269,35.0671],[-83.9061,35.0565],[-83.9102,35.0435],[-83.8983,35.0315],[-83.8932,35.0244],[-83.8713,35.0144],[-83.8614,35.0024],[-83.8583,34.9873],[-83.8001,34.9874],[-83.62,34.9866],[-83.6202,34.9921],[-83.5567,34.9925],[-83.483,34.9935],[-83.4868,34.9987],[-83.517,34.9992],[-83.5271,35.0092],[-83.5212,35.0182],[-83.5379,35.0353],[-83.5574,35.0386],[-83.5667,35.0513],[-83.5622,35.0594],[-83.5787,35.0771],[-83.5981,35.0679],[-83.6096,35.0753],[-83.6247,35.0946],[-83.6324,35.1251],[-83.6519,35.1355],[-83.6485,35.1529],[-83.6734,35.1571],[-83.6991,35.1535],[-83.7145,35.1553],[-83.7267,35.1452],[-83.7381,35.156],[-83.746,35.1608],[-83.7729,35.1559],[-83.8166,35.1392],[-83.8407,35.1438],[-83.8562,35.1374],[-83.8628,35.1324]]]},"properties":{"ZCTA5CE20":"28904","AFFGEOID20":"860Z200US28904","GEOID20":"28904","NAME20":"28904","LSAD20":"Z5","ALAND20":482897645,"AWATER20":14937393}},
{"type":"Feature","geometry":{"type":"Polygon","coordinates":[[[-82.8976,35.056],[-82.905,35.0421],[-82.9183,35.0361],[-82.9121,35.0095],[-82.9288,35.0096],[-82.9379,34.9958],[-82.9386,34.9809],[-82.9159,34.9724],[-82.9192,34.9599],[-82.9033,34.935],[-82.9084,34.9189],[-82.9014,34.9146],[-82.9093,34.8947],[-82.9047,34.8592],[-82.9005,34.8551],[-82.8891,34.8726],[-82.859,34.8839],[-82.8475,34.8779],[-82.8361,34.8908],[-82.8337,34.9026],[-82.8123,34.9044],[-82.7979,34.8978],[-82.7905,34.9102],[-82.7635,34.9103],[-82.7671,34.9224],[-82.7867,34.9302],[-82.8,34.9304],[-82.8287,34.9393],[-82.8133,34.9531],[-82.8169,34.9676],[-82.8009,34.9769],[-82.7645,34.9785],[-82.7566,34.986],[-82.7767,35.0084],[-82.76,35.0265],[-82.7563,35.038],[-82.7749,35.0646],[-82.7764,35.0813],[-82.7836,35.0856],[-82.8371,35.0717],[-82.8975,35.056],[-82.8976,35.056]]]},"properties":{"ZCTA5CE20":"29685","AFFGEOID20":"860Z200US29685","GEOID20":"29685","NAME20":"29685","LSAD20":"Z5","ALAND20":229160344,"AWATER20":18578485}},
{"type":"Feature","geometry":{"type":"Polygon","coordinates":[[[-81.5029,33.3317],[-81.5058,33.3167],[-81.516,33.3035],[-81.5185,33.2898],[-81.504,33.2723],[-81.5184,33.2552],[-81.515,33.2301],[-81.495,33.2172],[-81.4865,33.1965],[-81.4762,33.1695],[-81.4683,33.1666],[-81.4503,33.1367],[-81.4212,33.1252],[-81.4253,33.0958],[-81.4133,33.0855],[-81.398,33.0896],[-81.4002,33.107],[-81.386,33.1032],[-81.3812,33.1129],[-81.3649,33.1081],[-81.3378,33.1082],[-81.2837,33.1086],[-81.273,33.1206],[-81.2727,33.1361],[-81.2587,33.1578],[-81.2487,33.1664],[-81.2498,33.2109],[-81.2728,33.2201],[-81.2585,33.2355],[-81.2573,33.2513],[-81.2208,33.2593],[-81.2203,33.2688],[-81.2374,33.2864],[-81.2498,33.2882],[-81.277,33.2647],[-81.2952,33.2901],[-81.3073,33.2812],[-81.329,33.2764],[-81.3509,33.2853],[-81.3612,33.2953],[-81.3732,33.3042],[-81.3863,33.3044],[-81.3866,33.2757],[-81.4125,33.3024],[-81.4315,33.3016],[-81.4544,33.3071],[-81.4627,33.3253],[-81.4867,33.333],[-81.5029,33.3317]]]},"properties":{"ZCTA5CE20":"29812","AFFGEOID20":"860Z200US29812","GEOID20":"29812","NAME20":"29812","LSAD20":"Z5","ALAND20":449297272,"AWATER20":4502607}},
{"type":"Feature","geometry":{"type":"Polygon","coordinates":[[[-81.8241,33.621],[-81.822,33.606],[-81.811,33.5981],[-81.8086,33.5795],[-81.7867,33.5764],[-81.7895,33.5595],[-81.7852,33.536],[-81.7677,33.5304],[-81.7783,33.5549],[-81.7336,33.5577],[-81.7327,33.5372],[-81.7054,33.5403],[-81.7027,33.5306],[-81.6744,33.5436],[-81.6363,33.5281],[-81.5685,33.5127],[-81.5597,33.5106],[-81.5258,33.5175],[-81.5174,33.53],[-81.5184,33.5525],[-81.5264,33.5647],[-81.5567,33.5558],[-81.5665,33.5559],[-81.5973,33.5702],[-81.6095,33.5815],[-81.6381,33.5821],[-81.6914,33.6071],[-81.7192,33.6423],[-81.7159,33.6553],[-81.729,33.6767],[-81.7428,33.6889],[-81.7613,33.6776],[-81.7787,33.6801],[-81.8061,33.6686],[-81.8024,33.6542],[-81.8095,33.6495],[-81.807,33.6284],[-81.8241,33.621]]]},"properties":{"ZCTA5CE20":"29801","AFFGEOID20":"860Z200US29801","GEOID20":"29801","NAME20":"29801","LSAD20":"Z5","ALAND20":230271405,"AWATER20":1176988}},
{"type":"Feature","geometry":{"type":"Polygon","coordinates":[[[-80.419,33.052],[-80.4304,33.0385],[-80.4187,33.0311],[-80.4334,33.0216],[-80.433,33.0084],[-80.4432,32.9868],[-80.4305,32.9745],[-80.4208,32.9453],[-80.4277,32.9188],[-80.4081,32.9131],[-80.4035,32.8804],[-80.404,32.8586],[-80.4013,32.8585],[-80.4033,32.8696],[-80.3877,32.8931],[-80.3842,32.9055],[-80.3506,32.9113],[-80.3491,32.8989],[-80.3344,32.8943],[-80.3344,32.8731],[-80.3257,32.8675],[-80.3116,32.8747],[-80.2775,32.8807],[-80.2733,32.9013],[-80.2476,32.8961],[-80.2523,32.9085],[-80.2445,32.9218],[-80.2514,32.9349],[-80.2708,32.9452],[-80.268,32.9569],[-80.253,32.9686],[-80.2637,32.9664],[-80.2787,32.9746],[-80.3014,33.0146],[-80.2995,33.0474],[-80.2924,33.0636],[-80.2714,33.0853],[-80.2395,33.0985],[-80.2212,33.1051],[-80.2023,33.1212],[-80.1814,33.1444],[-80.1916,33.1627],[-80.2179,33.1813],[-80.2111,33.1882],[-80.2347,33.2222],[-80.2193,33.2377],[-80.2231,33.2453],[-80.2452,33.2395],[-80.2518,33.2267],[-80.2989,33.2595],[-80.3208,33.2542],[-80.3443,33.2342],[-80.3349,33.223],[-80.332,33.2012],[-80.2976,33.1818],[-80.311,33.1584],[-80.3483,33.1416],[-80.3582,33.1109],[-80.3738,33.094],[-80.3882,33.0871],[-80.3994,33.0734],[-80.4063,33.0494],[-80.419,33.052]]]},"properties":{"ZCTA5CE20":"29472","AFFGEOID20":"860Z200US29472","GEOID20":"29472","NAME20":"29472","LSAD20":"Z5","ALAND20":491413495,"AWATER20":2047063}},
{"type":"Feature","geometry":{"type":"Polygon","coordinates":[[[-79.9801,35.7122],[-79.9716,35.7034],[-79.9554,35.6647],[-79.988,35.6453],[-79.981,35.6294],[-80.0008,35.6344],[-80.0113,35.619],[-79.9993,35.601],[-80.0041,35.5866],[-79.9847,35.5741],[-79.9735,35.5536],[-79.9703,35.5342],[-79.9392,35.5514],[-79.9398,35.5087],[-79.9218,35.5093],[-79.9214,35.5341],[-79.9077,35.5287],[-79.8697,35.5261],[-79.8742,35.5103],[-79.8128,35.511],[-79.8124,35.5194],[-79.7976,35.5448],[-79.7834,35.5476],[-79.7506,35.573],[-79.7309,35.5623],[-79.7237,35.5842],[-79.7044,35.5895],[-79.7091,35.6066],[-79.6813,35.6097],[-79.6768,35.7108],[-79.7026,35.7142],[-79.7136,35.7242],[-79.7483,35.7243],[-79.7733,35.7109],[-79.7754,35.6986],[-79.8103,35.6888],[-79.8301,35.6859],[-79.8317,35.7043],[-79.824,35.7278],[-79.8277,35.7631],[-79.8538,35.7602],[-79.8549,35.7438],[-79.8797,35.7352],[-79.8921,35.7462],[-79.901,35.7679],[-79.9144,35.7639],[-79.9368,35.7934],[-79.9435,35.7907],[-79.9518,35.7751],[-79.9642,35.7764],[-79.9812,35.7535],[-79.9801,35.7122]]]},"properties":{"ZCTA5CE20":"27205","AFFGEOID20":"860Z200US27205","GEOID20":"27205","NAME20":"27205","LSAD20":"Z5","ALAND20":579373100,"AWATER20":2967929}},
{"type":"Feature","geometry":{"type":"Polygon","coordinates":[[[-78.5307,35.5346],[-78.5397,35.5097],[-78.5256,35.5038],[-78.5223,35.4902],[-78.505,35.4634],[-78.4963,35.4333],[-78.5024,35.4185],[-78.5042,35.3913],[-78.4915,35.3837],[-78.5004,35.372],[-78.4831,35.3557],[-78.4759,35.3742],[-78.4615,35.3594],[-78.437,35.3582],[-78.4289,35.3468],[-78.3964,35.3355],[-78.3635,35.3385],[-78.3473,35.342],[-78.3527,35.3236],[-78.3504,35.3126],[-78.3353,35.3106],[-78.331,35.2947],[-78.3066,35.2876],[-78.2935,35.2743],[-78.2919,35.2872],[-78.264,35.2814],[-78.2236,35.2986],[-78.2165,35.3161],[-78.2035,35.3329],[-78.2159,35.3347],[-78.2197,35.3424],[-78.2402,35.3498],[-78.2644,35.3668],[-78.2638,35.3746],[-78.2895,35.4004],[-78.2838,35.4082],[-78.2869,35.4233],[-78.3122,35.4313],[-78.3348,35.4305],[-78.3599,35.4495],[-78.3589,35.4615],[-78.368,35.4774],[-78.3806,35.4662],[-78.4093,35.4674],[-78.4337,35.4618],[-78.4569,35.4693],[-78.4465,35.4786],[-78.4577,35.5018],[-78.4873,35.5134],[-78.5021,35.5281],[-78.5135,35.5216],[-78.5203,35.5351],[-78.5307,35.5346]]]},"properties":{"ZCTA5CE20":"27524","AFFGEOID20":"860Z200US27524","GEOID20":"27524","NAME20":"27524","LSAD20":"Z5","ALAND20":348188556,"AWATER20":2146967}},
{"type":"Feature","geometry":{"type":"Polygon","coordinates":[[[-82.1277,35.5237],[-82.1025,35.5134],[-82.0922,35.4941],[-82.0848,35.4958],[-82.0738,35.4797],[-82.0373,35.4818],[-82.0269,35.4599],[-82.001,35.4724],[-81.9663,35.4525],[-81.9543,35.4423],[-81.9406,35.4562],[-81.9295,35.4569],[-81.9056,35.44],[-81.8993,35.4506],[-81.9051,35.4699],[-81.8671,35.4835],[-81.8557,35.492],[-81.8345,35.5003],[-81.8439,35.5463],[-81.8241,35.575],[-81.8295,35.5921],[-81.8502,35.5906],[-81.8578,35.5711],[-81.8518,35.5643],[-81.8567,35.5422],[-81.905,35.5419],[-81.9209,35.5337],[-81.9331,35.5361],[-81.9693,35.5267],[-82.0027,35.5518],[-82.0208,35.5386],[-82.0759,35.5358],[-82.0861,35.5252],[-82.096,35.5316],[-82.1277,35.5237]]]},"properties":{"ZCTA5CE20":"28167","AFFGEOID20":"860Z200US28167","GEOID20":"28167","NAME20":"28167","LSAD20":"Z5","ALAND20":190517736,"AWATER20":355500}},
{"type":"Feature","geometry":{"type":"Polygon","coordinates":[[[-78.2575,36.2478],[-78.2472,36.2253],[-78.2275,36.2115],[-78.222,36.2478],[-78.1826,36.2372],[-78.1624,36.2481],[-78.1327,36.2463],[-78.1268,36.2299],[-78.1098,36.2102],[-78.0873,36.2086],[-78.0661,36.2165],[-78.0571,36.2111],[-78.0276,36.2104],[-78.0034,36.2438],[-77.97,36.2595],[-77.9649,36.2679],[-77.9861,36.2963],[-78.0008,36.2959],[-78.0046,36.3166],[-78.0252,36.3328],[-78.0377,36.3133],[-78.0524,36.3076],[-78.062,36.3344],[-78.0715,36.3444],[-78.0633,36.3556],[-78.0868,36.3629],[-78.1093,36.3917],[-78.1169,36.4171],[-78.094,36.4335],[-78.1067,36.4361],[-78.1046,36.4502],[-78.1306,36.4604],[-78.1247,36.4747],[-78.1292,36.4992],[-78.1004,36.4977],[-78.0949,36.5045],[-78.0997,36.5311],[-78.1297,36.5438],[-78.1747,36.5441],[-78.1631,36.5277],[-78.1729,36.5123],[-78.1714,36.4893],[-78.159,36.4846],[-78.1614,36.455],[-78.1737,36.4622],[-78.1802,36.4485],[-78.1783,36.4339],[-78.1952,36.4249],[-78.1921,36.4099],[-78.2022,36.4043],[-78.2151,36.4096],[-78.2306,36.4009],[-78.236,36.3755],[-78.2227,36.3452],[-78.231,36.3228],[-78.2189,36.3135],[-78.2269,36.2919],[-78.2362,36.2895],[-78.2316,36.2827],[-78.2413,36.2655],[-78.2575,36.2478]]]},"properties":{"ZCTA5CE20":"27589","AFFGEOID20":"860Z200US27589","GEOID20":"27589","NAME20":"27589","LSAD20":"Z5","ALAND20":438928686,"AWATER20":1153589}},
{"type":"Feature","geometry":{"type":"Polygon","coordinates":[[[-81.4691,35.7155],[-81.4783,35.7046],[-81.4609,35.6895],[-81.4703,35.6833],[-81.4949,35.6794],[-81.4966,35.6619],[-81.5056,35.6445],[-81.4849,35.6376],[-81.4661,35.6322],[-81.4606,35.6188],[-81.4335,35.6357],[-81.4061,35.6304],[-81.3861,35.6122],[-81.3773,35.6257],[-81.3574,35.6133],[-81.3447,35.6211],[-81.3216,35.6242],[-81.3027,35.6404],[-81.3089,35.6675],[-81.3196,35.6798],[-81.3195,35.7028],[-81.2972,35.687],[-81.2718,35.7008],[-81.2646,35.7218],[-81.3167,35.7391],[-81.3357,35.7321],[-81.3912,35.7289],[-81.4025,35.7241],[-81.4115,35.7057],[-81.4385,35.7102],[-81.4678,35.7196],[-81.4691,35.7155]]]},"properties":{"ZCTA5CE20":"28602","AFFGEOID20":"860Z200US28602","GEOID20":"28602","NAME20":"28602","LSAD20":"Z5","ALAND20":183010279,"AWATER20":1208471}},
{"type":"Feature","geometry":{"type":"Polygon","coordinates":[[[-81.8961,36.2564],[-81.8972,36.2426],[-81.9083,36.2335],[-81.9273,36.2287],[-81.9155,36.2144],[-81.9289,36.1924],[-81.9233,36.1626],[-81.9136,36.1477],[-81.9282,36.1435],[-81.9276,36.131],[-81.9094,36.1141],[-81.8947,36.1204],[-81.8794,36.1139],[-81.8448,36.1254],[-81.8388,36.1182],[-81.8149,36.1227],[-81.8105,36.1115],[-81.7815,36.1192],[-81.7621,36.131],[-81.7809,36.1399],[-81.7781,36.1511],[-81.7664,36.161],[-81.7682,36.1721],[-81.7478,36.179],[-81.7454,36.1939],[-81.7707,36.218],[-81.7862,36.2168],[-81.8025,36.211],[-81.8168,36.2262],[-81.8324,36.2356],[-81.8445,36.2305],[-81.8663,36.2391],[-81.8701,36.2582],[-81.8961,36.2564]]]},"properties":{"ZCTA5CE20":"28604","AFFGEOID20":"860Z200US28604","GEOID20":"28604","NAME20":"28604","LSAD20":"Z5","ALAND20":177810765,"AWATER20":265230}},
{"type":"Feature","geometry":{"type":"Polygon","coordinates":[[[-81.8231,35.3208],[-81.8004,35.3129],[-81.8013,35.282],[-81.7728,35.2721],[-81.7567,35.293],[-81.7333,35.2985],[-81.7229,35.309],[-81.7142,35.3301],[-81.7036,35.3355],[-81.6993,35.4256],[-81.6764,35.431],[-81.6915,35.4399],[-81.694,35.4528],[-81.6818,35.4704],[-81.6889,35.4775],[-81.7163,35.478],[-81.72,35.5043],[-81.7279,35.5073],[-81.7407,35.5078],[-81.7571,35.4965],[-81.7544,35.4804],[-81.7696,35.4817],[-81.7768,35.4567],[-81.7863,35.4458],[-81.7886,35.4255],[-81.7696,35.4122],[-81.7353,35.4114],[-81.7692,35.3842],[-81.7775,35.3688],[-81.8017,35.3808],[-81.805,35.3641],[-81.8202,35.3563],[-81.8095,35.3454],[-81.8079,35.3267],[-81.8231,35.3208]],[[-81.7964,35.2859],[-81.7918,35.2852],[-81.7942,35.281],[-81.7964,35.2859]]]},"properties":{"ZCTA5CE20":"28040","AFFGEOID20":"860Z200US28040","GEOID20":"28040","NAME20":"28040","LSAD20":"Z5","ALAND20":175504907,"AWATER20":32976}},
{"type":"Feature","geometry":{"type":"Polygon","coordinates":[[[-79.7412,33.3223],[-79.7572,33.3099],[-79.7638,33.2956],[-79.7435,33.268],[-79.7473,33.2598],[-79.7337,33.2503],[-79.7278,33.2462],[-79.7078,33.2683],[-79.6803,33.244],[-79.67,33.2205],[-79.6728,33.1941],[-79.6654,33.1724],[-79.6711,33.1472],[-79.6837,33.1326],[-79.6709,33.1017],[-79.6594,33.0929],[-79.6433,33.1235],[-79.6209,33.136],[-79.6091,33.1331],[-79.5958,33.1432],[-79.55,33.1556],[-79.534,33.144],[-79.5187,33.1485],[-79.4836,33.2038],[-79.4467,33.2135],[-79.46,33.2351],[-79.4826,33.2459],[-79.494,33.236],[-79.5354,33.2496],[-79.5623,33.2725],[-79.5955,33.2793],[-79.631,33.2929],[-79.6643,33.2983],[-79.6764,33.3048],[-79.7096,33.3212],[-79.7412,33.3223]]]},"properties":{"ZCTA5CE20":"29453","AFFGEOID20":"860Z200US29453","GEOID20":"29453","NAME20":"29453","LSAD20":"Z5","ALAND20":308178714,"AWATER20":2700686}},
{"type":"Feature","geometry":{"type":"Polygon","coordinates":[[[-81.0611,36.2699],[-81.0378,36.2406],[-81.0277,36.223],[-81.0152,36.2142],[-81.0242,36.202],[-81.0466,36.1993],[-81.0692,36.1888],[-81.0319,36.1834],[-81.0255,36.1985],[-81.0018,36.1968],[-81.0288,36.1829],[-81.0202,36.1539],[-81.0037,36.1509],[-81.0037,36.1418],[-80.9706,36.1314],[-80.9576,36.1339],[-80.9401,36.144],[-80.9502,36.1536],[-80.967,36.1554],[-80.967,36.1743],[-80.9507,36.17],[-80.9455,36.19],[-80.9527,36.1933],[-80.9626,36.2255],[-80.9727,36.2354],[-80.9695,36.2578],[-80.936,36.2683],[-80.9452,36.2842],[-80.9566,36.2879],[-80.9602,36.3059],[-80.9826,36.2999],[-81.0177,36.2955],[-81.0426,36.2889],[-81.0572,36.2738],[-81.0611,36.2699]]]},"properties":{"ZCTA5CE20":"28669","AFFGEOID20":"860Z200US28669","GEOID20":"28669","NAME20":"28669","LSAD20":"Z5","ALAND20":124262092,"AWATER20":251291}},
{"type":"Feature","geometry":{"type":"Polygon","coordinates":[[[-76.8649,35.3595],[-76.8871,35.3418],[-76.891,35.3228],[-76.9036,35.32],[-76.882,35.305],[-76.8805,35.296],[-76.8541,35.2966],[-76.8559,35.3184],[-76.8647,35.3278],[-76.8604,35.3403],[-76.8649,35.3595]]]},"properties":{"ZCTA5CE20":"27821","AFFGEOID20":"860Z200US27821","GEOID20":"27821","NAME20":"27821","LSAD20":"Z5","ALAND20":16613471,"AWATER20":256684}},
{"type":"Feature","geometry":{"type":"Polygon","coordinates":[[[-78.8718,36.004],[-78.8874,35.9857],[-78.8852,35.9682],[-78.8787,35.9574],[-78.8793,35.9351],[-78.8724,35.9437],[-78.852,35.9384],[-78.8516,35.8833],[-78.8736,35.8917],[-78.8666,35.8766],[-78.8526,35.8815],[-78.8497,35.8673],[-78.8306,35.8729],[-78.8391,35.8819],[-78.8385,35.8965],[-78.823,35.8926],[-78.8165,35.9118],[-78.8161,35.914],[-78.8127,35.9284],[-78.802,35.927],[-78.7887,35.9176],[-78.7805,35.9227],[-78.7582,35.9216],[-78.7485,35.9347],[-78.7387,35.9729],[-78.7177,35.9827],[-78.7073,36.0078],[-78.7004,36.0083],[-78.7062,36.0112],[-78.72,36.0296],[-78.7402,36.0236],[-78.7536,36.0314],[-78.754,36.0478],[-78.7603,36.017],[-78.7504,36.0034],[-78.7689,35.9908],[-78.7807,35.9764],[-78.7917,35.9764],[-78.7969,35.9908],[-78.7891,36.0088],[-78.7985,36.0179],[-78.8151,36.005],[-78.8322,36.0076],[-78.8718,36.004]]]},"properties":{"ZCTA5CE20":"27703","AFFGEOID20":"860Z200US27703","GEOID20":"27703","NAME20":"27703","LSAD20":"Z5","ALAND20":127086865,"AWATER20":9181518}},
{"type":"Feature","geometry":{"type":"Polygon","coordinates":[[[-82.1335,35.8233],[-82.1474,35.8047],[-82.1679,35.7891],[-82.1583,35.7796],[-82.1764,35.7565],[-82.1844,35.753],[-82.1927,35.7365],[-82.1906,35.7293],[-82.1307,35.6983],[-82.1345,35.6823],[-82.1299,35.6697],[-82.1093,35.6683],[-82.0969,35.6539],[-82.1085,35.6376],[-82.1112,35.6189],[-82.1028,35.607],[-82.1025,35.5802],[-82.1212,35.5721],[-82.1475,35.5464],[-82.1442,35.5379],[-82.155,35.5204],[-82.1277,35.5237],[-82.096,35.5316],[-82.0861,35.5252],[-82.0759,35.5358],[-82.0208,35.5386],[-82.0027,35.5518],[-81.9693,35.5267],[-81.9556,35.5461],[-81.9599,35.5505],[-81.9387,35.5732],[-81.951,35.5933],[-81.9602,35.6007],[-81.9517,35.6125],[-81.9392,35.6123],[-81.9221,35.6229],[-81.9294,35.6424],[-81.9157,35.673],[-81.9243,35.6822],[-81.9236,35.6948],[-81.9645,35.717],[-81.968,35.7397],[-81.99,35.7768],[-81.9841,35.7983],[-81.9869,35.8069],[-81.9735,35.8212],[-81.9589,35.8192],[-81.9401,35.8374],[-81.9192,35.8488],[-81.9181,35.86],[-81.9067,35.8834],[-81.9128,35.9001],[-81.9103,35.9055],[-81.9285,35.9315],[-81.9506,35.937],[-81.9587,35.9233],[-81.969,35.9102],[-81.9652,35.8938],[-81.9973,35.874],[-82.0185,35.8846],[-82.022,35.8684],[-82.0369,35.8538],[-82.0577,35.8516],[-82.0808,35.8473],[-82.0898,35.8499],[-82.1047,35.8338],[-82.1137,35.8346],[-82.1203,35.8254],[-82.1335,35.8233]]]},"properties":{"ZCTA5CE20":"28752","AFFGEOID20":"860Z200US28752","GEOID20":"28752","NAME20":"28752","LSAD20":"Z5","ALAND20":645082354,"AWATER20":4392186}},
{"type":"Feature","geometry":{"type":"Polygon","coordinates":[[[-79.5816,35.5241],[-79.5982,35.5166],[-79.6381,35.5137],[-79.6532,35.5018],[-79.6501,35.4838],[-79.6559,35.4787],[-79.6788,35.4843],[-79.6893,35.4608],[-79.7107,35.441],[-79.7106,35.4325],[-79.6856,35.4245],[-79.6833,35.4093],[-79.6621,35.4094],[-79.6601,35.402],[-79.6335,35.4139],[-79.6267,35.4024],[-79.6145,35.4099],[-79.5902,35.4099],[-79.5741,35.4042],[-79.5624,35.3917],[-79.5594,35.4],[-79.5245,35.3956],[-79.5222,35.4299],[-79.517,35.4575],[-79.4835,35.4663],[-79.4801,35.4796],[-79.4515,35.4855],[-79.4469,35.47],[-79.4352,35.4666],[-79.4173,35.4726],[-79.4017,35.4604],[-79.3898,35.4615],[-79.3921,35.4717],[-79.3821,35.487],[-79.3914,35.4927],[-79.4156,35.4928],[-79.4257,35.4974],[-79.43,35.5169],[-79.4393,35.5168],[-79.4707,35.5163],[-79.5165,35.4979],[-79.518,35.4808],[-79.5407,35.4945],[-79.5393,35.5046],[-79.5676,35.5228],[-79.5816,35.5241]]]},"properties":{"ZCTA5CE20":"27325","AFFGEOID20":"860Z200US27325","GEOID20":"27325","NAME20":"27325","LSAD20":"Z5","ALAND20":213993288,"AWATER20":1654128}},
{"type":"Feature","geometry":{"type":"Polygon","coordinates":[[[-78.3365,36.137],[-78.3318,36.13],[-78.3623,36.1106],[-78.3507,36.1003],[-78.3577,36.087],[-78.3797,36.0867],[-78.3761,36.0729],[-78.3517,36.0852],[-78.3426,36.0824],[-78.3355,36.0663],[-78.3497,36.0453],[-78.3856,36.0494],[-78.3815,36.0704],[-78.409,36.0719],[-78.4104,36.0505],[-78.4233,36.0347],[-78.4084,36.0213],[-78.4011,36.0039],[-78.3605,36.0043],[-78.3559,35.9998],[-78.348,35.9673],[-78.3332,35.9516],[-78.3192,35.9394],[-78.2967,35.9338],[-78.2861,35.9475],[-78.2874,35.9694],[-78.2762,35.9815],[-78.2616,35.9741],[-78.2411,35.9889],[-78.2249,35.9794],[-78.2224,35.9585],[-78.2089,35.9386],[-78.187,35.9392],[-78.1819,35.9694],[-78.1921,35.9934],[-78.1816,35.9942],[-78.1857,36.0324],[-78.1831,36.0461],[-78.1704,36.0583],[-78.1412,36.0603],[-78.1466,36.0955],[-78.1558,36.1092],[-78.1513,36.1297],[-78.1343,36.1334],[-78.1296,36.1601],[-78.1238,36.1651],[-78.0729,36.1574],[-78.0471,36.1824],[-78.0276,36.2104],[-78.0571,36.2111],[-78.0661,36.2165],[-78.0873,36.2086],[-78.1098,36.2102],[-78.1268,36.2299],[-78.1327,36.2463],[-78.1624,36.2481],[-78.1826,36.2372],[-78.222,36.2478],[-78.2275,36.2115],[-78.2472,36.2253],[-78.2575,36.2478],[-78.2732,36.2245],[-78.2985,36.2293],[-78.3045,36.2147],[-78.319,36.2043],[-78.3439,36.2089],[-78.343,36.1999],[-78.3329,36.1926],[-78.3341,36.1676],[-78.3402,36.1625],[-78.3365,36.137]]]},"properties":{"ZCTA5CE20":"27549","AFFGEOID20":"860Z200US27549","GEOID20":"27549","NAME20":"27549","LSAD20":"Z5","ALAND20":599986982,"AWATER20":4022297}},
{"type":"Feature","geometry":{"type":"Polygon","coordinates":[[[-82.7908,35.3734],[-82.7787,35.3576],[-82.7907,35.3319],[-82.7918,35.3193],[-82.7826,35.3066],[-82.7674,35.2974],[-82.7888,35.2858],[-82.823,35.2824],[-82.8412,35.2771],[-82.8387,35.2613],[-82.8252,35.264],[-82.8113,35.2558],[-82.7937,35.2605],[-82.8008,35.2767],[-82.7759,35.2917],[-82.7367,35.2878],[-82.721,35.2827],[-82.6995,35.2654],[-82.699,35.24],[-82.7079,35.2104],[-82.6867,35.2053],[-82.6715,35.1876],[-82.6624,35.1962],[-82.64,35.2021],[-82.6204,35.2011],[-82.6166,35.2243],[-82.6411,35.2454],[-82.6426,35.2654],[-82.6277,35.2735],[-82.6179,35.2872],[-82.6194,35.3038],[-82.6237,35.308],[-82.6492,35.3179],[-82.6474,35.3289],[-82.7451,35.423],[-82.7456,35.4073],[-82.7737,35.3939],[-82.7908,35.3734]]]},"properties":{"ZCTA5CE20":"28768","AFFGEOID20":"860Z200US28768","GEOID20":"28768","NAME20":"28768","LSAD20":"Z5","ALAND20":215126422,"AWATER20":528099}},
{"type":"Feature","geometry":{"type":"Polygon","coordinates":[[[-82.2457,36.132],[-82.2477,36.1026],[-82.2559,36.0748],[-82.2532,36.0623],[-82.2619,36.0527],[-82.2565,36.0269],[-82.2716,36.0109],[-82.2614,35.9996],[-82.2495,36.0093],[-82.2156,36.0164],[-82.2049,36.0137],[-82.2045,35.9964],[-82.1924,35.9911],[-82.1929,35.9597],[-82.1861,35.9437],[-82.1697,35.9286],[-82.1483,35.9329],[-82.1262,35.9368],[-82.1208,35.9297],[-82.0966,35.9393],[-82.0764,35.9651],[-82.073,35.9837],[-82.0591,35.9886],[-82.0551,35.9995],[-82.0392,36.0078],[-82.068,36.064],[-82.0768,36.0851],[-82.0809,36.1058],[-82.1054,36.1081],[-82.1306,36.1064],[-82.1365,36.1288],[-82.1479,36.1495],[-82.1768,36.1422],[-82.2049,36.1571],[-82.2221,36.1569],[-82.2457,36.132]]]},"properties":{"ZCTA5CE20":"28705","AFFGEOID20":"860Z200US28705","GEOID20":"28705","NAME20":"28705","LSAD20":"Z5","ALAND20":321636079,"AWATER20":915653}},
{"type":"Feature","geometry":{"type":"Polygon","coordinates":[[[-78.687,35.787],[-78.6752,35.7812],[-78.6748,35.7866],[-78.685,35.7912],[-78.687,35.787]]]},"properties":{"ZCTA5CE20":"27695","AFFGEOID20":"860Z200US27695","GEOID20":"27695","NAME20":"27695","LSAD20":"Z5","ALAND20":656100,"AWATER20":0}},
{"type":"Feature","geometry":{"type":"Polygon","coordinates":[[[-81.1991,35.4103],[-81.2101,35.4077],[-81.2035,35.3973],[-81.1991,35.4103]]]},"properties":{"ZCTA5CE20":"28077","AFFGEOID20":"860Z200US28077","GEOID20":"28077","NAME20":"28077","LSAD20":"Z5","ALAND20":1513664,"AWATER20":24001}},
{"type":"Feature","geometry":{"type":"Polygon","coordinates":[[[-75.4693,35.5803],[-75.4761,35.5367],[-75.4686,35.5359],[-75.4633,35.5614],[-75.4664,35.5791],[-75.4693,35.5803]]]},"properties":{"ZCTA5CE20":"27972","AFFGEOID20":"860Z200US27972","GEOID20":"27972","NAME20":"27972","LSAD20":"Z5","ALAND20":2546389,"AWATER20":13994}},
{"type":"Feature","geometry":{"type":"Polygon","coordinates":[[[-79.7376,34.2796],[-79.7245,34.2759],[-79.7688,34.2085],[-79.7619,34.1763],[-79.7266,34.1564],[-79.7087,34.1602],[-79.6724,34.1512],[-79.6452,34.1376],[-79.6286,34.135],[-79.6033,34.1458],[-79.5878,34.1383],[-79.5751,34.1242],[-79.5768,34.1126],[-79.5687,34.0939],[-79.5511,34.0934],[-79.5359,34.0761],[-79.5303,34.0793],[-79.5291,34.1002],[-79.5186,34.1114],[-79.544,34.1517],[-79.5555,34.1595],[-79.5718,34.1837],[-79.5507,34.2014],[-79.544,34.2252],[-79.5479,34.2309],[-79.5621,34.2585],[-79.601,34.2905],[-79.6239,34.3006],[-79.6334,34.298],[-79.6578,34.3052],[-79.6878,34.306],[-79.7079,34.3014],[-79.7083,34.2913],[-79.7296,34.2952],[-79.7376,34.2796]]]},"properties":{"ZCTA5CE20":"29506","AFFGEOID20":"860Z200US29506","GEOID20":"29506","NAME20":"29506","LSAD20":"Z5","ALAND20":312759745,"AWATER20":3343678}},
{"type":"Feature","geometry":{"type":"Polygon","coordinates":[[[-77.2831,35.5755],[-77.2932,35.5722],[-77.2939,35.5334],[-77.2627,35.5428],[-77.2521,35.5526],[-77.234,35.5491],[-77.2221,35.5401],[-77.227,35.5221],[-77.2227,35.4995],[-77.2266,35.4775],[-77.2187,35.4682],[-77.241,35.4629],[-77.2507,35.466],[-77.263,35.4356],[-77.277,35.43],[-77.2603,35.4231],[-77.2437,35.4078],[-77.2382,35.4007],[-77.2128,35.4113],[-77.2038,35.4292],[-77.1896,35.4293],[-77.1738,35.4566],[-77.1762,35.5191],[-77.1533,35.5354],[-77.1418,35.5198],[-77.1132,35.5497],[-77.1008,35.5515],[-77.1319,35.5669],[-77.176,35.5741],[-77.2146,35.6066],[-77.2385,35.6091],[-77.2631,35.5978],[-77.2735,35.5791],[-77.2731,35.5741],[-77.25,35.5864],[-77.2375,35.5869],[-77.2337,35.568],[-77.2726,35.5551],[-77.276,35.5685],[-77.2831,35.5755]]]},"properties":{"ZCTA5CE20":"27837","AFFGEOID20":"860Z200US27837","GEOID20":"27837","NAME20":"27837","LSAD20":"Z5","ALAND20":152548724,"AWATER20":1031247}},
{"type":"Feature","geometry":{"type":"Polygon","coordinates":[[[-82.8647,35.138],[-82.8622,35.1289],[-82.9033,35.0958],[-82.9018,35.0853],[-82.8853,35.0742],[-82.8975,35.056],[-82.8371,35.0717],[-82.847,35.0858],[-82.8231,35.1177],[-82.797,35.1195],[-82.7859,35.1139],[-82.7836,35.0856],[-82.7764,35.0813],[-82.7749,35.0646],[-82.7641,35.0682],[-82.7384,35.0795],[-82.727,35.0941],[-82.7153,35.0929],[-82.6865,35.1082],[-82.6946,35.1147],[-82.6871,35.1251],[-82.6624,35.1181],[-82.6433,35.1304],[-82.6553,35.1288],[-82.6661,35.14],[-82.6693,35.1626],[-82.6822,35.177],[-82.6715,35.1876],[-82.6867,35.2053],[-82.7079,35.2104],[-82.699,35.24],[-82.6995,35.2654],[-82.721,35.2827],[-82.7367,35.2878],[-82.7759,35.2917],[-82.8008,35.2767],[-82.7937,35.2605],[-82.8113,35.2558],[-82.8252,35.264],[-82.8387,35.2613],[-82.844,35.243],[-82.8325,35.2193],[-82.8367,35.1968],[-82.8335,35.177],[-82.8213,35.1497],[-82.8231,35.1257],[-82.8381,35.1153],[-82.853,35.1235],[-82.8514,35.139],[-82.8647,35.138]]]},"properties":{"ZCTA5CE20":"28712","AFFGEOID20":"860Z200US28712","GEOID20":"28712","NAME20":"28712","LSAD20":"Z5","ALAND20":300989393,"AWATER20":1544475}},
{"type":"Feature","geometry":{"type":"Polygon","coordinates":[[[-80.6734,32.3806],[-80.684,32.3866],[-80.7177,32.3921],[-80.7147,32.3773],[-80.6884,32.3683],[-80.6783,32.3679],[-80.6734,32.3806]]]},"properties":{"ZCTA5CE20":"29935","AFFGEOID20":"860Z200US29935","GEOID20":"29935","NAME20":"29935","LSAD20":"Z5","ALAND20":6041186,"AWATER20":2379614}},
{"type":"Feature","geometry":{"type":"Polygon","coordinates":[[[-80.7649,33.5733],[-80.7569,33.5365],[-80.7666,33.5315],[-80.7435,33.5102],[-80.722,33.5007],[-80.7066,33.4893],[-80.6978,33.4721],[-80.6799,33.4636],[-80.6811,33.4436],[-80.6758,33.4488],[-80.6404,33.4513],[-80.6256,33.4367],[-80.6181,33.4587],[-80.6113,33.4704],[-80.6275,33.4812],[-80.6408,33.4767],[-80.6646,33.5043],[-80.6574,33.5144],[-80.6646,33.5311],[-80.6515,33.5415],[-80.6331,33.5687],[-80.6323,33.5863],[-80.6262,33.5945],[-80.5959,33.5881],[-80.5726,33.5989],[-80.5194,33.6101],[-80.5404,33.628],[-80.5314,33.6424],[-80.546,33.6488],[-80.5652,33.6797],[-80.5898,33.6842],[-80.5966,33.6951],[-80.6092,33.6697],[-80.6205,33.6614],[-80.6459,33.6569],[-80.6847,33.6692],[-80.6854,33.6504],[-80.7186,33.641],[-80.6973,33.6338],[-80.716,33.6261],[-80.7261,33.6155],[-80.7162,33.5886],[-80.7276,33.579],[-80.7213,33.5715],[-80.7402,33.5597],[-80.7649,33.5733]]]},"properties":{"ZCTA5CE20":"29030","AFFGEOID20":"860Z200US29030","GEOID20":"29030","NAME20":"29030","LSAD20":"Z5","ALAND20":245869497,"AWATER20":10417826}},
{"type":"Feature","geometry":{"type":"Polygon","coordinates":[[[-80.5451,34.4014],[-80.5446,34.3852],[-80.5524,34.3714],[-80.5346,34.3468],[-80.5209,34.3377],[-80.5356,34.3278],[-80.5555,34.33],[-80.5513,34.3153],[-80.562,34.3038],[-80.5477,34.2924],[-80.538,34.3037],[-80.5141,34.3036],[-80.5032,34.318],[-80.4852,34.3212],[-80.479,34.3097],[-80.4646,34.3132],[-80.4451,34.2982],[-80.4483,34.2833],[-80.431,34.2766],[-80.4299,34.2643],[-80.4213,34.2605],[-80.3916,34.2595],[-80.3967,34.2798],[-80.36,34.2772],[-80.348,34.2735],[-80.338,34.2821],[-80.3523,34.3009],[-80.3652,34.3277],[-80.3322,34.3192],[-80.3394,34.2964],[-80.3077,34.3072],[-80.301,34.2979],[-80.2819,34.3059],[-80.3063,34.3204],[-80.3003,34.3313],[-80.3163,34.34],[-80.3638,34.3395],[-80.3812,34.329],[-80.3857,34.3175],[-80.4028,34.322],[-80.4088,34.3381],[-80.3925,34.3413],[-80.3931,34.3605],[-80.4119,34.3605],[-80.4181,34.3813],[-80.3898,34.3955],[-80.4138,34.4082],[-80.4348,34.4138],[-80.4554,34.4123],[-80.496,34.4042],[-80.5127,34.408],[-80.5383,34.4059],[-80.5451,34.4014]]]},"properties":{"ZCTA5CE20":"29032","AFFGEOID20":"860Z200US29032","GEOID20":"29032","NAME20":"29032","LSAD20":"Z5","ALAND20":204472377,"AWATER20":725818}},
{"type":"Feature","geometry":{"type":"Polygon","coordinates":[[[-78.4839,36.2323],[-78.5089,36.2406],[-78.5087,36.2174],[-78.5376,36.2449],[-78.5553,36.2315],[-78.5761,36.2264],[-78.5672,36.2062],[-78.5686,36.1927],[-78.5578,36.1909],[-78.5393,36.1824],[-78.5083,36.183],[-78.4538,36.1681],[-78.4123,36.1639],[-78.4035,36.1557],[-78.3903,36.1569],[-78.3794,36.1436],[-78.364,36.1422],[-78.3537,36.1334],[-78.3365,36.137],[-78.3402,36.1625],[-78.3341,36.1676],[-78.3329,36.1926],[-78.343,36.1999],[-78.35,36.2012],[-78.3626,36.2238],[-78.3907,36.229],[-78.3954,36.2374],[-78.3929,36.2575],[-78.4186,36.2611],[-78.4358,36.2503],[-78.4445,36.2291],[-78.4548,36.2244],[-78.4839,36.2323]]]},"properties":{"ZCTA5CE20":"27544","AFFGEOID20":"860Z200US27544","GEOID20":"27544","NAME20":"27544","LSAD20":"Z5","ALAND20":155758334,"AWATER20":205123}},
{"type":"Feature","geometry":{"type":"Polygon","coordinates":[[[-80.8808,33.9876],[-80.8781,33.9669],[-80.8949,33.9582],[-80.904,33.9437],[-80.9039,33.9331],[-80.8927,33.9018],[-80.8912,33.8796],[-80.8973,33.8743],[-80.9136,33.8903],[-80.926,33.8706],[-80.9439,33.8745],[-80.9494,33.8573],[-80.9647,33.8571],[-80.9659,33.8478],[-80.9508,33.8409],[-80.9406,33.8285],[-80.916,33.8249],[-80.9156,33.8114],[-80.8985,33.8088],[-80.8798,33.8156],[-80.8677,33.8101],[-80.846,33.812],[-80.8339,33.8228],[-80.8241,33.8101],[-80.7977,33.8148],[-80.7868,33.8258],[-80.7838,33.8468],[-80.7943,33.8705],[-80.7834,33.8862],[-80.7987,33.9078],[-80.8179,33.9134],[-80.8234,33.9436],[-80.8095,33.947],[-80.7967,33.9602],[-80.7831,33.9406],[-80.7561,33.9458],[-80.7546,33.9601],[-80.7656,33.964],[-80.7662,34.0028],[-80.7912,34.0022],[-80.8668,33.9919],[-80.8808,33.9876]]]},"properties":{"ZCTA5CE20":"29061","AFFGEOID20":"860Z200US29061","GEOID20":"29061","NAME20":"29061","LSAD20":"Z5","ALAND20":228722391,"AWATER20":2011580}},
{"type":"Feature","geometry":{"type":"Polygon","coordinates":[[[-79.2639,35.9297],[-79.2682,35.9092],[-79.2569,35.9021],[-79.25,35.8783],[-79.2481,35.8545],[-79.2368,35.8486],[-79.2284,35.8394],[-79.2086,35.8409],[-79.1908,35.854],[-79.1899,35.8709],[-79.163,35.8655],[-79.1649,35.857],[-79.1349,35.8517],[-79.125,35.8441],[-79.1349,35.8254],[-79.1046,35.8113],[-79.0886,35.8116],[-79.0847,35.8179],[-79.0909,35.846],[-79.0816,35.8628],[-79.0616,35.8819],[-79.0574,35.8935],[-79.057,35.902],[-79.0551,35.9041],[-79.0539,35.9266],[-79.0581,35.9634],[-79.0689,35.9757],[-79.0755,35.9954],[-79.0661,36.0064],[-79.0756,36.0173],[-79.0844,36.0094],[-79.1004,36.0117],[-79.1229,35.977],[-79.1615,35.9633],[-79.1632,35.9721],[-79.2051,35.9736],[-79.2416,35.9503],[-79.2461,35.9344],[-79.2639,35.9297]],[[-79.0998,35.9213],[-79.0774,35.9299],[-79.064,35.9073],[-79.0822,35.888],[-79.0998,35.9213]]]},"properties":{"ZCTA5CE20":"27516","AFFGEOID20":"860Z200US27516","GEOID20":"27516","NAME20":"27516","LSAD20":"Z5","ALAND20":242085123,"AWATER20":2019335}},
{"type":"Feature","geometry":{"type":"Polygon","coordinates":[[[-79.0886,35.8116],[-79.0646,35.8035],[-79.0716,35.7938],[-79.0714,35.7763],[-79.0637,35.7676],[-79.0664,35.7406],[-79.0409,35.7381],[-79.0287,35.738],[-79.0268,35.7707],[-79.0216,35.7892],[-79.0101,35.7894],[-78.9951,35.8112],[-79.0068,35.8505],[-78.9939,35.8623],[-78.9816,35.8648],[-78.9719,35.8838],[-78.9686,35.903],[-78.96,35.9042],[-78.9726,35.9076],[-78.969,35.9207],[-78.9824,35.9315],[-79.0015,35.9276],[-79.0026,35.9492],[-79.023,35.9384],[-79.028,35.9071],[-79.0382,35.8975],[-79.0574,35.8935],[-79.0616,35.8819],[-79.0816,35.8628],[-79.0909,35.846],[-79.0847,35.8179],[-79.0886,35.8116]]]},"properties":{"ZCTA5CE20":"27517","AFFGEOID20":"860Z200US27517","GEOID20":"27517","NAME20":"27517","LSAD20":"Z5","ALAND20":119169970,"AWATER20":10840501}},
{"type":"Feature","geometry":{"type":"Polygon","coordinates":[[[-83.0725,35.3682],[-83.0986,35.3749],[-83.1375,35.3544],[-83.1497,35.3521],[-83.1598,35.3378],[-83.1608,35.3247],[-83.1817,35.3311],[-83.2232,35.2969],[-83.2219,35.2809],[-83.2288,35.2661],[-83.244,35.2566],[-83.2429,35.2391],[-83.2247,35.2387],[-83.2166,35.2233],[-83.2185,35.1936],[-83.2244,35.1887],[-83.2238,35.1574],[-83.2131,35.1582],[-83.1862,35.13],[-83.1655,35.132],[-83.1365,35.1461],[-83.1253,35.1367],[-83.1241,35.1618],[-83.1527,35.1997],[-83.156,35.2162],[-83.1403,35.2229],[-83.1419,35.2417],[-83.1603,35.2423],[-83.1571,35.2641],[-83.137,35.2672],[-83.1251,35.28],[-83.0956,35.2737],[-83.0618,35.2759],[-83.037,35.2832],[-83.0214,35.2927],[-82.9962,35.2968],[-82.9647,35.3153],[-82.9649,35.3334],[-82.9904,35.3676],[-83.0066,35.3773],[-83.0279,35.3831],[-83.0548,35.3682],[-83.0725,35.3682]]]},"properties":{"ZCTA5CE20":"28723","AFFGEOID20":"860Z200US28723","GEOID20":"28723","NAME20":"28723","LSAD20":"Z5","ALAND20":289949841,"AWATER20":5640385}},
{"type":"Feature","geometry":{"type":"Polygon","coordinates":[[[-77.5117,35.6943],[-77.5469,35.6661],[-77.5521,35.6394],[-77.5319,35.6251],[-77.4988,35.649],[-77.4954,35.6337],[-77.5142,35.5912],[-77.507,35.5773],[-77.4865,35.5708],[-77.4851,35.5524],[-77.4974,35.5496],[-77.5024,35.5662],[-77.5213,35.562],[-77.5173,35.5477],[-77.502,35.5409],[-77.5101,35.5285],[-77.5047,35.5277],[-77.4845,35.55],[-77.4572,35.5541],[-77.4368,35.5496],[-77.438,35.5613],[-77.4286,35.5679],[-77.4056,35.5718],[-77.4055,35.5608],[-77.3856,35.5563],[-77.3866,35.5606],[-77.373,35.6112],[-77.3736,35.6169],[-77.3338,35.6133],[-77.33,35.6076],[-77.2907,35.5902],[-77.2755,35.5908],[-77.2631,35.5978],[-77.2385,35.6091],[-77.2146,35.6066],[-77.176,35.5741],[-77.1896,35.6113],[-77.1728,35.6391],[-77.1747,35.6587],[-77.1611,35.6741],[-77.1653,35.6968],[-77.1533,35.7207],[-77.1665,35.7269],[-77.1791,35.7279],[-77.1917,35.7392],[-77.2079,35.7177],[-77.1968,35.7138],[-77.209,35.6953],[-77.2386,35.6852],[-77.2497,35.6864],[-77.2611,35.6709],[-77.2551,35.6546],[-77.3037,35.6624],[-77.3131,35.676],[-77.3268,35.6704],[-77.3468,35.6906],[-77.3559,35.688],[-77.3668,35.707],[-77.4128,35.7209],[-77.4194,35.7481],[-77.433,35.7614],[-77.4337,35.7775],[-77.4505,35.7869],[-77.4412,35.7984],[-77.4494,35.8058],[-77.4701,35.8117],[-77.4894,35.8089],[-77.4876,35.7872],[-77.5155,35.762],[-77.4976,35.7619],[-77.4852,35.7444],[-77.4794,35.7241],[-77.4897,35.6962],[-77.4899,35.6961],[-77.508,35.6963],[-77.5117,35.6943]]]},"properties":{"ZCTA5CE20":"27834","AFFGEOID20":"860Z200US27834","GEOID20":"27834","NAME20":"27834","LSAD20":"Z5","ALAND20":451411344,"AWATER20":3988259}},
{"type":"Feature","geometry":{"type":"Polygon","coordinates":[[[-79.0594,35.003],[-79.0569,34.984],[-79.0482,34.9814],[-79.0348,34.963],[-79.0373,34.9538],[-78.9969,34.9588],[-78.9939,34.9739],[-78.9687,34.9774],[-78.9649,34.9859],[-78.9457,34.9829],[-78.9356,34.9984],[-78.9152,35.0031],[-78.9105,34.9881],[-78.9175,34.9629],[-78.9014,34.9595],[-78.8871,34.9465],[-78.8615,34.9451],[-78.8579,34.9289],[-78.8403,34.9198],[-78.8379,34.8942],[-78.8524,34.9],[-78.8592,34.8552],[-78.8846,34.8511],[-78.8952,34.8377],[-78.8797,34.8271],[-78.8364,34.8133],[-78.8541,34.8313],[-78.855,34.845],[-78.8263,34.8507],[-78.8157,34.8804],[-78.8169,34.9021],[-78.8029,34.9199],[-78.7745,34.9487],[-78.7718,34.9585],[-78.7777,34.9751],[-78.7878,34.9783],[-78.8172,34.9681],[-78.8438,34.9756],[-78.8602,35.0321],[-78.872,35.0296],[-78.8923,35.0421],[-78.8975,35.0409],[-78.9062,35.0288],[-78.9214,35.0263],[-78.9785,35.0031],[-78.9881,35.0013],[-79.01,35.008],[-79.035,35.0244],[-79.0541,35.0149],[-79.0594,35.003]]]},"properties":{"ZCTA5CE20":"28306","AFFGEOID20":"860Z200US28306","GEOID20":"28306","NAME20":"28306","LSAD20":"Z5","ALAND20":180640323,"AWATER20":2555659}},
{"type":"Feature","geometry":{"type":"Polygon","coordinates":[[[-83.663,35.5691],[-83.7072,35.5685],[-83.7235,35.5619],[-83.7357,35.5655],[-83.7499,35.5611],[-83.7717,35.5621],[-83.7801,35.5504],[-83.8024,35.5416],[-83.8256,35.5238],[-83.8485,35.5193],[-83.8726,35.5211],[-83.8826,35.5172],[-83.9014,35.4966],[-83.9118,35.476],[-83.9182,35.4735],[-83.8999,35.4702],[-83.8697,35.4584],[-83.8646,35.4483],[-83.8443,35.4531],[-83.8355,35.4491],[-83.8212,35.4508],[-83.8067,35.4448],[-83.8005,35.4558],[-83.7745,35.4435],[-83.7567,35.4417],[-83.7328,35.4474],[-83.6699,35.4356],[-83.6549,35.4281],[-83.6429,35.4435],[-83.6187,35.4361],[-83.6101,35.427],[-83.5858,35.4348],[-83.5816,35.4439],[-83.56,35.4389],[-83.536,35.444],[-83.5313,35.4377],[-83.5106,35.4418],[-83.4996,35.4526],[-83.4867,35.445],[-83.4764,35.4518],[-83.4747,35.4661],[-83.482,35.4821],[-83.4735,35.4869],[-83.4635,35.4698],[-83.4301,35.4607],[-83.3962,35.4827],[-83.3737,35.4906],[-83.3702,35.4836],[-83.3832,35.4659],[-83.3716,35.4559],[-83.3535,35.4497],[-83.3447,35.4644],[-83.311,35.4684],[-83.2998,35.4602],[-83.2789,35.4619],[-83.2825,35.4474],[-83.2545,35.4474],[-83.2378,35.4385],[-83.2248,35.443],[-83.1565,35.4957],[-83.174,35.5217],[-83.1713,35.5379],[-83.1566,35.5521],[-83.167,35.5787],[-83.1821,35.5845],[-83.1855,35.5983],[-83.176,35.6125],[-83.1771,35.632],[-83.2023,35.6503],[-83.1842,35.6712],[-83.2074,35.6814],[-83.2151,35.6923],[-83.2556,35.6961],[-83.2714,35.6815],[-83.2892,35.6745],[-83.2972,35.6578],[-83.3128,35.6548],[-83.335,35.6655],[-83.3516,35.6599],[-83.3669,35.6387],[-83.3887,35.6336],[-83.3927,35.6251],[-83.4323,35.6099],[-83.4458,35.6118],[-83.4557,35.598],[-83.4714,35.5903],[-83.4855,35.5682],[-83.4983,35.563],[-83.5205,35.5656],[-83.5661,35.566],[-83.582,35.5627],[-83.6019,35.5782],[-83.6297,35.5679],[-83.663,35.5691]]]},"properties":{"ZCTA5CE20":"28719","AFFGEOID20":"860Z200US28719","GEOID20":"28719","NAME20":"28719","LSAD20":"Z5","ALAND20":1034682250,"AWATER20":16612937}},
{"type":"Feature","geometry":{"type":"Polygon","coordinates":[[[-77.3864,36.2127],[-77.396,36.2047],[-77.4195,36.2195],[-77.4368,36.2188],[-77.4303,36.2052],[-77.4617,36.1885],[-77.4834,36.1928],[-77.5328,36.1914],[-77.5407,36.2022],[-77.5564,36.1987],[-77.5826,36.2103],[-77.5597,36.1782],[-77.5523,36.1739],[-77.5367,36.1828],[-77.5238,36.1638],[-77.5332,36.1584],[-77.5222,36.1438],[-77.538,36.1266],[-77.5263,36.102],[-77.5174,36.0916],[-77.5281,36.0734],[-77.5363,36.0565],[-77.5176,36.0368],[-77.4967,36.0373],[-77.4903,36.0535],[-77.4615,36.0483],[-77.4436,36.0539],[-77.4432,36.0658],[-77.4262,36.0739],[-77.4162,36.098],[-77.4014,36.0967],[-77.4035,36.0756],[-77.4004,36.0613],[-77.3831,36.0597],[-77.3807,36.0472],[-77.3689,36.0368],[-77.3393,36.0647],[-77.3276,36.0714],[-77.3132,36.0892],[-77.2923,36.0915],[-77.2667,36.1001],[-77.2407,36.098],[-77.2348,36.1111],[-77.2523,36.1217],[-77.2515,36.1355],[-77.2645,36.1391],[-77.2671,36.151],[-77.2847,36.1684],[-77.2915,36.1683],[-77.3131,36.1722],[-77.3284,36.1919],[-77.351,36.1915],[-77.3864,36.2127]]]},"properties":{"ZCTA5CE20":"27874","AFFGEOID20":"860Z200US27874","GEOID20":"27874","NAME20":"27874","LSAD20":"Z5","ALAND20":349313941,"AWATER20":964793}},
{"type":"Feature","geometry":{"type":"Polygon","coordinates":[[[-82.1312,34.8606],[-82.1292,34.8419],[-82.1474,34.8223],[-82.1351,34.8137],[-82.1652,34.7965],[-82.1355,34.7782],[-82.13,34.7692],[-82.1152,34.7489],[-82.0872,34.7452],[-82.0788,34.7194],[-82.0814,34.7082],[-82.0737,34.6918],[-82.063,34.693],[-82.0676,34.6838],[-82.0351,34.664],[-82.0307,34.653],[-82.0107,34.655],[-82.0132,34.6642],[-82.0067,34.682],[-81.9886,34.6839],[-81.9751,34.691],[-81.9702,34.7059],[-81.9295,34.7053],[-81.9113,34.7179],[-81.8905,34.7187],[-81.8951,34.7345],[-81.9101,34.7425],[-81.9259,34.7427],[-81.9389,34.7315],[-81.9514,34.7318],[-81.9548,34.7473],[-81.9748,34.7536],[-81.9658,34.762],[-81.9725,34.7825],[-81.9951,34.7945],[-82.0014,34.813],[-82.0161,34.8006],[-82.0186,34.8179],[-82.0319,34.8379],[-82.0503,34.8446],[-82.0851,34.8429],[-82.0793,34.8531],[-82.0857,34.8617],[-82.0813,34.8728],[-82.0917,34.8817],[-82.1098,34.8634],[-82.1115,34.8592],[-82.1157,34.8623],[-82.1312,34.8606]]]},"properties":{"ZCTA5CE20":"29388","AFFGEOID20":"860Z200US29388","GEOID20":"29388","NAME20":"29388","LSAD20":"Z5","ALAND20":251787669,"AWATER20":1811377}},
{"type":"Feature","geometry":{"type":"Polygon","coordinates":[[[-81.5113,35.5847],[-81.5261,35.5611],[-81.5092,35.5504],[-81.5106,35.5202],[-81.4917,35.4868],[-81.4739,35.4839],[-81.4475,35.4939],[-81.4302,35.4947],[-81.4372,35.4754],[-81.4191,35.4774],[-81.398,35.4704],[-81.3988,35.4883],[-81.409,35.5041],[-81.384,35.5093],[-81.3779,35.4999],[-81.3599,35.5033],[-81.35,35.4967],[-81.3263,35.496],[-81.3393,35.5207],[-81.3325,35.5286],[-81.3146,35.5161],[-81.3109,35.5286],[-81.3191,35.5627],[-81.3293,35.5706],[-81.3231,35.5842],[-81.3574,35.5944],[-81.379,35.5878],[-81.3861,35.6122],[-81.4061,35.6304],[-81.4335,35.6357],[-81.4606,35.6188],[-81.4661,35.6322],[-81.4849,35.6376],[-81.4914,35.6044],[-81.5164,35.5938],[-81.5113,35.5847]]]},"properties":{"ZCTA5CE20":"28168","AFFGEOID20":"860Z200US28168","GEOID20":"28168","NAME20":"28168","LSAD20":"Z5","ALAND20":225423971,"AWATER20":908246}},
{"type":"Feature","geometry":{"type":"Polygon","coordinates":[[[-80.5562,35.8025],[-80.5478,35.8167],[-80.5679,35.812],[-80.5562,35.8025]]]},"properties":{"ZCTA5CE20":"27014","AFFGEOID20":"860Z200US27014","GEOID20":"27014","NAME20":"27014","LSAD20":"Z5","ALAND20":1614603,"AWATER20":50445}},
{"type":"Feature","geometry":{"type":"Polygon","coordinates":[[[-80.2665,35.9141],[-80.2543,35.9108],[-80.2477,35.9213],[-80.2598,35.9237],[-80.2665,35.9141]]]},"properties":{"ZCTA5CE20":"27374","AFFGEOID20":"860Z200US27374","GEOID20":"27374","NAME20":"27374","LSAD20":"Z5","ALAND20":1660551,"AWATER20":0}},
{"type":"Feature","geometry":{"type":"MultiPolygon","coordinates":[[[[-81.3332,35.098],[-81.3189,35.1038],[-81.2962,35.1028],[-81.2986,35.1165],[-81.3243,35.1079],[-81.3332,35.098]]],[[[-81.3432,35.0356],[-81.3273,35.0413],[-81.3356,35.0524],[-81.3321,35.0663],[-81.3481,35.0795],[-81.3621,35.0708],[-81.3532,35.0462],[-81.3432,35.0356]]],[[[-81.3561,34.9829],[-81.352,34.978],[-81.3384,34.9784],[-81.3373,34.9658],[-81.327,34.9447],[-81.3287,34.9178],[-81.3179,34.8945],[-81.2798,34.9153],[-81.2822,34.8948],[-81.2549,34.8955],[-81.2166,34.906],[-81.2066,34.8941],[-81.188,34.8855],[-81.1759,34.8898],[-81.1688,34.9028],[-81.1678,34.9274],[-81.1549,34.9499],[-81.153,34.962],[-81.1288,34.9756],[-81.1161,34.9892],[-81.1116,35.0045],[-81.117,35.0176],[-81.1099,35.0282],[-81.0962,35.0338],[-81.0606,35.0193],[-81.0485,35.0294],[-81.038,35.0275],[-81.0415,35.0447],[-81.0577,35.0644],[-81.0719,35.0679],[-81.0866,35.0905],[-81.1125,35.0863],[-81.1143,35.0731],[-81.1271,35.0541],[-81.1376,35.0572],[-81.1451,35.0709],[-81.1389,35.0816],[-81.1507,35.09],[-81.1691,35.0935],[-81.1861,35.0834],[-81.1899,35.0677],[-81.2008,35.0701],[-81.22,35.0471],[-81.2423,35.0458],[-81.2733,35.0637],[-81.2972,35.0585],[-81.3,35.0449],[-81.3177,35.0287],[-81.3037,35.0254],[-81.308,35.0122],[-81.3285,35.0049],[-81.3561,34.9829]]]]},"properties":{"ZCTA5CE20":"29745","AFFGEOID20":"860Z200US29745","GEOID20":"29745","NAME20":"29745","LSAD20":"Z5","ALAND20":351665466,"AWATER20":11125219}},
{"type":"Feature","geometry":{"type":"Polygon","coordinates":[[[-79.9229,33.066],[-79.9264,33.055],[-79.935,33.057],[-79.9367,33.0533],[-79.9331,33.0451],[-79.9107,33.031],[-79.9166,33.0241],[-79.9005,33.0087],[-79.9223,32.9838],[-79.9121,32.9742],[-79.8835,32.981],[-79.8536,32.9756],[-79.8563,32.9606],[-79.842,32.9597],[-79.8128,32.9687],[-79.7842,32.9864],[-79.7683,32.9916],[-79.7693,32.9685],[-79.7634,32.9564],[-79.7501,32.9669],[-79.7632,32.9789],[-79.7122,33.0085],[-79.6734,33.0353],[-79.6898,33.0613],[-79.6745,33.0809],[-79.6594,33.0929],[-79.6709,33.1017],[-79.6837,33.1326],[-79.6711,33.1472],[-79.6654,33.1724],[-79.6728,33.1941],[-79.67,33.2205],[-79.6803,33.244],[-79.7078,33.2683],[-79.7278,33.2462],[-79.7337,33.2503],[-79.7616,33.2295],[-79.7633,33.22],[-79.7679,33.1754],[-79.7858,33.1262],[-79.8074,33.1271],[-79.8204,33.1217],[-79.8203,33.1094],[-79.8283,33.0947],[-79.8489,33.0852],[-79.8606,33.0705],[-79.8829,33.0725],[-79.894,33.062],[-79.9225,33.0672],[-79.9229,33.066]]]},"properties":{"ZCTA5CE20":"29450","AFFGEOID20":"860Z200US29450","GEOID20":"29450","NAME20":"29450","LSAD20":"Z5","ALAND20":421880880,"AWATER20":5301488}},
{"type":"Feature","geometry":{"type":"Polygon","coordinates":[[[-78.6374,35.7632],[-78.6384,35.7411],[-78.631,35.731],[-78.6112,35.7319],[-78.607,35.7378],[-78.583,35.7364],[-78.5714,35.7403],[-78.5818,35.7025],[-78.5643,35.6982],[-78.5574,35.6901],[-78.54,35.6901],[-78.523,35.6807],[-78.5204,35.6946],[-78.5023,35.6983],[-78.4823,35.6972],[-78.46,35.7057],[-78.4319,35.7206],[-78.4424,35.7328],[-78.4466,35.7385],[-78.4842,35.7422],[-78.4993,35.7534],[-78.5237,35.7616],[-78.5382,35.7607],[-78.5353,35.789],[-78.5251,35.8039],[-78.5452,35.8038],[-78.5951,35.7951],[-78.6039,35.8062],[-78.6233,35.7845],[-78.6223,35.7798],[-78.6224,35.7777],[-78.6243,35.7655],[-78.6374,35.7632]],[[-78.5304,35.7477],[-78.5059,35.7492],[-78.5046,35.7356],[-78.5231,35.7307],[-78.5304,35.7477]]]},"properties":{"ZCTA5CE20":"27610","AFFGEOID20":"860Z200US27610","GEOID20":"27610","NAME20":"27610","LSAD20":"Z5","ALAND20":116941593,"AWATER20":427871}},
{"type":"Feature","geometry":{"type":"Polygon","coordinates":[[[-80.1463,33.2074],[-80.1638,33.1877],[-80.1622,33.1774],[-80.1753,33.1508],[-80.1555,33.1392],[-80.0897,33.1579],[-80.0781,33.1456],[-80.0824,33.1313],[-80.1074,33.1073],[-80.0982,33.1014],[-80.1058,33.0785],[-80.0934,33.0635],[-80.0733,33.0596],[-80.0571,33.0635],[-80.0452,33.059],[-80.0512,33.0328],[-80.0342,33.0332],[-80.0136,33.0672],[-79.9824,33.064],[-79.9551,33.0393],[-79.9494,33.0387],[-79.9353,33.0473],[-79.9381,33.0546],[-79.9364,33.0575],[-79.9265,33.0562],[-79.9229,33.066],[-79.9225,33.0672],[-79.9151,33.0751],[-79.9277,33.0952],[-79.9246,33.1215],[-79.915,33.133],[-79.8961,33.1402],[-79.8765,33.1592],[-79.874,33.1754],[-79.8645,33.1924],[-79.8765,33.1946],[-79.8785,33.2064],[-79.8906,33.2149],[-79.8727,33.2242],[-79.8831,33.2391],[-79.8808,33.2512],[-79.8958,33.2722],[-79.9147,33.2745],[-79.9351,33.2595],[-79.977,33.2547],[-79.9719,33.2763],[-80.0383,33.303],[-80.1056,33.2677],[-80.0917,33.2381],[-80.1002,33.2272],[-80.1089,33.2025],[-80.1463,33.2074]],[[-80.0445,33.2274],[-80.0338,33.2473],[-80.0269,33.2422],[-80.0367,33.2232],[-80.0445,33.2274]]]},"properties":{"ZCTA5CE20":"29461","AFFGEOID20":"860Z200US29461","GEOID20":"29461","NAME20":"29461","LSAD20":"Z5","ALAND20":425322414,"AWATER20":82285618}},
{"type":"Feature","geometry":{"type":"Polygon","coordinates":[[[-77.9643,36.1917],[-77.9568,36.1591],[-77.9565,36.1427],[-77.9493,36.1294],[-77.918,36.1112],[-77.9179,36.1],[-77.8937,36.0842],[-77.8785,36.0801],[-77.8559,36.065],[-77.8409,36.0721],[-77.8337,36.0661],[-77.8125,36.0694],[-77.8008,36.0609],[-77.7729,36.0678],[-77.768,36.0759],[-77.7504,36.0788],[-77.735,36.0739],[-77.7193,36.077],[-77.697,36.0715],[-77.6821,36.0597],[-77.671,36.0392],[-77.6711,36.0145],[-77.6589,36.0117],[-77.6407,35.9982],[-77.6321,36],[-77.6091,35.9874],[-77.6085,35.9996],[-77.595,36.0073],[-77.5797,36.0025],[-77.5698,36.0151],[-77.5896,36.0235],[-77.5668,36.0562],[-77.5363,36.0565],[-77.5281,36.0734],[-77.5332,36.0907],[-77.552,36.0989],[-77.5837,36.1016],[-77.6259,36.1116],[-77.6296,36.1225],[-77.644,36.1381],[-77.6701,36.1371],[-77.6721,36.1479],[-77.6995,36.1529],[-77.7065,36.1468],[-77.7308,36.1469],[-77.7406,36.1581],[-77.7592,36.1581],[-77.7685,36.1687],[-77.7828,36.1565],[-77.7986,36.1581],[-77.7966,36.1691],[-77.833,36.1693],[-77.857,36.1857],[-77.8681,36.1465],[-77.8883,36.1453],[-77.9227,36.1696],[-77.9178,36.1796],[-77.918,36.1815],[-77.9238,36.1888],[-77.9251,36.1883],[-77.9257,36.1836],[-77.9318,36.1826],[-77.9511,36.1806],[-77.9643,36.1917]]]},"properties":{"ZCTA5CE20":"27891","AFFGEOID20":"860Z200US27891","GEOID20":"27891","NAME20":"27891","LSAD20":"Z5","ALAND20":365087750,"AWATER20":683896}},
{"type":"Feature","geometry":{"type":"Polygon","coordinates":[[[-77.1872,35.9107],[-77.1899,35.8956],[-77.2003,35.8886],[-77.2013,35.8657],[-77.1979,35.8434],[-77.1986,35.8205],[-77.184,35.8033],[-77.1829,35.7913],[-77.1929,35.7832],[-77.1878,35.7711],[-77.1724,35.7675],[-77.1813,35.7545],[-77.1709,35.7499],[-77.138,35.7491],[-77.1528,35.7349],[-77.1121,35.716],[-77.093,35.6976],[-77.0797,35.6905],[-77.0625,35.7064],[-77.0673,35.7265],[-77.0572,35.7386],[-77.0446,35.7168],[-77.0462,35.6865],[-77.0342,35.6855],[-77.0199,35.6814],[-76.9973,35.7067],[-76.9995,35.7323],[-76.9795,35.735],[-76.9806,35.7228],[-76.9623,35.7179],[-76.9611,35.733],[-76.9786,35.7376],[-76.9791,35.7538],[-76.9598,35.7639],[-76.9596,35.7855],[-76.9306,35.7889],[-76.9406,35.8054],[-76.9346,35.8117],[-76.9376,35.827],[-76.9127,35.8365],[-76.9032,35.8256],[-76.9035,35.8374],[-76.8951,35.8658],[-76.9034,35.87],[-76.9163,35.8934],[-76.939,35.9015],[-76.9619,35.8824],[-76.988,35.8758],[-76.9917,35.8651],[-77.0052,35.8584],[-77.0432,35.861],[-77.0313,35.8807],[-77.0253,35.9028],[-77.0281,35.9258],[-77.0429,35.9423],[-77.0558,35.9444],[-77.0715,35.9347],[-77.0805,35.9376],[-77.0975,35.9281],[-77.1098,35.9206],[-77.1216,35.9231],[-77.1419,35.914],[-77.153,35.9158],[-77.171,35.9093],[-77.1872,35.9107]],[[-77.1818,35.8317],[-77.1827,35.8358],[-77.1634,35.8397],[-77.1618,35.833],[-77.1708,35.8345],[-77.1818,35.8317]]]},"properties":{"ZCTA5CE20":"27892","AFFGEOID20":"860Z200US27892","GEOID20":"27892","NAME20":"27892","LSAD20":"Z5","ALAND20":479086239,"AWATER20":232724}},
{"type":"Feature","geometry":{"type":"Polygon","coordinates":[[[-78.1226,35.1348],[-78.1224,35.1346],[-78.1088,35.1481],[-78.0922,35.156],[-78.106,35.1645],[-78.1099,35.1488],[-78.1226,35.1348]]]},"properties":{"ZCTA5CE20":"28325","AFFGEOID20":"860Z200US28325","GEOID20":"28325","NAME20":"28325","LSAD20":"Z5","ALAND20":2455393,"AWATER20":0}},
{"type":"Feature","geometry":{"type":"Polygon","coordinates":[[[-82.4485,33.9873],[-82.4665,33.9892],[-82.4686,33.9725],[-82.4872,33.9755],[-82.5027,33.9626],[-82.5291,33.9541],[-82.5357,33.9431],[-82.5129,33.937],[-82.4929,33.9098],[-82.4592,33.8862],[-82.4292,33.8658],[-82.4084,33.8663],[-82.3688,33.8423],[-82.3462,33.8338],[-82.3165,33.8127],[-82.3092,33.8193],[-82.3048,33.8385],[-82.2957,33.8402],[-82.274,33.8563],[-82.2582,33.8531],[-82.2561,33.8685],[-82.2135,33.8982],[-82.1989,33.9036],[-82.1885,33.8961],[-82.203,33.8791],[-82.1753,33.8818],[-82.1479,33.9028],[-82.1133,33.8785],[-82.1201,33.8654],[-82.1021,33.8461],[-82.0848,33.849],[-82.0603,33.8666],[-82.0648,33.8849],[-82.0477,33.8885],[-82.0347,33.9046],[-82.045,33.9253],[-82.0777,33.9227],[-82.0861,33.9447],[-82.1224,33.9368],[-82.1238,33.9444],[-82.1445,33.9509],[-82.1423,33.9692],[-82.1659,33.9745],[-82.1748,33.9724],[-82.2209,33.9813],[-82.2478,33.9885],[-82.2679,33.986],[-82.2653,33.9732],[-82.2726,33.9649],[-82.2926,33.9793],[-82.3059,33.9718],[-82.3267,33.9766],[-82.3574,33.9743],[-82.3789,33.9668],[-82.3868,33.9851],[-82.3975,33.9818],[-82.413,33.9955],[-82.4313,33.9837],[-82.4485,33.9873]],[[-82.2581,33.9206],[-82.2509,33.9348],[-82.244,33.9315],[-82.248,33.9238],[-82.2581,33.9206]]]},"properties":{"ZCTA5CE20":"29835","AFFGEOID20":"860Z200US29835","GEOID20":"29835","NAME20":"29835","LSAD20":"Z5","ALAND20":441346573,"AWATER20":38367274}},
{"type":"Feature","geometry":{"type":"Polygon","coordinates":[[[-78.7355,35.175],[-78.7314,35.1745],[-78.687,35.2283],[-78.6578,35.1988],[-78.6578,35.1989],[-78.6427,35.2009],[-78.6143,35.1957],[-78.6141,35.1862],[-78.5873,35.1825],[-78.563,35.1726],[-78.5532,35.1764],[-78.5408,35.1648],[-78.5213,35.1658],[-78.5057,35.1599],[-78.4721,35.1634],[-78.4773,35.1765],[-78.4757,35.1989],[-78.4606,35.2167],[-78.4327,35.2044],[-78.4193,35.2087],[-78.4186,35.2234],[-78.4314,35.2269],[-78.4339,35.2499],[-78.4281,35.2515],[-78.4045,35.2381],[-78.3927,35.24],[-78.3879,35.2581],[-78.4003,35.2659],[-78.4257,35.2672],[-78.4385,35.2852],[-78.4585,35.2941],[-78.4907,35.2875],[-78.4928,35.2953],[-78.5303,35.3337],[-78.5331,35.343],[-78.5626,35.3624],[-78.5763,35.3626],[-78.5841,35.3728],[-78.5719,35.3821],[-78.5888,35.3925],[-78.5981,35.386],[-78.607,35.3789],[-78.6293,35.3784],[-78.654,35.3933],[-78.6701,35.3929],[-78.6925,35.3751],[-78.7068,35.3781],[-78.7107,35.3751],[-78.6917,35.3506],[-78.6816,35.3564],[-78.6606,35.3482],[-78.6632,35.3349],[-78.6516,35.3255],[-78.654,35.3101],[-78.6803,35.3144],[-78.6919,35.3084],[-78.6858,35.2957],[-78.6827,35.2719],[-78.7027,35.2568],[-78.6931,35.2391],[-78.7058,35.2149],[-78.7237,35.1974],[-78.7355,35.175]]]},"properties":{"ZCTA5CE20":"28334","AFFGEOID20":"860Z200US28334","GEOID20":"28334","NAME20":"28334","LSAD20":"Z5","ALAND20":415048832,"AWATER20":3568525}},
{"type":"Feature","geometry":{"type":"Polygon","coordinates":[[[-78.8492,34.4341],[-78.8528,34.4185],[-78.852,34.4004],[-78.8239,34.3723],[-78.8081,34.3804],[-78.798,34.3761],[-78.779,34.3489],[-78.789,34.3381],[-78.7839,34.3291],[-78.7947,34.3205],[-78.7765,34.3109],[-78.7852,34.2776],[-78.7636,34.2639],[-78.7803,34.2436],[-78.7531,34.235],[-78.7544,34.226],[-78.7732,34.2274],[-78.7706,34.2172],[-78.7963,34.2035],[-78.7863,34.1773],[-78.749,34.1749],[-78.7526,34.1932],[-78.7409,34.208],[-78.7213,34.2075],[-78.7143,34.1886],[-78.7064,34.1811],[-78.6915,34.1942],[-78.6739,34.1954],[-78.6655,34.1825],[-78.6491,34.1809],[-78.6329,34.1687],[-78.5971,34.1681],[-78.5813,34.1612],[-78.5577,34.1419],[-78.545,34.1405],[-78.5153,34.1659],[-78.5037,34.1691],[-78.5103,34.1742],[-78.5484,34.2362],[-78.5517,34.2389],[-78.5983,34.2595],[-78.6516,34.277],[-78.677,34.313],[-78.6793,34.3237],[-78.6674,34.3326],[-78.6219,34.3319],[-78.5994,34.3337],[-78.5867,34.3581],[-78.583,34.3731],[-78.5853,34.3958],[-78.6281,34.3905],[-78.6264,34.4127],[-78.631,34.4205],[-78.6126,34.4427],[-78.6183,34.4477],[-78.6546,34.4334],[-78.6508,34.4184],[-78.6766,34.4194],[-78.6804,34.4336],[-78.7003,34.4291],[-78.7031,34.4214],[-78.7367,34.435],[-78.7485,34.4332],[-78.76,34.4225],[-78.7751,34.4203],[-78.7941,34.4306],[-78.8098,34.4329],[-78.8247,34.4363],[-78.8492,34.4341]],[[-78.7026,34.2913],[-78.6988,34.2951],[-78.6954,34.2939],[-78.699,34.2886],[-78.7026,34.2913]]]},"properties":{"ZCTA5CE20":"28472","AFFGEOID20":"860Z200US28472","GEOID20":"28472","NAME20":"28472","LSAD20":"Z5","ALAND20":512446945,"AWATER20":1677361}},
{"type":"Feature","geometry":{"type":"Polygon","coordinates":[[[-77.9131,35.6041],[-77.8957,35.6069],[-77.8769,35.5931],[-77.857,35.5832],[-77.8574,35.5592],[-77.8715,35.545],[-77.8701,35.5367],[-77.854,35.5286],[-77.8435,35.5165],[-77.8529,35.5019],[-77.8453,35.4897],[-77.8293,35.4941],[-77.8061,35.489],[-77.7833,35.5005],[-77.7449,35.5084],[-77.7375,35.519],[-77.7555,35.5334],[-77.7561,35.5421],[-77.7425,35.5483],[-77.7359,35.5713],[-77.7451,35.5955],[-77.759,35.5954],[-77.7626,35.6181],[-77.7545,35.6384],[-77.7702,35.6499],[-77.775,35.6455],[-77.7857,35.653],[-77.7664,35.6535],[-77.741,35.6409],[-77.7442,35.6547],[-77.7389,35.6673],[-77.7248,35.6684],[-77.7275,35.6933],[-77.7286,35.7048],[-77.7444,35.7064],[-77.7588,35.7076],[-77.7829,35.727],[-77.7817,35.7135],[-77.7965,35.6848],[-77.7824,35.671],[-77.7921,35.6649],[-77.7918,35.6389],[-77.8003,35.6272],[-77.8221,35.6346],[-77.8517,35.6372],[-77.8416,35.6196],[-77.8706,35.6094],[-77.8706,35.6252],[-77.8862,35.6425],[-77.8977,35.6407],[-77.9036,35.6183],[-77.9131,35.6041]]]},"properties":{"ZCTA5CE20":"27883","AFFGEOID20":"860Z200US27883","GEOID20":"27883","NAME20":"27883","LSAD20":"Z5","ALAND20":204402120,"AWATER20":702709}},
{"type":"Feature","geometry":{"type":"Polygon","coordinates":[[[-76.4032,35.4301],[-76.3889,35.4257],[-76.3853,35.415],[-76.396,35.4011],[-76.3615,35.3737],[-76.3682,35.3611],[-76.3822,35.3681],[-76.4129,35.3757],[-76.4119,35.3464],[-76.3772,35.3584],[-76.3796,35.3416],[-76.3416,35.3423],[-76.3439,35.3569],[-76.3575,35.3836],[-76.3449,35.3925],[-76.3261,35.3863],[-76.3233,35.3724],[-76.3088,35.3697],[-76.3057,35.3549],[-76.2681,35.34],[-76.2531,35.35],[-76.26,35.3654],[-76.2432,35.3666],[-76.2315,35.3588],[-76.2211,35.3404],[-76.1875,35.3418],[-76.1742,35.347],[-76.1562,35.3377],[-76.1086,35.3589],[-76.1479,35.4143],[-76.1119,35.417],[-76.1012,35.4228],[-76.1324,35.4607],[-76.1167,35.4781],[-76.0782,35.4835],[-76.0681,35.4887],[-76.0532,35.5075],[-76.0568,35.5204],[-76.0687,35.5353],[-76.0791,35.5476],[-76.1246,35.5661],[-76.1411,35.5642],[-76.1707,35.5375],[-76.1956,35.536],[-76.2313,35.5244],[-76.2551,35.5333],[-76.2956,35.5328],[-76.3141,35.5214],[-76.3166,35.5026],[-76.306,35.4808],[-76.3237,35.4762],[-76.3585,35.4753],[-76.3914,35.4714],[-76.4036,35.4626],[-76.4174,35.4408],[-76.4032,35.4301]]]},"properties":{"ZCTA5CE20":"27885","AFFGEOID20":"860Z200US27885","GEOID20":"27885","NAME20":"27885","LSAD20":"Z5","ALAND20":321210143,"AWATER20":279145367}},
{"type":"Feature","geometry":{"type":"Polygon","coordinates":[[[-78.0465,36.5442],[-78.0373,36.5311],[-78.0193,36.5395],[-77.9862,36.5087],[-78.0021,36.5001],[-78.0201,36.4696],[-77.9952,36.4546],[-78.0205,36.4155],[-78.0157,36.3903],[-78.0032,36.3765],[-78.0016,36.3565],[-77.9668,36.326],[-77.9346,36.3223],[-77.9128,36.3169],[-77.9106,36.3044],[-77.89,36.314],[-77.8962,36.2864],[-77.8905,36.2773],[-77.8656,36.2835],[-77.8538,36.2761],[-77.8298,36.2705],[-77.8138,36.2937],[-77.8,36.2936],[-77.7801,36.3142],[-77.7633,36.3138],[-77.7551,36.2837],[-77.7369,36.28],[-77.7225,36.2691],[-77.707,36.2706],[-77.6993,36.2796],[-77.7133,36.2922],[-77.707,36.3127],[-77.7177,36.3223],[-77.7143,36.3331],[-77.6981,36.352],[-77.7212,36.3568],[-77.722,36.3758],[-77.7353,36.3787],[-77.7529,36.3906],[-77.7509,36.3674],[-77.7739,36.3623],[-77.784,36.3714],[-77.7873,36.3859],[-77.7987,36.3989],[-77.8054,36.4283],[-77.7867,36.4352],[-77.8098,36.4568],[-77.7947,36.4705],[-77.7956,36.4849],[-77.8062,36.4971],[-77.8093,36.4983],[-77.8583,36.5066],[-77.8655,36.5035],[-77.8988,36.5061],[-77.9079,36.5152],[-77.9019,36.5268],[-77.9157,36.5309],[-77.92,36.5446],[-77.9307,36.5446],[-77.9558,36.5445],[-78.0326,36.5442],[-78.0462,36.5442],[-78.0465,36.5442]]]},"properties":{"ZCTA5CE20":"27850","AFFGEOID20":"860Z200US27850","GEOID20":"27850","NAME20":"27850","LSAD20":"Z5","ALAND20":494608317,"AWATER20":31064720}},
{"type":"Feature","geometry":{"type":"Polygon","coordinates":[[[-80.9569,35.4286],[-80.9575,35.391],[-80.9868,35.3757],[-80.981,35.3659],[-80.9629,35.3751],[-80.9359,35.3621],[-80.9391,35.3537],[-80.9162,35.3437],[-80.91,35.3484],[-80.8828,35.3476],[-80.8589,35.3656],[-80.8426,35.3638],[-80.8238,35.3614],[-80.7595,35.4005],[-80.7484,35.4096],[-80.7599,35.4303],[-80.7504,35.4378],[-80.755,35.4498],[-80.7689,35.4408],[-80.8208,35.4589],[-80.8435,35.4592],[-80.8684,35.4446],[-80.884,35.4536],[-80.9105,35.4352],[-80.9128,35.4518],[-80.9382,35.4448],[-80.949,35.4485],[-80.9569,35.4286]]]},"properties":{"ZCTA5CE20":"28078","AFFGEOID20":"860Z200US28078","GEOID20":"28078","NAME20":"28078","LSAD20":"Z5","ALAND20":165048985,"AWATER20":9664536}},
{"type":"Feature","geometry":{"type":"Polygon","coordinates":[[[-82.7641,35.0682],[-82.7497,35.0476],[-82.718,35.053],[-82.7082,35.0621],[-82.6854,35.0596],[-82.6691,35.0386],[-82.6286,35.0465],[-82.6141,35.0401],[-82.6169,35.0217],[-82.5879,35.034],[-82.5845,35.043],[-82.5684,35.0555],[-82.5685,35.0657],[-82.5428,35.0712],[-82.5373,35.0519],[-82.5559,35.045],[-82.5529,35.0256],[-82.5315,35.0271],[-82.5205,35.0333],[-82.5264,35.045],[-82.5267,35.0731],[-82.5469,35.0822],[-82.5566,35.1088],[-82.5741,35.1082],[-82.6076,35.0998],[-82.6039,35.1177],[-82.631,35.1069],[-82.6368,35.1204],[-82.6088,35.1229],[-82.6038,35.1343],[-82.5789,35.1329],[-82.5773,35.1425],[-82.6097,35.139],[-82.629,35.1262],[-82.6433,35.1304],[-82.6624,35.1181],[-82.6871,35.1251],[-82.6946,35.1147],[-82.6865,35.1082],[-82.7153,35.0929],[-82.727,35.0941],[-82.7384,35.0795],[-82.7641,35.0682]]]},"properties":{"ZCTA5CE20":"29635","AFFGEOID20":"860Z200US29635","GEOID20":"29635","NAME20":"29635","LSAD20":"Z5","ALAND20":137727311,"AWATER20":2150488}},
{"type":"Feature","geometry":{"type":"Polygon","coordinates":[[[-78.1506,34.722],[-78.1747,34.7112],[-78.1671,34.6928],[-78.1818,34.6844],[-78.19,34.6622],[-78.1823,34.6459],[-78.1587,34.6595],[-78.1282,34.6484],[-78.118,34.6487],[-78.1091,34.6332],[-78.1127,34.6135],[-78.1262,34.6028],[-78.1241,34.5895],[-78.1146,34.5845],[-78.1244,34.5569],[-78.1112,34.5545],[-78.098,34.5662],[-78.062,34.5476],[-78.0522,34.5634],[-78.0361,34.5447],[-78.0233,34.5448],[-78.0213,34.5604],[-78.0083,34.5551],[-77.9838,34.5595],[-77.9795,34.5712],[-77.9569,34.5773],[-77.9374,34.5911],[-77.9459,34.6146],[-77.9327,34.6164],[-77.935,34.6278],[-77.9191,34.6362],[-77.9218,34.6487],[-77.9023,34.6546],[-77.9186,34.6633],[-77.9371,34.6826],[-77.9215,34.7197],[-77.9389,34.7232],[-77.9847,34.7028],[-78.0112,34.6965],[-78.0136,34.7065],[-78.0426,34.7099],[-78.0419,34.6721],[-78.0652,34.6778],[-78.0714,34.6953],[-78.0832,34.6898],[-78.089,34.7152],[-78.0605,34.7161],[-78.0578,34.727],[-78.0805,34.7228],[-78.0876,34.7261],[-78.1143,34.7216],[-78.1456,34.7302],[-78.1506,34.722]]]},"properties":{"ZCTA5CE20":"28478","AFFGEOID20":"860Z200US28478","GEOID20":"28478","NAME20":"28478","LSAD20":"Z5","ALAND20":318226765,"AWATER20":605423}},
{"type":"Feature","geometry":{"type":"Polygon","coordinates":[[[-77.9584,34.1831],[-77.9667,34.1829],[-77.9757,34.1989],[-77.9963,34.2059],[-78.0196,34.2016],[-78.0197,34.1828],[-78.0086,34.1698],[-78.0434,34.1562],[-78.0655,34.1698],[-78.1009,34.1473],[-78.1152,34.147],[-78.1469,34.132],[-78.1598,34.1409],[-78.1817,34.1288],[-78.1799,34.1079],[-78.1881,34.1023],[-78.175,34.1004],[-78.1405,34.1059],[-78.1312,34.0936],[-78.1057,34.1102],[-78.0882,34.1069],[-78.0879,34.0901],[-78.0656,34.0794],[-78.0484,34.076],[-78.0429,34.0936],[-78.0341,34.0991],[-78.0216,34.0821],[-78.0292,34.0711],[-78.0248,34.0538],[-78.0307,34.0396],[-78.025,34.0198],[-78.0266,34.0067],[-78.0184,33.9929],[-77.9896,33.9808],[-77.9724,33.9675],[-77.9583,33.9746],[-77.9481,33.9699],[-77.9418,33.981],[-77.934,34.0171],[-77.931,34.0503],[-77.9369,34.1228],[-77.9535,34.1535],[-77.9584,34.1831]]]},"properties":{"ZCTA5CE20":"28479","AFFGEOID20":"860Z200US28479","GEOID20":"28479","NAME20":"28479","LSAD20":"Z5","ALAND20":240028138,"AWATER20":30798937}},
{"type":"Feature","geometry":{"type":"Polygon","coordinates":[[[-77.7668,35.2246],[-77.774,35.2117],[-77.7742,35.1908],[-77.7509,35.1889],[-77.7466,35.1797],[-77.7303,35.1769],[-77.7176,35.1676],[-77.6983,35.1673],[-77.6742,35.1581],[-77.6691,35.143],[-77.654,35.1451],[-77.6325,35.1548],[-77.6051,35.1512],[-77.6097,35.099],[-77.5803,35.0941],[-77.5978,35.0751],[-77.5675,35.0612],[-77.5723,35.0794],[-77.567,35.0868],[-77.5735,35.1014],[-77.5347,35.1434],[-77.5309,35.1515],[-77.5577,35.1675],[-77.5586,35.1859],[-77.5666,35.2263],[-77.5722,35.2414],[-77.5839,35.2474],[-77.6005,35.2639],[-77.5982,35.2863],[-77.5896,35.287],[-77.5692,35.3032],[-77.5706,35.3185],[-77.5923,35.3461],[-77.584,35.349],[-77.5848,35.3667],[-77.6072,35.3658],[-77.611,35.3786],[-77.6376,35.3543],[-77.6608,35.3528],[-77.6687,35.3287],[-77.6881,35.3095],[-77.7069,35.3057],[-77.6954,35.2883],[-77.6937,35.2609],[-77.7068,35.246],[-77.673,35.2282],[-77.6958,35.226],[-77.7454,35.2155],[-77.7668,35.2246]]]},"properties":{"ZCTA5CE20":"28504","AFFGEOID20":"860Z200US28504","GEOID20":"28504","NAME20":"28504","LSAD20":"Z5","ALAND20":313743976,"AWATER20":1671265}},
{"type":"Feature","geometry":{"type":"Polygon","coordinates":[[[-82.3034,34.6246],[-82.3014,34.6156],[-82.3249,34.6173],[-82.3309,34.6111],[-82.312,34.5959],[-82.3053,34.5827],[-82.288,34.5706],[-82.2684,34.5634],[-82.2581,34.5775],[-82.2398,34.5576],[-82.235,34.578],[-82.223,34.5798],[-82.2261,34.5947],[-82.2085,34.6002],[-82.2017,34.6139],[-82.2054,34.6295],[-82.1863,34.6337],[-82.1759,34.6528],[-82.1544,34.6532],[-82.1367,34.6709],[-82.1153,34.6748],[-82.1057,34.6875],[-82.0907,34.6829],[-82.063,34.693],[-82.0737,34.6918],[-82.0814,34.7082],[-82.0788,34.7194],[-82.0872,34.7452],[-82.1152,34.7489],[-82.13,34.7692],[-82.154,34.7652],[-82.1744,34.7282],[-82.1951,34.7457],[-82.2116,34.7138],[-82.2386,34.7038],[-82.253,34.6848],[-82.2604,34.6624],[-82.2793,34.6344],[-82.2929,34.6355],[-82.3034,34.6246]]]},"properties":{"ZCTA5CE20":"29644","AFFGEOID20":"860Z200US29644","GEOID20":"29644","NAME20":"29644","LSAD20":"Z5","ALAND20":212327382,"AWATER20":1360092}},
{"type":"Feature","geometry":{"type":"Polygon","coordinates":[[[-80.6468,34.4825],[-80.6602,34.4631],[-80.6631,34.4436],[-80.6467,34.4314],[-80.6423,34.4439],[-80.6224,34.4615],[-80.6155,34.4574],[-80.5808,34.4634],[-80.5693,34.452],[-80.584,34.4403],[-80.5844,34.4224],[-80.5626,34.4148],[-80.5451,34.4014],[-80.5383,34.4059],[-80.5127,34.408],[-80.496,34.4042],[-80.4554,34.4123],[-80.4542,34.4338],[-80.5049,34.479],[-80.4691,34.4843],[-80.4628,34.4913],[-80.4333,34.498],[-80.4272,34.5231],[-80.4425,34.5271],[-80.4216,34.543],[-80.4228,34.5599],[-80.4046,34.5653],[-80.4057,34.576],[-80.432,34.5844],[-80.4453,34.572],[-80.4434,34.6013],[-80.427,34.6076],[-80.4379,34.6272],[-80.4318,34.66],[-80.4608,34.677],[-80.4822,34.7046],[-80.4857,34.7176],[-80.4898,34.7202],[-80.5168,34.6898],[-80.5283,34.6929],[-80.5614,34.6771],[-80.5805,34.6792],[-80.5913,34.6581],[-80.5864,34.6385],[-80.5961,34.6116],[-80.5911,34.5952],[-80.6228,34.5901],[-80.6468,34.5804],[-80.6472,34.5638],[-80.662,34.5597],[-80.651,34.5423],[-80.6398,34.5388],[-80.6581,34.5062],[-80.6413,34.5011],[-80.6468,34.4825]]]},"properties":{"ZCTA5CE20":"29067","AFFGEOID20":"860Z200US29067","GEOID20":"29067","NAME20":"29067","LSAD20":"Z5","ALAND20":492388956,"AWATER20":645232}},
{"type":"Feature","geometry":{"type":"Polygon","coordinates":[[[-79.9684,34.3302],[-79.9586,34.3139],[-79.9568,34.2915],[-79.9911,34.2752],[-79.9968,34.2628],[-80.0132,34.2608],[-80.0131,34.2445],[-80.0009,34.2441],[-79.9944,34.2271],[-80.0016,34.2235],[-79.9589,34.2049],[-79.9579,34.1984],[-79.9383,34.1901],[-79.9269,34.1999],[-79.9139,34.2023],[-79.9033,34.192],[-79.8798,34.2068],[-79.8794,34.2336],[-79.8692,34.2508],[-79.8341,34.2475],[-79.8209,34.2552],[-79.7979,34.2547],[-79.7853,34.2494],[-79.7866,34.2707],[-79.7582,34.2535],[-79.7465,34.2621],[-79.7376,34.2796],[-79.7296,34.2952],[-79.7083,34.2913],[-79.7079,34.3014],[-79.6878,34.306],[-79.6578,34.3052],[-79.6616,34.3237],[-79.6764,34.3363],[-79.6929,34.3568],[-79.7402,34.3717],[-79.7497,34.3508],[-79.7632,34.3433],[-79.7772,34.3471],[-79.7944,34.3416],[-79.8066,34.3298],[-79.834,34.3175],[-79.8459,34.3174],[-79.8637,34.3364],[-79.8804,34.3346],[-79.9075,34.3194],[-79.9418,34.3319],[-79.9684,34.3302]]]},"properties":{"ZCTA5CE20":"29532","AFFGEOID20":"860Z200US29532","GEOID20":"29532","NAME20":"29532","LSAD20":"Z5","ALAND20":297405851,"AWATER20":1877517}},
{"type":"Feature","geometry":{"type":"Polygon","coordinates":[[[-81.9976,36.0866],[-81.9878,36.0791],[-81.9738,36.0934],[-81.9904,36.0978],[-81.9976,36.0866]]]},"properties":{"ZCTA5CE20":"28652","AFFGEOID20":"860Z200US28652","GEOID20":"28652","NAME20":"28652","LSAD20":"Z5","ALAND20":2989140,"AWATER20":0}},
{"type":"Feature","geometry":{"type":"Polygon","coordinates":[[[-82.0809,36.1058],[-82.0768,36.0851],[-82.068,36.064],[-82.0392,36.0078],[-82.0551,35.9995],[-82.0591,35.9886],[-82.0337,35.9914],[-82.0256,35.9704],[-81.977,35.9691],[-81.9711,35.9584],[-81.992,35.9469],[-81.9995,35.9222],[-81.982,35.9114],[-81.9587,35.9233],[-81.9506,35.937],[-81.9285,35.9315],[-81.9103,35.9055],[-81.9128,35.9001],[-81.8071,35.9616],[-81.7791,36.0039],[-81.8088,36.0349],[-81.8358,36.0417],[-81.8524,36.0514],[-81.8633,36.046],[-81.8843,36.0505],[-81.8758,36.0734],[-81.8809,36.099],[-81.8794,36.1139],[-81.8947,36.1204],[-81.9094,36.1141],[-81.9276,36.131],[-81.9564,36.1375],[-81.9669,36.1463],[-82.0116,36.14],[-82.0165,36.1451],[-82.0331,36.1204],[-82.0541,36.1268],[-82.0613,36.1131],[-82.0809,36.1058]],[[-82.0119,36.0514],[-82.001,36.0543],[-82.0015,36.0317],[-82.0097,36.0301],[-82.0119,36.0514]],[[-81.9976,36.0866],[-81.9904,36.0978],[-81.9738,36.0934],[-81.9878,36.0791],[-81.9976,36.0866]],[[-81.9374,36.0242],[-81.9268,36.0266],[-81.9232,36.0195],[-81.9351,36.018],[-81.9374,36.0242]],[[-81.9045,36.0321],[-81.8849,36.0248],[-81.8906,36.0082],[-81.8977,36.0105],[-81.8961,36.0288],[-81.9045,36.0321]],[[-81.9025,36.0655],[-81.9003,36.0669],[-81.8981,36.0648],[-81.9019,36.0645],[-81.9025,36.0655]],[[-81.9014,35.9803],[-81.8987,35.9823],[-81.8985,35.9795],[-81.9014,35.9803]]]},"properties":{"ZCTA5CE20":"28657","AFFGEOID20":"860Z200US28657","GEOID20":"28657","NAME20":"28657","LSAD20":"Z5","ALAND20":414401932,"AWATER20":167336}},
{"type":"Feature","geometry":{"type":"Polygon","coordinates":[[[-80.5712,33.0577],[-80.5829,33.0403],[-80.5934,33.0384],[-80.5999,33.0535],[-80.6146,33.0507],[-80.619,33.0393],[-80.6043,33.0258],[-80.6005,32.9986],[-80.5872,32.9986],[-80.5787,32.987],[-80.5773,32.9719],[-80.5921,32.9509],[-80.5997,32.9316],[-80.5812,32.908],[-80.5901,32.905],[-80.5751,32.8796],[-80.5639,32.87],[-80.5757,32.8468],[-80.5644,32.8435],[-80.5636,32.8282],[-80.5319,32.8129],[-80.5033,32.8013],[-80.5041,32.795],[-80.5268,32.7604],[-80.4589,32.7747],[-80.471,32.7836],[-80.4623,32.7967],[-80.4476,32.7959],[-80.4397,32.7847],[-80.4436,32.7796],[-80.4385,32.7734],[-80.4392,32.7723],[-80.4385,32.7709],[-80.4368,32.7698],[-80.4395,32.7664],[-80.4413,32.7654],[-80.4459,32.7649],[-80.4418,32.7648],[-80.4393,32.7659],[-80.4367,32.7696],[-80.4366,32.7704],[-80.4382,32.7712],[-80.4386,32.7722],[-80.436,32.7742],[-80.4327,32.7794],[-80.4358,32.7879],[-80.4075,32.8111],[-80.3968,32.8417],[-80.4013,32.8585],[-80.404,32.8586],[-80.4648,32.8233],[-80.4892,32.8411],[-80.4751,32.8607],[-80.4707,32.8755],[-80.4581,32.8817],[-80.4618,32.892],[-80.4881,32.9138],[-80.5089,32.9229],[-80.5186,32.9143],[-80.5262,32.9363],[-80.5212,32.9461],[-80.529,32.959],[-80.5278,32.9792],[-80.5455,32.9798],[-80.5289,33.0034],[-80.5234,33.0176],[-80.5058,33.0204],[-80.5053,33.0482],[-80.5123,33.058],[-80.5332,33.0686],[-80.5712,33.0577]]]},"properties":{"ZCTA5CE20":"29474","AFFGEOID20":"860Z200US29474","GEOID20":"29474","NAME20":"29474","LSAD20":"Z5","ALAND20":260846131,"AWATER20":491532}},
{"type":"Feature","geometry":{"type":"Polygon","coordinates":[[[-80.6549,33.2533],[-80.6556,33.2459],[-80.6339,33.2437],[-80.6359,33.228],[-80.6206,33.2199],[-80.6028,33.2038],[-80.6192,33.167],[-80.6315,33.1493],[-80.6424,33.1532],[-80.6589,33.1248],[-80.656,33.1097],[-80.6442,33.1091],[-80.65,33.0902],[-80.6238,33.0669],[-80.5915,33.0578],[-80.5712,33.0577],[-80.5332,33.0686],[-80.5123,33.058],[-80.5064,33.0588],[-80.5152,33.0752],[-80.5117,33.0944],[-80.4992,33.1032],[-80.4913,33.1378],[-80.4969,33.15],[-80.5001,33.176],[-80.4966,33.1968],[-80.523,33.2225],[-80.5151,33.2431],[-80.5313,33.249],[-80.5225,33.2651],[-80.5311,33.271],[-80.5516,33.268],[-80.5461,33.2878],[-80.5591,33.2917],[-80.5679,33.2805],[-80.5785,33.2934],[-80.6129,33.2759],[-80.6445,33.2757],[-80.6365,33.2632],[-80.6549,33.2533]]]},"properties":{"ZCTA5CE20":"29477","AFFGEOID20":"860Z200US29477","GEOID20":"29477","NAME20":"29477","LSAD20":"Z5","ALAND20":285645908,"AWATER20":801201}},
{"type":"Feature","geometry":{"type":"Polygon","coordinates":[[[-77.1595,36.3658],[-77.1642,36.3538],[-77.1546,36.348],[-77.1384,36.3523],[-77.1303,36.3393],[-77.1321,36.3285],[-77.1009,36.3203],[-77.0913,36.3082],[-77.0684,36.3129],[-77.0327,36.309],[-77.0258,36.2987],[-77.0475,36.2848],[-77.0315,36.2812],[-77.0343,36.2708],[-77.0275,36.2584],[-77.033,36.2351],[-77.0265,36.1642],[-77.0644,36.1591],[-77.0452,36.1415],[-77.0229,36.1385],[-77.0038,36.1215],[-76.9919,36.119],[-76.9826,36.1232],[-76.9572,36.1179],[-76.9364,36.1217],[-76.9392,36.1492],[-76.9356,36.1843],[-76.9286,36.2039],[-76.9255,36.2288],[-76.9034,36.243],[-76.877,36.2431],[-76.8743,36.2599],[-76.8791,36.2807],[-76.897,36.2737],[-76.9085,36.3028],[-76.9057,36.3169],[-76.8928,36.3169],[-76.8886,36.3303],[-76.8993,36.3454],[-76.9199,36.3443],[-76.9282,36.3542],[-76.9238,36.3664],[-76.9383,36.3797],[-76.9439,36.395],[-76.9587,36.3998],[-76.9608,36.3832],[-76.9836,36.3734],[-76.9744,36.3924],[-76.976,36.4134],[-76.9854,36.4246],[-77.023,36.4268],[-77.0285,36.4196],[-77.0177,36.4095],[-77.0002,36.4045],[-77.004,36.3923],[-77.0175,36.3794],[-77.0526,36.3864],[-77.0741,36.3634],[-77.0981,36.3736],[-77.1222,36.3775],[-77.1513,36.372],[-77.1595,36.3658]]]},"properties":{"ZCTA5CE20":"27910","AFFGEOID20":"860Z200US27910","GEOID20":"27910","NAME20":"27910","LSAD20":"Z5","ALAND20":378638656,"AWATER20":159540}},
{"type":"Feature","geometry":{"type":"Polygon","coordinates":[[[-78.6578,35.1988],[-78.641,35.1935],[-78.6578,35.1989],[-78.6578,35.1988]]]},"properties":{"ZCTA5CE20":"28342","AFFGEOID20":"860Z200US28342","GEOID20":"28342","NAME20":"28342","LSAD20":"Z5","ALAND20":2153212,"AWATER20":2391}},
{"type":"Feature","geometry":{"type":"Polygon","coordinates":[[[-79.2209,34.1077],[-79.2239,34.0895],[-79.1992,34.0877],[-79.1856,34.0942],[-79.1564,34.0863],[-79.144,34.0892],[-79.0984,34.0832],[-79.0744,34.0723],[-79.063,34.0738],[-79.0252,34.0912],[-79.021,34.1002],[-79.0275,34.1218],[-79.0176,34.1402],[-79.0321,34.1476],[-79.0096,34.1899],[-79.009,34.2252],[-78.9878,34.2244],[-78.9738,34.2175],[-78.9814,34.2239],[-79.0712,34.2993],[-79.1088,34.3309],[-79.1174,34.3289],[-79.1284,34.3419],[-79.1418,34.3456],[-79.175,34.3132],[-79.1922,34.3117],[-79.1988,34.3011],[-79.2169,34.2884],[-79.2143,34.2555],[-79.2033,34.2338],[-79.1725,34.2095],[-79.1661,34.199],[-79.1714,34.1817],[-79.1929,34.1751],[-79.1959,34.1611],[-79.2083,34.1506],[-79.2058,34.133],[-79.2163,34.1282],[-79.2209,34.1077]]]},"properties":{"ZCTA5CE20":"29581","AFFGEOID20":"860Z200US29581","GEOID20":"29581","NAME20":"29581","LSAD20":"Z5","ALAND20":426528480,"AWATER20":2373495}},
{"type":"Feature","geometry":{"type":"Polygon","coordinates":[[[-81.4184,32.6347],[-81.4112,32.6177],[-81.3893,32.5954],[-81.3636,32.5818],[-81.3583,32.5736],[-81.3218,32.5595],[-81.298,32.563],[-81.2813,32.5565],[-81.2724,32.5304],[-81.2529,32.5183],[-81.2431,32.5202],[-81.2336,32.4985],[-81.2,32.468],[-81.2084,32.437],[-81.2007,32.4181],[-81.1773,32.3898],[-81.1815,32.3799],[-81.1679,32.3683],[-81.1601,32.349],[-81.1438,32.3515],[-81.1511,32.3604],[-81.1531,32.3853],[-81.162,32.418],[-81.157,32.4207],[-81.1787,32.4269],[-81.1918,32.4531],[-81.1616,32.4644],[-81.1644,32.4732],[-81.1862,32.4862],[-81.2046,32.4854],[-81.1998,32.4993],[-81.1796,32.4889],[-81.1577,32.4838],[-81.1563,32.4969],[-81.1877,32.5219],[-81.1882,32.5436],[-81.1676,32.5521],[-81.2096,32.567],[-81.2132,32.5766],[-81.1985,32.5863],[-81.1629,32.5819],[-81.1705,32.5948],[-81.1848,32.5943],[-81.1832,32.6131],[-81.173,32.6155],[-81.1689,32.6307],[-81.1826,32.6672],[-81.2041,32.6769],[-81.2143,32.6749],[-81.213,32.6563],[-81.2192,32.6526],[-81.2334,32.6689],[-81.2496,32.6663],[-81.2646,32.6824],[-81.2865,32.7028],[-81.3021,32.7055],[-81.3129,32.7136],[-81.337,32.7006],[-81.3548,32.7124],[-81.3605,32.7302],[-81.393,32.7105],[-81.4015,32.6798],[-81.4039,32.6669],[-81.3946,32.6496],[-81.4184,32.6347]]]},"properties":{"ZCTA5CE20":"29922","AFFGEOID20":"860Z200US29922","GEOID20":"29922","NAME20":"29922","LSAD20":"Z5","ALAND20":376112672,"AWATER20":6464797}},
{"type":"Feature","geometry":{"type":"Polygon","coordinates":[[[-83.1655,35.132],[-83.1721,35.1229],[-83.1606,35.0983],[-83.1471,35.1103],[-83.124,35.1003],[-83.0981,35.0698],[-83.1185,35.0584],[-83.1312,35.0295],[-83.126,35.0155],[-83.1089,35.0098],[-83.1086,35.0014],[-83.0564,35.0151],[-83.0233,35.0238],[-83.0087,35.0276],[-83.0181,35.0364],[-83.0686,35.0617],[-83.0591,35.0701],[-83.0601,35.0883],[-83.069,35.0936],[-83.0802,35.1133],[-83.0632,35.1133],[-83.0609,35.1293],[-83.1051,35.1237],[-83.1253,35.1367],[-83.1365,35.1461],[-83.1655,35.132]]]},"properties":{"ZCTA5CE20":"28717","AFFGEOID20":"860Z200US28717","GEOID20":"28717","NAME20":"28717","LSAD20":"Z5","ALAND20":94255335,"AWATER20":324623}},
{"type":"Feature","geometry":{"type":"Polygon","coordinates":[[[-80.6253,33.8668],[-80.6328,33.8503],[-80.6161,33.8343],[-80.6151,33.816],[-80.6009,33.7999],[-80.5977,33.7775],[-80.6111,33.7515],[-80.6201,33.7432],[-80.6276,33.731],[-80.5966,33.6955],[-80.6075,33.7195],[-80.594,33.7308],[-80.5752,33.7624],[-80.5562,33.7734],[-80.5035,33.789],[-80.5166,33.8392],[-80.5145,33.8446],[-80.4827,33.8497],[-80.474,33.8354],[-80.4631,33.8509],[-80.4708,33.869],[-80.4532,33.9157],[-80.4717,33.936],[-80.4895,33.9419],[-80.5129,33.9406],[-80.5364,33.9462],[-80.5556,33.9278],[-80.5577,33.884],[-80.6253,33.8668]]]},"properties":{"ZCTA5CE20":"29168","AFFGEOID20":"860Z200US29168","GEOID20":"29168","NAME20":"29168","LSAD20":"Z5","ALAND20":202268875,"AWATER20":3763948}},
{"type":"Feature","geometry":{"type":"Polygon","coordinates":[[[-80.3188,36.3933],[-80.2985,36.387],[-80.2907,36.3764],[-80.2689,36.3729],[-80.2542,36.3995],[-80.2087,36.4002],[-80.1904,36.4102],[-80.1853,36.4013],[-80.1591,36.4002],[-80.141,36.4034],[-80.1445,36.4176],[-80.1632,36.4251],[-80.1671,36.4512],[-80.1497,36.4616],[-80.161,36.4629],[-80.1695,36.4937],[-80.1945,36.5055],[-80.2132,36.5007],[-80.2154,36.4912],[-80.2527,36.487],[-80.2641,36.482],[-80.2833,36.4833],[-80.2902,36.4708],[-80.2881,36.4425],[-80.2923,36.4253],[-80.2664,36.433],[-80.2496,36.4281],[-80.2552,36.4071],[-80.2658,36.4135],[-80.2763,36.4012],[-80.3055,36.3926],[-80.3188,36.3933]]]},"properties":{"ZCTA5CE20":"27016","AFFGEOID20":"860Z200US27016","GEOID20":"27016","NAME20":"27016","LSAD20":"Z5","ALAND20":115663103,"AWATER20":863873}},
{"type":"Feature","geometry":{"type":"Polygon","coordinates":[[[-80.4057,34.576],[-80.4046,34.5653],[-80.4228,34.5599],[-80.4216,34.543],[-80.4425,34.5271],[-80.4272,34.5231],[-80.4333,34.498],[-80.4628,34.4913],[-80.4691,34.4843],[-80.5049,34.479],[-80.4542,34.4338],[-80.4554,34.4123],[-80.4348,34.4138],[-80.4138,34.4082],[-80.3898,34.3955],[-80.4181,34.3813],[-80.4119,34.3605],[-80.3931,34.3605],[-80.3925,34.3413],[-80.4088,34.3381],[-80.4028,34.322],[-80.3857,34.3175],[-80.3812,34.329],[-80.3638,34.3395],[-80.3163,34.34],[-80.3003,34.3313],[-80.283,34.3362],[-80.2987,34.3574],[-80.2887,34.3641],[-80.284,34.3777],[-80.2855,34.3937],[-80.2958,34.3949],[-80.3014,34.408],[-80.2776,34.4303],[-80.2797,34.4395],[-80.3043,34.433],[-80.3043,34.46],[-80.3175,34.463],[-80.3118,34.4801],[-80.3215,34.5057],[-80.3523,34.5204],[-80.3568,34.5336],[-80.3795,34.5571],[-80.3788,34.5705],[-80.4057,34.576]]]},"properties":{"ZCTA5CE20":"29009","AFFGEOID20":"860Z200US29009","GEOID20":"29009","NAME20":"29009","LSAD20":"Z5","ALAND20":290382797,"AWATER20":855215}},
{"type":"Feature","geometry":{"type":"Polygon","coordinates":[[[-80.3803,36.4373],[-80.3965,36.4295],[-80.4146,36.4135],[-80.4174,36.3988],[-80.4315,36.3968],[-80.4489,36.3804],[-80.4495,36.3545],[-80.4572,36.3388],[-80.4757,36.336],[-80.4902,36.3414],[-80.5017,36.3535],[-80.4849,36.3597],[-80.4866,36.3741],[-80.5115,36.3755],[-80.5343,36.3584],[-80.5294,36.3508],[-80.5345,36.3414],[-80.541,36.3449],[-80.5497,36.3389],[-80.5456,36.3319],[-80.5424,36.3316],[-80.54,36.3263],[-80.5366,36.3236],[-80.5329,36.3176],[-80.5337,36.3131],[-80.5289,36.2948],[-80.548,36.2854],[-80.537,36.28],[-80.5318,36.258],[-80.5014,36.2589],[-80.483,36.256],[-80.4667,36.2598],[-80.4527,36.2417],[-80.4419,36.2682],[-80.4295,36.2785],[-80.4306,36.2885],[-80.4157,36.302],[-80.4007,36.3131],[-80.3974,36.3401],[-80.3888,36.345],[-80.3753,36.3693],[-80.3596,36.3789],[-80.3669,36.3962],[-80.3448,36.4048],[-80.337,36.4283],[-80.3565,36.4373],[-80.3803,36.4373]]]},"properties":{"ZCTA5CE20":"27043","AFFGEOID20":"860Z200US27043","GEOID20":"27043","NAME20":"27043","LSAD20":"Z5","ALAND20":177159019,"AWATER20":1769884}},
{"type":"Feature","geometry":{"type":"Polygon","coordinates":[[[-80.7759,36.1457],[-80.7633,36.1347],[-80.7601,36.1175],[-80.745,36.1173],[-80.7416,36.1076],[-80.7221,36.0932],[-80.7173,36.0801],[-80.7289,36.0612],[-80.7168,36.058],[-80.7173,36.0389],[-80.6947,36.031],[-80.6626,36.0381],[-80.6557,36.0497],[-80.5984,36.0477],[-80.4963,36.0465],[-80.5066,36.0539],[-80.5167,36.084],[-80.5081,36.1036],[-80.5079,36.1217],[-80.5207,36.1199],[-80.5414,36.1274],[-80.5437,36.1343],[-80.562,36.138],[-80.5793,36.1581],[-80.5951,36.1569],[-80.5951,36.1895],[-80.6013,36.2053],[-80.6172,36.2086],[-80.6308,36.2005],[-80.6706,36.1962],[-80.7056,36.2101],[-80.7135,36.1911],[-80.7112,36.1689],[-80.7145,36.1481],[-80.7275,36.1403],[-80.7523,36.1539],[-80.7759,36.1457]]]},"properties":{"ZCTA5CE20":"27055","AFFGEOID20":"860Z200US27055","GEOID20":"27055","NAME20":"27055","LSAD20":"Z5","ALAND20":288125272,"AWATER20":2017946}},
{"type":"Feature","geometry":{"type":"Polygon","coordinates":[[[-82.2927,35.1964],[-82.3101,35.1838],[-82.3342,35.1729],[-82.3706,35.1656],[-82.3786,35.1563],[-82.4032,35.1452],[-82.4102,35.1354],[-82.3884,35.1311],[-82.3703,35.1184],[-82.3601,35.1221],[-82.3459,35.1109],[-82.3512,35.1047],[-82.3449,35.0958],[-82.3163,35.0878],[-82.3024,35.0773],[-82.2716,35.0851],[-82.2682,35.074],[-82.232,35.0688],[-82.2183,35.0874],[-82.2179,35.1032],[-82.2251,35.1148],[-82.2019,35.1223],[-82.1944,35.1296],[-82.1718,35.1343],[-82.1524,35.1563],[-82.1274,35.1627],[-82.1492,35.1766],[-82.1464,35.182],[-82.1228,35.1872],[-82.1043,35.1778],[-82.076,35.1904],[-82.1412,35.1932],[-82.1769,35.1938],[-82.2749,35.2001],[-82.2927,35.1964]]]},"properties":{"ZCTA5CE20":"29356","AFFGEOID20":"860Z200US29356","GEOID20":"29356","NAME20":"29356","LSAD20":"Z5","ALAND20":212610819,"AWATER20":1967981}},
{"type":"Feature","geometry":{"type":"Polygon","coordinates":[[[-79.8656,36.5427],[-79.857,36.5334],[-79.8677,36.5202],[-79.858,36.5094],[-79.8594,36.4954],[-79.85,36.4841],[-79.8248,36.4863],[-79.815,36.4704],[-79.7982,36.4615],[-79.8154,36.4495],[-79.8056,36.4351],[-79.7867,36.4284],[-79.7668,36.4354],[-79.7659,36.4425],[-79.7436,36.4408],[-79.7027,36.4668],[-79.6856,36.4631],[-79.6767,36.4472],[-79.6471,36.4489],[-79.6519,36.478],[-79.6408,36.4875],[-79.6531,36.4995],[-79.6434,36.5212],[-79.624,36.5195],[-79.6182,36.5332],[-79.6048,36.5414],[-79.6908,36.5419],[-79.7148,36.542],[-79.8656,36.5427]]]},"properties":{"ZCTA5CE20":"27288","AFFGEOID20":"860Z200US27288","GEOID20":"27288","NAME20":"27288","LSAD20":"Z5","ALAND20":184985557,"AWATER20":2414816}},
{"type":"Feature","geometry":{"type":"Polygon","coordinates":[[[-80.1684,34.1153],[-80.1637,34.1044],[-80.1537,34.1121],[-80.1684,34.1153]]]},"properties":{"ZCTA5CE20":"29046","AFFGEOID20":"860Z200US29046","GEOID20":"29046","NAME20":"29046","LSAD20":"Z5","ALAND20":1022896,"AWATER20":0}},
{"type":"Feature","geometry":{"type":"Polygon","coordinates":[[[-78.9154,35.624],[-78.91,35.6162],[-78.9445,35.5828],[-78.9663,35.5723],[-78.9451,35.5609],[-78.9421,35.5527],[-78.9631,35.5289],[-78.9405,35.527],[-78.9068,35.5439],[-78.8875,35.5479],[-78.8804,35.5625],[-78.851,35.5637],[-78.8677,35.5824],[-78.8578,35.5912],[-78.8383,35.5904],[-78.8339,35.6041],[-78.8156,35.5951],[-78.8073,35.6108],[-78.82,35.625],[-78.7944,35.6364],[-78.7942,35.6452],[-78.7676,35.651],[-78.7739,35.6624],[-78.795,35.6694],[-78.8214,35.6672],[-78.8268,35.6801],[-78.8395,35.6847],[-78.8466,35.6707],[-78.8738,35.6775],[-78.8838,35.6703],[-78.8972,35.6417],[-78.9154,35.624]]]},"properties":{"ZCTA5CE20":"27540","AFFGEOID20":"860Z200US27540","GEOID20":"27540","NAME20":"27540","LSAD20":"Z5","ALAND20":124299312,"AWATER20":2997386}},
{"type":"Feature","geometry":{"type":"Polygon","coordinates":[[[-79.1488,36.3422],[-79.1533,36.2553],[-79.1425,36.2428],[-79.1182,36.2414],[-79.1023,36.2165],[-79.1109,36.205],[-79.0986,36.1847],[-79.1161,36.1739],[-79.1075,36.1684],[-79.1067,36.1523],[-79.0615,36.1526],[-79.0368,36.1593],[-79.0457,36.1705],[-79.0277,36.182],[-79.0434,36.1914],[-79.0416,36.2177],[-79.0526,36.2281],[-79.0512,36.2407],[-79.0279,36.2654],[-79.0065,36.262],[-79.0107,36.2906],[-79.0284,36.3065],[-79.0489,36.3102],[-79.0624,36.3228],[-79.0739,36.321],[-79.0823,36.3428],[-79.1066,36.3508],[-79.1132,36.3736],[-79.1488,36.3422]]]},"properties":{"ZCTA5CE20":"27541","AFFGEOID20":"860Z200US27541","GEOID20":"27541","NAME20":"27541","LSAD20":"Z5","ALAND20":179740381,"AWATER20":668949}},
{"type":"Feature","geometry":{"type":"Polygon","coordinates":[[[-80.2214,36.0916],[-80.2278,36.0931],[-80.2288,36.0862],[-80.2214,36.0916]]]},"properties":{"ZCTA5CE20":"27110","AFFGEOID20":"860Z200US27110","GEOID20":"27110","NAME20":"27110","LSAD20":"Z5","ALAND20":473539,"AWATER20":0}},
{"type":"Feature","geometry":{"type":"Polygon","coordinates":[[[-81.8998,34.599],[-81.9118,34.5778],[-81.912,34.5585],[-81.8979,34.5442],[-81.9198,34.526],[-81.933,34.4952],[-81.9447,34.4801],[-81.9288,34.4727],[-81.9727,34.4496],[-81.968,34.4257],[-81.9545,34.4001],[-81.9326,34.3859],[-81.9219,34.3718],[-81.8952,34.3527],[-81.88,34.3379],[-81.8579,34.345],[-81.847,34.3588],[-81.8407,34.3823],[-81.8272,34.3947],[-81.8244,34.4046],[-81.8215,34.4136],[-81.8272,34.4356],[-81.8133,34.4472],[-81.7851,34.4216],[-81.7727,34.4269],[-81.7778,34.4399],[-81.7617,34.4397],[-81.7371,34.4305],[-81.7225,34.4497],[-81.7035,34.4534],[-81.6688,34.5001],[-81.6977,34.5118],[-81.6932,34.5344],[-81.7382,34.5378],[-81.7443,34.5318],[-81.7611,34.5406],[-81.7848,34.541],[-81.7955,34.5369],[-81.8087,34.5457],[-81.7887,34.5742],[-81.8029,34.5808],[-81.8493,34.5946],[-81.891,34.5925],[-81.8998,34.599]]]},"properties":{"ZCTA5CE20":"29325","AFFGEOID20":"860Z200US29325","GEOID20":"29325","NAME20":"29325","LSAD20":"Z5","ALAND20":407427416,"AWATER20":1828553}},
{"type":"Feature","geometry":{"type":"MultiPolygon","coordinates":[[[[-81.7201,36.4239],[-81.7407,36.4131],[-81.7387,36.4012],[-81.731,36.3939],[-81.7346,36.3796],[-81.7174,36.3478],[-81.7081,36.3461],[-81.6862,36.3717],[-81.6782,36.368],[-81.67,36.3737],[-81.6899,36.3915],[-81.7018,36.4093],[-81.7201,36.4239]]],[[[-81.7895,36.3483],[-81.7959,36.3399],[-81.7887,36.3215],[-81.7944,36.307],[-81.771,36.2895],[-81.7282,36.2779],[-81.7275,36.293],[-81.7095,36.3207],[-81.7073,36.3358],[-81.736,36.343],[-81.7445,36.3378],[-81.7649,36.3387],[-81.7789,36.3486],[-81.7895,36.3483]]]]},"properties":{"ZCTA5CE20":"28698","AFFGEOID20":"860Z200US28698","GEOID20":"28698","NAME20":"28698","LSAD20":"Z5","ALAND20":67004698,"AWATER20":44793}},
{"type":"Feature","geometry":{"type":"Polygon","coordinates":[[[-81.9735,34.9643],[-81.9669,34.9653],[-81.9649,34.9689],[-81.972,34.9687],[-81.9735,34.9643]]]},"properties":{"ZCTA5CE20":"29378","AFFGEOID20":"860Z200US29378","GEOID20":"29378","NAME20":"29378","LSAD20":"Z5","ALAND20":270435,"AWATER20":0}},
{"type":"Feature","geometry":{"type":"Polygon","coordinates":[[[-79.0101,35.7894],[-79.0216,35.7892],[-79.0268,35.7707],[-79.0287,35.738],[-79.0409,35.7381],[-79.0244,35.7374],[-79.0327,35.7008],[-79.0193,35.6993],[-79.0102,35.7148],[-79.0074,35.7377],[-78.9889,35.7355],[-78.9516,35.7409],[-78.9361,35.7399],[-78.9312,35.7289],[-78.912,35.7374],[-78.9048,35.7456],[-78.8512,35.7497],[-78.8214,35.7436],[-78.8284,35.7601],[-78.844,35.7628],[-78.8626,35.7673],[-78.882,35.7603],[-78.8966,35.765],[-78.9037,35.7839],[-78.926,35.7903],[-78.9295,35.8077],[-78.9268,35.8389],[-78.9307,35.8467],[-78.9541,35.8302],[-78.9713,35.824],[-78.9757,35.8139],[-78.9905,35.8053],[-78.9986,35.7928],[-79.0101,35.7894]]]},"properties":{"ZCTA5CE20":"27523","AFFGEOID20":"860Z200US27523","GEOID20":"27523","NAME20":"27523","LSAD20":"Z5","ALAND20":99810556,"AWATER20":10641254}},
{"type":"Feature","geometry":{"type":"Polygon","coordinates":[[[-82.4647,35.252],[-82.4836,35.2469],[-82.4955,35.2319],[-82.5326,35.2327],[-82.5514,35.22],[-82.5499,35.2146],[-82.5693,35.2001],[-82.5986,35.197],[-82.5907,35.162],[-82.5742,35.1437],[-82.5416,35.1621],[-82.5351,35.1548],[-82.516,35.1634],[-82.495,35.1645],[-82.4874,35.1725],[-82.4601,35.1781],[-82.4519,35.1731],[-82.4319,35.1727],[-82.4197,35.1986],[-82.4033,35.2045],[-82.3902,35.2152],[-82.3966,35.2369],[-82.439,35.2494],[-82.4439,35.2364],[-82.4661,35.2425],[-82.4647,35.252]]]},"properties":{"ZCTA5CE20":"28790","AFFGEOID20":"860Z200US28790","GEOID20":"28790","NAME20":"28790","LSAD20":"Z5","ALAND20":123384217,"AWATER20":709446}},
{"type":"Feature","geometry":{"type":"Polygon","coordinates":[[[-83.1493,34.7812],[-83.1611,34.7621],[-83.1607,34.738],[-83.1444,34.7263],[-83.1173,34.7252],[-83.1125,34.7173],[-83.0908,34.7063],[-83.0667,34.7183],[-83.0559,34.7176],[-83.0421,34.7066],[-83.0317,34.7072],[-83.0134,34.7178],[-83.0136,34.7252],[-83.0314,34.7365],[-83.0537,34.7437],[-83.0591,34.7532],[-83.0511,34.7631],[-83.0411,34.7956],[-83.0299,34.795],[-83.019,34.8172],[-82.9868,34.8375],[-82.9799,34.8364],[-82.9799,34.8366],[-82.9858,34.8585],[-83.0128,34.8713],[-83.0519,34.8479],[-83.0643,34.8611],[-83.0756,34.8437],[-83.1028,34.8515],[-83.1061,34.8352],[-83.1251,34.8209],[-83.1268,34.8071],[-83.1493,34.7812]]]},"properties":{"ZCTA5CE20":"29691","AFFGEOID20":"860Z200US29691","GEOID20":"29691","NAME20":"29691","LSAD20":"Z5","ALAND20":161096867,"AWATER20":908975}},
{"type":"Feature","geometry":{"type":"Polygon","coordinates":[[[-81.6764,35.431],[-81.6993,35.4256],[-81.7036,35.3355],[-81.6923,35.3243],[-81.6888,35.3097],[-81.676,35.2968],[-81.6198,35.2975],[-81.6063,35.2934],[-81.568,35.2943],[-81.5553,35.2829],[-81.5148,35.2734],[-81.4945,35.2777],[-81.4896,35.2932],[-81.4739,35.2896],[-81.4577,35.2713],[-81.4476,35.2972],[-81.4247,35.2985],[-81.416,35.3087],[-81.4096,35.3381],[-81.4074,35.3494],[-81.4199,35.3599],[-81.4284,35.3543],[-81.4277,35.335],[-81.4394,35.3245],[-81.4502,35.3003],[-81.4708,35.3107],[-81.4733,35.3235],[-81.4612,35.3365],[-81.4615,35.3754],[-81.441,35.3766],[-81.4528,35.3926],[-81.4746,35.3892],[-81.4851,35.3901],[-81.5023,35.418],[-81.511,35.418],[-81.5187,35.412],[-81.5247,35.387],[-81.5363,35.3896],[-81.559,35.3749],[-81.5817,35.3732],[-81.5964,35.3816],[-81.6011,35.3925],[-81.6156,35.3898],[-81.6298,35.4079],[-81.6168,35.4198],[-81.6423,35.4234],[-81.6396,35.4208],[-81.6429,35.4201],[-81.6443,35.4227],[-81.6526,35.4366],[-81.6687,35.4385],[-81.6764,35.431]],[[-81.6706,35.3197],[-81.6578,35.3236],[-81.6522,35.3166],[-81.6706,35.3197]],[[-81.6434,35.3868],[-81.6347,35.4038],[-81.6228,35.3871],[-81.6434,35.3868]]]},"properties":{"ZCTA5CE20":"28150","AFFGEOID20":"860Z200US28150","GEOID20":"28150","NAME20":"28150","LSAD20":"Z5","ALAND20":283566131,"AWATER20":3761015}},
{"type":"Feature","geometry":{"type":"Polygon","coordinates":[[[-83.3519,34.7017],[-83.3382,34.6872],[-83.3046,34.6696],[-83.2932,34.6543],[-83.2709,34.6416],[-83.2545,34.6371],[-83.2313,34.6112],[-83.2088,34.6107],[-83.1952,34.6034],[-83.1701,34.6074],[-83.1683,34.591],[-83.1432,34.5734],[-83.1405,34.5624],[-83.1102,34.5471],[-83.1033,34.5367],[-83.0849,34.531],[-83.0795,34.5141],[-83.0746,34.5221],[-83.0528,34.5368],[-83.0444,34.5576],[-83.0211,34.5413],[-82.986,34.5449],[-82.9667,34.5434],[-82.9881,34.5671],[-82.9785,34.6006],[-82.9871,34.6067],[-83.0106,34.5988],[-83.0245,34.6012],[-83.0464,34.6191],[-83.0494,34.6475],[-83.0332,34.652],[-83.0325,34.6659],[-83.0218,34.6779],[-83.0317,34.7072],[-83.0421,34.7066],[-83.0559,34.7176],[-83.0667,34.7183],[-83.0908,34.7063],[-83.1125,34.7173],[-83.1173,34.7252],[-83.1444,34.7263],[-83.1607,34.738],[-83.1611,34.7621],[-83.1493,34.7812],[-83.1823,34.7763],[-83.1941,34.7601],[-83.2118,34.7669],[-83.2226,34.7633],[-83.2474,34.7708],[-83.2462,34.7818],[-83.2772,34.7483],[-83.2723,34.7434],[-83.2933,34.7287],[-83.3008,34.7187],[-83.3328,34.72],[-83.348,34.706],[-83.3519,34.7017]]]},"properties":{"ZCTA5CE20":"29693","AFFGEOID20":"860Z200US29693","GEOID20":"29693","NAME20":"29693","LSAD20":"Z5","ALAND20":449120977,"AWATER20":14926674}},
{"type":"Feature","geometry":{"type":"Polygon","coordinates":[[[-78.3605,35.5836],[-78.3843,35.5903],[-78.385,35.5676],[-78.3803,35.5587],[-78.392,35.5458],[-78.4206,35.5584],[-78.4603,35.5516],[-78.4938,35.5597],[-78.491,35.5466],[-78.5021,35.5281],[-78.4873,35.5134],[-78.4577,35.5018],[-78.4465,35.4786],[-78.4569,35.4693],[-78.4337,35.4618],[-78.4093,35.4674],[-78.3806,35.4662],[-78.368,35.4774],[-78.3589,35.4615],[-78.3599,35.4495],[-78.3348,35.4305],[-78.3122,35.4313],[-78.2869,35.4233],[-78.2838,35.4082],[-78.2801,35.3983],[-78.2547,35.39],[-78.2411,35.3912],[-78.2228,35.376],[-78.1989,35.3908],[-78.2173,35.4048],[-78.2199,35.4426],[-78.2291,35.4576],[-78.2333,35.4809],[-78.2443,35.4829],[-78.279,35.4921],[-78.3045,35.5193],[-78.3105,35.5478],[-78.3194,35.5548],[-78.3148,35.5702],[-78.3279,35.5905],[-78.3561,35.5837],[-78.3605,35.5836]]]},"properties":{"ZCTA5CE20":"27577","AFFGEOID20":"860Z200US27577","GEOID20":"27577","NAME20":"27577","LSAD20":"Z5","ALAND20":268623272,"AWATER20":1292790}},
{"type":"Feature","geometry":{"type":"Polygon","coordinates":[[[-80.523,33.2225],[-80.4966,33.1968],[-80.5001,33.176],[-80.4969,33.15],[-80.4913,33.1378],[-80.4992,33.1032],[-80.5117,33.0944],[-80.5152,33.0752],[-80.5064,33.0588],[-80.4748,33.0644],[-80.4557,33.0613],[-80.4408,33.0533],[-80.419,33.052],[-80.4063,33.0494],[-80.3994,33.0734],[-80.3882,33.0871],[-80.3738,33.094],[-80.3582,33.1109],[-80.3483,33.1416],[-80.311,33.1584],[-80.2976,33.1818],[-80.332,33.2012],[-80.3514,33.2058],[-80.3967,33.2015],[-80.4021,33.1932],[-80.3963,33.1655],[-80.4174,33.1684],[-80.4249,33.1784],[-80.4527,33.1735],[-80.4671,33.1606],[-80.4504,33.2076],[-80.4722,33.2021],[-80.4893,33.2328],[-80.523,33.2225]]]},"properties":{"ZCTA5CE20":"29437","AFFGEOID20":"860Z200US29437","GEOID20":"29437","NAME20":"29437","LSAD20":"Z5","ALAND20":217667151,"AWATER20":569653}},
{"type":"Feature","geometry":{"type":"Polygon","coordinates":[[[-80.0851,33.0258],[-80.0869,32.9922],[-80.056,32.9993],[-80.0408,32.975],[-80.0253,32.9676],[-80.0221,32.9535],[-80.0002,32.9578],[-79.9966,32.9344],[-79.9752,32.9358],[-79.9705,32.9258],[-79.9571,32.9186],[-79.9488,32.9081],[-79.9293,32.9145],[-79.9371,32.9283],[-79.9275,32.941],[-79.929,32.9526],[-79.9121,32.9742],[-79.9223,32.9838],[-79.9005,33.0087],[-79.9166,33.0241],[-79.9107,33.031],[-79.9331,33.0451],[-79.9367,33.0533],[-79.935,33.057],[-79.9264,33.055],[-79.9229,33.066],[-79.9265,33.0562],[-79.9364,33.0575],[-79.9381,33.0546],[-79.9353,33.0473],[-79.9494,33.0387],[-79.9551,33.0393],[-79.9824,33.064],[-80.0136,33.0672],[-80.0342,33.0332],[-80.0512,33.0328],[-80.0743,33.0416],[-80.0851,33.0258]]]},"properties":{"ZCTA5CE20":"29445","AFFGEOID20":"860Z200US29445","GEOID20":"29445","NAME20":"29445","LSAD20":"Z5","ALAND20":148678746,"AWATER20":9037127}},
{"type":"Feature","geometry":{"type":"Polygon","coordinates":[[[-81.1759,34.8898],[-81.1654,34.8762],[-81.1556,34.8344],[-81.1411,34.8206],[-81.1224,34.8133],[-81.0967,34.7928],[-81.0813,34.793],[-81.0678,34.7997],[-81.0533,34.7981],[-81.0489,34.8093],[-81.0571,34.8118],[-81.0582,34.8296],[-81.024,34.8404],[-81.015,34.8234],[-81.0047,34.8337],[-80.9653,34.8371],[-80.956,34.8412],[-80.9559,34.8726],[-80.942,34.877],[-80.9178,34.8591],[-80.8974,34.875],[-80.8767,34.8602],[-80.8801,34.8715],[-80.8783,34.903],[-80.8654,34.9208],[-80.8682,34.9412],[-80.8764,34.9467],[-80.8982,34.9443],[-80.9469,34.955],[-80.9598,34.9627],[-80.9574,34.9745],[-80.9833,34.9874],[-80.9835,34.9875],[-80.9886,34.9723],[-81.0311,34.9432],[-81.0278,34.937],[-81.0315,34.9356],[-81.0361,34.9414],[-81.0548,34.9319],[-81.0838,34.9313],[-81.1091,34.9157],[-81.1336,34.9051],[-81.1688,34.9028],[-81.1759,34.8898]]]},"properties":{"ZCTA5CE20":"29730","AFFGEOID20":"860Z200US29730","GEOID20":"29730","NAME20":"29730","LSAD20":"Z5","ALAND20":309151987,"AWATER20":3330702}},
{"type":"Feature","geometry":{"type":"Polygon","coordinates":[[[-81.5149,36.1344],[-81.5056,36.1208],[-81.5215,36.1042],[-81.5168,36.0977],[-81.4957,36.1006],[-81.4678,36.0855],[-81.4588,36.0914],[-81.4407,36.0732],[-81.4248,36.0778],[-81.4115,36.0729],[-81.3916,36.0483],[-81.376,36.0635],[-81.355,36.0667],[-81.3429,36.0796],[-81.3376,36.094],[-81.316,36.1103],[-81.335,36.1216],[-81.3207,36.1344],[-81.3163,36.1562],[-81.3379,36.1701],[-81.3519,36.1636],[-81.353,36.152],[-81.3635,36.1396],[-81.3915,36.1536],[-81.4117,36.1735],[-81.4472,36.1895],[-81.4605,36.1684],[-81.4543,36.1534],[-81.4616,36.1475],[-81.4851,36.1622],[-81.4998,36.1432],[-81.5149,36.1344]]]},"properties":{"ZCTA5CE20":"28624","AFFGEOID20":"860Z200US28624","GEOID20":"28624","NAME20":"28624","LSAD20":"Z5","ALAND20":152012424,"AWATER20":0}},
{"type":"Feature","geometry":{"type":"Polygon","coordinates":[[[-81.5307,35.8285],[-81.5464,35.8195],[-81.5598,35.8218],[-81.5673,35.7893],[-81.556,35.7775],[-81.547,35.7772],[-81.5339,35.7797],[-81.4903,35.7805],[-81.4502,35.7852],[-81.4379,35.7752],[-81.4275,35.7808],[-81.4207,35.7707],[-81.4084,35.7661],[-81.4005,35.7598],[-81.3711,35.7868],[-81.3505,35.7857],[-81.3432,35.7956],[-81.3506,35.8247],[-81.3379,35.8412],[-81.3252,35.8422],[-81.3336,35.8617],[-81.3285,35.8686],[-81.3393,35.9063],[-81.3551,35.9135],[-81.3837,35.9079],[-81.3785,35.9008],[-81.3899,35.8881],[-81.4057,35.883],[-81.4167,35.8962],[-81.4279,35.8796],[-81.4529,35.8774],[-81.4324,35.8686],[-81.4259,35.8583],[-81.4312,35.8415],[-81.4284,35.8239],[-81.4438,35.816],[-81.4625,35.8282],[-81.4899,35.8215],[-81.4941,35.8126],[-81.5087,35.8059],[-81.5278,35.8099],[-81.5307,35.8285]]]},"properties":{"ZCTA5CE20":"28630","AFFGEOID20":"860Z200US28630","GEOID20":"28630","NAME20":"28630","LSAD20":"Z5","ALAND20":157942007,"AWATER20":4945782}},
{"type":"Feature","geometry":{"type":"Polygon","coordinates":[[[-78.8581,35.1002],[-78.8637,35.0815],[-78.8548,35.0686],[-78.8602,35.0321],[-78.8438,34.9756],[-78.8172,34.9681],[-78.7878,34.9783],[-78.7777,34.9751],[-78.7718,34.9585],[-78.7745,34.9487],[-78.8029,34.9199],[-78.8169,34.9021],[-78.8157,34.8804],[-78.8263,34.8507],[-78.813,34.8507],[-78.808,34.8646],[-78.7969,34.8645],[-78.789,34.878],[-78.7619,34.8797],[-78.7535,34.8508],[-78.744,34.8508],[-78.7352,34.8343],[-78.7025,34.84],[-78.6742,34.8337],[-78.678,34.8157],[-78.6868,34.8073],[-78.6699,34.7979],[-78.6633,34.7876],[-78.6421,34.7792],[-78.6382,34.7972],[-78.6247,34.7943],[-78.6196,34.8072],[-78.5901,34.7946],[-78.583,34.8034],[-78.5986,34.8138],[-78.6073,34.8271],[-78.5701,34.8367],[-78.5574,34.8511],[-78.5397,34.8638],[-78.5807,34.887],[-78.5899,34.8872],[-78.6105,34.9015],[-78.6196,34.914],[-78.6229,34.9188],[-78.6496,34.9176],[-78.6749,34.9399],[-78.7052,34.9212],[-78.7139,34.9361],[-78.7112,34.9477],[-78.7216,34.9535],[-78.7161,34.9666],[-78.7405,34.9848],[-78.7168,34.9955],[-78.7458,35.0174],[-78.7436,35.0305],[-78.7536,35.0364],[-78.7356,35.0561],[-78.7334,35.0715],[-78.7529,35.0917],[-78.7465,35.1038],[-78.7718,35.0981],[-78.7604,35.1251],[-78.7911,35.1393],[-78.8104,35.1174],[-78.8415,35.117],[-78.8581,35.1002]]]},"properties":{"ZCTA5CE20":"28312","AFFGEOID20":"860Z200US28312","GEOID20":"28312","NAME20":"28312","LSAD20":"Z5","ALAND20":425078552,"AWATER20":4089946}},
{"type":"Feature","geometry":{"type":"Polygon","coordinates":[[[-79.0832,35.0327],[-79.0875,35.0241],[-79.0723,35.018],[-79.0594,35.003],[-79.0541,35.0149],[-79.035,35.0244],[-79.01,35.008],[-78.9881,35.0013],[-78.9785,35.0031],[-78.9214,35.0263],[-78.9062,35.0288],[-78.8975,35.0409],[-78.9184,35.0417],[-78.9393,35.0441],[-78.9753,35.0443],[-79.0449,35.0301],[-79.0739,35.0379],[-79.0832,35.0327]]]},"properties":{"ZCTA5CE20":"28304","AFFGEOID20":"860Z200US28304","GEOID20":"28304","NAME20":"28304","LSAD20":"Z5","ALAND20":45047417,"AWATER20":562913}},
{"type":"Feature","geometry":{"type":"Polygon","coordinates":[[[-79.2321,36.4051],[-79.2373,36.3839],[-79.2322,36.3747],[-79.2413,36.3476],[-79.2431,36.3287],[-79.2299,36.3419],[-79.2107,36.3516],[-79.2068,36.3393],[-79.1724,36.3311],[-79.1488,36.3422],[-79.1132,36.3736],[-79.1164,36.3905],[-79.1039,36.4175],[-79.1037,36.4429],[-79.093,36.4636],[-79.116,36.4755],[-79.1381,36.4678],[-79.1614,36.4668],[-79.1825,36.4497],[-79.2063,36.4278],[-79.2196,36.4246],[-79.2321,36.4051]]]},"properties":{"ZCTA5CE20":"27291","AFFGEOID20":"860Z200US27291","GEOID20":"27291","NAME20":"27291","LSAD20":"Z5","ALAND20":130746440,"AWATER20":2999600}},
{"type":"Feature","geometry":{"type":"Polygon","coordinates":[[[-82.4726,34.3292],[-82.4416,34.2878],[-82.4261,34.277],[-82.3999,34.2956],[-82.3775,34.293],[-82.3884,34.3175],[-82.3724,34.337],[-82.3852,34.3471],[-82.4001,34.3382],[-82.4155,34.3447],[-82.432,34.3419],[-82.4443,34.3385],[-82.4586,34.3267],[-82.4726,34.3292]]]},"properties":{"ZCTA5CE20":"29639","AFFGEOID20":"860Z200US29639","GEOID20":"29639","NAME20":"29639","LSAD20":"Z5","ALAND20":41735477,"AWATER20":123505}},
{"type":"Feature","geometry":{"type":"Polygon","coordinates":[[[-77.8062,36.4971],[-77.7956,36.4849],[-77.7947,36.4705],[-77.8098,36.4568],[-77.7867,36.4352],[-77.8054,36.4283],[-77.7987,36.3989],[-77.7873,36.3859],[-77.784,36.3714],[-77.7739,36.3623],[-77.7509,36.3674],[-77.7529,36.3906],[-77.7353,36.3787],[-77.722,36.3758],[-77.6951,36.3884],[-77.6756,36.3787],[-77.6683,36.3701],[-77.6477,36.392],[-77.6383,36.3876],[-77.6152,36.3976],[-77.6232,36.4158],[-77.6328,36.4196],[-77.625,36.445],[-77.6396,36.475],[-77.6457,36.4807],[-77.6811,36.4792],[-77.7097,36.4871],[-77.7307,36.4865],[-77.7426,36.4799],[-77.774,36.4817],[-77.8062,36.4971]]]},"properties":{"ZCTA5CE20":"27870","AFFGEOID20":"860Z200US27870","GEOID20":"27870","NAME20":"27870","LSAD20":"Z5","ALAND20":168813767,"AWATER20":6573666}},
{"type":"Feature","geometry":{"type":"Polygon","coordinates":[[[-78.0656,34.0794],[-78.0701,34.0654],[-78.103,34.0591],[-78.1053,34.0399],[-78.1118,34.0278],[-78.1284,34.0241],[-78.0989,34.0056],[-78.1132,34.0041],[-78.0904,33.985],[-78.1064,33.9719],[-78.1304,33.9704],[-78.1497,33.9407],[-78.1533,33.9271],[-78.1132,33.9223],[-78.0724,33.9218],[-78.0183,33.9145],[-78.0143,33.9042],[-77.989,33.9025],[-77.9936,33.882],[-78.0088,33.8682],[-77.9959,33.8551],[-77.9605,33.8432],[-77.9534,33.8956],[-77.9372,33.9292],[-77.9481,33.9699],[-77.9583,33.9746],[-77.9724,33.9675],[-77.9896,33.9808],[-78.0184,33.9929],[-78.0266,34.0067],[-78.025,34.0198],[-78.0307,34.0396],[-78.0248,34.0538],[-78.0292,34.0711],[-78.0216,34.0821],[-78.0341,34.0991],[-78.0429,34.0936],[-78.0484,34.076],[-78.0656,34.0794]]]},"properties":{"ZCTA5CE20":"28461","AFFGEOID20":"860Z200US28461","GEOID20":"28461","NAME20":"28461","LSAD20":"Z5","ALAND20":196596494,"AWATER20":39293576}},
{"type":"Feature","geometry":{"type":"Polygon","coordinates":[[[-79.0998,35.9213],[-79.0822,35.888],[-79.064,35.9073],[-79.0774,35.9299],[-79.0998,35.9213]]]},"properties":{"ZCTA5CE20":"27510","AFFGEOID20":"860Z200US27510","GEOID20":"27510","NAME20":"27510","LSAD20":"Z5","ALAND20":8283232,"AWATER20":14035}},
{"type":"Feature","geometry":{"type":"Polygon","coordinates":[[[-78.6602,35.7998],[-78.6653,35.7831],[-78.6579,35.7804],[-78.6425,35.7967],[-78.6602,35.7998]]]},"properties":{"ZCTA5CE20":"27605","AFFGEOID20":"860Z200US27605","GEOID20":"27605","NAME20":"27605","LSAD20":"Z5","ALAND20":2651507,"AWATER20":0}},
{"type":"Feature","geometry":{"type":"Polygon","coordinates":[[[-79.5363,34.7661],[-79.5474,34.7574],[-79.567,34.7266],[-79.5734,34.7216],[-79.4616,34.6303],[-79.419,34.6771],[-79.4326,34.6844],[-79.4237,34.706],[-79.3857,34.7239],[-79.3991,34.7446],[-79.37,34.7578],[-79.364,34.7709],[-79.3344,34.7774],[-79.3554,34.8153],[-79.3519,34.8312],[-79.3614,34.8254],[-79.3747,34.8685],[-79.3857,34.8828],[-79.3963,34.8812],[-79.4134,34.8886],[-79.4146,34.8746],[-79.427,34.8628],[-79.4431,34.8719],[-79.4597,34.8913],[-79.4716,34.899],[-79.4711,34.8817],[-79.4855,34.8685],[-79.4789,34.8483],[-79.4657,34.846],[-79.4638,34.8349],[-79.4719,34.8251],[-79.4836,34.8259],[-79.4949,34.8405],[-79.5033,34.8317],[-79.5231,34.8223],[-79.5201,34.8121],[-79.5267,34.7994],[-79.5424,34.791],[-79.5282,34.7823],[-79.5363,34.7661]]]},"properties":{"ZCTA5CE20":"28352","AFFGEOID20":"860Z200US28352","GEOID20":"28352","NAME20":"28352","LSAD20":"Z5","ALAND20":324162230,"AWATER20":1206169}},
{"type":"Feature","geometry":{"type":"Polygon","coordinates":[[[-79.826,35.3756],[-79.8416,35.3673],[-79.8556,35.3513],[-79.8423,35.3445],[-79.8204,35.3246],[-79.7918,35.3051],[-79.7845,35.2958],[-79.7559,35.2987],[-79.7458,35.3289],[-79.7243,35.298],[-79.7103,35.3027],[-79.6663,35.3015],[-79.6544,35.3477],[-79.6609,35.3583],[-79.6926,35.3618],[-79.6922,35.3773],[-79.6772,35.388],[-79.6902,35.3882],[-79.7053,35.3791],[-79.7199,35.3598],[-79.7269,35.3597],[-79.7349,35.387],[-79.7426,35.3911],[-79.7748,35.3839],[-79.7847,35.3765],[-79.8112,35.3788],[-79.826,35.3756]]]},"properties":{"ZCTA5CE20":"27209","AFFGEOID20":"860Z200US27209","GEOID20":"27209","NAME20":"27209","LSAD20":"Z5","ALAND20":120982186,"AWATER20":383907}},
{"type":"Feature","geometry":{"type":"Polygon","coordinates":[[[-76.9394,35.2864],[-76.8959,35.2539],[-76.8465,35.2168],[-76.841,35.2165],[-76.6326,35.2353],[-76.6126,35.2782],[-76.6131,35.2819],[-76.6189,35.3001],[-76.6175,35.3289],[-76.6112,35.3355],[-76.6163,35.3427],[-76.6513,35.34],[-76.6814,35.3497],[-76.6942,35.3626],[-76.7195,35.3751],[-76.738,35.3749],[-76.7691,35.383],[-76.7729,35.391],[-76.8003,35.3908],[-76.8194,35.3994],[-76.821,35.3842],[-76.8307,35.3777],[-76.857,35.3734],[-76.8649,35.3595],[-76.8604,35.3403],[-76.8647,35.3278],[-76.8559,35.3184],[-76.8541,35.2966],[-76.8805,35.296],[-76.882,35.305],[-76.9036,35.32],[-76.9148,35.3116],[-76.9284,35.2889],[-76.9394,35.2864]]]},"properties":{"ZCTA5CE20":"27806","AFFGEOID20":"860Z200US27806","GEOID20":"27806","NAME20":"27806","LSAD20":"Z5","ALAND20":353265711,"AWATER20":90382848}},
{"type":"Feature","geometry":{"type":"Polygon","coordinates":[[[-82.158,34.9555],[-82.1687,34.9449],[-82.1558,34.9317],[-82.1637,34.9108],[-82.1537,34.8973],[-82.1696,34.8889],[-82.1655,34.8762],[-82.1429,34.8707],[-82.1312,34.8606],[-82.1157,34.8623],[-82.1098,34.8634],[-82.0917,34.8817],[-82.0813,34.8728],[-82.0643,34.8914],[-82.065,34.901],[-82.0839,34.9128],[-82.0949,34.9221],[-82.1065,34.92],[-82.1051,34.9393],[-82.1052,34.9395],[-82.1321,34.9421],[-82.1433,34.9556],[-82.158,34.9555]]]},"properties":{"ZCTA5CE20":"29334","AFFGEOID20":"860Z200US29334","GEOID20":"29334","NAME20":"29334","LSAD20":"Z5","ALAND20":59489992,"AWATER20":1566378}},
{"type":"Feature","geometry":{"type":"Polygon","coordinates":[[[-81.0933,33.9561],[-81.0921,33.945],[-81.056,33.9299],[-81.0289,33.9282],[-81.0175,33.9321],[-81.0177,33.9324],[-81.0385,33.9681],[-81.0477,33.9905],[-81.071,33.9836],[-81.0933,33.9561]]]},"properties":{"ZCTA5CE20":"29033","AFFGEOID20":"860Z200US29033","GEOID20":"29033","NAME20":"29033","LSAD20":"Z5","ALAND20":25948395,"AWATER20":877885}},
{"type":"Feature","geometry":{"type":"Polygon","coordinates":[[[-78.8491,33.7497],[-78.8258,33.7343],[-78.8157,33.7414],[-78.7727,33.7685],[-78.7355,33.7886],[-78.7449,33.797],[-78.7772,33.7897],[-78.7941,33.7799],[-78.8191,33.7641],[-78.8491,33.7497]]]},"properties":{"ZCTA5CE20":"29572","AFFGEOID20":"860Z200US29572","GEOID20":"29572","NAME20":"29572","LSAD20":"Z5","ALAND20":23033022,"AWATER20":1045211}},
{"type":"Feature","geometry":{"type":"Polygon","coordinates":[[[-81.595,33.7395],[-81.6111,33.714],[-81.6236,33.7049],[-81.6444,33.7077],[-81.6763,33.7031],[-81.6905,33.6969],[-81.7131,33.6975],[-81.729,33.6767],[-81.7159,33.6553],[-81.7192,33.6423],[-81.6914,33.6071],[-81.6381,33.5821],[-81.6095,33.5815],[-81.5973,33.5702],[-81.5665,33.5559],[-81.5567,33.5558],[-81.5264,33.5647],[-81.5025,33.5665],[-81.5425,33.6019],[-81.5541,33.6176],[-81.5571,33.6391],[-81.5291,33.6412],[-81.5333,33.6539],[-81.5071,33.6853],[-81.5165,33.6916],[-81.5275,33.6946],[-81.5213,33.708],[-81.5339,33.714],[-81.5401,33.7279],[-81.5636,33.7367],[-81.5771,33.7365],[-81.5802,33.7509],[-81.595,33.7395]]]},"properties":{"ZCTA5CE20":"29805","AFFGEOID20":"860Z200US29805","GEOID20":"29805","NAME20":"29805","LSAD20":"Z5","ALAND20":252493726,"AWATER20":1997346}},
{"type":"Feature","geometry":{"type":"Polygon","coordinates":[[[-76.6743,34.7478],[-76.6753,34.7393],[-76.6909,34.7304],[-76.6928,34.7159],[-76.6194,34.7042],[-76.627,34.7194],[-76.6223,34.7283],[-76.6242,34.7465],[-76.6177,34.7531],[-76.6173,34.7879],[-76.6044,34.7899],[-76.5937,34.7717],[-76.5788,34.7729],[-76.5859,34.7567],[-76.5752,34.7397],[-76.5821,34.7313],[-76.5757,34.7217],[-76.5544,34.7252],[-76.5502,34.7528],[-76.5323,34.757],[-76.5327,34.8227],[-76.5202,34.825],[-76.5205,34.851],[-76.5295,34.8657],[-76.5298,34.8816],[-76.5202,34.8916],[-76.5389,34.9041],[-76.5485,34.9327],[-76.5752,34.9557],[-76.5857,34.9771],[-76.6061,34.9848],[-76.6311,34.9887],[-76.6574,34.9825],[-76.6769,34.9688],[-76.6772,34.9577],[-76.6526,34.9376],[-76.6606,34.9156],[-76.683,34.8993],[-76.6918,34.8711],[-76.6891,34.8405],[-76.6914,34.8253],[-76.6866,34.8098],[-76.6858,34.7738],[-76.6712,34.7566],[-76.6743,34.7478]]]},"properties":{"ZCTA5CE20":"28516","AFFGEOID20":"860Z200US28516","GEOID20":"28516","NAME20":"28516","LSAD20":"Z5","ALAND20":325567852,"AWATER20":108060489}},
{"type":"Feature","geometry":{"type":"Polygon","coordinates":[[[-81.4673,35.2456],[-81.4888,35.2445],[-81.4868,35.2273],[-81.5067,35.2204],[-81.5163,35.2325],[-81.5321,35.2181],[-81.5319,35.2029],[-81.5381,35.1786],[-81.5444,35.1717],[-81.4069,35.1665],[-81.4222,35.1893],[-81.4298,35.2091],[-81.4571,35.2227],[-81.4573,35.2358],[-81.4673,35.2456]]]},"properties":{"ZCTA5CE20":"28073","AFFGEOID20":"860Z200US28073","GEOID20":"28073","NAME20":"28073","LSAD20":"Z5","ALAND20":66618918,"AWATER20":135755}},
{"type":"Feature","geometry":{"type":"Polygon","coordinates":[[[-77.4786,34.7181],[-77.4694,34.7261],[-77.4569,34.7243],[-77.4456,34.7337],[-77.457,34.7415],[-77.4674,34.7366],[-77.4786,34.7181]]]},"properties":{"ZCTA5CE20":"28542","AFFGEOID20":"860Z200US28542","GEOID20":"28542","NAME20":"28542","LSAD20":"Z5","ALAND20":4123908,"AWATER20":0}},
{"type":"Feature","geometry":{"type":"Polygon","coordinates":[[[-81.349,36.3591],[-81.3712,36.3594],[-81.3752,36.3441],[-81.37,36.3203],[-81.3616,36.3134],[-81.3543,36.3556],[-81.349,36.3591]]]},"properties":{"ZCTA5CE20":"28629","AFFGEOID20":"860Z200US28629","GEOID20":"28629","NAME20":"28629","LSAD20":"Z5","ALAND20":6658752,"AWATER20":5746}},
{"type":"Feature","geometry":{"type":"Polygon","coordinates":[[[-83.0754,35.4307],[-83.0915,35.428],[-83.1056,35.4139],[-83.0829,35.4023],[-83.0846,35.3731],[-83.0725,35.3682],[-83.0548,35.3682],[-83.0279,35.3831],[-83.0437,35.3944],[-83.0442,35.4147],[-83.0563,35.426],[-83.0754,35.4307]]]},"properties":{"ZCTA5CE20":"28707","AFFGEOID20":"860Z200US28707","GEOID20":"28707","NAME20":"28707","LSAD20":"Z5","ALAND20":28827181,"AWATER20":0}},
{"type":"Feature","geometry":{"type":"Polygon","coordinates":[[[-80.4393,35.6807],[-80.4364,35.6771],[-80.435,35.6829],[-80.4393,35.6807]]]},"properties":{"ZCTA5CE20":"28039","AFFGEOID20":"860Z200US28039","GEOID20":"28039","NAME20":"28039","LSAD20":"Z5","ALAND20":152305,"AWATER20":0}},
{"type":"Feature","geometry":{"type":"Polygon","coordinates":[[[-78.4232,36.4944],[-78.4504,36.5154],[-78.4616,36.5129],[-78.4663,36.481],[-78.458,36.4857],[-78.4356,36.4717],[-78.4232,36.4944]]]},"properties":{"ZCTA5CE20":"27584","AFFGEOID20":"860Z200US27584","GEOID20":"27584","NAME20":"27584","LSAD20":"Z5","ALAND20":11436465,"AWATER20":0}},
{"type":"Feature","geometry":{"type":"Polygon","coordinates":[[[-77.7112,35.928],[-77.7079,35.9215],[-77.6698,35.9184],[-77.6751,35.9256],[-77.7097,35.9326],[-77.7112,35.928]]]},"properties":{"ZCTA5CE20":"27815","AFFGEOID20":"860Z200US27815","GEOID20":"27815","NAME20":"27815","LSAD20":"Z5","ALAND20":3274603,"AWATER20":0}},
{"type":"Feature","geometry":{"type":"Polygon","coordinates":[[[-79.7159,35.1653],[-79.7173,35.1735],[-79.7279,35.1684],[-79.7159,35.1653]]]},"properties":{"ZCTA5CE20":"28367","AFFGEOID20":"860Z200US28367","GEOID20":"28367","NAME20":"28367","LSAD20":"Z5","ALAND20":1443739,"AWATER20":0}},
{"type":"Feature","geometry":{"type":"Polygon","coordinates":[[[-81.4293,32.8888],[-81.4286,32.8762],[-81.3821,32.8743],[-81.371,32.8667],[-81.3696,32.8533],[-81.346,32.8512],[-81.3106,32.866],[-81.2994,32.9011],[-81.2756,32.8922],[-81.2601,32.903],[-81.2423,32.9081],[-81.2374,32.9208],[-81.2193,32.9131],[-81.197,32.931],[-81.2196,32.9477],[-81.2073,32.9604],[-81.0823,33.0266],[-81.1012,33.0491],[-81.1244,33.0532],[-81.1435,33.0717],[-81.1544,33.0612],[-81.1712,33.0654],[-81.2163,33.0576],[-81.2341,33.0637],[-81.2561,33.0565],[-81.2522,33.0277],[-81.2656,33.0179],[-81.2512,32.9981],[-81.2698,32.9824],[-81.2948,32.9993],[-81.3055,32.994],[-81.3014,32.9736],[-81.3252,32.979],[-81.3358,32.9535],[-81.3293,32.9417],[-81.3577,32.9264],[-81.3547,32.9071],[-81.3641,32.8905],[-81.3822,32.892],[-81.3938,32.8985],[-81.4015,32.8892],[-81.4144,32.8949],[-81.4293,32.8888]]]},"properties":{"ZCTA5CE20":"29827","AFFGEOID20":"860Z200US29827","GEOID20":"29827","NAME20":"29827","LSAD20":"Z5","ALAND20":270753636,"AWATER20":1078776}},
{"type":"Feature","geometry":{"type":"Polygon","coordinates":[[[-79.9607,33.4948],[-79.9609,33.4944],[-79.9154,33.4642],[-79.9102,33.4557],[-79.8941,33.4537],[-79.8675,33.4337],[-79.8455,33.4254],[-79.7989,33.4212],[-79.7847,33.4225],[-79.7637,33.4358],[-79.7485,33.4348],[-79.7468,33.4566],[-79.7513,33.4636],[-79.7772,33.4545],[-79.7979,33.4618],[-79.7806,33.4887],[-79.8088,33.4896],[-79.8381,33.4955],[-79.8293,33.5124],[-79.8622,33.5201],[-79.8622,33.5395],[-79.8698,33.5512],[-79.8841,33.5569],[-79.8948,33.5535],[-79.8948,33.525],[-79.9323,33.5015],[-79.9501,33.5176],[-79.9607,33.4948]]]},"properties":{"ZCTA5CE20":"29564","AFFGEOID20":"860Z200US29564","GEOID20":"29564","NAME20":"29564","LSAD20":"Z5","ALAND20":133148993,"AWATER20":782859}},
{"type":"Feature","geometry":{"type":"Polygon","coordinates":[[[-80.5123,33.058],[-80.5053,33.0482],[-80.5058,33.0204],[-80.5234,33.0176],[-80.5289,33.0034],[-80.5455,32.9798],[-80.5278,32.9792],[-80.529,32.959],[-80.5212,32.9461],[-80.5262,32.9363],[-80.5186,32.9143],[-80.5089,32.9229],[-80.4881,32.9138],[-80.4618,32.892],[-80.4581,32.8817],[-80.4707,32.8755],[-80.4751,32.8607],[-80.4892,32.8411],[-80.4648,32.8233],[-80.404,32.8586],[-80.4035,32.8804],[-80.4081,32.9131],[-80.4277,32.9188],[-80.4208,32.9453],[-80.4305,32.9745],[-80.4432,32.9868],[-80.433,33.0084],[-80.4334,33.0216],[-80.4187,33.0311],[-80.4304,33.0385],[-80.419,33.052],[-80.4408,33.0533],[-80.4557,33.0613],[-80.4748,33.0644],[-80.5064,33.0588],[-80.5123,33.058]]]},"properties":{"ZCTA5CE20":"29435","AFFGEOID20":"860Z200US29435","GEOID20":"29435","NAME20":"29435","LSAD20":"Z5","ALAND20":194892088,"AWATER20":53810}},
{"type":"Feature","geometry":{"type":"Polygon","coordinates":[[[-82.4239,34.8287],[-82.4316,34.8143],[-82.4258,34.7887],[-82.4123,34.7836],[-82.4045,34.7561],[-82.3932,34.7475],[-82.3868,34.7272],[-82.3666,34.7332],[-82.3521,34.7193],[-82.3292,34.7325],[-82.3262,34.7206],[-82.3253,34.7288],[-82.3228,34.7355],[-82.3619,34.7895],[-82.3789,34.827],[-82.4041,34.8389],[-82.4239,34.8287]]]},"properties":{"ZCTA5CE20":"29605","AFFGEOID20":"860Z200US29605","GEOID20":"29605","NAME20":"29605","LSAD20":"Z5","ALAND20":64310478,"AWATER20":377637}},
{"type":"Feature","geometry":{"type":"Polygon","coordinates":[[[-81.8945,33.5051],[-81.8807,33.5006],[-81.8682,33.5088],[-81.8627,33.5018],[-81.8701,33.4969],[-81.86,33.4817],[-81.8384,33.4813],[-81.8195,33.473],[-81.8085,33.4767],[-81.7907,33.4673],[-81.7677,33.5304],[-81.7852,33.536],[-81.7895,33.5595],[-81.8158,33.5531],[-81.8692,33.5108],[-81.8945,33.5051]],[[-81.8383,33.5192],[-81.8432,33.5138],[-81.847,33.5179],[-81.8376,33.5226],[-81.8282,33.5313],[-81.8163,33.5233],[-81.83,33.5156],[-81.8383,33.5192]]]},"properties":{"ZCTA5CE20":"29851","AFFGEOID20":"860Z200US29851","GEOID20":"29851","NAME20":"29851","LSAD20":"Z5","ALAND20":57087154,"AWATER20":1676390}},
{"type":"Feature","geometry":{"type":"Polygon","coordinates":[[[-80.2111,33.1882],[-80.2179,33.1813],[-80.1916,33.1627],[-80.1814,33.1444],[-80.2023,33.1212],[-80.2212,33.1051],[-80.2395,33.0985],[-80.2072,33.0821],[-80.1679,33.0563],[-80.1283,33.021],[-80.1118,33.0328],[-80.096,33.0357],[-80.0851,33.0258],[-80.0743,33.0416],[-80.0512,33.0328],[-80.0452,33.059],[-80.0571,33.0635],[-80.0733,33.0596],[-80.0934,33.0635],[-80.1058,33.0785],[-80.0982,33.1014],[-80.1074,33.1073],[-80.0824,33.1313],[-80.0781,33.1456],[-80.0897,33.1579],[-80.1555,33.1392],[-80.1753,33.1508],[-80.1622,33.1774],[-80.1638,33.1877],[-80.1463,33.2074],[-80.1722,33.2285],[-80.2111,33.1882]]]},"properties":{"ZCTA5CE20":"29486","AFFGEOID20":"860Z200US29486","GEOID20":"29486","NAME20":"29486","LSAD20":"Z5","ALAND20":161383241,"AWATER20":40424}},
{"type":"Feature","geometry":{"type":"Polygon","coordinates":[[[-80.2741,32.7595],[-80.3405,32.7271],[-80.3535,32.7146],[-80.3714,32.7294],[-80.3784,32.7295],[-80.3778,32.7023],[-80.4182,32.6785],[-80.4203,32.6696],[-80.4033,32.6516],[-80.3894,32.6528],[-80.3735,32.6573],[-80.3693,32.6481],[-80.2858,32.6223],[-80.2712,32.6251],[-80.2658,32.6448],[-80.2406,32.6576],[-80.2395,32.68],[-80.2241,32.6849],[-80.1906,32.7092],[-80.1716,32.7079],[-80.1643,32.7201],[-80.172,32.7345],[-80.1629,32.7479],[-80.1406,32.7471],[-80.1314,32.7606],[-80.1304,32.7866],[-80.1879,32.7706],[-80.1907,32.7575],[-80.2219,32.7554],[-80.2381,32.7598],[-80.2598,32.7548],[-80.2741,32.7595]]]},"properties":{"ZCTA5CE20":"29449","AFFGEOID20":"860Z200US29449","GEOID20":"29449","NAME20":"29449","LSAD20":"Z5","ALAND20":195352116,"AWATER20":25624526}},
{"type":"Feature","geometry":{"type":"Polygon","coordinates":[[[-81.6095,35.1743],[-81.612,35.1486],[-81.5834,35.1197],[-81.5764,35.1177],[-81.5726,35.0853],[-81.5477,35.0644],[-81.5137,35.0445],[-81.4984,35.0421],[-81.4883,35.0269],[-81.488,35.0303],[-81.4699,35.0563],[-81.4546,35.0728],[-81.4369,35.0739],[-81.4148,35.0659],[-81.4025,35.0694],[-81.3881,35.0652],[-81.388,35.0792],[-81.3764,35.0829],[-81.3486,35.0807],[-81.3484,35.1237],[-81.3564,35.135],[-81.3868,35.1404],[-81.3882,35.1481],[-81.3666,35.1649],[-81.4069,35.1665],[-81.5444,35.1717],[-81.6095,35.1743]]]},"properties":{"ZCTA5CE20":"29702","AFFGEOID20":"860Z200US29702","GEOID20":"29702","NAME20":"29702","LSAD20":"Z5","ALAND20":241887478,"AWATER20":2748779}},
{"type":"Feature","geometry":{"type":"Polygon","coordinates":[[[-82.0014,34.813],[-81.9951,34.7945],[-81.9725,34.7825],[-81.9658,34.762],[-81.9748,34.7536],[-81.9548,34.7473],[-81.9514,34.7318],[-81.9389,34.7315],[-81.9259,34.7427],[-81.9101,34.7425],[-81.9234,34.7512],[-81.901,34.7685],[-81.9165,34.8021],[-81.9034,34.8121],[-81.9121,34.827],[-81.9048,34.8414],[-81.9429,34.8497],[-81.9328,34.862],[-81.9483,34.8647],[-81.9455,34.8792],[-81.9346,34.901],[-81.9509,34.9137],[-81.969,34.9171],[-81.97,34.9098],[-81.9598,34.9036],[-81.979,34.8812],[-81.9819,34.8606],[-81.9875,34.8538],[-81.974,34.8387],[-81.9888,34.832],[-82.0014,34.813]]]},"properties":{"ZCTA5CE20":"29376","AFFGEOID20":"860Z200US29376","GEOID20":"29376","NAME20":"29376","LSAD20":"Z5","ALAND20":99882606,"AWATER20":1167298}},
{"type":"Feature","geometry":{"type":"Polygon","coordinates":[[[-80.3748,33.4395],[-80.3816,33.4035],[-80.3774,33.3933],[-80.3641,33.3773],[-80.3319,33.3532],[-80.3126,33.3506],[-80.3055,33.3369],[-80.2858,33.3189],[-80.2923,33.2962],[-80.2526,33.3063],[-80.27,33.3118],[-80.267,33.3294],[-80.2523,33.3395],[-80.252,33.378],[-80.2417,33.3776],[-80.2385,33.3912],[-80.2226,33.3913],[-80.2252,33.4093],[-80.2223,33.4437],[-80.2488,33.4503],[-80.2679,33.4379],[-80.2767,33.4469],[-80.3034,33.4402],[-80.3236,33.4312],[-80.3545,33.4304],[-80.3748,33.4395]]]},"properties":{"ZCTA5CE20":"29048","AFFGEOID20":"860Z200US29048","GEOID20":"29048","NAME20":"29048","LSAD20":"Z5","ALAND20":116088451,"AWATER20":25923716}},
{"type":"Feature","geometry":{"type":"Polygon","coordinates":[[[-83.657,35.4269],[-83.6789,35.4167],[-83.6732,35.4073],[-83.6798,35.3823],[-83.6606,35.3765],[-83.6514,35.337],[-83.6213,35.3451],[-83.6136,35.3573],[-83.5931,35.3772],[-83.586,35.4024],[-83.5858,35.4348],[-83.6101,35.427],[-83.6187,35.4361],[-83.6429,35.4435],[-83.6549,35.4281],[-83.657,35.4269]]]},"properties":{"ZCTA5CE20":"28702","AFFGEOID20":"860Z200US28702","GEOID20":"28702","NAME20":"28702","LSAD20":"Z5","ALAND20":63240802,"AWATER20":5446615}},
{"type":"Feature","geometry":{"type":"Polygon","coordinates":[[[-79.6199,36.0592],[-79.6196,36.0672],[-79.616,36.0714],[-79.6216,36.0745],[-79.6215,36.059],[-79.6199,36.0592]]]},"properties":{"ZCTA5CE20":"27342","AFFGEOID20":"860Z200US27342","GEOID20":"27342","NAME20":"27342","LSAD20":"Z5","ALAND20":571592,"AWATER20":0}},
{"type":"Feature","geometry":{"type":"Polygon","coordinates":[[[-77.1891,36.5221],[-77.1971,36.5196],[-77.1893,36.5143],[-77.1891,36.5221]]]},"properties":{"ZCTA5CE20":"27877","AFFGEOID20":"860Z200US27877","GEOID20":"27877","NAME20":"27877","LSAD20":"Z5","ALAND20":504179,"AWATER20":0}},
{"type":"Feature","geometry":{"type":"Polygon","coordinates":[[[-76.1517,36.5505],[-76.1475,36.5349],[-76.1316,36.5374],[-76.104,36.532],[-76.0947,36.5181],[-76.0762,36.5126],[-76.0723,36.5039],[-76.0401,36.5046],[-76.0264,36.5165],[-76.0307,36.5388],[-76.0026,36.5371],[-75.9862,36.5257],[-75.981,36.5113],[-75.9891,36.4951],[-75.9355,36.4906],[-75.9273,36.4828],[-75.9015,36.4829],[-75.8947,36.5],[-75.9071,36.512],[-75.9069,36.5507],[-76.1223,36.5505],[-76.1517,36.5505]]]},"properties":{"ZCTA5CE20":"27950","AFFGEOID20":"860Z200US27950","GEOID20":"27950","NAME20":"27950","LSAD20":"Z5","ALAND20":76969988,"AWATER20":57335200}},
{"type":"Feature","geometry":{"type":"Polygon","coordinates":[[[-82.4964,35.3757],[-82.496,35.3741],[-82.4946,35.3747],[-82.4964,35.3757]]]},"properties":{"ZCTA5CE20":"28758","AFFGEOID20":"860Z200US28758","GEOID20":"28758","NAME20":"28758","LSAD20":"Z5","ALAND20":14087,"AWATER20":0}},
{"type":"Feature","geometry":{"type":"Polygon","coordinates":[[[-76.8088,35.1454],[-76.8082,35.1444],[-76.805,35.1451],[-76.8088,35.1454]]]},"properties":{"ZCTA5CE20":"28509","AFFGEOID20":"860Z200US28509","GEOID20":"28509","NAME20":"28509","LSAD20":"Z5","ALAND20":30587,"AWATER20":0}},
{"type":"Feature","geometry":{"type":"Polygon","coordinates":[[[-78.0471,36.1824],[-78.0729,36.1574],[-78.1238,36.1651],[-78.1296,36.1601],[-78.1343,36.1334],[-78.1513,36.1297],[-78.1558,36.1092],[-78.1466,36.0955],[-78.1412,36.0603],[-78.1297,36.0572],[-78.1294,36.0393],[-78.1173,36.0375],[-78.1006,36.0499],[-78.0643,36.0226],[-78.0588,36.0423],[-78.0469,36.0416],[-78.0315,36.0594],[-78.003,36.0605],[-78.003,36.0831],[-77.9958,36.0883],[-78.0101,36.1151],[-78.0226,36.1295],[-78.0012,36.1292],[-78.0069,36.168],[-78.0107,36.1962],[-78.0294,36.1836],[-78.0471,36.1824]]]},"properties":{"ZCTA5CE20":"27816","AFFGEOID20":"860Z200US27816","GEOID20":"27816","NAME20":"27816","LSAD20":"Z5","ALAND20":168401389,"AWATER20":660788}},
{"type":"Feature","geometry":{"type":"Polygon","coordinates":[[[-79.4371,35.2396],[-79.4594,35.2204],[-79.475,35.2249],[-79.4771,35.2105],[-79.4861,35.2051],[-79.5046,35.2117],[-79.5261,35.2103],[-79.5282,35.1993],[-79.5081,35.189],[-79.496,35.1638],[-79.4785,35.1717],[-79.4665,35.1668],[-79.4651,35.1566],[-79.4289,35.1578],[-79.4254,35.1716],[-79.437,35.1844],[-79.4184,35.2101],[-79.3964,35.2213],[-79.4068,35.2322],[-79.428,35.2424],[-79.4371,35.2396]]]},"properties":{"ZCTA5CE20":"28374","AFFGEOID20":"860Z200US28374","GEOID20":"28374","NAME20":"28374","LSAD20":"Z5","ALAND20":54480016,"AWATER20":1823293}},
{"type":"Feature","geometry":{"type":"Polygon","coordinates":[[[-81.3458,34.2996],[-81.3423,34.2669],[-81.3284,34.257],[-81.3211,34.2437],[-81.3169,34.2395],[-81.3067,34.2377],[-81.2928,34.2477],[-81.2667,34.2581],[-81.2439,34.2738],[-81.2481,34.2842],[-81.2503,34.3135],[-81.2604,34.3219],[-81.2561,34.3339],[-81.2574,34.3514],[-81.284,34.35],[-81.2947,34.3655],[-81.311,34.3525],[-81.2943,34.3388],[-81.2889,34.3286],[-81.3033,34.3193],[-81.3339,34.3095],[-81.3458,34.2996]]]},"properties":{"ZCTA5CE20":"29065","AFFGEOID20":"860Z200US29065","GEOID20":"29065","NAME20":"29065","LSAD20":"Z5","ALAND20":66738508,"AWATER20":10154014}},
{"type":"Feature","geometry":{"type":"Polygon","coordinates":[[[-77.8126,34.2183],[-77.8266,34.1916],[-77.8129,34.1846],[-77.7714,34.2376],[-77.7868,34.2462],[-77.8126,34.2183]]]},"properties":{"ZCTA5CE20":"28480","AFFGEOID20":"860Z200US28480","GEOID20":"28480","NAME20":"28480","LSAD20":"Z5","ALAND20":10097783,"AWATER20":3904428}},
{"type":"Feature","geometry":{"type":"Polygon","coordinates":[[[-78.4868,35.9059],[-78.471,35.8994],[-78.4573,35.9073],[-78.4365,35.9289],[-78.4571,35.9387],[-78.4789,35.9324],[-78.4868,35.9059]]]},"properties":{"ZCTA5CE20":"27571","AFFGEOID20":"860Z200US27571","GEOID20":"27571","NAME20":"27571","LSAD20":"Z5","ALAND20":12613128,"AWATER20":83670}},
{"type":"Feature","geometry":{"type":"Polygon","coordinates":[[[-78.8263,34.8507],[-78.855,34.845],[-78.8541,34.8313],[-78.8364,34.8133],[-78.8259,34.7952],[-78.835,34.7786],[-78.8353,34.7482],[-78.853,34.7342],[-78.8304,34.7139],[-78.8219,34.7097],[-78.8058,34.6896],[-78.8064,34.6751],[-78.7852,34.6786],[-78.7632,34.6551],[-78.7484,34.6631],[-78.731,34.6599],[-78.7356,34.671],[-78.7409,34.6875],[-78.7133,34.7093],[-78.7402,34.7155],[-78.7533,34.7279],[-78.7891,34.7474],[-78.7956,34.7595],[-78.7982,34.7847],[-78.8208,34.8141],[-78.8263,34.8507]]]},"properties":{"ZCTA5CE20":"28392","AFFGEOID20":"860Z200US28392","GEOID20":"28392","NAME20":"28392","LSAD20":"Z5","ALAND20":96937417,"AWATER20":1244660}},
{"type":"Feature","geometry":{"type":"Polygon","coordinates":[[[-82.541,35.5999],[-82.544,35.5841],[-82.4925,35.5696],[-82.4759,35.5678],[-82.4522,35.5564],[-82.4501,35.5571],[-82.4638,35.5795],[-82.4472,35.5876],[-82.4541,35.604],[-82.4529,35.6151],[-82.4383,35.6286],[-82.4275,35.6523],[-82.4241,35.6754],[-82.4435,35.6722],[-82.4534,35.6541],[-82.4652,35.6674],[-82.485,35.6583],[-82.5005,35.6264],[-82.5106,35.6168],[-82.5266,35.6244],[-82.541,35.5999]]]},"properties":{"ZCTA5CE20":"28805","AFFGEOID20":"860Z200US28805","GEOID20":"28805","NAME20":"28805","LSAD20":"Z5","ALAND20":68610275,"AWATER20":40781}},
{"type":"Feature","geometry":{"type":"Polygon","coordinates":[[[-77.1704,34.7256],[-77.167,34.6981],[-77.1798,34.6993],[-77.1533,34.6682],[-77.1378,34.6703],[-77.135,34.68],[-77.1171,34.687],[-77.1092,34.6775],[-77.0927,34.6729],[-77.0482,34.6839],[-77.0422,34.6897],[-77.0484,34.7193],[-77.0443,34.731],[-77.0589,34.7343],[-77.0609,34.759],[-77.0567,34.7853],[-77.0692,34.7934],[-77.0798,34.81],[-77.0905,34.7995],[-77.1074,34.8031],[-77.1296,34.7902],[-77.1014,34.7763],[-77.1132,34.752],[-77.1254,34.7463],[-77.1227,34.7353],[-77.1565,34.7211],[-77.1704,34.7256]]]},"properties":{"ZCTA5CE20":"28584","AFFGEOID20":"860Z200US28584","GEOID20":"28584","NAME20":"28584","LSAD20":"Z5","ALAND20":87846665,"AWATER20":20284763}},
{"type":"Feature","geometry":{"type":"Polygon","coordinates":[[[-78.2313,35.043],[-78.2283,35.022],[-78.2345,34.9846],[-78.2115,34.933],[-78.2076,34.9124],[-78.214,34.8901],[-78.1942,34.8908],[-78.1472,34.9024],[-78.1567,35.0351],[-78.1515,35.0439],[-78.1701,35.0543],[-78.1854,35.0687],[-78.2089,35.0727],[-78.2313,35.043]]]},"properties":{"ZCTA5CE20":"28393","AFFGEOID20":"860Z200US28393","GEOID20":"28393","NAME20":"28393","LSAD20":"Z5","ALAND20":121403372,"AWATER20":289448}},
{"type":"Feature","geometry":{"type":"Polygon","coordinates":[[[-79.8077,36.0795],[-79.8069,36.0734],[-79.8066,36.0734],[-79.7994,36.0642],[-79.7674,36.0635],[-79.7693,36.0464],[-79.7392,36.0533],[-79.7334,36.0719],[-79.7404,36.0837],[-79.7576,36.0764],[-79.7686,36.0786],[-79.7704,36.0729],[-79.774,36.0726],[-79.7736,36.0804],[-79.7858,36.0818],[-79.7887,36.0931],[-79.8077,36.0795]]]},"properties":{"ZCTA5CE20":"27401","AFFGEOID20":"860Z200US27401","GEOID20":"27401","NAME20":"27401","LSAD20":"Z5","ALAND20":15004469,"AWATER20":51986}},
{"type":"Feature","geometry":{"type":"Polygon","coordinates":[[[-82.2413,33.7357],[-82.2346,33.7002],[-82.225,33.6909],[-82.1981,33.6994],[-82.179,33.6974],[-82.1684,33.6785],[-82.1539,33.6859],[-82.1493,33.7057],[-82.1199,33.719],[-82.1012,33.7442],[-82.1101,33.7707],[-82.1211,33.785],[-82.1445,33.7948],[-82.1568,33.7879],[-82.1729,33.7644],[-82.1656,33.7546],[-82.1817,33.7416],[-82.1983,33.748],[-82.2413,33.7357]]]},"properties":{"ZCTA5CE20":"29838","AFFGEOID20":"860Z200US29838","GEOID20":"29838","NAME20":"29838","LSAD20":"Z5","ALAND20":75444590,"AWATER20":8615207}},
{"type":"Feature","geometry":{"type":"Polygon","coordinates":[[[-81.1271,33.9992],[-81.1346,33.9734],[-81.1442,33.9708],[-81.1686,33.9749],[-81.1785,33.9675],[-81.1777,33.9552],[-81.1872,33.9415],[-81.1775,33.9156],[-81.1802,33.8866],[-81.1608,33.8801],[-81.139,33.8916],[-81.1463,33.8979],[-81.1249,33.92],[-81.0921,33.945],[-81.0933,33.9561],[-81.1068,33.9789],[-81.1271,33.9992]]]},"properties":{"ZCTA5CE20":"29170","AFFGEOID20":"860Z200US29170","GEOID20":"29170","NAME20":"29170","LSAD20":"Z5","ALAND20":63329793,"AWATER20":908563}},
{"type":"Feature","geometry":{"type":"Polygon","coordinates":[[[-80.1228,32.9018],[-80.1324,32.9001],[-80.1375,32.9076],[-80.1493,32.9104],[-80.1816,32.896],[-80.2066,32.8692],[-80.183,32.8462],[-80.1617,32.841],[-80.155,32.8257],[-80.1421,32.8309],[-80.1272,32.827],[-80.1207,32.8119],[-80.1093,32.81],[-80.0951,32.7956],[-80.0986,32.7871],[-80.0706,32.7709],[-80.0538,32.7787],[-80.0353,32.7719],[-80.0318,32.7901],[-80.0371,32.8072],[-80.025,32.8351],[-80.0406,32.8478],[-80.0503,32.8475],[-80.0644,32.8702],[-80.0807,32.8749],[-80.0992,32.8909],[-80.1124,32.8918],[-80.1228,32.9018]]]},"properties":{"ZCTA5CE20":"29414","AFFGEOID20":"860Z200US29414","GEOID20":"29414","NAME20":"29414","LSAD20":"Z5","ALAND20":126878025,"AWATER20":3554009}},
{"type":"Feature","geometry":{"type":"Polygon","coordinates":[[[-82.0753,34.988],[-82.0504,34.9709],[-82.0531,34.9611],[-82.0181,34.9648],[-81.9866,34.9737],[-81.9749,34.9804],[-81.9626,34.9664],[-81.9372,34.953],[-81.9341,34.9555],[-81.9204,34.9625],[-81.9149,34.9651],[-81.9151,34.9734],[-81.896,34.9923],[-81.8977,35.036],[-81.9351,35.0451],[-81.9422,35.0351],[-81.942,35.0194],[-81.9579,35.0126],[-81.9756,35.0126],[-81.9926,34.9974],[-82.0073,35.0022],[-82.0281,35.0181],[-82.0466,35.0156],[-82.0357,35.0041],[-82.0753,34.988]]]},"properties":{"ZCTA5CE20":"29303","AFFGEOID20":"860Z200US29303","GEOID20":"29303","NAME20":"29303","LSAD20":"Z5","ALAND20":84006712,"AWATER20":272202}},
{"type":"Feature","geometry":{"type":"Polygon","coordinates":[[[-80.9372,33.1026],[-80.9566,33.1049],[-80.9562,33.0925],[-81.0312,33.0535],[-81.0322,33.046],[-81.0004,33.0505],[-81.0055,33.0269],[-80.9769,33.0285],[-80.9754,33.0192],[-80.9428,33.023],[-80.9026,32.9837],[-80.9032,32.9772],[-80.8802,32.9609],[-80.8771,32.9509],[-80.872,32.9619],[-80.8763,32.9809],[-80.8667,33.0022],[-80.8838,33.0305],[-80.8954,33.041],[-80.906,33.0602],[-80.9271,33.0858],[-80.9372,33.1026]]]},"properties":{"ZCTA5CE20":"29082","AFFGEOID20":"860Z200US29082","GEOID20":"29082","NAME20":"29082","LSAD20":"Z5","ALAND20":97637162,"AWATER20":56079}},
{"type":"Feature","geometry":{"type":"Polygon","coordinates":[[[-80.5617,34.8175],[-80.5585,34.8015],[-80.5445,34.784],[-80.533,34.7822],[-80.5298,34.7711],[-80.5162,34.7589],[-80.4898,34.7202],[-80.4857,34.7176],[-80.4635,34.7293],[-80.4507,34.7253],[-80.4449,34.701],[-80.4335,34.7046],[-80.4309,34.7233],[-80.4179,34.7308],[-80.4099,34.7155],[-80.392,34.7185],[-80.3851,34.7032],[-80.3698,34.709],[-80.3412,34.704],[-80.325,34.6824],[-80.308,34.685],[-80.3241,34.7008],[-80.3149,34.7189],[-80.299,34.7226],[-80.2975,34.7364],[-80.3117,34.7525],[-80.2966,34.7768],[-80.2784,34.789],[-80.2501,34.7969],[-80.2452,34.8131],[-80.3208,34.8141],[-80.4137,34.8154],[-80.5617,34.8175]]]},"properties":{"ZCTA5CE20":"29728","AFFGEOID20":"860Z200US29728","GEOID20":"29728","NAME20":"29728","LSAD20":"Z5","ALAND20":246406106,"AWATER20":898037}},
{"type":"Feature","geometry":{"type":"Polygon","coordinates":[[[-79.9627,32.891],[-79.9646,32.8816],[-79.9552,32.8588],[-79.9316,32.8497],[-79.9304,32.8264],[-79.9113,32.8193],[-79.8963,32.8312],[-79.8985,32.8552],[-79.8829,32.8685],[-79.8551,32.8739],[-79.8493,32.8824],[-79.8364,32.9196],[-79.8259,32.9187],[-79.8022,32.9299],[-79.7831,32.9432],[-79.7747,32.9416],[-79.7634,32.9564],[-79.7693,32.9685],[-79.7683,32.9916],[-79.7842,32.9864],[-79.8128,32.9687],[-79.842,32.9597],[-79.8563,32.9606],[-79.8536,32.9756],[-79.8835,32.981],[-79.9121,32.9742],[-79.929,32.9526],[-79.9275,32.941],[-79.9371,32.9283],[-79.9293,32.9145],[-79.9488,32.9081],[-79.9627,32.891]]]},"properties":{"ZCTA5CE20":"29492","AFFGEOID20":"860Z200US29492","GEOID20":"29492","NAME20":"29492","LSAD20":"Z5","ALAND20":136687566,"AWATER20":25177080}},
{"type":"Feature","geometry":{"type":"Polygon","coordinates":[[[-81.1829,36.4074],[-81.1787,36.3972],[-81.1619,36.3905],[-81.1453,36.3736],[-81.1766,36.3572],[-81.1883,36.3559],[-81.1862,36.3307],[-81.1596,36.3128],[-81.1498,36.2898],[-81.1532,36.2745],[-81.1621,36.2696],[-81.1462,36.2442],[-81.1289,36.2337],[-81.1156,36.232],[-81.0991,36.2382],[-81.0611,36.2699],[-81.0572,36.2738],[-81.0667,36.279],[-81.0756,36.2991],[-81.0889,36.3118],[-81.0971,36.3277],[-81.0966,36.3407],[-81.1059,36.3535],[-81.0959,36.3631],[-81.1072,36.3698],[-81.0874,36.4022],[-81.0945,36.4399],[-81.1128,36.4294],[-81.1284,36.4259],[-81.1328,36.4153],[-81.1477,36.4192],[-81.163,36.4325],[-81.1829,36.4074]]]},"properties":{"ZCTA5CE20":"28635","AFFGEOID20":"860Z200US28635","GEOID20":"28635","NAME20":"28635","LSAD20":"Z5","ALAND20":146988450,"AWATER20":0}},
{"type":"Feature","geometry":{"type":"Polygon","coordinates":[[[-77.3871,34.744],[-77.417,34.7485],[-77.4325,34.7386],[-77.4215,34.7186],[-77.4116,34.7093],[-77.4023,34.7209],[-77.3599,34.7281],[-77.3538,34.7345],[-77.3871,34.744]]]},"properties":{"ZCTA5CE20":"28543","AFFGEOID20":"860Z200US28543","GEOID20":"28543","NAME20":"28543","LSAD20":"Z5","ALAND20":11855913,"AWATER20":3942767}},
{"type":"Feature","geometry":{"type":"Polygon","coordinates":[[[-80.5194,33.6101],[-80.5726,33.5989],[-80.5959,33.5881],[-80.6262,33.5945],[-80.6323,33.5863],[-80.6331,33.5687],[-80.6515,33.5415],[-80.6646,33.5311],[-80.6574,33.5144],[-80.6646,33.5043],[-80.6408,33.4767],[-80.6275,33.4812],[-80.6113,33.4704],[-80.6181,33.4587],[-80.5688,33.4553],[-80.5575,33.4634],[-80.5262,33.4625],[-80.5357,33.48],[-80.5179,33.4936],[-80.5327,33.497],[-80.5474,33.5075],[-80.529,33.517],[-80.5175,33.5177],[-80.5033,33.5358],[-80.5056,33.5526],[-80.4963,33.5585],[-80.5152,33.5747],[-80.5033,33.5916],[-80.5204,33.5982],[-80.5194,33.6101]]]},"properties":{"ZCTA5CE20":"29047","AFFGEOID20":"860Z200US29047","GEOID20":"29047","NAME20":"29047","LSAD20":"Z5","ALAND20":166397883,"AWATER20":12340212}},
{"type":"Feature","geometry":{"type":"Polygon","coordinates":[[[-81.3378,33.1082],[-81.3287,33.0823],[-81.3028,33.0907],[-81.2561,33.0565],[-81.2341,33.0637],[-81.2163,33.0576],[-81.1712,33.0654],[-81.1544,33.0612],[-81.1435,33.0717],[-81.1465,33.0778],[-81.2064,33.1296],[-81.2115,33.1435],[-81.2258,33.1604],[-81.2487,33.1664],[-81.2587,33.1578],[-81.2727,33.1361],[-81.273,33.1206],[-81.2837,33.1086],[-81.3378,33.1082]]]},"properties":{"ZCTA5CE20":"29849","AFFGEOID20":"860Z200US29849","GEOID20":"29849","NAME20":"29849","LSAD20":"Z5","ALAND20":106498999,"AWATER20":533087}},
{"type":"Feature","geometry":{"type":"Polygon","coordinates":[[[-77.4632,34.6351],[-77.477,34.6114],[-77.4717,34.5954],[-77.4631,34.5927],[-77.45,34.562],[-77.4362,34.5732],[-77.4266,34.5648],[-77.4013,34.5801],[-77.3645,34.5661],[-77.3373,34.5376],[-77.3354,34.5313],[-77.307,34.5451],[-77.2337,34.593],[-77.2425,34.5986],[-77.2497,34.5923],[-77.2652,34.6012],[-77.2788,34.5824],[-77.2979,34.6316],[-77.3244,34.6721],[-77.3442,34.7226],[-77.3538,34.7345],[-77.3599,34.7281],[-77.4023,34.7209],[-77.4116,34.7093],[-77.4066,34.6723],[-77.4166,34.664],[-77.4402,34.6614],[-77.4416,34.6546],[-77.4632,34.6351]]]},"properties":{"ZCTA5CE20":"28547","AFFGEOID20":"860Z200US28547","GEOID20":"28547","NAME20":"28547","LSAD20":"Z5","ALAND20":186982990,"AWATER20":87044114}},
{"type":"Feature","geometry":{"type":"Polygon","coordinates":[[[-76.4777,36.2172],[-76.4697,36.2169],[-76.4719,36.2226],[-76.4777,36.2172]]]},"properties":{"ZCTA5CE20":"27985","AFFGEOID20":"860Z200US27985","GEOID20":"27985","NAME20":"27985","LSAD20":"Z5","ALAND20":680394,"AWATER20":0}},
{"type":"Feature","geometry":{"type":"Polygon","coordinates":[[[-78.8675,35.245],[-78.8804,35.2304],[-78.9054,35.227],[-78.9349,35.2185],[-78.9108,35.1969],[-78.9019,35.1614],[-78.9233,35.1546],[-78.9108,35.1362],[-78.9447,35.1187],[-78.942,35.1061],[-78.9287,35.1018],[-78.9242,35.089],[-78.9145,35.0986],[-78.8785,35.1052],[-78.8579,35.1017],[-78.8598,35.1263],[-78.8519,35.1414],[-78.83,35.1664],[-78.836,35.1806],[-78.8541,35.1824],[-78.8497,35.194],[-78.8496,35.2307],[-78.8356,35.2404],[-78.8409,35.2528],[-78.8675,35.245]]]},"properties":{"ZCTA5CE20":"28311","AFFGEOID20":"860Z200US28311","GEOID20":"28311","NAME20":"28311","LSAD20":"Z5","ALAND20":94603024,"AWATER20":1281774}},
{"type":"Feature","geometry":{"type":"Polygon","coordinates":[[[-80.8113,35.6924],[-80.8248,35.6943],[-80.8412,35.7105],[-80.855,35.711],[-80.858,35.7256],[-80.8744,35.7343],[-80.8969,35.7112],[-80.9192,35.7037],[-80.9398,35.6566],[-80.9331,35.65],[-80.9438,35.6375],[-80.9286,35.6239],[-80.9092,35.6542],[-80.8865,35.6568],[-80.8799,35.6457],[-80.8641,35.6401],[-80.8441,35.6622],[-80.8205,35.6527],[-80.7978,35.6685],[-80.8113,35.6924]]]},"properties":{"ZCTA5CE20":"28166","AFFGEOID20":"860Z200US28166","GEOID20":"28166","NAME20":"28166","LSAD20":"Z5","ALAND20":75090792,"AWATER20":3833152}},
{"type":"Feature","geometry":{"type":"Polygon","coordinates":[[[-80.2476,32.8961],[-80.2733,32.9013],[-80.2775,32.8807],[-80.3116,32.8747],[-80.3257,32.8675],[-80.3164,32.8587],[-80.3207,32.8316],[-80.3131,32.8068],[-80.3129,32.7883],[-80.2982,32.7837],[-80.2984,32.7582],[-80.2741,32.7595],[-80.2598,32.7548],[-80.2381,32.7598],[-80.2219,32.7554],[-80.1907,32.7575],[-80.1879,32.7706],[-80.1304,32.7866],[-80.1472,32.8185],[-80.155,32.8257],[-80.1617,32.841],[-80.183,32.8462],[-80.2066,32.8692],[-80.2216,32.8722],[-80.2476,32.8961]]]},"properties":{"ZCTA5CE20":"29470","AFFGEOID20":"860Z200US29470","GEOID20":"29470","NAME20":"29470","LSAD20":"Z5","ALAND20":187717080,"AWATER20":1328615}},
{"type":"Feature","geometry":{"type":"Polygon","coordinates":[[[-81.0754,36.0162],[-81.0358,36.0198],[-81.0134,36.016],[-81.0054,36.0007],[-80.9709,35.9975],[-80.955,36.0033],[-80.9569,36.0254],[-80.9363,36.0181],[-80.928,36.0203],[-80.9243,36.0331],[-80.8762,36.0295],[-80.8841,36.0157],[-80.8712,36.008],[-80.8592,36.0136],[-80.8645,36.0234],[-80.8533,36.0367],[-80.8386,36.0374],[-80.8279,36.0278],[-80.8069,36.0305],[-80.8132,36.0503],[-80.8313,36.0546],[-80.8326,36.0758],[-80.8642,36.084],[-80.8966,36.0833],[-80.9184,36.0674],[-80.9397,36.066],[-80.9447,36.0717],[-80.9778,36.0765],[-81.0116,36.0544],[-81.0111,36.05],[-81.0485,36.0411],[-81.0575,36.0316],[-81.0754,36.0162]]]},"properties":{"ZCTA5CE20":"28689","AFFGEOID20":"860Z200US28689","GEOID20":"28689","NAME20":"28689","LSAD20":"Z5","ALAND20":117438810,"AWATER20":438219}},
{"type":"Feature","geometry":{"type":"Polygon","coordinates":[[[-77.5047,35.5277],[-77.4911,35.5261],[-77.487,35.5126],[-77.5016,35.5109],[-77.5113,35.4965],[-77.4823,35.4609],[-77.4815,35.4802],[-77.4628,35.5056],[-77.4237,35.4976],[-77.4072,35.4876],[-77.3935,35.4973],[-77.3811,35.4874],[-77.3663,35.4888],[-77.3549,35.4698],[-77.3235,35.4713],[-77.3201,35.4832],[-77.3452,35.4901],[-77.3478,35.4983],[-77.3424,35.523],[-77.3518,35.543],[-77.3544,35.5598],[-77.3856,35.5563],[-77.4055,35.5608],[-77.4056,35.5718],[-77.4286,35.5679],[-77.438,35.5613],[-77.4368,35.5496],[-77.4572,35.5541],[-77.4845,35.55],[-77.5047,35.5277]]]},"properties":{"ZCTA5CE20":"28590","AFFGEOID20":"860Z200US28590","GEOID20":"28590","NAME20":"28590","LSAD20":"Z5","ALAND20":106742648,"AWATER20":27027}},
{"type":"Feature","geometry":{"type":"Polygon","coordinates":[[[-81.9014,35.9803],[-81.8985,35.9795],[-81.8987,35.9823],[-81.9014,35.9803]]]},"properties":{"ZCTA5CE20":"28641","AFFGEOID20":"860Z200US28641","GEOID20":"28641","NAME20":"28641","LSAD20":"Z5","ALAND20":226949,"AWATER20":0}},
{"type":"Feature","geometry":{"type":"Polygon","coordinates":[[[-81.1186,35.3998],[-81.1143,35.3877],[-81.0812,35.3945],[-81.0644,35.4166],[-81.07,35.4239],[-81.0887,35.4246],[-81.1076,35.4141],[-81.1186,35.3998]]]},"properties":{"ZCTA5CE20":"28006","AFFGEOID20":"860Z200US28006","GEOID20":"28006","NAME20":"28006","LSAD20":"Z5","ALAND20":11924239,"AWATER20":11985}},
{"type":"Feature","geometry":{"type":"Polygon","coordinates":[[[-83.2287,35.3566],[-83.2221,35.3398],[-83.217,35.3487],[-83.2219,35.3573],[-83.2287,35.3566]]]},"properties":{"ZCTA5CE20":"28788","AFFGEOID20":"860Z200US28788","GEOID20":"28788","NAME20":"28788","LSAD20":"Z5","ALAND20":1498038,"AWATER20":0}},
{"type":"Feature","geometry":{"type":"Polygon","coordinates":[[[-80.6646,35.845],[-80.6855,35.8368],[-80.6852,35.8276],[-80.6585,35.8267],[-80.653,35.8188],[-80.6504,35.7973],[-80.6406,35.788],[-80.6046,35.8089],[-80.6099,35.7794],[-80.6043,35.7517],[-80.6126,35.7461],[-80.6076,35.7387],[-80.5888,35.7384],[-80.5533,35.748],[-80.5338,35.7592],[-80.5341,35.7862],[-80.5562,35.8025],[-80.5679,35.812],[-80.5947,35.8274],[-80.6099,35.829],[-80.632,35.8457],[-80.6646,35.845]]]},"properties":{"ZCTA5CE20":"27054","AFFGEOID20":"860Z200US27054","GEOID20":"27054","NAME20":"27054","LSAD20":"Z5","ALAND20":74716357,"AWATER20":294158}},
{"type":"Feature","geometry":{"type":"Polygon","coordinates":[[[-80.8856,33.3597],[-80.8879,33.3477],[-80.8728,33.3178],[-80.8851,33.3018],[-80.885,33.2924],[-80.8609,33.2792],[-80.8607,33.3094],[-80.844,33.3357],[-80.827,33.3308],[-80.8014,33.3303],[-80.8112,33.3162],[-80.8045,33.3105],[-80.7861,33.318],[-80.756,33.3103],[-80.7372,33.3169],[-80.7231,33.2973],[-80.7123,33.3008],[-80.7217,33.3211],[-80.7251,33.3486],[-80.7394,33.3596],[-80.7385,33.3768],[-80.724,33.3867],[-80.7289,33.4003],[-80.7437,33.4083],[-80.7607,33.405],[-80.7759,33.41],[-80.7885,33.4028],[-80.8139,33.4006],[-80.8369,33.4248],[-80.8419,33.4079],[-80.8615,33.4136],[-80.8778,33.3884],[-80.8856,33.3597]]]},"properties":{"ZCTA5CE20":"29133","AFFGEOID20":"860Z200US29133","GEOID20":"29133","NAME20":"29133","LSAD20":"Z5","ALAND20":147853224,"AWATER20":100045}},
{"type":"Feature","geometry":{"type":"Polygon","coordinates":[[[-78.8284,35.7601],[-78.8214,35.7436],[-78.8136,35.7262],[-78.7451,35.7622],[-78.7471,35.7894],[-78.7638,35.7923],[-78.7933,35.7869],[-78.8078,35.7675],[-78.8284,35.7601]]]},"properties":{"ZCTA5CE20":"27511","AFFGEOID20":"860Z200US27511","GEOID20":"27511","NAME20":"27511","LSAD20":"Z5","ALAND20":30388167,"AWATER20":537564}},
{"type":"Feature","geometry":{"type":"Polygon","coordinates":[[[-76.6718,36.4594],[-76.6661,36.4526],[-76.6427,36.4435],[-76.6696,36.438],[-76.6732,36.4234],[-76.6695,36.4021],[-76.6629,36.3963],[-76.6429,36.3946],[-76.6272,36.3909],[-76.5999,36.3957],[-76.5809,36.384],[-76.5643,36.3815],[-76.5672,36.3982],[-76.5453,36.3949],[-76.541,36.4075],[-76.4943,36.4021],[-76.4938,36.3683],[-76.4537,36.3781],[-76.4914,36.4686],[-76.4913,36.5107],[-76.4967,36.5149],[-76.5693,36.5054],[-76.5766,36.4856],[-76.5626,36.4688],[-76.5799,36.462],[-76.5837,36.4834],[-76.6001,36.4908],[-76.6233,36.4713],[-76.6361,36.4695],[-76.6597,36.466],[-76.6718,36.4594]]]},"properties":{"ZCTA5CE20":"27979","AFFGEOID20":"860Z200US27979","GEOID20":"27979","NAME20":"27979","LSAD20":"Z5","ALAND20":183162007,"AWATER20":70003}},
{"type":"Feature","geometry":{"type":"Polygon","coordinates":[[[-81.7068,36.5252],[-81.6973,36.5049],[-81.6953,36.4679],[-81.7149,36.4572],[-81.7146,36.4371],[-81.7201,36.4239],[-81.7018,36.4093],[-81.6899,36.3915],[-81.67,36.3737],[-81.6782,36.368],[-81.6485,36.3543],[-81.6371,36.3857],[-81.6268,36.4007],[-81.6056,36.3906],[-81.5724,36.3912],[-81.5741,36.4035],[-81.5905,36.4123],[-81.5655,36.4269],[-81.5654,36.4318],[-81.5864,36.424],[-81.6006,36.4395],[-81.5882,36.4468],[-81.6028,36.4587],[-81.6056,36.4704],[-81.5981,36.4844],[-81.6005,36.5035],[-81.6414,36.5227],[-81.6472,36.5442],[-81.6421,36.5635],[-81.6593,36.581],[-81.6498,36.5877],[-81.6775,36.5881],[-81.677,36.5707],[-81.6902,36.5687],[-81.6891,36.5559],[-81.7068,36.5252]]]},"properties":{"ZCTA5CE20":"28615","AFFGEOID20":"860Z200US28615","GEOID20":"28615","NAME20":"28615","LSAD20":"Z5","ALAND20":182243483,"AWATER20":600142}},
{"type":"Feature","geometry":{"type":"Polygon","coordinates":[[[-78.2369,34.3268],[-78.245,34.3105],[-78.2577,34.3045],[-78.2751,34.3147],[-78.3153,34.307],[-78.3187,34.289],[-78.336,34.2915],[-78.338,34.2177],[-78.3339,34.2087],[-78.2546,34.2163],[-78.2545,34.2163],[-78.1953,34.3067],[-78.2162,34.3249],[-78.2369,34.3268]]]},"properties":{"ZCTA5CE20":"28436","AFFGEOID20":"860Z200US28436","GEOID20":"28436","NAME20":"28436","LSAD20":"Z5","ALAND20":112900333,"AWATER20":4666}},
{"type":"Feature","geometry":{"type":"Polygon","coordinates":[[[-81.8143,34.7119],[-81.8204,34.6865],[-81.7964,34.6776],[-81.7919,34.6733],[-81.756,34.6636],[-81.745,34.6698],[-81.7321,34.7011],[-81.7164,34.7045],[-81.7073,34.6959],[-81.6846,34.6858],[-81.6798,34.701],[-81.6849,34.7115],[-81.654,34.7192],[-81.6829,34.7471],[-81.7027,34.7616],[-81.7284,34.791],[-81.7521,34.7635],[-81.756,34.7438],[-81.7758,34.7371],[-81.7851,34.7409],[-81.8041,34.7304],[-81.8143,34.7119]]]},"properties":{"ZCTA5CE20":"29321","AFFGEOID20":"860Z200US29321","GEOID20":"29321","NAME20":"29321","LSAD20":"Z5","ALAND20":101833984,"AWATER20":41608}},
{"type":"Feature","geometry":{"type":"Polygon","coordinates":[[[-76.6743,34.7478],[-76.6916,34.7609],[-76.7289,34.7685],[-76.7625,34.7544],[-76.7911,34.7548],[-76.8133,34.7444],[-76.8383,34.7427],[-76.8398,34.7288],[-76.7344,34.7212],[-76.714,34.7158],[-76.6928,34.7159],[-76.6909,34.7304],[-76.6753,34.7393],[-76.6743,34.7478]]]},"properties":{"ZCTA5CE20":"28557","AFFGEOID20":"860Z200US28557","GEOID20":"28557","NAME20":"28557","LSAD20":"Z5","ALAND20":36748011,"AWATER20":23551221}},
{"type":"Feature","geometry":{"type":"Polygon","coordinates":[[[-83.3716,35.4559],[-83.3817,35.4423],[-83.398,35.4305],[-83.3911,35.4084],[-83.3998,35.4008],[-83.4048,35.3852],[-83.3838,35.3766],[-83.3711,35.3546],[-83.3359,35.3433],[-83.3228,35.3408],[-83.2971,35.3465],[-83.2875,35.3636],[-83.2723,35.378],[-83.2724,35.3882],[-83.2366,35.4001],[-83.2239,35.4129],[-83.2218,35.4228],[-83.2073,35.4364],[-83.2248,35.443],[-83.2378,35.4385],[-83.2545,35.4474],[-83.2825,35.4474],[-83.2789,35.4619],[-83.2998,35.4602],[-83.311,35.4684],[-83.3447,35.4644],[-83.3535,35.4497],[-83.3716,35.4559]]]},"properties":{"ZCTA5CE20":"28789","AFFGEOID20":"860Z200US28789","GEOID20":"28789","NAME20":"28789","LSAD20":"Z5","ALAND20":151670921,"AWATER20":229975}},
{"type":"Feature","geometry":{"type":"Polygon","coordinates":[[[-81.4529,35.8774],[-81.4886,35.8811],[-81.4953,35.8623],[-81.5071,35.8563],[-81.5308,35.8357],[-81.5307,35.8285],[-81.5278,35.8099],[-81.5087,35.8059],[-81.4941,35.8126],[-81.4899,35.8215],[-81.4625,35.8282],[-81.4438,35.816],[-81.4284,35.8239],[-81.4312,35.8415],[-81.4259,35.8583],[-81.4324,35.8686],[-81.4529,35.8774]]]},"properties":{"ZCTA5CE20":"28638","AFFGEOID20":"860Z200US28638","GEOID20":"28638","NAME20":"28638","LSAD20":"Z5","ALAND20":51721248,"AWATER20":4195}},
{"type":"Feature","geometry":{"type":"Polygon","coordinates":[[[-80.981,35.3659],[-80.9908,35.3664],[-81.0031,35.3828],[-81.0231,35.3703],[-81.0454,35.382],[-81.0583,35.3518],[-81.0815,35.3546],[-81.0866,35.3398],[-81.0993,35.3413],[-81.1081,35.3286],[-81.0899,35.3328],[-81.0792,35.3041],[-81.0448,35.2819],[-81.0223,35.2727],[-81.0138,35.2577],[-81.015,35.2687],[-81.0009,35.3054],[-80.9808,35.3298],[-80.9815,35.3427],[-80.9624,35.347],[-80.9391,35.3537],[-80.9359,35.3621],[-80.9629,35.3751],[-80.981,35.3659]],[[-81.0252,35.3604],[-81.0211,35.3698],[-80.9928,35.3543],[-80.9955,35.3465],[-81.0126,35.3419],[-81.0252,35.3604]]]},"properties":{"ZCTA5CE20":"28120","AFFGEOID20":"860Z200US28120","GEOID20":"28120","NAME20":"28120","LSAD20":"Z5","ALAND20":81254424,"AWATER20":4926111}},
{"type":"Feature","geometry":{"type":"MultiPolygon","coordinates":[[[[-78.7469,35.334],[-78.7596,35.326],[-78.7749,35.3333],[-78.8175,35.3406],[-78.8352,35.3608],[-78.8479,35.3678],[-78.8653,35.3564],[-78.8916,35.328],[-78.892,35.3133],[-78.9196,35.295],[-78.9328,35.2967],[-78.9432,35.2872],[-78.9405,35.2811],[-78.9156,35.281],[-78.9067,35.2635],[-78.8918,35.2613],[-78.8911,35.2892],[-78.878,35.297],[-78.8602,35.286],[-78.842,35.2925],[-78.8269,35.2922],[-78.8135,35.2848],[-78.7702,35.2891],[-78.7571,35.2782],[-78.7415,35.3042],[-78.7469,35.334]]],[[[-78.9432,35.2872],[-78.9447,35.3039],[-78.9634,35.3113],[-78.9699,35.2996],[-78.9432,35.2872]]]]},"properties":{"ZCTA5CE20":"28323","AFFGEOID20":"860Z200US28323","GEOID20":"28323","NAME20":"28323","LSAD20":"Z5","ALAND20":96167747,"AWATER20":636973}},
{"type":"Feature","geometry":{"type":"Polygon","coordinates":[[[-79.3809,34.037],[-79.3714,34.0192],[-79.372,34.0038],[-79.3562,33.9904],[-79.3441,33.9978],[-79.3528,34.0388],[-79.3809,34.037]]]},"properties":{"ZCTA5CE20":"29519","AFFGEOID20":"860Z200US29519","GEOID20":"29519","NAME20":"29519","LSAD20":"Z5","ALAND20":11422141,"AWATER20":0}},
{"type":"Feature","geometry":{"type":"Polygon","coordinates":[[[-82.7659,35.5676],[-82.7775,35.5556],[-82.7659,35.5407],[-82.7802,35.5257],[-82.7781,35.5197],[-82.7858,35.4951],[-82.7982,35.4698],[-82.7865,35.4574],[-82.7817,35.4395],[-82.7556,35.4251],[-82.7451,35.423],[-82.7158,35.4478],[-82.7007,35.4543],[-82.6595,35.4528],[-82.6604,35.4623],[-82.6286,35.484],[-82.6165,35.4941],[-82.6349,35.5058],[-82.6288,35.5188],[-82.6404,35.5256],[-82.632,35.5528],[-82.6407,35.5559],[-82.6423,35.5701],[-82.6544,35.5749],[-82.6669,35.5888],[-82.6645,35.5975],[-82.6739,35.5897],[-82.6947,35.591],[-82.7063,35.6008],[-82.7373,35.5869],[-82.7431,35.5785],[-82.7659,35.5676]]]},"properties":{"ZCTA5CE20":"28715","AFFGEOID20":"860Z200US28715","GEOID20":"28715","NAME20":"28715","LSAD20":"Z5","ALAND20":202148638,"AWATER20":352649}},
{"type":"Feature","geometry":{"type":"Polygon","coordinates":[[[-80.8292,35.1799],[-80.8362,35.1559],[-80.8254,35.1468],[-80.8038,35.1482],[-80.795,35.1544],[-80.7768,35.159],[-80.7676,35.1377],[-80.7432,35.1489],[-80.7764,35.1822],[-80.7965,35.1968],[-80.8125,35.1995],[-80.8158,35.1868],[-80.8292,35.1799]]]},"properties":{"ZCTA5CE20":"28211","AFFGEOID20":"860Z200US28211","GEOID20":"28211","NAME20":"28211","LSAD20":"Z5","ALAND20":28365610,"AWATER20":56110}},
{"type":"Feature","geometry":{"type":"Polygon","coordinates":[[[-80.9446,34.1308],[-80.9491,34.1096],[-80.9625,34.0962],[-80.9603,34.0896],[-80.9704,34.0734],[-80.9785,34.0731],[-80.9939,34.0562],[-80.9836,34.0514],[-80.9678,34.0536],[-80.9562,34.0646],[-80.933,34.0444],[-80.8826,34.079],[-80.8743,34.0825],[-80.86,34.0936],[-80.8608,34.1067],[-80.8792,34.1099],[-80.8749,34.1234],[-80.8874,34.139],[-80.8981,34.1329],[-80.9136,34.1399],[-80.9291,34.1305],[-80.9446,34.1308]]]},"properties":{"ZCTA5CE20":"29223","AFFGEOID20":"860Z200US29223","GEOID20":"29223","NAME20":"29223","LSAD20":"Z5","ALAND20":65554005,"AWATER20":1561451}},
{"type":"Feature","geometry":{"type":"Polygon","coordinates":[[[-82.1438,34.4091],[-82.1424,34.3981],[-82.1504,34.3822],[-82.1662,34.374],[-82.1714,34.3584],[-82.1696,34.3348],[-82.134,34.3238],[-82.12,34.3038],[-82.1098,34.3078],[-82.0837,34.2992],[-82.0203,34.2519],[-82.0142,34.2707],[-82.0376,34.2853],[-82.0301,34.3297],[-82.0212,34.3339],[-82.0256,34.3512],[-82.0373,34.3775],[-82.0526,34.3957],[-82.0538,34.3756],[-82.0752,34.3718],[-82.0889,34.3816],[-82.114,34.3838],[-82.1287,34.4085],[-82.1438,34.4091]]]},"properties":{"ZCTA5CE20":"29384","AFFGEOID20":"860Z200US29384","GEOID20":"29384","NAME20":"29384","LSAD20":"Z5","ALAND20":110901378,"AWATER20":9089870}},
{"type":"Feature","geometry":{"type":"MultiPolygon","coordinates":[[[[-80.9428,34.0081],[-80.9442,34.0055],[-80.9202,34.0021],[-80.9169,34.0161],[-80.9428,34.0081]]],[[[-80.9836,34.0514],[-80.9772,34.0266],[-80.987,34.0081],[-80.9674,33.996],[-80.9585,33.9961],[-80.9591,34.0009],[-80.933,34.0444],[-80.9562,34.0646],[-80.9678,34.0536],[-80.9836,34.0514]]]]},"properties":{"ZCTA5CE20":"29206","AFFGEOID20":"860Z200US29206","GEOID20":"29206","NAME20":"29206","LSAD20":"Z5","ALAND20":22367389,"AWATER20":2005690}},
{"type":"Feature","geometry":{"type":"Polygon","coordinates":[[[-81.0707,34.0345],[-81.0597,34.0053],[-81.0477,33.9905],[-81.0385,33.9681],[-81.0177,33.9324],[-80.9803,33.9625],[-81.0209,33.9823],[-81.026,33.9898],[-81.0194,33.9964],[-81.0205,34.0054],[-81.0246,34.0183],[-81.0383,34.0265],[-81.0637,34.0289],[-81.0707,34.0345]],[[-81.0283,33.9937],[-81.0299,33.9932],[-81.0317,33.9971],[-81.0301,33.9976],[-81.0243,34.001],[-81.0238,33.9951],[-81.0283,33.9937]]]},"properties":{"ZCTA5CE20":"29201","AFFGEOID20":"860Z200US29201","GEOID20":"29201","NAME20":"29201","LSAD20":"Z5","ALAND20":29863631,"AWATER20":1525507}},
{"type":"Feature","geometry":{"type":"Polygon","coordinates":[[[-82.8555,34.4417],[-82.8466,34.4101],[-82.8206,34.4122],[-82.7999,34.4047],[-82.7852,34.4113],[-82.7734,34.3979],[-82.7633,34.408],[-82.7315,34.421],[-82.717,34.4228],[-82.6792,34.4418],[-82.6659,34.4416],[-82.6681,34.4534],[-82.6534,34.4746],[-82.6692,34.4843],[-82.6838,34.502],[-82.7563,34.5103],[-82.7775,34.5224],[-82.7911,34.5218],[-82.8108,34.5044],[-82.8203,34.4946],[-82.8299,34.4834],[-82.8347,34.4644],[-82.8555,34.4417]]]},"properties":{"ZCTA5CE20":"29626","AFFGEOID20":"860Z200US29626","GEOID20":"29626","NAME20":"29626","LSAD20":"Z5","ALAND20":134085022,"AWATER20":24455130}},
{"type":"Feature","geometry":{"type":"Polygon","coordinates":[[[-77.1766,34.7878],[-77.1844,34.777],[-77.17,34.749],[-77.1793,34.7372],[-77.1704,34.7256],[-77.1565,34.7211],[-77.1227,34.7353],[-77.1254,34.7463],[-77.1132,34.752],[-77.1014,34.7763],[-77.1296,34.7902],[-77.1615,34.7934],[-77.1766,34.7878]]]},"properties":{"ZCTA5CE20":"28582","AFFGEOID20":"860Z200US28582","GEOID20":"28582","NAME20":"28582","LSAD20":"Z5","ALAND20":35563497,"AWATER20":6477631}},
{"type":"Feature","geometry":{"type":"Polygon","coordinates":[[[-78.3176,36.3854],[-78.2874,36.3584],[-78.2772,36.3061],[-78.2513,36.2893],[-78.2362,36.2895],[-78.2269,36.2919],[-78.2189,36.3135],[-78.231,36.3228],[-78.2227,36.3452],[-78.236,36.3755],[-78.2306,36.4009],[-78.2151,36.4096],[-78.2022,36.4043],[-78.1921,36.4099],[-78.1952,36.4249],[-78.1783,36.4339],[-78.1802,36.4485],[-78.1737,36.4622],[-78.1714,36.4893],[-78.1729,36.5123],[-78.1631,36.5277],[-78.1747,36.5441],[-78.2705,36.5442],[-78.2743,36.534],[-78.2563,36.5248],[-78.2411,36.5247],[-78.2417,36.5124],[-78.2587,36.4912],[-78.259,36.4624],[-78.2698,36.4385],[-78.2718,36.4102],[-78.2666,36.3988],[-78.2948,36.3958],[-78.3176,36.3854]],[[-78.2392,36.4402],[-78.236,36.4417],[-78.2333,36.4369],[-78.237,36.4356],[-78.2392,36.4402]]]},"properties":{"ZCTA5CE20":"27563","AFFGEOID20":"860Z200US27563","GEOID20":"27563","NAME20":"27563","LSAD20":"Z5","ALAND20":184868558,"AWATER20":504054}},
{"type":"Feature","geometry":{"type":"Polygon","coordinates":[[[-76.8233,36.4885],[-76.834,36.4827],[-76.8277,36.4711],[-76.7873,36.4461],[-76.7764,36.4615],[-76.8085,36.4655],[-76.8233,36.4885]]]},"properties":{"ZCTA5CE20":"27969","AFFGEOID20":"860Z200US27969","GEOID20":"27969","NAME20":"27969","LSAD20":"Z5","ALAND20":6717705,"AWATER20":0}},
{"type":"Feature","geometry":{"type":"Polygon","coordinates":[[[-80.11,34.287],[-80.1127,34.2923],[-80.1173,34.2881],[-80.111,34.2862],[-80.11,34.287]]]},"properties":{"ZCTA5CE20":"29079","AFFGEOID20":"860Z200US29079","GEOID20":"29079","NAME20":"29079","LSAD20":"Z5","ALAND20":275908,"AWATER20":0}},
{"type":"Feature","geometry":{"type":"Polygon","coordinates":[[[-80.8694,35.0663],[-80.8761,35.059],[-80.8649,35.044],[-80.8718,35.0382],[-80.8404,35.0016],[-80.8045,35.0277],[-80.7798,35.0327],[-80.7576,35.0482],[-80.7698,35.0599],[-80.7787,35.1],[-80.8267,35.0829],[-80.8582,35.0654],[-80.8694,35.0663]]]},"properties":{"ZCTA5CE20":"28277","AFFGEOID20":"860Z200US28277","GEOID20":"28277","NAME20":"28277","LSAD20":"Z5","ALAND20":62545523,"AWATER20":761989}},
{"type":"Feature","geometry":{"type":"Polygon","coordinates":[[[-81.7758,35.2506],[-81.7778,35.2471],[-81.7724,35.2406],[-81.7673,35.2469],[-81.7758,35.2506]]]},"properties":{"ZCTA5CE20":"28024","AFFGEOID20":"860Z200US28024","GEOID20":"28024","NAME20":"28024","LSAD20":"Z5","ALAND20":734956,"AWATER20":0}},
{"type":"Feature","geometry":{"type":"Polygon","coordinates":[[[-78.9533,35.9977],[-78.947,35.9951],[-78.9356,36.0021],[-78.9408,36.006],[-78.9533,35.9977]]]},"properties":{"ZCTA5CE20":"27708","AFFGEOID20":"860Z200US27708","GEOID20":"27708","NAME20":"27708","LSAD20":"Z5","ALAND20":1127983,"AWATER20":0}},
{"type":"Feature","geometry":{"type":"Polygon","coordinates":[[[-81.8827,35.2412],[-81.876,35.2374],[-81.8752,35.2425],[-81.8827,35.2412]]]},"properties":{"ZCTA5CE20":"28074","AFFGEOID20":"860Z200US28074","GEOID20":"28074","NAME20":"28074","LSAD20":"Z5","ALAND20":319234,"AWATER20":0}},
{"type":"Feature","geometry":{"type":"Polygon","coordinates":[[[-81.038,35.0275],[-81.0485,35.0294],[-81.0606,35.0193],[-81.0962,35.0338],[-81.1099,35.0282],[-81.117,35.0176],[-81.1116,35.0045],[-81.1161,34.9892],[-81.1288,34.9756],[-81.153,34.962],[-81.1549,34.9499],[-81.1678,34.9274],[-81.1688,34.9028],[-81.1336,34.9051],[-81.1091,34.9157],[-81.0838,34.9313],[-81.0548,34.9319],[-81.0361,34.9414],[-81.0311,34.9432],[-80.9886,34.9723],[-80.9835,34.9875],[-80.9971,34.9967],[-80.9962,35.0107],[-81.0147,35.0239],[-81.0273,35.0188],[-81.038,35.0275]]]},"properties":{"ZCTA5CE20":"29732","AFFGEOID20":"860Z200US29732","GEOID20":"29732","NAME20":"29732","LSAD20":"Z5","ALAND20":136763826,"AWATER20":4371313}},
{"type":"Feature","geometry":{"type":"Polygon","coordinates":[[[-81.0205,34.0054],[-81.0194,33.9964],[-81.026,33.9898],[-81.0209,33.9823],[-80.9803,33.9625],[-80.9764,33.9877],[-80.9674,33.996],[-80.987,34.0081],[-81.0205,34.0054]]]},"properties":{"ZCTA5CE20":"29205","AFFGEOID20":"860Z200US29205","GEOID20":"29205","NAME20":"29205","LSAD20":"Z5","ALAND20":16722161,"AWATER20":0}},
{"type":"Feature","geometry":{"type":"Polygon","coordinates":[[[-82.2939,34.4552],[-82.325,34.4251],[-82.338,34.4266],[-82.3509,34.4092],[-82.3586,34.3897],[-82.374,34.3806],[-82.3862,34.3863],[-82.3998,34.3817],[-82.4133,34.3638],[-82.4302,34.352],[-82.432,34.3419],[-82.4155,34.3447],[-82.4001,34.3382],[-82.3852,34.3471],[-82.3724,34.337],[-82.3884,34.3175],[-82.3775,34.293],[-82.3721,34.2777],[-82.3309,34.2808],[-82.3131,34.2938],[-82.3111,34.3204],[-82.2902,34.3358],[-82.2835,34.3465],[-82.2517,34.3618],[-82.2657,34.3802],[-82.2791,34.387],[-82.286,34.4118],[-82.2688,34.4306],[-82.2939,34.4552]]]},"properties":{"ZCTA5CE20":"29638","AFFGEOID20":"860Z200US29638","GEOID20":"29638","NAME20":"29638","LSAD20":"Z5","ALAND20":150699832,"AWATER20":412822}},
{"type":"Feature","geometry":{"type":"Polygon","coordinates":[[[-79.4286,34.2537],[-79.4415,34.2738],[-79.442,34.288],[-79.4331,34.3089],[-79.4465,34.3191],[-79.475,34.3321],[-79.4804,34.3138],[-79.5109,34.3255],[-79.5079,34.312],[-79.5342,34.3112],[-79.5219,34.2938],[-79.5283,34.2788],[-79.5244,34.2516],[-79.5048,34.236],[-79.5004,34.2223],[-79.486,34.2228],[-79.473,34.2093],[-79.4471,34.2079],[-79.431,34.2419],[-79.4286,34.2537]]]},"properties":{"ZCTA5CE20":"29592","AFFGEOID20":"860Z200US29592","GEOID20":"29592","NAME20":"29592","LSAD20":"Z5","ALAND20":89177696,"AWATER20":82125}},
{"type":"Feature","geometry":{"type":"Polygon","coordinates":[[[-82.2261,33.7851],[-82.2079,33.7804],[-82.2008,33.7914],[-82.2166,33.7932],[-82.2261,33.7851]]]},"properties":{"ZCTA5CE20":"29844","AFFGEOID20":"860Z200US29844","GEOID20":"29844","NAME20":"29844","LSAD20":"Z5","ALAND20":2702214,"AWATER20":0}},
{"type":"Feature","geometry":{"type":"Polygon","coordinates":[[[-80.9764,33.5403],[-80.9893,33.5307],[-81.0028,33.529],[-81.0233,33.5358],[-81.0474,33.5244],[-81.0471,33.4989],[-81.0227,33.491],[-81.0172,33.4749],[-81.0212,33.4567],[-81.0049,33.4569],[-80.979,33.4458],[-80.9619,33.4326],[-80.9533,33.4447],[-80.9273,33.4534],[-80.9071,33.4553],[-80.8895,33.4624],[-80.873,33.454],[-80.8602,33.4411],[-80.8615,33.4136],[-80.8419,33.4079],[-80.8369,33.4248],[-80.8139,33.4006],[-80.7885,33.4028],[-80.7759,33.41],[-80.7607,33.405],[-80.7437,33.4083],[-80.7289,33.4003],[-80.7173,33.4096],[-80.724,33.4185],[-80.6843,33.43],[-80.6811,33.4436],[-80.6799,33.4636],[-80.6978,33.4721],[-80.7066,33.4893],[-80.722,33.5007],[-80.7435,33.5102],[-80.7666,33.5315],[-80.7569,33.5365],[-80.7649,33.5733],[-80.776,33.5813],[-80.7814,33.5654],[-80.7804,33.5504],[-80.8038,33.534],[-80.8097,33.5222],[-80.8278,33.5401],[-80.8379,33.5374],[-80.8502,33.5106],[-80.8803,33.5178],[-80.8782,33.5096],[-80.891,33.499],[-80.9221,33.5085],[-80.9447,33.5246],[-80.9548,33.5255],[-80.9764,33.5403]],[[-80.8555,33.4953],[-80.8511,33.4991],[-80.8456,33.4984],[-80.8534,33.4951],[-80.8555,33.4953]]]},"properties":{"ZCTA5CE20":"29115","AFFGEOID20":"860Z200US29115","GEOID20":"29115","NAME20":"29115","LSAD20":"Z5","ALAND20":322839511,"AWATER20":1872315}},
{"type":"Feature","geometry":{"type":"Polygon","coordinates":[[[-79.0968,33.6003],[-79.1011,33.573],[-79.0857,33.5602],[-79.077,33.5466],[-79.0864,33.5146],[-79.071,33.4959],[-79.0286,33.5334],[-79.0074,33.5666],[-78.9873,33.5878],[-78.9936,33.6007],[-79.0095,33.6142],[-79.0313,33.6209],[-79.0497,33.6142],[-79.088,33.6208],[-79.091,33.6175],[-79.0968,33.6003]]]},"properties":{"ZCTA5CE20":"29576","AFFGEOID20":"860Z200US29576","GEOID20":"29576","NAME20":"29576","LSAD20":"Z5","ALAND20":78927755,"AWATER20":5542182}},
{"type":"Feature","geometry":{"type":"Polygon","coordinates":[[[-75.9069,36.5507],[-75.9071,36.512],[-75.8947,36.5],[-75.9015,36.4829],[-75.8883,36.4416],[-75.865,36.4377],[-75.8558,36.4244],[-75.8433,36.42],[-75.8497,36.4002],[-75.8407,36.3974],[-75.8477,36.3784],[-75.8289,36.3657],[-75.8238,36.3472],[-75.8231,36.3226],[-75.8459,36.3326],[-75.8518,36.3242],[-75.8453,36.3056],[-75.8337,36.2936],[-75.8131,36.2917],[-75.8039,36.2677],[-75.8109,36.2491],[-75.7954,36.2271],[-75.7733,36.2315],[-75.7964,36.2904],[-75.8187,36.3576],[-75.8577,36.5008],[-75.8676,36.5504],[-75.901,36.5506],[-75.9069,36.5507]]]},"properties":{"ZCTA5CE20":"27927","AFFGEOID20":"860Z200US27927","GEOID20":"27927","NAME20":"27927","LSAD20":"Z5","ALAND20":68859033,"AWATER20":112872830}},
{"type":"Feature","geometry":{"type":"Polygon","coordinates":[[[-77.6049,35.4735],[-77.5916,35.4697],[-77.5923,35.4803],[-77.6049,35.4735]]]},"properties":{"ZCTA5CE20":"28554","AFFGEOID20":"860Z200US28554","GEOID20":"28554","NAME20":"28554","LSAD20":"Z5","ALAND20":1253665,"AWATER20":0}},
{"type":"Feature","geometry":{"type":"Polygon","coordinates":[[[-82.3396,35.4934],[-82.3693,35.4855],[-82.3707,35.472],[-82.3646,35.4609],[-82.332,35.4648],[-82.3396,35.4934]]]},"properties":{"ZCTA5CE20":"28735","AFFGEOID20":"860Z200US28735","GEOID20":"28735","NAME20":"28735","LSAD20":"Z5","ALAND20":10491132,"AWATER20":0}},
{"type":"Feature","geometry":{"type":"Polygon","coordinates":[[[-83.3318,35.0539],[-83.3395,35.0331],[-83.3678,34.9952],[-83.2889,34.9968],[-83.2858,35.03],[-83.309,35.0473],[-83.3072,35.0577],[-83.3318,35.0539]]]},"properties":{"ZCTA5CE20":"28775","AFFGEOID20":"860Z200US28775","GEOID20":"28775","NAME20":"28775","LSAD20":"Z5","ALAND20":32010798,"AWATER20":131626}},
{"type":"Feature","geometry":{"type":"Polygon","coordinates":[[[-80.9473,35.4885],[-80.9518,35.4689],[-80.9425,35.4577],[-80.949,35.4485],[-80.9382,35.4448],[-80.9128,35.4518],[-80.9105,35.4352],[-80.884,35.4536],[-80.8684,35.4446],[-80.8435,35.4592],[-80.8208,35.4589],[-80.8171,35.4676],[-80.8556,35.4941],[-80.8741,35.4998],[-80.8744,35.5125],[-80.9067,35.5148],[-80.9473,35.4885]]]},"properties":{"ZCTA5CE20":"28031","AFFGEOID20":"860Z200US28031","GEOID20":"28031","NAME20":"28031","LSAD20":"Z5","ALAND20":36206532,"AWATER20":25534791}},
{"type":"Feature","geometry":{"type":"Polygon","coordinates":[[[-78.9268,35.8389],[-78.9295,35.8077],[-78.926,35.7903],[-78.9037,35.7839],[-78.8966,35.765],[-78.882,35.7603],[-78.8626,35.7673],[-78.844,35.7628],[-78.8482,35.8116],[-78.8477,35.82],[-78.8683,35.824],[-78.8799,35.8441],[-78.8923,35.8523],[-78.8905,35.8679],[-78.9068,35.8629],[-78.9087,35.8481],[-78.9268,35.8389]]]},"properties":{"ZCTA5CE20":"27519","AFFGEOID20":"860Z200US27519","GEOID20":"27519","NAME20":"27519","LSAD20":"Z5","ALAND20":57733276,"AWATER20":222889}},
{"type":"Feature","geometry":{"type":"Polygon","coordinates":[[[-78.4778,33.9888],[-78.4723,33.9653],[-78.4481,33.9548],[-78.4467,33.9263],[-78.4412,33.9041],[-78.4074,33.9182],[-78.3844,33.9067],[-78.3709,33.9139],[-78.3709,33.9223],[-78.346,33.9336],[-78.3216,33.9399],[-78.327,33.965],[-78.3499,33.9981],[-78.3448,34.0077],[-78.3646,34.0096],[-78.3815,34.0227],[-78.4016,34.0147],[-78.4003,34.0034],[-78.4594,34.0002],[-78.472,34.0013],[-78.4778,33.9888]]]},"properties":{"ZCTA5CE20":"28470","AFFGEOID20":"860Z200US28470","GEOID20":"28470","NAME20":"28470","LSAD20":"Z5","ALAND20":115714204,"AWATER20":3932549}},
{"type":"Feature","geometry":{"type":"Polygon","coordinates":[[[-77.934,34.0171],[-77.9418,33.981],[-77.9481,33.9699],[-77.9372,33.9292],[-77.9155,33.9717],[-77.9006,34.0103],[-77.9128,34.0189],[-77.934,34.0171]]]},"properties":{"ZCTA5CE20":"28449","AFFGEOID20":"860Z200US28449","GEOID20":"28449","NAME20":"28449","LSAD20":"Z5","ALAND20":10257861,"AWATER20":11009548}},
{"type":"Feature","geometry":{"type":"Polygon","coordinates":[[[-78.8135,35.2848],[-78.8269,35.2922],[-78.842,35.2925],[-78.8602,35.286],[-78.878,35.297],[-78.8911,35.2892],[-78.8918,35.2613],[-78.8835,35.267],[-78.8674,35.2556],[-78.8675,35.245],[-78.8409,35.2528],[-78.8356,35.2404],[-78.8496,35.2307],[-78.8497,35.194],[-78.8541,35.1824],[-78.836,35.1806],[-78.83,35.1664],[-78.8018,35.1787],[-78.7568,35.1832],[-78.7355,35.175],[-78.7237,35.1974],[-78.7058,35.2149],[-78.6931,35.2391],[-78.7027,35.2568],[-78.7185,35.2598],[-78.73,35.2722],[-78.7456,35.2637],[-78.7699,35.2596],[-78.8151,35.2715],[-78.8135,35.2848]]]},"properties":{"ZCTA5CE20":"28356","AFFGEOID20":"860Z200US28356","GEOID20":"28356","NAME20":"28356","LSAD20":"Z5","ALAND20":143165281,"AWATER20":1524691}},
{"type":"Feature","geometry":{"type":"Polygon","coordinates":[[[-80.0473,35.9127],[-80.0473,35.9118],[-80.0176,35.9207],[-79.9765,35.9424],[-79.9383,35.9593],[-79.9541,35.9695],[-79.9463,35.987],[-79.9552,35.9994],[-79.9805,35.9814],[-79.9914,35.9718],[-79.998,35.9687],[-80.0338,35.9305],[-80.0473,35.9127]]]},"properties":{"ZCTA5CE20":"27260","AFFGEOID20":"860Z200US27260","GEOID20":"27260","NAME20":"27260","LSAD20":"Z5","ALAND20":32058347,"AWATER20":101310}},
{"type":"Feature","geometry":{"type":"Polygon","coordinates":[[[-78.214,34.8901],[-78.2312,34.87],[-78.2443,34.8625],[-78.2411,34.841],[-78.2252,34.8288],[-78.2342,34.8209],[-78.2092,34.8013],[-78.1942,34.8104],[-78.1806,34.8488],[-78.1628,34.8538],[-78.1259,34.854],[-78.1254,34.8395],[-78.0795,34.8308],[-78.074,34.8414],[-78.0382,34.8492],[-78.0424,34.8605],[-78.0129,34.8735],[-78.0024,34.8648],[-77.985,34.8633],[-77.9667,34.8679],[-77.9382,34.8656],[-77.9279,34.8832],[-77.8953,34.8859],[-77.8821,34.8996],[-77.8914,34.8974],[-77.9101,34.9097],[-77.9029,34.9177],[-77.9274,34.9305],[-77.9264,34.9381],[-77.9458,34.9429],[-77.9875,34.9421],[-78.0067,34.9362],[-78.0291,34.9436],[-78.0386,34.9293],[-78.036,34.9169],[-78.046,34.9114],[-78.0678,34.9299],[-78.0803,34.9283],[-78.0895,34.9079],[-78.1042,34.9044],[-78.1038,34.8856],[-78.1374,34.8872],[-78.1472,34.9024],[-78.1942,34.8908],[-78.214,34.8901]]]},"properties":{"ZCTA5CE20":"28453","AFFGEOID20":"860Z200US28453","GEOID20":"28453","NAME20":"28453","LSAD20":"Z5","ALAND20":219105620,"AWATER20":1110025}},
{"type":"Feature","geometry":{"type":"Polygon","coordinates":[[[-80.4555,35.616],[-80.4421,35.6104],[-80.4406,35.621],[-80.4555,35.616]]]},"properties":{"ZCTA5CE20":"28072","AFFGEOID20":"860Z200US28072","GEOID20":"28072","NAME20":"28072","LSAD20":"Z5","ALAND20":2066068,"AWATER20":0}},
{"type":"Feature","geometry":{"type":"Polygon","coordinates":[[[-77.9878,35.2263],[-77.967,35.2251],[-77.9576,35.201],[-77.9594,35.1851],[-77.9263,35.1844],[-77.8997,35.1736],[-77.8837,35.1624],[-77.8934,35.1496],[-77.8691,35.1388],[-77.8575,35.1273],[-77.8436,35.1489],[-77.8156,35.1522],[-77.7957,35.1482],[-77.7813,35.1394],[-77.7694,35.1395],[-77.7614,35.1683],[-77.7466,35.1797],[-77.7509,35.1889],[-77.7742,35.1908],[-77.774,35.2117],[-77.7668,35.2246],[-77.7963,35.2327],[-77.8309,35.2335],[-77.8377,35.2281],[-77.8578,35.2281],[-77.8825,35.2381],[-77.8809,35.2486],[-77.888,35.2685],[-77.9135,35.2618],[-77.9394,35.268],[-77.9684,35.2309],[-77.9878,35.2263]]]},"properties":{"ZCTA5CE20":"28578","AFFGEOID20":"860Z200US28578","GEOID20":"28578","NAME20":"28578","LSAD20":"Z5","ALAND20":169704162,"AWATER20":1280084}},
{"type":"Feature","geometry":{"type":"Polygon","coordinates":[[[-78.6427,35.2009],[-78.6578,35.1989],[-78.641,35.1935],[-78.6427,35.2009]]]},"properties":{"ZCTA5CE20":"28331","AFFGEOID20":"860Z200US28331","GEOID20":"28331","NAME20":"28331","LSAD20":"Z5","ALAND20":1314604,"AWATER20":316}},
{"type":"Feature","geometry":{"type":"Polygon","coordinates":[[[-82.2841,35.4644],[-82.2902,35.4522],[-82.2772,35.4481],[-82.267,35.4657],[-82.2841,35.4644]]]},"properties":{"ZCTA5CE20":"28710","AFFGEOID20":"860Z200US28710","GEOID20":"28710","NAME20":"28710","LSAD20":"Z5","ALAND20":2294147,"AWATER20":0}},
{"type":"Feature","geometry":{"type":"Polygon","coordinates":[[[-81.1465,33.0778],[-81.1435,33.0717],[-81.1244,33.0532],[-81.1012,33.0491],[-81.0823,33.0266],[-81.0647,33.0136],[-81.0533,32.9896],[-81.0498,32.9978],[-81.0201,32.9942],[-81.023,33.0054],[-81.0055,33.0269],[-81.0004,33.0505],[-81.0322,33.046],[-81.0312,33.0535],[-80.9562,33.0925],[-80.9566,33.1049],[-80.9372,33.1026],[-80.944,33.1475],[-80.9568,33.1593],[-80.974,33.1649],[-80.9924,33.1574],[-81.0181,33.1548],[-81.0274,33.1465],[-81.0439,33.1489],[-81.071,33.1617],[-81.0803,33.1454],[-81.1094,33.1408],[-81.1216,33.1278],[-81.1293,33.1003],[-81.1465,33.0778]]]},"properties":{"ZCTA5CE20":"29081","AFFGEOID20":"860Z200US29081","GEOID20":"29081","NAME20":"29081","LSAD20":"Z5","ALAND20":209723501,"AWATER20":404351}},
{"type":"Feature","geometry":{"type":"Polygon","coordinates":[[[-81.5666,36.2724],[-81.5711,36.2639],[-81.5475,36.2413],[-81.5825,36.2202],[-81.6001,36.2029],[-81.5906,36.1924],[-81.5585,36.2033],[-81.546,36.1809],[-81.5289,36.1688],[-81.5033,36.1617],[-81.4998,36.1432],[-81.4851,36.1622],[-81.4616,36.1475],[-81.4543,36.1534],[-81.4605,36.1684],[-81.4472,36.1895],[-81.4533,36.2228],[-81.4719,36.2293],[-81.4775,36.2403],[-81.4863,36.2413],[-81.5522,36.2764],[-81.5666,36.2724]]]},"properties":{"ZCTA5CE20":"28618","AFFGEOID20":"860Z200US28618","GEOID20":"28618","NAME20":"28618","LSAD20":"Z5","ALAND20":97262747,"AWATER20":27928}},
{"type":"Feature","geometry":{"type":"Polygon","coordinates":[[[-76.6112,35.3355],[-76.6175,35.3289],[-76.6189,35.3001],[-76.6131,35.2819],[-76.606,35.2938],[-76.5714,35.2904],[-76.5722,35.2639],[-76.5512,35.2678],[-76.5034,35.2407],[-76.4835,35.2498],[-76.4862,35.266],[-76.4799,35.2791],[-76.4982,35.2796],[-76.4927,35.2913],[-76.4989,35.3059],[-76.4842,35.3136],[-76.5241,35.32],[-76.5445,35.3262],[-76.598,35.3315],[-76.6112,35.3355]]]},"properties":{"ZCTA5CE20":"28552","AFFGEOID20":"860Z200US28552","GEOID20":"28552","NAME20":"28552","LSAD20":"Z5","ALAND20":57620889,"AWATER20":53410967}},
{"type":"Feature","geometry":{"type":"Polygon","coordinates":[[[-76.9238,36.3664],[-76.9282,36.3542],[-76.9199,36.3443],[-76.8993,36.3454],[-76.8886,36.3303],[-76.8928,36.3169],[-76.9057,36.3169],[-76.9085,36.3028],[-76.897,36.2737],[-76.8791,36.2807],[-76.8743,36.2599],[-76.8543,36.255],[-76.8468,36.2683],[-76.8333,36.269],[-76.8254,36.2758],[-76.7962,36.2854],[-76.7938,36.2987],[-76.8224,36.3158],[-76.8047,36.3199],[-76.7868,36.3165],[-76.7834,36.3243],[-76.7629,36.3216],[-76.7738,36.3377],[-76.767,36.3486],[-76.7759,36.3584],[-76.794,36.3597],[-76.8214,36.3641],[-76.8456,36.3749],[-76.8402,36.3559],[-76.912,36.3711],[-76.9238,36.3664]]]},"properties":{"ZCTA5CE20":"27922","AFFGEOID20":"860Z200US27922","GEOID20":"27922","NAME20":"27922","LSAD20":"Z5","ALAND20":109696039,"AWATER20":1259386}},
{"type":"Feature","geometry":{"type":"Polygon","coordinates":[[[-76.5851,36.302],[-76.5912,36.2896],[-76.585,36.2742],[-76.5676,36.2708],[-76.5451,36.2683],[-76.5306,36.2567],[-76.5254,36.2439],[-76.5042,36.2395],[-76.4925,36.2507],[-76.4867,36.2655],[-76.5117,36.2778],[-76.5073,36.2942],[-76.4851,36.2697],[-76.4059,36.289],[-76.421,36.2987],[-76.4098,36.3125],[-76.4475,36.3636],[-76.4537,36.3781],[-76.4938,36.3683],[-76.5392,36.3573],[-76.5569,36.3552],[-76.5708,36.3343],[-76.5861,36.3242],[-76.5851,36.302]]]},"properties":{"ZCTA5CE20":"27919","AFFGEOID20":"860Z200US27919","GEOID20":"27919","NAME20":"27919","LSAD20":"Z5","ALAND20":153786141,"AWATER20":8506}},
{"type":"Feature","geometry":{"type":"Polygon","coordinates":[[[-81.4323,35.3685],[-81.4284,35.3543],[-81.4199,35.3599],[-81.431,35.3674],[-81.4323,35.3685]]]},"properties":{"ZCTA5CE20":"28169","AFFGEOID20":"860Z200US28169","GEOID20":"28169","NAME20":"28169","LSAD20":"Z5","ALAND20":1517968,"AWATER20":12079}},
{"type":"Feature","geometry":{"type":"Polygon","coordinates":[[[-78.2838,35.4082],[-78.2895,35.4004],[-78.2638,35.3746],[-78.2644,35.3668],[-78.2402,35.3498],[-78.2197,35.3424],[-78.2159,35.3347],[-78.1963,35.3436],[-78.1478,35.3489],[-78.1307,35.3681],[-78.1088,35.384],[-78.1185,35.3939],[-78.1158,35.423],[-78.1093,35.4455],[-78.0956,35.4471],[-78.0893,35.4581],[-78.0923,35.4663],[-78.1132,35.4677],[-78.1024,35.4844],[-78.1135,35.4947],[-78.1003,35.5193],[-78.114,35.5269],[-78.1367,35.5146],[-78.1588,35.5199],[-78.176,35.5155],[-78.2166,35.5206],[-78.2342,35.5183],[-78.2359,35.5018],[-78.2186,35.4878],[-78.2318,35.4806],[-78.2443,35.4829],[-78.2333,35.4809],[-78.2291,35.4576],[-78.2199,35.4426],[-78.2173,35.4048],[-78.1989,35.3908],[-78.2228,35.376],[-78.2411,35.3912],[-78.2547,35.39],[-78.2801,35.3983],[-78.2838,35.4082]]]},"properties":{"ZCTA5CE20":"27569","AFFGEOID20":"860Z200US27569","GEOID20":"27569","NAME20":"27569","LSAD20":"Z5","ALAND20":207238629,"AWATER20":395217}},
{"type":"Feature","geometry":{"type":"Polygon","coordinates":[[[-80.5035,33.789],[-80.5562,33.7734],[-80.5752,33.7624],[-80.594,33.7308],[-80.6075,33.7195],[-80.5966,33.6955],[-80.5966,33.6951],[-80.5898,33.6842],[-80.5652,33.6797],[-80.546,33.6488],[-80.5314,33.6424],[-80.5404,33.628],[-80.5194,33.6101],[-80.5204,33.5982],[-80.4615,33.5976],[-80.456,33.6041],[-80.4342,33.5924],[-80.4234,33.5979],[-80.4276,33.6113],[-80.4434,33.621],[-80.4358,33.6312],[-80.424,33.626],[-80.3998,33.6323],[-80.3926,33.645],[-80.3789,33.6503],[-80.3679,33.6691],[-80.3766,33.6882],[-80.3464,33.6874],[-80.3242,33.7095],[-80.3507,33.7211],[-80.3558,33.734],[-80.3938,33.7324],[-80.397,33.7469],[-80.4115,33.7729],[-80.4124,33.7866],[-80.4229,33.7924],[-80.4355,33.7864],[-80.4504,33.7877],[-80.4636,33.8071],[-80.4877,33.8047],[-80.4831,33.7954],[-80.5035,33.789]]]},"properties":{"ZCTA5CE20":"29125","AFFGEOID20":"860Z200US29125","GEOID20":"29125","NAME20":"29125","LSAD20":"Z5","ALAND20":299763389,"AWATER20":51510997}},
{"type":"Feature","geometry":{"type":"Polygon","coordinates":[[[-79.9307,34.8066],[-79.9346,34.7976],[-79.9252,34.7653],[-79.8918,34.7399],[-79.8787,34.7168],[-79.8729,34.6956],[-79.8594,34.6778],[-79.8402,34.6698],[-79.8301,34.6575],[-79.8181,34.6595],[-79.7967,34.649],[-79.8045,34.6587],[-79.7786,34.693],[-79.7626,34.706],[-79.7771,34.7231],[-79.7936,34.7265],[-79.7742,34.7395],[-79.7892,34.7818],[-79.7727,34.7895],[-79.7631,34.8059],[-79.7737,34.8059],[-79.8707,34.8054],[-79.9274,34.8066],[-79.9307,34.8066]]]},"properties":{"ZCTA5CE20":"29596","AFFGEOID20":"860Z200US29596","GEOID20":"29596","NAME20":"29596","LSAD20":"Z5","ALAND20":167158084,"AWATER20":2873236}},
{"type":"Feature","geometry":{"type":"Polygon","coordinates":[[[-80.2717,35.6569],[-80.2643,35.6573],[-80.2655,35.6633],[-80.27,35.6642],[-80.2717,35.6569]]]},"properties":{"ZCTA5CE20":"27351","AFFGEOID20":"860Z200US27351","GEOID20":"27351","NAME20":"27351","LSAD20":"Z5","ALAND20":523467,"AWATER20":0}},
{"type":"Feature","geometry":{"type":"Polygon","coordinates":[[[-79.415,35.6518],[-79.4054,35.6475],[-79.3901,35.6507],[-79.415,35.6518]]]},"properties":{"ZCTA5CE20":"27213","AFFGEOID20":"860Z200US27213","GEOID20":"27213","NAME20":"27213","LSAD20":"Z5","ALAND20":1621122,"AWATER20":7209}},
{"type":"Feature","geometry":{"type":"Polygon","coordinates":[[[-76.5863,34.7139],[-76.5816,34.6991],[-76.5257,34.6852],[-76.5381,34.696],[-76.5554,34.6968],[-76.5606,34.71],[-76.5863,34.7139]]]},"properties":{"ZCTA5CE20":"28531","AFFGEOID20":"860Z200US28531","GEOID20":"28531","NAME20":"28531","LSAD20":"Z5","ALAND20":5804755,"AWATER20":4161884}},
{"type":"Feature","geometry":{"type":"Polygon","coordinates":[[[-80.2658,35.2362],[-80.2531,35.2109],[-80.24,35.1868],[-80.2421,35.1816],[-80.225,35.1562],[-80.1906,35.1555],[-80.1785,35.15],[-80.1539,35.1749],[-80.1362,35.1675],[-80.1245,35.177],[-80.1291,35.1876],[-80.1088,35.1906],[-80.1083,35.1758],[-80.0933,35.1639],[-80.0754,35.1431],[-80.0569,35.164],[-80.0541,35.1808],[-80.0613,35.1918],[-80.0698,35.2183],[-80.0908,35.236],[-80.0982,35.2552],[-80.0922,35.272],[-80.094,35.2871],[-80.0997,35.2728],[-80.1088,35.2692],[-80.1461,35.2823],[-80.1885,35.2785],[-80.2034,35.269],[-80.2107,35.2569],[-80.2267,35.245],[-80.2474,35.2474],[-80.2658,35.2362]]]},"properties":{"ZCTA5CE20":"28128","AFFGEOID20":"860Z200US28128","GEOID20":"28128","NAME20":"28128","LSAD20":"Z5","ALAND20":177025995,"AWATER20":9603561}},
{"type":"Feature","geometry":{"type":"Polygon","coordinates":[[[-77.2523,36.1217],[-77.2348,36.1111],[-77.2407,36.098],[-77.2667,36.1001],[-77.2923,36.0915],[-77.3132,36.0892],[-77.3276,36.0714],[-77.3187,36.0554],[-77.2928,36.0451],[-77.2745,36.0337],[-77.2305,36.0156],[-77.2153,36.0138],[-77.2067,36.0086],[-77.2048,36.0052],[-77.2111,35.9954],[-77.197,35.9938],[-77.187,35.9864],[-77.1734,35.9955],[-77.1379,35.9898],[-77.1327,36.0002],[-77.1397,36.0165],[-77.1288,36.0294],[-77.1184,36.0203],[-77.1048,36.0211],[-77.1019,36.0341],[-77.1067,36.0489],[-77.1231,36.066],[-77.1393,36.0633],[-77.1569,36.0722],[-77.1684,36.0855],[-77.19,36.086],[-77.1889,36.096],[-77.167,36.1121],[-77.1682,36.123],[-77.1517,36.1242],[-77.1358,36.1152],[-77.1213,36.1239],[-77.1319,36.1307],[-77.144,36.1322],[-77.1712,36.147],[-77.1882,36.1677],[-77.2015,36.1699],[-77.2161,36.1646],[-77.2105,36.1439],[-77.2523,36.1217]]]},"properties":{"ZCTA5CE20":"27849","AFFGEOID20":"860Z200US27849","GEOID20":"27849","NAME20":"27849","LSAD20":"Z5","ALAND20":192735470,"AWATER20":2512939}},
{"type":"Feature","geometry":{"type":"Polygon","coordinates":[[[-79.6048,36.5414],[-79.6182,36.5332],[-79.624,36.5195],[-79.6434,36.5212],[-79.6531,36.4995],[-79.6408,36.4875],[-79.6519,36.478],[-79.6471,36.4489],[-79.6335,36.443],[-79.6256,36.4314],[-79.5989,36.4274],[-79.576,36.4398],[-79.5459,36.4241],[-79.5202,36.4357],[-79.5299,36.401],[-79.5318,36.3807],[-79.5242,36.3717],[-79.5254,36.354],[-79.494,36.3528],[-79.4666,36.366],[-79.4455,36.3671],[-79.4687,36.3837],[-79.468,36.3952],[-79.4573,36.3997],[-79.4628,36.4026],[-79.4757,36.4329],[-79.4636,36.4426],[-79.4663,36.4508],[-79.4852,36.452],[-79.5118,36.443],[-79.5347,36.469],[-79.5482,36.4651],[-79.5578,36.4792],[-79.5419,36.4986],[-79.5495,36.5198],[-79.5184,36.5408],[-79.6048,36.5414]]]},"properties":{"ZCTA5CE20":"27326","AFFGEOID20":"860Z200US27326","GEOID20":"27326","NAME20":"27326","LSAD20":"Z5","ALAND20":168405707,"AWATER20":402757}},
{"type":"Feature","geometry":{"type":"Polygon","coordinates":[[[-79.5363,34.7661],[-79.5522,34.7874],[-79.5723,34.7969],[-79.5933,34.7901],[-79.6069,34.7939],[-79.6271,34.7843],[-79.6213,34.7605],[-79.6177,34.7575],[-79.5734,34.7216],[-79.567,34.7266],[-79.5474,34.7574],[-79.5363,34.7661]]]},"properties":{"ZCTA5CE20":"28343","AFFGEOID20":"860Z200US28343","GEOID20":"28343","NAME20":"28343","LSAD20":"Z5","ALAND20":40239597,"AWATER20":68104}},
{"type":"Feature","geometry":{"type":"Polygon","coordinates":[[[-77.92,36.5446],[-77.9157,36.5309],[-77.9019,36.5268],[-77.9079,36.5152],[-77.8988,36.5061],[-77.8655,36.5035],[-77.8583,36.5066],[-77.8093,36.4983],[-77.7996,36.5094],[-77.8098,36.5228],[-77.8156,36.5451],[-77.868,36.5448],[-77.92,36.5446]]]},"properties":{"ZCTA5CE20":"27842","AFFGEOID20":"860Z200US27842","GEOID20":"27842","NAME20":"27842","LSAD20":"Z5","ALAND20":27258510,"AWATER20":13210999}},
{"type":"Feature","geometry":{"type":"Polygon","coordinates":[[[-81.3241,36.4997],[-81.3382,36.4853],[-81.3371,36.4739],[-81.3074,36.4806],[-81.3241,36.4997]]]},"properties":{"ZCTA5CE20":"28672","AFFGEOID20":"860Z200US28672","GEOID20":"28672","NAME20":"28672","LSAD20":"Z5","ALAND20":4735679,"AWATER20":420943}},
{"type":"Feature","geometry":{"type":"Polygon","coordinates":[[[-76.6839,36.3008],[-76.6731,36.2836],[-76.6715,36.2719],[-76.6914,36.2471],[-76.6932,36.2366],[-76.6903,36.2303],[-76.6683,36.2223],[-76.6589,36.2072],[-76.6333,36.1798],[-76.6043,36.165],[-76.5808,36.1716],[-76.5861,36.2111],[-76.5571,36.2047],[-76.543,36.2208],[-76.5682,36.2419],[-76.5646,36.2498],[-76.5676,36.2708],[-76.585,36.2742],[-76.5912,36.2896],[-76.5851,36.302],[-76.6234,36.3061],[-76.6344,36.3015],[-76.6569,36.3131],[-76.6703,36.3147],[-76.6839,36.3008]]]},"properties":{"ZCTA5CE20":"27980","AFFGEOID20":"860Z200US27980","GEOID20":"27980","NAME20":"27980","LSAD20":"Z5","ALAND20":126249775,"AWATER20":222460}},
{"type":"Feature","geometry":{"type":"Polygon","coordinates":[[[-82.2856,35.661],[-82.3136,35.6575],[-82.3192,35.6514],[-82.3111,35.6375],[-82.2752,35.6365],[-82.2818,35.6393],[-82.2856,35.661]]]},"properties":{"ZCTA5CE20":"28757","AFFGEOID20":"860Z200US28757","GEOID20":"28757","NAME20":"28757","LSAD20":"Z5","ALAND20":7053724,"AWATER20":7754}},
{"type":"Feature","geometry":{"type":"Polygon","coordinates":[[[-80.8792,34.4578],[-80.8386,34.419],[-80.8257,34.4119],[-80.7935,34.4133],[-80.7832,34.4065],[-80.7834,34.3886],[-80.7743,34.4011],[-80.7814,34.4173],[-80.7803,34.4304],[-80.7653,34.441],[-80.7632,34.4624],[-80.7786,34.4683],[-80.7836,34.4783],[-80.8019,34.4782],[-80.8095,34.4942],[-80.7889,34.4997],[-80.7838,34.5154],[-80.8792,34.4578]]]},"properties":{"ZCTA5CE20":"29074","AFFGEOID20":"860Z200US29074","GEOID20":"29074","NAME20":"29074","LSAD20":"Z5","ALAND20":54858560,"AWATER20":10149254}},
{"type":"Feature","geometry":{"type":"Polygon","coordinates":[[[-82.9507,34.5275],[-82.9142,34.4925],[-82.8787,34.4846],[-82.8644,34.4775],[-82.8527,34.4811],[-82.848,34.4928],[-82.8203,34.4946],[-82.8108,34.5044],[-82.8133,34.5218],[-82.8294,34.5428],[-82.8314,34.5604],[-82.8624,34.6022],[-82.8733,34.5919],[-82.8937,34.5991],[-82.9143,34.5888],[-82.9185,34.5491],[-82.9318,34.5451],[-82.9507,34.5275]]]},"properties":{"ZCTA5CE20":"29689","AFFGEOID20":"860Z200US29689","GEOID20":"29689","NAME20":"29689","LSAD20":"Z5","ALAND20":89492587,"AWATER20":17420986}},
{"type":"Feature","geometry":{"type":"Polygon","coordinates":[[[-80.3545,36.0163],[-80.3362,35.9944],[-80.3214,35.9881],[-80.2909,35.9876],[-80.2791,35.9809],[-80.2588,35.9854],[-80.2464,35.9747],[-80.2479,35.9633],[-80.2327,35.9576],[-80.2311,35.9745],[-80.2386,35.9935],[-80.2355,36.0144],[-80.2395,36.0409],[-80.2284,36.0714],[-80.2313,36.0848],[-80.2521,36.0746],[-80.26,36.0663],[-80.2812,36.0583],[-80.3137,36.0311],[-80.3247,36.0372],[-80.3411,36.0302],[-80.3545,36.0163]]]},"properties":{"ZCTA5CE20":"27127","AFFGEOID20":"860Z200US27127","GEOID20":"27127","NAME20":"27127","LSAD20":"Z5","ALAND20":76042740,"AWATER20":488201}},
{"type":"Feature","geometry":{"type":"Polygon","coordinates":[[[-79.9046,36.039],[-79.9155,36.0265],[-79.9118,35.9974],[-79.9163,35.9738],[-79.8985,35.9699],[-79.9085,35.9534],[-79.9027,35.943],[-79.8765,35.9401],[-79.8687,35.9497],[-79.8556,35.9505],[-79.847,35.9598],[-79.8644,35.9708],[-79.8501,35.9853],[-79.8587,36.0015],[-79.8358,36.0135],[-79.8367,36.0232],[-79.8198,36.0357],[-79.8356,36.0486],[-79.8482,36.0652],[-79.8478,36.0727],[-79.8773,36.0702],[-79.8779,36.0599],[-79.8912,36.0566],[-79.9076,36.0626],[-79.9057,36.0457],[-79.9046,36.039]]]},"properties":{"ZCTA5CE20":"27407","AFFGEOID20":"860Z200US27407","GEOID20":"27407","NAME20":"27407","LSAD20":"Z5","ALAND20":76264083,"AWATER20":391480}},
{"type":"Feature","geometry":{"type":"Polygon","coordinates":[[[-81.8557,35.492],[-81.8652,35.4626],[-81.8846,35.4361],[-81.8769,35.422],[-81.8564,35.4246],[-81.8513,35.4059],[-81.8633,35.4051],[-81.8571,35.3861],[-81.8586,35.375],[-81.8471,35.3639],[-81.8464,35.3405],[-81.8394,35.3396],[-81.8231,35.3208],[-81.8079,35.3267],[-81.8095,35.3454],[-81.8202,35.3563],[-81.805,35.3641],[-81.8017,35.3808],[-81.7775,35.3688],[-81.7692,35.3842],[-81.7353,35.4114],[-81.7696,35.4122],[-81.7886,35.4255],[-81.7863,35.4458],[-81.7768,35.4567],[-81.7696,35.4817],[-81.7544,35.4804],[-81.7571,35.4965],[-81.7407,35.5078],[-81.7279,35.5073],[-81.7213,35.5249],[-81.7009,35.5303],[-81.7,35.5512],[-81.6919,35.5646],[-81.692,35.58],[-81.7053,35.5811],[-81.7217,35.6063],[-81.7334,35.6016],[-81.7574,35.6094],[-81.7711,35.6028],[-81.7727,35.5925],[-81.7941,35.5932],[-81.7988,35.58],[-81.8241,35.575],[-81.8439,35.5463],[-81.8345,35.5003],[-81.8557,35.492]]]},"properties":{"ZCTA5CE20":"28018","AFFGEOID20":"860Z200US28018","GEOID20":"28018","NAME20":"28018","LSAD20":"Z5","ALAND20":257686220,"AWATER20":146461}},
{"type":"Feature","geometry":{"type":"MultiPolygon","coordinates":[[[[-80.7249,35.2232],[-80.73,35.1859],[-80.7253,35.1735],[-80.6989,35.1656],[-80.6858,35.1476],[-80.6696,35.1465],[-80.6605,35.132],[-80.6492,35.1436],[-80.6304,35.1465],[-80.6006,35.1621],[-80.5997,35.1686],[-80.5554,35.2043],[-80.5793,35.2011],[-80.5997,35.2341],[-80.6164,35.2427],[-80.6282,35.2233],[-80.6632,35.229],[-80.6624,35.2111],[-80.6946,35.2142],[-80.7025,35.2221],[-80.7249,35.2232]]],[[[-80.7364,35.1598],[-80.7432,35.1489],[-80.7294,35.1367],[-80.7203,35.1426],[-80.7364,35.1598]]]]},"properties":{"ZCTA5CE20":"28227","AFFGEOID20":"860Z200US28227","GEOID20":"28227","NAME20":"28227","LSAD20":"Z5","ALAND20":104006256,"AWATER20":833409}},
{"type":"Feature","geometry":{"type":"Polygon","coordinates":[[[-77.298,34.7275],[-77.2984,34.7113],[-77.2739,34.7073],[-77.2998,34.6794],[-77.3244,34.6721],[-77.2979,34.6316],[-77.2788,34.5824],[-77.2652,34.6012],[-77.2497,34.5923],[-77.2425,34.5986],[-77.2116,34.6235],[-77.2047,34.6334],[-77.1793,34.6443],[-77.1533,34.6612],[-77.1533,34.6682],[-77.1798,34.6993],[-77.167,34.6981],[-77.1704,34.7256],[-77.1793,34.7372],[-77.17,34.749],[-77.1844,34.777],[-77.1766,34.7878],[-77.1948,34.7896],[-77.2148,34.77],[-77.243,34.7752],[-77.2675,34.7712],[-77.2886,34.7582],[-77.2764,34.7443],[-77.2751,34.7348],[-77.298,34.7275]]]},"properties":{"ZCTA5CE20":"28539","AFFGEOID20":"860Z200US28539","GEOID20":"28539","NAME20":"28539","LSAD20":"Z5","ALAND20":199642944,"AWATER20":5552539}},
{"type":"Feature","geometry":{"type":"Polygon","coordinates":[[[-79.6183,35.2795],[-79.6211,35.2387],[-79.5925,35.2189],[-79.6172,35.2129],[-79.6183,35.1914],[-79.5906,35.1924],[-79.5683,35.1893],[-79.5559,35.1819],[-79.5424,35.1863],[-79.5432,35.1971],[-79.5282,35.1993],[-79.5261,35.2103],[-79.5046,35.2117],[-79.4861,35.2051],[-79.4771,35.2105],[-79.475,35.2249],[-79.4594,35.2204],[-79.4371,35.2396],[-79.4426,35.2523],[-79.4372,35.2827],[-79.4529,35.2925],[-79.4438,35.3079],[-79.4663,35.3134],[-79.4766,35.3211],[-79.5075,35.3213],[-79.5092,35.307],[-79.5262,35.2987],[-79.5436,35.3174],[-79.5837,35.3022],[-79.5912,35.314],[-79.6056,35.287],[-79.6183,35.2795]]]},"properties":{"ZCTA5CE20":"27376","AFFGEOID20":"860Z200US27376","GEOID20":"27376","NAME20":"27376","LSAD20":"Z5","ALAND20":177630312,"AWATER20":4801599}},
{"type":"Feature","geometry":{"type":"Polygon","coordinates":[[[-77.9015,35.0437],[-77.8602,35.0381],[-77.8461,35.0251],[-77.838,35.0528],[-77.7876,35.0698],[-77.7863,35.0776],[-77.7682,35.088],[-77.765,35.1182],[-77.7813,35.1394],[-77.7957,35.1482],[-77.8156,35.1522],[-77.8436,35.1489],[-77.8575,35.1273],[-77.8691,35.1388],[-77.8659,35.1214],[-77.8798,35.1168],[-77.8551,35.1026],[-77.8787,35.08],[-77.8723,35.0685],[-77.8869,35.0654],[-77.9015,35.0437]]]},"properties":{"ZCTA5CE20":"28508","AFFGEOID20":"860Z200US28508","GEOID20":"28508","NAME20":"28508","LSAD20":"Z5","ALAND20":93549312,"AWATER20":562363}},
{"type":"Feature","geometry":{"type":"Polygon","coordinates":[[[-77.3341,35.8718],[-77.3499,35.8549],[-77.3504,35.8192],[-77.3597,35.8007],[-77.3416,35.8049],[-77.3275,35.7998],[-77.3362,35.7856],[-77.3352,35.7689],[-77.3643,35.7601],[-77.3621,35.7517],[-77.3409,35.7466],[-77.3426,35.7127],[-77.334,35.7103],[-77.3271,35.7205],[-77.3083,35.7219],[-77.3049,35.7348],[-77.2864,35.748],[-77.2743,35.7627],[-77.2577,35.7542],[-77.2273,35.748],[-77.2145,35.7394],[-77.2079,35.7177],[-77.1917,35.7392],[-77.1791,35.7279],[-77.1665,35.7269],[-77.1528,35.7349],[-77.138,35.7491],[-77.1709,35.7499],[-77.1813,35.7545],[-77.1724,35.7675],[-77.1878,35.7711],[-77.1929,35.7832],[-77.1829,35.7913],[-77.184,35.8033],[-77.1986,35.8205],[-77.1979,35.8434],[-77.2013,35.8657],[-77.2003,35.8886],[-77.1899,35.8956],[-77.1872,35.9107],[-77.2049,35.9136],[-77.2086,35.8901],[-77.2317,35.9069],[-77.2705,35.9111],[-77.2832,35.9084],[-77.2989,35.8906],[-77.288,35.8838],[-77.3341,35.8718]],[[-77.3263,35.8251],[-77.3151,35.8237],[-77.3164,35.8096],[-77.3244,35.8111],[-77.3263,35.8251]]]},"properties":{"ZCTA5CE20":"27871","AFFGEOID20":"860Z200US27871","GEOID20":"27871","NAME20":"27871","LSAD20":"Z5","ALAND20":248245354,"AWATER20":48184}},
{"type":"Feature","geometry":{"type":"Polygon","coordinates":[[[-81.4871,34.8166],[-81.469,34.811],[-81.465,34.8006],[-81.456,34.7875],[-81.4323,34.7766],[-81.4097,34.779],[-81.3774,34.809],[-81.3729,34.8222],[-81.3245,34.8223],[-81.3155,34.826],[-81.304,34.835],[-81.3086,34.8593],[-81.3032,34.8831],[-81.2822,34.8948],[-81.2798,34.9153],[-81.3179,34.8945],[-81.3287,34.9178],[-81.327,34.9447],[-81.3373,34.9658],[-81.3384,34.9784],[-81.352,34.978],[-81.3521,34.9607],[-81.37,34.9657],[-81.3784,34.9617],[-81.3889,34.9423],[-81.4034,34.9274],[-81.421,34.9186],[-81.4447,34.8943],[-81.454,34.8581],[-81.4631,34.855],[-81.4573,34.8393],[-81.4618,34.831],[-81.4871,34.8166]]]},"properties":{"ZCTA5CE20":"29742","AFFGEOID20":"860Z200US29742","GEOID20":"29742","NAME20":"29742","LSAD20":"Z5","ALAND20":209059012,"AWATER20":850984}},
{"type":"Feature","geometry":{"type":"Polygon","coordinates":[[[-82.0531,34.9611],[-82.0671,34.9521],[-82.0729,34.9372],[-82.0595,34.9292],[-82.0839,34.9128],[-82.065,34.901],[-82.0643,34.8914],[-82.0527,34.9034],[-82.0397,34.8977],[-82.0321,34.9049],[-81.97,34.9098],[-81.969,34.9171],[-81.9672,34.9285],[-81.9541,34.9304],[-81.9372,34.953],[-81.9626,34.9664],[-81.9749,34.9804],[-81.9866,34.9737],[-82.0181,34.9648],[-82.0531,34.9611]],[[-82.0046,34.9609],[-81.9815,34.9609],[-81.9815,34.9543],[-81.9967,34.9536],[-82.0046,34.9609]],[[-81.9735,34.9643],[-81.972,34.9687],[-81.9649,34.9689],[-81.9669,34.9653],[-81.9735,34.9643]]]},"properties":{"ZCTA5CE20":"29301","AFFGEOID20":"860Z200US29301","GEOID20":"29301","NAME20":"29301","LSAD20":"Z5","ALAND20":71319112,"AWATER20":483684}},
{"type":"Feature","geometry":{"type":"Polygon","coordinates":[[[-79.9664,32.8128],[-79.9723,32.7986],[-79.9603,32.7828],[-79.9476,32.7827],[-79.95,32.7864],[-79.9474,32.7872],[-79.9456,32.7833],[-79.9398,32.7855],[-79.9372,32.7873],[-79.9363,32.7858],[-79.9164,32.7962],[-79.9157,32.8031],[-79.9405,32.8249],[-79.9639,32.8269],[-79.9664,32.8128]],[[-79.9633,32.7975],[-79.9599,32.8007],[-79.9573,32.7941],[-79.9616,32.7931],[-79.9633,32.7975]]]},"properties":{"ZCTA5CE20":"29403","AFFGEOID20":"860Z200US29403","GEOID20":"29403","NAME20":"29403","LSAD20":"Z5","ALAND20":13980778,"AWATER20":2640222}},
{"type":"Feature","geometry":{"type":"Polygon","coordinates":[[[-82.3309,34.2808],[-82.3233,34.2739],[-82.3283,34.2619],[-82.318,34.2489],[-82.3021,34.2422],[-82.2772,34.2576],[-82.2475,34.2172],[-82.2409,34.2241],[-82.207,34.2319],[-82.2185,34.252],[-82.1983,34.2599],[-82.1809,34.258],[-82.1537,34.2676],[-82.1674,34.2877],[-82.1531,34.2968],[-82.1277,34.2975],[-82.1098,34.3078],[-82.12,34.3038],[-82.134,34.3238],[-82.1696,34.3348],[-82.178,34.3581],[-82.1969,34.375],[-82.2147,34.3802],[-82.2245,34.3766],[-82.2427,34.3595],[-82.2517,34.3618],[-82.2835,34.3465],[-82.2902,34.3358],[-82.3111,34.3204],[-82.3131,34.2938],[-82.3309,34.2808]]]},"properties":{"ZCTA5CE20":"29653","AFFGEOID20":"860Z200US29653","GEOID20":"29653","NAME20":"29653","LSAD20":"Z5","ALAND20":183634210,"AWATER20":3953777}},
{"type":"Feature","geometry":{"type":"Polygon","coordinates":[[[-81.2091,33.4737],[-81.2211,33.4492],[-81.2201,33.4395],[-81.2061,33.4373],[-81.1895,33.4117],[-81.167,33.4093],[-81.1304,33.3896],[-81.1022,33.3785],[-81.0824,33.3755],[-81.0718,33.3846],[-81.0712,33.4125],[-81.0772,33.4276],[-81.098,33.4361],[-81.064,33.4529],[-81.0701,33.4601],[-81.0618,33.4793],[-81.0824,33.489],[-81.0937,33.4781],[-81.1192,33.478],[-81.1539,33.4704],[-81.1568,33.464],[-81.2091,33.4737]]]},"properties":{"ZCTA5CE20":"29113","AFFGEOID20":"860Z200US29113","GEOID20":"29113","NAME20":"29113","LSAD20":"Z5","ALAND20":107396481,"AWATER20":523070}},
{"type":"Feature","geometry":{"type":"Polygon","coordinates":[[[-78.9691,34.2425],[-78.9814,34.2239],[-78.9738,34.2175],[-78.8762,34.1357],[-78.7399,34.0202],[-78.6504,33.9443],[-78.6441,33.9502],[-78.6484,33.9655],[-78.6265,33.98],[-78.6406,34.0103],[-78.617,34.0234],[-78.6403,34.0515],[-78.666,34.0582],[-78.6895,34.071],[-78.6992,34.0862],[-78.7187,34.0852],[-78.7317,34.1069],[-78.7549,34.1188],[-78.7609,34.1436],[-78.7863,34.1773],[-78.8085,34.1804],[-78.8467,34.2046],[-78.8517,34.2134],[-78.8779,34.2191],[-78.8782,34.2362],[-78.8739,34.2542],[-78.8961,34.2208],[-78.9074,34.2241],[-78.9199,34.2136],[-78.9401,34.2123],[-78.9691,34.2425]]]},"properties":{"ZCTA5CE20":"28463","AFFGEOID20":"860Z200US28463","GEOID20":"28463","NAME20":"28463","LSAD20":"Z5","ALAND20":292342089,"AWATER20":2078263}},
{"type":"Feature","geometry":{"type":"Polygon","coordinates":[[[-79.7103,35.9666],[-79.736,35.9807],[-79.7479,35.9948],[-79.7658,35.9685],[-79.7823,35.9708],[-79.7918,35.961],[-79.7933,35.9102],[-79.7933,35.9016],[-79.7557,35.8737],[-79.7239,35.8631],[-79.7176,35.8689],[-79.7198,35.8962],[-79.7305,35.905],[-79.7234,35.9343],[-79.7116,35.9384],[-79.7103,35.9666]]]},"properties":{"ZCTA5CE20":"27313","AFFGEOID20":"860Z200US27313","GEOID20":"27313","NAME20":"27313","LSAD20":"Z5","ALAND20":72379351,"AWATER20":409231}},
{"type":"Feature","geometry":{"type":"Polygon","coordinates":[[[-79.7725,36.2483],[-79.7571,36.233],[-79.7683,36.222],[-79.7587,36.2131],[-79.7633,36.1946],[-79.784,36.1881],[-79.7831,36.1492],[-79.7762,36.1415],[-79.7657,36.151],[-79.7538,36.1495],[-79.732,36.1562],[-79.7144,36.1722],[-79.6938,36.2049],[-79.6845,36.191],[-79.6794,36.1869],[-79.6284,36.197],[-79.6179,36.2004],[-79.5984,36.1949],[-79.5897,36.2032],[-79.5719,36.2029],[-79.5677,36.2182],[-79.5716,36.2372],[-79.5644,36.2514],[-79.5828,36.2635],[-79.5937,36.2708],[-79.6252,36.2484],[-79.6457,36.2448],[-79.7162,36.2464],[-79.7274,36.2509],[-79.7409,36.2656],[-79.7725,36.2483]]]},"properties":{"ZCTA5CE20":"27214","AFFGEOID20":"860Z200US27214","GEOID20":"27214","NAME20":"27214","LSAD20":"Z5","ALAND20":132832940,"AWATER20":6147153}},
{"type":"Feature","geometry":{"type":"Polygon","coordinates":[[[-78.2089,35.9386],[-78.2224,35.9585],[-78.2249,35.9794],[-78.2411,35.9889],[-78.2616,35.9741],[-78.2762,35.9815],[-78.2874,35.9694],[-78.2861,35.9475],[-78.26,35.9305],[-78.247,35.9491],[-78.2119,35.9355],[-78.2089,35.9386]]]},"properties":{"ZCTA5CE20":"27508","AFFGEOID20":"860Z200US27508","GEOID20":"27508","NAME20":"27508","LSAD20":"Z5","ALAND20":27408939,"AWATER20":65118}},
{"type":"Feature","geometry":{"type":"Polygon","coordinates":[[[-83.2724,35.3882],[-83.2723,35.378],[-83.2645,35.3804],[-83.2724,35.3882]]]},"properties":{"ZCTA5CE20":"28725","AFFGEOID20":"860Z200US28725","GEOID20":"28725","NAME20":"28725","LSAD20":"Z5","ALAND20":1381175,"AWATER20":0}},
{"type":"Feature","geometry":{"type":"MultiPolygon","coordinates":[[[[-78.9521,35.1344],[-78.9731,35.1279],[-78.9829,35.1411],[-79.0003,35.1217],[-78.98,35.1094],[-78.9447,35.1187],[-78.9521,35.1344]]],[[[-79.0976,35.1742],[-79.1129,35.1259],[-79.1012,35.1143],[-79.0894,35.0704],[-79.09,35.0538],[-79.0626,35.0729],[-79.047,35.0784],[-79.0459,35.0656],[-79.024,35.0668],[-79.0184,35.084],[-79.0307,35.0907],[-79.0068,35.1061],[-78.9959,35.1062],[-79.0217,35.1213],[-79.0303,35.1448],[-79.0077,35.1495],[-79.0018,35.1622],[-79.0155,35.1645],[-79.0311,35.1595],[-79.0336,35.1768],[-79.0461,35.2035],[-79.0958,35.1921],[-79.0976,35.1742]]]]},"properties":{"ZCTA5CE20":"28310","AFFGEOID20":"860Z200US28310","GEOID20":"28310","NAME20":"28310","LSAD20":"Z5","ALAND20":112861736,"AWATER20":435463}},
{"type":"Feature","geometry":{"type":"Polygon","coordinates":[[[-81.1676,32.5521],[-81.1882,32.5436],[-81.1877,32.5219],[-81.1563,32.4969],[-81.1577,32.4838],[-81.1796,32.4889],[-81.1998,32.4993],[-81.2046,32.4854],[-81.1862,32.4862],[-81.1644,32.4732],[-81.1616,32.4644],[-81.1918,32.4531],[-81.1787,32.4269],[-81.157,32.4207],[-81.1486,32.4337],[-81.1281,32.4392],[-81.1045,32.4407],[-81.1036,32.4572],[-81.116,32.4792],[-81.1012,32.4931],[-81.1131,32.4998],[-81.1267,32.4934],[-81.1378,32.505],[-81.1204,32.5085],[-81.1125,32.5243],[-81.1281,32.5322],[-81.1567,32.5358],[-81.1676,32.5521]]]},"properties":{"ZCTA5CE20":"29943","AFFGEOID20":"860Z200US29943","GEOID20":"29943","NAME20":"29943","LSAD20":"Z5","ALAND20":72277817,"AWATER20":377074}},
{"type":"Feature","geometry":{"type":"Polygon","coordinates":[[[-78.369,35.5916],[-78.3605,35.5836],[-78.3561,35.5837],[-78.369,35.5916]]]},"properties":{"ZCTA5CE20":"27593","AFFGEOID20":"860Z200US27593","GEOID20":"27593","NAME20":"27593","LSAD20":"Z5","ALAND20":430703,"AWATER20":0}},
{"type":"Feature","geometry":{"type":"Polygon","coordinates":[[[-80.6058,36.335],[-80.6032,36.3173],[-80.6348,36.2952],[-80.6314,36.2859],[-80.5928,36.2699],[-80.5797,36.2777],[-80.5622,36.2825],[-80.548,36.2854],[-80.5289,36.2948],[-80.5337,36.3131],[-80.5331,36.3167],[-80.5373,36.3241],[-80.5406,36.3268],[-80.5423,36.3314],[-80.5456,36.3317],[-80.5539,36.3459],[-80.5623,36.3497],[-80.5637,36.3636],[-80.5874,36.3541],[-80.6058,36.335]]]},"properties":{"ZCTA5CE20":"27047","AFFGEOID20":"860Z200US27047","GEOID20":"27047","NAME20":"27047","LSAD20":"Z5","ALAND20":53062857,"AWATER20":516414}},
{"type":"Feature","geometry":{"type":"Polygon","coordinates":[[[-77.9276,34.2371],[-77.9248,34.2084],[-77.9199,34.1935],[-77.8883,34.2012],[-77.8822,34.2093],[-77.8491,34.2071],[-77.8305,34.2121],[-77.8206,34.207],[-77.8266,34.1916],[-77.8126,34.2183],[-77.8683,34.2465],[-77.9276,34.2371]]]},"properties":{"ZCTA5CE20":"28403","AFFGEOID20":"860Z200US28403","GEOID20":"28403","NAME20":"28403","LSAD20":"Z5","ALAND20":36335345,"AWATER20":998582}},
{"type":"Feature","geometry":{"type":"Polygon","coordinates":[[[-80.1985,34.8923],[-80.2055,34.8726],[-80.2029,34.8626],[-80.1835,34.8626],[-80.1823,34.8485],[-80.1875,34.8255],[-80.1729,34.8201],[-80.157,34.8293],[-80.1472,34.8181],[-80.1283,34.8263],[-80.1339,34.844],[-80.0935,34.839],[-80.0941,34.8565],[-80.0866,34.8658],[-80.0601,34.8594],[-80.0663,34.8835],[-80.0743,34.8871],[-80.0656,34.9163],[-80.0369,34.9143],[-80.017,34.8913],[-79.9996,34.8874],[-79.9869,34.8905],[-79.9673,34.904],[-79.98,34.9339],[-79.9943,34.9421],[-79.9994,34.9655],[-79.9933,34.9747],[-80.0073,34.9928],[-79.9935,35.0062],[-79.9917,35.0186],[-80.0082,35.0303],[-80.003,35.0493],[-79.9897,35.0554],[-79.9866,35.0888],[-79.9934,35.0855],[-80.0229,35.09],[-80.0408,35.1022],[-80.0668,35.1111],[-80.0754,35.1431],[-80.0933,35.1639],[-80.1083,35.1758],[-80.1088,35.1906],[-80.1291,35.1876],[-80.1245,35.177],[-80.1362,35.1675],[-80.1539,35.1749],[-80.1785,35.15],[-80.1813,35.1255],[-80.1631,35.1218],[-80.1552,35.1344],[-80.1388,35.1403],[-80.1305,35.158],[-80.1208,35.1633],[-80.1124,35.1347],[-80.1179,35.1199],[-80.1017,35.1114],[-80.098,35.096],[-80.1328,35.0889],[-80.1394,35.0994],[-80.1311,35.1107],[-80.1544,35.1106],[-80.165,35.0898],[-80.1793,35.0993],[-80.1931,35.0979],[-80.1809,35.0818],[-80.197,35.0726],[-80.1934,35.0623],[-80.1479,35.0375],[-80.1522,35.0197],[-80.1485,35.0025],[-80.127,34.9781],[-80.1318,34.9568],[-80.1691,34.9427],[-80.174,34.9356],[-80.1786,34.8915],[-80.1985,34.8923]]]},"properties":{"ZCTA5CE20":"28170","AFFGEOID20":"860Z200US28170","GEOID20":"28170","NAME20":"28170","LSAD20":"Z5","ALAND20":460827363,"AWATER20":1780514}},
{"type":"Feature","geometry":{"type":"Polygon","coordinates":[[[-82.6136,35.6948],[-82.6191,35.6904],[-82.614,35.672],[-82.6308,35.6604],[-82.6317,35.6439],[-82.6155,35.6328],[-82.6027,35.6179],[-82.5828,35.6242],[-82.5772,35.6129],[-82.5512,35.6122],[-82.541,35.5999],[-82.5266,35.6244],[-82.5106,35.6168],[-82.5005,35.6264],[-82.485,35.6583],[-82.4652,35.6674],[-82.4534,35.6541],[-82.4435,35.6722],[-82.4735,35.67],[-82.4847,35.661],[-82.4954,35.6665],[-82.5134,35.6599],[-82.5479,35.6586],[-82.5513,35.6653],[-82.5765,35.6709],[-82.5745,35.6887],[-82.5798,35.6957],[-82.6057,35.6909],[-82.6136,35.6948]]]},"properties":{"ZCTA5CE20":"28804","AFFGEOID20":"860Z200US28804","GEOID20":"28804","NAME20":"28804","LSAD20":"Z5","ALAND20":74227554,"AWATER20":1627512}},
{"type":"Feature","geometry":{"type":"Polygon","coordinates":[[[-81.3787,35.4416],[-81.3807,35.4274],[-81.3588,35.4149],[-81.322,35.4151],[-81.3255,35.4037],[-81.3408,35.3976],[-81.3102,35.3764],[-81.2927,35.3792],[-81.285,35.389],[-81.2893,35.4089],[-81.3054,35.4198],[-81.29,35.4297],[-81.2879,35.4397],[-81.3016,35.457],[-81.3176,35.4565],[-81.3464,35.4408],[-81.363,35.4454],[-81.3787,35.4416]]]},"properties":{"ZCTA5CE20":"28033","AFFGEOID20":"860Z200US28033","GEOID20":"28033","NAME20":"28033","LSAD20":"Z5","ALAND20":41804155,"AWATER20":217763}},
{"type":"Feature","geometry":{"type":"Polygon","coordinates":[[[-83.0233,35.0238],[-83.03,34.9828],[-83.0304,34.9662],[-83.0207,34.9592],[-83.027,34.9271],[-82.9976,34.8971],[-83.01,34.8884],[-83.0128,34.8713],[-82.9858,34.8585],[-82.9799,34.8366],[-82.9564,34.8357],[-82.9411,34.8308],[-82.9116,34.7979],[-82.8966,34.8029],[-82.9011,34.8232],[-82.8961,34.8369],[-82.9005,34.8551],[-82.9047,34.8592],[-82.9093,34.8947],[-82.9014,34.9146],[-82.9084,34.9189],[-82.9033,34.935],[-82.9192,34.9599],[-82.9159,34.9724],[-82.9386,34.9809],[-82.9379,34.9958],[-82.9288,35.0096],[-82.9121,35.0095],[-82.9183,35.0361],[-82.905,35.0421],[-82.8976,35.056],[-83.0087,35.0276],[-83.0233,35.0238]]]},"properties":{"ZCTA5CE20":"29676","AFFGEOID20":"860Z200US29676","GEOID20":"29676","NAME20":"29676","LSAD20":"Z5","ALAND20":186661563,"AWATER20":35117395}},
{"type":"Feature","geometry":{"type":"Polygon","coordinates":[[[-81.8317,34.9424],[-81.835,34.9499],[-81.8401,34.9442],[-81.8317,34.9424]]]},"properties":{"ZCTA5CE20":"29346","AFFGEOID20":"860Z200US29346","GEOID20":"29346","NAME20":"29346","LSAD20":"Z5","ALAND20":523362,"AWATER20":0}},
{"type":"Feature","geometry":{"type":"Polygon","coordinates":[[[-82.0119,36.0514],[-82.0097,36.0301],[-82.0015,36.0317],[-82.001,36.0543],[-82.0119,36.0514]]]},"properties":{"ZCTA5CE20":"28664","AFFGEOID20":"860Z200US28664","GEOID20":"28664","NAME20":"28664","LSAD20":"Z5","ALAND20":2315761,"AWATER20":0}},
{"type":"Feature","geometry":{"type":"Polygon","coordinates":[[[-78.9478,34.3586],[-78.9309,34.3452],[-78.9058,34.346],[-78.8946,34.34],[-78.9147,34.3279],[-78.9147,34.3162],[-78.8862,34.3111],[-78.8772,34.2798],[-78.8708,34.2702],[-78.8739,34.2542],[-78.8782,34.2362],[-78.8422,34.2363],[-78.8438,34.2151],[-78.8077,34.2029],[-78.7963,34.2035],[-78.7706,34.2172],[-78.7732,34.2274],[-78.7966,34.222],[-78.8218,34.2226],[-78.8045,34.2432],[-78.7911,34.2483],[-78.7803,34.2436],[-78.7636,34.2639],[-78.7852,34.2776],[-78.7765,34.3109],[-78.7947,34.3205],[-78.7839,34.3291],[-78.789,34.3381],[-78.779,34.3489],[-78.798,34.3761],[-78.8081,34.3804],[-78.8239,34.3723],[-78.852,34.4004],[-78.8528,34.4185],[-78.8748,34.4125],[-78.8826,34.4043],[-78.9002,34.3994],[-78.9223,34.3775],[-78.943,34.3759],[-78.9478,34.3586]]]},"properties":{"ZCTA5CE20":"28431","AFFGEOID20":"860Z200US28431","GEOID20":"28431","NAME20":"28431","LSAD20":"Z5","ALAND20":203290203,"AWATER20":503308}},
{"type":"Feature","geometry":{"type":"Polygon","coordinates":[[[-82.4342,34.9372],[-82.4463,34.922],[-82.4359,34.9149],[-82.4342,34.9372]]]},"properties":{"ZCTA5CE20":"29613","AFFGEOID20":"860Z200US29613","GEOID20":"29613","NAME20":"29613","LSAD20":"Z5","ALAND20":1634126,"AWATER20":113540}},
{"type":"Feature","geometry":{"type":"Polygon","coordinates":[[[-75.9535,36.3991],[-75.9466,36.3555],[-75.9544,36.3409],[-75.9477,36.3347],[-75.9519,36.3425],[-75.9449,36.358],[-75.9337,36.3647],[-75.9148,36.3515],[-75.9233,36.3619],[-75.9164,36.389],[-75.923,36.3999],[-75.9245,36.4255],[-75.9341,36.4274],[-75.9535,36.3991]]]},"properties":{"ZCTA5CE20":"27923","AFFGEOID20":"860Z200US27923","GEOID20":"27923","NAME20":"27923","LSAD20":"Z5","ALAND20":13392490,"AWATER20":72912201}},
{"type":"Feature","geometry":{"type":"Polygon","coordinates":[[[-81.4775,36.2403],[-81.4719,36.2293],[-81.4533,36.2228],[-81.4472,36.1895],[-81.4117,36.1735],[-81.3915,36.1536],[-81.3635,36.1396],[-81.353,36.152],[-81.3519,36.1636],[-81.3379,36.1701],[-81.3163,36.1562],[-81.2989,36.1469],[-81.286,36.1583],[-81.2697,36.16],[-81.2614,36.189],[-81.2792,36.1978],[-81.2836,36.2206],[-81.3213,36.2208],[-81.3261,36.2373],[-81.3514,36.2198],[-81.3633,36.2485],[-81.3631,36.2685],[-81.3786,36.2779],[-81.3874,36.2849],[-81.4156,36.29],[-81.4169,36.2781],[-81.4294,36.2774],[-81.4328,36.2653],[-81.4554,36.2552],[-81.4735,36.2531],[-81.4775,36.2403]]]},"properties":{"ZCTA5CE20":"28665","AFFGEOID20":"860Z200US28665","GEOID20":"28665","NAME20":"28665","LSAD20":"Z5","ALAND20":167779995,"AWATER20":0}},
{"type":"Feature","geometry":{"type":"Polygon","coordinates":[[[-80.933,34.0444],[-80.9591,34.0009],[-80.9585,33.9961],[-80.9438,33.9942],[-80.9155,33.9803],[-80.8903,33.9857],[-80.8823,33.9869],[-80.8808,33.9876],[-80.8668,33.9919],[-80.7912,34.0022],[-80.774,34.0281],[-80.7805,34.0396],[-80.7511,34.0437],[-80.7206,34.0662],[-80.7416,34.0813],[-80.7561,34.0845],[-80.7674,34.0983],[-80.7797,34.1023],[-80.8196,34.1042],[-80.8264,34.1015],[-80.8743,34.0825],[-80.8826,34.079],[-80.933,34.0444]],[[-80.9442,34.0055],[-80.9428,34.0081],[-80.9169,34.0161],[-80.9202,34.0021],[-80.9442,34.0055]]]},"properties":{"ZCTA5CE20":"29207","AFFGEOID20":"860Z200US29207","GEOID20":"29207","NAME20":"29207","LSAD20":"Z5","ALAND20":169818161,"AWATER20":1873385}},
{"type":"Feature","geometry":{"type":"Polygon","coordinates":[[[-79.8096,32.7792],[-79.8125,32.7748],[-79.7565,32.7966],[-79.7264,32.806],[-79.7199,32.8258],[-79.7038,32.836],[-79.6989,32.8487],[-79.7078,32.8534],[-79.7287,32.8492],[-79.729,32.8304],[-79.7498,32.8331],[-79.7826,32.8227],[-79.8018,32.8077],[-79.7895,32.791],[-79.8096,32.7792]]]},"properties":{"ZCTA5CE20":"29451","AFFGEOID20":"860Z200US29451","GEOID20":"29451","NAME20":"29451","LSAD20":"Z5","ALAND20":23611956,"AWATER20":8840545}},
{"type":"Feature","geometry":{"type":"Polygon","coordinates":[[[-80.0807,36.3537],[-80.0699,36.3476],[-80.0701,36.3208],[-80.0575,36.3112],[-80.0332,36.3274],[-80.0324,36.3559],[-80.0448,36.3641],[-80.0706,36.3662],[-80.0807,36.3537]]]},"properties":{"ZCTA5CE20":"27042","AFFGEOID20":"860Z200US27042","GEOID20":"27042","NAME20":"27042","LSAD20":"Z5","ALAND20":18676702,"AWATER20":150656}},
{"type":"Feature","geometry":{"type":"Polygon","coordinates":[[[-80.8799,32.7921],[-80.9042,32.7927],[-80.9352,32.7689],[-80.9511,32.7799],[-80.9767,32.7912],[-80.9948,32.7772],[-80.9931,32.7505],[-81.0099,32.7692],[-81.0266,32.7554],[-81.0319,32.7303],[-81.0289,32.7064],[-81.0579,32.6938],[-81.0524,32.6801],[-81.0307,32.6618],[-81.02,32.662],[-81.0049,32.6477],[-80.9841,32.6704],[-80.9657,32.6657],[-80.9591,32.6559],[-80.95,32.6615],[-80.9462,32.6881],[-80.9605,32.6985],[-80.9298,32.709],[-80.9183,32.7222],[-80.9021,32.7261],[-80.8824,32.7123],[-80.8633,32.7134],[-80.8492,32.7296],[-80.8597,32.7526],[-80.8662,32.7756],[-80.8799,32.7921]]]},"properties":{"ZCTA5CE20":"29916","AFFGEOID20":"860Z200US29916","GEOID20":"29916","NAME20":"29916","LSAD20":"Z5","ALAND20":164382162,"AWATER20":123127}},
{"type":"Feature","geometry":{"type":"Polygon","coordinates":[[[-76.8182,36.0725],[-76.8401,36.0594],[-76.8514,36.0433],[-76.8362,36.0389],[-76.8122,36.0249],[-76.8008,36.0293],[-76.781,36.024],[-76.7631,35.9788],[-76.7396,35.9766],[-76.7246,35.9807],[-76.7125,35.9737],[-76.6993,35.9896],[-76.6821,35.9905],[-76.686,36.0063],[-76.7038,36.0106],[-76.7056,36.0426],[-76.718,36.048],[-76.7309,36.0747],[-76.726,36.0962],[-76.7342,36.1039],[-76.7542,36.1481],[-76.7695,36.1407],[-76.7945,36.1389],[-76.8093,36.129],[-76.8052,36.1041],[-76.8169,36.0831],[-76.8182,36.0725]]]},"properties":{"ZCTA5CE20":"27957","AFFGEOID20":"860Z200US27957","GEOID20":"27957","NAME20":"27957","LSAD20":"Z5","ALAND20":139176458,"AWATER20":30090041}},
{"type":"Feature","geometry":{"type":"Polygon","coordinates":[[[-79.928,34.0095],[-79.9526,34.01],[-79.9867,33.9911],[-79.982,33.9778],[-79.9898,33.9686],[-79.9746,33.9465],[-79.9553,33.9013],[-79.958,33.8885],[-79.9304,33.8866],[-79.9264,33.9044],[-79.9079,33.9133],[-79.8904,33.9272],[-79.88,33.9358],[-79.8912,33.9458],[-79.8673,33.9561],[-79.8816,33.9684],[-79.8923,33.9577],[-79.9059,33.9543],[-79.9013,33.975],[-79.8841,33.9894],[-79.9056,34.0031],[-79.928,34.0095]]]},"properties":{"ZCTA5CE20":"29114","AFFGEOID20":"860Z200US29114","GEOID20":"29114","NAME20":"29114","LSAD20":"Z5","ALAND20":89504343,"AWATER20":20304}},
{"type":"Feature","geometry":{"type":"Polygon","coordinates":[[[-80.8704,35.198],[-80.8778,35.1904],[-80.8748,35.1727],[-80.8594,35.1693],[-80.8486,35.1528],[-80.8362,35.1559],[-80.8292,35.1799],[-80.8418,35.1863],[-80.8384,35.1963],[-80.8429,35.1915],[-80.8663,35.2031],[-80.8704,35.198]]]},"properties":{"ZCTA5CE20":"28209","AFFGEOID20":"860Z200US28209","GEOID20":"28209","NAME20":"28209","LSAD20":"Z5","ALAND20":14221265,"AWATER20":26851}},
{"type":"Feature","geometry":{"type":"Polygon","coordinates":[[[-81.0945,36.4399],[-81.0874,36.4022],[-81.1072,36.3698],[-81.0959,36.3631],[-81.1059,36.3535],[-81.0966,36.3407],[-81.0971,36.3277],[-81.0889,36.3118],[-81.0756,36.2991],[-81.0667,36.279],[-81.0572,36.2738],[-81.0426,36.2889],[-81.0177,36.2955],[-80.9826,36.2999],[-80.9773,36.3244],[-80.9686,36.3391],[-80.9721,36.3464],[-80.9736,36.3631],[-80.9599,36.3732],[-80.984,36.3768],[-80.9947,36.3794],[-81.0136,36.3713],[-81.0267,36.3732],[-81.0439,36.3983],[-81.0466,36.4116],[-81.0778,36.4178],[-81.0838,36.4331],[-81.0945,36.4399]]]},"properties":{"ZCTA5CE20":"28685","AFFGEOID20":"860Z200US28685","GEOID20":"28685","NAME20":"28685","LSAD20":"Z5","ALAND20":122169849,"AWATER20":0}},
{"type":"Feature","geometry":{"type":"Polygon","coordinates":[[[-77.3538,34.7345],[-77.3442,34.7226],[-77.3244,34.6721],[-77.2998,34.6794],[-77.2739,34.7073],[-77.2984,34.7113],[-77.298,34.7275],[-77.3112,34.745],[-77.3208,34.7387],[-77.3538,34.7345]]]},"properties":{"ZCTA5CE20":"28544","AFFGEOID20":"860Z200US28544","GEOID20":"28544","NAME20":"28544","LSAD20":"Z5","ALAND20":27513563,"AWATER20":47495}},
{"type":"Feature","geometry":{"type":"Polygon","coordinates":[[[-77.334,35.7103],[-77.3447,35.706],[-77.3468,35.6906],[-77.3268,35.6704],[-77.3131,35.676],[-77.3037,35.6624],[-77.2551,35.6546],[-77.2611,35.6709],[-77.2497,35.6864],[-77.2386,35.6852],[-77.209,35.6953],[-77.1968,35.7138],[-77.2079,35.7177],[-77.2145,35.7394],[-77.2273,35.748],[-77.2577,35.7542],[-77.2743,35.7627],[-77.2864,35.748],[-77.3049,35.7348],[-77.3083,35.7219],[-77.3271,35.7205],[-77.334,35.7103]]]},"properties":{"ZCTA5CE20":"27884","AFFGEOID20":"860Z200US27884","GEOID20":"27884","NAME20":"27884","LSAD20":"Z5","ALAND20":92685326,"AWATER20":132165}},
{"type":"Feature","geometry":{"type":"Polygon","coordinates":[[[-80.9143,35.2822],[-80.9113,35.2753],[-80.9265,35.2592],[-80.9271,35.2446],[-80.9368,35.241],[-80.9502,35.2215],[-80.9486,35.1966],[-80.9576,35.1903],[-80.9355,35.1934],[-80.9216,35.1897],[-80.9084,35.194],[-80.8797,35.2109],[-80.8679,35.2221],[-80.8544,35.2241],[-80.8558,35.2359],[-80.8663,35.2505],[-80.9006,35.28],[-80.9143,35.2822]]]},"properties":{"ZCTA5CE20":"28208","AFFGEOID20":"860Z200US28208","GEOID20":"28208","NAME20":"28208","LSAD20":"Z5","ALAND20":52410526,"AWATER20":64075}},
{"type":"Feature","geometry":{"type":"MultiPolygon","coordinates":[[[[-79.0304,35.3126],[-79.0307,35.294],[-79.0217,35.2937],[-79.0099,35.3025],[-79.0304,35.3126]]],[[[-78.9698,35.5215],[-78.9573,35.5006],[-78.9942,35.4888],[-78.9944,35.4739],[-79.0063,35.4698],[-79.0225,35.4499],[-79.0377,35.4536],[-79.0437,35.4618],[-79.0677,35.4627],[-79.0544,35.4453],[-79.0669,35.4382],[-79.0558,35.4078],[-79.061,35.3947],[-79.0422,35.3665],[-79.043,35.3465],[-79.0291,35.3354],[-79.0304,35.3126],[-79.0005,35.3346],[-79.0058,35.3541],[-78.9702,35.355],[-78.9707,35.3621],[-78.9578,35.3788],[-78.962,35.3832],[-78.9652,35.4192],[-78.9582,35.4398],[-78.9387,35.4451],[-78.9388,35.4519],[-78.9203,35.4668],[-78.9414,35.4794],[-78.9504,35.4847],[-78.9614,35.5103],[-78.9698,35.5215]]]]},"properties":{"ZCTA5CE20":"27505","AFFGEOID20":"860Z200US27505","GEOID20":"27505","NAME20":"27505","LSAD20":"Z5","ALAND20":139350258,"AWATER20":668137}},
{"type":"Feature","geometry":{"type":"Polygon","coordinates":[[[-79.8401,36.1763],[-79.8562,36.1461],[-79.8424,36.125],[-79.835,36.1164],[-79.8018,36.1262],[-79.7762,36.1415],[-79.7831,36.1492],[-79.784,36.1881],[-79.7633,36.1946],[-79.7587,36.2131],[-79.7683,36.222],[-79.7571,36.233],[-79.7725,36.2483],[-79.784,36.2487],[-79.7898,36.2395],[-79.8093,36.235],[-79.8317,36.2238],[-79.8432,36.2127],[-79.8401,36.1763]]]},"properties":{"ZCTA5CE20":"27455","AFFGEOID20":"860Z200US27455","GEOID20":"27455","NAME20":"27455","LSAD20":"Z5","ALAND20":74396894,"AWATER20":4003889}},
{"type":"Feature","geometry":{"type":"Polygon","coordinates":[[[-81.0754,36.0162],[-81.0921,36.0138],[-81.107,36.0028],[-81.1127,35.9879],[-81.1244,35.9834],[-81.116,35.9626],[-81.1243,35.9522],[-81.1176,35.9417],[-81.1335,35.9348],[-81.1271,35.9174],[-81.106,35.8913],[-81.1057,35.8766],[-81.1185,35.8746],[-81.12,35.861],[-81.1115,35.852],[-81.1024,35.8584],[-81.0854,35.8538],[-81.0789,35.8647],[-81.064,35.8698],[-81.0665,35.8811],[-81.0378,35.893],[-81.0273,35.9009],[-81.0312,35.9159],[-81.0168,35.9189],[-80.9808,35.9032],[-80.9732,35.9104],[-80.9793,35.9264],[-81.0087,35.9374],[-81.0113,35.9599],[-81.0284,35.9654],[-81.0349,35.9833],[-81.012,35.9828],[-81.0054,36.0007],[-81.0134,36.016],[-81.0358,36.0198],[-81.0754,36.0162]]]},"properties":{"ZCTA5CE20":"28636","AFFGEOID20":"860Z200US28636","GEOID20":"28636","NAME20":"28636","LSAD20":"Z5","ALAND20":149636682,"AWATER20":413266}},
{"type":"Feature","geometry":{"type":"Polygon","coordinates":[[[-80.0299,36.4478],[-80.0208,36.4265],[-79.9755,36.4024],[-79.9377,36.4078],[-79.9333,36.437],[-79.9471,36.4492],[-79.9722,36.4534],[-79.9754,36.4627],[-79.9935,36.473],[-80.0146,36.4989],[-80.0283,36.5073],[-80.0299,36.4478]]]},"properties":{"ZCTA5CE20":"27027","AFFGEOID20":"860Z200US27027","GEOID20":"27027","NAME20":"27027","LSAD20":"Z5","ALAND20":54784585,"AWATER20":159682}},
{"type":"Feature","geometry":{"type":"Polygon","coordinates":[[[-80.7487,35.2243],[-80.7609,35.1988],[-80.7764,35.1822],[-80.7432,35.1489],[-80.7364,35.1598],[-80.7379,35.1641],[-80.7253,35.1735],[-80.73,35.1859],[-80.7249,35.2232],[-80.7487,35.2243]]]},"properties":{"ZCTA5CE20":"28212","AFFGEOID20":"860Z200US28212","GEOID20":"28212","NAME20":"28212","LSAD20":"Z5","ALAND20":23788793,"AWATER20":144774}},
{"type":"Feature","geometry":{"type":"Polygon","coordinates":[[[-82.0256,34.3512],[-82.0212,34.3339],[-82.0301,34.3297],[-82.0376,34.2853],[-82.0142,34.2707],[-82.0203,34.2519],[-82.0072,34.2415],[-81.9921,34.2423],[-81.9784,34.2381],[-81.9711,34.2222],[-81.9607,34.2185],[-81.945,34.2031],[-81.9382,34.2074],[-81.9314,34.1988],[-81.9172,34.192],[-81.9157,34.2215],[-81.9238,34.2309],[-81.9156,34.2405],[-81.9151,34.2571],[-81.9032,34.2633],[-81.9035,34.2733],[-81.9243,34.2681],[-81.9254,34.2917],[-81.9125,34.2973],[-81.9365,34.316],[-81.9406,34.3302],[-81.9596,34.3246],[-81.968,34.3426],[-81.9907,34.3542],[-82.019,34.3629],[-82.0256,34.3512]]]},"properties":{"ZCTA5CE20":"29332","AFFGEOID20":"860Z200US29332","GEOID20":"29332","NAME20":"29332","LSAD20":"Z5","ALAND20":120730712,"AWATER20":8051736}},
{"type":"Feature","geometry":{"type":"Polygon","coordinates":[[[-81.8916,33.6265],[-81.9231,33.6019],[-81.9016,33.578],[-81.8911,33.5826],[-81.8739,33.5624],[-81.8869,33.5437],[-81.8937,33.5256],[-81.8945,33.5052],[-81.8945,33.5051],[-81.8692,33.5108],[-81.8158,33.5531],[-81.7895,33.5595],[-81.7867,33.5764],[-81.8086,33.5795],[-81.811,33.5981],[-81.822,33.606],[-81.8241,33.621],[-81.8347,33.6326],[-81.8652,33.6331],[-81.8808,33.6206],[-81.8916,33.6265]]]},"properties":{"ZCTA5CE20":"29829","AFFGEOID20":"860Z200US29829","GEOID20":"29829","NAME20":"29829","LSAD20":"Z5","ALAND20":90330744,"AWATER20":1249893}},
{"type":"Feature","geometry":{"type":"Polygon","coordinates":[[[-79.831,34.9178],[-79.8251,34.9087],[-79.8249,34.9033],[-79.816,34.907],[-79.8226,34.9156],[-79.831,34.9178]]]},"properties":{"ZCTA5CE20":"28330","AFFGEOID20":"860Z200US28330","GEOID20":"28330","NAME20":"28330","LSAD20":"Z5","ALAND20":889960,"AWATER20":0}},
{"type":"Feature","geometry":{"type":"Polygon","coordinates":[[[-80.2858,35.118],[-80.2972,35.105],[-80.3103,35.0988],[-80.2901,35.081],[-80.2956,35.0333],[-80.3163,35.0377],[-80.3251,35.0265],[-80.3021,35.0119],[-80.3091,34.9965],[-80.3005,34.9904],[-80.3123,34.8882],[-80.2958,34.9009],[-80.2729,34.8917],[-80.2887,34.8806],[-80.2945,34.8627],[-80.3083,34.8498],[-80.3153,34.862],[-80.3208,34.8141],[-80.2452,34.8131],[-80.2085,34.8124],[-80.1844,34.8119],[-80.1747,34.8117],[-80.1729,34.8201],[-80.1875,34.8255],[-80.1823,34.8485],[-80.1835,34.8626],[-80.2029,34.8626],[-80.2055,34.8726],[-80.1985,34.8923],[-80.2627,34.906],[-80.267,34.9401],[-80.2537,34.9565],[-80.2617,34.9826],[-80.2449,35.0152],[-80.2558,35.0332],[-80.2282,35.0628],[-80.2134,35.071],[-80.2086,35.0805],[-80.23,35.0946],[-80.2433,35.0855],[-80.2604,35.0986],[-80.2784,35.0916],[-80.2786,35.111],[-80.2858,35.118]]]},"properties":{"ZCTA5CE20":"28133","AFFGEOID20":"860Z200US28133","GEOID20":"28133","NAME20":"28133","LSAD20":"Z5","ALAND20":211579540,"AWATER20":165669}},
{"type":"Feature","geometry":{"type":"Polygon","coordinates":[[[-77.0295,35.4903],[-77.0382,35.4805],[-77.0249,35.4668],[-77.009,35.4359],[-76.9891,35.4228],[-76.9658,35.4271],[-76.9624,35.4045],[-76.9674,35.3928],[-77.0022,35.3698],[-77.0276,35.3658],[-77.0271,35.3535],[-77.0421,35.3435],[-76.9588,35.301],[-76.9394,35.2864],[-76.9284,35.2889],[-76.9148,35.3116],[-76.9036,35.32],[-76.891,35.3228],[-76.8871,35.3418],[-76.8649,35.3595],[-76.857,35.3734],[-76.8307,35.3777],[-76.821,35.3842],[-76.8194,35.3994],[-76.8232,35.4083],[-76.8445,35.4237],[-76.8766,35.4247],[-76.9079,35.4357],[-76.925,35.4488],[-76.9662,35.434],[-76.9746,35.4589],[-76.9864,35.4725],[-77.0047,35.4758],[-77.0295,35.4903]]]},"properties":{"ZCTA5CE20":"27814","AFFGEOID20":"860Z200US27814","GEOID20":"27814","NAME20":"27814","LSAD20":"Z5","ALAND20":197643729,"AWATER20":34466705}},
{"type":"Feature","geometry":{"type":"Polygon","coordinates":[[[-76.8333,36.269],[-76.8228,36.2446],[-76.7982,36.2464],[-76.7671,36.2436],[-76.7964,36.2656],[-76.7814,36.2841],[-76.7737,36.2707],[-76.7574,36.2704],[-76.7488,36.2517],[-76.7222,36.2438],[-76.709,36.255],[-76.6938,36.2822],[-76.6966,36.2961],[-76.7353,36.3241],[-76.7585,36.3502],[-76.7757,36.3605],[-76.794,36.3597],[-76.7759,36.3584],[-76.767,36.3486],[-76.7738,36.3377],[-76.7629,36.3216],[-76.7834,36.3243],[-76.7868,36.3165],[-76.8047,36.3199],[-76.8224,36.3158],[-76.7938,36.2987],[-76.7962,36.2854],[-76.8254,36.2758],[-76.8333,36.269]]]},"properties":{"ZCTA5CE20":"27942","AFFGEOID20":"860Z200US27942","GEOID20":"27942","NAME20":"27942","LSAD20":"Z5","ALAND20":72009507,"AWATER20":10421335}},
{"type":"Feature","geometry":{"type":"Polygon","coordinates":[[[-79.0712,34.2993],[-78.9814,34.2239],[-78.9691,34.2425],[-78.9936,34.2682],[-78.9913,34.2846],[-78.9786,34.2954],[-78.9705,34.3277],[-78.9785,34.3571],[-78.9899,34.3467],[-79.0117,34.3392],[-79.0344,34.3226],[-79.0382,34.3134],[-79.0529,34.3146],[-79.0712,34.2993]]]},"properties":{"ZCTA5CE20":"28439","AFFGEOID20":"860Z200US28439","GEOID20":"28439","NAME20":"28439","LSAD20":"Z5","ALAND20":63136466,"AWATER20":198160}},
{"type":"Feature","geometry":{"type":"Polygon","coordinates":[[[-79.0407,34.8656],[-79.0553,34.8687],[-79.0617,34.8566],[-79.0486,34.8555],[-79.0407,34.8656]]]},"properties":{"ZCTA5CE20":"28378","AFFGEOID20":"860Z200US28378","GEOID20":"28378","NAME20":"28378","LSAD20":"Z5","ALAND20":2899704,"AWATER20":0}},
{"type":"Feature","geometry":{"type":"Polygon","coordinates":[[[-79.0551,35.9041],[-79.057,35.902],[-79.0524,35.9018],[-79.0485,35.9046],[-79.0528,35.9072],[-79.0551,35.9041]]]},"properties":{"ZCTA5CE20":"27599","AFFGEOID20":"860Z200US27599","GEOID20":"27599","NAME20":"27599","LSAD20":"Z5","ALAND20":258215,"AWATER20":0}},
{"type":"Feature","geometry":{"type":"Polygon","coordinates":[[[-79.5393,35.5046],[-79.5407,35.4945],[-79.518,35.4808],[-79.5165,35.4979],[-79.526,35.4955],[-79.5393,35.5046]]]},"properties":{"ZCTA5CE20":"27259","AFFGEOID20":"860Z200US27259","GEOID20":"27259","NAME20":"27259","LSAD20":"Z5","ALAND20":3528260,"AWATER20":0}},
{"type":"Feature","geometry":{"type":"Polygon","coordinates":[[[-78.7452,35.4063],[-78.7395,35.4055],[-78.7351,35.4127],[-78.7444,35.4125],[-78.7452,35.4063]]]},"properties":{"ZCTA5CE20":"27506","AFFGEOID20":"860Z200US27506","GEOID20":"27506","NAME20":"27506","LSAD20":"Z5","ALAND20":708635,"AWATER20":0}},
{"type":"Feature","geometry":{"type":"MultiPolygon","coordinates":[[[[-76.0392,36.5],[-76.0483,36.492],[-76.0353,36.4752],[-76.0331,36.4605],[-76.0209,36.4599],[-76.0392,36.5]]],[[[-76.0563,36.4404],[-76.0517,36.4218],[-76.063,36.4083],[-76.0808,36.4068],[-76.0801,36.3854],[-76.0526,36.3914],[-76.0269,36.3895],[-76.0263,36.3894],[-76.0183,36.4066],[-76.0033,36.4136],[-75.9947,36.4079],[-75.9588,36.4078],[-75.972,36.4372],[-75.9899,36.4368],[-76.0123,36.4475],[-76.0208,36.4599],[-76.0371,36.4395],[-76.0563,36.4404]]]]},"properties":{"ZCTA5CE20":"27929","AFFGEOID20":"860Z200US27929","GEOID20":"27929","NAME20":"27929","LSAD20":"Z5","ALAND20":40114444,"AWATER20":32418581}},
{"type":"Feature","geometry":{"type":"Polygon","coordinates":[[[-82.4313,35.2903],[-82.4183,35.2726],[-82.4089,35.2672],[-82.402,35.29],[-82.4161,35.2969],[-82.4313,35.2903]]]},"properties":{"ZCTA5CE20":"28726","AFFGEOID20":"860Z200US28726","GEOID20":"28726","NAME20":"28726","LSAD20":"Z5","ALAND20":6394082,"AWATER20":21211}},
{"type":"Feature","geometry":{"type":"Polygon","coordinates":[[[-82.6237,35.308],[-82.6194,35.3038],[-82.5938,35.3018],[-82.5868,35.3299],[-82.5901,35.339],[-82.6108,35.3381],[-82.6237,35.308]]]},"properties":{"ZCTA5CE20":"28729","AFFGEOID20":"860Z200US28729","GEOID20":"28729","NAME20":"28729","LSAD20":"Z5","ALAND20":10753394,"AWATER20":32657}},
{"type":"Feature","geometry":{"type":"Polygon","coordinates":[[[-81.2704,35.2521],[-81.2881,35.2247],[-81.2753,35.1966],[-81.2851,35.1816],[-81.2866,35.1618],[-81.1806,35.1573],[-81.2058,35.184],[-81.2093,35.2033],[-81.2001,35.2135],[-81.1945,35.2326],[-81.179,35.2576],[-81.1772,35.2688],[-81.187,35.2801],[-81.1819,35.2921],[-81.2217,35.3024],[-81.2367,35.2928],[-81.248,35.2868],[-81.2481,35.2579],[-81.2704,35.2521]]]},"properties":{"ZCTA5CE20":"28052","AFFGEOID20":"860Z200US28052","GEOID20":"28052","NAME20":"28052","LSAD20":"Z5","ALAND20":107244196,"AWATER20":553770}},
{"type":"Feature","geometry":{"type":"Polygon","coordinates":[[[-82.4522,35.5564],[-82.4557,35.5414],[-82.4754,35.5305],[-82.4587,35.5168],[-82.4306,35.5211],[-82.4254,35.5076],[-82.4102,35.4958],[-82.4036,35.471],[-82.3646,35.4609],[-82.3707,35.472],[-82.3693,35.4855],[-82.3396,35.4934],[-82.3381,35.4981],[-82.2937,35.508],[-82.2899,35.5154],[-82.3067,35.5578],[-82.3257,35.5653],[-82.3428,35.5642],[-82.3517,35.5761],[-82.3722,35.5736],[-82.3953,35.5758],[-82.4317,35.5575],[-82.4501,35.5571],[-82.4522,35.5564]]]},"properties":{"ZCTA5CE20":"28730","AFFGEOID20":"860Z200US28730","GEOID20":"28730","NAME20":"28730","LSAD20":"Z5","ALAND20":117406577,"AWATER20":112140}},
{"type":"Feature","geometry":{"type":"Polygon","coordinates":[[[-83.1403,35.2229],[-83.156,35.2162],[-83.1527,35.1997],[-83.1241,35.1618],[-83.1253,35.1367],[-83.1051,35.1237],[-83.0609,35.1293],[-83.0474,35.1504],[-83.0345,35.1607],[-83.0115,35.1684],[-83.0065,35.1697],[-82.991,35.1981],[-83.0269,35.1964],[-83.046,35.2093],[-83.0495,35.2187],[-83.0762,35.2275],[-83.1001,35.2215],[-83.1102,35.2249],[-83.1403,35.2229]]]},"properties":{"ZCTA5CE20":"28736","AFFGEOID20":"860Z200US28736","GEOID20":"28736","NAME20":"28736","LSAD20":"Z5","ALAND20":100916629,"AWATER20":123280}},
{"type":"Feature","geometry":{"type":"Polygon","coordinates":[[[-77.5909,36.5452],[-77.5898,36.5234],[-77.57,36.5091],[-77.5404,36.5096],[-77.5477,36.4848],[-77.4983,36.5002],[-77.4988,36.4727],[-77.484,36.4725],[-77.455,36.4839],[-77.4604,36.4989],[-77.4611,36.5289],[-77.4473,36.5344],[-77.4492,36.545],[-77.5592,36.5452],[-77.5909,36.5452]]]},"properties":{"ZCTA5CE20":"27866","AFFGEOID20":"860Z200US27866","GEOID20":"27866","NAME20":"27866","LSAD20":"Z5","ALAND20":67905527,"AWATER20":225782}},
{"type":"Feature","geometry":{"type":"Polygon","coordinates":[[[-77.4131,36.2799],[-77.4056,36.2612],[-77.3806,36.2493],[-77.3763,36.243],[-77.3864,36.2127],[-77.351,36.1915],[-77.3284,36.1919],[-77.3131,36.1722],[-77.2915,36.1683],[-77.2997,36.1814],[-77.2933,36.1974],[-77.2982,36.2077],[-77.2549,36.2185],[-77.232,36.2085],[-77.2271,36.2141],[-77.2282,36.2182],[-77.2067,36.251],[-77.2341,36.2456],[-77.2354,36.2597],[-77.2263,36.2798],[-77.2354,36.2959],[-77.2618,36.2905],[-77.2421,36.3122],[-77.2597,36.3112],[-77.2584,36.3256],[-77.2763,36.3198],[-77.2842,36.3337],[-77.3066,36.3423],[-77.3217,36.336],[-77.347,36.3466],[-77.3593,36.3629],[-77.3681,36.3555],[-77.376,36.3379],[-77.3765,36.3218],[-77.3878,36.3015],[-77.3996,36.3065],[-77.4131,36.2799]]]},"properties":{"ZCTA5CE20":"27869","AFFGEOID20":"860Z200US27869","GEOID20":"27869","NAME20":"27869","LSAD20":"Z5","ALAND20":212688058,"AWATER20":1874372}},
{"type":"Feature","geometry":{"type":"Polygon","coordinates":[[[-81.2646,32.6824],[-81.2496,32.6663],[-81.2334,32.6689],[-81.2271,32.6859],[-81.2365,32.6942],[-81.2609,32.6974],[-81.2646,32.6824]]]},"properties":{"ZCTA5CE20":"29939","AFFGEOID20":"860Z200US29939","GEOID20":"29939","NAME20":"29939","LSAD20":"Z5","ALAND20":8838809,"AWATER20":0}},
{"type":"Feature","geometry":{"type":"Polygon","coordinates":[[[-79.8109,34.0017],[-79.7911,33.9787],[-79.7907,33.9601],[-79.771,33.9572],[-79.7583,33.9665],[-79.7471,33.9565],[-79.7378,33.9372],[-79.7147,33.9389],[-79.6963,33.9153],[-79.6781,33.9203],[-79.6568,33.9201],[-79.6792,33.934],[-79.7061,33.9592],[-79.685,33.9768],[-79.7029,34.0176],[-79.7133,34.02],[-79.7217,34.0346],[-79.7493,34.0515],[-79.7765,34.0539],[-79.7968,34.0405],[-79.789,34.0311],[-79.8018,34.0087],[-79.8109,34.0017]]]},"properties":{"ZCTA5CE20":"29530","AFFGEOID20":"860Z200US29530","GEOID20":"29530","NAME20":"29530","LSAD20":"Z5","ALAND20":104992585,"AWATER20":31326}},
{"type":"Feature","geometry":{"type":"Polygon","coordinates":[[[-81.0795,35.2511],[-81.0927,35.2349],[-81.0903,35.2242],[-81.072,35.2189],[-81.0731,35.249],[-81.0795,35.2511]]]},"properties":{"ZCTA5CE20":"28032","AFFGEOID20":"860Z200US28032","GEOID20":"28032","NAME20":"28032","LSAD20":"Z5","ALAND20":5372537,"AWATER20":397359}},
{"type":"Feature","geometry":{"type":"Polygon","coordinates":[[[-82.497,34.8312],[-82.4888,34.8195],[-82.5028,34.801],[-82.4846,34.784],[-82.4816,34.7895],[-82.4589,34.7883],[-82.4471,34.7745],[-82.4317,34.7757],[-82.4258,34.7887],[-82.4316,34.8143],[-82.4239,34.8287],[-82.4242,34.8426],[-82.4168,34.8543],[-82.4214,34.8706],[-82.4287,34.8771],[-82.4424,34.8572],[-82.4572,34.8558],[-82.4678,34.8727],[-82.4649,34.9106],[-82.4963,34.889],[-82.4877,34.8851],[-82.489,34.8614],[-82.4847,34.8444],[-82.497,34.8312]]]},"properties":{"ZCTA5CE20":"29611","AFFGEOID20":"860Z200US29611","GEOID20":"29611","NAME20":"29611","LSAD20":"Z5","ALAND20":62023665,"AWATER20":1079641}},
{"type":"Feature","geometry":{"type":"Polygon","coordinates":[[[-79.2137,34.7551],[-79.2275,34.743],[-79.2214,34.7262],[-79.2334,34.7185],[-79.2376,34.7024],[-79.236,34.6798],[-79.2223,34.668],[-79.2116,34.6682],[-79.1874,34.6512],[-79.18,34.6418],[-79.1551,34.6345],[-79.1319,34.6489],[-79.1438,34.6662],[-79.1373,34.6753],[-79.1004,34.6847],[-79.0937,34.6897],[-79.1155,34.7121],[-79.1425,34.725],[-79.1529,34.7471],[-79.1748,34.7606],[-79.2001,34.7633],[-79.2137,34.7551]]]},"properties":{"ZCTA5CE20":"28372","AFFGEOID20":"860Z200US28372","GEOID20":"28372","NAME20":"28372","LSAD20":"Z5","ALAND20":114635918,"AWATER20":0}},
{"type":"Feature","geometry":{"type":"Polygon","coordinates":[[[-80.8122,32.6114],[-80.8294,32.6154],[-80.8371,32.6099],[-80.8315,32.5934],[-80.8392,32.5575],[-80.8379,32.5393],[-80.8477,32.5301],[-80.836,32.5182],[-80.8192,32.4859],[-80.8017,32.495],[-80.7859,32.497],[-80.7828,32.5147],[-80.7955,32.5423],[-80.7947,32.5612],[-80.808,32.5657],[-80.8161,32.5796],[-80.8122,32.6114]]]},"properties":{"ZCTA5CE20":"29941","AFFGEOID20":"860Z200US29941","GEOID20":"29941","NAME20":"29941","LSAD20":"Z5","ALAND20":39092211,"AWATER20":8343275}},
{"type":"Feature","geometry":{"type":"Polygon","coordinates":[[[-77.2549,36.2185],[-77.2438,36.1895],[-77.2293,36.1987],[-77.232,36.2085],[-77.2549,36.2185]]]},"properties":{"ZCTA5CE20":"27872","AFFGEOID20":"860Z200US27872","GEOID20":"27872","NAME20":"27872","LSAD20":"Z5","ALAND20":5258672,"AWATER20":0}},
{"type":"Feature","geometry":{"type":"Polygon","coordinates":[[[-81.2035,35.3973],[-81.2343,35.3878],[-81.2538,35.3655],[-81.2408,35.3382],[-81.2301,35.3298],[-81.2329,35.3148],[-81.2276,35.3049],[-81.2367,35.2928],[-81.2217,35.3024],[-81.1819,35.2921],[-81.135,35.3072],[-81.1183,35.3174],[-81.1286,35.3206],[-81.1387,35.3588],[-81.1173,35.3614],[-81.1143,35.3877],[-81.1186,35.3998],[-81.1228,35.4076],[-81.1779,35.4096],[-81.1991,35.4103],[-81.2035,35.3973]]]},"properties":{"ZCTA5CE20":"28034","AFFGEOID20":"860Z200US28034","GEOID20":"28034","NAME20":"28034","LSAD20":"Z5","ALAND20":118232136,"AWATER20":998129}},
{"type":"Feature","geometry":{"type":"Polygon","coordinates":[[[-76.4698,35.5243],[-76.4767,35.5117],[-76.4908,35.5044],[-76.5158,35.5037],[-76.5362,35.5095],[-76.5871,35.5089],[-76.5621,35.4913],[-76.5628,35.475],[-76.5457,35.4609],[-76.5655,35.4495],[-76.5525,35.4369],[-76.5331,35.4323],[-76.5403,35.4107],[-76.5322,35.4013],[-76.5103,35.3974],[-76.4963,35.3817],[-76.4696,35.3737],[-76.4808,35.4045],[-76.4381,35.3985],[-76.4032,35.4301],[-76.4174,35.4408],[-76.4036,35.4626],[-76.4218,35.4692],[-76.4286,35.4894],[-76.4187,35.4947],[-76.4309,35.5081],[-76.4142,35.5232],[-76.4424,35.524],[-76.4586,35.5293],[-76.4698,35.5243]]]},"properties":{"ZCTA5CE20":"27875","AFFGEOID20":"860Z200US27875","GEOID20":"27875","NAME20":"27875","LSAD20":"Z5","ALAND20":143798841,"AWATER20":100958915}},
{"type":"Feature","geometry":{"type":"Polygon","coordinates":[[[-82.5258,34.9523],[-82.5211,34.9274],[-82.4939,34.8961],[-82.4963,34.889],[-82.4649,34.9106],[-82.4678,34.8727],[-82.4572,34.8558],[-82.4424,34.8572],[-82.4287,34.8771],[-82.4166,34.8904],[-82.4292,34.9129],[-82.4359,34.9149],[-82.4463,34.922],[-82.4342,34.9372],[-82.4356,34.9417],[-82.4614,34.959],[-82.4775,34.9468],[-82.4928,34.9472],[-82.5169,34.9539],[-82.518,34.9678],[-82.5258,34.9523]]]},"properties":{"ZCTA5CE20":"29617","AFFGEOID20":"860Z200US29617","GEOID20":"29617","NAME20":"29617","LSAD20":"Z5","ALAND20":58008362,"AWATER20":884935}},
{"type":"Feature","geometry":{"type":"Polygon","coordinates":[[[-78.1483,35.742],[-78.1552,35.7292],[-78.1677,35.7335],[-78.176,35.7184],[-78.1622,35.7132],[-78.1463,35.7087],[-78.1378,35.6994],[-78.1178,35.6915],[-78.1095,35.6938],[-78.1061,35.7138],[-78.0846,35.709],[-78.0691,35.697],[-78.0576,35.7068],[-78.0496,35.7354],[-78.0169,35.7296],[-78.0121,35.7351],[-78.0282,35.7619],[-78.0394,35.778],[-78.0718,35.7848],[-78.0738,35.7738],[-78.0872,35.7687],[-78.1062,35.7746],[-78.1023,35.7433],[-78.1284,35.7469],[-78.1483,35.742]]]},"properties":{"ZCTA5CE20":"27880","AFFGEOID20":"860Z200US27880","GEOID20":"27880","NAME20":"27880","LSAD20":"Z5","ALAND20":66161778,"AWATER20":5421818}},
{"type":"Feature","geometry":{"type":"Polygon","coordinates":[[[-83.5379,35.0353],[-83.5212,35.0182],[-83.5271,35.0092],[-83.517,34.9992],[-83.4868,34.9987],[-83.483,34.9935],[-83.4252,34.9943],[-83.3678,34.9952],[-83.3395,35.0331],[-83.3318,35.0539],[-83.3594,35.0723],[-83.3863,35.0574],[-83.3863,35.0925],[-83.3968,35.0917],[-83.4165,35.1019],[-83.4208,35.0887],[-83.4457,35.0939],[-83.4617,35.069],[-83.4712,35.0608],[-83.491,35.0687],[-83.5188,35.0551],[-83.5379,35.0353]]]},"properties":{"ZCTA5CE20":"28763","AFFGEOID20":"860Z200US28763","GEOID20":"28763","NAME20":"28763","LSAD20":"Z5","ALAND20":144094582,"AWATER20":242547}},
{"type":"Feature","geometry":{"type":"Polygon","coordinates":[[[-82.6277,35.2735],[-82.6426,35.2654],[-82.6411,35.2454],[-82.6166,35.2243],[-82.604,35.2305],[-82.5945,35.2477],[-82.6116,35.2615],[-82.6127,35.2766],[-82.6277,35.2735]]]},"properties":{"ZCTA5CE20":"28766","AFFGEOID20":"860Z200US28766","GEOID20":"28766","NAME20":"28766","LSAD20":"Z5","ALAND20":15537507,"AWATER20":0}},
{"type":"Feature","geometry":{"type":"Polygon","coordinates":[[[-82.9667,34.5434],[-82.986,34.5449],[-83.0211,34.5413],[-83.0444,34.5576],[-83.0528,34.5368],[-83.0746,34.5221],[-83.0795,34.5141],[-83.0695,34.5021],[-83.0535,34.4973],[-83.0334,34.4831],[-82.9952,34.4725],[-82.9927,34.4791],[-82.944,34.4855],[-82.9262,34.4817],[-82.9016,34.4868],[-82.8874,34.481],[-82.8812,34.4695],[-82.8653,34.4603],[-82.8555,34.4417],[-82.8347,34.4644],[-82.8299,34.4834],[-82.8203,34.4946],[-82.848,34.4928],[-82.8527,34.4811],[-82.8644,34.4775],[-82.8787,34.4846],[-82.9142,34.4925],[-82.9507,34.5275],[-82.9667,34.5434]]]},"properties":{"ZCTA5CE20":"29643","AFFGEOID20":"860Z200US29643","GEOID20":"29643","NAME20":"29643","LSAD20":"Z5","ALAND20":72402053,"AWATER20":27660375}},
{"type":"Feature","geometry":{"type":"Polygon","coordinates":[[[-80.6143,35.54],[-80.6134,35.5139],[-80.6272,35.4851],[-80.6189,35.4607],[-80.6186,35.4597],[-80.6093,35.4461],[-80.5775,35.4642],[-80.5418,35.4701],[-80.533,35.4851],[-80.52,35.4748],[-80.5134,35.4859],[-80.5455,35.5158],[-80.5691,35.5098],[-80.5849,35.5204],[-80.6038,35.5391],[-80.6143,35.54]]]},"properties":{"ZCTA5CE20":"28083","AFFGEOID20":"860Z200US28083","GEOID20":"28083","NAME20":"28083","LSAD20":"Z5","ALAND20":51795280,"AWATER20":1275767}},
{"type":"Feature","geometry":{"type":"Polygon","coordinates":[[[-81.6706,35.3197],[-81.6522,35.3166],[-81.6578,35.3236],[-81.6706,35.3197]]]},"properties":{"ZCTA5CE20":"28089","AFFGEOID20":"860Z200US28089","GEOID20":"28089","NAME20":"28089","LSAD20":"Z5","ALAND20":1081028,"AWATER20":0}},
{"type":"Feature","geometry":{"type":"Polygon","coordinates":[[[-78.4904,34.3957],[-78.501,34.3795],[-78.4778,34.3634],[-78.4884,34.3509],[-78.4713,34.3365],[-78.4665,34.3254],[-78.472,34.2917],[-78.4624,34.2759],[-78.4586,34.2458],[-78.469,34.232],[-78.4703,34.2136],[-78.4785,34.1759],[-78.495,34.167],[-78.484,34.1578],[-78.4672,34.1548],[-78.4275,34.1398],[-78.4069,34.1551],[-78.3871,34.1777],[-78.3691,34.1882],[-78.3743,34.2049],[-78.3339,34.2087],[-78.338,34.2177],[-78.336,34.2915],[-78.3187,34.289],[-78.3153,34.307],[-78.2751,34.3147],[-78.2577,34.3045],[-78.245,34.3105],[-78.2369,34.3268],[-78.3067,34.3299],[-78.3084,34.3181],[-78.3277,34.3187],[-78.3284,34.3306],[-78.3494,34.3313],[-78.3494,34.3653],[-78.3669,34.3785],[-78.4235,34.3996],[-78.4455,34.3777],[-78.4904,34.3957]]]},"properties":{"ZCTA5CE20":"28423","AFFGEOID20":"860Z200US28423","GEOID20":"28423","NAME20":"28423","LSAD20":"Z5","ALAND20":316272625,"AWATER20":306820}},
{"type":"Feature","geometry":{"type":"MultiPolygon","coordinates":[[[[-76.8658,34.6885],[-76.8152,34.6942],[-76.7432,34.6977],[-76.6936,34.6938],[-76.6857,34.6994],[-76.6969,34.7113],[-76.7306,34.7008],[-76.7458,34.7031],[-76.7667,34.7],[-76.7926,34.7044],[-76.8276,34.7035],[-76.8443,34.6953],[-76.8812,34.6899],[-76.8658,34.6885]]],[[[-76.8909,34.6912],[-76.9104,34.6846],[-76.9101,34.6824],[-76.8899,34.6854],[-76.8909,34.6912]]]]},"properties":{"ZCTA5CE20":"28512","AFFGEOID20":"860Z200US28512","GEOID20":"28512","NAME20":"28512","LSAD20":"Z5","ALAND20":15833399,"AWATER20":45668748}},
{"type":"Feature","geometry":{"type":"MultiPolygon","coordinates":[[[[-82.7836,35.0856],[-82.7859,35.1139],[-82.797,35.1195],[-82.8231,35.1177],[-82.847,35.0858],[-82.8371,35.0717],[-82.7836,35.0856]]],[[[-82.8908,35.213],[-82.896,35.2022],[-82.868,35.1801],[-82.8527,35.1553],[-82.8526,35.1425],[-82.8647,35.138],[-82.8514,35.139],[-82.853,35.1235],[-82.8381,35.1153],[-82.8231,35.1257],[-82.8213,35.1497],[-82.8335,35.177],[-82.8481,35.1841],[-82.8589,35.2063],[-82.8714,35.2153],[-82.8908,35.213]]]]},"properties":{"ZCTA5CE20":"28772","AFFGEOID20":"860Z200US28772","GEOID20":"28772","NAME20":"28772","LSAD20":"Z5","ALAND20":49912130,"AWATER20":0}},
{"type":"Feature","geometry":{"type":"Polygon","coordinates":[[[-78.9738,34.2175],[-78.9878,34.2244],[-79.009,34.2252],[-79.0096,34.1899],[-79.0321,34.1476],[-79.0176,34.1402],[-79.0275,34.1218],[-78.998,34.1225],[-78.9835,34.1159],[-78.9676,34.1169],[-78.937,34.1371],[-78.9186,34.1349],[-78.8983,34.1222],[-78.8762,34.1357],[-78.9738,34.2175]]]},"properties":{"ZCTA5CE20":"29545","AFFGEOID20":"860Z200US29545","GEOID20":"29545","NAME20":"29545","LSAD20":"Z5","ALAND20":94713210,"AWATER20":159797}},
{"type":"Feature","geometry":{"type":"Polygon","coordinates":[[[-83.0609,35.1293],[-83.0632,35.1133],[-83.0802,35.1133],[-83.069,35.0936],[-83.0601,35.0883],[-83.0591,35.0701],[-83.0686,35.0617],[-83.0181,35.0364],[-83.0087,35.0276],[-82.8976,35.056],[-82.8975,35.056],[-82.8853,35.0742],[-82.9018,35.0853],[-82.9095,35.0775],[-82.9407,35.0885],[-82.9437,35.1033],[-82.9577,35.1128],[-82.9707,35.1104],[-82.983,35.1166],[-82.9765,35.1333],[-82.9809,35.1484],[-82.9964,35.1565],[-83.0115,35.1684],[-83.0345,35.1607],[-83.0474,35.1504],[-83.0609,35.1293]]]},"properties":{"ZCTA5CE20":"28774","AFFGEOID20":"860Z200US28774","GEOID20":"28774","NAME20":"28774","LSAD20":"Z5","ALAND20":140998875,"AWATER20":855950}},
{"type":"Feature","geometry":{"type":"Polygon","coordinates":[[[-77.911,34.2909],[-77.9234,34.2692],[-77.9198,34.258],[-77.9294,34.248],[-77.9276,34.2371],[-77.8683,34.2465],[-77.8126,34.2183],[-77.7868,34.2462],[-77.7983,34.2562],[-77.8114,34.2547],[-77.8485,34.2718],[-77.8682,34.2777],[-77.8618,34.2968],[-77.8718,34.3186],[-77.9036,34.3107],[-77.911,34.2909]]]},"properties":{"ZCTA5CE20":"28405","AFFGEOID20":"860Z200US28405","GEOID20":"28405","NAME20":"28405","LSAD20":"Z5","ALAND20":60979320,"AWATER20":1191435}},
{"type":"Feature","geometry":{"type":"Polygon","coordinates":[[[-77.8883,34.2012],[-77.8906,34.1871],[-77.8921,34.134],[-77.8991,34.1233],[-77.8999,34.1083],[-77.8943,34.079],[-77.8986,34.0618],[-77.8919,34.0581],[-77.8785,34.0792],[-77.871,34.0838],[-77.839,34.1479],[-77.8129,34.1846],[-77.8266,34.1916],[-77.8206,34.207],[-77.8305,34.2121],[-77.8491,34.2071],[-77.8822,34.2093],[-77.8883,34.2012]]]},"properties":{"ZCTA5CE20":"28409","AFFGEOID20":"860Z200US28409","GEOID20":"28409","NAME20":"28409","LSAD20":"Z5","ALAND20":58027840,"AWATER20":13276645}},
{"type":"Feature","geometry":{"type":"Polygon","coordinates":[[[-82.601,35.4161],[-82.5925,35.4028],[-82.6037,35.3961],[-82.6234,35.3974],[-82.6106,35.368],[-82.6239,35.3636],[-82.6402,35.3396],[-82.6317,35.3288],[-82.6009,35.3468],[-82.5726,35.3584],[-82.5543,35.3487],[-82.5458,35.3576],[-82.5423,35.367],[-82.5321,35.3887],[-82.546,35.3871],[-82.5389,35.412],[-82.5417,35.4203],[-82.5602,35.432],[-82.5561,35.4381],[-82.5706,35.431],[-82.5903,35.4424],[-82.6004,35.4346],[-82.601,35.4161]]]},"properties":{"ZCTA5CE20":"28759","AFFGEOID20":"860Z200US28759","GEOID20":"28759","NAME20":"28759","LSAD20":"Z5","ALAND20":63434709,"AWATER20":546424}},
{"type":"Feature","geometry":{"type":"Polygon","coordinates":[[[-82.6379,34.7939],[-82.6352,34.7697],[-82.6411,34.7597],[-82.6345,34.7394],[-82.6221,34.7223],[-82.6059,34.7261],[-82.5947,34.7221],[-82.5978,34.7051],[-82.5975,34.7047],[-82.5816,34.7046],[-82.5773,34.7142],[-82.5533,34.7191],[-82.5398,34.741],[-82.5277,34.736],[-82.5286,34.762],[-82.4959,34.7527],[-82.4819,34.7653],[-82.4846,34.784],[-82.5028,34.801],[-82.4888,34.8195],[-82.497,34.8312],[-82.5509,34.8253],[-82.568,34.8261],[-82.6115,34.8144],[-82.6379,34.7939]]]},"properties":{"ZCTA5CE20":"29642","AFFGEOID20":"860Z200US29642","GEOID20":"29642","NAME20":"29642","LSAD20":"Z5","ALAND20":131483949,"AWATER20":642724}},
{"type":"Feature","geometry":{"type":"Polygon","coordinates":[[[-80.3652,35.5645],[-80.3665,35.5389],[-80.3863,35.4906],[-80.3997,35.481],[-80.3714,35.4762],[-80.3632,35.4496],[-80.3437,35.4548],[-80.3336,35.4454],[-80.3232,35.4351],[-80.3117,35.4531],[-80.3152,35.4599],[-80.2899,35.4679],[-80.3028,35.4813],[-80.2955,35.486],[-80.3027,35.492],[-80.2988,35.4979],[-80.2954,35.5029],[-80.2567,35.5016],[-80.2395,35.5449],[-80.2638,35.5442],[-80.2713,35.5482],[-80.2741,35.5682],[-80.3001,35.5835],[-80.3393,35.5831],[-80.3538,35.5803],[-80.3539,35.5655],[-80.3652,35.5645]]]},"properties":{"ZCTA5CE20":"28071","AFFGEOID20":"860Z200US28071","GEOID20":"28071","NAME20":"28071","LSAD20":"Z5","ALAND20":126501643,"AWATER20":140774}},
{"type":"Feature","geometry":{"type":"Polygon","coordinates":[[[-78.7465,35.1038],[-78.7529,35.0917],[-78.7334,35.0715],[-78.7356,35.0561],[-78.7536,35.0364],[-78.7436,35.0305],[-78.7458,35.0174],[-78.7168,34.9955],[-78.7405,34.9848],[-78.7161,34.9666],[-78.7216,34.9535],[-78.7112,34.9477],[-78.6965,34.9752],[-78.6803,34.9721],[-78.6592,34.9902],[-78.647,34.9923],[-78.645,35.0084],[-78.6584,35.042],[-78.663,35.078],[-78.6692,35.0805],[-78.6962,35.0824],[-78.7291,35.1043],[-78.7465,35.1038]]]},"properties":{"ZCTA5CE20":"28391","AFFGEOID20":"860Z200US28391","GEOID20":"28391","NAME20":"28391","LSAD20":"Z5","ALAND20":101895721,"AWATER20":81261}},
{"type":"Feature","geometry":{"type":"Polygon","coordinates":[[[-83.2238,35.1574],[-83.2298,35.1481],[-83.2526,35.1417],[-83.2643,35.1267],[-83.278,35.13],[-83.3153,35.101],[-83.2818,35.0691],[-83.2888,35.0556],[-83.3072,35.0577],[-83.309,35.0473],[-83.2858,35.03],[-83.2889,34.9968],[-83.2378,34.9982],[-83.1096,35.0012],[-83.1086,35.0014],[-83.1089,35.0098],[-83.126,35.0155],[-83.1312,35.0295],[-83.1185,35.0584],[-83.0981,35.0698],[-83.124,35.1003],[-83.1471,35.1103],[-83.1606,35.0983],[-83.1721,35.1229],[-83.1655,35.132],[-83.1862,35.13],[-83.2131,35.1582],[-83.2238,35.1574]]]},"properties":{"ZCTA5CE20":"28741","AFFGEOID20":"860Z200US28741","GEOID20":"28741","NAME20":"28741","LSAD20":"Z5","ALAND20":233761675,"AWATER20":941647}},
{"type":"Feature","geometry":{"type":"Polygon","coordinates":[[[-80.6938,35.3468],[-80.683,35.3156],[-80.6746,35.3089],[-80.6758,35.2943],[-80.6513,35.2769],[-80.6592,35.2643],[-80.6387,35.2581],[-80.6164,35.2427],[-80.6049,35.2935],[-80.5948,35.3034],[-80.6016,35.3225],[-80.6184,35.3316],[-80.6102,35.3404],[-80.6322,35.3407],[-80.6584,35.3358],[-80.6689,35.3424],[-80.6836,35.3394],[-80.6938,35.3468]]]},"properties":{"ZCTA5CE20":"28075","AFFGEOID20":"860Z200US28075","GEOID20":"28075","NAME20":"28075","LSAD20":"Z5","ALAND20":54645627,"AWATER20":0}},
{"type":"Feature","geometry":{"type":"Polygon","coordinates":[[[-81.8091,35.2599],[-81.7859,35.2605],[-81.7778,35.2471],[-81.7758,35.2506],[-81.7815,35.2618],[-81.7996,35.2701],[-81.8091,35.2599]]]},"properties":{"ZCTA5CE20":"28076","AFFGEOID20":"860Z200US28076","GEOID20":"28076","NAME20":"28076","LSAD20":"Z5","ALAND20":2707052,"AWATER20":0}},
{"type":"Feature","geometry":{"type":"Polygon","coordinates":[[[-78.83,35.1664],[-78.8519,35.1414],[-78.8598,35.1263],[-78.8579,35.1017],[-78.8581,35.1002],[-78.8415,35.117],[-78.8104,35.1174],[-78.7911,35.1393],[-78.7604,35.1251],[-78.7718,35.0981],[-78.7465,35.1038],[-78.7291,35.1043],[-78.6962,35.0824],[-78.6692,35.0805],[-78.6707,35.0925],[-78.6526,35.1027],[-78.6488,35.1252],[-78.6391,35.1321],[-78.6399,35.1549],[-78.6566,35.1657],[-78.6816,35.161],[-78.7103,35.1639],[-78.7314,35.1745],[-78.7355,35.175],[-78.7568,35.1832],[-78.8018,35.1787],[-78.83,35.1664]]]},"properties":{"ZCTA5CE20":"28395","AFFGEOID20":"860Z200US28395","GEOID20":"28395","NAME20":"28395","LSAD20":"Z5","ALAND20":130461186,"AWATER20":898337}},
{"type":"Feature","geometry":{"type":"Polygon","coordinates":[[[-82.9811,35.5273],[-82.9631,35.5203],[-82.9655,35.5321],[-82.9811,35.5273]]]},"properties":{"ZCTA5CE20":"28745","AFFGEOID20":"860Z200US28745","GEOID20":"28745","NAME20":"28745","LSAD20":"Z5","ALAND20":1548545,"AWATER20":808790}},
{"type":"Feature","geometry":{"type":"Polygon","coordinates":[[[-78.0299,34.3318],[-78.0143,34.323],[-78.0171,34.2928],[-77.9965,34.2844],[-77.9875,34.2683],[-77.9678,34.2521],[-77.9566,34.2344],[-77.9613,34.2049],[-77.9567,34.192],[-77.9199,34.1935],[-77.9248,34.2084],[-77.9276,34.2371],[-77.9294,34.248],[-77.9198,34.258],[-77.9234,34.2692],[-77.911,34.2909],[-77.9225,34.2937],[-77.9525,34.2868],[-77.9594,34.3019],[-77.9576,34.321],[-77.9781,34.3303],[-77.9815,34.3402],[-77.9941,34.3426],[-77.9697,34.378],[-77.9829,34.3929],[-78.0046,34.3842],[-78.0225,34.3921],[-78.0259,34.376],[-78.0038,34.3353],[-78.0299,34.3318]]]},"properties":{"ZCTA5CE20":"28401","AFFGEOID20":"860Z200US28401","GEOID20":"28401","NAME20":"28401","LSAD20":"Z5","ALAND20":80257032,"AWATER20":13768907}},
{"type":"Feature","geometry":{"type":"Polygon","coordinates":[[[-82.2457,35.4653],[-82.2359,35.4464],[-82.2542,35.4224],[-82.2372,35.4069],[-82.2113,35.4201],[-82.1992,35.4133],[-82.1963,35.4017],[-82.1851,35.3966],[-82.1762,35.4047],[-82.1582,35.4144],[-82.1448,35.4121],[-82.1305,35.4198],[-82.138,35.4345],[-82.1151,35.4435],[-82.0984,35.4683],[-82.0906,35.4681],[-82.0922,35.4941],[-82.1025,35.5134],[-82.1277,35.5237],[-82.155,35.5204],[-82.169,35.5278],[-82.1707,35.5077],[-82.1883,35.478],[-82.2357,35.4792],[-82.2457,35.4653]]]},"properties":{"ZCTA5CE20":"28746","AFFGEOID20":"860Z200US28746","GEOID20":"28746","NAME20":"28746","LSAD20":"Z5","ALAND20":116375019,"AWATER20":3234390}},
{"type":"Feature","geometry":{"type":"Polygon","coordinates":[[[-79.0725,34.8547],[-79.0533,34.8264],[-79.0459,34.8081],[-79.0707,34.8117],[-79.0856,34.801],[-79.0639,34.7769],[-79.0425,34.7837],[-79.0318,34.7651],[-79.0033,34.7516],[-78.9974,34.7293],[-78.9618,34.7064],[-78.957,34.7263],[-78.9416,34.7281],[-78.9339,34.7407],[-78.8985,34.7303],[-78.8855,34.7346],[-78.8545,34.7352],[-78.8402,34.7139],[-78.8304,34.7139],[-78.853,34.7342],[-78.8353,34.7482],[-78.835,34.7786],[-78.8259,34.7952],[-78.8364,34.8133],[-78.8797,34.8271],[-78.8952,34.8377],[-78.8846,34.8511],[-78.8877,34.8653],[-78.9098,34.8693],[-78.927,34.864],[-78.9487,34.8653],[-78.9524,34.8449],[-78.9717,34.8625],[-78.9861,34.8605],[-79.0032,34.8695],[-79.0365,34.8709],[-79.0407,34.8656],[-79.0486,34.8555],[-79.0617,34.8566],[-79.0725,34.8547]]]},"properties":{"ZCTA5CE20":"28384","AFFGEOID20":"860Z200US28384","GEOID20":"28384","NAME20":"28384","LSAD20":"Z5","ALAND20":262754141,"AWATER20":439258}},
{"type":"Feature","geometry":{"type":"Polygon","coordinates":[[[-82.8501,34.6941],[-82.8535,34.6797],[-82.8384,34.6825],[-82.8219,34.6765],[-82.8445,34.6669],[-82.8368,34.6512],[-82.8231,34.6542],[-82.8016,34.6596],[-82.7792,34.6802],[-82.7911,34.6956],[-82.8036,34.7029],[-82.8142,34.6943],[-82.8335,34.7127],[-82.8494,34.6958],[-82.8501,34.6941]]]},"properties":{"ZCTA5CE20":"29631","AFFGEOID20":"860Z200US29631","GEOID20":"29631","NAME20":"29631","LSAD20":"Z5","ALAND20":22572310,"AWATER20":1492986}},
{"type":"Feature","geometry":{"type":"Polygon","coordinates":[[[-81.1053,35.4984],[-81.1345,35.4922],[-81.1816,35.4719],[-81.1869,35.4492],[-81.169,35.4366],[-81.1803,35.4285],[-81.1779,35.4096],[-81.1228,35.4076],[-81.1186,35.3998],[-81.1076,35.4141],[-81.0887,35.4246],[-81.07,35.4239],[-81.0401,35.4229],[-81.0275,35.4312],[-81.0328,35.4421],[-81.0352,35.4808],[-81.0454,35.4906],[-81.0676,35.4804],[-81.0576,35.4659],[-81.0822,35.4646],[-81.0812,35.5059],[-81.1053,35.4984]]]},"properties":{"ZCTA5CE20":"28080","AFFGEOID20":"860Z200US28080","GEOID20":"28080","NAME20":"28080","LSAD20":"Z5","ALAND20":104308148,"AWATER20":354710}},
{"type":"Feature","geometry":{"type":"MultiPolygon","coordinates":[[[[-78.4429,35.0848],[-78.4523,35.0873],[-78.4635,35.0576],[-78.4955,35.054],[-78.5025,35.0435],[-78.5351,35.0409],[-78.5402,35.0275],[-78.5358,35.0017],[-78.5011,34.9724],[-78.4884,34.958],[-78.4692,34.9794],[-78.4526,34.9866],[-78.4554,34.9945],[-78.4487,35.0136],[-78.4522,35.0349],[-78.4453,35.0582],[-78.451,35.0683],[-78.4429,35.0848]]],[[[-78.5425,35.1304],[-78.5395,35.1112],[-78.566,35.1121],[-78.5654,35.0902],[-78.5546,35.0756],[-78.5587,35.0676],[-78.5275,35.0641],[-78.5099,35.0707],[-78.4907,35.0644],[-78.4845,35.0772],[-78.465,35.0756],[-78.4879,35.1137],[-78.5025,35.1103],[-78.5014,35.0914],[-78.5223,35.0858],[-78.5285,35.1006],[-78.5211,35.1162],[-78.4995,35.1359],[-78.5338,35.1413],[-78.5425,35.1304]]]]},"properties":{"ZCTA5CE20":"28385","AFFGEOID20":"860Z200US28385","GEOID20":"28385","NAME20":"28385","LSAD20":"Z5","ALAND20":103231686,"AWATER20":437104}},
{"type":"Feature","geometry":{"type":"Polygon","coordinates":[[[-79.155,34.9293],[-79.1778,34.9523],[-79.1991,34.958],[-79.2186,34.9446],[-79.2164,34.932],[-79.2046,34.9262],[-79.2069,34.9111],[-79.1975,34.9007],[-79.2025,34.8897],[-79.1558,34.8579],[-79.1394,34.8297],[-79.1106,34.8018],[-79.0929,34.77],[-79.0861,34.7712],[-79.0747,34.7469],[-79.0553,34.7389],[-79.0547,34.7517],[-79.0639,34.7769],[-79.0856,34.801],[-79.0707,34.8117],[-79.0459,34.8081],[-79.0533,34.8264],[-79.0725,34.8547],[-79.1075,34.8643],[-79.119,34.8787],[-79.1346,34.8883],[-79.1457,34.9215],[-79.155,34.9293]]]},"properties":{"ZCTA5CE20":"28386","AFFGEOID20":"860Z200US28386","GEOID20":"28386","NAME20":"28386","LSAD20":"Z5","ALAND20":111882918,"AWATER20":198521}},
{"type":"Feature","geometry":{"type":"Polygon","coordinates":[[[-78.1515,35.0439],[-78.1567,35.0351],[-78.1472,34.9024],[-78.1374,34.8872],[-78.1038,34.8856],[-78.1042,34.9044],[-78.0895,34.9079],[-78.0803,34.9283],[-78.0678,34.9299],[-78.046,34.9114],[-78.036,34.9169],[-78.0386,34.9293],[-78.0291,34.9436],[-78.0067,34.9362],[-77.9875,34.9421],[-77.9879,34.9491],[-78.0226,34.9673],[-78.0058,34.98],[-78.0195,35.0003],[-78.0158,35.0086],[-77.9882,35.0092],[-77.9677,35.0307],[-77.9555,35.0348],[-77.9486,35.058],[-77.9756,35.0628],[-78.0018,35.0724],[-78.0229,35.0888],[-78.041,35.0619],[-78.0638,35.064],[-78.0588,35.0421],[-78.0808,35.0524],[-78.103,35.0687],[-78.1201,35.0641],[-78.1515,35.0439]]]},"properties":{"ZCTA5CE20":"28398","AFFGEOID20":"860Z200US28398","GEOID20":"28398","NAME20":"28398","LSAD20":"Z5","ALAND20":244066295,"AWATER20":1687807}},
{"type":"Feature","geometry":{"type":"Polygon","coordinates":[[[-79.3964,35.2213],[-79.4184,35.2101],[-79.437,35.1844],[-79.4254,35.1716],[-79.4289,35.1578],[-79.4111,35.1569],[-79.4017,35.1457],[-79.4027,35.1314],[-79.3744,35.124],[-79.3354,35.1616],[-79.3037,35.1912],[-79.3529,35.1914],[-79.3313,35.2107],[-79.3391,35.2216],[-79.3138,35.2353],[-79.3285,35.237],[-79.3607,35.2239],[-79.3688,35.216],[-79.3964,35.2213]]]},"properties":{"ZCTA5CE20":"28387","AFFGEOID20":"860Z200US28387","GEOID20":"28387","NAME20":"28387","LSAD20":"Z5","ALAND20":76482584,"AWATER20":519699}},
{"type":"Feature","geometry":{"type":"Polygon","coordinates":[[[-78.2351,33.9208],[-78.2371,33.9172],[-78.2298,33.9129],[-78.1777,33.9143],[-78.1203,33.9103],[-78.0715,33.9016],[-78.0164,33.8886],[-78.0143,33.9042],[-78.0183,33.9145],[-78.0724,33.9218],[-78.1132,33.9223],[-78.1533,33.9271],[-78.189,33.9265],[-78.1979,33.919],[-78.2351,33.9208]]]},"properties":{"ZCTA5CE20":"28465","AFFGEOID20":"860Z200US28465","GEOID20":"28465","NAME20":"28465","LSAD20":"Z5","ALAND20":28256398,"AWATER20":8805884}},
{"type":"Feature","geometry":{"type":"Polygon","coordinates":[[[-81.1819,35.2921],[-81.187,35.2801],[-81.1772,35.2688],[-81.179,35.2576],[-81.1945,35.2326],[-81.1808,35.231],[-81.1652,35.2153],[-81.1304,35.2293],[-81.123,35.2433],[-81.1135,35.2474],[-81.1149,35.2618],[-81.116,35.276],[-81.1067,35.2856],[-81.1204,35.2947],[-81.1326,35.2949],[-81.135,35.3072],[-81.1819,35.2921]]]},"properties":{"ZCTA5CE20":"28054","AFFGEOID20":"860Z200US28054","GEOID20":"28054","NAME20":"28054","LSAD20":"Z5","ALAND20":50074901,"AWATER20":148281}},
{"type":"Feature","geometry":{"type":"Polygon","coordinates":[[[-82.84,34.6233],[-82.8624,34.6022],[-82.8314,34.5604],[-82.8294,34.5428],[-82.8133,34.5218],[-82.8108,34.5044],[-82.7911,34.5218],[-82.7775,34.5224],[-82.7563,34.5103],[-82.6838,34.502],[-82.652,34.5043],[-82.6607,34.5293],[-82.6725,34.5483],[-82.6969,34.5574],[-82.7164,34.5806],[-82.7338,34.5823],[-82.7687,34.5964],[-82.7688,34.6078],[-82.792,34.6172],[-82.8059,34.6106],[-82.824,34.6128],[-82.84,34.6233]]]},"properties":{"ZCTA5CE20":"29625","AFFGEOID20":"860Z200US29625","GEOID20":"29625","NAME20":"29625","LSAD20":"Z5","ALAND20":121556132,"AWATER20":19170999}},
{"type":"Feature","geometry":{"type":"Polygon","coordinates":[[[-79.0461,35.2035],[-79.0336,35.1768],[-79.0237,35.1765],[-79.0045,35.1886],[-78.9962,35.174],[-78.972,35.161],[-78.9575,35.1485],[-78.9521,35.1344],[-78.9447,35.1187],[-78.9108,35.1362],[-78.9233,35.1546],[-78.9019,35.1614],[-78.9108,35.1969],[-78.9349,35.2185],[-78.9054,35.227],[-78.8804,35.2304],[-78.8675,35.245],[-78.8674,35.2556],[-78.8835,35.267],[-78.8918,35.2613],[-78.9067,35.2635],[-78.9156,35.281],[-78.9405,35.2811],[-78.9432,35.2872],[-78.9699,35.2996],[-78.9939,35.2966],[-78.9943,35.2872],[-79.0094,35.2743],[-79.0043,35.2666],[-79.0009,35.2571],[-79.0164,35.2313],[-78.9977,35.2141],[-79.0461,35.2035]]]},"properties":{"ZCTA5CE20":"28390","AFFGEOID20":"860Z200US28390","GEOID20":"28390","NAME20":"28390","LSAD20":"Z5","ALAND20":155832306,"AWATER20":1489543}},
{"type":"Feature","geometry":{"type":"Polygon","coordinates":[[[-77.68,34.726],[-77.7017,34.7145],[-77.7219,34.7151],[-77.7366,34.7074],[-77.7396,34.6951],[-77.7352,34.6562],[-77.7355,34.625],[-77.7175,34.6101],[-77.7143,34.589],[-77.7051,34.5912],[-77.6918,34.58],[-77.6344,34.6217],[-77.6272,34.6059],[-77.6029,34.6127],[-77.577,34.6336],[-77.5734,34.6485],[-77.5828,34.6607],[-77.5478,34.6912],[-77.5817,34.7063],[-77.5789,34.7191],[-77.5835,34.7338],[-77.5972,34.7329],[-77.597,34.7456],[-77.6319,34.7567],[-77.6799,34.7349],[-77.68,34.726]]]},"properties":{"ZCTA5CE20":"28454","AFFGEOID20":"860Z200US28454","GEOID20":"28454","NAME20":"28454","LSAD20":"Z5","ALAND20":209891617,"AWATER20":0}},
{"type":"Feature","geometry":{"type":"Polygon","coordinates":[[[-82.9005,34.8551],[-82.8961,34.8369],[-82.9011,34.8232],[-82.8966,34.8029],[-82.8835,34.7918],[-82.8639,34.7925],[-82.8475,34.7988],[-82.8341,34.8097],[-82.8229,34.799],[-82.801,34.8004],[-82.7961,34.7939],[-82.7682,34.7987],[-82.7796,34.8111],[-82.7776,34.8193],[-82.7843,34.8272],[-82.8,34.8293],[-82.8072,34.8415],[-82.8089,34.8594],[-82.8281,34.857],[-82.8351,34.8641],[-82.8361,34.8908],[-82.8475,34.8779],[-82.859,34.8839],[-82.8891,34.8726],[-82.9005,34.8551]]]},"properties":{"ZCTA5CE20":"29682","AFFGEOID20":"860Z200US29682","GEOID20":"29682","NAME20":"29682","LSAD20":"Z5","ALAND20":66827214,"AWATER20":10438861}},
{"type":"Feature","geometry":{"type":"Polygon","coordinates":[[[-82.5543,35.3487],[-82.5469,35.3404],[-82.5385,35.3402],[-82.4928,35.3207],[-82.4638,35.3187],[-82.4765,35.3584],[-82.4924,35.3745],[-82.5035,35.3978],[-82.5101,35.4079],[-82.5321,35.3887],[-82.5423,35.367],[-82.5458,35.3576],[-82.5543,35.3487]],[[-82.4964,35.3757],[-82.4946,35.3747],[-82.496,35.3741],[-82.4964,35.3757]]]},"properties":{"ZCTA5CE20":"28791","AFFGEOID20":"860Z200US28791","GEOID20":"28791","NAME20":"28791","LSAD20":"Z5","ALAND20":43336697,"AWATER20":321129}},
{"type":"Feature","geometry":{"type":"Polygon","coordinates":[[[-83.0564,35.0151],[-83.0518,34.9951],[-83.0732,34.9698],[-83.0864,34.9605],[-83.0875,34.9356],[-83.0662,34.9102],[-83.0736,34.8969],[-83.0617,34.8766],[-83.0643,34.8611],[-83.0519,34.8479],[-83.0128,34.8713],[-83.01,34.8884],[-82.9976,34.8971],[-83.027,34.9271],[-83.0207,34.9592],[-83.0304,34.9662],[-83.03,34.9828],[-83.0233,35.0238],[-83.0564,35.0151]]]},"properties":{"ZCTA5CE20":"29686","AFFGEOID20":"860Z200US29686","GEOID20":"29686","NAME20":"29686","LSAD20":"Z5","ALAND20":82996208,"AWATER20":1095828}},
{"type":"Feature","geometry":{"type":"Polygon","coordinates":[[[-76.4964,34.7774],[-76.4959,34.7635],[-76.4846,34.761],[-76.4731,34.7694],[-76.4514,34.808],[-76.4446,34.8157],[-76.4638,34.8299],[-76.4558,34.8194],[-76.4657,34.8084],[-76.4813,34.8065],[-76.4794,34.7989],[-76.4964,34.7774]]]},"properties":{"ZCTA5CE20":"28524","AFFGEOID20":"860Z200US28524","GEOID20":"28524","NAME20":"28524","LSAD20":"Z5","ALAND20":9407726,"AWATER20":23707122}},
{"type":"Feature","geometry":{"type":"Polygon","coordinates":[[[-82.5772,35.6129],[-82.5804,35.6068],[-82.5677,35.5837],[-82.5645,35.5682],[-82.5472,35.5761],[-82.544,35.5841],[-82.541,35.5999],[-82.5512,35.6122],[-82.5772,35.6129]]]},"properties":{"ZCTA5CE20":"28801","AFFGEOID20":"860Z200US28801","GEOID20":"28801","NAME20":"28801","LSAD20":"Z5","ALAND20":13230942,"AWATER20":236287}},
{"type":"Feature","geometry":{"type":"Polygon","coordinates":[[[-80.6394,35.714],[-80.642,35.6922],[-80.638,35.6821],[-80.6356,35.6476],[-80.6529,35.6366],[-80.6319,35.6366],[-80.6173,35.6124],[-80.5709,35.6036],[-80.5517,35.5961],[-80.5456,35.588],[-80.4807,35.6425],[-80.4873,35.6522],[-80.4995,35.6528],[-80.4964,35.6789],[-80.508,35.6842],[-80.512,35.6952],[-80.4904,35.711],[-80.4989,35.7212],[-80.5108,35.7621],[-80.4879,35.7663],[-80.492,35.7787],[-80.5067,35.7777],[-80.5341,35.7862],[-80.5338,35.7592],[-80.5533,35.748],[-80.5888,35.7384],[-80.6076,35.7387],[-80.6126,35.7461],[-80.6283,35.74],[-80.6394,35.714]]]},"properties":{"ZCTA5CE20":"28147","AFFGEOID20":"860Z200US28147","GEOID20":"28147","NAME20":"28147","LSAD20":"Z5","ALAND20":200991958,"AWATER20":85566}},
{"type":"Feature","geometry":{"type":"Polygon","coordinates":[[[-80.5067,35.7777],[-80.492,35.7787],[-80.4879,35.7663],[-80.5108,35.7621],[-80.4989,35.7212],[-80.4904,35.711],[-80.512,35.6952],[-80.508,35.6842],[-80.4964,35.6789],[-80.4995,35.6528],[-80.4873,35.6522],[-80.4807,35.6425],[-80.4522,35.6619],[-80.4141,35.6784],[-80.403,35.6903],[-80.3896,35.7198],[-80.4141,35.7226],[-80.4589,35.7428],[-80.4718,35.7684],[-80.5003,35.7835],[-80.5067,35.7777]],[[-80.453,35.6858],[-80.4441,35.701],[-80.4313,35.7091],[-80.4178,35.702],[-80.4239,35.6911],[-80.4473,35.6781],[-80.453,35.6858]],[[-80.4393,35.6807],[-80.435,35.6829],[-80.4364,35.6771],[-80.4393,35.6807]]]},"properties":{"ZCTA5CE20":"28144","AFFGEOID20":"860Z200US28144","GEOID20":"28144","NAME20":"28144","LSAD20":"Z5","ALAND20":77880725,"AWATER20":1210936}},
{"type":"Feature","geometry":{"type":"Polygon","coordinates":[[[-77.4164,34.931],[-77.3805,34.9118],[-77.3884,34.8998],[-77.3801,34.8807],[-77.3606,34.8621],[-77.3482,34.8704],[-77.3425,34.8554],[-77.3211,34.8321],[-77.3325,34.8271],[-77.331,34.8162],[-77.3014,34.8357],[-77.2847,34.8269],[-77.2814,34.816],[-77.2638,34.7971],[-77.2709,34.7839],[-77.2675,34.7712],[-77.243,34.7752],[-77.2148,34.77],[-77.1948,34.7896],[-77.1766,34.7878],[-77.1615,34.7934],[-77.1296,34.7902],[-77.1074,34.8031],[-77.0905,34.7995],[-77.0798,34.81],[-77.0783,34.8113],[-77.0472,34.8364],[-77.1089,34.8308],[-77.1069,34.8932],[-77.1063,34.9065],[-77.1266,34.8985],[-77.1512,34.8943],[-77.1622,34.8885],[-77.1865,34.8914],[-77.1955,34.8976],[-77.1951,34.9171],[-77.2308,34.9161],[-77.2376,34.9388],[-77.2613,34.9449],[-77.2636,34.9569],[-77.3642,34.9729],[-77.4164,34.931]]]},"properties":{"ZCTA5CE20":"28555","AFFGEOID20":"860Z200US28555","GEOID20":"28555","NAME20":"28555","LSAD20":"Z5","ALAND20":366332577,"AWATER20":1222109}},
{"type":"Feature","geometry":{"type":"Polygon","coordinates":[[[-76.8133,35.1115],[-76.8119,35.0988],[-76.8043,35.1033],[-76.7905,35.0851],[-76.7592,35.0689],[-76.735,35.0813],[-76.722,35.0999],[-76.7007,35.0864],[-76.6818,35.0893],[-76.665,35.0844],[-76.6505,35.0945],[-76.6449,35.112],[-76.6273,35.0923],[-76.6143,35.0906],[-76.5963,35.0996],[-76.5893,35.0956],[-76.5695,35.0985],[-76.5571,35.1247],[-76.5422,35.1453],[-76.5645,35.1663],[-76.58,35.1741],[-76.5866,35.1544],[-76.6002,35.1544],[-76.6137,35.163],[-76.6337,35.1607],[-76.634,35.1694],[-76.6571,35.1704],[-76.6633,35.1682],[-76.6986,35.1448],[-76.7168,35.1412],[-76.7266,35.1469],[-76.7439,35.1356],[-76.7676,35.1392],[-76.7738,35.1225],[-76.7888,35.1129],[-76.8033,35.1182],[-76.8133,35.1115]]]},"properties":{"ZCTA5CE20":"28556","AFFGEOID20":"860Z200US28556","GEOID20":"28556","NAME20":"28556","LSAD20":"Z5","ALAND20":133434849,"AWATER20":74840652}},
{"type":"Feature","geometry":{"type":"Polygon","coordinates":[[[-82.647,35.6461],[-82.6736,35.6451],[-82.662,35.6199],[-82.6489,35.6032],[-82.6645,35.5975],[-82.6669,35.5888],[-82.6544,35.5749],[-82.6423,35.5701],[-82.6407,35.5559],[-82.632,35.5528],[-82.6404,35.5256],[-82.6288,35.5188],[-82.6349,35.5058],[-82.6165,35.4941],[-82.6286,35.484],[-82.6034,35.4998],[-82.5922,35.5001],[-82.5829,35.5138],[-82.5707,35.5092],[-82.5591,35.5221],[-82.5636,35.54],[-82.5917,35.5558],[-82.5913,35.5643],[-82.5645,35.5682],[-82.5677,35.5837],[-82.5804,35.6068],[-82.5772,35.6129],[-82.5828,35.6242],[-82.6027,35.6179],[-82.6155,35.6328],[-82.6317,35.6439],[-82.647,35.6461]]]},"properties":{"ZCTA5CE20":"28806","AFFGEOID20":"860Z200US28806","GEOID20":"28806","NAME20":"28806","LSAD20":"Z5","ALAND20":98791365,"AWATER20":894539}},
{"type":"Feature","geometry":{"type":"Polygon","coordinates":[[[-80.3783,35.2607],[-80.3769,35.2437],[-80.3858,35.2302],[-80.3757,35.2177],[-80.3816,35.2047],[-80.3692,35.1868],[-80.371,35.1797],[-80.3576,35.1649],[-80.3404,35.1741],[-80.3043,35.1831],[-80.2967,35.1934],[-80.2768,35.1957],[-80.2635,35.2086],[-80.2531,35.2109],[-80.2658,35.2362],[-80.2962,35.2651],[-80.3191,35.3069],[-80.3306,35.3062],[-80.3531,35.2791],[-80.3716,35.2874],[-80.3805,35.2763],[-80.3783,35.2607]]]},"properties":{"ZCTA5CE20":"28129","AFFGEOID20":"860Z200US28129","GEOID20":"28129","NAME20":"28129","LSAD20":"Z5","ALAND20":112375171,"AWATER20":0}},
{"type":"Feature","geometry":{"type":"Polygon","coordinates":[[[-83.8936,35.2334],[-83.894,35.2119],[-83.8844,35.1919],[-83.9051,35.1858],[-83.9078,35.1777],[-83.8943,35.1621],[-83.8708,35.1526],[-83.862,35.1545],[-83.8562,35.1374],[-83.8407,35.1438],[-83.8166,35.1392],[-83.7729,35.1559],[-83.746,35.1608],[-83.7381,35.156],[-83.7315,35.1786],[-83.7125,35.1893],[-83.7289,35.2008],[-83.7227,35.2098],[-83.6968,35.2254],[-83.6901,35.2375],[-83.7028,35.2485],[-83.7131,35.2577],[-83.7342,35.245],[-83.7569,35.2425],[-83.7735,35.2457],[-83.7956,35.2573],[-83.8221,35.2503],[-83.8314,35.2561],[-83.8732,35.2442],[-83.8936,35.2334]]]},"properties":{"ZCTA5CE20":"28901","AFFGEOID20":"860Z200US28901","GEOID20":"28901","NAME20":"28901","LSAD20":"Z5","ALAND20":180284366,"AWATER20":0}},
{"type":"Feature","geometry":{"type":"Polygon","coordinates":[[[-83.9269,35.0671],[-83.9399,35.0574],[-83.9586,35.0528],[-83.9661,35.0441],[-83.9871,35.0476],[-84.0124,35.0426],[-84.0067,35.0302],[-84.0098,35.0142],[-84.0053,34.9874],[-83.9795,34.9875],[-83.9579,35.0002],[-83.9325,34.9956],[-83.8983,35.0315],[-83.9102,35.0435],[-83.9061,35.0565],[-83.9269,35.0671]]]},"properties":{"ZCTA5CE20":"28902","AFFGEOID20":"860Z200US28902","GEOID20":"28902","NAME20":"28902","LSAD20":"Z5","ALAND20":58334416,"AWATER20":80362}},
{"type":"Feature","geometry":{"type":"Polygon","coordinates":[[[-77.6732,34.36],[-77.6565,34.3478],[-77.6488,34.3484],[-77.5827,34.4007],[-77.5102,34.4457],[-77.4997,34.4718],[-77.4683,34.487],[-77.4657,34.518],[-77.4775,34.5381],[-77.4385,34.5488],[-77.45,34.562],[-77.4631,34.5927],[-77.4717,34.5954],[-77.477,34.6114],[-77.4632,34.6351],[-77.4882,34.6379],[-77.5138,34.6466],[-77.5096,34.6615],[-77.561,34.6603],[-77.5734,34.6485],[-77.577,34.6336],[-77.6029,34.6127],[-77.6272,34.6059],[-77.6139,34.576],[-77.5749,34.4787],[-77.568,34.47],[-77.5525,34.4712],[-77.5342,34.4558],[-77.543,34.4462],[-77.5564,34.452],[-77.5754,34.4246],[-77.6469,34.3752],[-77.6732,34.36]]]},"properties":{"ZCTA5CE20":"28445","AFFGEOID20":"860Z200US28445","GEOID20":"28445","NAME20":"28445","LSAD20":"Z5","ALAND20":268706983,"AWATER20":12851505}},
{"type":"Feature","geometry":{"type":"Polygon","coordinates":[[[-80.1729,34.8201],[-80.1747,34.8117],[-80.0133,34.8084],[-79.9851,34.8078],[-79.9847,34.822],[-79.968,34.8218],[-79.9689,34.8075],[-79.9307,34.8066],[-79.9274,34.8066],[-79.9139,34.8185],[-79.9091,34.8389],[-79.9058,34.8508],[-79.9168,34.8563],[-79.9199,34.8867],[-79.9307,34.9005],[-79.9536,34.9067],[-79.9673,34.904],[-79.9869,34.8905],[-79.9996,34.8874],[-80.017,34.8913],[-80.0369,34.9143],[-80.0656,34.9163],[-80.0743,34.8871],[-80.0663,34.8835],[-80.0601,34.8594],[-80.0866,34.8658],[-80.0941,34.8565],[-80.0935,34.839],[-80.1339,34.844],[-80.1283,34.8263],[-80.1472,34.8181],[-80.157,34.8293],[-80.1729,34.8201]]]},"properties":{"ZCTA5CE20":"28119","AFFGEOID20":"860Z200US28119","GEOID20":"28119","NAME20":"28119","LSAD20":"Z5","ALAND20":173350635,"AWATER20":831448}},
{"type":"Feature","geometry":{"type":"Polygon","coordinates":[[[-83.9671,35.2179],[-83.9648,35.2118],[-83.9746,35.1924],[-83.9813,35.1923],[-84.0052,35.1576],[-84.0176,35.1508],[-83.9993,35.127],[-83.991,35.1036],[-83.9758,35.1116],[-83.9529,35.1058],[-83.9385,35.0972],[-83.9215,35.1146],[-83.9191,35.1281],[-83.8902,35.1349],[-83.8628,35.1324],[-83.8562,35.1374],[-83.862,35.1545],[-83.8708,35.1526],[-83.8943,35.1621],[-83.9078,35.1777],[-83.9051,35.1858],[-83.8844,35.1919],[-83.894,35.2119],[-83.8936,35.2334],[-83.9036,35.2352],[-83.9344,35.223],[-83.9671,35.2179]]]},"properties":{"ZCTA5CE20":"28905","AFFGEOID20":"860Z200US28905","GEOID20":"28905","NAME20":"28905","LSAD20":"Z5","ALAND20":117022031,"AWATER20":0}},
{"type":"Feature","geometry":{"type":"Polygon","coordinates":[[[-80.3336,35.4454],[-80.3424,35.4321],[-80.345,35.4127],[-80.3363,35.4006],[-80.3234,35.4031],[-80.3107,35.4168],[-80.2843,35.4234],[-80.2662,35.4135],[-80.2637,35.4276],[-80.2437,35.4244],[-80.2494,35.4425],[-80.2595,35.4572],[-80.2222,35.4511],[-80.2332,35.4839],[-80.2317,35.4913],[-80.1991,35.5171],[-80.1833,35.5041],[-80.1839,35.5162],[-80.1975,35.5309],[-80.1992,35.5456],[-80.2104,35.5555],[-80.2089,35.5813],[-80.2336,35.5984],[-80.2371,35.607],[-80.2414,35.6123],[-80.2622,35.5979],[-80.2713,35.5831],[-80.2741,35.5682],[-80.2713,35.5482],[-80.2638,35.5442],[-80.2395,35.5449],[-80.2567,35.5016],[-80.2954,35.5029],[-80.2988,35.4979],[-80.2955,35.486],[-80.3028,35.4813],[-80.2899,35.4679],[-80.3152,35.4599],[-80.3117,35.4531],[-80.3232,35.4351],[-80.3336,35.4454]]]},"properties":{"ZCTA5CE20":"28137","AFFGEOID20":"860Z200US28137","GEOID20":"28137","NAME20":"28137","LSAD20":"Z5","ALAND20":114894746,"AWATER20":5029237}},
{"type":"Feature","geometry":{"type":"Polygon","coordinates":[[[-80.4391,35.4574],[-80.4323,35.4442],[-80.4628,35.4294],[-80.4756,35.42],[-80.484,35.3814],[-80.4673,35.3846],[-80.4528,35.3787],[-80.4377,35.3463],[-80.4459,35.3381],[-80.4352,35.3261],[-80.45,35.3082],[-80.437,35.2971],[-80.4276,35.3028],[-80.3999,35.3451],[-80.3815,35.353],[-80.3715,35.3414],[-80.3405,35.3406],[-80.368,35.3804],[-80.342,35.3895],[-80.3363,35.4006],[-80.345,35.4127],[-80.3424,35.4321],[-80.3336,35.4454],[-80.3437,35.4548],[-80.3632,35.4496],[-80.3714,35.4762],[-80.3997,35.481],[-80.4391,35.4574]]]},"properties":{"ZCTA5CE20":"28124","AFFGEOID20":"860Z200US28124","GEOID20":"28124","NAME20":"28124","LSAD20":"Z5","ALAND20":150465608,"AWATER20":88299}},
{"type":"Feature","geometry":{"type":"Polygon","coordinates":[[[-80.78,35.6669],[-80.7882,35.6482],[-80.7685,35.6432],[-80.751,35.6323],[-80.7446,35.6217],[-80.7239,35.6256],[-80.6937,35.6203],[-80.6723,35.6107],[-80.6529,35.6366],[-80.6356,35.6476],[-80.638,35.6821],[-80.642,35.6922],[-80.6394,35.714],[-80.644,35.7054],[-80.6653,35.6994],[-80.7078,35.715],[-80.7217,35.7086],[-80.7342,35.6896],[-80.7229,35.6754],[-80.7508,35.6687],[-80.7673,35.6719],[-80.78,35.6669]]]},"properties":{"ZCTA5CE20":"28125","AFFGEOID20":"860Z200US28125","GEOID20":"28125","NAME20":"28125","LSAD20":"Z5","ALAND20":99410434,"AWATER20":92397}},
{"type":"Feature","geometry":{"type":"Polygon","coordinates":[[[-77.4109,35.3378],[-77.4313,35.3298],[-77.4311,35.313],[-77.4518,35.2933],[-77.4406,35.2708],[-77.4563,35.2625],[-77.4855,35.2405],[-77.4952,35.2485],[-77.5113,35.2336],[-77.4776,35.2262],[-77.5036,35.218],[-77.5207,35.2199],[-77.5075,35.1728],[-77.4925,35.1582],[-77.4752,35.1505],[-77.4715,35.1406],[-77.4414,35.1365],[-77.4433,35.1463],[-77.4329,35.1637],[-77.3405,35.1523],[-77.337,35.1542],[-77.4296,35.2063],[-77.4229,35.2127],[-77.4013,35.2114],[-77.3676,35.2332],[-77.3457,35.2288],[-77.3239,35.2357],[-77.2871,35.2569],[-77.2812,35.2656],[-77.2891,35.2803],[-77.2847,35.2916],[-77.3022,35.3125],[-77.3348,35.3194],[-77.3628,35.3325],[-77.3826,35.3343],[-77.3952,35.343],[-77.4109,35.3378]]]},"properties":{"ZCTA5CE20":"28526","AFFGEOID20":"860Z200US28526","GEOID20":"28526","NAME20":"28526","LSAD20":"Z5","ALAND20":248021684,"AWATER20":335135}},
{"type":"Feature","geometry":{"type":"Polygon","coordinates":[[[-76.9425,35.2197],[-76.9192,35.222],[-76.8909,35.1769],[-76.8729,35.1705],[-76.8542,35.1561],[-76.8505,35.1473],[-76.864,35.136],[-76.8697,35.1145],[-76.8991,35.0939],[-76.9131,35.0803],[-76.9198,35.0642],[-76.9173,35.0552],[-76.9357,35.0438],[-76.9248,35.0292],[-76.9011,35.0251],[-76.8747,35.0027],[-76.8665,35.0015],[-76.8671,35.0115],[-76.8538,35.0351],[-76.8292,35.0298],[-76.828,35.0441],[-76.8353,35.0573],[-76.8348,35.071],[-76.8615,35.0763],[-76.8582,35.0859],[-76.8674,35.0963],[-76.8378,35.0991],[-76.8369,35.0868],[-76.8154,35.0848],[-76.8119,35.0988],[-76.8133,35.1115],[-76.8156,35.152],[-76.802,35.1623],[-76.8283,35.1729],[-76.8406,35.17],[-76.841,35.2165],[-76.8465,35.2168],[-76.8959,35.2539],[-76.9062,35.2359],[-76.9326,35.2303],[-76.9425,35.2197]]]},"properties":{"ZCTA5CE20":"28529","AFFGEOID20":"860Z200US28529","GEOID20":"28529","NAME20":"28529","LSAD20":"Z5","ALAND20":142384869,"AWATER20":30263482}},
{"type":"Feature","geometry":{"type":"Polygon","coordinates":[[[-80.7698,35.0599],[-80.7576,35.0482],[-80.744,35.0542],[-80.6815,35.1033],[-80.6429,35.1391],[-80.6304,35.1465],[-80.6492,35.1436],[-80.6605,35.132],[-80.6696,35.1465],[-80.6858,35.1476],[-80.6989,35.1656],[-80.7253,35.1735],[-80.7379,35.1641],[-80.7364,35.1598],[-80.7203,35.1426],[-80.7294,35.1367],[-80.7434,35.1299],[-80.7612,35.1105],[-80.759,35.1014],[-80.735,35.1005],[-80.729,35.0695],[-80.7423,35.0702],[-80.7698,35.0599]]]},"properties":{"ZCTA5CE20":"28105","AFFGEOID20":"860Z200US28105","GEOID20":"28105","NAME20":"28105","LSAD20":"Z5","ALAND20":60172672,"AWATER20":413734}},
{"type":"Feature","geometry":{"type":"Polygon","coordinates":[[[-82.4241,35.6754],[-82.4275,35.6523],[-82.4383,35.6286],[-82.4529,35.6151],[-82.4541,35.604],[-82.4472,35.5876],[-82.4638,35.5795],[-82.4501,35.5571],[-82.4317,35.5575],[-82.3953,35.5758],[-82.3722,35.5736],[-82.3517,35.5761],[-82.3492,35.6037],[-82.359,35.6013],[-82.3767,35.6075],[-82.3781,35.6499],[-82.3844,35.656],[-82.3762,35.6799],[-82.3837,35.6872],[-82.3987,35.6982],[-82.4241,35.6754]]]},"properties":{"ZCTA5CE20":"28778","AFFGEOID20":"860Z200US28778","GEOID20":"28778","NAME20":"28778","LSAD20":"Z5","ALAND20":84129289,"AWATER20":282810}},
{"type":"Feature","geometry":{"type":"Polygon","coordinates":[[[-80.5997,35.2341],[-80.5793,35.2011],[-80.5554,35.2043],[-80.5405,35.1974],[-80.5249,35.1808],[-80.5155,35.1772],[-80.5034,35.1817],[-80.5062,35.1924],[-80.4831,35.2128],[-80.4793,35.2241],[-80.4662,35.224],[-80.4667,35.2432],[-80.4662,35.2616],[-80.451,35.2671],[-80.4334,35.2939],[-80.437,35.2971],[-80.45,35.3082],[-80.4636,35.3118],[-80.4816,35.2858],[-80.4955,35.286],[-80.514,35.2998],[-80.5497,35.2888],[-80.5648,35.2926],[-80.5878,35.2818],[-80.5929,35.241],[-80.5997,35.2341]]]},"properties":{"ZCTA5CE20":"28107","AFFGEOID20":"860Z200US28107","GEOID20":"28107","NAME20":"28107","LSAD20":"Z5","ALAND20":126562090,"AWATER20":88623}},
{"type":"Feature","geometry":{"type":"Polygon","coordinates":[[[-82.2806,34.7909],[-82.3177,34.7933],[-82.3281,34.7879],[-82.32,34.7742],[-82.3262,34.7641],[-82.3161,34.7516],[-82.2982,34.7623],[-82.2869,34.7546],[-82.2995,34.7703],[-82.2867,34.7736],[-82.2806,34.7909]]]},"properties":{"ZCTA5CE20":"29662","AFFGEOID20":"860Z200US29662","GEOID20":"29662","NAME20":"29662","LSAD20":"Z5","ALAND20":14272409,"AWATER20":77286}},
{"type":"Feature","geometry":{"type":"Polygon","coordinates":[[[-83.7028,35.2485],[-83.6901,35.2375],[-83.6968,35.2254],[-83.7227,35.2098],[-83.7289,35.2008],[-83.7125,35.1893],[-83.7315,35.1786],[-83.7381,35.156],[-83.7267,35.1452],[-83.7145,35.1553],[-83.6991,35.1535],[-83.6734,35.1571],[-83.6485,35.1529],[-83.6519,35.1355],[-83.6315,35.1478],[-83.616,35.1439],[-83.6045,35.1547],[-83.5784,35.1563],[-83.5805,35.1686],[-83.5625,35.1788],[-83.562,35.1952],[-83.5678,35.2085],[-83.5598,35.2171],[-83.5589,35.243],[-83.5726,35.2714],[-83.5835,35.2839],[-83.5805,35.2915],[-83.6728,35.2828],[-83.6801,35.2795],[-83.7028,35.2485]]]},"properties":{"ZCTA5CE20":"28781","AFFGEOID20":"860Z200US28781","GEOID20":"28781","NAME20":"28781","LSAD20":"Z5","ALAND20":185518671,"AWATER20":6212321}},
{"type":"Feature","geometry":{"type":"Polygon","coordinates":[[[-83.324,34.7869],[-83.3193,34.7649],[-83.3263,34.7508],[-83.3491,34.7366],[-83.3523,34.7162],[-83.348,34.706],[-83.3328,34.72],[-83.3008,34.7187],[-83.2933,34.7287],[-83.2723,34.7434],[-83.2772,34.7483],[-83.2462,34.7818],[-83.2643,34.7981],[-83.2892,34.8121],[-83.3062,34.8141],[-83.3032,34.8022],[-83.3239,34.7895],[-83.324,34.7869]]]},"properties":{"ZCTA5CE20":"29658","AFFGEOID20":"860Z200US29658","GEOID20":"29658","NAME20":"29658","LSAD20":"Z5","ALAND20":54958964,"AWATER20":1371931}},
{"type":"Feature","geometry":{"type":"Polygon","coordinates":[[[-77.1069,34.8932],[-77.1089,34.8308],[-77.0472,34.8364],[-77.0783,34.8113],[-76.9544,34.8091],[-76.9548,34.8245],[-76.8823,34.8367],[-76.8831,34.8449],[-76.758,34.8463],[-76.6918,34.8711],[-76.683,34.8993],[-76.6606,34.9156],[-76.6526,34.9376],[-76.6772,34.9577],[-76.7076,34.9542],[-76.7266,34.9279],[-76.7608,34.9159],[-76.8112,34.9392],[-76.8274,34.9412],[-76.8478,34.9363],[-76.8683,34.9476],[-76.8892,34.9482],[-76.8958,34.9577],[-76.9142,34.965],[-76.9314,34.9487],[-76.9332,34.9398],[-76.9485,34.9298],[-76.9636,34.9503],[-76.9818,34.9606],[-76.9883,34.9569],[-77.0322,34.9537],[-77.068,34.9364],[-77.1009,34.9088],[-77.1069,34.8932]],[[-76.9057,34.9],[-76.9048,34.9144],[-76.8895,34.9015],[-76.9057,34.9]]]},"properties":{"ZCTA5CE20":"28532","AFFGEOID20":"860Z200US28532","GEOID20":"28532","NAME20":"28532","LSAD20":"Z5","ALAND20":428427718,"AWATER20":95161519}},
{"type":"Feature","geometry":{"type":"Polygon","coordinates":[[[-76.6131,35.2819],[-76.6126,35.2782],[-76.6011,35.2699],[-76.5894,35.2413],[-76.5327,35.2328],[-76.5222,35.2272],[-76.5053,35.2226],[-76.4932,35.2257],[-76.5034,35.2407],[-76.5512,35.2678],[-76.5722,35.2639],[-76.5714,35.2904],[-76.606,35.2938],[-76.6131,35.2819]]]},"properties":{"ZCTA5CE20":"28537","AFFGEOID20":"860Z200US28537","GEOID20":"28537","NAME20":"28537","LSAD20":"Z5","ALAND20":30226210,"AWATER20":6335647}},
{"type":"Feature","geometry":{"type":"Polygon","coordinates":[[[-77.5584,35.458],[-77.5846,35.459],[-77.599,35.469],[-77.6058,35.4571],[-77.6036,35.4303],[-77.5933,35.4247],[-77.5913,35.4054],[-77.6128,35.3925],[-77.611,35.3786],[-77.6072,35.3658],[-77.5848,35.3667],[-77.5605,35.3678],[-77.5548,35.3792],[-77.5402,35.3759],[-77.5386,35.3848],[-77.5119,35.4069],[-77.5399,35.4214],[-77.5437,35.4326],[-77.5111,35.4298],[-77.5095,35.447],[-77.5005,35.4509],[-77.515,35.4643],[-77.544,35.4549],[-77.5584,35.458]]]},"properties":{"ZCTA5CE20":"28538","AFFGEOID20":"860Z200US28538","GEOID20":"28538","NAME20":"28538","LSAD20":"Z5","ALAND20":72848318,"AWATER20":25968}},
{"type":"Feature","geometry":{"type":"Polygon","coordinates":[[[-82.2375,35.254],[-82.2607,35.2475],[-82.2732,35.2318],[-82.3124,35.2215],[-82.3135,35.1914],[-82.2927,35.1964],[-82.2749,35.2001],[-82.1769,35.1938],[-82.1412,35.1932],[-82.1325,35.2051],[-82.1349,35.2209],[-82.1273,35.2306],[-82.1037,35.2431],[-82.0872,35.2467],[-82.0749,35.2337],[-82.0512,35.2293],[-82.0372,35.2367],[-82.017,35.231],[-81.9994,35.2377],[-81.9928,35.2552],[-82.0036,35.2575],[-82.0211,35.2772],[-82.0505,35.2755],[-82.0799,35.2816],[-82.0937,35.2897],[-82.117,35.2854],[-82.1459,35.2642],[-82.1416,35.2547],[-82.1581,35.2424],[-82.1515,35.2282],[-82.1625,35.2179],[-82.1878,35.2144],[-82.2045,35.2276],[-82.2177,35.2252],[-82.2305,35.2317],[-82.2375,35.254]]]},"properties":{"ZCTA5CE20":"28782","AFFGEOID20":"860Z200US28782","GEOID20":"28782","NAME20":"28782","LSAD20":"Z5","ALAND20":127074362,"AWATER20":272889}},
{"type":"Feature","geometry":{"type":"Polygon","coordinates":[[[-77.496,34.8703],[-77.5077,34.8776],[-77.5152,34.8602],[-77.5362,34.8461],[-77.5428,34.8192],[-77.5322,34.8061],[-77.5591,34.7868],[-77.5677,34.795],[-77.5952,34.7881],[-77.6064,34.7755],[-77.597,34.7456],[-77.5972,34.7329],[-77.5835,34.7338],[-77.5789,34.7191],[-77.5817,34.7063],[-77.5478,34.6912],[-77.5828,34.6607],[-77.5734,34.6485],[-77.561,34.6603],[-77.5096,34.6615],[-77.5138,34.6466],[-77.4882,34.6379],[-77.4632,34.6351],[-77.4416,34.6546],[-77.4402,34.6614],[-77.4166,34.664],[-77.4066,34.6723],[-77.4116,34.7093],[-77.4215,34.7186],[-77.4325,34.7386],[-77.417,34.7485],[-77.3871,34.744],[-77.3951,34.7612],[-77.4293,34.7879],[-77.459,34.822],[-77.4688,34.849],[-77.4824,34.8515],[-77.496,34.8703]],[[-77.4786,34.7181],[-77.4674,34.7366],[-77.457,34.7415],[-77.4456,34.7337],[-77.4569,34.7243],[-77.4694,34.7261],[-77.4786,34.7181]]]},"properties":{"ZCTA5CE20":"28540","AFFGEOID20":"860Z200US28540","GEOID20":"28540","NAME20":"28540","LSAD20":"Z5","ALAND20":285710251,"AWATER20":6360083}},
{"type":"Feature","geometry":{"type":"Polygon","coordinates":[[[-77.931,34.0503],[-77.934,34.0171],[-77.9128,34.0189],[-77.9006,34.0103],[-77.8752,34.0747],[-77.8785,34.0792],[-77.8919,34.0581],[-77.931,34.0503]]]},"properties":{"ZCTA5CE20":"28428","AFFGEOID20":"860Z200US28428","GEOID20":"28428","NAME20":"28428","LSAD20":"Z5","ALAND20":13368789,"AWATER20":6036586}},
{"type":"Feature","geometry":{"type":"MultiPolygon","coordinates":[[[[-76.3927,34.9484],[-76.3815,34.9304],[-76.3638,34.9265],[-76.3412,34.9273],[-76.3321,34.9359],[-76.3135,34.9268],[-76.2795,34.9414],[-76.2779,34.9607],[-76.2893,34.9681],[-76.3057,34.9914],[-76.2881,34.9963],[-76.2624,34.9753],[-76.2508,34.9813],[-76.2493,35.0007],[-76.2937,35.0096],[-76.3185,35.0206],[-76.3641,35.0366],[-76.3675,35.0311],[-76.3508,35.0156],[-76.3404,34.9973],[-76.3206,34.9755],[-76.3244,34.9605],[-76.3468,34.9719],[-76.3803,34.9702],[-76.3927,34.9484]]],[[[-76.5857,34.9771],[-76.5752,34.9557],[-76.5485,34.9327],[-76.5389,34.9041],[-76.5202,34.8916],[-76.5298,34.8816],[-76.5295,34.8657],[-76.5205,34.851],[-76.4854,34.8512],[-76.4605,34.8463],[-76.4524,34.8663],[-76.4329,34.8665],[-76.4331,34.8804],[-76.4334,34.9007],[-76.4397,34.923],[-76.4521,34.9402],[-76.4506,34.947],[-76.4272,34.9616],[-76.4224,34.9772],[-76.4255,35.0015],[-76.4359,35.001],[-76.4404,35.0146],[-76.4304,35.0282],[-76.4358,35.0579],[-76.4461,35.0584],[-76.4635,35.0764],[-76.4706,35.0584],[-76.4647,35.0467],[-76.4858,35.0406],[-76.4975,35.0082],[-76.4842,34.9881],[-76.498,34.985],[-76.5116,35.0051],[-76.5647,34.9983],[-76.5797,34.9901],[-76.5857,34.9771]]]]},"properties":{"ZCTA5CE20":"28520","AFFGEOID20":"860Z200US28520","GEOID20":"28520","NAME20":"28520","LSAD20":"Z5","ALAND20":237348714,"AWATER20":272819862}},
{"type":"Feature","geometry":{"type":"Polygon","coordinates":[[[-78.9785,34.3571],[-78.9705,34.3277],[-78.9786,34.2954],[-78.9913,34.2846],[-78.9936,34.2682],[-78.9691,34.2425],[-78.9401,34.2123],[-78.9199,34.2136],[-78.9074,34.2241],[-78.8961,34.2208],[-78.8739,34.2542],[-78.8708,34.2702],[-78.8772,34.2798],[-78.8862,34.3111],[-78.9147,34.3162],[-78.9147,34.3279],[-78.8946,34.34],[-78.9058,34.346],[-78.9309,34.3452],[-78.9478,34.3586],[-78.9663,34.3632],[-78.9785,34.3571]]]},"properties":{"ZCTA5CE20":"28430","AFFGEOID20":"860Z200US28430","GEOID20":"28430","NAME20":"28430","LSAD20":"Z5","ALAND20":121537369,"AWATER20":126937}},
{"type":"Feature","geometry":{"type":"Polygon","coordinates":[[[-77.5027,34.9696],[-77.4903,34.9412],[-77.4927,34.9238],[-77.4739,34.9059],[-77.489,34.8867],[-77.496,34.8703],[-77.4824,34.8515],[-77.4688,34.849],[-77.459,34.822],[-77.4293,34.7879],[-77.3951,34.7612],[-77.3871,34.744],[-77.3538,34.7345],[-77.3208,34.7387],[-77.3112,34.745],[-77.298,34.7275],[-77.2751,34.7348],[-77.2764,34.7443],[-77.2886,34.7582],[-77.2675,34.7712],[-77.2709,34.7839],[-77.2638,34.7971],[-77.2814,34.816],[-77.2847,34.8269],[-77.3014,34.8357],[-77.331,34.8162],[-77.3325,34.8271],[-77.3211,34.8321],[-77.3425,34.8554],[-77.3482,34.8704],[-77.3606,34.8621],[-77.3801,34.8807],[-77.3884,34.8998],[-77.3805,34.9118],[-77.4164,34.931],[-77.5027,34.9696]]]},"properties":{"ZCTA5CE20":"28546","AFFGEOID20":"860Z200US28546","GEOID20":"28546","NAME20":"28546","LSAD20":"Z5","ALAND20":269226365,"AWATER20":283758}},
{"type":"Feature","geometry":{"type":"Polygon","coordinates":[[[-77.8323,34.8304],[-77.8117,34.8258],[-77.819,34.8069],[-77.7936,34.7984],[-77.7898,34.7846],[-77.7688,34.7944],[-77.7489,34.7774],[-77.7354,34.7785],[-77.7083,34.7584],[-77.7003,34.7643],[-77.7027,34.7883],[-77.6772,34.7981],[-77.6726,34.8157],[-77.6574,34.8207],[-77.6366,34.8344],[-77.6717,34.8415],[-77.6799,34.8548],[-77.7252,34.8617],[-77.7348,34.8746],[-77.7555,34.876],[-77.7575,34.8568],[-77.7742,34.8584],[-77.7803,34.8478],[-77.8053,34.8408],[-77.8226,34.8397],[-77.8323,34.8304]]]},"properties":{"ZCTA5CE20":"28521","AFFGEOID20":"860Z200US28521","GEOID20":"28521","NAME20":"28521","LSAD20":"Z5","ALAND20":107157594,"AWATER20":254251}},
{"type":"Feature","geometry":{"type":"Polygon","coordinates":[[[-77.2847,35.2916],[-77.2891,35.2803],[-77.2812,35.2656],[-77.2871,35.2569],[-77.3239,35.2357],[-77.3457,35.2288],[-77.3676,35.2332],[-77.4013,35.2114],[-77.4229,35.2127],[-77.4296,35.2063],[-77.337,35.1542],[-77.2812,35.1265],[-77.2846,35.1609],[-77.2665,35.1696],[-77.2334,35.1648],[-77.2307,35.1842],[-77.2048,35.2046],[-77.1985,35.2354],[-77.1684,35.2377],[-77.1653,35.2253],[-77.1438,35.2179],[-77.1649,35.2256],[-77.168,35.2382],[-77.1963,35.2364],[-77.2169,35.2527],[-77.2497,35.2638],[-77.2543,35.2797],[-77.2785,35.2845],[-77.2847,35.2916]]]},"properties":{"ZCTA5CE20":"28523","AFFGEOID20":"860Z200US28523","GEOID20":"28523","NAME20":"28523","LSAD20":"Z5","ALAND20":169224399,"AWATER20":1190584}},
{"type":"Feature","geometry":{"type":"Polygon","coordinates":[[[-80.437,35.2971],[-80.4334,35.2939],[-80.451,35.2671],[-80.4662,35.2616],[-80.4667,35.2432],[-80.4325,35.2416],[-80.4284,35.2527],[-80.4013,35.2548],[-80.391,35.264],[-80.3783,35.2607],[-80.3805,35.2763],[-80.3716,35.2874],[-80.3531,35.2791],[-80.3306,35.3062],[-80.3191,35.3069],[-80.3405,35.3406],[-80.3715,35.3414],[-80.3815,35.353],[-80.3999,35.3451],[-80.4276,35.3028],[-80.437,35.2971]]]},"properties":{"ZCTA5CE20":"28097","AFFGEOID20":"860Z200US28097","GEOID20":"28097","NAME20":"28097","LSAD20":"Z5","ALAND20":77931366,"AWATER20":0}},
{"type":"Feature","geometry":{"type":"Polygon","coordinates":[[[-81.0776,35.2642],[-81.0832,35.2555],[-81.0795,35.2511],[-81.0731,35.249],[-81.0687,35.2641],[-81.0776,35.2642]]]},"properties":{"ZCTA5CE20":"28101","AFFGEOID20":"860Z200US28101","GEOID20":"28101","NAME20":"28101","LSAD20":"Z5","ALAND20":1321598,"AWATER20":117850}},
{"type":"Feature","geometry":{"type":"Polygon","coordinates":[[[-82.2947,34.8863],[-82.3031,34.8662],[-82.2619,34.8597],[-82.2349,34.8593],[-82.2304,34.8513],[-82.2183,34.8689],[-82.2307,34.8787],[-82.2401,34.9073],[-82.2228,34.948],[-82.2392,34.9486],[-82.2741,34.9388],[-82.2758,34.918],[-82.2889,34.905],[-82.2947,34.8863]]]},"properties":{"ZCTA5CE20":"29650","AFFGEOID20":"860Z200US29650","GEOID20":"29650","NAME20":"29650","LSAD20":"Z5","ALAND20":46548219,"AWATER20":209283}},
{"type":"Feature","geometry":{"type":"Polygon","coordinates":[[[-78.5059,34.5669],[-78.4923,34.5482],[-78.5002,34.529],[-78.5132,34.5303],[-78.5276,34.5157],[-78.5427,34.5117],[-78.5501,34.4913],[-78.5509,34.4763],[-78.5394,34.4472],[-78.5261,34.4425],[-78.5298,34.4329],[-78.5282,34.4109],[-78.4904,34.3957],[-78.4455,34.3777],[-78.4235,34.3996],[-78.4322,34.4077],[-78.4347,34.4226],[-78.4281,34.4341],[-78.3971,34.4472],[-78.4,34.4648],[-78.3689,34.4743],[-78.4007,34.4759],[-78.4125,34.4815],[-78.4097,34.4939],[-78.4346,34.5141],[-78.4398,34.535],[-78.4362,34.5488],[-78.4745,34.5667],[-78.4886,34.5637],[-78.5059,34.5669]]]},"properties":{"ZCTA5CE20":"28434","AFFGEOID20":"860Z200US28434","GEOID20":"28434","NAME20":"28434","LSAD20":"Z5","ALAND20":182875732,"AWATER20":1800278}},
{"type":"Feature","geometry":{"type":"Polygon","coordinates":[[[-80.9312,35.1034],[-80.9333,35.092],[-80.955,35.0632],[-80.9614,35.0337],[-80.9718,35.0052],[-80.9833,34.9874],[-80.9574,34.9745],[-80.9598,34.9627],[-80.9469,34.955],[-80.8982,34.9443],[-80.8764,34.9467],[-80.8682,34.9412],[-80.8686,34.9507],[-80.8824,34.9708],[-80.8933,34.9982],[-80.9095,35.0169],[-80.8974,35.0331],[-80.9059,35.0468],[-80.9005,35.0574],[-80.9062,35.0764],[-80.9201,35.0914],[-80.9312,35.1034]]]},"properties":{"ZCTA5CE20":"29715","AFFGEOID20":"860Z200US29715","GEOID20":"29715","NAME20":"29715","LSAD20":"Z5","ALAND20":90589954,"AWATER20":2397854}},
{"type":"Feature","geometry":{"type":"Polygon","coordinates":[[[-81.4883,35.0269],[-81.4806,35.0059],[-81.484,34.9938],[-81.4762,34.984],[-81.4924,34.9468],[-81.4746,34.9368],[-81.4773,34.9262],[-81.471,34.9123],[-81.4788,34.8984],[-81.4631,34.855],[-81.454,34.8581],[-81.4447,34.8943],[-81.421,34.9186],[-81.4034,34.9274],[-81.3889,34.9423],[-81.3784,34.9617],[-81.3815,34.98],[-81.408,34.9838],[-81.424,34.9925],[-81.4341,35.0056],[-81.4293,35.0153],[-81.4519,35.0163],[-81.4662,35.0094],[-81.488,35.0303],[-81.4883,35.0269]]]},"properties":{"ZCTA5CE20":"29717","AFFGEOID20":"860Z200US29717","GEOID20":"29717","NAME20":"29717","LSAD20":"Z5","ALAND20":96761797,"AWATER20":1090388}},
{"type":"Feature","geometry":{"type":"Polygon","coordinates":[[[-80.8384,35.1963],[-80.8418,35.1863],[-80.8292,35.1799],[-80.8158,35.1868],[-80.8125,35.1995],[-80.8116,35.2021],[-80.8239,35.2112],[-80.8372,35.203],[-80.8384,35.1963]],[[-80.8363,35.1883],[-80.8345,35.1913],[-80.8304,35.1892],[-80.833,35.1869],[-80.8363,35.1883]]]},"properties":{"ZCTA5CE20":"28207","AFFGEOID20":"860Z200US28207","GEOID20":"28207","NAME20":"28207","LSAD20":"Z5","ALAND20":6292663,"AWATER20":20241}},
{"type":"Feature","geometry":{"type":"Polygon","coordinates":[[[-80.7935,35.2787],[-80.7911,35.2515],[-80.78,35.2538],[-80.7315,35.2662],[-80.7277,35.2763],[-80.7135,35.284],[-80.7053,35.275],[-80.6929,35.2749],[-80.6758,35.2943],[-80.6746,35.3089],[-80.683,35.3156],[-80.6977,35.3148],[-80.7243,35.3059],[-80.7413,35.302],[-80.7639,35.2845],[-80.7935,35.2787]]]},"properties":{"ZCTA5CE20":"28213","AFFGEOID20":"860Z200US28213","GEOID20":"28213","NAME20":"28213","LSAD20":"Z5","ALAND20":36838784,"AWATER20":226632}},
{"type":"Feature","geometry":{"type":"Polygon","coordinates":[[[-80.325,34.6824],[-80.3094,34.669],[-80.314,34.6604],[-80.3058,34.6446],[-80.3103,34.6332],[-80.302,34.6164],[-80.2851,34.6155],[-80.2707,34.6331],[-80.2561,34.6403],[-80.2379,34.6427],[-80.2116,34.6629],[-80.2488,34.6667],[-80.2658,34.6731],[-80.2353,34.6874],[-80.2397,34.6962],[-80.2648,34.7124],[-80.2533,34.7274],[-80.2423,34.7249],[-80.2096,34.7465],[-80.2176,34.7576],[-80.2224,34.7761],[-80.2085,34.8124],[-80.2452,34.8131],[-80.2501,34.7969],[-80.2784,34.789],[-80.2966,34.7768],[-80.3117,34.7525],[-80.2975,34.7364],[-80.299,34.7226],[-80.3149,34.7189],[-80.3241,34.7008],[-80.308,34.685],[-80.325,34.6824]]]},"properties":{"ZCTA5CE20":"29727","AFFGEOID20":"860Z200US29727","GEOID20":"29727","NAME20":"29727","LSAD20":"Z5","ALAND20":130993451,"AWATER20":416422}},
{"type":"Feature","geometry":{"type":"Polygon","coordinates":[[[-80.9653,34.8371],[-80.9744,34.8211],[-80.9553,34.821],[-80.9536,34.8072],[-80.9437,34.7993],[-80.923,34.7986],[-80.9204,34.7795],[-80.9253,34.7693],[-80.9032,34.757],[-80.8748,34.772],[-80.8761,34.788],[-80.8959,34.8141],[-80.8939,34.8301],[-80.8739,34.8385],[-80.8666,34.8488],[-80.8767,34.8602],[-80.8974,34.875],[-80.9178,34.8591],[-80.942,34.877],[-80.9559,34.8726],[-80.956,34.8412],[-80.9653,34.8371]]]},"properties":{"ZCTA5CE20":"29704","AFFGEOID20":"860Z200US29704","GEOID20":"29704","NAME20":"29704","LSAD20":"Z5","ALAND20":68049159,"AWATER20":1790387}},
{"type":"Feature","geometry":{"type":"Polygon","coordinates":[[[-81.0994,35.7682],[-81.1171,35.7577],[-81.1169,35.7251],[-81.0928,35.7169],[-81.1057,35.6951],[-81.0965,35.6841],[-81.087,35.6532],[-81.098,35.6454],[-81.1072,35.6277],[-81.1056,35.6067],[-81.0904,35.6129],[-81.0805,35.602],[-81.0619,35.6065],[-81.0465,35.6067],[-81.0472,35.6225],[-81.0334,35.6373],[-81.0119,35.6353],[-80.9882,35.6443],[-80.9609,35.6599],[-80.9667,35.671],[-80.9815,35.6817],[-80.9944,35.7021],[-81.0177,35.7127],[-81.0407,35.7074],[-81.0606,35.7103],[-81.064,35.7285],[-81.0747,35.7431],[-81.0904,35.7573],[-81.0994,35.7682]]]},"properties":{"ZCTA5CE20":"28609","AFFGEOID20":"860Z200US28609","GEOID20":"28609","NAME20":"28609","LSAD20":"Z5","ALAND20":118272794,"AWATER20":5207561}},
{"type":"Feature","geometry":{"type":"Polygon","coordinates":[[[-78.6378,35.7861],[-78.6472,35.7674],[-78.6374,35.7632],[-78.6243,35.7655],[-78.6224,35.7777],[-78.6236,35.7777],[-78.6235,35.7799],[-78.6223,35.7798],[-78.6233,35.7845],[-78.6378,35.7861]]]},"properties":{"ZCTA5CE20":"27601","AFFGEOID20":"860Z200US27601","GEOID20":"27601","NAME20":"27601","LSAD20":"Z5","ALAND20":4709755,"AWATER20":0}},
{"type":"Feature","geometry":{"type":"Polygon","coordinates":[[[-80.4773,34.988],[-80.4765,34.9756],[-80.4857,34.9594],[-80.4768,34.9351],[-80.4652,34.9251],[-80.4517,34.9264],[-80.4477,34.9021],[-80.4341,34.8869],[-80.4118,34.8933],[-80.4022,34.8835],[-80.3891,34.8847],[-80.3835,34.8982],[-80.3901,34.9134],[-80.406,34.9274],[-80.4135,34.9457],[-80.4075,34.9524],[-80.4283,34.9686],[-80.414,34.9828],[-80.4175,34.9919],[-80.4029,35.0144],[-80.4173,35.0271],[-80.4122,35.0553],[-80.4311,35.0557],[-80.4718,35.0322],[-80.4773,34.988]]]},"properties":{"ZCTA5CE20":"28174","AFFGEOID20":"860Z200US28174","GEOID20":"28174","NAME20":"28174","LSAD20":"Z5","ALAND20":94279629,"AWATER20":1013760}},
{"type":"Feature","geometry":{"type":"Polygon","coordinates":[[[-80.8797,35.2109],[-80.8704,35.198],[-80.8663,35.2031],[-80.8429,35.1915],[-80.8384,35.1963],[-80.8372,35.203],[-80.8446,35.2138],[-80.8544,35.2241],[-80.8679,35.2221],[-80.8797,35.2109]]]},"properties":{"ZCTA5CE20":"28203","AFFGEOID20":"860Z200US28203","GEOID20":"28203","NAME20":"28203","LSAD20":"Z5","ALAND20":8112533,"AWATER20":2484}},
{"type":"Feature","geometry":{"type":"Polygon","coordinates":[[[-80.8446,35.2138],[-80.8372,35.203],[-80.8239,35.2112],[-80.8116,35.2021],[-80.818,35.2231],[-80.8249,35.2279],[-80.8286,35.2249],[-80.8446,35.2138]]]},"properties":{"ZCTA5CE20":"28204","AFFGEOID20":"860Z200US28204","GEOID20":"28204","NAME20":"28204","LSAD20":"Z5","ALAND20":4567203,"AWATER20":0}},
{"type":"Feature","geometry":{"type":"Polygon","coordinates":[[[-77.604,35.0184],[-77.6197,35.0054],[-77.6316,35.004],[-77.631,34.9837],[-77.5027,34.9696],[-77.4164,34.931],[-77.3642,34.9729],[-77.3103,35.0154],[-77.2811,35.0335],[-77.2643,35.0318],[-77.2431,35.0355],[-77.2375,35.049],[-77.2144,35.0521],[-77.2189,35.0718],[-77.2452,35.0815],[-77.2481,35.1104],[-77.2812,35.1265],[-77.337,35.1542],[-77.3405,35.1523],[-77.4329,35.1637],[-77.4433,35.1463],[-77.4414,35.1365],[-77.4715,35.1406],[-77.4752,35.1505],[-77.4897,35.1439],[-77.5056,35.1467],[-77.519,35.1372],[-77.5003,35.11],[-77.5202,35.1086],[-77.5129,35.0818],[-77.5199,35.0622],[-77.504,35.0548],[-77.539,35.0486],[-77.5528,35.0494],[-77.5528,35.0301],[-77.5607,35.0288],[-77.5675,35.0516],[-77.5831,35.0508],[-77.5918,35.0275],[-77.604,35.0184]]]},"properties":{"ZCTA5CE20":"28585","AFFGEOID20":"860Z200US28585","GEOID20":"28585","NAME20":"28585","LSAD20":"Z5","ALAND20":524749407,"AWATER20":1604808}},
{"type":"Feature","geometry":{"type":"Polygon","coordinates":[[[-82.2182,34.4932],[-82.2346,34.4991],[-82.2939,34.4552],[-82.2688,34.4306],[-82.286,34.4118],[-82.2791,34.387],[-82.2657,34.3802],[-82.2517,34.3618],[-82.2427,34.3595],[-82.2245,34.3766],[-82.2147,34.3802],[-82.1969,34.375],[-82.178,34.3581],[-82.1696,34.3348],[-82.1714,34.3584],[-82.1662,34.374],[-82.1504,34.3822],[-82.1424,34.3981],[-82.1438,34.4091],[-82.1599,34.4283],[-82.1789,34.4391],[-82.2028,34.4584],[-82.2084,34.4823],[-82.2182,34.4932]]]},"properties":{"ZCTA5CE20":"29692","AFFGEOID20":"860Z200US29692","GEOID20":"29692","NAME20":"29692","LSAD20":"Z5","ALAND20":125744814,"AWATER20":1853734}},
{"type":"Feature","geometry":{"type":"Polygon","coordinates":[[[-79.8645,33.1924],[-79.874,33.1754],[-79.8765,33.1592],[-79.8961,33.1402],[-79.915,33.133],[-79.9246,33.1215],[-79.9277,33.0952],[-79.9151,33.0751],[-79.9225,33.0672],[-79.894,33.062],[-79.8829,33.0725],[-79.8606,33.0705],[-79.8489,33.0852],[-79.8283,33.0947],[-79.8203,33.1094],[-79.8204,33.1217],[-79.8074,33.1271],[-79.7858,33.1262],[-79.7679,33.1754],[-79.7633,33.22],[-79.7911,33.1996],[-79.7989,33.2083],[-79.8229,33.2105],[-79.8425,33.1979],[-79.8645,33.1924]]]},"properties":{"ZCTA5CE20":"29434","AFFGEOID20":"860Z200US29434","GEOID20":"29434","NAME20":"29434","LSAD20":"Z5","ALAND20":138600947,"AWATER20":2173558}},
{"type":"Feature","geometry":{"type":"Polygon","coordinates":[[[-77.268,35.3649],[-77.2785,35.367],[-77.2841,35.3436],[-77.2659,35.3436],[-77.2694,35.3264],[-77.3022,35.3125],[-77.2847,35.2916],[-77.2785,35.2845],[-77.2543,35.2797],[-77.2497,35.2638],[-77.2169,35.2527],[-77.1963,35.2364],[-77.168,35.2382],[-77.1649,35.2256],[-77.1438,35.2179],[-77.1227,35.2108],[-77.1005,35.192],[-77.0929,35.2142],[-77.0819,35.2164],[-77.0642,35.2454],[-77.076,35.2441],[-77.0839,35.2605],[-77.1014,35.2735],[-77.1043,35.289],[-77.0828,35.2973],[-77.074,35.2939],[-77.0548,35.2982],[-77.0626,35.3104],[-77.0595,35.344],[-77.0549,35.3501],[-77.0995,35.3728],[-77.0891,35.3945],[-77.1045,35.3953],[-77.1101,35.4118],[-77.1061,35.4327],[-77.1276,35.4308],[-77.1436,35.3952],[-77.1904,35.419],[-77.1896,35.4293],[-77.2038,35.4292],[-77.2128,35.4113],[-77.2382,35.4007],[-77.2437,35.4078],[-77.2615,35.4065],[-77.2385,35.37],[-77.2379,35.3615],[-77.2589,35.3517],[-77.268,35.3649]]]},"properties":{"ZCTA5CE20":"28586","AFFGEOID20":"860Z200US28586","GEOID20":"28586","NAME20":"28586","LSAD20":"Z5","ALAND20":337550453,"AWATER20":3004517}},
{"type":"Feature","geometry":{"type":"Polygon","coordinates":[[[-79.0318,36.365],[-79.0133,36.3716],[-78.9861,36.3705],[-78.9939,36.3472],[-78.9704,36.3434],[-78.973,36.3532],[-78.9598,36.3587],[-78.9614,36.3717],[-78.9787,36.3774],[-78.9706,36.3937],[-78.9508,36.3933],[-78.9248,36.4136],[-78.9404,36.4276],[-78.9353,36.439],[-78.951,36.4518],[-78.9694,36.4446],[-78.9785,36.4267],[-78.9977,36.4092],[-79.0156,36.409],[-79.0205,36.3875],[-79.016,36.3793],[-79.0318,36.365]]]},"properties":{"ZCTA5CE20":"27573","AFFGEOID20":"860Z200US27573","GEOID20":"27573","NAME20":"27573","LSAD20":"Z5","ALAND20":44831829,"AWATER20":119361}},
{"type":"Feature","geometry":{"type":"Polygon","coordinates":[[[-80.2923,33.2962],[-80.2893,33.2791],[-80.2989,33.2595],[-80.2518,33.2267],[-80.2452,33.2395],[-80.2231,33.2453],[-80.2193,33.2377],[-80.2347,33.2222],[-80.2111,33.1882],[-80.1722,33.2285],[-80.1589,33.2422],[-80.1784,33.2616],[-80.1681,33.2821],[-80.1308,33.2807],[-80.1056,33.2677],[-80.0383,33.303],[-80.039,33.3035],[-80.1025,33.35],[-80.1057,33.3645],[-80.1001,33.3761],[-80.1296,33.398],[-80.1389,33.3842],[-80.1562,33.4055],[-80.1646,33.407],[-80.209,33.4427],[-80.2223,33.4437],[-80.2252,33.4093],[-80.2226,33.3913],[-80.2385,33.3912],[-80.2417,33.3776],[-80.252,33.378],[-80.2523,33.3395],[-80.267,33.3294],[-80.27,33.3118],[-80.2526,33.3063],[-80.2923,33.2962]]]},"properties":{"ZCTA5CE20":"29436","AFFGEOID20":"860Z200US29436","GEOID20":"29436","NAME20":"29436","LSAD20":"Z5","ALAND20":221724403,"AWATER20":84774622}},
{"type":"Feature","geometry":{"type":"Polygon","coordinates":[[[-82.9799,34.8364],[-82.9868,34.8375],[-83.019,34.8172],[-83.0299,34.795],[-83.0411,34.7956],[-83.0511,34.7631],[-83.0591,34.7532],[-83.0537,34.7437],[-83.0314,34.7365],[-83.0136,34.7252],[-82.9943,34.7267],[-82.9831,34.7375],[-82.974,34.731],[-82.9632,34.7421],[-82.963,34.7546],[-82.9777,34.7611],[-82.997,34.7851],[-82.9863,34.8016],[-82.9697,34.8181],[-82.9701,34.8334],[-82.9799,34.8364]]]},"properties":{"ZCTA5CE20":"29696","AFFGEOID20":"860Z200US29696","GEOID20":"29696","NAME20":"29696","LSAD20":"Z5","ALAND20":56752807,"AWATER20":2656051}},
{"type":"Feature","geometry":{"type":"Polygon","coordinates":[[[-80.1126,32.9424],[-80.1155,32.9327],[-80.1326,32.9347],[-80.1478,32.9245],[-80.1265,32.9012],[-80.1152,32.9067],[-80.0988,32.9212],[-80.059,32.9312],[-80.0529,32.9435],[-80.0725,32.9619],[-80.0864,32.9607],[-80.0921,32.9458],[-80.1126,32.9424]]]},"properties":{"ZCTA5CE20":"29420","AFFGEOID20":"860Z200US29420","GEOID20":"29420","NAME20":"29420","LSAD20":"Z5","ALAND20":25975616,"AWATER20":384813}},
{"type":"Feature","geometry":{"type":"Polygon","coordinates":[[[-80.4667,35.2432],[-80.4662,35.224],[-80.4793,35.2241],[-80.4831,35.2128],[-80.5062,35.1924],[-80.5034,35.1817],[-80.4704,35.1673],[-80.4399,35.161],[-80.4193,35.1729],[-80.413,35.1638],[-80.3906,35.1657],[-80.371,35.1797],[-80.3692,35.1868],[-80.3816,35.2047],[-80.3757,35.2177],[-80.3858,35.2302],[-80.3769,35.2437],[-80.3783,35.2607],[-80.391,35.264],[-80.4013,35.2548],[-80.4284,35.2527],[-80.4325,35.2416],[-80.4667,35.2432]]]},"properties":{"ZCTA5CE20":"28163","AFFGEOID20":"860Z200US28163","GEOID20":"28163","NAME20":"28163","LSAD20":"Z5","ALAND20":90134656,"AWATER20":0}},
{"type":"Feature","geometry":{"type":"Polygon","coordinates":[[[-80.4459,32.7649],[-80.4536,32.7399],[-80.4461,32.7275],[-80.423,32.7148],[-80.4161,32.6953],[-80.4182,32.6785],[-80.3778,32.7023],[-80.3784,32.7295],[-80.3714,32.7294],[-80.3535,32.7146],[-80.3405,32.7271],[-80.2741,32.7595],[-80.2984,32.7582],[-80.2982,32.7837],[-80.3129,32.7883],[-80.3131,32.8068],[-80.3207,32.8316],[-80.3164,32.8587],[-80.3257,32.8675],[-80.3344,32.8731],[-80.3344,32.8943],[-80.3491,32.8989],[-80.3506,32.9113],[-80.3842,32.9055],[-80.3877,32.8931],[-80.4033,32.8696],[-80.4013,32.8585],[-80.3968,32.8417],[-80.4075,32.8111],[-80.4358,32.7879],[-80.4327,32.7794],[-80.436,32.7742],[-80.4386,32.7722],[-80.4382,32.7712],[-80.4366,32.7704],[-80.4367,32.7696],[-80.4393,32.7659],[-80.4418,32.7648],[-80.4459,32.7649]]]},"properties":{"ZCTA5CE20":"29426","AFFGEOID20":"860Z200US29426","GEOID20":"29426","NAME20":"29426","LSAD20":"Z5","ALAND20":203838049,"AWATER20":1914287}},
{"type":"Feature","geometry":{"type":"Polygon","coordinates":[[[-76.8369,35.0868],[-76.8348,35.071],[-76.8353,35.0573],[-76.8242,35.056],[-76.8154,35.0372],[-76.7917,35.0358],[-76.7775,35.0082],[-76.7668,35.0034],[-76.7333,34.9998],[-76.7116,35.0045],[-76.7025,35.0189],[-76.6746,35.03],[-76.6299,35.0613],[-76.5973,35.074],[-76.5893,35.0956],[-76.5963,35.0996],[-76.6143,35.0906],[-76.6273,35.0923],[-76.6449,35.112],[-76.6505,35.0945],[-76.665,35.0844],[-76.6818,35.0893],[-76.7007,35.0864],[-76.722,35.0999],[-76.735,35.0813],[-76.7592,35.0689],[-76.7905,35.0851],[-76.8043,35.1033],[-76.8119,35.0988],[-76.8154,35.0848],[-76.8369,35.0868]]]},"properties":{"ZCTA5CE20":"28571","AFFGEOID20":"860Z200US28571","GEOID20":"28571","NAME20":"28571","LSAD20":"Z5","ALAND20":131503956,"AWATER20":60808401}},
{"type":"Feature","geometry":{"type":"Polygon","coordinates":[[[-81.0415,35.0447],[-81.038,35.0275],[-81.0273,35.0188],[-81.0147,35.0239],[-80.9962,35.0107],[-80.9971,34.9967],[-80.9835,34.9875],[-80.9833,34.9874],[-80.9718,35.0052],[-80.9614,35.0337],[-80.955,35.0632],[-80.9333,35.092],[-80.9312,35.1034],[-80.9349,35.1074],[-80.989,35.0748],[-81.0415,35.0447]]]},"properties":{"ZCTA5CE20":"29708","AFFGEOID20":"860Z200US29708","GEOID20":"29708","NAME20":"29708","LSAD20":"Z5","ALAND20":49281858,"AWATER20":3009690}},
{"type":"Feature","geometry":{"type":"Polygon","coordinates":[[[-77.2144,35.0521],[-77.2375,35.049],[-77.2431,35.0355],[-77.2643,35.0318],[-77.2811,35.0335],[-77.3103,35.0154],[-77.3642,34.9729],[-77.2636,34.9569],[-77.2613,34.9449],[-77.2376,34.9388],[-77.2308,34.9161],[-77.1951,34.9171],[-77.1955,34.8976],[-77.1865,34.8914],[-77.1622,34.8885],[-77.1512,34.8943],[-77.1266,34.8985],[-77.1063,34.9065],[-77.1033,35.009],[-77.0767,35.0185],[-77.089,35.0286],[-77.1192,35.0326],[-77.1506,35.0488],[-77.1499,35.0576],[-77.1645,35.0655],[-77.196,35.0465],[-77.2144,35.0521]]]},"properties":{"ZCTA5CE20":"28573","AFFGEOID20":"860Z200US28573","GEOID20":"28573","NAME20":"28573","LSAD20":"Z5","ALAND20":268172077,"AWATER20":3229209}},
{"type":"Feature","geometry":{"type":"Polygon","coordinates":[[[-76.4272,34.9616],[-76.4506,34.947],[-76.4521,34.9402],[-76.4397,34.923],[-76.4334,34.9007],[-76.4331,34.8804],[-76.4144,34.8806],[-76.4027,34.8863],[-76.3917,34.8786],[-76.3988,34.8657],[-76.3822,34.857],[-76.3657,34.8729],[-76.3832,34.8981],[-76.3638,34.9265],[-76.3815,34.9304],[-76.3927,34.9484],[-76.4031,34.9634],[-76.4228,34.9507],[-76.4272,34.9616]]]},"properties":{"ZCTA5CE20":"28577","AFFGEOID20":"860Z200US28577","GEOID20":"28577","NAME20":"28577","LSAD20":"Z5","ALAND20":43847950,"AWATER20":23673356}},
{"type":"Feature","geometry":{"type":"Polygon","coordinates":[[[-77.8061,35.489],[-77.8078,35.4728],[-77.8052,35.4418],[-77.7986,35.4415],[-77.779,35.4042],[-77.7427,35.4015],[-77.7307,35.4144],[-77.7215,35.4143],[-77.7035,35.3818],[-77.6945,35.3552],[-77.6848,35.3678],[-77.6644,35.3607],[-77.6608,35.3528],[-77.6376,35.3543],[-77.611,35.3786],[-77.6128,35.3925],[-77.5913,35.4054],[-77.5933,35.4247],[-77.6036,35.4303],[-77.6058,35.4571],[-77.599,35.469],[-77.5846,35.459],[-77.5584,35.458],[-77.5504,35.4647],[-77.5563,35.4955],[-77.5708,35.4993],[-77.5634,35.5262],[-77.5833,35.5274],[-77.6061,35.5173],[-77.6126,35.5045],[-77.6556,35.5296],[-77.676,35.537],[-77.6747,35.5241],[-77.6897,35.519],[-77.6904,35.5097],[-77.721,35.5002],[-77.7375,35.519],[-77.7449,35.5084],[-77.7833,35.5005],[-77.8061,35.489]],[[-77.6049,35.4735],[-77.5923,35.4803],[-77.5916,35.4697],[-77.6049,35.4735]]]},"properties":{"ZCTA5CE20":"28580","AFFGEOID20":"860Z200US28580","GEOID20":"28580","NAME20":"28580","LSAD20":"Z5","ALAND20":280470367,"AWATER20":171787}},
{"type":"Feature","geometry":{"type":"Polygon","coordinates":[[[-78.9959,35.1062],[-79.0068,35.1061],[-79.0307,35.0907],[-79.0184,35.084],[-78.9857,35.0783],[-78.9604,35.0771],[-78.9379,35.0484],[-78.9393,35.0441],[-78.9184,35.0417],[-78.9258,35.0532],[-78.9088,35.0622],[-78.9076,35.075],[-78.9242,35.089],[-78.9287,35.1018],[-78.942,35.1061],[-78.9447,35.1187],[-78.98,35.1094],[-78.9959,35.1062]]]},"properties":{"ZCTA5CE20":"28303","AFFGEOID20":"860Z200US28303","GEOID20":"28303","NAME20":"28303","LSAD20":"Z5","ALAND20":39884385,"AWATER20":487168}},
{"type":"Feature","geometry":{"type":"Polygon","coordinates":[[[-78.7582,35.9216],[-78.7324,35.9193],[-78.7282,35.9056],[-78.7404,35.8961],[-78.7409,35.8842],[-78.7064,35.8589],[-78.6914,35.8733],[-78.6739,35.882],[-78.6808,35.8997],[-78.6863,35.9422],[-78.6871,35.9739],[-78.6941,35.9855],[-78.7083,35.9843],[-78.7004,36.0083],[-78.7073,36.0078],[-78.7177,35.9827],[-78.7387,35.9729],[-78.7485,35.9347],[-78.7582,35.9216]]]},"properties":{"ZCTA5CE20":"27613","AFFGEOID20":"860Z200US27613","GEOID20":"27613","NAME20":"27613","LSAD20":"Z5","ALAND20":66043122,"AWATER20":395659}},
{"type":"Feature","geometry":{"type":"Polygon","coordinates":[[[-81.3371,36.4739],[-81.3474,36.4587],[-81.3679,36.4638],[-81.3731,36.459],[-81.3619,36.435],[-81.3288,36.427],[-81.3241,36.4185],[-81.3291,36.3995],[-81.3449,36.3924],[-81.3512,36.3723],[-81.3326,36.3704],[-81.3103,36.3618],[-81.3027,36.3684],[-81.2789,36.3631],[-81.2546,36.3644],[-81.2435,36.3661],[-81.1893,36.3994],[-81.1829,36.4074],[-81.163,36.4325],[-81.1827,36.4307],[-81.1851,36.4574],[-81.1917,36.4711],[-81.2273,36.4703],[-81.236,36.4771],[-81.2225,36.4877],[-81.2309,36.5041],[-81.2515,36.4991],[-81.2661,36.5159],[-81.2964,36.5068],[-81.2908,36.4951],[-81.3074,36.4806],[-81.3371,36.4739]]]},"properties":{"ZCTA5CE20":"28644","AFFGEOID20":"860Z200US28644","GEOID20":"28644","NAME20":"28644","LSAD20":"Z5","ALAND20":184967635,"AWATER20":719916}},
{"type":"Feature","geometry":{"type":"Polygon","coordinates":[[[-78.6941,35.9855],[-78.6871,35.9739],[-78.6863,35.9422],[-78.6531,35.9309],[-78.6342,35.9166],[-78.6071,35.9114],[-78.5692,35.8971],[-78.5577,35.9099],[-78.5523,35.9405],[-78.5416,35.9401],[-78.543,35.9609],[-78.5571,35.9708],[-78.5738,35.9481],[-78.5847,35.959],[-78.5993,35.9561],[-78.6238,35.9702],[-78.633,35.9828],[-78.6444,35.9864],[-78.6521,35.9992],[-78.668,35.9878],[-78.6941,35.9855]]]},"properties":{"ZCTA5CE20":"27614","AFFGEOID20":"860Z200US27614","GEOID20":"27614","NAME20":"27614","LSAD20":"Z5","ALAND20":71836748,"AWATER20":6286122}},
{"type":"Feature","geometry":{"type":"Polygon","coordinates":[[[-81.8794,36.1139],[-81.8809,36.099],[-81.8758,36.0734],[-81.8843,36.0505],[-81.8633,36.046],[-81.8524,36.0514],[-81.8358,36.0417],[-81.8088,36.0349],[-81.8155,36.061],[-81.8109,36.0687],[-81.7885,36.0661],[-81.7913,36.0829],[-81.7968,36.1071],[-81.8105,36.1115],[-81.8149,36.1227],[-81.8388,36.1182],[-81.8448,36.1254],[-81.8794,36.1139]]]},"properties":{"ZCTA5CE20":"28646","AFFGEOID20":"860Z200US28646","GEOID20":"28646","NAME20":"28646","LSAD20":"Z5","ALAND20":60112766,"AWATER20":142202}},
{"type":"Feature","geometry":{"type":"Polygon","coordinates":[[[-82.225,33.6909],[-82.2186,33.6863],[-82.2098,33.6693],[-82.1998,33.6618],[-82.1966,33.6306],[-82.1799,33.6159],[-82.1642,33.611],[-82.1335,33.5905],[-82.1062,33.5956],[-82.0941,33.5827],[-82.0731,33.5775],[-82.0596,33.5682],[-82.049,33.5649],[-82.0485,33.5771],[-82.0265,33.5934],[-82.0251,33.6061],[-82.0324,33.6229],[-82.0146,33.6348],[-82.0377,33.6422],[-82.0356,33.6559],[-82.0214,33.6703],[-82.0302,33.6729],[-82.0528,33.6615],[-82.072,33.6445],[-82.0946,33.6331],[-82.1197,33.6673],[-82.1155,33.6872],[-82.1071,33.6933],[-82.1,33.7103],[-82.0899,33.7162],[-82.1012,33.7442],[-82.1199,33.719],[-82.1493,33.7057],[-82.1539,33.6859],[-82.1684,33.6785],[-82.179,33.6974],[-82.1981,33.6994],[-82.225,33.6909]]]},"properties":{"ZCTA5CE20":"29821","AFFGEOID20":"860Z200US29821","GEOID20":"29821","NAME20":"29821","LSAD20":"Z5","ALAND20":142982723,"AWATER20":13080616}},
{"type":"Feature","geometry":{"type":"Polygon","coordinates":[[[-79.09,35.0538],[-79.0832,35.0327],[-79.0739,35.0379],[-79.0449,35.0301],[-78.9753,35.0443],[-78.9393,35.0441],[-78.9379,35.0484],[-78.9604,35.0771],[-78.9857,35.0783],[-79.0184,35.084],[-79.024,35.0668],[-79.0459,35.0656],[-79.047,35.0784],[-79.0626,35.0729],[-79.09,35.0538]]]},"properties":{"ZCTA5CE20":"28314","AFFGEOID20":"860Z200US28314","GEOID20":"28314","NAME20":"28314","LSAD20":"Z5","ALAND20":50202459,"AWATER20":1079411}},
{"type":"Feature","geometry":{"type":"Polygon","coordinates":[[[-80.1321,33.0105],[-80.1315,33.0075],[-80.1573,32.9645],[-80.1417,32.9594],[-80.1126,32.9424],[-80.0921,32.9458],[-80.0864,32.9607],[-80.0725,32.9619],[-80.0801,32.9857],[-80.0869,32.9922],[-80.0851,33.0258],[-80.096,33.0357],[-80.1118,33.0328],[-80.1283,33.021],[-80.1321,33.0105]]]},"properties":{"ZCTA5CE20":"29456","AFFGEOID20":"860Z200US29456","GEOID20":"29456","NAME20":"29456","LSAD20":"Z5","ALAND20":46784519,"AWATER20":74316}},
{"type":"Feature","geometry":{"type":"Polygon","coordinates":[[[-78.6863,35.9422],[-78.6808,35.8997],[-78.6739,35.882],[-78.6505,35.8686],[-78.6375,35.8649],[-78.6223,35.8729],[-78.5974,35.8599],[-78.5922,35.8736],[-78.5758,35.8854],[-78.5692,35.8971],[-78.6071,35.9114],[-78.6342,35.9166],[-78.6531,35.9309],[-78.6863,35.9422]]]},"properties":{"ZCTA5CE20":"27615","AFFGEOID20":"860Z200US27615","GEOID20":"27615","NAME20":"27615","LSAD20":"Z5","ALAND20":48941946,"AWATER20":343941}},
{"type":"Feature","geometry":{"type":"Polygon","coordinates":[[[-78.8165,35.9118],[-78.8136,35.8922],[-78.7886,35.8962],[-78.7711,35.9052],[-78.7594,35.8919],[-78.7479,35.8814],[-78.7409,35.8842],[-78.7404,35.8961],[-78.7282,35.9056],[-78.7324,35.9193],[-78.7582,35.9216],[-78.7805,35.9227],[-78.7887,35.9176],[-78.802,35.927],[-78.8161,35.914],[-78.8165,35.9118]]]},"properties":{"ZCTA5CE20":"27617","AFFGEOID20":"860Z200US27617","GEOID20":"27617","NAME20":"27617","LSAD20":"Z5","ALAND20":21423389,"AWATER20":3744}},
{"type":"Feature","geometry":{"type":"Polygon","coordinates":[[[-77.7702,35.6499],[-77.7545,35.6384],[-77.7626,35.6181],[-77.759,35.5954],[-77.7451,35.5955],[-77.7359,35.5713],[-77.7425,35.5483],[-77.7561,35.5421],[-77.7555,35.5334],[-77.7375,35.519],[-77.721,35.5002],[-77.6904,35.5097],[-77.6897,35.519],[-77.6747,35.5241],[-77.676,35.537],[-77.6556,35.5296],[-77.6687,35.5539],[-77.651,35.5811],[-77.6581,35.5911],[-77.6567,35.6068],[-77.629,35.6283],[-77.6651,35.6484],[-77.6776,35.6489],[-77.6881,35.6609],[-77.7116,35.6688],[-77.6919,35.6892],[-77.7132,35.7074],[-77.7178,35.6918],[-77.7275,35.6933],[-77.7248,35.6684],[-77.7389,35.6673],[-77.7442,35.6547],[-77.741,35.6409],[-77.7664,35.6535],[-77.7702,35.6499]]]},"properties":{"ZCTA5CE20":"27888","AFFGEOID20":"860Z200US27888","GEOID20":"27888","NAME20":"27888","LSAD20":"Z5","ALAND20":146739774,"AWATER20":59203}},
{"type":"Feature","geometry":{"type":"Polygon","coordinates":[[[-81.358,33.3951],[-81.3786,33.3808],[-81.3536,33.3744],[-81.3503,33.3885],[-81.358,33.3951]]]},"properties":{"ZCTA5CE20":"29826","AFFGEOID20":"860Z200US29826","GEOID20":"29826","NAME20":"29826","LSAD20":"Z5","ALAND20":5229788,"AWATER20":12865}},
{"type":"Feature","geometry":{"type":"Polygon","coordinates":[[[-81.6824,33.3908],[-81.6676,33.4067],[-81.6688,33.4344],[-81.6899,33.4339],[-81.713,33.4264],[-81.712,33.4149],[-81.7027,33.4031],[-81.6886,33.4008],[-81.6846,33.3909],[-81.6824,33.3908]]]},"properties":{"ZCTA5CE20":"29809","AFFGEOID20":"860Z200US29809","GEOID20":"29809","NAME20":"29809","LSAD20":"Z5","ALAND20":13976408,"AWATER20":4035}},
{"type":"Feature","geometry":{"type":"Polygon","coordinates":[[[-81.4219,35.7308],[-81.4385,35.7102],[-81.4115,35.7057],[-81.4025,35.7241],[-81.4219,35.7308]]]},"properties":{"ZCTA5CE20":"28637","AFFGEOID20":"860Z200US28637","GEOID20":"28637","NAME20":"28637","LSAD20":"Z5","ALAND20":6840919,"AWATER20":0}},
{"type":"Feature","geometry":{"type":"Polygon","coordinates":[[[-78.9076,35.075],[-78.9088,35.0622],[-78.9258,35.0532],[-78.9184,35.0417],[-78.8975,35.0409],[-78.8923,35.0421],[-78.8934,35.0584],[-78.9076,35.075]]]},"properties":{"ZCTA5CE20":"28305","AFFGEOID20":"860Z200US28305","GEOID20":"28305","NAME20":"28305","LSAD20":"Z5","ALAND20":6735538,"AWATER20":201709}},
{"type":"Feature","geometry":{"type":"Polygon","coordinates":[[[-81.0429,35.1492],[-81.0504,35.131],[-81.039,35.1263],[-81.033,35.1137],[-81.0374,35.1025],[-81.0521,35.0963],[-81.0572,35.0861],[-81.0577,35.0644],[-81.0415,35.0447],[-80.989,35.0748],[-80.9927,35.1007],[-80.9778,35.1364],[-80.9901,35.1507],[-80.9705,35.1581],[-80.9609,35.172],[-80.9581,35.1904],[-80.9684,35.2069],[-80.9935,35.2207],[-81.0063,35.2103],[-81.0024,35.1808],[-81.0058,35.157],[-81.0247,35.1489],[-81.0429,35.1492]]]},"properties":{"ZCTA5CE20":"28278","AFFGEOID20":"860Z200US28278","GEOID20":"28278","NAME20":"28278","LSAD20":"Z5","ALAND20":74612379,"AWATER20":9564163}},
{"type":"Feature","geometry":{"type":"Polygon","coordinates":[[[-81.8807,33.5006],[-81.8701,33.4969],[-81.8627,33.5018],[-81.8682,33.5088],[-81.8807,33.5006]]]},"properties":{"ZCTA5CE20":"29816","AFFGEOID20":"860Z200US29816","GEOID20":"29816","NAME20":"29816","LSAD20":"Z5","ALAND20":1545367,"AWATER20":18366}},
{"type":"Feature","geometry":{"type":"Polygon","coordinates":[[[-78.8579,35.1017],[-78.8785,35.1052],[-78.9145,35.0986],[-78.9242,35.089],[-78.9076,35.075],[-78.8934,35.0584],[-78.8923,35.0421],[-78.872,35.0296],[-78.8602,35.0321],[-78.8548,35.0686],[-78.8637,35.0815],[-78.8581,35.1002],[-78.8579,35.1017]]]},"properties":{"ZCTA5CE20":"28301","AFFGEOID20":"860Z200US28301","GEOID20":"28301","NAME20":"28301","LSAD20":"Z5","ALAND20":32109307,"AWATER20":366212}},
{"type":"Feature","geometry":{"type":"Polygon","coordinates":[[[-80.8732,36.2363],[-80.8935,36.2335],[-80.8914,36.2208],[-80.9033,36.2093],[-80.8759,36.1808],[-80.8625,36.1792],[-80.8537,36.1928],[-80.8226,36.199],[-80.8062,36.1871],[-80.7963,36.1901],[-80.7757,36.1972],[-80.7676,36.2135],[-80.7533,36.2233],[-80.7452,36.2369],[-80.7485,36.2489],[-80.7409,36.2632],[-80.7225,36.2697],[-80.7418,36.2778],[-80.7523,36.2633],[-80.7687,36.275],[-80.7787,36.2718],[-80.7784,36.2569],[-80.7972,36.248],[-80.8084,36.2543],[-80.8501,36.2408],[-80.8732,36.2363]]]},"properties":{"ZCTA5CE20":"28642","AFFGEOID20":"860Z200US28642","GEOID20":"28642","NAME20":"28642","LSAD20":"Z5","ALAND20":83564713,"AWATER20":749170}},
{"type":"Feature","geometry":{"type":"Polygon","coordinates":[[[-80.5268,32.7604],[-80.5562,32.7438],[-80.5582,32.731],[-80.5329,32.7189],[-80.5081,32.692],[-80.5013,32.6616],[-80.4956,32.6514],[-80.4813,32.6472],[-80.468,32.6291],[-80.464,32.6151],[-80.481,32.6122],[-80.4732,32.5933],[-80.4525,32.6021],[-80.4455,32.6175],[-80.4284,32.6125],[-80.4272,32.6252],[-80.4085,32.6267],[-80.3894,32.6528],[-80.4033,32.6516],[-80.4203,32.6696],[-80.4182,32.6785],[-80.4161,32.6953],[-80.423,32.7148],[-80.4461,32.7275],[-80.4536,32.7399],[-80.4459,32.7649],[-80.4413,32.7654],[-80.4395,32.7664],[-80.4368,32.7698],[-80.4385,32.7709],[-80.4392,32.7723],[-80.4385,32.7734],[-80.4436,32.7796],[-80.4397,32.7847],[-80.4476,32.7959],[-80.4623,32.7967],[-80.471,32.7836],[-80.4589,32.7747],[-80.5268,32.7604]]]},"properties":{"ZCTA5CE20":"29452","AFFGEOID20":"860Z200US29452","GEOID20":"29452","NAME20":"29452","LSAD20":"Z5","ALAND20":145004366,"AWATER20":5414260}},
{"type":"Feature","geometry":{"type":"Polygon","coordinates":[[[-80.8706,35.0893],[-80.8694,35.0663],[-80.8582,35.0654],[-80.8267,35.0829],[-80.7787,35.1],[-80.7817,35.1328],[-80.795,35.1544],[-80.8038,35.1482],[-80.8254,35.1468],[-80.82,35.141],[-80.8315,35.1104],[-80.8437,35.1063],[-80.8539,35.0898],[-80.8706,35.0893]]]},"properties":{"ZCTA5CE20":"28226","AFFGEOID20":"860Z200US28226","GEOID20":"28226","NAME20":"28226","LSAD20":"Z5","ALAND20":38142540,"AWATER20":332768}},
{"type":"Feature","geometry":{"type":"Polygon","coordinates":[[[-80.7405,35.3777],[-80.7597,35.3463],[-80.7699,35.3404],[-80.7747,35.3221],[-80.7915,35.3125],[-80.8016,35.3004],[-80.7935,35.2787],[-80.7639,35.2845],[-80.7413,35.302],[-80.7363,35.3181],[-80.7243,35.3059],[-80.6977,35.3148],[-80.683,35.3156],[-80.6938,35.3468],[-80.7405,35.3777]]]},"properties":{"ZCTA5CE20":"28262","AFFGEOID20":"860Z200US28262","GEOID20":"28262","NAME20":"28262","LSAD20":"Z5","ALAND20":54411589,"AWATER20":235037}},
{"type":"Feature","geometry":{"type":"Polygon","coordinates":[[[-83.8983,35.0315],[-83.9325,34.9956],[-83.9579,35.0002],[-83.9795,34.9875],[-83.9652,34.9875],[-83.8583,34.9873],[-83.8614,35.0024],[-83.8713,35.0144],[-83.8932,35.0244],[-83.8983,35.0315]]]},"properties":{"ZCTA5CE20":"28909","AFFGEOID20":"860Z200US28909","GEOID20":"28909","NAME20":"28909","LSAD20":"Z5","ALAND20":24659572,"AWATER20":0}},
{"type":"Feature","geometry":{"type":"Polygon","coordinates":[[[-80.8426,35.3638],[-80.849,35.3411],[-80.8477,35.3152],[-80.8512,35.2901],[-80.8467,35.2726],[-80.7935,35.2787],[-80.8016,35.3004],[-80.7915,35.3125],[-80.7747,35.3221],[-80.7699,35.3404],[-80.7597,35.3463],[-80.7405,35.3777],[-80.7378,35.3961],[-80.7595,35.4005],[-80.8238,35.3614],[-80.8426,35.3638]]]},"properties":{"ZCTA5CE20":"28269","AFFGEOID20":"860Z200US28269","GEOID20":"28269","NAME20":"28269","LSAD20":"Z5","ALAND20":79178828,"AWATER20":624850}},
{"type":"Feature","geometry":{"type":"Polygon","coordinates":[[[-80.795,35.1544],[-80.7817,35.1328],[-80.7787,35.1],[-80.7698,35.0599],[-80.7423,35.0702],[-80.729,35.0695],[-80.735,35.1005],[-80.759,35.1014],[-80.7612,35.1105],[-80.7434,35.1299],[-80.7294,35.1367],[-80.7432,35.1489],[-80.7676,35.1377],[-80.7768,35.159],[-80.795,35.1544]]]},"properties":{"ZCTA5CE20":"28270","AFFGEOID20":"860Z200US28270","GEOID20":"28270","NAME20":"28270","LSAD20":"Z5","ALAND20":32179363,"AWATER20":127845}},
{"type":"Feature","geometry":{"type":"Polygon","coordinates":[[[-78.7451,35.7622],[-78.7294,35.7575],[-78.7449,35.7432],[-78.7496,35.7242],[-78.7604,35.7108],[-78.7849,35.7126],[-78.7834,35.7012],[-78.7665,35.7003],[-78.7227,35.6915],[-78.7082,35.6858],[-78.6891,35.7057],[-78.686,35.7181],[-78.7009,35.7416],[-78.6947,35.7519],[-78.6678,35.7571],[-78.6697,35.7764],[-78.6579,35.7804],[-78.6653,35.7831],[-78.6755,35.7807],[-78.687,35.787],[-78.6949,35.7952],[-78.7248,35.7994],[-78.7273,35.7863],[-78.7471,35.7894],[-78.7451,35.7622]]]},"properties":{"ZCTA5CE20":"27606","AFFGEOID20":"860Z200US27606","GEOID20":"27606","NAME20":"27606","LSAD20":"Z5","ALAND20":63363353,"AWATER20":3553877}},
{"type":"Feature","geometry":{"type":"Polygon","coordinates":[[[-81.0375,36.5658],[-81.0358,36.5427],[-81.0292,36.5219],[-81.0086,36.5083],[-81.0052,36.4857],[-80.9939,36.4908],[-80.979,36.484],[-80.9641,36.4969],[-80.9414,36.4926],[-80.9467,36.4789],[-80.927,36.5011],[-80.9017,36.5617],[-81.0038,36.5636],[-81.0375,36.5658]]]},"properties":{"ZCTA5CE20":"28623","AFFGEOID20":"860Z200US28623","GEOID20":"28623","NAME20":"28623","LSAD20":"Z5","ALAND20":77343910,"AWATER20":336694}},
{"type":"Feature","geometry":{"type":"Polygon","coordinates":[[[-81.0303,34.7938],[-81.0375,34.773],[-81.0507,34.7588],[-81.0495,34.7246],[-81.0615,34.7194],[-81.0538,34.7037],[-81.0537,34.6867],[-81.0736,34.6789],[-81.0788,34.6642],[-81.069,34.6408],[-81.0744,34.6224],[-81.0411,34.6102],[-81.0192,34.6101],[-81.0145,34.5873],[-80.9993,34.5925],[-80.9955,34.602],[-80.9766,34.5943],[-80.9468,34.5991],[-80.9557,34.6149],[-80.9366,34.628],[-80.9434,34.6459],[-80.931,34.6599],[-80.9426,34.6671],[-80.9369,34.6766],[-80.9381,34.6991],[-80.9474,34.7005],[-80.9506,34.7148],[-80.9755,34.7168],[-80.9866,34.7408],[-80.994,34.7678],[-81.0054,34.7761],[-81.0085,34.7714],[-81.018,34.7797],[-81.0303,34.7938]]]},"properties":{"ZCTA5CE20":"29729","AFFGEOID20":"860Z200US29729","GEOID20":"29729","NAME20":"29729","LSAD20":"Z5","ALAND20":180302295,"AWATER20":251159}},
{"type":"Feature","geometry":{"type":"Polygon","coordinates":[[[-80.9624,35.347],[-80.9815,35.3427],[-80.9808,35.3298],[-81.0009,35.3054],[-81.015,35.2687],[-81.0138,35.2577],[-81.0083,35.2481],[-81.0143,35.2243],[-81.0063,35.2103],[-80.9935,35.2207],[-80.9684,35.2069],[-80.9581,35.1904],[-80.9576,35.1903],[-80.9486,35.1966],[-80.9502,35.2215],[-80.9368,35.241],[-80.9271,35.2446],[-80.9265,35.2592],[-80.9113,35.2753],[-80.9143,35.2822],[-80.9253,35.2995],[-80.9545,35.3236],[-80.9544,35.344],[-80.9624,35.347]]]},"properties":{"ZCTA5CE20":"28214","AFFGEOID20":"860Z200US28214","GEOID20":"28214","NAME20":"28214","LSAD20":"Z5","ALAND20":87814139,"AWATER20":4385065}},
{"type":"Feature","geometry":{"type":"Polygon","coordinates":[[[-78.6505,35.8686],[-78.6648,35.8367],[-78.6644,35.8213],[-78.6359,35.8243],[-78.6197,35.8139],[-78.6075,35.8273],[-78.6038,35.8498],[-78.5974,35.8599],[-78.6223,35.8729],[-78.6375,35.8649],[-78.6505,35.8686]]]},"properties":{"ZCTA5CE20":"27609","AFFGEOID20":"860Z200US27609","GEOID20":"27609","NAME20":"27609","LSAD20":"Z5","ALAND20":28337960,"AWATER20":90483}},
{"type":"Feature","geometry":{"type":"Polygon","coordinates":[[[-80.78,35.2538],[-80.7796,35.2419],[-80.7708,35.2318],[-80.7589,35.2341],[-80.7487,35.2243],[-80.7249,35.2232],[-80.7025,35.2221],[-80.6946,35.2142],[-80.6624,35.2111],[-80.6632,35.229],[-80.6282,35.2233],[-80.6164,35.2427],[-80.6387,35.2581],[-80.6592,35.2643],[-80.6513,35.2769],[-80.6758,35.2943],[-80.6929,35.2749],[-80.7053,35.275],[-80.7135,35.284],[-80.7277,35.2763],[-80.7315,35.2662],[-80.78,35.2538]]]},"properties":{"ZCTA5CE20":"28215","AFFGEOID20":"860Z200US28215","GEOID20":"28215","NAME20":"28215","LSAD20":"Z5","ALAND20":74721426,"AWATER20":465412}},
{"type":"Feature","geometry":{"type":"Polygon","coordinates":[[[-80.9624,35.347],[-80.9544,35.344],[-80.9545,35.3236],[-80.9253,35.2995],[-80.9143,35.2822],[-80.9006,35.28],[-80.8663,35.2505],[-80.8558,35.2359],[-80.8505,35.241],[-80.8406,35.2598],[-80.8467,35.2726],[-80.8512,35.2901],[-80.8477,35.3152],[-80.849,35.3411],[-80.8426,35.3638],[-80.8589,35.3656],[-80.8828,35.3476],[-80.91,35.3484],[-80.9162,35.3437],[-80.9391,35.3537],[-80.9624,35.347]]]},"properties":{"ZCTA5CE20":"28216","AFFGEOID20":"860Z200US28216","GEOID20":"28216","NAME20":"28216","LSAD20":"Z5","ALAND20":77751033,"AWATER20":1962833}},
{"type":"Feature","geometry":{"type":"Polygon","coordinates":[[[-80.936,36.2683],[-80.9695,36.2578],[-80.9727,36.2354],[-80.9626,36.2255],[-80.9527,36.1933],[-80.9455,36.19],[-80.9507,36.17],[-80.967,36.1743],[-80.967,36.1554],[-80.9502,36.1536],[-80.9401,36.144],[-80.9576,36.1339],[-80.957,36.1217],[-80.9154,36.1217],[-80.8915,36.1413],[-80.8776,36.1413],[-80.8759,36.1808],[-80.9033,36.2093],[-80.8914,36.2208],[-80.8935,36.2335],[-80.8732,36.2363],[-80.8795,36.2456],[-80.8942,36.2483],[-80.9038,36.2686],[-80.936,36.2683]]]},"properties":{"ZCTA5CE20":"28670","AFFGEOID20":"860Z200US28670","GEOID20":"28670","NAME20":"28670","LSAD20":"Z5","ALAND20":98484073,"AWATER20":687396}},
{"type":"Feature","geometry":{"type":"Polygon","coordinates":[[[-81.0619,35.6065],[-81.0586,35.5856],[-81.0461,35.5772],[-81.0321,35.5644],[-81.0123,35.5745],[-81.0017,35.5682],[-80.9878,35.5476],[-80.96,35.547],[-80.9599,35.548],[-80.9819,35.5638],[-80.9758,35.5741],[-80.9915,35.5824],[-80.987,35.5929],[-80.9616,35.6159],[-80.957,35.6039],[-80.9435,35.6049],[-80.9286,35.6239],[-80.9438,35.6375],[-80.9609,35.6599],[-80.9882,35.6443],[-81.0119,35.6353],[-81.0334,35.6373],[-81.0472,35.6225],[-81.0465,35.6067],[-81.0619,35.6065]]]},"properties":{"ZCTA5CE20":"28673","AFFGEOID20":"860Z200US28673","GEOID20":"28673","NAME20":"28673","LSAD20":"Z5","ALAND20":61399111,"AWATER20":11380593}},
{"type":"Feature","geometry":{"type":"Polygon","coordinates":[[[-76.9286,36.2039],[-76.9356,36.1843],[-76.9392,36.1492],[-76.9364,36.1217],[-76.9226,36.1159],[-76.9254,36.1043],[-76.903,36.1003],[-76.8928,36.1111],[-76.8842,36.0969],[-76.8641,36.0982],[-76.8481,36.0907],[-76.8248,36.0876],[-76.8182,36.0725],[-76.8169,36.0831],[-76.8052,36.1041],[-76.8093,36.129],[-76.7945,36.1389],[-76.7695,36.1407],[-76.7542,36.1481],[-76.7499,36.2114],[-76.7413,36.2292],[-76.7222,36.2438],[-76.7488,36.2517],[-76.7574,36.2704],[-76.7737,36.2707],[-76.7814,36.2841],[-76.7964,36.2656],[-76.7671,36.2436],[-76.7982,36.2464],[-76.8228,36.2446],[-76.8333,36.269],[-76.8468,36.2683],[-76.8543,36.255],[-76.8743,36.2599],[-76.877,36.2431],[-76.8887,36.2329],[-76.8975,36.1946],[-76.9286,36.2039]]]},"properties":{"ZCTA5CE20":"27924","AFFGEOID20":"860Z200US27924","GEOID20":"27924","NAME20":"27924","LSAD20":"Z5","ALAND20":253607515,"AWATER20":16782251}},
{"type":"Feature","geometry":{"type":"Polygon","coordinates":[[[-78.7314,35.1745],[-78.7103,35.1639],[-78.6816,35.161],[-78.6566,35.1657],[-78.6399,35.1549],[-78.6391,35.1321],[-78.6488,35.1252],[-78.6526,35.1027],[-78.6023,35.1204],[-78.5772,35.1359],[-78.5555,35.1388],[-78.5425,35.1304],[-78.5338,35.1413],[-78.5272,35.1505],[-78.5408,35.1648],[-78.5532,35.1764],[-78.563,35.1726],[-78.5873,35.1825],[-78.6141,35.1862],[-78.6143,35.1957],[-78.6427,35.2009],[-78.641,35.1935],[-78.6578,35.1988],[-78.687,35.2283],[-78.7314,35.1745]]]},"properties":{"ZCTA5CE20":"28344","AFFGEOID20":"860Z200US28344","GEOID20":"28344","NAME20":"28344","LSAD20":"Z5","ALAND20":95101942,"AWATER20":193007}},
{"type":"Feature","geometry":{"type":"Polygon","coordinates":[[[-76.3662,35.9348],[-76.3605,35.9205],[-76.3421,35.9156],[-76.3333,35.9016],[-76.3468,35.8951],[-76.3372,35.8778],[-76.3424,35.8644],[-76.3171,35.693],[-76.2693,35.6906],[-76.241,35.705],[-76.2403,35.7179],[-76.2294,35.7328],[-76.2152,35.7268],[-76.1967,35.7273],[-76.1764,35.7037],[-76.1643,35.6959],[-76.1447,35.7025],[-76.1275,35.691],[-76.1202,35.6806],[-76.0926,35.6698],[-76.0611,35.6752],[-76.0451,35.6656],[-76.0364,35.6884],[-76.0435,35.7004],[-76.0549,35.7027],[-76.0609,35.7168],[-76.0483,35.7371],[-76.0559,35.7602],[-76.0505,35.8067],[-76.0635,35.824],[-76.0632,35.8534],[-76.046,35.8703],[-76.0402,35.8947],[-76.0285,35.9107],[-76.0128,35.9219],[-76.0205,35.9325],[-76.0152,35.9532],[-76.025,35.9698],[-76.0625,35.9907],[-76.1015,35.9917],[-76.1326,35.9894],[-76.1483,35.9948],[-76.1705,35.9945],[-76.1806,35.9881],[-76.2054,35.9876],[-76.2232,35.9817],[-76.2826,35.9675],[-76.3254,35.9386],[-76.3485,35.9423],[-76.3662,35.9348]]]},"properties":{"ZCTA5CE20":"27925","AFFGEOID20":"860Z200US27925","GEOID20":"27925","NAME20":"27925","LSAD20":"Z5","ALAND20":782085259,"AWATER20":162041596}},
{"type":"Feature","geometry":{"type":"Polygon","coordinates":[[[-80.6884,32.3683],[-80.7382,32.3523],[-80.7272,32.3443],[-80.713,32.3551],[-80.6697,32.3497],[-80.6587,32.3379],[-80.6592,32.3402],[-80.6783,32.3679],[-80.6884,32.3683]]]},"properties":{"ZCTA5CE20":"29905","AFFGEOID20":"860Z200US29905","GEOID20":"29905","NAME20":"29905","LSAD20":"Z5","ALAND20":7340301,"AWATER20":2178073}},
{"type":"Feature","geometry":{"type":"Polygon","coordinates":[[[-82.049,33.5649],[-82.0198,33.535],[-82.0125,33.5321],[-81.9948,33.5459],[-81.9847,33.5423],[-81.9541,33.5501],[-81.9388,33.5636],[-81.9016,33.578],[-81.9231,33.6019],[-81.8916,33.6265],[-81.8973,33.639],[-81.9161,33.6341],[-81.9538,33.6349],[-81.973,33.6452],[-81.9336,33.6936],[-81.9448,33.6988],[-81.9663,33.6828],[-81.9842,33.6829],[-81.9865,33.6727],[-82.0029,33.6775],[-82.0214,33.6703],[-82.0356,33.6559],[-82.0377,33.6422],[-82.0146,33.6348],[-82.0324,33.6229],[-82.0251,33.6061],[-82.0265,33.5934],[-82.0485,33.5771],[-82.049,33.5649]]]},"properties":{"ZCTA5CE20":"29860","AFFGEOID20":"860Z200US29860","GEOID20":"29860","NAME20":"29860","LSAD20":"Z5","ALAND20":140764988,"AWATER20":2573622}},
{"type":"Feature","geometry":{"type":"Polygon","coordinates":[[[-81.0747,35.7431],[-81.064,35.7285],[-81.0606,35.7103],[-81.0407,35.7074],[-81.0177,35.7127],[-80.9944,35.7021],[-80.9815,35.6817],[-80.9667,35.671],[-80.9609,35.6599],[-80.9438,35.6375],[-80.9331,35.65],[-80.9398,35.6566],[-80.9192,35.7037],[-80.8969,35.7112],[-80.8744,35.7343],[-80.858,35.7256],[-80.855,35.711],[-80.8412,35.7105],[-80.8248,35.6943],[-80.8113,35.6924],[-80.8056,35.7072],[-80.7761,35.7201],[-80.7818,35.7367],[-80.7785,35.7505],[-80.7623,35.7489],[-80.7602,35.7269],[-80.7517,35.7286],[-80.7448,35.7498],[-80.7865,35.7585],[-80.811,35.7572],[-80.8373,35.7621],[-80.8635,35.7748],[-80.8613,35.8097],[-80.8903,35.8052],[-80.9467,35.7906],[-81.0397,35.7576],[-81.0747,35.7431]]]},"properties":{"ZCTA5CE20":"28677","AFFGEOID20":"860Z200US28677","GEOID20":"28677","NAME20":"28677","LSAD20":"Z5","ALAND20":214933413,"AWATER20":6881982}},
{"type":"Feature","geometry":{"type":"Polygon","coordinates":[[[-81.1423,35.8272],[-81.1415,35.8136],[-81.1297,35.8006],[-81.1286,35.7898],[-81.0994,35.7682],[-81.0904,35.7573],[-81.0875,35.7673],[-81.0712,35.7805],[-81.0482,35.7718],[-81.0382,35.7744],[-81.0376,35.8188],[-81.0174,35.8261],[-81.0147,35.8454],[-81.0043,35.8476],[-81.0028,35.865],[-80.9945,35.8771],[-80.9833,35.881],[-80.9875,35.895],[-80.9808,35.9032],[-81.0168,35.9189],[-81.0312,35.9159],[-81.0273,35.9009],[-81.0378,35.893],[-81.0665,35.8811],[-81.064,35.8698],[-81.0789,35.8647],[-81.0854,35.8538],[-81.1024,35.8584],[-81.1115,35.852],[-81.1092,35.8412],[-81.1181,35.8323],[-81.1423,35.8272]]]},"properties":{"ZCTA5CE20":"28678","AFFGEOID20":"860Z200US28678","GEOID20":"28678","NAME20":"28678","LSAD20":"Z5","ALAND20":111362118,"AWATER20":2364499}},
{"type":"Feature","geometry":{"type":"Polygon","coordinates":[[[-81.8891,36.3087],[-81.9081,36.302],[-81.9208,36.2832],[-81.9072,36.2759],[-81.9068,36.2596],[-81.8961,36.2564],[-81.8701,36.2582],[-81.8663,36.2391],[-81.8445,36.2305],[-81.8324,36.2356],[-81.8168,36.2262],[-81.8025,36.211],[-81.7862,36.2168],[-81.7882,36.2249],[-81.7742,36.2441],[-81.7738,36.2691],[-81.7927,36.2726],[-81.8043,36.2526],[-81.8202,36.2758],[-81.8372,36.2806],[-81.8364,36.2911],[-81.8553,36.2997],[-81.8879,36.2924],[-81.8891,36.3087]]]},"properties":{"ZCTA5CE20":"28679","AFFGEOID20":"860Z200US28679","GEOID20":"28679","NAME20":"28679","LSAD20":"Z5","ALAND20":66433631,"AWATER20":574348}},
{"type":"Feature","geometry":{"type":"Polygon","coordinates":[[[-79.9164,32.7962],[-79.9172,32.7829],[-79.886,32.7879],[-79.8654,32.7749],[-79.8651,32.7681],[-79.8524,32.7686],[-79.8091,32.7869],[-79.8096,32.7792],[-79.7895,32.791],[-79.8018,32.8077],[-79.8258,32.8335],[-79.8049,32.8517],[-79.829,32.874],[-79.8493,32.8824],[-79.8551,32.8739],[-79.8829,32.8685],[-79.8985,32.8552],[-79.8963,32.8312],[-79.9113,32.8193],[-79.9157,32.8031],[-79.9164,32.7962]]]},"properties":{"ZCTA5CE20":"29464","AFFGEOID20":"860Z200US29464","GEOID20":"29464","NAME20":"29464","LSAD20":"Z5","ALAND20":78063208,"AWATER20":18298141}},
{"type":"Feature","geometry":{"type":"Polygon","coordinates":[[[-76.6932,36.2366],[-76.7107,36.2233],[-76.7189,36.2005],[-76.7223,36.1602],[-76.7107,36.1347],[-76.705,36.1099],[-76.6884,36.1123],[-76.6888,36.079],[-76.6919,36.0665],[-76.678,36.0465],[-76.6522,36.0353],[-76.6356,36.0371],[-76.6163,36.0546],[-76.6068,36.0542],[-76.6032,36.0354],[-76.5804,36.0106],[-76.5455,36.0102],[-76.5141,36.0065],[-76.4915,36.0173],[-76.4603,36.0241],[-76.4561,36.0338],[-76.4309,36.0561],[-76.4081,36.068],[-76.4118,36.0753],[-76.4456,36.0759],[-76.461,36.0877],[-76.4934,36.0996],[-76.5014,36.1079],[-76.5196,36.1108],[-76.4993,36.132],[-76.5351,36.1442],[-76.567,36.1326],[-76.577,36.1425],[-76.5808,36.1716],[-76.6043,36.165],[-76.6333,36.1798],[-76.6589,36.2072],[-76.6683,36.2223],[-76.6903,36.2303],[-76.6932,36.2366]]]},"properties":{"ZCTA5CE20":"27932","AFFGEOID20":"860Z200US27932","GEOID20":"27932","NAME20":"27932","LSAD20":"Z5","ALAND20":337734247,"AWATER20":12115712}},
{"type":"Feature","geometry":{"type":"Polygon","coordinates":[[[-76.936,36.4784],[-76.9471,36.4724],[-76.9465,36.4311],[-76.9471,36.4154],[-76.93,36.3999],[-76.884,36.3836],[-76.8456,36.3749],[-76.8214,36.3641],[-76.794,36.3597],[-76.7757,36.3605],[-76.7753,36.3764],[-76.7823,36.3884],[-76.7843,36.4086],[-76.799,36.4105],[-76.7979,36.4208],[-76.7764,36.4408],[-76.7873,36.4461],[-76.8277,36.4711],[-76.834,36.4827],[-76.8233,36.4885],[-76.8213,36.5039],[-76.8495,36.5067],[-76.8727,36.5037],[-76.869,36.4957],[-76.8979,36.4752],[-76.936,36.4784]]]},"properties":{"ZCTA5CE20":"27935","AFFGEOID20":"860Z200US27935","GEOID20":"27935","NAME20":"27935","LSAD20":"Z5","ALAND20":157992936,"AWATER20":4966247}},
{"type":"Feature","geometry":{"type":"Polygon","coordinates":[[[-78.1277,35.8614],[-78.1437,35.8586],[-78.1366,35.8349],[-78.1557,35.8352],[-78.1643,35.8245],[-78.1638,35.8103],[-78.1505,35.8014],[-78.1446,35.7801],[-78.1594,35.779],[-78.1597,35.7518],[-78.1483,35.742],[-78.1284,35.7469],[-78.1023,35.7433],[-78.1062,35.7746],[-78.0872,35.7687],[-78.0738,35.7738],[-78.0718,35.7848],[-78.0394,35.778],[-78.0206,35.7749],[-78.0159,35.7851],[-78.0317,35.8152],[-78.004,35.8223],[-78.0176,35.848],[-78.0443,35.8512],[-78.0391,35.8618],[-78.0784,35.8654],[-78.0912,35.8541],[-78.1277,35.8614]]]},"properties":{"ZCTA5CE20":"27807","AFFGEOID20":"860Z200US27807","GEOID20":"27807","NAME20":"27807","LSAD20":"Z5","ALAND20":124687850,"AWATER20":489453}},
{"type":"Feature","geometry":{"type":"Polygon","coordinates":[[[-76.9161,36.5438],[-76.9201,36.5341],[-76.9051,36.5226],[-76.9065,36.5107],[-76.9194,36.5054],[-76.9253,36.4883],[-76.936,36.4784],[-76.8979,36.4752],[-76.869,36.4957],[-76.8727,36.5037],[-76.8495,36.5067],[-76.8213,36.5039],[-76.8233,36.4885],[-76.8085,36.4655],[-76.7764,36.4615],[-76.7873,36.4461],[-76.7764,36.4408],[-76.7441,36.4338],[-76.722,36.4382],[-76.7074,36.4487],[-76.6718,36.4594],[-76.6597,36.466],[-76.6361,36.4695],[-76.6402,36.4875],[-76.6778,36.4906],[-76.684,36.5039],[-76.6578,36.5509],[-76.7497,36.5504],[-76.8423,36.5511],[-76.9159,36.5521],[-76.9161,36.5438]]]},"properties":{"ZCTA5CE20":"27937","AFFGEOID20":"860Z200US27937","GEOID20":"27937","NAME20":"27937","LSAD20":"Z5","ALAND20":209560495,"AWATER20":1293643}},
{"type":"Feature","geometry":{"type":"Polygon","coordinates":[[[-80.9435,35.6049],[-80.957,35.6039],[-80.9616,35.6159],[-80.987,35.5929],[-80.9915,35.5824],[-80.9758,35.5741],[-80.9819,35.5638],[-80.9599,35.548],[-80.9513,35.5813],[-80.9336,35.5909],[-80.9435,35.6049]]]},"properties":{"ZCTA5CE20":"28682","AFFGEOID20":"860Z200US28682","GEOID20":"28682","NAME20":"28682","LSAD20":"Z5","ALAND20":9909265,"AWATER20":7694392}},
{"type":"Feature","geometry":{"type":"Polygon","coordinates":[[[-75.8149,36.1023],[-75.84,36.0976],[-75.7982,36.0722],[-75.7904,36.0803],[-75.8004,36.0809],[-75.8149,36.1023]]]},"properties":{"ZCTA5CE20":"27941","AFFGEOID20":"860Z200US27941","GEOID20":"27941","NAME20":"27941","LSAD20":"Z5","ALAND20":6584933,"AWATER20":10228805}},
{"type":"Feature","geometry":{"type":"Polygon","coordinates":[[[-80.253,32.9686],[-80.268,32.9569],[-80.2708,32.9452],[-80.2514,32.9349],[-80.2445,32.9218],[-80.2523,32.9085],[-80.2476,32.8961],[-80.2216,32.8722],[-80.2066,32.8692],[-80.1816,32.896],[-80.1493,32.9104],[-80.1375,32.9076],[-80.1324,32.9001],[-80.1228,32.9018],[-80.1265,32.9012],[-80.1478,32.9245],[-80.1326,32.9347],[-80.1155,32.9327],[-80.1126,32.9424],[-80.1417,32.9594],[-80.1573,32.9645],[-80.1315,33.0075],[-80.1321,33.0105],[-80.1444,33.0181],[-80.1659,33.0207],[-80.1897,32.9978],[-80.2084,32.9907],[-80.211,32.9706],[-80.2328,32.973],[-80.2449,32.9788],[-80.253,32.9686]]]},"properties":{"ZCTA5CE20":"29485","AFFGEOID20":"860Z200US29485","GEOID20":"29485","NAME20":"29485","LSAD20":"Z5","ALAND20":125792259,"AWATER20":1692042}},
{"type":"Feature","geometry":{"type":"Polygon","coordinates":[[[-76.845,35.5174],[-76.8545,35.4847],[-76.8344,35.4646],[-76.8388,35.4527],[-76.821,35.4525],[-76.8088,35.4406],[-76.7691,35.4268],[-76.7592,35.4189],[-76.7437,35.4268],[-76.7107,35.4286],[-76.6807,35.4159],[-76.6654,35.4248],[-76.6826,35.4519],[-76.7027,35.4506],[-76.7166,35.4695],[-76.6964,35.4897],[-76.7206,35.4918],[-76.7206,35.5118],[-76.7315,35.5295],[-76.752,35.5284],[-76.7964,35.5101],[-76.8131,35.5221],[-76.8236,35.5091],[-76.845,35.5174]]]},"properties":{"ZCTA5CE20":"27808","AFFGEOID20":"860Z200US27808","GEOID20":"27808","NAME20":"27808","LSAD20":"Z5","ALAND20":119122837,"AWATER20":49754269}},
{"type":"Feature","geometry":{"type":"Polygon","coordinates":[[[-81.7073,36.3358],[-81.7095,36.3207],[-81.701,36.3195],[-81.6728,36.2955],[-81.6687,36.3038],[-81.624,36.3054],[-81.6122,36.2784],[-81.5908,36.2711],[-81.58,36.2788],[-81.5666,36.2724],[-81.5522,36.2764],[-81.5465,36.2945],[-81.5584,36.3078],[-81.5518,36.3292],[-81.5342,36.3376],[-81.5465,36.3461],[-81.5532,36.3606],[-81.5506,36.3739],[-81.5724,36.3912],[-81.6056,36.3906],[-81.6268,36.4007],[-81.6371,36.3857],[-81.6485,36.3543],[-81.6782,36.368],[-81.6862,36.3717],[-81.7081,36.3461],[-81.7073,36.3358]]]},"properties":{"ZCTA5CE20":"28684","AFFGEOID20":"860Z200US28684","GEOID20":"28684","NAME20":"28684","LSAD20":"Z5","ALAND20":129995826,"AWATER20":514218}},
{"type":"Feature","geometry":{"type":"Polygon","coordinates":[[[-80.1716,32.7079],[-80.1906,32.7092],[-80.2241,32.6849],[-80.2395,32.68],[-80.2406,32.6576],[-80.2658,32.6448],[-80.2712,32.6251],[-80.2603,32.615],[-80.2368,32.6058],[-80.2216,32.5855],[-80.2092,32.5794],[-80.2068,32.5837],[-80.1921,32.5989],[-80.1778,32.5947],[-80.1658,32.614],[-80.1661,32.6308],[-80.1572,32.6445],[-80.1326,32.6661],[-80.0949,32.6838],[-80.0755,32.7002],[-80.0855,32.7132],[-80.0988,32.7173],[-80.1258,32.7055],[-80.1389,32.7114],[-80.1552,32.7068],[-80.1716,32.7079]]]},"properties":{"ZCTA5CE20":"29487","AFFGEOID20":"860Z200US29487","GEOID20":"29487","NAME20":"29487","LSAD20":"Z5","ALAND20":108513478,"AWATER20":22600414}},
{"type":"Feature","geometry":{"type":"Polygon","coordinates":[[[-80.8592,36.0136],[-80.8712,36.008],[-80.8841,36.0157],[-80.8762,36.0295],[-80.9243,36.0331],[-80.928,36.0203],[-80.9094,36.0124],[-80.9159,36.0015],[-80.9057,35.983],[-80.9093,35.96],[-80.8815,35.9465],[-80.8828,35.9327],[-80.8723,35.9252],[-80.8428,35.9299],[-80.8352,35.9218],[-80.8075,35.9091],[-80.7897,35.9253],[-80.8059,35.9542],[-80.813,35.9819],[-80.837,35.9824],[-80.8389,36.001],[-80.8496,36.0012],[-80.8592,36.0136]]]},"properties":{"ZCTA5CE20":"28660","AFFGEOID20":"860Z200US28660","GEOID20":"28660","NAME20":"28660","LSAD20":"Z5","ALAND20":82819192,"AWATER20":637657}},
{"type":"Feature","geometry":{"type":"Polygon","coordinates":[[[-77.4494,35.8058],[-77.4412,35.7984],[-77.4505,35.7869],[-77.4337,35.7775],[-77.433,35.7614],[-77.4194,35.7481],[-77.4128,35.7209],[-77.3668,35.707],[-77.3559,35.688],[-77.3468,35.6906],[-77.3447,35.706],[-77.334,35.7103],[-77.3426,35.7127],[-77.3409,35.7466],[-77.3621,35.7517],[-77.3643,35.7601],[-77.3352,35.7689],[-77.3362,35.7856],[-77.3275,35.7998],[-77.3416,35.8049],[-77.3597,35.8007],[-77.3504,35.8192],[-77.3499,35.8549],[-77.3341,35.8718],[-77.326,35.8868],[-77.3079,35.9038],[-77.3075,35.9159],[-77.3504,35.9165],[-77.369,35.9073],[-77.3834,35.9079],[-77.3809,35.8929],[-77.3936,35.8759],[-77.3863,35.8606],[-77.3957,35.8563],[-77.4135,35.8344],[-77.4182,35.8109],[-77.4255,35.8054],[-77.4464,35.8086],[-77.4494,35.8058]]]},"properties":{"ZCTA5CE20":"27812","AFFGEOID20":"860Z200US27812","GEOID20":"27812","NAME20":"27812","LSAD20":"Z5","ALAND20":151859126,"AWATER20":0}},
{"type":"Feature","geometry":{"type":"Polygon","coordinates":[[[-80.8406,36.3753],[-80.8652,36.3814],[-80.8796,36.3703],[-80.8897,36.3542],[-80.9092,36.3506],[-80.9192,36.3374],[-80.9166,36.3254],[-80.9063,36.3195],[-80.9012,36.3024],[-80.8896,36.292],[-80.8708,36.2992],[-80.8603,36.2887],[-80.842,36.2804],[-80.7974,36.2913],[-80.7964,36.3018],[-80.8193,36.3243],[-80.8151,36.3317],[-80.8305,36.3546],[-80.8181,36.3704],[-80.8406,36.3753]]]},"properties":{"ZCTA5CE20":"28676","AFFGEOID20":"860Z200US28676","GEOID20":"28676","NAME20":"28676","LSAD20":"Z5","ALAND20":72854249,"AWATER20":316951}},
{"type":"Feature","geometry":{"type":"Polygon","coordinates":[[[-81.4084,35.7661],[-81.4207,35.7707],[-81.4275,35.7808],[-81.4379,35.7752],[-81.4084,35.7661]]]},"properties":{"ZCTA5CE20":"28667","AFFGEOID20":"860Z200US28667","GEOID20":"28667","NAME20":"28667","LSAD20":"Z5","ALAND20":1215958,"AWATER20":219528}},
{"type":"Feature","geometry":{"type":"Polygon","coordinates":[[[-81.0439,36.3983],[-81.0267,36.3732],[-81.0136,36.3713],[-80.9947,36.3794],[-80.984,36.3768],[-80.9842,36.3879],[-80.9472,36.4191],[-80.9494,36.4218],[-80.9736,36.4535],[-81.0014,36.4202],[-80.9879,36.4141],[-81.022,36.3935],[-81.0439,36.3983]]]},"properties":{"ZCTA5CE20":"28668","AFFGEOID20":"860Z200US28668","GEOID20":"28668","NAME20":"28668","LSAD20":"Z5","ALAND20":30103176,"AWATER20":214200}},
{"type":"Feature","geometry":{"type":"Polygon","coordinates":[[[-77.1008,35.5515],[-77.1132,35.5497],[-77.1418,35.5198],[-77.1533,35.5354],[-77.1762,35.5191],[-77.1738,35.4566],[-77.1896,35.4293],[-77.1904,35.419],[-77.1436,35.3952],[-77.1276,35.4308],[-77.1061,35.4327],[-77.1101,35.4118],[-77.1045,35.3953],[-77.0891,35.3945],[-77.0995,35.3728],[-77.0549,35.3501],[-77.0421,35.3435],[-77.0271,35.3535],[-77.0276,35.3658],[-77.0022,35.3698],[-76.9674,35.3928],[-76.9624,35.4045],[-76.9658,35.4271],[-76.9891,35.4228],[-77.009,35.4359],[-77.0249,35.4668],[-77.0382,35.4805],[-77.0295,35.4903],[-77.0451,35.5033],[-77.0225,35.5062],[-77.0514,35.5362],[-77.0846,35.5526],[-77.1008,35.5515]]]},"properties":{"ZCTA5CE20":"27817","AFFGEOID20":"860Z200US27817","GEOID20":"27817","NAME20":"27817","LSAD20":"Z5","ALAND20":261053703,"AWATER20":14366104}},
{"type":"Feature","geometry":{"type":"Polygon","coordinates":[[[-79.063,34.0738],[-79.061,34.0617],[-79.0678,34.0513],[-79.0657,34.0348],[-79.0484,34.0376],[-79.033,34.0253],[-79.022,34.007],[-79.0057,33.9875],[-78.9962,33.9868],[-78.9878,33.9722],[-78.9532,33.964],[-78.9478,33.9506],[-78.9195,33.9542],[-78.8863,33.9503],[-78.8757,33.9583],[-78.8658,33.9389],[-78.8883,33.9217],[-78.8644,33.9091],[-78.8565,33.9124],[-78.8405,33.9049],[-78.8277,33.9358],[-78.8136,33.9527],[-78.7973,33.9548],[-78.7697,33.976],[-78.7688,34.0003],[-78.7453,34.0041],[-78.7399,34.0202],[-78.8762,34.1357],[-78.8983,34.1222],[-78.9186,34.1349],[-78.937,34.1371],[-78.9676,34.1169],[-78.9835,34.1159],[-78.998,34.1225],[-79.0275,34.1218],[-79.021,34.1002],[-79.0252,34.0912],[-79.063,34.0738]]]},"properties":{"ZCTA5CE20":"29569","AFFGEOID20":"860Z200US29569","GEOID20":"29569","NAME20":"29569","LSAD20":"Z5","ALAND20":440981267,"AWATER20":743482}},
{"type":"Feature","geometry":{"type":"Polygon","coordinates":[[[-75.4761,35.5367],[-75.488,35.5113],[-75.4838,35.494],[-75.4878,35.4455],[-75.4952,35.3891],[-75.5009,35.372],[-75.5137,35.3569],[-75.517,35.3366],[-75.5151,35.3009],[-75.523,35.2705],[-75.5173,35.2678],[-75.506,35.3252],[-75.4858,35.4007],[-75.4792,35.4834],[-75.4669,35.5358],[-75.4686,35.5359],[-75.4761,35.5367]]]},"properties":{"ZCTA5CE20":"27915","AFFGEOID20":"860Z200US27915","GEOID20":"27915","NAME20":"27915","LSAD20":"Z5","ALAND20":21133748,"AWATER20":12881535}},
{"type":"Feature","geometry":{"type":"Polygon","coordinates":[[[-75.9148,36.3515],[-75.9337,36.3647],[-75.9449,36.358],[-75.9519,36.3425],[-75.9477,36.3347],[-75.9148,36.3101],[-75.9041,36.286],[-75.8877,36.2925],[-75.8953,36.3196],[-75.9148,36.3515]]]},"properties":{"ZCTA5CE20":"27916","AFFGEOID20":"860Z200US27916","GEOID20":"27916","NAME20":"27916","LSAD20":"Z5","ALAND20":22006506,"AWATER20":0}},
{"type":"Feature","geometry":{"type":"Polygon","coordinates":[[[-79.912,35.0937],[-79.909,35.067],[-79.8823,35.0507],[-79.8724,35.039],[-79.8838,35.0281],[-79.879,35.0209],[-79.8527,35.0174],[-79.8389,35.0256],[-79.8331,35.0153],[-79.8099,35.022],[-79.7732,35.0231],[-79.7621,35.033],[-79.7333,35.0064],[-79.724,35.0206],[-79.7092,35.0249],[-79.6813,35.054],[-79.6589,35.0295],[-79.6282,35.0621],[-79.5933,35.0682],[-79.5876,35.0828],[-79.5901,35.0931],[-79.6024,35.1029],[-79.6421,35.1577],[-79.6735,35.1754],[-79.6931,35.1681],[-79.7159,35.1653],[-79.7279,35.1684],[-79.7382,35.1586],[-79.7571,35.1544],[-79.7563,35.1738],[-79.7684,35.1772],[-79.792,35.176],[-79.8207,35.1787],[-79.8399,35.1722],[-79.8529,35.1556],[-79.8517,35.1307],[-79.8734,35.1333],[-79.895,35.1083],[-79.912,35.0937]]]},"properties":{"ZCTA5CE20":"28338","AFFGEOID20":"860Z200US28338","GEOID20":"28338","NAME20":"28338","LSAD20":"Z5","ALAND20":380769994,"AWATER20":2436371}},
{"type":"Feature","geometry":{"type":"Polygon","coordinates":[[[-79.6177,34.7575],[-79.6628,34.733],[-79.6523,34.7152],[-79.6383,34.7086],[-79.6238,34.6784],[-79.6092,34.6695],[-79.5955,34.6683],[-79.5939,34.6486],[-79.5754,34.6509],[-79.5585,34.6399],[-79.5727,34.6249],[-79.5708,34.6174],[-79.5395,34.6132],[-79.5102,34.6152],[-79.4959,34.6074],[-79.4773,34.6076],[-79.4606,34.6026],[-79.45,34.621],[-79.4616,34.6303],[-79.5734,34.7216],[-79.6177,34.7575]]]},"properties":{"ZCTA5CE20":"29570","AFFGEOID20":"860Z200US29570","GEOID20":"29570","NAME20":"29570","LSAD20":"Z5","ALAND20":125119719,"AWATER20":984932}},
{"type":"Feature","geometry":{"type":"Polygon","coordinates":[[[-77.826,35.8717],[-77.8205,35.8656],[-77.798,35.8557],[-77.7706,35.8654],[-77.7769,35.8415],[-77.7591,35.8452],[-77.7318,35.8362],[-77.7257,35.8454],[-77.7304,35.8591],[-77.721,35.8649],[-77.703,35.8607],[-77.6895,35.8485],[-77.6712,35.8646],[-77.6621,35.8651],[-77.6593,35.8776],[-77.6429,35.8873],[-77.637,35.8981],[-77.6531,35.9143],[-77.6551,35.9409],[-77.6702,35.9597],[-77.691,35.9383],[-77.6976,35.9488],[-77.7173,35.9588],[-77.715,35.9735],[-77.7325,35.977],[-77.7319,36.0046],[-77.755,35.9961],[-77.7741,35.9987],[-77.7778,35.9846],[-77.7979,35.9362],[-77.826,35.8717]],[[-77.7112,35.928],[-77.7097,35.9326],[-77.6751,35.9256],[-77.6698,35.9184],[-77.7079,35.9215],[-77.7112,35.928]]]},"properties":{"ZCTA5CE20":"27801","AFFGEOID20":"860Z200US27801","GEOID20":"27801","NAME20":"27801","LSAD20":"Z5","ALAND20":172951159,"AWATER20":665369}},
{"type":"Feature","geometry":{"type":"Polygon","coordinates":[[[-80.0208,33.3426],[-79.9835,33.343],[-79.9599,33.3498],[-79.9439,33.3473],[-79.9274,33.3275],[-79.9061,33.3262],[-79.8842,33.3383],[-79.8673,33.32],[-79.8478,33.3061],[-79.8319,33.3206],[-79.82,33.3046],[-79.8031,33.3192],[-79.7874,33.3118],[-79.7801,33.2967],[-79.7638,33.2956],[-79.7572,33.3099],[-79.7412,33.3223],[-79.7718,33.3562],[-79.794,33.3777],[-79.807,33.3726],[-79.8139,33.3823],[-79.8381,33.3923],[-79.8548,33.4029],[-79.8716,33.4239],[-79.8675,33.4337],[-79.8941,33.4537],[-79.9102,33.4557],[-79.9154,33.4642],[-79.9609,33.4944],[-79.9866,33.4392],[-79.9963,33.3932],[-80.0208,33.3426]]]},"properties":{"ZCTA5CE20":"29479","AFFGEOID20":"860Z200US29479","GEOID20":"29479","NAME20":"29479","LSAD20":"Z5","ALAND20":235283496,"AWATER20":17515369}},
{"type":"Feature","geometry":{"type":"Polygon","coordinates":[[[-80.944,33.1475],[-80.9372,33.1026],[-80.9271,33.0858],[-80.906,33.0602],[-80.8858,33.0715],[-80.8619,33.076],[-80.851,33.0589],[-80.8351,33.0576],[-80.8247,33.0695],[-80.8093,33.0573],[-80.7882,33.0517],[-80.7756,33.0638],[-80.7687,33.0803],[-80.7273,33.067],[-80.6864,33.0861],[-80.6669,33.0929],[-80.65,33.0902],[-80.6736,33.108],[-80.6812,33.1244],[-80.6917,33.1281],[-80.6945,33.1408],[-80.7061,33.1545],[-80.7374,33.1704],[-80.7535,33.1742],[-80.772,33.1716],[-80.7908,33.1812],[-80.8954,33.1253],[-80.9006,33.1481],[-80.9146,33.1438],[-80.944,33.1475]]]},"properties":{"ZCTA5CE20":"29481","AFFGEOID20":"860Z200US29481","GEOID20":"29481","NAME20":"29481","LSAD20":"Z5","ALAND20":228449284,"AWATER20":243392}},
{"type":"Feature","geometry":{"type":"Polygon","coordinates":[[[-77.9063,36.0384],[-77.9177,36.0296],[-77.9212,36.0053],[-77.9042,35.9889],[-77.9314,35.9649],[-77.9085,35.9479],[-77.9039,35.9541],[-77.8825,35.9492],[-77.8753,35.9589],[-77.8201,35.9483],[-77.7979,35.9362],[-77.7778,35.9846],[-77.7741,35.9987],[-77.7694,36.0223],[-77.7992,36.0361],[-77.8003,36.0231],[-77.811,36.0125],[-77.8367,36.0336],[-77.8739,36.0186],[-77.8777,36.0305],[-77.8977,36.0313],[-77.9063,36.0384]]]},"properties":{"ZCTA5CE20":"27804","AFFGEOID20":"860Z200US27804","GEOID20":"27804","NAME20":"27804","LSAD20":"Z5","ALAND20":111483724,"AWATER20":290050}},
{"type":"Feature","geometry":{"type":"Polygon","coordinates":[[[-78.9149,36.0687],[-78.9268,36.0593],[-78.915,36.0437],[-78.9115,36.0224],[-78.8755,36.0133],[-78.8718,36.004],[-78.8322,36.0076],[-78.8151,36.005],[-78.7985,36.0179],[-78.7891,36.0088],[-78.7969,35.9908],[-78.7917,35.9764],[-78.7807,35.9764],[-78.7689,35.9908],[-78.7504,36.0034],[-78.7603,36.017],[-78.754,36.0478],[-78.7513,36.0708],[-78.7817,36.0716],[-78.7928,36.0774],[-78.8049,36.092],[-78.8242,36.0924],[-78.844,36.0709],[-78.8856,36.0775],[-78.8997,36.0773],[-78.9149,36.0687]]]},"properties":{"ZCTA5CE20":"27704","AFFGEOID20":"860Z200US27704","GEOID20":"27704","NAME20":"27704","LSAD20":"Z5","ALAND20":107314055,"AWATER20":11291063}},
{"type":"Feature","geometry":{"type":"Polygon","coordinates":[[[-81.4865,33.1965],[-81.4964,33.1904],[-81.522,33.1878],[-81.5335,33.1823],[-81.538,33.1968],[-81.5788,33.1736],[-81.5452,33.1554],[-81.5644,33.1398],[-81.5826,33.1347],[-81.5923,33.122],[-81.6104,33.1255],[-81.6148,33.1165],[-81.6141,33.0952],[-81.6013,33.087],[-81.5925,33.0731],[-81.5787,33.0662],[-81.5619,33.0458],[-81.5401,33.0406],[-81.5106,33.0258],[-81.5082,33.0175],[-81.4919,33.0067],[-81.4912,32.9977],[-81.4764,33.0022],[-81.4701,32.9926],[-81.4217,32.9921],[-81.4045,33.009],[-81.413,33.0271],[-81.3961,33.035],[-81.4007,33.0661],[-81.4528,33.0727],[-81.4418,33.0817],[-81.4456,33.0928],[-81.4253,33.0958],[-81.4212,33.1252],[-81.4503,33.1367],[-81.4683,33.1666],[-81.4762,33.1695],[-81.4865,33.1965]]]},"properties":{"ZCTA5CE20":"29836","AFFGEOID20":"860Z200US29836","GEOID20":"29836","NAME20":"29836","LSAD20":"Z5","ALAND20":264863552,"AWATER20":2831552}},
{"type":"Feature","geometry":{"type":"Polygon","coordinates":[[[-79.8022,32.9299],[-79.8259,32.9187],[-79.8364,32.9196],[-79.8493,32.8824],[-79.829,32.874],[-79.8049,32.8517],[-79.8258,32.8335],[-79.8018,32.8077],[-79.7826,32.8227],[-79.7498,32.8331],[-79.7433,32.834],[-79.7255,32.8554],[-79.7315,32.8699],[-79.7442,32.88],[-79.7457,32.9134],[-79.7668,32.918],[-79.7863,32.9306],[-79.8022,32.9299]]]},"properties":{"ZCTA5CE20":"29466","AFFGEOID20":"860Z200US29466","GEOID20":"29466","NAME20":"29466","LSAD20":"Z5","ALAND20":75574456,"AWATER20":16474088}},
{"type":"Feature","geometry":{"type":"Polygon","coordinates":[[[-78.7356,34.671],[-78.731,34.6599],[-78.726,34.6526],[-78.7023,34.6454],[-78.6874,34.6453],[-78.6801,34.6547],[-78.6984,34.6636],[-78.7356,34.671]]]},"properties":{"ZCTA5CE20":"28332","AFFGEOID20":"860Z200US28332","GEOID20":"28332","NAME20":"28332","LSAD20":"Z5","ALAND20":8811328,"AWATER20":18477}},
{"type":"Feature","geometry":{"type":"Polygon","coordinates":[[[-77.9115,35.8854],[-77.9249,35.8716],[-77.9147,35.8488],[-77.8963,35.8672],[-77.8801,35.868],[-77.874,35.8497],[-77.8535,35.844],[-77.8402,35.8512],[-77.831,35.8341],[-77.8123,35.8331],[-77.7815,35.844],[-77.7769,35.8415],[-77.7706,35.8654],[-77.798,35.8557],[-77.8205,35.8656],[-77.833,35.8589],[-77.8397,35.8693],[-77.826,35.8717],[-77.7979,35.9362],[-77.8201,35.9483],[-77.8753,35.9589],[-77.8825,35.9492],[-77.9039,35.9541],[-77.9085,35.9479],[-77.9034,35.9249],[-77.9125,35.9168],[-77.9041,35.9045],[-77.9115,35.8854]]]},"properties":{"ZCTA5CE20":"27803","AFFGEOID20":"860Z200US27803","GEOID20":"27803","NAME20":"27803","LSAD20":"Z5","ALAND20":108611220,"AWATER20":2098515}},
{"type":"Feature","geometry":{"type":"Polygon","coordinates":[[[-80.6931,33.2447],[-80.695,33.2319],[-80.7204,33.234],[-80.7122,33.2226],[-80.7533,33.2007],[-80.7419,33.1861],[-80.7289,33.1814],[-80.7021,33.1887],[-80.6946,33.1614],[-80.6945,33.1408],[-80.6917,33.1281],[-80.6812,33.1244],[-80.6736,33.108],[-80.65,33.0902],[-80.6442,33.1091],[-80.656,33.1097],[-80.6589,33.1248],[-80.6424,33.1532],[-80.6315,33.1493],[-80.6192,33.167],[-80.6028,33.2038],[-80.6206,33.2199],[-80.6359,33.228],[-80.6339,33.2437],[-80.6556,33.2459],[-80.6549,33.2533],[-80.677,33.2416],[-80.6931,33.2447]]]},"properties":{"ZCTA5CE20":"29471","AFFGEOID20":"860Z200US29471","GEOID20":"29471","NAME20":"29471","LSAD20":"Z5","ALAND20":110830715,"AWATER20":143862}},
{"type":"Feature","geometry":{"type":"Polygon","coordinates":[[[-78.9743,36.1037],[-78.985,36.0876],[-78.9763,36.0577],[-78.9577,36.0408],[-78.9503,36.0601],[-78.9149,36.0687],[-78.8997,36.0773],[-78.8856,36.0775],[-78.844,36.0709],[-78.8242,36.0924],[-78.8162,36.1113],[-78.8206,36.1287],[-78.8389,36.1236],[-78.8624,36.1324],[-78.8755,36.1257],[-78.8781,36.1113],[-78.8948,36.1105],[-78.9047,36.1333],[-78.9194,36.1417],[-78.9399,36.141],[-78.9425,36.1164],[-78.954,36.1155],[-78.9743,36.1037]]]},"properties":{"ZCTA5CE20":"27712","AFFGEOID20":"860Z200US27712","GEOID20":"27712","NAME20":"27712","LSAD20":"Z5","ALAND20":86058253,"AWATER20":1372437}},
{"type":"Feature","geometry":{"type":"Polygon","coordinates":[[[-79.2186,34.4234],[-79.2268,34.4187],[-79.2219,34.3972],[-79.2552,34.3902],[-79.2685,34.3719],[-79.2618,34.3363],[-79.2393,34.3251],[-79.245,34.3129],[-79.2401,34.3051],[-79.2236,34.3005],[-79.2169,34.2884],[-79.1988,34.3011],[-79.1922,34.3117],[-79.175,34.3132],[-79.1418,34.3456],[-79.1284,34.3419],[-79.1174,34.3289],[-79.1088,34.3309],[-79.2186,34.4234]]]},"properties":{"ZCTA5CE20":"29563","AFFGEOID20":"860Z200US29563","GEOID20":"29563","NAME20":"29563","LSAD20":"Z5","ALAND20":97586540,"AWATER20":388655}},
{"type":"Feature","geometry":{"type":"Polygon","coordinates":[[[-82.0125,33.5321],[-82.0115,33.5317],[-82.0013,33.5201],[-81.9817,33.4845],[-81.9341,33.4683],[-81.926,33.4623],[-81.9344,33.487],[-81.9207,33.4899],[-81.8945,33.5052],[-81.8937,33.5256],[-81.8869,33.5437],[-81.8739,33.5624],[-81.8911,33.5826],[-81.9016,33.578],[-81.9388,33.5636],[-81.9541,33.5501],[-81.9847,33.5423],[-81.9948,33.5459],[-82.0125,33.5321]]]},"properties":{"ZCTA5CE20":"29841","AFFGEOID20":"860Z200US29841","GEOID20":"29841","NAME20":"29841","LSAD20":"Z5","ALAND20":82741964,"AWATER20":2017441}},
{"type":"Feature","geometry":{"type":"Polygon","coordinates":[[[-81.2362,36.0983],[-81.2381,36.0878],[-81.251,36.0776],[-81.2559,36.0633],[-81.2603,36.0259],[-81.2334,36.0253],[-81.2225,36.0182],[-81.1938,36.0218],[-81.1757,36.0311],[-81.1667,36.0257],[-81.1471,36.0333],[-81.1212,36.0186],[-81.0981,36.0282],[-81.0575,36.0316],[-81.0485,36.0411],[-81.0111,36.05],[-81.0116,36.0544],[-81.0398,36.0546],[-81.0371,36.0703],[-81.0474,36.0863],[-81.0826,36.1009],[-81.1122,36.1067],[-81.1415,36.104],[-81.1406,36.0983],[-81.1766,36.0977],[-81.1898,36.1089],[-81.2109,36.1073],[-81.2279,36.1171],[-81.2362,36.0983]]]},"properties":{"ZCTA5CE20":"28654","AFFGEOID20":"860Z200US28654","GEOID20":"28654","NAME20":"28654","LSAD20":"Z5","ALAND20":159082974,"AWATER20":42545}},
{"type":"Feature","geometry":{"type":"Polygon","coordinates":[[[-77.3066,36.3423],[-77.2842,36.3337],[-77.2763,36.3198],[-77.2584,36.3256],[-77.2597,36.3112],[-77.2421,36.3122],[-77.2618,36.2905],[-77.2354,36.2959],[-77.2263,36.2798],[-77.2354,36.2597],[-77.2341,36.2456],[-77.2067,36.251],[-77.1914,36.2861],[-77.1417,36.2973],[-77.1479,36.31],[-77.1321,36.3285],[-77.1303,36.3393],[-77.1384,36.3523],[-77.1546,36.348],[-77.1642,36.3538],[-77.1595,36.3658],[-77.1651,36.3709],[-77.1768,36.3768],[-77.1875,36.3636],[-77.204,36.3625],[-77.2373,36.3768],[-77.2407,36.3702],[-77.2757,36.3704],[-77.2796,36.3545],[-77.2967,36.3424],[-77.3066,36.3423]]]},"properties":{"ZCTA5CE20":"27897","AFFGEOID20":"860Z200US27897","GEOID20":"27897","NAME20":"27897","LSAD20":"Z5","ALAND20":114416130,"AWATER20":0}},
{"type":"Feature","geometry":{"type":"Polygon","coordinates":[[[-81.2208,33.2593],[-81.2573,33.2513],[-81.2585,33.2355],[-81.2728,33.2201],[-81.2498,33.2109],[-81.2487,33.1664],[-81.2258,33.1604],[-81.2115,33.1435],[-81.2064,33.1296],[-81.1465,33.0778],[-81.1293,33.1003],[-81.1216,33.1278],[-81.1178,33.145],[-81.1346,33.157],[-81.1378,33.1688],[-81.1231,33.1776],[-81.1051,33.2119],[-81.1039,33.2192],[-81.1318,33.2363],[-81.1546,33.2443],[-81.1961,33.2413],[-81.2101,33.2573],[-81.2208,33.2593]]]},"properties":{"ZCTA5CE20":"29843","AFFGEOID20":"860Z200US29843","GEOID20":"29843","NAME20":"29843","LSAD20":"Z5","ALAND20":171287072,"AWATER20":726171}},
{"type":"Feature","geometry":{"type":"Polygon","coordinates":[[[-79.6334,34.298],[-79.6239,34.3006],[-79.601,34.2905],[-79.5621,34.2585],[-79.5479,34.2309],[-79.5543,34.2476],[-79.5244,34.2516],[-79.5283,34.2788],[-79.5219,34.2938],[-79.5342,34.3112],[-79.5079,34.312],[-79.5109,34.3255],[-79.4804,34.3138],[-79.475,34.3321],[-79.4465,34.3191],[-79.4331,34.3089],[-79.442,34.288],[-79.4415,34.2738],[-79.4286,34.2537],[-79.4137,34.2567],[-79.4036,34.2687],[-79.4026,34.2886],[-79.4097,34.2999],[-79.3803,34.3006],[-79.365,34.2959],[-79.3404,34.3002],[-79.3369,34.316],[-79.3557,34.3269],[-79.3896,34.3338],[-79.4097,34.3426],[-79.4202,34.3519],[-79.4098,34.3677],[-79.4231,34.3817],[-79.4209,34.4054],[-79.446,34.4019],[-79.4657,34.4246],[-79.4726,34.4494],[-79.4906,34.4652],[-79.4843,34.4795],[-79.5069,34.4928],[-79.5173,34.5035],[-79.5456,34.4532],[-79.5618,34.451],[-79.5568,34.4335],[-79.5733,34.4044],[-79.5877,34.3912],[-79.6092,34.3903],[-79.6164,34.3695],[-79.6031,34.3516],[-79.6334,34.298]]]},"properties":{"ZCTA5CE20":"29565","AFFGEOID20":"860Z200US29565","GEOID20":"29565","NAME20":"29565","LSAD20":"Z5","ALAND20":328143427,"AWATER20":1374113}},
{"type":"Feature","geometry":{"type":"Polygon","coordinates":[[[-79.4421,34.6145],[-79.4413,34.5968],[-79.4592,34.602],[-79.4807,34.5673],[-79.4689,34.5587],[-79.4538,34.5693],[-79.4361,34.5482],[-79.4395,34.5379],[-79.4144,34.5176],[-79.4077,34.5064],[-79.4182,34.4975],[-79.4153,34.4861],[-79.3892,34.4807],[-79.3951,34.4875],[-79.3936,34.5186],[-79.3986,34.5456],[-79.4071,34.5526],[-79.4026,34.5677],[-79.3916,34.5728],[-79.4138,34.5912],[-79.4421,34.6145]]]},"properties":{"ZCTA5CE20":"29567","AFFGEOID20":"860Z200US29567","GEOID20":"29567","NAME20":"29567","LSAD20":"Z5","ALAND20":49627409,"AWATER20":45027}},
{"type":"Feature","geometry":{"type":"Polygon","coordinates":[[[-80.6592,32.3402],[-80.6587,32.3379],[-80.6522,32.3199],[-80.6543,32.2941],[-80.6448,32.2915],[-80.6454,32.2609],[-80.6237,32.2581],[-80.5885,32.2827],[-80.5762,32.2753],[-80.5486,32.2856],[-80.5039,32.3075],[-80.4533,32.3219],[-80.4627,32.3334],[-80.4442,32.3549],[-80.4293,32.3897],[-80.4292,32.4055],[-80.4356,32.4125],[-80.4575,32.4103],[-80.4819,32.4531],[-80.5134,32.4557],[-80.5291,32.454],[-80.5567,32.4588],[-80.6062,32.4454],[-80.6072,32.4329],[-80.6184,32.4255],[-80.6192,32.4055],[-80.6133,32.3941],[-80.6339,32.3875],[-80.6301,32.377],[-80.6512,32.3568],[-80.6499,32.3436],[-80.6592,32.3402]]]},"properties":{"ZCTA5CE20":"29920","AFFGEOID20":"860Z200US29920","GEOID20":"29920","NAME20":"29920","LSAD20":"Z5","ALAND20":252820828,"AWATER20":117230907}},
{"type":"Feature","geometry":{"type":"Polygon","coordinates":[[[-80.7592,32.2786],[-80.7802,32.2618],[-80.7835,32.2517],[-80.7984,32.2484],[-80.8069,32.274],[-80.8236,32.2459],[-80.7878,32.2288],[-80.7828,32.2019],[-80.7857,32.1833],[-80.7604,32.1794],[-80.7187,32.1991],[-80.6988,32.2026],[-80.6854,32.2344],[-80.6785,32.2371],[-80.7271,32.2706],[-80.7424,32.2638],[-80.7592,32.2786]]]},"properties":{"ZCTA5CE20":"29926","AFFGEOID20":"860Z200US29926","GEOID20":"29926","NAME20":"29926","LSAD20":"Z5","ALAND20":74338850,"AWATER20":34328922}},
{"type":"Feature","geometry":{"type":"Polygon","coordinates":[[[-82.4214,34.8706],[-82.4168,34.8543],[-82.4242,34.8426],[-82.4239,34.8287],[-82.4041,34.8389],[-82.3789,34.827],[-82.3875,34.8448],[-82.3848,34.8626],[-82.4045,34.8606],[-82.4214,34.8706]]]},"properties":{"ZCTA5CE20":"29601","AFFGEOID20":"860Z200US29601","GEOID20":"29601","NAME20":"29601","LSAD20":"Z5","ALAND20":11003400,"AWATER20":55417}},
{"type":"Feature","geometry":{"type":"Polygon","coordinates":[[[-76.7961,35.6535],[-76.7919,35.6488],[-76.8045,35.6265],[-76.8001,35.5978],[-76.7893,35.5843],[-76.7419,35.5887],[-76.7314,35.5981],[-76.7006,35.5777],[-76.6907,35.5677],[-76.692,35.5524],[-76.6646,35.542],[-76.6542,35.5505],[-76.6608,35.556],[-76.6498,35.584],[-76.6417,35.5847],[-76.6417,35.6144],[-76.602,35.6389],[-76.6062,35.6469],[-76.5916,35.6578],[-76.5869,35.6306],[-76.5596,35.6207],[-76.54,35.6258],[-76.5219,35.704],[-76.5105,35.7522],[-76.5251,35.7661],[-76.5504,35.7745],[-76.5441,35.7908],[-76.5607,35.7964],[-76.5938,35.8075],[-76.6005,35.7942],[-76.6314,35.7832],[-76.6426,35.7615],[-76.6306,35.754],[-76.6489,35.7182],[-76.6866,35.7573],[-76.7168,35.7249],[-76.706,35.7182],[-76.7152,35.7054],[-76.7549,35.7055],[-76.7708,35.676],[-76.7816,35.6806],[-76.7961,35.6535]]]},"properties":{"ZCTA5CE20":"27860","AFFGEOID20":"860Z200US27860","GEOID20":"27860","NAME20":"27860","LSAD20":"Z5","ALAND20":382725532,"AWATER20":14040396}},
{"type":"Feature","geometry":{"type":"Polygon","coordinates":[[[-77.1971,36.5196],[-77.1969,36.5089],[-77.2444,36.5074],[-77.2544,36.5022],[-77.2908,36.4987],[-77.3039,36.5051],[-77.3152,36.4936],[-77.3138,36.482],[-77.3022,36.4715],[-77.315,36.456],[-77.2758,36.451],[-77.2663,36.4572],[-77.2555,36.478],[-77.2292,36.4819],[-77.217,36.4634],[-77.2011,36.4629],[-77.183,36.4514],[-77.1668,36.4558],[-77.132,36.4824],[-77.0936,36.4723],[-77.0704,36.4799],[-77.0671,36.4917],[-77.0854,36.5],[-77.0825,36.5115],[-77.0932,36.5182],[-77.1083,36.5167],[-77.1211,36.5227],[-77.1484,36.525],[-77.1495,36.5366],[-77.1644,36.5463],[-77.1986,36.5453],[-77.1891,36.5221],[-77.1893,36.5143],[-77.1971,36.5196]]]},"properties":{"ZCTA5CE20":"27862","AFFGEOID20":"860Z200US27862","GEOID20":"27862","NAME20":"27862","LSAD20":"Z5","ALAND20":117119458,"AWATER20":625968}},
{"type":"Feature","geometry":{"type":"Polygon","coordinates":[[[-80.8296,32.1476],[-80.8315,32.1143],[-80.8125,32.1097],[-80.79,32.1225],[-80.7468,32.1418],[-80.7315,32.1509],[-80.7137,32.1679],[-80.6863,32.2032],[-80.6679,32.2207],[-80.6785,32.2371],[-80.6854,32.2344],[-80.6988,32.2026],[-80.7187,32.1991],[-80.7604,32.1794],[-80.7857,32.1833],[-80.7828,32.2019],[-80.7919,32.1827],[-80.8296,32.1476]]]},"properties":{"ZCTA5CE20":"29928","AFFGEOID20":"860Z200US29928","GEOID20":"29928","NAME20":"29928","LSAD20":"Z5","ALAND20":53622832,"AWATER20":18965784}},
{"type":"Feature","geometry":{"type":"Polygon","coordinates":[[[-81.0055,33.0269],[-81.023,33.0054],[-81.0201,32.9942],[-81.0498,32.9978],[-81.0533,32.9896],[-81.0445,32.9856],[-81.0206,32.964],[-81.0075,32.9379],[-80.9993,32.9312],[-80.9899,32.9104],[-80.9872,32.9011],[-80.9685,32.8906],[-80.9577,32.8761],[-80.946,32.8766],[-80.9165,32.8508],[-80.9001,32.8326],[-80.8958,32.8106],[-80.8799,32.7921],[-80.8817,32.8155],[-80.8781,32.8261],[-80.8878,32.8454],[-80.8808,32.8622],[-80.87,32.8731],[-80.8695,32.8986],[-80.875,32.9059],[-80.8741,32.9358],[-80.8771,32.9509],[-80.8802,32.9609],[-80.9032,32.9772],[-80.9026,32.9837],[-80.9428,33.023],[-80.9754,33.0192],[-80.9769,33.0285],[-81.0055,33.0269]]]},"properties":{"ZCTA5CE20":"29929","AFFGEOID20":"860Z200US29929","GEOID20":"29929","NAME20":"29929","LSAD20":"Z5","ALAND20":202760517,"AWATER20":41791}},
{"type":"Feature","geometry":{"type":"Polygon","coordinates":[[[-77.6621,35.8651],[-77.6712,35.8646],[-77.6895,35.8485],[-77.703,35.8607],[-77.721,35.8649],[-77.7304,35.8591],[-77.7257,35.8454],[-77.7318,35.8362],[-77.7127,35.8289],[-77.7032,35.8183],[-77.7094,35.8012],[-77.6971,35.8028],[-77.6987,35.7866],[-77.6755,35.7867],[-77.6718,35.7658],[-77.6645,35.7501],[-77.6082,35.7534],[-77.5873,35.7754],[-77.6045,35.7812],[-77.591,35.7967],[-77.5836,35.7872],[-77.5581,35.7919],[-77.5687,35.7989],[-77.5654,35.8153],[-77.5996,35.8274],[-77.6527,35.8349],[-77.6513,35.8516],[-77.6621,35.8651]]]},"properties":{"ZCTA5CE20":"27864","AFFGEOID20":"860Z200US27864","GEOID20":"27864","NAME20":"27864","LSAD20":"Z5","ALAND20":105434043,"AWATER20":140935}},
{"type":"Feature","geometry":{"type":"Polygon","coordinates":[[[-75.8631,36.1599],[-75.8667,36.1275],[-75.84,36.0976],[-75.8149,36.1023],[-75.8167,36.1124],[-75.8035,36.1188],[-75.8176,36.1406],[-75.8256,36.1462],[-75.8247,36.1628],[-75.8344,36.1678],[-75.8631,36.1599]]]},"properties":{"ZCTA5CE20":"27966","AFFGEOID20":"860Z200US27966","GEOID20":"27966","NAME20":"27966","LSAD20":"Z5","ALAND20":27697631,"AWATER20":533753}},
{"type":"Feature","geometry":{"type":"Polygon","coordinates":[[[-79.0568,34.9499],[-79.0614,34.9351],[-79.0606,34.9115],[-79.0423,34.9146],[-79.0204,34.9024],[-79.0224,34.8889],[-79.0032,34.8695],[-78.9861,34.8605],[-78.9717,34.8625],[-78.9524,34.8449],[-78.9487,34.8653],[-78.927,34.864],[-78.9098,34.8693],[-78.9232,34.8776],[-78.9408,34.9034],[-78.9545,34.912],[-78.9466,34.9215],[-78.9633,34.9356],[-78.9844,34.9373],[-78.9745,34.9559],[-78.9969,34.9588],[-79.0373,34.9538],[-79.0568,34.9499]]]},"properties":{"ZCTA5CE20":"28371","AFFGEOID20":"860Z200US28371","GEOID20":"28371","NAME20":"28371","LSAD20":"Z5","ALAND20":87074690,"AWATER20":748624}},
{"type":"Feature","geometry":{"type":"Polygon","coordinates":[[[-77.4334,36.4464],[-77.4463,36.4386],[-77.4654,36.4351],[-77.5076,36.4368],[-77.5202,36.4413],[-77.5334,36.437],[-77.5306,36.415],[-77.5406,36.3811],[-77.5325,36.3647],[-77.5516,36.3462],[-77.5427,36.3316],[-77.5531,36.3241],[-77.5458,36.3148],[-77.4965,36.309],[-77.4708,36.3201],[-77.4459,36.3249],[-77.4136,36.2919],[-77.4131,36.2799],[-77.3996,36.3065],[-77.3878,36.3015],[-77.3765,36.3218],[-77.376,36.3379],[-77.3681,36.3555],[-77.3593,36.3629],[-77.347,36.3466],[-77.3217,36.336],[-77.3066,36.3423],[-77.2967,36.3424],[-77.2796,36.3545],[-77.3099,36.3716],[-77.3499,36.389],[-77.3038,36.4015],[-77.3103,36.4163],[-77.3577,36.4352],[-77.3725,36.4335],[-77.3817,36.4235],[-77.4028,36.4276],[-77.3998,36.4111],[-77.4193,36.4171],[-77.423,36.4399],[-77.4334,36.4464]]]},"properties":{"ZCTA5CE20":"27845","AFFGEOID20":"860Z200US27845","GEOID20":"27845","NAME20":"27845","LSAD20":"Z5","ALAND20":253389098,"AWATER20":1280792}},
{"type":"Feature","geometry":{"type":"Polygon","coordinates":[[[-76.9854,36.4246],[-76.976,36.4134],[-76.9744,36.3924],[-76.9836,36.3734],[-76.9608,36.3832],[-76.9587,36.3998],[-76.9439,36.395],[-76.9383,36.3797],[-76.9238,36.3664],[-76.912,36.3711],[-76.8402,36.3559],[-76.8456,36.3749],[-76.884,36.3836],[-76.93,36.3999],[-76.9471,36.4154],[-76.9465,36.4311],[-76.957,36.4363],[-76.9779,36.4227],[-76.9854,36.4246]]]},"properties":{"ZCTA5CE20":"27986","AFFGEOID20":"860Z200US27986","GEOID20":"27986","NAME20":"27986","LSAD20":"Z5","ALAND20":37089061,"AWATER20":3129025}},
{"type":"Feature","geometry":{"type":"Polygon","coordinates":[[[-77.0342,35.6855],[-77.0348,35.679],[-76.9858,35.6588],[-76.9803,35.6613],[-76.8473,35.72],[-76.8313,35.7307],[-76.8186,35.7471],[-76.793,35.7899],[-76.8026,35.8052],[-76.7995,35.8134],[-76.7819,35.8267],[-76.7892,35.8376],[-76.7787,35.8566],[-76.7606,35.8649],[-76.781,35.8639],[-76.8082,35.8844],[-76.8294,35.8861],[-76.8369,35.8761],[-76.8317,35.8559],[-76.8401,35.8442],[-76.8752,35.8137],[-76.9032,35.8256],[-76.9127,35.8365],[-76.9376,35.827],[-76.9346,35.8117],[-76.9406,35.8054],[-76.9306,35.7889],[-76.9596,35.7855],[-76.9598,35.7639],[-76.9791,35.7538],[-76.9786,35.7376],[-76.9611,35.733],[-76.9623,35.7179],[-76.9806,35.7228],[-76.9795,35.735],[-76.9995,35.7323],[-76.9973,35.7067],[-77.0199,35.6814],[-77.0342,35.6855]]]},"properties":{"ZCTA5CE20":"27846","AFFGEOID20":"860Z200US27846","GEOID20":"27846","NAME20":"27846","LSAD20":"Z5","ALAND20":242544548,"AWATER20":368109}},
{"type":"Feature","geometry":{"type":"Polygon","coordinates":[[[-79.598,34.5511],[-79.6279,34.568],[-79.6592,34.5536],[-79.655,34.5451],[-79.6525,34.5163],[-79.6606,34.5167],[-79.6711,34.496],[-79.6695,34.4751],[-79.6978,34.4415],[-79.7252,34.4296],[-79.725,34.4172],[-79.717,34.4034],[-79.6909,34.3897],[-79.6755,34.3673],[-79.6929,34.3568],[-79.6764,34.3363],[-79.6616,34.3237],[-79.6578,34.3052],[-79.6334,34.298],[-79.6031,34.3516],[-79.6164,34.3695],[-79.6092,34.3903],[-79.5877,34.3912],[-79.5733,34.4044],[-79.5568,34.4335],[-79.5618,34.451],[-79.5456,34.4532],[-79.5173,34.5035],[-79.5238,34.512],[-79.5645,34.5265],[-79.598,34.5511]]]},"properties":{"ZCTA5CE20":"29516","AFFGEOID20":"860Z200US29516","GEOID20":"29516","NAME20":"29516","LSAD20":"Z5","ALAND20":266644781,"AWATER20":2626263}},
{"type":"Feature","geometry":{"type":"Polygon","coordinates":[[[-78.693,33.8318],[-78.7107,33.8263],[-78.7311,33.809],[-78.7546,33.827],[-78.7814,33.8151],[-78.7772,33.7897],[-78.7449,33.797],[-78.7355,33.7886],[-78.7141,33.8001],[-78.6723,33.8176],[-78.5865,33.844],[-78.5546,33.8492],[-78.5473,33.8565],[-78.5589,33.8664],[-78.5741,33.8795],[-78.5842,33.874],[-78.609,33.8699],[-78.6247,33.8619],[-78.65,33.8557],[-78.6742,33.8389],[-78.693,33.8318]]]},"properties":{"ZCTA5CE20":"29582","AFFGEOID20":"860Z200US29582","GEOID20":"29582","NAME20":"29582","LSAD20":"Z5","ALAND20":56745947,"AWATER20":4970052}},
{"type":"Feature","geometry":{"type":"Polygon","coordinates":[[[-80.1544,35.1106],[-80.1311,35.1107],[-80.1394,35.0994],[-80.1328,35.0889],[-80.098,35.096],[-80.1017,35.1114],[-80.1179,35.1199],[-80.1124,35.1347],[-80.1208,35.1633],[-80.1305,35.158],[-80.1388,35.1403],[-80.1552,35.1344],[-80.1631,35.1218],[-80.1544,35.1106]]]},"properties":{"ZCTA5CE20":"28007","AFFGEOID20":"860Z200US28007","GEOID20":"28007","NAME20":"28007","LSAD20":"Z5","ALAND20":23655043,"AWATER20":0}},
{"type":"Feature","geometry":{"type":"Polygon","coordinates":[[[-78.0611,35.6976],[-78.0855,35.6809],[-78.0797,35.67],[-78.0948,35.6642],[-78.103,35.6375],[-78.1013,35.6291],[-78.0857,35.6105],[-78.0468,35.6151],[-78.0483,35.5923],[-77.9984,35.5856],[-77.9734,35.5857],[-77.9522,35.6092],[-77.9552,35.6196],[-77.9713,35.6228],[-77.97,35.6355],[-77.9805,35.6802],[-77.9977,35.6802],[-78.0072,35.6932],[-78.0239,35.6898],[-78.0568,35.6911],[-78.0611,35.6976]]]},"properties":{"ZCTA5CE20":"27851","AFFGEOID20":"860Z200US27851","GEOID20":"27851","NAME20":"27851","LSAD20":"Z5","ALAND20":114791635,"AWATER20":55522}},
{"type":"Feature","geometry":{"type":"Polygon","coordinates":[[[-77.3727,36.5449],[-77.3724,36.5376],[-77.3887,36.5188],[-77.4069,36.515],[-77.4049,36.5051],[-77.3885,36.4995],[-77.3966,36.4847],[-77.377,36.4754],[-77.3569,36.4811],[-77.3307,36.4829],[-77.3022,36.4715],[-77.3138,36.482],[-77.3152,36.4936],[-77.3039,36.5051],[-77.2908,36.4987],[-77.2544,36.5022],[-77.2444,36.5074],[-77.1969,36.5089],[-77.1971,36.5196],[-77.1891,36.5221],[-77.1986,36.5453],[-77.2969,36.5447],[-77.3727,36.5449]]]},"properties":{"ZCTA5CE20":"27853","AFFGEOID20":"860Z200US27853","GEOID20":"27853","NAME20":"27853","LSAD20":"Z5","ALAND20":96155066,"AWATER20":266479}},
{"type":"Feature","geometry":{"type":"Polygon","coordinates":[[[-79.146,33.658],[-79.1601,33.6529],[-79.1613,33.6273],[-79.1461,33.6042],[-79.1486,33.5824],[-79.1644,33.5747],[-79.175,33.5521],[-79.1599,33.5418],[-79.1593,33.5203],[-79.14,33.5037],[-79.1529,33.4832],[-79.1567,33.4673],[-79.1986,33.4185],[-79.2061,33.3844],[-79.2135,33.3757],[-79.1775,33.3765],[-79.1544,33.3828],[-79.1474,33.3785],[-79.1154,33.4391],[-79.0846,33.4837],[-79.071,33.4959],[-79.0864,33.5146],[-79.077,33.5466],[-79.0857,33.5602],[-79.1011,33.573],[-79.0968,33.6003],[-79.1222,33.6057],[-79.129,33.6259],[-79.1312,33.6524],[-79.146,33.658]]]},"properties":{"ZCTA5CE20":"29585","AFFGEOID20":"860Z200US29585","GEOID20":"29585","NAME20":"29585","LSAD20":"Z5","ALAND20":160049875,"AWATER20":10787290}},
{"type":"Feature","geometry":{"type":"Polygon","coordinates":[[[-81.072,35.2189],[-81.0755,35.1863],[-81.0701,35.175],[-81.0808,35.1577],[-81.0696,35.1516],[-81.0429,35.1492],[-81.0247,35.1489],[-81.0058,35.157],[-81.0024,35.1808],[-81.0063,35.2103],[-81.0143,35.2243],[-81.0083,35.2481],[-81.0138,35.2577],[-81.0223,35.2727],[-81.0448,35.2819],[-81.0551,35.2849],[-81.0687,35.2641],[-81.0731,35.249],[-81.072,35.2189]]]},"properties":{"ZCTA5CE20":"28012","AFFGEOID20":"860Z200US28012","GEOID20":"28012","NAME20":"28012","LSAD20":"Z5","ALAND20":70583426,"AWATER20":9855222}},
{"type":"Feature","geometry":{"type":"Polygon","coordinates":[[[-81.6757,35.2452],[-81.6661,35.2454],[-81.6698,35.2488],[-81.6744,35.2494],[-81.6757,35.2452]]]},"properties":{"ZCTA5CE20":"28017","AFFGEOID20":"860Z200US28017","GEOID20":"28017","NAME20":"28017","LSAD20":"Z5","ALAND20":444841,"AWATER20":0}},
{"type":"Feature","geometry":{"type":"Polygon","coordinates":[[[-79.9567,34.4867],[-79.9565,34.4747],[-79.9701,34.4693],[-79.954,34.446],[-79.9408,34.4621],[-79.9208,34.4682],[-79.8735,34.4562],[-79.8753,34.4473],[-79.8574,34.4418],[-79.8419,34.4424],[-79.8385,34.4304],[-79.8134,34.4061],[-79.8076,34.4224],[-79.7724,34.4357],[-79.7692,34.4493],[-79.7498,34.4506],[-79.7493,34.468],[-79.7328,34.4753],[-79.7219,34.488],[-79.7278,34.4968],[-79.7544,34.5041],[-79.7701,34.4963],[-79.7829,34.4978],[-79.8095,34.4861],[-79.8149,34.4972],[-79.8334,34.5103],[-79.83,34.5319],[-79.8221,34.5583],[-79.8315,34.5668],[-79.8546,34.5542],[-79.8581,34.5717],[-79.8689,34.5957],[-79.8822,34.5928],[-79.8791,34.5726],[-79.8899,34.5585],[-79.9086,34.5737],[-79.9201,34.5717],[-79.9294,34.5681],[-79.9242,34.5511],[-79.9312,34.5405],[-79.9307,34.5162],[-79.9375,34.4972],[-79.9627,34.5021],[-79.9567,34.4867]]]},"properties":{"ZCTA5CE20":"29593","AFFGEOID20":"860Z200US29593","GEOID20":"29593","NAME20":"29593","LSAD20":"Z5","ALAND20":197430450,"AWATER20":2378782}},
{"type":"Feature","geometry":{"type":"Polygon","coordinates":[[[-81.4739,35.4839],[-81.4814,35.4715],[-81.4755,35.4602],[-81.4592,35.449],[-81.4546,35.436],[-81.4584,35.4138],[-81.4746,35.3892],[-81.4528,35.3926],[-81.441,35.3766],[-81.4615,35.3754],[-81.4612,35.3365],[-81.4733,35.3235],[-81.4708,35.3107],[-81.4502,35.3003],[-81.4394,35.3245],[-81.4277,35.335],[-81.4284,35.3543],[-81.4323,35.3685],[-81.431,35.3674],[-81.4199,35.3599],[-81.4074,35.3494],[-81.4096,35.3381],[-81.3935,35.3401],[-81.364,35.3378],[-81.3501,35.3486],[-81.3343,35.3653],[-81.3164,35.3646],[-81.3102,35.3764],[-81.3408,35.3976],[-81.3255,35.4037],[-81.322,35.4151],[-81.3588,35.4149],[-81.3807,35.4274],[-81.3787,35.4416],[-81.3904,35.4442],[-81.398,35.4704],[-81.4191,35.4774],[-81.4372,35.4754],[-81.4302,35.4947],[-81.4475,35.4939],[-81.4739,35.4839]]]},"properties":{"ZCTA5CE20":"28021","AFFGEOID20":"860Z200US28021","GEOID20":"28021","NAME20":"28021","LSAD20":"Z5","ALAND20":152368703,"AWATER20":2712988}},
{"type":"Feature","geometry":{"type":"Polygon","coordinates":[[[-79.18,34.6418],[-79.1803,34.6266],[-79.159,34.6185],[-79.1385,34.6189],[-79.1436,34.6039],[-79.1743,34.6052],[-79.1725,34.5963],[-79.1578,34.5813],[-79.1519,34.5767],[-79.1104,34.5941],[-79.0999,34.6041],[-79.0743,34.6131],[-79.0208,34.6371],[-79.0136,34.6466],[-78.9992,34.6915],[-78.9974,34.7293],[-79.0033,34.7516],[-79.0318,34.7651],[-79.0425,34.7837],[-79.0639,34.7769],[-79.0547,34.7517],[-79.0553,34.7389],[-79.0747,34.7469],[-79.0861,34.7712],[-79.0929,34.77],[-79.0758,34.724],[-79.0846,34.7097],[-79.1154,34.7454],[-79.1228,34.7345],[-79.1425,34.725],[-79.1155,34.7121],[-79.0937,34.6897],[-79.1004,34.6847],[-79.1373,34.6753],[-79.1438,34.6662],[-79.1319,34.6489],[-79.1551,34.6345],[-79.18,34.6418]]]},"properties":{"ZCTA5CE20":"28360","AFFGEOID20":"860Z200US28360","GEOID20":"28360","NAME20":"28360","LSAD20":"Z5","ALAND20":187133844,"AWATER20":407650}},
{"type":"Feature","geometry":{"type":"Polygon","coordinates":[[[-79.6399,35.0113],[-79.6437,34.9969],[-79.6096,34.9826],[-79.6124,34.9768],[-79.6492,34.9761],[-79.6518,34.9558],[-79.6491,34.9457],[-79.6188,34.9418],[-79.6053,34.954],[-79.5929,34.9397],[-79.5704,34.9034],[-79.5496,34.9105],[-79.5413,34.9014],[-79.5196,34.8952],[-79.5024,34.8804],[-79.4716,34.899],[-79.4597,34.8913],[-79.4452,34.8904],[-79.4358,34.9099],[-79.4406,34.9257],[-79.4406,34.9517],[-79.4585,34.9572],[-79.4636,34.9733],[-79.4622,34.9886],[-79.468,35.0048],[-79.507,35.0235],[-79.5177,35.0217],[-79.5293,35.0157],[-79.5476,35.019],[-79.5737,35.0092],[-79.5907,35.0137],[-79.6007,35.0093],[-79.6293,35.0083],[-79.6399,35.0113]]]},"properties":{"ZCTA5CE20":"28363","AFFGEOID20":"860Z200US28363","GEOID20":"28363","NAME20":"28363","LSAD20":"Z5","ALAND20":192734423,"AWATER20":1259615}},
{"type":"Feature","geometry":{"type":"Polygon","coordinates":[[[-77.9486,35.058],[-77.9555,35.0348],[-77.9677,35.0307],[-77.9882,35.0092],[-78.0158,35.0086],[-78.0195,35.0003],[-78.0058,34.98],[-78.0226,34.9673],[-77.9879,34.9491],[-77.9875,34.9421],[-77.9458,34.9429],[-77.9264,34.9381],[-77.9274,34.9305],[-77.9029,34.9177],[-77.9101,34.9097],[-77.8914,34.8974],[-77.8821,34.8996],[-77.8636,34.9117],[-77.8675,34.9229],[-77.8596,34.9365],[-77.8435,34.9347],[-77.8432,34.9574],[-77.8446,34.9706],[-77.8625,34.9801],[-77.8446,35.0097],[-77.8461,35.0251],[-77.8602,35.0381],[-77.9015,35.0437],[-77.9486,35.058]]]},"properties":{"ZCTA5CE20":"28349","AFFGEOID20":"860Z200US28349","GEOID20":"28349","NAME20":"28349","LSAD20":"Z5","ALAND20":171216943,"AWATER20":1305512}},
{"type":"Feature","geometry":{"type":"Polygon","coordinates":[[[-77.8156,36.5451],[-77.8098,36.5228],[-77.7996,36.5094],[-77.8093,36.4983],[-77.8062,36.4971],[-77.774,36.4817],[-77.7426,36.4799],[-77.7307,36.4865],[-77.7097,36.4871],[-77.6811,36.4792],[-77.6457,36.4807],[-77.6436,36.491],[-77.6306,36.4938],[-77.6248,36.5125],[-77.6456,36.5453],[-77.6467,36.5453],[-77.664,36.5454],[-77.6648,36.5208],[-77.6824,36.513],[-77.6915,36.5245],[-77.6905,36.5368],[-77.7123,36.5455],[-77.7671,36.5454],[-77.8156,36.5451]]]},"properties":{"ZCTA5CE20":"27832","AFFGEOID20":"860Z200US27832","GEOID20":"27832","NAME20":"27832","LSAD20":"Z5","ALAND20":86436180,"AWATER20":10955842}},
{"type":"Feature","geometry":{"type":"Polygon","coordinates":[[[-76.6429,36.3946],[-76.657,36.3808],[-76.6713,36.384],[-76.6845,36.3573],[-76.6651,36.3476],[-76.6605,36.3333],[-76.6703,36.3147],[-76.6569,36.3131],[-76.6344,36.3015],[-76.6234,36.3061],[-76.5851,36.302],[-76.5861,36.3242],[-76.5708,36.3343],[-76.5569,36.3552],[-76.5392,36.3573],[-76.4938,36.3683],[-76.4943,36.4021],[-76.541,36.4075],[-76.5453,36.3949],[-76.5672,36.3982],[-76.5643,36.3815],[-76.5809,36.384],[-76.5999,36.3957],[-76.6272,36.3909],[-76.6429,36.3946]]]},"properties":{"ZCTA5CE20":"27946","AFFGEOID20":"860Z200US27946","GEOID20":"27946","NAME20":"27946","LSAD20":"Z5","ALAND20":113315260,"AWATER20":3137}},
{"type":"Feature","geometry":{"type":"MultiPolygon","coordinates":[[[[-75.8692,36.2834],[-75.8669,36.2772],[-75.8618,36.2747],[-75.8692,36.2834]]],[[[-75.9162,36.2355],[-75.9066,36.2088],[-75.875,36.1841],[-75.8631,36.1599],[-75.8344,36.1678],[-75.8403,36.1772],[-75.8481,36.2157],[-75.8742,36.1995],[-75.8861,36.2053],[-75.8967,36.2397],[-75.9162,36.2355]]]]},"properties":{"ZCTA5CE20":"27947","AFFGEOID20":"860Z200US27947","GEOID20":"27947","NAME20":"27947","LSAD20":"Z5","ALAND20":26750118,"AWATER20":23999968}},
{"type":"Feature","geometry":{"type":"Polygon","coordinates":[[[-79.5704,34.9034],[-79.5966,34.8813],[-79.6165,34.8826],[-79.6255,34.8696],[-79.6266,34.8523],[-79.6176,34.8396],[-79.6223,34.8289],[-79.6511,34.8167],[-79.6445,34.8097],[-79.6484,34.7931],[-79.6561,34.789],[-79.6213,34.7605],[-79.6271,34.7843],[-79.6069,34.7939],[-79.5933,34.7901],[-79.5723,34.7969],[-79.5522,34.7874],[-79.5363,34.7661],[-79.5282,34.7823],[-79.5424,34.791],[-79.5267,34.7994],[-79.5201,34.8121],[-79.5231,34.8223],[-79.5033,34.8317],[-79.4949,34.8405],[-79.4836,34.8259],[-79.4719,34.8251],[-79.4638,34.8349],[-79.4657,34.846],[-79.4789,34.8483],[-79.4855,34.8685],[-79.4711,34.8817],[-79.4716,34.899],[-79.5024,34.8804],[-79.5196,34.8952],[-79.5413,34.9014],[-79.5496,34.9105],[-79.5704,34.9034]]]},"properties":{"ZCTA5CE20":"28351","AFFGEOID20":"860Z200US28351","GEOID20":"28351","NAME20":"28351","LSAD20":"Z5","ALAND20":152343567,"AWATER20":994584}},
{"type":"Feature","geometry":{"type":"Polygon","coordinates":[[[-76.0682,36.2764],[-76.0813,36.274],[-76.0879,36.2503],[-76.0796,36.2382],[-76.054,36.2348],[-76.0423,36.211],[-76.0262,36.202],[-76.017,36.1864],[-76.0007,36.1801],[-75.9346,36.1659],[-75.9364,36.1776],[-75.96,36.1989],[-75.9498,36.2154],[-75.951,36.2355],[-75.9671,36.255],[-75.9625,36.2668],[-75.9517,36.2715],[-75.9484,36.2853],[-75.9649,36.2884],[-75.9711,36.3084],[-75.9997,36.3112],[-76.0017,36.3235],[-76.0079,36.3286],[-76.0172,36.3279],[-76.0204,36.3342],[-76.0167,36.3443],[-76.0283,36.3448],[-76.0364,36.3552],[-76.046,36.3583],[-76.0374,36.355],[-76.0293,36.3451],[-76.0229,36.3405],[-76.0218,36.3344],[-76.016,36.3247],[-76.0032,36.321],[-76.0044,36.3077],[-75.9898,36.3046],[-75.997,36.2903],[-76.034,36.2939],[-76.0584,36.2866],[-76.0682,36.2764]]]},"properties":{"ZCTA5CE20":"27974","AFFGEOID20":"860Z200US27974","GEOID20":"27974","NAME20":"27974","LSAD20":"Z5","ALAND20":117452372,"AWATER20":49200378}},
{"type":"Feature","geometry":{"type":"Polygon","coordinates":[[[-75.6657,35.8729],[-75.6606,35.8625],[-75.6601,35.8386],[-75.6537,35.8298],[-75.6303,35.8201],[-75.6163,35.8269],[-75.6168,35.8563],[-75.6277,35.8831],[-75.6364,35.8945],[-75.6612,35.8897],[-75.6657,35.8729]]]},"properties":{"ZCTA5CE20":"27981","AFFGEOID20":"860Z200US27981","GEOID20":"27981","NAME20":"27981","LSAD20":"Z5","ALAND20":23599441,"AWATER20":8628447}},
{"type":"Feature","geometry":{"type":"Polygon","coordinates":[[[-75.7954,36.2271],[-75.7856,36.217],[-75.7724,36.2175],[-75.7578,36.178],[-75.7573,36.1669],[-75.7459,36.1441],[-75.7519,36.1224],[-75.7397,36.0753],[-75.7414,36.0564],[-75.7371,36.0408],[-75.7124,36.0454],[-75.6822,36.0558],[-75.7183,36.1137],[-75.7384,36.1543],[-75.7596,36.2047],[-75.7733,36.2315],[-75.7954,36.2271]]]},"properties":{"ZCTA5CE20":"27949","AFFGEOID20":"860Z200US27949","GEOID20":"27949","NAME20":"27949","LSAD20":"Z5","ALAND20":39298350,"AWATER20":58213906}},
{"type":"Feature","geometry":{"type":"Polygon","coordinates":[[[-80.9642,32.3138],[-80.9694,32.3044],[-81.0064,32.3065],[-80.9942,32.2906],[-80.9925,32.2727],[-81.0018,32.2542],[-81.0002,32.2443],[-80.9833,32.2422],[-80.9486,32.2742],[-80.9408,32.2877],[-80.8874,32.2933],[-80.8744,32.303],[-80.8493,32.3054],[-80.827,32.2921],[-80.8034,32.2965],[-80.8012,32.317],[-80.7879,32.3271],[-80.7797,32.3228],[-80.7603,32.299],[-80.7534,32.3068],[-80.7283,32.3219],[-80.7465,32.3473],[-80.7591,32.3574],[-80.7819,32.3857],[-80.8068,32.4361],[-80.8187,32.4639],[-80.8302,32.4621],[-80.8497,32.4229],[-80.848,32.4116],[-80.8292,32.4115],[-80.8429,32.3934],[-80.8419,32.3849],[-80.8737,32.3691],[-80.8776,32.3459],[-80.8921,32.3537],[-80.9219,32.3518],[-80.9344,32.32],[-80.9349,32.3001],[-80.9462,32.3015],[-80.9413,32.3168],[-80.9642,32.3138]]]},"properties":{"ZCTA5CE20":"29909","AFFGEOID20":"860Z200US29909","GEOID20":"29909","NAME20":"29909","LSAD20":"Z5","ALAND20":144146380,"AWATER20":71258281}},
{"type":"Feature","geometry":{"type":"Polygon","coordinates":[[[-77.722,36.3758],[-77.7212,36.3568],[-77.6981,36.352],[-77.7143,36.3331],[-77.7177,36.3223],[-77.707,36.3127],[-77.6783,36.3087],[-77.6602,36.3022],[-77.6389,36.2869],[-77.6247,36.262],[-77.6023,36.2448],[-77.5826,36.2103],[-77.5564,36.1987],[-77.5407,36.2022],[-77.5328,36.1914],[-77.4834,36.1928],[-77.4617,36.1885],[-77.4303,36.2052],[-77.4368,36.2188],[-77.4195,36.2195],[-77.396,36.2047],[-77.3864,36.2127],[-77.3763,36.243],[-77.3806,36.2493],[-77.4056,36.2612],[-77.4131,36.2799],[-77.4136,36.2919],[-77.4459,36.3249],[-77.4708,36.3201],[-77.4951,36.3084],[-77.5411,36.3033],[-77.5563,36.3052],[-77.5714,36.3141],[-77.5856,36.3373],[-77.5799,36.3501],[-77.547,36.3739],[-77.5458,36.3836],[-77.5619,36.3956],[-77.5906,36.4061],[-77.6006,36.3969],[-77.6152,36.3976],[-77.6383,36.3876],[-77.6477,36.392],[-77.6683,36.3701],[-77.6756,36.3787],[-77.6951,36.3884],[-77.722,36.3758]]]},"properties":{"ZCTA5CE20":"27839","AFFGEOID20":"860Z200US27839","GEOID20":"27839","NAME20":"27839","LSAD20":"Z5","ALAND20":361974480,"AWATER20":287065}},
{"type":"Feature","geometry":{"type":"Polygon","coordinates":[[[-79.022,34.007],[-79.0727,34.0192],[-79.0853,34.0256],[-79.1211,34.0299],[-79.1236,34.01],[-79.1517,34.0134],[-79.1565,33.9948],[-79.191,33.9986],[-79.2038,34.0033],[-79.2166,33.9965],[-79.2103,33.9746],[-79.2408,33.9735],[-79.2243,33.9538],[-79.1964,33.9641],[-79.1805,33.9611],[-79.1571,33.9254],[-79.134,33.9334],[-79.1163,33.9297],[-79.097,33.9362],[-79.0737,33.9305],[-79.0328,33.9354],[-79.0237,33.9585],[-79.0208,33.9863],[-79.0057,33.9875],[-79.022,34.007]]]},"properties":{"ZCTA5CE20":"29511","AFFGEOID20":"860Z200US29511","GEOID20":"29511","NAME20":"29511","LSAD20":"Z5","ALAND20":147817935,"AWATER20":154309}},
{"type":"Feature","geometry":{"type":"Polygon","coordinates":[[[-79.013,33.7489],[-78.9961,33.7409],[-79.0162,33.7165],[-78.9956,33.7219],[-78.9798,33.7207],[-78.9742,33.7126],[-78.9826,33.703],[-78.9578,33.6948],[-78.9442,33.6978],[-78.9164,33.719],[-78.8491,33.7497],[-78.8191,33.7641],[-78.7941,33.7799],[-78.8047,33.8077],[-78.7853,33.8134],[-78.8782,33.7868],[-78.8869,33.8034],[-78.9022,33.8145],[-78.9276,33.8043],[-78.9722,33.8086],[-78.9735,33.782],[-78.9832,33.7754],[-78.9696,33.7602],[-78.9891,33.7488],[-78.9986,33.7568],[-79.013,33.7489]]]},"properties":{"ZCTA5CE20":"29579","AFFGEOID20":"860Z200US29579","GEOID20":"29579","NAME20":"29579","LSAD20":"Z5","ALAND20":137199826,"AWATER20":2499079}},
{"type":"Feature","geometry":{"type":"Polygon","coordinates":[[[-76.0263,36.3894],[-76.0013,36.3892],[-75.9752,36.3957],[-75.9947,36.4079],[-76.0033,36.4136],[-76.0183,36.4066],[-76.0263,36.3894]]]},"properties":{"ZCTA5CE20":"27956","AFFGEOID20":"860Z200US27956","GEOID20":"27956","NAME20":"27956","LSAD20":"Z5","ALAND20":7130602,"AWATER20":0}},
{"type":"Feature","geometry":{"type":"Polygon","coordinates":[[[-77.3393,36.0647],[-77.3689,36.0368],[-77.3807,36.0472],[-77.3831,36.0597],[-77.4004,36.0613],[-77.4035,36.0756],[-77.4014,36.0967],[-77.4162,36.098],[-77.4262,36.0739],[-77.4432,36.0658],[-77.4436,36.0539],[-77.4615,36.0483],[-77.4903,36.0535],[-77.4967,36.0373],[-77.4749,36.0378],[-77.4378,36.0191],[-77.4517,36.0038],[-77.4562,35.9825],[-77.4429,35.9716],[-77.4411,35.9722],[-77.4381,35.9691],[-77.4462,35.9536],[-77.4247,35.9476],[-77.4125,35.9499],[-77.407,35.9151],[-77.3981,35.9015],[-77.3936,35.8759],[-77.3809,35.8929],[-77.3834,35.9079],[-77.369,35.9073],[-77.3504,35.9165],[-77.3075,35.9159],[-77.3121,35.936],[-77.3314,35.9353],[-77.3438,35.9446],[-77.3288,35.9558],[-77.3679,35.986],[-77.3927,35.9806],[-77.3966,35.9919],[-77.3932,36.0138],[-77.3688,36.0109],[-77.3553,35.9923],[-77.3342,36.011],[-77.3314,36.05],[-77.3393,36.0647]]]},"properties":{"ZCTA5CE20":"27843","AFFGEOID20":"860Z200US27843","GEOID20":"27843","NAME20":"27843","LSAD20":"Z5","ALAND20":157744174,"AWATER20":11486}},
{"type":"Feature","geometry":{"type":"Polygon","coordinates":[[[-79.0568,34.9499],[-79.104,34.9624],[-79.155,34.9293],[-79.1457,34.9215],[-79.1346,34.8883],[-79.119,34.8787],[-79.1075,34.8643],[-79.0725,34.8547],[-79.0617,34.8566],[-79.0553,34.8687],[-79.0407,34.8656],[-79.0365,34.8709],[-79.0032,34.8695],[-79.0224,34.8889],[-79.0204,34.9024],[-79.0423,34.9146],[-79.0606,34.9115],[-79.0614,34.9351],[-79.0568,34.9499]]]},"properties":{"ZCTA5CE20":"28357","AFFGEOID20":"860Z200US28357","GEOID20":"28357","NAME20":"28357","LSAD20":"Z5","ALAND20":90754317,"AWATER20":305985}},
{"type":"Feature","geometry":{"type":"Polygon","coordinates":[[[-75.7408,35.7695],[-75.7352,35.7805],[-75.7364,35.7992],[-75.7302,35.8059],[-75.7348,35.8373],[-75.7519,35.851],[-75.7495,35.8841],[-75.7612,35.8889],[-75.7823,35.9196],[-75.7825,35.9334],[-75.8056,35.9461],[-75.8094,35.9593],[-75.8363,35.9705],[-75.8709,35.9786],[-75.9104,35.9736],[-75.9473,35.9598],[-75.9216,35.9359],[-75.9478,35.9203],[-75.9626,35.9014],[-75.9861,35.889],[-75.9805,35.8703],[-75.9881,35.8618],[-75.976,35.8385],[-75.9941,35.8125],[-75.9838,35.7874],[-75.9829,35.7726],[-75.9905,35.7421],[-76.0012,35.7253],[-75.9998,35.694],[-76.013,35.6689],[-75.9013,35.669],[-75.8905,35.6523],[-75.8889,35.6405],[-75.8688,35.6299],[-75.8718,35.6106],[-75.8552,35.5936],[-75.8528,35.5847],[-75.818,35.5947],[-75.8173,35.6071],[-75.8009,35.6086],[-75.7871,35.6221],[-75.7771,35.644],[-75.7804,35.6841],[-75.7743,35.6968],[-75.7909,35.6967],[-75.7942,35.729],[-75.7689,35.7324],[-75.7598,35.7468],[-75.76,35.7692],[-75.7408,35.7695]]]},"properties":{"ZCTA5CE20":"27953","AFFGEOID20":"860Z200US27953","GEOID20":"27953","NAME20":"27953","LSAD20":"Z5","ALAND20":679123331,"AWATER20":165688521}},
{"type":"Feature","geometry":{"type":"Polygon","coordinates":[[[-79.6642,33.7351],[-79.6765,33.717],[-79.677,33.7045],[-79.6599,33.7067],[-79.6619,33.689],[-79.6704,33.6776],[-79.6254,33.682],[-79.5869,33.6321],[-79.6209,33.6414],[-79.6308,33.6314],[-79.6185,33.619],[-79.6136,33.5888],[-79.6211,33.5843],[-79.6026,33.5844],[-79.5788,33.592],[-79.5508,33.5909],[-79.5409,33.594],[-79.5398,33.6075],[-79.5302,33.6267],[-79.5238,33.6267],[-79.4984,33.6067],[-79.4883,33.6026],[-79.4867,33.5875],[-79.46,33.5727],[-79.4514,33.5774],[-79.4425,33.596],[-79.4482,33.6094],[-79.4387,33.623],[-79.4529,33.6469],[-79.4689,33.646],[-79.4964,33.6656],[-79.5284,33.6771],[-79.5304,33.6861],[-79.5495,33.7026],[-79.5756,33.7549],[-79.5919,33.7379],[-79.6118,33.7449],[-79.6129,33.7325],[-79.6294,33.7393],[-79.6475,33.7269],[-79.6642,33.7351]]]},"properties":{"ZCTA5CE20":"29580","AFFGEOID20":"860Z200US29580","GEOID20":"29580","NAME20":"29580","LSAD20":"Z5","ALAND20":197086741,"AWATER20":374404}},
{"type":"Feature","geometry":{"type":"Polygon","coordinates":[[[-81.4051,32.745],[-81.4168,32.7288],[-81.4206,32.6998],[-81.4015,32.6798],[-81.393,32.7105],[-81.3605,32.7302],[-81.3548,32.7124],[-81.337,32.7006],[-81.3129,32.7136],[-81.3021,32.7055],[-81.2865,32.7028],[-81.2646,32.6824],[-81.2609,32.6974],[-81.2365,32.6942],[-81.2271,32.6859],[-81.2334,32.6689],[-81.2192,32.6526],[-81.213,32.6563],[-81.2143,32.6749],[-81.2041,32.6769],[-81.1903,32.6804],[-81.197,32.7074],[-81.1741,32.7117],[-81.1715,32.6943],[-81.1541,32.685],[-81.1431,32.6878],[-81.1216,32.704],[-81.0994,32.7127],[-81.121,32.7247],[-81.1188,32.745],[-81.1484,32.7494],[-81.1415,32.7639],[-81.1618,32.7716],[-81.1623,32.7874],[-81.1414,32.7864],[-81.1297,32.7985],[-81.1427,32.8086],[-81.154,32.813],[-81.1594,32.7965],[-81.1805,32.8175],[-81.189,32.8057],[-81.2048,32.8],[-81.2131,32.8054],[-81.2491,32.8071],[-81.2694,32.813],[-81.2798,32.8081],[-81.3009,32.8104],[-81.3268,32.7909],[-81.3385,32.7685],[-81.368,32.7606],[-81.394,32.7449],[-81.4051,32.745]]]},"properties":{"ZCTA5CE20":"29918","AFFGEOID20":"860Z200US29918","GEOID20":"29918","NAME20":"29918","LSAD20":"Z5","ALAND20":278960779,"AWATER20":1521081}},
{"type":"Feature","geometry":{"type":"Polygon","coordinates":[[[-82.6286,35.484],[-82.6604,35.4623],[-82.6595,35.4528],[-82.6528,35.4549],[-82.6014,35.4244],[-82.601,35.4161],[-82.6004,35.4346],[-82.5903,35.4424],[-82.5706,35.431],[-82.5561,35.4381],[-82.5483,35.4505],[-82.5338,35.4447],[-82.4901,35.4498],[-82.4768,35.4645],[-82.4876,35.4859],[-82.5077,35.4827],[-82.5153,35.4878],[-82.5578,35.4818],[-82.5681,35.4919],[-82.5831,35.4907],[-82.5922,35.5001],[-82.6034,35.4998],[-82.6286,35.484]]]},"properties":{"ZCTA5CE20":"28704","AFFGEOID20":"860Z200US28704","GEOID20":"28704","NAME20":"28704","LSAD20":"Z5","ALAND20":78035849,"AWATER20":1837917}},
{"type":"Feature","geometry":{"type":"Polygon","coordinates":[[[-76.3133,36.5506],[-76.1765,36.44],[-76.1585,36.4253],[-76.1575,36.3982],[-76.148,36.3946],[-76.1309,36.4281],[-76.1097,36.422],[-76.0779,36.4387],[-76.0563,36.4404],[-76.0371,36.4395],[-76.0208,36.4599],[-76.0209,36.4599],[-76.0331,36.4605],[-76.0353,36.4752],[-76.0483,36.492],[-76.0392,36.5],[-76.0401,36.5046],[-76.0723,36.5039],[-76.0762,36.5126],[-76.0947,36.5181],[-76.104,36.532],[-76.1316,36.5374],[-76.1475,36.5349],[-76.1517,36.5505],[-76.3133,36.5506]]]},"properties":{"ZCTA5CE20":"27958","AFFGEOID20":"860Z200US27958","GEOID20":"27958","NAME20":"27958","LSAD20":"Z5","ALAND20":206762616,"AWATER20":3997260}},
{"type":"Feature","geometry":{"type":"Polygon","coordinates":[[[-76.0563,36.4404],[-76.0779,36.4387],[-76.1097,36.422],[-76.1309,36.4281],[-76.148,36.3946],[-76.1218,36.3711],[-76.1141,36.3575],[-76.07,36.3449],[-76.0757,36.3356],[-76.0633,36.325],[-76.0635,36.3026],[-76.0682,36.2764],[-76.0584,36.2866],[-76.034,36.2939],[-75.997,36.2903],[-75.9898,36.3046],[-76.0044,36.3077],[-76.0032,36.321],[-76.016,36.3247],[-76.0218,36.3344],[-76.0229,36.3405],[-76.0293,36.3451],[-76.0374,36.355],[-76.046,36.3583],[-76.0391,36.3688],[-76.0375,36.3874],[-76.0269,36.3895],[-76.0526,36.3914],[-76.0801,36.3854],[-76.0808,36.4068],[-76.063,36.4083],[-76.0517,36.4218],[-76.0563,36.4404]]]},"properties":{"ZCTA5CE20":"27973","AFFGEOID20":"860Z200US27973","GEOID20":"27973","NAME20":"27973","LSAD20":"Z5","ALAND20":96128416,"AWATER20":156116}},
{"type":"Feature","geometry":{"type":"Polygon","coordinates":[[[-78.978,33.6546],[-78.9589,33.663],[-78.9349,33.6426],[-78.8629,33.7057],[-78.8157,33.7414],[-78.8258,33.7343],[-78.8491,33.7497],[-78.9164,33.719],[-78.9442,33.6978],[-78.9578,33.6948],[-78.978,33.6546]]]},"properties":{"ZCTA5CE20":"29577","AFFGEOID20":"860Z200US29577","GEOID20":"29577","NAME20":"29577","LSAD20":"Z5","ALAND20":59152342,"AWATER20":1137523}},
{"type":"Feature","geometry":{"type":"Polygon","coordinates":[[[-75.9544,36.3409],[-75.9723,36.3163],[-75.9711,36.3084],[-75.9649,36.2884],[-75.9484,36.2853],[-75.9517,36.2715],[-75.9625,36.2668],[-75.9233,36.2459],[-75.9162,36.2355],[-75.8967,36.2397],[-75.9073,36.2554],[-75.8921,36.2559],[-75.8669,36.2772],[-75.8692,36.2834],[-75.8877,36.2925],[-75.9041,36.286],[-75.9148,36.3101],[-75.9477,36.3347],[-75.9544,36.3409]]]},"properties":{"ZCTA5CE20":"27965","AFFGEOID20":"860Z200US27965","GEOID20":"27965","NAME20":"27965","LSAD20":"Z5","ALAND20":46752883,"AWATER20":27353661}},
{"type":"Feature","geometry":{"type":"Polygon","coordinates":[[[-76.7068,35.9232],[-76.6882,35.9189],[-76.6855,35.9027],[-76.6712,35.9029],[-76.6647,35.8757],[-76.682,35.8732],[-76.7034,35.7747],[-76.6866,35.7573],[-76.6489,35.7182],[-76.6306,35.754],[-76.6426,35.7615],[-76.6314,35.7832],[-76.6005,35.7942],[-76.5938,35.8075],[-76.5607,35.7964],[-76.545,35.8156],[-76.5677,35.8234],[-76.5617,35.8488],[-76.5978,35.8739],[-76.5769,35.8884],[-76.543,35.8944],[-76.5183,35.8843],[-76.5034,35.8727],[-76.4841,35.8684],[-76.4737,35.9162],[-76.4657,35.9265],[-76.4536,35.9205],[-76.4238,35.9203],[-76.3878,35.935],[-76.3714,35.9364],[-76.3827,35.9504],[-76.3749,35.9554],[-76.3841,35.9715],[-76.3996,35.9821],[-76.4585,35.9679],[-76.4745,35.9602],[-76.4901,35.9598],[-76.5075,35.9498],[-76.5538,35.9402],[-76.5739,35.942],[-76.6038,35.9398],[-76.6096,35.9357],[-76.6398,35.9365],[-76.6624,35.9321],[-76.693,35.9424],[-76.7068,35.9232]]]},"properties":{"ZCTA5CE20":"27970","AFFGEOID20":"860Z200US27970","GEOID20":"27970","NAME20":"27970","LSAD20":"Z5","ALAND20":308983313,"AWATER20":17924693}},
{"type":"Feature","geometry":{"type":"Polygon","coordinates":[[[-76.2693,35.6906],[-76.2979,35.609],[-76.3206,35.5763],[-76.4388,35.5554],[-76.4424,35.524],[-76.4142,35.5232],[-76.4309,35.5081],[-76.4187,35.4947],[-76.4286,35.4894],[-76.4218,35.4692],[-76.4036,35.4626],[-76.3914,35.4714],[-76.3585,35.4753],[-76.3237,35.4762],[-76.306,35.4808],[-76.3166,35.5026],[-76.3141,35.5214],[-76.2956,35.5328],[-76.2551,35.5333],[-76.2313,35.5244],[-76.1956,35.536],[-76.1707,35.5375],[-76.1411,35.5642],[-76.1246,35.5661],[-76.0791,35.5476],[-76.0687,35.5353],[-76.0492,35.5518],[-76.0655,35.5655],[-76.1142,35.5849],[-76.1287,35.5823],[-76.1275,35.691],[-76.1447,35.7025],[-76.1643,35.6959],[-76.1764,35.7037],[-76.1967,35.7273],[-76.2152,35.7268],[-76.2294,35.7328],[-76.2403,35.7179],[-76.241,35.705],[-76.2693,35.6906]]]},"properties":{"ZCTA5CE20":"27826","AFFGEOID20":"860Z200US27826","GEOID20":"27826","NAME20":"27826","LSAD20":"Z5","ALAND20":413935156,"AWATER20":5372336}},
{"type":"Feature","geometry":{"type":"Polygon","coordinates":[[[-81.547,35.7772],[-81.5545,35.775],[-81.5728,35.7804],[-81.5887,35.7694],[-81.5845,35.7498],[-81.6022,35.7455],[-81.6313,35.746],[-81.636,35.7312],[-81.6224,35.7142],[-81.6069,35.7226],[-81.5969,35.7195],[-81.5707,35.6839],[-81.5503,35.69],[-81.5376,35.7083],[-81.5452,35.7286],[-81.5263,35.7388],[-81.5278,35.7449],[-81.5329,35.7492],[-81.5488,35.7595],[-81.5439,35.7735],[-81.5339,35.7797],[-81.547,35.7772]]]},"properties":{"ZCTA5CE20":"28690","AFFGEOID20":"860Z200US28690","GEOID20":"28690","NAME20":"28690","LSAD20":"Z5","ALAND20":55798694,"AWATER20":300068}},
{"type":"Feature","geometry":{"type":"Polygon","coordinates":[[[-79.9033,34.192],[-79.9033,34.1823],[-79.9154,34.172],[-79.9096,34.1521],[-79.8873,34.1462],[-79.8775,34.1493],[-79.8487,34.1402],[-79.8328,34.1497],[-79.8166,34.1592],[-79.8049,34.1549],[-79.7954,34.17],[-79.7619,34.1763],[-79.7688,34.2085],[-79.7245,34.2759],[-79.7376,34.2796],[-79.7465,34.2621],[-79.7582,34.2535],[-79.7866,34.2707],[-79.7853,34.2494],[-79.7979,34.2547],[-79.8209,34.2552],[-79.8341,34.2475],[-79.8692,34.2508],[-79.8794,34.2336],[-79.8798,34.2068],[-79.9033,34.192]]]},"properties":{"ZCTA5CE20":"29501","AFFGEOID20":"860Z200US29501","GEOID20":"29501","NAME20":"29501","LSAD20":"Z5","ALAND20":135683026,"AWATER20":1282115}},
{"type":"Feature","geometry":{"type":"Polygon","coordinates":[[[-82.9568,35.2167],[-82.9248,35.2106],[-82.8908,35.213],[-82.8714,35.2153],[-82.8589,35.2063],[-82.8481,35.1841],[-82.8335,35.177],[-82.8367,35.1968],[-82.8325,35.2193],[-82.844,35.243],[-82.8387,35.2613],[-82.8412,35.2771],[-82.823,35.2824],[-82.7888,35.2858],[-82.7674,35.2974],[-82.7826,35.3066],[-82.7918,35.3193],[-82.7907,35.3319],[-82.7787,35.3576],[-82.7908,35.3734],[-82.8051,35.348],[-82.8149,35.3437],[-82.832,35.3183],[-82.8764,35.3146],[-82.8995,35.3055],[-82.9209,35.292],[-82.9192,35.2708],[-82.9272,35.2373],[-82.9354,35.2251],[-82.9568,35.2167]]]},"properties":{"ZCTA5CE20":"28708","AFFGEOID20":"860Z200US28708","GEOID20":"28708","NAME20":"28708","LSAD20":"Z5","ALAND20":125370332,"AWATER20":0}},
{"type":"Feature","geometry":{"type":"Polygon","coordinates":[[[-82.4634,35.8097],[-82.4758,35.7983],[-82.4733,35.7828],[-82.4809,35.7711],[-82.4682,35.7575],[-82.4794,35.7368],[-82.43,35.7201],[-82.4118,35.7036],[-82.3987,35.6982],[-82.3837,35.6872],[-82.379,35.7007],[-82.365,35.71],[-82.3351,35.7494],[-82.3377,35.7682],[-82.3462,35.7862],[-82.3383,35.7961],[-82.3492,35.8119],[-82.3621,35.8213],[-82.3816,35.8241],[-82.4086,35.8182],[-82.4345,35.8092],[-82.4634,35.8097]]]},"properties":{"ZCTA5CE20":"28709","AFFGEOID20":"860Z200US28709","GEOID20":"28709","NAME20":"28709","LSAD20":"Z5","ALAND20":133486780,"AWATER20":3489}},
{"type":"Feature","geometry":{"type":"Polygon","coordinates":[[[-81.6005,36.5035],[-81.5981,36.4844],[-81.6056,36.4704],[-81.6028,36.4587],[-81.5882,36.4468],[-81.6006,36.4395],[-81.5864,36.424],[-81.5654,36.4318],[-81.5372,36.4483],[-81.5304,36.4448],[-81.5007,36.4497],[-81.4927,36.4588],[-81.4989,36.4769],[-81.5258,36.4918],[-81.5367,36.4872],[-81.5527,36.4901],[-81.5799,36.5034],[-81.6005,36.5035]]]},"properties":{"ZCTA5CE20":"28693","AFFGEOID20":"860Z200US28693","GEOID20":"28693","NAME20":"28693","LSAD20":"Z5","ALAND20":57405327,"AWATER20":477618}},
{"type":"Feature","geometry":{"type":"Polygon","coordinates":[[[-77.7193,35.7312],[-77.7444,35.7064],[-77.7286,35.7048],[-77.7275,35.6933],[-77.7178,35.6918],[-77.7132,35.7074],[-77.6919,35.6892],[-77.7116,35.6688],[-77.6881,35.6609],[-77.6776,35.6489],[-77.6744,35.6646],[-77.6488,35.6722],[-77.6343,35.6634],[-77.6048,35.6737],[-77.6014,35.6625],[-77.5872,35.6471],[-77.5614,35.6459],[-77.5521,35.6394],[-77.5469,35.6661],[-77.5117,35.6943],[-77.5154,35.7032],[-77.5072,35.6985],[-77.508,35.6963],[-77.4899,35.6961],[-77.498,35.7139],[-77.5012,35.7164],[-77.5162,35.7154],[-77.525,35.7202],[-77.5372,35.719],[-77.5404,35.7262],[-77.5725,35.7302],[-77.5919,35.7229],[-77.6121,35.7313],[-77.6109,35.7178],[-77.6229,35.7119],[-77.6525,35.7089],[-77.6639,35.7217],[-77.6915,35.7249],[-77.7021,35.714],[-77.7193,35.7312]]]},"properties":{"ZCTA5CE20":"27829","AFFGEOID20":"860Z200US27829","GEOID20":"27829","NAME20":"27829","LSAD20":"Z5","ALAND20":119756770,"AWATER20":211908}},
{"type":"Feature","geometry":{"type":"Polygon","coordinates":[[[-78.0483,35.5923],[-78.0513,35.5502],[-78.0552,35.5362],[-78.0684,35.5295],[-78.0653,35.5169],[-78.0432,35.5242],[-78.0173,35.5284],[-77.9944,35.5156],[-77.9654,35.5088],[-77.9183,35.5126],[-77.8995,35.5163],[-77.8899,35.5342],[-77.8798,35.5208],[-77.8596,35.5134],[-77.8529,35.5019],[-77.8435,35.5165],[-77.854,35.5286],[-77.8701,35.5367],[-77.8715,35.545],[-77.8574,35.5592],[-77.857,35.5832],[-77.8769,35.5931],[-77.8957,35.6069],[-77.9131,35.6041],[-77.9354,35.5986],[-77.9522,35.6092],[-77.9734,35.5857],[-77.9984,35.5856],[-78.0483,35.5923]]]},"properties":{"ZCTA5CE20":"27830","AFFGEOID20":"860Z200US27830","GEOID20":"27830","NAME20":"27830","LSAD20":"Z5","ALAND20":151097957,"AWATER20":181744}},
{"type":"Feature","geometry":{"type":"Polygon","coordinates":[[[-80.5622,36.2825],[-80.589,36.2718],[-80.5882,36.2595],[-80.6128,36.2614],[-80.6135,36.2453],[-80.6204,36.2295],[-80.5967,36.2235],[-80.6013,36.2053],[-80.5951,36.1895],[-80.5951,36.1569],[-80.5793,36.1581],[-80.562,36.138],[-80.5437,36.1343],[-80.5414,36.1274],[-80.5207,36.1199],[-80.5079,36.1217],[-80.5081,36.1036],[-80.488,36.1161],[-80.463,36.1179],[-80.454,36.1225],[-80.4395,36.141],[-80.4425,36.1572],[-80.4369,36.1685],[-80.4432,36.1838],[-80.4464,36.2065],[-80.4323,36.2162],[-80.4374,36.2298],[-80.4527,36.2417],[-80.4667,36.2598],[-80.483,36.256],[-80.5014,36.2589],[-80.5318,36.258],[-80.537,36.28],[-80.548,36.2854],[-80.5622,36.2825]]]},"properties":{"ZCTA5CE20":"27018","AFFGEOID20":"860Z200US27018","GEOID20":"27018","NAME20":"27018","LSAD20":"Z5","ALAND20":213081491,"AWATER20":2433589}},
{"type":"Feature","geometry":{"type":"Polygon","coordinates":[[[-79.8424,36.125],[-79.8494,36.1133],[-79.8383,36.104],[-79.8352,36.0845],[-79.8237,36.0872],[-79.8077,36.0795],[-79.7887,36.0931],[-79.7901,36.1081],[-79.7827,36.115],[-79.8018,36.1262],[-79.835,36.1164],[-79.8424,36.125]]]},"properties":{"ZCTA5CE20":"27408","AFFGEOID20":"860Z200US27408","GEOID20":"27408","NAME20":"27408","LSAD20":"Z5","ALAND20":19911251,"AWATER20":345643}},
{"type":"Feature","geometry":{"type":"Polygon","coordinates":[[[-79.9721,36.1312],[-79.9738,36.118],[-79.9868,36.1105],[-79.9908,36.0943],[-79.9742,36.0844],[-79.9714,36.0741],[-79.9554,36.0656],[-79.9377,36.0604],[-79.9525,36.0453],[-79.9452,36.0378],[-79.9334,36.0469],[-79.9156,36.0503],[-79.9057,36.0457],[-79.9076,36.0626],[-79.8912,36.0566],[-79.8779,36.0599],[-79.8773,36.0702],[-79.8786,36.0751],[-79.9313,36.081],[-79.9535,36.0947],[-79.9511,36.1039],[-79.9346,36.1108],[-79.9273,36.1221],[-79.9523,36.1301],[-79.9401,36.1594],[-79.953,36.1728],[-79.9639,36.1603],[-79.9599,36.1415],[-79.9721,36.1312]]]},"properties":{"ZCTA5CE20":"27409","AFFGEOID20":"860Z200US27409","GEOID20":"27409","NAME20":"27409","LSAD20":"Z5","ALAND20":51569561,"AWATER20":156610}},
{"type":"Feature","geometry":{"type":"Polygon","coordinates":[[[-80.9017,36.5617],[-80.927,36.5011],[-80.875,36.4686],[-80.8569,36.4742],[-80.8256,36.4824],[-80.8374,36.491],[-80.8365,36.5063],[-80.8018,36.4898],[-80.7843,36.4914],[-80.7807,36.5102],[-80.7865,36.5377],[-80.7504,36.5328],[-80.7433,36.5507],[-80.7291,36.5471],[-80.7244,36.5623],[-80.8158,36.5602],[-80.8376,36.5591],[-80.9017,36.5617]]]},"properties":{"ZCTA5CE20":"27024","AFFGEOID20":"860Z200US27024","GEOID20":"27024","NAME20":"27024","LSAD20":"Z5","ALAND20":112984803,"AWATER20":460044}},
{"type":"Feature","geometry":{"type":"Polygon","coordinates":[[[-80.7289,33.4003],[-80.724,33.3867],[-80.7385,33.3768],[-80.7394,33.3596],[-80.7251,33.3486],[-80.7217,33.3211],[-80.7123,33.3008],[-80.7185,33.2916],[-80.6978,33.2652],[-80.6931,33.2447],[-80.677,33.2416],[-80.6549,33.2533],[-80.6365,33.2632],[-80.6445,33.2757],[-80.6129,33.2759],[-80.5785,33.2934],[-80.5679,33.2805],[-80.5591,33.2917],[-80.5461,33.2878],[-80.5366,33.3063],[-80.5431,33.313],[-80.5028,33.3345],[-80.5079,33.3427],[-80.5262,33.3414],[-80.5504,33.3492],[-80.5721,33.3755],[-80.5867,33.3834],[-80.608,33.3996],[-80.6256,33.4367],[-80.6404,33.4513],[-80.6758,33.4488],[-80.6811,33.4436],[-80.6843,33.43],[-80.724,33.4185],[-80.7173,33.4096],[-80.7289,33.4003]]]},"properties":{"ZCTA5CE20":"29018","AFFGEOID20":"860Z200US29018","GEOID20":"29018","NAME20":"29018","LSAD20":"Z5","ALAND20":274817595,"AWATER20":908040}},
{"type":"Feature","geometry":{"type":"Polygon","coordinates":[[[-80.8691,34.1829],[-80.8978,34.1944],[-80.9004,34.1793],[-80.9244,34.1632],[-80.9408,34.1617],[-80.9502,34.149],[-80.9446,34.1308],[-80.9291,34.1305],[-80.9136,34.1399],[-80.8981,34.1329],[-80.8874,34.139],[-80.8749,34.1234],[-80.8792,34.1099],[-80.8608,34.1067],[-80.86,34.0936],[-80.8743,34.0825],[-80.8264,34.1015],[-80.8481,34.1067],[-80.8726,34.134],[-80.8648,34.1368],[-80.8634,34.1537],[-80.8566,34.163],[-80.8705,34.169],[-80.8691,34.1829]]]},"properties":{"ZCTA5CE20":"29229","AFFGEOID20":"860Z200US29229","GEOID20":"29229","NAME20":"29229","LSAD20":"Z5","ALAND20":47297090,"AWATER20":230278}},
{"type":"Feature","geometry":{"type":"Polygon","coordinates":[[[-80.1232,36.2154],[-80.1176,36.1849],[-80.1229,36.178],[-80.0771,36.2026],[-80.0562,36.2185],[-80.036,36.2287],[-80.0351,36.2595],[-80.0725,36.2726],[-80.0858,36.2578],[-80.1059,36.258],[-80.1044,36.2426],[-80.1232,36.2154]]]},"properties":{"ZCTA5CE20":"27009","AFFGEOID20":"860Z200US27009","GEOID20":"27009","NAME20":"27009","LSAD20":"Z5","ALAND20":42748433,"AWATER20":1863810}},
{"type":"Feature","geometry":{"type":"Polygon","coordinates":[[[-80.3652,36.0736],[-80.3986,36.0789],[-80.4197,36.0743],[-80.4263,36.065],[-80.4439,36.0596],[-80.4638,36.0626],[-80.4419,36.0306],[-80.4185,36.0164],[-80.4135,36.001],[-80.4196,35.9857],[-80.378,35.9622],[-80.3756,35.9414],[-80.3691,35.9304],[-80.339,35.9364],[-80.3125,35.9454],[-80.2857,35.9642],[-80.2791,35.9809],[-80.2909,35.9876],[-80.3214,35.9881],[-80.3362,35.9944],[-80.3545,36.0163],[-80.3761,36.0293],[-80.387,36.0415],[-80.367,36.0627],[-80.3652,36.0736]]]},"properties":{"ZCTA5CE20":"27012","AFFGEOID20":"860Z200US27012","GEOID20":"27012","NAME20":"27012","LSAD20":"Z5","ALAND20":108782778,"AWATER20":1682204}},
{"type":"Feature","geometry":{"type":"Polygon","coordinates":[[[-80.4872,36.0432],[-80.4952,36.0338],[-80.4979,36.0065],[-80.5114,35.9895],[-80.5122,35.9699],[-80.4935,35.9849],[-80.4765,35.9795],[-80.4724,35.9678],[-80.4582,35.9669],[-80.4627,35.9464],[-80.4641,35.919],[-80.4776,35.9093],[-80.4561,35.8974],[-80.4447,35.8716],[-80.4626,35.8531],[-80.47,35.8372],[-80.4584,35.8264],[-80.4453,35.8365],[-80.4287,35.8308],[-80.4207,35.8527],[-80.3945,35.8414],[-80.3858,35.8536],[-80.3897,35.8676],[-80.4165,35.8805],[-80.4107,35.8901],[-80.3899,35.8919],[-80.378,35.8852],[-80.3652,35.8934],[-80.3749,35.9113],[-80.3691,35.9304],[-80.3756,35.9414],[-80.378,35.9622],[-80.4196,35.9857],[-80.4135,36.001],[-80.4185,36.0164],[-80.4419,36.0306],[-80.4638,36.0626],[-80.4872,36.0432]]]},"properties":{"ZCTA5CE20":"27006","AFFGEOID20":"860Z200US27006","GEOID20":"27006","NAME20":"27006","LSAD20":"Z5","ALAND20":162575548,"AWATER20":2654325}},
{"type":"Feature","geometry":{"type":"Polygon","coordinates":[[[-80.6426,36.3713],[-80.639,36.3611],[-80.6068,36.3438],[-80.6058,36.335],[-80.5874,36.3541],[-80.5637,36.3636],[-80.5384,36.3717],[-80.5439,36.3835],[-80.5607,36.4021],[-80.5591,36.4195],[-80.5709,36.4284],[-80.6023,36.44],[-80.6187,36.434],[-80.6124,36.4248],[-80.6138,36.4093],[-80.6245,36.398],[-80.6211,36.3818],[-80.6426,36.3713]]]},"properties":{"ZCTA5CE20":"27007","AFFGEOID20":"860Z200US27007","GEOID20":"27007","NAME20":"27007","LSAD20":"Z5","ALAND20":53322869,"AWATER20":294035}},
{"type":"Feature","geometry":{"type":"Polygon","coordinates":[[[-81.1285,34.0255],[-81.1433,34.0079],[-81.1271,33.9992],[-81.1068,33.9789],[-81.0933,33.9561],[-81.071,33.9836],[-81.0477,33.9905],[-81.0597,34.0053],[-81.093,34.0146],[-81.0994,34.0231],[-81.1283,34.0257],[-81.1285,34.0255]]]},"properties":{"ZCTA5CE20":"29169","AFFGEOID20":"860Z200US29169","GEOID20":"29169","NAME20":"29169","LSAD20":"Z5","ALAND20":30093758,"AWATER20":908247}},
{"type":"Feature","geometry":{"type":"Polygon","coordinates":[[[-80.9619,33.4326],[-80.9545,33.4098],[-80.947,33.4008],[-80.9295,33.4099],[-80.9189,33.4014],[-80.9238,33.3918],[-80.9201,33.3765],[-80.9003,33.3784],[-80.8959,33.3622],[-80.8856,33.3597],[-80.8778,33.3884],[-80.8615,33.4136],[-80.8602,33.4411],[-80.873,33.454],[-80.8895,33.4624],[-80.9071,33.4553],[-80.9273,33.4534],[-80.9533,33.4447],[-80.9619,33.4326]]]},"properties":{"ZCTA5CE20":"29039","AFFGEOID20":"860Z200US29039","GEOID20":"29039","NAME20":"29039","LSAD20":"Z5","ALAND20":62198435,"AWATER20":502378}},
{"type":"Feature","geometry":{"type":"Polygon","coordinates":[[[-81.857,35.0868],[-81.8671,35.0859],[-81.8647,35.0786],[-81.857,35.0868]]]},"properties":{"ZCTA5CE20":"29368","AFFGEOID20":"860Z200US29368","GEOID20":"29368","NAME20":"29368","LSAD20":"Z5","ALAND20":765514,"AWATER20":0}},
{"type":"Feature","geometry":{"type":"Polygon","coordinates":[[[-80.4157,36.302],[-80.4306,36.2885],[-80.4295,36.2785],[-80.4419,36.2682],[-80.4527,36.2417],[-80.4374,36.2298],[-80.4323,36.2162],[-80.4464,36.2065],[-80.4432,36.1838],[-80.4115,36.2057],[-80.3968,36.2071],[-80.38,36.1958],[-80.3524,36.211],[-80.3567,36.2257],[-80.3434,36.2298],[-80.3427,36.2606],[-80.4057,36.2612],[-80.4114,36.271],[-80.4058,36.2808],[-80.4157,36.302]]]},"properties":{"ZCTA5CE20":"27050","AFFGEOID20":"860Z200US27050","GEOID20":"27050","NAME20":"27050","LSAD20":"Z5","ALAND20":64768764,"AWATER20":652687}},
{"type":"Feature","geometry":{"type":"Polygon","coordinates":[[[-80.199,36.2035],[-80.205,36.1752],[-80.1701,36.1562],[-80.1754,36.1415],[-80.1513,36.146],[-80.1413,36.1593],[-80.1229,36.178],[-80.1176,36.1849],[-80.1232,36.2154],[-80.1395,36.209],[-80.1477,36.2209],[-80.1692,36.2241],[-80.1829,36.2193],[-80.199,36.2035]]]},"properties":{"ZCTA5CE20":"27051","AFFGEOID20":"860Z200US27051","GEOID20":"27051","NAME20":"27051","LSAD20":"Z5","ALAND20":47433813,"AWATER20":97440}},
{"type":"Feature","geometry":{"type":"Polygon","coordinates":[[[-78.46,35.7057],[-78.4442,35.6968],[-78.4369,35.6759],[-78.4248,35.6641],[-78.4228,35.6445],[-78.4349,35.6325],[-78.369,35.5916],[-78.3561,35.5837],[-78.3279,35.5905],[-78.3372,35.6071],[-78.314,35.6305],[-78.3257,35.6401],[-78.3305,35.6581],[-78.3388,35.6645],[-78.3387,35.6859],[-78.3416,35.6905],[-78.3538,35.683],[-78.3734,35.6964],[-78.3712,35.723],[-78.3935,35.7294],[-78.4225,35.7192],[-78.4319,35.7206],[-78.46,35.7057]]]},"properties":{"ZCTA5CE20":"27527","AFFGEOID20":"860Z200US27527","GEOID20":"27527","NAME20":"27527","LSAD20":"Z5","ALAND20":114186967,"AWATER20":941109}},
{"type":"Feature","geometry":{"type":"Polygon","coordinates":[[[-81.2498,34.2007],[-81.2966,34.1865],[-81.3025,34.194],[-81.3278,34.1967],[-81.3354,34.2094],[-81.3492,34.2115],[-81.3741,34.2023],[-81.3827,34.1943],[-81.3771,34.1645],[-81.4135,34.154],[-81.421,34.141],[-81.4358,34.1294],[-81.4083,34.0983],[-81.3882,34.0793],[-81.3941,34.0715],[-81.37,34.0654],[-81.3499,34.0683],[-81.314,34.063],[-81.2806,34.084],[-81.269,34.0997],[-81.2562,34.1211],[-81.2657,34.1387],[-81.2688,34.1368],[-81.2723,34.1413],[-81.2686,34.1434],[-81.2638,34.142],[-81.2476,34.141],[-81.2577,34.1623],[-81.2701,34.1661],[-81.2557,34.1817],[-81.2498,34.2007]]]},"properties":{"ZCTA5CE20":"29036","AFFGEOID20":"860Z200US29036","GEOID20":"29036","NAME20":"29036","LSAD20":"Z5","ALAND20":142794188,"AWATER20":43130473}},
{"type":"Feature","geometry":{"type":"Polygon","coordinates":[[[-81.9372,34.953],[-81.9541,34.9304],[-81.9672,34.9285],[-81.969,34.9171],[-81.9509,34.9137],[-81.9346,34.901],[-81.9455,34.8792],[-81.9483,34.8647],[-81.9328,34.862],[-81.9429,34.8497],[-81.9048,34.8414],[-81.8859,34.845],[-81.8827,34.8757],[-81.8869,34.8944],[-81.9089,34.8891],[-81.9089,34.9025],[-81.8857,34.9174],[-81.9123,34.9274],[-81.9157,34.9458],[-81.9341,34.9555],[-81.9372,34.953]]]},"properties":{"ZCTA5CE20":"29306","AFFGEOID20":"860Z200US29306","GEOID20":"29306","NAME20":"29306","LSAD20":"Z5","ALAND20":50548288,"AWATER20":753461}},
{"type":"Feature","geometry":{"type":"Polygon","coordinates":[[[-78.8214,35.7436],[-78.8512,35.7497],[-78.9048,35.7456],[-78.912,35.7374],[-78.9312,35.7289],[-78.9361,35.7399],[-78.9516,35.7409],[-78.9889,35.7355],[-79.0074,35.7377],[-79.0102,35.7148],[-79.0193,35.6993],[-78.9996,35.7123],[-78.9704,35.7102],[-78.9559,35.7161],[-78.9495,35.7037],[-78.9163,35.6979],[-78.9004,35.6828],[-78.8439,35.711],[-78.8295,35.7218],[-78.8136,35.7262],[-78.8214,35.7436]]]},"properties":{"ZCTA5CE20":"27502","AFFGEOID20":"860Z200US27502","GEOID20":"27502","NAME20":"27502","LSAD20":"Z5","ALAND20":73370980,"AWATER20":278607}},
{"type":"Feature","geometry":{"type":"Polygon","coordinates":[[[-78.9653,36.1555],[-78.9518,36.1546],[-78.9399,36.141],[-78.9194,36.1417],[-78.9047,36.1333],[-78.8948,36.1105],[-78.8781,36.1113],[-78.8755,36.1257],[-78.8624,36.1324],[-78.8389,36.1236],[-78.8206,36.1287],[-78.8162,36.1113],[-78.8242,36.0924],[-78.8049,36.092],[-78.8031,36.179],[-78.8204,36.1849],[-78.8282,36.1936],[-78.8497,36.1815],[-78.8685,36.2086],[-78.8841,36.2002],[-78.9041,36.1984],[-78.9028,36.1887],[-78.943,36.1899],[-78.9576,36.1998],[-78.9653,36.1555]]]},"properties":{"ZCTA5CE20":"27503","AFFGEOID20":"860Z200US27503","GEOID20":"27503","NAME20":"27503","LSAD20":"Z5","ALAND20":97791919,"AWATER20":4559904}},
{"type":"Feature","geometry":{"type":"Polygon","coordinates":[[[-78.6854,36.542],[-78.6734,36.5287],[-78.6712,36.5077],[-78.6607,36.5073],[-78.6559,36.473],[-78.6247,36.4774],[-78.5936,36.4727],[-78.5794,36.482],[-78.5448,36.4913],[-78.5551,36.4746],[-78.5255,36.4709],[-78.5061,36.4958],[-78.4802,36.4795],[-78.4663,36.476],[-78.4663,36.481],[-78.4616,36.5129],[-78.4504,36.5154],[-78.4232,36.4944],[-78.4127,36.4997],[-78.4107,36.528],[-78.4365,36.5427],[-78.51,36.5411],[-78.5961,36.5411],[-78.6373,36.5416],[-78.6854,36.542]]]},"properties":{"ZCTA5CE20":"27507","AFFGEOID20":"860Z200US27507","GEOID20":"27507","NAME20":"27507","LSAD20":"Z5","ALAND20":140121063,"AWATER20":2277881}},
{"type":"Feature","geometry":{"type":"Polygon","coordinates":[[[-78.8049,36.092],[-78.7928,36.0774],[-78.7698,36.0937],[-78.765,36.0828],[-78.7287,36.1502],[-78.7437,36.1568],[-78.7744,36.1578],[-78.8031,36.179],[-78.8049,36.092]]]},"properties":{"ZCTA5CE20":"27509","AFFGEOID20":"860Z200US27509","GEOID20":"27509","NAME20":"27509","LSAD20":"Z5","ALAND20":37972055,"AWATER20":1942794}},
{"type":"Feature","geometry":{"type":"Polygon","coordinates":[[[-80.4432,36.1838],[-80.4369,36.1685],[-80.4425,36.1572],[-80.4395,36.141],[-80.4311,36.1215],[-80.4114,36.1243],[-80.3964,36.1209],[-80.3871,36.1082],[-80.3854,36.1256],[-80.3897,36.1423],[-80.3576,36.1435],[-80.3476,36.1669],[-80.3144,36.2029],[-80.317,36.2075],[-80.3524,36.211],[-80.38,36.1958],[-80.3968,36.2071],[-80.4115,36.2057],[-80.4432,36.1838]]]},"properties":{"ZCTA5CE20":"27040","AFFGEOID20":"860Z200US27040","GEOID20":"27040","NAME20":"27040","LSAD20":"Z5","ALAND20":68348504,"AWATER20":855730}},
{"type":"Feature","geometry":{"type":"MultiPolygon","coordinates":[[[[-79.9401,36.1594],[-79.9523,36.1301],[-79.9273,36.1221],[-79.9346,36.1108],[-79.9511,36.1039],[-79.9535,36.0947],[-79.9313,36.081],[-79.8786,36.0751],[-79.8773,36.0702],[-79.8478,36.0727],[-79.8352,36.0845],[-79.8383,36.104],[-79.8494,36.1133],[-79.8424,36.125],[-79.8562,36.1461],[-79.8401,36.1763],[-79.8773,36.1724],[-79.9129,36.1444],[-79.9236,36.1507],[-79.923,36.1653],[-79.9401,36.1594]]],[[[-79.9554,36.0656],[-79.9525,36.0453],[-79.9377,36.0604],[-79.9554,36.0656]]]]},"properties":{"ZCTA5CE20":"27410","AFFGEOID20":"860Z200US27410","GEOID20":"27410","NAME20":"27410","LSAD20":"Z5","ALAND20":82537032,"AWATER20":3133265}},
{"type":"Feature","geometry":{"type":"Polygon","coordinates":[[[-79.6065,35.5919],[-79.605,35.5749],[-79.5861,35.5466],[-79.5887,35.5371],[-79.5816,35.5241],[-79.5676,35.5228],[-79.5393,35.5046],[-79.526,35.4955],[-79.5165,35.4979],[-79.4707,35.5163],[-79.4791,35.5281],[-79.4958,35.5281],[-79.4974,35.5457],[-79.4925,35.564],[-79.4755,35.5787],[-79.4884,35.5879],[-79.5208,35.5707],[-79.5384,35.5913],[-79.5107,35.5897],[-79.5234,35.6056],[-79.5338,35.6088],[-79.532,35.625],[-79.5431,35.6324],[-79.5737,35.6416],[-79.5825,35.6331],[-79.5702,35.6143],[-79.5733,35.6075],[-79.6065,35.5919]]]},"properties":{"ZCTA5CE20":"27208","AFFGEOID20":"860Z200US27208","GEOID20":"27208","NAME20":"27208","LSAD20":"Z5","ALAND20":105925491,"AWATER20":177736}},
{"type":"Feature","geometry":{"type":"Polygon","coordinates":[[[-81.9048,34.8414],[-81.9121,34.827],[-81.9034,34.8121],[-81.9165,34.8021],[-81.901,34.7685],[-81.9234,34.7512],[-81.9101,34.7425],[-81.8951,34.7345],[-81.8828,34.7459],[-81.8484,34.7489],[-81.8375,34.7269],[-81.8182,34.7268],[-81.8143,34.7119],[-81.8041,34.7304],[-81.7851,34.7409],[-81.7938,34.7547],[-81.7796,34.7735],[-81.7864,34.7913],[-81.7814,34.8012],[-81.7908,34.8109],[-81.8138,34.8092],[-81.8152,34.8233],[-81.7987,34.8394],[-81.8017,34.8443],[-81.8294,34.8327],[-81.8269,34.8516],[-81.8646,34.8428],[-81.8859,34.845],[-81.9048,34.8414]]]},"properties":{"ZCTA5CE20":"29374","AFFGEOID20":"860Z200US29374","GEOID20":"29374","NAME20":"29374","LSAD20":"Z5","ALAND20":126232154,"AWATER20":685223}},
{"type":"Feature","geometry":{"type":"Polygon","coordinates":[[[-77.9703,35.3627],[-77.9833,35.3427],[-77.9944,35.3379],[-77.9706,35.3216],[-77.9698,35.333],[-77.9351,35.3434],[-77.9703,35.3627]]]},"properties":{"ZCTA5CE20":"27531","AFFGEOID20":"860Z200US27531","GEOID20":"27531","NAME20":"27531","LSAD20":"Z5","ALAND20":9004764,"AWATER20":0}},
{"type":"Feature","geometry":{"type":"Polygon","coordinates":[[[-81.314,34.063],[-81.343,34.0458],[-81.3637,34.0188],[-81.3772,34.0222],[-81.3861,34.0131],[-81.3693,34.0026],[-81.359,33.9777],[-81.3416,33.985],[-81.3424,33.9554],[-81.3343,33.9437],[-81.3524,33.9364],[-81.3557,33.9249],[-81.3382,33.9051],[-81.3258,33.9114],[-81.2938,33.9248],[-81.2366,33.9561],[-81.1987,33.9701],[-81.1915,33.9861],[-81.1711,34.0017],[-81.1417,34.0144],[-81.1285,34.0255],[-81.1283,34.0257],[-81.1469,34.0323],[-81.174,34.0481],[-81.1873,34.0452],[-81.2168,34.0534],[-81.2421,34.0524],[-81.314,34.063]]]},"properties":{"ZCTA5CE20":"29072","AFFGEOID20":"860Z200US29072","GEOID20":"29072","NAME20":"29072","LSAD20":"Z5","ALAND20":176212136,"AWATER20":38045279}},
{"type":"Feature","geometry":{"type":"Polygon","coordinates":[[[-79.8277,35.7631],[-79.824,35.7278],[-79.8317,35.7043],[-79.8301,35.6859],[-79.8103,35.6888],[-79.7754,35.6986],[-79.7733,35.7109],[-79.7483,35.7243],[-79.7136,35.7242],[-79.7099,35.739],[-79.7318,35.7511],[-79.7498,35.7391],[-79.7983,35.7612],[-79.7995,35.7745],[-79.8108,35.7866],[-79.8293,35.7847],[-79.8277,35.7631]]]},"properties":{"ZCTA5CE20":"27203","AFFGEOID20":"860Z200US27203","GEOID20":"27203","NAME20":"27203","LSAD20":"Z5","ALAND20":58243954,"AWATER20":127782}},
{"type":"Feature","geometry":{"type":"Polygon","coordinates":[[[-80.1513,34.2632],[-80.1583,34.2157],[-80.1748,34.2041],[-80.1659,34.19],[-80.1939,34.1877],[-80.1677,34.1669],[-80.1538,34.1584],[-80.1491,34.1469],[-80.1304,34.1259],[-80.1063,34.1133],[-80.0842,34.0911],[-80.0699,34.0862],[-80.0335,34.1093],[-80.0286,34.1151],[-80.0534,34.1445],[-80.025,34.1536],[-80.0125,34.1644],[-80.033,34.1867],[-80.0338,34.2008],[-80.0236,34.2081],[-80.0402,34.2165],[-80.0461,34.2403],[-80.0735,34.2517],[-80.0857,34.279],[-80.0765,34.2887],[-80.0859,34.2999],[-80.11,34.287],[-80.111,34.2862],[-80.1233,34.2745],[-80.1513,34.2632]]]},"properties":{"ZCTA5CE20":"29069","AFFGEOID20":"860Z200US29069","GEOID20":"29069","NAME20":"29069","LSAD20":"Z5","ALAND20":203308047,"AWATER20":488801}},
{"type":"Feature","geometry":{"type":"Polygon","coordinates":[[[-80.2313,36.0848],[-80.2284,36.0714],[-80.2395,36.0409],[-80.2355,36.0144],[-80.2386,35.9935],[-80.2311,35.9745],[-80.2327,35.9576],[-80.2135,35.953],[-80.1915,35.9353],[-80.1918,35.9221],[-80.1795,35.8947],[-80.1472,35.9363],[-80.1456,35.9456],[-80.1321,35.9509],[-80.1364,35.9808],[-80.1205,35.9838],[-80.1195,36.0047],[-80.1252,36.0265],[-80.1226,36.0531],[-80.1142,36.0572],[-80.1094,36.0752],[-80.1344,36.0804],[-80.1371,36.0897],[-80.1536,36.0891],[-80.1646,36.1041],[-80.2149,36.0912],[-80.2214,36.0916],[-80.2288,36.0862],[-80.2313,36.0848]]]},"properties":{"ZCTA5CE20":"27107","AFFGEOID20":"860Z200US27107","GEOID20":"27107","NAME20":"27107","LSAD20":"Z5","ALAND20":171416873,"AWATER20":1876332}},
{"type":"Feature","geometry":{"type":"Polygon","coordinates":[[[-80.0503,32.8475],[-80.0406,32.8478],[-80.025,32.8351],[-80.013,32.8267],[-79.9936,32.8363],[-79.9686,32.8306],[-79.9664,32.8128],[-79.9639,32.8269],[-79.9405,32.8249],[-79.9157,32.8031],[-79.9113,32.8193],[-79.9304,32.8264],[-79.9316,32.8497],[-79.9552,32.8588],[-79.9646,32.8816],[-79.9627,32.891],[-79.9964,32.8943],[-80.007,32.8909],[-80.0086,32.8774],[-79.9987,32.8654],[-80.0503,32.8475]]]},"properties":{"ZCTA5CE20":"29405","AFFGEOID20":"860Z200US29405","GEOID20":"29405","NAME20":"29405","LSAD20":"Z5","ALAND20":38021934,"AWATER20":10040689}},
{"type":"Feature","geometry":{"type":"Polygon","coordinates":[[[-80.7943,33.8705],[-80.7838,33.8468],[-80.7868,33.8258],[-80.7977,33.8148],[-80.8241,33.8101],[-80.8339,33.8228],[-80.846,33.812],[-80.8677,33.8101],[-80.8658,33.8027],[-80.8375,33.7939],[-80.8348,33.7874],[-80.8226,33.7846],[-80.7934,33.7695],[-80.7718,33.7719],[-80.7562,33.7648],[-80.748,33.7758],[-80.728,33.7618],[-80.7137,33.7703],[-80.7054,33.7598],[-80.6866,33.756],[-80.6591,33.773],[-80.6564,33.7614],[-80.6451,33.753],[-80.6349,33.7895],[-80.6712,33.8241],[-80.6848,33.8236],[-80.6897,33.8328],[-80.6835,33.844],[-80.687,33.8606],[-80.7656,33.8724],[-80.7704,33.883],[-80.7943,33.8705]]]},"properties":{"ZCTA5CE20":"29052","AFFGEOID20":"860Z200US29052","GEOID20":"29052","NAME20":"29052","LSAD20":"Z5","ALAND20":154886194,"AWATER20":2514302}},
{"type":"Feature","geometry":{"type":"Polygon","coordinates":[[[-78.8482,35.8116],[-78.844,35.7628],[-78.8284,35.7601],[-78.8078,35.7675],[-78.7933,35.7869],[-78.7638,35.7923],[-78.7593,35.8016],[-78.7623,35.8415],[-78.7776,35.844],[-78.7858,35.8554],[-78.7839,35.838],[-78.8071,35.8335],[-78.8157,35.8255],[-78.807,35.8111],[-78.8223,35.7977],[-78.8293,35.8096],[-78.8482,35.8116]]]},"properties":{"ZCTA5CE20":"27513","AFFGEOID20":"860Z200US27513","GEOID20":"27513","NAME20":"27513","LSAD20":"Z5","ALAND20":42461834,"AWATER20":1035420}},
{"type":"Feature","geometry":{"type":"Polygon","coordinates":[[[-80.3739,36.0951],[-80.3864,36.0845],[-80.3652,36.0736],[-80.3308,36.0723],[-80.2819,36.0939],[-80.2653,36.0926],[-80.2628,36.1026],[-80.2622,36.1215],[-80.2853,36.1141],[-80.2878,36.107],[-80.3112,36.1028],[-80.351,36.1141],[-80.3585,36.1024],[-80.3739,36.0951]]]},"properties":{"ZCTA5CE20":"27104","AFFGEOID20":"860Z200US27104","GEOID20":"27104","NAME20":"27104","LSAD20":"Z5","ALAND20":32077483,"AWATER20":96037}},
{"type":"Feature","geometry":{"type":"Polygon","coordinates":[[[-78.8136,35.7262],[-78.8138,35.7192],[-78.7913,35.6883],[-78.7834,35.7012],[-78.7849,35.7126],[-78.7604,35.7108],[-78.7496,35.7242],[-78.7449,35.7432],[-78.7294,35.7575],[-78.7451,35.7622],[-78.8136,35.7262]]]},"properties":{"ZCTA5CE20":"27518","AFFGEOID20":"860Z200US27518","GEOID20":"27518","NAME20":"27518","LSAD20":"Z5","ALAND20":25634519,"AWATER20":445622}},
{"type":"Feature","geometry":{"type":"Polygon","coordinates":[[[-80.931,34.6599],[-80.9434,34.6459],[-80.9366,34.628],[-80.9557,34.6149],[-80.9468,34.5991],[-80.9766,34.5943],[-80.9632,34.5886],[-80.9462,34.5734],[-80.9395,34.5618],[-80.9267,34.5566],[-80.9284,34.5449],[-80.959,34.5461],[-80.9616,34.5555],[-80.9683,34.5557],[-80.971,34.5464],[-80.9638,34.5464],[-80.9555,34.5274],[-80.9664,34.522],[-80.9497,34.509],[-80.9424,34.5179],[-80.9072,34.5081],[-80.8937,34.5124],[-80.8944,34.4943],[-80.8817,34.5001],[-80.8762,34.525],[-80.8773,34.5477],[-80.8731,34.5569],[-80.8823,34.5847],[-80.8921,34.5981],[-80.8892,34.6182],[-80.8963,34.6355],[-80.8985,34.6448],[-80.9232,34.6478],[-80.931,34.6599]]]},"properties":{"ZCTA5CE20":"29055","AFFGEOID20":"860Z200US29055","GEOID20":"29055","NAME20":"29055","LSAD20":"Z5","ALAND20":89710899,"AWATER20":5317523}},
{"type":"Feature","geometry":{"type":"Polygon","coordinates":[[[-81.8647,35.0786],[-81.8636,35.0528],[-81.8478,35.0389],[-81.8435,35.0263],[-81.8206,35.0291],[-81.8243,35.0087],[-81.8197,34.9974],[-81.806,34.9962],[-81.7966,35.0078],[-81.7783,35.0064],[-81.7641,34.9972],[-81.7557,35.0063],[-81.731,35.0128],[-81.7161,35.0229],[-81.7351,35.0213],[-81.756,35.0449],[-81.7473,35.0668],[-81.7626,35.0709],[-81.7733,35.0646],[-81.7872,35.0842],[-81.8105,35.087],[-81.8207,35.0964],[-81.8059,35.1148],[-81.8169,35.1292],[-81.8395,35.1292],[-81.8401,35.1096],[-81.857,35.0868],[-81.8647,35.0786]]]},"properties":{"ZCTA5CE20":"29330","AFFGEOID20":"860Z200US29330","GEOID20":"29330","NAME20":"29330","LSAD20":"Z5","ALAND20":92812190,"AWATER20":797745}},
{"type":"Feature","geometry":{"type":"Polygon","coordinates":[[[-80.3084,36.203],[-80.3047,36.1897],[-80.2921,36.1859],[-80.2916,36.1636],[-80.2654,36.1559],[-80.2622,36.1215],[-80.2628,36.1026],[-80.2497,36.11],[-80.1973,36.1162],[-80.1754,36.1415],[-80.1701,36.1562],[-80.205,36.1752],[-80.199,36.2035],[-80.2345,36.2194],[-80.2533,36.2186],[-80.2578,36.2017],[-80.3084,36.203]]]},"properties":{"ZCTA5CE20":"27105","AFFGEOID20":"860Z200US27105","GEOID20":"27105","NAME20":"27105","LSAD20":"Z5","ALAND20":87341328,"AWATER20":273593}},
{"type":"Feature","geometry":{"type":"Polygon","coordinates":[[[-79.0361,36.0385],[-79.0605,36.0308],[-79.0808,36.0311],[-79.0756,36.0173],[-79.0661,36.0064],[-79.0755,35.9954],[-79.0689,35.9757],[-79.0581,35.9634],[-79.0539,35.9266],[-79.0551,35.9041],[-79.0528,35.9072],[-79.0485,35.9046],[-79.0524,35.9018],[-79.057,35.902],[-79.0574,35.8935],[-79.0382,35.8975],[-79.028,35.9071],[-79.023,35.9384],[-79.0026,35.9492],[-79.0209,35.9645],[-79.0193,35.9815],[-79.0074,35.9823],[-79.0312,35.9876],[-79.0464,36.0005],[-79.0416,36.0153],[-79.032,36.0225],[-79.0361,36.0385]]]},"properties":{"ZCTA5CE20":"27514","AFFGEOID20":"860Z200US27514","GEOID20":"27514","NAME20":"27514","LSAD20":"Z5","ALAND20":50793268,"AWATER20":430256}},
{"type":"Feature","geometry":{"type":"Polygon","coordinates":[[[-81.8323,34.9922],[-81.8317,34.9852],[-81.8197,34.9974],[-81.8323,34.9922]]]},"properties":{"ZCTA5CE20":"29324","AFFGEOID20":"860Z200US29324","GEOID20":"29324","NAME20":"29324","LSAD20":"Z5","ALAND20":1231629,"AWATER20":71648}},
{"type":"Feature","geometry":{"type":"Polygon","coordinates":[[[-80.058,32.9198],[-80.0595,32.9117],[-80.075,32.8981],[-80.0669,32.8856],[-80.0467,32.8761],[-80.042,32.8851],[-80.0245,32.8864],[-80.0249,32.894],[-80.0498,32.9197],[-80.058,32.9198]]]},"properties":{"ZCTA5CE20":"29404","AFFGEOID20":"860Z200US29404","GEOID20":"29404","NAME20":"29404","LSAD20":"Z5","ALAND20":13082753,"AWATER20":0}},
{"type":"Feature","geometry":{"type":"Polygon","coordinates":[[[-80.4908,33.4247],[-80.5031,33.4269],[-80.5501,33.3981],[-80.5795,33.3922],[-80.5867,33.3834],[-80.5721,33.3755],[-80.5504,33.3492],[-80.5262,33.3414],[-80.5079,33.3427],[-80.5028,33.3345],[-80.4941,33.3212],[-80.494,33.2975],[-80.4846,33.28],[-80.4733,33.2737],[-80.4495,33.2695],[-80.4271,33.2578],[-80.3942,33.2647],[-80.3643,33.2586],[-80.3484,33.2489],[-80.3443,33.2342],[-80.3208,33.2542],[-80.2989,33.2595],[-80.2893,33.2791],[-80.2923,33.2962],[-80.2858,33.3189],[-80.3055,33.3369],[-80.3126,33.3506],[-80.3319,33.3532],[-80.3641,33.3773],[-80.3774,33.3933],[-80.3881,33.3817],[-80.4085,33.3781],[-80.4229,33.3827],[-80.4748,33.3853],[-80.4873,33.3984],[-80.4908,33.4247]],[[-80.5167,33.4084],[-80.5043,33.4198],[-80.4934,33.4014],[-80.505,33.3804],[-80.5167,33.4084]]]},"properties":{"ZCTA5CE20":"29059","AFFGEOID20":"860Z200US29059","GEOID20":"29059","NAME20":"29059","LSAD20":"Z5","ALAND20":282739490,"AWATER20":1364230}},
{"type":"Feature","geometry":{"type":"Polygon","coordinates":[[[-80.8684,34.2771],[-80.8666,34.2639],[-80.8783,34.253],[-80.8604,34.2455],[-80.8861,34.2364],[-80.8784,34.2257],[-80.8627,34.2179],[-80.8823,34.2017],[-80.8691,34.1829],[-80.8705,34.169],[-80.8566,34.163],[-80.8634,34.1537],[-80.8648,34.1368],[-80.8726,34.134],[-80.8481,34.1067],[-80.8264,34.1015],[-80.8196,34.1042],[-80.7797,34.1023],[-80.7678,34.1139],[-80.7541,34.1171],[-80.7563,34.1292],[-80.7341,34.1421],[-80.7456,34.1518],[-80.7502,34.1678],[-80.7613,34.1689],[-80.7683,34.1849],[-80.7414,34.2011],[-80.7583,34.2127],[-80.7624,34.2272],[-80.7789,34.239],[-80.8059,34.2505],[-80.8082,34.2629],[-80.8243,34.2719],[-80.8684,34.2771]]]},"properties":{"ZCTA5CE20":"29045","AFFGEOID20":"860Z200US29045","GEOID20":"29045","NAME20":"29045","LSAD20":"Z5","ALAND20":175894713,"AWATER20":2401369}},
{"type":"Feature","geometry":{"type":"MultiPolygon","coordinates":[[[[-78.5304,35.7477],[-78.5231,35.7307],[-78.5046,35.7356],[-78.5059,35.7492],[-78.5304,35.7477]]],[[[-78.5251,35.8039],[-78.5353,35.789],[-78.5382,35.7607],[-78.5237,35.7616],[-78.4993,35.7534],[-78.4842,35.7422],[-78.4466,35.7385],[-78.4424,35.7328],[-78.447,35.7469],[-78.4286,35.7545],[-78.4365,35.7671],[-78.4388,35.7887],[-78.4223,35.8068],[-78.4326,35.8195],[-78.4518,35.8201],[-78.4469,35.839],[-78.4706,35.8374],[-78.479,35.8554],[-78.4921,35.8318],[-78.4865,35.8171],[-78.5234,35.8126],[-78.5251,35.8039]]]]},"properties":{"ZCTA5CE20":"27545","AFFGEOID20":"860Z200US27545","GEOID20":"27545","NAME20":"27545","LSAD20":"Z5","ALAND20":81949799,"AWATER20":319922}},
{"type":"Feature","geometry":{"type":"Polygon","coordinates":[[[-80.0484,33.8526],[-80.0632,33.8566],[-80.0742,33.8464],[-80.0761,33.8293],[-80.0964,33.8262],[-80.0949,33.8174],[-80.1108,33.813],[-80.0728,33.7856],[-80.0783,33.777],[-80.0606,33.7566],[-80.0473,33.7268],[-80.0302,33.6965],[-80.0029,33.6984],[-79.986,33.7073],[-79.9744,33.7216],[-79.9601,33.7574],[-79.964,33.7717],[-79.9355,33.7821],[-79.9445,33.8102],[-79.946,33.8146],[-79.9348,33.8623],[-79.9638,33.8439],[-79.9624,33.8314],[-79.996,33.8349],[-80.0233,33.8506],[-80.0484,33.8526]]]},"properties":{"ZCTA5CE20":"29111","AFFGEOID20":"860Z200US29111","GEOID20":"29111","NAME20":"29111","LSAD20":"Z5","ALAND20":169445124,"AWATER20":274885}},
{"type":"Feature","geometry":{"type":"Polygon","coordinates":[[[-78.718,35.4223],[-78.7082,35.415],[-78.7186,35.3824],[-78.7068,35.3781],[-78.6925,35.3751],[-78.6701,35.3929],[-78.654,35.3933],[-78.6293,35.3784],[-78.607,35.3789],[-78.5981,35.386],[-78.5963,35.3977],[-78.6124,35.4263],[-78.619,35.4447],[-78.6293,35.4449],[-78.6448,35.4605],[-78.6646,35.4298],[-78.6787,35.4396],[-78.6935,35.4591],[-78.7022,35.452],[-78.7069,35.4338],[-78.718,35.4223]]]},"properties":{"ZCTA5CE20":"27521","AFFGEOID20":"860Z200US27521","GEOID20":"27521","NAME20":"27521","LSAD20":"Z5","ALAND20":67361777,"AWATER20":463389}},
{"type":"Feature","geometry":{"type":"Polygon","coordinates":[[[-78.7928,36.0774],[-78.7817,36.0716],[-78.7513,36.0708],[-78.754,36.0478],[-78.7536,36.0314],[-78.7402,36.0236],[-78.72,36.0296],[-78.7062,36.0112],[-78.7073,36.0351],[-78.7155,36.0416],[-78.7144,36.0558],[-78.6809,36.0621],[-78.6588,36.0423],[-78.642,36.0537],[-78.6172,36.0477],[-78.5993,36.0546],[-78.5948,36.0757],[-78.6016,36.0885],[-78.605,36.0956],[-78.5788,36.1084],[-78.575,36.1151],[-78.5935,36.1485],[-78.5993,36.1692],[-78.6238,36.1622],[-78.6677,36.1794],[-78.6725,36.1701],[-78.6914,36.1712],[-78.6987,36.1786],[-78.7261,36.1733],[-78.7287,36.1502],[-78.765,36.0828],[-78.7698,36.0937],[-78.7928,36.0774]]]},"properties":{"ZCTA5CE20":"27522","AFFGEOID20":"860Z200US27522","GEOID20":"27522","NAME20":"27522","LSAD20":"Z5","ALAND20":187367013,"AWATER20":15699880}},
{"type":"Feature","geometry":{"type":"Polygon","coordinates":[[[-79.9805,35.9814],[-79.9939,35.9804],[-80.0102,35.9906],[-80.0376,35.989],[-80.0532,35.979],[-80.0586,35.9664],[-80.0908,35.9584],[-80.1039,35.9425],[-80.069,35.9488],[-80.046,35.946],[-80.0473,35.9127],[-80.0338,35.9305],[-79.998,35.9687],[-79.9941,35.9746],[-79.9914,35.9718],[-79.9805,35.9814]]]},"properties":{"ZCTA5CE20":"27262","AFFGEOID20":"860Z200US27262","GEOID20":"27262","NAME20":"27262","LSAD20":"Z5","ALAND20":34163583,"AWATER20":16395}},
{"type":"Feature","geometry":{"type":"Polygon","coordinates":[[[-80.0869,32.9922],[-80.0801,32.9857],[-80.0725,32.9619],[-80.0529,32.9435],[-80.059,32.9312],[-80.058,32.9198],[-80.0498,32.9197],[-80.0249,32.894],[-80.0245,32.8864],[-80.008,32.8693],[-79.9987,32.8654],[-80.0086,32.8774],[-80.007,32.8909],[-79.9964,32.8943],[-79.9627,32.891],[-79.9488,32.9081],[-79.9571,32.9186],[-79.9716,32.9066],[-80.0118,32.8999],[-80.0413,32.955],[-80.0408,32.975],[-80.056,32.9993],[-80.0869,32.9922]]]},"properties":{"ZCTA5CE20":"29406","AFFGEOID20":"860Z200US29406","GEOID20":"29406","NAME20":"29406","LSAD20":"Z5","ALAND20":39719207,"AWATER20":1115972}},
{"type":"Feature","geometry":{"type":"Polygon","coordinates":[[[-80.0473,35.9118],[-80.0399,35.9059],[-80.0435,35.8923],[-80.027,35.8831],[-80.0024,35.8829],[-79.9943,35.8952],[-79.9975,35.9124],[-79.969,35.9012],[-79.9583,35.8861],[-79.9324,35.8826],[-79.9183,35.8738],[-79.9058,35.8576],[-79.8838,35.8641],[-79.8706,35.8621],[-79.8664,35.8764],[-79.87,35.8959],[-79.8554,35.9212],[-79.8613,35.9173],[-79.8765,35.9401],[-79.9027,35.943],[-79.9104,35.9382],[-79.9383,35.9593],[-79.9765,35.9424],[-80.0176,35.9207],[-80.0473,35.9118]]]},"properties":{"ZCTA5CE20":"27263","AFFGEOID20":"860Z200US27263","GEOID20":"27263","NAME20":"27263","LSAD20":"Z5","ALAND20":101092436,"AWATER20":1530829}},
{"type":"Feature","geometry":{"type":"MultiPolygon","coordinates":[[[[-79.2922,35.991],[-79.3033,36.0171],[-79.3183,36.0162],[-79.3028,35.9912],[-79.2922,35.991]]],[[[-79.4134,36.074],[-79.4311,36.0639],[-79.4248,36.0397],[-79.4326,36.0253],[-79.4203,36.0163],[-79.4244,36.0061],[-79.4176,35.9821],[-79.405,35.9766],[-79.4026,35.9501],[-79.4058,35.9325],[-79.3854,35.9211],[-79.3696,35.9288],[-79.3462,35.9239],[-79.3463,35.9162],[-79.3769,35.914],[-79.3877,35.8976],[-79.3604,35.8719],[-79.3488,35.8721],[-79.3453,35.8861],[-79.3481,35.9037],[-79.3379,35.9114],[-79.3269,35.9027],[-79.3045,35.9066],[-79.2922,35.8798],[-79.3028,35.875],[-79.3082,35.8616],[-79.3342,35.8615],[-79.3261,35.844],[-79.2696,35.8441],[-79.2597,35.8562],[-79.2368,35.8486],[-79.2481,35.8545],[-79.25,35.8783],[-79.2569,35.9021],[-79.2682,35.9092],[-79.2639,35.9297],[-79.2636,35.9522],[-79.2768,35.9545],[-79.28,35.9754],[-79.2922,35.991],[-79.3043,35.9675],[-79.3229,35.9729],[-79.3304,35.99],[-79.3485,36.0072],[-79.3459,36.0391],[-79.3552,36.0442],[-79.363,36.0613],[-79.3588,36.0755],[-79.3679,36.0888],[-79.3778,36.0891],[-79.4135,36.0842],[-79.4134,36.074]],[[-79.3216,35.9473],[-79.307,35.9511],[-79.3131,35.9406],[-79.3216,35.9473]]]]},"properties":{"ZCTA5CE20":"27253","AFFGEOID20":"860Z200US27253","GEOID20":"27253","NAME20":"27253","LSAD20":"Z5","ALAND20":212140528,"AWATER20":4754035}},
{"type":"Feature","geometry":{"type":"Polygon","coordinates":[[[-81.1873,33.6529],[-81.2566,33.5915],[-81.2557,33.5844],[-81.2348,33.5818],[-81.2164,33.5865],[-81.1999,33.5743],[-81.1736,33.569],[-81.1546,33.5751],[-81.1397,33.5717],[-81.1173,33.5601],[-81.0842,33.5616],[-81.093,33.5492],[-81.0845,33.5393],[-81.0496,33.5634],[-81.033,33.5525],[-81.0125,33.5502],[-81.0082,33.5705],[-80.9813,33.5885],[-80.9655,33.6253],[-80.9378,33.6501],[-80.9643,33.6764],[-80.9677,33.6889],[-80.9778,33.702],[-80.9965,33.6944],[-81.0035,33.6834],[-81.0262,33.689],[-81.0429,33.7071],[-81.0847,33.696],[-81.0915,33.7105],[-81.1277,33.6992],[-81.1449,33.6972],[-81.123,33.6797],[-81.1873,33.6529]]]},"properties":{"ZCTA5CE20":"29112","AFFGEOID20":"860Z200US29112","GEOID20":"29112","NAME20":"29112","LSAD20":"Z5","ALAND20":312805623,"AWATER20":1417715}},
{"type":"Feature","geometry":{"type":"Polygon","coordinates":[[[-79.7365,35.8548],[-79.7372,35.8406],[-79.7067,35.8229],[-79.6711,35.8362],[-79.6684,35.8947],[-79.6843,35.9159],[-79.6759,35.9312],[-79.6811,35.9609],[-79.6964,35.958],[-79.7103,35.9666],[-79.7116,35.9384],[-79.7234,35.9343],[-79.7305,35.905],[-79.7198,35.8962],[-79.7176,35.8689],[-79.7239,35.8631],[-79.7365,35.8548]]]},"properties":{"ZCTA5CE20":"27233","AFFGEOID20":"860Z200US27233","GEOID20":"27233","NAME20":"27233","LSAD20":"Z5","ALAND20":63186801,"AWATER20":349364}},
{"type":"Feature","geometry":{"type":"Polygon","coordinates":[[[-80.0142,36.1335],[-80.0141,36.1215],[-80.0294,36.1113],[-80.0407,36.0895],[-80.0417,36.0578],[-80.0249,36.0538],[-80.0143,36.0465],[-80.0054,36.0695],[-79.9931,36.0787],[-79.9742,36.0844],[-79.9908,36.0943],[-79.9868,36.1105],[-79.9738,36.118],[-79.9721,36.1312],[-79.9771,36.1435],[-80.0142,36.1335]]]},"properties":{"ZCTA5CE20":"27235","AFFGEOID20":"860Z200US27235","GEOID20":"27235","NAME20":"27235","LSAD20":"Z5","ALAND20":34457537,"AWATER20":83727}},
{"type":"Feature","geometry":{"type":"Polygon","coordinates":[[[-79.7103,35.3027],[-79.7126,35.2834],[-79.712,35.2759],[-79.6969,35.2622],[-79.6769,35.2511],[-79.6544,35.2509],[-79.6515,35.259],[-79.6297,35.2819],[-79.6183,35.2795],[-79.6056,35.287],[-79.5912,35.314],[-79.5823,35.3222],[-79.5979,35.3322],[-79.5914,35.3481],[-79.5624,35.3917],[-79.5741,35.4042],[-79.5902,35.4099],[-79.6145,35.4099],[-79.6267,35.4024],[-79.6335,35.4139],[-79.6601,35.402],[-79.6772,35.388],[-79.6922,35.3773],[-79.6926,35.3618],[-79.6609,35.3583],[-79.6544,35.3477],[-79.6663,35.3015],[-79.7103,35.3027]]]},"properties":{"ZCTA5CE20":"27242","AFFGEOID20":"860Z200US27242","GEOID20":"27242","NAME20":"27242","LSAD20":"Z5","ALAND20":131517189,"AWATER20":584348}},
{"type":"Feature","geometry":{"type":"Polygon","coordinates":[[[-80.277,34.0932],[-80.2825,34.0701],[-80.2754,34.0416],[-80.2577,34.0185],[-80.2544,33.9963],[-80.2229,33.9822],[-80.2304,33.9749],[-80.2612,33.9818],[-80.2697,34.002],[-80.2888,33.998],[-80.2917,33.9887],[-80.2844,33.9654],[-80.2612,33.9613],[-80.2465,33.9527],[-80.2368,33.932],[-80.2144,33.9297],[-80.186,33.914],[-80.181,33.907],[-80.1703,33.8985],[-80.1845,33.8943],[-80.2167,33.8984],[-80.2076,33.8876],[-80.1831,33.894],[-80.1638,33.9003],[-80.1386,33.9102],[-80.122,33.9114],[-80.1221,33.9365],[-80.1505,33.9422],[-80.161,33.934],[-80.1671,33.9562],[-80.1469,33.9936],[-80.1734,34.0055],[-80.1899,34.0077],[-80.1827,34.0535],[-80.2019,34.0686],[-80.2082,34.0835],[-80.2354,34.0841],[-80.2393,34.0981],[-80.2531,34.1],[-80.277,34.0932]]]},"properties":{"ZCTA5CE20":"29104","AFFGEOID20":"860Z200US29104","GEOID20":"29104","NAME20":"29104","LSAD20":"Z5","ALAND20":170587137,"AWATER20":184234}},
{"type":"Feature","geometry":{"type":"Polygon","coordinates":[[[-78.1297,36.5438],[-78.0997,36.5311],[-78.0949,36.5045],[-78.1004,36.4977],[-78.1292,36.4992],[-78.1247,36.4747],[-78.1306,36.4604],[-78.1046,36.4502],[-78.1067,36.4361],[-78.094,36.4335],[-78.1169,36.4171],[-78.1093,36.3917],[-78.0868,36.3629],[-78.0633,36.3556],[-78.0715,36.3444],[-78.062,36.3344],[-78.0524,36.3076],[-78.0377,36.3133],[-78.0252,36.3328],[-78.0046,36.3166],[-78.0008,36.2959],[-77.9861,36.2963],[-77.9668,36.326],[-78.0016,36.3565],[-78.0032,36.3765],[-78.0157,36.3903],[-78.0205,36.4155],[-77.9952,36.4546],[-78.0201,36.4696],[-78.0021,36.5001],[-77.9862,36.5087],[-78.0193,36.5395],[-78.0373,36.5311],[-78.0465,36.5442],[-78.1297,36.5438]]]},"properties":{"ZCTA5CE20":"27551","AFFGEOID20":"860Z200US27551","GEOID20":"27551","NAME20":"27551","LSAD20":"Z5","ALAND20":213146742,"AWATER20":8224195}},
{"type":"Feature","geometry":{"type":"Polygon","coordinates":[[[-78.324,36.5438],[-78.3519,36.5129],[-78.3712,36.4733],[-78.374,36.4538],[-78.3427,36.4369],[-78.3256,36.4364],[-78.3009,36.4271],[-78.2981,36.4128],[-78.2948,36.3958],[-78.2666,36.3988],[-78.2718,36.4102],[-78.2698,36.4385],[-78.259,36.4624],[-78.2587,36.4912],[-78.2417,36.5124],[-78.2411,36.5247],[-78.2563,36.5248],[-78.2743,36.534],[-78.2705,36.5442],[-78.313,36.5439],[-78.324,36.5438]]]},"properties":{"ZCTA5CE20":"27553","AFFGEOID20":"860Z200US27553","GEOID20":"27553","NAME20":"27553","LSAD20":"Z5","ALAND20":99876549,"AWATER20":17000877}},
{"type":"Feature","geometry":{"type":"Polygon","coordinates":[[[-81.4363,34.2297],[-81.4497,34.2114],[-81.4342,34.1976],[-81.447,34.1936],[-81.4696,34.1784],[-81.4548,34.1551],[-81.447,34.1342],[-81.4358,34.1294],[-81.421,34.141],[-81.4135,34.154],[-81.3771,34.1645],[-81.3827,34.1943],[-81.3741,34.2023],[-81.3492,34.2115],[-81.3354,34.2094],[-81.3278,34.1967],[-81.3025,34.194],[-81.2966,34.1865],[-81.2498,34.2007],[-81.2474,34.2031],[-81.2593,34.2089],[-81.2782,34.2296],[-81.3067,34.2377],[-81.3169,34.2395],[-81.3332,34.2415],[-81.342,34.2454],[-81.3662,34.2448],[-81.3752,34.2404],[-81.3908,34.2445],[-81.3984,34.2313],[-81.4181,34.2227],[-81.4363,34.2297]]]},"properties":{"ZCTA5CE20":"29075","AFFGEOID20":"860Z200US29075","GEOID20":"29075","NAME20":"29075","LSAD20":"Z5","ALAND20":107091179,"AWATER20":1436044}},
{"type":"Feature","geometry":{"type":"Polygon","coordinates":[[[-80.0408,32.975],[-80.0413,32.955],[-80.0118,32.8999],[-79.9716,32.9066],[-79.9571,32.9186],[-79.9705,32.9258],[-79.9752,32.9358],[-79.9966,32.9344],[-80.0002,32.9578],[-80.0221,32.9535],[-80.0253,32.9676],[-80.0408,32.975]]]},"properties":{"ZCTA5CE20":"29410","AFFGEOID20":"860Z200US29410","GEOID20":"29410","NAME20":"29410","LSAD20":"Z5","ALAND20":27067464,"AWATER20":2880112}},
{"type":"Feature","geometry":{"type":"Polygon","coordinates":[[[-79.8478,36.0727],[-79.8482,36.0652],[-79.8356,36.0486],[-79.8198,36.0357],[-79.7994,36.0642],[-79.8066,36.0734],[-79.8052,36.0645],[-79.8153,36.0647],[-79.8147,36.0739],[-79.8069,36.0734],[-79.8077,36.0795],[-79.8237,36.0872],[-79.8352,36.0845],[-79.8478,36.0727]]]},"properties":{"ZCTA5CE20":"27403","AFFGEOID20":"860Z200US27403","GEOID20":"27403","NAME20":"27403","LSAD20":"Z5","ALAND20":14926126,"AWATER20":0}},
{"type":"Feature","geometry":{"type":"Polygon","coordinates":[[[-81.1041,34.0892],[-81.1345,34.0699],[-81.1481,34.068],[-81.1579,34.052],[-81.1469,34.0323],[-81.1283,34.0257],[-81.0994,34.0231],[-81.093,34.0146],[-81.0597,34.0053],[-81.0707,34.0345],[-81.0763,34.0592],[-81.0869,34.0759],[-81.1041,34.0892]]]},"properties":{"ZCTA5CE20":"29210","AFFGEOID20":"860Z200US29210","GEOID20":"29210","NAME20":"29210","LSAD20":"Z5","ALAND20":43420779,"AWATER20":1923640}},
{"type":"Feature","geometry":{"type":"Polygon","coordinates":[[[-81.0246,34.0183],[-81.0205,34.0054],[-80.987,34.0081],[-80.9772,34.0266],[-80.9836,34.0514],[-80.9939,34.0562],[-81,34.0561],[-81.0204,34.0294],[-81.0246,34.0183]]]},"properties":{"ZCTA5CE20":"29204","AFFGEOID20":"860Z200US29204","GEOID20":"29204","NAME20":"29204","LSAD20":"Z5","ALAND20":16485894,"AWATER20":21780}},
{"type":"Feature","geometry":{"type":"Polygon","coordinates":[[[-81.0175,33.9321],[-81.029,33.912],[-81.0088,33.9041],[-81.0214,33.8881],[-81.0123,33.8801],[-81.0002,33.8784],[-80.9982,33.8768],[-80.9966,33.8738],[-80.9998,33.8606],[-80.9857,33.8487],[-80.9659,33.8478],[-80.9647,33.8571],[-80.9494,33.8573],[-80.9439,33.8745],[-80.926,33.8706],[-80.9136,33.8903],[-80.8973,33.8743],[-80.8912,33.8796],[-80.8927,33.9018],[-80.9039,33.9331],[-80.904,33.9437],[-80.8949,33.9582],[-80.8781,33.9669],[-80.8808,33.9876],[-80.8823,33.9869],[-80.8903,33.9857],[-80.9155,33.9803],[-80.9438,33.9942],[-80.9585,33.9961],[-80.9674,33.996],[-80.9764,33.9877],[-80.9803,33.9625],[-81.0177,33.9324],[-81.0175,33.9321]]]},"properties":{"ZCTA5CE20":"29209","AFFGEOID20":"860Z200US29209","GEOID20":"29209","NAME20":"29209","LSAD20":"Z5","ALAND20":136799026,"AWATER20":2399432}},
{"type":"Feature","geometry":{"type":"Polygon","coordinates":[[[-81.3491,33.8118],[-81.3477,33.7968],[-81.3377,33.7763],[-81.3247,33.7673],[-81.3167,33.7454],[-81.2909,33.727],[-81.2828,33.6943],[-81.2697,33.6931],[-81.2569,33.6853],[-81.2329,33.6944],[-81.2078,33.6929],[-81.207,33.7107],[-81.1708,33.7296],[-81.1731,33.7487],[-81.1687,33.7581],[-81.1887,33.7663],[-81.1852,33.779],[-81.1944,33.7967],[-81.2166,33.8041],[-81.2159,33.814],[-81.2682,33.8358],[-81.3089,33.8394],[-81.3244,33.8315],[-81.3336,33.8177],[-81.3491,33.8118]]]},"properties":{"ZCTA5CE20":"29123","AFFGEOID20":"860Z200US29123","GEOID20":"29123","NAME20":"29123","LSAD20":"Z5","ALAND20":176433388,"AWATER20":606885}},
{"type":"Feature","geometry":{"type":"Polygon","coordinates":[[[-81.1084,34.1658],[-81.1361,34.1546],[-81.1184,34.1414],[-81.1371,34.1333],[-81.1218,34.1169],[-81.1041,34.0892],[-81.0869,34.0759],[-81.0763,34.0592],[-81.0707,34.0345],[-81.0637,34.0289],[-81.0383,34.0265],[-81.0246,34.0183],[-81.0204,34.0294],[-81,34.0561],[-80.9939,34.0562],[-80.9785,34.0731],[-80.9704,34.0734],[-80.9603,34.0896],[-80.9625,34.0962],[-80.9491,34.1096],[-80.9446,34.1308],[-80.9502,34.149],[-80.9701,34.1475],[-80.9821,34.1352],[-81.0015,34.1362],[-81.0424,34.1477],[-81.0519,34.1458],[-81.0807,34.1618],[-81.1084,34.1658]]]},"properties":{"ZCTA5CE20":"29203","AFFGEOID20":"860Z200US29203","GEOID20":"29203","NAME20":"29203","LSAD20":"Z5","ALAND20":161241809,"AWATER20":1834305}},
{"type":"Feature","geometry":{"type":"Polygon","coordinates":[[[-79.9452,36.0378],[-79.9549,36.0328],[-79.9589,36.0101],[-79.9552,35.9994],[-79.9463,35.987],[-79.9541,35.9695],[-79.9383,35.9593],[-79.9104,35.9382],[-79.9027,35.943],[-79.9085,35.9534],[-79.8985,35.9699],[-79.9163,35.9738],[-79.9118,35.9974],[-79.9155,36.0265],[-79.9046,36.039],[-79.9057,36.0457],[-79.9156,36.0503],[-79.9334,36.0469],[-79.9452,36.0378]]]},"properties":{"ZCTA5CE20":"27282","AFFGEOID20":"860Z200US27282","GEOID20":"27282","NAME20":"27282","LSAD20":"Z5","ALAND20":38123899,"AWATER20":1085899}},
{"type":"Feature","geometry":{"type":"Polygon","coordinates":[[[-79.6811,35.9609],[-79.6759,35.9312],[-79.6843,35.9159],[-79.6684,35.8947],[-79.6481,35.9042],[-79.6229,35.9032],[-79.6195,35.9224],[-79.6276,35.9289],[-79.5781,35.9664],[-79.588,35.9797],[-79.5681,35.9941],[-79.5897,36.0042],[-79.6042,35.9938],[-79.6244,35.9976],[-79.6259,35.9885],[-79.65,35.992],[-79.6603,35.9792],[-79.6726,35.9749],[-79.6811,35.9609]]]},"properties":{"ZCTA5CE20":"27283","AFFGEOID20":"860Z200US27283","GEOID20":"27283","NAME20":"27283","LSAD20":"Z5","ALAND20":66738594,"AWATER20":540074}},
{"type":"Feature","geometry":{"type":"Polygon","coordinates":[[[-79.5192,35.9519],[-79.5121,35.9225],[-79.4964,35.9129],[-79.4851,35.8984],[-79.4864,35.8845],[-79.4762,35.8777],[-79.4322,35.877],[-79.4328,35.8437],[-79.4293,35.8299],[-79.3924,35.8245],[-79.3769,35.8191],[-79.3565,35.8195],[-79.3501,35.8439],[-79.3261,35.844],[-79.3342,35.8615],[-79.3082,35.8616],[-79.3028,35.875],[-79.2922,35.8798],[-79.3045,35.9066],[-79.3269,35.9027],[-79.3379,35.9114],[-79.3481,35.9037],[-79.3453,35.8861],[-79.3488,35.8721],[-79.3604,35.8719],[-79.3877,35.8976],[-79.3769,35.914],[-79.3463,35.9162],[-79.3462,35.9239],[-79.3696,35.9288],[-79.3854,35.9211],[-79.4058,35.9325],[-79.4026,35.9501],[-79.405,35.9766],[-79.4176,35.9821],[-79.431,35.982],[-79.4534,35.9483],[-79.4698,35.9531],[-79.4716,35.9629],[-79.5039,35.9625],[-79.5192,35.9519]]]},"properties":{"ZCTA5CE20":"27349","AFFGEOID20":"860Z200US27349","GEOID20":"27349","NAME20":"27349","LSAD20":"Z5","ALAND20":165028273,"AWATER20":1854692}},
{"type":"Feature","geometry":{"type":"Polygon","coordinates":[[[-79.9058,35.8576],[-79.9143,35.8464],[-79.936,35.8432],[-79.9359,35.8352],[-79.9511,35.8186],[-79.9435,35.7907],[-79.9368,35.7934],[-79.9144,35.7639],[-79.901,35.7679],[-79.8921,35.7462],[-79.8797,35.7352],[-79.8549,35.7438],[-79.8538,35.7602],[-79.8583,35.7663],[-79.8506,35.7953],[-79.8359,35.807],[-79.8349,35.8269],[-79.8452,35.8331],[-79.8395,35.8477],[-79.8638,35.8644],[-79.8706,35.8621],[-79.8838,35.8641],[-79.9058,35.8576]]]},"properties":{"ZCTA5CE20":"27350","AFFGEOID20":"860Z200US27350","GEOID20":"27350","NAME20":"27350","LSAD20":"Z5","ALAND20":94308303,"AWATER20":896610}},
{"type":"Feature","geometry":{"type":"Polygon","coordinates":[[[-79.5184,36.5408],[-79.5495,36.5198],[-79.5419,36.4986],[-79.5578,36.4792],[-79.5482,36.4651],[-79.5347,36.469],[-79.5118,36.443],[-79.4852,36.452],[-79.4663,36.4508],[-79.4636,36.4426],[-79.4757,36.4329],[-79.4628,36.4026],[-79.4573,36.3997],[-79.4504,36.4093],[-79.4175,36.4202],[-79.3995,36.4327],[-79.3935,36.4508],[-79.4084,36.4509],[-79.4134,36.4818],[-79.4389,36.4854],[-79.4441,36.495],[-79.4677,36.504],[-79.4651,36.5143],[-79.4242,36.5205],[-79.412,36.5412],[-79.5178,36.5408],[-79.5184,36.5408]]]},"properties":{"ZCTA5CE20":"27311","AFFGEOID20":"860Z200US27311","GEOID20":"27311","NAME20":"27311","LSAD20":"Z5","ALAND20":127173357,"AWATER20":206797}},
{"type":"Feature","geometry":{"type":"MultiPolygon","coordinates":[[[[-80.4908,33.4247],[-80.4873,33.3984],[-80.4748,33.3853],[-80.4229,33.3827],[-80.4085,33.3781],[-80.3881,33.3817],[-80.3774,33.3933],[-80.3816,33.4035],[-80.3748,33.4395],[-80.3977,33.4507],[-80.4335,33.475],[-80.4426,33.4577],[-80.4594,33.4643],[-80.4781,33.4621],[-80.4817,33.4443],[-80.4908,33.4247]]],[[[-80.5167,33.4084],[-80.505,33.3804],[-80.4934,33.4014],[-80.5043,33.4198],[-80.5167,33.4084]]]]},"properties":{"ZCTA5CE20":"29163","AFFGEOID20":"860Z200US29163","GEOID20":"29163","NAME20":"29163","LSAD20":"Z5","ALAND20":82889450,"AWATER20":1691016}},
{"type":"Feature","geometry":{"type":"Polygon","coordinates":[[[-80.4274,33.967],[-80.4301,33.958],[-80.4203,33.9372],[-80.4326,33.9315],[-80.4216,33.918],[-80.4117,33.9276],[-80.3929,33.9191],[-80.3804,33.9055],[-80.3687,33.9073],[-80.3581,33.8969],[-80.3546,33.8713],[-80.3676,33.857],[-80.3739,33.8294],[-80.3669,33.8195],[-80.3623,33.7836],[-80.3661,33.7724],[-80.2741,33.7859],[-80.2872,33.7945],[-80.2985,33.8092],[-80.3111,33.8142],[-80.3187,33.8359],[-80.341,33.8684],[-80.3282,33.8804],[-80.3219,33.9004],[-80.33,33.9208],[-80.3114,33.9315],[-80.3301,33.9444],[-80.3567,33.9476],[-80.373,33.9567],[-80.3967,33.963],[-80.3943,33.9727],[-80.4175,33.9849],[-80.414,33.969],[-80.4274,33.967]]]},"properties":{"ZCTA5CE20":"29150","AFFGEOID20":"860Z200US29150","GEOID20":"29150","NAME20":"29150","LSAD20":"Z5","ALAND20":113696663,"AWATER20":1249052}},
{"type":"Feature","geometry":{"type":"Polygon","coordinates":[[[-79.3428,36.5412],[-79.3262,36.5256],[-79.288,36.5125],[-79.2722,36.5303],[-79.2637,36.5177],[-79.261,36.5008],[-79.2416,36.5005],[-79.2176,36.4804],[-79.1621,36.4967],[-79.1673,36.5129],[-79.154,36.5213],[-79.1473,36.5363],[-79.117,36.5354],[-79.1118,36.5416],[-79.2185,36.5415],[-79.3428,36.5412]]]},"properties":{"ZCTA5CE20":"27305","AFFGEOID20":"860Z200US27305","GEOID20":"27305","NAME20":"27305","LSAD20":"Z5","ALAND20":66115826,"AWATER20":859033}},
{"type":"Feature","geometry":{"type":"Polygon","coordinates":[[[-81.8511,34.2739],[-81.8438,34.2619],[-81.8476,34.2519],[-81.8408,34.2394],[-81.849,34.2293],[-81.8449,34.2199],[-81.8237,34.222],[-81.8175,34.2054],[-81.8285,34.1897],[-81.8284,34.1732],[-81.8108,34.1754],[-81.786,34.1671],[-81.7439,34.1792],[-81.7316,34.1876],[-81.7162,34.1755],[-81.6941,34.1747],[-81.6891,34.1847],[-81.6737,34.1884],[-81.6924,34.2035],[-81.7024,34.2063],[-81.6977,34.2234],[-81.7206,34.2253],[-81.741,34.2365],[-81.7556,34.2597],[-81.7461,34.2742],[-81.7745,34.2774],[-81.7919,34.284],[-81.8135,34.2573],[-81.8246,34.254],[-81.8304,34.2703],[-81.8511,34.2739]]]},"properties":{"ZCTA5CE20":"29145","AFFGEOID20":"860Z200US29145","GEOID20":"29145","NAME20":"29145","LSAD20":"Z5","ALAND20":116912862,"AWATER20":320556}},
{"type":"Feature","geometry":{"type":"Polygon","coordinates":[[[-81.2246,33.5588],[-81.2395,33.5329],[-81.2509,33.5357],[-81.2651,33.527],[-81.2665,33.516],[-81.2857,33.5061],[-81.3181,33.5127],[-81.3251,33.5359],[-81.3355,33.5452],[-81.3373,33.5611],[-81.347,33.5685],[-81.3687,33.5677],[-81.368,33.5583],[-81.3887,33.5523],[-81.4098,33.5518],[-81.439,33.5588],[-81.4391,33.5458],[-81.4136,33.535],[-81.4103,33.5202],[-81.4276,33.5088],[-81.3959,33.5015],[-81.3745,33.4909],[-81.3442,33.4809],[-81.3225,33.483],[-81.3132,33.4783],[-81.2969,33.4799],[-81.2633,33.4516],[-81.2463,33.4428],[-81.2201,33.4395],[-81.2211,33.4492],[-81.2091,33.4737],[-81.1865,33.4884],[-81.1844,33.5006],[-81.1989,33.529],[-81.202,33.5418],[-81.2246,33.5588]]]},"properties":{"ZCTA5CE20":"29146","AFFGEOID20":"860Z200US29146","GEOID20":"29146","NAME20":"29146","LSAD20":"Z5","ALAND20":155386321,"AWATER20":319985}},
{"type":"Feature","geometry":{"type":"Polygon","coordinates":[[[-80.4944,33.9933],[-80.4884,33.9805],[-80.4917,33.954],[-80.462,33.964],[-80.4429,33.9652],[-80.4485,33.9816],[-80.4545,33.9904],[-80.4944,33.9933]]]},"properties":{"ZCTA5CE20":"29152","AFFGEOID20":"860Z200US29152","GEOID20":"29152","NAME20":"29152","LSAD20":"Z5","ALAND20":13209870,"AWATER20":65176}},
{"type":"Feature","geometry":{"type":"Polygon","coordinates":[[[-80.4669,35.8139],[-80.4644,35.805],[-80.4739,35.798],[-80.476,35.7944],[-80.477,35.791],[-80.4767,35.7891],[-80.4716,35.7831],[-80.4597,35.7751],[-80.4558,35.7736],[-80.4506,35.766],[-80.4589,35.7428],[-80.4141,35.7226],[-80.3896,35.7198],[-80.3687,35.7161],[-80.3401,35.7213],[-80.3324,35.7189],[-80.3269,35.7251],[-80.3269,35.7436],[-80.3106,35.744],[-80.3047,35.7592],[-80.3267,35.7716],[-80.3392,35.7765],[-80.3626,35.7717],[-80.3799,35.778],[-80.3831,35.7641],[-80.4104,35.7795],[-80.4283,35.7714],[-80.4413,35.781],[-80.455,35.7807],[-80.4595,35.7754],[-80.4728,35.7846],[-80.476,35.7888],[-80.4766,35.791],[-80.4743,35.7968],[-80.464,35.8052],[-80.4669,35.8139]]]},"properties":{"ZCTA5CE20":"27299","AFFGEOID20":"860Z200US27299","GEOID20":"27299","NAME20":"27299","LSAD20":"Z5","ALAND20":71196152,"AWATER20":3501302}},
{"type":"Feature","geometry":{"type":"Polygon","coordinates":[[[-76.9803,35.6613],[-76.9796,35.6386],[-76.9689,35.635],[-76.9851,35.6043],[-76.9647,35.597],[-76.9098,35.5973],[-76.9048,35.5836],[-76.8739,35.5861],[-76.8867,35.5617],[-76.8639,35.5725],[-76.8731,35.5503],[-76.8725,35.5258],[-76.845,35.5174],[-76.8236,35.5091],[-76.8131,35.5221],[-76.7964,35.5101],[-76.752,35.5284],[-76.7315,35.5295],[-76.7067,35.5005],[-76.6736,35.5122],[-76.6422,35.5351],[-76.6379,35.5427],[-76.6542,35.5505],[-76.6646,35.542],[-76.692,35.5524],[-76.6907,35.5677],[-76.7006,35.5777],[-76.7314,35.5981],[-76.7419,35.5887],[-76.7893,35.5843],[-76.8001,35.5978],[-76.8235,35.5956],[-76.8462,35.6043],[-76.8396,35.6165],[-76.8267,35.6193],[-76.8225,35.6314],[-76.806,35.6322],[-76.7961,35.6535],[-76.7816,35.6806],[-76.7633,35.7055],[-76.8446,35.7057],[-76.8473,35.72],[-76.9803,35.6613]]]},"properties":{"ZCTA5CE20":"27865","AFFGEOID20":"860Z200US27865","GEOID20":"27865","NAME20":"27865","LSAD20":"Z5","ALAND20":325844741,"AWATER20":1390232}},
{"type":"Feature","geometry":{"type":"Polygon","coordinates":[[[-80.5844,34.4224],[-80.584,34.4403],[-80.5693,34.452],[-80.5808,34.4634],[-80.6155,34.4574],[-80.6224,34.4615],[-80.6423,34.4439],[-80.6467,34.4314],[-80.6223,34.4356],[-80.6259,34.4237],[-80.5998,34.419],[-80.5844,34.4224]]]},"properties":{"ZCTA5CE20":"29175","AFFGEOID20":"860Z200US29175","GEOID20":"29175","NAME20":"29175","LSAD20":"Z5","ALAND20":21104324,"AWATER20":0}},
{"type":"Feature","geometry":{"type":"Polygon","coordinates":[[[-77.4492,36.545],[-77.4473,36.5344],[-77.4611,36.5289],[-77.4604,36.4989],[-77.455,36.4839],[-77.484,36.4725],[-77.4501,36.462],[-77.4334,36.4464],[-77.423,36.4399],[-77.4193,36.4171],[-77.3998,36.4111],[-77.4028,36.4276],[-77.3817,36.4235],[-77.3725,36.4335],[-77.3577,36.4352],[-77.3239,36.4371],[-77.315,36.456],[-77.3022,36.4715],[-77.3307,36.4829],[-77.3569,36.4811],[-77.377,36.4754],[-77.3966,36.4847],[-77.3885,36.4995],[-77.4049,36.5051],[-77.4069,36.515],[-77.3887,36.5188],[-77.3724,36.5376],[-77.3727,36.5449],[-77.4492,36.545]]]},"properties":{"ZCTA5CE20":"27876","AFFGEOID20":"860Z200US27876","GEOID20":"27876","NAME20":"27876","LSAD20":"Z5","ALAND20":108479546,"AWATER20":523399}},
{"type":"Feature","geometry":{"type":"Polygon","coordinates":[[[-80.004,32.7658],[-80.01,32.7528],[-80.0094,32.7287],[-79.9874,32.7154],[-79.9881,32.6962],[-80.0038,32.6845],[-80.0005,32.6675],[-80.0175,32.6437],[-80.0151,32.6375],[-79.9947,32.6327],[-79.9892,32.6252],[-79.9758,32.639],[-79.9449,32.6708],[-79.9339,32.6648],[-79.9103,32.6729],[-79.896,32.6889],[-79.888,32.6902],[-79.8871,32.7019],[-79.8694,32.7336],[-79.8791,32.7508],[-79.8963,32.7495],[-79.918,32.7544],[-79.9287,32.763],[-79.9495,32.7737],[-79.9638,32.7681],[-80.004,32.7658]]]},"properties":{"ZCTA5CE20":"29412","AFFGEOID20":"860Z200US29412","GEOID20":"29412","NAME20":"29412","LSAD20":"Z5","ALAND20":101528959,"AWATER20":30267501}},
{"type":"Feature","geometry":{"type":"Polygon","coordinates":[[[-79.8742,35.5103],[-79.8881,35.4981],[-79.9049,35.5022],[-79.9121,35.4774],[-79.8998,35.47],[-79.9102,35.4585],[-79.9062,35.4501],[-79.8743,35.4477],[-79.8636,35.4636],[-79.853,35.4477],[-79.8293,35.4423],[-79.8198,35.4337],[-79.8226,35.3911],[-79.826,35.3756],[-79.8112,35.3788],[-79.7847,35.3765],[-79.7748,35.3839],[-79.7426,35.3911],[-79.7349,35.387],[-79.7269,35.3597],[-79.7199,35.3598],[-79.7053,35.3791],[-79.6902,35.3882],[-79.6772,35.388],[-79.6601,35.402],[-79.6621,35.4094],[-79.6833,35.4093],[-79.6856,35.4245],[-79.7106,35.4325],[-79.7253,35.4191],[-79.7381,35.4198],[-79.7476,35.4299],[-79.7699,35.4296],[-79.776,35.4397],[-79.7936,35.4424],[-79.7971,35.4721],[-79.7865,35.4901],[-79.789,35.5009],[-79.8128,35.511],[-79.8742,35.5103]]]},"properties":{"ZCTA5CE20":"27356","AFFGEOID20":"860Z200US27356","GEOID20":"27356","NAME20":"27356","LSAD20":"Z5","ALAND20":146645180,"AWATER20":140986}},
{"type":"Feature","geometry":{"type":"Polygon","coordinates":[[[-79.0018,35.1622],[-79.0077,35.1495],[-79.0303,35.1448],[-79.0217,35.1213],[-78.9959,35.1062],[-78.98,35.1094],[-79.0003,35.1217],[-78.9829,35.1411],[-78.9731,35.1279],[-78.9521,35.1344],[-78.9575,35.1485],[-78.972,35.161],[-78.9962,35.174],[-79.0018,35.1622]]]},"properties":{"ZCTA5CE20":"28307","AFFGEOID20":"860Z200US28307","GEOID20":"28307","NAME20":"28307","LSAD20":"Z5","ALAND20":23092979,"AWATER20":37071}},
{"type":"Feature","geometry":{"type":"Polygon","coordinates":[[[-79.9567,36.2132],[-79.953,36.1728],[-79.9401,36.1594],[-79.923,36.1653],[-79.9236,36.1507],[-79.9129,36.1444],[-79.8773,36.1724],[-79.8401,36.1763],[-79.8432,36.2127],[-79.8317,36.2238],[-79.8093,36.235],[-79.7898,36.2395],[-79.784,36.2487],[-79.8089,36.2495],[-79.8143,36.2632],[-79.8264,36.269],[-79.8383,36.2646],[-79.8499,36.2789],[-79.8224,36.2847],[-79.8088,36.2923],[-79.8842,36.3102],[-79.8821,36.2996],[-79.8927,36.2832],[-79.906,36.279],[-79.9243,36.2563],[-79.9156,36.2288],[-79.9228,36.2233],[-79.9567,36.2132]]]},"properties":{"ZCTA5CE20":"27358","AFFGEOID20":"860Z200US27358","GEOID20":"27358","NAME20":"27358","LSAD20":"Z5","ALAND20":136618149,"AWATER20":2349372}},
{"type":"Feature","geometry":{"type":"Polygon","coordinates":[[[-77.6776,35.6489],[-77.6651,35.6484],[-77.629,35.6283],[-77.6567,35.6068],[-77.6581,35.5911],[-77.651,35.5811],[-77.6687,35.5539],[-77.6556,35.5296],[-77.6126,35.5045],[-77.6061,35.5173],[-77.5833,35.5274],[-77.5634,35.5262],[-77.5708,35.4993],[-77.5563,35.4955],[-77.5572,35.4993],[-77.5255,35.5145],[-77.5222,35.5254],[-77.5101,35.5285],[-77.502,35.5409],[-77.5173,35.5477],[-77.5213,35.562],[-77.5024,35.5662],[-77.4974,35.5496],[-77.4851,35.5524],[-77.4865,35.5708],[-77.507,35.5773],[-77.5142,35.5912],[-77.4954,35.6337],[-77.4988,35.649],[-77.5319,35.6251],[-77.5521,35.6394],[-77.5614,35.6459],[-77.5872,35.6471],[-77.6014,35.6625],[-77.6048,35.6737],[-77.6343,35.6634],[-77.6488,35.6722],[-77.6744,35.6646],[-77.6776,35.6489]]]},"properties":{"ZCTA5CE20":"27828","AFFGEOID20":"860Z200US27828","GEOID20":"27828","NAME20":"27828","LSAD20":"Z5","ALAND20":205410949,"AWATER20":211703}},
{"type":"Feature","geometry":{"type":"Polygon","coordinates":[[[-80.1916,33.4475],[-80.209,33.4427],[-80.1646,33.407],[-80.1562,33.4055],[-80.1389,33.3842],[-80.1296,33.398],[-80.1001,33.3761],[-80.1057,33.3645],[-80.1025,33.35],[-80.039,33.3035],[-80.0208,33.3426],[-79.9963,33.3932],[-79.9866,33.4392],[-79.9609,33.4944],[-79.972,33.5009],[-79.9863,33.4979],[-80.0121,33.5052],[-80.0294,33.5015],[-80.0366,33.5068],[-80.0822,33.5057],[-80.1017,33.4969],[-80.1255,33.5024],[-80.1273,33.4933],[-80.152,33.4786],[-80.135,33.4667],[-80.1507,33.4603],[-80.1483,33.4499],[-80.1916,33.4475]]]},"properties":{"ZCTA5CE20":"29468","AFFGEOID20":"860Z200US29468","GEOID20":"29468","NAME20":"29468","LSAD20":"Z5","ALAND20":191099931,"AWATER20":80146224}},
{"type":"Feature","geometry":{"type":"Polygon","coordinates":[[[-80.4272,32.6252],[-80.4182,32.6045],[-80.3951,32.6192],[-80.3878,32.6091],[-80.3962,32.5966],[-80.3887,32.5745],[-80.3961,32.5616],[-80.4079,32.5593],[-80.4166,32.5463],[-80.379,32.5309],[-80.3552,32.5054],[-80.3545,32.4975],[-80.3324,32.4781],[-80.2774,32.518],[-80.2368,32.5423],[-80.195,32.56],[-80.1921,32.5684],[-80.2092,32.5794],[-80.2216,32.5855],[-80.2368,32.6058],[-80.2603,32.615],[-80.2712,32.6251],[-80.2858,32.6223],[-80.3693,32.6481],[-80.3735,32.6573],[-80.3894,32.6528],[-80.4085,32.6267],[-80.4272,32.6252]]]},"properties":{"ZCTA5CE20":"29438","AFFGEOID20":"860Z200US29438","GEOID20":"29438","NAME20":"29438","LSAD20":"Z5","ALAND20":194567128,"AWATER20":47664441}},
{"type":"Feature","geometry":{"type":"Polygon","coordinates":[[[-80.2395,33.0985],[-80.2714,33.0853],[-80.2924,33.0636],[-80.2995,33.0474],[-80.3014,33.0146],[-80.2787,32.9746],[-80.2637,32.9664],[-80.253,32.9686],[-80.2449,32.9788],[-80.2328,32.973],[-80.211,32.9706],[-80.2084,32.9907],[-80.1897,32.9978],[-80.1659,33.0207],[-80.1444,33.0181],[-80.1321,33.0105],[-80.1283,33.021],[-80.1679,33.0563],[-80.2072,33.0821],[-80.2395,33.0985]]]},"properties":{"ZCTA5CE20":"29483","AFFGEOID20":"860Z200US29483","GEOID20":"29483","NAME20":"29483","LSAD20":"Z5","ALAND20":138155988,"AWATER20":324252}},
{"type":"Feature","geometry":{"type":"Polygon","coordinates":[[[-80.2085,34.8124],[-80.2224,34.7761],[-80.2176,34.7576],[-80.2096,34.7465],[-80.2423,34.7249],[-80.2533,34.7274],[-80.2648,34.7124],[-80.2397,34.6962],[-80.2353,34.6874],[-80.2658,34.6731],[-80.2488,34.6667],[-80.2116,34.6629],[-80.2006,34.6605],[-80.1706,34.6418],[-80.1908,34.6684],[-80.1978,34.683],[-80.169,34.6815],[-80.1702,34.6927],[-80.1581,34.7023],[-80.1728,34.7158],[-80.1531,34.7319],[-80.1475,34.7515],[-80.1639,34.7659],[-80.163,34.7811],[-80.1722,34.7875],[-80.1912,34.7812],[-80.2013,34.7852],[-80.1751,34.8078],[-80.1844,34.8119],[-80.2085,34.8124]]]},"properties":{"ZCTA5CE20":"29741","AFFGEOID20":"860Z200US29741","GEOID20":"29741","NAME20":"29741","LSAD20":"Z5","ALAND20":95924844,"AWATER20":415886}},
{"type":"Feature","geometry":{"type":"Polygon","coordinates":[[[-80.1497,36.4616],[-80.1671,36.4512],[-80.1632,36.4251],[-80.1445,36.4176],[-80.1454,36.4303],[-80.1354,36.4375],[-80.1051,36.4406],[-80.0978,36.4592],[-80.0523,36.4593],[-80.0299,36.4478],[-80.0283,36.5073],[-80.0273,36.5425],[-80.0535,36.5425],[-80.1222,36.5426],[-80.1502,36.543],[-80.1288,36.4943],[-80.1457,36.4811],[-80.1497,36.4616]]]},"properties":{"ZCTA5CE20":"27046","AFFGEOID20":"860Z200US27046","GEOID20":"27046","NAME20":"27046","LSAD20":"Z5","ALAND20":111794977,"AWATER20":338152}},
{"type":"Feature","geometry":{"type":"Polygon","coordinates":[[[-79.4732,35.0506],[-79.4567,35.0679],[-79.4619,35.0782],[-79.4532,35.1034],[-79.4634,35.1168],[-79.4973,35.1273],[-79.5152,35.1067],[-79.5164,35.0916],[-79.5161,35.0863],[-79.507,35.0663],[-79.4773,35.057],[-79.4732,35.0506]]]},"properties":{"ZCTA5CE20":"28373","AFFGEOID20":"860Z200US28373","GEOID20":"28373","NAME20":"28373","LSAD20":"Z5","ALAND20":33435959,"AWATER20":146432}},
{"type":"Feature","geometry":{"type":"Polygon","coordinates":[[[-80.601,34.0394],[-80.641,33.9994],[-80.6411,33.9833],[-80.6233,33.9683],[-80.6281,33.9476],[-80.5928,33.9513],[-80.6037,33.9832],[-80.6027,33.9936],[-80.5719,34.0244],[-80.5763,34.0363],[-80.5873,34.0434],[-80.601,34.0394]]]},"properties":{"ZCTA5CE20":"29062","AFFGEOID20":"860Z200US29062","GEOID20":"29062","NAME20":"29062","LSAD20":"Z5","ALAND20":31406463,"AWATER20":1116964}},
{"type":"Feature","geometry":{"type":"Polygon","coordinates":[[[-80.9581,35.1904],[-80.9609,35.172],[-80.9212,35.1637],[-80.9262,35.147],[-80.8986,35.1338],[-80.8763,35.1377],[-80.8748,35.1727],[-80.8778,35.1904],[-80.8704,35.198],[-80.8797,35.2109],[-80.9084,35.194],[-80.9216,35.1897],[-80.9355,35.1934],[-80.9576,35.1903],[-80.9581,35.1904]]]},"properties":{"ZCTA5CE20":"28217","AFFGEOID20":"860Z200US28217","GEOID20":"28217","NAME20":"28217","LSAD20":"Z5","ALAND20":38675252,"AWATER20":355454}},
{"type":"Feature","geometry":{"type":"Polygon","coordinates":[[[-80.984,36.3768],[-80.9599,36.3732],[-80.9736,36.3631],[-80.9721,36.3464],[-80.9491,36.338],[-80.9374,36.3413],[-80.9192,36.3374],[-80.9092,36.3506],[-80.8897,36.3542],[-80.8796,36.3703],[-80.8652,36.3814],[-80.8406,36.3753],[-80.8406,36.397],[-80.8725,36.4353],[-80.8948,36.4384],[-80.9164,36.4342],[-80.9307,36.4189],[-80.9494,36.4218],[-80.9472,36.4191],[-80.9842,36.3879],[-80.984,36.3768]]]},"properties":{"ZCTA5CE20":"28683","AFFGEOID20":"860Z200US28683","GEOID20":"28683","NAME20":"28683","LSAD20":"Z5","ALAND20":89491322,"AWATER20":315513}},
{"type":"Feature","geometry":{"type":"Polygon","coordinates":[[[-83.8355,35.4491],[-83.8637,35.4478],[-83.865,35.43],[-83.8458,35.4292],[-83.838,35.4232],[-83.7908,35.4235],[-83.7659,35.4182],[-83.7517,35.4317],[-83.7242,35.4233],[-83.7087,35.4375],[-83.6691,35.4332],[-83.657,35.4269],[-83.6549,35.4281],[-83.6699,35.4356],[-83.7328,35.4474],[-83.7567,35.4417],[-83.7745,35.4435],[-83.8005,35.4558],[-83.8067,35.4448],[-83.8212,35.4508],[-83.8355,35.4491]]]},"properties":{"ZCTA5CE20":"28733","AFFGEOID20":"860Z200US28733","GEOID20":"28733","NAME20":"28733","LSAD20":"Z5","ALAND20":31912853,"AWATER20":6108548}},
{"type":"Feature","geometry":{"type":"Polygon","coordinates":[[[-78.5974,35.8599],[-78.6038,35.8498],[-78.5748,35.8479],[-78.5692,35.8312],[-78.5449,35.8351],[-78.5316,35.8484],[-78.514,35.8446],[-78.4921,35.8318],[-78.479,35.8554],[-78.472,35.8716],[-78.5003,35.8729],[-78.5061,35.9035],[-78.5352,35.9043],[-78.5577,35.9099],[-78.5692,35.8971],[-78.5758,35.8854],[-78.5922,35.8736],[-78.5974,35.8599]]]},"properties":{"ZCTA5CE20":"27616","AFFGEOID20":"860Z200US27616","GEOID20":"27616","NAME20":"27616","LSAD20":"Z5","ALAND20":58259447,"AWATER20":181029}},
{"type":"Feature","geometry":{"type":"Polygon","coordinates":[[[-80.3144,36.2029],[-80.3476,36.1669],[-80.3576,36.1435],[-80.3897,36.1423],[-80.3854,36.1256],[-80.3871,36.1082],[-80.3739,36.0951],[-80.3585,36.1024],[-80.351,36.1141],[-80.3112,36.1028],[-80.2878,36.107],[-80.2853,36.1141],[-80.2622,36.1215],[-80.2654,36.1559],[-80.2916,36.1636],[-80.2921,36.1859],[-80.3047,36.1897],[-80.3084,36.203],[-80.3144,36.2029]],[[-80.2819,36.1373],[-80.2701,36.131],[-80.2793,36.1302],[-80.2819,36.1373]]]},"properties":{"ZCTA5CE20":"27106","AFFGEOID20":"860Z200US27106","GEOID20":"27106","NAME20":"27106","LSAD20":"Z5","ALAND20":73737537,"AWATER20":738890}},
{"type":"Feature","geometry":{"type":"Polygon","coordinates":[[[-80.8363,35.1883],[-80.833,35.1869],[-80.8304,35.1892],[-80.8345,35.1913],[-80.8363,35.1883]]]},"properties":{"ZCTA5CE20":"28274","AFFGEOID20":"860Z200US28274","GEOID20":"28274","NAME20":"28274","LSAD20":"Z5","ALAND20":153707,"AWATER20":0}},
{"type":"Feature","geometry":{"type":"Polygon","coordinates":[[[-76.529,34.7356],[-76.5234,34.7212],[-76.5127,34.7203],[-76.4984,34.7321],[-76.5099,34.7476],[-76.529,34.7356]]]},"properties":{"ZCTA5CE20":"28553","AFFGEOID20":"860Z200US28553","GEOID20":"28553","NAME20":"28553","LSAD20":"Z5","ALAND20":2871661,"AWATER20":10524833}},
{"type":"Feature","geometry":{"type":"Polygon","coordinates":[[[-80.1844,34.8119],[-80.1751,34.8078],[-80.2013,34.7852],[-80.1912,34.7812],[-80.1722,34.7875],[-80.163,34.7811],[-80.1639,34.7659],[-80.1475,34.7515],[-80.1531,34.7319],[-80.1728,34.7158],[-80.1581,34.7023],[-80.1702,34.6927],[-80.169,34.6815],[-80.1978,34.683],[-80.1908,34.6684],[-80.1706,34.6418],[-80.1395,34.6377],[-80.1187,34.6228],[-80.1056,34.6259],[-80.0984,34.6383],[-80.0855,34.6309],[-80.072,34.6396],[-80.056,34.6329],[-80.0387,34.6455],[-80.0296,34.6398],[-80.0185,34.6603],[-80.0043,34.6514],[-80.0027,34.6747],[-79.9903,34.6791],[-80.0033,34.6973],[-80.0165,34.7078],[-80.0202,34.7206],[-80.0326,34.7257],[-80.0503,34.752],[-80.0487,34.7666],[-80.0133,34.8084],[-80.1747,34.8117],[-80.1844,34.8119]]]},"properties":{"ZCTA5CE20":"29709","AFFGEOID20":"860Z200US29709","GEOID20":"29709","NAME20":"29709","LSAD20":"Z5","ALAND20":259485912,"AWATER20":1126658}},
{"type":"Feature","geometry":{"type":"Polygon","coordinates":[[[-78.9115,36.0224],[-78.9125,36.0035],[-78.9329,35.9924],[-78.8993,35.9883],[-78.8946,35.9718],[-78.8852,35.9682],[-78.8874,35.9857],[-78.8718,36.004],[-78.8755,36.0133],[-78.9115,36.0224]]]},"properties":{"ZCTA5CE20":"27701","AFFGEOID20":"860Z200US27701","GEOID20":"27701","NAME20":"27701","LSAD20":"Z5","ALAND20":13596062,"AWATER20":1025}},
{"type":"Feature","geometry":{"type":"Polygon","coordinates":[[[-82.6162,35.7674],[-82.626,35.7576],[-82.6677,35.7378],[-82.6804,35.7136],[-82.6772,35.706],[-82.6592,35.6955],[-82.6658,35.6746],[-82.647,35.6461],[-82.6317,35.6439],[-82.6308,35.6604],[-82.614,35.672],[-82.6191,35.6904],[-82.6136,35.6948],[-82.6244,35.7174],[-82.6066,35.7435],[-82.6162,35.7674]]]},"properties":{"ZCTA5CE20":"28701","AFFGEOID20":"860Z200US28701","GEOID20":"28701","NAME20":"28701","LSAD20":"Z5","ALAND20":46977002,"AWATER20":1137487}},
{"type":"Feature","geometry":{"type":"Polygon","coordinates":[[[-81.1067,35.2856],[-81.116,35.276],[-81.1149,35.2618],[-81.1076,35.2568],[-81.0832,35.2555],[-81.0776,35.2642],[-81.0825,35.2812],[-81.1067,35.2856]]]},"properties":{"ZCTA5CE20":"28098","AFFGEOID20":"860Z200US28098","GEOID20":"28098","NAME20":"28098","LSAD20":"Z5","ALAND20":9431364,"AWATER20":211909}},
{"type":"Feature","geometry":{"type":"Polygon","coordinates":[[[-79.482,33.9661],[-79.492,33.9526],[-79.4826,33.9376],[-79.4737,33.93],[-79.452,33.9246],[-79.4522,33.9148],[-79.429,33.8978],[-79.4013,33.8928],[-79.3968,33.8752],[-79.3683,33.8429],[-79.3383,33.8405],[-79.3215,33.8306],[-79.3146,33.807],[-79.3253,33.802],[-79.317,33.7799],[-79.2926,33.7502],[-79.2916,33.729],[-79.2751,33.7089],[-79.2464,33.6953],[-79.1903,33.7058],[-79.1959,33.7279],[-79.2282,33.7572],[-79.2379,33.7754],[-79.2481,33.7844],[-79.2561,33.8125],[-79.2527,33.8363],[-79.2641,33.8425],[-79.2562,33.8717],[-79.2636,33.8925],[-79.2831,33.9007],[-79.3123,33.9182],[-79.3116,33.9442],[-79.323,33.949],[-79.3351,33.9641],[-79.3437,33.9623],[-79.3634,33.9825],[-79.3829,33.9856],[-79.372,34.0038],[-79.3714,34.0192],[-79.3809,34.037],[-79.3953,34.0363],[-79.4098,34.0258],[-79.4227,34.0289],[-79.4309,34.0555],[-79.441,34.0623],[-79.4788,34.0399],[-79.4879,34.0055],[-79.4828,33.988],[-79.482,33.9661]]]},"properties":{"ZCTA5CE20":"29546","AFFGEOID20":"860Z200US29546","GEOID20":"29546","NAME20":"29546","LSAD20":"Z5","ALAND20":369028738,"AWATER20":8341488}},
{"type":"Feature","geometry":{"type":"Polygon","coordinates":[[[-82.0192,34.2273],[-82.0362,34.2188],[-82.0459,34.2012],[-82.0406,34.1889],[-82.0658,34.1895],[-82.0877,34.1641],[-82.0773,34.1475],[-82.0621,34.1411],[-82.0772,34.1265],[-82.0861,34.1312],[-82.1057,34.125],[-82.1119,34.1175],[-82.0977,34.109],[-82.0881,34.0842],[-82.1005,34.0725],[-82.0865,34.0639],[-82.0873,34.0514],[-82.0716,34.0433],[-82.0683,34.0328],[-82.0592,34.0403],[-82.0403,34.0282],[-82.0196,34.0359],[-81.9933,34.0333],[-81.9888,34.0025],[-81.9657,34.0188],[-81.9927,34.0563],[-81.9693,34.0709],[-81.9405,34.0502],[-81.9289,34.0659],[-81.8923,34.0459],[-81.8783,34.0595],[-81.9,34.0727],[-81.9033,34.0827],[-81.8874,34.0955],[-81.8873,34.1182],[-81.8705,34.1299],[-81.8836,34.1426],[-81.8957,34.1455],[-81.9077,34.1619],[-81.9045,34.1764],[-81.917,34.177],[-81.9267,34.1959],[-81.945,34.2031],[-81.9607,34.2185],[-81.9711,34.2222],[-81.9784,34.2381],[-81.9921,34.2423],[-82.0192,34.2273]]]},"properties":{"ZCTA5CE20":"29666","AFFGEOID20":"860Z200US29666","GEOID20":"29666","NAME20":"29666","LSAD20":"Z5","ALAND20":316835222,"AWATER20":9213901}},
{"type":"Feature","geometry":{"type":"Polygon","coordinates":[[[-82.0753,34.988],[-82.0905,34.9849],[-82.0998,35.0012],[-82.1178,35.0067],[-82.1247,35.0313],[-82.1401,35.0355],[-82.1519,35.0084],[-82.1386,34.9773],[-82.1133,34.9744],[-82.1173,34.9553],[-82.1054,34.9509],[-82.1052,34.9395],[-82.1051,34.9393],[-82.0908,34.939],[-82.082,34.9314],[-82.0949,34.9221],[-82.0839,34.9128],[-82.0595,34.9292],[-82.0729,34.9372],[-82.0671,34.9521],[-82.0531,34.9611],[-82.0504,34.9709],[-82.0753,34.988]]]},"properties":{"ZCTA5CE20":"29385","AFFGEOID20":"860Z200US29385","GEOID20":"29385","NAME20":"29385","LSAD20":"Z5","ALAND20":48523954,"AWATER20":934930}},
{"type":"Feature","geometry":{"type":"Polygon","coordinates":[[[-79.8856,33.6665],[-79.9163,33.6628],[-79.9309,33.6657],[-79.9405,33.6571],[-79.9571,33.6261],[-79.9457,33.6246],[-79.9499,33.5988],[-79.9374,33.5735],[-79.9456,33.5643],[-79.934,33.5531],[-79.953,33.5288],[-79.9744,33.5304],[-80.0029,33.5271],[-79.9882,33.5154],[-79.9693,33.508],[-79.9607,33.4948],[-79.9501,33.5176],[-79.9323,33.5015],[-79.8948,33.525],[-79.8948,33.5535],[-79.8841,33.5569],[-79.8698,33.5512],[-79.8622,33.5395],[-79.8622,33.5201],[-79.8293,33.5124],[-79.8381,33.4955],[-79.8088,33.4896],[-79.7806,33.4887],[-79.7979,33.4618],[-79.7772,33.4545],[-79.7513,33.4636],[-79.7468,33.4566],[-79.718,33.4608],[-79.7203,33.4719],[-79.7124,33.4846],[-79.732,33.4892],[-79.7275,33.5039],[-79.7392,33.5164],[-79.74,33.5376],[-79.7357,33.557],[-79.7291,33.563],[-79.7369,33.5752],[-79.7548,33.5798],[-79.7741,33.5935],[-79.8138,33.5825],[-79.8255,33.5978],[-79.8402,33.6024],[-79.852,33.615],[-79.8847,33.6275],[-79.8425,33.6335],[-79.8417,33.6539],[-79.8781,33.6554],[-79.8856,33.6665]]]},"properties":{"ZCTA5CE20":"29590","AFFGEOID20":"860Z200US29590","GEOID20":"29590","NAME20":"29590","LSAD20":"Z5","ALAND20":273070847,"AWATER20":373492}},
{"type":"Feature","geometry":{"type":"Polygon","coordinates":[[[-82.2772,35.4481],[-82.2701,35.4004],[-82.2613,35.3932],[-82.2391,35.4026],[-82.2205,35.3946],[-82.2078,35.4087],[-82.2113,35.4201],[-82.2372,35.4069],[-82.2542,35.4224],[-82.2359,35.4464],[-82.2457,35.4653],[-82.267,35.4657],[-82.2772,35.4481]]]},"properties":{"ZCTA5CE20":"28720","AFFGEOID20":"860Z200US28720","GEOID20":"28720","NAME20":"28720","LSAD20":"Z5","ALAND20":24031445,"AWATER20":0}},
{"type":"Feature","geometry":{"type":"Polygon","coordinates":[[[-81.4527,32.8717],[-81.4556,32.8465],[-81.4449,32.851],[-81.4216,32.8352],[-81.4198,32.8137],[-81.4263,32.8099],[-81.425,32.7903],[-81.4301,32.7818],[-81.4118,32.7631],[-81.4186,32.748],[-81.4051,32.745],[-81.394,32.7449],[-81.368,32.7606],[-81.3385,32.7685],[-81.3268,32.7909],[-81.3009,32.8104],[-81.2798,32.8081],[-81.2694,32.813],[-81.2491,32.8071],[-81.2131,32.8054],[-81.2076,32.8249],[-81.199,32.8345],[-81.2194,32.8435],[-81.2206,32.826],[-81.2399,32.8213],[-81.2485,32.8436],[-81.2631,32.8442],[-81.2679,32.8607],[-81.2756,32.8922],[-81.2994,32.9011],[-81.3106,32.866],[-81.346,32.8512],[-81.3696,32.8533],[-81.371,32.8667],[-81.3821,32.8743],[-81.4286,32.8762],[-81.4293,32.8888],[-81.4527,32.8717]]]},"properties":{"ZCTA5CE20":"29932","AFFGEOID20":"860Z200US29932","GEOID20":"29932","NAME20":"29932","LSAD20":"Z5","ALAND20":178558393,"AWATER20":3174143}},
{"type":"Feature","geometry":{"type":"Polygon","coordinates":[[[-78.1823,34.6459],[-78.1957,34.6287],[-78.218,34.6334],[-78.2148,34.6537],[-78.2278,34.6573],[-78.2212,34.6747],[-78.2409,34.6749],[-78.2612,34.6694],[-78.2739,34.6492],[-78.298,34.6607],[-78.3109,34.6611],[-78.3241,34.6519],[-78.3278,34.6417],[-78.3487,34.6367],[-78.3561,34.6516],[-78.3892,34.6315],[-78.368,34.6151],[-78.3749,34.5957],[-78.3808,34.579],[-78.357,34.5602],[-78.3543,34.545],[-78.3127,34.5212],[-78.3048,34.5216],[-78.2819,34.5053],[-78.2502,34.4946],[-78.2454,34.4999],[-78.2553,34.5081],[-78.2558,34.5203],[-78.2722,34.5384],[-78.2607,34.5454],[-78.2335,34.5804],[-78.185,34.5603],[-78.1799,34.5755],[-78.1393,34.5809],[-78.1241,34.5895],[-78.1262,34.6028],[-78.1127,34.6135],[-78.1091,34.6332],[-78.118,34.6487],[-78.1282,34.6484],[-78.1587,34.6595],[-78.1823,34.6459]]]},"properties":{"ZCTA5CE20":"28447","AFFGEOID20":"860Z200US28447","GEOID20":"28447","NAME20":"28447","LSAD20":"Z5","ALAND20":259736421,"AWATER20":174782}},
{"type":"Feature","geometry":{"type":"Polygon","coordinates":[[[-78.0429,35.387],[-78.0406,35.3831],[-78.034,35.3879],[-78.0375,35.3911],[-78.0429,35.387]]]},"properties":{"ZCTA5CE20":"27533","AFFGEOID20":"860Z200US27533","GEOID20":"27533","NAME20":"27533","LSAD20":"Z5","ALAND20":390229,"AWATER20":0}},
{"type":"Feature","geometry":{"type":"Polygon","coordinates":[[[-75.8035,36.1188],[-75.8167,36.1124],[-75.8149,36.1023],[-75.8004,36.0809],[-75.7904,36.0803],[-75.803,36.0987],[-75.8035,36.1188]]]},"properties":{"ZCTA5CE20":"27964","AFFGEOID20":"860Z200US27964","GEOID20":"27964","NAME20":"27964","LSAD20":"Z5","ALAND20":4234165,"AWATER20":42603801}},
{"type":"Feature","geometry":{"type":"Polygon","coordinates":[[[-78.7594,35.8919],[-78.7698,35.8841],[-78.7713,35.869],[-78.7858,35.8554],[-78.7776,35.844],[-78.7623,35.8415],[-78.7593,35.8016],[-78.7638,35.7923],[-78.7471,35.7894],[-78.7273,35.7863],[-78.7248,35.7994],[-78.6949,35.7952],[-78.687,35.787],[-78.6755,35.7807],[-78.6653,35.7831],[-78.6602,35.7998],[-78.6676,35.8165],[-78.6888,35.8271],[-78.7084,35.8225],[-78.715,35.8153],[-78.7437,35.8369],[-78.7415,35.8452],[-78.759,35.8687],[-78.7479,35.8814],[-78.7594,35.8919]],[[-78.687,35.787],[-78.685,35.7912],[-78.6748,35.7866],[-78.6752,35.7812],[-78.687,35.787]]]},"properties":{"ZCTA5CE20":"27607","AFFGEOID20":"860Z200US27607","GEOID20":"27607","NAME20":"27607","LSAD20":"Z5","ALAND20":45000125,"AWATER20":339249}},
{"type":"Feature","geometry":{"type":"Polygon","coordinates":[[[-78.5282,34.4109],[-78.5512,34.4202],[-78.5831,34.398],[-78.5625,34.3851],[-78.5697,34.3789],[-78.5535,34.3674],[-78.5467,34.3328],[-78.5657,34.3116],[-78.5573,34.2892],[-78.5626,34.276],[-78.5517,34.2389],[-78.5484,34.2362],[-78.5103,34.1742],[-78.5037,34.1691],[-78.495,34.167],[-78.4785,34.1759],[-78.4703,34.2136],[-78.469,34.232],[-78.4586,34.2458],[-78.4624,34.2759],[-78.472,34.2917],[-78.4665,34.3254],[-78.4713,34.3365],[-78.4884,34.3509],[-78.4778,34.3634],[-78.501,34.3795],[-78.4904,34.3957],[-78.5282,34.4109]]]},"properties":{"ZCTA5CE20":"28450","AFFGEOID20":"860Z200US28450","GEOID20":"28450","NAME20":"28450","LSAD20":"Z5","ALAND20":150782683,"AWATER20":36020077}},
{"type":"Feature","geometry":{"type":"Polygon","coordinates":[[[-78.8263,34.8507],[-78.8208,34.8141],[-78.7982,34.7847],[-78.7956,34.7595],[-78.7891,34.7474],[-78.7533,34.7279],[-78.7402,34.7155],[-78.7133,34.71],[-78.691,34.698],[-78.6782,34.6814],[-78.6554,34.6613],[-78.6496,34.6727],[-78.6348,34.6845],[-78.65,34.6947],[-78.6527,34.7092],[-78.6672,34.7254],[-78.6577,34.7353],[-78.6421,34.7792],[-78.6633,34.7876],[-78.6699,34.7979],[-78.6868,34.8073],[-78.678,34.8157],[-78.6742,34.8337],[-78.7025,34.84],[-78.7352,34.8343],[-78.744,34.8508],[-78.7535,34.8508],[-78.7619,34.8797],[-78.789,34.878],[-78.7969,34.8645],[-78.808,34.8646],[-78.813,34.8507],[-78.8263,34.8507]]]},"properties":{"ZCTA5CE20":"28399","AFFGEOID20":"860Z200US28399","GEOID20":"28399","NAME20":"28399","LSAD20":"Z5","ALAND20":205274341,"AWATER20":4282362}},
{"type":"Feature","geometry":{"type":"Polygon","coordinates":[[[-78.5589,33.8664],[-78.5473,33.8565],[-78.5405,33.8527],[-78.5083,33.8668],[-78.4848,33.8735],[-78.492,33.9166],[-78.5006,33.9285],[-78.5024,33.95],[-78.5335,33.9498],[-78.5541,33.9412],[-78.5578,33.9049],[-78.5482,33.8845],[-78.5395,33.8762],[-78.5589,33.8664]]]},"properties":{"ZCTA5CE20":"28468","AFFGEOID20":"860Z200US28468","GEOID20":"28468","NAME20":"28468","LSAD20":"Z5","ALAND20":49495977,"AWATER20":5268042}},
{"type":"Feature","geometry":{"type":"Polygon","coordinates":[[[-76.3638,34.9265],[-76.3832,34.8981],[-76.3657,34.8729],[-76.3468,34.8734],[-76.3314,34.8849],[-76.3141,34.9063],[-76.3368,34.9098],[-76.3412,34.9273],[-76.3638,34.9265]]]},"properties":{"ZCTA5CE20":"28511","AFFGEOID20":"860Z200US28511","GEOID20":"28511","NAME20":"28511","LSAD20":"Z5","ALAND20":21168141,"AWATER20":21563774}},
{"type":"Feature","geometry":{"type":"Polygon","coordinates":[[[-83.1566,35.5521],[-83.1713,35.5379],[-83.174,35.5217],[-83.1565,35.4957],[-83.2248,35.443],[-83.2073,35.4364],[-83.1895,35.445],[-83.1761,35.4439],[-83.1518,35.4498],[-83.1377,35.4644],[-83.1091,35.4641],[-83.0878,35.4841],[-83.0645,35.4947],[-83.0278,35.5006],[-83.0301,35.5217],[-83.0472,35.5423],[-83.0632,35.5484],[-83.072,35.5423],[-83.0867,35.5649],[-83.0977,35.5709],[-83.1195,35.5514],[-83.1489,35.549],[-83.1566,35.5521]]]},"properties":{"ZCTA5CE20":"28751","AFFGEOID20":"860Z200US28751","GEOID20":"28751","NAME20":"28751","LSAD20":"Z5","ALAND20":118375270,"AWATER20":0}},
{"type":"Feature","geometry":{"type":"Polygon","coordinates":[[[-78.2342,35.5183],[-78.2583,35.514],[-78.2359,35.5018],[-78.2342,35.5183]]]},"properties":{"ZCTA5CE20":"27568","AFFGEOID20":"860Z200US27568","GEOID20":"27568","NAME20":"27568","LSAD20":"Z5","ALAND20":3145490,"AWATER20":0}},
{"type":"Feature","geometry":{"type":"Polygon","coordinates":[[[-77.7083,34.7584],[-77.6885,34.7512],[-77.6883,34.7336],[-77.68,34.726],[-77.6799,34.7349],[-77.6319,34.7567],[-77.597,34.7456],[-77.6064,34.7755],[-77.5952,34.7881],[-77.5677,34.795],[-77.5591,34.7868],[-77.5322,34.8061],[-77.5428,34.8192],[-77.5362,34.8461],[-77.5152,34.8602],[-77.5077,34.8776],[-77.496,34.8703],[-77.489,34.8867],[-77.4739,34.9059],[-77.4927,34.9238],[-77.4903,34.9412],[-77.5027,34.9696],[-77.631,34.9837],[-77.6316,35.004],[-77.6197,35.0054],[-77.604,35.0184],[-77.6095,35.0238],[-77.6343,35.0264],[-77.6368,35.0121],[-77.6533,35.0041],[-77.6668,34.9868],[-77.6651,34.9721],[-77.6779,34.9686],[-77.6534,34.9405],[-77.6511,34.9237],[-77.6313,34.9213],[-77.6291,34.9053],[-77.6388,34.9023],[-77.6288,34.8763],[-77.6104,34.8583],[-77.608,34.8449],[-77.6328,34.8412],[-77.6366,34.8344],[-77.6574,34.8207],[-77.6726,34.8157],[-77.6772,34.7981],[-77.7027,34.7883],[-77.7003,34.7643],[-77.7083,34.7584]]]},"properties":{"ZCTA5CE20":"28574","AFFGEOID20":"860Z200US28574","GEOID20":"28574","NAME20":"28574","LSAD20":"Z5","ALAND20":321267317,"AWATER20":397281}},
{"type":"Feature","geometry":{"type":"Polygon","coordinates":[[[-78.8405,33.9049],[-78.8505,33.8979],[-78.847,33.8855],[-78.8235,33.8585],[-78.8118,33.8375],[-78.7882,33.8233],[-78.7853,33.8134],[-78.8047,33.8077],[-78.7941,33.7799],[-78.7772,33.7897],[-78.7814,33.8151],[-78.7546,33.827],[-78.7311,33.809],[-78.7107,33.8263],[-78.693,33.8318],[-78.7104,33.835],[-78.7323,33.8286],[-78.7413,33.8467],[-78.7294,33.8617],[-78.7077,33.8696],[-78.6753,33.8923],[-78.6829,33.9057],[-78.6963,33.9083],[-78.687,33.9217],[-78.6709,33.9285],[-78.6503,33.9443],[-78.6504,33.9443],[-78.7399,34.0202],[-78.7453,34.0041],[-78.7688,34.0003],[-78.7697,33.976],[-78.7973,33.9548],[-78.8136,33.9527],[-78.8277,33.9358],[-78.8405,33.9049]]]},"properties":{"ZCTA5CE20":"29568","AFFGEOID20":"860Z200US29568","GEOID20":"29568","NAME20":"29568","LSAD20":"Z5","ALAND20":231928003,"AWATER20":428823}},
{"type":"Feature","geometry":{"type":"Polygon","coordinates":[[[-79.664,35.7751],[-79.6843,35.7362],[-79.6758,35.7317],[-79.6768,35.7108],[-79.6813,35.6097],[-79.6634,35.604],[-79.6339,35.6074],[-79.6209,35.6037],[-79.6065,35.5919],[-79.5733,35.6075],[-79.5702,35.6143],[-79.5825,35.6331],[-79.5998,35.6554],[-79.5797,35.6683],[-79.5623,35.6861],[-79.5467,35.709],[-79.5459,35.7314],[-79.579,35.7439],[-79.5986,35.759],[-79.5948,35.7803],[-79.6008,35.7837],[-79.6223,35.7659],[-79.6302,35.7752],[-79.6489,35.7789],[-79.664,35.7751]]]},"properties":{"ZCTA5CE20":"27316","AFFGEOID20":"860Z200US27316","GEOID20":"27316","NAME20":"27316","LSAD20":"Z5","ALAND20":175383156,"AWATER20":780203}},
{"type":"Feature","geometry":{"type":"Polygon","coordinates":[[[-77.2549,36.2185],[-77.2982,36.2077],[-77.2933,36.1974],[-77.2997,36.1814],[-77.2915,36.1683],[-77.2847,36.1684],[-77.2671,36.151],[-77.2645,36.1391],[-77.2515,36.1355],[-77.2523,36.1217],[-77.2105,36.1439],[-77.2161,36.1646],[-77.2015,36.1699],[-77.1882,36.1677],[-77.1712,36.147],[-77.144,36.1322],[-77.1319,36.1307],[-77.1343,36.1475],[-77.1451,36.1569],[-77.1465,36.1703],[-77.1343,36.184],[-77.1388,36.2015],[-77.1513,36.2092],[-77.1305,36.2172],[-77.1418,36.2317],[-77.1765,36.2427],[-77.2083,36.2466],[-77.2037,36.2284],[-77.2271,36.2141],[-77.232,36.2085],[-77.2293,36.1987],[-77.2438,36.1895],[-77.2549,36.2185]]]},"properties":{"ZCTA5CE20":"27847","AFFGEOID20":"860Z200US27847","GEOID20":"27847","NAME20":"27847","LSAD20":"Z5","ALAND20":117319853,"AWATER20":803321}},
{"type":"Feature","geometry":{"type":"Polygon","coordinates":[[[-78.793,36.2181],[-78.8024,36.2194],[-78.8031,36.179],[-78.7744,36.1578],[-78.7437,36.1568],[-78.7287,36.1502],[-78.7261,36.1733],[-78.6987,36.1786],[-78.6914,36.1712],[-78.6725,36.1701],[-78.6677,36.1794],[-78.6442,36.2034],[-78.6694,36.2154],[-78.6876,36.2187],[-78.7066,36.2101],[-78.7232,36.2172],[-78.7033,36.2258],[-78.6925,36.2449],[-78.6971,36.2566],[-78.729,36.2582],[-78.7528,36.2464],[-78.7537,36.2369],[-78.7696,36.2317],[-78.7679,36.2222],[-78.793,36.2181]]]},"properties":{"ZCTA5CE20":"27581","AFFGEOID20":"860Z200US27581","GEOID20":"27581","NAME20":"27581","LSAD20":"Z5","ALAND20":93736358,"AWATER20":1646355}},
{"type":"Feature","geometry":{"type":"Polygon","coordinates":[[[-76.0269,36.3895],[-76.0375,36.3874],[-76.0391,36.3688],[-76.046,36.3583],[-76.0364,36.3552],[-76.0283,36.3448],[-76.0167,36.3443],[-76.0204,36.3342],[-76.0172,36.3279],[-76.0079,36.3286],[-76.0017,36.3235],[-75.9997,36.3112],[-75.9711,36.3084],[-75.9723,36.3163],[-75.9544,36.3409],[-75.9466,36.3555],[-75.9535,36.3991],[-75.9588,36.4078],[-75.9947,36.4079],[-75.9752,36.3957],[-76.0013,36.3892],[-76.0263,36.3894],[-76.0269,36.3895]]]},"properties":{"ZCTA5CE20":"27917","AFFGEOID20":"860Z200US27917","GEOID20":"27917","NAME20":"27917","LSAD20":"Z5","ALAND20":51128242,"AWATER20":10801159}},
{"type":"Feature","geometry":{"type":"Polygon","coordinates":[[[-80.0334,36.3194],[-80.0351,36.2595],[-80.036,36.2287],[-80.0148,36.2296],[-79.9958,36.2219],[-79.9898,36.2127],[-79.9696,36.2068],[-79.9567,36.2132],[-79.9228,36.2233],[-79.9156,36.2288],[-79.9243,36.2563],[-79.906,36.279],[-79.9196,36.3065],[-79.9542,36.3001],[-79.9627,36.3315],[-79.9819,36.3286],[-79.9987,36.3187],[-80.0334,36.3194]]]},"properties":{"ZCTA5CE20":"27357","AFFGEOID20":"860Z200US27357","GEOID20":"27357","NAME20":"27357","LSAD20":"Z5","ALAND20":110517127,"AWATER20":4622161}},
{"type":"Feature","geometry":{"type":"Polygon","coordinates":[[[-80.6689,34.9382],[-80.6794,34.9343],[-80.6929,34.9335],[-80.6906,34.9308],[-80.6745,34.9342],[-80.6689,34.9382]]]},"properties":{"ZCTA5CE20":"28108","AFFGEOID20":"860Z200US28108","GEOID20":"28108","NAME20":"28108","LSAD20":"Z5","ALAND20":531378,"AWATER20":11475}},
{"type":"Feature","geometry":{"type":"Polygon","coordinates":[[[-82.1137,35.8346],[-82.1047,35.8338],[-82.0898,35.8499],[-82.0808,35.8473],[-82.0577,35.8516],[-82.0748,35.8487],[-82.1003,35.8526],[-82.1019,35.8423],[-82.1137,35.8346]]]},"properties":{"ZCTA5CE20":"28749","AFFGEOID20":"860Z200US28749","GEOID20":"28749","NAME20":"28749","LSAD20":"Z5","ALAND20":3026466,"AWATER20":0}},
{"type":"Feature","geometry":{"type":"MultiPolygon","coordinates":[[[[-78.7863,34.1773],[-78.7609,34.1436],[-78.7549,34.1188],[-78.7317,34.1069],[-78.7187,34.0852],[-78.6992,34.0862],[-78.704,34.1015],[-78.6946,34.1166],[-78.7018,34.1251],[-78.6977,34.1453],[-78.7064,34.1811],[-78.7143,34.1886],[-78.7213,34.2075],[-78.7409,34.208],[-78.7526,34.1932],[-78.749,34.1749],[-78.7863,34.1773]]],[[[-78.7803,34.2436],[-78.7911,34.2483],[-78.8045,34.2432],[-78.8218,34.2226],[-78.7966,34.222],[-78.7732,34.2274],[-78.7544,34.226],[-78.7531,34.235],[-78.7803,34.2436]]],[[[-78.8782,34.2362],[-78.8779,34.2191],[-78.8517,34.2134],[-78.8467,34.2046],[-78.8085,34.1804],[-78.7863,34.1773],[-78.7963,34.2035],[-78.8077,34.2029],[-78.8438,34.2151],[-78.8422,34.2363],[-78.8782,34.2362]]]]},"properties":{"ZCTA5CE20":"28432","AFFGEOID20":"860Z200US28432","GEOID20":"28432","NAME20":"28432","LSAD20":"Z5","ALAND20":88690845,"AWATER20":376371}},
{"type":"Feature","geometry":{"type":"Polygon","coordinates":[[[-78.4641,34.6781],[-78.4723,34.6712],[-78.4716,34.6584],[-78.4615,34.6497],[-78.4631,34.6361],[-78.4551,34.6157],[-78.4469,34.6101],[-78.4315,34.6258],[-78.4078,34.6115],[-78.3965,34.6098],[-78.3749,34.5957],[-78.368,34.6151],[-78.3892,34.6315],[-78.3561,34.6516],[-78.3487,34.6367],[-78.3278,34.6417],[-78.3241,34.6519],[-78.3109,34.6611],[-78.298,34.6607],[-78.2739,34.6492],[-78.2612,34.6694],[-78.2409,34.6749],[-78.2212,34.6747],[-78.2278,34.6573],[-78.2148,34.6537],[-78.218,34.6334],[-78.1957,34.6287],[-78.1823,34.6459],[-78.19,34.6622],[-78.1818,34.6844],[-78.1671,34.6928],[-78.1747,34.7112],[-78.1506,34.722],[-78.1608,34.7314],[-78.1802,34.7684],[-78.1905,34.7679],[-78.1985,34.7422],[-78.216,34.7382],[-78.2533,34.757],[-78.2822,34.7338],[-78.3103,34.7448],[-78.3193,34.755],[-78.3336,34.7531],[-78.3401,34.734],[-78.3256,34.7124],[-78.3527,34.698],[-78.3686,34.7043],[-78.3823,34.7173],[-78.3813,34.7244],[-78.3953,34.7511],[-78.409,34.7614],[-78.4293,34.7385],[-78.4042,34.7198],[-78.4124,34.6994],[-78.4445,34.7169],[-78.457,34.711],[-78.4641,34.6781]]]},"properties":{"ZCTA5CE20":"28444","AFFGEOID20":"860Z200US28444","GEOID20":"28444","NAME20":"28444","LSAD20":"Z5","ALAND20":272854614,"AWATER20":7340840}},
{"type":"Feature","geometry":{"type":"Polygon","coordinates":[[[-80.7243,35.3059],[-80.7363,35.3181],[-80.7413,35.302],[-80.7243,35.3059]]]},"properties":{"ZCTA5CE20":"28223","AFFGEOID20":"860Z200US28223","GEOID20":"28223","NAME20":"28223","LSAD20":"Z5","ALAND20":1762520,"AWATER20":8270}},
{"type":"Feature","geometry":{"type":"Polygon","coordinates":[[[-81.8945,33.5052],[-81.9207,33.4899],[-81.9344,33.487],[-81.926,33.4623],[-81.9131,33.4383],[-81.9317,33.4245],[-81.9105,33.4103],[-81.8765,33.411],[-81.877,33.3984],[-81.8567,33.3872],[-81.8434,33.393],[-81.8321,33.3822],[-81.8132,33.3897],[-81.8099,33.3994],[-81.8208,33.4149],[-81.8203,33.4249],[-81.8007,33.4446],[-81.7907,33.4673],[-81.8085,33.4767],[-81.8195,33.473],[-81.8384,33.4813],[-81.86,33.4817],[-81.8701,33.4969],[-81.8807,33.5006],[-81.8945,33.5051],[-81.8945,33.5052]]]},"properties":{"ZCTA5CE20":"29842","AFFGEOID20":"860Z200US29842","GEOID20":"29842","NAME20":"29842","LSAD20":"Z5","ALAND20":107113661,"AWATER20":1723437}},
{"type":"Feature","geometry":{"type":"Polygon","coordinates":[[[-80.059,32.9312],[-80.0988,32.9212],[-80.1152,32.9067],[-80.1265,32.9012],[-80.1228,32.9018],[-80.1124,32.8918],[-80.0992,32.8909],[-80.0807,32.8749],[-80.0644,32.8702],[-80.0503,32.8475],[-79.9987,32.8654],[-80.008,32.8693],[-80.0245,32.8864],[-80.042,32.8851],[-80.0467,32.8761],[-80.0669,32.8856],[-80.075,32.8981],[-80.0595,32.9117],[-80.058,32.9198],[-80.059,32.9312]]]},"properties":{"ZCTA5CE20":"29418","AFFGEOID20":"860Z200US29418","GEOID20":"29418","NAME20":"29418","LSAD20":"Z5","ALAND20":34259761,"AWATER20":975076}},
{"type":"Feature","geometry":{"type":"Polygon","coordinates":[[[-80.3427,36.2606],[-80.3434,36.2298],[-80.3567,36.2257],[-80.3524,36.211],[-80.317,36.2075],[-80.3144,36.2029],[-80.3084,36.203],[-80.2578,36.2017],[-80.2533,36.2186],[-80.2345,36.2194],[-80.2413,36.2226],[-80.2413,36.244],[-80.2541,36.2498],[-80.2778,36.2719],[-80.2977,36.2755],[-80.3105,36.2603],[-80.3427,36.2606]]]},"properties":{"ZCTA5CE20":"27045","AFFGEOID20":"860Z200US27045","GEOID20":"27045","NAME20":"27045","LSAD20":"Z5","ALAND20":60508429,"AWATER20":171019}},
{"type":"Feature","geometry":{"type":"Polygon","coordinates":[[[-79.2176,36.4804],[-79.2148,36.4715],[-79.1974,36.4692],[-79.1825,36.4497],[-79.1614,36.4668],[-79.1381,36.4678],[-79.116,36.4755],[-79.093,36.4636],[-79.0752,36.46],[-79.0517,36.4621],[-79.0355,36.4729],[-79.0338,36.4922],[-79.0078,36.4927],[-79.0014,36.4837],[-78.9867,36.5043],[-78.9867,36.5165],[-78.9717,36.5268],[-78.9645,36.5421],[-79.1118,36.5416],[-79.117,36.5354],[-79.1473,36.5363],[-79.154,36.5213],[-79.1673,36.5129],[-79.1621,36.4967],[-79.2176,36.4804]]]},"properties":{"ZCTA5CE20":"27343","AFFGEOID20":"860Z200US27343","GEOID20":"27343","NAME20":"27343","LSAD20":"Z5","ALAND20":120903115,"AWATER20":14921115}},
{"type":"Feature","geometry":{"type":"Polygon","coordinates":[[[-82.0165,36.1451],[-82.0116,36.14],[-81.9669,36.1463],[-81.9564,36.1375],[-81.9276,36.131],[-81.9282,36.1435],[-81.9136,36.1477],[-81.9233,36.1626],[-81.9289,36.1924],[-81.9155,36.2144],[-81.9273,36.2287],[-81.9083,36.2335],[-81.8972,36.2426],[-81.8961,36.2564],[-81.9068,36.2596],[-81.9072,36.2759],[-81.9208,36.2832],[-81.9708,36.2124],[-82.0165,36.1451]]]},"properties":{"ZCTA5CE20":"28622","AFFGEOID20":"860Z200US28622","GEOID20":"28622","NAME20":"28622","LSAD20":"Z5","ALAND20":76883036,"AWATER20":0}},
{"type":"Feature","geometry":{"type":"Polygon","coordinates":[[[-80.025,32.8351],[-80.0371,32.8072],[-80.0318,32.7901],[-80.0353,32.7719],[-80.004,32.7658],[-79.9638,32.7681],[-79.9495,32.7737],[-79.9603,32.7828],[-79.9723,32.7986],[-79.9664,32.8128],[-79.9686,32.8306],[-79.9936,32.8363],[-80.013,32.8267],[-80.025,32.8351]]]},"properties":{"ZCTA5CE20":"29407","AFFGEOID20":"860Z200US29407","GEOID20":"29407","NAME20":"29407","LSAD20":"Z5","ALAND20":39803335,"AWATER20":6694663}},
{"type":"Feature","geometry":{"type":"Polygon","coordinates":[[[-76.841,35.2165],[-76.8406,35.17],[-76.8283,35.1729],[-76.802,35.1623],[-76.8156,35.152],[-76.8133,35.1115],[-76.8033,35.1182],[-76.7888,35.1129],[-76.7738,35.1225],[-76.7676,35.1392],[-76.7439,35.1356],[-76.7266,35.1469],[-76.7168,35.1412],[-76.6986,35.1448],[-76.6633,35.1682],[-76.6832,35.1814],[-76.6595,35.2003],[-76.6571,35.1704],[-76.634,35.1694],[-76.6128,35.1799],[-76.6013,35.1974],[-76.5747,35.2009],[-76.5483,35.1898],[-76.5267,35.1848],[-76.5186,35.2022],[-76.5393,35.2185],[-76.5602,35.2234],[-76.5559,35.2339],[-76.5222,35.2272],[-76.5327,35.2328],[-76.5894,35.2413],[-76.6011,35.2699],[-76.6126,35.2782],[-76.6326,35.2353],[-76.841,35.2165]],[[-76.8088,35.1454],[-76.805,35.1451],[-76.8082,35.1444],[-76.8088,35.1454]]]},"properties":{"ZCTA5CE20":"28515","AFFGEOID20":"860Z200US28515","GEOID20":"28515","NAME20":"28515","LSAD20":"Z5","ALAND20":198862074,"AWATER20":42603065}},
{"type":"Feature","geometry":{"type":"Polygon","coordinates":[[[-77.7813,35.1394],[-77.765,35.1182],[-77.7682,35.088],[-77.7484,35.0804],[-77.749,35.0958],[-77.7399,35.1047],[-77.7208,35.1067],[-77.7137,35.0947],[-77.7204,35.0806],[-77.6928,35.0714],[-77.6823,35.0917],[-77.6707,35.0863],[-77.6423,35.0887],[-77.6382,35.098],[-77.6223,35.0915],[-77.6165,35.081],[-77.5978,35.0751],[-77.5803,35.0941],[-77.6097,35.099],[-77.6051,35.1512],[-77.6325,35.1548],[-77.654,35.1451],[-77.6691,35.143],[-77.6742,35.1581],[-77.6983,35.1673],[-77.7176,35.1676],[-77.7303,35.1769],[-77.7466,35.1797],[-77.7614,35.1683],[-77.7694,35.1395],[-77.7813,35.1394]]]},"properties":{"ZCTA5CE20":"28525","AFFGEOID20":"860Z200US28525","GEOID20":"28525","NAME20":"28525","LSAD20":"Z5","ALAND20":122759942,"AWATER20":456716}},
{"type":"Feature","geometry":{"type":"Polygon","coordinates":[[[-82.5561,35.4381],[-82.5602,35.432],[-82.5417,35.4203],[-82.5389,35.412],[-82.546,35.3871],[-82.5321,35.3887],[-82.5101,35.4079],[-82.5035,35.3978],[-82.4797,35.3947],[-82.459,35.4],[-82.4572,35.4095],[-82.4363,35.4084],[-82.4156,35.4191],[-82.3919,35.4535],[-82.408,35.4631],[-82.4036,35.471],[-82.4102,35.4958],[-82.4254,35.5076],[-82.4306,35.5211],[-82.4587,35.5168],[-82.4602,35.4992],[-82.4683,35.4849],[-82.4876,35.4859],[-82.4768,35.4645],[-82.4901,35.4498],[-82.5338,35.4447],[-82.5483,35.4505],[-82.5561,35.4381]]]},"properties":{"ZCTA5CE20":"28732","AFFGEOID20":"860Z200US28732","GEOID20":"28732","NAME20":"28732","LSAD20":"Z5","ALAND20":107084445,"AWATER20":452258}},
{"type":"Feature","geometry":{"type":"Polygon","coordinates":[[[-82.3554,34.8944],[-82.3593,34.88],[-82.3562,34.8582],[-82.3319,34.8533],[-82.3141,34.8398],[-82.278,34.8201],[-82.2564,34.8241],[-82.2289,34.8296],[-82.2304,34.8513],[-82.2349,34.8593],[-82.2619,34.8597],[-82.3031,34.8662],[-82.2947,34.8863],[-82.3194,34.8852],[-82.3353,34.9001],[-82.3554,34.8944]]]},"properties":{"ZCTA5CE20":"29615","AFFGEOID20":"860Z200US29615","GEOID20":"29615","NAME20":"29615","LSAD20":"Z5","ALAND20":49793821,"AWATER20":454835}},
{"type":"Feature","geometry":{"type":"Polygon","coordinates":[[[-78.6441,33.9502],[-78.6504,33.9443],[-78.6503,33.9443],[-78.5741,33.8795],[-78.5589,33.8664],[-78.5395,33.8762],[-78.5482,33.8845],[-78.5578,33.9049],[-78.5541,33.9412],[-78.5603,33.961],[-78.6055,33.9505],[-78.6206,33.9424],[-78.6441,33.9502]]]},"properties":{"ZCTA5CE20":"28467","AFFGEOID20":"860Z200US28467","GEOID20":"28467","NAME20":"28467","LSAD20":"Z5","ALAND20":44988612,"AWATER20":1425140}},
{"type":"Feature","geometry":{"type":"Polygon","coordinates":[[[-82.6838,34.502],[-82.6692,34.4843],[-82.6534,34.4746],[-82.6681,34.4534],[-82.6659,34.4416],[-82.663,34.4295],[-82.6467,34.4174],[-82.6354,34.4169],[-82.6434,34.389],[-82.6143,34.3932],[-82.6108,34.3826],[-82.5807,34.3592],[-82.5774,34.3893],[-82.5704,34.3967],[-82.5926,34.4298],[-82.5927,34.4386],[-82.6153,34.4587],[-82.6167,34.4834],[-82.6255,34.4994],[-82.6385,34.5063],[-82.652,34.5043],[-82.6838,34.502]]]},"properties":{"ZCTA5CE20":"29624","AFFGEOID20":"860Z200US29624","GEOID20":"29624","NAME20":"29624","LSAD20":"Z5","ALAND20":72977417,"AWATER20":239886}},
{"type":"Feature","geometry":{"type":"Polygon","coordinates":[[[-79.0336,35.1768],[-79.0311,35.1595],[-79.0155,35.1645],[-79.0018,35.1622],[-78.9962,35.174],[-79.0045,35.1886],[-79.0237,35.1765],[-79.0336,35.1768]]]},"properties":{"ZCTA5CE20":"28308","AFFGEOID20":"860Z200US28308","GEOID20":"28308","NAME20":"28308","LSAD20":"Z5","ALAND20":7073630,"AWATER20":0}},
{"type":"Feature","geometry":{"type":"Polygon","coordinates":[[[-79.2068,36.3393],[-79.2208,36.3222],[-79.2249,36.2949],[-79.223,36.2606],[-79.2118,36.2428],[-79.154,36.2419],[-79.1533,36.2553],[-79.1488,36.3422],[-79.1724,36.3311],[-79.2068,36.3393]]]},"properties":{"ZCTA5CE20":"27314","AFFGEOID20":"860Z200US27314","GEOID20":"27314","NAME20":"27314","LSAD20":"Z5","ALAND20":63291749,"AWATER20":1878657}},
{"type":"Feature","geometry":{"type":"Polygon","coordinates":[[[-79.412,36.5412],[-79.4242,36.5205],[-79.4651,36.5143],[-79.4677,36.504],[-79.4441,36.495],[-79.4389,36.4854],[-79.4134,36.4818],[-79.4084,36.4509],[-79.3935,36.4508],[-79.372,36.487],[-79.366,36.4881],[-79.3384,36.4999],[-79.3262,36.5256],[-79.3428,36.5412],[-79.3431,36.5412],[-79.412,36.5412]]]},"properties":{"ZCTA5CE20":"27315","AFFGEOID20":"860Z200US27315","GEOID20":"27315","NAME20":"27315","LSAD20":"Z5","ALAND20":66634073,"AWATER20":333182}},
{"type":"Feature","geometry":{"type":"Polygon","coordinates":[[[-80.0464,33.9216],[-80.0651,33.9105],[-80.0682,33.8918],[-80.0596,33.8755],[-80.0599,33.8595],[-80.0484,33.8526],[-80.0233,33.8506],[-79.996,33.8349],[-79.9624,33.8314],[-79.9638,33.8439],[-79.969,33.8575],[-79.9699,33.878],[-79.958,33.8885],[-79.9553,33.9013],[-79.9746,33.9465],[-80.032,33.9199],[-80.0464,33.9216]]]},"properties":{"ZCTA5CE20":"29162","AFFGEOID20":"860Z200US29162","GEOID20":"29162","NAME20":"29162","LSAD20":"Z5","ALAND20":87419176,"AWATER20":121855}},
{"type":"Feature","geometry":{"type":"Polygon","coordinates":[[[-81.2822,34.8948],[-81.3032,34.8831],[-81.3086,34.8593],[-81.304,34.835],[-81.3155,34.826],[-81.2979,34.822],[-81.1411,34.8206],[-81.1556,34.8344],[-81.1654,34.8762],[-81.1759,34.8898],[-81.188,34.8855],[-81.2066,34.8941],[-81.2166,34.906],[-81.2549,34.8955],[-81.2822,34.8948]]]},"properties":{"ZCTA5CE20":"29726","AFFGEOID20":"860Z200US29726","GEOID20":"29726","NAME20":"29726","LSAD20":"Z5","ALAND20":104356573,"AWATER20":376976}},
{"type":"Feature","geometry":{"type":"Polygon","coordinates":[[[-78.1241,34.5895],[-78.1393,34.5809],[-78.1799,34.5755],[-78.185,34.5603],[-78.2335,34.5804],[-78.2607,34.5454],[-78.2722,34.5384],[-78.2558,34.5203],[-78.2553,34.5081],[-78.2454,34.4999],[-78.2356,34.4925],[-78.2089,34.4878],[-78.2042,34.4766],[-78.1796,34.4657],[-78.1653,34.4664],[-78.1518,34.4579],[-78.1437,34.4453],[-78.1365,34.4379],[-78.1171,34.4539],[-78.1076,34.473],[-78.1293,34.5087],[-78.1222,34.5163],[-78.109,34.5354],[-78.1112,34.5545],[-78.1244,34.5569],[-78.1146,34.5845],[-78.1241,34.5895]]]},"properties":{"ZCTA5CE20":"28421","AFFGEOID20":"860Z200US28421","GEOID20":"28421","NAME20":"28421","LSAD20":"Z5","ALAND20":146462848,"AWATER20":772800}},
{"type":"Feature","geometry":{"type":"MultiPolygon","coordinates":[[[[-75.7408,35.7695],[-75.76,35.7692],[-75.7598,35.7468],[-75.7689,35.7324],[-75.7942,35.729],[-75.7909,35.6967],[-75.7743,35.6968],[-75.7578,35.706],[-75.7381,35.6946],[-75.7329,35.6815],[-75.7172,35.6937],[-75.7181,35.7089],[-75.7257,35.7145],[-75.7262,35.7392],[-75.7386,35.7494],[-75.7408,35.7695]]],[[[-75.818,35.5947],[-75.812,35.5833],[-75.8269,35.571],[-75.778,35.5798],[-75.7851,35.5955],[-75.7522,35.608],[-75.7349,35.6302],[-75.7435,35.6492],[-75.7542,35.6484],[-75.7698,35.6655],[-75.7665,35.6771],[-75.7804,35.6841],[-75.7771,35.644],[-75.7871,35.6221],[-75.8009,35.6086],[-75.8173,35.6071],[-75.818,35.5947]]]]},"properties":{"ZCTA5CE20":"27978","AFFGEOID20":"860Z200US27978","GEOID20":"27978","NAME20":"27978","LSAD20":"Z5","ALAND20":76100670,"AWATER20":18733854}},
{"type":"Feature","geometry":{"type":"Polygon","coordinates":[[[-79.245,34.3129],[-79.2557,34.3157],[-79.2785,34.3119],[-79.2913,34.3174],[-79.3146,34.3063],[-79.3315,34.3087],[-79.3226,34.2879],[-79.3166,34.2743],[-79.2992,34.2783],[-79.2719,34.2698],[-79.2595,34.259],[-79.2398,34.2543],[-79.2143,34.2555],[-79.2169,34.2884],[-79.2236,34.3005],[-79.2401,34.3051],[-79.245,34.3129]]]},"properties":{"ZCTA5CE20":"29543","AFFGEOID20":"860Z200US29543","GEOID20":"29543","NAME20":"29543","LSAD20":"Z5","ALAND20":47855852,"AWATER20":0}},
{"type":"Feature","geometry":{"type":"Polygon","coordinates":[[[-80.9253,34.7693],[-80.9332,34.7526],[-80.9587,34.7444],[-80.9644,34.7565],[-80.979,34.7538],[-80.9866,34.7408],[-80.9755,34.7168],[-80.9506,34.7148],[-80.9474,34.7005],[-80.9381,34.6991],[-80.9369,34.6766],[-80.9426,34.6671],[-80.931,34.6599],[-80.9232,34.6478],[-80.8985,34.6448],[-80.8963,34.6355],[-80.8865,34.6571],[-80.8885,34.6686],[-80.8603,34.6957],[-80.8745,34.7315],[-80.8783,34.7591],[-80.8748,34.772],[-80.9032,34.757],[-80.9253,34.7693]]]},"properties":{"ZCTA5CE20":"29714","AFFGEOID20":"860Z200US29714","GEOID20":"29714","NAME20":"29714","LSAD20":"Z5","ALAND20":84315779,"AWATER20":3466638}},
{"type":"Feature","geometry":{"type":"Polygon","coordinates":[[[-80.5461,33.2878],[-80.5516,33.268],[-80.5311,33.271],[-80.5225,33.2651],[-80.5313,33.249],[-80.5151,33.2431],[-80.523,33.2225],[-80.4893,33.2328],[-80.4722,33.2021],[-80.4504,33.2076],[-80.4671,33.1606],[-80.4527,33.1735],[-80.4249,33.1784],[-80.4174,33.1684],[-80.3963,33.1655],[-80.4021,33.1932],[-80.3967,33.2015],[-80.3514,33.2058],[-80.332,33.2012],[-80.3349,33.223],[-80.3443,33.2342],[-80.3484,33.2489],[-80.3643,33.2586],[-80.3942,33.2647],[-80.4271,33.2578],[-80.4495,33.2695],[-80.4733,33.2737],[-80.4846,33.28],[-80.494,33.2975],[-80.4941,33.3212],[-80.5028,33.3345],[-80.5431,33.313],[-80.5366,33.3063],[-80.5461,33.2878]]]},"properties":{"ZCTA5CE20":"29448","AFFGEOID20":"860Z200US29448","GEOID20":"29448","NAME20":"29448","LSAD20":"Z5","ALAND20":154005440,"AWATER20":1012983}},
{"type":"Feature","geometry":{"type":"Polygon","coordinates":[[[-77.45,34.562],[-77.4385,34.5488],[-77.4775,34.5381],[-77.4657,34.518],[-77.4683,34.487],[-77.4997,34.4718],[-77.5102,34.4457],[-77.4629,34.4714],[-77.4112,34.4964],[-77.3449,34.5254],[-77.3354,34.5313],[-77.3373,34.5376],[-77.3645,34.5661],[-77.4013,34.5801],[-77.4266,34.5648],[-77.4362,34.5732],[-77.45,34.562]]]},"properties":{"ZCTA5CE20":"28460","AFFGEOID20":"860Z200US28460","GEOID20":"28460","NAME20":"28460","LSAD20":"Z5","ALAND20":72198111,"AWATER20":21646245}},
{"type":"Feature","geometry":{"type":"Polygon","coordinates":[[[-78.5217,33.9973],[-78.536,33.994],[-78.5171,33.9703],[-78.5335,33.9498],[-78.5024,33.95],[-78.5006,33.9285],[-78.492,33.9166],[-78.4848,33.8735],[-78.3813,33.9031],[-78.3844,33.9067],[-78.4074,33.9182],[-78.4412,33.9041],[-78.4467,33.9263],[-78.4481,33.9548],[-78.4723,33.9653],[-78.4778,33.9888],[-78.4976,33.989],[-78.5217,33.9973]]]},"properties":{"ZCTA5CE20":"28469","AFFGEOID20":"860Z200US28469","GEOID20":"28469","NAME20":"28469","LSAD20":"Z5","ALAND20":66671952,"AWATER20":3928999}},
{"type":"Feature","geometry":{"type":"Polygon","coordinates":[[[-82.2754,35.7044],[-82.2887,35.6963],[-82.2949,35.6839],[-82.284,35.6764],[-82.2856,35.661],[-82.2818,35.6393],[-82.2752,35.6365],[-82.2719,35.6233],[-82.2721,35.6218],[-82.2487,35.6152],[-82.2294,35.6151],[-82.1896,35.6202],[-82.1886,35.6153],[-82.2244,35.5941],[-82.2218,35.5839],[-82.2513,35.5599],[-82.22,35.5531],[-82.169,35.5278],[-82.155,35.5204],[-82.1442,35.5379],[-82.1475,35.5464],[-82.1212,35.5721],[-82.1025,35.5802],[-82.1028,35.607],[-82.1112,35.6189],[-82.1085,35.6376],[-82.0969,35.6539],[-82.1093,35.6683],[-82.1299,35.6697],[-82.1345,35.6823],[-82.1307,35.6983],[-82.1906,35.7293],[-82.1927,35.7365],[-82.2428,35.7124],[-82.2572,35.6993],[-82.2754,35.7044]]]},"properties":{"ZCTA5CE20":"28762","AFFGEOID20":"860Z200US28762","GEOID20":"28762","NAME20":"28762","LSAD20":"Z5","ALAND20":247382539,"AWATER20":435063}},
{"type":"Feature","geometry":{"type":"Polygon","coordinates":[[[-80.6256,33.4367],[-80.608,33.3996],[-80.5867,33.3834],[-80.5795,33.3922],[-80.5501,33.3981],[-80.5031,33.4269],[-80.4908,33.4247],[-80.4817,33.4443],[-80.4781,33.4621],[-80.4594,33.4643],[-80.4426,33.4577],[-80.4335,33.475],[-80.4339,33.4883],[-80.4423,33.5028],[-80.4677,33.5162],[-80.4529,33.5232],[-80.4475,33.5405],[-80.4684,33.5411],[-80.485,33.56],[-80.4963,33.5585],[-80.5056,33.5526],[-80.5033,33.5358],[-80.5175,33.5177],[-80.529,33.517],[-80.5474,33.5075],[-80.5327,33.497],[-80.5179,33.4936],[-80.5357,33.48],[-80.5262,33.4625],[-80.5575,33.4634],[-80.5688,33.4553],[-80.6181,33.4587],[-80.6256,33.4367]]]},"properties":{"ZCTA5CE20":"29142","AFFGEOID20":"860Z200US29142","GEOID20":"29142","NAME20":"29142","LSAD20":"Z5","ALAND20":131851698,"AWATER20":16853043}},
{"type":"Feature","geometry":{"type":"Polygon","coordinates":[[[-81.4669,34.4234],[-81.4712,34.4099],[-81.4668,34.3948],[-81.4789,34.389],[-81.4907,34.3697],[-81.491,34.3499],[-81.5028,34.3354],[-81.4907,34.3282],[-81.4692,34.2972],[-81.4551,34.2915],[-81.455,34.2754],[-81.4321,34.2793],[-81.4285,34.2647],[-81.4455,34.2661],[-81.4656,34.2537],[-81.4685,34.2416],[-81.4363,34.2297],[-81.4181,34.2227],[-81.3984,34.2313],[-81.3908,34.2445],[-81.3752,34.2404],[-81.3662,34.2448],[-81.342,34.2454],[-81.3332,34.2415],[-81.3211,34.2437],[-81.3284,34.257],[-81.3423,34.2669],[-81.3458,34.2996],[-81.354,34.3029],[-81.3665,34.3258],[-81.3715,34.3504],[-81.3948,34.3871],[-81.4112,34.4333],[-81.4433,34.4212],[-81.4503,34.4296],[-81.4669,34.4234]]]},"properties":{"ZCTA5CE20":"29126","AFFGEOID20":"860Z200US29126","GEOID20":"29126","NAME20":"29126","LSAD20":"Z5","ALAND20":200986375,"AWATER20":6400874}},
{"type":"Feature","geometry":{"type":"Polygon","coordinates":[[[-80.9378,33.6501],[-80.9655,33.6253],[-80.9813,33.5885],[-81.0082,33.5705],[-80.9764,33.5403],[-80.9548,33.5255],[-80.9447,33.5246],[-80.9221,33.5085],[-80.891,33.499],[-80.8782,33.5096],[-80.8803,33.5178],[-80.8502,33.5106],[-80.8379,33.5374],[-80.8278,33.5401],[-80.8097,33.5222],[-80.8038,33.534],[-80.7804,33.5504],[-80.7814,33.5654],[-80.776,33.5813],[-80.7971,33.5965],[-80.8079,33.5793],[-80.8352,33.6099],[-80.8913,33.621],[-80.9091,33.6191],[-80.9212,33.6385],[-80.9195,33.6538],[-80.9378,33.6501]]]},"properties":{"ZCTA5CE20":"29118","AFFGEOID20":"860Z200US29118","GEOID20":"29118","NAME20":"29118","LSAD20":"Z5","ALAND20":198467509,"AWATER20":1012596}},
{"type":"Feature","geometry":{"type":"Polygon","coordinates":[[[-82.2095,35.0178],[-82.221,34.9901],[-82.2057,34.9806],[-82.1935,34.9592],[-82.1853,34.9528],[-82.158,34.9555],[-82.1433,34.9556],[-82.1321,34.9421],[-82.1052,34.9395],[-82.1054,34.9509],[-82.1173,34.9553],[-82.1133,34.9744],[-82.1386,34.9773],[-82.1519,35.0084],[-82.1704,34.9959],[-82.1839,35.0073],[-82.1819,35.0255],[-82.2016,35.0266],[-82.2095,35.0178]]]},"properties":{"ZCTA5CE20":"29365","AFFGEOID20":"860Z200US29365","GEOID20":"29365","NAME20":"29365","LSAD20":"Z5","ALAND20":45486359,"AWATER20":1863070}},
{"type":"Feature","geometry":{"type":"Polygon","coordinates":[[[-76.3714,35.9364],[-76.3878,35.935],[-76.4238,35.9203],[-76.4536,35.9205],[-76.4657,35.9265],[-76.4737,35.9162],[-76.4841,35.8684],[-76.5034,35.8727],[-76.5183,35.8843],[-76.543,35.8944],[-76.5769,35.8884],[-76.5978,35.8739],[-76.5617,35.8488],[-76.5677,35.8234],[-76.545,35.8156],[-76.5607,35.7964],[-76.5441,35.7908],[-76.5504,35.7745],[-76.5251,35.7661],[-76.5105,35.7522],[-76.5219,35.704],[-76.3171,35.693],[-76.3424,35.8644],[-76.3372,35.8778],[-76.3468,35.8951],[-76.3333,35.9016],[-76.3421,35.9156],[-76.3605,35.9205],[-76.3662,35.9348],[-76.3714,35.9364]]]},"properties":{"ZCTA5CE20":"27928","AFFGEOID20":"860Z200US27928","GEOID20":"27928","NAME20":"27928","LSAD20":"Z5","ALAND20":389401366,"AWATER20":64947373}},
{"type":"Feature","geometry":{"type":"Polygon","coordinates":[[[-80.851,33.0589],[-80.8553,33.0438],[-80.8505,33.0306],[-80.8343,33.0318],[-80.8297,33.0482],[-80.8351,33.0576],[-80.851,33.0589]]]},"properties":{"ZCTA5CE20":"29493","AFFGEOID20":"860Z200US29493","GEOID20":"29493","NAME20":"29493","LSAD20":"Z5","ALAND20":6367986,"AWATER20":0}},
{"type":"Feature","geometry":{"type":"Polygon","coordinates":[[[-78.8135,35.2848],[-78.8151,35.2715],[-78.7699,35.2596],[-78.7456,35.2637],[-78.73,35.2722],[-78.7185,35.2598],[-78.7027,35.2568],[-78.6827,35.2719],[-78.6858,35.2957],[-78.6919,35.3084],[-78.6803,35.3144],[-78.654,35.3101],[-78.6516,35.3255],[-78.6632,35.3349],[-78.6606,35.3482],[-78.6816,35.3564],[-78.6917,35.3506],[-78.7107,35.3751],[-78.7068,35.3781],[-78.7186,35.3824],[-78.7503,35.3969],[-78.7543,35.3821],[-78.7433,35.363],[-78.7263,35.351],[-78.7342,35.3385],[-78.7469,35.334],[-78.7415,35.3042],[-78.7571,35.2782],[-78.7702,35.2891],[-78.8135,35.2848]]]},"properties":{"ZCTA5CE20":"28339","AFFGEOID20":"860Z200US28339","GEOID20":"28339","NAME20":"28339","LSAD20":"Z5","ALAND20":92178872,"AWATER20":1888686}},
{"type":"Feature","geometry":{"type":"Polygon","coordinates":[[[-77.8151,34.367],[-77.8103,34.3573],[-77.8359,34.3148],[-77.8718,34.3186],[-77.8618,34.2968],[-77.8682,34.2777],[-77.8485,34.2718],[-77.8114,34.2547],[-77.7983,34.2562],[-77.7868,34.2462],[-77.7714,34.2376],[-77.7401,34.2725],[-77.7159,34.2927],[-77.7414,34.298],[-77.7231,34.32],[-77.7455,34.3416],[-77.7748,34.3467],[-77.7779,34.354],[-77.8041,34.367],[-77.8151,34.367]]]},"properties":{"ZCTA5CE20":"28411","AFFGEOID20":"860Z200US28411","GEOID20":"28411","NAME20":"28411","LSAD20":"Z5","ALAND20":106757419,"AWATER20":5196510}},
{"type":"Feature","geometry":{"type":"Polygon","coordinates":[[[-80.8996,32.1111],[-80.8966,32.1025],[-80.9102,32.0879],[-80.9081,32.0782],[-80.8793,32.081],[-80.8721,32.0829],[-80.8424,32.1178],[-80.8315,32.1143],[-80.8296,32.1476],[-80.8488,32.1493],[-80.8677,32.1403],[-80.878,32.1305],[-80.8965,32.1245],[-80.8996,32.1111]]]},"properties":{"ZCTA5CE20":"29915","AFFGEOID20":"860Z200US29915","GEOID20":"29915","NAME20":"29915","LSAD20":"Z5","ALAND20":27894290,"AWATER20":6567756}},
{"type":"Feature","geometry":{"type":"Polygon","coordinates":[[[-76.5415,36.5503],[-76.4967,36.5149],[-76.4913,36.5107],[-76.4373,36.4678],[-76.4107,36.4563],[-76.3947,36.4545],[-76.3768,36.4459],[-76.3676,36.4314],[-76.3478,36.4225],[-76.3206,36.4263],[-76.3231,36.4173],[-76.3105,36.4019],[-76.2915,36.3866],[-76.2624,36.3852],[-76.2582,36.3964],[-76.2441,36.405],[-76.2225,36.4035],[-76.2144,36.4156],[-76.181,36.4187],[-76.1765,36.44],[-76.3133,36.5506],[-76.4915,36.5507],[-76.5415,36.5503]]]},"properties":{"ZCTA5CE20":"27976","AFFGEOID20":"860Z200US27976","GEOID20":"27976","NAME20":"27976","LSAD20":"Z5","ALAND20":303649058,"AWATER20":675}},
{"type":"Feature","geometry":{"type":"Polygon","coordinates":[[[-79.7865,35.4901],[-79.7971,35.4721],[-79.7936,35.4424],[-79.776,35.4397],[-79.7851,35.466],[-79.7865,35.4901]]]},"properties":{"ZCTA5CE20":"27247","AFFGEOID20":"860Z200US27247","GEOID20":"27247","NAME20":"27247","LSAD20":"Z5","ALAND20":5371667,"AWATER20":0}},
{"type":"Feature","geometry":{"type":"Polygon","coordinates":[[[-79.9898,36.2127],[-80.0065,36.2045],[-80.0266,36.2012],[-80.0305,36.1767],[-80.0282,36.1532],[-80.0142,36.1335],[-79.9771,36.1435],[-79.9721,36.1312],[-79.9599,36.1415],[-79.9639,36.1603],[-79.953,36.1728],[-79.9567,36.2132],[-79.9696,36.2068],[-79.9898,36.2127]]]},"properties":{"ZCTA5CE20":"27310","AFFGEOID20":"860Z200US27310","GEOID20":"27310","NAME20":"27310","LSAD20":"Z5","ALAND20":46443148,"AWATER20":391536}},
{"type":"Feature","geometry":{"type":"Polygon","coordinates":[[[-80.8744,35.5125],[-80.8741,35.4998],[-80.8556,35.4941],[-80.8171,35.4676],[-80.8208,35.4589],[-80.7689,35.4408],[-80.755,35.4498],[-80.7502,35.4767],[-80.7323,35.4846],[-80.7362,35.5041],[-80.7209,35.5058],[-80.7137,35.4946],[-80.7116,35.5058],[-80.7372,35.5058],[-80.7639,35.5152],[-80.7683,35.5059],[-80.7843,35.506],[-80.7795,35.5201],[-80.7979,35.5258],[-80.8039,35.5075],[-80.8659,35.5119],[-80.8744,35.5125]]]},"properties":{"ZCTA5CE20":"28036","AFFGEOID20":"860Z200US28036","GEOID20":"28036","NAME20":"28036","LSAD20":"Z5","ALAND20":60677559,"AWATER20":1624174}},
{"type":"Feature","geometry":{"type":"Polygon","coordinates":[[[-79.1578,34.5813],[-79.1902,34.5697],[-79.1925,34.5543],[-79.2083,34.5552],[-79.2332,34.5483],[-79.2428,34.5347],[-79.2293,34.5235],[-79.2165,34.499],[-79.1912,34.4752],[-79.2136,34.4718],[-79.2278,34.4761],[-79.2751,34.4723],[-79.2356,34.4378],[-79.2186,34.4234],[-79.1088,34.3309],[-79.0862,34.344],[-79.0747,34.3586],[-79.1018,34.3838],[-79.1126,34.4058],[-79.1092,34.4263],[-79.0788,34.4181],[-79.0612,34.4177],[-79.0511,34.4251],[-79.037,34.4498],[-79.0394,34.4632],[-79.0519,34.4666],[-79.0495,34.4938],[-79.0658,34.4728],[-79.0825,34.4784],[-79.0626,34.5017],[-79.0294,34.5291],[-79.037,34.541],[-79.0502,34.5444],[-79.0697,34.5403],[-79.0926,34.5572],[-79.1108,34.5748],[-79.1403,34.5668],[-79.1519,34.5767],[-79.1578,34.5813]],[[-79.1341,34.3688],[-79.1289,34.3775],[-79.1223,34.3689],[-79.1341,34.3688]]]},"properties":{"ZCTA5CE20":"28340","AFFGEOID20":"860Z200US28340","GEOID20":"28340","NAME20":"28340","LSAD20":"Z5","ALAND20":319360186,"AWATER20":655119}},
{"type":"Feature","geometry":{"type":"Polygon","coordinates":[[[-78.2782,35.1645],[-78.2615,35.1441],[-78.2758,35.1269],[-78.2801,35.1034],[-78.2699,35.0988],[-78.2573,35.073],[-78.2413,35.0837],[-78.2313,35.043],[-78.2089,35.0727],[-78.1854,35.0687],[-78.1701,35.0543],[-78.1515,35.0439],[-78.1201,35.0641],[-78.103,35.0687],[-78.0808,35.0524],[-78.0588,35.0421],[-78.0638,35.064],[-78.041,35.0619],[-78.0229,35.0888],[-78.0537,35.1004],[-78.0583,35.1079],[-78.0887,35.1232],[-78.0994,35.1218],[-78.1224,35.1346],[-78.1226,35.1348],[-78.1313,35.1606],[-78.1409,35.1696],[-78.1641,35.1787],[-78.1726,35.1868],[-78.2099,35.1975],[-78.2633,35.2083],[-78.2783,35.2053],[-78.279,35.1919],[-78.2581,35.159],[-78.2782,35.1645]]]},"properties":{"ZCTA5CE20":"28341","AFFGEOID20":"860Z200US28341","GEOID20":"28341","NAME20":"28341","LSAD20":"Z5","ALAND20":242374353,"AWATER20":590130}},
{"type":"Feature","geometry":{"type":"Polygon","coordinates":[[[-79.7737,34.8059],[-79.7631,34.8059],[-79.6753,34.8047],[-79.6561,34.789],[-79.6484,34.7931],[-79.6445,34.8097],[-79.6511,34.8167],[-79.6223,34.8289],[-79.6176,34.8396],[-79.6266,34.8523],[-79.6255,34.8696],[-79.6165,34.8826],[-79.5966,34.8813],[-79.5704,34.9034],[-79.5929,34.9397],[-79.6053,34.954],[-79.6188,34.9418],[-79.6491,34.9457],[-79.6518,34.9558],[-79.6598,34.9584],[-79.6934,34.9383],[-79.6715,34.928],[-79.6705,34.9154],[-79.6945,34.922],[-79.7238,34.9096],[-79.7397,34.9113],[-79.7458,34.9032],[-79.7404,34.8768],[-79.7428,34.8585],[-79.7528,34.84],[-79.7627,34.8068],[-79.7737,34.8059]]]},"properties":{"ZCTA5CE20":"28345","AFFGEOID20":"860Z200US28345","GEOID20":"28345","NAME20":"28345","LSAD20":"Z5","ALAND20":184086872,"AWATER20":1041257}},
{"type":"Feature","geometry":{"type":"Polygon","coordinates":[[[-79.5876,35.0828],[-79.5933,35.0682],[-79.6282,35.0621],[-79.6589,35.0295],[-79.6409,35.0299],[-79.6271,35.018],[-79.6399,35.0113],[-79.6293,35.0083],[-79.6007,35.0093],[-79.5907,35.0137],[-79.5737,35.0092],[-79.5476,35.019],[-79.5293,35.0157],[-79.5177,35.0217],[-79.5105,35.0262],[-79.4728,35.0353],[-79.4588,35.0436],[-79.4732,35.0506],[-79.4773,35.057],[-79.507,35.0663],[-79.5161,35.0863],[-79.5374,35.0918],[-79.5876,35.0828]]]},"properties":{"ZCTA5CE20":"28347","AFFGEOID20":"860Z200US28347","GEOID20":"28347","NAME20":"28347","LSAD20":"Z5","ALAND20":97604575,"AWATER20":294344}},
{"type":"Feature","geometry":{"type":"Polygon","coordinates":[[[-81.8686,34.6431],[-81.8587,34.6354],[-81.8504,34.6397],[-81.8574,34.6512],[-81.8686,34.6431]]]},"properties":{"ZCTA5CE20":"29331","AFFGEOID20":"860Z200US29331","GEOID20":"29331","NAME20":"29331","LSAD20":"Z5","ALAND20":1881424,"AWATER20":10211}},
{"type":"Feature","geometry":{"type":"Polygon","coordinates":[[[-77.1644,36.5463],[-77.1495,36.5366],[-77.1484,36.525],[-77.1211,36.5227],[-77.1083,36.5167],[-77.0932,36.5182],[-77.0825,36.5115],[-77.0854,36.5],[-77.0671,36.4917],[-77.0704,36.4799],[-77.0936,36.4723],[-77.0876,36.4465],[-77.0714,36.4457],[-77.0627,36.4534],[-77.0351,36.4557],[-77.026,36.4601],[-77.0088,36.4561],[-76.9801,36.4563],[-76.957,36.4363],[-76.9465,36.4311],[-76.9471,36.4724],[-76.936,36.4784],[-76.9253,36.4883],[-76.9194,36.5054],[-76.9065,36.5107],[-76.9051,36.5226],[-76.9201,36.5341],[-76.9161,36.5438],[-77.0219,36.5443],[-77.1388,36.544],[-77.1644,36.5463]]]},"properties":{"ZCTA5CE20":"27818","AFFGEOID20":"860Z200US27818","GEOID20":"27818","NAME20":"27818","LSAD20":"Z5","ALAND20":158535959,"AWATER20":2814977}},
{"type":"Feature","geometry":{"type":"Polygon","coordinates":[[[-81.3233,36.5749],[-81.3172,36.5586],[-81.3282,36.5536],[-81.3514,36.5594],[-81.3528,36.546],[-81.3283,36.5173],[-81.3241,36.4997],[-81.3074,36.4806],[-81.2908,36.4951],[-81.2964,36.5068],[-81.2661,36.5159],[-81.2504,36.5416],[-81.261,36.543],[-81.2691,36.5557],[-81.2707,36.5741],[-81.3233,36.5749]]]},"properties":{"ZCTA5CE20":"28663","AFFGEOID20":"860Z200US28663","GEOID20":"28663","NAME20":"28663","LSAD20":"Z5","ALAND20":53597326,"AWATER20":276201}},
{"type":"Feature","geometry":{"type":"Polygon","coordinates":[[[-78.5853,34.3958],[-78.583,34.3731],[-78.5867,34.3581],[-78.5994,34.3337],[-78.6219,34.3319],[-78.6674,34.3326],[-78.6793,34.3237],[-78.677,34.313],[-78.6516,34.277],[-78.5983,34.2595],[-78.5517,34.2389],[-78.5626,34.276],[-78.5573,34.2892],[-78.5657,34.3116],[-78.5467,34.3328],[-78.5535,34.3674],[-78.5697,34.3789],[-78.5625,34.3851],[-78.5831,34.398],[-78.5853,34.3958]]]},"properties":{"ZCTA5CE20":"28442","AFFGEOID20":"860Z200US28442","GEOID20":"28442","NAME20":"28442","LSAD20":"Z5","ALAND20":98338439,"AWATER20":0}},
{"type":"Feature","geometry":{"type":"Polygon","coordinates":[[[-81.8105,36.1115],[-81.7968,36.1071],[-81.7913,36.0829],[-81.7809,36.077],[-81.7717,36.0873],[-81.7727,36.1013],[-81.7525,36.1125],[-81.7224,36.0948],[-81.7169,36.0826],[-81.6915,36.0922],[-81.6843,36.1218],[-81.6634,36.1146],[-81.6505,36.1184],[-81.6374,36.1398],[-81.6292,36.1743],[-81.6372,36.1851],[-81.6797,36.1827],[-81.6817,36.1765],[-81.7042,36.1754],[-81.7117,36.1654],[-81.735,36.1569],[-81.7285,36.1428],[-81.7429,36.1335],[-81.7621,36.131],[-81.7815,36.1192],[-81.8105,36.1115]]]},"properties":{"ZCTA5CE20":"28605","AFFGEOID20":"860Z200US28605","GEOID20":"28605","NAME20":"28605","LSAD20":"Z5","ALAND20":84965812,"AWATER20":536261}},
{"type":"Feature","geometry":{"type":"Polygon","coordinates":[[[-81.3916,36.0483],[-81.3741,36.0396],[-81.3775,36.0227],[-81.3911,36.0065],[-81.3468,36.0013],[-81.3365,36.0106],[-81.3283,35.9966],[-81.3144,36.0042],[-81.2954,36.0072],[-81.2811,36.0184],[-81.2603,36.0259],[-81.2559,36.0633],[-81.251,36.0776],[-81.2381,36.0878],[-81.2362,36.0983],[-81.2575,36.1048],[-81.2714,36.0865],[-81.2831,36.1123],[-81.2915,36.1211],[-81.316,36.1103],[-81.3376,36.094],[-81.3429,36.0796],[-81.355,36.0667],[-81.376,36.0635],[-81.3916,36.0483]]]},"properties":{"ZCTA5CE20":"28606","AFFGEOID20":"860Z200US28606","GEOID20":"28606","NAME20":"28606","LSAD20":"Z5","ALAND20":111395233,"AWATER20":1029129}},
{"type":"Feature","geometry":{"type":"Polygon","coordinates":[[[-76.7764,36.4408],[-76.7979,36.4208],[-76.799,36.4105],[-76.7843,36.4086],[-76.7823,36.3884],[-76.7753,36.3764],[-76.7757,36.3605],[-76.7585,36.3502],[-76.7353,36.3241],[-76.6966,36.2961],[-76.6839,36.3008],[-76.6703,36.3147],[-76.6605,36.3333],[-76.6651,36.3476],[-76.6845,36.3573],[-76.6713,36.384],[-76.657,36.3808],[-76.6429,36.3946],[-76.6629,36.3963],[-76.6695,36.4021],[-76.6732,36.4234],[-76.6696,36.438],[-76.6427,36.4435],[-76.6661,36.4526],[-76.6718,36.4594],[-76.7074,36.4487],[-76.722,36.4382],[-76.7441,36.4338],[-76.7764,36.4408]]]},"properties":{"ZCTA5CE20":"27938","AFFGEOID20":"860Z200US27938","GEOID20":"27938","NAME20":"27938","LSAD20":"Z5","ALAND20":132300622,"AWATER20":6945896}},
{"type":"Feature","geometry":{"type":"Polygon","coordinates":[[[-80.2068,33.8656],[-80.2268,33.8518],[-80.2167,33.8399],[-80.2572,33.8162],[-80.2492,33.8075],[-80.2708,33.7868],[-80.2453,33.7517],[-80.221,33.7299],[-80.2088,33.74],[-80.1631,33.7313],[-80.1521,33.7222],[-80.111,33.7359],[-80.0927,33.7317],[-80.0606,33.7566],[-80.0783,33.777],[-80.0728,33.7856],[-80.1108,33.813],[-80.123,33.7984],[-80.1376,33.7968],[-80.1403,33.8087],[-80.1594,33.8445],[-80.1743,33.8627],[-80.1891,33.8697],[-80.2068,33.8656]]]},"properties":{"ZCTA5CE20":"29001","AFFGEOID20":"860Z200US29001","GEOID20":"29001","NAME20":"29001","LSAD20":"Z5","ALAND20":181847359,"AWATER20":123778}},
{"type":"Feature","geometry":{"type":"Polygon","coordinates":[[[-80.039,33.3035],[-80.0383,33.303],[-79.9719,33.2763],[-79.977,33.2547],[-79.9351,33.2595],[-79.9147,33.2745],[-79.8958,33.2722],[-79.8808,33.2512],[-79.8831,33.2391],[-79.8727,33.2242],[-79.8906,33.2149],[-79.8785,33.2064],[-79.8765,33.1946],[-79.8645,33.1924],[-79.8425,33.1979],[-79.8229,33.2105],[-79.7989,33.2083],[-79.7911,33.1996],[-79.7633,33.22],[-79.7616,33.2295],[-79.7337,33.2503],[-79.7473,33.2598],[-79.7435,33.268],[-79.7638,33.2956],[-79.7801,33.2967],[-79.7874,33.3118],[-79.8031,33.3192],[-79.82,33.3046],[-79.8319,33.3206],[-79.8478,33.3061],[-79.8673,33.32],[-79.8842,33.3383],[-79.9061,33.3262],[-79.9274,33.3275],[-79.9439,33.3473],[-79.9599,33.3498],[-79.9835,33.343],[-80.0208,33.3426],[-80.039,33.3035]]]},"properties":{"ZCTA5CE20":"29431","AFFGEOID20":"860Z200US29431","GEOID20":"29431","NAME20":"29431","LSAD20":"Z5","ALAND20":219432157,"AWATER20":25034771}},
{"type":"Feature","geometry":{"type":"Polygon","coordinates":[[[-80.2076,33.8876],[-80.2068,33.8656],[-80.1891,33.8697],[-80.1743,33.8627],[-80.1594,33.8445],[-80.1403,33.8087],[-80.1376,33.7968],[-80.123,33.7984],[-80.1108,33.813],[-80.0949,33.8174],[-80.0964,33.8262],[-80.0761,33.8293],[-80.0742,33.8464],[-80.0632,33.8566],[-80.0484,33.8526],[-80.0599,33.8595],[-80.0596,33.8755],[-80.0682,33.8918],[-80.0651,33.9105],[-80.0464,33.9216],[-80.0704,33.93],[-80.0932,33.9013],[-80.122,33.9114],[-80.1386,33.9102],[-80.1638,33.9003],[-80.1831,33.894],[-80.2076,33.8876]]]},"properties":{"ZCTA5CE20":"29051","AFFGEOID20":"860Z200US29051","GEOID20":"29051","NAME20":"29051","LSAD20":"Z5","ALAND20":105952335,"AWATER20":71986}},
{"type":"Feature","geometry":{"type":"Polygon","coordinates":[[[-76.9104,34.6846],[-76.975,34.6769],[-77.0024,34.672],[-77.0146,34.676],[-77.0629,34.6643],[-77.0956,34.6531],[-77.093,34.6446],[-77.0143,34.6648],[-76.9101,34.6824],[-76.9104,34.6846]]]},"properties":{"ZCTA5CE20":"28594","AFFGEOID20":"860Z200US28594","GEOID20":"28594","NAME20":"28594","LSAD20":"Z5","ALAND20":14790803,"AWATER20":37989971}},
{"type":"Feature","geometry":{"type":"Polygon","coordinates":[[[-80.8773,35.0986],[-80.8837,35.1128],[-80.8956,35.1095],[-80.9047,35.1184],[-80.9155,35.1113],[-80.9201,35.0914],[-80.9062,35.0764],[-80.8718,35.0382],[-80.8649,35.044],[-80.8761,35.059],[-80.8694,35.0663],[-80.8706,35.0893],[-80.8773,35.0986]]]},"properties":{"ZCTA5CE20":"28134","AFFGEOID20":"860Z200US28134","GEOID20":"28134","NAME20":"28134","LSAD20":"Z5","ALAND20":21600757,"AWATER20":181903}},
{"type":"Feature","geometry":{"type":"Polygon","coordinates":[[[-78.3689,34.4743],[-78.4,34.4648],[-78.3971,34.4472],[-78.4281,34.4341],[-78.4347,34.4226],[-78.4322,34.4077],[-78.4235,34.3996],[-78.3669,34.3785],[-78.3494,34.3653],[-78.3494,34.3313],[-78.3284,34.3306],[-78.3277,34.3187],[-78.3084,34.3181],[-78.3067,34.3299],[-78.2369,34.3268],[-78.2162,34.3249],[-78.1953,34.3067],[-78.1621,34.2928],[-78.1526,34.3087],[-78.1614,34.3119],[-78.1484,34.3286],[-78.1354,34.3355],[-78.1256,34.358],[-78.0787,34.3392],[-78.0811,34.354],[-78.0928,34.3524],[-78.113,34.3602],[-78.1207,34.368],[-78.1545,34.365],[-78.1593,34.3571],[-78.1929,34.3527],[-78.2102,34.358],[-78.2116,34.3694],[-78.2362,34.3762],[-78.2561,34.3995],[-78.2738,34.4045],[-78.2887,34.4019],[-78.3268,34.4146],[-78.3526,34.4586],[-78.3689,34.4743]]]},"properties":{"ZCTA5CE20":"28456","AFFGEOID20":"860Z200US28456","GEOID20":"28456","NAME20":"28456","LSAD20":"Z5","ALAND20":204145119,"AWATER20":2819480}},
{"type":"Feature","geometry":{"type":"MultiPolygon","coordinates":[[[[-82.5369,34.6748],[-82.5552,34.6635],[-82.5318,34.6597],[-82.5367,34.6747],[-82.5369,34.6748]]],[[[-82.595,34.6948],[-82.6174,34.6802],[-82.6373,34.6536],[-82.6072,34.6437],[-82.5917,34.6482],[-82.6118,34.6051],[-82.6013,34.5907],[-82.5743,34.5932],[-82.5663,34.5992],[-82.5445,34.5925],[-82.5295,34.5816],[-82.5059,34.5867],[-82.4961,34.5787],[-82.4794,34.5895],[-82.4798,34.5996],[-82.4614,34.5997],[-82.4494,34.6177],[-82.4521,34.6308],[-82.4827,34.6354],[-82.5407,34.6399],[-82.5544,34.649],[-82.5689,34.6502],[-82.5557,34.6698],[-82.5813,34.6878],[-82.595,34.6948]]]]},"properties":{"ZCTA5CE20":"29697","AFFGEOID20":"860Z200US29697","GEOID20":"29697","NAME20":"29697","LSAD20":"Z5","ALAND20":101617866,"AWATER20":1191369}},
{"type":"Feature","geometry":{"type":"Polygon","coordinates":[[[-82.9964,35.1565],[-82.9809,35.1484],[-82.9765,35.1333],[-82.983,35.1166],[-82.9707,35.1104],[-82.9577,35.1128],[-82.9437,35.1033],[-82.9407,35.0885],[-82.9095,35.0775],[-82.9018,35.0853],[-82.9033,35.0958],[-82.8622,35.1289],[-82.8647,35.138],[-82.8526,35.1425],[-82.8527,35.1553],[-82.868,35.1801],[-82.896,35.2022],[-82.8908,35.213],[-82.9248,35.2106],[-82.9568,35.2167],[-82.9688,35.1946],[-82.9869,35.1876],[-82.9964,35.1565]]]},"properties":{"ZCTA5CE20":"28747","AFFGEOID20":"860Z200US28747","GEOID20":"28747","NAME20":"28747","LSAD20":"Z5","ALAND20":126292272,"AWATER20":2147686}},
{"type":"Feature","geometry":{"type":"Polygon","coordinates":[[[-78.0394,35.778],[-78.0282,35.7619],[-77.9969,35.7623],[-77.9742,35.7407],[-77.9366,35.7322],[-77.9302,35.7555],[-77.9062,35.7487],[-77.913,35.7526],[-77.9114,35.7745],[-77.922,35.795],[-77.9486,35.802],[-77.9488,35.823],[-77.9314,35.8301],[-77.9304,35.8416],[-77.9456,35.8422],[-77.9733,35.8365],[-77.9721,35.8488],[-77.9938,35.8523],[-77.9978,35.8637],[-78.0124,35.8624],[-78.0176,35.848],[-78.004,35.8223],[-78.0317,35.8152],[-78.0159,35.7851],[-78.0206,35.7749],[-78.0394,35.778]]]},"properties":{"ZCTA5CE20":"27896","AFFGEOID20":"860Z200US27896","GEOID20":"27896","NAME20":"27896","LSAD20":"Z5","ALAND20":91059893,"AWATER20":1262943}},
{"type":"Feature","geometry":{"type":"Polygon","coordinates":[[[-76.6542,35.5505],[-76.6379,35.5427],[-76.6422,35.5351],[-76.6736,35.5122],[-76.7067,35.5005],[-76.7315,35.5295],[-76.7206,35.5118],[-76.7206,35.4918],[-76.6964,35.4897],[-76.7166,35.4695],[-76.7027,35.4506],[-76.6826,35.4519],[-76.6654,35.4248],[-76.6608,35.4129],[-76.6479,35.4034],[-76.5776,35.3876],[-76.5819,35.4075],[-76.5904,35.4169],[-76.5928,35.4367],[-76.6037,35.4435],[-76.607,35.4555],[-76.5974,35.4819],[-76.6147,35.4874],[-76.628,35.5062],[-76.6379,35.513],[-76.6135,35.5327],[-76.5992,35.5399],[-76.5819,35.5408],[-76.537,35.5291],[-76.5092,35.5373],[-76.4842,35.5397],[-76.477,35.5547],[-76.4654,35.5584],[-76.4552,35.5492],[-76.467,35.5389],[-76.4698,35.5243],[-76.4586,35.5293],[-76.4424,35.524],[-76.4388,35.5554],[-76.3206,35.5763],[-76.2979,35.609],[-76.2693,35.6906],[-76.3171,35.693],[-76.5219,35.704],[-76.54,35.6258],[-76.5596,35.6207],[-76.5869,35.6306],[-76.5916,35.6578],[-76.6062,35.6469],[-76.602,35.6389],[-76.6417,35.6144],[-76.6417,35.5847],[-76.6498,35.584],[-76.6608,35.556],[-76.6542,35.5505]]]},"properties":{"ZCTA5CE20":"27810","AFFGEOID20":"860Z200US27810","GEOID20":"27810","NAME20":"27810","LSAD20":"Z5","ALAND20":524395252,"AWATER20":136527829}},
{"type":"Feature","geometry":{"type":"Polygon","coordinates":[[[-81.7649,33.933],[-81.744,33.9138],[-81.7435,33.8995],[-81.7601,33.883],[-81.7553,33.8727],[-81.7672,33.8603],[-81.7396,33.8552],[-81.732,33.8348],[-81.7136,33.8449],[-81.7036,33.872],[-81.6727,33.8816],[-81.6719,33.901],[-81.6471,33.9139],[-81.6452,33.9237],[-81.6677,33.9446],[-81.6793,33.9439],[-81.6893,33.9533],[-81.6916,33.939],[-81.7106,33.9381],[-81.7221,33.9513],[-81.7649,33.933]]]},"properties":{"ZCTA5CE20":"29166","AFFGEOID20":"860Z200US29166","GEOID20":"29166","NAME20":"29166","LSAD20":"Z5","ALAND20":79877885,"AWATER20":277840}},
{"type":"Feature","geometry":{"type":"Polygon","coordinates":[[[-75.4607,35.5783],[-75.4619,35.5927],[-75.4752,35.6616],[-75.4859,35.6985],[-75.5047,35.7443],[-75.5214,35.754],[-75.5075,35.7068],[-75.4992,35.6979],[-75.4959,35.673],[-75.4714,35.6217],[-75.4693,35.5803],[-75.4664,35.5791],[-75.4607,35.5783]]]},"properties":{"ZCTA5CE20":"27968","AFFGEOID20":"860Z200US27968","GEOID20":"27968","NAME20":"27968","LSAD20":"Z5","ALAND20":19662589,"AWATER20":13564206}},
{"type":"Feature","geometry":{"type":"Polygon","coordinates":[[[-79.5708,34.6174],[-79.5809,34.6183],[-79.6038,34.5989],[-79.6057,34.5822],[-79.5931,34.5759],[-79.598,34.5511],[-79.5645,34.5265],[-79.5238,34.512],[-79.5173,34.5035],[-79.4943,34.5435],[-79.4787,34.5576],[-79.4689,34.5587],[-79.4807,34.5673],[-79.4592,34.602],[-79.4413,34.5968],[-79.4421,34.6145],[-79.45,34.621],[-79.4606,34.6026],[-79.4773,34.6076],[-79.4959,34.6074],[-79.5102,34.6152],[-79.5395,34.6132],[-79.5708,34.6174]]]},"properties":{"ZCTA5CE20":"29525","AFFGEOID20":"860Z200US29525","GEOID20":"29525","NAME20":"29525","LSAD20":"Z5","ALAND20":111937494,"AWATER20":219601}},
{"type":"Feature","geometry":{"type":"Polygon","coordinates":[[[-81.9508,35.0753],[-81.9674,35.0759],[-81.9947,35.0643],[-82.0236,35.0599],[-82.0215,35.0396],[-82.0281,35.0181],[-82.0073,35.0022],[-81.9926,34.9974],[-81.9756,35.0126],[-81.9579,35.0126],[-81.942,35.0194],[-81.9422,35.0351],[-81.9351,35.0451],[-81.9225,35.0707],[-81.9295,35.0884],[-81.9486,35.0853],[-81.9508,35.0753]]]},"properties":{"ZCTA5CE20":"29316","AFFGEOID20":"860Z200US29316","GEOID20":"29316","NAME20":"29316","LSAD20":"Z5","ALAND20":56516015,"AWATER20":78115}},
{"type":"Feature","geometry":{"type":"Polygon","coordinates":[[[-80.6685,32.5056],[-80.6806,32.5017],[-80.692,32.4822],[-80.6879,32.4578],[-80.6673,32.4536],[-80.6589,32.4374],[-80.6666,32.4276],[-80.6826,32.426],[-80.6851,32.4179],[-80.6723,32.4086],[-80.6764,32.3928],[-80.6734,32.3806],[-80.6783,32.3679],[-80.6592,32.3402],[-80.6499,32.3436],[-80.6512,32.3568],[-80.6301,32.377],[-80.6339,32.3875],[-80.6133,32.3941],[-80.6192,32.4055],[-80.6184,32.4255],[-80.6072,32.4329],[-80.6062,32.4454],[-80.5567,32.4588],[-80.5291,32.454],[-80.5134,32.4557],[-80.4819,32.4531],[-80.4769,32.4679],[-80.477,32.4854],[-80.5029,32.4957],[-80.508,32.5052],[-80.5408,32.5036],[-80.5664,32.4945],[-80.5862,32.4921],[-80.6211,32.5099],[-80.6685,32.5056]]]},"properties":{"ZCTA5CE20":"29907","AFFGEOID20":"860Z200US29907","GEOID20":"29907","NAME20":"29907","LSAD20":"Z5","ALAND20":109445530,"AWATER20":56660242}},
{"type":"Feature","geometry":{"type":"Polygon","coordinates":[[[-79.0428,33.7284],[-79.0517,33.7197],[-79.0581,33.6921],[-79.0688,33.6767],[-79.0612,33.6685],[-79.0896,33.6567],[-79.0964,33.6283],[-79.091,33.6175],[-79.088,33.6208],[-79.0497,33.6142],[-79.0313,33.6209],[-79.0095,33.6142],[-78.978,33.6546],[-78.9578,33.6948],[-78.9826,33.703],[-78.9742,33.7126],[-78.9798,33.7207],[-78.9956,33.7219],[-79.0162,33.7165],[-78.9961,33.7409],[-79.013,33.7489],[-79.0407,33.7375],[-79.0428,33.7284]]]},"properties":{"ZCTA5CE20":"29588","AFFGEOID20":"860Z200US29588","GEOID20":"29588","NAME20":"29588","LSAD20":"Z5","ALAND20":108688821,"AWATER20":2481393}},
{"type":"Feature","geometry":{"type":"Polygon","coordinates":[[[-80.96,35.547],[-80.9565,35.5139],[-80.9621,35.4987],[-80.9473,35.4885],[-80.9067,35.5148],[-80.8744,35.5125],[-80.8659,35.5119],[-80.8625,35.5304],[-80.8443,35.5264],[-80.8483,35.5556],[-80.8333,35.5799],[-80.8386,35.5983],[-80.8255,35.614],[-80.8358,35.629],[-80.862,35.6285],[-80.8641,35.6401],[-80.8799,35.6457],[-80.8865,35.6568],[-80.9092,35.6542],[-80.9286,35.6239],[-80.9435,35.6049],[-80.9336,35.5909],[-80.9513,35.5813],[-80.9599,35.548],[-80.96,35.547]]]},"properties":{"ZCTA5CE20":"28117","AFFGEOID20":"860Z200US28117","GEOID20":"28117","NAME20":"28117","LSAD20":"Z5","ALAND20":101254999,"AWATER20":40598239}},
{"type":"Feature","geometry":{"type":"Polygon","coordinates":[[[-80.5081,36.1036],[-80.5167,36.084],[-80.5066,36.0539],[-80.4963,36.0465],[-80.4872,36.0432],[-80.4638,36.0626],[-80.4439,36.0596],[-80.4263,36.065],[-80.4197,36.0743],[-80.3986,36.0789],[-80.3652,36.0736],[-80.3864,36.0845],[-80.3739,36.0951],[-80.3871,36.1082],[-80.3964,36.1209],[-80.4114,36.1243],[-80.4311,36.1215],[-80.4395,36.141],[-80.454,36.1225],[-80.463,36.1179],[-80.488,36.1161],[-80.5081,36.1036]]]},"properties":{"ZCTA5CE20":"27023","AFFGEOID20":"860Z200US27023","GEOID20":"27023","NAME20":"27023","LSAD20":"Z5","ALAND20":71898269,"AWATER20":1696373}},
{"type":"Feature","geometry":{"type":"Polygon","coordinates":[[[-81.3881,35.0652],[-81.4025,35.0694],[-81.4148,35.0659],[-81.4369,35.0739],[-81.4546,35.0728],[-81.4699,35.0563],[-81.488,35.0303],[-81.4662,35.0094],[-81.4519,35.0163],[-81.4293,35.0153],[-81.4341,35.0056],[-81.424,34.9925],[-81.408,34.9838],[-81.3815,34.98],[-81.3784,34.9617],[-81.37,34.9657],[-81.3521,34.9607],[-81.352,34.978],[-81.3561,34.9829],[-81.3598,34.9923],[-81.3532,35.0256],[-81.3432,35.0356],[-81.3532,35.0462],[-81.3621,35.0708],[-81.3881,35.0652]]]},"properties":{"ZCTA5CE20":"29743","AFFGEOID20":"860Z200US29743","GEOID20":"29743","NAME20":"29743","LSAD20":"Z5","ALAND20":96292077,"AWATER20":157058}},
{"type":"Feature","geometry":{"type":"Polygon","coordinates":[[[-82.1051,34.9393],[-82.1065,34.92],[-82.0949,34.9221],[-82.082,34.9314],[-82.0908,34.939],[-82.1051,34.9393]]]},"properties":{"ZCTA5CE20":"29377","AFFGEOID20":"860Z200US29377","GEOID20":"29377","NAME20":"29377","LSAD20":"Z5","ALAND20":3687503,"AWATER20":67784}},
{"type":"Feature","geometry":{"type":"Polygon","coordinates":[[[-81.1826,32.6672],[-81.1689,32.6307],[-81.173,32.6155],[-81.1832,32.6131],[-81.1848,32.5943],[-81.1705,32.5948],[-81.1629,32.5819],[-81.1985,32.5863],[-81.2132,32.5766],[-81.2096,32.567],[-81.1676,32.5521],[-81.1567,32.5358],[-81.1281,32.5322],[-81.1125,32.5243],[-81.0844,32.519],[-81.0624,32.5263],[-81.0411,32.5222],[-81.0404,32.5423],[-81.0343,32.5502],[-81.0141,32.5358],[-81.0169,32.5637],[-81.0021,32.5868],[-81.0584,32.5943],[-81.0415,32.6137],[-81.0962,32.6268],[-81.1181,32.6334],[-81.1248,32.6455],[-81.1063,32.666],[-81.0815,32.6754],[-81.0792,32.6831],[-81.1026,32.6916],[-81.0962,32.7023],[-81.0994,32.7127],[-81.1216,32.704],[-81.1431,32.6878],[-81.1541,32.685],[-81.1633,32.6732],[-81.1826,32.6672]]]},"properties":{"ZCTA5CE20":"29934","AFFGEOID20":"860Z200US29934","GEOID20":"29934","NAME20":"29934","LSAD20":"Z5","ALAND20":199634487,"AWATER20":3311}},
{"type":"Feature","geometry":{"type":"Polygon","coordinates":[[[-76.4605,34.8463],[-76.4638,34.8299],[-76.4446,34.8157],[-76.4314,34.8289],[-76.4121,34.8322],[-76.41,34.8615],[-76.4027,34.8863],[-76.4144,34.8806],[-76.4331,34.8804],[-76.4329,34.8665],[-76.4524,34.8663],[-76.4605,34.8463]]]},"properties":{"ZCTA5CE20":"28581","AFFGEOID20":"860Z200US28581","GEOID20":"28581","NAME20":"28581","LSAD20":"Z5","ALAND20":23587792,"AWATER20":17296307}},
{"type":"Feature","geometry":{"type":"MultiPolygon","coordinates":[[[[-76.7961,35.6535],[-76.806,35.6322],[-76.8225,35.6314],[-76.8267,35.6193],[-76.8396,35.6165],[-76.8462,35.6043],[-76.8235,35.5956],[-76.8001,35.5978],[-76.8045,35.6265],[-76.7919,35.6488],[-76.7961,35.6535]]],[[[-76.8473,35.72],[-76.8446,35.7057],[-76.7633,35.7055],[-76.7816,35.6806],[-76.7708,35.676],[-76.7549,35.7055],[-76.7152,35.7054],[-76.706,35.7182],[-76.7168,35.7249],[-76.6866,35.7573],[-76.7034,35.7747],[-76.682,35.8732],[-76.6647,35.8757],[-76.6712,35.9029],[-76.6855,35.9027],[-76.6882,35.9189],[-76.7068,35.9232],[-76.72,35.9173],[-76.7311,35.8884],[-76.7436,35.8723],[-76.7606,35.8649],[-76.7787,35.8566],[-76.7892,35.8376],[-76.7819,35.8267],[-76.7995,35.8134],[-76.8026,35.8052],[-76.793,35.7899],[-76.8186,35.7471],[-76.8313,35.7307],[-76.8473,35.72]]]]},"properties":{"ZCTA5CE20":"27962","AFFGEOID20":"860Z200US27962","GEOID20":"27962","NAME20":"27962","LSAD20":"Z5","ALAND20":220200748,"AWATER20":474957}},
{"type":"Feature","geometry":{"type":"Polygon","coordinates":[[[-82.5945,34.0139],[-82.5886,33.9998],[-82.5762,33.993],[-82.5805,33.9821],[-82.5662,33.9648],[-82.5645,33.9557],[-82.5568,33.9454],[-82.5357,33.9431],[-82.5291,33.9541],[-82.5027,33.9626],[-82.4872,33.9755],[-82.4686,33.9725],[-82.4665,33.9892],[-82.4485,33.9873],[-82.4623,33.9988],[-82.4654,34.0127],[-82.4857,34.0363],[-82.527,34.0448],[-82.5349,34.0365],[-82.5227,34.0243],[-82.532,34.0165],[-82.5502,34.0436],[-82.5589,34.0465],[-82.5945,34.0139]]]},"properties":{"ZCTA5CE20":"29840","AFFGEOID20":"860Z200US29840","GEOID20":"29840","NAME20":"29840","LSAD20":"Z5","ALAND20":81430798,"AWATER20":9075116}},
{"type":"Feature","geometry":{"type":"Polygon","coordinates":[[[-81.2756,32.8922],[-81.2679,32.8607],[-81.2424,32.8709],[-81.2147,32.8575],[-81.2194,32.8435],[-81.199,32.8345],[-81.1806,32.8267],[-81.1541,32.8407],[-81.1709,32.8629],[-81.1664,32.8813],[-81.1947,32.9019],[-81.177,32.9072],[-81.1699,32.8992],[-81.1422,32.9155],[-81.1398,32.8978],[-81.1126,32.8984],[-81.1058,32.9037],[-81.1121,32.9179],[-81.0785,32.9164],[-81.0717,32.929],[-81.0488,32.9371],[-81.0268,32.9524],[-81.0075,32.9379],[-81.0206,32.964],[-81.0445,32.9856],[-81.0533,32.9896],[-81.0647,33.0136],[-81.0823,33.0266],[-81.2073,32.9604],[-81.2196,32.9477],[-81.197,32.931],[-81.2193,32.9131],[-81.2374,32.9208],[-81.2423,32.9081],[-81.2601,32.903],[-81.2756,32.8922]]]},"properties":{"ZCTA5CE20":"29911","AFFGEOID20":"860Z200US29911","GEOID20":"29911","NAME20":"29911","LSAD20":"Z5","ALAND20":209182888,"AWATER20":679021}},
{"type":"Feature","geometry":{"type":"Polygon","coordinates":[[[-77.2023,35.9477],[-77.2151,35.9565],[-77.2242,35.9495],[-77.2372,35.9532],[-77.2611,35.9316],[-77.2509,35.9167],[-77.235,35.925],[-77.2155,35.9156],[-77.2121,35.9305],[-77.1984,35.9391],[-77.2023,35.9477]]]},"properties":{"ZCTA5CE20":"27840","AFFGEOID20":"860Z200US27840","GEOID20":"27840","NAME20":"27840","LSAD20":"Z5","ALAND20":14360876,"AWATER20":13587}},
{"type":"Feature","geometry":{"type":"Polygon","coordinates":[[[-78.0471,36.1824],[-78.0294,36.1836],[-78.0107,36.1962],[-78.0069,36.168],[-77.9954,36.1672],[-77.9714,36.178],[-77.9643,36.1917],[-77.9511,36.1806],[-77.9318,36.1826],[-77.9257,36.1836],[-77.9251,36.1883],[-77.9238,36.1888],[-77.918,36.1815],[-77.9178,36.1796],[-77.9227,36.1696],[-77.9178,36.1793],[-77.9176,36.1808],[-77.9178,36.1815],[-77.923,36.1882],[-77.924,36.1891],[-77.9251,36.1884],[-77.926,36.1859],[-77.9274,36.1866],[-77.927,36.1891],[-77.9316,36.1958],[-77.9319,36.2101],[-77.9108,36.2133],[-77.876,36.2051],[-77.864,36.2138],[-77.8946,36.2393],[-77.8838,36.2454],[-77.8905,36.2773],[-77.8962,36.2864],[-77.89,36.314],[-77.9106,36.3044],[-77.9128,36.3169],[-77.9346,36.3223],[-77.9668,36.326],[-77.9861,36.2963],[-77.9649,36.2679],[-77.97,36.2595],[-78.0034,36.2438],[-78.0276,36.2104],[-78.0471,36.1824]]]},"properties":{"ZCTA5CE20":"27844","AFFGEOID20":"860Z200US27844","GEOID20":"27844","NAME20":"27844","LSAD20":"Z5","ALAND20":140026633,"AWATER20":611159}},
{"type":"Feature","geometry":{"type":"Polygon","coordinates":[[[-80.8249,35.2279],[-80.818,35.2231],[-80.8116,35.2021],[-80.8125,35.1995],[-80.7965,35.1968],[-80.7764,35.1822],[-80.7609,35.1988],[-80.7487,35.2243],[-80.7589,35.2341],[-80.7708,35.2318],[-80.7796,35.2419],[-80.78,35.2538],[-80.7911,35.2515],[-80.8117,35.2472],[-80.8249,35.2279]]]},"properties":{"ZCTA5CE20":"28205","AFFGEOID20":"860Z200US28205","GEOID20":"28205","NAME20":"28205","LSAD20":"Z5","ALAND20":30633090,"AWATER20":31049}},
{"type":"Feature","geometry":{"type":"Polygon","coordinates":[[[-81.968,34.4257],[-81.9821,34.4364],[-82.0037,34.443],[-82.0195,34.4425],[-82.0339,34.4325],[-82.0514,34.4096],[-82.0526,34.3957],[-82.0373,34.3775],[-82.0256,34.3512],[-82.019,34.3629],[-81.9907,34.3542],[-81.968,34.3426],[-81.9596,34.3246],[-81.9406,34.3302],[-81.9365,34.316],[-81.9125,34.2973],[-81.8934,34.312],[-81.8697,34.3141],[-81.8708,34.3292],[-81.88,34.3379],[-81.8952,34.3527],[-81.9219,34.3718],[-81.9326,34.3859],[-81.9545,34.4001],[-81.968,34.4257]]]},"properties":{"ZCTA5CE20":"29370","AFFGEOID20":"860Z200US29370","GEOID20":"29370","NAME20":"29370","LSAD20":"Z5","ALAND20":119219090,"AWATER20":144941}},
{"type":"Feature","geometry":{"type":"Polygon","coordinates":[[[-82.6715,35.1876],[-82.6822,35.177],[-82.6693,35.1626],[-82.6661,35.14],[-82.6553,35.1288],[-82.6433,35.1304],[-82.629,35.1262],[-82.6097,35.139],[-82.5773,35.1425],[-82.5742,35.1437],[-82.5907,35.162],[-82.5986,35.197],[-82.6113,35.1941],[-82.6204,35.2011],[-82.64,35.2021],[-82.6624,35.1962],[-82.6715,35.1876]]]},"properties":{"ZCTA5CE20":"28718","AFFGEOID20":"860Z200US28718","GEOID20":"28718","NAME20":"28718","LSAD20":"Z5","ALAND20":52397784,"AWATER20":609156}},
{"type":"Feature","geometry":{"type":"Polygon","coordinates":[[[-81.7714,34.9283],[-81.7972,34.9077],[-81.7922,34.8852],[-81.7806,34.8657],[-81.7686,34.8558],[-81.7601,34.8478],[-81.7463,34.8623],[-81.7284,34.8584],[-81.7369,34.8765],[-81.7209,34.8895],[-81.6947,34.8886],[-81.6764,34.8832],[-81.6703,34.8743],[-81.6387,34.8804],[-81.6267,34.8743],[-81.6064,34.8778],[-81.5906,34.8865],[-81.6262,34.8907],[-81.6526,34.9093],[-81.6503,34.9208],[-81.6363,34.9266],[-81.6371,34.9405],[-81.6461,34.9493],[-81.6625,34.9537],[-81.692,34.9493],[-81.7069,34.9505],[-81.7355,34.9453],[-81.7359,34.9371],[-81.7386,34.9283],[-81.7392,34.9226],[-81.75,34.9214],[-81.7505,34.9265],[-81.7714,34.9283]]]},"properties":{"ZCTA5CE20":"29372","AFFGEOID20":"860Z200US29372","GEOID20":"29372","NAME20":"29372","LSAD20":"Z5","ALAND20":110269781,"AWATER20":925326}},
{"type":"Feature","geometry":{"type":"Polygon","coordinates":[[[-80.3652,36.0736],[-80.367,36.0627],[-80.387,36.0415],[-80.3761,36.0293],[-80.3545,36.0163],[-80.3411,36.0302],[-80.3247,36.0372],[-80.3137,36.0311],[-80.2812,36.0583],[-80.26,36.0663],[-80.2521,36.0746],[-80.2653,36.0926],[-80.2819,36.0939],[-80.3308,36.0723],[-80.3652,36.0736]]]},"properties":{"ZCTA5CE20":"27103","AFFGEOID20":"860Z200US27103","GEOID20":"27103","NAME20":"27103","LSAD20":"Z5","ALAND20":48217647,"AWATER20":231695}},
{"type":"Feature","geometry":{"type":"MultiPolygon","coordinates":[[[[-82.017,35.231],[-82.0372,35.2367],[-82.0512,35.2293],[-82.0749,35.2337],[-82.0872,35.2467],[-82.1037,35.2431],[-82.1273,35.2306],[-82.1349,35.2209],[-82.1325,35.2051],[-82.1412,35.1932],[-82.076,35.1904],[-82.0275,35.1891],[-82.0017,35.1885],[-82.0004,35.2121],[-82.017,35.231]]],[[[-82.2046,35.2887],[-82.2327,35.2749],[-82.2438,35.2661],[-82.2375,35.254],[-82.2305,35.2317],[-82.2177,35.2252],[-82.2045,35.2276],[-82.1878,35.2144],[-82.1625,35.2179],[-82.1515,35.2282],[-82.1581,35.2424],[-82.1416,35.2547],[-82.1459,35.2642],[-82.117,35.2854],[-82.1496,35.277],[-82.1559,35.2826],[-82.1938,35.2932],[-82.2046,35.2887]]]]},"properties":{"ZCTA5CE20":"28722","AFFGEOID20":"860Z200US28722","GEOID20":"28722","NAME20":"28722","LSAD20":"Z5","ALAND20":113628053,"AWATER20":45764}},
{"type":"Feature","geometry":{"type":"Polygon","coordinates":[[[-81.0921,33.945],[-81.1249,33.92],[-81.1463,33.8979],[-81.139,33.8916],[-81.1123,33.8871],[-81.0792,33.8938],[-81.0828,33.8843],[-81.056,33.8728],[-81.0499,33.8594],[-81.0349,33.872],[-81.014,33.8794],[-81.0123,33.8801],[-81.0214,33.8881],[-81.0088,33.9041],[-81.029,33.912],[-81.0175,33.9321],[-81.0289,33.9282],[-81.056,33.9299],[-81.0921,33.945]]]},"properties":{"ZCTA5CE20":"29172","AFFGEOID20":"860Z200US29172","GEOID20":"29172","NAME20":"29172","LSAD20":"Z5","ALAND20":61841102,"AWATER20":1594162}},
{"type":"Feature","geometry":{"type":"Polygon","coordinates":[[[-81.2498,34.2007],[-81.2557,34.1817],[-81.2701,34.1661],[-81.2577,34.1623],[-81.2476,34.141],[-81.2638,34.142],[-81.2657,34.1387],[-81.2562,34.1211],[-81.269,34.0997],[-81.2352,34.1019],[-81.2011,34.0959],[-81.1986,34.088],[-81.1822,34.0823],[-81.1517,34.0816],[-81.1364,34.0929],[-81.1435,34.1146],[-81.1527,34.1295],[-81.1371,34.1333],[-81.1482,34.1566],[-81.1849,34.178],[-81.2264,34.2057],[-81.2474,34.2031],[-81.2498,34.2007]]]},"properties":{"ZCTA5CE20":"29063","AFFGEOID20":"860Z200US29063","GEOID20":"29063","NAME20":"29063","LSAD20":"Z5","ALAND20":103887822,"AWATER20":5540667}},
{"type":"Feature","geometry":{"type":"Polygon","coordinates":[[[-79.1152,35.3677],[-79.1114,35.3685],[-79.1108,35.3803],[-79.1184,35.3727],[-79.1152,35.3677]]]},"properties":{"ZCTA5CE20":"28368","AFFGEOID20":"860Z200US28368","GEOID20":"28368","NAME20":"28368","LSAD20":"Z5","ALAND20":891742,"AWATER20":0}},
{"type":"Feature","geometry":{"type":"Polygon","coordinates":[[[-75.6691,35.2196],[-75.6863,35.231],[-75.6989,35.2182],[-75.6901,35.2092],[-75.6674,35.2162],[-75.6691,35.2196]]]},"properties":{"ZCTA5CE20":"27943","AFFGEOID20":"860Z200US27943","GEOID20":"27943","NAME20":"27943","LSAD20":"Z5","ALAND20":6938562,"AWATER20":5135173}},
{"type":"Feature","geometry":{"type":"Polygon","coordinates":[[[-78.114,35.5269],[-78.1003,35.5193],[-78.1135,35.4947],[-78.1024,35.4844],[-78.1132,35.4677],[-78.0923,35.4663],[-78.0893,35.4581],[-78.077,35.4499],[-78.0532,35.4537],[-78.0396,35.4652],[-78.0305,35.4524],[-77.9806,35.4672],[-77.9767,35.4525],[-77.9575,35.4449],[-77.9259,35.4598],[-77.9252,35.465],[-77.8997,35.4725],[-77.8698,35.4692],[-77.8712,35.4505],[-77.8421,35.4415],[-77.8273,35.4547],[-77.8256,35.4684],[-77.8078,35.4728],[-77.8061,35.489],[-77.8293,35.4941],[-77.8453,35.4897],[-77.8529,35.5019],[-77.8596,35.5134],[-77.8798,35.5208],[-77.8899,35.5342],[-77.8995,35.5163],[-77.9183,35.5126],[-77.9654,35.5088],[-77.9944,35.5156],[-78.0173,35.5284],[-78.0432,35.5242],[-78.0653,35.5169],[-78.0872,35.5181],[-78.0927,35.5334],[-78.114,35.5269]]]},"properties":{"ZCTA5CE20":"27863","AFFGEOID20":"860Z200US27863","GEOID20":"27863","NAME20":"27863","LSAD20":"Z5","ALAND20":171276148,"AWATER20":480556}},
{"type":"Feature","geometry":{"type":"Polygon","coordinates":[[[-80.2951,36.544],[-80.2952,36.5208],[-80.3013,36.5042],[-80.2913,36.4999],[-80.2833,36.4833],[-80.2641,36.482],[-80.2527,36.487],[-80.2154,36.4912],[-80.2132,36.5007],[-80.1945,36.5055],[-80.1695,36.4937],[-80.161,36.4629],[-80.1497,36.4616],[-80.1457,36.4811],[-80.1288,36.4943],[-80.1502,36.543],[-80.2951,36.544]]]},"properties":{"ZCTA5CE20":"27022","AFFGEOID20":"860Z200US27022","GEOID20":"27022","NAME20":"27022","LSAD20":"Z5","ALAND20":85582017,"AWATER20":273601}},
{"type":"Feature","geometry":{"type":"Polygon","coordinates":[[[-77.9465,35.6206],[-77.9389,35.6151],[-77.9273,35.6411],[-77.9406,35.64],[-77.9391,35.6296],[-77.9465,35.6206]]]},"properties":{"ZCTA5CE20":"27813","AFFGEOID20":"860Z200US27813","GEOID20":"27813","NAME20":"27813","LSAD20":"Z5","ALAND20":2849481,"AWATER20":4979}},
{"type":"Feature","geometry":{"type":"Polygon","coordinates":[[[-77.0549,35.3501],[-77.0595,35.344],[-77.0626,35.3104],[-77.0548,35.2982],[-77.074,35.2939],[-77.0828,35.2973],[-77.1043,35.289],[-77.1014,35.2735],[-77.0839,35.2605],[-77.076,35.2441],[-77.0642,35.2454],[-77.0819,35.2164],[-77.0929,35.2142],[-77.1005,35.192],[-77.0799,35.1691],[-77.034,35.2154],[-77.0155,35.2149],[-76.9675,35.2469],[-76.942,35.228],[-76.9425,35.2197],[-76.9326,35.2303],[-76.9062,35.2359],[-76.8959,35.2539],[-76.9394,35.2864],[-76.9588,35.301],[-77.0421,35.3435],[-77.0549,35.3501]]]},"properties":{"ZCTA5CE20":"28527","AFFGEOID20":"860Z200US28527","GEOID20":"28527","NAME20":"28527","LSAD20":"Z5","ALAND20":167263470,"AWATER20":456066}},
{"type":"Feature","geometry":{"type":"Polygon","coordinates":[[[-80.8763,35.1377],[-80.8833,35.1158],[-80.8725,35.1086],[-80.8773,35.0986],[-80.8706,35.0893],[-80.8539,35.0898],[-80.8437,35.1063],[-80.8315,35.1104],[-80.82,35.141],[-80.8254,35.1468],[-80.8362,35.1559],[-80.8486,35.1528],[-80.8594,35.1693],[-80.8748,35.1727],[-80.8763,35.1377]]]},"properties":{"ZCTA5CE20":"28210","AFFGEOID20":"860Z200US28210","GEOID20":"28210","NAME20":"28210","LSAD20":"Z5","ALAND20":32122867,"AWATER20":192749}},
{"type":"Feature","geometry":{"type":"Polygon","coordinates":[[[-81.2561,34.3339],[-81.2604,34.3219],[-81.2503,34.3135],[-81.2481,34.2842],[-81.2439,34.2738],[-81.2667,34.2581],[-81.2928,34.2477],[-81.3067,34.2377],[-81.2782,34.2296],[-81.2593,34.2089],[-81.2474,34.2031],[-81.2264,34.2057],[-81.1849,34.178],[-81.1482,34.1566],[-81.1371,34.1333],[-81.1184,34.1414],[-81.1361,34.1546],[-81.1084,34.1658],[-81.1208,34.188],[-81.1213,34.2067],[-81.1346,34.2066],[-81.1397,34.2169],[-81.115,34.2156],[-81.1044,34.2239],[-81.0977,34.2446],[-81.073,34.2517],[-81.0589,34.2758],[-81.058,34.296],[-81.0638,34.3055],[-81.0383,34.3235],[-81.0197,34.3593],[-81.003,34.3658],[-80.9917,34.3581],[-80.9803,34.3639],[-80.9695,34.3558],[-80.9561,34.3581],[-80.9527,34.3703],[-80.9265,34.3856],[-80.9155,34.3993],[-80.9053,34.3979],[-80.8904,34.4075],[-80.8888,34.4196],[-80.8658,34.4261],[-80.8708,34.4432],[-80.881,34.4508],[-80.8882,34.4679],[-80.8987,34.4867],[-80.8944,34.4943],[-80.8937,34.5124],[-80.9072,34.5081],[-80.9424,34.5179],[-80.9497,34.509],[-80.9664,34.522],[-80.9555,34.5274],[-80.9638,34.5464],[-80.971,34.5464],[-80.9828,34.5469],[-80.9906,34.5363],[-80.9763,34.526],[-80.9985,34.5182],[-80.9977,34.5097],[-81.0218,34.4937],[-81.0381,34.4996],[-81.0602,34.5007],[-81.078,34.493],[-81.1012,34.4984],[-81.1408,34.4899],[-81.1564,34.4907],[-81.1704,34.4777],[-81.1819,34.4499],[-81.1893,34.4441],[-81.2152,34.442],[-81.234,34.4186],[-81.2492,34.4241],[-81.2407,34.4119],[-81.2496,34.3987],[-81.2424,34.3846],[-81.2456,34.3638],[-81.2385,34.3531],[-81.2561,34.3339]]]},"properties":{"ZCTA5CE20":"29180","AFFGEOID20":"860Z200US29180","GEOID20":"29180","NAME20":"29180","LSAD20":"Z5","ALAND20":797253167,"AWATER20":7328869}},
{"type":"Feature","geometry":{"type":"Polygon","coordinates":[[[-79.7365,35.8548],[-79.7619,35.847],[-79.7712,35.8268],[-79.7625,35.8165],[-79.7668,35.8033],[-79.7312,35.7677],[-79.7318,35.7511],[-79.7099,35.739],[-79.7136,35.7242],[-79.7026,35.7142],[-79.6768,35.7108],[-79.6758,35.7317],[-79.6843,35.7362],[-79.664,35.7751],[-79.6661,35.7858],[-79.6569,35.7998],[-79.643,35.8021],[-79.6422,35.813],[-79.6574,35.811],[-79.6711,35.8362],[-79.7067,35.8229],[-79.7372,35.8406],[-79.7365,35.8548]]]},"properties":{"ZCTA5CE20":"27248","AFFGEOID20":"860Z200US27248","GEOID20":"27248","NAME20":"27248","LSAD20":"Z5","ALAND20":89061373,"AWATER20":554676}},
{"type":"Feature","geometry":{"type":"Polygon","coordinates":[[[-81.3501,35.3486],[-81.3366,35.3402],[-81.3489,35.3232],[-81.3238,35.2947],[-81.3319,35.2813],[-81.3245,35.2623],[-81.3097,35.2477],[-81.2884,35.2576],[-81.2704,35.2521],[-81.2481,35.2579],[-81.248,35.2868],[-81.2367,35.2928],[-81.2276,35.3049],[-81.2329,35.3148],[-81.2301,35.3298],[-81.2408,35.3382],[-81.2538,35.3655],[-81.2619,35.3646],[-81.285,35.389],[-81.2927,35.3792],[-81.3102,35.3764],[-81.3164,35.3646],[-81.3343,35.3653],[-81.3501,35.3486]]]},"properties":{"ZCTA5CE20":"28016","AFFGEOID20":"860Z200US28016","GEOID20":"28016","NAME20":"28016","LSAD20":"Z5","ALAND20":111290130,"AWATER20":1031357}},
{"type":"Feature","geometry":{"type":"Polygon","coordinates":[[[-80.2628,36.1026],[-80.2653,36.0926],[-80.2521,36.0746],[-80.2313,36.0848],[-80.2288,36.0862],[-80.2278,36.0931],[-80.2214,36.0916],[-80.2149,36.0912],[-80.1646,36.1041],[-80.1544,36.1284],[-80.1346,36.1374],[-80.1413,36.1593],[-80.1513,36.146],[-80.1754,36.1415],[-80.1973,36.1162],[-80.2497,36.11],[-80.2628,36.1026]]]},"properties":{"ZCTA5CE20":"27101","AFFGEOID20":"860Z200US27101","GEOID20":"27101","NAME20":"27101","LSAD20":"Z5","ALAND20":32318598,"AWATER20":353577}},
{"type":"Feature","geometry":{"type":"Polygon","coordinates":[[[-80.8558,35.2359],[-80.8544,35.2241],[-80.8446,35.2138],[-80.8286,35.2249],[-80.8505,35.241],[-80.8558,35.2359]],[[-80.8442,35.2247],[-80.8453,35.224],[-80.8464,35.2249],[-80.8453,35.2257],[-80.8442,35.2247]],[[-80.8431,35.2255],[-80.8442,35.2264],[-80.8431,35.2272],[-80.842,35.2262],[-80.8431,35.2255]],[[-80.8442,35.2247],[-80.8431,35.2255],[-80.842,35.2245],[-80.8431,35.2237],[-80.8442,35.2247]]]},"properties":{"ZCTA5CE20":"28202","AFFGEOID20":"860Z200US28202","GEOID20":"28202","NAME20":"28202","LSAD20":"Z5","ALAND20":4673167,"AWATER20":5315}},
{"type":"Feature","geometry":{"type":"Polygon","coordinates":[[[-79.3262,36.5256],[-79.3384,36.4999],[-79.366,36.4881],[-79.359,36.4833],[-79.3503,36.4601],[-79.3307,36.4593],[-79.3342,36.4403],[-79.3492,36.4367],[-79.3511,36.4199],[-79.3192,36.4063],[-79.2908,36.4065],[-79.2688,36.4287],[-79.2587,36.4305],[-79.2477,36.4042],[-79.2321,36.4051],[-79.2196,36.4246],[-79.2063,36.4278],[-79.1825,36.4497],[-79.1974,36.4692],[-79.2148,36.4715],[-79.2176,36.4804],[-79.2416,36.5005],[-79.261,36.5008],[-79.2637,36.5177],[-79.2722,36.5303],[-79.288,36.5125],[-79.3262,36.5256]]]},"properties":{"ZCTA5CE20":"27212","AFFGEOID20":"860Z200US27212","GEOID20":"27212","NAME20":"27212","LSAD20":"Z5","ALAND20":133238850,"AWATER20":324176}},
{"type":"Feature","geometry":{"type":"MultiPolygon","coordinates":[[[[-80.0445,33.2274],[-80.0367,33.2232],[-80.0269,33.2422],[-80.0338,33.2473],[-80.0445,33.2274]]],[[[-80.1056,33.2677],[-80.1308,33.2807],[-80.1681,33.2821],[-80.1784,33.2616],[-80.1589,33.2422],[-80.1722,33.2285],[-80.1463,33.2074],[-80.1089,33.2025],[-80.1002,33.2272],[-80.0917,33.2381],[-80.1056,33.2677]]]]},"properties":{"ZCTA5CE20":"29469","AFFGEOID20":"860Z200US29469","GEOID20":"29469","NAME20":"29469","LSAD20":"Z5","ALAND20":50972847,"AWATER20":0}},
{"type":"Feature","geometry":{"type":"Polygon","coordinates":[[[-79.349,34.9002],[-79.3484,34.8864],[-79.3379,34.8589],[-79.3479,34.8386],[-79.3002,34.8371],[-79.2758,34.8495],[-79.2481,34.8446],[-79.2331,34.8246],[-79.2427,34.8044],[-79.2605,34.7923],[-79.2517,34.7655],[-79.2144,34.7797],[-79.2077,34.7744],[-79.2137,34.7551],[-79.2001,34.7633],[-79.1748,34.7606],[-79.1529,34.7471],[-79.1425,34.725],[-79.1228,34.7345],[-79.1154,34.7454],[-79.0846,34.7097],[-79.0758,34.724],[-79.0929,34.77],[-79.1106,34.8018],[-79.1394,34.8297],[-79.1558,34.8579],[-79.2025,34.8897],[-79.1975,34.9007],[-79.2069,34.9111],[-79.2046,34.9262],[-79.2164,34.932],[-79.243,34.9318],[-79.2615,34.9463],[-79.2736,34.9272],[-79.3091,34.9063],[-79.3343,34.9086],[-79.349,34.9002]]]},"properties":{"ZCTA5CE20":"28377","AFFGEOID20":"860Z200US28377","GEOID20":"28377","NAME20":"28377","LSAD20":"Z5","ALAND20":261148527,"AWATER20":1166913}},
{"type":"Feature","geometry":{"type":"Polygon","coordinates":[[[-81.9451,33.3714],[-81.9353,33.3568],[-81.9397,33.3449],[-81.9235,33.3449],[-81.9188,33.3334],[-81.8815,33.314],[-81.8692,33.3138],[-81.86,33.2991],[-81.8607,33.2858],[-81.8462,33.2843],[-81.8355,33.2714],[-81.8439,33.2666],[-81.8517,33.2477],[-81.8316,33.2333],[-81.8226,33.245],[-81.7773,33.2682],[-81.7833,33.2885],[-81.7727,33.2996],[-81.7827,33.3069],[-81.7783,33.3263],[-81.7574,33.3507],[-81.7429,33.3506],[-81.7308,33.3688],[-81.707,33.3798],[-81.7238,33.3891],[-81.7302,33.3785],[-81.7454,33.3741],[-81.7584,33.3801],[-81.7734,33.3661],[-81.7952,33.3658],[-81.8086,33.3478],[-81.8206,33.3467],[-81.8419,33.3696],[-81.8321,33.3822],[-81.8434,33.393],[-81.8567,33.3872],[-81.877,33.3984],[-81.8765,33.411],[-81.9105,33.4103],[-81.9239,33.4105],[-81.9351,33.3972],[-81.9306,33.3682],[-81.9451,33.3714]]]},"properties":{"ZCTA5CE20":"29831","AFFGEOID20":"860Z200US29831","GEOID20":"29831","NAME20":"29831","LSAD20":"Z5","ALAND20":166208358,"AWATER20":3827083}},
{"type":"Feature","geometry":{"type":"Polygon","coordinates":[[[-78.6503,33.9443],[-78.6709,33.9285],[-78.687,33.9217],[-78.6963,33.9083],[-78.6829,33.9057],[-78.6753,33.8923],[-78.7077,33.8696],[-78.7294,33.8617],[-78.7413,33.8467],[-78.7323,33.8286],[-78.7104,33.835],[-78.693,33.8318],[-78.6742,33.8389],[-78.65,33.8557],[-78.6247,33.8619],[-78.609,33.8699],[-78.5842,33.874],[-78.5741,33.8795],[-78.6503,33.9443]]]},"properties":{"ZCTA5CE20":"29566","AFFGEOID20":"860Z200US29566","GEOID20":"29566","NAME20":"29566","LSAD20":"Z5","ALAND20":83902753,"AWATER20":1304160}},
{"type":"Feature","geometry":{"type":"Polygon","coordinates":[[[-77.625,36.445],[-77.6328,36.4196],[-77.6232,36.4158],[-77.6152,36.3976],[-77.6006,36.3969],[-77.5906,36.4061],[-77.5619,36.3956],[-77.5458,36.3836],[-77.5486,36.4096],[-77.5553,36.418],[-77.5804,36.4241],[-77.625,36.445]]]},"properties":{"ZCTA5CE20":"27890","AFFGEOID20":"860Z200US27890","GEOID20":"27890","NAME20":"27890","LSAD20":"Z5","ALAND20":23844815,"AWATER20":132385}},
{"type":"Feature","geometry":{"type":"Polygon","coordinates":[[[-77.9697,34.378],[-77.9941,34.3426],[-77.9815,34.3402],[-77.9781,34.3303],[-77.9576,34.321],[-77.9594,34.3019],[-77.9525,34.2868],[-77.9225,34.2937],[-77.911,34.2909],[-77.9036,34.3107],[-77.8718,34.3186],[-77.8359,34.3148],[-77.8103,34.3573],[-77.8151,34.367],[-77.8047,34.3763],[-77.823,34.3894],[-77.8438,34.3809],[-77.8565,34.3803],[-77.8799,34.3663],[-77.8998,34.3671],[-77.9006,34.378],[-77.9185,34.3748],[-77.9288,34.3615],[-77.9518,34.3647],[-77.9697,34.378]]]},"properties":{"ZCTA5CE20":"28429","AFFGEOID20":"860Z200US28429","GEOID20":"28429","NAME20":"28429","LSAD20":"Z5","ALAND20":102850245,"AWATER20":5765725}},
{"type":"Feature","geometry":{"type":"Polygon","coordinates":[[[-77.9944,35.3379],[-78.0103,35.334],[-78.0239,35.3399],[-78.0721,35.3043],[-78.0783,35.2906],[-78.1052,35.2873],[-78.0999,35.2721],[-78.075,35.2483],[-78.0544,35.2429],[-78.0392,35.2528],[-78.0174,35.2464],[-78.0254,35.2289],[-78.0062,35.2342],[-77.9878,35.2263],[-77.9684,35.2309],[-77.9394,35.268],[-77.9391,35.2831],[-77.9518,35.3007],[-77.941,35.3177],[-77.9706,35.3216],[-77.9944,35.3379]]]},"properties":{"ZCTA5CE20":"28333","AFFGEOID20":"860Z200US28333","GEOID20":"28333","NAME20":"28333","LSAD20":"Z5","ALAND20":118324325,"AWATER20":1059016}},
{"type":"Feature","geometry":{"type":"Polygon","coordinates":[[[-76.0153,35.0707],[-76.002,35.073],[-75.9651,35.0996],[-75.9202,35.1247],[-75.8691,35.1475],[-75.8741,35.1525],[-75.9582,35.1154],[-75.9775,35.1206],[-75.9884,35.1164],[-75.9856,35.0981],[-76.0001,35.0802],[-76.0153,35.0707]]]},"properties":{"ZCTA5CE20":"27960","AFFGEOID20":"860Z200US27960","GEOID20":"27960","NAME20":"27960","LSAD20":"Z5","ALAND20":22542551,"AWATER20":19330310}},
{"type":"Feature","geometry":{"type":"MultiPolygon","coordinates":[[[[-82.1005,34.0725],[-82.135,34.0487],[-82.1131,34.0328],[-82.1084,34.0212],[-82.0927,34.0065],[-82.0894,34.0231],[-82.0683,34.0328],[-82.0716,34.0433],[-82.0873,34.0514],[-82.0865,34.0639],[-82.1005,34.0725]]],[[[-82.3269,34.0641],[-82.3175,34.022],[-82.295,34.0166],[-82.289,33.9901],[-82.2679,33.986],[-82.2478,33.9885],[-82.2209,33.9813],[-82.1748,33.9724],[-82.1659,33.9745],[-82.1527,33.9847],[-82.1528,33.9982],[-82.1272,34.0126],[-82.1375,34.0205],[-82.1357,34.0407],[-82.1519,34.0383],[-82.1927,34.044],[-82.1942,34.0634],[-82.2072,34.0746],[-82.2149,34.0937],[-82.2413,34.0988],[-82.2469,34.1147],[-82.2387,34.1211],[-82.2453,34.1483],[-82.2763,34.14],[-82.2969,34.1374],[-82.3066,34.1069],[-82.3172,34.0899],[-82.3025,34.0806],[-82.3269,34.0641]]]]},"properties":{"ZCTA5CE20":"29819","AFFGEOID20":"860Z200US29819","GEOID20":"29819","NAME20":"29819","LSAD20":"Z5","ALAND20":213597820,"AWATER20":344053}},
{"type":"Feature","geometry":{"type":"Polygon","coordinates":[[[-82.3663,34.9672],[-82.3806,34.9483],[-82.4173,34.9478],[-82.4356,34.9417],[-82.4342,34.9372],[-82.4359,34.9149],[-82.4292,34.9129],[-82.4166,34.8904],[-82.4287,34.8771],[-82.4214,34.8706],[-82.4045,34.8606],[-82.3848,34.8626],[-82.3664,34.8715],[-82.3607,34.879],[-82.3593,34.88],[-82.3554,34.8944],[-82.3426,34.9046],[-82.3361,34.9213],[-82.3485,34.9222],[-82.3654,34.9375],[-82.3543,34.9488],[-82.3511,34.9665],[-82.3663,34.9672]]]},"properties":{"ZCTA5CE20":"29609","AFFGEOID20":"860Z200US29609","GEOID20":"29609","NAME20":"29609","LSAD20":"Z5","ALAND20":62930326,"AWATER20":265090}},
{"type":"Feature","geometry":{"type":"Polygon","coordinates":[[[-78.7479,35.8814],[-78.759,35.8687],[-78.7415,35.8452],[-78.7437,35.8369],[-78.715,35.8153],[-78.7084,35.8225],[-78.6888,35.8271],[-78.6676,35.8165],[-78.6644,35.8213],[-78.6648,35.8367],[-78.6505,35.8686],[-78.6739,35.882],[-78.6914,35.8733],[-78.7064,35.8589],[-78.7409,35.8842],[-78.7479,35.8814]]]},"properties":{"ZCTA5CE20":"27612","AFFGEOID20":"860Z200US27612","GEOID20":"27612","NAME20":"27612","LSAD20":"Z5","ALAND20":43006120,"AWATER20":307322}},
{"type":"Feature","geometry":{"type":"Polygon","coordinates":[[[-81.5342,36.3376],[-81.5518,36.3292],[-81.5584,36.3078],[-81.5465,36.2945],[-81.5522,36.2764],[-81.4863,36.2413],[-81.4775,36.2403],[-81.4735,36.2531],[-81.4554,36.2552],[-81.4328,36.2653],[-81.4493,36.2823],[-81.447,36.2926],[-81.463,36.3124],[-81.4781,36.319],[-81.5038,36.3495],[-81.5152,36.3493],[-81.5214,36.3301],[-81.5342,36.3376]]]},"properties":{"ZCTA5CE20":"28626","AFFGEOID20":"860Z200US28626","GEOID20":"28626","NAME20":"28626","LSAD20":"Z5","ALAND20":76963893,"AWATER20":613384}},
{"type":"Feature","geometry":{"type":"Polygon","coordinates":[[[-81.4734,36.5785],[-81.4773,36.5649],[-81.4646,36.5479],[-81.452,36.5234],[-81.4359,36.521],[-81.426,36.5095],[-81.4019,36.5199],[-81.3899,36.5431],[-81.3708,36.5505],[-81.3528,36.546],[-81.3514,36.5594],[-81.3282,36.5536],[-81.3172,36.5586],[-81.3233,36.5749],[-81.3748,36.5747],[-81.4734,36.5785]]]},"properties":{"ZCTA5CE20":"28631","AFFGEOID20":"860Z200US28631","GEOID20":"28631","NAME20":"28631","LSAD20":"Z5","ALAND20":60216884,"AWATER20":852040}},
{"type":"Feature","geometry":{"type":"Polygon","coordinates":[[[-81.2546,36.3644],[-81.249,36.3566],[-81.2616,36.3471],[-81.2739,36.3274],[-81.2709,36.3059],[-81.252,36.3081],[-81.2532,36.3219],[-81.2415,36.329],[-81.2331,36.3117],[-81.2358,36.2991],[-81.2234,36.2944],[-81.1952,36.2733],[-81.1716,36.264],[-81.1621,36.2696],[-81.1532,36.2745],[-81.1498,36.2898],[-81.1596,36.3128],[-81.1862,36.3307],[-81.1883,36.3559],[-81.1766,36.3572],[-81.1453,36.3736],[-81.1619,36.3905],[-81.1787,36.3972],[-81.1829,36.4074],[-81.1893,36.3994],[-81.2435,36.3661],[-81.2546,36.3644]]]},"properties":{"ZCTA5CE20":"28649","AFFGEOID20":"860Z200US28649","GEOID20":"28649","NAME20":"28649","LSAD20":"Z5","ALAND20":91924457,"AWATER20":1831}},
{"type":"Feature","geometry":{"type":"Polygon","coordinates":[[[-82.2475,34.2172],[-82.268,34.2088],[-82.2654,34.2016],[-82.2402,34.1903],[-82.175,34.196],[-82.1497,34.1965],[-82.1348,34.2082],[-82.1136,34.2169],[-82.0802,34.2197],[-82.0465,34.2464],[-82.0355,34.2497],[-82.0197,34.2376],[-82.0192,34.2273],[-81.9921,34.2423],[-82.0072,34.2415],[-82.0203,34.2519],[-82.0837,34.2992],[-82.1098,34.3078],[-82.1277,34.2975],[-82.1531,34.2968],[-82.1674,34.2877],[-82.1537,34.2676],[-82.1809,34.258],[-82.1983,34.2599],[-82.2185,34.252],[-82.207,34.2319],[-82.2409,34.2241],[-82.2475,34.2172]]]},"properties":{"ZCTA5CE20":"29649","AFFGEOID20":"860Z200US29649","GEOID20":"29649","NAME20":"29649","LSAD20":"Z5","ALAND20":138874760,"AWATER20":6351058}},
{"type":"Feature","geometry":{"type":"Polygon","coordinates":[[[-77.9584,34.1831],[-77.9535,34.1535],[-77.9369,34.1228],[-77.931,34.0503],[-77.8919,34.0581],[-77.8986,34.0618],[-77.8943,34.079],[-77.8999,34.1083],[-77.8991,34.1233],[-77.8921,34.134],[-77.8906,34.1871],[-77.8883,34.2012],[-77.9199,34.1935],[-77.9567,34.192],[-77.9584,34.1831]]]},"properties":{"ZCTA5CE20":"28412","AFFGEOID20":"860Z200US28412","GEOID20":"28412","NAME20":"28412","LSAD20":"Z5","ALAND20":57668261,"AWATER20":13231470}},
{"type":"Feature","geometry":{"type":"Polygon","coordinates":[[[-78.7064,34.1811],[-78.6977,34.1453],[-78.7018,34.1251],[-78.6946,34.1166],[-78.704,34.1015],[-78.6992,34.0862],[-78.6895,34.071],[-78.666,34.0582],[-78.6403,34.0515],[-78.617,34.0234],[-78.5908,34.0272],[-78.5789,34.0384],[-78.576,34.0545],[-78.5619,34.0549],[-78.555,34.0671],[-78.5602,34.0921],[-78.548,34.0953],[-78.5494,34.125],[-78.545,34.1405],[-78.5577,34.1419],[-78.5813,34.1612],[-78.5971,34.1681],[-78.6329,34.1687],[-78.6491,34.1809],[-78.6655,34.1825],[-78.6739,34.1954],[-78.6915,34.1942],[-78.7064,34.1811]]]},"properties":{"ZCTA5CE20":"28455","AFFGEOID20":"860Z200US28455","GEOID20":"28455","NAME20":"28455","LSAD20":"Z5","ALAND20":182269238,"AWATER20":669680}},
{"type":"Feature","geometry":{"type":"Polygon","coordinates":[[[-77.4429,35.9716],[-77.4381,35.9691],[-77.4411,35.9722],[-77.4429,35.9716]]]},"properties":{"ZCTA5CE20":"27881","AFFGEOID20":"860Z200US27881","GEOID20":"27881","NAME20":"27881","LSAD20":"Z5","ALAND20":227112,"AWATER20":0}},
{"type":"Feature","geometry":{"type":"Polygon","coordinates":[[[-82.8535,34.6797],[-82.8445,34.6669],[-82.8219,34.6765],[-82.8384,34.6825],[-82.8535,34.6797]]]},"properties":{"ZCTA5CE20":"29634","AFFGEOID20":"860Z200US29634","GEOID20":"29634","NAME20":"29634","LSAD20":"Z5","ALAND20":3604119,"AWATER20":72832}},
{"type":"Feature","geometry":{"type":"Polygon","coordinates":[[[-81.8323,34.9922],[-81.8393,34.9984],[-81.8415,34.9928],[-81.8347,34.9914],[-81.8317,34.9852],[-81.8323,34.9922]]]},"properties":{"ZCTA5CE20":"29329","AFFGEOID20":"860Z200US29329","GEOID20":"29329","NAME20":"29329","LSAD20":"Z5","ALAND20":794711,"AWATER20":28558}},
{"type":"Feature","geometry":{"type":"Polygon","coordinates":[[[-79.5177,35.0217],[-79.507,35.0235],[-79.468,35.0048],[-79.4622,34.9886],[-79.4636,34.9733],[-79.4585,34.9572],[-79.4406,34.9517],[-79.4406,34.9257],[-79.4358,34.9099],[-79.4452,34.8904],[-79.4597,34.8913],[-79.4431,34.8719],[-79.427,34.8628],[-79.4146,34.8746],[-79.4134,34.8886],[-79.3963,34.8812],[-79.3857,34.8828],[-79.3747,34.8685],[-79.3614,34.8254],[-79.3519,34.8312],[-79.3479,34.8386],[-79.3379,34.8589],[-79.3484,34.8864],[-79.349,34.9002],[-79.3529,34.9397],[-79.361,34.9576],[-79.3985,34.9952],[-79.4178,35.0047],[-79.4285,35.0161],[-79.4495,35.0271],[-79.4588,35.0436],[-79.4728,35.0353],[-79.5105,35.0262],[-79.5177,35.0217]]]},"properties":{"ZCTA5CE20":"28396","AFFGEOID20":"860Z200US28396","GEOID20":"28396","NAME20":"28396","LSAD20":"Z5","ALAND20":141054566,"AWATER20":804248}},
{"type":"Feature","geometry":{"type":"Polygon","coordinates":[[[-82.6659,34.4416],[-82.6792,34.4418],[-82.717,34.4228],[-82.7315,34.421],[-82.7633,34.408],[-82.7734,34.3979],[-82.7852,34.4113],[-82.7999,34.4047],[-82.8206,34.4122],[-82.8466,34.4101],[-82.836,34.3809],[-82.8348,34.3663],[-82.7987,34.3419],[-82.7913,34.3248],[-82.779,34.3363],[-82.7603,34.3386],[-82.7459,34.3344],[-82.7372,34.3209],[-82.7152,34.3171],[-82.6872,34.3439],[-82.6671,34.3387],[-82.6529,34.358],[-82.6281,34.3514],[-82.6244,34.369],[-82.6354,34.3813],[-82.6108,34.3826],[-82.6143,34.3932],[-82.6434,34.389],[-82.6354,34.4169],[-82.6467,34.4174],[-82.663,34.4295],[-82.6659,34.4416]]]},"properties":{"ZCTA5CE20":"29684","AFFGEOID20":"860Z200US29684","GEOID20":"29684","NAME20":"29684","LSAD20":"Z5","ALAND20":152434935,"AWATER20":12955427}},
{"type":"Feature","geometry":{"type":"Polygon","coordinates":[[[-76.0687,35.5353],[-76.0568,35.5204],[-76.0532,35.5075],[-76.0681,35.4887],[-76.0782,35.4835],[-76.1167,35.4781],[-76.1324,35.4607],[-76.1012,35.4228],[-76.1119,35.417],[-76.1479,35.4143],[-76.1086,35.3589],[-76.0913,35.3695],[-76.0708,35.3706],[-76.0834,35.391],[-76.0694,35.3976],[-76.0712,35.4098],[-76.0397,35.4308],[-76.0317,35.4131],[-76.0227,35.4122],[-76.0135,35.4278],[-76.0157,35.4417],[-75.9964,35.4636],[-75.9888,35.4849],[-75.9631,35.4939],[-75.9575,35.5261],[-75.9437,35.5362],[-75.9128,35.5447],[-75.9197,35.5615],[-75.9045,35.5647],[-75.8941,35.5754],[-75.8824,35.5761],[-75.8928,35.6008],[-75.8839,35.6236],[-75.8889,35.6405],[-75.8905,35.6523],[-75.9013,35.669],[-76.013,35.6689],[-76.0188,35.6537],[-76.0328,35.6463],[-76.0475,35.6529],[-76.0451,35.6656],[-76.0611,35.6752],[-76.0926,35.6698],[-76.1202,35.6806],[-76.1275,35.691],[-76.1287,35.5823],[-76.1142,35.5849],[-76.0655,35.5655],[-76.0492,35.5518],[-76.0687,35.5353]]]},"properties":{"ZCTA5CE20":"27824","AFFGEOID20":"860Z200US27824","GEOID20":"27824","NAME20":"27824","LSAD20":"Z5","ALAND20":420062366,"AWATER20":50318764}},
{"type":"Feature","geometry":{"type":"Polygon","coordinates":[[[-80.6761,35.5447],[-80.7008,35.5477],[-80.7083,35.5365],[-80.7408,35.5327],[-80.7372,35.5058],[-80.7116,35.5058],[-80.7137,35.4946],[-80.702,35.4846],[-80.6816,35.4576],[-80.6492,35.4551],[-80.6189,35.4607],[-80.6272,35.4851],[-80.6134,35.5139],[-80.6143,35.54],[-80.6348,35.5399],[-80.652,35.5393],[-80.6613,35.5286],[-80.6728,35.5323],[-80.6761,35.5447]]]},"properties":{"ZCTA5CE20":"28081","AFFGEOID20":"860Z200US28081","GEOID20":"28081","NAME20":"28081","LSAD20":"Z5","ALAND20":78410278,"AWATER20":1096833}},
{"type":"Feature","geometry":{"type":"Polygon","coordinates":[[[-78.4564,36.3278],[-78.4342,36.3065],[-78.4153,36.3137],[-78.4126,36.2912],[-78.3841,36.3103],[-78.3705,36.3129],[-78.3804,36.3265],[-78.3658,36.3493],[-78.3907,36.3482],[-78.4092,36.3594],[-78.4204,36.3395],[-78.4511,36.3363],[-78.4564,36.3278]]]},"properties":{"ZCTA5CE20":"27536","AFFGEOID20":"860Z200US27536","GEOID20":"27536","NAME20":"27536","LSAD20":"Z5","ALAND20":31330579,"AWATER20":164689}},
{"type":"Feature","geometry":{"type":"Polygon","coordinates":[[[-79.223,36.2606],[-79.2238,36.2429],[-79.2423,36.2432],[-79.2328,36.2238],[-79.2204,36.2128],[-79.2258,36.1798],[-79.2313,36.1709],[-79.2109,36.1475],[-79.1823,36.1598],[-79.1899,36.1736],[-79.1545,36.1651],[-79.133,36.1758],[-79.1161,36.1739],[-79.0986,36.1847],[-79.1109,36.205],[-79.1023,36.2165],[-79.1182,36.2414],[-79.1425,36.2428],[-79.1533,36.2553],[-79.154,36.2419],[-79.2118,36.2428],[-79.223,36.2606]]]},"properties":{"ZCTA5CE20":"27231","AFFGEOID20":"860Z200US27231","GEOID20":"27231","NAME20":"27231","LSAD20":"Z5","ALAND20":90827970,"AWATER20":1235636}},
{"type":"Feature","geometry":{"type":"Polygon","coordinates":[[[-76.8353,35.0573],[-76.828,35.0441],[-76.8292,35.0298],[-76.8538,35.0351],[-76.8671,35.0115],[-76.8665,35.0015],[-76.8205,34.971],[-76.801,34.9687],[-76.7712,34.9767],[-76.7575,34.9924],[-76.7333,34.9998],[-76.7668,35.0034],[-76.7775,35.0082],[-76.7917,35.0358],[-76.8154,35.0372],[-76.8242,35.056],[-76.8353,35.0573]]]},"properties":{"ZCTA5CE20":"28510","AFFGEOID20":"860Z200US28510","GEOID20":"28510","NAME20":"28510","LSAD20":"Z5","ALAND20":53451118,"AWATER20":33273950}},
{"type":"Feature","geometry":{"type":"Polygon","coordinates":[[[-78.0972,34.7676],[-78.0806,34.7555],[-78.0604,34.7507],[-78.0366,34.751],[-78.0337,34.7427],[-78.0003,34.7461],[-77.9781,34.7563],[-77.9589,34.7746],[-77.9398,34.8028],[-77.9519,34.7999],[-77.9768,34.8058],[-77.9982,34.8036],[-78.0048,34.7946],[-78.0263,34.7977],[-78.0441,34.7906],[-78.0861,34.7999],[-78.0722,34.7853],[-78.0922,34.7774],[-78.0972,34.7676]]]},"properties":{"ZCTA5CE20":"28464","AFFGEOID20":"860Z200US28464","GEOID20":"28464","NAME20":"28464","LSAD20":"Z5","ALAND20":63078522,"AWATER20":342993}},
{"type":"Feature","geometry":{"type":"Polygon","coordinates":[[[-80.5455,35.5158],[-80.5134,35.4859],[-80.5018,35.4824],[-80.4851,35.494],[-80.4612,35.4922],[-80.4647,35.4832],[-80.4391,35.4574],[-80.3997,35.481],[-80.3863,35.4906],[-80.3665,35.5389],[-80.3652,35.5645],[-80.3948,35.5638],[-80.4149,35.5783],[-80.4242,35.5701],[-80.4377,35.5756],[-80.4472,35.5583],[-80.4792,35.5433],[-80.4867,35.5616],[-80.5032,35.5608],[-80.5057,35.5505],[-80.5066,35.5356],[-80.5455,35.5158]]]},"properties":{"ZCTA5CE20":"28138","AFFGEOID20":"860Z200US28138","GEOID20":"28138","NAME20":"28138","LSAD20":"Z5","ALAND20":116419602,"AWATER20":163458}},
{"type":"Feature","geometry":{"type":"Polygon","coordinates":[[[-82.3966,35.2369],[-82.3902,35.2152],[-82.3713,35.1814],[-82.3615,35.1908],[-82.3446,35.1931],[-82.3233,35.1848],[-82.3135,35.1914],[-82.3124,35.2215],[-82.2732,35.2318],[-82.2607,35.2475],[-82.2375,35.254],[-82.2438,35.2661],[-82.2327,35.2749],[-82.2046,35.2887],[-82.2104,35.3049],[-82.2241,35.3174],[-82.2538,35.3161],[-82.2632,35.3024],[-82.2826,35.303],[-82.3023,35.313],[-82.3057,35.3268],[-82.3059,35.3092],[-82.2929,35.2929],[-82.3035,35.2756],[-82.3216,35.2648],[-82.3421,35.278],[-82.3583,35.2834],[-82.3697,35.2784],[-82.3904,35.256],[-82.3966,35.2369]]]},"properties":{"ZCTA5CE20":"28773","AFFGEOID20":"860Z200US28773","GEOID20":"28773","NAME20":"28773","LSAD20":"Z5","ALAND20":125107455,"AWATER20":488843}},
{"type":"Feature","geometry":{"type":"Polygon","coordinates":[[[-80.6348,35.5399],[-80.6143,35.54],[-80.6038,35.5391],[-80.5901,35.5484],[-80.6033,35.5578],[-80.6267,35.5507],[-80.6348,35.5399]]]},"properties":{"ZCTA5CE20":"28088","AFFGEOID20":"860Z200US28088","GEOID20":"28088","NAME20":"28088","LSAD20":"Z5","ALAND20":7349555,"AWATER20":0}},
{"type":"Feature","geometry":{"type":"Polygon","coordinates":[[[-79.9866,35.0888],[-79.9897,35.0554],[-80.003,35.0493],[-80.0082,35.0303],[-79.9917,35.0186],[-79.9935,35.0062],[-80.0073,34.9928],[-79.9933,34.9747],[-79.9994,34.9655],[-79.9943,34.9421],[-79.98,34.9339],[-79.9673,34.904],[-79.9536,34.9067],[-79.9307,34.9005],[-79.9199,34.8867],[-79.9168,34.8563],[-79.9058,34.8508],[-79.9091,34.8389],[-79.8997,34.8585],[-79.8801,34.8668],[-79.8505,34.8984],[-79.8496,34.9114],[-79.8723,34.9504],[-79.8637,34.9766],[-79.8993,35.0037],[-79.8924,35.0249],[-79.8772,35.0353],[-79.8823,35.0507],[-79.909,35.067],[-79.912,35.0937],[-79.9246,35.116],[-79.9461,35.1186],[-79.9767,35.1025],[-79.9866,35.0888]]]},"properties":{"ZCTA5CE20":"28091","AFFGEOID20":"860Z200US28091","GEOID20":"28091","NAME20":"28091","LSAD20":"Z5","ALAND20":242447135,"AWATER20":11670258}},
{"type":"Feature","geometry":{"type":"Polygon","coordinates":[[[-80.9609,35.172],[-80.9705,35.1581],[-80.9901,35.1507],[-80.9778,35.1364],[-80.9927,35.1007],[-80.989,35.0748],[-80.9349,35.1074],[-80.9312,35.1034],[-80.9201,35.0914],[-80.9155,35.1113],[-80.9047,35.1184],[-80.8956,35.1095],[-80.8837,35.1128],[-80.8773,35.0986],[-80.8725,35.1086],[-80.8833,35.1158],[-80.8763,35.1377],[-80.8986,35.1338],[-80.9262,35.147],[-80.9212,35.1637],[-80.9609,35.172]]]},"properties":{"ZCTA5CE20":"28273","AFFGEOID20":"860Z200US28273","GEOID20":"28273","NAME20":"28273","LSAD20":"Z5","ALAND20":58320681,"AWATER20":342980}},
{"type":"Feature","geometry":{"type":"Polygon","coordinates":[[[-80.8882,34.4679],[-80.881,34.4508],[-80.8708,34.4432],[-80.8658,34.4261],[-80.8888,34.4196],[-80.8904,34.4075],[-80.9053,34.3979],[-80.9155,34.3993],[-80.9265,34.3856],[-80.9527,34.3703],[-80.9561,34.3581],[-80.9695,34.3558],[-80.9803,34.3639],[-80.9917,34.3581],[-81.003,34.3658],[-81.0197,34.3593],[-81.0383,34.3235],[-81.0638,34.3055],[-81.058,34.296],[-81.0589,34.2758],[-81.073,34.2517],[-81.0625,34.2404],[-81.0392,34.2325],[-80.9993,34.2425],[-80.9974,34.2527],[-80.9824,34.2589],[-80.9619,34.252],[-80.933,34.2556],[-80.9289,34.2449],[-80.9142,34.2324],[-80.9075,34.245],[-80.9098,34.2689],[-80.8966,34.2782],[-80.8684,34.2771],[-80.8243,34.2719],[-80.8082,34.2629],[-80.8058,34.2718],[-80.7855,34.2939],[-80.7825,34.3046],[-80.7219,34.3064],[-80.7164,34.3149],[-80.7017,34.3162],[-80.6981,34.3342],[-80.7172,34.3569],[-80.7403,34.3758],[-80.7699,34.3771],[-80.7834,34.3886],[-80.7832,34.4065],[-80.7935,34.4133],[-80.8257,34.4119],[-80.8386,34.419],[-80.8792,34.4578],[-80.8882,34.4679]]]},"properties":{"ZCTA5CE20":"29130","AFFGEOID20":"860Z200US29130","GEOID20":"29130","NAME20":"29130","LSAD20":"Z5","ALAND20":390770910,"AWATER20":23113252}},
{"type":"Feature","geometry":{"type":"Polygon","coordinates":[[[-81.3258,33.9114],[-81.3456,33.8995],[-81.3371,33.8896],[-81.3455,33.8803],[-81.3268,33.8576],[-81.3406,33.8451],[-81.3379,33.8333],[-81.3244,33.8315],[-81.3089,33.8394],[-81.2682,33.8358],[-81.2159,33.814],[-81.2166,33.8041],[-81.1944,33.7967],[-81.1817,33.8182],[-81.1894,33.8236],[-81.1751,33.8393],[-81.1791,33.8485],[-81.1626,33.8598],[-81.1608,33.8801],[-81.1802,33.8866],[-81.1775,33.9156],[-81.1872,33.9415],[-81.1777,33.9552],[-81.1785,33.9675],[-81.1686,33.9749],[-81.1442,33.9708],[-81.1346,33.9734],[-81.1271,33.9992],[-81.1433,34.0079],[-81.1285,34.0255],[-81.1417,34.0144],[-81.1711,34.0017],[-81.1915,33.9861],[-81.1987,33.9701],[-81.2366,33.9561],[-81.2938,33.9248],[-81.3258,33.9114]]]},"properties":{"ZCTA5CE20":"29073","AFFGEOID20":"860Z200US29073","GEOID20":"29073","NAME20":"29073","LSAD20":"Z5","ALAND20":211967087,"AWATER20":1863106}},
{"type":"Feature","geometry":{"type":"Polygon","coordinates":[[[-79.3916,34.5728],[-79.4026,34.5677],[-79.4071,34.5526],[-79.3986,34.5456],[-79.3936,34.5186],[-79.3951,34.4875],[-79.3892,34.4807],[-79.3827,34.4741],[-79.3536,34.4587],[-79.3233,34.45],[-79.3124,34.4541],[-79.3032,34.4319],[-79.2706,34.4115],[-79.2708,34.4228],[-79.2356,34.4378],[-79.2751,34.4723],[-79.3583,34.5454],[-79.3916,34.5728]]]},"properties":{"ZCTA5CE20":"29547","AFFGEOID20":"860Z200US29547","GEOID20":"29547","NAME20":"29547","LSAD20":"Z5","ALAND20":104091827,"AWATER20":206582}},
{"type":"Feature","geometry":{"type":"Polygon","coordinates":[[[-76.5205,34.851],[-76.5202,34.825],[-76.5327,34.8227],[-76.5323,34.757],[-76.529,34.7356],[-76.5099,34.7476],[-76.5141,34.7543],[-76.4959,34.7635],[-76.4964,34.7774],[-76.5064,34.7949],[-76.4813,34.8065],[-76.4657,34.8084],[-76.4558,34.8194],[-76.4638,34.8299],[-76.4605,34.8463],[-76.4854,34.8512],[-76.5205,34.851]]]},"properties":{"ZCTA5CE20":"28579","AFFGEOID20":"860Z200US28579","GEOID20":"28579","NAME20":"28579","LSAD20":"Z5","ALAND20":45218434,"AWATER20":3075526}},
{"type":"Feature","geometry":{"type":"Polygon","coordinates":[[[-78.2545,34.2163],[-78.2437,34.1591],[-78.254,34.1561],[-78.2479,34.1415],[-78.2031,34.1359],[-78.1881,34.1023],[-78.1799,34.1079],[-78.1817,34.1288],[-78.1598,34.1409],[-78.1469,34.132],[-78.1152,34.147],[-78.1009,34.1473],[-78.0655,34.1698],[-78.0434,34.1562],[-78.0086,34.1698],[-78.0197,34.1828],[-78.0196,34.2016],[-77.9963,34.2059],[-77.9757,34.1989],[-77.9667,34.1829],[-77.9584,34.1831],[-77.9567,34.192],[-77.9613,34.2049],[-77.9566,34.2344],[-77.9678,34.2521],[-77.9875,34.2683],[-77.9965,34.2844],[-78.0171,34.2928],[-78.0143,34.323],[-78.0299,34.3318],[-78.0787,34.3392],[-78.1256,34.358],[-78.1354,34.3355],[-78.1484,34.3286],[-78.1614,34.3119],[-78.1526,34.3087],[-78.1621,34.2928],[-78.1953,34.3067],[-78.2545,34.2163]]]},"properties":{"ZCTA5CE20":"28451","AFFGEOID20":"860Z200US28451","GEOID20":"28451","NAME20":"28451","LSAD20":"Z5","ALAND20":445996954,"AWATER20":6712558}},
{"type":"Feature","geometry":{"type":"Polygon","coordinates":[[[-81.3283,35.9966],[-81.3429,35.9233],[-81.3393,35.9063],[-81.3285,35.8686],[-81.3336,35.8617],[-81.3252,35.8422],[-81.3112,35.8367],[-81.2832,35.8337],[-81.2889,35.8237],[-81.3071,35.8204],[-81.2981,35.7982],[-81.279,35.8063],[-81.255,35.8083],[-81.249,35.8157],[-81.2281,35.8104],[-81.2051,35.8228],[-81.1882,35.8223],[-81.1423,35.8272],[-81.1181,35.8323],[-81.1092,35.8412],[-81.1115,35.852],[-81.12,35.861],[-81.1185,35.8746],[-81.1057,35.8766],[-81.106,35.8913],[-81.1271,35.9174],[-81.1335,35.9348],[-81.1176,35.9417],[-81.1243,35.9522],[-81.116,35.9626],[-81.1244,35.9834],[-81.1127,35.9879],[-81.107,36.0028],[-81.0921,36.0138],[-81.0754,36.0162],[-81.0575,36.0316],[-81.0981,36.0282],[-81.1212,36.0186],[-81.1471,36.0333],[-81.1667,36.0257],[-81.1757,36.0311],[-81.1938,36.0218],[-81.2225,36.0182],[-81.2334,36.0253],[-81.2603,36.0259],[-81.2811,36.0184],[-81.2954,36.0072],[-81.3144,36.0042],[-81.3283,35.9966]]]},"properties":{"ZCTA5CE20":"28681","AFFGEOID20":"860Z200US28681","GEOID20":"28681","NAME20":"28681","LSAD20":"Z5","ALAND20":434171930,"AWATER20":6649403}},
{"type":"Feature","geometry":{"type":"Polygon","coordinates":[[[-80.6756,32.7591],[-80.6667,32.7474],[-80.6612,32.7255],[-80.6913,32.7217],[-80.6978,32.709],[-80.689,32.6877],[-80.694,32.6745],[-80.6744,32.6724],[-80.6849,32.6561],[-80.6685,32.6228],[-80.6514,32.6008],[-80.6296,32.5907],[-80.6117,32.5899],[-80.5998,32.581],[-80.5864,32.5862],[-80.5762,32.5778],[-80.5828,32.5662],[-80.5515,32.5658],[-80.5365,32.5292],[-80.5178,32.5191],[-80.508,32.5052],[-80.5029,32.4957],[-80.477,32.4854],[-80.4721,32.497],[-80.4441,32.5049],[-80.4309,32.5009],[-80.4186,32.4895],[-80.4135,32.4707],[-80.3926,32.4753],[-80.3877,32.483],[-80.3545,32.4975],[-80.3552,32.5054],[-80.379,32.5309],[-80.4166,32.5463],[-80.4079,32.5593],[-80.3961,32.5616],[-80.3887,32.5745],[-80.3962,32.5966],[-80.3878,32.6091],[-80.3951,32.6192],[-80.4182,32.6045],[-80.4272,32.6252],[-80.4284,32.6125],[-80.4455,32.6175],[-80.4525,32.6021],[-80.4732,32.5933],[-80.481,32.6122],[-80.464,32.6151],[-80.468,32.6291],[-80.4813,32.6472],[-80.4956,32.6514],[-80.5013,32.6616],[-80.5081,32.692],[-80.5329,32.7189],[-80.5582,32.731],[-80.5562,32.7438],[-80.5268,32.7604],[-80.5041,32.795],[-80.5033,32.8013],[-80.5319,32.8129],[-80.5362,32.8032],[-80.5286,32.7886],[-80.5422,32.7653],[-80.5581,32.7463],[-80.5667,32.7621],[-80.583,32.7691],[-80.6045,32.7726],[-80.6361,32.7615],[-80.6512,32.7706],[-80.6744,32.7696],[-80.6756,32.7591]]]},"properties":{"ZCTA5CE20":"29446","AFFGEOID20":"860Z200US29446","GEOID20":"29446","NAME20":"29446","LSAD20":"Z5","ALAND20":456944178,"AWATER20":71061834}},
{"type":"Feature","geometry":{"type":"Polygon","coordinates":[[[-80.0463,35.7198],[-80.0579,35.7198],[-80.06,35.6767],[-80.0699,35.6737],[-80.0836,35.6824],[-80.1,35.6843],[-80.1113,35.695],[-80.1167,35.7227],[-80.1251,35.719],[-80.1499,35.6872],[-80.1677,35.6777],[-80.1636,35.6672],[-80.1811,35.6657],[-80.1955,35.6428],[-80.2158,35.6426],[-80.2083,35.6254],[-80.2371,35.607],[-80.2336,35.5984],[-80.2089,35.5813],[-80.2104,35.5555],[-80.1992,35.5456],[-80.1975,35.5309],[-80.1839,35.5162],[-80.1833,35.5041],[-80.1493,35.5044],[-80.1205,35.5372],[-80.1077,35.5364],[-80.1072,35.5196],[-80.09,35.5054],[-80.0637,35.5057],[-79.9956,35.5071],[-79.9735,35.5536],[-79.9847,35.5741],[-80.0041,35.5866],[-79.9993,35.601],[-80.0113,35.619],[-80.0008,35.6344],[-79.981,35.6294],[-79.988,35.6453],[-79.9554,35.6647],[-79.9716,35.7034],[-79.9801,35.7122],[-80.0168,35.7127],[-80.0204,35.7047],[-80.0399,35.6966],[-80.0463,35.7198]]]},"properties":{"ZCTA5CE20":"27239","AFFGEOID20":"860Z200US27239","GEOID20":"27239","NAME20":"27239","LSAD20":"Z5","ALAND20":402863118,"AWATER20":7677201}},
{"type":"Feature","geometry":{"type":"Polygon","coordinates":[[[-80.342,35.3895],[-80.368,35.3804],[-80.3405,35.3406],[-80.3191,35.3069],[-80.2962,35.2651],[-80.2658,35.2362],[-80.2474,35.2474],[-80.2267,35.245],[-80.2107,35.2569],[-80.2034,35.269],[-80.1885,35.2785],[-80.1461,35.2823],[-80.1088,35.2692],[-80.0997,35.2728],[-80.094,35.2871],[-80.0802,35.3086],[-80.0819,35.3215],[-80.0676,35.3386],[-80.0664,35.3571],[-80.0527,35.3676],[-80.0598,35.3811],[-80.075,35.3951],[-80.0839,35.3951],[-80.1218,35.4],[-80.1257,35.4159],[-80.1471,35.411],[-80.1581,35.4344],[-80.168,35.4196],[-80.1843,35.4055],[-80.2082,35.4063],[-80.2232,35.3894],[-80.2352,35.4036],[-80.2507,35.3992],[-80.2755,35.3819],[-80.2903,35.3763],[-80.3104,35.3834],[-80.3366,35.3846],[-80.342,35.3895]]]},"properties":{"ZCTA5CE20":"28001","AFFGEOID20":"860Z200US28001","GEOID20":"28001","NAME20":"28001","LSAD20":"Z5","ALAND20":340258611,"AWATER20":4495035}},
{"type":"Feature","geometry":{"type":"Polygon","coordinates":[[[-82.9203,34.7201],[-82.9065,34.724],[-82.913,34.7285],[-82.9203,34.7201]]]},"properties":{"ZCTA5CE20":"29665","AFFGEOID20":"860Z200US29665","GEOID20":"29665","NAME20":"29665","LSAD20":"Z5","ALAND20":764622,"AWATER20":817}},
{"type":"Feature","geometry":{"type":"Polygon","coordinates":[[[-81.92,35.3839],[-81.9414,35.3747],[-81.9437,35.3547],[-81.9218,35.3409],[-81.923,35.3356],[-81.9082,35.3402],[-81.9078,35.3568],[-81.8975,35.3691],[-81.92,35.3839]]]},"properties":{"ZCTA5CE20":"28160","AFFGEOID20":"860Z200US28160","GEOID20":"28160","NAME20":"28160","LSAD20":"Z5","ALAND20":14262218,"AWATER20":0}},
{"type":"Feature","geometry":{"type":"Polygon","coordinates":[[[-80.9062,35.0764],[-80.9005,35.0574],[-80.9059,35.0468],[-80.8974,35.0331],[-80.9095,35.0169],[-80.8933,34.9982],[-80.8824,34.9708],[-80.8686,34.9507],[-80.8682,34.9412],[-80.8654,34.9208],[-80.8469,34.9109],[-80.8355,34.9292],[-80.8185,34.9316],[-80.7883,34.9427],[-80.8404,35.0016],[-80.8718,35.0382],[-80.9062,35.0764]]]},"properties":{"ZCTA5CE20":"29707","AFFGEOID20":"860Z200US29707","GEOID20":"29707","NAME20":"29707","LSAD20":"Z5","ALAND20":73692170,"AWATER20":475109}},
{"type":"Feature","geometry":{"type":"Polygon","coordinates":[[[-80.9653,34.8371],[-81.0047,34.8337],[-81.015,34.8234],[-81.024,34.8404],[-81.0582,34.8296],[-81.0571,34.8118],[-81.0489,34.8093],[-81.0287,34.7999],[-81.0303,34.7938],[-81.018,34.7797],[-81.0054,34.7761],[-80.994,34.7678],[-80.9866,34.7408],[-80.979,34.7538],[-80.9644,34.7565],[-80.9587,34.7444],[-80.9332,34.7526],[-80.9253,34.7693],[-80.9204,34.7795],[-80.923,34.7986],[-80.9437,34.7993],[-80.9536,34.8072],[-80.9553,34.821],[-80.9744,34.8211],[-80.9653,34.8371]]]},"properties":{"ZCTA5CE20":"29712","AFFGEOID20":"860Z200US29712","GEOID20":"29712","NAME20":"29712","LSAD20":"Z5","ALAND20":74628455,"AWATER20":76753}},
{"type":"Feature","geometry":{"type":"Polygon","coordinates":[[[-78.8793,35.9351],[-78.8811,35.9032],[-78.8736,35.8917],[-78.8516,35.8833],[-78.852,35.9384],[-78.8724,35.9437],[-78.8793,35.9351]]]},"properties":{"ZCTA5CE20":"27709","AFFGEOID20":"860Z200US27709","GEOID20":"27709","NAME20":"27709","LSAD20":"Z5","ALAND20":14844918,"AWATER20":30507}},
{"type":"Feature","geometry":{"type":"Polygon","coordinates":[[[-79.0107,36.2906],[-79.0065,36.262],[-79.0279,36.2654],[-79.0512,36.2407],[-78.9847,36.2367],[-78.9652,36.2239],[-78.9405,36.2312],[-78.9337,36.2456],[-78.918,36.2464],[-78.9176,36.273],[-78.8937,36.285],[-78.8966,36.2982],[-78.8841,36.318],[-78.859,36.3398],[-78.8488,36.3332],[-78.8345,36.3414],[-78.7998,36.3411],[-78.7995,36.3526],[-78.8353,36.371],[-78.8687,36.3659],[-78.8718,36.3543],[-78.8966,36.3547],[-78.8968,36.3421],[-78.9451,36.3418],[-78.9462,36.327],[-78.9645,36.33],[-78.9741,36.3244],[-78.9713,36.3127],[-78.9887,36.305],[-78.9879,36.2934],[-79.0107,36.2906]]]},"properties":{"ZCTA5CE20":"27583","AFFGEOID20":"860Z200US27583","GEOID20":"27583","NAME20":"27583","LSAD20":"Z5","ALAND20":127403241,"AWATER20":421761}},
{"type":"Feature","geometry":{"type":"Polygon","coordinates":[[[-78.6243,35.8046],[-78.6392,35.7959],[-78.6378,35.7861],[-78.6233,35.7845],[-78.6039,35.8062],[-78.5951,35.7951],[-78.5452,35.8038],[-78.5251,35.8039],[-78.5234,35.8126],[-78.4865,35.8171],[-78.4921,35.8318],[-78.514,35.8446],[-78.5316,35.8484],[-78.5449,35.8351],[-78.5692,35.8312],[-78.5748,35.8479],[-78.6038,35.8498],[-78.6075,35.8273],[-78.6197,35.8139],[-78.6243,35.8046]]]},"properties":{"ZCTA5CE20":"27604","AFFGEOID20":"860Z200US27604","GEOID20":"27604","NAME20":"27604","LSAD20":"Z5","ALAND20":49540480,"AWATER20":618969}},
{"type":"Feature","geometry":{"type":"Polygon","coordinates":[[[-81.0052,36.4857],[-81.0206,36.4696],[-81.0329,36.4849],[-81.0546,36.4819],[-81.0543,36.4942],[-81.0777,36.4923],[-81.0583,36.463],[-81.051,36.4308],[-81.0333,36.4317],[-81.034,36.4196],[-81.0466,36.4116],[-81.0439,36.3983],[-81.022,36.3935],[-80.9879,36.4141],[-81.0014,36.4202],[-80.9736,36.4535],[-80.9467,36.4789],[-80.9414,36.4926],[-80.9641,36.4969],[-80.979,36.484],[-80.9939,36.4908],[-81.0052,36.4857]]]},"properties":{"ZCTA5CE20":"28627","AFFGEOID20":"860Z200US28627","GEOID20":"28627","NAME20":"28627","LSAD20":"Z5","ALAND20":66744363,"AWATER20":187671}},
{"type":"Feature","geometry":{"type":"Polygon","coordinates":[[[-82.5645,35.5682],[-82.5913,35.5643],[-82.5917,35.5558],[-82.5636,35.54],[-82.5591,35.5221],[-82.5707,35.5092],[-82.5829,35.5138],[-82.5922,35.5001],[-82.5831,35.4907],[-82.5681,35.4919],[-82.5578,35.4818],[-82.5153,35.4878],[-82.5077,35.4827],[-82.4876,35.4859],[-82.4683,35.4849],[-82.4602,35.4992],[-82.4587,35.5168],[-82.4754,35.5305],[-82.4557,35.5414],[-82.4522,35.5564],[-82.4759,35.5678],[-82.4925,35.5696],[-82.544,35.5841],[-82.5472,35.5761],[-82.5645,35.5682]]]},"properties":{"ZCTA5CE20":"28803","AFFGEOID20":"860Z200US28803","GEOID20":"28803","NAME20":"28803","LSAD20":"Z5","ALAND20":99367866,"AWATER20":921631}},
{"type":"Feature","geometry":{"type":"Polygon","coordinates":[[[-81.5685,33.5127],[-81.564,33.4913],[-81.5532,33.4923],[-81.5549,33.4561],[-81.6029,33.443],[-81.6083,33.4189],[-81.6062,33.4035],[-81.5867,33.3973],[-81.5536,33.4038],[-81.5272,33.3935],[-81.5384,33.4236],[-81.5268,33.4342],[-81.5251,33.4487],[-81.5095,33.4482],[-81.4955,33.4697],[-81.4831,33.4745],[-81.4586,33.4728],[-81.4415,33.4886],[-81.4136,33.4938],[-81.3959,33.5015],[-81.4276,33.5088],[-81.4103,33.5202],[-81.4373,33.5374],[-81.4542,33.5371],[-81.4809,33.5505],[-81.4835,33.5556],[-81.5025,33.5665],[-81.5264,33.5647],[-81.5184,33.5525],[-81.5174,33.53],[-81.5258,33.5175],[-81.5597,33.5106],[-81.5685,33.5127]]]},"properties":{"ZCTA5CE20":"29856","AFFGEOID20":"860Z200US29856","GEOID20":"29856","NAME20":"29856","LSAD20":"Z5","ALAND20":140824436,"AWATER20":306175}},
{"type":"Feature","geometry":{"type":"Polygon","coordinates":[[[-82.3262,34.7206],[-82.3389,34.6908],[-82.3371,34.6722],[-82.3206,34.644],[-82.3034,34.6246],[-82.2929,34.6355],[-82.2793,34.6344],[-82.2604,34.6624],[-82.253,34.6848],[-82.2386,34.7038],[-82.2869,34.7546],[-82.2982,34.7623],[-82.3041,34.7526],[-82.3014,34.7381],[-82.3088,34.724],[-82.3253,34.7288],[-82.3262,34.7206]]]},"properties":{"ZCTA5CE20":"29680","AFFGEOID20":"860Z200US29680","GEOID20":"29680","NAME20":"29680","LSAD20":"Z5","ALAND20":75269701,"AWATER20":969836}},
{"type":"Feature","geometry":{"type":"Polygon","coordinates":[[[-79.643,35.8021],[-79.622,35.7914],[-79.5907,35.7883],[-79.5948,35.7803],[-79.5986,35.759],[-79.579,35.7439],[-79.5459,35.7314],[-79.5325,35.7388],[-79.4996,35.7341],[-79.4913,35.7501],[-79.5049,35.7574],[-79.5281,35.7829],[-79.5028,35.7913],[-79.5277,35.8071],[-79.5344,35.8224],[-79.575,35.818],[-79.596,35.8488],[-79.6215,35.8437],[-79.6337,35.8322],[-79.6422,35.813],[-79.643,35.8021]]]},"properties":{"ZCTA5CE20":"27355","AFFGEOID20":"860Z200US27355","GEOID20":"27355","NAME20":"27355","LSAD20":"Z5","ALAND20":89485742,"AWATER20":238192}},
{"type":"Feature","geometry":{"type":"Polygon","coordinates":[[[-75.6441,35.9949],[-75.6707,35.984],[-75.6671,35.9714],[-75.6445,35.9644],[-75.6154,35.9264],[-75.6122,35.9053],[-75.6229,35.8923],[-75.6022,35.8744],[-75.5889,35.8449],[-75.5705,35.8283],[-75.576,35.8231],[-75.5575,35.796],[-75.5455,35.8051],[-75.5698,35.8633],[-75.6441,35.9949]]]},"properties":{"ZCTA5CE20":"27959","AFFGEOID20":"860Z200US27959","GEOID20":"27959","NAME20":"27959","LSAD20":"Z5","ALAND20":38042731,"AWATER20":37012719}},
{"type":"Feature","geometry":{"type":"Polygon","coordinates":[[[-77.1818,35.8317],[-77.1708,35.8345],[-77.1618,35.833],[-77.1634,35.8397],[-77.1827,35.8358],[-77.1818,35.8317]]]},"properties":{"ZCTA5CE20":"27825","AFFGEOID20":"860Z200US27825","GEOID20":"27825","NAME20":"27825","LSAD20":"Z5","ALAND20":963864,"AWATER20":0}},
{"type":"Feature","geometry":{"type":"Polygon","coordinates":[[[-79.7619,34.1763],[-79.7954,34.17],[-79.8049,34.1549],[-79.7898,34.1442],[-79.7706,34.1372],[-79.7854,34.1258],[-79.7795,34.1005],[-79.7557,34.0876],[-79.7567,34.1095],[-79.7326,34.1077],[-79.7208,34.1148],[-79.7087,34.0728],[-79.6961,34.0758],[-79.6789,34.0707],[-79.674,34.084],[-79.6562,34.0871],[-79.6422,34.0968],[-79.6306,34.0906],[-79.6056,34.0976],[-79.5982,34.0893],[-79.5687,34.0939],[-79.5768,34.1126],[-79.5751,34.1242],[-79.5878,34.1383],[-79.6033,34.1458],[-79.6286,34.135],[-79.6452,34.1376],[-79.6724,34.1512],[-79.7087,34.1602],[-79.7266,34.1564],[-79.7619,34.1763]]]},"properties":{"ZCTA5CE20":"29505","AFFGEOID20":"860Z200US29505","GEOID20":"29505","NAME20":"29505","LSAD20":"Z5","ALAND20":131722617,"AWATER20":151654}},
{"type":"Feature","geometry":{"type":"Polygon","coordinates":[[[-80.9154,36.1217],[-80.907,36.1061],[-80.913,36.0962],[-80.8966,36.0833],[-80.8642,36.084],[-80.8326,36.0758],[-80.8313,36.0546],[-80.8132,36.0503],[-80.8069,36.0305],[-80.8061,35.9991],[-80.7804,35.9994],[-80.7664,36.0061],[-80.756,36.0192],[-80.7445,36.0525],[-80.7289,36.0612],[-80.7173,36.0801],[-80.7221,36.0932],[-80.7416,36.1076],[-80.745,36.1173],[-80.7601,36.1175],[-80.7633,36.1347],[-80.7759,36.1457],[-80.7871,36.1604],[-80.7888,36.1768],[-80.7963,36.1901],[-80.8062,36.1871],[-80.8226,36.199],[-80.8537,36.1928],[-80.8625,36.1792],[-80.8759,36.1808],[-80.8776,36.1413],[-80.8915,36.1413],[-80.9154,36.1217]]]},"properties":{"ZCTA5CE20":"27020","AFFGEOID20":"860Z200US27020","GEOID20":"27020","NAME20":"27020","LSAD20":"Z5","ALAND20":197171668,"AWATER20":887073}},
{"type":"Feature","geometry":{"type":"Polygon","coordinates":[[[-79.9445,33.8102],[-79.9355,33.7821],[-79.9059,33.787],[-79.8952,33.7796],[-79.903,33.7588],[-79.9031,33.7443],[-79.8879,33.743],[-79.8471,33.7495],[-79.8491,33.7405],[-79.8266,33.7414],[-79.8226,33.7584],[-79.8056,33.7497],[-79.8078,33.7345],[-79.7985,33.7289],[-79.778,33.7869],[-79.7546,33.7932],[-79.7427,33.8014],[-79.7541,33.8187],[-79.7496,33.8312],[-79.761,33.8352],[-79.7665,33.8197],[-79.782,33.8214],[-79.7918,33.8044],[-79.8232,33.8107],[-79.8337,33.8255],[-79.8475,33.8153],[-79.8615,33.8314],[-79.8797,33.8363],[-79.877,33.8447],[-79.8973,33.8484],[-79.9141,33.8309],[-79.9153,33.8186],[-79.9445,33.8102]]]},"properties":{"ZCTA5CE20":"29518","AFFGEOID20":"860Z200US29518","GEOID20":"29518","NAME20":"29518","LSAD20":"Z5","ALAND20":122449129,"AWATER20":43388}},
{"type":"Feature","geometry":{"type":"Polygon","coordinates":[[[-79.7126,35.2834],[-79.728,35.2854],[-79.7272,35.2706],[-79.7368,35.2643],[-79.7274,35.2506],[-79.7005,35.2322],[-79.7109,35.2258],[-79.7262,35.2272],[-79.7269,35.1998],[-79.7049,35.1971],[-79.6992,35.1888],[-79.6735,35.1754],[-79.6421,35.1577],[-79.6024,35.1029],[-79.5901,35.0931],[-79.5876,35.0828],[-79.5374,35.0918],[-79.5161,35.0863],[-79.5164,35.0916],[-79.537,35.1066],[-79.5419,35.1179],[-79.5421,35.1385],[-79.5471,35.1531],[-79.5395,35.1622],[-79.5559,35.1819],[-79.5683,35.1893],[-79.5906,35.1924],[-79.6183,35.1914],[-79.6172,35.2129],[-79.5925,35.2189],[-79.6211,35.2387],[-79.6183,35.2795],[-79.6297,35.2819],[-79.6515,35.259],[-79.6544,35.2509],[-79.6769,35.2511],[-79.6969,35.2622],[-79.712,35.2759],[-79.7126,35.2834]]]},"properties":{"ZCTA5CE20":"27281","AFFGEOID20":"860Z200US27281","GEOID20":"27281","NAME20":"27281","LSAD20":"Z5","ALAND20":176858142,"AWATER20":376124}},
{"type":"Feature","geometry":{"type":"Polygon","coordinates":[[[-81.199,32.8345],[-81.2076,32.8249],[-81.2131,32.8054],[-81.2048,32.8],[-81.189,32.8057],[-81.1805,32.8175],[-81.1594,32.7965],[-81.154,32.813],[-81.1427,32.8086],[-81.123,32.8292],[-81.1048,32.82],[-81.0943,32.827],[-81.1,32.8403],[-81.0829,32.8794],[-81.0714,32.8765],[-81.0529,32.883],[-81.036,32.8793],[-81.0249,32.8983],[-81.0365,32.9032],[-81.0238,32.9151],[-80.9969,32.9052],[-80.9899,32.9104],[-80.9993,32.9312],[-81.0075,32.9379],[-81.0268,32.9524],[-81.0488,32.9371],[-81.0717,32.929],[-81.0785,32.9164],[-81.1121,32.9179],[-81.1058,32.9037],[-81.1126,32.8984],[-81.1398,32.8978],[-81.1422,32.9155],[-81.1699,32.8992],[-81.177,32.9072],[-81.1947,32.9019],[-81.1664,32.8813],[-81.1709,32.8629],[-81.1541,32.8407],[-81.1806,32.8267],[-81.199,32.8345]]]},"properties":{"ZCTA5CE20":"29924","AFFGEOID20":"860Z200US29924","GEOID20":"29924","NAME20":"29924","LSAD20":"Z5","ALAND20":126595330,"AWATER20":578602}},
{"type":"Feature","geometry":{"type":"Polygon","coordinates":[[[-81.692,35.58],[-81.6919,35.5646],[-81.7,35.5512],[-81.7009,35.5303],[-81.7213,35.5249],[-81.7279,35.5073],[-81.72,35.5043],[-81.7163,35.478],[-81.6889,35.4775],[-81.6657,35.4722],[-81.6556,35.478],[-81.626,35.484],[-81.615,35.4799],[-81.602,35.4943],[-81.5748,35.4937],[-81.5718,35.5147],[-81.5603,35.5172],[-81.5653,35.5524],[-81.5714,35.5586],[-81.5797,35.5675],[-81.6347,35.5654],[-81.6484,35.5617],[-81.6706,35.5666],[-81.6911,35.5846],[-81.692,35.58]]]},"properties":{"ZCTA5CE20":"28020","AFFGEOID20":"860Z200US28020","GEOID20":"28020","NAME20":"28020","LSAD20":"Z5","ALAND20":119851364,"AWATER20":0}},
{"type":"Feature","geometry":{"type":"Polygon","coordinates":[[[-79.665,36.0184],[-79.6707,36.0065],[-79.6561,36.0014],[-79.65,35.992],[-79.6259,35.9885],[-79.6244,35.9976],[-79.6042,35.9938],[-79.5897,36.0042],[-79.5673,36.0141],[-79.5667,36.0394],[-79.5558,36.0442],[-79.5522,36.0789],[-79.5446,36.0794],[-79.5614,36.0925],[-79.58,36.0836],[-79.592,36.0886],[-79.6085,36.0792],[-79.611,36.0657],[-79.6199,36.0592],[-79.6215,36.059],[-79.6317,36.0544],[-79.6386,36.0348],[-79.665,36.0184]]]},"properties":{"ZCTA5CE20":"27377","AFFGEOID20":"860Z200US27377","GEOID20":"27377","NAME20":"27377","LSAD20":"Z5","ALAND20":66676870,"AWATER20":778873}},
{"type":"Feature","geometry":{"type":"Polygon","coordinates":[[[-80.6723,35.6107],[-80.6822,35.5956],[-80.6758,35.5845],[-80.6862,35.5642],[-80.6761,35.5447],[-80.6728,35.5323],[-80.6613,35.5286],[-80.652,35.5393],[-80.6348,35.5399],[-80.6267,35.5507],[-80.6033,35.5578],[-80.5901,35.5484],[-80.6038,35.5391],[-80.5849,35.5204],[-80.5691,35.5098],[-80.5455,35.5158],[-80.5066,35.5356],[-80.5057,35.5505],[-80.527,35.5478],[-80.5278,35.5702],[-80.5485,35.5793],[-80.5456,35.588],[-80.5517,35.5961],[-80.5709,35.6036],[-80.6173,35.6124],[-80.6319,35.6366],[-80.6529,35.6366],[-80.6723,35.6107]]]},"properties":{"ZCTA5CE20":"28023","AFFGEOID20":"860Z200US28023","GEOID20":"28023","NAME20":"28023","LSAD20":"Z5","ALAND20":120536039,"AWATER20":324553}},
{"type":"Feature","geometry":{"type":"Polygon","coordinates":[[[-79.988,36.5425],[-79.9998,36.5497],[-80.0236,36.5442],[-80.0415,36.549],[-80.0535,36.5425],[-80.0273,36.5425],[-80.0283,36.5073],[-80.0146,36.4989],[-79.9935,36.473],[-79.9754,36.4627],[-79.9722,36.4534],[-79.9471,36.4492],[-79.9333,36.437],[-79.9377,36.4078],[-79.9314,36.3903],[-79.8988,36.3932],[-79.8893,36.3907],[-79.8713,36.3977],[-79.8271,36.423],[-79.809,36.4299],[-79.8154,36.4495],[-79.7982,36.4615],[-79.815,36.4704],[-79.8248,36.4863],[-79.85,36.4841],[-79.8594,36.4954],[-79.858,36.5094],[-79.8677,36.5202],[-79.857,36.5334],[-79.8656,36.5427],[-79.988,36.5425]]]},"properties":{"ZCTA5CE20":"27048","AFFGEOID20":"860Z200US27048","GEOID20":"27048","NAME20":"27048","LSAD20":"Z5","ALAND20":215734040,"AWATER20":1072386}},
{"type":"Feature","geometry":{"type":"Polygon","coordinates":[[[-81.2203,33.2688],[-81.2208,33.2593],[-81.2101,33.2573],[-81.1961,33.2413],[-81.1546,33.2443],[-81.1318,33.2363],[-81.1039,33.2192],[-81.1012,33.2364],[-81.1071,33.263],[-81.094,33.2854],[-81.0929,33.3009],[-81.0859,33.3111],[-81.1034,33.3164],[-81.092,33.3469],[-81.0754,33.353],[-81.0739,33.3684],[-81.0824,33.3755],[-81.1022,33.3785],[-81.1304,33.3896],[-81.1442,33.3815],[-81.1652,33.3789],[-81.1769,33.3705],[-81.1722,33.3485],[-81.1901,33.3507],[-81.2006,33.3373],[-81.1915,33.3158],[-81.2177,33.3186],[-81.2203,33.2688]]]},"properties":{"ZCTA5CE20":"29042","AFFGEOID20":"860Z200US29042","GEOID20":"29042","NAME20":"29042","LSAD20":"Z5","ALAND20":159440664,"AWATER20":1679292}},
{"type":"Feature","geometry":{"type":"Polygon","coordinates":[[[-79.9476,32.7827],[-79.9603,32.7828],[-79.9495,32.7737],[-79.9287,32.763],[-79.9172,32.7829],[-79.9164,32.7962],[-79.9363,32.7858],[-79.9398,32.7855],[-79.9456,32.7833],[-79.9476,32.7827]]]},"properties":{"ZCTA5CE20":"29401","AFFGEOID20":"860Z200US29401","GEOID20":"29401","NAME20":"29401","LSAD20":"Z5","ALAND20":3974003,"AWATER20":4533623}},
{"type":"Feature","geometry":{"type":"Polygon","coordinates":[[[-81.6135,33.899],[-81.6118,33.8717],[-81.6245,33.8578],[-81.6201,33.8443],[-81.6412,33.8324],[-81.6292,33.8216],[-81.632,33.8012],[-81.616,33.7905],[-81.595,33.7395],[-81.5802,33.7509],[-81.5771,33.7365],[-81.5636,33.7367],[-81.5401,33.7279],[-81.5303,33.7544],[-81.5453,33.7539],[-81.5626,33.7745],[-81.5582,33.7837],[-81.5703,33.7973],[-81.5835,33.7953],[-81.5929,33.8326],[-81.5884,33.8453],[-81.5919,33.8587],[-81.5703,33.8578],[-81.5697,33.8869],[-81.584,33.8897],[-81.6006,33.9028],[-81.6135,33.899]]]},"properties":{"ZCTA5CE20":"29105","AFFGEOID20":"860Z200US29105","GEOID20":"29105","NAME20":"29105","LSAD20":"Z5","ALAND20":79356136,"AWATER20":517323}},
{"type":"Feature","geometry":{"type":"Polygon","coordinates":[[[-79.2739,35.5671],[-79.2887,35.5875],[-79.2874,35.5992],[-79.2978,35.6045],[-79.3241,35.6045],[-79.3346,35.5984],[-79.3599,35.5974],[-79.3688,35.5915],[-79.3994,35.5961],[-79.4004,35.5697],[-79.4278,35.5628],[-79.4367,35.5461],[-79.4133,35.5384],[-79.4187,35.5298],[-79.4393,35.5168],[-79.43,35.5169],[-79.3561,35.5182],[-79.3219,35.5246],[-79.3121,35.5305],[-79.3172,35.5434],[-79.2859,35.5565],[-79.2739,35.5671]]]},"properties":{"ZCTA5CE20":"27252","AFFGEOID20":"860Z200US27252","GEOID20":"27252","NAME20":"27252","LSAD20":"Z5","ALAND20":95966403,"AWATER20":328025}},
{"type":"Feature","geometry":{"type":"Polygon","coordinates":[[[-82.0813,34.8728],[-82.0857,34.8617],[-82.0793,34.8531],[-82.0851,34.8429],[-82.0503,34.8446],[-82.0319,34.8379],[-82.0186,34.8179],[-82.0161,34.8006],[-82.0014,34.813],[-81.9888,34.832],[-81.974,34.8387],[-81.9875,34.8538],[-81.9819,34.8606],[-81.979,34.8812],[-81.9598,34.9036],[-81.97,34.9098],[-82.0321,34.9049],[-82.0397,34.8977],[-82.0527,34.9034],[-82.0643,34.8914],[-82.0813,34.8728]]]},"properties":{"ZCTA5CE20":"29369","AFFGEOID20":"860Z200US29369","GEOID20":"29369","NAME20":"29369","LSAD20":"Z5","ALAND20":72769922,"AWATER20":1151141}},
{"type":"Feature","geometry":{"type":"Polygon","coordinates":[[[-77.2067,36.251],[-77.2282,36.2182],[-77.2271,36.2141],[-77.2037,36.2284],[-77.2083,36.2466],[-77.1765,36.2427],[-77.1418,36.2317],[-77.1305,36.2172],[-77.1513,36.2092],[-77.1388,36.2015],[-77.1343,36.184],[-77.1465,36.1703],[-77.1451,36.1569],[-77.1343,36.1475],[-77.1319,36.1307],[-77.1213,36.1239],[-77.1119,36.1183],[-77.0952,36.0955],[-77.079,36.0915],[-77.0447,36.0995],[-77.0368,36.0871],[-77.0167,36.0771],[-76.9925,36.0791],[-76.9901,36.0923],[-77.0138,36.1035],[-76.9976,36.1081],[-76.9764,36.0852],[-76.9714,36.1099],[-76.9919,36.119],[-77.0038,36.1215],[-77.0229,36.1385],[-77.0452,36.1415],[-77.0644,36.1591],[-77.0265,36.1642],[-77.033,36.2351],[-77.0275,36.2584],[-77.0343,36.2708],[-77.0315,36.2812],[-77.0475,36.2848],[-77.0258,36.2987],[-77.0327,36.309],[-77.0684,36.3129],[-77.0913,36.3082],[-77.1009,36.3203],[-77.1321,36.3285],[-77.1479,36.31],[-77.1417,36.2973],[-77.1914,36.2861],[-77.2067,36.251]]]},"properties":{"ZCTA5CE20":"27805","AFFGEOID20":"860Z200US27805","GEOID20":"27805","NAME20":"27805","LSAD20":"Z5","ALAND20":281239023,"AWATER20":0}},
{"type":"Feature","geometry":{"type":"Polygon","coordinates":[[[-81.8332,35.1826],[-81.8146,35.1606],[-81.7973,35.157],[-81.8169,35.1423],[-81.8169,35.1292],[-81.8059,35.1148],[-81.8207,35.0964],[-81.8105,35.087],[-81.7872,35.0842],[-81.7733,35.0646],[-81.7626,35.0709],[-81.7473,35.0668],[-81.756,35.0449],[-81.7351,35.0213],[-81.7161,35.0229],[-81.7016,35.0367],[-81.6959,35.049],[-81.6567,35.067],[-81.6246,35.1027],[-81.5886,35.1104],[-81.5764,35.1177],[-81.5834,35.1197],[-81.612,35.1486],[-81.6095,35.1743],[-81.6102,35.1743],[-81.7163,35.1789],[-81.8332,35.1826]]]},"properties":{"ZCTA5CE20":"29341","AFFGEOID20":"860Z200US29341","GEOID20":"29341","NAME20":"29341","LSAD20":"Z5","ALAND20":241317122,"AWATER20":2778448}},
{"type":"Feature","geometry":{"type":"Polygon","coordinates":[[[-81.7302,33.753],[-81.7184,33.743],[-81.7218,33.7225],[-81.7483,33.7135],[-81.76,33.7041],[-81.7428,33.6889],[-81.729,33.6767],[-81.7131,33.6975],[-81.6905,33.6969],[-81.6763,33.7031],[-81.6444,33.7077],[-81.6236,33.7049],[-81.6111,33.714],[-81.595,33.7395],[-81.616,33.7905],[-81.632,33.8012],[-81.6292,33.8216],[-81.6412,33.8324],[-81.6201,33.8443],[-81.6245,33.8578],[-81.6118,33.8717],[-81.6135,33.899],[-81.6155,33.9244],[-81.6383,33.9189],[-81.6452,33.9237],[-81.6471,33.9139],[-81.6719,33.901],[-81.6727,33.8816],[-81.7036,33.872],[-81.7136,33.8449],[-81.732,33.8348],[-81.7397,33.8115],[-81.7266,33.7928],[-81.7015,33.7917],[-81.6899,33.7824],[-81.7302,33.753]]]},"properties":{"ZCTA5CE20":"29129","AFFGEOID20":"860Z200US29129","GEOID20":"29129","NAME20":"29129","LSAD20":"Z5","ALAND20":216213254,"AWATER20":1456917}},
{"type":"Feature","geometry":{"type":"Polygon","coordinates":[[[-76.1765,36.44],[-76.181,36.4187],[-76.2144,36.4156],[-76.2225,36.4035],[-76.2441,36.405],[-76.2582,36.3964],[-76.2624,36.3852],[-76.2601,36.3665],[-76.2382,36.3716],[-76.2142,36.3416],[-76.2136,36.3269],[-76.1922,36.3281],[-76.2021,36.3047],[-76.216,36.3002],[-76.1955,36.2965],[-76.1728,36.3024],[-76.1644,36.2923],[-76.136,36.2888],[-76.1057,36.2724],[-76.1016,36.2592],[-76.0879,36.2503],[-76.0813,36.274],[-76.0682,36.2764],[-76.0635,36.3026],[-76.0633,36.325],[-76.0757,36.3356],[-76.07,36.3449],[-76.1141,36.3575],[-76.1218,36.3711],[-76.148,36.3946],[-76.1575,36.3982],[-76.1585,36.4253],[-76.1765,36.44]]]},"properties":{"ZCTA5CE20":"27921","AFFGEOID20":"860Z200US27921","GEOID20":"27921","NAME20":"27921","LSAD20":"Z5","ALAND20":165344252,"AWATER20":26934756}},
{"type":"Feature","geometry":{"type":"Polygon","coordinates":[[[-76.6578,36.5509],[-76.684,36.5039],[-76.6778,36.4906],[-76.6402,36.4875],[-76.6361,36.4695],[-76.6233,36.4713],[-76.6001,36.4908],[-76.5837,36.4834],[-76.5799,36.462],[-76.5626,36.4688],[-76.5766,36.4856],[-76.5693,36.5054],[-76.4967,36.5149],[-76.5415,36.5503],[-76.6006,36.5508],[-76.6578,36.5509]]]},"properties":{"ZCTA5CE20":"27926","AFFGEOID20":"860Z200US27926","GEOID20":"27926","NAME20":"27926","LSAD20":"Z5","ALAND20":93738438,"AWATER20":13082}},
{"type":"Feature","geometry":{"type":"Polygon","coordinates":[[[-75.8669,36.2772],[-75.8921,36.2559],[-75.9073,36.2554],[-75.8967,36.2397],[-75.8861,36.2053],[-75.8742,36.1995],[-75.8481,36.2157],[-75.8639,36.2293],[-75.8643,36.2451],[-75.8723,36.2548],[-75.8624,36.2629],[-75.8618,36.2747],[-75.8669,36.2772]]]},"properties":{"ZCTA5CE20":"27939","AFFGEOID20":"860Z200US27939","GEOID20":"27939","NAME20":"27939","LSAD20":"Z5","ALAND20":19782120,"AWATER20":2931827}},
{"type":"Feature","geometry":{"type":"Polygon","coordinates":[[[-81.9336,33.6936],[-81.973,33.6452],[-81.9538,33.6349],[-81.9161,33.6341],[-81.8973,33.639],[-81.8916,33.6265],[-81.8808,33.6206],[-81.8652,33.6331],[-81.8347,33.6326],[-81.8241,33.621],[-81.807,33.6284],[-81.8095,33.6495],[-81.8024,33.6542],[-81.8061,33.6686],[-81.7787,33.6801],[-81.7613,33.6776],[-81.7428,33.6889],[-81.76,33.7041],[-81.7483,33.7135],[-81.7218,33.7225],[-81.7184,33.743],[-81.7302,33.753],[-81.7356,33.7575],[-81.7586,33.753],[-81.7793,33.7614],[-81.797,33.7399],[-81.8037,33.7459],[-81.8084,33.7713],[-81.8207,33.7748],[-81.8396,33.7634],[-81.8668,33.7734],[-81.8877,33.7569],[-81.9081,33.7572],[-81.9169,33.7377],[-81.9394,33.7155],[-81.9309,33.7054],[-81.9336,33.6936]]]},"properties":{"ZCTA5CE20":"29847","AFFGEOID20":"860Z200US29847","GEOID20":"29847","NAME20":"29847","LSAD20":"Z5","ALAND20":233929285,"AWATER20":2798887}},
{"type":"Feature","geometry":{"type":"Polygon","coordinates":[[[-77.315,36.456],[-77.3239,36.4371],[-77.3577,36.4352],[-77.3103,36.4163],[-77.3038,36.4015],[-77.3499,36.389],[-77.3099,36.3716],[-77.2796,36.3545],[-77.2757,36.3704],[-77.2407,36.3702],[-77.2373,36.3768],[-77.204,36.3625],[-77.1875,36.3636],[-77.1768,36.3768],[-77.1651,36.3709],[-77.1581,36.3883],[-77.1726,36.4098],[-77.1613,36.4219],[-77.1555,36.439],[-77.1751,36.4408],[-77.1668,36.4558],[-77.183,36.4514],[-77.2011,36.4629],[-77.217,36.4634],[-77.2292,36.4819],[-77.2555,36.478],[-77.2663,36.4572],[-77.2758,36.451],[-77.315,36.456]]]},"properties":{"ZCTA5CE20":"27820","AFFGEOID20":"860Z200US27820","GEOID20":"27820","NAME20":"27820","LSAD20":"Z5","ALAND20":147919228,"AWATER20":388005}},
{"type":"Feature","geometry":{"type":"Polygon","coordinates":[[[-79.6091,33.1331],[-79.5939,33.1167],[-79.6084,33.1079],[-79.6283,33.0593],[-79.6284,33.0399],[-79.6038,33.0387],[-79.5957,33.0314],[-79.5723,33.0296],[-79.5603,33.0387],[-79.5515,33.0424],[-79.5443,33.0397],[-79.5226,33.0463],[-79.4937,33.0622],[-79.4593,33.0769],[-79.4398,33.0808],[-79.3996,33.0999],[-79.3921,33.1073],[-79.3472,33.1184],[-79.3398,33.1226],[-79.3214,33.1456],[-79.284,33.1384],[-79.2753,33.1319],[-79.2855,33.1131],[-79.2753,33.1189],[-79.2688,33.136],[-79.2912,33.1466],[-79.3167,33.1463],[-79.3321,33.1527],[-79.3508,33.1535],[-79.4066,33.1867],[-79.4136,33.1982],[-79.4384,33.2151],[-79.4467,33.2135],[-79.4836,33.2038],[-79.5187,33.1485],[-79.534,33.144],[-79.55,33.1556],[-79.5958,33.1432],[-79.6091,33.1331]]]},"properties":{"ZCTA5CE20":"29458","AFFGEOID20":"860Z200US29458","GEOID20":"29458","NAME20":"29458","LSAD20":"Z5","ALAND20":291224126,"AWATER20":8666834}}
]}