RegionID,SizeRank,RegionName,RegionType,StateName,State,Metro,StateCodeFIPS,MunicipalCodeFIPS,2015-01-31,2015-02-28,2015-03-31,2015-04-30,2015-05-31,2015-06-30,2015-07-31,2015-08-31,2015-09-30,2015-10-31,2015-11-30,2015-12-31,2016-01-31,2016-02-29,2016-03-31,2016-04-30,2016-05-31,2016-06-30,2016-07-31,2016-08-31,2016-09-30,2016-10-31,2016-11-30,2016-12-31,2017-01-31,2017-02-28,2017-03-31,2017-04-30,2017-05-31,2017-06-30,2017-07-31,2017-08-31,2017-09-30,2017-10-31,2017-11-30,2017-12-31,2018-01-31,2018-02-28,2018-03-31,2018-04-30,2018-05-31,2018-06-30,2018-07-31,2018-08-31,2018-09-30,2018-10-31,2018-11-30,2018-12-31,2019-01-31,2019-02-28,2019-03-31,2019-04-30,2019-05-31,2019-06-30,2019-07-31,2019-08-31,2019-09-30,2019-10-31,2019-11-30,2019-12-31,2020-01-31,2020-02-29,2020-03-31,2020-04-30,2020-05-31,2020-06-30,2020-07-31,2020-08-31,2020-09-30,2020-10-31,2020-11-30,2020-12-31,2021-01-31,2021-02-28,2021-03-31,2021-04-30,2021-05-31,2021-06-30,2021-07-31,2021-08-31,2021-09-30,2021-10-31,2021-11-30,2021-12-31,2022-01-31,2022-02-28,2022-03-31,2022-04-30,2022-05-31,2022-06-30,2022-07-31,2022-08-31,2022-09-30,2022-10-31,2022-11-30,2022-12-31,2023-01-31,2023-02-28,2023-03-31,2023-04-30,2023-05-31,2023-06-30,2023-07-31,2023-08-31,2023-09-30,2023-10-31,2023-11-30,2023-12-31,2024-01-31,2024-02-29,2024-03-31,2024-04-30,2024-05-31,2024-06-30,2024-07-31,2024-08-31,2024-09-30,2024-10-31,2024-11-30,2024-12-31,2025-01-31,2025-02-28,2025-03-31,2025-04-30,2025-05-31,2025-06-30,2025-07-31,2025-08-31,2025-09-30,2025-10-31,2025-11-30,2025-12-31,2026-01-31,2026-02-28,2026-03-31,2026-04-30,2026-05-31,2026-06-30,2026-07-31,2026-08-31
324,39,Wake County,county,NC,NC,"Raleigh-Cary, NC",37,183,1067.8585855666481,1069.6607527433557,1075.059929292392,1076.5004154380372,1083.295813017551,1086.173803083234,1089.9682733099216,1092.1004958866608,1095.0290867392757,1099.324166690679,1103.704632388421,1109.51102948457,1111.1003139677987,1111.0040202885307,1112.9482688477478,1117.4396740660275,1120.7965456454913,1123.419030162342,1125.0697525427158,1128.8658500926272,1132.76909053275,1136.0094287505358,1137.7775098316602,1137.6529303254083,1140.2806801473075,1146.863053725314,1151.61806158938,1157.7016457527207,1160.7313527350007,1165.2945172732047,1168.5730249710448,1170.2537369015913,1175.0884262214477,1178.65111790332,1181.8071673230027,1183.189223596396,1186.6577139821025,1195.8819368276127,1199.867493347585,1201.9937138466964,1203.4363456529518,1205.8684364560809,1209.255059659176,1212.9748207398518,1217.7370068792263,1220.9514079506946,1224.96258594968,1226.562602907708,1228.4441317113208,1229.6231358684356,1232.2830219214577,1235.5368476975054,1241.186795040101,1245.8129435421797,1250.7497952664742,1256.0536158428106,1259.1653724351372,1264.4936215588689,1269.9892781034105,1278.9442639365566,1286.579410291432,1291.521216509937,1291.1506858347602,1285.0675719968553,1279.159186642508,1276.382233905183,1276.2944395358475,1281.0144696526106,1286.5419182762137,1296.2577651154984,1306.3118426489193,1312.8807695147902,1319.930027596669,1327.6169455737854,1339.3846855835866,1355.5857865620558,1379.3312197809182,1407.2690384143002,1435.6465715475697,1462.3192869518728,1484.1320299072,1504.2555289842464,1521.3306761034598,1536.6738197882885,1547.9648425932985,1558.6903837732,1571.5060968390155,1586.999147141841,1600.4844460385611,1613.9917999215586,1621.9124466399855,1628.0800235651882,1632.7888474286635,1633.986294846564,1633.7033676799515,1635.7537232401273,1641.0260531867602,1649.5856491241536,1655.4779478691132,1657.1084399370814,1655.6177825732177,1648.1662662571553,1648.183949162825,1646.2284935313255,1648.8320856199866,1645.5929393450656,1644.059086387252,1644.1131788311761,1643.5675327490292,1645.107726828302,1641.7904902618418,1643.160898440745,1644.2323622777096,1648.217200277662,1647.127408419306,1644.0942471794963,1640.0866169306726,1641.1975249808997,1643.7166627605711,1647.8039065402927,1649.3052480331467,1649.9003940914436,1652.4720302499986,1652.8614795130713,1652.9509340580564,1649.8726641601359,1647.6177262616673,1647.6601511108045,1649.7610208827955,1651.3671989587706,1651.4553914819085,1649.211185323366,1648.7531043089946,1647.5484696692176,1647.7975087779162,1648.5068275116316,1650.500495801425,1654.8749495276156,1659.9759271355733,1664.897909571234
3102,40,Mecklenburg County,county,NC,NC,"Charlotte-Concord-Gastonia, NC-SC",37,119,1019.6115823622066,1022.1313767922182,1024.7060156347557,1030.244866045566,1037.3972291389296,1043.211451323107,1047.74177983056,1053.6511997044083,1057.8290735786636,1062.7648731498132,1068.0987096962915,1072.9818385319174,1076.861586533773,1081.5362494425212,1084.73949461948,1087.3408444993718,1088.7932492562297,1092.3960785948823,1097.6360222673604,1103.2293992667223,1108.8808701359403,1117.3479657941018,1119.5127038698452,1123.0719837661293,1128.1917122993023,1135.1748849875141,1144.3743044688317,1151.524761275102,1158.6943639978226,1164.8237554776015,1168.8424394246017,1173.2178960298945,1179.074889115033,1179.906000763037,1186.047875008361,1189.3514038655408,1191.806212840585,1197.8527560349128,1201.025379256022,1209.5974559947153,1212.316113301783,1218.6954861218462,1223.6319492302587,1227.7483525247362,1226.2494167355821,1230.4192104143883,1240.6295709004376,1252.1975883565747,1261.7896103741268,1263.2352685745464,1268.1723413618572,1269.7541159790128,1275.9380424009182,1279.168420092248,1284.0695612816069,1289.0770389892557,1297.503531135864,1303.0401039375745,1302.0648363732091,1300.82215927112,1300.9021754352063,1304.6772787248844,1317.9008756446788,1312.8993267194478,1310.2183139141405,1304.503158512382,1310.2969534038225,1314.4927862240393,1320.146513246087,1327.4223728102609,1337.515305247035,1346.9995275282536,1356.830883704683,1366.900757076618,1378.7569632535728,1397.6678051859967,1419.068833688571,1443.7041672400253,1465.2893189904999,1493.2593292953507,1518.2078406001347,1541.2853523831106,1557.3767265272309,1576.8833684702345,1589.269126424967,1601.078843960427,1608.1646503399872,1624.1124692072515,1640.9301468869355,1660.3501295816202,1675.7591125664085,1680.7648503291803,1683.1649961152384,1683.9067951110478,1690.3578907725073,1692.4674608893247,1698.21493657997,1703.2628526875794,1715.805942402199,1718.0926996849396,1719.498328628137,1713.6806838157963,1712.1249387806724,1713.6957015972037,1713.9267518308666,1715.267473360054,1711.8480242742223,1715.5022732951184,1716.8313435382559,1719.2537258670188,1714.4477270356608,1714.0391752227326,1715.0187303296132,1719.1460894966997,1719.5889609122435,1719.2745047514547,1719.7643435979423,1720.5390835136059,1723.6841519572142,1726.5419561585095,1729.5670961664368,1734.1434777623476,1735.836770526338,1739.1018853585167,1736.9523180049891,1736.873013698745,1735.4781084303988,1733.1580987806528,1735.001253616261,1736.3295047457361,1737.1042556145649,1735.4362345580348,1734.1535778104242,1731.319037588477,1732.7571583176752,1732.830280823107,1736.544399834175,1738.6575806185804,1742.840585390295,1747.8948307335975
2312,129,Guilford County,county,NC,NC,"Greensboro-High Point, NC",37,081,775.1061709780138,776.9897420419362,778.865571292252,783.6262602292531,784.6534573944418,785.5995940742755,786.0972542632974,784.8339953249734,786.2703208149985,789.0975207135685,795.706533032453,798.0185436826268,801.4406991906556,801.9050195878023,800.9480705685389,799.6587980459838,801.6649496512176,804.4736317198336,806.7037072975712,809.641403855871,814.7399990936137,817.2315358535564,818.8267169811123,819.8705770484079,822.6447210373678,824.7510998266929,829.2034301245984,829.2935801862383,833.5955501239663,835.5835930240256,841.7284923748655,843.4220622131872,843.1022828327622,844.5056428628402,843.1475148665098,847.2400219144993,847.3470807284561,853.588388156822,857.261767674909,864.9165767573801,865.776997083737,868.4660987391031,871.1693503756292,876.866850234999,881.5421937020511,882.8693502892062,885.5089256878007,887.4096550717385,894.5765448956281,898.4823020792758,901.2764137858118,903.2846920039004,908.112306144007,912.6960572582263,915.4933527847437,918.2700825323852,922.4568410323195,929.0490483098803,936.2271708265253,941.5702431903966,944.5093502291256,947.2927936379742,951.278294683257,952.1957104695217,953.5966579757844,958.604041702283,962.1938610580133,972.4068521996597,981.3765045435892,991.4569955965153,995.2248027896301,997.3121556830162,999.7100253734309,1007.5386128538305,1020.9105926131488,1035.608911452421,1049.937376567241,1059.3457006490414,1075.9066908072195,1092.28127063127,1109.9593715734673,1126.3823510810278,1140.7379855222573,1152.83874999256,1166.1306165599074,1176.638098705133,1189.1342734668503,1198.2467648958539,1208.3115653134353,1219.6336957513258,1230.5587163466553,1237.831072900077,1241.497225020453,1242.9820889762643,1247.966103671528,1258.6648372809107,1266.72372957989,1275.882650150527,1279.051896678817,1282.8407446713054,1285.2441380761773,1289.0520949872339,1291.5946689117345,1292.1597391158623,1296.9030141439234,1300.342000760847,1308.0850474355761,1309.5364986920338,1315.9488285112689,1317.4557536705654,1324.4670691607062,1330.8225661555502,1341.9314639071092,1348.5361740509534,1351.2468761086543,1352.6511818368413,1354.5872936137077,1359.4751132365095,1362.2596635928535,1366.1884617964772,1368.2406903434655,1372.7360823878378,1372.0860928163563,1375.0049175279541,1375.125557760434,1379.506198777398,1386.2275972926736,1387.6300842867283,1392.5832073333406,1396.0459860353335,1397.9446906421856,1400.6610529346503,1402.6541954189433,1404.892962211058,1409.4230284312039,1411.3854590242267,1413.2801251779047,1413.5815289559741,1414.102062677772,1419.5938697806807
2934,137,Greenville County,county,SC,SC,"Greenville-Anderson, SC",45,045,942.6349444115868,944.2272392431383,944.9716028769038,951.7345092111509,954.7756864266562,961.2939369857438,962.2094377771241,965.5339126047826,969.2770995997905,971.294085141446,979.6232429724769,981.8115869682938,990.1268862417551,991.7020275878397,996.8675363818401,996.2312891296393,999.2350864218666,1001.5182231355441,1005.8001553789815,1007.6522618309862,1010.0049617306861,1014.1105486397485,1013.4969039033516,1015.5846431920929,1014.972891015564,1023.9309383974559,1030.2746267423463,1038.582916708362,1038.347122978953,1038.713389841929,1040.2039865877678,1044.8100400690846,1043.2492907037422,1046.0996122938845,1048.3304563104753,1059.385866872877,1062.9119718939912,1065.641156636278,1069.6550602095806,1077.9757817522868,1081.3865542188591,1082.9716478447235,1086.2680944132208,1094.7614270429572,1099.2707915988663,1102.7460596520643,1107.244274930353,1112.5326066625169,1121.262330803679,1116.4461844689893,1118.2990739805955,1116.879571657952,1123.0737564752949,1130.4172535866664,1135.676250518991,1135.668127529452,1141.7758950605478,1146.1609603790328,1150.927267130029,1150.26863266459,1151.243163739632,1161.4094082274353,1169.1643380247629,1171.2309942333056,1158.7237597972799,1154.488467295708,1152.104514054539,1162.865087986669,1170.9858393341333,1184.1026382587024,1190.6490316596723,1204.0898433774262,1211.3837621528921,1218.2544153811405,1228.9649245781802,1244.4089404928895,1263.3638847196814,1280.7186680033665,1299.785305859564,1314.8944472981646,1324.7849094386793,1332.4340875965647,1343.8266216735865,1355.908810712965,1366.977222496087,1372.059017316341,1382.9839896124154,1393.4957526102437,1408.713125017396,1423.0294695909956,1438.5395022930488,1448.1438184519902,1455.8007468629517,1456.293093950675,1454.3389242943915,1453.9438124464587,1458.4403468328903,1469.2683250625028,1474.7172550390487,1477.5891237779763,1478.4885066155114,1476.036787048776,1473.8576439073627,1473.432192356316,1479.4398400226703,1488.057111210375,1497.8987212283841,1501.9838956630774,1501.9701087797275,1496.8371380796427,1496.74684901239,1503.7593527150168,1511.0363177566676,1518.4563949658245,1518.3277844420495,1521.9756337833999,1521.066923427426,1527.6923688308964,1536.371247082092,1546.2195740867746,1557.9562037111893,1566.766338650794,1572.4810352564402,1572.3643449254048,1568.0758014591086,1563.9277489964977,1562.8791469371056,1566.623785853871,1569.860829482588,1567.8896628579298,1564.4100150005706,1562.8289340742508,1561.030264742698,1563.0500781007088,1566.2493657347227,1571.2698505631042,1579.982948092354,1589.6171696196768,1600.9591415479451,1607.1159368000701
2507,170,Richland County,county,SC,SC,"Columbia, SC",45,079,826.2043931839653,828.6162466381128,839.0999321440327,842.265434269371,842.0873644695093,841.999427527972,846.8779125133407,850.7351274891028,852.5480315059544,853.0243790267432,855.4804596812014,861.9339331262695,864.478652797019,865.6001882387022,861.3133632708187,863.045927444974,866.3502237062547,870.3716233247222,870.8568919273665,870.9287313754863,873.9309751476574,876.8078207396468,880.2611771951418,882.8107904113407,883.0948311393518,887.6771589593947,889.688255962142,890.8887389706741,891.2730847818427,894.659315785256,901.6183393032209,908.9334078526915,911.6435407373383,915.855945856581,913.0518589108794,916.8712041144202,918.0353537796593,922.3918753101995,925.5031278698497,928.0883469303001,932.3157772424814,936.2462681489799,936.756434042023,940.9906280476996,945.6899679597329,951.4297592372252,954.2043347329713,960.2110183329094,960.5192754683449,965.3526685242689,970.2200501527708,974.7577092289421,978.0704599895458,979.8838633413558,983.0827396743066,983.2346212773829,984.7138203197652,984.5638583826407,989.9018076918993,989.2505353858562,994.7681437959326,994.0358184003471,1008.5712333904823,1008.7002413180707,1015.2276990201959,1018.4419906473976,1020.9683644371111,1022.7663702144498,1031.8902529590314,1041.7007415817257,1046.4797003003869,1050.5315836004236,1059.2642145513562,1070.4430111271174,1077.8384603732702,1085.8183582800439,1096.0347697969876,1113.8548884845065,1130.4333663561313,1150.8730795610873,1160.0376896745506,1175.559052728954,1187.4397748858728,1201.6824988073736,1207.678442671967,1213.023630481378,1222.5653046491675,1234.153911507323,1248.4328965166767,1256.750714512978,1266.9027205034288,1270.4601514361243,1279.0929900539275,1282.4402258906316,1291.5137348502628,1296.2272335609475,1298.7546007513233,1307.8850136958915,1317.1056519364643,1328.4990147598453,1331.5322643323248,1335.2167286581916,1341.1289479643365,1348.1426654901993,1358.745903672392,1363.249784244415,1363.0739462190174,1366.633638237028,1371.7975684661194,1377.1890224516624,1376.6286154415675,1383.9097112336124,1389.9108379587892,1399.5555036729033,1403.0466310344818,1409.720153098962,1407.5454795844555,1409.9502816461809,1416.3278777249084,1427.4716184487088,1440.1372135702281,1446.9013162931908,1458.1329619980638,1464.5275623186394,1470.8957353651251,1471.2509831916836,1471.3469197627817,1471.4814501982792,1478.6292303940731,1485.9402293809198,1491.0058413083823,1490.9710039259587,1489.3340406841244,1490.5257056279472,1490.8025380951897,1490.1647988054344,1491.6511251269892,1495.7292185250433,1502.2319952192943,1506.7462440834072
2897,175,Charleston County,county,SC,SC,"Charleston-North Charleston, SC",45,019,1120.5887256810183,1126.257788336044,1134.9307410608506,1130.667685714188,1134.4813233879947,1140.0220001412633,1152.3110032016964,1154.608452495852,1158.3713939138781,1166.9948908252284,1177.023252348383,1184.3901991459088,1185.1140818867666,1188.6308804831972,1196.5431763451784,1204.7681725754935,1209.720318552344,1214.5369292033183,1217.8866537814663,1224.117780244122,1226.3948128391519,1226.3481757874154,1225.467441512428,1230.95023657776,1243.7574716694503,1251.8804518877278,1251.4503543718656,1255.5035482602827,1265.8267272355913,1272.6597042757253,1274.542309145372,1273.9446638420006,1283.0402246080805,1288.3948621383242,1298.358617732995,1299.0678032362935,1301.4831694719164,1306.354844429361,1309.334263766112,1314.0118132733176,1309.163573895268,1311.860992014127,1315.7607901162503,1323.1738777778116,1325.7361189113371,1323.6919497440501,1325.990253973789,1333.2674970291855,1339.2365677162923,1343.8180276895982,1350.7080401172775,1354.200497672827,1362.1518938416405,1365.7764037034,1370.7837247387733,1373.7241270490192,1376.225243872266,1384.2779076598963,1386.6680397550597,1388.231978172986,1388.443143601642,1389.1356597035783,1397.5629570701087,1387.9657374928554,1380.013309957665,1375.284869606005,1380.231142517555,1387.8198891552804,1393.9101040943483,1397.3273291322448,1406.8382275448855,1420.512482167476,1442.6165470280923,1460.241745949274,1473.6442547738457,1486.2831585769509,1506.414032041816,1528.9504213170235,1556.5798045731044,1583.3550076700753,1613.2465004886303,1637.933460086066,1662.0439753926444,1677.3840762473749,1689.0909205924654,1703.042227247287,1722.388667801346,1758.6418286511964,1788.6862603929112,1817.3462383367385,1833.7094014958197,1850.8546970200503,1862.6010800146967,1874.664700019145,1878.5923161507892,1887.932641544706,1894.6484053548274,1910.0757515042437,1926.0681748487245,1937.20287993201,1946.2032462672194,1948.0514021304768,1956.8783056876557,1960.5274745766865,1962.7592008481643,1965.1282395383248,1974.5614832838578,1993.0962533335178,2004.8845584503072,2006.746853181381,2006.3957936245345,2006.7359090308728,2012.5021055620825,2019.5544689452688,2025.9030373068001,2031.996969856797,2042.6225166796748,2047.8212326920464,2050.928871562783,2046.6850180709298,2049.602821135647,2055.0133022156097,2059.894707457093,2067.950747942898,2076.5138298249626,2077.4844331392123,2074.8166887036905,2074.7501549367935,2077.442089127345,2084.108342474161,2090.6223238917373,2097.442273029103,2102.8537719470605,2109.347629683921,2117.2060648525303,2123.138506630041,2127.1010063033837,2138.2479522850163,2152.0464008954473,2165.640663350368
1712,186,Forsyth County,county,NC,NC,"Winston-Salem, NC",37,067,826.1453472100126,823.9408276372036,822.8945732770055,823.3839776008313,824.9450350229642,827.9530929428577,828.5960227885997,831.9834587023427,837.9193911005827,845.0995241656981,848.2517949728625,842.7446756591557,844.9225124443458,844.6219561688429,848.8981238570326,850.5736350069996,851.1103255103693,855.3144327290937,857.0199414995902,859.0777436595773,859.0379061511036,860.2136213830612,863.3599210231533,867.5554761355759,871.056265881287,872.2269354776664,878.9727911810107,882.0332557163442,888.1135657127477,888.4438844408398,890.7963743368034,893.152013791158,897.0979732141174,900.4177865112088,905.0484622714636,907.8716247213308,912.03326722333,915.3077816531654,918.9476885707574,924.7571904357014,924.8680915212664,927.8928789580957,927.9362394308405,936.3207989596848,940.4522326913234,942.4322187487911,947.7163322723495,956.5475993881091,960.6963295836955,960.1195298257442,961.7708889757159,964.2019705007843,969.8312467174434,975.4011291071207,983.0513335853065,984.0059539661117,987.9461500026558,993.6505719665298,995.9974689466216,996.6073960046002,1000.292960360314,1008.7802864752794,1019.2876047729708,1014.9100769526989,1014.3206901986779,1016.0422985974789,1030.8237462508012,1043.7999033358435,1054.0565969651168,1063.0731035450435,1072.2129940219709,1080.58748513603,1092.6648930735446,1099.4695866149586,1109.032627282515,1125.2509877684568,1143.0562440293804,1162.3314520323552,1171.8024920119046,1188.0831918182964,1200.8806453465002,1216.6941007764008,1233.7319501220973,1248.063705443546,1255.7035988888622,1269.4589036313769,1277.3859394745132,1291.7487895680179,1295.1428491153072,1307.5821434786117,1317.6983360018073,1326.3423949126354,1338.3197204831497,1344.7365845775923,1347.4516719357082,1346.5390596555656,1352.67316958485,1356.0602511992408,1369.3562115779932,1373.9233397698852,1384.9023011464085,1380.3950911631075,1385.043631293993,1387.0675504987528,1390.271232658047,1386.7436005184684,1388.9425903120189,1398.7227661081165,1411.96564973432,1417.1246400178516,1418.202779496129,1417.6229781235675,1421.3722751931944,1432.7139631838995,1437.7357842845513,1442.409629437101,1446.1749604747909,1458.688432257721,1469.5817219237522,1473.1989994737678,1467.0716523511414,1469.2226068661537,1472.0534752289113,1479.7318852657277,1488.5288428918564,1498.8450480762208,1499.5429575217197,1497.751609067086,1502.4507587471091,1504.606300510596,1505.8722449043505,1509.7501054784082,1518.1035225644935,1524.4836919189338,1530.4512458911233,1535.1902289395653,1535.8946303362197,1534.6594855808269,1542.1613556009452,1552.522943402447
563,206,Horry County,county,SC,SC,"Myrtle Beach-Conway-North Myrtle Beach, SC-NC",45,051,928.7012350772975,928.4864026823794,924.8260760421662,932.1167669897785,949.2640056176369,951.7596602459009,961.8354640488438,960.0202286547129,964.1040244214616,973.2421211094638,973.7770870323484,980.1530769799461,975.802356348122,979.3653820819436,986.484413380487,989.9600254054452,979.8369190474799,985.2394145723373,987.328492219904,1001.3535903603125,1002.9099448962638,1001.4040750057003,1007.6097517324106,1007.9549663885821,1025.149878769171,1034.0976593572877,1035.9931211085432,1039.8695392324269,1044.489730996869,1057.299615965264,1060.4559080441168,1061.5145172643784,1061.2652287532203,1068.5009946268087,1067.670125907237,1070.3058886747203,1070.6649280732393,1077.2048535190906,1086.497961272406,1092.5801214786513,1098.2355200209036,1096.4466962937956,1095.6428505088684,1096.1075637559425,1103.7902138831857,1105.382225072381,1114.2229289009938,1113.7986171264567,1122.812721506673,1119.0495369991645,1118.7708621006843,1120.614673036723,1125.159993815817,1128.6284491638419,1136.657167882776,1142.620391495246,1146.2265767961728,1151.3523852229528,1153.556787986685,1162.4667769817627,1162.0220146182426,1170.255454836556,1176.9047330036815,1173.5213771371598,1166.9275827209726,1167.260191402924,1168.8747286420999,1174.3180741023243,1185.6260159052745,1187.2987468158426,1196.1121167653596,1206.1234826489874,1228.4017926072702,1235.356959846182,1243.8533259228145,1260.1365701733757,1288.7585848463007,1317.8369734930957,1351.7783990308167,1378.2247967806386,1403.6483096302836,1437.0923078829273,1456.5235124319197,1482.089307736397,1485.8525664623721,1502.1458101302858,1522.9644575013094,1551.9219235041858,1577.9872530230318,1589.3839421667371,1596.8630545216224,1604.6520518858886,1606.4417558030875,1602.961575774624,1604.2835219403298,1607.1357573107532,1607.7379105744687,1616.4587007707632,1618.7920674518186,1628.3823486255428,1623.721568172993,1622.8247922090497,1619.7070586886323,1616.590970492993,1619.268520206131,1617.8269583511844,1624.5174646917071,1629.910247122269,1642.7857602510032,1648.3878255111442,1650.6395550105476,1646.9966245742123,1644.0583387483557,1646.630864458749,1652.1412210789517,1664.3163121077207,1672.123429436536,1674.0390161652142,1665.5455003677175,1667.0129723002735,1667.3623280939055,1671.1770274815485,1670.279542164699,1664.2132708987917,1664.2014667127314,1669.2613596542672,1668.1531762093005,1660.303501459795,1656.8780376999239,1660.4283743860174,1667.3580028725173,1667.1082551991715,1665.383535318025,1662.6779795429413,1666.4219051567718,1675.5178274114917,1682.9989876022764,1684.0673376323386,1689.4106718611433,1697.1739864157037
2912,213,Cumberland County,county,NC,NC,"Fayetteville, NC",37,051,731.8212176756771,733.3702491170138,734.1968482029887,734.9617124398735,734.9304341477729,736.7996049103767,738.0891742643497,740.4772317678961,739.8276839871481,740.8229570305178,740.0824085502242,742.5224390264692,742.9403210439201,742.3898428757367,742.6699446343004,741.4510201360137,742.4580229036253,742.2251586360067,744.269492128558,747.245023463139,749.2517850007597,749.8229721589961,750.1444931110844,749.7685985196587,752.4281714091715,755.3384617040026,756.6330151107081,758.0539894273116,758.3245484574086,760.9638473156654,762.933247378849,763.6511057078544,766.3951527868635,769.0304729951908,771.107474852493,773.0194768767778,772.1483264279005,773.6352577596681,777.5571972484948,781.6276755400029,783.6911795805433,782.7128511102455,784.9557561923507,786.810580377632,788.986158424891,790.9379769816326,798.5931510404441,802.4927220602033,809.0476595797019,807.8117041318474,809.8926218615334,812.1952612304726,816.3402744827949,822.0426617041156,825.2817924561983,829.3885212319976,832.6823036088023,836.6116479038693,836.5634774057439,839.7827368602487,841.9138764846394,849.0966236577553,858.970615177256,860.8491956170669,863.855586908065,870.9579876846257,881.4753824939286,888.174971503412,900.5401222199549,917.7531692161753,933.3954160730855,945.6280405868101,951.9703234565658,960.921691213124,973.4584735554911,992.6718606334945,1021.0165759228272,1037.3377816260613,1056.2076014399622,1064.8644009267666,1082.313557070741,1089.0254017000736,1101.2721548287664,1112.7024735067253,1134.8895162957135,1150.628134919832,1159.205783370828,1171.9811348316243,1166.6321580135204,1181.7565283281335,1182.6578552548708,1206.4322358728875,1208.71764659422,1218.3946118818603,1219.962229899777,1227.498164685256,1232.1773330064054,1239.034164328369,1251.3445860843917,1252.0103402700317,1262.4737493260957,1259.0736097342053,1264.7947149261797,1259.413168266412,1260.2384534848843,1262.6427685046795,1267.5185222888797,1269.4671076636446,1270.1851792943448,1271.6463617670731,1274.4361104352192,1281.8913555499364,1286.2329358577215,1292.2093149114246,1296.786867230225,1302.7465839443043,1309.9619537692665,1315.5335733453073,1319.341569407106,1323.4580005117768,1327.3433650655388,1331.0200359065964,1331.7945039464978,1330.593308561416,1334.7952866890269,1337.0535176981157,1345.0374821121184,1348.4157058544388,1351.561781126401,1353.6850036147666,1357.1165755277548,1360.1955896699633,1364.0318480165213,1367.1489909950078,1370.7098724075438,1375.5610950897703,1376.090421435089,1379.232496488801,1376.9285987077803,1378.8359366495442
3141,219,Spartanburg County,county,SC,SC,"Spartanburg, SC",45,083,,,,,,,,,,,,898.5224211426785,896.8994032371614,884.7825161958239,889.0469474235451,894.8585063093543,910.849369133411,916.8500285438624,925.2716934076146,920.5366377356308,927.8140344389593,931.9617969885377,940.4968284373607,943.2998395218889,946.3573578415674,953.765327781594,950.4017522545902,947.6821778435415,943.0252246595248,951.627401586966,963.0993074127576,971.4889614280457,974.1739122663431,973.7769779439709,973.5923475162025,974.065297118345,982.0272509124442,990.6795388829498,995.6323413624165,1004.9947374061163,1008.7477397092381,1016.5207152907726,1012.7859267888401,1018.6883456870473,1018.2854780614749,1026.0377494139377,1030.327152117485,1032.3651801711364,1031.23406659771,1037.6265659805733,1044.1226418927629,1046.953567520377,1053.3389223279298,1052.347439100832,1058.3347717102429,1060.7587478894693,1068.456910809231,1072.2456585095565,1077.7437786690787,1086.330158222875,1093.9368966905508,1094.722340703284,1096.61399368461,1100.3901615329078,1102.9385318546706,1106.629584458959,1114.8160446551185,1130.9363814519586,1136.5642291601039,1138.1044682745187,1137.4033799843269,1134.0895158356498,1139.4165652331744,1148.2279308379614,1160.2399226128325,1165.7135953529823,1177.034844468427,1188.154548046098,1199.6546482080682,1205.0152342353845,1217.2679201898766,1234.3522590117211,1250.3717775938371,1264.7386825863175,1273.9789885319938,1282.5151529359591,1287.0939872688164,1290.1543730527346,1296.7337142169447,1306.31165860687,1320.491463015154,1328.3798359364557,1331.477263971109,1327.71454195338,1331.2004105351493,1343.6697503181276,1353.2251639165731,1359.547016236854,1361.9769412511637,1374.2510554790197,1380.561044919924,1386.5790845910574,1376.889767917821,1381.8836681202029,1388.3786107117476,1403.9583402404282,1409.6746875904194,1399.15776084753,1402.313810474686,1407.7188803544657,1424.4235064982936,1430.482301370502,1433.964117141293,1432.9082948440152,1440.5757117301855,1442.5341207316037,1450.757413756309,1454.760370039259,1460.2130715547873,1469.4198588510355,1468.5388488932342,1474.0710296989025,1472.5554191671965,1474.7340744705893,1474.0044961652195,1476.8301695430712,1482.6265014853955,1487.5081390551838,1486.470168405946,1485.2512023643258,1486.073272168109,1489.883849093904,1495.3293102256223,1495.3824308547478,1496.0368360795082,1496.9593965988504,1502.3329271477069,1506.986812922899,1508.0120573664767,1509.5185219718953
999,223,Durham County,county,NC,NC,"Durham-Chapel Hill, NC",37,063,1012.3928855805447,1013.4415317662779,1020.8320633376982,1025.0701320897247,1031.9030710679272,1033.5161330885762,1032.1243509243084,1030.7669252463443,1033.0335142564752,1037.7498053895206,1046.1026652275177,1048.2160434980974,1053.593446902321,1056.1121917267517,1061.551001918216,1068.8881819475148,1068.0631283774696,1072.9348901144713,1073.9744922495156,1082.0410077975869,1086.5168088994583,1094.8996603080332,1102.4632918921038,1112.1702586187826,1110.341899974359,1112.8785058297176,1115.0597912578664,1120.3110125634325,1120.5906693623087,1122.8093795973607,1129.412835229384,1138.9620637487615,1145.9191674954723,1147.834221913216,1143.2410284821742,1144.6025151405731,1154.5087221300666,1164.106910325456,1168.0015565454585,1168.5082386629529,1170.7829592765952,1172.856384527008,1175.741055371749,1182.0214514696654,1184.7351974372748,1189.8796939141457,1194.319149740443,1201.6935501987737,1207.3579184310727,1210.3281663390285,1216.194687130481,1222.5290827865206,1231.4706198502722,1238.2818264711077,1242.9170755652385,1241.5403794545593,1244.8162811010359,1247.5455373783598,1254.0386096690115,1254.5930793978703,1254.2221727066878,1254.8686752819403,1271.4655460752358,1269.178044022289,1267.9316526392781,1254.6069409862757,1257.9478301835957,1262.1456343497134,1268.1924505674797,1272.5990545653228,1275.613142005826,1286.3852700354764,1292.3950202506123,1299.6376390381374,1303.9491548291712,1321.7907299799156,1341.1592016654602,1373.9004276937435,1398.8389748786449,1425.1226682377098,1450.9520788185264,1470.4587743981647,1484.4309766979657,1491.08937393863,1500.5434538684196,1515.5209690166305,1526.6366938974077,1539.9240948934773,1553.191852065874,1566.1578792084547,1581.0226050398226,1586.967218733246,1589.4613841313405,1587.6570745211654,1594.5610274492774,1600.432418866763,1609.0962206051634,1610.4050031246459,1616.0314133504637,1615.099103243124,1616.5200101900136,1609.6104083245586,1600.8904943410819,1595.8583029453182,1593.0102029204518,1607.0171561071081,1610.5029888188676,1621.5408926446469,1619.2216463966458,1625.1052798914782,1620.4368310815178,1623.395246836314,1617.872948611615,1620.357827517616,1618.4477479934078,1622.1414695423628,1623.9477791788356,1618.3084155583915,1614.0578665614664,1609.1410037491723,1610.9370570655392,1612.6513862019615,1617.5655024336527,1620.5269676715534,1622.9386501180825,1630.6942564913072,1628.7669381321725,1624.1045714913785,1626.2917650453196,1626.9916324454666,1630.173617432952,1630.9087747790513,1632.3187048216398,1631.3991813393607,1632.3914077758795,1632.7870218911187,1637.2916536545322,1635.9047995012518,1644.3017574777034,1651.9403067086544
2779,241,Lexington County,county,SC,SC,"Columbia, SC",45,063,972.3015618404103,969.7823729242253,961.3065251490863,965.5873982752914,970.6635013279722,974.9033086180684,976.1168520746929,979.6997604657195,985.7190816277531,988.5574601068424,996.5446564299584,995.3781849508423,999.0321494497647,991.6117650265367,996.7481970083305,998.1212999313219,1005.5603818139188,1005.1381322052899,1003.6401200286773,1003.0452539106296,1004.32276449317,1007.1847811335005,1008.3645475094496,1007.1973431584635,1005.7915954475561,1015.7531024500257,1027.0202669406033,1034.647555712487,1032.8515461263305,1034.2145454005392,1040.9142608749248,1041.4436145217865,1039.3248127554818,1038.6345816072555,1042.9022332556385,1049.3506515193724,1055.873591883671,1062.3338665923507,1065.109056987766,1066.9322320543906,1064.2532662946649,1065.8964719737296,1065.6283653276848,1075.793530012162,1084.5259601180376,1096.7487471162522,1097.5996202106,1102.0557767344849,1102.1910932792605,1099.9111894083703,1099.7537147309886,1102.7112190094838,1112.7227115526757,1119.6678371004991,1125.8702779252728,1126.7295172077947,1129.6597687045155,1128.9889976650397,1135.0267937348103,1138.2010663413048,1144.842397965599,1151.5250743832817,1156.489085530057,1157.2773932672956,1147.2489346396678,1150.6511810847314,1163.1714928999777,1172.200393971548,1176.069017693994,1184.2378148752377,1190.1581512698367,1197.7080422483725,1208.389116025161,1221.0543863368937,1237.3314569358954,1249.8165657693137,1270.738599683012,1290.666602548982,1295.221919247732,1308.5091794800355,1329.7169411888824,1354.9974855472035,1368.6590635271407,1370.2989532737488,1375.87122913812,1383.4543740899371,1395.17445745713,1408.3750977407592,1415.4144481428848,1419.5601577756238,1429.772195014833,1436.2237704282627,1440.7178936189007,1440.4933344732228,1451.384172173466,1470.8738384058706,1480.91180722037,1484.6909657001993,1486.843505373629,1494.5802739780931,1508.5042698295697,1515.0205071744954,1524.05958271165,1528.2698827721317,1531.3127193884168,1533.000363642475,1533.362204453252,1538.5269646955742,1547.1639533141201,1553.3058670630178,1557.2373644186557,1558.9611910852482,1563.4766100987242,1571.1679921812993,1579.3371739033414,1588.8607076773274,1599.8415759605507,1609.315392151013,1616.4597127824816,1621.8290223791357,1623.0045118591624,1631.9969458484713,1634.4978757690114,1643.871201452098,1648.4273811464834,1649.0084548795808,1647.6825421622189,1647.274972601812,1648.0948193523827,1651.5337989444608,1655.2030174144295,1656.1777563587252,1660.3234287429896,1660.7434276648362,1667.2485245231244,1668.1772903392284,1670.2156281928958,1675.1821087615008,1680.5158231206542,1685.6337327587328
344,250,York County,county,SC,SC,"Charlotte-Concord-Gastonia, NC-SC",45,091,883.1178429611483,882.2836897585308,877.5706295676421,883.0325563342436,893.40154197484,898.0860220248987,907.7776463258322,914.9942152608128,914.5895985423405,910.4230006875006,900.6890832025423,902.1070181010109,919.4548660075983,932.6436150422528,947.4446459808461,944.9185359335048,942.0582468457692,939.8525214111919,943.209886620844,950.5814124052009,967.036338764301,976.8620899852709,985.1941615921984,979.887793407029,976.1491756563973,981.5443711858743,990.3998620015244,997.7254326131931,993.0717994789305,994.9248545838112,990.9691644681114,992.1834508004289,989.2841148284214,993.1920227570156,1004.2300049702255,1019.029831452099,1029.0434912948592,1025.7684064261193,1020.9969358671244,1022.2119899512777,1024.2810027573814,1033.5192549665226,1042.0139999339158,1046.6561414181201,1049.3070289528064,1056.9493531907372,1052.4359723317623,1060.0126359218461,1057.7624205089699,1058.767776794389,1064.767909514982,1070.412496666525,1081.6027792864386,1084.1250468150204,1088.9049059831273,1093.3599021366415,1100.0765138172571,1101.3643021327543,1109.548704896842,1109.423512749446,1119.1224619351744,1131.6919324595026,1152.189926614087,1156.1934552067864,1132.7111838398066,1137.5537538092278,1141.3041003047786,1159.1120789807153,1167.98441949196,1178.7015845731196,1179.8019354428695,1189.6739735036067,1198.850874304964,1197.2737450812128,1204.427608025423,1223.9652585139984,1261.3636749420896,1283.6656990133133,1305.8992953468696,1317.14870584267,1342.6987222115517,1360.8451294385725,1391.2101518163083,1412.0656799589221,1429.3767073023498,1439.4151868638342,1449.6533749564733,1456.7749636136086,1471.610311124974,1482.5546633786305,1489.9213019769475,1497.4936315921213,1485.1533254271553,1499.343584906,1503.2207193535485,1521.5094751753134,1522.8090490008672,1531.2871839924517,1541.0937943500276,1544.2492436226307,1544.6176054219293,1541.9923324911517,1547.4532514199711,1543.7139360135407,1554.5993852731879,1552.6035525820312,1548.359281260015,1533.8749206010505,1532.033142425487,1537.5594217386526,1545.9823931859507,1554.912061242563,1555.9378432730161,1555.7019098575265,1558.5873905016897,1566.583768936874,1576.5816885742922,1569.6812606383521,1572.1448902986683,1570.5298477800347,1580.987867366496,1585.490943814339,1580.548456552955,1580.7161468451143,1573.023339368966,1583.5339665427437,1589.5095429090388,1593.6230576503415,1590.2916617931319,1600.4113108346075,1605.683623782705,1616.0300384579798,1614.1299730038172,1611.6262132371521,1614.4861237026605,1614.4739986128016,1624.5448686457573,1621.4912245263981,1618.6724736941198,1616.1728595478596
2156,260,Buncombe County,county,NC,NC,"Asheville, NC",37,021,948.4484672356385,940.3692058912666,970.6272147666076,975.6064676930827,973.7950741061705,948.9812934207424,955.1824841999697,971.6553411536194,985.8922802610223,992.0909166313862,982.9582037046827,992.5282276532048,1000.4883470880172,1015.4183726389582,1005.0449819309836,1000.447545911903,1002.9632720649746,1025.6121234108166,1033.3779924149242,1033.0233950191268,1029.7038718472088,1032.85695795591,1039.796470567222,1038.3740433423482,1046.6031924933632,1051.5791879298185,1071.9171457734258,1078.1396414879214,1088.0457774055042,1086.5994999729483,1090.3678668644768,1095.9849080945214,1098.1714929750963,1103.2752376995043,1108.8853828558056,1117.1016174171777,1121.374607596009,1126.0060249485387,1136.4410945547831,1141.365722124478,1137.9538465370156,1133.7564197506465,1137.2967865689993,1140.3140380587688,1150.1573016622026,1159.2004915440557,1168.3142313705341,1170.2495816168591,1177.3079574321894,1173.1968007304981,1167.0870533878267,1172.1458727233155,1180.2536055103162,1190.8011113409245,1194.6584424497885,1199.0805514929707,1200.2492415293875,1199.0862803044558,1197.0940945343489,1200.2962461174552,1199.4753590806574,1207.3032702827152,1213.4119367273108,1223.1298113416947,1221.597073064161,1225.561442017869,1231.576601587938,1238.2787233061647,1250.217179606198,1261.2042242363163,1263.5043869601666,1271.1201092365538,1282.5599671685163,1308.9957892457076,1323.7324718205252,1344.623931485441,1355.0618040347924,1379.4963787253155,1400.4172240322696,1428.4956577538637,1444.2294276239675,1466.415198699682,1489.2386081088985,1517.3021880799772,1542.2405377062234,1553.4989233415417,1559.2302299754401,1566.2878933961374,1588.6040110083577,1603.503195779667,1614.5044031222333,1616.6157323561479,1631.0466628836314,1638.7511859721776,1650.359728381601,1652.245660869597,1659.6479255155075,1657.3970378296615,1675.2722353363902,1674.118621999419,1680.9878383186488,1671.7478846547187,1675.1491308623617,1675.8656305583222,1679.160181944385,1681.254976611635,1685.6323762879786,1685.442585588568,1685.2315186944943,1693.2337792702842,1700.6131840221028,1713.0593187332092,1716.9062753970918,1725.8002614073312,1728.3459820363857,1732.2863994341765,1731.0805156415977,1733.5355910122182,1729.630768929702,1722.6131584726959,1714.797070030157,1710.3150650110945,1700.3950187426183,1694.5407568035332,1687.3082707955787,1687.2408879508064,1687.9450608420316,1688.4780892617853,1687.5117330669857,1685.0334552888944,1684.7422918451573,1690.1044370842692,1694.775863079885,1695.1708376468598,1695.924798541833,1694.82570138921,1696.7210289459076,1694.1817952855215,1691.6360616513387,1689.337555411602
770,286,Union County,county,NC,NC,"Charlotte-Concord-Gastonia, NC-SC",37,179,1196.556356579546,1197.8709326548897,1198.7091530574503,1209.5972102794842,1205.9383285660658,1207.3135276516666,1206.4249471243943,1216.1432411938017,1225.5444720966755,1235.8728951198216,1237.9647987154844,1247.230857372862,1256.4748325467458,1260.3395456945495,1257.7872726556275,1249.8088191904899,1255.0384758108023,1261.317103287003,1269.811731925056,1275.1747384990158,1276.0644686836226,1276.7973767668373,1279.1060390157822,1279.772992318959,1283.3632063125374,1285.8954771959643,1297.9803017389902,1308.3415744251556,1314.9349009600523,1317.7526830974055,1317.595202015347,1320.307950868793,1322.5101933443689,1327.420531565192,1327.983552539746,1330.4846602499374,1333.771613710991,1343.0588439318421,1353.7484204115099,1358.2500984238068,1363.5432953365214,1359.6728067909955,1361.0468066707333,1363.4305751915185,1371.6053646452433,1375.6461403468231,1381.284437618242,1388.8725536368665,1392.6580663305522,1397.3188494490585,1394.262560938534,1397.8839237054829,1400.5345114657478,1411.8845634837305,1420.3247928048547,1426.86224938585,1430.0338451383334,1435.0099613115515,1440.8640286235589,1444.3592619350284,1449.91795467789,1452.3054445579708,1454.8633499928665,1456.7144028176585,1463.017344374192,1465.185376139166,1472.437587948643,1486.0619143135164,1499.3710186963347,1522.3602442095194,1543.2116923853002,1547.7878259760087,1563.615521737674,1574.7270492380444,1591.1380900327135,1607.3132984706,1628.7079083503234,1656.8603013689244,1677.455786467876,1683.7235932566837,1699.6670270401146,1703.8929910120842,1710.6032591341702,1729.797210236189,1740.214626959431,1763.573468735758,1771.977586488395,1784.7447017627476,1790.6663992939905,1801.2219840559305,1819.2891556513173,1842.676864703437,1853.6651269756828,1864.3390600398377,1877.984330538741,1892.0296859695038,1896.684310029819,1894.0632180841685,1896.9741018693614,1903.9829900321338,1915.1280187138352,1921.1111043445421,1928.1608512304422,1931.167350513052,1934.6414962219221,1933.6935029588894,1935.3225470130888,1940.9283003451465,1960.3984169062903,1969.1660536115783,1974.396359860305,1974.3435201063446,1970.7937015736388,1972.7831473869282,1965.7195763840468,1971.177403791593,1973.4095040588381,1986.2251499386568,2000.0663931568363,2010.9570001133447,2016.6269700257167,2015.7282321269565,2025.4339281165464,2028.851177603545,2036.5882120640342,2034.508071020256,2032.317519632296,2033.0520856913517,2037.6297567178842,2037.1547571721596,2034.6395828047278,2032.6378346628567,2030.7753241347527,2040.8132312630776,2044.5376644178282,2055.2997127946305,2064.5603867043546,2080.334128872813,2101.0784274753887,2115.168258095582
1032,303,Gaston County,county,NC,NC,"Charlotte-Concord-Gastonia, NC-SC",37,071,834.4555782572968,838.8592306861468,842.1156245941784,847.8140493285875,841.9655367387132,852.0927808168008,859.5542484771897,871.1841336319035,870.0891050520705,871.0955264495561,873.8100779170844,879.9952632072494,880.6967536482219,885.5974527586757,887.6956851917063,891.6984919730056,892.483720792877,887.8561855169544,893.4050961631663,900.719879356597,910.9919373641386,918.6181725880828,920.0681656290304,921.6650065379623,927.3285285540121,939.2358992554048,954.3380492859422,967.8366080723196,983.1742296618982,985.6524976994796,981.1218563035776,969.5197733475495,976.1074762847992,981.1056500624197,994.1324273787043,998.799818144834,1008.896276124421,1008.1898112704242,1009.1666797551607,1010.3123161100012,1007.1315925486779,1014.575638108179,1017.3445950863626,1026.2337086844054,1028.5101479757873,1033.9415581746164,1036.8529748894803,1047.1962798388477,1049.471282438061,1056.9985788203037,1060.7755502081832,1064.6869081526108,1072.0489358105242,1077.9971748590485,1088.7685263394744,1097.4763559580047,1101.5017142200807,1104.1398480964515,1105.7542131063437,1105.4783877619095,1107.8436343086012,1109.897645181967,1132.0047324941424,1137.3508675724797,1145.58589500428,1150.564899404767,1154.3067074640614,1164.0848535679675,1169.381000251234,1180.609060099213,1193.6799659322896,1206.850475619574,1222.359135408044,1232.4708449411835,1242.6540069464736,1257.4366366756487,1266.0803623351699,1281.4566601850613,1298.0668805019363,1317.8679290385696,1337.843460995392,1350.8159976738048,1367.9650288942728,1379.7453416377332,1389.5489158830637,1396.4451375763465,1396.7727490263928,1407.9133189897416,1424.420359341285,1446.0722549168042,1461.5777906520543,1470.0941572326933,1481.422945835063,1483.678296477418,1486.9867936933929,1486.3482050355035,1488.6147749168013,1494.4193838921558,1506.309026331159,1514.6927846532042,1522.10120453187,1522.1380385983232,1527.0140434579152,1529.1653243337873,1530.935002565102,1541.3571256624605,1540.3694093179847,1553.7214315914941,1554.6108485620457,1568.1845383066648,1572.5771183505278,1578.2413975290237,1582.0742067090996,1579.0417403964918,1573.0490449639165,1572.11612272,1581.308062487724,1594.2522459239804,1607.478183087612,1614.6473074269154,1624.6540074918737,1626.040131236316,1624.0011378609584,1619.7518019788333,1624.6709491015995,1632.530896917422,1637.0743284759635,1640.5422233659162,1638.9050269177203,1632.2594243945596,1630.82906323944,1628.0524999906645,1628.7849540682616,1629.3173580551993,1635.9038836061618,1644.1253234356386,1646.3422230134208,1651.0406703385245,1658.9776088713622,1666.2500411522633
3109,306,New Hanover County,county,NC,NC,"Wilmington, NC",37,129,898.035924720738,899.6759954412579,901.1975474493296,903.3007264733603,902.8933122398412,904.5275081826886,904.2322748951867,906.6030716536054,913.770747424739,915.0846606217127,919.238459882228,917.903699209111,927.0423504903303,929.7272409876764,933.5408635380621,931.2970445801271,936.117611827126,941.8891375398649,948.187704961234,949.3054861490498,947.8579228434245,955.9004590275241,959.2871188454936,966.5797112345879,966.350816214536,973.5629018430369,980.8784855435476,987.8206093961248,997.1614790850086,1000.0923602786847,1000.0585017135546,1003.6334398070837,1007.0683739531139,1007.630937181762,1008.9128468098676,1013.2725786967327,1014.8650938884712,1012.8324862803411,1023.354772975207,1035.570093654488,1048.7526565363025,1046.9423516005318,1053.8848934611697,1049.6070314410588,1065.6238898385113,1075.3015890228776,1096.928479633572,1100.3554134783476,1111.2477227654683,1120.7784850399821,1121.978411365559,1123.3125701024283,1121.1028658969694,1133.9944807569423,1141.2596033350053,1156.5415508838491,1155.3684797633848,1158.5708552377162,1152.2812161524798,1157.7788804984677,1159.7910448884104,1162.869079770044,1174.0404854583592,1187.2856917503696,1201.1609813699413,1204.067585989066,1206.552194867377,1202.7230213253713,1201.795451866116,1209.200112797906,1219.3214566394713,1234.4410806102399,1254.0114693219732,1271.8656360474897,1285.8334626190585,1287.2836758594244,1295.8147648544107,1311.2551293130937,1339.3722290321793,1369.0679571864819,1408.1271418394845,1433.1437591466088,1461.3559203923026,1476.3535925379667,1498.2706097100572,1513.2190088257478,1539.241675253263,1564.7576927948346,1593.4924558859545,1607.7447075086566,1624.2251962445662,1629.671997310435,1628.3860135350344,1618.6727000335256,1613.7483398411243,1621.0204539681256,1621.484231640121,1630.91378959206,1624.1778144921268,1628.04144339077,1620.9881758931797,1625.0322366652517,1618.1487247665502,1623.4430131514578,1627.7788478056275,1632.7105360448415,1628.850452023022,1619.6741721608919,1621.3898828835556,1616.6225148695387,1620.340592788948,1618.7357258294733,1621.6464602073831,1621.770761959702,1625.1793656641673,1625.5013556898946,1626.0997324630575,1628.4315083288268,1638.3883307830047,1644.859183132664,1641.5493106232702,1641.8103583179975,1640.476630876358,1644.2759715994753,1644.3845627850767,1644.612344898862,1645.4504717697855,1643.2208008264527,1644.6693865539194,1646.7676192732094,1646.5104531758966,1649.7066659706195,1656.6393369678572,1662.795987908034,1669.3576886798091,1673.0111837300576,1680.001901142542,1687.2619553634947,1695.4166648762414,1706.2446768444659
2141,309,Berkeley County,county,SC,SC,"Charleston-North Charleston, SC",45,015,1106.9801501022407,1112.4982863599698,1115.0746976321518,1107.2967911850747,1107.1247951019448,1108.8703567660511,1120.1902459540622,1125.732435525661,1131.4514074304589,1131.0553337245567,1137.4844075855183,1144.8141957520456,1144.457593143663,1148.3953715582586,1148.473130415395,1158.6809036395869,1161.3445163087908,1169.0159228565403,1170.0916238439422,1176.6382499675485,1179.929316048952,1189.3985893164274,1192.586536337219,1190.0088993215986,1194.4542278992533,1196.1525139052455,1206.305669661255,1209.9376980381485,1216.2470052229976,1222.123946440147,1232.698019758703,1239.238869153201,1239.3171654093437,1230.7664524375398,1232.0295545385125,1243.4486478929007,1247.5552292638772,1254.8978416233076,1249.2052100190876,1256.7943113232604,1259.0311471687373,1268.8670278295758,1272.9754207051137,1277.2418858865983,1274.7505463988289,1289.609097296163,1300.036525285575,1304.32224349654,1295.8240835851097,1299.06001055928,1308.7283862467896,1309.8597894852126,1315.7771534366966,1315.3091829298762,1318.598785526382,1323.2386970529628,1337.439609402293,1341.7666814265403,1346.3244866770958,1352.277223437575,1371.1279364136874,1380.3910420937284,1369.2485490029164,1359.5779934668576,1359.1755629136862,1367.5793837766525,1369.3805189628436,1377.946362541604,1375.526096663679,1385.2017983278686,1393.9187890052167,1394.5547142034766,1411.9446549277604,1423.2959479585386,1452.4961719579987,1465.3702978412707,1482.0707798025828,1506.5452598252173,1534.96496284338,1567.781518502104,1591.6835945298255,1607.1474976315783,1620.4882690328143,1639.8693567002229,1647.9498391663487,1657.2881341021443,1663.2079460244843,1683.8145267880884,1707.044986813666,1726.5488210274195,1746.357618647018,1750.8816227977443,1760.553561636563,1770.2726324151504,1786.1496958683188,1796.2374737381579,1795.0363216389137,1806.5938657234672,1823.1425564282968,1842.240698694997,1847.6312998758085,1847.8211595260027,1847.513431931644,1850.6529640175615,1853.6047930526713,1856.2800394379462,1856.1265777185106,1861.9085195618252,1885.1358539127812,1903.8456172791662,1906.9826042646152,1894.801237659069,1892.0956720604997,1893.5074231891049,1900.180492183596,1907.412569612169,1913.0195650223807,1920.853984527593,1921.329583545435,1923.6337293119877,1917.9069309040785,1914.7220826494581,1918.1068413321395,1923.173861701183,1920.0979923655898,1916.2520090371609,1920.373662474663,1924.264037375969,1926.1732515844622,1927.0526875473263,1933.8614351495762,1937.7454761560698,1942.417626768035,1945.3488717060816,1950.5277441725193,1961.261147282874,1977.0791571577627,1993.4732536625386,2002.1323993058868,2011.3365764288174
2159,311,Cabarrus County,county,NC,NC,"Charlotte-Concord-Gastonia, NC-SC",37,025,983.1762706010252,989.9481857672909,990.252064143578,998.6289327463019,1004.9747905917242,1009.3910639121109,1012.0528571112687,1013.6802523822809,1023.0112834339708,1024.7167884234545,1030.9450220200845,1038.4033465181815,1047.6976702565926,1052.2296209286148,1056.8890497038078,1059.5692560925613,1056.2885303663002,1055.785482342264,1057.6810513269581,1065.416391028004,1069.8060253161611,1078.362067777373,1082.0455617122536,1080.3163233451355,1078.2156029554826,1080.4536250538642,1093.5647033529972,1101.2639463477858,1111.4252187199438,1114.8489499369637,1121.8894789462895,1124.3255466298676,1123.9927500166177,1121.4955043617445,1126.1381164476193,1129.6297239074845,1138.228184716589,1139.3226390691973,1138.3107282346004,1140.0635291375163,1148.16231331778,1157.2418286815027,1162.2957726008929,1169.0677192559124,1170.6669180834724,1177.7707938156705,1172.7992568307957,1181.2849377558484,1188.444092761133,1201.759000451416,1206.3007987558917,1211.791600495453,1212.3379361727277,1215.1315453515351,1218.8318655150244,1222.2562035466094,1231.5760329871619,1236.9159992213463,1248.9314103632842,1251.8668117656055,1253.110678432884,1252.3796754935508,1261.7206785306512,1270.0330222829155,1279.864769628128,1280.890509637223,1288.7591393005262,1302.3091798517153,1315.6547079807674,1331.182637050566,1339.553658236328,1351.0932969414375,1353.2570155644928,1366.4706415782334,1370.216923656859,1389.6893200190425,1404.2964010048318,1429.0352031455077,1450.743447938545,1472.7835345050153,1497.3125219590993,1513.8026496824584,1531.5010188355952,1538.5096658735874,1557.1422938954352,1566.3324429438196,1582.782596321275,1589.3821402350602,1602.145916687491,1616.788598881567,1630.6898915016218,1640.222359845543,1640.6374694882813,1648.9622992918396,1657.4728677613448,1670.5526765806467,1673.4984353039033,1674.125452990528,1679.7318101150247,1684.60944740152,1690.0673631321724,1687.931863533727,1686.7565541123183,1686.7639939631856,1689.7693048149708,1692.9113066365487,1694.0583989630613,1695.5386741248524,1705.1272326987907,1721.2576892272214,1730.825078986714,1734.5842130544947,1736.008917275737,1738.5427933590065,1743.142509874048,1743.4835076723364,1741.918580681944,1730.565574967334,1734.2991831864522,1746.2928493841112,1765.338927003068,1766.8383461981116,1769.6914527251538,1770.4732840520917,1779.0510570521465,1780.6654055407494,1779.747223619307,1780.586962406849,1789.0674863399067,1803.4118329819541,1806.8728514368843,1803.089635584786,1791.6476815107073,1791.5254063611635,1792.5093070926205,1798.5381807258038,1799.5773894433858,1806.94422403066,1814.9792440774652,1823.4654095904095
2360,323,Johnston County,county,NC,NC,"Raleigh-Cary, NC",37,101,1032.3611358568235,1035.9614620407974,1029.2414146912308,1029.0616049667535,1038.9742535240994,1045.9745597500166,1049.2333298724336,1051.9616641353418,1055.7408271037846,1057.1500156176694,1062.5558597183754,1062.837566079194,1076.498498764596,1076.5411038668476,1076.6069390550322,1072.9115366831866,1077.1091203254794,1084.5855494003854,1083.3840325920455,1089.4466947932076,1095.5989990641597,1107.3434444826187,1108.7416480658544,1109.0835778167198,1095.9006791758109,1102.6052030795745,1110.7475652587548,1127.4883421165675,1130.8142454160993,1133.4244468027882,1139.7845670468025,1138.7592700794232,1144.7772336321236,1144.0928462073368,1145.9481117039434,1148.400902243881,1157.0606521657203,1161.5075920424938,1168.5315174815096,1178.7321641158662,1189.5021399510495,1180.479991919275,1180.9372047838822,1189.0333869689505,1202.0013878029868,1211.380847046142,1215.2925668910539,1219.5628777342451,1231.2102547424065,1236.980730889993,1239.5415142014358,1235.6486488784124,1236.2549389611988,1251.9531186947315,1260.3766242360855,1264.7814624992072,1261.4341355947977,1263.0037463701897,1269.2818714436398,1275.0949063282262,1274.1578068598146,1275.8240560326517,1277.7260040232784,1296.7873864745127,1302.5810768782474,1303.2116680029253,1307.3478378476614,1320.138751321705,1338.1977525446039,1352.3529379074844,1355.1172577834755,1363.9820676110567,1379.5312792494572,1396.0245938802618,1403.469851577488,1418.5202553439244,1436.7308887193597,1461.453440255201,1475.797224664139,1488.6831251282595,1500.9237636889984,1513.5991016315097,1530.6060094908685,1552.16194145899,1576.0425572284457,1593.2099929539856,1600.6560194906601,1595.8805408653873,1599.899060346176,1607.2266314877172,1622.6194818359181,1633.9851190803474,1647.2331132533984,1656.034018111857,1659.6064334150576,1654.4515012464472,1648.5049404804558,1646.581922371245,1661.8281894105844,1678.1112611908386,1690.1890656840749,1684.9120403748939,1683.5139740619811,1681.576909309683,1683.7729441037143,1685.203485353541,1692.7990075877105,1694.5937933702248,1701.4896518643263,1706.347105470794,1710.12793223602,1712.8001702206473,1713.1327821959942,1728.4265100460848,1734.978312939538,1745.1770867515174,1746.3670831056468,1750.5844579513366,1747.9812053234023,1755.4689740488084,1755.876419252169,1762.888740714963,1763.162569701745,1765.443711384486,1766.2571288125625,1762.6223306655168,1759.7097390369033,1759.134224759797,1761.7817521669176,1763.0830407402336,1767.0648227244226,1767.5718585792747,1770.8401966752285,1769.2306601371579,1769.7724846646472,1769.349694130238,1771.7512624974056,1773.6698869543509,1778.1946585947499,1779.3783399604297
2122,335,Anderson County,county,SC,SC,"Greenville-Anderson, SC",45,007,,,,,,,,,,,,,,,,,,746.0240987723133,741.0363357766414,751.291542387835,759.1870549441287,770.7474375070454,765.3062888386171,769.9555433735178,775.3412618882617,771.7872250084686,767.9903033989626,763.7337500862939,769.7014214945783,766.8708542357809,771.1075360390912,776.117533279301,783.3533702671193,782.2093351495953,781.0782536596312,792.9643452963684,790.2013654493344,797.6428309781088,791.7881689902099,806.9258198841336,809.8307539130786,819.42309669156,817.5862684704548,815.0087387472911,823.7606064214457,834.9185719509635,846.0555864028278,838.7999853745962,838.6755443968082,838.1016211710943,849.3157630484005,844.8548498051173,847.5568196564408,849.4199354146767,856.1894876886909,860.0419590656833,854.4217953757022,850.5113267045042,850.1731948863815,855.0929571877514,861.7865205338671,864.9460726835229,880.3602480050126,884.3947301281557,884.1825561423906,892.0600432890559,892.5168878508674,911.4734109583368,917.2008911837133,925.6749813628481,914.8092959532587,915.1397288649812,920.2719073390169,933.0656998054043,949.7448756373444,960.9057202435745,979.7351519428407,982.6973862800187,993.8657971433917,1000.6670287762225,1010.22110779252,1037.393941459068,1073.837739141639,1094.8889634361067,1100.199599258437,1096.5729285022528,1105.4179495189994,1108.3701292278465,1117.869076530003,1133.6000644218127,1151.978919359552,1153.302747673216,1153.9861826315168,1148.281876142407,1134.1765404554662,1139.8352493554032,1142.9823417228522,1163.6415990870114,1166.647177906217,1179.082585236311,1181.711433978757,1177.7801475259814,1176.4064510839264,1195.7945746282385,1225.9303196826365,1232.4178678850735,1239.6677148831125,1236.9312004446806,1248.4010331461,1244.1898453024273,1248.014695352717,1258.6921243934787,1266.8431707021664,1285.0810375222452,1282.482414527883,1280.0380316118285,1261.6880296220488,1267.5121598676217,1272.7701106669763,1287.6856888533964,1290.418829285043,1295.4549129395818,1292.3214457527733,1294.3234128476188,1303.643162057836,1304.1255434463842,1309.4134918443526,1304.9200066094097,1314.0741627732145,1317.3946695877307,1322.0330138238987,1320.2659393381794,1321.8412354763273,1325.8534293394446,1335.6968772304215,1336.436807310417,1334.876549175528,1336.4102410801866,1343.9414216201023,1355.005224660397
1285,338,Onslow County,county,NC,NC,"Jacksonville, NC",37,133,866.1712489617639,867.9051179913533,868.0517241448645,866.7965138151081,864.4342305256059,862.9970633584162,862.1491489253899,863.2467986082125,863.0364051699024,862.6724088070387,863.8642049364637,864.0075539847529,864.782508880271,863.8574297916501,862.5204426525462,862.5269203408452,861.953075104255,864.2507307716085,864.1770666699481,862.1575030886008,860.8299815989038,860.733673732601,861.0384178583232,860.8226093149335,861.3796200994834,863.3524964862416,867.1754464300204,869.2097703143044,870.7987504916795,871.5534295654988,873.6463360745606,876.1428380355586,878.48448070485,880.7095411393744,882.5668972695329,884.5112864731335,884.0552499872235,884.9865601931763,886.973521185355,888.5321679448406,891.2223568297499,895.3381712895012,900.5872819004651,906.7191625644595,911.0521402253205,920.725014177355,932.5130183131586,948.2318605591566,957.8426943804915,962.5861156024574,969.8615595721297,977.8706618947366,985.1091547114654,990.7203938622783,994.9138797212992,998.2148377706446,1002.5895054247968,1001.8955242585236,999.0114614709868,992.52556265334,991.3726694578905,992.2338531778043,999.9653588909755,999.7510876158595,1001.294940372953,1010.901566334149,1019.8654971925463,1029.613576440605,1037.2906868717048,1046.6917816720334,1060.199091280653,1067.591510266985,1072.1943695437358,1068.1886947709588,1081.7918329431438,1096.130467974063,1113.3642630555153,1123.1976042827512,1136.4343882595192,1151.085580235767,1166.733885341802,1187.9465130534447,1203.7129950590759,1228.544018149318,1251.218736959634,1282.252320888198,1297.3199864984201,1313.0099561084228,1326.2458526848795,1337.8944053331995,1354.3835402271154,1364.440739836906,1378.0348741334842,1370.6848197077775,1371.5353081900835,1368.416632214752,1375.6014407252069,1377.0674618910643,1382.295441009751,1385.856060350807,1391.939805046282,1401.1331101761416,1404.4649863684483,1407.9343728801946,1408.8610112059657,1418.8585303908005,1424.8698057025197,1430.829433569608,1431.395378725298,1437.417621879508,1436.8889105519186,1441.2283842357433,1439.7292751741863,1446.1331003040887,1447.2058988283723,1455.160813874465,1457.1067856030336,1461.1147547405835,1465.8639044091287,1472.4928406061429,1475.8610028358655,1479.7435660228189,1487.2474107077828,1495.5342958767992,1499.1899596933652,1500.7292524011468,1500.9865118493117,1504.849285842065,1511.5058059226858,1516.1576558352701,1520.7186316783425,1524.352283918781,1531.0878044909348,1535.6460562091406,1540.5041894107014,1542.8118399343803,1551.3213349793368,1557.079744923941,1567.8242642810171,1572.7262569362422
2138,356,Beaufort County,county,SC,SC,"Hilton Head Island-Bluffton, SC",45,013,1036.7044849035483,1040.6443684907565,1046.7701785078743,1055.444963319551,1064.7019589654642,1065.4019358035398,1066.4671335140044,1062.2629793041312,1072.1948235063878,1075.8139217438525,1085.9674942808342,1091.3961614572204,1087.7073718907377,1086.0652965717306,1083.5183809792795,1094.1689770186235,1100.59903645877,1116.3528096836856,1124.7404192293855,1133.7333998763002,1134.3432036840643,1139.6320944490747,1137.317401519661,1139.8555722237693,1147.8278682564294,1157.8521618732568,1166.2404605556512,1169.9241119126916,1174.3570330716188,1173.0357671740908,1170.9198971521384,1176.0736371341056,1183.851171263727,1195.1759728385807,1207.2600814459092,1216.125920695686,1223.9312943131272,1229.3526484999952,1232.5248753378005,1227.6278247386344,1229.783481297911,1236.337159899646,1245.551389829065,1244.6674806723072,1241.8939636737218,1245.0606525788396,1252.2183419082985,1259.1322118523738,1262.6182903078538,1264.541581575434,1270.4272733983244,1281.6671955582112,1287.620068463148,1290.8232287000658,1293.6650498207612,1300.4054074978053,1308.4360845457754,1308.844746214256,1306.9979391112702,1305.820510934168,1306.6841455437077,1309.038748064655,1308.6729140629857,1314.650282739925,1316.9532614826273,1326.6084918300753,1330.0517623575115,1346.1431440573288,1352.502037955627,1364.7244617464753,1369.655855356054,1392.0489545336798,1402.2817973047765,1411.7926509359936,1416.5299255277432,1428.8961392674062,1449.2721045140013,1489.4185931822446,1525.1366585599424,1563.7862892436017,1599.0889836524022,1648.205174355428,1692.2492237023769,1715.703776381794,1747.778648521164,1762.3776263400384,1800.4767210466496,1817.877277641018,1840.9172237684609,1841.896648909042,1860.7892128912995,1860.6830704135052,1888.9732515933476,1877.464140321378,1889.4304281400985,1876.0453423978793,1885.9909272221757,1901.2034397282598,1918.6949207782634,1934.4944158014757,1943.8970653013062,1941.7351347794925,1937.7695416406739,1953.2807383949016,1951.1628584133753,1956.6007375545682,1927.9250161265554,1946.9574141639262,1945.3658198889725,1973.7842373030005,1968.2870772096799,1977.2868563307752,1971.9320925655961,1980.1662164319616,1983.0810137905346,1981.230697850758,1980.4005212704546,1982.9216424346153,1997.7125795019354,1996.4417139208388,2000.295319218858,1978.0972987953191,1972.011341126942,1957.9700065694274,1975.69082495059,1987.1868258194663,1997.4937219820454,1988.631140867461,1992.1655176888826,1996.20299398605,2001.7342743119648,2001.7746019911654,2002.4838107320097,2007.5266581867616,2015.3618583521563,2023.1272141758714,2014.124612951597,2006.2060369810495,2001.3153673546649,2009.4357576695602
1789,361,Iredell County,county,NC,NC,"Charlotte-Concord-Gastonia, NC-SC",37,097,972.3867979344595,985.7981094846741,987.7324276554743,991.5145752190177,991.3349146419193,993.093023916441,993.7079203529203,1002.7044239109749,1012.1868722443402,1011.49517688259,1019.0639597191371,1022.922467529801,1024.591119950522,1028.233602276453,1029.111606981537,1036.5893005130915,1032.4990979613708,1031.0093570136269,1038.1420776062362,1039.410207177821,1040.3879600952107,1044.5622328199495,1047.2898767520442,1046.4338030524639,1051.5384780658521,1055.7073479385458,1068.0362552305305,1066.0649620982567,1068.41450674491,1073.4678378779909,1076.3309791053177,1079.9636536420737,1079.8166306207977,1080.6087991837871,1088.467635955252,1095.018080518394,1096.917906227721,1088.8361764895508,1088.445480334571,1092.2874611104883,1106.4418972425087,1110.312052833149,1118.920715428453,1125.2500023456382,1126.855124617184,1136.5587019904322,1130.8623650644743,1136.399252597892,1139.0468655263746,1150.930358536213,1154.0344073165973,1159.7071731420715,1157.8512646354582,1162.3349215759683,1162.6520879801546,1165.5497757971796,1174.2889592526847,1176.1310370342194,1186.596274278147,1190.144630279556,1197.2056716471325,1202.4262974611952,1205.473866736375,1206.3539080924488,1207.0476407418512,1210.9082440983443,1225.8642155008154,1242.1257595105606,1256.812669151418,1268.8402197836726,1279.5621105883647,1296.4960127648733,1315.4283046993214,1327.2700648408936,1341.0584013325451,1359.5834254401934,1380.0478220615646,1402.686007157662,1413.11308803143,1421.3975958492108,1435.462447710337,1452.8450350121711,1474.4788721176171,1481.58145007388,1493.6934013179618,1501.0984710840792,1512.9419381180255,1518.8955138933243,1530.2212206606482,1537.5543673603818,1552.7838136319929,1562.2460751878125,1562.5040096167586,1567.7831320457194,1568.2320521863642,1583.0783270620439,1585.6379044496084,1592.1932140464228,1594.6023990346698,1595.7286906928666,1600.277367237515,1602.9607089132212,1603.9604803209484,1606.535082432231,1610.7047231896386,1615.3702056348857,1615.0220442555737,1615.0154983841367,1613.9579593821206,1618.9874559346129,1622.8105601391017,1629.1566282370272,1630.0230017424485,1629.9542146275162,1636.7551078706122,1643.8936369777718,1651.01548395823,1648.1792614727376,1641.5515579326952,1637.0994558086568,1641.1450700177022,1648.5829015711533,1659.6860533920594,1667.684930852132,1672.4754996543393,1672.391762315575,1668.445638435738,1663.2303336666698,1663.010152048273,1668.7081460170186,1680.3377293319675,1687.6288809759537,1691.0620354222997,1688.0712416746928,1683.5103788167623,1680.5951547697346,1682.0254002657575,1688.182955609476,1694.1503343449863,1700.8521238069452
283,387,Pitt County,county,NC,NC,"Greenville, NC",37,147,784.1504098671603,783.8999355306269,790.9387308640091,787.2593597341975,789.0335680648021,795.956205592081,798.9768814664365,796.9627255883252,792.1552168429429,793.5402548093655,799.5644991234428,805.0344659493688,806.2097809842925,804.7500492554432,804.5553998154003,811.0058589874805,815.9826261225163,816.9481550334978,818.9900852281842,820.8280906927984,825.4534759589889,828.1859933890447,826.2645594868599,828.0660954261976,830.0039336848588,835.2424343115434,835.2311332689516,833.8288770584585,835.868965696853,839.4042119539148,845.8111596719375,850.3606445609151,851.0632461877228,848.8412880088738,854.1371556485623,857.9447550661866,865.9412270219158,868.2358875347768,873.462003079727,882.8547875454943,888.5294653096319,885.9189901345744,882.8020232820487,886.3276082875672,895.3983891813087,908.3950279402918,903.5362031497363,903.1332603806876,901.8548832847785,911.8731541705909,915.7082225012529,916.0357052811735,917.8056183240998,926.1081592869041,933.3413920688099,936.6555819851291,937.045715199538,936.1324746184293,946.1847909322536,952.9267148990908,958.5317398376548,957.5453966948737,963.2271911932351,972.5855947936225,974.9663321702519,972.0418776183086,976.0531717063758,978.3594363353097,988.4188502146276,993.2440536733109,998.305229147748,1007.2833746395106,1011.9906541848914,1022.675019491732,1023.8508642281886,1035.4955303519864,1046.470394907886,1068.9440506220458,1070.7374731503671,1083.7714933755672,1093.4686589541452,1112.1155888300018,1114.65452325651,1115.355051716847,1129.88313373962,1149.2033006636768,1169.9945914390385,1185.5113778101236,1196.7009857118007,1205.6467756941213,1218.8820586254635,1230.455949251626,1236.5536575086262,1238.43385526033,1250.5553955826342,1260.9098937438291,1272.7833528834874,1275.0139003200518,1287.0256427348231,1285.9344044883883,1298.5978248420365,1300.5064147514086,1311.69975733519,1310.6233283103156,1315.8480991807658,1314.9214409502333,1322.216782296886,1331.1502406931113,1339.8097070353965,1343.671522834443,1343.7322303448136,1347.1887101405532,1347.5108685430607,1353.5589675496558,1362.6414192705415,1375.8592850865937,1378.3167249465148,1383.633736925054,1389.2994944456555,1389.643978649524,1382.468316301351,1374.7153208732561,1381.0328500294238,1386.6286898365172,1392.8412882412601,1396.6611957488321,1400.4269794075092,1405.421941053574,1412.0543213460478,1419.617051247056,1420.528193859026,1424.692437654324,1433.5747206024464,1446.8447502730164,1448.3701398217252,1451.2312750168596,1451.9443820443446,1453.650310349664,1451.2617000012178,1448.120814628636
2117,390,Alamance County,county,NC,NC,"Burlington, NC",37,001,,,,,,,,,,,,656.8528757180968,660.2555310471251,675.8448697671271,676.6228245913925,689.3123740387342,676.6064196668138,676.3787227804271,670.2367250832599,674.358845597235,681.0442253786669,687.3513029882972,690.2536522819046,688.0065408433718,690.012589043799,694.7579325217558,703.7016714134958,702.0980726816512,709.6017250766765,707.4301864990668,713.6835914965682,711.1247090954067,710.5759332074014,717.4445901640727,731.1864898361771,741.7556747368872,746.1521243204079,741.7188093885006,741.8295993632096,746.3871698281047,751.260489892489,765.6827860937523,769.9964222522192,773.3222756438026,772.6570989088893,772.1593938505584,774.7063778588523,777.959114586396,787.7071038229045,796.6191552394953,802.2363946732096,807.023547345996,811.7763483243627,811.4077465121469,815.6536898725826,823.007070308324,831.6916772009841,836.4852568867901,835.6259971075043,836.7672790757238,834.7613477461667,836.7596343062362,841.130050818729,851.4474858102133,857.5094986784422,867.111109838705,860.6611204498491,863.6433597901683,869.5155648464007,885.5639505670005,901.0277872572958,915.3841109750374,933.7061798771905,933.8285056661276,937.9155460615099,943.8247236658152,959.0705286349936,965.7599837424958,979.668544451964,992.6663136078628,1003.1218065977396,1011.8164533658224,1019.1726991050293,1040.982361731897,1055.4617392361117,1085.1906882758938,1093.3247594956629,1101.2187272085866,1102.3614804544588,1117.7135242730058,1138.2235731994626,1144.5355885423735,1147.4660312774154,1154.292877243873,1165.888221535406,1171.6998670412518,1167.5247666282,1161.4878428915683,1164.1453083695853,1168.791560158227,1178.5526588208425,1182.2923394296506,1186.4247069681119,1191.5710239509117,1201.6980753736932,1200.7483758060546,1200.3318373561,1194.893603546076,1204.0348456934705,1214.2039541775644,1231.886652673203,1242.5560620511735,1254.1164172212784,1248.8490017301792,1245.0634978669052,1250.537788356081,1267.6789620190473,1276.107025815897,1277.525884609845,1271.6131107062395,1272.1078942499867,1275.409706085932,1280.987318613274,1286.1464769097815,1282.71922470398,1288.310759543819,1289.7583915251273,1291.9267444384686,1282.608928427917,1284.5842293057694,1290.327074574904,1304.6065513741553,1308.8381282527434,1310.0579368892513,1304.4959821056516,1302.3798287075558,1305.5535672418205,1310.8219376084776,1318.4981595588984,1321.347625541174
365,397,Aiken County,county,SC,SC,"Augusta-Richmond County, GA-SC",45,003,748.0750085345251,756.5059376447973,769.1781169670439,777.9780945368103,794.1626313819833,796.7353311085417,799.9597478122193,795.1989113933637,788.9052752948326,790.4561687082434,800.4970990300815,808.2313368654042,805.0157477292547,803.6902262582896,805.2068564645965,801.8944018344914,795.3581169562573,795.6966980218702,813.5758110535131,822.1519738976976,830.0808334520269,819.7183895376716,816.2111422592087,816.0479215924258,827.9263561868238,839.8617254702225,837.3320106215305,838.3876831889378,833.259876899578,840.3713755375964,833.5700000004024,842.6938892392412,844.3191820689933,859.6167784670037,869.6683806139927,874.6749353888266,871.7330270335277,862.6390518397628,864.70294203113,865.5496462716718,874.8423837845608,872.6020402033062,879.3539176572908,875.8895898128217,883.2755353611878,882.1374581469526,884.9442564733735,886.9336543315849,895.2123705541289,904.9462990847007,913.0195653744836,921.3953794134031,926.5094780654665,933.5708948071521,936.7870738548596,942.3753385541722,943.5338998871739,948.2973434358797,951.1054024143118,956.6147924959698,958.7360016113818,962.7958194320784,985.2771763567822,985.1199051934208,1005.6464464537537,1002.6091060073587,1018.2761880122351,1030.007972206087,1040.4045523088446,1047.3033682765983,1048.1407257608237,1058.4218312002215,1069.5797512983509,1081.8482985054297,1081.4512755444152,1094.4454121658844,1093.6119821983718,1112.6239115420667,1118.2313259197877,1133.8570361440572,1142.0966381216804,1166.9159703330592,1186.0871714867453,1195.6074186398541,1196.2048939657889,1216.814546618527,1236.224146024523,1250.1956495669465,1250.9882173522567,1259.9602904447847,1271.3902819454672,1286.8880548644129,1291.17077421757,1285.237560337609,1291.2327559333517,1309.6507299498332,1330.6051840943596,1336.4944459689227,1333.8189423298018,1336.2939924997831,1345.9266230187525,1356.1580045419635,1365.8190408179967,1365.8597453973741,1371.8861565607815,1373.5578785309062,1372.0482696826782,1370.1749249207332,1376.314784528879,1378.9407169990081,1383.9147683738818,1385.1941533479728,1401.339214358726,1409.4760149402985,1413.9894389450112,1417.4248740917171,1430.0280242816834,1443.6690732465413,1460.2165415585337,1456.0977516832545,1456.215092019117,1456.9351614515774,1472.4526194136006,1491.6118977898955,1494.2104715072874,1495.0091784863519,1491.2248766217303,1496.997710045752,1496.8660987210653,1499.3967396822427,1498.516256491268,1511.0828376326674,1515.6816870299408,1523.8039450824158,1520.4180503506125,1515.012058202835,1513.222999821688,1516.4047228525953,1524.4963285402528,1527.5182035582493
2242,398,Davidson County,county,NC,NC,"Winston-Salem, NC",37,057,,,,,,,,,,,,,,,,,,,,,,,,,,,,,,,,,,,,,,,,,,,,,,,,,,,,,,,,,,,,,,,,,,,,,,953.6013846134726,952.7096364162031,956.1859568332571,965.041434500162,976.3271603042407,977.7657069262023,987.0203555358684,1003.9516813435472,1029.2586932790791,1040.7373842051945,1048.5014072115814,1042.4678364536062,1048.083060003229,1064.6125357723088,1084.1287637955986,1102.5527059215358,1112.496253458122,1125.9752083951591,1125.666956767943,1133.4879501009614,1134.103026779817,1145.0108794779817,1159.2753870053148,1166.945839728859,1164.5475002487156,1167.3076165159134,1166.4345648742083,1172.871181772748,1178.508189418776,1193.7356650789704,1207.102315543609,1215.8963423725913,1222.2017893175303,1229.5931847640534,1229.7595518495948,1242.7046623741267,1254.4178011380236,1253.838938553408,1247.1155875260936,1243.1877852229654,1263.8027848138236,1267.535764755444,1271.612346638557,1269.151163798684,1282.7345450506161,1293.5031987850737,1300.239629220889,1296.9942257693715,1308.4617737500482,1320.25922546025,1344.0073746799653,1339.3728239507286,1324.0406074297616,1321.7604805463825,1330.6700572452216,1349.8104569929894,1349.064719850077,1343.0045003430846,1339.4865734846253,1345.841807347584,1343.1678064402747,1344.7777937342044,1341.0631704442005,1356.0569541199657,1367.387970677431,1375.2986202413367,1375.3086210919944,1371.7867385408026,1376.6631948662487,1386.8525212053569,1399.0289246133236
2923,413,Dorchester County,county,SC,SC,"Charleston-North Charleston, SC",45,035,966.8667997641794,975.460433144547,980.1881895053588,978.7044010479136,973.4167702324202,976.9025054534501,978.4325024585131,989.1309120662813,995.5937561150618,1007.6184654098947,1006.2625792798543,1008.9826980704511,1011.035398438053,1016.2760582942393,1014.1678138791426,1013.0212755663592,1022.2513220930399,1033.2922497754723,1044.3221037409808,1044.335299987962,1043.2144140348407,1039.1043501509823,1046.6727377416144,1049.8356113946697,1058.1474590970272,1060.6156601778443,1070.8178460751244,1079.1368900724976,1082.337145515872,1083.373213392508,1081.3732251247766,1084.482656816332,1085.6519980980922,1092.4197478769047,1100.362788021587,1108.255889003731,1106.6629196598706,1107.2042058851139,1111.0567015985116,1120.2090101981219,1119.2439215306454,1117.4467632892477,1121.334364943757,1131.2184488838664,1140.1796172165898,1144.5998716058164,1141.0302150500427,1142.6041186843934,1149.3555914377787,1155.6802883906412,1157.5655033233616,1156.3646920552799,1163.4449136264088,1171.63600959297,1176.9113415768136,1176.9507655297487,1179.0882888128542,1182.4352625101842,1189.2977670824932,1193.0987639982488,1196.611095719666,1200.6029338056298,1207.5472352419588,1210.308932261073,1207.7295653462643,1205.9437294210961,1207.487852307481,1213.8081353173816,1218.1526689113825,1220.3897077460235,1221.7745489053716,1229.1036453508682,1238.2852104963927,1252.67576377003,1260.8224939894508,1277.0487707216705,1290.9789806821452,1313.1662660630982,1332.9888180215444,1356.9500501913474,1371.5834401876925,1396.2014804022813,1408.263900042011,1424.491672472629,1426.863955056872,1437.6325271645085,1450.6288937923202,1462.362261363281,1475.4280824731932,1488.57863222714,1499.28309342402,1507.8011136902542,1523.0773679688452,1531.8881713149335,1548.8889253371426,1549.6603593974846,1560.2941974869505,1560.9572930582347,1576.2531191940357,1589.4437931073119,1601.6326246472768,1602.4452205452492,1605.244329743897,1616.0665052257332,1623.0650995100102,1628.9272909945755,1626.1000797465072,1639.2521591154134,1642.37741658134,1653.460311195133,1648.2146805420095,1644.1456261855915,1639.3511370036256,1649.5386883556498,1663.085634323109,1667.4789708166727,1663.9052228626822,1663.9956718122128,1665.2169973707976,1660.6819523533843,1656.0980857254801,1653.3983360980933,1661.1516761453443,1672.6577039619674,1681.0660480779843,1679.44191690072,1675.0283959615992,1669.3247665749063,1675.4722442838458,1680.4769253972106,1687.5429108518426,1694.7086144446846,1705.2771487888149,1712.6155295778713,1716.8142775681574,1718.4218835202178,1723.4602148172792,1731.893627714606,1741.2203592333522,1755.2267435345793
1604,420,Catawba County,county,NC,NC,"Hickory-Lenoir-Morganton, NC",37,035,,,,,,,,,,,,,,,,,,,,,,,,,,,,,,,,,,,,,,,,,,,,,,,,,,,,,,,,,,,,,,,,,,,,,,,,,,,,,,,,,,1347.1579128929736,1348.6580189969104,1356.5321768782192,1374.2875855735233,1405.4990839625234,1408.6195081067578,1409.0428357649268,1423.8587174140212,1451.2989401343225,1482.5163875891203,1486.1725721463724,1486.0991370149236,1490.2051006859635,1490.374752894191,1489.6557365061371,1499.333002312443,1512.6925066852596,1523.5180774180722,1502.7998786180394,1507.68237019374,1499.5397141318967,1511.4060983166748,1502.9936105551171,1503.6013579104595,1502.852121126947,1507.5445209573547,1513.639318197105,1524.3662878954744,1515.9142821992432,1521.6155355763356,1545.2774091278627,1546.116860578377,1544.4137302318197,1519.4210063044443,1532.9680138536733,1536.296879064726,1538.7169023820584,1548.2603645389663,1557.650949852689,1562.9437567968926,1570.4655771520274,1575.3438145835357,1576.5950967791719,1582.8395621410639,1588.030024095583,1596.09397403059,1604.6850102448736,1611.2721970973025,1619.359667135095,1620.1565474644576,1620.5136590920672,1619.2377033294065,1624.8884101602976,1627.194623707452,1630.1067961305428,1634.8304208368518,1643.6636728882565,1657.519372542433,1656.645029239766
1289,452,Orange County,county,NC,NC,"Durham-Chapel Hill, NC",37,135,933.0433455910123,971.3270499015496,967.1337292160841,956.196848275334,962.2112872027936,961.2549955866625,965.6341870939234,,971.0997486344631,980.1352532713073,991.067736377305,1007.9329791488823,1005.2613933714939,1002.3273765090288,996.1154404150261,996.2027188822884,991.3747279409072,997.5333802253452,1005.1315887556375,1001.7151319382266,1010.989042529422,1016.0319309927472,1029.671546506186,1024.9320619869789,1025.3737478309333,1023.3956337789774,1019.7376987574087,1026.7876989290028,1035.3627377240175,1041.6880147643656,1046.3899241861716,1053.6253083121787,1060.207602765252,1061.8649101868245,1059.4098103737122,1071.671577510643,1069.755215523237,1069.7244820562612,1064.57384124762,1076.0255564443084,1082.897741816006,1089.4797286202493,1089.7918208991919,1080.4493001720064,1079.1966597257222,1097.4193268078948,1131.618049465913,1127.7666046110244,1126.5341907868872,1116.7239279672187,1134.1927079216182,1132.2687897772287,1134.1534730419203,1135.7768390104834,1143.1266293367025,1159.702671892573,1168.6989787495318,1165.7366223746537,1151.097251740605,1163.7733609143847,1181.847443462994,1207.3022372556802,1192.4254059813927,1187.222071651555,1190.3061061139306,1185.444126203445,1191.6158177789343,1178.7290318696287,1176.2046718020779,1191.2571215210262,1213.9576726311152,1241.6050452921286,1254.3064488332998,1262.5502095911663,1238.451817550618,1247.0447628388847,1251.5039478080853,1283.0963136666337,1295.7149602507714,1324.4703951560673,1349.4255686850236,1363.1196046694229,1360.5874214037888,1371.917367174856,1386.4658659522186,1404.431759653415,1428.2733916301916,1445.753829898197,1472.0771204197797,1482.419871126846,1499.2468032839843,1508.7617193836793,1507.5889526038704,1500.791994850274,1508.9550460202697,1506.295048945305,1505.7592288871913,1503.1151867002743,1517.8614196157575,1529.3833385821551,1528.4336508853792,1528.719710364126,1532.4173110772942,1536.191994421514,1530.1870324911108,1532.117686486611,1528.2457533965596,1540.0372422994667,1535.2502179096089,1549.1603556597838,1545.31857608458,1552.8810248466898,1553.3047595909852,1558.8964736310413,1564.8768278707341,1558.7563792998137,1561.5813740110334,1557.485219255234,1569.7410785495335,1572.7398002425437,1589.2444968614523,1585.8629554871889,1601.5289283795157,1599.1369277110298,1603.6896005868625,1604.400196939128,1603.2319844773099,1605.0833653302034,1613.3429757007455,1624.1051243473696,1621.967009782864,1620.6025138869966,1615.8128291353023,1617.1118577369114,1608.4126077244941,1608.780744155095,1609.2803352479825,1610.199062589337,1610.887781651733,1614.782398625095
701,453,Rowan County,county,NC,NC,"Charlotte-Concord-Gastonia, NC-SC",37,159,,,,,,,,,,,,,,,,,,,,,,,,,,,,,,,,,,,,,,,,,,,,,,,,,,,,,,,,,,,,,,,,,,898.7252332425173,926.8433947914854,937.183998777097,,964.8870768954014,954.5320285320679,956.737147209794,,964.1617879370423,979.6624272617986,1018.0895518086933,1045.2931952117124,1072.928280599905,1070.5057974376732,1071.6331415947213,1074.9084886031103,1088.383722106689,1117.094184579001,1123.6102281878611,1140.9117410926006,1142.3315210686424,1149.351284965056,1143.6405000251725,1159.0423996263155,1165.4242700625475,1194.5069169271137,1207.5169567889172,1211.7677187429838,1203.853446924509,1212.0646880115498,1240.035951749001,1252.5202633617275,1267.3460541282336,1261.5030574542432,1275.9922978720404,1266.1872785504995,1275.7581636077498,1265.2641099239509,1280.4271740426527,1284.3869301486736,1302.5336284997254,1306.1800856630223,1305.3358325492202,1305.5998995920284,1305.8177950830834,1321.848084103605,1332.5442241665176,1337.7029315086425,1341.833435798739,1344.5321042661844,1342.3531680599094,1345.4311713695924,1340.7104744831815,1352.728206472543,1348.658060396893,1359.8539405727122,1362.684170564203,1378.516509769432,1374.0874344125546,1378.4356112431421,1378.2561712588827,1380.3375355540684,1381.5331490018937,1386.2833483933375,1391.769909115529,1387.2470677087729,1393.6789095834197,1390.5010768198601,1393.7095398739123,1383.1052057642764,1386.8357577683305,1390.6666386700256,1394.4789243344476,1400.1841041072012,1403.8785996612085
2495,460,Randolph County,county,NC,NC,"Greensboro-High Point, NC",37,151,,,,,,,,,,,,,,,,,,,,,,,,,,,,,,,,,,,,,,,,,,,,,,,,,,,,,,,,,,,,,,,,,,,,,,,,,,,,,,,,,,,,,,,,,,,,,,,,949.9657883946013,947.1086800569244,949.9418968692189,942.3359481260937,957.7366545537029,965.9323132387293,992.3629486256212,999.6102930386218,1009.3279028955858,1013.7049497729146,1017.0170160017069,1025.3738215522799,1029.4109689047643,1045.343839120981,1039.437227126417,1054.9779673289593,1057.594847453073,1074.4386109493023,1064.9509861052925,1072.875713951158,1069.3417988066924,1084.2095185378355,1083.2185752992636,1083.505630659687,1079.101398754437,1081.0623703152269,1088.0056435407098,1089.4069264440013,1088.851808132705,1092.2596101626384,1093.2071300828868,1096.7913332902215,1096.2034261869046,1091.8451964941164,1098.0546485020234,1101.1905794233592,1112.3782481201627,1113.894065256243,1121.5628851546987,1124.2707257300408,1130.3517746524067,1127.9834362115962,1136.325847773324,1138.916125309373,1149.751879699248
2266,475,Florence County,county,SC,SC,"Florence, SC",45,041,,,,,,,,,,,,,,,,,,,,,,,,,,,,,,,,,,,,,,,,,,,,,,,,,,,,,,,,,,,,,,,,,,,,,,,1084.0149691823603,1098.199054916533,1106.157802678443,1123.0956383236708,1134.062164215777,1141.021648572617,1138.5564832140851,1139.7689281232465,1153.3932612067129,1172.2802881515483,1184.6390670864155,1190.2738855706996,1199.1357319608658,1210.134446108497,1219.937728896267,1219.1330035565147,1226.151375497098,1242.590377128436,1247.552083203186,1265.1417685346228,1267.4851576642009,1294.0827385487514,1318.6278020879004,1345.733951232578,1343.8256276803406,1337.8252275396728,1331.591187370921,1347.30323725061,1356.4389550524256,1363.6674357023392,1369.4414692069101,1372.0815505457942,1375.741641571214,1366.7811908981457,1357.6423595679798,1350.5545008533873,1374.0462957832517,1382.63510068621,1396.0366897700833,1381.8251243779157,1388.6342544911936,1397.4551178435897,1427.4657402393639,1444.5030481429524,1452.505269864393,1435.1830450745508,1440.6581760865706,1448.4007231876524,1466.3958150755245,1462.5910314793634,1456.3665780511171,1472.0238146083077,1481.8818689907591,1494.1345963125266,1495.843428971893,1485.4401533045059,1478.8254832416526,1499.9885370864276,1507.3547208186123,1511.1657805646203,1496.7185119272349,1507.161773934664,1516.5298266622115,1518.0288912653832,1514.1941917275863,1507.4137540767913,1498.3660635885853,1505.0110533529921,1513.056573620069,1513.5224703611802
2640,485,Brunswick County,county,NC,NC,"Myrtle Beach-Conway-North Myrtle Beach, SC-NC",37,019,925.1139136735311,928.726978205784,928.9573717158449,929.07531018679,933.2796582562196,933.7629526043958,932.4653744199687,943.0553368732884,943.3454953625716,946.2532584233309,945.9319414173843,947.0002663662899,961.912971929174,964.2619656156079,973.3404064630514,974.816207529188,976.1249324248076,977.0483904602438,978.8340417714202,979.9448935453576,988.290876928352,1003.723614617546,1006.1926579662914,1009.0871113761284,999.0887548625984,1002.723945227426,1002.648459500663,1002.7730045616313,1008.4989637337017,1012.3427157445827,1015.2767038514513,1017.8793418862268,1025.3081819212243,1038.3412902446125,1045.2902953756584,1047.1692641347147,1053.1538496215896,1058.2413389223432,1049.6388312997287,1059.4134788006577,1070.9146321132716,1090.0952277481167,1092.995830038576,1093.712584243927,1090.29041681699,1093.9098978473971,1108.7875851031984,1116.2564227558628,1119.4903776435194,1121.9714144985937,1140.0364130145174,1145.326162792283,1146.5206945427558,1143.1964628784954,1153.675140536003,1166.352132169083,1179.1312994001253,1182.2234131720652,1183.062099582467,1193.0392668517993,1207.0944353119178,1220.1192605048768,1204.1791110472077,1215.4280676892386,1222.6250594879089,1220.8514488544272,1217.896032369131,1214.3617329878775,1219.6865577531419,1221.3676490594396,1251.4319652271504,1269.9795041481204,1284.9250560978007,1309.6606746424993,1318.3889272532501,1332.4356354511044,1325.0564657108862,1350.3487092193636,1389.9224235144861,1439.4937243575125,1471.8406890190054,1497.2761759514044,1482.8655802983828,1492.188678191444,1511.1468882729748,1540.2993890131713,1573.3093142188602,1584.8312629260124,1614.1075191695131,1611.2817850342708,1596.4279693166482,1582.0612541184091,1588.97500947743,1615.1491454973266,1639.564086837492,1648.64397103498,1647.3788837592901,1637.973224566703,1633.6597000219986,1640.3899758404727,1651.766863210156,1665.3622348225078,1679.2154243798116,1678.0207616118412,1680.4900018339777,1667.761733568072,1673.4772008203997,1674.7134653130884,1671.211755114973,1665.075656961675,1668.6114036168362,1682.6396131396407,1690.4911616179013,1701.513018057297,1717.277444260478,1735.8303937150765,1732.3039419402776,1714.601979206167,1711.69004469966,1700.3560212981772,1704.7018714197507,1698.456120078509,1695.2048287586358,1691.456773782293,1685.4512066428665,1676.367548299036,1667.9008870719815,1666.6844495382325,1671.47989305807,1689.7514626335624,1690.2173796406596,1700.9462985543942,1703.6857023378905,1716.828396473758,1722.1348700464616,1721.5348969451188,1724.6901998321448,1730.021178725359,1733.7783605884306,1734.2442229132369
1762,486,Harnett County,county,NC,NC,"Fayetteville, NC",37,085,,,,,,,,,,,,,,,,,,,,,,,,,,,,,,,,,,,,,,,,,,,,,,,,,,,,,,,,,,,,,,,,,,,,,,,,,,,,1388.6618402671868,1407.8184556219107,1439.2059333372465,1462.8075087380207,1472.7538090876615,1475.3916872650116,1488.2439712381333,1506.7959970417437,,1548.9190219155657,1570.3619080314809,1579.2820703418072,1602.8029698114397,1617.154544788894,1633.6723074148988,1636.606784068013,1646.7530887245475,1648.7626964412595,1652.1908836865484,1658.48423477727,1662.9980770696027,1671.717478956513,1690.3547415809546,1713.495084705694,1718.109011947655,1717.718532999148,1708.9502645996363,1707.2677184328197,1709.1871360349462,1729.499886653388,1751.1426337100572,1766.5757037629417,1754.6968275868041,1775.607750168977,1760.1860804881508,1768.7064590759096,1768.7867914935061,1783.3442770840488,1784.5052376507074,1790.155761327875,1806.1460628411053,1819.4786661346805,1821.5901755549346,1816.2686861204363,1821.5923839800012,1818.990158159767,1823.601705593332,1823.2160552654443,1822.6165110396978,1825.9827188307327,1829.6167879743712,1840.0174535140345,1844.6577429671943,1836.8704122620643,1836.4325777143877,1843.6847346875047,1855.9427670938023,1858.0426092609994,1869.835053074926,1873.1685481218676,1884.1211452770604,1886.0505000207713,1896.0549714538656,1897.5519506995206,1897.6157407407409
1972,499,Pickens County,county,SC,SC,"Greenville-Anderson, SC",45,077,,,,,,,,,,,,,,,,,,,,,,,,,,,,,,,,,,,880.1815225266695,890.4319351456256,883.0100308056744,868.5012106788942,864.6088720435123,881.5362703534968,874.579542809515,883.8410942524241,875.6599403247982,909.1933645293645,918.647293049381,914.1945091954884,901.7738951427732,905.302576910721,922.7769526296494,933.9367063179043,953.9062282296942,956.7631909198144,967.496342365383,957.8759990786837,958.1526759177692,936.9014578413966,939.3478577128125,950.1225881826335,956.6550570110056,956.2056168202515,951.176782096152,957.8481436797913,980.3236612304787,988.7903185033524,989.3684855260883,1001.1382629761856,987.9578629391402,991.4445549543486,993.7869506932651,1022.7473196625474,1034.9156432078746,1042.9748902715776,1041.865224532557,1042.2730973759853,1042.7996630930481,1055.1482610169244,1068.286219151928,1076.4593917759141,1094.8831192639611,1123.7679007090724,1143.2591986990928,1161.8134630740751,1173.4077648042053,1194.3384544565506,1197.0366265549972,1202.9261963963588,1216.9254757758456,1226.445181973985,1237.297879567904,1248.460482889659,1259.2811777974405,1252.0114877658393,1254.0329487269787,1231.6243404157694,1238.2901634795264,1229.8529672571115,1257.6412608048547,1284.2802439861061,1299.7838797725794,1306.8224709813412,1304.8113596397297,1314.8005003310177,1331.478980961025,1345.5969048693253,1357.447501313686,1366.5707709522917,1363.8441809157293,1360.902487289397,1356.949618165694,1349.9607341633841,1358.7041057272754,1360.5395514801467,1384.521783254377,1389.81899426168,1397.6663959596974,1386.6019224272957,1391.5381518004465,1394.090613131546,1420.2332356119246,1429.3895883522557,1432.7227146275281,1429.303080023995,1428.1478615559772,1436.8274701725495,1430.7275622146076,1435.049963333983,1442.189623480189,1448.4866252401005,1450.7887024962674,1461.5095444856706,1453.0133501597925,1460.7128274065483,1465.617214020383,1477.306184165323,1481.548288619861,1483.6837323499415,1488.0164893927517,1491.122330160705,1489.4764907490935,1498.8624600037645
2001,531,Robeson County,county,NC,NC,"Lumberton, NC",37,155,,,,,,,,,,,,,,,,,,,,,,,,,,,,,,,,,,,,,,,,,,,,,,,,,,,,,,,,,,,,,,,,,,,,,,,,,,,,,,,,,,,,,,,,,,,,,,,,,,,,,,,,,,,,,,,,,,,1039.5782758853013,,1038.6385763828487,1062.9723818643124,1071.4195360190708,,1062.788767689112,1072.4038510447133,1092.5534316404942,1085.9752727645678,1118.1938289402126,1133.1198614597618,1143.020433789008,,1125.259669947072,1114.7826895873336,1113.1231286413974,1133.185227838224,1125.3062573336683,1124.360990783807,1119.3114505279868,1137.2825160601303,1132.5731953387583,1132.0205186163366,1142.7051109327217,1168.3333333333333
794,535,Wayne County,county,NC,NC,"Goldsboro, NC",37,191,,,,,,,,,,,,,,,,,,,,,,,,,,,,,,,,,,,,,,,,,,,,,,,,,,,,,,,,,,,,,,,,,,,,,,,,,,,,,,,,,,,,,,,,,,,,,,,,,1259.81844289222,1262.8091684657306,1263.2942037827697,1270.7201124899746,1266.2077016023866,1279.3129373063941,1282.0922064019903,1294.3292777489626,1299.7331891362394,1299.6865521149446,1307.6393508057477,1317.8605832476894,1328.3208540356893,1332.9150099359456,1326.8373230691204,1337.164013164609,1346.1630740771238,1348.087492000137,1346.1099421333645,1355.625582089191,1366.8634660120638,1372.68964958039,1372.3703930951265,1377.333014248022,1387.9092062431387,1415.7507515376346,1414.892468441447,1413.2551206672515,1408.5562363505055,1413.35351042417,1420.1127863530485,1428.9556827424315,1428.5712997198716,1438.3861402412974,1447.3128158543384,1448.757953372458,1443.4287826486363,1432.2031001097434,1449.0717546823548,1457.4197239302657,1469.9484901512865,1475.6710257427542,1483.536654768933,1483.2023172905526
2719,545,Henderson County,county,NC,NC,"Asheville, NC",37,089,,,,,,,,,,,,,,,,,,,,,,,,,,,,,,,,,,,,,,,,,,,,,,,,,,,,,,,,,,,,,,,,,,,,,,,,,,,,,,1345.5668425843287,1381.6875928940576,1396.751310318417,1395.0420457329133,1421.940890662985,1435.7283781894907,1469.8538939058135,1465.5208726295305,1491.8712573057296,1517.9253591691174,1575.0853656841261,1595.0331232953474,1595.9414352858446,1589.127118493553,1580.018147331038,1590.9893236031608,1585.5508028313807,1600.708083989429,1604.4218086897135,1611.4480089322356,1611.428414775862,1612.561212179428,1649.5090246443488,1674.3829897992869,1693.7924885279288,1673.650377978347,1665.8886586734884,1690.635678597645,1716.6040403553172,1733.9225175733866,1726.0032330608917,1738.1535138844458,1739.1911917444118,1757.154689672353,1738.9650160355495,1742.8682824996558,1750.534643444875,1770.4890415614025,1792.068742514701,1784.4361255140534,1782.4095290909315,1793.3214278668029,1793.9452395798448,1792.711510445388,1795.8530160686746,1793.6447565027552,1787.261507489539,1771.1762544855917,1765.3121392826934,1778.4773661515044,1796.5105997714466,1800.7571933281927,1802.6142774212246,1794.6458944275034,1807.741923444652,1812.7091899250263,1819.6472485350985,1822.0285837333124,1836.10657887323,1850.9342318011782,1857.4643257798402,1851.1191135921272,1837.5393762183237
1411,582,Sumter County,county,SC,SC,"Sumter, SC",45,085,,,,858.738188859402,856.1430690902246,844.497744318717,829.9678586762151,820.6809164242094,822.7670049839459,827.9818005878157,838.3868863248492,850.7260114064544,859.5458227219904,862.6825072261615,860.3458848393859,859.7208254737374,862.0767899360164,863.1423867829363,864.9213313617138,868.4040680363487,872.4511505363074,870.1380433064187,868.9756094458409,867.3696024228589,874.8369397114026,875.9892254478287,878.5562266880773,879.7670340755176,884.5187741472786,891.2237798322803,886.8739073364296,888.7102206909844,890.1832454059894,898.8293247200662,900.4646297854449,901.3455999317015,900.5988847142632,899.369669219805,908.4976954987424,915.6840325626295,922.4680957754694,920.2541898523174,926.0861029643307,935.2213221625686,939.4951789675475,942.8576514728957,938.9744340188512,940.4901387473411,943.0738326387986,949.2549704857829,947.2498316773508,947.5084207203174,946.3484621519128,951.4741447893507,956.1385028397176,954.1803732657127,956.270704905897,956.8999647653494,966.5386528912908,972.5061471299708,976.8520812751188,980.294571522208,981.8270110207151,989.6100127716427,995.3995431665282,1001.659141505266,1006.8934700287855,1010.3806122449048,1012.6688596956652,1024.6967505967275,1035.9254549783248,1049.674182857742,1050.929120790219,1053.4860960780534,1049.837214342067,1059.3373772940977,1063.5269373294586,1079.0914920193652,1090.8447355075975,1100.4340586093329,1111.5340203514036,1127.676331506638,1133.252332501626,1135.6763278298233,1153.7916788003602,1172.039329451668,1201.4492647654802,1199.6319681417763,1213.0389001397061,1214.000237540158,1214.4834579735298,1225.040793378747,1234.9668767916269,1234.6447604731125,1244.515315422917,1255.6865083951038,1265.3269610423333,1269.8216534615212,1268.0179501639277,1286.0540016491873,1299.519335709242,1304.913468236283,1321.7345561896432,1319.5597135841615,1325.4814142307853,1329.185161544949,1337.4499771169944,1345.0935205216888,1349.020754993083,1352.7511992400398,1358.7854062412925,1363.1444457943815,1364.7226407532537,1379.461650739693,1380.6805144361826,1396.1019337563619,1402.3694578465722,1423.8371282347832,1416.646321376522,1416.059472406254,1414.0448399698078,1419.976216878112,1432.8911731429573,1430.5868077021973,1437.837112823458,1439.4054552209495,1441.2109304797568,1441.4698417165478,1445.3600504075034,1440.7343030518887,1453.7460006779086,1461.9018465922609,1472.768246099851,1478.6569608594912,1478.929121192596,1488.5980567053255,1492.9749772943712,1497.5251241446601,1506.5853156687592,1513.8217171717172
962,602,Craven County,county,NC,NC,"New Bern, NC",37,049,,,,,,,,,,,,,,,,,,,,,,,,,,,,,,,,,,,,,,,,,,,,,,,,,,,,,,,,,,,,,,,,,,,,,,,,,,,,,1113.796748860975,1109.8688020407244,1116.2524666284203,1128.0505118101964,1148.7038509466634,1168.510024699594,1169.9924260327894,1180.9783719038235,1191.8734733584708,1209.0181291118147,1219.7797436329033,1228.3268891582088,1259.4208698177827,1285.5072186367343,1319.4528459114715,1342.6354998870006,1351.0913457310942,1344.7524034305434,1342.5989196330545,1346.0764917553647,1357.250299188838,1345.973868152608,1338.6204864707408,1339.464962647766,1350.6028891714002,1361.6162348934652,1361.4143121672862,1359.0970082407846,1359.9608828249754,1360.889506016907,1375.9884768133134,1368.6522078369258,1377.9463926432047,1391.6786996575006,1413.9120919692286,1418.5213000842093,1412.898440962678,1416.418977768427,1416.0696264976318,1423.9004911540326,1424.1496726536345,1438.8717799643475,1440.9722981692087,1467.3279150648607,1464.1220849243477,1474.309457829705,1477.0952930023652,1492.8214847273016,1495.601369591742,1494.8289300006018,1500.2374021636172,1504.2305915837817,1515.7422859301982,1518.8794354511106,1524.3291159282778,1520.4335271026619,1529.5248358497083,1530.4724234079672,1532.4652868581231,1531.6955474107467,1543.1617984610702,1552.9677447714673,1562.2448882052752,1569.242075931731
2667,612,Cleveland County,county,NC,NC,"Shelby, NC",37,045,,,,,,,,,,,,,,,,,,,,,,,,,,,,,,,,,,,,,,,,,,,,,,,,,,,,,,,,,,,,,,,,,,,,,,,,,,,,,,,,,,,,,,,,,,,,,,,,,,1053.4084569076522,1070.6496751059574,1081.454820708755,1089.5726213200587,1083.2574417771723,1081.7055697256285,1080.2952506576628,1081.0513252550943,1079.9155819554346,1090.1696593820961,1111.2682676411812,1119.742994900556,1109.867198406344,1105.0192243582055,1108.7671652527424,1118.86919477577,1117.5420010479647,1121.945367585135,1126.300682429987,1123.7724629864092,1116.3335025553813,1114.1425174973035,1117.437951512595,1124.5113485798217,1126.7734794372047,1128.5224844539787,1130.6605755228936,1119.8543707685787,1118.49663908319,1118.4182379916408,1132.809429546762,1137.2595840826853,1145.6772437916256,1143.4785169053773,1141.527669661747,1137.1184507795983,1145.9584043846178,1149.3960304231616,1149.7752981410247,1157.1295985681106,1164.8716525357338,1168.6436023869878,1160.3581603581604
649,615,Moore County,county,NC,NC,"Pinehurst-Southern Pines, NC",37,125,,,,1205.9536675750176,1193.9713419926672,1201.231579231516,1205.269332198348,1211.024981309444,1219.1195508377878,1214.158771134162,1228.0631236022953,1218.39253465746,1224.269240345075,1205.9795778569217,1211.4161560968678,1204.6483571429292,1210.7782919036192,1210.1406875353514,1210.4127619172625,1226.8234303187867,1233.0855092762715,1238.0002953769751,1221.5587975853375,1226.826351675963,1217.3558450997673,1227.4144112332133,1207.1092568988986,1210.560953502821,1216.569160673562,1227.157969225381,1236.7713265246666,1230.318260152909,1232.3506021256105,1228.3571383002795,1231.7918374823098,1244.358345973337,1253.9139041270334,1260.340718719865,1264.3714733816414,1263.2940169696276,1265.2350537405343,1266.2662632168176,1269.4321522818982,1276.5466918106708,1274.873438137379,1269.5822913600505,1271.7250480702314,1278.0973113760788,1277.9064791328149,1281.8419873818495,1294.0704053792376,1301.2210608277392,1302.8273039714015,1303.8332411242427,1303.8281896806259,1305.6128189390097,1312.4330152964874,1326.0110501343913,1334.2913794618783,1330.8864631260035,1337.0049557830037,1338.0427011714046,1354.8876821078786,1344.6254909722234,1347.5702125392163,1353.7764898609412,1380.1753160350765,1388.9779850545979,1384.0765131639596,1390.9802246574284,1406.4682671197656,1423.9903374312985,1447.8485949580486,1464.1890435615665,1456.0120496886557,1458.5126750128886,1479.8233598787187,1526.1606308466007,1546.4939555871665,1566.1159338895163,1607.2378730515768,1631.8754193638736,1630.7055848890304,1645.10308060389,1640.168031013796,1658.6571020669112,1671.9200584996518,1710.4210605086328,1738.3828275329008,1737.3204558539112,1745.6626346709206,1744.5551307153514,1745.6594364290168,1736.8639316515726,1760.349027769479,1761.4893524356096,1780.5128145397575,1788.329268104907,1817.3966794140977,1831.4490684898726,1823.3999441855121,1825.3966702081477,1815.0536142648973,1836.6366466372438,1837.9986981932027,1863.637228408273,1859.710499681395,1872.0017009776454,1874.004115593142,1884.414494977498,1882.555489031197,1880.7881964748967,1877.473738115597,1876.6769662903203,1882.2833225266868,1891.3016064917583,1889.437948173327,1884.9144822641838,1871.455217917448,1877.7862034843095,1882.086353517418,1887.2848251602697,1900.0239743319858,1895.5753911024601,1907.0108388241954,1894.465103744338,1903.0826240085673,1890.743656585462,1897.395265058464,1896.6410440349835,1910.669020659485,1906.0769598401555,1904.7904284219971,1900.4999650763464,1892.0891404254057,1899.0465976847702,1899.5392092594868,1915.759754150567,1915.1296637754176,1922.7492178812365
2777,637,Lancaster County,county,SC,SC,"Charlotte-Concord-Gastonia, NC-SC",45,057,,,,,,,,,,,,,,,,,,,,,,,,,,,,,,,,,,,,,,,,,,,,,,,,,,,,,,,,,,,,,,,,,,,,,,,1356.8116180544318,1371.1687112056413,1378.8593182601405,1375.818091979636,1366.367654639143,1370.7638861710864,1384.259245242247,1406.6907714861727,1440.5790309719057,1483.4357268398358,1529.8963674659299,1558.9730519124387,1547.3682048086498,1526.7594293123882,1537.884782128443,1571.3082521826143,1606.014452173024,1640.1715667296512,1659.547182037536,1684.1097863489326,1677.9225167202308,1659.9138603392653,,1643.310341611863,1670.5883347935787,1680.307833389722,1689.4657286966365,1683.6305662289747,1682.7130460476149,1660.79061736059,1655.6309180786182,1648.7075943090701,1657.6142546335604,1653.8488303308427,1629.4078282423814,1631.4588142055363,1644.2765456586012,1658.2863815961493,1653.9500042059203,1651.6694812963208,1659.8071245932751,1680.5215515725395,1677.7410188697295,1683.4824853238417,1671.6210955899812,1678.9063085399334,1692.7740942463022,1694.284323514536,1679.781549532254,1677.512066419964,1682.1088922426504,1681.4198951940643,1669.432929777122,1669.2067527374159,1680.0438711446159,1680.7624644332363,1684.704796969241,1683.1309733811734,1689.3228733768035,1692.9189692427553,1697.8510445869988,1696.9401451116435,1699.247274298631,1707.2672697596215,1718.4790997347247,1719.4482861147349,1720.934759075553,1727.026319892465,1737.279023407833,1746.0784867306604
256,639,Nash County,county,NC,NC,"Rocky Mount, NC",37,127,,,,,,,,,,,,,,,,,,,,,,,,,,,,,,,,,,,,,,,,,,,,,,,,,,,,,,,,,,,,,,,,,,,,,,,,,,,,,,,,,,,,,,1075.180142087177,1085.58394773805,1107.5953234636613,1109.111620886864,1121.5515983164933,1135.6155686651502,1158.8852010621206,1159.94149505599,,1197.4303756682286,1233.6661493345366,1228.5294081616232,1232.1526335594388,1226.3974231016218,1244.3888371338105,1256.5823111446032,1254.8546356964735,1246.6543930078642,1245.6294849395197,1249.7887068119874,1256.9236666490933,1265.3842115735129,1246.4317500425398,1261.4400007292502,1272.1939446746765,1311.0444594906203,1291.3018391786989,1295.3878944597611,1288.8454861216226,1313.6447449580596,1308.8881390580425,1318.7644728357034,1321.7152853131881,1312.1589900819442,1333.2915402690637,1343.7059731385682,1375.1896311321723,1366.874254939277,1384.9716423872098,1395.614744550865,1405.9846017462246,1385.678329068772,1380.6170383274875,1381.423491971263,1381.8218492943229,1392.525909561413,1388.0802093470315,1383.750302068257,1363.6585096585727,1361.7736989020996,1363.4714095762804,1361.130124357178,1366.8854636829574,1380.936249407285,1396.496336996337
3012,659,Rockingham County,county,NC,NC,"Greensboro-High Point, NC",37,157,,,,,,,,,,,,,,,,,,,,,,,,,,,,,,,,,,,,,,,,,,,,,,,,,,,,,,,,,,,,,,,,,,,,,,,,,,,,,,,,,,,,,,,,,,,,,,,,,,,,,,,,,,,,,,,,,990.2211433989024,988.5224375630736,992.4994554121989,990.908175735575,983.2791610502175,996.6899619953701,1009.6966074530714,1016.8810867853119,1026.5226949042803,1023.1379730911135,1036.442071574057,1038.833450011971,1045.1723763041239,1034.8658148173724,1047.5955429002152,1052.846503463914,1054.487660242165,1064.6483731491662,1068.6167818925032,1072.7133588778743,1063.7487057490007,1080.9523385703392,1084.5271604927148,1096.7207424483706,1092.8258225762474,1115.0891669772693,1114.826765156179,1122.6666666666667
416,669,Burke County,county,NC,NC,"Hickory-Lenoir-Morganton, NC",37,023,,,,,,,,,,,,,,,,,,,,,,,,,,,,,,,,,,,,,,,,,,,,,,,,,,,,,,,,,,,,,,,,,,,,,,,,,,,,,,,,,,,,,,,,,,,,,,,,,,,,,,,,,,,,,,,,,,,,,,,,,,,,,,,,,,,,1243.187509796457,1276.888372454809,,1321.6995954136166,1325.0842750539912,1310.4244207336228,1334.5377317364073,1340.9959616620224,1386.9444444444443
1875,681,Lincoln County,county,NC,NC,"Charlotte-Concord-Gastonia, NC-SC",37,109,,,,,,,,,,,,,,,,,,,,,,,,,,,,,,,,,,,,,,,,,,,,,,,,,,,,,,,,,,,,,,,,,,,,,,,,,,,,,,,,,,,,,,1350.635756366918,1371.7698706343244,1381.473441519216,1408.2773207645243,1420.1423891909371,1438.5279048341195,1448.674038974303,1443.5188221523413,1434.0050740595796,1439.964789771285,1464.9735242623685,1492.1794010304436,1487.202361508376,1472.9938536773336,1475.4235554768852,1476.4969767118594,1489.8314816093007,1494.1070661983363,1495.8928115145682,1510.1068646820322,1518.8183328297505,1532.3961784527153,1520.9671546257819,1523.3769912103655,1524.3787006100079,1538.9501087014476,1546.3307732673886,1553.3707873629162,1558.2238859455663,1547.7025504482058,1563.182697701511,1560.2878141631702,1581.6998544672156,1590.3005254202114,1602.4193371572107,1602.4009034115838,1607.7147276278429,1618.834906795402,1624.1785274019633,1633.7805836322038,1628.5154898994151,1630.685133434447,1610.758897805997,1614.6468666040116,1604.3356644779883,1599.1542730216183,1599.5994035161539,1602.0432494981646,1607.8090795078156,1604.6320275700064,1606.5906156134922,1605.46964597548,1614.867125337573,1628.5476468570093,1647.7875000000001
2991,685,Orangeburg County,county,SC,SC,"Orangeburg, SC",45,075,,,,,,,,,,,,,,,,,,,,,,,,,,,,,,,,,,,,,,,,,,,,,,,,,,,,,,,,,,,,,,,,,,,,,,,,,,,,,,,,,,,,,,,,,,,,,,,,,,,,,,,,,,,,1089.7978695576874,1109.4897185362156,1105.3763203429355,1124.0059903422684,1139.1970603199181,1144.1996307238524,1143.9803689695316,1147.9610993803726,1154.7733742568662,1174.1889002541698,1168.5000678180695,1162.912484845974,1191.983051161591,1205.3260983596695,1225.6162953746646,1222.6355373215897,1242.5370504306914,1246.5425644465745,1248.5494000661254,1237.0344950501662,1241.9109008474475,1253.3237204040922,1270.1670627436124,1278.9264617499457,1272.7620500110809,1274.380197773304,1271.9594610716467,1279.667844050384,1266.8345662230513,1269.6489460314933,1271.406468085369,1284.1199143872984,1296.6555555555558
2163,710,Caldwell County,county,NC,NC,"Hickory-Lenoir-Morganton, NC",37,027,,,,,,,,,,,,,,,,,,,,,,,,,,,,,,,,,,,,,,,,,,,,,,,,,,,,,,,,,,,,,,,,,,,,,,,,,,,,,,,,,,,,,,,,,,,,,,,,,,,,,,,,,,,,,,,,,,,,,,,,,,,,,,,,,,,,,,,,,1236.0442012840415,,1214.952465158094,1230.9722222222224
1495,724,Wilson County,county,NC,NC,"Wilson, NC",37,195,,,,,,,,,,,,,,,,,,,,,,,,,,,,,,,,,,,,,,,,,,,,,,,,,,,,,,,,,,,,,,,,,,,,,,,,,,,,,,,,,,,,,,,,,,,,,,,,,,,,,1244.5277037622293,1258.7948206855613,1266.5160097914957,1283.8857093724598,1284.742030295304,1295.1553747817634,1303.832811792631,,1317.1034225294768,1319.2092535687825,1352.0454014655381,1364.2832010197044,,1362.6816968326925,1394.1156468309885,1380.9462971503044,1381.964975778125,1366.6998835654956,1378.5747128236462,1364.5515091145262,1359.3536408958366,1365.9938646544133,1377.8658163174896,1384.855334015987,1382.9812593480863,1382.8293369754485,1385.7164516204273,1397.4760168257576,1407.1983331316276,1420.4555358843436,1418.888626892851,1439.0227668719979,1453.4627288328165,1454.2753475888992,1438.1405276685473,1438.7083359899802,1444.6544974995861,1458.9033244580182,1450.5849781949876,1454.466931216931
1276,728,Oconee County,county,SC,SC,"Seneca, SC",45,073,,,,,,,,,,,,,,,,,,,,,,,,,,,,,,,,,,,,,,,,,,,,,,,,,,,,,,,,,,,,,,,,,,,,,,,,,,,,,,,,,,,,,,,,,,,,,,,,,,,1231.8277285035817,1261.0218974140932,1273.6259410156877,1292.5755991351477,1268.4038143989999,1271.7917252258528,1261.8728326239839,1276.2542520788188,1282.1182366204582,1296.0030231316155,1297.3635113820733,1322.3289892612806,1328.0783704727196,1341.5586238034593,1329.0527108719953,1337.3365073001921,1344.170330828712,1342.5076254742783,1343.8772424904519,1354.4017556689687,1341.7832241065742,1346.4034672301436,1353.4903520496605,1359.7589074127768,1369.8581299497514,1367.3536006954296,1400.9437575553175,1409.8708700889297,1408.5082449574127,1403.2055655517233,1412.9291020812595,1415.5950797771704,1441.1812707156212,1448.0349756965497,1447.4359870007295,1437.856736191498,1434.188821765438,1432.828595340986,1420.0872006443028,1415.0365055073714,1426.6724310566278,1437.6727272727273
1609,746,Chatham County,county,NC,NC,"Durham-Chapel Hill, NC",37,037,,,,,,,,,,,,,,,,,,,,,,,,,,,,,,,,,,,,,,,,,,,,,,,,,,,,,,,,,,,,,,,,,,,,,,,,,,,,,,,,,,,,,,1568.547569059922,1577.244074950936,1594.8320424968103,1614.0452577743254,1637.4225893565217,1623.194949309972,1636.4295696132458,1627.9821240235888,1617.8694935944852,1609.3496789983644,1617.74289979334,1644.284071383067,1670.9993987581229,1692.7833648523058,1704.451987976574,1714.2551275515673,1724.5871188657256,1751.3707622614725,1759.616515103364,1768.0374360712797,1773.7380372357898,1772.5357549882797,1764.7429103775921,1762.7523539684723,1763.3069040752512,1758.8702636730693,1737.4222193197302,1742.1724446968244,1741.107860924223,1759.8080546805281,1764.5280179238048,1756.2634398407397,1763.9793007811832,1786.3868170594428,1832.675542255581,1819.4648711851387,1815.286456719837,1801.01018130886,1826.3292008257542,1810.093292100209,1801.5872470478487,1804.4363319519634,1807.9632029296852,1821.6736744633615,1823.969711631876,1817.8232835465003,1792.9544116379452,1806.6543006925726,1813.675792638695,1831.5180593308223,1829.645081397896,1846.909414976598,1861.3472015314721,1855.3155689913378,1858.896103896104
2710,783,Greenwood County,county,SC,SC,"Greenwood, SC",45,047,,,,,,,,,,,,,,,,,,,,,,,,,,,,,,,,,,,,,,,,,,,,,,,,,,,,,,,,,,,,,,,,,,,,,,,,,,,,,,,,,,,,,,,,,,,,,,,,,,,,,,,,,,,,,,979.4458739487646,981.3531329780282,997.5951751527572,973.6757350314923,991.3041634827497,975.4782438329179,1010.4740709795126,1008.211028485276,1016.4969176953573,1012.2335262836078,1013.755627888611,1031.719240600935,1042.5323209350208,1050.1592318603452,1061.62038582487,1065.0884993728089,1067.143102722596,1068.7364501959312,1071.8464924682287,1064.6827759703929,1070.5473719831361,1081.6668321511272,1091.7889938165508,1098.581334573122,1096.7920130582443,1103.6544419138274,1100.1836029102494,1122.479067419252,1136.8267035854626,1152.7325861077024,1147.2142857142856
2179,795,Carteret County,county,NC,NC,"Morehead City, NC",37,031,,,,,,,,,,,,,,,,,,,,,,,,,,,,,,,,,,,,,,,,,,,,,,,,,,,,,,,,,,,,,,,,,,,,,,,,,,,,,,,,,,1354.2445043114185,1369.1770835802668,1350.334227530435,1318.1982642079886,1343.2411159392302,1367.2514919599746,1399.572389313523,1401.7288225539219,1398.314570252845,1409.7859862608002,1422.2096230844954,1446.3978107690125,1448.7062240231037,1440.5793431997204,1472.3898312613394,1492.0420375710567,1529.0276978113016,1508.2539863438321,1527.1485866061046,1532.611734000221,1551.27725576407,1547.8495476658716,1547.3237634969037,1548.9041770775173,1557.015762385019,1589.1884148867503,1593.7968788155138,1615.4535037563603,1593.1852400587532,1618.5666702873073,1602.2922628561753,1626.5688221771295,1632.46848788848,1660.9022841470949,1659.2919909641296,1649.9997985217697,1639.495875911408,1631.5063558490351,1651.6375061393892,1677.934993382803,1688.7219652288054,1690.1778488810794,1693.707662854333,1697.9450575115065,1697.911760930958,1705.1888945794433,1705.3110624678038,1722.6308718926964,1741.56016160801,1749.609622327341,1741.325024476486,1722.8191823546981,1732.5353179397703,1738.2234792165134,1754.392883336208,1753.590204287879,1762.3830232123964,1758.112894610989,1773.4346978557505
2285,799,Franklin County,county,NC,NC,"Raleigh-Cary, NC",37,069,,,,,,,,,,,,,,,,,,,,,,,,,,,,,,,,,,,,,,,,,,,,,,,,,,,,,,,,,,,,,,,,,,,,,,,,,,,,,,,,,,,,,,,,,,1434.7100093379868,1450.2893723813672,1458.6376135823127,1469.0200028022387,1477.2361468241638,1491.701023130237,1502.5159608201056,1507.39627616974,1516.9239186533082,1511.344093860455,1512.6996647683106,1513.0394024421205,1525.8502450274282,1528.316566432878,1541.5611988474539,1528.5763063898064,1539.4413856550193,1536.1872850163395,1566.6472973916154,1574.5124621820491,1592.8327679328647,1599.1478123592954,1610.2182678817528,1599.6683403823333,1579.0510291284343,1586.5675427912645,1600.13258210459,1614.2439350440686,1607.3216435323693,1586.9520236142275,1595.6056579736094,1593.1453735756425,1617.173574621563,1628.7549600546874,1621.954507810592,1638.9567264969123,1643.8343599108225,1662.0910036997673,1658.116579880796,1665.775424246946,1677.617498334204,1707.1868634581558,1698.232108488199,1709.6481869162,1694.0172899073593,1697.3087523059116,1712.4743653506011,1719.1396294836607,1736.8706095942225,1732.0062543082795,1739.4629629629628
1852,808,Laurens County,county,SC,SC,"Greenville-Anderson, SC",45,059,,,,,,,,,,,,,,,,,,,,,,,,,,,,,,,,,,,,,,,,,,,,,,,,,,,,,,,,,,,,,,,,,,,,,,,,,,,,,,,,,,,,,,,,,,,,,,,,,,911.1419813616709,923.8956325406872,902.1366478734295,881.5370956604507,894.7268267756173,911.70023265008,927.5337354664741,933.6241873289242,934.6273042704235,938.2752953550495,944.5074166922956,,961.9268647344559,960.9280836504147,942.0938607698664,953.5566319575531,969.252800720471,978.9537541916179,982.7611041393686,966.7518583095781,959.1054145793449,968.5509120462242,992.871808882285,981.0531942601418,971.415173888684,987.2906622913782,1024.4060048507438,1044.075910038031,1034.8300731822462,1016.1046209125029,1020.2336700131004,1036.253388486867,1053.2286520688222,1056.6134795909954,1046.223381375506,1052.477068851298,1066.0622983122707,1061.6434421475035,1055.4497686277755,1047.8471303510396,1054.1749787770625,1069.4323895832774,1069.5833333333333
1838,837,Kershaw County,county,SC,SC,"Columbia, SC",45,055,,,,,,,,,,,,,,,,,,,,,,,,,,,,,,,,,,,,,,,,,,,,,,,,,,,,,,,,,,,,,,,,,,,,,,,,,,,,,,,,,,,,,,,,,,,,,,,,,,,,,,,,,,,,,,,,,,,,,,,,1725.8228597097989,1748.9471687260886,1752.9197514660266,1777.3100666877078,1771.2994735974282,1777.588946907014,1793.1966062821436,1799.4250972924808,1784.6689718238333,1778.719229927916,1763.955212834611,1786.183264697698,1789.3056649092143,1780.731250206459,1773.934584680607,1782.5158047723974,1785.5703836362093,1801.6585094296652,1793.2969112850005,1806.6238100326245,1812.0
3015,844,Rutherford County,county,NC,NC,"Forest City, NC",37,161,,,,,,,,,,,,,,,,,,,,,,,,,,,,,,,,,,,,,,,,,,,,,,,,,,,,,,,,,,,,,,,,,,,,,,,,,,,,,,,,,,,,,,,,,,,,,,,,,,,,,,,,,,,,,,,,,,,,,,,,,,,,,,,,,,,,,,1300.551390875225,1302.6380447240863,1313.1798278547487,1303.973755058595,1343.1875968863892,1366.6638151940147,1393.3333333333333
2917,851,Darlington County,county,SC,SC,"Florence, SC",45,031,,,,,,,,,,,,,,,,,,,,,,,,,,,,,,,,,,,,,,,,,,,,,,,,,,,,,,,,,,,,,,,,,,,,,,,,,,,,,,,,,,,,,,,,,,,,,,,,,,,,,,,,,,,,,,,,,,,,,,,,,,,,,,,,,,,,,,,1230.1235992616878,1233.835405623901,1218.5788304923121,1232.506781314281,1236.038447772226,1247.0370370370372
2928,855,Georgetown County,county,SC,SC,"Georgetown, SC",45,043,,,,,,,,,,,,,,,,,,,,,,,,,,,,,,,,,,,,,,,,,,,,,,,,,,,,,,,,,,,,,,,,,,,,,,,,,,,,,,,,,,,,,,,,,,,,,,,,,,,,,,,,,,,,,,,,1591.6414316399623,1614.2508543994536,1587.264626178635,1612.8472901025218,1590.2800237961471,1614.1573296944732,1614.5727699766762,1643.1350481694624,1631.3857603741158,1605.078751727202,1612.1407394334756,1622.8310638319608,1638.1930606157853,1622.688085637324,1642.267064007488,1656.9543827707403,1689.9413450690715,1683.52978390801,1684.4547751311106,1660.1634769082848,1670.2017111273283,1701.1107467905895,1717.6337268294408,1726.7520054667511,1744.4917172080945,1754.5596662057344,1765.438277150366,1754.8644092762527,1760.277777777778
86,857,Lee County,county,NC,NC,"Sanford, NC",37,105,,,,,,,,,,,,,,,,,,,,,,,,,,,,,,,,,,,,,,,,,,,,,,,,,,,,,,,,,,,,,,,,,,,,,,,,,,,,,,,,,,,,,,,,,,,,,,,,,,,,,,1603.6148533177434,1566.252456003828,1583.3756123710887,1583.8418324832405,1620.3736647967607,1615.3539224954072,1641.080439778306,1634.8284312574126,1660.761034760314,1665.305029099997,1666.9799409006814,1670.7730986107465,1671.0726528085718,1705.219786490487,1698.1241632515373,1700.4914051068088,1685.6680179902887,1700.4802443980673,1694.7357622186935,1695.4269008489105,1684.9215941934651,1684.3982578766802,1682.5225227933438,1686.895600968467,1693.910752116284,1715.155998543451,1722.3718900835727,1741.7496333122963,1749.0688949018104,1756.1532781322678,1765.0135890670963,1772.2437709949097,1769.768133498377,1770.800423417897,1771.3410399164118,1768.7281422785768,1764.9195799480947,1743.8806250111304,1740.662433862434
1397,863,Stanly County,county,NC,NC,"Albemarle, NC",37,167,,,,,,,,,,,,,,,,,,,,,,,,,,,,,,,,,,,,,,,,,,,,,,,,,,,,,,,,,,,,,,,,,,,,,,,,,,,,,,,,,,,,,,,,,,,,,,,,,,,,,,,,,,,,,,,,,,,,,,,,1286.7312709171208,1291.609389894394,1290.6806317691075,1299.484872843561,1315.5371810428082,1327.5654444029276,1324.6940088294393,1331.4581755629667,1336.5191910956987,1344.086993174167,1338.8542783991913,1340.1277576566972,1336.3003311256282,1345.2876854139015,1357.9693263130207,1362.582169820941,1362.5059890007567,1356.7308636229932,1367.5389615448973,1378.4590805132752,1393.3809523809523
1769,868,Haywood County,county,NC,NC,"Asheville, NC",37,087,,,,,,,,,,,,,,,,,,,,,,,,,,,,,,,,,,,,,,,,,,,,,,,,,,,,,,,,,,,,,,,,,,,,,,,,,,,,,,,,,,,,,,,,,,,,,,,,,,,,,,,,,,,,,1376.6596458300633,1377.7452375703338,1407.2754308956041,1403.1494500910221,1416.176818710636,1404.024376718107,1427.1141168592326,1434.761417420534,1436.733301716646,1456.542444895496,1443.480612678407,1466.6400175163924,1486.1093540774252,1492.3525805754384,1501.3547922990376,1469.491437093671,1488.9649916577318,1494.1349892678259,1514.6055417339278,1497.9144009156562,1506.3875035135898,1508.8855766815548,1524.2431485858647,1528.2795199722361,1510.376735196846,1519.7773746976263,1515.807814769649,1556.2430510241784,1555.1235388606106,1575.2191061453077,1572.8616127127736,1605.0727513227514
2708,875,Granville County,county,NC,NC,"Durham-Chapel Hill, NC",37,077,,,,,,,,,,,,,,,,,,,,,,,,,,,,,,,,,,,,,,,,,,,,,,,,,,,,,,,,,,,,,,,,,,,,,,,,,,,,,,,,,,,,,,,,,,,,,,,,,,,,,,,,,,,,,,,,,,,,,,,,,,,,,,,,,,,,,1725.3148013965397,1723.1374383411926,1732.0029007279634,1744.548068680529,1750.8943693854676,1770.3093536655176,1776.4178289026304,1787.777777777778
1313,883,Pender County,county,NC,NC,"Wilmington, NC",37,141,,,,,,,,,,,,,,,,,,,,,,,,,,,,,,,,,,,,,,,,,,,,,,,,,,,,,,,,,,,,,,,,,,,,,,,,,,,,,,,,,,,,,1585.6172740495317,1622.5282148385186,1641.263691928653,1652.429267477181,1682.4099781804932,,1725.3006922923325,1743.2846405867383,1774.773710272706,1752.1603144329208,1770.5520690609171,1765.4593569448741,1796.4774586853066,1805.4703310957368,1808.058457842323,1809.3665541058085,1796.0580617129249,1819.1310675039251,1809.0645506094022,1813.4264351557567,1779.9209028181833,1788.3991031958749,1802.0015063575445,1815.148418716614,1820.8321392474136,1799.62395602877,1798.3246436172606,1800.3243523026183,1811.7961885838738,1821.999870450671,1829.907011335518,1847.0440220175653,1856.3204078789147,1847.0396998536935,1825.0628856454127,1836.1271257493129,1841.7640302118198,1861.6243513617496,1853.6299111851101,1864.5862619749305,1872.4423850460335,1863.6016065110828,1855.8797059955361,1838.3433785195255,1849.69719694777,1864.737796711283,1882.9490159335635,1881.0471238661303,1881.939592265296,1888.5308390157406,1909.8394332321877,1917.0299538548907,1926.00561089687,1943.7280324356425,1969.6117103139372,1998.80202020202
2193,924,Cherokee County,county,SC,SC,"Gaffney, SC",45,021,,,,,,,,,,,,,,,,,,,,,,,,,,,,,,,,,,,,,,,,,,,,,,,,,,,,,,,,,,,,,,,,,,,,,,,,,,,,,,,,,,,,,,,,,,,,,,,,,,,,,,,,,,,,,958.7869360985395,971.750309223778,989.6068383601506,1007.5301882841065,990.9303257333046,968.8426745078838,960.5612754114453,949.7049600752363,956.1421752037676,966.0076892238038,989.5504047714744,,1006.2813470624827,1003.9795313586009,1008.4914866618751,1018.7418167685821,1032.3550245797799,1041.6243789769992,1072.3931584622069,1070.5821240594364,1073.018198266748,1050.1926314516445,1045.2880189550224,1054.484840111404,1068.1403592572483,1075.7348368448504,1073.964901687774,1069.7470655836069,1073.2955424997926,1087.01719696921,1081.4710639242182,1098.4555555555555
1147,937,Lenoir County,county,NC,NC,"Kinston, NC",37,107,,,,,,,,,,,,,,,,,,,,,,,,,,,,,,,,,,,,,,,,,,,,,,,,,,,,,,,,,,,,,,,,,,,,,,,,,,,,,,,,,,,,,,,,,,,,,,,,,,,,,,,,,,,,,,,,,,,,,,,,,,,,,,,,,1215.3975404676594,1235.6648684380186,1229.4266714277499,1223.234110618157,1213.0695940144853,1233.9416131602707,1211.8620873262137,1213.9069924935673,1201.1928606184713,1217.0082794662214,1224.3823392421355,1237.5
2073,948,Watauga County,county,NC,NC,"Boone, NC",37,189,,,,,,,,,,,,,,,,,,,,,,,,,,,,,,,,,,,,,,,,,,,,,,,,,,,,,,,,,,,,,,,,,,,,,,,,,,,,,,,,,,,,,,,,,,,,,,,,,,,,,,,,,,,,,,,,,,,,,,,,,,,,,,,,,,2185.500609715927,2178.3069310882966,2257.085399090614,2280.7962622784107,2341.4600124084413,2335.1003165384327,2326.441474636863,2340.8467279370034,2349.5670615427734,2347.159826145622,2362.9166666666665
181,974,Hoke County,county,NC,NC,"Fayetteville, NC",37,093,,,,,,,,,,,,,,,,,,,,,,,,,,,,,,,,,,,,,,,,,,,,,,,,,,,,,,,,,,,,,,,,,,,,,,,,,,,,,,,,,,,,1388.5498409543407,1422.7037380411555,1427.7394864501787,1440.6418234349715,1451.989919615999,1482.207918618532,1485.877477865295,1502.935666631639,1498.9971067705076,1505.9048954234556,1526.1392501921675,1528.7173798788178,1518.4206072321626,1523.628622401221,1536.7565250961516,1546.298820299266,1549.6280619318975,1551.1476514081792,1549.6139978364804,1560.4776893570242,1573.901326573317,1581.587705010089,1572.5048873489216,1554.5246497424673,1552.771581392324,1563.2144536228332,1576.195572640359,1596.4238286952573,1603.0638843286836,1608.1744744836415,1621.021492255669,1632.2808618993297,1652.865801901334,1657.3564712103698,1661.3448629774332,1658.0506358805972,1662.8914054246445,1668.302943605555,1680.9107642487263,1690.063930399787,1695.5681268741632,1702.5627480354428,1700.7398511589315,1699.3435533041584,1689.6866820823764,1695.517572031331,1706.490947411746,1730.065180103256,1741.2211055824473,1742.3963653990709,1735.5912720008112,1728.0298522250657,1731.67662085151,1734.7640169417143,1742.1447084419788,1746.7770071167765,1753.077067669173
2219,984,Columbus County,county,NC,NC,,37,047,,,,,,,,,,,,,,,,,,,,,,,,,,,,,,,,,,,,,,,,,,,,,,,,,,,,,,,,,,,,,,,,,,,,,,,,,,,,,,,,,,,,,,,,,,,,,,,,,,,,,,,,,,,,,,,,,,,,,,,,,,,,,,,,,,,,,,,,,,,,1125.0
998,1005,Duplin County,county,NC,NC,,37,061,,,,,,,,,,,,,,,,,,,,,,,,,,,,,,,,,,,,,,,,,,,,,,,,,,,,,,,,,,,,,,,,,,,,,,,,,,,,,,,,,,,,,,,,,,,,,,,,,,,,,,,,,,,,,,,,,,,,,,,,,,,,,,,,,,,,,,,,,,,,950.0
2687,1011,Edgecombe County,county,NC,NC,"Rocky Mount, NC",37,065,,,,,,,,,,,,,,,,,,,,,,,,,,,,,,,,,,,,,,,,,,,,,,,,,,,,,,,,,,,,,,,,,,,,,,,,,,,,,,,,,,,,,,,,,,,,,,,,,,,,,,872.4139657315967,858.0067106430593,854.0344725059889,856.0811356711753,883.9913583961422,895.7993961171808,892.7165980096986,901.5158385022612,913.3931043656313,914.7059301240093,908.8830624895237,917.0341385290943,,932.6669540755856,940.0441396273271,953.5940035736337,951.3549025108124,944.0443017474678,932.8880441487123,943.8966152358676,939.9001981803405,979.46737503314,979.123336949523,998.3943744594073,975.1838042526296,975.0194253831899,976.1515189561918,976.2547358900758,977.0049125615269,992.0550319384382,1013.831001109476,1009.8478815855258,1015.0938224062022,992.9661873605307,1005.0588292785421,996.4664267641886,1023.6819579984461,1034.04397305715,1044.0297619047617
2137,1094,Beaufort County,county,NC,NC,"Washington, NC",37,013,,,,,,,,,,,,,,,,,,,,,,,,,,,,,,,,,,,,,,,,,,,,,,,,,,,,,,,,,,,,,,,,,,,,,,,,,,,,,,,,,,,,,,,,,,,,,,,,,,,,,,,,,,,,,,,,,,,,,,,,,,,,,,,,,,,,,,,,,,,1214.3098329240104,1181.75
1401,1099,Stokes County,county,NC,NC,"Winston-Salem, NC",37,169,,,,,,,,,,,,,,,,,,,,,,,,,,,,,,,,,,,,,,,,,,,,,,,,,,,,,,,,,,,,,,,,,,,,,,,,,,,,,,,,,,,,,,,,,,,,,,,,,,,,,,,,,,,,,,,,,,,,,,,,,,,,,,,,,,,,,,,,,,,,1295.0
2421,1100,McDowell County,county,NC,NC,"Marion, NC",37,111,,,,,,,,,,,,,,,,,,,,,,,,,,,,,,,,,,,,,,,,,,,,,,,,,,,,,,,,,,,,,,,,,,,,,,,,,,,,,,,,,,,,,,,,,,,,,,,,,,,,,,,,,,,,,,,,,,,,,,,,,,,,,,,,,,,,,,,,,,1371.5132582024216,1407.1242391592803,1395.4166666666667
1806,1135,Jackson County,county,NC,NC,"Cullowhee, NC",37,099,,,,,,,,,,,,,,,,,,,,,,,,,,,,,,,,,,,,,,,,,,,,,,,,,,,,,,,,,,,,,,,,,,,,,,,,,,,,,,,,,,,,,,,,,,,,,,,,,,,,,,,,,,,,,,,,,,,,,,,,1195.0430966380552,1230.739643527693,1226.2712732589573,1236.6508458276694,1237.348880800217,1244.361638797716,1229.9692987001613,1254.3221866632664,1242.862298835863,1259.2872493862574,1278.247396157299,1297.0358747932764,1298.8326989983138,1286.0936654014663,1308.079704335089,1316.08432863779,1330.873044594723,1340.7006107265977,1375.4645611509811,1383.917283413351,1412.5
781,1142,Vance County,county,NC,NC,"Henderson, NC",37,181,,,,,,,,,,,,,,,,,,,,,,,,,,,,,,,,,,,,,,,,,,,,,,,,,,,,,,,,,,,,,,,,,,,,,,,,,,,,,,,,,,,,,,,,,,,,,,,,,,,,,,,,,,,,,,,,,,,,,,,,,,,,968.5370109465613,965.9024186775836,968.9762022024065,967.589435316227,978.2085018149259,986.7099495660087,983.7155113301204,977.5582949266192,964.4598117064113,969.8301804022435,968.1550670242138,984.4942118493965,977.6973165799844,985.3063226645367,977.3205520911021,981.9904496103887,973.0
2995,1197,Pasquotank County,county,NC,NC,"Elizabeth City, NC",37,139,,,,,,,,,,,,,,,,,,,,,,,,,,,,,,,,,,,,,,,,,,,,,,,,,,,,,,,,,,,,,,,,,,,,,,,,,,,,,,,,,,,,,,,,,,,,,,,,1176.0812949990345,1187.6511445841504,1201.2869059687794,1210.05202738745,1233.9022302111177,1228.3021204302581,1237.9357155520406,1237.1422131804286,1239.305580347561,,1245.0672843626762,1253.9553339877734,1238.6992357851325,1251.2669576238063,1260.236704121646,1269.628903431505,1269.9167740978096,1304.4624255553606,1323.06677327682,1329.3261226187208,1314.6977809790762,1329.8064629176915,1364.870353365289,1365.617007643519,1371.0614979813236,1371.9087878779949,1369.7480409572368,1375.7651555141783,1368.3419250626587,1359.354961529452,1365.5686820895075,1395.4688547621122,1401.4796823188556,1398.1074700700815,1386.7696703048853,1397.8463266725971,1408.7120111314507,1410.908555910465,1416.392501931719,1415.1731722821874,1424.9718782612563,1423.1291297462014,1414.5511908768692,1394.8449430054884,1402.0541125541124
2453,1252,Newberry County,county,SC,SC,"Newberry, SC",45,071,,,,,,,,,,,,,,,,,,,,,,,,,,,,,,,,,,,,,,,,,,,,,,,,,,,,,,,,,,,,,,,,,,,,,,,,,,,,,,,,,,,,,,,,,,,,,,,,,,,,,,,,,,,,,,,,,,,,,,,,,,,,,,,,,,,,,,,,,1086.573177611151,1102.830698843319,1153.3215125807435,1183.3333333333333
147,1289,Dare County,county,NC,NC,"Kill Devil Hills, NC",37,055,,,,,,,,,,,,,,,,,,,,,,,,,,,,,,,,,,,,,,,,,,,,,,,,,,,,,,,,,,,,,,,,,,,,,,,,,,,,,,,,,,,,,,,,,,,,,,,,,,,,,,,,,,,,,,,,,,,,,,,,,,,,,,,,,,,,,,,,,,2108.5429696904093,2206.4928739007228,2295.4166666666665
622,1296,Macon County,county,NC,NC,,37,113,,,,,,,,,,,,,,,,,,,,,,,,,,,,,,,,,,,,,,,,,,,,,,,,,,,,,,,,,,,,,,,,,,,,,,,,,,,,,,,,,,,,,,,,,,,,,,,,,,,,,,,,,,,,,,,,,,,,,,,,,,,,,,,,,,,,,,,,,,,1467.0654731077316,1500.0
3197,1395,Transylvania County,county,NC,NC,"Brevard, NC",37,175,,,,,,,,,,,,,,,,,,,,,,,,,,,,,,,,,,,,,,,,,,,,,,,,,,,,,,,,,,,,,,,,,,,,,,,,,,,,,,,,,,,,,,,,,,,,,,,,,,,,,,,,,,,,,,,,,,,,,,,,,,,,,2010.4765186368359,2029.7735852508151,2026.3636530844594,2032.523468056581,2057.7084077796203,2022.516000428207,2052.605134623229,2053.819284417569,2085.111805961155,2072.737882496325,2075.591520406804,2060.1376742638204,2067.17277517889,2035.4765751122973,2055.1434151755625,2052.6666666666665
2191,1515,Cherokee County,county,NC,NC,,37,039,,,,,,,,,,,,,,,,,,,,,,,,,,,,,,,,,,,,,,,,,,,,,,,,,,,,,,,,,,,,,,,,,,,,,,,,,,,,,,,,,,,,,,,,,,,,,,,,,,,,,,,,,,,,,,,,,,,,,,,,,,,,,,,,,,,,,,,,,,,,1583.3333333333333
1120,1517,Jasper County,county,SC,SC,"Hilton Head Island-Bluffton, SC",45,053,,,,,,,,,,,,,,,,,,,,,,,,,,,,,,,,,,,,,,,,,,,,,,,,,,,,,,,,,,,,,,,,,,,,,,,,,,,,,,,,,,,,,,,,,,,,,,,,,,,,,,,,,,,,,,,1845.0778116071813,1868.7482154276638,1821.4649385895502,1823.5008014245063,1800.188507364852,1857.6811333693809,1867.1236613604055,1887.523647262079,1878.6981786915203,1856.7208172124447,1841.4918520364006,1816.46634716286,1815.3574475499775,1811.2163823771155,1813.492329934402,1829.4122030738279,1835.7640864645796,,1796.1004208519494,1782.918838602626,1755.26625840143,1764.0356762702356,1775.7435408261126,1793.8153117115637,1802.6214340564861,1788.779774697522,1799.9381537814384,1782.0864131209728,1777.2295811439901,1740.0347222222224
2677,1555,Currituck County,county,NC,NC,"Virginia Beach-Norfolk-Newport News, VA-NC",37,053,,,,,,,,,,,,,,,,,,,,,,,,,,,,,,,,,,,,,,,,,,,,,,,,,,,,,,,,,,,,,,,,,,,,,,,,,,,,,,,,,,,,,,,,,,,,,,,,,,,,,,,,,,,,,,,,,,,,,,,,,,,,,,,,,,,,,,,2172.8912378720147,2205.0045949518094,2228.8265391202212,2227.293601269573,2396.6238832116615,2516.6666666666665
93,1587,Ashe County,county,NC,NC,,37,009,,,,,,,,,,,,,,,,,,,,,,,,,,,,,,,,,,,,,,,,,,,,,,,,,,,,,,,,,,,,,,,,,,,,,,,,,,,,,,,,,,,,,,,,,,,,,,,,,,,,,,,,,,,,,,,,,,,,,,,,,,,,,,,,,,,,,,,,,1408.7986672892744,1378.716244498804,,1383.3333333333333
1907,1811,Madison County,county,NC,NC,"Asheville, NC",37,115,,,,,,,,,,,,,,,,,,,,,,,,,,,,,,,,,,,,,,,,,,,,,,,,,,,,,,,,,,,,,,,,,,,,,,,,,,,,,,,,,,,,,,,,,,,,,,,,,,,,,,,,,,,,,,,,,,,,,,,,,,,,,,,,,,,,,,,,,,,,1600.0
2696,1814,Fairfield County,county,SC,SC,"Columbia, SC",45,039,,,,,,,,,,,,,,,,,,,,,,,,,,,,,,,,,,,,,,,,,,,,,,,,,,,,,,,,,,,,,,,,,,,,,,,,,,,,,,,,,,,,,,,,,,,,,,,,,,,,,,,,,,,,,,,,,,,,,,,,,,,,,,,,,,,,,,,,,,1547.1094548098097,1597.7354401157504,1591.5
