RegionID,SizeRank,RegionName,RegionType,StateName,State,Metro,CountyName,2015-01-31,2015-02-28,2015-03-31,2015-04-30,2015-05-31,2015-06-30,2015-07-31,2015-08-31,2015-09-30,2015-10-31,2015-11-30,2015-12-31,2016-01-31,2016-02-29,2016-03-31,2016-04-30,2016-05-31,2016-06-30,2016-07-31,2016-08-31,2016-09-30,2016-10-31,2016-11-30,2016-12-31,2017-01-31,2017-02-28,2017-03-31,2017-04-30,2017-05-31,2017-06-30,2017-07-31,2017-08-31,2017-09-30,2017-10-31,2017-11-30,2017-12-31,2018-01-31,2018-02-28,2018-03-31,2018-04-30,2018-05-31,2018-06-30,2018-07-31,2018-08-31,2018-09-30,2018-10-31,2018-11-30,2018-12-31,2019-01-31,2019-02-28,2019-03-31,2019-04-30,2019-05-31,2019-06-30,2019-07-31,2019-08-31,2019-09-30,2019-10-31,2019-11-30,2019-12-31,2020-01-31,2020-02-29,2020-03-31,2020-04-30,2020-05-31,2020-06-30,2020-07-31,2020-08-31,2020-09-30,2020-10-31,2020-11-30,2020-12-31,2021-01-31,2021-02-28,2021-03-31,2021-04-30,2021-05-31,2021-06-30,2021-07-31,2021-08-31,2021-09-30,2021-10-31,2021-11-30,2021-12-31,2022-01-31,2022-02-28,2022-03-31,2022-04-30,2022-05-31,2022-06-30,2022-07-31,2022-08-31,2022-09-30,2022-10-31,2022-11-30,2022-12-31,2023-01-31,2023-02-28,2023-03-31,2023-04-30,2023-05-31,2023-06-30,2023-07-31,2023-08-31,2023-09-30,2023-10-31,2023-11-30,2023-12-31,2024-01-31,2024-02-29,2024-03-31,2024-04-30,2024-05-31,2024-06-30,2024-07-31,2024-08-31,2024-09-30,2024-10-31,2024-11-30,2024-12-31,2025-01-31,2025-02-28,2025-03-31,2025-04-30,2025-05-31,2025-06-30,2025-07-31,2025-08-31,2025-09-30,2025-10-31,2025-11-30,2025-12-31,2026-01-31,2026-02-28,2026-03-31,2026-04-30,2026-05-31,2026-06-30,2026-07-31,2026-08-31
24043,13,Charlotte,city,NC,NC,"Charlotte-Concord-Gastonia, NC-SC",Mecklenburg County,1011.6341169181181,1014.738865684547,1017.2248441005946,1021.5899357478725,1028.2989617937135,1033.7888319848028,1038.5949608036217,1044.3552288422984,1048.7529553904487,1053.3856120555347,1058.5771910826165,1063.4851856739454,1067.7717801957072,1072.6210831444341,1075.1075731059184,1077.642761650145,1080.2881135068417,1084.8650969398673,1090.3019618732808,1095.5232823131407,1101.1395870392498,1109.8989717480276,1112.1576403312667,1115.826115709776,1120.9328981740814,1128.2786990758905,1138.24080702091,1146.2241978435447,1152.9980175742912,1158.9607899434861,1163.005667835882,1167.5949648463877,1173.5739317154964,1174.723217729224,1181.555387780152,1184.7080865645846,1186.6022393080439,1192.4918184653761,1195.7635411638241,1205.0421533509036,1207.891064157709,1214.4013670212787,1219.6355960883684,1224.4186985816684,1222.8001250413895,1226.7927416262728,1236.8634710934105,1249.4156638001925,1260.0568216776621,1261.6248688627843,1266.6519021014026,1267.652255062397,1274.0172578117479,1277.3085342659629,1282.1599145200228,1286.8227682988932,1295.4454513240241,1301.0070620804195,1299.7995147751508,1297.7923935680753,1297.226545732597,1300.7132466162998,1314.275444087792,1308.9724262219243,1307.20907729651,1301.067837160874,1306.3553298696347,1308.9636464604189,1314.444573460694,1321.3127850333328,1330.6932998457871,1339.431964532694,1349.0658188718267,1359.6668292716918,1371.9661569240025,1391.3404215158414,1412.2027124822455,1436.3361944434832,1457.203509777925,1485.8561203795052,1511.1951453167642,1535.213083735041,1552.3486485681094,1571.8902059921952,1584.0407411736162,1595.6537431807951,1603.019886789446,1620.1607137067654,1637.151854385605,1657.207852987034,1673.0740532310967,1678.1732883269506,1680.9004223480506,1680.6146819722612,1686.8255736667859,1689.357840575573,1696.0356370151785,1701.2418545012194,1713.2423657012182,1714.1653009785139,1715.0652338381146,1708.9855556214156,1707.9155816593322,1709.7455330944158,1710.0543166831399,1712.2993647518576,1709.0055502477924,1712.385623685979,1712.6603857262942,1714.7732895992465,1709.6148289865876,1709.3327670612578,1710.544984944278,1715.0716463547026,1715.2961351694971,1714.7842214080727,1714.5266544650262,1714.9528024116892,1717.7593314653186,1720.686559635153,1723.588212933602,1727.9507036992936,1729.6933602822803,1733.2791003163015,1731.3649451209067,1731.0842482132236,1729.6657204762953,1726.9529525115215,1729.1942465133386,1730.4908420641818,1731.450093279115,1729.7620105140265,1728.8926557132863,1726.3493809087536,1728.031976225916,1728.0661718049741,1731.635560499602,1733.823480748794,1738.1289956718276,1743.6649952687046
54047,40,Raleigh,city,NC,NC,"Raleigh-Cary, NC",Wake County,992.2634591941599,993.3545386852512,1000.0649982749969,1001.7883997755871,1009.782540815552,1011.6405360297147,1015.1294057810895,1018.7184050425469,1021.4283542031852,1026.620360436308,1032.6620263877578,1038.1467532844827,1039.2288821920104,1035.3103763393428,1039.2561928612195,1045.8244155719387,1049.9999297128231,1051.807005330764,1052.0685587867272,1055.6844374424445,1059.6219506363736,1064.7117589667835,1066.1368563881529,1068.3221006037293,1070.822312734163,1079.8972187298398,1081.555052351676,1086.1224475297029,1089.4346996283473,1096.6853828501942,1103.0286491913907,1103.9106925743663,1110.141256173312,1109.8654613837755,1113.6723097810775,1115.480634896702,1120.982236629383,1132.5141002105836,1135.948657971461,1138.5294090953207,1141.0001157206837,1143.8857336271365,1148.0998588684176,1151.4333225566243,1155.2667630788612,1159.530941925365,1162.9921424947336,1162.7923630227,1163.2833396602814,1162.9559299201985,1167.441608839573,1171.1049777166838,1176.2229553934446,1180.1014896114145,1184.068217071152,1191.0819153674663,1195.3689599248814,1202.696262848005,1209.8250336263425,1221.2161500822444,1230.9039373674975,1237.592420519063,1235.4167332585298,1226.5533195710545,1219.2037446942406,1215.161391809092,1216.3170731311723,1221.9857032512186,1227.1936246223133,1235.0998770361928,1244.8212401611825,1250.3461066935604,1255.3049466612392,1259.9365784414,1270.9967221223621,1287.2816645932028,1310.0241407294154,1337.9390004004576,1365.2090950824918,1388.8444767417297,1407.7930152261379,1427.6055776916328,1445.673486141615,1457.9851197495354,1470.020967837506,1482.6212607168993,1499.3536241046424,1513.7959215078474,1528.1651129214865,1540.8497128947745,1547.9871065236046,1551.9789555989596,1556.6254895018274,1558.0376332061353,1556.2962975959695,1557.8331864968795,1561.9085526693927,1571.440941149396,1576.210746729004,1579.7374223711793,1578.0069556269748,1569.4580622823407,1569.930661677297,1569.5369909816536,1574.3603292626312,1569.020128742016,1566.273513799404,1566.7012763817197,1566.3785458636664,1565.9469266952938,1559.7769306934385,1557.8495706624176,1557.6393467833198,1561.867953108028,1561.5230376723403,1559.2038190932437,1555.2678954607163,1556.7494458863205,1559.9942946218105,1565.9740252926874,1567.6535731158253,1567.3998850515477,1568.497807582266,1568.875132232041,1569.3473690690569,1567.6188361567413,1565.3720413050671,1565.5941035028895,1566.3535146479992,1568.2397993814106,1568.2098875810377,1564.1271916516437,1563.1806351206412,1562.771233721105,1564.956868347734,1566.1976615915453,1567.7299520751012,1570.3176029602578,1574.0285853021533,1577.1918006879507
4174,69,Columbia,city,SC,SC,"Columbia, SC",Richland County,802.3104082007115,805.2260805976097,816.626287906867,819.6711836789846,818.8763420027926,819.0360445059393,823.9381881896774,827.5938787912922,829.5940483424998,830.0562850547115,832.1679859685404,838.9549013614204,841.1267449662195,842.311035373495,837.0992872527071,839.2719153790979,843.0941877102337,847.5687556398647,847.5361203435114,848.0940310787056,849.5957806821731,853.5724271928582,857.085984616327,860.5053953990403,859.9996748314184,863.5644985415305,865.5631739760228,866.9814266618438,868.3665533813331,871.5247645144689,878.4117838047848,885.6547001816391,889.3392761424707,892.8592692863249,889.2693049127216,892.5992647112863,895.3491181789813,900.9900064998754,904.4110070636194,906.3399108015667,910.0072529389438,913.3090988182248,914.2078613555543,918.3238961622443,923.0617668437692,927.531601651995,930.9451305242703,936.0955873709404,936.6466251605757,941.6001753656424,946.400326940175,951.2583436788333,954.4150269465446,956.72853058838,959.7612588261134,959.922923628989,961.170000619797,962.0809147434428,967.2614160756021,967.2610701559634,971.9149560035992,970.5893290379435,983.5390876425921,984.9820464209276,991.8730158592786,995.6724371242377,996.6751590000036,997.7643171991415,1004.2418218042377,1013.9991891393373,1019.4210564657942,1024.0653567495783,1033.1985079946792,1042.915387921923,1050.6323775635535,1057.8560162183048,1067.102001398815,1084.2089966414242,1099.9411661837596,1120.1930140679278,1131.3602137981384,1144.9779011173216,1156.1437658446762,1170.0530085930332,1178.709071632369,1184.6710412355928,1193.1729960324394,1202.1874274847794,1216.4557044704025,1222.8731018199546,1233.2119573401167,1235.8368266269292,1244.4872047288802,1248.2978367599235,1256.4791901819958,1260.2895451442305,1260.5964818303567,1269.7710595920908,1279.9207720186137,1294.0991241051372,1298.3395061356575,1303.869895353182,1310.0438655891644,1318.1354706335023,1325.983999315162,1331.062775900979,1331.6049685395255,1336.5309783594764,1339.7036550863033,1343.0914798166216,1342.0513318208361,1350.4599826898686,1357.4255844358347,1367.1469469563585,1370.5176293338102,1377.031854210786,1376.244320650918,1380.1442172423663,1388.0447563201224,1398.944618637336,1412.5047927246978,1419.9741249548456,1430.2311201711573,1433.1868533153558,1435.8603013869165,1435.401143531588,1435.7539788480033,1435.0970851451602,1441.9319496120324,1447.3943235237434,1450.9506041846287,1450.633556057279,1449.8770781659564,1451.7895396696892,1453.3962918371874,1454.9746753089908,1459.4442180994083,1464.9308295684366,1472.692060139529,1479.4703766900209
11722,70,Greensboro,city,NC,NC,"Greensboro-High Point, NC",Guilford County,758.6336757323804,761.5244682744546,764.0797659749777,770.1460540187073,770.359141695635,771.0742527887251,770.5237486168824,769.431333887013,769.9484702057508,772.2955046996302,779.231022160398,781.4658077089819,785.76048391762,784.8642498451585,782.2555232227937,779.6088414062027,783.5258409654559,787.8118500702301,791.4557323189565,794.0011706327069,799.8928040081172,802.4575581067002,803.4810286770479,804.3630888225555,806.7241280243012,809.8739516142439,813.9900297589278,813.4959751748398,816.8730770538987,817.5879352590565,823.241728896385,825.2680835929273,825.4879620479498,828.1733588380165,827.3313745074993,831.7338233876075,830.8918382062511,836.5117385658991,840.8340009479773,848.8807844860927,849.8023625720296,852.5193448608886,855.7831353205461,861.1100706349508,864.5156639948249,864.8356600104576,867.3472955939982,868.939591759482,877.6423419418334,882.995697749195,885.9319614283077,888.3157145255316,893.2529856286798,898.1936327571666,900.5166891040955,903.4754685565489,908.2064159833229,914.8663301756177,921.8732533720673,927.1581450674074,929.1596579345035,930.6001497719382,933.9750655343029,934.8898226833353,938.7026663176596,944.053152272816,946.4631943508249,959.3552821011766,967.6885338141645,981.6285603123835,981.3955749990179,987.1789312906101,987.0280643780169,998.5069053104488,1007.544118608756,1021.5553895080881,1034.4186503355056,1043.6072672943324,1061.9792959795393,1074.0100112634377,1095.5262960192479,1108.206211344067,1124.8789614478599,1129.9894949356255,1147.580922276447,1157.948485070503,1174.8182735156124,1181.888379891055,1192.4538765274492,1203.583918743091,1216.323651403508,1223.9739872512855,1224.9671902870239,1223.6149029151916,1230.0045745773075,1243.1958134034955,1251.3370591040348,1257.6595228445108,1258.787106499786,1263.9806525274414,1265.1372586638588,1268.810988379658,1268.85757462906,1270.4129771988203,1275.0687002633676,1279.250677195696,1285.7580959351692,1287.9260077637953,1293.2081483014274,1295.2623626092263,1301.1627289944938,1307.185987095518,1317.98476106609,1324.0629516868225,1325.9691926588073,1328.576047565525,1329.7797249767827,1336.6884349765753,1338.84486004621,1342.8449836337395,1341.5881186820097,1345.2314786925972,1346.0581555706513,1351.1576581560666,1352.2276497831795,1355.5265688473212,1361.4839574884038,1362.3949560060819,1367.9685470119098,1369.788296011518,1371.9530512891786,1373.5226363065285,1378.0047635732044,1380.76960825014,1384.476742153287,1384.1420359859364,1385.1087861534065,1385.9305776149558,1387.284025444658,1391.6853727305468
24457,78,Durham,city,NC,NC,"Durham-Chapel Hill, NC",Durham County,1008.0311617204271,1008.9289269764998,1016.0130479413746,1018.2614860877253,1025.868275472469,1027.3150019971602,1027.3803985696386,1025.398842015958,1027.995524040073,1031.554400317716,1041.0090154419925,1043.263006419694,1048.3166449096393,1051.3239009100514,1057.8886846326393,1066.7013886200964,1064.569539238147,1068.946039502573,1070.031856029296,1079.480950539265,1083.5370751741266,1092.629963522701,1097.96090271393,1108.5331804930104,1107.1662472403157,1109.733741752822,1110.7945798412288,1115.152424387377,1115.8640336231103,1119.106961326455,1126.4742817248205,1136.93477375443,1143.8789521053652,1144.648028129644,1140.770657051711,1141.7617555210388,1154.8691505523043,1164.2109628148248,1170.759799368201,1169.3397907590643,1172.0259548721003,1172.2809372681834,1174.391113611237,1180.2653035526446,1183.0236993766182,1188.0383521893893,1191.9464998020403,1201.2668231152786,1204.7161336526615,1208.0087570290614,1212.232305064076,1220.2756955884472,1228.9135972288675,1236.6545471549546,1241.3145157976146,1239.3015952560427,1242.3666794984792,1245.3284162796722,1251.9386594084112,1250.5146600131905,1249.6713542547507,1249.657872249445,1268.2380175829464,1265.320964070581,1263.468673268724,1248.914457642926,1251.0424310019257,1256.3905927730036,1265.3021118557874,1268.4340656973036,1270.591366266755,1277.9329375409104,1283.2024292503263,1292.3645464335284,1298.2432388653133,1316.1401469560985,1332.960667461392,1364.4425096643872,1388.5852758670142,1414.8575636499165,1433.0930271748705,1455.8614618420681,1469.7912829174875,1485.6445347655142,1493.4871705083003,1506.9174326813918,1515.71720701312,1528.5919192262209,1543.0782321394772,1556.9213336838163,1574.0714685950816,1581.3650009562102,1587.3267371769564,1583.2502825495612,1591.4366106930752,1594.276439974103,1604.8443126705934,1605.2994447520832,1611.152201039932,1610.7804605693898,1612.5908250759026,1607.0910547671683,1597.8295897761852,1593.5434006558999,1593.1917751139015,1609.0556851442323,1610.3170565404769,1616.9509744491365,1614.5231215802607,1622.5553115971156,1621.2375161609825,1624.8525673994943,1620.9670919933544,1623.532277796078,1621.2347629199844,1623.4360654423645,1622.6745301652938,1616.5941006299108,1613.762857087549,1611.1963752259094,1614.1062292904544,1615.7465795851278,1619.0379334726802,1620.6035848556423,1623.375875734258,1631.1494402579988,1631.7740077669475,1627.495288213615,1630.7952477965666,1632.0588864253687,1635.6795843857903,1637.6914726456414,1638.6098253314892,1637.5597885296659,1638.8681016255605,1640.5506134429204,1644.5474545024776,1643.437641868494,1650.769491241988,1659.2266118579012
41760,100,Winston-Salem,city,NC,NC,"Winston-Salem, NC",Forsyth County,796.2738017715043,794.0781799029088,792.5132360564262,792.9335550637293,793.1532312700759,797.3464839114672,798.300131676756,802.7470872208846,807.3634096771891,813.2686313020587,816.0655180733124,809.7945363570036,814.343460104807,814.374039455986,819.4152590624891,819.7002948784368,819.4673401971606,824.0889651276292,825.5370088729063,828.4395629724302,827.6960163113368,829.4745260109213,832.2825506068565,837.534043512905,839.7006114040531,840.1593702234027,846.1009536755239,850.3305466415356,857.4157154666921,856.5054161223973,858.5235919693404,860.0932417050336,865.6563743616593,869.4198698036886,873.9039809538408,875.6666637920111,878.7078921558729,882.3827366917734,886.3896715239649,893.7289067600183,893.4874853343517,896.7422792854873,896.4865744615105,906.5762334349045,910.6789824905153,912.1181808975546,917.0716196384002,925.9477003743295,930.7476428380586,929.1231132840953,930.5268868705787,931.2888475183898,936.7650463086468,942.5592127773589,950.600610728108,950.363261101189,953.7223727311101,959.6125572154075,962.5030832831078,963.5764695164511,967.7376511075688,977.2380510599817,986.9977918163564,983.9666527867612,984.5005931262652,983.4615320566285,999.0010441770555,1010.6571170558781,1022.406419528041,1030.0597737803607,1039.8903112627784,1048.7303497991436,1062.30784810513,1070.63106255462,1078.8982419337228,1093.9275118747148,1110.8309096752453,1133.2310426912172,1142.827144200136,1158.25174018392,1170.2706996141128,1185.9448846737132,1203.5858793005295,1218.0809501206484,1225.8737508272884,1240.1636145000987,1249.37043752206,1263.3283253257641,1265.4183586780046,1275.4059614018072,1285.3457440370912,1294.8041795050099,1305.5946671020981,1310.8888837583236,1310.9449847358956,1308.8314188801467,1314.0543511887029,1316.9197469959624,1330.7867483115444,1336.6141501433772,1348.6907659873668,1343.5846661389778,1346.2876574845934,1346.5941933753866,1349.708087142159,1346.9587469728433,1350.9593484052657,1359.2877280057223,1371.1986199838418,1375.4469353340621,1375.305186682129,1373.2774635427375,1374.1094247059868,1384.706729422327,1389.0472425861512,1395.4602744810877,1402.3577203220195,1416.6949027020112,1427.7582717831633,1430.7259147135294,1424.1614770418144,1426.0639563937796,1427.0769868174386,1433.940001491886,1442.8990837875651,1453.8662484926385,1453.6905943861589,1453.4835953924048,1455.3292540831103,1455.269487203071,1455.5012586763482,1460.3737460242073,1469.501639025232,1476.2766577040522,1483.7824559784592,1489.3336783741688,1490.9164689566712,1489.5306107586616,1498.3195894117016,1506.9255505505505
52001,114,Fayetteville,city,NC,NC,"Fayetteville, NC",Cumberland County,722.8038735499949,724.0257785109626,725.2005520694973,725.8733109701641,725.6442205667512,727.2387401721144,729.1826710687399,731.6232740693326,730.8127294715205,731.590708091356,730.3485853625324,732.9816720757414,733.6198826266267,733.5709082158222,733.5221119713458,732.1517107630863,733.3644564321,733.5543410469693,735.5622873926707,738.5566717472825,740.442108654749,741.1169142864659,741.8756470893211,741.1071610144701,743.910495170286,746.6006345677868,748.3317182401128,749.6666281359794,749.5375818614332,752.0589121566343,753.7255504328526,754.7986419694722,757.6529561203487,760.3183681157677,762.4351955425999,764.1805438840653,763.3648120391383,764.5061362579593,768.3786059496813,772.5940314200824,774.8583193999788,773.7755546289933,776.4209409828682,778.3935995592575,780.4318630957009,782.2339457759458,789.9222781661683,794.5996012069867,800.264549330702,799.0772137702647,801.0138925175804,803.2674163278974,807.4284383126071,813.2175732229895,816.3230481409526,820.2136334996527,823.6714223169489,827.7964523723475,827.752687336882,830.6731952789756,833.6123254790131,841.171234124829,850.3648133391375,851.3431485782542,855.2102477839181,863.5283691369409,875.1953483035527,882.2578548258165,894.4439732932788,909.93982769424,924.6057406232676,935.5922983940093,945.1649177581348,957.2781062607257,972.4788729274187,995.334991266689,1023.4072651074476,1039.7065407471748,1052.9363061463798,1060.3099661510632,1078.3903029814624,1090.841157284663,1104.703510734587,1117.2327166189004,1134.1711236704152,1145.0044580514252,1149.2943646857675,1159.984712916094,1155.1835290695246,1168.2680501483578,1170.9195812971222,1195.906321935001,1197.817238303869,1206.5424788141609,1207.0806946845082,1216.6150488644987,1221.9074048487232,1230.2540240023702,1241.0905620589267,1240.5291675894587,1250.0868200749853,1248.6382520963004,1256.8856929437154,1251.6235772820726,1252.6702514614635,1250.5397613399082,1254.9935546164318,1255.8009830019596,1259.7029954242762,1262.0755043822235,1265.745609106857,1271.7402636793686,1272.87289158497,1279.3656205524014,1284.7267317515011,1292.3908853079722,1298.7429852274402,1303.8858700163448,1307.5219681815342,1313.0105749999213,1317.7034493194328,1323.122166964568,1323.430683819639,1323.053309385681,1329.3457162821826,1330.7679877488708,1336.734910547409,1336.9369678931062,1340.3549307080852,1344.7603011574556,1348.438566384542,1350.3660765089294,1351.8765160116316,1352.903725879235,1356.6710348454917,1361.8024959013203,1362.3677620683325,1365.469896131966,1363.7065361818052,1367.1163682536355
24960,127,Greenville,city,SC,SC,"Greenville-Anderson, SC",Greenville County,906.42176271895,910.10348306172,912.8037601029076,918.8291558071983,921.4023043591659,928.5236523826783,929.4794488316633,932.673000929249,935.2590129742287,936.8537882839802,949.6578689036946,950.5779106437044,957.0614971619195,956.041355873058,964.2888373096814,965.5437703375342,967.1778704060414,970.3449523488601,971.2489456934779,975.2592832526992,972.640876292043,980.3859592968221,981.3743383053267,990.3938344315404,989.0970178587077,999.028775309798,1001.957284734111,1011.1163834198503,1010.7195236914649,1010.8551922295201,1013.435168509927,1015.9752173974091,1015.2958907445982,1018.2748686344813,1018.3804760410632,1025.5168779212795,1028.795286700807,1030.8761527550384,1040.2527836968302,1050.4430002676252,1054.2586570084281,1056.182150005778,1061.3654780086408,1070.5154858095334,1073.6350440307083,1075.607199887016,1083.268742947277,1093.4813104277505,1105.0491079038013,1093.366971852383,1092.4632629295988,1089.3879699261804,1096.5467871986268,1104.5812729832023,1109.765502511942,1111.2076432989334,1120.6413614468283,1127.0722918823294,1131.9219253823683,1130.0523925258833,1131.5808433064653,1149.9188672767848,1156.2343023834726,1163.189123782883,1141.0693328230366,1135.614007506504,1125.5231676064238,1136.1370424825266,1143.7332231795715,1159.2245858487609,1166.4714254324554,1179.8496938375863,1186.8672372279,1191.1693898713884,1202.886108529175,1217.3014844299596,1239.5578544105324,1255.1249402016788,1276.7491395900215,1291.2737719414454,1304.2979439904868,1310.478139164434,1321.596555908007,1330.954192959913,1344.569622732607,1349.140635766127,1362.801383349199,1369.2173602350672,1383.640598516934,1398.9268386306876,1419.594701382035,1431.791195689947,1432.430402817978,1429.848782715453,1425.6465626373808,1430.4847081729881,1432.8413922219927,1443.001906364068,1445.8465884049433,1450.0130066690356,1449.6188107950945,1448.6960159226146,1444.1841073780747,1443.4525127721158,1450.5357236261398,1461.8265338070294,1471.977893969986,1474.5743744464937,1471.0561663221706,1461.5647012931568,1458.1988857848412,1466.4970492239613,1477.228029664639,1481.3637218172198,1479.2923822367966,1482.9494330159991,1487.6330780591727,1496.2604762657047,1506.393570773954,1514.6914235426518,1528.7468061639381,1538.7634906310147,1546.8654434048472,1546.7249300481762,1541.7794751274928,1537.2590509771735,1535.0928786382017,1537.2613970159664,1536.107068486155,1531.2361235067578,1526.3996993097546,1525.2654452683632,1523.299999174014,1526.180403716329,1529.2116207795552,1533.0283569656137,1540.455549350267,1551.275051233847,1564.5684852646118,1571.920752731292
21320,143,Wilmington,city,NC,NC,"Wilmington, NC",New Hanover County,895.8611253007907,898.1575375037858,899.5904382096495,901.9424157356959,902.1396072590642,903.139761080474,902.8394361202979,903.116790506971,911.1346547171255,915.3045206268505,921.4399334623112,919.4493917950599,925.7522274771877,929.3745168203641,932.8666200119995,932.3090312877748,936.3249603354252,942.3369631627818,947.3817177086748,949.768634894908,947.3672689159752,952.7992155393385,954.621647033733,962.9104807597811,966.0642776065137,974.1227518803427,981.7725682030117,986.153592151865,994.7706425975089,997.7390848856096,999.1572037331099,1003.9445445517111,1009.0010040986716,1010.4102314417564,1011.7269939666141,1015.0673325335015,1014.8260476551197,1011.0606481116837,1021.6204521415069,1034.6605139338983,1048.8720039780126,1048.1612408923359,1054.5340941439397,1050.520668377753,1063.9832145321661,1075.5074687217977,1098.059179532255,1102.960294449062,1112.8231057292187,1120.112311660704,1121.0610266291885,1122.6222194889672,1120.147423742891,1132.251830536896,1139.7768182111638,1154.384958779081,1155.220547409484,1157.6705997613117,1151.7570126637777,1157.4199567407113,1161.7144351754591,1168.5935075005063,1178.3221229787682,1188.965303260658,1199.7852655578133,1201.569223231995,1203.6355776991898,1199.8411289834726,1199.1675187972596,1207.291904582816,1216.1261711237019,1231.057285632375,1247.9327600125628,1266.8619387570598,1281.5441185446984,1285.4894545124082,1295.1302331210024,1311.2136645764854,1338.8218714112174,1366.5788657287912,1403.3091198974853,1426.7711894167217,1457.2161233240402,1472.4403918854175,1496.371255417018,1509.9439359001408,1536.9297975303448,1562.2565208236263,1590.6151575837869,1605.9746307657213,1622.6199984205125,1633.376330445107,1632.8145816170138,1626.2769840379194,1616.7139936192314,1624.4992139766791,1622.1051491291162,1630.9883736695692,1622.9639014140903,1626.656515137653,1619.4938696751524,1622.958308291347,1616.6224000978686,1620.5757844872223,1624.9997825408632,1627.511104703117,1627.482778594508,1616.8922965460995,1619.098304066533,1612.1386932886746,1616.304043968828,1614.7700344351772,1616.8978806714833,1616.5949752288311,1619.0449373584338,1619.272297480186,1619.8608529634098,1622.8703548251528,1631.395223573981,1638.039935140412,1634.9306576670526,1635.6500295887647,1633.4871620482609,1637.67904682073,1638.3496500395036,1639.0425974937582,1638.4375751344896,1634.3857243988055,1635.2615030537593,1637.0904147661254,1636.7404993673279,1640.2962691518346,1647.3763290751797,1654.5560755350198,1662.0955154501198,1665.9750423266307,1673.6255000164533,1681.702132932387,1692.4166939414013,1706.1959378115178
4054,177,Charleston,city,SC,SC,"Charleston-North Charleston, SC",Charleston County,1201.58405933032,1212.372894778199,1216.1130860165983,1218.0354144315843,1224.4087279116807,1226.3145393121351,1230.5563327864138,1236.9897337190453,1243.5130987207554,1259.1460147379173,1264.6368924097703,1273.3230276815548,1269.8850921797457,1272.3598867448218,1287.5770453005157,1293.5082501183474,1303.0265965786068,1305.2646326393583,1314.2302855978323,1323.5498655292192,1330.7903639920316,1324.9708784561335,1330.6126529683736,1326.8190638283886,1345.1106942699944,1345.2987844566355,1346.7883206359434,1351.5579304960602,1362.9871765539995,1376.8904903946925,1382.7873171099138,1381.0484908333096,1389.2011570761551,1393.1250181286396,1401.5771599706043,1404.440928610395,1405.9458886117777,1414.127538594525,1409.6530798770423,1412.772139775371,1405.065275193278,1409.4071281042213,1411.7909167296452,1419.3202591464863,1421.411692877006,1422.7223536498545,1429.3076492730995,1437.4954141296967,1438.4903465874343,1439.7148953522567,1449.7363902718566,1454.1753245007692,1462.611981058425,1462.1332840929695,1465.5382320539134,1468.3843637766486,1470.9879839513922,1478.579120624515,1477.7727294477127,1480.1821277198285,1484.4702510971333,1488.658602955149,1496.2023541296908,1485.7881992361827,1477.3179782813029,1471.5840119242073,1477.024513490356,1481.3906463292035,1483.0227421850805,1482.7527837214927,1499.9122644709685,1504.0424459500668,1532.8052625248497,1547.4471695601264,1568.737599107867,1575.7633062169468,1593.9683648896148,1619.8278100736304,1648.1941761176304,1676.0094647953968,1707.2303709346259,1730.1307952992734,1752.0054224304308,1775.1315544913016,1786.1415241607183,1804.4023690345125,1820.1400569713003,1863.4683145292406,1896.4787247831284,1925.0649164226088,1940.8861141073746,1959.5196303236096,1971.8904789915064,1987.6085133505137,1995.3328029507938,2013.7226436722267,2017.3599486335409,2029.8759085123058,2040.1670786937134,2056.8423143923605,2067.927812472137,2072.1151367365023,2080.838731660593,2086.07517918864,2091.4033870139783,2096.090004968839,2101.4455415580437,2105.791170273727,2122.1711202787255,2128.920693686976,2138.463850888351,2129.57373239623,2134.6040668101673,2140.076837699555,2153.979185644959,2161.667522586747,2173.0126199317906,2175.609787963416,2174.588715607286,2171.06939316391,2171.0044314422885,2179.467060033794,2186.210239364157,2197.5303806744937,2202.5451964910458,2196.799905649345,2190.996537044072,2193.627475111227,2195.099724462356,2203.0313941444033,2215.3084383945893,2227.7658722925557,2235.4759117656595,2239.4244866167705,2244.303718229679,2253.011402879769,2262.0649623475224,2281.6206444189033,2297.571792012472,2311.7210476190476
51297,228,Cary,city,NC,NC,"Raleigh-Cary, NC",Wake County,1190.128430514537,1192.1904325307357,1198.9630273249875,1199.0712234657162,1205.2975655981584,1208.2031164799646,1211.0969478541708,1211.3471480078351,1211.093213867657,1217.5571069678333,1214.493695219464,1217.017481537178,1216.4172139087632,1226.459033965581,1227.6659588004745,1230.6064066607414,1233.4484202482447,1239.913703527463,1242.2913628286178,1244.6703234919937,1252.8875494233175,1255.730985803456,1259.6384691335184,1252.6491686005747,1254.9903238512816,1258.7922739602902,1266.153154026992,1274.3934205039745,1274.0832767747697,1273.6721306787513,1269.4030267584947,1271.9885594374798,1272.255281625005,1281.2172973547306,1288.6349284162047,1298.2894656148796,1295.0993068173789,1294.1485091306786,1290.911752472623,1293.7590006983417,1294.6726479113402,1298.9865215816524,1299.1249586084266,1303.1806355951255,1308.5671290607863,1306.6860051592587,1306.0802969736978,1307.3428431706545,1317.2513099011423,1323.0238380015464,1328.9738594249397,1329.6346543944578,1335.6896963552363,1338.469793136295,1347.117998089701,1349.5048320919104,1350.8162729640092,1354.5035344284058,1358.0111342922198,1361.0683805327294,1361.7938092009138,1364.0457684915655,1370.6312890564047,1362.9418172858884,1356.591875367745,1354.2104917507338,1349.8909896202522,1351.9945299235203,1357.6635343156113,1369.6827116390575,1376.860452213376,1379.554720955351,1383.922500905714,1396.9592674188914,1408.1597772541415,1431.1128973835894,1455.7136988279665,1488.2068371543305,1516.9856210371277,1551.0983247908323,1576.596769704298,1604.282756884575,1622.7035145529658,1650.046833872344,1659.9389226760454,1667.572544824091,1671.941753274729,1689.6818264351061,1704.0324054256093,1720.2280716934542,1734.6627495287403,1745.6640733404715,1752.8892836049617,1746.1533314062597,1747.6895352181173,1745.274865023351,1758.5243027404645,1765.8589222988328,1779.2694677080317,1773.673489642715,1773.6825814920485,1765.0646270593531,1759.9793874216482,1748.754037857702,1743.1944120609517,1741.3332068703378,1744.7560445149247,1747.7086865751967,1750.3511022503405,1751.4528170783406,1753.0782429154945,1759.0102313842792,1763.0473998852797,1762.6141310741896,1762.9412878804299,1764.2913491579798,1766.1890657807437,1767.013985571933,1758.1798719700212,1754.265962662402,1742.7350303652624,1750.3156275898555,1759.9249734924206,1766.107342381141,1765.2184576937732,1756.6946571470587,1754.9674078189048,1752.891328084163,1754.1285857499865,1756.7100292256005,1762.5146261968828,1765.319359442864,1771.5217302630117,1765.3319903307117,1756.560475117583,1751.9889955571446,1752.9547335097886,1763.5358529197397,1768.3881682289352,1774.4942305568866
27317,262,Summerville,city,SC,SC,"Charleston-North Charleston, SC",Dorchester County,1057.8067610771045,1066.7880093299964,1069.5061631537799,1066.7952992304618,1058.943133250917,1065.0146993414974,1068.7234445107988,1080.819987061054,1084.8089905762272,1096.659553420316,1098.1461070632972,1103.9707817754395,1105.2656293260568,1105.2539028702479,1098.8039594548256,1098.8006847638414,1112.1020469368877,1126.7207274871869,1140.587736333855,1140.0511360419544,1141.0062741750157,1134.0054675538634,1139.3561849090252,1137.7743358337623,1148.1916491548416,1152.047694775282,1166.0187626794552,1169.4879313757338,1173.754412675598,1172.9435621958219,1173.0331905135793,1178.237763467486,1180.167500633924,1191.2868327781969,1200.3757720378017,1210.3866211126415,1209.8072994559652,1211.64928072731,1214.673417865508,1223.6582799044252,1222.4330327928594,1220.503847437598,1222.6820590193036,1230.8695579823368,1237.673331687591,1243.9937426762594,1243.9097332130414,1244.1124396221742,1248.4822383922474,1258.2331780967545,1261.440330202809,1264.240019503789,1271.8321438732341,1281.9351081241728,1288.7226978842905,1291.0825732488565,1296.2907011284963,1298.7926946346856,1305.1996384919596,1312.4874085090262,1319.5746084524774,1322.810383648537,1312.7244567247724,1318.3231618839884,1317.9196629103642,1325.0116871774935,1328.401531573431,1343.999775150909,1349.5971252886998,1355.8717822381468,1354.1546792481622,1362.0465623781265,1376.5334138782207,1396.5906513418047,1413.3455277133955,1421.7151347369554,1425.1561207003672,1436.7009513833689,1462.980499871177,1493.364967550267,1510.5228220563417,1524.1925309655653,1537.0244006776618,1553.24645507739,1558.5322577460922,1564.1875659204084,1578.0397289845416,1593.9376843468867,1618.8203492155133,1631.8631819408506,1647.5312790077157,1646.69107538733,1664.868143644509,1675.4931145657881,1694.6088896768235,1690.865889549463,1700.297810503415,1705.5817698470885,1727.7014888642607,1735.0809664064234,1744.8333672297858,1749.3946068192363,1751.472331570201,1761.829865019398,1757.800401862301,1758.8185865423636,1756.3812016903648,1774.569987168485,1787.9743389592645,1801.7429602070438,1789.1784966290352,1783.0730582708172,1777.1088688675188,1786.130622928454,1796.0043050991358,1801.5933959691124,1807.0927112902223,1817.4767094413246,1818.251919305271,1819.2669713542055,1808.5281535447357,1800.648970948109,1797.9892995134046,1809.701746354634,1814.5169127062663,1814.9661829102968,1807.9382422750468,1806.368911307248,1808.9281791274736,1807.3464520764658,1813.188015343595,1813.9838754281877,1824.027099180017,1833.168317752816,1847.670014526116,1851.5569326830189,1860.6626305176185,1868.127366045544,1882.4729118784826,1894.6656857834132
46666,272,Myrtle Beach,city,SC,SC,"Myrtle Beach-Conway-North Myrtle Beach, SC-NC",Horry County,955.9674291007258,957.6861768078181,959.0689443627565,968.8609596622958,985.3365235502337,989.0944618634727,993.7891364857169,990.6279124402038,988.4534835299768,1001.8587362910771,1001.0726423166932,1012.2445097448909,1004.9512784758914,1006.9283300854893,1013.2013702049309,1016.9422617614308,1007.3311082238346,1007.9126712861602,1012.1734009848751,1028.0356679593567,1031.767113035587,1031.8013059860057,1039.7505694160363,1037.7045609901627,1052.9185477258045,1058.59282512523,1058.0748614474985,1065.5727991433293,1069.620361226562,1086.0187429575838,1083.0195262569434,1084.1767032300288,1080.9260890324244,1093.4457798810597,1093.7153413950552,1103.7134802089727,1099.0502077062754,1106.6980627227977,1112.8254907207634,1119.2057318735524,1125.9011336902317,1122.0425040233713,1124.3098340125307,1123.3093806886911,1129.9655910379997,1125.270202292977,1135.9330683024589,1136.6636256134564,1148.821847072731,1150.904586265012,1155.315793017979,1155.6690560395782,1160.0891560125385,1164.5668198506119,1172.9805801173768,1179.3699804359856,1184.4804944555758,1190.56654332948,1189.3294401921144,1192.6706068776439,1190.9559472441333,1192.5957355368596,1204.575497751313,1201.912068213028,1202.1311419320882,1205.1259339886603,1201.0375949186443,1199.7997768531357,1209.870899676772,1223.3768282716512,1237.0956520453553,1248.527339359818,1267.4237140065366,1276.4952294728294,1284.0766476679335,1294.5075600436262,1318.6134696241447,1348.2909684954197,1388.1922166537465,1423.6549121412238,1458.0241484766643,1491.635009272636,1515.5458497913348,1539.4103535140962,1531.8644312310043,1544.350193678905,1563.6601677669291,1603.4882986160826,1638.8140950430995,1652.4450783782895,1655.5294977524275,1658.2182553958144,1652.7327735867664,1650.0987985041209,1645.2535090824729,1647.1696943165111,1659.7511322611183,1672.1669041389457,1678.182521132028,1679.4066573470955,1665.4814853211249,1655.7887203101268,1655.7838843679008,1654.1285165707343,1664.0036658338615,1652.5764708597142,1651.7464994661614,1656.4351662444024,1670.117932440483,1679.3230237507917,1677.189989662411,1676.9980505003862,1674.6330708830978,1680.0965944955888,1673.7494220950953,1682.202760451817,1679.2273343193522,1692.1154909080833,1682.141346375261,1686.5052122252114,1680.728526240735,1687.3908455378762,1685.125564813467,1685.0383817557858,1679.5746571445327,1681.2124641198307,1683.3486997926684,1673.681684885134,1673.275964209402,1670.2959815630193,1680.0064119978263,1675.2709717899054,1672.8923512953604,1663.1305313848452,1666.5778868554687,1668.2818928759623,1678.3008024732765,1679.5602371198313,1684.774545292929,1692.6509180287576
17551,288,Concord,city,NC,NC,"Charlotte-Concord-Gastonia, NC-SC",Cabarrus County,974.7615479223298,981.1970875027444,978.5631479248154,989.8350563623692,998.8245804805438,1007.0526172400331,1010.3788433392702,1009.2608585170119,1017.0001299175786,1019.6766540641581,1030.2701661703015,1037.3783676904195,1046.2583902697013,1048.610055998811,1054.337742018454,1054.4288649870043,1051.2568831268495,1046.9005863320997,1050.5762040351385,1056.8159589758443,1063.5634438919099,1069.9953302678898,1076.4187910896326,1072.9736793734605,1070.4280457991072,1070.0445290712248,1084.4930375440688,1095.0894782561945,1105.0927376110642,1109.523195424637,1114.1383345344811,1120.136155990585,1119.8663573418487,1118.2346055081964,1118.5620000164542,1116.7486688132053,1127.0190032421035,1129.663974030681,1133.3725531156533,1134.2592704430213,1145.3110064962093,1152.0375143217088,1157.23311807883,1163.224414169691,1164.618712423284,1170.385572917497,1163.1714389841843,1177.730965936067,1186.4032559949028,1200.4769840799502,1200.675045563568,1206.182464005721,1204.7598240040816,1210.1535627447995,1215.1637662534301,1218.481902138407,1228.1453843258523,1235.2367217486055,1251.2476927260514,1253.1502329711936,1253.1356677241686,1252.4659729192133,1266.2922782974215,1274.626739660899,1279.9772616287485,1276.9305170471,1283.801512768735,1299.7073768674124,1311.15770024319,1326.1919378322261,1333.736518727797,1348.793547950829,1348.7121888582042,1358.8938419744093,1361.0214550087164,1382.0678958630601,1402.3014981831286,1429.8125658309423,1453.6488886250452,1479.2245311478773,1507.4554284002763,1531.2656755058963,1548.0589084653475,1553.2355242329888,1564.9968939977077,1575.5800060951865,1592.0947869975641,1601.1636414734326,1611.7729676791648,1627.1313513822136,1638.3654639403405,1643.238603404096,1643.728130780975,1647.5971173806913,1656.9459837468635,1665.9552214254722,1674.1467658412007,1674.2485485029463,1681.289343119352,1683.0691198554803,1687.888030707041,1684.5697441142709,1684.3359938684437,1684.583967662478,1682.1030613742714,1680.825633992698,1680.6327778391242,1687.2077669795306,1695.8451297392598,1711.6203194976733,1719.7833894756893,1728.3267393862145,1731.6510754310023,1733.8586260282718,1738.69790711176,1738.5789347389084,1739.2218390033058,1728.4281663297809,1734.1230356202748,1741.262647732465,1762.123073091061,1764.4326986199499,1770.387542871896,1766.5811056509365,1771.5502552129303,1770.0833624849938,1768.3048614964264,1771.639691650473,1780.1568002678832,1796.108506023992,1797.7653110170984,1795.3855020075239,1781.3812045293123,1780.1594074492411,1778.5750361046728,1785.805221053857,1788.498636654726,1798.2395764759074,1806.4148855054937,1813.0293130271023
7191,342,Spartanburg,city,SC,SC,"Spartanburg, SC",Spartanburg County,,,,,,,,,,,,,,,,,814.0981441650023,811.4510612425145,813.3694602720747,814.3531316004357,831.5582496796707,843.4811455926126,846.0642953393017,844.8721956561644,845.7323155414784,851.9981248007247,851.9161609651618,842.4766025490871,841.048724276942,851.7398363918272,869.178118159309,866.80359369305,873.1228034799773,869.8670450403348,880.8647563645309,874.860336127743,888.9818195673125,898.0406592363536,904.4727250675664,910.2344931084809,919.9043283288007,926.1974522523176,919.9564512437398,924.9105643371739,917.303704271777,929.7700603344391,928.73295638888,936.503168690878,932.6398707333925,941.4600610277645,944.5777200047116,951.8540896081912,952.178499908707,953.149678827214,959.281868460658,966.7847203509482,976.0240598767783,975.8314405731792,981.0321241924049,989.6661716606948,996.8573661744218,995.6798335442854,991.9868218996277,998.1829790578922,1006.8623054124533,1012.7636896433311,1014.5712717786912,1029.704438239535,1035.2885964579655,1036.9147259119738,1035.5584784424645,1030.1406459817458,1030.5218244281732,1041.5854950047458,1053.331785856928,1062.6577676011436,1073.8186658046036,1081.6314488825653,1097.7007897014994,1099.334135932132,1108.4526534714134,1121.3987275126858,1138.7536148792046,1157.6843609405,1167.7850735232355,1173.7048748140458,1179.4928016734762,1179.963271018855,1182.0201799734884,1188.3387669083372,1201.0104868216672,1208.4498266866058,1213.2100939530021,1209.8883982875393,1212.3084323903213,1218.88387629774,1229.4666773253234,1236.2581529663237,1241.197963841892,1248.945419270102,1255.4165958590133,1260.929971545593,1244.103683861176,1251.850886273526,1259.127301784158,1281.7257078662415,1288.1436507041014,1281.511758024576,1287.6484528516376,1290.6409286698356,1300.0892494674715,1302.946355832906,1304.2492077521667,1305.3770496721888,1316.2164337239847,1317.6121057088928,1324.65174081327,1329.1465136230745,1332.3640889647934,1338.543376980299,1335.171491040384,1342.2541674724937,1344.1320350411602,1347.3918157009405,1349.010078533485,1349.7173408498777,1354.463534988451,1356.2938980990687,1354.2593621824146,1348.0892754930321,1349.5693663766792,1354.151745749098,1359.1605172123852,1358.6967219104088,1359.3394159774748,1361.550208000678,1365.8447532879882,1370.8767481195937,1372.4980502734306,1375.9980920314254
50779,355,Asheville,city,NC,NC,"Asheville, NC",Buncombe County,956.0978527382786,943.2889165018629,985.1406737169153,989.5216953158514,995.2491338127232,963.8598892463185,969.9256307153684,985.114365321594,994.5706838375096,1005.7227501985125,1002.1385340236048,1017.853335730825,1020.9621256891542,1036.4105436643085,1025.2759917796436,1021.3007685966511,1014.5343500423098,1037.1416601526832,1047.0364465348434,1052.1665283063396,1049.3587592677338,1047.3636460318355,1046.002034636739,1042.0634765033708,1055.6371459310722,1068.3915852434768,1091.029070360526,1097.2679568928475,1105.3652807400813,1103.7386483228677,1101.5569883230394,1107.4030375797402,1111.1895586958656,1125.190221167732,1136.0171789028198,1140.2869559186997,1138.8120850614946,1139.985975664027,1156.279608472258,1160.034901561793,1155.9644947302875,1147.9795748666884,1152.7423594841227,1153.6390093091752,1165.9041306553197,1177.8596192673565,1186.8503277712355,1193.590888698111,1196.701569756127,1192.1196819128247,1180.3789073169976,1186.7102496487325,1198.5186320702771,1212.8230896065268,1218.6499438542546,1223.8673284410158,1222.7904674467695,1216.2604262330847,1214.036576648319,1216.5734513183556,1221.507264987304,1230.680282746374,1233.3932294976569,1238.8676693706236,1236.0401012690063,1244.1888579781626,1248.6829197339075,1258.9379599490692,1266.844922028818,1278.8618602545257,1276.195623487473,1285.4347439964295,1293.477322996265,1324.2747472172282,1335.5814152538312,1363.6636889283056,1372.15589539565,1399.1143181714267,1419.649019010821,1442.5863323042338,1466.1699118968836,1488.7881558449453,1521.309643085915,1546.9415261963418,1578.5076893553705,1591.8521502359274,1596.2795239452669,1594.1975463070833,1611.6243137515523,1623.7288714908004,1633.4097596403885,1635.8641752025735,1647.2307350871254,1658.8498606709936,1669.284353705853,1670.7666615155342,1674.9313251751414,1666.2176413360626,1687.5122185641744,1689.8990665934616,1704.3616846808582,1692.5355356464322,1696.4857095867196,1698.3458841897977,1703.7071905423213,1707.7035444532805,1710.2630819432202,1712.5550924373576,1707.1898632948348,1718.595946768782,1725.8066428631132,1739.5030572672629,1738.7514631015729,1748.0562597889482,1750.2957684921744,1758.8773966553113,1756.6193068598077,1755.7786491240558,1748.9917211287918,1741.345545101857,1737.7416694637875,1732.621834878502,1720.2677816423054,1712.9296938415039,1704.3519849237432,1706.1724292435772,1706.7232137048834,1706.3220977133128,1705.321933472183,1703.3881352911076,1705.6695109019352,1710.1198307386844,1714.0201217764456,1713.9567803689379,1715.2707595243055,1713.5910897085137,1716.4425780628676,1711.9365267067783,1708.5857579222557,1703.5543701538588
13554,375,Rock Hill,city,SC,SC,"Charlotte-Concord-Gastonia, NC-SC",York County,,,,,,,,,,,,,,,,,,,,,,,,,,,,,,,,,,,,,,,,,,,,,,,,,,,,,,,,,,,,,,,1034.7193892205803,1035.292218090822,1030.884214461681,1031.923626326667,1034.732179105944,1049.5338949601542,1055.5373742520424,1068.6947736130169,1061.1003034882215,1069.1786532909507,1077.4598537762129,1088.728306233598,1096.8881150291945,1115.0126550749562,1139.8027418476483,1161.3924760279963,1181.1852509157295,1197.9341111826443,1226.2753093456074,1235.7653900368744,1266.0970477460467,1286.0272732444628,1312.7542506804832,1328.470636121499,1342.9060174653105,1350.6580641683795,1367.2372046180647,1372.8346800655045,1376.9937992613457,1378.329491493548,1360.2779371803701,1384.2970698673466,1394.3681407621764,1421.1815189954286,1420.4145635319605,1424.5322480579237,1430.8132870883467,1435.6687961124355,1433.5726114516688,1435.4663008584805,1434.944638740264,1431.45529721741,1442.6972428394588,1441.3408995932787,1433.5455424525412,1418.207306762271,1412.379265759239,1418.1070015458993,1421.6197232495622,1428.8008567764807,1430.1418360122968,1432.7637431625694,1443.3483123697047,1455.6009145502046,1463.6948086336083,1457.4981121812516,1459.5938522884458,1460.649492974223,1465.820945727926,1465.9154797831159,1455.1441934930813,1449.6925686059724,1440.4446220546715,1452.2276628124937,1469.002031025696,1471.927738953918,1471.1697195265851,1478.7824885563466,1484.5887747513364,1491.3227409682927,1495.0802889968936,1495.9238395606842,1505.1703256290596,1508.601929832958,1518.4821246666056,1510.1255572785274,1494.0309602580292,1488.0189366786142
32489,382,Lexington,city,SC,SC,"Columbia, SC",Lexington County,1049.7711890901037,1039.2036577080764,1027.4043851732013,1028.0364845670315,1030.619625062058,1035.1931903261113,1042.5234262252466,1045.2251160363223,1053.682751728241,1063.9967392348583,1065.775392650811,1069.6946411497865,1062.0409747477886,1065.3256187612956,1068.4099878607763,1083.1371329242172,1089.2181688257872,1090.047228665984,1074.5379866193196,1072.7900675251847,1069.0623666619117,1069.1403612670233,1072.1596864230462,1066.505949387185,1079.3515325409373,1091.8073088875763,1116.928119978175,1114.5212664023745,1112.8686712671454,1109.4550202520172,1120.4719248125798,1119.4805633583362,1122.133064902968,1124.6120661817001,1127.8428794683518,1128.1343656556533,1124.1069031832774,1123.8476724737,1124.6745543395002,1125.9848366198928,1128.6695278961136,1131.6887826051175,1137.7341367374502,1149.7599070085248,1157.151526932243,1166.251364703738,1165.5210506374726,1174.8972018487543,1176.6533973956175,1174.5122762722388,1169.135155692269,1174.623337302478,1180.9022437751585,1189.2075179846581,1191.6586276307346,1193.0787692442686,1196.8836011347114,1198.9212091273373,1208.1990261728472,1213.371235343772,1223.5798541845688,1235.3300661760632,1235.0146904747921,1224.9599438128935,1207.0997948670977,1214.4404384918269,1228.9452034698184,1242.403873729194,1248.9218743413278,1263.644923046621,1273.5811702486694,1287.0077631198715,1293.4188617666898,1299.7033918563961,1308.8809134086277,1327.4921068832143,1356.9969145781072,1378.5430984078203,1393.0877446074858,1406.5604243961673,1424.4684571050934,1446.4107794333927,1458.8583560251318,1461.6499508083086,1460.3987171952042,1470.6877931163765,1481.9440157303366,1492.346727761496,1501.873891781058,1510.0243867200804,1525.2383818330727,1526.406228289423,1529.2075302318328,1519.5241626458899,1532.5654374425774,1552.092537963924,1578.9426438255534,1583.638471915048,1594.1632031707302,1604.7248141292368,1612.7451784801735,1611.0456512907083,1605.3947247909152,1613.8919064187512,1616.675802851375,1628.0325704712739,1624.1129022963487,1621.2227019907102,1623.635806364768,1628.4432626386204,1639.9529673526617,1640.4763145031784,1651.1116504120612,1655.5339784742926,1656.1761717399636,1660.1279623414016,1680.9069516008826,1702.9523280210499,1702.3919251626137,1718.254194284566,1717.9521697043883,1743.104992142977,1725.8572334245057,1737.8447762400378,1738.499010387511,1746.2145431264012,1764.4202372669247,1759.177630339306,1753.5763726672885,1745.3357045866105,1757.5234567027273,1755.4099930780728,1761.5497160448524,1751.2369553871888,1768.5146578262293,1769.1397491358305,1773.8223150454621,1777.9203342240414,1776.327146516097,1788.3103448275863
6218,388,North Charleston,city,SC,SC,"Charleston-North Charleston, SC",Charleston County,881.4112972240835,883.1547637986139,897.2658970892605,886.2336316019911,880.4225557012631,881.7730058622684,897.1675962162998,901.548618221835,912.7249473465391,923.5883941684576,925.0379749329445,931.0621954675777,936.2230672075435,951.6176195573897,949.3764661154867,958.0399736343911,959.727957005448,969.948982498945,970.4699974414887,972.9243404022898,971.0678806112674,971.3293831564216,976.1700462155197,987.6329290206835,990.9709523022093,994.9317136214638,996.1560740969699,1006.660080170227,1017.9383440150316,1022.2465516494289,1021.1858100926851,1024.9331735160424,1018.9530583752281,1024.072598417073,1028.7260044775855,1043.6408372353646,1052.0572875736057,1056.8904054986806,1060.4783815929013,1061.488974075284,1060.632998666118,1063.7758507874526,1072.3778867016906,1077.5933971918287,1089.1607576689105,1092.750650746378,1095.6729085689146,1093.3089840494074,1096.4570373617958,1106.8979815738107,1115.790262030623,1120.2074762825914,1126.7578380501948,1131.2063821755592,1135.1913436613825,1138.9248348413585,1142.8209028255349,1146.3724095970708,1149.560509689898,1149.5093258879645,1149.941662447639,1145.492815661349,1156.2731387937802,1158.5831742052626,1172.1333885719496,1170.8087558648706,1170.487113850142,1172.1263467971949,1174.4166341667267,1175.3900637103843,1174.2054410300013,1187.7737536767913,1203.352455110275,1221.431414881085,1229.2953021738156,1235.9224352393023,1245.357373778313,1264.6443166434954,1292.7382504278787,1318.8395610328648,1347.481208556488,1373.3499124307853,1391.6073645473186,1400.1644327853483,1397.3523726340868,1405.6810752363938,1421.7207312604385,1447.6503395861262,1475.2418874620132,1496.334840188162,1508.804285297929,1515.7065466085432,1522.610028095135,1539.8082119621174,1545.2312921458865,1545.8207511043777,1549.5801697282159,1569.079672234056,1582.056374845611,1592.113058163304,1588.0190923085268,1591.1683973683946,1594.9381385136835,1602.8257414003888,1604.2648935796572,1601.3273012046375,1603.9818605129935,1631.0079902487598,1653.073026757008,1664.5544303174013,1664.8161599504451,1660.2560096471693,1659.6382087993868,1656.8918332630108,1660.0390675206152,1661.3172524515496,1668.2224682681936,1668.44181924782,1673.8374092756949,1665.4452834594313,1668.9107389226956,1675.4130107752142,1687.0955131926921,1690.3316942018396,1702.958088746725,1707.7358920030763,1718.1480914922392,1710.8994371228903,1715.0093364718007,1723.8569002207746,1728.38241585539,1732.7073855394215,1730.078046003682,1726.7581785946286,1725.8430919100506,1733.9742110037632,1735.70640589095,1743.1337307994281,1743.3666720588394,1757.0226779962147
11896,393,High Point,city,NC,NC,"Greensboro-High Point, NC",Guilford County,721.6427360557773,722.6169863707081,722.6912413415272,723.5289786193692,722.7871736642902,722.5190776594635,722.4518524249416,721.3987407225646,726.8378202640667,731.5403488622788,739.2029140737516,740.9982679836421,740.2793627249883,742.6927738668372,746.0400498036295,748.8925479245815,751.0655894481612,747.8054776104179,749.0183893746066,749.5479680683997,754.1159656159738,755.08047727215,758.2842059893663,759.2829750571279,763.3086572202043,761.7206389595099,766.8437197769063,765.4393584519911,767.2250716769869,773.2439862265749,780.3960668687173,784.0769100767593,778.5663836256449,778.1290982600095,773.795201782268,780.9222172150195,785.6616842398981,796.0672007190014,796.7579676679438,803.7033547485835,803.8319303003404,807.6846394255797,804.3979536000993,812.2090045046597,822.3803426017813,828.0094358782643,832.9482114324646,830.9724858964785,832.7949851473105,827.8577464300708,830.6700678783991,832.1027411588844,837.7871741047142,839.8048883999151,846.1229910585349,845.8536795844351,847.4737732960357,851.1718573490157,857.1161333145964,863.5126702959278,868.015004553698,876.4212467997222,881.0359992530535,884.1049079323211,880.2834443645016,885.3314851230109,890.2829874409199,889.504417743079,895.9295291780519,890.7009289066272,901.4414429183228,898.4025223626107,908.7160526769989,912.7136585362714,928.739391860061,945.547271462547,963.0725562558911,976.9519425072743,989.9190263408072,1014.3764438248775,1023.2402276265294,1063.111989387806,1080.954070150903,1116.0530222752332,1112.953432297199,1121.3782559331194,1123.3974727752786,1133.4684805929817,1141.1293776624573,1151.2629004984522,1161.745660315799,1176.4888448840345,1188.1514810298675,1187.292088254433,1176.8595223055665,1180.4590092244682,1188.3494145344107,1205.4759603414107,1214.0848318438307,1217.8162656090751,1224.7923604523805,1224.2454926304401,1225.3644256157456,1216.392217860875,1225.8909319053498,1229.682325464013,1245.1204045954069,1233.8009905549784,1246.186642788893,1248.8875580483195,1261.5309581189501,1262.36635351141,1265.5709485405287,1276.8540505879066,1284.0686359267095,1287.4140443708968,1285.870963026635,1288.7474079172766,1291.3058193466873,1303.8524983799273,1314.3725570890542,1318.0512173501293,1310.900663545447,1308.5097090328215,1314.8081324460181,1323.617241355132,1328.0621144126135,1329.1095419415853,1333.6764800363114,1339.126064604598,1341.5697765764733,1345.9695442284358,1340.302858361899,1342.4759792392342,1350.0499844459928,1360.7197241475997,1362.9244883338167,1360.5771559104633,1363.2478330298638,1372.445351182835
39134,399,Jacksonville,city,NC,NC,"Jacksonville, NC",Onslow County,773.9646162735412,775.4141723961152,775.7853052350999,773.6423860284502,771.3476807533955,768.8749127052497,767.5861231769336,767.5964630607283,767.3121581783533,767.8146984087505,768.9276195177058,768.4331417636508,769.202526858016,769.1640603496255,768.15696674639,768.5503576795631,767.6260202258843,769.395787895463,769.1566761359143,767.7943368903533,766.8358076334033,766.4929596070647,767.2752959279603,767.8668087676073,768.0183938023735,768.8244433804483,771.1656685761129,773.3235440828105,774.3492205420592,775.7571268730866,777.3790889731426,780.1904433029885,782.3846396390675,783.6881464573138,785.3076325530807,786.7736585642831,787.017045505713,787.3205523738621,788.6353800089364,788.4015235088148,790.3406176032144,794.1616394089201,801.3010970773133,807.7213576660497,811.4029251097022,820.691306291599,830.824270028436,844.2659492027935,851.587724584186,857.9254413598169,865.6694265948314,874.3569681604746,882.0044313336176,887.1502408497971,889.6353082602051,892.1146104562914,896.8676372141424,896.98021866055,895.5910052176478,891.282700499564,892.0760631080722,892.8181298214491,896.9233868647226,895.8403245202616,896.4606820867536,905.1986166368988,913.452182257167,920.0770617742862,925.4022195866677,932.8763858823671,947.5305358911501,957.4707526970246,962.9856264827662,954.1411619304172,961.8323153647622,971.4980983153124,983.3113445679153,990.4169772408233,998.9020914461082,1022.351964305145,1038.886833463557,1065.3175774229987,1077.4271303163505,1096.061492578562,1115.87566688538,1148.2514077931564,1168.4227845229575,1187.514693770806,1202.859250068656,1212.5701862564476,1231.9132396026157,1229.3743282548842,1242.2453314510028,1224.9561527878795,1227.7169232309147,1226.5412514097598,1235.238418653283,1236.0949829225044,1241.2206919770888,1244.1758496933828,1254.8509887369146,1265.2017119218176,1267.36527929289,1271.0152624346026,1270.3968465074756,1281.5624437912327,1282.7253606091529,1287.774693482101,1285.994997491832,1294.1770611913316,1291.6124991938962,1296.944094854295,1292.475466069451,1299.8835500905527,1299.4240215647478,1309.9704656332053,1313.3749239320398,1322.294047258775,1329.6485777557243,1338.661730721857,1340.5401576589989,1341.9597040510207,1347.2775618507967,1356.5605436992053,1360.0450085871923,1362.586072065136,1363.333425919026,1366.6690276343002,1372.5512413749752,1374.0040309763212,1377.8757945972009,1378.9741717580446,1386.7000099572172,1390.8940271234294,1396.9193054594346,1396.391002492295,1403.7175287994835,1406.006854932199,1415.0870767480176,1417.0548633879782
11726,411,Greenville,city,NC,NC,"Greenville, NC",Pitt County,751.6952764328486,752.6404727962755,759.6894609889816,756.2771285679966,755.2349337716433,764.6882808920426,769.4057046334025,767.3302575169746,761.9657838620832,761.7725358041017,768.1452438234285,776.2339009430193,777.6183064834865,776.2591489677627,776.5673907195779,784.4085976431497,791.499743348572,787.5593736791524,789.0033156498804,791.5761378268479,799.9870155187035,804.3345554280025,800.15563647873,801.1817035188875,802.8240642745352,808.4141399574464,807.2304214094946,804.1043142568051,805.7651275107816,812.9213939056123,818.9746415897239,824.8729208956162,822.658620159524,820.2383864226614,826.2007196356205,832.7105676062298,845.4941506388772,847.4974677253471,852.0124792543929,861.5296870370875,867.5866603540787,864.2838541906392,861.6522964802527,864.9177712953119,873.7369629380427,887.0663186974332,881.5017239729574,880.8780552150681,876.5013389705688,888.7048055509275,894.2893192646455,895.7319332320989,897.650762058071,906.131063586327,913.7622988579218,916.9019581124705,918.6262165817213,917.6938040859789,928.8669118641362,934.9264765600731,940.9929160749057,938.7028053821509,943.4648099223385,954.7130240605056,957.7247955910996,956.1556473378253,955.1670189495175,957.1825394509435,964.4658648242538,973.9949661176387,976.1918691978532,987.233744740117,991.1109572312076,1001.9624102812131,1002.7369996088671,1010.6722485777109,1021.3823328807403,1042.685888995749,1046.0389476368907,1057.9011771046169,1065.7213603808239,1083.1103652646814,1087.6418490793176,1089.724529664912,1103.2449420292749,1121.3330073980528,1142.5198261972587,1160.6250285783992,1173.1532807434514,1180.7066207842488,1192.4289435111418,1204.8497466592992,1212.8414235565713,1214.454958279721,1224.4956359674295,1233.2642752158245,1245.7412764666894,1247.9317094715316,1259.221340540248,1257.3484070731079,1269.060774831513,1271.4371412860016,1284.7559502413571,1284.8846003103795,1294.337344820977,1291.2764773829126,1299.500764372317,1306.441311927546,1316.6151792894466,1321.1118758673106,1321.6246594266117,1324.9295844488315,1324.6200143764763,1331.9421624690606,1343.5873963481265,1356.112541687428,1356.0153832986277,1358.212040126989,1366.961089528308,1368.1724929863733,1359.771351697201,1350.8791758987786,1357.717304757129,1363.5559723944543,1369.1401648940487,1373.6083175546737,1375.908797354579,1384.1941597161976,1391.0486253670672,1402.895560626585,1401.8934694334723,1407.1959794436734,1416.561843949954,1430.8061410563232,1432.0200548911214,1434.9385146473069,1436.617619983947,1437.0221317716475,1433.8916788483502,1427.903717627402
17386,426,Chapel Hill,city,NC,NC,"Durham-Chapel Hill, NC",Orange County,,,,,,,,,1017.7678637769579,1028.294834246982,1036.983099685887,,1065.4264887309525,1063.5078312788444,1045.647253217643,1043.4027273958307,1036.6316116192188,1046.5034898014155,1055.949407972499,1046.310602813494,1069.208276401686,1078.4318873895645,1104.5089436151015,1084.8838031507594,1081.3109815400892,1082.7662886639391,1088.32171109685,1098.499013055291,1102.6958708497439,1105.5707171526683,1111.7123315205486,1114.6444789441607,1122.3102269007666,1124.0810687571577,1119.7083512054871,1124.127061110433,1120.6143516534066,1122.474425962806,1119.410994043232,1130.9600548517076,1137.9869224868232,1145.9035521392711,1146.2947812649293,1140.889084008357,1135.1503708750538,1151.3498548893497,1190.4986772576744,1188.1858314382885,1191.1560807198452,1173.3902133123775,1187.1814447886036,1184.254889501149,1189.2140562375605,1191.602377304111,1199.3121450067122,1217.7876191929872,1228.8668251257916,1228.9457844976855,1211.3783929371812,1232.7085444550448,1252.9562398422038,1287.3374481561264,1256.4484213028106,1251.4283839749985,1249.2738991401643,1243.378551953675,1252.9915075223407,1241.309493139553,1243.9014341483394,1259.7886468604668,1285.6178487225077,1313.089271798125,1319.690088227079,1324.2495166968556,1294.504841753702,1312.7431053288205,1326.21840374028,1367.2404502912339,1381.2499004484391,1411.6575892587416,1433.9033839957087,1444.9514002360424,1442.9202090167623,1449.3552561592114,1475.7683076964968,1501.898667168589,1537.3026278903105,1548.8302791051703,1570.6539464120647,1577.1746461917835,1583.2149677633965,1585.8019437626483,1583.5919444846324,1584.4233266309327,1589.1001342718082,1586.412802296732,1577.1643153387624,1574.0104033440896,1588.3754909079878,1599.8138815241975,1601.9037110303257,1600.3862330602378,1612.866166016413,1619.8720503487486,1610.26243303041,1606.2038599487303,1600.849086290535,1617.7060191082583,1617.61075338915,1627.8051277226114,1618.260027221128,1622.0229614398893,1620.712365971292,1628.9905764616105,1636.8733639837246,1633.9966524281806,1636.0896449759719,1630.7903898792001,1649.2845609466747,1655.4018857554267,1666.5624088897653,1658.8391234953842,1672.6463565048052,1676.1122401137147,1678.4098340231055,1671.3827525596819,1665.8597987859953,1666.8312813175025,1676.1019112314464,1687.962050273213,1681.5238915489626,1674.81612382601,1672.9233074896244,1679.0000780458977,1674.3458340622904,1672.7337842288966,1676.0054287255573,1682.938529471498,1685.991393022038,1690.4506657687177
3404,449,Anderson,city,SC,SC,"Greenville-Anderson, SC",Anderson County,,,,,,,,,,,,,,,,,,,,,,,,,,,,,,,,,,,,,,,,,,,,,,,,,,,,,,,,,,,,,,,,,,,,,,,,,,,,,,,,,,,,,1051.7602417481362,1045.329647895256,1048.0680186729223,1049.953979578697,1062.137344258297,1067.1602262962617,1080.2606150357924,1080.2552063975736,1079.3792689459826,1073.3421056979591,1062.5647432449887,1065.7757666044376,1068.0489518594986,1078.4921041833907,1085.5512927835014,1099.5757335255314,1106.2372009320152,1097.8754820151821,1096.1080541598246,1114.5185385342234,1145.53984624186,1150.2250486717162,1157.4826785223654,1149.6418122896084,1162.936974234478,1158.864910342091,1168.3427933119278,1181.414108540285,1187.5817191921722,1210.6234950687274,1205.1514780486482,1197.5209137131424,1170.7545209720124,1176.3671199945068,1180.0082929126663,1195.7981296616424,1198.6813509267838,1205.4536668993294,1200.3597440954213,1200.1950428642451,1212.4555172848125,1210.5667213487193,1221.1292616457122,1216.183959245525,1230.9325279956836,1234.8817037261442,1239.2763450660823,1238.7725746745375,1238.6168532866752,1242.7054101327583,1249.6197911972372,1249.621131893825,1244.8119735911012,1246.235509088607,1250.2111995081282,1262.969642857143
52179,454,Gastonia,city,NC,NC,"Charlotte-Concord-Gastonia, NC-SC",Gaston County,725.5644932751346,733.9258709393321,731.3432305555808,732.9014506511819,723.8656963367837,733.8313308662005,740.7757169357549,753.9118763286813,751.9864307674553,752.0723094973558,755.6479802069282,762.1918606126083,759.7538502657322,761.0826891495016,766.3429244771638,773.3956369310729,773.865836247616,768.9766188086359,779.7368360571205,787.7747564321342,801.5078831983827,800.1804939262491,799.6742170837131,795.3180815933125,804.0439506478114,822.0481305548692,837.9460829050145,851.21160202449,867.9133387636032,869.6843206261025,862.539129369652,848.6017211717963,854.7781187440926,867.781971013714,882.2477831580703,891.0767732480297,896.1631271619849,894.0910336734783,891.1078553033021,889.768209778892,883.1087965266863,888.8981720759303,892.8176025212133,905.2631397942883,909.4149834347716,916.5833166713078,920.302814910206,929.1950296920764,931.1661583409978,931.3692950318247,936.6848654302678,941.6159505807798,950.8624923108371,958.4047972291108,968.3087381752849,975.1450472160332,977.2628231891362,976.7640917969825,978.0658837684622,979.1039249504068,984.821836930487,993.4204412496377,1004.3912271799079,1009.7217298609307,1020.155366677203,1022.7982385849889,1024.44705810074,1031.406882405459,1035.7183621811776,1050.447758187224,1053.6837743375884,1065.4794543694236,1080.6249828168036,1102.219040525138,1117.7353150103177,1127.0590941960713,1126.6364104909392,1137.6297207168927,1158.0844154071547,1176.4300531709182,1195.567673848367,1201.182786059389,1225.5570964367262,1232.4089367260551,1243.8904591448018,1246.225624520346,1250.8087520805384,1262.503294300854,1279.432073849207,1301.7819247190582,1319.0137666054272,1326.037304590124,1340.0107456680544,1339.83494989531,1342.8944012924005,1340.912382871418,1338.423290858788,1346.3533686979556,1348.4571742348091,1356.7095262285718,1362.101036806531,1364.537150385233,1362.911064671867,1365.3288054404647,1366.2827410789741,1390.666058349099,1392.5607615442982,1408.403229228622,1406.2012896039148,1410.9493056426595,1416.3715130894734,1418.8950651060456,1424.7862327732653,1419.093615431076,1411.8238253201625,1413.9338339530657,1423.053956372367,1438.8302534451018,1444.9618194808677,1454.0862263597826,1453.5563241884113,1462.6164804768969,1455.7958777271276,1459.0873206717702,1467.1884254033641,1480.2896713065302,1485.8295909142885,1485.3712807791037,1483.5649891470202,1468.2537910393721,1470.5167473325198,1465.2684628855186,1476.051239656395,1474.3329998298057,1485.2468077333854,1488.2834817559926,1486.1691120782314,1486.2415726303084,1493.7990983273155,1500.8526383526385
31612,473,Fort Mill,city,SC,SC,"Charlotte-Concord-Gastonia, NC-SC",York County,,,,,,,,,,,,,,,,,,,,,,,,,,,,,,,,,,,,,,,,,,,,,,,,,,,,,,,,,,,,,,,,,,,,,,1369.0309407458897,1377.3726439789345,1376.317030374372,1382.9889277905077,1381.2913940048077,1390.5656949596898,1400.3193388211903,1425.2888887990737,1447.853647596463,1482.0747472786268,1517.7771211058248,1562.2399909043406,1594.1749423480478,1592.539264089058,1600.937838024571,1598.2112117604927,1619.1268660666992,1623.702285774011,1657.4503150458331,1676.9875665900756,1705.3067710049224,1701.6607933960065,1693.6704846556918,1679.15883193755,1679.8756454752868,1698.175711005881,1706.8754978096604,1707.4431942187532,1701.221492582715,1704.7090683530866,1690.5886258124435,1697.143716435724,1686.0347858091209,1697.39741051946,1684.3954955402,1676.617477552562,1670.6299206082176,1676.2323388278594,1674.2267207342713,1676.6512596093125,1680.101656945156,1694.4906405929687,1706.763697379166,1700.0240157209357,1698.2943240993725,1690.9698977816295,1694.874892371891,1705.1919076179472,1703.8604582290975,1705.4677150953103,1697.8275173414727,1702.4559276410796,1707.2680409857844,1706.6866797922378,1712.8218021902724,1713.2152652788827,1722.7718546329445,1716.9783553993177,1721.0428862704132,1723.031338663675,1730.2822114289972,1727.1441880020384,1736.1400051700577,1735.5869973177637,1735.2339257222234,1732.6147150060362,1728.8454977611552,1735.1474536554517,1735.4246268870413,1746.5644262296719,1749.7306255835665
40919,508,Simpsonville,city,SC,SC,"Greenville-Anderson, SC",Greenville County,1096.9410966100177,1099.2828464161944,1094.193921004934,1111.5954043754082,1119.5309153434996,1121.45471940547,1114.3978741197518,1124.31115152675,1142.0711119847497,1154.6843105237476,1156.8339764608672,1149.4635557320717,1157.9345484182668,1161.9327772298807,1169.9251262797995,1167.615918926401,1169.4034054355873,1176.61253091966,1187.803005065291,1186.7226187927834,1180.559478942999,1181.3606756509182,1181.9966601684018,1187.1223607026197,1187.9618336930955,1190.956730684222,1197.9219312523462,1200.623343593166,1203.1350522171376,1196.6556183603536,1199.3429055167774,1204.4181545282981,1213.8996038546445,1210.4359429030226,1216.3305464777197,1219.494835656065,1230.6874109786927,1236.3900042652956,1240.420508617941,1243.3435958112348,1247.314507108482,1249.3612452789089,1256.6005514962542,1260.917593285973,1260.779455555824,1256.936446049499,1255.5691697302095,1263.441502786079,1264.6236717890133,1275.6124971917554,1276.1232830549245,1280.8373557944428,1284.0767782755665,1291.987483344215,1290.4155867607758,1291.6123804677886,1294.5406236580457,1305.1678034604142,1309.183999772213,1306.3784632431598,1304.6721028050808,1297.5129458192948,1305.8406378314144,1300.9914913712669,1310.6258541207808,1311.253934004066,1323.5039221189036,1339.1188111651084,1342.263309315735,1356.8901667909167,1364.8688402927812,1380.5879373741475,1385.1378858419562,1398.2275469185433,1412.726522361937,1432.091160591997,1445.144131722333,1468.2875021904224,1476.9345076510674,1487.704185635604,1500.2116645512897,1507.151518415353,1520.747598242252,1528.9232902266108,1548.6569639846557,1553.8305950279355,1562.35251954574,1573.5688686449712,1589.6388170606174,1595.5949825721102,1604.8755062054324,1610.4975202064863,1619.3394476506,1628.5872365065281,1634.5171319733156,1644.433029443566,1645.5588394573483,1655.2149097271056,1655.545613008115,1662.2196149396748,1662.2420061178639,1663.3217510161041,1671.7955905794051,1673.8076584078801,1682.621249182361,1678.623608394258,1689.09863715095,1685.2126629108404,1688.514540329311,1690.6101353171052,1704.8688379616542,1710.7517130922643,1711.0117334000668,1712.5455764685676,1707.9171593298827,1715.4517694005074,1708.0332031927953,1713.968127295419,1718.8763245021416,1735.346261017334,1742.9263693852774,1746.4578873082082,1749.2139595328476,1750.2601171831961,1755.687658490203,1766.674352342721,1769.7167376459731,1776.3780104091265,1786.9059083828429,1793.202441937145,1793.3255713772808,1790.6134378670158,1792.5110773159727,1796.670008463763,1797.0360416655128,1801.268881625047,1805.6604983470343,1804.8571797297104,1810.9792212164543,1809.26455026455
16785,516,Apex,city,NC,NC,"Raleigh-Cary, NC",Wake County,1300.6324778223627,1312.477949761587,1317.4306772581756,1324.6774342577546,1326.533869546796,1334.7444051971372,1328.9618866703836,1334.5043713835996,1329.5966688654944,1340.8666723682225,1338.1593985475956,1351.512425506803,1355.982340030555,1356.520296891529,1349.4415303385708,1348.112455726471,1348.226718778937,1354.2679053387883,1360.206846988428,1360.180254504561,1368.7078433422923,1359.934340778067,1373.055264520227,1365.3378717577014,1370.403318282899,1373.5293038451453,1390.0553249248153,1397.9305742292354,1403.213095628792,1406.3174043089307,1406.1103613770972,1413.5725316284409,1404.7795445814081,1420.1638470094222,1420.7496136718594,1423.445421081243,1413.9880346950224,1414.121028936662,1428.5083472301892,1436.501488023309,1441.324926836179,1431.8003805310266,1442.835607114802,1435.5190103119412,1454.6219397993034,1466.183161156923,1480.9337683736005,1506.9043709810776,1505.782178645291,1497.6789543678547,1489.3229649996783,1488.7349487686085,1491.6248871118653,1505.047471195962,1504.2504172162328,1514.498411531081,1510.1717157989237,1502.489625104428,1495.2081474177626,1481.9165000840194,1492.0792937700317,1502.9295241061334,1522.122181260529,1528.1639586650078,1514.081931924843,1503.5492844179532,1494.0655836701676,1498.046798192503,1498.7896955457327,1518.627744656602,1542.7038894731643,1561.7446397264237,1569.0324393139226,1573.5128731417192,1592.8528484120386,1612.3293228777036,1641.0666063913372,1671.996943924109,1710.9035338442773,1752.5141463759203,1784.2163086006851,1799.6573390261722,1808.9422370659559,1825.300462437716,1854.6545976630953,1875.415583994768,1883.5858385253275,1880.8443060451502,1885.5375558684984,1890.0523582465776,1897.9107831665315,1906.4987273769937,1915.5521217905914,1927.7929097125666,1929.9186598268695,1935.0670372179225,1934.4909189959897,1934.4899965588372,1935.5118258271439,1937.1929318179089,1947.471919057287,1955.516150233107,1959.7157294060105,1938.5916745348864,1935.3938540745219,1949.6221669222286,1961.8905558283884,1945.2895994559115,1911.8898812815453,1916.5122260951628,1932.503022628849,1961.4822469203586,1966.7555112846667,1977.9704569737237,1971.2172432256314,1973.1617640195097,1962.0988164284138,1960.036984350098,1957.2791589127567,1975.0560227068931,1993.7390563536956,2009.265706910436,1995.6148042614814,1977.1018702609624,1960.4934620432207,1962.582119669168,1952.6229946665358,1968.4099758610648,1978.674156660086,1973.9679519150695,1972.62747821096,1968.1371835522468,1971.4521328580684,1959.4851482755091,1964.0272831217455,1966.683023081516,1977.8762207575762,1973.0605072481521,1986.4699015813626,1981.23353629898
45291,530,Florence,city,SC,SC,"Florence, SC",Florence County,,,,,,,,,,,,,,,,,,,,,,,,,,,,,,,,,,,,,,,,,,,,,,,,,,,,,,,,,,,,,,,,,,,,,,,1092.9568248858016,1102.8308985073095,1111.5089491182773,1130.8195535983768,1142.41797178314,1150.4434619570975,1146.0531541341666,1146.5354233776563,1159.552604979477,1174.1839149813118,1186.2989126316324,1192.81714420009,1204.321847900983,1215.456279887292,1223.8486667037166,1224.257462056188,1231.062923667118,1248.547945263111,1254.8960567034615,1271.56096948956,1272.3229715992811,1301.2333082864334,1327.8546928039611,1355.7824170826607,1357.689555015626,1349.9283999787394,1344.1192847659854,1355.348308636978,1362.9732867894324,1368.454193500447,1370.3558284956255,1373.8760547057725,1379.8279396554644,1372.3726715660575,1358.6919028257962,1350.7250675689525,1372.3394497698037,1386.4806543699112,1399.2792175488244,1383.3904260270879,1389.7930079453367,1399.636827248859,1435.4841541308353,1454.3083737023076,1459.4003378570294,1438.6235706450668,1446.6131150707502,1458.9253354014163,1477.2000595830657,1471.6434393094619,1461.1781251919626,1478.7939043721212,1489.623680412114,1504.2324058784206,1506.6200313920067,1495.0734376653506,1490.5785617457798,1510.6082253845032,1518.2984791506876,1519.1925958488343,1505.020197355897,1514.73466054288,1528.0723157255206,1530.3010484047568,1526.6833564002054,1518.3519056957539,1507.017401247987,1513.97957570744,1521.9234218169213,1525.1559139784947
24965,550,Greer,city,SC,SC,"Greenville-Anderson, SC",Greenville County,1002.4037285407744,993.9044079385893,988.7175342381456,990.9925512428578,992.497597741971,995.1987276739512,1002.2215595768591,1009.0631255896719,1006.7832749375374,1007.752059579196,1014.6313790014104,1021.6188618787736,1025.7548518032359,1031.8572106068946,1042.5537732758337,1047.465401655639,1048.7670215843398,1048.7905258653907,1053.4494788354004,1055.8361450552625,1064.7855580474854,1059.943343526507,1064.5815862783643,1064.3059420707202,1076.0713289644818,1081.073646100328,1084.2278377717362,1088.8955733642551,1095.6303223277134,1100.174220303847,1098.0527219351507,1097.228783939929,1100.479422155289,1113.0036180021232,1115.5790766752475,1128.5563850724452,1126.9251554132452,1133.4350005724198,1126.8814701377203,1132.618772525448,1135.1541532835527,1138.8218915031237,1143.0308013845095,1150.1853994165422,1161.5334018976823,1163.260067575905,1163.067799671183,1150.9051385251912,1155.4626010853121,1163.7910258623456,1173.9816446174111,1174.6783133170222,1177.5003896434255,1180.3428615875525,1184.7976716106054,1186.4940919027104,1181.576184238476,1182.0448083492895,1186.5612788050803,1195.9591588066025,1197.0195903136182,1192.1381078119875,1206.0535698091708,1204.094737442482,1213.500148646691,1214.790664883244,1229.6213902636673,1231.1889412980559,1241.2523154537014,1238.5034989320352,1245.9863939291993,1251.9899554326364,1265.7509963432142,1274.3859369993675,1279.9226119130055,1293.04575033216,1301.60793517781,1315.6912184386895,1323.194255475069,1342.4675143160446,1351.5621205213965,1366.2833805194703,1379.0692894494784,1396.8924845511767,1406.6360526206415,1413.8176265911545,1421.9845788115617,1440.956390592016,1458.0078462171334,1473.516393535385,1485.2908473392904,1496.9263759076655,1508.4146494274867,1521.4736820464886,1518.527264718984,1526.2022590648344,1532.262232882294,1547.9309810940206,1546.7894924168709,1544.3330265028626,1546.642546487284,1552.7724341567357,1551.929188790663,1551.9406590619765,1555.9902497790783,1560.8845491349036,1571.2995537302702,1562.6777941357257,1571.3484624907192,1576.6737638327475,1606.3872489128175,1610.8676874388293,1618.612849262754,1616.1508566830355,1626.2433610207447,1626.9887654696263,1627.5508388723088,1622.57395589681,1629.2185220194572,1640.834311118786,1649.8954102461105,1659.463638004238,1663.2191189736518,1670.0773187280447,1662.3958782329728,1653.7809992899345,1657.9729159211447,1667.4790846844314,1673.191794279962,1681.9281425023921,1682.1256364394515,1685.3757456727606,1682.5718115866034,1679.170206057689,1671.6219942786754,1674.30400784052,1685.4426715813404,1701.6053132055545,1703.3053752575631,1705.2333333333333
12864,557,Mount Pleasant,city,SC,SC,"Charleston-North Charleston, SC",Charleston County,1257.099559525763,1269.1963925931846,1291.2376253312723,1282.9373147088722,1290.7994008305789,1301.3120060524875,1324.584225452415,1322.5104097579665,1314.3040454715524,1295.8266271687069,1306.0716897067446,1315.83662379772,1327.7245687592388,1333.9725573828307,1331.4249466999195,1345.956234795652,1337.5232781253212,1349.0219875951834,1340.5457003587117,1348.802530961135,1340.1014717911635,1357.8571683360767,1350.7381614324972,1366.258125852061,1373.5742759228806,1386.4298879597025,1390.2346911464438,1389.1793295759396,1394.6910969187784,1388.6748908107381,1383.607207341092,1383.6723581798126,1404.1085819834575,1409.3777921028052,1423.6237744812856,1411.7134994624764,1407.456451727929,1393.7092430882683,1405.4346254308111,1414.3127833130488,1426.4790717791036,1425.6085880983264,1438.2170359790239,1442.8729004358022,1437.357854883176,1442.6690795139868,1440.2435658455777,1452.568018709163,1457.9744077882733,1468.2260684295838,1465.956328842826,1465.554653067555,1463.7341985314786,1473.2008432325933,1475.507601764624,1478.5788906166495,1483.038100935419,1481.3766104863967,1485.5511125843952,1486.19147542208,1490.0764115965985,1493.8622600425335,1505.3574261726037,1503.4538828316672,1486.4276234790875,1484.930494635926,1483.1834203279109,1490.9292564023997,1501.6275158431351,1518.964972759939,1528.9101404443622,1548.0963168236015,1566.1520714190467,1598.100714259127,1634.900850678901,1668.9935077690354,1703.5131852401287,1724.691428765434,1766.2518759200673,1814.5564583511398,1847.8211319086233,1866.268046208416,1884.5947693756523,1902.1324969082505,1929.5726469284748,1943.7857671331274,1956.9521769921014,1992.304937164676,2021.9676565487719,2063.6473492027976,2080.4773531916608,2093.5798391546614,2106.6013712262393,2112.0128951582856,2118.431810997726,2127.356712320147,2144.464107146523,2157.7778405693016,2178.440898603833,2181.426299348551,2202.250285306559,2203.0079431114527,2215.0626809898586,2215.3502380266877,2220.910923972662,2235.73683916998,2254.3085276345078,2267.514948052954,2265.955806629208,2262.485671742721,2265.331644377064,2265.7145732577233,2255.9520175094513,2263.4506048917933,2264.5790102755777,2281.3890782142453,2289.0804573466326,2296.994785981899,2302.343099094134,2301.610563525481,2319.893981122495,2319.540408222812,2330.243863392239,2339.745002420264,2360.614863076656,2362.806462511704,2347.5786194914117,2345.148934187911,2348.9577078341913,2350.3261537453827,2351.852298078203,2360.5056910106396,2359.939385170248,2376.0478705417736,2379.5431382575234,2388.5199580294457,2390.866449005555,2403.3554551587777,2431.630939789902,2446.0903846153847
46604,570,Mooresville,city,NC,NC,"Charlotte-Concord-Gastonia, NC-SC",Iredell County,988.7649473768515,1000.4484542368562,1002.4159318147267,1002.4967119834872,1005.4933480228618,1006.618872369444,1005.9851012390707,1011.6032431313666,1021.3129897695701,1023.6335446917942,1031.8384931065411,1038.4166632597828,1045.4592620802516,1048.707328897575,1045.3252178581356,1048.8024044043557,1045.088165113541,1043.709765329117,1048.5536808612046,1051.162125338788,1052.489140131628,1056.171330464587,1061.1551711620082,1059.9209782628475,1060.745427847709,1064.1858987340443,1078.5947535021076,1079.6490973191885,1078.419006909954,1081.0078991267737,1082.6352212939526,1087.3352057077984,1087.3326781088795,1090.6487505614318,1095.2541582813285,1100.3461726146925,1102.1573884864395,1097.4960263356843,1098.068545949337,1099.056186232348,1113.1948310803464,1120.8864392237056,1130.8997941055864,1136.6404336768483,1135.8685687583254,1142.7332510548806,1133.9802191239683,1138.403881391965,1140.7139083796428,1155.44257430901,1156.9783696046711,1163.8051230255392,1163.0162679581044,1165.1681357644175,1164.9902063174918,1167.0862867618218,1176.942637290939,1179.2392488419632,1192.724590140801,1197.4352833089588,1205.1817911866199,1206.1735373624529,1211.845875086145,1215.0286901992004,1215.1239967003685,1214.53110899856,1221.3918147474762,1239.0232525754245,1256.0039373603533,1273.2132980257136,1278.580805372747,1293.348349293139,1307.9643773832156,1324.0693536290403,1336.932951512349,1357.494216735436,1380.4789996195334,1405.1619129461465,1418.0441428602305,1423.6628284896444,1435.028224548001,1447.5574668482868,1470.5891840941965,1483.341781379437,1501.6282845727649,1509.1657761540266,1515.4042167217483,1518.381513657759,1527.2380971890518,1537.6893070881363,1553.8050954062062,1565.4396366379165,1568.1686936216488,1574.6168245569709,1574.1614426370654,1583.352017618587,1579.9072308318464,1586.8582811334352,1591.0511953572639,1593.652872446802,1598.1688448740429,1596.277872632904,1595.767702056745,1594.1216389762083,1599.0547343868157,1603.3871952674697,1605.1777821258931,1604.9956149238278,1606.9864076004296,1606.7612197597132,1612.100421329366,1614.0879194407794,1616.0632443791933,1611.8758093864237,1617.7175710180277,1624.3754195456768,1630.4644494619174,1624.6392851974324,1616.309351556954,1613.0860230688193,1613.0363148529907,1622.046588743651,1628.044516306393,1639.0487406156674,1643.1628690005439,1649.3444588209193,1645.3740697731532,1642.3285438430623,1640.9880325759138,1647.6497107067003,1657.9976465452648,1663.5163941475892,1667.4648770095696,1663.3170904094422,1658.9959122889136,1652.5906112416822,1650.6604630557567,1651.0229208762855,1653.4719181597993,1654.7405130524533
55006,619,Wake Forest,city,NC,NC,"Raleigh-Cary, NC",Wake County,,,,,,,,,,,,,1138.7903757189738,1120.4255894955531,1109.241846534571,1116.2718249921606,1129.535042091922,1142.3010407260995,1141.8513297386512,1152.3096467045268,1145.8778264987402,1150.3222207251677,1148.5282293439234,1146.5172868408897,1152.1271331989963,1155.7906539107698,1170.3459747065192,1176.121104653824,1184.0213512746022,1180.5451991121467,1192.3417737315804,1190.001752285717,1200.2570421593455,1203.8286497832062,1201.8892168895134,1205.1281222760813,1205.4877094316685,1231.2412859362516,1243.3479079442372,1241.6250146964014,1227.1931321441402,1223.032930034881,1233.0665259797706,1251.8106303881973,1263.9893815191647,1259.6097376779892,1256.2347297781184,1251.6400263587088,1252.056314218809,1255.4113073035987,1250.4161411318657,1256.107298504867,1269.738548851145,1281.9405057954366,1278.608511998836,1273.7889279689944,1270.8875782996924,1282.4274555760044,1297.4011722598507,1311.781515648831,1322.8238888227863,1320.094776718381,1326.5258248559644,1309.7091223015723,1310.6697870780788,1314.888687948245,1330.6594684592112,1339.4248775602348,1348.699898193899,1356.6294472894012,1364.1362977327976,1376.0576400878697,1373.7692160599443,1390.7460238667766,1404.1831250507128,1447.6592620355434,1463.3561146595982,1486.6702514813344,1500.8129760833733,1528.1890195861095,1559.998114531527,1580.0207305597621,1598.913493146689,1606.209675016692,1619.5528098268076,1623.4338173292606,1639.8643778097664,1648.8681211618411,1671.5171860599883,1678.282474353482,1681.2658713911742,1691.8028844358316,1695.6825760471088,1699.401568284452,1686.1589264282106,1700.8351644708307,1714.3737475631876,1734.2347625892426,1731.3550210247915,1723.6331139957458,1716.8064764201913,1713.5569986964306,1726.128913546281,1726.626055319401,1726.3876014203645,1726.118413137558,1721.8114548787644,1718.7203007194005,1716.876621216672,1718.84204458531,1715.158932232054,1720.0979375076606,1735.614811251793,1747.6006098510143,1741.4290352028454,1729.435469514735,1720.7702609960581,1724.892179391155,1738.2190283666582,1737.7497971199796,1751.1764008366554,1750.9914425824202,1766.6563365423578,1769.066885280368,1764.3772365494435,1759.4971562497778,1755.521584963152,1752.650862270933,1762.508077559939,1763.3031237184302,1762.76269408683,1767.664155668963,1761.9949966604554,1764.7476517411594,1763.0488791572202,1769.5652559503985,1776.711351299064,1786.5242801684349,1802.2544787732,1823.3578904991948
5621,636,Lexington,city,NC,NC,"Winston-Salem, NC",Davidson County,,,,,,,,,,,,,,,,,,,,,,,,,,,,,,,,,,,,,,,,,,,,,,,,,,,,,,,,,,,,,,,,,,,,,,,,,,,,,,,,,,,,,,,,,,,,,,,,,,,,,,,,,,,,,,,,1434.3228137911608,1437.8577494863703,1433.435646071954,1425.068136230151,1440.1724578363528,1428.699039925899,1451.0330219049883,1455.0254951709449,1476.0059693860812,1468.5567968034634,1448.5334923182388,1463.4955791756647,1473.7487266809665,1492.6618700084543,1475.7757995018744,1477.0957736648895,1465.4953901961374,1481.137214174706,1481.0314515510033,1486.1105198300575,1492.8958552540055,1508.7107195653775,1524.975665301773,1503.368682632526,1499.0477966239928,1502.4974295864615,1532.9704112403024,1554.253910471106,1578.283068783069
20323,638,Salisbury,city,NC,NC,"Charlotte-Concord-Gastonia, NC-SC",Rowan County,,,,,,,,,,,,,,,,,,,,,,,,,,,,,,,,,,,,,,,,,,,,,,,,,,,,,,,,,,,,,,,,,,,,,,,,,,,,,,,,,,,,,1072.4145084502643,1072.5018243803054,1079.305733871373,1069.8081972887621,1085.1026165388032,1095.2142431084126,1112.571634556945,1127.5321715587959,1123.6659358993495,1116.8840425862259,1120.6902001901349,1143.6359648084667,1154.1166260135935,1159.324082875878,1158.7273257750746,1171.5896758090964,1166.8857797298838,1176.1353361565712,1170.4726858149777,1187.7484644243502,1188.2325628587826,1208.662789066307,1212.1196483730334,1216.6735818549798,1211.9648974302313,1210.8515540126348,1222.194309087835,1236.0949603808092,1242.903157337262,1245.8709143526646,1249.5893942342668,1243.169699270106,1254.591122890455,1249.7011445586475,1268.4745023592147,1253.747247080923,1261.6583748010985,1254.8003718315736,1273.1387548368427,1274.4529309764516,1278.8983041254141,1273.7339906715079,1275.5459084188485,1285.792720247048,1287.133293454341,1290.914165260963,1280.858906692162,1292.356790177924,1292.4110196269748,1303.7599324058008,1289.753688524991,1285.1066528834608,1283.6512080998068,1287.8925507081278,1288.50927572093,1282.2046703296703
41128,639,Sumter,city,SC,SC,"Sumter, SC",Sumter County,,,,,,,,,,,,842.3765565000094,851.1473624785251,855.8584686819905,853.5240563822765,853.1047528892119,853.6227008618034,855.0517131112972,856.7063445422732,863.3630055207412,867.1733427292971,865.2975495237386,862.4070895947515,860.7352431941342,867.984267521076,870.3656707189602,873.0362379928912,875.6689987217876,877.6244968632022,885.2595276730914,879.1454216587166,880.5412835074371,881.8510829563573,889.9994145139923,894.3589072859016,895.8254088520396,896.5371689378605,892.1192539569263,901.321305439977,909.6849995995747,918.0580929887378,915.2294248115583,921.1066309768421,931.7578838924647,935.8625197082475,939.9486446823594,933.3430371129848,935.8183086415451,937.4673624819843,944.1898618195075,942.0826408719971,940.6835451531384,940.3807158978333,945.4713851351652,950.9343890134608,947.2530160987636,949.6134112674868,949.9384163343285,960.6960175640573,965.681013436141,970.1717723718479,974.6194585493525,977.4032194206752,987.1774753247253,990.3842750944367,998.4501035257928,1002.3004279656706,1006.4027752077607,1008.1086650360468,1019.528021092386,1032.1288775990718,1044.5450245088186,1046.1108568475331,1045.0153758306612,1042.5084799409585,1052.2799836579422,1058.6606935026202,1075.2972970870267,1087.5146501193017,1096.542778829054,1107.2602239514647,1124.2749982630357,1128.557333871578,1131.4091965838907,1150.724032299899,1169.683676221306,1199.8965017476153,1195.7450863792703,1208.707603035201,1206.5393491353316,1207.3721288803733,1218.2752561786178,1229.7286534291834,1229.0545359578705,1239.7918670702163,1250.5310739132256,1259.7620911641038,1265.4384188124839,1262.8995039760982,1281.8634531817768,1295.1635798982215,1302.3023660286203,1318.1598685934832,1315.782151569202,1318.6936654100475,1322.8696976220208,1331.1586386532867,1341.5506985669374,1346.393396748007,1349.2901476779,1353.726655004652,1357.3508550171086,1358.6103749583735,1372.191445022934,1374.2186667715446,1389.56954910965,1399.1238866652432,1420.3440621523612,1415.5168847422435,1413.6311843749127,1411.5363375000838,1415.8169133583986,1427.8462654113005,1422.8895911726297,1431.0782462991358,1432.3331638706538,1436.0445297671045,1437.610745687891,1440.0597166680443,1435.4142813392152,1446.4614474486891,1454.311397928566,1464.8741552467761,1472.22960257405,1474.2168280815413,1486.2079430095075,1490.084772420172,1495.1575855651868,1502.5055706686167,1508.7530189109139
31023,676,Conway,city,SC,SC,"Myrtle Beach-Conway-North Myrtle Beach, SC-NC",Horry County,,,,,,,,,,,,,,,,,,,,,,,,,,,,,,,,,,,,,,,,,,,,,,,,,,,,,,,,,,,,,,,,,,,,,,,,,,,,,,,,,,,,,,,,,,,,,,,,,,,,,,,,,,1790.1150583227518,1792.8668299727171,1811.339414814132,1827.836998836421,1841.8191127197176,1836.2851636036612,1850.2042820572715,1842.9718486651116,1836.1931346156964,1833.2989541240236,1841.502088212903,1857.6682860827013,1858.1716449253445,1860.3426773888846,1837.3591974259143,1849.4415650139106,1843.842603509891,1876.5948139864324,1871.5462942004754,1879.963403098793,1891.868302688333,1887.8779181318469,1887.553167251145,1873.8479098249406,1879.1205731873852,1879.6902271296858,1896.7655314445333,1893.5774642931533,1902.2148744682042,1886.0866764725802,1886.7112793610738,1888.6561064924206,1889.9306543338332,1898.3250060844243,1897.0441595441596
3334,727,Aiken,city,SC,SC,"Augusta-Richmond County, GA-SC",Aiken County,,,,,,,,,,,,,,,,,,,,,,,,,,,,,,,,,,,,,,,,,,,,,,,,,,,,,,,,,,,,,,,,,,,,,,,,,,,,,,,,,,,,,,,1151.629159781239,1169.1997042200494,1186.0045470662171,1177.1660745499703,1185.4151822119738,1198.7697788720827,1203.7504291901128,1205.8694676036193,1204.636804128976,1221.882052586294,1240.7490610944274,1255.104055227709,1246.542795237955,1240.6153105397493,1236.838052699254,1256.7604948589928,1269.7285500684507,1270.7581241762844,1271.888211028162,1266.3379009174735,1268.2218722513885,1260.6061380803803,1266.4882397898346,1267.0646705992751,1268.7989793842153,1271.3946256803843,1286.8988171539397,1299.7819067996777,1304.384889929334,1307.2119408159417,1313.6389120220192,1323.2496421108035,1341.2787948135417,1341.6243233536275,1337.6099778846087,1328.0710288602875,1341.836814072733,1361.5745259984853,1373.2730250089069,1370.753330231844,1364.0856084520872,1368.6623140807064,1373.7993204778145,1379.4989952928245,1375.1475900102143,1385.3478292505276,1391.3013544652567,1403.8974577360523,1401.1234215299612,1392.8980134507349,1383.4173461666048,1381.6261913293883,1387.4357488443848,1387.3822434875067
33866,737,Sanford,city,NC,NC,"Sanford, NC",Lee County,,,,,,,,,,,,,,,,,,,,,,,,,,,,,,,,,,,,,,,,,,,,,,,,,,,,,,,,,,,,,,,,,,,,,,,,,,,,,,,,,,,,,,,,,,1528.9664000006887,1532.9095642417183,1531.2874073592207,1509.7532765971273,1513.0149927998357,1510.1284242601246,1498.9466689700596,1530.31827089548,1556.519332065473,,1609.7363833885943,1621.8211963254107,1632.95735871473,1609.182498679322,1637.0777694334745,1631.7382343985096,1667.9810889425967,1664.6003315553464,1689.3891329891753,1682.2850697564918,1711.5693079788668,1711.5966486636705,1710.7717221382507,1705.7131973155485,1712.1237984512518,1737.9148250038686,1729.0029597560983,1734.1197203051602,1721.8016028256352,1741.1567148469921,1732.833165099473,1742.9693391319545,1720.734792953393,1726.3273910811256,1719.2974590972576,1732.94344479914,1733.229975360341,1757.9221668020425,1761.424973110085,1780.2724081268825,1786.4827485646545,1787.8695788538578,1796.0753224832479,1797.5002169676636,1805.7231629947203,1807.9390388873437,1816.6901399919584,1813.8861472928663,1814.2407679023356,1794.428739519979,1796.0728715728717
51441,741,Clayton,city,NC,NC,"Raleigh-Cary, NC",Johnston County,1100.2254574399383,1092.3259967575284,1080.3433797714179,1077.1853945591665,1095.5109862238303,1104.6363178834322,1112.8790096766252,1110.4335862183625,1115.150601295394,1110.3119189822794,1118.3478610047428,1113.691282313367,1130.3630467429105,1128.584417078074,1133.1398651765267,1129.7120548391358,1135.8215925693328,1141.7528108194285,1142.6592870452882,1150.0507542461564,1154.9219382792069,1165.319888030417,1159.5213553720455,1162.9586142765068,1156.1738636833945,1166.7213248671928,1177.4928258987902,1195.195065978738,1198.6924821513119,1200.6012772906934,1196.8688486911183,1199.6908745812611,1210.215153671375,1210.3810628933486,1213.5682552497267,1212.7090683777299,1221.2925411333836,1232.1162406885446,1232.9558050634416,1240.2060239259954,1242.7811720941709,1238.4090120694973,1245.8753921632403,1249.4431376903344,1258.8193887871487,1276.1528617495312,1283.5005536514107,1285.9617951238974,1287.431008829493,1289.2143736407465,1294.0473476464315,1291.687131932574,1297.4988407906503,1309.718698771596,1316.5739265885313,1321.9365204686692,1318.8660143569198,1313.6358192796667,1317.524607300298,1325.4558823842513,1330.7707522072012,1331.2441346712033,1332.733234606904,1349.1919643714057,1358.0804169870269,1361.3699777809943,1365.056023940898,1373.509547503771,1389.54920137519,1410.7624753028442,1411.2305090897096,1420.745194232058,1431.4989206384619,1454.5515841662045,1461.412866298527,1476.9706982056866,1492.8466302895927,1519.596688032826,1537.4894210902137,1552.764411391713,1562.0088724791456,1563.8072497177056,1582.704680722216,1602.533657571517,1626.2252896131372,1641.5294651406168,1653.6594260299169,1652.651196639006,1650.9401528469002,1652.6439145321758,1665.7797870923605,1680.4637194129948,1698.1255393266263,1713.386710939878,1714.309315473707,1702.2162180559762,1694.2851918625233,1689.3767057495427,1699.4546339480135,1717.3314469251138,1732.3891492976927,1736.4286194648842,1734.8473585185993,1729.7163009714443,1732.2053200636499,1729.3893482182964,1746.192772291185,1752.7829857065656,1763.719324783547,1761.6584373488824,1763.5623522049593,1761.9246370174483,1767.2656878324008,1778.5938656779306,1788.8151625935334,1795.471554846021,1794.7621295792146,1794.6618929180536,1791.4344954779042,1801.0468480965933,1802.3807886105885,1808.8553959213596,1806.560636275493,1806.939667781059,1802.610262904501,1800.2545544237744,1792.2478866853703,1793.076645110183,1794.4474327933235,1798.571710206722,1797.7008983865721,1794.5257903697836,1794.461827050563,1796.281400965674,1799.7208121125902,1801.7128479474352,1804.663078507667,1805.6563457378763,1812.3915498454155,1815.0336730991257
41054,762,Statesville,city,NC,NC,"Charlotte-Concord-Gastonia, NC-SC",Iredell County,,,,,,,,,,,,,,,,,,,,,,,,,,,,,,,,,,,,,,,,,,,,,,,,,,,,,,,,,,,,,,,,,,,,,,,,,,,,,,,,,,,,,,,1372.3357737468782,1403.939416382697,1419.1414652814283,1411.912116593795,1405.2518012750038,1415.8137110481853,1419.6959459769755,1437.9115181388227,1439.768428781923,1462.1549648678726,1476.6082987036898,1490.6693857766286,1490.3927043255874,1490.7263660604933,1494.0866547825121,1519.7388047524537,1528.488988874866,1542.3010600580326,1541.1205167418316,1546.6632248991448,1536.3195119040843,1535.3503161975982,1522.1872155120661,1550.9685862042697,1548.3098699703469,1578.5384844513505,1575.9113530153097,1597.8472080623967,1603.611460273298,1600.7062243667565,1608.8137442390516,1608.368897670972,1616.9974359817247,1616.7636167485643,1638.6689061154266,1648.5226715591307,1675.5240188657258,1670.5448494368652,1672.94593424732,1654.148593969591,1652.3239960219933,1659.7563544468828,1667.5943161474486,1675.006502015697,1687.9089877607391,1699.3464184622683,1701.739470949796,1691.2122933339156,1686.5780260775698,1690.0365874031895,1705.2454113204672,1720.6966039937995,1735.602278465943,1746.6172161172162
5239,764,Huntersville,city,NC,NC,"Charlotte-Concord-Gastonia, NC-SC",Mecklenburg County,1144.4699524409714,1144.7691466106958,1150.6931841452156,1162.1984589329984,1168.2733736300847,1173.1455616859664,1175.096886628341,1179.4919739679767,1180.5063085393626,1183.1882897724995,1184.112570995663,1188.037165137074,1194.360865977611,1200.6866185833494,1210.2965681210662,1210.863871552798,1211.1541518049794,1212.7193843393543,1217.4814350300217,1223.0431570787557,1224.265091003845,1232.5589296069434,1234.742346175456,1239.310914994096,1237.080228388464,1241.5114506726165,1246.080793348787,1252.267816407174,1257.2248730620586,1260.8411558782436,1265.2014742924584,1269.4179035755194,1276.5782151484862,1273.0300627762101,1275.8547159914342,1277.3605960543757,1286.508106950912,1289.1655934465555,1288.8634575550325,1290.4324751594495,1289.8736051797991,1293.5024571993765,1293.754415929009,1295.7439512566204,1289.749947957323,1296.0129613357099,1304.7316783680299,1308.3069875362073,1311.068768768003,1311.7894292271385,1315.9232680668626,1319.7242349001276,1326.1686728610161,1330.024685694105,1335.7436310081532,1340.212506536041,1350.5947260323792,1355.4256341824084,1356.7786994657838,1362.499303625783,1366.7576986708802,1374.8263287408013,1373.9633575974224,1371.4246250636386,1365.0537992363033,1370.567155894753,1378.4997922216626,1389.765105400699,1386.9021118281742,1402.1792490885227,1416.2727367549985,1436.5627330163259,1446.634725959568,1452.428778265122,1458.4744124931947,1477.638886392307,1504.6165242039253,1533.9549579759544,1560.4179689663888,1582.3202742520784,1608.983305559103,1621.9390172048604,1634.7258458449412,1650.143537316502,1665.8079455258319,1679.0031748611757,1692.8853710732315,1705.3833196042115,1709.969102077336,1716.7159374689234,1723.6113635988702,1742.8929194865075,1750.1074911694673,1763.1111325146226,1770.7164677895623,1762.484647271471,1758.7488834509645,1759.0438739522508,1783.0662513426473,1794.8927693011042,1808.0590695580922,1799.3369160890297,1792.6960680577333,1787.0337132285106,1793.5386154045848,1790.0870307509945,1769.4146032139145,1772.7515262198342,1785.0013911519968,1802.49517967679,1789.538267238575,1784.2379870229922,1785.7900424523684,1800.756552169424,1810.7973821821238,1814.9473650723066,1814.3980306225483,1808.7143886822307,1814.2509649619403,1821.155562489493,1837.9694195684847,1843.8970329075519,1855.4027495044547,1858.7326331268378,1857.6973090029444,1857.299686951906,1857.322491911651,1859.0448410385363,1862.387909569938,1873.191551897186,1884.160807893395,1884.9496363566302,1872.177264315864,1864.1292486927878,1861.4584793141955,1863.5219566395326,1865.1860757612255,1863.569498211789,1863.035660237217,1862.7969122429424
25108,768,Hickory,city,NC,NC,"Hickory-Lenoir-Morganton, NC",Catawba County,,,,,,,,,,,,,,,,,,,,,,,,,,,,,,,,,,,,,,,,,,,,,,,,,,,,,,,,,,,,,,,,,,,,,,,,,,,,,,,,,,1240.1289434015787,1248.525521665622,1252.657651103307,1261.4292030015254,1288.8646529866985,1302.5903432215878,1312.1326632074133,1319.7020625449352,1343.5597535688737,1373.2101026875457,1379.3304958826127,1368.5617934744066,1364.9511437298631,1358.7125747889647,1371.5202823536601,1385.6743006178772,1400.9559183664664,1405.9480904064299,1379.8036754366767,1380.6305436222472,1374.945154401665,1387.0193072049667,1377.539300692689,1372.1053283066185,1374.142891162663,1377.9088968060105,1380.9255232701203,1381.109238242136,1376.5670386043362,1377.4733605774468,1413.1453314731857,1415.3006093656404,1416.1627531341724,1383.8709946757813,1394.3499067410257,1403.6227918546654,1407.0606487531459,1418.6316593181386,1420.516942995488,1425.1900169499393,1434.303232457112,1444.8225746138155,1449.2108103683067,1450.06476003858,1451.437105024774,1460.8591697528104,1472.9554887047784,1479.786465593564,1487.1688088617943,1487.5490837649734,1492.362697642127,1496.1386993646365,1498.328703604851,1499.6107999233905,1494.8093720023646,1504.5464903078484,1515.2622889969675,1532.4394359216874,1531.2071611253195
38272,814,Easley,city,SC,SC,"Greenville-Anderson, SC",Pickens County,,,,,,,,,,,,,,,,,,,,,,,,,,,,,,,,,,,,,,,,,,,,,,,,,,,,,,,,,,,,,,,,,,,,,,,,,,,,,,1214.3076376133456,1236.0958447131425,1252.3335305852397,1282.2311997618406,1299.902024299078,1316.679121579674,1320.1804368354447,1347.1118654388438,1366.578854677594,1385.176045333473,1387.5188509254365,1394.0839461965568,1416.3296731340804,1424.779253623715,1412.1262523549015,1411.656756090704,1402.3582169425915,1401.950312073352,1414.5921863218762,1418.1019351590987,1433.4705237291273,1436.8634057482466,1446.566840684727,1452.1547227153983,1449.6157134640341,1460.1682131806356,1459.7644679859054,1462.4356363828056,1467.0759353851672,1493.2676737802801,1487.9453115744936,1499.0797919368454,1497.6747298736157,1507.9657661342974,1508.1218008762958,1507.2172270970577,1522.2167965789688,1522.5272787160466,1539.5281455666673,1547.5366720931293,1545.52841467874,1526.4342866007737,1527.9385924697963,1532.5249903272704,1550.6958239850035,1554.3896435024812,1568.2695519016097,1572.412975706703,1573.3554553698193,1573.2320418202012,1581.127263828018,1586.8370416842656,1600.7547201006223,1614.8986567172647,1626.015584904808,1627.150689473433,1620.9459298452712,1622.6139068524726,1620.3122755356155,1626.6591975829713,1628.2624693350447,1635.095124667498,1629.548717948718
17087,845,Bluffton,city,SC,SC,"Hilton Head Island-Bluffton, SC",Beaufort County,1110.4141498185354,1112.4447314189888,1116.541170035924,1133.6924378134252,1149.4337813577602,1154.0663982012131,1155.6965295355521,1153.5041993093098,,1154.952765180475,1162.2738199175308,1163.8962853410235,1188.646019668713,1194.9823133734048,1198.6456345311835,1197.0277659650305,1204.2602120741074,1222.2350914454628,1233.3461632512426,1240.5329567938522,1238.4245881151621,1242.6620612397462,1242.4637800506655,1253.5712350965255,1250.4532250738507,1257.0887329985194,1258.4492815671128,1256.8812095919318,1263.6793832867336,1260.9728680174753,1267.3942240965737,1282.257831547583,,1310.0129999838487,1307.3351483167753,1317.9275669904869,1317.964330545379,1323.161962379302,1329.70536634422,1326.3440932589442,1324.7713478528353,1327.282829941986,1334.5763438752874,1339.533232449187,1336.5512784011787,1334.8113224709718,1340.2193988069766,1349.232471913301,1353.4611438120323,1363.6286305869062,1369.2451444132062,1384.152642658357,1390.9715918940942,1396.9086600999,1395.5742993700408,1392.147338068151,1399.9853162678262,1399.0994574866377,1404.1605681068302,1396.8845037616531,1400.2097737773238,1394.0017590618518,1392.9280253263585,1396.1874199969795,1390.5975826246054,1400.764222804333,1399.2071794908848,1415.9764328637082,1421.7163933672305,1435.1983316887704,1439.5542569537006,1470.43927838288,1482.980402985663,1499.4659615597695,1503.3793412642958,1521.52073936024,1552.3414536092605,1592.6970003812446,1647.222413568568,1691.6983188684746,1748.1186606424797,1811.3235324800412,1876.681272814161,1874.7391782343095,1908.619258212056,1926.6139944677893,1993.647171691392,2008.528806993673,2030.3926012586835,2036.7413539875054,2048.2560723666284,2052.669710095808,2054.5470277647055,2035.4109755019465,2025.2585582795102,2035.5038662232298,2035.7198255863254,2045.1934391526338,2055.6763681801012,2080.0804870519787,2095.1998999053994,2091.1711534929464,2088.6600852645665,2103.942949362345,2111.2821382461552,2113.3786696625225,2074.035968644526,2086.9416294515763,2089.6446548884537,2127.1264960523804,2104.076688683725,2113.864150020472,2112.5617281097834,2134.260002542673,2127.881602423876,2111.1475643842987,2095.713496338564,2095.3556169879607,2118.813006580053,2133.077080776939,2132.928706877881,2099.2204255916577,2075.9782743947394,2060.600740955914,2076.99125347483,2092.777520795826,2108.7568695727023,2111.613590624136,2125.730521797436,2133.6393488144213,2139.6580241311117,2125.2851198505955,2126.825003816857,2135.1879315816186,2162.5226177608365,2167.104626719663,2153.330378591755,2132.791026065968,2124.3667561683073,2126.532247765006
45473,889,Goldsboro,city,NC,NC,"Goldsboro, NC",Wayne County,,,,,,,,,,,,,,,,,,,,,,,,,,,,,,,,,,,,,,,,,,,,,,,,,,,,,,,,,,,,,,,,,,,,,,,,,,,,,,,,,,,,,,,,,,,,,,,,,1204.0341223782716,1206.3583369015478,1204.1622997302252,1211.2368864530642,1202.5951037336652,1219.532287582941,1214.2647493482314,1226.0947217232945,1232.6204112108446,1236.868147050603,1247.9149617837718,1257.818862237906,1267.278659882489,1269.172792954103,1261.773452728381,1268.8324341632676,1268.1003521561752,1261.1181425851248,1263.7264894972527,1280.6498267959623,1299.5858268947227,1306.4767887301402,1313.1881164951235,1317.6576105892632,1325.7734664528255,1357.3167805881367,1357.4669354138703,1353.6925834830622,1347.4600458606958,1348.8035531295511,1364.3549927551883,1374.7656590697027,1368.5327909292748,1376.7001599507255,1380.0059374196314,1381.849431183403,1379.4785648920817,1367.7202998322632,1385.5817127301273,1397.8227735509965,1416.8244868670008,1429.1182811115375,1429.198011545426,1424.3020683020684
25092,901,Hendersonville,city,NC,NC,"Asheville, NC",Henderson County,,,,,,,,,,,,,,,,,,,,,,,,,,,,,,,,,,,,,,,,,,,,,,,,,,,,,,,,,,,,,,,,,,,,,,,,,,,,,,,,,,,,,,,,,,,,,,,,,,1472.1974259251272,1459.7419554091557,1476.8190719624658,1492.4336996538111,1522.7137816864893,1499.70382782558,1497.758537575926,1506.7296180842184,1537.7672917965851,1550.2507547306934,1552.290070082949,1574.6321375858774,1582.3729546665859,1617.958297687972,1590.3298238872756,1588.7499415531188,1572.5264727733831,1599.8785394232839,1617.8295234110442,1624.766515833097,1621.6223905084282,1632.3512316550425,1617.1199766058933,1619.4770453774893,1624.756760228509,1625.038960874868,1610.7402162845124,1589.5719809475238,1596.4986622504953,1613.0764559051743,1635.7598051439857,1639.0135378382101,1640.7493438587267,1636.0450493150054,1655.7791437285111,1650.5140174084606,1654.7436941119413,1650.7150363817373,1679.0451410138535,1702.3779335556278,1708.5182668666603,1696.9577849504133,1679.6004273504275
38742,984,Goose Creek,city,SC,SC,"Charleston-North Charleston, SC",Berkeley County,964.7941043423689,967.958901096394,971.2003129600427,965.9661333978595,970.6496010932815,977.9195729154346,983.1507370126764,989.7774990418678,992.3456840189397,992.1868705327456,997.247744972981,995.563614521402,994.7528491557295,996.1280652573353,999.8307378822557,1005.2971081228837,1000.7927735412812,1005.3034114423549,1009.636281072298,1023.8486379513108,1033.7714873996867,1044.0204630963797,1040.893482537114,1042.3744271365138,1043.762170800571,1047.7472914315986,1048.1572172036072,1049.6801087445251,1056.218110758899,1059.657873657323,1076.4072885900173,1076.2664598614335,1074.95766176799,1064.45041748185,1074.1642828048061,1086.2605601579921,1087.0206802503994,1091.7380184361668,1098.7779688822084,1114.8919490905848,1115.9502754053453,1119.4720219979629,1116.1156509422096,1121.292679118775,1120.9369872305456,1127.5351768891242,1124.0434718222482,1136.5808472057502,1143.8109176976118,1154.1956899152156,1158.597771512442,1154.9797638616312,1162.399158656955,1167.3389970195249,1170.8242004263777,1173.9241194464905,1182.816775793077,1190.7628446263143,1198.6389399730144,1191.4065470341377,1193.8991161112062,1190.9547911451868,1199.3499824067721,1198.6173138895588,1191.891440551485,1198.285244484726,1211.3698623509508,1226.1352867283354,1216.8569159031706,1219.4079524664567,1229.770424440296,1254.9117480913492,1261.5950002287693,1263.7791700205064,1265.1590119940754,1287.1385762570565,1320.21293956817,1335.4915498183186,1333.9281763695633,1336.2800323304696,1348.2083504853933,1362.274795269937,1389.5863602868865,1417.323892914259,1459.054534477568,1467.1206706036567,1481.7337983730815,1481.8982468925838,1485.0176391974367,1512.483517531659,1541.867168116907,1555.8583963203298,1581.169309378926,1612.2066497803685,1626.6120597396416,1614.8871659181343,1599.0574904965247,1626.0294315575825,1648.8734116957048,1662.0431971305495,1660.3562108269853,1655.0180418475784,1661.1597892796574,1680.9449308510013,1705.1158803570504,1713.3343172269813,1705.054516428219,1703.1834218019137,1706.0405343421105,1719.368976016658,1715.965331309964,1717.925211165988,1738.4288458830626,1744.12350776928,1746.0294712134796,1740.6576143323607,1719.9049722973766,1723.0259184052782,1723.859023626675,1736.782919223642,1741.3185589163577,1729.2219634261055,1765.0545433054456,1773.649618082987,1781.2524161833426,1758.7962054182824,1778.8917422587833,1770.1470066869788,1782.72853093745,1783.7702932010648,1797.7483143725833,1804.8513486461559,1816.6358208813645,1828.4164610090384,1811.7014383085614,1817.0488961481124,1817.7346805840054,1849.1802080949237,1847.8214192705204,1870.8197097020627
7962,998,Wilson,city,NC,NC,"Wilson, NC",Wilson County,,,,,,,,,,,,,,,,,,,,,,,,,,,,,,,,,,,,,,,,,,,,,,,,,,,,,,,,,,,,,,,,,,,,,,,,,,,,,,,,,,,,,,,,,,,,,,,,,,,,,1239.4632720953732,1257.3254388533871,1269.4177006959214,1286.4783883563962,1287.769527667182,1298.5586514614963,1307.3291694682807,,1317.202510058581,1321.855722985336,1352.3594143009607,1369.1517666569678,,1369.3094022892062,1398.9051050697215,1382.602488042074,1382.5325223509635,1366.2565573146871,1380.279705086617,1367.1406842847653,1366.2443984894078,1373.2358770868047,1382.7414249010453,1386.4686880059444,1381.291624217243,1382.1514933232572,1385.9493334322597,1401.1938363398294,1411.3955186158944,1426.5223341133735,1422.2490292058212,1441.6309388470536,1454.0451144168928,1454.3881457376353,1441.3332361986809,1443.1373494651593,1451.5906518415093,1463.419531409917,1454.0770390481814,1456.404295051354
15128,1004,Kernersville,city,NC,NC,"Winston-Salem, NC",Forsyth County,,,,,,,,,,,,,,,,,,,,,,,,,,,,,,,,,,,,,,,,,,,,,,,,,,,,,,,,,,,,,,,,,,,,,,,1207.4856342906053,1221.021649633292,1212.9710306963282,1207.9031805018924,1215.5549834007606,1239.733616306278,1270.5287437653515,1286.7298403160962,1302.0317349105571,1322.4188199092878,1330.7295283543574,1349.4562694409242,1356.2913781302652,1372.5158968123417,1374.4534451219124,1379.1422724266395,1380.6133824193435,1392.9010700942742,1412.228579349306,1434.2197348109346,1443.4077870537787,1444.727373607223,1457.4887237862008,1456.9982382768947,1474.7261969780818,1474.1042128199344,1498.391781325015,1504.6565984372717,1516.7982684026363,1507.2820797730376,1496.1240056477682,1486.8900154233581,1502.843855395164,1521.678384003671,1548.6395983332075,1552.524208798749,1542.4638852096766,1552.0429066754548,1562.4494252931886,1586.228301160255,1602.186439270871,1620.2242459619429,1642.7286266670915,1651.5050731122394,1649.9947484948084,1637.5186002587388,1613.1153291492121,1614.8996653751003,1629.2725397562735,1652.455749433365,1651.905758725441,1644.1130426231791,1653.2483018839127,1665.5336400647213,1676.281390705112,1677.0811036164318,1683.0010427242296,1683.443430459979,1701.0175629134492,1712.608098897318,1717.2486283019505,1708.4836797825567,1712.7452107202012,1719.7378009064091,1716.6952664712258,1714.7991187442738,1712.3480209181143,1723.5966869710178,1730.6750849443351,1746.5745614035088
10627,1035,Burlington,city,NC,NC,"Burlington, NC",Alamance County,,,,,,,,,,,,,,,,,,,,,,,,,,,,,,,,,,,,,,,,,,,,,,,,,,,,,,,,,,,,,,,,,,,,,,,,,,,,,897.1275383329546,905.5781923418192,922.3216463277516,921.999989626624,935.6047687170266,946.7083030751531,965.4325381305764,989.5020375745953,1013.3624304620148,1032.0943843874732,1034.7425948569044,1040.7359698243495,1045.1221778194267,1064.363092242144,1084.8858699283692,1107.4858913960682,1110.071026050045,1119.2485625220854,1118.5917788162528,1116.8893436517837,1105.3653669251214,1112.1073697697798,1115.616060800321,1126.3745652929024,1135.1296532384579,1147.6052962033361,1145.6517177753317,1146.8108071175395,1153.7731995412744,1156.674891119987,1156.0834274414533,1153.2825952299713,1161.0712254276118,1176.1129838961615,1203.9477434660319,1220.2800886373884,1222.7911697237926,1209.3490216931243,1210.8297469578893,1218.206352733041,1234.4284671575556,1236.2654072739049,1240.941889224619,1232.8154776350298,1232.249375938556,1232.6739041435292,1239.1725989699828,1246.658207104277,1240.7017141712606,1242.6118836104004,1242.991543055411,1248.6182355727444,1242.2578589972438,1247.2336385380574,1253.1653003834408,1269.5558072782878,1276.7937788801416,1275.5059666277266,1264.3143954618452,1256.6672645198648,1266.599729235369,1277.02562007491,1284.5741090937574,1284.3400450481197
53381,1042,Monroe,city,NC,NC,"Charlotte-Concord-Gastonia, NC-SC",Union County,,,,1012.0214129315003,1013.2803158917937,1019.4265969331204,1020.1974307716247,1034.7290825558787,1041.9172641094744,1049.6123360666618,1047.7140242661062,1059.526306060534,1061.0658423154848,1069.5376897210097,1072.7668525412969,1074.8906183818456,1084.6422244565024,1085.8308741072465,1090.5074525873256,1095.81672617254,1096.918472525277,1100.069988498646,1098.763127161177,1097.0855653116882,1104.611591792056,1110.1804691109721,1118.5978010683598,1122.972257577002,1131.6560540310147,1135.0688532528732,1132.20892520732,1116.7532609966022,1120.0355161275932,1130.2841397546506,1151.1783288205545,,1164.1096400893107,1168.2782327185816,1176.3179892334144,1173.0494841546165,1183.0889020909308,1182.6677005034812,1191.0705460790175,1192.5977547402906,1196.4087297451508,1194.0031070191142,1200.7232289620745,1210.6426482229429,1220.0937222395344,1216.6544941630675,1217.7602525753691,1229.4644495486793,1227.5517947832393,1238.3021916371579,1244.7765311012279,1262.5208788629882,1270.101023752812,1278.6040880864841,1275.7343725784467,1277.8569445997018,1278.9459690596532,1291.9357519370844,1282.8631582032024,1282.055844926416,1288.5966373910678,1294.860502037371,1312.7794674055833,1322.3551145274434,1337.1597523095356,1360.1894960256172,1385.248700824885,1388.191232720522,1401.0461300953584,1409.1581804544562,1422.148440828352,1437.5644433428815,1452.6887941227994,1480.8977995298753,1495.8386363728428,1497.4991322956353,1515.57403633741,1518.7749756591415,1536.2861523490972,1554.5704418138369,1568.6639698580536,1594.3109262381863,1602.0686595101656,1616.8084181295137,1620.4683310795363,1628.1116814966524,1642.298982619084,1666.1072636804145,1682.4723833877858,1689.672514338146,1694.1467603108977,1703.6971536715532,1705.7013102029387,1699.4563704597049,1701.9893655644778,1716.8983448087588,1742.4821237982042,1753.3633312134327,1761.738232264365,1758.5769730016652,1763.2881837668203,1756.8407089938091,1772.249648732586,1777.4705189078857,1811.0143470897183,1817.9677236321752,1830.951770837415,1823.9047107829765,1815.4375837936518,1813.6935872010108,1808.24533348551,1818.396252565191,1814.6250012677167,1835.4540365644034,1844.1354900080216,1855.6932573100198,1847.5335991590482,1855.6160829301264,1882.6006427908899,1888.037077294799,1902.591329633598,1896.4761711437056,1896.2191209386426,1895.6081160753931,1905.3595762739146,1903.7124954987312,1901.0280197061738,1900.1353627397712,1902.2879232542348,1906.5838615574824,1892.2555177130318,1901.4609848682917,1902.64489174819,1919.1550596997897,1933.4101819578373,1942.4166666666667
43956,1046,Asheboro,city,NC,NC,"Greensboro-High Point, NC",Randolph County,,,,,,,,,,,,,,,,,,,,,,,,,,,,,,,,,,,,,,,,,,,,,,,,,,,,,,,,,,,,,,,,,,,,,,,,,,,,,,,,,,,,,,,,,,,,,,,,,,,,,,,,,,,,,992.8209095340776,,1006.8041181948844,1010.4049703450961,1025.4850267116906,1011.529881445125,1013.3033067817738,1006.6070870800314,1030.5920705916649,1036.6682899867449,1033.720957082163,1027.9561130277334,1024.1430987096282,1034.4583827893084,1031.1476283194445,1034.471326449352,1030.935905738553,1042.3207278091397,1045.7781040807797,1043.882363483567,1035.534958645804,1031.7698126279931,1037.2548436121738,1048.2038403816225,1055.0906452554218,1059.6697941585312,1067.0511958263723,1070.7404474677114,1075.185459720354,1078.1626411381035,1088.5037952298587,1105.0285714285712
4854,1065,Garner,city,NC,NC,"Raleigh-Cary, NC",Wake County,,,,,,,,,,,,,,,,,,,,,,,1176.9198405834377,1182.8866498443035,1199.1333821088772,1194.2395628558504,1202.7344495778914,1210.9640094687422,1217.6811389763543,1214.9346599431226,1217.7721986453248,1220.1553054030803,1220.623375883044,1239.7656062706772,1254.8239422731835,1270.5175286531535,1269.8519487047681,1266.554024358502,1270.3162687235938,1269.1916478365915,1274.874303302325,1281.5327134910333,1284.7094254370838,1281.0739674038766,1290.4620257172685,1299.0377150432728,1300.9848915270177,1288.0045220209868,1287.2244513615726,1312.1209560421596,1314.4704959039232,1321.0356340492372,1324.686013945075,1334.6935535466084,1341.6074269420294,1353.0056255121294,1356.19515186078,1355.3754795838145,1357.6854937401095,1371.0236088629779,1380.9943532680443,1376.1818840917626,1359.3880179448443,1361.5671268836936,1361.5040688854185,1378.4744057921605,1390.776414592765,1404.8274110318328,1416.645828965288,1418.2724555312923,1436.9857688957463,1450.4364060662633,1473.6430897826308,1482.3000275989407,1497.05462931647,1530.2014209624854,1551.560849724058,1564.6207233095406,1571.5548778951977,1600.9118607129733,1620.0931657991734,1640.8206665866974,1649.8163596094637,1667.414108653021,1685.851533607951,1695.3883242978761,1704.078681810885,1704.0874169172719,1721.8711689699592,1739.3905745903858,1751.797659820878,1755.7487339113366,1767.213645419594,1776.5270795495899,1775.198910492293,1785.601736329664,1786.2377629491166,1799.474086017578,1802.926689287924,1802.4985574733178,1806.164317679361,1796.0718033758076,1804.6408515080727,1801.2164129034431,1796.769740619458,1791.3459798033646,1800.9055389259124,1800.3433871179275,1808.2385268338264,1821.6370170377324,1836.7174192508512,1840.9863610732768,1826.8064386401786,1834.7736381514267,1839.186793194192,1850.3099096372446,1847.8877851181674,1863.581577160324,1870.2051653316912,1871.7064825446714,1866.9701008519974,1858.1365760540968,1862.454193248803,1867.9130442583398,1873.3384618393438,1878.0261582548244,1890.1375191754048,1874.4000201817641,1882.6773499065068,1877.4934050341108,1874.1918031516102,1876.8462689239102,1881.945470521487,1885.0320142941173,1879.1477834646043,1878.3826709150105,1884.7567965280164,1883.5335234440076,1874.6798959574305,1885.8976608187138
20220,1097,Rocky Mount,city,NC,NC,"Rocky Mount, NC",Nash County,,,,,,,,,,,,,,,,,,,,,,,,,,,,,,,,,,,,,,,,,,,,,,,,,,,,,,,,,,,,,,,,,,,,,,,,,,,,,,,,,,,,,,958.4944868144688,965.5081972040988,983.661267100181,983.288492598367,1001.5558434226652,1014.8450772445532,1030.9374566339486,1036.2972546312706,1052.8522252290004,1056.6042141669739,1076.5667672020759,1081.758630806521,1096.1266145205298,1100.8535466027395,1121.5850481674943,1129.0140077793073,1130.1623207669177,1120.3652592374372,1125.3304094599068,1119.85568747084,1129.5474507591825,1139.954611628033,1124.2069702694205,1137.3863633070064,1144.7374847874019,1171.1758927214369,1167.5948365962302,1174.6610014557018,1175.2351265198324,1183.2164232883438,1179.7668949699457,1193.1172091426806,1198.0206109687276,1194.253574810223,1201.1149099730983,1211.497185807438,1224.342342322093,1233.112510985093,1242.1949582282737,1253.1075045120808,1248.8207623609119,1239.222897808155,1238.8379954190775,1240.7128056798315,1239.3739742173273,1246.1918099552984,1254.287310006285,1248.731046507045,1242.2546540859355,1231.7134330887043,1232.5468497230506,1230.179643829547,1243.415728304245,1259.6384000972598,1271.595238095238
26088,1100,New Bern,city,NC,NC,"New Bern, NC",Craven County,,,,,,,,,,,,,,,,,,,,,,,,,,,,,,,,,,,,,,,,,,,,,,,,,,,,,,,,,,,,,,,,,,,,,,,,,,,,,,,,,,,,1203.812275608606,1209.1496796173174,1223.1560896817875,1245.0326367326484,1259.1038401064038,1284.0527924473224,1297.5828930763196,1332.0849900532885,1363.1597976517053,1371.8264800724546,1359.2641716855371,1351.3555548972045,1363.8020100042336,1374.330065047674,1368.2290093710537,1350.2307948285375,1352.5573114458894,1361.0050223436433,1379.5537803955704,1373.8766899562331,1373.632987006393,1371.8841390090581,1376.3807079752148,1384.0378705079959,1381.7046620011981,1383.7401732818555,1397.7504343260623,1416.866468664305,1422.9172728470048,1415.8393322585202,1406.396783582641,1411.5401208951903,1424.9755348462147,1429.5402901157884,1444.5645421248796,1444.1354920897954,1464.2914974186135,1474.439726395987,1486.6405866111472,1492.9149319290334,1495.4013414160402,1502.105737312155,1502.1150486899594,1501.8457333240215,1498.645232686518,1506.5786512999412,1507.5554857502361,1518.9377111075291,1515.4682003755304,1518.3453578919123,1517.206047906841,1520.9530292527904,1530.8035142350755,1542.9488699233987,1560.4553248133602,1576.1048802063285,1589.6105263157895
39864,1111,Morganton,city,NC,NC,"Hickory-Lenoir-Morganton, NC",Burke County,,,,,,,,,,,,,,,,,,,,,,,,,,,,,,,,,,,,,,,,,,,,,,,,,,,,,,,,,,,,,,,,,,,,,,,,,,,,,,,,,,,,,,,,,,,,,,,,,,,,,,,,,,,,,,,,,,,,,,,,,,,,,,,,,,,,1270.8937508517706,1321.6024934432237,1373.7438733268075,1408.4159460478884,1405.9873265844963,1410.9471455399537,1428.6816069823556,1453.101128968688,1475.0
181663,1151,Fuquay Varina,city,NC,NC,"Fayetteville, NC",Harnett County,,1148.7536063442972,1152.6070201322489,1159.1158648834503,1158.7507311600775,1161.7389807680202,1167.4676228668607,1177.3011685312786,1178.972539945468,1178.6861102974967,1188.2011890825734,1193.774763218975,1193.4764123136652,1191.4441068570634,1195.5685510340975,1182.6992340188726,1182.8861850820656,1183.6661170433267,1199.1109372296094,1206.7662224846115,1209.3909070245534,1217.296647735956,1208.7257620117032,,1210.0288752459749,1222.0779448863934,1227.5951074300228,1251.0693329502326,1253.036775777491,1259.280443879603,1252.8174167658854,1256.9709193705696,1265.0756064756195,1259.9699757610558,1264.7738263802246,1251.651241278392,1262.94632133992,1270.6300429366263,1285.0624936782856,1293.5244795078534,1303.82427747299,1305.2758192457516,1311.2045286651094,1304.6077941025312,1304.4062384092438,1314.6309660644877,1325.952929630234,1343.712582645554,1343.0290816892393,1342.4158127300257,1337.6622480731432,1332.4014449427334,1334.5271287913135,1341.4234358432075,1348.2846999959402,1361.2165583438652,1368.741976042458,1373.6149512863253,1375.982742485485,1379.6770244600698,1387.5186402766876,1394.3085200974347,1395.2485230490809,1400.3745420777266,1402.048759812361,1412.854182156792,1432.305961904475,1449.7216971263729,1450.2750677063545,1455.868629777746,1464.3069533528162,1490.5903007170432,1501.1116342083394,1514.5429969613028,1521.547882538994,1532.2202558172198,1555.2908467724185,1582.4658601598933,1607.6668964055684,1616.3951590044405,1634.081918863747,1649.021152696056,1681.597575192057,1695.1644459641623,1698.523004749115,1690.9082486535742,1698.454296960587,1719.3564453678946,1727.5391936103233,1743.5964415428755,1747.6071709673536,1774.1931243836805,1767.6453922878154,1773.2328372157347,1762.5463324381813,1773.4719409229804,1777.304248484987,1787.912850177412,1783.786220985929,1787.1946898685117,1790.2383251581164,1795.788984886052,1794.840098649443,1791.4949158107247,1806.5594247097429,1816.1028286149663,1808.5174467725697,1801.9298151770079,1815.6639158279113,1846.6773115955184,1863.4181609518828,1850.869544587731,1849.2822543598693,1833.7978425355109,1843.284238535518,1831.1952095014672,1828.213293245303,1823.5699724083731,1836.5414237211066,1846.8260108565075,1845.8754751655,1829.384384914197,1829.143734061427,1841.0453896510721,1849.0272836406614,1850.0123461123599,1847.3675362630079,1859.8597070134495,1862.1327041205143,1865.8646910034006,1866.9252296346851,1866.0712867509426,1865.728820307648,1868.1815821282446,1867.9059851867873,1870.3547063714107,1871.3029707993344,1883.4073354923257,1888.0465850285154,1891.14291005291
44081,1157,Beaufort,city,SC,SC,"Hilton Head Island-Bluffton, SC",Beaufort County,,,,,,,,,,,,,,,,,,,,,,,,,,,,,,,,,,,,,,,,,,,,,,,,,,,,,,,,,,,,,,,,,,,,,,,,,,,,,,,,,,,,,,,,,1538.1634582139686,1573.0613587393887,1572.5902996395769,1568.0120652051332,1623.5780635938368,1645.9387724078763,1701.2248074715985,1667.0615259378997,1682.6130810603072,1715.1498679136057,1761.4199815496922,1757.0878281877349,1740.4275991935667,1729.9893175450466,,1733.031933463065,1717.545271099505,1717.7422380516857,1703.7279270921058,1713.4485055621637,1709.0981978267844,1713.4217724718367,1732.1953308442664,1750.3618271719474,1761.7260435226538,1748.2041800412242,1755.5015907163115,1781.1464213522345,1783.9627558540747,1780.2623860249137,1769.1258352601324,1776.946711199834,1797.215314657576,1787.0112651887596,1792.5376464717476,1775.0381655706844,1795.2035329523428,1793.5137499637715,1799.3728210759286,1779.633493110348,1780.884959143313,1786.0533547019497,1796.4150347995205,1797.977040231629,1787.3115953198574,1791.6348798958725,1774.5485182025297,1782.3550772844687,1768.504793892056,1780.8254540850041,1777.4671176040408,1781.7579020979022
32262,1160,Kannapolis,city,NC,NC,"Charlotte-Concord-Gastonia, NC-SC",Cabarrus County,,,,,,,,,,,,,,,,,,,,,,,,867.4013615515731,867.8978993964898,875.0619869478226,889.7901905872317,890.3066515349799,908.104276958555,904.099348872963,913.1547758630318,912.2112618712239,914.6701824756235,918.3407011543692,924.9988455215286,938.9504515485078,943.8912250215086,944.4794827305842,934.8606879402092,939.6049738034062,942.5957432380402,962.2084714537343,964.2264622381749,978.4613352123368,980.3909385348925,984.4891618218387,980.9184761075428,986.543380913704,987.3984878542861,998.2192990053668,1011.2453070827049,1018.6538177190433,1021.8907357112918,1019.2369116587826,1025.1059688111452,1027.7872062776814,1039.1462007489936,1047.525660798082,1061.5583404281856,1064.4045228501761,1076.4402535233023,1081.423754204921,1078.8491699582464,1077.0178443371635,1089.6224564313222,1103.5809008824835,1114.6769525163222,1111.1947696703523,1119.3647973804275,1132.2521718728588,1144.7636773659935,1155.3579784186775,1164.8260485524129,1172.4743519126685,1180.8753575856076,1198.4056091219932,1208.8183247515797,1223.321219946822,1238.2072368126135,1259.2477062887715,1272.2166573158206,1277.2043011786814,1291.7018335885796,1295.0290951819431,1322.0008917241505,1323.401751786575,1340.935080783479,1335.5344037972839,1361.6614094780305,1373.8250601956747,1398.0483540965724,1411.7580012342548,1420.6015494664352,1432.9044084587306,1444.8298937450315,1469.5586696235264,1465.3174396850686,1483.732322083798,1479.4860917370866,1497.9659816892945,1486.5356225059911,1493.057617222005,1484.8026998676662,1483.4110194806804,1492.7826399436221,1495.624736217824,1500.7784552407077,1492.6938388640842,1509.9308186804121,1521.0752012415928,1537.6578534890152,1533.0987387786868,1527.612386622433,1529.1451693508907,1532.6859374699243,1540.717521308304,1534.6460134846116,1526.2586685929177,1525.3056448127995,1539.4604298767931,1557.9779450301844,1555.4346208005572,1551.9370007839632,1548.8113361172814,1563.6018923709153,1571.6023759343796,1580.3161933051617,1572.6967314592484,1580.5570204563217,1592.676760678279,1597.5968410511155,1594.8290546804806,1581.5546050631067,1583.7878139932382,1588.2688458852178,1598.740663536993,1600.7873530456366,1601.3760596563334,1602.871370758639,1613.3366666666668
52334,1177,Greenwood,city,SC,SC,"Greenwood, SC",Greenwood County,,,,,,,,,,,,,,,,,,,,,,,,,,,,,,,,,,,,,,,,,,,,,,,,,,,,,,,,,,,,,,,,,,,,,,,,,,,,,,,,,,,,,,,,,,,,,,,,,,,,,,,,,,,,,,,996.1979652612628,1017.7705958311424,997.8937198138312,1018.6121939164589,1000.8322151783865,1034.8629357975851,,1048.2855289581278,1047.6836957210207,1043.9736055767332,1060.0481155332252,1067.8059478053613,1076.1595107951596,1084.3124831631678,1091.0346557437556,1096.971701552237,1098.6276321496323,1098.0799297468443,,1099.4162006162283,1108.7567602420588,1117.9074379260173,1125.1350625683797,1125.0879170855426,1130.960804424341,1127.1059340095471,1142.084688128147,1149.9937457098983,1163.1303889625872,1157.9055555555558
53069,1284,Lumberton,city,NC,NC,"Lumberton, NC",Robeson County,,,,,,,,,,,,,,,,,,,,,,,,,,,,,,,,,,,,,,,,,,,,,,,,,,,,,,,,,,,,,,,,,,,,,,,,,,,,,,,,,,,,,,,,,,,,,,,,,,,,,,,,,,,,,,,,,,,,,,,,,,,,,,,,,,,,,,,,,,1099.7794566285293,1116.6648558910783,1147.2222222222224
19655,1327,North Augusta,city,SC,SC,"Augusta-Richmond County, GA-SC",Edgefield County,,,,,,,,,,,,,,,,,,,,,,,,,,,,,,,,,,,,,,,,,,,,,,,,,,,,,,,,,,,,,,,,,,,,,,,,,,,,,,,,,,,,,,,,,,,,,,1312.3312122779616,1320.6343752212836,1356.8701574721567,1367.1693624817035,1375.5618179584205,1370.1091634094473,1373.7323070313585,1395.157899055463,1399.6823535878368,1416.8412355138862,1419.6054633405315,1438.5248873957598,1437.547334132978,1426.365250064539,1423.129720264976,1451.5038997288439,1464.9383353680876,1495.0767156473694,1482.3940799722411,1496.6806158784793,1472.6890729364384,1473.1084815195125,1475.767892335244,1510.992347986877,1536.4703932889938,1553.9386929017976,1547.0258526340958,1543.5320185226255,1549.1926977459045,1550.6922844122141,1577.2007675341706,1574.4388920627346,1606.2356354581848,1608.635048894589,1613.1737249582739,1595.1524112774714,1593.6554954862488,1600.267698550261,1615.1402578967432,1616.9772793907257,1619.6005327118046,1619.5613392117457,1618.7431222971418,1623.6217700558543,1623.3387020142068,1630.5108310461096,1637.6096866096866
20789,1350,Thomasville,city,NC,NC,"Winston-Salem, NC",Davidson County,,,,,,,,,,,,,,,,,,,,,,,,,,,,,,,,,,,,,,,,,,,,,,,,,,,,,,,,,,,,,,,,,,,,,,,,,,,,,,,,,,,,,,,,,,,,,,,,,,,,,,,,1106.8350641430272,1114.412007011071,1113.414980792583,1087.999289941721,1082.3499634894667,1071.4040283411528,,1100.8643336665407,1113.043829606621,1117.5657400014081,1134.264196696192,1144.3881365917305,1135.8846993909415,1137.3216491721132,1143.9700515900654,1159.7420023531238,1172.5326645025177,1167.7751519288772,1166.0022474794873,1156.1058465490771,1158.0087073602276,1175.1832110800462,1182.8025758762344,1169.6239122941154,1155.9294427700004,1158.6010612359516,1161.0664320034327,1165.9193600743245,1165.5877337075735,1186.6273739718465,1186.56803275774,1201.7761636669422,1199.7338080116017,1192.0324985578986,1188.5873224439015,1199.244443013881,1220.7738095238094
46907,1381,Orangeburg,city,SC,SC,"Orangeburg, SC",Orangeburg County,,,,,,,,,,,,,,,,,,,,,,,,,,,,,,,,,,,,,,,,,,,,,,,,,,,,,,,,,,,,,,,,,,,,,,,,,,,,,,,,,,,,,,,,,,,,,,,,,,,,,,,,,,,,,,,,,,,,,,,,1172.938296837083,1191.3250232352511,1222.212444679722,1205.0093175362595,1226.555701343267,1222.402265963719,1233.0657432195912,1218.9849266875326,1220.8446594455477,1231.2804656186584,1241.3282952793033,1254.9683028879158,1243.0486137651678,1247.9232398292802,1233.9653047463412,1251.6415915444422,1239.1685322876556,1249.6627372501773,1245.0166170059895,1258.6052823010198,1271.8333333333333
42608,1382,Raeford,city,NC,NC,"Fayetteville, NC",Hoke County,,,,,,,,,,,,,,,,,,,,,,,,,,,,,,,,,,,,,,,,,,,,,,,,,,,,,,,,,,,,,,,,,,,,,,,,,,,,,,,,,,,,1376.1936049239641,1401.4756383523968,1405.2228270507608,1420.56960259176,1441.4269909812538,1475.3924056276755,1480.2901493676993,1499.413766036535,1498.8863817176239,1504.765707286781,1524.0916119231938,1522.735599370743,1512.5640707243765,1520.7415664108469,1534.177616968286,1543.5892278513795,1544.86202623331,1545.9846772037592,1544.686498046237,1554.4172439939266,1566.454580651819,1574.0784487791975,1564.1344016483022,1546.2605015119739,1544.3722391712506,1558.3598721152998,1572.2142997560497,1592.7018335083637,1594.613202993972,1600.683623500498,1612.3608213173154,1626.4937118792107,1645.6276705728792,1651.1340815394317,1653.9786762262268,1650.8262297100891,1656.53718642498,1662.331486757536,1677.3159582816147,1685.697131380576,1690.6955805208818,1693.798390720395,1692.0996671823382,1690.2071864420884,1683.4838208371164,1688.7584748992758,1701.0403430038118,1725.1804683587254,1735.6385654800806,1734.1818561761936,1724.940068648462,1717.6937069136936,1724.1030576331582,1729.4870979528105,1737.102433528997,1740.6151103139837,1745.33069828722
11561,1460,Gaffney,city,SC,SC,"Gaffney, SC",Cherokee County,,,,,,,,,,,,,,,,,,,,,,,,,,,,,,,,,,,,,,,,,,,,,,,,,,,,,,,,,,,,,,,,,,,,,,,,,,,,,,,,,,,,,,,,,,,,,,,,,,,,,,,,,,,,,928.9697658009516,940.4235713593064,952.1620947603153,967.7775336820604,953.5174631136452,934.7390886542004,926.0612313295206,913.2348660704391,916.2160547935829,922.9337209963759,946.0890086103518,944.634395045318,962.4232695982007,961.9093374850103,972.9755385189993,987.671878911063,998.2290057934445,1009.364259606368,1045.2209263226955,1043.8434105356948,1049.4774916727351,1030.8091432302801,1026.8524034461054,1037.3566800131493,1047.3575179860313,1054.4997088547516,1050.2483893386157,1042.4541655110054,1046.8268617583253,1057.963378802652,1047.4844611757624,1063.6944444444443
6008,1464,Moncks Corner,city,SC,SC,"Charleston-North Charleston, SC",Berkeley County,,,,,,,,,,,,,,,,,,,,,,,,,,,,,,,,,,,,,,,,,,,,,,,,,,,,,,,,,,,,,,,,,,,,,,,,,,,,,,,,,,,,,,,,,,,,,,,,1843.2827534056582,1864.4317253408153,1918.1040418988637,1953.6931770213234,1984.7094181962382,1999.3005177600248,1993.043742238718,1999.1131992260075,1990.5490689812768,1997.3315845117074,1995.3238022209628,2038.917087767342,2056.9655920327996,2063.287580960378,2044.3983568656272,2036.1746854346943,2036.3504226335544,2045.8524597526025,2064.4050065477136,2078.071962023357,2088.406078239989,2095.27979218874,2106.8542000392717,2118.4259888763004,2136.115129531917,2135.9843694440674,2141.6384103676037,2131.904848468601,2138.395403030817,2124.9435816773534,2132.9262347098224,2136.9354792553904,2144.3823685205784,2144.293920437237,2152.1532054196514,2144.3745359298237,2138.980117255777,2148.721868852676,2159.679607350845,2181.009403163143,2187.7794541476405,2208.840651645449,2214.314166515348,2222.975973701956,2234.0545380545377
12363,1465,Lenoir,city,NC,NC,"Hickory-Lenoir-Morganton, NC",Caldwell County,,,,,,,,,,,,,,,,,,,,,,,,,,,,,,,,,,,,,,,,,,,,,,,,,,,,,,,,,,,,,,,,,,,,,,,,,,,,,,,,,,,,,,,,,,,,,,,,,,,,,,,,,,,,,,,,,,,,,,,,,,,,,,,,,,,,,,,,,1294.428902891976,1296.0414209683033,1313.7173227208607,1328.7777777777776
27376,1484,Taylors,city,SC,SC,"Greenville-Anderson, SC",Greenville County,,,,,,,,,,,,,,,,,,,,,,,,,,,,,,,,,,,,,,,,,,,,,,,,,910.9371009405567,913.9840884878696,915.5230834259919,924.4866576974057,923.4868561858044,933.9742996171442,937.6897737878915,934.7870361649481,935.3303946802511,930.196485372216,940.0230527769907,931.4362709813525,943.5823722470666,944.5218368129407,960.4089292240462,951.9897026457692,954.099067227244,944.0096435641531,954.9666990083063,967.0757280438883,979.748366866113,986.9907146407378,979.6268244867076,976.9136603940119,,991.0861042057533,1006.1937552387967,1023.7370575666343,1027.160860794778,1056.2864992596137,1070.8236148056642,1091.5839347685323,1092.4703595202484,1102.561303492963,1135.1755893539118,1155.589676930348,1164.4799642569674,1152.4884806887292,1153.6226131226306,1168.0102204330317,1184.7677523202717,1185.7291411573758,1189.5219837892735,1193.648707647658,1214.2925809645199,1216.4762094740236,1202.7582004804437,1198.4002385725203,1221.3010529917483,1254.051766002959,1263.6999992886324,1248.7308795217634,1252.8668146800917,1250.5504933751893,1259.2208254129603,1254.5017915650908,1265.8653662051104,1269.0990646843347,1283.0570835602723,1292.3007572240037,1287.3494534633344,1281.350468433803,1275.7354960159248,1294.1369661147098,1296.1838622465127,1328.4192316119506,1322.5359233105935,1317.8630810188804,1294.6660987435228,1309.371408677469,1325.6579155869367,1345.1555900482058,1347.3380221728871,1356.7346543255878,1346.9564570691161,1341.5121800647091,1325.5805587036434,1323.15524446617,1326.128657875574,1343.8531979890647,1358.695227469295,1351.997967451825,1341.3820552383643,1329.3067339702407,1331.732210148189,1328.0591785462723,1342.6886184310238,1347.2133816044163,1363.623525377059,1357.0498180880204,1362.0770741174956,1357.8005952380952
25165,1522,Holly Springs,city,NC,NC,"Raleigh-Cary, NC",Wake County,,,,,,,,,,,,,,,,,,,,,,,,,,,,,,,,,,,,,,,,,,,,,,,,1328.1532875001733,1340.089809566519,1352.2677997972064,1346.3455282559746,1352.0856996667824,1354.6681444633518,1357.7860131091575,1371.2327531195451,1368.0461103647888,1372.8490915025836,1371.1949347947766,1377.5386218790284,1387.6255528512372,1385.4570074638377,1382.3348351953164,1378.7906143575399,1387.7029587515453,1395.9360992861973,1405.1591267976555,1410.2992779365468,1417.766530277916,1421.3896178163452,1423.6393104895217,1437.5415289979283,1441.5911333985334,1465.4667441488898,1461.534571110088,1482.4081905266128,1487.5571887212327,1519.9844007451024,1522.7023446532191,1543.6387104638466,1559.682519907465,1589.1347328668096,1605.8262580057713,1618.0733372003688,1653.0040595300197,1669.4148670301104,1701.3101613076492,1689.4362299761337,1691.7744432565762,1681.3777826650285,1701.1425614901705,1718.9685863303669,1711.096391480308,1711.235708853987,1718.2205042659505,1741.1858023151976,1725.6575142309403,1725.3115025995785,1736.0390031995096,1771.6746848379812,1790.8252521368327,1795.0778336166877,1804.419137045203,1804.5772381348863,1848.089179525948,1865.106097745963,1882.3693073098607,1860.608177557423,1853.117044274187,1827.5911467823312,1802.6333073635865,1784.1489520907992,1798.8050094652317,1809.7559530578253,1818.4798201730607,1814.9271262656919,1800.1837511917522,1790.4725195675446,1786.5799968344102,1796.3773616670949,1815.1126821153616,1829.255383743062,1846.4277241616849,1855.3208825187453,1862.7159722675926,1862.6488012206667,1840.4736071383702,1826.7799884260485,1841.7230893583853,1847.32513994271,1847.6986302091927,1852.3384669550935,1850.5003949652075,1858.0679694721202,1860.416965970258,1862.5848555464975,1853.1571468054879,1854.9659869274774,1872.8787770753836,1892.9906708624967,1889.1886034255601
43646,1532,Indian Trail,city,NC,NC,"Charlotte-Concord-Gastonia, NC-SC",Union County,,,,,,,,,,,,,,,1251.8950645750976,1226.426935387864,1229.1622189455377,1233.3238945587614,1253.918969587871,1263.7981722659592,1271.9090653009278,1278.3506328089393,1279.3158791177682,1276.1451961171083,1275.587569605491,1280.2815680240788,1294.4025630113626,1306.773179623394,1311.0502616398312,1316.428647738432,1316.1835222601921,1319.951507042301,1316.5152872295755,1315.9122420054834,1316.605602824068,1327.465399213481,1330.6062699328652,1339.845128417162,1343.948066790105,1353.4788645750625,1357.2619736365052,1350.5713738966165,1347.8288887568942,1353.0822768454539,1365.73351793573,1368.5982896572837,1367.7393884312517,1369.2045309369503,1372.7100476699925,1381.458558098485,1381.1914427700256,1382.7473933084434,1387.3585249265152,1398.9066040599062,1407.229228253195,1409.039805772199,1409.2099600246383,1415.5270905112181,1425.528377390699,1429.3793021877632,1434.8949977610714,1432.564916338802,1431.9798861560614,1433.3031936794891,1443.2050494677335,1446.337100449918,1457.5152276071728,1473.011585062406,1488.1567973803062,1509.0162702161292,1521.1801681090506,1522.3857084987778,1541.0794968233276,1551.8848262372971,1570.4048998978838,1584.4575822750835,1606.0528462684272,1634.7320605202767,1655.0476102011269,1667.859488723002,1690.0184619421798,1693.2334547771854,1697.134189739836,1713.2873569848912,1719.0544753314848,1738.2543155014253,1745.1216630124823,1754.2602119127064,1755.0291612782275,1764.4384317435213,1792.3805002042882,1815.2160974307687,1815.8178797487592,1819.113086245882,1843.5971201884133,1856.1554405488125,1865.4105414680396,1860.5979176169249,1870.9699770124196,1876.4089573366193,1885.8142564552734,1894.48706941778,1887.4441218270322,1887.8221232933863,1882.679261083999,1897.1040096797603,1882.6468769260553,1895.777544234423,1898.7866582616227,1915.4462396901574,1912.6207730847414,1922.0755668023971,1919.3292234586988,1910.6277738221506,1898.9431092462473,1905.3845148016865,1914.4110398959835,1925.4539353797738,1942.5515442074247,1956.4487659899328,1972.2645795513813,1964.8391466209496,1958.0980912945179,1954.1324597531461,1958.787281484092,1963.0928919838657,1960.7838274090036,1954.1365087029953,1955.061325065799,1946.1214366078411,1943.2917843982843,1933.057693974074,1928.6253259083899,1938.4912261847383,1955.8203774636627,1967.586157856348,1979.4557907582932,1995.8408062153137,2022.9585291521828,2045.3961144427788
12391,1534,Lincolnton,city,NC,NC,"Charlotte-Concord-Gastonia, NC-SC",Lincoln County,,,,,,,,,,,,,,,,,,,,,,,,,,,,,,,,,,,,,,,,,,,,,,,,,,,,,,,,,,,,,,,,,,,,,,,,,,,,,,,,,,,,,,,,,,,,,,,,,,,,,,,,,,,,,,,,,,,,,,,,,1287.549957100513,1314.7782528725604,1333.633170046222,1319.4114832983748,1311.8027679424356,1324.8771533493305,1335.6123343221816,1324.4976066295142,1327.6148766518695,1314.5019898895423,1322.092578982542,1329.7003645507868,1319.8675879848024,1318.8012128987848,1322.7140961075172,1354.10578061865,1362.826119258932,1363.2793869372804,1377.5851447690834,1394.3888888888887
4140,1549,Clover,city,SC,SC,"Charlotte-Concord-Gastonia, NC-SC",York County,,,,,,,,,,,,,,,,,,,,,,,,,,,,,,,,,,,,,,,,,,,,,,,,,,,,,,,,,,,,,,,,,,,,,,,,,,,,,,,,,,,,,,,,,,,,,,,,,,,,,,,,,,,,,,,,,,,,,,1914.110560196603,1925.7830958195402,1954.7673824830254,2016.8363026183058,2008.1248408154747,1989.6940661647052,1978.1215652815815,1983.2032808334127,1987.149068115058,1989.195768586521,1989.1481053330363,1972.9605346945389,1968.0438961416914,1981.803955325838,1996.9858169382949,1978.3697017983734,1977.099113547207,1981.345279017052,1984.0712027776017,1997.5022115124157,2009.3989657759803,2040.8339113209086,2048.569444444445
38350,1554,Elizabeth City,city,NC,NC,"Elizabeth City, NC",Pasquotank County,,,,,,,,,,,,,,,,,,,,,,,,,,,,,,,,,,,,,,,,,,,,,,,,,,,,,,,,,,,,,,,,,,,,,,,,,,,,,,,,,,,,,,,,,,,,,,,,1176.7213406757276,1188.2033615185576,1201.2250584951148,1209.7726417135264,1233.699108377455,1228.3169934222467,1238.046029037447,1237.1685529811525,1239.2856568651393,,1245.0073145769397,1254.3677908708676,1239.3282066530433,1251.889308898619,1260.5053483368608,1269.955297702901,1270.116074380767,1304.5555585195627,1323.030912822408,1329.453487918533,1314.9445089120693,1330.0748367130254,1364.812040484092,1365.2192742632044,1370.5884545941026,1371.6622331427714,1369.7029160893778,1375.723751170464,1368.2641723364231,1359.2447712861415,1365.5124317845366,1395.2619391516284,1401.201518620249,1397.8143577951655,1386.6628139077022,1397.7073744889608,1408.534322797225,1410.5791353552827,1416.1890936598932,1414.9804905493995,1424.8544425775892,1423.0488745113978,1414.474897015304,1394.828897111196,1402.0541125541124
25090,1599,Henderson,city,NC,NC,"Henderson, NC",Vance County,,,,,,,,,,,,,,,,,,,,,,,,,,,,,,,,,,,,,,,,,,,,,,,,,,,,,,,,,,,,,,,,,,,,,,,,,,,,,,,,,,,,,,,,,,,,,,,,,,,,,,,,,,,,,,,,,,,,,,,,,,,,956.6944177718316,954.1220908025842,952.516363294885,958.5460316169336,975.6921122463044,985.0853178047115,979.6582293101311,976.7703856184982,959.8384808157058,971.6140718809537,968.6637667005292,987.6591935487305,976.9616817759734,986.0355398642913,986.2129146599254,991.4717478162313,979.6666666666666
52785,1631,Kinston,city,NC,NC,"Kinston, NC",Lenoir County,,,,,,,,,,,,,,,,,,,,,,,,,,,,,,,,,,,,,,,,,,,,,,,,,,,,,,,,,,,,,,,,,,,,,,,,,,,,,,,,,,,,,,,,,,,,,,,,,,,,,,,,,,,,,,,,,,,,,,,,,,,,,,,,,,,,,,,,,,1231.6012791935586,1230.0525662135778,1212.5
25261,1651,Irmo,city,SC,SC,"Columbia, SC",Richland County,,,,,,,,,,,,,,,,,1126.1759137354006,1130.8722692945462,1144.0219531147375,1135.7892197168153,1138.081619990976,1137.913864157932,1154.0102173353416,1153.0128439838059,1156.7024100919202,1161.1350115050288,1163.3222940019346,1162.4583942666643,1157.1206608000916,1161.0780080307277,1166.1979798538318,1169.074893519972,1167.8630487494688,1169.028878070642,1166.8204543809447,1163.3748418447888,1161.107201964727,1158.3317091041956,1165.0938157763085,1175.7127900780038,1176.4802837120449,1187.2981250277728,1180.7869292137934,1194.904249213922,1195.4698930935297,1214.607140901981,1215.3203885321104,1232.6784491770718,1229.1771496279043,1227.1391463756843,1226.2090575346444,1226.6984531440978,1235.0786764486472,1232.1344611160266,1240.8306024508436,1238.570333283331,1247.6101487873182,1241.8848393578344,1249.1780892898998,1247.9126212405185,1261.134656860237,1273.9417327360688,1277.0062763713327,1277.731809369559,1257.6347336220883,1253.8930617184335,1253.597548257438,1273.177836806251,1296.4790361703983,1315.1378316557493,1327.1970913101475,1335.1554249085218,1350.8745150030152,1364.050706296262,1375.595189474426,1384.712520614418,1403.669227837757,1433.3210133925227,1461.200572169404,1480.2205827452137,1473.9083089095243,1485.0284116682387,1489.4929106070215,1490.7706423814382,1487.2181453353007,1498.6746392555754,1521.8137991647168,1543.3222835317263,1563.6325738075961,1586.8178791279852,1599.1256086687604,1600.6983113473834,1603.6147753174048,1604.0464276443065,1622.1688498785509,1641.8601037368112,1658.1655600797594,1657.3330781880943,1653.8975421734644,1645.2671610587036,1648.343281692073,1633.6057478282678,1639.7831264740287,1642.4818872033538,1665.47516278137,1671.6741806646137,1678.086583268887,1679.2570378423638,1699.0121009922302,1704.174187648084,1727.7158061190923,1734.9173955695424,1725.7382836943818,1716.3542847112876,1713.6222914429636,1739.99194027066,1759.6075377342106,1760.8212181461847,1752.174340230288,1745.4662004502832,1745.434676968751,1763.70631401787,1769.9421240077345,1799.1577669469418,1813.96993050267,1837.7541791749236,1827.5161459782012,1830.7487066812434,1819.3439121623678,1830.1132223933887,1844.0880955277194,1858.3917125311132,1858.1287474524288,1853.0582488479004,1847.5774553465037,1832.3635771553288,1833.130938468022,1829.7553636877344,1843.4860411003372,1832.378787878788
42335,1674,Ladson,city,SC,SC,"Charleston-North Charleston, SC",Charleston County,,,934.2188291363658,927.7043835441611,927.7356807916357,929.5801793883328,936.6472692273518,938.5269041000473,946.9220162302184,958.8325242308902,958.4309822041769,956.1277954353158,949.3381046176994,957.6829150821048,973.2367137994589,986.3076302912147,991.7463910551438,988.8925485423359,983.3937354647632,989.204341216283,982.2380196216247,986.1947889877764,991.003609670392,1005.6849468586572,1016.8422293993839,1018.2947731867315,1014.0168612731132,1014.3567764788183,1017.3916454792611,1028.9617567772775,1035.1693024898948,1045.9080970801986,1055.8037302938335,1057.1968924836299,1056.570471848157,1052.440409499656,1052.1113261530365,1054.2227961580465,1061.5897562437708,1069.523387593415,1068.6123568996397,1069.5680255757134,1070.7815938420372,1070.2793024521227,1076.8496623066271,1084.7141515891822,1090.9777019647422,1090.4164510071546,1090.032597121048,1099.4472856795323,1103.125868224714,1105.886639079367,1116.3447366792936,1123.6112309125322,1134.611187653416,1143.3399461071683,1150.4810776436925,1159.463039401348,1172.0734284432224,1191.052991008653,1210.3993840450025,1223.5210497117814,1209.4570271686498,1188.8637218068363,1171.370494454925,1163.529178657254,1162.5608202644437,1156.7869649485372,1157.8769245903457,1170.4576402814098,1179.7041156637151,1194.6618427915184,1194.5755394290616,1196.2030804752205,1197.5171258313246,1218.788644820977,1248.0375975023805,1279.1327267572447,1299.1199380353448,1331.3635914923705,1349.1942858594684,1374.0473839930503,1390.9344276003028,1399.9905982584437,1407.8245033213875,1414.9866354062035,1441.4067448828935,1458.8161230035596,1465.2897155446353,1478.4503404109157,1496.1456923784815,1512.9101203211287,1519.5499941821722,1521.5572561123438,1525.8112494241784,1527.8909896892994,1543.6033753576412,1559.1891800457124,1571.9221930532378,1576.6788431373118,1583.8433028596764,1579.6356035696538,1575.637275984124,1571.5635120103898,1578.7433206311148,1584.6545217454957,1580.400368990985,1590.2368381245276,1588.8919266388468,1597.0924619319285,1594.3016556559373,1601.5454335632696,1611.4333243253216,1625.14776411361,1627.422767331544,1629.928521857546,1625.4855009719527,1629.472186092654,1645.6241199708122,1646.6726683022214,1636.9078886691334,1609.6184087248525,1605.7861520668882,1610.4059939994213,1622.072912214377,1624.09822936861,1632.704280622127,1634.6000110810135,1642.0054517478231,1643.895343686584,1640.5814336541434,1642.0703274556427,1653.7779414262554,1674.0352528676026,1681.802748278923,1679.8566257187147,1670.7796893218829,1669.2598042814548,1667.7073738468584,1671.1282323232324
6050,1694,Morrisville,city,NC,NC,"Raleigh-Cary, NC",Wake County,1191.480848539791,1183.3160749447604,1184.6874823201692,1188.0954009683965,1193.3136906957598,1191.7030189057677,1196.8125653860639,1188.8757678849256,1189.4561319059276,1191.514275015561,1189.8365036121907,1201.670178459837,1201.6706082105816,1214.6392010727004,1209.255820319102,1210.5940067953354,1215.8766226499256,1223.0264098425178,1224.1588082243763,1224.43724476666,1222.8996568931568,1223.3257747540817,1226.8935496553954,1222.3878800451978,1228.7086303633484,1223.0569510260175,1236.8070338690068,1237.3852891870324,1244.2137212471605,1240.6311556745407,1239.0914972894843,1245.4015727719375,1250.8216759188192,1253.6523718692847,1245.9678814108759,1235.042167823501,1229.5417847004844,1237.9597539009667,1241.47767780604,1254.3763885917704,1250.7229157969673,1255.569339467972,1258.11906210346,1264.124390444668,1268.083459218148,1270.4578444431984,1272.4173094213454,1278.4673759882396,1290.3968920480531,1298.002728908045,1296.4538417367323,1292.8638923598178,1298.5172189231346,1302.7059801507492,1308.904100396656,1309.2779567295006,1311.8407590501597,1316.4948915152947,1326.0061445027136,1335.160740813893,1335.119676614549,1333.5874561166108,1328.308038222398,1333.1616799693475,1328.969390622186,1327.5373825557901,1326.5444128870624,1323.535709416881,1321.869181915451,1335.6770493310394,1345.773832140795,1349.6544429913263,1368.9015530847014,1385.8537816355047,1409.3711127194697,1413.0169325200864,1440.2584904036921,1465.4072758327375,1502.3979172666416,1536.7480029717221,1578.9681383330214,1592.1229937335622,1609.932867000137,1613.413701056131,1626.301034096281,1631.9060151845324,1640.8841548838463,1661.366921811369,1678.4214353100353,1703.9038604727862,1713.106671261708,1719.6387955410855,1712.192282454763,1715.774399363442,1711.9434354538066,1723.6831121825894,1722.061677084152,1726.4463753989191,1731.9112070618087,1734.9288250268407,1729.3338369145058,1712.422722065681,1702.7989016643626,1700.5959586873735,1696.2114840407446,1694.3903322202025,1695.3655257831822,1705.460788713384,1704.4971146284224,1708.0405779994614,1691.2093106093437,1689.2067397319965,1675.9520191359952,1676.9181989794859,1671.5752587487318,1665.9775414181402,1671.0271449957656,1669.2377138000898,1668.5491136046096,1657.7157675717613,1657.842834093233,1649.077240070726,1652.7974207837954,1654.7911552747753,1663.901710293583,1663.7444167287554,1658.4773654369487,1648.4177922551435,1643.496281605578,1641.565391807966,1639.2034153895756,1638.2598865357768,1637.012727575027,1639.961010328042,1643.0332706216811,1641.4145457432444,1641.9379679737103,1645.4249737915352,1655.5057077676688,1668.9757479195002
29105,1695,Mebane,city,NC,NC,"Burlington, NC",Alamance County,,,,,,,,,,,,,,,,,,,,,,,,,,,,,,,,,,,,,,,,,,,,,,,,,,,,,,,,,,,,,,,,,,,,,,,,,,,,,,,,,,,,,,,,,,,,,,1335.4350021869566,1360.4343865387382,1380.2445601914442,1386.3678408725207,1381.344770182895,1373.5278443099774,1358.1774744507513,1348.2872816898591,1347.4919977202421,1356.636545235899,1369.1791868639632,1380.932741497254,1378.5438582071733,1385.1995995174418,1373.466960521185,1372.9916522714261,1364.191754101864,1378.1673637577217,1396.1269279114572,1425.520692525598,1411.6967100417437,1402.6602677153462,1398.0172603196277,1420.4965751405075,1428.2355867234867,1430.1978211176781,1431.9179236444922,1438.2093368219546,1446.4945572306233,1445.2304319312816,1442.8937319271472,1439.2118502873368,1455.3498251529793,1458.3456715175657,1457.7958761061966,1442.1337871832031,1443.764064185521,1441.4947926703558,1449.419518125828,1450.7988549613556,1457.709539147164,1460.6820918491915,1464.4836297717231,1462.7709121611404,1464.9682226403215,1473.682475272168,1483.3624338624338
20139,1722,Reidsville,city,NC,NC,"Greensboro-High Point, NC",Rockingham County,,,,,,,,,,,,,,,,,,,,,,,,,,,,,,,,,,,,,,,,,,,,,,,,,,,,,,,,,,,,,,,,,,,,,,,,,,,,,,,,,,,,,,,,,,,,,,,,,,,,,,,,,,,,,,,,,,,,,,,,,,,,,,,,,,,,,,,,,,,1193.327864555961,1186.25
13776,1730,Seneca,city,SC,SC,"Seneca, SC",Oconee County,,,,,,,,,,,,,,,,,,,,,,,,,,,,,,,,,,,,,,,,,,,,,,,,,,,,,,,,,,,,,,,,,,,,,,,,,,,,,,,,,,,,,,,,,,,,,,,,,,,,,1262.132544063298,1290.7917694071425,1272.4075521394143,1257.5074472994029,1238.882230631341,1254.4132142149883,1292.1581766465645,1299.673962549892,1303.426135022969,1317.0494314316709,1340.7153518081411,1343.5755929752045,1322.4438403131687,1333.9689827246123,1344.0895877126559,1345.5992555974146,1347.3337465583434,1357.317716845167,1334.3630247345318,1353.5040516477402,1365.7324648798617,1383.395667266632,1371.4590549237469,1362.829690929508,1398.5050374817122,1413.700423908913,1414.4264348783372,1408.911532689704,1419.8484487055302,1423.1288598040535,1450.3790896675644,1448.0034620673678,1444.1454201396798,1426.9716989839324,1435.7547298231298,1439.8107681536071,1426.7094912983111,1412.4830584004299,1418.8615029212929,1429.8611111111113
56956,1764,Hope Mills,city,NC,NC,"Fayetteville, NC",Cumberland County,,,,,,,,,,,,,,,,,,,,,,,,,,,,,,,,,,,,,,,,,,,,,,,,,,,,,,,,,,,,,,,,,,,,,,,,,,,,,,,,,,,,,,,,,,1407.2622520772943,1427.947910443336,1423.3972947166408,1411.0139740429638,1426.41121243531,1436.4268248973124,1454.354146093606,1459.2515731659942,1480.0353551959988,1501.1327992139186,1524.0171519729306,1533.6809150606496,1532.1753181445076,1541.2228626696888,1531.7474542710052,1520.511527884007,1492.6961409594142,1494.4070652743096,1506.649163023851,1530.4236855321703,1552.309091894317,1558.5769090639296,1570.0428040267354,1576.0262399438661,1572.3339878228355,1555.9148974725288,1552.255015790499,1582.4466671796663,1591.0791294352407,1602.7505598119847,1587.5296409214916,1578.416579215791,1573.2818286075592,1587.3120547230808,1601.252253905532,1599.5507126496627,1599.9902330555105,1616.4494068744914,1630.6283481549324,1627.79507432827,1643.0433892978947,1643.656645853916,1657.6165258948606,1662.467291418493,1663.5291481350566,1656.5139981107288,1647.678218612096,1654.4919781063595,1667.2206631028512,1671.0014499359233,1674.6055555555556
11922,1785,Hilton Head Island,city,SC,SC,"Hilton Head Island-Bluffton, SC",Beaufort County,,,,,,,,,,,,,,,,,,,,,,,,,,,,,,,,,,,,,,,,,,,,,,,,,,,,,,,,,,,,,,,,,,,,,,,,,,,,,,,,,,,,,,,,,,2262.7691248726237,2308.8080679160807,2305.55648451698,2361.126867594602,2373.7757695700952,2442.063001630661,2380.4224103822944,2395.7998234666366,2386.312709688533,2423.631559901334,2446.9794252429006,2439.7387813490172,2430.1634716077165,2429.4760181090996,2504.500202582031,2526.530026415487,2548.3157024657576,2520.9058266723086,2587.3095109184283,2591.109693318658,2611.967726529976,2555.4179599134404,2544.131587048501,2532.9070418037286,2563.7565676790637,2605.145949199157,2599.063678646633,2656.4189479594947,2643.913181939275,2679.939718911985,2627.097489394654,2637.746359377836,2634.894353481321,2688.2141159844873,2649.0719983797844,2660.733323081591,2677.917090461265,2699.3229128079274,2705.654342007195,2662.9654815549593,2682.9588140594474,2679.0087090082834,2719.2809873437786,2726.556838326556,2740.7857161941856,2739.1924314030716,2789.1503347474227,2805.1246106562025,2796.225974432628,2774.7282952400733,2774.2619047619046
54387,1798,Shelby,city,NC,NC,"Shelby, NC",Cleveland County,,,,,,,,,,,,,,,,,,,,,,,,,,,,,,,,,,,,,,,,,,,,,,,,,,,,,,,,,,,,,,,,,,,,,,,,,,,,,,,,,,,,,,,,,,,,,,,,,,,1054.409939800532,1066.2953253946282,1073.0226171933612,,1059.5111414026826,1055.5735012907155,1062.4708494951192,1055.9752129423348,1059.5843773388915,1077.0734522011294,1094.0705399812396,1091.6595987420228,1080.147966464615,1077.9181015800893,1086.3144081655737,1088.9059375273234,1098.671371039079,1100.68191965654,1099.3553712938406,1094.2239109561185,1094.5625374925883,1090.441784741172,1086.772014735823,1083.6041121838946,1094.5990290536115,1095.415743259693,1087.0417349527265,1084.7374460729827,1086.5627970476337,1100.8614348151978,1100.1834856045236,1108.818801625867,1107.910450346993,1110.4486334442088,1107.1559179771978,1114.7568345197644,1112.9640904702046,1114.503791487335,1118.9399603484574,1123.2387900281983,1121.029833510133,1110.984126984127
22819,1861,Waxhaw,city,NC,NC,"Charlotte-Concord-Gastonia, NC-SC",Union County,,,,,,,,,,,,,,1587.492700472631,1575.4462868608691,1594.3656722995247,1600.0738403574635,1615.7514437317855,1609.2404643263596,1604.552653833068,1594.0947433197064,1583.8985402666858,1591.0975057738056,1593.5190686667452,1598.5002594696268,1601.7355206005884,1615.6691131757557,1631.1703616827454,1636.2175230124724,1629.799813775026,1628.7499824688387,1636.1421230161802,1652.2041371158384,1667.1898896955981,1651.4056991070431,1641.0534666397205,1638.5401254020974,1653.0392169043437,1672.0272960782029,1669.7469620489117,1675.7303854821191,1670.2408085632499,1673.801460864506,1684.7607934782104,1689.2549708525332,1692.8023908257323,1702.2267502970944,1712.7971206910536,1725.8624796821873,1725.4634492018808,1716.4558170217326,1717.2012384958805,1719.9813552947599,1734.7106525298086,1743.5773427659626,1740.9979166175806,1740.2543933731663,1740.5798894677744,1747.9664431707447,1752.1514233301039,1750.0085980303709,1749.8283526989999,1759.3630859039542,1764.2743900658143,1755.581215286186,1769.6097787883864,1779.726074238334,1820.6790838895363,1826.3786031355114,1840.2931711456497,1851.8779729970042,1859.31055628077,1887.406098174376,1906.9141808426932,1932.5024414757304,1959.6008980597487,1992.8785272363896,2025.4360200750805,2039.4961824191796,2036.9858972701445,2045.157775894206,2070.972973869643,2088.0012209756806,2124.765847996251,2129.7382198560417,2143.516282134475,2168.4863857667083,2183.9981600759047,2212.0602940656895,2203.155867254964,2216.95111970727,2232.8740600762044,2261.215504276078,2281.695973930148,2293.4020102153136,2313.6695887245605,2311.4664111920383,2329.650116991734,2317.2762057763475,2328.091311301883,2310.493682009034,2314.688516095571,2332.1710394180077,2350.6402284050982,2350.588528156125,2332.1774796658424,2338.3249964445945,2341.6270696738934,2382.5241339247023,2379.1893247265043,2386.3816815616005,2371.791329540868,2375.8090586793346,2401.137290028051,2403.9481459159497,2403.6334888162005,2416.256521113848,2409.5963110516477,2410.497402582897,2406.615541681602,2422.533684874156,2439.3273148593453,2455.9337773733864,2461.9911911724166,2469.354324007344,2464.615261786032,2464.43941947296,2453.820006610219,2452.166986602924,2475.771037199546,2484.5808141566295,2497.045172295924,2481.9349467956386,2484.2915489698285,2488.3609547847614,2507.539345384215,2523.277886757686,2535.5790276834455,2553.354300515479,2581.7532859297567
25253,1872,Inman,city,SC,SC,"Spartanburg, SC",Spartanburg County,,,,,,,,,,,,,,,,,,,,,,,,,,,,,,,,,,,,,,,,,,,,,,,,,,,,,,,,,,,,,,,,,,,,,,,,,,,,,,,,,,,,,,,,,,,,,,,,1399.0899062542574,1441.0925846260757,1433.7467748184642,1439.308892072354,1459.9635709448999,1474.6891985743764,1483.423831009265,1463.0956069380197,1482.9499171311033,1487.3411672576487,1500.2562323035077,1487.5491531836587,1489.611320005898,1505.5618623614603,1517.4541852071497,1522.6158327320672,1521.8924248196515,1511.2944678115218,1509.2231643847279,1542.9268853183664,1559.2108678262978,1588.5662567046918,1588.5740209507414,1603.5030347236611,1594.6993171381896,1564.462869030377,1579.4836452943978,1581.4546558361874,1593.474763034123,1577.7639898967607,1591.0686846825126,1589.7243025350776,1591.6243288394676,1579.5755927509376,1588.873662608827,1592.0992893724363,1605.3813848606105,1623.484250239243,1619.4351234373344,1626.8183861068812,1627.0561465721892,1653.8123752875129,1656.0029066965167,1657.9393105088993,1658.2
19933,1889,Piedmont,city,SC,SC,"Greenville-Anderson, SC",Greenville County,,,,,,,,,,,,,,,,,,,,,,,,,,,,,,,,,,,,,,,,,,,,,,,,,,,,,,,,,,,,,,,,,,,,,,,,,,,,,,,,,,,,,,,,,,,,,,,,,,,,,,,,,,,,,,1425.2903436015727,1416.6255530126393,1430.154798812903,1427.1898465697946,1446.9870125509149,1433.5847234090013,1433.6265930800164,1442.0850263470504,1457.6040234999098,1450.131998556255,1438.046020936719,1458.3909773012012,1495.358543773424,1527.742439315228,1517.9807488479544,1515.860742350675,1505.4272154124938,1516.9832417141226,1502.5429262508953,1508.2807626236904,1506.1933620068442,1512.8310492377493,1521.9439873734964,1511.873813627486,1498.6648006660077,1484.57492455048,1492.283606916323,1500.672379614695,1507.4358284081172,1511.4559050307605,1526.3333333333333
49509,1897,Murrells Inlet,city,SC,SC,"Georgetown, SC",Georgetown County,,,,,,,,,,,,,,,,,,,,,,,,,,,,,,,,,,,,,,,,,,,,,,,,,,,,,,,,,,,,,,,,,,,,,,,,,,,,,,,,,,,,,,,,,,,,,,,,,,,,,,,,,,,,,1838.914809190861,1869.5782667847786,1864.003480601395,1828.6543101904317,1803.2421520315352,1798.4315977060455,1839.2231072428287,1843.7458473990268,1857.4247994443158,1846.5045841986641,1842.479570802596,1858.1882722824841,1857.3463002147769,1881.8142006035107,1871.1294875417436,1884.4068969457735,1861.27561430801,1876.5443789705862,1884.2159989738593,1900.5770320994095,1894.502672620566,1908.7406756948178,1920.0102579885443,1930.3022136098718,1937.0062370534886,1917.4812531245063,1939.8843049940754,1953.4190355003398,1984.554576171761,1970.3329658888645,1946.1195684311376,1933.4750000000001
17469,1909,Clemmons,city,NC,NC,"Winston-Salem, NC",Forsyth County,,,,,,,,,,,,,,,,,,,,,,,,,,,,,,,,,,,,,,,,,,,,,,,,,,,,,,,,,,,,,,,,,,,,,,,,,,,,,,,,,,,,,,,,,,,,,,,1502.3509958376726,1500.585306170452,1500.3656369767098,1511.3950649068033,1523.7557877380443,1525.5328290387515,1527.2472014327589,1525.7778696271525,1536.0162829945803,1534.0504418426003,1528.4980498944694,1530.5625024121346,1540.4361774983981,1568.461159278041,1588.84388026779,1598.398602384259,1591.8739007720078,1585.885639929117,1588.2435002202635,1612.9645702214198,1624.0999104579244,1634.9647927810795,1615.4372671709268,1613.9059097456493,1624.692207177116,1638.2750673109472,1634.5504490016613,1624.2593536627446,1625.0931106790308,1653.4598562603474,1670.3953562682018,1682.467807295175,1683.3567148853174,1671.891936004861,1701.9664701191414,1714.1459696500829,1712.5730461565327,1701.7185535258066,1707.4566701483773,1722.2262804221327,1734.3916502005768,1725.8346563314092,1721.2953077461257,1709.0733142502702,1709.676173262977,1721.388888888889
52806,1911,Knightdale,city,NC,NC,"Raleigh-Cary, NC",Wake County,,,,,,,,,,,,,,,,,,,,,,,,,,,,,,,,,,,,,,,,,,,,,,,,,,,,,,,,,,,,,,,,,,,,,,,,1256.1953642496424,1260.7233597441054,1264.3400870547916,1280.9866278461668,1294.3621031017806,1344.9700299501606,1352.6414792565324,1376.511903768349,1384.825019550706,1401.6800966381236,1423.9472824499044,1416.3074457402595,1432.2171255011385,1445.4308806570639,1479.7160218245542,1498.7426123222938,1506.3958652268802,1498.633855739899,1527.7505869594702,1548.0786872849642,1578.0914838051783,1576.0474315598851,1564.2488811173312,1587.6790268177274,1598.7705874209407,1609.072075942122,1600.022852424861,1599.5345642008542,1615.8635835017806,1605.1677387001985,1598.1146399900642,1581.2855483275616,1573.279975060588,1598.0860337799147,1596.9088928761166,1616.69938117923,1617.9885226149374,1635.1362605488782,1625.7758424237472,1620.650891598875,1619.8056562927616,1648.742425806257,1660.6560260293509,1674.7911675892556,1663.5386564459884,1652.5692788076508,1665.8385192279168,1668.9088175832317,1683.225815735934,1677.916052598116,1694.1451333757136,1683.8016607577333,1676.9440986999846,1661.6111077147891,1661.5235565847793,1658.0471477809115,1665.752910894814,1666.0807552828085,1663.1515217294836,1651.7772661645722,1643.1228011564965,1641.9682130113101,1640.826865525521,1656.3320249993387,1664.8247514516024,1671.8356404059773,1674.224031699816,1680.9681427913304,1689.6733556298775
37499,1972,Boone,city,NC,NC,"Boone, NC",Watauga County,,,,,,,,,,,,,,,,,,,,,,,,,,,,,,,,,,,,,,,,,,,,,,,,,,,,,,,,,,,,,,,,,,,,,,,,,,,,,,,,,,,,,,,,,,,,,,,,,,,,,,,,,,,,,,,,,,,,,,,,,,,,,,,,,,1957.546921154004,1976.308186410412,2088.504786251275,2099.2956080951017,2157.297083881381,2129.6128778210564,2106.937114803709,2135.4990130214037,2148.8082562116647,2170.941836203271,2169.027777777778
12568,2047,Marion,city,NC,NC,"Marion, NC",McDowell County,,,,,,,,,,,,,,,,,,,,,,,,,,,,,,,,,,,,,,,,,,,,,,,,,,,,,,,,,,,,,,,,,,,,,,,,,,,,,,,,,,,,,,,,,,,,,,,,,,,,,,,,,,,,,,,,,,,,,,,,,,,,,,,,,,,,,,,,,,1229.7742339838169,1279.4361838784425,1251.111111111111
12614,2073,Matthews,city,NC,NC,"Charlotte-Concord-Gastonia, NC-SC",Mecklenburg County,,,,,,,,,,,,,,,,,,,,,,,,,,,,,,,,,,,1281.7971689860299,1287.670424451575,1290.877854518508,1318.4507489838084,1341.6805509067324,1328.9728556644566,1327.8336941589178,1305.241342295168,1321.169018258098,1323.2334708456224,1340.3555460567825,1351.5013573130404,1377.115510673295,1371.1216016757653,1360.148030021004,1350.1500938016525,,1357.1583419946858,1356.6229116190104,1379.8083555385704,1373.1673988331772,1383.5415257325453,1380.7594695849627,1381.7287951889707,1375.6153190201194,1387.220453091438,1406.0132157893452,1414.6166286996238,1432.7140735775934,1432.7610416049745,1438.6933833305702,1427.3241045331383,1439.0988450719624,1451.9334823556705,1474.5726910966964,1480.2603181729796,1508.801614254791,1520.4653810062227,1536.3924971570523,1534.968305198399,1530.1515658559613,1533.0759354180866,1555.0546448947068,1586.4358127179871,1607.7397534751265,1628.8013809810118,1653.143090156754,1661.8447165941643,1662.3332492650343,1686.2137852493631,1701.2788566353786,1723.8177480048785,1715.6105823906678,1729.1506117503868,1739.5076545979482,1762.3655505404374,1769.6592570550476,1754.103818082594,1744.7742638824832,1763.2307573889,1790.9447685051337,1794.7439521307779,1798.799163301533,1785.6372307564136,1796.1193195790333,1795.9089524678886,1808.4280226049736,1806.5772561161757,1804.2624506517452,1808.1199973451226,1806.0523848074365,1814.6987613902816,1809.2420799531103,1799.8694488267681,1783.1327129558097,1787.0379752117674,1805.9002127130548,1814.0763349229173,1809.5760735530037,1795.52019412836,1798.3271499219552,1805.227955270827,1814.236870443821,1802.221450162791,1804.026978453917,1802.3793209766068,1814.458340602588,1833.002629639961,1835.9131953770666,1839.8152130134104,1816.2251531859752,1805.6016123563911,1794.6410402920383,1801.7358623196267,1796.977008331756,1798.0176713722121,1793.9807841052634,1798.0618587368447,1795.5111451835394,1781.7333938975225,1769.2410303934967,1762.8829385501012,1780.1257018578035,1795.347347283869,1803.8853301917839,1796.7266522988505
5082,2110,Hartsville,city,SC,SC,"Florence, SC",Darlington County,,,,,,,,,,,,,,,,,,,,,,,,,,,,,,,,,,,,,,,,,,,,,,,,,,,,,,,,,,,,,,,,,,,,,,,,,,,,,,,,,,,,,,,,,,,,,,,,,,,,,,,,,,,,,,,,,,,,,,,,,,,,,,,,,,,,,,,1166.5267696438711,1179.0882732483667,1171.9106649165162,1195.169337972875,1198.2413901256718,1200.5
14751,2119,Zebulon,city,NC,NC,"Raleigh-Cary, NC",Wake County,,,,,,,,,,,,,,,,,,,,,,,,,,,,,,,,,,,,,,,,,,,,,,,,,,,,,,,,,,,,,,,,,,,,,,,,,,,,,,,,,,,,,,,,,1790.2511471575021,1787.0772457115736,1769.5853751947654,1776.0396324612223,1811.8849586433312,1832.4028309621242,1832.9185664791376,1819.1163003573504,1806.2837640614837,1821.110452964098,1837.645579979267,1864.985915421013,1876.50450352025,1867.2966971268766,1871.6910262096021,1867.7812426254518,1881.51560930108,1879.319657532579,1886.2377768468448,1884.868397319157,1902.9158051456614,1917.390346296557,1906.0725517718818,1901.710352364195,1892.649771913548,1917.3914184403664,1909.9854937209273,1916.1112120430928,1921.1928329907307,1932.0332275310348,1935.6772921632116,1924.882889100302,1917.1165679391456,1915.0978908660716,1919.173913698885,1928.885538495586,1935.352631220647,1937.1028125451812,1943.0298528705366,1936.5300459637976,1926.1715846520497,1922.0040261892589,1922.9214256101,1939.8507559645022,1946.2304321462418,1944.9803690167685,1951.487512282547,1947.997282777631,1952.8169958461222,1949.4000465900563,1956.3616518046163,1967.7083333333333
14832,2189,Blythewood,city,SC,SC,"Columbia, SC",Richland County,,,,,,,,,,,,,,,,,,,,,,,,,,,,,,,,,,,,,,,,,,,,,,,,,,,,,,,,,,,,,,,,,,,,,,,,,,,,,,,,,,,,,,,,,,,,,,,,,,1541.1382350713468,1533.168915923173,1520.824401205203,1516.9087616357735,1503.008750729385,1507.7372949575213,1499.6967020774428,1509.5412792226134,1504.7600620029857,1517.4674388159553,1528.101784624661,1542.2495461010437,1547.2879683054068,1536.7626352185096,1539.7619263838374,1544.887302640591,1564.4535360006962,1570.9240631050195,1581.3472539882225,1564.999084275918,1568.3885504857021,1569.9715957128674,1583.8373629070886,1582.0006374496156,1590.254431153961,1605.2071990639288,1633.7247342341616,1643.542731606576,1638.4946115548094,1624.595762118882,1629.7709291972985,1644.5916772359344,1658.8373023793426,1662.9659021659909,1653.8128185850371,1653.5273456005668,1651.6749496809718,1656.9225951495523,1645.9249463484598,1647.023719792105,1654.0988507009172,1669.7747774496545,1671.4074074074072
49094,2192,Elgin,city,SC,SC,"Columbia, SC",Kershaw County,,,,,,,,,,,,,,,,,,,,,,,,,,,,,,,,,,,,,,,,,,,,,,,,,,,,,,,,,,,,,,,,,,,,,,,,,,,,,,,,,,,,,,,,,,,,,,,,,,,,,,,,,,,,,1741.0983371703721,1740.845431286125,1734.9296213821508,1741.9697649091636,1741.025020388326,1756.485978615103,1757.6621191311315,1759.386757700793,1739.2809078680827,1741.30162831754,1710.6347922095342,1715.8805218222185,1723.6591073138584,1757.9056163600428,1806.904626829635,1824.8538935677773,1833.679907629923,1823.688191276291,1828.9921130714886,1830.5534463131548,1847.6633415502517,1850.2571072274768,1873.9906474348497,1876.3025839576085,1881.7232917940232,1864.8792979968202,1838.9142698909848,1827.4887495011037,1828.130328457622,1832.641263963101,1830.4244705564436,1824.9503968253966
51550,2270,Cornelius,city,NC,NC,"Charlotte-Concord-Gastonia, NC-SC",Mecklenburg County,1073.8298730183292,1062.2271936529835,1070.6905857845725,1082.822667956012,1087.4522125701176,1089.8568011610928,1094.4137821644638,1110.8704171709442,1114.0399028072463,1128.7853860254984,1130.5450494277047,1137.291574551933,1122.4841977100064,1128.1168187382395,1135.1363759267124,1147.796802940551,1142.7975167909253,1139.2858624627793,1140.685420150143,1139.6525138024556,1147.7793536456275,1151.8321386196044,1159.799635929711,1160.1773592188863,1181.3399333457114,1179.8850527682193,1184.4734433797967,1175.432745161928,1192.395134575384,1200.9176969699715,1197.833159857388,1205.8612589071354,1211.2215475847547,1211.2875332938554,1206.7385310273144,1216.875234350302,1226.113996004834,1238.53926664406,1237.4297853905316,1233.9454516076423,1230.3373641860153,1240.9140079323374,1252.3429620869304,1254.890312965895,1258.029106499536,1261.1360092180028,1269.5359072991907,1270.569714074136,1265.7090163303374,1265.7867217307341,1272.2381748547325,1285.8386709761714,1290.3862981498958,1287.8497837647508,1289.1645603698994,1291.7709798072926,1293.4713495419417,1298.3269123238804,1300.950927472942,1303.274107301293,1306.6606964697169,1308.641418112248,1333.6889336051472,1338.7193174136723,1338.4267132213588,1335.278415445937,1337.805041351972,1355.6845272924347,1376.2253439694562,1397.5920398918183,1418.4352777866711,1417.1369996858414,1422.8994030618585,1427.1677918790076,1445.70397634022,1458.4046716804235,1483.2814648344342,1519.0553448537305,1556.9096406252777,1583.1331662618586,1601.770622659176,1627.0839437613997,1636.7700940718632,1669.0502539736199,1691.2722025633682,1715.0406370831595,1715.4325653865546,1707.1403752150577,1716.714972141403,1717.0389305145802,1735.721121560571,1743.6260671401117,1736.5882564559913,1732.2255706663402,1745.3883331355107,1758.3972751140407,1766.2099211264392,1750.3824542456557,1762.0593799670676,1779.7190269779412,1791.849220136027,1789.7697747550983,1778.187786737814,1777.15344739267,1794.4504137505953,1782.1348902191048,1783.9196577529708,1793.0750872480176,1804.8277698769061,1818.0613536216215,1809.6600395642965,1808.5490388829255,1793.4370636503886,1793.1304825407128,1806.9529176244612,1804.5172191014117,1808.722936683,1808.6551252697614,1812.1507857590816,1786.7036643642016,1777.7001867969855,1792.434659582912,1814.420948217742,1815.4137460874629,1826.175590575301,1832.0053010755432,1831.3400788900415,1821.4118699705546,1815.797342729122,1825.8449788869682,1823.0837735234372,1837.5311216427574,1839.3772816127082,1826.2393391920166,1812.6725269127808,1810.28692197128,1807.3172566426283,1803.6804774186944,1799.0821566138507,1806.422514619883
14506,2271,Waynesville,city,NC,NC,"Asheville, NC",Haywood County,,,,,,,,,,,,,,,,,,,,,,,,,,,,,,,,,,,,,,,,,,,,,,,,,,,,,,,,,,,,,,,,,,,,,,,,,,,,,,,,,,,,,,,,,,,,,,,,,,,,,,,,,,,,,,,,,,,,,,,,,,1622.3271631351222,1599.0291740617286,1564.2297453583362,1612.1685695453102,1627.486135860234,1650.153659502938,1661.2725048818227,1697.17719448081,1685.9361325426967,1698.476031779121,1715.3688526480182,1705.7283727407842,1740.389888676937,1719.161907511331,1777.8337901618984,1754.044270610052,1757.0191131391075,1744.3762158672655,1758.3333333333333
43591,2366,Candler,city,NC,NC,"Asheville, NC",Buncombe County,,,,,,,,,,,,,,,,,,,,,,,,,,,,,,,,,,,,,,,,,,,,,,,,,,,,,,,,,,,,,,,,,,,,,,,,,,,,,,,,,,,,,,,,,,,,,,,,,,,,,,,,,,,,,,,,,,,,,,,,,,,,,,,,,,,,,1803.1637440393204,1837.3476428519516,1839.8029569012394,1853.8132209267903,1842.9795420220787,1815.5710530587821,1824.2207953206087,1833.611111111111
16704,2383,Albemarle,city,NC,NC,"Albemarle, NC",Stanly County,,,,,,,,,,,,,,,,,,,,,,,,,,,,,,,,,,,,,,,,,,,,,,,,,,,,,,,,,,,,,,,,,,,,,,,,,,,,,,,,,,,,,,,,,,,,,,,,,,,,,,,,,,,,,,,,,,,,,,,,,,,,,,,,,,,,,,,,,,1255.5565511276122,1253.4884305711143,1264.1666666666667
33112,2398,Newton,city,NC,NC,"Hickory-Lenoir-Morganton, NC",Catawba County,,,,,,,,,,,,,,,,,,,,,,,,,,,,,,,,,,,,,,,,,,,,,,,,,,,,,,,,,,,,,,,,,,,,,,,,,,,,,,,,,,,,,,,,,,,,,,,,,,,,,,,,,,,,,,,,,,,,,,,,,,,,,,,,,,,,,,,,,,1342.9702846426167,1347.7550299659304,1357.5
23360,2416,Boiling Springs,city,SC,SC,"Spartanburg, SC",Spartanburg County,,,,,,,,,,,,,,,,,,,,,,,,,,,,,,,,,,,,,,,,,,,,,,,,,,,,,,,,,,,,,,,,,,,,,,,,,,,,,,,,,,,,,,,,,,,,,,1422.0728712639655,1440.670534230457,1454.4563809946892,1452.1625012567686,1460.0626067221035,1461.8551788373616,1485.6079066714328,1482.1783988063983,1481.4524702671822,1473.316286524725,1473.6912629536785,1485.0834340181455,1497.7345851123878,1502.4245756426087,1506.308065260154,1503.444886756572,1511.1398948214255,1526.8266526292823,1548.2059548263203,1562.7286539646482,1549.6936323440693,1546.6059234690097,1547.739428958536,1549.4964692901349,1541.5467320935334,1542.4822883161019,1557.8997413602963,1573.7221977517113,1583.4191733023133,1579.9917005501209,1565.921507973433,1564.577933443113,1568.3674888081625,1586.0051092323972,1587.3280078288387,1590.8419020417261,1601.639613101362,1603.7287726671154,1596.4821187374112,1595.5586127777608,1592.1744781467776,1596.9115561727845,1602.4510365458182,1607.7144048436273,1621.164142128849,1620.946920332843,1629.9097902097901
27127,2434,Smithfield,city,NC,NC,"Raleigh-Cary, NC",Johnston County,,,,,,,,,,,,,,,,,,,,,,,,,,,,,,,,,,,,,,,,,,,,,,,,,,,,,,,,,,,,,,,,,,,,,,,,,,,,,,,,,,,,,,,,,,,,,,,,,,,,,,,,,,,,,,,,,,,,,,,,,1572.6858909623988,1609.082081539189,1630.3807329967115,1609.971062364458,1600.887130876329,1576.8249916159723,1596.3577454833348,1591.4304804655806,1602.8184005413439,1620.555889020845,1645.1991875122235,1650.73868239043,1648.7231285638138,1634.332340114541,1622.5986532482889,1641.8042020450644,1659.2170645905244,1680.6520098507722,1671.4676959443918,1680.711111111111
31814,2444,Graham,city,NC,NC,"Burlington, NC",Alamance County,,,,,,,,,,,,,,,,,,,,,,,,,,,,,,,,,,,,,,,,,,,,,,,,,,,,,,,,,,,,,,,,,,,,,,,,,,,,,,,,,,,,,,,,,,,,,,,,,,,,,,,,,,,,,,,,,,,,,,,,,,,,,,,,,,,,,1350.2462034458686,1360.2710709562843,1363.2111385798412,1372.006853301,1367.1094153456422,1373.5689791715645,1369.6981139853954,1374.7777777777776
29434,2481,Winterville,city,NC,NC,"Greenville, NC",Pitt County,,,,,,,,,,,,,,,,,,,,,,,,,,,,,,,,,,,,,,,,,,,,,,,,,,,,,,,,,,,,,,,,,,,,,,,,,,,,,,,,,,,,,,,,,,,,,,,,,,,1471.3139322800093,1485.977947170466,1496.1188167332905,1497.104207451566,1493.2623111233777,1491.4688529257164,1482.2443030645334,1483.744639756547,1496.731593781516,1510.5113032384065,1513.447295336178,1502.9170780653756,1496.8255810429587,1502.7826506811057,1508.3331204212645,1522.1272187587047,1519.1481446766186,1532.7733073926538,1541.9711078796395,1557.4779336439053,1556.8300527023416,1556.287391622684,1560.9961740913338,1558.0096919958548,1560.8199609522287,1559.1785022387542,1572.4770260794414,1568.5572719493362,1573.0849654335211,1567.8402287247318,1575.7648362040572,1571.6451898190082,1572.8573747700905,1573.093061277326,1574.7264241146079,1588.8953066084998,1594.897554343895,1598.6076849013687,1592.1959947188607,1595.3742719648076,1601.3475532450714,1606.3492063492065
44862,2531,Darlington,city,SC,SC,"Florence, SC",Darlington County,,,,,,,,,,,,,,,,,,,,,,,,,,,,,,,,,,,,,,,,,,,,,,,,,,,,,,,,,,,,,,,,,,,,,,,,,,,,,,,,,,,,,,,,,,,,,,,,,,,,,,,,,,,,,,,,,,,,,,,,,,,,,,,,,,,,,,,,,,,1287.2022508318423,1274.1666666666665
12202,2549,Kings Mountain,city,NC,NC,"Shelby, NC",Cleveland County,,,,,,,,,,,,,,,,,,,,,,,,,,,,,,,,,,,,,,,,,,,,,,,,,,,,,,,,,,,,,,,,,,,,,,,,,,,,,,,,,,,,,,,,,,,,,,,,,,,,,,,,,,,,,,,,,,,,,,,,,,,,,,,,,,,,,1504.8284658065008,1509.7814107934305,1541.9326725595447,1546.0030209535992,1597.1071759794677,1628.710014035654,1684.2920250019579,1703.7222222222224
52961,2553,Lillington,city,NC,NC,"Fayetteville, NC",Harnett County,,,,,,,,,,,,,,,,,,,,,,,,,,,,,,,,,,,,,,,,,,,,,,,,,,,,,,,,,,,,,,,,,,,,,,,,,,,,,,,,,,,,,,,,,,,,,,,,,,,,,,,,,,,,,,,,,,,,,,,,,,,,,,,,,,,,1670.7608565800408,1684.7330454832297,1696.2055914038622,1697.6450778603999,1699.6781377497387,1711.6986190024256,1721.3569354636602,1704.7094315176146,1683.25
23664,2578,Belmont,city,NC,NC,"Charlotte-Concord-Gastonia, NC-SC",Gaston County,,,,,,,,,,,,,,,,,,,,,,,,,,,,,,,,,,,,,,,,,,,,,,,,,,,,,,,,,,,,,,,,,,,,,,,,,,,,,,,,,,,,1603.2712042512112,1614.5991724046842,1638.8566319377783,1647.0130060974443,1654.7059706041791,1674.1818764161605,1694.6374272347698,1712.134280373006,1732.4922612992245,1756.79950562407,1771.5722641469633,1756.6861590900746,1749.1296892485223,1763.3552465661714,1763.0394085561031,1782.7340822012386,1792.0672555582523,1809.5685532440064,1811.18794362787,1798.1656300285222,1786.932518099439,1791.650674954949,1807.2818435942816,1833.4129260727698,1850.4136041893978,1840.301919435975,1854.466039767556,1850.6157814432172,1873.1429908789794,1869.9662696923726,1869.7070168137482,1879.4854909350388,1878.5757272607864,1892.328332459028,1895.4571702794635,1920.2413913539585,1928.1472771616147,1942.3413936117527,1928.5614478379107,1930.568726042003,1929.6021307917092,1937.7011337994843,1956.6711187972514,1954.2751401399717,1958.0012263501505,1952.482084437969,1951.0350528066242,1934.3043024218587,1932.5483820995667,1935.4909967126894,1950.0515805818543,1957.8588928717886,1957.343323388228,1960.2788922396453,1956.7145185147874,1967.340378392424,1978.3867521367522
45750,2582,Hillsborough,city,NC,NC,"Durham-Chapel Hill, NC",Orange County,,,,,,,,,,,,,,,,,,,,,,,,,,,,,,,,,,,,,,,,,,,,,,,,,,,,,,,,,,,,,,,,,,,,,,,,,,,,,,,,,,,,,,,,,,,,,,,,,,,,,,,,,,,,1386.197675010436,1385.3196316752164,1422.5583803478173,1407.1074941136462,1407.0161595286297,1411.6859136639328,1432.0148715042087,1452.6454530322796,1428.04811915253,1427.1593989732066,1429.2821191934133,1475.987189530106,1481.5143503635493,1472.986458408313,1453.9694884376006,1461.3927230494462,1473.150611564925,1481.7869193737458,1491.4081209053386,1467.2871252794366,1469.9657621923225,1472.0291375282325,1472.6392799155255,1447.0003079629128,1445.381434141388,1455.7769846386877,1461.8936509080586,1459.5821163381222,1457.7280176567085,1458.2901788802533,1453.1615869002449,1471.1196854390726,1489.0
13967,2585,Spring Lake,city,NC,NC,"Fayetteville, NC",Harnett County,,,,,,,,,,,,,,,,,,,,,,,,,,,,,,,,,,,,,,,,,,,,,,,,,,,,,,,,,,,,,,,,,,,,,,,,,,,,,,,,1103.1630133625963,1102.7989354604588,1078.1417020391295,,1120.9832602437962,1167.5562845040367,1215.1569211941878,1246.7274171050688,1281.0096388811717,1260.7797663086133,1272.3867264875505,1255.1770018013285,1274.7680447995053,1289.3854805205765,1287.940637285931,1289.5214283780285,1281.1281562178035,1283.8967074739733,1281.4430476932482,1305.9072426111627,1312.4563878077686,1318.1362460448665,1299.6494208949514,1284.1009274402359,1290.5664305215926,1301.3560639035957,1344.5943171044792,1355.9534562453525,1352.0185989978352,1337.8297183918069,1329.3207301550126,1331.8736396440243,1342.4646653548564,1364.608605773237,1366.4248612334347,1377.84984060332,1375.7832156406955,1379.735763607765,1384.4490256939112,1384.6921284130806,1391.7730574817099,1389.355300819323,1386.2886885670493,1378.597393199022,1368.3375461233907,1362.389836112919,1379.6820654101339,1397.5235417422691,1410.7897236438357,1410.4561401199842,1396.9401644001014,1400.1876316969363,1406.8600737251113,1422.1625093266916,1436.0250457645159,1442.67414044179,1450.47292472717,1450.6769583464759,1445.8544296267014,1435.98263808159,1430.071792980515
52197,2605,Georgetown,city,SC,SC,"Georgetown, SC",Georgetown County,,,,,,,,,,,,,,,,,,,,,,,,,,,,,,,,,,,,,,,,,,,,,,,,,,,,,,,,,,,,,,,,,,,,,,,,,,,,,,,,,,,,,,,,,,,,,,,,,,,,,,,,,,,,,,,,,,,,,,,,,,,,,,,,,,,,,,,,,,,,1434.55
36431,2634,Washington,city,NC,NC,"Washington, NC",Beaufort County,,,,,,,,,,,,,,,,,,,,,,,,,,,,,,,,,,,,,,,,,,,,,,,,,,,,,,,,,,,,,,,,,,,,,,,,,,,,,,,,,,,,,,,,,,,,,,,,,,,,,,,,,,,,,,,,,,,,,,,,,,,,,,,,,,,,,,,,,,,1134.103933806738,1130.0
26009,2655,Mount Holly,city,NC,NC,"Charlotte-Concord-Gastonia, NC-SC",Gaston County,,,,,,,,,,,,,,,,,,,,,,,,,,,,,,,,,,,,,,,,,,,,,,,,,,,,,,,,,,,,,,,,,,,,,,,,,,,,,,,,,,,,1445.444786962802,1442.8833921809498,1446.0422659174988,1434.536047938712,1455.8912665945895,1471.7570402756353,1492.4936606852789,1490.6955212106823,1503.6068378187636,1521.4550494500381,1530.63426488753,1522.1180375176139,1519.9231202153833,1545.0556590206245,1549.195032428087,1582.9494494728472,1568.0135697177673,1580.7311671121013,1579.6470842220203,1609.8273046099873,1616.4876070622886,1596.5359920419648,1595.7391141572573,1581.7523940748454,1577.5247940306715,1574.9853851017772,1606.2396697376746,1630.3255826587022,1639.6532143723455,1636.4495939166557,1636.5133850745224,1642.8691439289526,1634.719924593223,1651.6371141166649,1645.3544371227104,1674.2662875864817,1674.1850552319543,1689.2095175912536,1674.7772672428616,1671.8671832995742,1675.9961248875486,1681.5428144478583,1687.3919061902277,1687.7266244333377,1690.017002037411,1694.7905309526107,1708.9073067954266,1705.6261288530434,1718.5286172347423,1714.5965490042447,1720.5638854500742,1716.1014706878404,1723.2249850195176,1730.2533763375357,1738.4500329130099,1742.1380651569434,1755.969696969697
53352,2656,Mint Hill,city,NC,NC,"Charlotte-Concord-Gastonia, NC-SC",Mecklenburg County,,,,,,,,,,,,,,,,,,,,,,,,,,,,,,,,,,,,,,,,,,,,,,,,,,,,,,,,,,,,,,,,,,,,,,,,,,,,,,,,,,,,,,,,,,,,,,,,,,,,,,,,,1458.6124393245132,1467.035889438124,1485.471668336947,1497.204946047902,1522.9061723098632,1519.9011559332293,1542.3871050985663,1531.8425239129515,1542.4775394900491,1576.938417937452,1573.9864783573842,1576.9576597363196,1573.4418141238866,1580.916621593094,1592.3028062290657,1606.7562536755913,1597.3409958607608,1589.707142839609,1567.9608317470465,1597.7757226409794,1607.0717872465987,1629.384288897081,1642.9574281740431,1646.4391565133158,1660.6472027755801,1662.2625936931968,1653.8859958724506,1647.1416939329863,1647.5585547299406,1655.0411651723527,1667.9652553868175,1650.0756958803527,1644.1109314803437,1612.140897009641,1603.2795692875427,1593.888888888889
45006,2671,Dunn,city,NC,NC,"Fayetteville, NC",Sampson County,,,,,,,,,,,,,,,,,,,,,,,,,,,,,,,,,,,,,,,,,,,,,,,,,,,,,,,,,,,,,,,,,,,,,,,,,,,,,,,,,,,,,,,,,,,,,,,,,,,,,,,,,,,,,,,,,,,,,,,,,,,,,,,,,,,,,,,,,,,1397.1017354709995,1376.0
51846,2694,Eden,city,NC,NC,"Greensboro-High Point, NC",Rockingham County,,,,,,,,,,,,,,,,,,,,,,,,,,,,,,,,,,,,,,,,,,,,,,,,,,,,,,,,,,,,,,,,,,,,,,,,,,,,,,,,,,,,,,,,,,,,,,,,,,,,,,,,,,,,,,,,,,,,,,,,,,,,,,,,,,,,,,,,,,,949.3935315247597,968.75
31927,2721,Hampstead,city,NC,NC,"Wilmington, NC",Pender County,,,,,,,,,,,,,,,,,,,,,,,,,,,,,,,,,,,,,,,,,,,,,,,,,,,,,,,,,,,,,,,,,,,,,,,,,,,,,,,,,,,,,,,,,,,,,,1779.0787268538372,1825.9740317631222,1764.6530255307368,1768.1189668703064,1784.9840142077387,1784.8993251106137,1790.835791705618,1791.6468184185946,1827.0273561738832,1838.6042247187083,1821.6361766274233,1760.6322915954217,1737.8513022391353,1741.8550313759688,1781.3144908211436,1817.410038470856,1803.2055646109159,1799.2817056850479,1781.0816001452922,1788.0202658563073,1792.059432311335,1795.2147493574098,1826.9018024511238,1834.7740286241908,1828.0574007572068,1805.841945990851,1812.1765732737954,1804.7970471661226,1814.6900088854916,1810.0562651236748,1834.9735907853283,1840.3838330830845,1820.4238730098436,1812.1092968286107,1799.0865153421819,1812.140957402457,1834.3711268611394,1850.7513460822292,1848.9921786663733,1848.026421388071,1856.3965724136306,1874.4995531242746,1877.3108752027238,1884.8764178347199,1908.9398804606515,1930.2532378453407,1949.2791666666665
22854,2759,Wendell,city,NC,NC,"Raleigh-Cary, NC",Wake County,,,,,,,,,,,,,,,,,,,,,,,,,,,,,,,,,,,,,,,,,,,,,,,,,,,,,,,,,,,,,,,,,,,,,,,,,,,,,,,,,,,,,,,,,,,,,,,,,,,,,,,,,,,,1824.9584438827992,1820.2630190764041,1830.7602367090362,1834.4989682858443,1867.3292648756924,1865.1632264326195,1894.7446434131568,1898.8600159997634,1916.491785700559,1889.4853291471145,1864.5199373411463,1857.624847567464,1867.1445956081495,1903.1381660021639,1895.2659431945053,1886.9667350432408,1858.0453521898985,1876.8260206169105,1890.7606898988777,1892.3215588508597,1887.2685151374976,1898.5451846140345,1926.3579420097833,1931.4380328178338,1932.1824160528238,1905.602207210204,1905.8541337333884,1909.169597916906,1913.1754227322908,1895.4642100506594,1863.7690038605488,1850.1165745481733,1832.5222222222221
37711,2832,Cameron,city,NC,NC,"Fayetteville, NC",Harnett County,,,,,,,,,,,,,,,,,,,,,,,,,,,,,,,,,,,,,,,,,,,,,,,,,,,,,,,,,,,,,,,,,,,,,,,,,,,,,,,,,,,,,,,,1716.1901142089037,1737.9836170065196,1704.363177897396,1704.7614027076004,1707.6162849699776,,1741.663859708039,1770.7083804435908,1761.5469796755706,1755.3284639564986,1784.9220608135113,1838.829055793003,1874.8839773123816,1830.7719683752332,1807.691356561985,1784.0114110813372,1820.4493510968464,1826.7939862530807,1876.120599851454,1860.9061811890974,1867.8783058096055,1900.056790917917,1896.2254686510548,1916.265500644181,1891.0323884042052,1933.7896616181897,1919.4115437010346,1949.4247726166386,1947.6060920595664,2003.9653278265953,1990.18583973103,2004.4214698786518,1986.6891930228935,1985.29520100537,1968.866227937253,1958.5898103332827,1969.1203199989689,1975.566444684673,1998.415930935865,1999.1758838171636,2021.587528289544,1992.3597759594218,1989.9983547233264,1997.3056361364695,2024.3551658563651,2026.6327623366576,2050.6297567149118,2051.9928328681235,2065.5707669155854,2063.834562353694,2075.541570693461,2080.53928475835,2071.2751322751324
24041,2833,Chapin,city,SC,SC,"Columbia, SC",Lexington County,,,,,,,,,,,,,,,,,,,,,,,,,,,,,,,,,,,,,,,,,,,,,,,,,,,,,,,,,,,,,,,,,,,,,,,,,,,,,,,,,,,,,,,,,,,,,,,,,,,,,,,,,,,,,,,,,,,,,,,,,,,,,,,,,,,,,2126.8330805533615,2169.331670859229,2156.1049564504015,2163.9859410159793,2162.191392003953,2175.371606984808,2184.1787857821023,2194.6666666666665
24367,2850,Denver,city,NC,NC,"Charlotte-Concord-Gastonia, NC-SC",Lincoln County,,,,,,,,,,,,,,,,,,,,,,,,,,,,,,,,,,,,,,,,,,,,,,,,,,,,,,,,,,,,,,,,,,,,,,,,,,,,,,,,,,,,,,,,,1583.5363987432024,1595.1766619377279,1619.753304706368,1630.4108874248914,1628.0550483671504,1619.6710173056904,1624.0684104630698,1661.4746473006435,1689.6855828829978,1684.6560709351518,1658.646508992695,1660.5035522604767,1667.2660309525163,1678.550664045324,1686.8445605385223,1678.2408289817251,1704.3080939025563,1711.7792406693477,1727.0812909855993,1696.4001285561937,1685.602438586162,1697.9815155237825,1726.5163868881875,1751.2028761732888,1749.2191375922469,1761.3293292515555,1749.3364445407442,1779.441910884639,1762.1453684819394,1784.2163830740699,1807.8308640381101,1829.4040848850977,1830.7217360950335,1812.5968749090582,1829.2859051069738,1840.37116736982,1867.7415231818397,1849.0696920656937,1844.5401523491807,1816.3525950166804,1825.651741537555,1815.875702008232,1799.0745492217961,1799.4723843916845,1807.2352106730373,1824.2458610412891,1811.3090722552886,1799.6191158450201,1787.5393937546037,1802.2878688914254,1819.2970706570097,1838.0740740740741
44415,2854,Camden,city,SC,SC,"Columbia, SC",Kershaw County,,,,,,,,,,,,,,,,,,,,,,,,,,,,,,,,,,,,,,,,,,,,,,,,,,,,,,,,,,,,,,,,,,,,,,,,,,,,,,,,,,,,,,,,,,,,,,,,,,,,,,,,,,,,,,,,,,,,,,,,,,,,,,,,,,,,,,,,,,1770.6845186272296,1776.9690643078823,1782.0555555555557
56048,2877,Harrisburg,city,NC,NC,"Charlotte-Concord-Gastonia, NC-SC",Cabarrus County,,,,,,,,,,,,,,,,,,,,,,,,,,,,,,,,,,,,,,,,,,,,,,,,,,,,,,,,,,,,,,,,,,,,,,,,,,,,,,,,,,,,,,,,,,,,,,,,,,,,,,,,,,,,,,2299.3913632236954,2334.386560990882,2362.9286852640143,2375.0545771930742,2379.3108489677174,2392.1612595868964,2361.496448375486,2347.8232545338115,2355.603143998938,2380.350909668836,2424.8813571822166,2419.816011892283,2385.048245361132,2372.2982034572815,2382.993416030876,2412.9445745336693,2425.6875537736596,2426.70396695586,2448.572516109907,2484.295790744281,2481.496866355595,2492.326448424564,2467.316749145609,2502.861418118191,2521.8099400829615,2527.429188401637,2513.307433066905,2502.2419519494824,2506.741365630895,2515.418998739577,2518.755555555556
7462,2882,Travelers Rest,city,SC,SC,"Greenville-Anderson, SC",Greenville County,,,,,,,,,,,,,,,,,,,,,,,,,,,,,,,,,,,,,,,,,,,,,,,,,,,,,,,,,,,,,,,,,,,,,,,,,,,,,,,,,,,,,,,,,,,,,,,,,,,,,,,,,,,,,,,,,,,,,,,,,,,,,1746.5907559119764,1752.7121253005344,1765.1335825731971,1768.2863102328636,1749.3336279579214,1757.2146514206684,1762.6870105479177,1786.045753600465,1771.229440223511,1770.7334559129927,1782.9664205761492,1813.6602115835963,1832.4008735790148,1838.213977737379,1815.1939228515996,1822.9126984126985
47137,2900,Pittsboro,city,NC,NC,"Durham-Chapel Hill, NC",Chatham County,,,,,,,,,,,,,,,,,,,,,,,,,,,,,,,,,,,,,,,,,,,,,,,,,,,,,,,,,,,,,,,,,,,,,,,,,,,,,,,,,,,,,,,,,,,,,,,,,,,,,,,,,,,,,1783.4752291574719,1747.7754621202755,1749.326219142723,1707.0284582172922,1720.7077083405884,1727.976084325894,1759.2609372844531,1777.7691684757583,1768.5517389178267,1754.7973334852452,1765.5922784388265,1811.5903270899419,1822.8352807618232,1824.6008343144736,1804.32809107013,1814.2167614739512,1783.6145617369027,1805.1835071890819,1805.694594467159,1803.6869057680808,1808.526276160418,1817.5098263991854,1817.9526877279259,1812.3818727828966,1807.551473302942,1818.9713194779104,1848.688788736592,1875.2407175720512,1902.4552214512669,1888.4809679627529,1882.2593154226527,1887.5
10164,2910,Arden,city,NC,NC,"Asheville, NC",Buncombe County,,,,,,,,,,,,,,,,,,,,,,,,,,,,,,,,,,,,,,,,,,,,,,,,,,,,,,,,,,,,,,,,,,,,,,,,,,,,,,,,,,,1400.585500611772,1416.8839085017603,1436.8799815560608,1476.6970687429475,1495.6121378505313,1522.3349068793677,1543.4841738432933,1568.2949692045202,1598.6559537819267,1597.9555919781385,1599.0301525601028,1603.8089771189188,1668.6908519752806,1674.918946300882,1677.174971278358,1643.18744856988,1655.9151559151599,1653.0798929747045,1636.8011527213798,1622.0620344464207,1602.620841099885,1612.437806193488,1617.3389696740467,1619.058183588034,1601.747695376076,1599.0431758232123,1614.7817822537243,1614.2542442552544,1607.7621911862213,1611.2741724817226,1636.1239894616651,1655.7125601319842,1662.1557126565685,1644.0135121712565,1626.552132179019,1634.6426148568564,1629.9873973585986,1632.842971822393,1598.7150757724012,1588.1777189311952,1586.6863070091122,1592.805236637454,1600.2890558356844,1583.221401571356,1575.5852900380864,1563.0975967767647,1569.751273880964,1558.4349322828061,1554.198964302066,1547.9287966593067,1560.0432110448019,1568.66355460616,1565.7049456892573,1555.4609417863833,1537.6824477420782,1540.512876184507,1543.498734965116,1556.7833067517277
5657,2919,Little River,city,SC,SC,"Myrtle Beach-Conway-North Myrtle Beach, SC-NC",Horry County,,,,,,,,,,,,,,,,,,,,,,,,,,,,,,,,,,,,,,,,,,,,,,,,,,,,,,,,,,,,,,,,,,,,,,,,,,,,,,,,,,,,,,,,,,,,,,,,,,,,,,,,,,,,,,1520.470740073413,1554.7522601329727,1520.402472822942,1515.6180289347137,1495.4014967365683,1509.1108459760403,1514.9396070064308,1546.558338187372,1539.9018716079045,1534.3051709083866,1527.6248060537814,1542.8092575835672,1543.5158674487127,1547.6974839461866,1533.8880341210902,1541.0434652189822,1551.2259600012103,1564.5139804968358,1553.3087841223896,1533.627373648139,1529.6320593111213,1522.9141462183761,1542.47966929041,1520.7214886688694,1521.756439757156,1503.8402718418956,1529.4420676609088,1520.0336176513836,1518.8053390290843,1504.845491501045,1511.6125
28840,2960,Fountain Inn,city,SC,SC,"Greenville-Anderson, SC",Laurens County,,,,,,,,,,,,,,,,,,,,,,,,,,,,,,,,,,,,,,,,,,,,,,,,,,,,,,,,,,,,,,,,,,,,,,,,,,,,,,,,,,,,,,,,,,,,,,,,,,,,,,,1810.8954205707391,1813.2165145546246,1796.6717888436317,1796.0875058922816,1789.9918922637742,1826.0863788045795,1878.148054861981,1919.4661084218146,1918.7012836180568,1887.3629375812557,1862.9508304551493,1879.7035140822047,1889.3106394196582,1888.1742748605811,1877.3661159570872,1907.0618452795486,1938.8836900710812,1945.2245913449763,1933.3055048892572,1921.6836962775008,1910.0237381992383,1914.7488144711433,1915.9183974252342,1949.2118044733488,1956.2336168550194,1967.5657969232082,2000.279015762696,1990.7570376470248,1983.6323147151345,1977.8798905341598,1974.0519753397884,1976.7047978245207,1998.4533369522542,2030.7540830638068,2063.589490417499,2050.4191939704638,2059.485799438492,2071.134259259259
41598,2967,Weaverville,city,NC,NC,"Asheville, NC",Buncombe County,,,,,,,,,,,,,,,,,,,,,,,,,,,,,,,,,,,,,,,,,,,,,,,,,,,,,,,,,,,,,,,,,,,,,,,,,,,,,,,,,,,,,,,,,,,,,,,,,,,,,,,,,,,,,,,,,1756.7362629272945,1769.0459283133603,1740.0918159243151,1739.6134705626623,1732.8240157187258,1747.7607932809387,1759.8269275932446,1761.4133423150263,1774.5030881163052,1779.054100565299,1756.339084141222,1728.932716668106,1708.5059750501998,1714.1928427444996,1717.379645296556,1723.5067331309663,1700.5659077519279,1703.1064355672631,1692.5065439704983,1715.6339743636818,1701.1759791000206,1684.7867177929086,1666.420298598925,1666.276076680726,1680.2232744427547,1677.893705962095,1683.5690881009396,1678.9867724867727
15287,2994,Leland,city,NC,NC,"Myrtle Beach-Conway-North Myrtle Beach, SC-NC",Brunswick County,,,,,,,,,,,,,,,,,,,,,,,,,,,,,,,,,,,,,,,,,,,,,,,,,,,,,,,,,,,,,,,,,,,,,,,,,,,,,,,,,,,,,,,,,,,,,,1581.3301204852264,1597.7826414428857,1611.6144211182432,1613.8424299179997,1605.9054901578534,1591.4660232641036,1596.769007773843,1619.9676869889674,1628.2559981316365,1637.6139094711486,1622.146236636493,1611.2184276390333,1596.0374247737507,1617.5416521613731,,1643.9702693572738,1634.3491936754017,1637.1422709106873,1640.05663352383,1642.5116524193554,1648.0747972305733,1670.4636497961958,1688.5994520625416,1688.3771198120894,1667.892438906376,1662.6348228916565,1638.15108871855,1628.3143997749987,1615.5078820926428,1624.4191079742418,1627.0461075454193,1625.79245348075,1608.5054156693907,1599.15143042656,1598.3273209159318,1606.6049436311512,1626.4169611189068,1619.4902609616297,1628.7130412782997,1632.6185239072784,1649.0437568333075,1644.9094547834372,1642.7030671223108,1640.679700499262,1653.2444246250614,1653.1530770748109,1654.094486215539
42776,3027,Newport,city,NC,NC,"Morehead City, NC",Carteret County,,,,,,,,,,,,,,,,,,,,,,,,,,,,,,,,,,,,,,,,,,,,,,,,,,,,,,,,,,,,,,,,,,,,,,,,,,,,,,,,,,,,,,,,,,,,,,,,,,,,,,,,,,,,,,,,,,,,,,,,,,,,,,,,,,,,,,,,,,1739.5392182237356,1763.565017715547,1746.9047619047622
21217,3082,West Columbia,city,SC,SC,"Columbia, SC",Lexington County,,,,,,,,,,,,,,,,,,,,,,,,,,,,,,,,,,,,,,,,,,,,,,,,,,,,,,,,,,,,,,,,,,,,,,,,,,,,,,,,,,,,1308.6160785506506,1304.8355161074378,1273.023900462992,1276.751338083533,1303.0525184139128,1303.5540982447926,1314.8958130340038,1322.4168857675247,1356.485412176581,1363.845607100534,1365.3046275337358,1361.22129867299,1390.758698455201,1411.8907963220336,1420.497185365261,1408.0980310709117,1408.1572850740752,1434.6306705034444,1442.0548762879118,1469.721997931265,1467.3751334500193,1480.7096469262594,1470.5830189512533,1459.9002390767687,1462.3803929124326,1475.4549181600112,1497.1281809856803,1515.680480907389,1502.260417407114,1508.9807009659141,1518.1558906557254,1550.1047112468198,1548.8156379624727,1564.481212088025,1559.4877492616474,1570.2022226213453,1563.5356174754415,1564.8151708904977,1576.7261552029963,1585.0663342838002,1588.2838537506996,1593.6707145890007,1592.9805159641392,1594.60528389877,1601.1957653222396,1598.5443826639719,1623.191586401917,1636.2845376403463,1650.1622989703503,1654.5936904609175,1649.6554176352925,1652.2451574580184,1671.240266418319,1673.2781631331484,1682.7033343279645,1674.0716798475312,1684.0848484848484
28253,3083,Brevard,city,NC,NC,"Brevard, NC",Transylvania County,,,,,,,,,,,,,,,,,,,,,,,,,,,,,,,,,,,,,,,,,,,,,,,,,,,,,,,,,,,,,,,,,,,,,,,,,,,,,,,,,,,,,,,,,,,,,,,,,,,,,,,,,,,,,,,,,,,,,,,,,,,,,,,,,,,,,2006.7013643029006,1985.1806453902054,1990.7490663470599,1987.8748162549034,2016.1874196745503,1994.5414141390295,2007.3556754531367,1997.9166666666667
35002,3100,Angier,city,NC,NC,"Fayetteville, NC",Harnett County,,,,,,,,,,,,,,,,,,,,,,,,,,,,,,,,,,,,,,,,,,,,,,,,,,,,,,,,,,,,,,,,,,,,,,,,,,,,,,,,,,,,,,,,,,,,,,,,,,,,,,,,,,,,,,,,,,,1800.4335700949543,1823.2266776375816,1836.8494624549157,1862.4710859235354,1856.3171397236313,1853.1659666005498,1829.1972849716974,1832.8815812610085,1817.137705903076,1823.288622140802,1809.4188962511134,1821.4079081457483,1819.9426148255545,1821.0039541170947,1801.735338456747,1788.1126892828174,1794.0935225552623,1807.881889993476,1822.5057495951535,1820.4691579584114,1826.0182784285773,1825.4560152720228,1832.8637220352755,1837.1265474309682,1845.3544732545352,1846.2619047619048
25067,3131,Havelock,city,NC,NC,"New Bern, NC",Craven County,,,,,,,,,,,,,,,,,,,,,,,,,,,,,,,,,,,,,,,,,,,,,,,,,,,,,,,,,,,,,,,,,,,,,,,,,,,,,,,,,,,,,,,,,,,,,,,,,,,1232.8779209778277,1222.37908323442,1227.5698833889842,1222.2629454773423,1239.0609947434652,1235.064470727231,1239.0703360769467,1224.7074380443469,1236.6154968637181,1233.7369035610798,1240.8814108859174,1229.7527480250744,1249.8655471653842,1270.0458070415368,1302.4953359421124,1325.0774278301526,1314.6460427135357,1306.1795083598558,1301.510348491206,1324.4519173044887,1324.6724854045208,1342.812455995097,1312.0920846714278,1322.9543811230074,1330.243034935175,1357.788868120663,1342.6504091101629,1356.5969236448525,1366.453693981022,1382.2498484339094,1395.2125272331332,1397.100118949371,1400.2743441804291,1402.8126165228261,1429.8029289419487,1435.6234822709919,1426.6403617598887,1404.6752980350443,1405.3420853061598,1388.136269014923,1385.6287696915094,1380.851851851852
12889,3135,Murphy,city,NC,NC,,Cherokee County,,,,,,,,,,,,,,,,,,,,,,,,,,,,,,,,,,,,,,,,,,,,,,,,,,,,,,,,,,,,,,,,,,,,,,,,,,,,,,,,,,,,,,,,,,,,,,,,,,,,,,,,,,,,,,,,,,,,,,,,,,,,,,,,,,,,,,,,,,,,1583.3333333333333
22123,3305,Hanahan,city,SC,SC,"Charleston-North Charleston, SC",Berkeley County,,,,,,,,,,,,,,,,,,,,,,,,,,,,,,,,,,,,,,,,,,,,,,,,,,,,,,,,,,,,,,,,,,,,,,,,,,,,,,,,,,,,,,,,,,,,,,,,,,,,,,,,,,,,1573.0664927629298,1582.5233350936278,1609.1946930343256,1633.4104737783045,1653.2868673757098,1681.7590629170243,1676.9688629017405,1679.8031906636554,1694.4277131852168,1684.3001611649604,1681.624309790353,1676.2573541722263,1700.1446880868762,1715.0117689654453,1698.2846650286008,1664.9599649625472,1639.7613083807066,1616.0267605196568,1646.6718278454475,1665.9228294605907,1668.3132991425946,1674.1283059415332,1685.9187992136851,1700.416288258504,1688.9698173811519,1685.010046058134,1699.2984499990805,1725.7529562152165,1751.0504386779703,1773.3175184419906,1768.8849687595289,1766.2084273228018,1771.711111111111
54129,3311,Richlands,city,NC,NC,"Jacksonville, NC",Onslow County,,,,,,,,,,,,,,,,,,,,,,,,,,,,,,,,,,,,,,,,,,,,,,,,,,,,,,,,,,,,,,,,,,,,,,,,,,,,,,,,,,,,,,,,,,,,,,,,,,,,,,,,,,,,,,,,,,,,,,,,1556.5743831394284,1547.7988754491632,1568.5728975023983,1606.3284855601905,1619.9992880629552,1637.3610691827114,1623.1602165611737,1633.4348422796954,1642.1822761113547,1651.9310967938889,1648.0502853261796,1643.3406765996974,1648.6615565498778,1649.1652777357335,,1670.700898176728,1695.297736129547,1726.8173179383182,1749.3258659590776,1758.4501454508809,1757.7777777777776
11048,3318,Davidson,city,NC,NC,"Charlotte-Concord-Gastonia, NC-SC",Mecklenburg County,,,,,,,,,,,,,,,,,,,,,,,,,,,,,,,,,,,,,,,,,,,,,,,,,,,,,,,,,,,,,,,,,,,,,,,,,,,,,,,,,1605.5212764664677,,1621.1701007668435,1633.2332985810538,1657.889089533785,1656.5191771211291,1664.8238820249499,1661.3357056135035,1691.243126198195,1693.675573669525,1706.8181734658733,1709.022755550231,1718.9941846297222,1743.144015526411,,1707.422419663668,1711.6817105440957,1798.5065325330752,1836.4244409422176,1859.1464665243254,1861.269436628881,1864.842158166066,1878.148758863267,1870.9329184819542,1881.410766246132,1867.3281220204638,1924.4756183389923,1903.1472153997267,1918.4112192311245,1882.0989764595042,1888.0823071270268,1915.5434956970435,1905.6597975764191,1924.9655854469977,1911.1120238836227,1921.4433098441864,1914.2645318188186,1946.8913854876664,1960.428123281345,2061.1552289655356,2053.084184644349,2060.6448999182103,1988.5318546510764,1981.7557383913584,2008.198967507515,2023.4923003991316,2046.5144905697055,2035.1487172391764,2047.2129167180592,2036.815546963285,2020.972489803911,1963.7126208758164,1973.0695436416709,1979.1148652743752,2032.8476670176726,2033.0454118278112,2028.845228256272,2019.0270352925452,2016.7312444561946,2032.3333333333333
47914,3361,Surfside Beach,city,SC,SC,"Myrtle Beach-Conway-North Myrtle Beach, SC-NC",Horry County,,,,,,,,,,,,,,,,,,,,,,,,,,,,,,,,,,,,,,,,,,,,,,,,,,,,,,,,,,,,,,,,,,,,,,,,,,,,,,,,,,,,,,,,,,,,,,,,,,,,,,,,,,,,,1515.8445816720819,,1520.5009742604377,1532.4534788052542,1530.4055145036505,1515.980189249562,1515.789801865937,1520.943980998926,1539.1981560733832,1520.5902174735734,1539.6761569510188,1519.3262997549891,1539.01380557042,1527.7872310552602,1544.763599885598,1538.3590410791285,1542.1377237928082,1540.716846518868,1528.271059886302,1525.7845200979536,1537.2156156664435,1553.8877353689418,1527.1093808671692,1543.7565429867248,1547.347706762627,1577.2151818763775,1561.7139800476834,1566.3123991545458,1570.5328084474927,1581.3145547602153,1597.8300637423554,1610.527777777778
31573,3390,Fletcher,city,NC,NC,"Asheville, NC",Henderson County,,,,,,,,,,,,,,,,,,,,,,,,,,,,,,,,,,,,,,,,,,,,,,,,,,,,,,,,,,,,,,,,,,,,,,,,,,,,,,,,,,,,,,,,,,,,,,,,,,,,,,,,,,,,,,,,,,,,,,,,,,,,,,,,,,,,,2147.392852610471,2123.6062103498016,2102.5585147677803,2100.891478153157,2141.517039550907,2150.8828169993235,2158.270363982492,2175.4166666666665
28061,3485,Youngsville,city,NC,NC,"Raleigh-Cary, NC",Franklin County,,,,,,,,,,,,,,,,,,,,,,,,,,,,,,,,,,,,,,,,,,,,,,,,,,,,,,,,,,,,,,,,,,,,,,,,,,,,,,,,,,,,,,,,,,,,,,,,,,,,,,,,,,,,,,,,,,,,,,,,,,,,,,,,,,,,1874.66990028573,1904.3531510510004,1910.1039352123805,1914.795282260327,1897.3467537116971,1881.4034559294691,1889.3779829641128,1867.6879732345571,1878.9166666666667
10855,3498,Clemson,city,SC,SC,"Greenville-Anderson, SC",Pickens County,,,,,,,,,,,,,,,,,,,,,,,,,,,,,,,,,,,,,,,,,,,,,,,,,,,,,,,,,,,,,,,,,,,,,,,,,,,,,,,,,,,,,,,,,,,,,,,,,,,,,,,,,,,1185.279157460648,1173.2736359042758,1117.390178910023,1102.9396866634,,1106.6173999975724,1156.0826994399692,1172.9509395774692,1170.406234407151,1125.3661612324465,1121.8130228019318,1184.3180054870816,1250.7363753059333,1267.0840802407292,1215.1779547200365,1202.985843112242,1203.7873453253815,1223.8860372670697,1201.0430605610645,1200.6059457901881,1222.831003260745,1251.4622418822707,1254.2329228768094,1211.6566853033764,1167.719764385861,1183.6420869082604,1244.1538718836641,1279.1467970591664,1298.0200116702208,1310.3862067877735,1337.146109017821,1360.5771469558285,1371.7112396929172,1411.388888888889
55310,3530,Canton,city,NC,NC,"Asheville, NC",Haywood County,,,,,,,,,,,,,,,,,,,,,,,,,,,,,,,,,,,,,,,,,,,,,,,,,,,,,,,,,,,,,,,,,,,,,,,,,,,,,,,,,,,,,,,,,,,,,,,,,,,,,,,,,,,,,,,,,,,,,,,,,,,,,,,,,,,,,,,,,1588.1043574284374,1584.070679195822,1599.08823501729,1600.0
36317,3532,Sylva,city,NC,NC,"Cullowhee, NC",Jackson County,,,,,,,,,,,,,,,,,,,,,,,,,,,,,,,,,,,,,,,,,,,,,,,,,,,,,,,,,,,,,,,,,,,,,,,,,,,,,,,,,,,,,,,,,,,,,,,,,,,,,,,,,,,,,,,,,,,,,,,,,,,,,,,,,,,,,,,,,,,,1525.0
13841,3535,Siler City,city,NC,NC,"Durham-Chapel Hill, NC",Chatham County,,,,,,,,,,,,,,,,,,,,,,,,,,,,,,,,,,,,,,,,,,,,,,,,,,,,,,,,,,,,,,,,,,,,,,,,,,,,,,,,,,,,,,,,,,,,,,,,,,,,,,,,,,,,,,,,,,,,,,,,,,,,,,,,,,,,,,,,,,,,1366.6666666666665
37814,3616,Central,city,SC,SC,"Greenville-Anderson, SC",Pickens County,,,,,,,,,,,,,,,,,,,,,,,,,,,,,,,,,,,,,,,,,,,,,,,,,,,,,,,,,,,,,,,,,,,,,,,,,,,,,,,,,,,,,,,,,,,,,,,,,,,,,,,,,,,,,,,,,,,,,,,,,,,,,,,,,1201.1683888920738,1224.502987789844,1211.656491422994,1243.5764438202887,1241.0627869440332,1254.3862311127232,1239.6625417154871,1242.9742756241221,1237.3074320090545,1245.8014304277563,1246.2589931374628,1261.8
14032,3626,Summerfield,city,NC,NC,"Greensboro-High Point, NC",Guilford County,,,,,,,,,,,,,,,,,,,,,,,,,,,,,,,,,,,,,,,,,,,,,,,,,,,,,,,,,,,,,,,,,,,,,,,,,,,,,,,,,,,,,,,,,,,,,,,,,,,,,,,,,,,,,,,,,,,,,,,,,,,,,,,,,,,,,,,,,,,,2387.5
44995,3701,Duncan,city,SC,SC,"Spartanburg, SC",Spartanburg County,,,,,,,,,,,,,,,,,,,,,,,,,,,,,,,,,,,,,,,,,,,,,,,,,,,,,,,,,,,,,,,,,,,,,,,,,,,,,,,,,,,,,,,,,,,,,,,,,,,,,,,,,,,,,,,,1716.176456938862,1727.4625476017573,1767.7038652094584,1758.3243134539819,1762.8371864441924,1743.6717143155263,1757.145112625498,,1771.920398430673,1772.4505841539851,1776.8082822187405,1774.9016560237399,1787.6930130182398,1809.2688696701427,1796.1996396909062,1781.7891158291166,1770.2577103559076,1788.6383137068196,1787.3059941487716,1783.891971512687,1779.2191640294866,1786.9084054809364,1793.5461995968603,1807.2063523531033,1809.937000932233,1807.6328859666808,1821.579827256394,1853.4794844800504,1889.222222222222
7238,3736,Stanley,city,NC,NC,"Charlotte-Concord-Gastonia, NC-SC",Gaston County,,,,,,,,,,,,,,,,,,,,,,,,,,,,,,,,,,,,,,,,,,,,,,,,,,,,,,,,,,,,,,,,,,,,,,,,,,,,,,,,,,,,,,,,,,,,,,,,,,,,,,,,,,,,,,,,,,,,,,,,,,,,,,,,,,,,,,,,,,,2003.9168339708124,2031.0
35932,3828,Pawleys Island,city,SC,SC,"Georgetown, SC",Georgetown County,,,,,,,,,,,,,,,,,,,,,,,,,,,,,,,,,,,,,,,,,,,,,,,,,,,,,,,,,,,,,,,,,,,,,,,,,,,,,,,,,,,,,,,,,,,,,,,,,,,,,,,,,,,,,,,,,,,,,,,,,,,,,,,,,,,,,,,,,,,1827.7907703634557,1913.0
35777,3829,Moore,city,SC,SC,"Spartanburg, SC",Spartanburg County,,,,,,,,,,,,,,,,,,,,,,,,,,,,,,,,,,,,,,,,,,,,,,,,,,,,,,,,,,,,,,,,,,,,,,,,,,,,,,,,,,,,,,,,,,,,,,,,,,,,,,,,,,,,,,,,,,,,,,,,,,,,,,,,,,,,,,,,,1622.3634021544526,1632.7625625555402,1652.9496983920756,1664.5
44346,3840,Browns Summit,city,NC,NC,"Greensboro-High Point, NC",Guilford County,,,,,,,,,,,,,,,,,,,,,,,,,,,,,,,,,,,,,,,,,,,,,,,,,,,,,,,,,,,,,,,,,,,,,,,,,,,,,,,,,,,,,,,,,,,,,,,,,,,,,,,,,,,,,,,,,,,,,,,,,,,,,,,,,,,,,,,1482.4901734801372,1483.78169147547,1458.2641941816378,1468.9989039517106,1409.2291840640714,1374.0
25408,3852,King,city,NC,NC,"Winston-Salem, NC",Stokes County,,,,,,,,,,,,,,,,,,,,,,,,,,,,,,,,,,,,,,,,,,,,,,,,,,,,,,,,,,,,,,,,,,,,,,,,,,,,,,,,,,,,,,,,,,,,,,,,,,,,,,,,,,,,,,,,,,,,,,,,,,,,,,,,,,,,,,,,,,,,1295.0
37867,3857,China Grove,city,NC,NC,"Charlotte-Concord-Gastonia, NC-SC",Rowan County,,,,,,,,,,,,,,,,,,,,,,,,,,,,,,,,,,,,,,,,,,,,,,,,,,,,,,,,,,,,,,,,,,,,,,,,,,,,,,,,,,,,,,,,,,,,,,,,,,,,,,,,,,,,,,,,,,,,,,,,,,,,,,,,,1499.5884512551202,1482.5949729604451,1501.466643138358,1522.199270554969,1532.1808569248906,1497.0202384515771,1491.2493296236853,1515.7512975130776,1544.9279372502106,1561.9004699890354,1583.1175398957696,1615.6666666666667
30426,3865,Benson,city,NC,NC,"Raleigh-Cary, NC",Johnston County,,,,,,,,,,,,,,,,,,,,,,,,,,,,,,,,,,,,,,,,,,,,,,,,,,,,,,,,,,,,,,,,,,,,,,,,,,,,,,,,,,,,,,,,,,,,,,,,,,,,,,,,,,,,,,,,,,,,,,,,,,,,,,,,,,,,,,,1669.5655051982797,1672.4908145935217,1642.967549846453,1668.310661490236,1643.5024048372904,1651.4444444444443
26192,3940,North Myrtle Beach,city,SC,SC,"Myrtle Beach-Conway-North Myrtle Beach, SC-NC",Horry County,,,,,,,,,,,,,,,,,,,,,,,,,,,,,,,,,,,,,,,,,,,,,,,,,,,,,,,,,,,,,,,,,,,,,,,,,,,,,,,,,,,,,,,,,,,,,,,,,,,,,,,,,,,,,,,,,,,1519.982454520985,1533.1351118401453,1547.8583926842052,1543.4893494505752,1559.2819208597225,1564.4670682861347,1560.508160599419,1514.8333993754381,1518.9618699365283,1472.6411459940816,1511.809718649952,1505.458613628704,1516.7062017496355,1515.2127485776132,1523.4475533518562,1545.8770037003724,1550.0819708976037,1567.5292922758526,1583.9247443108363,1639.6966439515543,1652.965926134564,1712.3432604217192,1700.444480434236,1731.2489172400453,1745.6567843629769,1783.4761904761906
7471,3956,Trinity,city,NC,NC,"Greensboro-High Point, NC",Randolph County,,,,,,,,,,,,,,,,,,,,,,,,,,,,,,,,,,,,,,,,,,,,,,,,,,,,,,,,,,,,,,,,,,,,,,,,,,,,,,,,,,,,,,,,,,,,,,,,,,,,,,,,,,,,,,,,,,,,,,,,,,,,,,,,,,,,,,,,,,,1749.8979552326791,1772.5
14796,4002,Carthage,city,NC,NC,"Pinehurst-Southern Pines, NC",Moore County,,,,,,,,,,,,,,,,,,,,,,,,,,,,,,,,,,,,,,,,,,,,,,,,,,,,,,,,,,,,,,,,,,,,,,,,,,,,,,,,,,,,,,,,,,,,,,,,,,,,,,,,,,,,,,,,,,,,,,,,,,,,,,,,,,,1821.6155740084016,1803.5823874630098,1819.8689234234844,1814.8237524310298,1823.0805154734237,1830.8493442453282,1849.892682285851,1871.2623780070273,1869.8889245733487,1861.5
50507,4020,Hubert,city,NC,NC,"Jacksonville, NC",Onslow County,,,,,,,,,,,,,,,,,,,,,,,,,,,,,,,,,,,,,,,,,,,,,,,,,,,,,,,,,,,,,,,,,,,,,,,,,,,,,,,,,,,,,,,,,,,,,1280.8004546690242,1295.1618470199567,1298.040702224483,1296.4509961428182,1300.6765204116293,1305.6209967251493,1309.7515837822737,1312.1877512562758,1331.1406698460426,1336.8618748076558,1337.3680223489866,1325.5705268682332,1335.60086672831,1355.3864836158152,1354.0210969533564,1381.2951873381262,1380.315852849413,1397.7579434463146,1396.2961359047229,1402.4555061140616,1405.66614076756,1406.6286540132105,1406.0114121447834,1413.8847065071006,1408.8886852926237,1416.7151093961163,1417.5711905110675,1429.7075458825575,1434.0422045070195,1439.4105835453693,1447.96611644136,1455.1710726946953,1459.1999113486577,1467.7838311152414,1470.3513917805847,1470.273655302464,1479.9967739686247,1473.4923526074285,1485.4563206016946,1475.090311744976,1483.5173061890782,1481.6266130585295,1487.4514846071888,1490.6761903866302,1495.070238858044,1498.666666578819,1508.4090804169525,1517.4603174603174
30441,4032,Bessemer City,city,NC,NC,"Charlotte-Concord-Gastonia, NC-SC",Gaston County,,,,,,,,,,,,,,,,,,,,,,,,,,,,,,,,,,,,,,,,,,,,,,,,,,,,,,,,,,,,,,,,,,,,,,,,,,,,,,,,,,,,,,,,,,,,,,,,,,,,,,,,,,,,,,,,,,,,,,,,,,,,,,1365.8976508703636,1350.4185994851584,1355.1830358338782,1350.9959723875058,1339.760069480899,1351.4816412862979,1392.408041691981,1418.6987108131925,1421.0063813956122,1411.6184754219685,1385.036267254832,1407.0686026004284,,1444.8139675655584,1432.0555555555557
33660,4096,Ridgeland,city,SC,SC,"Hilton Head Island-Bluffton, SC",Jasper County,,,,,,,,,,,,,,,,,,,,,,,,,,,,,,,,,,,,,,,,,,,,,,,,,,,,,,,,,,,,,,,,,,,,,,,,,,,,,,,,,,,,,,,,,,,,,,,,,,,,,,,,,,,,,,,,,,,,,,,,,,,,,,,,,,1741.574542037772,,1557.8658545400688,,1620.5358137004146,1680.7281352279433,1666.5840338492303,,,1731.2505594692425,1717.9444444444443
4886,4167,Gibsonville,city,NC,NC,"Greensboro-High Point, NC",Guilford County,,,,,,,,,,,,,,,,,,,,,,,,,,,,,,,,,,,,,,,,,,,,,,,,,,,,,,,,,,,,,,,,,,,,,,,,,,,,,,,,,,,,,,,,,,,,,,,,,,,,,,,,,,,,,,,,,,,,,,,,,,,,,,,,,,,1891.4235405036457,1905.8868763072912,1913.838628824977,1932.3826730322546,1945.408955270574,1920.4272898892978,1907.9532009616128,1891.231389746367,1904.215190602897,1915.6666666666667
33430,4215,Pinehurst,city,NC,NC,"Pinehurst-Southern Pines, NC",Moore County,,,,,,,,,,,,,,,,,,,,,,,,,,,,,,,,,,,,,,,,,,,,,,,,,,,,,,,,,,,,,,,,,,,,,,,,,,,,,,,,,,,,,,,,,,,,,,,,,,,,,,,,,,,,,1970.7618636651296,1968.2308116791273,1975.4616820636213,1989.151147948788,2004.484618034762,2016.0117197868042,2022.699067927853,2016.8557768999938,2016.7134435569735,1998.7572679027353,2001.8226170347452,1989.617467067128,1997.0229658309563,2000.7110485005305,2022.2910694502966,2040.3830911407892,2049.7334394690974,2042.5553719774985,2048.4495725277516,2048.1199103331523,2062.21668291603,2067.360542525793,2069.973143938484,2086.7427086730527,2087.1350017986315,2090.5055750653005,2076.786816642621,2067.8145496083353,2064.3908735610685,2065.6051041664505,2066.0845321165716,2071.414141414142
23962,4337,Carrboro,city,NC,NC,"Durham-Chapel Hill, NC",Orange County,,,,,,,,,,,,,,,,,,,,,,,,,,,,,,,,,,,,,,,,,,,,,,,,,,,,,,,,,,,,,,,,,,,,,,,,,,,,,,,,,,,,,,,,,,,,,,,,,,,,,,,,,,,,,,1425.721894815791,1434.6923463625053,1447.2737273348268,1438.9810600244448,1440.8908138407216,1428.9417169333162,1429.2968823528718,1421.6042341455757,1437.2038031984032,1424.8710965841913,1420.0796608265553,1438.9718858618148,1464.4731893553137,1492.635020685908,1489.614290854609,1483.6515597953603,1501.0977050330173,1501.3902797662424,1509.062422239995,1517.8819181936426,1512.4442307412555,1524.0368128125565,1538.4283605032024,1534.265386792994,1510.4128374602292,1490.9742536666645,1489.2020282529475,1500.3771574849363,1488.5255199548665,1501.2675673287474,1502.0038295038296
10801,4340,Cherryville,city,NC,NC,"Charlotte-Concord-Gastonia, NC-SC",Gaston County,,,,,,,,,,,,,,,,,,,,,,,,,,,,,,,,,,,,,,,,,,,,,,,,,,,,,,,,,,,,,,,,,,,,,,,,,,,,,,,,,,,,,,,,,,,,,,,,,,,,,,,,,,,,,,,,,,,,,,,,,,,,,,,,,,,,,,,,,,,,1112.5
25185,4385,Hopkins,city,SC,SC,"Columbia, SC",Richland County,,,,,,,,,,,,,,,,,,,,,,,,,,,,,,,,,,,,,,,,,,,,,,,,,,,,,,,,,,,,,,,,,,,,,,,,,,,,,,,,,,,,,,,,,,,,,,,,,,,,,,,,,,,,,,,,,,,,,,,,,,,,,,,,,,,,,1528.7523278461979,1546.471666839805,1546.5420899870942,1561.9197397384978,1547.1340606874844,1565.3106461492193,1588.1898060330761,1584.0
6041,4388,Morehead City,city,NC,NC,"Morehead City, NC",Carteret County,,,,,,,,,,,,,,,,,,,,,,,,,,,,,,,,,,,,,,,,,,,,,,,,,,,,,,,,,,,,,,,,,,,,,,,,,,,,,,,,,,,,,,,,,,,,,,,,,,,,,,,,,,,,,,,,,,,,,,,1556.9146941451245,1599.1341283921474,1640.786379935809,1703.0218177987695,1693.8626485038283,1703.1626696756532,1694.575295382413,1704.3206192072762,1693.2798072812368,1681.6839622436594,1690.9305489329556,1725.1548973886927,1736.127592685716,1732.1740908247068,1713.4345975630686,1699.1496575569115,1708.5743123287714,1710.6308483871476,1723.1150198418468,1721.185488632511,1736.234511028569,1760.5555555555554
10424,4431,Black Mountain,city,NC,NC,"Asheville, NC",Buncombe County,,,,,,,,,,,,,,,,,,,,,,,,,,,,,,,,,,,,,,,,,,,,,,,,,,,,,,,,,,,,,,,,,,,,,,,,,,,,,,,,,,,,,,,,,,,,,,,,,,,,,,,,,,,,,,,,,,,,,,,,,,,,,,,,,,,1718.875032708679,1746.0564112775555,1766.8489622166574,1753.4660724439705,1731.7489582819344,1717.8054465557032,1753.6197494727621,1764.0549957799183,1780.0302286033395,1775.2777777777776
27988,4498,Winnsboro,city,SC,SC,"Columbia, SC",Fairfield County,,,,,,,,,,,,,,,,,,,,,,,,,,,,,,,,,,,,,,,,,,,,,,,,,,,,,,,,,,,,,,,,,,,,,,,,,,,,,,,,,,,,,,,,,,,,,,,,,,,,,,,,,,,,,,,,,,,,,,,,,,,,,,,,,,,,,,,,,,,1109.9943160467499,1114.5
3301,4639,Aberdeen,city,NC,NC,"Pinehurst-Southern Pines, NC",Moore County,,,,,,,,,,,,,,,,,,,,,,,,,,,,,,,,,,,,,,,,,,,,,,,,,,,,,,,,,,,,,,,,,,,,,,,,,,,,,,,,,,,,,,,,,,,,,,,,,,,,,,,,,,,,,,,,,,,,,,,,1668.5750233486347,1698.631662787877,1707.509751574869,1742.7086089158404,1726.7664115232233,1735.5305362429638,1692.853917055515,1700.59531695311,1684.2563510406303,1697.7147683926635,1719.9597366600894,1754.462236317507,1753.1091520587297,1719.608448052822,1699.320773496726,1682.7935040586374,1700.8645698690932,1716.0840551929412,1754.8907655474936,1762.0010307237212,1774.6502645502644
7182,4645,Southern Pines,city,NC,NC,"Pinehurst-Southern Pines, NC",Moore County,,,,,,,,,,,,,,,,,,,,,,,,,,,,,,,,,,,,,,,,,,,,,,,,,,,,,,,,,,,,,,,,,,,,,,,,,,,,,,,,,,,,,,1603.9223324301358,1627.7159466855962,1676.7482087385881,1736.0873609831328,1741.0965661438981,1747.7289824841455,1722.047895724702,1696.8432158048474,1676.6188082721305,1707.7073598569334,1716.471856298288,1727.6465304535425,1731.2609795503963,1771.0851449419588,1788.7225063299463,1783.4427669956035,1769.2912771537217,1768.221511424089,1781.5435509977003,1789.9438927011347,1821.8987328294663,1817.4166394774584,1824.8922493933308,1810.5602259774935,1823.4680580939016,1827.1038611663157,1839.8911365504096,1822.2733940598985,1828.3291682009963,1816.236763269744,1847.823308846781,1836.6704284224936,1845.2952350073783,1822.9235318537837,1844.5949309867092,1845.4087544291185,1845.072939897835,1840.764232618138,1814.526795204974,1833.990445855873,1829.6333945315694,1845.150998583081,1819.2227650983984,1831.1505190333082,1816.6779910719765,1831.9455994394891,1812.5448279181346,1817.5389042425586,1811.9956823723576,1805.8435950380053,1815.4912846851103,1808.9084415410957,1812.3368810762443,1806.010905414209,1808.0
49334,4683,Forest Acres,city,SC,SC,"Columbia, SC",Richland County,,,,,,,,,,,,,,,,,,,,,,,,,,,,,,,,,,,,,,,,,,,,,,,,,,,,,,,,,,,,,,,,,,,,,,,,,,,,,,,,,,,,,,,,,,,,,,,,,,,,,,,,,,,,,,,,,,,,,,1215.564880601933,1230.1010438643839,1224.3769720938058,1229.6425207575714,1213.6921876854822,1210.742382864166,1247.370602997769,1283.1054482273012,1291.0360192206874,1279.463477398341,1254.5218488700984,1236.8140788445787,1260.5736960751904,1260.7167551093785,1273.7495295064627,1255.7667894881604,1265.2472313896399,1273.3728541504904,1257.548760749715,1238.9007452779801,1237.1968633111182,1234.7003048947875,1240.638888888889
46304,4687,Longs,city,SC,SC,"Myrtle Beach-Conway-North Myrtle Beach, SC-NC",Horry County,,,,,,,,,,,,,,,,,,,,,,,,,,,,,,,,,,,,,,,,,,,,,,,,,,,,,,,,,,,,,,,,,,,,,,,,,,,,,,,,,,,,,,,,,,,,,,,,,,,,,,,,,,,,,,,,,,,,,,,,,,,,,,,,,,,,,,,,,,,,2006.75
8963,4852,Mauldin,city,SC,SC,"Greenville-Anderson, SC",Greenville County,,,,,,,,,,,,,,,,,,,,,,,,,,,,,,,,,,,,,,,,,,,,,,,,,,,,,,,,,,,,,,,,,,,,,,,,,,,,,,,,,1192.2605366631635,1212.181840157242,1211.1482800467058,1215.899108092901,1202.5006913526283,1209.3317133106252,1208.5901358840401,1238.6883036523984,1253.391566751542,1264.646619621898,1263.963310686323,1260.5074774286184,1262.4642178521876,1241.489461753208,1242.8608026660988,1232.467488012914,1238.1690735211791,1237.9410295812802,1265.9420288930621,1267.1849405358478,1277.8357432199596,1261.154096844301,1269.4888672823704,1255.6684376507485,1256.556532652992,1267.655161075474,1281.306098313284,1288.636263181884,1299.9609388994486,1307.9031741403296,1303.098054158107,1302.5404562270317,1304.4459900746997,1312.6120262898598,1310.8204595132258,1312.4635541877872,1313.3750776093962,1314.1228392607527,1320.5709424724912,1334.8638116838026,1332.6804936734477,1321.5060436855588,1314.2107184805864,1309.83119525936,1310.9702660765224,1294.2694997516287,1291.7530470170454,1294.144957579479,1293.7549526522298,1293.901777335768,1285.8918286890978,1278.4033699758995,1279.5343122500635,1290.4197852860814,1300.4748849242126,1312.4348830487224,1319.462033771719,1344.0784096647526,1360.0392254163464,1377.08987854251
26451,4873,Pendleton,city,SC,SC,"Greenville-Anderson, SC",Anderson County,,,,,,,,,,,,,,,,,,,,,,,,,,,,,,,,,,,,,,,,,,,,,,,,,,,,,,,,,,,,,,,,,,,,,,,,,,,,,,,,,,,,,,,,,,,,,,,,,,,,,,,,,,,,,,,,,,,,,,,,,,,,,,1489.0022017450724,1466.9628210902167,1460.6672122072346,1446.8378484644154,1448.3530546224288,1456.144208004472,,1483.2970252687837,1498.0716298567395,1493.165657998285,1511.5099013318622,1544.499799633827,1547.8623598870547,1530.4770180499609,1477.0833333333333
27238,4895,Stallings,city,NC,NC,"Charlotte-Concord-Gastonia, NC-SC",Union County,,,,,,,,,,,,,,,,,,,,,,,,,,,,,,,,,,,,,,,,,,,,,,,,,,,,,,,,,,,,,,,,,,,,,,,,,,,,,,,,,,,,,,,,,,,,,,,,,,,,,,,,,,,,,,,,,,,,,,,,,,,,,,,,,,,,,,,,2439.2520675639485,2481.7038411892977,2497.411284396097,2525.2136623597135,2513.055555555555
36482,4937,Troutman,city,NC,NC,"Charlotte-Concord-Gastonia, NC-SC",Iredell County,,,,,,,,,,,,,,,,,,,,,,,,,,,,,,,,,,,,,,,,,,,,,,,,,,,,,,,,,,,,,,,,,,,,,,,,,,,,,,,,,,,,,,,,,,,,,,,,,,,,,,1601.3089293834905,1600.3030297868727,1613.9874142440642,1641.841494201086,1661.4120085041345,1665.15605431111,1658.8189749701928,1683.532557988481,1699.5315809479855,1730.7169812109369,1716.515938495181,1703.6671477530238,1663.8982985942116,1676.5277756740902,1699.5317949387452,1710.7546181114144,1727.2309603545898,1731.8464590412977,1740.9712327578316,1739.175700934172,1732.8687434019723,1740.561147942368,1743.5442468813062,1758.7056222952908,1754.7362422089977,1750.7510330397956,1721.1595787013568,1701.9999348082436,1696.0283526242533,1702.5374107164166,1707.9018008873063,1710.2781939456013,1728.0821065001394,1728.4222181799123,1765.5942013668007,1791.214509260026,1854.0502355293868,1888.2849091703638,1943.8333333333333
53081,5018,Lyman,city,SC,SC,"Spartanburg, SC",Spartanburg County,,,,,,,,,,,,,,,,,,,,,,,,,,,,,,,,,,,,,,,,,,,,,,,,,,,,,,,,,,,,,,,,,,,,,,,,,,,,,,,,,,,,,,,,,,,,,,,,,,,,,,,,,,,,,,,,,,,,,,,,,,,,,,,,,,,,1678.9327951108817,1684.6106911890513,1674.5530612531336,1692.1595467927448,1701.156511241018,,1650.4274818887218,1629.1588147097173,1639.3055555555557
396619,5105,Flat Rock,city,NC,NC,"Asheville, NC",Henderson County,,,,,,,,,,,,,,,,,,,,,,,,,,,,,,,,,,,,,,,,,,,,,,,,,,,,,,,,,,,,,,,,,,,,,,,,,,,,,,,,,,,,,,,,,,,,,,,,,,,,,,,,,,,,,,,,,,,,,,,,,,,,,,,,,,,,,,,,,,,,1801.75
10307,5227,Beaufort,city,NC,NC,"Morehead City, NC",Carteret County,,,,,,,,,,,,,,,,,,,,,,,,,,,,,,,,,,,,,,,,,,,,,,,,,,,,,,,,,,,,,,,,,,,,,,,,,,,,,,,,,,,,,,,,,,,,,,,,,,,,,,,,,,,,,,,,,,,,,,,,,,,,,,,,,,,,,,,,,,,,2000.0
6763,5238,Ridgeville,city,SC,SC,"Charleston-North Charleston, SC",Dorchester County,,,,,,,,,,,,,,,,,,,,,,,,,,,,,,,,,,,,,,,,,,,,,,,,,,,,,,,,,,,,,,,,,,,,,,,,,,,,,,,,,,,,,,,,,,,,,,,,,,,,,,,,,,,,,,,,,,,,,,,,,,,,,,,,,,,,,,,,,1529.1857919167337,1568.9455689726133,1646.265712433311,1674.9166666666667
42361,5243,Graniteville,city,SC,SC,"Augusta-Richmond County, GA-SC",Aiken County,,,,,,,,,,,,,,,,,,,,,,,,,,,,,,,,,,,,,,,,,,,,,,,,,,,,,,,,,,,,,,,,,,,,,,,,,,,,,,,,,,,,,,,,,,,,,,,,,,,,,,,,,,,,,,,,,,,,,,,,,,,,,,,,,,,,,,,,,,1991.1450671154976,1991.4346499618869,2013.9444444444446
8735,5288,Hardeeville,city,SC,SC,"Hilton Head Island-Bluffton, SC",Jasper County,,,,,,,,,,,,,,,,,,,,,,,,,,,,,,,,,,,,,,,,,,,,,,,,,,,,,,,,,,,,,,,,,,,,,,,,,,,,,,,,,,,,,,,,,,,,,,,,,,,,,,,,,,,,,,,,,,,,,,,,,,,1509.952138968583,1510.9012806651297,1522.1151451983405,1547.7030801287513,1558.2399085162688,1540.579000005329,1513.6786717237142,1516.7516425645797,1509.479247929428,1527.3687354810456,1510.523013830123,1521.9568154583758,1509.066478012081,1507.9052574477669,1506.9227094329822,1502.804301463929,1496.785010405503,1493.6666666666667
35604,5301,Fairview,city,NC,NC,"Asheville, NC",Buncombe County,,,,,,,,,,,,,,,,,,,,,,,,,,,,,,,,,,,,,,,,,,,,,,,,,,,,,,,,,,,,,,,,,,,,,,,,,,,,,,,,,,,,,,,,,,,,,,,,,,,,,,,,,,,,,,,,,,,,,,,,,,,,,,,,,,,,,,,,,,,,3055.0
13791,5310,Shallotte,city,NC,NC,"Myrtle Beach-Conway-North Myrtle Beach, SC-NC",Brunswick County,,,,,,,,,,,,,,,,,,,,,,,,,,,,,,,,,,,,,,,,,,,,,,,,,,,,,,,,,,,,,,,,,,,,,,,,,,,,,,,,,,,,,,,,,,,,,,,,,,,,,,,,,,,,,,,,,,,,,,,,,,,,,,,,,,,,1664.191407703307,1664.0288294950258,1658.9176874770924,1686.002875555323,1688.4183397847182,1723.7707098127928,1724.886106719272,1743.2907551131555,1725.1666666666667
35027,5380,Cayce,city,SC,SC,"Columbia, SC",Lexington County,,,,,,,,,,,,,,,,,,,,,,,,,,,,,,,,,,,,,,,,,,,,,,,,,,,,,,,,,,,,,,,,,,,,,,,,,,,,,,,,,,,,,,,,,,,,,,,,,,,,,,,,,,,,,,,,,,,,,,1390.193608166152,1426.0297642757052,1424.6405570039312,,1442.3740522998733,1452.2474428351281,1442.2026803424167,1455.5407128435952,1442.3035052589605,1426.91042118365,1428.5886374282757,1442.0361181756473,1465.37485037296,1477.2294117132928,1494.051137358895,1474.5179414625084,1463.1576112029763,1460.8396303086397,1465.510913344323,1466.3381297519422,1460.976454793012,1485.5301569745452,1485.8333333333333
47121,5405,Pineville,city,NC,NC,"Charlotte-Concord-Gastonia, NC-SC",Mecklenburg County,,,,,,,,,,,,,,,,,,,,,,,,,,,,,,,,,,,,,,,,,,,,,,,,,,,,,,,,,,,,,,,,,,,,,,,,,,,,,,,,,,,,,,,,,,,,,,,,,1595.0365941551113,1616.351834686244,1618.7646256610922,1635.1232294779043,1634.2641112983536,1631.8478629004815,1613.994060566982,1602.8126514663518,1584.024054137335,1556.6352457771973,1569.2009911670218,1593.9704215233348,1637.798390789039,1648.5758772289762,1646.813337752232,1606.4803289573051,1586.7533453855895,1569.2557774833967,1589.5681977122001,1598.3238325140042,1624.1727698750078,1629.135353925266,1653.4935124535186,1651.8621167492702,1642.9687403060334,1620.8393321199164,1609.8937596357098,1665.5377730949506,1669.716008255899,1696.216549216589,1645.399255300493,1663.5369569474929,1656.7912760040604,1665.879464481258,1648.9639110419928,1641.8028980589922,1637.4396553245745,1651.3904576705715,1666.8334222056203,1646.7641199674406,1659.964761418691,1656.1518485962781,1693.6844236648822,1685.273148148148
20273,5591,Rural Hall,city,NC,NC,"Winston-Salem, NC",Forsyth County,,,,,,,,,,,,,,,,,,,,,,,,,,,,,,,,,,,,,,,,,,,,,,,,,,,,,,,,,,,,,,,,,,,,,,,,,,,,,,,,,,,,,,,,,,,,,,,,,,,,,,,,,,,,,,,,,,,,,,,,,,,,,,,,,,,,,,,1601.841364187266,1611.3676958476055,1631.3488974631857,1632.4496086609965,1660.018065049823,1686.6666666666667
35981,5599,Mc Leansville,city,NC,NC,"Greensboro-High Point, NC",Guilford County,,,,,,,,,,,,,,,,,,,,,,,,,,,,,,,,,,,,,,,,,,,,,,,,,,,,,,,,,,,,,,,,,,,,,,,,,,,,,,,,,,,,,,,,,,,,,,,,,,,,,,,,,,,,,,,,,,,,,,,,,,,,,,,,,,,,,,,,,,,,2399.0
22839,5660,Sneads Ferry,city,NC,NC,"Jacksonville, NC",Onslow County,,,,,,,,,,,,,,,,,,,,,,,,,,,,,,,,,,,,,,,,,,,,,,,,,,,,,,,,,,,,,,,,,,,,,,,,,,,,,,,,,,,,,,,,,,,,,,,,,,,,,,,,,,,,,,,,,,,,,,,,1745.2455263855434,1753.4928157941617,1759.1099407028494,1758.8670006505424,1762.9793228002675,1763.2886834907613,1770.2177291873286,1780.6635358807362,1782.0721704508703,1799.7271723054678,1811.029360634813,1811.6442196935611,1814.3422681941743,1814.5946744845842,1823.509511812167,1833.5270008679008,1851.4856513343796,1867.0301172877507,1879.5121385048267,1885.1708793316811,1902.3191176470589
16384,5662,Swannanoa,city,NC,NC,"Asheville, NC",Buncombe County,,,,,,,,,,,,,,,,,,,,,,,,,,,,,,,,,,,,,,,,,,,,,,,,,,,,,,,,,,,,,,,,,,,,,,,,,,,,,,,,,,,,,,,,,,,,,,,,,,,,,,,,,,,,,,,,,,,,,,,,,,,,,,,,,,,,,,,1751.2457532717758,1787.8395021218532,1795.4078577488951,1838.997278033762,1821.0022576360082,1854.7222222222224
29751,5779,Jamestown,city,NC,NC,"Greensboro-High Point, NC",Guilford County,,,,,,,,,,,,,,,,,,,,,,,,,,,,,,,,,,,,,,,,,,,,,,,,,,,,,,,,,,,,,,,,,,,,,,,,,,,,,,,,,,,,,,,,,,,,,,,,,,,,,,,,,,,,,,,,,,,,,,,,,,,,,,,,,,,,,,,,,,1919.4676164364223,2005.237208118639,2052.6666666666665
55235,5788,Wingate,city,NC,NC,"Charlotte-Concord-Gastonia, NC-SC",Union County,,,,,,,,,,,,,,,,,,,,,,,,,,,,,,,,,,,,,,,,,,,,,,,,,,,,,,,,,,,,,,,,,,,,,,,,,,,,,,,,,,,,,,,,,,,,,,,,,,,,,,,,,,,,,,,,,,,,,,,,,,,,,,,,,,,,,,,,,,,,2079.75
35067,5922,Archdale,city,NC,NC,"Greensboro-High Point, NC",Randolph County,,,,,,,,,,,,,,,,,,,,,,,,,,,,,,,,,,,,,,,,,,,,,,,,,,,,,,,,,,,,,,,,,,,,,,,,,,,,,,,,,,,,,,,,,,,,,,,,,,,,,,,,,,,,,,,,,,,,,,,,,,,,,,,,,,,,,1390.701004932614,1398.6608151120658,1387.1644664291396,1391.2004784983812,1375.55666079513,1382.2102780661264,1373.819330807013,1385.1944444444443
5422,5942,Kill Devil Hills,city,NC,NC,"Kill Devil Hills, NC",Dare County,,,,,,,,,,,,,,,,,,,,,,,,,,,,,,,,,,,,,,,,,,,,,,,,,,,,,,,,,,,,,,,,,,,,,,,,,,,,,,,,,,,,,,,,,,,,,,,,,,,,,,,,,,,,,,,,,,,,,,,,,,,,,,,,,,,,,,,,,,,2026.9852083635499,2112.5
48713,6008,Bolivia,city,NC,NC,"Myrtle Beach-Conway-North Myrtle Beach, SC-NC",Brunswick County,,,,,,,,,,,,,,,,,,,,,,,,,,,,,,,,,,,,,,,,,,,,,,,,,,,,,,,,,,,,,,,,,,,,,,,,,,,,,,,,,,,,,,,,,,,,,,,,,,,,,,,,,,,,1908.2120398766895,1877.5471703381966,1818.3121423043324,1820.84021066987,1856.8517271397284,1896.0468755272364,1889.577999931,1914.015716848338,1916.3822800510943,1947.8890404281728,1918.6562197822373,1901.6646031469727,1897.9733107736677,1933.5484545336562,1946.2340839901426,1924.082195263401,1879.7896525149938,1871.1426418051808,1868.7149945790754,1871.948697579777,1857.1726886119131,1843.3632371464842,1875.2231141293732,1878.5384954185754,1874.189931297652,1854.736231029628,1855.7499827294655,1872.212265263685,1891.1472886412193,1878.6039031364119,1883.1115090899063,1873.0139769617656,1890.3481481481479
40108,6407,Oak Island,city,NC,NC,"Myrtle Beach-Conway-North Myrtle Beach, SC-NC",Brunswick County,,,,,,,,,,,,,,,,,,,,,,,,,,,,,,,,,,,,,,,,,,,,,,,,,,,,,,,,,,,,,,,,,,,,,,,,,,,,,,,,,,,,,,,,,,,,,,,,,,,,,,,,,,,,,,,,,,,,,,,,,,,,,,,,,,,,,,,,,,1877.9115324261204,1948.3276630525095,2077.777777777778
9228,6808,Whitsett,city,NC,NC,"Greensboro-High Point, NC",Guilford County,,,,,,,,,,,,,,,,,,,,,,,,,,,,,,,,,,,,,,,,,,,,,,,,,,,,,,,,,,,,,,,,,,,,,,,,,,,,,,,,,,,,,,,,,,,,,,,,,,,,,,,,,,,,,,,,,,,,,,,1572.4332268039568,1549.375449806949,1540.2732517376228,1554.497712880504,1573.2292757111175,1570.2487399339968,1569.5694338229926,1551.7023747346202,1563.0888397332426,1561.4586905220258,1569.1608072136655,1580.0627662759105,1589.4390471132613,1614.589320121325,1627.5593761694433,1637.4805989397082,1640.2831269585374,1654.2452499230803,1658.4635850915738,1686.7665323641775,1693.1986231040555,1716.0674603174605
35025,6952,Castle Hayne,city,NC,NC,"Wilmington, NC",New Hanover County,,,,,,,,,,,,,,,,,,,,,,,,,,,,,,,,,,,,,,,,,,,,,,,,,,,,,,,,,,,,,,,,,,,,,,,,,,,,,,,,,,,,,,,,,,,,,,,,,,,,,,,,,,,,,,,,,,,,,,,,,,,,,,,,,,,,,,1743.461770905377,1765.0647476318431,1747.2125421827297,1806.1796074699398,1802.2121353295022,1838.9889495220327,1823.9444444444443
19366,7171,Midway Park,city,NC,NC,"Jacksonville, NC",Onslow County,,,,,,,,,,,,,,,,,,,,,,,,,,,,,,,,,,,,,,,,,,,,,,,,,,,,,,,,,,,,,,,,,,,,,,,,,,,,,,,,,,,,,,,,,,,,,,,,,,,,,,,,,,,,,,,,,,,,,,,1327.1061121403786,,1320.5022221364527,1351.4673919970826,1380.437253507686,1388.2214798540206,1373.0756878264922,1383.3232493423084,1381.7860051022187,1384.195883982558,1379.8287555787178,1397.3913471388303,1387.0842506321312,1417.5557272812657,1423.8288185626955,1422.6372885369376,1398.6855304461258,1393.0701850521864,1402.484518013103,1396.6116635819212,,1404.861111111111
28111,7180,Carolina Beach,city,NC,NC,"Wilmington, NC",New Hanover County,,,,,,,,,,,,,,,,,,,,,,,,,,,,,,,,,,,,,,,,,,,,,,,,,,,,,,,,,,,,,,,,,,,,,,,,,,,,,,,,,,,,,,,,,,,,,,,,,,,,,,,,,,,,,,,,,,,,,,,,,,,,,,2075.0231258748086,2080.251864520689,2125.183585561523,2190.60652690476,2220.383611546618,2242.2300945104917,2234.9257334302392,2226.5485664632943,,2191.8616996891665,2224.0348939552623,2272.0852007571625,2274.947582263319,2277.9849649758444,2276.3888888888887
43129,7199,Tarboro,city,NC,NC,"Rocky Mount, NC",Edgecombe County,,,,,,,,,,,,,,,,,,,,,,,,,,,,,,,,,,,,,,,,,,,,,,,,,,,,,,,,,,,,,,,,,,,,,,,,,,,,,,,,,,,,,,,,,,,,,,,,,,,,,,,,,,,,,,,,,,,,,,,,,,,,,,,,,,,,,,,,,,,,1112.5
8346,7429,Calabash,city,NC,NC,"Myrtle Beach-Conway-North Myrtle Beach, SC-NC",Brunswick County,,,,,,,,,,,,,,,,,,,,,,,,,,,,,,,,,,,,,,,,,,,,,,,,,,,,,,,,,,,,,,,,,,,,,,,,,,,,,,,,,,,,,,,,,,,,,,,,,,,,,,,,,,,,,,,,,,,,,,,,,,,,,,,,,,,,,1883.745444077567,,1888.3751865818426,1872.236016575711,1855.0442970574315,1854.4053173248767,1869.826847254741,1879.55
40882,7632,Sherrills Ford,city,NC,NC,"Hickory-Lenoir-Morganton, NC",Catawba County,,,,,,,,,,,,,,,,,,,,,,,,,,,,,,,,,,,,,,,,,,,,,,,,,,,,,,,,,,,,,,,,,,,,,,,,,,,,,,,,,,,,,,,,,,,,,,,,,,,,,,,,,,,,,,,,,,,,,,,,,,,,,,,,,,,,1866.415735108146,1834.0020167956886,1889.9700048441941,1943.2870428720003,2030.0329530650522,1995.1594759953884,2001.1559369944948,2001.9689371291154,2025.3333333333333
40997,7977,Southport,city,NC,NC,"Myrtle Beach-Conway-North Myrtle Beach, SC-NC",Brunswick County,,,,,,,,,,,,,,,,,,,,,,,,,,,,,,,,,,,,,,,,,,,,,,,,,,,,,,,,,,,,,,,,,,,,,,,,,,,,,,,,,,,,,,,,,,,,,,,,,,,,,,,,,,,,,,,,,,,,,,,,,,,,,,,,,,,,,,2073.74162716055,2036.3198300882962,2000.9048038227652,2028.577448773572,2059.7083420890035,2082.824363467755,2074.8333333333335
25163,8130,Holly Ridge,city,NC,NC,"Jacksonville, NC",Onslow County,,,,,,,,,,,,,,,,,,,,,,,,,,,,,,,,,,,,,,,,,,,,,,,,,,,,,,,,,,,,,,,,,,,,,,,,,,,,,,,,,,,,,,,,,,,,,,,,1594.4387776414467,1612.8132196315094,1610.3990778344078,1616.0853634118782,1617.5431640320694,1629.631629543431,1624.303850793938,1621.5364607054337,1628.1800643424122,1645.0437438361164,1642.253667119523,1663.376279734178,1662.2520751202594,1665.7756831372021,1643.5205830032971,1646.6998242433688,1648.2810361779684,1661.966200344386,1667.5088561009593,1661.6284708235473,1668.9731365976145,1655.7889458050126,1644.0992875395489,1648.3762229563295,1653.111522331482,1656.4699253661183,1667.8177386387156,1685.8363402967439,1704.5222847252821,1713.138560865673,1716.5194565846207,,1697.5274652265498,1712.6930088812865,1734.5221369595754,1738.0056105515418,1744.3527663465493,1749.1096716499017,1764.0022985539033,1761.1354768671365,1760.6239490201579,1761.4103796099505,1774.5496578434895,1802.9228364278574,1823.3555555555556
14051,9027,Sunset Beach,city,NC,NC,"Myrtle Beach-Conway-North Myrtle Beach, SC-NC",Brunswick County,,,,,,,,,,,,,,,,,,,,,,,,,,,,,,,,,,,,,,,,,,,,,,,,,,,,,,,,,,,,,,,,,,,,,,,,,,,,,,,,,,,,,,,,,,,,,,,,,,,,,,,,,,,,,,,,,,,,,,,,,,,,,,,,,,,,,,,,,,,1353.6784448161163,1367.75
56281,9556,Rolesville,city,NC,NC,"Raleigh-Cary, NC",Wake County,,,,,,,,,,,,,,,,,,,,,,,,,,,,,,,,,,,,,,,,,,,,,,,,,,,,,,,,,,,,,,,,,,,,,,,,,,,,,,,,,,,,,,,,,,,,,,,,,,,,,,,,,,,,,,,,,,,,,,,,,,,,,,,,,,,,,,,,,,,2277.745804162939,2314.8333333333335
29213,10045,Port Royal,city,SC,SC,"Hilton Head Island-Bluffton, SC",Beaufort County,,,,,,,,,,,,,,,,,,,,,,,,,,,,,,,,,,,,,,,,,,,,,,,,,,,,,,,,,,,,,,,,,,,,,,,,,,,,,,,,,,,,,,,,,,,,,,,,,,,,,,,,,,,,,,,,,,,,1339.1002710745795,1354.9124176370062,1438.5717108343515,1501.579088662227,1477.0720796984447,1452.6366547998116,1404.8051154543648,1394.4291844601069,1410.105734502602,1398.8143596588693,1420.6021323421353,1409.468368922773,1427.60950632295,1446.925596260298,1438.8282815862021,1407.809697532562,1411.832942137501,1453.0065670263475,1507.6692919315847,1528.8162899267184,1552.53109005734,1528.3574641038692,1510.3680437957614,1470.9600717382173,1493.5925925925924
52864,11579,Lake Park,city,NC,NC,"Charlotte-Concord-Gastonia, NC-SC",Union County,,,,,,,,,,,,,,,,,,,,,,,,,,,,,,,,,,,,,,,,,,,,,,,,,,,,,,,,,,,,,,,,,,,,,,,,,,,,,,,,,,,,,,,,,,,,,,,,,,,,,,,,,,,,,,,,,,,,,,,,,,,,,,,,,,,,,,,,,,,,2476.25
17615,11965,Cramerton,city,NC,NC,"Charlotte-Concord-Gastonia, NC-SC",Gaston County,,,,,,,,,,,,,,,,,,,,,,,,,,,,,,,,,,,,,,,,,,,,,,,,,,,,,,,,,,,,,,,,,,,,,,,,,,,,,,,,,,,,,,,,,,,,,,,,,,,,,,,,,,,,,,,,,,,,,,,,,,,,,,,,,,,,,,,,,,,2004.1949034236372,1975.0
12459,12062,Lowell,city,NC,NC,"Charlotte-Concord-Gastonia, NC-SC",Gaston County,,,,,,,,,,,,,,,,,,,,,,,,,,,,,,,,,,,,,,,,,,,,,,,,,,,,,,,,,,,,,,,,,,,,,,,,,,,,,,,,,,,,,,,,,,,,,,,,,,,,,,,,,,,,,,,,,,,,,,,,,,,,,,,,,,,,,,,,,,,,2040.0
39778,13607,Midland,city,NC,NC,"Charlotte-Concord-Gastonia, NC-SC",Cabarrus County,,,,,,,,,,,,,,,,,,,,,,,,,,,,,,,,,,,,,,,,,,,,,,,,,,,,,,,,,,,,,,,,,,,,,,,,,,,,,,,,,,,,,,,,,,,,,,,,,,,,,,,,,,,,,,,,,,,,,,,,,,,,,,,,,,,,,,,,2072.1784951583986,2094.312490417407,2130.7001553140567,2200.269788373565,2232.1666666666665
50959,13885,Belville,city,NC,NC,"Myrtle Beach-Conway-North Myrtle Beach, SC-NC",Brunswick County,,,,,,,,,,,,,,,,,,,,,,,,,,,,,,,,,,,,,,,,,,,,,,,,,,,,,,,,,,,,,,,,,,,,,,,,,,,,,,,,,,,,,,,,,,,,,,,,,,,,,,,,,,,,,,,,,,,,,,,,,,,,,,,,,,,,,1681.8324885291177,1661.9617185788939,1633.1101096790894,1602.2171103639023,1592.0946321998838,1671.226514850115,1689.9840153586817,1722.7261904761906
40499,15181,Ranlo,city,NC,NC,"Charlotte-Concord-Gastonia, NC-SC",Gaston County,,,,,,,,,,,,,,,,,,,,,,,,,,,,,,,,,,,,,,,,,,,,,,,,,,,,,,,,,,,,,,,,,,,,,,,,,,,,,,,,,,,,,,,,,,,,,,,,,,,,,,,,,,,,,,,,,,,,,,,,,,,,,,,,,,,,,,,1757.1818990761753,1786.5541198175024,1815.8597471629603,1843.6829451097585,1897.8410525000697,1958.1666666666667
56639,15524,Swansboro,city,NC,NC,"Jacksonville, NC",Onslow County,,,,,,,,,,,,,,,,,,,,,,,,,,,,,,,,,,,,,,,,,,,,,,,,,,,,,,,,,,,,,,,,,,,,,,,,,,,,,,,,,,,,,,,,,,,,,,,,,,,,,,,,,,,,,,,,,,,,,,,,,,,,,,,,,,,,,,,,,,,1902.6470078625016,1912.5
50004,16783,Terrell,city,NC,NC,"Hickory-Lenoir-Morganton, NC",Catawba County,,,,,,,,,,,,,,,,,,,,,,,,,,,,,,,,,,,,,,,,,,,,,,,,,,,,,,,,,,,,,,,,,,,,,,,,,,,,,,,,,,,,,,,,,,,,,,,,,,,,,,,,,,,,,,,,,,,,,,,,,,,,,,,,,,,,,,,,,,1759.915236059996,1709.467674572452,1693.8333333333333
9084,19569,North Topsail Beach,city,NC,NC,"Jacksonville, NC",Onslow County,,,,,,,,,,,,,,,,,,,,,,,,,,,,,,,,,,,,,,,,,,,,,,,,,,,,,,,,,,,,,,,,,,,,,,,,,,,,,,,,,,,,,,,,,,,,,,,,,,,,,,,,,,,,,,,,,,,,,,,,,,,,,,,,,,,,,,,,,,,,2275.0
16007,20340,Surf City,city,NC,NC,"Wilmington, NC",Pender County,,,,,,,,,,,,,,,,,,,,,,,,,,,,,,,,,,,,,,,,,,,,,,,,,,,,,,,,,,,,,,,,,,,,,,,,,,,,,,,,,,,,,,,,,,,,,,,,,,,,,,,,,,,,,,,,2000.287777979195,2015.3968681257477,2084.694298672149,2051.3829851818223,2034.0711105563198,1973.7037318992316,1994.0089608200055,1957.176903049503,2000.867220544974,2001.7361560446957,2029.287384222792,2028.3519186110018,2057.551250531095,2089.0551591854824,2100.9537920040293,2101.2295409870544,2051.772567256651,2083.196312480924,2086.6794781597655,2098.971039888995,2099.417426743067,2117.0940010746926,2099.551509290513,2116.6775821234205,2081.809183809792,2094.7130828024947,2060.020476112574,2100.09440034344,2160.4166666666665
16833,20889,Atlantic Beach,city,NC,NC,"Morehead City, NC",Carteret County,,,,,,,,,,,,,,,,,,,,,,,,,,,,,,,,,,,,,,,,,,,,,,,,,,,,,,,,,,,,,,,,,,,,,,,,,,,,,,,,,,,,,,,,,,,,,,,,,,,,,,,,,,,,,,,,,,,,,,,,,,,,,,,,,,,,,,,,,,,1465.8877280352083,1500.0
