RegionID,SizeRank,RegionName,RegionType,StateName,State,City,Metro,CountyName,2015-01-31,2015-02-28,2015-03-31,2015-04-30,2015-05-31,2015-06-30,2015-07-31,2015-08-31,2015-09-30,2015-10-31,2015-11-30,2015-12-31,2016-01-31,2016-02-29,2016-03-31,2016-04-30,2016-05-31,2016-06-30,2016-07-31,2016-08-31,2016-09-30,2016-10-31,2016-11-30,2016-12-31,2017-01-31,2017-02-28,2017-03-31,2017-04-30,2017-05-31,2017-06-30,2017-07-31,2017-08-31,2017-09-30,2017-10-31,2017-11-30,2017-12-31,2018-01-31,2018-02-28,2018-03-31,2018-04-30,2018-05-31,2018-06-30,2018-07-31,2018-08-31,2018-09-30,2018-10-31,2018-11-30,2018-12-31,2019-01-31,2019-02-28,2019-03-31,2019-04-30,2019-05-31,2019-06-30,2019-07-31,2019-08-31,2019-09-30,2019-10-31,2019-11-30,2019-12-31,2020-01-31,2020-02-29,2020-03-31,2020-04-30,2020-05-31,2020-06-30,2020-07-31,2020-08-31,2020-09-30,2020-10-31,2020-11-30,2020-12-31,2021-01-31,2021-02-28,2021-03-31,2021-04-30,2021-05-31,2021-06-30,2021-07-31,2021-08-31,2021-09-30,2021-10-31,2021-11-30,2021-12-31,2022-01-31,2022-02-28,2022-03-31,2022-04-30,2022-05-31,2022-06-30,2022-07-31,2022-08-31,2022-09-30,2022-10-31,2022-11-30,2022-12-31,2023-01-31,2023-02-28,2023-03-31,2023-04-30,2023-05-31,2023-06-30,2023-07-31,2023-08-31,2023-09-30,2023-10-31,2023-11-30,2023-12-31,2024-01-31,2024-02-29,2024-03-31,2024-04-30,2024-05-31,2024-06-30,2024-07-31,2024-08-31,2024-09-30,2024-10-31,2024-11-30,2024-12-31,2025-01-31,2025-02-28,2025-03-31,2025-04-30,2025-05-31,2025-06-30,2025-07-31,2025-08-31,2025-09-30,2025-10-31,2025-11-30,2025-12-31,2026-01-31,2026-02-28,2026-03-31,2026-04-30,2026-05-31,2026-06-30,2026-07-31,2026-08-31
69431,54,27587,zip,NC,NC,Wake Forest,"Raleigh-Cary, NC",Wake County,,,,,,,,,,,,,1131.3306452535655,1114.8675248888103,1103.2426039283528,1110.8240194797831,1122.011171724076,1134.3541388692647,1133.3502243786884,1143.3544091092858,1137.0807951295067,1142.6115304556627,1141.3125646606,1140.0046673689299,1144.689518645591,1147.7330694973973,1162.7682680675377,1167.0940956792049,1175.4622550416186,1171.1519085936493,1183.9209788269802,1181.5960722054983,1192.1599417565842,1195.1892979165675,1193.6555970692489,1196.6980029512422,1198.1508271220769,1223.6508220698183,1235.4743591075332,1233.0224413244607,1218.026826682234,1214.0763672170233,1223.9308324355004,1242.4990036420031,1255.2850921075021,1250.8066918062786,1246.703022118942,1241.413909729535,1240.8993552093893,1243.3463591859577,1238.2390483133042,1244.9160208350152,1259.0289438412333,1271.5453780032178,1268.064645977703,1263.6397415934407,1260.3776091366522,1272.4715793033633,1288.2616432300608,1303.8835246118456,1316.1683320992972,1315.4115274006058,1319.6856300649001,1302.277519756869,1301.6934157949142,1305.491918851112,1320.8395190790945,1329.7861883565333,1340.1795815933378,1348.1256570148748,1356.1090423557885,1367.112484400994,1365.1630072602807,1381.2272464772843,1394.7136532896204,1437.8758148569852,1454.462124912794,1479.110246121146,1493.1563669216719,1519.4619955601643,1549.9906796583723,1569.6313410511762,1589.5955372483822,1596.6947612444822,1609.9516206341632,1614.0424207757144,1631.4027017015735,1640.4062717191468,1660.9249214012723,1666.4393547835386,1670.1176517182828,1683.3545847341231,1686.8922226800466,1690.6235074405013,1675.0936924460364,1690.6852322469408,1703.9765457772653,1723.827408749535,1719.9207197174883,1712.4878505344775,1706.5257095071718,1704.5225994084924,1716.5659627969044,1716.2356889941527,1715.9878267103013,1715.2228682716684,1711.1201676982394,1708.34928409538,1706.9730099314286,1708.4466630736333,1703.98899544415,1708.7046889810558,1725.2663941110347,1736.0750586804256,1730.0509754465843,1716.9078307718946,1708.5828230928316,1712.5531367575718,1727.2024892406434,1726.755689318457,1740.0763515984418,1740.8405357490524,1757.0963341897825,1759.1291648958202,1753.6592317272728,1748.7890408336305,1745.3902192261323,1741.8962586958091,1751.453152212614,1752.4747591674002,1751.1439943711555,1755.6492936635432,1749.8852458981942,1752.1740333725875,1750.6484072925807,1757.6104242168763,1764.8903178761598,1775.2506176926702,1790.807271777184,1813.3248062015502
69816,93,28269,zip,NC,NC,Charlotte,"Charlotte-Concord-Gastonia, NC-SC",Mecklenburg County,1031.2715234056923,1031.7838024915707,1034.533427566994,1035.7714972299639,1042.7952920741054,1046.3960811955212,1049.9875991171812,1052.9244223705848,1059.4571515774685,1063.64276490693,1070.8814273650844,1074.450518082671,1081.8919703712472,1081.0926690465963,1077.7177856661447,1078.1862017664723,1081.9897844668294,1093.0631240466812,1099.3980785351707,1108.8053240137024,1114.7100642798275,1121.6426118554775,1120.4060597511905,1115.7042481369847,1114.6305204821447,1125.9589857394014,1138.6048382911542,1148.9527953850652,1147.6408680246982,1149.987970992417,1152.306150193243,1160.209479845954,1158.7646479583261,1162.799586218269,1162.0129375094737,1180.2476550043116,1185.6152258859659,1193.5747237026471,1191.77844426041,1195.0673893374276,1200.8630745730502,1201.7719595347105,1209.4495338215795,1208.9387125150733,1215.4592737390267,1214.1588497614362,1225.9225131146839,1223.9264414606769,1235.8956270067445,1236.57540873251,1243.583340791219,1246.8471398423676,1252.8497950793908,1259.1322589434806,1260.9547763251596,1265.4303302561939,1269.4483988411966,1276.3389096320734,1276.7743670952625,1278.871729467968,1275.3428908427757,1276.5036606596016,1298.206949359529,1313.65910414763,1323.5938315263709,1327.104225093909,1337.4793459942875,1353.512947515765,1364.3793133017687,1371.9163608522565,1379.6399452726528,1391.4574778868387,1407.1648126926866,1421.3922844720962,1430.2822895357629,1437.0258511413867,1454.4638586738743,1477.8795843954608,1502.3669507229706,1520.6535576908452,1540.5125280824275,1561.9681379039203,1579.2217191448503,1597.1073491145753,1609.729256314143,1618.9294549006931,1620.0451383583995,1629.4935579709318,1637.3354615305316,1655.5009946837943,1667.658809040776,1677.1600776017203,1683.8550360928755,1680.5714757357332,1689.7532459775234,1691.9587499527013,1703.8740120740752,1704.673076753638,1722.2544443156332,1731.8364079943099,1741.9196806901912,1731.277567877728,1723.4691184732653,1729.2115446137318,1727.6772588864026,1739.227225302565,1728.203380634971,1734.4902227860714,1729.6531074658824,1736.8301939818662,1730.6428225470638,1725.8854470484682,1728.7820827249707,1735.0634048584373,1747.4613421026881,1742.0218567238283,1746.0117279793733,1740.3778763979094,1749.1608779423168,1744.6563019213384,1751.6171590467407,1763.2187979567714,1777.7020818667133,1787.3719276856596,1777.360131671578,1778.9943454404872,1779.1765158485855,1775.5913786916642,1778.0090390147375,1783.3244513787927,1786.0253926022672,1792.0569431702552,1792.891167676047,1786.7028500351591,1781.7482399618887,1781.3517936039366,1792.2742052250326,1796.8816911435158,1799.4795692599077,1811.027109053498
69672,97,28027,zip,NC,NC,Concord,"Charlotte-Concord-Gastonia, NC-SC",Cabarrus County,,,,,,,,,,,,,,,,,1078.041365158644,1073.1044272204385,1080.8319332780711,1083.5727285190326,1093.6626067169502,1101.1514622925627,1108.2466010436374,1096.7075620721714,1092.1180794532718,1090.877167555337,1104.2149962737983,1124.2301409591169,1129.8282350908253,1136.7655079857827,1134.235954410885,1138.5771888312167,1138.024161111255,1133.7032250818834,1135.2844561673576,1142.835282915126,1151.7706316285903,1154.015652685452,1147.037239222104,1145.0518108037652,1148.5667067350325,1155.4688349172666,1161.7219365878582,1169.3619066610506,1169.990177062209,1175.9841986983881,1172.4523662525394,1184.2181100617036,1193.9514854027057,1202.6958202683575,1209.121776358382,1211.4898285624895,1215.0874961515958,1217.7146354716956,1222.768772041579,1224.205435790468,1231.7735650551397,1237.600571202296,1247.8683116132668,1246.5103788212516,1244.3308526136423,1245.4915802244332,1269.4915404638664,1276.5437600675975,1280.52163743273,1272.300286037119,1281.3363304131624,1294.7954966321613,1308.3634698334909,1318.7536620167348,1325.7439018254815,1340.925161155451,1340.832847355525,1352.0182719009433,1352.6777923802197,1374.7091364052988,1395.34466669306,1426.3091593816657,1451.4284382490596,1481.8640084892904,1515.0706898108874,1543.2730194720148,1560.0851606057322,1557.3238723893687,1566.4393489330562,1572.7167899093283,1589.415101906988,1605.2643326565255,1618.8231256083534,1632.96422279615,1639.3951593787506,1643.2058710263475,1642.287364364784,1645.817987124717,1652.9950620085367,1668.5426908150723,1674.9721215308605,1680.1921528129494,1684.1237338055962,1676.7815226627142,1673.071102886939,1671.3678373131208,1674.5059078294307,1672.9315312350004,1666.3395060385428,1665.834058546764,1669.6043533841873,1674.9754403488453,1682.2293474061823,1691.2755879578322,1698.8206545920277,1704.0692411161638,1711.2151279778152,1708.6394136503116,1713.3626811296283,1710.2389007783238,1712.896021434557,1702.1058445112023,1711.0008740574256,1713.4013640179508,1736.2589489527245,1732.9602339574674,1741.4663696158743,1737.8540437610363,1742.570645492135,1739.0933389687864,1734.8582860579274,1737.6899453335434,1744.1629305310614,1757.2230361118022,1752.8070449456552,1751.7605144504155,1735.8185191356197,1739.7225861751729,1735.8161675377548,1744.8331492964237,1746.47510382339,1758.8477790598556,1767.7923436711346,1776.346590909091
69450,114,27610,zip,NC,NC,Raleigh,"Raleigh-Cary, NC",Wake County,1052.7607211550994,1059.5251095816725,1064.3887452879378,1070.1597300464564,1074.7802958498116,1077.4732017834506,1081.004791968978,1084.014710769096,1090.1835066227088,1092.096647801912,1099.1852577806076,1103.9794966116121,1112.4290390864128,1104.1748781243252,1113.0293555151563,1114.5236364020225,1128.9141388675062,1121.0187723538868,1127.7203430311677,1126.2034486321693,1133.9380850679877,1136.4933161172917,1140.9532006980546,1145.5806084627454,1150.9744708642852,1163.3384544380226,1170.609070152909,1174.6846937251257,1173.4031087092358,1180.798733318297,1182.2675866467846,1191.4521872487671,1192.3920141095555,1194.7817424817968,1197.4329174269792,1199.2454950543386,1209.885382622028,1214.2105391741125,1219.6577343727365,1220.3201518605727,1222.1019112680917,1232.9871247032906,1238.9389283446826,1247.9182214558368,1248.3903966289884,1255.8185847452216,1259.1734792025784,1266.1200465318109,1263.668890206986,1268.4749429243336,1270.1293752628737,1278.9642199768703,1287.0800533062602,1288.7265310117425,1294.2339474281778,1295.4089797748568,1305.4330013640342,1310.7704472288053,1318.8399765483582,1324.8227494312453,1333.7498093095471,1339.50512361168,1341.5902271244802,1343.0785358705343,1342.775612597702,1343.493052284437,1353.159479260603,1374.7629725242593,1388.4576544396673,1392.8812631328562,1404.0080634701465,1417.9309711525445,1433.0783052654147,1439.3838711289457,1451.5594073713794,1467.9586941368834,1486.6463368240702,1521.6170329999416,1540.2496861465409,1560.4372824965856,1557.1476362141138,1568.9304616073528,1580.7568112172469,1601.4787143918265,1618.1702662533503,1642.4856211050137,1656.610208609314,1670.4492476475805,1677.8534133835444,1685.532016620195,1699.3552708019859,1712.5443749132796,1740.455314285464,1756.4888332885398,1760.154620270645,1751.2157895399503,1748.4693273227163,1748.9145418902776,1761.6939524622946,1774.288059212212,1783.6049345174163,1778.8518698243622,1780.5633711177059,1785.7609742562195,1797.61664806745,1810.0773343758128,1810.6823759805216,1821.729587151038,1829.4907046076653,1835.3251094731284,1834.0590938545697,1825.176205311599,1832.9539646026847,1835.5133153063284,1840.1733169509487,1831.3407742413942,1826.8850093275648,1817.5431559571834,1827.107532732617,1828.2468873792673,1842.830393036236,1847.310817662822,1851.9118032987499,1849.8192813895641,1855.7141055403777,1860.5702909819695,1859.0290218045288,1861.8825176032067,1861.2374091969712,1865.6223601826366,1863.3584443082177,1864.4944152683804,1855.468453665498,1853.8562064894745,1853.0112249138053,1860.5002671432492,1854.646148730368,1854.480109351999,1856.1783787430638,1859.819437572159
69823,162,28277,zip,NC,NC,Charlotte,"Charlotte-Concord-Gastonia, NC-SC",Mecklenburg County,1318.3669202178937,1331.0635330985579,1333.2957749417376,1345.432210305388,1346.3076081072456,1349.4669004791854,1355.1458975810547,1361.6162987055095,1359.4767130625296,1355.6079629559295,1355.4134760776035,1363.8901746886227,1372.2190895668448,1385.8773071022672,1388.1879264585577,1389.3984484762802,1387.1491210992551,1383.7535143874845,1380.850366454423,1380.9680627411033,1393.2796497815464,1408.5061226234914,1414.0336215311486,1409.83042973188,1408.821620266178,1405.113235013571,1413.461227124611,1416.1143920456927,1421.8321219072607,1424.7586328870145,1429.0466960799183,1434.205235256382,1435.4273330134365,1436.2379107966024,1435.295298170301,1440.6575888679538,1434.1570669224486,1436.7791547510124,1439.883386752401,1447.0326757573976,1454.0570375572954,1458.4039855119336,1464.9395540619678,1470.2964643885498,1469.2225667362447,1468.410156754063,1473.0309022827419,1486.3730874207704,1488.8730537906874,1494.0354551858363,1495.2967799602955,1496.3055151971541,1497.2170038711579,1502.0333453725684,1504.533687936529,1507.1293046981916,1514.6358384973148,1521.872990797035,1527.80002787033,1525.8113727198788,1537.5444264528303,1543.56952148485,1550.0262164917362,1526.925607600908,1516.9866576000227,1509.348926586279,1512.9498339201025,1516.815981037707,1525.2309149725781,1535.9929410271068,1538.56739208631,1545.0139403929002,1548.6614413937264,1570.8358978766953,1593.5941397700522,1622.1603028797551,1648.8810783233002,1678.4056648064868,1703.530905055891,1733.4506027344205,1746.9634289165488,1770.2420911313395,1790.4371732757295,1824.24854154652,1830.063836557265,1837.9160913853852,1841.3640157049065,1871.0484804661405,1894.7587546344544,1918.6651365503228,1935.1036662836243,1936.1973312256328,1938.4470626932916,1936.0952368622884,1951.8972264757037,1957.2696738545892,1975.522667269664,1979.1686883895768,1986.0471459288144,1974.7555768710183,1972.5164821762357,1966.559975295923,1969.3433890144668,1974.659620389712,1993.7350787182309,1999.6901818929607,1997.088722991198,1991.9936351881804,1998.1999981090937,2001.0972733873045,2001.3012331108662,2003.136580570936,2012.60518033061,2017.05164055465,2024.8485141833414,2027.3484946403366,2027.2907334134184,2025.7327955871488,2028.5132673183812,2030.2258197417568,2016.4708750445802,2011.287877248966,2015.887513641219,2029.9025397093767,2023.286717938273,2022.7053184219774,2013.924621371526,2013.5236902375773,2007.990021820274,2009.969620518944,2008.812677875698,2010.9176115474738,2016.983967381221,2020.7303132822058,2017.4814322121597,2008.9820728650093,2010.5370770563025,2010.5646396464083,2013.5785902736816,2012.6992137233092
69699,181,28078,zip,NC,NC,Huntersville,"Charlotte-Concord-Gastonia, NC-SC",Mecklenburg County,1169.4909150874066,1169.5827890327673,1176.503573802065,1188.1869727297544,1195.3155778527428,1199.6616058378995,1201.5527807593644,1205.3150241899104,1206.214778080124,1208.9719898093747,1210.313609331128,1214.1598422457605,1220.9890687201269,1227.0394257768114,1236.7156301070843,1237.083610374221,1236.7835788784944,1238.1964589458894,1243.0082186997338,1249.0682595456242,1250.5757286107707,1258.9695426766682,1261.345322765638,1265.9518767145466,1263.340021549745,1268.0955766860052,1272.5077396571128,1279.1360414783824,1284.5117440986835,1288.6090824471428,1293.126721667582,1297.3446483317277,1304.5067461034012,1300.9522695209116,1303.5170751040712,1305.2610321627265,1314.7392042877275,1317.3086215873668,1316.6799302637858,1318.1132933584931,1317.7177937524339,1321.4713207597413,1321.8856290184651,1323.7860564416999,1317.8989651950249,1324.1627734147348,1333.5169549177665,1336.8489159982078,1339.2376351279966,1339.7809226045765,1344.3516273559605,1348.2573043777372,1354.6724738607948,1358.4968692224534,1364.298564848223,1369.0927801810403,1379.7127623290176,1384.948481576266,1386.3511603400693,1392.6615096084179,1397.6883743575438,1406.5141000547892,1404.4109752152729,1401.3611900149144,1394.6616889196475,1399.97109436995,1407.9676076158587,1419.6551744194,1417.7920543623914,1434.6048893881493,1448.9887196293253,1468.8580142048068,1477.9536626780541,1483.7004913019728,1490.8435987211917,1511.2054325259287,1538.3199479324073,1567.97850671821,1594.5701527075994,1617.9961652807676,1643.528485348993,1655.6328575348607,1667.6759833233016,1684.4827440671759,1701.4474366201032,1713.3354084633152,1727.3019197803453,1738.1190126462682,1743.2855429669523,1749.5779985156557,1758.1694557029334,1776.1086942574736,1784.3627241676725,1796.1453012075217,1804.66266951663,1795.8319084108164,1792.7503360682274,1795.251840809381,1819.4842719749388,1833.1578287783527,1847.1847966273242,1839.0215934846608,1830.854346909964,1825.4570136966454,1832.3881554716875,1830.2464831381699,1809.8669394756216,1813.515537647508,1826.0159543337872,1843.5325081941223,1829.8067903715978,1824.3685921519702,1824.5919458411806,1840.308878783397,1849.8131614433487,1853.4509959594366,1851.8497816259357,1846.4568918502616,1852.6295715866559,1859.7992672515372,1878.0006113176266,1884.5001537623054,1897.554560874323,1899.2524640942522,1897.5969648722767,1896.359024156694,1896.7844758744834,1900.291509129681,1904.2999999608235,1914.801721140093,1925.2643451761876,1926.1020544671562,1912.3222844866311,1903.8293895142413,1900.7424726572995,1904.2448149290879,1907.317763630433,1906.364060184099,1906.5238213666823,1905.6667660208643
70294,250,29072,zip,SC,SC,Lexington,"Columbia, SC",Lexington County,972.4287014146338,949.8535992523214,938.7623032136029,939.5261953255882,939.4327871168719,942.2558087311425,952.309627960303,958.2345670911907,963.1657819037982,975.5198874521209,970.7142186702424,975.2725881281857,965.5642253300491,968.1613219658822,970.4009272082238,990.446444160431,,1006.7022499961074,983.7361492695023,983.3030693593133,976.4045049922652,976.907105024661,975.0502076956145,973.2220048290911,987.990518070707,1003.8089983836554,1031.0246341062193,1025.9742946783022,1021.8906919234869,1017.6091852416048,1029.5080902520642,1022.7551637643761,1031.1846012243627,1036.1569896253375,1046.0978420915687,1034.9367821317762,1032.1877609140176,1038.9911177389756,1047.0278523982574,1044.8804026425275,1043.806077382271,1048.7053141429792,1055.1879885109893,1065.269284637738,1073.8685391122028,1078.751419285809,,1092.486349555157,1095.6587322661878,1089.8164915434243,1078.3526167119817,1087.0937357666783,1096.7362632989211,1103.9164365581928,1107.3688863225764,1112.996679439349,1113.778161950142,1117.5076144160357,1124.3846905148355,1130.2234806339488,1137.9306203361143,1147.7154632452223,1155.623372017591,1139.5516179109432,1114.9787945251699,1119.6184874015673,1136.520458118352,1150.4862633321966,1162.131006616718,1185.472658403502,1197.2794664211895,1213.5624573449113,1209.3137775843916,1218.5193502588365,1219.5701526064695,1239.7235861313898,1275.1880766270162,1302.9746120496482,1324.3223999938316,1334.2537823565324,1344.4759577263305,1363.7463446965246,1378.9558589597286,1379.522163039514,1377.3448204531583,1375.8622461027676,1391.4053447448994,1400.6400702880012,1415.9591703304382,1424.7368732312675,1435.3908839230207,1441.1642003568752,1444.7077504663284,1423.7612647327487,1422.1755187429019,1439.4323033848596,1478.6028557643697,1492.2170724941927,1507.5047849999175,1515.4275969201185,1517.5063715341855,1510.9681623303252,1505.3328829220293,1506.6566830897468,1509.9747515420336,1527.0339975043128,1532.6729464384732,1522.3287020137057,1516.393447754154,1519.6546865903151,1532.5898366875194,1535.6995554406494,1544.8903842982315,1544.8902922155892,1523.386141894618,1531.771240868095,1558.2042487384813,1599.6248096965921,1592.6404020446005,1616.4369551022555,1618.9458349015536,1649.1267190839362,1627.5791413246807,1642.8665663305044,1639.7631092320971,1643.498636391958,1688.0695261374303,1685.8724580319272,1675.8929088966877,1652.1534128223132,1668.5159909024744,1665.1651781525236,1671.4295408086564,1657.218637437137,1676.5492804299417,1674.4606409017704,1683.9763094384846,1694.0459104566444,1682.6312151913876,1690.1575757575756
69762,310,28173,zip,NC,NC,Waxhaw,"Charlotte-Concord-Gastonia, NC-SC",Union County,,,,,,,,,,,,,,1582.6849342903265,1572.862735222358,1591.8311574693828,1598.225535954257,1613.861595180082,1607.8256362120173,1602.8117036584295,1591.4628117616633,1580.3946183057785,1586.5037911611323,1589.425409451778,1597.535287321307,1601.845920411865,1616.9689767471782,1629.2748225376256,1634.1415106971301,1627.6452560112548,1626.534431773114,1635.4473417845622,1653.7219657248122,1669.8152125364381,1652.903487654088,1641.087404473673,1637.6376145573377,1652.0063159803449,1668.3571966505226,1665.5072930134227,1671.8775753649568,1668.1106426255576,1672.9664654011924,1680.5070325676186,1684.5437233637838,1688.656981378184,1702.8569372548225,1711.635109096648,1724.0415237888592,1721.6055770667442,1713.668253533083,1716.437134795432,1719.0478207880133,1732.706784754262,1740.8328549698463,1740.712802655255,1740.0389167344179,1740.3299393451034,1745.5839523725228,1752.7347510436882,1751.8778788172083,1754.2519732708286,1756.4963422358971,1764.4087972916595,1755.1636750400826,1769.5362268586741,1780.2199661967995,1821.0366364665902,1826.2271264713584,1826.4428703805186,1840.624428264659,1848.9263856177529,1898.7099914070682,1917.8267682506455,1942.5488911087864,1961.6747100783289,1995.1196815635494,2029.4100400126638,2043.4133575292353,2041.4283112080213,2049.9786670852177,2081.861735975623,2096.9164166528003,2133.272332156062,2128.65019564985,2145.1353812682974,2174.601492894062,2195.4777613791616,2222.7627349503787,2212.7420819732715,2226.69812307962,2243.1317054808783,2270.7912477257337,2291.9095916035353,2303.4437168504337,2321.411911699427,2319.9323540915498,2337.6950884139296,2324.952675379762,2334.0885671795145,2317.76434805954,2321.7378045721634,2338.2140842488607,2355.867881997653,2356.035825116873,2340.4214784124547,2346.1529750363316,2349.7852211356603,2386.8118243438894,2379.924345464678,2388.790538249001,2371.697172955387,2378.380305338533,2402.684637658536,2412.2878054941784,2413.360143267822,2425.5995494452286,2416.5697037867058,2416.9341218969917,2414.370997484885,2428.5300786126795,2439.657429193557,2453.7050915881887,2463.993057777733,2476.9180968928513,2473.844761959152,2469.372375987905,2456.4962447992634,2455.6435029540307,2479.7154372834707,2489.670826365525,2501.806349973167,2490.596755548194,2499.2808500371757,2504.6186981890105,2522.148564050912,2532.2980631187743,2544.149614884937,2562.455670741265,2592.5375996552466
69778,315,28215,zip,NC,NC,Charlotte,"Charlotte-Concord-Gastonia, NC-SC",Mecklenburg County,1029.402030421761,1026.4535129459225,1030.6949744755643,1036.351344858464,1044.7641090714874,1046.5999110266764,1053.353409722035,1055.7539220756528,1063.6905067962657,1064.0818171190242,1064.1054109283884,1067.5538621608323,1071.8825633073798,1080.144584212504,1078.162595602178,1083.4786007268306,1092.4796817412316,1107.848042895258,1112.4933245749835,1122.9140374598628,1120.6058587074501,1123.5379516116327,1118.6537685967098,1125.876750374172,1132.186464427873,1144.3299982478388,1164.470410730018,1168.6214163190334,1169.5476920249796,1161.4197295132408,1171.2249016281053,1172.9825889925162,1190.7484634831667,1198.0050014214899,1214.1040619331077,1211.0902974466,1215.4601858861497,1220.5219179558503,1232.5355052213058,1237.856416722485,1241.9116225668813,1243.726683717989,1250.3229390393265,1257.2421432119475,1262.0950938561073,1265.7851154034142,1263.0181841484134,1282.83053404195,1295.147139039077,1294.081283026452,1289.0154022256486,1295.6593125080256,1303.7887228458594,1316.8393423860648,1318.8201094957242,1323.2741848944224,1323.303683504034,1328.4419194996954,1335.4792374931847,1331.2358002821761,1329.0951543359113,1335.181011962492,1372.210950228128,1372.9647282159242,1379.1655355123419,1392.0877811054368,1419.8008990841604,1438.8811797404453,1455.1648476667924,1460.2147086068228,1479.1513876726717,1491.0569174750262,1507.795608921276,1511.784470977195,1519.0290846185537,1547.4534044083794,1572.5355329916435,1582.0733532573038,1593.3322671370267,1608.0936447664046,1638.6465513999278,1653.3270805505756,1657.0091522982182,1676.09241345363,1687.3087110469414,1704.514271234549,1714.9434031579126,1722.3129547923477,1736.3694838164656,1758.0042220767941,1774.3846663657591,1791.5129637833559,1791.367205679296,1811.9512735392598,1829.1704750592262,1836.7605026175365,1843.1006769484613,1847.740832168073,1859.8921295880245,1860.6027307122313,1855.0077972164452,1849.0171622111511,1850.2649599572467,1853.1720563637346,1851.7090446288594,1862.121835291295,1863.8990249529575,1878.9422306536403,1891.986807015869,1902.610079744462,1905.2299481458851,1909.6458638594104,1910.321066423674,1920.1841945741223,1917.7058532003628,1925.102019223211,1923.1896786863558,1922.6244330397835,1918.622693704619,1934.034374995472,1942.5227134163645,1963.7914249426576,1958.7670068916732,1975.4008425057507,1973.0405650146063,1981.723384082809,1977.1565136795914,1971.441606750195,1984.0237944912592,1986.0514295875914,1996.5752240055888,1987.4969156042866,1985.898243281293,1976.346476245476,1989.881630714525,1989.2510016142915,2006.3682760237673,2011.0052148063728,2030.8704829324943,2047.1956775780307
69487,340,27703,zip,NC,NC,Durham,"Durham-Chapel Hill, NC",Durham County,1082.2815231013453,1076.9324363460955,1077.80811871775,1067.055166576042,1086.5808099330116,1088.08712042442,1093.187321265261,1089.4654367886785,1095.862919893238,1102.7554607673007,1106.1183056447687,1099.9230811911693,1098.301638298378,1113.9035136543594,1126.5318844109327,1140.4314852863463,1131.602006848547,1135.8015000272965,1133.0573192404718,1145.4011839544683,1151.7302001248097,1165.684786401852,1176.524813593209,1183.7131845685954,1182.665657395357,1177.2091957743892,1189.236123543127,1190.2749993987309,1189.6913273270322,1183.2145175414237,1193.8477250556352,1201.67007726949,1205.6902518978063,1202.0358580460936,1192.9361976362343,1199.6558609237197,1208.5681087718615,1216.9211468218425,1226.1785356595722,1223.2200900542368,1225.2688497847262,1226.617015235241,1228.7688497227032,1235.82496967252,1238.5253785716006,1249.932628475184,1259.0379392801306,1272.665121603944,1266.0751420880206,1268.5305883893175,1263.9328763482508,1274.1624871220422,1285.344776519988,1297.9895195259235,1302.9527162599124,1302.4347881564217,1308.4181324050962,1309.7340985085427,1316.7367959825701,1313.4236095848746,1326.61811348866,1333.6323276690775,1361.5172170675369,1347.7438911713978,1343.1937375890795,1337.3766955610251,1340.6655301153073,1354.67101736666,1364.0317486729336,1378.8502908339287,1389.1780974823832,1398.7501126740074,1400.4847505808148,1404.414605277079,1418.5734201344296,1440.3978789579064,1463.7368835345558,1484.7227456997466,1514.5297396798921,1545.7728663574203,1579.2835597149233,1603.5155592955482,1609.9624174337282,1612.117706839048,1613.3753288752134,1640.9388140067658,1653.8611508299061,1672.4754008573782,1680.6852483143705,1702.036297839765,1722.1747893160368,1727.7168421140204,1722.2264661519234,1714.7792183089923,1720.7273619931834,1737.6318522139516,1747.9721666535665,1746.2929805830076,1749.4684720502228,1755.218483880898,1761.1284210334284,1754.2891122265314,1735.5361212158496,1726.2696341737637,1721.224550847495,1739.392125751596,1742.8745975457243,1756.5188538627945,1759.845695640378,1770.745962127271,1762.8350714229177,1757.661584331159,1756.2677935068684,1764.1086635456907,1770.7248533430695,1777.5448584364847,1780.576085929763,1772.1479361871632,1768.7183982237652,1769.9927615029724,1787.873287878181,1792.650195322326,1792.4477140453287,1787.231658992147,1790.1995097976398,1789.7900857597604,1794.9006883679886,1796.799875755211,1803.3105541685375,1808.0246613413078,1814.013901664536,1809.6708988452267,1799.029174286261,1796.812291035238,1806.9377982256822,1819.3523791743853,1824.2511314093704,1829.569738491842,1833.7891341485306,1839.0658143939393
70658,382,29681,zip,SC,SC,Simpsonville,"Greenville-Anderson, SC",Greenville County,1112.1966943850048,1113.7415652244783,1106.4551723008487,,1129.9210203758155,1132.188241661512,1110.8878285165922,1118.0549723582342,1132.1706594916077,1154.3570587167458,1160.754138731519,1159.4610460722308,1169.9774027419435,1174.4327018992278,1181.1978007795751,1177.7755605997806,1176.4144354676687,1180.9653484254993,1196.7395536804156,1197.1016310342793,1193.1344143825113,1192.9505074938122,1189.1810684937263,1192.4113862064826,1193.5676059530012,1197.928905736907,1204.0564934625777,1206.6952357397013,1209.2275584957488,1208.9997996658665,1208.1432706911646,1218.5695921903236,1226.7081987353015,1223.5711652394857,1221.3965228551288,1218.6704201337454,1225.8812358380123,1235.5372005294125,1241.613252257356,1248.9922342145576,1254.5116412630614,1256.3823552266365,1270.0258763745278,1266.8153116736385,1267.970585246358,1257.4415843630413,1268.1617410740605,1272.8618234393339,1276.5755853803707,1280.1612427317134,1278.9001738595819,1279.9620353401676,1282.455552689116,1288.1696185671865,1283.6033821078233,1288.7337510790892,1292.4729281591856,1309.6824647335097,1311.2057892002633,1316.490090733425,1317.6032508922465,1317.3557077094674,1310.8894198233597,1308.9922215037618,1318.1220457720724,1323.1482396147348,1327.3699248613561,1339.5589117209154,1338.4285611601767,1363.354427896366,1370.9792654122868,1384.3683885349358,1390.6071664776143,1414.2752825210239,1417.104976832861,1424.0083861801897,1438.7371811872904,1463.4587532641276,1480.253987662432,1479.584851242991,1497.419893886912,1498.1580176925806,1515.5900766984275,1520.2306477109244,1532.9494238556254,1532.2600303708548,1549.3454641473284,1572.0206377438737,1584.3256613086342,1586.1608755004208,1594.331243150259,1612.482836999568,1626.502039979139,1635.9481753073965,1641.8740597038175,1648.8427110011119,1658.7820274368294,1666.0998740318018,1668.9942843397175,1675.2044110493093,1679.0430430594342,1682.894674376286,1684.651474630096,1683.9895517865943,1686.1014123103898,1689.0173040993955,1699.7045777786866,1707.37477965149,1702.8436849401144,1707.9963015905569,1715.8625326882132,1720.243924147938,1716.3678113849764,1716.5427503592064,1713.4455033464199,1718.3007307708679,1717.2302504696058,1720.6626196552472,1728.792509969592,1736.9519510895866,1740.2025987155284,1733.911209928194,1737.7522848734168,1743.7361993084282,1750.7948257360688,1755.958544768301,1760.3749167548715,1769.6659503881517,1776.2169105423754,1780.2425410049304,1776.774524203593,1774.7445560563192,1781.3646689407879,1791.5048428893847,1792.660437799157,1792.8322540280224,1796.6275339084307,1799.9215406699234,1805.2147030738388,1802.6694444444445
70482,384,29445,zip,SC,SC,Goose Creek,"Charleston-North Charleston, SC",Berkeley County,965.1232922209452,968.733038116025,972.8364592132292,968.8865980486185,973.8678942542155,980.5619961422274,986.2247169823376,992.8995918014579,996.617724163497,996.571983818519,1001.2964475975508,999.322408442262,998.809798445046,1000.375772974926,1004.1279835110346,1009.51682009628,1004.5572121148595,1008.927581484382,1013.3110709303998,1028.4840265623027,1035.7669998691795,1046.3570362667294,1043.9702228777903,1048.2695053474845,1049.6083638899618,1053.119192037181,1053.610687364752,1055.6246862751664,1062.1895214222616,1065.2950736428925,1081.2744845083676,1081.199465893839,1081.3813283013299,1070.4230164366065,1080.147617664798,1092.2712284943434,1095.1976730081903,1101.420707519272,1106.9744171557993,1121.7545160285445,1122.1100869716759,1126.2742208789255,1123.6982634373833,1128.6136181754482,1130.1324540938251,1136.3284667929797,1132.1824147444,1142.5860498976629,1149.667036513801,1160.410874823259,1166.3049142818281,1163.859299533563,1172.2619821666829,1177.2356293090088,1180.755291877944,1184.0611107676866,1191.5088065532743,1200.1709079482666,1208.6594843770947,1202.7557375286772,1204.5043958251313,1200.8294734477176,1210.2630860137303,1209.6918307245248,1210.7830413381441,1212.791340597947,1228.0530716856558,1236.9214082412052,1237.132855158193,1240.2933028851626,1251.2802216974487,1274.5525259496908,1285.8412527054302,1290.3163855728542,1289.9956756691467,1307.4304228559256,1332.501561045978,1357.4001246321789,1360.1990335758037,1371.2392289930979,1382.130538653694,1391.3687888261074,1415.6796536021266,1438.9679886630597,1473.375837383371,1476.5313871831029,1483.7172509022978,1485.6345529147152,1489.1386819983454,1511.7120189337354,1538.4977297031783,1546.3508722374534,1557.3640446864406,1584.4094948137838,1596.8830765387847,1585.9760210710162,1571.9611534684352,1599.225994069527,1636.1608997016695,1652.6482974931364,1661.170009570762,1660.0581875594419,1659.707914547283,1676.4939270988416,1689.3381214761196,1700.8508875665777,1694.1754100383873,1705.0013514436478,1710.178586382266,1718.7961363794025,1710.3959959504843,1716.2212787154324,1727.8059556589708,1730.4077752733674,1730.2313021503242,1730.3765089399028,1722.7872703762862,1735.4891330808296,1748.5053926089633,1756.4833603363988,1761.1445718370971,1746.9865248177373,1779.9977619648191,1787.1441853791944,1803.2211389883355,1783.9016525781935,1813.3670710573895,1807.4410892732328,1822.2124233630143,1818.4027374793804,1826.372304854972,1834.9853296118881,1849.5683369456326,1869.4815054178323,1858.6692509035138,1866.675262871518,1867.019509095881,1901.3434257305905,1898.979611545097,1922.053439153439
69378,396,27519,zip,NC,NC,Cary,"Raleigh-Cary, NC",Wake County,1392.1204481295877,1386.844033545898,1398.7369959111907,1392.6964174086695,1400.7871846145727,1399.9052435922315,1409.6559749981868,1411.3960715220805,1413.7436850219544,1411.6735298120593,1401.8091914978845,1403.2677160377598,1401.961072059406,1421.8972917950068,1422.127307862627,1432.5609105575077,1428.6508560397467,1431.6445380365058,1428.7055957510565,1430.7488645546796,1436.7567896781254,1441.9135300364342,1447.3247829927143,1448.5908415876088,1450.8720168454552,1448.066301539976,1447.5614657079934,1448.6165145076677,1453.01661864767,1453.7609152473358,1452.8971790468133,1454.7668605300594,1450.943345072246,1457.7481705071496,1459.206681906784,1467.1517195089,1466.3534845159381,1466.8843610967099,1462.7123148490816,1463.549808655947,1466.3500318191852,1475.223533437718,1471.027065851361,1472.6594929424837,1479.2622804596808,1482.1999585977196,1487.8945651958163,1483.187142729503,1486.9464702637868,1491.9082715060936,1501.613509177956,1505.4351142413277,1508.8653480505138,1508.5221546286634,1520.1488740301854,1525.537509059759,1529.3879936311348,1531.6359653996897,1534.9444098630672,1544.059174301757,1551.1865855894594,1557.5745036563412,1549.0491916306999,1535.651847529986,1525.8332117274465,1522.1835187875322,1513.8356150959944,1518.6085076126144,1527.4064935074693,1550.120921533974,1559.512073838776,1565.9300010816585,1567.999835773182,1582.7138158605094,1594.516895810437,1615.6767379250782,1642.6707209375654,1672.8611259557883,1705.515848128169,1740.4202744376291,1767.6375783433339,1793.3473815590366,1819.1279815628714,1841.575712328631,1851.2762140090847,1851.836323508915,1866.8541397249057,1886.4566903732837,1901.9850975806496,1917.7546943387567,1938.2972782298143,1951.275396080396,1959.2469460471698,1947.686171561648,1943.5553004419894,1947.091350880315,1961.142445175923,1976.6162992600935,1980.339505082157,1982.5593170421732,1983.2721169370066,1984.3206594173103,1973.8935593946233,1962.6920312028872,1958.072505357351,1964.2401734387606,1968.1004639064179,1966.1984331450697,1961.7233589033335,1963.1356131610623,1972.3121623171642,1977.695422480044,1981.4418793366085,1974.9049886761197,1976.2546917853936,1977.2783212881438,1977.155516407359,1974.8064591556345,1964.745869671033,1961.0361230921342,1955.5420899406452,1959.2792171545807,1964.039724381053,1962.9245547119938,1963.816792295049,1955.0514252237651,1953.0635374679598,1939.3793470260318,1939.5460364826386,1940.154586216757,1946.2480063322835,1949.2488345643217,1953.5016441091466,1948.812578610442,1942.3791521905675,1943.177303795411,1944.5982129118556,1958.7908037430536,1967.4783967088067,1986.5281082770534
69336,410,27406,zip,NC,NC,Greensboro,"Greensboro-High Point, NC",Guilford County,,,,,,,,,,,,,,,,,656.4708931625185,654.8021708798284,660.7698994431496,661.5394814664794,664.1349761437875,663.2539606028862,670.3044369363711,670.9084502886224,675.1051631534975,671.1878572290227,677.4114972282578,669.1566880787936,675.438391893399,677.2469991329683,690.1658329919663,689.833897818311,693.7593668725756,695.670788468049,693.7674109229872,694.0215588404685,685.6465800170089,688.77794652347,691.7971666219196,705.4329453488671,711.8273811994136,717.3376187531967,718.4696439231718,726.808529405918,723.491774431292,723.6991983230159,720.2108034565265,727.9791237437007,745.0682971830523,752.6651692260255,753.2339339731353,754.8778547360533,754.3490825876314,757.3535807353975,756.9344843463692,758.879470071067,767.5820685548555,775.1961174538526,786.2141383087913,788.3963148727985,786.5114154600553,787.8778659329962,796.6545989928601,798.5306092854503,789.3631180488549,799.7957321573983,806.5439247455649,831.3359494976268,834.3301474673224,853.469216819131,851.6237284945029,856.2545283544497,858.7631886164819,870.3166474475169,878.4486628121142,884.3881287231899,908.5146347320127,920.3728805662969,936.1757488260373,933.3746233940636,946.0211109066934,953.3823539154647,968.5228504583847,969.988576069424,979.1596690485921,985.4199771390505,1001.0756009556926,1014.7955959406383,1024.4705375496571,1032.4374535763748,1040.7702002438714,1054.8143686669046,1073.6166941221402,1076.267905123863,1088.7319752269204,1100.3811340824145,1113.4188134325025,1121.734870439434,1112.3781963062581,1113.9564707103589,1110.157368324057,1118.2660380955595,1127.1002060622297,1129.4050314796043,1131.9408924672578,1130.0904219924366,1126.1933206226506,1136.3045631485495,1144.3454890295848,1151.3541653427317,1167.8143993871709,1181.0027292401744,1199.4095781272663,1195.4189135223257,1193.2056677554574,1193.2459220150406,1185.9405942637704,1193.9466681979868,1205.9050533216364,1215.2908227998823,1218.4683432676964,1218.0821888436756,1221.8683086613987,1222.200991654451,1211.7375647763972,1216.4138567409886,1221.1366168103825,1232.2473102982715,1242.6660082193346,1246.894440223621,1246.2461407559338,1240.885353156485,1240.7381677204282,1244.9011726514798,1244.474734377142,1246.1257543459956,1254.7532276479913,1259.8816672130702,1263.6620895960712,1262.072985494038
69456,418,27616,zip,NC,NC,Raleigh,"Raleigh-Cary, NC",Wake County,1010.7656694646543,1003.2337336994593,1002.4436905785007,1011.5502338143432,1023.2114002213065,1027.5983999738708,1020.8015889387918,1026.215777358976,1028.9302565531189,1033.4324200904757,1027.77938284512,1034.9698864924967,1043.016354518809,1054.5721331381728,1055.7196577848467,1055.9373810361856,1056.578978883068,1060.9818279357162,1067.6027448660077,1068.6641613599222,1071.97247420591,1071.5560734982837,1082.5683627291326,1080.4484221508446,1087.7262372655375,1088.6170500499722,1095.7040978319499,1096.1920870799277,1098.9364196343593,1105.382705406796,1109.5756868509216,1113.170435638986,1114.3764155726158,1121.3292059328567,1113.7336467960467,1110.2625759745426,1106.562432195595,1118.2973700980597,1122.9274095469025,1131.590378100067,1136.5886827388993,1142.3466832617935,1141.1763666376346,1139.5501585365066,1145.4325172025626,1146.0488867340334,1154.484468479109,1152.9776781745502,1158.168862924985,1164.6636925379216,1165.697346892845,1167.1360199876399,1170.5873644910203,1171.4413792060582,1179.0128833387075,1188.3626436372385,1193.025651466185,1199.9014070320409,1206.119043421877,1220.8152893050176,1228.8700778726993,1229.676520345478,1216.8518040823485,1216.6837520271051,1221.034081957685,1228.4166688663606,1229.182689592903,1231.4083336893045,1245.110942144513,1260.3492355257656,1267.6131468314277,1274.1141044622805,1286.2100206203804,1301.905306721577,1314.8948595235877,1326.3769407282193,1345.1828372726031,1373.6252665149002,1401.1817488270383,1424.0244671970995,1427.6998748141064,1422.8099997474346,1432.4485504885881,1434.4563603727365,1453.9702561252018,1462.6076486191039,1479.0267925665214,1491.5491228373426,1506.8648422980493,1515.633772034857,1519.6787827074638,1526.2827830785407,1533.5732208764653,1556.4460836871651,1563.9162236406985,1574.6685802035815,1561.3084256315071,1569.7734616072191,1575.533184480765,1585.5412646375971,1580.9711616791953,1573.1370825610509,1569.8547002687724,1569.0618763058824,1576.296470561778,1577.105231682729,1577.9963781993113,1584.180178293504,1586.1223013434274,1587.1985476216234,1581.8443166812106,1582.7371981747176,1586.9143177671924,1602.7964988809297,1614.969073800476,1618.1161870580531,1612.3455557623686,1612.6947950968113,1610.545267963826,1627.681510102225,1632.4633026397903,1634.901895269864,1619.1559960131942,1618.9217681411608,1618.9265929040062,1614.541159893684,1618.1951706569216,1619.2011644779434,1623.4612001954342,1623.3107293326698,1627.457921839499,1613.853976678592,1615.709350985162,1615.7068470868319,1632.376042867721,1633.8076737828114,1636.1906241946954,1637.123349095525,1633.0211769310476,1634.6460982247645
70513,443,29485,zip,SC,SC,Summerville,"Charleston-North Charleston, SC",Dorchester County,921.9527957943251,933.5181344895458,944.2629417852698,943.5934056741845,936.9090348780422,935.4706017720735,934.4029400645094,949.9065777133229,954.2646433840367,967.6826475965447,965.8023900717561,968.6223332542278,969.5477000586726,967.9020271499749,960.6473841858452,961.4143118491588,972.6560155509347,989.2148985309053,1001.0406314378877,999.1962749631081,999.9469281018431,989.9928846859218,996.4207631202584,997.4009572284187,1009.5070623966521,1013.2097641197295,1023.5175928416988,1028.010592376163,1032.5595894432574,1031.83877033289,1033.1089175542713,1034.7339633505617,1037.7678775068284,1044.493951932069,1058.8553254061715,1065.81854910503,1060.7142860994786,1058.5354779034371,1063.6696590440333,1072.0089956939291,1070.7800062702263,1067.0321649401628,1069.8547361867898,1075.2103815974099,1078.1271333926577,1086.6248018742049,1085.6693460299666,1086.4035563065738,1090.2843053610923,1100.2562784279614,1101.6161532838066,1102.160355294344,1107.9683509124234,1117.1800147185859,1121.3066755347868,1125.7339653068668,1131.2560765961787,1132.6624922521282,1134.6863653543599,1140.2733573361759,1147.2082941152669,1149.9472810502316,1151.8076297513687,1152.2434395325422,1148.4233041276505,1145.9630252353145,1151.4469379085522,1162.1126981176726,1161.3382202735738,1154.3687577971998,1148.9885617833202,1159.892615282424,1177.6719216993497,1188.926942551753,1195.7267772707917,1204.8513016487857,1221.143479427104,1241.5606307240832,1262.043564289199,1284.0550598508532,1299.6173588365561,1328.8504329578964,1348.5951362107767,1365.5513494712395,1359.7444327887176,1367.065415877557,1385.0957474274232,1402.9494405524129,1419.5698750158206,1426.8734963360455,1442.4897227649856,1446.7116398784478,1467.1774696791413,1473.0886049882108,1488.8478248240708,1483.2157981992448,1487.6718419846043,1490.3784707426018,1504.3784494179724,1515.0173715291587,1519.4925616261476,1524.7285259227706,1526.1308182432,1547.3291818980158,1548.563930445525,1553.4422547665513,1546.6025487082072,1566.394049729137,1580.964865350568,1595.848001553468,1586.2998606464228,1583.2838779616375,1578.7006524242727,1600.9975242291382,1611.4189038922489,1617.5479221450491,1606.9891155920645,1602.8854410205918,1597.7613754510562,1591.9959091383016,1595.4783850070853,1586.4483617870026,1591.1504369845932,1599.3836832952747,1612.6142493122954,1607.0250081662518,1597.161907810932,1580.0402136868581,1591.8352216573442,1600.1234366956828,1613.5951256477274,1619.938818623813,1621.0735433002114,1632.2194519845757,1642.659606884612,1649.0423690647501,1654.9596588405054,1663.9413270062335,1684.1981658211903,1710.3533452807649
69670,450,28025,zip,NC,NC,Concord,"Charlotte-Concord-Gastonia, NC-SC",Cabarrus County,,,,,,,,,,,,984.4470174679267,992.9809724057723,991.2706665266795,985.6785113815856,997.2980526253177,988.7497662792526,990.4443567750535,987.7876008873096,996.647253323466,1001.6140891113807,1004.7967415306217,1007.6589110513426,1013.6233437570347,1020.4778554258725,1021.9566381763069,1033.231214248602,1030.0656641571215,1047.0811450428955,1050.0221962804192,1061.2137353948033,1068.7928684406245,1067.7892595671726,1071.560364928627,1066.652659926751,1055.4937997046675,1068.4873354872552,1072.342680101109,1094.12954958589,1097.5045667788602,1122.0659278325609,1127.1909683666881,1129.5653151487809,1133.1087530193001,1134.7257608568812,1140.044571429135,1129.8137935319082,1146.2198227567706,1153.064669458533,1177.863110036161,1169.6855722853265,1180.4244820108886,1168.2961758985946,1177.1382612142336,1185.2332365515797,1192.055887285361,1205.4182233479373,1213.6687331717062,1238.1686544861639,1244.271078732365,1244.9811280818985,1237.7213423270682,1233.310668871367,1239.3618039952644,1247.2078671279048,1260.7660322741676,1267.509018480935,1293.0287075839803,1296.066210792099,1317.0138999588125,1319.7355000092361,1337.0693815847633,1334.016165539986,1345.2046775485019,1351.0879980243064,1373.9464343636378,1392.0685029218216,1413.1985977453055,1430.6985505308674,1440.288720854281,1462.865516047392,1482.4296626274115,1507.5354790454426,1520.575578415328,1538.553613134227,1554.9700815460071,1572.8896830762171,1569.277999102498,1574.005695711198,1587.9911524794527,1607.3368136232903,1615.3579696591783,1618.455388556565,1623.4250061496673,1635.3087460893125,1636.2220587003474,1646.5229957738193,1633.9016472812275,1643.891526601778,1661.634195579396,1686.4556819826062,1679.6119385274092,1675.6068309331145,1677.553174469564,1683.4099864484633,1677.5535972078974,1668.667687109543,1678.1128392872745,1687.8477088983277,1717.8553372926547,1726.6887086904023,1743.2726110353171,1737.9076773387503,1748.9235725885292,1748.8525824461283,1754.3633203792629,1748.0808627719707,1740.8778454105507,1738.758561191127,1757.5205785226483,1773.5374114926594,1793.1387804556994,1788.3489801428154,1782.599198275676,1783.1274792022507,1787.9971390338992,1793.9630918977782,1806.1386162173096,1820.9339704990457,1841.4794243383233,1857.2456746787138,1849.2245401176597,1840.7044609980637,1824.03608018702,1831.9977206732663,1835.8848646940933,1843.709133011039,1845.8968953561136,1851.147242007572,1846.8324043106652
69497,462,27713,zip,NC,NC,Durham,"Durham-Chapel Hill, NC",Durham County,,,,,,,,,,,,1003.0187773243647,1005.3745288329397,994.1477014959254,1011.3611618458641,1022.5083559528132,1026.1394114766235,1035.0258588688641,1025.637393866424,1036.779082545984,1029.6194850199981,1042.0592050315634,1028.9947197720821,1045.5157082177293,1046.49833201462,1067.684644717639,1063.2019160948503,1062.863130598887,1060.6934023579272,1063.5447259891152,1075.6140947968195,1077.6500226405315,1082.2127457829317,1074.3573382956915,1077.8901142722955,1083.926658080088,1085.071495243845,1094.0986150603958,1091.509905549626,1102.5415800315318,1092.2062647543642,1095.624565296583,1092.8116473174864,1103.2914829431895,1109.0891304026509,1118.146828431409,1126.3453110612245,1125.0336193784378,1133.75307089696,1125.847716665797,1136.7503883919458,1136.893894759308,1156.2827108153406,1162.0160128213054,1171.9898147845329,1172.9995139374137,1180.5940933480822,1188.2583915410064,1196.5433008852563,1206.4019433184212,1214.4075111762545,1228.5957081381748,1217.142131853141,1202.6736562093793,1190.1743123334377,1184.38001084402,1184.5749929906378,1176.898831219343,1183.6343630248593,1196.1984902580293,1204.3161650206262,1205.0907018341577,1205.0019211861966,1214.3427385097684,1238.1192878218847,1264.4038005052478,1288.3138908175076,1300.2134976281159,1319.7709306273953,1346.3359246808109,1373.4882745183108,1387.575987834731,1393.9028294225952,1404.4847893718643,1422.7166541405911,1439.5498967187116,1450.2927116272745,1462.6390154625146,1476.1404199295398,1499.4917685519897,1518.4112017017223,1526.2383807979425,1517.5501143539454,1514.5096260188193,1526.0037548219368,1544.616267669671,1541.6038582044682,1542.3314174937605,1533.37834347065,1533.5147070060812,1528.0154406896484,1528.5557083713766,1522.769921164225,1519.7337692405172,1513.986446908208,1519.1346745281012,1531.9303014900634,1540.7725949036844,1551.7285895709056,1541.806052569156,1528.0460449343268,1523.0227846081639,1519.9590763053238,1521.242830422291,1519.3049641057469,1518.945088073433,1533.6016284987247,1531.3768058561582,1517.9733010268026,1492.9692721323806,1480.3574615618447,1494.5956046141523,1517.2445343601305,1530.9909889686232,1528.387051112055,1526.2423992248002,1516.6580442154393,1513.1606542781217,1507.507276737327,1508.9248203153443,1512.997614726715,1526.6531058890837,1534.490558301345,1530.8949740978665,1525.1485116401627,1521.1507413249687,1530.0854941858206,1535.9624352257006,1551.0911545806312,1561.6660263855385
70532,507,29526,zip,SC,SC,Conway,"Myrtle Beach-Conway-North Myrtle Beach, SC-NC",Horry County,,,,,,,,,,,,,,,,,,,,,,,,,,,,,,,,,,,,,,,,,,,,,,,,,,,,,,,,,,,,,,,,,,,,,,,,,,,,,,,,,,,,,,,,,,,,,,,,,,,,,,,,,,1789.1448746365595,1794.6981160206976,1804.4409431387924,1807.8426313658254,1819.896197150791,1810.2279942644568,1830.696460007996,1835.2279128182363,1821.6449726933392,1826.7839931695357,1831.1221818091683,1858.1635474186378,1861.6627465180088,1864.195383072639,1835.6646828586825,1842.9026471371697,1838.779154748988,1873.739949642298,1869.8614014391173,1871.4402364861708,1886.7776613388028,1882.087374872693,1891.1273806171946,1863.0509763382302,1866.9502628457853,1868.4567566918683,1893.767744164812,1899.754533249188,1911.4024818609962,1897.2270464131202,1898.4682513938176,1899.059838938395,1903.1442874683685,1908.779119214929,1905.048076923077
70696,508,29730,zip,SC,SC,Rock Hill,"Charlotte-Concord-Gastonia, NC-SC",York County,,,,,,,,,,,,,,,,,,,,,,,,,,,,,,,,,,,,,,,,,,,,,,,,,,,,,,,,,,,,,,,,,,,,,,,,,,,,,,,,,,,,,,,,,1367.28565601703,1366.84459654862,1381.3886721196716,1382.3060729914705,1358.5075954816607,1370.3862258361823,1386.864955009431,1418.6261260370695,1421.4973335565837,1426.8806018285572,1437.1015858682545,1444.1270779325957,1442.2774622007237,1444.4204335123968,1440.9748588610603,1436.6316342960977,1453.6433876322335,1463.2279356013287,1454.866703382696,1436.2084537362748,1422.379186515528,1427.6116636221807,1430.4857406770689,1440.465503350643,1444.1677190522514,1449.039452016021,1457.6193963383255,1464.950579289169,1468.7022784143242,1464.029139257845,1470.8229079384043,1475.1109191360356,1476.8820493614007,1473.9395910070496,1457.693870543664,1457.2359848790957,1448.6057706971008,1463.8592367937017,1486.6891089861765,1496.681530296465,1499.5372942770834,1505.2863552561214,1507.827104508449,1513.756598474972,1523.6126267809204,1527.3668936384925,1540.559779797824,1538.3411157835158,1545.9237002189093,1532.5769766455876,1511.2031150005737,1500.128787878788
69789,516,28227,zip,NC,NC,Mint Hill,"Charlotte-Concord-Gastonia, NC-SC",Mecklenburg County,863.7645499830614,870.5073561543701,870.3863573453574,880.4933339358303,888.039962616455,896.4455599541432,890.1386227295912,889.6968221166965,899.933215185319,913.6685392589445,924.5926655838432,924.9291673500512,924.6498783928251,917.1879612108945,917.3761307476333,918.762703104066,923.8525511859709,924.438782790781,937.1062467137865,942.9472083150052,947.0548238915403,944.6822780383927,943.3981866044703,943.7292742248912,949.2352001675316,962.8047265416917,982.1742006727007,984.5315757409295,991.1638893911942,991.6437206760531,994.498449876727,998.0785270706282,1000.3658030530565,1002.4673968511221,1008.6993810227975,1020.5106976799049,1033.2260108905716,1028.5145067448793,1020.4865936699535,1020.3896982646781,1030.2394916770036,1039.4832190726052,1047.8098823746454,1050.2689593936589,1055.8418174472918,1061.1185041768233,1070.0445102708898,1074.3824175447523,1072.9135097179924,1082.15220123242,1090.4367478894035,1100.7963160827255,1100.0695256072827,1103.9505697102313,1104.9419212719715,1111.4612383566935,1116.072646702365,1122.1899791874123,1122.980324665117,1124.2925153339825,1128.3847346116852,1131.0364079612325,1140.3509128250655,1141.713715557184,1145.3392240986504,1149.132305022766,1166.8676327594276,1182.362700961876,1194.9838039738333,1204.6914177168526,1222.907823534327,1249.6551709992414,1266.9527322305455,1281.6151217709403,1279.8744179628836,1293.716748710023,1309.782935411901,1323.1411909480078,1342.2086269289166,1351.319239704878,1372.424098526682,1376.870083471677,1374.7877758571162,1376.8442358814082,1384.6589183363262,1402.5394984431546,1424.7233632431826,1439.365631733011,1459.0688239064802,1482.3619659663707,1500.0334510709995,1512.902798099747,1513.4703660568646,1527.2921409297935,1537.2250106074048,1549.6674210490683,1555.9012952655414,1571.95162430533,1573.2107060223095,1577.538597308072,1569.5197419081635,1569.348357086798,1565.7512590300184,1575.93891703825,1584.1937736264538,1586.5411867617652,1586.3117715286846,1573.9551131602302,1593.124902236243,1585.723523641612,1593.306014321867,1582.2395320618248,1595.117968003773,1606.6085262192164,1607.9928520129013,1610.357511301121,1617.994636897178,1628.458376417689,1635.546548936674,1642.3150137935772,1632.6651546188036,1632.7916633733555,1629.9960898687646,1650.172727516358,1655.6483151073405,1662.4470733173443,1662.6646740070537,1658.9210756614987,1657.2783921656217,1653.361804874204,1653.6751876511496,1658.9008009917964,1661.5784224571726,1666.7953371694437,1668.8935826424126,1661.372069510297,1655.1043500169328,1646.2640539922902,1647.3789500621426,1647.7322428529324
70632,536,29651,zip,SC,SC,Greer,"Spartanburg, SC",Spartanburg County,,,,,,,,,,,,,,,,,,,,,,,,,,,,,,,,,,,,,,,,,,,,,,,,,,,1064.1880745728636,1072.7624897526296,1076.894014048012,1082.762327261618,1086.827812860869,1082.6669295982426,1087.6893243624736,1093.4764287217363,1111.1681372696828,1130.5529599616546,1133.869170008997,1143.2668421751114,1134.3720374205936,1139.5261053939985,1135.2871527431155,1143.1481893140322,1158.3774771645062,1152.3357916571013,1158.1006246106356,1156.5399665716725,1167.8752496641264,1163.548034162766,1182.1144902557025,1182.0661550289096,1201.430597030518,1205.8730473463143,1230.8143238171815,1237.1346284270462,1256.604223649645,1278.5572519680331,1302.1263897525832,1314.1431766214769,1332.4657483514316,1350.3772820863912,1360.686121260606,1359.144186976789,1374.9532193878736,1399.9546396909932,1417.2288411848685,1423.6783869274082,1424.9711113309356,1450.3187422239967,1449.1323609782476,1473.1634461837218,1458.1111532050418,1487.6178604800946,1497.8408565723064,1517.6900948274329,1501.0523475438101,1492.0627013042813,1491.6366191460766,1512.812127457781,1518.1489663335344,1520.8717722148542,1524.0616003675523,1526.9209164145752,1537.4571448717568,1517.105367197866,1524.5885239717368,1536.4737457540793,1577.1382615104296,1589.4387851204638,1598.1232220708148,1596.9553888198996,1606.0698251066503,1603.7874490097943,1606.3919808245917,1606.7778469708414,1619.3530178703909,1630.214328614374,1636.40570128256,1639.738163425863,1644.8859191123634,1651.1528175029937,1645.5251722243938,1634.2315439203323,1637.7614074381283,1648.4517703238039,1656.9431969642505,1661.8939139710185,1661.321366843846,1667.760600018356,1668.2105128331928,1666.7509344312768,1656.7196609409477,1658.3569058794644,1669.3916527376293,1685.1987781840621,1688.1727737161261,1690.9634502923975
70511,544,29483,zip,SC,SC,Summerville,"Charleston-North Charleston, SC",Dorchester County,1052.5551503689362,1062.5357567252945,1053.8908030056477,1048.678266024935,1038.712481671904,1052.0326198629953,1052.2752922014135,1059.6198621656308,1067.284496631383,1081.0931748140918,1089.038530625266,1094.9775667157012,1092.5088897635167,1095.4049745706352,1094.8887821505723,1096.4834866760807,1106.5279748120888,1114.226677471926,1127.6583254973573,1130.0086532469668,1131.9747096289243,1129.818810348807,1134.6632914342786,1133.9856944171763,1137.8182287807347,1140.174947764989,1155.0550008985324,1162.0166357478934,1164.2377163774308,1160.7417172847695,1158.6994276252378,1165.4019378660416,1166.5172417111119,1176.6754131252196,1176.3622589213517,1188.6802125629322,1202.9847181612154,1211.9545362945157,1207.380129607714,1207.3968255953005,1204.2844921475746,1209.1266914297019,1216.0146682195757,1227.6443937696613,1239.8437013329954,1239.2646913589958,1234.8317013332837,1231.536479402518,1237.9920346117121,1243.0195000328024,1250.8819027904162,1258.8639729234428,1269.9423134787717,1277.4857206323804,1281.8661374152687,1280.1879741346509,1281.0952423615404,1288.143504436186,1302.3951312261397,1310.9006082342394,1310.2183267334767,1313.603124468529,1308.0508260987901,1329.9121539516827,1326.550358141872,1334.7263638172653,1330.6567617799128,1351.1779738758817,1366.8413534129381,1385.0520374956238,1385.8625677352136,1377.0601366916483,1397.0840093548495,1423.2379646548309,1448.0025123646435,1441.5529123985953,1434.7987435433502,1447.424673095772,1482.2219465407286,1509.9209493769106,1508.7359417367609,1506.9593306908666,1510.1339915275598,1536.7387228574646,1539.9457088177508,1552.5481898146384,1569.4125123644474,1587.9277307756722,1609.9857950795586,1620.9005847760347,1632.0004757343986,1635.3550947847928,1659.3110765296112,1673.2731632473174,1692.9532432835172,1693.906419086705,1705.5924762114848,1696.0541109618189,1705.9967804679702,1724.9539769290902,1764.4416204210318,1775.9529892920532,1778.9524979056741,1769.994653768985,1772.9212210668936,1788.1201499823708,1798.1787691999295,1810.1087391330882,1814.135442869985,1832.1878963990537,1820.9049662101438,1805.6553412260369,1792.633953862111,1798.5591755006396,1812.93931627022,1829.1934257765133,1837.8522451830418,1854.5056428457829,1851.5472265611552,1849.5602904528635,1829.5314541090102,1839.0300209617412,1848.9411657211174,1863.4525826890754,1844.4752002183677,1828.6562557874788,1823.1977157478302,1846.5504728398241,1844.3788200829183,1832.8883461549015,1837.3579272831346,1843.5122359647185,1865.7011259365286,1863.2839859489793,1870.4582643825604,1874.2064909565365,1898.4344620191166,1918.130536703258,1928.3954955681472,1918.417094017094
69275,551,27284,zip,NC,NC,Kernersville,"Winston-Salem, NC",Forsyth County,,,,,,,,,,,,,,,,,,,,,,,,,,,,,,,,,,,,,,,,,,,,,,,,,,,,,,,,,,,,,,,,,,,,,,,1210.7601259609255,1224.3070128702243,1216.2952281595783,1211.1326553291112,1216.642274238472,1240.895762339183,1271.606446093593,1290.233645231093,1305.58382109194,1326.0867561047032,1334.3136522668797,1352.8183568674663,1360.190585771933,1376.0554071216845,1378.102280616079,1381.7899319991197,1384.5798318345,1396.906947935355,1416.5401611170387,1437.4180917462954,1446.4208379852732,1447.9721619092606,1460.9881222260296,1461.6567353500693,1479.2120722307523,1479.129899738527,1502.3275278479225,1509.4917210128076,1520.5725809943738,1511.0537397342082,1498.9312404379443,1490.1270871608765,1506.1543847100154,1524.9329084875067,1552.4482447580272,1555.0996889550438,1543.5181133267897,1552.251569906349,1564.070068937219,1589.4782125093366,1606.2840020491865,1624.1025433149944,1646.8491729833486,1654.7712626408218,1653.417044549092,1640.3858970959272,1616.8169341619957,1618.2661431997722,1632.6325193554146,1655.4262164904849,1654.814455722653,1647.262791348836,1656.3572300990718,1669.2750112979957,1680.3611152325725,1681.3819187131053,1686.754614913846,1686.735412077604,1703.3061651804699,1715.4962669979122,1720.9194844738647,1712.7782256045027,1716.6198549087624,1722.47922708417,1719.3014545004046,1717.1437727894163,1714.6656807730308,1726.2958639815704,1733.9278105943602,1750.7069143446854
69385,561,27526,zip,NC,NC,Fuquay Varina,"Raleigh-Cary, NC",Wake County,,1164.7013639428524,1168.7257347364196,1175.200490866448,1174.8899707076796,1177.9328664424183,1183.3422869105057,1193.2012061841071,1195.4073589460334,1195.3705930012416,1205.1610059746633,1210.4394527110603,1209.8692685401722,1208.0459425136269,1212.3237684321068,1199.6647334634733,1199.888831983435,1200.601732853115,1216.506262849427,1224.3536677349061,1226.8980895853042,1234.5935820772195,1225.6533616687711,,1227.546492120841,1240.5281577808676,1246.269842963201,1269.8453368115793,1271.33988549121,1277.6635397520981,1270.8857731048827,1275.1428106656404,1283.495241965046,1279.0266674066434,1284.14880708284,1270.7470494294996,1282.028883853788,1289.2636915039673,1303.8135792101264,1312.4239070095757,1323.1916366467249,1324.7136384022012,1330.212033304179,1323.7760846116544,1323.6234858165003,1334.5698854700586,1345.8642248061306,1363.8425958826074,1362.9825333630308,1362.4932243025498,1357.7390555629988,1352.5146963802285,1354.7374450894656,1361.7964915635482,1369.2924852967096,1382.2684804589792,1389.8852362116304,1394.1753756985665,1396.7433111331366,1400.6595035071098,1408.8304269146195,1415.830066727679,1416.2454426918334,1421.3040843877352,1423.145986727358,1433.3902665008968,1452.7454422663025,1471.4849850863693,1472.2843497815652,1479.2078671315453,1487.7929284693937,1514.3610900632823,1524.4196326982637,1536.9161327686127,1544.1391883242266,1554.9911892412404,1578.757399364853,1605.788554922006,1631.0131899565356,1636.0975847592683,1654.712599524791,1667.9757733155852,1701.4340795566254,1715.331565491973,1720.9219387301766,1716.2822690059124,1724.0227793603478,1745.3020660491754,1754.1117905449103,1773.1519756492885,1777.9278092247541,1805.9294143028967,1796.642189060244,1802.666543934603,1791.717556719234,1802.8946888182804,1806.042648349483,1816.0182223742347,1811.6860079404405,1815.3693729117713,1816.5295409883079,1821.4977833068065,1820.1095021906103,1819.3875213365116,1835.3949323410834,1846.4132864467665,1838.7116509796222,1832.380085033258,1845.986071954634,1877.1991962830145,1894.4825885604605,1881.9049986237983,1881.1909226280409,1865.0482316381895,1874.165806679394,1861.1996328310581,1858.5767696027954,1853.6745415329851,1867.1062996187775,1877.8411601380215,1877.4735884044337,1860.8135608722312,1860.8705702217137,1873.187850801705,1882.735101854684,1883.9524617781015,1879.7249929102893,1891.442619878824,1893.7932231388922,1897.375547031577,1898.65982427472,1897.8847301746941,1897.9449114751228,1901.2841745505295,1901.4886135141148,1904.6212634887906,1905.5003954654226,1919.0989306663207,1926.6693050019292,1931.8698785742263
69443,583,27603,zip,NC,NC,Raleigh,"Raleigh-Cary, NC",Wake County,,,,,,,,,,,,,1112.7373095794774,1091.0233267279402,1090.4820165265526,1093.9905974050548,1112.7258499312438,1125.6434378604756,1122.8147726433026,1134.6570132385054,1146.1512782787818,1136.0835582303573,1108.5187352159433,,1127.6868604884353,1143.4463116800896,1129.9929806120638,1119.0012007805979,1122.653831929863,1136.0249975632964,1152.8733240045663,1140.1142996641825,1142.4715611327572,1139.6665255090766,1173.620773586327,1176.920608262808,1160.0875000618923,1169.6619536412925,1179.8243634436385,1211.845946994453,1206.6708383996558,1205.0450147646725,1205.2008777923668,1213.9947009544353,1217.0945914838826,1216.7545754555806,1212.1372481945525,1213.4260260366746,1232.287444568447,1239.0062149356197,1249.2021661617612,1240.3592063964438,1250.8173618269057,1254.9579710102853,1259.5694726392076,1269.3529513914336,1276.638642402814,1292.904713171325,1297.090011552912,1307.3750599433547,1309.5722508950691,1310.2196522427614,1316.870967361697,1313.2551721080333,1299.2100117675743,1300.4310691507271,1297.1202330330004,1298.8825372550928,1292.8082086016957,1300.8996952197633,1318.1466876533316,1328.6279284455886,1329.6688332948488,1316.6886998698892,1329.0655869590037,1343.617705264092,1384.3306315537864,1411.8875080749733,1449.4745211173401,1477.157512443521,1513.784066965228,1536.520040368803,1556.3843684978508,1563.382210002262,1569.1093503470447,1579.6518112767853,1600.878962483061,1622.9113993568155,1627.9440334042604,1631.4927252247423,1631.934798923315,1638.4373581863072,1633.9962412989237,1626.8695499002547,1626.3131418837324,1644.6718162872426,1663.3487030712404,1674.68712841416,1663.1958501883705,1652.2474693786578,1645.6302921328925,1645.673842853686,1653.3252399888222,1656.6078027062615,1655.4684243114536,1650.5937507602619,1646.6090402997602,1640.3627632564298,1640.0531154059618,1642.0033233339248,1651.7127162209608,1654.8910679409648,1653.4377180529357,1653.0465629111677,1645.382859069613,1643.4864318944585,1647.511780585172,1664.1002047341565,1669.7440077137073,1674.0753138860605,1672.0303679616127,1674.5009586020244,1681.3669529329168,1689.2249898551017,1707.065279775816,1709.3403878542829,1707.635042973946,1698.0984866494973,1700.197271705323,1695.3151325135957,1697.5812496787885,1698.793430732615,1702.2363365300828,1702.6202656812263,1700.4554073693637,1700.8140015026972,1695.8872091398266,1701.0634548414755,1711.6389712199846,1726.3708950054424
69388,608,27529,zip,NC,NC,Garner,"Raleigh-Cary, NC",Wake County,,,,,,,,,,,,,,,,,,,,,,,1154.5263724668557,1160.3667129161447,1180.6224143673467,1176.3274164106833,1187.4662389266182,1195.4275465408814,1200.2250133380307,1197.116787492961,1198.26643864367,1201.9326853456528,1200.8686049776443,1220.3572554516973,1235.4788125158334,1252.393247452283,1249.761740129543,1244.6253205193318,1245.7321674349432,1248.444274923321,1255.433299990969,1262.0585680637291,1262.4289737609047,1258.3029752687692,1267.4044604409708,1275.0698281993011,1273.6823706626271,1260.5895065659126,1260.3009053882965,1286.387904328765,1289.1121562094584,1293.0216264402725,1296.3538290560564,1306.2865671228187,1314.9638359116077,1325.8345443882463,1329.3975059826066,1329.4127197296998,1333.9997169716564,1346.8417936480307,1356.5808027326252,1351.6513441110162,1333.5413371620202,1338.8579470787126,1338.9907378602072,1356.6172700810985,1366.6766634194908,1381.521821387788,1393.695394165696,1392.9791584273892,1407.798997186455,1422.060739609024,1450.3871603077823,1460.683851553554,1474.1085273642755,1502.9091988205932,1523.0773230804507,1535.3476650217,1545.2013275413665,1574.1140971896261,1590.1909272521013,1609.9023302640821,1621.8354325134055,1637.6711557669983,1654.59877839214,1663.08754883244,1677.610754397621,1676.885402324166,1694.7686846252727,1710.4714330721922,1722.3333492742058,1727.6576591493815,1740.6504001482574,1749.8626455130407,1747.228967692963,1760.9046048857826,1762.2289661090301,1774.0214736397825,1769.3550652408449,1771.5292653003185,1775.942139942657,1768.207782323547,1774.1926517516467,1770.0672337122364,1767.8823466402127,1765.1422011630355,1774.0891064483046,1770.4093226978125,1776.2950638352452,1789.344846611367,1806.9078662012014,1810.126591434833,1795.25228318995,1805.6698984416248,1812.772374081085,1823.3625367116688,1818.1172715789248,1832.2200968324553,1842.5200182385256,1844.38305138952,1838.655280718659,1828.1720010024235,1832.9133967207367,1841.129882146005,1845.43366125441,1846.3910700752513,1856.398453468544,1841.6922978551725,1850.387450073104,1844.8203668973315,1838.914092795171,1841.94014552489,1848.422040148634,1852.9779776894168,1846.7681460465753,1843.7099056685763,1850.9677234739845,1850.919179913579,1842.9606719107853,1853.9251416122006
70698,632,29732,zip,SC,SC,Rock Hill,"Charlotte-Concord-Gastonia, NC-SC",York County,,,,,,,,,,,,,,,,,,,,,,,,,,,,,,,,,,,,,,,,,,,,,,,,,,,,,,,,,,,,,,,,,,,,,,,,,,,,,,,,,,,1256.1259733525644,1278.49651250078,1291.7222312805575,1302.7883841096057,1314.52955792856,1329.2003557227627,1347.6495173736428,1359.777323288051,1351.6672317163927,1351.439311506119,1342.1044554696232,1379.5929812879497,1384.7123014804693,1405.075241887069,1397.973158283776,1404.7500369365407,1405.447337269779,1413.049070070573,1409.3437067499433,1415.1189426316928,1421.2017586165873,1416.0847527062504,1418.1734444945942,1401.253467682547,1395.2702583905896,1385.4985856160138,1387.7638140188335,1393.8726423961352,1394.7165820760836,1401.969646729538,1397.5940736522139,1399.7364627342993,1410.8799802512442,1438.8356811157332,1457.2069500196164,1452.3684459695558,1442.7577636904996,1436.134423861088,1446.6974986825874,1452.0832451838373,1449.5903194379316,1433.4430226010688,1425.6453535803157,1432.317427294597,1439.4848129497075,1427.9883019042063,1420.037479118961,1428.9623467458798,1442.1758835179799,1452.3764581182916,1449.3793741350778,1445.6410307974857,1451.5160637446586,1463.1752810893215,1476.720183467999,1474.4120512146453,1468.293631959769,1470.7395604395606
69723,651,28110,zip,NC,NC,Monroe,"Charlotte-Concord-Gastonia, NC-SC",Union County,,,,,1093.7333313160161,1100.535291088296,1108.2236548387116,1118.3294517095258,1124.5574073686842,1132.8067813553862,1130.1008279618316,1138.6023746844057,1149.4161415443075,1148.5613355265484,1144.9136716304927,1141.4420558211004,1155.0979547831391,1158.103360204527,1152.811854791281,1161.1449480099627,1168.9501334863116,1178.0198490324537,1177.429126412568,1176.7907669056124,1181.9645955401422,1188.4177277536323,1205.776889251834,1217.299359606416,1219.1653727119487,1230.4682861632841,1232.6023807705647,1228.4189922892185,1218.958742896248,1214.3135069269981,1224.798868093088,,1238.4363149126666,1246.411603323795,1252.12450345409,1254.098829922461,1260.2277413737415,1254.0591874045158,1256.8386078294807,1255.4930130017194,1267.9322390079428,1272.0755436582122,1282.6135344285397,1298.9757630795627,1300.769080673164,1301.346227980353,1300.999041312646,1305.903644517668,1308.8107352599845,1318.543724486205,1327.398452490566,1339.0753259366295,1342.1841244372408,1348.5732770185782,1344.0943544387683,1337.581144683257,1338.1558100443563,1340.1152016162084,1352.7072041214562,,1359.5515651080555,1356.6714792716743,1371.6254825651142,1386.581951447164,1407.1223072223454,1426.865378830622,1446.2894467970311,1454.3086336215229,1469.0087766800655,1475.52672419508,1485.496009700757,1498.089581152168,1521.0034400294564,1557.2651747501025,1576.6904084266166,1586.8383485665495,1588.3153556964105,1584.1326027864295,1598.6452120923043,1619.5663555506103,1641.8125414873377,1663.9701199120682,1674.4042892340362,1686.1715760190682,1687.0035452984937,1695.529656222556,1712.7624513370586,1733.4780653638682,1752.8650377504955,1765.3657289281482,1774.7809617470518,1786.427064750116,1780.246151405815,1780.5837964152001,1776.670319536258,1792.1962082705902,1807.4112529082938,1815.7736946325792,1822.9159128442416,1820.6720938151402,1829.4203664827162,1827.9053376142845,1839.862563115374,1841.2059514581222,1867.2019917647792,1869.7199052172668,1886.9894889165098,1883.8027818258058,1888.5204809769161,1884.3424210000746,1876.6450986828083,1873.8857041599385,1878.6547416329151,1895.1977090066366,1901.574898849353,1913.0889300017511,1908.4282232530297,1923.7912309758906,1937.6448263138527,1945.511491420837,1949.864686932413,1957.0469117975547,1953.4844487115276,1963.0143306770008,1963.662537113155,1961.662499357535,1961.1150602697867,1961.1961830169594,1965.2620736651875,1964.1285220028105,1958.291938181964,1962.9613368888192,1966.8712967985052,1974.1210884799157,1990.982738945593,1997.3134057971013
69849,684,28314,zip,NC,NC,Fayetteville,"Fayetteville, NC",Cumberland County,714.2173174072979,716.9461824633623,718.1704921538125,719.1081212848993,716.4872273122517,717.4780911509303,719.9510215881908,721.9732266990577,721.5398417819127,723.2984891766977,720.7256111416546,724.0019771913346,723.4398978956449,725.2751874296315,725.596557539151,725.2545450397579,728.3682967420195,727.7244217267023,730.4661164899157,732.2810904720116,734.790289574476,734.9829959969319,737.8844263549171,736.8670060370963,738.7461969422085,740.734361622471,742.8718099282488,744.3807364115661,742.4594007495847,744.1096334850964,745.4457935976187,750.0836090692512,754.798474589563,756.9468129526502,757.3680303611717,757.706690539581,758.3224406746938,758.4139245430498,763.9723304288543,766.2031537351592,769.096119110136,766.88929962507,769.8051510048866,768.9412936415454,772.1512166968055,772.9280984236572,784.9188567254467,793.5125712676256,798.0508163637289,793.7055695704585,794.2240711527526,797.8041639169513,802.0869623394675,809.3926150108656,812.3139555008113,816.9174121327761,818.380803669503,823.6234074039476,820.5136885601297,821.0417801582277,824.3048616979413,834.8177209981677,843.3630063988938,830.7718900231627,837.6252613526482,853.500444672862,871.6037613518336,880.0535904877491,898.8325813164191,915.2579097761968,930.9534234243426,936.1896013961834,936.5899195538811,956.6234299832005,978.0349377498472,1017.926730288131,1025.3600419552465,1046.378032612844,1064.39393933423,1093.0938227900062,1101.9033536422694,1109.5622616443438,1123.879709479483,1144.881124729754,1177.2383229316852,1188.5818227879865,1199.8232235849189,1209.072549384809,1230.246793083528,1237.8484573913488,1235.692118758305,1239.144970919676,1242.2876626816844,1249.4206730167396,1250.9255885498242,1257.0635971622544,1262.4854523745767,1270.5034900467037,1286.2441417993025,1287.8794302491015,1294.9487433276538,1288.3895654397381,1294.6307676011945,1288.3533900962739,1295.298751830537,1296.7168683686816,1303.8629793930395,1304.7938651113357,1299.6665275400094,1293.4376284099965,1287.5579095002372,1287.9717154766295,1287.5747424782053,1300.7480964212186,1309.0353452726647,1323.3313221559713,1332.7780682149917,1348.7634140288997,1349.795172197576,1353.2622595349912,1350.1276227794028,1356.502602395886,1354.626226965433,1355.1804401568168,1361.4280670768235,1365.0436722497363,1371.5512431717464,1373.2707900172345,1371.0422515917287,1365.427155252198,1369.0924461660143,1372.3050430247938,1382.8167790416157,1386.3465965857922,1393.964670134612,1399.1491183462258,1398.1402795207239,1395.0928612993985,1389.6426977318467,1387.131566107438
70016,685,28540,zip,NC,NC,Jacksonville,"Jacksonville, NC",Onslow County,,,,,,,,,,,,,,,,,,,,,,,,,,,,,,,,,,,,,,,,,,,,,,,,,,,,,,,,,,,,,,,,,,,,,,,,,,,,,,,,,,,,,,,,,,,,,,1184.9553321283063,1214.3836865463006,1190.9181610498954,1196.9403231861609,1206.6150322288668,1217.9133546145965,1231.572073041072,1246.3686590550294,1260.5377203345795,1260.448310989954,1257.3272446471558,1243.8624676906413,1258.6716322428135,1256.4919984506782,1266.0637424369265,1259.3395869054102,1268.3942247958223,1277.0556649750486,1291.9893435371803,1295.6931475215101,1289.4250606566131,1286.9704425848633,1298.0144506348179,1304.5987505452933,1310.074931003863,1309.874404741173,1328.449600940495,1329.4162519467336,1334.3466848641276,1328.1577246916304,1340.1536599134197,1337.319699168895,1348.1792935840458,1344.7978395529349,1347.7520763687785,1350.2227760880169,1351.1207668950487,1358.948420559439,1356.889571763919,1369.602129702503,1371.585198582032,1382.0131014247881,1375.8319735730865,1385.7630612853534,1390.6930004406863,1407.8366747160335,1415.149074074074
70576,692,29588,zip,SC,SC,Myrtle Beach,"Myrtle Beach-Conway-North Myrtle Beach, SC-NC",Horry County,,,,,,,,,,,,,,,,,,,,,,,,,,,,,,,,,,,,,,,,,,,,,,,,,,,,,,,,,,,,,,,,,,,,,,,,,,,,,,,,,,,,,,,,,,,,,,,,,,,1530.0770667081229,1514.5533273663957,1508.7196142449175,1456.2439695219045,1479.4758699117233,1486.419625594942,1552.5764522977306,1565.9857946517213,1584.3756467739256,1564.6050615257707,1557.86383333407,1573.058033300031,1592.9606132401432,1613.682791932868,1596.4758474606022,1609.799402587868,1582.7968213445392,1600.0946234821026,1596.9645746439605,1607.0254076022752,1629.9240514500625,1631.8758159259826,1623.3319466812206,1607.555437799275,1597.2880845663321,1608.9785937950426,1613.1083514500672,1623.7087511675993,1628.3344759285374,1646.2417511371725,1632.4168150427115,1630.1388362365865,1606.6380110673292,1617.7126291343486,1628.8223158489739,1638.069503698256,1637.5572047157602,1627.5864574157717,1636.9017160864582,1635.639492514859,1641.945256377938,1622.828197945845
69555,694,27858,zip,NC,NC,Greenville,"Greenville, NC",Pitt County,741.6085156700973,743.1492663180117,751.0392066761196,746.7078384371722,745.5976049496963,755.5990700911077,758.3805684379626,756.3264083096359,749.7101138277638,758.2391910349626,764.4206341966062,776.4140969199988,769.7979788843145,,768.150455305752,775.9298415794341,786.1139688491478,780.6029952498216,783.2117957768968,785.2532460287933,792.9882911009444,790.7836258066482,784.446503072909,785.2717580364998,792.4132065196198,803.7102274549281,804.350619658296,802.1444730536272,799.196844024578,806.9995952707455,812.497242302403,821.3678138488411,821.7313710317278,819.8992623156682,824.6017103628927,825.9311220520487,839.0814579031835,841.6657375055187,846.7676401199237,857.9436985090102,862.1500589006602,861.2625341964855,861.758330015963,860.1965832980252,867.8098172374795,869.1839567612676,866.997010943394,867.476160540411,869.4268063229143,884.0673154285445,888.4755280509181,888.3776100619403,893.4544874471704,899.9336931550631,904.9372536324096,910.0700378235207,911.0426399392816,919.5400924646743,928.2850654037547,934.7696426479882,932.9941770741633,925.3250603400302,933.3868103953475,942.2819383812346,946.501455938063,938.896482069731,939.0416490315491,940.7729515484773,957.483582546198,965.9986106344732,975.42021459161,980.0311480372326,982.8667002520947,1000.3750584785574,992.629988194197,1001.7054807639464,1005.4660223222382,1042.2426995369904,1050.977248108118,1063.6866612765282,1060.6857809724577,1066.39635320638,1069.516747541865,1077.1462555233622,1100.2947467105448,1110.999282501679,1133.101374083792,1158.1821896420472,1182.501700532568,1190.1376437803808,1191.5249020574258,1205.8980143591557,1207.6733792918521,1213.8074777435697,1215.9837225347515,1225.4182199604475,1231.6047602798099,1239.1898562492884,1264.806787133638,1266.6002762003527,1279.6082604088097,1267.7911231052808,1282.5111243031206,1278.426130138385,1299.6632602630627,1299.0723498671257,1309.2151581407863,1318.493555838172,1331.0566878760671,1334.7215886939232,1331.3886861291146,1332.9901093739538,1329.8709669778732,1341.6035167230907,1357.8252191912125,1375.6626221703066,1378.036894927334,1376.743887982681,1391.5298465536544,1390.215304466455,1385.0621193629515,1372.79188348241,1379.2141462315315,1383.682949696251,1390.4006162994979,1399.3719287935166,1400.224703091707,1403.3025371376305,1405.1533971695799,1419.1566756272907,1415.9510317030397,1423.479942318255,1432.3034189380617,1451.0639019831415,1454.0516176703034,1460.9899295036978,1465.8914148974634,1467.3482879240723,1467.12272658931,1468.0045454545455
69335,704,27405,zip,NC,NC,Greensboro,"Greensboro-High Point, NC",Guilford County,,,,,,,,,,,,,,,,,726.8409962192675,737.5916233323601,742.1758257261371,743.7734053108711,750.5396745035057,749.4311250794418,750.3890194670568,754.5810714283934,761.4536661448557,767.82161885418,769.4236026366127,772.7408364390452,775.6936752785826,774.2193353215073,777.1869610000379,776.8039545588292,776.1842140171465,776.6109548536532,778.063986028364,785.2416347584996,787.7954508719097,792.5833936952962,788.994445420503,792.4926504157208,792.9124861427507,799.0001154320843,804.204669549697,807.4387990414148,809.6216519157726,816.2314421016356,825.0345821494028,819.3530945048465,823.7619260988081,820.3018955925397,831.4669911045804,834.7288847596733,839.78923597713,841.4352557479832,843.1454883766271,848.8168088366665,854.4691062072931,857.9371559312806,859.0425341753594,868.3485634057932,871.9251176105236,881.1429682008783,872.5546785022538,881.7529725189288,879.963789114277,896.2026018524878,900.1562696942507,910.9121857762517,918.3529345624341,933.0116883848771,947.7670640834306,951.5184266251968,954.769212284588,957.572078579177,976.2251164934898,989.6390926922373,1006.6279634969222,1011.6026588045021,1031.0249144897216,1041.307130835554,1057.5329908343654,1062.1039555500456,1069.5339661577104,1081.4398927779284,1096.0711471828363,1109.2455214804731,1112.2145348965012,1109.7318563441195,1119.42635749337,1127.9420818635015,1144.0166463207534,1157.06060023468,1173.4559316468635,1189.3038525357886,1194.893232213844,1193.1856330427086,1199.3811289603198,1198.6339292127636,1202.4230411291703,1205.8811185440693,1210.8535082290373,1221.5260878383644,1215.6831225886401,1219.7591627976867,1211.4501921270166,1215.4034389063731,1214.5803336979254,1226.433795938484,1231.243851657666,1244.708614490727,1251.763529416371,1264.9577246000053,1266.395702970408,1270.5755022682345,1274.8012076460254,1277.2225161207361,1277.211477503552,1280.5420659719116,1287.6637635174145,1292.4562333003366,1286.9836448591182,1291.8489127731477,1298.2756570944764,1308.5602017966776,1308.0436325269905,1303.9279130108644,1305.1328863725541,1306.8864732325321,1317.3241373893459,1319.7166002667536,1323.7980173219696,1324.7660178577262,1335.7327630648088,1336.2037705922967,1338.5993013532927,1335.5949318147198,1346.5803114522496,1358.2828964181335,1369.735979469856,1380.1504761904762
70105,714,28655,zip,NC,NC,Morganton,"Hickory-Lenoir-Morganton, NC",Burke County,,,,,,,,,,,,,,,,,,,,,,,,,,,,,,,,,,,,,,,,,,,,,,,,,,,,,,,,,,,,,,,,,,,,,,,,,,,,,,,,,,,,,,,,,,,,,,,,,,,,,,,,,,,,,,,,,,,,,,,,,,,,,,,,,,,,1271.2858946781564,1319.6162628853606,1373.0922427844068,1407.0158680419993,1398.9334932745367,1400.6069887585347,1415.6442233773855,1442.9192194995903,1475.0
69533,755,27834,zip,NC,NC,Greenville,"Greenville, NC",Pitt County,,,,,,,,,,,,,,,,772.4453400792755,777.8176266411108,778.992335426158,778.3546443613983,780.1864473719792,789.1106014371928,799.534422140849,799.6642369901011,803.6837170459921,804.2298144661077,801.8955311711177,796.9009195906989,788.996421631516,797.7024996572718,806.0169089555767,812.9442317090133,815.6178956123235,808.4137444389171,806.678835806369,811.8571500903763,825.2713719053813,836.6344602744904,838.5909539152952,844.045198820483,852.244863817045,862.0780895297166,852.9183001823216,842.9758319084876,849.724676757972,861.8821116630828,899.7724828409285,897.0673007769332,895.1490868482709,875.8424577046621,881.6570746604228,889.2243980322565,894.9125624092795,891.5453085498067,904.0221058321692,918.8674481278991,922.4679469257885,925.7516640053266,905.8597643231071,916.8449475913319,922.9974625008152,944.5956661484449,953.4416566085175,961.0427712592736,973.278795655881,970.8191475440003,971.8122323448488,973.5184570913113,981.0234525687061,980.8721230099015,988.1880240652805,979.0821097023467,997.3385433604008,1005.1273973219432,1013.9375607328793,1015.665529350347,1023.3864736525653,1041.4401035178541,1057.9890857040316,1055.9460964256227,1061.648648036125,1078.5229301029415,,1127.9521215129796,1123.336835088961,1125.1186706363717,1143.9905379870956,1168.0330542026643,1178.436121502822,1184.666854575224,1190.4637883509595,1212.145319675402,1225.9652023512592,1236.5400665136724,1238.2180011098683,1251.037824328976,1262.7764153074502,1276.2473121566795,1272.925475707339,1274.5239527086605,1272.216666357238,1284.0437233027053,1293.8830590463588,1306.5775565751067,1310.5996484696661,1314.1497912123214,1308.8432072173805,1317.1775063951134,1321.257351722093,1329.5109890055305,1333.8823033627825,1338.1627248253449,1343.2206707343728,1344.0709312020927,1349.256477077812,1357.5164550293212,1366.2945222688622,1361.8852517248579,1366.4446715248343,1372.9634824300229,1375.3461903092345,1365.333598927078,1359.1196491505907,1368.9858380385476,1375.604081694207,1380.3501293498366,1380.2870242107472,1385.9603035328664,1399.9682603207782,1412.2100854006135,1422.684732864606,1421.8307259814212,1426.4693074335446,1437.0736952510301,1448.9012839277004,1445.8430594721979,1445.2604896893429,1444.515772751004,1444.8272820065217,1436.9066267300284,1423.2188905547227
70496,797,29464,zip,SC,SC,Mount Pleasant,"Charleston-North Charleston, SC",Charleston County,,,,,,,,,,,,,,,,,1273.5776652310083,1289.4351996369608,1273.870947992726,1284.6153040507668,1276.7760892821175,1310.253416821286,1296.0606583835472,1327.1502634673193,1333.987091637795,1350.7033400426292,1344.3929468761337,1338.755015114612,1345.1303976982063,1337.2793213376349,1335.923327839393,1336.0021588024422,1349.0477807735517,1342.1857132789546,1358.222294040688,1352.7219572087777,1346.5220277985843,1326.571414262577,1346.740543416669,1361.6263421005672,1381.9101499251688,1379.8185726076294,1393.7159309513559,1391.9026365799411,1382.0822042095185,1388.0073615550505,1389.406188897392,1404.8487135715511,1412.8821307894393,1428.5478502826923,1426.304964518791,1425.6653161675367,1418.7226695451052,1430.9345036273714,1433.4580742897108,1442.5757994796202,1455.272057154288,1457.0211021543917,1459.6803029507553,1452.899145547031,1456.9204816687463,1460.3843247862699,1475.9998157783023,1477.2096678459266,1457.9221030318563,1450.1230979464535,1447.2148507213712,1452.2864639099546,1462.6631192248021,1484.386486204742,1491.7609882451977,1518.5310712108671,1541.1296217532006,1581.2567143201786,1590.4694872445637,1615.6864985463794,1650.767736641155,1695.9740051897247,1747.1137815019238,1802.4008846759393,1833.6247655106508,1850.1351542918785,1868.5286376281458,1881.4245156421719,1902.9651304058257,1911.0321831280846,1950.5287697710014,1994.6612838308474,2020.5907144369623,2045.431724982356,2059.034761990798,2071.936669457987,2085.962476327475,2091.6124188953763,2106.906911828535,2117.323892115144,2143.530060101865,2155.4484295218294,2177.2230989619757,2170.8330956746076,2194.6636891749104,2189.9310364147227,2201.6301847675713,2199.805599205282,2203.796588105264,2217.598479617265,2228.2177541055025,2240.1020489177567,2230.913436051211,2230.3510940678293,2233.491917607829,2240.2568734434785,2234.2230662051206,2246.0602875837358,2248.7522586630093,2264.710594296074,2275.303045411588,2280.7562705149658,2290.6594947921326,2286.317988393491,2305.230801800745,2302.42037182118,2309.7374647992265,2319.050913436573,2331.541309855142,2333.1283551526776,2313.1261777528825,2317.6704739471224,2318.8930476860805,2321.7126703322215,2320.6980325461386,2331.4212152767564,2331.249456349525,2347.14571338087,2350.791527876595,2357.3042168838588,2362.7530504406755,2374.3459813301733,2404.7882231574235,2413.8634333449177
70295,801,29073,zip,SC,SC,Lexington,"Columbia, SC",Lexington County,,,,,,,,,,,,,,,,,,,,,,,,,,,,,,,,,,,,,,,,,,,,,,,,,,,,,,,,,,,,,,,1270.5690695087046,,1289.5401260713074,1308.8593821152047,1313.6432066371815,1314.4189954743379,1313.4586366134565,1321.343357959828,1335.4314675237233,1336.4718123151679,1352.4860068855505,1354.1142575063375,1387.6813629518601,1401.1151565112436,1414.287657457558,1409.7306700415982,1417.8607376708487,1440.0009518789157,1477.5117341208293,1492.617439245375,1493.260136363962,1500.9501890986853,1511.8720846614262,1549.1258201612475,1549.7633016517639,1562.3892252330643,1559.541722087134,1573.4410505297553,1599.442586444729,1603.2100036450038,1600.3338760032243,1608.9897040764895,1645.0489461327368,1675.0881317186727,1678.8522140649804,1662.2618413670154,1658.316039046032,1672.6131348902875,1689.9138952176456,1694.092240909888,1687.884957632051,1704.7376336077828,1714.4723049769873,1720.5728742050715,1705.9617814866047,1704.7403623358218,1725.7887625338728,1738.1642480997098,1758.2407864630325,1750.5550141157237,1759.4724312680323,1775.5290753537806,1788.4942816801217,1787.3382834507054,1788.2438195902728,1809.5227623931412,1818.5567777254853,1822.6046593470476,1816.534096247406,1830.7342142361622,1821.6213628727842,1828.1974431630867,1839.9671912450121,1859.3951170698135,1860.1684789390838,1847.161104814842,1855.7162671545611,1848.0864370261106,1854.6208040774966,1859.1842820725303,1865.53337504821,1863.7914027297095,1874.4458823437883,1882.2061246924495,1877.3165129869917,1865.070864648688,1870.384419483321,1888.8090909090909
69340,834,27410,zip,NC,NC,Greensboro,"Greensboro-High Point, NC",Guilford County,,788.2908849789641,801.6403959859424,811.7699765235137,811.6117567197493,808.2038245916992,811.7719766192768,812.4404690335709,807.5253086394442,803.6488327505241,810.6985486279117,816.3846242923213,820.8801562029715,822.4839270407565,818.03113865148,809.1153137660881,812.4393136410384,814.6770401317358,818.209382244238,818.6203105087837,831.9246588336301,834.8480848767946,837.3950428688914,832.2137121516773,837.0505789519802,834.5197521647519,841.5570452112718,844.5426105953603,847.6625002075272,846.3117244326281,850.1130916517062,854.0232473686369,847.5957323745674,852.3320426128163,848.0202947566385,856.1217993712058,851.3008501150483,859.9704387195555,870.6087773291086,873.7482631072265,875.5385464469996,869.8217609201826,880.123341602658,883.2065926783641,894.7321929321736,894.4031456319307,902.0365812160434,905.6018836937369,912.0192295006085,916.6295504772203,913.1301544684864,918.7287126684431,922.9158099096098,935.718413289806,932.4721920736566,935.6499043418672,934.5555476814475,939.2370107643717,941.7890467143591,942.620518357803,945.5344744375309,944.3964887247736,962.8804289568595,962.9202591061344,973.6307652707038,975.0439828388553,977.0464673674383,985.84134474768,1002.3270181941582,1017.0159951560905,1004.9173159467853,1012.3675165993901,1015.2520963034076,1039.2731466452422,1044.1599037801893,1050.1504428170865,1050.9528958985104,1049.637921877153,1069.4966380006388,1087.3879893079436,1110.231592895545,1130.976383966201,1145.762814916214,1150.5028805777458,1154.3321261958185,1151.916502136463,1171.8426090414484,1193.598494653162,1218.4037089594428,1240.195258125444,1246.4543307210402,1242.234404960714,1227.8831060737532,1206.7752350863068,1221.2762039832562,1237.4602893451654,1253.2628749512412,1257.3609327767963,1260.4670846687352,1269.3535749963787,1272.4543985726891,1277.7680426936206,1276.7241812571847,1283.0274358575623,1275.1635738658451,1285.0914347229952,1290.3524518132274,1294.6770034945405,1302.000782105584,1303.4335310455292,1312.1345778546647,1309.013165867315,1309.59787221341,1308.5664122689577,1316.5708950523654,1328.4585681089623,1350.2591975989142,1359.1521057129833,1364.1803447782365,1372.2288807956263,1372.987248941017,1368.9061486489638,1349.1078936020551,1355.6055934727976,1367.685898159161,1380.3748795010038,1389.129126163794,1384.4794080974602,1384.4076969979767,1386.6864900325477,1386.3828230734778,1384.0463225287865,1385.5847002800485,1396.1588457571681,1414.2718117015663,1416.4530852453768,1413.027283441311,1409.2151825001822,1405.4830824313237,1408.4979166666665
69779,839,28216,zip,NC,NC,Charlotte,"Charlotte-Concord-Gastonia, NC-SC",Mecklenburg County,906.2111680115904,906.0718648875022,902.5959788229713,900.0084663180676,909.9451785969717,914.5620455064094,915.2807336372625,921.5738691460377,928.6864360267708,943.1486714636778,940.7676972405902,939.7534845523832,938.0304479688216,948.6372065766425,954.6442413285517,963.9801400833425,961.6563211144785,966.1606918240444,973.0503648692293,981.8177391139086,978.4925817137504,980.682132620331,988.2664366376057,1007.7365133079365,1013.635933652233,1012.754564478699,1007.0873288195197,1004.4795722748163,1013.9786882174122,1033.292687717464,1049.0916323599279,1054.671499885148,1060.6084375625408,1060.3249716863172,1064.6210748225792,1066.5511634983052,1076.7546280031509,1098.2446459626165,1101.1432361055356,1110.8675899046323,1106.0931786253561,1106.5457104147833,1099.7471077572359,1105.2381031478064,1111.4913105468765,1126.7961308816268,1134.7091910782933,1133.2965210099069,1145.8409123875151,1131.4578811919139,1144.4626341295743,1149.7449532304583,1162.0210312431625,1163.834445020514,1172.8560055449134,1176.9732874171007,1182.949768157507,1183.4761905966689,1186.847611758164,1196.1859314077262,1193.4103623190424,1207.1224900477143,1193.399742520919,1197.245432036966,1194.3119080708814,1211.1572054478872,1221.8925244488314,1224.723153490934,1235.876553505309,1256.295914925312,1278.7735652786514,1288.1482717786978,1293.634022079704,1299.6383127379004,1314.8236747458766,1335.824219202973,1356.4845206527023,1362.4986736912178,1376.0979846795033,1408.4163907916607,1436.5642083933678,1451.5549058423273,1459.0031892007912,1468.8505730058482,1487.386550942572,1499.856961231662,1511.655409932299,1518.7592068810825,1524.131509645234,1549.4433770019166,1554.208844541543,1563.142118530316,1555.4987808731175,1566.5033039894315,1577.4685925697247,1588.6857100636862,1603.8025081519127,1604.6617077320618,1617.8408636797362,1605.5706191494123,1614.1406977659162,1608.629965181521,1620.5375281154363,1615.7495808939696,1617.909921119583,1621.9837189837683,1617.9161954441774,1623.4120443370073,1608.8112970977693,1618.5892763729041,1600.4740832190137,1619.8458950339848,1618.0915753713682,1635.1215842842162,1644.9762397808915,1663.0877077987275,1673.8611101474235,1683.3592043297979,1685.961519536534,1695.1570615625003,1693.9211496461828,1691.067559786432,1691.7779663378747,1690.1475195499384,1699.3584379768986,1699.3202517765708,1697.5193621607616,1695.3806185052374,1696.3008031122733,1693.929227778332,1700.7603887822213,1697.5473646116761,1710.6137679750962,1715.6932374587689,1729.1181571133238,1730.7298637123765,1730.322899332092,1729.849508388807,1731.536133765641,1733.0161306947023
70758,897,29910,zip,SC,SC,Bluffton,"Hilton Head Island-Bluffton, SC",Beaufort County,,,,,,,,,,,,,,,,,1156.4107169823083,1169.3605305785431,1180.7910795023824,1191.059332312329,1188.279756366116,1193.3538021283011,1196.1816237262,1213.2858667167336,1209.6471407404024,1215.8082801970647,1212.6959322355256,1214.055128797682,1221.1826268263214,1225.0077900360563,1227.4344089038145,1242.8553869479408,,1272.3877439201742,1266.4577213178031,1274.4110066255707,1272.5617405759294,1282.2879100947919,1286.7468546941182,1283.6127457054624,1278.2684958668553,1279.1264035950187,1288.8620335696617,1290.844813614124,1289.1869030261123,1281.1631875761186,1289.2407422583392,1299.4454158829105,1310.05058804761,1315.1311169900002,1323.9949097780743,1337.4962168569407,1347.8950223874185,1353.1059269351126,1351.942611168652,1350.2097745698643,1357.2882046569846,1360.3587091149084,1364.338459161685,1356.2339360287342,1355.7183522725259,1351.3602631727158,1340.9624718856887,1347.3758618512293,1339.4357866498665,1350.9630731490822,1348.1520722106332,1362.2110191926492,1364.8283923262306,1382.8010724608034,1390.908202934023,1430.886454010891,1449.9536639225053,1467.9779020519431,1467.5571227205592,1472.876894128126,1495.460071947707,1534.2295779523606,1589.970309724848,1645.3203141268998,1703.48076070251,1767.1456687264163,1819.6944292326252,1816.086215892743,1841.9096616696452,1853.6196955830792,1907.703328509046,1928.1985095178488,1965.2407751959945,1981.3443671632701,1998.5629574664767,1996.9669390028573,2002.5096203679661,1978.1710328932118,1969.65829798935,1967.0515309996092,1965.1644661617102,1980.0588552658492,2004.9241654567975,2033.0121018491623,2043.6281733248352,2040.4231156742383,2034.81989915814,2048.6788612312876,2048.6715345847406,2047.4426161322358,2004.978834428278,2019.7662741926877,2029.8297020219723,2068.5983815452673,2043.822003928363,2054.6404649221813,2048.464376273952,2057.5870498055847,2045.0043746734948,2027.8562762975669,2019.306319653004,2020.8678707584543,2047.230238757662,2065.9092505810813,2066.684772363728,2030.1299168859812,2009.3686964171102,1988.9886640274442,2009.386886803652,2020.6544951801975,2043.5622580046895,2046.625917548283,2057.147661956913,2064.983286424625,2069.072090238978,2052.0071824932265,2049.1162832066343,2057.2921238227323,2080.237067312833,2086.7072069740566,2072.010768448377,2059.980861166844,2048.9656246093004,2051.060606060606
69813,898,28262,zip,NC,NC,Charlotte,"Charlotte-Concord-Gastonia, NC-SC",Mecklenburg County,892.8085679479967,897.1766057007626,903.8580976612092,907.4159459221809,913.2068477319923,916.2171202055044,922.90530439003,919.6364782687732,926.9089512534346,921.3754141791285,930.961944643963,934.5617805879499,949.5286140277466,949.6513148402779,944.816063016161,947.2030486547201,945.5260290969318,973.173334409209,994.6660522267525,1006.2893316117924,1009.1809441818996,1002.894051008261,1002.054421248445,1000.9470808547858,1008.6271343168307,1014.8994554324164,1022.8290833406403,1025.044686605614,1035.7911125875564,1029.7727726414498,1024.7073280761665,1028.5682695480418,1032.9638908352717,1042.073952310522,1056.5142268397922,1059.7778735807174,1062.02765380322,1061.011280406736,1067.7926343332763,1072.6910389499196,1078.6911773435136,1073.1065132571682,1082.1860658939038,1090.0202516400418,1089.5180314537379,1079.2932406103491,1080.1750884534172,1091.5932362102833,1112.321854470772,1121.2411327993068,1125.4543040128106,1132.3346676050407,1134.4246374377626,1147.3293376010672,1149.404310395212,1150.1620291772178,1158.6059484266189,1174.2991699573042,1176.4185787356323,1175.3818543657126,1164.7114273130517,1165.5103381159834,1184.9129472439868,1185.0954456427482,1190.448332133022,1183.264508518297,1189.821925490457,1197.6482530771927,1207.9944244510068,1228.434518516792,1248.3427067989005,1248.3906249220968,1253.233666354816,1248.7882063957793,1262.3266320623802,1282.075164582357,1306.292371543699,1331.3159924296485,1353.7304086902268,1392.2873044428836,1418.1879795871062,1422.5487437026147,1425.32885502791,1448.7619893910205,1467.9178356071382,1481.5348140492833,1484.951033749638,1496.4474178858186,1505.078125450737,1523.731990614881,1539.2515692241254,1535.595561231976,1530.4394790339,1528.0266756092765,1539.462364902989,1548.2978493550286,1565.592197652692,1576.5776105300176,1579.3215739043624,1572.9626671799806,1572.3824120323338,1567.7476128247515,1565.987482059602,1565.7370504972755,1565.3814814825837,1560.6930484277182,1557.4890036882932,1557.3474324806136,1551.9306214064516,1547.494489880769,1548.9075738861825,1554.6725342075938,1557.2725485344522,1554.4964677245275,1549.9139263600528,1547.6625753382032,1540.473974946554,1540.1432414531214,1542.0021851920246,1545.0275109628662,1550.4599481962962,1553.8236553330732,1557.2826443500458,1553.7653676312889,1547.694582489487,1545.2247789739938,1549.212452020014,1552.3522054685945,1559.1786921166215,1562.5399395927502,1560.6821829676314,1556.1235463990654,1550.6117474364266,1547.3433694633118,1543.117074554652,1543.5046654012008,1546.1371547543683,1548.8519143607748,1546.7261824050038,1544.039152488218
70377,914,29223,zip,SC,SC,Columbia,"Columbia, SC",Richland County,,,,,,823.9145109236578,841.5024553682067,841.7307721030472,849.1835832687595,841.838546065564,848.0716939173504,855.750392143338,861.0234645970619,854.5124209334431,843.7255438031843,855.571143033752,864.4775968894359,878.6669660717973,864.3302721912179,865.4960237318278,860.0904704296162,868.7107452477231,872.9518755831584,876.4293813655673,870.0614675734888,878.0375938769074,882.8474006426821,884.1750488006492,884.031017132441,882.5800804521383,898.3136551275761,909.2218920904022,913.5122022532581,908.702290560493,899.7945554445978,908.3934708226643,914.5835915164237,918.7786180155495,919.2074160103455,923.8205428851047,923.0950747470946,925.1648454719775,917.6384448403659,917.3579115514347,919.4639199214356,930.7863828931187,935.8671672702974,941.841534254008,944.0933469279344,942.4181753831024,948.4004343491878,948.1708132628092,953.1431498228494,955.5936682297446,961.9850192560051,962.5015269443762,965.3609406341063,962.7014995614535,967.2091591755129,962.288487559181,963.2936092346716,965.4436377311399,986.7314189428497,1001.0131680996758,1005.6545111178782,1007.8909351950201,1001.2805245675883,1003.355631894049,1017.7753717262418,1029.142618184418,1031.8454552965138,1039.6028011682333,1048.2552437152167,1061.419590548406,1061.7169385753716,1064.4030598707507,1070.04812371574,1086.2573869423452,1110.2018768597304,1120.3934743132454,1127.5846823711229,1135.7640522883107,1162.7744036614179,1184.9435554741606,1194.9259954834927,1196.7887654738104,1203.2970097383395,1211.409638875708,1223.3263134885144,1234.6250743933585,1250.9773725208279,1265.0514883346825,1275.6813430445754,1286.6009495916112,1283.9471056843997,1274.690285362758,1263.622800478006,1276.2216588090162,1297.775888036729,1312.228765228783,1321.3658332831028,1325.0519373261882,1330.5886986705207,1338.4599847745828,1345.6216946097077,1344.293414584915,1339.7496219226355,1352.673403723618,1374.8939852201572,1380.752267752101,1373.9167390742389,1376.514347578739,1385.6018343904857,1391.0174799116687,1383.9115009379636,1384.0672374388091,1370.3579957237148,1373.3986042936237,1385.375022944094,1403.7560051855644,1413.690858533326,1422.835198056031,1435.6472497719246,1442.3844449817286,1434.165272163715,1428.3037943984532,1424.6548005942661,1428.2717145433094,1442.4934638218992,1447.9419727284064,1450.2966928907933,1440.671711923955,1434.1169418246552,1431.8400102420026,1431.2233975647862,1432.6294368050667,1443.5057354332694,1456.043948972497,1472.8721184252634,1480.38413480685
70056,928,28601,zip,NC,NC,Hickory,"Hickory-Lenoir-Morganton, NC",Catawba County,,,,,,,,,,,,,,,,,,,,,,,,,,,,,,,,,,,,,,,,,,,,,,,,,,,,,,,,,,,,,,,,,,,,,,,,,,,,,,,,,,,,,,,,,,,,,,,,,,,,,,,1268.645112599344,1254.9034363654953,1264.9313148943152,1294.5826663340517,1306.314550133451,1328.6110754894526,1319.2169175170561,1319.0108244715348,1313.2991416513419,1322.3437790943458,1313.776359658143,1306.3605137387517,1288.183594237466,1300.6847340995373,1302.8984358184327,1309.6025645706243,1317.6948784485076,1314.4812271882818,1322.7748019877477,1336.3817747343974,1359.0490731488765,1369.7653088990076,1378.9509542035444,1377.596596375442,1383.857572002962,1388.9742405197464,1398.6900635126935,1395.871210347336,1395.5270102609088,1399.3785719671607,1409.533173592697,1411.3604938421145,1405.7438948347547,1407.5983100059293,1416.416975651334,1437.1353847322382,1454.915305369641,1461.9583333333333
69210,937,27107,zip,NC,NC,Winston-Salem,"Winston-Salem, NC",Forsyth County,,,,,,,,,,,,,,,,,,,,,,,,,,,,,,,,,,,860.480886545502,859.4370084978054,861.3184530979173,860.882845242923,871.2726237678455,877.6821621424289,880.8717426679358,878.5542140194781,873.2519559817723,889.1578765605184,895.0810322616883,888.8424879509702,880.8646770194301,883.2027684999852,900.9738828603585,908.0696656821393,910.8132705420533,906.7475896906597,907.1120783963469,909.7846642434345,920.5519466914192,916.5987874721972,920.491536829717,930.8536680445626,942.3521178393848,946.9004234160767,940.5151221001029,943.2085361657275,953.2525978593794,956.9965817648942,957.5129208916082,976.9653013658691,1002.8946992702768,1021.7988745086493,1032.9952147056267,1045.8285234382015,1043.124439785811,1041.209883111192,1036.6787514397734,1043.3293026407275,1055.9942381769454,1084.049699569322,1114.6941113010384,1130.292983847177,1122.1991339029182,1126.2737004126911,1148.5803054100836,1168.4473328304127,1190.1291794286067,1196.273336405964,1205.3759344845478,1218.9552603913721,1240.0891164633283,1248.6455251143104,1243.9518334620805,1249.643820401464,1272.9717937314356,1291.469519429035,1294.7379875583692,1295.1192192036278,1306.191624189488,1313.5187222095483,1333.3492564977432,1338.6080384257134,1344.984316826065,1334.9898579850567,1345.3235029054708,1345.6811392870345,1356.547352529075,1355.5423868038567,1365.0216081421647,1361.560647207576,1364.2580883558505,1377.9164315558653,1391.0595663112992,1405.2273467305226,1397.3275361980968,1402.839650424954,1401.6952015309682,1419.1225509480435,1422.7729571184539,1435.6061581724798,1435.8746730514888,1454.9417682662402,1463.3143616666607,1483.4135895797538,1488.5986178776632,1490.402090844035,1507.5781386138503,1520.0909569385342,1528.4011999830539,1511.0608065345357,1502.6959943186062,1519.8139865434296,1528.1064095728634,1529.1485725597577,1533.3162394497153,1524.166909266966,1524.480877975387,1530.1220297532786,1534.7859370640936,1540.322146131155,1548.5966461281876,1568.6379627682034,1586.3715620210423,1582.4679487179485
69768,942,28205,zip,NC,NC,Charlotte,"Charlotte-Concord-Gastonia, NC-SC",Mecklenburg County,909.8919341332503,916.6199606294717,907.8858764544749,919.3537609317464,937.9685580821506,955.5204258613849,964.5100731937441,968.0865962994568,971.7250824711944,969.4116686578379,982.1426529257512,990.4070161481202,1008.3023549033209,1020.6945119672184,1027.428928351182,1022.7852567921457,1013.1361943449227,1010.1224292452081,1014.1659977578928,1020.7323312707024,1031.815624755604,1052.2687675811164,1055.822363352525,1059.361402632075,1055.6920447463713,1059.7916789228232,1077.5316696305763,1100.6021239887168,1114.632471971717,1125.9286685483366,1132.1937094778725,1134.398411884317,1136.273793017398,1126.1637481370994,1137.2445412326272,1152.8468989202001,1173.7645785992422,1178.9626019578716,1170.5950055802523,1172.0963788313375,1186.4741980688227,1194.6892433268958,1199.4316221713407,1208.3742324286636,1210.5290679082689,1219.10576914667,1229.2997077680745,1229.4024350733848,1228.19613106644,1233.8887911325671,1245.1894989550249,1247.8357059535963,1245.8015003644311,1248.6790516662757,1255.2826679955963,1259.9046405286292,1268.6408782006756,1276.2905851486157,1274.7894396595943,1278.7749194727544,1282.1111093522504,1286.3826692206073,1292.702819369104,1300.009266252156,1309.7189559369956,1306.2704979115663,1302.9195683122148,1305.9385254084675,1310.6856757646744,1310.0963161988225,1317.0686219664037,1321.7064462662477,1335.805674808592,1344.0019397774727,1364.9122482773143,1379.4089152762092,1391.6380314323314,1408.8870868558508,1430.6858005268325,1452.310307718061,1471.4481472410744,1501.8485042965415,1521.7227431172075,1555.9232867506826,1559.8491672170678,1578.443274526056,1568.89963466801,1584.3211668550173,1610.6947649993065,1640.3979097125095,1659.7501906080859,1663.9869162759787,1677.655296352019,1680.402387782527,1691.6825833594837,1695.5480842575869,1711.7269843631007,1713.4681750776472,1726.3317362064652,1731.6937191942097,1729.6874905791656,1724.8556243374142,1722.2336760363687,1738.268094392601,1739.7138523174654,1746.9077984536043,1742.267728717214,1731.1430921601814,1734.066918774767,1731.4244568284346,1751.0268561197008,1742.2110916057397,1744.1662640510817,1739.700956495077,1741.4946597617845,1742.765393691943,1745.108856831578,1746.588180824418,1736.6242093660494,1726.533038247618,1720.2211938171786,1732.8471287641119,1737.16240687937,1744.611079485486,1749.3204392843786,1756.179163550438,1762.8629632911718,1742.9834376608817,1743.0137735142077,1742.2668959620682,1753.8761820816123,1769.4661080284338,1773.9145541534895,1768.5520658572789,1757.6071496152856,1758.2855854118386,1757.1299338931162,1757.947689981125,1755.9827159931751,1770.9677741466958
69820,961,28273,zip,NC,NC,Charlotte,"Charlotte-Concord-Gastonia, NC-SC",Mecklenburg County,996.9995639842336,1003.6975653007685,1004.4125941411002,1007.6623302376713,1007.3783000887064,1014.419709894207,1022.472564112842,1026.5554540845856,1028.6119650582646,1027.1260546673423,1033.9599639988007,1047.3403195776827,1056.6577016783988,1059.9890560862204,1066.9961272388061,1064.6819259387833,1070.1913951764775,1066.0984776936184,1069.5978689613107,1075.6281378229214,1077.9051549956703,1085.8257959004648,1082.3222292994699,1081.1537982429065,1086.347548595956,1084.950861766436,1091.383916084077,1101.858907076108,1117.59787590414,1128.9710215171467,1128.320308682665,1129.2790693209365,1126.6289963744935,1131.1676874545249,1127.6750490724762,1132.8656348043148,1129.3588405973424,1145.0081047270041,1149.103655285849,1158.2366412240667,1157.9202479364837,1151.1924293419775,1153.4431850136739,1151.4150431599894,1162.266494375989,1162.2143984618772,1170.9616862432692,1174.8464623262798,1189.807582614414,1195.476488523706,1198.5860982443635,1197.4247484940202,1199.3536502410561,1210.2341219637774,1218.3757757643582,1228.3743603661653,1230.4860798136397,1236.0570435331558,1240.4658873841922,1243.183830934555,1239.971171684415,1235.6631458697436,1250.3746398870726,1252.3642430123127,1256.966213659988,1246.2701135744214,1244.6461279725813,1234.5474647515637,1241.381428869711,1253.0363683513174,1267.9889619812384,1280.4309198649064,1288.9343004156192,1297.2759649963532,1314.4637803408807,1335.7754164203163,1358.267779079864,1375.4119952578683,1392.464851293911,1423.1436681949315,1447.4877044788973,1470.6996659874694,1484.7092214357303,1496.5106361003438,1511.2703921263449,1516.7936598343852,1517.0003324018946,1528.8273031864494,1537.0537224935897,1563.403634740131,1581.0564402443717,1595.0110603409662,1594.3001263749716,1592.4942201029396,1584.8247747974676,1577.3291422753505,1571.6742592930025,1581.9752115816216,1590.9662444427786,1587.2215429364737,1586.9831363803323,1592.435015884561,1596.7222054157367,1594.456158670499,1585.5127974861687,1573.9724504306723,1559.0937848163296,1571.3626736383242,1580.476403611226,1593.864073152037,1590.924245486727,1597.0671045059246,1601.0488213084782,1589.38737730519,1582.3951860176637,1575.683132538841,1576.2472042474026,1574.994922642075,1586.4753303020673,1600.0868618544416,1613.5664449215644,1618.749564865285,1615.9524649241837,1612.5801695623115,1612.3858204460546,1611.938352381031,1603.262513595761,1604.9340822212002,1610.350055169217,1618.9224168427609,1621.108421268713,1609.2060808963963,1599.2571775300107,1591.5374317436854,1598.5591927258213,1604.811377659739,1609.9876096931516,1621.8802720078806,1638.9884379573314,1650.3962445835339
70568,967,29579,zip,SC,SC,Myrtle Beach,"Myrtle Beach-Conway-North Myrtle Beach, SC-NC",Horry County,,,,,,,,,,,1009.1443921600824,1004.9887701685935,1007.7419858305062,1014.7139785484469,1019.4009447920498,1036.5511104138802,1030.1496849866166,1047.22770989751,1046.3098915749508,1064.0685546848215,1064.6517965307203,1061.475079432107,1064.4029085055242,1069.4248308927465,1076.4193159547415,1081.8087215951166,1074.6506407792654,1067.239060911468,1069.3147336904049,1091.6958014053853,1103.8488213961205,1108.2935041897729,1101.6368925364036,1109.0850098355077,1112.7860549529248,1122.6259629803644,1129.492649105228,1138.676180643741,1145.211691907285,1150.312756931198,1154.3266296390577,1151.795909280484,1150.1019116552825,1138.8653748694974,1150.8877609919857,1151.0352472427517,1177.7415008001178,1169.5175635091075,1175.336565191597,1172.5428211709395,1181.2897088691623,1189.043156173009,1197.6465100795306,1196.2438604220097,1203.4965257625768,1218.3880702100676,1224.6007018308521,1233.728191669604,1222.8801711854485,1236.2817506867495,1239.8705102176482,1249.5219690111335,1240.9727443804481,1234.4017462649217,1218.0696964404958,1230.564605891349,1223.78928963268,1240.2651897121636,1246.9468780749376,1258.1806270374302,1278.25876250627,1277.0839864373988,1298.379660545765,1298.632569295981,1325.8851572699175,1341.0666116132095,1375.1591762269777,1399.8282814558002,1451.1048739876885,1480.2917986673938,1517.3537623466025,1547.9354134675248,1567.6363908505955,1599.0417880306766,1599.137479589704,1621.084946681403,1633.4661774468566,1679.1154050635084,1707.1294590519958,1715.1003699173207,1700.9740008810616,1716.4852403109403,1722.2932023781855,1734.658609451639,1740.0431470926292,1743.1477415357758,1748.2672954484412,1747.8056679579902,1746.1261209474005,1739.067707477816,1727.0720575173054,1730.6908635879886,1738.1035346816732,1730.9675289479205,1727.4418771115722,1710.3923472284769,1706.545058953729,1713.4502879185422,1733.425611292421,1745.6362012731283,1749.575459525523,1748.297160671716,1750.5901233851619,1751.0590421863797,1744.7463557401566,1748.1001940630715,1749.4236775698096,1761.5015005963214,1754.157298288548,1751.6730495665115,1749.263107575534,1754.7932810695038,1757.4336477183758,1752.7878268795694,1746.1094119956306,1747.2375983422828,1748.5958375613275,1735.986452892519,1735.1293872274346,1731.4005152825011,1737.6731880620557,1735.4066915006258,1727.8328357811572,1718.7516602277453,1716.719856996667,1722.912329711194,1730.9302334596186,1731.935123691341,1736.3480586304609,1749.0764220453875
69489,977,27705,zip,NC,NC,Durham,"Durham-Chapel Hill, NC",Durham County,,,,,,,,,,,,,,,,,,,,,,,,,1060.611690935611,1050.390198699712,1047.7435650228476,1047.0725981077999,1052.4054411351005,1055.877575366293,1053.630599641995,1065.0566640914763,1074.7332747584344,1081.9714400286143,1066.9828105560193,1071.0681630831905,1071.1450272106092,1081.5132353709434,1083.3224598849463,1099.8943616855568,1114.2821609600585,1107.7907556012724,1117.078593539604,1121.7727001687697,1121.5336654324283,1114.0010297145443,1123.04558968573,1120.6129691737947,1134.2903228955156,1149.073159790609,1161.650133376612,1159.3954796072892,1157.3420830675384,1170.2476918567802,1173.7383708521081,1172.9435523535415,1176.7623338913518,1188.3581017805882,1195.625572018731,1203.4605707836563,1200.1338632481963,1193.956940981029,1200.8298943695697,1210.0174095628572,1207.4724894572907,1189.281467235679,1193.614771169545,1196.4995579983836,1199.3118698605012,1199.7446373744997,1219.9169928330557,1229.369937155658,1232.2896989633323,1204.7323629657592,1205.631681906028,1210.7342616907445,1243.4508722382316,1278.8113522573753,1301.3268926988471,1319.4169419193372,1331.2522984681955,1352.1359558002132,1348.1508448851216,1352.308788450832,1363.0158861136777,1398.4431189428662,1408.8436608807667,1414.1230827442973,1424.2155956905237,1445.2265163139555,1467.0142939952023,1482.7195479148324,1496.2417548857777,1477.3762594362784,1489.282999716872,1487.0191447160314,1508.2109997547352,1512.9336162282382,1524.1659914548643,1529.036319094557,1519.0944755905603,1506.6579268561745,1497.2536718176523,1500.1542566847372,1497.7334929423364,1542.8929196120403,1544.987114355996,1575.4254642500753,1556.198797607012,1569.9009993775621,1565.6097236479384,1574.0426495580905,1565.8499836064,1558.1912585947675,1546.8662136236276,1534.3070424145928,1541.6725724999224,1537.5754353473665,1559.4304090251974,1549.4783279472445,1554.1151585711646,1543.5622809605559,1539.2959875224537,1543.1435815769585,1558.1736083929884,1581.6559677514233,1586.6000756160868,1582.4845388851572,1580.2807662946088,1569.8257286878684,1555.5852899106326,1555.1163116012178,1562.3587204663509,1568.6540780644748,1578.4548374855178,1577.6289748058305,1578.8517931320876,1573.759386437094,1583.8451246924587,1599.4337664587663
70592,992,29607,zip,SC,SC,Greenville,"Greenville-Anderson, SC",Greenville County,,,,,,,,,,,,,,,,,974.8541936634973,981.9926120637818,985.6730615165736,988.7374976476161,981.9457829686789,992.158777266714,983.4642973392154,985.0279016146344,972.7209358107159,990.3660531032848,997.3072036922861,1021.2924392779879,1008.4484384060305,1004.9807957165851,1003.8542876687513,1011.2391662977595,1013.1405872927584,1017.1153178711576,1021.7559035989543,1028.4511596544319,1033.1137957023695,1023.7688453664854,1031.8707758141231,1040.7909891617624,1050.2843547518235,1057.3654976842026,1058.215816074021,1074.414376849591,1079.3765870520804,1094.593304198093,1105.335147181839,1118.2550883510382,1130.8858692411764,1101.806359799467,1100.0707596571801,1092.482355890674,1101.5685247765941,1107.3023590511061,1117.7281725144285,1112.521146598604,1121.3059519238195,1118.8081258636882,1123.8105215384858,1124.649835154933,1130.2852792203728,1168.9622717356567,1182.342010012792,1198.83919320504,1155.4027865395283,1142.0522265422221,1130.3096002752993,1133.6508324747329,1139.686531541847,1157.2662943283376,1166.2736378140496,1184.9722872646526,1192.2788042203235,1190.3008422057758,1192.6693521728762,1202.9039826760734,1228.4559527613428,1249.2339226464046,1277.999812314887,1305.6484951402772,1323.8817346255057,1334.2405003963718,1354.3989868842655,1366.88913438268,1385.0020357471071,1383.043063632289,1387.7216244872834,1389.2308360728287,1399.1357579710364,1422.7610582245854,1437.7993735193922,1446.347386533728,1440.1167156635229,1435.4273192646558,1430.7399312550342,1426.5635752581065,1432.8763587946783,1433.1327478659703,1445.0816597138587,1444.2219604618729,1453.071224698292,1450.414382651981,1448.2524916405655,1450.7189002623031,1450.6788648445781,1464.7157769020457,1463.695282040669,1468.0691244749457,1452.3629034135815,1449.8614467680309,1449.0428045400693,1465.1124020252246,1474.257862238319,1471.1507744025969,1462.8181020069412,1455.3839568048159,1461.1613498790423,1464.635798255464,1476.0800114112646,1490.544828608355,1505.139133110097,1512.7046542963994,1510.5142948132275,1505.6237560027384,1502.86041513052,1500.6328924030872,1502.7736616252735,1508.318544682704,1508.9471449978232,1504.9530779955826,1501.9830383649053,1494.5563887389721,1494.5280605031303,1495.4087134318484,1500.7615249398145,1503.0944424256736,1505.7228752211913,1515.9227441844857,1525.9181096734426,1532.6465424430644
69375,1058,27516,zip,NC,NC,Chapel Hill,"Durham-Chapel Hill, NC",Orange County,,,,,,,,,,,,,,,,,,,,,,,,,,,,,,,,,,,,,,,,,,,,,1408.965654864719,1421.6427392828452,1484.826857262682,1466.8529573251346,1474.814621763379,1445.6774526576662,1474.2849015253882,1469.4594640512885,1468.794506512977,1475.2206295578892,1483.7436846120202,1508.588576238739,1516.221071137076,1523.4741123022595,1504.4085473631856,1544.4728065433007,1567.4080751255374,1615.467848381257,1540.2397406968375,1534.5099794124642,1527.527623589642,1510.525823601431,1516.3517666538185,1504.0051870375253,1527.0179540874358,1552.9735574487456,1599.8674418686633,1609.871800938805,1617.2613599329966,1625.857402596491,1598.9072031233081,1624.0527138888654,1651.7153663779668,1707.1377419081193,1728.00755517993,1730.781065841406,1734.3577128579743,1731.1253591131313,1729.9430870147853,1754.8586074377047,1796.842041867669,1825.8715325440858,1853.9611003267119,1853.7271618920279,1862.2731793638002,1881.3703079587249,1881.7809588121052,1908.0961663788826,1900.2136709100641,1932.4057778278884,1929.4222609641204,1940.2138682322368,1928.479755709989,1948.3045528317105,1965.0945714413247,1980.6902663520539,1990.7181417292288,1996.1551991462825,2014.25802464189,2028.1010829155189,2023.671038003085,2022.0354281810905,2013.9855962969662,2034.6104063531143,2033.5902643499212,2058.37097056627,2063.7457070826604,2090.9882265958013,2088.884802028802,2095.8298156864416,2100.034662998177,2104.144304195832,2109.144169300452,2109.433061885554,2124.8224082412703,2130.5540482766232,2144.383613143966,2131.3417311812873,2158.170350115516,2158.341180021083,2175.8258727411994,2157.349423215139,2170.383879088725,2159.5075200650117,2177.562093708782,2189.566631174779,2200.8266298422873,2201.2962524146396,2211.0809191154544,2222.9115060225527,2214.8735127449804,2218.9715766658737,2226.177421154013,2258.363628468721,2266.22290731521,2293.7916666666665
70495,1064,29461,zip,SC,SC,Moncks Corner,"Charleston-North Charleston, SC",Berkeley County,,,,,,,,,,,,,,,,,,,,,,,,,,,,,,,,,,,,,,,,,,,,,,,,,,,,,,,,,,,,,,,,,,,,,,,,,,,,,,,,,,,,,,,,,,,,,,,,1842.83314725343,1863.9297288074904,1917.4798282402048,1953.0480096588012,1983.8891707543573,1998.557014365521,1992.370704141582,1998.7024591361787,1990.2415889089425,1996.528616728635,1994.5291387569457,2036.9602174907654,2055.5146865014385,2061.7675265161515,2043.8206593002271,2035.5863986324212,2036.3731049732546,2046.2129195690713,2064.7880054266043,2077.8847242377274,2087.9199224294944,2094.611335259203,2106.123871096312,2118.032349991734,2135.6618986335916,2135.6174725498704,2140.9253244229335,2132.15334772989,2138.578573998332,2125.2394303969963,2132.5115395014054,2136.6430446974964,2144.0451051492373,2144.29686139158,2152.206514313977,2144.7872252041593,2139.188503906906,2148.9204941101198,2159.745780288721,2180.3973029881395,2186.9983230747475,2207.856728645245,2213.927104992486,2222.791936622429,2234.0545380545377
69209,1081,27106,zip,NC,NC,Winston-Salem,"Winston-Salem, NC",Forsyth County,,,,,620.2224270942622,624.2373886300139,607.9816035138839,611.7005461608051,614.4608745102012,639.9082442086024,633.9064116289935,619.8422357974471,627.3976595879645,636.4198486178674,657.3904414976589,650.1240921204384,644.8702332765233,647.7623296822793,655.0104408484344,653.0632768656333,650.2324901198765,652.8668725357927,664.7973288751078,667.8437787890015,665.5379819937314,668.5374461416873,677.1440426617748,686.9780640085005,680.2681882809137,674.1822647450884,662.7013421574993,665.162118022442,666.0542492306079,670.5332743863129,681.5097831513818,687.1295565667008,699.2607572769411,693.582843032821,688.6993005151218,703.7353046642655,702.1484495918415,712.6551369929653,703.3421876421979,725.1660148298566,729.9461619002684,738.6506697773045,735.364845908385,744.4144902758009,732.1221143552955,731.5981979853241,735.4309609427612,729.3285450016583,744.5344820542194,749.014944747026,772.5832758367319,765.890341891275,775.0123404336672,778.0557156284822,787.4242632669564,793.7581198005078,815.6014450775201,838.2871920304832,803.3504266027435,791.6899048251213,793.758266578841,801.6326332709259,812.354027097478,820.2694501465544,831.7752715082089,835.5628071542982,845.4604408807163,838.6758303984352,852.2978260730199,915.8512874668609,955.6342153656134,971.0764776331381,933.8957883707334,947.9203545495576,977.1445374143731,1000.6404345110997,999.8199282687308,1018.5566116593042,1044.440620745254,1072.7334724576633,1071.4006452929311,1056.1888933603866,1053.0063287850162,1071.0163526192568,1099.7792541579593,1119.709931783568,1129.6115987168225,1132.0661847722695,1148.843787471461,1138.0744999772999,1126.0078231011148,1113.308669425067,1122.8210087276511,1125.2044880489418,1142.0672479031477,1143.7453714842777,1151.3277936929424,1137.9250201889836,1122.8524047123444,1130.31371876391,1134.9728931784753,1151.4578966829613,1163.393317557602,1174.180415040239,1176.2843524060656,1152.8048916090233,1145.301140200675,1148.3606529649808,1167.4515180071767,1173.9765534387723,1174.3436394320229,1169.708132115351,1188.0202394588077,1221.8238200881212,1245.1855015465223,1230.9938203705324,1200.7253509341472,1192.570299967235,1190.5991048065844,1187.1946895058045,1181.6971650400226,1208.456975114034,1216.7869158708343,1226.576350800349,1215.3552627455792,1192.0621348112395,1180.2417798244926,1196.2958722659168,1225.1308165013381,1252.9865019454685,1265.4373395388654,1276.2911327522115,1278.9632687209596,1267.3155296254097,1275.2180017308706,1281.0305555555556
69337,1096,27407,zip,NC,NC,Greensboro,"Greensboro-High Point, NC",Guilford County,,,,,,,,,,,,,,,,,739.0603033147452,739.9181608011571,734.3279409176944,734.4208194912685,742.4849425570407,742.5749583482876,745.2847887069071,738.7870302818061,749.8134289633612,755.2626794091233,761.106447465722,749.9122432216535,750.4070528809237,756.2757804104797,770.3983061232034,779.7969801642771,775.7940242911044,777.4075552061032,775.2304528445552,780.4567797631236,781.2174559839392,785.2089382612693,798.7124673153685,795.5652655514235,793.4061186919952,789.1205417948445,797.7228185902829,799.6377661474883,803.3930649762545,808.0479632061046,812.765087758617,820.5962500901003,821.3748209274153,829.4558857889466,824.4986936805367,838.4912544878176,847.0421858637585,855.4304057524545,850.3118600072798,851.9776936124929,856.9322734220989,859.966868686805,863.9748357652737,863.6937656131338,867.3558582815867,864.496004097888,856.2797494720089,848.8012167326895,855.8912489831484,871.2903591257705,876.4880167289595,884.6455142458394,892.9557072084962,904.2749207330781,907.5640524199334,902.1931188828901,901.278031403297,914.1537265464449,945.6358013097107,971.6321373096802,990.9743001859857,1002.4933642591712,1015.4668727519525,1031.388258632879,1052.6064151309904,1076.1611057092996,1092.1466101860867,1109.4822045349345,1120.4234614598201,1133.6346313487832,1136.7701445014484,1144.9700700962292,1148.1212393972994,1152.633187598714,1173.5693865677476,1181.2210975582884,1179.3765238498177,1175.382849388396,1181.4063199466052,1197.8929825059033,1204.2704292287344,1207.9376751072698,1216.4568488169837,1214.8081965120718,1218.4258555512197,1212.962000925852,1206.817018035443,1204.565261848208,1218.3264368534888,1225.339294091532,1244.4841980589251,1242.6378573922802,1256.1497498927024,1253.9317311111106,1258.8937300284797,1258.309125225713,1274.1613510483828,1288.0994046630292,1292.6794423692713,1289.5292654268471,1280.0262865184527,1280.760096753937,1274.065907867989,1279.9868169571164,1279.457723895693,1293.87330599421,1293.0395523898517,1297.7407392027694,1296.0051290332258,1304.6993830305926,1313.9647524036639,1312.512494269548,1322.135323637968,1327.330964076015,1329.9139135543528,1330.5799320821993,1330.6944539088197,1327.2928470483735,1331.3605117326595,1335.5196801632817,1335.255875237598,1329.319924708099,1326.8194694368585,1335.2022792022792
69446,1097,27606,zip,NC,NC,Raleigh,"Raleigh-Cary, NC",Wake County,,,,,,,,,,,832.9906967552078,842.6929249457685,848.4392562432552,836.3612515918073,836.319027781844,835.9805066280564,847.8576849108463,848.9508852034331,860.8549695071624,866.1533386854163,870.2659265521805,872.9658585001891,867.4950757834042,862.0020107018167,862.9814033691102,884.3827785800728,881.9767317397921,890.5403700454806,889.8291996178084,908.6329573722116,910.4904939964022,907.5980944553504,924.2409473913202,929.9048733230774,941.8538613077785,945.0943088637023,938.7781948437884,945.4138505193268,945.2374717117747,953.5561529934749,949.2137970480752,942.2044042312763,948.2643791665089,966.6775519114594,968.3454914416371,980.5969214402356,981.3472785481998,986.8775441058239,982.4525638151187,980.7557658786131,992.2067911234988,992.8043430306514,1005.5431067757332,1014.0319461865793,1019.2561047857587,1019.2453516113019,1023.8220244823125,1026.9994506518715,1038.617243838728,1051.8291864486089,1077.7201391814356,1091.9160301443928,1079.9086863844357,1049.6454348582847,1033.738728255601,1039.6474206801845,1043.4519966622831,1052.9129126347705,1053.5140135490828,1067.875202075636,1076.2681335456543,1083.7915852414521,1073.7361675626728,1083.3713168047495,1085.6364422612542,1106.6835538879398,1114.6953462549284,1126.0426752036758,1141.4925576806306,1149.797171426164,1163.9074826735682,1192.0592928927967,1223.6703060245,1244.720052597465,1257.9474348244983,1253.5816028957963,1277.2193479425607,1287.6588087674895,1323.3052463586143,1336.301345284206,1344.0848798148374,1369.2245594426074,1382.72418732047,1385.3339972028539,1352.301262555758,1343.937124565632,1351.8691112596396,1377.4024047594507,1384.564443811794,1394.3941718728993,1395.104450180863,1400.001098149951,1427.398776081211,1422.0505024545248,1424.1435860214058,1384.6301159676918,1384.3641205329448,1392.4899865801985,1400.2598428903111,1416.2895527912572,1409.0472965657004,1413.7103541313847,1410.1647060166354,1416.2832139746765,1409.0680880385014,1400.548362482204,1390.617260925027,1412.3653827919704,1435.1104275350474,1445.4608475303908,1444.1448118754868,1423.776064454954,1431.1712540864596,1433.55022470554,1442.3448656297578,1433.7133461420135,1428.0957267327303,1437.832563523143,1447.4570132857723,1453.5095609379007,1446.975306499914,1441.3347024795332,1441.3721593454568,1448.903075126949,1449.6822272546792,1448.8281726168786,1448.1967310476593,1455.9608024627746,1463.6609716685903,1466.0806878306878
69270,1108,27265,zip,NC,NC,High Point,"Greensboro-High Point, NC",Guilford County,877.7819769358082,879.9732382724939,879.3843765956767,887.5444050383226,883.3026353975919,889.2438576596212,891.5969817002641,896.4047516986035,900.0127650944315,900.9541265218506,909.74004801991,904.0427638360885,909.9924385453013,905.5190130157604,910.3933272086189,904.2315245898457,908.1444031440244,908.6489995041184,906.3486745303004,912.3257339750872,912.8798544697634,922.0053795957936,920.6731959720753,934.8122098757286,939.0209001292699,943.5450677503608,937.7487825465091,933.7913625966285,935.9156173683893,937.3104634558855,946.6444515115024,947.0059062580099,951.038517863826,951.4050515638455,945.8060280809801,943.1712562371641,942.5137938881251,950.5422204330627,956.7521381341155,973.515985338232,975.2615257110175,974.6128517376115,964.927844723236,976.4949818617844,992.2693314311159,987.8804429362958,994.1987452725617,994.4510695114207,1007.5271295525201,1002.7750521346329,1007.4600677943538,1004.9554715629149,1009.5993998403674,1016.9777993086242,1028.2461828700134,1025.5546481501337,1018.9740548897676,1028.3456773697785,1034.4803665497495,1041.160593049307,1038.5845031081587,1045.7870870730212,1045.5037802545194,1047.5330671815168,1041.5894846627518,1044.9962585507071,1050.5824973190688,1060.068865241128,1075.4349586070193,1060.7773220355,1054.8541295162163,1034.962931436368,1056.9739166701486,1074.2629069326642,1098.1681344238302,1117.6895775568441,1128.0904788509852,1145.7318197369952,1156.7246120467003,1177.9292792175474,1186.0249199644663,1212.905778851691,1243.4176622388272,1278.339039029529,1284.0618889078062,1274.578153538461,1271.3323780157652,1278.8632791135376,1298.3631585100782,1303.6984747433555,1312.4026888960434,1320.4261010637526,1335.714418921962,1347.9340143467227,1338.1277338457687,1336.5286531081856,1340.6539382432493,1362.7857505799163,1384.9084570374084,1385.0984801776065,1385.909532945197,1380.424369083857,1381.0505176325037,1382.1354560288617,1387.324184573724,1397.0840338155092,1404.408866838013,1408.3254571746706,1413.8688677465382,1422.950311111522,1419.3227971779684,1417.53202182104,1421.3072706942146,1439.8303672629631,1455.0755346638352,1448.3464715398961,1447.4534928775477,1449.4184911677155,1457.064362527143,1463.874793601086,1472.9512763458727,1473.2181723481708,1476.107845081456,1476.9276695922968,1489.5612819698526,1497.4002669783117,1498.208176181882,1499.4558781032028,1505.6911819099696,1506.9810141244689,1509.4407290194063,1512.1533148250571,1512.0921156308184,1513.41356816498,1518.7088688440929,1528.6693778864985,1526.0370425617855,1521.3050879237103,1522.0246994002366,1532.8317793317792
69491,1150,27707,zip,NC,NC,Durham,"Durham-Chapel Hill, NC",Durham County,,,,,,,,,,,,,,,,,,,,,,991.2408321696979,992.8808458060106,992.0253352429369,977.9945985715807,984.7872510946903,989.4006707935865,996.2680621482616,1000.8976175322539,1008.5183492235886,1013.8547654641602,1022.8663963596006,1032.8272809209743,1041.7425888494754,1040.7252000098551,1037.1492380859597,1042.2860187526398,1040.537446028547,1042.335058775244,1045.984458136405,1053.7382472686131,1058.138805535052,1055.323676637322,1055.375508044246,1048.9716244994481,1052.6641421495572,1058.5506279937035,1083.3214159151962,1090.2143689026852,1095.380425197589,1101.6667845589827,1104.7263542849576,1109.2711019339565,1112.450967078234,1119.6525969275706,1120.1561905211927,1124.1197177294077,1119.7386084927398,1122.291742500747,1110.439298220867,1110.076790160152,1109.6082044408101,1118.2002437768938,1111.3581620855452,1116.8073704124502,1116.6501393790704,1126.4440806390285,1126.7793842876617,1130.4118695449645,1131.5916547867907,1134.4184054379186,1148.7197233240659,1156.0256428137816,1183.18517747214,1188.666109804583,1215.1506979411527,1217.279520107708,1242.3814059636582,1263.3660292801353,1297.5117897713285,1309.0312445537215,1321.9658079280703,1342.5491895893554,1374.5633380679978,1392.2237547768193,1390.6386134659042,1398.298838982585,1410.4338863561104,1422.8566754163953,1420.8034527534796,1423.4595596720628,1421.5748172536212,1441.6621725559958,1448.5224610095854,1448.304024182739,1427.6276505426697,1426.745318747664,1435.3492212591998,1443.3406007621743,1439.6328022482703,1446.8156854280896,1449.6787516696054,1444.5514118627311,1438.9311916272686,1446.675435548119,1460.2881682958591,1464.1104409913137,1460.0636593697593,1463.666037447025,1460.928056668853,1456.5975757841702,1453.4355920730432,1452.438463367973,1462.162412388026,1468.578344118009,1478.3690321433407,1450.8610775535396,1428.0144391077527,1412.440881141123,1434.3193314410673,1435.9341061171674,1442.6052038706443,1450.1795360601182,1454.8265855001246,1453.5891707004887,1449.6488398437907,1438.4433895386685,1422.25298608276,1434.608464382353,1443.7189702153325,1453.376454066606,1441.7003008024788,1438.7808458691059,1433.8748867487348,1429.0317219422332,1428.4578849772254,1429.546690142104,1429.5307563166673,1438.156227816941,1449.7220198340417
69320,1166,27360,zip,NC,NC,Thomasville,"Winston-Salem, NC",Davidson County,,,,,,,,,,,,,,,,,,,,,,,,,,,,,,,,,,,,,,,,,,,,,,,,,,,,,,,,,,,,,,,,,,,,,,,,,,,,,,,,,,,,,,,,,,,,,,,,,,,,,,,,1112.0845784373535,1122.374062050775,1125.473211563934,1102.2826707246184,1096.5157507885067,1083.8180435777906,,1115.4328727035793,1131.2592233179987,1135.6613475830459,1153.414043640594,1164.2131105403143,1154.7724678824575,1158.8999158338365,1163.6434903947254,1182.731103968015,1194.9829322500743,1191.9981131502386,1189.7391221467483,1182.4371098577335,1187.945305608675,1203.6255285924549,1209.0510642847494,1196.3217084224855,1183.47195114057,1185.2869562822364,1188.2758162916964,1191.3467228618197,1190.8295585013798,1211.0327294096876,1211.0725745226453,1225.065599135672,1220.3889128232445,1214.3005038760564,1212.78845611876,1223.5015118007518,1245.7738095238094
69444,1193,27604,zip,NC,NC,Raleigh,"Raleigh-Cary, NC",Wake County,902.0042488540985,903.907696865165,905.9849822240905,909.5949432606346,916.4332178702873,923.9445196136364,930.7773364789318,937.4599620878666,936.948073183731,938.1455329163354,945.8993230669963,953.6426640854744,953.9306232877793,945.6094668541423,945.7171196424054,951.7411761451017,957.7174914590901,960.2448466661076,956.1808144940014,954.428000382902,962.121807298411,980.6406215488589,981.8804785587641,977.2553350105128,974.2389127671846,988.9345923204443,1003.8862514682104,1011.6594633739122,1015.1005205157466,1011.3095981652854,1014.346923787865,1015.1648238008949,1018.9530213754433,1012.408957741752,1009.8264037492141,1020.8589326770652,1036.5917745045163,1046.316099816041,1038.7538083350532,1032.1339044614197,1032.1882881190866,1040.5469553258765,1049.4603033532073,1063.3543858791884,1069.307369815219,1079.4163594897666,1088.4086563583558,1082.9727813165775,1080.313893701659,1075.3911462581327,1083.7809736963516,1094.2138704520382,1102.0597335670889,1107.9652052596005,1111.821801732862,1112.5755537959524,1116.6476724631016,1120.65282983475,1127.7394967363678,1140.8905297551046,1150.1154599046872,1161.2542364822834,1158.877040113826,1156.0602529413416,1153.8100402946156,1150.127963986045,1151.737724797989,1158.2832618277343,1173.9458777514856,1184.8255016924488,1204.8245506510652,1210.9087034437728,1214.5244214751624,1220.3018260832387,1223.573330457598,1244.6933184679579,1263.8708598826988,1292.5656398447734,1313.292957743123,1323.6106718486221,1329.5890516639233,1346.3311812208424,1361.2461591292194,1379.7584466362314,1399.587335950672,1417.053714095731,1432.1688717273496,1445.903243038416,1460.5248019673472,1478.9644192735273,1486.6850483557787,1499.7138668832238,1513.6038077959186,1518.7359385505251,1526.7585123683803,1524.1765154940817,1534.7390490366217,1540.800170256678,1556.2428723491266,1550.483910985704,1551.6583340568982,1540.414065822051,1548.9814012179745,1553.008497892317,1554.8365015263155,1552.8281312565055,1543.3552333944383,1545.497523073208,1542.0973249071858,1546.4743726016352,1542.8660095818195,1543.793354192548,1539.4075357921124,1540.740381114299,1543.554765200409,1544.1722895610674,1535.842960088978,1536.180572052537,1538.5000585663443,1551.3821369294817,1547.7332872560178,1553.7553193694207,1552.660934782074,1554.7063821304632,1554.2420241773407,1540.9196447663053,1542.102253450965,1541.5784215623837,1547.1005403679742,1549.5053069211208,1553.671563372442,1546.5733102813156,1552.3251578028778,1548.5953506980404,1552.6939942365389,1557.0069055991519,1564.9532275207996,1582.8770608004709,1586.3409101310287,1593.546626984127
69776,1198,28213,zip,NC,NC,Charlotte,"Charlotte-Concord-Gastonia, NC-SC",Mecklenburg County,901.6425191413301,895.9991705875539,897.9806293246377,902.3951666558276,902.552116956539,904.9305588979722,908.060261153072,918.4985168043634,927.2369784930156,930.4709086372982,932.3692067971858,927.7118110919125,937.0860200137497,938.8122647336451,953.410699829955,954.0606951321942,967.7396919318581,968.0180642049016,968.7711433673803,969.5342782898097,976.6331634572701,983.638613075556,979.3659933555809,975.6487468773281,978.4570810660397,983.209625679882,986.7085105658841,994.1963890165298,1006.8426744900696,1025.103398002194,1029.239319540712,1029.2818946668688,1027.5198004923275,1027.730238149832,1033.0227632693554,1043.04450054658,1051.1043821824758,1078.541881798057,1092.248450975084,1103.1243112623986,1082.663614293869,1084.2305749792583,1084.0711446644507,1097.978634962645,1091.1629697796043,1094.9359763501138,1105.840555068325,1122.2471498360842,1124.5237229872864,1117.8945677225151,1114.6662614405816,1114.498900877746,1132.6097896772885,1133.8271084343137,1143.3074219005744,1143.0820616474653,1158.205952507323,1163.5733813350525,1162.616013500249,1154.4667879102822,1156.339151078226,1154.7051891470803,1177.1150232403847,1175.004003341776,1174.5096913977927,1184.394011439201,1196.4661045404732,1217.22374329583,1224.353882205417,1234.7472919286806,1233.3843551280083,1237.957309331279,1245.6501516503888,1253.5119687276651,1265.8024591065077,1276.0535389113334,1288.6414088414163,1305.2198662973094,1318.327599689606,1341.979555464114,1369.431670725335,1406.9451427949543,1435.4675965844942,1446.4155805520709,1455.0213708840727,1463.5572938529308,1478.2853217352551,1491.914413534238,1514.489454858513,1523.1877499088512,1538.0219567780427,1535.2546163081304,1546.5811483971345,1534.9538692699166,1535.8188193236128,1538.3484891599664,1548.8293332824323,1558.8108776085687,1563.5198622755695,1567.2844885613893,1562.996534868151,1555.3374194272392,1549.3144465572013,1547.661908852427,1533.6906969969302,1533.536936816913,1539.1426793466096,1554.7351856571004,1556.923667115793,1546.4443332271796,1515.4825694890635,1512.154458329843,1515.109327109138,1542.0825677254363,1550.247953864976,1557.5164783059154,1559.5003668808372,1555.0908403894284,1570.804127959081,1578.4469180957342,1578.0225107299632,1563.560045843366,1562.558381242235,1569.4379456102947,1570.1404745025454,1559.9307153395887,1555.4567462281034,1552.669253801941,1556.3065084580726,1562.5926924621508,1549.0313656612116,1537.2764399143439,1536.2918882851056,1551.3247737600252,1566.9167878731243,1564.0549623942127,1564.2240724361757,1562.2082380647198,1564.7804431533527,1566.530900401868
70383,1201,29229,zip,SC,SC,Columbia,"Columbia, SC",Richland County,1009.046658360091,1013.0618629632933,1015.9364652243735,1017.0844580443817,1018.2990996274295,1021.4380206639312,1020.8518444316555,1021.669026511848,1020.3271174210778,1018.7457128522684,1021.3005292844197,1024.9952313329827,1029.030643705334,1036.0365734285133,1037.525675430398,1036.9219801782447,1037.375384345336,1038.1858833302686,1039.2410730400836,1038.024562777986,1041.1776370287014,1040.518384025214,1040.127287616271,1042.1249361809414,1048.461585434284,1046.7945798481687,1047.5243379561832,1051.7653302120693,1057.2301515128888,1061.5134633483349,1064.3615501250183,1069.939400240919,1067.1597746642499,1070.7340173787704,1075.047787536028,1080.884766273277,1089.3561084743471,1093.0343018547542,1099.6402432738112,1079.4389644073015,1081.7683144178993,1079.4251042980402,1090.8420154683852,1104.1167358349894,1114.2128540871424,1123.9944504155844,1124.0349155707122,1134.2795341617775,1109.1843366696644,1114.3481225921869,1115.7592887959595,1136.5785025056464,1139.8527711437268,1147.5853534324067,1145.459984592794,1141.3333230305443,1143.47309987687,1144.0934585916339,1152.1650884814048,1151.7804432184132,1176.6546536279086,1183.0367148811483,1188.8943480002956,1183.0279027808263,1186.6544356358613,1193.512427693617,1189.2042568611544,1213.0112851156302,1215.5009014257303,,1285.2447702737813,1301.4579354181224,1261.087349487284,1276.2944675126746,1287.577170057285,1295.4257870165834,1318.2108418398807,1337.837371211909,1374.4820169574373,1372.732661491781,1404.337261966524,1394.617685736012,1443.9561088207329,1448.574608857422,1486.6908761616623,1473.3900511725233,1491.8763486471348,1506.6302351092772,1529.278878667062,1536.9044830838816,1546.193946604623,1561.2734059101087,1556.2662654597266,1542.1837073429904,1533.4556868420964,1566.2414375758078,1594.1410317984298,1613.8905667307633,1609.1286071347924,1607.5670713679074,1597.655417789838,1601.933616705536,1601.0903136388802,1618.041019972311,1624.7329902189742,1630.8206489360787,1616.290522447693,1604.2787589220675,1595.3935194235094,1619.4151179848327,1632.3073380539151,1651.9749434404657,1654.6626544442552,1657.4143081190361,1662.9548235452278,1663.77831110562,1667.843641616085,1678.7858354599673,1699.03627285298,1711.150649582931,1718.5901884600532,1716.9961825223204,1722.5520678823689,1721.519494531302,1732.9310199015313,1744.7485132202642,1742.4633245554996,1749.5583419620637,1757.0845682832892,1762.4450891553463,1766.778187986373,1768.434475140371,1771.522686751443,1768.0143208348331,1768.5576697336148,1769.8500484590802,1771.1123571567723,1768.9157289481518,1776.5275461969543,1774.4334795321636
70518,1205,29501,zip,SC,SC,Florence,"Florence, SC",Florence County,,,,,,,,,,,,,,,,,,,,,,,,,,,,,,,,,,,,,,,,,,,,,,,,,,,,,,,,,,,,,,,,,,,,,,,,,,,,,,,,,,,,,,,,,,,,,,,,,,,,,,,,,,,,,,,,1412.3055997997576,1443.1055368969458,1446.2544030434342,,1442.9602270942796,1460.9269449048832,1474.6868413012805,1482.1571322761665,1463.8217143896397,1452.2358852621867,1468.5777215507828,1492.1371618920473,1523.0261468954234,1545.1543597952832,1531.387033948492,1523.7873372491404,1520.6856702283985,1532.1481769534969,1536.9638291848987,1536.3781652845244,1552.082775458066,1562.5051033033474,1567.9032528412488,1552.5047851234433,1540.7490411789595,1518.4735333753833,1536.1367273689164,1551.0225127615695,1572.8809523809523
69372,1209,27513,zip,NC,NC,Cary,"Raleigh-Cary, NC",Wake County,,,1069.3457297240784,1067.3552565851767,1064.857307176016,1069.1930999778617,1073.5776465723907,1072.3010417978487,1067.5847547705312,1074.5086625968702,1082.3446548657141,1089.8751013279382,1097.069470627461,1092.8790553114623,1095.046024768969,1093.0996131888453,1105.3480090182009,1121.6765369371985,1122.5865962116804,1128.7324060326928,1128.6657338378316,1133.0615332589293,1126.81697703758,1120.8517141805276,1125.304465265698,1137.985893736241,1145.9106557413782,1154.8689566767498,1149.835769809319,1149.4908303730351,1145.583694404061,1146.294101467818,1150.051263123227,1159.7748532393719,1168.5198177218103,1171.2045161183682,1157.959262027003,1167.293217002577,1170.0279750928053,1184.6698390007793,1176.482750959298,1174.4100306013522,1175.7264561057677,1189.2117114632974,1199.3260830927811,1197.6194405301678,1189.2671215125984,1193.4230167934388,1207.3649090358376,1201.0736235759773,1201.3506751990378,1192.9676797785687,1205.8983813066252,1211.1173807798796,1218.7293399591447,1213.880127963008,1211.677271757547,1214.4881361713333,1225.0720066664937,1229.2296183891765,1231.6673844561476,1237.4775905997294,1249.9622789632651,1255.5583901832367,1247.865958294147,1239.6198252528727,1233.4956191369172,1231.1194594144167,1238.672214381611,1250.7181225829265,1263.5275119435294,1258.833232907785,1262.1451589687329,1274.9972528243466,1286.983151838876,1306.621109700124,1323.3462987775335,1362.651157663146,1396.2671185615795,1436.158548276238,1465.214340133564,1484.164679047774,1493.9985920391587,1533.759975055948,1553.2611570660642,1563.1346121945235,1543.950612533633,1559.469798994393,1575.331439231939,1595.75574228668,1597.1373748479139,1609.3686412552822,1612.3231573174621,1623.2238091948775,1623.794257091538,1611.8855534674647,1621.8274840638649,1625.257087371089,1656.2635747992308,1644.0786389606315,1646.739979654874,1626.147799118385,1620.8213298071028,1608.820044819378,1596.6577251636895,1587.8152654924388,1586.3574129888025,1587.1964875815634,1590.198659892924,1587.108442367651,1588.7020577100373,1594.3515030508481,1598.744774853872,1604.7133324636804,1614.7210212229877,1615.594347199513,1624.479664669116,1620.1224706680312,1611.3574862884623,1600.665440551936,1582.046841372056,1595.9019495379634,1612.5521187581264,1626.1342136600285,1619.790559376157,1611.7502183568674,1610.1990116026711,1617.9864506987308,1619.6698987441873,1627.6041227714745,1636.7270092204055,1647.0297594496299,1658.2591044174965,1648.1053757215252,1628.6556839758948,1616.7397703611239,1617.3123723777805,1622.233750944679,1617.4184561545871,1610.0317586519134
69242,1222,27215,zip,NC,NC,Burlington,"Burlington, NC",Alamance County,,,,,,,,,,,,,,,,,,,,,,,,,,,,,,,,,,,,,,,,,,,,,,,,,,,,,,,,,,,,,,,,,,,,,,,,,,,,,,,,,,,,,,,995.6900851196249,1004.0269014911311,,1038.4370085395406,1056.838343355208,1083.0735749286268,1082.8558913692889,1092.1187500219983,1081.0283250266502,1079.8392542827294,1069.1817635976304,1078.7839462868385,1090.1200018137197,1097.0877912559308,1107.0783089167917,1108.1950730628878,1112.6057343912455,1111.7259137894143,1122.7534408309095,1119.9811582281307,1123.0778392250188,1113.9874990080698,1124.4260589407227,1135.022215583794,1159.116822944431,1174.4593608763068,1182.2105388543687,1176.8316452838915,1177.2410093572798,1180.7865102151575,1193.9142773372112,1195.8234339119613,1200.8682513003423,1193.8780096880278,1189.2983933087976,1185.9848891613615,1190.9910283134489,1203.6411963297307,1199.6277714679973,1196.1578550948757,1194.5776380493107,1199.628307372361,1193.8257334070754,1201.1155406721555,1206.6357184465294,1224.3431231611044,1232.2088262185603,1235.1294547771606,1224.6943391156628,1213.9398406995433,1219.2160732511068,1232.1666162960275,1240.6764397274133,1243.5084319325445
69379,1244,27520,zip,NC,NC,Clayton,"Raleigh-Cary, NC",Johnston County,,,,,,,,,,,,,,,,,,,,,,,,1111.323701545353,1103.1661725984163,1125.3833389663191,1135.2900997383053,1150.6754949216836,1152.3463774094148,1157.3356700819907,1150.7414871511348,1161.5901571294985,1170.9550413065476,1177.0035600709068,1176.1747503292502,1172.431538426925,1189.026923025864,1196.8450446967465,1196.19016622881,1200.4458304964612,1200.0714696617938,1195.6907680593054,1199.9083085780785,1208.5356362257144,1219.8659171389445,1237.3395061543588,1248.4697394964574,1254.9711938617304,1253.4656517492097,1247.9903553538816,1256.6761135770132,1257.232648315785,1265.9596504451943,1276.1504302880016,1287.1251674781772,1286.5807720201688,1284.0105576797785,1276.2541684201321,1280.3437279808043,1286.1405723188293,1290.9155674055346,1296.4332620778002,1301.249021886265,1325.1272583810469,1337.0237892272464,1333.836474570861,1327.984667351428,1335.5152257755717,1356.6458184008397,1384.5608099492028,1378.9321892363398,1401.3025424306716,1414.949885805038,1441.386007948599,1431.853669464078,1443.9351259732707,1458.5304136779203,1494.71666373937,1514.8548538442315,1528.7499490410798,1536.527092051616,1538.6077008056088,1553.290178094986,1565.5487637459573,1590.1459550754594,1609.011551833226,1626.468292015136,1620.148540186932,1617.5298954747075,1619.0011470938643,1644.745606962772,1664.2995638746215,1677.2380194274997,1680.0454100018098,1687.2770126305588,1680.53814899637,1670.982233469258,1655.0685163017922,1666.955221807835,1691.9064689707297,1713.6558145214406,1712.0362534098085,1697.665518154392,1687.917499908015,1689.2881795260605,1694.0509905590675,1715.2426625022904,1720.2702411644007,1730.520569673536,1728.1642781473604,1732.312766677168,1726.870357542137,1727.3670952813125,1738.2727292951076,1745.9721308560922,1748.1269638713854,1752.4663307566534,1754.8224207394342,1749.1363965244368,1750.5841044160286,1760.226227156826,1770.4735349107711,1767.3838730649013,1764.8013578461553,1762.9548463012343,1766.1808114304577,1761.537132659617,1765.531172703351,1765.4971821670915,1767.647910357581,1766.5894635385464,1771.0329942984372,1767.0456087099321,1770.2449343555083,1774.9038357388804,1782.1423710387137,1786.9919198439147,1788.0159360047235,1798.7076583221726,1805.1686419753084
69773,1259,28210,zip,NC,NC,Charlotte,"Charlotte-Concord-Gastonia, NC-SC",Mecklenburg County,852.624599801135,840.0269883188901,851.3027421640685,837.1788184879731,843.202017239447,855.4213282411885,862.2661403739681,869.7936674668858,866.0698351250471,877.817507952236,881.4343185753277,891.8694376811479,893.2288339755262,899.9929441174544,904.20215536878,923.2158639126272,929.0270359266628,932.806887451037,928.2912528559939,934.5901842643773,938.4249795179377,942.6387482032195,932.6122508073994,937.2138272621482,934.2750793905838,945.2362007695278,947.3938153311256,961.5253134935291,963.4462761525111,958.1980681885764,951.3851660266156,953.4443096979352,958.6659370563517,965.1841186647839,961.312904005029,960.8228281028082,961.955962496312,979.4996070240361,991.5215444587071,987.2304041514237,985.6780533149131,991.7792261483944,1008.9899831333015,1010.7771179200735,1018.6987564164034,1025.0770631370485,1039.3429069554518,1043.5427225287947,1036.340647506402,1036.0685475017133,1033.7041530468643,1035.8773868471726,1044.5757552927496,1051.237742944117,1051.8931524465754,1057.8134471374776,1058.1062540995213,1058.3040354961995,1060.977737429139,1066.308675608024,1081.6570434225996,1080.1260319717037,1085.7090783247818,1077.2411483639328,1074.9219345993308,1074.5641017500227,1079.0584208921139,1095.7932907755082,1103.616254109195,1098.981941198266,1087.5987126711045,1102.184807333404,1114.5744217476563,1138.6722242852295,1146.9765447800387,1164.5890429068088,1184.7036808371588,1198.1964325503754,1219.835251571694,1234.441821757668,1256.2014759050355,1277.301974672045,1292.3947587229227,1299.07272613025,1304.9566902193242,1312.4742702582112,1324.5612070658742,1342.7291811188995,1363.2829093046862,1380.0833245005315,1398.488366395268,1404.0170631343178,1408.67301399795,1413.3660673295874,1420.0477310969359,1420.385958293478,1420.3971336247423,1422.5270669276056,1436.2966667595988,1429.5652417954902,1424.522333621382,1417.1253905208046,1414.484944113744,1411.822691265579,1415.4704770496435,1424.904406838873,1437.3629236416127,1450.5808035678933,1449.5961816740685,1451.0817891042707,1427.760211513813,1421.000287540647,1410.9746442494181,1424.028577770397,1421.478736217138,1431.4131153643655,1431.682040443451,1437.9807800417968,1433.4982153054661,1432.4017233370123,1436.4841480255354,1436.6317588491188,1445.106381331763,1455.2243214113041,1458.5444835034523,1456.248589997352,1452.0442113208007,1443.4215494509492,1441.5217327796386,1432.4138075887224,1429.9490152053334,1426.3611908729133,1425.449035410596,1425.8692643048976,1428.726915308675,1426.4396361666363,1430.208170256765,1427.7660980170476,1433.2228056260367,1436.6330409356724
70096,1260,28645,zip,NC,NC,Lenoir,"Hickory-Lenoir-Morganton, NC",Caldwell County,,,,,,,,,,,,,,,,,,,,,,,,,,,,,,,,,,,,,,,,,,,,,,,,,,,,,,,,,,,,,,,,,,,,,,,,,,,,,,,,,,,,,,,,,,,,,,,,,,,,,,,,,,,,,,,,,,,,,,,,,,,,,,,,,,,,,,,,,1199.301972466641,1186.951329887269,1200.5163739380775,1228.3333333333333
69728,1263,28117,zip,NC,NC,Mooresville,"Charlotte-Concord-Gastonia, NC-SC",Iredell County,948.3139050939996,958.9035472307851,963.7576160142598,965.3226320747729,968.0928427845754,961.8723623045087,963.1017910093223,961.2930061469879,977.162244140257,976.2637230781006,988.427031549993,996.0202120594582,1007.319021513849,1011.3783862525847,999.6327553008089,1001.068342206659,992.079070683493,995.1714649806438,1000.0479025335761,1008.6905131719651,1008.6289475888856,1016.4720684322036,1020.2613877714805,1022.9086695810767,1020.4432213284077,1025.3820615729314,1039.0061376793362,1040.8723239973065,1042.6515307803384,1047.275631095864,1045.326051826551,1047.62527846609,1047.3870571522948,1049.566208485684,1058.15969096781,1061.860458605732,1068.1279939211202,1059.5027342618032,1057.4253096195816,1057.045695228264,1066.3712926058931,1073.5643278771577,1084.5959759764232,1093.6093134308935,1093.7188228779055,1096.7142061687682,1086.1913240617355,1085.0475910412586,1091.793205679634,1107.0052287097517,1112.8622449233862,1120.9698431370884,1123.8014632313966,1124.7605370938627,1125.6415892886064,1125.5836876265214,1135.3282440709877,1140.9110880980218,1154.645911222748,1164.4347764633733,1167.8611981083257,1170.9465896145778,1165.9877112878992,1167.5125036244622,1159.4993805127458,1163.3993452054774,1166.8816624336475,1183.0838390657684,1205.7629053352819,1220.7618364343189,1232.127719897844,1237.6069713377813,1256.119716285505,1263.9996939826162,1281.8940587757133,1306.0667379369495,1335.053152473029,1356.6888995258114,1369.8621249577516,1382.4942189447522,1386.9752982624539,1396.684083023164,1412.2116601352118,1433.470066726059,1450.101591430068,1459.4240593203585,1463.399953536377,1464.9982723962287,1475.699424380095,1487.236946069983,1502.9285698037202,1513.6573905503274,1514.1970926385804,1520.99189353501,1519.6409959721743,1530.8010696765202,1528.8383446445596,1530.488451834264,1529.9794206838494,1526.3613034994705,1522.388921335785,1515.358999654278,1512.9277906745706,1509.977542814633,1517.4253614290562,1522.3276938208057,1525.7437905687384,1522.5350136234795,1517.2146040725918,1517.54848284713,1519.2412191335318,1522.5632770581083,1521.2637106623802,1517.763316777816,1523.4413086934142,1532.3250446478603,1539.519034071775,1536.274312596843,1518.2680762163043,1505.5410142630676,1498.8633972201471,1506.3291185085955,1517.3190651971242,1530.8022932937272,1536.626329318592,1544.1002619260676,1541.0718322319703,1526.7803822582994,1521.1572033828456,1522.6865917930959,1536.931791753654,1547.7864560796595,1557.526766631356,1552.7422864785178,1544.8962123695298,1534.8964600755694,1532.690618024726,1530.7487659452906,1531.3618969741308,1539.0208897876644
70684,1265,29715,zip,SC,SC,Fort Mill,"Charlotte-Concord-Gastonia, NC-SC",York County,,,,,,,,,,,,,,,,,,,,,,,,,,,,,,,,,,,,,,,,,,,,,,,,,,,,,,,,,,,,,,,,,,,,,,,,,,,,,,,,,,,,,,,,,,,,,,,,,,,,1685.1768885428937,1696.090370213152,1704.4980256745316,1711.4124461976598,1702.4388929287768,1718.4909487926582,1717.325397338453,1721.1559345991761,1727.2051909739869,1748.5941749917845,1743.43892672666,1741.1548297936856,1748.3738302500453,1761.2635052900503,1756.786655127121,1733.6687210321145,1726.9818287249102,1740.2887950849179,1756.470357714597,1771.2074746136905,1767.7613871110714,1762.7745876963654,1776.373529817416,1785.7017795534853,1803.96238608721,1802.5634918580963,1800.2248202020075,1787.8021734345555,1797.6742266376211,1788.8271945751628,1787.2008829631018,1775.508220860071,1780.2768547282858,1782.0145574420749,1782.8139416521437,1786.107062754703,1777.4605719768044,1781.3546829415543,1794.1899973466423,1823.7733786994247,1833.489898989899
70022,1273,28546,zip,NC,NC,Jacksonville,"Jacksonville, NC",Onslow County,793.5457853535689,794.5965802630113,793.9712644389072,792.6894364128156,789.9129093220993,787.5189065447435,785.5548520742254,786.2096209614714,787.302905476437,786.954426242691,788.1764249767167,787.81398217818,789.7301247227335,789.3056331822569,787.3325121199981,786.9639343088647,786.5777514003796,789.5318925472621,789.4258668899714,788.2514598720427,787.1041710489974,787.2012852325468,787.5085229778142,786.4016505097992,785.2504918113078,786.7652751291706,791.1267789197078,795.5220806827123,796.9346274832982,798.3551925502029,799.5638687626791,802.0983063321065,803.867326980759,804.9488469006675,807.0343846011465,809.0534598314616,810.873023050196,810.1523476028095,810.2181170068294,808.6313133983756,811.6644250035525,816.317514312103,823.3472814577833,828.7572468306641,830.1502642633913,841.2069495412532,850.4899400595826,867.3341588085764,875.5613457686248,885.0337986921475,893.7820001243704,903.2327294242771,910.1567964325765,914.6461655586569,917.5583632004953,920.899639288338,927.5059675960969,925.618030479867,923.959641365833,915.8304211983148,913.9578977153743,910.9467837833417,915.9831704399381,920.2790691029163,922.3032510773295,933.7284055649036,942.3911475706683,950.5851322605608,959.7468259954611,963.7733974831361,978.3406244430422,984.5841498275796,994.6771664772994,988.0491932099131,998.2206037858796,1000.8274747669931,1010.4413079460766,1016.1647997564419,1019.4089505741076,1040.0255734134153,1057.6112452416978,1096.353472742413,1118.4782636055934,1141.0798069630027,1158.2395164843651,1192.0919563853122,1214.5489260746456,1245.3501620945362,1270.6272456522643,1281.7457914634238,1301.9645228495365,1298.0018740745393,1304.7157771817167,1282.9446385154833,1274.4033057732915,1278.3761843306488,1287.3125870626814,1284.846874635467,1288.9639681973788,1289.4108012380354,1299.6220470547248,1306.9189548127497,1310.9184165218912,1315.7802461432555,1315.5910811498682,1323.8030491177562,1327.4143644845026,1336.0579147411408,1336.5154989302043,1346.2234936750788,1339.6014303802795,1341.1223458912846,1332.3785837819676,1344.858165341427,1345.9005632924398,1356.5006071274886,1356.505458351698,1365.1613669571127,1376.128735421818,1380.246487424036,1385.0149690901285,1385.1967515123097,1398.1304272261114,1407.3046181331406,1414.5837209444985,1412.4668051533592,1415.1847816244,1418.9684563749988,1429.232734540439,1433.2619995793045,1435.4127619049136,1437.4391002350012,1441.8595733896368,1446.6970501001326,1448.4863197733357,1449.406321651091,1454.8513955919059,1457.5388947843933,1462.4004806727871,1461.8737373737374
69361,1336,27502,zip,NC,NC,Apex,"Raleigh-Cary, NC",Wake County,1328.129155484616,1334.3271172977984,1336.9224085840085,1353.2540558486367,1355.0050280626415,1375.6371510840586,1366.7309232956843,1377.8068652036345,1373.835609985805,1381.0057980361692,1377.9680688938176,1391.3653238093939,1413.4716339811548,1417.1902372929715,1402.9906419078402,1390.4666635258077,1392.9195288506455,1400.7699909875103,1411.748406364349,1414.3699145962198,1428.263894719299,1428.2581909314388,1437.9213905500544,1422.4397438702947,1404.7126779585772,1400.180346331968,1431.024477586961,1458.3278035574046,1466.939449980389,1458.7531291424227,1458.3837720755173,1464.602142365272,1461.2412916806934,1470.0054910697136,1462.9141223697914,1463.4681687821123,,1479.973911565126,1491.6245974951428,1489.392568324146,1490.577533219513,1485.3924300762844,1489.898750070378,1487.2790947456608,1493.3036632604203,1508.1296982348335,1507.326787044763,1536.3423418207658,1530.6645324500146,1541.4008513273334,1530.2758418092833,1531.1065965880978,1535.952559129131,1552.0351312353862,1557.038176077121,1565.2109203430177,1569.2262872555948,1562.4645869378373,1573.6821131052698,1562.125730266602,1575.6680137248884,1569.9178433862385,1590.925356430572,1596.1254542713543,1584.8300890012922,1581.659147146124,1581.9359362901644,1586.3197008879383,1585.4345048554312,1592.3917294102362,1610.2613673572905,1625.9138238978371,1633.5785952360661,1635.2521714059692,1664.8276610392156,1683.7040650056933,1715.2983243717936,1734.048685069092,1771.606681054863,1808.5557728331357,1841.488160936175,1858.876098750343,1875.1844047872366,1880.2178414721543,1902.463231926736,1914.0413808778285,1934.8912374096694,1941.594360770585,1953.345154716608,1966.3476504935259,1971.8301936279045,1981.615526204005,1990.6696338567103,2015.6306983667246,2020.1467967439285,2034.2697011513162,2028.2534232401467,2038.6473477337272,2024.7461560683112,2028.5030575612886,2031.39324727381,2037.9950389783667,2047.0965976809841,2033.0617757503574,2034.0127958013652,2049.078384399799,2057.47831290793,2053.4151613419453,2032.269553477403,2040.087215981261,2056.661844814885,2081.315971195674,2086.5159066467427,2106.1199741747846,2097.795528228122,2102.4872174696607,2079.899649839181,2061.753791095596,2058.102234594887,2082.4411852263283,2107.098500619274,2135.1448928437226,2116.959551824211,2104.8301871645317,2084.940757731059,2089.86640879697,2081.8989346201183,2099.8102073976197,2120.227053643884,2127.7610483203566,2130.9732577734544,2116.172856569298,2112.32539936043,2089.036735648578,2100.350784054939,2100.3408939926103,2115.323892296669,2103.70520585912,2114.019084395507,2102.2166666666667
69727,1352,28115,zip,NC,NC,Mooresville,"Charlotte-Concord-Gastonia, NC-SC",Iredell County,1101.104137342628,1122.7724484235737,1122.571747987171,1121.8908668381462,1124.5676691991298,1140.0197016763773,1132.4134620376763,1146.1997451505117,1140.988726495131,1155.5027704255235,1163.820189511483,1173.9225486775651,1176.2391563758638,1172.3710150242398,1183.1811191131553,1190.0961902103818,1196.0014087903076,1187.232721942129,1194.4766094151357,1192.0873309713604,1199.997339999858,1195.5773554432647,1200.2542781125408,1189.4878275089204,1193.0680851817995,1195.5167695430873,1211.4009688702492,1211.5183744025724,1206.780175994897,1204.4069273506182,1210.819484308371,1218.9223511237733,1220.311484777026,1225.4603372078698,1227.4796875269246,1237.5180111109712,1239.0271779779491,1241.949345003648,1244.7004453922775,1246.863972069679,1264.2594960044282,1275.9405396885911,1278.9485477052826,1281.6796093230203,1278.0363003110706,1290.00232006819,1282.8432338397652,1293.8603885634434,1291.7284037072054,1305.4678068144642,1302.9280249332255,1309.9681102081752,1307.9302954891941,1312.1358566335734,1316.3424269718762,1321.4200522765698,1333.5591283483668,1333.8346279270127,1349.0031145419227,1349.4870029739077,1362.113315516157,1362.4258903953703,1376.3207367831183,1377.3071269290806,1389.5437155926313,1385.9524990577725,1399.537087392038,1417.862887423857,1423.2612947354671,1445.733552169324,1442.5780899511985,1474.2340899452638,1475.3117423328283,1505.251294850692,1511.6305640671387,1535.256999646912,1548.3106797687885,1580.318778508587,1593.53556305065,1600.9916595626983,1625.5899494141727,1642.2012358712086,1669.9392697751164,1666.336459761299,1696.3734340026706,1700.7404498779251,1716.3375504706705,1717.0906955125276,1728.1746255365922,1726.4537866742792,1741.6365467098833,1748.9264740051008,1767.8622137696766,1772.409471549097,1783.0359738200448,1792.336718962319,1788.726345261621,1802.5568376961241,1805.0554800106452,1819.8897313830366,1837.2676810098692,1852.8693071663254,1862.6920275698765,1865.62997367688,1865.0194845137505,1867.2967866096253,1866.3760053360445,1866.4861375680719,1881.891764722534,1881.7256417076337,1905.4509837692547,1911.9376337287592,1920.407851705599,1916.7596159643674,1918.1365301610736,1926.8560102350777,1921.2132212589527,1917.3470255339798,1918.6980766580675,1943.3602973051138,1957.0351133925178,1976.6700690667437,1972.9272040554022,1970.8984443300483,1968.801755854773,1971.7976944435698,1968.3398942955457,1978.6682368676632,1992.1150350548419,2005.8624347741147,2014.912551483744,2006.162560796168,1999.747993301099,1993.7137834440605,1995.5345672135443,2002.513674251674,2007.6193798067432,2015.364954949611,2025.8153592133935,2023.1416361416361
69842,1379,28306,zip,NC,NC,Fayetteville,"Fayetteville, NC",Cumberland County,,,,,,,,,,,,,,,,,,,,,,,,,,,,,,,,,,,,,,,,,,,,,,,,,,,,,,,,,,,,,,,,,,,,,,,,,,,,,,,,,,,,,1418.8798355971558,1434.1482643852835,1432.9886169589975,1451.965115383065,1457.9092942018258,1490.8954902692685,1503.8950926877826,1535.3602210759052,1549.1842336102425,1558.3194736047403,1558.9066804280967,1572.3478380530573,1574.8778825035834,1581.6337090485706,1596.0040761467296,1602.670163632991,1619.4725258617266,1616.0733858896542,1618.0287931356213,1614.1193225066843,1600.8505608430785,1614.5180628072924,1624.673700083714,1644.164304223033,1650.7959526721424,1646.497070475463,1661.838727937532,1663.493908698383,1672.8490947598555,1672.3867414556837,1682.3326144488838,1677.7921697897552,1681.601730024062,1674.6386634351372,1675.9572360006916,1667.2691823492721,1681.0722483854715,1700.3248218725914,1715.7350776900653,1717.1062572660849,1706.5097079729217,1704.5110921565692,1710.1560123449012,1716.404316190111,1727.7911418231956,1734.7370261314982,1738.6713346511183,1743.8291434511948,1739.0434194519376,1734.0767869997453,1721.3036779608306,1726.8059923048218,1735.741792060867,1746.1689375571548,1744.6907965323753,1749.981684981685
70604,1397,29621,zip,SC,SC,Anderson,"Greenville-Anderson, SC",Anderson County,,,,,,,,,,,,,,,,,,,,,,,,,,,,,,,,,,,,,,,,,,,,,,,,,,,,,,,,,,,,,,,,,,,,,,,,,,,,,,,,,,,,,,,,,,,,,,,,1187.7784003857246,1190.0771825353092,1194.0475075320705,1184.295331740832,1198.2352055268948,1204.6334720284606,1187.0401045859292,1172.1233692247322,1199.7566759801232,1260.638340951382,1281.8542421381046,1281.749033187381,1247.5680219908731,1264.2708071230159,1256.765760590587,1272.5715757797466,1289.6361184124141,1298.0129185704443,1327.0933874488776,1308.3919500871841,1304.355616397455,1260.3284084951042,1276.0636430988086,1287.3841601924396,1323.6652588613456,1312.8489298194115,1313.249736021021,1300.3415113061446,1297.7125719325327,1306.4761378885776,1298.4420788917832,1327.1177995280905,1325.9644076521727,1339.5310057313734,1330.941254981273,1332.1765861126455,1327.0333565081467,1335.316589385416,1347.5914427151565,1360.2237951981797,1360.1386657592457,1355.67321703112,1360.1951940129682,1356.978990362345,1362.0454545454547
753844,1432,29486,zip,SC,SC,Summerville,"Charleston-North Charleston, SC",Berkeley County,,,,,,,,,,,,,,,,,,,,,,,,,,,,,,,,,,,,,,,,,,,,,,,,,,,,,,,,,,,,,,,,,,,,,,,1475.0809147792795,1499.967672118147,1504.6752051085853,1517.735047338518,1535.5047213940115,1546.4728632962112,1549.6752754375723,1557.8873310037673,1584.231881534623,1623.8506718077956,1658.1687754371585,1666.39477593567,1679.9730814327836,1688.616465200574,1714.3657985539262,1725.8376059587101,1737.2876303396351,1739.7044969575609,1761.1622007246472,1775.342433888641,1795.1844899114317,1790.7989332431791,1798.6771943125257,1808.6813430169398,1824.2034390029644,1821.2375835710689,1826.9944309247621,1837.1939749009066,1869.107102806357,1879.6157233414513,1885.2129333635517,1884.1478023313618,1882.4652643957154,1887.2370622174888,1877.6745617751003,1870.8962405188258,1863.6644392417913,1878.4789200397404,1888.8120445922664,1903.1603916278646,1892.8504249138473,1892.2656649779715,1887.8173132474624,1890.4289646585469,1895.1391449161447,1896.896336606251,1904.8535429972083,1918.3234783329701,1925.464530490599,1933.7839634534491,1922.1399145506996,1905.2973188126355,1892.8638154439668,1898.5947966967142,1908.5635075746695,1916.7093524230277,1909.5288395048838,1907.8226120334716,1909.996389676415,1907.432494171231,1908.8097570755403,1903.1000125232363,1912.5218073573838,1924.1741669684452,1940.6670071337464,1943.7809180372024,1946.5573480432204,1949.5983333945571,1964.3022315572648,1976.7051470706485
69718,1453,28105,zip,NC,NC,Matthews,"Charlotte-Concord-Gastonia, NC-SC",Mecklenburg County,,,,,,,,,,,,,,,,,,,,,,,,,1181.298179076237,1172.024928211451,1166.2926495360546,1172.0260890151158,1197.656084104551,1219.2621584586987,1226.6895547036293,1224.5695448260292,1230.0435053200572,1235.4180304618324,1236.8702925294344,1221.3691757423862,1219.966479295121,1243.6928748144494,1260.2609012093546,1258.1516045235423,1252.677886847989,1249.089914733033,1255.2637359492182,1254.3468971947834,1254.530669322013,1262.4033704298067,1281.2763475298932,1280.6802031416455,1286.803297808532,1283.9862802817916,1280.9280796983298,1291.386096370748,1296.6853526472805,1303.9161527306953,1304.8237605740696,1316.8921944681867,1326.1293949208366,1327.6995144389205,1322.7880312128225,1340.058562097389,1347.8288367983857,1353.6280333047148,1356.9282611261388,1359.61749542356,1366.1925556644064,1355.1923920268923,1372.7620893815995,1384.855364647676,1403.2438147512742,1408.9642785914068,1435.8139530211224,1438.2110818906633,1449.9304182218682,1452.7913515593668,1460.5881954036854,1466.0904250421372,1478.6484634438573,1504.6710017074424,1524.8480598844446,1552.6570694890681,1574.6222059873296,1586.1485136367812,1591.3747853754203,1619.2978980103405,1635.814002726852,1645.3504893512543,1641.6652929910028,1649.698849962229,1669.2808191741992,1690.2967513281162,1701.2875183661267,1679.815998870499,1673.1480852988564,1685.4801757918133,1708.523850070217,1711.941668464881,1718.0497634118801,1723.2574035035705,1722.9548076312444,1726.2940743203621,1730.0898762222796,1734.1829705334585,1729.8636422378888,1736.5751421792709,1733.6555970973984,1747.1590678828666,1753.300340937418,1750.7294172700226,1737.3848296692013,1729.1295360703364,1739.9891996138388,1743.6860975383472,1734.7185508635057,1723.5656029316858,1726.3377371302029,1737.4173549990578,1745.9996326473984,1739.2849523155699,1738.1846046485982,1725.0501196757082,1726.2640243970216,1738.2033576174397,1761.1848101051457,1772.5598788902762,1758.321156427732,1745.4970113691022,1731.4498792356167,1731.6201632863638,1727.5373822815109,1723.947256341031,1718.080547308166,1728.0841388661659,1732.2295509686749,1726.317620654437,1704.908141591026,1694.8487338242012,1708.8168876839281,1723.2906665878556,1734.5099383877016,1730.5271404749583
69902,1461,28376,zip,NC,NC,Raeford,"Fayetteville, NC",Hoke County,,,,,,,,,,,,,,,,,,,,,,,,,,,,,,,,,,,,,,,,,,,,,,,,,,,,,,,,,,,,,,,,,,,,,,,,,,,,,,,,,,,,1386.1819660359236,1415.4397206214826,1421.7827527404709,1436.6459835314224,1452.926791238545,1484.6545210835266,1488.2644761877036,1505.2320872590092,1503.4681254629872,1511.0842132004789,1532.770879154046,1531.43811562611,1521.097732503175,1527.5639239310094,1539.115243285858,1549.5985591894769,1551.7646626365633,1554.6879768459821,1552.6865630879472,1561.9205655898324,1573.6361689303958,1581.3184385501036,1571.7775851127851,1554.7753995474663,1551.3272658960689,1564.711024626977,1576.527019518745,1595.4539332103507,1598.2929430748038,1604.6033419246055,1618.545431456368,1632.2625166221696,1650.8412912352644,1656.1870473887425,1658.9428155456824,1654.6257831856108,1661.452493690626,1666.526805529772,1682.7843961340443,1690.4851645331391,1695.9478087948569,1699.319443469796,1697.1972712941754,1695.208853813912,1689.4680332726316,1694.4095906400016,1706.1088145743977,1730.540116554647,1740.787274208158,1740.2120342727476,1731.05459363076,1724.5593790657422,1729.7242532952055,1734.0251561953326,1740.5142563777808,1743.9670220500332,1747.7193562610228
69777,1465,28214,zip,NC,NC,Charlotte,"Charlotte-Concord-Gastonia, NC-SC",Mecklenburg County,1045.3823196437108,1050.4203034231696,1056.502106711267,1061.0239052191068,1059.3619699370404,1070.0068515634,1075.0606985742263,1083.4252641463145,1073.191847901406,1073.9536974781474,1078.2367824606777,1095.0477280078373,1097.5636227619962,1101.7336173810136,1094.7259410471345,1099.9413030604755,1109.0765267642078,1114.6874813730471,1110.6472314446744,1115.3750840261343,1127.5424017222465,1138.1738397706358,1136.2004289958631,1127.3097767971565,1132.366445589085,1138.8499480225812,1148.122729531723,1158.3596889361106,1165.2477564204314,1172.8856324407172,1178.741386240662,1177.736971273501,1181.3819630585747,1180.8694764858835,1196.9277432043486,1204.7802643162552,1210.7895105510602,1206.150507885885,1217.4531076883661,1214.1606494877901,1218.7619095594514,1217.9840389921555,1234.718199707016,1239.7537126705704,1247.9674463542867,1248.7992155813822,1252.6784301017913,1269.7587497634818,1277.8715689238327,1288.602748956663,1290.0519379441155,1299.4542708978029,1303.1836574148344,1310.704849678209,1306.9382525909728,1313.4358574169828,1313.3853623808557,1320.5636799389579,1318.6881368592485,1310.8716874281806,1307.6636599615003,1306.4353589360305,1346.5374763698876,1353.9141626719033,1367.5254368047047,1374.172159015279,1390.1661473796723,1402.076329718152,1416.0875526342713,1428.8602835206075,1448.1292515750533,1464.0913543598822,1469.7471056285112,1479.0317019073534,1482.9278957155216,1506.8094715640887,1518.8048749148052,1539.4133532323406,1550.0097246258235,1573.433352571171,1595.4146190722604,1615.136379147271,1625.3571332402807,1637.6119182967743,1647.338487498389,1659.1034965184824,1663.2598547580542,1675.8152875286457,1689.3620774683595,1702.5602186985811,1720.6505380236756,1729.6355062290786,1733.0633920345733,1746.6149324256744,1767.0462225126753,1783.7552689315983,1790.7049885340032,1794.215053866233,1800.2368313323575,1795.852237523593,1795.961633563243,1801.7569795203938,1809.8327247063635,1810.0558090413742,1818.9334590819276,1812.9517744127952,1807.7860576082892,1798.3423100015966,1817.5099461501977,1822.1326907355997,1842.8547982132031,1849.3309044511543,1863.8929990874296,1867.1476874279306,1858.9197452695344,1863.3134184259698,1862.6773655822005,1879.8199496650043,1882.2069776562787,1886.3337112851545,1884.0677113947531,1896.1973711454036,1901.001265490161,1914.337223311955,1927.8614417359338,1925.5802584131857,1926.9428497291633,1929.2240946556947,1937.1842120392014,1936.1315160221054,1944.7959305604256,1954.7788636966422,1957.195361978185,1956.279247220074,1952.5917835244236,1951.4285300456388,1945.1411657301517,1955.1887101919092,1967.2152326205637,1974.1391501219086
70664,1484,29687,zip,SC,SC,Taylors,"Greenville-Anderson, SC",Greenville County,,,,,,,,,,,,,,,,,,,,,,,,,,,,,,,,,,,,,,,,,,,,,,,,,908.7174323699655,912.7760327147633,914.2131046418415,923.292343954801,922.447209665172,934.2141570019222,938.0202357970808,935.1522019089982,935.1664711991885,930.6727467492198,940.6532333358873,931.394895852033,942.8807118290346,943.5289234351936,960.2797169794541,951.7260283493165,953.5164551344734,943.6779765673574,955.1029871650849,967.3480957771013,980.1275123351306,987.3622639844856,980.4074436550202,974.6183399197446,,989.0139885559307,1005.3828229476604,1023.2639887226826,1026.3159927021084,1056.921434133917,1070.8407155493728,1092.001179880562,1091.0941087405815,1100.4959840643785,1130.1910857404757,1153.3282791038203,1163.2606470889518,1152.9009865193136,1155.04884425892,1166.5859655085492,1183.712731712935,1181.5512155681374,1187.1303585735866,1191.41803962914,1212.7134485963861,1215.6767769900036,1204.9167594354878,1199.643260673129,1221.3523983393497,1251.1143718579765,1261.1413535955915,1248.502214400214,1251.9966658624712,1249.0242101704996,1256.7946086032514,1252.7051533278195,1264.9073912656954,1268.153872223436,1280.5567819956923,1290.2472746878157,1285.4591092633889,1281.434908625051,1274.5890928815359,1292.6932366209894,1296.8937228332209,1330.3529491176066,1323.4559306157707,1316.242608858015,1290.9470220836035,1306.707191653046,1322.039949552998,1343.3302159267591,1346.5126272852485,1356.969174078142,1346.6795703448486,1341.1167323708003,1324.2247304716532,1322.7321652180842,1325.9663799341358,1344.7312063305417,1360.810223753763,1353.1883408432777,1343.5983055402653,1330.0434095193266,1331.9462104319027,1327.1767659342036,1342.7316754133867,1347.1784714342118,1363.4503984431574,1355.8267308199024,1361.2286331376008,1357.157738095238
69934,1526,28412,zip,NC,NC,Wilmington,"Wilmington, NC",New Hanover County,,,,,,,,,,,,,,,,,,,,,,,,,,,,,,,,,,,,,,,,,,,,,,,1066.4474743530977,1074.7888842908048,1075.7826203893997,1087.0723894671012,1084.8196768737482,1089.900035975757,1097.0438986497659,1105.8848718696875,1116.068083559005,1129.4299945816576,1133.9382316978244,1126.3517506776627,1123.6204650893494,1132.6599446677276,1146.4187131906692,1145.6528494777958,1139.8958831725122,1139.8416645873326,1145.2367686728305,1150.7669002260786,1159.417740925174,1166.3111325139387,1166.3064748373686,1168.6916128216246,1178.1566600370713,1182.6608023318825,1196.0788282071092,1204.906755864429,1213.467322497506,1217.008370855877,1224.2089170564288,1235.3033453921507,1242.4093590396951,1260.3320515002454,1303.872105765341,1344.727223505018,1370.1249840936664,1390.897500281934,1438.2402991659087,1481.2108718401062,1512.3101610205886,1534.651175415844,1567.6618957574321,1590.3719102075336,1619.4676537072467,1629.2190845353896,1604.6556480405638,1581.2511424070415,1575.446950036695,1597.1205464635495,1579.3056991167286,1576.0560067157421,1567.4563396983547,1570.9793105927715,1565.5960813033603,1563.0727950776575,1564.1138364168282,1566.0546662807653,1575.927675131132,1576.1241821497206,1561.0443335267732,1536.9039595099803,1531.1846837431258,1532.838601105744,1546.8153290396244,1548.4105280775964,1544.7626686161536,1545.0107187473109,1543.160818542283,1543.0609287483544,1547.0327166270508,1551.683068268523,1565.6028096908599,1569.9116380527682,1563.9292634535504,1554.4024402473074,1534.3647395130472,1537.3794708768985,1537.6323833588988,1541.6248420531113,1539.8137295516767,1541.5749887182808,1538.6034268611077,1539.2872010433487,1536.9954110947144,1540.8914890162862,1550.4188645785732,1556.734496805221,1566.55264485648,1562.9666235329357,1565.582558309528,1563.5854094432955,1566.529687579497,1566.6983182161755
69455,1600,27615,zip,NC,NC,Raleigh,"Raleigh-Cary, NC",Wake County,,,,,,,,,,,,,,,,,,,,,,,,,,,,,,,,,,,,,,,,,,,,,,,,,,,,,,,,,,,,,,,,,,,,,,,,,,,1186.7692180881907,1187.0267006141257,1208.067587042615,1226.638335787141,1255.7494365997163,1278.9003767639272,1296.4926724434417,1300.5110756735758,1327.367132437318,1337.6373421945084,1347.3724612247834,1358.45423016544,1381.5231207906493,1409.4302367107418,1431.638243140142,1455.1971227968804,1458.205318352856,1449.0402200189208,1441.014849885763,1450.1768618689975,1464.2350205536313,1472.4161985766534,1485.9485270923576,1494.06184153474,1493.3096996827423,1482.067875748448,1473.2506703900494,1467.6242547675824,1471.2850015692877,1481.3040278999547,1486.9111377801528,1491.469214627708,1476.1996539222062,1477.187763159969,1471.3128983248807,1469.1633551318478,1463.045700024298,1466.4871312787898,1463.3682748886022,1467.1248185763573,1451.5639814361803,1453.062853144955,1448.1188481378708,1448.783988518954,1452.4203661966646,1460.903977911851,1468.3964022732853,1463.7364896125773,1462.8036607959882,1457.2130448838939,1466.4314902627762,1469.0671346484348,1473.4855749673984,1464.1568108386007,1468.1065012368726,1465.656684198776,1468.6763680930535,1462.497011747679,1459.8213662008502,1465.8922027877927,1472.947826745875,1481.3225471520072,1481.8938074183154,1484.1546446093419,1493.4715162029515,1504.9694163860831
69775,1645,28212,zip,NC,NC,Charlotte,"Charlotte-Concord-Gastonia, NC-SC",Mecklenburg County,,,,,,,,,,,,,,,,,,,,,,,,,,,,,,,,,,,,,,,,,,,,,,,,,,,,,,,,,,,,,,,,,,,,,,,,,1007.3126631078846,1017.22691293386,1022.1242363164458,1033.618523295725,1051.5181234749975,1074.319044927726,1108.1538000047956,1120.9961180231685,1140.5426389934235,1153.3418140659653,1177.4609696009877,1195.7063616367766,1210.80811601637,1218.7130171968463,1213.3874907549296,1222.7920087019372,1229.7036063224962,1249.8496111081881,1251.3832030995097,1260.6579537954901,1260.4031504287502,1278.5619776320498,1289.1102639253158,1301.6107151692815,1308.0433527914918,1315.0158038250922,1338.060459532631,1352.8895547462075,1369.440123313384,1371.1549011472373,1366.5238293130599,1363.3671078684022,1361.9895372862159,1353.0662948388738,1348.2355788888462,1348.3022786041313,1355.557798609175,1362.0204707282892,1361.7392536949862,1355.8442494072299,1345.448499795912,1330.641539293239,1343.7582266964598,1357.0424957887467,1375.0862291346468,1378.981204783821,1385.0150431896197,1383.3982362282702,1387.984492368682,1383.6264244336323,1392.0643174660343,1389.5967685749,1386.8895041528624,1387.067730014111,1382.3980422943691,1378.4938913291558,1367.38523217452,1366.7433183976093,1363.463812085672,1363.1634426888984,1355.706643840223,1355.0530815724796,1344.964014609008,1346.302307521246,1349.2500593392165,1354.2620924559233,1351.1554905685623,1346.6454420225266
69453,1659,27613,zip,NC,NC,Raleigh,"Raleigh-Cary, NC",Wake County,,,,,,,,,,,,,,,,,,,,,,,,,959.9358771849218,955.0904862833917,962.3238501125358,966.0432352439366,970.0839007506576,970.8047036482753,975.8563875651957,985.3654118247591,1002.3565647615799,1002.8473110703212,997.2875785081801,,997.5225121019882,1005.932344472374,1006.2400501603636,1007.5556964356646,1010.4481854256809,1011.954352373828,1018.5108298074521,1022.8561853286516,1024.5561885873392,1027.9572047782738,1028.90041092227,1038.8281877549055,1040.1956066221587,1041.1072618216729,1045.0832387942191,1049.1249809322428,1052.6749635495926,1058.0535319142964,1058.7237857238188,1058.7894147731888,1058.2170182568661,1063.092940959377,1070.7056453512655,1072.8128220722544,1077.7201885397967,1082.3671024520315,1088.1509438839228,1082.3526923694083,1074.1165440821103,1071.3129420076123,1080.13313685124,1085.1688861494686,1085.3022585899996,1081.2895317822506,1088.2865972851012,1107.421694749015,1119.2079897942942,1122.8659656415612,1119.0010728656737,1132.2070764377359,1154.1409863298056,1180.2477499665222,1206.0192677927355,1231.648338884428,1258.3175831646836,1282.8115967310537,1297.7526383717425,1303.7590277732716,1312.039815360409,1326.0628277273913,1345.8061053807294,1358.9859634893974,1368.913067352725,1381.61049663511,1392.0834914704906,1394.0992774234035,1393.6701759164182,1386.9976411597288,1391.0025793883563,1397.6231258466794,1407.9176035120813,1410.1849116168166,1413.140571377774,1412.3124245566457,1417.922710187289,1400.752687592262,1386.7789045869683,1379.5484381079148,1387.5429240432813,1403.4563320954196,1403.3331119391564,1391.4309895311742,1381.4965307341372,1384.1924605246481,1388.3262559673562,1381.8355398354715,1371.229963005149,1375.8813126208793,1382.8912708189623,1388.4751880940546,1382.7801710189033,1368.3511277139971,1354.2213327128666,1362.3168519183837,1364.655261384027,1366.9357037952211,1372.6391669405411,1391.799415054857,1397.8717534918885,1391.5462923556909,1371.1307952672328,1369.5219418772765,1369.638019550792,1373.8132514171461,1383.7310776753968,1382.1909884011434,1383.597465170232,1380.7451980282715,1374.6230705825662,1364.6554815005245,1365.861913491483,1373.677600874837,1390.837992304318,1394.2382352941177
69961,1664,28451,zip,NC,NC,Leland,"Myrtle Beach-Conway-North Myrtle Beach, SC-NC",Brunswick County,,,,,,,,,,,,,,,,,,,,,,,,,,,,,,,,,,,,,,,,,,,,,,,,,,,,,,,,,,,,,,,,,,,,,,,,,,,,,,,,,,,,,,,,,,,,,,1558.427640477572,1580.0668128775158,1593.301079437544,1597.541217169259,1583.9599587373693,1572.3814426486695,1579.9871085013247,1600.571786088847,1611.247596971325,1623.1783779168493,1614.3010793683814,1603.2459005762603,1588.5450024741647,1605.4749985249034,1617.6080112406587,1624.671517063287,1617.4052800855402,1614.6864700214048,1615.9310820851892,1619.084307969943,1627.1088871597392,1649.0750107578594,1665.6675761999454,1665.989049775283,1647.5072061878739,1639.493866516587,1617.092592313239,1605.8188733620539,1596.0939213313306,1603.657693730123,1608.058065376322,1604.4653090738123,1587.4276121398664,1579.112671739311,1577.9893203002398,1584.3371255157808,1603.347226440099,1599.8112495904068,1609.401411450027,1615.0557796596577,1628.6162206444756,1627.16895792618,1623.395491419816,1622.7246410867206,1633.1750582817342,1631.3965684348605,1631.483888888889
70358,1666,29203,zip,SC,SC,Columbia,"Columbia, SC",Richland County,,,,,,,,,,,,,,,,,,,,,,,,,,,,,,,,,,,,,,,,,,,,,,,,,,,,,,,,,,,,,,,,,,,,887.0492160772078,891.5014827934156,888.3284224034481,898.0446839586862,910.9221481272374,922.9681878055609,937.2147338191102,945.2081893895485,947.9722835150475,944.0653454662288,974.8760184359256,982.5504606830126,1014.266689852828,1026.8841331941908,1056.4303743631845,1060.189195538714,1061.9105510774682,1062.668063257993,1057.7798657695735,1058.8436216331959,1079.1131757876333,1104.573924219106,1113.620160873361,1120.625051483179,1106.631679301485,1110.4312615000144,1113.0232713461571,1139.3887860146774,1159.5627096989392,1168.7506243312916,1186.717399839295,1197.9735633592754,1206.8288996339923,1213.6217835253385,1221.1244838627297,1238.552341435406,1248.5473013564642,1257.5855154290343,1261.040326787851,1267.1162726334683,1274.6953082707735,1287.650276306784,1282.8858704481306,1281.166839277909,1278.3077136858317,1286.780079096816,1289.5539414790262,1284.6362977160868,1299.8335094914437,1297.7044658622249,1308.3393639537992,1292.3049462065403,1300.6447003424937,1301.6061587616764,1321.847708757687,1338.4605291912083,1373.3719043213962,1376.0107221507487,1381.7090735907964,1368.0104243603967,1352.27398156752,1360.3599551778525,1360.443309295361,1375.1725924179982,1371.2985195439267,1372.5889637407804,1365.2099510967496,1360.1352957915876,1341.3685564698246,1341.461620360743,1342.3405114789714,1358.5088775868926,1368.5092592592591
69700,1696,28079,zip,NC,NC,Lake Park,"Charlotte-Concord-Gastonia, NC-SC",Union County,,,,1211.142543790433,1211.671694446059,1216.115468631196,1202.022860108999,1201.6059511878184,1213.1974281983094,1224.0792575664832,1236.6380016754533,1236.4133355193337,1248.663228317799,1248.1858591317296,1256.4448938007672,1231.2564823780342,1224.1243575530964,1233.3435873153085,1261.3629226816802,1280.3866500421666,1275.2564692428532,1281.1278790590109,1276.693967598518,1283.8543806000048,1283.6127188049884,1290.8791111763917,1300.5236859871195,1308.5057924935547,1316.0148047569535,1315.6308380446405,1315.3999763100594,1318.5588713880945,1321.441791684302,1321.4540788790014,1320.277962871088,1329.824259415161,1334.2733310418823,1342.82539047655,1346.551668953207,1352.1692782403125,1357.359149343063,1354.4865396111159,1352.6067363953555,1354.7172497931301,1363.749173996667,1367.1981298575604,1369.1842372558851,1369.8593130259399,1371.491496081066,1375.256121056838,1375.6966367177536,1381.8176166549317,1385.6007024045698,1396.2075097681882,1402.776432977858,1406.377434205683,1409.6788620986517,1416.6978414945345,1427.9365346433783,1433.1549001226124,1441.7745619515933,1445.9469489871944,1446.806926073245,1446.7408689809736,1453.088441508244,1460.6616916425621,1467.5995059309166,1483.5974204861488,1492.122712174247,1520.9124743679565,1535.1280228195344,1539.1871795561658,1550.2333682186518,1560.039158732531,1580.3472093809332,1594.2788028149953,1621.785340897382,1641.1894815259404,1662.7276518209678,1662.9978155703564,1693.5641882264292,1695.5911496066478,1700.6389474986377,1712.5016054478392,1718.4053065062205,1734.472091960958,1737.8237556232357,1751.9030853618124,1752.049693233574,1766.684346558081,1791.5007980232494,1824.8775754598714,1823.003556805787,1821.5095976231357,1840.7610895769462,1851.4879902859648,1868.1578994583006,1866.3510085990238,1883.4960313577044,1883.208520406167,1890.4943119607685,1897.9317906560811,1896.1448594652802,1897.4032134654485,1890.8695443246133,1904.222335403503,1894.5455101261844,1912.6616354176824,1914.8780918020902,1932.2609480150315,1915.9155461161592,1924.1274858635652,1918.595561539492,1919.3882856978146,1906.1715964036237,1914.0620476576955,1917.738158598845,1935.0745078216275,1954.893512525865,1964.663542978967,1977.9259343612166,1963.5938485140516,1969.3725475947892,1963.5379882448829,1973.1695816082038,1965.61372253299,1964.89178441416,1958.3247009941538,1964.5853764043368,1952.894153702931,1947.4647192302914,1939.3085025792857,1936.5716356631322,1951.698100421475,1965.9511180055508,1981.8667152506332,1993.148692099875,2015.553357560647,2043.1318562079568,2066.3623937790603
70498,1723,29466,zip,SC,SC,Mount Pleasant,"Charleston-North Charleston, SC",Charleston County,,,,,1379.8909841794623,1398.5301704793058,1415.2517979017464,1406.6662556111278,1385.6995097651886,1369.3920427272994,1368.7801216466908,1381.8204460678296,1383.8833076827848,1397.562104968321,1403.6535879943433,1420.5171262895717,1407.1879583797552,1416.209211253384,1417.134036213526,1431.7032062614157,1426.4004172148254,1421.9751215211875,1420.2287175064243,1417.7838765035845,1429.190902483697,1437.7146552745367,1450.398122585077,1455.971756956793,1464.2935216475557,1459.2999583801138,1452.347649583865,1450.9826663984163,1481.897704026279,1499.5528785722931,1515.8865951580374,1503.5201303870351,1505.6026451969974,1496.892482131792,1489.811219923011,1490.2639206332578,1494.0758275604892,1498.2300119736863,1510.0094113662556,1522.921144167203,1524.743869497489,1528.168478114938,1518.3272799756892,1521.8900587083515,1527.7870459639555,1532.2817435952363,1537.3409390484458,1538.141441971191,1540.806773811765,1544.9079469319856,1545.7845836549552,1540.952329956907,1533.1213766180383,1530.4471071154744,1537.4777503067883,1547.5904975410049,1546.3979725146708,1551.4731748106062,1553.530985397193,1553.1990227770152,1541.1692684114703,1554.5745217824278,1557.095611311743,1579.5348734944857,1590.4264344885794,1598.4995197974838,1603.7089395095775,1609.5671764224705,1618.0645685970774,1635.3232517153283,,1759.3718595470846,1801.6973320793284,1799.7248012019986,1818.3131005361602,1837.3298724411338,1870.264930667597,1898.2577887639545,1929.8684598991688,1951.156899880721,2000.8133606715624,2027.716959436734,2021.5906185136103,2023.9272806436213,2055.1272313739964,2095.338217257126,2133.66354179567,2153.144655268808,2168.2240457174244,2161.525473753064,2139.358559775136,2153.1287259429314,2153.8245662988083,2170.263105807713,2173.351134290022,2194.451165395029,2208.523881683885,2227.0596048176963,2233.677644643719,2238.219499452609,2251.640639055504,2265.5843384055815,2309.378139670481,2325.8914192219695,2340.8519613413487,2323.4745997828386,2320.8351211948975,2317.669519052479,2299.6166020435535,2295.414924761754,2281.030628337673,2293.374982422957,2286.281153821547,2309.310469132795,2302.7647311891687,2315.958550864036,2327.4856005742713,2338.383869620215,2362.6585936428737,2374.1609328040054,2425.0833899832924,2429.2584634064565,2429.835906216519,2407.4675683247306,2421.1275502728145,2415.7436160941293,2422.826749551009,2421.537874880757,2424.9678495594326,2442.292335722583,2446.807978142286,2457.8703188046497,2446.900508819383,2464.4595686692883,2493.4342596978845,2528.786858974359
70238,1738,28806,zip,NC,NC,Asheville,"Asheville, NC",Buncombe County,,,,,,,,,,,,,,,,,,,,,,,,,,,,,,,,,,,,,1125.3551872258035,1131.6268302687026,1151.9413511931912,1142.076748754546,1138.796443227754,1132.836657926767,1142.660616266165,1137.9429196252252,1157.7320328028736,1176.2292844837768,1181.6489696453516,1193.4076940237126,1190.2795649734348,1178.3545745174163,1161.0529953505932,1174.50835849821,1187.539303909586,1200.092785406574,1207.7307336478161,1222.1917858366642,1218.2536791954583,1200.5921691227506,1201.0654727153478,1203.4269101363711,1215.6060620246144,1231.419388372964,1233.6363765557437,1237.1948095405153,1228.4176754194102,1249.624502881274,1265.7655078919618,1276.1351905614654,1276.629451734968,1275.4874473159011,1293.0770419623366,1301.7496489711377,1322.166456839122,1350.7545792000049,1371.7126228957354,1394.1398396229204,1399.0465636735646,1413.3322154119726,1428.3288275428313,1447.5196260036366,1486.12494416942,1507.4686372945132,1510.3554066118418,1528.084592018248,1557.8389132668103,1589.5215893388083,1599.3153492649565,1609.986974087544,1627.078123182778,1640.5740566929692,1638.7989504506015,1653.860038808293,1654.2127499624473,1678.110526629291,1689.0828696300716,1695.025441118856,1690.3098010231322,1676.3683754000504,1701.0184769551113,1713.7372715310473,1742.3820666854347,1737.7997138130413,1761.4739650707995,1756.2853639417542,1758.1817969168778,1755.058777237694,1771.3103055770189,1789.3899596726824,1777.7998705817565,1787.60376438787,1780.862165222648,1790.3850961004994,1784.3403164789272,1795.5177984819406,1800.949338453087,1812.1967271607512,1831.1506113154164,1834.7198737777492,1844.855594554141,1827.4722577320433,1838.2716006933892,1817.5535373455305,1799.0462986595126,1781.814408571074,1783.4021645735081,1799.0206843589597,1797.8313965527927,1801.388435776534,1792.0168698712341,1791.7099974755317,1779.979718380197,1787.2644173089955,1788.9987136734098,1804.9752677853828,1819.495357533371,1827.4167897844045,1824.4352534087166,1808.789593122518,1803.395314447064,1796.8059172809171
69208,1744,27105,zip,NC,NC,Winston-Salem,"Winston-Salem, NC",Forsyth County,,,,,,,,,,,,,,,,,,,,,,,,,,,,,,,,,,,,,,,,,,,,,,,,,,,,,,,,,,,,,,,,,,,,,,,,,,,,,,,,,,,,,,,,,,,,,,1024.8559699034154,1020.272613029556,1028.8963810437783,1035.1462159503667,1034.9303910206886,1038.1357531605224,1040.861095142899,1053.0874727339133,1046.0180620698238,1043.595299206547,1033.1806296364496,1046.6089105273165,1061.393498064197,1076.2523096149537,1075.534026133907,1076.6143543247347,1074.3222226550868,1071.6779781116345,1073.9742279755662,1079.1018655770192,1098.6838036513213,1094.7950094489802,1105.4677040709855,1105.8229883958907,1118.3031972434617,1117.0791252690542,1111.8220562573888,1101.5318869331409,1099.9252744133253,1111.023382135887,1118.3605319137241,1135.448823503768,1140.4341220918611,1145.0707084878331,1148.664015187852,1149.525450758515,1141.6415356923007,1147.5944354359433,1161.7234072149786,1179.2996399137396,1192.9053083572826,1195.7969128451948,1198.981909739042,1190.8424159988574,1189.0584822138183,1198.033040178964,1202.0881766381765
69412,1749,27560,zip,NC,NC,Morrisville,"Raleigh-Cary, NC",Wake County,1210.9218759501064,1202.365199428946,1204.383616160108,1211.3921670690138,1217.1483177652165,1219.4943650653104,1220.5337967219352,1215.7537919157974,1216.5222062468445,1217.5079122705208,1212.4055044085935,1223.6148175276971,1224.5712625491512,1235.9102800379294,1231.6377260973995,1229.8167580776849,1235.8775794434812,1240.7448574939126,1249.6379927198857,1253.6593962249096,1257.0071774223188,1253.2394261495083,1250.7173674989501,1242.5496776856985,1250.7884528939996,1253.6239941433566,1266.2454049959522,1267.6225055625514,1269.2288301439517,1265.4479734604527,1257.8391666584914,1260.843786879332,1262.3753876155088,1273.4743964544243,1274.5824574843018,1267.1022734450453,1256.2213606323812,1258.1305648920993,1261.944727908868,1274.2005604663088,1273.5604684317536,1276.971717373794,1278.5258017061014,1281.2547412965018,1284.9997112607496,1284.5099057320188,1285.3265240943583,1288.7165799111979,1304.36563940904,1312.9867656449296,1311.043488859453,1307.4858141584,1312.3805815033313,1317.1757113774504,1324.5719617098923,1327.1863332444818,1329.7159999403445,1332.2607917178411,1338.4934399128904,1347.438261717423,1345.3651273040787,1343.2959844629881,1333.8876157406448,1339.8831554716112,1337.4665731017224,1333.9426647013424,1332.081672865152,1330.3151410913717,1332.3708904092523,1346.4237796693942,1354.8099087673527,1357.574082702832,1378.8649916052746,1395.7949706364045,1420.159877584644,1422.638543981705,1450.5202723713633,1477.1549642194238,1516.8565255974113,1548.6995243592683,1587.333158350384,1598.3509649373777,1619.6384735270867,1623.3702455226705,1637.7488419766153,1643.3042503707668,1655.820901735712,1675.9040718905455,1692.0491624421234,1716.859647218466,1725.8939969636822,1734.280270968885,1727.7953846493094,1731.822083688041,1728.9435613738665,1740.6479164901502,1738.5858713129146,1742.838963204348,1746.3326989952257,1751.3462757876925,1746.1077540831468,1732.2664610801226,1722.188428320298,1719.963582911178,1716.7890161470364,1714.2732675292696,1713.4048511900676,1720.3790963382353,1717.7367790101134,1720.609499880219,1703.7042189712313,1702.9174197616019,1690.8533232605382,1691.1155598763823,1683.7255294164815,1678.024901776744,1676.3879058909317,1679.3365600122618,1677.2830852564587,1670.1954382756214,1666.4587762587723,1661.712851766315,1664.0782636633712,1664.0653693801794,1672.0149309299077,1666.365114032435,1664.5066794954616,1655.2769564953248,1654.594411430337,1649.4996241131507,1648.8891686498537,1646.9150873814535,1649.7875561681078,1650.7425857001533,1655.9900238675202,1656.0626705246034,1658.1951803482843,1667.1487457901164,1677.6147715301202,1692.6504140786749
70457,1754,29414,zip,SC,SC,Charleston,"Charleston-North Charleston, SC",Charleston County,,,,,,,,,,,,,,,,,,,,,,,,,,,,,,,,,,,,,1197.158752814779,1226.1148223591676,1236.3721928178536,1241.0333082970685,1216.1583708314295,1218.0277091094251,1219.7185656463591,1231.5776805236646,1225.8527569041155,1226.0846700326354,1226.138895645822,1243.8716015419564,1251.3301383525404,1250.5413264576932,1249.8216613769703,1258.011363063182,1275.1709960077394,1279.3250341756816,1281.4897246147973,1276.6953328018396,1274.7098867106567,1277.821363565969,1282.4675252903128,1282.0649868722478,1276.163834709622,1266.5514637541398,1268.2861239455376,1268.8211906208005,1270.1198683922105,1270.3295713629207,1278.7675343379863,1286.3886681556226,1293.252744194855,1287.7172743759427,1301.6510294492314,1308.5281148518618,1329.9715704159382,1339.7799547395093,1350.762063984314,1359.339940779905,1378.1528272283817,1395.0500760249956,1420.0733450631162,1445.6526190633297,1488.8851497735598,1528.9346418490811,1547.0116895205463,1567.81498055958,1576.5014440171008,1591.199920145443,1603.0325210988638,1633.4241052675984,1662.1074304689369,1672.9151010505589,1684.028770058736,1696.6552598794085,1699.4567225302549,1708.562784079953,1719.8670365946991,1729.9052229038834,1733.410976038297,1753.9655332660875,1778.3208455194956,1786.4893353117895,1779.2832005586881,1788.6038222496945,1794.9805386860833,1794.6040437708577,1791.3792105976065,1784.1254834791173,1796.4807416561914,1806.527069732534,1820.0401532586181,1813.5919328441173,1812.5546196100522,1814.4426685290325,1824.2368773505275,1826.925191821511,1825.5090354032088,1826.890472151325,1832.0680289146076,1834.6750640819623,1820.5072288492079,1815.4605053221014,1816.1156079266823,1824.3765164411413,1823.0695545857832,1832.7451622241083,1838.5794587858302,1841.878273015102,1842.4274150850151,1838.2667696313638,1844.421054580467,1852.839738319036,1864.790439422424,1871.1760167878713,1873.4039556849657,1875.8098591214589,1882.7054428256597,1882.8706277056683,1885.8410740403951,1891.8684489083225,1903.0589373143112,1918.3065796210958
70679,1778,29708,zip,SC,SC,Fort Mill,"Charlotte-Concord-Gastonia, NC-SC",York County,,,,,,,,,,,,,,,,,,,,,,,,,,,,,,,,,,,,,,,,,,,,,,,,,,,,,,,,,,,,,,,,,,,,,,,,,,,,,,,,,,,,,,,,,1638.3157309581222,1668.3649665840112,1672.5960376149987,1692.061387309747,1674.4721227935368,1694.0465367255479,1677.520985743781,1684.2935758116666,1670.9865528963383,1670.6912431662058,1679.4306672090715,1687.2376119212115,1710.9594027058076,1688.7565815488233,1688.218666606809,1666.321312452363,1674.1134021677926,1666.8290021534126,1681.086629666883,1678.6393309110595,1679.6500835008133,1679.700941893673,1694.8429851178814,1712.4084321057667,1699.8229994737494,1695.3045497913035,1695.2628169567815,1704.7313901411376,1709.5838729528023,1692.6062535289113,1685.7456216422665,1674.8564902003016,1692.1449155846378,1721.4484901159624,1727.1304180108327,1731.3849287661062,1710.843457088026,1725.2101965575127,1720.6553177470762,1733.2093658164808,1735.6180794894394,1754.8224974953982,1761.9615636398678,1776.3402115395588,1769.567187735598,1751.6797802319886,1743.3460180405532,1736.024724067043,1758.0463027232365,1758.029641474902,1766.5519464116185,1760.371568627451
70631,1802,29650,zip,SC,SC,Greer,"Greenville-Anderson, SC",Greenville County,,,,,,,,,,,,,,,,,,,,,,,,,,,,,,,,,,,,,1146.949207365217,1157.1107580171708,1149.0228117523127,1156.9386873438266,1157.7882612318945,1163.7748403915043,1166.8548466609034,1169.5494906458784,1184.456680329654,1180.2532793428547,1185.6205944087596,1172.6737022295538,1175.792637215006,1184.2645146204763,1191.5240325131724,1189.3255970619962,1190.9431497878932,1192.2373618613938,1197.034675064284,1202.0524953407783,1194.1044491683294,1195.4798188587317,1192.4913359302807,1198.61598697098,1198.3737949293547,1189.7465004068808,1215.5258826907677,1210.8800355072026,1227.058576020676,1225.9919257330068,1240.6291031223916,1244.0695732010909,1255.6689247894326,1251.994772702052,1260.0236445717953,1272.0311540593136,1284.115938903564,1292.6558849827645,1292.1834248387984,1312.0547734567847,1315.3309188297508,1335.786219043557,1337.0524806228123,1357.4064656672358,1355.12001321173,1371.0756048551734,1383.5542998042617,1403.5023939217156,1413.3576529839538,1421.982755619761,1426.9545881600739,1441.5088782834143,1459.6233517330463,1479.8575408054564,1497.484704391749,1501.9350605987006,1521.5123355567202,1532.3328270378229,1534.258516337243,1524.974894918588,1527.718850896016,1548.1130021163244,1560.1878881540877,1560.4352533774056,1559.9803454341409,1554.5370818198403,1552.1387317106312,1551.8774702606772,1558.466736529377,1563.0069188942348,1572.6507253646444,1578.8671948196918,1590.084093897879,1591.7106464331434,1604.9858944786356,1601.9097988119315,1607.4141027490039,1605.4202144368837,1617.795484246384,1620.0168025375178,1615.0447079303874,1600.5396233805461,1603.7458129928498,1617.052229543738,1632.2045377039306,1644.416387535914,1645.8811215236829,1656.5216741615545,1653.6832992746172,1648.7953515477102,1646.3688222579242,1652.4078180795048,1658.6878127637472,1674.5005582245587,1676.239613007337,1673.946240610095,1665.866962329753,1661.5281382570988,1661.7474012920445,1665.4603095054713,1675.4037052012725,1691.8611366025596,1699.0054443401334,1704.7212475633526
70681,1820,29710,zip,SC,SC,Clover,"Charlotte-Concord-Gastonia, NC-SC",York County,,,,,,,,,,,,,,,,,,,,,,,,,,,,,,,,,,,,,,,,,,,,,,,,,,,,,,,,,,,,,,,,,,,,,,,,,,,,,,,,,,,,,,,,,,,,,,,,,,,,,,,,,,,,,,,,,,,,,,1913.5405821669776,1925.4872540545239,1954.3782576877943,2016.6615116868427,2007.6138775630004,1990.2441785379863,1978.5510365602895,1983.7989585711246,1986.8397118175876,1988.9682805253049,1988.467873597713,1972.4951483581222,1967.524764422433,1981.1789313784825,2000.1340953167073,1981.690228013678,1980.9338007124975,1981.4792973049769,1984.3355575644875,1997.4700647239313,2009.472589586516,2040.8164609960554,2048.569444444445
70708,1830,29803,zip,SC,SC,Aiken,"Augusta-Richmond County, GA-SC",Aiken County,,,,,,,,,,,,,,,,,,,,,,,,,,,,,,,,,,,,,,,,,,,,,,,,,,,,,,,,,,,,,,,,,,,,,,,,,,,,,,,,,,,,,,,,,,,,,,,,,1156.700835230188,1172.0318018176597,1179.2677493093217,1176.9154296814177,1177.667854571147,1185.9760725297785,1201.8668304004768,1193.473069577176,1197.8119715979756,1184.048413217094,1183.4817682677938,1174.8101618598437,1185.3154637956873,1185.3605386916593,1188.8108069928164,1191.825984091279,1199.9237893277696,1210.0132612020343,1211.2366015307582,1228.7696699553023,1233.7024095273198,1245.931326298089,1253.9722587320668,1258.2877452987693,1245.6245550662852,1240.7491080518619,1242.6796139663463,1263.370033521422,1261.944025873622,1265.4529327630014,1257.7151161900156,1263.3402396585598,1268.209048238949,1274.2540724901519,1276.7265963627565,1283.7130782295255,1292.1250131056338,1298.7912664717685,1298.4864101709754,1286.0237480583946,1286.869537135443,1281.6653647414316,1286.840546277453,1277.8468915343917
69397,1833,27540,zip,NC,NC,Holly Springs,"Raleigh-Cary, NC",Wake County,,,,,,,,,,,,,,,,,,,,,,,,,,,,,,,,,,,,,,,,,,,,,,,,1273.8471446477997,1285.5417567102083,1297.318139191592,1291.4329977630264,1296.8937869504166,1299.422144574445,1302.5123083253457,1315.2878975788547,1312.3884530223766,1316.9153018020793,1315.5105683682932,1321.5878556912885,1331.0259369165526,1328.7171995318631,1325.4708851249427,1322.997089263305,1331.5568341009082,1339.6733768691577,1349.7261079127093,1354.507569956095,1360.165474730196,1362.7732424706942,1364.568047852328,1377.8519390442534,1382.0934378271195,1405.583533884931,1403.4713737701197,1422.0123161578442,1426.7286203003364,1457.6726790105326,1458.2621004887094,1478.5339165426115,1498.4641244086806,1528.7700974562715,1546.4606656804845,1558.8205775193194,1592.060741711698,1605.301141738112,1630.7364697392509,1620.8276643728166,1623.7665058081432,1612.7411599437194,1632.0534314193521,1649.4021782594832,1641.303036527662,1641.8657505718816,1647.8847057503315,1669.8022625595158,1654.4216080786473,1654.6133082752774,1666.7235765448372,1700.026424745088,1718.8080448827407,1723.6565435569023,1734.1199913860953,1733.8538352504277,1773.5464544327542,1787.864245828018,1803.8293898574548,1783.6205678384974,1776.451838622046,1750.6723886946088,1726.7356407109255,1710.1357464684397,1724.8728760346867,1736.1217769762054,1743.7797791133507,1741.377890330639,1726.458718091315,1716.7016815356346,1712.133862907953,1719.442356684633,1737.1852729443196,1758.9927403056984,1780.9747815396825,1794.3003395063126,1796.4222004119483,1792.9767376149707,1767.0925656057077,1751.7807692604522,1766.3899963283902,1771.9783161202506,1772.5030270302423,1777.5055267494972,1775.2477837023177,1776.0379952874039,1773.2862674888524,1770.8574768515602,1764.7261055934903,1768.1061484252175,1788.278971288496,1808.4851869435347,1805.2549206349206
69596,1895,27909,zip,NC,NC,Elizabeth City,"Elizabeth City, NC",Pasquotank County,,,,,,,,,,,,,,,,,,,,,,,,,,,,,,,,,,,,,,,,,,,,,,,,,,,,,,,,,,,,,,,,,,,,,,,,,,,,,,,,,,,,,,,,,,,,,,,,1172.0256724953697,1183.561632180329,1196.7665306232395,1205.331750526116,1229.1647829906517,1223.5510075983652,1233.1679057278263,1232.431189819829,1234.8403388288978,,1240.8986556788595,1249.6826879131543,1234.4485541322767,1246.5659635156826,1255.2765811871004,1264.622985260859,1264.8625346501715,1299.2726553960665,1317.8334986172595,1323.7661473048342,1309.230787213485,1324.4545643499496,1359.519278404151,1360.1638201648595,1365.3164373663305,1366.3624856192653,1364.291182663116,1370.3505189192006,1362.9645905253722,1353.9911720645464,1360.1771461462265,1390.002559923629,1396.0201653435256,1392.5014942641353,1380.979661772335,1392.071970368774,1403.1013663503982,1405.354227886349,1410.9367051676372,1409.722745036284,1419.4968201359975,1417.6890727088305,1409.13505130085,1389.6202477506397,1396.7386363636363
69221,1906,27127,zip,NC,NC,Winston-Salem,"Winston-Salem, NC",Forsyth County,861.9970462309612,863.960752671109,861.7977630848485,861.3122921545751,853.1382731847675,868.3082463157701,879.8101159601874,893.4082172368794,890.0874142004812,889.7373151824851,891.4342483692074,901.040594640732,907.0133690635673,903.8584606938806,901.8734671774195,906.3640156661636,918.2259567009467,919.9182247495428,917.3180649771556,916.9712524615303,921.8805408582822,923.8375817250868,927.2105339020743,928.8252974826081,936.3510273557048,943.6010826603283,954.8109889396057,953.3138837062318,953.4777581679189,941.7713366413403,944.4467927746463,942.8514936701679,958.8883610465377,965.4055401800371,973.9532713036983,971.9705005042176,970.1575152721758,967.7119425599992,972.4597091391502,988.9709663004076,1000.575088732999,1003.6117834008215,1000.0961664766271,1004.3511551686188,1007.2179221053212,1010.8503917352589,1018.9154002584916,1023.279851209363,1026.0658543843558,1036.3874168004766,1038.2012104198764,1036.0039799390638,1035.933213695069,1050.293951680939,1063.8865599273056,1073.5398570546556,1074.8658155997377,1081.6129671238089,1083.872353189162,1095.077499288881,1106.9719621541985,1114.108035600164,1112.6541672603423,1116.1075487866685,1111.0061973369636,1103.3213676734151,1119.2757534954158,1142.0529920226775,1157.3598584299639,1169.0170546129855,1189.3533833295755,1202.065838489728,1212.5102138502364,1213.2229528248668,1215.2143281325991,1234.4358638561184,1259.7614497184736,1280.0179908402815,1279.7382170105584,1280.7493627098622,1306.2343972201043,1330.2257609896947,1351.4794455723677,1370.8445747902729,1382.281178660918,1395.4465020435687,1393.1111117807038,1390.3326477666926,1396.879565910851,1426.7904046802917,1445.4315635915375,1458.6142259836931,1472.9727449345198,1478.7168871575252,1486.9565931321522,1466.2823396294518,1475.2555888487761,1472.1136875079842,1515.756553782548,1542.617000592011,1565.7135700613858,1543.4001291745926,1542.0599632566107,1543.9085363441252,1530.383291325573,1527.977782701523,1531.456831388695,1569.5865758508694,1577.3203645723884,1603.8778969177076,1598.6384259651745,1596.955860912326,1586.2159308343798,1589.893952989028,1612.1025248676278,1617.543072629426,1635.5998927776836,1636.9791721100248,1634.1350586475864,1627.304253604428,1636.455527672728,1659.8940837166897,1669.4520299129795,1677.7706240585555,1691.494025053068,1719.5244534527087,1712.3308724190927,1696.3462955033565,1701.746586924939,1715.8279858695814,1729.5861371401554,1734.5062757365201,1736.299999074411,1719.6190249216784,1720.2571729939903,1723.9289627214944,1728.5138539404327,1723.5374218450822,1731.634255398405,1754.0179487179487
69452,1935,27612,zip,NC,NC,Raleigh,"Raleigh-Cary, NC",Wake County,976.4071850237704,975.0323059413886,991.3016586071977,984.6854241542229,994.0141375746598,989.376511366673,1002.8722423258075,996.5360028873611,999.7623929275701,999.819242247675,,1008.2870339524906,1001.0633035727292,1008.6597588668882,1019.1556492877413,1034.739776409361,1020.1379648642129,1016.7301508239802,1017.8403765231127,1033.8885222797983,1039.6538694381356,1045.0629496428319,1045.5222805706012,1049.4905651645513,1051.9095481564204,1052.2916340034683,1052.305056397844,1059.7353872823671,1067.33529195827,1077.8885236488682,1075.6053079858264,1074.0373434905605,1069.2101592993,1067.0949004627143,1070.1366891909356,1077.9094160051716,1091.1339227847234,1114.8816652648409,1120.9189737820966,1108.625904027196,1128.3315302819785,1139.1474209138337,1158.066109460495,1126.661088983941,1133.7151040308383,1135.1255228781213,1143.2789439529286,1151.0901023852662,1161.8291263690753,1158.7800999629717,1162.3849323128245,1176.0008109209227,1170.2060481284052,1167.9021452653956,1164.0595411993424,1194.9283348060212,1199.8054200539061,1207.3550074576956,1207.1340061170736,1203.4468157466642,1194.971939200589,1191.5535244141315,1210.7265090530807,1204.4592741074723,1195.4921733899043,1182.7674036572337,1185.0082667833121,1183.928232920281,1188.4849253927466,1186.1045150226369,1198.9915086344724,1202.8597912136183,1221.032010513923,1232.554701288877,1258.5281595379975,1276.9805838169789,1301.5236869881455,1326.6351604549407,1351.7426154789239,1382.5344275607401,1412.7418019612928,1443.3567360732857,1459.6896769106397,1466.5701497512737,1474.9051121060995,1485.3545884223952,1491.047857923312,1507.9259788698346,1516.397830630956,1542.9927037303135,1552.8187285288586,1565.855129676301,1562.6996600155878,1553.2444102359166,1540.331178172616,1546.4022652640526,1551.9984420751066,1564.9548766705148,1567.3207945612944,1564.2580330012302,1561.4356544303769,1545.8300612459307,1546.489773991986,1533.1346604609298,1530.8331147480792,1529.315075609162,1534.1686764995534,1538.5491897074082,1526.203722556196,1520.8549372464727,1516.6878465557238,1519.631866374681,1539.8705986820255,1536.3038024188443,1528.4598440579816,1509.4962353853693,1510.4175587712245,1514.681460268262,1516.3928468154013,1515.6081324327497,1513.6746435357566,1512.2125051646979,1507.7574981313335,1502.8374208223095,1487.3229315024485,1496.828307088097,1495.3839581887653,1503.1714061435962,1500.7767739130759,1496.4105599753943,1492.0025517406225,1486.3067450326512,1489.0833574338274,1487.079950578721,1489.0143616777634,1488.9959012259683,1489.3761108174074,1483.877732053273,1486.0338687658239,1488.9486790986791
69771,1942,28208,zip,NC,NC,Charlotte,"Charlotte-Concord-Gastonia, NC-SC",Mecklenburg County,765.622077960224,771.879133621502,773.1466424937291,777.6986420061778,779.354886551094,786.651843584324,789.7013520726833,806.8538004586785,811.1280458620616,821.7827575107095,820.945066160789,824.8078670815654,820.9161239242951,820.0487344760813,816.7394989348429,814.8391204799241,819.8480557033447,830.9970052018025,848.8471874208687,850.899228965033,853.0783590585903,852.7073761906527,874.2787602640049,885.0009265994016,900.5668675414723,906.116847389296,911.1848145950363,910.4722019689426,905.7178041509557,909.5110053466044,911.2532410482746,915.4327745834372,925.5786314310296,928.7648494709995,914.4285518497283,915.3785598640939,923.2982802443112,946.8796432005709,969.0349983545805,986.0882237046143,998.5687178222248,1004.1137770279471,995.9286523767464,1003.2397917626865,996.9866213019732,1014.3162683946329,1020.8198521610783,1041.701576918205,1037.048098767522,1043.5484652265693,1040.2150248423945,1044.104636168163,1052.2888374380996,1059.8863942351602,1077.738146115983,1085.2682763213763,1100.6901817925361,1100.7553944023457,1114.1435359605257,1109.7902838349753,1121.3233019463607,1117.461780756358,1130.4931765162821,1132.377464778894,1137.9829209195245,1135.7326915965248,1144.906304189282,1149.2778696412834,1164.690749949527,1163.3583531106365,1167.8493286752096,1167.8347107338882,1189.8239957929131,1212.1284583223844,1236.8711083906576,1244.7043525360941,1251.0490950862818,1278.2255254728366,1311.417514893277,1336.6576583350773,1351.3239749451914,1370.0599127258042,1394.4232608881134,1429.0658839862635,1419.579587902714,1417.8555024714299,1398.3469509903016,1420.5206791075027,1442.804371134251,1461.9292592258032,1454.7890157337079,1471.6101385936715,1473.3989942158723,1494.3565231158814,1499.0995320189031,1495.6218124207462,1506.3054264653977,1507.1208338537965,1531.4252586358432,1539.7025343443454,1546.5350656583569,1543.1310177576427,1548.6942015706218,1541.4978555701744,1545.9630608095297,1537.7593430210234,1532.4131385637563,1536.4530599141567,1550.1543046435422,1570.7302430119626,1577.846513421269,1582.485474803242,1580.7875577571758,1581.9148331252109,1577.1296424367736,1576.9625028765356,1580.8038615124117,1595.0004789854224,1599.6052622343323,1603.7365135702278,1585.68899856544,1585.7470304251428,1578.475958302298,1583.5531341945218,1582.5774545139257,1578.0584366915766,1585.0098182977533,1589.818731157372,1589.485742476694,1582.9493898217033,1585.1111630515168,1584.3123347546405,1593.697401804934,1588.2609279583376,1590.6461760436482,1586.963854326424,1591.0622679059031,1598.682046485478,1599.3260087060366,1601.2554324206867
69304,1943,27330,zip,NC,NC,Sanford,"Sanford, NC",Lee County,,,,,,,,,,,,,,,,,,,,,,,,,,,,,,,,,,,,,,,,,,,,,,,,,,,,,,,,,,,,,,,,,,,,,,,,,,,,,,,,,,,,,,,,,,,,,,,,,,,,,,,,,,,,1535.3544365801597,1527.6350260751983,1569.6610658117675,1583.4731943047063,1575.6539935353196,1573.4463970680608,1549.9683318728567,1580.1158763719013,1585.7070995591507,1596.7497244660422,1605.1706934528368,1627.0528579097397,1652.198972118029,1639.328294130634,1620.3385369907833,1582.3105687078148,1594.984169000129,1597.4203934794941,1623.5993934510739,1645.6514932144962,1652.7693813227854,1669.7551435771686,1661.848765167252,1666.536986505963,1649.5764138326435,1668.6546988226717,1668.7247183603574,1696.7760802442538,1693.453670196478,1697.4027569456005,1691.2907895041703,1670.3181262797348,1664.9444444444443
69280,1988,27292,zip,NC,NC,Lexington,"Winston-Salem, NC",Davidson County,,,,,,,,,,,,,,,,,,,,,,,,,,,,,,,,,,,,,,,,,,,,,,,,,,,,,,,,,,,,,,,,,,,,,,,,,,,,,,,,,,,,,,,,,,,,,,,,,,,,,,,,,,,,,,,,,,,,,,,,,1347.8300203626006,1324.1511923900844,,1344.2875846053332,1364.49450606129,1346.216598581962,1341.865944458232,1321.850748321472,1338.2841268797442,1330.9693260976003,1341.2344049391122,1338.199178674378,1362.6206602676173,1367.227537182816,1356.9024414259559,1347.920893294085,1355.8391135494296,1383.5652098477062,1401.4501391065605,1420.4333333333334
70364,2014,29209,zip,SC,SC,Columbia,"Columbia, SC",Richland County,813.6507822184608,809.9138176932473,809.1590921997082,819.0304455897392,823.5379108987744,825.1976298797608,819.7492904973859,826.1528000555525,828.9991175941005,835.6386346290557,829.457668013204,832.2117464523411,829.2748114397652,843.3644425800513,839.3652867252362,835.5304818787413,835.6980141165716,846.0383799287813,860.3551397709422,851.1640682996084,853.0781354469115,857.9612165051458,874.5590263084058,874.1123954885244,869.3551428783614,863.3448189353151,865.8591233260541,869.5879930848124,882.7320426304798,887.3994078260918,898.3665860286677,906.0507690636515,913.3421777535294,914.5231868794884,908.9104187356793,903.0407977378976,907.6557897602955,907.3000248661997,917.1328305665746,921.6382415733613,930.1690398780628,931.5743937116683,923.830937428489,932.2885318829797,939.4256680120004,940.6579868962308,945.3045319491189,953.7979080340434,963.0841427400824,971.9986842744274,972.7635505448379,977.0555528094288,972.5990790972446,976.4264683613607,983.7457605200872,984.9341912510394,985.2724589833014,992.6365666675958,998.4886509948819,1004.7037566371646,1005.8776226133552,1009.5462677406344,1021.9018137840361,1017.4113388794036,1030.7821482237052,1029.8681142135854,1041.2853416031023,1042.7178120251438,1053.3769270793673,1051.9869043372978,1054.5993748677072,1052.246876002316,1057.8600832774953,1075.406828542907,1088.0087395209584,1117.3814196122935,1127.4828118762184,1140.9252016581913,1130.2062736065666,1141.7148683203975,1159.5430026904012,1188.460777223654,1208.9370049447916,1229.7435394991412,1247.7604394124505,1255.498432841052,1257.170962417711,1244.4742761574842,1254.7809451378164,1252.827858904598,1282.6889404767853,1284.7772110051128,1292.3365997384494,1286.0457738095565,1291.49451486969,1291.6376959432162,1287.351641939468,1300.2656606502248,1320.9267299206822,1355.09968878909,1362.7505685846922,1385.1558586719907,1391.211100554,1410.1847964484778,1415.6578602056557,1413.97363971939,1407.7971398662276,1405.3433232281686,1414.5747276685527,1417.056967867556,1416.1103045775405,1426.230336475421,1435.7318988745612,1445.982569174973,1439.3211545057256,1439.6080370219113,1439.9335900154747,1453.3872732707468,1489.1915799650749,1520.7918237719261,1535.7836268309072,1511.9088471854257,1515.9531084766904,1497.357644377147,1509.4432721747319,1512.1970687327976,1533.3152774278492,1534.9758830128796,1544.1923901229502,1548.5875338114588,1534.4333287650245,1522.779852321063,1518.6977983570273,1542.8132538455359,1545.7649485618667,1557.3809319082623,1549.9321111086704,1545.8171807118156,1537.522467709755,1538.0934065934068
69710,2026,28092,zip,NC,NC,Lincolnton,"Charlotte-Concord-Gastonia, NC-SC",Lincoln County,,,,,,,,,,,,,,,,,,,,,,,,,,,,,,,,,,,,,,,,,,,,,,,,,,,,,,,,,,,,,,,,,,,,,,,,,,,,,,,,,,,,,,,,,,,,,,,,,,,,,,,,,,,,,,,,,,,,,,,,,1285.1081219694656,1312.1994487174888,1331.2282466227116,1316.185648389102,1308.6465286203515,1321.736257485611,1332.8573861074099,1321.8114240738773,1326.0031597591321,1313.156024596032,1320.9058700184999,1327.6001476927092,1317.4435873577584,1316.949189191459,1321.0168668671772,1353.3899853121547,1362.2518852976143,1363.114517335576,1377.2488993524016,1394.3888888888887
69925,2030,28403,zip,NC,NC,Wilmington,"Wilmington, NC",New Hanover County,,,,,,,,,,,,,,,,,,,,,,,,,,,,,,,,,,,,,,,,,,,,,,1058.3986382502333,1070.141999396104,1074.4767299017467,1104.397354601506,1118.1759116565654,1118.208969301659,1109.1287121630044,1096.0874118710083,1111.1788196345224,1122.2712576595434,1135.484281348364,1143.684406776097,1155.8177897856544,1162.2747715736607,1169.3015351368597,1162.7197423190175,1173.579877546481,1178.6666939674294,1190.5948412418018,1185.4850786358502,1188.03026685614,1185.4153168135072,1177.1844985614848,1171.5434598488434,1183.364744693176,1201.2683988599617,1226.0912378252328,1242.0694630597195,1248.4414927627136,1267.257690440741,1288.9747496413854,1324.5177880410577,1340.3453231447393,1379.5739462567687,1420.3534527536356,1448.44048119145,1461.6687156857258,1494.4376570497766,1529.4065313644408,1552.9341291788166,1554.478990413004,1572.395712194147,1578.1607452633102,1598.525783481094,1601.778627710318,1613.1766296011303,1614.6193065119205,1627.2596968004227,1628.5784032435952,1612.6915958834438,1598.8954117430492,1593.674790475773,1622.0330404142046,1616.5236905430459,1637.9618891153505,1621.4951997632106,1638.1835213621646,1625.8639579312148,1616.9347586478661,1627.3022061348192,1628.3939792652516,1641.7895966700887,1614.2733146040011,1623.9074492807358,1623.5140848587798,1642.7486615382006,1632.8760425026244,1635.192230364751,1629.049495460537,1632.3351285970116,1637.5944939000178,1627.5448473139902,1637.8695399268543,1644.1436797836704,1673.186152883258,1670.868634898111,1672.2288560346474,1659.8563956616963,1658.0405399031501,1651.3937379193007,1649.7937462872042,1650.498810891539,1656.4777954698352,1660.08888439493,1655.9701319265262,1652.6104618030377,1651.5221977917736,1656.0732016203178,1657.5267999984428,1667.1122142405588,1678.8089768597374,1696.5660782642626,1709.6558721510933,1723.2687438776761,1732.8434086629004
69488,2055,27704,zip,NC,NC,Durham,"Durham-Chapel Hill, NC",Durham County,,,,,,,,,,,,,,,,,,,,,,,,,,,,,,,,,,,,,,,1144.4396057998638,1151.776148911843,1156.8818765693322,1152.0631259912616,1160.6171377894484,1157.4823980935544,1157.665501075869,1164.7172540930535,1167.6595209544307,1178.1626839122346,1181.0592821551143,1179.7821466937328,1177.3410410037109,1180.0288836441418,1188.281875627379,1201.6470946538632,1209.1238977307812,1220.2731781135783,1232.6488595887422,1238.3871382895472,1249.2880821265267,1251.5791711672155,1258.0811520322525,1263.0223770502778,1262.1471993130763,1259.1611014537928,1265.4343854018637,1273.2828890157753,1281.010069176538,1284.3972919844705,1295.593919693257,1305.8416213578917,1309.4016031854885,1319.5559103711412,1327.5978854356351,1345.3979291819537,1356.3718789133534,1375.959263305563,1382.180320122068,1400.1401121272859,1408.8564709004593,1424.5286112105173,1421.3801183120354,1441.1732827012288,1460.7057096374817,1480.2933843233666,1478.8655200198668,1480.300733609354,1500.9124449430788,1516.7911194310173,1542.123022203211,1552.780327425146,1584.512281094835,1599.077857531329,1612.8445997361212,1604.7611578221938,1592.7003999973579,1603.8532413503267,1624.5706630639459,1645.4598338810906,1635.9003620027675,1640.761488941068,1632.9606129836461,1625.1838805378825,1609.5328357174246,1614.2624624207388,1627.620343588739,1650.0276053632006,1679.67303766166,1695.5867261235833,1688.4224414269179,1675.8323482499673,1676.6316471593152,1675.161902617982,1695.2478107508955,1716.5775266505436,1710.2556260314725,1702.1585970383621,1686.229004240463,1694.4870680279482,1670.9774610213465,1657.145288282637,1669.1601036648017,1689.3324352541945,1721.4401123342004,1732.734756492416,1721.197454973036,1714.0141103347025,1720.1240828046691,1734.2749124720406,1748.9219402892786,1744.1152553978918,1761.040970677015,1772.8135622146845,1773.6210764794134,1770.4687294583384,1757.1341911979764,1758.698279185599,1769.3677387819985,1776.6792454464105,1787.8517316177208,1789.7347222222222
69244,2077,27217,zip,NC,NC,Burlington,"Burlington, NC",Alamance County,,,,,,,,,,,,,,,,,,,,,,,,,,,,,,,,,,,,,,,,,,,,,,,,,,,,,,,,,,,,,,,,,,,,,,,,,,,,,,,,,,,,,,,,,,,,,,,,,,,,,,,,,,,,,,,,,,,,,,,,,1348.330653045701,1363.3679185747421,1381.7913920694957,1375.953301826427,1359.4032825354632,1385.2953804219185,1394.9436894859673,1403.5984316390143,1389.7943689613664,1390.6535667683727,1403.8429299824,1419.4552831619724,1423.4153575857433,1414.0889975628425,1400.0578617996568,1403.7807310367587,1422.0151703593126,1417.9487865317956,1417.6999704452921,1410.5166666666667
70455,2082,29412,zip,SC,SC,Charleston,"Charleston-North Charleston, SC",Charleston County,,,,,,,,,,,,,,,,,1304.8714865669117,1316.1630645271516,1321.1712762614118,1334.811522738917,1337.641188078967,1354.4188531271986,1347.2350440813843,1331.6364842659293,1323.593509802221,1332.3756451889362,1342.1639573720847,1347.0917484576978,1361.213989304197,1375.47227277771,1382.8912174290872,1384.518815832741,1391.4514712077732,1408.2014218029806,1412.505290579801,1437.1768779487365,1431.316283669873,1423.1333071867207,1407.3326337895617,1415.3007333171395,1420.0043944184984,1419.68462881483,1411.9764421759983,1400.1379417826593,1407.1865278271473,1407.4678440845248,1431.3086682557703,1426.9503011741767,1440.7759847236443,1444.446021664407,1459.8772969276565,1461.2925164943135,1460.7511040047489,1462.9866504354811,1474.584356783657,1491.4506705330937,1493.0088639397418,1492.0462562650691,1483.5495192993044,1489.11030453749,1493.8545913129683,1503.7849413275815,1479.3714608070518,1485.494500186079,1469.5318157349134,1502.2582366887475,1506.949677631814,1515.13490396634,1500.7263615405218,1526.9401185282663,1541.028888104111,1568.9592063545833,1579.662630391331,1580.3296260402929,1601.2354496204764,1601.4477105605488,1632.0564737519278,1639.5303537376392,1656.7486700033683,1661.280501146497,1700.736420031301,1714.2405616873448,1762.9741473346314,1767.692304340855,1799.9678408901923,1823.8772686015259,1855.698228365789,1895.9027728048525,1920.865265432178,1934.3300404387035,1964.8841523579028,2009.745286934247,2027.1484004952695,2038.6313590141003,2031.5052937569453,2061.925776627284,2088.662994325192,2114.8069866379974,2132.677423931984,2129.899398518077,2134.4567177185927,2135.828696314081,2155.827087578995,2172.5669458491197,2205.1031029452893,2219.1384554108663,2212.7045314065444,2215.03735693323,2192.398374356776,2176.1494577629246,2164.1472601619807,2189.072363754053,2216.2388495743335,2242.9274272389835,2234.275616868228,2215.2535558608115,2211.792010916737,2223.3463891285205,2248.787123735893,2222.316196050849,2236.786696431924,2268.637531622792,2312.210713468934,2304.092514831157,2296.1173563526136,2291.2442087035843,2303.6913620137443,2314.0552994287523,2317.513441379555,2320.601577724434,2325.342587179047,2359.240564485386,2373.0825204883695,2370.1844182190607,2358.1080341254064,2371.6032042888305,2383.64214796676,2394.8289393537584,2406.279491570353,2425.2469315581443
69283,2084,27295,zip,NC,NC,Lexington,"Winston-Salem, NC",Davidson County,,,,,,,,,,,,,,,,,,,,,,,,,,,,,,,,,,,,,,,,,,,,,,,,,,,,,,,,,,,,,,,,,,,,,,,,,,,,,,,,,,,,,,,,,,,,,,,,,,,,,,,,,,,,,,,,,,,,,,,,,,,,,,,,,,,,,,,,,,,1713.4827806090466,1751.25
69690,2086,28056,zip,NC,NC,Gastonia,"Charlotte-Concord-Gastonia, NC-SC",Gaston County,,,,,,,,,,,,,,,,,,,,,,,,,,,,,,,,,,,,,,,,,,,,,,,,,,,,,,,,,,,,,,,,,,,,,,,,,,,,,,,,,,,,,,,,,,,,,,,,,,,1880.2904959459204,1890.7552980184726,1914.200722497073,1924.5382088989363,1918.895898465482,1917.9468138160705,1913.7014805690128,1951.4824826015922,1947.638540817536,1965.8207552455442,1962.6540634814717,1953.2652179288546,1961.0434839540299,1941.0628857365655,1962.5826407944232,1960.4845047124124,1981.3649091357715,1979.4106143042345,1994.9049631375178,2010.4590048943871,2037.3909237249009,2048.496668251078,2055.0207109753296,2080.1350753880015,2087.3351736699774,2085.3144273262005,2084.8656001550494,2075.72745251643,2095.491211576329,2100.274420628327,2100.865799815616,2082.62104770459,2075.9140937494476,2081.3136033714877,2093.3182503147614,2096.7000567990162,2100.530731098077,2127.2006299785344,2130.2294142922683,2153.690712654003,2148.463230740395,2166.0138888888887
70365,2091,29210,zip,SC,SC,Columbia,"Columbia, SC",Richland County,,,,,,,,,,,,,,,,,,,,,,,,,,,,,652.5243674530162,652.8315481827716,662.2372288489586,661.7135088496232,665.6282844616425,667.999472866747,671.4359807178189,678.7500843786424,685.6202721576424,686.8604781619902,691.0841019199522,687.1234258120802,692.5462125436853,685.9423614858609,684.357563518432,689.4791044370875,694.554151069684,704.0683068086656,698.0547839397667,703.5726618365837,697.1422909545472,715.6549472537849,720.5178574825633,733.8303239527121,737.1541034353847,747.6291406038647,752.2743011368486,754.7143521512282,754.0502012757098,751.8661490777295,758.5742844674656,757.2109753329071,764.4796918814312,753.8485623237707,734.0247648010047,731.0411896470077,736.9545426041967,748.2194310314501,756.1419724736663,762.5561840590991,766.5379514720186,772.1026246133541,773.3436242747592,785.7651781954047,800.0722243450411,807.7753657090734,816.9006013567582,811.874222184072,817.1651524526409,821.6175419859222,830.5820051182802,833.6297270644657,847.563790043728,865.6133270564233,881.155367223428,897.7078706622665,905.0431148752127,918.3137449029696,919.7618342900975,935.8217425792884,948.0292704343537,958.2975999930117,954.2262727637323,960.8210818385487,963.1947838997276,963.3270585740303,959.4884417351668,945.0968151143445,944.6419892549627,948.3593612798916,969.8504441271559,982.843162711761,986.4505261905089,985.3790678544674,994.9996784535498,1009.5713106597536,1014.3789432427669,1013.4691156326365,1015.190728431538,1022.7548518354633,1032.5273781466249,1031.0246722750305,1025.2775073490284,1011.9083101158444,1012.3506561848459,1024.9010601184423,1039.915603196271,1041.0667663321904,1047.140208482636,1058.8733704990416,1067.1023964315411,1072.904376962905,1066.055131087674,1078.351747461218,1082.2487269391347,1097.7133893003677,1098.4871504858868,1099.5444397587937,1101.440059590808,1101.830551402706,1105.164700133557,1107.2532678662747,1111.5990671444422,1117.1447334766865,1128.5518881906362,1129.3146952268025,1135.0672130375099,1136.9211029660685,1145.3590266392764,1148.3389561766205,1147.613288126964,1153.914306463326
69298,2133,27320,zip,NC,NC,Reidsville,"Greensboro-High Point, NC",Rockingham County,,,,,,,,,,,,,,,,,,,,,,,,,,,,,,,,,,,,,,,,,,,,,,,,,,,,,,,,,,,,,,,,,,,,,,,,,,,,,,,,,,,,,,,,,,,,,,,,,,,,,,,,,,,,,,,,,,,,,,,,,,,,,,,,,,,,,,,,,,,1230.847495773472,1225.0
70078,2140,28625,zip,NC,NC,Statesville,"Charlotte-Concord-Gastonia, NC-SC",Iredell County,,,,,,,,,,,,,,,,,,,,,,,,,,,,,,,,,,,,,,,,,,,,,,,,,,,,,,,,,,,,,,,,,,,,,,,,,,,,,,,,,,,,,,,,,,,,,,,,,1658.7295248083713,1716.0260921646059,1709.8077895407885,1721.2672371086762,1707.547343111718,1723.2805552541608,1720.5112419753536,1740.996517045694,1737.1173316194468,1734.2164441134398,1735.1374472475145,,1725.5221809349382,1724.155521607177,1725.2678789473862,1763.91000892937,1770.4663665608646,1801.155813951331,1798.9636862130299,1793.0944242751589,1794.1719557312442,1794.506039359285,1807.1192959440132,1821.8179869165267,1827.3251772050978,1838.3440991482546,1844.689520628295,1853.5199907599726,1854.4672325670028,1833.9155964621837,1842.2893897174283,1845.0715106591792,1859.5835695373366,1871.2436967210238,1880.3295458882687,1871.967527576129,1882.6288016075232,1876.2649540778282,1883.977257702167,1868.3062094053953,1881.173157810872,1893.9643426830671,1903.4481536102676,1913.8666666666668
70420,2141,29349,zip,SC,SC,Inman,"Spartanburg, SC",Spartanburg County,,,,,,,,,,,,,,,,,,,,,,,,,,,,,,,,,,,,,,,,,,,,,,,,,,,,,,,,,,,,,,,,,,,,,,,,,,,,,,,,,,,,,,,,,,,,,,,,1428.677754506771,1465.9807767977288,1457.0935192916372,1465.40484672577,1491.294933700133,1513.82486828972,1522.3850826455853,1496.0587855947183,1508.146770684596,1508.892878870643,1525.7771161434957,1513.7153835451318,1517.514555432191,1532.6744907604755,1544.1701779602668,1548.7001886496955,1546.2087491825243,1534.6009509537666,1531.4527590529215,1568.5459897277096,1588.2706901028366,1617.3103836211433,1616.0179594005094,1630.3424155447406,1623.4697414969733,1592.2610494738965,1607.8579268622868,1607.9037363749637,1618.6008498554856,1599.8748332769933,1608.325824637817,1610.0617243265701,1614.0407145961142,1603.9140551014866,1612.2538801660762,1613.0651379609546,1624.3642363938038,1644.321865167036,1640.194206838532,1648.9422528800403,1649.9962571153014,1677.9050971666943,1684.399207368257,1683.5658034339947,1682.822222222222
70600,2172,29615,zip,SC,SC,Greenville,"Greenville-Anderson, SC",Greenville County,,,,,,,,,,,,,,,,,,,,,,,,,,,,,,,,,,,,,,,,,,,,,,,982.7124091251584,980.8010736197822,988.2933456150354,1000.069065315004,1012.9654208415051,1009.312826984501,1016.1215851916106,1008.5617306612046,1009.9139566544501,1019.6219358236691,1028.8955930520915,1032.689401224877,1034.9362119307482,1039.7433568779993,1043.237424693588,1033.7452491530023,1033.96419954965,1032.0750220738998,1029.143454930881,1023.4016849726296,1024.0791453518311,1036.7063419403858,1051.7067217013303,1057.075704093896,1049.4614168507658,1052.8803013188083,1048.275664509658,1064.1297472467077,1072.4912117662109,1088.6609005901141,1106.9939295576096,1120.422186223077,1139.0879911989277,1147.3100678375183,1153.2256446595738,1155.5986042557868,1168.370983200205,1180.5824163667182,1198.5247581330968,1209.4828638610716,1222.4107622090737,1229.2968892718939,1227.667177798239,1233.7058439381171,1234.6806185769633,1245.327127254463,1244.0533128843786,1246.860979820243,1251.3682606887812,1257.803956516103,1254.206849950053,1253.1086014186744,1260.2416008051928,1273.6232608027178,1288.5274293366035,1291.6263989018596,1290.7954789373468,1280.1771936605105,1284.503964418503,1300.4335378850967,1308.6832821993016,1305.6309232432186,1294.7591584874926,1282.4293543963925,1279.9470825549458,1286.522585847352,1296.9678461043943,1298.2359623727607,1303.1583157619316,1311.759500424368,1322.581044679132,1330.135512685719,1342.4637447327766,1344.3441459865496,1364.0392513204931,1383.3825537204364,1395.9534695750096,1387.458207354889,1373.910630175668,1373.7350548960092,1364.700961511458,1364.9339264773837,1358.7703654747759,1349.0974412780272,1339.1636863327324,1342.2489034989255,1337.4248060811433,1333.5917068127303,1328.424334009252,1333.02423206504,1339.5153416545443,1343.025166789962,1352.4214989393367,1355.25463919346
69788,2259,28226,zip,NC,NC,Charlotte,"Charlotte-Concord-Gastonia, NC-SC",Mecklenburg County,,,,,,,,,,,,,,,,,,,,,,,,,,,,978.9132259427923,971.4954732945514,998.5669402602231,1021.1718668091397,1036.4027561842972,1029.1275829615274,1014.8759719083366,1004.1258776378841,1000.2917306630081,996.906093503321,1000.5165857359683,1004.3035551728168,1029.9469971820301,1045.973863776602,1042.3518120867489,1027.5692083426566,1025.7845058531675,1038.812541166487,1050.9655688398504,1062.236194737834,1073.3670862981319,1088.3378596489524,1088.6324991504362,1095.2882750531758,1087.17794508555,1090.4108597526986,1090.6431467073849,1100.5055489720557,1103.4781941635056,1104.4137411478073,1109.3630993453737,1116.0115219553454,1118.138947655484,1117.781656976364,1122.6634024083817,1149.0650455268305,1152.5689741720332,1139.602963419875,1125.2306473319704,1132.6834857524107,1145.6145583904517,1157.2607955623903,1163.812889095005,1178.0748068497965,1190.7310308136894,1204.9658216112914,1195.2067080706097,1196.2332746155773,1214.1980043382584,1246.0264161753548,1280.881879768416,1301.1549318858654,1328.795490231429,1355.9861435894943,1378.264215268312,1376.850479587699,1388.367882117791,1402.447507215514,1444.2754650638542,1456.2764760798427,1473.6222355503617,1485.665431034093,1500.656493962517,1513.5748360043092,1504.3709904575176,1526.1621652771641,1537.9353946424433,1565.0282661670249,1546.6038566655366,1531.8281124322993,1532.1014768193716,1538.2060605311399,1558.3745731606205,1555.83338804549,1556.5476322177487,1546.8139768671533,1546.922954072946,1541.9784334602818,1539.5735405573162,1524.7773253744203,1534.5406096377733,1546.0541350558156,1549.5868744162374,1563.50388252195,1554.1415252303823,1568.9590831668604,1560.7339605814577,1576.0508550298414,1593.2065447073762,1601.4151040848383,1599.7672245822487,1610.712096578413,1624.69785532296,1640.0500210458106,1622.9856849948342,1605.5435294579854,1585.1734761312969,1591.446060136498,1589.9926523402696,1594.3934360462238,1587.3031950028626,1581.9247691645398,1584.7133035151298,1581.6114539487817,1572.704598855509,1561.3699664248,1573.357098089277,1580.687270402434,1598.6315190874545,1590.070751224099,1597.6581068413834,1591.891203840778,1592.9679487179485
69589,2267,27893,zip,NC,NC,Wilson,"Wilson, NC",Wilson County,,,,,,,,,,,,,,,,,,,,,,,,,,,,,,,,,,,,,,,,,,,,,,,,,,,,,,,,,,,,,,,,,,,,,,,,,,,,,,,,,,,,,,,,,,,,,,,,,,,,,,,,,,,,,,,,,,,,,,1102.6619102474338,1107.2243230151753,1090.494805880842,1084.80528731929,1090.9772889133433,,1111.1464225146292,1109.6540734658643,1114.2976682786086,1107.6830348746398,1108.4207764779958,1118.4882021320059,1127.0759902516697,1127.9459578359076,1140.1745713478738,1156.5239082895598,1157.5667448176587,1146.8627883532772,1135.1424759656725,1138.6161282519681,1151.2586290599265,1155.748322080636,1164.55
69824,2274,28278,zip,NC,NC,Charlotte,"Charlotte-Concord-Gastonia, NC-SC",Mecklenburg County,1198.5772640737007,1213.8365843412923,1206.925394434539,1212.2458116194634,1216.3808482851032,1225.4479419487084,1230.8688559108143,1221.4614178241332,1232.4284377477816,1241.9029629040313,1267.6457098411443,1261.67598161634,1254.6195007282718,1242.8591927878467,1262.8996595893552,1268.8364234930027,1279.1978365763316,1281.527460913215,1284.9296483267333,1299.8687065914248,1298.4838610210027,1311.027841515671,1294.5417829359733,1306.2225244955032,1311.0527684060369,1332.0557555860605,1325.528234459209,1317.3972422420775,1314.8850560741785,1324.1624119613368,1334.3757818528281,1343.6292012499366,1345.2243649785612,1332.6616690547492,1329.8880336577886,1325.4626874535645,1348.5322514093823,1354.1658397494728,1364.598521277265,1369.777861200998,1361.6948307497826,1367.1740052823304,1370.6264072724932,1375.5583766890543,1379.9466277217139,1373.1998884483146,1388.5842436972869,1395.7699939455879,1402.0894386460739,1400.2610713687677,1401.2515991413734,1409.5445765806544,1424.088651160193,1423.4678220312967,1423.592883994478,1420.5698351359501,1423.9953482395704,1439.4726212121232,1437.9020658630543,1438.2131773429971,1426.3327481922497,1425.7911108944566,1457.723081019294,1458.6062011624383,1477.1667847940591,1484.136330179344,1505.4854320597049,1501.6964171022341,1506.3318616270521,1521.227987370593,1534.0651837204493,1532.2270174604257,1537.0606350955632,1552.8074018916127,1573.2323363652135,1605.18981847865,1619.7219715575093,1651.2579201590654,1655.5202110832813,1679.8544759085303,1699.2753341639268,1714.695119867573,1753.5644489879153,1791.8244185609913,1827.8657171850557,1819.0753618805975,1806.857994483247,1817.5325031133561,1844.592664574153,1867.4390639605501,1880.3763976876796,1891.6152482606549,1901.7924289543407,1911.3916131377423,1889.2421085208023,1888.8182534964365,1885.033572937529,1915.9519051924722,1937.274575415357,1934.8320265983327,1925.7162792234142,1912.9836672609783,1923.493824757517,1932.8381903955965,1921.5248328555233,1928.0284068757223,1934.0874198683498,1948.1730944811122,1945.6995027207963,1952.5752938006342,1940.861040312635,1939.1564316678512,1925.9864730495703,1936.7400365058936,1933.8496822877662,1924.3316726450919,1923.150271855578,1915.6801494636218,1934.2708112191106,1931.2148940680067,1938.1997311096259,1927.1388378687354,1943.6667381534585,1962.2954381810196,1967.8834109921545,1939.9673202693123,1937.066830685007,1939.8886286127408,1945.4356882124425,1947.7184177760453,1935.9874458031366,1932.9660887857708,1931.0247369788892,1932.9650597962143,1924.8964142552825,1914.9832737208528,1920.8958240259058,1941.4063353000051,1945.8956856298992,1949.8222222222223
69933,2277,28411,zip,NC,NC,Wilmington,"Wilmington, NC",New Hanover County,,,,,,,,,,,,,,,,,,,,,,,,,,,,,,,,,,,,,,,,,,,,,,,,,,,,,,,,,,,,,,,,,,,,,,,,,,,,,,,,,,,,,,,,,,,,,,,,,1671.9301078053395,1707.7514243438557,1735.2591315173631,1746.9590770242485,1735.751797317103,1750.7330554268337,1744.8807965529868,1746.272980711709,1713.702083374317,1716.433634372623,1742.0284947423534,1769.068058900664,1781.254510675694,1750.3042716032164,1744.689536381746,1727.1111082825093,1723.282626720549,1733.2842548767956,1747.341683832385,1772.7737859816132,1776.213833685381,1767.442772534393,1756.2799090972596,1753.9986693624282,1754.269653806509,1760.09713771957,1752.1896540429889,1765.6662075175582,1770.4700796086336,1767.3487653205739,1760.0114707299754,1759.2975931677906,1772.9120763523765,1781.5369601142431,1785.9904797033807,1787.0009346938477,1791.0448283581234,1802.7231400609355,1814.4851204636216,1818.2600488334217,1826.907212509226,1831.8350181114718,1842.543095297593,1841.9012831012833
70390,2339,29301,zip,SC,SC,Spartanburg,"Spartanburg, SC",Spartanburg County,,,,,,,,,,,,,,,,,,,,,,,,,,,,,,,,,,,,,,,,,,,,,,,,,,,,,,,,,,,,,,,,,,,,,,,,,,1063.652167610176,1062.1423297221954,1080.5286712920506,1082.9900835287078,1080.5117032499415,1082.579828963693,1089.4083115808478,1110.3166041056127,1118.7482042369736,1131.2318517810716,1134.8332452224704,1154.5032094194028,1165.703473597412,1179.9224132385818,1177.1278258045018,1175.352158672633,1189.1252563304947,1199.1172670512515,1208.328701974517,1207.6591134121322,1219.14198473047,1226.2535668593305,1220.0939457938628,1229.095922581081,1233.0633817103728,1245.718269465076,1242.0922416610993,1257.528427997756,1261.3806413821765,1273.769334436237,1268.1209990148702,1274.8724829245969,1279.1500175172728,1279.4260181995917,1294.335253624237,1291.183510324496,1297.0672971060055,1287.0966989980793,1292.8541520264248,1290.8155267508212,1303.2780413314943,1299.5083948352164,1307.0413722631347,1313.0175213254286,1320.6126863641093,1341.4369618951848,1334.2742748702663,1345.3178231179036,1344.065860505493,1366.3711221857016,1366.7788211649397,1358.2756062682172,1338.19521279753,1334.680710900059,1345.7215771047365,1343.7397173774075,1340.1371284563588,1329.670821789783,1336.5388631903745,1335.264240403671,1340.587878428037,1334.2330127595385,1340.8629767421048,1354.274790588517,1371.9414034918857,1384.3470220735464,1384.4666666666665
69688,2343,28054,zip,NC,NC,Gastonia,"Charlotte-Concord-Gastonia, NC-SC",Gaston County,,,,,,,,,,,,,,,,,,,,,,,,,,,,,,,,,,,,,,,,,,,,,,,,,,,,,953.7126498916109,958.9346099262401,970.9171086610814,972.8778996216112,973.1591416234525,974.3875673826071,976.1851984070647,983.9106764323403,988.213155631856,1009.3738507428359,1020.2457966131747,1029.8481580698317,1020.8841072960076,1031.1923666091493,1033.3008226810125,1044.2732435381984,1049.3413611914405,1063.3258110707334,1080.087316513532,1094.8167959259108,1115.71351700837,1115.9124901182645,1124.4428551596197,1137.7492723612388,1157.765318183922,1170.822219896515,1188.6201354761374,1190.8088913737427,1220.2934708373439,1225.9201172557387,1253.5007361199418,1249.3673077117744,1268.6110548382135,1272.0088954787707,1281.61878114168,1281.984691311858,1298.2323791811102,1315.8360195508487,1339.0206936791085,1344.379101851968,1358.9560960287313,1351.0491097190813,1352.719438135536,1351.695699828417,1341.432226126872,1350.8901730251264,1363.4862947599456,1386.3786236469657,1385.423698147117,1376.1794563543922,1373.7740237392557,1394.5060596783853,1377.0981070059822,1400.6311851800392,1401.422614677967,1438.5713213871436,1431.4948283275821,1430.6001235821798,1424.6410008268585,1430.3432277331299,1437.5525694989847,1441.9910426699832,1428.8700127819495,1423.124031258414,1434.6393374772442,1452.8241424835046,1466.6791800027852,1458.5324271217078,1467.9873372634677,1466.4484947463034,1467.6686984431897,1460.1755225769525,1463.5010628047035,1472.8311654078689,1472.0788258607386,1476.2501155062562,1477.9722824772655,1459.6325184988293,1453.5111367390916,1447.5702452837031,1450.7321321670015,1455.2794361634692,1459.293481830396,1462.259174741335,1460.5236086648997,1456.7922134537873,1467.1256927482232,1466.0863791423
69287,2377,27302,zip,NC,NC,Mebane,"Burlington, NC",Alamance County,,,,,,,,,,,,,,,,,,,,,,,,,,,,,,,,,,,,,,,,,,,,,,,,,,,,,,,,,,,,,,,,,,,,,,,,,,,,,,,,,,,,,,,,,,,,,,,,,,1381.6567110131732,1374.0994088124062,1355.4318980910355,1344.4366164522644,1343.1583883797982,1354.7505358495478,1369.347932304816,1381.316615356472,1378.3891872554323,1384.000934463449,1372.3097129618666,1371.5102385356872,1362.482356127027,1375.5578603820418,1392.5915355594852,1422.9180485071008,1410.103808943702,1401.3550078505668,1392.457015103957,1415.2560991197452,1423.2103484189372,1428.3086282491533,1429.3123560861827,1435.0092558132578,1442.7973973487083,1439.9312751232544,1438.0297869740673,1434.9861950154454,1452.886298995321,1455.6953899533685,1455.979288981427,1439.8906516052987,1441.5983809559634,1437.7193394445544,1446.1016571608614,1447.8250275062912,1455.2357043678203,1459.91300780853,1464.4802133644362,1462.1370053585576,1462.7451391528289,1471.2046616005175,1482.0142857142857
70590,2386,29605,zip,SC,SC,Greenville,"Greenville-Anderson, SC",Greenville County,,,,,,,,,,,,,,,,911.2923172734313,914.2076329761497,910.0199979958157,915.3209033643903,922.6760016277833,923.0904497905932,938.4555786170577,946.773084377134,962.3206849132861,959.3143390416969,965.2157302083731,957.6492658068137,971.8118125150949,976.1580034395383,983.3439047271416,983.8232325520238,981.0084917057179,987.027199819642,993.3049814514903,992.0054779440026,994.2068183775915,999.7670041291925,1005.8143933452006,1012.1051936736043,1013.4689270849275,1008.8112102370974,1013.7229758434667,1023.4194735053795,1042.6483121944839,1039.6850340902943,1038.7077043192146,1038.2386604940696,1040.5375216257396,1059.468399661518,1064.2091392275695,1073.290417410234,1074.6233607982883,1087.8750634567532,1092.896329748131,1096.0279517142733,1091.7501202591525,1102.4123932610892,1107.903423122972,1118.111561514946,1122.5510277266678,1116.121382843429,1118.6989999581906,1119.3856593494465,1139.9219884045842,1141.666535114496,1158.184795239821,1157.5259424429225,1185.4861435472446,1186.1090863430882,1190.500539132829,1188.6467967667354,1211.2818771768714,1230.297826456067,1232.6076209379232,1232.1868631766172,1240.1396797996026,1253.0828843343877,1265.0272388007518,1272.2876491587115,1277.4284531953565,1293.603167830323,1310.3751488474827,1342.5401214983901,1354.3639570663631,1365.2744505745438,1377.4156912593403,1396.3905652630176,1397.3625411272574,1398.6668515321571,1409.1477559071516,1445.110336132098,1466.3082305695366,1477.42972547906,1480.1189528786883,1453.669213950394,1450.0246469288809,1464.1280012569086,1491.114490453965,1513.232685410944,1522.6056418181652,1538.9241848026106,1534.91424598661,1537.1525918446061,1541.0157179963192,1559.1161966108755,1551.9899090062509,1562.872847202609,1567.5907490415925,1577.3078739041935,1564.368324540994,1554.6265110337313,1563.1839354773315,1581.5785264081317,1602.7523822383562,1597.0374021270763,1599.2363106938574,1600.806071944145,1622.451072963416,1647.8912269712287,1646.8786566700032,1638.9347314652293,1630.5268124515812,1655.8605403002155,1673.2981252093662,1670.3441342806896,1660.6999301648514,1660.2526150093206,1678.4782470281682,1681.3729519422322,1682.8844343515423,1678.160241243183,1692.854682108704,1706.496229168858,1728.9024385987323,1724.1929224104445,1719.982747644119,1725.4176878263045,1738.9215787530065,1757.209819000057,1757.1737891737891
70033,2409,28562,zip,NC,NC,Trent Woods,"New Bern, NC",Craven County,,,,,,,,,,,,,,,,,,,,,,,,,,,,,,,,,,,,,,,,,,,,,,,,,,,,,,,,,,,,,,,,,,,,,,,,,,,,,,,,,,,,,,,,,1240.2816693636694,1262.8388770537258,1314.7477589222701,1333.7193162088315,1343.053243827892,1298.5956877987792,1288.864047064371,1277.8743120935185,1286.967462403735,1294.8168119357388,1305.1685758389358,1317.7063412640016,1316.8167026179058,1318.6178542327907,1316.1973409571194,1321.5088196179508,1338.4989334350437,1340.6333877131026,1352.3661161378388,1334.1787712042062,1367.6090738571556,1382.2229099265496,1409.5452089605838,1387.6827947954139,1373.0169043574076,1371.3315287785074,1373.2528558279694,1394.7074761328215,1390.5622297707382,1416.4279953524065,1420.1251650599716,1464.9488068463197,1467.1200500985397,1469.550032042632,1466.4818591990334,1476.1190654497086,1497.7609077698562,1497.771084949639,1495.8387467635098,1486.952008021745,1493.6475930579045,1494.7602691787836,1502.9117173420373,1494.3626005073645,1490.65591284118,1497.2647547437311,1502.5137259565358,1521.6618647029622,1531.2138273732323,1551.7042839772103,1572.8823654267846,1589.6677489177491
69847,2419,28311,zip,NC,NC,Fayetteville,"Fayetteville, NC",Cumberland County,675.411626363574,671.3276065083306,668.0502398933295,666.2916781155798,671.2029593833325,678.6770323685045,683.4448217555527,685.1688713086097,684.5508509809514,682.9481731066437,678.9576773408597,675.3736185328704,674.534414112688,677.6893306063077,682.708537657256,688.6598303885634,688.3461056869406,685.2248940601708,682.8149364069512,686.4922485881924,687.8214330132569,687.6715466936735,690.8206868688056,697.2500912068344,704.4657076318426,706.231363090169,702.1637551738494,697.1286399977857,694.2634146009709,696.3945527976747,697.863035201959,696.0209617307753,698.8936240052602,703.7442007385616,705.2570404340055,702.7035694848252,700.2976878573384,706.5688549343843,710.4504062647053,713.2655779242034,712.5097650739465,714.5118335545045,718.568532245956,719.7765101895831,721.8155575485899,720.9284117434307,724.4246783047656,726.4923515197556,733.8081916331904,731.171817245516,734.1696833375233,738.4370635262096,745.6683454573104,749.0044983295578,751.1802754805816,756.2908503819183,759.1675765865502,763.9410804854849,766.5954649403207,772.0244828871809,773.3087962868166,779.3255655190954,777.4271775394184,791.0186557348522,789.1887325779721,805.3871907697574,815.3086344132993,817.639890433969,821.3699802137057,829.3742321435288,847.4405851593791,857.8612880030882,867.5135733009793,867.7187500036492,888.0782512761746,893.4140628843187,931.3597883518654,940.06983600175,956.3280103815115,964.3720749524772,986.6144841309138,1004.6377116035416,1012.4747070349542,1021.752879966529,1040.0273864869073,1060.706413072358,1060.928578796131,1074.4266138013636,1071.9064155436238,1083.1782509575487,1084.284593184317,1101.207280690214,1106.0331805359017,1103.2546515797242,1102.1462161630834,1112.883348363954,1129.2658788194742,1137.3376330478295,1153.0817300377487,1150.3451463730385,1150.9774612302742,1153.1486280491922,1168.149745896694,1169.8249751413,1159.2890856710924,1166.4112592568822,1174.2355762317181,1185.5557417526077,1180.409166168936,1184.8858966601567,1181.6469771572588,1192.624313001643,1193.5650644444488,1194.9260113192358,1194.7191793194052,1207.6128938358236,1227.552034092899,1229.7524825983787,1227.2425796139303,1230.9999695375298,1233.274102090621,1237.4452891128917,1236.2049832134076,1231.1334175382922,1235.3512261767019,1241.5748067957336,1249.1055637156626,1245.6427782470596,1243.0250836645582,1246.9552654413244,1254.0028466478652,1251.850208094278,1257.4186574323364,1258.330474707999,1266.1883199651743,1273.1183419838742,1277.7600002150414,1279.6102417238367,1278.9262459615018,1282.5355813776866
70127,2430,28677,zip,NC,NC,Statesville,"Charlotte-Concord-Gastonia, NC-SC",Iredell County,,,,,,,,,,,,,,,,,,,,,,,,,,,,,,,,,,,,,,,,,,,,,,,,,,,,,,,,,,,,,,,,,,,,,,,,,,,,,,,,,,,,,,,,,,,1229.832223835285,1234.036191766374,1239.2636950749588,1261.4055812322497,1275.3780790063859,1283.56891574931,1288.9409080386297,1287.3847030619977,1297.9209099516293,1297.788698097463,1306.3101952612246,1327.4242315989206,1344.5690434433668,1355.9108185643468,1354.3688000066666,1364.6080095307761,1349.4895805158835,1354.1416681672981,1339.4540571964787,1377.7327134674117,1369.5181587526383,1392.4709451335482,1388.4536887135105,1401.5056639729567,1406.2993079852545,1403.9729968324077,1426.712263134354,1423.1445504526114,1432.9188837066836,1423.4492882557997,1453.7532569944094,1457.7793833393878,1479.706702750546,1476.001971283237,1473.2916769930926,1472.064637620015,1461.0409220678457,1474.877829937862,1471.273713422238,1478.3605013213194,1490.9575532128783,1510.2417304644607,1509.1824054439028,1502.67862096047,1504.2906410846697,1512.661192974155,1533.1244575396108,1542.2530877491981,1565.640943940078,1574.9583333333333
70623,2475,29642,zip,SC,SC,Easley,"Greenville-Anderson, SC",Pickens County,,,,,,,,,,,,,,,,,,,,,,,,,,,,,,,,,,,,,,,,,,,,,,,,,,,,,,,,,,,,,,,,,,,,,,,,,,,,,,,,,,,,,,,,,,,,,,,,,,,,,,,,,,,,,,,,,,,,,,,,,1807.0386985181956,1794.247739178981,1803.3188564154261,1804.1265075708445,1829.0454354549101,1822.85606550777,1824.2509230436679,1819.7800054937177,1827.6293530778196,1844.4973149344216,1855.8999149555302,1856.0193848311133,1849.7438256654377,1864.4553676539203,1870.434172407926,1886.0917914616273,1876.6023210865026,1891.1122735301012,1900.6731054965505,1912.3083333333334
69931,2481,28409,zip,NC,NC,Wilmington,"Wilmington, NC",New Hanover County,,,,,,,,,,,,,,,,,,,,,,,,,,,,,,,,,,,,,,,,,,,,,,,,,,,,,,,,,,,,,,,,,,,,,,,,,,,,,,,,,,,,,,,,,,,,,,,,,1866.8859406278495,1893.7579806358042,1936.0068532788064,1952.5360331894458,1950.8293173119887,1960.6085707497805,1950.435437262706,1957.232170248925,1957.4185931338698,2018.4938871499273,2027.9621703222324,2044.9053543054433,2033.4979350402439,2030.970427947328,2031.2043067307204,2035.4724807012697,2055.2841415995135,2058.4868987552886,2024.169737036654,2029.7857494262887,2029.9732756470644,2035.5920802791616,2078.2949205491186,2069.587674366832,2076.20059846863,2047.6858471595242,2086.0117543666524,2114.2676053509185,2143.4206073001965,2148.2810259527387,2173.3619512454343,2176.177945394653,2196.6594633016584,2186.5551169809473,2172.2314560364453,2190.934131964589,2210.7009952998974,2247.9468151506676,2225.740436126748,2215.061875099391,2197.9818118996336,2204.249326717424,2216.642206560656,2222.25
70336,2489,29150,zip,SC,SC,Sumter,"Sumter, SC",Sumter County,,,,,,,,,,,,,,,,719.2676882939433,722.8925758545868,723.1802297082658,733.6449788708918,740.3575887655581,741.1573782502251,746.785454445291,733.9477381220332,731.8786507257716,734.3706791887396,741.1606643982709,740.8646368802292,744.0005422249188,747.4621822446979,759.2875883257097,749.7940133843675,749.1342371128101,747.0251948604155,758.4786619239584,765.1375640369254,770.2303584419091,766.3267818939526,760.416956071327,772.0325981819159,785.4309209639462,793.9851118821757,791.7079652072783,796.6491748237519,808.9589246702884,812.4258744074584,816.024288275839,807.301496376944,814.6559919443998,813.7706955969528,821.0496708898049,816.875814850111,813.5901437508229,811.8820483413499,814.4301743914324,820.322714676345,816.4036302138541,821.869868032404,819.7163390280346,833.0520829583546,832.8162275343051,842.4585436929352,846.9520332707594,853.5938443082599,857.7931239464207,862.3543956242431,871.4573936106227,873.3982923252638,874.3182718154231,875.5344950450476,890.1846490869336,904.7481095408485,912.1504791595165,912.2633479689026,,910.3415079668902,916.9987387978252,920.219479812449,937.8744999660304,946.923863343989,955.1254267279403,960.7811857432448,968.8998168165078,973.5815691614549,980.2255380426108,995.658414064516,1006.6103375758496,1030.394283058686,1040.089949173845,1052.5910779815629,1043.7773332090687,1043.1285658551344,1051.513527841153,1069.9590576178314,1067.9654020494586,1076.6079362241544,1081.366075194002,1090.9177076826788,1105.0728605769884,1105.8698570281865,1113.6923831941892,1117.7132275961947,1125.3682354773423,1142.2384130261973,1141.3722647277837,1135.075579310242,1149.1854621637185,1155.8351306585898,1175.8404591297083,1175.3199337284761,1169.3820419529422,1162.565114052084,1163.7348015094785,1178.270998691629,1198.9121417836334,1201.0423862143284,1215.04107553529,1223.0732648809758,1235.7785703827935,1225.8031217738962,1222.1809227412875,1229.348258288894,1241.5080757917817,1255.8595674945204,1247.6279807367014,1250.2975147793275,1251.020095015721,1255.0878526355366,1250.5479896794277,1256.2542076122431,1252.7131992901243,1268.2253776606315,1273.1650205387234,1278.7892762157203,1282.4454825852106,1287.5641911537741,1305.2294641435335,1308.75105657722,1311.083797098406,1318.5614969966937,1330.9691919191919
70452,2495,29407,zip,SC,SC,Charleston,"Charleston-North Charleston, SC",Charleston County,,,,,,,,,,,,,,,,,1018.5033925475125,1011.1594201681469,1020.4911135398885,1031.285297331096,1037.4900179422273,1034.730999125249,1036.144461587552,1030.524514051826,1046.3888713677984,1048.4770068137148,1057.7793785193796,1063.7408724499892,1075.2021412653453,1082.2892708578815,1080.1502014239313,1073.039084177323,1084.971877318517,1092.9860928396488,1114.3227933495825,1116.8805818868398,1118.690521584841,1109.442189999118,1103.8505463854253,1108.3822166120494,1109.1793536236753,1115.1380499378968,1118.371955174718,1133.15411298611,1131.2587029328135,1132.644084232694,1123.37835532554,1132.8113444425396,1132.0689530510151,1147.1826246148898,1152.2033045295414,1152.71618189121,1154.1244054524996,1154.9536142785244,1159.1995647998428,1156.020150099941,1156.614793090492,1158.0863780884624,1160.1462915863226,1157.6624888715282,1158.532328857776,1154.3026388897147,1156.6325420630997,1149.3297945801048,1146.3870083642166,1140.064366021712,1137.0802042493508,1149.2847667166875,1146.357919917866,1150.5192474014505,1162.1471804642356,1185.5323811930316,1214.745411100602,1223.2558323540904,1229.7168323393219,1239.1870766042566,1264.4123373850703,1289.823404718618,1315.4785437533083,1331.0191344789632,1374.4564326857487,1403.6955953432562,1421.3969754236448,1411.581608846095,1407.857544903022,1445.2424492178827,1473.5571899712488,1502.6776849001656,1509.4095082728334,1541.1040907858333,1556.8189798265205,1577.7907141545945,1577.1966403856618,1595.6408701345304,1598.8362955230323,1617.3351755721264,1622.310222310568,1623.978056039025,1623.5943541772776,1630.9640634572927,1643.7207465841666,1638.312125522414,1647.7764616319107,1653.2307406982509,1653.668062243567,1646.412892788899,1657.486905861131,1681.1010233754166,1698.7853732349809,1695.7844640193775,1710.5064774185823,1707.4553980950982,1715.2173657720905,1707.9472360130894,1725.289950992304,1726.6490222465761,1734.0672292675463,1731.4060589665887,1727.9076874851162,1720.5577116537638,1710.5115971235816,1716.24062079864,1709.0184270765706,1720.7794028854626,1725.2471972316573,1721.348704985134,1716.9429421493473,1717.0063915693306,1718.6313707962377,1727.286187379384,1730.5195694852616,1727.7833889044227,1732.0650481604691,1733.1290305510124,1735.7479565505662,1730.4033866477023,1724.816185418482,1735.1086110263416,1731.4724485274453,1732.1624691358022
69306,2603,27332,zip,NC,NC,Sanford,"Sanford, NC",Lee County,,,,,,,,,,,,,,,,,,,,,,,,,,,,,,,,,,,,,,,,,,,,,,,,,,,,,,,,,,,,,,,,,,,,,,,,,,,,,,,,,,,,,,,,,,,,,,1713.4921271839744,,1711.6179644800425,1719.9991428005674,1744.9631577639861,,1784.171123876704,1767.7590239563856,1770.8635468928398,1775.544975565618,1811.2298269271919,1800.279136568651,1833.2434466968728,1841.1541449061028,,1850.5486642175667,1852.5874733685841,1860.2351369160142,1854.1544406226833,1862.512561066231,1888.736826595465,1899.9972772175097,1894.4793493720827,1914.2206608467231,1894.2428301487328,1901.433114901292,1877.2751271592842,1883.8851720476498,1863.6717048454045,1894.770638690479,1900.8367178626934,1928.9461246737956,1906.8432644078528,1926.505421548197,1923.3058354508364,1928.7238547691236,1942.8153020761251,1949.7712254882758,1988.004704507139,1990.034512109795,2016.17400304218,1999.6036623636383,2011.4893337185015,2005.166837869112,2025.3215110006506,2021.024533529295,2036.7142857142856
69449,2604,27609,zip,NC,NC,Raleigh,"Raleigh-Cary, NC",Wake County,,,,,,,,,,,,,,,,,,,,,,,,,,,,,,,,,,,,1002.0196577169613,1012.6318391934219,1006.3735447594437,1017.9085713489114,1020.1791632262623,1025.9762990982292,1040.9719815856974,1053.4627399783285,1074.018593241541,1063.5263534436097,1050.217960312812,1052.2751766619203,1059.3382562690645,1089.291690619463,1083.018329071812,1081.3332395753134,1083.0924056634751,1082.054065437499,1083.5762870058722,1082.6749868685213,1083.5873467597185,1090.5476120391847,1107.354452373651,1108.2157976411538,1114.2395998888026,1095.0754833878577,1108.9929518683193,1128.2780080482107,1151.8388557151682,1162.8776098359365,1157.597976408149,1145.915198445141,1138.5027381828866,1142.1446514152606,1163.0661138481778,1161.2019876545721,1145.1524545193208,1147.5021130141736,1169.2617614704088,1186.5507505190976,1196.6938359712935,1205.6865066668515,1237.0980553972868,1264.4288916114256,1283.8355941054474,1308.9717261044484,1326.6518623623997,1364.2042379253164,1392.784912310648,1407.7642345061483,1413.4613394648036,1411.8024793908758,1425.209591645166,1435.3341665430894,1454.2015910164196,1468.4083257675222,1472.0764547904137,1469.2421935135344,1462.4991093416222,1463.753336335255,1457.3421147018648,1471.6075009333485,1474.5752381423454,1486.9570457824534,1477.4210383552427,1477.1243603200894,1467.4599163558482,1469.284836753538,1479.79906026541,1493.6716119568555,1495.6224321859804,1480.2269104236973,1484.4814602890897,1464.3649028721948,1453.3702188104767,1425.835111420179,1425.7407765213686,1436.6851102919466,1436.9108391584482,1437.7643927768227,1429.0838424019846,1428.8129698913822,1424.6702576495302,1433.0444290334094,1436.531797733233,1450.0944629392689,1450.4031993483143,1459.6461696040183,1460.9487589282132,1450.998813237497,1440.2991644888803,1427.9014363115416,1433.6170537809082,1425.160214900215,1426.4649880461805,1424.3941449904048,1419.0750433243243,1414.0029113300777,1417.2082916937627,1420.036082953811,1420.1176766332374,1422.175072821511,1431.947494604431,1441.4681969145245,1441.1922276566636
69686,2612,28052,zip,NC,NC,Gastonia,"Charlotte-Concord-Gastonia, NC-SC",Gaston County,,,,,,,,,,,,,,,,,,,,,,,,641.7374735729009,661.8428723356802,676.0533162403333,,708.539283050017,,734.5430946172538,715.0456638611788,698.3673756153532,697.5079248456707,715.9290977260919,727.9383048708687,744.1474690021685,743.400847253619,738.2376521010154,730.987069787463,732.2528719534162,727.3482768179647,732.5511106314486,741.0790188027107,754.7801243910386,765.0904762007603,766.0068217987891,767.865358619686,772.5589936218918,773.8011872857239,779.980724503038,785.5197855391593,788.7735382461792,796.1929069942855,803.5956925078082,814.1824995634969,819.2685390282239,819.8284491508866,821.4032891755508,823.1656335834168,822.7049179736669,828.3913505556912,833.3501794422185,845.5442231995877,843.0969290874806,861.568438938245,865.470379112789,872.3493794817831,875.4303549029621,877.0160964518283,891.0224544127261,890.7011444975891,894.9788121402271,900.7939390546929,923.7961305151937,944.3570336528585,957.1418545532771,945.2810246131168,958.6366024440451,970.9470132684726,1000.7830663423845,1020.983150459673,1037.1314795312767,1052.1619960482124,1052.3180278383597,1061.3729771083015,1067.04726703869,1069.294035021853,1077.6195963788048,1093.2033539267452,1111.4391611689387,1127.5885743345748,1129.3223110202998,1136.6166012595984,1130.9926673530217,1138.25689449587,1149.3676639217394,1154.8507423031372,1159.085301121776,1152.3757917974015,1157.918141770134,1168.0937763420454,1174.377186362356,1169.5875502882395,1166.2044553678463,1175.565807026084,1194.6257457289062,1194.3442714024825,1203.3053331302208,1204.1645697217327,1213.7340271187086,1216.478186764544,1223.582496129053,1223.4337894121813,1219.3747133998054,1211.9528820164855,1223.8061299330982,1224.8301252403055,1240.2802928607618,1241.255087245102,1258.0176229725405,1250.854655679892,1254.787524106162,1246.0754005015644,1260.4718164016053,1273.463141395486,1284.4423974025788,1291.7323199428067,1284.660028331334,1287.0876576554253,1276.2269932515921,1283.7476365999769,1274.2516839224093,1288.114926272212,1289.8255319267703,1306.916480410212,1301.1087732079573,1298.6241581874415,1300.570405159136,1309.4098599387303,1320.0073815073815
69840,2613,28304,zip,NC,NC,Fayetteville,"Fayetteville, NC",Cumberland County,,,,,,,,,,,,,,,,,,,,,,,,,,,,,,,,,,,,,,,,,,,,,,,,,,,,,,,,,,,,,,,,,,,,,,,,,,,,,,,1021.3666787996501,1030.3286800947071,1029.644054938442,1038.1229053063503,1046.4397857531553,,1069.7606022390405,1078.9115699914337,1089.9800299659996,1105.8423258437172,1111.761607340127,1121.317849650801,1115.798219062901,1131.6650019853303,1146.9089950166342,1170.946536303682,1167.16266259867,1172.9969398432484,1178.4962579244072,1195.5520268549683,1200.1535994032465,1199.56050496537,1203.7686723442869,1213.0085201287557,1228.977773779533,1235.1266124385245,1235.419322707681,1215.1064098604672,1223.0867395454925,1220.3804115687801,1232.913717790392,1237.773732456255,1252.7202277781432,1251.5762402053667,1250.398757637615,1246.2376970040948,1258.224660135579,1259.4545950917852,1264.3991124873005,1273.4477737097523,1285.2965984055293,1286.8370651910043,1284.7248602160412,1278.97273320493,1287.6269759925508,1299.6998296669346,1311.0560402224007,1308.6121325680012,1303.3306398149457,1301.887183009097,1305.1157471604006,1313.0238206229362,1310.687925205357,1319.8322326783782,1323.9097592646833,1332.640017747765,1327.8451331452573,1329.74763838275,1331.867503224222,1345.2376073519288,1352.0102947717357,1363.0589705147427
70231,2617,28792,zip,NC,NC,Hendersonville,"Asheville, NC",Henderson County,,,,,,,,,,,,,,,,,,,,,,,,,,,,,,,,,,,,,,,,,,,,,,,,,,,,,,,,,,,,,,,,,,,,,,,,,,,,,,,,,,,,,,,,,,,,,,,,,,,,,,,,,,,,,,,,1529.5299926758762,1533.268937448336,1503.3315088987847,1525.029311336139,1542.7689452743166,1535.5858790617126,1533.2938336124876,1550.9764311015474,1548.779373743428,1548.7426325945537,1552.670149772992,1573.6246800509534,1562.2915767016734,1550.9489290250087,1538.2210872635376,1569.373491103725,1582.5372754830325,1584.1113973190543,1579.486969529218,1590.8589033484745,1622.9201243926798,1638.7049161041382,1648.8468422889566,1620.2544548109647,1652.2191324112976,1672.5554358409727,1712.7718160884983,1694.919077078244,1690.9166666666667
70288,2624,29063,zip,SC,SC,Irmo,"Columbia, SC",Richland County,,,,,,,,,,,,,,,,,1107.9680847125169,1113.6347167375702,1126.539623433011,1118.317272566917,1119.8062544834995,1120.0731036082545,1135.6848937193297,1134.0623142101633,1137.8246731384231,1141.9665539151806,1145.8865042716627,1143.8644780928876,1140.1991408675533,1144.0335097835732,1150.5749487561377,1152.273254245618,1149.0815870227577,1150.9653524799987,1150.2881048389315,1149.994862967074,1144.7445874431833,1136.7089619068252,1140.1783288806664,1151.6800023845674,1156.955132743695,1168.23821361416,1162.2115969722752,1175.5645622681373,1178.4001189365304,1196.1335586459925,1196.0697495172913,1213.212173366989,1210.873857591714,1210.351608654016,1211.1111257119062,1211.2817777855983,1215.956455190244,1212.4280018363338,1220.0311435061553,1218.8903923500527,1227.3367137918124,1222.4409638117747,1229.8305997125024,1227.4364303093541,1241.2944240167926,1255.6609068753244,1264.9865078120547,1264.7097178207844,1244.8941268792123,1239.3746503684545,1241.1307471003893,1255.6259792562096,1277.6351121616751,1296.2881771066045,1309.5900844415685,1319.1276366825111,1333.7709679155207,1341.9385305016915,1351.4630759528009,1361.7146335949067,1381.4736482765366,1412.7231893988615,1441.5050855085647,1465.765741087796,1468.516561016674,1475.1758744547406,1480.6537473615763,1479.2917258388736,1481.8212230469244,1490.6332514206065,1508.157406797589,1521.1302521137954,1541.7400006041885,1569.2252033780403,1585.6511141677945,1588.2116379153001,1586.3906660051252,1586.494866994964,1600.922072847692,1614.9234003473764,1625.7222734403956,1626.0618131379315,1627.1382159509317,1625.2556402059556,1629.3444467196114,1614.1347407806704,1615.9652308678276,1612.3038554452914,1627.0526372040113,1631.0831216182428,1635.6656896689015,1641.3064554236526,1654.8208165885285,1667.0996913324357,1685.6812988100507,1700.0401003187721,1684.0481545375228,1670.3192785285019,1664.637956333614,1689.9192515898594,1708.2004029328207,1715.5446435663291,1710.986345626975,1711.9590569376355,1715.3302779628107,1742.1069576263105,1751.9316622675797,1770.1190622281654,1768.9872852288993,1784.9626891075643,1781.7774170130049,1788.693304928848,1780.5199229544037,1785.5448363436121,1796.1879386207545,1801.9583201617552,1802.1209314613134,1786.1542617911448,1779.759343346809,1769.3550404590849,1786.2031923719874,1792.2385373642187,1804.839915467985,1794.988888888889
70657,2665,29680,zip,SC,SC,Simpsonville,"Greenville-Anderson, SC",Greenville County,,,,,,,,,,,,,,,,,,,,,,,,,,,,,,,,,,,,,,,,,,,,,,,,,,,,,,,,,,,,1257.8766294291581,1240.3634514166774,1203.632028638858,1252.2764517186101,1254.5282362814035,1270.937167609823,1257.2639929861111,1277.822096650263,1297.9764969733797,1315.5854873161823,1316.936264203391,1333.7365029769112,1351.3248720089143,1360.7538198639609,1361.5939287393637,1378.8883918389924,1401.9549900457491,1416.6737820042395,1442.6768461880156,1448.158036126186,1469.047772697437,1477.5724656476102,1494.3475454833685,1498.9043694777024,1512.190010740684,1535.2490567008606,1549.3594033784714,1552.2602706963223,1553.2378573245312,1576.5080734267879,1578.5862521038644,1584.5839934486805,1574.697117554956,1581.4369634636805,1587.440068773593,1593.1622354071483,1599.9159712180613,1596.5939258457333,1607.2595726868472,1610.0316454190138,1616.8496006912376,1603.8205261049025,1605.3284440442542,1622.1439401372563,1636.191059766574,1646.7796942648777,1635.1334200854062,1644.9230426016743,1633.6235462601026,1641.488051705126,1639.100748086838,1658.4979079449845,1670.3228447967472,1673.9457968003542,1676.9087135549448,1667.4789846438482,1674.9157040344187,1658.975707451192,1669.9876757470397,1674.74444653956,1698.4934285378317,1707.2531561587712,1717.8797721951473,1719.6900912833921,1718.281617938093,1726.300298808319,1742.2789435013326,1744.91875756487,1743.0038126679165,1760.4456777600494,1767.1463449083055,1768.2611590058596,1764.175039063582,1763.9269830740095,1764.5239580077466,1762.822035192395,1766.4316917764793,1769.8373223353396,1764.7369609465613,1771.8801774979775,1774.659259259259
399565,2668,29707,zip,SC,SC,Fort Mill,"Charlotte-Concord-Gastonia, NC-SC",Lancaster County,,,,,,,,,,,,,,,,,,,,,,,,,,,,,,,,,,,,,,,,,,,,,,,,,,,,,,,,,,,,,,,,,,,,,,,1399.7448080711827,1402.2387362534782,1408.7205278972128,1401.5852407900045,1410.6985603507287,1417.1999496566968,1425.6592835389347,1442.0577656958535,1475.4882861871088,1531.0150756856224,1576.3957603604729,1606.7333537682318,1587.8784939418733,1595.8084143466306,1599.6991043979738,1630.9863255033297,1634.503735497298,1676.3331258354033,1700.6122159367046,1730.471123424602,1720.6407671032534,1698.258674643391,,1685.7283263707736,1714.097471679556,1719.7733222462823,,1719.8258191332616,,1698.3222713361688,1697.4553556374183,1689.4090129353197,1693.977215984075,1679.0120079874503,1657.778989309103,1656.0649092062097,1663.4777697518189,1662.7499022493828,1665.489038575599,1672.1648068834118,1695.6808603731972,1700.551849897611,1686.6024767635486,1688.8935404564427,1686.5318177872791,1698.1844897952133,1707.494878702428,1710.560941076292,1704.8332814939843,1699.3654271107594,1703.6909183722023,1697.2143969164413,1693.8181909110306,1691.1093484022176,1703.3343280408487,1709.059821239216,1710.8154126889078,1704.885505255,1711.624070677563,1713.8926039571957,1713.4922547505748,1720.4762518192395,1719.3521165233449,1725.3610092979404,1722.9878843020792,1729.8622884344106,1732.504735830212,1734.1763949817434,1740.0626164495145,1749.671679197995
69386,2689,27527,zip,NC,NC,Clayton,"Raleigh-Cary, NC",Johnston County,,,,,,,,,,,,,,,,,1163.9865218313796,1154.291985583228,1151.6048185299505,1164.2034615236546,1172.328424264963,,1173.6673743850627,1176.2323820686497,1166.1252006907296,1171.1011694758633,1177.8227862216638,1200.6318307972267,1205.397226534683,1211.7149009881591,1219.001708274332,1217.1186993012318,1224.391138371585,1211.9888733690277,1217.9329387299642,1220.8856458030507,1221.2071456742547,1236.6691163542605,1240.2940868978876,1248.671379372342,1255.2631957218632,1248.876078024315,1260.4498249803785,1250.1247424192013,1261.0702904715674,1279.6637158332478,1294.6501644916157,1291.5955795049745,1298.609075694334,1305.707716990478,1307.5427041868759,1304.0149484194696,1307.8166506301995,1322.4865834197278,1321.3961786166637,1338.7632137777616,1335.1716528484083,1334.4841402176498,1330.6231185409722,1340.1677598317376,1344.2045867946176,1338.0389679117116,1342.7292002971737,1348.0632328173137,1359.0995800368953,1367.4486553016425,1383.392916015107,1394.3645969784427,1404.0055935525284,1419.0963881560035,1425.0947993025532,1426.6662312843014,1432.7791244307032,1450.1304139047932,1468.4358597891649,1492.4430809580315,1510.6348712373056,1529.1895902035435,1541.7158952461484,1558.3607356974917,1569.4083558260272,1571.1538873802324,1592.0512667583798,1616.063725371784,1640.479776810374,1654.2585734968452,1663.6255182846487,1666.5352636922623,1664.6063114581348,1665.1712602754737,1666.8005801464635,1671.7596876502705,1692.2826974742975,1716.0169164719969,1717.265991323507,1703.5991784012972,1696.9592177621282,1703.0555287336838,1709.0235058191138,1716.0469447901096,1719.830239014485,1730.776448003059,1743.8904415327452,1749.9487118974048,1752.1489230724153,1743.7639483104738,1743.9903218565628,1749.3032024530867,1759.7363265807046,1763.97151276384,1768.6957034765005,1771.9760293368445,1785.5593493096549,1793.8877371256594,1805.4964802937589,1812.36151865715,1809.9308444301926,1809.8929784501402,1816.9663249941086,1828.3117944812027,1819.2141615045114,1820.7782079509266,1823.838013629948,1826.732070403065,1816.6989469044213,1806.9468090135363,1797.6403503722424,1796.6604845229767,1797.8945817309789,1801.800025288277,1799.860137653953,1794.7246428978806,1800.5756886892648,1799.0590046558377,1796.0947829359943,1793.8066837784409,1796.9124729958173,1800.9856506522315,1802.87238345676,1802.1857168172955
70492,2691,29456,zip,SC,SC,Ladson,"Charleston-North Charleston, SC",Charleston County,,,948.2101351939807,940.451890115166,943.362729777116,944.1177701089235,954.7094004615886,956.9299518465632,965.8050962309013,974.8335910701209,975.9773222116058,975.61700000238,969.8111155876335,981.869752562952,992.3545608678974,1004.6206316757442,1006.0315255525079,1004.1202881449468,999.3157508336835,1005.2262726959057,1004.533582029073,1009.1762792412048,1010.8998630053633,1021.4141225997269,1030.5786651974486,1032.814495162078,1030.9239093842634,1030.6902231977479,1035.092209632983,1043.676386511882,1051.8284908745388,1059.6371369690642,1065.8373586543535,1071.726610769959,1067.6611671968049,1070.0261936480172,1063.3256211630076,1072.253334416998,1077.9947402643104,1081.2038167468304,1078.758073302307,1079.1433528609193,1087.2818813361316,1088.793311363409,1099.1775025040165,1103.7766006094935,1108.2912565504448,1110.4844255313697,1116.3872523811215,1119.5286938565673,1124.6831172381499,1131.7022240120946,1143.2883797485865,1151.9943504080309,1155.6026548557975,1163.230071441965,1166.6143985107242,1174.3619200931648,1188.9582031564187,1201.0253676321618,1216.2250832588704,1227.30486203297,1219.9608443884295,1193.958059535998,1177.00645029514,1174.4692928624095,1177.3554105595372,1173.4313874980078,1178.0071304718654,1191.755729774839,1194.4206479566299,1211.014031921117,1202.7754601850588,1210.455717448816,1209.0109380681417,1237.6926003570761,1270.16462677247,1295.206920713568,1313.6278502507037,1341.0440074823496,1358.0493168504736,1381.7062847970894,1400.4324176094206,1412.1818083449198,1426.603772434683,1433.9784460382007,1459.8305812614997,1473.1946852531746,1478.6248090196002,1491.8220067043778,1509.8863630284557,1523.2774436030386,1537.0228094722663,1545.6799375323626,1559.455355075995,1563.4849573981714,1572.6506616187012,1588.3737786946972,1594.147784347067,1593.5964863578906,1587.4546126164794,1584.047926079652,1587.5721206116202,1589.6381993747136,1597.0898937337793,1585.448241658472,1577.0990651563175,1576.7207993797915,1590.2351065777682,1602.086883252532,1613.7554106537502,1620.4350427653856,1639.212993776111,1639.0861730648605,1637.539236405983,1634.583953896662,1636.8729460281843,1645.6686466873596,1656.263293053521,1662.909584663615,1645.374276709616,1623.8586640435922,1616.1204388021922,1623.784317130462,1630.8236901082867,1640.857933446544,1647.473898560537,1644.3818683859317,1643.7765413507934,1647.584700380827,1646.9866398429335,1647.3830424434416,1657.4718449049997,1670.4803170916853,1674.5944827972608,1670.9124585641637,1663.119216831885,1661.0930071918563,1660.699744005368,1668.661339171684
70565,2719,29576,zip,SC,SC,Murrells Inlet,"Myrtle Beach-Conway-North Myrtle Beach, SC-NC",Horry County,,,,,,,,,,,,,,,,,,,,,,,,,,,,,,,,,,,,,,,,,,,,,,,,,,,,,,,,,,,,,,,,,,,,,,,,,,,,,,,,,,,,,,,,,,,,,,,,,,,,,,,,,,,,,1841.9479622106146,1869.7176847715946,1864.6695008723832,1830.5507228792223,1801.2889110704255,1796.5244735905922,1836.9322080595443,1844.931743917296,1858.57704718905,1848.521008603233,1844.4543588142258,1859.7893970948483,1858.0398186156565,1882.8415676841155,1872.3982554610138,1884.9498696381625,1862.9542023755837,1877.9691290025778,1885.4670287814868,1899.3939291727509,1892.807893537536,1906.1806906235834,1915.2741586789955,1926.3446364187907,1934.288280186982,1917.5073319373146,1939.7513649742002,1953.0708118209095,1984.3358401827288,1969.745476387621,1945.9007915917398,1933.4750000000001
69717,2801,28104,zip,NC,NC,Matthews,"Charlotte-Concord-Gastonia, NC-SC",Union County,,,,,,,,,,,,,,,,,,,,,,,,,,,,,,,,,,,,,,,,,,,,,,,,,,,,,,,,,,,,,,,,,,,,,,,,,,,,,,,,,,,,,,,,,,,,,,2106.4489801835857,2113.634192690711,2127.8911186938117,2139.0992796997243,2118.1478006738444,2127.3199683158987,2130.2923705724625,2160.2885122716907,2161.742249131462,2183.488500885652,2187.042529395637,2204.3689183955817,2192.464007915257,2202.92868410622,2197.319737747124,2213.4306762711167,2229.431237533376,2264.195937626558,2277.718048575504,2267.448695863448,2254.47641276095,2240.9286312066006,2253.85417640086,2258.4972416176856,2283.934186685425,2285.0943128433605,2311.29635396434,2299.8549161540923,2336.0264786478783,2328.179580316792,2351.0134033338913,2326.327870219738,2335.248973847074,2344.0411558564147,2372.7918609228655,2375.4886370270815,2375.2860215133046,2386.623877280008,2382.656985905311,2397.6514694886337,2381.8849382167073,2386.136697872762,2378.1307199524704,2411.3393563001496,2425.564020040131,2435.741513418933,2419.8074074074075
69389,2807,27530,zip,NC,NC,Goldsboro,"Goldsboro, NC",Wayne County,,,,,,,,,,,,,,,,,,,,,,,,,,,,,,,,,,,,,,,,,,,,,,,,,,,,,,,,,,,,,,,,,,,,,,,,,,,,,,,,,,,,,,,,,,,,,,,,,,,,,,1180.9677725066113,1169.1697909774505,1179.9960927731424,1183.126484972727,1191.046849593009,1198.4961742021392,1200.2499264979112,1204.3155714370284,1203.2330150025853,1203.649698188709,1211.8691631238976,1212.1240012572027,1207.5465707498017,1214.0098163180887,1228.0946670303094,1249.7815279976917,1261.3998695506457,1270.6434499850893,1283.4275777611506,1286.3005458453906,1321.3159606252245,1316.0695918166539,1317.2509563560839,1308.5699469895437,1314.8028310153456,1331.9655009119697,1344.160961978102,1340.4768851017811,1341.6434053708465,1344.5966302062627,1344.6391066346528,1353.1393091933764,1339.6616441622966,1362.025249463709,1371.9196749365724,1394.979109637423,1404.064607929278,1405.9685274967671,1404.3055555555557
69876,2808,28348,zip,NC,NC,Hope Mills,"Fayetteville, NC",Cumberland County,,,,,,,,,,,,,,,,,,,,,,,,,,,,,,,,,,,,,,,,,,,,,,,,,,,,,,,,,,,,,,,,,,,,,,,,,,,,,,,,,,,,1355.1503547626996,1376.0013244873041,1391.5635457352257,1427.1686008379713,1425.0109048555,1417.4652477711809,1445.3020244393213,1456.9478540856614,1460.431561997302,1444.9603442490568,1475.6681768823098,1465.1241062982333,1491.4685796241536,1478.0976297206932,1492.294479081663,1484.8415527795726,1488.511790987972,1511.7527530565826,1520.7061932790075,1545.4164216975337,1535.113931720367,1517.5650704505008,1471.1576832299615,1466.4014952701477,1476.8277842067498,1511.6648730227764,1531.6218000871693,1542.565857873303,1558.2009503780046,1560.1296136875517,1558.2898803088317,1540.275456427314,1545.228291291176,1572.8852835014495,1594.2817605279363,1612.069789409082,1596.6941643016946,1575.7338379432688,1557.4830984052467,1571.3447701681705,1590.8397967101762,1599.042040997609,1590.847830442489,1595.0086162844198,1603.6029372320736,1604.1640046488342,1614.2541303933308,1615.4780111932564,1627.502898099036,1637.859336819325,1648.7986944485424,1643.3886955946982,1630.54883982797,1629.7019411178228,1645.179879012746,1656.2505016727284,1660.1562685680335
70566,2818,29577,zip,SC,SC,Myrtle Beach,"Myrtle Beach-Conway-North Myrtle Beach, SC-NC",Horry County,,,,,,,,,,,,,,,,,,,,,,,,,,,,,,,,,,,,,,,,,,,,,,,,,,,,,,,,,,,,,,,,,,,,,,,,,,,,,,,,,,,,,,,,,,,1485.68161917868,1529.1847781631145,1539.0508415867175,1571.0051143250116,1535.865505629964,1551.1996120547158,1546.3685524242337,1548.5865493103402,1549.6439719190075,1559.4582265958431,1586.3342512327306,1589.6371727701335,1605.5007459212577,1602.0619352565634,1602.4381671668466,1582.8619678555692,1592.4644961348938,1601.4002929080375,1614.7935807753263,1627.8698042856495,1626.8211191614482,1628.8938664064733,1631.8993733111038,1653.487595964383,1651.527030591289,1647.6672498702515,1640.291389588411,1657.0139924241842,1641.11488267484,1654.1929629465526,1657.4236113821394,1684.9499048109092,1693.49978312781,1700.320329537056,1683.9150896937576,1681.9664224377357,1668.3141678875932,1664.1713288812564,1675.0551092945364,1673.617897167191,1695.04396056537,1686.1333998321672,1686.973189383008,1668.0415657959568,1669.6738930204044,1670.4298493656875,1685.7804410524016,1687.707051175126,1707.8045596608051,1725.0550264550266
69927,2824,28405,zip,NC,NC,Wilmington,"Wilmington, NC",New Hanover County,,,,,,,,,,,,,,,,,,,,,,,,,,,,,,,,,,,,,,,,,,,,,,,,,,,,,,,,1160.1767247568393,1152.2230090433336,1168.5230083379927,1154.0074467785116,1166.998581807003,1174.119150012265,1191.3889837490917,1194.0496210848437,1197.773425098239,1206.004450658524,1212.4958152515692,1227.609575773692,1230.701938409504,1242.3581356005798,1232.8347466935534,1224.7827353802081,1219.4579155341362,1243.5099359049616,1272.0605623802119,1292.0147556483307,1298.85971964838,1307.8027456769476,1325.3269365352899,1338.4509563922331,1371.5283071658914,1411.3693957986623,1450.188494729694,1471.3645872691147,1494.4851567885712,1521.3336997289912,1543.5989120640688,1565.927214827492,1589.8062473670407,1617.4463650760517,1636.7972415503168,1665.0551181987191,1679.7588632117086,1686.2565437985663,1672.159190409709,1676.6331079976517,1681.902087307811,1682.1106055948496,1670.3218460649107,1659.342585688088,1656.2934580751291,1652.8029166290894,1647.7676317120481,1643.4312605003197,1648.7228509937738,1655.2054313926108,1650.8866804294469,1652.872599606051,1649.7532946958245,1647.7427790141198,1637.764816780461,1639.1265933227717,1652.3392861931375,1653.3009142004537,1650.910226724146,1644.9288661616176,1636.0195786410156,1628.906588254243,1633.4366320704974,1645.9048009237931,1646.2375682366019,1639.650249657141,1634.0640565354604,1645.6310201696026,1652.7225323427917,1665.9865016503234,1674.2951759003352,1677.8706587195438,1662.8710261817776,1668.122328466326,1673.2945646422697,1666.959325783446,1672.4482877777114,1684.2024263969224,1701.8585673895366,1701.2864532604656,1697.5620660405987,1695.7177099007129,1700.7034216656439,1711.5471544054747,1737.639623655914
70594,2875,29609,zip,SC,SC,Greenville,"Greenville-Anderson, SC",Greenville County,,,,,,,,,,,,,,,,,,,,,,,,,,,,,,,,,,,,,,,,,,,,,,,,,,,,,,,,,,,,,,,,,,,,,,,,,,,,,1079.5155624193867,1097.2439176971654,1108.6046965619767,1112.4328587845182,1115.9669773995026,1130.8744599703218,1142.972106241171,1151.1614501077008,1159.033050728403,1179.5550704752654,1204.6411566045813,1203.7167749759412,1217.0976111368996,1202.8733422712382,1232.8087797628834,1242.2192140798234,1256.1867997281736,1267.792956759964,1274.8587126415646,1287.6648861355154,1294.4995455993005,1305.1024691449688,1315.3905301650032,1310.8430554147167,1304.2932217989717,1325.8345788537913,1337.4362130493791,1350.259396249661,1342.6236919576506,1323.4977327246395,1345.025100333379,1353.705399121539,1372.1627413563797,1354.8433048995141,1351.5447072969544,1369.2042237188325,1399.558103870619,1403.9877145590392,1392.5611406568642,1380.0638600841003,1388.8060987798424,1427.965671684476,1435.2357167153443,1457.4494611225236,1447.5671306305135,1469.07664688538,1459.1147769967038,1464.9553355234577,1463.2695714665595,1458.4408527712365,1455.7916656243224,1460.6404819163154,1464.741575360016,1451.3744199797536,1444.4734514143715,1432.4355814509404,1441.416854844809,1443.9528979357074,1463.7286958493944,1465.9834563779314,1468.408060611886,1481.7444335731495,1503.073082720313,1520.8543956043957
69396,2890,27539,zip,NC,NC,Apex,"Raleigh-Cary, NC",Wake County,,,,,,,,,,,,,,,,,,,,,,,,,,,,,,,,,,,,,,,,,,,,,,,,,,,,,,,,,,,,,,,,,,,,,,,,,,,,,,,,,1505.549786461377,1513.4922961423706,1514.7581392893785,1527.395738177812,1551.6172625192262,1582.0630472105513,1592.8426637559203,1609.1886249343931,1627.0044741388776,1625.262572838657,1632.099883176138,1644.7652510291978,1640.2941392068494,1618.560155043354,1626.4603865893089,1636.8072830625185,1654.4611984370795,1641.6468578199647,1643.020668700375,1651.7385453688107,1656.4781873362947,1665.1697232163367,1656.683094543657,1657.6243414857715,1696.127523770425,1731.3877584381169,1706.0228467040586,1650.3731731705298,1618.7795134850658,1628.4004030801345,1651.729605260254,1640.9240440422934,1652.4263069581114,1649.1474988555851,1676.4132759384788,1657.4327888895941,1645.5876860536616,1651.8935494541442,1677.2219295760774,1705.0232471324223,1710.1101002558466,1696.8252936713366,1690.4969460211478,1684.1529031109035,1680.3263907435546,1677.2805692038605,1657.1687574832918,1674.9970442332026,1669.6493428221156,1657.018310102484,1652.3704814844873,1659.6555125512891,1672.2326053100503,1685.3092819700075,1685.365535236217,1701.165596035583,1706.6207745983857,1719.8017759475315,1736.0530118111942,1744.8365384615383
69261,2935,27253,zip,NC,NC,Graham,"Burlington, NC",Alamance County,,,,,,,,,,,,,,,,,,,,,,,,,,,,,,,,,,,,,,,,,,,,,,,,,,,,,,,,,,,,,,,,,,,,,,,,,,,,,,,,,,,,,,,,,,,,,,,,,,,,,,,,,,,,,,,,,,,,,,,,,,,,,1442.0118937151362,1434.829775069782,1437.2326157651846,1427.1489872317554,1417.002894134303,1413.9198524279445,1430.9165059846468,1446.759670209194,1447.6292497934583,1450.24525137532,1446.3949806279707,1452.5486107014742,1446.7867153673026,1451.9763501988978,1449.0553856124277,1450.9629629629628
70651,2973,29673,zip,SC,SC,Piedmont,"Greenville-Anderson, SC",Greenville County,,,,,,,,,,,,,,,,,,,,,,,,,,,,,,,,,,,,,,,,,,,,,,,,,,,,,,,,,,,,,,,,,,,,,,,,,,,,,,,,,,,,,,,,,,,,,,,,,,,,,,,,,,,,,,1443.9228012269584,1432.7448292976135,1454.6750990255366,1452.1345443186922,1472.4439125724662,1459.4429189040936,1460.0560214410361,1470.8171493466,1485.2049696450608,1477.0651738795482,1460.304921510107,1484.7609930303486,1524.1389990365187,1559.8620969756007,1547.2763466054978,1547.311945400303,1537.2823536760063,1548.765870861265,1530.03035614174,1531.8978865849954,1529.1973543933827,1535.6686279209584,1548.6167006386515,1539.4837919241609,1524.7467071230722,1508.25717049234,1513.3724311530489,1519.4842951503417,1525.1574948187622,1528.803026106982,1545.1666666666667
69780,2980,28217,zip,NC,NC,Charlotte,"Charlotte-Concord-Gastonia, NC-SC",Mecklenburg County,,,,,,,,,,,,,,,,,,,,,,,,,,,,,,,,,,,,,,,,,,,,,,,,,,,,,,,,,,,,,,,,,1265.1806647188146,1262.1575274075997,1269.7630250891457,1276.602265015794,1296.2378092975068,,1314.3101899980347,1304.1941192831544,1317.469722535979,1319.5557221267004,1338.4865450874418,1361.0915741136023,1400.7354417725453,1430.385866601631,1448.1395768308885,1454.6136104739328,1486.637413750365,1519.1702253106362,1557.0578085267089,1578.924829408709,1588.8526255492802,1592.5413072569686,1588.8281148621593,1595.9862251165644,1617.5173498407396,1648.132836608147,1662.1065676178785,1671.5171577216252,1668.9498870779041,1672.0790407854038,1674.3525685911131,1652.6348676411233,1643.7578198042181,1636.3544894699207,1668.754222843326,1679.6182429069552,1667.2980307914972,1645.5478082506959,1646.829351485438,1658.6466747901707,1657.9959582223285,1644.074584697974,1632.9629904287635,1653.178300008977,1659.1417656230901,1661.9433917224437,1642.1537710200969,1640.1018148638627,1633.3540905828509,1636.4776441356128,1634.0464180442232,1631.1795445227085,1627.6631762178154,1626.2704104241473,1614.860104398269,1608.3648447136525,1603.197378894258,1618.0488137349962,1613.0382024351957,1616.4605645156435,1608.808947454054,1617.4563400407333,1607.6055725526896,1602.2927905648921,1603.4290982587397,1607.67267829138,1618.0792471084255,1615.0490404361803,1615.6814977041604,1602.5089082839627,1607.5174363445644,1602.2520868563392,1611.451953391469,1605.7383218271234,1612.7610993309945,1614.948973804374
70062,3042,28607,zip,NC,NC,Boone,"Boone, NC",Watauga County,,,,,,,,,,,,,,,,,,,,,,,,,,,,,,,,,,,,,,,,,,,,,,,,,,,,,,,,,,,,,,,,,,,,,,,,,,,,,,,,,,,,,,,,,,,,,,,,,,,,,,,,,,,,,,,,,,,,,,,,,,,,,,,,,,2021.186088440912,2034.174424203353,2150.95589648138,2163.9458258851314,2228.193436394921,2200.6867511976498,2178.714533857203,2204.122456924253,2226.78690791414,2249.0720102465293,2246.527777777778
69839,3056,28303,zip,NC,NC,Fayetteville,"Fayetteville, NC",Cumberland County,,,,,,,,,,,,,,,,,,,,,,,,,,,,,,,,,,,,,,,,,,,,,,,,,,,,,,,,,,,,,,,,,,,,,,,,,,,,,,,,,,965.1154447639481,982.5625422862211,1042.3517310464372,1052.4211030896986,1083.4699173692486,,1067.237765427714,1020.4769793122906,1050.3791184303516,1075.9835719526895,1155.4198567404653,1170.1622375414877,1170.6909205935842,1176.2466940364284,1165.7256018369078,1180.628798701441,1185.009109487448,1212.041265261375,1203.8784237861773,1234.269127795449,1232.067085243623,1241.4424831943147,1220.3932855215978,1223.8839858252484,1225.9720828736658,1225.8374081726465,1213.5969468542169,1209.473287651801,1210.8343511125602,1217.5487406168381,1234.796533038861,1250.4706001106617,1260.0064616372797,1259.9189675305215,1252.2154398648918,1258.3143976689232,1260.333434890906,1261.254427260067,1263.0413755675793,1270.5589986154932,1276.17719473762,1281.1097763035937,1277.1421822243997,1279.7877820307697,1279.8568928850689,1287.0849360002592,1293.8585197306709,1294.7679185048576,1301.2048626645237,1308.274571253322,1321.525739649927,1321.9002078195147,1321.6282987246336,1315.8517143887416,1316.7761006698613,1307.1471277142423,1306.1781356700687,1301.5879249520942,1304.6233468690366
70621,3060,29640,zip,SC,SC,Easley,"Greenville-Anderson, SC",Pickens County,,,,,,,,,,,,,,,,,,,,,,,,,,,,,,,,,,,,,,,,,,,,,,,,,,,,,,,,,,,,,,,,,,,,,,,,,,,,,,,,,,,,,,,,,,,,,,,,,,,,,,,,,,,,,1454.6229228287204,1435.9654586365973,1441.754266972225,1447.5841143957423,1449.6540372544785,1468.3841177605395,1460.9421659403408,1468.7108263898576,1488.1680835232853,1495.507796872581,1472.6859303785034,1470.374272474324,1468.17982606507,1495.9839603777411,1491.2406902921502,1509.9040245558335,1507.3193023000526,1517.2131983342035,1516.0503209821222,1534.624205902993,1537.0734261870534,1546.647922663531,1557.9926884851557,1568.3055628039363,1576.2504701350358,1567.1974578354225,1575.7463599265786,1561.5466983634287,1566.1301051464256,1555.821989485824,1562.0852585031548,1547.875
69885,3061,28358,zip,NC,NC,Lumberton,"Lumberton, NC",Robeson County,,,,,,,,,,,,,,,,,,,,,,,,,,,,,,,,,,,,,,,,,,,,,,,,,,,,,,,,,,,,,,,,,,,,,,,,,,,,,,,,,,,,,,,,,,,,,,,,,,,,,,,,,,,,,,,,,,,,,,,,,,,,,,,,,,,,,,,,,,1096.4655185852364,1124.070840961565,1156.6666666666667
69206,3087,27103,zip,NC,NC,Winston-Salem,"Winston-Salem, NC",Forsyth County,881.6207473659341,880.4962053684044,880.1053219383059,880.6299055890963,878.4995088666518,881.1615213263926,883.4440978704895,879.493636535877,878.5440661344343,883.4080700387152,,880.7374411221862,888.6371505623548,887.6980473953294,903.7274126641806,905.5751362500964,897.5787360049719,903.7927449434619,909.6337879239381,915.0211449027881,906.2072873401258,909.4760084557553,914.4995559682623,932.675279994138,929.9403312547364,927.6212472351131,939.6041437078221,948.6472341159388,962.4438036915953,957.3250247116146,960.0172776644253,963.0075582268373,980.2508943412323,981.9367616093965,985.2660678987946,987.3553195142931,997.0702010968001,993.648636834425,991.8948343302469,984.0635361190167,991.0578813326713,995.6225842441735,1006.475484358933,1011.5080969439334,1017.3929399552234,1013.2146906583284,1027.3828454259503,1038.5660304071405,1049.8481652563205,1045.9257246950997,1048.781987200311,1060.9847588993478,1061.02599113137,1069.4121435495056,1068.7745330143653,1072.8938837101448,1071.9797901457682,1084.037538592113,1080.0672222634757,1076.9942494420302,1073.7093854492082,1088.5356895218413,1120.9210755105673,1127.432315774444,1132.3271785383859,1132.3179321399691,1145.442986276678,1152.8285644610123,1162.2785173707243,1164.2721765793137,1180.0191072188384,1185.6340605798428,1204.36297901321,1206.4381579342728,1224.2072380115746,1236.5724694393302,1260.6561716354586,1275.3468310871876,1289.1356332570213,1307.4377887806486,1325.82958648886,1335.5062713968662,1344.2388113477602,1356.019758667347,1362.702214302841,1382.4243884385098,1378.6441734333268,1398.6846700816936,1389.5672008747156,1410.8728506093682,1418.115748172187,1439.0679547495731,1451.6463635366028,1473.1012423195464,1481.5344342102526,1492.5746686587947,1499.751959215745,1491.900554409973,1497.236006565122,1492.1537513603323,1517.1718412111843,1515.5681469253125,1536.0241239240377,1527.9247840739135,1531.0853264253087,1516.8273520406397,1531.0403395055982,1542.166042007799,1554.9791746073695,1565.6233737598754,1576.674328290555,1581.3151060977696,1569.953102288868,1571.034097981934,1562.689942050284,1572.6523929611985,1578.0250450481103,1589.4522936913288,1597.6299521947928,1605.5390566200733,1606.7534589755362,1615.9201773440248,1605.8102355434846,1608.7348648477307,1611.7812288366197,1631.7665976269411,1630.9171212022668,1632.3157820730487,1634.6286455881539,1639.3242573598257,1635.604484356162,1633.2763346386578,1636.5959988196025,1637.73907475748,1651.6248772592837,1660.3935270201998,1671.6322384326543,1668.4811172232312,1682.1291309701635,1690.9295900178251
69370,3121,27511,zip,NC,NC,Cary,"Raleigh-Cary, NC",Wake County,,,,,,,,,,,,,,,,,,,,,,,,,,,,,,,,,,,,1104.9502847830668,1119.690844416978,1124.963074167567,1118.7393465468408,1116.9229271957436,1127.3344028889778,1129.9231330576604,1141.0130339555094,1142.3291572165501,1144.9531373250982,1139.519917708983,1146.5643789464793,1159.9509283327443,1177.0892471049908,1177.7902856895257,1186.7765336647542,1187.9616679590865,1187.2385763237878,1193.7132846889494,1198.7403772897965,1208.1148250516408,1211.8417360531664,1222.4136676640017,1224.4775434316052,1217.542478599966,1204.6227753321416,1208.600269766397,1232.6823830976634,1238.9708411949166,1237.5272523418148,1244.3001133641696,1265.2291839316858,1264.887560613299,1272.8977837495404,1257.5281411140381,1258.734309220046,1262.2450951135843,1283.5047394733294,1302.1012038140552,1311.0049250455131,1322.3723955755597,1341.8037760072857,1363.3329831453116,1360.3762211935834,1381.6807504945884,1394.1128347410547,1448.6945121749625,1465.016530766686,1483.0392242726325,1489.9440146673192,1497.6779119039832,1521.873619460833,1544.3931040566604,1558.4807114319617,1562.4643215153658,1578.065481036722,1593.5297028483915,1609.5688947382257,1606.4638684169215,1626.543594341801,1644.7367596881736,1640.3099386279641,1625.2165830267948,1623.6244201936627,1623.8191326139731,1640.4676860235015,1638.1608722083447,1656.9760944377697,1648.1270849173914,1659.3346370442796,1637.8116318543603,1644.6593671835149,1648.3993824623778,1666.661922970637,1687.193479154674,1685.636437948448,1691.0299630280529,1688.9812396267148,1704.8532508234487,1700.4290423710838,1707.6154087396326,1697.7580440191919,1715.4269674876577,1698.2469478237788,1707.779965760256,1695.8411322348293,1708.6018768004265,1708.3747722447447,1722.3324125815639,1732.0067925202175,1727.5710663631357,1721.8588387006062,1720.1946805310072,1727.7641779067865,1732.2358957491906,1745.7299604473528,1740.5870065135732,1749.4270868732115,1740.0933143688703,1748.1063320996732,1741.5954830783626,1738.9902342791092,1742.5338852715943,1752.0234424759437,1758.543137254902
69439,3139,27597,zip,NC,NC,Zebulon,"Raleigh-Cary, NC",Wake County,,,,,,,,,,,,,,,,,,,,,,,,,,,,,,,,,,,,,,,,,,,,,,,,,,,,,,,,,,,,,,,,,,,,,,,,,,,,,,,,,,,,,,,,,1788.8557940968853,1788.025192247567,1769.2582566515025,1773.767977459022,1809.0690686890362,1828.6208239786404,1829.1370209580657,1815.1346051214507,1803.6330944058918,1819.0684343591117,1837.20380464151,1865.195697726898,1875.1151158791101,1865.35742275578,1869.504362340628,1866.2443328086345,1878.9929634810017,1877.1069389161978,1885.1225533851202,1883.916234307322,1901.4009347989881,1915.4278502835477,1905.0719775323319,1901.6543153659886,1892.8337317144776,1917.1055114924015,1908.8354508167358,1913.3771395883236,1919.1006604112886,1929.8885279146566,1935.7589852738274,1924.8661688326652,1917.1252706758353,1915.0911580469403,1919.113060242312,1928.0803972095798,1934.8684123809633,1936.5835576725856,1942.6671474543216,1940.0338061259745,1930.052653233291,1926.2083581182317,1925.1006619284035,1942.2226725511214,1948.6279772496039,1947.4194648180248,1953.04656056594,1949.2234021144952,1953.5293678795642,1949.86338905338,1956.5184310689308,1964.75
69774,3156,28211,zip,NC,NC,Charlotte,"Charlotte-Concord-Gastonia, NC-SC",Mecklenburg County,,,,,,,,,,,,,,,,,,,,,,,,,,,,,,,,,,,,1486.9557031444922,1496.1756492837512,1481.5231798943175,1518.966900284608,1543.532978640852,1538.024190760784,1519.1932856155713,1541.4416604517623,1535.7507020776175,1517.8810442597303,1530.4084455088089,1563.1202882251532,1620.1864413066837,1670.0470201943813,1669.2234050579316,1646.4788002742855,1628.2848402191457,1646.9846894595717,1677.4408993555444,1681.8201665350202,1691.415951295817,1689.955930407568,1687.001542299383,1664.7958923516392,1652.9447066116843,1619.3012074444598,1625.6777572588644,1633.0239069710708,1640.6910487156915,1627.1024447844914,1623.5519991443375,1610.1454083005733,1596.1872195174499,1556.1018107583752,1581.9090054698834,1604.6460734910033,1634.9921157781876,1657.0367921134002,1703.1462077874992,1719.7985950270177,1739.6466009872145,1728.6043371317378,1728.786087074678,1733.6136835113844,1778.0005249671885,1832.2230670502324,1836.2917577427777,1824.9106605544619,1841.2220648324676,1855.0708352340175,1856.6181635433313,1848.0632445537397,1862.0231739668666,1891.1781059660552,1927.4056997911575,1961.8483420056339,1971.710429104475,1973.691868565867,1969.8438248248326,1979.7982355659415,1965.9618933076922,1974.9353385959762,1978.5783922980245,2027.7404260993244,2023.794861697578,2045.3580055402356,2018.5692443975413,2044.7834762361758,2045.6103006093485,2050.3235445575906,2050.9805391015925,2048.808314985309,2047.8320997616393,2037.4860242005925,2055.9308828324174,2037.0068078026839,2070.589001235143,2074.125877651194,2121.2536834544726,2087.549359945009,2066.36630113272,2077.7864089845607,2066.603016548193,2087.0840119386953,2079.645146649847,2100.894515371666,2082.288996661088,2067.955804402586,2059.4159976792052,2062.264551792244,2056.937667008948,2080.0525083575885,2081.9323051088318,2076.2406631161366,2091.2955345053706,2080.379977439103,2092.874248629673,2082.906996295331,2089.920282422226,2102.1733832144064,2094.7634333433107,2087.331532613006,2074.5364807118444,2066.9093774306284,2074.8691613945352
69817,3192,28270,zip,NC,NC,Charlotte,"Charlotte-Concord-Gastonia, NC-SC",Mecklenburg County,,,,,,,,,,,,,,,,,,,,,,,,,,,,,,,,,,,,,,,,,,,,,,,,1148.239597878073,1147.1437984199492,1153.963804255816,1168.155374764564,1181.9432880829822,1191.1673571177541,1183.8462131808485,1185.887593046693,1182.745883132,1200.1898384827537,1205.6649858181706,1212.756305943665,1214.4333390281704,1221.3182484558326,1219.0395805401804,1207.9651248041382,1191.3211680192135,1190.658518796604,1187.3224894462592,1200.4254014118678,1196.6588173742582,1202.163790757503,1207.0338636112247,1237.6799127976344,1260.0429966826766,1267.4576049707562,1267.5700179549005,1267.6097588648015,1278.8226379189957,1298.444160551422,1319.8308711021155,1333.7406410725796,1358.10508265557,1370.5520198422453,1404.2787492772115,1408.0464902194492,1437.405186621916,1452.5554495714262,1477.415931602583,1481.336752967622,1492.235125980898,1500.463170910059,1509.3157628126346,1527.44135289215,1535.581471691484,1548.8610554176978,1540.3897429361646,1541.3576501664245,1536.2343120202636,1540.5828146250965,1538.5028663587052,1543.1937862124944,1567.3908121181157,1572.8916038476564,1581.9296374628477,1579.1619326989317,1601.5931416972153,1617.354555107704,1619.3226951493577,1620.2959942985067,1618.4952164394333,1607.2505962996322,1601.1260320172128,1599.0654092486134,1595.0203796102924,1600.805046745636,1613.401408326197,1616.0242457511124,1597.1438698616817,1574.9957669200096,1585.377255832152,1600.2081902105579,1612.624547118953,1613.4675187584805,1614.141286887616,1625.0192102844812,1636.9436776702823,1637.1007644790268,1631.1704123299446,1618.8964918419829,1615.847964787985,1625.0665683869163,1619.1146219797033,1608.9210963109265,1601.822735615813,1605.4519721843965,1607.1797940595966,1598.0691743766863,1584.9454014708333,1579.3071420363726,1573.9516681648593,1579.2392596175239,1582.8015151515153
70734,3200,29841,zip,SC,SC,North Augusta,"Augusta-Richmond County, GA-SC",Aiken County,,,,,,,,,,,,,,,,,,,,,,,,,,,,,,,,,,,,,,,,,,,,,,,,,,,,,,,,,,,,,,,,,,,,,,,,,,,,,,,,,,,1107.2939419968445,1126.9817008537166,1135.301925581773,1147.4698073356087,1148.1106640841144,1169.859953791013,1151.6283077921764,1179.3668373810806,1188.7341666973423,1207.5513092467863,1200.1830162814808,1199.658940011778,1212.4117574418701,1246.764547388375,1251.7964263981441,1258.447866316882,1249.8157916952196,1261.8084158017368,1286.3780521997508,1290.1987229439978,1303.195440931799,1299.171254427414,1315.3589196342352,1307.6113616914074,1303.3771310272373,1298.2692667076797,1333.5259894965948,1344.7014881087139,1375.6164802254862,1352.8426419300224,1366.739560619959,1348.2700366426939,1350.2040563693186,1352.175295110997,1391.0784660481959,1416.5201900314337,1432.1514414799253,1419.2681344906182,1421.7056540425635,1429.7869937239163,1433.9272462979484,1459.3355595505136,1456.622989155963,1490.0457921946481,1487.8510292723183,1490.9976735201271,1469.6087932032465,1469.6779936562077,1472.7739399474037,1492.7788983163448,1486.8288580660312,1488.803176886269,1486.8996240591855,1490.1314642936406,1494.3489341319332,1490.2819025885951,1501.082287823663,1511.304761904762
69454,3313,27614,zip,NC,NC,Raleigh,"Raleigh-Cary, NC",Wake County,,,,,,,,,,,,,,,,,,,,,,,,,,,,,,,,,,,,,,,,,,,,,,,,,,,,,,,,,,,,,,,,,,,,,,,,,,,,,1290.4247279411713,1325.3133576008634,1341.1251211428062,1358.8539322797396,1356.01752219189,1377.3102067517877,1385.0541418482244,1424.0466661245684,1459.6109609944403,1470.716285021324,1451.1843337022322,1449.81983837332,1459.4526294981094,1470.8333775681097,1470.5598518450092,1473.3463152064007,1501.4195372455813,1505.7623845513233,1512.501026490301,1481.8004546813033,1463.505396300778,1462.9891589861184,1491.1909923466721,1511.0646317588814,1490.4155423747904,1473.916445204968,1471.8646555291505,1480.8497835915173,1473.6905668330805,1468.6637278295937,1457.947881752922,1486.000221050971,1502.3189984170654,1526.2361605494002,1508.526972854732,1494.9789979323796,1500.592960751225,1509.9869077256085,1517.718639575224,1510.3800031054868,1504.350624314155,1509.705853494404,1504.936982937347,1507.9217018066909,1499.4385493037178,1509.6845063307521,1508.8051806431133,1503.01051524633,1504.8654914073743,1509.6954940121752,1522.1279827423502,1520.0072648832847,1526.5559774420483,1526.9597902932323,1537.3877984283506,1529.0557531736492,1533.0124541226198,1516.1723778991604,1522.3127201578964,1531.186426902839,1532.4807588054825,1528.5111759607382,1516.4816736492996,1519.7264705882353
70235,3316,28803,zip,NC,NC,Asheville,"Asheville, NC",Buncombe County,,,,,,,,,,,,,,,,,,,,,,,,,,,,,,,,,,,,,,,,,,,,,,,,,1145.1441388882315,1133.5456169350741,1114.7582709312408,1129.7690748702948,1145.2958091430814,1147.1852464254926,1147.2223070679474,1153.226325103466,1172.639348407712,1178.5521648319568,1175.6917697819204,1188.2263873764539,1177.0934507626275,1185.5899957838187,1160.0683345785117,1192.6901950407876,1197.580751929227,1192.8965633187267,1173.8219825872447,1190.5186279405966,1214.7421094732638,1240.1205308270498,1203.3607477124579,1197.652442764444,1218.3774097549833,1279.5820582158399,1310.726518266449,1336.493052653886,1367.081039146152,1414.1058376498681,1453.6188698258786,1474.1127518713502,1484.4539893236336,1514.3745053991063,1578.8267976824748,1609.8450702276762,1644.2398688297271,1654.6277401342834,1656.1481199900297,1629.5940216058093,1623.220843711834,1634.553347115496,1651.3961322614907,1630.245600092628,1652.0490404686225,1654.21104331418,1668.5804178640717,1693.438634147549,1701.6999081545382,1701.3822318420712,1698.1346689214702,1713.512524237229,1726.419110031193,1710.27533888,1703.030743739293,1719.2954575076176,1722.8104527364153,1719.9680625966125,1707.9346947689903,1692.9374967059343,1687.9080930962523,1684.7423881272418,1701.9392522226653,1710.5209652423364,1714.4256376222384,1725.9009110765721,1732.177525634579,1749.5597864256893,1734.1417090508119,1737.1921549720842,1731.635427503321,1720.7330871763118,1703.9441299834643,1691.1647643221158,1693.6102032544427,1696.5725949304335,1682.9998855417623,1670.5225536791065,1666.190522384825,1655.7916887989745,1659.170143310794,1654.8357073584189,1656.5073884983829,1661.8724799698298,1669.740642055182,1675.8518320395492,1661.4734741456589,1647.6499590978956,1648.002917178247,1649.0989522146845,1644.8583543111677,1636.6626984126985
70451,3319,29406,zip,SC,SC,North Charleston,"Charleston-North Charleston, SC",Charleston County,,,,,,,,,,,,,,,,,933.4342126525369,927.2050924904922,921.4865263266923,926.6914273770706,952.1386859761155,950.9037648898733,945.2006828868313,946.1680123725557,950.5364471735609,970.2699801759043,977.7700584158872,982.9255916645254,987.758661928315,991.2080306725129,999.2327125967441,1001.9681342557456,973.9314834472464,977.165263546216,982.5255374757335,1012.1417097690985,1022.7756668509875,1022.2504167054576,1020.1016285396776,1016.8924570088154,1014.8412421630334,1027.5921344733547,1039.043664394287,1038.5819626126531,1030.5170073381223,1028.6629973909717,1038.7829685692275,1043.6934256838813,1053.2026897387782,1064.397242091824,1073.7827486267638,1083.3424089700463,1091.272396553254,1091.4788490771211,1089.279329895366,1096.6289652665835,1119.594016241475,1126.8772562577321,1123.1786988739664,1108.89361899148,1099.4054532739328,1089.8009003805653,1094.7010419452363,1104.488823451896,1139.126811270427,1149.4230216886688,1149.5644282913354,1139.549156163346,1133.966136788191,1132.7714221565222,1123.5121460930636,1140.6203565381682,1168.7790463059875,1205.483544313489,1213.109241482673,1209.8716980018364,1210.6270197527676,1225.7475038799955,1254.9360944223783,1281.9570032919623,1314.667613535,1341.167968632708,1376.6172908379042,1384.227522505103,1381.6758473887717,1377.2636335149266,1396.81138034848,1430.2754763115568,1454.0311961596574,1469.4554977865143,1471.843978177101,1483.97247613427,1493.4732450107351,1508.757803731016,1497.0780085830618,1489.9705265990638,1484.010099559637,1503.4805708890322,1514.1970223306296,1518.2307977625037,1510.7719526671808,1514.8943970580203,1524.662482291812,1531.5734937762757,1523.0669207625795,1530.1166770987163,1544.6969681872029,1586.762971212209,1611.7137103238406,1615.6385674246249,1609.996761232755,1605.1785406540405,1614.0371904490457,1619.0788632154138,1617.7906230362885,1607.9842978867343,1615.5035907244976,1615.7780215498244,1620.7500119051094,1597.6729039335644,1591.1267860860446,1599.7720783422824,1612.732382444234,1613.7355569365448,1617.1505494605412,1614.200543180224,1620.7865736385415,1622.2155756253585,1626.1932739723359,1626.6802436226305,1624.9029120590476,1630.8558086890248,1633.1685476679072,1628.7134824322584,1626.3283512191965,1633.5074849736466,1634.9451711501324,1640.9697452136031,1641.9519473966968,1651.1401831939465
70159,3374,28715,zip,NC,NC,Candler,"Asheville, NC",Buncombe County,,,,,,,,,,,,,,,,,,,,,,,,,,,,,,,,,,,,,,,,,,,,,,,,,,,,,,,,,,,,,,,,,,,,,,,,,,,,,,,,,,,,,,,,,,,,,,,,,,,,,,,,,,,,,,,,,,,,,,,,,,,,,,,,,,,,,1815.6329083094652,1847.1671791415445,1844.3208805711997,1860.7811528077523,1849.0092599027128,1827.1871097011365,1835.4901017392312,1844.211111111111
70274,3384,29045,zip,SC,SC,Elgin,"Columbia, SC",Kershaw County,,,,,,,,,,,,,,,,,,,,,,,,,,,,,,,,,,,,,,,,,,,,,,,,,,,,,,,,,,,,,,,,,,,,,,,,,,,,,,,,,,,,,,,,,,,,,,,,,,,,,,,,,,,,,1738.0825059174233,1736.4051540937767,1731.0081571685791,1738.8342727015465,1737.0869621225163,1752.8861014865327,1754.0151140242897,1756.2662296703643,1736.1566801925405,1738.1648713331813,1707.3923830524755,1712.0505315889836,1718.3139210290353,1752.892379860473,1801.8291783533698,1821.3705627116635,1831.957760254853,1822.1346315504074,1827.4333834055474,1827.2453814140513,1844.3232675655588,1846.834733673571,1870.105850667479,1873.2567996799173,1880.2053015742529,1863.7254475983732,1837.6284061835731,1824.8303440085308,1824.509368565098,1828.829323088952,1826.7419533663574,1822.4828042328043
69402,3438,27545,zip,NC,NC,Knightdale,"Raleigh-Cary, NC",Wake County,,,,,,,,,,,,,,,,,,,,,,,,,,,,,,,,,,,,,,,,,,,,,,,,,,,,,,,,,,,,,,,,,,,,,,,,1254.1149248841805,1258.7418669000954,1262.3476578801497,1278.9822619109648,1292.2220011713478,1342.7980118067924,1350.4461873093449,1374.3073313080638,1382.6097543833462,1399.4355614047229,1421.6590827418709,1414.0299975266948,1429.925893818042,1443.055950893438,1477.260675920033,1496.2942615131121,1504.0067176535476,1496.3011244596214,1525.3637931181709,1545.6572255970248,1575.6523737497266,1573.5785162207335,1561.8403737717706,1585.2618129019568,1596.1928635653908,1606.4044846372183,1597.3313891629907,1596.9252302564016,1613.2967155942338,1602.5874750432974,1595.6557549473373,1578.8640649253923,1570.8770561121132,1595.6791224021067,1594.5375184252498,1614.598380260973,1615.443731013578,1632.3911804717143,1622.7408633718615,1617.8721231208242,1617.1636321239525,1646.0025022182463,1657.9692974961736,1672.0197072172746,1660.8722221785893,1649.939236196578,1663.108290182687,1666.8623046120902,1682.2476718293335,1677.1195747314378,1692.557433098647,1681.4235408015538,1674.6504286395332,1659.5043053857503,1659.1143857487957,1655.4947801630312,1663.3986619447917,1663.6457344904136,1660.7204846058398,1648.6743036796295,1639.4529704555305,1638.2625574521994,1637.8499944080547,1653.7874159079684,1662.1517641639277,1669.084424019361,1671.6770079194519,1678.5981817497286,1687.1570512820515
69373,3446,27514,zip,NC,NC,Chapel Hill,"Durham-Chapel Hill, NC",Orange County,,,,,,,,,,,,,,,,,,,,,,,,,,,,,,,,,,,,,,,,,,,,,,1035.8332833370512,1060.4397026464796,1087.9564218107034,1082.045010796156,1062.7598077515474,1064.8941683607438,1074.5846630454382,1086.1641773142333,1090.6207790315839,,1093.8568318055848,1105.2487831754702,1106.3884719026664,1093.3442426026866,1089.4050737865755,1109.0265799045555,1142.5489341052976,1158.8828213719419,1157.5760643262727,1157.71281620212,1158.245121243921,1169.7193117252991,1165.9754493585617,1152.2455823889863,1166.8894963475443,1176.6989761078257,1218.820988727862,1230.027430135017,1235.5136176286394,1209.1648265475792,1210.8887849594528,1211.6583105008322,1233.3572375470847,1247.4149912952141,1280.1040256727238,1319.1405536286509,1336.7231019252476,1347.3189082782708,1341.280103035148,1374.2153527766413,1392.7287284442898,1420.7984464071053,1425.9797166815108,1451.3308396673344,1474.4417984298327,1486.5605925275113,1494.1785747662298,1495.5280116313722,1481.8703628115618,1481.1586290302519,1481.062399542258,1454.464266698306,1458.917503781965,1484.4559272019,1529.6899739338062,1532.1623193654434,1519.585088030678,1534.5823854890953,1540.8197875724488,1523.6928184897938,1526.060655868991,1525.500158480064,1545.716844325705,1553.1769488101882,1553.9545919167679,1530.198111851043,1516.7958029490276,1523.1216559589875,1534.602161328249,1538.6449266074455,1520.812942907665,1523.6587310008533,1521.0243074785674,1541.1191216451507,1543.2809044706682,1552.0321521227056,1543.3044541904612,1559.1849141996563,1560.6400851521278,1560.8036167696318,1559.5847227059855,1565.1267221651499,1584.0928994723092,1596.6408460427222,1606.8823605638283,1596.9643931131438,1590.4667725661657,1587.8481340710425,1594.798535810515,1588.5999377998755,1584.6667903565613,1579.0300887698315,1573.713577874673,1560.200095047123,1547.2641875746713
69393,3489,27534,zip,NC,NC,Goldsboro,"Goldsboro, NC",Wayne County,,,,,,,,,,,,,,,,,,,,,,,,,,,,,,,,,,,,,,,,,,,,,,,,,,,,,,,,,,,,,,,,,,,,,,,,,,,,,,,,,,,,,,,,,,,,,,,,,,,,,,,,,,,,,,,,,,,,,,,,,,,,,,,,,,,,,,,,,1470.4123999968724,1496.4649291157364,1516.4998363684213,1538.1944444444443
70706,3510,29801,zip,SC,SC,Aiken,"Augusta-Richmond County, GA-SC",Aiken County,,,,,,,,,,,,,,,,,,,,,,,,,,,,,,,,,,,,,,,,,,,,,,,,,,,,,,,,,,,,,,,,,,,,,,,,,,,,,,,,,,,,,,,,1277.850772277591,1305.902194654534,1285.5170879978357,1298.0364855550924,1305.4021694383907,1333.158628907218,1331.9450784241894,1342.2430875755715,1356.3260180343411,1386.9121220107738,1410.8833952835387,1390.4854308898523,1379.113135367189,1362.6184904358777,1405.1972319631375,1414.6275192492521,1434.7192379108458,,1446.3453282333573,1456.161073531782,1458.1073413698355,1445.8101889666927,1437.273581253658,1430.1823118820378,1435.1054104983882,1471.4071136504842,1487.5626523042947,1499.7942551525077,1479.7888825699638,1482.2654264879056,1488.5515221723515,1522.0984650999749,1521.360605682974,1545.3036133669264,1534.5897874852524,1575.8471010946366,1581.5278548427077,1617.0476251526593,1598.8116648613848,1602.4510420668196,1604.1357096231043,1618.5632793562393,1622.8808717985319,1607.844484526846,1623.514848611264,1622.9470079676403,1648.8935113905618,1641.1178554624762,1654.3237100547312,1627.9051602163502,1642.0054687581437,1647.7148803211512,1669.4166666666667
69673,3539,28031,zip,NC,NC,Cornelius,"Charlotte-Concord-Gastonia, NC-SC",Mecklenburg County,1047.7066024919,1036.9352281869608,1044.8747233655672,1056.5486207300964,1060.4572398176872,1063.063060125939,1067.564909794908,1083.7616278325957,1087.0099639818823,1101.7707433635317,1103.4856668163975,1110.3799791740435,1095.4609583933932,1101.0192232177953,1107.9199136159996,1120.2571103297792,1115.2628591639648,1111.631803620774,1113.2008029773858,1112.3498393670834,1120.3135437507988,1124.0334950761717,1131.7579183524358,1132.1796659478377,1153.3274057966544,1151.2943804902488,1156.0007855214258,1147.310599314636,1164.6890161724407,1173.0521489936602,1169.7913199578647,1177.2318137403458,1182.1340647118511,1181.832140693749,1177.427289162379,1187.5347726113462,1196.4763122932193,1209.4046796574926,1208.6058210947867,1204.9774569257206,1200.7620652360695,1210.9587850872165,1222.8080847512745,1225.500603955109,1228.3295111701066,1231.32719108943,1239.27211062136,1240.879442918156,1236.3466708146532,1235.7821900629933,1241.7650165704233,1255.1669058678137,1259.7844122186982,1257.4271431668612,1258.240784063314,1260.7671328360757,1262.7212704309109,1267.653925921637,1270.3333659146033,1271.9290421789658,1274.9216797542927,1276.9825625583846,1302.7945381554366,1307.035768171488,1306.5611684584185,1303.767404859185,1306.665388294697,1323.4059419849884,1342.6357443162563,1363.4714990158855,1383.9050226110733,1383.2716036535637,1389.2490211656038,1392.9302311163453,1409.0776190256001,1420.7102335514858,1445.7642718698503,1480.339283164225,1518.0550224878064,1543.0529778799735,1563.0681692589387,1588.7058093151322,1599.5979201999573,1629.9228629377037,1648.5937255820672,1673.6533639793342,1675.7909679944075,1673.2148358843158,1680.9869020102133,1683.5476762913322,1697.7046679025257,1708.2526240814784,1699.4920492771741,1694.0887329343138,1702.8049430270305,1715.0907199249104,1725.978752981036,1711.7882978274547,1725.817292112006,1738.1236500872822,1748.8305279738886,1743.1391101112724,1734.4915807396198,1732.5361804063277,1748.2156529967635,1736.1523179397561,1738.5123453580677,1747.715762210144,1758.2015050886134,1766.925643759512,1756.1123286333693,1755.8236420120388,1745.3125925336583,1747.6727965209827,1762.237555958065,1759.8932230239582,1765.6819037931248,1764.8713234189427,1768.3974440077823,1745.371786971269,1735.0553233442408,1747.54710580128,1764.7106993915224,1767.9846862811987,1778.3633614906291,1784.9492737406795,1784.1813415725615,1773.4851116774844,1767.4860798015875,1777.8860586077167,1775.3722319345488,1787.7930108704313,1790.318927299574,1780.2500736408815,1770.4886945912006,1766.3593311366583,1761.313948644907,1755.9166937360005,1750.0523403067182,1757.4513457556934
69169,3567,27012,zip,NC,NC,Clemmons,"Winston-Salem, NC",Forsyth County,,,,,,,,,,,,,,,,,,,,,,,,,,,,,,,,,,,,,,,,,,,,,,,,,,,,,,,,,,,,,,,,,,,,,,,,,,,,,,,,,,,,,,,,,,,1459.1718658121213,1472.9555874759321,1484.6855255193066,1495.4547330172936,1500.2566702026472,1498.6605721786098,1500.7468966512638,1511.6202614436909,1523.743161105783,1525.689843494276,1527.355831339507,1525.712786507515,1535.5071599323092,1533.300074134417,1527.8471820143398,1531.298613300576,1541.1591476341218,1569.0826407440352,1588.7480612088639,1598.330616133939,1591.8638291400077,1585.8267417080588,1588.0778928931254,1612.7172521095692,1623.4254337560656,1634.6318309517717,1615.2140929086204,1614.3299100841714,1625.0393698057585,1638.6355931803416,1634.2403323498972,1624.5064168914926,1625.3821304803482,1653.9893402234165,1670.305428887093,1682.3985353855762,1683.1728880249084,1671.8522238166913,1701.8022780791239,1713.0549038971637,1711.4459170917478,1700.5860210942433,1706.7168502437198,1721.0625682830757,1733.2363363923548,1724.5456787572423,1720.6375675005029,1708.571209627617,1709.7443923734857,1721.388888888889
70596,3611,29611,zip,SC,SC,Greenville,"Greenville-Anderson, SC",Greenville County,,,,,,,,,,,,,,,,,,,,,,,,,,,,,,,,,,,,,,,,,,,,,,,,,,,,,,,,,,,,,,,,,,,,,,,,,,1167.1176391789836,1167.5745462518928,1176.6873145076277,1208.9367024548524,1217.3258671871415,1216.7421358576098,1207.5205574502802,1236.3096591615993,1254.6289429609835,1257.5131240475307,1262.7931570703163,1265.0567770538541,1283.450648253612,1294.2375536679338,1302.461877302537,1312.6642216599887,1332.5907666422318,1373.2277088897677,1382.7458051791612,1385.5707670332806,1367.615481030988,1371.5924951010543,1368.950065473477,1382.8673684972575,1405.3439285365107,1411.9409268964187,1425.314007450877,1416.274589884769,1423.836792714551,1420.2252653482722,1421.2095990652294,1429.7741890010022,1432.990947761099,1446.8148574558445,1447.5294162902112,1454.2193543514668,1455.4583329430936,1463.3067933420875,1469.5749373541998,1461.2715998629526,1460.6750617253103,1462.216599525319,1500.3801618847324,1499.0283436493914,1516.5898998065206,1517.2666027821483,1527.590249552506,1534.9107880771348,1537.9311667119202,1544.4170331256048,1545.2779261422886,1545.1090963174463,1549.1027333340232,1548.6092096105604,1551.9498869025629,1560.5342044379963,1561.901526215652,1566.7252327042222,1571.886571964059,1572.6394787927188,1576.9292413556775,1578.719982793727,1584.0830636945955,1601.9948591725367,1608.904823255903,1619.840478648023,1608.7777777777776
70546,3631,29550,zip,SC,SC,Hartsville,"Florence, SC",Darlington County,,,,,,,,,,,,,,,,,,,,,,,,,,,,,,,,,,,,,,,,,,,,,,,,,,,,,,,,,,,,,,,,,,,,,,,,,,,,,,,,,,,,,,,,,,,,,,,,,,,,,,,,,,,,,,,,,,,,,,,,,,,,,,,,,,,,,,,1160.6871962414275,1172.2917049348334,1165.5055390785153,1194.381666405398,1197.713675691947,1200.5
70602,3632,29617,zip,SC,SC,Greenville,"Greenville-Anderson, SC",Greenville County,,,,,,,,,,,,,,,,,,,,,,,,,,,,,,,,,,,,,,,,,,,,,,,,,,,,,,,,,,,,,,,,,,,,,,,,,,,,,,,,,,,,,,,,,,,,,,,,,,,,,,,,,,,,,,,,,,,,,,,,,1618.2964036794708,1657.6493312911289,1664.7064771928567,1689.1860890061782,1653.0917168652834,1658.268782296612,1652.865764017807,1654.29546415205,1657.7852460722013,1662.825038055011,1684.5177024445677,1697.009700787281,1713.762309841357,1679.8165242566588,1680.234645702153,1667.5928379616835,1708.3103247536117,1716.8264124240034,1722.1355404658295,1718.7235449735451
70031,3641,28560,zip,NC,NC,New Bern,"New Bern, NC",Craven County,,,,,,,,,,,,,,,,,,,,,,,,,,,,,,,,,,,,,,,,,,,,,,,,,,,,,,,,,,,,,,,,,,,,,,,,,,,,,,,,,,,,,,,,,,,,1433.383978744073,1416.558657995387,1415.266403651125,1409.6509634041709,1450.6192940585634,1469.1249356542112,1446.88878089466,1419.5771986724387,1430.6666301763312,1461.9063862815942,1496.0192454921219,1484.8111497602144,1466.6660122838455,1446.4404089854195,1457.8312499757228,1481.503302365457,1489.7959759011103,1465.238590043324,1491.6216279481937,1503.6874530750863,1535.4160418879267,1531.6441304953323,1534.3980782802646,1540.2795112675997,1543.763985006905,1558.4952991262237,1557.252383310971,1558.7308119108875,1564.3327683400696,1589.386013180622,1610.763486665513,1623.2692330729683,1624.6903614947144,1612.7653052049498,1603.7201125226084,1607.47122263859,1619.3769151041975,1636.457130402682,1645.8795374812403,1649.197349325447,1647.2898412762174,1650.5965536219667,1638.6130837413043,1641.4933410998271,1636.1433177476406,1654.2183873589886,1666.9794771944864,1677.9233541485717,1685.574074074074
70367,3651,29212,zip,SC,SC,Columbia,"Columbia, SC",Lexington County,,,,,,,,,,,,,,,,,,,,,,,,,,974.9095503766538,975.3460662170904,984.1922603360665,981.2247626486454,987.4442333707,988.6928101290086,992.9888569736346,1004.5882758634962,990.8388207538478,975.1911867007633,963.0469373427417,977.8516201759328,999.1893419254727,1014.2099237400204,1001.0011838306625,996.4097160864499,992.678498677487,998.7851353501928,1003.6814234019179,1007.4588351272271,1031.3298436411017,1054.5539837444185,1065.1745639656758,1061.5945899021403,1051.380646354688,1048.7831548274432,1063.5018120450904,1074.7116373487677,1082.4992728644436,1086.602871086829,1088.3062320919912,1088.2232657839431,1080.8127793439232,1078.612528738238,1082.4257159979431,1082.7449490842168,1082.5672152105053,1104.1363147274417,1124.584916622668,1140.5050588684007,1137.4378963695044,1122.2530213750385,1119.1396906308996,1127.655368852241,1140.6818824124477,1157.6474117421278,1157.5548121817149,1173.8286765963874,1185.902647314785,1201.5997332251768,1205.7259579713186,1208.2112579804839,1238.415358383949,1274.1967381822276,1330.0427019658898,1330.7149685751217,1353.2693331987925,1347.1918391032766,1374.3844161540585,1374.7727155079303,1381.4548262859528,1390.5023043301437,1398.842890092046,1414.4483295384337,1417.7761226874009,1422.823499573761,1405.2441339176148,1434.220921789055,1438.0036874033958,1464.2931797125113,1449.6846496778546,1458.863764993249,1462.2640555221599,1477.8865556060841,1488.9868144717407,1501.8746339572083,1494.0005687486018,1484.66347482104,1474.9041305617081,1470.0633038149238,1475.7626282757485,1483.435404410909,1511.5910473195645,1519.1637713953114,1515.7923524006246,1490.7338997880029,1497.1261043558372,1494.6838133136218,1509.5228381740721,1516.3245559605398,1538.194705099189,1537.7393129113416,1539.8182635009657,1544.9271232676588,1538.3664472994692,1550.9323470691816,1565.9420950112078,1594.0556999612636,1599.0934858086503,1599.0541213747872,1587.4290322548711,1585.0995335600867,1583.8403135212382,1589.4960714958065,1592.943330210092,1589.5306566105064,1592.4618282336303,1586.9570517720044,1585.9397361999922,1583.118034367843,1583.507934796973,1591.555906199634,1604.5071359232065,1615.0324601099587,1618.3333333333333
69376,3666,27517,zip,NC,NC,Chapel Hill,"Durham-Chapel Hill, NC",Orange County,,,,,,,,,,,,,,,,,,,,,,,,,,,,,,,,,,,,,,,,,,,,,,,,,,,,,,,,,,,,,,,,,,,,,,,,,,1316.2204256378159,1290.5559876118796,1314.5461583868455,1340.067629463715,1385.2566489949863,1414.1003645566154,1444.1830512737185,1457.2637707728034,1469.4225638145283,1485.6636912875479,1514.2330161424782,1517.3979092298684,1537.3286836602238,1552.2868631923977,1565.2743878798262,1577.922746747285,1570.413861110072,1574.2424502959732,1568.6995968199326,1583.1407600814443,1589.3785015997285,1595.2351680291229,1540.567332858039,1559.3918187265663,1564.14773058826,1621.7173592646025,1616.7506781803431,1619.7567145009791,1620.8550106893433,1622.6892573982698,1624.6609875829035,1638.2288674367626,1640.4807806350443,1650.934860869859,1660.9946390134276,1642.434448456753,1635.005457821144,1611.9641352674482,1619.543929831174,1613.0055048028942,1620.7876730470632,1632.335624464352,1643.891131495219,1640.5751722996017,1634.7282599586442,1639.8844521457445,1655.2530515712856,1672.6607578569551,1682.7586055689228,1686.841426687652,1689.5382066985082,1683.4169950293042,1678.8765335819419,1656.3387293644287,1645.5153560920726,1639.8344436605814,1643.5341643628385,1635.7102117413092,1632.1989934577957,1626.973727958525,1624.8517168265714,1624.5089692440256,1624.0117560259885,1635.6415322901782,1641.3364201945362,1658.9035907923667,1669.4458036984354
69207,3674,27104,zip,NC,NC,Winston-Salem,"Winston-Salem, NC",Forsyth County,,,,,,,,,,,,,,,,,,,,,,,,,,,,,,,,,,,,,,,,,,,,,,,,,,,,,,,,,,,,,,,,,,,,,,,,,,,,,,,,,,,,,,,,,,,,,,,1144.3453916000212,1162.461379813929,1180.583820319737,1188.2420001491794,1197.2215859297355,1209.497355672531,1215.5818917969252,1217.8507265880926,1199.9408496413078,1195.510130283911,1194.3351578368581,1203.698790077804,1197.16695895949,1202.6971040872252,1230.774920510431,1253.9852598837986,1259.6001295196781,1248.7094623441546,1247.9670342269462,1258.564910253246,1264.44183835616,1282.3245253071889,1289.9174825053956,1294.996664220006,1301.9159344358757,1298.1548837589157,1287.603729368394,1268.24134113456,1270.6851140511271,1285.2395237712349,1302.379864724449,1305.4778385266234,1307.9918061602953,1307.1739027585372,1311.9646564171187,1315.22931608867,1320.49863214863,1327.0186331839582,1326.8863838790267,1338.1152239327266,1340.4143246562965,1340.888101529957,1335.2777355393723,1334.869922758223,1340.265824463346,1339.5964590964593
70259,3692,29016,zip,SC,SC,Blythewood,"Columbia, SC",Richland County,,,,,,,,,,,,,,,,,,,,,,,,,,,,,,,,,,,,,,,,,,,,,,,,,,,,,,,,,,,,,,,,,,,,,,,,,,,,,,,,,,,,,,,,,,,,,,,,,,,,,,,,,,,,,,,,,,,,,,,,,,,,,,,,,,,,,,,1893.996511641627,1881.4181976158013,1893.6931803013088,1895.3077143962998,1933.6819766629271,1952.75
70057,3712,28602,zip,NC,NC,Hickory,"Hickory-Lenoir-Morganton, NC",Catawba County,,,,,,,,,,,,,,,,,,,,,,,,,,,,,,,,,,,,,,,,,,,,,,,,,,,,,,,,,,,,,,,,,,,,,,,,,,,,,,,,,,,,,,,1407.7582016726592,1405.4257852138198,1431.395293365478,1450.249505118504,1475.304431904902,1469.9416282023005,1458.0730778516615,1458.9937804394303,1445.1566065979305,1457.0488252536904,1472.7781843460843,,1513.885859894872,1476.0935219111004,1461.2690777434339,1452.9366327859104,1469.4690842410328,1466.3600020140825,1454.3365641757034,1437.921678627026,,1434.2200540547672,1437.4781032269375,1431.2755297577278,1429.4103825898603,1487.8776861608744,1497.549254372308,1511.980241197111,1468.0330739973317,1467.087269312166,1481.6537184266956,1489.161950771871,1514.2197049114495,1524.2162963909882,1522.292721487769,1519.7651873575671,1521.7134909169715,1526.7332576912277,1526.3799031633,1529.2595809772429,1538.5010136366882,1552.8549139895556,1556.8243291679348,1567.633897698541,1560.0580168854483,1560.2594260861517,1565.4208544272883,1572.8711801776572,1580.5182150864728,1564.2586913768862,1572.5787957722582,1574.8034548062049,1595.52372292624,1596.2055944055944
70397,3743,29316,zip,SC,SC,Boiling Springs,"Spartanburg, SC",Spartanburg County,,,,,,,,,,,,,,,,,,,,,,,,,,,,,,,,,,,,,,,,,,,,,,,,,,,,,,,,,,,,,,,,,,,,,,,,,,,,,,,,,,,,,,,,,,,,,,1423.4174820206138,1441.1878700542532,1455.9237554347947,1453.7351684182086,1461.865478646835,1460.273105298225,1482.465628432224,1479.6265626038096,1480.6926349419589,1473.0951035351402,1473.8273831435977,1485.6403392303575,1498.3474170124853,1503.3890585092145,1506.0090455972206,1502.9426686132442,1510.9197989520726,1527.6476821107653,1549.2428079156352,1562.8272494268176,1550.708577661405,1547.2989482734686,1547.6990255471721,1547.5476432140767,1538.8767099015977,1540.4873868473956,1556.1251020606471,1572.2597328601705,1582.305496968094,1580.0685869958384,1567.3453231462945,1565.070146621184,1568.3722649851659,1583.8325500484193,1585.5431464791313,1589.8097024375777,1600.8844981333164,1602.3942357756919,1595.385701760202,1594.378292895439,1590.6734566610764,1594.856920449211,1599.7774617306898,1606.3979015681432,1619.805794209711,1621.7603108886394,1631.138888888889
69705,3746,28086,zip,NC,NC,Kings Mountain,"Shelby, NC",Cleveland County,,,,,,,,,,,,,,,,,,,,,,,,,,,,,,,,,,,,,,,,,,,,,,,,,,,,,,,,,,,,,,,,,,,,,,,,,,,,,,,,,,,,,,,,,,,,,,,,,,,,,,,,,,,,,,,,,,,,,,,,,,,,,,,,,,,,,1537.870982693009,1529.8735515562203,1559.8193670350197,1558.945890592129,1609.0788709726414,1642.965288522016,1696.5699031030595,1710.4444444444446
69748,3759,28146,zip,NC,NC,Salisbury,"Charlotte-Concord-Gastonia, NC-SC",Rowan County,,,,,,,,,,,,,,,,,,,,,,,,,,,,,,,,,,,,,,,,,,,,,,,,,,,,,,,,,,,,,,,,,,,,,,,,,,,,,,,,,,,,,,,,,,,,,,,,,,,,,,,,,,,,,,,,,,,,,,,,,,,,,,,,,,,1485.3211393506017,,1494.6303730075233,1493.5946485633372,1489.3940845425955,1473.2621044658706,1481.9547395086017,1498.1483558085074,1518.837306601092,1537.638888888889
69425,3794,27577,zip,NC,NC,Smithfield,"Raleigh-Cary, NC",Johnston County,,,,,,,,,,,,,,,,,,,,,,,,,,,,,,,,,,,,,,,,,,,,,,,,,,,,,,,,,,,,,,,,,,,,,,,,,,,,,,,,,,,,,,,,,,,,,,,,,,,,,,,,,,,,,,,,,,,,,,,,,1621.096354841508,1655.4948094077229,1674.1313933119427,1653.8164590756896,1643.2299816397176,1624.4426306639543,1640.5377383680736,1636.6089861095252,1644.1985320948243,1660.3500241944364,1680.7812603718173,1684.7765332862048,1683.6284256320469,1672.1317909504835,1661.3953819469536,1677.075298375131,1693.2504648825702,1711.3472310180937,1704.6304555728661,1711.638888888889
70054,3796,28590,zip,NC,NC,Winterville,"Greenville, NC",Pitt County,,,,,,,,,,,,,,,,,,,,,,,,,,,,,,,,,,,,,,,,,,,,,,,,,,,,,,,,,,,,,,,,,,,,,,,,,,,,,,,,,,,,,,,,,,,,,,,,,,,1463.789877305061,1474.7331296987159,1483.6051478122547,1487.7120026250375,1484.4275861363167,1484.622416407601,1472.301014259557,1473.3430287536971,1482.9708769982678,1497.129499923405,1502.3731782353789,1494.9461218614454,1489.4987320076173,1494.2675169413665,1499.4694639506008,1513.7096376296695,1510.8359992406479,1524.6261513080537,1533.0695107408903,1546.7517309603984,1546.4455560563786,1546.2718055441858,1552.3467681476739,1549.2175949074897,1551.1960838408438,1550.1317016860705,1563.412196511526,1559.7050460521398,1562.9631207555915,1557.516249966997,1566.7444404672399,1564.8348989605515,1567.2728275530562,1566.9314827845394,1565.590030371503,1578.611592710457,1585.5247629849305,1590.0422737996096,1584.245807001551,1586.7109550355026,1593.7150157752594,1598.5714285714287
69434,3806,27591,zip,NC,NC,Wendell,"Raleigh-Cary, NC",Wake County,,,,,,,,,,,,,,,,,,,,,,,,,,,,,,,,,,,,,,,,,,,,,,,,,,,,,,,,,,,,,,,,,,,,,,,,,,,,,,,,,,,,,,,,,,,,,,,,,,,,,,,,,,,,1827.3118807059952,1823.465611351458,1835.0049122674852,1836.3631287320366,1868.618650172903,1866.0920322835477,1897.1085584911414,1901.897347492374,1919.6573053925547,1891.281481113477,1866.1248415777347,1858.4054998224942,1868.984439668953,1903.9832487311762,1896.675869402818,1888.0293003179704,1859.388049636414,1878.2959994176092,1893.1096830496813,1895.492824359063,1889.2682945166125,1898.3603585455473,1926.3091315721435,1932.210494274069,1934.2485199457103,1908.0004010363493,1907.4852236781571,1912.1176119095267,1916.2561301668857,1898.5607143435238,1866.082809572118,1851.8848795653598,1835.5809523809523
70491,3880,29455,zip,SC,SC,Charleston,"Charleston-North Charleston, SC",Charleston County,,,,,,,,,,,,,,,,,,,,,,,,,,,,,,,,,,,,,,,,,,,,,,,,,,,,,,,,,,,,,,,,,,,,,,,,,,,,,,,,,,,,,,,,,,,,1937.74626967199,1949.8248904270517,1960.7540894488536,1904.6628928247817,1928.794594005145,1956.992318088856,1998.9943825483035,1988.2428217945032,2000.226876068535,2024.5783739505882,2074.98401853424,2093.378749404761,2097.598393626268,2081.120511939105,2068.794091012541,2082.929826012752,2090.412732978571,2115.592306726486,2141.3432618397323,2143.9824777840413,2139.394386237752,2097.406586262088,2099.9483947905037,2109.673595346927,2137.4811421338923,2137.7418103172668,2108.8994230761537,2100.849205104825,2118.1491506250154,2166.668622733999,2176.8115542924606,2171.238485036422,2149.6897025884614,2163.265746596481,2144.9250944250107,2150.6938292443424,2151.967794798283,2174.3555651473143,2219.6446168904404,2249.3343132307855,2249.247569440835,2214.5358399328315,2210.5842570575755,2241.120943611957,2284.4747278303435,2318.8600075525624,2353.9889644211853,2375.973089016194,2395.4117173439427
69504,3888,27804,zip,NC,NC,Rocky Mount,"Rocky Mount, NC",Nash County,,,,,,,,,,,,,,,,,,,,,,,,,,,,,,,,,,,,,,,,,,,,,,,,,,,,,,,,,,,,,,,,,,,,,,,,,,,,,,,,,,,,,,,,,,,,,,,,,,,,,,,,,,,,,,1348.1049833568536,1375.6761354663179,1374.397889106744,1385.494512078448,1382.1576249125706,1372.7982554289167,1344.7179087667043,1358.0018867119936,1386.069595814176,1404.6506369508804,1419.4446151382758,1417.0240520103343,1438.3841244267182,1431.203613335181,1450.4792730192423,1443.6219842998985,1457.5085248507417,1439.3743012116192,1448.712054206149,1449.4486194278386,1431.8812898855322,1424.349266241384,1422.3239435599896,1422.9399340660373,1411.7280547146643,1408.0815231936351,1402.7133916570924,1407.5479541470304,1407.2661461535,1428.7730430311494,1435.7222222222224
70392,3977,29303,zip,SC,SC,Spartanburg,"Spartanburg, SC",Spartanburg County,,,,,,,,,,,,,,,,,,,,,,,,,,,,,,,,,,,,,,,,,,,,,,,,,,,,,,,,,,,,,,,,,,,,,,,,,,,,,,,,,,,,,,,,,,,,,,,,,,,1177.2314562256654,1187.6885218948685,1197.318323980826,1227.2653839492634,1178.7886230762422,1206.1278481030852,1214.6157098862402,1290.4135017669241,1295.5978560527067,1289.7365037954396,1308.7547409463455,1323.3965045057264,1326.9699524751104,1328.3675359037459,1332.112918803888,1341.1219737161668,1356.9663060780015,1342.6493918292265,1341.1811955717246,1355.0825511473543,1358.9266811233472,1381.5712256287222,1364.307201446201,1387.3541575794873,1385.6819447537973,1399.4503763907478,1399.0393134673845,1412.4623128619335,1427.1954428848671,1429.2215800615377,1441.5181624143884,1410.694455331092,1417.281086835622,1409.7248296678492,1423.1501914433077,1412.4961700761812,1424.6537352493112,1423.1424006405198,1430.4952790663756,1419.536020408429,1419.2784647063313,1426.0396825396826
70196,3989,28752,zip,NC,NC,Marion,"Marion, NC",McDowell County,,,,,,,,,,,,,,,,,,,,,,,,,,,,,,,,,,,,,,,,,,,,,,,,,,,,,,,,,,,,,,,,,,,,,,,,,,,,,,,,,,,,,,,,,,,,,,,,,,,,,,,,,,,,,,,,,,,,,,,,,,,,,,,,,,,,,,,,,,1229.9277052887637,1279.4911669833537,1251.111111111111
69746,4015,28144,zip,NC,NC,Salisbury,"Charlotte-Concord-Gastonia, NC-SC",Rowan County,,,,,,,,,,,,,,,,,,,,,,,,,,,,,,,,,,,,,,,,,,,,,,,,,,,,,,,,,,,,,,,,,,,,,,,,,,,,,,,,,,,,,,,,,,,,,,,,,,,,,,,,,,,,,,,,,,,,,,,,,,,,,,,,,,,,1456.3168479157264,1463.1083340705761,1493.1626707945043,1451.7842545322465,1446.4414422785576,1451.7526082437648,1477.5577692028437,1476.6404393118764,1445.5833333333333
70450,4028,29405,zip,SC,SC,North Charleston,"Charleston-North Charleston, SC",Charleston County,,,,,,,,,,,,,,,,,,,,,,,,,,,,,,,,,,,,,1043.062627085601,1047.8361454397568,1072.6628658265877,1087.8578216936603,1094.5228670439672,1102.0970739245251,1098.4850378330295,1100.0277553173503,1105.9155195549915,1111.413055876327,1114.443384557081,1123.0184500148566,1119.703188544042,1131.940812203664,1136.650548332512,1122.5946634967054,1134.7186903589466,1128.6555275722294,1145.1405345250791,1153.9943902289372,1162.0413632018597,1173.0687354092256,1173.2217211246787,1174.9622654819066,1176.4889894263026,1171.7870911357863,1175.047578858119,1181.5712256708657,1185.7102282880267,1182.0025374532393,1176.0833715328224,1191.5234642899925,1196.9629115814844,1206.1279750549222,1210.1706839614083,1228.5163958528212,1239.9606289410194,1258.4870001134861,1267.1061411116732,1264.1202439706426,1260.805333431642,1288.8067702420935,1330.3656251252537,1362.9158280586641,1373.8289251130113,1394.1505551550547,1430.5098526157885,1455.0892032788279,1459.1887604676117,1450.5101041712098,1473.4305835103694,1509.6887869050558,1565.7660249720743,1600.3608238469742,1617.7433593169824,1610.18961623576,1613.916316946917,1634.3300705629322,1632.115468341433,1648.358198439626,1670.1918595790216,1726.4659585713162,1746.4499795329962,1764.5336288371761,1756.161010365146,1751.3157976166312,1754.809406873056,1777.3355687059022,1787.081390836265,1788.467407625794,1787.083300702416,1816.9135838790235,1831.6754782611752,1851.7462430753476,1846.0408586541748,1852.3490281637437,1849.4322536150921,1853.6410164660338,1861.8072291922117,1867.5487170781605,1888.841860052087,1887.452914351712,1914.370569164362,1904.4659941654706,1916.0747211055855,1893.0219334124492,1903.0593225211378,1904.5257607503142,1936.2278679505328,1955.0359381118687,1961.2462465018743,1950.2297652797165,1949.1520787223099,1965.4094033573342,1965.4600110900026,1974.597519359849,1974.369779179359,1991.4635036629038,2002.9658170641228,2015.302218038448,2013.523941235202,2018.8766271503798,2031.131484911584,2054.8125
69267,4065,27262,zip,NC,NC,High Point,"Greensboro-High Point, NC",Guilford County,,,,,,,,,,,,,,,,,,,,,,,,,,,,,,,,,,,,,,,,,,,,,,,,,,,,,,,,,,,,,,,,,,,,,,,,,,,,,,,,,,,,,,,,,,,,,,,,,,,,,,,,,,,,,,,,,,,,,,,,1180.953714582018,1202.6978496080021,1219.7233644062796,1187.718997291247,1159.6423386485549,1160.3455662372924,1173.6790287338486,1175.8122890019536,1172.7881698471167,1178.7352904145528,1189.2206090002742,1196.1447510015205,1192.976936772002,1170.1764168434945,1169.694598007309,1188.362619302525,1210.7667593270314,1214.766272345276,1215.300916123779,1228.097014524924,1248.4055555555553
69725,4078,28112,zip,NC,NC,Monroe,"Charlotte-Concord-Gastonia, NC-SC",Union County,,,,,,,,,,,,,,,,,,,,,,,,,,,,,,,,,,,,,,,,,,,,,,,,,,,,,,,,,,,,,,,,,,,,,,,,,,,,,,,,,,,,,,,,,,,,,,,,,,,,,,,,,,,1650.4787500122154,1661.7465631624366,1697.8072968525078,1727.3429142799741,,1723.628134931431,1637.5379374211352,1656.0077064160746,1685.3367384708356,1779.2605300253938,1755.1155214535656,1763.2477205130353,1758.1073893633209,1769.9718678693919,1779.216705319264,1794.9461910793787,1829.7745674412015,1835.8000835519788,1892.1113799075754,1847.0995127649835,1843.3175049239626,1787.1550014246038,1817.6241265570147,1826.231864104365,1834.2694885138899,1830.5454566293529,1831.7445646677995,,1829.0084903817747,1842.945056936883,1852.6767185238916,1895.2915994277726,1907.3486935491649,1930.0833333333333
70108,4180,28658,zip,NC,NC,Newton,"Hickory-Lenoir-Morganton, NC",Catawba County,,,,,,,,,,,,,,,,,,,,,,,,,,,,,,,,,,,,,,,,,,,,,,,,,,,,,,,,,,,,,,,,,,,,,,,,,,,,,,,,,,,,,,,,,,,,,,,,,,,,,,,,,,,,,,,,,,,,,,,,,,,,,,,,,,,,,,,,1382.1007993964831,1379.5250355930768,1383.099897503864,1391.0813289688185,1403.3333333333333
69702,4193,28081,zip,NC,NC,Kannapolis,"Charlotte-Concord-Gastonia, NC-SC",Cabarrus County,,,,,,,,,,,,,,,,,,,,,,,,,,,,,,,,,,,,,,,,,,,,,,,,,,,,,,,,,,,,,,,,,,,,,,,,,,,,,,,,,,,,,,1287.081932079605,1321.8522594333308,1327.4331664768295,1360.3811257161303,1367.2530823270747,1399.5132222786415,1411.7856031826982,1418.2416811784383,1436.7104549023093,1450.0300631230953,1497.3629915535107,1505.8192305817086,1526.0632047582171,1510.1600426086022,1524.9058990236442,1512.264440085886,1516.2526853594782,1506.976252107182,1512.1748355650666,1520.6287367681618,1518.4989594525105,1518.2820079627159,1511.8354784051764,1530.7095240723454,1539.6657519543157,1547.7269368166712,1547.9376397320827,1543.9135334586156,1547.8634055162388,1543.556623530902,1548.039568736958,1547.6907868192773,1539.569504592928,1534.6481211803693,1547.0404030026355,1567.594004491016,1569.2711786050413,1563.4578319197822,1559.0406567917396,1577.9232331059557,1591.404959032733,1600.588832455686,1586.8766269927025,1591.489548057701,1604.4743874551516,1614.720436437484,1608.3489319153632,1591.4967159642583,1592.4153459799534,1605.3874270054991,1615.890393335728,1615.010463397798,1612.105850038671,1618.402177625419,1635.529411764706
69354,4202,27455,zip,NC,NC,Greensboro,"Greensboro-High Point, NC",Guilford County,,,,,,,,,,,,,,,,,,,,,,,,,,,,,,,,,,,,,,,,,,,,,,,,,,,,,,,,,,,,,,,,,,,,,,,,,,,,1130.219102299914,1130.6503814044402,1145.3444014290178,1160.1140134171071,1183.543215896831,1215.0333702806886,1221.9949721192536,,1241.0487556275534,1286.42896807802,1298.4652857146934,1329.6972420969607,1336.4078587742658,1353.3425896592764,1383.4224335567135,1392.2174467915174,1391.4666199881567,1386.0684426090747,1398.0631461944993,1396.2268630179854,1416.9395556976942,1396.1018515936178,1424.222410970634,1414.371149705004,1436.9677499375414,1436.33077124237,1438.5131919741837,1444.968369291503,1444.9087695276596,1452.2220134575946,1450.4956772265775,1458.3329389713504,1446.2538002037338,1444.195434367515,1420.7062341952335,1438.3663921821972,1450.2401137729348,1478.6869978710793,1476.6438149029009,1470.4195821516325,1477.6565090492434,1484.1335586190576,1501.1660653021468,1496.7878921450924,1483.336066670011,1476.4023975584932,1484.369957437018,1499.1839151397396,1493.384291790769,1483.794069932892,1475.6192012737467,1496.3277377616537,1506.8856446838006,1508.207756569929,1501.9978178282397,1508.4830846283735,1526.058120414176,1539.799834443694,1542.339732637673,1525.1311494679637,1520.1802867823833,1513.6253921975838,1519.004976920458,1502.754992760231,1488.5222222222221
69655,4218,28001,zip,NC,NC,Albemarle,"Albemarle, NC",Stanly County,,,,,,,,,,,,,,,,,,,,,,,,,,,,,,,,,,,,,,,,,,,,,,,,,,,,,,,,,,,,,,,,,,,,,,,,,,,,,,,,,,,,,,,,,,,,,,,,,,,,,,,,,,,,,,,,,,,,,,,,,,,,,,,,,,,,,,,,,,1323.6203985309494,1328.6923310959683,1339.1666666666667
70461,4236,29418,zip,SC,SC,North Charleston,"Charleston-North Charleston, SC",Charleston County,,,,,,,,,,,,,,,,,,,,,,,,,,,,,,,,,,,,,,,,,,,,,,,,,,,,,,,,,,,,,,,,,,,,,,,,,,,,,,,,,,,,,,1492.4047845368877,1499.9361856637256,1511.9373087236393,1546.0898719162592,1572.8092268821333,1638.1559511809412,1650.9604889019774,1678.3432305561826,1674.7866132439917,1703.4172393843053,1691.3650347763491,1684.2166723471541,1677.5110124045605,1718.5880557673008,1760.1774127257945,1774.4609263718094,1749.528574744784,1708.6579986117533,1697.5706548190249,1680.8277867637075,1691.1386413273106,1698.788735123855,1744.980167475993,1763.7005255129684,1781.1611146288594,1761.1117645759268,1736.4117998945533,1721.2389625260328,1737.0408756660975,1754.5206015608442,1773.8385899328557,1782.844376316801,1790.6194202595855,1799.8973926122792,1797.0635321180318,1811.555323456617,1818.95866613263,1834.4774569470826,1830.1978665080344,1842.2521229620934,1849.959241473678,1870.2510824663339,1865.638554437893,1875.0218938727896,1877.3136447184456,1874.7549048706796,1869.3630285504476,1863.5686014573744,1861.8924443288024,1862.6846012794922,1880.2633567946968,1884.869085356029,1884.1880381313028,1874.15717109104,1876.8055555555557
69954,4241,28443,zip,NC,NC,Hampstead,"Wilmington, NC",Pender County,,,,,,,,,,,,,,,,,,,,,,,,,,,,,,,,,,,,,,,,,,,,,,,,,,,,,,,,,,,,,,,,,,,,,,,,,,,,,,,,,,,,,,,,,,,,,,1774.7140703526688,1821.4410121602386,1755.8912589378886,1770.0727999854973,1787.4550983411252,1788.6161780853283,1794.3298254180147,1793.4947567584193,1824.0304906542583,1841.7323933113098,1827.982534622489,1771.2933606328156,1728.065680613028,1731.1330426812433,1770.8706864515348,1821.3647087604022,1805.5355303403985,1800.3298177434083,1782.3007828106336,1790.7265790981608,1796.1585683545106,1797.30410386418,1829.0768860443027,1831.293728779166,1825.6718811372782,1801.7963352526278,1813.7797321809478,1804.2116996994434,1814.0190776690183,1809.673575606488,1836.220002876981,1843.2725641926004,1820.9776801612577,1811.0187091947282,1794.9392031001742,1809.4915358832586,1840.7534782485418,1858.3249484524458,1852.2740890438251,1844.5835575221106,1853.2870828019045,1871.457833264819,1873.0398010353572,1879.3433244117066,1905.6085371054044,1928.280409343174,1949.2791666666665
69750,4309,28150,zip,NC,NC,Shelby,"Shelby, NC",Cleveland County,,,,,,,,,,,,,,,,,,,,,,,,,,,,,,,,,,,,,,,,,,,,,,,,,,,,,,,,,,,,,,,,,,,,,,,,,,,,,,,,,,,,,,,,,,,,,,,,,,,,,,,,,,,,,,,,,,,,,997.6069500013738,987.4564879461683,978.6604868841275,987.0458140438658,980.1170499053009,976.8378449260429,980.125292521652,990.6491917457807,979.8489103991601,985.889472379453,980.173420278956,994.1326347279403,997.256317225222,1009.7800832653572,,,1006.6883971822876,1010.8007836467216,1016.2877279030436,1013.8531392280123,1017.1080390746317,1010.9139266206739,1007.0331324318212,991.4666666666667
70608,4358,29625,zip,SC,SC,Anderson,"Greenville-Anderson, SC",Anderson County,,,,,,,,,,,,,,,,,,,,,,,,,,,,,,,,,,,,,,,,,,,,,,,,,,,,,,,,,,,,,,,,,,,,,,,,,,,,,,,,,,,,,,,,,,,,,,,,,,,,,,,,,,,,,,,,,,,,,,1147.2068024741122,1150.4829701243432,1149.9816246690195,1159.6709022285365,1182.1614679745762,1185.01631910342,1197.0940488333565,1194.5594701045225,1196.77311830012,1174.4003759747966,1181.3853677587147,1186.9886549342527,1196.5905669733572,1200.8596378953002,1212.5723242805689,1207.6305973515978,1195.18921834279,1192.1139805812077,1193.4556511051692,1202.0765623670518,1203.9348598176864,1224.380176178898,1232.638888888889
70755,4421,29906,zip,SC,SC,Beaufort,"Hilton Head Island-Bluffton, SC",Beaufort County,,,,,,,,,,,,,,,,,,,,,,,,,,,,,,,,,,,,,,,,,,,,,,,,,,,,,,,,,,,,,,,,,,,,,,,,,,,,,,,,,,,,,,,,,,,,,,,,,,,,,,,,,,,,1506.0210409274528,1504.9705111946307,1496.999840748312,1482.090442526929,1540.9356632190088,1561.7340315056956,1577.3359045509342,1567.2965356892792,1574.9441193883663,1586.642695371305,1580.4968865433445,1560.2635462029818,1565.547560795639,1587.5907316111375,1611.4923844559673,1634.1221451262159,1631.1279326857655,1659.530212881901,1645.0810017984327,1652.8788814793659,1648.021389434718,1649.8060271602644,1662.0075707208912,1686.1170195422349,1697.2359824604016,1699.6390118740635,1701.3833051171405,1706.5485397581465,1702.152074874734,1690.5654759177369,1707.231091003221,1723.9002168592178,1741.5555555555557
69661,4432,28012,zip,NC,NC,Belmont,"Charlotte-Concord-Gastonia, NC-SC",Gaston County,,,,,,,,,,,,,,,,,,,,,,,,,,,,,,,,,,,,,,,,,,,,,,,,,,,,,,,,,,,,,,,,,,,,,,,,,,,,,,,,,,,,1560.0575040207325,1572.965542069366,1594.2243519220892,1605.1339627803015,1611.1386192007722,1633.9161018779332,1651.873267975149,1660.6391011770243,1679.723386826177,1700.1611432362022,1721.1001057185545,1707.582714178133,1700.785549714079,1710.1462884736861,1710.5601350815623,1730.0900614933623,1742.5361961727917,1754.7947602330917,1757.5466262245486,1760.8519488210177,1750.9661366629452,1752.7461982909847,1753.5608695006938,1776.785087278024,1794.7350771936888,1791.1334581539768,1807.9637251746876,1806.9185314923468,1818.6977611207496,1816.10151324632,1810.7724599935566,1821.636091432062,1815.9669097727242,1827.1100077352994,1826.6756976143085,1844.2987483287923,1853.5800345279686,1865.0427608672103,1853.8393085467706,1853.3706889314813,1855.8047739286535,1862.507575280259,1878.5908543818873,1877.7329192437646,1887.0327091329693,1885.1712327511816,1891.8618920287956,1880.3875032693445,1875.575916202971,1876.4458896109481,1885.77599039235,1891.6595087568448,1890.6606415080669,1892.4229214424674,1889.9789445967924,1892.1323911224204,1896.5050925925925
69271,4450,27278,zip,NC,NC,Hillsborough,"Durham-Chapel Hill, NC",Orange County,,,,,,,,,,,,,,,,,,,,,,,,,,,,,,,,,,,,,,,,,,,,,,,,,,,,,,,,,,,,,,,,,,,,,,,,,,,,,,,,,,,,,,,,,,,,,,,,,,,,,,,,,,,,1398.3805193032936,1397.0427522187654,1434.2169175741806,1419.50255607616,1420.1000644500764,1425.462466608041,1442.8466484319388,1463.8353807661001,1440.2258532168175,1439.4041530094057,1442.7096694435472,1489.5000878405147,1488.9911944398752,1478.3055104264038,1458.0954477564153,1470.6041239041554,1483.4813206115537,1490.8355865635388,1500.6905964705606,1477.2210172457867,1479.4794800975706,1482.1154717078043,1482.7213140540541,1457.5853708809248,1458.7834303363466,1470.3646843549045,1476.9459649205808,1470.5618233934022,1466.9690426496202,1467.7633309739422,1462.7164667601642,1479.6161737487287,1496.4761904761906
70313,4509,29115,zip,SC,SC,Orangeburg,"Orangeburg, SC",Orangeburg County,,,,,,,,,,,,,,,,,,,,,,,,,,,,,,,,,,,,,,,,,,,,,,,,,,,,,,,,,,,,,,,,,,,,,,,,,,,,,,,,,,,,,,,,,,,,,,,,,,,,,,,,,,,,,,,,,,,,,,,,,,,,,,,,,,,,,,,,,983.388989581972,962.7234916530571,984.6364878647954,983.5555555555555
69447,4578,27607,zip,NC,NC,Raleigh,"Raleigh-Cary, NC",Wake County,,,,,,,,,,,,,,,,,,,,,,,,,,,,,,,1038.3995385953926,1044.4676948117142,1077.4726233535293,1087.9287963415527,1110.0075591372372,1090.977231682141,1086.273546215107,1088.9850189390913,1111.8115438869938,1114.8355369243754,1101.2304258515944,1092.2493138793818,1097.117856323523,1098.9686180690753,1097.3437349216076,1093.7689925752968,1091.4108056151103,1103.18308446205,1101.6071383107155,1104.6576125033132,1105.4419310386495,1107.2906578894622,1124.2595681000314,1141.1761162573328,1144.2409342489664,1150.5620389106732,1145.0101016295362,1154.4487890169648,1169.7507326054608,1179.8231349536882,1195.604165016643,1192.2577706934817,1227.133910611817,1212.746705951798,1189.7027912083104,1184.7303840209486,1174.951488147545,1191.324821966633,1176.6434610325118,1199.4651549770747,1198.7708082162574,1226.180771065961,1217.6500188863167,1213.9358603682103,1214.6217972934005,1242.6380273470995,1281.0679856334536,1312.2334936934478,1348.2484698674498,1388.8829678257318,1414.2338741523401,1421.3313367907112,1418.4432171764363,1422.2097327488177,1441.547026312676,1469.8845700608151,1494.0509240314711,1495.8816627485648,1517.3002154326803,1521.9836449692848,1543.0449349324497,1524.6478306545605,1538.1133047629828,1536.5297386270302,1543.7306465267252,1538.2568544249111,1534.9992979995268,1543.7057802429238,1554.5238191830388,1582.3723883972864,1583.3915751341694,1566.975837242727,1540.25269124519,1531.2736762396883,1548.2614042224734,1530.513981545693,1540.5371362920105,1541.0373889154803,1573.2853189996626,1564.0377800487524,1553.7978786350661,1538.9578505349943,1527.1258139096894,1533.749251134015,1546.7855405405357,1557.9225849539957,1559.5860686444287,1569.5960337687832,1566.4661440832876,1563.9289441688727,1556.2728102761887,1572.0245706345818,1574.304290810059,1559.668338250659,1548.4185489759232,1553.16794354355,1563.0061827184084,1571.8111501421504,1562.7900989834814,1567.5230275533559,1567.4743496620206,1574.097887592565,1568.7005943180643,1562.9219934983546,1567.6609109569638,1584.92523541652,1603.3020826953,1604.2997734768542,1600.0182214984193,1595.327234848485
70340,4584,29154,zip,SC,SC,Sumter,"Sumter, SC",Sumter County,,,,,,,,,,,,,,,,,,,,,,,,,,,,,,,,,,,,,,,,,,,,,,,,,,,,,,,,,,,,,,,,,,,,,,,,,,,,,,,,,,,,,,,,1294.3682806891838,1305.2660778636655,,1367.8836831990175,1393.188349447123,1407.0360165914876,1384.1465014294777,1387.4013529956967,1410.0356252565439,1404.7195475828494,1380.9337327804963,1370.6096636876905,1437.4014548655866,1478.3976693602324,1483.2167413529855,1470.0527323518688,1471.6598945423534,1481.5888438258962,1480.8922578845754,1496.3712974291382,1496.437655294787,1507.9954960815476,1522.1749833986835,1531.8649899275943,1542.1195969505216,1535.9230712272536,1549.176496767079,1557.4075163189411,1561.933287820638,1567.428518629307,1597.923332134225,1619.0165628987593,1634.7564398549935,1615.0128468997843,1592.7508499733915,1587.41529350978,1580.6304743915784,1587.0601291898076,1599.018596750317,1608.5717925860667,1619.8865884608213,1623.6139113885909,1619.7103010194041,1609.8139473253884,1608.4809767445577,1629.524127740865,1655.6326979428438,1667.4443113167301,1667.4388450083077,1668.383022458701,1662.261387589153,1663.3778041218693,1662.1369047619046
69382,4594,27523,zip,NC,NC,Apex,"Raleigh-Cary, NC",Wake County,,,,,,,,,,,,,,,,,,,,,,,,,,,,,,,,,,,,,,,,,,,,,,,,,,,,,,,,,,,,,,,,,,,,,,,,1571.7629606037813,1586.115593906614,1596.4610904086082,1591.2062632194231,1605.9968836856879,1628.1414930824023,1671.5082889548348,1715.179355377937,1770.0997606169578,1793.9760173229058,1811.1728155884782,1821.3388731777688,1846.1414178715474,1871.5341460733462,1886.9952710088403,1896.42506457658,1889.9535422574338,1894.4365620366198,1890.3546045940006,1896.1131430268128,1897.1680451081245,1916.7967024256413,1919.7747425751763,1908.5272067178157,1898.9222409015558,1909.936232928727,1911.012714093336,1926.1992433195917,1925.1134811619086,1931.4421657863425,1941.0045061159026,1944.2001749603603,1932.5987440605134,1904.3890634896002,1912.4746386988893,1943.0161588204658,1950.1604180828679,1914.9040825616041,1909.8587627620884,1911.8176604474736,1940.2991263862948,1948.7138815182468,1958.4980949731828,1946.2873194946776,1943.1324883442855,1941.3032316594515,1951.961343271542,1947.265038495997,1953.1303198069934,1967.8955481214982,1979.0121322244663,1965.9258367420107,1946.344403521727,1939.1442864665387,1931.3638837082087,1936.3346900981678,1946.7097648800436,1958.5321294799928,1947.2985858284283,1939.687888346119,1934.1868392200065,1937.3871930007977,1931.5458905003854,1937.6502659942764,1939.9358715896283,1941.1229208389038,1941.8988046510426,1944.0787683641397,1940.9108309990663
69704,4631,28083,zip,NC,NC,Kannapolis,"Charlotte-Concord-Gastonia, NC-SC",Cabarrus County,,,,,,,,,,,,,,,,,,,,,,,,,,,,,,,,,,,,,,,,,,,,,,,,,,,,,,,,,,,,,,,,,,,,,,,,,,,,1149.3441696473167,1168.1335161096563,1175.6915775568436,1191.7324096513387,1203.335757464311,1217.2603325519847,1217.1590466518544,1223.4946925387587,1232.6786970601024,1276.41196068002,1286.8725154062474,1295.7871587824516,1289.649993747203,1311.403957469817,1329.9694214630376,1342.9236340713132,1355.6854466792288,1370.7985953961145,1381.2541807005214,1388.5314202342129,1387.0610541608496,1366.3895881980854,1382.2480386009863,1385.8316045923277,1407.2648412767217,1400.1175511744575,1406.7359151815392,1400.6011766626898,1398.1430392907425,1410.6774131852935,1421.6145838814025,1422.384654037161,1418.7148352701706,1435.270213291144,1457.023383739402,1479.4442506448531,1465.5980405947469,1453.1882705799335,1451.2736934812717,1468.9197156716054,1485.164390962564,1475.298802066313,1464.9043095893817,1467.143941930109,1484.979082573029,1497.6771410079978,1489.636279611429,1492.753314716183,1493.975297792774,1509.0281273140417,1507.6884852108337,1515.9080989410438,1513.4201695072004,1522.094823107684,1533.1693107263156,1539.4877840941401,1537.0712681004188,1530.9488064456757,1531.3079729785595,1525.1481361808228,1534.3447237639396,1536.7997168786926,1543.381572107629,1535.1759143363734,1534.431623931624
70480,4665,29440,zip,SC,SC,Georgetown,"Georgetown, SC",Georgetown County,,,,,,,,,,,,,,,,,,,,,,,,,,,,,,,,,,,,,,,,,,,,,,,,,,,,,,,,,,,,,,,,,,,,,,,,,,,,,,,,,,,,,,,,,,,,,,,,,,,,,,,,,,,,,,,,,,,,,,,,,,,,,,,,,,,,,,,,,,,,1434.55
70236,4670,28804,zip,NC,NC,Asheville,"Asheville, NC",Buncombe County,,,,,,,,,,,,,,,,,,,,,,,,,,,,,,,,,,,,,,,,,,,,,,,,,,,,,,,,,,,,,,,,,,,,,,,,,,,,,,,,,,,,,,,,,,,1515.0474743096574,1511.251190064852,1540.8177178558599,1549.7021253993967,1583.1001455167186,1591.3138166804356,1607.1783766275664,,1572.4248117276309,1566.677948113268,1580.314416807656,1593.3648181269134,1594.4000123163178,1594.2044330721003,1581.8791308876512,1579.6518752553798,1582.3315148552856,1603.7619891444328,1613.654961600682,1641.4582912508356,1642.2721122129442,1642.4181596853866,1652.7618247340072,1671.66514939911,1681.67966675621,1679.1331732298738,1668.9508133688535,1653.4032201642449,1631.1060683623382,1622.9035878148109,1636.4391859280947,1648.281636692387,1639.8906088658239,1629.6262984625005,1614.74489461801,1614.96433617254,1603.8783364054561,1615.8887707299568,1627.8281058256737,1642.463137059123,1655.2018768071484,1653.9113351731542,1639.427351482397,1628.416642999077,1635.7635931352124,1647.9708714413925,1654.6887931656897,1648.418868765889,1656.1187928717388,1652.3696969696969
69485,4679,27701,zip,NC,NC,Durham,"Durham-Chapel Hill, NC",Durham County,,,,,,,,,,,,,,,,,,,,,,,,,,,,,,,,,,,,,1140.2979302480644,1152.0189844841866,1173.400104652675,1151.5974685762428,1148.2202158396215,1153.2016356788906,1158.4917090906604,1173.4687003706754,1184.4429430035507,1189.602408028057,1189.3771402094687,1199.4927770431655,1217.5204702383292,1205.7441937507447,1201.509230804261,1222.308099749329,1239.8331363324128,1243.8909751011342,1243.062590113732,1231.7127605075225,1228.1493043316282,1232.8340293110293,1236.4504036796081,1237.4367802156703,1219.4301937294993,1223.6507910258256,1254.1508816238227,1254.589383999402,1253.4626834640615,1235.1639477964713,1233.6393936016054,1238.7512435440026,1254.4490772540123,1252.6382733785101,1255.7714339996796,1263.927668122199,1267.7312300545336,1280.7136523250504,1275.6274288454952,1295.4053680486472,1302.8781169439637,1344.4356429211673,1374.799607856145,1415.7860873209052,1440.0614808424077,1470.2233291563416,1487.431301817188,1516.3993560852946,1523.995264839489,1528.654122968459,1528.5341246636183,1554.3817530963431,1577.8814568244447,1588.8739113934055,1586.7603963095821,1585.989394091412,1587.7115841604652,1595.4006766900625,1606.880338732324,1599.8141597696963,1620.70788136066,1615.1243020860863,1639.897758385488,1628.2081757562344,1639.4772848237021,1631.8904636586683,1631.7357098706927,1623.6648640037622,1614.8359068109717,1607.921471958516,1594.5564497100358,1586.6526762616943,1585.349192189193,1613.1457878265596,1634.71745286267,1645.3591052877116,1635.7817812462804,1637.300444236892,1640.924182531458,1645.8825911469048,1653.6976123623404,1653.8241737497765,1672.1746135896499,1675.239646174145,1675.1052452959689,1655.4524411026016,1646.8071377888903,1648.261437152592,1650.022952744222,1661.9804247491452,1670.5134060153482,1675.0611825538597,1680.501941263892,1688.8477491587244,1685.4876125385056,1694.2033710596686,1697.0494587425087,1705.625330163077,1703.3067994080523,1705.27090199464,1712.1758541306863,1709.918835970465,1707.8590508621985,1709.4751694298732
69752,4704,28152,zip,NC,NC,Shelby,"Shelby, NC",Cleveland County,,,,,,,,,,,,,,,,,,,,,,,,,,,,,,,,,,,,,,,,,,,,,,,,,,,,,,,,,,,,,,,,,,,,,,,,,,,,,,,,,,,,,,,,,,,,,,,,,,,,,,,,,,,,,,,,,,,,,,,,,,,,,,,,,1221.2747658633834,1216.3729143608173,1199.0250513150893,1211.1463617192321,1201.0770189201617,1218.967302208411,1214.533608222313,1221.0688543570636,1234.596437460478,1244.11397391202,1238.0030110226976,1235.7777777777776
69679,4739,28037,zip,NC,NC,Denver,"Charlotte-Concord-Gastonia, NC-SC",Lincoln County,,,,,,,,,,,,,,,,,,,,,,,,,,,,,,,,,,,,,,,,,,,,,,,,,,,,,,,,,,,,,,,,,,,,,,,,,,,,,,,,,,,,,,,,,1572.2209730297263,1584.5346868101358,1608.8366800211957,1620.0561024741892,1616.856202137698,1608.9268952372274,1612.2427169045245,1648.265119632279,1675.9169481938054,1671.4478605725192,1647.1148937793507,1649.1687293846066,1655.9703692431526,1666.7355679681302,1674.6911300997072,1666.433572723233,1693.5665801419643,1701.80566487874,1716.1251146670484,1684.8155684215137,1673.8067153026047,1686.8396324711528,1714.39759410579,1738.9598528798333,1737.0448139221298,1750.0108266465945,1738.258044190271,1768.2246592783256,1750.871365479472,1772.4630456504992,1794.720973269941,1817.209627604882,1818.7466051711071,1802.060576037242,1817.6036183224485,1828.7201413067187,1856.2544674699636,1837.9165425158228,1833.742092608931,1805.0127069324121,1814.161271898214,1804.3403594656857,1789.3980927318557,1789.6788124758268,1797.4962490572884,1812.9847095830823,1801.0503081110885,1789.2961290276214,1777.0136336484363,1791.148214462268,1807.778336966907,1826.8407407407406
70627,4775,29646,zip,SC,SC,Greenwood,"Greenwood, SC",Greenwood County,,,,,,,,,,,,,,,,,,,,,,,,,,,,,,,,,,,,,,,,,,,,,,,,,,,,,,,,,,,,,,,,,,,,,,,,,,,,,,,,,,,,,,,,,,,,,,,,,,,,,,,,,,,,,,,,,,,,,,,,,,,,,,,,,,,,,,,,,,,,866.6666666666667
69923,4800,28401,zip,NC,NC,Wilmington,"Wilmington, NC",New Hanover County,,,,,,,,,779.4157925084774,779.107133519678,779.8931499446888,769.5587806649494,770.0763695951404,771.1812774874209,776.522800868398,784.5391604399028,788.9620207566996,799.0681475439293,801.3759230426231,806.2443970242537,800.8636247381719,797.9159289052513,794.6709445270801,788.2565353277381,791.155996555879,803.0218161763315,826.7541390548539,846.4843181085812,849.9301516121579,846.9257224165447,835.859695228953,841.4958589167699,839.8352589163278,858.515333363679,871.1014758675442,903.779432440718,906.7397743073512,908.1605329831049,907.0066854126219,900.9230557260178,919.2414633807692,923.5476024380491,949.6197471757415,934.194129476234,957.9458639404696,970.3846682366907,1002.9239767045914,1004.3039134639589,1005.325624050209,1001.1549875894565,1005.2586139710058,1015.1929122287837,1014.7930607418621,1028.5659304192295,1030.2301785726274,1055.4177755009,1054.336264575821,1050.8147752582981,1034.7052662288645,1033.685375861617,1046.3660805713603,1061.4563350366166,1089.0344403778254,1101.5833933239878,1127.201755308075,1128.2517453083203,1123.7317352805894,1120.9244180105002,1123.0036168411336,1136.4481605880965,1124.227080270779,1144.6034923928532,1165.4388692140012,1210.338218120992,1229.382205086385,1225.459180246405,1226.502965561306,1245.2581234978047,1289.9769884955751,1305.8495676885161,1335.9024792251707,1356.897146223997,1406.681212803231,1400.2105793014102,1389.4573809233534,1383.4293817053733,1424.0024179572945,1465.0631013105713,1489.2132339098084,1504.2681452699835,1504.1562478821631,1507.9034556749507,1510.3725854599106,1508.0889156677733,1509.4726685364135,1528.1637249102732,1553.1102643706001,1553.98729704662,1529.1912513040743,1517.6683688913363,1515.8790684295273,1527.7813262108073,1523.333815970006,1550.8825860660595,1559.570263878854,1566.6865424068874,1559.61035013971,1548.3240740012575,1548.651693939077,1539.7236846382798,1536.6189471030825,1538.8733341696852,1542.1917249851572,1539.2265118851665,1551.037953044005,1552.4326396570652,1567.7752180154926,1565.5588495416712,1569.2311514876471,1575.5158520917735,1578.3466167338606,1597.958052410529,1606.4162535141131,1607.0127752051606,1604.098120489103,1599.4459420675678,1595.254183516759,1579.6936905316095,1567.8257553789974,1572.2601304114369,1578.2081584082878,1583.3115646593587,1585.2071351811753,1584.2237279303556,1593.160874531657,1603.7342670859161,1616.178174757442,1632.178681782616,1646.2420690502731,1669.547619047619
69856,4805,28326,zip,NC,NC,Cameron,"Fayetteville, NC",Harnett County,,,,,,,,,,,,,,,,,,,,,,,,,,,,,,,,,,,,,,,,,,,,,,,,,,,,,,,,,,,,,,,,,,,,,,,,,,,,,,,,,,,,,,,,,,,,,,,,,,,,,,,,,,,,,,,,,,,,,,,,,1923.842957104504,1899.7363467169253,1890.0903577657325,1892.4656425032679,,1904.943423943667,1919.3096258008702,1944.981391442334,1916.4498776174016,1915.2705741777534,1916.0311015838008,1925.0269784844588,1921.2918293851924,1941.1746591706296,1948.2464281201683,1964.505024445155,1968.893459290731,1993.7105624284752,1989.883143755753,1985.6944444444443
70356,4812,29201,zip,SC,SC,Columbia,"Columbia, SC",Richland County,,,,,,,,,,,,,,,,,,,,,,,,,,,,,,,,,,,1021.9795438911443,1015.5459130976234,1002.5952514319908,1009.7331453002012,1011.0744234285963,1010.2984547412964,1020.32820398145,1039.0750717686979,1053.2362123989376,1050.1898583171358,1040.0343770839172,1024.8552283141125,1043.2756291951446,1067.142125256685,1082.6179993187288,1078.0389526014628,1088.9311375106506,1098.058777392507,1100.6856546461247,1092.946511121676,1089.2668785333967,1098.45212967242,1109.494911329091,1118.6987663536158,1111.994861768348,1099.9527692983945,1098.750356824899,1100.3438747054736,1137.446478423047,1134.964359040335,1139.93589488668,1140.7578992321173,1136.410740828154,1141.1095426491027,1149.96923242275,1167.7946570095146,1175.5225919660547,1187.6990471134538,1194.477700649136,1206.0778755960503,1203.2763344529992,1214.5083946581021,1223.047269773037,1249.0463670297534,1266.5910101251413,1298.7759137132307,1300.8451652608983,1311.9279101299953,1305.123051052343,1309.6887836573449,1315.6217684228466,1341.2335997174182,1366.212344889806,1381.539100549451,1391.8855645770725,1404.345256437179,1416.9856240151237,1408.5633800369342,1416.9093695314193,1426.662161293383,1450.6724989569236,1467.4316707463809,1470.7452229718847,1466.5785011991497,1462.2933358470862,1467.2286539504594,1478.8034933794183,1476.1917997880125,1477.5675784023838,1482.226123337799,1499.451954195324,1502.812606664819,1507.19800049876,1501.122212050323,1498.4688648443057,1494.8525612890146,1512.7248051618194,1542.8216632498236,1557.1439621797836,1565.783925534807,1575.4676382624427,1600.3609647968922,1609.4202438541977,1600.8804593662119,1602.5148116036762,1608.18968698151,1652.1599812230595,1654.77630245187,1654.2495070508094,1633.564111462252,1649.21212412139,1653.7288448144495,1657.4031371654157,1648.4655055210692,1648.0822080814323,1668.2416571069723,1677.8067028191897,1691.1419792198826,1675.6239328074792,1694.4200025283815,1704.9962305905808,1723.9910891809263,1722.5555616466881,1736.90689212344,1751.5376363308626,1769.3649425287356
70555,4848,29566,zip,SC,SC,Little River,"Myrtle Beach-Conway-North Myrtle Beach, SC-NC",Horry County,,,,,,,,,,,,,,,,,,,,,,,,,,,,,,,,,,,,,,,,,,,,,,,,,,,,,,,,,,,,,,,,,,,,,,,,,,,,,,,,,,,,,,,,,,,,,,,,,,,,,,,,,,,,,,1514.7364254174795,1545.7246969131995,1510.5667996916661,1504.9257242175777,1483.4905188317778,1493.7972718625585,1500.0346877772768,1530.790143993001,1525.1011014088135,1518.7482467055625,1511.3946740791723,1528.8445400854566,1530.5196225506195,1535.75143814823,1520.1885273227267,1527.2128187793735,1537.6740509384967,1551.0221400034875,1540.6005554676235,1523.61348819997,1521.4787131415142,1518.1492233456938,1534.2153190737683,1509.5620207842871,1507.061562510543,1490.6376145822153,1517.3918030305847,1508.1661036733058,1507.0477360909965,1494.9382419857352,1502.015873015873
69749,4860,28147,zip,NC,NC,Salisbury,"Charlotte-Concord-Gastonia, NC-SC",Rowan County,,,,,,,,,,,,,,,,,,,,,,,,,,,,,,,,,,,,,,,,,,,,,,,,,,,,,,,,,,,,,,,,,,,,,,,,,,,,,,,,,,,,,,,,,,,,,,,,,,,1116.464324088518,1127.6750068319034,1131.201357184574,1136.7258801091327,1124.1193411320612,1134.6828581711336,1113.1789436477654,1140.2486759221435,1121.2511419665823,1124.4816563558816,1125.2275030966002,1138.3083307675288,1153.6324490819436,1146.2113261693478,1156.3070381212412,1162.557645963525,1161.747878201655,1151.7038775769227,1161.9282842325954,1159.0526924604194,1173.33530965026,1163.5689243342022,1168.199143586693,1158.4306679317979,1154.6327600751595,1155.6525566992711,1158.3789165550515,1164.081461689841,1171.2776225259238,1171.850093936241,1180.7218704891209,1172.5291301018449,1173.7349807990508,1175.3710666824875,1170.0674980891604,1170.3291680380264,1167.5525582474277,1167.8096294534114,1159.5459704888322,1148.8610339686352,1144.5201796931522,1143.4814814814815
70630,4932,29649,zip,SC,SC,Greenwood,"Greenwood, SC",Greenwood County,,,,,,,,,,,,,,,,,,,,,,,,,,,,,,,,,,,,,,,,,,,,,,,,,,,,,,,,,,,,,,,,,,,,,,,,,,,,,,,,,,,,,,,,,,,,,,,,,,,,,,,,,,,,,,,,,,,,,,,,,,,,,,,,,,1212.9490135324534,1212.7221443066853,1211.4857286654749,1224.1977525582188,1229.5712526010086,1243.323921976731,1232.966530460797,1258.7170249731892,1266.068912122474,1291.911266826527,1291.7222222222224
70266,5007,29036,zip,SC,SC,Chapin,"Columbia, SC",Lexington County,,,,,,,,,,,,,,,,,,,,,,,,,,,,,,,,,,,,,,,,,,,,,,,,,,,,,,,,,,,,,,,,,,,,,,,,,,,,,,,,,,,,,,,,,,,,,,,,,,,,,,,,,,,,,,,,,,,,,,,,,,,,,,,,,,,,,2156.6241430048412,2192.276818979642,2179.8354782656234,2189.9179158472466,2190.8224837539137,2200.750724138958,2207.170426933472,2216.8333333333335
69864,5051,28334,zip,NC,NC,Dunn,"Fayetteville, NC",Harnett County,,,,,,,,,,,,,,,,,,,,,,,,,,,,,,,,,,,,,,,,,,,,,,,,,,,,,,,,,,,,,,,,,,,,,,,,,,,,,,,,,,,,,,,,,,,,,,,,,,,,,,,,,,,,,,,,,,,,,,,,,,,,,,,,,,,,,,,,,,,1397.9353115827266,1376.0
69265,5105,27260,zip,NC,NC,High Point,"Greensboro-High Point, NC",Guilford County,,,,,,,,,,,,,,,,,,,,,,,,,,,,,,,,,,,,,,,,,,,,,,,,,,,,,,,,,,,,,,,,,,,,,,,,,,,,,,,,,,,,,,,,,,,,,,,929.263453380461,932.0551404265883,929.183289791226,942.3504178801844,969.7519773499544,990.8852117883009,992.4050968538662,977.4763268872653,959.4708236804028,954.9192721050354,987.8968881113788,1006.8624741119415,1033.3276668476572,1014.1215820593084,1018.1266367587344,1021.8001471808186,1032.808064239391,1042.7304535923224,1057.7865491281868,1070.733785632537,1085.5801414055422,1087.8660615031067,1084.8076001714423,1080.4601492114539,1068.0505701733018,1087.89707137194,1103.3822700974135,1115.4138947734443,1107.8105358692094,1105.2195590577426,1099.314348890961,1106.950806064615,1119.2372277988368,1121.7710730080928,1119.7277468691714,1125.8623102902552,1133.0275528620223,1139.5084923777297,1138.7555312698496,1137.07548632616,1144.7522228112355,1150.0911468869635,1160.2702513582444,1163.4661575715143,1163.4524266700826,1175.3948412698412
70667,5105,29690,zip,SC,SC,Travelers Rest,"Greenville-Anderson, SC",Greenville County,,,,,,,,,,,,,,,,,,,,,,,,,,,,,,,,,,,,,,,,,,,,,,,,,,,,,,,,,,,,,,,,,,,,,,,,,,,,,,,,,,,,,,,,,,,,,,,,,,,,,,,,,,,,,,,,,,,,,,,,,,,,,1741.2457371185114,1747.342146355798,1762.444687203979,1768.723939299972,1750.2911571004124,1756.6965330855373,1756.943223420331,1782.8885120412367,1769.3144195817324,1773.8936758020184,1782.7498134523394,1804.2056543280053,1821.717526211999,1828.1658259186745,1815.0788682438827,1822.9126984126985
69585,5168,27889,zip,NC,NC,Washington,"Washington, NC",Beaufort County,,,,,,,,,,,,,,,,,,,,,,,,,,,,,,,,,,,,,,,,,,,,,,,,,,,,,,,,,,,,,,,,,,,,,,,,,,,,,,,,,,,,,,,,,,,,,,,,,,,,,,,,,,,,,,,,,,,,,,,,,,,,,,,,,,,,,,,,,,,1140.0324554315102,1130.0
70655,5237,29678,zip,SC,SC,Seneca,"Seneca, SC",Oconee County,,,,,,,,,,,,,,,,,,,,,,,,,,,,,,,,,,,,,,,,,,,,,,,,,,,,,,,,,,,,,,,,,,,,,,,,,,,,,,,,,,,,,,,,,,,,,,,,,,,,,,,,,,,,,,,,,,,,,,,,1218.8172422425632,1230.4149268536792,1243.016231765752,1230.5066573145286,1227.0867040324158,1270.7570290178166,1285.5540341749813,1283.7654536223008,1276.986536961318,1279.6744383727469,1295.3223128699847,1328.1414062231459,1330.4000962586297,1330.0051920933993,1315.4713247403395,1324.7333718944249,1321.3210252095048,1300.3215295721602,1289.2446409892518,1294.6545267966255,1306.111111111111
69204,5241,27101,zip,NC,NC,Winston-Salem,"Winston-Salem, NC",Forsyth County,,,,,,,,,,,,,,,,,,875.606535211699,877.137483022343,875.9765207418312,888.2563243703519,892.1878549732297,889.7231359934955,897.859885273099,916.6167111821073,923.2207247193265,925.32148293731,921.4346532709911,924.1982076582796,921.9262198101972,929.0005125704455,933.9225959221999,935.8286040277387,937.4656275882036,944.940334774573,950.4471308014932,941.4783043640736,955.4628678528759,960.8735758123472,983.9387119882538,972.9360060638209,988.9952456029207,987.5269511268004,995.6024713791945,989.0165185322738,1003.3818029355414,1014.7497684610487,1022.0799210882385,1026.6973454296167,1019.0641322263763,1025.343775180612,1021.1535913077972,1036.3232208738007,1034.0394723590205,1041.482217246082,1042.3505528063347,1053.6811308364677,1050.057762961765,1047.3003093495088,1046.5314958222853,1052.5456216246953,1058.8911785660173,1061.8418402791065,1061.7474105462056,1060.514174245897,1055.0276627610451,1063.3245243958577,1069.67320689531,1077.8001193097487,1083.2239338730878,1113.9377180784825,1137.1710908970394,1173.6602771491382,1173.4029804379702,1178.2993587080302,1188.5073156533767,1202.1071439827315,1239.8395095496428,1251.8797724831882,1290.3188589964468,1304.6402371900306,1334.3055872412358,1344.2046281686899,1354.2041896467817,1359.0594701900873,1367.7702350123604,1387.3505306003683,1402.9180619589542,1427.3240231787242,1423.1254798764332,1425.74249734257,1405.3663779783487,1404.2376262269702,1404.3268494514643,1399.6115293166965,1405.7349699086817,1393.47866384495,1404.5698703273129,1411.8438696459878,1429.7779353715368,1430.4745351437355,1431.5092860200734,1438.5710914202161,1449.1469437198925,1450.9138489013444,1445.9887443014552,1435.429809669326,1430.3908545387208,1439.7663290340247,1450.3454760139525,1453.7295430727568,1441.9113081618648,1440.8137095306893,1456.0978006166356,1466.2666602717206,1473.970644419207,1477.6965960329799,1479.5782854668914,1496.3166977625679,1501.3440145485874,1507.0860423103761,1511.5735562298285,1511.4261578570597,1521.8095227790045,1524.5336328809487,1527.5835695840353,1523.3145488333032,1515.9813596118902,1521.404196470863,1530.9694136465698,1533.650240992067,1540.6449562738057,1544.1346645560568,1543.1342158639898,1550.1878221802094,1555.1239292099165,1564.5989677409716,1567.0947213615177,1576.880133744554,1591.0153846153846
70036,5259,28570,zip,NC,NC,Newport,"Morehead City, NC",Carteret County,,,,,,,,,,,,,,,,,,,,,,,,,,,,,,,,,,,,,,,,,,,,,,,,,,,,,,,,,,,,,,,,,,,,,,,,,,,,,,,,,,,,,,,,,,,,,,,,,,,,,,,,,,,,,,,,,,,,,,,,,,,,,,,,,,,,,,,,,,1774.5039462211828,1800.4504835408013,1781.8333333333333
69772,5321,28209,zip,NC,NC,Charlotte,"Charlotte-Concord-Gastonia, NC-SC",Mecklenburg County,967.9335916518871,969.9274734095928,977.8863609514443,993.6835366487248,993.1778466679851,998.920290696731,999.2546689602375,1018.6622473910903,1027.041922188562,1032.633556894615,1032.7992488386872,1041.1638485633198,1043.282267324487,1042.76078836792,1035.8744417709631,1044.259254897371,1051.6650160597828,1068.4707539209192,1064.036756093137,1066.6433810942951,,1077.788481853119,1086.1594956087001,1091.0298971612963,1098.108591645876,1111.2150365307448,1128.2670035308067,1131.7231131645779,1144.0380070650647,1146.1113915671667,1156.0961018427843,1149.693381308053,1156.3799782604028,1164.6047343847715,1178.2156557145497,1174.2889762122043,1162.1521066169046,1157.8518459074535,1151.9049657122027,1170.7235425393787,1183.2144024986014,1193.9677837053155,1197.9555007849633,1189.7595685011684,1191.7139913152926,1184.4508590387593,1185.2918316192442,1189.421966230163,1213.454829082754,1236.4881141021538,1246.8882772599395,1240.6638750641998,1235.7219892684402,1234.867520279217,1239.9218959645254,1260.3396590903099,1267.6222957274524,1277.5470528669905,1279.1275753225223,1286.6892514027784,1281.3769812158225,1271.4665052640564,1267.4354882512491,1267.77921819259,1267.9444044410695,1264.7114410141708,1270.787887776093,1273.2550493767212,1272.416899068272,1274.4754014726348,1277.3088830511595,1295.1019009416198,1319.327721815149,1333.3427541803126,1338.3684943918506,1337.8834746814346,1356.8824991824515,1371.347584600007,1389.442240918318,1422.3864306327416,1450.3347729801135,1481.333864063669,1501.517782459738,1527.571559480158,1536.1978527035549,1545.9183429233274,1553.0482546761903,1574.800277477847,1586.8469643424323,1604.5433385999097,1624.7608790790134,1622.784888486967,1617.4927452849133,1600.6287904122762,1598.7939631741212,1589.490449585409,1594.2468274332582,1611.6897176086786,1633.327024335536,1642.3277796877896,1640.21589297673,1631.2896043784099,1632.6234389545914,1634.2022278712743,1646.6086407921966,1645.2805355733574,1641.5924558358224,1630.0859968363723,1626.0102027665282,1631.6384109564362,1629.4936855218457,1633.1160741526662,1634.1961732560455,1640.414552020476,1624.3322040355133,1617.7631201038405,1620.8067165576836,1641.2664691200887,1657.0948946886472,1671.7696307642552,1673.5614513798093,1659.0028412560569,1642.6756630680218,1635.4113448718442,1643.753716676369,1645.6546345408678,1644.3990996939585,1639.458810898668,1631.5620116938692,1619.326086265399,1609.6720272248267,1606.2950887421705,1607.2887059448678,1613.7267833718324,1625.0103174788828,1629.772058474999,1627.1849731408586,1628.853550947684,1642.0193570228346,1655.314678340472
70261,5334,29020,zip,SC,SC,Camden,"Columbia, SC",Kershaw County,,,,,,,,,,,,,,,,,,,,,,,,,,,,,,,,,,,,,,,,,,,,,,,,,,,,,,,,,,,,,,,,,,,,,,,,,,,,,,,,,,,,,,,,,,,,,,,,,,,,,,,,,,,,,,,,,,,,,,,,,,,,,,,,,,,,,,,,,,1769.6438411913434,1776.8626124823281,1782.0555555555557
69730,5352,28120,zip,NC,NC,Mount Holly,"Charlotte-Concord-Gastonia, NC-SC",Gaston County,,,,,,,,,,,,,,,,,,,,,,,,,,,,,,,,,,,,,,,,,,,,,,,,,,,,,,,,,,,,,,,,,,,,,,,,,,,,,,,,,,,,,,1377.5952812536286,1366.530895687296,1384.2303258926918,1397.713217388878,1416.531991805893,1421.396112768986,1435.2262705401347,1453.0198701619283,1457.4414903193638,1448.3003911225817,1448.3190374155354,1474.4569877255676,1472.698858603343,1503.4914479939132,1487.6224107465678,1506.9212632915305,1509.6621953550266,1530.2821319830339,1535.0844397228225,1512.7824030445465,1519.384025796289,1503.037069687698,1493.9563413701621,1479.7158981364182,1507.5165945582673,1527.2627679849995,1550.49048156269,1545.0690562725874,1553.3950266385586,1552.8287488971907,1551.7840715151503,1576.0003597519958,1574.7770189614228,1609.5786079862198,1603.4275199599924,1629.658518645251,1616.529625565576,1618.8253243787,1615.3317287475902,1622.5410779736576,1625.4093323545123,1620.1817763192805,1615.8461534704343,1617.0993643815266,1626.6291108040798,1623.2987185652173,1646.5703126838046,1644.6466070642957,1658.0367224830482,1659.158800719811,1673.7556895781204,1689.0993333064432,1706.200123828428,1732.7584134956646,1764.3690476190477
69333,5366,27403,zip,NC,NC,Greensboro,"Greensboro-High Point, NC",Guilford County,,,,,,,,,,,,,,,,,,,,,,,,,,,,,,,,,,,,,,,,,,,,,,,,,,,,,,,,,,,,,,,,,,,,,,,,866.7264698719227,898.2686665568758,915.5208568375888,908.9581896581318,,910.5438624532103,933.8340990377542,971.160821490139,969.9349182248105,991.4863090405362,1010.6561370950807,1064.499554688682,1050.7257663956757,1041.2628429210608,1027.5324637284352,1074.3094852853626,1082.9338183520751,1083.5999525310351,1055.5699071767174,1068.0326064918706,1104.4500314687064,1120.640743171983,1136.936948894861,1122.3259012885521,1143.597171849063,1162.207362422551,1177.3020782971394,1167.8549419608778,1178.5823349559796,1187.9959794613278,1208.479918926527,1202.9242386714188,1192.1802279611677,1206.7734289246337,1202.6814428884466,1207.1961893918663,1204.098548165019,1220.336767480818,1236.1322040466382,1220.753213943724,1228.8714784749868,1231.3371004058497,1245.8882247521453,1242.5316399791534,1245.9951606654977,1251.0679005917225,1261.1373127569173,1256.3363029214077,1259.4978834070698,1252.3931515977065,1254.2354753170546,1270.4109200269725,1282.1036688493568,1286.712518867638,1276.7370781327702,1277.666100340617,1286.5935792269072,1281.878251844849,1282.4601591628482,1295.6444779039366,1301.0830719300197,1305.337342433537,1303.640433516201,1309.2202877381885,1303.6952885015958,1307.1822807639726,1314.5046512184147,1326.8155648901077,1329.8225108225108
70625,5421,29644,zip,SC,SC,Fountain Inn,"Greenville-Anderson, SC",Greenville County,,,,,,,,,,,,,,,,,,,,,,,,,,,,,,,,,,,,,,,,,,,,,,,,,,,,,,,,,,,,,,,,,,,,,,,,,,,,,,,,,,,,,,,,,,,,,,,,,,,,,,,1845.8114845618995,1849.0026938734566,1833.564375897269,1821.0300258435016,1814.7214651066042,1849.9558346783906,1898.5800357573899,1939.7749690083353,1940.9006414141902,1910.0731455102093,1885.0181174722604,1901.7180146943247,1916.678109597994,1915.3058236685229,1904.7261698930195,1932.318402053496,1964.1168794043354,1968.1923372637218,1956.2559329203605,1943.231263021668,1935.3058957156588,1938.1599650959301,1939.0899279526413,1967.4058010765837,1972.860101636324,1981.06493971742,2012.0896916423658,2012.9651798490495,2004.7921209168562,1998.7647970402936,1995.2344498580972,1996.591386853656,2012.9887641556484,2043.0477455223333,2073.086992306183,2060.8510309687285,2061.232069151587,2071.134259259259
70522,5426,29505,zip,SC,SC,Florence,"Florence, SC",Florence County,,,,,,,,,,,,,,,,,,,,,,,,,,,,,,,,,,,,,,,,,,,,,,,,,,,,,,,,,,,,,,,,,,,,,,,,,,,,,,,,,,,,,,,,,,,,,,,,,,,,,,,,,,,,,,,,,,,,,,,,,,1442.0569411105284,1434.3564716585558,1420.650366181317,1407.0271337264978,1413.0728192571646,1413.157887217633,1472.8000135859802,1459.999011871445,1451.388635618877,1423.5890660186392,1435.7808458815014,1459.8351071508914,1474.4125611916097,1499.1089392510532,1506.9706489000835,1509.8507159437654,1499.8898972481722,1499.9376370641899,1469.0
70463,5431,29420,zip,SC,SC,North Charleston,"Charleston-North Charleston, SC",Dorchester County,,,,,,,,,,,,,,,,,,,,,,,,,,,,,,,,,,,,,,,,,,,,,,,,,,,,,,,,,,,,,,,,,,,,,,,,,,,,,,,,,,,,,,,,,,,,,,,1497.2330453989787,1515.7416668025335,1538.325086659993,1550.7230368483702,1554.9025499618813,1564.3176662866356,1571.4839522303498,1583.0504197752164,1596.6837080962132,1597.877136952319,1617.586669584519,1620.3198612481049,1630.133018595647,1632.2507942309678,1631.6176326761033,1622.1821474120482,1631.5569767430159,1637.8224949849937,1639.332314177131,1630.3780029689312,1632.383175919751,1634.2822308539905,1626.9394038580351,1618.4835395395683,1604.126713245808,1597.25593411214,1596.642821172801,1621.743774986667,1638.8667405788806,1641.6603096100641,1657.8475352914984,1649.3171959114977,1658.5830206456756,1644.07453571427,1650.2644549549188,1665.0050013417945,1677.9114275584263,1688.747053427903,1695.4733680380425,1687.7909322013547,1680.3107052939367,1684.3080646215922,1682.1297463364754,1702.4965189817292,1704.5540605559015,1727.4104575163399
70149,5438,28704,zip,NC,NC,Arden,"Asheville, NC",Buncombe County,,,,,,,,,,,,,,,,,,,,,,,,,,,,,,,,,,,,,,,,,,,,,,,,,,,,,,,,,,,,,,,,,,,,,,,,,,,,,,,,,,,1380.092838213074,1393.6132470266923,1413.5405717231863,1459.2289310379542,1475.5515233305116,1501.5823550588639,1523.2835521148245,1550.5103628884224,1583.2012473989707,1582.3338337669293,1581.7042848393603,1586.9764388735448,1679.8490734591694,1695.926835414528,1703.67015751555,1647.8716924917592,1664.440953285278,1663.4321029459875,1646.4770530957333,1631.3614950898034,1611.2816257274778,1620.7549983991864,1625.9637212292253,1632.7719992782381,1608.7083621817414,1601.6532259855687,1610.2543281617818,1620.4326706825493,1613.1589272917247,1626.2380672541467,1651.9979592007642,1676.7353673200953,1676.1480127939483,1658.000250124147,1644.8919686800166,1658.3780071309654,1649.8090567723257,1638.326427368839,1595.9152459981892,1593.1202186424491,1587.1537625452058,1591.2146366742043,1582.1539255356342,1566.2546007976368,1559.3961052938419,1557.345503044041,1561.2196483083717,1544.3378114340348,1541.327693976424,1546.1707281672973,1567.1518206391363,1569.8621914913485,1571.265009096775,1559.509284757776,1555.534385940546,1557.7773974070894,1566.0296023004369,1574.8876319758674
69277,5462,27288,zip,NC,NC,Eden,"Greensboro-High Point, NC",Rockingham County,,,,,,,,,,,,,,,,,,,,,,,,,,,,,,,,,,,,,,,,,,,,,,,,,,,,,,,,,,,,,,,,,,,,,,,,,,,,,,,,,,,,,,,,,,,,,,,,,,,,,,,,,,,,,,,,,,,,,,,,,,,,,,,,,,,,,,,,,,,950.5393353552488,968.75
70772,5492,29926,zip,SC,SC,Hilton Head Island,"Hilton Head Island-Bluffton, SC",Beaufort County,,,,,,,,,,,,,,,,,,,,,,,,,,,,,,,,,,,,,,,,,,,,,,,,,,,,,,,,,,,,,,,,,,,,,,,,,,,,,,,,,,,,,,,,,,,,,,,,,,,,,,,,,,,,,2615.083659473907,2606.571536923666,2545.1497131508495,2557.665492981923,2568.628387000294,2621.2088819680557,2652.526745599797,2620.0617350480934,2632.5863965384656,2616.7689565931096,2626.4903534879536,2597.963156145818,2612.018951558082,2649.694313794906,2682.700327180127,2634.357177004514,2649.753294567741,2636.706700862858,2652.415468132591,2649.72340464653,2631.205113611735,2629.983235140352,2617.803671055496,2653.3973537157476,2683.224085023967,2678.2580172887665,2686.4007618863125,2734.201971541474,2746.409813491189,2766.8728159539132,2762.8422085145194,2793.3916666666664
69403,5496,27546,zip,NC,NC,Lillington,"Fayetteville, NC",Harnett County,,,,,,,,,,,,,,,,,,,,,,,,,,,,,,,,,,,,,,,,,,,,,,,,,,,,,,,,,,,,,,,,,,,,,,,,,,,,,,,,,,,,,,,,,,,,,,,,,,,,,,,,,,,,,,,,,,,,,,,,,,,,,,,,,,,,1728.354987610515,1739.951310119289,1756.2832243305008,1756.6651065928713,1763.86423105243,1772.929768798096,1788.8458805175703,1774.2475208295825,1759.8333333333333
69914,5508,28390,zip,NC,NC,Spring Lake,"Fayetteville, NC",Harnett County,,,,,,,,,,,,,,,,,,,,,,,,,,,,,,,,,,,,,,,,,,,,,,,,,,,,,,,,,,,,,,,,,,,,,,,,,,,,,,,,1092.4589156356535,1092.518301086199,1062.1017250718796,,1103.733865221191,1154.2103721914223,1202.5246372150466,1234.4290822980188,1267.9719816535703,1250.492226263596,1260.9970605212666,1242.5170058289693,1259.968305390203,1277.791329073538,1279.264003272819,1284.506501031745,1273.492594868415,1274.9335957723183,1266.9622667153562,1290.187016480437,1295.7066726197452,1301.5477422622635,1284.6405622923921,1269.5259196846011,1277.021451690643,1283.8833460520145,1326.1663904196973,1334.7934355653524,1333.5884214929895,1319.959636479795,1313.7337116378433,1317.6044661678964,1329.1213605409355,1350.7265731819364,1350.647029719284,1361.3150476130886,1359.186077930677,1364.084496536958,1368.638107595733,1367.6700311030154,1374.197296376969,1373.152798653187,1371.8477596422733,1363.6242199897479,1352.0846467818174,1345.8112385381946,1364.0128665610887,1382.0657025616597,1393.8906682377242,1393.8572691297536,1380.2581761124868,1384.776268894731,1390.8973683728104,1404.8641957445134,1417.259197257928,1423.8477584251045,1432.4126309152878,1433.1021472454865,1428.2851682969253,1418.705386203274,1413.9430555555555
69438,5515,27596,zip,NC,NC,Youngsville,"Raleigh-Cary, NC",Franklin County,,,,,,,,,,,,,,,,,,,,,,,,,,,,,,,,,,,,,,,,,,,,,,,,,,,,,,,,,,,,,,,,,,,,,,,,,,,,,,,,,,,,,,,,,,,,,,,,,,,,,,,,,,,,,,,,,1835.8559146872706,1824.3790358117683,1825.0360517394627,1844.5819721024511,1832.9059636232535,1828.0146356577943,1809.3209015477648,1839.4091422242882,1817.044223579721,1828.623250280656,1825.7497208839789,1852.6888950237665,1872.7317337430636,1866.3571383482974,1896.0907605038622,1875.6120685692272,1895.8505756014563,1888.7644775328129,1902.043186594256,1889.1872997039504,1923.3219534902314,1922.6046577563632,1924.3705847001438,1903.605497502615,1897.6933564147926,1906.0382585167176,1886.192289717991,1891.9444444444443
69360,5518,27501,zip,NC,NC,Angier,"Fayetteville, NC",Harnett County,,,,,,,,,,,,,,,,,,,,,,,,,,,,,,,,,,,,,,,,,,,,,,,,,,,,,,,,,,,,,,,,,,,,,,,,,,,,,,,,,,,,,,,,,,,,,,,,,,,,,,,,,,,,,,,,,,,1782.9319402844128,1810.9498709308455,1824.8556971401688,1848.7346005486584,1845.3976208072988,1837.2934630074685,1818.7475181649365,1819.1356109280644,1802.310368280265,1813.8197824903946,1802.4249850797326,1812.7415516940764,1810.1938922345214,1809.9716265488437,1791.2028389408633,1785.4165499485732,1791.4177369205174,1806.9960475380692,1814.870386226652,1816.126943596266,1823.7667674604431,1823.6180590610347,1831.4961354763723,1838.5342649757144,1848.634073668481,1850.4563492063492
69233,5563,27203,zip,NC,NC,Asheboro,"Greensboro-High Point, NC",Randolph County,,,,,,,,,,,,,,,,,,,,,,,,,,,,,,,,,,,,,,,,,,,,,,,,,,,,,,,,,,,,,,,,,,,,,,,,,,,,,,,,,,,,,,,,,,,,,,,,,,,,,,,,,,,,,,946.6984976805786,958.8514287057536,949.1641077570902,960.8072714205147,946.0876438399514,950.281120370653,941.4423226492241,965.5995439605845,972.525963857514,971.8918041706742,966.1141709220609,957.4862265581537,968.6299512124822,967.041088301176,974.680136128453,964.2076155351043,973.9815215480919,981.2420809265926,983.5276197214946,971.8454997590633,970.9405139591106,976.4073878856685,987.8948239328904,993.4982594036564,996.3553665673065,1002.3390042169531,1008.0071621929894,1016.4271610607426,1021.2452679066486,1023.3263243357479,1035.0396825396826
69292,5581,27312,zip,NC,NC,Pittsboro,"Durham-Chapel Hill, NC",Chatham County,,,,,,,,,,,,,,,,,,,,,,,,,,,,,,,,,,,,,,,,,,,,,,,,,,,,,,,,,,,,,,,,,,,,,,,,,,,,,,,,,,,,,,,,,,,,,,,,,,,,,,,,,,,,,1748.1858465449154,1706.9858973743897,1702.4247009411263,1641.8352148067136,1657.7577874469146,1669.526658934988,1707.470211428953,1719.4204153379917,1705.9131413969337,1696.1701305655386,1709.9299907896802,1747.255660364831,1756.1450228279539,1761.255645746235,1766.508165888985,1788.4710433009934,1758.7603346823896,1754.3710906496995,1741.6425743906107,1742.636451205883,1754.0182333233834,1760.7099091677007,1762.1371814138638,1758.743716717796,1745.512896972845,1756.118387339413,1766.4089808977315,1792.3211731891518,1813.886225261099,1813.24563769969,1811.1837282460574,1812.1296296296296
70448,5583,29403,zip,SC,SC,Charleston,"Charleston-North Charleston, SC",Charleston County,,,,,,,,,,,,,,,,,,,,,,,,1401.9383946264538,1449.280468393378,1451.745172330205,1444.216737026741,1452.875039324549,1461.2310632497642,1480.5190301176306,1479.2119331669744,1477.5112625086924,1461.738810477228,1506.349804111298,1520.3297570367024,1548.6421246732643,1525.5116518839097,1530.0605768617156,1532.3914336751122,1540.4486928729566,1534.4478423879054,1538.5754420520552,1543.2513599540093,1564.3183049086924,1577.351667613014,1552.1664515427888,1548.3824411304204,1555.037160501033,1585.3335324678917,1586.1766011734906,1603.3946730068933,1607.8159217029017,1619.4504672769956,1622.7962781729605,1631.6560107946023,1634.0169556210885,1642.4355846480964,1661.97402170793,1666.6800312076741,1663.2301860460127,1656.6302897100634,1669.9722274597498,1679.2455329631964,1672.1892292934829,1655.6205461143668,1643.700172444034,1655.8032618065984,1660.515484772448,1681.5532928576665,1682.7608444605282,1714.5957782772227,1713.827556871162,1744.1685641805243,1758.6822883233212,1768.2643994420928,1770.6537442496792,1776.7374451708288,1804.8997001790128,1828.7685647438318,1855.8144140840468,1861.4604330256684,1881.1552452367955,1893.6711521127822,1943.7367031299148,1965.6327420478933,1982.6114568544558,1997.007509983707,2049.3920670570465,2104.304366705365,2134.4924737307565,2138.2761650278553,2156.8542153713356,2178.5551522409037,2201.800998646163,2212.950942286692,2224.0845393707696,2228.356338708436,2246.4725083503167,2258.212877523137,2281.2356650850797,2285.5642054199197,2297.02852525361,2304.6001194623022,2313.2142705521783,2334.202383400698,2348.1456439785948,2369.419342880335,2356.8025626937083,2366.206894399403,2364.8176807235564,2379.9789875443057,2370.498772486063,2386.8087583206107,2398.2639271173866,2433.877051799006,2455.5000816464344,2475.786931760125,2492.6923677336763,2491.106467049487,2498.9777691791865,2488.7560286109106,2481.347264779477,2493.8078248066995,2513.657548200896,2532.0681259465077,2524.7100249712094,2509.501916555986,2507.8474346265034,2501.770201949629,2501.4527315922137,2515.004863518354,2537.098005597787,2565.03551525053,2593.756143373925,2600.6701607081463,2611.499610526721,2615.6002518810265,2643.0976096086592,2668.11730916861,2691.4718215811968
70226,5592,28787,zip,NC,NC,Weaverville,"Asheville, NC",Buncombe County,,,,,,,,,,,,,,,,,,,,,,,,,,,,,,,,,,,,,,,,,,,,,,,,,,,,,,,,,,,,,,,,,,,,,,,,,,,,,,,,,,,,,,,,,,,,,,,,,,,,,,,,,,,,,,,,1790.1537077096036,1781.8770876315402,1793.6613068000286,1760.8834958859215,1766.7258131640083,1757.9211514153333,1774.6147433583287,1788.3010070175162,1794.9646528664284,1808.7528680627283,1814.5944490141278,1791.0506676700156,1764.3357780047052,1742.8838680642461,1755.6863212324301,1760.6239880885419,1765.8475495918976,1742.8515152066313,1742.0011367824948,1730.2172120231912,1746.8112840502665,1731.8552444488566,1712.8831213485466,1696.4989931625728,1697.2088500859145,1716.146895586979,1710.378641808221,1717.6928962134311,1711.436507936508
70225,5643,28786,zip,NC,NC,Waynesville,"Asheville, NC",Haywood County,,,,,,,,,,,,,,,,,,,,,,,,,,,,,,,,,,,,,,,,,,,,,,,,,,,,,,,,,,,,,,,,,,,,,,,,,,,,,,,,,,,,,,,,,,,,,,,,,,,,,,,,,,,,,,,,,,,,,,,,,,,,,,,,,,,,,,,1722.310997474344,1779.7241837226154,1777.8773339211575,1761.1575332183027,1737.1405118996233,1749.1666666666667
70360,5685,29205,zip,SC,SC,Columbia,"Columbia, SC",Richland County,678.1593941110729,683.9866311552785,712.5383940546476,708.195010952041,699.6168312507335,698.2948447671411,710.9585544600461,721.2509422857293,725.0856419195593,728.5697422678522,725.4050622656534,737.2041466573471,739.3661214703219,740.0080400654771,732.8487959454093,733.4724760070183,742.3356752976997,742.49602517263,738.1408156228923,737.0985356688101,740.6425557540413,744.6085204244508,755.0115133139391,760.3615540327817,762.2644049114745,761.2126416922791,763.1046461320245,764.495018815011,761.6961746536404,763.5209167712648,774.1535493195236,786.7817290161115,789.7674937057359,793.2098132028874,782.1792468026732,787.03981959107,787.7071787329863,802.7103728841569,802.2448862850816,806.7360991716201,810.9530766740348,820.5960290556554,821.0876857932254,827.5044888453584,836.5353531967282,839.0019962871338,839.6095985409812,833.5946841917687,831.2336496912826,841.2797695131471,849.7359840466643,854.3790068896394,859.9819743816254,860.7446045948174,864.9398660617334,863.076327955141,863.8085727120847,869.5887096315206,883.4319772955838,895.1911548793793,908.0433881388066,904.1460556914507,907.6514021496444,899.6007455237841,908.9444189623327,918.4086531087208,931.090488751082,928.3722856208046,932.0892684128077,939.0402081115159,945.7077163411934,942.1148962675794,950.6222914626188,951.0538254770692,963.2093806004399,966.4887399303727,984.6638172166182,992.5438434828815,998.8020485354357,1013.1069338888989,1020.8992484757107,1040.6484687688621,1050.1746495031102,1060.7541293292697,1054.5799963719746,1060.6166143979676,1072.1669896439812,1085.3066017468902,1093.1583319799415,1099.5918348556888,1111.8047039340277,1114.884874245887,1126.6760404510812,1127.8196922326927,1144.78967454362,1165.510530761282,1184.274890619489,1196.7337227758098,1192.1836680642043,1200.33350322698,1201.355029191662,1212.581757565236,1220.016160552399,1236.6665452337243,1245.504797387103,1256.9049133358017,1253.08030663522,1257.6823691093298,1244.6243653524775,1251.0584645026,1247.5801238091747,1265.720628837139,1273.9380125993912,1294.6905502504198,1313.6983414604324,1318.64706091307,1318.3630095854753,1316.2517071297198,1327.246037132405,1331.6102209686533,1347.2243939238253,1355.1531374178144,1379.1294351773643,1379.5018125933402,1386.8097808581388,1383.8219414967753,1387.0707509912513,1391.3803128378752,1403.2627484256857,1417.1173745269546,1424.6452226903561,1431.6067629510646,1439.272505894141,1443.2617881486635,1442.908569062604,1446.3060731605574,1451.0460546405993,1454.5696199488161,1454.4707829685483,1458.6147186147184
69678,5687,28036,zip,NC,NC,Davidson,"Charlotte-Concord-Gastonia, NC-SC",Mecklenburg County,,,,,,,,,,,,,,,,,,,,,,,,,,,,,,,,,,,,,,,,,,,,,,,,,,,,,,,,,,,,,,,,,,,,,,,,,,,,,,,,,1600.5686439407489,,1617.5654929207183,1627.2379800235124,1650.7536278361567,1654.1115699292186,1663.9619698377392,1660.5022787069906,1687.7226053513914,1690.528029565876,1704.4762932718859,1707.8555363159526,1717.2867434797993,1740.6240187682868,,1706.4577555795931,1711.1143713712681,1792.3089003711134,1829.7322813582327,1851.1585336911708,1858.268912327777,1861.7543539012258,1875.3367628902265,1867.906156605495,1878.15841004998,1864.5538312510814,1922.5199597312937,1901.411931787779,1913.41072133917,1877.8419494572531,1883.9124820158588,1914.3610205948114,1902.4315910648374,1922.3594103057496,1909.6460144496984,1920.6930668501923,1913.518809069861,1946.221458966422,1960.3669670594431,2060.670047717245,2046.180936879132,2054.65655631608,1983.1446026274266,1983.9892929103898,2009.080633939183,2023.650681838154,2045.1809285374125,2033.6675017365358,2046.4342163462716,2036.2348668315353,2019.718722964271,1963.0167256515326,1978.6928101025728,1984.9877013435516,2038.6239175415355,2031.7005594021543,2028.584808630819,2018.9515428799084,2017.0586121475687,2032.3333333333333
70361,5692,29206,zip,SC,SC,Columbia,"Columbia, SC",Richland County,,,,,,,,,,,,,,,,,,,,,,,,,,,,,,,,,,,,,,,,,,,,,,,,,,,,,,,,,,,,,,,,,,,,,,,,,,,,,,,,,,,1223.2235451154181,1231.288244453634,1240.1090484595477,,1278.8774507243202,1296.122750477394,1293.317623746604,1291.1614797274658,1297.8427714879115,1319.780263393313,1337.6315621791973,1326.4509974640791,1317.607050495981,1301.9182492278544,1310.8879213469802,1326.1772236169952,1344.7260755206437,1346.7151255686445,1350.234183265996,1362.098256683203,1386.3692247529618,1384.205452280213,1385.6334501058395,1389.1147917771193,1392.4192477333295,1399.5287358390633,1391.9586816822878,1374.4121139042,1375.275237203804,1392.443126919746,1434.2321501440317,1447.2911286572728,1439.4376244130744,1434.837180249929,1446.4966964925422,1460.9381983878807,1471.1746481643688,1485.6424302565013,1492.0087294613788,1505.3863893279154,1478.3999691923289,1498.4189583381508,1489.6989992830615,1511.1810400276374,1495.0397049732976,1500.366422672139,1498.4573859150998,1499.0277516340877,1502.1281625116555,1501.8130930147925,1509.01994855737,1514.2469889251204,1539.0999234567148,1523.7473769144128,1518.407109374483,1503.0050283450407,1523.3423228940721,1531.3145933014355
69696,5729,28075,zip,NC,NC,Harrisburg,"Charlotte-Concord-Gastonia, NC-SC",Cabarrus County,,,,,,,,,,,,,,,,,,,,,,,,,,,,,,,,,,,,,,,,,,,,,,,,,,,,,,,,,,,,,,,,,,,,,,,,,,,,,,,,,,,,,,,,,,,,,,,,,,,,,,,,,,,,,,2274.9382950043423,2306.061306539699,2333.572592239694,2354.091965841225,2359.9644214950345,2372.0675057465737,2347.2966363122887,2334.751066053105,2351.374802872518,2372.2999051551897,2412.5155056472618,2386.3176817704125,2362.013739531021,2359.0994488401047,2377.6044383250264,2398.5702264399724,2413.5513399267506,2418.4595168624005,2434.6497394939083,2462.197772412307,2452.1813632437706,2462.951412096452,2446.9684916232827,2498.303266478638,2517.4793622888164,2518.0483650209617,2496.8906973859594,2488.992635370213,2490.3198238689497,2496.4537364562084,2502.277777777778
69971,5772,28461,zip,NC,NC,Southport,"Myrtle Beach-Conway-North Myrtle Beach, SC-NC",Brunswick County,,,,,,,,,,,,,,,,,,,,,,,,,,,,,,,,,,,,,,,,,,,,,,,,,,,,,,,,,,,,,,,,,,,,,,,,,,,,,,,,,,,,,,,,,,,,,,,,,,,,,,,,,,,1607.9214098642992,1621.384763010311,1619.50555809832,1587.0861326897061,1619.9628083388272,1665.0944664351427,1675.70678859318,1662.8155885225985,1656.5583801424839,1692.9478890843268,1714.7142546936639,1721.6141097908605,1709.1882118249118,1693.7898233777985,1713.152104644627,1723.4805112813774,1732.0079163789492,1708.1805968081787,1700.8692259194215,1700.0217929567978,1713.0786677179765,1683.4820077913594,1680.8999727848075,1689.3012585713107,1700.6369614489493,1717.7313004130986,1716.4272256742765,1724.8491408011664,1697.7548515837696,1695.236535837193,1704.0586849913761,1716.3555390626675,1716.4079180769213,1723.1277777777777
69857,5809,28327,zip,NC,NC,Carthage,"Pinehurst-Southern Pines, NC",Moore County,,,,,,,,,,,,,,,,,,,,,,,,,,,,,,,,,,,,,,,,,,,,,,,,,,,,,,,,,,,,,,,,,,,,,,,,,,,,,,,,,,,,,,,,,,,,,,,,,,,,,,,,,,,,,,,,,,,,,,1894.2953344623456,1907.913490709495,1949.7819693578308,1968.93181956819,1974.2910663271516,1963.5927047090504,1971.3741759951854,1986.5656762844892,2004.0811413711108,2026.7759303068374,2018.8718837970878,2021.9753013058767,2018.0804849184437,2013.694100254681,1978.322939135771,1998.0823303786917,2003.3329901890997,2035.602989013613,2036.3392279067245,2046.5230990912096,2056.714230852085,2051.8237591068696,2074.1666666666665
69268,5886,27263,zip,NC,NC,Archdale,"Greensboro-High Point, NC",Randolph County,,,,,,,,,,,,,,,,,,,,,,,,,,,,,,,,,,,,,,,,,,,,,,,,,,,,,,,,,,,,,,,,,,,,,,,,,,,,,,,,,,,,,,,,,,,,,,,,,,,,,,,,,,,,,,,,,,,,,,,,,,,,,,,,,,1316.3671476313182,1304.926191515655,1311.7655127637304,1328.6114394251038,1320.667194458072,1314.4127425115464,1309.0719567305794,1325.3030852109598,1327.0979918690232,1328.4534701074072,1322.8833333333334
70523,5898,29506,zip,SC,SC,Florence,"Florence, SC",Florence County,,,,,,,,,,,,,,,,,,,,,,,,,,,,,,,,,,,,,,,,,,,,,,,,,,,,,,,,,,,,,,,,,,,,,,,,,,,,,,,,,,,,,,,,,,,,,,,,,,,,,,,,,,,,,,,,,,,,,,,,,,,,,,,,,,,,1040.9263824765528,1036.9124428387533,1026.445058670602,1018.4254060217002,1015.2833033113045,1019.4660205963576,1024.338637200899,1024.163042041333,1036.111111111111
70348,5914,29169,zip,SC,SC,West Columbia,"Columbia, SC",Lexington County,,,,,,,,,,,,,,,,,,,,,,,,,,,,,,,,,,,,,,,,,,,,,,,,,,,,,,,,,,,,,,,,,,,,,,,,,,,,,,,,,,,,1309.8487071672114,1305.2482517001167,1269.1213404232863,1272.5836361791,1303.975853388222,1303.2811650574772,1314.617708623694,1319.1613362703938,1356.126942324668,1363.1056076582101,1364.3191192060128,1357.3572535356689,1387.6831221882387,1409.122992909484,1420.0447523662365,1403.947253756886,1402.4113584155223,1430.9405370232544,1440.9459893222647,1468.757941571216,1464.3240603201932,1476.4061275131055,1469.4027707675123,1457.8781314238067,1462.3331313500064,1473.5933960192365,1496.5345001396258,1515.9125750168482,1501.9834721995499,1507.6951794056997,1514.459725259707,1547.825794352919,1546.9788695239038,1562.6118500790099,1558.078406080271,1568.9681910062668,1562.3609719878687,1563.0649892067106,1575.8589078507707,1586.2002489908355,1589.1194173968358,1594.3418385778941,1592.801494407472,1594.1883540765798,1600.0591334280684,1598.0412747353582,1620.8225709743176,1634.6955592693905,1647.267850012005,1653.1671864394625,1646.6691021758438,1648.3519671056333,1668.2855981623075,1670.852877356505,1681.9641997312458,1673.2544301398998,1684.461111111111
70183,5933,28739,zip,NC,NC,Hendersonville,"Asheville, NC",Henderson County,,,,,,,,,,,,,,,,,,,,,,,,,,,,,,,,,,,,,,,,,,,,,,,,,,,,,,,,,,,,,,,,,,,,,,,,,,,,,,,,,,,,,,,,,,,,,,,,,,,,,,,,,,,,,,,,,,,,,,,,,,,,,,,,,,,,,,1991.2168602558847,1984.9414686611663,2038.9462780805607,2041.8377357483937,2044.3272925808546,2002.687622205436,1967.7777777777776
70415,5974,29340,zip,SC,SC,Gaffney,"Gaffney, SC",Cherokee County,,,,,,,,,,,,,,,,,,,,,,,,,,,,,,,,,,,,,,,,,,,,,,,,,,,,,,,,,,,,,,,,,,,,,,,,,,,,,,,,,,,,,,,,,,,,,,,,,,,,,,,,,,,,,,,,,,,,,,,,,,,,,,,,,,,,,,,,,,,1190.4366879091433,1177.5
70416,6015,29341,zip,SC,SC,Gaffney,"Gaffney, SC",Cherokee County,,,,,,,,,,,,,,,,,,,,,,,,,,,,,,,,,,,,,,,,,,,,,,,,,,,,,,,,,,,,,,,,,,,,,,,,,,,,,,,,,,,,,,,,,,,,,,,,,,,,,,,,,,,,,,,,,,,,,,,,,,,,,,,,,,,,987.4265543243862,986.188358437186,969.4774510833229,969.1047355171949,961.1591840747302,962.5639238833802,976.0118766530602,985.1976840792453,1015.5833333333334
70564,6033,29575,zip,SC,SC,Surfside Beach,"Myrtle Beach-Conway-North Myrtle Beach, SC-NC",Horry County,,,,,,,,,,,,,,,,,,,,,,,,,,,,,,,,,,,,,,,,,,,,,,,,,,,,,,,,,,,,,,,,,,,,,,,,,,,,,,,,,,,,,,,,,,,,,,,,,,,,,,,,,,,,,1508.546752249265,,1524.3472412163835,1536.3668692965443,1535.4467277007818,1519.3359557969368,1518.8193139638804,1523.3651213869587,1540.943749496072,1521.3978869737823,1537.6898834750914,1517.3780104434622,1537.3405402496637,1527.853538463809,1543.4008895559505,1538.0593579662532,1541.409180066659,1541.34477558887,1528.0635837157101,1522.9752348364061,1533.755295189552,1550.4617407151213,1531.7458189441095,1548.9493206850207,1551.1577244959265,1572.7029788965813,1556.7926078789967,1561.2341931198816,1565.7037116797874,1577.132445704977,1594.976552564459,1610.527777777778
69503,6057,27803,zip,NC,NC,Rocky Mount,"Rocky Mount, NC",Nash County,,,,,,,,,,,,,,,,,,,,,,,,,,,,,,,,,,,,,,,,,,,,,,,,,,,,,,,,,,,,,,,,,,,,,,,,,,,,,,,,,,,,,,,,,,,,,,,,,,,,,,,,,,,,,,,,,,,,,,,1071.9187424890913,1106.0561388119906,1117.5430995584336,1127.4343976752268,1113.386505363295,1142.7634177383384,1199.6774390491219,1215.603332786499,,1177.7603498791655,1179.2961852009882,1191.2077879093379,1201.111079507753,1206.2154316092424,1204.0906878704507,1206.6712283351544,1204.4798000519313,1194.5557666651775,1169.4959797181689,1184.8532153460415,1206.4557273855444,1253.1944444444443
70396,6078,29307,zip,SC,SC,Spartanburg,"Spartanburg, SC",Spartanburg County,,,,,,,,,,,,,,,,,,,,,,,,,,,,,,,,,,,,,,,,,,,,,,,,,,,,,,,,,,,,,,,,,,,,,,,,,,,,,,,,,,,,,,,,,,,,,,,,,1086.7972710890267,1105.5313756024352,1117.714534296487,1116.4300818449458,1100.4418536916935,1117.3931757575458,1127.6635765237318,1169.0757269914916,1165.8760531462005,1180.3410134808948,1179.7329455285292,1172.7034393757447,1157.8444009546802,1147.0165523335393,1160.5779324409946,1170.0410483716748,1187.885531218469,1174.9405282052949,1171.479130882457,1152.3345580482057,1163.1397275908707,1168.94751723009,1173.1536396117858,1184.8167777728138,1192.603403272374,1192.233976074989,1184.7402740659631,1180.768334609775,1188.4140577618564,1191.7914704550042,1192.1198002670806,1182.8381263046133,1179.5608812919043,1171.791853525698,1173.7006965278301,1172.5953599210213,1177.3694117455173,1184.9473709586505,1187.7795684803039,1193.1107376722427,1189.4265570027055,1198.1889383620028,1207.2152692825618,1225.6825396825395
70349,6178,29170,zip,SC,SC,Springdale,"Columbia, SC",Lexington County,,,,,,,,,,,,,,,,,,,,,,,,,,,,,,,,,,,,,,,,,,,,,,,,,,,,,,,,,,,,,,,,,,,,,,,,,,,,,,,,,,,,,,,,,,,,,,,,,,,,,,,,,,,,,,,,,,,,,,,1379.5623269074695,1401.0949643351153,1396.6604059613564,1404.2132803662676,1411.8918686831469,1424.7395237425071,1420.2274112969733,1418.1304082284876,1417.9245845957685,1440.7091231396093,1458.4951296847162,1473.9134076165626,1481.64263406284,1470.5074518941349,1479.321793403017,1482.514061190972,1487.4015140749586,1481.9963326962293,1482.996095379946,1488.2479041431461,1490.8079733771344,1483.0444444444445
70536,6195,29532,zip,SC,SC,Darlington,"Florence, SC",Darlington County,,,,,,,,,,,,,,,,,,,,,,,,,,,,,,,,,,,,,,,,,,,,,,,,,,,,,,,,,,,,,,,,,,,,,,,,,,,,,,,,,,,,,,,,,,,,,,,,,,,,,,,,,,,,,,,,,,,,,,,,,,,,,,,,,,,,,,,,,,,1289.3760077134896,1275.0
70757,6204,29909,zip,SC,SC,Bluffton,"Hilton Head Island-Bluffton, SC",Beaufort County,,,,,,,,,,,,,,,,,,,,,,,,,,,,,,,,,,,,,,,,,,,,,,,,,,,,,,,,,,,,,,,,,,,,,,,,,,,,,,,,,,,,,,,,,,,,,,,,,,,,,,,,,,,,,,,,,,,,,,,,,,,,,,,,,,2607.0660893202776,2627.9692782762513,2631.5691598032786,2681.9872864645918,2711.931416083677,2726.9248399288645,2720.6725142857094,2707.8344199953062,2638.535765534184,2612.4366625982784,2603.055555555555
70156,6229,28712,zip,NC,NC,Brevard,"Brevard, NC",Transylvania County,,,,,,,,,,,,,,,,,,,,,,,,,,,,,,,,,,,,,,,,,,,,,,,,,,,,,,,,,,,,,,,,,,,,,,,,,,,,,,,,,,,,,,,,,,,,,,,,,,,,,,,,,,,,,,,,,,,,,,,,,,,,,,,,,,,,,2005.1330787528684,1983.005070192632,1991.8499366718293,1988.1803117654927,2016.92412047249,1992.526108525713,2005.99938781757,1997.9166666666667
70249,6230,28906,zip,NC,NC,Murphy,,Cherokee County,,,,,,,,,,,,,,,,,,,,,,,,,,,,,,,,,,,,,,,,,,,,,,,,,,,,,,,,,,,,,,,,,,,,,,,,,,,,,,,,,,,,,,,,,,,,,,,,,,,,,,,,,,,,,,,,,,,,,,,,,,,,,,,,,,,,,,,,,,,,1583.3333333333333
70011,6233,28532,zip,NC,NC,Havelock,"New Bern, NC",Craven County,,,,,,,,,,,,,,,,,,,,,,,,,,,,,,,,,,,,,,,,,,,,,,,,,,,,,,,,,,,,,,,,,,,,,,,,,,,,,,,,,,,,,,,,,,,,,,,,,,,1232.910616326245,1222.4038574898186,1227.5631411962963,1222.267646712531,1239.079894038419,1235.0526592730075,1239.0403770536464,1224.666822264576,1236.5774060023825,1233.6972061352321,1240.8516312778613,1229.6675432189759,1249.8041619219175,1269.9968396192903,1302.5323211701677,1325.0976636091486,1314.6369748417721,1306.1838198265432,1301.5176808761069,1324.463723220416,1324.6697675556386,1342.809700928186,1312.0879519554137,1322.997763767921,1330.2923342818597,1357.834906580594,1342.6502069753287,1356.5891967606503,1366.4572312171815,1382.2506573556616,1395.2159801748198,1397.0982542359798,1400.2907954103257,1402.831601488872,1429.8186001091278,1435.6156954565693,1426.6182480167877,1404.6519091346133,1405.317513170326,1388.1257349254668,1385.6243772974628,1380.851851851852
69331,6252,27401,zip,NC,NC,Greensboro,"Greensboro-High Point, NC",Guilford County,,,,,,,,,,,,,,,,,,,,,,,,,,,,,,,,,,,,,,,,,,,,,,,,,,,,,,,,,,,,,,,,,,,,,,,,,,,,,,,,,,,,,,,1187.9994174848684,1176.9193075995117,1192.744554198232,1208.4164627566342,1214.8242936025076,1217.6763460095588,1232.5264788594684,1233.3783709164616,1246.4665546108085,1245.762904807485,1259.8018193023654,1261.619749168996,1265.1285063725882,1286.0396191486989,1291.5961095647997,1305.7447442012171,1305.2948957507062,1309.7074934848833,1298.49296007293,1308.6145270448578,1307.7848463204648,1320.8913679305058,1310.5354515448112,1315.4410107482577,1311.1034122100607,1310.5012048536978,1330.8062523180274,1346.5683734231088,1361.3952832488628,1352.9525015474396,1349.553833784104,1360.3276023450921,1367.677184968751,1378.1859169248944,1368.8421880773535,1384.607535457861,1396.653474180676,1403.5674733593598,1396.3159827054092,1388.315212610452,1393.8281854478128,1406.0673297897683,1423.4709289151624,1422.2396513229553,1425.9097741528917,1422.0193181969187,1440.3187768674582,1434.799843756643,1435.907679357974,1436.3838841304432,1439.085042150005,1442.6531585516386,1439.183853254805,1440.4688682490541
70237,6339,28805,zip,NC,NC,Asheville,"Asheville, NC",Buncombe County,,,,,,,,,,,,,,,,,,,,,,,,,,,,,,,,,,,,,,,,,,,,,,,,,,,,,,,,,,,,,,,,,,,,,,,,,,,,,,,,,,,,,1394.2104974481695,1384.764358872798,1382.6753948182904,1397.6837857307257,1438.6053940389004,1468.0348153021241,1504.4008692039642,1533.211429339418,1548.9374049234232,1559.0946917709473,1547.5700664576668,,1516.5695500536463,1526.8918889959193,1570.4448340890012,1569.712836682365,1578.6594390786884,1556.4387079873159,1540.503901242416,1528.4668780902034,1540.5842201800513,1576.0138034916656,1592.4722596773975,1599.5945825036135,1605.69102167412,1626.8270681199997,1626.6546617727777,1650.8316531436737,1655.723570042621,1674.727483060233,1656.7568114469946,1642.4772071785826,1619.8272319590446,1614.2747824773942,1619.4136081074962,1628.0042950916516,1617.896766918602,1615.4566933156075,1604.8272849661053,1601.3376890651616,1605.5228563175904,1598.439201146772,1627.9150047111048,1634.7658023042586,1651.0267234618657,1643.7863898956782,1641.0934836991864,1639.7878251310176,1654.705919725818,1651.9654377122645,1658.8282382554335,1657.3730126679077,1656.3910685988849,1663.9951454673885,1658.5741636629093,1668.4017094017097
70454,6385,29410,zip,SC,SC,Hanahan,"Charleston-North Charleston, SC",Berkeley County,,,,,,,,,,,,,,,,,,,,,,,,,,,,,,,,,,,,,,,,,,,,,,,,,,,,,,,,,,,,,,,,,,,,,,,,,,,,,,,,,,,,,,,,,,,,,,,,,,,,,,,,,,,,1576.0318898472235,1585.4334749254442,1612.3224660323262,1636.5843536884502,1656.3224169817893,1684.8658445589638,1679.6787500054147,1682.549494977504,1696.5203829392688,1686.6354500926125,1684.59898740938,1679.7239851779184,1703.2604427958906,1717.2516279045208,1700.3833305494252,1667.318156942845,1642.1267419708486,1618.681933338458,1648.95013358639,1668.0543956502502,1670.8505903123007,1676.7764216197572,1687.843783083333,1701.7515897151704,1690.4132844682485,1686.9510901875708,1700.887537986906,1726.9073251896514,1752.0119545265122,1773.8580937705347,1769.409602111531,1766.5430625744953,1771.711111111111
70571,6441,29582,zip,SC,SC,North Myrtle Beach,"Myrtle Beach-Conway-North Myrtle Beach, SC-NC",Horry County,,,,,,,,,,,,,,,,,,,,,,,,,,,,,,,,,,,,,,,,,,,,,,,,,,,,,,,,,,,,,,,,,,,,,,,,,,,,,,,,,,,,,,,,,,,,,,,,,,,,,,,,,,,,,,,,,,,1538.876914637625,1538.9367188237513,1546.2118322301321,1549.9198542796755,1577.7046068592122,1620.9134272475098,1625.0950730556183,1565.4243301296449,1550.9773953517315,1487.8693194414227,1538.9599496861285,1526.9384762041057,1577.7171503314794,1576.5449508271709,1586.1824526723417,1599.2013287539205,1595.024795208624,1589.6664099134982,1599.7053315158862,1663.4900071342297,1689.354529369684,1770.071548391022,1751.7823457656527,1793.5990457527655,1777.3370196069711,1822.7215099715097
70516,6454,29492,zip,SC,SC,Charleston,"Charleston-North Charleston, SC",Berkeley County,,,,,,,,,,,,,,,,,,,,,,1269.0448305428429,1295.3111561004325,1264.3645273279008,1266.003349347673,1226.587589217687,1247.3313258342932,1267.0327660111457,1314.0708934480524,1326.3139884583718,1337.7133274118517,1341.1532085203266,1337.3696175769617,,1293.383878315396,1319.1759813594715,1342.998686039936,1371.4151061158263,1336.9102819830214,1326.2469321635922,1326.8153050952071,1357.9228197745188,1375.2048098542946,1372.644520814933,1354.7081651639585,1381.2570995664598,1397.806284609917,1403.9466551681642,1376.162643300585,1384.012173300872,1410.0877257574307,1413.921985389604,1406.0296767915765,1388.5472633353284,1384.8389455380845,1395.6634476271067,1422.473616760952,1427.6777835665046,1432.1524835746025,1436.5986976699248,1463.9826889538326,1469.9401151525688,1444.4205801851851,1424.0756655519372,1437.7098452546331,1446.6266679407167,1433.724376235666,1407.0238788031393,1385.4310325824479,1393.1988264471092,1397.5153039245836,1398.8993901931285,1423.772079791533,1469.895523210922,1516.837828892822,1532.5253302662627,1538.638545069168,1565.1867570029372,1618.0406336718938,1692.516801506993,1741.9787752761613,1756.3172865613794,1772.3424155355083,1796.3854093028526,1795.9464103546277,1800.6395538727636,1799.7630185026233,1843.9226720525712,1881.2262081080592,1915.773629871629,1942.3990805588685,1932.1324115676175,1929.479492142078,1937.0291720616285,1961.104043778026,2001.1826638362202,1997.247027435445,2000.1086359434053,1996.6357615002519,2021.1077719284908,2038.398459400411,2060.5908010261155,2048.1119638599343,2049.465065173491,2044.5886544545335,2063.940399749787,2055.932507595254,2031.2410478905933,2071.243280961035,2116.2495575117737,2152.578902473302,2117.4250997857907,2085.053409897286,2068.0818877057873,2083.7392984094695,2113.864884756156,2140.9076937624286,2139.2177804544935,2125.324200791952,2110.9181161687193,2108.4833631998126,2118.579622285112,2132.30165895885,2145.8454193768657,2147.0106098214856,2138.1321819531076,2135.7741113552993,2130.1943348849472,2123.843321663746,2126.795928439178,2148.801650890961,2176.6110922699513,2174.2201851123245,2159.5475952524566,2148.9461641513376,2165.6018515734495,2193.2275379968555,2222.0051574364857,2238.6737561535983,2250.546300211416
70176,6487,28732,zip,NC,NC,Fletcher,"Asheville, NC",Henderson County,,,,,,,,,,,,,,,,,,,,,,,,,,,,,,,,,,,,,,,,,,,,,,,,,,,,,,,,,,,,,,,,,,,,,,,,,,,,,,,,,,,,,,,,,,,,,,,,,,,,,,,,,,,,,,,,,,,,,,,,,,,,,,,,,,,,,2154.503114023303,2132.520453547423,2098.698379911131,2102.844184656507,2145.722000529289,2173.0984363516145,2178.834917514469,2196.6666666666665
69848,6525,28312,zip,NC,NC,Fayetteville,"Fayetteville, NC",Cumberland County,,,,,,,,,,,,,,,,,,,,,,,,,,,,,,,,,,,,,,,,,,,,,,,,,,,,,,,,,,,,,,,,,,,,,,,,,,,,,,,,,,,,,,,,,,,,,,,,,,,,,,,,,,,,,,,,,,,,,,,,,,,,,,,,,,,,,,,,845.7225484959719,843.367642021886,849.277624162977,835.9855399560181,848.4126984126984
69592,6532,27896,zip,NC,NC,Wilson,"Wilson, NC",Wilson County,,,,,,,,,,,,,,,,,,,,,,,,,,,,,,,,,,,,,,,,,,,,,,,,,,,,,,,,,,,,,,,,,,,,,,,,,,,,,,,,,,,,,,,,,,,,,,,,,,,,,,,,,,,,,,,,,,,,,,,,,,,,,,,,,,,,,1764.9692002613335,1777.978697855042,1777.3016185410129,1795.8343866924176,1810.289934159533,1786.5960181926512,1749.7615404401565,1727.697536945813
70040,6544,28574,zip,NC,NC,Richlands,"Jacksonville, NC",Onslow County,,,,,,,,,,,,,,,,,,,,,,,,,,,,,,,,,,,,,,,,,,,,,,,,,,,,,,,,,,,,,,,,,,,,,,,,,,,,,,,,,,,,,,,,,,,,,,,,,,,,,,,,,,,,,,,,,,,,,,,,,,,,,,,,,,,,1631.6413963584325,1633.5742105459128,,1657.5652849712894,1682.1847080168905,1713.016108707944,1735.346191540187,1745.4658281947743,1749.4444444444443
69501,6546,27801,zip,NC,NC,Rocky Mount,"Rocky Mount, NC",Edgecombe County,,,,,,,,,,,,,,,,,,,,,,,,,,,,,,,,,,,,,,,,,,,,,,,,,,,,,,,,,,,,,,,,,,,,,,,,,,,,,,,,,,,,,,,,,,,,,,,,,,,,,,,,,,,,,,,,,,,,,,,,,,,,,,,,947.0606637525268,949.0105325178415,945.4898998011911,955.0302248561671,974.5914420657851,967.3000211758915,990.2337942180444,972.714194607242,982.7277399999348,960.1231842762583,977.872157950469,985.0542412619659,993.4444444444445
69582,6559,27886,zip,NC,NC,Tarboro,"Rocky Mount, NC",Edgecombe County,,,,,,,,,,,,,,,,,,,,,,,,,,,,,,,,,,,,,,,,,,,,,,,,,,,,,,,,,,,,,,,,,,,,,,,,,,,,,,,,,,,,,,,,,,,,,,,,,,,,,,,,,,,,,,,,,,,,,,,,,,,,,,,,,,,,,,,,,,,,1112.5
69457,6563,27617,zip,NC,NC,Raleigh,"Raleigh-Cary, NC",Wake County,,,,,,,,,,,,,,,,,,,,,,,,,,,,,,,,,,,1184.9047433192586,1178.1927472892805,1189.1822360481901,1197.088562302663,1199.3253060062111,1198.144725305057,1195.9422869905945,1198.0672545403474,1195.6592253482363,1198.4957882492151,1198.6998092245212,1194.9488566657367,1195.149139965716,1195.567440341051,1202.6850262349958,1205.1692194944228,1206.9311560764968,1208.9540723999721,1214.6767320244123,1218.1043105837816,1227.0898651285788,1231.2565192049549,1237.5079075651524,1248.4143889639972,1255.5050413776264,1267.654180570778,1266.153974949343,1272.3719886116826,1266.2610336117225,1255.9379351386362,1228.931687045702,1212.7682607063623,1221.2253616874236,1235.4320689439348,1236.8696200161705,1232.104596366232,1235.3956987387326,1247.863778693228,1268.6379849050413,1280.718662756742,1291.9270396301902,1301.4027947217771,1333.9086673730765,1361.8644952154143,1395.0163813663667,1418.24351666722,1453.301247028753,1472.379900665661,1501.996673188435,1509.4087079721926,1510.9916009151018,1501.2156282325939,1512.8218253934813,1543.872280699907,1573.8865308926804,1597.9323406010058,1600.1549590080328,1601.3423985236025,1594.7518479056898,1593.7022548203665,1573.120420870701,1575.5843850003657,1584.3779428513162,1602.9356171132267,1606.9585257468264,1598.5780628493937,1584.1234900948684,1559.2738347051022,1546.0055397037045,1543.9402938276403,1544.86386689178,1552.1384549528852,1565.1053098736418,1561.9425822005496,1559.856046678072,1552.9535145320099,1544.8309048685703,1537.1471804342802,1523.0689552803574,1537.9492118496187,1540.749147233817,1532.9862665857004,1532.1845589899335,1530.9847269834781,1534.31384814457,1523.4695339389752,1516.1185271222923,1524.4088604933474,1533.6896714353127,1533.5498064423782,1531.2878564555492,1530.9892149010557,1536.770160128439,1534.8800222024415,1533.6793602206571,1529.032125683322,1521.629853561408,1528.4806822458938,1531.304558819152,1522.8339806504493,1516.2464038451149,1518.0815652614353,1525.5344290860608,1519.996129346296,1513.803880557906,1515.9147151553607
70411,6570,29334,zip,SC,SC,Duncan,"Spartanburg, SC",Spartanburg County,,,,,,,,,,,,,,,,,,,,,,,,,,,,,,,,,,,,,,,,,,,,,,,,,,,,,,,,,,,,,,,,,,,,,,,,,,,,,,,,,,,,,,,,,,,,,,,,,,,,,,,,,,,,1653.1483966587596,1673.1540232760497,1666.9807757482827,1655.760471313855,1656.5938182421996,1668.1693863519602,1720.9181382792653,1711.985624432166,1712.9531894734025,1689.5599430774962,1694.7192934133175,1693.6885553176767,1706.5415244566527,1714.5379676927437,1718.8301336065101,1723.7434431536662,1734.561060310337,1757.5549418969638,1735.5929639240358,1724.7980188160109,1713.5259606881868,1734.6556688471026,1737.3852581697627,1730.6179620202622,1726.8592777844456,1725.7337509865208,1733.2920321711044,1745.2086876366366,1749.1419880660349,1744.2938296630527,1758.803397774956,1786.2633149634319,1821.3333333333333
70613,6583,29631,zip,SC,SC,Clemson,"Greenville-Anderson, SC",Pickens County,,,,,,,,,,,,,,,,,,,,,,,,,,,,,,,,,,,,,,,,,,,,,,,,,,,,,,,,,,,,,,,,,,,,,,,,,,,,,,,,,,,,,,,,,,,,,,,,,,,,,,,,,,,,,,,,,,,,,,,1239.4546830377874,1255.1196164207358,1210.443484315657,1200.1284049010449,1200.8732088632653,1213.1762566771727,1198.8756113509148,1196.541131819435,,1237.5937708839288,1239.7967287747776,1199.081417971346,1155.7225002870885,1171.1307411998962,1226.9275581950608,1261.4792714060125,1280.9545402470385,1298.7516157280618,1316.5878742751697,1343.6998026387212,1359.169330889396,1411.388888888889
69311,6585,27344,zip,NC,NC,Siler City,"Durham-Chapel Hill, NC",Chatham County,,,,,,,,,,,,,,,,,,,,,,,,,,,,,,,,,,,,,,,,,,,,,,,,,,,,,,,,,,,,,,,,,,,,,,,,,,,,,,,,,,,,,,,,,,,,,,,,,,,,,,,,,,,,,,,,,,,,,,,,,,,,,,,,,,,,,,,,,,,,1366.6666666666665
69273,6593,27282,zip,NC,NC,Jamestown,"Greensboro-High Point, NC",Guilford County,,,,,,,,,,,,,,,,,,,,,,,,,,,,,,,,,,,,,,,,,,,,,,,,,,,,,,,,,,,,,,,,,,,,,,,,,,,,,,,,,,,,,,,,,,,,,,,,,,,,,,,,,,,,,,,,,,,,,,,,,,,,,,,,,,,,,1877.3132078075143,1920.1210374651932,1924.6673750752152,1937.8068436540082,1905.7978099278528,1934.8259504694408,1960.6093049543776,2009.75
69756,6601,28164,zip,NC,NC,Stanley,"Charlotte-Concord-Gastonia, NC-SC",Gaston County,,,,,,,,,,,,,,,,,,,,,,,,,,,,,,,,,,,,,,,,,,,,,,,,,,,,,,,,,,,,,,,,,,,,,,,,,,,,,,,,,,,,,,,,,,,,,,,,,,,,,,,,,,,,,,,,,,,,,,,,,,,,,,,,,,,,,,,,,,2008.3380856281428,1996.7210701556198,2025.6666666666667
69676,6610,28034,zip,NC,NC,Dallas,"Charlotte-Concord-Gastonia, NC-SC",Gaston County,,,,,,,,,,,,,,,,,,,,,,,,,,,,,,,,,,,,,,,,,,,,,,,,,,,,,,,,,,,,,,,,,,,,,,,,,,,,,,,,,,,,,,,,,,,1700.678469012515,1722.6366752250685,1758.5929800150716,1762.7727946917782,1791.4981508791195,1775.0034886619526,1733.5720741063767,1743.2568897135575,1762.826169240095,1791.1058365277993,1772.8622433662924,1748.0521075527436,1749.3688863636773,1761.4715645815788,1794.868223898275,1809.7820099450369,1768.7116950742968,1765.2995602646374,1783.6899211649832,1825.1768429770907,1838.1175141722288,1857.2598970369527,1881.3870275477245,1858.8548568082424,1833.047830790795,1831.2177565302177,1870.51841226996,1882.5563817405573,1887.2348281395475,1906.9505931584886,1968.2416080772466,2009.5939761617199,2006.8897972558855,1920.9392720899543,1903.8644634502189,1927.152884658969,1978.533241186162,1987.0593277711641,1943.869976191833,1939.2369352428473,1963.2916246573197,1966.4671146508147,1931.1251963763473,1892.168352071048,1898.097528556889,1958.294627586582,1977.4785944153077,1989.5132773093096,1975.7675860373308,1981.6666666666667
69377,6621,27518,zip,NC,NC,Cary,"Raleigh-Cary, NC",Wake County,,,,,,,,,,,,,,,,,,,,,,,,,,,,,,,,,,,,,,,,,,,,,,,,,,,,,,,,,,,,,,,,,,,,,,,,,,,,,1288.4416956333655,1340.743291954672,1362.459425527867,1405.2993994442706,1431.749713593991,1458.6782432514237,1472.0497085614372,1507.202613753627,1514.7366432374122,1539.1250608682724,1525.3697148307301,1534.9091307397507,1542.2396752716713,1552.196585444773,1568.0911995082392,1571.1936939433397,1581.7849970309815,1569.6291589317282,1580.1414317400347,1567.2964609925896,1587.84695904155,1584.4134983303031,1606.8316643649798,1582.6582433841656,1567.8997231280364,1548.720884578197,1555.43355283524,1545.8133892389706,1532.9658984890928,1542.8439305388595,1547.754262176424,1548.918130351669,1534.5192950832966,1535.7055893562695,1543.9574863861737,1555.619336635335,1565.176392839754,1561.3722338081943,1546.7066729611245,1543.782930701009,1550.3462931135239,1555.0971649877101,1559.7915940883408,1559.30703015423,1552.0145265882636,1541.0475116693035,1537.602083526594,1550.5345646966782,1557.0493692110028,1550.4679342448203,1548.1161550228885,1547.1779037025099,1544.9395643928972,1537.6825765677947,1529.3748715356944,1530.6986657745265,1539.4010094851221,1548.0840112614358,1544.5677641428947,1535.6899971722562,1531.5236324070124,1544.5139842619355,1554.9298602456126,1563.1291666666666
70391,6771,29302,zip,SC,SC,Spartanburg,"Spartanburg, SC",Spartanburg County,,,,,,,,,,,,,,,,,,,,,,,,,,,,,,,,,,,,,,,,,,,,,,,,,,,,,,,,,,,,,,,,,,,,,,,,,,,,,,,,,,,,,,,,,,,,,,,,,,,,,,,,,,,,,1433.0986270820003,1436.6331083088855,1474.7209924991685,1478.079484139343,1481.7173259635815,1486.9093195672133,1480.8108275892391,1478.8025749232343,1465.9567172038035,1482.1670521113142,1497.192253167013,1523.7488909450249,1518.908141911426,1508.4353521446358,1508.1480904827426,1505.4898754854712,1518.5424311841261,1510.432901708892,1525.8928301467956,1547.8524163062411,1560.5666557540235,1567.478192494633,1555.7284704330991,1554.1111901732027,1552.5011491153537,1569.4884040894624,1560.5602938291256,1563.9676794575607,1555.2127613262319,1569.401473333018,1567.1437981288068,1554.4196174196175
70015,6788,28539,zip,NC,NC,Hubert,"Jacksonville, NC",Onslow County,,,,,,,,,,,,,,,,,,,,,,,,,,,,,,,,,,,,,,,,,,,,,,,,,,,,,,,,,,,,,,,,,,,,,,,,,,,,,,,,,,,,,,,,,,,,,1282.0919777813594,1294.4207493105225,1298.6490691190781,1297.1213164408507,1302.5494097183455,1307.1320700034628,1311.6482673016212,1319.8385949328,1338.6940208932622,1344.07059114877,1338.9885523873859,1328.7098305981467,1338.809700998368,1356.4668869426816,1353.5402969824245,1380.6596448330722,1383.4265245453307,1402.1759716020485,1401.9036803401682,1405.6952975786369,1407.7550918374507,1407.6206700324785,1408.3190597091302,1416.546418031286,1412.0740999055197,1422.6894745765308,1423.0863334320775,1434.813221359708,1438.0272915895448,1443.7952693374755,1450.9278376678367,1455.6895386998785,1459.575781473314,1469.634605953222,1472.824540076404,1472.8292805843146,1481.9518029099017,1474.465556133308,1487.018345840112,1476.7867064663872,1483.8393130785628,1480.885646767086,1486.969230631446,1491.8873244682147,1496.7450327292904,1499.6126939867986,1509.1190273651298,1517.4603174603174
69363,6840,27504,zip,NC,NC,Benson,"Raleigh-Cary, NC",Johnston County,,,,,,,,,,,,,,,,,,,,,,,,,,,,,,,,,,,,,,,,,,,,,,,,,,,,,,,,,,,,,,,,,,,,,,,,,,,,,,,,,,,,,,,,,,,,,,,,,,,,,,,,,,,,,,,,,,,,,,,,,,,,,,,,,,,,,,,1650.6899928963107,1660.3074971834117,1646.1012986200942,1666.5838451343625,1659.4780331692546,1650.4444444444443
70612,6875,29630,zip,SC,SC,Central,"Greenville-Anderson, SC",Pickens County,,,,,,,,,,,,,,,,,,,,,,,,,,,,,,,,,,,,,,,,,,,,,,,,,,,,,,,,,,,,,,,,,,,,,,,,,,,,,,,,,,,,,,,,,,,,,,,,,,,,,,,,,,,,,,,,,,,,,,,,,,,,,,,,,1204.7470172439405,1227.2717695553522,1215.4335079342077,1246.434378800698,1248.3969100424965,1262.664927495859,1248.875964097159,1247.6451928422396,1246.550235978156,1253.409034564501,1253.1212554954866,1261.8
70395,6909,29306,zip,SC,SC,Spartanburg,"Spartanburg, SC",Spartanburg County,,,,,,,,,,,,,,,,,,,,,,,,,,,,,,,,,,,,,,,,,,,,,,,,,,,,,,,,,,,,,,,,,,,,,,,,,,,,,,,,,,,,,,,,,,,,,,,,,,,,1057.6553184320624,1075.4185548584896,1075.2300369321638,1061.0250319560184,1049.3320251285777,1056.2601417138023,1055.2533172092903,1097.045012152794,1088.504623092281,1115.0483006249249,1098.2512118162967,1120.7958056778236,1109.0112006930162,1103.1462813415878,1091.729387059815,1112.8455575268617,1134.9061083896813,1157.04829675006,1168.085251940879,1152.4675606946307,1166.013431064228,1159.2610374059534,1168.6144682486806,1160.5610441165454,1174.4177307677253,1187.2802288838081,1189.7831308632049,1202.614638792299,1208.407070846075,1198.3390382727923,1201.3625250950445,1205.0010091334648,1210.9556212492782,1211.3650181530156,1220.7176147656712,1221.337097150121,1222.130151631649,1219.349016367065,1229.3923633606144,1217.13076682675,1208.0092592592594
69900,7032,28374,zip,NC,NC,Pinehurst,"Pinehurst-Southern Pines, NC",Moore County,,,,,,,,,,,,,,,,,,,,,,,,,,,,,,,,,,,,,,,,,,,,,,,,,,,,,,,,,,,,,,,,,,,,,,,,,,,,,,,,,,,,,,,,,,,,,,,,,,,,,,,,,,,,,1975.7060167960808,1969.6514396154835,1977.1150510169296,1991.5880963586353,2005.700566463777,2016.8681232691283,2023.410688539838,2019.122709913328,2016.7866136908003,1999.460407424451,2002.017948576888,1991.9361513096055,1998.7585368070888,2003.039306140008,2024.2726582359928,2042.1048988920902,2051.285914879107,2044.0870051564114,2049.611829378489,2049.0262858950996,2063.589488299044,2069.623106675241,2071.1337628272718,2087.396218714606,2087.631369698737,2092.2913678054083,2078.491925488495,2068.950336996264,2066.9546648118194,2068.018620863009,2068.2473979473784,2071.414141414142
69339,7059,27409,zip,NC,NC,Greensboro,"Greensboro-High Point, NC",Guilford County,,,,,,,,,,,,,,,,,,,,,,,,,,,,,,,,,,,,,,,,,,,,,,,,,,,,,,,,,,,,,,,,,,,,,,,,,,,,,,,,,,,,,1219.7321977392357,1250.939985952557,1241.9200918306328,1230.7082375546404,1236.4332275465267,1257.7986247692575,1264.1394915784906,1271.2426027186884,1252.0473669117391,1269.9284955388919,1275.7902107778523,1288.872956510104,1283.2653519714547,1288.1728589727647,1304.769397764326,1318.3078099956285,1317.7563547237557,1309.100133552055,1313.6621448183018,1316.545320876624,1327.71929362758,1337.022468199671,1350.5608318317957,1338.214593053083,1328.2234585459491,1333.2085272687766,1352.4583897049904,1356.63929206231,1349.637774662611,1349.4690017236894,1349.8254879616707,1351.8742162027243,1368.1698239030447,1373.2374590337472,1384.253829664688,1381.7990529043377,1396.8214869037295,1389.6948500626715,1378.4509495232699,1371.654255846714,1379.7501575166316,1393.913776267689,1405.0162558401432,1401.5146054646912,1393.9044047879022,1388.9284702402902,1379.5581874810634,1389.812850803081,1389.5735280616937,1397.2686365555674,1399.8644229401596,1407.1370826491548,1410.3346151920343,1406.331222989543,1402.1647573829316,1408.5128205128203
70219,7065,28779,zip,NC,NC,Sylva,"Cullowhee, NC",Jackson County,,,,,,,,,,,,,,,,,,,,,,,,,,,,,,,,,,,,,,,,,,,,,,,,,,,,,,,,,,,,,,,,,,,,,,,,,,,,,,,,,,,,,,,,,,,,,,,,,,,,,,,,,,,,,,,,,,,,,,,,,,,,,,,,,,,,,,,,,,,,1525.0
70359,7091,29204,zip,SC,SC,Columbia,"Columbia, SC",Richland County,,,,,,,,,,,,,,,,,,,,,,,,,,,,,,,,,,,,,,,,,,,,,,,,,,,,,,,,,,,,,,,,,,,,,,,,,,,,,,,,,,,,,,,1091.3816858792943,1095.971713912291,1111.3763952186496,1129.960393700128,1133.1132234634147,1145.2372505350313,1141.879264557765,1163.9667924557991,1189.725530892294,1195.270231470773,1189.4534718058403,1177.6849323144008,1192.1902691821692,1203.4314049619354,1216.9614236092211,1225.9723494868683,1237.8620163446062,1234.6634049580348,1261.2347090199107,1272.238439871208,1281.802740972606,1288.4215468016505,1296.0999089289198,1308.6495976261199,1311.5798055214243,1311.1570283700623,1317.7404727311466,1322.4778996292239,1337.1508540781967,1319.6079189665547,1331.5815332720676,1315.9049956316294,1329.3845145660734,1316.212311648264,1330.4189370303975,1343.3017180395998,1366.0814262579365,1403.0741777021963,1429.0972432617973,1413.7138402680375,1406.717576243674,1403.2259397273706,1396.5202002460624,1414.574426009894,1409.5288354422285,1430.605712440478,1431.3349478543148,1432.2478099133145,1425.2078011363926,1409.7953333124237,1399.4211143561868,1421.800386706232,1433.694305260624,1462.2175925925928
69338,7102,27408,zip,NC,NC,Greensboro,"Greensboro-High Point, NC",Guilford County,,,,,,,,,,,,,,,,,,,,,,,,,,,,,,,,,,,,,,,,,,,,,,,,,,,,,,,,,,,,,,,,908.833819165088,916.4550973329517,918.1850704663091,925.3908998177353,928.0286463670487,942.6978041608484,964.5035840019814,971.3470618852961,974.2538284542558,971.821506198964,979.2756524856138,980.8495243779242,994.4326275039655,1003.794411182407,1003.8919354015759,,1031.036722752074,1073.9772484929892,1104.0090477061003,1125.7336024242186,1124.131614957533,1152.9435071821683,1169.7225122686268,1202.4598189940518,1203.1305273515138,1218.6969441700815,1245.4447349579023,1262.534804966689,1268.1813339590958,1235.6273560682769,1207.5763174683595,1202.5194902951232,1232.9426911868984,1251.8468831574576,1264.9601779158743,1263.2162336932338,1267.8463355572576,1268.4864094802595,1265.2362620610259,1272.993341776492,1282.4671068318821,1292.013058454676,1292.1724691120223,1291.2202002488154,1297.0876842000603,1294.3454888876263,1303.4441337150786,1301.0794428689999,1312.2193995703528,1312.1710630889645,1317.8096422562312,1325.1862021767547,1332.021285114184,1337.4712518485564,1338.7429372944305,1341.3611805869116,1334.4098098799877,1333.9034771934623,1321.4533416464994,1328.2012759095821,1345.2685652779876,1362.0655630071956,1367.587146747385,1360.904991832373,1346.3751231248962,1353.258665219196,1367.2082537612005,1376.1057091889757,1382.1564936675727,1389.289868267607,1401.7188715949624,1407.6533538981876,1398.6799624726132,1396.4956421600689,1401.298619694835,1413.2408678392214,1432.125
69318,7136,27358,zip,NC,NC,Summerfield,"Greensboro-High Point, NC",Guilford County,,,,,,,,,,,,,,,,,,,,,,,,,,,,,,,,,,,,,,,,,,,,,,,,,,,,,,,,,,,,,,,,,,,,,,,,,,,,,,,,,,,,,,,,,,,,,,,,,,,,,,,,,,,,,,,,,,,,,,,,,,,,,,,,,,,,,,,,,,,,2412.5
69985,7163,28501,zip,NC,NC,Kinston,"Kinston, NC",Lenoir County,,,,,,,,,,,,,,,,,,,,,,,,,,,,,,,,,,,,,,,,,,,,,,,,,,,,,,,,,,,,,,,,,,,,,,,,,,,,,,,,,,,,,,,,,,,,,,,,,,,,,,,,,,,,,,,,,,,,,,,,,,,,,,,,,,,,,,,,,,1045.6713124031064,,1012.5
70160,7261,28716,zip,NC,NC,Canton,"Asheville, NC",Haywood County,,,,,,,,,,,,,,,,,,,,,,,,,,,,,,,,,,,,,,,,,,,,,,,,,,,,,,,,,,,,,,,,,,,,,,,,,,,,,,,,,,,,,,,,,,,,,,,,,,,,,,,,,,,,,,,,,,,,,,,,,,,,,,,,,,,,,,,,,1609.9056396731935,1590.3307172924406,1596.9973751781813,1600.0
69837,7268,28301,zip,NC,NC,Fayetteville,"Fayetteville, NC",Cumberland County,,,,,,,,,,,,,,,,,,,,,,,,,,,,,,,,,,,,,,,,,,,,,,,,,,,,,,,,,,,,,,,,,,,,,,,,,,,,,,,,,,,,,,,,1154.9017548763,1174.4562883402668,1189.81411744531,1198.085052340657,1199.5599840975733,1194.4365554083033,1196.0651885880584,1209.2025589850678,1214.4132273226742,1207.988726023351,1214.896860861073,1226.2373936160743,1238.6567519841876,1239.5613134159119,1234.2520370745888,1226.7645928182033,1213.7575603743894,1212.0645289186411,1219.9884694377868,1235.3125547982804,1239.9521514216383,1254.7171255929618,1268.0444625390421,1282.3885915219737,1281.5746976242897,1272.3822656059256,1267.291740310668,1281.2537510933596,1308.1161269447573,1312.905031880889,1307.592753301165,1293.6680868672174,1308.1981280621874,1323.4838174063873,1338.3462144295067,1333.6480630616743,1337.78258115192,1342.4884022374483,1351.6181980713748,1365.2379708232752,1365.8844100441936,1377.4361084273564,1390.7478960176334,1403.7037267206765,1401.1352254445053,1395.2159918020568,1388.733730613491,1394.9209948709156,1401.616728987884,1413.901540530169,1421.6214767054396,1416.028018571575,1414.6851851851852
69668,7318,28023,zip,NC,NC,China Grove,"Charlotte-Concord-Gastonia, NC-SC",Rowan County,,,,,,,,,,,,,,,,,,,,,,,,,,,,,,,,,,,,,,,,,,,,,,,,,,,,,,,,,,,,,,,,,,,,,,,,,,,,,,,,,,,,,,,,,,,,,,,,,,,,,,,,,,,,,,,,,,,,,,,,,,,,,,,,,1424.3638174620994,1411.7173072038327,1441.2861646722388,1454.9698309881312,1452.8325436405344,1415.9540026363093,1400.6432106979887,1430.9209919339628,1466.8113410199953,1506.2214323348417,1537.475416449548,1561.3333333333333
70574,7325,29585,zip,SC,SC,Pawleys Island,"Georgetown, SC",Georgetown County,,,,,,,,,,,,,,,,,,,,,,,,,,,,,,,,,,,,,,,,,,,,,,,,,,,,,,,,,,,,,,,,,,,,,,,,,,,,,,,,,,,,,,,,,,,,,,,,,,,,,,,,,,,,,,,,,,,,,,,,,,,,,,,,,,,,,,,,,,,1827.7907703634557,1913.0
70429,7336,29369,zip,SC,SC,Moore,"Spartanburg, SC",Spartanburg County,,,,,,,,,,,,,,,,,,,,,,,,,,,,,,,,,,,,,,,,,,,,,,,,,,,,,,,,,,,,,,,,,,,,,,,,,,,,,,,,,,,,,,,,,,,,,,,,,,,,,,,,,,,,,,,,,,,,,,,1643.352708011722,1626.5373818345793,1616.893652717314,1601.655418918607,1603.6741451177843,1635.5472482799082,1655.7918201362459,1660.784298328898,1640.0273851211648,1629.308545783738,1615.5428770077497,1626.4117574950499,1625.3447202574803,1642.36639525044,1635.8375418122512,1637.9284072005626,1627.072646075554,1612.046784365699,1609.6954766838874,1620.1629199781296,1630.819528234555,1642.5
69766,7356,28203,zip,NC,NC,Charlotte,"Charlotte-Concord-Gastonia, NC-SC",Mecklenburg County,,,,,,,,,,,,1172.0290964807177,,1184.7388323305893,1183.1532926914547,1198.2697026247238,1141.3894428120882,1187.2230850539927,1215.7215918474592,1310.427816408823,1300.4870641294012,1310.536582828816,1335.4276304328048,1373.803109316131,1363.9353061539457,1360.0772001473144,1364.7421148986818,1402.3931218555895,1419.9511887024378,1412.6081119319529,1392.5836372617614,1381.1654617000136,1402.8619194097455,1415.8028341655388,1434.9088799166384,1417.18806465299,1465.7904767284888,1468.4838549872288,1491.8763607014346,1445.4694393596278,1455.6703917476866,1468.6446668812725,1488.2701710439883,1488.1916646278241,1478.6592708714602,1490.39179682442,1484.7146648998112,1511.9506910413086,1494.5865074276603,1500.0518291014525,1498.4261754556553,1529.4812542880245,1543.1453072702184,1542.7457521107222,1546.6681765941426,1547.40679171544,1561.1042599150303,1558.7328114477643,1563.6606366792682,1558.7673748444718,1565.16811510959,1575.2081236871804,1586.136161965719,1566.7088203818416,1549.506528582047,1516.612379444325,1513.4442308037883,1505.21984935894,1502.501211661525,1510.5288369606756,1519.8137383913067,1541.6448927419374,1548.5227990776332,1569.633276379674,1574.3014180998643,1599.5719288748821,1618.9926959213392,1659.9013364020454,1691.3111291392647,1739.3845950095795,1778.5884111109472,1816.3908526581267,1839.8365763270558,1857.6675291882234,1876.6133459583764,1900.8612450816195,1927.2400147655999,1955.5484937050585,1971.30574321952,1999.8977096663698,2018.509380935372,2028.5359869460708,2035.908847104276,2027.7327948628013,2040.408348696884,2034.0339941686805,2024.5534349223785,2001.0095705577223,2003.3126639200227,2021.7177799649794,2042.5405904326033,2035.5125004798665,2026.326059773683,2011.397240080456,1997.0570028159568,1989.2199316351127,1976.5376766324064,1988.945512837348,2004.1678572138146,2021.1480543988423,2022.1932504862004,1997.571674174027,1990.0247676689476,1972.7055952641292,1977.7301270754158,1970.1327563936597,1976.0293393684246,1970.2490244527567,1973.6931872619589,1976.5586935924086,1980.3454094294966,1993.6031773271206,1982.4736271567208,1983.2331894390068,1973.1358171569375,1993.0019353473756,1989.6547283058571,1997.0392562646168,1999.8039124367735,2011.622354657348,2015.5774432126082,2012.3897074238935,2008.1653867311122,1999.2899294784838,2012.021489797289,2025.5992519857157,2040.2535983807923,2042.2350887622727,2052.6826477135487,2062.9832453878594
69259,7456,27249,zip,NC,NC,Gibsonville,"Greensboro-High Point, NC",Guilford County,,,,,,,,,,,,,,,,,,,,,,,,,,,,,,,,,,,,,,,,,,,,,,,,,,,,,,,,,,,,,,,,,,,,,,,,,,,,,,,,,,,,,,,,,,,,,,,,,,,,,,,,,,,,,,,,,,,,,,,,,,,,,,,,,,,,,,,,,,,1328.2506372281282,1325.0
69912,7468,28387,zip,NC,NC,Southern Pines,"Pinehurst-Southern Pines, NC",Moore County,,,,,,,,,,,,,,,,,,,,,,,,,,,,,,,,,,,,,,,,,,,,,,,,,,,,,,,,,,,,,,,,,,,,,,,,,,,,,,,,,,,,,,1608.2524658303807,1632.9628888312427,1682.206349741096,1741.9165366597313,1743.7679675337047,1749.6861215391943,1724.0380159630145,1702.4904386144701,1682.8797304240288,1714.0438503785267,1723.5362025200482,1734.3050574936844,1738.046940203614,1777.1132819219627,1795.2591576337643,1790.9664065821719,1778.2301807981733,1777.1909412173795,1789.6903318601276,1796.8914572162387,1828.7445549366744,1824.535455465768,1831.3584798862628,1817.4244194726662,1830.4076195174553,1834.8718058863624,1846.7787970850495,1828.7537547882416,1835.8273447189686,1824.3564439123693,1856.0511435228423,1843.996978362291,1852.5188011557955,1830.2455776070287,1853.6464993309503,1854.6267306006716,1854.7129552072968,1847.8142237814895,1821.8737880816477,1840.3678982546712,1836.3518738366154,1851.3507252536544,1826.7861322814197,1839.2961406350153,1824.7870797912888,1839.825037319638,1819.2557138842096,1823.9887323659186,1817.9716148428724,1813.3208228575363,1822.873572706346,1816.8018966314844,1819.0794483712934,1812.5605769641168,1813.3313131313132
69765,7525,28202,zip,NC,NC,Charlotte,"Charlotte-Concord-Gastonia, NC-SC",Mecklenburg County,1344.6613509748297,1349.8257715086902,1329.4177338418906,1332.5944442657012,1353.546972292571,1381.5584263904336,1389.0951806062078,1407.5748681622497,1405.4498996179564,1403.683580871542,1375.643904448104,1391.271614929055,1395.0356374344356,1424.5966748279811,1447.5279960204064,1446.8679586715664,1433.3824294613928,1418.8752686842427,1427.4893891299175,1411.560286321885,1426.6346844448942,1451.6125873465942,1471.6229005177913,1462.3615408066048,1467.5814165734034,1468.091043995078,1483.4067020319228,1470.860463085114,1488.1875846960024,1483.4155464936289,1491.8902787317022,1492.4170620795,1482.777899488583,1488.6071204474517,1508.5849166459216,1527.4505725563924,1500.9191423088416,1494.426992405174,1493.1942863860172,1531.0132591724953,1545.3108061191465,1562.3256776325597,1561.702040489001,1575.1444013471446,1578.3181210717485,1576.0152569204067,1587.3764737774218,1611.0192511472426,1643.1841034373833,1638.5610732486768,1642.4235623127051,1632.2320916327922,1627.6533003028956,1631.524420635893,1637.3763220202575,1640.2473786151772,1649.5999043699321,1652.0159171845833,1637.1551535023673,1617.279153369739,1610.1174086904998,1619.543436921093,1666.87494015642,1638.4577559669524,1614.59851648644,1577.671968007069,1578.3384992664405,1559.6577672666062,1556.4230320358142,1556.8547838110248,1571.7054486759216,1567.130727090696,1553.8675933818413,1539.1063654583281,1566.5950732255405,1607.7290330235883,1654.101217560668,1686.7637995030877,1706.1398683912653,1752.3871854639128,1784.244980053625,1813.2111229898098,1814.8024311409897,1841.1640522632774,1866.4626397428774,1895.9373955485344,1892.7141061581353,1903.7340572225874,1925.1204644012853,1954.8447586811208,1989.679161405913,1984.7196739169976,1980.3578895126604,1971.2878089802198,1966.8870422738996,1962.4666738451365,1954.593045899364,1967.0583820754641,1972.5398584705222,1973.2920875658915,1957.6256885948344,1952.905370896927,1933.3574786509068,1932.7478744673483,1931.2688120317046,1942.8353252263219,1949.0432393471588,1947.5919021772036,1945.7597243598552,1932.8709283017204,1926.3720402224644,1913.9937923775187,1913.860771692686,1913.9755311340807,1912.7889660031722,1908.4256469329578,1897.2053588119834,1886.6189376753716,1883.1604994322083,1883.3888059912854,1897.8827539454123,1913.2708249471325,1929.3965127686888,1930.4577419392394,1925.4198839707112,1907.037450595895,1900.7086275555123,1895.7363961105107,1901.2679383839838,1901.7121700323373,1899.6247002564633,1897.883730277228,1886.4848097432662,1876.1661169386603,1865.3751415098336,1869.5261231466636,1875.9388372307433,1890.456406466944,1899.8944818070759,1908.090070600672
69177,7544,27021,zip,NC,NC,King,"Winston-Salem, NC",Stokes County,,,,,,,,,,,,,,,,,,,,,,,,,,,,,,,,,,,,,,,,,,,,,,,,,,,,,,,,,,,,,,,,,,,,,,,,,,,,,,,,,,,,,,,,,,,,,,,,,,,,,,,,,,,,,,,,,,,,,,,,,,,,,,,,,,,,,,,,,,,,1295.0
70747,7575,29860,zip,SC,SC,North Augusta,"Augusta-Richmond County, GA-SC",Edgefield County,,,,,,,,,,,,,,,,,,,,,,,,,,,,,,,,,,,,,,,,,,,,,,,,,,,,,,,,,,,,,,,,,,,,,,,,,,,,,,,,,,,,,,,,,,,,,,,,,,,,,,,,,,,,,,,,,,,,,,,,,,,,,,,,,,,,,,,1858.7215250872423,1868.337296622187,1878.55004448206,1898.0619903705465,1903.9198069318527,1913.6277777777777
69769,7629,28206,zip,NC,NC,Charlotte,"Charlotte-Concord-Gastonia, NC-SC",Mecklenburg County,,,,,,,,,,,,,,,,,,,,,,,,,,,,,,,,,,,,,,,,,,,,,,,,1133.197061651048,1143.261359265995,1125.4890767809432,1117.6564391355325,1112.666987111911,1151.2103841948242,1159.4690475762172,1175.06200193339,1186.979444009416,1213.964855265548,1239.1296457345966,1235.4953209170783,1245.6790234419182,1261.2220047928936,1289.9083656373236,1249.925681532243,1246.2943354513889,1239.0288977602472,1240.7235029371732,1238.2535505759115,1233.8630730996063,1232.7420423622502,1234.1006348941269,1237.318361731095,1239.059744875783,1248.4749119998007,1266.7870803175201,1282.9277801220144,1295.4216550463768,1306.5300017366087,1320.8235378416898,1335.0380519214673,1370.880939072893,1410.3405896689871,1443.5489460031974,1472.0311586301111,1486.8414773095894,1498.3643725600734,1509.7918772739995,1527.993557736431,1552.806534862311,1569.2973371231005,1584.6507547288618,1612.5886842065383,1602.3481041488735,1599.318896274379,1594.0814493225664,1612.2168971961703,1629.8085449444218,1635.71626985255,1629.8573279684786,1631.2748979711362,1621.785681024022,1626.2893480733649,1625.6850590306606,1617.6388113140079,1633.9871951156563,1626.402308042115,1632.6203061201293,1604.112341403014,1594.4195239104058,1585.412409785055,1589.7956023967176,1581.834787065202,1584.5417008187494,1591.5788756472791,1606.7583032646098,1615.6597656559404,1615.987188465734,1615.6432285232734,1615.6996602299353,1621.429123067257,1620.3698970795353,1619.3683461766493,1626.6323894479863,1635.3631733080615,1647.4169616130623,1634.0569227983297,1626.813479467296,1617.816619566411,1602.6336200518326,1606.1292402245822,1603.311059152482,1607.5235549257645,1608.3485295704202,1610.6427717742326,1602.2717036679155,1596.8698722733104,1585.7941513260992,1588.901235680404,1584.982021679931,1586.5262657384435,1593.221042363434
70774,7736,29928,zip,SC,SC,Hilton Head Island,"Hilton Head Island-Bluffton, SC",Beaufort County,,,,,,,,,,,,,,,,,,,,,,,,,,,,,,,,,,,,,,,,,,,,,,,,,,,,,,,,,,,,,,,,,,,,,,,,,,,,,,,,,,,,,,,,,,,,,,,,,,,,,,,,,,,,,,,2499.8472608549073,2482.081989833946,2422.3389552696467,2456.879906101243,2501.10815405613,2537.5925268492538,2603.040002564998,2591.3606846595076,2654.2828137108263,2586.446407530817,2608.9500669579884,2582.840997471006,2662.377682139989,2655.560197784872,2663.006180647833,2687.9083090854183,2701.54682089428,2710.8038110671173,2661.0196683197782,2693.652228370232,2692.8504207742358,2748.8726090660543,2754.7061669324603,2792.5369560029417,2790.8140509612713,2832.820276988578,2883.1015563524415,2874.183079975218,2869.341385011867,2862.5
70030,7760,28557,zip,NC,NC,Morehead City,"Morehead City, NC",Carteret County,,,,,,,,,,,,,,,,,,,,,,,,,,,,,,,,,,,,,,,,,,,,,,,,,,,,,,,,,,,,,,,,,,,,,,,,,,,,,,,,,,,,,,,,,,,,,,,,,,,,,,,,,,,,,,,,,,,,,,,1556.8225255832124,1598.2869023082726,1637.8292515432415,1701.8012945922662,1695.3396655551176,1707.554805984354,1697.7023711177048,1705.5274670310275,1692.8227369542574,1681.4086151790789,1690.6667164667426,1725.9383849861692,1735.5058675578002,1729.8599859797457,1713.1439610655407,1699.072712458697,1709.2157735356368,1708.9598580116833,1721.8295036251525,1720.855143558058,1736.2510445852645,1760.5555555555554
70339,7775,29153,zip,SC,SC,Sumter,"Sumter, SC",Sumter County,,,,,,,,,,,,,,,,,,,,,,,,,,,,,,,,,,,,,,,,,,,,,,,,,,,,,,,,,,,,,,,,,,,,,,,,,,,,,,,,,,,,,,,,,,,,,,,,,,,,,,,,,,,,,,,,,,,,,,,,,,,,,,,,,,,,,,,,,1819.1939276849434,1850.1800062781356,1835.8497597750315,1833.0
70781,7778,29936,zip,SC,SC,Ridgeland,"Hilton Head Island-Bluffton, SC",Jasper County,,,,,,,,,,,,,,,,,,,,,,,,,,,,,,,,,,,,,,,,,,,,,,,,,,,,,,,,,,,,,,,,,,,,,,,,,,,,,,,,,,,,,,,,,,,,,,,,,,,,,,,,,,,,,,,,,,,,,,,,,,,,,,,,,,1745.935162235211,,1557.2748701657224,,1620.536277330733,1680.878912436227,1665.5400002845981,,,1729.849287811785,1717.9444444444443
69740,7793,28134,zip,NC,NC,Pineville,"Charlotte-Concord-Gastonia, NC-SC",Mecklenburg County,,,,,,,,,,,,,,,,,,,,,,,,,,,,,,,,,,,,,,,,,,,,,,,,,,,,,,,,,,,,,,,,,,,,,,,,,,,,,,,,,,,,,,,,,,1993.8830906283297,2013.3035019671106,2021.8695018670592,2037.374921470003,2073.581122670872,2070.3990440957205,2164.2856252752163,2170.8507683860585,2234.6662567341764,2244.9639436472276,2257.8413095988153,2238.8663739904164,2195.5164365599135,2209.212032312189,2247.6608072990985,2240.7558067513914,2206.017259913559,2187.5921183060414,2199.132212493215,2255.036141701175,2277.0410432833246,2265.4118203685875,2262.778078420204,2277.1592189470825,2305.5841848215614,2302.3165282123437,2282.5967555692478,2282.597843996198,2292.7474301469706,2312.0198171201073,2327.1830101383866,2338.748726368382,2345.595789667905,2338.8479370570594,2367.1259271979907,2375.2559131370767,2386.9121718298425,2355.8862698694716,2373.5319496082516,2389.2241934138124,2403.571601174316,2412.060568095645,2388.4855926185082,2364.1212747054096,2348.201531815342,2368.505508554649,2358.187811918168,2360.7277120876215,2357.9025299475516,2389.55145111087,2386.9304843304844
70557,7886,29568,zip,SC,SC,Longs,"Myrtle Beach-Conway-North Myrtle Beach, SC-NC",Horry County,,,,,,,,,,,,,,,,,,,,,,,,,,,,,,,,,,,,,,,,,,,,,,,,,,,,,,,,,,,,,,,,,,,,,,,,,,,,,,,,,,,,,,,,,,,,,,,,,,,,,,,,,,,,,,,,,,,,,,,,,,,,,,1747.6523160018362,1711.980854971354,1708.7400007107965,1696.8289824820793,1725.9636576074206,1765.6225553567429,1800.9932753623914,1818.6201748305514,1794.4152882415628,1793.6011430833858,1802.3065767549367,1811.873492654422,1804.1472373918396,1824.1651960647787,1815.3
70230,7887,28791,zip,NC,NC,Hendersonville,"Asheville, NC",Henderson County,,,,,,,,,,,,,,,,,,,,,,,,,,,,,,,,,,,,,,,,,,,,,,,,,,,,,,,,,,,,,,,,,,,,,,,,,,,,,,,,,,,,,,,,,,,,,,,,,,,,,,,,,,,,,,,,,,,,,,,,,,,,,,,,,,,,,,,,,,,1728.464198629792,1725.0
69667,7950,28021,zip,NC,NC,Cherryville,"Charlotte-Concord-Gastonia, NC-SC",Gaston County,,,,,,,,,,,,,,,,,,,,,,,,,,,,,,,,,,,,,,,,,,,,,,,,,,,,,,,,,,,,,,,,,,,,,,,,,,,,,,,,,,,,,,,,,,,,,,,,,,,,,,,,,,,,,,,,,,,,,,,,,,,,,,,,,,,,,,,,,,,,1112.5
69322,7960,27370,zip,NC,NC,Trinity,"Greensboro-High Point, NC",Randolph County,,,,,,,,,,,,,,,,,,,,,,,,,,,,,,,,,,,,,,,,,,,,,,,,,,,,,,,,,,,,,,,,,,,,,,,,,,,,,,,,,,,,,,,,,,,,,,,,,,,,,,,,,,,,,,,,,,,,,,,,,,,,,,,,,,,,,,,,,,1808.455491938803,1784.0597123382684,1838.0
69850,8030,28315,zip,NC,NC,Aberdeen,"Pinehurst-Southern Pines, NC",Moore County,,,,,,,,,,,,,,,,,,,,,,,,,,,,,,,,,,,,,,,,,,,,,,,,,,,,,,,,,,,,,,,,,,,,,,,,,,,,,,,,,,,,,,,,,,,,,,,,,,,,,,,,,,,,,,,,,,,,,,,,,1647.874048023229,1654.8157152503777,1695.0750473845583,1679.3288445500184,1689.001101630625,1646.3524852754085,1654.5922865322802,1637.8880921226726,1652.1851861885282,1674.3123849952353,1706.7720909273032,1706.0409463191936,1672.4245322372637,1653.7354262152965,1635.5358965424798,1653.7304020348622,1667.600385727695,1706.513807394964,1712.690418844698,1726.2123015873015
70609,8157,29626,zip,SC,SC,Anderson,"Greenville-Anderson, SC",Anderson County,,,,,,,,,,,,,,,,,,,,,,,,,,,,,,,,,,,,,,,,,,,,,,,,,,,,,,,,,,,,,,,,,,,,,,,,,,,,,,,,,,,,,,,,,,,,,,,,,,,,,,,,,,,,,,,,,,,,,,,,,,,,,,,,,,,,,,,,,,,,1250.0
70586,8169,29601,zip,SC,SC,Greenville,"Greenville-Anderson, SC",Greenville County,,,,,,,,,,,,,,,,,,,,,1190.4255748564683,1205.3038226592835,1210.032156394281,1215.8903185512784,1227.4813139814985,1211.9272473840804,1214.6449287265084,1212.6049567694968,1217.770875041047,1215.8324253609064,1232.3535323991198,1252.3919290166245,1226.3386006983976,1222.4132274103204,1217.7308555766206,1236.9148233764056,1237.6389588584307,1248.057949188605,1277.3967900723605,1302.683393209884,1298.5770855096134,1296.9442292481267,1296.805468747487,1305.8775021680472,1300.5363708266627,1296.9925575546213,1302.7548503721546,1319.7268633477186,1321.9551962597413,1309.815143881675,1299.4855610899303,1287.4720000210539,1296.734281406627,1300.4691557711299,1306.0566750964224,1299.7165004305805,1324.9119438741197,1337.5665576988545,1345.5078233819852,1332.4216711528618,1340.0820639565736,1359.658655988,1373.1449788809073,1368.5558019810667,1347.9182592425216,1326.9079733897013,1301.8756314255932,1307.5010088436682,1311.5472971181448,1335.8460617802102,1340.0870815438386,1357.5523201687718,1376.3030830577225,1405.5223013914335,1433.4547811145253,1450.0100863694543,1465.533818773766,1491.5694426670957,1520.6986355923166,1545.939895718264,1552.4893921250496,1555.4077792071996,1542.510864035261,1540.7334642554924,1549.2792499954958,1553.0690575785786,1572.0787039495851,1586.389430352702,1628.6649304102866,1649.2877547105975,1693.3066653706737,1712.9767069326401,1714.0332518900002,1705.096221647582,1712.2600337169679,1734.883170782973,1714.9494884635308,1711.6556870743873,1690.0118923562547,1699.0780240872791,1671.6824779816618,1654.1396532103524,1627.074601293329,1621.336514417966,1650.6000199127952,1672.3045846983355,1695.3788413754753,1692.057853540368,1701.8861252767222,1681.3103769459724,1675.6327580009774,1669.4937109304713,1694.3133902729962,1714.555614963095,1719.5758656429123,1724.5979013766582,1711.162822451047,1718.8265954202316,1727.5526758639905,1745.0882887805965,1775.4222904205042,1790.3747156588304,1811.074796401943,1813.5727239954572,1800.267236395419,1777.205505880722,1772.7105907988016,1772.5267392928072,1772.5846359458112,1764.1799438202017,1753.147888524141,1746.3790713600158,1732.5533233326805,1742.7442448872316,1745.887314354883,1757.8988894068302,1773.9514419550412,1799.92267871916,1822.9075788587008,1840.9656162464987
70233,8197,28801,zip,NC,NC,Asheville,"Asheville, NC",Buncombe County,,,,,,,,,,,,,,,,,,,,,,,,,,,,,,,,,,,,,,,,,,,,,,,,1193.417258934123,1204.8641576414057,1224.6960079992166,1215.339179410651,1216.2665544992724,1234.8242943662474,1268.299915402588,1274.4870407442545,1266.3641421191346,1268.3589588722791,1270.6376966401142,1270.582409426875,1255.06828068819,1251.3950632295632,1249.3272335409001,1264.3676583091199,1258.845418830874,1254.4019625564144,1278.4764203877742,1291.3171054986926,1291.515684221896,1284.4746010306778,1295.6944115064948,1301.4408970838022,1328.2261715893849,1333.1570992755558,1344.4251791110703,1353.0605776272105,1371.4068653808488,1384.1916754097015,1397.611157187175,1419.0156501121214,1460.7566882847739,1473.4113086096647,1504.453279743994,1522.4779708457966,1558.7788522202522,1581.7693596694137,1597.5585653793382,1606.784235428847,1616.1984121774913,1633.0936671662416,1650.7125907189788,1661.3088149775251,1659.585440931684,1677.7432105347161,1671.9523359441018,1695.1425155590553,1683.8807791193378,1700.3690888838255,1692.0531272558,1702.4062169296365,1697.6653754896038,1709.4963631637356,1694.9416313472632,1698.0831480904683,1699.947300964314,1714.7259217816686,1733.7345335702182,1737.4985398660635,1731.0268890417415,1706.0839969449798,1703.9502245415074,1731.0562633221627,1758.6673747419636,1756.0919356029533,1754.6916438075507,1746.2766162505886,1762.9861980349801,1753.8112639503963,1754.811666746426,1725.4602385999221,1725.965826805555,1730.060274889603,1735.8188874026052,1720.335876105497,1695.6683388910199,1686.7555066031655,1693.722822074791,1714.145765124802,1710.7002508250928,1710.2346755267083,1704.0328737841326,1720.8582678029961,1726.0475472093465,1731.2629687881251,1729.131139426675,1725.2998290962214,1730.942022677278,1734.9867849940438,1730.8286407800201,1716.1180763129414,1708.4281210272056
69394,8230,27536,zip,NC,NC,Henderson,"Henderson, NC",Vance County,,,,,,,,,,,,,,,,,,,,,,,,,,,,,,,,,,,,,,,,,,,,,,,,,,,,,,,,,,,,,,,,,,,,,,,,,,,,,,,,,,,,,,,,,,,,,,,,,,,,,,,,,,,,,,,,,,,,,,,,,,,,,912.3449357893268,913.4051281876452,917.3470327861972,929.9816208823373,933.9271045556214,934.6906248063046,925.6151558619371,918.9166286132072,929.1576218478168,,961.2885573194005,956.4618931827506,967.733027502866,955.3000360490911,954.4569776814964,939.7222222222223
70607,8258,29624,zip,SC,SC,Anderson,"Greenville-Anderson, SC",Anderson County,,,,,,,,,,,,,,,,,,,,,,,,,,,,,,,,,,,,,,,,,,,,,,,,,,,,,,,,,,,,,,,,,,,,,,,,,,,,,,,,,,,,,,,,,,,,,,,,,,,,,,,,,,,,,,,,,,,,,,,,,,,,,,,,,,,,,,,,,1141.249305310507,1152.3804412107534,1173.9149858221256,1189.5555555555557
70773,8263,29927,zip,SC,SC,Hardeeville,"Hilton Head Island-Bluffton, SC",Jasper County,,,,,,,,,,,,,,,,,,,,,,,,,,,,,,,,,,,,,,,,,,,,,,,,,,,,,,,,,,,,,,,,,,,,,,,,,,,,,,,,,,,,,,,,,,,,,,,,,,,,,,,,,,,,,,,,,,,,,,1892.230519281704,1881.6805422906693,1852.6137356940837,1841.2947946752886,1826.7096053483842,1850.3257591488752,1855.6478173397863,1859.0732612813208,1883.0940800683902,1876.3803754585617,1852.4405887783607,1821.3745983531262,1826.092068271665,1814.6531533816735,1838.5534404135888,1822.8436928338658,1838.650304975049,1824.862194312361,1823.477222555415,1826.8584972790466,1820.4338136452154,1833.561558163595,1843.4047619047622
70751,8288,29902,zip,SC,SC,Beaufort,"Hilton Head Island-Bluffton, SC",Beaufort County,,,,,,,,,,,,,,,,,,,,,,,,,,,,,,,,,,,,,,,,,,,,,,,,,,,,,,,,,,,,,,,,,,,,,,,,,,,,,,,,,,,,,,,,,,,,,,,,,,,,,,,,,,1682.8469655979843,1673.1009827294085,1689.120740826679,1697.334975119339,1703.3753743145617,1718.917040393044,1722.476342364435,1744.4005956497572,1733.1662680974769,1738.7672455614197,1780.9270151218407,1770.3251318513805,1792.5923000528157,1792.0881967217476,1823.195806768736,1837.5331983580334,1791.2878026692904,1786.3736493076328,1764.040166844516,1780.4707534634238,1779.7435895762374,1793.3845433664019,1767.1628987615702,1772.7351255046892,1762.8958695666438,1759.018116000707,1738.543333248718,1721.402264854176,1746.9747683543512,1730.5153894765326,1744.804928336646,1724.573064435114,1735.0134996663553,1722.5744496606592,1720.0661375661375
70155,8291,28711,zip,NC,NC,Black Mountain,"Asheville, NC",Buncombe County,,,,,,,,,,,,,,,,,,,,,,,,,,,,,,,,,,,,,,,,,,,,,,,,,,,,,,,,,,,,,,,,,,,,,,,,,,,,,,,,,,,,,,,,,,,,,,,,,,,,,,,,,,,,,,,,,,,,,,,,,,,,,,,,,,,1733.035507970856,1764.5700057011913,1782.6910870189902,1766.1438422144658,1743.5665046013758,1734.7765566768107,1766.706084915731,1775.2925639933103,1789.3969479649886,1775.2777777777776
69757,8298,28166,zip,NC,NC,Troutman,"Charlotte-Concord-Gastonia, NC-SC",Iredell County,,,,,,,,,,,,,,,,,,,,,,,,,,,,,,,,,,,,,,,,,,,,,,,,,,,,,,,,,,,,,,,,,,,,,,,,,,,,,,,,,,,,,,,,,,,,,,,,,,,,,,1657.9942331602622,1658.183975542292,1675.1658854537861,1706.4825072924314,1719.4071378888684,1720.0060581932755,1720.534653118443,1766.5710020610861,1792.4171288146497,1823.738352172243,1799.5545907007615,1772.8501536431588,1730.8722822886173,1742.3191876159997,1775.6900328427507,1775.4005621558485,1784.2621064713614,1784.5620143428612,1798.6555861116458,1801.8842690845138,1803.0910230326915,1807.4658026852612,1805.5261713238035,1809.7279986015328,1807.6229507859296,1811.4603156392634,1796.7156266417553,1786.2008471285037,1790.4053971476965,1801.2953868311654,1802.4343208154155,1794.9078550887205,1805.871662015298,1812.3155388133441,1861.0662747696285,1905.8442152140472,1973.0655662440008,2004.7306440401221,2045.6000000000001
69662,8340,28016,zip,NC,NC,Bessemer City,"Charlotte-Concord-Gastonia, NC-SC",Gaston County,,,,,,,,,,,,,,,,,,,,,,,,,,,,,,,,,,,,,,,,,,,,,,,,,,,,,,,,,,,,,,,,,,,,,,,,,,,,,,,,,,,,,,,,,,,,,,,,,,,,,,,,,,,,,,,,,,,,,,,,,,,,,,,,,,,,,,1437.6657194336287,1424.5178928416517,1407.8227105351368,1424.1694221080527,,1432.8835252255137,1427.0555555555557
70218,8347,28778,zip,NC,NC,Swannanoa,"Asheville, NC",Buncombe County,,,,,,,,,,,,,,,,,,,,,,,,,,,,,,,,,,,,,,,,,,,,,,,,,,,,,,,,,,,,,,,,,,,,,,,,,,,,,,,,,,,,,,,,,,,,,,,,,,,,,,,,,,,,,,,,,,,,,,,,,,,,,,,,,,,,,,,1741.8987752267872,,1785.4376658357335,1830.6082208917476,1823.583978322055,1854.7222222222224
69970,8376,28460,zip,NC,NC,Sneads Ferry,"Jacksonville, NC",Onslow County,,,,,,,,,,,,,,,,,,,,,,,,,,,,,,,,,,,,,,,,,,,,,,,,,,,,,,,,,,,,,,,,,,,,,,,,,,,,,,,,,,,,,,,,,,,,,1685.158667381456,1730.7056788350126,1750.6135410646161,1766.239159628174,1771.6762469040461,1771.438541003867,1755.505618888691,1736.3106148870118,1736.2505894241083,1752.9989774100063,1783.6690116897794,1779.3742063379718,1773.9752745978287,1771.9679602369142,1795.7688685544438,1788.4614024989862,1786.527241093009,1781.8038716833785,1815.3392042283153,1816.2243018923486,1818.3705735389271,1805.301494586944,1814.6908353342212,1819.6834693670285,1812.1831337169617,1798.6024666144917,1798.7977942358427,1796.9472339326012,1807.2939265359719,1809.5235795184121,1802.7272487495766,1803.5926584374195,1805.8403207016836,1805.6602448859742,1810.0892592348116,1815.2388359192435,1829.753202269471,1843.2971496786856,1837.6330694190415,1850.1917282855331,1853.4498412180048,1867.4886840702577,1872.6857946432658,1888.3301155028184,1900.3992000449362,1918.093742443235,1921.9223349371825,1932.9052287581699
70756,8435,29907,zip,SC,SC,Beaufort,"Hilton Head Island-Bluffton, SC",Beaufort County,,,,,,,,,,,,,,,,,,,,,,,,,,,,,,,,,,,,,,,,,,,,,,,,,,,,,,,,,,,,,,,,,,,,,,,,,,,,,,,,,,,,,,,,,,,,,,,,,,,,,,,,,,,,,,,,,,,,,,2089.360399583216,2095.094266961308,2095.101759602281,2097.2808771450877,2087.1387539153143,2115.488244545776,2125.9194078876735,2134.9686094116264,2125.5660624925067,2135.8789223547683,2109.553220002425,2107.737797861446,2101.5566288645996,2116.973691312112,2129.148436131511,2136.9118532820034,2130.583608564974,2095.13563406234,2065.2651315395196,2097.59915710377,2169.785045378801,2216.681130838081,2238.4166666666665
70648,8515,29670,zip,SC,SC,Pendleton,"Greenville-Anderson, SC",Anderson County,,,,,,,,,,,,,,,,,,,,,,,,,,,,,,,,,,,,,,,,,,,,,,,,,,,,,,,,,,,,,,,,,,,,,,,,,,,,,,,,,,,,,,,,,,,,,,,,,,,,,,,,,,,,,,,,,,,,,,,,,,,,,,1493.9859589630519,1477.209844453533,1471.2727295107727,1459.6939613265308,1453.7889631936332,1473.8486876332224,1505.6281353166798,1514.3342279522724,1519.671381798228,1513.2317247527706,1528.71128078075,1556.3188478597353,1558.8674413824087,1541.1069693261109,1485.6000000000001
70049,8525,28584,zip,NC,NC,Peletier,"Morehead City, NC",Carteret County,,,,,,,,,,,,,,,,,,,,,,,,,,,,,,,,,,,,,,,,,,,,,,,,,,,,,,,,,,,,,,,,,,,,,,,,,,,,,,,,,,,,,,,,,,,,,,,,,,,,,,,,,,,,,,,,,,,,,,,,,,,,,,,,,,,,,1664.2289789556683,1711.3080883409318,1727.6283940540222,1766.1905569457758,1725.3956280568088,1732.1109784296511,1713.921517883117,1687.9166666666667
70725,8565,29829,zip,SC,SC,Graniteville,"Augusta-Richmond County, GA-SC",Aiken County,,,,,,,,,,,,,,,,,,,,,,,,,,,,,,,,,,,,,,,,,,,,,,,,,,,,,,,,,,,,,,,,,,,,,,,,,,,,,,,,,,,,,,,,,,,,,,,,,,,,,,,,,,,,,,,,,,,,,,,,,,,,,,,,,,,,,,,,,,1967.2538899343078,1971.2406438902547,1990.75
70355,8598,29180,zip,SC,SC,Winnsboro,"Columbia, SC",Fairfield County,,,,,,,,,,,,,,,,,,,,,,,,,,,,,,,,,,,,,,,,,,,,,,,,,,,,,,,,,,,,,,,,,,,,,,,,,,,,,,,,,,,,,,,,,,,,,,,,,,,,,,,,,,,,,,,,,,,,,,,,,,,,,,,,,,,,,,,,,,,1110.07589800096,1114.5
69977,8606,28467,zip,NC,NC,Carolina Shores,"Myrtle Beach-Conway-North Myrtle Beach, SC-NC",Brunswick County,,,,,,,,,,,,,,,,,,,,,,,,,,,,,,,,,,,,,,,,,,,,,,,,,,,,,,,,,,,,,,,,,,,,,,,,,,,,,,,,,,,,,,,,,,,,,,,,,,,,,,,,,,,,,,,,,,,,,,,,,,,,,,,,,,,,,1886.9432935628997,,1902.5565994854603,1891.6283516534472,1912.0013450104477,1919.0222211117457,1933.5957129945377,1935.1714285714286
69369,8616,27510,zip,NC,NC,Carrboro,"Durham-Chapel Hill, NC",Orange County,,,,,,,,,,,,,,,,,,,,,,,,,,,,,,,,,,,,,,,,,,,,,,,,,,,,,,,,,,,,,,,,,,,,,,,,,,,,,,,,,,,,,,,,,,,,,,,,,,,,,,,,,,,,,,1428.329301263557,1436.7316209367916,1449.0691818663502,1440.5761237337445,1443.022074924972,1431.2055646802753,1431.7868431663915,1425.7364972667428,1441.2823232482997,1428.5351669280526,1421.8274304728352,1440.3544245751577,1465.8673514975208,1494.0292565915888,1490.9190584624287,1485.053833339406,1502.2496802603243,1502.5179452717575,1509.8607276697928,1517.4519616445116,1511.9626315313292,1523.574953440002,1539.1216292251333,1534.9085249280813,1511.10407168467,1491.7376538424314,1489.9475383557613,1500.8922108584554,1488.8223372753287,1501.2834875785059,1502.0038295038296
70286,8687,29061,zip,SC,SC,Hopkins,"Columbia, SC",Richland County,,,,,,,,,,,,,,,,,,,,,,,,,,,,,,,,,,,,,,,,,,,,,,,,,,,,,,,,,,,,,,,,,,,,,,,,,,,,,,,,,,,,,,,,,,,,,,,,,,,,,,,,,,,,,,,,,,,,,,,,,,,,,,,,,,,,,1552.8587006221778,1573.8748272884418,1566.4700090148267,1583.5458715458142,1566.230444646213,1585.3298641607598,1611.0004058571353,1610.3333333333333
70427,8825,29365,zip,SC,SC,Lyman,"Spartanburg, SC",Spartanburg County,,,,,,,,,,,,,,,,,,,,,,,,,,,,,,,,,,,,,,,,,,,,,,,,,,,,,,,,,,,,,,,,,,,,,,,,,,,,,,,,,,,,,,,,,,,,,,,,,,,,,,,,,,,,,,,,,,,,,,,,,,,,,,,,,,,,1680.8625191440342,1681.3131612297714,1674.1116776773672,1686.214380364281,1676.6260880107252,1658.2158173310368,1630.193151164186,1636.898845943829,1645.5555555555557
70650,8950,29672,zip,SC,SC,Seneca,"Seneca, SC",Oconee County,,,,,,,,,,,,,,,,,,,,,,,,,,,,,,,,,,,,,,,,,,,,,,,,,,,,,,,,,,,,,,,,,,,,,,,,,,,,,,,,,,,,,,,,,,,,,,,,,,,,,,,,,,,,,,,,,,,,,,,,,,,,,,,,,,,,1451.4868308811726,1472.182342448095,1447.3572118254501,1446.0136551103808,1450.0040394628443,1475.8920300546413,1465.3307013121225,1471.6026237610695,1488.0555555555554
69625,8971,27948,zip,NC,NC,Kill Devil Hills,"Kill Devil Hills, NC",Dare County,,,,,,,,,,,,,,,,,,,,,,,,,,,,,,,,,,,,,,,,,,,,,,,,,,,,,,,,,,,,,,,,,,,,,,,,,,,,,,,,,,,,,,,,,,,,,,,,,,,,,,,,,,,,,,,,,,,,,,,,,,,,,,,,,,,,,,,,,,,2026.9852083635499,2112.5
70642,9065,29662,zip,SC,SC,Mauldin,"Greenville-Anderson, SC",Greenville County,,,,,,,,,,,,,,,,,,,,,,,,,,,,,,,,,,,,,,,,,,,,,,,,,,,,,,,,,,,,,,,,,,,,,,,,,,,,,,,,,1183.3870197907265,1207.1175140882474,1207.800749489984,1215.5057524306633,1199.704381088071,1206.6560982926335,1204.5481992866983,1236.1595540349438,1251.1406394048047,1261.4185487554414,1260.136094253686,1257.936949609923,1257.6594527564223,1242.3325017873526,1241.4837545854639,,1237.7851603213182,1240.2202685658306,1264.3148427059552,1266.6410254626562,1279.1260781901624,1261.63116457291,1271.957652279898,1255.3550923369894,1259.6105394154195,1267.046928427042,1281.8696082234023,1287.601540029545,1302.3814835302358,1311.2203612366277,1308.9842735713476,1307.7710385832524,1307.8162491356097,1315.3170949706291,1312.0396244322963,1315.2885171065882,1315.3176809039887,1318.3735188073854,1321.964050324733,1336.636661664962,1335.9681527640794,1328.768653596416,1323.1297162066394,1317.5497248695497,1319.0179606993897,1303.1278394713624,1301.1799692193335,1305.121228822583,1305.4796910741513,1305.5618612359813,1300.557725803223,1293.2764172340917,1294.0198276883532,1302.4564167381816,1312.3728756338928,1326.7750770700673,1335.5613988389946,1361.768856708058,1379.2418380288889,1396.541452991453
69186,9134,27040,zip,NC,NC,Pfafftown,"Winston-Salem, NC",Forsyth County,,,,,,,,,,,,,,,,,,,,,,,,,,,,,,,,,,,,,,,,,,,,,,,,,,,,,,,,,,,,,,,,,,,,,,,,,,,,,,,,,,,,,,,,,,,,,,,,,,,,,,,,,,,,,,,,,,,,,,,,,,,,,,,,,,,,,,,,,,,,2286.25
70503,9220,29472,zip,SC,SC,Ridgeville,"Charleston-North Charleston, SC",Dorchester County,,,,,,,,,,,,,,,,,,,,,,,,,,,,,,,,,,,,,,,,,,,,,,,,,,,,,,,,,,,,,,,,,,,,,,,,,,,,,,,,,,,,,,,,,,,,,,,,,,,,,,,,,,,,,,,,,,,,,,,,,,,,,,,,,,,,,,,,,1548.135150976382,1576.9631104254665,1640.15793966173,1664.1944444444443
70351,9299,29172,zip,SC,SC,Pine Ridge,"Columbia, SC",Lexington County,,,,,,,,,,,,,,,,,,,,,,,,,,,,,,,,,,,,,,,,,,,,,,,,,,,,,,,,,,,,,,,,,,,,,,,,,,,,,,,,,,,,,,,,,,,,,,,,,,,,,,,,,,,,,,,,,,,,,,,,,,,,,,,,,,,,,,,,,,,1569.741606519556,1613.1666666666665
70561,9365,29572,zip,SC,SC,Myrtle Beach,"Myrtle Beach-Conway-North Myrtle Beach, SC-NC",Horry County,,,,,,,,,,,,,,,,,,,,,,,,,,,,,,,,,,,,,,,,,,,,,,,,,,,,,,,,,,,,,,,,,,,,,,,,,,,,,,,,,,,,,,,,,,,,,,,,,,,,1541.4569402859706,1525.944811154639,1530.7415114802868,1472.5701596461695,1465.2399670616132,1415.723930362494,1428.9007860828845,1452.481561382121,1496.5136002544868,1555.0947928023286,1533.3698133640353,1490.7846869516045,1455.8664575587186,1450.5947910738455,1464.4323724433075,1437.9941962629082,1448.8236265277046,1449.008775115842,1477.0317966464481,1474.1252235435998,1450.3160836690388,1443.751233813974,1436.8453778892742,1457.112199130965,1447.1390515635494,1450.0336374288302,1435.0035931364694,1442.1195865727207,1442.7056415738155,1481.952198893159,1467.8725534564678,1459.495454814131,1451.8407054471645,1410.477321014653,1427.3653352889394,1435.6597210361335,1469.6410419240099,1478.4382768501346,1488.0038969716193,1516.7425701059408,1525.0261904761903
69448,9392,27608,zip,NC,NC,Raleigh,"Raleigh-Cary, NC",Wake County,,,,,,,,,,,,,,,,,,,,,,,,,,,,,,,,,,,,,,,,,,,,,,,,,,,,,,,,,,,,,,,1441.4591260844581,1454.15191370874,1455.345417556564,1476.9198527191377,1501.7812955905608,1504.1537518704542,1511.9718079454674,1505.7368182110138,1529.1392050131983,1558.9651018394964,1568.6326610576275,1559.0216489707143,1547.3394053467632,1545.7486461848482,1563.9548376636972,1578.2697295254525,1593.6943729508798,1641.7021710948413,1665.428997538159,1718.2995576788167,1726.0731320565812,1710.975407858297,1731.9857562693187,1781.6355130341883,1829.097323721578,1833.315193793713,1839.0549252169242,1863.3489478346207,1862.214870756139,1838.7871395922862,1837.8541126276605,1861.6518096433904,1873.0552649707479,1939.031020486772,1923.3493075623078,1904.8943568195455,1856.8260560290917,1900.5284739239441,1918.1480956081457,1937.8877199474362,1936.0017198690377,1958.8318678665228,1960.9362685958465,1946.2145336124627,1960.1532732656806,1923.5794829143442,1944.3110390283982,1972.6044160146869,2029.4243800708964,2011.6698972765348,1997.2951019806408,1980.450634110373,2010.6618855891127,2006.7308567158354,2001.7477645137894,1960.3458730418042,1956.2830305325624,1971.474141692947,2019.5788075317155,2024.7653398205832,2017.7947913995963,1998.506258948188,2000.2530383769808,1994.2895545232484,1985.5999986985657,1999.3516727694475,2010.434781210735,2050.5269625129986,2052.455364365519,2052.783224504918,2014.7672747408512,2006.5113626393513,2000.197337661716,2020.8631147793424,2029.9621214137228,2045.1010372285566,2044.543599865692,2038.265638844586
70175,9467,28731,zip,NC,NC,Flat Rock,"Asheville, NC",Henderson County,,,,,,,,,,,,,,,,,,,,,,,,,,,,,,,,,,,,,,,,,,,,,,,,,,,,,,,,,,,,,,,,,,,,,,,,,,,,,,,,,,,,,,,,,,,,,,,,,,,,,,,,,,,,,,,,,,,,,,,,,,,,,,,,,,,,,,,,,,,,1801.75
69996,9484,28516,zip,NC,NC,Beaufort,"Morehead City, NC",Carteret County,,,,,,,,,,,,,,,,,,,,,,,,,,,,,,,,,,,,,,,,,,,,,,,,,,,,,,,,,,,,,,,,,,,,,,,,,,,,,,,,,,,,,,,,,,,,,,,,,,,,,,,,,,,,,,,,,,,,,,,,,,,,,,,,,,,,,,,,,,,,2000.0
69720,9499,28107,zip,NC,NC,Midland,"Charlotte-Concord-Gastonia, NC-SC",Cabarrus County,,,,,,,,,,,,,,,,,,,,,,,,,,,,,,,,,,,,,,,,,,,,,,,,,,,,,,,,,,,,,,,,,,,,,,,,,,,,,,,,,,,,,,,,,,,,,,,,,,,,,,,,,,,,,,,,,,,,,,,,,,,,,,,,,,,,,,,,2071.0186891638036,2093.856508361269,2130.5542502956027,2200.2809058444914,2232.1666666666665
69980,9504,28470,zip,NC,NC,Shallotte,"Myrtle Beach-Conway-North Myrtle Beach, SC-NC",Brunswick County,,,,,,,,,,,,,,,,,,,,,,,,,,,,,,,,,,,,,,,,,,,,,,,,,,,,,,,,,,,,,,,,,,,,,,,,,,,,,,,,,,,,,,,,,,,,,,,,,,,,,,,,,,,,,,,,,,,,,,,,,,,,,,,,,,,,1664.191407703307,1664.0288294950258,1658.9176874770924,1686.002875555323,1688.4183397847182,1723.7707098127928,1724.886106719272,1743.2907551131555,1725.1666666666667
69956,9593,28445,zip,NC,NC,Holly Ridge,"Jacksonville, NC",Onslow County,,,,,,,,,,,,,,,,,,,,,,,,,,,,,,,,,,,,,,,,,,,,,,,,,,,,,,,,,,,,,,,,,,,,,,,,,,,,,,,,,,,,,,,,,,,1643.9924616563696,1681.2465346826912,,1668.3563518492258,1638.6839168142183,1652.721309857063,1691.587589639932,1707.218315123321,,1691.05681579971,1668.4259549637634,1656.96640193099,1646.9131294461297,1662.6603493900996,1689.8332034082675,1708.201857737184,1742.3336882128433,1727.2801480362423,1699.2106884285963,1680.1109432715189,1705.0918695016428,1733.153720553425,1740.437273213255,1736.5922188531245,1729.9271732600912,1728.2298516544663,1720.6682609536879,1708.143758237659,1702.5461647105717,1717.5688075637777,1729.3450128611323,1755.7067482258801,1763.9896593550018,1781.2382006873174,1799.8413203899208,1802.0017029295516,1796.8859829490239,1782.4578500918792,1787.4784582883726,1802.4942772987645,1809.2219841867516,1814.754722343111,1825.2080595575355,1825.0053821517636,1824.9031300820982,1815.653752070669,1820.7161325761333,1842.6228303234877,1871.8069994350305,1901.7175925925924
69190,9598,27045,zip,NC,NC,Rural Hall,"Winston-Salem, NC",Forsyth County,,,,,,,,,,,,,,,,,,,,,,,,,,,,,,,,,,,,,,,,,,,,,,,,,,,,,,,,,,,,,,,,,,,,,,,,,,,,,,,,,,,,,,,,,,,,,,,,,,,,,,,,,,,,,,,,,,,,,,,,,,,,,,,,,,,,,,,1602.252518343728,1612.4350997690876,1630.0202864338446,1630.6164404368421,1657.7881068079,1686.6666666666667
70265,9610,29033,zip,SC,SC,Cayce,"Columbia, SC",Lexington County,,,,,,,,,,,,,,,,,,,,,,,,,,,,,,,,,,,,,,,,,,,,,,,,,,,,,,,,,,,,,,,,,,,,,,,,,,,,,,,,,,,,,,,,,,,,,,,,,,,,,,,,,,,,,,,,,,,,,,1452.4331313959465,1493.6774765598518,1485.475666208802,,1497.538155222384,1512.9050178607845,1479.8816942243848,1508.768874078393,1491.8057172345648,1500.4464662347552,1502.899629296423,1509.5933901623227,1531.4677709123112,1531.2908652481042,1549.7163186803718,1521.195975360475,1512.0655622142874,1500.702730032399,1504.3218306303233,1486.0825331317794,1465.455686143261,1446.5314000027188,1413.1555555555558
69286,9708,27301,zip,NC,NC,Mc Leansville,"Greensboro-High Point, NC",Guilford County,,,,,,,,,,,,,,,,,,,,,,,,,,,,,,,,,,,,,,,,,,,,,,,,,,,,,,,,,,,,,,,,,,,,,,,,,,,,,,,,,,,,,,,,,,,,,,,,,,,,,,,,,,,,,,,,,,,,,,,,,,,,,,,,,,,,,,,,,,,,2357.5
70446,9764,29401,zip,SC,SC,Charleston,"Charleston-North Charleston, SC",Charleston County,,,,,,,,,,,,,,,,,,,,,,,,,,,,,,,,,,1781.627655907443,1808.9354711595035,1772.074613049268,1779.7232605381812,1771.1180693732788,1784.7598417267309,1794.422122220965,1789.8031250184356,1788.1856340722898,1779.7979928525954,1815.5727767696455,1856.4401152905536,1870.0209335329887,1909.1115252949046,1892.387527649968,1897.5605359007463,1863.6653631807703,1863.9352951428148,1865.1136132702259,1868.3479767942147,1870.3881326183316,1872.1763330949307,1854.9819254956644,1823.0747011967464,1851.5489423760691,1833.933794970897,1886.91638604484,1893.0637156034772,1944.0716308035226,1954.6239856579123,1946.839493233799,1946.950892283171,1932.3978625315324,1955.1873552030515,1986.6703959162908,1999.7317833366094,1996.758744790061,1981.4587496253246,2028.557501573388,2055.670443138771,2082.84042760367,2072.9568395207375,2093.2304596578474,2150.40834036535,2211.8023040679645,2233.4839364992104,2257.3401186822766,2264.1945297482216,2252.991249973287,2286.834430441117,2294.0352013730367,2368.7347094911715,2440.9832235200083,2512.4809815391495,2563.9938909533116,2532.918568933337,2578.3332730509915,2666.603743672693,2698.531052733177,2831.053165860856,2818.7905453186218,2919.0566768670897,2855.5202949716513,2895.533828100513,2835.036468834725,2895.8322379709402,2908.6460918119155,3024.51748744482,3001.346704362496,3008.1747383469256,3016.611576385977,2956.506135317027,3117.431959707903,3076.68196081919,3208.8380262274404,3137.914954701653,3193.308531103368,3202.9623740709717,3250.1148256411425,3305.274823296499,3346.878550403813,3342.064270128891,3360.576561843537,3398.750473415219,3385.8987148139436,3433.2744505441833,3420.059880400729,3435.317346347909,3461.1634919396515,3478.3785202702393,3522.542183783712,3479.286670138376,3483.608918405253,3473.3658654724036,3531.501605554864,3553.502848837171,3527.775285691858,3535.6953830376187,3536.040160004587,3592.559167770068,3597.0204191303255,3602.5339070116493,3578.748298993395,3596.2960345693323,3612.7349921944306,3654.1040113624763,3630.444444444444
69770,9892,28207,zip,NC,NC,Charlotte,"Charlotte-Concord-Gastonia, NC-SC",Mecklenburg County,,,,,,,,,,,,,,,,,,,,,,,,,,,,,,,,,,,,,,,,,,,,,,,,,,,,,,,,,,,,,,,,,,,,,,,,,,,,,,,,,,,,,,,,,,,,,1834.8579595350488,1840.8488133994451,1852.378959801999,1858.6281878696827,1890.6355755101179,1885.6914981015448,1883.366137838899,1870.4562035595834,1904.1123870195197,1914.8041973610902,1987.7105384637548,2004.5823428763858,2064.618434720254,2091.6999433838573,2095.246449347034,2099.423400561399,2035.242211882208,2052.8697518631325,2056.263789418421,2079.4855317893557,2098.4484306683785,2073.4403555696094,2046.7902483745493,2057.7630109901884,2069.1495537210135,2055.178256642036,2032.7016799310989,2056.8403225459424,2121.2239778049266,2141.2406298686637,2138.5413000560347,2143.1056381960702,2150.269244135818,2157.725944021176,2164.0399473394723,2184.056639929466,2171.9328537820343,2192.4303437392905,2230.0392463848066,2232.355256611355,2228.369348933523,2229.109694098713,2252.9701746042406,2264.110127371402,2265.66962667283,2292.983173569546,2311.01628298731,2311.4488095238094
69441,9940,27601,zip,NC,NC,Raleigh,"Raleigh-Cary, NC",Wake County,,,,,,,,,,,,,,,,,,,,,,,,,,,,,,,,,,,,,,,,,,,,,,,,,1463.6958144126293,1458.456868114538,1448.202858251679,1438.298113807184,1451.4008006366355,1454.9312830881925,1455.2740031456065,1445.6863369848031,1444.196378075482,1466.4095316381695,1486.9178488026773,1535.9031714001464,1540.1661472764433,1564.4427529609004,1531.3972807758919,1525.0273269864056,1492.3658744515647,1476.2763368903313,1452.3731463586053,1432.338411490722,1440.3128574097411,1448.9635516244277,1470.0224374713941,1461.5094374611513,1465.0409883808434,1448.852655430371,1467.3692669448653,1477.8225531186092,1533.3223247162,1567.9851808622832,1631.0521965058385,1658.5781933523876,1697.0070452925854,1724.3491718075697,1742.9869499775136,1758.7057326113847,1743.518497265842,1749.4187614217524,1762.468379377104,1785.8513284129888,1791.5012179303858,1780.4655331141048,1780.0462371283265,1769.6545804551895,1758.739231630376,1755.3215956871056,1765.653973806555,1774.8398447788145,1793.4831986895624,1821.7697750940654,1818.1991436189492,1809.8116064542382,1802.374937442088,1824.8327320590563,1820.9656853379022,1814.0202293593618,1805.950716648937,1788.177449577806,1774.762614234519,1747.735518404161,1763.7238058467042,1765.2390938979202,1775.0557886022543,1775.080122963294,1755.2564458908346,1743.5360201739693,1709.2070828174915,1736.414065497042,1726.3549579883993,1734.605381689895,1726.6981767646998,1737.068730203573,1725.425850015339,1711.6757909637538,1727.7237309327832,1738.340182128817,1752.410226091534,1754.7844152561165,1755.2255898028084,1730.0271227205033,1739.6977023698903,1738.2779232515402,1744.609288797174,1743.3755892011095,1738.2169181945312,1739.2084257192075,1719.7983134322083,1709.7731367130582,1706.6766904977926,1703.5148473830561,1716.4230936330964,1720.2604166666667
69763,10001,28174,zip,NC,NC,Wingate,"Charlotte-Concord-Gastonia, NC-SC",Union County,,,,,,,,,,,,,,,,,,,,,,,,,,,,,,,,,,,,,,,,,,,,,,,,,,,,,,,,,,,,,,,,,,,,,,,,,,,,,,,,,,,,,,,,,,,,,,,,,,,,,,,,,,,,,,,,,,,,,,,,,,,,,,,,,,,,,,,,,,,,2079.75
69767,10212,28204,zip,NC,NC,Charlotte,"Charlotte-Concord-Gastonia, NC-SC",Mecklenburg County,,,,,,,,,,,,,,,,,,,,,,,,,,,,,,,1364.430857705159,1375.9988898543368,1346.9380231026742,1337.6032694807266,1333.3003037170895,1348.0585249977887,1329.4847723215419,1331.6809257822902,1339.0406759816308,1343.7027154979276,1343.6034027533565,1355.0674108401174,1370.0429865800681,1372.5204157391652,1360.5368477825552,1366.5572897664563,1381.2283074611425,1401.3786517183528,1409.4785945583587,1413.1826603124193,1417.4097715700393,1422.1596425961507,1420.0750446550662,1407.542961205611,1400.6272380380663,1400.4817256195636,1422.1538950386287,1421.4063350620306,1408.859453041517,1386.42396791281,1385.0585516708175,1380.723952935516,1401.382269578995,1366.4197481563024,1346.367672312785,1322.3506023410987,1323.9990069689798,1323.9230893051251,1328.8356748021229,1317.406821308458,1322.89294874328,1332.753684910594,1350.1905528239147,1348.244523294472,1349.6203145007605,1380.1181070805026,1416.4327530171777,1452.827100635438,1467.1459704883666,1495.2353720422698,1516.352347559688,1562.4440932927296,1583.979412205069,1604.6897448288669,1606.8232459680398,1634.480515784299,1659.0582970158252,1695.9524621830512,1702.599919896724,1728.3168952817264,1757.1919940533992,1767.6162387423951,1763.626115339701,1744.943713699129,1744.7535893597483,1739.0237538189199,1747.753070080427,1745.8986651302553,1768.4136725897918,1745.8451594436374,1745.2996744045342,1720.013180324932,1715.663326378484,1714.8030003527108,1724.7151434262819,1731.9365048229,1726.0009023275693,1706.1055953529597,1694.3425976940357,1692.334902803408,1696.1688085590322,1707.2497224659226,1708.889279799414,1705.434163452335,1686.7514779379403,1680.3376420229083,1682.3686039360734,1680.993204836986,1678.5339184921766,1692.1012843542414,1710.8911630491195,1708.4240320359854,1691.001936043359,1676.557294604741,1679.1684812347526,1693.602518544027,1703.9051261424863,1701.793273783131,1694.9524105447247,1693.3554761812713,1695.4346723249778,1692.3096233414647,1679.2267465127343,1678.503097882515,1681.6497629450973,1687.129162265054,1680.6519448011638,1671.207878351279,1667.452913750339,1666.761471861472
70174,10215,28730,zip,NC,NC,Fairview,"Asheville, NC",Buncombe County,,,,,,,,,,,,,,,,,,,,,,,,,,,,,,,,,,,,,,,,,,,,,,,,,,,,,,,,,,,,,,,,,,,,,,,,,,,,,,,,,,,,,,,,,,,,,,,,,,,,,,,,,,,,,,,,,,,,,,,,,,,,,,,,,,,,,,,,,,,,3055.0
69328,10354,27377,zip,NC,NC,Whitsett,"Greensboro-High Point, NC",Guilford County,,,,,,,,,,,,,,,,,,,,,,,,,,,,,,,,,,,,,,,,,,,,,,,,,,,,,,,,,,,,,,,,,,,,,,,,,,,,,,,,,,,,,,,,,,,,,,,,,,,,,,,,,,,,,,,,,,,,,,,1732.1081042561627,1708.762267771776,1703.3049320712792,1718.6108237972403,1732.3669088536697,1727.49193397698,1724.6753871576502,1720.967439354226,1728.5961393998573,1722.8532187499711,1727.6790351525217,1741.1468700384398,1749.3799799592928,1773.0142924112233,1782.9494699554696,1789.396783886652,1792.913884002991,1801.4187073625098,1801.7189220528248,1810.6583483861045,1812.8927995873635,1833.148484848485
69975,10630,28465,zip,NC,NC,Oak Island,"Myrtle Beach-Conway-North Myrtle Beach, SC-NC",Brunswick County,,,,,,,,,,,,,,,,,,,,,,,,,,,,,,,,,,,,,,,,,,,,,,,,,,,,,,,,,,,,,,,,,,,,,,,,,,,,,,,,,,,,,,,,,,,,,,,,,,,,,,,,,,,,,,,,,,,,,,,,,,,,,,,,,,,,,,,,,,1894.7975355221809,1970.7980754427588,2077.777777777778
69942,10818,28429,zip,NC,NC,Castle Hayne,"Wilmington, NC",New Hanover County,,,,,,,,,,,,,,,,,,,,,,,,,,,,,,,,,,,,,,,,,,,,,,,,,,,,,,,,,,,,,,,,,,,,,,,,,,,,,,,,,,,,,,,,,,,,,,,,,,,,,,,,,,,,,,,,,,,,,,,,,,,,,,,,,,,,,,1754.0862537010826,1774.5744115961568,1758.2323962602381,1811.410460179445,1806.0050183773674,1839.694646417055,1823.9444444444443
69941,11593,28428,zip,NC,NC,Carolina Beach,"Wilmington, NC",New Hanover County,,,,,,,,,,,,,,,,,,,,,,,,,,,,,,,,,,,,,,,,,,,,,,,,,,,,,,,,,,,,,,,,,,,,,,,,,,,,,,,,,,,,,,,,,,,,,,,,,,,,,,,,,,,,,,,,,,,,,,,,,,,,,,2063.450070963653,2069.598155493728,2116.7486615479957,2180.2485374727294,2209.8601341013173,2233.4977066416764,2225.4786784633857,2217.3763530740466,,2181.6328115188358,2213.2215428736326,2262.176681855183,2264.9828936308895,2266.145273772753,2261.111111111111
70123,11671,28673,zip,NC,NC,Sherrills Ford,"Hickory-Lenoir-Morganton, NC",Catawba County,,,,,,,,,,,,,,,,,,,,,,,,,,,,,,,,,,,,,,,,,,,,,,,,,,,,,,,,,,,,,,,,,,,,,,,,,,,,,,,,,,,,,,,,,,,,,,,,,,,,,,,,,,,,,,,,,,,,,,,,,,,,,,,,,,,,1857.651272244515,,1880.7899412085894,1936.485359244052,2028.7267593519148,1994.033160930957,2000.5232827000161,2001.90217960646,2025.3333333333333
69918,11924,28394,zip,NC,NC,Vass,"Pinehurst-Southern Pines, NC",Moore County,,,,,,,,,,,,,,,,,,,,,,,,,,,,,,,,,,,,,,,,,,,,,,,,,,,,,,,,,,,,,,,,,,,,,,,,,,,,,,,,,,,,,,,,,,,,,,,,,,,,,,,,,,,,,,,,,,,,,,,,,,,,,,,,,,,,1950.740380683357,1901.6372834420968,1924.8522160370462,1922.6275987662812,1931.971881775059,1939.6476199757,1980.5005101268341,2032.9384171433771,2050.0
69445,12052,27605,zip,NC,NC,Raleigh,"Raleigh-Cary, NC",Wake County,,,,,,,,,,,,,,,,,,,,,,,,,,,,,,,,,,,,,,,,,,,,,,,,1363.5375290935801,1373.0656704586797,1377.6788891066612,1386.2127186092152,1395.6925828523001,1394.0626458725396,1399.2401463269846,1391.612855297171,1398.8555856344833,1410.5538932730606,1432.5485652021575,1450.9584173462185,1454.0884412453324,1459.7589404721953,1456.8795710573265,1457.650056029368,1441.2252265170025,1426.7035466601185,1406.6516340186581,1411.6173178172328,1419.2177573390857,1442.150471299442,1447.3427306747978,1456.5108132315065,1433.1657032172081,1420.1744373652946,1411.5595400641248,1430.2031266092827,1476.7701863853413,1505.5027980010375,1558.67919658103,1579.0825156082356,1612.0949579597873,1615.723061777646,1659.4220440799602,1670.559424739987,1713.7912771854826,1734.6670434968141,1787.972550338774,1806.9141369051636,1798.477420174899,1812.9441661333628,1818.4305830217745,1841.8404211643706,1815.6011474527288,1823.8575514916206,1808.3639305026743,1825.6417377743846,1819.0275306409042,1818.9287577526966,1798.9761998991303,1804.9303194877432,1814.3863672230589,1819.9255979112231,1824.5293201482946,1816.248628014786,1830.2451567067951,1815.4220745337452,1819.7674748474283,1832.0573907372313,1829.721839745155,1817.0506038456692,1784.477545400871,1780.942247014414,1785.6038248253803,1780.0535920656175,1757.4526029610463,1764.1885973108126,1780.2609403231793,1798.5771139619442,1776.7775936843955,1776.6114299988058,1788.4895928658132,1805.7749404767637,1806.2112829312387,1790.8158904011707,1791.699918907706,1804.8353226973343,1819.6550707446136,1809.5136368061753,1802.6222149025812,1794.427196040391,1810.4982200781476,1801.036958987682,1791.9572817640483,1782.2834858871488,1796.4436239558156,1804.7161312359015,1796.3150636730002,1782.7344670664907,1775.756528073645,1774.5703417951752,1763.1676286676286
70020,13263,28544,zip,NC,NC,Midway Park,"Jacksonville, NC",Onslow County,,,,,,,,,,,,,,,,,,,,,,,,,,,,,,,,,,,,,,,,,,,,,,,,,,,,,,,,,,,,,,,,,,,,,,,,,,,,,,,,,,,,,,,,,,,,,,,,,,,,,,,,,,,,,,,,,,,,,,,1308.6841534130428,1294.9895198868483,1302.2800232774198,1326.0587278211776,1354.7648383725302,1368.7112187037674,1352.1062739958654,1364.5309528013,1357.111487519435,1365.7675422712755,1359.9412270609394,1368.8422953993074,1355.017712859823,1383.8087830972718,1397.4416439310028,1401.8728854109438,1379.587596479178,1373.905926470356,1382.2092002380978,1376.7411531658659,,1388.1944444444443
69841,13393,28305,zip,NC,NC,Fayetteville,"Fayetteville, NC",Cumberland County,,,,,,,,,,,,,,,,,,,,,,,,,,,,,,,,,,,,,,,,,,,,,,,,,,,,,,,,,,,,,,,,,,,,,,,,,,,,,,,,,,,,,,,,,,,,,,,1114.444380644539,1124.2672009045984,,1122.257353180624,,,1157.7550508371137,1164.697627283916,1159.3383655250707,1173.9284133506592,1184.4594169404638,1208.303618712526,1195.2466607193473,1182.578292114224,,1208.0404759218181,1236.3971274703008,1241.2166338378831,1226.4575395776978,1253.7410254573733,1258.1488283160584,1286.7657400362787,1266.37325446191,1245.9386146165573,1290.1583576635867,1340.29017307193,1386.295638119785,1422.1663299346087,1392.6881013814477,1350.061121296278,1369.0014857907063,1391.3798064533912,1436.4540601511826,1408.6349686280073,1437.3157742362473,1465.2879418959071,1449.0475342199493,1431.1916670676148,1402.3052048633115,1393.6016965650804,1416.9792156406224,1462.0859895950844,1473.0168523600935,1456.046427626993,1435.8255470375955,1452.5833333333333
69978,13725,28468,zip,NC,NC,Sunset Beach,"Myrtle Beach-Conway-North Myrtle Beach, SC-NC",Brunswick County,,,,,,,,,,,,,,,,,,,,,,,,,,,,,,,,,,,,,,,,,,,,,,,,,,,,,,,,,,,,,,,,,,,,,,,,,,,,,,,,,,,,,,,,,,,,,,,,,,,,,,,,,,,,,,,,,,,,,,,,,,,,,,,,,,,,,,,,,,,1374.7008750451228,1389.625
70780,15022,29935,zip,SC,SC,Port Royal,"Hilton Head Island-Bluffton, SC",Beaufort County,,,,,,,,,,,,,,,,,,,,,,,,,,,,,,,,,,,,,,,,,,,,,,,,,,,,,,,,,,,,,,,,,,,,,,,,,,,,,,,,,,,,,,,,,,,,,,,,,,,,,,,,,,,,,,,,,,,,1337.418832279617,1351.0739283512282,1435.3247089241825,1502.2508559825178,1478.0661553028908,1453.6085587879443,1402.946226407783,1392.457086856295,1408.8957868438922,1397.016942068202,1418.1537019776358,1407.1818964935378,1426.0280107147964,1442.4230843033315,1434.8155762033837,1402.8904212920354,1407.694320502919,1449.33576028119,1506.0537574403827,1528.1696705998172,1552.7913122356626,1529.0475256603308,1510.9308652295526,1470.8086338318637,1493.5925925925924
69420,15056,27571,zip,NC,NC,Rolesville,"Raleigh-Cary, NC",Wake County,,,,,,,,,,,,,,,,,,,,,,,,,,,,,,,,,,,,,,,,,,,,,,,,,,,,,,,,,,,,,,,,,,,,,,,,,,,,,,,,,,,,,,,,,,,,,,,,,,,,,,,,,,,,,,,,,,,,,,,,,,,,,,,,,,,,,,,,2225.6758532397134,2239.214134690869,2278.284094429604,2370.1030438319817,2402.4166666666665
69993,16251,28512,zip,NC,NC,Harkers Island,"Morehead City, NC",Carteret County,,,,,,,,,,,,,,,,,,,,,,,,,,,,,,,,,,,,,,,,,,,,,,,,,,,,,,,,,,,,,,,,,,,,,,,,,,,,,,,,,,,,,,,,,,,,,,,,,,,,,,,,,,,,,,,,,,,,,,,,,,,,,,,,,,,,,,,,,,,1361.6101804960392,1500.0
69674,16274,28032,zip,NC,NC,Cramerton,"Charlotte-Concord-Gastonia, NC-SC",Gaston County,,,,,,,,,,,,,,,,,,,,,,,,,,,,,,,,,,,,,,,,,,,,,,,,,,,,,,,,,,,,,,,,,,,,,,,,,,,,,,,,,,,,,,,,,,,,,,,,,,,,,,,,,,,,,,,,,,,,,,,,,,,,,,,,,,,,,,,,,,,1920.8168772637778,1975.0
70132,20136,28682,zip,NC,NC,Terrell,"Hickory-Lenoir-Morganton, NC",Catawba County,,,,,,,,,,,,,,,,,,,,,,,,,,,,,,,,,,,,,,,,,,,,,,,,,,,,,,,,,,,,,,,,,,,,,,,,,,,,,,,,,,,,,,,,,,,,,,,,,,,,,,,,,,,,,,,,,,,,,,,,,,,,,,,,,,,,,,,,,,1759.915236059996,1709.467674572452,1693.8333333333333
69493,28750,27709,zip,NC,NC,Durham,"Durham-Chapel Hill, NC",Durham County,,,,,,,,,,,,,,,,,,,,,,,,,,,,,,,,,,,,,,,,,,,,,,,,,,,,,,,,,,,,,,,,,,,,,,,,,,,,,,,,,,,,,,,,,,,,,,,,,,,,,,,,,,,,,,,,,,,,,,,,,,,,,,,,,,,,,1674.6152027494563,,1663.85457598637,1651.6359097288457,1632.5260283344094,1613.6129269861717,1597.4905666769425,1608.181818181818
70410,29554,29333,zip,SC,SC,Spartanburg,"Spartanburg, SC",Spartanburg County,,,,,,,,,,,,,,,,,,,,,,,,,,,,,,,,,,,,,,,,,,,,,,,,,,,,,,,,,,,,,,,,,,,,,,,,,,,,,,,,,,,,,,,,,,,,,,,,,,,,,,,,,,,,,,,,,,,,,,,,,,,,,,,,,,,,,,,,,,,1298.9094685384648,1304.1666666666665
