{"type":"FeatureCollection","features":[{"type":"Feature","properties":{"id":"p3771500","name":"Waynesville"},"geometry":{"type":"Polygon","coordinates":[[[-82.9979,35.5132],[-83.0117,35.5037],[-83.026,35.5026],[-83.0328,35.4942],[-83.0308,35.4886],[-83.0362,35.4812],[-83.0177,35.4802],[-83.0206,35.4612],[-83.0164,35.4584],[-83.0022,35.4598],[-83.0036,35.4531],[-82.9908,35.4576],[-82.985,35.4552],[-82.9797,35.4609],[-82.9837,35.4649],[-82.982,35.4725],[-82.9839,35.4776],[-82.9749,35.4803],[-82.9725,35.4934],[-82.9664,35.4915],[-82.9645,35.4978],[-82.9738,35.5032],[-82.9823,35.5015],[-82.9899,35.5092],[-82.9979,35.5111],[-82.9984,35.5118],[-82.9979,35.5132]],[[-82.995,35.4617],[-82.9882,35.4663],[-82.9834,35.4644],[-82.9839,35.4589],[-82.995,35.4617]]]}},{"type":"Feature","properties":{"id":"p3775000","name":"Winston-Salem"},"geometry":{"type":"MultiPolygon","coordinates":[[[[-80.1681,36.0424],[-80.168,36.0345],[-80.1593,36.0366],[-80.1601,36.0432],[-80.1681,36.0424]]],[[[-80.3536,36.189],[-80.3581,36.176],[-80.3628,36.1754],[-80.3617,36.1672],[-80.3704,36.1608],[-80.3833,36.156],[-80.3849,36.1483],[-80.3811,36.1448],[-80.3746,36.1502],[-80.3513,36.1541],[-80.3488,36.1291],[-80.3449,36.1248],[-80.3498,36.1186],[-80.3578,36.1197],[-80.3729,36.1186],[-80.3764,36.1045],[-80.3711,36.0983],[-80.3828,36.0972],[-80.3822,36.084],[-80.3686,36.0713],[-80.3673,36.0624],[-80.3595,36.0615],[-80.3693,36.053],[-80.3666,36.0478],[-80.3613,36.0433],[-80.3559,36.0462],[-80.3482,36.0448],[-80.3534,36.0347],[-80.3322,36.036],[-80.3241,36.0322],[-80.3076,36.0315],[-80.3009,36.03],[-80.2947,36.0253],[-80.2853,36.026],[-80.286,36.0161],[-80.2825,36.0125],[-80.2898,36.0085],[-80.2903,36.0173],[-80.2978,36.0154],[-80.2901,36.0071],[-80.2876,35.9993],[-80.2803,35.9966],[-80.2669,35.9966],[-80.2621,36.0054],[-80.2615,36.0127],[-80.255,36.0131],[-80.2474,36.0195],[-80.2372,36.0157],[-80.2331,36.0117],[-80.2347,35.9967],[-80.2173,35.9967],[-80.2207,36.002],[-80.2138,36.005],[-80.2139,36.0286],[-80.2128,36.0363],[-80.2052,36.037],[-80.168,36.0502],[-80.1612,36.0498],[-80.1603,36.0546],[-80.1533,36.0567],[-80.1452,36.0661],[-80.1468,36.0485],[-80.156,36.0481],[-80.1559,36.0402],[-80.1526,36.0359],[-80.1385,36.0348],[-80.1318,36.0457],[-80.1187,36.0484],[-80.1225,36.0577],[-80.1142,36.0572],[-80.1118,36.0659],[-80.1115,36.0691],[-80.1106,36.0722],[-80.1099,36.0735],[-80.1099,36.0736],[-80.1029,36.0866],[-80.1124,36.0887],[-80.1217,36.0942],[-80.1255,36.1022],[-80.1325,36.098],[-80.1475,36.0974],[-80.1501,36.1055],[-80.1421,36.108],[-80.1415,36.1139],[-80.1428,36.1174],[-80.1489,36.1188],[-80.15,36.1143],[-80.154,36.1126],[-80.163,36.1145],[-80.1709,36.1146],[-80.1667,36.1227],[-80.1667,36.123],[-80.1669,36.1316],[-80.1761,36.1295],[-80.1729,36.1386],[-80.1755,36.1386],[-80.1769,36.1387],[-80.1801,36.1386],[-80.1843,36.1387],[-80.1872,36.1479],[-80.1847,36.1521],[-80.1862,36.1599],[-80.1908,36.1609],[-80.1986,36.1634],[-80.2031,36.1648],[-80.2085,36.1713],[-80.2148,36.1728],[-80.2153,36.1795],[-80.2219,36.1804],[-80.228,36.1752],[-80.2351,36.1836],[-80.233,36.1914],[-80.2426,36.1947],[-80.2483,36.1942],[-80.265,36.1969],[-80.2796,36.2036],[-80.2901,36.2037],[-80.2953,36.2041],[-80.3025,36.2119],[-80.3106,36.2184],[-80.3162,36.217],[-80.315,36.2074],[-80.3315,36.2078],[-80.3318,36.2017],[-80.3401,36.1973],[-80.3498,36.1979],[-80.3536,36.189]],[[-80.3336,36.173],[-80.341,36.1723],[-80.341,36.1782],[-80.3467,36.183],[-80.3378,36.1893],[-80.3334,36.1884],[-80.3303,36.1872],[-80.334,36.1775],[-80.3329,36.1731],[-80.3336,36.173]],[[-80.1712,36.0577],[-80.1707,36.0626],[-80.1621,36.0612],[-80.1599,36.0561],[-80.1712,36.0577]]]]}},{"type":"Feature","properties":{"id":"p3753140","name":"Polkton"},"geometry":{"type":"Polygon","coordinates":[[[-80.2147,35.0017],[-80.214,34.9969],[-80.1868,34.9971],[-80.1848,34.9926],[-80.1884,34.9788],[-80.1766,34.9791],[-80.1773,34.9869],[-80.1751,34.9956],[-80.1881,35.0011],[-80.1883,35.0191],[-80.2142,35.0192],[-80.2147,35.0017]]]}},{"type":"Feature","properties":{"id":"p3761060","name":"Sharpsburg"},"geometry":{"type":"Polygon","coordinates":[[[-77.8403,35.875],[-77.8363,35.8636],[-77.8384,35.8598],[-77.8263,35.8572],[-77.8207,35.8644],[-77.8204,35.8711],[-77.8306,35.8745],[-77.8403,35.875]]]}},{"type":"Feature","properties":{"id":"p3764460","name":"Stanfield"},"geometry":{"type":"Polygon","coordinates":[[[-80.4683,35.2409],[-80.463,35.2336],[-80.4568,35.2366],[-80.4522,35.2316],[-80.4432,35.2289],[-80.4363,35.2246],[-80.4418,35.2179],[-80.4387,35.2109],[-80.4317,35.2112],[-80.4257,35.2219],[-80.4186,35.2196],[-80.4104,35.223],[-80.4129,35.2284],[-80.4069,35.2324],[-80.4094,35.2499],[-80.4114,35.2481],[-80.4284,35.2527],[-80.4276,35.2478],[-80.4325,35.2416],[-80.4435,35.2414],[-80.4559,35.2431],[-80.4598,35.2408],[-80.4662,35.243],[-80.4667,35.2432],[-80.4683,35.2409]]]}},{"type":"Feature","properties":{"id":"p3707220","name":"Bostic"},"geometry":{"type":"Polygon","coordinates":[[[-81.8451,35.3691],[-81.8451,35.3558],[-81.8268,35.3559],[-81.8269,35.3689],[-81.8451,35.3691]]]}},{"type":"Feature","properties":{"id":"p3747260","name":"Norman"},"geometry":{"type":"Polygon","coordinates":[[[-79.7337,35.1782],[-79.7235,35.1617],[-79.7146,35.1659],[-79.7175,35.1736],[-79.7337,35.1782]]]}},{"type":"Feature","properties":{"id":"p3743920","name":"Monroe"},"geometry":{"type":"MultiPolygon","coordinates":[[[[-80.619,34.993],[-80.6197,34.9878],[-80.6101,34.9867],[-80.6062,34.9968],[-80.619,34.993]]],[[[-80.6366,35.0215],[-80.6481,35.0131],[-80.6454,35.0121],[-80.6429,35.0065],[-80.6219,35.0143],[-80.6133,35.0147],[-80.606,35.0062],[-80.5991,35.0056],[-80.5992,34.9974],[-80.5963,34.9951],[-80.583,34.9935],[-80.5799,34.9874],[-80.5703,34.9873],[-80.5709,34.9813],[-80.5849,34.9783],[-80.6007,34.9706],[-80.5974,34.9674],[-80.5866,34.967],[-80.5808,34.9643],[-80.5823,34.9586],[-80.5758,34.9563],[-80.5588,34.9568],[-80.5492,34.959],[-80.5441,34.9638],[-80.5305,34.9673],[-80.5243,34.9639],[-80.5191,34.9558],[-80.5108,34.9615],[-80.4936,34.9633],[-80.4906,34.9697],[-80.4951,34.9739],[-80.4915,34.9784],[-80.4786,34.9818],[-80.4783,34.9876],[-80.4835,34.9892],[-80.4863,34.9983],[-80.4915,34.9966],[-80.5057,34.9994],[-80.5073,35.0087],[-80.4947,35.0171],[-80.4962,35.0291],[-80.5064,35.0281],[-80.512,35.0235],[-80.5162,35.0142],[-80.5205,35.0145],[-80.5285,35.0037],[-80.541,35.0076],[-80.5432,35.0116],[-80.5388,35.0157],[-80.532,35.0152],[-80.5272,35.0179],[-80.5344,35.0268],[-80.5434,35.0374],[-80.5493,35.0321],[-80.5518,35.0261],[-80.5573,35.0279],[-80.5592,35.0364],[-80.565,35.0408],[-80.5699,35.0444],[-80.5861,35.0512],[-80.5892,35.0562],[-80.5868,35.0677],[-80.5744,35.0688],[-80.5601,35.0737],[-80.5615,35.0765],[-80.5652,35.077],[-80.5716,35.0712],[-80.5752,35.0718],[-80.577,35.073],[-80.5693,35.0779],[-80.5662,35.0851],[-80.5669,35.0889],[-80.5784,35.082],[-80.5822,35.0764],[-80.5929,35.0763],[-80.5962,35.0687],[-80.5973,35.063],[-80.6012,35.0569],[-80.6048,35.0563],[-80.6138,35.0525],[-80.6136,35.0466],[-80.6094,35.0434],[-80.6054,35.0404],[-80.6099,35.032],[-80.6158,35.0367],[-80.6164,35.0421],[-80.6221,35.0336],[-80.6296,35.0311],[-80.6274,35.0232],[-80.6366,35.0215]]]]}},{"type":"Feature","properties":{"id":"p3714460","name":"Cooleemee"},"geometry":{"type":"Polygon","coordinates":[[[-80.5655,35.8121],[-80.557,35.804],[-80.5488,35.8078],[-80.5478,35.8167],[-80.5564,35.8205],[-80.5649,35.8168],[-80.5655,35.8121]]]}},{"type":"Feature","properties":{"id":"p3770860","name":"Walstonburg"},"geometry":{"type":"Polygon","coordinates":[[[-77.7042,35.5969],[-77.7005,35.5883],[-77.692,35.5938],[-77.6974,35.5979],[-77.7042,35.5969]]]}},{"type":"Feature","properties":{"id":"p3738200","name":"Lilesville"},"geometry":{"type":"Polygon","coordinates":[[[-79.9934,34.9626],[-79.9934,34.9604],[-79.9756,34.9603],[-79.9759,34.9747],[-79.9933,34.9747],[-79.9934,34.9626]]]}},{"type":"Feature","properties":{"id":"p3737760","name":"Lenoir"},"geometry":{"type":"MultiPolygon","coordinates":[[[[-81.4866,35.9897],[-81.4806,35.9774],[-81.4737,35.9868],[-81.4658,35.9927],[-81.4766,35.9986],[-81.4851,35.9956],[-81.4866,35.9897]]],[[[-81.5829,35.8852],[-81.5817,35.8823],[-81.5802,35.879],[-81.5762,35.8825],[-81.563,35.8806],[-81.5573,35.8862],[-81.5462,35.885],[-81.5485,35.8791],[-81.5373,35.8769],[-81.5391,35.8729],[-81.5312,35.8697],[-81.5312,35.8696],[-81.5232,35.8637],[-81.5175,35.8636],[-81.5134,35.8579],[-81.5108,35.8564],[-81.5095,35.8564],[-81.5025,35.858],[-81.505,35.8638],[-81.4953,35.8623],[-81.4932,35.8654],[-81.4917,35.8666],[-81.4874,35.8724],[-81.4814,35.8743],[-81.4855,35.8833],[-81.4961,35.8823],[-81.5021,35.8856],[-81.5066,35.8913],[-81.5111,35.9039],[-81.4958,35.9025],[-81.4957,35.909],[-81.5004,35.9108],[-81.5025,35.923],[-81.4925,35.9229],[-81.4891,35.9283],[-81.4944,35.9398],[-81.5092,35.9449],[-81.5177,35.9421],[-81.5199,35.9458],[-81.5167,35.9479],[-81.519,35.949],[-81.5196,35.9549],[-81.5116,35.9613],[-81.5134,35.9749],[-81.5266,35.967],[-81.522,35.9627],[-81.5238,35.9551],[-81.5226,35.9507],[-81.5208,35.9501],[-81.5197,35.9462],[-81.5255,35.9403],[-81.5295,35.9507],[-81.5355,35.9469],[-81.5401,35.9382],[-81.5473,35.9341],[-81.5496,35.9292],[-81.5606,35.9294],[-81.5603,35.9204],[-81.5641,35.9182],[-81.5578,35.9125],[-81.5629,35.9025],[-81.5704,35.8949],[-81.5777,35.8966],[-81.5778,35.89],[-81.5829,35.8852]]]]}},{"type":"Feature","properties":{"id":"p3757700","name":"Ronda"},"geometry":{"type":"Polygon","coordinates":[[[-80.9539,36.2202],[-80.9458,36.2128],[-80.9412,36.2162],[-80.9335,36.2159],[-80.9309,36.2209],[-80.9327,36.226],[-80.9453,36.2312],[-80.9548,36.2251],[-80.9539,36.2202]]]}},{"type":"Feature","properties":{"id":"p3724440","name":"Fountain"},"geometry":{"type":"Polygon","coordinates":[[[-77.6464,35.6763],[-77.6429,35.6686],[-77.6314,35.6644],[-77.618,35.6719],[-77.619,35.6758],[-77.6464,35.6763]]]}},{"type":"Feature","properties":{"id":"p3766980","name":"Taylortown"},"geometry":{"type":"Polygon","coordinates":[[[-79.4803,35.2104],[-79.4853,35.2219],[-79.5034,35.2232],[-79.4974,35.2106],[-79.4886,35.2046],[-79.4761,35.2053],[-79.4803,35.2104]]]}},{"type":"Feature","properties":{"id":"p3769520","name":"Valdese"},"geometry":{"type":"MultiPolygon","coordinates":[[[[-81.5535,35.7267],[-81.553,35.7199],[-81.5457,35.7213],[-81.5465,35.7279],[-81.5535,35.7267]]],[[[-81.5316,35.7705],[-81.524,35.7736],[-81.5255,35.7781],[-81.5391,35.7782],[-81.5487,35.774],[-81.5664,35.7804],[-81.616,35.7832],[-81.6204,35.7877],[-81.6233,35.7714],[-81.6191,35.7711],[-81.6154,35.7751],[-81.5971,35.7745],[-81.5969,35.7803],[-81.5895,35.7808],[-81.5863,35.773],[-81.5861,35.7719],[-81.5776,35.7752],[-81.5702,35.7701],[-81.5705,35.7646],[-81.5622,35.7641],[-81.5622,35.7539],[-81.5711,35.7591],[-81.5759,35.7567],[-81.5765,35.7506],[-81.5811,35.7381],[-81.5745,35.7319],[-81.5684,35.7333],[-81.5629,35.7274],[-81.5383,35.7323],[-81.5369,35.7326],[-81.5369,35.7357],[-81.5314,35.7344],[-81.5297,35.7402],[-81.5355,35.7435],[-81.5388,35.7468],[-81.5472,35.7469],[-81.5413,35.7545],[-81.5453,35.7565],[-81.5419,35.7602],[-81.5412,35.7615],[-81.5387,35.7607],[-81.539,35.7646],[-81.537,35.7657],[-81.5316,35.7705]],[[-81.5556,35.756],[-81.5553,35.762],[-81.5492,35.7617],[-81.5471,35.7565],[-81.5556,35.756]]]]}},{"type":"Feature","properties":{"id":"p3717660","name":"Dover"},"geometry":{"type":"Polygon","coordinates":[[[-77.447,35.2166],[-77.4296,35.2063],[-77.4229,35.2123],[-77.423,35.219],[-77.4366,35.2222],[-77.4453,35.2213],[-77.447,35.2166]]]}},{"type":"Feature","properties":{"id":"p3703100","name":"Bakersville"},"geometry":{"type":"Polygon","coordinates":[[[-82.1669,36.0176],[-82.1638,36.0097],[-82.1554,36.0086],[-82.1496,36.0166],[-82.1539,36.0218],[-82.1629,36.0217],[-82.1669,36.0176]]]}},{"type":"Feature","properties":{"id":"p3704840","name":"Belmont"},"geometry":{"type":"MultiPolygon","coordinates":[[[[-81.0276,35.2081],[-81.0251,35.2068],[-81.0134,35.2099],[-81.0185,35.2193],[-81.0259,35.2147],[-81.0276,35.2081]]],[[[-81.0314,35.1583],[-81.0306,35.1545],[-81.0236,35.1506],[-81.0167,35.1557],[-81.0151,35.1602],[-81.0187,35.1657],[-81.0314,35.1583]]],[[[-81.0448,35.2819],[-81.0474,35.2848],[-81.056,35.2811],[-81.0558,35.2747],[-81.0658,35.2698],[-81.0634,35.2667],[-81.0488,35.2594],[-81.0533,35.256],[-81.0517,35.244],[-81.0598,35.2395],[-81.0575,35.2383],[-81.0563,35.2367],[-81.0522,35.2311],[-81.0575,35.2284],[-81.0639,35.2209],[-81.0603,35.2173],[-81.0588,35.2091],[-81.0509,35.2061],[-81.0437,35.1945],[-81.0373,35.1952],[-81.0325,35.1896],[-81.0267,35.1976],[-81.0324,35.2022],[-81.0299,35.2085],[-81.0422,35.204],[-81.0446,35.2144],[-81.0322,35.2188],[-81.0277,35.2235],[-81.0173,35.2235],[-81.0111,35.2462],[-81.0163,35.2524],[-81.0255,35.2513],[-81.0261,35.2557],[-81.015,35.2576],[-81.027,35.2581],[-81.0337,35.2656],[-81.0419,35.2657],[-81.0416,35.2684],[-81.0418,35.2708],[-81.0412,35.2795],[-81.0448,35.2819]],[[-81.0374,35.2249],[-81.0294,35.2359],[-81.0271,35.2305],[-81.0374,35.2249]]],[[[-81.0679,35.1709],[-81.0629,35.1613],[-81.0584,35.1599],[-81.0562,35.1507],[-81.0463,35.1501],[-81.0453,35.1534],[-81.0335,35.1526],[-81.0351,35.1605],[-81.043,35.1597],[-81.0439,35.165],[-81.0515,35.1747],[-81.062,35.1738],[-81.0679,35.1709]]]]}},{"type":"Feature","properties":{"id":"p3759280","name":"Sanford"},"geometry":{"type":"MultiPolygon","coordinates":[[[[-79.1189,35.5777],[-79.1145,35.5725],[-79.105,35.5853],[-79.1006,35.5946],[-79.1075,35.5962],[-79.1159,35.5936],[-79.1168,35.5851],[-79.1127,35.5777],[-79.1189,35.5777]]],[[[-79.1627,35.5454],[-79.163,35.5365],[-79.1586,35.5366],[-79.1583,35.5453],[-79.1627,35.5454]]],[[[-79.177,35.554],[-79.1693,35.5531],[-79.1627,35.5497],[-79.1608,35.5586],[-79.1457,35.5584],[-79.1454,35.5781],[-79.1537,35.5777],[-79.1601,35.5714],[-79.1638,35.5715],[-79.1598,35.566],[-79.1608,35.5596],[-79.1667,35.5548],[-79.177,35.554]]],[[[-79.1906,35.4371],[-79.1866,35.4302],[-79.1789,35.439],[-79.1906,35.4371]]],[[[-79.1638,35.5715],[-79.1644,35.5799],[-79.1682,35.5861],[-79.1623,35.5906],[-79.1677,35.5954],[-79.183,35.5845],[-79.1851,35.5811],[-79.1941,35.5781],[-79.1897,35.5664],[-79.1805,35.5726],[-79.1638,35.5715]]],[[[-79.22,35.4335],[-79.2109,35.4382],[-79.2163,35.441],[-79.22,35.4335]]],[[[-79.2208,35.5493],[-79.2114,35.5424],[-79.2083,35.5367],[-79.2007,35.5338],[-79.1898,35.5341],[-79.1982,35.5509],[-79.2079,35.5557],[-79.2098,35.548],[-79.2208,35.5493]]],[[[-79.2486,35.482],[-79.2327,35.482],[-79.2315,35.4765],[-79.2219,35.4746],[-79.2171,35.4627],[-79.2277,35.4544],[-79.2192,35.4487],[-79.2265,35.4427],[-79.2193,35.4359],[-79.2155,35.4441],[-79.2143,35.4614],[-79.1999,35.4583],[-79.1969,35.4507],[-79.1894,35.454],[-79.1893,35.4589],[-79.1732,35.4609],[-79.1659,35.4552],[-79.1702,35.4416],[-79.1593,35.4418],[-79.1549,35.4474],[-79.1504,35.4404],[-79.1316,35.4386],[-79.1297,35.4315],[-79.1406,35.4266],[-79.1496,35.4198],[-79.1478,35.4171],[-79.1368,35.417],[-79.1316,35.407],[-79.1278,35.4034],[-79.1223,35.4089],[-79.1226,35.4142],[-79.1133,35.4191],[-79.1146,35.4245],[-79.1262,35.4228],[-79.125,35.4359],[-79.119,35.4413],[-79.1124,35.437],[-79.1019,35.4561],[-79.1037,35.4642],[-79.128,35.4643],[-79.1383,35.475],[-79.1477,35.4687],[-79.1547,35.4719],[-79.1575,35.4832],[-79.1506,35.4815],[-79.1445,35.4866],[-79.1501,35.4893],[-79.16,35.4857],[-79.1619,35.4942],[-79.1534,35.4975],[-79.1497,35.5015],[-79.1689,35.5039],[-79.1725,35.5059],[-79.1693,35.5167],[-79.1741,35.5203],[-79.1739,35.5334],[-79.1856,35.5202],[-79.1897,35.5133],[-79.1986,35.5125],[-79.2099,35.5143],[-79.2143,35.5243],[-79.2268,35.5246],[-79.2323,35.5211],[-79.2384,35.5298],[-79.2418,35.5246],[-79.2359,35.5193],[-79.2305,35.5191],[-79.2254,35.5234],[-79.2231,35.5139],[-79.2362,35.5144],[-79.2288,35.507],[-79.2286,35.4945],[-79.2404,35.4952],[-79.2414,35.4903],[-79.2486,35.482]]],[[[-79.2493,35.5494],[-79.2526,35.5456],[-79.2453,35.5426],[-79.24,35.5518],[-79.2493,35.5494]]]]}},{"type":"Feature","properties":{"id":"p3725540","name":"Garysburg"},"geometry":{"type":"Polygon","coordinates":[[[-77.5701,36.4471],[-77.5682,36.4418],[-77.5594,36.4386],[-77.5537,36.4417],[-77.5525,36.4467],[-77.5573,36.4528],[-77.558,36.4585],[-77.5701,36.4471]]]}},{"type":"Feature","properties":{"id":"p3718040","name":"Dublin"},"geometry":{"type":"Polygon","coordinates":[[[-78.73,34.6576],[-78.7152,34.6487],[-78.7127,34.6518],[-78.7233,34.6586],[-78.73,34.6576]]]}},{"type":"Feature","properties":{"id":"p3729720","name":"Harrellsville"},"geometry":{"type":"Polygon","coordinates":[[[-76.7968,36.306],[-76.7978,36.2994],[-76.7871,36.297],[-76.786,36.3036],[-76.7968,36.306]]]}},{"type":"Feature","properties":{"id":"p3748060","name":"Oak City"},"geometry":{"type":"Polygon","coordinates":[[[-77.3057,35.9728],[-77.3178,35.9619],[-77.3045,35.9524],[-77.2924,35.963],[-77.3057,35.9728]]]}},{"type":"Feature","properties":{"id":"p3738060","name":"Lexington"},"geometry":{"type":"MultiPolygon","coordinates":[[[[-80.3299,35.7813],[-80.3246,35.7672],[-80.3127,35.7603],[-80.3067,35.7602],[-80.2981,35.7759],[-80.2607,35.7758],[-80.2615,35.7643],[-80.2501,35.7735],[-80.2398,35.7634],[-80.2353,35.7712],[-80.2424,35.7791],[-80.2345,35.7849],[-80.233,35.7973],[-80.2411,35.8048],[-80.2276,35.8032],[-80.2232,35.8112],[-80.2407,35.8292],[-80.2353,35.8344],[-80.2394,35.8394],[-80.2391,35.8446],[-80.2574,35.8451],[-80.2629,35.8509],[-80.2635,35.8585],[-80.2703,35.8593],[-80.2695,35.8512],[-80.2666,35.849],[-80.2671,35.8356],[-80.276,35.8352],[-80.2803,35.8284],[-80.2748,35.8261],[-80.2886,35.8079],[-80.2925,35.7955],[-80.3103,35.7901],[-80.3207,35.7826],[-80.3299,35.7813]]],[[[-80.3777,35.7292],[-80.3735,35.7238],[-80.3675,35.7218],[-80.3528,35.7276],[-80.3485,35.7333],[-80.3525,35.7405],[-80.36,35.7424],[-80.3646,35.7396],[-80.3636,35.7299],[-80.3701,35.7315],[-80.3777,35.7292]]]]}},{"type":"Feature","properties":{"id":"p3734000","name":"Jackson"},"geometry":{"type":"Polygon","coordinates":[[[-77.4284,36.3913],[-77.4284,36.3828],[-77.4104,36.3827],[-77.4103,36.3974],[-77.4282,36.3975],[-77.4284,36.3913]]]}},{"type":"Feature","properties":{"id":"p3760560","name":"Severn"},"geometry":{"type":"Polygon","coordinates":[[[-77.1988,36.5172],[-77.1985,36.5106],[-77.1919,36.5061],[-77.1854,36.5065],[-77.1792,36.5124],[-77.1803,36.5183],[-77.1914,36.5223],[-77.1988,36.5172]]]}},{"type":"Feature","properties":{"id":"p3704640","name":"Belhaven"},"geometry":{"type":"Polygon","coordinates":[[[-76.6433,35.5482],[-76.6198,35.5298],[-76.6078,35.5331],[-76.6056,35.5416],[-76.6146,35.5486],[-76.6333,35.5547],[-76.6433,35.5482]]]}},{"type":"Feature","properties":{"id":"p3729120","name":"Hamilton"},"geometry":{"type":"Polygon","coordinates":[[[-77.215,35.9459],[-77.2151,35.9434],[-77.2038,35.9376],[-77.1984,35.9391],[-77.2023,35.9477],[-77.2084,35.9511],[-77.215,35.9459]]]}},{"type":"Feature","properties":{"id":"p3771240","name":"Washington Park"},"geometry":{"type":"Polygon","coordinates":[[[-77.0249,35.5352],[-77.0395,35.5341],[-77.0293,35.5281],[-77.0249,35.5352]]]}},{"type":"Feature","properties":{"id":"p3752400","name":"Pink Hill"},"geometry":{"type":"Polygon","coordinates":[[[-77.7492,35.0582],[-77.7471,35.0483],[-77.7423,35.0483],[-77.7394,35.06],[-77.7492,35.0582]]]}},{"type":"Feature","properties":{"id":"p3747240","name":"Norlina"},"geometry":{"type":"Polygon","coordinates":[[[-78.2039,36.4518],[-78.2015,36.4448],[-78.2019,36.4375],[-78.1895,36.4378],[-78.1864,36.4434],[-78.1864,36.4516],[-78.2039,36.4518]]]}},{"type":"Feature","properties":{"id":"p3753680","name":"Powellsville"},"geometry":{"type":"Polygon","coordinates":[[[-76.9385,36.2288],[-76.9379,36.2222],[-76.9248,36.2226],[-76.9256,36.2289],[-76.9385,36.2288]]]}},{"type":"Feature","properties":{"id":"p3738170","name":"Light Oak"},"geometry":{"type":"Polygon","coordinates":[[[-81.4896,35.2932],[-81.491,35.2862],[-81.4887,35.2786],[-81.4743,35.2775],[-81.4653,35.2853],[-81.4665,35.2905],[-81.4718,35.2954],[-81.4789,35.2927],[-81.4896,35.2932]]]}},{"type":"Feature","properties":{"id":"p3700880","name":"Alexis"},"geometry":{"type":"Polygon","coordinates":[[[-81.1324,35.398],[-81.1319,35.3914],[-81.1259,35.3852],[-81.0985,35.3911],[-81.109,35.3981],[-81.1114,35.4072],[-81.1297,35.4079],[-81.1324,35.398]]]}},{"type":"Feature","properties":{"id":"p3727180","name":"Governors Club"},"geometry":{"type":"Polygon","coordinates":[[[-79.0316,35.8546],[-79.0471,35.8539],[-79.0507,35.8559],[-79.0636,35.8457],[-79.0635,35.8397],[-79.0584,35.8333],[-79.0524,35.8353],[-79.0322,35.8351],[-79.0269,35.8431],[-79.0317,35.847],[-79.0316,35.8546]]]}},{"type":"Feature","properties":{"id":"p3730800","name":"Henrietta"},"geometry":{"type":"Polygon","coordinates":[[[-81.8085,35.255],[-81.8022,35.2503],[-81.793,35.2568],[-81.7915,35.2616],[-81.8097,35.2599],[-81.8085,35.255]]]}},{"type":"Feature","properties":{"id":"p3725020","name":"Frisco"},"geometry":{"type":"Polygon","coordinates":[[[-75.5805,35.2633],[-75.5955,35.2693],[-75.5976,35.257],[-75.6188,35.2469],[-75.6214,35.2429],[-75.6413,35.2287],[-75.6416,35.2242],[-75.6022,35.2326],[-75.5748,35.2351],[-75.5805,35.2633]]]}},{"type":"Feature","properties":{"id":"p3717000","name":"Denver"},"geometry":{"type":"Polygon","coordinates":[[[-81.0505,35.5501],[-81.075,35.5513],[-81.0515,35.5287],[-81.0437,35.5241],[-81.0197,35.5138],[-81.012,35.5057],[-81.01,35.511],[-81.0117,35.5207],[-81.0072,35.5332],[-81.0161,35.5459],[-81.0156,35.5486],[-81.0505,35.5501]]]}},{"type":"Feature","properties":{"id":"p3707588","name":"Brandywine Bay"},"geometry":{"type":"Polygon","coordinates":[[[-76.8365,34.7467],[-76.838,34.7326],[-76.8262,34.731],[-76.8196,34.7367],[-76.826,34.7437],[-76.8357,34.7476],[-76.8365,34.7467]]]}},{"type":"Feature","properties":{"id":"p3701972","name":"Arrowhead Beach"},"geometry":{"type":"Polygon","coordinates":[[[-76.7134,36.2172],[-76.7065,36.217],[-76.7048,36.2209],[-76.6964,36.2255],[-76.6948,36.2327],[-76.7001,36.2341],[-76.7107,36.2233],[-76.7134,36.2172]]]}},{"type":"Feature","properties":{"id":"p3741600","name":"Marshallberg"},"geometry":{"type":"Polygon","coordinates":[[[-76.522,34.7239],[-76.5198,34.7188],[-76.5127,34.7203],[-76.5058,34.7293],[-76.5127,34.7329],[-76.5202,34.7309],[-76.522,34.7239]]]}},{"type":"Feature","properties":{"id":"p3752160","name":"Pinetown"},"geometry":{"type":"Polygon","coordinates":[[[-76.8641,35.6104],[-76.8654,35.6026],[-76.8521,35.6031],[-76.8462,35.6096],[-76.8464,35.618],[-76.8626,35.6189],[-76.8641,35.6104]]]}},{"type":"Feature","properties":{"id":"p3773780","name":"Whittier"},"geometry":{"type":"Polygon","coordinates":[[[-83.361,35.4326],[-83.3525,35.4311],[-83.3531,35.4365],[-83.3573,35.4378],[-83.361,35.4326]]]}},{"type":"Feature","properties":{"id":"p3763780","name":"Spencer Mountain"},"geometry":{"type":"Polygon","coordinates":[[[-81.1105,35.3007],[-81.1065,35.3083],[-81.1153,35.3111],[-81.1184,35.301],[-81.1105,35.3007]]]}},{"type":"Feature","properties":{"id":"p3764940","name":"Stem"},"geometry":{"type":"Polygon","coordinates":[[[-78.7311,36.202],[-78.729,36.1951],[-78.7184,36.1936],[-78.7137,36.1989],[-78.7186,36.2102],[-78.7286,36.2054],[-78.7311,36.202]]]}},{"type":"Feature","properties":{"id":"p3700680","name":"Albemarle"},"geometry":{"type":"MultiPolygon","coordinates":[[[[-80.1576,35.3075],[-80.1491,35.2978],[-80.1408,35.2989],[-80.1408,35.3073],[-80.1512,35.3108],[-80.1576,35.3075]]],[[[-80.2074,35.4171],[-80.2037,35.4111],[-80.1978,35.4168],[-80.2074,35.4171]]],[[[-80.2459,35.3389],[-80.2367,35.3373],[-80.2311,35.333],[-80.2224,35.3337],[-80.2182,35.3312],[-80.2196,35.319],[-80.2087,35.3273],[-80.2006,35.3288],[-80.1987,35.3367],[-80.1804,35.3384],[-80.1798,35.3251],[-80.1585,35.3377],[-80.1503,35.3397],[-80.1491,35.3497],[-80.1524,35.3561],[-80.154,35.3679],[-80.1705,35.3784],[-80.182,35.3812],[-80.1838,35.3872],[-80.1766,35.3924],[-80.1823,35.395],[-80.1872,35.4056],[-80.1909,35.4092],[-80.2082,35.4063],[-80.2165,35.393],[-80.2104,35.3819],[-80.2039,35.3742],[-80.2128,35.3719],[-80.2367,35.3599],[-80.234,35.3521],[-80.2262,35.3473],[-80.243,35.343],[-80.2459,35.3389]]]]}},{"type":"Feature","properties":{"id":"p3736020","name":"Kittrell"},"geometry":{"type":"Polygon","coordinates":[[[-78.4462,36.2222],[-78.4374,36.219],[-78.4355,36.2238],[-78.4462,36.2222]]]}},{"type":"Feature","properties":{"id":"p3725480","name":"Garner"},"geometry":{"type":"MultiPolygon","coordinates":[[[[-78.5271,35.6905],[-78.5177,35.6905],[-78.5104,35.6883],[-78.5101,35.6944],[-78.5139,35.699],[-78.5216,35.6988],[-78.5271,35.6959],[-78.5271,35.6905]]],[[[-78.5657,35.6804],[-78.5537,35.6729],[-78.5543,35.6803],[-78.5657,35.6804]]],[[[-78.6292,35.6552],[-78.6286,35.6508],[-78.6209,35.6492],[-78.6157,35.6522],[-78.6135,35.6575],[-78.6292,35.6552]]],[[[-78.6617,35.7313],[-78.6653,35.7169],[-78.6596,35.7176],[-78.6518,35.7127],[-78.6396,35.7076],[-78.6443,35.6954],[-78.6442,35.6866],[-78.6399,35.6812],[-78.6313,35.6816],[-78.6288,35.6693],[-78.6182,35.6649],[-78.6115,35.6704],[-78.6129,35.6805],[-78.6038,35.6808],[-78.604,35.6707],[-78.6071,35.6638],[-78.6009,35.6597],[-78.6042,35.6497],[-78.5998,35.6415],[-78.5821,35.652],[-78.5776,35.6581],[-78.5883,35.6584],[-78.5901,35.6622],[-78.5791,35.6638],[-78.5757,35.6623],[-78.5758,35.6683],[-78.5806,35.6738],[-78.5907,35.6742],[-78.597,35.6772],[-78.5968,35.6924],[-78.5921,35.6976],[-78.5845,35.6961],[-78.5783,35.6794],[-78.5746,35.6824],[-78.5633,35.6819],[-78.562,35.6885],[-78.5643,35.6982],[-78.5718,35.7011],[-78.5828,35.7026],[-78.5851,35.7101],[-78.5849,35.7198],[-78.5967,35.7159],[-78.6058,35.7191],[-78.6121,35.7254],[-78.6114,35.7302],[-78.6221,35.7306],[-78.6289,35.7284],[-78.6287,35.7238],[-78.638,35.7255],[-78.6396,35.7256],[-78.6421,35.7262],[-78.6442,35.7263],[-78.6457,35.7259],[-78.654,35.7265],[-78.654,35.7312],[-78.6617,35.7313]],[[-78.5949,35.656],[-78.5837,35.6571],[-78.5853,35.6526],[-78.5949,35.656]]],[[[-78.7011,35.6676],[-78.6949,35.6601],[-78.6902,35.6616],[-78.6824,35.6676],[-78.6772,35.6633],[-78.6643,35.6628],[-78.6585,35.6727],[-78.6565,35.6842],[-78.6515,35.6883],[-78.653,35.697],[-78.6613,35.6932],[-78.6613,35.6892],[-78.6698,35.6876],[-78.6778,35.6898],[-78.6786,35.6849],[-78.6705,35.682],[-78.6748,35.6774],[-78.6867,35.6783],[-78.683,35.6672],[-78.6999,35.6694],[-78.7011,35.6676]]]]}},{"type":"Feature","properties":{"id":"p3757640","name":"Rolesville"},"geometry":{"type":"MultiPolygon","coordinates":[[[[-78.4637,35.893],[-78.4633,35.8868],[-78.4481,35.8846],[-78.446,35.8922],[-78.4637,35.893]]],[[[-78.4805,35.8837],[-78.4742,35.8797],[-78.4718,35.8881],[-78.4791,35.8883],[-78.4805,35.8837]]],[[[-78.4899,35.9336],[-78.4796,35.933],[-78.4682,35.924],[-78.4757,35.9118],[-78.4816,35.9164],[-78.4873,35.9127],[-78.4869,35.9062],[-78.4906,35.8976],[-78.4854,35.8975],[-78.4852,35.9013],[-78.4721,35.8986],[-78.4392,35.9036],[-78.4366,35.908],[-78.4472,35.9101],[-78.4496,35.9133],[-78.4443,35.9182],[-78.4273,35.9381],[-78.4197,35.9342],[-78.4203,35.9432],[-78.4415,35.9328],[-78.4448,35.941],[-78.4566,35.9374],[-78.4533,35.961],[-78.4583,35.9626],[-78.463,35.9642],[-78.4659,35.956],[-78.4622,35.948],[-78.4723,35.9481],[-78.4723,35.9478],[-78.4724,35.9442],[-78.4611,35.939],[-78.467,35.9341],[-78.4722,35.9375],[-78.4837,35.9373],[-78.4899,35.9336]],[[-78.4872,35.9026],[-78.4795,35.9075],[-78.4792,35.9004],[-78.4872,35.9026]],[[-78.4514,35.9182],[-78.451,35.9274],[-78.4411,35.9327],[-78.4369,35.9287],[-78.4467,35.9168],[-78.4514,35.9182]]],[[[-78.5041,35.9365],[-78.5046,35.9287],[-78.4982,35.9286],[-78.4955,35.9347],[-78.5041,35.9365]]],[[[-78.5063,35.9155],[-78.505,35.9077],[-78.4992,35.9135],[-78.5063,35.9155]]]]}},{"type":"Feature","properties":{"id":"p3738040","name":"Lewisville"},"geometry":{"type":"Polygon","coordinates":[[[-80.3894,36.0761],[-80.3864,36.0845],[-80.3841,36.1026],[-80.3871,36.1081],[-80.3931,36.1079],[-80.3951,36.1145],[-80.3856,36.1132],[-80.3854,36.1256],[-80.3951,36.126],[-80.402,36.1339],[-80.3968,36.1374],[-80.39,36.1382],[-80.3879,36.1487],[-80.3964,36.1488],[-80.3922,36.1416],[-80.4084,36.1414],[-80.412,36.146],[-80.4055,36.1545],[-80.4149,36.1556],[-80.4164,36.1496],[-80.412,36.1358],[-80.4221,36.1328],[-80.4388,36.1371],[-80.4437,36.1317],[-80.4324,36.122],[-80.4369,36.1186],[-80.442,36.1233],[-80.4512,36.1121],[-80.4451,36.1104],[-80.4473,36.0976],[-80.4405,36.1007],[-80.4378,36.0889],[-80.4433,36.0849],[-80.4415,36.0726],[-80.4485,36.0635],[-80.4439,36.0596],[-80.4377,36.0619],[-80.4284,36.0609],[-80.4221,36.0689],[-80.4145,36.0665],[-80.403,36.0662],[-80.4046,36.0814],[-80.3983,36.0788],[-80.3894,36.0761]]]}},{"type":"Feature","properties":{"id":"p3770660","name":"Walkertown"},"geometry":{"type":"Polygon","coordinates":[[[-80.152,36.1209],[-80.1544,36.1284],[-80.1491,36.1334],[-80.1458,36.1403],[-80.1472,36.1493],[-80.1456,36.1554],[-80.1391,36.1612],[-80.1371,36.1704],[-80.141,36.173],[-80.1387,36.1815],[-80.1463,36.1829],[-80.1545,36.1799],[-80.1556,36.1752],[-80.1664,36.1731],[-80.1783,36.1793],[-80.1856,36.1775],[-80.1936,36.1854],[-80.2057,36.1847],[-80.2045,36.1721],[-80.1949,36.171],[-80.1986,36.1634],[-80.1908,36.1609],[-80.1928,36.1753],[-80.1809,36.1754],[-80.1759,36.1682],[-80.1778,36.162],[-80.1847,36.1521],[-80.1872,36.1479],[-80.1843,36.1387],[-80.1801,36.1386],[-80.1769,36.1387],[-80.1755,36.1386],[-80.1729,36.1386],[-80.1673,36.1402],[-80.1602,36.1474],[-80.1513,36.1476],[-80.1489,36.1428],[-80.1598,36.1348],[-80.1667,36.123],[-80.1667,36.1227],[-80.1627,36.1222],[-80.163,36.1145],[-80.154,36.1126],[-80.1518,36.1189],[-80.152,36.1209]],[[-80.1722,36.16],[-80.163,36.1679],[-80.1582,36.1689],[-80.1554,36.1606],[-80.161,36.1542],[-80.167,36.1598],[-80.1722,36.16]]]}},{"type":"Feature","properties":{"id":"p3741380","name":"Marietta"},"geometry":{"type":"Polygon","coordinates":[[[-79.133,34.371],[-79.1371,34.3617],[-79.1232,34.3621],[-79.122,34.356],[-79.116,34.3567],[-79.1195,34.3743],[-79.1289,34.3775],[-79.133,34.371]]]}},{"type":"Feature","properties":{"id":"p3722560","name":"Faison"},"geometry":{"type":"Polygon","coordinates":[[[-78.1456,35.1205],[-78.1441,35.1133],[-78.1403,35.1093],[-78.1339,35.1091],[-78.1273,35.1136],[-78.128,35.1203],[-78.1351,35.1238],[-78.1456,35.1205]]]}},{"type":"Feature","properties":{"id":"p3759340","name":"Saratoga"},"geometry":{"type":"Polygon","coordinates":[[[-77.7857,35.653],[-77.775,35.6455],[-77.7657,35.6542],[-77.7762,35.6618],[-77.7857,35.653]]]}},{"type":"Feature","properties":{"id":"p3765120","name":"Stonewall"},"geometry":{"type":"Polygon","coordinates":[[[-76.7665,35.1398],[-76.7629,35.1366],[-76.7561,35.1373],[-76.7493,35.1316],[-76.7448,35.1227],[-76.7384,35.1268],[-76.7294,35.128],[-76.7298,35.1345],[-76.7206,35.143],[-76.7243,35.1488],[-76.7377,35.1463],[-76.7392,35.141],[-76.7464,35.1394],[-76.7489,35.141],[-76.7626,35.1435],[-76.7665,35.1398]]]}},{"type":"Feature","properties":{"id":"p3702580","name":"Aulander"},"geometry":{"type":"Polygon","coordinates":[[[-77.1315,36.227],[-77.1117,36.2163],[-77.1017,36.2256],[-77.1002,36.2358],[-77.1082,36.2388],[-77.1157,36.2367],[-77.1315,36.227]]]}},{"type":"Feature","properties":{"id":"p3752660","name":"Pittsboro"},"geometry":{"type":"MultiPolygon","coordinates":[[[[-79.2002,35.7284],[-79.2009,35.7243],[-79.1921,35.7214],[-79.1877,35.7146],[-79.1879,35.7056],[-79.1818,35.7061],[-79.1789,35.6937],[-79.1752,35.6883],[-79.1674,35.6876],[-79.1696,35.7008],[-79.1675,35.7071],[-79.1696,35.7138],[-79.1658,35.7157],[-79.1615,35.7067],[-79.1542,35.7063],[-79.1543,35.7193],[-79.1576,35.7282],[-79.1511,35.728],[-79.1361,35.7359],[-79.1266,35.7343],[-79.1179,35.7411],[-79.1212,35.7458],[-79.1326,35.7459],[-79.1354,35.7517],[-79.1295,35.7569],[-79.1331,35.7627],[-79.1434,35.7696],[-79.1498,35.7658],[-79.151,35.759],[-79.1444,35.7591],[-79.1451,35.7522],[-79.1618,35.7536],[-79.1656,35.7595],[-79.1748,35.7579],[-79.1776,35.7517],[-79.175,35.7487],[-79.1742,35.7393],[-79.1804,35.7319],[-79.188,35.7279],[-79.2002,35.7284]],[[-79.168,35.7305],[-79.1608,35.7368],[-79.1594,35.7436],[-79.1529,35.748],[-79.1493,35.7447],[-79.1464,35.7362],[-79.1592,35.7323],[-79.1612,35.7275],[-79.168,35.7305]]],[[[-79.2016,35.7606],[-79.2019,35.7524],[-79.1956,35.7522],[-79.1919,35.7606],[-79.2016,35.7606]]]]}},{"type":"Feature","properties":{"id":"p3726740","name":"Godwin"},"geometry":{"type":"Polygon","coordinates":[[[-78.689,35.2229],[-78.6871,35.216],[-78.6795,35.2122],[-78.6802,35.2067],[-78.6733,35.2025],[-78.6656,35.2088],[-78.6754,35.2114],[-78.6757,35.2196],[-78.689,35.2229]]]}},{"type":"Feature","properties":{"id":"p3738360","name":"Linden"},"geometry":{"type":"Polygon","coordinates":[[[-78.7576,35.2565],[-78.754,35.2502],[-78.7425,35.2502],[-78.74,35.259],[-78.7542,35.2582],[-78.7576,35.2565]]]}},{"type":"Feature","properties":{"id":"p3740240","name":"McFarlan"},"geometry":{"type":"Polygon","coordinates":[[[-79.9847,34.822],[-79.9851,34.8078],[-79.9689,34.8075],[-79.968,34.8218],[-79.9847,34.822]]]}},{"type":"Feature","properties":{"id":"p3702140","name":"Asheville"},"geometry":{"type":"MultiPolygon","coordinates":[[[[-82.5872,35.6169],[-82.5885,35.6239],[-82.596,35.622],[-82.5996,35.6177],[-82.5872,35.6169]]],[[[-82.6183,35.61],[-82.6255,35.6048],[-82.622,35.5965],[-82.617,35.5927],[-82.6187,35.5869],[-82.6276,35.5866],[-82.6347,35.5621],[-82.6542,35.5565],[-82.6557,35.554],[-82.6686,35.5581],[-82.6689,35.5547],[-82.6586,35.5452],[-82.6553,35.5398],[-82.6491,35.5431],[-82.6477,35.5496],[-82.6428,35.5529],[-82.6379,35.547],[-82.6339,35.5373],[-82.6244,35.5372],[-82.62,35.5467],[-82.6303,35.5523],[-82.6192,35.5556],[-82.6113,35.5528],[-82.6039,35.5425],[-82.6078,35.5314],[-82.6047,35.5189],[-82.596,35.5231],[-82.6024,35.534],[-82.5972,35.5417],[-82.6004,35.5513],[-82.5993,35.5583],[-82.6076,35.5603],[-82.6031,35.5675],[-82.5976,35.56],[-82.5913,35.5643],[-82.5803,35.5648],[-82.5645,35.5682],[-82.5582,35.5635],[-82.5509,35.564],[-82.5461,35.5673],[-82.5438,35.5584],[-82.535,35.5483],[-82.528,35.5346],[-82.5296,35.5237],[-82.5275,35.5146],[-82.5357,35.5118],[-82.5305,35.5018],[-82.5357,35.499],[-82.5388,35.4934],[-82.5529,35.4914],[-82.5598,35.4963],[-82.5577,35.4838],[-82.5463,35.4777],[-82.5316,35.4836],[-82.5245,35.4797],[-82.5165,35.4662],[-82.5282,35.4629],[-82.528,35.4562],[-82.5326,35.45],[-82.5447,35.4481],[-82.5494,35.4406],[-82.5464,35.4406],[-82.5423,35.4313],[-82.5468,35.4254],[-82.5469,35.4252],[-82.5378,35.4216],[-82.5344,35.4189],[-82.5339,35.4191],[-82.5332,35.4228],[-82.5298,35.4229],[-82.5335,35.4233],[-82.535,35.4314],[-82.5292,35.4323],[-82.5355,35.4363],[-82.5339,35.4444],[-82.5311,35.4488],[-82.5239,35.4524],[-82.5196,35.4575],[-82.5093,35.462],[-82.5094,35.4676],[-82.5173,35.4777],[-82.519,35.4894],[-82.5128,35.4964],[-82.5126,35.5],[-82.5053,35.505],[-82.5081,35.5154],[-82.5221,35.5152],[-82.5226,35.5207],[-82.5273,35.5232],[-82.5121,35.5319],[-82.51,35.5484],[-82.5176,35.5502],[-82.5176,35.5565],[-82.5072,35.5568],[-82.5025,35.5592],[-82.4977,35.5665],[-82.4752,35.5768],[-82.4714,35.5854],[-82.479,35.5937],[-82.4937,35.5938],[-82.4963,35.6007],[-82.4925,35.6042],[-82.4953,35.6085],[-82.4924,35.6163],[-82.5005,35.6264],[-82.5061,35.6179],[-82.5106,35.6168],[-82.5099,35.6092],[-82.5213,35.595],[-82.5271,35.5987],[-82.5232,35.6023],[-82.5364,35.6045],[-82.5364,35.609],[-82.5311,35.6167],[-82.5358,35.6219],[-82.5361,35.6305],[-82.5179,35.6371],[-82.5223,35.6433],[-82.5171,35.6469],[-82.5223,35.6545],[-82.5262,35.6506],[-82.5354,35.6523],[-82.5441,35.6483],[-82.5465,35.6512],[-82.5528,35.6534],[-82.5579,35.6489],[-82.5575,35.6465],[-82.5611,35.6518],[-82.5722,35.6428],[-82.5722,35.6422],[-82.5734,35.6415],[-82.5753,35.6384],[-82.5751,35.6268],[-82.5696,35.6222],[-82.5766,35.6129],[-82.579,35.6106],[-82.579,35.6132],[-82.5855,35.6184],[-82.5867,35.6168],[-82.5845,35.6116],[-82.5914,35.6067],[-82.5866,35.604],[-82.5822,35.5969],[-82.5909,35.5947],[-82.6007,35.5949],[-82.6089,35.5946],[-82.6152,35.5988],[-82.6127,35.6072],[-82.6183,35.61]]]]}},{"type":"Feature","properties":{"id":"p3744100","name":"Montreat"},"geometry":{"type":"Polygon","coordinates":[[[-82.3116,35.6373],[-82.295,35.6377],[-82.2818,35.6393],[-82.283,35.6469],[-82.2867,35.6531],[-82.2856,35.661],[-82.3136,35.6575],[-82.3192,35.6514],[-82.3144,35.6457],[-82.3177,35.6392],[-82.3116,35.6373]]]}},{"type":"Feature","properties":{"id":"p3720840","name":"Ellerbe"},"geometry":{"type":"Polygon","coordinates":[[[-79.7702,35.0653],[-79.7525,35.0641],[-79.7506,35.0706],[-79.7526,35.0786],[-79.7702,35.0782],[-79.7702,35.0653]]]}},{"type":"Feature","properties":{"id":"p3725940","name":"Gibson"},"geometry":{"type":"Polygon","coordinates":[[[-79.6132,34.7639],[-79.6213,34.7605],[-79.6098,34.7511],[-79.5919,34.7588],[-79.6043,34.7678],[-79.6132,34.7639]]]}},{"type":"Feature","properties":{"id":"p3744400","name":"Morganton"},"geometry":{"type":"Polygon","coordinates":[[[-81.7753,35.7187],[-81.7906,35.7137],[-81.798,35.7154],[-81.8,35.7029],[-81.7978,35.6998],[-81.7837,35.7063],[-81.7729,35.715],[-81.7518,35.7189],[-81.7449,35.7175],[-81.7292,35.7219],[-81.7335,35.7272],[-81.7139,35.7296],[-81.7152,35.722],[-81.7124,35.7174],[-81.6977,35.7196],[-81.7023,35.7105],[-81.6919,35.7096],[-81.6845,35.7153],[-81.682,35.7102],[-81.6726,35.7101],[-81.6645,35.7198],[-81.6561,35.722],[-81.6474,35.72],[-81.6483,35.7303],[-81.6537,35.7369],[-81.6578,35.7483],[-81.6584,35.7783],[-81.6664,35.7782],[-81.6746,35.7728],[-81.6839,35.7694],[-81.6868,35.7731],[-81.6953,35.7731],[-81.6948,35.7657],[-81.7071,35.7662],[-81.714,35.7806],[-81.7237,35.7825],[-81.7236,35.7731],[-81.7275,35.7689],[-81.7219,35.7617],[-81.7204,35.752],[-81.7224,35.7399],[-81.7323,35.7389],[-81.7466,35.7395],[-81.7488,35.7317],[-81.7629,35.7279],[-81.7707,35.7275],[-81.773,35.7241],[-81.7717,35.722],[-81.7753,35.7187]]]}},{"type":"Feature","properties":{"id":"p3773160","name":"Whitakers"},"geometry":{"type":"Polygon","coordinates":[[[-77.7217,36.1072],[-77.7194,36.1003],[-77.7074,36.0997],[-77.7035,36.1051],[-77.7085,36.1121],[-77.7185,36.1132],[-77.7217,36.1072]]]}},{"type":"Feature","properties":{"id":"p3712860","name":"Clayton"},"geometry":{"type":"MultiPolygon","coordinates":[[[[-78.4012,35.668],[-78.4055,35.6595],[-78.397,35.6592],[-78.3966,35.6647],[-78.4012,35.668]]],[[[-78.415,35.6465],[-78.4059,35.6473],[-78.4053,35.6541],[-78.4225,35.6525],[-78.415,35.6465]]],[[[-78.4358,35.675],[-78.4304,35.6697],[-78.4253,35.677],[-78.4297,35.6787],[-78.4358,35.675]]],[[[-78.415,35.6465],[-78.4228,35.6445],[-78.425,35.6494],[-78.4232,35.6564],[-78.4169,35.6589],[-78.4253,35.6644],[-78.4369,35.6759],[-78.4294,35.6789],[-78.4164,35.6946],[-78.4211,35.7064],[-78.4306,35.7028],[-78.4321,35.7172],[-78.4447,35.7162],[-78.4447,35.7089],[-78.4588,35.7077],[-78.4562,35.7],[-78.4503,35.7017],[-78.4442,35.6972],[-78.4368,35.6853],[-78.4479,35.6831],[-78.4478,35.6773],[-78.4589,35.6776],[-78.4592,35.6726],[-78.4526,35.6706],[-78.4544,35.6654],[-78.4459,35.665],[-78.4357,35.6578],[-78.4297,35.6613],[-78.4199,35.6352],[-78.4117,35.6305],[-78.405,35.6348],[-78.3929,35.6345],[-78.3927,35.6291],[-78.3987,35.6277],[-78.396,35.6197],[-78.3883,35.6296],[-78.3848,35.6293],[-78.3795,35.6389],[-78.3862,35.6446],[-78.3927,35.6412],[-78.3989,35.6431],[-78.4063,35.6391],[-78.4134,35.6401],[-78.415,35.6465]]],[[[-78.4759,35.6745],[-78.4765,35.6705],[-78.4594,35.6732],[-78.4622,35.6773],[-78.4759,35.6745]]],[[[-78.4544,35.6654],[-78.4625,35.6674],[-78.4725,35.6643],[-78.4796,35.669],[-78.4995,35.6719],[-78.5097,35.6689],[-78.5096,35.662],[-78.4937,35.6629],[-78.4827,35.6574],[-78.4855,35.6501],[-78.4915,35.6451],[-78.4992,35.6454],[-78.4963,35.6344],[-78.5095,35.6333],[-78.5064,35.6203],[-78.5018,35.6232],[-78.5016,35.6284],[-78.4895,35.6299],[-78.4843,35.6339],[-78.4845,35.6405],[-78.4733,35.6299],[-78.4732,35.6222],[-78.4617,35.6209],[-78.4505,35.6316],[-78.4439,35.6345],[-78.4418,35.6258],[-78.4329,35.6302],[-78.4413,35.6375],[-78.4344,35.6449],[-78.4381,35.6517],[-78.4433,35.652],[-78.4433,35.6594],[-78.4542,35.6608],[-78.4544,35.6654]],[[-78.4721,35.6309],[-78.4597,35.6265],[-78.4621,35.6218],[-78.4721,35.6309]]]]}},{"type":"Feature","properties":{"id":"p3731060","name":"Hickory"},"geometry":{"type":"MultiPolygon","coordinates":[[[[-81.2609,35.8008],[-81.25,35.7821],[-81.2436,35.786],[-81.2354,35.7957],[-81.2515,35.8014],[-81.2609,35.8008]]],[[[-81.2897,35.7647],[-81.2808,35.7632],[-81.2814,35.7691],[-81.2897,35.7647]]],[[[-81.3172,35.623],[-81.3206,35.6189],[-81.3083,35.6165],[-81.3117,35.6238],[-81.3172,35.623]]],[[[-81.3882,35.7734],[-81.3895,35.7711],[-81.3836,35.7665],[-81.3859,35.7593],[-81.3779,35.7584],[-81.3804,35.7607],[-81.376,35.7813],[-81.3854,35.7821],[-81.3856,35.7784],[-81.3882,35.7734]]],[[[-81.3049,35.7902],[-81.3134,35.7948],[-81.3286,35.7946],[-81.3289,35.7848],[-81.3399,35.7843],[-81.3417,35.7785],[-81.351,35.7703],[-81.3592,35.766],[-81.3699,35.7657],[-81.3768,35.7552],[-81.3895,35.7511],[-81.398,35.7419],[-81.3963,35.7382],[-81.4034,35.7347],[-81.3857,35.737],[-81.3825,35.7425],[-81.3764,35.7433],[-81.3725,35.7374],[-81.3696,35.7235],[-81.3709,35.7175],[-81.3621,35.7131],[-81.3662,35.7075],[-81.3665,35.7107],[-81.3714,35.7116],[-81.3695,35.7108],[-81.3686,35.707],[-81.366,35.7064],[-81.3623,35.7044],[-81.3551,35.6974],[-81.3506,35.706],[-81.3468,35.7084],[-81.3448,35.7083],[-81.3393,35.7096],[-81.334,35.7058],[-81.3309,35.7119],[-81.3224,35.7103],[-81.3127,35.706],[-81.3127,35.6998],[-81.3034,35.6947],[-81.2954,35.6924],[-81.3028,35.6856],[-81.2966,35.6844],[-81.291,35.6881],[-81.2896,35.6942],[-81.2823,35.6954],[-81.2786,35.6988],[-81.2704,35.6977],[-81.2683,35.688],[-81.2777,35.685],[-81.2816,35.6899],[-81.2882,35.6884],[-81.2921,35.6785],[-81.2822,35.6759],[-81.2648,35.6835],[-81.261,35.6803],[-81.2565,35.6886],[-81.2594,35.6967],[-81.2594,35.6968],[-81.2619,35.6975],[-81.2623,35.7086],[-81.2631,35.7114],[-81.2624,35.7141],[-81.2713,35.7178],[-81.274,35.7217],[-81.2659,35.7267],[-81.271,35.7304],[-81.2782,35.729],[-81.2862,35.7315],[-81.2919,35.7424],[-81.2805,35.7456],[-81.2816,35.7534],[-81.2956,35.762],[-81.297,35.7675],[-81.2949,35.7788],[-81.2999,35.7954],[-81.3049,35.7902]],[[-81.2991,35.7216],[-81.2996,35.7273],[-81.2832,35.7233],[-81.2754,35.717],[-81.2795,35.7127],[-81.277,35.7079],[-81.2674,35.7005],[-81.2703,35.6981],[-81.2835,35.6999],[-81.281,35.7031],[-81.2875,35.7128],[-81.2868,35.718],[-81.2945,35.7227],[-81.2991,35.7216]]]]}},{"type":"Feature","properties":{"id":"p3711352","name":"Cedar Rock"},"geometry":{"type":"Polygon","coordinates":[[[-81.4697,35.9493],[-81.4656,35.9455],[-81.4651,35.9359],[-81.4571,35.9359],[-81.4481,35.9396],[-81.45,35.9517],[-81.4554,35.9539],[-81.4697,35.9493]]]}},{"type":"Feature","properties":{"id":"p3710760","name":"Casar"},"geometry":{"type":"Polygon","coordinates":[[[-81.6301,35.5134],[-81.6287,35.5071],[-81.6204,35.5024],[-81.6105,35.5032],[-81.6043,35.5093],[-81.6043,35.5171],[-81.6117,35.5228],[-81.6246,35.5214],[-81.6301,35.5134]]]}},{"type":"Feature","properties":{"id":"p3744160","name":"Mooresboro"},"geometry":{"type":"Polygon","coordinates":[[[-81.7114,35.3021],[-81.7112,35.2958],[-81.7019,35.2886],[-81.6926,35.2894],[-81.6858,35.2966],[-81.6865,35.304],[-81.6913,35.3084],[-81.7018,35.31],[-81.7114,35.3021]]]}},{"type":"Feature","properties":{"id":"p3753160","name":"Polkville"},"geometry":{"type":"Polygon","coordinates":[[[-81.657,35.4195],[-81.6548,35.4092],[-81.6459,35.4053],[-81.6385,35.406],[-81.631,35.4129],[-81.6303,35.4176],[-81.6358,35.425],[-81.6424,35.4276],[-81.6517,35.4255],[-81.657,35.4195]]]}},{"type":"Feature","properties":{"id":"p3722640","name":"Falkland"},"geometry":{"type":"Polygon","coordinates":[[[-77.5176,35.7024],[-77.5182,35.6976],[-77.5122,35.6941],[-77.5072,35.6985],[-77.5176,35.7024]]]}},{"type":"Feature","properties":{"id":"p3720580","name":"Elizabeth City"},"geometry":{"type":"MultiPolygon","coordinates":[[[[-76.2783,36.2825],[-76.2699,36.2853],[-76.2617,36.2847],[-76.2596,36.2791],[-76.2484,36.2763],[-76.2453,36.2802],[-76.2348,36.2828],[-76.2214,36.2722],[-76.2202,36.2762],[-76.2072,36.2673],[-76.192,36.2627],[-76.181,36.2726],[-76.1879,36.275],[-76.1904,36.286],[-76.2026,36.2862],[-76.2059,36.2928],[-76.2179,36.2966],[-76.2178,36.3015],[-76.2088,36.3085],[-76.209,36.3151],[-76.2193,36.3316],[-76.2257,36.3308],[-76.2264,36.3364],[-76.2404,36.3359],[-76.241,36.3266],[-76.2325,36.328],[-76.2256,36.3237],[-76.2236,36.3164],[-76.227,36.3104],[-76.2434,36.3006],[-76.2581,36.2975],[-76.2701,36.2911],[-76.2783,36.2825]]],[[[-76.3029,36.3015],[-76.3001,36.2889],[-76.2919,36.291],[-76.2891,36.2845],[-76.276,36.2894],[-76.2732,36.2977],[-76.268,36.2978],[-76.2684,36.3085],[-76.2741,36.3086],[-76.3033,36.3049],[-76.3029,36.3015]]]]}},{"type":"Feature","properties":{"id":"p3709380","name":"Butters"},"geometry":{"type":"Polygon","coordinates":[[[-78.8627,34.562],[-78.8595,34.5555],[-78.8374,34.5469],[-78.8393,34.5584],[-78.8439,34.5649],[-78.841,34.5693],[-78.8549,34.5738],[-78.857,34.5631],[-78.8627,34.562]]]}},{"type":"Feature","properties":{"id":"p3703665","name":"Barker Ten Mile"},"geometry":{"type":"Polygon","coordinates":[[[-79.0024,34.6815],[-79.0043,34.6747],[-78.9849,34.6709],[-78.9806,34.6664],[-78.9803,34.6746],[-78.9724,34.688],[-78.9789,34.6917],[-78.9881,34.6922],[-78.9938,34.6992],[-78.9988,34.6937],[-79.0024,34.6815]]]}},{"type":"Feature","properties":{"id":"p3756100","name":"Rex"},"geometry":{"type":"Polygon","coordinates":[[[-79.0557,34.8527],[-79.0573,34.8487],[-79.047,34.8449],[-79.0358,34.8445],[-79.0468,34.8605],[-79.0557,34.8527]]]}},{"type":"Feature","properties":{"id":"p3752920","name":"Pleasant Hill"},"geometry":{"type":"Polygon","coordinates":[[[-80.8721,36.257],[-80.8715,36.2688],[-80.888,36.2655],[-80.8961,36.2726],[-80.9011,36.2703],[-80.9018,36.265],[-80.9077,36.2618],[-80.9103,36.2545],[-80.9008,36.2493],[-80.8972,36.2501],[-80.8943,36.2403],[-80.8855,36.2481],[-80.8777,36.2521],[-80.8721,36.257]]]}},{"type":"Feature","properties":{"id":"p3702240","name":"Ashley Heights"},"geometry":{"type":"Polygon","coordinates":[[[-79.3924,35.0829],[-79.3874,35.0768],[-79.3777,35.079],[-79.3558,35.0876],[-79.3665,35.1054],[-79.3727,35.1064],[-79.3769,35.1002],[-79.3743,35.0967],[-79.3833,35.0936],[-79.3924,35.0829]]]}},{"type":"Feature","properties":{"id":"p3771600","name":"Webster"},"geometry":{"type":"Polygon","coordinates":[[[-83.229,35.3412],[-83.2221,35.3398],[-83.2073,35.3497],[-83.2219,35.3573],[-83.2287,35.3566],[-83.225,35.3477],[-83.229,35.3412]]]}},{"type":"Feature","properties":{"id":"p3718080","name":"Dudley"},"geometry":{"type":"Polygon","coordinates":[[[-78.0535,35.2615],[-78.0543,35.2571],[-78.039,35.2544],[-78.0277,35.2509],[-78.0189,35.2583],[-78.0257,35.2642],[-78.0257,35.2697],[-78.0346,35.2804],[-78.0477,35.2827],[-78.0519,35.271],[-78.0535,35.2615]]]}},{"type":"Feature","properties":{"id":"p3733560","name":"Indian Trail"},"geometry":{"type":"MultiPolygon","coordinates":[[[[-80.6386,35.119],[-80.6404,35.1159],[-80.6325,35.105],[-80.6194,35.1171],[-80.6206,35.1235],[-80.6292,35.1264],[-80.6347,35.126],[-80.6386,35.119]]],[[[-80.7251,35.0597],[-80.7209,35.0537],[-80.7164,35.0533],[-80.7104,35.0531],[-80.7097,35.0529],[-80.6987,35.0488],[-80.6991,35.0512],[-80.6994,35.0523],[-80.6996,35.0535],[-80.6951,35.0547],[-80.69,35.0562],[-80.683,35.0535],[-80.6751,35.0538],[-80.6664,35.0511],[-80.6729,35.045],[-80.6712,35.0408],[-80.6878,35.0423],[-80.688,35.0406],[-80.6848,35.0369],[-80.6805,35.0351],[-80.6686,35.028],[-80.676,35.0211],[-80.6701,35.0191],[-80.6607,35.0285],[-80.6523,35.0213],[-80.6453,35.0258],[-80.6366,35.0215],[-80.6274,35.0232],[-80.6299,35.0299],[-80.6371,35.029],[-80.6403,35.0343],[-80.6317,35.0358],[-80.6296,35.0311],[-80.6221,35.0336],[-80.6164,35.0421],[-80.6094,35.0434],[-80.6136,35.0466],[-80.6138,35.0525],[-80.6048,35.0563],[-80.6012,35.0569],[-80.5973,35.063],[-80.5962,35.0687],[-80.5929,35.0763],[-80.6009,35.0768],[-80.6043,35.0799],[-80.5983,35.0901],[-80.5915,35.0899],[-80.5808,35.0973],[-80.5843,35.106],[-80.5768,35.1126],[-80.5773,35.1251],[-80.5865,35.1286],[-80.5868,35.1324],[-80.5881,35.1265],[-80.5786,35.1227],[-80.5829,35.1072],[-80.6021,35.101],[-80.6111,35.1014],[-80.6181,35.1053],[-80.6133,35.1093],[-80.6095,35.1119],[-80.6084,35.1156],[-80.6146,35.117],[-80.6186,35.1129],[-80.6254,35.1063],[-80.6222,35.1004],[-80.6165,35.0962],[-80.6134,35.0906],[-80.623,35.0899],[-80.6235,35.085],[-80.6285,35.0786],[-80.6332,35.0814],[-80.6338,35.0806],[-80.6438,35.0818],[-80.6466,35.0873],[-80.642,35.0914],[-80.6402,35.0968],[-80.6385,35.0981],[-80.6379,35.0986],[-80.6374,35.0992],[-80.6326,35.103],[-80.6374,35.1078],[-80.6469,35.1009],[-80.6476,35.1082],[-80.6606,35.0987],[-80.6605,35.0953],[-80.6637,35.0956],[-80.6619,35.0896],[-80.6619,35.0889],[-80.6643,35.0872],[-80.6779,35.083],[-80.6908,35.082],[-80.6868,35.0763],[-80.6938,35.0708],[-80.7061,35.0695],[-80.7104,35.0716],[-80.7109,35.0727],[-80.71,35.0807],[-80.718,35.0744],[-80.7151,35.0696],[-80.7191,35.0629],[-80.7235,35.0596],[-80.7251,35.0597]],[[-80.6711,35.0675],[-80.6707,35.071],[-80.6598,35.0711],[-80.6565,35.0641],[-80.6711,35.0675]]]]}},{"type":"Feature","properties":{"id":"p3771460","name":"Waxhaw"},"geometry":{"type":"MultiPolygon","coordinates":[[[[-80.7071,34.9264],[-80.7153,34.9246],[-80.7192,34.9163],[-80.7097,34.916],[-80.7049,34.9119],[-80.6999,34.9025],[-80.6922,34.9058],[-80.6811,34.9055],[-80.6809,34.9146],[-80.6899,34.9172],[-80.6897,34.9203],[-80.6967,34.9206],[-80.6962,34.927],[-80.7071,34.9264]]],[[[-80.722,34.9655],[-80.723,34.9645],[-80.7217,34.9603],[-80.7127,34.9637],[-80.72,34.9647],[-80.722,34.9655]]],[[[-80.7421,34.9678],[-80.7477,34.9713],[-80.7522,34.9668],[-80.7432,34.959],[-80.7374,34.9579],[-80.7257,34.9655],[-80.7334,34.9725],[-80.7421,34.9678]]],[[[-80.7843,34.9516],[-80.7829,34.9468],[-80.7883,34.9427],[-80.782,34.9358],[-80.7841,34.9207],[-80.7779,34.9205],[-80.7731,34.9273],[-80.7615,34.923],[-80.748,34.915],[-80.7598,34.9063],[-80.7553,34.902],[-80.7477,34.9023],[-80.7491,34.9079],[-80.729,34.9113],[-80.7271,34.9186],[-80.7276,34.9357],[-80.7298,34.9423],[-80.7247,34.9438],[-80.7223,34.9437],[-80.7199,34.9489],[-80.7217,34.9603],[-80.7254,34.9552],[-80.7403,34.9416],[-80.7475,34.9408],[-80.7545,34.9572],[-80.761,34.9678],[-80.758,34.973],[-80.7694,34.975],[-80.7708,34.9748],[-80.7729,34.9731],[-80.7776,34.9678],[-80.7707,34.965],[-80.7749,34.9626],[-80.7825,34.9615],[-80.7835,34.9562],[-80.7843,34.9516]]]]}},{"type":"Feature","properties":{"id":"p3722040","name":"Everetts"},"geometry":{"type":"Polygon","coordinates":[[[-77.1827,35.8358],[-77.1813,35.8299],[-77.1618,35.833],[-77.1634,35.8397],[-77.1827,35.8358]]]}},{"type":"Feature","properties":{"id":"p3750540","name":"Parmele"},"geometry":{"type":"Polygon","coordinates":[[[-77.3255,35.8258],[-77.3215,35.8236],[-77.3244,35.8111],[-77.308,35.808],[-77.3033,35.8245],[-77.3207,35.8277],[-77.3255,35.8258]]]}},{"type":"Feature","properties":{"id":"p3706660","name":"Boardman"},"geometry":{"type":"Polygon","coordinates":[[[-78.9668,34.4312],[-78.9668,34.4244],[-78.9318,34.4244],[-78.9317,34.4534],[-78.9518,34.4488],[-78.9599,34.4428],[-78.9668,34.4312]]]}},{"type":"Feature","properties":{"id":"p3711620","name":"Cerro Gordo"},"geometry":{"type":"Polygon","coordinates":[[[-78.9392,34.3265],[-78.9392,34.3177],[-78.9182,34.3178],[-78.9183,34.3266],[-78.9312,34.3294],[-78.9392,34.3265]]]}},{"type":"Feature","properties":{"id":"p3706820","name":"Bolivia"},"geometry":{"type":"Polygon","coordinates":[[[-78.1539,34.073],[-78.1537,34.0671],[-78.1439,34.0615],[-78.1408,34.0681],[-78.1434,34.0775],[-78.1539,34.073]]]}},{"type":"Feature","properties":{"id":"p3759090","name":"Sandy Creek"},"geometry":{"type":"Polygon","coordinates":[[[-78.1585,34.2913],[-78.1667,34.2838],[-78.1513,34.2755],[-78.1614,34.2712],[-78.1562,34.2659],[-78.1451,34.267],[-78.1413,34.2836],[-78.1511,34.2881],[-78.1585,34.2913]]]}},{"type":"Feature","properties":{"id":"p3769795","name":"Varnamtown"},"geometry":{"type":"Polygon","coordinates":[[[-78.2528,33.9342],[-78.2461,33.9372],[-78.2227,33.9421],[-78.222,33.945],[-78.2295,33.9502],[-78.2387,33.9483],[-78.2416,33.9425],[-78.2523,33.9413],[-78.2528,33.9342]]]}},{"type":"Feature","properties":{"id":"p3705660","name":"Beulaville"},"geometry":{"type":"Polygon","coordinates":[[[-77.7888,34.9199],[-77.789,34.9181],[-77.7619,34.9132],[-77.7583,34.9266],[-77.7614,34.9325],[-77.7732,34.9294],[-77.7819,34.931],[-77.7846,34.92],[-77.7888,34.9199]]]}},{"type":"Feature","properties":{"id":"p3713280","name":"Clyde"},"geometry":{"type":"Polygon","coordinates":[[[-82.9215,35.5328],[-82.9184,35.5282],[-82.908,35.5264],[-82.9021,35.5309],[-82.902,35.5354],[-82.9084,35.5417],[-82.9174,35.5379],[-82.9215,35.5328]]]}},{"type":"Feature","properties":{"id":"p3703020","name":"Bailey"},"geometry":{"type":"Polygon","coordinates":[[[-78.1201,35.786],[-78.123,35.7769],[-78.1118,35.7752],[-78.1038,35.7766],[-78.1031,35.7852],[-78.1201,35.786]]]}},{"type":"Feature","properties":{"id":"p3710860","name":"Castalia"},"geometry":{"type":"Polygon","coordinates":[[[-78.0687,36.0859],[-78.0664,36.0785],[-78.0495,36.0758],[-78.0517,36.089],[-78.0642,36.0884],[-78.0687,36.0859]]]}},{"type":"Feature","properties":{"id":"p3730720","name":"Hendersonville"},"geometry":{"type":"Polygon","coordinates":[[[-82.4807,35.3396],[-82.4818,35.3264],[-82.4793,35.3208],[-82.4825,35.3148],[-82.4829,35.313],[-82.4761,35.3066],[-82.4689,35.2994],[-82.4635,35.3003],[-82.4592,35.3018],[-82.4513,35.2958],[-82.4516,35.2914],[-82.4387,35.295],[-82.4348,35.2925],[-82.4355,35.2973],[-82.4413,35.3048],[-82.4464,35.3058],[-82.4519,35.3149],[-82.4486,35.323],[-82.4392,35.315],[-82.4382,35.3229],[-82.4414,35.3287],[-82.4409,35.3375],[-82.4353,35.3369],[-82.4343,35.343],[-82.4283,35.3493],[-82.4146,35.3507],[-82.4158,35.3605],[-82.4243,35.3563],[-82.4234,35.3505],[-82.4323,35.3533],[-82.435,35.3501],[-82.4471,35.3511],[-82.4528,35.3486],[-82.4681,35.3539],[-82.4733,35.3505],[-82.4775,35.3393],[-82.4807,35.3396]],[[-82.4691,35.3349],[-82.4714,35.3479],[-82.4649,35.3476],[-82.4568,35.3479],[-82.4517,35.3453],[-82.4525,35.3388],[-82.4585,35.3392],[-82.4628,35.3344],[-82.4691,35.3349]]]}},{"type":"Feature","properties":{"id":"p3716240","name":"Danbury"},"geometry":{"type":"Polygon","coordinates":[[[-80.2228,36.4141],[-80.2099,36.4056],[-80.1992,36.4092],[-80.2025,36.4133],[-80.2132,36.4172],[-80.2228,36.4141]]]}},{"type":"Feature","properties":{"id":"p3715020","name":"Cove City"},"geometry":{"type":"Polygon","coordinates":[[[-77.3285,35.1889],[-77.3301,35.1856],[-77.3154,35.1821],[-77.3116,35.1917],[-77.3261,35.1951],[-77.3285,35.1889]]]}},{"type":"Feature","properties":{"id":"p3746340","name":"New Bern"},"geometry":{"type":"MultiPolygon","coordinates":[[[[-77.0158,35.117],[-77.0189,35.1029],[-77.0088,35.1069],[-77.0151,35.1173],[-77.0158,35.117]]],[[[-77.0399,35.0601],[-77.0482,35.0575],[-77.0484,35.0494],[-77.0442,35.0408],[-77.0338,35.0382],[-77.0373,35.031],[-77.0358,35.0279],[-77.0229,35.0293],[-77.0215,35.0191],[-77.035,35.0183],[-77.0364,35.0212],[-77.0513,35.0081],[-77.0351,35.003],[-77.0217,35.0008],[-77.0039,34.9958],[-77.0013,34.9996],[-76.9914,34.9999],[-76.996,35.0113],[-77.0097,35.0195],[-77.0028,35.0254],[-77.0162,35.0491],[-77.0143,35.0503],[-77.0241,35.0577],[-77.0399,35.0601]]],[[[-77.0575,35.0705],[-77.0516,35.0645],[-77.0457,35.0712],[-77.0496,35.076],[-77.0575,35.0705]]],[[[-77.1528,35.1064],[-77.1464,35.1064],[-77.1431,35.1012],[-77.1292,35.0978],[-77.1281,35.1054],[-77.1327,35.1062],[-77.1359,35.1132],[-77.1422,35.1106],[-77.1463,35.1138],[-77.1528,35.1064]]],[[[-77.0368,35.0976],[-77.0344,35.1037],[-77.0346,35.1112],[-77.0432,35.1218],[-77.0527,35.1272],[-77.052,35.1345],[-77.0626,35.1424],[-77.076,35.147],[-77.0821,35.1505],[-77.0909,35.1591],[-77.1015,35.1562],[-77.1125,35.1556],[-77.1188,35.1496],[-77.1257,35.1526],[-77.1388,35.1548],[-77.1557,35.1494],[-77.1587,35.1456],[-77.1189,35.1355],[-77.1277,35.1322],[-77.1199,35.1258],[-77.1283,35.1248],[-77.1285,35.1152],[-77.1205,35.1151],[-77.1145,35.1047],[-77.1189,35.1047],[-77.1238,35.0948],[-77.1313,35.0906],[-77.121,35.0884],[-77.1106,35.0847],[-77.0976,35.0896],[-77.0908,35.0898],[-77.0767,35.0936],[-77.0764,35.0888],[-77.0684,35.0869],[-77.0721,35.0794],[-77.0658,35.0747],[-77.0639,35.0712],[-77.0611,35.0759],[-77.0505,35.0887],[-77.0516,35.0907],[-77.0467,35.1036],[-77.0417,35.0996],[-77.0368,35.0976]]]]}},{"type":"Feature","properties":{"id":"p3759980","name":"Seaboard"},"geometry":{"type":"Polygon","coordinates":[[[-77.4514,36.4969],[-77.4499,36.483],[-77.4321,36.4844],[-77.4341,36.4986],[-77.4514,36.4969]]]}},{"type":"Feature","properties":{"id":"p3741420","name":"Marion"},"geometry":{"type":"MultiPolygon","coordinates":[[[[-81.9538,35.6422],[-81.9538,35.6374],[-81.9445,35.6369],[-81.9445,35.6417],[-81.9538,35.6422]]],[[[-82.0136,35.6683],[-82.0013,35.6699],[-82.0032,35.6754],[-81.9915,35.6739],[-81.9762,35.6612],[-81.9711,35.6533],[-81.9751,35.6503],[-81.9763,35.6427],[-81.9625,35.6414],[-81.9623,35.6467],[-81.9554,35.6521],[-81.9639,35.6592],[-81.9687,35.6607],[-81.9787,35.6684],[-81.9896,35.6737],[-81.9907,35.6841],[-81.9813,35.6868],[-81.9816,35.7007],[-81.9848,35.7019],[-82.0028,35.697],[-82.0196,35.6912],[-82.0262,35.7011],[-82.0305,35.7042],[-82.0313,35.7155],[-82.0368,35.7201],[-82.037,35.7061],[-82.0337,35.7055],[-82.0208,35.6907],[-82.0206,35.6824],[-82.024,35.6784],[-82.0223,35.6728],[-82.0309,35.6682],[-82.0353,35.6632],[-82.028,35.6601],[-82.0309,35.6536],[-82.0342,35.6486],[-82.028,35.6444],[-82.0237,35.6619],[-82.0136,35.6683]]]]}},{"type":"Feature","properties":{"id":"p3728240","name":"Grimesland"},"geometry":{"type":"Polygon","coordinates":[[[-77.2008,35.5678],[-77.1966,35.5574],[-77.1821,35.5587],[-77.1851,35.5657],[-77.2008,35.5678]]]}},{"type":"Feature","properties":{"id":"p3742620","name":"Micro"},"geometry":{"type":"Polygon","coordinates":[[[-78.2107,35.5634],[-78.2037,35.556],[-78.1959,35.56],[-78.2005,35.5666],[-78.2107,35.5634]]]}},{"type":"Feature","properties":{"id":"p3747020","name":"Newton Grove"},"geometry":{"type":"Polygon","coordinates":[[[-78.3714,35.2518],[-78.37,35.2447],[-78.3609,35.2386],[-78.3506,35.238],[-78.3433,35.2407],[-78.3388,35.2474],[-78.3387,35.256],[-78.3497,35.2662],[-78.3571,35.268],[-78.3661,35.2638],[-78.3714,35.2518]]]}},{"type":"Feature","properties":{"id":"p3775340","name":"Woodland"},"geometry":{"type":"Polygon","coordinates":[[[-77.2253,36.3324],[-77.2155,36.3226],[-77.1975,36.3319],[-77.209,36.3429],[-77.2253,36.3324]]]}},{"type":"Feature","properties":{"id":"p3770320","name":"Waco"},"geometry":{"type":"Polygon","coordinates":[[[-81.4371,35.3645],[-81.4338,35.3556],[-81.4254,35.3548],[-81.4206,35.358],[-81.4223,35.3666],[-81.4275,35.3689],[-81.4371,35.3645]]]}},{"type":"Feature","properties":{"id":"p3722305","name":"Fairfield Harbour"},"geometry":{"type":"Polygon","coordinates":[[[-76.9859,35.0821],[-76.9803,35.0755],[-76.9717,35.069],[-76.9699,35.0598],[-76.9571,35.0566],[-76.9529,35.0572],[-76.9488,35.0515],[-76.9429,35.0514],[-76.9412,35.0573],[-76.9361,35.0619],[-76.9353,35.0721],[-76.9409,35.0773],[-76.958,35.0871],[-76.9859,35.0821]]]}},{"type":"Feature","properties":{"id":"p3760540","name":"Seven Springs"},"geometry":{"type":"Polygon","coordinates":[[[-77.8508,35.2286],[-77.8493,35.2183],[-77.8381,35.226],[-77.844,35.2292],[-77.8508,35.2286]]]}},{"type":"Feature","properties":{"id":"p3763120","name":"Southern Pines"},"geometry":{"type":"MultiPolygon","coordinates":[[[[-79.3804,35.2409],[-79.3948,35.23],[-79.3911,35.221],[-79.386,35.2259],[-79.3713,35.229],[-79.3733,35.2327],[-79.3785,35.2333],[-79.3804,35.2409]]],[[[-79.4204,35.2466],[-79.4209,35.2519],[-79.4276,35.2519],[-79.4276,35.2446],[-79.4222,35.2457],[-79.4204,35.2466]]],[[[-79.429,35.1979],[-79.4468,35.199],[-79.4475,35.1942],[-79.4393,35.1836],[-79.4396,35.1825],[-79.4401,35.177],[-79.4276,35.178],[-79.4255,35.1713],[-79.4258,35.1645],[-79.4272,35.1645],[-79.4289,35.1578],[-79.4223,35.1611],[-79.4096,35.156],[-79.4093,35.1631],[-79.4075,35.1641],[-79.4039,35.161],[-79.3994,35.1519],[-79.3979,35.1499],[-79.3957,35.1478],[-79.3983,35.142],[-79.4046,35.1439],[-79.4077,35.1391],[-79.4062,35.1388],[-79.4036,35.1366],[-79.4027,35.1314],[-79.3934,35.1299],[-79.3911,35.1304],[-79.385,35.1383],[-79.3833,35.1465],[-79.3737,35.1474],[-79.3821,35.1545],[-79.3738,35.1638],[-79.3838,35.1693],[-79.3737,35.1748],[-79.3757,35.1811],[-79.3696,35.1914],[-79.3736,35.2018],[-79.3652,35.2036],[-79.3627,35.2076],[-79.3746,35.2106],[-79.3763,35.2221],[-79.3827,35.2184],[-79.3911,35.221],[-79.4062,35.2292],[-79.3989,35.2409],[-79.3934,35.244],[-79.3956,35.2464],[-79.3997,35.2429],[-79.4052,35.2452],[-79.4059,35.2449],[-79.4185,35.2386],[-79.4194,35.2429],[-79.428,35.2424],[-79.4356,35.2389],[-79.44,35.2391],[-79.4447,35.238],[-79.4422,35.2314],[-79.4294,35.2325],[-79.4288,35.2228],[-79.4322,35.2202],[-79.4246,35.2136],[-79.4266,35.2005],[-79.4222,35.197],[-79.4242,35.1972],[-79.425,35.1973],[-79.4283,35.1978],[-79.429,35.1979]],[[-79.4097,35.2018],[-79.4065,35.2111],[-79.3964,35.2039],[-79.4004,35.1992],[-79.4097,35.2018]]]]}},{"type":"Feature","properties":{"id":"p3703840","name":"Bath"},"geometry":{"type":"Polygon","coordinates":[[[-76.8215,35.4557],[-76.8144,35.4592],[-76.8122,35.4665],[-76.8063,35.4708],[-76.8011,35.4705],[-76.7951,35.4745],[-76.8193,35.4807],[-76.8174,35.4693],[-76.8215,35.4557]]]}},{"type":"Feature","properties":{"id":"p3739680","name":"Lumber Bridge"},"geometry":{"type":"Polygon","coordinates":[[[-79.0833,34.8919],[-79.0788,34.8859],[-79.0682,34.8843],[-79.062,34.8893],[-79.0632,34.8933],[-79.0793,34.8946],[-79.0833,34.8919]]]}},{"type":"Feature","properties":{"id":"p3714340","name":"Conover"},"geometry":{"type":"Polygon","coordinates":[[[-81.253,35.7246],[-81.2618,35.7186],[-81.2624,35.7141],[-81.2631,35.7114],[-81.2623,35.7086],[-81.2619,35.6975],[-81.2594,35.6968],[-81.2379,35.6953],[-81.2255,35.6951],[-81.2231,35.6949],[-81.2175,35.6921],[-81.2118,35.6932],[-81.2112,35.6921],[-81.2031,35.688],[-81.2019,35.6897],[-81.1991,35.6923],[-81.1962,35.6911],[-81.1967,35.6892],[-81.179,35.7014],[-81.1746,35.7041],[-81.1704,35.7066],[-81.1699,35.7069],[-81.1702,35.7074],[-81.1715,35.7077],[-81.1783,35.7035],[-81.1794,35.7123],[-81.1852,35.7175],[-81.1822,35.7241],[-81.2106,35.7242],[-81.1996,35.7305],[-81.1878,35.7332],[-81.1808,35.7327],[-81.1772,35.7392],[-81.1675,35.7341],[-81.1618,35.7408],[-81.163,35.7469],[-81.1705,35.7519],[-81.1771,35.7468],[-81.1793,35.741],[-81.1898,35.7365],[-81.2031,35.7378],[-81.2024,35.7445],[-81.1975,35.7504],[-81.2064,35.7516],[-81.2085,35.7413],[-81.2204,35.735],[-81.2354,35.7356],[-81.244,35.7407],[-81.2488,35.7383],[-81.2476,35.735],[-81.2392,35.734],[-81.2388,35.7286],[-81.2448,35.7273],[-81.2459,35.7274],[-81.2486,35.726],[-81.253,35.7246]],[[-81.2199,35.7286],[-81.2141,35.7328],[-81.2109,35.7242],[-81.2147,35.7219],[-81.2199,35.7286]],[[-81.216,35.7195],[-81.2029,35.7241],[-81.2007,35.7195],[-81.191,35.718],[-81.1879,35.7128],[-81.1971,35.7081],[-81.2011,35.7163],[-81.2068,35.7211],[-81.216,35.7195]]]}},{"type":"Feature","properties":{"id":"p3737680","name":"Leland"},"geometry":{"type":"MultiPolygon","coordinates":[[[[-78.016,34.2146],[-78.0182,34.2159],[-78.03,34.2092],[-78.0196,34.2016],[-77.9963,34.2059],[-77.9921,34.1942],[-78.0075,34.1958],[-78.0247,34.1947],[-78.0367,34.1972],[-78.0428,34.195],[-78.0448,34.2035],[-78.0687,34.1942],[-78.0642,34.1888],[-78.0538,34.1878],[-78.0582,34.1821],[-78.0593,34.1698],[-78.0577,34.1615],[-78.0505,34.1577],[-78.038,34.1621],[-78.0319,34.1621],[-78.0132,34.1679],[-78.0085,34.1576],[-78.0029,34.1557],[-77.9889,34.1613],[-77.9954,34.1713],[-77.9954,34.1766],[-77.9905,34.1792],[-77.9858,34.1942],[-77.9814,34.198],[-77.9818,34.2061],[-77.9822,34.2073],[-77.9842,34.2048],[-77.9956,34.2101],[-78.0003,34.2168],[-78.0141,34.2126],[-78.016,34.2146]]],[[[-78.0764,34.2189],[-78.0759,34.2106],[-78.0681,34.2121],[-78.0654,34.2055],[-78.0589,34.2037],[-78.0642,34.2235],[-78.0738,34.226],[-78.0764,34.2189]]],[[[-78.0297,34.256],[-78.0494,34.256],[-78.0579,34.2619],[-78.0543,34.2666],[-78.0624,34.2726],[-78.0692,34.2738],[-78.0759,34.2714],[-78.0789,34.2642],[-78.0701,34.264],[-78.0571,34.2578],[-78.0557,34.2526],[-78.0491,34.2438],[-78.0409,34.2407],[-78.0481,34.2341],[-78.0587,34.2304],[-78.0634,34.2237],[-78.0599,34.2087],[-78.052,34.2015],[-78.0447,34.204],[-78.0434,34.2094],[-78.0317,34.2092],[-78.0269,34.2121],[-78.0321,34.2141],[-78.0333,34.2192],[-78.0153,34.2201],[-78.0134,34.2252],[-78.0031,34.2269],[-77.9912,34.2328],[-77.9857,34.2337],[-77.9751,34.2379],[-77.988,34.2406],[-77.9905,34.2444],[-77.9991,34.2448],[-78.0058,34.2475],[-78.0162,34.2465],[-78.0177,34.2516],[-78.0253,34.2526],[-78.0297,34.256]]],[[[-78.1199,34.1853],[-78.1112,34.1799],[-78.0974,34.1809],[-78.0982,34.1853],[-78.0872,34.1978],[-78.0886,34.2012],[-78.0966,34.2021],[-78.0989,34.2068],[-78.1054,34.203],[-78.1071,34.1975],[-78.1013,34.188],[-78.1007,34.1836],[-78.1095,34.1825],[-78.1128,34.1858],[-78.1199,34.1853]]],[[[-78.1284,34.2608],[-78.1276,34.2538],[-78.1188,34.2507],[-78.1235,34.2464],[-78.1098,34.2341],[-78.1047,34.237],[-78.0987,34.2319],[-78.095,34.2328],[-78.0774,34.2193],[-78.0764,34.2415],[-78.0837,34.2394],[-78.088,34.2434],[-78.0906,34.2562],[-78.1063,34.2645],[-78.1108,34.2708],[-78.1149,34.2659],[-78.123,34.2691],[-78.1284,34.2608]]]]}},{"type":"Feature","properties":{"id":"p3715420","name":"Creswell"},"geometry":{"type":"Polygon","coordinates":[[[-76.4006,35.8725],[-76.4007,35.8687],[-76.389,35.8646],[-76.386,35.8694],[-76.39,35.8742],[-76.4006,35.8725]]]}},{"type":"Feature","properties":{"id":"p3716730","name":"Deercroft"},"geometry":{"type":"Polygon","coordinates":[[[-79.4466,34.9538],[-79.4401,34.95],[-79.4296,34.9496],[-79.4254,34.957],[-79.4237,34.9675],[-79.4315,34.9677],[-79.4465,34.9645],[-79.4466,34.9538]]]}},{"type":"Feature","properties":{"id":"p3713500","name":"Coinjock"},"geometry":{"type":"Polygon","coordinates":[[[-75.961,36.3569],[-75.9586,36.3444],[-75.9519,36.3425],[-75.9453,36.3525],[-75.9478,36.3616],[-75.961,36.3569]]]}},{"type":"Feature","properties":{"id":"p3742000","name":"Maury"},"geometry":{"type":"Polygon","coordinates":[[[-77.6049,35.4735],[-77.5916,35.4697],[-77.5849,35.4764],[-77.5778,35.4793],[-77.5824,35.4882],[-77.589,35.4883],[-77.6018,35.48],[-77.6049,35.4735]]]}},{"type":"Feature","properties":{"id":"p3729000","name":"Hallsboro"},"geometry":{"type":"Polygon","coordinates":[[[-78.6192,34.3186],[-78.6129,34.3121],[-78.5906,34.3039],[-78.5904,34.3121],[-78.5853,34.3144],[-78.5776,34.3097],[-78.5669,34.3111],[-78.5678,34.3222],[-78.5885,34.3223],[-78.5837,34.3326],[-78.6055,34.3336],[-78.6045,34.3223],[-78.6195,34.3223],[-78.6192,34.3186]]]}},{"type":"Feature","properties":{"id":"p3758340","name":"Ruffin"},"geometry":{"type":"Polygon","coordinates":[[[-79.5726,36.4344],[-79.5685,36.4326],[-79.5577,36.4331],[-79.5507,36.4243],[-79.5459,36.4241],[-79.5328,36.4306],[-79.5292,36.4345],[-79.5202,36.4357],[-79.5194,36.4492],[-79.53,36.462],[-79.5402,36.458],[-79.5649,36.4463],[-79.571,36.441],[-79.5726,36.4344]]]}},{"type":"Feature","properties":{"id":"p3720420","name":"Efland"},"geometry":{"type":"Polygon","coordinates":[[[-79.1921,36.0848],[-79.1918,36.0793],[-79.1831,36.074],[-79.1591,36.0736],[-79.1512,36.0811],[-79.1558,36.0885],[-79.1687,36.0873],[-79.1747,36.0842],[-79.1856,36.0895],[-79.1921,36.0848]]]}},{"type":"Feature","properties":{"id":"p3758260","name":"Royal Pines"},"geometry":{"type":"Polygon","coordinates":[[[-82.5128,35.4964],[-82.519,35.4894],[-82.5173,35.4777],[-82.5094,35.4676],[-82.5093,35.462],[-82.5009,35.4613],[-82.4945,35.4646],[-82.492,35.4722],[-82.4841,35.4717],[-82.4915,35.4802],[-82.4931,35.4848],[-82.5048,35.4934],[-82.5128,35.4964]]]}},{"type":"Feature","properties":{"id":"p3753475","name":"Porters Neck"},"geometry":{"type":"Polygon","coordinates":[[[-77.7978,34.3014],[-77.8016,34.2949],[-77.7838,34.2884],[-77.7817,34.2801],[-77.7703,34.2723],[-77.7679,34.2659],[-77.76,34.2747],[-77.7408,34.2997],[-77.7523,34.3042],[-77.7685,34.3191],[-77.7819,34.3068],[-77.7978,34.3014]]]}},{"type":"Feature","properties":{"id":"p3765260","name":"Stony Point"},"geometry":{"type":"Polygon","coordinates":[[[-81.0664,35.8679],[-81.0633,35.8615],[-81.0549,35.8585],[-81.0521,35.845],[-81.0413,35.8579],[-81.0285,35.8561],[-81.0256,35.8643],[-81.0302,35.8701],[-81.0404,35.8678],[-81.0407,35.873],[-81.035,35.8809],[-81.0384,35.8849],[-81.0516,35.8801],[-81.0601,35.8798],[-81.06,35.8718],[-81.0664,35.8679]]]}},{"type":"Feature","properties":{"id":"p3703220","name":"Balfour"},"geometry":{"type":"MultiPolygon","coordinates":[[[[-82.4649,35.3476],[-82.4714,35.3479],[-82.4691,35.3349],[-82.4649,35.3476]]],[[[-82.5024,35.3579],[-82.5026,35.3529],[-82.4969,35.3512],[-82.4807,35.3396],[-82.4775,35.3393],[-82.4733,35.3505],[-82.4681,35.3539],[-82.4819,35.3573],[-82.5024,35.3579]]]]}},{"type":"Feature","properties":{"id":"p3759765","name":"Scotch Meadows"},"geometry":{"type":"Polygon","coordinates":[[[-79.5258,34.6911],[-79.5188,34.6843],[-79.5141,34.6855],[-79.516,34.6933],[-79.5258,34.6911]]]}},{"type":"Feature","properties":{"id":"p3712590","name":"Chowan Beach"},"geometry":{"type":"Polygon","coordinates":[[[-76.7134,36.2172],[-76.7154,36.2117],[-76.7075,36.211],[-76.7065,36.217],[-76.7134,36.2172]]]}},{"type":"Feature","properties":{"id":"p3710264","name":"Cape Colony"},"geometry":{"type":"Polygon","coordinates":[[[-76.5777,36.0301],[-76.5818,36.0338],[-76.5934,36.0229],[-76.5804,36.0106],[-76.5729,36.0094],[-76.5727,36.0174],[-76.5777,36.0301]]]}},{"type":"Feature","properties":{"id":"p3716084","name":"Cypress Landing"},"geometry":{"type":"Polygon","coordinates":[[[-77.0778,35.5018],[-77.0772,35.5004],[-77.0493,35.4842],[-77.038,35.4862],[-77.0352,35.4935],[-77.0447,35.5046],[-77.0551,35.5098],[-77.0767,35.5055],[-77.0778,35.5018]]]}},{"type":"Feature","properties":{"id":"p3770580","name":"Wakulla"},"geometry":{"type":"Polygon","coordinates":[[[-79.2617,34.7921],[-79.2582,34.7849],[-79.253,34.7861],[-79.2481,34.7947],[-79.2548,34.8006],[-79.2531,34.8091],[-79.261,34.8083],[-79.2594,34.7984],[-79.2617,34.7921]]]}},{"type":"Feature","properties":{"id":"p3733320","name":"Icard"},"geometry":{"type":"Polygon","coordinates":[[[-81.4432,35.7167],[-81.4416,35.7415],[-81.4462,35.744],[-81.4587,35.7387],[-81.4691,35.739],[-81.481,35.7271],[-81.4804,35.7238],[-81.4724,35.7215],[-81.4691,35.7154],[-81.4716,35.7096],[-81.4548,35.7083],[-81.4442,35.7087],[-81.4432,35.7113],[-81.4432,35.7167]]]}},{"type":"Feature","properties":{"id":"p3709780","name":"Camden"},"geometry":{"type":"Polygon","coordinates":[[[-76.1827,36.3165],[-76.1771,36.3168],[-76.1682,36.3096],[-76.1603,36.3188],[-76.1655,36.3254],[-76.1566,36.3364],[-76.1695,36.339],[-76.177,36.332],[-76.1827,36.3165]]]}},{"type":"Feature","properties":{"id":"p3707340","name":"Bowdens"},"geometry":{"type":"Polygon","coordinates":[[[-78.1307,35.0586],[-78.1218,35.0556],[-78.1151,35.0461],[-78.107,35.0529],[-78.0992,35.0565],[-78.103,35.0687],[-78.1117,35.065],[-78.1211,35.0638],[-78.1307,35.0586]]]}},{"type":"Feature","properties":{"id":"p3760000","name":"Sea Breeze"},"geometry":{"type":"Polygon","coordinates":[[[-77.8959,34.0856],[-77.8947,34.0765],[-77.9087,34.0764],[-77.9108,34.0695],[-77.9042,34.0639],[-77.9081,34.0534],[-77.8895,34.0592],[-77.8885,34.0628],[-77.882,34.0851],[-77.8959,34.0856]]]}},{"type":"Feature","properties":{"id":"p3715640","name":"Crouse"},"geometry":{"type":"Polygon","coordinates":[[[-81.3195,35.415],[-81.3,35.4143],[-81.2858,35.4249],[-81.2906,35.431],[-81.2976,35.4264],[-81.3082,35.4268],[-81.3144,35.423],[-81.3195,35.415]]]}},{"type":"Feature","properties":{"id":"p3710532","name":"Carolina Meadows"},"geometry":{"type":"Polygon","coordinates":[[[-79.0188,35.8522],[-79.0071,35.8636],[-79.0266,35.8628],[-79.0265,35.8598],[-79.0188,35.8522]]]}},{"type":"Feature","properties":{"id":"p3743320","name":"Milwaukee"},"geometry":{"type":"Polygon","coordinates":[[[-77.2537,36.4046],[-77.2471,36.3996],[-77.2378,36.4021],[-77.2204,36.3978],[-77.2105,36.3998],[-77.2134,36.4094],[-77.2227,36.4098],[-77.2285,36.4127],[-77.247,36.4098],[-77.2537,36.4046]]]}},{"type":"Feature","properties":{"id":"p3701720","name":"Archdale"},"geometry":{"type":"MultiPolygon","coordinates":[[[[-79.9195,35.8952],[-79.9153,35.8907],[-79.9119,35.9025],[-79.9189,35.9028],[-79.9195,35.8952]]],[[[-79.936,35.8614],[-79.928,35.857],[-79.9276,35.8636],[-79.936,35.8614]]],[[[-80.0109,35.9183],[-80.0129,35.9162],[-80.0115,35.9099],[-80.0057,35.9084],[-79.9997,35.9034],[-79.9969,35.9032],[-79.9907,35.9028],[-79.9676,35.8882],[-79.9614,35.8862],[-79.9616,35.8815],[-79.9608,35.8815],[-79.9606,35.8725],[-79.9548,35.8844],[-79.9452,35.8841],[-79.9371,35.8919],[-79.9326,35.8889],[-79.9252,35.8926],[-79.9249,35.898],[-79.9347,35.8991],[-79.9349,35.9083],[-79.9465,35.9085],[-79.936,35.915],[-79.9373,35.9231],[-79.9303,35.9266],[-79.9308,35.9317],[-79.9408,35.9298],[-79.9522,35.9169],[-79.9656,35.9174],[-79.9708,35.9217],[-79.9734,35.9177],[-79.9992,35.9187],[-80.0054,35.9136],[-80.0109,35.9183]]]]}},{"type":"Feature","properties":{"id":"p3722620","name":"Falcon"},"geometry":{"type":"Polygon","coordinates":[[[-78.6608,35.2007],[-78.6565,35.1823],[-78.6396,35.1848],[-78.6431,35.2028],[-78.6546,35.2067],[-78.6608,35.2007]]]}},{"type":"Feature","properties":{"id":"p3735880","name":"Kings Mountain"},"geometry":{"type":"MultiPolygon","coordinates":[[[[-81.3687,35.199],[-81.3639,35.1922],[-81.3539,35.2007],[-81.3612,35.2042],[-81.3687,35.199]]],[[[-81.3982,35.2461],[-81.403,35.2435],[-81.3953,35.2377],[-81.3883,35.2358],[-81.3863,35.2301],[-81.3929,35.2287],[-81.3939,35.2239],[-81.3847,35.2224],[-81.3858,35.2297],[-81.3784,35.2316],[-81.3684,35.224],[-81.3617,35.2227],[-81.3611,35.2167],[-81.3724,35.2107],[-81.3626,35.2069],[-81.3567,35.2084],[-81.3443,35.1993],[-81.3403,35.2037],[-81.3396,35.2121],[-81.3258,35.2132],[-81.321,35.2097],[-81.3184,35.2108],[-81.3163,35.2128],[-81.3083,35.223],[-81.3056,35.2297],[-81.3058,35.2354],[-81.3001,35.2431],[-81.3021,35.2466],[-81.3114,35.2443],[-81.324,35.2435],[-81.3232,35.2496],[-81.3137,35.2514],[-81.3136,35.2615],[-81.3198,35.2569],[-81.3305,35.2579],[-81.3217,35.2691],[-81.3274,35.2723],[-81.3315,35.2656],[-81.3409,35.2575],[-81.3511,35.2536],[-81.3612,35.2611],[-81.3654,35.2559],[-81.3746,35.2535],[-81.3767,35.2576],[-81.393,35.2501],[-81.3982,35.2461]],[[-81.3315,35.2253],[-81.3241,35.2308],[-81.3113,35.2239],[-81.3167,35.2212],[-81.3214,35.2274],[-81.3315,35.2253]]]]}},{"type":"Feature","properties":{"id":"p3753900","name":"Proctorville"},"geometry":{"type":"Polygon","coordinates":[[[-79.0423,34.4729],[-79.042,34.4697],[-79.0335,34.468],[-79.0318,34.4814],[-79.0415,34.4813],[-79.0423,34.4729]]]}},{"type":"Feature","properties":{"id":"p3739700","name":"Lumberton"},"geometry":{"type":"Polygon","coordinates":[[[-79.0128,34.6963],[-79.029,34.6976],[-79.0288,34.6908],[-79.018,34.6898],[-79.0124,34.6861],[-79.0171,34.6801],[-79.0116,34.6772],[-79.0099,34.6645],[-79.0152,34.6643],[-79.0172,34.6547],[-79.0256,34.6627],[-79.0315,34.6586],[-79.0288,34.6552],[-79.0215,34.6544],[-79.0151,34.6467],[-79.0213,34.6382],[-79.0306,34.6332],[-79.052,34.6242],[-79.0648,34.6349],[-79.0726,34.639],[-79.0708,34.6453],[-79.0814,34.6417],[-79.0692,34.6327],[-79.0725,34.6282],[-79.0636,34.6199],[-79.075,34.6134],[-79.1071,34.6023],[-79.1014,34.5921],[-79.0938,34.5951],[-79.0761,34.5924],[-79.0645,34.5877],[-79.0485,34.5794],[-79.0514,34.5837],[-79.049,34.5896],[-79.0562,34.5927],[-79.0568,34.5852],[-79.0734,34.5925],[-79.0894,34.5957],[-79.0976,34.5993],[-79.0852,34.6059],[-79.0769,34.6075],[-79.0736,34.6006],[-79.0666,34.6014],[-79.0585,34.6056],[-79.0501,34.6059],[-79.0545,34.6161],[-79.0459,34.6181],[-79.0321,34.6252],[-79.0213,34.6211],[-79.0247,34.6151],[-79.0429,34.609],[-79.0357,34.6018],[-79.0404,34.5926],[-79.0351,34.5927],[-79.0342,34.5993],[-79.023,34.601],[-79.0221,34.6076],[-79.0149,34.6107],[-79.0028,34.61],[-78.9912,34.6005],[-78.9817,34.6071],[-78.9799,34.6019],[-78.9876,34.5957],[-78.9795,34.5946],[-78.9796,34.6001],[-78.968,34.6087],[-78.9783,34.6123],[-78.9739,34.618],[-78.9781,34.6245],[-78.9883,34.6299],[-78.9818,34.6342],[-78.9716,34.6332],[-78.9672,34.6374],[-78.9825,34.6445],[-78.9966,34.6445],[-78.9925,34.6527],[-78.9804,34.656],[-78.9806,34.6664],[-78.9849,34.6709],[-79.0043,34.6747],[-79.0024,34.6815],[-79.0055,34.6859],[-79.0064,34.6943],[-79.0128,34.6963]]]}},{"type":"Feature","properties":{"id":"p3722920","name":"Fayetteville"},"geometry":{"type":"MultiPolygon","coordinates":[[[[-78.8193,34.9849],[-78.8159,34.979],[-78.8046,34.9793],[-78.8043,34.9888],[-78.8181,34.9903],[-78.8193,34.9849]]],[[[-78.8311,35.0855],[-78.8338,35.0906],[-78.841,35.0889],[-78.8363,35.0822],[-78.8311,35.0855]]],[[[-78.8646,35.2053],[-78.8586,35.2013],[-78.8502,35.2013],[-78.849,35.2054],[-78.8566,35.2087],[-78.8646,35.2053]]],[[[-78.894,34.9978],[-78.8903,34.9872],[-78.8912,34.9797],[-78.8824,34.9805],[-78.8777,34.9773],[-78.8738,34.9839],[-78.8635,34.9861],[-78.866,34.9925],[-78.8774,34.9923],[-78.8678,35.006],[-78.8746,35.0047],[-78.8809,35.0002],[-78.894,34.9978]]],[[[-79.0997,35.1671],[-79.1129,35.1259],[-79.109,35.1246],[-79.1012,35.1143],[-79.0973,35.0931],[-79.0943,35.0918],[-79.0894,35.0704],[-79.0931,35.056],[-79.0889,35.0506],[-79.0903,35.042],[-79.0723,35.018],[-79.0696,35.0133],[-79.0619,35.0089],[-79.0568,34.9983],[-79.0532,34.9949],[-79.0527,34.9948],[-79.0474,34.9851],[-79.0481,34.9813],[-79.034,34.9814],[-79.0273,34.9832],[-79.0165,34.982],[-79.0115,34.9852],[-79.0042,34.99],[-78.9939,35.0032],[-78.9846,35.0072],[-78.967,35.0078],[-78.9628,35.0087],[-78.9523,35.0113],[-78.9485,35.0177],[-78.9358,35.019],[-78.9243,35.0176],[-78.9206,35.0213],[-78.9085,35.0127],[-78.8997,35.0185],[-78.8984,35.0133],[-78.8834,35.011],[-78.89,35.0175],[-78.8929,35.0263],[-78.8853,35.0339],[-78.8779,35.0339],[-78.869,35.0283],[-78.8598,35.0322],[-78.8585,35.0221],[-78.8445,35.025],[-78.8324,35.0096],[-78.8232,35.0046],[-78.8171,35.0093],[-78.8278,35.0113],[-78.8241,35.0172],[-78.817,35.021],[-78.8157,35.0325],[-78.826,35.0269],[-78.8243,35.0211],[-78.835,35.0188],[-78.8306,35.0265],[-78.8425,35.0276],[-78.8399,35.0348],[-78.8435,35.0431],[-78.8416,35.0618],[-78.8546,35.059],[-78.8545,35.0703],[-78.8609,35.0779],[-78.848,35.0855],[-78.8566,35.0863],[-78.8581,35.0938],[-78.8557,35.114],[-78.8608,35.125],[-78.8559,35.1322],[-78.8601,35.1417],[-78.8675,35.1437],[-78.8608,35.1556],[-78.856,35.1549],[-78.8542,35.1618],[-78.879,35.1709],[-78.8808,35.1669],[-78.8717,35.1613],[-78.8758,35.15],[-78.8812,35.1526],[-78.8914,35.1508],[-78.8908,35.1553],[-78.9038,35.1548],[-78.9027,35.1438],[-78.9107,35.1359],[-78.9143,35.1443],[-78.92,35.1484],[-78.9233,35.1546],[-78.9086,35.1611],[-78.9019,35.1613],[-78.9044,35.1686],[-78.9139,35.1652],[-78.9369,35.1646],[-78.9456,35.1629],[-78.962,35.1639],[-78.9653,35.1619],[-78.9693,35.1586],[-78.9823,35.1593],[-78.9882,35.1619],[-78.9947,35.1607],[-78.9975,35.1691],[-79.0158,35.1594],[-79.027,35.1585],[-79.0253,35.1653],[-79.0351,35.177],[-79.0438,35.18],[-79.0593,35.1803],[-79.0811,35.1741],[-79.0997,35.1671]],[[-79.0245,34.9905],[-79.0234,34.9965],[-79.0187,34.9999],[-79.0208,35.0083],[-79.015,35.0083],[-79.0044,34.9971],[-79.0034,34.9916],[-79.0077,34.9879],[-79.0219,34.9865],[-79.0245,34.9905]],[[-78.9419,35.1171],[-78.9436,35.1191],[-78.9256,35.1263],[-78.9185,35.1235],[-78.9212,35.1195],[-78.9295,35.1171],[-78.9315,35.1058],[-78.9416,35.1068],[-78.9419,35.1171]]]]}},{"type":"Feature","properties":{"id":"p3757500","name":"Rocky Mount"},"geometry":{"type":"Polygon","coordinates":[[[-77.8846,36.0042],[-77.8878,35.9999],[-77.8867,35.9906],[-77.876,35.9881],[-77.8798,35.976],[-77.8964,35.9713],[-77.8969,35.9631],[-77.904,35.9541],[-77.8912,35.9511],[-77.8835,35.9642],[-77.8719,35.9619],[-77.8726,35.953],[-77.864,35.9553],[-77.862,35.9466],[-77.8587,35.9438],[-77.8586,35.9359],[-77.8535,35.9359],[-77.8474,35.9273],[-77.8341,35.9228],[-77.8339,35.9138],[-77.8232,35.9147],[-77.8233,35.9104],[-77.829,35.9079],[-77.828,35.9009],[-77.813,35.9043],[-77.8012,35.9125],[-77.7925,35.9164],[-77.7801,35.9174],[-77.7813,35.9274],[-77.7706,35.9265],[-77.7659,35.9335],[-77.759,35.9292],[-77.7422,35.9291],[-77.7406,35.9356],[-77.7478,35.9361],[-77.7491,35.9452],[-77.7394,35.9453],[-77.7387,35.9559],[-77.7453,35.9548],[-77.7447,35.9625],[-77.7475,35.9691],[-77.7621,35.9634],[-77.7794,35.962],[-77.781,35.966],[-77.7788,35.9749],[-77.7726,35.9757],[-77.7734,35.9884],[-77.7655,35.987],[-77.7669,35.9772],[-77.7549,35.9792],[-77.7484,35.9691],[-77.7432,35.9701],[-77.7398,35.9765],[-77.7354,35.9768],[-77.7335,36.0045],[-77.7434,36.0048],[-77.7467,36.0006],[-77.7559,35.9964],[-77.759,36.0019],[-77.7583,36.0131],[-77.7612,36.0137],[-77.7515,36.0295],[-77.7482,36.0374],[-77.7538,36.0397],[-77.741,36.0497],[-77.7497,36.0538],[-77.7554,36.0538],[-77.757,36.0453],[-77.7628,36.0403],[-77.7765,36.038],[-77.7766,36.0446],[-77.7822,36.0447],[-77.783,36.0294],[-77.7925,36.0298],[-77.7993,36.0341],[-77.8021,36.03],[-77.8003,36.0231],[-77.7952,36.0176],[-77.7887,36.0166],[-77.7901,36.0085],[-77.7996,36.0083],[-77.804,36.0031],[-77.8195,36.0062],[-77.8217,36.0028],[-77.8237,35.9905],[-77.8358,35.9911],[-77.8457,35.9969],[-77.8495,35.9958],[-77.8494,35.987],[-77.8613,35.9886],[-77.873,35.9939],[-77.8846,36.0042]]]}},{"type":"Feature","properties":{"id":"p3724900","name":"Fremont"},"geometry":{"type":"Polygon","coordinates":[[[-77.9878,35.5383],[-77.9717,35.5325],[-77.9621,35.5498],[-77.9783,35.5557],[-77.9878,35.5383]]]}},{"type":"Feature","properties":{"id":"p3709060","name":"Burlington"},"geometry":{"type":"Polygon","coordinates":[[[-79.5573,36.0645],[-79.5527,36.0614],[-79.5459,36.0648],[-79.5457,36.0696],[-79.5337,36.0693],[-79.5288,36.0742],[-79.524,36.068],[-79.5328,36.0591],[-79.5438,36.058],[-79.5466,36.051],[-79.5545,36.0514],[-79.5606,36.0437],[-79.5495,36.0459],[-79.5301,36.0422],[-79.5289,36.0322],[-79.5164,36.0345],[-79.516,36.0248],[-79.5065,36.0296],[-79.5012,36.0382],[-79.5035,36.0463],[-79.509,36.0418],[-79.5185,36.0383],[-79.5255,36.0429],[-79.5261,36.05],[-79.5117,36.0462],[-79.5055,36.0513],[-79.5104,36.056],[-79.4957,36.0596],[-79.4891,36.0537],[-79.4901,36.0452],[-79.4812,36.0422],[-79.4591,36.0477],[-79.4507,36.0465],[-79.4426,36.0526],[-79.4373,36.0519],[-79.4377,36.0455],[-79.4157,36.0469],[-79.416,36.0506],[-79.4162,36.0616],[-79.4134,36.0719],[-79.4135,36.0842],[-79.3958,36.0852],[-79.3931,36.0873],[-79.3885,36.0885],[-79.3869,36.0912],[-79.3732,36.0951],[-79.3917,36.1092],[-79.4117,36.1072],[-79.416,36.1172],[-79.4264,36.1179],[-79.422,36.1236],[-79.4313,36.1266],[-79.4304,36.1312],[-79.434,36.1319],[-79.4427,36.1297],[-79.4443,36.1294],[-79.437,36.1268],[-79.436,36.1157],[-79.4459,36.1102],[-79.4545,36.1112],[-79.4536,36.1181],[-79.4613,36.1129],[-79.4752,36.1134],[-79.487,36.1043],[-79.4934,36.104],[-79.4971,36.088],[-79.5054,36.0867],[-79.5057,36.0815],[-79.517,36.0826],[-79.524,36.0814],[-79.5392,36.0823],[-79.5414,36.0815],[-79.5419,36.0756],[-79.5487,36.071],[-79.551,36.0791],[-79.5526,36.0719],[-79.5526,36.0696],[-79.5573,36.0645]],[[-79.491,36.0563],[-79.4877,36.0593],[-79.4803,36.0581],[-79.483,36.0532],[-79.491,36.0563]]]}},{"type":"Feature","properties":{"id":"p3755900","name":"Reidsville"},"geometry":{"type":"MultiPolygon","coordinates":[[[[-79.6595,36.3944],[-79.654,36.3863],[-79.6497,36.3862],[-79.6442,36.3961],[-79.6595,36.3944]]],[[[-79.7351,36.3089],[-79.7223,36.306],[-79.7109,36.2999],[-79.6967,36.2884],[-79.6826,36.289],[-79.6749,36.2806],[-79.6679,36.2833],[-79.6592,36.2782],[-79.6582,36.2853],[-79.6696,36.2877],[-79.6747,36.2923],[-79.6808,36.2931],[-79.6795,36.3002],[-79.6902,36.2983],[-79.7028,36.2982],[-79.7126,36.3037],[-79.7054,36.3103],[-79.6969,36.3136],[-79.6941,36.3183],[-79.6853,36.3226],[-79.677,36.3157],[-79.6665,36.3135],[-79.6596,36.3089],[-79.657,36.314],[-79.6508,36.3138],[-79.6466,36.3192],[-79.6401,36.3187],[-79.6354,36.3244],[-79.6302,36.3203],[-79.6216,36.3198],[-79.626,36.328],[-79.6211,36.3297],[-79.623,36.3386],[-79.6316,36.3406],[-79.6378,36.3369],[-79.6518,36.3363],[-79.6536,36.3435],[-79.6462,36.3587],[-79.6522,36.3653],[-79.6573,36.3755],[-79.6642,36.3842],[-79.6677,36.3795],[-79.6773,36.3821],[-79.6843,36.3784],[-79.685,36.3629],[-79.6995,36.3626],[-79.7011,36.3379],[-79.697,36.337],[-79.696,36.3237],[-79.7105,36.3109],[-79.7133,36.3054],[-79.7232,36.3075],[-79.7273,36.3107],[-79.7351,36.3089]]]]}},{"type":"Feature","properties":{"id":"p3704180","name":"Bear Grass"},"geometry":{"type":"Polygon","coordinates":[[[-77.1339,35.7665],[-77.1254,35.7634],[-77.1262,35.7699],[-77.1339,35.7665]]]}},{"type":"Feature","properties":{"id":"p3748480","name":"Oak Ridge"},"geometry":{"type":"Polygon","coordinates":[[[-80.0183,36.2049],[-80.0269,36.1963],[-80.0177,36.1914],[-80.0262,36.1872],[-80.0293,36.1952],[-80.0367,36.1905],[-80.0352,36.1806],[-80.0282,36.1837],[-80.0232,36.1755],[-80.031,36.1752],[-80.0313,36.1703],[-80.0226,36.1658],[-80.023,36.1566],[-80.015,36.1582],[-80.0116,36.1546],[-80.0122,36.1467],[-80.02,36.1458],[-80.0169,36.1351],[-79.997,36.132],[-79.9982,36.1365],[-79.9903,36.1398],[-79.9745,36.1487],[-79.9706,36.1443],[-79.9691,36.1411],[-79.9609,36.1406],[-79.9598,36.1528],[-79.9676,36.155],[-79.953,36.1728],[-79.9521,36.1732],[-79.9522,36.2006],[-79.9574,36.2091],[-79.9567,36.2132],[-79.9728,36.2048],[-79.973,36.2005],[-79.9903,36.2012],[-79.9994,36.199],[-80.0023,36.2079],[-80.008,36.1993],[-80.0111,36.2047],[-80.0183,36.2049]]]}},{"type":"Feature","properties":{"id":"p3771780","name":"Weldon"},"geometry":{"type":"Polygon","coordinates":[[[-77.6334,36.4201],[-77.6332,36.4199],[-77.6232,36.4158],[-77.6265,36.4108],[-77.6223,36.4081],[-77.6182,36.4122],[-77.6121,36.4082],[-77.6066,36.4127],[-77.6044,36.4216],[-77.5966,36.4162],[-77.5932,36.4191],[-77.5919,36.4314],[-77.6001,36.4348],[-77.6038,36.4304],[-77.6177,36.4323],[-77.6136,36.4409],[-77.6179,36.4437],[-77.623,36.4326],[-77.6295,36.4339],[-77.6334,36.4201]]]}},{"type":"Feature","properties":{"id":"p3735600","name":"Kernersville"},"geometry":{"type":"MultiPolygon","coordinates":[[[[-80.1101,36.0444],[-80.1014,36.0451],[-80.1014,36.0573],[-80.1073,36.0554],[-80.1101,36.0444]]],[[[-80.1428,36.1174],[-80.1415,36.1139],[-80.1118,36.1115],[-80.1112,36.1087],[-80.0988,36.1017],[-80.0819,36.1005],[-80.0951,36.0893],[-80.1029,36.0866],[-80.1099,36.0736],[-80.1099,36.0735],[-80.1106,36.0722],[-80.1026,36.0714],[-80.1037,36.0641],[-80.0999,36.0588],[-80.0951,36.0586],[-80.0933,36.0446],[-80.087,36.0437],[-80.0858,36.0708],[-80.0796,36.0707],[-80.0766,36.0654],[-80.0698,36.0654],[-80.0646,36.0723],[-80.068,36.0765],[-80.0766,36.0755],[-80.0785,36.0816],[-80.0716,36.0835],[-80.064,36.0817],[-80.0612,36.0901],[-80.0487,36.0889],[-80.0388,36.0909],[-80.0434,36.0954],[-80.0523,36.0963],[-80.0559,36.1043],[-80.0435,36.1055],[-80.0357,36.092],[-80.0178,36.0991],[-80.0177,36.1029],[-80.0176,36.1039],[-80.0141,36.1091],[-80.0196,36.1137],[-80.0344,36.1104],[-80.039,36.1152],[-80.0539,36.1161],[-80.0487,36.1228],[-80.0518,36.1304],[-80.0588,36.1319],[-80.0598,36.1406],[-80.0661,36.1406],[-80.0714,36.1441],[-80.0811,36.1448],[-80.076,36.1357],[-80.0804,36.1351],[-80.0985,36.1383],[-80.1008,36.1455],[-80.1061,36.1452],[-80.1062,36.1386],[-80.1126,36.139],[-80.1185,36.1343],[-80.1341,36.1274],[-80.1393,36.127],[-80.139,36.1185],[-80.1428,36.1174]]],[[[-80.1518,36.1189],[-80.15,36.1143],[-80.1489,36.1188],[-80.152,36.1209],[-80.1518,36.1189]]]]}},{"type":"Feature","properties":{"id":"p3734200","name":"Jacksonville"},"geometry":{"type":"MultiPolygon","coordinates":[[[[-77.418,34.8196],[-77.4137,34.8165],[-77.4087,34.8205],[-77.412,34.8261],[-77.418,34.8196]]],[[[-77.4446,34.8054],[-77.4528,34.7997],[-77.4467,34.7922],[-77.4517,34.7863],[-77.4443,34.7831],[-77.4534,34.7689],[-77.4472,34.7611],[-77.4509,34.7548],[-77.4578,34.7517],[-77.4589,34.7415],[-77.4674,34.7366],[-77.4748,34.7282],[-77.4811,34.7111],[-77.4802,34.7057],[-77.4638,34.7048],[-77.4591,34.6979],[-77.4487,34.696],[-77.4389,34.6887],[-77.4329,34.6877],[-77.4307,34.6962],[-77.4273,34.7006],[-77.3963,34.7111],[-77.3845,34.6915],[-77.3805,34.6769],[-77.3762,34.6712],[-77.3641,34.6642],[-77.3492,34.6486],[-77.3448,34.6413],[-77.3382,34.6376],[-77.3249,34.6377],[-77.3149,34.6329],[-77.3048,34.6333],[-77.3,34.6365],[-77.3293,34.6813],[-77.3303,34.6936],[-77.3388,34.7125],[-77.3287,34.7177],[-77.3272,34.7221],[-77.3328,34.7278],[-77.3403,34.7306],[-77.3494,34.7368],[-77.3527,34.7434],[-77.3509,34.7476],[-77.3581,34.7569],[-77.3636,34.7694],[-77.3604,34.7737],[-77.3678,34.7765],[-77.3769,34.7851],[-77.3773,34.7885],[-77.381,34.7918],[-77.3807,34.7986],[-77.3876,34.7971],[-77.4069,34.7975],[-77.4062,34.805],[-77.3981,34.803],[-77.3932,34.8098],[-77.4182,34.8151],[-77.4374,34.8151],[-77.4381,34.808],[-77.4446,34.8054]],[[-77.4289,34.8012],[-77.4278,34.8061],[-77.4224,34.8085],[-77.4175,34.8002],[-77.4289,34.8012]],[[-77.3951,34.7585],[-77.3914,34.7642],[-77.3854,34.7587],[-77.3899,34.7558],[-77.3951,34.7585]]]]}},{"type":"Feature","properties":{"id":"p3748940","name":"Old Hundred"},"geometry":{"type":"Polygon","coordinates":[[[-79.6124,34.8351],[-79.5957,34.8274],[-79.5935,34.8137],[-79.5867,34.8116],[-79.5826,34.8216],[-79.5956,34.8348],[-79.6124,34.8351]]]}},{"type":"Feature","properties":{"id":"p3771940","name":"Wesley Chapel"},"geometry":{"type":"Polygon","coordinates":[[[-80.7174,34.997],[-80.7134,34.9936],[-80.7206,34.9877],[-80.7267,34.9904],[-80.7362,34.9843],[-80.7344,34.9769],[-80.7421,34.9678],[-80.7334,34.9725],[-80.7257,34.9655],[-80.723,34.9645],[-80.722,34.9655],[-80.7259,34.9742],[-80.7238,34.9812],[-80.7173,34.9808],[-80.72,34.9647],[-80.7127,34.9637],[-80.7016,34.9692],[-80.6982,34.9731],[-80.6883,34.9758],[-80.6825,34.9856],[-80.6746,34.9864],[-80.672,34.9907],[-80.6634,34.9922],[-80.6552,34.9976],[-80.6638,35.0022],[-80.6584,35.0105],[-80.6502,35.007],[-80.6454,35.0121],[-80.6481,35.0131],[-80.6484,35.015],[-80.6523,35.0213],[-80.6607,35.0285],[-80.6701,35.0191],[-80.676,35.0211],[-80.6686,35.028],[-80.6805,35.0351],[-80.6848,35.0369],[-80.688,35.0406],[-80.6914,35.0339],[-80.6894,35.0295],[-80.6801,35.0277],[-80.6826,35.0235],[-80.6899,35.0285],[-80.6912,35.0231],[-80.6921,35.0228],[-80.6945,35.0219],[-80.6905,35.0198],[-80.6925,35.0136],[-80.706,35.0009],[-80.7102,35.001],[-80.7174,34.997]],[[-80.6825,34.9856],[-80.6884,34.9885],[-80.6946,34.9923],[-80.6897,35.0027],[-80.6864,35.0014],[-80.6779,34.9914],[-80.6825,34.9856]]]}},{"type":"Feature","properties":{"id":"p3748920","name":"Old Fort"},"geometry":{"type":"Polygon","coordinates":[[[-82.194,35.627],[-82.1796,35.6228],[-82.1731,35.6262],[-82.1638,35.6357],[-82.1714,35.6373],[-82.19,35.6314],[-82.194,35.627]]]}},{"type":"Feature","properties":{"id":"p3714700","name":"Cornelius"},"geometry":{"type":"MultiPolygon","coordinates":[[[[-80.829,35.472],[-80.8473,35.4652],[-80.8433,35.4591],[-80.8241,35.4649],[-80.8213,35.4707],[-80.829,35.472]]],[[[-80.8583,35.4948],[-80.8661,35.4948],[-80.8745,35.4974],[-80.8847,35.5048],[-80.8928,35.5032],[-80.8872,35.488],[-80.8935,35.4894],[-80.8951,35.4954],[-80.9029,35.4959],[-80.9117,35.4903],[-80.9109,35.4847],[-80.916,35.483],[-80.9196,35.4746],[-80.93,35.472],[-80.9315,35.4753],[-80.9421,35.4764],[-80.9437,35.4705],[-80.9269,35.4656],[-80.9229,35.4595],[-80.9094,35.4615],[-80.9043,35.4574],[-80.8954,35.4585],[-80.8943,35.453],[-80.8999,35.4475],[-80.9029,35.4382],[-80.9093,35.4346],[-80.9067,35.4326],[-80.9003,35.4405],[-80.8933,35.4459],[-80.8781,35.4502],[-80.8713,35.4502],[-80.8772,35.4525],[-80.8739,35.4598],[-80.8684,35.4476],[-80.8671,35.4487],[-80.8666,35.449],[-80.8428,35.4537],[-80.8428,35.4577],[-80.8515,35.4716],[-80.8477,35.474],[-80.845,35.4856],[-80.8583,35.4948]]]]}},{"type":"Feature","properties":{"id":"p3732640","name":"Hope Mills"},"geometry":{"type":"MultiPolygon","coordinates":[[[[-78.9312,34.9344],[-78.908,34.9304],[-78.9024,34.9402],[-78.9081,34.9452],[-78.9205,34.9368],[-78.9312,34.9344]]],[[[-78.9331,34.9393],[-78.9265,34.9376],[-78.9204,34.9462],[-78.9272,34.9469],[-78.9331,34.9393]]],[[[-79.0165,34.982],[-79.0092,34.9802],[-79.0086,34.974],[-79.0003,34.9754],[-78.9999,34.9646],[-78.991,34.9666],[-78.9895,34.9577],[-78.983,34.9469],[-78.9764,34.9535],[-78.9614,34.9569],[-78.9577,34.9615],[-78.9442,34.9612],[-78.9329,34.965],[-78.9329,34.9707],[-78.9241,34.9709],[-78.9209,34.9738],[-78.9264,34.9807],[-78.9315,34.9832],[-78.9351,34.9901],[-78.94,34.9915],[-78.9422,34.9824],[-78.9596,34.9812],[-78.9659,34.9882],[-78.9658,35.0033],[-78.9628,35.0087],[-78.967,35.0078],[-78.9699,34.9953],[-78.9761,34.9985],[-78.9788,35.0032],[-78.9864,35.0005],[-78.991,34.9943],[-78.9906,34.9859],[-78.9835,34.9902],[-78.973,34.9903],[-78.9685,34.9836],[-78.9789,34.9798],[-78.987,34.9735],[-78.9983,34.9741],[-78.9981,34.9783],[-79.0072,34.9802],[-79.0115,34.9852],[-79.0165,34.982]],[[-78.9868,34.9582],[-78.9818,34.9623],[-78.9812,34.9693],[-78.9744,34.9677],[-78.9749,34.9606],[-78.9782,34.9566],[-78.9868,34.9582]]]]}},{"type":"Feature","properties":{"id":"p3720700","name":"Elk Park"},"geometry":{"type":"Polygon","coordinates":[[[-81.989,36.1597],[-81.9874,36.1537],[-81.9819,36.1516],[-81.9742,36.1541],[-81.9723,36.1597],[-81.9802,36.165],[-81.989,36.1597]]]}},{"type":"Feature","properties":{"id":"p3760800","name":"Shallotte"},"geometry":{"type":"MultiPolygon","coordinates":[[[[-78.3277,34.0088],[-78.3265,34.0038],[-78.3183,34.0015],[-78.319,34.0115],[-78.3277,34.0088]]],[[[-78.3411,33.9764],[-78.3282,33.9873],[-78.3221,33.9867],[-78.3154,33.9916],[-78.3253,33.9991],[-78.3312,33.9942],[-78.3276,33.9875],[-78.3413,33.9835],[-78.3411,33.9764]]],[[[-78.369,33.9702],[-78.362,33.9635],[-78.3559,33.9667],[-78.3622,33.9748],[-78.369,33.9702]]],[[[-78.4548,34.0016],[-78.453,33.9973],[-78.4447,33.9969],[-78.4375,33.9914],[-78.4105,33.9788],[-78.4118,33.9728],[-78.4207,33.9726],[-78.4193,33.9625],[-78.4099,33.9723],[-78.3994,33.9729],[-78.3977,33.9685],[-78.4004,33.9585],[-78.4036,33.9546],[-78.4212,33.954],[-78.4249,33.9468],[-78.4169,33.9389],[-78.3975,33.9471],[-78.3992,33.9544],[-78.3931,33.9552],[-78.3844,33.9609],[-78.3762,33.9566],[-78.3824,33.9536],[-78.3748,33.9457],[-78.3661,33.9578],[-78.3665,33.9653],[-78.3776,33.9705],[-78.3726,33.9733],[-78.3667,33.9848],[-78.3589,33.9931],[-78.3672,34.0019],[-78.3774,34.0019],[-78.3756,34.0079],[-78.3777,34.0165],[-78.383,34.0118],[-78.3835,34.0055],[-78.3957,33.9926],[-78.391,33.9877],[-78.398,33.9843],[-78.4013,33.9904],[-78.4078,33.9907],[-78.4096,33.983],[-78.4199,33.9835],[-78.4372,33.9916],[-78.4444,33.9992],[-78.4548,34.0016]]]]}},{"type":"Feature","properties":{"id":"p3747000","name":"Newton"},"geometry":{"type":"MultiPolygon","coordinates":[[[[-81.191,35.6424],[-81.1837,35.6389],[-81.1818,35.6456],[-81.1881,35.6466],[-81.191,35.6424]]],[[[-81.2565,35.6886],[-81.2439,35.6783],[-81.2469,35.6714],[-81.2533,35.665],[-81.2601,35.6623],[-81.2681,35.6627],[-81.2764,35.6605],[-81.2758,35.6534],[-81.2686,35.6515],[-81.2731,35.6446],[-81.2674,35.6354],[-81.255,35.6349],[-81.245,35.6424],[-81.2377,35.6504],[-81.2341,35.6475],[-81.2274,35.6496],[-81.2288,35.6344],[-81.2205,35.6366],[-81.2092,35.6365],[-81.2047,35.6415],[-81.1994,35.642],[-81.1994,35.6484],[-81.2048,35.6505],[-81.2061,35.6525],[-81.1927,35.673],[-81.192,35.6775],[-81.1857,35.682],[-81.1747,35.6822],[-81.1729,35.6827],[-81.1674,35.6904],[-81.1678,35.6905],[-81.1747,35.6824],[-81.1841,35.683],[-81.1905,35.6822],[-81.1976,35.6842],[-81.1967,35.6892],[-81.1962,35.6911],[-81.1991,35.6923],[-81.2019,35.6897],[-81.2031,35.688],[-81.2112,35.6921],[-81.2118,35.6932],[-81.2175,35.6921],[-81.2231,35.6949],[-81.2255,35.6951],[-81.2379,35.6953],[-81.2594,35.6967],[-81.2565,35.6886]],[[-81.2048,35.6505],[-81.2153,35.6419],[-81.2233,35.6484],[-81.2048,35.6505]]],[[[-81.3083,35.6165],[-81.2945,35.6213],[-81.3028,35.6249],[-81.3108,35.6258],[-81.3172,35.623],[-81.3117,35.6238],[-81.3083,35.6165]]]]}},{"type":"Feature","properties":{"id":"p3733120","name":"Huntersville"},"geometry":{"type":"MultiPolygon","coordinates":[[[[-80.7643,35.4002],[-80.7664,35.4015],[-80.7635,35.4121],[-80.7714,35.4145],[-80.7752,35.4097],[-80.7827,35.4084],[-80.7824,35.4042],[-80.7764,35.3968],[-80.7721,35.3949],[-80.7643,35.4002]]],[[[-80.7932,35.4493],[-80.7973,35.4405],[-80.7881,35.4433],[-80.7898,35.4482],[-80.7932,35.4493]]],[[[-80.7848,35.3864],[-80.7901,35.3913],[-80.7899,35.3976],[-80.7998,35.3933],[-80.8046,35.3891],[-80.8046,35.3787],[-80.7912,35.3816],[-80.7903,35.3818],[-80.7873,35.3841],[-80.7848,35.3864]]],[[[-80.9093,35.4346],[-80.9149,35.4369],[-80.9217,35.4283],[-80.9342,35.4351],[-80.9401,35.4321],[-80.9365,35.4199],[-80.9434,35.4187],[-80.9472,35.4108],[-80.9555,35.411],[-80.9544,35.3962],[-80.959,35.3863],[-80.9536,35.3833],[-80.9436,35.3837],[-80.9353,35.3782],[-80.9212,35.3712],[-80.9152,35.3782],[-80.9045,35.3735],[-80.8973,35.3605],[-80.8893,35.3537],[-80.8787,35.3507],[-80.864,35.3615],[-80.8556,35.3668],[-80.8488,35.3662],[-80.8378,35.3703],[-80.8235,35.3686],[-80.8189,35.3867],[-80.8245,35.3912],[-80.8344,35.3951],[-80.8262,35.3981],[-80.8164,35.3925],[-80.8125,35.3948],[-80.8191,35.402],[-80.8184,35.4068],[-80.8036,35.4053],[-80.8045,35.411],[-80.8119,35.4114],[-80.8087,35.4182],[-80.8084,35.4252],[-80.8169,35.4367],[-80.8108,35.4393],[-80.8206,35.4516],[-80.8334,35.4549],[-80.8428,35.4537],[-80.8666,35.449],[-80.8671,35.4487],[-80.8684,35.4476],[-80.8713,35.4502],[-80.8781,35.4502],[-80.8933,35.4459],[-80.9003,35.4405],[-80.9067,35.4326],[-80.9093,35.4346]]]]}},{"type":"Feature","properties":{"id":"p3716780","name":"Delco"},"geometry":{"type":"Polygon","coordinates":[[[-78.2418,34.3165],[-78.2373,34.3116],[-78.2235,34.3126],[-78.2145,34.3089],[-78.2114,34.3145],[-78.2162,34.3249],[-78.2241,34.327],[-78.2369,34.3268],[-78.2418,34.3165]]]}},{"type":"Feature","properties":{"id":"p3735200","name":"Kannapolis"},"geometry":{"type":"MultiPolygon","coordinates":[[[[-80.5727,35.5313],[-80.5721,35.5261],[-80.5603,35.525],[-80.5621,35.5302],[-80.5546,35.5306],[-80.5523,35.5354],[-80.5714,35.5347],[-80.5727,35.5313]]],[[[-80.6942,35.4373],[-80.693,35.4314],[-80.6873,35.4235],[-80.6872,35.4232],[-80.6864,35.4196],[-80.6878,35.4122],[-80.6875,35.4105],[-80.6795,35.413],[-80.6728,35.4191],[-80.6617,35.4344],[-80.649,35.4385],[-80.6313,35.4399],[-80.6216,35.4428],[-80.6202,35.4483],[-80.6128,35.4453],[-80.6057,35.4469],[-80.6009,35.453],[-80.5951,35.4577],[-80.5962,35.4642],[-80.5885,35.4663],[-80.5853,35.4712],[-80.584,35.4771],[-80.5809,35.4801],[-80.5705,35.4775],[-80.5621,35.4908],[-80.553,35.4898],[-80.5542,35.4973],[-80.564,35.4982],[-80.5733,35.5011],[-80.5721,35.5094],[-80.5931,35.5115],[-80.6097,35.5153],[-80.604,35.5237],[-80.6096,35.5308],[-80.607,35.5342],[-80.6085,35.5353],[-80.6109,35.5353],[-80.6107,35.5335],[-80.6175,35.5352],[-80.6203,35.5334],[-80.6214,35.5329],[-80.6233,35.53],[-80.6275,35.5294],[-80.6357,35.5318],[-80.6285,35.5393],[-80.6352,35.5394],[-80.6412,35.5406],[-80.6404,35.5461],[-80.6509,35.5465],[-80.6483,35.5389],[-80.6498,35.5352],[-80.6489,35.5241],[-80.6569,35.5168],[-80.6484,35.5116],[-80.6461,35.5055],[-80.6495,35.4978],[-80.6595,35.4962],[-80.6604,35.4893],[-80.6771,35.4911],[-80.6855,35.4864],[-80.6836,35.4815],[-80.6902,35.4724],[-80.6869,35.4639],[-80.6864,35.4549],[-80.6832,35.4486],[-80.6942,35.4373]]],[[[-80.7558,35.461],[-80.744,35.4586],[-80.7441,35.4621],[-80.7558,35.461]]],[[[-80.7275,35.4402],[-80.7304,35.4471],[-80.7454,35.4544],[-80.7658,35.4541],[-80.7627,35.4636],[-80.7685,35.4699],[-80.7757,35.4669],[-80.7731,35.4586],[-80.7708,35.4533],[-80.7618,35.4515],[-80.7649,35.441],[-80.7535,35.4457],[-80.7538,35.4502],[-80.7461,35.4502],[-80.7411,35.4418],[-80.7397,35.4417],[-80.7375,35.4415],[-80.736,35.4413],[-80.7322,35.4408],[-80.7275,35.4402]]]]}},{"type":"Feature","properties":{"id":"p3757860","name":"Rose Hill"},"geometry":{"type":"Polygon","coordinates":[[[-78.0379,34.8319],[-78.0379,34.8174],[-78.0215,34.8173],[-78.0146,34.8302],[-78.0232,34.8319],[-78.0261,34.8367],[-78.0335,34.8359],[-78.0379,34.8319]]]}},{"type":"Feature","properties":{"id":"p3767720","name":"Tobaccoville"},"geometry":{"type":"Polygon","coordinates":[[[-80.3918,36.2619],[-80.3998,36.2632],[-80.4051,36.259],[-80.4058,36.2499],[-80.3911,36.2508],[-80.3845,36.2537],[-80.3725,36.2513],[-80.3713,36.246],[-80.3751,36.2379],[-80.3851,36.2352],[-80.3895,36.2206],[-80.3896,36.2076],[-80.3977,36.1997],[-80.4063,36.1993],[-80.4049,36.1933],[-80.3974,36.1934],[-80.385,36.2006],[-80.38,36.1958],[-80.374,36.202],[-80.3612,36.2037],[-80.3613,36.194],[-80.3536,36.189],[-80.3498,36.1979],[-80.3544,36.2031],[-80.3389,36.2036],[-80.351,36.209],[-80.3512,36.2158],[-80.3315,36.2078],[-80.315,36.2074],[-80.3162,36.217],[-80.3106,36.2184],[-80.3177,36.2176],[-80.3241,36.2267],[-80.3329,36.2332],[-80.3327,36.2387],[-80.3399,36.238],[-80.3454,36.2457],[-80.3429,36.2556],[-80.3379,36.2606],[-80.3414,36.2606],[-80.3421,36.2606],[-80.3463,36.2606],[-80.3455,36.2573],[-80.3587,36.2579],[-80.3547,36.2505],[-80.3562,36.2478],[-80.3611,36.2403],[-80.3698,36.2392],[-80.3718,36.2502],[-80.3678,36.2558],[-80.3708,36.2549],[-80.3745,36.2535],[-80.3798,36.2579],[-80.3807,36.2599],[-80.383,36.26],[-80.3862,36.2601],[-80.3918,36.2619]],[[-80.3875,36.2053],[-80.3866,36.218],[-80.3823,36.2304],[-80.3718,36.2371],[-80.3536,36.2194],[-80.3534,36.2112],[-80.3603,36.2117],[-80.367,36.2085],[-80.3709,36.2029],[-80.3875,36.2053]],[[-80.3656,36.2346],[-80.3656,36.2382],[-80.358,36.2403],[-80.3513,36.2363],[-80.34,36.2355],[-80.3472,36.2294],[-80.3538,36.2303],[-80.3567,36.2257],[-80.3656,36.2346]]]}},{"type":"Feature","properties":{"id":"p3738220","name":"Lillington"},"geometry":{"type":"MultiPolygon","coordinates":[[[[-78.7658,35.4166],[-78.7598,35.4072],[-78.7522,35.4077],[-78.7555,35.4132],[-78.7658,35.4166]]],[[[-78.7937,35.4418],[-78.789,35.4374],[-78.7811,35.4371],[-78.7808,35.4444],[-78.7906,35.4454],[-78.7937,35.4418]]],[[[-78.8124,35.4512],[-78.8133,35.4461],[-78.7993,35.4474],[-78.7988,35.4522],[-78.8124,35.4512]]],[[[-78.814,35.4769],[-78.8074,35.4713],[-78.7974,35.4787],[-78.8086,35.4814],[-78.814,35.4769]]],[[[-78.8146,35.4666],[-78.808,35.4581],[-78.808,35.4704],[-78.8146,35.4666]]],[[[-78.7867,35.4118],[-78.7946,35.4141],[-78.7987,35.4181],[-78.8007,35.425],[-78.8091,35.4212],[-78.8159,35.4256],[-78.8228,35.4153],[-78.8201,35.412],[-78.8228,35.4062],[-78.8297,35.4078],[-78.8322,35.3993],[-78.841,35.4014],[-78.8436,35.3986],[-78.8359,35.3902],[-78.8312,35.3946],[-78.8208,35.3924],[-78.8167,35.3895],[-78.8002,35.3831],[-78.801,35.3768],[-78.79,35.3805],[-78.795,35.3837],[-78.7971,35.3912],[-78.7957,35.397],[-78.8004,35.401],[-78.8126,35.406],[-78.8038,35.4139],[-78.7867,35.4118]]],[[[-78.8459,35.3652],[-78.827,35.3665],[-78.8333,35.3709],[-78.844,35.3695],[-78.8459,35.3652]]],[[[-78.8359,35.3902],[-78.8425,35.3932],[-78.8476,35.3873],[-78.8386,35.3869],[-78.8359,35.3902]]],[[[-78.8544,35.3427],[-78.8464,35.34],[-78.8465,35.3473],[-78.8544,35.3427]]]]}},{"type":"Feature","properties":{"id":"p3725580","name":"Gastonia"},"geometry":{"type":"MultiPolygon","coordinates":[[[[-81.1248,35.1733],[-81.1202,35.1706],[-81.1112,35.1771],[-81.1101,35.1832],[-81.1208,35.1887],[-81.1205,35.1743],[-81.1248,35.1733]]],[[[-81.2235,35.2214],[-81.2158,35.2151],[-81.2138,35.2233],[-81.2235,35.2214]]],[[[-81.2244,35.2139],[-81.2242,35.2067],[-81.2081,35.2056],[-81.2121,35.2128],[-81.2244,35.2139]]],[[[-81.2751,35.3426],[-81.2738,35.333],[-81.268,35.3366],[-81.2586,35.3345],[-81.2556,35.3412],[-81.2629,35.3444],[-81.2564,35.3548],[-81.2651,35.3572],[-81.2696,35.347],[-81.2751,35.3426]]],[[[-81.3021,35.2466],[-81.3001,35.2431],[-81.3058,35.2354],[-81.3056,35.2297],[-81.3009,35.2234],[-81.2919,35.2263],[-81.2948,35.2349],[-81.2882,35.2396],[-81.2873,35.2475],[-81.2972,35.249],[-81.3021,35.2466]]],[[[-81.321,35.2097],[-81.319,35.1997],[-81.3122,35.1965],[-81.3106,35.2026],[-81.3001,35.2023],[-81.2957,35.2069],[-81.2852,35.2014],[-81.2803,35.2207],[-81.2732,35.228],[-81.2668,35.2375],[-81.2603,35.2349],[-81.2526,35.2351],[-81.233,35.2303],[-81.2206,35.2351],[-81.2077,35.2279],[-81.1942,35.2331],[-81.1866,35.2277],[-81.1862,35.2219],[-81.1949,35.2188],[-81.193,35.2136],[-81.1868,35.2139],[-81.1845,35.2097],[-81.1768,35.2109],[-81.1662,35.21],[-81.1598,35.2005],[-81.1475,35.1907],[-81.1391,35.1991],[-81.1313,35.1974],[-81.1209,35.2066],[-81.116,35.2086],[-81.1094,35.2051],[-81.1022,35.1972],[-81.0892,35.1897],[-81.0903,35.2012],[-81.0975,35.2059],[-81.0856,35.2078],[-81.083,35.2165],[-81.0865,35.2212],[-81.0936,35.2203],[-81.1011,35.2228],[-81.0979,35.2318],[-81.1001,35.2364],[-81.0981,35.2428],[-81.0928,35.2477],[-81.0924,35.2521],[-81.0979,35.2477],[-81.1023,35.2498],[-81.1036,35.2524],[-81.1074,35.2566],[-81.1193,35.2648],[-81.1119,35.2718],[-81.1218,35.2764],[-81.1372,35.2799],[-81.1473,35.2804],[-81.1509,35.292],[-81.1479,35.3025],[-81.1428,35.3079],[-81.146,35.3116],[-81.1523,35.3071],[-81.1549,35.3021],[-81.1595,35.2994],[-81.1689,35.2946],[-81.1747,35.3006],[-81.1718,35.2929],[-81.1771,35.2879],[-81.1834,35.2924],[-81.1837,35.3006],[-81.1932,35.2953],[-81.1978,35.2958],[-81.1954,35.3049],[-81.2042,35.3047],[-81.2038,35.3136],[-81.2111,35.3093],[-81.2145,35.2992],[-81.2203,35.3013],[-81.2266,35.2895],[-81.2396,35.2904],[-81.2467,35.289],[-81.2536,35.2905],[-81.2573,35.2904],[-81.2491,35.2882],[-81.248,35.2868],[-81.2444,35.2877],[-81.2394,35.2812],[-81.2481,35.2777],[-81.2484,35.2705],[-81.2564,35.2653],[-81.2736,35.2613],[-81.2829,35.2592],[-81.2795,35.2539],[-81.2741,35.2578],[-81.2635,35.2561],[-81.2634,35.246],[-81.2721,35.2482],[-81.2803,35.2413],[-81.2778,35.2374],[-81.2823,35.2295],[-81.2881,35.2247],[-81.289,35.2197],[-81.2955,35.2189],[-81.3031,35.2231],[-81.3083,35.223],[-81.3163,35.2128],[-81.3184,35.2108],[-81.321,35.2097]]]]}},{"type":"Feature","properties":{"id":"p3747485","name":"Northchase"},"geometry":{"type":"Polygon","coordinates":[[[-77.8818,34.3182],[-77.8887,34.312],[-77.8825,34.3],[-77.8714,34.2892],[-77.8616,34.2946],[-77.8686,34.3071],[-77.8718,34.3186],[-77.8818,34.3182]]]}},{"type":"Feature","properties":{"id":"p3737000","name":"Lasker"},"geometry":{"type":"Polygon","coordinates":[[[-77.3149,36.35],[-77.3152,36.3424],[-77.2967,36.3424],[-77.2968,36.3582],[-77.315,36.3582],[-77.3149,36.35]]]}},{"type":"Feature","properties":{"id":"p3764580","name":"Star"},"geometry":{"type":"Polygon","coordinates":[[[-79.7933,35.408],[-79.793,35.3937],[-79.7847,35.3937],[-79.7757,35.3889],[-79.7755,35.407],[-79.7854,35.4097],[-79.7933,35.408]]]}},{"type":"Feature","properties":{"id":"p3760940","name":"Shannon"},"geometry":{"type":"Polygon","coordinates":[[[-79.1528,34.8523],[-79.1439,34.8379],[-79.136,34.8429],[-79.1249,34.8436],[-79.1348,34.8557],[-79.1528,34.8523]]]}},{"type":"Feature","properties":{"id":"p3735360","name":"Kelford"},"geometry":{"type":"Polygon","coordinates":[[[-77.2319,36.1851],[-77.2275,36.1767],[-77.2205,36.1747],[-77.216,36.1793],[-77.2182,36.1836],[-77.2269,36.1874],[-77.2319,36.1851]]]}},{"type":"Feature","properties":{"id":"p3713100","name":"Cliffside"},"geometry":{"type":"Polygon","coordinates":[[[-81.7817,35.2658],[-81.7815,35.2618],[-81.7755,35.2541],[-81.7778,35.2471],[-81.7718,35.2434],[-81.7698,35.2355],[-81.7572,35.2279],[-81.7493,35.2459],[-81.7627,35.2549],[-81.7702,35.2647],[-81.7817,35.2658]]]}},{"type":"Feature","properties":{"id":"p3774440","name":"Wilmington"},"geometry":{"type":"MultiPolygon","coordinates":[[[[-77.8922,34.153],[-77.9023,34.1489],[-77.9005,34.1471],[-77.8923,34.1499],[-77.8922,34.153]]],[[[-77.9472,34.2663],[-77.948,34.2529],[-77.9511,34.25],[-77.953,34.2414],[-77.9494,34.2319],[-77.9564,34.2045],[-77.9554,34.1966],[-77.957,34.185],[-77.9553,34.1774],[-77.9485,34.1662],[-77.9409,34.1613],[-77.9459,34.1555],[-77.9396,34.1428],[-77.9287,34.1335],[-77.9212,34.1247],[-77.9162,34.1292],[-77.9138,34.1347],[-77.9208,34.1398],[-77.9201,34.155],[-77.9111,34.158],[-77.906,34.1615],[-77.9039,34.168],[-77.8914,34.1736],[-77.8916,34.1674],[-77.883,34.1644],[-77.8764,34.1679],[-77.8709,34.1617],[-77.8527,34.1583],[-77.8243,34.1957],[-77.8173,34.2148],[-77.8111,34.223],[-77.8004,34.2314],[-77.7926,34.2421],[-77.7934,34.2511],[-77.7985,34.2539],[-77.8177,34.2556],[-77.8265,34.2565],[-77.8259,34.2655],[-77.8315,34.2635],[-77.8353,34.2605],[-77.864,34.2493],[-77.8683,34.255],[-77.8872,34.2559],[-77.8879,34.2597],[-77.8911,34.2586],[-77.912,34.2587],[-77.9195,34.2589],[-77.9203,34.2644],[-77.9268,34.2557],[-77.9377,34.2548],[-77.9378,34.258],[-77.9472,34.2663]]]]}},{"type":"Feature","properties":{"id":"p3756440","name":"Rich Square"},"geometry":{"type":"Polygon","coordinates":[[[-77.3007,36.2791],[-77.3002,36.2683],[-77.2961,36.2631],[-77.2894,36.2604],[-77.2783,36.2598],[-77.2713,36.2636],[-77.2669,36.2698],[-77.2694,36.2822],[-77.2796,36.2882],[-77.2933,36.2863],[-77.3007,36.2791]]]}},{"type":"Feature","properties":{"id":"p3744960","name":"Mount Holly"},"geometry":{"type":"Polygon","coordinates":[[[-81.015,35.2576],[-81.0147,35.2752],[-81.0091,35.2835],[-81.0073,35.2922],[-81.0019,35.305],[-80.9963,35.3093],[-80.9927,35.3191],[-80.9963,35.3374],[-80.9813,35.35],[-80.9738,35.3514],[-80.9672,35.356],[-80.9611,35.3536],[-80.9389,35.3552],[-80.945,35.365],[-80.9556,35.366],[-80.9641,35.3721],[-80.9679,35.3667],[-80.9797,35.3595],[-80.9762,35.3535],[-80.9884,35.3557],[-80.9957,35.3496],[-80.9982,35.34],[-81.0078,35.3428],[-81.0122,35.3405],[-81.0167,35.3482],[-81.0228,35.3487],[-81.0263,35.343],[-81.0185,35.3346],[-81.0207,35.33],[-81.0226,35.3252],[-81.0208,35.3252],[-81.0122,35.3183],[-81.0161,35.3127],[-81.0249,35.3159],[-81.027,35.3207],[-81.038,35.3084],[-81.0403,35.3018],[-81.0321,35.3015],[-81.0289,35.2976],[-81.0297,35.2893],[-81.0405,35.287],[-81.0448,35.2819],[-81.0412,35.2795],[-81.0362,35.2735],[-81.0418,35.2708],[-81.0416,35.2684],[-81.0419,35.2657],[-81.0337,35.2656],[-81.027,35.2581],[-81.015,35.2576]],[[-81.0206,35.3299],[-81.0166,35.3337],[-81.0132,35.3342],[-81.0062,35.3402],[-80.9987,35.3346],[-81.0097,35.3333],[-81.0071,35.3237],[-81.0117,35.319],[-81.0177,35.3304],[-81.0206,35.3299]]]}},{"type":"Feature","properties":{"id":"p3757540","name":"Rocky Point"},"geometry":{"type":"Polygon","coordinates":[[[-77.9171,34.4411],[-77.9138,34.4313],[-77.9074,34.4328],[-77.8928,34.4309],[-77.8995,34.423],[-77.8877,34.4148],[-77.8874,34.4091],[-77.8816,34.4092],[-77.8772,34.4202],[-77.8693,34.4179],[-77.8702,34.4259],[-77.8794,34.4584],[-77.8802,34.4666],[-77.8789,34.4792],[-77.8884,34.4786],[-77.9011,34.4755],[-77.8933,34.4545],[-77.9154,34.4569],[-77.9133,34.451],[-77.9171,34.4411]]]}},{"type":"Feature","properties":{"id":"p3706510","name":"Blue Clay Farms"},"geometry":{"type":"Polygon","coordinates":[[[-77.9,34.31],[-77.9094,34.2907],[-77.8927,34.2881],[-77.8788,34.2885],[-77.8714,34.2892],[-77.8825,34.3],[-77.8887,34.312],[-77.8818,34.3182],[-77.8834,34.3227],[-77.8943,34.3167],[-77.9,34.31]]]}},{"type":"Feature","properties":{"id":"p3708480","name":"Bryson City"},"geometry":{"type":"Polygon","coordinates":[[[-83.4686,35.4199],[-83.4648,35.4189],[-83.458,35.4111],[-83.4218,35.4318],[-83.4271,35.4348],[-83.4371,35.4348],[-83.4462,35.4408],[-83.4487,35.4341],[-83.4678,35.4233],[-83.4686,35.4199]]]}},{"type":"Feature","properties":{"id":"p3709760","name":"Calypso"},"geometry":{"type":"Polygon","coordinates":[[[-78.1064,35.1647],[-78.1169,35.1531],[-78.1028,35.1444],[-78.0922,35.156],[-78.1064,35.1647]]]}},{"type":"Feature","properties":{"id":"p3758420","name":"Ruth"},"geometry":{"type":"Polygon","coordinates":[[[-81.9518,35.3841],[-81.9504,35.3802],[-81.9425,35.3759],[-81.9383,35.3865],[-81.9432,35.3886],[-81.9518,35.3841]]]}},{"type":"Feature","properties":{"id":"p3727280","name":"Graham"},"geometry":{"type":"MultiPolygon","coordinates":[[[[-79.3331,36.057],[-79.341,36.0523],[-79.3328,36.049],[-79.3269,36.051],[-79.3331,36.057]]],[[[-79.4157,36.0469],[-79.4222,36.0404],[-79.4293,36.0401],[-79.4304,36.0351],[-79.4199,36.0345],[-79.4183,36.0274],[-79.4031,36.0206],[-79.4042,36.0258],[-79.3972,36.0298],[-79.3915,36.0385],[-79.3951,36.0467],[-79.388,36.0454],[-79.3832,36.0398],[-79.3744,36.0346],[-79.3723,36.0411],[-79.3671,36.0426],[-79.3665,36.0479],[-79.3738,36.0507],[-79.3797,36.0599],[-79.369,36.064],[-79.3704,36.0692],[-79.3607,36.0691],[-79.363,36.0613],[-79.3513,36.0571],[-79.3518,36.0516],[-79.337,36.0628],[-79.3363,36.0684],[-79.3466,36.0754],[-79.3483,36.0757],[-79.3499,36.0771],[-79.3563,36.0779],[-79.3606,36.0779],[-79.3692,36.077],[-79.3767,36.0751],[-79.3763,36.0819],[-79.3864,36.0885],[-79.3885,36.0885],[-79.3931,36.0873],[-79.3958,36.0852],[-79.4135,36.0842],[-79.4134,36.0719],[-79.4162,36.0616],[-79.416,36.0506],[-79.4157,36.0469]]]]}},{"type":"Feature","properties":{"id":"p3736960","name":"Lansing"},"geometry":{"type":"Polygon","coordinates":[[[-81.5182,36.5068],[-81.5167,36.499],[-81.511,36.4932],[-81.5034,36.4985],[-81.5182,36.5068]]]}},{"type":"Feature","properties":{"id":"p3731920","name":"Hoffman"},"geometry":{"type":"Polygon","coordinates":[[[-79.5715,35.033],[-79.57,35.0278],[-79.5589,35.0131],[-79.5255,35.0305],[-79.5403,35.0498],[-79.5653,35.0357],[-79.5715,35.033]]]}},{"type":"Feature","properties":{"id":"p3710500","name":"Carolina Beach"},"geometry":{"type":"Polygon","coordinates":[[[-77.8895,34.0592],[-77.9012,34.0549],[-77.9092,34.0303],[-77.9063,34.0295],[-77.9068,34.0155],[-77.8994,34.0134],[-77.88,34.0616],[-77.8885,34.0628],[-77.8895,34.0592]]]}},{"type":"Feature","properties":{"id":"p3731400","name":"High Point"},"geometry":{"type":"MultiPolygon","coordinates":[[[[-80.0091,36.0959],[-80.0186,36.0967],[-80.0167,36.0888],[-80.0188,36.0828],[-80.0049,36.0771],[-79.985,36.0777],[-79.9751,36.0742],[-79.9816,36.0692],[-79.9811,36.06],[-79.9716,36.0651],[-79.9638,36.0642],[-79.9698,36.0672],[-79.9714,36.0731],[-79.9707,36.0837],[-79.9848,36.0845],[-79.9929,36.0826],[-80.0067,36.0863],[-80.0072,36.0953],[-80.0091,36.0959]]],[[[-80.0252,36.0791],[-80.025,36.0742],[-80.0158,36.0742],[-80.0164,36.079],[-80.0252,36.0791]]],[[[-80.0576,36.0287],[-80.0451,36.0306],[-80.043,36.0391],[-80.0549,36.0338],[-80.0576,36.0287]]],[[[-79.9631,36.0642],[-79.9708,36.0624],[-79.974,36.0569],[-79.9832,36.0577],[-79.9908,36.0631],[-80.0026,36.0586],[-79.998,36.0514],[-80.0047,36.0467],[-80.0128,36.0454],[-80.0198,36.0537],[-80.0085,36.0545],[-80.0087,36.063],[-80.014,36.0663],[-80.0273,36.0652],[-80.0226,36.0606],[-80.0223,36.0498],[-80.0245,36.0429],[-80.0346,36.0422],[-80.033,36.0327],[-80.0509,36.0226],[-80.0456,36.0189],[-80.0454,36.0091],[-80.0551,36.0092],[-80.0559,36.0034],[-80.0624,36.003],[-80.0615,35.9941],[-80.0491,35.9913],[-80.0446,35.9846],[-80.0449,35.9728],[-80.0505,35.9719],[-80.0542,35.9645],[-80.0463,35.9611],[-80.0459,35.9484],[-80.0547,35.9471],[-80.0492,35.9417],[-80.0467,35.9277],[-80.0526,35.9268],[-80.0514,35.9195],[-80.0512,35.9192],[-80.0486,35.9168],[-80.0471,35.9145],[-80.0457,35.9184],[-80.0376,35.9203],[-80.029,35.9183],[-80.024,35.9197],[-80.0109,35.9183],[-80.0054,35.9136],[-79.9992,35.9187],[-79.9734,35.9177],[-79.9708,35.9217],[-79.964,35.9232],[-79.9551,35.9216],[-79.9554,35.9234],[-79.957,35.9358],[-79.9607,35.9401],[-79.9524,35.949],[-79.9455,35.9521],[-79.9425,35.9455],[-79.9231,35.9466],[-79.9193,35.9399],[-79.913,35.9382],[-79.9034,35.9444],[-79.9084,35.9506],[-79.918,35.9494],[-79.9249,35.9559],[-79.9431,35.9573],[-79.9422,35.9619],[-79.9351,35.9702],[-79.9364,35.9786],[-79.9455,35.9819],[-79.943,35.9858],[-79.9581,35.9906],[-79.9568,35.9954],[-79.9451,35.9927],[-79.9357,36.0166],[-79.9371,36.0316],[-79.9224,36.0321],[-79.9217,36.0493],[-79.9337,36.047],[-79.936,36.0557],[-79.9386,36.0608],[-79.9444,36.0608],[-79.9465,36.0652],[-79.9554,36.0658],[-79.9608,36.0645],[-79.9631,36.0642]],[[-79.9562,36.011],[-79.9566,36.0068],[-79.9631,36.0027],[-79.9718,36.0007],[-79.9708,36.0072],[-79.9664,36.0086],[-79.9643,36.0148],[-79.9571,36.0151],[-79.9569,36.0174],[-79.9579,36.0229],[-79.948,36.0237],[-79.9491,36.0138],[-79.9449,36.0077],[-79.9521,36.0067],[-79.9562,36.011]]],[[[-80.0721,35.9655],[-80.0597,35.9702],[-80.0634,35.9738],[-80.0709,35.973],[-80.0721,35.9655]]]]}},{"type":"Feature","properties":{"id":"p3734300","name":"Jamestown"},"geometry":{"type":"MultiPolygon","coordinates":[[[[-79.9571,36.0151],[-79.9562,36.011],[-79.9521,36.0067],[-79.9449,36.0077],[-79.9491,36.0138],[-79.9569,36.0174],[-79.9571,36.0151]]],[[[-79.9357,36.0166],[-79.9451,35.9927],[-79.9568,35.9954],[-79.9581,35.9906],[-79.943,35.9858],[-79.9368,35.9848],[-79.9274,35.9772],[-79.9228,35.9817],[-79.9272,35.9906],[-79.9191,36.0004],[-79.9187,36.0056],[-79.9295,36.0112],[-79.9283,36.0165],[-79.9357,36.0166]]]]}},{"type":"Feature","properties":{"id":"p3727520","name":"Grantsboro"},"geometry":{"type":"Polygon","coordinates":[[[-76.8273,35.1442],[-76.8375,35.1447],[-76.8406,35.1486],[-76.8411,35.177],[-76.8425,35.1817],[-76.8528,35.1837],[-76.8485,35.1544],[-76.856,35.1413],[-76.8562,35.1377],[-76.864,35.136],[-76.8647,35.1241],[-76.857,35.1227],[-76.854,35.1282],[-76.8576,35.1325],[-76.8448,35.1331],[-76.8427,35.1202],[-76.8366,35.1182],[-76.8381,35.1293],[-76.8264,35.1278],[-76.8226,35.1327],[-76.8317,35.1337],[-76.8273,35.1442]]]}},{"type":"Feature","properties":{"id":"p3757740","name":"Roper"},"geometry":{"type":"Polygon","coordinates":[[[-76.6277,35.8827],[-76.6217,35.8735],[-76.6158,35.8703],[-76.609,35.8722],[-76.6059,35.8779],[-76.6203,35.8878],[-76.6277,35.8827]]]}},{"type":"Feature","properties":{"id":"p3742240","name":"Mebane"},"geometry":{"type":"MultiPolygon","coordinates":[[[[-79.2155,36.0783],[-79.2136,36.0682],[-79.2039,36.0682],[-79.2034,36.076],[-79.2155,36.0783]]],[[[-79.2408,36.0776],[-79.2268,36.0728],[-79.2243,36.0782],[-79.2408,36.0776]]],[[[-79.3061,36.0463],[-79.3044,36.0406],[-79.2896,36.0447],[-79.2934,36.0479],[-79.3061,36.0463]]],[[[-79.2777,36.0982],[-79.2824,36.0962],[-79.2873,36.0875],[-79.3067,36.0881],[-79.307,36.0816],[-79.3112,36.0752],[-79.3256,36.0667],[-79.3331,36.057],[-79.3269,36.051],[-79.3156,36.0595],[-79.313,36.0547],[-79.3052,36.0597],[-79.2932,36.0585],[-79.2927,36.0682],[-79.2761,36.0697],[-79.2725,36.065],[-79.2635,36.0665],[-79.2612,36.0616],[-79.2528,36.0643],[-79.2539,36.0692],[-79.2415,36.0817],[-79.251,36.0845],[-79.2589,36.0953],[-79.2557,36.1042],[-79.2474,36.1013],[-79.2546,36.0963],[-79.2457,36.094],[-79.2432,36.0977],[-79.2344,36.1011],[-79.2347,36.1048],[-79.245,36.1096],[-79.2519,36.1091],[-79.2528,36.1163],[-79.2578,36.1156],[-79.2612,36.1311],[-79.265,36.1341],[-79.2727,36.1304],[-79.2744,36.1242],[-79.2761,36.1141],[-79.2743,36.1063],[-79.2777,36.0982]]]]}},{"type":"Feature","properties":{"id":"p3735460","name":"Kenansville"},"geometry":{"type":"Polygon","coordinates":[[[-77.9876,34.9567],[-77.9861,34.9493],[-77.975,34.9444],[-77.9743,34.9516],[-77.948,34.9566],[-77.9486,34.9627],[-77.9445,34.9688],[-77.9683,34.9704],[-77.9782,34.9609],[-77.9808,34.9528],[-77.9876,34.9567]]]}},{"type":"Feature","properties":{"id":"p3766360","name":"Swansboro"},"geometry":{"type":"Polygon","coordinates":[[[-77.1426,34.7053],[-77.1555,34.6969],[-77.1537,34.6871],[-77.1467,34.6867],[-77.1365,34.69],[-77.1259,34.6852],[-77.1171,34.687],[-77.1205,34.6919],[-77.1226,34.702],[-77.1376,34.7019],[-77.1426,34.7053]]]}},{"type":"Feature","properties":{"id":"p3770740","name":"Wallburg"},"geometry":{"type":"Polygon","coordinates":[[[-80.1862,36.0192],[-80.1804,36.0165],[-80.1706,36.0162],[-80.1767,36.0067],[-80.1772,35.9987],[-80.1552,36.0116],[-80.1387,36.0098],[-80.134,36.0046],[-80.1339,35.9956],[-80.1383,35.9817],[-80.1499,35.9822],[-80.1457,35.9769],[-80.1396,35.9758],[-80.1321,35.9851],[-80.1205,35.9838],[-80.1217,35.995],[-80.1129,35.9966],[-80.1175,36.0046],[-80.1224,36.0079],[-80.1211,36.0132],[-80.1279,36.0162],[-80.1277,36.0235],[-80.1498,36.0268],[-80.1755,36.0268],[-80.1786,36.0218],[-80.1862,36.0192]]]}},{"type":"Feature","properties":{"id":"p3775280","name":"Woodfin"},"geometry":{"type":"MultiPolygon","coordinates":[[[[-82.5053,35.6696],[-82.5033,35.665],[-82.4967,35.6667],[-82.4997,35.6715],[-82.5053,35.6696]]],[[[-82.5834,35.6739],[-82.588,35.6696],[-82.5944,35.6712],[-82.6114,35.6654],[-82.613,35.6698],[-82.6214,35.6683],[-82.6257,35.6641],[-82.632,35.6633],[-82.6304,35.656],[-82.6101,35.6526],[-82.6099,35.6583],[-82.6002,35.6539],[-82.6104,35.6478],[-82.6096,35.6398],[-82.6134,35.6265],[-82.613,35.6182],[-82.6183,35.61],[-82.6127,35.6072],[-82.606,35.6181],[-82.5996,35.6177],[-82.596,35.622],[-82.5885,35.6239],[-82.5872,35.6169],[-82.5867,35.6168],[-82.5855,35.6184],[-82.5798,35.6212],[-82.5766,35.6129],[-82.5696,35.6222],[-82.5751,35.6268],[-82.5753,35.6384],[-82.5734,35.6415],[-82.5722,35.6422],[-82.5722,35.6428],[-82.5611,35.6518],[-82.5575,35.6465],[-82.5579,35.6489],[-82.5528,35.6534],[-82.5465,35.6512],[-82.5513,35.6653],[-82.5711,35.6657],[-82.5805,35.6686],[-82.5797,35.6731],[-82.5834,35.6739]],[[-82.5783,35.6634],[-82.5668,35.6625],[-82.5653,35.6535],[-82.5772,35.6577],[-82.5783,35.6634]]]]}},{"type":"Feature","properties":{"id":"p3766460","name":"Swepsonville"},"geometry":{"type":"Polygon","coordinates":[[[-79.3697,36.0301],[-79.3695,36.0249],[-79.3651,36.0163],[-79.3558,36.0238],[-79.3398,36.0271],[-79.3353,36.0331],[-79.3442,36.0348],[-79.3484,36.0305],[-79.3584,36.0416],[-79.3697,36.0301]]]}},{"type":"Feature","properties":{"id":"p3708080","name":"Broadway"},"geometry":{"type":"Polygon","coordinates":[[[-79.0723,35.4658],[-79.0628,35.4626],[-79.0544,35.4453],[-79.0469,35.4444],[-79.0436,35.4476],[-79.0491,35.4674],[-79.0534,35.466],[-79.0671,35.4704],[-79.0723,35.4658]]]}},{"type":"Feature","properties":{"id":"p3707140","name":"Boonville"},"geometry":{"type":"Polygon","coordinates":[[[-80.7273,36.235],[-80.7102,36.2256],[-80.6975,36.2265],[-80.6991,36.2335],[-80.7091,36.2449],[-80.7149,36.242],[-80.7173,36.2337],[-80.7273,36.235]]]}},{"type":"Feature","properties":{"id":"p3770340","name":"Wade"},"geometry":{"type":"Polygon","coordinates":[[[-78.7556,35.1661],[-78.7508,35.1648],[-78.7381,35.1541],[-78.7183,35.1613],[-78.721,35.1658],[-78.7285,35.1683],[-78.735,35.174],[-78.7418,35.1686],[-78.7473,35.1721],[-78.7538,35.1723],[-78.7556,35.1661]]]}},{"type":"Feature","properties":{"id":"p3765320","name":"Stovall"},"geometry":{"type":"Polygon","coordinates":[[[-78.5797,36.448],[-78.578,36.4429],[-78.5723,36.4395],[-78.5626,36.439],[-78.5589,36.4484],[-78.566,36.4555],[-78.5743,36.4549],[-78.5797,36.448]]]}},{"type":"Feature","properties":{"id":"p3762680","name":"Sneads Ferry"},"geometry":{"type":"Polygon","coordinates":[[[-77.3534,34.5534],[-77.3543,34.5568],[-77.3645,34.5661],[-77.3867,34.5756],[-77.3939,34.5803],[-77.3998,34.5781],[-77.3991,34.5726],[-77.4016,34.5618],[-77.4052,34.5574],[-77.4143,34.5529],[-77.4053,34.5492],[-77.4017,34.543],[-77.3927,34.5452],[-77.3871,34.5431],[-77.3796,34.5352],[-77.3698,34.539],[-77.3608,34.5395],[-77.3587,34.5494],[-77.3534,34.5534]]]}},{"type":"Feature","properties":{"id":"p3709540","name":"Calabash"},"geometry":{"type":"Polygon","coordinates":[[[-78.5793,33.8905],[-78.5869,33.8905],[-78.5733,33.8788],[-78.5655,33.8801],[-78.5606,33.8836],[-78.5559,33.8764],[-78.5444,33.8805],[-78.5432,33.8851],[-78.5436,33.886],[-78.5204,33.8911],[-78.5265,33.9082],[-78.5255,33.9088],[-78.5189,33.9123],[-78.5161,33.9173],[-78.523,33.9215],[-78.5246,33.9269],[-78.5335,33.9268],[-78.5368,33.9354],[-78.5565,33.9356],[-78.5538,33.9267],[-78.5564,33.9195],[-78.5564,33.9194],[-78.5583,33.9166],[-78.5583,33.9163],[-78.5499,33.9133],[-78.5505,33.909],[-78.5578,33.9089],[-78.5577,33.907],[-78.5582,33.9008],[-78.5624,33.8962],[-78.5704,33.9072],[-78.5779,33.9029],[-78.572,33.8915],[-78.5793,33.8905]]]}},{"type":"Feature","properties":{"id":"p3741060","name":"Manteo"},"geometry":{"type":"MultiPolygon","coordinates":[[[[-75.6616,35.8922],[-75.6612,35.8897],[-75.6364,35.8945],[-75.6451,35.9058],[-75.656,35.9022],[-75.6616,35.8922]]],[[[-75.6823,35.8993],[-75.6748,35.8972],[-75.6684,35.9021],[-75.6693,35.9128],[-75.6731,35.92],[-75.6806,35.9098],[-75.6772,35.9032],[-75.6823,35.8993]]]]}},{"type":"Feature","properties":{"id":"p3709140","name":"Burnsville"},"geometry":{"type":"Polygon","coordinates":[[[-82.3143,35.9134],[-82.3027,35.9078],[-82.2932,35.9075],[-82.2849,35.9101],[-82.2802,35.9146],[-82.2801,35.921],[-82.2914,35.9227],[-82.3124,35.9237],[-82.3143,35.9134]]]}},{"type":"Feature","properties":{"id":"p3758860","name":"Salisbury"},"geometry":{"type":"MultiPolygon","coordinates":[[[[-80.5184,35.6071],[-80.5183,35.6028],[-80.505,35.6022],[-80.5164,35.6087],[-80.5184,35.6071]]],[[[-80.4497,35.6925],[-80.4617,35.6935],[-80.4651,35.7007],[-80.4657,35.7118],[-80.4769,35.7123],[-80.4774,35.7011],[-80.4855,35.698],[-80.4894,35.7053],[-80.5088,35.711],[-80.509,35.6979],[-80.5125,35.6945],[-80.5314,35.7091],[-80.5386,35.7102],[-80.5423,35.6977],[-80.5351,35.693],[-80.5366,35.6809],[-80.531,35.6748],[-80.5253,35.6743],[-80.5243,35.6806],[-80.5123,35.6817],[-80.5008,35.6726],[-80.5079,35.6689],[-80.5071,35.6652],[-80.5177,35.6653],[-80.5188,35.6614],[-80.5283,35.6634],[-80.5349,35.6581],[-80.5346,35.6494],[-80.5243,35.6535],[-80.5178,35.6592],[-80.5137,35.6518],[-80.5071,35.6494],[-80.5132,35.6438],[-80.5182,35.6432],[-80.5185,35.6358],[-80.5275,35.6385],[-80.5304,35.6437],[-80.5459,35.6436],[-80.5483,35.64],[-80.5545,35.6228],[-80.5417,35.6171],[-80.5401,35.6223],[-80.5326,35.6194],[-80.5292,35.6236],[-80.503,35.6466],[-80.4945,35.6473],[-80.4904,35.6361],[-80.4778,35.6332],[-80.4564,35.6266],[-80.4466,35.639],[-80.4442,35.6381],[-80.4424,35.6376],[-80.4421,35.6374],[-80.4405,35.6434],[-80.4359,35.6466],[-80.437,35.6556],[-80.4368,35.6559],[-80.4381,35.6604],[-80.4455,35.6632],[-80.4463,35.6742],[-80.4474,35.6782],[-80.4512,35.6869],[-80.4497,35.6925]]]]}},{"type":"Feature","properties":{"id":"p3768500","name":"Troutman"},"geometry":{"type":"MultiPolygon","coordinates":[[[[-80.8592,35.6664],[-80.8596,35.6623],[-80.85,35.6603],[-80.8442,35.6624],[-80.83,35.6556],[-80.8287,35.6661],[-80.8144,35.6642],[-80.8138,35.6716],[-80.8205,35.681],[-80.8281,35.6826],[-80.8299,35.678],[-80.8247,35.6727],[-80.8296,35.6664],[-80.8363,35.6623],[-80.8459,35.6697],[-80.8532,35.6693],[-80.8454,35.6815],[-80.8492,35.6862],[-80.8592,35.6664]]],[[[-80.8728,35.6822],[-80.8581,35.6828],[-80.8578,35.6935],[-80.8655,35.69],[-80.8728,35.6822]]],[[[-80.9117,35.733],[-80.9064,35.7282],[-80.9145,35.7164],[-80.897,35.7131],[-80.8944,35.7064],[-80.9005,35.7033],[-80.9156,35.7052],[-80.9144,35.6988],[-80.9026,35.6992],[-80.9009,35.6933],[-80.8929,35.6893],[-80.8923,35.6781],[-80.8974,35.6782],[-80.8959,35.6704],[-80.886,35.6693],[-80.8774,35.6706],[-80.8775,35.6778],[-80.8873,35.689],[-80.8877,35.693],[-80.8824,35.6977],[-80.8748,35.6988],[-80.8687,35.712],[-80.8773,35.7169],[-80.8776,35.7069],[-80.8858,35.7068],[-80.8854,35.7241],[-80.8766,35.729],[-80.8782,35.7365],[-80.8843,35.7365],[-80.8953,35.7282],[-80.9022,35.729],[-80.9051,35.7308],[-80.904,35.7347],[-80.9117,35.733]]],[[[-80.9273,35.6437],[-80.9183,35.652],[-80.9105,35.6539],[-80.9081,35.658],[-80.9132,35.6621],[-80.9224,35.6545],[-80.9276,35.6524],[-80.9273,35.6437]]]]}},{"type":"Feature","properties":{"id":"p3766040","name":"Surf City"},"geometry":{"type":"MultiPolygon","coordinates":[[[[-77.5199,34.4571],[-77.5268,34.4514],[-77.5342,34.4558],[-77.5488,34.4439],[-77.5553,34.4533],[-77.563,34.4498],[-77.5711,34.4426],[-77.5629,34.4393],[-77.5598,34.4343],[-77.5661,34.43],[-77.5714,34.4299],[-77.5754,34.4246],[-77.5883,34.4181],[-77.6032,34.4049],[-77.5932,34.3928],[-77.5827,34.4007],[-77.5315,34.4332],[-77.5102,34.4457],[-77.5199,34.4571]]],[[[-77.6179,34.454],[-77.6111,34.4398],[-77.6019,34.4511],[-77.59,34.4544],[-77.5906,34.4489],[-77.5848,34.4416],[-77.5792,34.4431],[-77.5772,34.4494],[-77.5779,34.4583],[-77.5857,34.463],[-77.5936,34.4717],[-77.5963,34.4677],[-77.5886,34.4629],[-77.5946,34.4552],[-77.6019,34.4537],[-77.6122,34.4564],[-77.6179,34.454]]]]}},{"type":"Feature","properties":{"id":"p3729800","name":"Harrisburg"},"geometry":{"type":"MultiPolygon","coordinates":[[[[-80.6087,35.2929],[-80.605,35.2822],[-80.5998,35.2874],[-80.6001,35.2922],[-80.6087,35.2929]]],[[[-80.6237,35.2785],[-80.6223,35.2701],[-80.6112,35.2701],[-80.6074,35.2656],[-80.6022,35.2703],[-80.6099,35.2727],[-80.6096,35.2786],[-80.6237,35.2785]]],[[[-80.6281,35.2985],[-80.6248,35.295],[-80.6241,35.2927],[-80.6242,35.2892],[-80.6143,35.2881],[-80.6146,35.2933],[-80.6085,35.2972],[-80.622,35.3011],[-80.6281,35.2985]]],[[[-80.6466,35.2704],[-80.6404,35.2665],[-80.6368,35.2724],[-80.6454,35.2744],[-80.6466,35.2704]]],[[[-80.6281,35.2985],[-80.6383,35.3034],[-80.6465,35.2995],[-80.6514,35.2921],[-80.6392,35.2846],[-80.641,35.2924],[-80.6281,35.2985]]],[[[-80.6675,35.2703],[-80.6592,35.2643],[-80.648,35.2647],[-80.6486,35.2722],[-80.6547,35.2804],[-80.6627,35.277],[-80.6675,35.2703]]],[[[-80.6775,35.3407],[-80.6713,35.3341],[-80.6631,35.3382],[-80.6713,35.3421],[-80.6775,35.3407]]],[[[-80.6907,35.3496],[-80.6895,35.3356],[-80.6872,35.3285],[-80.6864,35.3261],[-80.6854,35.3228],[-80.6808,35.3209],[-80.6836,35.3175],[-80.6812,35.3108],[-80.6759,35.2948],[-80.6725,35.2846],[-80.6715,35.2815],[-80.6621,35.2836],[-80.6654,35.2897],[-80.6534,35.2914],[-80.6446,35.3088],[-80.6382,35.3067],[-80.6278,35.3081],[-80.6254,35.3135],[-80.6366,35.3258],[-80.6277,35.3319],[-80.6236,35.329],[-80.6231,35.3203],[-80.6152,35.3234],[-80.6119,35.3154],[-80.6047,35.3184],[-80.6138,35.3247],[-80.6175,35.335],[-80.6006,35.3324],[-80.598,35.3336],[-80.6008,35.3376],[-80.6102,35.3404],[-80.6103,35.3406],[-80.6123,35.3425],[-80.6318,35.3312],[-80.6319,35.3436],[-80.6375,35.3428],[-80.6383,35.342],[-80.6386,35.3345],[-80.6444,35.335],[-80.6509,35.3371],[-80.6584,35.3358],[-80.6746,35.3256],[-80.6819,35.3278],[-80.6836,35.3394],[-80.6907,35.3496]],[[-80.6724,35.314],[-80.665,35.3152],[-80.6525,35.3149],[-80.652,35.3077],[-80.6581,35.308],[-80.6621,35.315],[-80.6724,35.314]],[[-80.6704,35.2879],[-80.6702,35.2945],[-80.6629,35.2981],[-80.6623,35.2916],[-80.6704,35.2879]]]]}},{"type":"Feature","properties":{"id":"p3728200","name":"Grifton"},"geometry":{"type":"Polygon","coordinates":[[[-77.4339,35.4278],[-77.4362,35.4038],[-77.4362,35.3901],[-77.4441,35.3842],[-77.4489,35.3688],[-77.4437,35.3655],[-77.427,35.3681],[-77.4214,35.374],[-77.4042,35.3783],[-77.3943,35.3774],[-77.3954,35.3846],[-77.4018,35.3829],[-77.419,35.384],[-77.4284,35.3786],[-77.4366,35.3813],[-77.4335,35.4278],[-77.4339,35.4278]]]}},{"type":"Feature","properties":{"id":"p3760320","name":"Selma"},"geometry":{"type":"Polygon","coordinates":[[[-78.3348,35.5709],[-78.3347,35.5709],[-78.318,35.5601],[-78.3201,35.5553],[-78.3051,35.546],[-78.3005,35.5505],[-78.2938,35.5466],[-78.3002,35.5379],[-78.2981,35.5338],[-78.3043,35.525],[-78.3045,35.5193],[-78.3011,35.5144],[-78.3022,35.5187],[-78.2973,35.5236],[-78.2933,35.5176],[-78.2834,35.518],[-78.2783,35.5104],[-78.272,35.5086],[-78.2719,35.5092],[-78.2772,35.511],[-78.2755,35.5199],[-78.2816,35.5246],[-78.2664,35.5412],[-78.2761,35.5469],[-78.2876,35.5446],[-78.2931,35.5522],[-78.292,35.5576],[-78.3083,35.5555],[-78.3059,35.5595],[-78.3082,35.5688],[-78.3174,35.5709],[-78.3201,35.5742],[-78.3348,35.5709]]]}},{"type":"Feature","properties":{"id":"p3730660","name":"Henderson"},"geometry":{"type":"Polygon","coordinates":[[[-78.3916,36.3003],[-78.3855,36.3006],[-78.3858,36.3084],[-78.379,36.3171],[-78.3873,36.331],[-78.3894,36.3463],[-78.3924,36.3489],[-78.408,36.3416],[-78.4138,36.3468],[-78.4223,36.3423],[-78.4309,36.3418],[-78.452,36.3374],[-78.4564,36.3278],[-78.4488,36.3231],[-78.4477,36.3175],[-78.442,36.3168],[-78.4342,36.3065],[-78.4255,36.3083],[-78.4195,36.3039],[-78.4212,36.3122],[-78.414,36.3172],[-78.411,36.3132],[-78.3887,36.3062],[-78.3916,36.3003]]]}},{"type":"Feature","properties":{"id":"p3737160","name":"Laurel Park"},"geometry":{"type":"Polygon","coordinates":[[[-82.4825,35.3148],[-82.4927,35.3207],[-82.5041,35.3191],[-82.5106,35.3211],[-82.5085,35.3256],[-82.5132,35.3287],[-82.5151,35.3141],[-82.5248,35.3156],[-82.532,35.3135],[-82.5328,35.3087],[-82.5209,35.3039],[-82.5069,35.3094],[-82.5045,35.3051],[-82.5053,35.2981],[-82.5013,35.2964],[-82.4968,35.3026],[-82.4825,35.302],[-82.4783,35.3056],[-82.4846,35.3077],[-82.4829,35.313],[-82.4825,35.3148]]]}},{"type":"Feature","properties":{"id":"p3717325","name":"Dobbins Heights"},"geometry":{"type":"Polygon","coordinates":[[[-79.6907,34.8982],[-79.6837,34.9092],[-79.6905,34.9158],[-79.6976,34.9165],[-79.7003,34.9121],[-79.6986,34.9087],[-79.7005,34.9014],[-79.6987,34.8986],[-79.6932,34.8958],[-79.6921,34.8962],[-79.6907,34.8982]]]}},{"type":"Feature","properties":{"id":"p3758440","name":"Rutherford College"},"geometry":{"type":"Polygon","coordinates":[[[-81.5453,35.7565],[-81.5413,35.7545],[-81.5348,35.7533],[-81.5325,35.7485],[-81.5355,35.7435],[-81.5297,35.7402],[-81.5314,35.7344],[-81.5369,35.7326],[-81.5383,35.7323],[-81.5176,35.7296],[-81.5202,35.7361],[-81.5206,35.7397],[-81.5193,35.7414],[-81.5181,35.7438],[-81.516,35.7469],[-81.5134,35.7537],[-81.5234,35.7671],[-81.5316,35.7705],[-81.537,35.7657],[-81.539,35.7646],[-81.5387,35.7607],[-81.5412,35.7615],[-81.5419,35.7602],[-81.5453,35.7565]]]}},{"type":"Feature","properties":{"id":"p3763720","name":"Speed"},"geometry":{"type":"Polygon","coordinates":[[[-77.4518,35.9655],[-77.4424,35.9644],[-77.4369,35.9706],[-77.4464,35.9733],[-77.4518,35.9655]]]}},{"type":"Feature","properties":{"id":"p3749460","name":"Orrum"},"geometry":{"type":"Polygon","coordinates":[[[-79.014,34.4662],[-79.0154,34.4623],[-79.0051,34.4601],[-79.0017,34.4705],[-79.0138,34.473],[-79.014,34.4662]]]}},{"type":"Feature","properties":{"id":"p3719140","name":"Earl"},"geometry":{"type":"Polygon","coordinates":[[[-81.5433,35.1961],[-81.541,35.1904],[-81.5364,35.1883],[-81.5245,35.1898],[-81.5257,35.198],[-81.5309,35.2024],[-81.5379,35.2026],[-81.5433,35.1961]]]}},{"type":"Feature","properties":{"id":"p3755940","name":"Rennert"},"geometry":{"type":"Polygon","coordinates":[[[-79.0899,34.82],[-79.0886,34.8133],[-79.0836,34.8041],[-79.0778,34.804],[-79.0701,34.8093],[-79.0727,34.8185],[-79.0706,34.8226],[-79.0834,34.8229],[-79.0899,34.82]]]}},{"type":"Feature","properties":{"id":"p3769720","name":"Vandemere"},"geometry":{"type":"Polygon","coordinates":[[[-76.6595,35.2003],[-76.6748,35.1906],[-76.6831,35.1832],[-76.6699,35.1744],[-76.6604,35.1829],[-76.6547,35.1905],[-76.6489,35.1916],[-76.6489,35.1972],[-76.654,35.2014],[-76.6595,35.2003]]]}},{"type":"Feature","properties":{"id":"p3702320","name":"Askewville"},"geometry":{"type":"Polygon","coordinates":[[[-76.9459,36.1182],[-76.9509,36.1103],[-76.9372,36.104],[-76.9324,36.1115],[-76.9459,36.1182]]]}},{"type":"Feature","properties":{"id":"p3761860","name":"Siler City"},"geometry":{"type":"MultiPolygon","coordinates":[[[[-79.4295,35.7343],[-79.4289,35.7223],[-79.425,35.7155],[-79.4084,35.7187],[-79.4074,35.7256],[-79.4225,35.7301],[-79.4295,35.7343]]],[[[-79.4848,35.7297],[-79.4817,35.7281],[-79.4815,35.708],[-79.4453,35.7081],[-79.4453,35.7216],[-79.4387,35.7216],[-79.4334,35.7363],[-79.4453,35.7378],[-79.4823,35.7378],[-79.4848,35.7297]]],[[[-79.4966,35.7571],[-79.4979,35.7539],[-79.483,35.7467],[-79.4804,35.7511],[-79.4966,35.7571]]],[[[-79.5376,35.7491],[-79.5408,35.7415],[-79.5333,35.7394],[-79.5189,35.7449],[-79.5213,35.75],[-79.5376,35.7491]]]]}},{"type":"Feature","properties":{"id":"p3720600","name":"Elizabethtown"},"geometry":{"type":"Polygon","coordinates":[[[-78.6584,34.6359],[-78.6472,34.6422],[-78.633,34.6317],[-78.6322,34.6281],[-78.6229,34.6279],[-78.628,34.6218],[-78.6165,34.6211],[-78.6087,34.6146],[-78.5948,34.6128],[-78.5988,34.6071],[-78.5843,34.5976],[-78.5748,34.5941],[-78.5699,34.5849],[-78.5649,34.5884],[-78.5718,34.5962],[-78.5698,34.6042],[-78.5883,34.6192],[-78.5852,34.6225],[-78.6003,34.6303],[-78.6325,34.6372],[-78.6276,34.6444],[-78.6353,34.6504],[-78.6447,34.6463],[-78.6584,34.6359]]]}},{"type":"Feature","properties":{"id":"p3758160","name":"Roxboro"},"geometry":{"type":"MultiPolygon","coordinates":[[[[-78.9815,36.3397],[-78.9803,36.3333],[-78.9643,36.3299],[-78.9626,36.3363],[-78.966,36.3395],[-78.9784,36.3368],[-78.9815,36.3397]]],[[[-79.0102,36.389],[-79.0047,36.3845],[-78.9946,36.3821],[-78.9937,36.3764],[-79.0001,36.3758],[-79.0003,36.3706],[-78.9861,36.3705],[-78.9888,36.3535],[-78.9939,36.3446],[-78.9788,36.3449],[-78.9704,36.3417],[-78.9691,36.348],[-78.9633,36.3479],[-78.9583,36.3552],[-78.969,36.3557],[-78.973,36.3517],[-78.9784,36.3623],[-78.9771,36.3698],[-78.978,36.3805],[-78.9737,36.3966],[-78.9692,36.3943],[-78.9691,36.4097],[-78.965,36.4102],[-78.9621,36.4199],[-78.9573,36.4247],[-78.9659,36.428],[-78.966,36.4382],[-78.9699,36.4385],[-78.9735,36.4187],[-78.9869,36.4103],[-78.9868,36.4059],[-79.0059,36.3896],[-79.0102,36.389]]]]}},{"type":"Feature","properties":{"id":"p3710620","name":"Carrboro"},"geometry":{"type":"Polygon","coordinates":[[[-79.0831,35.9473],[-79.0802,35.9511],[-79.0823,35.9574],[-79.0906,35.9647],[-79.0931,35.9581],[-79.1074,35.9583],[-79.1062,35.9475],[-79.098,35.9462],[-79.0966,35.9397],[-79.1031,35.9386],[-79.101,35.9309],[-79.1151,35.931],[-79.115,35.9238],[-79.0996,35.9196],[-79.0938,35.9117],[-79.0916,35.9009],[-79.0868,35.8967],[-79.0895,35.8905],[-79.0822,35.888],[-79.0773,35.8899],[-79.0738,35.8973],[-79.0735,35.8985],[-79.0688,35.9061],[-79.0639,35.907],[-79.0742,35.9249],[-79.0749,35.9317],[-79.0763,35.94],[-79.0802,35.94],[-79.0831,35.9473]]]}},{"type":"Feature","properties":{"id":"p3730120","name":"Havelock"},"geometry":{"type":"Polygon","coordinates":[[[-76.9485,34.9298],[-76.9475,34.9242],[-76.9406,34.9122],[-76.9439,34.9075],[-76.938,34.9045],[-76.9305,34.8943],[-76.9247,34.8828],[-76.9061,34.8559],[-76.8958,34.8568],[-76.8867,34.8639],[-76.8859,34.8742],[-76.869,34.8756],[-76.8683,34.8822],[-76.8833,34.8825],[-76.8596,34.9335],[-76.854,34.9416],[-76.8683,34.9476],[-76.8892,34.9482],[-76.8999,34.9527],[-76.9065,34.9465],[-76.9095,34.9362],[-76.907,34.9279],[-76.9118,34.9176],[-76.9168,34.9195],[-76.938,34.9186],[-76.939,34.9262],[-76.9354,34.9286],[-76.9295,34.9391],[-76.9402,34.9369],[-76.9485,34.9298]],[[-76.9245,34.8995],[-76.9277,34.9022],[-76.9212,34.907],[-76.914,34.9066],[-76.9148,34.8998],[-76.9245,34.8995]]]}},{"type":"Feature","properties":{"id":"p3705040","name":"Benson"},"geometry":{"type":"Polygon","coordinates":[[[-78.5606,35.3873],[-78.5582,35.3797],[-78.5543,35.3777],[-78.5549,35.3671],[-78.545,35.3721],[-78.5399,35.3771],[-78.5271,35.3841],[-78.5301,35.3912],[-78.5431,35.3947],[-78.5494,35.4018],[-78.5573,35.405],[-78.5591,35.3993],[-78.5575,35.3884],[-78.5606,35.3873]]]}},{"type":"Feature","properties":{"id":"p3768400","name":"Trinity"},"geometry":{"type":"Polygon","coordinates":[[[-80.0499,35.8612],[-80.0505,35.8512],[-80.0471,35.8444],[-80.0382,35.8442],[-80.0295,35.8413],[-80.0283,35.8455],[-80.018,35.8414],[-80.0129,35.8456],[-80.0125,35.8568],[-80.0037,35.8564],[-79.9971,35.8502],[-79.9875,35.8501],[-79.9894,35.8396],[-79.9823,35.8374],[-79.9811,35.8454],[-79.9836,35.8488],[-79.9821,35.8583],[-79.9856,35.8652],[-79.9675,35.8614],[-79.9583,35.8639],[-79.9606,35.8725],[-79.9608,35.8815],[-79.9616,35.8815],[-79.9614,35.8862],[-79.9676,35.8882],[-79.9907,35.9028],[-79.9969,35.9032],[-79.9997,35.9034],[-80.0057,35.9084],[-80.0115,35.9099],[-80.0129,35.9162],[-80.0156,35.9093],[-80.0247,35.9118],[-80.0276,35.9076],[-80.037,35.9042],[-80.0429,35.8941],[-80.0462,35.8903],[-80.046,35.8796],[-80.0492,35.875],[-80.0495,35.8675],[-80.0499,35.8612]]]}},{"type":"Feature","properties":{"id":"p3755660","name":"Red Springs"},"geometry":{"type":"MultiPolygon","coordinates":[[[[-79.1904,34.7708],[-79.1937,34.768],[-79.1752,34.7608],[-79.1709,34.7737],[-79.177,34.7714],[-79.1869,34.7755],[-79.1904,34.7708]]],[[[-79.2044,34.8077],[-79.2016,34.8031],[-79.193,34.8019],[-79.1785,34.8078],[-79.1693,34.8091],[-79.1731,34.822],[-79.1796,34.8261],[-79.1782,34.8377],[-79.1857,34.8386],[-79.1859,34.8295],[-79.1888,34.8244],[-79.1979,34.8204],[-79.1942,34.8143],[-79.2028,34.8109],[-79.2044,34.8077]]]]}},{"type":"Feature","properties":{"id":"p3771320","name":"Watha"},"geometry":{"type":"Polygon","coordinates":[[[-77.9734,34.649],[-77.9686,34.6358],[-77.9525,34.6398],[-77.9571,34.653],[-77.9734,34.649]]]}},{"type":"Feature","properties":{"id":"p3708860","name":"Bunn"},"geometry":{"type":"Polygon","coordinates":[[[-78.2614,35.9626],[-78.2535,35.9547],[-78.2477,35.9556],[-78.2448,35.9618],[-78.2522,35.9659],[-78.2614,35.9626]]]}},{"type":"Feature","properties":{"id":"p3717340","name":"Dobson"},"geometry":{"type":"Polygon","coordinates":[[[-80.7334,36.3979],[-80.7305,36.3917],[-80.7227,36.3835],[-80.7135,36.3813],[-80.715,36.3912],[-80.7069,36.3867],[-80.7044,36.3951],[-80.7126,36.3947],[-80.7127,36.4034],[-80.7276,36.4052],[-80.7334,36.3979]]]}},{"type":"Feature","properties":{"id":"p3722720","name":"Fallston"},"geometry":{"type":"Polygon","coordinates":[[[-81.5172,35.4249],[-81.5153,35.4182],[-81.5024,35.4168],[-81.4949,35.4189],[-81.4886,35.4242],[-81.4889,35.4326],[-81.5015,35.4435],[-81.5133,35.4333],[-81.5172,35.4249]]]}},{"type":"Feature","properties":{"id":"p3712580","name":"Chocowinity"},"geometry":{"type":"Polygon","coordinates":[[[-77.1212,35.5215],[-77.1178,35.516],[-77.1029,35.512],[-77.1005,35.5076],[-77.0877,35.5105],[-77.0937,35.5195],[-77.0976,35.5176],[-77.1057,35.5229],[-77.1097,35.5169],[-77.1212,35.5215]]]}},{"type":"Feature","properties":{"id":"p3744320","name":"Morehead City"},"geometry":{"type":"MultiPolygon","coordinates":[[[[-76.7605,34.7501],[-76.7623,34.7396],[-76.7528,34.7395],[-76.7482,34.7455],[-76.7605,34.7501]]],[[[-76.673,34.733],[-76.689,34.7348],[-76.6943,34.7306],[-76.7046,34.7356],[-76.7018,34.7413],[-76.7098,34.7432],[-76.7231,34.7493],[-76.7304,34.748],[-76.7236,34.7393],[-76.739,34.7363],[-76.7462,34.7328],[-76.7745,34.7332],[-76.7835,34.739],[-76.7849,34.744],[-76.7915,34.7435],[-76.8021,34.7468],[-76.8116,34.7473],[-76.826,34.7437],[-76.8196,34.7367],[-76.8103,34.7341],[-76.8006,34.7354],[-76.7992,34.7299],[-76.8064,34.7294],[-76.807,34.7251],[-76.7938,34.7258],[-76.7685,34.7244],[-76.7558,34.7225],[-76.7344,34.7212],[-76.714,34.7158],[-76.6905,34.716],[-76.6872,34.7099],[-76.6775,34.7148],[-76.6756,34.7181],[-76.6701,34.7225],[-76.6693,34.7269],[-76.673,34.733]]]]}},{"type":"Feature","properties":{"id":"p3713940","name":"Columbia"},"geometry":{"type":"MultiPolygon","coordinates":[[[[-76.235,35.9161],[-76.2333,35.9121],[-76.2243,35.9139],[-76.224,35.9181],[-76.233,35.9191],[-76.235,35.9161]]],[[[-76.2604,35.9251],[-76.2547,35.9202],[-76.2556,35.9133],[-76.2387,35.9155],[-76.2344,35.918],[-76.2324,35.925],[-76.2469,35.9261],[-76.2511,35.9243],[-76.2604,35.9251]]]]}},{"type":"Feature","properties":{"id":"p3729160","name":"Hamlet"},"geometry":{"type":"Polygon","coordinates":[[[-79.6987,34.8986],[-79.705,34.9001],[-79.7006,34.9029],[-79.6992,34.9071],[-79.7076,34.9078],[-79.7167,34.9026],[-79.7301,34.9082],[-79.7362,34.9008],[-79.7244,34.8902],[-79.728,34.8855],[-79.7264,34.8778],[-79.7377,34.8736],[-79.7329,34.8693],[-79.708,34.8772],[-79.7041,34.8714],[-79.6944,34.8669],[-79.6931,34.8777],[-79.6877,34.8774],[-79.6865,34.8884],[-79.6805,34.8921],[-79.6907,34.8982],[-79.6921,34.8962],[-79.6932,34.8958],[-79.6987,34.8986]]]}},{"type":"Feature","properties":{"id":"p3763400","name":"Southport"},"geometry":{"type":"MultiPolygon","coordinates":[[[[-78.0183,33.982],[-78.0054,33.9754],[-77.9979,33.9746],[-78.0017,33.9867],[-78.0194,33.986],[-78.0183,33.982]]],[[[-78.0358,33.942],[-78.027,33.9397],[-78.0279,33.9458],[-78.0358,33.942]]],[[[-78.043,33.9618],[-78.045,33.9517],[-78.0376,33.9496],[-78.0341,33.9602],[-78.043,33.9618]]],[[[-78.0232,33.9156],[-78.0142,33.9184],[-77.9988,33.9261],[-77.9933,33.9315],[-78.007,33.9332],[-78.0041,33.9396],[-78.019,33.9424],[-78.0204,33.9341],[-78.0355,33.9403],[-78.0321,33.9314],[-78.0377,33.9178],[-78.0232,33.9156]]]]}},{"type":"Feature","properties":{"id":"p3702840","name":"Ayden"},"geometry":{"type":"Polygon","coordinates":[[[-77.4335,35.4278],[-77.4324,35.4407],[-77.4271,35.4541],[-77.4182,35.4498],[-77.4132,35.4545],[-77.4105,35.4611],[-77.4115,35.4676],[-77.4017,35.4667],[-77.4046,35.4581],[-77.3928,35.4558],[-77.3846,35.452],[-77.3811,35.4575],[-77.3898,35.4642],[-77.4028,35.471],[-77.4019,35.4766],[-77.4063,35.481],[-77.4156,35.4813],[-77.4167,35.4905],[-77.4269,35.4896],[-77.4336,35.4803],[-77.439,35.4761],[-77.454,35.4768],[-77.4565,35.4653],[-77.4379,35.4668],[-77.4299,35.4501],[-77.4326,35.4416],[-77.4339,35.4278],[-77.4335,35.4278]],[[-77.4564,35.4656],[-77.4538,35.4766],[-77.4431,35.4738],[-77.4424,35.4672],[-77.4564,35.4656]],[[-77.4342,35.4612],[-77.4236,35.4612],[-77.4293,35.4503],[-77.4342,35.4612]],[[-77.4311,35.4775],[-77.4275,35.4883],[-77.4195,35.4849],[-77.4311,35.4775]]]}},{"type":"Feature","properties":{"id":"p3758920","name":"Saluda"},"geometry":{"type":"Polygon","coordinates":[[[-82.3638,35.2299],[-82.3593,35.2283],[-82.346,35.2284],[-82.3318,35.2379],[-82.327,35.2462],[-82.3305,35.2479],[-82.3416,35.2438],[-82.3592,35.2445],[-82.3592,35.2304],[-82.3638,35.2299]]]}},{"type":"Feature","properties":{"id":"p3718320","name":"Dunn"},"geometry":{"type":"MultiPolygon","coordinates":[[[[-78.5886,35.3062],[-78.5795,35.3052],[-78.5803,35.3121],[-78.5886,35.3062]]],[[[-78.6427,35.3227],[-78.6433,35.3198],[-78.6369,35.3059],[-78.6176,35.3002],[-78.6238,35.2929],[-78.6127,35.2855],[-78.6057,35.2875],[-78.6023,35.2918],[-78.5928,35.2895],[-78.5959,35.2964],[-78.5908,35.3086],[-78.5833,35.3184],[-78.5902,35.3239],[-78.5992,35.3157],[-78.6051,35.3197],[-78.6015,35.3235],[-78.6015,35.3397],[-78.615,35.3356],[-78.6128,35.3292],[-78.6174,35.3267],[-78.6259,35.3306],[-78.6282,35.3364],[-78.638,35.325],[-78.6427,35.3227]]]]}},{"type":"Feature","properties":{"id":"p3756900","name":"Roanoke Rapids"},"geometry":{"type":"MultiPolygon","coordinates":[[[[-77.6332,36.4199],[-77.6424,36.4047],[-77.6369,36.404],[-77.6322,36.3972],[-77.6255,36.4002],[-77.6135,36.4019],[-77.6223,36.4081],[-77.6265,36.4108],[-77.6232,36.4158],[-77.6332,36.4199]]],[[[-77.6806,36.4559],[-77.6702,36.4527],[-77.6788,36.4371],[-77.6717,36.4376],[-77.6591,36.4371],[-77.6568,36.4219],[-77.6514,36.4182],[-77.6438,36.4232],[-77.6334,36.4201],[-77.6295,36.4339],[-77.623,36.4326],[-77.6203,36.4407],[-77.6302,36.4498],[-77.6396,36.475],[-77.6489,36.4815],[-77.6613,36.4792],[-77.6688,36.48],[-77.6735,36.4771],[-77.6751,36.467],[-77.6806,36.4559]],[[-77.6295,36.4343],[-77.6262,36.444],[-77.6208,36.4407],[-77.6235,36.4329],[-77.6295,36.4343]]]]}},{"type":"Feature","properties":{"id":"p3753040","name":"Plymouth"},"geometry":{"type":"MultiPolygon","coordinates":[[[[-76.7659,35.8353],[-76.7669,35.8281],[-76.7613,35.8275],[-76.7613,35.835],[-76.7659,35.8353]]],[[[-76.7806,35.8539],[-76.7662,35.8498],[-76.7574,35.8448],[-76.7479,35.8523],[-76.7316,35.8494],[-76.7339,35.8593],[-76.7276,35.8606],[-76.7195,35.8696],[-76.7294,35.8733],[-76.737,35.8788],[-76.7454,35.8708],[-76.753,35.8668],[-76.7714,35.8611],[-76.7806,35.8539]]]]}},{"type":"Feature","properties":{"id":"p3768580","name":"Tryon"},"geometry":{"type":"Polygon","coordinates":[[[-82.2513,35.2112],[-82.249,35.2019],[-82.243,35.1976],[-82.2261,35.1965],[-82.2251,35.2084],[-82.2282,35.2154],[-82.2355,35.2193],[-82.2452,35.218],[-82.2513,35.2112]]]}},{"type":"Feature","properties":{"id":"p3730040","name":"Hassell"},"geometry":{"type":"Polygon","coordinates":[[[-77.2817,35.9091],[-77.2698,35.907],[-77.2705,35.9111],[-77.2766,35.9126],[-77.2817,35.9091]]]}},{"type":"Feature","properties":{"id":"p3724170","name":"Forest Hills"},"geometry":{"type":"Polygon","coordinates":[[[-83.1856,35.2994],[-83.1954,35.2995],[-83.2019,35.2949],[-83.1978,35.2917],[-83.1877,35.2937],[-83.1851,35.2973],[-83.1835,35.301],[-83.1856,35.2994]]]}},{"type":"Feature","properties":{"id":"p3744220","name":"Mooresville"},"geometry":{"type":"MultiPolygon","coordinates":[[[[-80.8715,35.6237],[-80.8677,35.615],[-80.8577,35.6163],[-80.8588,35.62],[-80.8665,35.6201],[-80.8715,35.6237]]],[[[-80.8799,35.6419],[-80.8758,35.6358],[-80.8673,35.6313],[-80.8643,35.6399],[-80.8799,35.6419]]],[[[-80.8921,35.5847],[-80.8989,35.5873],[-80.9053,35.5833],[-80.9002,35.5744],[-80.8887,35.5757],[-80.8853,35.5845],[-80.8782,35.5775],[-80.8737,35.5841],[-80.8647,35.5851],[-80.8625,35.5812],[-80.8509,35.5785],[-80.8504,35.5697],[-80.8577,35.5659],[-80.8568,35.5528],[-80.8483,35.5591],[-80.8425,35.5554],[-80.8511,35.5522],[-80.8529,35.5439],[-80.8581,35.5432],[-80.8609,35.5374],[-80.8524,35.5256],[-80.8526,35.5202],[-80.846,35.5203],[-80.8458,35.5265],[-80.85,35.5303],[-80.8482,35.5466],[-80.8313,35.5458],[-80.8321,35.554],[-80.8372,35.5563],[-80.8175,35.5684],[-80.8125,35.5595],[-80.8217,35.561],[-80.822,35.55],[-80.812,35.5528],[-80.8123,35.547],[-80.8225,35.5463],[-80.8189,35.5377],[-80.8145,35.5377],[-80.8101,35.5431],[-80.8009,35.5399],[-80.8002,35.5338],[-80.7933,35.5345],[-80.7792,35.5243],[-80.7717,35.5315],[-80.7832,35.5395],[-80.7858,35.5464],[-80.7775,35.5449],[-80.7699,35.5496],[-80.7698,35.5544],[-80.7863,35.5561],[-80.7911,35.5659],[-80.7815,35.5659],[-80.7848,35.5746],[-80.7829,35.5815],[-80.7735,35.5834],[-80.7753,35.5887],[-80.7843,35.5898],[-80.7857,35.5929],[-80.7766,35.6015],[-80.7761,35.6115],[-80.7699,35.6157],[-80.7737,35.619],[-80.7635,35.6247],[-80.768,35.6331],[-80.7767,35.6329],[-80.7923,35.6431],[-80.8026,35.6289],[-80.7954,35.6286],[-80.7936,35.6198],[-80.7864,35.6202],[-80.7802,35.6166],[-80.7854,35.609],[-80.7952,35.6055],[-80.8137,35.6078],[-80.8113,35.6131],[-80.8,35.6233],[-80.81,35.6295],[-80.8109,35.6352],[-80.8185,35.6359],[-80.8293,35.6315],[-80.8408,35.6335],[-80.8419,35.6269],[-80.831,35.6269],[-80.8246,35.6319],[-80.8157,35.63],[-80.8142,35.6244],[-80.8167,35.6174],[-80.8233,35.6137],[-80.8242,35.6088],[-80.821,35.5972],[-80.8429,35.5975],[-80.8485,35.6061],[-80.8508,35.6177],[-80.8567,35.6146],[-80.8599,35.6067],[-80.8711,35.6088],[-80.8771,35.6013],[-80.8813,35.6058],[-80.8897,35.6043],[-80.892,35.608],[-80.9024,35.6087],[-80.9016,35.6019],[-80.8882,35.5984],[-80.8825,35.5941],[-80.8919,35.5878],[-80.8921,35.5847]]]]}},{"type":"Feature","properties":{"id":"p3725560","name":"Gaston"},"geometry":{"type":"Polygon","coordinates":[[[-77.6582,36.4999],[-77.6505,36.4925],[-77.6504,36.4821],[-77.6418,36.479],[-77.6366,36.4909],[-77.6311,36.4944],[-77.6359,36.4997],[-77.6376,36.5081],[-77.6556,36.5088],[-77.6582,36.4999]]]}},{"type":"Feature","properties":{"id":"p3731620","name":"Hillsborough"},"geometry":{"type":"MultiPolygon","coordinates":[[[[-79.1123,36.0458],[-79.1108,36.0431],[-79.1002,36.0433],[-79.0986,36.0388],[-79.0878,36.0346],[-79.0833,36.0452],[-79.0839,36.0537],[-79.1043,36.056],[-79.1102,36.0583],[-79.1123,36.0458]]],[[[-79.1228,36.0749],[-79.1246,36.0698],[-79.1186,36.067],[-79.1075,36.0693],[-79.1042,36.0645],[-79.1069,36.0584],[-79.0968,36.0564],[-79.0816,36.0599],[-79.0732,36.0564],[-79.0699,36.0676],[-79.0802,36.0671],[-79.0792,36.0727],[-79.0872,36.0764],[-79.0987,36.0881],[-79.105,36.0874],[-79.1097,36.0908],[-79.1133,36.0981],[-79.1202,36.0886],[-79.1198,36.0786],[-79.1228,36.0749]]]]}},{"type":"Feature","properties":{"id":"p3749600","name":"Ossipee"},"geometry":{"type":"Polygon","coordinates":[[[-79.5133,36.176],[-79.5214,36.1748],[-79.5227,36.1662],[-79.5137,36.1617],[-79.5086,36.1632],[-79.5102,36.1731],[-79.5133,36.176]]]}},{"type":"Feature","properties":{"id":"p3774680","name":"Windsor"},"geometry":{"type":"MultiPolygon","coordinates":[[[[-76.9167,35.9726],[-76.9134,35.9642],[-76.9063,35.9614],[-76.9063,35.9718],[-76.9167,35.9726]]],[[[-76.9649,36.0044],[-76.9572,35.9941],[-76.9462,35.9938],[-76.9413,35.9866],[-76.937,35.9886],[-76.9196,35.9843],[-76.9109,35.9914],[-76.9207,35.9955],[-76.9334,35.9931],[-76.9413,35.994],[-76.9398,36.0026],[-76.9471,36.0055],[-76.9528,36.0112],[-76.9599,36.0052],[-76.9649,36.0044]]]]}},{"type":"Feature","properties":{"id":"p3756240","name":"Rhodhiss"},"geometry":{"type":"Polygon","coordinates":[[[-81.4368,35.7771],[-81.4378,35.7695],[-81.4361,35.7615],[-81.4237,35.7606],[-81.4251,35.767],[-81.4219,35.7752],[-81.4269,35.7813],[-81.4368,35.7771]]]}},{"type":"Feature","properties":{"id":"p3750700","name":"Patterson Springs"},"geometry":{"type":"Polygon","coordinates":[[[-81.5254,35.2333],[-81.5224,35.2241],[-81.5134,35.2218],[-81.5073,35.2337],[-81.511,35.2384],[-81.5201,35.2389],[-81.5254,35.2333]]]}},{"type":"Feature","properties":{"id":"p3706000","name":"Biscoe"},"geometry":{"type":"MultiPolygon","coordinates":[[[[-79.7628,35.3642],[-79.7504,35.3624],[-79.7509,35.3662],[-79.7593,35.367],[-79.7628,35.3642]]],[[[-79.8079,35.372],[-79.804,35.3663],[-79.8034,35.3577],[-79.7889,35.3621],[-79.7923,35.3489],[-79.7783,35.3468],[-79.7618,35.3461],[-79.767,35.3574],[-79.7665,35.3637],[-79.7698,35.3677],[-79.7786,35.3677],[-79.7839,35.3736],[-79.7914,35.3698],[-79.7924,35.3642],[-79.7993,35.3637],[-79.8079,35.372]]]]}},{"type":"Feature","properties":{"id":"p3710260","name":"Cape Carteret"},"geometry":{"type":"Polygon","coordinates":[[[-77.0677,34.7039],[-77.0706,34.6916],[-77.0669,34.6793],[-77.0612,34.6794],[-77.045,34.6855],[-77.0452,34.6917],[-77.0498,34.6975],[-77.0488,34.6991],[-77.0376,34.7126],[-77.0452,34.7117],[-77.0478,34.707],[-77.0595,34.7146],[-77.0679,34.7111],[-77.0682,34.7063],[-77.0677,34.7039]]]}},{"type":"Feature","properties":{"id":"p3739960","name":"Macclesfield"},"geometry":{"type":"Polygon","coordinates":[[[-77.6778,35.7518],[-77.6666,35.7453],[-77.6619,35.7549],[-77.6741,35.7591],[-77.6778,35.7518]]]}},{"type":"Feature","properties":{"id":"p3770780","name":"Walnut Cove"},"geometry":{"type":"Polygon","coordinates":[[[-80.1557,36.2833],[-80.1529,36.2742],[-80.1429,36.2772],[-80.1344,36.2753],[-80.131,36.2892],[-80.1334,36.2938],[-80.1338,36.308],[-80.1314,36.3149],[-80.1391,36.3159],[-80.143,36.3132],[-80.1453,36.3041],[-80.1503,36.2993],[-80.1464,36.2909],[-80.1557,36.2833]]]}},{"type":"Feature","properties":{"id":"p3710980","name":"Catawba"},"geometry":{"type":"Polygon","coordinates":[[[-81.1031,35.7138],[-81.0975,35.7108],[-81.099,35.7051],[-81.0856,35.7016],[-81.0864,35.6958],[-81.0744,35.6968],[-81.0652,35.6948],[-81.0666,35.7028],[-81.0611,35.7071],[-81.0527,35.6996],[-81.048,35.6994],[-81.0458,35.6916],[-81.048,35.6813],[-81.0451,35.6728],[-81.0381,35.6768],[-81.0378,35.6883],[-81.0394,35.6954],[-81.0384,35.7068],[-81.0477,35.7069],[-81.0606,35.7099],[-81.0666,35.7095],[-81.0669,35.72],[-81.0651,35.7296],[-81.0715,35.7403],[-81.0822,35.7407],[-81.091,35.7369],[-81.0841,35.7331],[-81.0822,35.723],[-81.0774,35.7229],[-81.0711,35.7149],[-81.0843,35.7145],[-81.0874,35.7085],[-81.0933,35.7082],[-81.0929,35.7151],[-81.1031,35.7138]]]}},{"type":"Feature","properties":{"id":"p3758020","name":"Rosman"},"geometry":{"type":"Polygon","coordinates":[[[-82.8326,35.148],[-82.8201,35.1378],[-82.8132,35.1442],[-82.8219,35.1483],[-82.8326,35.148]]]}},{"type":"Feature","properties":{"id":"p3722600","name":"Faith"},"geometry":{"type":"Polygon","coordinates":[[[-80.4542,35.6004],[-80.4694,35.5902],[-80.468,35.5824],[-80.4632,35.5783],[-80.4566,35.579],[-80.4549,35.5918],[-80.4451,35.5977],[-80.4495,35.6018],[-80.4542,35.6004]]]}},{"type":"Feature","properties":{"id":"p3731960","name":"Holden Beach"},"geometry":{"type":"Polygon","coordinates":[[[-78.3829,33.9078],[-78.3802,33.9033],[-78.3645,33.9027],[-78.3503,33.9057],[-78.3153,33.9097],[-78.2478,33.9148],[-78.2392,33.9175],[-78.2389,33.9206],[-78.2694,33.9164],[-78.3103,33.916],[-78.338,33.9139],[-78.3615,33.9095],[-78.3723,33.9128],[-78.3829,33.9078]]]}},{"type":"Feature","properties":{"id":"p3700640","name":"Alamance"},"geometry":{"type":"Polygon","coordinates":[[[-79.5004,36.0252],[-79.4944,36.0181],[-79.4903,36.0232],[-79.4798,36.0245],[-79.4853,36.0391],[-79.4921,36.0297],[-79.5004,36.0252]]]}},{"type":"Feature","properties":{"id":"p3737260","name":"Lawndale"},"geometry":{"type":"Polygon","coordinates":[[[-81.5797,35.4094],[-81.5768,35.4061],[-81.5583,35.4115],[-81.5598,35.42],[-81.5797,35.4094]]]}},{"type":"Feature","properties":{"id":"p3771860","name":"Wendell"},"geometry":{"type":"MultiPolygon","coordinates":[[[[-78.3461,35.8128],[-78.359,35.8144],[-78.3679,35.8171],[-78.3665,35.8045],[-78.3465,35.808],[-78.3461,35.8128]]],[[[-78.3856,35.7597],[-78.3841,35.7578],[-78.3685,35.7571],[-78.3682,35.7603],[-78.3856,35.7597]]],[[[-78.44,35.776],[-78.4379,35.7672],[-78.4324,35.7645],[-78.4286,35.7545],[-78.4182,35.7578],[-78.4181,35.7671],[-78.4101,35.7657],[-78.4039,35.7726],[-78.4046,35.7787],[-78.3914,35.7749],[-78.3796,35.7763],[-78.3748,35.7746],[-78.3714,35.7644],[-78.363,35.7664],[-78.3615,35.7727],[-78.3482,35.7725],[-78.3511,35.7803],[-78.3575,35.7744],[-78.3597,35.7819],[-78.3472,35.7875],[-78.3492,35.7993],[-78.3583,35.8008],[-78.3565,35.7938],[-78.3622,35.7917],[-78.3717,35.7925],[-78.3811,35.7963],[-78.3825,35.7833],[-78.3877,35.7792],[-78.3942,35.7803],[-78.4091,35.7794],[-78.4073,35.7701],[-78.4194,35.7741],[-78.4239,35.7798],[-78.4326,35.7785],[-78.4326,35.7839],[-78.4216,35.784],[-78.4157,35.7751],[-78.41,35.7817],[-78.4159,35.7842],[-78.4158,35.789],[-78.4245,35.7884],[-78.4182,35.8024],[-78.4088,35.8027],[-78.4116,35.7966],[-78.408,35.7921],[-78.3963,35.79],[-78.4034,35.8001],[-78.3997,35.8068],[-78.3996,35.8163],[-78.4187,35.8083],[-78.4304,35.8001],[-78.4338,35.7875],[-78.4373,35.7845],[-78.44,35.776]]]]}},{"type":"Feature","properties":{"id":"p3773760","name":"Whitsett"},"geometry":{"type":"Polygon","coordinates":[[[-79.5647,36.0856],[-79.5674,36.0909],[-79.5755,36.091],[-79.5747,36.0999],[-79.582,36.1004],[-79.5822,36.0951],[-79.5895,36.0949],[-79.592,36.0886],[-79.583,36.089],[-79.583,36.084],[-79.5768,36.0832],[-79.5774,36.0745],[-79.5835,36.0746],[-79.5854,36.0652],[-79.5743,36.0654],[-79.5654,36.0629],[-79.5594,36.0646],[-79.5573,36.0645],[-79.5526,36.0696],[-79.5578,36.0757],[-79.558,36.0789],[-79.5644,36.0774],[-79.5647,36.0856]]]}},{"type":"Feature","properties":{"id":"p3766960","name":"Taylorsville"},"geometry":{"type":"Polygon","coordinates":[[[-81.196,35.923],[-81.1916,35.9179],[-81.1922,35.9091],[-81.1812,35.9079],[-81.1683,35.9184],[-81.1636,35.926],[-81.1745,35.9296],[-81.1831,35.9284],[-81.196,35.923]]]}},{"type":"Feature","properties":{"id":"p3776220","name":"Zebulon"},"geometry":{"type":"MultiPolygon","coordinates":[[[[-78.2916,35.8117],[-78.2919,35.8064],[-78.2798,35.8063],[-78.2683,35.8104],[-78.2743,35.8143],[-78.2815,35.8118],[-78.2916,35.8117]]],[[[-78.3465,35.808],[-78.3433,35.8076],[-78.3292,35.8155],[-78.3194,35.813],[-78.3084,35.8176],[-78.3041,35.8235],[-78.2945,35.8275],[-78.2912,35.8266],[-78.2701,35.8144],[-78.263,35.8128],[-78.2609,35.8183],[-78.2773,35.8189],[-78.2911,35.827],[-78.2958,35.8323],[-78.3084,35.8336],[-78.3112,35.838],[-78.286,35.8333],[-78.2859,35.8426],[-78.2988,35.8442],[-78.3059,35.8475],[-78.3112,35.8428],[-78.3214,35.8423],[-78.3247,35.8462],[-78.3228,35.8537],[-78.3266,35.8592],[-78.319,35.8606],[-78.3189,35.8659],[-78.3284,35.864],[-78.3358,35.8678],[-78.3408,35.8625],[-78.3381,35.8542],[-78.3309,35.849],[-78.3286,35.8418],[-78.3447,35.8255],[-78.3461,35.8128],[-78.3465,35.808]]]]}},{"type":"Feature","properties":{"id":"p3763760","name":"Spencer"},"geometry":{"type":"MultiPolygon","coordinates":[[[[-80.4037,35.7197],[-80.4035,35.7135],[-80.3975,35.7107],[-80.3889,35.7121],[-80.3948,35.718],[-80.3951,35.7235],[-80.4037,35.7197]]],[[[-80.4497,35.6925],[-80.4512,35.6869],[-80.4474,35.6782],[-80.4249,35.6898],[-80.4194,35.6959],[-80.4173,35.6982],[-80.4067,35.6964],[-80.4007,35.698],[-80.3968,35.7089],[-80.4045,35.7069],[-80.4081,35.6975],[-80.4126,35.6987],[-80.4113,35.708],[-80.4322,35.7022],[-80.4393,35.7022],[-80.4497,35.6925]]]]}},{"type":"Feature","properties":{"id":"p3739280","name":"Long View"},"geometry":{"type":"Polygon","coordinates":[[[-81.4034,35.7347],[-81.4096,35.7329],[-81.4089,35.7312],[-81.4058,35.7285],[-81.4025,35.7241],[-81.4002,35.7203],[-81.4026,35.7171],[-81.3976,35.7105],[-81.3969,35.7038],[-81.3871,35.7017],[-81.3804,35.7011],[-81.3755,35.7017],[-81.3658,35.7049],[-81.366,35.7064],[-81.3686,35.707],[-81.3695,35.7108],[-81.3714,35.7116],[-81.3709,35.7175],[-81.3696,35.7235],[-81.3725,35.7374],[-81.3764,35.7433],[-81.3825,35.7425],[-81.3857,35.737],[-81.4034,35.7347]]]}},{"type":"Feature","properties":{"id":"p3738100","name":"Liberty"},"geometry":{"type":"Polygon","coordinates":[[[-79.5887,35.8479],[-79.5741,35.8457],[-79.5743,35.8392],[-79.568,35.8333],[-79.5589,35.8382],[-79.5594,35.8597],[-79.5522,35.8624],[-79.5463,35.8706],[-79.5649,35.8713],[-79.5651,35.8681],[-79.5819,35.8664],[-79.5815,35.8532],[-79.5887,35.8479]]]}},{"type":"Feature","properties":{"id":"p3714280","name":"Connelly Springs"},"geometry":{"type":"Polygon","coordinates":[[[-81.5206,35.7397],[-81.5202,35.7361],[-81.5176,35.7296],[-81.5094,35.7342],[-81.506,35.7315],[-81.4933,35.7278],[-81.4928,35.7337],[-81.4986,35.7388],[-81.4875,35.7417],[-81.4878,35.7461],[-81.4808,35.7484],[-81.486,35.7541],[-81.4915,35.7659],[-81.4885,35.7713],[-81.472,35.7728],[-81.4653,35.7806],[-81.4703,35.7817],[-81.4936,35.7789],[-81.5027,35.7789],[-81.5029,35.7721],[-81.5068,35.769],[-81.5074,35.7623],[-81.5121,35.7615],[-81.5099,35.7501],[-81.516,35.7469],[-81.5181,35.7438],[-81.5193,35.7414],[-81.5206,35.7397]]]}},{"type":"Feature","properties":{"id":"p3758140","name":"Rowland"},"geometry":{"type":"Polygon","coordinates":[[[-79.3003,34.5406],[-79.3044,34.5342],[-79.2889,34.5275],[-79.2807,34.5404],[-79.2962,34.547],[-79.3003,34.5406]]]}},{"type":"Feature","properties":{"id":"p3705460","name":"Bethel"},"geometry":{"type":"Polygon","coordinates":[[[-77.3927,35.8053],[-77.3856,35.8053],[-77.3787,35.796],[-77.3707,35.798],[-77.368,35.8094],[-77.3727,35.8175],[-77.3814,35.8158],[-77.3838,35.8067],[-77.3927,35.8053]]]}},{"type":"Feature","properties":{"id":"p3775080","name":"Winton"},"geometry":{"type":"Polygon","coordinates":[[[-76.9459,36.3853],[-76.936,36.381],[-76.924,36.3976],[-76.9331,36.4016],[-76.9376,36.3929],[-76.9459,36.3853]]]}},{"type":"Feature","properties":{"id":"p3767000","name":"Teachey"},"geometry":{"type":"Polygon","coordinates":[[[-78.018,34.7726],[-78.0133,34.7599],[-77.998,34.7639],[-78.0019,34.774],[-78.0077,34.7752],[-78.018,34.7726]]]}},{"type":"Feature","properties":{"id":"p3737040","name":"Lattimore"},"geometry":{"type":"Polygon","coordinates":[[[-81.6708,35.319],[-81.6694,35.3129],[-81.659,35.3106],[-81.6508,35.3201],[-81.6638,35.3244],[-81.6708,35.319]]]}},{"type":"Feature","properties":{"id":"p3736060","name":"Kitty Hawk"},"geometry":{"type":"Polygon","coordinates":[[[-75.682,36.0555],[-75.6967,36.0775],[-75.711,36.1015],[-75.7428,36.0929],[-75.7397,36.0753],[-75.7414,36.0564],[-75.7383,36.0503],[-75.7371,36.0408],[-75.7322,36.0407],[-75.7243,36.048],[-75.7152,36.0483],[-75.7057,36.0569],[-75.698,36.0598],[-75.6926,36.0525],[-75.682,36.0555]]]}},{"type":"Feature","properties":{"id":"p3774720","name":"Winfall"},"geometry":{"type":"Polygon","coordinates":[[[-76.4637,36.1995],[-76.4521,36.1931],[-76.4448,36.2052],[-76.4321,36.2117],[-76.4388,36.2149],[-76.4626,36.2232],[-76.4677,36.2074],[-76.4658,36.2011],[-76.4637,36.1995]]]}},{"type":"Feature","properties":{"id":"p3723760","name":"Fletcher"},"geometry":{"type":"MultiPolygon","coordinates":[[[[-82.5339,35.4444],[-82.5355,35.4363],[-82.5292,35.4323],[-82.5273,35.4241],[-82.5163,35.4079],[-82.5135,35.4151],[-82.5024,35.4145],[-82.4994,35.4223],[-82.4946,35.423],[-82.4906,35.4283],[-82.4795,35.4284],[-82.475,35.4317],[-82.4682,35.4291],[-82.4488,35.4347],[-82.4484,35.44],[-82.4508,35.4352],[-82.4574,35.4397],[-82.4755,35.4422],[-82.4763,35.4451],[-82.5339,35.4444]]],[[[-82.5527,35.4289],[-82.5415,35.4204],[-82.5383,35.4123],[-82.5274,35.4183],[-82.5298,35.4229],[-82.5332,35.4228],[-82.5339,35.4191],[-82.5344,35.4189],[-82.5378,35.4216],[-82.5469,35.4252],[-82.5527,35.4289]]]]}},{"type":"Feature","properties":{"id":"p3758180","name":"Roxobel"},"geometry":{"type":"Polygon","coordinates":[[[-77.2507,36.2075],[-77.2495,36.1946],[-77.2289,36.1955],[-77.2306,36.2086],[-77.2507,36.2075]]]}},{"type":"Feature","properties":{"id":"p3710240","name":"Canton"},"geometry":{"type":"MultiPolygon","coordinates":[[[[-82.8605,35.5925],[-82.8446,35.5899],[-82.8452,35.5963],[-82.8422,35.6061],[-82.8528,35.6028],[-82.8605,35.5925]]],[[[-82.8529,35.5423],[-82.8478,35.5356],[-82.8526,35.5333],[-82.8614,35.5359],[-82.8647,35.5323],[-82.8509,35.5314],[-82.8436,35.5268],[-82.844,35.5209],[-82.8323,35.5186],[-82.8271,35.5291],[-82.8312,35.532],[-82.8249,35.5403],[-82.8248,35.5503],[-82.8301,35.5551],[-82.833,35.547],[-82.8391,35.5426],[-82.846,35.5417],[-82.8493,35.5503],[-82.8484,35.5571],[-82.8536,35.558],[-82.8504,35.5465],[-82.8529,35.5423]]]]}},{"type":"Feature","properties":{"id":"p3750080","name":"Pantego"},"geometry":{"type":"Polygon","coordinates":[[[-76.6646,35.5921],[-76.6678,35.588],[-76.6639,35.5774],[-76.6516,35.5831],[-76.6545,35.5852],[-76.6494,35.592],[-76.661,35.5965],[-76.6646,35.5921]]]}},{"type":"Feature","properties":{"id":"p3714060","name":"Como"},"geometry":{"type":"Polygon","coordinates":[[[-77.0253,36.5013],[-77.0199,36.4907],[-77.013,36.4873],[-77.0032,36.4869],[-76.994,36.4913],[-76.9899,36.4975],[-76.9903,36.506],[-76.9984,36.5137],[-77.0065,36.5156],[-77.0197,36.5116],[-77.0253,36.5013]]]}},{"type":"Feature","properties":{"id":"p3735890","name":"Kingstown"},"geometry":{"type":"Polygon","coordinates":[[[-81.637,35.3735],[-81.6264,35.3601],[-81.6255,35.355],[-81.6173,35.3455],[-81.6122,35.3505],[-81.6048,35.3518],[-81.6089,35.3607],[-81.618,35.3742],[-81.637,35.3735]]]}},{"type":"Feature","properties":{"id":"p3702500","name":"Atlantic Beach"},"geometry":{"type":"Polygon","coordinates":[[[-76.7848,34.7035],[-76.7822,34.6966],[-76.7432,34.6977],[-76.725,34.697],[-76.7009,34.6945],[-76.7009,34.7],[-76.7113,34.704],[-76.7306,34.7008],[-76.7367,34.711],[-76.7456,34.7121],[-76.7458,34.7031],[-76.7575,34.7025],[-76.7689,34.6997],[-76.7705,34.7029],[-76.7848,34.7035]]]}},{"type":"Feature","properties":{"id":"p3713360","name":"Coats"},"geometry":{"type":"Polygon","coordinates":[[[-78.6849,35.3977],[-78.6782,35.3969],[-78.6666,35.3996],[-78.6651,35.4107],[-78.6602,35.4109],[-78.6673,35.4204],[-78.676,35.4148],[-78.6767,35.4021],[-78.6845,35.4043],[-78.6849,35.3977]]]}},{"type":"Feature","properties":{"id":"p3773660","name":"Whiteville"},"geometry":{"type":"Polygon","coordinates":[[[-78.715,34.3016],[-78.7038,34.3145],[-78.6914,34.3123],[-78.6917,34.3222],[-78.6827,34.3223],[-78.6779,34.3448],[-78.6801,34.3503],[-78.7093,34.3519],[-78.7134,34.3495],[-78.711,34.3435],[-78.715,34.3368],[-78.7173,34.3246],[-78.7112,34.3172],[-78.7146,34.3123],[-78.727,34.3038],[-78.7261,34.2954],[-78.7158,34.3008],[-78.715,34.3016]]]}},{"type":"Feature","properties":{"id":"p3739540","name":"Lowgap"},"geometry":{"type":"Polygon","coordinates":[[[-80.8789,36.5323],[-80.8789,36.5292],[-80.8721,36.5198],[-80.8622,36.5134],[-80.8609,36.5287],[-80.8712,36.5331],[-80.8789,36.5323]]]}},{"type":"Feature","properties":{"id":"p3721260","name":"Emma"},"geometry":{"type":"Polygon","coordinates":[[[-82.5914,35.6067],[-82.6007,35.6115],[-82.6048,35.6102],[-82.606,35.6012],[-82.6007,35.5949],[-82.5909,35.5947],[-82.5822,35.5969],[-82.5866,35.604],[-82.5914,35.6067]]]}},{"type":"Feature","properties":{"id":"p3726680","name":"Gloucester"},"geometry":{"type":"Polygon","coordinates":[[[-76.5531,34.7258],[-76.5403,34.719],[-76.5259,34.7318],[-76.5321,34.7365],[-76.5464,34.7363],[-76.5518,34.7333],[-76.5531,34.7258]]]}},{"type":"Feature","properties":{"id":"p3724198","name":"Forest Oaks"},"geometry":{"type":"Polygon","coordinates":[[[-79.7163,35.9757],[-79.7009,35.9678],[-79.6974,35.9712],[-79.6841,35.9721],[-79.6826,35.9759],[-79.686,35.986],[-79.6954,35.9867],[-79.6939,36.0001],[-79.6991,36.0024],[-79.7058,36.0164],[-79.7114,36.0129],[-79.7169,36.0031],[-79.7227,36.0019],[-79.7323,35.9913],[-79.7343,35.9849],[-79.7167,35.9759],[-79.7163,35.9757]]]}},{"type":"Feature","properties":{"id":"p3744770","name":"Mountain View"},"geometry":{"type":"Polygon","coordinates":[[[-81.3871,35.7017],[-81.3911,35.6958],[-81.3799,35.6855],[-81.3777,35.6835],[-81.3761,35.6819],[-81.3767,35.6813],[-81.3854,35.6749],[-81.3804,35.6587],[-81.3747,35.6565],[-81.366,35.6605],[-81.3652,35.6683],[-81.3594,35.6759],[-81.3426,35.673],[-81.3402,35.6756],[-81.3467,35.6816],[-81.3489,35.685],[-81.349,35.6851],[-81.35,35.6872],[-81.3489,35.6963],[-81.3551,35.6974],[-81.3623,35.7044],[-81.3658,35.7049],[-81.3755,35.7017],[-81.3804,35.7011],[-81.3871,35.7017]]]}},{"type":"Feature","properties":{"id":"p3725160","name":"Fruitland"},"geometry":{"type":"Polygon","coordinates":[[[-82.4156,35.4191],[-82.4442,35.4057],[-82.4388,35.4046],[-82.4338,35.3958],[-82.4334,35.3904],[-82.4226,35.384],[-82.4215,35.3779],[-82.4271,35.3727],[-82.4258,35.3666],[-82.4289,35.3574],[-82.4243,35.3563],[-82.4158,35.3605],[-82.4055,35.3686],[-82.3955,35.3744],[-82.3994,35.3802],[-82.3939,35.3847],[-82.3885,35.3853],[-82.3842,35.3957],[-82.3855,35.4037],[-82.395,35.4121],[-82.4083,35.4207],[-82.4117,35.4246],[-82.4156,35.4191]]]}},{"type":"Feature","properties":{"id":"p3706080","name":"Black Creek"},"geometry":{"type":"Polygon","coordinates":[[[-77.9406,35.64],[-77.9391,35.6293],[-77.9279,35.6302],[-77.9273,35.6411],[-77.9406,35.64]]]}},{"type":"Feature","properties":{"id":"p3725680","name":"Gatesville"},"geometry":{"type":"Polygon","coordinates":[[[-76.7749,36.4074],[-76.7533,36.4021],[-76.7488,36.4087],[-76.7569,36.4152],[-76.7566,36.4054],[-76.7749,36.4074]]]}},{"type":"Feature","properties":{"id":"p3728080","name":"Greenville"},"geometry":{"type":"MultiPolygon","coordinates":[[[[-77.2916,35.5187],[-77.2878,35.5268],[-77.2905,35.5328],[-77.3027,35.519],[-77.2929,35.5153],[-77.2916,35.5187]]],[[[-77.3294,35.6298],[-77.3291,35.6263],[-77.3172,35.6261],[-77.3176,35.6342],[-77.3222,35.6353],[-77.3294,35.6298]]],[[[-77.3594,35.5336],[-77.3592,35.5417],[-77.3635,35.5431],[-77.3617,35.5542],[-77.3526,35.554],[-77.3551,35.5467],[-77.3456,35.5426],[-77.3453,35.5558],[-77.3398,35.5592],[-77.3483,35.564],[-77.3457,35.5692],[-77.3321,35.5798],[-77.3285,35.5734],[-77.3234,35.5764],[-77.3182,35.5739],[-77.3161,35.5808],[-77.3013,35.5808],[-77.3019,35.5885],[-77.2986,35.5962],[-77.2794,35.6004],[-77.2777,35.6033],[-77.2862,35.6082],[-77.2828,35.6127],[-77.2833,35.6212],[-77.3019,35.6167],[-77.3108,35.6084],[-77.3058,35.6058],[-77.3055,35.5993],[-77.3146,35.5999],[-77.3285,35.6108],[-77.3439,35.6183],[-77.3589,35.6204],[-77.3561,35.627],[-77.3687,35.6378],[-77.359,35.6741],[-77.3694,35.6633],[-77.3644,35.6566],[-77.3694,35.6542],[-77.3828,35.6519],[-77.3853,35.6375],[-77.3888,35.6363],[-77.3993,35.6443],[-77.4071,35.6373],[-77.4136,35.6402],[-77.4163,35.6401],[-77.4175,35.6447],[-77.4312,35.6495],[-77.4466,35.6504],[-77.4462,35.6488],[-77.4635,35.6351],[-77.4737,35.6338],[-77.4756,35.6198],[-77.4661,35.6205],[-77.4649,35.6291],[-77.4543,35.6288],[-77.4501,35.6366],[-77.4413,35.6382],[-77.4345,35.6494],[-77.4283,35.6476],[-77.445,35.6236],[-77.4367,35.6219],[-77.4326,35.6357],[-77.425,35.6464],[-77.4174,35.6406],[-77.4156,35.6395],[-77.4132,35.6397],[-77.4086,35.6369],[-77.4018,35.6352],[-77.4149,35.6199],[-77.4329,35.6168],[-77.4259,35.6125],[-77.429,35.6084],[-77.4359,35.6068],[-77.4413,35.6009],[-77.4426,35.5946],[-77.4306,35.5969],[-77.4279,35.5875],[-77.4405,35.5904],[-77.4478,35.5824],[-77.4478,35.577],[-77.4321,35.5818],[-77.4268,35.5807],[-77.425,35.5693],[-77.434,35.5613],[-77.4456,35.5617],[-77.4447,35.5588],[-77.4477,35.5582],[-77.4483,35.5455],[-77.4436,35.5477],[-77.4342,35.5457],[-77.4343,35.5414],[-77.4269,35.539],[-77.431,35.5449],[-77.4292,35.5512],[-77.4226,35.5586],[-77.4138,35.5532],[-77.4057,35.5521],[-77.4051,35.5479],[-77.3972,35.5483],[-77.3946,35.5484],[-77.3841,35.5492],[-77.3846,35.5423],[-77.3734,35.5413],[-77.3741,35.5471],[-77.3691,35.5494],[-77.3633,35.5447],[-77.3655,35.538],[-77.3721,35.5381],[-77.3713,35.5363],[-77.3712,35.5332],[-77.373,35.5299],[-77.3626,35.5311],[-77.3594,35.5336]],[[-77.4114,35.5853],[-77.4053,35.5915],[-77.401,35.5882],[-77.4046,35.5833],[-77.4114,35.5853]],[[-77.4108,35.6243],[-77.4028,35.6336],[-77.3946,35.6295],[-77.4024,35.6206],[-77.4108,35.6243]],[[-77.372,35.6173],[-77.3725,35.6262],[-77.3629,35.6244],[-77.3654,35.6163],[-77.372,35.6173]]]]}},{"type":"Feature","properties":{"id":"p3738030","name":"Lewiston Woodville"},"geometry":{"type":"Polygon","coordinates":[[[-77.1922,36.1219],[-77.1926,36.112],[-77.1889,36.096],[-77.167,36.1121],[-77.1694,36.1147],[-77.1683,36.124],[-77.1744,36.1276],[-77.1922,36.1219]]]}},{"type":"Feature","properties":{"id":"p3734840","name":"Jonesville"},"geometry":{"type":"Polygon","coordinates":[[[-80.8529,36.2409],[-80.8547,36.2337],[-80.8589,36.2302],[-80.8476,36.2246],[-80.8392,36.2257],[-80.8357,36.2187],[-80.8305,36.2187],[-80.8233,36.2276],[-80.8255,36.2331],[-80.8214,36.2373],[-80.8139,36.2379],[-80.8151,36.2513],[-80.8205,36.2497],[-80.8194,36.2443],[-80.8282,36.2415],[-80.8411,36.2438],[-80.8529,36.2409]]]}},{"type":"Feature","properties":{"id":"p3755640","name":"Red Oak"},"geometry":{"type":"Polygon","coordinates":[[[-77.8675,36.0326],[-77.8687,36.0356],[-77.8576,36.0383],[-77.867,36.045],[-77.8624,36.0537],[-77.8766,36.0513],[-77.8786,36.0566],[-77.866,36.0614],[-77.8762,36.0684],[-77.8704,36.073],[-77.8744,36.0767],[-77.8845,36.0746],[-77.8828,36.0894],[-77.8966,36.0832],[-77.9035,36.0776],[-77.9143,36.0767],[-77.9176,36.0737],[-77.9247,36.0787],[-77.9339,36.0785],[-77.9426,36.0606],[-77.9335,36.058],[-77.9334,36.0519],[-77.9475,36.0536],[-77.9537,36.0486],[-77.9559,36.0432],[-77.9398,36.0408],[-77.9375,36.0319],[-77.9403,36.0295],[-77.9408,36.0189],[-77.9369,36.0179],[-77.9348,36.0083],[-77.9239,36.0033],[-77.9119,35.9997],[-77.9083,35.9921],[-77.8984,35.9864],[-77.8901,35.9878],[-77.8951,35.9978],[-77.8874,36.0047],[-77.8877,36.0143],[-77.8795,36.0255],[-77.8737,36.0299],[-77.8675,36.0326]]]}},{"type":"Feature","properties":{"id":"p3720980","name":"Elm City"},"geometry":{"type":"MultiPolygon","coordinates":[[[[-77.8597,35.7943],[-77.8536,35.7867],[-77.8545,35.7809],[-77.8467,35.7752],[-77.8403,35.7737],[-77.8418,35.7829],[-77.8558,35.7949],[-77.8597,35.7943]]],[[[-77.8702,35.8002],[-77.8629,35.7977],[-77.8537,35.8079],[-77.8642,35.8148],[-77.8702,35.8124],[-77.8679,35.8068],[-77.8702,35.8002]]]]}},{"type":"Feature","properties":{"id":"p3765040","name":"Stokesdale"},"geometry":{"type":"Polygon","coordinates":[[[-79.918,36.2272],[-79.9222,36.2358],[-79.9196,36.2431],[-79.9319,36.2434],[-79.9317,36.2491],[-79.9427,36.2508],[-79.9451,36.2546],[-80.0351,36.2572],[-80.036,36.2287],[-80.0354,36.218],[-80.0291,36.215],[-80.0198,36.2105],[-80.0183,36.2049],[-80.0111,36.2047],[-80.0023,36.2079],[-79.9994,36.199],[-79.9903,36.2012],[-79.973,36.2005],[-79.9728,36.2048],[-79.9567,36.2132],[-79.945,36.2189],[-79.9228,36.2233],[-79.918,36.2272]]]}},{"type":"Feature","properties":{"id":"p3758360","name":"Rural Hall"},"geometry":{"type":"Polygon","coordinates":[[[-80.2901,36.2037],[-80.289,36.2149],[-80.2848,36.2245],[-80.2909,36.2424],[-80.3,36.2456],[-80.2998,36.2385],[-80.3034,36.2363],[-80.308,36.2258],[-80.3079,36.2201],[-80.3025,36.2119],[-80.2953,36.2041],[-80.2901,36.2037]]]}},{"type":"Feature","properties":{"id":"p3706140","name":"Black Mountain"},"geometry":{"type":"Polygon","coordinates":[[[-82.3664,35.608],[-82.368,35.6046],[-82.3607,35.6015],[-82.3455,35.6053],[-82.3365,35.5973],[-82.3269,35.6024],[-82.3162,35.5992],[-82.3198,35.5893],[-82.315,35.5836],[-82.3105,35.5896],[-82.3109,35.5985],[-82.3038,35.6015],[-82.3048,35.6064],[-82.3017,35.6219],[-82.3019,35.6303],[-82.3123,35.6323],[-82.3116,35.6373],[-82.3177,35.6392],[-82.3251,35.6285],[-82.3305,35.6352],[-82.3428,35.6362],[-82.3461,35.63],[-82.3402,35.622],[-82.3427,35.6157],[-82.3584,35.6162],[-82.3615,35.6102],[-82.3664,35.608]]]}},{"type":"Feature","properties":{"id":"p3725460","name":"Garland"},"geometry":{"type":"Polygon","coordinates":[[[-78.4068,34.7861],[-78.3959,34.775],[-78.3822,34.7837],[-78.3924,34.7948],[-78.399,34.7963],[-78.3995,34.7897],[-78.4068,34.7861]]]}},{"type":"Feature","properties":{"id":"p3731860","name":"Hobgood"},"geometry":{"type":"Polygon","coordinates":[[[-77.407,36.0199],[-77.3848,36.0218],[-77.3803,36.0287],[-77.3957,36.0344],[-77.4031,36.03],[-77.407,36.0199]]]}},{"type":"Feature","properties":{"id":"p3752260","name":"Piney Green"},"geometry":{"type":"Polygon","coordinates":[[[-77.3604,34.7737],[-77.3636,34.7694],[-77.3581,34.7569],[-77.3509,34.7476],[-77.3527,34.7434],[-77.3494,34.7368],[-77.3403,34.7306],[-77.3328,34.7278],[-77.3272,34.7221],[-77.3287,34.7177],[-77.3219,34.7199],[-77.3204,34.716],[-77.3043,34.7126],[-77.308,34.7243],[-77.2751,34.7348],[-77.2764,34.7443],[-77.2851,34.7512],[-77.2907,34.7661],[-77.3098,34.7688],[-77.3237,34.7693],[-77.3238,34.7724],[-77.3322,34.7799],[-77.3333,34.7851],[-77.3464,34.7899],[-77.3525,34.7754],[-77.3548,34.774],[-77.3573,34.772],[-77.3604,34.7737]]]}},{"type":"Feature","properties":{"id":"p3759580","name":"Saxapahaw"},"geometry":{"type":"Polygon","coordinates":[[[-79.3442,35.9758],[-79.3384,35.9652],[-79.3299,35.9539],[-79.3372,35.9548],[-79.3361,35.9485],[-79.3422,35.9413],[-79.3271,35.9318],[-79.3184,35.9281],[-79.3111,35.918],[-79.3048,35.9153],[-79.2985,35.9242],[-79.3018,35.9334],[-79.3081,35.9378],[-79.3091,35.9419],[-79.3043,35.9481],[-79.307,35.9511],[-79.3146,35.9483],[-79.3177,35.9584],[-79.3073,35.9643],[-79.3059,35.9686],[-79.3117,35.9746],[-79.3229,35.9729],[-79.3359,35.9783],[-79.3442,35.9758]]]}},{"type":"Feature","properties":{"id":"p3756600","name":"Riegelwood"},"geometry":{"type":"Polygon","coordinates":[[[-78.244,34.3533],[-78.2455,34.349],[-78.2435,34.3409],[-78.211,34.3296],[-78.2013,34.3352],[-78.2043,34.3424],[-78.1983,34.3509],[-78.2111,34.3584],[-78.218,34.3593],[-78.231,34.3472],[-78.244,34.3533]]]}},{"type":"Feature","properties":{"id":"p3703720","name":"Barnardsville"},"geometry":{"type":"Polygon","coordinates":[[[-82.4773,35.7816],[-82.4751,35.7771],[-82.4679,35.777],[-82.468,35.767],[-82.4532,35.7704],[-82.451,35.7672],[-82.4424,35.7662],[-82.4359,35.7758],[-82.4387,35.783],[-82.4441,35.7869],[-82.4367,35.7903],[-82.4464,35.7991],[-82.4536,35.7932],[-82.4758,35.7983],[-82.4718,35.7895],[-82.4733,35.7828],[-82.4773,35.7816]]]}},{"type":"Feature","properties":{"id":"p3726800","name":"Gold Hill"},"geometry":{"type":"Polygon","coordinates":[[[-80.359,35.5035],[-80.3494,35.5059],[-80.3415,35.5108],[-80.3349,35.5105],[-80.3348,35.5315],[-80.3401,35.5386],[-80.3413,35.5457],[-80.3455,35.546],[-80.352,35.552],[-80.3555,35.544],[-80.3453,35.5318],[-80.3513,35.5269],[-80.3537,35.5138],[-80.359,35.5035]]]}},{"type":"Feature","properties":{"id":"p3701340","name":"Anderson Creek"},"geometry":{"type":"Polygon","coordinates":[[[-78.9951,35.2667],[-78.9912,35.257],[-78.9848,35.2502],[-78.9901,35.2438],[-78.9749,35.2263],[-78.9827,35.2205],[-78.9825,35.2149],[-78.9418,35.2193],[-78.9371,35.2261],[-78.9274,35.2521],[-78.9177,35.2734],[-78.9066,35.2915],[-78.9127,35.2892],[-78.9414,35.2865],[-78.9432,35.2872],[-78.9447,35.3039],[-78.9558,35.3068],[-78.9634,35.3113],[-78.9743,35.3097],[-78.9852,35.301],[-78.9936,35.2869],[-78.9871,35.2785],[-78.9951,35.2667]]]}},{"type":"Feature","properties":{"id":"p3761920","name":"Silver City"},"geometry":{"type":"Polygon","coordinates":[[[-79.2089,34.9928],[-79.2149,34.9995],[-79.2291,35.0063],[-79.2448,35.0006],[-79.2454,34.9905],[-79.2205,34.9944],[-79.2184,34.9897],[-79.2089,34.9928]]]}},{"type":"Feature","properties":{"id":"p3775375","name":"Woodlawn"},"geometry":{"type":"Polygon","coordinates":[[[-79.2744,36.1242],[-79.277,36.1376],[-79.282,36.1376],[-79.2868,36.1311],[-79.2938,36.1297],[-79.3065,36.121],[-79.3066,36.1169],[-79.3127,36.1136],[-79.3057,36.1048],[-79.2977,36.1025],[-79.2966,36.099],[-79.2777,36.0982],[-79.2743,36.1063],[-79.2761,36.1141],[-79.2744,36.1242]]]}},{"type":"Feature","properties":{"id":"p3727120","name":"Gorman"},"geometry":{"type":"Polygon","coordinates":[[[-78.8019,36.0386],[-78.7848,36.0449],[-78.7749,36.0516],[-78.7957,36.0578],[-78.8406,36.0308],[-78.8404,36.0269],[-78.8307,36.0252],[-78.8265,36.027],[-78.8019,36.0386]]]}},{"type":"Feature","properties":{"id":"p3723640","name":"Flat Rock"},"geometry":{"type":"Polygon","coordinates":[[[-80.5874,36.5184],[-80.5921,36.5102],[-80.6003,36.5053],[-80.6003,36.5027],[-80.5903,36.494],[-80.5821,36.4931],[-80.5686,36.5013],[-80.562,36.513],[-80.5657,36.5213],[-80.5705,36.5224],[-80.5777,36.5161],[-80.5874,36.5184]]]}},{"type":"Feature","properties":{"id":"p3715880","name":"Cullowhee"},"geometry":{"type":"Polygon","coordinates":[[[-83.1877,35.2937],[-83.1797,35.2893],[-83.1708,35.2909],[-83.1659,35.2957],[-83.1673,35.3024],[-83.159,35.306],[-83.1621,35.3121],[-83.1697,35.3113],[-83.1722,35.315],[-83.1729,35.3299],[-83.1817,35.3311],[-83.1887,35.3231],[-83.2037,35.3134],[-83.2057,35.3038],[-83.1972,35.3055],[-83.1906,35.3038],[-83.1856,35.2994],[-83.1835,35.301],[-83.1851,35.2973],[-83.1877,35.2937]]]}},{"type":"Feature","properties":{"id":"p3773460","name":"White Plains"},"geometry":{"type":"Polygon","coordinates":[[[-80.6384,36.4592],[-80.6441,36.4553],[-80.6414,36.4504],[-80.6477,36.447],[-80.6545,36.4482],[-80.6644,36.4415],[-80.6559,36.4361],[-80.6522,36.4255],[-80.6416,36.4326],[-80.6317,36.431],[-80.6226,36.4395],[-80.6066,36.4603],[-80.6199,36.458],[-80.6233,36.4626],[-80.6301,36.4631],[-80.637,36.4602],[-80.6384,36.4592]]]}},{"type":"Feature","properties":{"id":"p3701560","name":"Aquadale"},"geometry":{"type":"Polygon","coordinates":[[[-80.2542,35.2125],[-80.2388,35.216],[-80.2269,35.2139],[-80.2107,35.2173],[-80.1997,35.2212],[-80.1995,35.226],[-80.2042,35.2316],[-80.2106,35.2334],[-80.2113,35.2394],[-80.223,35.2421],[-80.2328,35.2303],[-80.2402,35.2256],[-80.246,35.2188],[-80.2542,35.2125]]]}},{"type":"Feature","properties":{"id":"p3721380","name":"Engelhard"},"geometry":{"type":"Polygon","coordinates":[[[-76.0255,35.5059],[-76.0301,35.4969],[-76.0102,35.4965],[-75.9987,35.4973],[-75.997,35.5025],[-75.9883,35.5025],[-75.9883,35.5138],[-76.0046,35.5201],[-76.0142,35.526],[-76.0241,35.5229],[-76.0217,35.5135],[-76.0255,35.5059]]]}},{"type":"Feature","properties":{"id":"p3763340","name":"South Mills"},"geometry":{"type":"Polygon","coordinates":[[[-76.3422,36.4263],[-76.3307,36.4239],[-76.3215,36.4286],[-76.3235,36.438],[-76.314,36.4409],[-76.3296,36.4518],[-76.3325,36.4581],[-76.3382,36.446],[-76.3384,36.436],[-76.3422,36.4263]]]}},{"type":"Feature","properties":{"id":"p3730100","name":"Hatteras"},"geometry":{"type":"Polygon","coordinates":[[[-75.7065,35.2085],[-75.7022,35.205],[-75.6674,35.2162],[-75.6706,35.2205],[-75.6772,35.2194],[-75.6806,35.2262],[-75.6863,35.231],[-75.6936,35.2219],[-75.6989,35.2182],[-75.7006,35.2114],[-75.7065,35.2085]]]}},{"type":"Feature","properties":{"id":"p3707400","name":"Bowmore"},"geometry":{"type":"Polygon","coordinates":[[[-79.318,34.9425],[-79.31,34.931],[-79.3106,34.925],[-79.3007,34.9226],[-79.2965,34.9136],[-79.2767,34.9249],[-79.282,34.9317],[-79.2898,34.9366],[-79.2996,34.949],[-79.3035,34.9565],[-79.3169,34.9644],[-79.3058,34.9499],[-79.3161,34.9463],[-79.318,34.9425]]]}},{"type":"Feature","properties":{"id":"p3716480","name":"Davis"},"geometry":{"type":"Polygon","coordinates":[[[-76.4801,34.8079],[-76.4713,34.7982],[-76.4777,34.7912],[-76.466,34.7804],[-76.4514,34.808],[-76.4504,34.8172],[-76.4549,34.8188],[-76.4657,34.8084],[-76.4801,34.8079]]]}},{"type":"Feature","properties":{"id":"p3749800","name":"Oxford"},"geometry":{"type":"MultiPolygon","coordinates":[[[[-78.5694,36.3275],[-78.5691,36.3225],[-78.5618,36.3191],[-78.5617,36.3263],[-78.5694,36.3275]]],[[[-78.5734,36.3387],[-78.568,36.3355],[-78.5543,36.3446],[-78.561,36.3558],[-78.567,36.3558],[-78.5726,36.3464],[-78.5734,36.3387]]],[[[-78.614,36.3149],[-78.6078,36.3121],[-78.6081,36.3034],[-78.5952,36.293],[-78.5894,36.2986],[-78.5827,36.2931],[-78.5817,36.2886],[-78.5694,36.2932],[-78.5732,36.3002],[-78.5608,36.3066],[-78.5541,36.313],[-78.5712,36.3166],[-78.5919,36.3295],[-78.6034,36.3265],[-78.6058,36.3177],[-78.614,36.3149]]]]}},{"type":"Feature","properties":{"id":"p3728000","name":"Greensboro"},"geometry":{"type":"MultiPolygon","coordinates":[[[[-79.6303,36.0578],[-79.6243,36.0531],[-79.6265,36.0441],[-79.6217,36.0359],[-79.6108,36.0389],[-79.6107,36.0456],[-79.6175,36.0437],[-79.6228,36.0503],[-79.6249,36.0582],[-79.6303,36.0578]]],[[[-79.6643,36.0403],[-79.6603,36.0352],[-79.6546,36.035],[-79.6557,36.0435],[-79.6643,36.0403]]],[[[-79.6692,36.0976],[-79.6662,36.0888],[-79.6598,36.0886],[-79.6598,36.0979],[-79.6692,36.0976]]],[[[-79.6699,36.0851],[-79.6665,36.0779],[-79.648,36.0776],[-79.6484,36.0825],[-79.6536,36.0848],[-79.6699,36.0851]]],[[[-79.7214,36.1507],[-79.7177,36.1481],[-79.721,36.1426],[-79.7148,36.1369],[-79.7126,36.1502],[-79.7214,36.1507]]],[[[-79.9075,36.0006],[-79.9091,35.9998],[-79.907,35.9972],[-79.9028,35.9878],[-79.8883,35.9894],[-79.8804,35.9879],[-79.8705,35.9938],[-79.8752,35.9973],[-79.8729,36.0022],[-79.8815,36.003],[-79.886,35.9971],[-79.8981,35.9989],[-79.9056,36.0029],[-79.9075,36.0006]]],[[[-80.0178,36.0991],[-80.0091,36.0959],[-80.0072,36.0953],[-79.9707,36.0837],[-79.9714,36.0731],[-79.9698,36.0672],[-79.9638,36.0642],[-79.9631,36.0642],[-79.9608,36.0645],[-79.9554,36.0658],[-79.9465,36.0652],[-79.9444,36.0608],[-79.9386,36.0608],[-79.936,36.0557],[-79.9302,36.0638],[-79.9244,36.0633],[-79.9182,36.056],[-79.9114,36.0531],[-79.9052,36.0543],[-79.9057,36.0457],[-79.9089,36.0387],[-79.9158,36.0391],[-79.9129,36.0264],[-79.9192,36.0265],[-79.921,36.0221],[-79.9212,36.0193],[-79.9129,36.0184],[-79.9088,36.0154],[-79.8997,36.015],[-79.8983,36.0135],[-79.8936,36.0202],[-79.8887,36.0184],[-79.8808,36.0201],[-79.8872,36.0269],[-79.885,36.0304],[-79.8759,36.0326],[-79.8673,36.0291],[-79.8662,36.0154],[-79.8524,36.0134],[-79.8422,36.01],[-79.8414,36.0046],[-79.8273,36.0064],[-79.8169,36.0022],[-79.8141,35.9906],[-79.8108,35.9876],[-79.8111,35.9811],[-79.8015,35.982],[-79.8069,35.9893],[-79.8111,35.9905],[-79.8058,36.001],[-79.8005,36.0008],[-79.8015,35.9874],[-79.7958,35.9872],[-79.795,35.9929],[-79.7875,36.0004],[-79.7711,35.9942],[-79.7665,35.9965],[-79.7498,35.9958],[-79.7393,36.0083],[-79.7314,36.0209],[-79.7262,36.0259],[-79.7156,36.0305],[-79.7101,36.0216],[-79.696,36.0255],[-79.6958,36.0302],[-79.6892,36.0399],[-79.681,36.0445],[-79.6799,36.0492],[-79.684,36.0547],[-79.6798,36.0576],[-79.6451,36.0527],[-79.6427,36.0576],[-79.6545,36.0591],[-79.6535,36.0635],[-79.666,36.0649],[-79.6647,36.0598],[-79.6749,36.06],[-79.6779,36.0628],[-79.6779,36.0713],[-79.6912,36.0712],[-79.6969,36.0927],[-79.6874,36.0927],[-79.6824,36.0973],[-79.6819,36.1028],[-79.6846,36.1064],[-79.6931,36.1062],[-79.7019,36.0986],[-79.7159,36.0953],[-79.715,36.1091],[-79.701,36.1086],[-79.705,36.1134],[-79.7146,36.112],[-79.7124,36.123],[-79.7219,36.1239],[-79.7224,36.1169],[-79.7323,36.1126],[-79.7422,36.113],[-79.7448,36.1184],[-79.7414,36.1303],[-79.7458,36.1309],[-79.7449,36.1459],[-79.7398,36.1544],[-79.7441,36.1551],[-79.7559,36.1467],[-79.7692,36.1436],[-79.7761,36.1462],[-79.7762,36.1527],[-79.7702,36.1619],[-79.7726,36.1664],[-79.7632,36.1719],[-79.7529,36.1708],[-79.7394,36.1584],[-79.7237,36.1583],[-79.7121,36.1684],[-79.6995,36.1702],[-79.688,36.1799],[-79.6787,36.1825],[-79.6847,36.1871],[-79.6895,36.197],[-79.6965,36.1999],[-79.7021,36.1909],[-79.7115,36.1912],[-79.714,36.1961],[-79.7322,36.1957],[-79.7408,36.1973],[-79.7422,36.2066],[-79.751,36.2131],[-79.7514,36.2037],[-79.7463,36.1994],[-79.7706,36.1967],[-79.7704,36.1925],[-79.7538,36.1937],[-79.7548,36.1862],[-79.7692,36.176],[-79.7772,36.1756],[-79.8026,36.18],[-79.8187,36.1741],[-79.8343,36.1759],[-79.8494,36.1762],[-79.861,36.1757],[-79.8669,36.1737],[-79.8806,36.1771],[-79.8846,36.1771],[-79.896,36.1852],[-79.9001,36.1794],[-79.9144,36.1822],[-79.926,36.1811],[-79.9216,36.175],[-79.9141,36.1796],[-79.9029,36.1782],[-79.8941,36.1739],[-79.8898,36.1689],[-79.8891,36.1621],[-79.8997,36.1544],[-79.9071,36.1567],[-79.9154,36.1549],[-79.915,36.1471],[-79.9195,36.1448],[-79.9285,36.1515],[-79.938,36.1496],[-79.9407,36.1456],[-79.9484,36.1437],[-79.9431,36.1351],[-79.9327,36.1254],[-79.92,36.121],[-79.907,36.1254],[-79.9,36.1241],[-79.9102,36.1083],[-79.9101,36.1027],[-79.9262,36.0989],[-79.9346,36.0893],[-79.9314,36.0812],[-79.9525,36.0925],[-79.9624,36.0966],[-79.9617,36.1081],[-79.9556,36.1065],[-79.944,36.1191],[-79.9557,36.1223],[-79.9571,36.1261],[-79.9661,36.1275],[-79.9668,36.1361],[-79.9609,36.1406],[-79.9691,36.1411],[-79.9706,36.1443],[-79.977,36.1441],[-79.9721,36.1312],[-79.9716,36.1256],[-79.9665,36.1203],[-79.975,36.1171],[-79.9819,36.1095],[-79.9913,36.1095],[-79.9909,36.1034],[-79.9975,36.1022],[-80.0074,36.1102],[-80.0141,36.1091],[-80.0176,36.1039],[-80.0177,36.1029],[-80.0178,36.0991]],[[-79.9039,36.1405],[-79.9018,36.1467],[-79.8941,36.155],[-79.8881,36.1588],[-79.8835,36.1563],[-79.8907,36.1476],[-79.8894,36.1419],[-79.9039,36.1405]],[[-79.8658,36.1664],[-79.8563,36.1703],[-79.8562,36.1641],[-79.8658,36.1664]],[[-79.8283,36.1647],[-79.8276,36.1699],[-79.8152,36.1702],[-79.807,36.1731],[-79.7977,36.1736],[-79.7982,36.1631],[-79.8113,36.1631],[-79.8174,36.1648],[-79.8223,36.1619],[-79.8283,36.1647]],[[-79.7909,36.0068],[-79.7822,36.0098],[-79.7745,36.0234],[-79.7637,36.0289],[-79.7579,36.0257],[-79.7486,36.0281],[-79.7492,36.0364],[-79.7578,36.0365],[-79.7625,36.0394],[-79.7618,36.0459],[-79.75,36.0469],[-79.7258,36.0535],[-79.7159,36.0508],[-79.7143,36.0559],[-79.7014,36.0529],[-79.6899,36.0529],[-79.6905,36.04],[-79.6957,36.0348],[-79.7053,36.0344],[-79.7204,36.0302],[-79.7315,36.0247],[-79.7416,36.0071],[-79.7458,36.0029],[-79.7593,35.9976],[-79.7776,35.9999],[-79.7782,36.0053],[-79.7909,36.0068]],[[-79.7376,36.064],[-79.7369,36.069],[-79.7273,36.0698],[-79.7315,36.075],[-79.7258,36.0818],[-79.7083,36.0837],[-79.7015,36.0898],[-79.6971,36.0863],[-79.6935,36.0782],[-79.689,36.0607],[-79.6995,36.0617],[-79.7038,36.0582],[-79.7228,36.0561],[-79.7305,36.0572],[-79.7376,36.064]]]]}},{"type":"Feature","properties":{"id":"p3705340","name":"Bethania"},"geometry":{"type":"Polygon","coordinates":[[[-80.3334,36.1884],[-80.3378,36.1893],[-80.3467,36.183],[-80.341,36.1782],[-80.341,36.1723],[-80.3336,36.173],[-80.3329,36.1731],[-80.334,36.1775],[-80.3303,36.1872],[-80.3334,36.1884]]]}},{"type":"Feature","properties":{"id":"p3712960","name":"Clemmons"},"geometry":{"type":"Polygon","coordinates":[[[-80.3983,36.0788],[-80.3973,36.0734],[-80.3904,36.0733],[-80.3894,36.0521],[-80.3942,36.0427],[-80.4021,36.0396],[-80.413,36.0411],[-80.4134,36.0347],[-80.4209,36.0375],[-80.4245,36.0301],[-80.4321,36.0254],[-80.4224,36.0195],[-80.4185,36.0164],[-80.4176,36.0141],[-80.4038,36.0206],[-80.3974,36.0119],[-80.4047,36.011],[-80.4024,36.0046],[-80.3934,35.9954],[-80.3888,35.9949],[-80.3614,36.0082],[-80.3545,36.0163],[-80.3571,36.0205],[-80.3524,36.0267],[-80.3578,36.0359],[-80.3632,36.04],[-80.3666,36.0478],[-80.3693,36.053],[-80.3723,36.0581],[-80.368,36.0618],[-80.3697,36.072],[-80.3744,36.0746],[-80.3894,36.0761],[-80.3983,36.0788]]]}},{"type":"Feature","properties":{"id":"p3742640","name":"Middleburg"},"geometry":{"type":"Polygon","coordinates":[[[-78.3322,36.4007],[-78.3317,36.3961],[-78.3265,36.3921],[-78.3162,36.3946],[-78.3147,36.4005],[-78.3217,36.4061],[-78.3287,36.4048],[-78.3322,36.4007]]]}},{"type":"Feature","properties":{"id":"p3701520","name":"Apex"},"geometry":{"type":"MultiPolygon","coordinates":[[[[-78.8898,35.7136],[-78.8892,35.7029],[-78.8818,35.704],[-78.8898,35.7136]]],[[[-78.9074,35.778],[-78.9027,35.7771],[-78.9028,35.7789],[-78.9045,35.7783],[-78.9064,35.7781],[-78.9074,35.778]]],[[[-78.9294,35.7719],[-78.9363,35.7719],[-78.9401,35.7608],[-78.9321,35.7589],[-78.9216,35.7622],[-78.9133,35.7687],[-78.9021,35.7695],[-78.9018,35.7621],[-78.8917,35.7581],[-78.884,35.7638],[-78.8899,35.769],[-78.8998,35.771],[-78.9016,35.772],[-78.9023,35.7748],[-78.9192,35.7752],[-78.9217,35.7743],[-78.9253,35.7731],[-78.9294,35.7719]]],[[[-78.9464,35.6738],[-78.9465,35.6701],[-78.9394,35.6649],[-78.9353,35.6671],[-78.9383,35.6781],[-78.9464,35.6738]]],[[[-78.953,35.7406],[-78.9531,35.7351],[-78.94,35.7336],[-78.9429,35.7416],[-78.953,35.7406]]],[[[-78.9596,35.747],[-78.9585,35.7402],[-78.9468,35.7418],[-78.9439,35.75],[-78.9596,35.747]]],[[[-78.8449,35.7597],[-78.8541,35.766],[-78.8581,35.7591],[-78.8462,35.7546],[-78.8453,35.7486],[-78.8553,35.7494],[-78.8716,35.7482],[-78.8705,35.7556],[-78.8725,35.7622],[-78.8829,35.7601],[-78.8946,35.7467],[-78.9029,35.746],[-78.9023,35.7545],[-78.915,35.7563],[-78.9147,35.7448],[-78.923,35.7438],[-78.9234,35.7389],[-78.9286,35.736],[-78.9323,35.7251],[-78.9224,35.7198],[-78.9346,35.7137],[-78.9233,35.7065],[-78.9224,35.701],[-78.9376,35.7015],[-78.9366,35.6963],[-78.9452,35.6939],[-78.9515,35.6895],[-78.9607,35.6781],[-78.9687,35.6736],[-78.9574,35.6719],[-78.9516,35.679],[-78.9416,35.6769],[-78.9424,35.6835],[-78.938,35.6858],[-78.9281,35.6856],[-78.9277,35.6922],[-78.9163,35.6979],[-78.9058,35.6977],[-78.9043,35.7029],[-78.8949,35.706],[-78.8974,35.7121],[-78.9024,35.713],[-78.8995,35.7267],[-78.8937,35.7275],[-78.8922,35.7218],[-78.8859,35.7226],[-78.8782,35.7112],[-78.8728,35.7186],[-78.8661,35.7199],[-78.866,35.7105],[-78.8571,35.7039],[-78.869,35.6977],[-78.8765,35.6873],[-78.8665,35.6876],[-78.8622,35.6871],[-78.8507,35.6795],[-78.8425,35.6812],[-78.8403,35.6846],[-78.8365,35.6839],[-78.8365,35.6837],[-78.8335,35.6819],[-78.8227,35.6792],[-78.8228,35.6988],[-78.8277,35.6949],[-78.8337,35.6958],[-78.8339,35.706],[-78.8204,35.7084],[-78.8203,35.7204],[-78.8151,35.7185],[-78.8135,35.7307],[-78.8173,35.7344],[-78.819,35.7365],[-78.8182,35.7413],[-78.8206,35.7442],[-78.8163,35.746],[-78.8218,35.7552],[-78.8281,35.7557],[-78.8303,35.7617],[-78.8329,35.7618],[-78.8376,35.7596],[-78.8412,35.7596],[-78.8449,35.7597]],[[-78.9129,35.7042],[-78.9117,35.716],[-78.9084,35.715],[-78.9087,35.703],[-78.9129,35.7042]],[[-78.8622,35.6871],[-78.864,35.6947],[-78.8425,35.691],[-78.8423,35.6856],[-78.8514,35.684],[-78.8622,35.6871]]]]}},{"type":"Feature","properties":{"id":"p3725300","name":"Fuquay-Varina"},"geometry":{"type":"MultiPolygon","coordinates":[[[[-78.7011,35.6676],[-78.7079,35.6716],[-78.7156,35.6719],[-78.719,35.6689],[-78.7064,35.6635],[-78.6949,35.6601],[-78.7011,35.6676]]],[[[-78.7285,35.5966],[-78.7131,35.5963],[-78.7155,35.6002],[-78.7254,35.6004],[-78.7285,35.5966]]],[[[-78.7352,35.6388],[-78.7314,35.6348],[-78.7258,35.6389],[-78.7241,35.6508],[-78.7332,35.6502],[-78.7352,35.6388]]],[[[-78.744,35.6293],[-78.7366,35.6251],[-78.7337,35.6367],[-78.7416,35.6387],[-78.744,35.6293]]],[[[-78.7558,35.6172],[-78.7425,35.6171],[-78.7424,35.6236],[-78.7498,35.6238],[-78.7558,35.6172]]],[[[-78.767,35.6355],[-78.7671,35.6308],[-78.7598,35.6303],[-78.7597,35.6356],[-78.767,35.6355]]],[[[-78.7759,35.6108],[-78.7742,35.6077],[-78.7646,35.6075],[-78.7643,35.6156],[-78.7722,35.6159],[-78.7759,35.6108]]],[[[-78.792,35.6235],[-78.7816,35.6219],[-78.7832,35.6279],[-78.7933,35.6272],[-78.792,35.6235]]],[[[-78.8178,35.6283],[-78.8169,35.6251],[-78.82,35.6117],[-78.8127,35.6073],[-78.8118,35.5915],[-78.8188,35.5936],[-78.8156,35.6037],[-78.8206,35.6035],[-78.824,35.5952],[-78.8302,35.5962],[-78.829,35.5873],[-78.8171,35.5887],[-78.8231,35.5816],[-78.817,35.5809],[-78.8187,35.5733],[-78.8302,35.576],[-78.8301,35.5696],[-78.8199,35.5692],[-78.8012,35.559],[-78.7908,35.5631],[-78.793,35.5542],[-78.7875,35.5522],[-78.7765,35.553],[-78.7768,35.5581],[-78.769,35.5579],[-78.7639,35.5442],[-78.7565,35.5458],[-78.7566,35.5474],[-78.7544,35.5583],[-78.7632,35.5586],[-78.764,35.5627],[-78.7715,35.5629],[-78.7771,35.5668],[-78.776,35.5752],[-78.756,35.5747],[-78.7555,35.5695],[-78.7417,35.569],[-78.7311,35.5736],[-78.7389,35.5787],[-78.7395,35.591],[-78.7461,35.5911],[-78.7561,35.5984],[-78.7372,35.6143],[-78.7289,35.603],[-78.7247,35.6124],[-78.7291,35.6205],[-78.7233,35.6247],[-78.72,35.634],[-78.7091,35.6276],[-78.7136,35.6374],[-78.7187,35.6383],[-78.7285,35.6344],[-78.727,35.6225],[-78.7384,35.6142],[-78.7505,35.6035],[-78.7566,35.6094],[-78.7595,35.6042],[-78.7571,35.5985],[-78.774,35.5938],[-78.7745,35.5993],[-78.7847,35.6024],[-78.7803,35.6059],[-78.7837,35.6127],[-78.7922,35.6106],[-78.8027,35.6169],[-78.7951,35.6283],[-78.8067,35.6336],[-78.8085,35.6307],[-78.8179,35.6296],[-78.8178,35.6283]],[[-78.7568,35.5823],[-78.7537,35.5838],[-78.7548,35.5942],[-78.7477,35.5917],[-78.7515,35.5821],[-78.7568,35.5823]]],[[[-78.8663,35.583],[-78.8591,35.5792],[-78.8582,35.5864],[-78.8656,35.5894],[-78.8663,35.583]]]]}},{"type":"Feature","properties":{"id":"p3736080","name":"Knightdale"},"geometry":{"type":"MultiPolygon","coordinates":[[[[-78.4784,35.781],[-78.4775,35.7766],[-78.4686,35.7724],[-78.4661,35.7767],[-78.4695,35.7808],[-78.4784,35.781]]],[[[-78.5021,35.8296],[-78.4904,35.8288],[-78.4905,35.8234],[-78.4825,35.8222],[-78.4827,35.8277],[-78.4891,35.8282],[-78.4959,35.8331],[-78.5021,35.8296]]],[[[-78.516,35.8212],[-78.5147,35.8143],[-78.5079,35.8136],[-78.5075,35.823],[-78.516,35.8212]]],[[[-78.5387,35.7936],[-78.5362,35.7863],[-78.5334,35.7908],[-78.5387,35.7936]]],[[[-78.539,35.7713],[-78.5402,35.7662],[-78.539,35.7608],[-78.5329,35.7577],[-78.5228,35.758],[-78.5102,35.7622],[-78.5074,35.754],[-78.504,35.7536],[-78.5042,35.7735],[-78.5007,35.7771],[-78.5039,35.787],[-78.4956,35.7885],[-78.4954,35.7826],[-78.4737,35.7822],[-78.4737,35.7897],[-78.4653,35.7946],[-78.4563,35.7969],[-78.4562,35.8057],[-78.4614,35.821],[-78.4647,35.8141],[-78.4645,35.8062],[-78.4703,35.8037],[-78.4734,35.8154],[-78.4808,35.8175],[-78.493,35.8152],[-78.4947,35.8122],[-78.4852,35.8087],[-78.4888,35.8041],[-78.5033,35.7984],[-78.5102,35.8093],[-78.5192,35.815],[-78.5193,35.8057],[-78.522,35.8033],[-78.5158,35.7868],[-78.5222,35.7811],[-78.5371,35.7809],[-78.5396,35.7734],[-78.5304,35.7742],[-78.5147,35.773],[-78.5073,35.7707],[-78.5177,35.7627],[-78.5244,35.7635],[-78.5291,35.7691],[-78.5392,35.7658],[-78.539,35.7713]]]]}},{"type":"Feature","properties":{"id":"p3772150","name":"West Canton"},"geometry":{"type":"Polygon","coordinates":[[[-82.8529,35.5423],[-82.8654,35.5466],[-82.8814,35.5422],[-82.8816,35.5313],[-82.8647,35.5323],[-82.8614,35.5359],[-82.8526,35.5333],[-82.8478,35.5356],[-82.8529,35.5423]]]}},{"type":"Feature","properties":{"id":"p3708880","name":"Bunnlevel"},"geometry":{"type":"Polygon","coordinates":[[[-78.8126,35.3125],[-78.8124,35.3097],[-78.7975,35.3029],[-78.7943,35.2971],[-78.7822,35.2929],[-78.776,35.2883],[-78.769,35.2903],[-78.7588,35.2902],[-78.7497,35.2943],[-78.7428,35.3089],[-78.7453,35.3216],[-78.7514,35.3305],[-78.757,35.3322],[-78.7597,35.3259],[-78.7696,35.3293],[-78.7775,35.3297],[-78.7845,35.3242],[-78.7949,35.3194],[-78.8033,35.319],[-78.8126,35.3125]]]}},{"type":"Feature","properties":{"id":"p3718060","name":"Duck"},"geometry":{"type":"Polygon","coordinates":[[[-75.7369,36.1511],[-75.7596,36.2047],[-75.7725,36.2294],[-75.7723,36.2199],[-75.7578,36.178],[-75.7573,36.1669],[-75.749,36.1509],[-75.7369,36.1511]]]}},{"type":"Feature","properties":{"id":"p3735720","name":"Kill Devil Hills"},"geometry":{"type":"Polygon","coordinates":[[[-75.6926,36.0525],[-75.6852,36.0316],[-75.6847,36.0233],[-75.6787,36.0164],[-75.6744,36.0078],[-75.683,36.0048],[-75.6743,35.9955],[-75.6702,35.9844],[-75.6441,35.9949],[-75.6585,36.0204],[-75.682,36.0555],[-75.6926,36.0525]]]}},{"type":"Feature","properties":{"id":"p3731440","name":"High Shoals"},"geometry":{"type":"Polygon","coordinates":[[[-81.2308,35.3893],[-81.2213,35.3861],[-81.2179,35.3885],[-81.2034,35.3854],[-81.2017,35.3801],[-81.1952,35.3796],[-81.1866,35.3967],[-81.1916,35.3993],[-81.1894,35.4088],[-81.2039,35.4105],[-81.2147,35.4039],[-81.2122,35.3942],[-81.2213,35.3926],[-81.2258,35.3976],[-81.2308,35.3893]]]}},{"type":"Feature","properties":{"id":"p3755260","name":"Ranlo"},"geometry":{"type":"Polygon","coordinates":[[[-81.1442,35.3022],[-81.1398,35.2963],[-81.1408,35.2888],[-81.1372,35.2799],[-81.1218,35.2764],[-81.1194,35.2769],[-81.1148,35.2821],[-81.1145,35.2868],[-81.1182,35.2906],[-81.1106,35.299],[-81.1105,35.3007],[-81.1184,35.301],[-81.1203,35.2952],[-81.1326,35.2949],[-81.1324,35.3002],[-81.1442,35.3022]]]}},{"type":"Feature","properties":{"id":"p3764500","name":"Stanley"},"geometry":{"type":"Polygon","coordinates":[[[-81.1169,35.3628],[-81.1173,35.3588],[-81.103,35.3577],[-81.1089,35.3472],[-81.0956,35.3475],[-81.0931,35.3416],[-81.0866,35.3398],[-81.0788,35.3498],[-81.0846,35.3555],[-81.0912,35.3659],[-81.0886,35.3704],[-81.0953,35.3762],[-81.1101,35.3687],[-81.1169,35.3628]]]}},{"type":"Feature","properties":{"id":"p3702960","name":"Badin"},"geometry":{"type":"Polygon","coordinates":[[[-80.1299,35.4071],[-80.1227,35.4007],[-80.1215,35.3936],[-80.1131,35.3937],[-80.1112,35.3977],[-80.1016,35.4062],[-80.1058,35.4151],[-80.1145,35.4129],[-80.1201,35.4173],[-80.1257,35.4159],[-80.1299,35.4071]]]}},{"type":"Feature","properties":{"id":"p3738860","name":"Locust"},"geometry":{"type":"MultiPolygon","coordinates":[[[[-80.4163,35.2972],[-80.4099,35.2901],[-80.4115,35.2846],[-80.4054,35.2838],[-80.4028,35.2894],[-80.4071,35.2958],[-80.4163,35.2972]]],[[[-80.4558,35.3042],[-80.4532,35.3002],[-80.439,35.3106],[-80.4455,35.3112],[-80.4558,35.3042]]],[[[-80.437,35.2971],[-80.4397,35.3012],[-80.449,35.2958],[-80.4503,35.2916],[-80.4461,35.2854],[-80.437,35.2971]]],[[[-80.437,35.2971],[-80.4302,35.2875],[-80.4327,35.2806],[-80.447,35.2731],[-80.4429,35.2691],[-80.4489,35.2657],[-80.462,35.2731],[-80.463,35.2663],[-80.469,35.2537],[-80.4653,35.2454],[-80.4662,35.243],[-80.4598,35.2408],[-80.4559,35.2431],[-80.4435,35.2414],[-80.4325,35.2416],[-80.4276,35.2478],[-80.4284,35.2527],[-80.4114,35.2481],[-80.4094,35.2499],[-80.4103,35.2606],[-80.4087,35.2674],[-80.416,35.2674],[-80.4241,35.2704],[-80.4238,35.2824],[-80.4189,35.2851],[-80.4266,35.2918],[-80.4203,35.2961],[-80.4302,35.3048],[-80.437,35.2971]]]]}},{"type":"Feature","properties":{"id":"p3748040","name":"Oakboro"},"geometry":{"type":"Polygon","coordinates":[[[-80.3462,35.2401],[-80.3509,35.2329],[-80.3375,35.2278],[-80.3345,35.2237],[-80.3244,35.2189],[-80.3242,35.2116],[-80.3141,35.2129],[-80.3145,35.2307],[-80.3209,35.2349],[-80.3322,35.2373],[-80.336,35.2343],[-80.3419,35.2429],[-80.3463,35.2429],[-80.3462,35.2401]]]}},{"type":"Feature","properties":{"id":"p3712480","name":"China Grove"},"geometry":{"type":"Polygon","coordinates":[[[-80.5903,35.548],[-80.5775,35.5549],[-80.5813,35.5579],[-80.5759,35.5663],[-80.5612,35.5614],[-80.5553,35.5667],[-80.5486,35.568],[-80.5487,35.5764],[-80.5562,35.5784],[-80.5616,35.5753],[-80.5608,35.5904],[-80.576,35.592],[-80.5754,35.5877],[-80.5828,35.5862],[-80.6007,35.5762],[-80.6114,35.575],[-80.6134,35.5726],[-80.6085,35.5744],[-80.6026,35.575],[-80.5949,35.572],[-80.5954,35.5603],[-80.5953,35.5575],[-80.594,35.5559],[-80.5931,35.5546],[-80.5931,35.5536],[-80.5903,35.5515],[-80.592,35.5506],[-80.5903,35.548]]]}},{"type":"Feature","properties":{"id":"p3719860","name":"East Spencer"},"geometry":{"type":"MultiPolygon","coordinates":[[[[-80.4103,35.6798],[-80.4099,35.6769],[-80.3993,35.6758],[-80.3987,35.682],[-80.403,35.687],[-80.4103,35.6798]]],[[[-80.4474,35.6782],[-80.4463,35.6742],[-80.4426,35.669],[-80.4203,35.6803],[-80.4162,35.6793],[-80.4057,35.6869],[-80.4101,35.692],[-80.4194,35.6959],[-80.4249,35.6898],[-80.4474,35.6782]]]]}},{"type":"Feature","properties":{"id":"p3757340","name":"Rockwell"},"geometry":{"type":"Polygon","coordinates":[[[-80.4198,35.5604],[-80.4137,35.5559],[-80.4192,35.5509],[-80.4064,35.5409],[-80.3957,35.5439],[-80.3941,35.5547],[-80.3978,35.5614],[-80.4089,35.5655],[-80.4198,35.5604]]]}},{"type":"Feature","properties":{"id":"p3714600","name":"Cordova"},"geometry":{"type":"Polygon","coordinates":[[[-79.831,34.9178],[-79.8251,34.9086],[-79.8249,34.9033],[-79.8148,34.8993],[-79.8029,34.9],[-79.7921,34.9106],[-79.8015,34.9176],[-79.8129,34.921],[-79.831,34.9178]]]}},{"type":"Feature","properties":{"id":"p3726520","name":"Glenville"},"geometry":{"type":"Polygon","coordinates":[[[-83.1441,35.1747],[-83.1335,35.1715],[-83.1317,35.1647],[-83.1184,35.1604],[-83.1158,35.1613],[-83.117,35.1783],[-83.1306,35.1775],[-83.1363,35.1831],[-83.1441,35.1747]]]}},{"type":"Feature","properties":{"id":"p3748740","name":"Ocracoke"},"geometry":{"type":"Polygon","coordinates":[[[-76.0096,35.0701],[-76.002,35.073],[-75.9839,35.0866],[-75.9651,35.0996],[-75.9459,35.1109],[-75.9202,35.1247],[-75.8691,35.1475],[-75.819,35.1677],[-75.7813,35.181],[-75.7857,35.1826],[-75.8017,35.1775],[-75.8054,35.1789],[-75.8153,35.1713],[-75.821,35.171],[-75.8468,35.1636],[-75.8537,35.1581],[-75.8659,35.1527],[-75.8741,35.1525],[-75.9128,35.1361],[-75.9291,35.1286],[-75.9313,35.1292],[-75.9473,35.1193],[-75.962,35.1143],[-75.9775,35.1206],[-75.9884,35.1164],[-75.9898,35.1043],[-75.9871,35.0962],[-75.999,35.0813],[-76.0007,35.0773],[-76.0096,35.0701]]]}},{"type":"Feature","properties":{"id":"p3762580","name":"Smithtown"},"geometry":{"type":"Polygon","coordinates":[[[-80.5819,36.2346],[-80.5809,36.2284],[-80.5755,36.2277],[-80.5749,36.221],[-80.5672,36.2205],[-80.5585,36.2232],[-80.5649,36.2289],[-80.561,36.2354],[-80.5681,36.2455],[-80.5811,36.2399],[-80.5819,36.2346]]]}},{"type":"Feature","properties":{"id":"p3721500","name":"Enochville"},"geometry":{"type":"Polygon","coordinates":[[[-80.6483,35.5389],[-80.6613,35.5353],[-80.6688,35.5379],[-80.685,35.5201],[-80.6961,35.5058],[-80.6734,35.5064],[-80.6461,35.5055],[-80.6484,35.5116],[-80.6569,35.5168],[-80.6489,35.5241],[-80.6498,35.5352],[-80.6483,35.5389]]]}},{"type":"Feature","properties":{"id":"p3735870","name":"Kings Grant"},"geometry":{"type":"Polygon","coordinates":[[[-77.8788,34.2885],[-77.8753,34.2859],[-77.8895,34.2732],[-77.8915,34.2674],[-77.8879,34.2597],[-77.8872,34.2559],[-77.8683,34.255],[-77.864,34.2493],[-77.8353,34.2605],[-77.8315,34.2635],[-77.8415,34.2684],[-77.8421,34.2687],[-77.8533,34.2741],[-77.8673,34.2771],[-77.8714,34.2892],[-77.8788,34.2885]]]}},{"type":"Feature","properties":{"id":"p3764050","name":"Springdale"},"geometry":{"type":"Polygon","coordinates":[[[-81.1479,35.3025],[-81.1509,35.292],[-81.1473,35.2804],[-81.1372,35.2799],[-81.1408,35.2888],[-81.1398,35.2963],[-81.1442,35.3022],[-81.1479,35.3025]]]}},{"type":"Feature","properties":{"id":"p3760515","name":"Seven Lakes"},"geometry":{"type":"Polygon","coordinates":[[[-79.6215,35.2477],[-79.6211,35.2387],[-79.6073,35.2413],[-79.5961,35.2348],[-79.5791,35.2359],[-79.5757,35.2517],[-79.5779,35.2567],[-79.5539,35.2606],[-79.5546,35.2685],[-79.5516,35.2785],[-79.5524,35.2906],[-79.5776,35.2887],[-79.5843,35.2908],[-79.6084,35.2831],[-79.6139,35.278],[-79.6041,35.2697],[-79.6104,35.2626],[-79.6161,35.2594],[-79.6215,35.2477]]]}},{"type":"Feature","properties":{"id":"p3747880","name":"North Wilkesboro"},"geometry":{"type":"MultiPolygon","coordinates":[[[[-81.1752,36.154],[-81.1742,36.1524],[-81.1557,36.1541],[-81.1515,36.158],[-81.1467,36.1524],[-81.1401,36.1555],[-81.1391,36.1555],[-81.1368,36.1569],[-81.133,36.1579],[-81.1278,36.1535],[-81.121,36.1582],[-81.118,36.1715],[-81.1115,36.1713],[-81.1075,36.1751],[-81.098,36.1778],[-81.0866,36.1845],[-81.0905,36.1928],[-81.1068,36.1908],[-81.1057,36.1806],[-81.1235,36.1731],[-81.1237,36.18],[-81.1297,36.1828],[-81.1256,36.1884],[-81.1338,36.1881],[-81.1407,36.1919],[-81.1506,36.1833],[-81.1474,36.1786],[-81.17,36.1706],[-81.1699,36.1705],[-81.1622,36.1635],[-81.1681,36.162],[-81.1752,36.154]]],[[[-81.2134,36.1837],[-81.2147,36.1743],[-81.2086,36.1738],[-81.2063,36.1835],[-81.2134,36.1837]]]]}},{"type":"Feature","properties":{"id":"p3744900","name":"Mount Gilead"},"geometry":{"type":"Polygon","coordinates":[[[-80.0285,35.2124],[-80.0213,35.2118],[-80.016,35.2059],[-80.0088,35.2014],[-79.9972,35.2008],[-79.9862,35.2088],[-79.985,35.2184],[-79.9906,35.2259],[-79.9981,35.2291],[-80.0075,35.2286],[-80.0166,35.223],[-80.0203,35.215],[-80.0285,35.2124]]]}},{"type":"Feature","properties":{"id":"p3743440","name":"Minnesott Beach"},"geometry":{"type":"Polygon","coordinates":[[[-76.8267,35.0093],[-76.8309,35.0056],[-76.8421,35.0048],[-76.8516,34.9932],[-76.8353,34.9808],[-76.8205,34.971],[-76.8114,34.968],[-76.801,34.9687],[-76.7957,34.9713],[-76.8011,34.9832],[-76.8104,34.9797],[-76.8131,34.9871],[-76.8212,34.9893],[-76.8225,34.9936],[-76.8267,35.0093]]]}},{"type":"Feature","properties":{"id":"p3704510","name":"Beech Mountain"},"geometry":{"type":"Polygon","coordinates":[[[-81.9282,36.2314],[-81.9224,36.231],[-81.8943,36.1976],[-81.8944,36.1892],[-81.887,36.1892],[-81.881,36.1829],[-81.8687,36.1887],[-81.8721,36.1942],[-81.8601,36.1948],[-81.8592,36.2087],[-81.8643,36.212],[-81.8649,36.2205],[-81.8832,36.2207],[-81.8899,36.2238],[-81.8957,36.2313],[-81.9038,36.2346],[-81.9103,36.2344],[-81.9249,36.2372],[-81.9282,36.2314]]]}},{"type":"Feature","properties":{"id":"p3749380","name":"Oriental"},"geometry":{"type":"Polygon","coordinates":[[[-76.7006,35.0254],[-76.6965,35.0226],[-76.6833,35.0298],[-76.6768,35.0299],[-76.6686,35.0333],[-76.6624,35.0387],[-76.6677,35.0443],[-76.6775,35.0455],[-76.69,35.0386],[-76.6998,35.0286],[-76.7006,35.0254]]]}},{"type":"Feature","properties":{"id":"p3719740","name":"Eastover"},"geometry":{"type":"Polygon","coordinates":[[[-78.8363,35.0822],[-78.8348,35.0759],[-78.8239,35.0787],[-78.8218,35.0704],[-78.8106,35.0732],[-78.8042,35.0692],[-78.8042,35.0628],[-78.7932,35.0626],[-78.7891,35.077],[-78.7845,35.0814],[-78.7673,35.0739],[-78.7625,35.0807],[-78.7559,35.0803],[-78.7596,35.0909],[-78.7529,35.0918],[-78.7424,35.0995],[-78.7456,35.1053],[-78.7541,35.1028],[-78.7522,35.0971],[-78.7748,35.0988],[-78.7663,35.1103],[-78.758,35.1111],[-78.7543,35.1172],[-78.7463,35.1178],[-78.7495,35.1252],[-78.758,35.1276],[-78.7686,35.1358],[-78.777,35.1294],[-78.7725,35.1227],[-78.7901,35.1127],[-78.7997,35.114],[-78.8049,35.1067],[-78.8004,35.0959],[-78.8084,35.0915],[-78.8269,35.0888],[-78.8311,35.0855],[-78.8363,35.0822]]]}},{"type":"Feature","properties":{"id":"p3704260","name":"Beaufort"},"geometry":{"type":"MultiPolygon","coordinates":[[[[-76.6477,34.7537],[-76.6355,34.7475],[-76.633,34.7511],[-76.6384,34.7597],[-76.6477,34.7537]]],[[[-76.6542,34.7655],[-76.649,34.7618],[-76.6399,34.7622],[-76.6392,34.7719],[-76.643,34.7767],[-76.6509,34.7709],[-76.6542,34.7655]]],[[[-76.6756,34.7181],[-76.6775,34.7148],[-76.6698,34.7112],[-76.6494,34.7094],[-76.6194,34.7042],[-76.6173,34.7075],[-76.6295,34.7088],[-76.63,34.7181],[-76.638,34.7222],[-76.6386,34.7281],[-76.6327,34.7411],[-76.6398,34.7445],[-76.6452,34.7356],[-76.6505,34.7385],[-76.6709,34.7392],[-76.673,34.733],[-76.6693,34.7269],[-76.67,34.7212],[-76.6756,34.7181]]]]}},{"type":"Feature","properties":{"id":"p3734440","name":"Jefferson"},"geometry":{"type":"Polygon","coordinates":[[[-81.4818,36.4098],[-81.4775,36.4116],[-81.4602,36.4123],[-81.453,36.4143],[-81.4545,36.4198],[-81.4482,36.4213],[-81.4608,36.4299],[-81.4799,36.4304],[-81.4865,36.4248],[-81.4824,36.4103],[-81.4818,36.4098]]]}},{"type":"Feature","properties":{"id":"p3709360","name":"Butner"},"geometry":{"type":"Polygon","coordinates":[[[-78.7052,36.1442],[-78.7134,36.1549],[-78.7134,36.1593],[-78.706,36.1722],[-78.712,36.1749],[-78.718,36.1738],[-78.7219,36.1674],[-78.721,36.1611],[-78.7265,36.158],[-78.7317,36.16],[-78.7406,36.1587],[-78.7664,36.1423],[-78.7862,36.1314],[-78.7947,36.124],[-78.788,36.1163],[-78.7903,36.1127],[-78.7872,36.0933],[-78.78,36.0941],[-78.785,36.085],[-78.7722,36.0764],[-78.7692,36.0796],[-78.7695,36.0936],[-78.7728,36.0978],[-78.7693,36.1043],[-78.7602,36.1042],[-78.7578,36.1085],[-78.7386,36.1089],[-78.7283,36.1057],[-78.7243,36.1118],[-78.7254,36.119],[-78.7199,36.1224],[-78.7188,36.1334],[-78.715,36.1381],[-78.7052,36.1442]]]}},{"type":"Feature","properties":{"id":"p3763680","name":"Sparta"},"geometry":{"type":"Polygon","coordinates":[[[-81.1401,36.5012],[-81.1348,36.4919],[-81.1296,36.4915],[-81.1188,36.4968],[-81.11,36.4941],[-81.1011,36.4987],[-81.114,36.5127],[-81.1342,36.5161],[-81.1385,36.5105],[-81.1354,36.5053],[-81.1401,36.5012]]]}},{"type":"Feature","properties":{"id":"p3701400","name":"Angier"},"geometry":{"type":"MultiPolygon","coordinates":[[[[-78.7262,35.5316],[-78.7188,35.5303],[-78.7161,35.5249],[-78.707,35.5257],[-78.7071,35.5292],[-78.7234,35.5345],[-78.7262,35.5316]]],[[[-78.7559,35.5442],[-78.7528,35.5353],[-78.7476,35.5402],[-78.7559,35.5442]]],[[[-78.7559,35.5241],[-78.7432,35.5245],[-78.7475,35.5178],[-78.7493,35.4999],[-78.7515,35.4895],[-78.746,35.4861],[-78.7268,35.4894],[-78.7183,35.4876],[-78.7183,35.4934],[-78.7285,35.496],[-78.7289,35.5019],[-78.7254,35.509],[-78.7257,35.5141],[-78.7339,35.5169],[-78.7286,35.5241],[-78.7523,35.5272],[-78.7559,35.5241]]],[[[-78.7608,35.5024],[-78.7543,35.5008],[-78.7514,35.5044],[-78.7592,35.5074],[-78.7608,35.5024]]],[[[-78.7723,35.5392],[-78.768,35.5336],[-78.7576,35.5346],[-78.7597,35.5396],[-78.7723,35.5392]]]]}},{"type":"Feature","properties":{"id":"p3712340","name":"Cherryville"},"geometry":{"type":"Polygon","coordinates":[[[-81.41,35.3886],[-81.4033,35.389],[-81.407,35.3799],[-81.4052,35.3681],[-81.4007,35.3689],[-81.3926,35.3627],[-81.3791,35.3622],[-81.373,35.3688],[-81.3619,35.3745],[-81.3591,35.3847],[-81.3474,35.3912],[-81.3381,35.3917],[-81.3577,35.4022],[-81.3614,35.3946],[-81.3668,35.3901],[-81.3752,35.3931],[-81.3807,35.3973],[-81.3825,35.4036],[-81.3871,35.4053],[-81.388,35.3936],[-81.4136,35.3958],[-81.4125,35.3898],[-81.41,35.3886]]]}},{"type":"Feature","properties":{"id":"p3715260","name":"Cramerton"},"geometry":{"type":"MultiPolygon","coordinates":[[[[-81.0703,35.2097],[-81.0695,35.1992],[-81.0632,35.1936],[-81.0549,35.1906],[-81.0507,35.1959],[-81.0551,35.2015],[-81.0623,35.2021],[-81.0636,35.2122],[-81.0703,35.2097]]],[[[-81.0795,35.2511],[-81.0884,35.2464],[-81.0835,35.2407],[-81.0921,35.2314],[-81.092,35.2269],[-81.0769,35.2153],[-81.0669,35.2139],[-81.0639,35.2209],[-81.0575,35.2284],[-81.0522,35.2311],[-81.0563,35.2367],[-81.0575,35.2383],[-81.0598,35.2395],[-81.0552,35.2431],[-81.0667,35.2596],[-81.0701,35.2529],[-81.0786,35.2505],[-81.0795,35.2511]]]]}},{"type":"Feature","properties":{"id":"p3766740","name":"Tar Heel"},"geometry":{"type":"Polygon","coordinates":[[[-78.7922,34.733],[-78.7918,34.7296],[-78.7872,34.7278],[-78.7863,34.7312],[-78.7922,34.733]]]}},{"type":"Feature","properties":{"id":"p3773300","name":"White Lake"},"geometry":{"type":"Polygon","coordinates":[[[-78.5142,34.6543],[-78.5097,34.6515],[-78.5125,34.6397],[-78.5057,34.6329],[-78.4931,34.626],[-78.4848,34.6328],[-78.4821,34.6384],[-78.4844,34.6466],[-78.4933,34.6559],[-78.5068,34.6571],[-78.5142,34.6543]]]}},{"type":"Feature","properties":{"id":"p3740140","name":"McDonald"},"geometry":{"type":"Polygon","coordinates":[[[-79.1812,34.5569],[-79.1805,34.5511],[-79.1732,34.5489],[-79.173,34.5573],[-79.1812,34.5569]]]}},{"type":"Feature","properties":{"id":"p3755340","name":"Raynham"},"geometry":{"type":"Polygon","coordinates":[[[-79.194,34.5752],[-79.1929,34.5721],[-79.1855,34.5786],[-79.1907,34.5789],[-79.194,34.5752]]]}},{"type":"Feature","properties":{"id":"p3729680","name":"Harrells"},"geometry":{"type":"Polygon","coordinates":[[[-78.219,34.7291],[-78.2167,34.7206],[-78.2115,34.7158],[-78.2019,34.7132],[-78.1912,34.716],[-78.1869,34.7197],[-78.1838,34.728],[-78.1872,34.7365],[-78.1925,34.7402],[-78.2013,34.7424],[-78.2091,34.741],[-78.2168,34.7351],[-78.219,34.7291]]]}},{"type":"Feature","properties":{"id":"p3742860","name":"Midway"},"geometry":{"type":"Polygon","coordinates":[[[-80.2347,35.9967],[-80.2373,35.9921],[-80.247,35.9909],[-80.2529,35.9822],[-80.2483,35.9754],[-80.2338,35.9729],[-80.2342,35.965],[-80.2471,35.9644],[-80.2469,35.9589],[-80.2314,35.953],[-80.2312,35.9468],[-80.2217,35.9464],[-80.2185,35.9525],[-80.2074,35.9497],[-80.1947,35.9535],[-80.1968,35.9584],[-80.2047,35.9569],[-80.2098,35.9602],[-80.2003,35.9647],[-80.1996,35.9708],[-80.1954,35.9726],[-80.1917,35.9822],[-80.1992,35.9875],[-80.2017,35.9999],[-80.2072,35.9969],[-80.2173,35.9967],[-80.2347,35.9967]]]}},{"type":"Feature","properties":{"id":"p3735760","name":"King"},"geometry":{"type":"MultiPolygon","coordinates":[[[[-80.3418,36.3015],[-80.3321,36.299],[-80.3298,36.3029],[-80.3405,36.3047],[-80.3418,36.3015]]],[[[-80.3429,36.2556],[-80.3331,36.2563],[-80.3356,36.2657],[-80.3423,36.2657],[-80.3413,36.2732],[-80.3375,36.2747],[-80.3238,36.2893],[-80.3359,36.2899],[-80.3369,36.2947],[-80.3441,36.2948],[-80.3509,36.2918],[-80.3584,36.3015],[-80.3655,36.3018],[-80.3668,36.2958],[-80.3628,36.2868],[-80.3731,36.2894],[-80.3767,36.2832],[-80.3869,36.2794],[-80.3774,36.2723],[-80.3712,36.2629],[-80.3798,36.2579],[-80.3745,36.2535],[-80.3708,36.2549],[-80.3678,36.2558],[-80.3645,36.2585],[-80.3559,36.2504],[-80.3562,36.2478],[-80.3547,36.2505],[-80.3587,36.2579],[-80.3455,36.2573],[-80.3463,36.2606],[-80.3421,36.2606],[-80.3414,36.2606],[-80.3379,36.2606],[-80.3429,36.2556]],[[-80.3561,36.2828],[-80.3544,36.2881],[-80.3371,36.2887],[-80.3496,36.2813],[-80.3561,36.2828]]]]}},{"type":"Feature","properties":{"id":"p3739600","name":"Lucama"},"geometry":{"type":"Polygon","coordinates":[[[-78.0178,35.6467],[-78.013,35.6395],[-78.0069,35.6402],[-78.0021,35.6445],[-78.0008,35.6504],[-78.0078,35.6508],[-78.0178,35.6467]]]}},{"type":"Feature","properties":{"id":"p3764560","name":"Stantonsburg"},"geometry":{"type":"Polygon","coordinates":[[[-77.8317,35.6028],[-77.8292,35.5993],[-77.8145,35.6037],[-77.8045,35.6021],[-77.8071,35.6084],[-77.8142,35.6066],[-77.8183,35.6124],[-77.8317,35.6028]]]}},{"type":"Feature","properties":{"id":"p3774540","name":"Wilson"},"geometry":{"type":"MultiPolygon","coordinates":[[[[-77.8557,35.6728],[-77.8454,35.6598],[-77.8325,35.6553],[-77.8265,35.6565],[-77.8247,35.6616],[-77.8342,35.6712],[-77.847,35.6787],[-77.8557,35.6728]]],[[[-78.0357,35.758],[-78.0231,35.7636],[-78.0105,35.7637],[-78.0103,35.7558],[-77.9962,35.7589],[-77.9912,35.7626],[-77.9763,35.7553],[-77.9708,35.7501],[-77.9789,35.7446],[-77.9898,35.7444],[-78.0043,35.7474],[-78.0088,35.7375],[-78.0032,35.7312],[-77.9815,35.7328],[-77.9777,35.7384],[-77.9711,35.733],[-77.961,35.7363],[-77.9551,35.7335],[-77.9563,35.728],[-77.9523,35.7253],[-77.955,35.7199],[-77.9642,35.7211],[-77.9715,35.7245],[-77.9834,35.7263],[-77.9865,35.7228],[-77.9783,35.7117],[-77.9766,35.7196],[-77.9637,35.7144],[-77.9616,35.7079],[-77.9675,35.7025],[-77.9621,35.6982],[-77.9662,35.6949],[-77.9489,35.6875],[-77.9536,35.6851],[-77.942,35.6792],[-77.9361,35.6841],[-77.9409,35.6901],[-77.937,35.6958],[-77.9253,35.6974],[-77.9083,35.6792],[-77.91,35.6738],[-77.902,35.6738],[-77.9073,35.6819],[-77.8879,35.6849],[-77.8901,35.6945],[-77.8731,35.6963],[-77.879,35.7118],[-77.8743,35.7207],[-77.8855,35.7217],[-77.8895,35.7264],[-77.8746,35.7346],[-77.8804,35.7384],[-77.9018,35.7433],[-77.8971,35.7534],[-77.9018,35.7599],[-77.9117,35.759],[-77.9183,35.7631],[-77.9183,35.7705],[-77.9117,35.7753],[-77.9204,35.7796],[-77.9219,35.785],[-77.9181,35.7895],[-77.9211,35.794],[-77.9292,35.7968],[-77.94,35.792],[-77.9398,35.7865],[-77.95,35.7869],[-77.9564,35.7809],[-77.9604,35.7826],[-77.9637,35.783],[-77.9635,35.7908],[-77.9695,35.791],[-77.9697,35.7844],[-77.9659,35.7829],[-77.9603,35.7824],[-77.9548,35.7794],[-77.9583,35.7773],[-77.9567,35.7739],[-77.9486,35.7695],[-77.9588,35.7688],[-77.961,35.7784],[-77.9743,35.7747],[-77.9771,35.7705],[-77.9733,35.7598],[-77.978,35.7568],[-77.9905,35.763],[-77.9966,35.7627],[-78.0073,35.7683],[-78.0111,35.7642],[-78.0199,35.7649],[-78.0304,35.7612],[-78.0357,35.758]],[[-77.9467,35.7012],[-77.9451,35.7065],[-77.9381,35.7075],[-77.9338,35.7021],[-77.9406,35.6957],[-77.9467,35.7012]]]]}},{"type":"Feature","properties":{"id":"p3709530","name":"Cajah's Mountain"},"geometry":{"type":"Polygon","coordinates":[[[-81.5391,35.8729],[-81.5455,35.8692],[-81.5427,35.8626],[-81.5503,35.8509],[-81.5484,35.8425],[-81.5511,35.8371],[-81.5452,35.8348],[-81.5338,35.8248],[-81.5306,35.8279],[-81.5314,35.8417],[-81.5257,35.8573],[-81.5169,35.8566],[-81.5175,35.8636],[-81.5232,35.8637],[-81.5312,35.8696],[-81.5312,35.8697],[-81.5391,35.8729]]]}},{"type":"Feature","properties":{"id":"p3725380","name":"Gamewell"},"geometry":{"type":"Polygon","coordinates":[[[-81.5829,35.8852],[-81.5911,35.8844],[-81.5948,35.8884],[-81.6083,35.8847],[-81.6163,35.8863],[-81.6228,35.877],[-81.625,35.8657],[-81.6231,35.857],[-81.6169,35.8546],[-81.6168,35.8402],[-81.612,35.8359],[-81.6019,35.836],[-81.5854,35.8515],[-81.5787,35.8594],[-81.5634,35.8577],[-81.5575,35.8541],[-81.559,35.867],[-81.5735,35.8662],[-81.5785,35.8693],[-81.5693,35.8777],[-81.5762,35.8825],[-81.5802,35.879],[-81.5817,35.8823],[-81.5829,35.8852]]]}},{"type":"Feature","properties":{"id":"p3727420","name":"Granite Falls"},"geometry":{"type":"MultiPolygon","coordinates":[[[[-81.3796,35.7904],[-81.3956,35.7892],[-81.3957,35.7782],[-81.3856,35.7784],[-81.3854,35.7821],[-81.376,35.7813],[-81.3796,35.7904]]],[[[-81.4269,35.7813],[-81.4276,35.7904],[-81.4195,35.7923],[-81.4151,35.7893],[-81.4109,35.7979],[-81.3937,35.8013],[-81.3995,35.8063],[-81.4112,35.8045],[-81.4285,35.8069],[-81.4337,35.8153],[-81.4438,35.816],[-81.4418,35.81],[-81.4569,35.8108],[-81.4555,35.8015],[-81.4502,35.7961],[-81.4468,35.7872],[-81.4401,35.7863],[-81.4415,35.7775],[-81.4368,35.7771],[-81.4269,35.7813]]]]}},{"type":"Feature","properties":{"id":"p3726880","name":"Goldsboro"},"geometry":{"type":"Polygon","coordinates":[[[-77.8934,35.389],[-77.8919,35.3922],[-77.9071,35.3972],[-77.9167,35.3966],[-77.9241,35.4011],[-77.9301,35.3986],[-77.9341,35.4046],[-77.9439,35.4092],[-77.9488,35.4034],[-77.9647,35.4087],[-77.9609,35.4156],[-77.962,35.4212],[-77.9719,35.4169],[-77.9801,35.418],[-77.9845,35.4149],[-77.9947,35.4169],[-77.9876,35.426],[-77.9911,35.4373],[-77.9969,35.4273],[-78.0175,35.4258],[-78.0138,35.4211],[-78.0035,35.4211],[-77.9991,35.4186],[-78.0013,35.4083],[-77.999,35.4009],[-78.0145,35.405],[-78.0259,35.4005],[-78.0329,35.4009],[-78.032,35.3949],[-78.043,35.3882],[-78.0352,35.3818],[-78.0301,35.3846],[-78.0234,35.3824],[-78.0194,35.3677],[-78.0116,35.3611],[-78.0115,35.353],[-78.0027,35.35],[-78.0054,35.3454],[-77.9963,35.3392],[-78.0062,35.3343],[-77.9989,35.331],[-77.992,35.3308],[-77.984,35.3274],[-77.9817,35.3315],[-77.9702,35.3213],[-77.9701,35.3321],[-77.9652,35.3359],[-77.943,35.3412],[-77.9412,35.3469],[-77.9452,35.3519],[-77.9279,35.3552],[-77.9202,35.3478],[-77.9213,35.3437],[-77.9155,35.3419],[-77.9176,35.347],[-77.9116,35.3517],[-77.9159,35.3497],[-77.9194,35.3542],[-77.93,35.3649],[-77.9217,35.37],[-77.9135,35.3722],[-77.909,35.3783],[-77.9019,35.3806],[-77.8999,35.388],[-77.8934,35.389]],[[-78.0223,35.3849],[-78.0144,35.391],[-78.0161,35.3991],[-78.0058,35.3947],[-78.0132,35.3849],[-78.0223,35.3849]],[[-77.9781,35.4087],[-77.9709,35.4136],[-77.9659,35.4036],[-77.9704,35.4013],[-77.9809,35.4016],[-77.9781,35.4087]]]}},{"type":"Feature","properties":{"id":"p3770820","name":"Walnut Creek"},"geometry":{"type":"Polygon","coordinates":[[[-77.8974,35.309],[-77.8863,35.3003],[-77.8705,35.2976],[-77.8739,35.285],[-77.8684,35.2817],[-77.8653,35.29],[-77.8615,35.2913],[-77.8606,35.3082],[-77.8576,35.3146],[-77.8653,35.3155],[-77.8781,35.3143],[-77.8826,35.3165],[-77.887,35.3119],[-77.8974,35.309]]]}},{"type":"Feature","properties":{"id":"p3743300","name":"Milton"},"geometry":{"type":"Polygon","coordinates":[[[-79.2144,36.5354],[-79.2038,36.5345],[-79.2018,36.5415],[-79.213,36.5416],[-79.2144,36.5354]]]}},{"type":"Feature","properties":{"id":"p3714100","name":"Concord"},"geometry":{"type":"MultiPolygon","coordinates":[[[[-80.5197,35.3931],[-80.5077,35.3859],[-80.4987,35.3868],[-80.5099,35.3942],[-80.5197,35.3931]]],[[[-80.5491,35.3297],[-80.5442,35.3214],[-80.5361,35.3238],[-80.5348,35.3306],[-80.5453,35.3325],[-80.5491,35.3297]]],[[[-80.5672,35.3193],[-80.5635,35.3086],[-80.5532,35.311],[-80.5579,35.3195],[-80.5672,35.3193]]],[[[-80.596,35.3165],[-80.5902,35.3054],[-80.5779,35.3079],[-80.5748,35.3158],[-80.5868,35.3229],[-80.59,35.3168],[-80.596,35.3165]]],[[[-80.6103,35.3406],[-80.6011,35.3441],[-80.6067,35.3498],[-80.6148,35.3485],[-80.6123,35.3425],[-80.6103,35.3406]]],[[[-80.6955,35.4348],[-80.693,35.4314],[-80.6942,35.4373],[-80.6946,35.4372],[-80.6955,35.4348]]],[[[-80.6873,35.4235],[-80.6962,35.4226],[-80.6976,35.4187],[-80.7056,35.4166],[-80.7143,35.4238],[-80.7296,35.4233],[-80.7262,35.417],[-80.7146,35.4161],[-80.7127,35.414],[-80.7217,35.4005],[-80.7253,35.3979],[-80.736,35.4056],[-80.7437,35.4079],[-80.7556,35.4068],[-80.7597,35.3975],[-80.7547,35.3939],[-80.7514,35.389],[-80.7426,35.3793],[-80.7089,35.3554],[-80.6999,35.3502],[-80.6972,35.3597],[-80.6887,35.3521],[-80.6907,35.3496],[-80.6836,35.3394],[-80.6775,35.3407],[-80.6713,35.3421],[-80.6631,35.3382],[-80.6584,35.3358],[-80.6509,35.3371],[-80.6444,35.335],[-80.6383,35.342],[-80.6375,35.3428],[-80.634,35.3465],[-80.6243,35.3506],[-80.6143,35.3512],[-80.6119,35.3559],[-80.6295,35.3608],[-80.6237,35.3662],[-80.6168,35.365],[-80.607,35.3699],[-80.5965,35.3664],[-80.5961,35.3612],[-80.5886,35.3585],[-80.5961,35.3479],[-80.5958,35.3404],[-80.6102,35.3404],[-80.6008,35.3376],[-80.598,35.3336],[-80.5956,35.3386],[-80.581,35.349],[-80.5773,35.3604],[-80.5824,35.3751],[-80.5725,35.3745],[-80.5639,35.3705],[-80.5727,35.3662],[-80.5639,35.3529],[-80.5582,35.3558],[-80.563,35.3656],[-80.5431,35.3709],[-80.5414,35.3753],[-80.5327,35.3777],[-80.5199,35.3864],[-80.5315,35.3911],[-80.5371,35.3843],[-80.5384,35.3988],[-80.544,35.4036],[-80.5438,35.4111],[-80.5585,35.4186],[-80.5643,35.423],[-80.57,35.4313],[-80.5754,35.4294],[-80.5797,35.44],[-80.5779,35.4456],[-80.5769,35.46],[-80.5782,35.4748],[-80.5809,35.4801],[-80.584,35.4771],[-80.5853,35.4712],[-80.5885,35.4663],[-80.5962,35.4642],[-80.5951,35.4577],[-80.6009,35.453],[-80.6057,35.4469],[-80.6128,35.4453],[-80.6202,35.4483],[-80.6216,35.4428],[-80.6313,35.4399],[-80.649,35.4385],[-80.6617,35.4344],[-80.6728,35.4191],[-80.6795,35.413],[-80.6875,35.4105],[-80.6878,35.4122],[-80.6864,35.4196],[-80.6872,35.4232],[-80.6873,35.4235]],[[-80.6543,35.3398],[-80.6523,35.3494],[-80.6472,35.3503],[-80.6486,35.3395],[-80.6543,35.3398]]],[[[-80.7411,35.4418],[-80.7508,35.4367],[-80.7626,35.4361],[-80.7619,35.4347],[-80.7599,35.4303],[-80.7567,35.4237],[-80.7542,35.4183],[-80.7372,35.4186],[-80.7453,35.4285],[-80.7364,35.4293],[-80.7248,35.4337],[-80.7275,35.4402],[-80.7322,35.4408],[-80.736,35.4413],[-80.7375,35.4415],[-80.7397,35.4417],[-80.7411,35.4418]]]]}},{"type":"Feature","properties":{"id":"p3742760","name":"Midland"},"geometry":{"type":"MultiPolygon","coordinates":[[[[-80.469,35.2537],[-80.4699,35.2482],[-80.4758,35.2404],[-80.4683,35.2409],[-80.4667,35.2432],[-80.4653,35.2454],[-80.469,35.2537]]],[[[-80.5307,35.3011],[-80.522,35.2981],[-80.514,35.2998],[-80.5152,35.3127],[-80.5245,35.3126],[-80.5263,35.303],[-80.5307,35.3011]]],[[[-80.5136,35.2808],[-80.5203,35.2687],[-80.5332,35.2628],[-80.545,35.2546],[-80.5537,35.253],[-80.5543,35.2494],[-80.5726,35.2493],[-80.5791,35.2435],[-80.5797,35.2365],[-80.5678,35.2466],[-80.5618,35.2489],[-80.5532,35.2474],[-80.5514,35.2491],[-80.5398,35.2419],[-80.5522,35.2339],[-80.563,35.2347],[-80.5701,35.22],[-80.5611,35.2198],[-80.5554,35.2263],[-80.5542,35.2313],[-80.5415,35.2288],[-80.539,35.2211],[-80.5211,35.2225],[-80.5229,35.2299],[-80.5188,35.2373],[-80.5042,35.2223],[-80.5089,35.2129],[-80.4968,35.2128],[-80.4925,35.217],[-80.5013,35.2222],[-80.4986,35.2288],[-80.5032,35.235],[-80.4952,35.2454],[-80.4904,35.243],[-80.4815,35.2464],[-80.4764,35.2515],[-80.4844,35.2561],[-80.4814,35.2659],[-80.4872,35.2691],[-80.4929,35.2634],[-80.4961,35.2541],[-80.5007,35.2583],[-80.5105,35.2567],[-80.5181,35.2582],[-80.5171,35.2647],[-80.5101,35.2733],[-80.5002,35.2662],[-80.498,35.2736],[-80.5039,35.2811],[-80.5136,35.2808]]],[[[-80.6208,35.2509],[-80.6142,35.2436],[-80.6101,35.2454],[-80.5999,35.2342],[-80.59,35.233],[-80.5921,35.2386],[-80.6001,35.2375],[-80.5986,35.2507],[-80.6045,35.2566],[-80.6137,35.2569],[-80.6208,35.2509]]]]}},{"type":"Feature","properties":{"id":"p3745140","name":"Mount Pleasant"},"geometry":{"type":"MultiPolygon","coordinates":[[[[-80.4495,35.4056],[-80.4436,35.3999],[-80.4411,35.3927],[-80.4323,35.3887],[-80.438,35.3776],[-80.4363,35.3726],[-80.4307,35.3705],[-80.4243,35.3817],[-80.429,35.3916],[-80.4267,35.3993],[-80.4312,35.4114],[-80.4376,35.4132],[-80.4397,35.4086],[-80.4495,35.4056]]],[[[-80.4963,35.3364],[-80.4866,35.3391],[-80.4787,35.3314],[-80.4826,35.3219],[-80.4751,35.3198],[-80.4719,35.3234],[-80.4759,35.3335],[-80.4727,35.3416],[-80.4755,35.3447],[-80.4904,35.342],[-80.4963,35.3364]]]]}},{"type":"Feature","properties":{"id":"p3724520","name":"Four Oaks"},"geometry":{"type":"MultiPolygon","coordinates":[[[[-78.4183,35.4256],[-78.4188,35.4203],[-78.4124,35.4189],[-78.4092,35.4246],[-78.4124,35.429],[-78.4183,35.4256]]],[[[-78.441,35.4404],[-78.426,35.437],[-78.4062,35.4493],[-78.4073,35.4528],[-78.4196,35.4532],[-78.4264,35.4518],[-78.4344,35.4544],[-78.4387,35.448],[-78.4358,35.4424],[-78.441,35.4404]]]]}},{"type":"Feature","properties":{"id":"p3752020","name":"Pine Level"},"geometry":{"type":"Polygon","coordinates":[[[-78.2546,35.5053],[-78.249,35.5008],[-78.236,35.4999],[-78.2349,35.5076],[-78.2393,35.5157],[-78.2465,35.5174],[-78.2615,35.5121],[-78.2546,35.5053]]]}},{"type":"Feature","properties":{"id":"p3708140","name":"Brookford"},"geometry":{"type":"Polygon","coordinates":[[[-81.3506,35.706],[-81.3551,35.6974],[-81.3489,35.6963],[-81.3399,35.7018],[-81.3359,35.7033],[-81.334,35.7058],[-81.3393,35.7096],[-81.3448,35.7083],[-81.3468,35.7084],[-81.3506,35.706]]]}},{"type":"Feature","properties":{"id":"p3712720","name":"Claremont"},"geometry":{"type":"Polygon","coordinates":[[[-81.179,35.7014],[-81.1774,35.6971],[-81.1675,35.6966],[-81.1678,35.6905],[-81.1674,35.6904],[-81.1663,35.702],[-81.1611,35.7009],[-81.1536,35.6916],[-81.148,35.6984],[-81.1521,35.7062],[-81.138,35.7065],[-81.1377,35.714],[-81.1306,35.7133],[-81.1341,35.7228],[-81.1417,35.7256],[-81.1594,35.722],[-81.1639,35.7177],[-81.1582,35.7127],[-81.1715,35.7077],[-81.1702,35.7074],[-81.1699,35.7069],[-81.1704,35.7066],[-81.1746,35.7041],[-81.179,35.7014]]]}},{"type":"Feature","properties":{"id":"p3740660","name":"Maiden"},"geometry":{"type":"MultiPolygon","coordinates":[[[[-81.2598,35.5724],[-81.2594,35.5655],[-81.2535,35.5626],[-81.2484,35.5679],[-81.2598,35.5724]]],[[[-81.2104,35.6227],[-81.2175,35.6212],[-81.2137,35.615],[-81.2179,35.602],[-81.2329,35.6013],[-81.2355,35.5901],[-81.248,35.5928],[-81.2481,35.6005],[-81.2554,35.597],[-81.2628,35.5971],[-81.269,35.5938],[-81.2733,35.5835],[-81.2676,35.5796],[-81.2605,35.5798],[-81.248,35.5832],[-81.245,35.5779],[-81.2326,35.5811],[-81.2267,35.5792],[-81.2303,35.5737],[-81.2172,35.5696],[-81.2038,35.5694],[-81.1988,35.5663],[-81.1999,35.5599],[-81.1929,35.5591],[-81.192,35.5686],[-81.1885,35.575],[-81.1951,35.5809],[-81.2006,35.5781],[-81.2041,35.583],[-81.2049,35.5917],[-81.2131,35.5928],[-81.2069,35.6041],[-81.2123,35.6135],[-81.2104,35.6227]],[[-81.2298,35.5882],[-81.2261,35.5964],[-81.2219,35.5958],[-81.217,35.5888],[-81.2298,35.5882]]]]}},{"type":"Feature","properties":{"id":"p3706500","name":"Blowing Rock"},"geometry":{"type":"Polygon","coordinates":[[[-81.6934,36.138],[-81.6883,36.1314],[-81.6883,36.1262],[-81.6792,36.1189],[-81.6634,36.1146],[-81.6552,36.1177],[-81.6508,36.1319],[-81.661,36.1321],[-81.6646,36.1372],[-81.6645,36.1433],[-81.6914,36.14],[-81.6934,36.138]]]}},{"type":"Feature","properties":{"id":"p3737220","name":"Laurinburg"},"geometry":{"type":"Polygon","coordinates":[[[-79.5274,34.7498],[-79.5198,34.7404],[-79.522,34.7326],[-79.5176,34.7314],[-79.5167,34.7237],[-79.5093,34.7239],[-79.5116,34.718],[-79.5061,34.7164],[-79.5039,34.725],[-79.4993,34.7339],[-79.485,34.7287],[-79.4775,34.7393],[-79.4667,34.7496],[-79.4608,34.7497],[-79.4595,34.7548],[-79.448,34.7552],[-79.4491,34.7588],[-79.4384,34.7619],[-79.4416,34.7662],[-79.449,34.7675],[-79.4487,34.7734],[-79.4391,34.77],[-79.4346,34.7735],[-79.4412,34.7813],[-79.4488,34.7974],[-79.4445,34.7966],[-79.4378,34.8035],[-79.4436,34.808],[-79.4483,34.8036],[-79.465,34.8015],[-79.462,34.7932],[-79.4753,34.7799],[-79.4853,34.781],[-79.4889,34.7711],[-79.4983,34.7593],[-79.4958,34.7555],[-79.4976,34.7479],[-79.5093,34.7475],[-79.5091,34.7546],[-79.5245,34.7543],[-79.5274,34.7498]]]}},{"type":"Feature","properties":{"id":"p3705880","name":"Biltmore Forest"},"geometry":{"type":"Polygon","coordinates":[[[-82.5357,35.5118],[-82.5275,35.5146],[-82.5296,35.5237],[-82.528,35.5346],[-82.535,35.5483],[-82.5438,35.5584],[-82.5461,35.5673],[-82.5509,35.564],[-82.5582,35.5635],[-82.5518,35.5599],[-82.5507,35.5552],[-82.5424,35.5498],[-82.5452,35.5444],[-82.5406,35.5402],[-82.5503,35.5297],[-82.5516,35.5185],[-82.5438,35.5126],[-82.5357,35.5118]]]}},{"type":"Feature","properties":{"id":"p3771560","name":"Weaverville"},"geometry":{"type":"Polygon","coordinates":[[[-82.5834,35.6739],[-82.5797,35.6731],[-82.5628,35.6867],[-82.5573,35.6875],[-82.5574,35.6932],[-82.5515,35.7044],[-82.5399,35.7028],[-82.5383,35.6906],[-82.5286,35.6902],[-82.5247,35.6966],[-82.5205,35.6956],[-82.5151,35.7021],[-82.5275,35.7067],[-82.5319,35.6997],[-82.5461,35.7072],[-82.5564,35.7051],[-82.5604,35.7157],[-82.5677,35.7077],[-82.5798,35.7076],[-82.5761,35.6984],[-82.5834,35.6739]]]}},{"type":"Feature","properties":{"id":"p3725980","name":"Gibsonville"},"geometry":{"type":"Polygon","coordinates":[[[-79.5263,36.1214],[-79.5359,36.1172],[-79.5387,36.1129],[-79.5488,36.1155],[-79.5513,36.1207],[-79.5684,36.1228],[-79.5687,36.1189],[-79.5608,36.1157],[-79.5571,36.108],[-79.5512,36.103],[-79.5554,36.0947],[-79.5487,36.0936],[-79.5539,36.0863],[-79.5647,36.0856],[-79.5644,36.0774],[-79.558,36.0789],[-79.5578,36.0757],[-79.5526,36.0696],[-79.5526,36.0719],[-79.551,36.0791],[-79.5487,36.071],[-79.5419,36.0756],[-79.5414,36.0815],[-79.5392,36.0823],[-79.5338,36.0869],[-79.5273,36.0933],[-79.5205,36.0966],[-79.5205,36.0983],[-79.521,36.0997],[-79.5215,36.1031],[-79.5217,36.108],[-79.524,36.1103],[-79.5236,36.1138],[-79.5239,36.1173],[-79.524,36.1174],[-79.5257,36.1191],[-79.5257,36.1196],[-79.5261,36.1207],[-79.5263,36.1214]]]}},{"type":"Feature","properties":{"id":"p3727870","name":"Green Level"},"geometry":{"type":"Polygon","coordinates":[[[-79.352,36.1137],[-79.3353,36.1146],[-79.3329,36.1212],[-79.3373,36.1253],[-79.3448,36.1277],[-79.3366,36.136],[-79.3399,36.1399],[-79.3457,36.1386],[-79.349,36.1271],[-79.3559,36.1276],[-79.358,36.1239],[-79.3561,36.1137],[-79.352,36.1137]]]}},{"type":"Feature","properties":{"id":"p3701420","name":"Ansonville"},"geometry":{"type":"Polygon","coordinates":[[[-80.1194,35.1013],[-80.1158,35.0928],[-80.098,35.096],[-80.1026,35.1148],[-80.1207,35.1117],[-80.1222,35.1055],[-80.1194,35.1013]]]}},{"type":"Feature","properties":{"id":"p3750820","name":"Peachland"},"geometry":{"type":"Polygon","coordinates":[[[-80.279,34.992],[-80.2744,34.9859],[-80.257,34.986],[-80.257,35.0003],[-80.2746,35.0003],[-80.2745,34.9927],[-80.279,34.992]]]}},{"type":"Feature","properties":{"id":"p3753840","name":"Princeville"},"geometry":{"type":"Polygon","coordinates":[[[-77.5374,35.8901],[-77.537,35.8828],[-77.52,35.8816],[-77.5207,35.8867],[-77.5073,35.885],[-77.5112,35.8767],[-77.5055,35.875],[-77.5003,35.8866],[-77.5169,35.8936],[-77.5264,35.8946],[-77.5374,35.8901]]]}},{"type":"Feature","properties":{"id":"p3700160","name":"Aberdeen"},"geometry":{"type":"Polygon","coordinates":[[[-79.4665,35.1668],[-79.4853,35.1639],[-79.4815,35.1602],[-79.4729,35.161],[-79.4746,35.1502],[-79.4815,35.1473],[-79.4818,35.1421],[-79.4759,35.1368],[-79.4717,35.1427],[-79.4612,35.1438],[-79.4643,35.1352],[-79.4483,35.1288],[-79.4315,35.1256],[-79.4241,35.119],[-79.4311,35.1128],[-79.4221,35.1069],[-79.4276,35.1001],[-79.4282,35.0879],[-79.4189,35.0876],[-79.4115,35.0897],[-79.4065,35.0977],[-79.4052,35.1061],[-79.3967,35.113],[-79.4089,35.1206],[-79.4071,35.1272],[-79.3951,35.1271],[-79.3934,35.1299],[-79.4027,35.1314],[-79.4036,35.1366],[-79.4062,35.1388],[-79.4077,35.1391],[-79.4098,35.1468],[-79.4017,35.1457],[-79.3957,35.1478],[-79.3979,35.1499],[-79.3994,35.1519],[-79.4039,35.161],[-79.4075,35.1641],[-79.4093,35.1631],[-79.4096,35.156],[-79.4223,35.1611],[-79.4289,35.1578],[-79.4296,35.1544],[-79.4489,35.1545],[-79.4527,35.1568],[-79.4651,35.1566],[-79.4665,35.1668]]]}},{"type":"Feature","properties":{"id":"p3724570","name":"Foxfire"},"geometry":{"type":"Polygon","coordinates":[[[-79.616,35.1723],[-79.612,35.1658],[-79.6011,35.1689],[-79.5991,35.1647],[-79.5901,35.1656],[-79.5875,35.1698],[-79.5749,35.1658],[-79.5736,35.1598],[-79.5828,35.1561],[-79.5964,35.1445],[-79.59,35.141],[-79.5823,35.1464],[-79.5827,35.1493],[-79.5699,35.1573],[-79.5696,35.1695],[-79.5442,35.1646],[-79.5461,35.1721],[-79.5568,35.1811],[-79.5456,35.186],[-79.5313,35.182],[-79.5254,35.1734],[-79.5199,35.1808],[-79.533,35.1843],[-79.5331,35.1891],[-79.5424,35.1884],[-79.5432,35.1971],[-79.5355,35.2013],[-79.5365,35.2118],[-79.5511,35.2117],[-79.555,35.2047],[-79.5633,35.2003],[-79.5683,35.1892],[-79.5619,35.1859],[-79.562,35.182],[-79.5718,35.1813],[-79.5786,35.1884],[-79.5896,35.1809],[-79.594,35.1805],[-79.6,35.1731],[-79.616,35.1723]]]}},{"type":"Feature","properties":{"id":"p3751940","name":"Pinehurst"},"geometry":{"type":"Polygon","coordinates":[[[-79.4886,35.2046],[-79.5039,35.21],[-79.5089,35.2095],[-79.5226,35.2131],[-79.5261,35.2103],[-79.5282,35.1993],[-79.5205,35.1918],[-79.5136,35.189],[-79.5056,35.1898],[-79.4989,35.1877],[-79.502,35.1735],[-79.4959,35.1636],[-79.4877,35.1629],[-79.4867,35.1676],[-79.4785,35.1717],[-79.4643,35.1708],[-79.4665,35.1668],[-79.4651,35.1566],[-79.4527,35.1568],[-79.4489,35.1545],[-79.4296,35.1544],[-79.4289,35.1578],[-79.4272,35.1645],[-79.4258,35.1645],[-79.4255,35.1713],[-79.4299,35.1757],[-79.4401,35.177],[-79.4396,35.1825],[-79.4393,35.1836],[-79.4475,35.1942],[-79.4468,35.199],[-79.429,35.1979],[-79.4283,35.1978],[-79.425,35.1973],[-79.4242,35.1972],[-79.4222,35.197],[-79.4282,35.2007],[-79.4266,35.2073],[-79.4381,35.206],[-79.4377,35.2148],[-79.4322,35.2202],[-79.4288,35.2228],[-79.4294,35.2325],[-79.4422,35.2314],[-79.4479,35.2252],[-79.4526,35.2271],[-79.4594,35.2204],[-79.475,35.2249],[-79.4787,35.2194],[-79.4772,35.2134],[-79.4803,35.2104],[-79.4761,35.2053],[-79.4886,35.2046]]]}},{"type":"Feature","properties":{"id":"p3769840","name":"Vass"},"geometry":{"type":"MultiPolygon","coordinates":[[[[-79.2987,35.2559],[-79.2979,35.2505],[-79.2888,35.2428],[-79.281,35.2412],[-79.2741,35.2426],[-79.266,35.2499],[-79.2641,35.2555],[-79.2692,35.2662],[-79.2745,35.2697],[-79.2883,35.2694],[-79.2946,35.2668],[-79.2987,35.2559]]],[[[-79.331,35.2101],[-79.3228,35.2121],[-79.3213,35.2179],[-79.3258,35.2197],[-79.331,35.2101]]]]}},{"type":"Feature","properties":{"id":"p3773140","name":"Whispering Pines"},"geometry":{"type":"Polygon","coordinates":[[[-79.378,35.2698],[-79.3855,35.2693],[-79.3863,35.2604],[-79.3957,35.2608],[-79.4,35.2539],[-79.3956,35.2464],[-79.3934,35.244],[-79.3804,35.2409],[-79.3785,35.2333],[-79.3733,35.2327],[-79.3669,35.2328],[-79.3639,35.2443],[-79.3664,35.2539],[-79.3591,35.255],[-79.3587,35.25],[-79.3508,35.2437],[-79.3492,35.2554],[-79.3594,35.2674],[-79.3712,35.2728],[-79.378,35.2698]]]}},{"type":"Feature","properties":{"id":"p3762760","name":"Snow Hill"},"geometry":{"type":"Polygon","coordinates":[[[-77.6692,35.4429],[-77.6648,35.4392],[-77.6599,35.4518],[-77.6749,35.458],[-77.6818,35.4574],[-77.6903,35.461],[-77.689,35.4537],[-77.6907,35.4423],[-77.6827,35.4483],[-77.6722,35.4515],[-77.6741,35.4432],[-77.6692,35.4429]]]}},{"type":"Feature","properties":{"id":"p3757260","name":"Rockingham"},"geometry":{"type":"Polygon","coordinates":[[[-79.7417,34.9123],[-79.7337,34.909],[-79.7304,34.9237],[-79.7471,34.9279],[-79.7473,34.9346],[-79.7519,34.9384],[-79.7336,34.9575],[-79.7364,34.9637],[-79.7422,34.9693],[-79.7515,34.9621],[-79.7647,34.959],[-79.7774,34.9514],[-79.7894,34.9528],[-79.7845,34.9367],[-79.7954,34.9302],[-79.7882,34.9195],[-79.7825,34.9193],[-79.7774,34.9261],[-79.7677,34.9307],[-79.7632,34.9217],[-79.7574,34.9164],[-79.7467,34.9142],[-79.7428,34.9132],[-79.7417,34.9123]]]}},{"type":"Feature","properties":{"id":"p3730900","name":"Hertford"},"geometry":{"type":"Polygon","coordinates":[[[-76.4658,36.2011],[-76.4724,36.193],[-76.4841,36.197],[-76.477,36.1865],[-76.4842,36.1797],[-76.4767,36.1713],[-76.4584,36.1648],[-76.4416,36.1696],[-76.4426,36.1748],[-76.4492,36.1775],[-76.458,36.1853],[-76.4635,36.1873],[-76.4667,36.1957],[-76.4637,36.1995],[-76.4658,36.2011]]]}},{"type":"Feature","properties":{"id":"p3756360","name":"Richlands"},"geometry":{"type":"Polygon","coordinates":[[[-77.5597,34.9046],[-77.5546,34.8981],[-77.551,34.8883],[-77.5431,34.8894],[-77.5325,34.8962],[-77.5197,34.9024],[-77.529,34.9074],[-77.5546,34.907],[-77.5597,34.9046]]]}},{"type":"Feature","properties":{"id":"p3763240","name":"South Henderson"},"geometry":{"type":"Polygon","coordinates":[[[-78.3916,36.3003],[-78.3887,36.3062],[-78.411,36.3132],[-78.414,36.3172],[-78.4212,36.3122],[-78.4195,36.3039],[-78.4128,36.2911],[-78.403,36.2947],[-78.3906,36.2951],[-78.3916,36.3003]]]}},{"type":"Feature","properties":{"id":"p3727400","name":"Grandy"},"geometry":{"type":"Polygon","coordinates":[[[-75.9073,36.2554],[-75.9042,36.2491],[-75.8927,36.2345],[-75.8861,36.2053],[-75.883,36.2033],[-75.8746,36.2103],[-75.866,36.2116],[-75.8654,36.2057],[-75.8565,36.2075],[-75.8573,36.2115],[-75.8488,36.2155],[-75.8583,36.2218],[-75.8639,36.2293],[-75.8654,36.236],[-75.8643,36.2451],[-75.8693,36.2463],[-75.8723,36.2548],[-75.871,36.2602],[-75.8791,36.2636],[-75.8977,36.2573],[-75.9073,36.2554]]]}},{"type":"Feature","properties":{"id":"p3734160","name":"Jackson Springs"},"geometry":{"type":"Polygon","coordinates":[[[-79.6446,35.2195],[-79.6465,35.217],[-79.643,35.2086],[-79.632,35.2026],[-79.6208,35.203],[-79.6195,35.2093],[-79.6153,35.2139],[-79.6154,35.2191],[-79.6235,35.2235],[-79.6276,35.2177],[-79.6349,35.2178],[-79.6415,35.2223],[-79.6446,35.2195]]]}},{"type":"Feature","properties":{"id":"p3738420","name":"Linville"},"geometry":{"type":"Polygon","coordinates":[[[-81.8847,36.0755],[-81.8817,36.0718],[-81.8808,36.0556],[-81.8756,36.0526],[-81.8674,36.056],[-81.8613,36.0626],[-81.8612,36.0814],[-81.8776,36.0751],[-81.8847,36.0755]]]}},{"type":"Feature","properties":{"id":"p3739060","name":"Long Creek"},"geometry":{"type":"Polygon","coordinates":[[[-78.0311,34.4363],[-78.0294,34.4273],[-78.0201,34.425],[-78.0162,34.4308],[-78.0088,34.4298],[-78.0006,34.4412],[-78.001,34.4488],[-78.0067,34.4508],[-78.0242,34.4469],[-78.0267,34.4384],[-78.0311,34.4363]]]}},{"type":"Feature","properties":{"id":"p3746650","name":"New Hope"},"geometry":{"type":"Polygon","coordinates":[[[-77.8934,35.389],[-77.8999,35.388],[-77.9019,35.3806],[-77.909,35.3783],[-77.9135,35.3722],[-77.8927,35.3641],[-77.892,35.3642],[-77.8899,35.3652],[-77.8886,35.366],[-77.8773,35.37],[-77.8789,35.3745],[-77.8699,35.3803],[-77.879,35.388],[-77.8934,35.389]]]}},{"type":"Feature","properties":{"id":"p3728400","name":"Grover"},"geometry":{"type":"Polygon","coordinates":[[[-81.4661,35.173],[-81.4669,35.1689],[-81.4389,35.1678],[-81.4422,35.1737],[-81.4547,35.1794],[-81.4661,35.173]]]}},{"type":"Feature","properties":{"id":"p3761200","name":"Shelby"},"geometry":{"type":"MultiPolygon","coordinates":[[[[-81.5061,35.2623],[-81.5053,35.2551],[-81.4927,35.2522],[-81.4921,35.2564],[-81.5061,35.2623]]],[[[-81.5454,35.3158],[-81.5584,35.3068],[-81.5703,35.3051],[-81.5757,35.3068],[-81.5747,35.3141],[-81.5853,35.3201],[-81.599,35.3071],[-81.5969,35.2981],[-81.6058,35.295],[-81.6073,35.2883],[-81.5914,35.2887],[-81.5859,35.2836],[-81.5779,35.283],[-81.5689,35.2779],[-81.573,35.2749],[-81.57,35.2683],[-81.5752,35.258],[-81.5602,35.2579],[-81.5497,35.2478],[-81.5467,35.2542],[-81.5514,35.259],[-81.5476,35.2641],[-81.54,35.2664],[-81.533,35.2602],[-81.5304,35.2656],[-81.5254,35.2649],[-81.517,35.2718],[-81.5032,35.2719],[-81.5004,35.2696],[-81.4907,35.2694],[-81.4848,35.2662],[-81.4677,35.2603],[-81.4673,35.2649],[-81.4737,35.2697],[-81.4743,35.2775],[-81.4887,35.2786],[-81.491,35.2862],[-81.4896,35.2932],[-81.5013,35.3051],[-81.5049,35.3118],[-81.5158,35.3213],[-81.53,35.3174],[-81.5297,35.3251],[-81.5356,35.3251],[-81.5388,35.3177],[-81.5454,35.3158]]],[[[-81.6117,35.2491],[-81.6094,35.2475],[-81.594,35.2537],[-81.6004,35.2579],[-81.6048,35.2568],[-81.6117,35.2491]]],[[[-81.6178,35.3042],[-81.6169,35.3015],[-81.6059,35.3013],[-81.6061,35.3088],[-81.6178,35.3042]]],[[[-81.6357,35.3275],[-81.6353,35.3219],[-81.6289,35.3195],[-81.6216,35.3204],[-81.6161,35.3148],[-81.6042,35.316],[-81.5907,35.3153],[-81.593,35.3251],[-81.6064,35.3237],[-81.6102,35.3186],[-81.6269,35.3257],[-81.6289,35.3304],[-81.6357,35.3275]]]]}},{"type":"Feature","properties":{"id":"p3736511","name":"Lake Norman of Iredell"},"geometry":{"type":"Polygon","coordinates":[[[-80.9555,35.5325],[-80.9577,35.5237],[-80.9565,35.5139],[-80.9635,35.506],[-80.9621,35.4987],[-80.9579,35.4946],[-80.9487,35.4917],[-80.9454,35.4897],[-80.9182,35.5074],[-80.905,35.5197],[-80.896,35.5328],[-80.8867,35.5484],[-80.8928,35.5598],[-80.8995,35.5601],[-80.9025,35.5682],[-80.9015,35.5743],[-80.9002,35.5744],[-80.9053,35.5833],[-80.8989,35.5873],[-80.8921,35.5847],[-80.8984,35.5878],[-80.9087,35.5864],[-80.9336,35.5909],[-80.937,35.5875],[-80.9455,35.5853],[-80.9513,35.5813],[-80.9557,35.5738],[-80.9566,35.5639],[-80.9535,35.5543],[-80.96,35.547],[-80.9408,35.5315],[-80.9448,35.526],[-80.9555,35.5325]]]}},{"type":"Feature","properties":{"id":"p3731490","name":"Hightsville"},"geometry":{"type":"Polygon","coordinates":[[[-77.9495,34.2739],[-77.9472,34.2663],[-77.9378,34.258],[-77.9377,34.2548],[-77.9268,34.2557],[-77.9203,34.2644],[-77.9264,34.2733],[-77.9384,34.278],[-77.9435,34.2729],[-77.9495,34.2739]]]}},{"type":"Feature","properties":{"id":"p3745720","name":"Murraysville"},"geometry":{"type":"Polygon","coordinates":[[[-77.8718,34.3186],[-77.8686,34.3071],[-77.8616,34.2946],[-77.8714,34.2892],[-77.8673,34.2771],[-77.8533,34.2741],[-77.8421,34.2687],[-77.8415,34.2684],[-77.8315,34.2635],[-77.8259,34.2655],[-77.8207,34.2705],[-77.8189,34.2724],[-77.8123,34.28],[-77.8183,34.2901],[-77.8189,34.3036],[-77.8281,34.3043],[-77.8268,34.3113],[-77.8381,34.3132],[-77.8494,34.3171],[-77.8614,34.319],[-77.8718,34.3186]]]}},{"type":"Feature","properties":{"id":"p3761950","name":"Silver Lake"},"geometry":{"type":"Polygon","coordinates":[[[-77.9111,34.158],[-77.9201,34.155],[-77.9208,34.1398],[-77.9138,34.1347],[-77.9162,34.1292],[-77.9139,34.1239],[-77.8996,34.1261],[-77.8937,34.1401],[-77.9005,34.1471],[-77.9023,34.1489],[-77.9111,34.158]]]}},{"type":"Feature","properties":{"id":"p3762190","name":"Skippers Corner"},"geometry":{"type":"Polygon","coordinates":[[[-77.9209,34.3517],[-77.9252,34.3444],[-77.9572,34.3218],[-77.9537,34.3151],[-77.9463,34.3142],[-77.9375,34.3189],[-77.9311,34.319],[-77.9135,34.315],[-77.9,34.31],[-77.8943,34.3167],[-77.8834,34.3227],[-77.8761,34.3337],[-77.8785,34.339],[-77.8876,34.3411],[-77.8952,34.3392],[-77.911,34.3483],[-77.9209,34.3517]]]}},{"type":"Feature","properties":{"id":"p3724740","name":"Franklinville"},"geometry":{"type":"MultiPolygon","coordinates":[[[[-79.6907,35.7318],[-79.6844,35.7289],[-79.6773,35.7342],[-79.6817,35.7347],[-79.6843,35.7362],[-79.6907,35.7318]]],[[[-79.6796,35.7499],[-79.6856,35.7536],[-79.6982,35.7534],[-79.7071,35.7485],[-79.6994,35.7404],[-79.6882,35.7397],[-79.682,35.7352],[-79.6751,35.7351],[-79.6784,35.7396],[-79.6785,35.7399],[-79.6801,35.743],[-79.6796,35.7499]]]]}},{"type":"Feature","properties":{"id":"p3700500","name":"Ahoskie"},"geometry":{"type":"MultiPolygon","coordinates":[[[[-77.0104,36.2987],[-77.002,36.2963],[-77.0042,36.2875],[-76.9993,36.2798],[-76.9866,36.2764],[-76.9661,36.2651],[-76.9618,36.2708],[-76.9735,36.2789],[-76.9756,36.2881],[-76.9577,36.2933],[-76.9596,36.2995],[-76.9692,36.2953],[-76.9867,36.2993],[-77.0104,36.2987]]],[[[-77.0223,36.2673],[-77.0187,36.2598],[-77.0044,36.265],[-77.0039,36.2698],[-77.0118,36.2727],[-77.0223,36.2673]]]]}},{"type":"Feature","properties":{"id":"p3735340","name":"Keener"},"geometry":{"type":"Polygon","coordinates":[[[-78.3406,35.1307],[-78.3334,35.1248],[-78.3314,35.1182],[-78.3367,35.1099],[-78.3356,35.1035],[-78.3397,35.0972],[-78.323,35.0899],[-78.3231,35.0859],[-78.3106,35.088],[-78.3033,35.0875],[-78.2978,35.0805],[-78.2819,35.081],[-78.279,35.1176],[-78.293,35.1234],[-78.2979,35.1322],[-78.296,35.1344],[-78.308,35.1522],[-78.3132,35.1455],[-78.3253,35.1411],[-78.3372,35.1435],[-78.3406,35.1307]]]}},{"type":"Feature","properties":{"id":"p3745560","name":"Mulberry"},"geometry":{"type":"Polygon","coordinates":[[[-81.1375,36.2081],[-81.1335,36.2103],[-81.1315,36.2178],[-81.1386,36.218],[-81.1486,36.2285],[-81.1538,36.2372],[-81.1643,36.243],[-81.1681,36.2471],[-81.1878,36.2436],[-81.1872,36.2373],[-81.1816,36.2289],[-81.1908,36.2213],[-81.1857,36.2136],[-81.1746,36.2075],[-81.1636,36.2152],[-81.1437,36.2107],[-81.1375,36.2081]]]}},{"type":"Feature","properties":{"id":"p3701380","name":"Andrews"},"geometry":{"type":"Polygon","coordinates":[[[-83.8479,35.1977],[-83.8446,35.1993],[-83.8368,35.1936],[-83.8236,35.1923],[-83.8113,35.197],[-83.811,35.2037],[-83.8159,35.2066],[-83.8346,35.2058],[-83.8479,35.1977]]]}},{"type":"Feature","properties":{"id":"p3745660","name":"Murphy"},"geometry":{"type":"Polygon","coordinates":[[[-84.0436,35.0965],[-84.0425,35.0806],[-84.0385,35.0767],[-84.0246,35.0743],[-84.0256,35.0786],[-84.0212,35.0937],[-84.0131,35.1023],[-84.0047,35.1044],[-84.0024,35.1077],[-84.0051,35.114],[-84.0136,35.1103],[-84.0231,35.1023],[-84.0426,35.099],[-84.0436,35.0965]]]}},{"type":"Feature","properties":{"id":"p3717180","name":"Dillsboro"},"geometry":{"type":"Polygon","coordinates":[[[-83.2447,35.373],[-83.2534,35.3748],[-83.2577,35.3679],[-83.2445,35.3667],[-83.2445,35.3671],[-83.244,35.3694],[-83.2447,35.373]]]}},{"type":"Feature","properties":{"id":"p3736514","name":"Lake Santeetlah"},"geometry":{"type":"Polygon","coordinates":[[[-83.8719,35.3619],[-83.8622,35.3621],[-83.8628,35.3657],[-83.8697,35.365],[-83.8719,35.3619]]]}},{"type":"Feature","properties":{"id":"p3735440","name":"Kelly"},"geometry":{"type":"Polygon","coordinates":[[[-78.359,34.4873],[-78.3608,34.4839],[-78.3558,34.4761],[-78.3479,34.4762],[-78.3403,34.4607],[-78.3365,34.4619],[-78.3257,34.453],[-78.3175,34.4508],[-78.3006,34.4398],[-78.2962,34.4389],[-78.2805,34.4285],[-78.2641,34.422],[-78.2757,34.4522],[-78.2825,34.4739],[-78.2972,34.48],[-78.3091,34.4804],[-78.3435,34.4954],[-78.3577,34.497],[-78.359,34.4873]]]}},{"type":"Feature","properties":{"id":"p3721120","name":"Elrod"},"geometry":{"type":"Polygon","coordinates":[[[-79.2535,34.6181],[-79.2446,34.6101],[-79.2366,34.5881],[-79.2364,34.5843],[-79.2274,34.5816],[-79.2161,34.5754],[-79.2203,34.5951],[-79.2188,34.5977],[-79.2055,34.6028],[-79.2159,34.617],[-79.2292,34.6238],[-79.2345,34.6303],[-79.2462,34.6343],[-79.2488,34.6319],[-79.2535,34.6181]]]}},{"type":"Feature","properties":{"id":"p3753950","name":"Prospect"},"geometry":{"type":"Polygon","coordinates":[[[-79.24,34.7574],[-79.243,34.7523],[-79.2353,34.7414],[-79.2388,34.7388],[-79.236,34.7333],[-79.2334,34.7185],[-79.2288,34.7196],[-79.2243,34.7125],[-79.2164,34.7108],[-79.2111,34.729],[-79.2138,34.7522],[-79.24,34.7574]]]}},{"type":"Feature","properties":{"id":"p3754600","name":"Raemon"},"geometry":{"type":"Polygon","coordinates":[[[-79.368,34.6428],[-79.368,34.6362],[-79.364,34.6288],[-79.3591,34.6246],[-79.3605,34.6161],[-79.3534,34.6157],[-79.3532,34.5978],[-79.3453,34.5966],[-79.3406,34.6019],[-79.33,34.6025],[-79.3347,34.6237],[-79.3512,34.6484],[-79.364,34.6459],[-79.368,34.6428]]]}},{"type":"Feature","properties":{"id":"p3706980","name":"Bonnetsville"},"geometry":{"type":"Polygon","coordinates":[[[-78.4106,35.0121],[-78.4081,35.0059],[-78.4094,35.0007],[-78.4082,34.9891],[-78.4025,34.9796],[-78.3949,34.9759],[-78.3928,34.9856],[-78.3877,34.9857],[-78.387,34.9926],[-78.3788,34.994],[-78.3773,35.0006],[-78.3829,35.0073],[-78.4037,35.0212],[-78.4106,35.0121]]]}},{"type":"Feature","properties":{"id":"p3716860","name":"Delway"},"geometry":{"type":"Polygon","coordinates":[[[-78.2418,34.8347],[-78.2396,34.8266],[-78.2411,34.8101],[-78.2371,34.8004],[-78.2378,34.7939],[-78.2351,34.7824],[-78.2227,34.7836],[-78.2185,34.7895],[-78.2125,34.7923],[-78.2081,34.7702],[-78.1997,34.7947],[-78.1851,34.7854],[-78.1802,34.8013],[-78.2037,34.8227],[-78.2069,34.8306],[-78.215,34.8341],[-78.228,34.8471],[-78.2418,34.8451],[-78.2418,34.8347]]]}},{"type":"Feature","properties":{"id":"p3733640","name":"Ingold"},"geometry":{"type":"Polygon","coordinates":[[[-78.367,34.8343],[-78.3596,34.8262],[-78.3637,34.8089],[-78.3553,34.806],[-78.3521,34.8021],[-78.3337,34.8186],[-78.3348,34.8305],[-78.3379,34.8374],[-78.3374,34.8523],[-78.3493,34.8528],[-78.3444,34.8633],[-78.3565,34.8597],[-78.3583,34.8525],[-78.364,34.8464],[-78.3631,34.8376],[-78.367,34.8343]]]}},{"type":"Feature","properties":{"id":"p3733940","name":"Ivanhoe"},"geometry":{"type":"Polygon","coordinates":[[[-78.2697,34.584],[-78.2663,34.584],[-78.2603,34.571],[-78.2517,34.562],[-78.2601,34.5566],[-78.2544,34.5536],[-78.2136,34.6059],[-78.2411,34.6028],[-78.2421,34.6096],[-78.247,34.6152],[-78.2517,34.6111],[-78.2462,34.6054],[-78.2565,34.6004],[-78.2567,34.5903],[-78.2667,34.5894],[-78.2697,34.584]]]}},{"type":"Feature","properties":{"id":"p3752685","name":"Plain View"},"geometry":{"type":"Polygon","coordinates":[[[-78.619,35.2341],[-78.6171,35.2283],[-78.6098,35.2303],[-78.5871,35.2269],[-78.5808,35.228],[-78.5718,35.2257],[-78.551,35.212],[-78.5432,35.2146],[-78.5383,35.2255],[-78.5389,35.2345],[-78.5273,35.2312],[-78.5144,35.221],[-78.5088,35.2273],[-78.5075,35.2339],[-78.5093,35.2466],[-78.5314,35.2579],[-78.5384,35.2665],[-78.5549,35.2711],[-78.565,35.2804],[-78.5715,35.2776],[-78.5798,35.2773],[-78.5995,35.264],[-78.5998,35.2587],[-78.6089,35.2541],[-78.6171,35.2457],[-78.6156,35.2378],[-78.619,35.2341]]]}},{"type":"Feature","properties":{"id":"p3708760","name":"Buies Creek"},"geometry":{"type":"Polygon","coordinates":[[[-78.7643,35.3926],[-78.754,35.3824],[-78.7503,35.3969],[-78.7365,35.3989],[-78.7324,35.4014],[-78.7278,35.4121],[-78.7218,35.4163],[-78.718,35.4223],[-78.7231,35.4295],[-78.7334,35.429],[-78.746,35.4135],[-78.747,35.4069],[-78.7607,35.4069],[-78.7572,35.3967],[-78.7643,35.3926]]]}},{"type":"Feature","properties":{"id":"p3723520","name":"Five Points"},"geometry":{"type":"Polygon","coordinates":[[[-79.3875,35.0177],[-79.3829,35.0129],[-79.3853,35.0083],[-79.3841,34.996],[-79.3773,35.0016],[-79.3699,34.9947],[-79.36,34.9943],[-79.3527,34.9969],[-79.343,34.9905],[-79.338,35.0075],[-79.3297,35.0098],[-79.3089,35.0089],[-79.313,35.0168],[-79.3353,35.0424],[-79.3451,35.0313],[-79.3521,35.0338],[-79.3569,35.0303],[-79.3681,35.0285],[-79.3704,35.0309],[-79.3875,35.0177]]]}},{"type":"Feature","properties":{"id":"p3771760","name":"Welcome"},"geometry":{"type":"Polygon","coordinates":[[[-80.2957,35.913],[-80.2848,35.9089],[-80.2761,35.9122],[-80.2741,35.907],[-80.2665,35.9039],[-80.2801,35.894],[-80.2788,35.886],[-80.2682,35.8843],[-80.2622,35.8855],[-80.2589,35.8796],[-80.2488,35.8761],[-80.2481,35.8734],[-80.2344,35.8769],[-80.2313,35.8802],[-80.2317,35.8894],[-80.229,35.8981],[-80.2346,35.9112],[-80.2454,35.9209],[-80.2384,35.9339],[-80.2383,35.9379],[-80.2475,35.9435],[-80.256,35.9412],[-80.264,35.9288],[-80.2763,35.9273],[-80.2854,35.9149],[-80.2957,35.913]]]}},{"type":"Feature","properties":{"id":"p3741580","name":"Marshall"},"geometry":{"type":"Polygon","coordinates":[[[-82.7113,35.7925],[-82.7119,35.7907],[-82.6666,35.7831],[-82.6581,35.7849],[-82.6789,35.8139],[-82.6912,35.8112],[-82.6969,35.8077],[-82.7113,35.7925]]]}},{"type":"Feature","properties":{"id":"p3741620","name":"Mars Hill"},"geometry":{"type":"Polygon","coordinates":[[[-82.5636,35.8392],[-82.5598,35.8362],[-82.5621,35.8231],[-82.5529,35.8199],[-82.5507,35.809],[-82.5438,35.81],[-82.5456,35.8208],[-82.5418,35.8251],[-82.5424,35.8301],[-82.5357,35.8338],[-82.5391,35.8415],[-82.5463,35.8333],[-82.5522,35.834],[-82.5513,35.844],[-82.5599,35.843],[-82.5636,35.8392]]]}},{"type":"Feature","properties":{"id":"p3716400","name":"Davidson"},"geometry":{"type":"Polygon","coordinates":[[[-80.7731,35.4586],[-80.7795,35.461],[-80.7807,35.4673],[-80.7872,35.4771],[-80.7927,35.4765],[-80.7963,35.4695],[-80.8027,35.468],[-80.8053,35.475],[-80.8139,35.4773],[-80.8136,35.481],[-80.8258,35.4836],[-80.8214,35.4928],[-80.8271,35.4937],[-80.8283,35.4986],[-80.8382,35.4983],[-80.8339,35.5084],[-80.8393,35.5099],[-80.8402,35.5169],[-80.854,35.5136],[-80.8559,35.5112],[-80.8659,35.5119],[-80.8708,35.5084],[-80.8718,35.5011],[-80.8657,35.5002],[-80.8583,35.4948],[-80.845,35.4856],[-80.8305,35.4844],[-80.8324,35.479],[-80.829,35.472],[-80.8213,35.4707],[-80.8161,35.4737],[-80.8105,35.4725],[-80.8176,35.4574],[-80.798,35.4592],[-80.7916,35.4665],[-80.7932,35.4493],[-80.7898,35.4482],[-80.7838,35.4481],[-80.7825,35.4531],[-80.7708,35.4533],[-80.7731,35.4586]]]}},{"type":"Feature","properties":{"id":"p3729640","name":"Harmony"},"geometry":{"type":"Polygon","coordinates":[[[-80.787,35.9607],[-80.7796,35.9528],[-80.7786,35.9482],[-80.7708,35.9475],[-80.7632,35.9516],[-80.7655,35.9554],[-80.7656,35.9704],[-80.7798,35.9699],[-80.7793,35.9605],[-80.787,35.9607]]]}},{"type":"Feature","properties":{"id":"p3734320","name":"Jamesville"},"geometry":{"type":"Polygon","coordinates":[[[-76.9146,35.8162],[-76.9143,35.8132],[-76.9043,35.8082],[-76.9011,35.8012],[-76.8932,35.7995],[-76.8924,35.8055],[-76.8826,35.8119],[-76.8955,35.8132],[-76.893,35.8187],[-76.9041,35.8241],[-76.911,35.8238],[-76.9146,35.8162]]]}},{"type":"Feature","properties":{"id":"p3757100","name":"Robersonville"},"geometry":{"type":"Polygon","coordinates":[[[-77.268,35.8237],[-77.259,35.8203],[-77.2555,35.814],[-77.2446,35.8164],[-77.2457,35.8295],[-77.2495,35.8349],[-77.2564,35.83],[-77.2658,35.8285],[-77.268,35.8237]]]}},{"type":"Feature","properties":{"id":"p3774220","name":"Williamston"},"geometry":{"type":"Polygon","coordinates":[[[-77.1073,35.8395],[-77.1072,35.8373],[-77.0904,35.8373],[-77.0757,35.8396],[-77.07,35.8338],[-77.0786,35.8316],[-77.0759,35.825],[-77.0653,35.8235],[-77.0609,35.8376],[-77.0529,35.841],[-77.0349,35.8574],[-77.0478,35.8635],[-77.0503,35.8666],[-77.0676,35.8635],[-77.0725,35.8496],[-77.077,35.8474],[-77.1034,35.8439],[-77.1073,35.8395]]]}},{"type":"Feature","properties":{"id":"p3774760","name":"Wingate"},"geometry":{"type":"MultiPolygon","coordinates":[[[[-80.4288,35.002],[-80.4222,34.9967],[-80.4177,35.0021],[-80.4288,35.002]]],[[[-80.4777,34.9884],[-80.4709,34.984],[-80.4604,34.9837],[-80.4621,34.9769],[-80.4538,34.973],[-80.4478,34.9772],[-80.4398,34.9773],[-80.4396,34.9836],[-80.4341,34.9888],[-80.4405,34.997],[-80.4525,34.9962],[-80.4539,34.9919],[-80.4651,34.9924],[-80.4708,34.9882],[-80.4777,34.9884]]]]}},{"type":"Feature","properties":{"id":"p3707748","name":"Briar Chapel"},"geometry":{"type":"Polygon","coordinates":[[[-79.1349,35.8254],[-79.1301,35.817],[-79.1154,35.8159],[-79.1046,35.8113],[-79.1018,35.8149],[-79.1029,35.8243],[-79.1015,35.831],[-79.1171,35.8326],[-79.1201,35.8353],[-79.1297,35.836],[-79.1298,35.8297],[-79.1349,35.8254]]]}},{"type":"Feature","properties":{"id":"p3726560","name":"Glenwood"},"geometry":{"type":"Polygon","coordinates":[[[-81.9971,35.6202],[-81.9939,35.6149],[-81.9956,35.6099],[-81.992,35.6056],[-81.9766,35.6112],[-81.9706,35.6094],[-81.9674,35.6148],[-81.9727,35.6225],[-81.9845,35.6257],[-81.988,35.6214],[-81.9971,35.6202]]]}},{"type":"Feature","properties":{"id":"p3727300","name":"Graingers"},"geometry":{"type":"Polygon","coordinates":[[[-77.5261,35.3115],[-77.5248,35.3052],[-77.5183,35.3009],[-77.5042,35.3163],[-77.4951,35.3196],[-77.4822,35.3145],[-77.4901,35.3258],[-77.5153,35.3199],[-77.5261,35.3115]]]}},{"type":"Feature","properties":{"id":"p3722500","name":"Fairview"},"geometry":{"type":"Polygon","coordinates":[[[-80.5279,35.1969],[-80.5503,35.2084],[-80.5794,35.185],[-80.5776,35.1796],[-80.5788,35.1614],[-80.5826,35.1545],[-80.5868,35.1324],[-80.5865,35.1286],[-80.5773,35.1251],[-80.5768,35.1126],[-80.5547,35.1078],[-80.5366,35.1041],[-80.5374,35.1103],[-80.5115,35.1214],[-80.5125,35.1263],[-80.506,35.1322],[-80.4926,35.1283],[-80.4797,35.1275],[-80.4812,35.1405],[-80.473,35.1521],[-80.4742,35.167],[-80.4775,35.1782],[-80.4811,35.1801],[-80.4884,35.1755],[-80.5009,35.1806],[-80.505,35.185],[-80.5202,35.1929],[-80.5215,35.1936],[-80.5246,35.1952],[-80.5279,35.1969]]]}},{"type":"Feature","properties":{"id":"p3730620","name":"Hemby Bridge"},"geometry":{"type":"MultiPolygon","coordinates":[[[[-80.6095,35.1119],[-80.6133,35.1093],[-80.609,35.1056],[-80.6111,35.1014],[-80.6021,35.101],[-80.6045,35.1094],[-80.6095,35.1119]]],[[[-80.623,35.0899],[-80.6265,35.0866],[-80.6235,35.085],[-80.623,35.0899]]],[[[-80.6386,35.119],[-80.6457,35.1197],[-80.6475,35.1128],[-80.6374,35.1078],[-80.6326,35.103],[-80.6374,35.0992],[-80.6379,35.0986],[-80.6385,35.0981],[-80.6402,35.0968],[-80.642,35.0914],[-80.6282,35.0883],[-80.6165,35.0962],[-80.6222,35.1004],[-80.6254,35.1063],[-80.6186,35.1129],[-80.6146,35.117],[-80.6084,35.1156],[-80.6021,35.1212],[-80.6005,35.1267],[-80.6039,35.1298],[-80.6041,35.1263],[-80.6194,35.1171],[-80.6325,35.105],[-80.6404,35.1159],[-80.6386,35.119]]]]}},{"type":"Feature","properties":{"id":"p3741640","name":"Marshville"},"geometry":{"type":"Polygon","coordinates":[[[-80.3954,34.9862],[-80.3863,34.9838],[-80.376,34.9759],[-80.3588,34.9773],[-80.3571,34.9846],[-80.351,34.9886],[-80.3558,34.9964],[-80.3779,34.9948],[-80.3856,34.9868],[-80.3954,34.9862]]]}},{"type":"Feature","properties":{"id":"p3743360","name":"Mineral Springs"},"geometry":{"type":"Polygon","coordinates":[[[-80.7298,34.9423],[-80.7276,34.9357],[-80.7091,34.9313],[-80.7071,34.9264],[-80.6962,34.927],[-80.6967,34.9206],[-80.6897,34.9203],[-80.675,34.9241],[-80.6699,34.9276],[-80.6605,34.9266],[-80.655,34.9303],[-80.644,34.931],[-80.6391,34.9402],[-80.6453,34.9489],[-80.661,34.9437],[-80.661,34.9507],[-80.6677,34.9553],[-80.6815,34.9565],[-80.6852,34.9546],[-80.6958,34.9568],[-80.6944,34.9647],[-80.7115,34.9563],[-80.7223,34.9437],[-80.7247,34.9438],[-80.7298,34.9423]],[[-80.7177,34.9354],[-80.7173,34.9385],[-80.7062,34.938],[-80.708,34.933],[-80.7177,34.9354]]]}},{"type":"Feature","properties":{"id":"p3769260","name":"Unionville"},"geometry":{"type":"Polygon","coordinates":[[[-80.5744,35.0688],[-80.555,35.0677],[-80.551,35.06],[-80.5629,35.0592],[-80.5746,35.0604],[-80.5751,35.0499],[-80.5699,35.0444],[-80.565,35.0408],[-80.5554,35.0364],[-80.5447,35.0414],[-80.5434,35.0374],[-80.5344,35.0268],[-80.5196,35.0309],[-80.5086,35.0318],[-80.5064,35.0281],[-80.4962,35.0291],[-80.4862,35.0321],[-80.491,35.0434],[-80.4822,35.0404],[-80.4805,35.0365],[-80.4755,35.0318],[-80.4889,35.0279],[-80.485,35.0235],[-80.4852,35.0168],[-80.4734,35.0198],[-80.4707,35.0237],[-80.4718,35.0322],[-80.4685,35.0386],[-80.479,35.058],[-80.4871,35.059],[-80.4774,35.0751],[-80.463,35.0856],[-80.4541,35.0974],[-80.4593,35.1016],[-80.4687,35.1014],[-80.4727,35.0969],[-80.4787,35.0981],[-80.4826,35.1029],[-80.4906,35.104],[-80.488,35.1134],[-80.4882,35.1208],[-80.5115,35.1214],[-80.5374,35.1103],[-80.5366,35.1041],[-80.5547,35.1078],[-80.561,35.0956],[-80.5669,35.0889],[-80.5662,35.0851],[-80.5643,35.0799],[-80.5693,35.0779],[-80.577,35.073],[-80.5752,35.0718],[-80.5716,35.0712],[-80.5652,35.077],[-80.5615,35.0765],[-80.5601,35.0737],[-80.5744,35.0688]]]}},{"type":"Feature","properties":{"id":"p3707080","name":"Boone"},"geometry":{"type":"Polygon","coordinates":[[[-81.7065,36.2093],[-81.7047,36.206],[-81.6953,36.2045],[-81.6736,36.1981],[-81.6728,36.1956],[-81.6494,36.1937],[-81.6422,36.1909],[-81.6333,36.1919],[-81.6435,36.1986],[-81.6409,36.2074],[-81.6436,36.215],[-81.6359,36.2231],[-81.6453,36.2266],[-81.6541,36.2252],[-81.6631,36.2261],[-81.6665,36.2302],[-81.6828,36.2256],[-81.6956,36.2255],[-81.6947,36.2068],[-81.7065,36.2093]]]}},{"type":"Feature","properties":{"id":"p3740540","name":"Macon"},"geometry":{"type":"Polygon","coordinates":[[[-78.0894,36.446],[-78.0878,36.4346],[-78.0773,36.4367],[-78.0766,36.4449],[-78.0894,36.446]]]}},{"type":"Feature","properties":{"id":"p3723600","name":"Flat Rock"},"geometry":{"type":"Polygon","coordinates":[[[-82.4387,35.295],[-82.4388,35.2917],[-82.447,35.2839],[-82.4525,35.2902],[-82.4626,35.2975],[-82.4681,35.2784],[-82.4775,35.2745],[-82.4813,35.2782],[-82.4986,35.2736],[-82.49,35.2654],[-82.4825,35.2633],[-82.4753,35.2641],[-82.4638,35.2623],[-82.4649,35.2494],[-82.4548,35.2423],[-82.4397,35.2443],[-82.4346,35.2521],[-82.4225,35.2479],[-82.4198,35.2564],[-82.4231,35.2648],[-82.4317,35.2761],[-82.4262,35.2809],[-82.4336,35.2867],[-82.4348,35.2925],[-82.4387,35.295]]]}},{"type":"Feature","properties":{"id":"p3736500","name":"Lake Lure"},"geometry":{"type":"Polygon","coordinates":[[[-82.2564,35.4352],[-82.2602,35.4327],[-82.2522,35.4264],[-82.2542,35.4224],[-82.244,35.4157],[-82.2452,35.4119],[-82.2407,35.4027],[-82.2357,35.4118],[-82.2324,35.4102],[-82.2212,35.4173],[-82.227,35.4203],[-82.2216,35.4248],[-82.2135,35.4241],[-82.2087,35.4153],[-82.1992,35.4133],[-82.1999,35.4075],[-82.1892,35.4026],[-82.1885,35.412],[-82.1828,35.42],[-82.1754,35.4224],[-82.1786,35.4354],[-82.1688,35.4334],[-82.1682,35.4405],[-82.173,35.4447],[-82.1668,35.4488],[-82.1577,35.4502],[-82.1716,35.4591],[-82.1777,35.4492],[-82.1815,35.4574],[-82.1807,35.4721],[-82.1862,35.4727],[-82.1814,35.4886],[-82.1868,35.4892],[-82.1883,35.478],[-82.2144,35.4779],[-82.2076,35.4733],[-82.2125,35.4703],[-82.2171,35.4628],[-82.2075,35.459],[-82.2058,35.4504],[-82.2132,35.4492],[-82.2277,35.4549],[-82.2283,35.4585],[-82.2381,35.4566],[-82.2438,35.4525],[-82.2359,35.4464],[-82.2363,35.4366],[-82.2419,35.4336],[-82.243,35.4346],[-82.244,35.436],[-82.2483,35.4331],[-82.2547,35.435],[-82.2564,35.4352]]]}},{"type":"Feature","properties":{"id":"p3763880","name":"Spindale"},"geometry":{"type":"Polygon","coordinates":[[[-81.9426,35.3612],[-81.947,35.3463],[-81.9367,35.3483],[-81.9217,35.3411],[-81.923,35.3356],[-81.9197,35.3279],[-81.9159,35.3288],[-81.9151,35.3378],[-81.909,35.3403],[-81.9048,35.3447],[-81.9067,35.3504],[-81.9052,35.367],[-81.9018,35.3692],[-81.9069,35.3781],[-81.9174,35.3798],[-81.9238,35.3838],[-81.9325,35.374],[-81.9414,35.3747],[-81.9426,35.3612]]]}},{"type":"Feature","properties":{"id":"p3712000","name":"Charlotte"},"geometry":{"type":"MultiPolygon","coordinates":[[[[-80.6759,35.2948],[-80.6802,35.2932],[-80.6725,35.2846],[-80.6759,35.2948]]],[[[-80.9938,35.1972],[-80.9956,35.1935],[-80.9799,35.19],[-80.9804,35.1945],[-80.9888,35.1944],[-80.9938,35.1972]]],[[[-80.9526,35.1627],[-80.9604,35.1647],[-80.9697,35.172],[-80.9764,35.1663],[-80.9823,35.1649],[-80.989,35.1685],[-80.9965,35.1694],[-80.9998,35.1627],[-81.0095,35.1513],[-81.0033,35.1495],[-81.0016,35.1415],[-81.0049,35.1395],[-81.0072,35.13],[-81.0019,35.1231],[-81.0079,35.122],[-81.0045,35.1137],[-80.9967,35.1102],[-81.0076,35.1051],[-81.0043,35.0894],[-80.9957,35.0813],[-80.9901,35.0796],[-80.989,35.0748],[-80.9579,35.0926],[-80.9349,35.1074],[-80.9201,35.0914],[-80.9154,35.1057],[-80.9118,35.1095],[-80.9046,35.1077],[-80.8993,35.1031],[-80.8923,35.1056],[-80.881,35.1013],[-80.8764,35.0962],[-80.8685,35.0955],[-80.8597,35.0973],[-80.8539,35.0898],[-80.8575,35.0876],[-80.8706,35.0893],[-80.8697,35.0844],[-80.879,35.0722],[-80.8769,35.0629],[-80.8762,35.0589],[-80.8677,35.0495],[-80.8635,35.0405],[-80.8705,35.0368],[-80.8514,35.0145],[-80.8465,35.0221],[-80.8418,35.0245],[-80.8279,35.0105],[-80.821,35.0173],[-80.8112,35.0215],[-80.8045,35.0277],[-80.7798,35.0327],[-80.7732,35.0329],[-80.7676,35.0363],[-80.763,35.0515],[-80.7528,35.0475],[-80.7418,35.0559],[-80.7393,35.0633],[-80.7338,35.0622],[-80.7276,35.067],[-80.7255,35.0686],[-80.724,35.0698],[-80.718,35.0744],[-80.71,35.0807],[-80.7055,35.0842],[-80.7116,35.0857],[-80.7174,35.0821],[-80.7301,35.081],[-80.7346,35.0926],[-80.7326,35.1004],[-80.7418,35.1028],[-80.7462,35.0989],[-80.759,35.1014],[-80.7635,35.1057],[-80.7612,35.1105],[-80.7526,35.1146],[-80.7515,35.124],[-80.7435,35.1316],[-80.7293,35.1367],[-80.7279,35.142],[-80.7161,35.148],[-80.7203,35.1548],[-80.7176,35.162],[-80.7068,35.1733],[-80.7071,35.1772],[-80.7137,35.1832],[-80.7123,35.1838],[-80.7121,35.1836],[-80.7049,35.1932],[-80.6946,35.2006],[-80.6879,35.1991],[-80.6836,35.2053],[-80.6801,35.2071],[-80.6729,35.2043],[-80.6701,35.2084],[-80.6511,35.219],[-80.6546,35.2272],[-80.649,35.2273],[-80.6429,35.2226],[-80.6404,35.2231],[-80.6351,35.2257],[-80.6383,35.2362],[-80.65,35.2401],[-80.6552,35.2394],[-80.6632,35.2425],[-80.6552,35.2517],[-80.6689,35.263],[-80.6761,35.2658],[-80.6791,35.2581],[-80.6851,35.2649],[-80.6756,35.2739],[-80.6781,35.2872],[-80.6831,35.2959],[-80.6791,35.3004],[-80.681,35.31],[-80.6881,35.3047],[-80.7015,35.309],[-80.7097,35.3083],[-80.7121,35.3113],[-80.6934,35.3152],[-80.6845,35.3156],[-80.6854,35.3228],[-80.6864,35.3261],[-80.6872,35.3285],[-80.6895,35.3356],[-80.6974,35.339],[-80.698,35.3436],[-80.7035,35.3499],[-80.713,35.3532],[-80.7183,35.3477],[-80.7256,35.3316],[-80.7303,35.3374],[-80.7378,35.3399],[-80.7367,35.351],[-80.746,35.3622],[-80.7456,35.3699],[-80.7388,35.374],[-80.7426,35.3793],[-80.7514,35.389],[-80.7547,35.3939],[-80.7597,35.3975],[-80.7643,35.4002],[-80.7721,35.3949],[-80.7848,35.3864],[-80.7873,35.3841],[-80.7903,35.3818],[-80.7912,35.3816],[-80.7941,35.3807],[-80.8197,35.3639],[-80.8233,35.3493],[-80.8278,35.3518],[-80.8269,35.365],[-80.8381,35.3619],[-80.8362,35.3543],[-80.8453,35.3523],[-80.8484,35.3568],[-80.864,35.3615],[-80.8787,35.3507],[-80.8905,35.3459],[-80.8976,35.3467],[-80.9051,35.3447],[-80.9048,35.3393],[-80.8881,35.3407],[-80.8794,35.3306],[-80.8843,35.3265],[-80.8982,35.3264],[-80.8983,35.3235],[-80.8871,35.3177],[-80.8762,35.3094],[-80.8662,35.3054],[-80.8583,35.305],[-80.8555,35.3006],[-80.8585,35.2867],[-80.8619,35.2865],[-80.872,35.2926],[-80.8802,35.2869],[-80.8865,35.2899],[-80.8767,35.2958],[-80.8781,35.2986],[-80.8903,35.3026],[-80.8935,35.3073],[-80.9002,35.3081],[-80.9078,35.3013],[-80.916,35.3103],[-80.9224,35.3064],[-80.9365,35.319],[-80.9316,35.3227],[-80.9319,35.3352],[-80.9368,35.3407],[-80.9358,35.3449],[-80.9498,35.3502],[-80.9571,35.3488],[-80.9522,35.3429],[-80.9507,35.3345],[-80.9447,35.3347],[-80.9397,35.3311],[-80.9525,35.3208],[-80.9666,35.3416],[-80.982,35.3416],[-80.9847,35.3363],[-80.9759,35.3344],[-80.9692,35.3243],[-80.9713,35.3164],[-80.9789,35.3185],[-80.9934,35.3132],[-80.9764,35.2956],[-80.9642,35.2877],[-80.9712,35.28],[-80.9774,35.279],[-80.9756,35.2634],[-80.9676,35.259],[-80.9658,35.2494],[-80.9684,35.2459],[-80.9697,35.2236],[-80.9674,35.2067],[-80.9671,35.1906],[-80.971,35.1867],[-80.9866,35.1813],[-80.9875,35.1701],[-80.9806,35.1671],[-80.9765,35.1746],[-80.97,35.1754],[-80.9698,35.1836],[-80.9604,35.1879],[-80.9566,35.183],[-80.9591,35.1734],[-80.9395,35.1804],[-80.9409,35.1686],[-80.9337,35.1613],[-80.9526,35.1627]],[[-80.8799,35.3231],[-80.8755,35.3298],[-80.8774,35.3362],[-80.871,35.3404],[-80.8649,35.3302],[-80.8697,35.3208],[-80.8799,35.3231]],[[-80.8104,35.353],[-80.8079,35.3578],[-80.7996,35.3595],[-80.7925,35.3538],[-80.8025,35.3463],[-80.8104,35.353]],[[-80.7681,35.0546],[-80.7623,35.0605],[-80.759,35.0557],[-80.7681,35.0546]],[[-80.7151,35.2753],[-80.7124,35.2841],[-80.7075,35.2915],[-80.7005,35.2874],[-80.6992,35.2749],[-80.6918,35.2632],[-80.6944,35.2517],[-80.7017,35.2447],[-80.7092,35.2461],[-80.7081,35.2542],[-80.7022,35.2531],[-80.6967,35.2647],[-80.703,35.2682],[-80.7131,35.2707],[-80.7151,35.2753]]]]}},{"type":"Feature","properties":{"id":"p3752220","name":"Pineville"},"geometry":{"type":"Polygon","coordinates":[[[-80.9201,35.0914],[-80.8849,35.0535],[-80.8801,35.0631],[-80.8769,35.0629],[-80.879,35.0722],[-80.8697,35.0844],[-80.8706,35.0893],[-80.8575,35.0876],[-80.8539,35.0898],[-80.8597,35.0973],[-80.8685,35.0955],[-80.8764,35.0962],[-80.881,35.1013],[-80.8923,35.1056],[-80.8993,35.1031],[-80.9046,35.1077],[-80.9118,35.1095],[-80.9154,35.1057],[-80.9201,35.0914]]]}},{"type":"Feature","properties":{"id":"p3703500","name":"Banner Elk"},"geometry":{"type":"Polygon","coordinates":[[[-81.8877,36.1654],[-81.8863,36.1571],[-81.8738,36.1555],[-81.8676,36.1528],[-81.872,36.1484],[-81.8557,36.1476],[-81.8557,36.1622],[-81.8661,36.1709],[-81.8731,36.1681],[-81.881,36.1694],[-81.8877,36.1654]]]}},{"type":"Feature","properties":{"id":"p3727324","name":"Grandfather Village"},"geometry":{"type":"Polygon","coordinates":[[[-81.8428,36.1167],[-81.8547,36.1031],[-81.8566,36.0942],[-81.8645,36.0874],[-81.859,36.0822],[-81.8362,36.0987],[-81.8334,36.1069],[-81.8442,36.1109],[-81.8412,36.1154],[-81.8428,36.1167]]]}},{"type":"Feature","properties":{"id":"p3746740","name":"Newland"},"geometry":{"type":"Polygon","coordinates":[[[-81.939,36.097],[-81.9324,36.0967],[-81.9303,36.0913],[-81.9333,36.0853],[-81.9257,36.0783],[-81.9203,36.0785],[-81.92,36.0875],[-81.928,36.0942],[-81.9324,36.1009],[-81.939,36.097]]]}},{"type":"Feature","properties":{"id":"p3719320","name":"East Bend"},"geometry":{"type":"Polygon","coordinates":[[[-80.5215,36.222],[-80.5158,36.208],[-80.497,36.2127],[-80.5039,36.229],[-80.5215,36.222]]]}},{"type":"Feature","properties":{"id":"p3775960","name":"Yadkinville"},"geometry":{"type":"Polygon","coordinates":[[[-80.6799,36.136],[-80.6696,36.1289],[-80.6704,36.1197],[-80.6621,36.1185],[-80.6632,36.1144],[-80.6525,36.1109],[-80.6525,36.1239],[-80.6498,36.1289],[-80.6389,36.1297],[-80.6386,36.1365],[-80.646,36.1373],[-80.649,36.142],[-80.6581,36.1419],[-80.6608,36.1456],[-80.6722,36.1416],[-80.6799,36.136]]]}},{"type":"Feature","properties":{"id":"p3708420","name":"Brunswick"},"geometry":{"type":"Polygon","coordinates":[[[-78.715,34.3016],[-78.7158,34.3008],[-78.7115,34.2979],[-78.7043,34.2833],[-78.6975,34.2859],[-78.7086,34.2993],[-78.715,34.3016]]]}},{"type":"Feature","properties":{"id":"p3711640","name":"Chadbourn"},"geometry":{"type":"Polygon","coordinates":[[[-78.8388,34.3327],[-78.8388,34.3123],[-78.8141,34.3122],[-78.8141,34.3327],[-78.8245,34.3327],[-78.8239,34.3425],[-78.8288,34.3428],[-78.8388,34.3327]]]}},{"type":"Feature","properties":{"id":"p3759135","name":"Sandyfield"},"geometry":{"type":"Polygon","coordinates":[[[-78.3351,34.3676],[-78.3091,34.3572],[-78.2978,34.3719],[-78.2898,34.3691],[-78.2795,34.3721],[-78.2731,34.3834],[-78.2686,34.3946],[-78.292,34.3848],[-78.2854,34.381],[-78.2947,34.3779],[-78.3024,34.3809],[-78.3083,34.3785],[-78.3089,34.3783],[-78.3351,34.3676]]]}},{"type":"Feature","properties":{"id":"p3766520","name":"Tabor City"},"geometry":{"type":"MultiPolygon","coordinates":[[[[-78.8874,34.1604],[-78.8921,34.149],[-78.8745,34.1342],[-78.868,34.1342],[-78.8576,34.1543],[-78.8552,34.1572],[-78.8455,34.1603],[-78.8473,34.1667],[-78.8565,34.1644],[-78.8596,34.1586],[-78.8693,34.1623],[-78.8713,34.1655],[-78.8815,34.1677],[-78.8825,34.1613],[-78.8874,34.1604]]],[[[-78.9156,34.1885],[-78.9131,34.1843],[-78.906,34.1864],[-78.9092,34.1909],[-78.9156,34.1885]]]]}},{"type":"Feature","properties":{"id":"p3702460","name":"Atkinson"},"geometry":{"type":"Polygon","coordinates":[[[-78.1821,34.529],[-78.1711,34.5175],[-78.1575,34.5257],[-78.168,34.5375],[-78.1821,34.529]]]}},{"type":"Feature","properties":{"id":"p3768040","name":"Topsail Beach"},"geometry":{"type":"Polygon","coordinates":[[[-77.6032,34.4049],[-77.6469,34.3752],[-77.6732,34.36],[-77.6673,34.3546],[-77.6584,34.3511],[-77.6565,34.3478],[-77.6488,34.3484],[-77.6161,34.3756],[-77.5932,34.3928],[-77.6032,34.4049]]]}},{"type":"Feature","properties":{"id":"p3704950","name":"Belville"},"geometry":{"type":"Polygon","coordinates":[[[-77.9857,34.2337],[-77.9912,34.2328],[-78.0031,34.2269],[-78.0134,34.2252],[-78.0153,34.2201],[-78.0333,34.2192],[-78.0321,34.2141],[-78.0269,34.2121],[-78.0173,34.2164],[-77.9973,34.2284],[-77.9946,34.2241],[-77.9989,34.2199],[-77.9996,34.2197],[-78.0003,34.2168],[-77.9956,34.2101],[-77.983,34.21],[-77.9822,34.2073],[-77.9818,34.2061],[-77.9756,34.2072],[-77.9768,34.2192],[-77.9857,34.2337]]]}},{"type":"Feature","properties":{"id":"p3706760","name":"Boiling Spring Lakes"},"geometry":{"type":"Polygon","coordinates":[[[-78.0904,33.985],[-78.083,33.9845],[-78.0796,33.9812],[-78.0681,33.9857],[-78.068,33.9928],[-78.059,34.0015],[-78.0465,34.0022],[-78.0335,34.012],[-78.0258,34.0226],[-78.0311,34.0392],[-78.0298,34.0471],[-78.0248,34.0538],[-78.0317,34.08],[-78.0152,34.0835],[-78.0118,34.0889],[-78.02,34.0955],[-78.0269,34.0923],[-78.0341,34.0991],[-78.0391,34.0935],[-78.0502,34.0966],[-78.0417,34.0868],[-78.048,34.0697],[-78.0536,34.0664],[-78.0632,34.0667],[-78.0659,34.0622],[-78.073,34.0578],[-78.077,34.0521],[-78.0833,34.0508],[-78.0953,34.0568],[-78.0988,34.0548],[-78.1004,34.0463],[-78.1075,34.0506],[-78.1149,34.0469],[-78.1053,34.0399],[-78.1127,34.0336],[-78.1234,34.0327],[-78.1166,34.0267],[-78.1284,34.0241],[-78.1376,34.0197],[-78.1288,34.0142],[-78.1108,34.0163],[-78.1094,34.0132],[-78.0989,34.0056],[-78.1132,34.0041],[-78.1165,33.9988],[-78.1092,33.9989],[-78.1057,33.996],[-78.1096,33.9901],[-78.1078,33.9848],[-78.1014,33.9867],[-78.1011,33.9922],[-78.0904,33.985]]]}},{"type":"Feature","properties":{"id":"p3710960","name":"Caswell Beach"},"geometry":{"type":"Polygon","coordinates":[[[-78.06,33.9203],[-78.0724,33.9218],[-78.0733,33.9129],[-78.0655,33.9131],[-78.0654,33.9088],[-78.0709,33.9022],[-78.0747,33.9022],[-78.058,33.8975],[-78.028,33.8904],[-78.0232,33.9156],[-78.0377,33.9178],[-78.06,33.9203]]]}},{"type":"Feature","properties":{"id":"p3746060","name":"Navassa"},"geometry":{"type":"MultiPolygon","coordinates":[[[[-77.9905,34.2444],[-77.9857,34.2576],[-77.9889,34.2623],[-77.9875,34.2683],[-77.991,34.2707],[-78.0008,34.2716],[-77.9993,34.2762],[-77.9914,34.2781],[-77.9965,34.2844],[-78.0048,34.2805],[-78.0046,34.2868],[-78.0078,34.2902],[-78.0171,34.2928],[-78.013,34.3126],[-78.0062,34.3195],[-78.0143,34.323],[-78.0229,34.318],[-78.0313,34.3181],[-78.0302,34.3075],[-78.0524,34.3163],[-78.0556,34.3076],[-78.0621,34.298],[-78.049,34.2809],[-78.0488,34.2716],[-78.0483,34.2712],[-78.0424,34.271],[-78.0374,34.2636],[-78.0376,34.2572],[-78.0297,34.256],[-78.0253,34.2526],[-78.0177,34.2516],[-78.0162,34.2465],[-78.0058,34.2475],[-77.9991,34.2448],[-77.9905,34.2444]]],[[[-78.0889,34.3026],[-78.1099,34.2961],[-78.0786,34.2857],[-78.0785,34.2958],[-78.0834,34.3064],[-78.0889,34.3026]]]]}},{"type":"Feature","properties":{"id":"p3747860","name":"Northwest"},"geometry":{"type":"Polygon","coordinates":[[[-78.1511,34.2881],[-78.1309,34.2827],[-78.1212,34.2912],[-78.1329,34.2979],[-78.1292,34.3025],[-78.1356,34.3137],[-78.1331,34.3201],[-78.122,34.322],[-78.1269,34.3271],[-78.1225,34.3322],[-78.1243,34.343],[-78.1154,34.3466],[-78.1162,34.3504],[-78.1256,34.358],[-78.1354,34.3355],[-78.1469,34.3356],[-78.1484,34.3286],[-78.1597,34.3302],[-78.1609,34.3272],[-78.1726,34.3284],[-78.1809,34.3273],[-78.1857,34.3213],[-78.1526,34.3087],[-78.1621,34.2928],[-78.1585,34.2913],[-78.1511,34.2881]]]}},{"type":"Feature","properties":{"id":"p3748345","name":"Oak Island"},"geometry":{"type":"MultiPolygon","coordinates":[[[[-78.1165,33.9988],[-78.1322,33.9992],[-78.1384,33.9971],[-78.1405,33.9908],[-78.1361,33.9837],[-78.1287,33.9784],[-78.1401,33.9744],[-78.146,33.9758],[-78.1556,33.9821],[-78.1619,33.982],[-78.1566,33.9735],[-78.1689,33.9727],[-78.1818,33.9659],[-78.1795,33.9613],[-78.1915,33.9578],[-78.1923,33.9539],[-78.2007,33.9514],[-78.2001,33.9454],[-78.1819,33.9512],[-78.1805,33.9462],[-78.1728,33.9416],[-78.1713,33.9342],[-78.1596,33.9322],[-78.152,33.9347],[-78.1511,33.9383],[-78.1393,33.9573],[-78.1341,33.9605],[-78.1304,33.9704],[-78.121,33.9697],[-78.1154,33.9752],[-78.1064,33.9719],[-78.0961,33.9724],[-78.0976,33.978],[-78.0904,33.985],[-78.1011,33.9922],[-78.1014,33.9867],[-78.1078,33.9848],[-78.1096,33.9901],[-78.1057,33.996],[-78.1092,33.9989],[-78.1165,33.9988]]],[[[-78.1393,33.9258],[-78.1705,33.9288],[-78.189,33.9265],[-78.1975,33.9196],[-78.2138,33.9215],[-78.2139,33.9184],[-78.237,33.9171],[-78.2298,33.9129],[-78.1777,33.9143],[-78.137,33.9122],[-78.1203,33.9103],[-78.0747,33.9022],[-78.0709,33.9022],[-78.0654,33.9088],[-78.0655,33.9131],[-78.0733,33.9129],[-78.0724,33.9218],[-78.06,33.9203],[-78.0617,33.924],[-78.0576,33.935],[-78.0643,33.9393],[-78.0733,33.9394],[-78.0755,33.9424],[-78.0822,33.9416],[-78.0851,33.9366],[-78.0912,33.9296],[-78.0831,33.9292],[-78.0833,33.9224],[-78.1075,33.9221],[-78.1393,33.9258]]]]}},{"type":"Feature","properties":{"id":"p3765900","name":"Sunset Beach"},"geometry":{"type":"Polygon","coordinates":[[[-78.5432,33.8851],[-78.54,33.8761],[-78.5238,33.878],[-78.5211,33.8752],[-78.5219,33.8609],[-78.5083,33.8668],[-78.4848,33.8735],[-78.4846,33.8757],[-78.4867,33.8955],[-78.4888,33.8998],[-78.4982,33.8967],[-78.5057,33.9045],[-78.507,33.9131],[-78.492,33.9166],[-78.4975,33.9232],[-78.5014,33.918],[-78.519,33.9294],[-78.5246,33.9269],[-78.523,33.9215],[-78.5161,33.9173],[-78.5189,33.9123],[-78.5255,33.9088],[-78.5265,33.9082],[-78.5204,33.8911],[-78.533,33.8862],[-78.5436,33.886],[-78.5432,33.8851]]]}},{"type":"Feature","properties":{"id":"p3727780","name":"Greenevers"},"geometry":{"type":"Polygon","coordinates":[[[-77.9464,34.8233],[-77.9445,34.8177],[-77.9309,34.8173],[-77.919,34.8271],[-77.9058,34.8292],[-77.9057,34.832],[-77.9206,34.8298],[-77.9295,34.8349],[-77.94,34.8289],[-77.9405,34.823],[-77.9464,34.8233]]]}},{"type":"Feature","properties":{"id":"p3740640","name":"Magnolia"},"geometry":{"type":"Polygon","coordinates":[[[-78.0662,34.9],[-78.061,34.886],[-78.0442,34.8903],[-78.0499,34.9042],[-78.0662,34.9]]]}},{"type":"Feature","properties":{"id":"p3728920","name":"Halifax"},"geometry":{"type":"Polygon","coordinates":[[[-77.5964,36.3191],[-77.5857,36.3205],[-77.59,36.3305],[-77.5964,36.3191]]]}},{"type":"Feature","properties":{"id":"p3759780","name":"Scotland Neck"},"geometry":{"type":"Polygon","coordinates":[[[-77.4285,36.1242],[-77.4258,36.1171],[-77.421,36.1177],[-77.4142,36.1238],[-77.4126,36.1293],[-77.4194,36.1434],[-77.4257,36.1439],[-77.4284,36.1387],[-77.4285,36.1242]]]}},{"type":"Feature","properties":{"id":"p3717520","name":"Dortches"},"geometry":{"type":"Polygon","coordinates":[[[-77.8795,36.0255],[-77.8877,36.0143],[-77.8874,36.0047],[-77.8846,36.0042],[-77.873,35.9939],[-77.8613,35.9886],[-77.8494,35.987],[-77.8495,35.9958],[-77.8457,35.9969],[-77.8358,35.9911],[-77.8341,35.9981],[-77.83,36.0011],[-77.8283,36.0082],[-77.8285,36.0192],[-77.8364,36.0277],[-77.8478,36.0323],[-77.858,36.0337],[-77.8675,36.0326],[-77.8737,36.0299],[-77.8795,36.0255]]]}},{"type":"Feature","properties":{"id":"p3746000","name":"Nashville"},"geometry":{"type":"MultiPolygon","coordinates":[[[[-77.9645,35.9811],[-77.9582,35.9846],[-77.9631,35.9983],[-77.9682,35.998],[-77.9686,35.9852],[-77.9645,35.9811]]],[[[-77.9645,35.9811],[-77.975,35.9801],[-77.9742,35.9737],[-77.9852,35.9741],[-77.9836,35.9687],[-77.9752,35.9686],[-77.9627,35.9594],[-77.9539,35.956],[-77.954,35.9488],[-77.9468,35.9501],[-77.9458,35.9449],[-77.9369,35.9452],[-77.9301,35.9566],[-77.9391,35.9586],[-77.9404,35.966],[-77.9336,35.9652],[-77.9309,35.976],[-77.9411,35.9711],[-77.9425,35.9816],[-77.9514,35.9767],[-77.9645,35.9811]]]]}},{"type":"Feature","properties":{"id":"p3771680","name":"Weddington"},"geometry":{"type":"Polygon","coordinates":[[[-80.7748,35.0185],[-80.7871,35.0204],[-80.7914,35.0187],[-80.7802,35.0104],[-80.7752,35.0041],[-80.7862,34.9999],[-80.7863,34.9908],[-80.7866,34.99],[-80.7861,34.9856],[-80.7786,34.9815],[-80.7739,34.9854],[-80.7756,34.9933],[-80.7705,34.9974],[-80.7616,34.9955],[-80.7496,34.986],[-80.7383,34.986],[-80.7335,34.9996],[-80.7295,35.0011],[-80.7174,34.997],[-80.7102,35.001],[-80.7081,35.0142],[-80.7,35.0267],[-80.6945,35.0219],[-80.6921,35.0228],[-80.6912,35.0231],[-80.6899,35.0285],[-80.6894,35.0295],[-80.6914,35.0339],[-80.688,35.0406],[-80.6878,35.0423],[-80.6951,35.0547],[-80.6996,35.0535],[-80.6994,35.0523],[-80.6991,35.0512],[-80.6987,35.0488],[-80.7097,35.0529],[-80.7104,35.0531],[-80.7164,35.0533],[-80.7209,35.0537],[-80.7251,35.0597],[-80.7357,35.0607],[-80.7418,35.0559],[-80.7528,35.0475],[-80.7676,35.0363],[-80.7732,35.0329],[-80.7798,35.0327],[-80.7802,35.0256],[-80.7748,35.0185]]]}},{"type":"Feature","properties":{"id":"p3711800","name":"Chapel Hill"},"geometry":{"type":"Polygon","coordinates":[[[-79.0831,35.9473],[-79.0802,35.94],[-79.0763,35.94],[-79.0749,35.9317],[-79.0742,35.9249],[-79.0639,35.907],[-79.0688,35.9061],[-79.0735,35.8985],[-79.0738,35.8973],[-79.0773,35.8899],[-79.0744,35.883],[-79.0663,35.8734],[-79.0575,35.875],[-79.062,35.8812],[-79.0537,35.8907],[-79.0461,35.8924],[-79.0359,35.8918],[-79.0335,35.8941],[-79.023,35.895],[-79.0029,35.8877],[-79.003,35.8914],[-79.0075,35.8979],[-79.0008,35.8989],[-78.9999,35.9042],[-79.0048,35.906],[-78.9995,35.915],[-78.9996,35.9255],[-78.9982,35.9344],[-78.9956,35.9459],[-79.0009,35.952],[-79.0037,35.9547],[-79.0289,35.9681],[-79.0428,35.9684],[-79.0476,35.9668],[-79.0612,35.9691],[-79.0674,35.9642],[-79.0691,35.9751],[-79.0761,35.9751],[-79.0768,35.967],[-79.0721,35.9671],[-79.0682,35.9602],[-79.0736,35.9535],[-79.0831,35.9473]]]}},{"type":"Feature","properties":{"id":"p3742480","name":"Mesic"},"geometry":{"type":"Polygon","coordinates":[[[-76.6489,35.1972],[-76.6446,35.1945],[-76.6329,35.201],[-76.6267,35.2009],[-76.6224,35.212],[-76.6355,35.2017],[-76.6438,35.2014],[-76.6478,35.2112],[-76.6526,35.2055],[-76.6657,35.2081],[-76.6679,35.2032],[-76.6595,35.2003],[-76.654,35.2014],[-76.6489,35.1972]]]}},{"type":"Feature","properties":{"id":"p3766700","name":"Tarboro"},"geometry":{"type":"Polygon","coordinates":[[[-77.5987,35.917],[-77.5944,35.9105],[-77.5957,35.9063],[-77.5861,35.9038],[-77.5725,35.9034],[-77.5719,35.8894],[-77.5672,35.8883],[-77.5604,35.8821],[-77.5705,35.8806],[-77.5753,35.8836],[-77.5872,35.8842],[-77.586,35.8771],[-77.5758,35.8654],[-77.5724,35.8713],[-77.5538,35.8728],[-77.5533,35.8776],[-77.5462,35.8803],[-77.5373,35.8912],[-77.5266,35.895],[-77.5274,35.8982],[-77.5205,35.9049],[-77.5195,35.9103],[-77.5269,35.9186],[-77.5191,35.9264],[-77.5269,35.9315],[-77.5335,35.9247],[-77.5439,35.9217],[-77.5445,35.9276],[-77.564,35.9307],[-77.5721,35.9275],[-77.584,35.9273],[-77.5841,35.9157],[-77.5987,35.917]]]}},{"type":"Feature","properties":{"id":"p3760080","name":"Seagrove"},"geometry":{"type":"Polygon","coordinates":[[[-79.7883,35.5364],[-79.7886,35.5331],[-79.7676,35.5334],[-79.7718,35.5433],[-79.7789,35.5502],[-79.7835,35.5489],[-79.7833,35.537],[-79.7883,35.5364]]]}},{"type":"Feature","properties":{"id":"p3742100","name":"Maysville"},"geometry":{"type":"Polygon","coordinates":[[[-77.2377,34.9113],[-77.238,34.9],[-77.2357,34.897],[-77.224,34.8993],[-77.2257,34.9119],[-77.2377,34.9113]]]}},{"type":"Feature","properties":{"id":"p3736640","name":"Lake Waccamaw"},"geometry":{"type":"Polygon","coordinates":[[[-78.5535,34.3037],[-78.5499,34.3086],[-78.5416,34.3145],[-78.5319,34.3173],[-78.5246,34.3171],[-78.493,34.3072],[-78.4934,34.3268],[-78.5357,34.3269],[-78.5357,34.3171],[-78.5433,34.3145],[-78.549,34.3105],[-78.5535,34.3037]]]}},{"type":"Feature","properties":{"id":"p3720080","name":"Eden"},"geometry":{"type":"MultiPolygon","coordinates":[[[[-79.7397,36.5377],[-79.7295,36.5347],[-79.7319,36.5421],[-79.7397,36.5377]]],[[[-79.7991,36.4796],[-79.7918,36.4699],[-79.7723,36.4776],[-79.7633,36.4855],[-79.7573,36.4868],[-79.7505,36.4804],[-79.7467,36.4725],[-79.737,36.4735],[-79.7249,36.4842],[-79.7264,36.4954],[-79.7193,36.4976],[-79.7186,36.503],[-79.7107,36.5053],[-79.7071,36.4927],[-79.6934,36.4903],[-79.7001,36.5015],[-79.6857,36.502],[-79.6803,36.4991],[-79.6801,36.5239],[-79.6875,36.5237],[-79.7211,36.5149],[-79.7211,36.5188],[-79.7345,36.5275],[-79.7363,36.5329],[-79.742,36.5335],[-79.7425,36.5261],[-79.7507,36.5238],[-79.7633,36.5241],[-79.7702,36.5289],[-79.772,36.5229],[-79.7718,36.5068],[-79.7818,36.5096],[-79.787,36.504],[-79.7853,36.4974],[-79.7877,36.488],[-79.7863,36.4833],[-79.7991,36.4796]]]]}},{"type":"Feature","properties":{"id":"p3740560","name":"Madison"},"geometry":{"type":"Polygon","coordinates":[[[-79.9784,36.4038],[-79.9808,36.397],[-79.9768,36.3937],[-79.9816,36.3827],[-79.9881,36.3846],[-79.9987,36.3832],[-79.998,36.3736],[-79.9931,36.3753],[-79.9818,36.3705],[-79.9798,36.3749],[-79.9659,36.38],[-79.9526,36.3829],[-79.9574,36.3954],[-79.965,36.4031],[-79.9784,36.4038]]]}},{"type":"Feature","properties":{"id":"p3742060","name":"Mayodan"},"geometry":{"type":"MultiPolygon","coordinates":[[[[-79.9592,36.4368],[-79.9588,36.4279],[-79.945,36.4336],[-79.9422,36.4374],[-79.9464,36.4439],[-79.9592,36.4368]]],[[[-79.9602,36.4002],[-79.9564,36.396],[-79.9505,36.4013],[-79.9553,36.405],[-79.9602,36.4002]]],[[[-79.965,36.4031],[-79.9657,36.407],[-79.9621,36.4163],[-79.9677,36.4265],[-79.979,36.4233],[-79.9866,36.411],[-79.9791,36.4087],[-79.9784,36.4038],[-79.965,36.4031]]],[[[-79.9998,36.4375],[-79.996,36.4347],[-79.9993,36.4265],[-79.9905,36.4262],[-79.9895,36.4386],[-79.9998,36.4375]]]]}},{"type":"Feature","properties":{"id":"p3751820","name":"Pilot Mountain"},"geometry":{"type":"Polygon","coordinates":[[[-80.4903,36.3737],[-80.48,36.375],[-80.4751,36.3807],[-80.4508,36.3791],[-80.4571,36.3867],[-80.4657,36.3924],[-80.4665,36.3963],[-80.4764,36.3942],[-80.4815,36.3984],[-80.4847,36.3916],[-80.4846,36.3839],[-80.4903,36.3737]]]}},{"type":"Feature","properties":{"id":"p3753200","name":"Pollocksville"},"geometry":{"type":"Polygon","coordinates":[[[-77.2273,35.0046],[-77.2177,35.005],[-77.2194,35.01],[-77.2247,35.0095],[-77.2273,35.0046]]]}},{"type":"Feature","properties":{"id":"p3707720","name":"Brevard"},"geometry":{"type":"MultiPolygon","coordinates":[[[[-82.7494,35.2343],[-82.7391,35.2236],[-82.7371,35.2163],[-82.716,35.2238],[-82.72,35.2338],[-82.7161,35.237],[-82.7211,35.2455],[-82.7208,35.2494],[-82.7085,35.2495],[-82.6983,35.2518],[-82.7062,35.2616],[-82.7066,35.2729],[-82.7164,35.2628],[-82.7211,35.2653],[-82.7325,35.2629],[-82.7391,35.2598],[-82.7372,35.2503],[-82.732,35.2446],[-82.7408,35.2438],[-82.7494,35.2343]]],[[[-82.7571,35.2452],[-82.7569,35.2413],[-82.7468,35.2382],[-82.7463,35.2443],[-82.7571,35.2452]]]]}},{"type":"Feature","properties":{"id":"p3714400","name":"Conway"},"geometry":{"type":"Polygon","coordinates":[[[-77.2424,36.4388],[-77.2422,36.4338],[-77.2368,36.4278],[-77.2227,36.4272],[-77.2164,36.4324],[-77.2159,36.4408],[-77.2186,36.4447],[-77.2272,36.4483],[-77.2349,36.4469],[-77.2424,36.4388]]]}},{"type":"Feature","properties":{"id":"p3707860","name":"Bridgeton"},"geometry":{"type":"MultiPolygon","coordinates":[[[[-77.0244,35.1613],[-77.0271,35.1571],[-77.0123,35.1578],[-77.013,35.1634],[-77.0211,35.1676],[-77.0244,35.1613]]],[[[-77.0151,35.1173],[-77.001,35.1242],[-77.0025,35.1295],[-77.0132,35.1377],[-77.018,35.1388],[-77.0266,35.1345],[-77.027,35.1247],[-77.0193,35.1153],[-77.0158,35.117],[-77.0151,35.1173]]]]}},{"type":"Feature","properties":{"id":"p3769680","name":"Vanceboro"},"geometry":{"type":"Polygon","coordinates":[[[-77.177,35.3],[-77.1708,35.2974],[-77.1635,35.2993],[-77.1602,35.2899],[-77.1467,35.2966],[-77.1417,35.3036],[-77.1452,35.3125],[-77.1531,35.3146],[-77.177,35.3]]]}},{"type":"Feature","properties":{"id":"p3714200","name":"Conetoe"},"geometry":{"type":"Polygon","coordinates":[[[-77.4645,35.822],[-77.4574,35.8133],[-77.4497,35.8145],[-77.4582,35.823],[-77.4645,35.822]]]}},{"type":"Feature","properties":{"id":"p3746280","name":"Neuse Forest"},"geometry":{"type":"Polygon","coordinates":[[[-76.9593,34.9701],[-76.9635,34.9664],[-76.9549,34.962],[-76.9499,34.9559],[-76.9343,34.951],[-76.9291,34.9513],[-76.9142,34.965],[-76.9358,34.9731],[-76.941,34.9792],[-76.9517,34.9872],[-76.9507,34.9762],[-76.9593,34.9701]]]}},{"type":"Feature","properties":{"id":"p3745880","name":"Nags Head"},"geometry":{"type":"Polygon","coordinates":[[[-75.6702,35.9844],[-75.6687,35.9731],[-75.6615,35.97],[-75.6515,35.9689],[-75.6445,35.9644],[-75.6327,35.9496],[-75.61,35.9188],[-75.6047,35.9141],[-75.6014,35.9073],[-75.6126,35.9051],[-75.6106,35.9012],[-75.5969,35.9061],[-75.5853,35.8852],[-75.5656,35.846],[-75.563,35.8472],[-75.5698,35.8633],[-75.6441,35.9949],[-75.6702,35.9844]]]}},{"type":"Feature","properties":{"id":"p3707765","name":"Brices Creek"},"geometry":{"type":"Polygon","coordinates":[[[-77.1161,35.0741],[-77.1096,35.0685],[-77.1079,35.0543],[-77.1102,35.0467],[-77.1065,35.0343],[-77.0972,35.032],[-77.0732,35.0185],[-77.0647,35.0159],[-77.0673,35.0239],[-77.0661,35.0316],[-77.0695,35.0419],[-77.066,35.053],[-77.0543,35.0564],[-77.0513,35.063],[-77.0516,35.0645],[-77.0575,35.0705],[-77.0581,35.0711],[-77.0639,35.0712],[-77.0658,35.0747],[-77.0788,35.0704],[-77.1015,35.074],[-77.1161,35.0741]]]}},{"type":"Feature","properties":{"id":"p3733460","name":"Indian Beach"},"geometry":{"type":"MultiPolygon","coordinates":[[[[-76.8663,34.6938],[-76.8744,34.6921],[-76.8754,34.6874],[-76.8658,34.6885],[-76.8663,34.6938]]],[[[-76.9104,34.6846],[-76.9095,34.6825],[-76.89,34.6854],[-76.8909,34.6912],[-76.8981,34.6903],[-76.9104,34.6846]]]]}},{"type":"Feature","properties":{"id":"p3764420","name":"Stallings"},"geometry":{"type":"MultiPolygon","coordinates":[[[[-80.71,35.0807],[-80.7109,35.0727],[-80.7104,35.0716],[-80.7061,35.0695],[-80.6938,35.0708],[-80.6868,35.0763],[-80.6908,35.082],[-80.6779,35.083],[-80.6643,35.0872],[-80.6619,35.0889],[-80.6619,35.0896],[-80.6637,35.0956],[-80.6605,35.0953],[-80.6606,35.0987],[-80.6476,35.1082],[-80.6475,35.1128],[-80.6457,35.1197],[-80.6386,35.119],[-80.6347,35.126],[-80.6292,35.1264],[-80.6206,35.1235],[-80.6178,35.126],[-80.6041,35.1263],[-80.6039,35.1298],[-80.6101,35.1436],[-80.617,35.144],[-80.6212,35.1508],[-80.6271,35.1439],[-80.6396,35.1406],[-80.6529,35.13],[-80.6542,35.125],[-80.6593,35.121],[-80.6591,35.116],[-80.6688,35.1132],[-80.6811,35.1037],[-80.7055,35.0842],[-80.71,35.0807]]],[[[-80.7338,35.0622],[-80.7357,35.0607],[-80.7251,35.0597],[-80.7235,35.0596],[-80.7191,35.0629],[-80.7151,35.0696],[-80.724,35.0698],[-80.7255,35.0686],[-80.7276,35.067],[-80.7338,35.0622]]]]}},{"type":"Feature","properties":{"id":"p3759540","name":"Sawmills"},"geometry":{"type":"Polygon","coordinates":[[[-81.5074,35.8324],[-81.5012,35.8288],[-81.4983,35.8224],[-81.5097,35.8229],[-81.5101,35.8181],[-81.4967,35.8096],[-81.4924,35.8054],[-81.4872,35.7922],[-81.4828,35.796],[-81.4733,35.7946],[-81.4685,35.7857],[-81.4567,35.7868],[-81.4585,35.7933],[-81.4682,35.7987],[-81.4656,35.8085],[-81.4597,35.8126],[-81.4637,35.814],[-81.4564,35.8177],[-81.455,35.8233],[-81.4483,35.8228],[-81.4443,35.8263],[-81.4528,35.8324],[-81.4597,35.8349],[-81.4673,35.8336],[-81.4741,35.8383],[-81.4803,35.837],[-81.4831,35.8363],[-81.4932,35.8312],[-81.4993,35.8321],[-81.5074,35.8324]]]}},{"type":"Feature","properties":{"id":"p3743260","name":"Mills River"},"geometry":{"type":"Polygon","coordinates":[[[-82.5494,35.4406],[-82.5559,35.4381],[-82.5679,35.4379],[-82.5708,35.4311],[-82.5827,35.4344],[-82.587,35.4381],[-82.6004,35.4346],[-82.5991,35.4291],[-82.5925,35.4225],[-82.5956,35.4157],[-82.5905,35.4071],[-82.5895,35.4009],[-82.5955,35.401],[-82.6051,35.3956],[-82.6234,35.3974],[-82.6247,35.3924],[-82.6195,35.3894],[-82.6148,35.3813],[-82.6051,35.3797],[-82.6066,35.372],[-82.6106,35.368],[-82.6247,35.3629],[-82.6361,35.3484],[-82.64,35.348],[-82.6405,35.3396],[-82.6528,35.3359],[-82.6474,35.3289],[-82.6358,35.3187],[-82.632,35.3287],[-82.6185,35.338],[-82.6151,35.3365],[-82.6089,35.3425],[-82.6009,35.3468],[-82.5873,35.343],[-82.5836,35.3509],[-82.5726,35.3615],[-82.5648,35.3627],[-82.5612,35.3679],[-82.5528,35.3664],[-82.5477,35.3785],[-82.5436,35.3986],[-82.5404,35.4015],[-82.5383,35.4123],[-82.5415,35.4204],[-82.5527,35.4289],[-82.5468,35.4254],[-82.5423,35.4313],[-82.5464,35.4406],[-82.5494,35.4406]]]}},{"type":"Feature","properties":{"id":"p3719300","name":"East Arcadia"},"geometry":{"type":"Polygon","coordinates":[[[-78.3024,34.3809],[-78.3006,34.3897],[-78.3121,34.3903],[-78.3209,34.3873],[-78.3306,34.3938],[-78.3366,34.3919],[-78.3394,34.3826],[-78.3317,34.3802],[-78.34,34.3736],[-78.3351,34.3676],[-78.3089,34.3783],[-78.3083,34.3785],[-78.3024,34.3809]]]}},{"type":"Feature","properties":{"id":"p3774580","name":"Wilson's Mills"},"geometry":{"type":"MultiPolygon","coordinates":[[[[-78.3348,35.5709],[-78.3386,35.5845],[-78.3276,35.5864],[-78.3279,35.5905],[-78.3388,35.5887],[-78.343,35.5941],[-78.3516,35.5954],[-78.3501,35.6037],[-78.3403,35.6065],[-78.3423,35.6126],[-78.3488,35.6126],[-78.3534,35.6066],[-78.3639,35.6],[-78.3731,35.6006],[-78.3788,35.6084],[-78.3854,35.6018],[-78.3782,35.595],[-78.3819,35.5914],[-78.3773,35.586],[-78.379,35.5821],[-78.3878,35.5823],[-78.3879,35.5708],[-78.3733,35.5704],[-78.3602,35.568],[-78.3601,35.5723],[-78.348,35.5714],[-78.3375,35.5656],[-78.3347,35.5709],[-78.3348,35.5709]]],[[[-78.4186,35.5841],[-78.4149,35.5802],[-78.4043,35.5801],[-78.4028,35.5832],[-78.4076,35.5895],[-78.4139,35.5823],[-78.4186,35.5841]]]]}},{"type":"Feature","properties":{"id":"p3706860","name":"Bolton"},"geometry":{"type":"Polygon","coordinates":[[[-78.4229,34.3273],[-78.4189,34.3211],[-78.4195,34.3067],[-78.3845,34.3057],[-78.3836,34.3274],[-78.4186,34.3285],[-78.4229,34.3273]]]}},{"type":"Feature","properties":{"id":"p3770540","name":"Wake Forest"},"geometry":{"type":"Polygon","coordinates":[[[-78.5416,35.9401],[-78.5435,35.9352],[-78.5449,35.9215],[-78.5541,35.9192],[-78.5573,35.9099],[-78.5459,35.9059],[-78.5392,35.9116],[-78.5421,35.9181],[-78.5345,35.9184],[-78.5377,35.9069],[-78.5332,35.905],[-78.5274,35.9095],[-78.5177,35.9111],[-78.5127,35.9048],[-78.5058,35.9043],[-78.505,35.9077],[-78.5063,35.9155],[-78.5238,35.9172],[-78.5277,35.929],[-78.5219,35.9341],[-78.5281,35.9401],[-78.5285,35.9463],[-78.5218,35.945],[-78.5171,35.9371],[-78.5205,35.9333],[-78.5162,35.9273],[-78.5113,35.9286],[-78.5118,35.9344],[-78.5041,35.9365],[-78.4955,35.9347],[-78.4899,35.9336],[-78.4837,35.9373],[-78.4881,35.9441],[-78.4862,35.9568],[-78.4913,35.9659],[-78.4887,35.969],[-78.4815,35.9716],[-78.477,35.9664],[-78.4824,35.9623],[-78.4659,35.956],[-78.463,35.9642],[-78.4737,35.9655],[-78.4725,35.9716],[-78.4601,35.972],[-78.4521,35.9677],[-78.4436,35.9663],[-78.4438,35.9748],[-78.4591,35.9747],[-78.4623,35.9804],[-78.4718,35.9794],[-78.4824,35.9875],[-78.475,35.9981],[-78.4851,35.9977],[-78.4975,36.0035],[-78.4993,36.0126],[-78.514,36.0124],[-78.5189,36.0091],[-78.5239,36.001],[-78.5355,36.0044],[-78.5357,36.0084],[-78.5457,36.0118],[-78.5421,36.0017],[-78.5355,35.9976],[-78.5407,35.9909],[-78.5476,35.9894],[-78.5459,35.98],[-78.557,35.9709],[-78.5453,35.9656],[-78.5453,35.9653],[-78.5399,35.9501],[-78.541,35.9414],[-78.5412,35.9409],[-78.5416,35.9401]],[[-78.5402,35.973],[-78.5383,35.9781],[-78.5292,35.9781],[-78.5305,35.9707],[-78.5402,35.973]],[[-78.5233,35.9994],[-78.5209,36.0047],[-78.5062,36.0054],[-78.512,35.9969],[-78.5233,35.9994]]]}},{"type":"Feature","properties":{"id":"p3703960","name":"Bayboro"},"geometry":{"type":"Polygon","coordinates":[[[-76.7841,35.1438],[-76.7833,35.1345],[-76.7715,35.1364],[-76.7623,35.1441],[-76.7522,35.1428],[-76.7459,35.1399],[-76.7421,35.142],[-76.7431,35.1465],[-76.7558,35.1466],[-76.7711,35.156],[-76.768,35.163],[-76.7696,35.171],[-76.7802,35.1576],[-76.7726,35.1539],[-76.7748,35.1478],[-76.784,35.1451],[-76.7841,35.1438]]]}},{"type":"Feature","properties":{"id":"p3706800","name":"Boiling Springs"},"geometry":{"type":"Polygon","coordinates":[[[-81.6854,35.2517],[-81.6848,35.2451],[-81.6811,35.239],[-81.6752,35.2355],[-81.6665,35.2341],[-81.6557,35.2368],[-81.6503,35.2447],[-81.6513,35.2527],[-81.6473,35.2616],[-81.64,35.2712],[-81.6472,35.2755],[-81.6535,35.2706],[-81.6562,35.2629],[-81.6611,35.2646],[-81.6773,35.2657],[-81.6772,35.2615],[-81.6854,35.2517]]]}},{"type":"Feature","properties":{"id":"p3727440","name":"Granite Quarry"},"geometry":{"type":"Polygon","coordinates":[[[-80.4466,35.639],[-80.4547,35.6287],[-80.4523,35.6266],[-80.4564,35.6164],[-80.4685,35.6194],[-80.4767,35.6105],[-80.4727,35.6046],[-80.467,35.6046],[-80.4646,35.6095],[-80.4542,35.6004],[-80.4495,35.6018],[-80.4416,35.6053],[-80.4324,35.597],[-80.4304,35.6037],[-80.434,35.6156],[-80.4444,35.6181],[-80.4459,35.6286],[-80.441,35.6304],[-80.4421,35.6374],[-80.4424,35.6376],[-80.4442,35.6381],[-80.4466,35.639]],[[-80.4718,35.6102],[-80.4646,35.6168],[-80.46,35.6144],[-80.4667,35.6093],[-80.4718,35.6102]]]}},{"type":"Feature","properties":{"id":"p3713460","name":"Cofield"},"geometry":{"type":"Polygon","coordinates":[[[-76.9284,36.356],[-76.9232,36.3465],[-76.9155,36.3428],[-76.9036,36.3433],[-76.8959,36.3483],[-76.8927,36.3551],[-76.8945,36.3632],[-76.8985,36.3675],[-76.9067,36.3709],[-76.9205,36.3687],[-76.925,36.3653],[-76.9284,36.356]]]}},{"type":"Feature","properties":{"id":"p3763470","name":"South Rosemary"},"geometry":{"type":"Polygon","coordinates":[[[-77.6806,36.4559],[-77.698,36.4631],[-77.7082,36.458],[-77.7199,36.4605],[-77.7359,36.4547],[-77.7352,36.4473],[-77.7433,36.4462],[-77.7372,36.4356],[-77.7274,36.4312],[-77.6898,36.4354],[-77.6774,36.4344],[-77.6717,36.4376],[-77.6788,36.4371],[-77.6702,36.4527],[-77.6806,36.4559]]]}},{"type":"Feature","properties":{"id":"p3715580","name":"Crossnore"},"geometry":{"type":"Polygon","coordinates":[[[-81.9368,36.0253],[-81.9342,36.0176],[-81.9248,36.0194],[-81.9248,36.0247],[-81.9323,36.0275],[-81.9368,36.0253]]]}},{"type":"Feature","properties":{"id":"p3747845","name":"North Topsail Beach"},"geometry":{"type":"Polygon","coordinates":[[[-77.3608,34.5395],[-77.3648,34.5281],[-77.3708,34.5188],[-77.3747,34.517],[-77.4528,34.4925],[-77.5077,34.4684],[-77.5199,34.4571],[-77.5102,34.4457],[-77.4921,34.4563],[-77.4629,34.4714],[-77.4112,34.4964],[-77.3449,34.5254],[-77.3409,34.5303],[-77.3413,34.5416],[-77.3505,34.5529],[-77.3534,34.5534],[-77.3587,34.5494],[-77.3608,34.5395]]]}},{"type":"Feature","properties":{"id":"p3738680","name":"Littleton"},"geometry":{"type":"Polygon","coordinates":[[[-77.9194,36.4382],[-77.9192,36.4315],[-77.9123,36.425],[-77.9044,36.4289],[-77.902,36.4346],[-77.9061,36.4418],[-77.9118,36.4428],[-77.9194,36.4382]]]}},{"type":"Feature","properties":{"id":"p3710680","name":"Carthage"},"geometry":{"type":"MultiPolygon","coordinates":[[[[-79.3567,35.3278],[-79.3566,35.3237],[-79.3497,35.318],[-79.3437,35.318],[-79.3448,35.3268],[-79.3522,35.3293],[-79.3567,35.3278]]],[[[-79.4222,35.2457],[-79.4356,35.2389],[-79.428,35.2424],[-79.4194,35.2429],[-79.4167,35.2487],[-79.4111,35.2504],[-79.4122,35.2524],[-79.4128,35.2535],[-79.4137,35.2531],[-79.4204,35.2466],[-79.4222,35.2457]]],[[[-79.439,35.2642],[-79.4309,35.255],[-79.4227,35.2616],[-79.426,35.2648],[-79.4166,35.2696],[-79.4188,35.2769],[-79.4237,35.2746],[-79.4301,35.2781],[-79.4347,35.2736],[-79.4356,35.2654],[-79.439,35.2642]]],[[[-79.4423,35.3389],[-79.4337,35.3385],[-79.4209,35.33],[-79.4163,35.3159],[-79.4212,35.3065],[-79.4175,35.3017],[-79.4123,35.3037],[-79.4155,35.3146],[-79.4045,35.3283],[-79.4024,35.3229],[-79.3927,35.3217],[-79.4004,35.333],[-79.4004,35.338],[-79.4087,35.3509],[-79.4043,35.3593],[-79.4138,35.362],[-79.4192,35.3659],[-79.4283,35.3612],[-79.431,35.3509],[-79.4264,35.3431],[-79.4368,35.3429],[-79.4423,35.3389]]]]}},{"type":"Feature","properties":{"id":"p3745100","name":"Mount Olive"},"geometry":{"type":"Polygon","coordinates":[[[-78.0871,35.1929],[-78.0787,35.1952],[-78.0749,35.1914],[-78.0834,35.1809],[-78.0702,35.1841],[-78.0592,35.1842],[-78.0557,35.1873],[-78.0563,35.2005],[-78.0531,35.2024],[-78.0676,35.214],[-78.0871,35.1929]]]}},{"type":"Feature","properties":{"id":"p3710800","name":"Cashiers"},"geometry":{"type":"Polygon","coordinates":[[[-83.1172,35.1097],[-83.1121,35.1016],[-83.116,35.0984],[-83.1095,35.0903],[-83.095,35.0896],[-83.0837,35.0917],[-83.0762,35.1067],[-83.0816,35.1152],[-83.0856,35.1153],[-83.0875,35.1257],[-83.097,35.125],[-83.1043,35.1222],[-83.1172,35.1097]]]}},{"type":"Feature","properties":{"id":"p3719000","name":"Durham"},"geometry":{"type":"MultiPolygon","coordinates":[[[[-78.7852,35.9834],[-78.774,35.9775],[-78.7597,35.9825],[-78.7596,35.9871],[-78.7707,35.9873],[-78.7698,35.9935],[-78.7831,35.9926],[-78.7852,35.9834]]],[[[-78.8196,35.9852],[-78.8136,35.9798],[-78.7988,35.9777],[-78.796,35.9844],[-78.8044,35.9843],[-78.808,35.9879],[-78.8196,35.9852]]],[[[-78.8237,35.9742],[-78.8226,35.9654],[-78.8141,35.9647],[-78.808,35.9682],[-78.8071,35.9771],[-78.8237,35.9742]]],[[[-78.8458,36.0528],[-78.8445,36.05],[-78.8321,36.051],[-78.8383,36.0571],[-78.8458,36.0528]]],[[[-78.8425,35.958],[-78.8455,35.9631],[-78.8528,35.963],[-78.8538,35.9586],[-78.8425,35.958]]],[[[-78.8689,36.0553],[-78.8548,36.0466],[-78.8534,36.0506],[-78.8581,36.0551],[-78.8609,36.0623],[-78.8689,36.0553]]],[[[-78.8802,36.0657],[-78.8779,36.059],[-78.8707,36.0558],[-78.8694,36.063],[-78.8802,36.0657]]],[[[-78.8865,36.089],[-78.8776,36.0866],[-78.8782,36.0966],[-78.8836,36.0959],[-78.8865,36.089]]],[[[-78.8942,36.1111],[-78.8774,36.1044],[-78.8665,36.0954],[-78.8605,36.0955],[-78.8571,36.1017],[-78.858,36.1142],[-78.8495,36.1161],[-78.8557,36.1228],[-78.8505,36.1251],[-78.852,36.131],[-78.858,36.1301],[-78.8588,36.1359],[-78.8711,36.1247],[-78.8728,36.1152],[-78.8778,36.1106],[-78.8839,36.1094],[-78.8881,36.1125],[-78.8942,36.1111]]],[[[-78.9982,35.9344],[-78.9996,35.9255],[-78.9916,35.9295],[-78.9982,35.9344]]],[[[-78.9999,35.9042],[-79.0008,35.8989],[-79.0075,35.8979],[-79.003,35.8914],[-78.9858,35.8906],[-78.9882,35.8964],[-78.9811,35.9012],[-78.9697,35.9015],[-78.9586,35.8954],[-78.9538,35.8847],[-78.959,35.8812],[-78.9555,35.8759],[-78.9578,35.8719],[-78.9469,35.8714],[-78.9512,35.8794],[-78.9346,35.8791],[-78.9345,35.889],[-78.9238,35.891],[-78.9241,35.872],[-78.9151,35.8791],[-78.9003,35.8801],[-78.8961,35.8869],[-78.8917,35.8778],[-78.8957,35.874],[-78.8947,35.8679],[-78.8926,35.8679],[-78.8823,35.886],[-78.8821,35.893],[-78.8883,35.893],[-78.8882,35.9002],[-78.8811,35.9032],[-78.8816,35.9242],[-78.8794,35.9287],[-78.8792,35.9405],[-78.868,35.9438],[-78.8641,35.9401],[-78.854,35.9394],[-78.8504,35.9346],[-78.8523,35.9289],[-78.851,35.9118],[-78.8526,35.9017],[-78.8496,35.8943],[-78.8526,35.8815],[-78.8638,35.8837],[-78.868,35.8822],[-78.8637,35.87],[-78.8647,35.8664],[-78.8602,35.8683],[-78.8505,35.8674],[-78.8496,35.8674],[-78.8366,35.8671],[-78.8345,35.8678],[-78.833,35.8695],[-78.8286,35.8702],[-78.8227,35.8844],[-78.8218,35.8907],[-78.823,35.8926],[-78.8185,35.8992],[-78.818,35.9031],[-78.8169,35.909],[-78.8168,35.9099],[-78.8165,35.9118],[-78.8155,35.9147],[-78.813,35.9142],[-78.81,35.9137],[-78.8093,35.9136],[-78.8093,35.9164],[-78.8048,35.9276],[-78.8096,35.9324],[-78.82,35.9351],[-78.8173,35.9397],[-78.8099,35.9395],[-78.8021,35.9493],[-78.7974,35.9497],[-78.7912,35.9267],[-78.7944,35.9217],[-78.7858,35.9155],[-78.785,35.9208],[-78.772,35.9219],[-78.7637,35.9234],[-78.7635,35.9271],[-78.7747,35.9315],[-78.7719,35.9364],[-78.7752,35.9425],[-78.7716,35.9462],[-78.7637,35.9484],[-78.7608,35.9535],[-78.7617,35.9646],[-78.7547,35.9652],[-78.7551,35.9701],[-78.7645,35.975],[-78.7673,35.9714],[-78.7779,35.9756],[-78.7803,35.9676],[-78.7863,35.9666],[-78.7888,35.976],[-78.7946,35.976],[-78.7954,35.9694],[-78.8057,35.9659],[-78.8067,35.9585],[-78.8281,35.9646],[-78.8345,35.9702],[-78.832,35.981],[-78.8192,35.9889],[-78.8139,36.0016],[-78.8098,36.0022],[-78.8043,36.0084],[-78.8087,36.016],[-78.8162,36.0196],[-78.8253,36.0076],[-78.8322,36.0076],[-78.8329,36.0023],[-78.8439,36.0041],[-78.8407,36.0136],[-78.8325,36.0145],[-78.8288,36.0205],[-78.8232,36.0233],[-78.812,36.024],[-78.8151,36.0312],[-78.8074,36.0314],[-78.7997,36.0346],[-78.8019,36.0386],[-78.8265,36.027],[-78.8307,36.0252],[-78.8404,36.0269],[-78.8406,36.0308],[-78.8456,36.025],[-78.8524,36.0291],[-78.8485,36.0335],[-78.8505,36.0396],[-78.8452,36.0438],[-78.8535,36.0471],[-78.862,36.0387],[-78.8751,36.0385],[-78.8753,36.049],[-78.8852,36.059],[-78.8843,36.0665],[-78.8936,36.0638],[-78.8941,36.073],[-78.8846,36.0752],[-78.8825,36.0719],[-78.8743,36.0718],[-78.8782,36.0796],[-78.8863,36.0772],[-78.8908,36.0878],[-78.9024,36.0923],[-78.9213,36.0971],[-78.9337,36.0875],[-78.9445,36.0887],[-78.9458,36.0794],[-78.954,36.076],[-78.958,36.0673],[-78.9569,36.0591],[-78.9664,36.0587],[-78.984,36.0488],[-78.987,36.0323],[-78.9784,36.0276],[-78.9748,36.0213],[-78.9751,36.0156],[-78.9637,36.0145],[-78.9567,36.0106],[-78.9589,35.9988],[-78.9692,36.0019],[-78.9742,35.9947],[-78.9693,35.9903],[-78.9723,35.9859],[-78.983,35.989],[-78.9918,35.9873],[-78.9921,35.9832],[-78.9923,35.9776],[-78.9845,35.9752],[-78.9973,35.9696],[-78.9931,35.9653],[-78.9985,35.9604],[-79.0009,35.952],[-78.9956,35.9459],[-78.9863,35.929],[-78.9704,35.9291],[-78.9704,35.9168],[-78.9883,35.9129],[-78.9999,35.9042]],[[-78.9431,35.8917],[-78.9406,35.8985],[-78.9338,35.9026],[-78.9269,35.8996],[-78.9308,35.8928],[-78.9431,35.8917]],[[-78.8425,35.958],[-78.8333,35.9548],[-78.8305,35.946],[-78.8386,35.9424],[-78.8452,35.9425],[-78.8564,35.9464],[-78.8505,35.9507],[-78.8525,35.9545],[-78.8599,35.9525],[-78.8635,35.9561],[-78.8642,35.9638],[-78.8563,35.9631],[-78.8493,35.9656],[-78.8478,35.9699],[-78.8384,35.9682],[-78.8425,35.958]]]]}},{"type":"Feature","properties":{"id":"p3704960","name":"Belwood"},"geometry":{"type":"Polygon","coordinates":[[[-81.5574,35.4823],[-81.5553,35.4693],[-81.5478,35.4596],[-81.5365,35.4531],[-81.5239,35.4505],[-81.5076,35.453],[-81.4973,35.4587],[-81.4891,35.4688],[-81.4867,35.4793],[-81.5007,35.5024],[-81.5123,35.5075],[-81.5242,35.5091],[-81.5327,35.5081],[-81.5458,35.5019],[-81.5528,35.494],[-81.5574,35.4823]]]}},{"type":"Feature","properties":{"id":"p3701640","name":"Arapahoe"},"geometry":{"type":"Polygon","coordinates":[[[-76.8131,34.9871],[-76.8311,35.0564],[-76.839,35.0552],[-76.8267,35.0093],[-76.8225,34.9936],[-76.8212,34.9893],[-76.8131,34.9871]]]}},{"type":"Feature","properties":{"id":"p3702080","name":"Asheboro"},"geometry":{"type":"MultiPolygon","coordinates":[[[[-79.7739,35.616],[-79.7663,35.6139],[-79.7643,35.6227],[-79.7687,35.6266],[-79.7739,35.616]]],[[[-79.779,35.7305],[-79.7732,35.7254],[-79.7659,35.7291],[-79.7657,35.7337],[-79.7788,35.734],[-79.779,35.7305]]],[[[-79.7791,35.6437],[-79.77,35.646],[-79.7615,35.6604],[-79.7692,35.6607],[-79.7729,35.6512],[-79.779,35.6495],[-79.7791,35.6437]]],[[[-79.7959,35.7671],[-79.789,35.7622],[-79.7831,35.7685],[-79.795,35.7702],[-79.7959,35.7671]]],[[[-79.8145,35.7879],[-79.8226,35.7801],[-79.8289,35.78],[-79.8233,35.7678],[-79.819,35.7678],[-79.8162,35.7562],[-79.8219,35.7403],[-79.8217,35.7317],[-79.8114,35.7317],[-79.8164,35.7204],[-79.8252,35.7195],[-79.8273,35.73],[-79.836,35.7279],[-79.8393,35.7192],[-79.8393,35.7079],[-79.8317,35.7043],[-79.8323,35.6953],[-79.8508,35.6765],[-79.8352,35.6804],[-79.8336,35.6733],[-79.8376,35.6716],[-79.8357,35.6594],[-79.8303,35.6601],[-79.8292,35.6698],[-79.8221,35.6697],[-79.8178,35.6805],[-79.8104,35.6853],[-79.8096,35.6786],[-79.7943,35.6693],[-79.7902,35.6798],[-79.7974,35.6799],[-79.7956,35.6916],[-79.7875,35.6906],[-79.7829,35.6991],[-79.7754,35.6986],[-79.7742,35.708],[-79.7866,35.7114],[-79.7905,35.7067],[-79.7976,35.7151],[-79.7879,35.7192],[-79.7809,35.7149],[-79.7783,35.72],[-79.7934,35.7226],[-79.7916,35.7304],[-79.7815,35.7434],[-79.7834,35.7541],[-79.7784,35.7604],[-79.7983,35.7612],[-79.7995,35.7739],[-79.8033,35.7875],[-79.8072,35.7916],[-79.8081,35.7871],[-79.8113,35.7879],[-79.8145,35.7879]],[[-79.8088,35.7198],[-79.808,35.7247],[-79.8015,35.7254],[-79.8017,35.7326],[-79.7989,35.7373],[-79.7904,35.7354],[-79.7934,35.7274],[-79.8025,35.7208],[-79.8088,35.7198]]],[[[-79.862,35.7189],[-79.8613,35.7084],[-79.8523,35.7104],[-79.8524,35.7175],[-79.8597,35.7234],[-79.862,35.7189]]],[[[-79.9173,35.6313],[-79.9061,35.6384],[-79.9131,35.6397],[-79.9173,35.6313]]]]}},{"type":"Feature","properties":{"id":"p3736860","name":"Landis"},"geometry":{"type":"Polygon","coordinates":[[[-80.6412,35.5406],[-80.6352,35.5394],[-80.6285,35.5393],[-80.6357,35.5318],[-80.6275,35.5294],[-80.6233,35.53],[-80.6214,35.5329],[-80.6203,35.5334],[-80.6175,35.5352],[-80.6107,35.5335],[-80.6109,35.5353],[-80.6085,35.5353],[-80.607,35.5342],[-80.5977,35.527],[-80.5912,35.5344],[-80.6068,35.5347],[-80.5975,35.5437],[-80.5903,35.548],[-80.592,35.5506],[-80.5903,35.5515],[-80.5931,35.5536],[-80.5931,35.5546],[-80.594,35.5559],[-80.5953,35.5575],[-80.5954,35.5603],[-80.6022,35.5656],[-80.6085,35.5744],[-80.6134,35.5726],[-80.6081,35.5707],[-80.605,35.5599],[-80.6149,35.5593],[-80.6208,35.5532],[-80.6189,35.5443],[-80.6259,35.5427],[-80.6336,35.5452],[-80.6348,35.5399],[-80.6412,35.5406]]]}},{"type":"Feature","properties":{"id":"p3732180","name":"Holly Ridge"},"geometry":{"type":"MultiPolygon","coordinates":[[[[-77.4835,34.5026],[-77.4758,34.4971],[-77.4739,34.5016],[-77.4835,34.5026]]],[[[-77.505,34.5165],[-77.5035,34.506],[-77.4959,34.5048],[-77.4947,34.5163],[-77.505,34.5165]]],[[[-77.5081,34.5233],[-77.5037,34.5229],[-77.4917,34.5269],[-77.4945,34.5309],[-77.5036,34.5333],[-77.5081,34.5233]]],[[[-77.5081,34.495],[-77.5054,34.4899],[-77.4968,34.4934],[-77.4912,34.4806],[-77.4827,34.4833],[-77.4859,34.4903],[-77.4947,34.4991],[-77.5081,34.495]]],[[[-77.5256,34.4856],[-77.5121,34.4733],[-77.5121,34.4787],[-77.5175,34.4876],[-77.5256,34.4856]]],[[[-77.5711,34.4893],[-77.5656,34.4812],[-77.5699,34.4774],[-77.5629,34.4718],[-77.5552,34.4802],[-77.547,34.4861],[-77.5519,34.4902],[-77.5436,34.4979],[-77.5508,34.5051],[-77.5719,34.4916],[-77.5711,34.4893]]]]}},{"type":"Feature","properties":{"id":"p3758630","name":"St. James"},"geometry":{"type":"Polygon","coordinates":[[[-78.152,33.9347],[-78.1375,33.9337],[-78.1393,33.9258],[-78.1075,33.9221],[-78.1028,33.9328],[-78.0932,33.9392],[-78.0851,33.9366],[-78.0822,33.9416],[-78.0755,33.9424],[-78.0756,33.9483],[-78.0639,33.9563],[-78.121,33.9697],[-78.1304,33.9704],[-78.1341,33.9605],[-78.1393,33.9573],[-78.1511,33.9383],[-78.152,33.9347]],[[-78.0895,33.9449],[-78.0862,33.955],[-78.0865,33.9613],[-78.0784,33.9594],[-78.0843,33.947],[-78.0895,33.9449]]]}},{"type":"Feature","properties":{"id":"p3702700","name":"Autryville"},"geometry":{"type":"Polygon","coordinates":[[[-78.6477,34.9947],[-78.641,34.9888],[-78.6348,34.9947],[-78.6364,35.0028],[-78.6469,35.0018],[-78.6477,34.9947]]]}},{"type":"Feature","properties":{"id":"p3746820","name":"New London"},"geometry":{"type":"Polygon","coordinates":[[[-80.2372,35.4523],[-80.2327,35.4462],[-80.2286,35.4481],[-80.2231,35.4358],[-80.2298,35.4267],[-80.2185,35.4151],[-80.2103,35.4193],[-80.2072,35.4249],[-80.2176,35.4266],[-80.2244,35.4323],[-80.2194,35.4369],[-80.2105,35.4396],[-80.2137,35.4522],[-80.222,35.4506],[-80.2372,35.4523]]]}},{"type":"Feature","properties":{"id":"p3765700","name":"Sunbury"},"geometry":{"type":"Polygon","coordinates":[[[-76.6326,36.4544],[-76.6243,36.4446],[-76.6278,36.4397],[-76.6206,36.434],[-76.6169,36.437],[-76.6042,36.4351],[-76.5951,36.4429],[-76.5936,36.453],[-76.6116,36.458],[-76.6164,36.4545],[-76.6229,36.458],[-76.6326,36.4544]]]}},{"type":"Feature","properties":{"id":"p3757580","name":"Rodanthe"},"geometry":{"type":"Polygon","coordinates":[[[-75.4607,35.5783],[-75.4619,35.5927],[-75.4646,35.6071],[-75.4709,35.6064],[-75.4694,35.6009],[-75.4717,35.5943],[-75.4691,35.5836],[-75.4666,35.5793],[-75.4607,35.5783]]]}},{"type":"Feature","properties":{"id":"p3704040","name":"Bayview"},"geometry":{"type":"Polygon","coordinates":[[[-76.8128,35.4438],[-76.8088,35.4406],[-76.7841,35.433],[-76.7808,35.4344],[-76.7872,35.4431],[-76.7841,35.4475],[-76.7919,35.4516],[-76.8083,35.4419],[-76.8128,35.4438]]]}},{"type":"Feature","properties":{"id":"p3731880","name":"Hobucken"},"geometry":{"type":"Polygon","coordinates":[[[-76.5944,35.271],[-76.6003,35.2699],[-76.5895,35.2414],[-76.5814,35.24],[-76.5788,35.2427],[-76.5711,35.2389],[-76.5569,35.2348],[-76.5504,35.2429],[-76.5431,35.2638],[-76.5512,35.2678],[-76.5628,35.2634],[-76.5722,35.2639],[-76.5774,35.2704],[-76.5944,35.271]]]}},{"type":"Feature","properties":{"id":"p3734038","name":"Jackson Heights"},"geometry":{"type":"Polygon","coordinates":[[[-77.6481,35.2191],[-77.6425,35.2101],[-77.6359,35.2163],[-77.6183,35.2267],[-77.6199,35.2332],[-77.6282,35.2353],[-77.6451,35.2232],[-77.6481,35.2191]]]}},{"type":"Feature","properties":{"id":"p3729180","name":"Hampstead"},"geometry":{"type":"Polygon","coordinates":[[[-77.8041,34.367],[-77.798,34.3651],[-77.7774,34.3533],[-77.7748,34.3467],[-77.7455,34.3416],[-77.7478,34.3354],[-77.7429,34.3317],[-77.7332,34.3311],[-77.7248,34.319],[-77.708,34.3299],[-77.7006,34.3441],[-77.6773,34.3582],[-77.6743,34.3633],[-77.6777,34.3664],[-77.6787,34.374],[-77.6928,34.3802],[-77.6937,34.3891],[-77.702,34.3896],[-77.7099,34.3924],[-77.7328,34.3957],[-77.7463,34.3882],[-77.7556,34.3874],[-77.7591,34.3831],[-77.7731,34.3814],[-77.7785,34.3778],[-77.8041,34.367]]]}},{"type":"Feature","properties":{"id":"p3722080","name":"Evergreen"},"geometry":{"type":"Polygon","coordinates":[[[-78.9404,34.4214],[-78.9342,34.4143],[-78.9234,34.4062],[-78.9129,34.4011],[-78.8991,34.3998],[-78.893,34.4025],[-78.8886,34.4196],[-78.902,34.422],[-78.9006,34.4294],[-78.9113,34.4307],[-78.9339,34.4213],[-78.9404,34.4214]]]}},{"type":"Feature","properties":{"id":"p3753580","name":"Potters Hill"},"geometry":{"type":"Polygon","coordinates":[[[-77.7205,34.9722],[-77.7163,34.9651],[-77.7131,34.9477],[-77.7045,34.9458],[-77.6885,34.9448],[-77.6796,34.9495],[-77.6801,34.9711],[-77.6748,34.9739],[-77.6995,34.9889],[-77.7062,34.9807],[-77.7191,34.976],[-77.7205,34.9722]]]}},{"type":"Feature","properties":{"id":"p3725900","name":"Gerton"},"geometry":{"type":"Polygon","coordinates":[[[-82.3719,35.48],[-82.3672,35.464],[-82.3572,35.4608],[-82.3493,35.4653],[-82.3387,35.4641],[-82.3338,35.4606],[-82.329,35.4676],[-82.3303,35.4724],[-82.3385,35.4762],[-82.3325,35.4875],[-82.3334,35.4937],[-82.3454,35.4878],[-82.3568,35.4906],[-82.3598,35.4858],[-82.3693,35.4855],[-82.3719,35.48]]]}},{"type":"Feature","properties":{"id":"p3710460","name":"Caroleen"},"geometry":{"type":"Polygon","coordinates":[[[-81.8013,35.2842],[-81.8009,35.2714],[-81.7852,35.275],[-81.7798,35.2863],[-81.7887,35.2923],[-81.7936,35.2864],[-81.8013,35.2842]]]}},{"type":"Feature","properties":{"id":"p3731260","name":"Hiddenite"},"geometry":{"type":"Polygon","coordinates":[[[-81.098,35.9119],[-81.096,35.8958],[-81.0866,35.8929],[-81.0813,35.9005],[-81.0677,35.9092],[-81.0766,35.911],[-81.0798,35.9144],[-81.089,35.915],[-81.098,35.9119]]]}},{"type":"Feature","properties":{"id":"p3752500","name":"Pinnacle"},"geometry":{"type":"Polygon","coordinates":[[[-80.4459,36.3253],[-80.4474,36.3233],[-80.4157,36.3022],[-80.4047,36.3108],[-80.404,36.315],[-80.4125,36.3202],[-80.4089,36.3321],[-80.4191,36.3403],[-80.4267,36.342],[-80.4363,36.3326],[-80.4454,36.3297],[-80.4459,36.3253]]]}},{"type":"Feature","properties":{"id":"p3705020","name":"Bennett"},"geometry":{"type":"Polygon","coordinates":[[[-79.554,35.5728],[-79.5548,35.5475],[-79.5426,35.5513],[-79.5366,35.551],[-79.5292,35.557],[-79.5273,35.568],[-79.5208,35.5707],[-79.5229,35.5766],[-79.5328,35.5832],[-79.5407,35.5865],[-79.5452,35.585],[-79.544,35.574],[-79.554,35.5728]]]}},{"type":"Feature","properties":{"id":"p3743880","name":"Moncure"},"geometry":{"type":"Polygon","coordinates":[[[-79.1142,35.6287],[-79.1123,35.6229],[-79.1001,35.6236],[-79.0907,35.6178],[-79.0777,35.614],[-79.0687,35.6089],[-79.0526,35.5961],[-79.0506,35.6043],[-79.0572,35.6155],[-79.057,35.6242],[-79.0627,35.6351],[-79.0647,35.6423],[-79.0801,35.6446],[-79.0914,35.6301],[-79.1036,35.635],[-79.1142,35.6287]]]}},{"type":"Feature","properties":{"id":"p3728600","name":"Gulf"},"geometry":{"type":"Polygon","coordinates":[[[-79.3007,35.5682],[-79.2965,35.5633],[-79.2879,35.5612],[-79.2815,35.552],[-79.2627,35.5571],[-79.2705,35.5613],[-79.2758,35.5606],[-79.2904,35.5682],[-79.2938,35.5658],[-79.3007,35.5682]]]}},{"type":"Feature","properties":{"id":"p3758040","name":"Rougemont"},"geometry":{"type":"Polygon","coordinates":[[[-78.9396,36.2264],[-78.9377,36.2199],[-78.9399,36.2135],[-78.9349,36.2044],[-78.9286,36.2043],[-78.927,36.1959],[-78.9216,36.1935],[-78.911,36.1929],[-78.9037,36.2002],[-78.9036,36.2309],[-78.9094,36.2421],[-78.9152,36.2463],[-78.9261,36.2484],[-78.9337,36.2456],[-78.9405,36.2312],[-78.9396,36.2264]]]}},{"type":"Feature","properties":{"id":"p3771440","name":"Waves"},"geometry":{"type":"Polygon","coordinates":[[[-75.4691,35.5836],[-75.4687,35.574],[-75.4727,35.5598],[-75.4617,35.5615],[-75.4607,35.5783],[-75.4666,35.5793],[-75.4691,35.5836]]]}},{"type":"Feature","properties":{"id":"p3767700","name":"Toast"},"geometry":{"type":"Polygon","coordinates":[[[-80.6334,36.5106],[-80.6412,36.5073],[-80.6456,36.5025],[-80.6482,36.4919],[-80.6385,36.4888],[-80.6338,36.4915],[-80.6298,36.4833],[-80.6205,36.4919],[-80.6226,36.4984],[-80.6331,36.5009],[-80.6352,36.5067],[-80.6299,36.51],[-80.6316,36.5105],[-80.6334,36.5106]]]}},{"type":"Feature","properties":{"id":"p3754160","name":"Pumpkin Center"},"geometry":{"type":"Polygon","coordinates":[[[-77.3773,34.7885],[-77.3769,34.7851],[-77.3678,34.7765],[-77.3604,34.7737],[-77.3537,34.7885],[-77.3573,34.7946],[-77.3644,34.7978],[-77.3731,34.7914],[-77.3737,34.791],[-77.3773,34.7885]]]}},{"type":"Feature","properties":{"id":"p3752000","name":"Pine Knoll Shores"},"geometry":{"type":"Polygon","coordinates":[[[-76.8663,34.6938],[-76.8658,34.6885],[-76.8152,34.6942],[-76.7822,34.6966],[-76.7848,34.7035],[-76.8276,34.7035],[-76.8443,34.6953],[-76.8589,34.6934],[-76.8663,34.6938]]]}},{"type":"Feature","properties":{"id":"p3739520","name":"Lowesville"},"geometry":{"type":"Polygon","coordinates":[[[-81.0309,35.4205],[-81.0282,35.4165],[-81.0307,35.4044],[-80.9742,35.4013],[-80.9707,35.406],[-80.9753,35.4136],[-80.9754,35.4221],[-80.9845,35.4421],[-80.9972,35.4464],[-81.0097,35.431],[-81.0269,35.4265],[-81.0309,35.4205]]]}},{"type":"Feature","properties":{"id":"p3772755","name":"Westport"},"geometry":{"type":"Polygon","coordinates":[[[-80.9555,35.5325],[-80.9757,35.5322],[-80.9765,35.5238],[-80.9967,35.5217],[-81.0045,35.5178],[-81.001,35.504],[-80.995,35.4984],[-80.9954,35.4877],[-80.9895,35.4855],[-80.9841,35.4932],[-80.9694,35.4952],[-80.9613,35.4918],[-80.9487,35.4917],[-80.9579,35.4946],[-80.9621,35.4987],[-80.9635,35.506],[-80.9565,35.5139],[-80.9577,35.5237],[-80.9555,35.5325]]]}},{"type":"Feature","properties":{"id":"p3703640","name":"Barker Heights"},"geometry":{"type":"Polygon","coordinates":[[[-82.4392,35.315],[-82.4486,35.323],[-82.4519,35.3149],[-82.4464,35.3058],[-82.4413,35.3048],[-82.4355,35.2973],[-82.4308,35.2994],[-82.4294,35.3074],[-82.4392,35.315]]]}},{"type":"Feature","properties":{"id":"p3744700","name":"Mountain Home"},"geometry":{"type":"Polygon","coordinates":[[[-82.4819,35.3573],[-82.4773,35.3731],[-82.4968,35.3799],[-82.5042,35.3862],[-82.5192,35.3857],[-82.5197,35.3778],[-82.5259,35.373],[-82.5238,35.3678],[-82.5089,35.3571],[-82.5024,35.3579],[-82.4819,35.3573]]]}},{"type":"Feature","properties":{"id":"p3740460","name":"McLeansville"},"geometry":{"type":"Polygon","coordinates":[[[-79.6888,36.0894],[-79.6862,36.0887],[-79.6804,36.0866],[-79.6699,36.0851],[-79.6536,36.0848],[-79.6484,36.0825],[-79.6401,36.0791],[-79.6401,36.0804],[-79.6385,36.0914],[-79.6343,36.0972],[-79.6379,36.1015],[-79.6363,36.1123],[-79.6333,36.1153],[-79.6325,36.1238],[-79.6437,36.1284],[-79.6544,36.1281],[-79.6683,36.1216],[-79.6709,36.1143],[-79.6701,36.1033],[-79.6762,36.0999],[-79.6819,36.1028],[-79.6824,36.0973],[-79.6874,36.0927],[-79.6873,36.0926],[-79.6888,36.0894]],[[-79.6692,36.0976],[-79.6598,36.0979],[-79.6598,36.0886],[-79.6662,36.0888],[-79.6692,36.0976]]]}},{"type":"Feature","properties":{"id":"p3721130","name":"Elroy"},"geometry":{"type":"Polygon","coordinates":[[[-77.943,35.3412],[-77.9483,35.3316],[-77.9469,35.3253],[-77.916,35.2991],[-77.9049,35.3142],[-77.9029,35.3259],[-77.9127,35.331],[-77.9032,35.3408],[-77.8985,35.3392],[-77.894,35.345],[-77.8961,35.3497],[-77.9086,35.3541],[-77.9116,35.3517],[-77.9176,35.347],[-77.9155,35.3419],[-77.9213,35.3437],[-77.9202,35.3478],[-77.9279,35.3552],[-77.9452,35.3519],[-77.9412,35.3469],[-77.943,35.3412]]]}},{"type":"Feature","properties":{"id":"p3741540","name":"Mar-Mac"},"geometry":{"type":"Polygon","coordinates":[[[-78.0846,35.3355],[-78.0811,35.33],[-78.0678,35.3173],[-78.0596,35.3203],[-78.0478,35.3186],[-78.0458,35.3215],[-78.0377,35.3201],[-78.0331,35.3381],[-78.0272,35.3444],[-78.0344,35.3517],[-78.0428,35.3544],[-78.0461,35.3468],[-78.051,35.3444],[-78.0568,35.3472],[-78.0673,35.345],[-78.0726,35.3378],[-78.0846,35.3355]]]}},{"type":"Feature","properties":{"id":"p3747695","name":"Northlakes"},"geometry":{"type":"Polygon","coordinates":[[[-81.376,35.7813],[-81.3804,35.7607],[-81.3779,35.7584],[-81.3712,35.7664],[-81.3582,35.767],[-81.3539,35.7689],[-81.3526,35.7748],[-81.3576,35.7869],[-81.3695,35.7843],[-81.3796,35.7904],[-81.376,35.7813]]]}},{"type":"Feature","properties":{"id":"p3702760","name":"Avery Creek"},"geometry":{"type":"Polygon","coordinates":[[[-82.5619,35.4809],[-82.5684,35.4744],[-82.578,35.469],[-82.5922,35.457],[-82.5736,35.4521],[-82.5606,35.4644],[-82.5572,35.4787],[-82.5593,35.4808],[-82.5619,35.4809]]]}},{"type":"Feature","properties":{"id":"p3722440","name":"Fairview"},"geometry":{"type":"Polygon","coordinates":[[[-82.4371,35.5381],[-82.4255,35.5268],[-82.4222,35.5153],[-82.4175,35.512],[-82.4096,35.5017],[-82.4029,35.5013],[-82.3981,35.508],[-82.382,35.5091],[-82.3752,35.505],[-82.3641,35.523],[-82.3687,35.5252],[-82.3822,35.5242],[-82.3847,35.5286],[-82.3946,35.5382],[-82.4142,35.5384],[-82.4281,35.5433],[-82.4371,35.5381]]]}},{"type":"Feature","properties":{"id":"p3766280","name":"Swannanoa"},"geometry":{"type":"Polygon","coordinates":[[[-82.3664,35.608],[-82.3894,35.6288],[-82.4092,35.6165],[-82.4157,35.6135],[-82.4137,35.6085],[-82.4077,35.605],[-82.4098,35.5989],[-82.4064,35.5945],[-82.4082,35.5895],[-82.4026,35.5789],[-82.3845,35.5738],[-82.3774,35.5753],[-82.3782,35.5847],[-82.3759,35.5973],[-82.3664,35.5997],[-82.368,35.6046],[-82.3664,35.608]]]}},{"type":"Feature","properties":{"id":"p3724380","name":"Foscoe"},"geometry":{"type":"Polygon","coordinates":[[[-81.7991,36.1444],[-81.8011,36.134],[-81.798,36.1237],[-81.7925,36.1284],[-81.7862,36.1298],[-81.7853,36.1355],[-81.7809,36.1399],[-81.7673,36.1369],[-81.7608,36.1455],[-81.7602,36.1502],[-81.7459,36.1556],[-81.7492,36.1603],[-81.744,36.1668],[-81.7515,36.1696],[-81.7471,36.1768],[-81.7611,36.1777],[-81.7682,36.1721],[-81.777,36.1717],[-81.7865,36.1596],[-81.7908,36.1582],[-81.7972,36.1512],[-81.7934,36.1473],[-81.7968,36.146],[-81.7985,36.1447],[-81.7991,36.1444]]]}},{"type":"Feature","properties":{"id":"p3720280","name":"Edneyville"},"geometry":{"type":"Polygon","coordinates":[[[-82.3787,35.3887],[-82.3748,35.3864],[-82.3672,35.3912],[-82.3478,35.3771],[-82.3452,35.3738],[-82.3374,35.3734],[-82.3343,35.3811],[-82.3025,35.3835],[-82.2971,35.3885],[-82.3012,35.3959],[-82.318,35.4033],[-82.319,35.4079],[-82.3072,35.4256],[-82.3107,35.4259],[-82.3145,35.4331],[-82.3197,35.4288],[-82.3323,35.4314],[-82.3449,35.4256],[-82.3596,35.4249],[-82.3582,35.4202],[-82.3669,35.4106],[-82.3664,35.4064],[-82.3748,35.4006],[-82.3751,35.3887],[-82.3787,35.3887]]]}},{"type":"Feature","properties":{"id":"p3725880","name":"Germanton"},"geometry":{"type":"Polygon","coordinates":[[[-80.2541,36.2498],[-80.2413,36.244],[-80.2382,36.2546],[-80.2322,36.2595],[-80.2137,36.2595],[-80.2143,36.2683],[-80.2244,36.2691],[-80.2328,36.2639],[-80.2416,36.2687],[-80.2461,36.2626],[-80.2525,36.2595],[-80.2541,36.2498]]]}},{"type":"Feature","properties":{"id":"p3736513","name":"Lake Royale"},"geometry":{"type":"Polygon","coordinates":[[[-78.2226,35.9595],[-78.2137,35.9485],[-78.2027,35.9451],[-78.1968,35.9473],[-78.1934,35.9435],[-78.1822,35.9388],[-78.1717,35.9549],[-78.1734,35.9587],[-78.1734,35.9728],[-78.1711,35.9811],[-78.1746,35.9831],[-78.185,35.9776],[-78.192,35.9768],[-78.1917,35.9832],[-78.1976,35.9883],[-78.1965,35.9966],[-78.2034,35.996],[-78.2122,35.999],[-78.219,35.995],[-78.2141,35.9851],[-78.2084,35.9644],[-78.219,35.9629],[-78.2226,35.9595]]]}},{"type":"Feature","properties":{"id":"p3743200","name":"Millingport"},"geometry":{"type":"Polygon","coordinates":[[[-80.3395,35.3836],[-80.3242,35.3775],[-80.3273,35.3674],[-80.3312,35.3649],[-80.3359,35.3533],[-80.3268,35.3524],[-80.3208,35.3599],[-80.3146,35.363],[-80.3092,35.3571],[-80.2969,35.3561],[-80.2929,35.3655],[-80.2856,35.3724],[-80.2951,35.3799],[-80.2909,35.3847],[-80.2943,35.388],[-80.2913,35.3961],[-80.3009,35.3968],[-80.3081,35.3946],[-80.3208,35.4018],[-80.328,35.3844],[-80.3395,35.3836]]]}},{"type":"Feature","properties":{"id":"p3740980","name":"Manns Harbor"},"geometry":{"type":"Polygon","coordinates":[[[-75.7931,35.9172],[-75.7944,35.9156],[-75.7901,35.889],[-75.7808,35.8892],[-75.7718,35.875],[-75.7515,35.8685],[-75.7537,35.8761],[-75.7491,35.8818],[-75.7552,35.8878],[-75.7612,35.8889],[-75.7645,35.897],[-75.7702,35.9051],[-75.768,35.9119],[-75.7931,35.9172]]]}},{"type":"Feature","properties":{"id":"p3732100","name":"Hollister"},"geometry":{"type":"Polygon","coordinates":[[[-77.9614,36.2604],[-77.949,36.2479],[-77.9365,36.2426],[-77.9261,36.2451],[-77.9181,36.2518],[-77.9181,36.2577],[-77.9057,36.2635],[-77.9035,36.2713],[-77.9268,36.2683],[-77.9376,36.2622],[-77.9448,36.2647],[-77.9477,36.2722],[-77.9551,36.2791],[-77.9614,36.2698],[-77.9614,36.2604]]]}},{"type":"Feature","properties":{"id":"p3711560","name":"Centerville"},"geometry":{"type":"Polygon","coordinates":[[[-78.1237,36.1805],[-78.1059,36.1741],[-78.1021,36.1765],[-78.0996,36.1909],[-78.1122,36.2005],[-78.12,36.2012],[-78.1201,36.1897],[-78.1178,36.1843],[-78.1237,36.1805]]]}},{"type":"Feature","properties":{"id":"p3733993","name":"JAARS"},"geometry":{"type":"Polygon","coordinates":[[[-80.7578,34.8547],[-80.7469,34.8521],[-80.7399,34.8723],[-80.7472,34.8724],[-80.7535,34.8672],[-80.7578,34.8547]]]}},{"type":"Feature","properties":{"id":"p3719420","name":"East Flat Rock"},"geometry":{"type":"Polygon","coordinates":[[[-82.4355,35.2973],[-82.4348,35.2925],[-82.4336,35.2867],[-82.4262,35.2809],[-82.4317,35.2761],[-82.4231,35.2648],[-82.4198,35.2564],[-82.415,35.2496],[-82.4112,35.2519],[-82.4092,35.2601],[-82.4056,35.2623],[-82.4018,35.2706],[-82.4015,35.2881],[-82.4095,35.2972],[-82.4107,35.2971],[-82.4161,35.2969],[-82.4294,35.3074],[-82.4308,35.2994],[-82.4355,35.2973]]]}},{"type":"Feature","properties":{"id":"p3764000","name":"Spout Springs"},"geometry":{"type":"Polygon","coordinates":[[[-79.0661,35.3174],[-79.0674,35.3109],[-79.0745,35.3011],[-79.0715,35.2953],[-79.0758,35.2868],[-79.0727,35.2792],[-79.0622,35.269],[-79.0536,35.2631],[-79.0309,35.252],[-79.0374,35.2512],[-79.0401,35.2429],[-79.0319,35.2408],[-79.0174,35.2438],[-79.018,35.2508],[-79.0083,35.2521],[-79.0014,35.2578],[-79.0065,35.2645],[-79.0018,35.269],[-79.0094,35.2743],[-79.014,35.2806],[-79.0166,35.2917],[-79.0225,35.2942],[-79.0208,35.2994],[-79.0306,35.2995],[-79.0337,35.2962],[-79.0492,35.3003],[-79.0553,35.2926],[-79.0639,35.3143],[-79.0661,35.3174]]]}},{"type":"Feature","properties":{"id":"p3734260","name":"James City"},"geometry":{"type":"Polygon","coordinates":[[[-77.0505,35.0887],[-77.0611,35.0759],[-77.0581,35.0711],[-77.0575,35.0705],[-77.0496,35.076],[-77.0457,35.0712],[-77.0516,35.0645],[-77.0513,35.063],[-77.0482,35.0581],[-77.0399,35.0601],[-77.0241,35.0577],[-77.0143,35.0503],[-76.9914,35.009],[-76.9819,35.013],[-76.981,35.0167],[-76.9857,35.0273],[-76.9893,35.0438],[-76.9987,35.0549],[-77.0147,35.0681],[-77.0163,35.0804],[-77.0254,35.0835],[-77.0368,35.0976],[-77.0417,35.0996],[-77.0505,35.0887]]]}},{"type":"Feature","properties":{"id":"p3736510","name":"Lake Norman of Catawba"},"geometry":{"type":"Polygon","coordinates":[[[-80.9336,35.5909],[-80.9361,35.5976],[-80.9435,35.6049],[-80.9373,35.614],[-80.9262,35.6181],[-80.9255,35.6209],[-80.938,35.6311],[-80.9438,35.6375],[-80.9507,35.641],[-80.9609,35.6599],[-80.9656,35.6644],[-80.9667,35.671],[-80.9761,35.6785],[-80.9989,35.6768],[-80.9981,35.6727],[-80.9852,35.6631],[-80.9855,35.6539],[-80.9783,35.6458],[-80.9827,35.6383],[-80.9926,35.6301],[-81.0065,35.6292],[-81.0068,35.623],[-81.0189,35.6112],[-81.0288,35.6078],[-81.0326,35.598],[-81.0303,35.5777],[-81.0423,35.572],[-81.0381,35.5595],[-81.0429,35.5527],[-81.0505,35.5501],[-81.0156,35.5486],[-80.96,35.547],[-80.9535,35.5543],[-80.9566,35.5639],[-80.9557,35.5738],[-80.9513,35.5813],[-80.9455,35.5853],[-80.937,35.5875],[-80.9336,35.5909]]]}},{"type":"Feature","properties":{"id":"p3763920","name":"Spivey's Corner"},"geometry":{"type":"Polygon","coordinates":[[[-78.5168,35.188],[-78.5095,35.1799],[-78.4942,35.171],[-78.4773,35.1765],[-78.4597,35.1746],[-78.4625,35.1857],[-78.4573,35.1853],[-78.4577,35.1927],[-78.4617,35.2014],[-78.4704,35.2042],[-78.4651,35.2109],[-78.4665,35.2165],[-78.4636,35.222],[-78.4702,35.228],[-78.4829,35.2303],[-78.4867,35.2281],[-78.4945,35.2314],[-78.4965,35.2084],[-78.4894,35.1984],[-78.4914,35.1945],[-78.507,35.1916],[-78.5168,35.188]]]}},{"type":"Feature","properties":{"id":"p3722380","name":"Fairplains"},"geometry":{"type":"Polygon","coordinates":[[[-81.1746,36.2075],[-81.1715,36.2025],[-81.1773,36.1982],[-81.1662,36.1806],[-81.17,36.1706],[-81.1474,36.1786],[-81.1506,36.1833],[-81.1407,36.1919],[-81.1338,36.1881],[-81.1256,36.1884],[-81.1281,36.1966],[-81.137,36.1973],[-81.1436,36.2032],[-81.1375,36.2081],[-81.1437,36.2107],[-81.1636,36.2152],[-81.1746,36.2075]]]}},{"type":"Feature","properties":{"id":"p3763560","name":"South Weldon"},"geometry":{"type":"Polygon","coordinates":[[[-77.6066,36.4127],[-77.6012,36.405],[-77.5966,36.4162],[-77.6044,36.4216],[-77.6066,36.4127]]]}},{"type":"Feature","properties":{"id":"p3773320","name":"White Oak"},"geometry":{"type":"Polygon","coordinates":[[[-78.7551,34.7485],[-78.7501,34.7412],[-78.7535,34.7371],[-78.7462,34.7334],[-78.7303,34.7316],[-78.7256,34.7233],[-78.718,34.7255],[-78.7133,34.7306],[-78.7049,34.723],[-78.6825,34.7385],[-78.6951,34.7447],[-78.6959,34.75],[-78.691,34.7559],[-78.7001,34.7564],[-78.7089,34.7472],[-78.7218,34.7436],[-78.73,34.743],[-78.7398,34.7524],[-78.7479,34.7558],[-78.7551,34.7485]]]}},{"type":"Feature","properties":{"id":"p3716220","name":"Dana"},"geometry":{"type":"Polygon","coordinates":[[[-82.4034,35.337],[-82.3953,35.3275],[-82.3968,35.3225],[-82.3953,35.3147],[-82.3906,35.3087],[-82.3866,35.2965],[-82.3813,35.3009],[-82.3645,35.2966],[-82.3508,35.2986],[-82.3457,35.3023],[-82.3451,35.3104],[-82.3471,35.3193],[-82.3511,35.3239],[-82.3479,35.3385],[-82.3578,35.3444],[-82.3626,35.351],[-82.3735,35.3515],[-82.3876,35.3454],[-82.4019,35.3424],[-82.4034,35.337]]]}},{"type":"Feature","properties":{"id":"p3741220","name":"Marble"},"geometry":{"type":"Polygon","coordinates":[[[-83.9368,35.1836],[-83.9319,35.1668],[-83.9282,35.1663],[-83.9161,35.1741],[-83.9201,35.1802],[-83.9205,35.1875],[-83.9298,35.1878],[-83.9368,35.1836]]]}},{"type":"Feature","properties":{"id":"p3769755","name":"Vann Crossroads"},"geometry":{"type":"Polygon","coordinates":[[[-78.4302,35.1866],[-78.4277,35.1783],[-78.4285,35.173],[-78.4212,35.1711],[-78.4198,35.1641],[-78.4082,35.1621],[-78.4071,35.1528],[-78.3984,35.1382],[-78.3946,35.1459],[-78.396,35.1552],[-78.3792,35.1683],[-78.377,35.1803],[-78.3875,35.1806],[-78.3957,35.1828],[-78.4074,35.1829],[-78.4253,35.1867],[-78.4302,35.1866]]]}},{"type":"Feature","properties":{"id":"p3722800","name":"Farmington"},"geometry":{"type":"Polygon","coordinates":[[[-80.5457,36.02],[-80.5416,36.0162],[-80.5391,36.0037],[-80.5334,35.9987],[-80.525,36.0001],[-80.5233,36.0102],[-80.5254,36.0211],[-80.5305,36.0248],[-80.5413,36.0245],[-80.5457,36.02]]]}},{"type":"Feature","properties":{"id":"p3766340","name":"Swan Quarter"},"geometry":{"type":"Polygon","coordinates":[[[-76.3496,35.4308],[-76.3473,35.4219],[-76.338,35.4091],[-76.3402,35.4029],[-76.3342,35.3971],[-76.323,35.3967],[-76.315,35.3919],[-76.3113,35.3928],[-76.304,35.4148],[-76.3057,35.4182],[-76.3227,35.4238],[-76.3433,35.4278],[-76.3496,35.4308]]]}},{"type":"Feature","properties":{"id":"p3703530","name":"Barbecue"},"geometry":{"type":"Polygon","coordinates":[[[-79.0306,35.2995],[-79.0304,35.3126],[-79.0248,35.3164],[-79.0152,35.3178],[-79.0154,35.3224],[-79.022,35.3332],[-79.0376,35.336],[-79.0432,35.3401],[-79.0612,35.3314],[-79.0609,35.3237],[-79.0661,35.3174],[-79.0639,35.3143],[-79.0553,35.2926],[-79.0492,35.3003],[-79.0337,35.2962],[-79.0306,35.2995]]]}},{"type":"Feature","properties":{"id":"p3701140","name":"Altamahaw"},"geometry":{"type":"Polygon","coordinates":[[[-79.5102,36.1731],[-79.4949,36.1808],[-79.4993,36.1851],[-79.4965,36.1903],[-79.4989,36.1975],[-79.5083,36.2018],[-79.5115,36.1941],[-79.5098,36.1819],[-79.5133,36.176],[-79.5102,36.1731]]]}},{"type":"Feature","properties":{"id":"p3765100","name":"Stoneville"},"geometry":{"type":"Polygon","coordinates":[[[-79.9233,36.4611],[-79.9159,36.4588],[-79.8968,36.458],[-79.8948,36.4644],[-79.8979,36.4738],[-79.9159,36.474],[-79.9159,36.4661],[-79.9233,36.4611]]]}},{"type":"Feature","properties":{"id":"p3704015","name":"Bayshore"},"geometry":{"type":"Polygon","coordinates":[[[-77.8189,34.3036],[-77.8183,34.2901],[-77.8123,34.28],[-77.7988,34.2756],[-77.79,34.2809],[-77.7817,34.2801],[-77.7838,34.2884],[-77.8016,34.2949],[-77.7978,34.3014],[-77.8189,34.3036]]]}},{"type":"Feature","properties":{"id":"p3700440","name":"Advance"},"geometry":{"type":"Polygon","coordinates":[[[-80.4342,35.9515],[-80.4286,35.9483],[-80.4331,35.9409],[-80.4315,35.9323],[-80.4249,35.9292],[-80.4009,35.9281],[-80.39,35.9353],[-80.3799,35.933],[-80.3742,35.937],[-80.3756,35.9414],[-80.3742,35.9531],[-80.378,35.9622],[-80.3853,35.9662],[-80.3908,35.9602],[-80.4003,35.958],[-80.4013,35.9662],[-80.4069,35.9707],[-80.4095,35.9639],[-80.4294,35.962],[-80.4342,35.9515]]]}},{"type":"Feature","properties":{"id":"p3744800","name":"Mount Airy"},"geometry":{"type":"MultiPolygon","coordinates":[[[[-80.6403,36.4604],[-80.6384,36.4592],[-80.637,36.4602],[-80.6403,36.4604]]],[[[-80.5874,36.5184],[-80.592,36.5306],[-80.6052,36.5332],[-80.6015,36.5377],[-80.6019,36.5479],[-80.6102,36.5465],[-80.619,36.5521],[-80.6259,36.5426],[-80.6306,36.5466],[-80.6462,36.5413],[-80.6478,36.5328],[-80.6395,36.5292],[-80.6317,36.5211],[-80.6292,36.5158],[-80.6334,36.5106],[-80.6316,36.5105],[-80.6299,36.51],[-80.6352,36.5067],[-80.6331,36.5009],[-80.6226,36.4984],[-80.6205,36.4919],[-80.6298,36.4833],[-80.6331,36.4735],[-80.6192,36.4703],[-80.6124,36.4718],[-80.602,36.4701],[-80.5916,36.4775],[-80.5899,36.4846],[-80.5849,36.4908],[-80.5903,36.494],[-80.6003,36.5027],[-80.6003,36.5053],[-80.5921,36.5102],[-80.5874,36.5184]]],[[[-80.6562,36.481],[-80.6555,36.4703],[-80.6434,36.4702],[-80.6394,36.4728],[-80.6457,36.4779],[-80.6562,36.481]]]]}},{"type":"Feature","properties":{"id":"p3715040","name":"Cove Creek"},"geometry":{"type":"Polygon","coordinates":[[[-81.8207,36.2784],[-81.8184,36.2709],[-81.8079,36.2583],[-81.8092,36.2522],[-81.7985,36.252],[-81.7937,36.2543],[-81.7865,36.2528],[-81.7739,36.2561],[-81.76,36.2661],[-81.757,36.28],[-81.7489,36.284],[-81.749,36.2985],[-81.7581,36.3011],[-81.7681,36.2998],[-81.7719,36.2933],[-81.7873,36.2992],[-81.7966,36.2974],[-81.8019,36.2906],[-81.7987,36.2875],[-81.8049,36.2768],[-81.8207,36.2784]]]}},{"type":"Feature","properties":{"id":"p3710880","name":"Castle Hayne"},"geometry":{"type":"Polygon","coordinates":[[[-77.8785,34.339],[-77.8874,34.3582],[-77.8884,34.3641],[-77.8958,34.3638],[-77.8998,34.3671],[-77.9006,34.378],[-77.9072,34.3753],[-77.9185,34.3748],[-77.9214,34.3689],[-77.9288,34.3615],[-77.9388,34.3598],[-77.9404,34.37],[-77.9484,34.3717],[-77.9503,34.3648],[-77.949,34.355],[-77.9441,34.3573],[-77.9347,34.3528],[-77.9209,34.3517],[-77.911,34.3483],[-77.8952,34.3392],[-77.8876,34.3411],[-77.8785,34.339]]]}},{"type":"Feature","properties":{"id":"p3775880","name":"Yadkin College"},"geometry":{"type":"Polygon","coordinates":[[[-80.3942,35.8816],[-80.4007,35.8731],[-80.3897,35.8676],[-80.3876,35.8609],[-80.3815,35.8646],[-80.3744,35.8631],[-80.3675,35.8697],[-80.3616,35.8705],[-80.3588,35.8796],[-80.3602,35.8852],[-80.3676,35.8892],[-80.3726,35.8845],[-80.378,35.8852],[-80.3928,35.8925],[-80.3942,35.8816]]]}},{"type":"Feature","properties":{"id":"p3736480","name":"Lake Junaluska"},"geometry":{"type":"Polygon","coordinates":[[[-83.0022,35.5282],[-83.0051,35.5274],[-82.9979,35.5132],[-82.9984,35.5118],[-82.9979,35.5111],[-82.9899,35.5092],[-82.9727,35.5138],[-82.9676,35.5185],[-82.9536,35.5257],[-82.9442,35.5285],[-82.9553,35.5515],[-82.9704,35.5489],[-82.9819,35.5439],[-83.0018,35.5332],[-83.0006,35.5294],[-83.0019,35.5283],[-83.0022,35.5282]]]}},{"type":"Feature","properties":{"id":"p3712520","name":"Chinquapin"},"geometry":{"type":"Polygon","coordinates":[[[-77.839,34.8342],[-77.8301,34.8262],[-77.8198,34.8251],[-77.8052,34.8261],[-77.8009,34.8317],[-77.8042,34.836],[-77.812,34.834],[-77.8226,34.8397],[-77.8353,34.8378],[-77.839,34.8342]]]}},{"type":"Feature","properties":{"id":"p3760505","name":"Seven Devils"},"geometry":{"type":"Polygon","coordinates":[[[-81.8395,36.119],[-81.8357,36.1194],[-81.831,36.1218],[-81.8316,36.1249],[-81.8263,36.1295],[-81.8245,36.135],[-81.8136,36.1381],[-81.8137,36.1442],[-81.8091,36.1464],[-81.7991,36.1444],[-81.7985,36.1447],[-81.7972,36.1512],[-81.7908,36.1582],[-81.7857,36.1619],[-81.7935,36.1669],[-81.8041,36.1576],[-81.8276,36.1496],[-81.834,36.141],[-81.8262,36.1327],[-81.832,36.125],[-81.8314,36.1217],[-81.8395,36.119]]]}},{"type":"Feature","properties":{"id":"p3768340","name":"Trent Woods"},"geometry":{"type":"Polygon","coordinates":[[[-77.121,35.0884],[-77.127,35.0807],[-77.1228,35.073],[-77.1161,35.0741],[-77.1015,35.074],[-77.0788,35.0704],[-77.0658,35.0747],[-77.0721,35.0794],[-77.0684,35.0869],[-77.0764,35.0888],[-77.0767,35.0936],[-77.0908,35.0898],[-77.0976,35.0896],[-77.1106,35.0847],[-77.121,35.0884]]]}},{"type":"Feature","properties":{"id":"p3768520","name":"Troy"},"geometry":{"type":"Polygon","coordinates":[[[-79.9345,35.3382],[-79.9313,35.3325],[-79.9257,35.3373],[-79.9139,35.3434],[-79.9092,35.3496],[-79.895,35.3515],[-79.8904,35.3484],[-79.8831,35.3505],[-79.8849,35.3586],[-79.8831,35.3704],[-79.8887,35.3714],[-79.8844,35.3786],[-79.8683,35.3747],[-79.8686,35.3782],[-79.8756,35.3842],[-79.867,35.3875],[-79.8644,35.3933],[-79.8698,35.3951],[-79.8775,35.3896],[-79.8783,35.3862],[-79.8942,35.3715],[-79.9054,35.3694],[-79.9126,35.3742],[-79.9164,35.3703],[-79.9068,35.3627],[-79.9069,35.3516],[-79.9178,35.342],[-79.9263,35.337],[-79.9345,35.3382]]]}},{"type":"Feature","properties":{"id":"p3770480","name":"Wagram"},"geometry":{"type":"Polygon","coordinates":[[[-79.38,34.8928],[-79.3783,34.8869],[-79.3638,34.8779],[-79.3517,34.8833],[-79.3516,34.8914],[-79.3665,34.9001],[-79.38,34.8928]]]}},{"type":"Feature","properties":{"id":"p3751040","name":"Peletier"},"geometry":{"type":"Polygon","coordinates":[[[-77.1014,34.7328],[-77.0958,34.7277],[-77.0937,34.715],[-77.0875,34.7167],[-77.0832,34.7116],[-77.0705,34.7118],[-77.0592,34.7184],[-77.0593,34.7215],[-77.0465,34.7331],[-77.0589,34.7343],[-77.0559,34.7445],[-77.0652,34.7384],[-77.0625,34.7316],[-77.071,34.7329],[-77.0752,34.741],[-77.0849,34.7392],[-77.0926,34.7412],[-77.0935,34.734],[-77.1014,34.7328]]]}},{"type":"Feature","properties":{"id":"p3764840","name":"Stedman"},"geometry":{"type":"Polygon","coordinates":[[[-78.7092,35.0134],[-78.7055,35.0085],[-78.7085,34.9977],[-78.7043,34.9954],[-78.7,35.0038],[-78.6873,35.0009],[-78.6843,35.0078],[-78.6852,35.0154],[-78.7012,35.0191],[-78.7092,35.0134]]]}},{"type":"Feature","properties":{"id":"p3731360","name":"Highlands"},"geometry":{"type":"Polygon","coordinates":[[[-83.2315,35.0497],[-83.2224,35.0443],[-83.2224,35.0399],[-83.2061,35.0312],[-83.199,35.0306],[-83.2014,35.0402],[-83.1974,35.0417],[-83.1842,35.0344],[-83.1837,35.053],[-83.1709,35.0536],[-83.1619,35.051],[-83.1561,35.0566],[-83.153,35.0653],[-83.1704,35.0662],[-83.1792,35.0612],[-83.1893,35.0687],[-83.2045,35.0672],[-83.2162,35.0702],[-83.2245,35.0704],[-83.2212,35.0621],[-83.222,35.0515],[-83.2315,35.0497]]]}},{"type":"Feature","properties":{"id":"p3729560","name":"Harkers Island"},"geometry":{"type":"Polygon","coordinates":[[[-76.5863,34.7139],[-76.5846,34.7018],[-76.5816,34.6991],[-76.5257,34.6852],[-76.5259,34.6919],[-76.5381,34.696],[-76.5554,34.6968],[-76.5642,34.7022],[-76.5606,34.71],[-76.5687,34.713],[-76.5863,34.7139]]]}},{"type":"Feature","properties":{"id":"p3768320","name":"Trenton"},"geometry":{"type":"Polygon","coordinates":[[[-77.3623,35.0665],[-77.3551,35.0621],[-77.3544,35.0669],[-77.3623,35.0665]]]}},{"type":"Feature","properties":{"id":"p3756815","name":"River Road"},"geometry":{"type":"Polygon","coordinates":[[[-77.0293,35.5281],[-77.0097,35.5137],[-77.0078,35.5075],[-76.9878,35.4932],[-76.9792,35.4834],[-76.968,35.4818],[-76.955,35.4857],[-76.9579,35.497],[-76.9644,35.5121],[-76.9813,35.5156],[-76.9915,35.5259],[-76.9876,35.5354],[-77.0237,35.5362],[-77.0253,35.5361],[-77.0249,35.5352],[-77.0293,35.5281]]]}},{"type":"Feature","properties":{"id":"p3745840","name":"Myrtle Grove"},"geometry":{"type":"Polygon","coordinates":[[[-77.8996,34.1261],[-77.9007,34.1166],[-77.8991,34.0988],[-77.8959,34.0856],[-77.882,34.0851],[-77.8732,34.1139],[-77.8674,34.1252],[-77.859,34.148],[-77.8698,34.1517],[-77.892,34.1569],[-77.8922,34.153],[-77.8923,34.1499],[-77.8937,34.1401],[-77.8996,34.1261]]]}},{"type":"Feature","properties":{"id":"p3722982","name":"Fearrington Village"},"geometry":{"type":"Polygon","coordinates":[[[-79.1002,35.7937],[-79.0976,35.7921],[-79.0763,35.7909],[-79.0674,35.7929],[-79.0646,35.8035],[-79.0679,35.8057],[-79.0857,35.8112],[-79.0941,35.8055],[-79.0949,35.7979],[-79.1002,35.7937]]]}},{"type":"Feature","properties":{"id":"p3726460","name":"Glen Raven"},"geometry":{"type":"Polygon","coordinates":[[[-79.4958,36.1174],[-79.4958,36.117],[-79.4956,36.1154],[-79.4951,36.1112],[-79.4857,36.111],[-79.4752,36.1134],[-79.4613,36.1129],[-79.4536,36.1181],[-79.4533,36.12],[-79.4502,36.124],[-79.4443,36.1294],[-79.4427,36.1297],[-79.434,36.1319],[-79.4304,36.1312],[-79.4275,36.134],[-79.4332,36.1416],[-79.4417,36.1353],[-79.4517,36.1349],[-79.4576,36.1372],[-79.4622,36.1324],[-79.4667,36.1341],[-79.4734,36.1297],[-79.4858,36.1286],[-79.491,36.1257],[-79.4904,36.121],[-79.4958,36.1174]]]}},{"type":"Feature","properties":{"id":"p3748790","name":"Ogden"},"geometry":{"type":"Polygon","coordinates":[[[-77.8259,34.2655],[-77.8265,34.2565],[-77.8177,34.2556],[-77.7995,34.257],[-77.7843,34.2473],[-77.7679,34.2659],[-77.7703,34.2723],[-77.7817,34.2801],[-77.79,34.2809],[-77.7988,34.2756],[-77.8123,34.28],[-77.8189,34.2724],[-77.8207,34.2705],[-77.8259,34.2655]]]}},{"type":"Feature","properties":{"id":"p3746860","name":"Newport"},"geometry":{"type":"Polygon","coordinates":[[[-76.9304,34.7629],[-76.9312,34.7555],[-76.9144,34.7607],[-76.9129,34.7521],[-76.9054,34.7571],[-76.9048,34.7496],[-76.8939,34.7496],[-76.8919,34.7453],[-76.8839,34.7459],[-76.8846,34.7526],[-76.8619,34.753],[-76.8619,34.7559],[-76.8465,34.7558],[-76.8532,34.7628],[-76.8479,34.765],[-76.8511,34.7741],[-76.8602,34.7742],[-76.8582,34.7793],[-76.8454,34.7763],[-76.8437,34.7849],[-76.8524,34.7905],[-76.8574,34.8028],[-76.8636,34.802],[-76.8718,34.8055],[-76.8753,34.8003],[-76.8802,34.802],[-76.8922,34.8012],[-76.8889,34.7956],[-76.8814,34.7957],[-76.8761,34.7829],[-76.879,34.7772],[-76.8921,34.7655],[-76.8972,34.7669],[-76.9157,34.7617],[-76.9267,34.7665],[-76.9304,34.7629]]]}},{"type":"Feature","properties":{"id":"p3713000","name":"Cleveland"},"geometry":{"type":"Polygon","coordinates":[[[-80.6975,35.7303],[-80.6915,35.7237],[-80.6873,35.7272],[-80.6681,35.7269],[-80.666,35.7333],[-80.6675,35.7412],[-80.6851,35.7412],[-80.6897,35.734],[-80.6975,35.7303]]]}},{"type":"Feature","properties":{"id":"p3769740","name":"Vander"},"geometry":{"type":"Polygon","coordinates":[[[-78.7735,35.0415],[-78.7715,35.0496],[-78.7757,35.0521],[-78.7887,35.0522],[-78.7977,35.0459],[-78.8022,35.0459],[-78.8089,35.0247],[-78.8111,35.0209],[-78.7971,35.0218],[-78.7877,35.0166],[-78.7773,35.0209],[-78.7703,35.028],[-78.7737,35.0395],[-78.7735,35.0415]]]}},{"type":"Feature","properties":{"id":"p3744280","name":"Moravian Falls"},"geometry":{"type":"Polygon","coordinates":[[[-81.1872,36.126],[-81.1965,36.1136],[-81.1975,36.097],[-81.201,36.0921],[-81.1992,36.0851],[-81.1925,36.0877],[-81.1878,36.0807],[-81.1822,36.0786],[-81.1803,36.0915],[-81.1739,36.089],[-81.1659,36.0998],[-81.1677,36.1083],[-81.1633,36.1115],[-81.1585,36.1206],[-81.1616,36.1285],[-81.1836,36.131],[-81.1872,36.126]]]}},{"type":"Feature","properties":{"id":"p3719800","name":"East Rockingham"},"geometry":{"type":"Polygon","coordinates":[[[-79.7882,34.9195],[-79.7922,34.9124],[-79.7891,34.9098],[-79.7867,34.9078],[-79.7659,34.9038],[-79.755,34.895],[-79.7427,34.8988],[-79.7458,34.9032],[-79.7417,34.9123],[-79.7428,34.9132],[-79.7467,34.9142],[-79.7574,34.9164],[-79.7632,34.9217],[-79.7677,34.9307],[-79.7774,34.9261],[-79.7825,34.9193],[-79.7882,34.9195]]]}},{"type":"Feature","properties":{"id":"p3755080","name":"Randleman"},"geometry":{"type":"Polygon","coordinates":[[[-79.8072,35.7916],[-79.8122,35.7931],[-79.8104,35.8074],[-79.7891,35.8074],[-79.7896,35.8342],[-79.8006,35.8346],[-79.803,35.8292],[-79.816,35.8293],[-79.8161,35.8248],[-79.8221,35.823],[-79.83,35.8276],[-79.8359,35.8258],[-79.8366,35.8202],[-79.8283,35.8174],[-79.8162,35.8183],[-79.8163,35.8001],[-79.82,35.801],[-79.8261,35.7909],[-79.8145,35.7879],[-79.8113,35.7879],[-79.8081,35.7871],[-79.8072,35.7916]]]}},{"type":"Feature","properties":{"id":"p3757020","name":"Robbinsville"},"geometry":{"type":"Polygon","coordinates":[[[-83.8202,35.3178],[-83.8102,35.3159],[-83.8009,35.3232],[-83.8027,35.3279],[-83.8099,35.3291],[-83.8113,35.322],[-83.8202,35.3178]]]}},{"type":"Feature","properties":{"id":"p3751080","name":"Pembroke"},"geometry":{"type":"MultiPolygon","coordinates":[[[[-79.1813,34.6654],[-79.1775,34.6568],[-79.1699,34.6612],[-79.166,34.6586],[-79.1581,34.6645],[-79.1671,34.6688],[-79.1813,34.6654]]],[[[-79.2188,34.6847],[-79.2136,34.6811],[-79.2164,34.6762],[-79.205,34.6713],[-79.2021,34.6631],[-79.1908,34.6739],[-79.1879,34.6714],[-79.1765,34.676],[-79.1829,34.6849],[-79.1835,34.6894],[-79.2007,34.6885],[-79.2007,34.6846],[-79.2154,34.6894],[-79.2188,34.6847]]]]}},{"type":"Feature","properties":{"id":"p3743580","name":"Misenheimer"},"geometry":{"type":"Polygon","coordinates":[[[-80.2707,35.4934],[-80.2773,35.494],[-80.2886,35.4911],[-80.2891,35.4852],[-80.3,35.4855],[-80.3028,35.4813],[-80.2899,35.4679],[-80.2842,35.4738],[-80.2826,35.4738],[-80.2834,35.4773],[-80.2724,35.4779],[-80.2752,35.4843],[-80.2766,35.4869],[-80.2707,35.4934]]]}},{"type":"Feature","properties":{"id":"p3739880","name":"McAdenville"},"geometry":{"type":"Polygon","coordinates":[[[-81.0894,35.2842],[-81.0936,35.2755],[-81.0894,35.271],[-81.0842,35.2667],[-81.0866,35.2588],[-81.0795,35.2511],[-81.0786,35.2505],[-81.0701,35.2529],[-81.0667,35.2596],[-81.0725,35.2654],[-81.0826,35.2678],[-81.0794,35.2768],[-81.0894,35.2842]]]}},{"type":"Feature","properties":{"id":"p3750340","name":"Parkton"},"geometry":{"type":"Polygon","coordinates":[[[-79.0204,34.8991],[-79.0092,34.8943],[-79.0002,34.9051],[-79.0126,34.9116],[-79.0209,34.9019],[-79.0204,34.8991]]]}},{"type":"Feature","properties":{"id":"p3768740","name":"Turkey"},"geometry":{"type":"Polygon","coordinates":[[[-78.1895,35.0007],[-78.1916,34.9989],[-78.186,34.9889],[-78.18,34.9935],[-78.1826,35.0007],[-78.1895,35.0007]]]}},{"type":"Feature","properties":{"id":"p3726200","name":"Glen Alpine"},"geometry":{"type":"Polygon","coordinates":[[[-81.7707,35.7275],[-81.7662,35.733],[-81.7657,35.7403],[-81.7723,35.7444],[-81.7788,35.7363],[-81.7873,35.7421],[-81.794,35.7427],[-81.7955,35.7277],[-81.7907,35.7183],[-81.787,35.7159],[-81.7753,35.7187],[-81.7717,35.722],[-81.773,35.7241],[-81.7707,35.7275]]]}},{"type":"Feature","properties":{"id":"p3711340","name":"Cedar Point"},"geometry":{"type":"MultiPolygon","coordinates":[[[[-77.0704,34.7106],[-77.0682,34.7063],[-77.0679,34.7111],[-77.0704,34.7106]]],[[[-77.0704,34.7106],[-77.0747,34.6993],[-77.0711,34.6963],[-77.08,34.6912],[-77.0908,34.6895],[-77.0986,34.6795],[-77.105,34.6755],[-77.0927,34.6729],[-77.0836,34.676],[-77.0669,34.6793],[-77.0706,34.6916],[-77.0677,34.7039],[-77.0704,34.7106]]]]}},{"type":"Feature","properties":{"id":"p3713980","name":"Columbus"},"geometry":{"type":"MultiPolygon","coordinates":[[[[-82.2073,35.2876],[-82.205,35.2734],[-82.1951,35.2741],[-82.1925,35.2813],[-82.1833,35.2884],[-82.1777,35.2887],[-82.1877,35.3016],[-82.1908,35.2959],[-82.1976,35.2908],[-82.2073,35.2876]]],[[[-82.2196,35.2391],[-82.2111,35.2377],[-82.198,35.2381],[-82.1971,35.2423],[-82.1874,35.25],[-82.1949,35.2592],[-82.2015,35.2637],[-82.2042,35.2568],[-82.2184,35.2456],[-82.2196,35.2391]]]]}},{"type":"Feature","properties":{"id":"p3731500","name":"Hildebran"},"geometry":{"type":"Polygon","coordinates":[[[-81.4432,35.7167],[-81.4432,35.7113],[-81.4271,35.7059],[-81.4201,35.7054],[-81.4159,35.7091],[-81.4104,35.7071],[-81.4026,35.7171],[-81.4002,35.7203],[-81.4025,35.7241],[-81.4058,35.7285],[-81.4089,35.7312],[-81.4096,35.7329],[-81.4105,35.7289],[-81.4249,35.7314],[-81.4327,35.7295],[-81.4315,35.7159],[-81.4432,35.7167]]]}},{"type":"Feature","properties":{"id":"p3739420","name":"Love Valley"},"geometry":{"type":"Polygon","coordinates":[[[-80.9833,35.9871],[-80.9697,35.9872],[-80.9648,35.9955],[-80.9754,35.9927],[-80.9913,35.9905],[-80.9928,35.9839],[-80.9888,35.9783],[-80.9833,35.9871]]]}},{"type":"Feature","properties":{"id":"p3716980","name":"Denton"},"geometry":{"type":"Polygon","coordinates":[[[-80.1318,35.6353],[-80.1295,35.6298],[-80.1103,35.6256],[-80.1042,35.6352],[-80.1034,35.6523],[-80.1109,35.6528],[-80.1101,35.6469],[-80.1142,35.6392],[-80.1224,35.641],[-80.1318,35.6353]]]}},{"type":"Feature","properties":{"id":"p3762520","name":"Smithfield"},"geometry":{"type":"MultiPolygon","coordinates":[[[[-78.3043,35.525],[-78.3157,35.5245],[-78.3178,35.5352],[-78.3255,35.5352],[-78.3257,35.5308],[-78.3414,35.5316],[-78.3437,35.5367],[-78.3516,35.542],[-78.3618,35.546],[-78.3775,35.5469],[-78.385,35.5357],[-78.3808,35.5339],[-78.376,35.5216],[-78.3827,35.5178],[-78.3827,35.5128],[-78.376,35.508],[-78.3752,35.4974],[-78.3659,35.4935],[-78.3662,35.4844],[-78.3742,35.4827],[-78.3889,35.4732],[-78.3803,35.4713],[-78.3681,35.478],[-78.3518,35.4895],[-78.3428,35.4933],[-78.3011,35.5144],[-78.3045,35.5193],[-78.3043,35.525]]],[[[-78.4034,35.4725],[-78.3907,35.4692],[-78.3916,35.4743],[-78.4007,35.4781],[-78.4034,35.4725]]]]}},{"type":"Feature","properties":{"id":"p3755000","name":"Raleigh"},"geometry":{"type":"MultiPolygon","coordinates":[[[[-78.4853,35.8493],[-78.4856,35.8388],[-78.4708,35.8394],[-78.474,35.8453],[-78.4853,35.8493]]],[[[-78.5161,35.8398],[-78.5141,35.836],[-78.5016,35.8374],[-78.5011,35.8452],[-78.5161,35.8398]]],[[[-78.5127,35.9048],[-78.5204,35.9062],[-78.5227,35.8935],[-78.5192,35.8913],[-78.5066,35.896],[-78.5024,35.8994],[-78.5058,35.9043],[-78.5127,35.9048]]],[[[-78.5262,35.7143],[-78.5231,35.7083],[-78.5123,35.7173],[-78.5084,35.7155],[-78.5019,35.7244],[-78.5136,35.7268],[-78.5221,35.716],[-78.5262,35.7143]]],[[[-78.5192,35.815],[-78.525,35.813],[-78.5266,35.807],[-78.522,35.8033],[-78.5193,35.8057],[-78.5192,35.815]]],[[[-78.5426,35.8393],[-78.5422,35.8369],[-78.5311,35.8335],[-78.5306,35.8457],[-78.539,35.8457],[-78.5426,35.8393]]],[[[-78.7233,35.9116],[-78.7222,35.9061],[-78.7062,35.9021],[-78.704,35.9066],[-78.7127,35.9135],[-78.7233,35.9116]]],[[[-78.8189,35.8969],[-78.8155,35.8932],[-78.803,35.8941],[-78.8011,35.8903],[-78.7886,35.8919],[-78.7834,35.8979],[-78.769,35.8994],[-78.7638,35.8921],[-78.7639,35.8839],[-78.7698,35.8841],[-78.7713,35.869],[-78.7655,35.8644],[-78.774,35.8617],[-78.7856,35.8526],[-78.7772,35.8522],[-78.7776,35.844],[-78.7635,35.8412],[-78.7605,35.8333],[-78.7564,35.8333],[-78.7508,35.8257],[-78.741,35.8231],[-78.7516,35.8257],[-78.7418,35.816],[-78.7404,35.8146],[-78.7407,35.8129],[-78.7407,35.8066],[-78.741,35.8065],[-78.7409,35.8053],[-78.7437,35.796],[-78.7471,35.7929],[-78.7501,35.7834],[-78.7511,35.7804],[-78.7401,35.7699],[-78.737,35.7645],[-78.7352,35.763],[-78.7295,35.7576],[-78.7363,35.7474],[-78.7349,35.7464],[-78.7177,35.749],[-78.7055,35.7494],[-78.7056,35.7454],[-78.6946,35.7468],[-78.6871,35.7433],[-78.6743,35.7432],[-78.6625,35.7359],[-78.6617,35.7313],[-78.654,35.7312],[-78.654,35.7265],[-78.6457,35.7259],[-78.6442,35.7263],[-78.6421,35.7262],[-78.6396,35.7256],[-78.638,35.7255],[-78.6381,35.7305],[-78.6289,35.7284],[-78.6221,35.7306],[-78.603,35.7335],[-78.5975,35.7368],[-78.5972,35.7474],[-78.6015,35.749],[-78.601,35.7563],[-78.5918,35.7571],[-78.5868,35.7539],[-78.5766,35.7588],[-78.5727,35.7676],[-78.5637,35.7625],[-78.558,35.7623],[-78.571,35.7519],[-78.5788,35.7553],[-78.5909,35.7527],[-78.5931,35.7476],[-78.5842,35.7359],[-78.5747,35.7343],[-78.5686,35.7394],[-78.5601,35.733],[-78.5732,35.7337],[-78.5755,35.7307],[-78.5702,35.7187],[-78.5479,35.7147],[-78.5486,35.7088],[-78.5396,35.7093],[-78.5381,35.7209],[-78.5287,35.7257],[-78.5292,35.7351],[-78.5213,35.7367],[-78.5186,35.7403],[-78.5103,35.7402],[-78.5049,35.7458],[-78.5159,35.7458],[-78.5165,35.749],[-78.5301,35.7471],[-78.5274,35.7392],[-78.5375,35.7427],[-78.5437,35.7472],[-78.5438,35.7329],[-78.5565,35.7337],[-78.5556,35.7399],[-78.5472,35.7395],[-78.5468,35.7497],[-78.5446,35.7572],[-78.5469,35.7621],[-78.5402,35.7662],[-78.539,35.7713],[-78.5402,35.7733],[-78.5362,35.7863],[-78.5387,35.7936],[-78.5353,35.8003],[-78.5399,35.8034],[-78.5325,35.8102],[-78.5339,35.8179],[-78.5473,35.8158],[-78.5506,35.8206],[-78.5589,35.8208],[-78.5592,35.8289],[-78.5555,35.834],[-78.544,35.8369],[-78.5433,35.8451],[-78.5514,35.8453],[-78.5503,35.8527],[-78.5581,35.8531],[-78.5632,35.8584],[-78.5599,35.8637],[-78.5535,35.8597],[-78.5475,35.8627],[-78.5435,35.858],[-78.5294,35.8547],[-78.527,35.8641],[-78.5164,35.8636],[-78.5147,35.8718],[-78.5074,35.871],[-78.5035,35.8635],[-78.4978,35.8634],[-78.5002,35.8711],[-78.5065,35.8716],[-78.5065,35.88],[-78.5101,35.8832],[-78.5048,35.8904],[-78.5066,35.896],[-78.5197,35.8903],[-78.5152,35.8845],[-78.5281,35.8843],[-78.5332,35.8877],[-78.5354,35.8998],[-78.5451,35.9055],[-78.5581,35.9098],[-78.5599,35.9159],[-78.556,35.9209],[-78.5523,35.9405],[-78.5416,35.9401],[-78.5412,35.9409],[-78.541,35.9414],[-78.5399,35.9501],[-78.5453,35.9653],[-78.5453,35.9656],[-78.557,35.9709],[-78.5624,35.9651],[-78.5681,35.9528],[-78.5738,35.9481],[-78.5745,35.9391],[-78.5831,35.9339],[-78.6036,35.9034],[-78.612,35.8963],[-78.6143,35.8989],[-78.6283,35.8999],[-78.6438,35.9093],[-78.6577,35.9123],[-78.6627,35.9097],[-78.6734,35.9108],[-78.6723,35.9055],[-78.6818,35.8966],[-78.6827,35.8873],[-78.6928,35.8861],[-78.6918,35.8913],[-78.7028,35.8988],[-78.7069,35.8933],[-78.7141,35.895],[-78.7217,35.8896],[-78.7186,35.8859],[-78.7193,35.8771],[-78.727,35.8783],[-78.7276,35.8884],[-78.732,35.8886],[-78.7305,35.8968],[-78.7261,35.9025],[-78.7249,35.9095],[-78.7337,35.9088],[-78.7348,35.9175],[-78.7411,35.9206],[-78.7394,35.9271],[-78.7458,35.9359],[-78.7554,35.9336],[-78.7613,35.9258],[-78.7497,35.9239],[-78.7498,35.9202],[-78.7653,35.9161],[-78.7723,35.9157],[-78.772,35.9219],[-78.785,35.9208],[-78.7858,35.9155],[-78.7991,35.9245],[-78.8093,35.9164],[-78.8093,35.9136],[-78.81,35.9137],[-78.813,35.9142],[-78.8155,35.9147],[-78.8165,35.9118],[-78.8168,35.9099],[-78.8169,35.909],[-78.818,35.9031],[-78.8185,35.8992],[-78.8189,35.8969]],[[-78.7508,35.8758],[-78.7432,35.8796],[-78.7426,35.8729],[-78.7299,35.8749],[-78.7286,35.8696],[-78.7313,35.8623],[-78.7415,35.869],[-78.745,35.8752],[-78.7508,35.8758]],[[-78.7109,35.8024],[-78.7061,35.7942],[-78.7131,35.7916],[-78.7247,35.8004],[-78.7182,35.8038],[-78.7109,35.8024]],[[-78.7172,35.8512],[-78.7105,35.8466],[-78.7187,35.8403],[-78.7172,35.8512]],[[-78.6475,35.8991],[-78.6466,35.9059],[-78.636,35.9035],[-78.6327,35.8967],[-78.6413,35.8951],[-78.6475,35.8991]],[[-78.5967,35.8829],[-78.5953,35.885],[-78.5818,35.8819],[-78.5773,35.8841],[-78.5712,35.8816],[-78.5769,35.8728],[-78.5879,35.8779],[-78.5914,35.8841],[-78.5967,35.8829]],[[-78.5921,35.9139],[-78.5942,35.9166],[-78.5887,35.9243],[-78.5829,35.919],[-78.5921,35.9139]],[[-78.5927,35.8075],[-78.5832,35.8061],[-78.5716,35.8075],[-78.5719,35.799],[-78.5808,35.8046],[-78.5919,35.803],[-78.5927,35.8075]],[[-78.5866,35.9058],[-78.5833,35.9105],[-78.5755,35.9111],[-78.5778,35.9046],[-78.5866,35.9058]]]]}},{"type":"Feature","properties":{"id":"p3767420","name":"Thomasville"},"geometry":{"type":"Polygon","coordinates":[[[-80.0514,35.9195],[-80.0699,35.9231],[-80.0709,35.9266],[-80.0842,35.9198],[-80.0816,35.9117],[-80.1028,35.9053],[-80.1115,35.9002],[-80.1062,35.8938],[-80.1373,35.8797],[-80.1323,35.8727],[-80.1209,35.8769],[-80.1117,35.8767],[-80.1121,35.8699],[-80.1046,35.871],[-80.0991,35.8745],[-80.0951,35.8676],[-80.0963,35.8621],[-80.1052,35.863],[-80.1073,35.85],[-80.1074,35.8405],[-80.0943,35.838],[-80.0878,35.8428],[-80.0815,35.8318],[-80.0731,35.8318],[-80.0704,35.8473],[-80.0718,35.8543],[-80.0499,35.8612],[-80.0495,35.8675],[-80.058,35.8693],[-80.0541,35.8753],[-80.0492,35.875],[-80.046,35.8796],[-80.0462,35.8903],[-80.0429,35.8941],[-80.0482,35.8941],[-80.0471,35.9145],[-80.0486,35.9168],[-80.0512,35.9192],[-80.0514,35.9195]]]}},{"type":"Feature","properties":{"id":"p3765530","name":"Sugar Mountain"},"geometry":{"type":"Polygon","coordinates":[[[-81.8395,36.119],[-81.8473,36.1281],[-81.8497,36.1336],[-81.8564,36.1374],[-81.8834,36.133],[-81.8819,36.1186],[-81.8776,36.1148],[-81.8696,36.1154],[-81.845,36.1253],[-81.8428,36.1167],[-81.8412,36.1154],[-81.8357,36.1194],[-81.8395,36.119]]]}},{"type":"Feature","properties":{"id":"p3754580","name":"Raeford"},"geometry":{"type":"Polygon","coordinates":[[[-79.2454,34.9905],[-79.2544,34.9943],[-79.2556,34.9864],[-79.2525,34.9755],[-79.246,34.971],[-79.2349,34.9676],[-79.2189,34.9665],[-79.2105,34.9679],[-79.2108,34.9747],[-79.2021,34.9747],[-79.2032,34.987],[-79.2089,34.9928],[-79.2184,34.9897],[-79.2205,34.9944],[-79.2454,34.9905]]]}},{"type":"Feature","properties":{"id":"p3742020","name":"Maxton"},"geometry":{"type":"Polygon","coordinates":[[[-79.3794,34.7423],[-79.3751,34.7365],[-79.3679,34.7395],[-79.3591,34.7354],[-79.361,34.7191],[-79.3654,34.7142],[-79.3562,34.711],[-79.3573,34.7249],[-79.3515,34.7307],[-79.3452,34.7288],[-79.3386,34.7333],[-79.337,34.7452],[-79.3447,34.7452],[-79.3384,34.7591],[-79.3492,34.7509],[-79.3545,34.7488],[-79.3574,34.7425],[-79.3621,34.7422],[-79.3734,34.7463],[-79.3794,34.7423]]]}},{"type":"Feature","properties":{"id":"p3732840","name":"Hot Springs"},"geometry":{"type":"Polygon","coordinates":[[[-82.8571,35.9034],[-82.8451,35.9067],[-82.8413,35.8994],[-82.844,35.8931],[-82.8397,35.8851],[-82.8348,35.8812],[-82.8259,35.8787],[-82.8101,35.8786],[-82.8024,35.8748],[-82.8006,35.8843],[-82.8146,35.8851],[-82.8181,35.8931],[-82.8247,35.9021],[-82.8219,35.9042],[-82.838,35.9114],[-82.8442,35.9062],[-82.8505,35.9106],[-82.8571,35.9034]]]}},{"type":"Feature","properties":{"id":"p3735920","name":"Kinston"},"geometry":{"type":"MultiPolygon","coordinates":[[[[-77.6682,35.2756],[-77.6626,35.2703],[-77.6613,35.2648],[-77.6515,35.2638],[-77.6471,35.2557],[-77.6339,35.2617],[-77.616,35.2671],[-77.598,35.2634],[-77.5896,35.2569],[-77.5834,35.2476],[-77.5903,35.2449],[-77.5793,35.2343],[-77.5864,35.2284],[-77.5754,35.2279],[-77.5743,35.2326],[-77.5649,35.2352],[-77.5511,35.2353],[-77.5536,35.2409],[-77.5629,35.2498],[-77.5516,35.2553],[-77.5516,35.2652],[-77.5537,35.2725],[-77.5475,35.2793],[-77.5433,35.2935],[-77.5567,35.2882],[-77.5556,35.2837],[-77.5627,35.2775],[-77.572,35.2869],[-77.5649,35.2919],[-77.5623,35.3021],[-77.5765,35.307],[-77.5812,35.3139],[-77.5925,35.3101],[-77.5933,35.3217],[-77.5982,35.3225],[-77.5947,35.3072],[-77.609,35.302],[-77.613,35.306],[-77.6212,35.3034],[-77.6195,35.2897],[-77.6312,35.2836],[-77.6301,35.2738],[-77.6388,35.2762],[-77.6409,35.2837],[-77.6445,35.2852],[-77.6509,35.2786],[-77.6601,35.2781],[-77.6682,35.2756]]],[[[-77.6744,35.2608],[-77.6742,35.2536],[-77.6654,35.2537],[-77.6651,35.2607],[-77.6744,35.2608]]]]}},{"type":"Feature","properties":{"id":"p3776200","name":"Youngsville"},"geometry":{"type":"MultiPolygon","coordinates":[[[[-78.472,36.0409],[-78.4718,36.0316],[-78.4576,36.0321],[-78.4566,36.0364],[-78.4639,36.0426],[-78.472,36.0409]]],[[[-78.4976,36.0235],[-78.4912,36.0198],[-78.4914,36.0146],[-78.4826,36.0144],[-78.4809,36.0077],[-78.4744,36.0099],[-78.4675,36.0174],[-78.47,36.0193],[-78.4702,36.0302],[-78.478,36.0301],[-78.481,36.0435],[-78.4894,36.0389],[-78.4839,36.0332],[-78.4848,36.0272],[-78.4914,36.0279],[-78.4976,36.0235]]]]}},{"type":"Feature","properties":{"id":"p3771220","name":"Washington"},"geometry":{"type":"MultiPolygon","coordinates":[[[[-77.0831,35.5953],[-77.0769,35.5899],[-77.0728,35.5943],[-77.0734,35.6006],[-77.0775,35.6042],[-77.0831,35.5953]]],[[[-77.0237,35.5362],[-77.0187,35.544],[-77.0223,35.5497],[-77.0112,35.557],[-77.0242,35.5609],[-77.0275,35.5708],[-77.0404,35.5671],[-77.0389,35.5718],[-77.0534,35.5797],[-77.0536,35.5718],[-77.0592,35.5635],[-77.0649,35.5614],[-77.0708,35.5673],[-77.0767,35.5676],[-77.0784,35.5758],[-77.0898,35.5711],[-77.083,35.5624],[-77.0772,35.5634],[-77.0736,35.559],[-77.0773,35.5518],[-77.0682,35.5495],[-77.0847,35.5334],[-77.0743,35.5291],[-77.0656,35.5376],[-77.0541,35.5314],[-77.0496,35.5371],[-77.0403,35.5347],[-77.0326,35.5395],[-77.0253,35.5361],[-77.0237,35.5362]]],[[[-77.0949,35.6029],[-77.0864,35.6026],[-77.09,35.6088],[-77.0949,35.6029]]]]}},{"type":"Feature","properties":{"id":"p3709800","name":"Cameron"},"geometry":{"type":"Polygon","coordinates":[[[-79.2757,35.3249],[-79.2607,35.323],[-79.2606,35.3188],[-79.243,35.3188],[-79.243,35.3333],[-79.2607,35.3333],[-79.2624,35.3296],[-79.2757,35.3249]]]}},{"type":"Feature","properties":{"id":"p3757000","name":"Robbins"},"geometry":{"type":"Polygon","coordinates":[[[-79.6046,35.4306],[-79.5894,35.4269],[-79.573,35.4264],[-79.5685,35.4338],[-79.5759,35.434],[-79.584,35.437],[-79.5856,35.4417],[-79.5957,35.4393],[-79.5935,35.4339],[-79.6046,35.4306]]]}},{"type":"Feature","properties":{"id":"p3724640","name":"Franklin"},"geometry":{"type":"Polygon","coordinates":[[[-83.4117,35.1809],[-83.3987,35.1758],[-83.4073,35.1715],[-83.4007,35.1622],[-83.3858,35.1649],[-83.3733,35.1641],[-83.3664,35.1659],[-83.365,35.1698],[-83.3579,35.1733],[-83.354,35.1803],[-83.3548,35.1926],[-83.3607,35.1967],[-83.3712,35.1945],[-83.3776,35.1963],[-83.3905,35.1948],[-83.3966,35.1894],[-83.3989,35.1828],[-83.4117,35.1809]]]}},{"type":"Feature","properties":{"id":"p3701760","name":"Archer Lodge"},"geometry":{"type":"Polygon","coordinates":[[[-78.397,35.6592],[-78.3921,35.668],[-78.3817,35.6751],[-78.3615,35.6765],[-78.3593,35.6712],[-78.3542,35.6705],[-78.3384,35.6775],[-78.3373,35.6838],[-78.3494,35.7002],[-78.3503,35.7073],[-78.3575,35.7062],[-78.3598,35.7158],[-78.3712,35.7142],[-78.3725,35.7064],[-78.385,35.7097],[-78.3973,35.7097],[-78.3975,35.7027],[-78.4066,35.7013],[-78.4155,35.6851],[-78.3998,35.6851],[-78.4033,35.6779],[-78.3987,35.6767],[-78.3929,35.6817],[-78.3855,35.6816],[-78.3854,35.6741],[-78.3985,35.6731],[-78.4012,35.668],[-78.3966,35.6647],[-78.397,35.6592]]]}},{"type":"Feature","properties":{"id":"p3704680","name":"Bell Arthur"},"geometry":{"type":"Polygon","coordinates":[[[-77.5266,35.5929],[-77.5197,35.573],[-77.5129,35.5771],[-77.5057,35.5899],[-77.4986,35.5942],[-77.4979,35.5985],[-77.5031,35.6054],[-77.5177,35.6016],[-77.5181,35.5977],[-77.5266,35.5929]]]}},{"type":"Feature","properties":{"id":"p3716180","name":"Dallas"},"geometry":{"type":"Polygon","coordinates":[[[-81.1747,35.3006],[-81.1651,35.3062],[-81.1639,35.3177],[-81.1675,35.3231],[-81.1926,35.3248],[-81.1988,35.3298],[-81.21,35.3321],[-81.2153,35.3248],[-81.2093,35.3224],[-81.2095,35.3174],[-81.1926,35.3154],[-81.1872,35.3098],[-81.1747,35.3006]]]}},{"type":"Feature","properties":{"id":"p3724080","name":"Forest City"},"geometry":{"type":"Polygon","coordinates":[[[-81.909,35.3403],[-81.9056,35.3334],[-81.8865,35.329],[-81.882,35.3195],[-81.8845,35.3137],[-81.8776,35.3126],[-81.8705,35.3169],[-81.863,35.3057],[-81.8522,35.3052],[-81.8478,35.3137],[-81.8559,35.3169],[-81.8572,35.3203],[-81.8397,35.3235],[-81.8377,35.3304],[-81.8394,35.3396],[-81.8458,35.3402],[-81.8504,35.3465],[-81.8634,35.3494],[-81.8732,35.3581],[-81.8798,35.3556],[-81.8924,35.3582],[-81.9005,35.3576],[-81.9002,35.352],[-81.9048,35.3447],[-81.909,35.3403]]]}},{"type":"Feature","properties":{"id":"p3758460","name":"Rutherfordton"},"geometry":{"type":"Polygon","coordinates":[[[-81.9518,35.3841],[-81.9561,35.3855],[-81.9551,35.3929],[-81.9615,35.3937],[-81.9575,35.3845],[-81.966,35.3849],[-81.9646,35.3707],[-81.9774,35.3569],[-81.9824,35.3422],[-81.9696,35.3388],[-81.9656,35.3415],[-81.9521,35.3414],[-81.9573,35.3491],[-81.9564,35.3555],[-81.9472,35.357],[-81.9426,35.3612],[-81.9414,35.3747],[-81.9425,35.3759],[-81.9504,35.3802],[-81.9518,35.3841]]]}},{"type":"Feature","properties":{"id":"p3705049","name":"Bent Creek"},"geometry":{"type":"Polygon","coordinates":[[[-82.6387,35.5088],[-82.6301,35.5043],[-82.6275,35.4996],[-82.6165,35.4941],[-82.6108,35.5006],[-82.603,35.5024],[-82.5976,35.5075],[-82.6028,35.5148],[-82.6247,35.5202],[-82.6289,35.5187],[-82.6341,35.5092],[-82.6387,35.5088]]]}},{"type":"Feature","properties":{"id":"p3713240","name":"Clinton"},"geometry":{"type":"Polygon","coordinates":[[[-78.3716,34.9944],[-78.3701,34.9885],[-78.3631,34.9892],[-78.3498,34.9874],[-78.3417,34.9904],[-78.3344,34.9835],[-78.3339,34.976],[-78.3378,34.9719],[-78.3293,34.9687],[-78.3275,34.9729],[-78.3327,34.9767],[-78.3294,34.9837],[-78.3249,34.9857],[-78.3011,34.9825],[-78.3005,34.9953],[-78.3068,34.9982],[-78.308,35.0077],[-78.3059,35.0179],[-78.3191,35.0196],[-78.3234,35.016],[-78.3304,35.0212],[-78.3311,35.0295],[-78.3492,35.0235],[-78.3484,35.0131],[-78.3429,35.0096],[-78.3518,35.0041],[-78.3571,35.0052],[-78.3668,35.002],[-78.3667,34.9934],[-78.3716,34.9944]]]}},{"type":"Feature","properties":{"id":"p3775820","name":"Wrightsville Beach"},"geometry":{"type":"Polygon","coordinates":[[[-77.814,34.2153],[-77.8043,34.21],[-77.8034,34.2003],[-77.8148,34.187],[-77.8121,34.1856],[-77.7753,34.2333],[-77.7884,34.2215],[-77.8047,34.2182],[-77.8094,34.2201],[-77.814,34.2153]]]}},{"type":"Feature","properties":{"id":"p3710550","name":"Carolina Shores"},"geometry":{"type":"Polygon","coordinates":[[[-78.5564,33.9195],[-78.5635,33.9236],[-78.568,33.93],[-78.5867,33.9271],[-78.578,33.9228],[-78.5802,33.916],[-78.5896,33.9001],[-78.5952,33.8977],[-78.587,33.8906],[-78.5793,33.8905],[-78.572,33.8915],[-78.5779,33.9029],[-78.5704,33.9072],[-78.5624,33.8962],[-78.5582,33.9008],[-78.5577,33.907],[-78.5578,33.9089],[-78.5626,33.9118],[-78.5583,33.9163],[-78.5583,33.9166],[-78.5564,33.9194],[-78.5564,33.9195]]]}},{"type":"Feature","properties":{"id":"p3715320","name":"Creedmoor"},"geometry":{"type":"Polygon","coordinates":[[[-78.7052,36.1442],[-78.715,36.1381],[-78.7188,36.1334],[-78.7054,36.1293],[-78.7014,36.1214],[-78.7009,36.1143],[-78.6939,36.1085],[-78.68,36.1098],[-78.6703,36.1059],[-78.6698,36.1016],[-78.6592,36.103],[-78.6556,36.1119],[-78.6501,36.1104],[-78.641,36.1161],[-78.6469,36.1305],[-78.6645,36.1309],[-78.6603,36.1345],[-78.6809,36.1345],[-78.6814,36.1309],[-78.692,36.1273],[-78.7028,36.1261],[-78.7021,36.1319],[-78.6947,36.1382],[-78.6811,36.1361],[-78.6807,36.1398],[-78.6934,36.1394],[-78.7011,36.1356],[-78.7052,36.1442]]]}},{"type":"Feature","properties":{"id":"p3722820","name":"Farmville"},"geometry":{"type":"Polygon","coordinates":[[[-77.6258,35.5905],[-77.6109,35.588],[-77.595,35.5815],[-77.5924,35.5775],[-77.5807,35.5912],[-77.5718,35.5898],[-77.5657,35.5954],[-77.5751,35.5991],[-77.5798,35.6054],[-77.5928,35.6094],[-77.597,35.6125],[-77.6049,35.5933],[-77.6238,35.5927],[-77.6258,35.5905]]]}},{"type":"Feature","properties":{"id":"p3751780","name":"Pikeville"},"geometry":{"type":"Polygon","coordinates":[[[-77.9964,35.5002],[-77.9906,35.501],[-77.9903,35.4928],[-77.9782,35.4926],[-77.9781,35.5016],[-77.9837,35.5034],[-77.9964,35.5002]]]}},{"type":"Feature","properties":{"id":"p3775060","name":"Winterville"},"geometry":{"type":"MultiPolygon","coordinates":[[[[-77.4245,35.5235],[-77.4219,35.5171],[-77.4145,35.5175],[-77.4149,35.5228],[-77.4245,35.5235]]],[[[-77.4187,35.537],[-77.4117,35.5307],[-77.4088,35.5236],[-77.4148,35.5138],[-77.4152,35.501],[-77.409,35.4991],[-77.4108,35.4897],[-77.4027,35.4929],[-77.4085,35.5005],[-77.4044,35.5125],[-77.3934,35.5131],[-77.3923,35.5173],[-77.3845,35.5192],[-77.3819,35.5247],[-77.373,35.5299],[-77.3712,35.5332],[-77.3713,35.5363],[-77.3721,35.5381],[-77.3734,35.5413],[-77.3846,35.5423],[-77.3959,35.5436],[-77.394,35.5483],[-77.3841,35.5492],[-77.3946,35.5484],[-77.3972,35.5483],[-77.4051,35.5479],[-77.4057,35.5521],[-77.4138,35.5532],[-77.4119,35.5478],[-77.4187,35.537]]]]}},{"type":"Feature","properties":{"id":"p3755040","name":"Ramseur"},"geometry":{"type":"Polygon","coordinates":[[[-79.6698,35.734],[-79.6628,35.7317],[-79.6626,35.7245],[-79.6544,35.7246],[-79.6534,35.7172],[-79.6448,35.7247],[-79.645,35.7309],[-79.6366,35.7342],[-79.6379,35.7421],[-79.6557,35.7432],[-79.6698,35.734]]]}},{"type":"Feature","properties":{"id":"p3764260","name":"Spruce Pine"},"geometry":{"type":"Polygon","coordinates":[[[-82.0929,35.9121],[-82.088,35.9086],[-82.088,35.9015],[-82.0701,35.9008],[-82.0523,35.9015],[-82.0523,35.9253],[-82.0589,35.9296],[-82.0668,35.9276],[-82.0878,35.9286],[-82.088,35.9154],[-82.0929,35.9121]]]}},{"type":"Feature","properties":{"id":"p3743480","name":"Mint Hill"},"geometry":{"type":"Polygon","coordinates":[[[-80.7123,35.1838],[-80.7137,35.1832],[-80.7071,35.1772],[-80.7068,35.1733],[-80.699,35.1621],[-80.7018,35.1549],[-80.6972,35.144],[-80.6858,35.1375],[-80.6757,35.1381],[-80.6605,35.1295],[-80.654,35.1391],[-80.6435,35.1461],[-80.6391,35.1441],[-80.6317,35.1476],[-80.6298,35.1528],[-80.6298,35.1635],[-80.6157,35.1649],[-80.6141,35.159],[-80.6064,35.1625],[-80.5917,35.1782],[-80.6011,35.1874],[-80.6064,35.1838],[-80.6065,35.1787],[-80.6004,35.1748],[-80.6041,35.1706],[-80.6109,35.1721],[-80.6173,35.1805],[-80.6069,35.1837],[-80.6047,35.1912],[-80.6156,35.193],[-80.618,35.2011],[-80.6245,35.2067],[-80.61,35.2115],[-80.604,35.2111],[-80.5994,35.2177],[-80.6167,35.2234],[-80.6404,35.2231],[-80.6429,35.2226],[-80.6511,35.219],[-80.6701,35.2084],[-80.6729,35.2043],[-80.6801,35.2071],[-80.6836,35.2053],[-80.6879,35.1991],[-80.6946,35.2006],[-80.6849,35.1958],[-80.6883,35.193],[-80.6945,35.1816],[-80.7027,35.1812],[-80.7121,35.1836],[-80.7123,35.1838]]]}},{"type":"Feature","properties":{"id":"p3708960","name":"Burgaw"},"geometry":{"type":"Polygon","coordinates":[[[-77.9165,34.5356],[-77.9091,34.5414],[-77.8935,34.542],[-77.8945,34.5554],[-77.8989,34.5611],[-77.9037,34.5574],[-77.9103,34.5603],[-77.9134,34.5655],[-77.9318,34.5607],[-77.938,34.5549],[-77.9489,34.5598],[-77.9548,34.554],[-77.9505,34.5424],[-77.936,34.5441],[-77.9207,34.5346],[-77.9165,34.5356]]]}},{"type":"Feature","properties":{"id":"p3747980","name":"Norwood"},"geometry":{"type":"Polygon","coordinates":[[[-80.1382,35.2338],[-80.1303,35.227],[-80.13,35.2201],[-80.1193,35.2091],[-80.1083,35.2099],[-80.1083,35.2146],[-80.0981,35.2191],[-80.1004,35.226],[-80.0972,35.2322],[-80.101,35.2408],[-80.0993,35.2479],[-80.1088,35.251],[-80.1149,35.2482],[-80.1276,35.2488],[-80.1328,35.2462],[-80.1253,35.2391],[-80.1312,35.2326],[-80.1382,35.2338]]]}},{"type":"Feature","properties":{"id":"p3771160","name":"Warsaw"},"geometry":{"type":"Polygon","coordinates":[[[-78.0745,35.0097],[-78.0777,35.0059],[-78.1003,35.0157],[-78.097,35.007],[-78.1051,35.0049],[-78.1032,34.9999],[-78.1112,34.998],[-78.1096,34.992],[-78.1007,34.9937],[-78.0924,34.9922],[-78.0867,34.9844],[-78.0784,34.987],[-78.0789,34.9922],[-78.0685,35.001],[-78.0745,35.0097]]]}},{"type":"Feature","properties":{"id":"p3740600","name":"Maggie Valley"},"geometry":{"type":"MultiPolygon","coordinates":[[[[-83.048,35.5412],[-83.0425,35.5371],[-83.0376,35.5402],[-83.0423,35.5449],[-83.048,35.5412]]],[[[-83.0527,35.5272],[-83.0654,35.5311],[-83.0696,35.528],[-83.0601,35.5239],[-83.0582,35.5201],[-83.0699,35.5134],[-83.0787,35.5139],[-83.0833,35.5178],[-83.0914,35.5191],[-83.0998,35.5249],[-83.0986,35.5289],[-83.1066,35.5306],[-83.1057,35.513],[-83.0931,35.5149],[-83.0832,35.514],[-83.079,35.5093],[-83.0651,35.5145],[-83.0589,35.5132],[-83.039,35.5227],[-83.0419,35.5292],[-83.0514,35.5325],[-83.0527,35.5272]]]]}},{"type":"Feature","properties":{"id":"p3742700","name":"Middlesex"},"geometry":{"type":"Polygon","coordinates":[[[-78.22,35.7951],[-78.2138,35.7911],[-78.2074,35.7833],[-78.1998,35.7815],[-78.1941,35.7866],[-78.1994,35.7937],[-78.2142,35.7935],[-78.22,35.7951]]]}},{"type":"Feature","properties":{"id":"p3764160","name":"Spring Hope"},"geometry":{"type":"Polygon","coordinates":[[[-78.1241,35.9437],[-78.1114,35.9335],[-78.108,35.9365],[-78.1011,35.9324],[-78.0998,35.947],[-78.0919,35.9526],[-78.1114,35.9541],[-78.1241,35.9437]]]}},{"type":"Feature","properties":{"id":"p3701000","name":"Alliance"},"geometry":{"type":"Polygon","coordinates":[[[-76.8273,35.1442],[-76.8317,35.1337],[-76.8226,35.1327],[-76.8149,35.1403],[-76.8068,35.1441],[-76.7956,35.1357],[-76.7881,35.134],[-76.7841,35.1438],[-76.784,35.1451],[-76.8016,35.1498],[-76.8015,35.1547],[-76.8156,35.152],[-76.8273,35.1442]]]}},{"type":"Feature","properties":{"id":"p3769600","name":"Valle Crucis"},"geometry":{"type":"Polygon","coordinates":[[[-81.812,36.2094],[-81.8055,36.2089],[-81.795,36.2011],[-81.795,36.1951],[-81.7829,36.2003],[-81.7772,36.188],[-81.7641,36.187],[-81.7578,36.1906],[-81.7569,36.1993],[-81.7631,36.1992],[-81.7716,36.211],[-81.7868,36.2167],[-81.7926,36.2316],[-81.8074,36.2263],[-81.807,36.2228],[-81.812,36.2094]]]}},{"type":"Feature","properties":{"id":"p3721360","name":"Enfield"},"geometry":{"type":"Polygon","coordinates":[[[-77.6885,36.1789],[-77.6805,36.1774],[-77.6688,36.1685],[-77.6593,36.1768],[-77.6567,36.1859],[-77.6629,36.1906],[-77.6703,36.1862],[-77.6798,36.1851],[-77.6782,36.1797],[-77.6885,36.1789]]]}},{"type":"Feature","properties":{"id":"p3712460","name":"Chimney Rock Village"},"geometry":{"type":"Polygon","coordinates":[[[-82.2381,35.4566],[-82.2457,35.4653],[-82.2514,35.4607],[-82.2658,35.4678],[-82.2763,35.4489],[-82.2717,35.4417],[-82.265,35.4382],[-82.2611,35.4428],[-82.2557,35.4405],[-82.2564,35.4352],[-82.2547,35.435],[-82.2513,35.44],[-82.244,35.436],[-82.243,35.4346],[-82.2419,35.4336],[-82.2363,35.4366],[-82.2359,35.4464],[-82.2438,35.4525],[-82.2381,35.4566]]]}},{"type":"Feature","properties":{"id":"p3743860","name":"Momeyer"},"geometry":{"type":"Polygon","coordinates":[[[-78.0655,35.9623],[-78.0624,35.9515],[-78.0364,35.9563],[-78.0393,35.9666],[-78.0655,35.9623]]]}},{"type":"Feature","properties":{"id":"p3721960","name":"Eureka"},"geometry":{"type":"Polygon","coordinates":[[[-77.8824,35.5472],[-77.8815,35.5411],[-77.8759,35.5359],[-77.8695,35.5416],[-77.8824,35.5472]]]}},{"type":"Feature","properties":{"id":"p3765580","name":"Summerfield"},"geometry":{"type":"Polygon","coordinates":[[[-79.9567,36.2132],[-79.9574,36.2091],[-79.9522,36.2006],[-79.9521,36.1732],[-79.953,36.1728],[-79.9454,36.1683],[-79.9461,36.1641],[-79.938,36.1593],[-79.938,36.1496],[-79.9285,36.1515],[-79.9195,36.1448],[-79.915,36.1471],[-79.9154,36.1549],[-79.9071,36.1567],[-79.8997,36.1544],[-79.8891,36.1621],[-79.8898,36.1689],[-79.8941,36.1739],[-79.9029,36.1782],[-79.9141,36.1796],[-79.9216,36.175],[-79.926,36.1811],[-79.9144,36.1822],[-79.9001,36.1794],[-79.896,36.1852],[-79.8846,36.1771],[-79.8806,36.1771],[-79.8669,36.1737],[-79.861,36.1757],[-79.8494,36.1762],[-79.8514,36.1833],[-79.8597,36.1834],[-79.8593,36.1883],[-79.8522,36.1881],[-79.8521,36.1938],[-79.8443,36.1946],[-79.8442,36.1894],[-79.8292,36.1888],[-79.8301,36.1927],[-79.8393,36.1941],[-79.8395,36.2004],[-79.8447,36.2025],[-79.8432,36.2108],[-79.8472,36.2192],[-79.855,36.2217],[-79.8584,36.2288],[-79.8639,36.2263],[-79.8668,36.2342],[-79.8651,36.2444],[-79.88,36.2391],[-79.8861,36.239],[-79.9012,36.2345],[-79.9051,36.2303],[-79.918,36.2272],[-79.9228,36.2233],[-79.945,36.2189],[-79.9567,36.2132]]]}},{"type":"Feature","properties":{"id":"p3758620","name":"St. Helena"},"geometry":{"type":"Polygon","coordinates":[[[-77.9207,34.5346],[-77.9421,34.5292],[-77.9291,34.4939],[-77.8981,34.4998],[-77.9003,34.5396],[-77.9165,34.5356],[-77.9207,34.5346]]]}},{"type":"Feature","properties":{"id":"p3746100","name":"Nebo"},"geometry":{"type":"Polygon","coordinates":[[[-81.9378,35.7038],[-81.935,35.7004],[-81.9189,35.696],[-81.9059,35.6939],[-81.8961,35.6947],[-81.8863,35.7005],[-81.8874,35.7061],[-81.8939,35.7098],[-81.8943,35.7157],[-81.9036,35.7149],[-81.9037,35.7195],[-81.9096,35.7246],[-81.9249,35.7253],[-81.9293,35.7293],[-81.9407,35.7272],[-81.941,35.7224],[-81.9475,35.7187],[-81.947,35.7143],[-81.9401,35.7061],[-81.9378,35.7038]]]}},{"type":"Feature","properties":{"id":"p3720780","name":"Ellenboro"},"geometry":{"type":"Polygon","coordinates":[[[-81.7735,35.3248],[-81.7731,35.3219],[-81.7582,35.3207],[-81.7537,35.3222],[-81.7506,35.3289],[-81.7567,35.341],[-81.7709,35.341],[-81.7672,35.3349],[-81.7682,35.3274],[-81.7735,35.3248]]]}},{"type":"Feature","properties":{"id":"p3706740","name":"Bogue"},"geometry":{"type":"Polygon","coordinates":[[[-77.0498,34.6975],[-77.0452,34.6917],[-77.045,34.6855],[-77.0403,34.6895],[-77.0366,34.6824],[-77.0287,34.6825],[-77.0256,34.6883],[-77.0161,34.6899],[-77.0197,34.7122],[-77.0376,34.7126],[-77.0488,34.6991],[-77.0498,34.6975]]]}},{"type":"Feature","properties":{"id":"p3771900","name":"Wentworth"},"geometry":{"type":"Polygon","coordinates":[[[-79.7931,36.4157],[-79.7941,36.4092],[-79.7895,36.3954],[-79.7791,36.4001],[-79.7702,36.396],[-79.774,36.3875],[-79.7827,36.3832],[-79.7809,36.3795],[-79.771,36.3809],[-79.7645,36.3781],[-79.7735,36.3733],[-79.7813,36.3762],[-79.7831,36.3642],[-79.7653,36.3559],[-79.7556,36.3529],[-79.7394,36.3582],[-79.7389,36.3685],[-79.7344,36.3749],[-79.7266,36.3796],[-79.708,36.3822],[-79.706,36.3939],[-79.6973,36.3962],[-79.7015,36.4116],[-79.7184,36.4116],[-79.735,36.399],[-79.7417,36.3977],[-79.7459,36.4068],[-79.7537,36.4117],[-79.7616,36.4218],[-79.7656,36.4354],[-79.7705,36.4338],[-79.7699,36.428],[-79.7731,36.4234],[-79.7825,36.42],[-79.7906,36.4209],[-79.7931,36.4157]]]}},{"type":"Feature","properties":{"id":"p3728900","name":"Half Moon"},"geometry":{"type":"Polygon","coordinates":[[[-77.4374,34.8151],[-77.4456,34.8181],[-77.4527,34.8274],[-77.4433,34.8344],[-77.4341,34.8383],[-77.4337,34.8417],[-77.4437,34.8433],[-77.4409,34.8542],[-77.4452,34.8581],[-77.4616,34.8544],[-77.4724,34.8613],[-77.4824,34.8515],[-77.4777,34.8446],[-77.4725,34.8288],[-77.4743,34.823],[-77.4717,34.8158],[-77.4737,34.8101],[-77.4707,34.7991],[-77.4672,34.7935],[-77.4446,34.8054],[-77.4381,34.808],[-77.4374,34.8151]]]}},{"type":"Feature","properties":{"id":"p3738320","name":"Lincolnton"},"geometry":{"type":"MultiPolygon","coordinates":[[[[-81.2617,35.5067],[-81.2551,35.4997],[-81.2495,35.5114],[-81.262,35.5121],[-81.2617,35.5067]]],[[[-81.2708,35.4669],[-81.26,35.4594],[-81.2571,35.4545],[-81.2494,35.4543],[-81.2423,35.4514],[-81.224,35.4542],[-81.2195,35.458],[-81.2136,35.456],[-81.2071,35.4607],[-81.2081,35.4788],[-81.206,35.4891],[-81.2154,35.4906],[-81.2294,35.4796],[-81.2404,35.488],[-81.2369,35.4934],[-81.2317,35.493],[-81.2275,35.4991],[-81.2455,35.5039],[-81.2541,35.4922],[-81.2602,35.4909],[-81.265,35.4805],[-81.2704,35.4732],[-81.2708,35.4669]]]]}},{"type":"Feature","properties":{"id":"p3736512","name":"Lake Park"},"geometry":{"type":"Polygon","coordinates":[[[-80.642,35.0914],[-80.6466,35.0873],[-80.6438,35.0818],[-80.6338,35.0806],[-80.6332,35.0814],[-80.6285,35.0786],[-80.6235,35.085],[-80.6265,35.0866],[-80.6282,35.0883],[-80.642,35.0914]]]}},{"type":"Feature","properties":{"id":"p3772540","name":"West Jefferson"},"geometry":{"type":"Polygon","coordinates":[[[-81.4824,36.4103],[-81.5015,36.4091],[-81.5005,36.3795],[-81.4958,36.3814],[-81.4972,36.3919],[-81.4907,36.3917],[-81.4908,36.3815],[-81.4842,36.383],[-81.4857,36.3918],[-81.4832,36.395],[-81.4836,36.4072],[-81.4818,36.4098],[-81.4824,36.4103]]]}},{"type":"Feature","properties":{"id":"p3764380","name":"Staley"},"geometry":{"type":"Polygon","coordinates":[[[-79.5627,35.8038],[-79.5619,35.7983],[-79.551,35.7891],[-79.5441,35.789],[-79.5436,35.8052],[-79.5511,35.8064],[-79.5627,35.8038]]]}},{"type":"Feature","properties":{"id":"p3703150","name":"Bald Head Island"},"geometry":{"type":"Polygon","coordinates":[[[-78.0088,33.8682],[-78.0054,33.8601],[-77.9959,33.8551],[-77.9605,33.8432],[-77.9595,33.8581],[-77.9734,33.8676],[-77.9793,33.8674],[-77.9793,33.8754],[-77.9841,33.8795],[-77.9852,33.8868],[-77.9898,33.888],[-77.9936,33.882],[-78.0016,33.8772],[-78.0088,33.8682]]]}},{"type":"Feature","properties":{"id":"p3776000","name":"Yanceyville"},"geometry":{"type":"MultiPolygon","coordinates":[[[[-79.3068,36.407],[-79.3007,36.4062],[-79.2926,36.4007],[-79.2908,36.4065],[-79.2906,36.4249],[-79.3068,36.407]]],[[[-79.3672,36.4174],[-79.3653,36.41],[-79.3613,36.4102],[-79.3577,36.3946],[-79.3521,36.395],[-79.3499,36.3895],[-79.3436,36.3895],[-79.3367,36.3858],[-79.3216,36.3856],[-79.3177,36.3916],[-79.3229,36.4013],[-79.3159,36.4101],[-79.335,36.4205],[-79.344,36.4329],[-79.3492,36.4371],[-79.3593,36.4356],[-79.3626,36.4277],[-79.3612,36.4195],[-79.3672,36.4174]]]]}},{"type":"Feature","properties":{"id":"p3737640","name":"Leggett"},"geometry":{"type":"Polygon","coordinates":[[[-77.5883,35.9923],[-77.5845,35.9832],[-77.5743,35.9841],[-77.5719,35.9922],[-77.5821,35.9965],[-77.5883,35.9923]]]}},{"type":"Feature","properties":{"id":"p3736220","name":"Kure Beach"},"geometry":{"type":"Polygon","coordinates":[[[-77.9068,34.0155],[-77.909,34.0098],[-77.9107,33.9938],[-77.9147,33.9774],[-77.8994,34.0134],[-77.9068,34.0155]]]}},{"type":"Feature","properties":{"id":"p3717860","name":"Drexel"},"geometry":{"type":"Polygon","coordinates":[[[-81.6296,35.7531],[-81.6143,35.752],[-81.6073,35.7471],[-81.6001,35.7522],[-81.5959,35.7587],[-81.5972,35.7627],[-81.6054,35.7655],[-81.6177,35.7587],[-81.6251,35.7586],[-81.6296,35.7531]]]}},{"type":"Feature","properties":{"id":"p3752140","name":"Pinetops"},"geometry":{"type":"Polygon","coordinates":[[[-77.6486,35.7894],[-77.6496,35.7877],[-77.6335,35.7815],[-77.6259,35.7947],[-77.6421,35.8008],[-77.6486,35.7894]]]}},{"type":"Feature","properties":{"id":"p3721880","name":"Etowah"},"geometry":{"type":"Polygon","coordinates":[[[-82.5873,35.343],[-82.6009,35.3468],[-82.6089,35.3425],[-82.6151,35.3365],[-82.6185,35.338],[-82.632,35.3287],[-82.6358,35.3187],[-82.6192,35.3037],[-82.624,35.2971],[-82.6188,35.2884],[-82.6102,35.2882],[-82.6161,35.2601],[-82.6063,35.2601],[-82.6005,35.264],[-82.5903,35.265],[-82.589,35.2709],[-82.5786,35.2739],[-82.5737,35.2799],[-82.5681,35.2825],[-82.5677,35.2902],[-82.5578,35.2934],[-82.553,35.29],[-82.5517,35.3022],[-82.5358,35.313],[-82.5333,35.3185],[-82.5462,35.3217],[-82.5536,35.3305],[-82.5567,35.3254],[-82.562,35.3237],[-82.5749,35.3255],[-82.5771,35.3309],[-82.588,35.3301],[-82.5897,35.3339],[-82.5873,35.343]]]}},{"type":"Feature","properties":{"id":"p3721095","name":"Elon"},"geometry":{"type":"Polygon","coordinates":[[[-79.5205,36.0966],[-79.5273,36.0933],[-79.5338,36.0869],[-79.5321,36.0819],[-79.5267,36.0816],[-79.524,36.0814],[-79.517,36.0826],[-79.5057,36.0815],[-79.5054,36.0867],[-79.4971,36.088],[-79.4934,36.104],[-79.487,36.1043],[-79.4752,36.1134],[-79.4857,36.111],[-79.4951,36.1112],[-79.4956,36.1154],[-79.4958,36.117],[-79.4958,36.1174],[-79.5016,36.1155],[-79.5047,36.1106],[-79.5146,36.1079],[-79.5119,36.1173],[-79.5191,36.1176],[-79.5188,36.1249],[-79.5263,36.1214],[-79.5261,36.1207],[-79.5257,36.1196],[-79.5257,36.1191],[-79.524,36.1174],[-79.5239,36.1173],[-79.5236,36.1138],[-79.524,36.1103],[-79.5217,36.108],[-79.5215,36.1031],[-79.521,36.0997],[-79.5205,36.0983],[-79.5205,36.0966]]]}},{"type":"Feature","properties":{"id":"p3751840","name":"Pinebluff"},"geometry":{"type":"Polygon","coordinates":[[[-79.4911,35.1068],[-79.4895,35.0994],[-79.484,35.0979],[-79.4628,35.0996],[-79.4546,35.0956],[-79.4507,35.1034],[-79.4557,35.1059],[-79.4626,35.1171],[-79.4629,35.1233],[-79.4727,35.1253],[-79.4812,35.1185],[-79.4871,35.1057],[-79.4911,35.1068]]]}},{"type":"Feature","properties":{"id":"p3744520","name":"Morrisville"},"geometry":{"type":"Polygon","coordinates":[[[-78.8647,35.8664],[-78.8603,35.8625],[-78.8618,35.8524],[-78.8503,35.8512],[-78.8507,35.8479],[-78.8441,35.8431],[-78.8602,35.8426],[-78.8637,35.8452],[-78.8743,35.845],[-78.8703,35.8384],[-78.869,35.838],[-78.8653,35.8378],[-78.8618,35.8344],[-78.8605,35.8332],[-78.8554,35.8377],[-78.8506,35.8375],[-78.8371,35.8305],[-78.8363,35.8224],[-78.8484,35.8236],[-78.8518,35.8279],[-78.8559,35.8246],[-78.8463,35.8169],[-78.8477,35.8101],[-78.8277,35.8094],[-78.8291,35.798],[-78.8191,35.798],[-78.8162,35.8024],[-78.81,35.8026],[-78.8092,35.8026],[-78.8092,35.8028],[-78.8079,35.8054],[-78.8093,35.8112],[-78.8096,35.8112],[-78.8223,35.8158],[-78.8224,35.8168],[-78.8167,35.8149],[-78.8117,35.8189],[-78.8158,35.8255],[-78.8218,35.8253],[-78.8196,35.8273],[-78.8121,35.8307],[-78.8057,35.8369],[-78.8089,35.8429],[-78.8197,35.8541],[-78.8181,35.8561],[-78.8179,35.8596],[-78.8179,35.8626],[-78.8286,35.8702],[-78.833,35.8695],[-78.8345,35.8678],[-78.8366,35.8671],[-78.8496,35.8674],[-78.8505,35.8674],[-78.8602,35.8683],[-78.8647,35.8664]]]}},{"type":"Feature","properties":{"id":"p3709400","name":"Buxton"},"geometry":{"type":"Polygon","coordinates":[[[-75.5805,35.2633],[-75.5748,35.2351],[-75.5581,35.2343],[-75.5313,35.2266],[-75.5278,35.2277],[-75.5251,35.2438],[-75.5188,35.2575],[-75.5173,35.2678],[-75.5311,35.2724],[-75.557,35.2669],[-75.5669,35.266],[-75.5712,35.2634],[-75.5805,35.2633]]]}},{"type":"Feature","properties":{"id":"p3730340","name":"Hays"},"geometry":{"type":"Polygon","coordinates":[[[-81.1359,36.2593],[-81.1319,36.2376],[-81.1244,36.2327],[-81.1331,36.2264],[-81.1254,36.2144],[-81.1204,36.2124],[-81.1153,36.2191],[-81.1093,36.2314],[-81.1052,36.2362],[-81.0924,36.2429],[-81.0952,36.2479],[-81.0912,36.2579],[-81.0967,36.2696],[-81.1053,36.2753],[-81.1217,36.264],[-81.123,36.2583],[-81.1359,36.2593]]]}},{"type":"Feature","properties":{"id":"p3718300","name":"Dundarrach"},"geometry":{"type":"Polygon","coordinates":[[[-79.1702,34.9305],[-79.1662,34.9266],[-79.1608,34.9114],[-79.153,34.9142],[-79.1519,34.9237],[-79.1476,34.929],[-79.1534,34.9367],[-79.1702,34.9305]]]}},{"type":"Feature","properties":{"id":"p3732980","name":"Hudson"},"geometry":{"type":"Polygon","coordinates":[[[-81.5134,35.8579],[-81.5124,35.8512],[-81.5048,35.848],[-81.5047,35.8394],[-81.5074,35.8324],[-81.4993,35.8321],[-81.5,35.8376],[-81.4831,35.8363],[-81.4803,35.837],[-81.4731,35.8403],[-81.4673,35.8336],[-81.4597,35.8349],[-81.4601,35.8384],[-81.4642,35.843],[-81.464,35.8456],[-81.4672,35.8547],[-81.4732,35.8496],[-81.478,35.8498],[-81.4844,35.8564],[-81.486,35.8652],[-81.4917,35.8666],[-81.4932,35.8654],[-81.4953,35.8623],[-81.505,35.8638],[-81.5025,35.858],[-81.5095,35.8564],[-81.5108,35.8564],[-81.5134,35.8579]]]}},{"type":"Feature","properties":{"id":"p3720120","name":"Edenton"},"geometry":{"type":"MultiPolygon","coordinates":[[[[-76.5729,36.0094],[-76.5648,36.0148],[-76.5646,36.0229],[-76.5525,36.0331],[-76.5572,36.0362],[-76.563,36.0309],[-76.5711,36.0345],[-76.5777,36.0301],[-76.5727,36.0174],[-76.5729,36.0094]]],[[[-76.6427,36.0571],[-76.642,36.0533],[-76.622,36.0542],[-76.617,36.0581],[-76.6101,36.0553],[-76.5999,36.0547],[-76.5938,36.0621],[-76.5894,36.061],[-76.5815,36.0683],[-76.5898,36.07],[-76.5822,36.0802],[-76.5903,36.0864],[-76.617,36.0728],[-76.6179,36.068],[-76.627,36.0703],[-76.6381,36.0682],[-76.6392,36.0607],[-76.6427,36.0571]]]]}},{"type":"Feature","properties":{"id":"p3753820","name":"Princeton"},"geometry":{"type":"Polygon","coordinates":[[[-78.174,35.4737],[-78.1659,35.4655],[-78.1683,35.4613],[-78.1591,35.4569],[-78.15,35.4669],[-78.156,35.4715],[-78.1673,35.4742],[-78.174,35.4737]]]}},{"type":"Feature","properties":{"id":"p3770380","name":"Wadesboro"},"geometry":{"type":"Polygon","coordinates":[[[-80.1402,34.9877],[-80.1355,34.9805],[-80.1243,34.9775],[-80.1054,34.9779],[-80.0937,34.9718],[-80.0954,34.967],[-80.0897,34.9611],[-80.0969,34.9585],[-80.0902,34.9479],[-80.0857,34.9529],[-80.0737,34.9441],[-80.0586,34.948],[-80.0609,34.942],[-80.0529,34.9416],[-80.0397,34.9458],[-80.0411,34.9505],[-80.0507,34.9484],[-80.0525,34.9537],[-80.0469,34.9583],[-80.0473,34.9639],[-80.0387,34.9632],[-80.0383,34.9681],[-80.0504,34.9657],[-80.0561,34.97],[-80.0628,34.9831],[-80.0683,34.9838],[-80.062,34.9938],[-80.0649,34.9957],[-80.0728,34.9881],[-80.0715,34.981],[-80.0846,34.9813],[-80.0918,34.9799],[-80.1055,34.982],[-80.1141,34.9801],[-80.1369,34.9849],[-80.1402,34.9877]]]}},{"type":"Feature","properties":{"id":"p3722360","name":"Fairmont"},"geometry":{"type":"Polygon","coordinates":[[[-79.1321,34.5036],[-79.1228,34.4968],[-79.1322,34.4919],[-79.1275,34.4887],[-79.1169,34.4864],[-79.1189,34.4795],[-79.1171,34.4753],[-79.1101,34.4766],[-79.1121,34.4868],[-79.1067,34.4873],[-79.1048,34.4776],[-79.0984,34.4775],[-79.0962,34.4876],[-79.1053,34.4908],[-79.1046,34.5091],[-79.1238,34.5061],[-79.1321,34.5036]]]}},{"type":"Feature","properties":{"id":"p3732540","name":"Hookerton"},"geometry":{"type":"Polygon","coordinates":[[[-77.5965,35.4252],[-77.593,35.4179],[-77.5833,35.4216],[-77.5834,35.4266],[-77.5936,35.4284],[-77.5965,35.4252]]]}},{"type":"Feature","properties":{"id":"p3721160","name":"Emerald Isle"},"geometry":{"type":"Polygon","coordinates":[[[-76.9104,34.6846],[-76.9457,34.6795],[-76.975,34.6769],[-76.992,34.6731],[-77.0124,34.6719],[-77.0146,34.676],[-77.0629,34.6643],[-77.0816,34.6588],[-77.0956,34.6531],[-77.093,34.6446],[-77.0558,34.6552],[-77.0143,34.6648],[-76.9693,34.6732],[-76.9095,34.6825],[-76.9104,34.6846]]]}},{"type":"Feature","properties":{"id":"p3710740","name":"Cary"},"geometry":{"type":"MultiPolygon","coordinates":[[[[-78.8218,35.8907],[-78.8227,35.8844],[-78.8139,35.8819],[-78.8026,35.8817],[-78.8011,35.8903],[-78.803,35.8941],[-78.8155,35.8932],[-78.8189,35.8969],[-78.8218,35.8907]]],[[[-78.929,35.8272],[-78.9278,35.8169],[-78.9206,35.8152],[-78.9188,35.8229],[-78.929,35.8272]]],[[[-78.8703,35.8384],[-78.8762,35.8367],[-78.884,35.8463],[-78.8944,35.8534],[-78.8937,35.8629],[-78.8984,35.8636],[-78.9069,35.8578],[-78.9087,35.8481],[-78.921,35.8457],[-78.9244,35.8285],[-78.9186,35.825],[-78.9164,35.8183],[-78.9222,35.8115],[-78.9281,35.8156],[-78.9295,35.8066],[-78.9222,35.7945],[-78.9445,35.7936],[-78.9493,35.7879],[-78.9369,35.7881],[-78.9342,35.7806],[-78.926,35.7903],[-78.9218,35.7816],[-78.9293,35.7781],[-78.9294,35.7719],[-78.9253,35.7731],[-78.9217,35.7743],[-78.9192,35.7752],[-78.9074,35.778],[-78.9064,35.7781],[-78.9045,35.7783],[-78.9028,35.7789],[-78.9027,35.7771],[-78.9023,35.7748],[-78.9016,35.772],[-78.8998,35.771],[-78.8899,35.769],[-78.8826,35.7715],[-78.8659,35.7716],[-78.863,35.7673],[-78.8491,35.7673],[-78.8462,35.7639],[-78.8447,35.7639],[-78.8449,35.7597],[-78.8412,35.7596],[-78.8376,35.7596],[-78.8329,35.7618],[-78.8303,35.7617],[-78.8281,35.7557],[-78.8218,35.7552],[-78.8163,35.746],[-78.8206,35.7442],[-78.8182,35.7413],[-78.819,35.7365],[-78.8173,35.7344],[-78.8135,35.7307],[-78.8151,35.7185],[-78.8069,35.7132],[-78.8015,35.7028],[-78.8028,35.6979],[-78.8051,35.6959],[-78.7966,35.6929],[-78.7914,35.6883],[-78.7858,35.6941],[-78.7723,35.6863],[-78.7608,35.6905],[-78.7612,35.6848],[-78.7562,35.6832],[-78.7558,35.6752],[-78.7698,35.6678],[-78.7681,35.6533],[-78.7676,35.651],[-78.7539,35.6462],[-78.7514,35.6616],[-78.7458,35.6725],[-78.7554,35.676],[-78.755,35.6859],[-78.7607,35.6908],[-78.7672,35.6921],[-78.7796,35.7017],[-78.7789,35.7139],[-78.7669,35.7151],[-78.7557,35.7144],[-78.7507,35.7245],[-78.7591,35.7252],[-78.7583,35.7297],[-78.748,35.7303],[-78.7457,35.7365],[-78.7384,35.7363],[-78.7391,35.743],[-78.7349,35.7464],[-78.7363,35.7474],[-78.7295,35.7576],[-78.7352,35.763],[-78.737,35.7645],[-78.7401,35.7699],[-78.7511,35.7804],[-78.7501,35.7834],[-78.7471,35.7929],[-78.7437,35.796],[-78.7409,35.8053],[-78.7509,35.7995],[-78.7606,35.8014],[-78.7641,35.8061],[-78.763,35.8181],[-78.7586,35.8222],[-78.7519,35.8142],[-78.7418,35.816],[-78.7516,35.8257],[-78.7508,35.8257],[-78.7564,35.8333],[-78.7605,35.8333],[-78.7665,35.8324],[-78.7843,35.841],[-78.7887,35.8367],[-78.7962,35.8368],[-78.8039,35.843],[-78.7994,35.8487],[-78.8124,35.8591],[-78.8179,35.8596],[-78.8181,35.8561],[-78.8197,35.8541],[-78.8089,35.8429],[-78.8057,35.8369],[-78.8121,35.8307],[-78.8196,35.8273],[-78.8218,35.8253],[-78.8158,35.8255],[-78.8117,35.8189],[-78.8167,35.8149],[-78.8224,35.8168],[-78.8223,35.8158],[-78.8096,35.8112],[-78.8093,35.8112],[-78.8079,35.8054],[-78.8092,35.8028],[-78.8092,35.8026],[-78.81,35.8026],[-78.8162,35.8024],[-78.8191,35.798],[-78.8291,35.798],[-78.8277,35.8094],[-78.8477,35.8101],[-78.8463,35.8169],[-78.8559,35.8246],[-78.8518,35.8279],[-78.8484,35.8236],[-78.8363,35.8224],[-78.8371,35.8305],[-78.8506,35.8375],[-78.8554,35.8377],[-78.8605,35.8332],[-78.8618,35.8344],[-78.8653,35.8378],[-78.869,35.838],[-78.8703,35.8384]],[[-78.9185,35.7817],[-78.9152,35.7908],[-78.9142,35.8013],[-78.9101,35.8018],[-78.9012,35.7921],[-78.9086,35.7916],[-78.9093,35.78],[-78.9185,35.7817]],[[-78.8899,35.7818],[-78.8891,35.7917],[-78.8762,35.7906],[-78.877,35.7819],[-78.8899,35.7818]],[[-78.8768,35.8028],[-78.8766,35.8101],[-78.8708,35.8083],[-78.8696,35.8018],[-78.8617,35.8024],[-78.8565,35.7983],[-78.8578,35.7893],[-78.8652,35.7965],[-78.8697,35.7961],[-78.8716,35.8029],[-78.8768,35.8028]]]]}},{"type":"Feature","properties":{"id":"p3764180","name":"Spring Lake"},"geometry":{"type":"Polygon","coordinates":[[[-78.9044,35.1686],[-78.9089,35.1913],[-78.9301,35.2029],[-78.9321,35.2006],[-78.9435,35.2008],[-78.9555,35.1816],[-78.9633,35.1844],[-78.9555,35.1981],[-78.9573,35.2074],[-78.9759,35.1965],[-78.9793,35.199],[-78.9829,35.2149],[-78.9977,35.2141],[-79.0112,35.2113],[-79.0958,35.1921],[-79.0981,35.1886],[-79.0963,35.1779],[-79.0997,35.1671],[-79.0811,35.1741],[-79.0593,35.1803],[-79.0438,35.18],[-79.0351,35.177],[-79.0253,35.1653],[-79.027,35.1585],[-79.0158,35.1594],[-78.9975,35.1691],[-78.9947,35.1607],[-78.9882,35.1619],[-78.9823,35.1593],[-78.9693,35.1586],[-78.9653,35.1619],[-78.962,35.1639],[-78.9456,35.1629],[-78.9369,35.1646],[-78.9139,35.1652],[-78.9044,35.1686]],[[-79.0213,35.1918],[-79.0211,35.1991],[-79.0124,35.2025],[-79.0064,35.1915],[-79.0213,35.1918]],[[-78.9808,35.1816],[-78.9696,35.1829],[-78.9676,35.1923],[-78.9592,35.192],[-78.9687,35.1826],[-78.9782,35.1772],[-78.9808,35.1816]]]}},{"type":"Feature","properties":{"id":"p3721740","name":"Erwin"},"geometry":{"type":"Polygon","coordinates":[[[-78.6427,35.3227],[-78.6457,35.3284],[-78.6567,35.3312],[-78.6621,35.3386],[-78.6703,35.3394],[-78.6865,35.3324],[-78.6856,35.3268],[-78.6948,35.3232],[-78.6918,35.3084],[-78.6815,35.309],[-78.679,35.3024],[-78.6853,35.3017],[-78.6832,35.2933],[-78.6751,35.2947],[-78.6782,35.3061],[-78.6725,35.3092],[-78.6779,35.3147],[-78.6676,35.3191],[-78.665,35.3109],[-78.6539,35.3179],[-78.6505,35.3147],[-78.6433,35.3198],[-78.6427,35.3227]]]}},{"type":"Feature","properties":{"id":"p3706240","name":"Bladenboro"},"geometry":{"type":"Polygon","coordinates":[[[-78.81,34.5459],[-78.8122,34.5412],[-78.805,34.5389],[-78.8042,34.5331],[-78.7989,34.5282],[-78.7763,34.533],[-78.7851,34.5462],[-78.791,34.5424],[-78.7945,34.5521],[-78.8115,34.55],[-78.81,34.5459]]]}},{"type":"Feature","properties":{"id":"p3739360","name":"Louisburg"},"geometry":{"type":"Polygon","coordinates":[[[-78.3227,36.0835],[-78.3137,36.0804],[-78.307,36.0827],[-78.3046,36.0748],[-78.2998,36.0776],[-78.2961,36.0924],[-78.292,36.0929],[-78.2878,36.103],[-78.2902,36.1077],[-78.2812,36.1129],[-78.281,36.117],[-78.3091,36.1137],[-78.3031,36.1094],[-78.3088,36.1002],[-78.3138,36.1012],[-78.3227,36.0835]]]}},{"type":"Feature","properties":{"id":"p3708040","name":"Broad Creek"},"geometry":{"type":"Polygon","coordinates":[[[-76.9455,34.7266],[-76.9413,34.7201],[-76.9324,34.7166],[-76.9073,34.7226],[-76.9011,34.7293],[-76.9088,34.7321],[-76.9083,34.7421],[-76.9211,34.7427],[-76.9335,34.7461],[-76.9358,34.7314],[-76.9455,34.7266]]]}},{"type":"Feature","properties":{"id":"p3758740","name":"Salem"},"geometry":{"type":"Polygon","coordinates":[[[-81.6977,35.7196],[-81.7111,35.7171],[-81.7237,35.7178],[-81.7161,35.7056],[-81.7163,35.6984],[-81.7124,35.6881],[-81.7115,35.6799],[-81.7038,35.6798],[-81.6842,35.6839],[-81.689,35.6928],[-81.6811,35.6979],[-81.6786,35.7058],[-81.682,35.7102],[-81.6845,35.7153],[-81.6919,35.7096],[-81.7023,35.7105],[-81.6977,35.7196]]]}},{"type":"Feature","properties":{"id":"p3737120","name":"Laurel Hill"},"geometry":{"type":"Polygon","coordinates":[[[-79.5633,34.8134],[-79.5626,34.805],[-79.5479,34.7997],[-79.5384,34.8026],[-79.5342,34.7938],[-79.5301,34.8023],[-79.5323,34.8066],[-79.532,34.8175],[-79.5463,34.8225],[-79.5519,34.8225],[-79.5633,34.8134]]]}},{"type":"Feature","properties":{"id":"p3740860","name":"Mamers"},"geometry":{"type":"Polygon","coordinates":[[[-78.9613,35.4175],[-78.9539,35.4014],[-78.9438,35.4018],[-78.9394,35.3928],[-78.9331,35.3945],[-78.9238,35.3881],[-78.9179,35.3913],[-78.9198,35.4008],[-78.9174,35.411],[-78.9202,35.4119],[-78.9208,35.4335],[-78.9357,35.4289],[-78.9388,35.438],[-78.9456,35.4409],[-78.9582,35.4398],[-78.9613,35.4175]]]}},{"type":"Feature","properties":{"id":"p3765020","name":"Stokes"},"geometry":{"type":"Polygon","coordinates":[[[-77.2866,35.7282],[-77.2832,35.7244],[-77.2852,35.7122],[-77.2829,35.7055],[-77.284,35.6987],[-77.2801,35.6933],[-77.2655,35.693],[-77.2527,35.6978],[-77.2447,35.6989],[-77.2434,35.7057],[-77.2453,35.7117],[-77.2543,35.7148],[-77.2586,35.7224],[-77.2816,35.7334],[-77.2866,35.7282]]]}},{"type":"Feature","properties":{"id":"p3735540","name":"Kenly"},"geometry":{"type":"MultiPolygon","coordinates":[[[[-78.1354,35.5891],[-78.1229,35.583],[-78.1168,35.5903],[-78.1163,35.5945],[-78.1225,35.6068],[-78.1332,35.598],[-78.1354,35.5891]]],[[[-78.1707,35.5683],[-78.162,35.566],[-78.1612,35.5758],[-78.1688,35.5742],[-78.1707,35.5683]]]]}},{"type":"Feature","properties":{"id":"p3758730","name":"St. Stephens"},"geometry":{"type":"Polygon","coordinates":[[[-81.3,35.7987],[-81.3057,35.7946],[-81.3049,35.7902],[-81.2999,35.7954],[-81.2949,35.7788],[-81.297,35.7675],[-81.2956,35.762],[-81.2816,35.7534],[-81.2805,35.7456],[-81.2919,35.7424],[-81.2862,35.7315],[-81.2782,35.729],[-81.271,35.7304],[-81.2659,35.7267],[-81.253,35.7246],[-81.2486,35.726],[-81.2459,35.7274],[-81.2448,35.7273],[-81.2465,35.7321],[-81.2469,35.7332],[-81.2476,35.735],[-81.2488,35.7383],[-81.2586,35.747],[-81.2624,35.7552],[-81.2497,35.7576],[-81.251,35.769],[-81.2611,35.7694],[-81.2623,35.7819],[-81.2603,35.7887],[-81.2693,35.789],[-81.2723,35.8],[-81.2688,35.8045],[-81.279,35.8063],[-81.2901,35.7999],[-81.3,35.7987]],[[-81.2897,35.7647],[-81.2814,35.7691],[-81.2808,35.7632],[-81.2897,35.7647]]]}},{"type":"Feature","properties":{"id":"p3704955","name":"Belvoir"},"geometry":{"type":"Polygon","coordinates":[[[-77.4826,35.7151],[-77.4816,35.7065],[-77.4689,35.6962],[-77.4646,35.6963],[-77.4592,35.7033],[-77.4582,35.7198],[-77.4614,35.7231],[-77.4744,35.7226],[-77.4815,35.7195],[-77.4826,35.7151]]]}},{"type":"Feature","properties":{"id":"p3745640","name":"Murfreesboro"},"geometry":{"type":"MultiPolygon","coordinates":[[[[-77.0856,36.4681],[-77.0807,36.4602],[-77.075,36.4621],[-77.0856,36.4681]]],[[[-77.1207,36.4439],[-77.1171,36.4418],[-77.118,36.4337],[-77.1034,36.4307],[-77.0897,36.4336],[-77.0889,36.4392],[-77.0787,36.4445],[-77.0852,36.4472],[-77.1027,36.449],[-77.1119,36.4469],[-77.1128,36.4421],[-77.1207,36.4439]]]]}},{"type":"Feature","properties":{"id":"p3743160","name":"Millers Creek"},"geometry":{"type":"Polygon","coordinates":[[[-81.2152,36.1843],[-81.217,36.1892],[-81.2078,36.1902],[-81.2039,36.1978],[-81.2198,36.1957],[-81.2239,36.1989],[-81.2215,36.2099],[-81.2232,36.2134],[-81.2334,36.205],[-81.239,36.2077],[-81.2603,36.2012],[-81.2515,36.197],[-81.2467,36.1921],[-81.2559,36.1833],[-81.2511,36.1738],[-81.2462,36.1802],[-81.2405,36.1805],[-81.2406,36.1741],[-81.2343,36.1654],[-81.2272,36.1713],[-81.2306,36.1791],[-81.2299,36.1841],[-81.2217,36.1823],[-81.2152,36.1843]]]}},{"type":"Feature","properties":{"id":"p3723980","name":"Fontana Dam"},"geometry":{"type":"Polygon","coordinates":[[[-83.8382,35.4279],[-83.8236,35.4284],[-83.8136,35.4361],[-83.8194,35.4412],[-83.8252,35.4391],[-83.8286,35.4319],[-83.8382,35.4279]]]}},{"type":"Feature","properties":{"id":"p3757200","name":"Rockfish"},"geometry":{"type":"Polygon","coordinates":[[[-79.0696,35.0133],[-79.0872,35.0032],[-79.0916,35.0018],[-79.0982,34.9944],[-79.0926,34.991],[-79.0828,34.98],[-79.0764,34.9843],[-79.0688,34.9842],[-79.0681,34.9636],[-79.0441,34.9759],[-79.0481,34.9813],[-79.0474,34.9851],[-79.0527,34.9948],[-79.0532,34.9949],[-79.0568,34.9983],[-79.0619,35.0089],[-79.0696,35.0133]]]}},{"type":"Feature","properties":{"id":"p3745460","name":"Moyock"},"geometry":{"type":"Polygon","coordinates":[[[-76.2032,36.5426],[-76.2055,36.5283],[-76.1944,36.5232],[-76.1842,36.5124],[-76.1963,36.4933],[-76.1391,36.4794],[-76.1315,36.4812],[-76.1393,36.4962],[-76.1463,36.5025],[-76.1601,36.5098],[-76.1525,36.5172],[-76.1589,36.5206],[-76.1664,36.5287],[-76.1644,36.5371],[-76.1575,36.5412],[-76.1605,36.5458],[-76.1526,36.5505],[-76.205,36.5505],[-76.2032,36.5426]]]}},{"type":"Feature","properties":{"id":"p3758940","name":"Salvo"},"geometry":{"type":"Polygon","coordinates":[[[-75.4727,35.5598],[-75.4728,35.5523],[-75.4761,35.5395],[-75.4669,35.5358],[-75.4617,35.5615],[-75.4727,35.5598]]]}},{"type":"Feature","properties":{"id":"p3722280","name":"Fairfield"},"geometry":{"type":"Polygon","coordinates":[[[-76.2535,35.5457],[-76.2551,35.5333],[-76.2469,35.531],[-76.2424,35.527],[-76.2313,35.5244],[-76.2173,35.5269],[-76.2177,35.5292],[-76.2002,35.5346],[-76.2003,35.5427],[-76.21,35.5729],[-76.2286,35.5717],[-76.2282,35.5663],[-76.247,35.5617],[-76.2485,35.5469],[-76.2535,35.5457]]]}},{"type":"Feature","properties":{"id":"p3702480","name":"Atlantic"},"geometry":{"type":"Polygon","coordinates":[[[-76.3588,34.8744],[-76.3468,34.8734],[-76.3449,34.878],[-76.3314,34.8849],[-76.3414,34.8924],[-76.3438,34.8849],[-76.3522,34.8799],[-76.3579,34.883],[-76.3588,34.8744]]]}},{"type":"Feature","properties":{"id":"p3702620","name":"Aurora"},"geometry":{"type":"Polygon","coordinates":[[[-76.8028,35.3016],[-76.7886,35.298],[-76.7755,35.2984],[-76.784,35.311],[-76.7963,35.3098],[-76.8028,35.3016]]]}},{"type":"Feature","properties":{"id":"p3760180","name":"Sedalia"},"geometry":{"type":"Polygon","coordinates":[[[-79.6355,36.0734],[-79.6249,36.0645],[-79.6168,36.0653],[-79.6115,36.0619],[-79.6085,36.0792],[-79.6176,36.0835],[-79.6173,36.0881],[-79.6292,36.0883],[-79.6322,36.086],[-79.6324,36.0747],[-79.6355,36.0734]]]}},{"type":"Feature","properties":{"id":"p3756340","name":"Richfield"},"geometry":{"type":"Polygon","coordinates":[[[-80.2842,35.4738],[-80.2845,35.469],[-80.2754,35.4695],[-80.2637,35.4655],[-80.2595,35.4572],[-80.2493,35.4629],[-80.2358,35.4607],[-80.2374,35.4657],[-80.2477,35.4687],[-80.2434,35.4799],[-80.2532,35.4773],[-80.2705,35.48],[-80.2707,35.4934],[-80.2766,35.4869],[-80.2752,35.4843],[-80.2724,35.4779],[-80.2735,35.4725],[-80.2826,35.4738],[-80.2842,35.4738]]]}},{"type":"Feature","properties":{"id":"p3727182","name":"Governors Village"},"geometry":{"type":"Polygon","coordinates":[[[-79.0316,35.8546],[-79.0317,35.847],[-79.0269,35.8431],[-79.0188,35.8522],[-79.0265,35.8598],[-79.0316,35.8546]]]}},{"type":"Feature","properties":{"id":"p3736400","name":"La Grange"},"geometry":{"type":"Polygon","coordinates":[[[-77.8135,35.3097],[-77.8008,35.3092],[-77.8016,35.2985],[-77.7871,35.2907],[-77.7782,35.2946],[-77.7748,35.3015],[-77.7809,35.3048],[-77.777,35.3088],[-77.7833,35.317],[-77.7895,35.3154],[-77.7939,35.3188],[-77.8,35.3169],[-77.7996,35.3116],[-77.8135,35.3097]]]}},{"type":"Feature","properties":{"id":"p3708110","name":"Brogden"},"geometry":{"type":"Polygon","coordinates":[[[-78.0387,35.3012],[-78.0376,35.2888],[-78.0169,35.2827],[-78.0085,35.2821],[-78.0082,35.2879],[-78.0126,35.2986],[-78.0184,35.3039],[-78.0335,35.309],[-78.0387,35.3012]]]}},{"type":"Feature","properties":{"id":"p3720620","name":"Elkin"},"geometry":{"type":"Polygon","coordinates":[[[-80.8721,36.257],[-80.8777,36.2521],[-80.8728,36.2492],[-80.8739,36.2361],[-80.8691,36.2385],[-80.8529,36.2409],[-80.8411,36.2438],[-80.825,36.25],[-80.821,36.2502],[-80.8246,36.2614],[-80.8187,36.2628],[-80.8191,36.2741],[-80.8257,36.2743],[-80.8379,36.2794],[-80.8407,36.2755],[-80.8472,36.2795],[-80.8434,36.2914],[-80.8584,36.2886],[-80.8609,36.2733],[-80.8586,36.2696],[-80.8648,36.2572],[-80.8721,36.257]]]}},{"type":"Feature","properties":{"id":"p3762060","name":"Sims"},"geometry":{"type":"Polygon","coordinates":[[[-78.0675,35.7567],[-78.0575,35.7555],[-78.0552,35.763],[-78.063,35.7631],[-78.0675,35.7567]]]}},{"type":"Feature","properties":{"id":"p3716820","name":"Dellview"},"geometry":{"type":"Polygon","coordinates":[[[-81.4125,35.3898],[-81.4172,35.3837],[-81.4097,35.3841],[-81.41,35.3886],[-81.4125,35.3898]]]}},{"type":"Feature","properties":{"id":"p3770720","name":"Wallace"},"geometry":{"type":"MultiPolygon","coordinates":[[[[-78.011,34.7364],[-78.0041,34.7322],[-78.0048,34.727],[-77.9981,34.7249],[-77.9899,34.7266],[-77.9865,34.7212],[-77.9793,34.7256],[-77.9776,34.7384],[-77.9693,34.7377],[-77.968,34.7423],[-77.9807,34.741],[-77.9916,34.7452],[-77.9963,34.7563],[-78.0038,34.7565],[-78.0009,34.7429],[-78.011,34.7364]]],[[[-78.0134,34.7172],[-77.9935,34.7171],[-77.9934,34.72],[-78.0077,34.7194],[-78.0134,34.7172]]]]}},{"type":"Feature","properties":{"id":"p3724720","name":"Franklinton"},"geometry":{"type":"Polygon","coordinates":[[[-78.4735,36.0883],[-78.4583,36.0965],[-78.4426,36.0981],[-78.4295,36.0958],[-78.4228,36.0982],[-78.4333,36.1033],[-78.4583,36.1118],[-78.4638,36.1058],[-78.4735,36.0883]]]}},{"type":"Feature","properties":{"id":"p3741960","name":"Matthews"},"geometry":{"type":"Polygon","coordinates":[[[-80.7068,35.1733],[-80.7176,35.162],[-80.7203,35.1548],[-80.7161,35.148],[-80.7279,35.142],[-80.7293,35.1367],[-80.7435,35.1316],[-80.7515,35.124],[-80.7526,35.1146],[-80.7612,35.1105],[-80.7635,35.1057],[-80.759,35.1014],[-80.7462,35.0989],[-80.7418,35.1028],[-80.7326,35.1004],[-80.7346,35.0926],[-80.7301,35.081],[-80.7174,35.0821],[-80.7116,35.0857],[-80.7055,35.0842],[-80.6811,35.1037],[-80.6593,35.121],[-80.6542,35.125],[-80.6605,35.1295],[-80.6757,35.1381],[-80.6858,35.1375],[-80.6972,35.144],[-80.7018,35.1549],[-80.699,35.1621],[-80.7068,35.1733]]]}},{"type":"Feature","properties":{"id":"p3722240","name":"Fair Bluff"},"geometry":{"type":"Polygon","coordinates":[[[-79.0561,34.3129],[-79.0514,34.3057],[-79.0392,34.3026],[-79.0215,34.3059],[-79.0146,34.3144],[-79.0219,34.3252],[-79.0345,34.3279],[-79.0344,34.3226],[-79.0393,34.3196],[-79.0383,34.3135],[-79.0454,34.3107],[-79.0515,34.3149],[-79.0561,34.3129]]]}},{"type":"Feature","properties":{"id":"p3763130","name":"Southern Shores"},"geometry":{"type":"Polygon","coordinates":[[[-75.749,36.1509],[-75.7459,36.1441],[-75.7448,36.1238],[-75.7374,36.0946],[-75.7111,36.1017],[-75.7183,36.1137],[-75.7369,36.1511],[-75.749,36.1509]]]}},{"type":"Feature","properties":{"id":"p3705135","name":"Bermuda Run"},"geometry":{"type":"Polygon","coordinates":[[[-80.4526,36.0088],[-80.4375,36.0035],[-80.4353,35.9956],[-80.4414,35.991],[-80.4225,35.9884],[-80.4219,35.9948],[-80.4146,36.0001],[-80.4139,36.0039],[-80.4189,36.0162],[-80.4232,36.0194],[-80.4273,36.0171],[-80.4403,36.016],[-80.4526,36.0088]],[[-80.4383,36.008],[-80.4261,36.0158],[-80.4234,36.0135],[-80.4383,36.008]]]}},{"type":"Feature","properties":{"id":"p3772600","name":"West Marion"},"geometry":{"type":"MultiPolygon","coordinates":[[[[-82.0136,35.6683],[-82.0237,35.6619],[-82.028,35.6444],[-82.0084,35.6353],[-82.0154,35.6443],[-82.0149,35.6539],[-82.0075,35.6598],[-82.0143,35.664],[-82.0136,35.6683]]],[[[-82.0353,35.6632],[-82.0309,35.6536],[-82.028,35.6601],[-82.0353,35.6632]]]]}},{"type":"Feature","properties":{"id":"p3755460","name":"Red Cross"},"geometry":{"type":"Polygon","coordinates":[[[-80.3409,35.2747],[-80.3472,35.2726],[-80.3503,35.2785],[-80.3631,35.2772],[-80.3653,35.2691],[-80.3726,35.271],[-80.3827,35.2771],[-80.3833,35.2815],[-80.3959,35.279],[-80.3958,35.2706],[-80.3895,35.2643],[-80.3895,35.2621],[-80.3783,35.2607],[-80.3746,35.267],[-80.3616,35.2622],[-80.3705,35.255],[-80.3695,35.2441],[-80.3586,35.2476],[-80.3507,35.2495],[-80.3469,35.2467],[-80.3462,35.2401],[-80.3463,35.2429],[-80.3435,35.2446],[-80.349,35.2521],[-80.3446,35.2599],[-80.3286,35.2713],[-80.3381,35.2706],[-80.3409,35.2747]]]}},{"type":"Feature","properties":{"id":"p3748700","name":"Ocean Isle Beach"},"geometry":{"type":"MultiPolygon","coordinates":[[[[-78.4661,33.9228],[-78.4598,33.9207],[-78.4544,33.9143],[-78.4471,33.9131],[-78.4506,33.9344],[-78.4573,33.9318],[-78.4652,33.9327],[-78.4661,33.9228]]],[[[-78.4846,33.8757],[-78.4848,33.8735],[-78.4268,33.8899],[-78.3912,33.899],[-78.388,33.9052],[-78.4051,33.9035],[-78.424,33.8987],[-78.441,33.896],[-78.4692,33.89],[-78.4668,33.8835],[-78.4709,33.8789],[-78.4846,33.8757]]]]}},{"type":"Feature","properties":{"id":"p3764740","name":"Statesville"},"geometry":{"type":"MultiPolygon","coordinates":[[[[-80.791,35.7519],[-80.7913,35.7442],[-80.7802,35.7469],[-80.7797,35.7568],[-80.7899,35.7586],[-80.791,35.7519]]],[[[-80.8326,35.8234],[-80.8209,35.8223],[-80.8204,35.8282],[-80.8302,35.8282],[-80.8326,35.8234]]],[[[-80.8697,35.8551],[-80.8694,35.8501],[-80.8639,35.8448],[-80.8607,35.8527],[-80.8697,35.8551]]],[[[-80.923,35.7536],[-80.9109,35.7452],[-80.9062,35.7469],[-80.906,35.7561],[-80.9128,35.7577],[-80.923,35.7536]]],[[[-80.9432,35.7977],[-80.9428,35.7925],[-80.9358,35.793],[-80.9273,35.7899],[-80.9299,35.7854],[-80.9197,35.7795],[-80.9225,35.775],[-80.9217,35.7641],[-80.9111,35.7689],[-80.9024,35.7677],[-80.8908,35.7598],[-80.8828,35.7634],[-80.8752,35.7608],[-80.882,35.755],[-80.8686,35.7371],[-80.863,35.7364],[-80.8608,35.7463],[-80.8615,35.7619],[-80.8532,35.761],[-80.8554,35.7449],[-80.8591,35.741],[-80.8542,35.736],[-80.858,35.7303],[-80.8553,35.7153],[-80.8368,35.7331],[-80.839,35.7379],[-80.8389,35.7537],[-80.8469,35.7539],[-80.8493,35.7572],[-80.8342,35.7635],[-80.8405,35.7693],[-80.8534,35.7756],[-80.8475,35.781],[-80.8354,35.7871],[-80.8281,35.7881],[-80.8145,35.7808],[-80.8109,35.7807],[-80.8096,35.8021],[-80.8077,35.8095],[-80.8163,35.8093],[-80.8212,35.8065],[-80.8321,35.8116],[-80.8308,35.8193],[-80.839,35.8165],[-80.8388,35.8304],[-80.8439,35.834],[-80.8508,35.8346],[-80.8564,35.8252],[-80.8569,35.8109],[-80.8611,35.813],[-80.861,35.8218],[-80.8641,35.8281],[-80.872,35.8284],[-80.8726,35.8176],[-80.8832,35.8209],[-80.8836,35.8151],[-80.8953,35.808],[-80.9014,35.813],[-80.9111,35.8117],[-80.9158,35.8059],[-80.9281,35.8051],[-80.9432,35.7977]]],[[[-80.9701,35.7664],[-80.9555,35.7625],[-80.9563,35.7559],[-80.9492,35.7553],[-80.9492,35.7617],[-80.9412,35.7614],[-80.9455,35.768],[-80.9535,35.7662],[-80.9701,35.7664]]]]}},{"type":"Feature","properties":{"id":"p3732260","name":"Holly Springs"},"geometry":{"type":"MultiPolygon","coordinates":[[[[-78.8906,35.6206],[-78.8875,35.612],[-78.8758,35.6137],[-78.8669,35.6176],[-78.8667,35.625],[-78.8697,35.628],[-78.8611,35.6329],[-78.8521,35.6321],[-78.8541,35.6427],[-78.8692,35.6414],[-78.8767,35.6442],[-78.8786,35.6377],[-78.8774,35.6265],[-78.8801,35.6215],[-78.8906,35.6206]]],[[[-78.8962,35.6054],[-78.8905,35.6039],[-78.8907,35.5985],[-78.8836,35.5969],[-78.8778,35.6015],[-78.8774,35.6078],[-78.8962,35.6054]]],[[[-78.8765,35.6873],[-78.8916,35.6869],[-78.9125,35.6765],[-78.9096,35.6715],[-78.8993,35.671],[-78.8997,35.6609],[-78.8943,35.661],[-78.8943,35.671],[-78.8966,35.6785],[-78.8852,35.6805],[-78.8813,35.6747],[-78.883,35.6662],[-78.8935,35.6474],[-78.8913,35.6451],[-78.8797,35.6453],[-78.8627,35.6485],[-78.8539,35.648],[-78.8539,35.644],[-78.8447,35.6379],[-78.8517,35.6322],[-78.8497,35.6272],[-78.853,35.62],[-78.8518,35.6127],[-78.8441,35.6127],[-78.8406,35.6168],[-78.8445,35.6251],[-78.8385,35.6299],[-78.8271,35.6227],[-78.8178,35.6283],[-78.8179,35.6296],[-78.812,35.6345],[-78.8085,35.6307],[-78.8067,35.6336],[-78.7986,35.637],[-78.8023,35.643],[-78.7864,35.6518],[-78.7835,35.645],[-78.7777,35.6515],[-78.7722,35.6484],[-78.7676,35.651],[-78.7681,35.6533],[-78.7743,35.6531],[-78.7739,35.6624],[-78.7789,35.6696],[-78.7905,35.6625],[-78.7951,35.6694],[-78.7922,35.6795],[-78.8088,35.6813],[-78.8227,35.6792],[-78.8335,35.6819],[-78.8365,35.6837],[-78.8365,35.6839],[-78.8403,35.6846],[-78.8425,35.6812],[-78.8507,35.6795],[-78.8464,35.6775],[-78.8491,35.6697],[-78.8653,35.6697],[-78.8634,35.6765],[-78.8665,35.6876],[-78.8765,35.6873]]]]}},{"type":"Feature","properties":{"id":"p3741720","name":"Marvin"},"geometry":{"type":"MultiPolygon","coordinates":[[[[-80.7786,34.9815],[-80.792,34.9724],[-80.7896,34.9648],[-80.7981,34.9666],[-80.8032,34.9733],[-80.813,34.974],[-80.8177,34.9775],[-80.8136,34.9708],[-80.8016,34.9699],[-80.8006,34.9615],[-80.7959,34.9571],[-80.7953,34.9505],[-80.7843,34.9516],[-80.7835,34.9562],[-80.7825,34.9615],[-80.7749,34.9626],[-80.7707,34.965],[-80.7776,34.9678],[-80.7729,34.9731],[-80.7708,34.9748],[-80.7694,34.975],[-80.7713,34.9791],[-80.7565,34.9802],[-80.7595,34.9915],[-80.7739,34.9854],[-80.7786,34.9815]]],[[[-80.8279,35.0105],[-80.838,35.005],[-80.8404,35.0016],[-80.819,34.9768],[-80.8177,34.9775],[-80.8184,34.9839],[-80.8081,34.9983],[-80.7992,35.0014],[-80.7985,35.0067],[-80.8112,35.0215],[-80.821,35.0173],[-80.8279,35.0105]]]]}},{"type":"Feature","properties":{"id":"p3771100","name":"Warrenton"},"geometry":{"type":"Polygon","coordinates":[[[-78.1696,36.4103],[-78.1659,36.4039],[-78.1659,36.3942],[-78.1611,36.3905],[-78.1523,36.3902],[-78.1443,36.3952],[-78.1509,36.4017],[-78.1501,36.4067],[-78.161,36.4062],[-78.1696,36.4103]]]}},{"type":"Feature","properties":{"id":"p3705220","name":"Bessemer City"},"geometry":{"type":"Polygon","coordinates":[[[-81.2536,35.2905],[-81.2541,35.3017],[-81.2651,35.3004],[-81.2729,35.3017],[-81.2831,35.2999],[-81.2883,35.2927],[-81.3078,35.2903],[-81.3118,35.2848],[-81.3196,35.2836],[-81.3199,35.2754],[-81.3052,35.2756],[-81.2994,35.2701],[-81.2951,35.2715],[-81.2911,35.2586],[-81.2736,35.2613],[-81.2564,35.2653],[-81.259,35.2691],[-81.2586,35.2765],[-81.2517,35.2794],[-81.248,35.2868],[-81.2491,35.2882],[-81.2573,35.2904],[-81.2536,35.2905]],[[-81.2937,35.2681],[-81.2934,35.2728],[-81.2776,35.2744],[-81.277,35.2686],[-81.2669,35.2724],[-81.2597,35.2658],[-81.2677,35.2629],[-81.2826,35.2613],[-81.2911,35.2591],[-81.2937,35.2681]]]}},{"type":"Feature","properties":{"id":"p3766500","name":"Sylva"},"geometry":{"type":"Polygon","coordinates":[[[-83.2445,35.3671],[-83.2445,35.3667],[-83.2362,35.3669],[-83.2243,35.3624],[-83.2136,35.3649],[-83.2079,35.3729],[-83.2104,35.3788],[-83.2009,35.3855],[-83.2029,35.3918],[-83.2085,35.3949],[-83.2237,35.3849],[-83.233,35.3818],[-83.2381,35.3749],[-83.2392,35.369],[-83.2445,35.3671]]]}},{"type":"Feature","properties":{"id":"p3758840","name":"Salemburg"},"geometry":{"type":"Polygon","coordinates":[[[-78.5141,35.0158],[-78.5109,35.009],[-78.4985,35.0075],[-78.4948,35.0223],[-78.5057,35.0244],[-78.5141,35.0158]]]}},{"type":"Feature","properties":{"id":"p3705530","name":"Bethlehem"},"geometry":{"type":"Polygon","coordinates":[[[-81.2688,35.8045],[-81.255,35.8083],[-81.2513,35.8147],[-81.2532,35.8221],[-81.2646,35.8296],[-81.2783,35.829],[-81.2876,35.8351],[-81.2931,35.8319],[-81.298,35.8336],[-81.3085,35.8301],[-81.3147,35.8382],[-81.3289,35.8269],[-81.3273,35.8165],[-81.3356,35.8074],[-81.3319,35.8005],[-81.3343,35.7963],[-81.3159,35.7969],[-81.3091,35.8024],[-81.3,35.7987],[-81.2901,35.7999],[-81.279,35.8063],[-81.2688,35.8045]]]}},{"type":"Feature","properties":{"id":"p3712140","name":"Cherokee"},"geometry":{"type":"Polygon","coordinates":[[[-83.3408,35.4859],[-83.3349,35.4806],[-83.3358,35.4748],[-83.3317,35.4698],[-83.3251,35.4686],[-83.3149,35.4606],[-83.3077,35.466],[-83.2998,35.4602],[-83.2904,35.4596],[-83.2886,35.4519],[-83.283,35.4544],[-83.2742,35.4633],[-83.2752,35.468],[-83.2704,35.4839],[-83.2696,35.4911],[-83.2659,35.4982],[-83.2662,35.5064],[-83.2804,35.5135],[-83.2858,35.5135],[-83.2895,35.5074],[-83.2962,35.5085],[-83.2986,35.5016],[-83.3088,35.5069],[-83.3148,35.5122],[-83.3372,35.505],[-83.3341,35.496],[-83.3408,35.4859]]]}},{"type":"Feature","properties":{"id":"p3739480","name":"Lowell"},"geometry":{"type":"Polygon","coordinates":[[[-81.1194,35.2769],[-81.1218,35.2764],[-81.1119,35.2718],[-81.1193,35.2648],[-81.1074,35.2566],[-81.1036,35.2524],[-81.1023,35.2498],[-81.0922,35.2548],[-81.0914,35.2597],[-81.0842,35.2667],[-81.0894,35.271],[-81.0936,35.2755],[-81.0894,35.2842],[-81.0969,35.2875],[-81.1018,35.2856],[-81.1094,35.2895],[-81.0992,35.2927],[-81.1038,35.2988],[-81.1106,35.299],[-81.1182,35.2906],[-81.1145,35.2868],[-81.1148,35.2821],[-81.1194,35.2769]]]}},{"type":"Feature","properties":{"id":"p3752760","name":"Pleasant Garden"},"geometry":{"type":"Polygon","coordinates":[[[-79.7962,35.9444],[-79.797,35.9386],[-79.7806,35.9381],[-79.7778,35.9267],[-79.7672,35.9242],[-79.7616,35.9275],[-79.7494,35.9262],[-79.7492,35.9315],[-79.7306,35.9327],[-79.7273,35.9487],[-79.7409,35.9485],[-79.7406,35.9589],[-79.7223,35.9589],[-79.7133,35.9573],[-79.7113,35.9665],[-79.7317,35.9769],[-79.7456,35.9911],[-79.7503,35.988],[-79.7653,35.9877],[-79.7651,35.9938],[-79.7777,35.9908],[-79.7931,35.9924],[-79.7942,35.9696],[-79.7866,35.964],[-79.7943,35.9583],[-79.7962,35.9444]]]}},{"type":"Feature","properties":{"id":"p3730280","name":"Hayesville"},"geometry":{"type":"Polygon","coordinates":[[[-83.828,35.0489],[-83.8269,35.0439],[-83.8198,35.0396],[-83.81,35.0406],[-83.8176,35.0509],[-83.828,35.0489]]]}},{"type":"Feature","properties":{"id":"p3732580","name":"Hoopers Creek"},"geometry":{"type":"Polygon","coordinates":[[[-82.4763,35.4451],[-82.4755,35.4422],[-82.4574,35.4397],[-82.4508,35.4352],[-82.4484,35.44],[-82.4397,35.4403],[-82.4299,35.4354],[-82.4204,35.4267],[-82.4156,35.4191],[-82.4117,35.4246],[-82.3954,35.4487],[-82.4061,35.4499],[-82.4182,35.4494],[-82.4196,35.4521],[-82.4053,35.4679],[-82.4178,35.4744],[-82.4272,35.4704],[-82.4314,35.4647],[-82.4459,35.4607],[-82.454,35.4552],[-82.4561,35.4497],[-82.4616,35.4508],[-82.4706,35.4452],[-82.4763,35.4451]]]}},{"type":"Feature","properties":{"id":"p3775780","name":"Wrightsboro"},"geometry":{"type":"Polygon","coordinates":[[[-77.9537,34.3151],[-77.9594,34.3019],[-77.9537,34.2942],[-77.9595,34.2892],[-77.9516,34.2835],[-77.9495,34.2739],[-77.9435,34.2729],[-77.9384,34.278],[-77.9264,34.2733],[-77.9203,34.2644],[-77.9195,34.2589],[-77.912,34.2587],[-77.9017,34.2602],[-77.8911,34.2586],[-77.8879,34.2597],[-77.8915,34.2674],[-77.8895,34.2732],[-77.8753,34.2859],[-77.8788,34.2885],[-77.8927,34.2881],[-77.9094,34.2907],[-77.9,34.31],[-77.9135,34.315],[-77.9311,34.319],[-77.9375,34.3189],[-77.9463,34.3142],[-77.9537,34.3151]]]}},{"type":"Feature","properties":{"id":"p3710120","name":"Candor"},"geometry":{"type":"MultiPolygon","coordinates":[[[[-79.7292,35.3062],[-79.7266,35.2973],[-79.7213,35.294],[-79.7132,35.2937],[-79.7116,35.3021],[-79.7085,35.3034],[-79.7084,35.3115],[-79.7139,35.315],[-79.7168,35.3073],[-79.7292,35.3062]]],[[[-79.7527,35.2972],[-79.7512,35.2891],[-79.7459,35.2869],[-79.7453,35.2781],[-79.7394,35.2766],[-79.74,35.2881],[-79.7312,35.2914],[-79.7316,35.2987],[-79.7418,35.3012],[-79.7498,35.3003],[-79.7527,35.2972]]]]}},{"type":"Feature","properties":{"id":"p3769020","name":"Tyro"},"geometry":{"type":"Polygon","coordinates":[[[-80.4188,35.8084],[-80.409,35.7966],[-80.404,35.7988],[-80.3998,35.7883],[-80.4011,35.7827],[-80.3898,35.7801],[-80.3857,35.7672],[-80.3812,35.7642],[-80.3747,35.7738],[-80.3692,35.7778],[-80.3639,35.7649],[-80.3584,35.7605],[-80.3524,35.7759],[-80.3448,35.7817],[-80.334,35.7989],[-80.344,35.7996],[-80.3426,35.8049],[-80.3509,35.8117],[-80.3558,35.8128],[-80.3601,35.8249],[-80.3732,35.8236],[-80.3824,35.8315],[-80.3919,35.8322],[-80.401,35.8264],[-80.4077,35.8244],[-80.4123,35.8127],[-80.4188,35.8084]]]}},{"type":"Feature","properties":{"id":"p3733820","name":"Iron Station"},"geometry":{"type":"Polygon","coordinates":[[[-81.1733,35.4609],[-81.1697,35.4488],[-81.1726,35.4467],[-81.1569,35.4377],[-81.143,35.4443],[-81.1421,35.4487],[-81.1349,35.4505],[-81.1393,35.4557],[-81.1655,35.4646],[-81.1733,35.4609]]]}},{"type":"Feature","properties":{"id":"p3769640","name":"Valley Hill"},"geometry":{"type":"Polygon","coordinates":[[[-82.5053,35.2981],[-82.5129,35.3035],[-82.5187,35.299],[-82.5047,35.2844],[-82.4943,35.292],[-82.4784,35.2874],[-82.4688,35.293],[-82.4635,35.3003],[-82.4689,35.2994],[-82.4761,35.3066],[-82.4783,35.3056],[-82.4825,35.302],[-82.4968,35.3026],[-82.5013,35.2964],[-82.5053,35.2981]]]}},{"type":"Feature","properties":{"id":"p3715440","name":"Cricket"},"geometry":{"type":"Polygon","coordinates":[[[-81.2217,36.1823],[-81.2205,36.1752],[-81.2149,36.1663],[-81.2007,36.1612],[-81.1903,36.1548],[-81.1752,36.154],[-81.1681,36.162],[-81.1622,36.1635],[-81.1699,36.1705],[-81.1801,36.1696],[-81.1906,36.1819],[-81.2063,36.1835],[-81.2086,36.1738],[-81.2147,36.1743],[-81.2134,36.1837],[-81.2152,36.1843],[-81.2217,36.1823]]]}},{"type":"Feature","properties":{"id":"p3712780","name":"Clarkton"},"geometry":{"type":"Polygon","coordinates":[[[-78.6736,34.4965],[-78.6655,34.491],[-78.6648,34.4835],[-78.6528,34.4779],[-78.6412,34.49],[-78.6509,34.4967],[-78.6612,34.4963],[-78.6646,34.4932],[-78.6736,34.4965]]]}},{"type":"Feature","properties":{"id":"p3770920","name":"Wanchese"},"geometry":{"type":"Polygon","coordinates":[[[-75.6604,35.853],[-75.6593,35.8405],[-75.6543,35.8369],[-75.6537,35.8298],[-75.6494,35.8248],[-75.6303,35.8201],[-75.6227,35.8264],[-75.6163,35.8269],[-75.6183,35.839],[-75.6232,35.844],[-75.6198,35.8473],[-75.6365,35.8595],[-75.6604,35.853]]]}},{"type":"Feature","properties":{"id":"p3702780","name":"Avon"},"geometry":{"type":"Polygon","coordinates":[[[-75.517,35.3366],[-75.5166,35.3265],[-75.514,35.3219],[-75.5066,35.3222],[-75.4938,35.3712],[-75.5008,35.3711],[-75.5137,35.3569],[-75.5137,35.3463],[-75.517,35.3366]]]}},{"type":"Feature","properties":{"id":"p3756710","name":"River Bend"},"geometry":{"type":"Polygon","coordinates":[[[-77.1721,35.0753],[-77.1701,35.0647],[-77.1645,35.0655],[-77.1553,35.0626],[-77.1475,35.0563],[-77.1326,35.067],[-77.1305,35.0723],[-77.1422,35.0814],[-77.1443,35.0875],[-77.1721,35.0753]]]}},{"type":"Feature","properties":{"id":"p3716720","name":"Deep Run"},"geometry":{"type":"Polygon","coordinates":[[[-77.7331,35.1348],[-77.7243,35.1314],[-77.7181,35.1267],[-77.7055,35.1327],[-77.6934,35.1416],[-77.6967,35.1467],[-77.7139,35.1511],[-77.7214,35.155],[-77.7292,35.1561],[-77.729,35.1502],[-77.7331,35.1348]]]}},{"type":"Feature","properties":{"id":"p3763360","name":"Southmont"},"geometry":{"type":"Polygon","coordinates":[[[-80.2964,35.6583],[-80.2993,35.6491],[-80.2883,35.6353],[-80.2837,35.6333],[-80.265,35.6296],[-80.2595,35.6399],[-80.2489,35.6499],[-80.2398,35.6683],[-80.2513,35.6768],[-80.2596,35.6703],[-80.2759,35.6693],[-80.2893,35.6661],[-80.2964,35.6583]]]}},{"type":"Feature","properties":{"id":"p3743720","name":"Mocksville"},"geometry":{"type":"MultiPolygon","coordinates":[[[[-80.5939,35.9184],[-80.5912,35.9087],[-80.5782,35.9005],[-80.5797,35.8946],[-80.5784,35.8822],[-80.5707,35.8807],[-80.5776,35.8732],[-80.5739,35.8681],[-80.5678,35.8687],[-80.5684,35.8763],[-80.5494,35.8843],[-80.5432,35.8797],[-80.541,35.8864],[-80.5453,35.8889],[-80.5424,35.8977],[-80.5293,35.8935],[-80.5253,35.9017],[-80.5282,35.9059],[-80.5231,35.9141],[-80.5291,35.9165],[-80.5363,35.9122],[-80.5513,35.9126],[-80.5643,35.9156],[-80.5639,35.9084],[-80.5752,35.9095],[-80.588,35.9211],[-80.5939,35.9184]]],[[[-80.5975,35.9304],[-80.5914,35.924],[-80.5808,35.9293],[-80.5885,35.9314],[-80.5975,35.9304]]],[[[-80.6104,35.9339],[-80.6064,35.9267],[-80.599,35.9329],[-80.6061,35.9372],[-80.6104,35.9339]]],[[[-80.6125,35.9163],[-80.6107,35.9136],[-80.5941,35.9214],[-80.5975,35.928],[-80.6087,35.9233],[-80.6125,35.9163]]]]}},{"type":"Feature","properties":{"id":"p3758720","name":"St. Pauls"},"geometry":{"type":"Polygon","coordinates":[[[-78.9851,34.8133],[-78.9884,34.806],[-78.9772,34.804],[-78.9731,34.7986],[-78.9635,34.7992],[-78.9593,34.8066],[-78.9613,34.8126],[-78.9676,34.8107],[-78.9851,34.8133]]]}},{"type":"Feature","properties":{"id":"p3757039","name":"Roberdel"},"geometry":{"type":"Polygon","coordinates":[[[-79.7438,34.9707],[-79.7396,34.9813],[-79.7445,34.9878],[-79.7514,34.982],[-79.7501,34.968],[-79.7439,34.9701],[-79.7438,34.9707]]]}},{"type":"Feature","properties":{"id":"p3726920","name":"Goldston"},"geometry":{"type":"Polygon","coordinates":[[[-79.3376,35.5931],[-79.3338,35.587],[-79.3247,35.5865],[-79.3209,35.5896],[-79.3207,35.5962],[-79.3242,35.5993],[-79.3321,35.5997],[-79.3376,35.5931]]]}},{"type":"Feature","properties":{"id":"p3732740","name":"Horse Shoe"},"geometry":{"type":"Polygon","coordinates":[[[-82.5873,35.343],[-82.5897,35.3339],[-82.588,35.3301],[-82.5771,35.3309],[-82.5749,35.3255],[-82.562,35.3237],[-82.5567,35.3254],[-82.5536,35.3305],[-82.5462,35.3217],[-82.5333,35.3185],[-82.5313,35.3252],[-82.5205,35.3275],[-82.5313,35.3333],[-82.5289,35.3393],[-82.5341,35.3436],[-82.5361,35.3537],[-82.5459,35.3589],[-82.5436,35.367],[-82.5528,35.3664],[-82.5612,35.3679],[-82.5648,35.3627],[-82.5726,35.3615],[-82.5836,35.3509],[-82.5873,35.343]]]}},{"type":"Feature","properties":{"id":"p3757800","name":"Roseboro"},"geometry":{"type":"Polygon","coordinates":[[[-78.5261,34.962],[-78.5207,34.9544],[-78.5173,34.9433],[-78.4999,34.9482],[-78.5046,34.9623],[-78.5107,34.9605],[-78.5174,34.9634],[-78.5233,34.9689],[-78.5261,34.962]]]}},{"type":"Feature","properties":{"id":"p3774020","name":"Wilkesboro"},"geometry":{"type":"Polygon","coordinates":[[[-81.1984,36.1543],[-81.1997,36.1519],[-81.2136,36.15],[-81.2245,36.1505],[-81.2319,36.1564],[-81.2416,36.1476],[-81.214,36.149],[-81.2059,36.1423],[-81.2007,36.1355],[-81.1955,36.1367],[-81.1872,36.126],[-81.1836,36.131],[-81.1616,36.1285],[-81.1585,36.1206],[-81.1506,36.1255],[-81.1518,36.132],[-81.1406,36.1351],[-81.1407,36.1406],[-81.1309,36.147],[-81.1278,36.1535],[-81.133,36.1579],[-81.1368,36.1569],[-81.1391,36.1555],[-81.1401,36.1555],[-81.1467,36.1524],[-81.1614,36.1494],[-81.1731,36.1499],[-81.1742,36.1524],[-81.1752,36.154],[-81.1903,36.1548],[-81.1984,36.1543]]]}},{"type":"Feature","properties":{"id":"p3730260","name":"Haw River"},"geometry":{"type":"Polygon","coordinates":[[[-79.3561,36.1137],[-79.3564,36.1034],[-79.3631,36.1053],[-79.3686,36.1015],[-79.3759,36.1044],[-79.3849,36.1124],[-79.3898,36.1112],[-79.3744,36.1027],[-79.359,36.0987],[-79.3732,36.0951],[-79.3869,36.0912],[-79.3864,36.0885],[-79.3763,36.0819],[-79.368,36.0856],[-79.3692,36.077],[-79.3606,36.0779],[-79.3563,36.0779],[-79.3499,36.0771],[-79.3483,36.0757],[-79.3466,36.0754],[-79.3378,36.0795],[-79.3454,36.0871],[-79.3457,36.0943],[-79.3516,36.1031],[-79.352,36.1137],[-79.3561,36.1137]]]}},{"type":"Feature","properties":{"id":"p3744560","name":"Morven"},"geometry":{"type":"Polygon","coordinates":[[[-80.0085,34.8709],[-80.0084,34.8566],[-79.9907,34.8565],[-79.9914,34.8713],[-80.0085,34.8709]]]}},{"type":"Feature","properties":{"id":"p3712186","name":"Cherry Branch"},"geometry":{"type":"Polygon","coordinates":[[[-76.8212,34.9401],[-76.821,34.931],[-76.8171,34.9224],[-76.8098,34.9191],[-76.8068,34.9266],[-76.8002,34.9247],[-76.798,34.9325],[-76.8112,34.9392],[-76.8212,34.9401]]]}},{"type":"Feature","properties":{"id":"p3713560","name":"Colerain"},"geometry":{"type":"Polygon","coordinates":[[[-76.7733,36.2028],[-76.7713,36.1984],[-76.7616,36.1989],[-76.7666,36.2043],[-76.7733,36.2028]]]}},{"type":"Feature","properties":{"id":"p3762040","name":"Simpson"},"geometry":{"type":"Polygon","coordinates":[[[-77.286,35.5759],[-77.2802,35.5719],[-77.2732,35.5741],[-77.2731,35.5797],[-77.2802,35.5803],[-77.286,35.5759]]]}},{"type":"Feature","properties":{"id":"p4506850","name":"Blenheim"},"geometry":{"type":"Polygon","coordinates":[[[-79.6606,34.5167],[-79.654,34.4991],[-79.6478,34.5049],[-79.6449,34.5159],[-79.6606,34.5167]]]}},{"type":"Feature","properties":{"id":"p4568470","name":"Springfield"},"geometry":{"type":"Polygon","coordinates":[[[-81.2921,33.4991],[-81.2909,33.4915],[-81.2844,33.4868],[-81.2764,33.4862],[-81.2677,33.4923],[-81.2666,33.4972],[-81.2698,33.504],[-81.2755,33.507],[-81.2867,33.5056],[-81.2921,33.4991]]]}},{"type":"Feature","properties":{"id":"p4559920","name":"Richburg"},"geometry":{"type":"Polygon","coordinates":[[[-81.0298,34.7189],[-81.0264,34.7122],[-81.0173,34.7091],[-81.0113,34.713],[-81.0138,34.7221],[-81.0264,34.7247],[-81.0298,34.7189]]]}},{"type":"Feature","properties":{"id":"p4535890","name":"Irmo"},"geometry":{"type":"MultiPolygon","coordinates":[[[[-81.2261,34.11],[-81.2314,34.1049],[-81.228,34.1013],[-81.2252,34.1071],[-81.2154,34.1103],[-81.2122,34.1027],[-81.2138,34.0945],[-81.2018,34.0931],[-81.1947,34.0865],[-81.1874,34.0755],[-81.1802,34.0765],[-81.166,34.0631],[-81.167,34.0645],[-81.1674,34.0664],[-81.1731,34.076],[-81.1725,34.0832],[-81.1659,34.0854],[-81.1683,34.0912],[-81.1618,34.0947],[-81.1608,34.0956],[-81.1639,34.0975],[-81.1751,34.1105],[-81.1837,34.1078],[-81.1929,34.1163],[-81.2032,34.1084],[-81.216,34.1113],[-81.2166,34.1166],[-81.2261,34.11]]],[[[-81.2289,34.1194],[-81.2146,34.1208],[-81.2051,34.1183],[-81.2017,34.1252],[-81.2091,34.132],[-81.2202,34.1322],[-81.2327,34.1397],[-81.2331,34.1356],[-81.2267,34.129],[-81.2302,34.1222],[-81.2289,34.1194]]]]}},{"type":"Feature","properties":{"id":"p4536610","name":"Jefferson"},"geometry":{"type":"Polygon","coordinates":[[[-80.4009,34.6469],[-80.3915,34.6447],[-80.3864,34.6388],[-80.3752,34.6451],[-80.3744,34.6529],[-80.3845,34.6617],[-80.394,34.6612],[-80.3985,34.6573],[-80.4009,34.6469]]]}},{"type":"Feature","properties":{"id":"p4543495","name":"McBee"},"geometry":{"type":"Polygon","coordinates":[[[-80.2675,34.4678],[-80.261,34.4626],[-80.2619,34.4562],[-80.2561,34.4522],[-80.2462,34.4736],[-80.2624,34.4788],[-80.2675,34.4678]]]}},{"type":"Feature","properties":{"id":"p4560415","name":"Ridgeway"},"geometry":{"type":"Polygon","coordinates":[[[-80.9673,34.3107],[-80.9576,34.299],[-80.9514,34.3039],[-80.9624,34.314],[-80.9673,34.3107]]]}},{"type":"Feature","properties":{"id":"p4577965","name":"Williston"},"geometry":{"type":"Polygon","coordinates":[[[-81.4575,33.394],[-81.4127,33.3721],[-81.3864,33.4094],[-81.4312,33.4316],[-81.4575,33.394]]]}},{"type":"Feature","properties":{"id":"p4542865","name":"Lowrys"},"geometry":{"type":"Polygon","coordinates":[[[-81.2548,34.8059],[-81.2531,34.7977],[-81.2478,34.7924],[-81.2358,34.7894],[-81.2288,34.7913],[-81.2218,34.7966],[-81.2195,34.8028],[-81.2226,34.8123],[-81.2276,34.8162],[-81.2385,34.8185],[-81.2498,34.8145],[-81.2548,34.8059]]]}},{"type":"Feature","properties":{"id":"p4540210","name":"Lane"},"geometry":{"type":"Polygon","coordinates":[[[-79.8969,33.5393],[-79.8974,33.5106],[-79.8622,33.5112],[-79.8622,33.5395],[-79.8969,33.5393]]]}},{"type":"Feature","properties":{"id":"p4516720","name":"Cope"},"geometry":{"type":"Polygon","coordinates":[[[-81.0137,33.3796],[-81.0102,33.373],[-81.0023,33.3759],[-81.0056,33.3825],[-81.0137,33.3796]]]}},{"type":"Feature","properties":{"id":"p4568875","name":"Starr"},"geometry":{"type":"Polygon","coordinates":[[[-82.7072,34.3796],[-82.7039,34.3702],[-82.6945,34.3674],[-82.6872,34.3701],[-82.6839,34.3743],[-82.6846,34.3819],[-82.6947,34.3874],[-82.6998,34.3868],[-82.7072,34.3796]]]}},{"type":"Feature","properties":{"id":"p4578190","name":"Windsor"},"geometry":{"type":"Polygon","coordinates":[[[-81.5219,33.4815],[-81.5191,33.4758],[-81.5126,33.4739],[-81.5074,33.4759],[-81.5046,33.4815],[-81.5074,33.4865],[-81.5204,33.4881],[-81.5219,33.4815]]]}},{"type":"Feature","properties":{"id":"p4530490","name":"Great Falls"},"geometry":{"type":"Polygon","coordinates":[[[-80.9283,34.5686],[-80.9099,34.5574],[-80.8899,34.5596],[-80.8843,34.5706],[-80.8864,34.5776],[-80.8941,34.5797],[-80.8936,34.585],[-80.8967,34.5976],[-80.9073,34.5967],[-80.9193,34.587],[-80.921,34.5751],[-80.9283,34.5686]]]}},{"type":"Feature","properties":{"id":"p4534495","name":"Hollywood"},"geometry":{"type":"Polygon","coordinates":[[[-80.335,32.7154],[-80.3349,32.713],[-80.3453,32.7081],[-80.3418,32.7053],[-80.3244,32.7085],[-80.3155,32.7083],[-80.3126,32.6993],[-80.3111,32.6999],[-80.3119,32.7195],[-80.3102,32.7212],[-80.3057,32.7184],[-80.3028,32.7142],[-80.2946,32.7186],[-80.2871,32.7208],[-80.2821,32.7246],[-80.2801,32.7242],[-80.2745,32.7262],[-80.2694,32.7211],[-80.2693,32.72],[-80.2679,32.7184],[-80.267,32.7163],[-80.2703,32.7099],[-80.2721,32.7105],[-80.2745,32.7092],[-80.2765,32.7076],[-80.2767,32.7066],[-80.2773,32.6997],[-80.2685,32.7013],[-80.2626,32.6983],[-80.2567,32.7018],[-80.2641,32.7094],[-80.2578,32.7079],[-80.2529,32.7118],[-80.25,32.7187],[-80.2387,32.7305],[-80.2319,32.7258],[-80.2297,32.7189],[-80.2251,32.7181],[-80.2241,32.7227],[-80.2173,32.723],[-80.2186,32.7305],[-80.2164,32.7311],[-80.1984,32.7368],[-80.1937,32.7393],[-80.2004,32.746],[-80.193,32.7476],[-80.1926,32.7401],[-80.1806,32.74],[-80.1761,32.7458],[-80.1704,32.7459],[-80.158,32.7508],[-80.1521,32.7471],[-80.1398,32.7466],[-80.1362,32.7489],[-80.1341,32.7559],[-80.1279,32.7614],[-80.1279,32.7758],[-80.1213,32.7814],[-80.1261,32.784],[-80.1264,32.7843],[-80.1334,32.7909],[-80.1385,32.8069],[-80.1439,32.8129],[-80.1493,32.8182],[-80.1577,32.8182],[-80.1759,32.8221],[-80.1808,32.81],[-80.1691,32.8067],[-80.1563,32.8112],[-80.146,32.8023],[-80.1529,32.7876],[-80.1468,32.7852],[-80.1485,32.783],[-80.1497,32.7813],[-80.1723,32.7751],[-80.1764,32.7842],[-80.1812,32.7795],[-80.1794,32.7732],[-80.1839,32.772],[-80.1925,32.7696],[-80.2061,32.7681],[-80.2181,32.7654],[-80.2231,32.7563],[-80.2332,32.7523],[-80.2431,32.7537],[-80.2495,32.7576],[-80.2598,32.7548],[-80.2756,32.7545],[-80.2831,32.7287],[-80.292,32.7298],[-80.2996,32.726],[-80.3036,32.7269],[-80.3039,32.7247],[-80.3191,32.7203],[-80.3318,32.7134],[-80.3316,32.7178],[-80.335,32.7154]],[[-80.1914,32.7402],[-80.1919,32.7477],[-80.1873,32.7482],[-80.1795,32.7592],[-80.1759,32.7534],[-80.1772,32.7447],[-80.1914,32.7402]],[[-80.1581,32.7699],[-80.1481,32.7734],[-80.1325,32.7712],[-80.1343,32.7661],[-80.1332,32.7579],[-80.1403,32.7589],[-80.1477,32.7647],[-80.1464,32.7678],[-80.1581,32.7699]]]}},{"type":"Feature","properties":{"id":"p4526845","name":"Fort Lawn"},"geometry":{"type":"Polygon","coordinates":[[[-80.91,34.6999],[-80.9084,34.6924],[-80.9014,34.6879],[-80.8944,34.688],[-80.8948,34.702],[-80.8884,34.708],[-80.8898,34.7141],[-80.8998,34.7104],[-80.91,34.6999]]]}},{"type":"Feature","properties":{"id":"p4556545","name":"Pimlico"},"geometry":{"type":"Polygon","coordinates":[[[-79.9701,33.0953],[-79.9655,33.0897],[-79.9506,33.0944],[-79.9568,33.1054],[-79.9651,33.11],[-79.9645,33.0996],[-79.9701,33.0953]]]}},{"type":"Feature","properties":{"id":"p4577920","name":"Willington"},"geometry":{"type":"Polygon","coordinates":[[[-82.4872,33.9755],[-82.4834,33.9707],[-82.487,33.9668],[-82.4778,33.9596],[-82.4688,33.9607],[-82.4511,33.9478],[-82.4387,33.9416],[-82.4322,33.9559],[-82.4419,33.9601],[-82.4392,33.9695],[-82.4394,33.9805],[-82.443,33.9807],[-82.4536,33.9908],[-82.4698,33.9899],[-82.4769,33.9824],[-82.4781,33.9741],[-82.4872,33.9755]]]}},{"type":"Feature","properties":{"id":"p4574725","name":"Warrenville"},"geometry":{"type":"Polygon","coordinates":[[[-81.8106,33.5528],[-81.8099,33.5502],[-81.7983,33.5328],[-81.7939,33.5341],[-81.7902,33.5551],[-81.8106,33.5528]]]}},{"type":"Feature","properties":{"id":"p4525405","name":"Finklea"},"geometry":{"type":"Polygon","coordinates":[[[-79.0072,34.1097],[-79.0063,34.1015],[-78.9979,34.0927],[-78.9812,34.085],[-78.9796,34.0893],[-78.97,34.0884],[-78.9655,34.0908],[-78.9635,34.1025],[-78.9782,34.1039],[-78.9923,34.1122],[-78.995,34.1089],[-79.0072,34.1097]]]}},{"type":"Feature","properties":{"id":"p4517845","name":"Cross Anchor"},"geometry":{"type":"Polygon","coordinates":[[[-81.8655,34.6495],[-81.8686,34.6431],[-81.8625,34.6413],[-81.8517,34.6346],[-81.8523,34.6467],[-81.859,34.6537],[-81.8655,34.6495]]]}},{"type":"Feature","properties":{"id":"p4510900","name":"Cameron"},"geometry":{"type":"Polygon","coordinates":[[[-80.7323,33.5601],[-80.7296,33.55],[-80.7207,33.5442],[-80.7064,33.5451],[-80.6981,33.5549],[-80.6998,33.5648],[-80.7046,33.5696],[-80.7121,33.5723],[-80.7195,33.572],[-80.7274,33.5682],[-80.7323,33.5601]]]}},{"type":"Feature","properties":{"id":"p4561495","name":"Rockville"},"geometry":{"type":"Polygon","coordinates":[[[-80.1857,32.5977],[-80.1875,32.6057],[-80.195,32.6056],[-80.2,32.6007],[-80.1958,32.5954],[-80.1921,32.5989],[-80.1857,32.5977]]]}},{"type":"Feature","properties":{"id":"p4562080","name":"Ruby"},"geometry":{"type":"Polygon","coordinates":[[[-80.1953,34.7519],[-80.1925,34.7392],[-80.1881,34.7265],[-80.1679,34.7425],[-80.1638,34.7615],[-80.1657,34.7621],[-80.1953,34.7519]]]}},{"type":"Feature","properties":{"id":"p4559380","name":"Reevesville"},"geometry":{"type":"Polygon","coordinates":[[[-80.6552,33.2067],[-80.6592,33.1965],[-80.6478,33.1933],[-80.6399,33.1885],[-80.6329,33.2093],[-80.6524,33.2138],[-80.6552,33.2067]]]}},{"type":"Feature","properties":{"id":"p4572520","name":"Trenton"},"geometry":{"type":"Polygon","coordinates":[[[-81.8555,33.7361],[-81.8494,33.7365],[-81.8384,33.7328],[-81.8307,33.733],[-81.8255,33.7373],[-81.8301,33.7458],[-81.8463,33.7515],[-81.8555,33.7361]]]}},{"type":"Feature","properties":{"id":"p4530895","name":"Greenwood"},"geometry":{"type":"Polygon","coordinates":[[[-82.1915,34.2276],[-82.197,34.2239],[-82.1921,34.2224],[-82.1878,34.2117],[-82.1834,34.2091],[-82.1747,34.1996],[-82.181,34.1953],[-82.1886,34.1944],[-82.1883,34.1885],[-82.1834,34.1839],[-82.1832,34.1761],[-82.1924,34.169],[-82.1894,34.1621],[-82.1951,34.1573],[-82.1818,34.1486],[-82.1807,34.1556],[-82.1702,34.151],[-82.1667,34.1542],[-82.1772,34.1589],[-82.1674,34.1667],[-82.1644,34.1737],[-82.1571,34.1647],[-82.165,34.1576],[-82.1625,34.1546],[-82.1603,34.1601],[-82.1512,34.1528],[-82.1388,34.159],[-82.1334,34.1636],[-82.1257,34.1568],[-82.1209,34.1635],[-82.1239,34.1737],[-82.1164,34.1797],[-82.1089,34.1832],[-82.113,34.1876],[-82.124,34.1933],[-82.1027,34.2093],[-82.1087,34.2159],[-82.114,34.2119],[-82.1065,34.2073],[-82.1156,34.2001],[-82.1238,34.202],[-82.1283,34.1991],[-82.1454,34.2036],[-82.151,34.2073],[-82.1394,34.214],[-82.1339,34.2252],[-82.1381,34.229],[-82.1309,34.2351],[-82.1274,34.2398],[-82.1352,34.2486],[-82.1309,34.256],[-82.121,34.2583],[-82.1317,34.2697],[-82.1397,34.2694],[-82.1451,34.2581],[-82.1398,34.2536],[-82.1276,34.2396],[-82.1383,34.2291],[-82.1435,34.2266],[-82.1446,34.222],[-82.1563,34.2238],[-82.1547,34.2311],[-82.1619,34.2301],[-82.1666,34.2255],[-82.1687,34.2168],[-82.1739,34.2136],[-82.1744,34.2071],[-82.1855,34.2207],[-82.1887,34.2184],[-82.1931,34.2246],[-82.1915,34.2276]],[[-82.1603,34.1606],[-82.1541,34.1663],[-82.1475,34.156],[-82.1512,34.1533],[-82.1603,34.1606]]]}},{"type":"Feature","properties":{"id":"p4509865","name":"Brunson"},"geometry":{"type":"Polygon","coordinates":[[[-81.1971,32.9235],[-81.1972,32.9168],[-81.1801,32.9168],[-81.1802,32.9317],[-81.1967,32.9318],[-81.1971,32.9235]]]}},{"type":"Feature","properties":{"id":"p4564465","name":"Scotia"},"geometry":{"type":"Polygon","coordinates":[[[-81.2605,32.6823],[-81.2568,32.671],[-81.2496,32.6663],[-81.2433,32.6659],[-81.2305,32.6708],[-81.2262,32.6783],[-81.2271,32.6859],[-81.2365,32.6942],[-81.2451,32.6951],[-81.2569,32.6891],[-81.2605,32.6823]]]}},{"type":"Feature","properties":{"id":"p4532245","name":"Hardeeville"},"geometry":{"type":"MultiPolygon","coordinates":[[[[-81.0623,32.2164],[-81.0577,32.2136],[-81.0459,32.2127],[-81.0461,32.2177],[-81.0543,32.2193],[-81.0623,32.2164]]],[[[-80.9454,32.3265],[-80.9476,32.3247],[-80.9625,32.3267],[-80.9693,32.3364],[-80.9547,32.3322],[-80.9494,32.3425],[-80.9352,32.3349],[-80.9323,32.3402],[-80.9417,32.3477],[-80.9378,32.3495],[-80.9279,32.3431],[-80.9261,32.3475],[-80.9359,32.3529],[-80.9354,32.3583],[-80.9792,32.3693],[-80.9983,32.3726],[-80.9993,32.3711],[-81.018,32.3722],[-81.0194,32.3761],[-81.0325,32.3777],[-81.0648,32.3108],[-81.06,32.3138],[-81.0538,32.312],[-81.0538,32.3068],[-81.0633,32.2934],[-81.076,32.2951],[-81.0726,32.3],[-81.0809,32.3018],[-81.0796,32.2895],[-81.0863,32.2892],[-81.0921,32.2962],[-81.1064,32.2969],[-81.1071,32.3096],[-81.0899,32.3095],[-81.0902,32.304],[-81.082,32.3027],[-81.0842,32.3102],[-81.0919,32.3151],[-81.1063,32.3149],[-81.1147,32.2912],[-81.1175,32.2876],[-81.1173,32.2758],[-81.1156,32.2609],[-81.1166,32.2389],[-81.113,32.2387],[-81.1069,32.231],[-81.1012,32.2279],[-81.0921,32.2191],[-81.0916,32.2037],[-81.0854,32.201],[-81.0786,32.1881],[-81.078,32.1827],[-81.0724,32.1769],[-81.0669,32.1751],[-81.067,32.1677],[-81.0548,32.1532],[-81.0394,32.1662],[-81.0557,32.1644],[-81.0483,32.1762],[-81.0398,32.177],[-81.0448,32.1825],[-81.0413,32.1886],[-81.0425,32.1944],[-81.0488,32.1935],[-81.0558,32.1976],[-81.0537,32.2095],[-81.0622,32.2103],[-81.066,32.2042],[-81.0731,32.2041],[-81.0724,32.2144],[-81.0802,32.2137],[-81.078,32.2257],[-81.069,32.225],[-81.0683,32.23],[-81.0715,32.2382],[-81.0785,32.2383],[-81.0785,32.2455],[-81.0708,32.2477],[-81.0707,32.2614],[-81.0727,32.2641],[-81.0619,32.2698],[-81.0544,32.2692],[-81.0434,32.2599],[-81.0329,32.2566],[-81.031,32.2479],[-81.0256,32.2398],[-81.01,32.2503],[-81.0041,32.2522],[-80.9967,32.2624],[-80.9932,32.2727],[-80.9975,32.2813],[-80.9942,32.2906],[-80.9987,32.298],[-81.0044,32.3008],[-81.0064,32.3065],[-80.985,32.306],[-80.9862,32.3138],[-80.9788,32.312],[-80.9638,32.3145],[-80.9671,32.3081],[-80.9638,32.3037],[-80.9459,32.3015],[-80.9387,32.2959],[-80.9349,32.3001],[-80.9346,32.3161],[-80.9413,32.3168],[-80.9454,32.3265]],[[-81.1134,32.2699],[-81.1143,32.2747],[-81.101,32.2746],[-81.1011,32.2697],[-81.1134,32.2699]],[[-81.0801,32.2673],[-81.0739,32.2648],[-81.0753,32.2563],[-81.074,32.2476],[-81.0777,32.247],[-81.0801,32.2673]],[[-81.0438,32.3233],[-81.0365,32.3267],[-81.0355,32.321],[-81.0302,32.3211],[-81.0322,32.3099],[-81.0407,32.3169],[-81.0438,32.3233]]]]}},{"type":"Feature","properties":{"id":"p4512655","name":"Cayce"},"geometry":{"type":"Polygon","coordinates":[[[-81.1088,33.9513],[-81.1061,33.9458],[-81.0951,33.9437],[-81.0795,33.9463],[-81.0773,33.9331],[-81.0841,33.9282],[-81.0807,33.9219],[-81.0705,33.9262],[-81.0685,33.9216],[-81.0546,33.9238],[-81.0482,33.9292],[-81.0431,33.9268],[-81.0288,33.9307],[-81.028,33.9231],[-81.0301,33.9136],[-81.0227,33.9092],[-81.0137,33.9139],[-81.0035,33.9117],[-80.9957,33.9119],[-80.9871,33.9211],[-80.9814,33.9247],[-80.9813,33.9361],[-80.992,33.9458],[-80.9913,33.9524],[-80.9927,33.9543],[-81.0026,33.9592],[-81.0093,33.954],[-81.0155,33.9626],[-81.031,33.9541],[-81.0358,33.9626],[-81.0392,33.969],[-81.0458,33.9766],[-81.0477,33.9905],[-81.0564,33.9885],[-81.0565,33.9881],[-81.0754,33.978],[-81.0741,33.9737],[-81.0753,33.9729],[-81.0776,33.9653],[-81.0824,33.9678],[-81.0873,33.9649],[-81.0912,33.9581],[-81.0997,33.95],[-81.1005,33.9503],[-81.1031,33.9515],[-81.1044,33.9518],[-81.1088,33.9513]],[[-81.077,33.9448],[-81.0637,33.9527],[-81.0516,33.9468],[-81.0524,33.944],[-81.067,33.9433],[-81.077,33.9448]],[[-81.0753,33.9368],[-81.077,33.9413],[-81.0659,33.9423],[-81.0665,33.9366],[-81.0753,33.9368]],[[-81.0249,33.9436],[-81.0176,33.9449],[-81.0124,33.9374],[-81.019,33.9353],[-81.0249,33.9436]],[[-81.0205,33.9453],[-81.0233,33.9503],[-81.0175,33.9525],[-81.0146,33.9476],[-81.0205,33.9453]],[[-81.0045,33.9215],[-80.9943,33.9305],[-80.993,33.9187],[-80.9991,33.9163],[-81.0045,33.9215]]]}},{"type":"Feature","properties":{"id":"p4570315","name":"Summit"},"geometry":{"type":"Polygon","coordinates":[[[-81.4343,33.929],[-81.4346,33.9206],[-81.4271,33.915],[-81.418,33.9148],[-81.4109,33.9206],[-81.411,33.9289],[-81.4173,33.9344],[-81.4269,33.9341],[-81.4343,33.929]]]}},{"type":"Feature","properties":{"id":"p4565005","name":"Sellers"},"geometry":{"type":"Polygon","coordinates":[[[-79.4807,34.2881],[-79.479,34.2782],[-79.4702,34.2745],[-79.4622,34.285],[-79.4699,34.2887],[-79.4807,34.2881]]]}},{"type":"Feature","properties":{"id":"p4578910","name":"Woodford"},"geometry":{"type":"Polygon","coordinates":[[[-81.1207,33.6687],[-81.1191,33.6645],[-81.1127,33.6615],[-81.1054,33.664],[-81.1034,33.6681],[-81.1065,33.6745],[-81.1121,33.676],[-81.1184,33.6736],[-81.1207,33.6687]]]}},{"type":"Feature","properties":{"id":"p4555150","name":"Peak"},"geometry":{"type":"Polygon","coordinates":[[[-81.3353,34.2333],[-81.3294,34.229],[-81.3213,34.2427],[-81.3298,34.2415],[-81.3353,34.2333]]]}},{"type":"Feature","properties":{"id":"p4566400","name":"Silverstreet"},"geometry":{"type":"Polygon","coordinates":[[[-81.7323,34.2196],[-81.7293,34.2082],[-81.7225,34.204],[-81.7121,34.2029],[-81.702,34.2069],[-81.6972,34.2146],[-81.6969,34.2198],[-81.7003,34.2273],[-81.713,34.2328],[-81.7254,34.2296],[-81.7323,34.2196]]]}},{"type":"Feature","properties":{"id":"p4513060","name":"Central Pacolet"},"geometry":{"type":"Polygon","coordinates":[[[-81.7581,34.9061],[-81.7532,34.9043],[-81.7467,34.9115],[-81.75,34.9158],[-81.7581,34.9061]]]}},{"type":"Feature","properties":{"id":"p4575580","name":"Wellford"},"geometry":{"type":"MultiPolygon","coordinates":[[[[-82.1137,34.9813],[-82.1106,34.9795],[-82.1083,34.9798],[-82.108,34.978],[-82.092,34.978],[-82.0896,34.9754],[-82.0838,34.9745],[-82.0753,34.988],[-82.0852,34.9834],[-82.0929,34.9875],[-82.0915,34.992],[-82.0974,34.9941],[-82.1017,34.9909],[-82.1008,34.9859],[-82.1099,34.9825],[-82.1124,34.9817],[-82.1137,34.9813]]],[[[-82.0884,34.9643],[-82.098,34.9604],[-82.1018,34.9647],[-82.1124,34.965],[-82.1198,34.9607],[-82.1153,34.9539],[-82.1067,34.9444],[-82.1057,34.9412],[-82.1052,34.9395],[-82.1014,34.9342],[-82.1055,34.926],[-82.0966,34.9233],[-82.0968,34.9237],[-82.0961,34.9293],[-82.0872,34.9389],[-82.0758,34.9385],[-82.0652,34.9369],[-82.0535,34.9401],[-82.0558,34.9477],[-82.0668,34.9482],[-82.0772,34.9461],[-82.0892,34.9548],[-82.0885,34.963],[-82.0795,34.9672],[-82.0852,34.9685],[-82.0863,34.9655],[-82.0884,34.9643]],[[-82.0916,34.9455],[-82.09,34.9494],[-82.081,34.9455],[-82.0648,34.9475],[-82.0589,34.9451],[-82.0568,34.9399],[-82.0667,34.9375],[-82.0801,34.9409],[-82.0916,34.9455]]]]}},{"type":"Feature","properties":{"id":"p4557085","name":"Pinewood"},"geometry":{"type":"Polygon","coordinates":[[[-80.4739,33.7377],[-80.4699,33.7325],[-80.4527,33.7323],[-80.4529,33.7472],[-80.4712,33.7474],[-80.4679,33.738],[-80.4739,33.7377]]]}},{"type":"Feature","properties":{"id":"p4530535","name":"Greeleyville"},"geometry":{"type":"Polygon","coordinates":[[[-80.001,33.5884],[-79.9964,33.5773],[-79.9962,33.5705],[-79.9892,33.5686],[-79.9804,33.5782],[-79.98,33.5827],[-79.9842,33.5887],[-79.9959,33.5867],[-80.001,33.5884]]]}},{"type":"Feature","properties":{"id":"p4523200","name":"Ehrhardt"},"geometry":{"type":"Polygon","coordinates":[[[-81.0309,33.1001],[-81.0261,33.0883],[-81.013,33.0841],[-81.001,33.0889],[-80.9969,33.0959],[-80.9975,33.1032],[-81.0019,33.1089],[-81.0078,33.112],[-81.0178,33.1126],[-81.024,33.1102],[-81.0309,33.1001]]]}},{"type":"Feature","properties":{"id":"p4506490","name":"Blackville"},"geometry":{"type":"Polygon","coordinates":[[[-81.3097,33.3623],[-81.3104,33.3345],[-81.258,33.3328],[-81.2574,33.377],[-81.3093,33.377],[-81.3097,33.3623]]]}},{"type":"Feature","properties":{"id":"p4526890","name":"Fort Mill"},"geometry":{"type":"MultiPolygon","coordinates":[[[[-80.9725,35.046],[-80.9624,35.0474],[-80.964,35.0567],[-80.9683,35.0575],[-80.9725,35.046]]],[[[-80.9964,35.0093],[-80.9982,35.0057],[-80.9936,34.9925],[-80.9803,34.9879],[-80.9797,34.9948],[-80.9756,34.9969],[-80.9658,34.9941],[-80.9677,34.9871],[-80.9624,34.9795],[-80.9556,34.9735],[-80.959,34.9667],[-80.9417,34.9537],[-80.9354,34.9542],[-80.9182,34.9513],[-80.9191,34.967],[-80.9102,34.9664],[-80.9006,34.9613],[-80.903,34.948],[-80.8926,34.9455],[-80.8876,34.9472],[-80.8891,34.9546],[-80.9003,34.9611],[-80.8971,34.9684],[-80.9136,34.9735],[-80.9129,34.9811],[-80.918,34.9815],[-80.9217,34.9871],[-80.9146,34.9899],[-80.9164,34.9946],[-80.9238,34.9986],[-80.9195,35.0038],[-80.9086,35.0063],[-80.9043,35.0109],[-80.9118,35.0186],[-80.9165,35.0202],[-80.915,35.0276],[-80.9087,35.0325],[-80.8987,35.0307],[-80.8981,35.0392],[-80.9059,35.0494],[-80.9125,35.0529],[-80.926,35.0536],[-80.9201,35.0641],[-80.9306,35.0638],[-80.9304,35.0594],[-80.9379,35.0564],[-80.9351,35.0507],[-80.9412,35.0447],[-80.9465,35.0494],[-80.9497,35.0416],[-80.9653,35.0338],[-80.967,35.0299],[-80.9693,35.0189],[-80.9711,35.0111],[-80.981,35.0117],[-80.9741,35.002],[-80.9809,35.0006],[-80.9861,35.0035],[-80.9864,35.0084],[-80.9964,35.0093]],[[-80.9435,35.0201],[-80.9397,35.0264],[-80.9278,35.0333],[-80.9251,35.0261],[-80.9318,35.0248],[-80.9362,35.0206],[-80.9435,35.0201]],[[-80.9191,34.967],[-80.9254,34.9694],[-80.9225,34.9767],[-80.9158,34.9724],[-80.9191,34.967]],[[-80.9476,34.9738],[-80.9392,34.9742],[-80.9341,34.978],[-80.9293,34.9751],[-80.9311,34.9703],[-80.9416,34.9691],[-80.9476,34.9738]]]]}},{"type":"Feature","properties":{"id":"p4527565","name":"Fripp Island"},"geometry":{"type":"Polygon","coordinates":[[[-80.508,32.3162],[-80.5071,32.3103],[-80.4994,32.3061],[-80.4786,32.3146],[-80.4533,32.3219],[-80.4551,32.3268],[-80.4627,32.3334],[-80.4637,32.3398],[-80.4688,32.3422],[-80.4748,32.3378],[-80.4806,32.3374],[-80.4837,32.3274],[-80.4917,32.3222],[-80.4966,32.3235],[-80.508,32.3162]]]}},{"type":"Feature","properties":{"id":"p4558930","name":"Rains"},"geometry":{"type":"Polygon","coordinates":[[[-79.3315,34.0895],[-79.3262,34.084],[-79.3133,34.0876],[-79.3126,34.0938],[-79.3158,34.0975],[-79.3109,34.1057],[-79.3172,34.1063],[-79.3204,34.102],[-79.3262,34.1028],[-79.3305,34.098],[-79.3315,34.0895]]]}},{"type":"Feature","properties":{"id":"p4532172","name":"Harbor Island"},"geometry":{"type":"Polygon","coordinates":[[[-80.4497,32.4073],[-80.4526,32.4044],[-80.4444,32.4004],[-80.4389,32.3912],[-80.4321,32.3939],[-80.4284,32.3997],[-80.4292,32.4055],[-80.4356,32.4125],[-80.4407,32.4134],[-80.4497,32.4073]]]}},{"type":"Feature","properties":{"id":"p4500165","name":"Abney Crossroads"},"geometry":{"type":"Polygon","coordinates":[[[-80.5165,34.5069],[-80.514,34.5],[-80.5098,34.5008],[-80.5043,34.5071],[-80.5123,34.5132],[-80.5165,34.5069]]]}},{"type":"Feature","properties":{"id":"p4510585","name":"Caesars Head"},"geometry":{"type":"Polygon","coordinates":[[[-82.6387,35.1132],[-82.6406,35.1034],[-82.634,35.1055],[-82.6296,35.0967],[-82.6256,35.1004],[-82.6077,35.0998],[-82.6039,35.1177],[-82.6184,35.1146],[-82.6232,35.106],[-82.631,35.1069],[-82.6387,35.1132]]]}},{"type":"Feature","properties":{"id":"p4516945","name":"Coronaca"},"geometry":{"type":"Polygon","coordinates":[[[-82.1165,34.2499],[-82.1083,34.2441],[-82.1023,34.2443],[-82.0918,34.2545],[-82.0836,34.2647],[-82.0854,34.2724],[-82.09,34.2783],[-82.0962,34.2738],[-82.0995,34.2608],[-82.1076,34.2534],[-82.1165,34.2499]]]}},{"type":"Feature","properties":{"id":"p4568380","name":"Springdale"},"geometry":{"type":"Polygon","coordinates":[[[-80.8089,34.68],[-80.8038,34.682],[-80.7913,34.6748],[-80.7776,34.6737],[-80.7718,34.6699],[-80.7706,34.6818],[-80.7717,34.6875],[-80.7645,34.6875],[-80.7632,34.7015],[-80.7639,34.7034],[-80.7651,34.7067],[-80.7803,34.7073],[-80.7858,34.7011],[-80.793,34.7049],[-80.8027,34.7064],[-80.8067,34.6985],[-80.8005,34.6895],[-80.8089,34.68]]]}},{"type":"Feature","properties":{"id":"p4514590","name":"Clarks Hill"},"geometry":{"type":"Polygon","coordinates":[[[-82.1958,33.6588],[-82.1905,33.6559],[-82.1835,33.657],[-82.1786,33.6607],[-82.1717,33.6605],[-82.1727,33.651],[-82.1607,33.6448],[-82.1602,33.6413],[-82.1504,33.6395],[-82.148,33.6438],[-82.141,33.6479],[-82.1629,33.6691],[-82.1684,33.6785],[-82.1875,33.6677],[-82.1876,33.6626],[-82.1958,33.6588]]]}},{"type":"Feature","properties":{"id":"p4573465","name":"Valley Falls"},"geometry":{"type":"Polygon","coordinates":[[[-81.9858,35.0205],[-81.984,35.0119],[-81.9896,35.0117],[-81.9973,35.0054],[-82.0013,34.9978],[-81.9811,34.9971],[-81.9723,34.9941],[-81.9653,34.9893],[-81.9464,34.9954],[-81.9373,34.9981],[-81.9426,35.0001],[-81.9411,35.0091],[-81.9542,35.0144],[-81.9563,35.0193],[-81.9609,35.0168],[-81.9662,35.0279],[-81.9724,35.0266],[-81.9797,35.0289],[-81.9858,35.0205]]]}},{"type":"Feature","properties":{"id":"p4514018","name":"Cherryvale"},"geometry":{"type":"Polygon","coordinates":[[[-80.4438,33.9651],[-80.4602,33.9642],[-80.4753,33.9598],[-80.4732,33.9533],[-80.4704,33.9469],[-80.4639,33.9416],[-80.4522,33.9433],[-80.453,33.9475],[-80.4465,33.9628],[-80.4438,33.9651]]]}},{"type":"Feature","properties":{"id":"p4548737","name":"Mulberry"},"geometry":{"type":"Polygon","coordinates":[[[-80.342,33.9509],[-80.3383,33.9454],[-80.3314,33.9411],[-80.3267,33.944],[-80.3153,33.9625],[-80.322,33.962],[-80.329,33.968],[-80.3398,33.9698],[-80.342,33.9509]]]}},{"type":"Feature","properties":{"id":"p4573555","name":"Van Wyck"},"geometry":{"type":"MultiPolygon","coordinates":[[[[-80.799,34.8558],[-80.8048,34.8446],[-80.7955,34.8349],[-80.7934,34.8506],[-80.799,34.8558]]],[[[-80.8169,34.8361],[-80.8079,34.8344],[-80.8107,34.8417],[-80.8169,34.8361]]],[[[-80.799,34.8558],[-80.7925,34.8602],[-80.7906,34.8718],[-80.7956,34.8744],[-80.8004,34.8701],[-80.8121,34.8715],[-80.8178,34.8758],[-80.8114,34.8855],[-80.821,34.8857],[-80.8248,34.8751],[-80.8367,34.8792],[-80.847,34.8759],[-80.8506,34.8804],[-80.8626,34.8788],[-80.8676,34.8714],[-80.8746,34.8683],[-80.8787,34.8632],[-80.8709,34.8574],[-80.8689,34.8622],[-80.8619,34.8661],[-80.8487,34.8571],[-80.8563,34.8533],[-80.8505,34.8464],[-80.862,34.8379],[-80.8579,34.8363],[-80.8588,34.826],[-80.8524,34.8211],[-80.8411,34.8261],[-80.8413,34.8326],[-80.8325,34.8328],[-80.8335,34.8228],[-80.8279,34.8243],[-80.824,34.8212],[-80.8258,34.8162],[-80.8238,34.8086],[-80.816,34.8096],[-80.8209,34.826],[-80.8203,34.8323],[-80.8283,34.8464],[-80.8209,34.8573],[-80.8131,34.8617],[-80.8099,34.8591],[-80.8021,34.8598],[-80.799,34.8558]],[[-80.8022,34.8654],[-80.7951,34.8732],[-80.7917,34.8699],[-80.8022,34.8654]]]]}},{"type":"Feature","properties":{"id":"p4565095","name":"Seneca"},"geometry":{"type":"Polygon","coordinates":[[[-82.9355,34.6857],[-82.9298,34.6906],[-82.9404,34.7074],[-82.9603,34.7109],[-82.9588,34.7056],[-82.9742,34.705],[-82.982,34.6997],[-82.9802,34.6931],[-82.9721,34.6885],[-82.9751,34.6821],[-82.9816,34.682],[-82.9776,34.6621],[-82.9842,34.6594],[-82.9803,34.6526],[-82.9835,34.6493],[-82.9918,34.6495],[-82.9933,34.6408],[-82.9793,34.6419],[-82.9708,34.6527],[-82.9722,34.6591],[-82.963,34.664],[-82.955,34.664],[-82.9434,34.669],[-82.9373,34.6688],[-82.935,34.6747],[-82.9358,34.6806],[-82.9284,34.6839],[-82.9203,34.6826],[-82.9178,34.6876],[-82.9307,34.6865],[-82.9355,34.6857]]]}},{"type":"Feature","properties":{"id":"p4545115","name":"Mauldin"},"geometry":{"type":"MultiPolygon","coordinates":[[[[-82.2799,34.7649],[-82.2715,34.7651],[-82.2774,34.774],[-82.2832,34.771],[-82.2799,34.7649]]],[[[-82.3526,34.7587],[-82.3577,34.7543],[-82.3553,34.7461],[-82.3418,34.7471],[-82.338,34.741],[-82.3462,34.7334],[-82.336,34.7286],[-82.3249,34.7356],[-82.3184,34.7439],[-82.3161,34.7516],[-82.3111,34.7536],[-82.3162,34.7594],[-82.3086,34.7607],[-82.3004,34.7655],[-82.2904,34.7583],[-82.2932,34.752],[-82.2862,34.7499],[-82.2891,34.7665],[-82.2844,34.7691],[-82.2834,34.776],[-82.2767,34.7796],[-82.2713,34.7924],[-82.2632,34.7935],[-82.2659,34.8047],[-82.2731,34.8136],[-82.2814,34.8173],[-82.2867,34.8112],[-82.2996,34.81],[-82.2997,34.8212],[-82.3085,34.8175],[-82.3139,34.8178],[-82.3166,34.816],[-82.3132,34.8083],[-82.3199,34.8012],[-82.3163,34.7997],[-82.3266,34.7902],[-82.3292,34.7843],[-82.3368,34.7868],[-82.3363,34.7812],[-82.3329,34.771],[-82.3433,34.7664],[-82.3362,34.7621],[-82.3344,34.7673],[-82.329,34.77],[-82.3251,34.7576],[-82.3346,34.7567],[-82.3298,34.751],[-82.3363,34.7478],[-82.3501,34.7479],[-82.3541,34.7539],[-82.3505,34.758],[-82.3526,34.7587]],[[-82.338,34.741],[-82.3313,34.744],[-82.3319,34.7486],[-82.3245,34.7514],[-82.3185,34.7444],[-82.3235,34.7378],[-82.332,34.7337],[-82.338,34.741]]]]}},{"type":"Feature","properties":{"id":"p4506040","name":"Bethune"},"geometry":{"type":"Polygon","coordinates":[[[-80.3587,34.4174],[-80.3544,34.4073],[-80.3456,34.4059],[-80.3366,34.4116],[-80.3398,34.4191],[-80.3455,34.4195],[-80.3492,34.4241],[-80.3554,34.4219],[-80.3587,34.4174]]]}},{"type":"Feature","properties":{"id":"p4525810","name":"Florence"},"geometry":{"type":"Polygon","coordinates":[[[-79.7467,34.22],[-79.7584,34.2202],[-79.7815,34.2154],[-79.8105,34.2385],[-79.8141,34.2352],[-79.8089,34.2309],[-79.8033,34.232],[-79.7884,34.2203],[-79.7939,34.2152],[-79.7926,34.2056],[-79.7856,34.2018],[-79.7877,34.1985],[-79.805,34.1966],[-79.8112,34.1933],[-79.8193,34.1977],[-79.812,34.2044],[-79.8147,34.2108],[-79.8196,34.211],[-79.8232,34.1999],[-79.8297,34.1922],[-79.84,34.1977],[-79.8449,34.1964],[-79.8522,34.2098],[-79.8519,34.2207],[-79.862,34.2169],[-79.8544,34.2086],[-79.8576,34.1998],[-79.847,34.1932],[-79.8461,34.1883],[-79.8504,34.1853],[-79.8406,34.1811],[-79.8517,34.1762],[-79.8685,34.178],[-79.8828,34.1838],[-79.881,34.1758],[-79.8903,34.1748],[-79.894,34.1735],[-79.8911,34.1656],[-79.8845,34.1752],[-79.8824,34.1754],[-79.8749,34.1708],[-79.8729,34.1643],[-79.868,34.159],[-79.8608,34.1596],[-79.8606,34.1641],[-79.8533,34.1696],[-79.8369,34.1729],[-79.8284,34.1645],[-79.831,34.15],[-79.8241,34.151],[-79.8245,34.1562],[-79.8166,34.1592],[-79.8028,34.1534],[-79.8068,34.1475],[-79.8067,34.1346],[-79.8002,34.1342],[-79.795,34.1307],[-79.789,34.1395],[-79.7822,34.1406],[-79.783,34.1327],[-79.7721,34.1356],[-79.7776,34.126],[-79.7793,34.1181],[-79.7755,34.1166],[-79.7687,34.1218],[-79.7661,34.1343],[-79.759,34.1344],[-79.7613,34.1405],[-79.7685,34.1387],[-79.7758,34.1418],[-79.7723,34.1545],[-79.7685,34.1487],[-79.7597,34.1479],[-79.7591,34.1396],[-79.7528,34.1389],[-79.7453,34.1426],[-79.737,34.1493],[-79.7312,34.1416],[-79.7273,34.1439],[-79.735,34.1522],[-79.7303,34.1576],[-79.7222,34.148],[-79.7177,34.1491],[-79.7186,34.1577],[-79.7216,34.1628],[-79.7428,34.151],[-79.7508,34.1531],[-79.7509,34.1581],[-79.7435,34.1684],[-79.7425,34.1728],[-79.7509,34.1746],[-79.7515,34.1839],[-79.7483,34.2069],[-79.729,34.2189],[-79.7246,34.2239],[-79.736,34.223],[-79.7371,34.216],[-79.7458,34.2141],[-79.7453,34.2172],[-79.7467,34.22]],[[-79.842,34.1725],[-79.8446,34.1777],[-79.8257,34.1842],[-79.8191,34.1811],[-79.8007,34.1761],[-79.807,34.1593],[-79.8146,34.1613],[-79.8273,34.1593],[-79.8274,34.1655],[-79.8183,34.1711],[-79.8222,34.1737],[-79.8297,34.1706],[-79.8379,34.1756],[-79.842,34.1725]],[[-79.7609,34.1652],[-79.7615,34.1728],[-79.7541,34.1709],[-79.7609,34.1652]]]}},{"type":"Feature","properties":{"id":"p4577785","name":"Williams"},"geometry":{"type":"Polygon","coordinates":[[[-80.851,33.0376],[-80.8505,33.0306],[-80.8454,33.0268],[-80.8355,33.0297],[-80.8341,33.035],[-80.8432,33.0423],[-80.851,33.0376]]]}},{"type":"Feature","properties":{"id":"p4539805","name":"Lamar"},"geometry":{"type":"Polygon","coordinates":[[[-80.0782,34.167],[-80.0633,34.1588],[-80.0536,34.1704],[-80.058,34.1771],[-80.0677,34.1803],[-80.0782,34.167]]]}},{"type":"Feature","properties":{"id":"p4555060","name":"Paxville"},"geometry":{"type":"Polygon","coordinates":[[[-80.3677,33.7464],[-80.3674,33.7312],[-80.3498,33.7319],[-80.349,33.7461],[-80.3677,33.7464]]]}},{"type":"Feature","properties":{"id":"p4508830","name":"Briarcliffe Acres"},"geometry":{"type":"Polygon","coordinates":[[[-78.7525,33.7946],[-78.762,33.7916],[-78.7555,33.7859],[-78.7513,33.7884],[-78.746,33.7842],[-78.7381,33.7886],[-78.7466,33.7965],[-78.7525,33.7946]]]}},{"type":"Feature","properties":{"id":"p4521310","name":"Dunean"},"geometry":{"type":"Polygon","coordinates":[[[-82.4361,34.8197],[-82.4293,34.8132],[-82.4289,34.8076],[-82.4241,34.8017],[-82.4185,34.8132],[-82.4182,34.8137],[-82.4178,34.8144],[-82.408,34.8294],[-82.4129,34.8338],[-82.4193,34.8334],[-82.4361,34.8197]]]}},{"type":"Feature","properties":{"id":"p4541065","name":"Lesslie"},"geometry":{"type":"Polygon","coordinates":[[[-80.9867,34.9049],[-80.983,34.9022],[-80.9748,34.8947],[-80.9607,34.8893],[-80.9667,34.8806],[-80.9651,34.8715],[-80.9683,34.8655],[-80.9636,34.8595],[-80.9582,34.8582],[-80.9378,34.8686],[-80.9315,34.8748],[-80.9202,34.8824],[-80.9233,34.8879],[-80.9371,34.893],[-80.9392,34.8956],[-80.9496,34.8973],[-80.9533,34.8932],[-80.9597,34.9061],[-80.9663,34.9108],[-80.9728,34.9118],[-80.9824,34.9133],[-80.9867,34.9049]]]}},{"type":"Feature","properties":{"id":"p4543360","name":"Lynchburg"},"geometry":{"type":"Polygon","coordinates":[[[-80.0899,34.062],[-80.0798,34.0494],[-80.0639,34.0581],[-80.0736,34.0707],[-80.0899,34.062]]]}},{"type":"Feature","properties":{"id":"p4519870","name":"Donalds"},"geometry":{"type":"Polygon","coordinates":[[[-82.355,34.379],[-82.3522,34.3702],[-82.3425,34.3701],[-82.3378,34.3768],[-82.3398,34.3814],[-82.3461,34.3839],[-82.355,34.379]]]}},{"type":"Feature","properties":{"id":"p4573330","name":"Utica"},"geometry":{"type":"Polygon","coordinates":[[[-82.9178,34.6876],[-82.9203,34.6826],[-82.9284,34.6839],[-82.9358,34.6806],[-82.935,34.6747],[-82.9334,34.669],[-82.9265,34.6645],[-82.9221,34.6683],[-82.9146,34.679],[-82.9132,34.6848],[-82.9178,34.6876]]]}},{"type":"Feature","properties":{"id":"p4549975","name":"Newry"},"geometry":{"type":"Polygon","coordinates":[[[-82.9218,34.7205],[-82.9164,34.7194],[-82.9061,34.7241],[-82.913,34.7285],[-82.9218,34.7205]]]}},{"type":"Feature","properties":{"id":"p4525360","name":"Fingerville"},"geometry":{"type":"Polygon","coordinates":[[[-82.0095,35.1351],[-82.0037,35.1312],[-81.9942,35.135],[-81.9937,35.1391],[-82.0095,35.1351]]]}},{"type":"Feature","properties":{"id":"p4515220","name":"Clifton"},"geometry":{"type":"Polygon","coordinates":[[[-81.8323,34.9922],[-81.8317,34.9852],[-81.8202,34.9697],[-81.8146,34.9774],[-81.8136,34.9838],[-81.8189,34.9916],[-81.8197,34.9974],[-81.8323,34.9922]]]}},{"type":"Feature","properties":{"id":"p4530265","name":"Graniteville"},"geometry":{"type":"Polygon","coordinates":[[[-81.7902,33.5551],[-81.7864,33.5778],[-81.7981,33.5784],[-81.8045,33.5754],[-81.8068,33.5694],[-81.8157,33.5735],[-81.8248,33.5711],[-81.8308,33.572],[-81.8323,33.5611],[-81.8197,33.5521],[-81.8106,33.5528],[-81.7902,33.5551]]]}},{"type":"Feature","properties":{"id":"p4513735","name":"Cherokee Falls"},"geometry":{"type":"Polygon","coordinates":[[[-81.5484,35.067],[-81.5477,35.0644],[-81.5418,35.0625],[-81.539,35.0646],[-81.5484,35.067]]]}},{"type":"Feature","properties":{"id":"p4571170","name":"Tamassee"},"geometry":{"type":"Polygon","coordinates":[[[-83.0265,34.8794],[-83.028,34.872],[-83.0195,34.8735],[-83.0158,34.8701],[-83.0074,34.8813],[-83.0087,34.8886],[-83.0224,34.892],[-83.0228,34.8853],[-83.0265,34.8794]]]}},{"type":"Feature","properties":{"id":"p4531210","name":"Grover"},"geometry":{"type":"Polygon","coordinates":[[[-80.61,33.1088],[-80.6012,33.1073],[-80.5956,33.1024],[-80.5976,33.0952],[-80.5889,33.0905],[-80.5815,33.0963],[-80.5785,33.1081],[-80.5827,33.1146],[-80.5752,33.1176],[-80.5798,33.1234],[-80.5848,33.1194],[-80.593,33.1193],[-80.5981,33.1226],[-80.6066,33.1218],[-80.61,33.1088]]]}},{"type":"Feature","properties":{"id":"p4518340","name":"Dale"},"geometry":{"type":"Polygon","coordinates":[[[-80.718,32.5474],[-80.7163,32.5428],[-80.7098,32.5421],[-80.6893,32.5507],[-80.6826,32.5601],[-80.6936,32.562],[-80.6937,32.5697],[-80.7166,32.5618],[-80.7145,32.5502],[-80.718,32.5474]]]}},{"type":"Feature","properties":{"id":"p4551887","name":"Oakland"},"geometry":{"type":"Polygon","coordinates":[[[-80.506,33.9937],[-80.506,33.9872],[-80.4993,33.9804],[-80.4884,33.9805],[-80.491,33.9875],[-80.4945,33.9934],[-80.506,33.9937]]]}},{"type":"Feature","properties":{"id":"p4573240","name":"Unity"},"geometry":{"type":"Polygon","coordinates":[[[-80.7109,34.7983],[-80.7102,34.7917],[-80.7039,34.7897],[-80.6879,34.7973],[-80.6819,34.7936],[-80.6769,34.8075],[-80.6823,34.8139],[-80.6959,34.8153],[-80.7109,34.7983]]]}},{"type":"Feature","properties":{"id":"p4557850","name":"Pomaria"},"geometry":{"type":"Polygon","coordinates":[[[-81.4291,34.2703],[-81.4285,34.2647],[-81.4204,34.2592],[-81.4137,34.2605],[-81.4091,34.2653],[-81.4126,34.2741],[-81.4175,34.2761],[-81.4264,34.2737],[-81.4291,34.2703]]]}},{"type":"Feature","properties":{"id":"p4543090","name":"Luray"},"geometry":{"type":"Polygon","coordinates":[[[-81.2494,32.8216],[-81.2491,32.8071],[-81.2312,32.8071],[-81.2311,32.8211],[-81.2494,32.8216]]]}},{"type":"Feature","properties":{"id":"p4549075","name":"Myrtle Beach"},"geometry":{"type":"MultiPolygon","coordinates":[[[[-78.9514,33.6905],[-78.9505,33.6861],[-78.9406,33.686],[-78.9451,33.6943],[-78.9514,33.6905]]],[[[-78.978,33.6546],[-78.9589,33.663],[-78.9404,33.6476],[-78.9276,33.658],[-78.9187,33.6575],[-78.8862,33.6842],[-78.88,33.6912],[-78.8666,33.703],[-78.8438,33.7213],[-78.8226,33.7372],[-78.7958,33.7551],[-78.8002,33.7567],[-78.7941,33.7799],[-78.8,33.7928],[-78.8038,33.7871],[-78.8067,33.7809],[-78.8324,33.7656],[-78.8426,33.7581],[-78.8361,33.7555],[-78.8491,33.7491],[-78.8539,33.7399],[-78.8674,33.7338],[-78.87,33.7283],[-78.8794,33.722],[-78.8964,33.7217],[-78.9093,33.7198],[-78.9055,33.7118],[-78.9141,33.7101],[-78.9382,33.7016],[-78.9376,33.6994],[-78.9346,33.687],[-78.946,33.6848],[-78.958,33.6861],[-78.9588,33.6866],[-78.9623,33.6828],[-78.9602,33.6773],[-78.9627,33.6713],[-78.9681,33.6706],[-78.978,33.6546]]]]}},{"type":"Feature","properties":{"id":"p4516855","name":"Cordova"},"geometry":{"type":"Polygon","coordinates":[[[-80.9274,33.435],[-80.9252,33.4304],[-80.9188,33.4292],[-80.9147,33.4349],[-80.9187,33.4394],[-80.9251,33.439],[-80.9274,33.435]]]}},{"type":"Feature","properties":{"id":"p4554700","name":"Parksville"},"geometry":{"type":"Polygon","coordinates":[[[-82.2264,33.7883],[-82.2231,33.7796],[-82.2144,33.7783],[-82.2094,33.7861],[-82.2177,33.7934],[-82.2264,33.7883]]]}},{"type":"Feature","properties":{"id":"p4574590","name":"Ward"},"geometry":{"type":"Polygon","coordinates":[[[-81.74,33.8582],[-81.7389,33.8537],[-81.7315,33.85],[-81.7232,33.855],[-81.7245,33.8618],[-81.7357,33.8636],[-81.74,33.8582]]]}},{"type":"Feature","properties":{"id":"p4532965","name":"Heath Springs"},"geometry":{"type":"Polygon","coordinates":[[[-80.6861,34.6089],[-80.6841,34.6006],[-80.6836,34.5849],[-80.6775,34.5807],[-80.6677,34.5804],[-80.6608,34.5886],[-80.6663,34.5911],[-80.6663,34.5995],[-80.6756,34.6],[-80.6804,34.6127],[-80.6861,34.6089]]]}},{"type":"Feature","properties":{"id":"p4549390","name":"Neeses"},"geometry":{"type":"Polygon","coordinates":[[[-81.1282,33.5542],[-81.1345,33.533],[-81.1297,33.5247],[-81.1238,33.5237],[-81.1159,33.5286],[-81.1112,33.5505],[-81.1191,33.5459],[-81.1255,33.5478],[-81.1282,33.5542]]]}},{"type":"Feature","properties":{"id":"p4563115","name":"Salley"},"geometry":{"type":"Polygon","coordinates":[[[-81.3121,33.5693],[-81.3117,33.5642],[-81.3062,33.5602],[-81.2967,33.5632],[-81.2954,33.5685],[-81.2986,33.5729],[-81.3061,33.5741],[-81.3121,33.5693]]]}},{"type":"Feature","properties":{"id":"p4541740","name":"Lincolnville"},"geometry":{"type":"Polygon","coordinates":[[[-80.1639,33.0112],[-80.1676,33.0026],[-80.1622,32.9971],[-80.1556,33.0023],[-80.1463,33.0009],[-80.1484,33.0058],[-80.1473,33.0132],[-80.1564,33.0191],[-80.1569,33.0192],[-80.1639,33.0112]]]}},{"type":"Feature","properties":{"id":"p4567210","name":"Smyrna"},"geometry":{"type":"Polygon","coordinates":[[[-81.4179,35.0428],[-81.4166,35.0384],[-81.4094,35.035],[-81.4029,35.0376],[-81.4021,35.0455],[-81.4056,35.0483],[-81.4138,35.0478],[-81.4179,35.0428]]]}},{"type":"Feature","properties":{"id":"p4551550","name":"Norway"},"geometry":{"type":"Polygon","coordinates":[[[-81.1344,33.4536],[-81.1341,33.4465],[-81.13,33.4435],[-81.12,33.4454],[-81.1197,33.4548],[-81.1287,33.4574],[-81.1344,33.4536]]]}},{"type":"Feature","properties":{"id":"p4548670","name":"Mountville"},"geometry":{"type":"Polygon","coordinates":[[[-81.993,34.368],[-81.9914,34.3585],[-81.9853,34.3568],[-81.9723,34.3463],[-81.9672,34.3507],[-81.9666,34.3653],[-81.9551,34.3759],[-81.9713,34.3805],[-81.9821,34.382],[-81.993,34.368]]]}},{"type":"Feature","properties":{"id":"p4534225","name":"Hodges"},"geometry":{"type":"Polygon","coordinates":[[[-82.2562,34.2901],[-82.2535,34.282],[-82.2429,34.2816],[-82.2395,34.2856],[-82.2406,34.2915],[-82.2465,34.2948],[-82.2562,34.2901]]]}},{"type":"Feature","properties":{"id":"p4521265","name":"Duncan"},"geometry":{"type":"MultiPolygon","coordinates":[[[[-82.0968,34.9237],[-82.0966,34.9233],[-82.0949,34.9221],[-82.0922,34.9239],[-82.0968,34.9237]]],[[[-82.1775,34.9171],[-82.1782,34.9102],[-82.1767,34.9079],[-82.1748,34.9077],[-82.1731,34.9101],[-82.1751,34.9143],[-82.1686,34.9186],[-82.1647,34.9174],[-82.1643,34.9152],[-82.157,34.9115],[-82.1571,34.905],[-82.1507,34.8994],[-82.1406,34.8965],[-82.141,34.9019],[-82.1516,34.9023],[-82.1471,34.9109],[-82.1539,34.9115],[-82.1587,34.9163],[-82.1587,34.9245],[-82.1557,34.9257],[-82.145,34.921],[-82.1384,34.9159],[-82.1298,34.9224],[-82.1251,34.9297],[-82.1111,34.9153],[-82.1014,34.9183],[-82.1092,34.9193],[-82.1083,34.9253],[-82.1055,34.926],[-82.1014,34.9342],[-82.1059,34.9394],[-82.1057,34.9412],[-82.1067,34.9444],[-82.1093,34.9414],[-82.1182,34.9279],[-82.1219,34.9326],[-82.1242,34.9353],[-82.1287,34.941],[-82.1361,34.9448],[-82.1515,34.9415],[-82.1563,34.9467],[-82.1488,34.9506],[-82.1433,34.9578],[-82.1467,34.961],[-82.1473,34.9615],[-82.1478,34.9649],[-82.151,34.9656],[-82.1542,34.9649],[-82.1556,34.9636],[-82.1653,34.9605],[-82.1654,34.9554],[-82.1688,34.9459],[-82.1676,34.9421],[-82.1721,34.9302],[-82.1725,34.928],[-82.1758,34.9248],[-82.1775,34.9171]]]]}},{"type":"Feature","properties":{"id":"p4528060","name":"Gaffney"},"geometry":{"type":"MultiPolygon","coordinates":[[[[-81.6459,35.0873],[-81.654,35.0953],[-81.6681,35.097],[-81.6717,35.0994],[-81.679,35.0911],[-81.6841,35.0984],[-81.679,35.1025],[-81.6809,35.1078],[-81.6887,35.1004],[-81.6837,35.0904],[-81.6929,35.083],[-81.6799,35.0759],[-81.677,35.0702],[-81.6693,35.0721],[-81.6665,35.0689],[-81.6691,35.063],[-81.6672,35.0574],[-81.6597,35.0541],[-81.6678,35.0497],[-81.6557,35.0433],[-81.6564,35.052],[-81.645,35.0528],[-81.64,35.0558],[-81.6284,35.0558],[-81.6164,35.0664],[-81.6154,35.0732],[-81.6056,35.0726],[-81.5958,35.0757],[-81.5902,35.0721],[-81.5856,35.0732],[-81.5837,35.0712],[-81.5809,35.0705],[-81.5746,35.0694],[-81.5619,35.0622],[-81.558,35.0656],[-81.5773,35.0724],[-81.5815,35.0708],[-81.5856,35.0733],[-81.5901,35.0722],[-81.5955,35.0761],[-81.6076,35.0741],[-81.6155,35.0732],[-81.6188,35.0685],[-81.6267,35.0659],[-81.6288,35.0709],[-81.6373,35.0783],[-81.6381,35.0848],[-81.627,35.0899],[-81.6197,35.0978],[-81.6163,35.0959],[-81.6126,35.0955],[-81.6121,35.0994],[-81.6152,35.1008],[-81.6235,35.0958],[-81.6263,35.0911],[-81.6384,35.0849],[-81.6459,35.0873]]],[[[-81.7206,35.0884],[-81.716,35.0797],[-81.706,35.0825],[-81.7005,35.0767],[-81.7022,35.0706],[-81.699,35.0577],[-81.6928,35.0651],[-81.7007,35.0731],[-81.6982,35.0746],[-81.7033,35.0799],[-81.6985,35.0824],[-81.7086,35.0828],[-81.7106,35.0944],[-81.7173,35.0933],[-81.7206,35.0884]]]]}},{"type":"Feature","properties":{"id":"p4503205","name":"Atlantic Beach"},"geometry":{"type":"Polygon","coordinates":[[[-78.7193,33.8079],[-78.7172,33.7987],[-78.7132,33.8006],[-78.7189,33.8081],[-78.7193,33.8079]]]}},{"type":"Feature","properties":{"id":"p4550695","name":"North Augusta"},"geometry":{"type":"Polygon","coordinates":[[[-81.9007,33.5272],[-81.8957,33.5384],[-81.9111,33.5453],[-81.9143,33.5502],[-81.9274,33.5566],[-81.932,33.5568],[-81.9353,33.5629],[-81.9298,33.5655],[-81.9254,33.5615],[-81.9148,33.5644],[-81.9141,33.5714],[-81.9222,33.571],[-81.9334,33.5667],[-81.9358,33.5694],[-81.9244,33.5743],[-81.9339,33.5818],[-81.9396,33.5795],[-81.9541,33.5826],[-81.9554,33.5688],[-81.9465,33.569],[-81.9421,33.5642],[-81.9462,33.5602],[-81.9524,33.56],[-81.9592,33.5489],[-81.9646,33.5486],[-81.9696,33.5525],[-81.9814,33.552],[-81.9814,33.5567],[-81.9969,33.5443],[-81.9991,33.5462],[-81.9961,33.5558],[-81.9923,33.5538],[-81.9871,33.5609],[-81.9972,33.5701],[-82.0011,33.5565],[-82.0065,33.5543],[-82.0089,33.5445],[-81.993,33.5327],[-82.0013,33.5201],[-81.9904,33.5008],[-81.9909,33.4942],[-81.9859,33.4865],[-81.967,33.4806],[-81.9464,33.4717],[-81.9294,33.4658],[-81.9248,33.4599],[-81.9203,33.4636],[-81.9186,33.4715],[-81.9075,33.4784],[-81.9102,33.4807],[-81.9176,33.4786],[-81.9227,33.4832],[-81.9208,33.4869],[-81.9283,33.4908],[-81.9386,33.4931],[-81.9479,33.4835],[-81.9552,33.4843],[-81.9437,33.508],[-81.943,33.5149],[-81.9323,33.516],[-81.9302,33.5195],[-81.9197,33.5296],[-81.9105,33.5238],[-81.9059,33.5185],[-81.9007,33.5272]],[[-81.9739,33.5384],[-81.9681,33.5454],[-81.9655,33.5347],[-81.9739,33.5384]],[[-81.9654,33.5348],[-81.9679,33.5454],[-81.9596,33.5442],[-81.9654,33.5348]],[[-81.9634,33.5294],[-81.9557,33.5436],[-81.9476,33.5451],[-81.9446,33.5551],[-81.9389,33.5584],[-81.9332,33.5573],[-81.9379,33.5506],[-81.9333,33.5457],[-81.9276,33.545],[-81.9245,33.5345],[-81.9335,33.5346],[-81.9346,33.5304],[-81.9276,33.5237],[-81.9335,33.5181],[-81.9453,33.5206],[-81.9511,33.5267],[-81.9566,33.5244],[-81.9634,33.5294]]]}},{"type":"Feature","properties":{"id":"p4547320","name":"Monetta"},"geometry":{"type":"Polygon","coordinates":[[[-81.6186,33.8501],[-81.6163,33.8448],[-81.6064,33.8437],[-81.601,33.85],[-81.6034,33.8549],[-81.6099,33.857],[-81.6155,33.8554],[-81.6186,33.8501]]]}},{"type":"Feature","properties":{"id":"p4529950","name":"Govan"},"geometry":{"type":"Polygon","coordinates":[[[-81.1832,33.2239],[-81.1785,33.2163],[-81.1725,33.2159],[-81.167,33.22],[-81.1699,33.2285],[-81.178,33.2294],[-81.1832,33.2239]]]}},{"type":"Feature","properties":{"id":"p4538110","name":"Ketchuptown"},"geometry":{"type":"Polygon","coordinates":[[[-79.1688,34.1176],[-79.1642,34.1026],[-79.1663,34.0963],[-79.157,34.09],[-79.1438,34.095],[-79.1445,34.1018],[-79.1413,34.1144],[-79.1585,34.129],[-79.1688,34.1176]]]}},{"type":"Feature","properties":{"id":"p4521040","name":"Due West"},"geometry":{"type":"Polygon","coordinates":[[[-82.4008,34.3334],[-82.4046,34.3302],[-82.3918,34.32],[-82.3724,34.337],[-82.3852,34.3471],[-82.4008,34.3334]]]}},{"type":"Feature","properties":{"id":"p4571890","name":"Tigerville"},"geometry":{"type":"Polygon","coordinates":[[[-82.3778,35.0759],[-82.3763,35.0565],[-82.372,35.0542],[-82.3605,35.0586],[-82.3619,35.0769],[-82.3667,35.0801],[-82.3778,35.0759]]]}},{"type":"Feature","properties":{"id":"p4562620","name":"St. Matthews"},"geometry":{"type":"Polygon","coordinates":[[[-80.7906,33.6682],[-80.7915,33.6594],[-80.7879,33.656],[-80.7772,33.6536],[-80.7694,33.6555],[-80.7642,33.6626],[-80.7644,33.6675],[-80.7708,33.6739],[-80.7785,33.6757],[-80.7852,33.6736],[-80.7906,33.6682]]]}},{"type":"Feature","properties":{"id":"p4565410","name":"Sharon"},"geometry":{"type":"Polygon","coordinates":[[[-81.3606,34.9636],[-81.3598,34.9574],[-81.3507,34.9544],[-81.3506,34.9435],[-81.3334,34.9421],[-81.3302,34.9562],[-81.3485,34.959],[-81.3606,34.9636]]]}},{"type":"Feature","properties":{"id":"p4511125","name":"Campobello"},"geometry":{"type":"Polygon","coordinates":[[[-82.1659,35.1467],[-82.1662,35.1399],[-82.1639,35.1186],[-82.1498,35.1095],[-82.1472,35.1009],[-82.1402,35.1033],[-82.1431,35.108],[-82.1367,35.1114],[-82.1425,35.1213],[-82.1376,35.1253],[-82.1333,35.1271],[-82.1305,35.1259],[-82.1262,35.1265],[-82.1233,35.1278],[-82.1163,35.1329],[-82.1061,35.1368],[-82.1064,35.1405],[-82.1126,35.1499],[-82.1142,35.1429],[-82.1216,35.1433],[-82.1209,35.1373],[-82.1236,35.1325],[-82.1209,35.1299],[-82.1262,35.1268],[-82.1306,35.1263],[-82.1336,35.1274],[-82.136,35.1268],[-82.1415,35.1222],[-82.1471,35.1238],[-82.147,35.136],[-82.1509,35.142],[-82.1389,35.1423],[-82.1405,35.1468],[-82.1541,35.1467],[-82.1593,35.1401],[-82.1658,35.146],[-82.1659,35.1467]],[[-82.1224,35.1345],[-82.1208,35.1373],[-82.1215,35.1433],[-82.1143,35.1429],[-82.1161,35.1333],[-82.1224,35.1345]]]}},{"type":"Feature","properties":{"id":"p4543315","name":"Lyman"},"geometry":{"type":"MultiPolygon","coordinates":[[[[-82.0915,34.992],[-82.0946,34.9981],[-82.1011,35.0023],[-82.1136,35.0068],[-82.1155,35.0013],[-82.1075,34.9976],[-82.1068,34.9986],[-82.0974,34.9941],[-82.0915,34.992]]],[[[-82.1008,34.9859],[-82.1153,34.9887],[-82.1184,34.9753],[-82.1257,34.9726],[-82.1289,34.9755],[-82.1386,34.9773],[-82.152,34.977],[-82.1494,34.9695],[-82.151,34.9656],[-82.1478,34.9649],[-82.1473,34.9615],[-82.1467,34.961],[-82.1433,34.9578],[-82.1488,34.9506],[-82.143,34.9506],[-82.1361,34.9448],[-82.1287,34.941],[-82.1242,34.9353],[-82.1219,34.9326],[-82.1182,34.9279],[-82.1093,34.9414],[-82.1145,34.9445],[-82.1153,34.9539],[-82.1198,34.9607],[-82.1124,34.965],[-82.1018,34.9647],[-82.098,34.9604],[-82.0884,34.9643],[-82.0863,34.9655],[-82.0852,34.9685],[-82.0896,34.9754],[-82.092,34.978],[-82.108,34.978],[-82.1083,34.9798],[-82.1106,34.9795],[-82.1137,34.9813],[-82.1124,34.9817],[-82.1099,34.9825],[-82.1008,34.9859]]],[[[-82.1653,34.9605],[-82.1661,34.9684],[-82.1603,34.9769],[-82.1622,34.9825],[-82.1688,34.979],[-82.1729,34.9706],[-82.1681,34.9675],[-82.1743,34.9575],[-82.1702,34.9551],[-82.1695,34.9547],[-82.1685,34.9541],[-82.1654,34.9554],[-82.1653,34.9605]]]]}},{"type":"Feature","properties":{"id":"p4560325","name":"Ridge Spring"},"geometry":{"type":"Polygon","coordinates":[[[-81.6781,33.8529],[-81.6742,33.8475],[-81.6722,33.8388],[-81.6658,33.8348],[-81.6576,33.8345],[-81.6476,33.8419],[-81.6494,33.8498],[-81.6563,33.8552],[-81.6626,33.8558],[-81.6714,33.8526],[-81.6781,33.8529]]]}},{"type":"Feature","properties":{"id":"p4540075","name":"Landrum"},"geometry":{"type":"Polygon","coordinates":[[[-82.1658,35.146],[-82.1664,35.1533],[-82.1814,35.1656],[-82.1759,35.1735],[-82.1657,35.1729],[-82.1625,35.1805],[-82.1721,35.1786],[-82.1798,35.1798],[-82.1831,35.1846],[-82.1945,35.1849],[-82.2032,35.1775],[-82.2027,35.1678],[-82.1973,35.1629],[-82.1822,35.1639],[-82.1672,35.1532],[-82.1659,35.1467],[-82.1658,35.146]]]}},{"type":"Feature","properties":{"id":"p4517215","name":"Coward"},"geometry":{"type":"Polygon","coordinates":[[[-79.7657,33.9729],[-79.7608,33.9618],[-79.7517,33.9577],[-79.7421,33.9584],[-79.7325,33.9659],[-79.731,33.9713],[-79.7335,33.9795],[-79.7407,33.985],[-79.7556,33.9854],[-79.7631,33.9796],[-79.7657,33.9729]]]}},{"type":"Feature","properties":{"id":"p4554925","name":"Patrick"},"geometry":{"type":"Polygon","coordinates":[[[-80.0544,34.5772],[-80.0519,34.5697],[-80.0468,34.5675],[-80.0384,34.5703],[-80.0364,34.5786],[-80.0456,34.5824],[-80.0544,34.5772]]]}},{"type":"Feature","properties":{"id":"p4571417","name":"Tega Cay"},"geometry":{"type":"Polygon","coordinates":[[[-80.9877,35.0366],[-80.9911,35.045],[-80.9919,35.0563],[-80.9993,35.0513],[-81.007,35.0608],[-81.0162,35.0592],[-81.0269,35.0446],[-81.0358,35.0383],[-81.0364,35.0291],[-81.0288,35.0214],[-81.0168,35.0261],[-81.0127,35.0354],[-81.0051,35.0274],[-81.007,35.022],[-80.9914,35.0189],[-80.9882,35.0194],[-80.9909,35.0231],[-80.9924,35.0339],[-80.9925,35.034],[-80.9877,35.0366]]]}},{"type":"Feature","properties":{"id":"p4567750","name":"Southern Shops"},"geometry":{"type":"Polygon","coordinates":[[[-82.0013,34.9978],[-81.9987,34.9959],[-82.0087,34.9871],[-82.0203,34.991],[-82.0193,34.9853],[-82.0088,34.9753],[-82.0062,34.9681],[-81.984,34.9752],[-81.9762,34.9813],[-81.9653,34.9893],[-81.9723,34.9941],[-81.9811,34.9971],[-82.0013,34.9978]]]}},{"type":"Feature","properties":{"id":"p4526485","name":"Foreston"},"geometry":{"type":"Polygon","coordinates":[[[-80.0749,33.6274],[-80.0695,33.6127],[-80.0633,33.6146],[-80.054,33.6366],[-80.0508,33.6477],[-80.0436,33.6604],[-80.0533,33.6606],[-80.0552,33.6562],[-80.0633,33.6494],[-80.0648,33.6419],[-80.0749,33.6274]]]}},{"type":"Feature","properties":{"id":"p4510855","name":"Camden"},"geometry":{"type":"Polygon","coordinates":[[[-80.5834,34.2628],[-80.5892,34.2604],[-80.5918,34.2659],[-80.6022,34.2766],[-80.6074,34.2795],[-80.6118,34.2952],[-80.6235,34.293],[-80.6241,34.2981],[-80.6349,34.2987],[-80.6386,34.2886],[-80.6367,34.2864],[-80.6411,34.2768],[-80.6352,34.2704],[-80.6381,34.2667],[-80.6376,34.2598],[-80.6443,34.2558],[-80.6493,34.2565],[-80.6575,34.251],[-80.6459,34.2403],[-80.6424,34.2387],[-80.6369,34.2424],[-80.6364,34.2485],[-80.6242,34.2464],[-80.6213,34.2421],[-80.6305,34.2353],[-80.626,34.2312],[-80.6193,34.2358],[-80.6116,34.2307],[-80.5949,34.2323],[-80.5931,34.2255],[-80.5994,34.2212],[-80.5954,34.2176],[-80.5855,34.2163],[-80.5906,34.2233],[-80.5855,34.2258],[-80.5663,34.219],[-80.5653,34.229],[-80.593,34.2281],[-80.595,34.235],[-80.5907,34.2474],[-80.5818,34.2468],[-80.5676,34.2414],[-80.5603,34.2453],[-80.5441,34.2468],[-80.5497,34.2544],[-80.5575,34.2564],[-80.5626,34.2556],[-80.571,34.2494],[-80.5791,34.2502],[-80.5841,34.2478],[-80.5839,34.2556],[-80.5834,34.2628]],[[-80.6278,34.2577],[-80.6263,34.2628],[-80.6166,34.2621],[-80.6155,34.2486],[-80.6244,34.2486],[-80.6278,34.2577]]]}},{"type":"Feature","properties":{"id":"p4562035","name":"Rowesville"},"geometry":{"type":"Polygon","coordinates":[[[-80.8443,33.3747],[-80.8433,33.3675],[-80.8347,33.3647],[-80.8271,33.3717],[-80.83,33.3769],[-80.837,33.3794],[-80.8443,33.3747]]]}},{"type":"Feature","properties":{"id":"p4552585","name":"Olar"},"geometry":{"type":"Polygon","coordinates":[[[-81.1937,33.1813],[-81.1903,33.1738],[-81.1799,33.1741],[-81.1769,33.1815],[-81.1795,33.1852],[-81.1898,33.1863],[-81.1937,33.1813]]]}},{"type":"Feature","properties":{"id":"p4510360","name":"Burton"},"geometry":{"type":"MultiPolygon","coordinates":[[[[-80.7464,32.4151],[-80.7464,32.4042],[-80.7352,32.4045],[-80.73,32.4012],[-80.7304,32.4025],[-80.7237,32.4011],[-80.7226,32.4016],[-80.721,32.4029],[-80.7203,32.4017],[-80.72,32.4011],[-80.7203,32.3958],[-80.7191,32.3952],[-80.7146,32.3997],[-80.7138,32.4047],[-80.7182,32.4131],[-80.7199,32.4223],[-80.7231,32.4245],[-80.7305,32.4187],[-80.7464,32.4151]]],[[[-80.7571,32.442],[-80.7595,32.4345],[-80.7553,32.428],[-80.7609,32.4212],[-80.7723,32.4157],[-80.7827,32.4156],[-80.7835,32.4069],[-80.7752,32.3901],[-80.769,32.3942],[-80.7708,32.3986],[-80.7596,32.4032],[-80.7677,32.4082],[-80.7696,32.413],[-80.7613,32.4152],[-80.7528,32.4151],[-80.756,32.4067],[-80.7527,32.4006],[-80.7604,32.3955],[-80.7489,32.3969],[-80.7485,32.404],[-80.7528,32.4083],[-80.7482,32.4151],[-80.7486,32.4205],[-80.7421,32.4206],[-80.7357,32.4245],[-80.7356,32.4289],[-80.7194,32.4299],[-80.7204,32.4372],[-80.7087,32.4378],[-80.7075,32.4377],[-80.7102,32.4398],[-80.7232,32.4407],[-80.7312,32.4495],[-80.7335,32.4577],[-80.7378,32.4562],[-80.7442,32.4544],[-80.7575,32.4537],[-80.7571,32.442]]]]}},{"type":"Feature","properties":{"id":"p4542280","name":"Lodge"},"geometry":{"type":"Polygon","coordinates":[[[-80.9709,33.068],[-80.9689,33.061],[-80.9614,33.0548],[-80.9514,33.0532],[-80.9421,33.057],[-80.9366,33.0653],[-80.9369,33.0718],[-80.9445,33.0801],[-80.9523,33.0824],[-80.963,33.0801],[-80.9697,33.0737],[-80.9709,33.068]]]}},{"type":"Feature","properties":{"id":"p4521985","name":"Easley"},"geometry":{"type":"MultiPolygon","coordinates":[[[[-82.5533,34.8292],[-82.5511,34.8261],[-82.5403,34.8278],[-82.5434,34.8327],[-82.5533,34.8292]]],[[[-82.6436,34.8331],[-82.6421,34.8325],[-82.6389,34.8293],[-82.6239,34.8326],[-82.6257,34.8199],[-82.6239,34.8148],[-82.6141,34.8123],[-82.6155,34.8024],[-82.6069,34.7984],[-82.5984,34.7973],[-82.5954,34.8008],[-82.5972,34.8079],[-82.5876,34.8125],[-82.583,34.8076],[-82.5901,34.805],[-82.5895,34.7988],[-82.5831,34.7947],[-82.5865,34.7891],[-82.5806,34.7834],[-82.5772,34.7868],[-82.5743,34.7959],[-82.5646,34.7936],[-82.5557,34.7889],[-82.544,34.7913],[-82.5438,34.7914],[-82.5417,34.7964],[-82.53,34.7981],[-82.5284,34.7989],[-82.5359,34.8011],[-82.5321,34.8063],[-82.5395,34.8092],[-82.5435,34.8044],[-82.552,34.8125],[-82.5537,34.8177],[-82.5417,34.821],[-82.5428,34.8264],[-82.5541,34.8255],[-82.5763,34.8332],[-82.5764,34.8377],[-82.5857,34.8448],[-82.5773,34.8482],[-82.575,34.8423],[-82.5645,34.8442],[-82.5699,34.8506],[-82.5818,34.8476],[-82.5847,34.8518],[-82.5918,34.8511],[-82.5913,34.845],[-82.5919,34.8511],[-82.6048,34.8532],[-82.6079,34.8499],[-82.6151,34.8402],[-82.6241,34.834],[-82.6324,34.8313],[-82.6391,34.8363],[-82.6436,34.8331]]]]}},{"type":"Feature","properties":{"id":"p4556950","name":"Pine Ridge"},"geometry":{"type":"Polygon","coordinates":[[[-81.1209,33.9155],[-81.1191,33.909],[-81.1208,33.9043],[-81.1181,33.9006],[-81.1098,33.8964],[-81.0986,33.8962],[-81.0943,33.8983],[-81.087,33.8906],[-81.082,33.8883],[-81.0765,33.902],[-81.0856,33.9069],[-81.0836,33.9131],[-81.0863,33.9196],[-81.0807,33.9219],[-81.0841,33.9282],[-81.0917,33.9214],[-81.0967,33.924],[-81.1124,33.9234],[-81.1209,33.9155]]]}},{"type":"Feature","properties":{"id":"p4523470","name":"Elloree"},"geometry":{"type":"Polygon","coordinates":[[[-80.5808,33.5317],[-80.5771,33.5204],[-80.5681,33.5244],[-80.5636,33.5317],[-80.5688,33.5375],[-80.5768,33.5369],[-80.5808,33.5317]]]}},{"type":"Feature","properties":{"id":"p4536205","name":"Jackson"},"geometry":{"type":"Polygon","coordinates":[[[-81.811,33.3343],[-81.8058,33.3271],[-81.8046,33.3194],[-81.7997,33.3139],[-81.7931,33.311],[-81.7825,33.3119],[-81.7784,33.3265],[-81.7729,33.3312],[-81.7769,33.3357],[-81.7937,33.3423],[-81.801,33.3414],[-81.8045,33.3367],[-81.811,33.3343]]]}},{"type":"Feature","properties":{"id":"p4504690","name":"Beaufort"},"geometry":{"type":"MultiPolygon","coordinates":[[[[-80.6414,32.4093],[-80.6407,32.4053],[-80.6335,32.4054],[-80.6299,32.4137],[-80.6414,32.4093]]],[[[-80.6581,32.3775],[-80.6516,32.3771],[-80.6456,32.3835],[-80.654,32.3859],[-80.6587,32.3806],[-80.6581,32.3775]]],[[[-80.6718,32.3737],[-80.6728,32.3691],[-80.6622,32.3713],[-80.6594,32.378],[-80.6619,32.3775],[-80.6718,32.3737]]],[[[-80.7182,32.4131],[-80.7138,32.4047],[-80.7146,32.3997],[-80.7108,32.406],[-80.7182,32.4131]]],[[[-80.8019,32.5176],[-80.7884,32.515],[-80.7875,32.5196],[-80.7933,32.5228],[-80.8019,32.5176]]],[[[-80.8026,32.5088],[-80.7954,32.4987],[-80.7888,32.5013],[-80.7927,32.5109],[-80.8026,32.5088]]],[[[-80.8064,32.4714],[-80.7902,32.4709],[-80.7838,32.4763],[-80.7685,32.468],[-80.7712,32.4663],[-80.7669,32.4626],[-80.7624,32.4647],[-80.7593,32.4715],[-80.7593,32.4737],[-80.7592,32.4741],[-80.7576,32.4769],[-80.7572,32.4897],[-80.7411,32.4888],[-80.7368,32.4709],[-80.7387,32.4642],[-80.7521,32.4604],[-80.7527,32.4602],[-80.7486,32.4542],[-80.7442,32.4544],[-80.7378,32.4562],[-80.7335,32.4577],[-80.7312,32.4495],[-80.7232,32.4407],[-80.7102,32.4398],[-80.7075,32.4377],[-80.7087,32.4378],[-80.7204,32.4372],[-80.7194,32.4299],[-80.7356,32.4289],[-80.7357,32.4245],[-80.7421,32.4206],[-80.7486,32.4205],[-80.7482,32.4151],[-80.7464,32.4151],[-80.7305,32.4187],[-80.7231,32.4245],[-80.7239,32.4265],[-80.7222,32.4251],[-80.7136,32.4198],[-80.7068,32.4215],[-80.7006,32.4287],[-80.7051,32.4312],[-80.7006,32.4381],[-80.6961,32.4379],[-80.696,32.4256],[-80.69,32.4164],[-80.6994,32.4148],[-80.6983,32.4075],[-80.7025,32.4013],[-80.7021,32.3963],[-80.7066,32.389],[-80.6948,32.3878],[-80.6948,32.3932],[-80.6884,32.3934],[-80.6873,32.4005],[-80.6803,32.4005],[-80.6774,32.409],[-80.6835,32.4121],[-80.6878,32.4216],[-80.6859,32.4282],[-80.6815,32.4333],[-80.6701,32.4296],[-80.6636,32.435],[-80.6692,32.4386],[-80.6708,32.4478],[-80.6909,32.4469],[-80.6942,32.4431],[-80.7053,32.4421],[-80.7044,32.4467],[-80.6958,32.4529],[-80.6897,32.4603],[-80.6887,32.4681],[-80.6954,32.479],[-80.6956,32.4853],[-80.703,32.4885],[-80.7001,32.4933],[-80.6927,32.4947],[-80.6935,32.4994],[-80.688,32.5048],[-80.6795,32.5042],[-80.6744,32.5081],[-80.6832,32.5114],[-80.69,32.5112],[-80.6994,32.5065],[-80.7116,32.4951],[-80.7243,32.5001],[-80.7373,32.4913],[-80.7485,32.4913],[-80.7487,32.5004],[-80.7597,32.5026],[-80.7607,32.4971],[-80.769,32.4995],[-80.772,32.5048],[-80.7835,32.5039],[-80.7833,32.4927],[-80.7849,32.4846],[-80.7962,32.4792],[-80.8064,32.4714]]],[[[-80.8194,32.5125],[-80.817,32.4994],[-80.8112,32.4943],[-80.8045,32.4964],[-80.811,32.5103],[-80.8061,32.5168],[-80.8112,32.5198],[-80.8167,32.5176],[-80.8194,32.5125]]]]}},{"type":"Feature","properties":{"id":"p4574050","name":"Wagener"},"geometry":{"type":"Polygon","coordinates":[[[-81.3769,33.6567],[-81.3713,33.6542],[-81.3706,33.6442],[-81.3576,33.6438],[-81.3523,33.6515],[-81.3535,33.6586],[-81.3616,33.6582],[-81.3661,33.6627],[-81.3769,33.6567]]]}},{"type":"Feature","properties":{"id":"p4542820","name":"Lowndesville"},"geometry":{"type":"Polygon","coordinates":[[[-82.6558,34.2129],[-82.655,34.2059],[-82.6468,34.2029],[-82.6391,34.2078],[-82.6397,34.2131],[-82.6486,34.2168],[-82.6558,34.2129]]]}},{"type":"Feature","properties":{"id":"p4554025","name":"Pageland"},"geometry":{"type":"Polygon","coordinates":[[[-80.408,34.7676],[-80.4058,34.7604],[-80.4012,34.7588],[-80.3974,34.7516],[-80.392,34.7543],[-80.3682,34.7532],[-80.3632,34.7566],[-80.3777,34.7808],[-80.3806,34.7897],[-80.376,34.7926],[-80.3803,34.8011],[-80.3852,34.7984],[-80.3864,34.7859],[-80.3929,34.7863],[-80.4043,34.7841],[-80.408,34.7772],[-80.408,34.7676]]]}},{"type":"Feature","properties":{"id":"p4536430","name":"James Island"},"geometry":{"type":"MultiPolygon","coordinates":[[[[-79.9144,32.7524],[-79.9233,32.752],[-79.9181,32.7417],[-79.914,32.7423],[-79.9091,32.7379],[-79.8969,32.7495],[-79.9051,32.7513],[-79.9076,32.7515],[-79.9086,32.7516],[-79.911,32.7516],[-79.9144,32.7524]]],[[[-79.9369,32.7367],[-79.9325,32.7346],[-79.9266,32.7223],[-79.9189,32.7237],[-79.92,32.73],[-79.9141,32.7383],[-79.9183,32.7416],[-79.9196,32.7437],[-79.9287,32.7438],[-79.9304,32.7383],[-79.9369,32.7367]]],[[[-79.9499,32.7421],[-79.9432,32.7365],[-79.9375,32.7419],[-79.9453,32.7463],[-79.9499,32.7421]]],[[[-79.9561,32.73],[-79.9487,32.7295],[-79.946,32.716],[-79.9375,32.7168],[-79.9377,32.73],[-79.9423,32.7358],[-79.9514,32.7407],[-79.95,32.7331],[-79.9561,32.73]]],[[[-79.9462,32.7607],[-79.9542,32.7572],[-79.9557,32.7522],[-79.9444,32.7543],[-79.9462,32.7607]]],[[[-79.9688,32.7439],[-79.9772,32.7383],[-79.9716,32.7277],[-79.9664,32.7235],[-79.9647,32.7125],[-79.957,32.7176],[-79.9589,32.7241],[-79.9562,32.7296],[-79.9678,32.7341],[-79.9631,32.7397],[-79.9588,32.7437],[-79.9649,32.7436],[-79.9656,32.7453],[-79.9688,32.7439]]]]}},{"type":"Feature","properties":{"id":"p4515310","name":"Clio"},"geometry":{"type":"Polygon","coordinates":[[[-79.5564,34.5757],[-79.5472,34.5723],[-79.5405,34.574],[-79.5377,34.5797],[-79.5422,34.586],[-79.5488,34.5867],[-79.5547,34.5821],[-79.5564,34.5757]]]}},{"type":"Feature","properties":{"id":"p4536655","name":"Jenkinsville"},"geometry":{"type":"Polygon","coordinates":[[[-81.2948,34.3123],[-81.2863,34.3088],[-81.286,34.3115],[-81.2948,34.3123]]]}},{"type":"Feature","properties":{"id":"p4501360","name":"Anderson"},"geometry":{"type":"Polygon","coordinates":[[[-82.6891,34.5562],[-82.6914,34.5518],[-82.6816,34.5484],[-82.6859,34.5419],[-82.6761,34.5209],[-82.6643,34.5118],[-82.672,34.5006],[-82.6794,34.4985],[-82.6742,34.4889],[-82.6669,34.4875],[-82.6604,34.4895],[-82.6434,34.4892],[-82.6328,34.4937],[-82.6283,34.492],[-82.6198,34.4964],[-82.6151,34.4924],[-82.6214,34.486],[-82.6158,34.4817],[-82.6047,34.4845],[-82.6022,34.4996],[-82.6054,34.505],[-82.5987,34.5071],[-82.6008,34.5142],[-82.6098,34.517],[-82.6151,34.5115],[-82.6203,34.5144],[-82.6159,34.5232],[-82.6191,34.5287],[-82.6158,34.534],[-82.6217,34.5342],[-82.6254,34.5396],[-82.6133,34.5541],[-82.6227,34.5534],[-82.6237,34.5465],[-82.634,34.5468],[-82.6323,34.5409],[-82.6398,34.5391],[-82.6442,34.5489],[-82.6569,34.5544],[-82.6593,34.5612],[-82.6597,34.5541],[-82.6678,34.5522],[-82.6728,34.5543],[-82.6726,34.5599],[-82.6798,34.5623],[-82.6846,34.555],[-82.6864,34.5542],[-82.6891,34.5562]]]}},{"type":"Feature","properties":{"id":"p4519420","name":"Dillon"},"geometry":{"type":"Polygon","coordinates":[[[-79.3503,34.4025],[-79.3474,34.407],[-79.3507,34.4137],[-79.3479,34.4254],[-79.3491,34.4357],[-79.3563,34.4386],[-79.3607,34.4495],[-79.3727,34.4426],[-79.3771,34.4492],[-79.3822,34.4494],[-79.3798,34.4342],[-79.3923,34.4187],[-79.3926,34.4114],[-79.3847,34.4074],[-79.3752,34.4054],[-79.3629,34.4055],[-79.3574,34.4094],[-79.3503,34.4025]]]}},{"type":"Feature","properties":{"id":"p4513600","name":"Cheraw"},"geometry":{"type":"Polygon","coordinates":[[[-79.9653,34.6901],[-79.9485,34.6879],[-79.9312,34.6982],[-79.9217,34.6939],[-79.9074,34.6814],[-79.9016,34.6816],[-79.8881,34.6774],[-79.8817,34.6865],[-79.8702,34.6906],[-79.8775,34.7074],[-79.8959,34.7098],[-79.9039,34.7149],[-79.9076,34.7035],[-79.919,34.7035],[-79.9221,34.6981],[-79.9345,34.7049],[-79.9373,34.7005],[-79.9468,34.7028],[-79.9523,34.6957],[-79.9561,34.6986],[-79.9642,34.6979],[-79.9653,34.6901]]]}},{"type":"Feature","properties":{"id":"p4543720","name":"McCormick"},"geometry":{"type":"MultiPolygon","coordinates":[[[[-82.276,33.9153],[-82.2724,33.912],[-82.2648,33.9158],[-82.263,33.9201],[-82.2545,33.9202],[-82.248,33.9238],[-82.244,33.9315],[-82.2509,33.9348],[-82.2579,33.9213],[-82.2755,33.9176],[-82.276,33.9153]]],[[[-82.276,33.9153],[-82.2814,33.9223],[-82.29,33.9261],[-82.3012,33.9248],[-82.3068,33.9213],[-82.3104,33.9152],[-82.3106,33.9092],[-82.3058,33.9016],[-82.2962,33.8976],[-82.2956,33.8901],[-82.288,33.8874],[-82.2859,33.8989],[-82.2785,33.9045],[-82.276,33.9153]]]]}},{"type":"Feature","properties":{"id":"p4538162","name":"Kiawah Island"},"geometry":{"type":"Polygon","coordinates":[[[-80.1529,32.6056],[-80.1433,32.6085],[-80.1375,32.6035],[-80.1341,32.6048],[-80.131,32.6],[-80.1333,32.5992],[-80.1315,32.5939],[-80.132,32.5876],[-80.1378,32.5855],[-80.1446,32.5827],[-80.1476,32.5768],[-80.1214,32.5905],[-80.0981,32.5983],[-80.077,32.6033],[-80.0373,32.6102],[-80.017,32.6104],[-79.9991,32.6081],[-79.9917,32.6137],[-79.9916,32.6243],[-79.9945,32.63],[-80.0139,32.6357],[-80.0176,32.64],[-80.0535,32.6373],[-80.0613,32.6321],[-80.0877,32.6189],[-80.0973,32.6185],[-80.1047,32.6158],[-80.1205,32.6159],[-80.1266,32.6068],[-80.1296,32.6064],[-80.1367,32.6039],[-80.1431,32.6088],[-80.1505,32.6087],[-80.1499,32.6076],[-80.1529,32.6056]]]}},{"type":"Feature","properties":{"id":"p4570900","name":"Sycamore"},"geometry":{"type":"Polygon","coordinates":[[[-81.2394,33.0389],[-81.2391,33.033],[-81.2341,33.0253],[-81.226,33.0219],[-81.2177,33.0221],[-81.2092,33.0266],[-81.2055,33.0322],[-81.2054,33.0397],[-81.2084,33.045],[-81.2185,33.0505],[-81.2235,33.0508],[-81.2336,33.0474],[-81.2394,33.0389]]]}},{"type":"Feature","properties":{"id":"p4513015","name":"Central"},"geometry":{"type":"MultiPolygon","coordinates":[[[[-82.7562,34.7068],[-82.7502,34.7103],[-82.7503,34.7126],[-82.7447,34.719],[-82.7535,34.7184],[-82.7507,34.7117],[-82.7562,34.7068]]],[[[-82.7892,34.7051],[-82.7843,34.708],[-82.7763,34.7181],[-82.7629,34.7169],[-82.7545,34.7216],[-82.7594,34.7299],[-82.77,34.7343],[-82.7865,34.7439],[-82.7883,34.7349],[-82.7919,34.7283],[-82.7879,34.7237],[-82.8047,34.7239],[-82.8012,34.7179],[-82.794,34.7236],[-82.788,34.7173],[-82.7978,34.703],[-82.7892,34.7051]]]]}},{"type":"Feature","properties":{"id":"p4570405","name":"Sumter"},"geometry":{"type":"MultiPolygon","coordinates":[[[[-80.3569,33.9787],[-80.3555,33.9686],[-80.3478,33.973],[-80.3504,33.9829],[-80.3569,33.9787]]],[[[-80.4884,33.9805],[-80.491,33.9656],[-80.4917,33.954],[-80.4774,33.957],[-80.4732,33.9533],[-80.4753,33.9598],[-80.4602,33.9642],[-80.4438,33.9651],[-80.4254,33.969],[-80.4163,33.9645],[-80.424,33.9619],[-80.4139,33.95],[-80.4057,33.9516],[-80.4035,33.9441],[-80.4154,33.9444],[-80.4235,33.947],[-80.4337,33.9479],[-80.4377,33.9436],[-80.4372,33.9373],[-80.4421,33.9354],[-80.4253,33.9226],[-80.4263,33.9131],[-80.4203,33.9128],[-80.4197,33.9049],[-80.416,33.8983],[-80.4172,33.8915],[-80.412,33.8956],[-80.414,33.9094],[-80.4216,33.918],[-80.4181,33.9234],[-80.4065,33.9297],[-80.4054,33.9207],[-80.3985,33.9222],[-80.3923,33.9185],[-80.3889,33.9126],[-80.3935,33.9091],[-80.4046,33.9063],[-80.3984,33.9023],[-80.3966,33.8934],[-80.3868,33.8949],[-80.3761,33.8861],[-80.3708,33.8866],[-80.3647,33.8755],[-80.3675,33.8744],[-80.3619,33.8632],[-80.3523,33.8759],[-80.3504,33.8869],[-80.3513,33.8909],[-80.3371,33.8969],[-80.3288,33.9024],[-80.3352,33.9078],[-80.3289,33.9116],[-80.3219,33.9004],[-80.322,33.8963],[-80.3193,33.899],[-80.3207,33.9088],[-80.3113,33.9104],[-80.3108,33.9149],[-80.3162,33.9158],[-80.3205,33.9178],[-80.3242,33.9216],[-80.3061,33.9279],[-80.3114,33.9315],[-80.3214,33.926],[-80.3212,33.9348],[-80.3174,33.9401],[-80.3267,33.944],[-80.3314,33.9411],[-80.3383,33.9454],[-80.342,33.9509],[-80.3481,33.9513],[-80.3545,33.9585],[-80.3656,33.9524],[-80.3732,33.9567],[-80.3798,33.9573],[-80.3821,33.9647],[-80.3771,33.9668],[-80.389,33.9863],[-80.4006,33.9794],[-80.3943,33.9727],[-80.4022,33.9722],[-80.4178,33.9848],[-80.4333,33.9843],[-80.4388,33.9892],[-80.4449,33.9893],[-80.4479,33.9809],[-80.4545,33.9904],[-80.4598,33.9927],[-80.4639,33.9892],[-80.4721,33.9902],[-80.4869,33.9954],[-80.491,33.9875],[-80.4884,33.9805]],[[-80.3963,33.8996],[-80.3931,33.9075],[-80.3803,33.9006],[-80.3881,33.8966],[-80.3906,33.9022],[-80.3963,33.8996]],[[-80.356,33.877],[-80.362,33.8777],[-80.3724,33.8938],[-80.3617,33.9008],[-80.3587,33.8941],[-80.3681,33.8936],[-80.356,33.877]]]]}},{"type":"Feature","properties":{"id":"p4531885","name":"Hampton"},"geometry":{"type":"Polygon","coordinates":[[[-81.0851,32.869],[-81.0927,32.8751],[-81.1019,32.8798],[-81.1065,32.8907],[-81.1133,32.8803],[-81.1229,32.8797],[-81.1295,32.8842],[-81.1343,32.8734],[-81.1268,32.8731],[-81.1236,32.8567],[-81.1142,32.8519],[-81.1061,32.8518],[-81.1064,32.846],[-81.1002,32.844],[-81.094,32.8521],[-81.0956,32.8575],[-81.0851,32.869]]]}},{"type":"Feature","properties":{"id":"p4567435","name":"Society Hill"},"geometry":{"type":"Polygon","coordinates":[[[-79.8667,34.5073],[-79.8666,34.4995],[-79.8538,34.4954],[-79.8413,34.5025],[-79.8434,34.5207],[-79.8477,34.5255],[-79.8594,34.5204],[-79.8667,34.5073]]]}},{"type":"Feature","properties":{"id":"p4514095","name":"Chester"},"geometry":{"type":"Polygon","coordinates":[[[-81.2057,34.7185],[-81.2155,34.7192],[-81.224,34.7166],[-81.2317,34.708],[-81.2353,34.7084],[-81.2314,34.7069],[-81.2304,34.6993],[-81.2204,34.6916],[-81.2084,34.6915],[-81.2014,34.6947],[-81.1971,34.7008],[-81.1928,34.6987],[-81.1964,34.7053],[-81.197,34.71],[-81.2057,34.7185]]]}},{"type":"Feature","properties":{"id":"p4564600","name":"Scranton"},"geometry":{"type":"Polygon","coordinates":[[[-79.7527,33.919],[-79.7523,33.9143],[-79.7464,33.9102],[-79.7401,33.9111],[-79.7357,33.9173],[-79.7388,33.9238],[-79.7471,33.9247],[-79.7527,33.919]]]}},{"type":"Feature","properties":{"id":"p4541380","name":"Liberty"},"geometry":{"type":"Polygon","coordinates":[[[-82.7171,34.8138],[-82.71,34.8069],[-82.711,34.7977],[-82.7075,34.794],[-82.7167,34.7882],[-82.7086,34.7816],[-82.7111,34.775],[-82.7019,34.7617],[-82.6922,34.7754],[-82.6803,34.7755],[-82.6726,34.7709],[-82.671,34.7756],[-82.6799,34.7842],[-82.6796,34.797],[-82.6853,34.7986],[-82.693,34.8083],[-82.6904,34.8172],[-82.7107,34.8179],[-82.7171,34.8138]]]}},{"type":"Feature","properties":{"id":"p4562755","name":"St. Stephen"},"geometry":{"type":"Polygon","coordinates":[[[-79.9385,33.3968],[-79.9176,33.3915],[-79.9136,33.3825],[-79.9071,33.3833],[-79.9167,33.3914],[-79.9078,33.4053],[-79.9141,33.4107],[-79.9193,33.4106],[-79.9175,33.4189],[-79.9275,33.4135],[-79.9315,33.4163],[-79.9382,33.4101],[-79.9432,33.4139],[-79.9506,33.4049],[-79.9388,33.4061],[-79.9385,33.3968]]]}},{"type":"Feature","properties":{"id":"p4511755","name":"Carlisle"},"geometry":{"type":"Polygon","coordinates":[[[-81.4806,34.5902],[-81.475,34.5847],[-81.4569,34.585],[-81.4535,34.5921],[-81.454,34.5999],[-81.4759,34.6],[-81.4769,34.5931],[-81.4806,34.5902]]]}},{"type":"Feature","properties":{"id":"p4568290","name":"Spartanburg"},"geometry":{"type":"Polygon","coordinates":[[[-81.981,34.9516],[-81.9997,34.9408],[-81.994,34.9368],[-81.9892,34.9295],[-81.9865,34.9209],[-81.9763,34.9218],[-81.9633,34.9155],[-81.966,34.9101],[-81.9733,34.9063],[-81.968,34.9008],[-81.9633,34.9064],[-81.9552,34.9085],[-81.9564,34.9127],[-81.9453,34.9251],[-81.9359,34.9269],[-81.9298,34.918],[-81.9226,34.9224],[-81.919,34.918],[-81.9176,34.9153],[-81.9036,34.9209],[-81.8934,34.9161],[-81.9056,34.9117],[-81.903,34.9085],[-81.91,34.9038],[-81.907,34.8961],[-81.9016,34.9019],[-81.893,34.9031],[-81.8964,34.9084],[-81.8949,34.9142],[-81.887,34.9214],[-81.8907,34.9287],[-81.89,34.9358],[-81.8819,34.9383],[-81.8761,34.9438],[-81.8805,34.9448],[-81.8799,34.9537],[-81.871,34.962],[-81.8684,34.9601],[-81.847,34.9612],[-81.8496,34.9647],[-81.8603,34.9626],[-81.8567,34.969],[-81.8609,34.976],[-81.867,34.9814],[-81.8826,34.9819],[-81.8902,34.9747],[-81.9021,34.9681],[-81.9149,34.9651],[-81.92,34.9682],[-81.9272,34.9705],[-81.9279,34.9715],[-81.9376,34.9717],[-81.9387,34.9707],[-81.9413,34.9707],[-81.9515,34.9667],[-81.9557,34.9607],[-81.9595,34.9484],[-81.9679,34.9461],[-81.9619,34.9456],[-81.9578,34.9414],[-81.976,34.9387],[-81.9773,34.9464],[-81.981,34.9516]]]}},{"type":"Feature","properties":{"id":"p4574095","name":"Walhalla"},"geometry":{"type":"Polygon","coordinates":[[[-83.0475,34.7662],[-83.0479,34.7701],[-83.0435,34.779],[-83.0398,34.781],[-83.0429,34.7876],[-83.0537,34.784],[-83.0555,34.7891],[-83.0678,34.7855],[-83.0788,34.7763],[-83.0827,34.7613],[-83.0779,34.7585],[-83.0546,34.7536],[-83.054,34.7611],[-83.0475,34.7662]]]}},{"type":"Feature","properties":{"id":"p4577875","name":"Williamston"},"geometry":{"type":"Polygon","coordinates":[[[-82.5077,34.6186],[-82.5027,34.6141],[-82.4959,34.6156],[-82.4882,34.6041],[-82.4786,34.6023],[-82.4732,34.6087],[-82.457,34.6167],[-82.4605,34.6213],[-82.4598,34.6307],[-82.4792,34.6337],[-82.4963,34.6282],[-82.4966,34.6179],[-82.5027,34.6211],[-82.5077,34.6186]]]}},{"type":"Feature","properties":{"id":"p4505365","name":"Belton"},"geometry":{"type":"Polygon","coordinates":[[[-82.5155,34.5299],[-82.5128,34.5261],[-82.5144,34.5173],[-82.5074,34.5121],[-82.4961,34.508],[-82.4887,34.5083],[-82.4757,34.5151],[-82.4763,34.5255],[-82.4786,34.5308],[-82.4723,34.5389],[-82.4839,34.5415],[-82.4861,34.5354],[-82.4913,34.5365],[-82.5033,34.5338],[-82.51,34.53],[-82.5155,34.5299]]]}},{"type":"Feature","properties":{"id":"p4507255","name":"Blythewood"},"geometry":{"type":"Polygon","coordinates":[[[-81.0266,34.1822],[-81.0211,34.1774],[-81.0051,34.175],[-80.9942,34.175],[-80.994,34.1797],[-80.9798,34.1798],[-80.9681,34.1849],[-80.9674,34.1895],[-80.9747,34.2106],[-80.969,34.214],[-80.9597,34.2141],[-80.9633,34.222],[-80.9725,34.2301],[-80.9756,34.2419],[-80.9871,34.2494],[-80.9878,34.2543],[-80.9824,34.2589],[-80.9849,34.264],[-80.9992,34.2618],[-81.0001,34.2483],[-81.0031,34.2436],[-81.0105,34.2409],[-81.0196,34.232],[-81.0181,34.2233],[-81.0063,34.217],[-81.002,34.2059],[-80.9969,34.2008],[-80.9977,34.1962],[-81.007,34.1915],[-81.0106,34.1979],[-81.0163,34.1927],[-81.0234,34.1897],[-81.0266,34.1822]],[[-81.0046,34.2413],[-80.9957,34.2435],[-80.9826,34.2421],[-80.9825,34.2336],[-80.991,34.2321],[-80.9976,34.2351],[-81.0046,34.2413]]]}},{"type":"Feature","properties":{"id":"p4549705","name":"New Ellenton"},"geometry":{"type":"Polygon","coordinates":[[[-81.7029,33.4336],[-81.702,33.4039],[-81.6849,33.405],[-81.6756,33.4024],[-81.6676,33.4058],[-81.6688,33.4344],[-81.7029,33.4336]]]}},{"type":"Feature","properties":{"id":"p4537105","name":"Johnsonville"},"geometry":{"type":"Polygon","coordinates":[[[-79.4589,33.8121],[-79.4496,33.8102],[-79.4498,33.8016],[-79.4397,33.805],[-79.4317,33.8054],[-79.4226,33.8085],[-79.4326,33.8164],[-79.4386,33.8148],[-79.4405,33.8244],[-79.4489,33.8315],[-79.4572,33.8249],[-79.4589,33.8121]]]}},{"type":"Feature","properties":{"id":"p4523830","name":"Estill"},"geometry":{"type":"Polygon","coordinates":[[[-81.2585,32.7553],[-81.2551,32.7448],[-81.247,32.7401],[-81.2398,32.7393],[-81.2405,32.7343],[-81.2323,32.7289],[-81.2237,32.7324],[-81.2175,32.7381],[-81.2259,32.7439],[-81.224,32.7557],[-81.2293,32.7648],[-81.2352,32.7676],[-81.2442,32.7685],[-81.2547,32.7633],[-81.2585,32.7553]]]}},{"type":"Feature","properties":{"id":"p4519105","name":"Denmark"},"geometry":{"type":"Polygon","coordinates":[[[-81.1596,33.3207],[-81.155,33.3104],[-81.1461,33.3085],[-81.1477,33.2954],[-81.1323,33.3081],[-81.1326,33.2947],[-81.1273,33.2992],[-81.122,33.2977],[-81.116,33.3037],[-81.1186,33.3128],[-81.1233,33.3147],[-81.1187,33.3267],[-81.1397,33.3333],[-81.1499,33.328],[-81.1596,33.3207]]]}},{"type":"Feature","properties":{"id":"p4572655","name":"Troy"},"geometry":{"type":"Polygon","coordinates":[[[-82.3058,33.9904],[-82.3042,33.9834],[-82.2985,33.9807],[-82.2891,33.9856],[-82.2906,33.9927],[-82.2993,33.9952],[-82.3058,33.9904]]]}},{"type":"Feature","properties":{"id":"p4542460","name":"Longcreek"},"geometry":{"type":"Polygon","coordinates":[[[-83.2769,34.7764],[-83.278,34.7719],[-83.2698,34.7655],[-83.262,34.7691],[-83.2515,34.7679],[-83.2476,34.7761],[-83.2464,34.7894],[-83.2573,34.7906],[-83.2678,34.7789],[-83.2769,34.7764]]]}},{"type":"Feature","properties":{"id":"p4522997","name":"Edisto"},"geometry":{"type":"Polygon","coordinates":[[[-80.891,33.499],[-80.8984,33.5018],[-80.9067,33.5014],[-80.9144,33.4765],[-80.9249,33.47],[-80.9216,33.4661],[-80.9179,33.4544],[-80.9116,33.4532],[-80.9056,33.4559],[-80.891,33.4668],[-80.8737,33.4753],[-80.8831,33.4768],[-80.8744,33.4864],[-80.8796,33.4911],[-80.8854,33.4889],[-80.8895,33.4917],[-80.891,33.499]]]}},{"type":"Feature","properties":{"id":"p4578640","name":"Wisacky"},"geometry":{"type":"Polygon","coordinates":[[[-80.2125,34.1564],[-80.2089,34.146],[-80.2083,34.1383],[-80.211,34.1299],[-80.2093,34.1201],[-80.1954,34.1236],[-80.1891,34.1311],[-80.1797,34.1344],[-80.1695,34.1455],[-80.1677,34.1669],[-80.1727,34.1704],[-80.189,34.1624],[-80.1941,34.1625],[-80.2125,34.1564]]]}},{"type":"Feature","properties":{"id":"p4535755","name":"Inman"},"geometry":{"type":"Polygon","coordinates":[[[-82.0928,35.0332],[-82.0864,35.0339],[-82.0818,35.0471],[-82.085,35.0519],[-82.093,35.0564],[-82.1043,35.0486],[-82.087,35.0408],[-82.0869,35.0356],[-82.0928,35.0332]]]}},{"type":"Feature","properties":{"id":"p4514050","name":"Chesnee"},"geometry":{"type":"Polygon","coordinates":[[[-81.8738,35.1534],[-81.8635,35.1321],[-81.8567,35.1362],[-81.8637,35.1406],[-81.8536,35.145],[-81.8607,35.1582],[-81.8738,35.1534]]]}},{"type":"Feature","properties":{"id":"p4567165","name":"Smoaks"},"geometry":{"type":"Polygon","coordinates":[[[-80.8239,33.0967],[-80.8234,33.078],[-80.8039,33.0799],[-80.8048,33.0995],[-80.8237,33.1003],[-80.8239,33.0967]]]}},{"type":"Feature","properties":{"id":"p4543630","name":"McColl"},"geometry":{"type":"Polygon","coordinates":[[[-79.5557,34.6605],[-79.5498,34.6587],[-79.5403,34.6613],[-79.5333,34.6599],[-79.537,34.6738],[-79.5441,34.6751],[-79.5546,34.6736],[-79.553,34.6633],[-79.5557,34.6605]]]}},{"type":"Feature","properties":{"id":"p4523110","name":"Edmund"},"geometry":{"type":"Polygon","coordinates":[[[-81.2309,33.8566],[-81.2295,33.8511],[-81.2097,33.8456],[-81.1916,33.8459],[-81.1855,33.8505],[-81.1716,33.8531],[-81.1621,33.8603],[-81.1636,33.8674],[-81.173,33.8681],[-81.1857,33.8662],[-81.1872,33.8721],[-81.1786,33.8792],[-81.19,33.8819],[-81.2061,33.882],[-81.2191,33.8777],[-81.2277,33.8657],[-81.2309,33.8566]]]}},{"type":"Feature","properties":{"id":"p4573870","name":"Wade Hampton"},"geometry":{"type":"Polygon","coordinates":[[[-82.3751,34.89],[-82.3696,34.8859],[-82.3623,34.887],[-82.3587,34.8833],[-82.3581,34.8688],[-82.3497,34.8696],[-82.3442,34.8649],[-82.3373,34.8642],[-82.3333,34.8586],[-82.3204,34.8551],[-82.3019,34.8567],[-82.294,34.8594],[-82.2946,34.8657],[-82.3031,34.8662],[-82.3116,34.8704],[-82.2989,34.8823],[-82.3026,34.8866],[-82.3109,34.8838],[-82.3171,34.8853],[-82.3237,34.8833],[-82.3305,34.8869],[-82.3204,34.904],[-82.3162,34.9132],[-82.3345,34.912],[-82.3415,34.905],[-82.3535,34.9023],[-82.3751,34.89]]]}},{"type":"Feature","properties":{"id":"p4571395","name":"Taylors"},"geometry":{"type":"Polygon","coordinates":[[[-82.2856,34.9326],[-82.2995,34.9276],[-82.3092,34.9313],[-82.3124,34.9367],[-82.3217,34.9444],[-82.3345,34.9392],[-82.3408,34.9407],[-82.354,34.9368],[-82.3529,34.9233],[-82.3478,34.9225],[-82.3403,34.914],[-82.3345,34.912],[-82.3162,34.9132],[-82.3204,34.904],[-82.3305,34.8869],[-82.3237,34.8833],[-82.3171,34.8853],[-82.3109,34.8838],[-82.3026,34.8866],[-82.2914,34.8944],[-82.2834,34.9038],[-82.2758,34.9065],[-82.2711,34.9118],[-82.2705,34.9125],[-82.2692,34.9139],[-82.2708,34.9177],[-82.2761,34.9227],[-82.2817,34.934],[-82.2856,34.9326]]]}},{"type":"Feature","properties":{"id":"p4579341","name":"Wyboo"},"geometry":{"type":"Polygon","coordinates":[[[-80.2522,33.533],[-80.2518,33.5253],[-80.2476,33.5192],[-80.2314,33.5205],[-80.211,33.5262],[-80.2064,33.5225],[-80.1997,33.5216],[-80.1968,33.5149],[-80.1882,33.5166],[-80.1918,33.5262],[-80.1894,33.5294],[-80.1952,33.535],[-80.203,33.5547],[-80.1977,33.5529],[-80.194,33.5582],[-80.1723,33.5578],[-80.1706,33.5646],[-80.1774,33.5806],[-80.1857,33.59],[-80.1942,33.587],[-80.206,33.5941],[-80.2088,33.6061],[-80.2373,33.6043],[-80.2383,33.593],[-80.2416,33.5885],[-80.2439,33.5776],[-80.2409,33.5718],[-80.244,33.5681],[-80.2402,33.5635],[-80.2343,33.5633],[-80.2282,33.5579],[-80.2346,33.5561],[-80.2472,33.5558],[-80.2429,33.5345],[-80.2522,33.533]]]}},{"type":"Feature","properties":{"id":"p4575220","name":"Watts Mills"},"geometry":{"type":"Polygon","coordinates":[[[-82.0031,34.5188],[-81.9944,34.5063],[-81.989,34.5035],[-81.9812,34.5048],[-81.9717,34.5078],[-81.9699,34.5219],[-81.991,34.5306],[-81.9945,34.5277],[-81.9985,34.5332],[-81.9958,34.5265],[-82.0031,34.5188]]]}},{"type":"Feature","properties":{"id":"p4548985","name":"Murrells Inlet"},"geometry":{"type":"Polygon","coordinates":[[[-79.0305,33.572],[-79.0865,33.5713],[-79.0907,33.5678],[-79.0857,33.5602],[-79.0891,33.5484],[-79.077,33.5466],[-79.068,33.5435],[-79.066,33.5251],[-79.0558,33.528],[-79.0492,33.5341],[-79.0494,33.5399],[-79.0446,33.5461],[-79.0303,33.5591],[-79.029,33.5621],[-79.0167,33.5723],[-79.0305,33.572]]]}},{"type":"Feature","properties":{"id":"p4562305","name":"Russellville"},"geometry":{"type":"Polygon","coordinates":[[[-79.9506,33.4049],[-79.9668,33.4032],[-79.9683,33.4086],[-79.9807,33.411],[-79.9898,33.4082],[-79.992,33.4047],[-79.9831,33.3941],[-79.9747,33.387],[-79.9562,33.3843],[-79.9519,33.3805],[-79.9459,33.3848],[-79.9448,33.3897],[-79.9385,33.3968],[-79.9388,33.4061],[-79.9506,33.4049]]]}},{"type":"Feature","properties":{"id":"p4522075","name":"East Gaffney"},"geometry":{"type":"MultiPolygon","coordinates":[[[[-81.6163,35.0959],[-81.6197,35.0978],[-81.627,35.0899],[-81.6381,35.0848],[-81.6373,35.0783],[-81.6288,35.0709],[-81.6155,35.0732],[-81.6076,35.0741],[-81.6067,35.0802],[-81.5998,35.0804],[-81.6028,35.0903],[-81.6121,35.0994],[-81.6126,35.0955],[-81.6163,35.0959]]],[[[-81.6459,35.0873],[-81.6384,35.0849],[-81.6263,35.0911],[-81.6235,35.0958],[-81.6285,35.099],[-81.6432,35.0914],[-81.6459,35.0873]]]]}},{"type":"Feature","properties":{"id":"p4524730","name":"Fair Play"},"geometry":{"type":"Polygon","coordinates":[[[-83.0212,34.5004],[-83.0092,34.4905],[-82.9953,34.4893],[-82.9866,34.4847],[-82.9477,34.5215],[-82.9518,34.526],[-82.96,34.5236],[-82.9695,34.5238],[-82.981,34.5273],[-82.9877,34.5242],[-82.9932,34.5261],[-83.008,34.5164],[-83.0106,34.5095],[-83.0212,34.5004]]]}},{"type":"Feature","properties":{"id":"p4505770","name":"Berea"},"geometry":{"type":"Polygon","coordinates":[[[-82.4432,34.8997],[-82.4483,34.9109],[-82.4561,34.9058],[-82.4609,34.906],[-82.4669,34.8956],[-82.4817,34.8973],[-82.4963,34.889],[-82.4877,34.8851],[-82.4915,34.8784],[-82.4879,34.8758],[-82.4871,34.8664],[-82.489,34.8614],[-82.483,34.8579],[-82.4846,34.8517],[-82.4773,34.8534],[-82.4693,34.8587],[-82.4572,34.8558],[-82.4482,34.8662],[-82.4355,34.8716],[-82.4446,34.8772],[-82.4368,34.8842],[-82.4398,34.8873],[-82.4432,34.8997]]]}},{"type":"Feature","properties":{"id":"p4551720","name":"Oak Grove"},"geometry":{"type":"Polygon","coordinates":[[[-81.1175,33.9954],[-81.1272,33.9992],[-81.1338,33.9968],[-81.1605,33.9937],[-81.1675,33.9894],[-81.1766,33.9868],[-81.1785,33.9758],[-81.171,33.9751],[-81.1727,33.959],[-81.1599,33.9517],[-81.1529,33.9535],[-81.144,33.9598],[-81.1329,33.9647],[-81.1266,33.9738],[-81.1303,33.9773],[-81.1133,33.9851],[-81.1078,33.9892],[-81.1146,33.9932],[-81.1175,33.9954]]]}},{"type":"Feature","properties":{"id":"p4502665","name":"Arthurtown"},"geometry":{"type":"Polygon","coordinates":[[[-80.9916,33.9676],[-81.0129,33.9779],[-81.0169,33.9666],[-81.0155,33.9626],[-81.0093,33.954],[-81.0026,33.9592],[-80.9927,33.9543],[-80.9841,33.9588],[-80.9811,33.9631],[-80.9815,33.9636],[-80.9916,33.9676]]]}},{"type":"Feature","properties":{"id":"p4510000","name":"Bucksport"},"geometry":{"type":"Polygon","coordinates":[[[-79.1328,33.6667],[-79.1168,33.6626],[-79.121,33.6514],[-79.1031,33.6499],[-79.0971,33.6539],[-79.0941,33.665],[-79.0985,33.6688],[-79.0977,33.6734],[-79.0923,33.6782],[-79.0979,33.684],[-79.1088,33.6828],[-79.112,33.692],[-79.1077,33.699],[-79.1108,33.7023],[-79.1236,33.6885],[-79.1177,33.6816],[-79.1328,33.6667]]]}},{"type":"Feature","properties":{"id":"p4510135","name":"Buford"},"geometry":{"type":"Polygon","coordinates":[[[-80.6458,34.7439],[-80.636,34.7421],[-80.6314,34.7356],[-80.6139,34.7345],[-80.6125,34.7447],[-80.6165,34.7447],[-80.622,34.7565],[-80.6242,34.767],[-80.6319,34.7639],[-80.6395,34.755],[-80.6414,34.7484],[-80.6458,34.7439]]]}},{"type":"Feature","properties":{"id":"p4564240","name":"Saxon"},"geometry":{"type":"Polygon","coordinates":[[[-81.984,34.9752],[-81.9812,34.9739],[-81.9815,34.9543],[-81.981,34.9516],[-81.9773,34.9464],[-81.9679,34.9461],[-81.9595,34.9484],[-81.9557,34.9607],[-81.9626,34.9664],[-81.9762,34.9813],[-81.984,34.9752]]]}},{"type":"Feature","properties":{"id":"p4558435","name":"Princeton"},"geometry":{"type":"Polygon","coordinates":[[[-82.3132,34.4848],[-82.2988,34.4864],[-82.2943,34.4836],[-82.2863,34.4933],[-82.2889,34.5006],[-82.3132,34.4848]]]}},{"type":"Feature","properties":{"id":"p4503115","name":"Ashwood"},"geometry":{"type":"Polygon","coordinates":[[[-80.2987,34.1385],[-80.3151,34.1178],[-80.3233,34.1127],[-80.3218,34.1057],[-80.3173,34.0999],[-80.3025,34.0929],[-80.3012,34.1023],[-80.2923,34.109],[-80.2866,34.1159],[-80.2887,34.1302],[-80.2986,34.1384],[-80.2987,34.1385]]]}},{"type":"Feature","properties":{"id":"p4528375","name":"Gantt"},"geometry":{"type":"Polygon","coordinates":[[[-82.4241,34.8017],[-82.4246,34.7912],[-82.43,34.7822],[-82.4317,34.7678],[-82.4152,34.7668],[-82.4099,34.7494],[-82.4069,34.7474],[-82.3932,34.7498],[-82.3881,34.7684],[-82.3742,34.7813],[-82.3802,34.793],[-82.3799,34.7961],[-82.3647,34.801],[-82.3678,34.8082],[-82.3753,34.8039],[-82.3842,34.8039],[-82.3918,34.7996],[-82.3964,34.8055],[-82.3956,34.809],[-82.4024,34.8141],[-82.4097,34.815],[-82.4122,34.8105],[-82.4185,34.8132],[-82.4241,34.8017]]]}},{"type":"Feature","properties":{"id":"p4538950","name":"Kline"},"geometry":{"type":"Polygon","coordinates":[[[-81.3595,33.1283],[-81.3572,33.1176],[-81.3496,33.1118],[-81.3431,33.1106],[-81.3328,33.1131],[-81.327,33.1188],[-81.3266,33.1306],[-81.3318,33.1365],[-81.343,33.1397],[-81.3551,33.1352],[-81.3595,33.1283]]]}},{"type":"Feature","properties":{"id":"p4507210","name":"Bluffton"},"geometry":{"type":"Polygon","coordinates":[[[-81.0161,32.2443],[-81.0129,32.2394],[-81.0143,32.2329],[-81.0124,32.2182],[-81.0061,32.2159],[-81.0039,32.2065],[-80.9961,32.2006],[-81.0001,32.1961],[-80.9904,32.1902],[-80.9856,32.1924],[-80.979,32.1898],[-80.9785,32.186],[-80.9648,32.1854],[-80.9693,32.1762],[-80.9607,32.1787],[-80.9541,32.1754],[-80.9502,32.1668],[-80.9503,32.1565],[-80.9544,32.1489],[-80.953,32.1416],[-80.9649,32.1518],[-80.9693,32.1432],[-80.9642,32.1384],[-80.9615,32.1262],[-80.9534,32.1316],[-80.9469,32.1288],[-80.9413,32.1373],[-80.9341,32.1351],[-80.9274,32.1381],[-80.925,32.1311],[-80.9212,32.1301],[-80.9151,32.1348],[-80.9095,32.1347],[-80.9113,32.1418],[-80.9057,32.146],[-80.8938,32.1442],[-80.8948,32.1524],[-80.8891,32.1616],[-80.8931,32.174],[-80.8885,32.1799],[-80.8728,32.1924],[-80.8786,32.2039],[-80.8781,32.2097],[-80.8743,32.2139],[-80.8635,32.2175],[-80.8601,32.2219],[-80.8591,32.2297],[-80.8527,32.2366],[-80.8601,32.253],[-80.8563,32.2671],[-80.8698,32.2749],[-80.8746,32.2806],[-80.8852,32.2674],[-80.8932,32.2674],[-80.8947,32.2795],[-80.8935,32.2878],[-80.9067,32.2963],[-80.9071,32.2908],[-80.9157,32.2844],[-80.9158,32.2756],[-80.927,32.276],[-80.9271,32.2828],[-80.9231,32.29],[-80.9319,32.2901],[-80.9409,32.2877],[-80.9486,32.2742],[-80.9438,32.2682],[-80.9545,32.2687],[-80.9672,32.2645],[-80.9941,32.2677],[-80.9957,32.262],[-81.0022,32.2545],[-80.9969,32.2507],[-81.0002,32.2443],[-81.0067,32.241],[-81.0161,32.2443]],[[-80.9913,32.2318],[-80.9887,32.2366],[-80.9777,32.2324],[-80.9731,32.2457],[-80.959,32.2561],[-80.9606,32.2467],[-80.9465,32.2445],[-80.934,32.2444],[-80.9333,32.2323],[-80.9189,32.2309],[-80.9168,32.2382],[-80.9,32.2359],[-80.8928,32.2469],[-80.8841,32.2492],[-80.8827,32.2403],[-80.8739,32.2377],[-80.8727,32.2303],[-80.8849,32.2266],[-80.8961,32.2313],[-80.9035,32.2281],[-80.9008,32.2185],[-80.9055,32.2117],[-80.9129,32.2173],[-80.9193,32.2174],[-80.9208,32.2241],[-80.928,32.2219],[-80.9336,32.2253],[-80.9428,32.2232],[-80.9499,32.23],[-80.9652,32.2292],[-80.9757,32.2325],[-80.9787,32.2269],[-80.9913,32.2318]],[[-80.9274,32.2537],[-80.9275,32.2666],[-80.9112,32.265],[-80.9134,32.2529],[-80.9274,32.2537]],[[-80.9121,32.2747],[-80.9074,32.2887],[-80.9031,32.2811],[-80.8962,32.2752],[-80.9011,32.2697],[-80.9069,32.2678],[-80.9121,32.2747]],[[-80.8766,32.2673],[-80.8752,32.2754],[-80.8634,32.2663],[-80.865,32.2623],[-80.8752,32.2646],[-80.8766,32.2673]]]}},{"type":"Feature","properties":{"id":"p4547275","name":"Moncks Corner"},"geometry":{"type":"MultiPolygon","coordinates":[[[[-80.0269,33.0911],[-80.0139,33.0839],[-80.0176,33.0987],[-80.0257,33.1014],[-80.0269,33.0911]]],[[[-80.0472,33.1665],[-80.044,33.1595],[-80.0345,33.1601],[-80.0331,33.1476],[-80.0448,33.1473],[-80.0463,33.1422],[-80.0352,33.1403],[-80.0324,33.1369],[-80.0289,33.1213],[-80.0293,33.1101],[-80.0473,33.1112],[-80.047,33.0936],[-80.0439,33.091],[-80.0317,33.0894],[-80.0335,33.0757],[-80.0289,33.0748],[-80.0269,33.0911],[-80.0299,33.0992],[-80.028,33.1216],[-80.0254,33.1296],[-80.0272,33.1437],[-80.0322,33.1438],[-80.0295,33.1587],[-80.0191,33.1566],[-80.0148,33.1676],[-80.0083,33.1649],[-80.004,33.1691],[-80.0019,33.1752],[-80.0038,33.1812],[-79.9974,33.1816],[-79.9916,33.1896],[-79.9767,33.1825],[-79.9688,33.1923],[-79.975,33.2147],[-79.9823,33.232],[-79.9911,33.2425],[-80.0074,33.2334],[-80.0083,33.2279],[-79.9939,33.2303],[-79.989,33.2276],[-79.9815,33.2148],[-79.9873,33.2119],[-79.9866,33.2063],[-79.995,33.201],[-80.0038,33.2],[-79.9989,33.2098],[-80.0169,33.2082],[-80.0241,33.2111],[-80.0337,33.1914],[-80.0386,33.192],[-80.0373,33.1884],[-80.0449,33.1816],[-80.0456,33.1784],[-80.0475,33.1762],[-80.0433,33.1758],[-80.0384,33.1811],[-80.0333,33.1857],[-80.031,33.1864],[-80.0303,33.1888],[-80.0264,33.1917],[-80.019,33.1813],[-80.0339,33.1627],[-80.0398,33.1669],[-80.0472,33.1665]],[[-80.0475,33.1762],[-80.0454,33.1784],[-80.0449,33.1816],[-80.0373,33.1884],[-80.036,33.1904],[-80.0294,33.1928],[-80.0283,33.1907],[-80.0303,33.1888],[-80.031,33.1864],[-80.0333,33.1857],[-80.0384,33.1811],[-80.0434,33.1758],[-80.0475,33.1762]],[[-80.02,33.1704],[-80.0245,33.1712],[-80.018,33.1805],[-80.0092,33.1836],[-80.0142,33.1727],[-80.02,33.1704]],[[-80.004,33.1691],[-80.0083,33.165],[-80.0156,33.1688],[-80.0128,33.1741],[-80.0075,33.177],[-80.004,33.1691]]]]}},{"type":"Feature","properties":{"id":"p4574635","name":"Ware Place"},"geometry":{"type":"Polygon","coordinates":[[[-82.3986,34.6258],[-82.3957,34.6194],[-82.3876,34.6189],[-82.3762,34.6274],[-82.3871,34.635],[-82.393,34.6344],[-82.3986,34.6258]]]}},{"type":"Feature","properties":{"id":"p4545430","name":"Mayo"},"geometry":{"type":"Polygon","coordinates":[[[-81.8752,35.0945],[-81.8674,35.0858],[-81.8648,35.0787],[-81.8666,35.0703],[-81.8554,35.0683],[-81.8465,35.0731],[-81.8374,35.0847],[-81.8357,35.0928],[-81.8406,35.1002],[-81.8486,35.1007],[-81.8549,35.0963],[-81.8665,35.0966],[-81.8752,35.0945]]]}},{"type":"Feature","properties":{"id":"p4514860","name":"Clearwater"},"geometry":{"type":"Polygon","coordinates":[[[-81.9059,33.5185],[-81.9105,33.5238],[-81.9197,33.5296],[-81.9302,33.5195],[-81.928,33.5125],[-81.9188,33.4982],[-81.9138,33.4957],[-81.9207,33.4899],[-81.9102,33.4807],[-81.9075,33.4784],[-81.8963,33.4854],[-81.8884,33.4981],[-81.8945,33.5051],[-81.8984,33.5044],[-81.905,33.5124],[-81.9059,33.5185]]]}},{"type":"Feature","properties":{"id":"p4559190","name":"Red Hill"},"geometry":{"type":"MultiPolygon","coordinates":[[[[-78.9967,33.7906],[-79.0053,33.7934],[-79.0196,33.7887],[-79.0211,33.7826],[-79.0264,33.7819],[-79.0295,33.7885],[-79.0235,33.7745],[-79.0206,33.7717],[-79.02,33.7593],[-79.0243,33.7313],[-79.025,33.7173],[-79.0234,33.7135],[-79.0162,33.7165],[-78.9922,33.7458],[-78.9881,33.748],[-79.0059,33.7632],[-78.9874,33.7737],[-78.9937,33.7809],[-78.9896,33.7823],[-78.9921,33.7856],[-78.9927,33.7862],[-78.9958,33.7897],[-78.9967,33.7906]]],[[[-79.0382,33.8086],[-79.0357,33.8026],[-79.0355,33.8021],[-79.0334,33.7975],[-79.0195,33.7932],[-79.0232,33.8011],[-79.0135,33.8018],[-79.0123,33.8079],[-79.0021,33.8063],[-78.9949,33.8077],[-78.9968,33.8131],[-78.9937,33.8202],[-78.986,33.8272],[-78.9928,33.8307],[-79.0002,33.8292],[-79.0195,33.8322],[-79.016,33.8214],[-79.0278,33.8132],[-79.033,33.8176],[-79.0382,33.8086]]]]}},{"type":"Feature","properties":{"id":"p4565950","name":"Shiloh"},"geometry":{"type":"Polygon","coordinates":[[[-80.0563,33.909],[-80.0563,33.9068],[-80.0004,33.9353],[-79.9736,33.947],[-79.9831,33.9553],[-80.0073,33.9609],[-80.0206,33.9773],[-80.0375,33.9695],[-80.0421,33.9691],[-80.0491,33.9563],[-80.045,33.9444],[-80.0477,33.9357],[-80.0476,33.927],[-80.0441,33.9204],[-80.049,33.9134],[-80.0563,33.909]]]}},{"type":"Feature","properties":{"id":"p4567390","name":"Socastee"},"geometry":{"type":"Polygon","coordinates":[[[-79.0243,33.7313],[-79.0323,33.7314],[-79.0418,33.7136],[-79.0516,33.7138],[-79.0553,33.705],[-79.0511,33.6947],[-79.0581,33.6921],[-79.061,33.6839],[-79.0675,33.682],[-79.0688,33.6767],[-79.0605,33.6713],[-79.0528,33.6804],[-79.0407,33.6847],[-79.0255,33.6832],[-79.0145,33.6797],[-79.0107,33.6694],[-79.0127,33.6601],[-78.9917,33.6563],[-78.9814,33.6504],[-78.978,33.6546],[-78.9681,33.6706],[-78.9623,33.6828],[-78.9588,33.6866],[-78.958,33.6861],[-78.9514,33.6905],[-78.9451,33.6943],[-78.9376,33.6994],[-78.9382,33.7016],[-78.9475,33.6959],[-78.9557,33.6949],[-78.9728,33.6999],[-78.9791,33.7003],[-79.0044,33.6872],[-79.0193,33.7064],[-79.0234,33.7135],[-79.025,33.7173],[-79.0243,33.7313]]]}},{"type":"Feature","properties":{"id":"p4566917","name":"Slater-Marietta"},"geometry":{"type":"Polygon","coordinates":[[[-82.5161,35.0297],[-82.5112,35.023],[-82.5073,35.0226],[-82.5025,35.0097],[-82.4952,35.0117],[-82.4948,35.018],[-82.486,35.0272],[-82.4679,35.0338],[-82.466,35.0389],[-82.4784,35.049],[-82.4802,35.0571],[-82.4944,35.0498],[-82.5028,35.0426],[-82.5069,35.0441],[-82.5132,35.0366],[-82.5161,35.0297]]]}},{"type":"Feature","properties":{"id":"p4562395","name":"St. Andrews"},"geometry":{"type":"Polygon","coordinates":[[[-81.1456,34.087],[-81.1493,34.0832],[-81.1476,34.0743],[-81.1462,34.0734],[-81.1448,34.0724],[-81.132,34.0623],[-81.1163,34.0452],[-81.1074,34.0312],[-81.1044,34.0317],[-81.096,34.0234],[-81.0934,34.0247],[-81.0924,34.0348],[-81.0865,34.0306],[-81.072,34.0385],[-81.076,34.0542],[-81.0767,34.0566],[-81.0828,34.0584],[-81.1011,34.0551],[-81.11,34.055],[-81.1064,34.0627],[-81.1095,34.0683],[-81.116,34.0648],[-81.1203,34.0708],[-81.1259,34.0672],[-81.1349,34.0718],[-81.1311,34.0799],[-81.1382,34.0837],[-81.1411,34.085],[-81.1456,34.087]]]}},{"type":"Feature","properties":{"id":"p4530220","name":"Gramling"},"geometry":{"type":"Polygon","coordinates":[[[-82.1427,35.0831],[-82.1409,35.0723],[-82.1334,35.0691],[-82.1292,35.0704],[-82.1206,35.0829],[-82.1307,35.0846],[-82.1427,35.0831]]]}},{"type":"Feature","properties":{"id":"p4539895","name":"Lancaster"},"geometry":{"type":"Polygon","coordinates":[[[-80.7632,34.7015],[-80.7537,34.7077],[-80.7546,34.7123],[-80.7469,34.7157],[-80.7488,34.7237],[-80.7617,34.7292],[-80.7653,34.7397],[-80.7721,34.7351],[-80.787,34.7502],[-80.7835,34.7528],[-80.7872,34.7552],[-80.7848,34.757],[-80.7859,34.7593],[-80.7779,34.766],[-80.7793,34.7711],[-80.7897,34.7647],[-80.7858,34.7572],[-80.7882,34.756],[-80.7894,34.7503],[-80.7938,34.7485],[-80.8012,34.7508],[-80.8044,34.7464],[-80.802,34.7402],[-80.8119,34.727],[-80.8099,34.7202],[-80.8017,34.7171],[-80.7978,34.7074],[-80.7925,34.7062],[-80.7845,34.7104],[-80.78,34.7157],[-80.7735,34.7129],[-80.767,34.7132],[-80.7651,34.7067],[-80.7639,34.7034],[-80.7632,34.7015]]]}},{"type":"Feature","properties":{"id":"p4540615","name":"Laurens"},"geometry":{"type":"MultiPolygon","coordinates":[[[[-82.0447,34.5291],[-82.0365,34.5258],[-82.038,34.5332],[-82.0447,34.5291]]],[[[-82.0031,34.5188],[-82.0066,34.5156],[-82.0201,34.5169],[-82.0211,34.5265],[-82.0176,34.5313],[-82.0086,34.5354],[-82.0008,34.536],[-82.0075,34.5471],[-82.0132,34.551],[-82.0186,34.5474],[-82.0142,34.5438],[-82.0181,34.5317],[-82.0215,34.5269],[-82.0208,34.5168],[-82.0415,34.5111],[-82.0458,34.5152],[-82.052,34.5158],[-82.0542,34.501],[-82.062,34.5011],[-82.0664,34.4954],[-82.0669,34.4835],[-82.0554,34.4904],[-82.0465,34.4879],[-82.0404,34.4811],[-82.0334,34.4773],[-82.0178,34.4746],[-81.9919,34.4936],[-81.9847,34.4871],[-81.9774,34.4939],[-81.9812,34.5048],[-81.989,34.5035],[-81.9944,34.5063],[-82.0031,34.5188]]]]}},{"type":"Feature","properties":{"id":"p4574995","name":"Waterloo"},"geometry":{"type":"Polygon","coordinates":[[[-82.0731,34.3535],[-82.0676,34.3447],[-82.0627,34.3477],[-82.0545,34.3431],[-82.0502,34.3452],[-82.0426,34.3565],[-82.0522,34.3664],[-82.0608,34.3706],[-82.0641,34.3605],[-82.0731,34.3535]]]}},{"type":"Feature","properties":{"id":"p4503430","name":"Aynor"},"geometry":{"type":"MultiPolygon","coordinates":[[[[-79.2236,34.0104],[-79.2226,34.0044],[-79.2098,34.0024],[-79.2077,33.9902],[-79.1923,33.9928],[-79.1895,34.0049],[-79.2073,34.0072],[-79.2109,34.006],[-79.2162,34.0141],[-79.2236,34.0104]]],[[[-79.2295,33.9961],[-79.2256,33.995],[-79.2154,33.998],[-79.2178,34.0021],[-79.2295,33.9961]]]]}},{"type":"Feature","properties":{"id":"p4550290","name":"Ninety Six"},"geometry":{"type":"Polygon","coordinates":[[[-82.0371,34.1732],[-82.0321,34.166],[-82.0326,34.1567],[-82.0246,34.1537],[-82.0258,34.1633],[-82.0154,34.1628],[-82.0085,34.1651],[-82.0173,34.1844],[-82.0298,34.1801],[-82.032,34.1747],[-82.0371,34.1732]]]}},{"type":"Feature","properties":{"id":"p4570270","name":"Summerville"},"geometry":{"type":"MultiPolygon","coordinates":[[[[-80.1413,32.9792],[-80.1401,32.9725],[-80.1356,32.9755],[-80.1395,32.9776],[-80.1413,32.9792]]],[[[-80.1609,32.9162],[-80.1703,32.9097],[-80.1637,32.9028],[-80.1523,32.9083],[-80.1609,32.9162]]],[[[-80.1564,33.0191],[-80.1504,33.0206],[-80.1414,33.0279],[-80.15,33.0317],[-80.1419,33.044],[-80.1484,33.0521],[-80.1567,33.0543],[-80.1575,33.0575],[-80.1513,33.0834],[-80.169,33.08],[-80.17,33.076],[-80.1675,33.0639],[-80.1721,33.0593],[-80.1663,33.0555],[-80.167,33.0504],[-80.1784,33.0481],[-80.1955,33.047],[-80.2018,33.0373],[-80.1946,33.0295],[-80.1954,33.0239],[-80.2099,33.0164],[-80.2276,33.0231],[-80.2299,33.0285],[-80.2185,33.0345],[-80.2144,33.0384],[-80.2244,33.0435],[-80.237,33.0351],[-80.2352,33.0283],[-80.2295,33.0235],[-80.2289,33.0162],[-80.2339,33.0086],[-80.2236,33.0042],[-80.2276,32.9994],[-80.22,32.9951],[-80.2241,32.9908],[-80.22,32.9851],[-80.2281,32.9818],[-80.2285,32.9725],[-80.2252,32.9722],[-80.225,32.963],[-80.2141,32.9608],[-80.2072,32.9678],[-80.211,32.9706],[-80.2225,32.9719],[-80.2209,32.9833],[-80.2109,32.9837],[-80.2091,32.9793],[-80.1936,32.9698],[-80.1846,32.971],[-80.175,32.9668],[-80.1754,32.9517],[-80.1685,32.9451],[-80.177,32.9342],[-80.1738,32.9316],[-80.1588,32.9447],[-80.1576,32.949],[-80.1569,32.9517],[-80.1417,32.9594],[-80.1395,32.9554],[-80.1337,32.9582],[-80.1359,32.9622],[-80.1555,32.9528],[-80.1592,32.9505],[-80.1627,32.9523],[-80.156,32.9614],[-80.1493,32.9661],[-80.1471,32.9725],[-80.1413,32.9792],[-80.1369,32.9844],[-80.1286,32.9875],[-80.1248,32.9932],[-80.1288,32.9952],[-80.13,32.9959],[-80.1355,32.9989],[-80.1387,32.9941],[-80.1463,33.0009],[-80.1556,33.0023],[-80.161,32.9915],[-80.1502,32.9883],[-80.1472,32.9943],[-80.1415,32.9897],[-80.1473,32.9799],[-80.1541,32.9811],[-80.1539,32.9855],[-80.1637,32.9865],[-80.1646,32.9767],[-80.1799,32.9759],[-80.1814,32.9814],[-80.1886,32.9816],[-80.2017,32.9862],[-80.1972,32.9904],[-80.1908,32.9917],[-80.1865,32.9957],[-80.1817,32.9915],[-80.1741,32.9921],[-80.166,32.9975],[-80.1622,32.9971],[-80.1676,33.0026],[-80.1639,33.0112],[-80.1708,33.0177],[-80.1615,33.0232],[-80.1569,33.0192],[-80.1564,33.0191]],[[-80.2136,33.0017],[-80.2062,32.9964],[-80.2147,32.9945],[-80.2136,33.0017]]]]}},{"type":"Feature","properties":{"id":"p4548355","name":"Mount Croghan"},"geometry":{"type":"Polygon","coordinates":[[[-80.2351,34.7701],[-80.2333,34.7654],[-80.225,34.7627],[-80.2177,34.7699],[-80.2224,34.7761],[-80.2283,34.7768],[-80.2351,34.7701]]]}},{"type":"Feature","properties":{"id":"p4503385","name":"Awendaw"},"geometry":{"type":"MultiPolygon","coordinates":[[[[-79.6741,32.9555],[-79.6619,32.9443],[-79.6547,32.9395],[-79.6522,32.9442],[-79.6579,32.9495],[-79.6392,32.9661],[-79.6352,32.965],[-79.6196,32.9832],[-79.6081,32.9936],[-79.6176,32.9987],[-79.6077,33.0061],[-79.6014,33.0003],[-79.5934,33.009],[-79.5973,33.0128],[-79.5931,33.0175],[-79.6005,33.0212],[-79.6117,33.0135],[-79.6055,33.0074],[-79.6096,33.0052],[-79.6151,33.0015],[-79.6176,32.9987],[-79.6276,33.0078],[-79.6322,33.0099],[-79.6365,33.0025],[-79.6426,33.003],[-79.6296,33.0245],[-79.6188,33.0195],[-79.6118,33.0182],[-79.6076,33.0288],[-79.6004,33.0353],[-79.6038,33.0387],[-79.6157,33.0377],[-79.6254,33.0305],[-79.6312,33.0341],[-79.6364,33.0316],[-79.6309,33.0233],[-79.6435,33.0026],[-79.646,33.0026],[-79.6565,33.0122],[-79.6645,33.0045],[-79.6662,32.999],[-79.653,32.999],[-79.6527,32.9876],[-79.6601,32.9841],[-79.6576,32.9743],[-79.6756,32.9591],[-79.6741,32.9555]]],[[[-79.7034,32.9706],[-79.7012,32.9666],[-79.6941,32.9668],[-79.6886,32.9593],[-79.6837,32.9636],[-79.6839,32.9716],[-79.7034,32.9706]]],[[[-79.6741,32.9555],[-79.6769,32.9583],[-79.6843,32.9528],[-79.6813,32.9495],[-79.6932,32.9371],[-79.7052,32.9438],[-79.7163,32.9336],[-79.7182,32.9283],[-79.7155,32.9216],[-79.7163,32.919],[-79.717,32.9178],[-79.721,32.9128],[-79.7142,32.909],[-79.7062,32.9062],[-79.7021,32.903],[-79.6929,32.9091],[-79.6842,32.9002],[-79.6759,32.9027],[-79.6738,32.9106],[-79.6794,32.9191],[-79.6671,32.9299],[-79.6622,32.9369],[-79.6796,32.9487],[-79.6741,32.9555]],[[-79.7095,32.9227],[-79.6978,32.931],[-79.6929,32.9244],[-79.7028,32.9192],[-79.7095,32.9227]]]]}},{"type":"Feature","properties":{"id":"p4526035","name":"Folly Beach"},"geometry":{"type":"Polygon","coordinates":[[[-79.9593,32.6848],[-79.9845,32.6716],[-79.9929,32.6719],[-79.9955,32.6659],[-80.0023,32.6639],[-80.0096,32.6576],[-80.0175,32.6437],[-80.0151,32.6375],[-79.9947,32.6327],[-79.9918,32.6255],[-79.9869,32.6264],[-79.98,32.6324],[-79.9743,32.641],[-79.97,32.6405],[-79.9157,32.6649],[-79.8871,32.683],[-79.888,32.6943],[-79.8994,32.7006],[-79.8926,32.7059],[-79.893,32.7175],[-79.9043,32.7206],[-79.9038,32.7126],[-79.9159,32.7113],[-79.9162,32.7018],[-79.9245,32.6986],[-79.9303,32.6901],[-79.9379,32.6879],[-79.948,32.683],[-79.9512,32.6758],[-79.9593,32.6848]]]}},{"type":"Feature","properties":{"id":"p4543585","name":"McClellanville"},"geometry":{"type":"Polygon","coordinates":[[[-79.4836,33.0904],[-79.4884,33.0877],[-79.4769,33.0804],[-79.4727,33.0715],[-79.4502,33.0811],[-79.4557,33.089],[-79.4571,33.0973],[-79.4657,33.0951],[-79.4688,33.1001],[-79.4836,33.0904]]]}},{"type":"Feature","properties":{"id":"p4564712","name":"Seabrook Island"},"geometry":{"type":"Polygon","coordinates":[[[-80.1958,32.5954],[-80.2033,32.5895],[-80.2068,32.5837],[-80.176,32.5592],[-80.1637,32.5618],[-80.1557,32.572],[-80.1476,32.5768],[-80.1446,32.5827],[-80.1378,32.5855],[-80.1491,32.586],[-80.1597,32.5962],[-80.1574,32.6026],[-80.1529,32.6056],[-80.1499,32.6076],[-80.1505,32.6087],[-80.1504,32.6082],[-80.1538,32.606],[-80.1731,32.6029],[-80.1778,32.5947],[-80.1857,32.5977],[-80.1921,32.5989],[-80.1958,32.5954]]]}},{"type":"Feature","properties":{"id":"p4544350","name":"Manning"},"geometry":{"type":"Polygon","coordinates":[[[-80.2419,33.6976],[-80.2379,33.6886],[-80.229,33.6883],[-80.2204,33.678],[-80.2128,33.6792],[-80.1977,33.6974],[-80.2088,33.7089],[-80.2197,33.707],[-80.2266,33.6976],[-80.2322,33.6988],[-80.2374,33.6955],[-80.2419,33.6976]]]}},{"type":"Feature","properties":{"id":"p4572745","name":"Turbeville"},"geometry":{"type":"Polygon","coordinates":[[[-80.0282,33.8925],[-80.0246,33.8846],[-80.0111,33.879],[-80.0034,33.8912],[-80.015,33.8978],[-80.0233,33.8978],[-80.0282,33.8925]]]}},{"type":"Feature","properties":{"id":"p4506400","name":"Blacksburg"},"geometry":{"type":"Polygon","coordinates":[[[-81.5099,35.1337],[-81.5291,35.1251],[-81.5353,35.1196],[-81.5263,35.1075],[-81.5108,35.1173],[-81.5029,35.1208],[-81.5099,35.1337]]]}},{"type":"Feature","properties":{"id":"p4518565","name":"Darlington"},"geometry":{"type":"Polygon","coordinates":[[[-79.9006,34.2959],[-79.9008,34.291],[-79.8867,34.2927],[-79.8851,34.285],[-79.8806,34.284],[-79.8577,34.2879],[-79.8554,34.294],[-79.8464,34.301],[-79.8385,34.2973],[-79.8437,34.3107],[-79.8482,34.3106],[-79.8536,34.3185],[-79.8653,34.3147],[-79.8726,34.3185],[-79.8831,34.3207],[-79.8859,34.3185],[-79.8791,34.3099],[-79.8798,34.3034],[-79.8867,34.299],[-79.9006,34.2959]]]}},{"type":"Feature","properties":{"id":"p4532560","name":"Hartsville"},"geometry":{"type":"Polygon","coordinates":[[[-80.0797,34.3873],[-80.0805,34.3784],[-80.0859,34.3776],[-80.0916,34.3724],[-80.1076,34.3707],[-80.1171,34.3651],[-80.1163,34.3588],[-80.1083,34.3545],[-80.109,34.366],[-80.1046,34.3664],[-80.0997,34.3613],[-80.0982,34.355],[-80.105,34.3535],[-80.1129,34.3469],[-80.1035,34.3414],[-80.102,34.3507],[-80.0909,34.3461],[-80.0838,34.3482],[-80.0865,34.3565],[-80.0797,34.3602],[-80.0739,34.3526],[-80.0603,34.353],[-80.0556,34.3558],[-80.0592,34.3682],[-80.0566,34.3769],[-80.0518,34.3747],[-80.0439,34.3774],[-80.0456,34.3832],[-80.0626,34.3802],[-80.0748,34.3883],[-80.0797,34.3873]]]}},{"type":"Feature","properties":{"id":"p4560370","name":"Ridgeville"},"geometry":{"type":"Polygon","coordinates":[[[-80.3315,33.0966],[-80.3299,33.0899],[-80.3229,33.0914],[-80.3193,33.0874],[-80.3075,33.0892],[-80.3019,33.0872],[-80.2941,33.0719],[-80.2864,33.0802],[-80.2851,33.0923],[-80.2959,33.0856],[-80.3077,33.0922],[-80.3074,33.0978],[-80.3113,33.1022],[-80.3204,33.1026],[-80.3244,33.0952],[-80.3315,33.0966]]]}},{"type":"Feature","properties":{"id":"p4562530","name":"St. George"},"geometry":{"type":"Polygon","coordinates":[[[-80.609,33.1959],[-80.6006,33.1904],[-80.5894,33.1898],[-80.5939,33.1775],[-80.569,33.1711],[-80.565,33.1821],[-80.5557,33.179],[-80.554,33.1827],[-80.5617,33.1858],[-80.5614,33.192],[-80.5732,33.1973],[-80.5861,33.1985],[-80.588,33.1937],[-80.609,33.1959]]]}},{"type":"Feature","properties":{"id":"p4522795","name":"Edgefield"},"geometry":{"type":"Polygon","coordinates":[[[-81.9524,33.7891],[-81.9541,33.7846],[-81.9456,33.7835],[-81.9387,33.7771],[-81.9279,33.7753],[-81.9227,33.7767],[-81.9196,33.7704],[-81.9296,33.7668],[-81.9176,33.7629],[-81.9239,33.7546],[-81.9162,33.7492],[-81.9135,33.7607],[-81.9153,33.7685],[-81.92,33.7741],[-81.9162,33.7781],[-81.9127,33.7918],[-81.9184,33.8007],[-81.9331,33.8074],[-81.9449,33.7968],[-81.9508,33.7966],[-81.9524,33.7891]]]}},{"type":"Feature","properties":{"id":"p4578460","name":"Winnsboro"},"geometry":{"type":"Polygon","coordinates":[[[-81.0787,34.3654],[-81.0705,34.3734],[-81.0762,34.3766],[-81.0752,34.3845],[-81.0814,34.393],[-81.0899,34.3927],[-81.0942,34.3899],[-81.1021,34.3901],[-81.1021,34.3851],[-81.0956,34.3799],[-81.0953,34.3741],[-81.1008,34.3735],[-81.1028,34.3664],[-81.0995,34.3619],[-81.1093,34.3545],[-81.1019,34.3448],[-81.0882,34.3478],[-81.0886,34.3486],[-81.0893,34.3496],[-81.0837,34.3649],[-81.0787,34.3654]]]}},{"type":"Feature","properties":{"id":"p4528870","name":"Georgetown"},"geometry":{"type":"Polygon","coordinates":[[[-79.3226,33.3814],[-79.3201,33.3703],[-79.3123,33.3645],[-79.3096,33.3758],[-79.3048,33.3755],[-79.2978,33.3616],[-79.299,33.3464],[-79.3064,33.3413],[-79.3131,33.3335],[-79.3132,33.3294],[-79.3003,33.3197],[-79.3111,33.3134],[-79.3087,33.3078],[-79.3025,33.307],[-79.2908,33.3114],[-79.291,33.316],[-79.3017,33.3134],[-79.3038,33.3092],[-79.3106,33.3126],[-79.2932,33.3231],[-79.2896,33.3398],[-79.2822,33.3445],[-79.2829,33.3533],[-79.2764,33.3537],[-79.2695,33.3639],[-79.2777,33.3708],[-79.2811,33.3777],[-79.2824,33.3892],[-79.2853,33.3953],[-79.2988,33.3891],[-79.3109,33.3922],[-79.3226,33.3814]]]}},{"type":"Feature","properties":{"id":"p4555015","name":"Pawleys Island"},"geometry":{"type":"Polygon","coordinates":[[[-79.139,33.4007],[-79.1354,33.4039],[-79.1154,33.4391],[-79.1258,33.4351],[-79.1278,33.4272],[-79.1318,33.4219],[-79.1315,33.4145],[-79.139,33.4007]]]}},{"type":"Feature","properties":{"id":"p4500100","name":"Abbeville"},"geometry":{"type":"Polygon","coordinates":[[[-82.4059,34.1881],[-82.3988,34.185],[-82.4015,34.1732],[-82.3938,34.1643],[-82.3811,34.1588],[-82.3662,34.1585],[-82.3533,34.1742],[-82.3578,34.1829],[-82.3549,34.1869],[-82.3755,34.1981],[-82.377,34.2049],[-82.385,34.2047],[-82.3833,34.1946],[-82.3969,34.1923],[-82.4059,34.1881]]]}},{"type":"Feature","properties":{"id":"p4534810","name":"Honea Path"},"geometry":{"type":"Polygon","coordinates":[[[-82.4212,34.4467],[-82.4101,34.4429],[-82.407,34.4366],[-82.3894,34.4338],[-82.3827,34.4362],[-82.3768,34.4434],[-82.3761,34.4509],[-82.3794,34.457],[-82.3854,34.4613],[-82.3935,34.4628],[-82.4004,34.4616],[-82.4076,34.4568],[-82.4154,34.4465],[-82.4212,34.4467]]]}},{"type":"Feature","properties":{"id":"p4555960","name":"Perry"},"geometry":{"type":"MultiPolygon","coordinates":[[[[-81.3177,33.6278],[-81.3113,33.6208],[-81.307,33.6196],[-81.2995,33.6227],[-81.2979,33.6273],[-81.3041,33.6338],[-81.3126,33.6321],[-81.3177,33.6278]]],[[[-81.3194,33.6385],[-81.3124,33.6331],[-81.31,33.6383],[-81.3194,33.6385]]]]}},{"type":"Feature","properties":{"id":"p4517260","name":"Cowpens"},"geometry":{"type":"Polygon","coordinates":[[[-81.8209,35.0273],[-81.8174,35.0229],[-81.8169,35.0137],[-81.8117,35.0081],[-81.806,35.0062],[-81.7901,35.0101],[-81.7886,35.0158],[-81.7947,35.0248],[-81.7958,35.0314],[-81.8036,35.0278],[-81.8155,35.0256],[-81.8209,35.0273]]]}},{"type":"Feature","properties":{"id":"p4550515","name":"Norris"},"geometry":{"type":"Polygon","coordinates":[[[-82.7671,34.7677],[-82.7569,34.751],[-82.7459,34.7535],[-82.7462,34.7641],[-82.7424,34.7667],[-82.7421,34.7738],[-82.7478,34.7785],[-82.7568,34.7779],[-82.7595,34.7722],[-82.7671,34.7677]]]}},{"type":"Feature","properties":{"id":"p4553845","name":"Pacolet"},"geometry":{"type":"Polygon","coordinates":[[[-81.7581,34.9061],[-81.7657,34.913],[-81.7654,34.9228],[-81.7736,34.9297],[-81.7794,34.9313],[-81.7931,34.9219],[-81.7863,34.9175],[-81.7868,34.9068],[-81.7921,34.9021],[-81.779,34.8882],[-81.7639,34.8857],[-81.7514,34.8922],[-81.7486,34.8975],[-81.7465,34.9088],[-81.7415,34.9158],[-81.7372,34.9152],[-81.7344,34.9232],[-81.7412,34.9291],[-81.7466,34.9261],[-81.7549,34.9256],[-81.7588,34.9214],[-81.7596,34.9131],[-81.75,34.9158],[-81.7467,34.9115],[-81.7532,34.9043],[-81.7581,34.9061]]]}},{"type":"Feature","properties":{"id":"p4579090","name":"Woodruff"},"geometry":{"type":"MultiPolygon","coordinates":[[[[-82.0628,34.7693],[-82.0616,34.7749],[-82.0732,34.7717],[-82.0692,34.7671],[-82.0628,34.7693]]],[[[-82.0628,34.7693],[-82.0663,34.7642],[-82.0612,34.7588],[-82.068,34.7497],[-82.0575,34.7459],[-82.0494,34.7498],[-82.0469,34.7466],[-82.0568,34.7378],[-82.0447,34.7313],[-82.0378,34.7251],[-82.0318,34.7298],[-82.0208,34.7299],[-82.0051,34.7253],[-82.0034,34.7298],[-82.015,34.7331],[-82.0123,34.7475],[-82.0288,34.7493],[-82.0302,34.757],[-82.0424,34.7549],[-82.0535,34.7509],[-82.0548,34.7596],[-82.0646,34.7627],[-82.0628,34.7693]]]]}},{"type":"Feature","properties":{"id":"p4563250","name":"Saluda"},"geometry":{"type":"Polygon","coordinates":[[[-81.7885,34.0055],[-81.7882,33.9962],[-81.7821,33.9892],[-81.7738,33.9864],[-81.7666,33.9869],[-81.7571,33.9917],[-81.7536,33.9985],[-81.7559,34.0082],[-81.759,34.0115],[-81.7711,34.0155],[-81.7778,34.015],[-81.7845,34.0113],[-81.7885,34.0055]]]}},{"type":"Feature","properties":{"id":"p4570045","name":"Stuckey"},"geometry":{"type":"Polygon","coordinates":[[[-79.5228,33.7392],[-79.5221,33.7284],[-79.5146,33.7249],[-79.5031,33.7252],[-79.5069,33.7392],[-79.5228,33.7392]]]}},{"type":"Feature","properties":{"id":"p4516000","name":"Columbia"},"geometry":{"type":"Polygon","coordinates":[[[-81.1618,34.0947],[-81.1683,34.0912],[-81.1659,34.0854],[-81.1618,34.0724],[-81.1674,34.0664],[-81.167,34.0645],[-81.1448,34.0724],[-81.1462,34.0734],[-81.1476,34.0743],[-81.1493,34.0832],[-81.1456,34.087],[-81.1382,34.0837],[-81.1311,34.0799],[-81.1349,34.0718],[-81.1259,34.0672],[-81.1203,34.0708],[-81.116,34.0648],[-81.1095,34.0683],[-81.1064,34.0627],[-81.11,34.055],[-81.1011,34.0551],[-81.0828,34.0584],[-81.0767,34.0566],[-81.076,34.0542],[-81.072,34.0385],[-81.0865,34.0306],[-81.0924,34.0348],[-81.0934,34.0247],[-81.096,34.0234],[-81.1044,34.0317],[-81.1074,34.0312],[-81.1097,34.0276],[-81.1034,34.0238],[-81.0896,34.0134],[-81.086,34.0136],[-81.0721,34.0066],[-81.0669,34.009],[-81.0526,33.998],[-81.0514,33.9966],[-81.046,33.9882],[-81.045,33.9777],[-81.0357,33.9814],[-81.0349,33.9827],[-81.0312,33.985],[-81.0254,33.978],[-81.0259,33.9773],[-81.0261,33.9771],[-81.0237,33.971],[-81.0358,33.9626],[-81.031,33.9541],[-81.0155,33.9626],[-81.0169,33.9666],[-81.0129,33.9779],[-80.9916,33.9676],[-80.9874,33.9722],[-80.9815,33.9636],[-80.9811,33.9631],[-80.9841,33.9588],[-80.9927,33.9543],[-80.9913,33.9524],[-80.9849,33.9421],[-80.978,33.9379],[-80.9739,33.9406],[-80.9647,33.9389],[-80.9565,33.9406],[-80.9717,33.9421],[-80.9749,33.9458],[-80.9628,33.9518],[-80.9531,33.9467],[-80.9512,33.951],[-80.9429,33.9517],[-80.9387,33.9493],[-80.9181,33.9432],[-80.9168,33.9505],[-80.9096,33.9522],[-80.9096,33.9523],[-80.9089,33.9565],[-80.9093,33.9583],[-80.9129,33.9611],[-80.92,33.9523],[-80.923,33.9536],[-80.9271,33.9555],[-80.9342,33.9572],[-80.935,33.9574],[-80.9261,33.9668],[-80.9335,33.9695],[-80.9377,33.9778],[-80.9313,33.9811],[-80.924,33.9704],[-80.9193,33.9679],[-80.9145,33.9801],[-80.8946,33.9834],[-80.8863,33.9861],[-80.8854,33.9798],[-80.879,33.9779],[-80.8732,33.9846],[-80.8803,33.9884],[-80.8668,33.9919],[-80.7673,34.0055],[-80.707,34.0083],[-80.7045,34.01],[-80.7039,34.0613],[-80.7141,34.0639],[-80.7264,34.0691],[-80.7416,34.0813],[-80.7561,34.0845],[-80.7674,34.0983],[-80.7771,34.1025],[-80.8014,34.1028],[-80.8149,34.1061],[-80.8175,34.1117],[-80.8163,34.1212],[-80.8071,34.1194],[-80.7982,34.1227],[-80.795,34.1273],[-80.8202,34.1359],[-80.8201,34.1408],[-80.8281,34.1423],[-80.8365,34.1414],[-80.8314,34.1359],[-80.8356,34.1292],[-80.8434,34.1273],[-80.8413,34.119],[-80.8475,34.1199],[-80.8472,34.1075],[-80.8521,34.1025],[-80.8523,34.0969],[-80.8664,34.0922],[-80.8716,34.0963],[-80.8811,34.0924],[-80.8793,34.0856],[-80.8922,34.0801],[-80.8909,34.0756],[-80.9054,34.0638],[-80.9377,34.0418],[-80.9384,34.0408],[-80.9396,34.038],[-80.9389,34.0345],[-80.9474,34.0272],[-80.9451,34.0247],[-80.9495,34.0253],[-80.9584,34.0223],[-80.9602,34.0133],[-80.9688,34.0113],[-80.9774,34.0138],[-80.995,34.0099],[-80.9954,34.0245],[-80.9854,34.0285],[-80.986,34.0331],[-80.9931,34.0405],[-80.996,34.0413],[-80.992,34.0432],[-81.0008,34.0497],[-80.9915,34.0556],[-80.9809,34.0692],[-80.9738,34.0881],[-80.9699,34.0843],[-80.9631,34.0839],[-80.9603,34.0896],[-80.9625,34.0962],[-80.9747,34.1004],[-80.9761,34.1059],[-80.987,34.0957],[-80.9915,34.0986],[-80.9977,34.0773],[-81.0092,34.0695],[-81.0093,34.0614],[-81.0128,34.0575],[-81.0191,34.0579],[-81.0249,34.0665],[-81.0349,34.0664],[-81.0376,34.077],[-81.0421,34.0732],[-81.0367,34.0641],[-81.0386,34.0574],[-81.0364,34.05],[-81.0479,34.0501],[-81.0557,34.0448],[-81.059,34.038],[-81.0595,34.0294],[-81.068,34.032],[-81.068,34.0496],[-81.0723,34.049],[-81.0777,34.0639],[-81.0655,34.0741],[-81.0715,34.0816],[-81.0835,34.0721],[-81.0884,34.0795],[-81.1045,34.0904],[-81.11,34.1016],[-81.1174,34.1059],[-81.1196,34.1125],[-81.1284,34.1115],[-81.1371,34.1204],[-81.1315,34.1249],[-81.1371,34.1333],[-81.1527,34.1295],[-81.1497,34.1202],[-81.1375,34.1206],[-81.1381,34.1153],[-81.1337,34.1129],[-81.1398,34.1034],[-81.1515,34.093],[-81.1622,34.1015],[-81.1639,34.0975],[-81.1608,34.0956],[-81.1618,34.0947]],[[-80.9636,33.9577],[-80.9594,33.9691],[-80.9555,33.9601],[-80.9636,33.9577]]]}},{"type":"Feature","properties":{"id":"p4529050","name":"Gilbert"},"geometry":{"type":"Polygon","coordinates":[[[-81.379,33.9142],[-81.3804,33.9156],[-81.38,33.9358],[-81.3845,33.9432],[-81.3884,33.9435],[-81.3902,33.9359],[-81.4067,33.9362],[-81.4064,33.9142],[-81.3921,33.9087],[-81.3836,33.9102],[-81.379,33.9142]]]}},{"type":"Feature","properties":{"id":"p4555420","name":"Pelion"},"geometry":{"type":"Polygon","coordinates":[[[-81.2507,33.7917],[-81.2557,33.7989],[-81.2632,33.7992],[-81.2733,33.787],[-81.2633,33.7783],[-81.2615,33.7713],[-81.2547,33.7683],[-81.26,33.7592],[-81.2531,33.7551],[-81.245,33.758],[-81.2366,33.7487],[-81.2338,33.7535],[-81.2289,33.7704],[-81.2343,33.7779],[-81.2406,33.7773],[-81.2445,33.7719],[-81.2509,33.7754],[-81.2474,33.7823],[-81.2432,33.7859],[-81.2431,33.7874],[-81.2507,33.7917]],[[-81.2507,33.7917],[-81.2438,33.7862],[-81.2486,33.7812],[-81.2555,33.7845],[-81.2507,33.7917]]]}},{"type":"Feature","properties":{"id":"p4567705","name":"South Congaree"},"geometry":{"type":"Polygon","coordinates":[[[-81.1209,33.9155],[-81.1205,33.9186],[-81.1308,33.9241],[-81.1428,33.9233],[-81.1499,33.9195],[-81.1532,33.9071],[-81.1498,33.9008],[-81.1425,33.8961],[-81.1317,33.8955],[-81.1262,33.8979],[-81.1208,33.9043],[-81.1191,33.909],[-81.1209,33.9155]]]}},{"type":"Feature","properties":{"id":"p4568425","name":"Springdale"},"geometry":{"type":"Polygon","coordinates":[[[-81.1329,33.9647],[-81.1343,33.9585],[-81.1297,33.9519],[-81.118,33.956],[-81.1141,33.9503],[-81.1088,33.9513],[-81.1044,33.9518],[-81.1031,33.9515],[-81.1005,33.9503],[-81.0997,33.95],[-81.0912,33.9581],[-81.0945,33.9679],[-81.0995,33.9715],[-81.1087,33.9693],[-81.1258,33.9721],[-81.1266,33.9738],[-81.1329,33.9647]]]}},{"type":"Feature","properties":{"id":"p4550110","name":"Nichols"},"geometry":{"type":"Polygon","coordinates":[[[-79.1564,34.2439],[-79.1598,34.2433],[-79.1554,34.2244],[-79.1383,34.2269],[-79.1432,34.2464],[-79.1564,34.2439]]]}},{"type":"Feature","properties":{"id":"p4507840","name":"Bowman"},"geometry":{"type":"Polygon","coordinates":[[[-80.6934,33.3413],[-80.6874,33.3428],[-80.6806,33.3405],[-80.6711,33.3495],[-80.6834,33.3597],[-80.6956,33.3492],[-80.6934,33.3413]]]}},{"type":"Feature","properties":{"id":"p4508245","name":"Branchville"},"geometry":{"type":"Polygon","coordinates":[[[-80.8332,33.2538],[-80.8328,33.2479],[-80.8271,33.2404],[-80.8149,33.2371],[-80.8076,33.239],[-80.8013,33.2442],[-80.7991,33.2493],[-80.8005,33.2578],[-80.8081,33.2651],[-80.8168,33.2661],[-80.8238,33.2646],[-80.8311,33.2589],[-80.8332,33.2538]]]}},{"type":"Feature","properties":{"id":"p4522390","name":"Eastover"},"geometry":{"type":"Polygon","coordinates":[[[-80.7059,33.887],[-80.7025,33.8799],[-80.7055,33.8726],[-80.6895,33.8681],[-80.6828,33.8819],[-80.6935,33.8869],[-80.7059,33.887]]]}},{"type":"Feature","properties":{"id":"p4541965","name":"Little Mountain"},"geometry":{"type":"Polygon","coordinates":[[[-81.4266,34.1938],[-81.4191,34.1874],[-81.4003,34.1895],[-81.403,34.1779],[-81.3995,34.1776],[-81.3979,34.1912],[-81.4025,34.1926],[-81.401,34.1997],[-81.4042,34.203],[-81.4155,34.2028],[-81.4215,34.2075],[-81.422,34.1938],[-81.4266,34.1938]]]}},{"type":"Feature","properties":{"id":"p4534360","name":"Holly Hill"},"geometry":{"type":"Polygon","coordinates":[[[-80.4249,33.3391],[-80.4241,33.3301],[-80.4201,33.3178],[-80.41,33.3152],[-80.401,33.3165],[-80.3986,33.3241],[-80.4034,33.3273],[-80.4162,33.3311],[-80.4189,33.3379],[-80.4249,33.3391]]]}},{"type":"Feature","properties":{"id":"p4553080","name":"Orangeburg"},"geometry":{"type":"Polygon","coordinates":[[[-80.891,33.499],[-80.8895,33.4917],[-80.8854,33.4889],[-80.8796,33.4911],[-80.8744,33.4864],[-80.8831,33.4768],[-80.8737,33.4753],[-80.8638,33.4759],[-80.8643,33.469],[-80.8711,33.4611],[-80.8693,33.4517],[-80.8647,33.449],[-80.8627,33.4421],[-80.851,33.4456],[-80.854,33.4569],[-80.8503,33.4587],[-80.8514,33.4739],[-80.8532,33.4787],[-80.8482,33.4834],[-80.8456,33.491],[-80.8466,33.4959],[-80.8415,33.4988],[-80.8508,33.5086],[-80.8509,33.5122],[-80.864,33.5168],[-80.8597,33.5219],[-80.8728,33.533],[-80.8838,33.5221],[-80.8823,33.5162],[-80.8882,33.5136],[-80.8901,33.5057],[-80.891,33.499]]]}},{"type":"Feature","properties":{"id":"p4563790","name":"Santee"},"geometry":{"type":"Polygon","coordinates":[[[-80.5,33.4918],[-80.4942,33.4816],[-80.4924,33.4747],[-80.4982,33.4674],[-80.4899,33.4628],[-80.48,33.476],[-80.4742,33.4796],[-80.4684,33.4774],[-80.4663,33.4713],[-80.4574,33.4711],[-80.4554,33.4743],[-80.4627,33.4809],[-80.4791,33.4916],[-80.4817,33.4893],[-80.4959,33.4954],[-80.5,33.4918]]]}},{"type":"Feature","properties":{"id":"p4549570","name":"Newberry"},"geometry":{"type":"Polygon","coordinates":[[[-81.6337,34.2927],[-81.6344,34.284],[-81.6374,34.2748],[-81.6378,34.2657],[-81.6213,34.2601],[-81.6135,34.2505],[-81.6081,34.2587],[-81.5963,34.2598],[-81.5955,34.2548],[-81.5834,34.2581],[-81.5799,34.2644],[-81.5885,34.2713],[-81.5746,34.2736],[-81.576,34.2835],[-81.5657,34.2826],[-81.5603,34.287],[-81.551,34.2903],[-81.5621,34.2979],[-81.563,34.3051],[-81.5716,34.31],[-81.5812,34.3073],[-81.5803,34.3011],[-81.5721,34.2954],[-81.5706,34.2869],[-81.5821,34.288],[-81.5909,34.285],[-81.6127,34.299],[-81.6203,34.2997],[-81.6274,34.2956],[-81.6299,34.3015],[-81.6377,34.2979],[-81.6337,34.2927]],[[-81.6026,34.2687],[-81.5918,34.2718],[-81.5881,34.2683],[-81.596,34.2639],[-81.6026,34.2687]]]}},{"type":"Feature","properties":{"id":"p4558705","name":"Prosperity"},"geometry":{"type":"Polygon","coordinates":[[[-81.5568,34.2123],[-81.5458,34.2101],[-81.5443,34.2065],[-81.5307,34.1972],[-81.5203,34.2107],[-81.515,34.2209],[-81.5241,34.222],[-81.5252,34.2128],[-81.5334,34.2196],[-81.5415,34.2203],[-81.5568,34.2123]]]}},{"type":"Feature","properties":{"id":"p4577380","name":"Whitmire"},"geometry":{"type":"Polygon","coordinates":[[[-81.6263,34.5058],[-81.6253,34.4963],[-81.6142,34.4965],[-81.6049,34.5007],[-81.601,34.5076],[-81.6079,34.511],[-81.6257,34.5099],[-81.6263,34.5058]]]}},{"type":"Feature","properties":{"id":"p4537330","name":"Jonesville"},"geometry":{"type":"Polygon","coordinates":[[[-81.6916,34.8391],[-81.6868,34.83],[-81.6744,34.8293],[-81.6712,34.8392],[-81.68,34.843],[-81.6916,34.8391]]]}},{"type":"Feature","properties":{"id":"p4519285","name":"Dentsville"},"geometry":{"type":"MultiPolygon","coordinates":[[[[-80.9593,34.0612],[-80.9604,34.0596],[-80.957,34.0603],[-80.9572,34.0603],[-80.9593,34.0612]]],[[[-80.9809,34.0692],[-80.9915,34.0556],[-80.9836,34.0514],[-80.9756,34.0557],[-80.9708,34.0522],[-80.9653,34.056],[-80.957,34.0649],[-80.9514,34.0604],[-80.9414,34.0658],[-80.9358,34.0713],[-80.9222,34.0679],[-80.9287,34.0777],[-80.9224,34.0803],[-80.9149,34.0919],[-80.9184,34.0954],[-80.9258,34.095],[-80.9314,34.0919],[-80.9366,34.0935],[-80.949,34.0882],[-80.9585,34.1005],[-80.9625,34.0962],[-80.9603,34.0896],[-80.9631,34.0839],[-80.9699,34.0843],[-80.9738,34.0881],[-80.9809,34.0692]]]]}},{"type":"Feature","properties":{"id":"p4535800","name":"Inman Mills"},"geometry":{"type":"Polygon","coordinates":[[[-82.1043,35.0486],[-82.1162,35.0456],[-82.118,35.0422],[-82.1044,35.0339],[-82.0989,35.036],[-82.0928,35.0332],[-82.0869,35.0356],[-82.087,35.0408],[-82.1043,35.0486]]]}},{"type":"Feature","properties":{"id":"p4568920","name":"Startex"},"geometry":{"type":"MultiPolygon","coordinates":[[[[-82.0758,34.9385],[-82.0872,34.9389],[-82.0961,34.9293],[-82.0968,34.9237],[-82.0922,34.9239],[-82.0787,34.9343],[-82.0758,34.9385]]],[[[-82.1052,34.9395],[-82.1059,34.9394],[-82.1014,34.9342],[-82.1052,34.9395]]],[[[-82.1083,34.9253],[-82.1092,34.9193],[-82.1014,34.9183],[-82.0949,34.9221],[-82.0966,34.9233],[-82.1055,34.926],[-82.1083,34.9253]]]]}},{"type":"Feature","properties":{"id":"p4522547","name":"East Sumter"},"geometry":{"type":"Polygon","coordinates":[[[-80.3114,33.9315],[-80.3061,33.9279],[-80.3242,33.9216],[-80.3205,33.9178],[-80.3162,33.9158],[-80.3108,33.9149],[-80.2815,33.9164],[-80.2764,33.9207],[-80.2706,33.933],[-80.2727,33.938],[-80.2808,33.9325],[-80.2933,33.9415],[-80.3114,33.9315]]]}},{"type":"Feature","properties":{"id":"p4539772","name":"Lakewood"},"geometry":{"type":"Polygon","coordinates":[[[-80.371,33.8444],[-80.3739,33.8294],[-80.3725,33.826],[-80.3678,33.8212],[-80.3583,33.8218],[-80.3497,33.8194],[-80.3265,33.8181],[-80.3304,33.8263],[-80.3324,33.8358],[-80.3249,33.8401],[-80.3251,33.8477],[-80.3279,33.8568],[-80.335,33.8597],[-80.3408,33.8673],[-80.3458,33.8728],[-80.3523,33.8759],[-80.3619,33.8632],[-80.3675,33.8566],[-80.371,33.8444]]]}},{"type":"Feature","properties":{"id":"p4553485","name":"Oswego"},"geometry":{"type":"Polygon","coordinates":[[[-80.2968,34.0139],[-80.2956,34.0042],[-80.2888,33.9982],[-80.2697,34.002],[-80.2733,34.0085],[-80.287,34.0074],[-80.2876,34.0191],[-80.2968,34.0139]]]}},{"type":"Feature","properties":{"id":"p4558570","name":"Privateer"},"geometry":{"type":"Polygon","coordinates":[[[-80.371,33.8444],[-80.3825,33.8404],[-80.3911,33.8492],[-80.3937,33.8557],[-80.4165,33.8183],[-80.4137,33.8109],[-80.4102,33.8094],[-80.4204,33.791],[-80.413,33.7867],[-80.4027,33.7865],[-80.3804,33.7972],[-80.3749,33.8056],[-80.3743,33.8238],[-80.3725,33.826],[-80.3739,33.8294],[-80.371,33.8444]]]}},{"type":"Feature","properties":{"id":"p4568177","name":"South Sumter"},"geometry":{"type":"Polygon","coordinates":[[[-80.3523,33.8759],[-80.3458,33.8728],[-80.3408,33.8673],[-80.3282,33.8804],[-80.322,33.8963],[-80.3288,33.9024],[-80.3371,33.8969],[-80.3513,33.8909],[-80.3504,33.8869],[-80.3523,33.8759]]]}},{"type":"Feature","properties":{"id":"p4569010","name":"Stateburg"},"geometry":{"type":"Polygon","coordinates":[[[-80.506,33.9937],[-80.5225,33.9951],[-80.5294,34.0001],[-80.5408,34.0013],[-80.5402,33.9721],[-80.5394,33.9654],[-80.5319,33.9522],[-80.524,33.9453],[-80.5131,33.9456],[-80.5155,33.9601],[-80.5145,33.9675],[-80.5244,33.968],[-80.5246,33.9779],[-80.506,33.9872],[-80.506,33.9937]]]}},{"type":"Feature","properties":{"id":"p4544395","name":"Manville"},"geometry":{"type":"Polygon","coordinates":[[[-80.2986,34.1384],[-80.279,34.1631],[-80.2869,34.1701],[-80.2977,34.174],[-80.3014,34.1723],[-80.3117,34.1739],[-80.3125,34.1606],[-80.3048,34.151],[-80.2987,34.1385],[-80.2986,34.1384]]]}},{"type":"Feature","properties":{"id":"p4516675","name":"Coosawhatchie"},"geometry":{"type":"Polygon","coordinates":[[[-80.9399,32.5909],[-80.9401,32.5832],[-80.9297,32.5803],[-80.924,32.5883],[-80.9285,32.5919],[-80.9399,32.5909]]]}},{"type":"Feature","properties":{"id":"p4534765","name":"Homewood"},"geometry":{"type":"Polygon","coordinates":[[[-79.0407,33.8836],[-79.0397,33.8936],[-79.045,33.9015],[-79.0518,33.9011],[-79.0547,33.9083],[-79.0692,33.9024],[-79.0614,33.8948],[-79.0584,33.8869],[-79.0501,33.877],[-79.0425,33.8756],[-79.0386,33.8779],[-79.0407,33.8836]]]}},{"type":"Feature","properties":{"id":"p4542095","name":"Live Oak"},"geometry":{"type":"Polygon","coordinates":[[[-78.9526,34.0625],[-78.9496,34.0538],[-78.9355,34.0465],[-78.931,34.0561],[-78.9324,34.0641],[-78.9424,34.0631],[-78.9448,34.0584],[-78.9526,34.0625]]]}},{"type":"Feature","properties":{"id":"p4514230","name":"Chickasaw Point"},"geometry":{"type":"Polygon","coordinates":[[[-83.0771,34.5561],[-83.0894,34.5436],[-83.0926,34.5329],[-83.0849,34.531],[-83.0779,34.5248],[-83.0869,34.5178],[-83.0795,34.5141],[-83.0708,34.5211],[-83.0603,34.5344],[-83.0641,34.5385],[-83.0558,34.5435],[-83.0567,34.5469],[-83.0655,34.5493],[-83.0751,34.5496],[-83.0771,34.5561]]]}},{"type":"Feature","properties":{"id":"p4526372","name":"Forestbrook"},"geometry":{"type":"Polygon","coordinates":[[[-78.9527,33.7414],[-78.9609,33.7385],[-78.9888,33.7258],[-78.9991,33.7187],[-78.9892,33.7146],[-78.986,33.7163],[-78.9756,33.7119],[-78.9708,33.7078],[-78.9636,33.7123],[-78.958,33.7123],[-78.9458,33.7272],[-78.9438,33.7315],[-78.9527,33.7414]]]}},{"type":"Feature","properties":{"id":"p4523290","name":"Elgin"},"geometry":{"type":"Polygon","coordinates":[[[-80.7565,34.6766],[-80.7532,34.6691],[-80.7402,34.6672],[-80.7314,34.6564],[-80.7298,34.6519],[-80.7003,34.665],[-80.7062,34.672],[-80.6908,34.6711],[-80.6906,34.6823],[-80.6926,34.685],[-80.7061,34.6892],[-80.7133,34.6799],[-80.7234,34.6777],[-80.7383,34.6889],[-80.7408,34.6797],[-80.7501,34.6763],[-80.7565,34.6766]]]}},{"type":"Feature","properties":{"id":"p4536790","name":"Joanna"},"geometry":{"type":"Polygon","coordinates":[[[-81.8248,34.4304],[-81.8286,34.4287],[-81.8215,34.4136],[-81.8268,34.4081],[-81.8244,34.4046],[-81.8073,34.3935],[-81.8032,34.3983],[-81.8028,34.4118],[-81.7912,34.4136],[-81.7837,34.4198],[-81.7893,34.4235],[-81.7947,34.4313],[-81.8003,34.431],[-81.803,34.422],[-81.8248,34.4304]]]}},{"type":"Feature","properties":{"id":"p4572295","name":"Tradesville"},"geometry":{"type":"Polygon","coordinates":[[[-80.5671,34.7687],[-80.5627,34.764],[-80.5481,34.7569],[-80.5407,34.761],[-80.5365,34.7696],[-80.5397,34.7748],[-80.5344,34.7767],[-80.533,34.7822],[-80.5442,34.7827],[-80.5635,34.7723],[-80.5671,34.7687]]]}},{"type":"Feature","properties":{"id":"p4577672","name":"Wilkinson Heights"},"geometry":{"type":"Polygon","coordinates":[[[-80.8466,33.4959],[-80.8456,33.491],[-80.8482,33.4834],[-80.8532,33.4787],[-80.8514,33.4739],[-80.8471,33.4715],[-80.8316,33.4856],[-80.8247,33.4818],[-80.8015,33.5007],[-80.8168,33.5066],[-80.8466,33.4959]]]}},{"type":"Feature","properties":{"id":"p4548310","name":"Mount Carmel"},"geometry":{"type":"Polygon","coordinates":[[[-82.5354,34.0062],[-82.5284,34.0001],[-82.5209,33.9891],[-82.5117,33.9943],[-82.5019,33.9933],[-82.5053,34.0001],[-82.4841,34.0042],[-82.4751,34.0082],[-82.4679,34.0071],[-82.4713,34.0213],[-82.4782,34.0242],[-82.4812,34.0303],[-82.4782,34.0362],[-82.4857,34.0363],[-82.51,34.0405],[-82.5172,34.0445],[-82.527,34.0448],[-82.5349,34.0365],[-82.5279,34.0319],[-82.5226,34.0244],[-82.5334,34.0144],[-82.5354,34.0062]]]}},{"type":"Feature","properties":{"id":"p4556365","name":"Piedmont"},"geometry":{"type":"Polygon","coordinates":[[[-82.4586,34.748],[-82.4759,34.7487],[-82.479,34.7455],[-82.4813,34.7352],[-82.4878,34.7255],[-82.476,34.7107],[-82.4779,34.7017],[-82.4817,34.6998],[-82.493,34.6997],[-82.4928,34.6899],[-82.4779,34.6871],[-82.4668,34.6812],[-82.4692,34.6736],[-82.4617,34.6712],[-82.4576,34.6775],[-82.4436,34.6812],[-82.4454,34.6899],[-82.438,34.7039],[-82.4385,34.7087],[-82.4446,34.7181],[-82.4655,34.7212],[-82.4635,34.7368],[-82.4597,34.7389],[-82.4634,34.7449],[-82.4586,34.748]]]}},{"type":"Feature","properties":{"id":"p4536160","name":"Iva"},"geometry":{"type":"Polygon","coordinates":[[[-82.6728,34.3163],[-82.6693,34.3118],[-82.6723,34.3042],[-82.6685,34.2998],[-82.6614,34.2989],[-82.6558,34.3023],[-82.6551,34.3081],[-82.649,34.3109],[-82.6573,34.3153],[-82.6728,34.3163]]]}},{"type":"Feature","properties":{"id":"p4514950","name":"Clemson"},"geometry":{"type":"Polygon","coordinates":[[[-82.7978,34.703],[-82.8052,34.7035],[-82.8193,34.6945],[-82.8302,34.7003],[-82.8251,34.707],[-82.8336,34.7081],[-82.8422,34.7045],[-82.8456,34.6981],[-82.8538,34.6899],[-82.8486,34.6831],[-82.8317,34.6827],[-82.815,34.6796],[-82.8138,34.6724],[-82.8216,34.6682],[-82.8363,34.6667],[-82.8306,34.6614],[-82.8186,34.662],[-82.8141,34.66],[-82.8093,34.6523],[-82.8003,34.6608],[-82.7953,34.6655],[-82.7899,34.6706],[-82.7811,34.6704],[-82.7819,34.6772],[-82.7715,34.6898],[-82.7799,34.6923],[-82.7899,34.6978],[-82.7892,34.7051],[-82.7978,34.703]]]}},{"type":"Feature","properties":{"id":"p4576345","name":"West Pelzer"},"geometry":{"type":"Polygon","coordinates":[[[-82.4668,34.6511],[-82.4719,34.6482],[-82.4827,34.6479],[-82.4806,34.637],[-82.4673,34.6412],[-82.4657,34.6476],[-82.4662,34.6486],[-82.4668,34.6511]]]}},{"type":"Feature","properties":{"id":"p4565680","name":"Shell Point"},"geometry":{"type":"Polygon","coordinates":[[[-80.7752,32.3901],[-80.7819,32.3857],[-80.7666,32.3683],[-80.7591,32.3574],[-80.7465,32.3473],[-80.7403,32.3489],[-80.7367,32.3592],[-80.7381,32.3694],[-80.7179,32.3763],[-80.7322,32.377],[-80.7349,32.3732],[-80.7369,32.3746],[-80.7332,32.3824],[-80.7403,32.3969],[-80.7489,32.3969],[-80.7604,32.3955],[-80.7627,32.3902],[-80.769,32.3942],[-80.7752,32.3901]],[[-80.7424,32.3864],[-80.7593,32.3874],[-80.7544,32.3927],[-80.7427,32.3866],[-80.7424,32.3864]]]}},{"type":"Feature","properties":{"id":"p4539220","name":"Ladson"},"geometry":{"type":"Polygon","coordinates":[[[-80.1233,33.0199],[-80.1294,33.0144],[-80.1379,33.0021],[-80.1355,32.9989],[-80.13,32.9959],[-80.1288,32.9952],[-80.1248,32.9932],[-80.1105,32.9855],[-80.1037,32.9869],[-80.1032,32.987],[-80.1005,32.9876],[-80.1003,32.9876],[-80.0982,32.9881],[-80.0957,32.989],[-80.0946,32.9895],[-80.092,32.9904],[-80.0902,32.9974],[-80.0806,33.0043],[-80.0888,33.0107],[-80.0887,33.0218],[-80.0941,33.0379],[-80.1006,33.0353],[-80.1111,33.0312],[-80.1233,33.0199]]]}},{"type":"Feature","properties":{"id":"p4528825","name":"Gayle Mill"},"geometry":{"type":"Polygon","coordinates":[[[-81.2353,34.7084],[-81.2428,34.7108],[-81.2434,34.7026],[-81.2395,34.6966],[-81.2304,34.6993],[-81.2314,34.7069],[-81.2353,34.7084]]]}},{"type":"Feature","properties":{"id":"p4503790","name":"Bamberg"},"geometry":{"type":"Polygon","coordinates":[[[-81.0549,33.2893],[-81.052,33.2835],[-81.0436,33.2861],[-81.0213,33.2863],[-81.0215,33.2934],[-81.0149,33.2965],[-81.0147,33.3044],[-81.0091,33.3072],[-81.0174,33.3149],[-81.025,33.3111],[-81.0365,33.3137],[-81.0381,33.3082],[-81.0488,33.3078],[-81.0505,33.2915],[-81.0549,33.2893]]]}},{"type":"Feature","properties":{"id":"p4533820","name":"Hilda"},"geometry":{"type":"Polygon","coordinates":[[[-81.2634,33.277],[-81.2633,33.2699],[-81.2569,33.2623],[-81.2477,33.2596],[-81.2413,33.2602],[-81.2344,33.2639],[-81.2294,33.2741],[-81.2313,33.2808],[-81.2427,33.2881],[-81.2545,33.2867],[-81.2634,33.277]]]}},{"type":"Feature","properties":{"id":"p4511035","name":"Camp Croft"},"geometry":{"type":"Polygon","coordinates":[[[-81.8756,34.9088],[-81.8705,34.8972],[-81.8664,34.8943],[-81.8501,34.9012],[-81.8397,34.9129],[-81.8447,34.917],[-81.8602,34.9239],[-81.8743,34.9229],[-81.8692,34.9166],[-81.8756,34.9088]]]}},{"type":"Feature","properties":{"id":"p4511620","name":"Capitol View"},"geometry":{"type":"Polygon","coordinates":[[[-80.9145,33.9801],[-80.9193,33.9679],[-80.924,33.9704],[-80.9313,33.9811],[-80.9377,33.9778],[-80.9335,33.9695],[-80.9261,33.9668],[-80.935,33.9574],[-80.9342,33.9572],[-80.9271,33.9555],[-80.923,33.9536],[-80.92,33.9523],[-80.9129,33.9611],[-80.9093,33.9583],[-80.9145,33.9801]]]}},{"type":"Feature","properties":{"id":"p4512205","name":"Cash"},"geometry":{"type":"Polygon","coordinates":[[[-79.904,34.619],[-79.9054,34.6161],[-79.9005,34.6058],[-79.8904,34.6134],[-79.8788,34.6129],[-79.875,34.6158],[-79.8874,34.6327],[-79.8922,34.6318],[-79.8963,34.6263],[-79.8963,34.6189],[-79.904,34.619]]]}},{"type":"Feature","properties":{"id":"p4512520","name":"Cateechee"},"geometry":{"type":"Polygon","coordinates":[[[-82.7671,34.7677],[-82.7757,34.7756],[-82.7858,34.7703],[-82.7807,34.7634],[-82.7671,34.7677]]]}},{"type":"Feature","properties":{"id":"p4533640","name":"Hickory Grove"},"geometry":{"type":"Polygon","coordinates":[[[-81.4309,34.9682],[-81.4266,34.963],[-81.4207,34.9653],[-81.4207,34.9722],[-81.4074,34.9707],[-81.4083,34.9902],[-81.425,34.9901],[-81.4246,34.9778],[-81.4309,34.9682]]]}},{"type":"Feature","properties":{"id":"p4543675","name":"McConnells"},"geometry":{"type":"Polygon","coordinates":[[[-81.2443,34.8723],[-81.2425,34.8611],[-81.2396,34.8586],[-81.2245,34.8543],[-81.2143,34.8584],[-81.2087,34.8678],[-81.2103,34.8764],[-81.2165,34.8827],[-81.2265,34.8846],[-81.2356,34.8831],[-81.2406,34.8798],[-81.2443,34.8723]]]}},{"type":"Feature","properties":{"id":"p4579630","name":"York"},"geometry":{"type":"Polygon","coordinates":[[[-81.2702,35.0152],[-81.2569,35.0176],[-81.2476,35.0146],[-81.2487,35.0076],[-81.2583,35.0071],[-81.2592,34.995],[-81.258,34.9871],[-81.2511,34.9817],[-81.2407,34.9662],[-81.2397,34.9577],[-81.2319,34.9583],[-81.2352,34.9732],[-81.2265,34.9808],[-81.2177,34.9849],[-81.2102,34.9794],[-81.2082,34.9844],[-81.2009,34.9863],[-81.187,34.9849],[-81.1934,34.9911],[-81.2004,34.9872],[-81.2129,34.9964],[-81.2101,35.0066],[-81.2205,35.0175],[-81.2257,35.0194],[-81.2327,35.0159],[-81.2394,35.016],[-81.2533,35.0239],[-81.2663,35.0231],[-81.2702,35.0152]]]}},{"type":"Feature","properties":{"id":"p4542055","name":"Little Rock"},"geometry":{"type":"Polygon","coordinates":[[[-79.4111,34.4802],[-79.3994,34.4616],[-79.3945,34.4568],[-79.3851,34.4595],[-79.3785,34.4591],[-79.3717,34.4618],[-79.3666,34.4677],[-79.3827,34.4741],[-79.3892,34.4807],[-79.3943,34.4783],[-79.4111,34.4802]]]}},{"type":"Feature","properties":{"id":"p4541830","name":"Litchfield Beach"},"geometry":{"type":"Polygon","coordinates":[[[-79.1529,33.4832],[-79.1418,33.4687],[-79.1425,33.4631],[-79.1386,33.4603],[-79.1325,33.4458],[-79.1239,33.436],[-79.116,33.4431],[-79.1152,33.4464],[-79.1072,33.4505],[-79.1014,33.461],[-79.0846,33.4837],[-79.0722,33.4967],[-79.1012,33.4966],[-79.1054,33.5034],[-79.1253,33.5036],[-79.1317,33.5055],[-79.139,33.5044],[-79.1479,33.4889],[-79.1529,33.4832]]]}},{"type":"Feature","properties":{"id":"p4539265","name":"La France"},"geometry":{"type":"Polygon","coordinates":[[[-82.7772,34.6193],[-82.7817,34.6152],[-82.7748,34.6033],[-82.7679,34.6034],[-82.7492,34.6085],[-82.7547,34.6167],[-82.7604,34.6123],[-82.7747,34.6214],[-82.7772,34.6193]]]}},{"type":"Feature","properties":{"id":"p4533100","name":"Helena"},"geometry":{"type":"Polygon","coordinates":[[[-81.6337,34.2927],[-81.641,34.2891],[-81.6531,34.2897],[-81.6585,34.2831],[-81.6395,34.2658],[-81.6378,34.2657],[-81.6374,34.2748],[-81.6344,34.284],[-81.6337,34.2927]]]}},{"type":"Feature","properties":{"id":"p4516180","name":"Conestee"},"geometry":{"type":"Polygon","coordinates":[[[-82.3602,34.7717],[-82.3593,34.7585],[-82.3526,34.7587],[-82.3505,34.758],[-82.3416,34.7548],[-82.3376,34.7558],[-82.3378,34.7628],[-82.3439,34.7666],[-82.3464,34.7701],[-82.3552,34.7736],[-82.3602,34.7717]]]}},{"type":"Feature","properties":{"id":"p4518250","name":"Dacusville"},"geometry":{"type":"Polygon","coordinates":[[[-82.579,34.9395],[-82.5776,34.9328],[-82.5711,34.9271],[-82.5642,34.9279],[-82.5596,34.9224],[-82.5519,34.9213],[-82.5473,34.9313],[-82.5582,34.9473],[-82.5637,34.9466],[-82.579,34.9395]]]}},{"type":"Feature","properties":{"id":"p4518610","name":"Daufuskie Island"},"geometry":{"type":"Polygon","coordinates":[[[-80.8296,32.1476],[-80.8355,32.1504],[-80.8488,32.1493],[-80.8613,32.1443],[-80.8677,32.1403],[-80.8781,32.1305],[-80.8891,32.1315],[-80.8965,32.1245],[-80.8996,32.1111],[-80.8957,32.1077],[-80.8966,32.1025],[-80.9057,32.0933],[-80.9022,32.0905],[-80.8946,32.0917],[-80.8901,32.0882],[-80.8827,32.09],[-80.8721,32.0829],[-80.8587,32.0996],[-80.848,32.1089],[-80.8424,32.1178],[-80.8315,32.1143],[-80.8296,32.1476]]]}},{"type":"Feature","properties":{"id":"p4518706","name":"Daviston"},"geometry":{"type":"Polygon","coordinates":[[[-79.3832,33.8992],[-79.389,33.8943],[-79.3744,33.8806],[-79.3663,33.8758],[-79.3577,33.8801],[-79.369,33.8932],[-79.3745,33.8922],[-79.3832,33.8992]]]}},{"type":"Feature","properties":{"id":"p4520365","name":"Dovesville"},"geometry":{"type":"Polygon","coordinates":[[[-79.9379,34.4137],[-79.9398,34.4105],[-79.9331,34.402],[-79.9221,34.3989],[-79.9177,34.3929],[-79.9007,34.3868],[-79.8974,34.3837],[-79.889,34.3827],[-79.8875,34.3795],[-79.8768,34.3763],[-79.8744,34.384],[-79.8768,34.3976],[-79.8752,34.4054],[-79.8816,34.413],[-79.8928,34.4171],[-79.9021,34.4175],[-79.9123,34.4249],[-79.9173,34.4257],[-79.9247,34.4168],[-79.9336,34.4195],[-79.9379,34.4137]]]}},{"type":"Feature","properties":{"id":"p4523425","name":"Elliott"},"geometry":{"type":"Polygon","coordinates":[[[-80.1857,34.1166],[-80.1887,34.1133],[-80.185,34.1053],[-80.1782,34.1077],[-80.1724,34.0964],[-80.1653,34.0988],[-80.1576,34.0977],[-80.1619,34.1057],[-80.1537,34.1121],[-80.1604,34.1181],[-80.1684,34.1153],[-80.1722,34.1201],[-80.1827,34.1148],[-80.1857,34.1166]]]}},{"type":"Feature","properties":{"id":"p4572880","name":"Ulmer"},"geometry":{"type":"Polygon","coordinates":[[[-81.2228,33.1039],[-81.2235,33.095],[-81.2185,33.087],[-81.2131,33.0856],[-81.1975,33.0873],[-81.1938,33.0927],[-81.1916,33.1017],[-81.1945,33.1066],[-81.2066,33.1121],[-81.2176,33.1108],[-81.2228,33.1039]]]}},{"type":"Feature","properties":{"id":"p4525945","name":"Floydale"},"geometry":{"type":"Polygon","coordinates":[[[-79.3557,34.3269],[-79.351,34.3239],[-79.347,34.3094],[-79.3412,34.3066],[-79.3306,34.3088],[-79.3287,34.3172],[-79.321,34.331],[-79.3342,34.3355],[-79.3403,34.3321],[-79.343,34.325],[-79.3557,34.3269]]]}},{"type":"Feature","properties":{"id":"p4579720","name":"Zion"},"geometry":{"type":"Polygon","coordinates":[[[-79.3203,34.2579],[-79.3063,34.2533],[-79.3104,34.2658],[-79.3203,34.2579]]]}},{"type":"Feature","properties":{"id":"p4571658","name":"The Cliffs Valley"},"geometry":{"type":"Polygon","coordinates":[[[-82.4741,35.1616],[-82.4718,35.1546],[-82.465,35.1499],[-82.4636,35.1333],[-82.4591,35.1227],[-82.4472,35.1237],[-82.4431,35.1187],[-82.4303,35.1259],[-82.4185,35.1356],[-82.43,35.1423],[-82.431,35.1496],[-82.4363,35.1581],[-82.4323,35.1637],[-82.4396,35.1659],[-82.4576,35.1668],[-82.4588,35.1731],[-82.4694,35.1679],[-82.4741,35.1616]]]}},{"type":"Feature","properties":{"id":"p4563655","name":"Sandy Springs"},"geometry":{"type":"Polygon","coordinates":[[[-82.7679,34.6034],[-82.7703,34.5999],[-82.7672,34.5845],[-82.7595,34.5912],[-82.7561,34.5888],[-82.747,34.5886],[-82.7386,34.5783],[-82.7332,34.5884],[-82.7408,34.5969],[-82.7324,34.6025],[-82.7286,34.6088],[-82.7354,34.6103],[-82.7492,34.6085],[-82.7679,34.6034]]]}},{"type":"Feature","properties":{"id":"p4552900","name":"Olympia"},"geometry":{"type":"Polygon","coordinates":[[[-81.045,33.9777],[-81.0458,33.9766],[-81.0392,33.969],[-81.0353,33.9682],[-81.0261,33.9771],[-81.0259,33.9773],[-81.0254,33.978],[-81.0312,33.985],[-81.0349,33.9827],[-81.0357,33.9814],[-81.045,33.9777]]]}},{"type":"Feature","properties":{"id":"p4501810","name":"Antreville"},"geometry":{"type":"Polygon","coordinates":[[[-82.5692,34.3088],[-82.5668,34.3016],[-82.5774,34.2978],[-82.5743,34.2857],[-82.565,34.2824],[-82.5533,34.2805],[-82.5424,34.2893],[-82.541,34.2965],[-82.5337,34.2989],[-82.5282,34.3111],[-82.5367,34.3128],[-82.5401,34.3092],[-82.5536,34.3099],[-82.5612,34.3061],[-82.5692,34.3088]]]}},{"type":"Feature","properties":{"id":"p4548900","name":"Murphys Estates"},"geometry":{"type":"Polygon","coordinates":[[[-81.9629,33.6106],[-81.9558,33.598],[-81.9459,33.5867],[-81.9432,33.5861],[-81.9231,33.6019],[-81.9334,33.6078],[-81.9365,33.6034],[-81.9456,33.612],[-81.9629,33.6106]]]}},{"type":"Feature","properties":{"id":"p4578505","name":"Winnsboro Mills"},"geometry":{"type":"Polygon","coordinates":[[[-81.0787,34.3654],[-81.0837,34.3649],[-81.0893,34.3496],[-81.0886,34.3486],[-81.0882,34.3478],[-81.0804,34.3429],[-81.0727,34.3481],[-81.0663,34.3487],[-81.0583,34.3537],[-81.0534,34.3485],[-81.0427,34.3541],[-81.0471,34.3601],[-81.0548,34.3663],[-81.0668,34.3608],[-81.0787,34.3654]]]}},{"type":"Feature","properties":{"id":"p4505410","name":"Belvedere"},"geometry":{"type":"Polygon","coordinates":[[[-81.9634,33.5294],[-81.9566,33.5244],[-81.9511,33.5267],[-81.9453,33.5206],[-81.9335,33.5181],[-81.9276,33.5237],[-81.9346,33.5304],[-81.9335,33.5346],[-81.9245,33.5345],[-81.9276,33.545],[-81.9333,33.5457],[-81.9379,33.5506],[-81.9332,33.5573],[-81.9389,33.5584],[-81.9446,33.5551],[-81.9476,33.5451],[-81.9557,33.5436],[-81.9634,33.5294]]]}},{"type":"Feature","properties":{"id":"p4512965","name":"Centerville"},"geometry":{"type":"Polygon","coordinates":[[[-82.7387,34.5182],[-82.7367,34.5074],[-82.7174,34.505],[-82.7135,34.5111],[-82.6942,34.5093],[-82.6877,34.5108],[-82.6985,34.536],[-82.7185,34.5495],[-82.7302,34.5498],[-82.7323,34.5416],[-82.7296,34.5371],[-82.7359,34.5312],[-82.7358,34.521],[-82.7387,34.5182]]]}},{"type":"Feature","properties":{"id":"p4524865","name":"Fairview Crossroads"},"geometry":{"type":"Polygon","coordinates":[[[-81.3835,33.7505],[-81.3807,33.7431],[-81.3743,33.7391],[-81.3665,33.7376],[-81.3572,33.7308],[-81.3486,33.7389],[-81.3411,33.7523],[-81.336,33.7519],[-81.336,33.759],[-81.3472,33.7642],[-81.3499,33.771],[-81.3576,33.7718],[-81.3604,33.7798],[-81.3601,33.7887],[-81.3705,33.7903],[-81.3709,33.7736],[-81.3821,33.7656],[-81.3797,33.7578],[-81.3835,33.7505]]]}},{"type":"Feature","properties":{"id":"p4562980","name":"Salem"},"geometry":{"type":"Polygon","coordinates":[[[-82.9857,34.8879],[-82.9787,34.879],[-82.9677,34.8816],[-82.9686,34.8935],[-82.9767,34.8966],[-82.9857,34.8879]]]}},{"type":"Feature","properties":{"id":"p4504528","name":"Baxter Village"},"geometry":{"type":"Polygon","coordinates":[[[-80.9925,35.034],[-80.9924,35.0339],[-80.9909,35.0231],[-80.9882,35.0194],[-80.9712,35.016],[-80.9693,35.0189],[-80.967,35.0299],[-80.9817,35.0404],[-80.9877,35.0366],[-80.9925,35.034]]]}},{"type":"Feature","properties":{"id":"p4505545","name":"Ben Avon"},"geometry":{"type":"Polygon","coordinates":[[[-81.8761,34.9438],[-81.8819,34.9383],[-81.89,34.9358],[-81.8907,34.9287],[-81.8785,34.9228],[-81.8642,34.9239],[-81.8613,34.9377],[-81.8724,34.937],[-81.8761,34.9438]]]}},{"type":"Feature","properties":{"id":"p4530850","name":"Greenville"},"geometry":{"type":"MultiPolygon","coordinates":[[[[-82.4212,34.869],[-82.4242,34.8657],[-82.4193,34.8676],[-82.4212,34.869]]],[[[-82.4198,34.8569],[-82.4298,34.8485],[-82.4242,34.8426],[-82.4193,34.8334],[-82.4129,34.8338],[-82.408,34.8294],[-82.4178,34.8144],[-82.4182,34.8137],[-82.4185,34.8132],[-82.4122,34.8105],[-82.4097,34.815],[-82.4024,34.8141],[-82.3956,34.809],[-82.3964,34.8055],[-82.3918,34.7996],[-82.3842,34.8039],[-82.3753,34.8039],[-82.3678,34.8082],[-82.3647,34.801],[-82.3599,34.7976],[-82.3607,34.7862],[-82.3592,34.7784],[-82.3609,34.7725],[-82.3603,34.7718],[-82.3602,34.7717],[-82.3552,34.7736],[-82.3464,34.7701],[-82.344,34.7804],[-82.3363,34.7812],[-82.3368,34.7868],[-82.3415,34.7895],[-82.3432,34.7971],[-82.332,34.8006],[-82.3199,34.8012],[-82.3132,34.8083],[-82.3166,34.816],[-82.3139,34.8178],[-82.3085,34.8175],[-82.2997,34.8212],[-82.2956,34.825],[-82.2943,34.8248],[-82.2962,34.8376],[-82.3057,34.8383],[-82.306,34.842],[-82.3204,34.8551],[-82.3333,34.8586],[-82.3373,34.8642],[-82.3442,34.8649],[-82.3497,34.8696],[-82.3581,34.8688],[-82.3587,34.8833],[-82.3623,34.887],[-82.3696,34.8859],[-82.3751,34.89],[-82.3884,34.8875],[-82.3897,34.8797],[-82.4006,34.873],[-82.4043,34.8677],[-82.4132,34.8631],[-82.4277,34.8583],[-82.4278,34.8581],[-82.4198,34.8569]]]]}},{"type":"Feature","properties":{"id":"p4576435","name":"West Union"},"geometry":{"type":"Polygon","coordinates":[[[-83.0475,34.7662],[-83.054,34.7611],[-83.0477,34.7534],[-83.0419,34.7518],[-83.0331,34.7579],[-83.0362,34.7644],[-83.0475,34.7662]]]}},{"type":"Feature","properties":{"id":"p4554340","name":"Pamplico"},"geometry":{"type":"Polygon","coordinates":[[[-79.5909,34],[-79.5844,33.9952],[-79.5798,33.9966],[-79.5735,33.9858],[-79.5682,33.9811],[-79.5651,33.9891],[-79.5571,33.9926],[-79.5638,34.0037],[-79.5645,34.0101],[-79.5734,34.0021],[-79.5812,33.9991],[-79.5834,34.0029],[-79.5909,34]]]}},{"type":"Feature","properties":{"id":"p4571980","name":"Timmonsville"},"geometry":{"type":"Polygon","coordinates":[[[-79.9606,34.1452],[-79.9555,34.1437],[-79.955,34.1308],[-79.945,34.1169],[-79.9398,34.1153],[-79.9303,34.1218],[-79.9328,34.1261],[-79.9237,34.1312],[-79.9292,34.1375],[-79.9218,34.1418],[-79.9301,34.1447],[-79.9342,34.1422],[-79.9386,34.1484],[-79.9446,34.1461],[-79.9606,34.1452]]]}},{"type":"Feature","properties":{"id":"p4516990","name":"Cottageville"},"geometry":{"type":"Polygon","coordinates":[[[-80.4977,32.9389],[-80.4957,32.9287],[-80.4857,32.9225],[-80.4748,32.9218],[-80.4691,32.9243],[-80.4638,32.9308],[-80.4632,32.9382],[-80.4664,32.9462],[-80.4835,32.9541],[-80.4927,32.9474],[-80.4977,32.9389]]]}},{"type":"Feature","properties":{"id":"p4523020","name":"Edisto Beach"},"geometry":{"type":"Polygon","coordinates":[[[-80.3469,32.4946],[-80.3384,32.4787],[-80.3324,32.4781],[-80.2961,32.5033],[-80.301,32.5065],[-80.3167,32.5027],[-80.3267,32.4931],[-80.3469,32.4946]]]}},{"type":"Feature","properties":{"id":"p4574275","name":"Walterboro"},"geometry":{"type":"Polygon","coordinates":[[[-80.6565,32.9195],[-80.6686,32.9241],[-80.6836,32.9256],[-80.6835,32.918],[-80.6794,32.9139],[-80.6828,32.9097],[-80.6901,32.9099],[-80.687,32.9026],[-80.7027,32.9066],[-80.7049,32.9031],[-80.6973,32.8978],[-80.6943,32.887],[-80.7069,32.8811],[-80.7116,32.8827],[-80.7216,32.8794],[-80.7183,32.8752],[-80.7031,32.8783],[-80.7022,32.8815],[-80.6915,32.881],[-80.6912,32.8709],[-80.6799,32.8726],[-80.683,32.8829],[-80.6727,32.8831],[-80.669,32.8912],[-80.6693,32.897],[-80.6601,32.8936],[-80.6479,32.895],[-80.6426,32.9107],[-80.6565,32.9195]]]}},{"type":"Feature","properties":{"id":"p4525540","name":"Five Forks"},"geometry":{"type":"Polygon","coordinates":[[[-82.2588,34.7881],[-82.2562,34.7874],[-82.2345,34.7949],[-82.2238,34.7942],[-82.2192,34.7883],[-82.2076,34.7935],[-82.2016,34.7894],[-82.194,34.7927],[-82.1853,34.8014],[-82.205,34.8178],[-82.2405,34.8255],[-82.248,34.8296],[-82.2548,34.8297],[-82.2563,34.8247],[-82.2569,34.8093],[-82.2552,34.7967],[-82.2588,34.7881]]]}},{"type":"Feature","properties":{"id":"p4563700","name":"Sans Souci"},"geometry":{"type":"Polygon","coordinates":[[[-82.4292,34.9129],[-82.432,34.8981],[-82.4432,34.8997],[-82.4398,34.8873],[-82.4368,34.8842],[-82.4217,34.8718],[-82.4212,34.869],[-82.4193,34.8676],[-82.4174,34.8664],[-82.4124,34.8753],[-82.4128,34.8823],[-82.4083,34.8867],[-82.4072,34.8922],[-82.4288,34.9139],[-82.4292,34.9129]]]}},{"type":"Feature","properties":{"id":"p4505680","name":"Bennettsville"},"geometry":{"type":"Polygon","coordinates":[[[-79.6711,34.6343],[-79.666,34.6476],[-79.6682,34.6587],[-79.6745,34.6553],[-79.6859,34.6554],[-79.6824,34.6481],[-79.6841,34.6443],[-79.6956,34.6486],[-79.7023,34.6477],[-79.7042,34.643],[-79.7168,34.6599],[-79.7289,34.6588],[-79.7282,34.6495],[-79.7117,34.6525],[-79.7013,34.6381],[-79.6942,34.6374],[-79.6937,34.632],[-79.7001,34.6258],[-79.6919,34.6173],[-79.7071,34.6172],[-79.7154,34.6138],[-79.7126,34.6075],[-79.7059,34.6049],[-79.6951,34.6096],[-79.6899,34.604],[-79.6837,34.6065],[-79.676,34.6085],[-79.6739,34.6138],[-79.6656,34.6165],[-79.659,34.6217],[-79.6671,34.6241],[-79.6635,34.6325],[-79.6711,34.6343]]]}},{"type":"Feature","properties":{"id":"p4504300","name":"Batesburg-Leesville"},"geometry":{"type":"MultiPolygon","coordinates":[[[[-81.4966,33.9236],[-81.4832,33.922],[-81.4782,33.9234],[-81.4825,33.9319],[-81.4966,33.9236]]],[[[-81.4966,33.9236],[-81.5003,33.9288],[-81.5121,33.9327],[-81.5305,33.9278],[-81.5354,33.9325],[-81.5455,33.9334],[-81.5501,33.9316],[-81.5468,33.9252],[-81.5381,33.9281],[-81.5359,33.9214],[-81.5662,33.9197],[-81.5657,33.8917],[-81.5311,33.8911],[-81.5274,33.8956],[-81.5209,33.896],[-81.5243,33.9077],[-81.5112,33.9037],[-81.5004,33.9077],[-81.495,33.9169],[-81.4966,33.9236]]]]}},{"type":"Feature","properties":{"id":"p4506310","name":"Bishopville"},"geometry":{"type":"Polygon","coordinates":[[[-80.2638,34.2302],[-80.2583,34.2261],[-80.2637,34.2217],[-80.2568,34.2046],[-80.251,34.209],[-80.2384,34.2098],[-80.2352,34.2131],[-80.2308,34.2239],[-80.2425,34.23],[-80.2544,34.2291],[-80.2578,34.2369],[-80.2638,34.2302]]]}},{"type":"Feature","properties":{"id":"p4567255","name":"Snelling"},"geometry":{"type":"Polygon","coordinates":[[[-81.5002,33.2485],[-81.4998,33.239],[-81.4888,33.2417],[-81.4727,33.2415],[-81.4698,33.2313],[-81.461,33.226],[-81.4472,33.227],[-81.4403,33.2328],[-81.4381,33.2413],[-81.4436,33.2501],[-81.454,33.2542],[-81.4616,33.2533],[-81.4695,33.2483],[-81.4696,33.2568],[-81.4635,33.2603],[-81.4673,33.2672],[-81.4717,33.2606],[-81.4709,33.2462],[-81.4862,33.2485],[-81.5002,33.2485]]]}},{"type":"Feature","properties":{"id":"p4544575","name":"Marion"},"geometry":{"type":"Polygon","coordinates":[[[-79.4172,34.1684],[-79.4201,34.1619],[-79.4122,34.16],[-79.396,34.1615],[-79.3891,34.1597],[-79.3838,34.1723],[-79.3834,34.1835],[-79.3727,34.1853],[-79.3685,34.1794],[-79.359,34.1871],[-79.3639,34.1852],[-79.3653,34.1863],[-79.3706,34.1858],[-79.3832,34.1837],[-79.3831,34.1922],[-79.396,34.1979],[-79.4079,34.198],[-79.4101,34.1943],[-79.4101,34.1821],[-79.4171,34.172],[-79.4172,34.1684]]]}},{"type":"Feature","properties":{"id":"p4532335","name":"Harleyville"},"geometry":{"type":"Polygon","coordinates":[[[-80.4631,33.2137],[-80.4563,33.2127],[-80.4547,33.2084],[-80.4436,33.2082],[-80.4402,33.2113],[-80.4401,33.2175],[-80.4507,33.2214],[-80.4565,33.2156],[-80.4631,33.2137]]]}},{"type":"Feature","properties":{"id":"p4541335","name":"Lexington"},"geometry":{"type":"Polygon","coordinates":[[[-81.1832,34.0122],[-81.2023,34.0066],[-81.2041,34.0102],[-81.2206,34.007],[-81.2249,34.0085],[-81.2313,34.0056],[-81.2322,34.0139],[-81.2389,34.0117],[-81.2335,34.0062],[-81.2297,33.9966],[-81.2455,33.9912],[-81.2494,33.9955],[-81.2567,33.9902],[-81.2636,33.9936],[-81.2685,34.0056],[-81.2629,34.0096],[-81.2708,34.0189],[-81.2737,34.013],[-81.2715,34.0065],[-81.2747,33.9977],[-81.2716,33.9861],[-81.2656,33.9884],[-81.2602,33.9737],[-81.2539,33.9757],[-81.2488,33.9716],[-81.2543,33.9629],[-81.2691,33.9622],[-81.2714,33.953],[-81.2802,33.953],[-81.2817,33.9493],[-81.275,33.9459],[-81.2699,33.9512],[-81.2604,33.9554],[-81.2569,33.9602],[-81.2466,33.9669],[-81.243,33.9579],[-81.2472,33.9503],[-81.243,33.9526],[-81.2396,33.9544],[-81.2348,33.9584],[-81.2339,33.9597],[-81.2328,33.9601],[-81.2262,33.9604],[-81.2187,33.9624],[-81.2165,33.9632],[-81.2088,33.9693],[-81.1993,33.9698],[-81.1921,33.9779],[-81.2027,33.9789],[-81.2022,33.9854],[-81.2076,33.9883],[-81.2019,33.9945],[-81.1919,34.0003],[-81.1869,34.0062],[-81.1767,33.9999],[-81.1505,34.0105],[-81.1472,34.0093],[-81.146,34.0131],[-81.1481,34.0197],[-81.1603,34.0134],[-81.1704,34.02],[-81.1672,34.0249],[-81.1541,34.0202],[-81.1537,34.0235],[-81.1463,34.0271],[-81.1534,34.0329],[-81.1652,34.0315],[-81.1708,34.029],[-81.1708,34.0141],[-81.1802,34.0137],[-81.1832,34.0122]],[[-81.1832,34.0122],[-81.1743,34.0138],[-81.1774,34.0065],[-81.1832,34.0122]]]}},{"type":"Feature","properties":{"id":"p4516405","name":"Conway"},"geometry":{"type":"Polygon","coordinates":[[[-79.1134,33.8577],[-79.1187,33.8551],[-79.1158,33.8484],[-79.1169,33.8411],[-79.1062,33.8399],[-79.1042,33.8308],[-79.0971,33.8389],[-79.0873,33.839],[-79.086,33.8306],[-79.092,33.8249],[-79.0988,33.8266],[-79.1016,33.8197],[-79.0963,33.8227],[-79.0803,33.8209],[-79.0847,33.8116],[-79.0782,33.8121],[-79.0797,33.7997],[-79.0879,33.7899],[-79.102,33.7917],[-79.1059,33.7825],[-79.1125,33.7843],[-79.1162,33.7756],[-79.0993,33.7655],[-79.0896,33.7688],[-79.0826,33.7778],[-79.0768,33.7776],[-79.0746,33.7827],[-79.0774,33.8035],[-79.0611,33.8094],[-79.0537,33.808],[-79.056,33.8033],[-79.0515,33.7945],[-79.0439,33.7989],[-79.0409,33.7916],[-79.0494,33.7932],[-79.0526,33.7888],[-79.0402,33.7793],[-79.0295,33.7885],[-79.0264,33.7819],[-79.0211,33.7826],[-79.0196,33.7887],[-79.0053,33.7934],[-78.9967,33.7906],[-78.9958,33.7897],[-78.9927,33.7862],[-78.9921,33.7856],[-78.9896,33.7823],[-78.9853,33.778],[-78.978,33.7784],[-78.9778,33.7785],[-78.9735,33.782],[-78.9719,33.8045],[-78.9775,33.8123],[-78.9891,33.8118],[-78.994,33.8051],[-78.9862,33.7987],[-78.9942,33.7926],[-79.0009,33.7958],[-79.0021,33.8063],[-79.0123,33.8079],[-79.0135,33.8018],[-79.0232,33.8011],[-79.0195,33.7932],[-79.0334,33.7975],[-79.0355,33.8021],[-79.0357,33.8026],[-79.0382,33.8086],[-79.0438,33.8109],[-79.0437,33.8184],[-79.033,33.8176],[-79.0278,33.8132],[-79.016,33.8214],[-79.0195,33.8322],[-79.0367,33.8376],[-79.0204,33.8476],[-79.0246,33.8659],[-79.0088,33.8869],[-78.9965,33.8874],[-78.9872,33.8926],[-78.9891,33.8953],[-78.9825,33.9024],[-78.9867,33.909],[-78.9956,33.9096],[-78.998,33.9038],[-79.0124,33.9058],[-79.009,33.8999],[-79.0187,33.8971],[-79.0214,33.9013],[-79.031,33.8937],[-79.0277,33.8861],[-79.0363,33.8826],[-79.0407,33.8836],[-79.0386,33.8779],[-79.0425,33.8756],[-79.0435,33.8724],[-79.0547,33.8748],[-79.0583,33.868],[-79.0678,33.8702],[-79.0766,33.865],[-79.087,33.8688],[-79.0906,33.8635],[-79.0985,33.8674],[-79.0905,33.8735],[-79.0917,33.8789],[-79.0984,33.8845],[-79.1039,33.8792],[-79.1156,33.8718],[-79.1072,33.8687],[-79.1034,33.8717],[-79.0945,33.8627],[-79.1134,33.8577]],[[-79.0918,33.8478],[-79.0826,33.8504],[-79.0709,33.8442],[-79.0747,33.8391],[-79.0865,33.8432],[-79.0918,33.8478]],[[-79.041,33.8608],[-79.0407,33.8696],[-79.0335,33.8694],[-79.032,33.8609],[-79.041,33.8608]]]}},{"type":"Feature","properties":{"id":"p4539310","name":"Lake City"},"geometry":{"type":"Polygon","coordinates":[[[-79.7889,33.8683],[-79.7747,33.87],[-79.777,33.86],[-79.7671,33.8556],[-79.7532,33.8566],[-79.7418,33.8494],[-79.737,33.861],[-79.7226,33.8481],[-79.714,33.8633],[-79.7221,33.863],[-79.7476,33.8794],[-79.7527,33.8791],[-79.7577,33.8839],[-79.7651,33.8848],[-79.7661,33.893],[-79.7726,33.892],[-79.7695,33.8863],[-79.7711,33.8771],[-79.7792,33.8703],[-79.7889,33.8683]]]}},{"type":"Feature","properties":{"id":"p4500955","name":"Allendale"},"geometry":{"type":"Polygon","coordinates":[[[-81.3334,33.0045],[-81.3299,33.0006],[-81.3145,32.9951],[-81.3055,32.994],[-81.2984,32.9961],[-81.2916,33.0041],[-81.2921,33.0138],[-81.2978,33.0201],[-81.3095,33.023],[-81.3166,33.0213],[-81.325,33.0113],[-81.325,33.0052],[-81.3334,33.0045]]]}},{"type":"Feature","properties":{"id":"p4529005","name":"Gifford"},"geometry":{"type":"Polygon","coordinates":[[[-81.2485,32.8675],[-81.2459,32.855],[-81.2365,32.8519],[-81.2307,32.8551],[-81.229,32.8611],[-81.2321,32.866],[-81.2485,32.8675]]]}},{"type":"Feature","properties":{"id":"p4540480","name":"Latta"},"geometry":{"type":"Polygon","coordinates":[[[-79.447,34.3395],[-79.4436,34.3388],[-79.4358,34.33],[-79.4257,34.3328],[-79.4216,34.3376],[-79.4316,34.3489],[-79.438,34.3429],[-79.4445,34.3463],[-79.447,34.3395]]]}},{"type":"Feature","properties":{"id":"p4548805","name":"Mullins"},"geometry":{"type":"Polygon","coordinates":[[[-79.2688,34.2059],[-79.2657,34.2036],[-79.2635,34.194],[-79.2535,34.1895],[-79.2492,34.185],[-79.2346,34.1911],[-79.2413,34.1969],[-79.2454,34.2178],[-79.2513,34.217],[-79.2536,34.2235],[-79.2678,34.2216],[-79.2688,34.2059]]]}},{"type":"Feature","properties":{"id":"p4527835","name":"Furman"},"geometry":{"type":"Polygon","coordinates":[[[-81.2049,32.6832],[-81.2037,32.6757],[-81.1959,32.6687],[-81.1826,32.6672],[-81.1774,32.6694],[-81.1708,32.6786],[-81.1728,32.6885],[-81.1808,32.6947],[-81.19,32.6955],[-81.2012,32.6905],[-81.2049,32.6832]]]}},{"type":"Feature","properties":{"id":"p4542190","name":"Lockhart"},"geometry":{"type":"Polygon","coordinates":[[[-81.4689,34.7965],[-81.4644,34.7874],[-81.4569,34.7838],[-81.4564,34.7925],[-81.465,34.8005],[-81.4689,34.7965]]]}},{"type":"Feature","properties":{"id":"p4534045","name":"Hilton Head Island"},"geometry":{"type":"Polygon","coordinates":[[[-80.8296,32.1476],[-80.8315,32.1143],[-80.8215,32.1086],[-80.8125,32.1097],[-80.79,32.1225],[-80.7399,32.1461],[-80.7299,32.1528],[-80.7143,32.1686],[-80.7002,32.1883],[-80.6863,32.2032],[-80.6717,32.2134],[-80.6679,32.2207],[-80.6722,32.2295],[-80.6865,32.2442],[-80.6933,32.247],[-80.7059,32.2562],[-80.7178,32.267],[-80.7271,32.2706],[-80.736,32.2669],[-80.7504,32.2574],[-80.7537,32.2514],[-80.7503,32.2424],[-80.759,32.2353],[-80.7684,32.2247],[-80.7782,32.2199],[-80.7824,32.2028],[-80.7919,32.1827],[-80.8014,32.1719],[-80.8294,32.1502],[-80.8296,32.1476]]]}},{"type":"Feature","properties":{"id":"p4549885","name":"Newport"},"geometry":{"type":"Polygon","coordinates":[[[-81.0683,34.9923],[-81.0731,34.9954],[-81.0783,35.0087],[-81.1019,35.0086],[-81.1126,35.0015],[-81.1322,34.9761],[-81.1258,34.9648],[-81.106,34.9566],[-81.0842,34.9552],[-81.0855,34.9627],[-81.0895,34.965],[-81.0924,34.9717],[-81.0845,34.9707],[-81.082,34.9749],[-81.0974,34.9783],[-81.1051,34.9734],[-81.1071,34.9807],[-81.0994,34.9814],[-81.0994,34.9896],[-81.084,34.9805],[-81.0764,34.9782],[-81.0735,34.9779],[-81.0713,34.9779],[-81.0675,34.9779],[-81.063,34.9819],[-81.0637,34.9845],[-81.0683,34.9923]]]}},{"type":"Feature","properties":{"id":"p4527070","name":"Fountain Inn"},"geometry":{"type":"Polygon","coordinates":[[[-82.2434,34.7067],[-82.2386,34.7038],[-82.2324,34.7086],[-82.223,34.7023],[-82.2272,34.6937],[-82.2189,34.6871],[-82.2138,34.6763],[-82.2219,34.675],[-82.2192,34.6674],[-82.214,34.6671],[-82.2076,34.6723],[-82.2066,34.6783],[-82.1976,34.6765],[-82.1845,34.6692],[-82.1805,34.674],[-82.1827,34.6875],[-82.1727,34.6881],[-82.1778,34.6946],[-82.1781,34.7077],[-82.1815,34.7138],[-82.1778,34.7188],[-82.1832,34.7227],[-82.1886,34.7128],[-82.1983,34.7098],[-82.1984,34.7182],[-82.1989,34.7207],[-82.1961,34.7209],[-82.1937,34.7221],[-82.196,34.7235],[-82.1956,34.7248],[-82.1958,34.7254],[-82.1847,34.7325],[-82.1815,34.7377],[-82.1851,34.7425],[-82.1914,34.7416],[-82.1918,34.7313],[-82.2013,34.7331],[-82.1982,34.7318],[-82.1985,34.7296],[-82.1968,34.7284],[-82.1956,34.7249],[-82.196,34.7235],[-82.1937,34.7221],[-82.1961,34.7209],[-82.1989,34.7207],[-82.1985,34.7183],[-82.1985,34.7079],[-82.2042,34.7141],[-82.2075,34.7205],[-82.2182,34.7101],[-82.2236,34.7127],[-82.2329,34.7098],[-82.2432,34.7072],[-82.2434,34.7067]]]}},{"type":"Feature","properties":{"id":"p4502125","name":"Arcadia Lakes"},"geometry":{"type":"Polygon","coordinates":[[[-80.9653,34.056],[-80.9708,34.0522],[-80.9673,34.0488],[-80.9678,34.047],[-80.9655,34.0499],[-80.9574,34.0481],[-80.9516,34.0555],[-80.957,34.0603],[-80.9604,34.0596],[-80.9653,34.056]]]}},{"type":"Feature","properties":{"id":"p4571305","name":"Tatum"},"geometry":{"type":"Polygon","coordinates":[[[-79.5949,34.6411],[-79.5868,34.6359],[-79.5805,34.6382],[-79.5775,34.643],[-79.5788,34.6484],[-79.5898,34.6514],[-79.5941,34.6485],[-79.5949,34.6411]]]}},{"type":"Feature","properties":{"id":"p4540390","name":"Langley"},"geometry":{"type":"Polygon","coordinates":[[[-81.8357,33.5245],[-81.8441,33.5193],[-81.8474,33.5138],[-81.842,33.5125],[-81.835,33.5064],[-81.822,33.5015],[-81.8177,33.5043],[-81.8219,33.5113],[-81.8253,33.5107],[-81.8388,33.5203],[-81.8357,33.5245]]]}},{"type":"Feature","properties":{"id":"p4536250","name":"Jacksonboro"},"geometry":{"type":"Polygon","coordinates":[[[-80.5268,32.7616],[-80.4994,32.7664],[-80.4956,32.7545],[-80.495,32.7434],[-80.5009,32.7384],[-80.4742,32.7397],[-80.4588,32.7439],[-80.4538,32.7422],[-80.4494,32.7467],[-80.4502,32.7565],[-80.4466,32.7651],[-80.4413,32.7654],[-80.4368,32.7698],[-80.4436,32.7796],[-80.4397,32.7847],[-80.4476,32.7959],[-80.4548,32.799],[-80.4625,32.7969],[-80.4626,32.8109],[-80.4664,32.8109],[-80.4707,32.7975],[-80.49,32.7969],[-80.5033,32.8013],[-80.5041,32.795],[-80.5268,32.7616]]]}},{"type":"Feature","properties":{"id":"p4574140","name":"Wallace"},"geometry":{"type":"Polygon","coordinates":[[[-79.8804,34.7196],[-79.8743,34.705],[-79.8738,34.6994],[-79.8691,34.6978],[-79.856,34.7032],[-79.8468,34.7054],[-79.8304,34.7139],[-79.8085,34.7052],[-79.8128,34.7142],[-79.8084,34.7188],[-79.8198,34.7258],[-79.8288,34.7227],[-79.8386,34.7421],[-79.8407,34.7494],[-79.855,34.7389],[-79.8609,34.7288],[-79.8722,34.7255],[-79.8804,34.7196]]]}},{"type":"Feature","properties":{"id":"p4516360","name":"Converse"},"geometry":{"type":"Polygon","coordinates":[[[-81.8323,34.9922],[-81.8387,35.0005],[-81.8454,35.0005],[-81.8538,34.9958],[-81.8505,34.9899],[-81.8347,34.9914],[-81.8317,34.9852],[-81.8323,34.9922]]]}},{"type":"Feature","properties":{"id":"p4523605","name":"Enoree"},"geometry":{"type":"Polygon","coordinates":[[[-81.9736,34.6678],[-81.9699,34.6566],[-81.9707,34.6504],[-81.9516,34.6507],[-81.946,34.6574],[-81.9505,34.6651],[-81.9656,34.6687],[-81.9736,34.6678]]]}},{"type":"Feature","properties":{"id":"p4527970","name":"Gadsden"},"geometry":{"type":"Polygon","coordinates":[[[-80.8045,33.853],[-80.7996,33.8442],[-80.8024,33.839],[-80.7925,33.8292],[-80.7868,33.8258],[-80.7862,33.8189],[-80.7752,33.8169],[-80.771,33.8301],[-80.7447,33.8257],[-80.7394,33.8299],[-80.7264,33.8228],[-80.7288,33.8306],[-80.7357,33.8318],[-80.7301,33.847],[-80.7337,33.8482],[-80.7357,33.8623],[-80.7429,33.8685],[-80.7595,33.8688],[-80.7654,33.8719],[-80.7704,33.883],[-80.7836,33.8776],[-80.7875,33.8726],[-80.7831,33.869],[-80.7833,33.8603],[-80.7884,33.8611],[-80.8045,33.853]]]}},{"type":"Feature","properties":{"id":"p4534990","name":"Hopkins"},"geometry":{"type":"Polygon","coordinates":[[[-80.9015,33.9251],[-80.8959,33.9125],[-80.8982,33.9072],[-80.8927,33.9018],[-80.8946,33.8922],[-80.8931,33.8832],[-80.886,33.8705],[-80.8797,33.865],[-80.8674,33.8629],[-80.865,33.8692],[-80.8521,33.8663],[-80.8403,33.8772],[-80.8276,33.8656],[-80.8261,33.8733],[-80.8184,33.8845],[-80.8217,33.8923],[-80.8171,33.9015],[-80.8179,33.9137],[-80.8884,33.9345],[-80.8962,33.9256],[-80.9015,33.9251]]]}},{"type":"Feature","properties":{"id":"p4512430","name":"Catawba"},"geometry":{"type":"Polygon","coordinates":[[[-80.9399,34.8602],[-80.9326,34.8459],[-80.9324,34.8423],[-80.9369,34.8209],[-80.8982,34.8208],[-80.8986,34.8261],[-80.8939,34.8301],[-80.8828,34.8334],[-80.8739,34.8385],[-80.8669,34.8477],[-80.87,34.8564],[-80.8821,34.8626],[-80.8974,34.875],[-80.9087,34.8641],[-80.9231,34.8667],[-80.9319,34.8722],[-80.9347,34.8624],[-80.9399,34.8602]]]}},{"type":"Feature","properties":{"id":"p4539512","name":"Lake Secession"},"geometry":{"type":"Polygon","coordinates":[[[-82.5692,34.3088],[-82.5637,34.3148],[-82.5687,34.3195],[-82.6034,34.2974],[-82.6047,34.2913],[-82.6152,34.2716],[-82.6176,34.257],[-82.6091,34.2543],[-82.6003,34.2577],[-82.5827,34.2618],[-82.5746,34.2593],[-82.5691,34.2637],[-82.5764,34.2747],[-82.565,34.2824],[-82.5743,34.2857],[-82.5774,34.2978],[-82.5668,34.3016],[-82.5692,34.3088]]]}},{"type":"Feature","properties":{"id":"p4557175","name":"Pinopolis"},"geometry":{"type":"Polygon","coordinates":[[[-80.0519,33.2151],[-80.0502,33.2108],[-80.04,33.2135],[-80.0292,33.2395],[-80.0269,33.2422],[-80.0338,33.2473],[-80.0415,33.235],[-80.0424,33.2292],[-80.0519,33.2151]]]}},{"type":"Feature","properties":{"id":"p4502530","name":"Arkwright"},"geometry":{"type":"Polygon","coordinates":[[[-81.9633,34.9064],[-81.9559,34.9004],[-81.9514,34.9013],[-81.9384,34.9057],[-81.9307,34.9078],[-81.921,34.9067],[-81.9183,34.9112],[-81.919,34.918],[-81.9226,34.9224],[-81.9298,34.918],[-81.9359,34.9269],[-81.9453,34.9251],[-81.9564,34.9127],[-81.9552,34.9085],[-81.9633,34.9064]]]}},{"type":"Feature","properties":{"id":"p4568210","name":"South Union"},"geometry":{"type":"Polygon","coordinates":[[[-83.0771,34.5561],[-83.0751,34.5496],[-83.0655,34.5493],[-83.0567,34.5469],[-83.0558,34.5435],[-83.0526,34.5376],[-83.0376,34.544],[-83.0348,34.5489],[-83.0444,34.5576],[-83.0368,34.5606],[-83.0329,34.5668],[-83.0504,34.5669],[-83.0622,34.5613],[-83.0661,34.5558],[-83.0745,34.5522],[-83.0771,34.5561]]]}},{"type":"Feature","properties":{"id":"p4537465","name":"Judson"},"geometry":{"type":"Polygon","coordinates":[[[-82.4361,34.8197],[-82.4193,34.8334],[-82.4242,34.8426],[-82.4357,34.8364],[-82.4338,34.8273],[-82.4361,34.8197]]]}},{"type":"Feature","properties":{"id":"p4575535","name":"Welcome"},"geometry":{"type":"Polygon","coordinates":[[[-82.4872,34.832],[-82.4764,34.8279],[-82.487,34.819],[-82.4751,34.8104],[-82.4693,34.7981],[-82.4437,34.8134],[-82.4361,34.8197],[-82.4338,34.8273],[-82.4357,34.8364],[-82.4459,34.8334],[-82.4621,34.8336],[-82.4872,34.832]]]}},{"type":"Feature","properties":{"id":"p4539785","name":"Lake Wylie"},"geometry":{"type":"Polygon","coordinates":[[[-81.098,35.0918],[-81.0975,35.0867],[-81.0914,35.0699],[-81.069,35.0666],[-81.0578,35.0671],[-81.0572,35.0861],[-81.0521,35.0963],[-81.0465,35.1006],[-81.0374,35.1025],[-81.0328,35.108],[-81.033,35.1137],[-81.039,35.1263],[-81.0529,35.1334],[-81.0617,35.1263],[-81.068,35.1244],[-81.0746,35.1269],[-81.0815,35.1252],[-81.098,35.0918]]]}},{"type":"Feature","properties":{"id":"p4529635","name":"Golden Grove"},"geometry":{"type":"Polygon","coordinates":[[[-82.4586,34.748],[-82.4634,34.7449],[-82.4597,34.7389],[-82.4635,34.7368],[-82.4655,34.7212],[-82.4446,34.7181],[-82.4385,34.7087],[-82.4321,34.7136],[-82.4238,34.7111],[-82.4202,34.718],[-82.4193,34.7308],[-82.4218,34.7384],[-82.4198,34.746],[-82.4389,34.753],[-82.4539,34.7511],[-82.4586,34.748]]]}},{"type":"Feature","properties":{"id":"p4514455","name":"City View"},"geometry":{"type":"Polygon","coordinates":[[[-82.4242,34.8657],[-82.4335,34.8652],[-82.4358,34.8596],[-82.4277,34.8583],[-82.4132,34.8631],[-82.4174,34.8664],[-82.4193,34.8676],[-82.4242,34.8657]]]}},{"type":"Feature","properties":{"id":"p4507535","name":"Bonneau Beach"},"geometry":{"type":"Polygon","coordinates":[[[-80.0031,33.3241],[-80.0007,33.3129],[-79.9902,33.305],[-79.9905,33.3123],[-79.9817,33.3119],[-79.9747,33.309],[-79.983,33.3308],[-79.9799,33.3334],[-79.9867,33.3416],[-79.9926,33.3399],[-80.0031,33.3241]]]}},{"type":"Feature","properties":{"id":"p4500370","name":"Adams Run"},"geometry":{"type":"Polygon","coordinates":[[[-80.3316,32.7178],[-80.3348,32.7249],[-80.3398,32.7231],[-80.3416,32.7318],[-80.352,32.7314],[-80.3592,32.7197],[-80.3545,32.7128],[-80.3422,32.7129],[-80.3379,32.7161],[-80.3378,32.7149],[-80.335,32.7154],[-80.3316,32.7178]]]}},{"type":"Feature","properties":{"id":"p4551145","name":"North Hartsville"},"geometry":{"type":"Polygon","coordinates":[[[-80.0748,34.3883],[-80.0655,34.3863],[-80.054,34.3901],[-80.0488,34.3947],[-80.0513,34.3992],[-80.0434,34.4016],[-80.0545,34.4209],[-80.073,34.4214],[-80.0712,34.4103],[-80.0801,34.4065],[-80.0887,34.4068],[-80.0951,34.4],[-80.0911,34.3965],[-80.1051,34.3925],[-80.0971,34.3827],[-80.083,34.3856],[-80.0828,34.3858],[-80.0797,34.3873],[-80.0748,34.3883]]]}},{"type":"Feature","properties":{"id":"p4529320","name":"Glenn Springs"},"geometry":{"type":"Polygon","coordinates":[[[-81.8602,34.8167],[-81.8512,34.8065],[-81.8456,34.7979],[-81.8333,34.8061],[-81.8152,34.8233],[-81.8211,34.8241],[-81.8243,34.8199],[-81.8432,34.8202],[-81.8505,34.8235],[-81.8602,34.8167]]]}},{"type":"Feature","properties":{"id":"p4535980","name":"Irwin"},"geometry":{"type":"Polygon","coordinates":[[[-80.8027,34.7064],[-80.8101,34.7115],[-80.8157,34.7051],[-80.8249,34.7025],[-80.8341,34.7046],[-80.8378,34.6996],[-80.837,34.6865],[-80.8089,34.68],[-80.8005,34.6895],[-80.8067,34.6985],[-80.8027,34.7064]]]}},{"type":"Feature","properties":{"id":"p4577425","name":"Whitney"},"geometry":{"type":"Polygon","coordinates":[[[-81.9464,34.9954],[-81.9462,34.9859],[-81.942,34.9751],[-81.9376,34.9717],[-81.9279,34.9715],[-81.9272,34.9705],[-81.92,34.9682],[-81.9007,34.9886],[-81.9078,34.9943],[-81.9138,34.9946],[-81.925,34.9853],[-81.9327,34.9898],[-81.9373,34.9981],[-81.9464,34.9954]]]}},{"type":"Feature","properties":{"id":"p4540525","name":"Laurel Bay"},"geometry":{"type":"Polygon","coordinates":[[[-80.8064,32.4714],[-80.8174,32.4726],[-80.8177,32.4657],[-80.8101,32.449],[-80.799,32.4483],[-80.7917,32.4521],[-80.7796,32.4491],[-80.7726,32.4497],[-80.7661,32.4445],[-80.7571,32.442],[-80.7575,32.4537],[-80.7527,32.4602],[-80.7521,32.4604],[-80.7581,32.4632],[-80.7669,32.4626],[-80.7712,32.4663],[-80.7685,32.468],[-80.7838,32.4763],[-80.7902,32.4709],[-80.8064,32.4714]]]}},{"type":"Feature","properties":{"id":"p4512925","name":"Centenary"},"geometry":{"type":"Polygon","coordinates":[[[-79.3624,34.0347],[-79.3572,34.026],[-79.3587,34.0162],[-79.3466,34.016],[-79.3475,34.0199],[-79.3417,34.0275],[-79.3526,34.0351],[-79.3624,34.0347]]]}},{"type":"Feature","properties":{"id":"p4515040","name":"Clemson University"},"geometry":{"type":"Polygon","coordinates":[[[-82.8486,34.6831],[-82.8536,34.6778],[-82.8512,34.6685],[-82.8363,34.6667],[-82.8216,34.6682],[-82.8138,34.6724],[-82.815,34.6796],[-82.8317,34.6827],[-82.8486,34.6831]]]}},{"type":"Feature","properties":{"id":"p4561112","name":"Riverview"},"geometry":{"type":"Polygon","coordinates":[[[-80.9914,35.0189],[-80.9963,35.0165],[-80.9964,35.0093],[-80.9864,35.0084],[-80.9861,35.0035],[-80.9809,35.0006],[-80.9741,35.002],[-80.981,35.0117],[-80.9711,35.0111],[-80.9712,35.016],[-80.9882,35.0194],[-80.9914,35.0189]]]}},{"type":"Feature","properties":{"id":"p4507345","name":"Boiling Springs"},"geometry":{"type":"Polygon","coordinates":[[[-81.9563,35.0193],[-81.9581,35.0249],[-81.9559,35.0312],[-81.9569,35.0468],[-81.9531,35.0581],[-81.9572,35.061],[-81.9744,35.066],[-81.9854,35.0664],[-81.9984,35.0622],[-82.0073,35.0515],[-82.0021,35.0454],[-81.993,35.0261],[-81.9858,35.0205],[-81.9797,35.0289],[-81.9724,35.0266],[-81.9662,35.0279],[-81.9609,35.0168],[-81.9563,35.0193]]]}},{"type":"Feature","properties":{"id":"p4518475","name":"Danwood"},"geometry":{"type":"Polygon","coordinates":[[[-79.7916,34.0945],[-79.7835,34.094],[-79.7794,34.0854],[-79.7723,34.0843],[-79.7637,34.0756],[-79.7552,34.0809],[-79.7563,34.096],[-79.7788,34.1006],[-79.781,34.1027],[-79.7916,34.0945]]]}},{"type":"Feature","properties":{"id":"p4577042","name":"White Knoll"},"geometry":{"type":"Polygon","coordinates":[[[-81.2536,33.8973],[-81.2809,33.8728],[-81.2722,33.8701],[-81.2588,33.871],[-81.2498,33.8764],[-81.2392,33.8789],[-81.227,33.8798],[-81.2182,33.8851],[-81.2085,33.8882],[-81.2045,33.893],[-81.2128,33.9016],[-81.2042,33.9092],[-81.2428,33.9063],[-81.2536,33.8973]]]}},{"type":"Feature","properties":{"id":"p4542145","name":"Lobeco"},"geometry":{"type":"Polygon","coordinates":[[[-80.7166,32.5618],[-80.7242,32.5592],[-80.756,32.5579],[-80.7567,32.5541],[-80.7505,32.5481],[-80.7491,32.5435],[-80.7363,32.5367],[-80.7266,32.5459],[-80.718,32.5474],[-80.7145,32.5502],[-80.7166,32.5618]]]}},{"type":"Feature","properties":{"id":"p4575445","name":"Wedgefield"},"geometry":{"type":"Polygon","coordinates":[[[-80.4669,33.8996],[-80.4957,33.8956],[-80.496,33.8971],[-80.5226,33.8992],[-80.5367,33.8971],[-80.546,33.8981],[-80.5479,33.8907],[-80.5542,33.8849],[-80.5485,33.8802],[-80.55,33.8702],[-80.5374,33.8623],[-80.5199,33.8654],[-80.5016,33.8626],[-80.503,33.8702],[-80.4959,33.8699],[-80.495,33.8755],[-80.4864,33.879],[-80.484,33.8883],[-80.4784,33.8929],[-80.4612,33.8854],[-80.4669,33.8996]]]}},{"type":"Feature","properties":{"id":"p4542010","name":"Little River"},"geometry":{"type":"Polygon","coordinates":[[[-78.6447,33.8572],[-78.6247,33.8619],[-78.609,33.8699],[-78.5842,33.874],[-78.5769,33.8772],[-78.591,33.8854],[-78.5936,33.8888],[-78.608,33.8903],[-78.6188,33.8981],[-78.6214,33.8906],[-78.6198,33.8837],[-78.6293,33.8839],[-78.633,33.8874],[-78.6451,33.893],[-78.6584,33.9063],[-78.6619,33.9049],[-78.6818,33.886],[-78.6875,33.8846],[-78.6822,33.8756],[-78.6733,33.8719],[-78.6562,33.8517],[-78.6462,33.8569],[-78.6447,33.8572]]]}},{"type":"Feature","properties":{"id":"p4510090","name":"Buffalo"},"geometry":{"type":"Polygon","coordinates":[[[-81.7133,34.7313],[-81.7108,34.7266],[-81.7003,34.7239],[-81.6885,34.7266],[-81.6905,34.7106],[-81.6869,34.7029],[-81.6889,34.6977],[-81.6845,34.6858],[-81.6798,34.701],[-81.6801,34.7062],[-81.6849,34.7115],[-81.6806,34.7173],[-81.6656,34.7161],[-81.6588,34.7243],[-81.6829,34.7471],[-81.6882,34.7374],[-81.6959,34.7354],[-81.7089,34.7365],[-81.7133,34.7313]]]}},{"type":"Feature","properties":{"id":"p4561720","name":"Roebuck"},"geometry":{"type":"Polygon","coordinates":[[[-81.9514,34.9013],[-81.9574,34.8925],[-81.9687,34.8917],[-81.979,34.8867],[-81.9853,34.8813],[-81.9863,34.8669],[-81.9805,34.859],[-81.9682,34.8628],[-81.9616,34.8627],[-81.9575,34.8681],[-81.9477,34.8609],[-81.9479,34.8701],[-81.9541,34.8764],[-81.9547,34.8815],[-81.9438,34.8924],[-81.9384,34.9057],[-81.9514,34.9013]]]}},{"type":"Feature","properties":{"id":"p4518430","name":"Dalzell"},"geometry":{"type":"Polygon","coordinates":[[[-80.463,34.0317],[-80.4684,34.0305],[-80.4605,34.0184],[-80.4515,34.0131],[-80.435,34.0107],[-80.4241,34.0043],[-80.4178,33.9959],[-80.4057,33.9958],[-80.4066,34.0098],[-80.3981,34.0098],[-80.402,34.0181],[-80.3991,34.0211],[-80.4086,34.0267],[-80.4185,34.035],[-80.4303,34.0307],[-80.4502,34.0318],[-80.4508,34.0369],[-80.463,34.0317]]]}},{"type":"Feature","properties":{"id":"p4559470","name":"Rembert"},"geometry":{"type":"Polygon","coordinates":[[[-80.5525,34.1015],[-80.5407,34.0933],[-80.5461,34.0872],[-80.5371,34.0862],[-80.534,34.0819],[-80.5282,34.0821],[-80.5272,34.0886],[-80.5136,34.0966],[-80.5223,34.1018],[-80.5151,34.1073],[-80.5098,34.1178],[-80.5139,34.1203],[-80.5269,34.1213],[-80.5312,34.1181],[-80.5474,34.1151],[-80.5435,34.1061],[-80.5525,34.1015]]]}},{"type":"Feature","properties":{"id":"p4559110","name":"Red Bank"},"geometry":{"type":"Polygon","coordinates":[[[-81.2472,33.9503],[-81.2625,33.942],[-81.2601,33.9349],[-81.2663,33.9277],[-81.2756,33.9216],[-81.2695,33.9187],[-81.2687,33.9092],[-81.2536,33.8973],[-81.2428,33.9063],[-81.2042,33.9092],[-81.2075,33.926],[-81.1973,33.9261],[-81.1955,33.9309],[-81.1984,33.9391],[-81.1981,33.9494],[-81.2089,33.9653],[-81.2165,33.9632],[-81.2187,33.9624],[-81.2262,33.9604],[-81.2328,33.9601],[-81.2339,33.9597],[-81.2348,33.9584],[-81.2396,33.9544],[-81.243,33.9526],[-81.2472,33.9503]]]}},{"type":"Feature","properties":{"id":"p4509527","name":"Brookdale"},"geometry":{"type":"Polygon","coordinates":[[[-80.8508,33.5086],[-80.8415,33.4988],[-80.8466,33.4959],[-80.8168,33.5066],[-80.8261,33.5124],[-80.817,33.5209],[-80.8252,33.5378],[-80.8316,33.5436],[-80.8379,33.5374],[-80.8508,33.5086]]]}},{"type":"Feature","properties":{"id":"p4547050","name":"Modoc"},"geometry":{"type":"Polygon","coordinates":[[[-82.2413,33.7357],[-82.2358,33.7144],[-82.2372,33.7079],[-82.2346,33.7002],[-82.2248,33.6911],[-82.1988,33.6982],[-82.2002,33.7068],[-82.2039,33.7165],[-82.1932,33.7238],[-82.2033,33.742],[-82.203,33.7542],[-82.2099,33.7495],[-82.2079,33.7467],[-82.2228,33.7396],[-82.2413,33.7357]]]}},{"type":"Feature","properties":{"id":"p4554970","name":"Pauline"},"geometry":{"type":"Polygon","coordinates":[[[-81.8823,34.8372],[-81.8785,34.8316],[-81.88,34.8219],[-81.8729,34.821],[-81.8659,34.8267],[-81.8558,34.8277],[-81.8592,34.8372],[-81.8639,34.8426],[-81.8706,34.8424],[-81.8823,34.8372]]]}},{"type":"Feature","properties":{"id":"p4564690","name":"Seabrook"},"geometry":{"type":"Polygon","coordinates":[[[-80.7811,32.5162],[-80.7713,32.5079],[-80.7616,32.5042],[-80.7581,32.5056],[-80.7417,32.5007],[-80.7404,32.5053],[-80.7455,32.5083],[-80.7513,32.5181],[-80.743,32.5265],[-80.7332,32.5261],[-80.7265,32.5201],[-80.7245,32.514],[-80.7172,32.5171],[-80.7082,32.5149],[-80.7017,32.5207],[-80.7056,32.5277],[-80.7273,32.5355],[-80.7372,32.536],[-80.748,32.5412],[-80.7542,32.5379],[-80.7636,32.5379],[-80.7677,32.5322],[-80.781,32.5288],[-80.7811,32.5162]]]}},{"type":"Feature","properties":{"id":"p4565590","name":"Sheldon"},"geometry":{"type":"Polygon","coordinates":[[[-80.8129,32.6091],[-80.8151,32.6021],[-80.8128,32.5977],[-80.8161,32.5796],[-80.8132,32.579],[-80.8019,32.5843],[-80.7985,32.5808],[-80.7882,32.5805],[-80.7835,32.5827],[-80.7818,32.5935],[-80.7755,32.5998],[-80.7758,32.6065],[-80.7884,32.6166],[-80.8018,32.6129],[-80.8045,32.6094],[-80.8129,32.6091]]]}},{"type":"Feature","properties":{"id":"p4539475","name":"Lake Murray of Richland"},"geometry":{"type":"Polygon","coordinates":[[[-81.2302,34.1222],[-81.2424,34.1257],[-81.2482,34.129],[-81.2602,34.1405],[-81.2727,34.1445],[-81.2813,34.1429],[-81.2949,34.1375],[-81.3086,34.1373],[-81.291,34.1172],[-81.2883,34.1175],[-81.2758,34.0974],[-81.2581,34.1019],[-81.228,34.1013],[-81.2314,34.1049],[-81.2261,34.11],[-81.2289,34.1194],[-81.2302,34.1222]]]}},{"type":"Feature","properties":{"id":"p4535635","name":"India Hook"},"geometry":{"type":"Polygon","coordinates":[[[-81.0143,35.0165],[-81.0147,35.0239],[-81.0232,35.0187],[-81.0273,35.0188],[-81.0421,35.0299],[-81.0507,35.0236],[-81.0606,35.0193],[-81.0634,35.0148],[-81.0595,35.0075],[-81.0524,35.0062],[-81.0426,35.0021],[-81.0365,35.001],[-81.0314,34.9992],[-81.025,35.0063],[-81.0173,35.0044],[-81.0127,35.0119],[-81.0143,35.0165]]]}},{"type":"Feature","properties":{"id":"p4530760","name":"Green Sea"},"geometry":{"type":"Polygon","coordinates":[[[-78.9873,34.1289],[-78.9813,34.1207],[-78.9676,34.1169],[-78.9576,34.1245],[-78.9675,34.1399],[-78.9711,34.1422],[-78.981,34.139],[-78.9825,34.1271],[-78.9873,34.1289]]]}},{"type":"Feature","properties":{"id":"p4551180","name":"Northlake"},"geometry":{"type":"Polygon","coordinates":[[[-82.6593,34.5612],[-82.6583,34.5658],[-82.6686,34.5683],[-82.6641,34.5793],[-82.6564,34.5904],[-82.6618,34.5963],[-82.6769,34.5872],[-82.6779,34.5806],[-82.6819,34.5759],[-82.6885,34.5741],[-82.6918,34.5795],[-82.6983,34.5769],[-82.7026,34.5709],[-82.7114,34.5733],[-82.7213,34.5726],[-82.7131,34.5609],[-82.6965,34.5482],[-82.6942,34.5544],[-82.6891,34.5562],[-82.6864,34.5542],[-82.6846,34.555],[-82.6798,34.5623],[-82.6726,34.5599],[-82.6728,34.5543],[-82.6678,34.5522],[-82.6597,34.5541],[-82.6593,34.5612]]]}},{"type":"Feature","properties":{"id":"p4522050","name":"East Camden"},"geometry":{"type":"Polygon","coordinates":[[[-80.584,34.2509],[-80.5841,34.2478],[-80.5791,34.2502],[-80.571,34.2494],[-80.5626,34.2556],[-80.5575,34.2564],[-80.5522,34.2554],[-80.5571,34.2778],[-80.5549,34.287],[-80.5574,34.2912],[-80.5637,34.2911],[-80.5724,34.2852],[-80.5827,34.2716],[-80.5834,34.2628],[-80.5839,34.2556],[-80.584,34.2509]]]}},{"type":"Feature","properties":{"id":"p4543000","name":"Lugoff"},"geometry":{"type":"Polygon","coordinates":[[[-80.7533,34.1919],[-80.7556,34.1873],[-80.7518,34.1795],[-80.743,34.1758],[-80.7214,34.1734],[-80.712,34.1707],[-80.6942,34.1862],[-80.6569,34.2032],[-80.6393,34.2152],[-80.63,34.2176],[-80.6271,34.2287],[-80.6305,34.2343],[-80.6435,34.2385],[-80.6508,34.2433],[-80.656,34.2489],[-80.6669,34.2438],[-80.6713,34.2452],[-80.6808,34.2414],[-80.6828,34.244],[-80.6933,34.2379],[-80.7003,34.2383],[-80.7037,34.242],[-80.7342,34.2261],[-80.7474,34.2208],[-80.7502,34.2171],[-80.7533,34.1919]]]}},{"type":"Feature","properties":{"id":"p4536070","name":"Islandton"},"geometry":{"type":"Polygon","coordinates":[[[-80.9533,32.9141],[-80.9401,32.8967],[-80.939,32.8908],[-80.9333,32.8912],[-80.9306,32.8973],[-80.9212,32.9013],[-80.9238,32.9202],[-80.9323,32.9242],[-80.9373,32.9216],[-80.9499,32.9201],[-80.9533,32.9141]]]}},{"type":"Feature","properties":{"id":"p4521130","name":"Dunbar"},"geometry":{"type":"Polygon","coordinates":[[[-79.3632,33.5413],[-79.3659,33.5365],[-79.3551,33.5276],[-79.3465,33.5233],[-79.3367,33.5259],[-79.3523,33.5393],[-79.3587,33.5475],[-79.3632,33.5413]]]}},{"type":"Feature","properties":{"id":"p4558615","name":"Promised Land"},"geometry":{"type":"Polygon","coordinates":[[[-82.2493,34.136],[-82.2308,34.1225],[-82.2255,34.1148],[-82.2123,34.1122],[-82.2148,34.1215],[-82.2181,34.1251],[-82.2328,34.135],[-82.2418,34.1428],[-82.2467,34.1441],[-82.2493,34.136]]]}},{"type":"Feature","properties":{"id":"p4518810","name":"DeBordieu Colony"},"geometry":{"type":"Polygon","coordinates":[[[-79.2254,33.3647],[-79.2245,33.3644],[-79.168,33.3653],[-79.1675,33.36],[-79.1616,33.356],[-79.1524,33.3551],[-79.1475,33.3782],[-79.1544,33.3828],[-79.1774,33.3828],[-79.1775,33.3765],[-79.2135,33.3757],[-79.2254,33.3647]]]}},{"type":"Feature","properties":{"id":"p4538095","name":"Kershaw"},"geometry":{"type":"Polygon","coordinates":[[[-80.6069,34.5266],[-80.6003,34.5238],[-80.5945,34.5275],[-80.5887,34.5377],[-80.5818,34.5379],[-80.5757,34.5413],[-80.5716,34.5504],[-80.5774,34.557],[-80.5868,34.5551],[-80.5971,34.5561],[-80.591,34.5491],[-80.5923,34.5421],[-80.6023,34.5348],[-80.6069,34.5266]]]}},{"type":"Feature","properties":{"id":"p4517890","name":"Cross Hill"},"geometry":{"type":"Polygon","coordinates":[[[-82.0015,34.3088],[-82.001,34.301],[-81.9929,34.2919],[-81.9798,34.2908],[-81.9704,34.2949],[-81.9667,34.3002],[-81.9658,34.3073],[-81.9684,34.3123],[-81.9775,34.3191],[-81.9922,34.3171],[-82.0015,34.3088]]]}},{"type":"Feature","properties":{"id":"p4570585","name":"Surfside Beach"},"geometry":{"type":"Polygon","coordinates":[[[-78.9865,33.6109],[-78.9951,33.6022],[-78.9832,33.593],[-78.9606,33.6172],[-78.9695,33.6266],[-78.9865,33.6109]]]}},{"type":"Feature","properties":{"id":"p4560280","name":"Ridgeland"},"geometry":{"type":"Polygon","coordinates":[[[-80.9977,32.5147],[-80.987,32.5133],[-80.9848,32.5069],[-80.9938,32.5069],[-80.9938,32.5006],[-80.989,32.4993],[-80.9867,32.492],[-80.9908,32.4842],[-80.9998,32.4818],[-81.0118,32.4849],[-81.0224,32.4954],[-81.0386,32.4996],[-81.0422,32.4899],[-81.0442,32.4732],[-81.0373,32.4714],[-81.0357,32.4757],[-81.0284,32.4754],[-81.0249,32.4673],[-81.0103,32.4749],[-81.0013,32.4764],[-81.0005,32.4672],[-80.99,32.4683],[-80.9993,32.4492],[-80.9953,32.4451],[-80.9788,32.4634],[-80.9751,32.4697],[-80.9657,32.4698],[-80.9691,32.4535],[-80.9734,32.4477],[-80.9705,32.4377],[-80.9659,32.4325],[-80.9366,32.4053],[-80.9325,32.4089],[-80.9259,32.4028],[-80.9177,32.4061],[-80.9086,32.4215],[-80.9203,32.4269],[-80.9274,32.4339],[-80.9223,32.4372],[-80.9189,32.4463],[-80.9095,32.449],[-80.8999,32.4553],[-80.8965,32.4596],[-80.9076,32.4645],[-80.8977,32.4687],[-80.8933,32.4678],[-80.896,32.4513],[-80.8846,32.4504],[-80.8805,32.4464],[-80.8625,32.4342],[-80.8539,32.4359],[-80.8471,32.4324],[-80.8488,32.4156],[-80.8405,32.4158],[-80.8227,32.413],[-80.8174,32.41],[-80.8137,32.4163],[-80.8193,32.4238],[-80.8167,32.4268],[-80.822,32.4425],[-80.8245,32.4458],[-80.8271,32.4609],[-80.8344,32.4608],[-80.8382,32.4662],[-80.834,32.4701],[-80.8514,32.4765],[-80.8528,32.4833],[-80.8481,32.4888],[-80.8521,32.4955],[-80.8571,32.499],[-80.8623,32.4977],[-80.8761,32.5016],[-80.8876,32.5077],[-80.8908,32.5206],[-80.8974,32.5256],[-80.9113,32.516],[-80.9216,32.517],[-80.9314,32.5122],[-80.9396,32.5033],[-80.9429,32.5106],[-80.956,32.5104],[-80.9635,32.514],[-80.969,32.5197],[-80.9912,32.5206],[-80.9977,32.5147]],[[-80.9946,32.4487],[-80.9972,32.4502],[-80.9917,32.4616],[-80.9855,32.4663],[-80.9865,32.4734],[-80.9779,32.4725],[-80.9761,32.4696],[-80.9809,32.462],[-80.9946,32.4487]],[[-80.9703,32.4771],[-80.9559,32.4956],[-80.9523,32.4896],[-80.9468,32.4956],[-80.9544,32.4982],[-80.9522,32.5036],[-80.9474,32.5038],[-80.9378,32.497],[-80.9358,32.4907],[-80.9358,32.4808],[-80.9508,32.4757],[-80.9574,32.4747],[-80.9703,32.4771]]]}},{"type":"Feature","properties":{"id":"p4530985","name":"Greer"},"geometry":{"type":"MultiPolygon","coordinates":[[[[-82.1611,34.8651],[-82.1572,34.8589],[-82.1458,34.8564],[-82.1528,34.8657],[-82.1611,34.8651]]],[[[-82.1743,34.9575],[-82.1804,34.9595],[-82.2037,34.9572],[-82.2081,34.9511],[-82.2218,34.9491],[-82.2206,34.9645],[-82.2247,34.9715],[-82.2188,34.9751],[-82.2129,34.9701],[-82.2097,34.9742],[-82.2198,34.9784],[-82.2209,34.9909],[-82.2298,34.9928],[-82.2288,34.986],[-82.2357,34.9852],[-82.2438,34.9784],[-82.2585,34.9786],[-82.2613,34.9841],[-82.2702,34.9846],[-82.276,34.989],[-82.2791,35.0008],[-82.2871,34.9945],[-82.2995,35.0011],[-82.3039,35.0097],[-82.3149,35.0222],[-82.3115,35.006],[-82.3148,35.0008],[-82.3066,34.9986],[-82.3113,34.9863],[-82.3105,34.9786],[-82.3009,34.9773],[-82.297,34.9857],[-82.2798,34.9843],[-82.26,34.9764],[-82.2484,34.9742],[-82.2383,34.979],[-82.2283,34.9736],[-82.2258,34.9635],[-82.2326,34.9617],[-82.2408,34.9697],[-82.2496,34.9662],[-82.2454,34.9557],[-82.2585,34.9505],[-82.2688,34.9401],[-82.2811,34.9384],[-82.2856,34.9326],[-82.2817,34.934],[-82.2663,34.9321],[-82.2554,34.9392],[-82.2503,34.9339],[-82.2502,34.9282],[-82.2642,34.9181],[-82.2708,34.9177],[-82.2692,34.9139],[-82.2705,34.9125],[-82.2711,34.9118],[-82.2689,34.9028],[-82.2597,34.8965],[-82.2523,34.8872],[-82.2524,34.8811],[-82.2399,34.8762],[-82.2418,34.8839],[-82.235,34.8841],[-82.2365,34.8935],[-82.2413,34.8967],[-82.2388,34.9144],[-82.2408,34.9281],[-82.2305,34.9207],[-82.2141,34.9207],[-82.2182,34.9127],[-82.2265,34.9134],[-82.2312,34.9099],[-82.2331,34.9006],[-82.2213,34.898],[-82.2195,34.9073],[-82.2111,34.9112],[-82.2066,34.9159],[-82.1983,34.912],[-82.1921,34.8997],[-82.183,34.903],[-82.1822,34.9096],[-82.1777,34.9079],[-82.1708,34.9071],[-82.1686,34.8999],[-82.1624,34.8942],[-82.1644,34.8912],[-82.1952,34.8855],[-82.2254,34.8726],[-82.2246,34.8629],[-82.2091,34.8539],[-82.2064,34.8584],[-82.2143,34.8632],[-82.2125,34.8727],[-82.2055,34.8726],[-82.206,34.8637],[-82.199,34.8645],[-82.1993,34.8697],[-82.1897,34.8691],[-82.1892,34.8769],[-82.1838,34.8766],[-82.1787,34.8825],[-82.1744,34.876],[-82.1658,34.8761],[-82.1673,34.8675],[-82.1611,34.8651],[-82.1608,34.8713],[-82.1683,34.8804],[-82.1691,34.8893],[-82.1624,34.8884],[-82.1622,34.8946],[-82.1583,34.9001],[-82.1631,34.9071],[-82.1643,34.9152],[-82.1647,34.9174],[-82.1686,34.9186],[-82.1751,34.9143],[-82.1731,34.9101],[-82.1748,34.9077],[-82.1767,34.9079],[-82.1782,34.9102],[-82.1775,34.9171],[-82.1868,34.9182],[-82.1861,34.9338],[-82.1782,34.9324],[-82.1725,34.928],[-82.1721,34.9302],[-82.1711,34.9389],[-82.1676,34.9421],[-82.1688,34.9459],[-82.1685,34.9541],[-82.1695,34.9547],[-82.1702,34.9551],[-82.1743,34.9575]],[[-82.2129,34.9218],[-82.212,34.929],[-82.2039,34.9258],[-82.206,34.9191],[-82.2129,34.9218]],[[-82.2044,34.9505],[-82.2003,34.9563],[-82.1889,34.9531],[-82.1976,34.9493],[-82.2044,34.9505]],[[-82.1947,34.9354],[-82.1911,34.9429],[-82.1842,34.9449],[-82.1777,34.9368],[-82.1947,34.9354]]]]}},{"type":"Feature","properties":{"id":"p4501450","name":"Andrews"},"geometry":{"type":"Polygon","coordinates":[[[-79.5838,33.4498],[-79.585,33.4457],[-79.5514,33.438],[-79.5475,33.4497],[-79.5594,33.4605],[-79.5641,33.4567],[-79.58,33.4602],[-79.5838,33.4498]]]}},{"type":"Feature","properties":{"id":"p4523245","name":"Elgin"},"geometry":{"type":"Polygon","coordinates":[[[-80.8054,34.173],[-80.8051,34.17],[-80.7975,34.1625],[-80.79,34.1594],[-80.7839,34.1605],[-80.7877,34.1675],[-80.783,34.1742],[-80.7923,34.1747],[-80.7967,34.1721],[-80.8054,34.173]]]}},{"type":"Feature","properties":{"id":"p4574680","name":"Ware Shoals"},"geometry":{"type":"Polygon","coordinates":[[[-82.2448,34.4041],[-82.2463,34.4097],[-82.2622,34.3976],[-82.2549,34.3954],[-82.2496,34.3891],[-82.2519,34.3837],[-82.2434,34.3781],[-82.2525,34.3746],[-82.2488,34.3698],[-82.2424,34.3782],[-82.2316,34.3713],[-82.2245,34.3766],[-82.2194,34.3838],[-82.2236,34.3917],[-82.2315,34.3937],[-82.228,34.4021],[-82.2448,34.4041]]]}},{"type":"Feature","properties":{"id":"p4573600","name":"Varnville"},"geometry":{"type":"Polygon","coordinates":[[[-81.0851,32.869],[-81.0956,32.8575],[-81.094,32.8521],[-81.1002,32.844],[-81.0847,32.8364],[-81.0688,32.8388],[-81.0635,32.8474],[-81.0641,32.8564],[-81.0692,32.8616],[-81.0639,32.8663],[-81.0716,32.8689],[-81.0744,32.8653],[-81.0806,32.8711],[-81.0851,32.869]]]}},{"type":"Feature","properties":{"id":"p4537150","name":"Johnston"},"geometry":{"type":"Polygon","coordinates":[[[-81.8269,33.8448],[-81.8215,33.8387],[-81.8182,33.8436],[-81.8128,33.8389],[-81.8136,33.8312],[-81.8004,33.8177],[-81.7924,33.816],[-81.7849,33.8195],[-81.7911,33.8316],[-81.7927,33.8392],[-81.8097,33.8495],[-81.8262,33.8505],[-81.8269,33.8448]]]}},{"type":"Feature","properties":{"id":"p4533145","name":"Hemingway"},"geometry":{"type":"Polygon","coordinates":[[[-79.4559,33.7534],[-79.453,33.7469],[-79.4416,33.746],[-79.4387,33.7595],[-79.4544,33.7581],[-79.4559,33.7534]]]}},{"type":"Feature","properties":{"id":"p4526305","name":"Forest Acres"},"geometry":{"type":"Polygon","coordinates":[[[-80.996,34.0413],[-80.9931,34.0405],[-80.986,34.0331],[-80.9854,34.0285],[-80.9954,34.0245],[-80.995,34.0099],[-80.9774,34.0138],[-80.9688,34.0113],[-80.9602,34.0133],[-80.9584,34.0223],[-80.9495,34.0253],[-80.9451,34.0247],[-80.9474,34.0272],[-80.9532,34.0277],[-80.9502,34.0388],[-80.9404,34.0366],[-80.9396,34.038],[-80.9384,34.0408],[-80.9536,34.0409],[-80.9569,34.0443],[-80.9464,34.0532],[-80.9492,34.0565],[-80.9496,34.057],[-80.9501,34.0577],[-80.9515,34.0603],[-80.9514,34.0604],[-80.957,34.0649],[-80.9653,34.056],[-80.9604,34.0596],[-80.9593,34.0612],[-80.9572,34.0603],[-80.957,34.0603],[-80.9516,34.0555],[-80.9574,34.0481],[-80.9655,34.0499],[-80.9678,34.047],[-80.9673,34.0488],[-80.9708,34.0522],[-80.9756,34.0557],[-80.9836,34.0514],[-80.992,34.0432],[-80.996,34.0413]],[[-80.9662,34.0256],[-80.9626,34.0348],[-80.9541,34.0328],[-80.9587,34.0282],[-80.9662,34.0256]]]}},{"type":"Feature","properties":{"id":"p4515295","name":"Clinton"},"geometry":{"type":"Polygon","coordinates":[[[-81.9106,34.4655],[-81.9063,34.4558],[-81.9001,34.4554],[-81.893,34.4618],[-81.8848,34.4584],[-81.8854,34.4522],[-81.8731,34.4477],[-81.8774,34.4569],[-81.871,34.4612],[-81.8657,34.4554],[-81.8574,34.4582],[-81.8551,34.4546],[-81.8411,34.46],[-81.8303,34.4609],[-81.8294,34.4642],[-81.833,34.4824],[-81.8293,34.4921],[-81.8242,34.5005],[-81.8579,34.5104],[-81.8673,34.5169],[-81.8721,34.5166],[-81.8768,34.5228],[-81.8806,34.5182],[-81.8768,34.5141],[-81.8676,34.511],[-81.8484,34.5],[-81.8488,34.493],[-81.8581,34.4848],[-81.8608,34.4879],[-81.8677,34.4819],[-81.8737,34.4898],[-81.8709,34.4944],[-81.872,34.5004],[-81.8803,34.4942],[-81.8853,34.4882],[-81.8951,34.4831],[-81.9007,34.4705],[-81.9067,34.4698],[-81.9106,34.4655]],[[-81.8537,34.4697],[-81.8486,34.4752],[-81.8437,34.4698],[-81.8484,34.4658],[-81.8537,34.4697]]]}},{"type":"Feature","properties":{"id":"p4510720","name":"Calhoun Falls"},"geometry":{"type":"Polygon","coordinates":[[[-82.6145,34.0936],[-82.6113,34.085],[-82.6017,34.0776],[-82.5937,34.0771],[-82.5815,34.0842],[-82.58,34.0978],[-82.59,34.1081],[-82.5977,34.1102],[-82.6017,34.1057],[-82.6106,34.1081],[-82.6104,34.1016],[-82.6145,34.0936]]]}},{"type":"Feature","properties":{"id":"p4552540","name":"Olanta"},"geometry":{"type":"Polygon","coordinates":[[[-79.941,33.9343],[-79.9392,33.9298],[-79.933,33.9277],[-79.9233,33.9324],[-79.922,33.938],[-79.9325,33.9434],[-79.9415,33.9371],[-79.941,33.9343]]]}},{"type":"Feature","properties":{"id":"p4572430","name":"Travelers Rest"},"geometry":{"type":"Polygon","coordinates":[[[-82.4288,34.9139],[-82.4328,34.9189],[-82.4296,34.9339],[-82.4377,34.9347],[-82.4409,34.9397],[-82.4449,34.9414],[-82.4471,34.9505],[-82.4368,34.9506],[-82.4329,34.9561],[-82.4222,34.9622],[-82.419,34.9766],[-82.4227,34.9815],[-82.4277,34.9818],[-82.4325,34.9888],[-82.4453,34.9906],[-82.444,34.9848],[-82.454,34.9763],[-82.4638,34.9771],[-82.4612,34.9681],[-82.4663,34.9658],[-82.4614,34.959],[-82.4527,34.9597],[-82.4522,34.9439],[-82.4435,34.9406],[-82.4529,34.9289],[-82.4446,34.9176],[-82.4292,34.9129],[-82.4288,34.9139]]]}},{"type":"Feature","properties":{"id":"p4542100","name":"Livingston"},"geometry":{"type":"Polygon","coordinates":[[[-81.1282,33.5542],[-81.1255,33.5478],[-81.1191,33.5459],[-81.1112,33.5505],[-81.1117,33.5562],[-81.1169,33.56],[-81.1252,33.5586],[-81.1282,33.5542]]]}},{"type":"Feature","properties":{"id":"p4556140","name":"Pickens"},"geometry":{"type":"Polygon","coordinates":[[[-82.7324,34.89],[-82.7263,34.886],[-82.7271,34.882],[-82.7178,34.869],[-82.709,34.8762],[-82.7052,34.8704],[-82.6969,34.8748],[-82.7014,34.8784],[-82.6924,34.8827],[-82.6977,34.8893],[-82.698,34.8941],[-82.7031,34.9012],[-82.7114,34.9008],[-82.726,34.8901],[-82.7324,34.89]]]}},{"type":"Feature","properties":{"id":"p4545295","name":"Mayesville"},"geometry":{"type":"Polygon","coordinates":[[[-80.2158,33.9893],[-80.2161,33.985],[-80.2018,33.9767],[-80.1891,33.9769],[-80.1998,33.9854],[-80.2014,33.9942],[-80.212,33.9929],[-80.2158,33.9893]]]}},{"type":"Feature","properties":{"id":"p4500550","name":"Aiken"},"geometry":{"type":"MultiPolygon","coordinates":[[[[-81.775,33.526],[-81.7733,33.5158],[-81.7634,33.5148],[-81.7639,33.525],[-81.775,33.526]]],[[[-81.7801,33.5631],[-81.775,33.5381],[-81.7696,33.5276],[-81.753,33.5234],[-81.7445,33.5185],[-81.7431,33.5116],[-81.751,33.5138],[-81.7556,33.5085],[-81.7502,33.4958],[-81.7514,33.4906],[-81.7441,33.4882],[-81.7475,33.4788],[-81.7469,33.4704],[-81.739,33.4628],[-81.7232,33.4612],[-81.7249,33.4686],[-81.716,33.4782],[-81.7092,33.4882],[-81.7095,33.493],[-81.7019,33.4948],[-81.7057,33.5012],[-81.7092,33.5133],[-81.7072,33.5184],[-81.6941,33.5291],[-81.6979,33.5327],[-81.6845,33.5383],[-81.6843,33.5315],[-81.6726,33.5287],[-81.6725,33.5347],[-81.6778,33.5414],[-81.6846,33.5385],[-81.6891,33.5437],[-81.6987,33.5489],[-81.6988,33.5602],[-81.6901,33.5687],[-81.689,33.5798],[-81.6945,33.5852],[-81.7084,33.5865],[-81.7062,33.5819],[-81.7287,33.5847],[-81.7305,33.5904],[-81.7367,33.5886],[-81.7499,33.5899],[-81.7541,33.5888],[-81.7661,33.5789],[-81.7649,33.5648],[-81.7732,33.5657],[-81.7801,33.5631]],[[-81.7785,33.5558],[-81.7691,33.5577],[-81.7614,33.5543],[-81.7477,33.5583],[-81.7334,33.5577],[-81.7333,33.543],[-81.7316,33.53],[-81.7401,33.531],[-81.7377,33.5358],[-81.7462,33.5362],[-81.7518,33.5408],[-81.7573,33.5317],[-81.7614,33.5303],[-81.7746,33.5377],[-81.7785,33.5558]],[[-81.7654,33.5769],[-81.7546,33.5881],[-81.75,33.5896],[-81.736,33.5882],[-81.7382,33.5803],[-81.7337,33.5742],[-81.7335,33.5669],[-81.7444,33.568],[-81.7489,33.5647],[-81.7574,33.5681],[-81.7586,33.5775],[-81.7654,33.5769]],[[-81.7129,33.5379],[-81.7123,33.5406],[-81.7005,33.5399],[-81.7001,33.5372],[-81.7105,33.5349],[-81.7129,33.5379]]]]}},{"type":"Feature","properties":{"id":"p4524505","name":"Fairforest"},"geometry":{"type":"Polygon","coordinates":[[[-82.0062,34.9681],[-82.0181,34.9648],[-82.0231,34.9568],[-82.0297,34.9567],[-82.0305,34.9506],[-82.0201,34.9441],[-82.0097,34.9437],[-82.0019,34.9455],[-82.0019,34.9519],[-82.0062,34.9681]]]}},{"type":"Feature","properties":{"id":"p4504060","name":"Barnwell"},"geometry":{"type":"Polygon","coordinates":[[[-81.4,33.2434],[-81.397,33.233],[-81.3875,33.2329],[-81.3815,33.2267],[-81.3748,33.2231],[-81.3637,33.2216],[-81.3611,33.214],[-81.3534,33.2159],[-81.3536,33.2235],[-81.3474,33.2269],[-81.341,33.2339],[-81.3388,33.2405],[-81.3399,33.2505],[-81.3486,33.2606],[-81.3628,33.265],[-81.3667,33.2539],[-81.3862,33.258],[-81.3911,33.2573],[-81.4004,33.2496],[-81.4,33.2434]]]}},{"type":"Feature","properties":{"id":"p4511833","name":"Carolina Forest"},"geometry":{"type":"Polygon","coordinates":[[[-78.978,33.7784],[-78.9823,33.7743],[-78.9527,33.7414],[-78.9295,33.7429],[-78.8993,33.7501],[-78.8818,33.7485],[-78.858,33.7526],[-78.8452,33.7571],[-78.8337,33.7652],[-78.8782,33.7868],[-78.9166,33.7758],[-78.9224,33.7809],[-78.9347,33.7789],[-78.9418,33.7869],[-78.9539,33.7884],[-78.9685,33.7813],[-78.9778,33.7785],[-78.978,33.7784]]]}},{"type":"Feature","properties":{"id":"p4548535","name":"Mount Pleasant"},"geometry":{"type":"Polygon","coordinates":[[[-79.8962,32.8297],[-79.8975,32.8269],[-79.9154,32.8124],[-79.9172,32.7829],[-79.886,32.7879],[-79.878,32.7857],[-79.8654,32.7749],[-79.8651,32.7681],[-79.8615,32.7664],[-79.8422,32.773],[-79.8388,32.7745],[-79.8305,32.778],[-79.8358,32.7806],[-79.8357,32.7922],[-79.8394,32.7962],[-79.8274,32.8043],[-79.8189,32.7965],[-79.8123,32.8047],[-79.8079,32.8038],[-79.7943,32.8158],[-79.7883,32.8262],[-79.8017,32.837],[-79.7924,32.8502],[-79.7724,32.8428],[-79.7437,32.8331],[-79.7383,32.8434],[-79.7651,32.8536],[-79.7629,32.8612],[-79.7346,32.8506],[-79.732,32.8554],[-79.7559,32.8743],[-79.7495,32.878],[-79.7532,32.8873],[-79.7395,32.8873],[-79.7431,32.8932],[-79.7375,32.8978],[-79.7413,32.9099],[-79.7349,32.9107],[-79.7349,32.8987],[-79.7223,32.8981],[-79.7158,32.8946],[-79.707,32.9],[-79.7062,32.9062],[-79.7142,32.909],[-79.7234,32.9042],[-79.721,32.9128],[-79.717,32.9178],[-79.7163,32.919],[-79.7155,32.9216],[-79.7208,32.9267],[-79.7314,32.9256],[-79.7318,32.9215],[-79.7407,32.9149],[-79.7518,32.9149],[-79.7583,32.9189],[-79.7694,32.9197],[-79.7774,32.9266],[-79.7863,32.9306],[-79.7995,32.9281],[-79.8024,32.9298],[-79.8124,32.928],[-79.8225,32.9213],[-79.8292,32.9176],[-79.826,32.9092],[-79.8396,32.9046],[-79.8419,32.8968],[-79.8491,32.8823],[-79.8525,32.8768],[-79.8591,32.871],[-79.8854,32.8658],[-79.8959,32.8599],[-79.8982,32.8536],[-79.8937,32.8431],[-79.8939,32.8387],[-79.8755,32.8395],[-79.8723,32.8266],[-79.8863,32.8277],[-79.891,32.8241],[-79.8962,32.8297]],[[-79.8934,32.8585],[-79.8818,32.8639],[-79.8755,32.8632],[-79.8616,32.8648],[-79.8582,32.8615],[-79.856,32.8527],[-79.8683,32.8577],[-79.8801,32.8529],[-79.8934,32.8585]],[[-79.8541,32.8451],[-79.8556,32.8609],[-79.8485,32.8589],[-79.8437,32.8605],[-79.8351,32.8441],[-79.8498,32.842],[-79.8541,32.8451]],[[-79.8389,32.8244],[-79.832,32.8263],[-79.8296,32.818],[-79.8384,32.8182],[-79.8389,32.8244]],[[-79.8281,32.8546],[-79.8256,32.8639],[-79.8139,32.8608],[-79.8062,32.853],[-79.8043,32.8462],[-79.8141,32.8444],[-79.8246,32.8473],[-79.8281,32.8546]],[[-79.82,32.8842],[-79.8191,32.8923],[-79.8054,32.8904],[-79.804,32.8832],[-79.8123,32.8797],[-79.82,32.8842]],[[-79.802,32.8551],[-79.7973,32.8632],[-79.7867,32.8598],[-79.7909,32.8518],[-79.802,32.8551]]]}},{"type":"Feature","properties":{"id":"p4570090","name":"Sullivan's Island"},"geometry":{"type":"Polygon","coordinates":[[[-79.8651,32.7681],[-79.8627,32.7615],[-79.8547,32.7549],[-79.8488,32.7536],[-79.8228,32.7635],[-79.8145,32.7704],[-79.8125,32.7748],[-79.8096,32.7792],[-79.8091,32.7869],[-79.8305,32.778],[-79.8388,32.7745],[-79.8422,32.773],[-79.8615,32.7664],[-79.8651,32.7681]]]}},{"type":"Feature","properties":{"id":"p4536115","name":"Isle of Palms"},"geometry":{"type":"Polygon","coordinates":[[[-79.8096,32.7792],[-79.8125,32.7748],[-79.805,32.7751],[-79.7876,32.7845],[-79.7565,32.7966],[-79.7366,32.8016],[-79.7264,32.806],[-79.7207,32.8112],[-79.7181,32.817],[-79.7267,32.8263],[-79.7372,32.8284],[-79.7439,32.8244],[-79.7555,32.8089],[-79.7883,32.7955],[-79.7919,32.7882],[-79.8096,32.7792]]]}},{"type":"Feature","properties":{"id":"p4510270","name":"Burnettown"},"geometry":{"type":"Polygon","coordinates":[[[-81.9059,33.5185],[-81.905,33.5124],[-81.8984,33.5044],[-81.8945,33.5051],[-81.8691,33.5108],[-81.8658,33.506],[-81.8755,33.5013],[-81.8701,33.4969],[-81.8599,33.4942],[-81.8457,33.5022],[-81.8418,33.5092],[-81.8474,33.5138],[-81.8441,33.5193],[-81.8357,33.5245],[-81.8328,33.5273],[-81.8297,33.533],[-81.8225,33.5378],[-81.8229,33.546],[-81.8391,33.5451],[-81.843,33.5408],[-81.8406,33.5368],[-81.8484,33.5265],[-81.8597,33.5314],[-81.8654,33.5303],[-81.8766,33.5205],[-81.8887,33.5222],[-81.8952,33.5287],[-81.9007,33.5272],[-81.9059,33.5185]],[[-81.8842,33.5177],[-81.8792,33.5179],[-81.8729,33.5101],[-81.8825,33.508],[-81.8842,33.5177]]]}},{"type":"Feature","properties":{"id":"p4555465","name":"Pelzer"},"geometry":{"type":"Polygon","coordinates":[[[-82.4673,34.6412],[-82.4673,34.6373],[-82.4521,34.6308],[-82.4543,34.6433],[-82.4573,34.6507],[-82.4668,34.6511],[-82.4662,34.6486],[-82.4657,34.6476],[-82.4673,34.6412]]]}},{"type":"Feature","properties":{"id":"p4558795","name":"Quinby"},"geometry":{"type":"Polygon","coordinates":[[[-79.7246,34.2239],[-79.7265,34.2356],[-79.7346,34.2421],[-79.7489,34.2244],[-79.7467,34.22],[-79.7453,34.2172],[-79.7458,34.2141],[-79.7371,34.216],[-79.736,34.223],[-79.7246,34.2239]]]}},{"type":"Feature","properties":{"id":"p4523335","name":"Elko"},"geometry":{"type":"Polygon","coordinates":[[[-81.3909,33.379],[-81.3919,33.3761],[-81.3739,33.3719],[-81.3691,33.3857],[-81.3875,33.3893],[-81.3909,33.379]]]}},{"type":"Feature","properties":{"id":"p4579450","name":"Yemassee"},"geometry":{"type":"Polygon","coordinates":[[[-80.8352,32.6313],[-80.8511,32.6413],[-80.8513,32.6452],[-80.8398,32.6739],[-80.8304,32.6835],[-80.8305,32.692],[-80.8395,32.7013],[-80.8522,32.7017],[-80.8584,32.7037],[-80.8583,32.7082],[-80.8778,32.7147],[-80.8856,32.7068],[-80.8872,32.7017],[-80.8657,32.6871],[-80.8701,32.6833],[-80.8696,32.6786],[-80.8616,32.6799],[-80.8588,32.674],[-80.8524,32.6731],[-80.84,32.6743],[-80.8521,32.644],[-80.8571,32.641],[-80.856,32.635],[-80.8474,32.6295],[-80.8457,32.6236],[-80.8483,32.6149],[-80.8367,32.6096],[-80.8294,32.6154],[-80.8129,32.6091],[-80.8045,32.6094],[-80.8018,32.6129],[-80.7884,32.6166],[-80.7758,32.6065],[-80.7755,32.5998],[-80.7691,32.5983],[-80.7743,32.6126],[-80.7931,32.6214],[-80.7971,32.6283],[-80.8028,32.6284],[-80.8198,32.6339],[-80.8352,32.6313]]]}},{"type":"Feature","properties":{"id":"p4513330","name":"Charleston"},"geometry":{"type":"MultiPolygon","coordinates":[[[[-80.1195,32.7804],[-80.1155,32.7761],[-80.1082,32.7776],[-80.1064,32.7859],[-80.1195,32.7804]]],[[[-80.1017,32.8493],[-80.1105,32.848],[-80.1104,32.8409],[-80.1194,32.8396],[-80.1285,32.8412],[-80.1344,32.8367],[-80.145,32.8392],[-80.144,32.834],[-80.1347,32.8271],[-80.1347,32.8179],[-80.1234,32.818],[-80.1272,32.827],[-80.1083,32.8275],[-80.0988,32.816],[-80.1034,32.8133],[-80.1036,32.8016],[-80.1125,32.8019],[-80.1269,32.7943],[-80.1394,32.8129],[-80.1439,32.8129],[-80.1385,32.8069],[-80.1334,32.7909],[-80.1264,32.7843],[-80.1278,32.7916],[-80.1227,32.7944],[-80.1173,32.7889],[-80.1261,32.784],[-80.1213,32.7814],[-80.1076,32.7864],[-80.1079,32.7924],[-80.097,32.7953],[-80.0867,32.7962],[-80.0725,32.7888],[-80.0592,32.7867],[-80.0571,32.7775],[-80.0529,32.7714],[-80.0577,32.7665],[-80.047,32.7608],[-80.0516,32.7566],[-80.0606,32.7632],[-80.0696,32.7671],[-80.0726,32.7569],[-80.0642,32.7539],[-80.0685,32.7497],[-80.0684,32.7411],[-80.0763,32.7313],[-80.0897,32.7325],[-80.0901,32.7232],[-80.0997,32.7267],[-80.0989,32.7177],[-80.09,32.7229],[-80.0832,32.717],[-80.0747,32.7167],[-80.0712,32.712],[-80.0626,32.7247],[-80.0555,32.7232],[-80.0479,32.7175],[-80.0339,32.7287],[-80.0421,32.7349],[-80.0449,32.7401],[-80.0364,32.741],[-80.0275,32.7492],[-80.0208,32.7455],[-80.0259,32.7372],[-80.0253,32.7279],[-80.0096,32.7355],[-80.0094,32.7287],[-80.0053,32.7234],[-80.014,32.7185],[-80.0132,32.7127],[-80.0317,32.7143],[-80.0394,32.712],[-80.0391,32.6971],[-80.0316,32.6927],[-80.0249,32.6998],[-80.0155,32.7032],[-80.0094,32.6929],[-80.0105,32.688],[-80.0059,32.6849],[-80.006,32.6773],[-80.0003,32.6704],[-79.9861,32.6736],[-79.9892,32.6803],[-79.9816,32.6813],[-79.9773,32.6856],[-79.9768,32.6857],[-79.9735,32.6873],[-79.9729,32.6876],[-79.9635,32.6875],[-79.9595,32.685],[-79.9593,32.6848],[-79.9512,32.6758],[-79.948,32.683],[-79.9482,32.687],[-79.9379,32.6879],[-79.9303,32.6901],[-79.9245,32.6986],[-79.9162,32.7018],[-79.9159,32.7113],[-79.9038,32.7126],[-79.9043,32.7206],[-79.893,32.7175],[-79.8926,32.7059],[-79.8994,32.7006],[-79.888,32.6943],[-79.8871,32.7019],[-79.8801,32.716],[-79.8694,32.7336],[-79.8709,32.7424],[-79.8791,32.7508],[-79.8969,32.7495],[-79.9091,32.7379],[-79.914,32.7423],[-79.9181,32.7417],[-79.9233,32.752],[-79.9144,32.7524],[-79.911,32.7516],[-79.9086,32.7516],[-79.9169,32.7541],[-79.9184,32.7543],[-79.9285,32.7542],[-79.9288,32.7691],[-79.9244,32.775],[-79.9232,32.7818],[-79.9172,32.7829],[-79.9154,32.8124],[-79.8975,32.8269],[-79.8962,32.8297],[-79.8939,32.8387],[-79.8937,32.8431],[-79.8982,32.8536],[-79.8959,32.8599],[-79.8854,32.8658],[-79.8591,32.871],[-79.8525,32.8768],[-79.8491,32.8823],[-79.8419,32.8968],[-79.8396,32.9046],[-79.8412,32.9094],[-79.8335,32.9253],[-79.8298,32.9261],[-79.8225,32.9213],[-79.8124,32.928],[-79.8024,32.9298],[-79.7969,32.9352],[-79.8019,32.9491],[-79.7971,32.9585],[-79.8033,32.9693],[-79.8075,32.9735],[-79.8133,32.9685],[-79.8261,32.9659],[-79.8423,32.9597],[-79.8499,32.9593],[-79.8622,32.9637],[-79.8734,32.9635],[-79.8804,32.9672],[-79.9036,32.9637],[-79.905,32.954],[-79.9016,32.9486],[-79.9032,32.9426],[-79.9091,32.9383],[-79.9069,32.9322],[-79.8928,32.934],[-79.8947,32.9226],[-79.9095,32.919],[-79.9109,32.9225],[-79.9259,32.9229],[-79.935,32.9218],[-79.9332,32.9143],[-79.948,32.9112],[-79.9503,32.9103],[-79.9482,32.9083],[-79.96,32.8956],[-79.9629,32.8899],[-79.9637,32.8754],[-79.9563,32.86],[-79.944,32.8565],[-79.9312,32.85],[-79.9314,32.8298],[-79.9401,32.8301],[-79.944,32.836],[-79.9513,32.8334],[-79.9528,32.8338],[-79.9617,32.8376],[-79.9726,32.8336],[-79.9787,32.8306],[-79.9878,32.8317],[-80.0006,32.83],[-80.0023,32.8251],[-80.0101,32.8244],[-80.0149,32.8201],[-80.0237,32.8249],[-80.0174,32.83],[-80.0299,32.8388],[-80.0397,32.8481],[-80.0503,32.8475],[-80.0561,32.8418],[-80.0622,32.847],[-80.0527,32.8502],[-80.0546,32.8538],[-80.055,32.8545],[-80.0594,32.8615],[-80.0624,32.8676],[-80.066,32.8712],[-80.0785,32.8739],[-80.0879,32.869],[-80.0894,32.8678],[-80.0905,32.8609],[-80.0942,32.855],[-80.1017,32.8493]],[[-80.1078,32.793],[-80.1034,32.796],[-80.1035,32.8017],[-80.0921,32.7993],[-80.0897,32.806],[-80.0837,32.8077],[-80.0853,32.7963],[-80.0953,32.7959],[-80.1078,32.793]],[[-80.0556,32.8287],[-80.0385,32.8351],[-80.0323,32.8308],[-80.0462,32.8278],[-80.0475,32.8211],[-80.0539,32.8231],[-80.0556,32.8287]],[[-80.0472,32.7781],[-80.0429,32.7887],[-80.0392,32.7852],[-80.0409,32.7767],[-80.0472,32.7781]],[[-80.0366,32.8057],[-80.0261,32.8096],[-80.0223,32.8064],[-80.0292,32.8015],[-80.0366,32.8057]],[[-80.0277,32.7894],[-80.0259,32.7965],[-80.018,32.7934],[-80.0277,32.7894]],[[-80.0162,32.8012],[-80.0085,32.8056],[-80.0064,32.7997],[-80.014,32.7983],[-80.0162,32.8012]],[[-80.0103,32.7733],[-79.9982,32.7712],[-79.9907,32.7724],[-79.9919,32.766],[-79.9899,32.7596],[-80.0086,32.7578],[-80.0015,32.7674],[-80.0103,32.7733]],[[-80.0015,32.7492],[-79.9958,32.7517],[-79.986,32.7453],[-79.9992,32.7449],[-80.0015,32.7492]],[[-79.9886,32.7023],[-79.9886,32.7079],[-79.978,32.708],[-79.9694,32.7115],[-79.9606,32.7027],[-79.9738,32.6954],[-79.9754,32.7006],[-79.9886,32.7023]],[[-79.9631,32.7397],[-79.9678,32.7341],[-79.9562,32.7296],[-79.9589,32.7241],[-79.957,32.7176],[-79.9647,32.7125],[-79.9664,32.7235],[-79.9716,32.7277],[-79.9772,32.7383],[-79.9688,32.7439],[-79.9656,32.7453],[-79.9649,32.7436],[-79.9588,32.7437],[-79.9631,32.7397]],[[-79.9608,32.8786],[-79.9581,32.8904],[-79.9469,32.9036],[-79.9395,32.907],[-79.9271,32.9054],[-79.9203,32.8986],[-79.931,32.8849],[-79.9444,32.8787],[-79.9382,32.8586],[-79.9544,32.8613],[-79.9608,32.8786]],[[-79.9444,32.7543],[-79.9557,32.7522],[-79.9542,32.7572],[-79.9462,32.7607],[-79.9444,32.7543]],[[-79.9561,32.73],[-79.95,32.7331],[-79.9514,32.7407],[-79.9423,32.7358],[-79.9377,32.73],[-79.9375,32.7168],[-79.946,32.716],[-79.9487,32.7295],[-79.9561,32.73]],[[-79.9499,32.7421],[-79.9453,32.7463],[-79.9375,32.7419],[-79.9432,32.7365],[-79.9499,32.7421]],[[-79.9369,32.7367],[-79.9304,32.7383],[-79.9287,32.7438],[-79.9196,32.7437],[-79.9183,32.7416],[-79.9141,32.7383],[-79.92,32.73],[-79.9189,32.7237],[-79.9266,32.7223],[-79.9325,32.7346],[-79.9369,32.7367]],[[-79.9373,32.8728],[-79.9293,32.8764],[-79.9221,32.8729],[-79.9218,32.8667],[-79.9348,32.8685],[-79.9373,32.8728]],[[-79.9299,32.8849],[-79.92,32.8986],[-79.9138,32.9005],[-79.909,32.8935],[-79.9118,32.8899],[-79.9201,32.8934],[-79.9221,32.8826],[-79.9299,32.8849]],[[-79.9274,32.9071],[-79.9191,32.9106],[-79.917,32.9014],[-79.9274,32.9071]],[[-79.8924,32.9213],[-79.882,32.9254],[-79.876,32.9216],[-79.8796,32.9164],[-79.8872,32.9215],[-79.8924,32.9213]],[[-79.8553,32.9226],[-79.852,32.9262],[-79.8465,32.9223],[-79.8368,32.9226],[-79.8425,32.9155],[-79.8519,32.9236],[-79.8553,32.9226]],[[-79.8366,32.9422],[-79.8322,32.9437],[-79.8252,32.9336],[-79.8192,32.9307],[-79.8234,32.9256],[-79.8283,32.9276],[-79.8366,32.9422]],[[-80.0561,32.8418],[-80.0488,32.8357],[-80.0538,32.8322],[-80.0595,32.8376],[-80.0561,32.8418]]],[[[-80.1278,32.8898],[-80.1448,32.8876],[-80.1497,32.8789],[-80.1622,32.8746],[-80.1549,32.8651],[-80.1635,32.8545],[-80.1767,32.8671],[-80.1857,32.8608],[-80.1869,32.852],[-80.1837,32.8471],[-80.1702,32.844],[-80.1439,32.8566],[-80.1347,32.8678],[-80.1259,32.8627],[-80.1258,32.8629],[-80.1427,32.873],[-80.122,32.8889],[-80.1272,32.89],[-80.1278,32.8898]]]]}},{"type":"Feature","properties":{"id":"p4550875","name":"North Charleston"},"geometry":{"type":"Polygon","coordinates":[[[-80.177,32.9342],[-80.1878,32.9415],[-80.2246,32.9083],[-80.2355,32.9167],[-80.239,32.9138],[-80.2332,32.9091],[-80.2364,32.9027],[-80.2452,32.9119],[-80.2496,32.9081],[-80.2437,32.9027],[-80.2338,32.8886],[-80.229,32.8913],[-80.2225,32.8867],[-80.2006,32.8771],[-80.1816,32.896],[-80.1794,32.8953],[-80.1637,32.9028],[-80.1703,32.9097],[-80.1609,32.9162],[-80.1648,32.9243],[-80.153,32.9324],[-80.1522,32.9274],[-80.1435,32.9212],[-80.1417,32.9164],[-80.1246,32.9019],[-80.1166,32.9057],[-80.1253,32.912],[-80.117,32.9159],[-80.1091,32.9066],[-80.1151,32.8921],[-80.1133,32.8861],[-80.1258,32.8629],[-80.1259,32.8627],[-80.1276,32.8541],[-80.1096,32.8532],[-80.1017,32.8493],[-80.0942,32.855],[-80.0905,32.8609],[-80.0894,32.8678],[-80.0879,32.869],[-80.0909,32.8727],[-80.0925,32.883],[-80.0808,32.8869],[-80.0785,32.8739],[-80.066,32.8712],[-80.0624,32.8676],[-80.0594,32.8615],[-80.055,32.8545],[-80.0546,32.8538],[-80.0527,32.8502],[-80.0503,32.8475],[-80.0397,32.8481],[-80.0299,32.8388],[-80.0174,32.83],[-80.0085,32.8279],[-79.9923,32.8363],[-79.9849,32.8364],[-79.9726,32.8336],[-79.9617,32.8376],[-79.9528,32.8338],[-79.9513,32.8334],[-79.944,32.836],[-79.9401,32.8301],[-79.9314,32.8298],[-79.9312,32.85],[-79.944,32.8565],[-79.9563,32.86],[-79.9637,32.8754],[-79.9629,32.8899],[-79.96,32.8956],[-79.9482,32.9083],[-79.9503,32.9103],[-79.9508,32.9107],[-79.9992,32.902],[-80.0002,32.9019],[-80.0118,32.8999],[-80.0235,32.9213],[-80.0264,32.9268],[-80.0415,32.955],[-80.0426,32.9603],[-80.0411,32.9739],[-80.0401,32.9827],[-80.0458,32.985],[-80.0506,32.9905],[-80.056,32.9994],[-80.0815,32.9938],[-80.0834,32.9922],[-80.0906,32.9909],[-80.092,32.9904],[-80.0946,32.9895],[-80.0957,32.989],[-80.0982,32.9881],[-80.1003,32.9876],[-80.1005,32.9876],[-80.1032,32.987],[-80.1037,32.9869],[-80.1023,32.9761],[-80.1095,32.9804],[-80.1105,32.9855],[-80.1254,32.9823],[-80.1353,32.9772],[-80.1395,32.9776],[-80.1356,32.9755],[-80.1246,32.9661],[-80.1294,32.9653],[-80.1309,32.9646],[-80.1243,32.9517],[-80.1288,32.9494],[-80.1337,32.9582],[-80.1395,32.9554],[-80.1417,32.9594],[-80.1569,32.9517],[-80.1576,32.949],[-80.1495,32.9399],[-80.1375,32.9324],[-80.141,32.9299],[-80.1494,32.9368],[-80.1664,32.9256],[-80.1738,32.9316],[-80.177,32.9342]],[[-80.1128,32.8859],[-80.1023,32.9044],[-80.1029,32.911],[-80.0896,32.9056],[-80.0977,32.887],[-80.1024,32.8812],[-80.1128,32.8859]],[[-80.1063,32.9257],[-80.1038,32.9341],[-80.0892,32.9362],[-80.0808,32.9261],[-80.0853,32.9157],[-80.092,32.9146],[-80.0982,32.9215],[-80.1063,32.9257]]]}},{"type":"Feature","properties":{"id":"p4550020","name":"Newtown"},"geometry":{"type":"Polygon","coordinates":[[[-79.3629,34.4055],[-79.3621,34.3952],[-79.351,34.3965],[-79.3503,34.4025],[-79.3574,34.4094],[-79.3629,34.4055]]]}},{"type":"Feature","properties":{"id":"p4570675","name":"Swansea"},"geometry":{"type":"Polygon","coordinates":[[[-81.1048,33.7992],[-81.1074,33.7564],[-81.1128,33.7515],[-81.1092,33.7439],[-81.1161,33.7368],[-81.1125,33.7286],[-81.0998,33.7243],[-81.0923,33.7328],[-81.0905,33.7385],[-81.1019,33.7429],[-81.0989,33.7458],[-81.1016,33.7558],[-81.1067,33.7579],[-81.1047,33.7967],[-81.1048,33.7992]]]}},{"type":"Feature","properties":{"id":"p4528780","name":"Gaston"},"geometry":{"type":"Polygon","coordinates":[[[-81.1047,33.7967],[-81.0978,33.7922],[-81.0872,33.7911],[-81.0825,33.7933],[-81.0849,33.7989],[-81.0999,33.7986],[-81.087,33.8077],[-81.0782,33.8214],[-81.0838,33.8284],[-81.0926,33.8299],[-81.0859,33.8391],[-81.093,33.8461],[-81.0979,33.8382],[-81.107,33.8377],[-81.1192,33.828],[-81.1193,33.8222],[-81.1268,33.8219],[-81.1255,33.8153],[-81.1197,33.8152],[-81.1125,33.8059],[-81.1048,33.7992],[-81.1047,33.7967]]]}},{"type":"Feature","properties":{"id":"p4508155","name":"Bradley"},"geometry":{"type":"Polygon","coordinates":[[[-82.2826,34.0448],[-82.2749,34.0402],[-82.2697,34.0338],[-82.2583,34.0285],[-82.2377,34.0131],[-82.2308,34.0185],[-82.2205,34.0188],[-82.2128,34.0247],[-82.218,34.0328],[-82.2194,34.0398],[-82.2138,34.0478],[-82.22,34.0529],[-82.2256,34.0527],[-82.2368,34.0566],[-82.2413,34.0542],[-82.2465,34.0593],[-82.2521,34.0607],[-82.2605,34.0579],[-82.2661,34.0599],[-82.2698,34.0529],[-82.2748,34.0526],[-82.2826,34.0448]]]}},{"type":"Feature","properties":{"id":"p4524370","name":"Fairfax"},"geometry":{"type":"Polygon","coordinates":[[[-81.2538,32.958],[-81.2498,32.9484],[-81.2406,32.9449],[-81.2271,32.9464],[-81.2202,32.9519],[-81.2194,32.9642],[-81.2291,32.973],[-81.2379,32.9744],[-81.2498,32.9697],[-81.2538,32.958]]]}},{"type":"Feature","properties":{"id":"p4524020","name":"Eureka Mill"},"geometry":{"type":"Polygon","coordinates":[[[-81.1964,34.7053],[-81.1853,34.7074],[-81.1806,34.7113],[-81.1929,34.7189],[-81.1782,34.7237],[-81.1831,34.7298],[-81.1939,34.7207],[-81.2006,34.7275],[-81.2063,34.7272],[-81.2057,34.7185],[-81.197,34.71],[-81.1964,34.7053]]]}},{"type":"Feature","properties":{"id":"p4511350","name":"Cane Savannah"},"geometry":{"type":"Polygon","coordinates":[[[-80.4669,33.8996],[-80.4612,33.8854],[-80.4573,33.8835],[-80.4467,33.886],[-80.4418,33.8796],[-80.4234,33.8804],[-80.4196,33.8793],[-80.4172,33.8915],[-80.416,33.8983],[-80.4197,33.9049],[-80.4669,33.8996]]]}},{"type":"Feature","properties":{"id":"p4551367","name":"North Santee"},"geometry":{"type":"Polygon","coordinates":[[[-80.4534,33.5614],[-80.4471,33.5608],[-80.4456,33.5532],[-80.4489,33.5516],[-80.4428,33.5439],[-80.4438,33.5398],[-80.4337,33.5385],[-80.433,33.5309],[-80.4379,33.5286],[-80.4376,33.5233],[-80.428,33.5098],[-80.4168,33.4987],[-80.4092,33.4932],[-80.3967,33.4875],[-80.3943,33.4952],[-80.4047,33.5022],[-80.4053,33.5099],[-80.3936,33.5341],[-80.393,33.5561],[-80.4036,33.5626],[-80.4181,33.5666],[-80.424,33.5732],[-80.4328,33.5731],[-80.4375,33.566],[-80.4534,33.5614]]]}},{"type":"Feature","properties":{"id":"p4576165","name":"Westminster"},"geometry":{"type":"Polygon","coordinates":[[[-83.1146,34.6635],[-83.1098,34.6635],[-83.1079,34.6539],[-83.0953,34.6554],[-83.0887,34.6507],[-83.0826,34.6541],[-83.08,34.6496],[-83.0726,34.6518],[-83.0697,34.6572],[-83.0749,34.6628],[-83.0784,34.676],[-83.0819,34.6796],[-83.0991,34.6808],[-83.1073,34.6731],[-83.1089,34.6664],[-83.1146,34.6635]]]}},{"type":"Feature","properties":{"id":"p4573105","name":"Union"},"geometry":{"type":"Polygon","coordinates":[[[-81.6031,34.7342],[-81.6025,34.7473],[-81.604,34.7526],[-81.6107,34.7524],[-81.6097,34.7451],[-81.6503,34.7449],[-81.6547,34.7412],[-81.6523,34.7323],[-81.6445,34.7267],[-81.6473,34.7193],[-81.6437,34.7092],[-81.6503,34.705],[-81.6394,34.701],[-81.6306,34.7009],[-81.6254,34.6983],[-81.6096,34.7004],[-81.6044,34.7006],[-81.6031,34.7342]]]}},{"type":"Feature","properties":{"id":"p4538590","name":"Kingstree"},"geometry":{"type":"Polygon","coordinates":[[[-79.8474,33.6664],[-79.8378,33.658],[-79.8364,33.6515],[-79.825,33.6497],[-79.8152,33.6541],[-79.8135,33.6644],[-79.8157,33.671],[-79.8242,33.6767],[-79.8244,33.683],[-79.845,33.6791],[-79.8445,33.6721],[-79.8474,33.6664]]]}},{"type":"Feature","properties":{"id":"p4502440","name":"Arial"},"geometry":{"type":"Polygon","coordinates":[[[-82.6079,34.8499],[-82.6147,34.8587],[-82.6231,34.8559],[-82.6278,34.8572],[-82.6415,34.8558],[-82.6459,34.8527],[-82.6517,34.8597],[-82.6681,34.8554],[-82.6749,34.8515],[-82.6648,34.8379],[-82.6492,34.8395],[-82.6436,34.8331],[-82.6391,34.8363],[-82.6324,34.8313],[-82.6241,34.834],[-82.6151,34.8402],[-82.6079,34.8499]]]}},{"type":"Feature","properties":{"id":"p4578820","name":"Woodfield"},"geometry":{"type":"Polygon","coordinates":[[[-80.9514,34.0604],[-80.9515,34.0603],[-80.9501,34.0577],[-80.9496,34.057],[-80.9492,34.0565],[-80.9464,34.0532],[-80.9417,34.0444],[-80.9377,34.0418],[-80.9054,34.0638],[-80.9141,34.0704],[-80.9222,34.0679],[-80.9358,34.0713],[-80.9414,34.0658],[-80.9514,34.0604]]]}},{"type":"Feature","properties":{"id":"p4524100","name":"Eutawville"},"geometry":{"type":"Polygon","coordinates":[[[-80.352,33.401],[-80.3531,33.3915],[-80.3507,33.3893],[-80.3371,33.3931],[-80.3321,33.3987],[-80.3325,33.4034],[-80.3419,33.4055],[-80.352,33.401]]]}},{"type":"Feature","properties":{"id":"p4554535","name":"Parker"},"geometry":{"type":"Polygon","coordinates":[[[-82.4846,34.8517],[-82.4847,34.8444],[-82.4891,34.8411],[-82.4872,34.832],[-82.4621,34.8336],[-82.4459,34.8334],[-82.4357,34.8364],[-82.4242,34.8426],[-82.4298,34.8485],[-82.4198,34.8569],[-82.4278,34.8581],[-82.4277,34.8583],[-82.4358,34.8596],[-82.4335,34.8652],[-82.4242,34.8657],[-82.4212,34.869],[-82.4217,34.8718],[-82.4368,34.8842],[-82.4446,34.8772],[-82.4355,34.8716],[-82.4482,34.8662],[-82.4572,34.8558],[-82.4693,34.8587],[-82.4773,34.8534],[-82.4846,34.8517]]]}},{"type":"Feature","properties":{"id":"p4570225","name":"Summerton"},"geometry":{"type":"Polygon","coordinates":[[[-80.362,33.5948],[-80.3622,33.586],[-80.3547,33.5844],[-80.3503,33.5879],[-80.3499,33.5939],[-80.3568,33.5946],[-80.3567,33.5996],[-80.3488,33.5991],[-80.3409,33.6073],[-80.3455,33.6143],[-80.3548,33.6138],[-80.3581,33.6104],[-80.3545,33.602],[-80.3614,33.6002],[-80.362,33.5948]]]}},{"type":"Feature","properties":{"id":"p4557670","name":"Plum Branch"},"geometry":{"type":"Polygon","coordinates":[[[-82.2752,33.8493],[-82.269,33.8431],[-82.2542,33.8435],[-82.2542,33.8526],[-82.2633,33.8548],[-82.2719,33.8531],[-82.2752,33.8493]]]}},{"type":"Feature","properties":{"id":"p4515355","name":"Clover"},"geometry":{"type":"MultiPolygon","coordinates":[[[[-81.1992,35.1032],[-81.1914,35.0982],[-81.1863,35.102],[-81.1736,35.0969],[-81.1728,35.1024],[-81.183,35.1015],[-81.1963,35.1063],[-81.1992,35.1032]]],[[[-81.2157,35.1176],[-81.2079,35.1264],[-81.214,35.133],[-81.2138,35.145],[-81.2215,35.1426],[-81.2207,35.1346],[-81.216,35.1306],[-81.2228,35.1248],[-81.2327,35.1246],[-81.2429,35.1193],[-81.2397,35.1052],[-81.2457,35.0958],[-81.2334,35.0957],[-81.23,35.0887],[-81.2235,35.093],[-81.2255,35.0974],[-81.216,35.099],[-81.215,35.0943],[-81.2076,35.096],[-81.2038,35.1047],[-81.208,35.106],[-81.2092,35.1164],[-81.2157,35.1176]]]]}},{"type":"Feature","properties":{"id":"p4529815","name":"Goose Creek"},"geometry":{"type":"MultiPolygon","coordinates":[[[[-79.9415,32.9868],[-79.9402,32.9764],[-79.9339,32.9748],[-79.933,32.987],[-79.9415,32.9868]]],[[[-79.935,32.9218],[-79.9403,32.9307],[-79.9383,32.9366],[-79.9287,32.9424],[-79.9313,32.9524],[-79.9209,32.9606],[-79.9308,32.9675],[-79.9388,32.9674],[-79.9438,32.9814],[-79.9438,32.9879],[-79.9387,32.9983],[-79.9391,33.0096],[-79.9521,33.0211],[-79.9697,33.0192],[-79.9972,33.0216],[-80.018,33.032],[-80.0151,33.0353],[-80.0165,33.0482],[-80.0226,33.0525],[-80.0315,33.0529],[-80.0318,33.039],[-80.0342,33.0332],[-80.0472,33.0286],[-80.0515,33.0328],[-80.0621,33.0372],[-80.0782,33.0566],[-80.0859,33.0617],[-80.0908,33.0767],[-80.1,33.0736],[-80.1047,33.0771],[-80.1173,33.0669],[-80.136,33.0731],[-80.1426,33.0598],[-80.1332,33.0538],[-80.1182,33.0471],[-80.1098,33.054],[-80.0958,33.0529],[-80.0911,33.0469],[-80.0793,33.0441],[-80.0685,33.039],[-80.0729,33.0328],[-80.0828,33.0313],[-80.0774,33.026],[-80.0885,33.0259],[-80.0887,33.0218],[-80.0888,33.0107],[-80.0806,33.0043],[-80.0902,32.9974],[-80.092,32.9904],[-80.0906,32.9909],[-80.0834,32.9922],[-80.0815,32.9938],[-80.056,32.9994],[-80.0506,32.9905],[-80.0395,32.9857],[-80.036,32.9787],[-80.038,32.9731],[-80.0346,32.965],[-80.0253,32.9676],[-80.026,32.9691],[-80.0238,32.9746],[-80.0321,32.9863],[-80.0267,32.9902],[-80.0253,33.0047],[-80.0189,33.0021],[-80.0135,32.9931],[-80.0087,32.99],[-80.0021,32.9909],[-80.0035,32.9797],[-80.0002,32.9578],[-80.0025,32.9566],[-79.9989,32.9491],[-79.9958,32.9313],[-79.9914,32.9355],[-79.9826,32.9369],[-79.981,32.945],[-79.9738,32.9418],[-79.9752,32.9358],[-79.9703,32.9306],[-79.9705,32.9258],[-79.948,32.9112],[-79.9332,32.9143],[-79.935,32.9218]],[[-80.0476,33.0197],[-80.0495,33.0259],[-80.0398,33.0279],[-80.0424,33.0206],[-80.0476,33.0197]],[[-80.0368,33.0115],[-80.0355,33.0163],[-80.0291,33.0177],[-80.0318,33.0073],[-80.0368,33.0115]]]]}},{"type":"Feature","properties":{"id":"p4542730","name":"Loris"},"geometry":{"type":"Polygon","coordinates":[[[-78.9219,34.0546],[-78.918,34.0511],[-78.9076,34.0538],[-78.895,34.0503],[-78.8772,34.0399],[-78.8671,34.042],[-78.8581,34.0397],[-78.857,34.0446],[-78.8636,34.047],[-78.8622,34.057],[-78.8705,34.0582],[-78.881,34.0634],[-78.8787,34.0688],[-78.8708,34.064],[-78.8661,34.0666],[-78.8805,34.0726],[-78.8957,34.0744],[-78.9034,34.0677],[-78.9166,34.0683],[-78.919,34.0636],[-78.9164,34.0579],[-78.9219,34.0546]]]}},{"type":"Feature","properties":{"id":"p4515625","name":"Cokesbury"},"geometry":{"type":"Polygon","coordinates":[[[-82.2204,34.2877],[-82.2096,34.2834],[-82.2026,34.284],[-82.2053,34.2956],[-82.2134,34.2977],[-82.2153,34.288],[-82.2204,34.2877]]]}},{"type":"Feature","properties":{"id":"p4534720","name":"Homeland Park"},"geometry":{"type":"Polygon","coordinates":[[[-82.6891,34.4609],[-82.6802,34.4523],[-82.6664,34.4466],[-82.6609,34.4519],[-82.6504,34.4491],[-82.6379,34.4532],[-82.6416,34.458],[-82.6425,34.4649],[-82.6375,34.4756],[-82.6294,34.4812],[-82.6364,34.484],[-82.6478,34.4799],[-82.6513,34.4736],[-82.6633,34.4816],[-82.6736,34.4708],[-82.6837,34.467],[-82.6891,34.4609]]]}},{"type":"Feature","properties":{"id":"p4565207","name":"Seven Oaks"},"geometry":{"type":"Polygon","coordinates":[[[-81.166,34.0631],[-81.1826,34.0587],[-81.1859,34.0565],[-81.1835,34.0476],[-81.174,34.0481],[-81.1627,34.0426],[-81.1518,34.0336],[-81.1233,34.0245],[-81.1038,34.0233],[-81.1034,34.0238],[-81.1097,34.0276],[-81.1074,34.0312],[-81.1163,34.0452],[-81.132,34.0623],[-81.1448,34.0724],[-81.167,34.0645],[-81.166,34.0631]]]}},{"type":"Feature","properties":{"id":"p4533977","name":"Hilltop"},"geometry":{"type":"Polygon","coordinates":[[[-81.9762,34.9813],[-81.9626,34.9664],[-81.9557,34.9607],[-81.9515,34.9667],[-81.9413,34.9707],[-81.9387,34.9707],[-81.9376,34.9717],[-81.942,34.9751],[-81.9536,34.981],[-81.9653,34.9893],[-81.9762,34.9813]]]}},{"type":"Feature","properties":{"id":"p4547200","name":"Monarch Mill"},"geometry":{"type":"Polygon","coordinates":[[[-81.6096,34.7004],[-81.6077,34.6975],[-81.5802,34.6923],[-81.5773,34.7026],[-81.5683,34.7055],[-81.5683,34.7099],[-81.5601,34.7208],[-81.5605,34.7324],[-81.5727,34.7317],[-81.5835,34.7355],[-81.5926,34.733],[-81.6031,34.7342],[-81.6044,34.7006],[-81.6096,34.7004]]]}},{"type":"Feature","properties":{"id":"p4543135","name":"Lydia"},"geometry":{"type":"Polygon","coordinates":[[[-80.1409,34.2871],[-80.1354,34.2846],[-80.1274,34.2733],[-80.1198,34.2772],[-80.1119,34.2752],[-80.1051,34.2761],[-80.106,34.2812],[-80.0996,34.285],[-80.113,34.3027],[-80.1409,34.2871]]]}},{"type":"Feature","properties":{"id":"p4529140","name":"Gillisonville"},"geometry":{"type":"Polygon","coordinates":[[[-81.0127,32.6097],[-81.0032,32.6022],[-80.9962,32.6022],[-80.9892,32.6119],[-80.9884,32.6166],[-81.0043,32.6202],[-81.0085,32.6125],[-81.0127,32.6097]]]}},{"type":"Feature","properties":{"id":"p4562485","name":"St. Charles"},"geometry":{"type":"Polygon","coordinates":[[[-80.2543,34.0887],[-80.2524,34.0837],[-80.2326,34.0823],[-80.2277,34.0671],[-80.2234,34.0631],[-80.2128,34.0624],[-80.1986,34.0558],[-80.2106,34.0711],[-80.2037,34.0761],[-80.2082,34.0835],[-80.216,34.087],[-80.2157,34.0923],[-80.2251,34.0971],[-80.2263,34.1007],[-80.2347,34.1031],[-80.2356,34.0979],[-80.247,34.0941],[-80.2543,34.0887]]]}},{"type":"Feature","properties":{"id":"p4509782","name":"Browntown"},"geometry":{"type":"Polygon","coordinates":[[[-80.3342,34.2028],[-80.326,34.1954],[-80.2966,34.1961],[-80.2926,34.2029],[-80.2999,34.206],[-80.3053,34.2046],[-80.3081,34.2134],[-80.3132,34.2093],[-80.3205,34.2238],[-80.3278,34.218],[-80.3304,34.2085],[-80.3342,34.2028]]]}},{"type":"Feature","properties":{"id":"p4531660","name":"Hamer"},"geometry":{"type":"Polygon","coordinates":[[[-79.3536,34.4587],[-79.348,34.4513],[-79.3359,34.4581],[-79.3243,34.4611],[-79.3233,34.45],[-79.3089,34.4555],[-79.3148,34.4665],[-79.3113,34.4724],[-79.321,34.4793],[-79.3063,34.4864],[-79.2974,34.4922],[-79.3081,34.5017],[-79.3145,34.4972],[-79.3289,34.4912],[-79.3411,34.4775],[-79.3536,34.4587]]]}},{"type":"Feature","properties":{"id":"p4520590","name":"Drayton"},"geometry":{"type":"Polygon","coordinates":[[[-81.9007,34.9886],[-81.92,34.9682],[-81.9149,34.9651],[-81.9021,34.9681],[-81.8902,34.9747],[-81.8919,34.9808],[-81.9007,34.9886]]]}},{"type":"Feature","properties":{"id":"p4555645","name":"Pendleton"},"geometry":{"type":"Polygon","coordinates":[[[-82.8003,34.6608],[-82.8014,34.6525],[-82.7998,34.6448],[-82.7936,34.6388],[-82.7937,34.6333],[-82.7854,34.6311],[-82.7893,34.6179],[-82.7951,34.6182],[-82.8061,34.6141],[-82.7897,34.6086],[-82.7884,34.6133],[-82.7817,34.6152],[-82.7772,34.6193],[-82.7812,34.6292],[-82.7762,34.635],[-82.7718,34.6319],[-82.7674,34.6366],[-82.7617,34.6335],[-82.7578,34.637],[-82.7613,34.6417],[-82.7696,34.6411],[-82.7603,34.6508],[-82.7665,34.6596],[-82.7825,34.6654],[-82.7926,34.6629],[-82.7953,34.6655],[-82.8003,34.6608]]]}},{"type":"Feature","properties":{"id":"p4529410","name":"Gloverville"},"geometry":{"type":"Polygon","coordinates":[[[-81.8357,33.5245],[-81.8388,33.5203],[-81.8253,33.5107],[-81.8219,33.5113],[-81.8169,33.51],[-81.8072,33.5208],[-81.8027,33.5238],[-81.7878,33.5162],[-81.7856,33.5191],[-81.8002,33.5308],[-81.7983,33.5328],[-81.8099,33.5502],[-81.8245,33.5344],[-81.8328,33.5273],[-81.8357,33.5245]]]}},{"type":"Feature","properties":{"id":"p4558170","name":"Powdersville"},"geometry":{"type":"Polygon","coordinates":[[[-82.5438,34.7914],[-82.544,34.7913],[-82.5396,34.7873],[-82.5331,34.7865],[-82.5302,34.7791],[-82.5191,34.764],[-82.503,34.7549],[-82.4976,34.7548],[-82.4924,34.7477],[-82.4907,34.738],[-82.4877,34.7349],[-82.4695,34.7689],[-82.4584,34.7792],[-82.4609,34.7967],[-82.4693,34.7981],[-82.4751,34.8104],[-82.487,34.819],[-82.5284,34.7989],[-82.53,34.7981],[-82.5438,34.7914]]]}},{"type":"Feature","properties":{"id":"p4538058","name":"Keowee Key"},"geometry":{"type":"Polygon","coordinates":[[[-82.9436,34.8235],[-82.9329,34.8191],[-82.923,34.8132],[-82.9196,34.8032],[-82.9116,34.7979],[-82.9058,34.8016],[-82.8966,34.8029],[-82.8959,34.8156],[-82.9011,34.8232],[-82.8978,34.8247],[-82.8992,34.8319],[-82.8961,34.8369],[-82.9012,34.8491],[-82.9182,34.848],[-82.9185,34.8427],[-82.928,34.8434],[-82.9404,34.8421],[-82.9378,34.8376],[-82.9411,34.8308],[-82.9379,34.8263],[-82.9436,34.8235]]]}},{"type":"Feature","properties":{"id":"p4530355","name":"Gray Court"},"geometry":{"type":"Polygon","coordinates":[[[-82.1275,34.6098],[-82.1264,34.6051],[-82.1192,34.5965],[-82.112,34.5964],[-82.1013,34.6039],[-82.1016,34.6118],[-82.1078,34.6167],[-82.1175,34.6175],[-82.1247,34.616],[-82.1275,34.6098]]]}},{"type":"Feature","properties":{"id":"p4559020","name":"Ravenel"},"geometry":{"type":"Polygon","coordinates":[[[-80.1529,32.7876],[-80.1614,32.7861],[-80.1731,32.7877],[-80.1896,32.7933],[-80.1861,32.7816],[-80.2231,32.7906],[-80.2232,32.8027],[-80.2345,32.8029],[-80.2337,32.8068],[-80.2454,32.8079],[-80.2468,32.7981],[-80.2644,32.8009],[-80.2691,32.7993],[-80.2606,32.7887],[-80.2684,32.7795],[-80.2756,32.7545],[-80.2598,32.7548],[-80.2495,32.7576],[-80.2431,32.7537],[-80.2332,32.7523],[-80.2231,32.7563],[-80.2181,32.7654],[-80.2061,32.7681],[-80.1839,32.772],[-80.1794,32.7732],[-80.1812,32.7795],[-80.1764,32.7842],[-80.1723,32.7751],[-80.1497,32.7813],[-80.1485,32.783],[-80.1468,32.7852],[-80.1529,32.7876]]]}},{"type":"Feature","properties":{"id":"p4502080","name":"Arcadia"},"geometry":{"type":"Polygon","coordinates":[[[-82.0062,34.9681],[-82.0019,34.9519],[-82.0019,34.9455],[-81.9918,34.9484],[-81.9815,34.9543],[-81.9812,34.9739],[-81.984,34.9752],[-82.0062,34.9681]]]}},{"type":"Feature","properties":{"id":"p4556905","name":"Pine Ridge"},"geometry":{"type":"Polygon","coordinates":[[[-80.1816,34.3863],[-80.1748,34.3796],[-80.1588,34.3837],[-80.1552,34.3823],[-80.1534,34.3994],[-80.1631,34.3984],[-80.1662,34.4104],[-80.1738,34.4097],[-80.1712,34.4035],[-80.1794,34.3999],[-80.1829,34.3943],[-80.1816,34.3863]]]}},{"type":"Feature","properties":{"id":"p4532065","name":"Hanahan"},"geometry":{"type":"Polygon","coordinates":[[[-80.0411,32.9739],[-80.0426,32.9603],[-80.0415,32.955],[-80.0264,32.9268],[-80.0235,32.9213],[-80.0118,32.8999],[-80.0002,32.9019],[-79.9992,32.902],[-79.9508,32.9107],[-79.9503,32.9103],[-79.948,32.9112],[-79.9705,32.9258],[-79.9703,32.9306],[-79.9752,32.9358],[-79.9738,32.9418],[-79.981,32.945],[-79.9826,32.9369],[-79.9914,32.9355],[-79.9958,32.9313],[-79.9989,32.9491],[-80.0025,32.9566],[-80.0151,32.9532],[-80.0221,32.9535],[-80.0253,32.9676],[-80.0346,32.965],[-80.0411,32.9739]]]}},{"type":"Feature","properties":{"id":"p4514140","name":"Chesterfield"},"geometry":{"type":"Polygon","coordinates":[[[-80.1208,34.7395],[-80.1092,34.731],[-80.0846,34.7289],[-80.0854,34.7229],[-80.0762,34.7267],[-80.0686,34.7224],[-80.0654,34.7283],[-80.0403,34.7166],[-80.0394,34.7257],[-80.0449,34.731],[-80.0574,34.7303],[-80.0509,34.737],[-80.0532,34.7395],[-80.0652,34.7368],[-80.0766,34.7404],[-80.082,34.7475],[-80.1106,34.7423],[-80.1116,34.7377],[-80.1208,34.7395]]]}},{"type":"Feature","properties":{"id":"p4539715","name":"Lake View"},"geometry":{"type":"Polygon","coordinates":[[[-79.1822,34.3375],[-79.168,34.3301],[-79.1602,34.3317],[-79.1505,34.3404],[-79.15,34.348],[-79.1544,34.3492],[-79.1642,34.347],[-79.1813,34.3467],[-79.1822,34.3375]]]}},{"type":"Feature","properties":{"id":"p4558030","name":"Port Royal"},"geometry":{"type":"MultiPolygon","coordinates":[[[[-80.7482,32.4151],[-80.7528,32.4083],[-80.7485,32.404],[-80.7489,32.3969],[-80.7403,32.3969],[-80.7332,32.3824],[-80.7369,32.3746],[-80.7349,32.3732],[-80.7322,32.377],[-80.7179,32.3763],[-80.7088,32.3742],[-80.6998,32.3744],[-80.6885,32.3678],[-80.6952,32.3608],[-80.7065,32.3628],[-80.7297,32.3552],[-80.7363,32.3541],[-80.7298,32.3462],[-80.721,32.3391],[-80.7182,32.3346],[-80.6997,32.3152],[-80.6985,32.3107],[-80.6885,32.3028],[-80.6812,32.3001],[-80.666,32.3001],[-80.666,32.313],[-80.6629,32.3366],[-80.6697,32.3511],[-80.6786,32.358],[-80.6861,32.3672],[-80.6728,32.3691],[-80.6718,32.3737],[-80.6619,32.3775],[-80.6594,32.378],[-80.6581,32.3775],[-80.6587,32.3806],[-80.6773,32.3806],[-80.6795,32.3884],[-80.6803,32.4005],[-80.6873,32.4005],[-80.6884,32.3934],[-80.6948,32.3932],[-80.6948,32.3878],[-80.7066,32.389],[-80.7191,32.3952],[-80.7203,32.3958],[-80.73,32.4012],[-80.7352,32.4045],[-80.7464,32.4042],[-80.7464,32.4151],[-80.7482,32.4151]]],[[[-80.7427,32.3866],[-80.7544,32.3927],[-80.7593,32.3874],[-80.7424,32.3864],[-80.7427,32.3866]]],[[[-80.7613,32.4152],[-80.7696,32.413],[-80.7677,32.4082],[-80.7596,32.4032],[-80.7708,32.3986],[-80.769,32.3942],[-80.7627,32.3902],[-80.7604,32.3955],[-80.7527,32.4006],[-80.756,32.4067],[-80.7528,32.4151],[-80.7613,32.4152]]]]}},{"type":"Feature","properties":{"id":"p4507525","name":"Bonneau"},"geometry":{"type":"Polygon","coordinates":[[[-79.974,33.3117],[-79.9736,33.3031],[-79.9689,33.2973],[-79.9572,33.2936],[-79.9482,33.296],[-79.9405,33.306],[-79.9396,33.3148],[-79.9537,33.3221],[-79.9679,33.3195],[-79.974,33.3117]]]}},{"type":"Feature","properties":{"id":"p4545790","name":"Meggett"},"geometry":{"type":"MultiPolygon","coordinates":[[[[-80.2164,32.7311],[-80.2048,32.7245],[-80.2007,32.718],[-80.1944,32.7193],[-80.1958,32.7257],[-80.1889,32.7259],[-80.1858,32.7212],[-80.1774,32.7215],[-80.178,32.7297],[-80.184,32.7333],[-80.1885,32.7287],[-80.1984,32.7368],[-80.2164,32.7311]]],[[[-80.2229,32.7172],[-80.2203,32.7106],[-80.2046,32.7111],[-80.2054,32.7183],[-80.2091,32.7252],[-80.2157,32.7232],[-80.2229,32.7172]]],[[[-80.2567,32.7018],[-80.266,32.6934],[-80.2723,32.6988],[-80.2755,32.6897],[-80.2839,32.6892],[-80.2956,32.684],[-80.295,32.6797],[-80.2837,32.6721],[-80.2724,32.6676],[-80.2636,32.6776],[-80.2546,32.6781],[-80.2503,32.6885],[-80.2415,32.6915],[-80.2381,32.6877],[-80.2259,32.6943],[-80.2217,32.6989],[-80.2333,32.7065],[-80.2252,32.7118],[-80.2251,32.7181],[-80.2297,32.7189],[-80.2319,32.7258],[-80.2387,32.7305],[-80.25,32.7187],[-80.2529,32.7118],[-80.2578,32.7079],[-80.2641,32.7094],[-80.2567,32.7018]]],[[[-80.3036,32.7269],[-80.3049,32.7292],[-80.3208,32.727],[-80.3191,32.7203],[-80.3039,32.7247],[-80.3036,32.7269]]],[[[-80.3126,32.6993],[-80.3183,32.6972],[-80.3177,32.6908],[-80.3077,32.6899],[-80.3001,32.6859],[-80.2911,32.6899],[-80.2771,32.6933],[-80.2773,32.6997],[-80.2767,32.7066],[-80.2765,32.7076],[-80.2745,32.7092],[-80.2721,32.7105],[-80.2703,32.7099],[-80.267,32.7163],[-80.2679,32.7184],[-80.2693,32.72],[-80.2694,32.7211],[-80.2745,32.7262],[-80.2801,32.7242],[-80.2821,32.7246],[-80.2871,32.7208],[-80.2946,32.7186],[-80.3028,32.7142],[-80.3057,32.7184],[-80.3102,32.7212],[-80.3119,32.7195],[-80.3111,32.6999],[-80.3126,32.6993]],[[-80.2972,32.699],[-80.2968,32.7047],[-80.2919,32.708],[-80.2898,32.6995],[-80.2972,32.699]]],[[[-80.3287,32.6898],[-80.3345,32.6838],[-80.3334,32.6763],[-80.3245,32.6766],[-80.3238,32.6698],[-80.3199,32.6645],[-80.3196,32.6587],[-80.3077,32.6576],[-80.2979,32.6595],[-80.2936,32.65],[-80.2864,32.654],[-80.2839,32.6603],[-80.2899,32.6619],[-80.3009,32.682],[-80.3056,32.6824],[-80.3087,32.6896],[-80.3136,32.6877],[-80.321,32.6786],[-80.3287,32.6898]]],[[[-80.3287,32.6898],[-80.3375,32.6969],[-80.3387,32.6921],[-80.3444,32.6902],[-80.349,32.6947],[-80.3512,32.683],[-80.348,32.6758],[-80.3373,32.6761],[-80.3377,32.6838],[-80.3287,32.6898]]]]}},{"type":"Feature","properties":{"id":"p4508110","name":"Boykin"},"geometry":{"type":"Polygon","coordinates":[[[-80.6164,34.1107],[-80.6181,34.1089],[-80.6044,34.1017],[-80.5801,34.0999],[-80.5523,34.1193],[-80.5654,34.1256],[-80.5647,34.1317],[-80.5732,34.1384],[-80.5843,34.1354],[-80.588,34.141],[-80.6005,34.1396],[-80.6057,34.1412],[-80.6085,34.1289],[-80.6127,34.127],[-80.6166,34.1157],[-80.6164,34.1107]]]}},{"type":"Feature","properties":{"id":"p4504915","name":"Beech Island"},"geometry":{"type":"Polygon","coordinates":[[[-81.9142,33.4355],[-81.9126,33.4201],[-81.9058,33.4103],[-81.9004,33.4125],[-81.8796,33.4125],[-81.8758,33.4168],[-81.8844,33.423],[-81.8721,33.4261],[-81.8672,33.4306],[-81.8554,33.4355],[-81.8552,33.4396],[-81.8747,33.4416],[-81.8896,33.4362],[-81.8946,33.446],[-81.8997,33.4469],[-81.9064,33.4415],[-81.9122,33.4409],[-81.9142,33.4355]]]}},{"type":"Feature","properties":{"id":"p4566580","name":"Simpsonville"},"geometry":{"type":"Polygon","coordinates":[[[-82.2632,34.7564],[-82.2696,34.7533],[-82.2639,34.747],[-82.2827,34.742],[-82.2836,34.7334],[-82.291,34.7255],[-82.3012,34.7225],[-82.2998,34.7178],[-82.2793,34.7186],[-82.2756,34.7074],[-82.2682,34.7012],[-82.2546,34.703],[-82.2474,34.7014],[-82.2434,34.7067],[-82.2432,34.7072],[-82.2469,34.7107],[-82.2422,34.7153],[-82.2291,34.715],[-82.2329,34.7098],[-82.2236,34.7127],[-82.2139,34.7295],[-82.2191,34.7297],[-82.2216,34.7406],[-82.2272,34.7436],[-82.228,34.7337],[-82.2311,34.7269],[-82.2394,34.7289],[-82.2373,34.7356],[-82.2393,34.7468],[-82.2488,34.7487],[-82.2482,34.7535],[-82.255,34.7552],[-82.2514,34.7656],[-82.2638,34.766],[-82.2632,34.7564]]]}},{"type":"Feature","properties":{"id":"p4561405","name":"Rock Hill"},"geometry":{"type":"MultiPolygon","coordinates":[[[[-80.9932,34.8729],[-81.0004,34.8786],[-81.0033,34.8653],[-80.9904,34.8687],[-80.9838,34.8613],[-80.9779,34.8668],[-80.9922,34.8708],[-80.9932,34.8729]]],[[[-81.0426,35.0021],[-81.0409,34.9991],[-81.0471,34.988],[-81.0449,34.9867],[-81.0365,35.001],[-81.0426,35.0021]]],[[[-81.106,34.9566],[-81.1077,34.953],[-81.1225,34.9455],[-81.1173,34.9426],[-81.1184,34.9379],[-81.1116,34.9355],[-81.0999,34.9427],[-81.1032,34.9509],[-81.0982,34.9552],[-81.09,34.9457],[-81.0941,34.936],[-81.0868,34.9321],[-81.0813,34.9338],[-81.0806,34.9398],[-81.0762,34.9439],[-81.0697,34.9446],[-81.0682,34.94],[-81.0568,34.9385],[-81.056,34.9323],[-81.0656,34.9297],[-81.0626,34.9259],[-81.0603,34.9082],[-81.068,34.8989],[-81.0766,34.8975],[-81.0864,34.8921],[-81.0835,34.886],[-81.0777,34.8843],[-81.0857,34.8782],[-81.0689,34.8752],[-81.0565,34.8757],[-81.0543,34.8821],[-81.0459,34.8808],[-81.0297,34.8721],[-81.0215,34.8751],[-81.0273,34.8843],[-81.0285,34.8922],[-81.016,34.891],[-81.0197,34.8778],[-81.0133,34.8804],[-81.0081,34.8712],[-81.0046,34.8696],[-81,34.8836],[-80.9938,34.8854],[-80.9901,34.8781],[-80.9932,34.8729],[-80.9873,34.8788],[-80.9716,34.8849],[-80.9768,34.8912],[-80.9895,34.8986],[-80.983,34.9022],[-80.9867,34.9049],[-80.9823,34.9135],[-80.9728,34.9118],[-80.9663,34.9108],[-80.9597,34.9061],[-80.9557,34.9163],[-80.9588,34.9226],[-80.9606,34.9377],[-80.9569,34.9388],[-80.9463,34.9332],[-80.9378,34.9416],[-80.9323,34.9441],[-80.9274,34.9506],[-80.9353,34.9531],[-80.9453,34.9537],[-80.9613,34.9654],[-80.9579,34.9744],[-80.9653,34.981],[-80.9738,34.985],[-80.9839,34.9869],[-80.9939,34.9908],[-81.003,34.9922],[-81.006,34.9974],[-81.016,34.9858],[-81.0173,34.9804],[-81.0236,34.9806],[-81.0213,34.9891],[-81.0293,34.9859],[-81.0383,34.9901],[-81.0331,34.9786],[-81.0365,34.9758],[-81.0308,34.9696],[-81.0388,34.964],[-81.0424,34.9681],[-81.0524,34.9675],[-81.0564,34.9737],[-81.0529,34.982],[-81.0471,34.988],[-81.0539,34.9917],[-81.0498,35.0013],[-81.0524,35.0062],[-81.0595,35.0075],[-81.0634,35.0148],[-81.0722,35.0099],[-81.0654,35.0052],[-81.0606,35.0082],[-81.0565,35.0022],[-81.0597,34.9916],[-81.0683,34.9923],[-81.0637,34.9845],[-81.063,34.9819],[-81.0675,34.9779],[-81.0713,34.9779],[-81.0735,34.9779],[-81.0764,34.9782],[-81.084,34.9805],[-81.0994,34.9896],[-81.0994,34.9814],[-81.1071,34.9807],[-81.1051,34.9734],[-81.0974,34.9783],[-81.082,34.9749],[-81.0845,34.9707],[-81.0924,34.9717],[-81.0895,34.965],[-81.0855,34.9627],[-81.0782,34.9678],[-81.0674,34.9684],[-81.0632,34.9611],[-81.0711,34.9524],[-81.0783,34.9512],[-81.0842,34.9552],[-81.106,34.9566]],[[-81.07,34.8917],[-81.0657,34.8989],[-81.0548,34.893],[-81.0456,34.8914],[-81.0485,34.8854],[-81.0545,34.8853],[-81.058,34.893],[-81.0644,34.8882],[-81.07,34.8917]],[[-81.0617,34.8993],[-81.0578,34.9058],[-81.0525,34.9055],[-81.0484,34.9001],[-81.0543,34.8976],[-81.0617,34.8993]],[[-81.0247,34.8984],[-81.0261,34.902],[-81.0174,34.9076],[-81.0111,34.9056],[-81.0112,34.8991],[-81.016,34.8969],[-81.0247,34.8984]],[[-80.9978,34.9417],[-80.9917,34.9467],[-80.9803,34.9506],[-80.9806,34.9463],[-80.9892,34.9467],[-80.9876,34.9417],[-80.9978,34.9417]],[[-80.9945,34.9552],[-80.9915,34.9621],[-80.9849,34.9577],[-80.9945,34.9552]],[[-80.9922,34.9305],[-80.9849,34.9361],[-80.9853,34.9266],[-80.9922,34.9305]]]]}},{"type":"Feature","properties":{"id":"p4528455","name":"Garden City"},"geometry":{"type":"Polygon","coordinates":[[[-79.0305,33.572],[-79.0167,33.5723],[-79.0018,33.5727],[-78.9832,33.593],[-78.9951,33.6022],[-78.9865,33.6109],[-78.9914,33.6124],[-79.0039,33.6213],[-79.0216,33.5986],[-79.0268,33.5882],[-79.0305,33.572]]]}},{"type":"Feature","properties":{"id":"p4563665","name":"Sangaree"},"geometry":{"type":"Polygon","coordinates":[[[-80.1006,33.0353],[-80.1198,33.0363],[-80.1174,33.0416],[-80.1412,33.0395],[-80.145,33.0358],[-80.1367,33.0273],[-80.1233,33.0199],[-80.1111,33.0312],[-80.1006,33.0353]]]}},{"type":"Feature","properties":{"id":"p4500775","name":"Alcolu"},"geometry":{"type":"Polygon","coordinates":[[[-80.2437,33.7822],[-80.2404,33.7744],[-80.2378,33.7623],[-80.2412,33.7533],[-80.2337,33.7461],[-80.23,33.7378],[-80.2187,33.7329],[-80.2138,33.7373],[-80.1969,33.7462],[-80.2078,33.7618],[-80.2171,33.772],[-80.223,33.7732],[-80.2288,33.7675],[-80.2403,33.783],[-80.2437,33.7822]]]}},{"type":"Feature","properties":{"id":"p4513150","name":"Chapin"},"geometry":{"type":"Polygon","coordinates":[[[-81.3634,34.1718],[-81.3605,34.1592],[-81.3566,34.1577],[-81.3548,34.1469],[-81.3396,34.1608],[-81.3338,34.1553],[-81.3288,34.1574],[-81.3367,34.1699],[-81.3423,34.1696],[-81.349,34.1734],[-81.3634,34.1718]]]}},{"type":"Feature","properties":{"id":"p4573510","name":"Vance"},"geometry":{"type":"Polygon","coordinates":[[[-80.4272,33.4357],[-80.4209,33.4293],[-80.4122,33.4372],[-80.4201,33.4445],[-80.4272,33.4357]]]}},{"type":"Feature","properties":{"id":"p4529275","name":"Glendale"},"geometry":{"type":"Polygon","coordinates":[[[-81.8398,34.9453],[-81.8368,34.9406],[-81.8317,34.9424],[-81.835,34.9499],[-81.8398,34.9453]]]}},{"type":"Feature","properties":{"id":"p4551280","name":"North Myrtle Beach"},"geometry":{"type":"Polygon","coordinates":[[[-78.7413,33.8467],[-78.7441,33.8496],[-78.7526,33.8476],[-78.7458,33.8356],[-78.7379,33.8295],[-78.745,33.8192],[-78.751,33.8215],[-78.7546,33.827],[-78.7693,33.8226],[-78.7729,33.8189],[-78.7853,33.8134],[-78.8047,33.8077],[-78.8038,33.7871],[-78.8,33.7928],[-78.7941,33.7799],[-78.774,33.7921],[-78.7541,33.7984],[-78.7525,33.7946],[-78.7466,33.7965],[-78.7364,33.7895],[-78.7172,33.7987],[-78.7193,33.8079],[-78.7189,33.8081],[-78.7132,33.8006],[-78.6977,33.808],[-78.6679,33.8194],[-78.6345,33.8295],[-78.601,33.8404],[-78.6049,33.843],[-78.6095,33.8548],[-78.6121,33.8544],[-78.6203,33.8629],[-78.6354,33.8587],[-78.6372,33.8552],[-78.6317,33.8484],[-78.6432,33.8495],[-78.6447,33.8572],[-78.6462,33.8569],[-78.6632,33.8455],[-78.6673,33.8488],[-78.6768,33.8418],[-78.6746,33.8386],[-78.6813,33.8346],[-78.6929,33.8313],[-78.6949,33.8412],[-78.7003,33.848],[-78.7059,33.8515],[-78.7098,33.8457],[-78.718,33.8521],[-78.7321,33.855],[-78.7375,33.8543],[-78.7413,33.8467]],[[-78.7397,33.8166],[-78.7328,33.8246],[-78.7269,33.8228],[-78.7234,33.8163],[-78.7308,33.8088],[-78.7397,33.8166]],[[-78.7331,33.8353],[-78.7345,33.8391],[-78.7244,33.8442],[-78.7146,33.8396],[-78.7285,33.8314],[-78.7331,33.8353]],[[-78.7128,33.8091],[-78.7166,33.8152],[-78.7087,33.8212],[-78.7131,33.8314],[-78.7013,33.8423],[-78.698,33.8384],[-78.7084,33.8356],[-78.7046,33.828],[-78.7099,33.8256],[-78.6995,33.8156],[-78.7128,33.8091]]]}},{"type":"Feature","properties":{"id":"p4575850","name":"West Columbia"},"geometry":{"type":"Polygon","coordinates":[[[-81.1472,34.0093],[-81.1336,34.0052],[-81.125,34.0074],[-81.1252,34.0185],[-81.1176,34.0146],[-81.1119,33.9994],[-81.1175,33.9954],[-81.1146,33.9932],[-81.1066,33.9974],[-81.1022,33.9938],[-81.1078,33.9892],[-81.1133,33.9851],[-81.1303,33.9773],[-81.1266,33.9738],[-81.1258,33.9721],[-81.1087,33.9693],[-81.0995,33.9715],[-81.0945,33.9679],[-81.0912,33.9581],[-81.0873,33.9649],[-81.0824,33.9678],[-81.0776,33.9653],[-81.0753,33.9729],[-81.0741,33.9737],[-81.0754,33.978],[-81.0565,33.9881],[-81.0564,33.9885],[-81.0477,33.9905],[-81.0514,33.9966],[-81.0526,33.998],[-81.0668,33.9983],[-81.0721,34.0066],[-81.086,34.0136],[-81.0896,34.0134],[-81.1034,34.0238],[-81.1038,34.0233],[-81.1111,34.0236],[-81.1111,34.0188],[-81.1362,34.0192],[-81.146,34.0131],[-81.1472,34.0093]],[[-81.0963,33.9918],[-81.0949,33.9966],[-81.0842,33.9945],[-81.0911,33.9895],[-81.0963,33.9918]]]}},{"type":"Feature","properties":{"id":"p4559425","name":"Reidville"},"geometry":{"type":"Polygon","coordinates":[[[-82.1233,34.8637],[-82.1246,34.8591],[-82.1189,34.8567],[-82.1052,34.8546],[-82.1035,34.8604],[-82.0971,34.8613],[-82.0974,34.866],[-82.1031,34.8738],[-82.1063,34.8675],[-82.1278,34.8704],[-82.1233,34.8637]]]}},{"type":"Feature","properties":{"id":"p4566760","name":"Six Mile"},"geometry":{"type":"Polygon","coordinates":[[[-82.8012,34.8085],[-82.8063,34.8095],[-82.8102,34.8203],[-82.8278,34.8138],[-82.8314,34.8062],[-82.8168,34.7941],[-82.8076,34.7961],[-82.8089,34.81],[-82.8012,34.8085]]]}},{"type":"Feature","properties":{"id":"p4550560","name":"North"},"geometry":{"type":"Polygon","coordinates":[[[-81.1071,33.6065],[-81.0931,33.6144],[-81.1002,33.6234],[-81.1097,33.6213],[-81.1108,33.6135],[-81.1071,33.6065]]]}},{"type":"Feature","properties":{"id":"p4536475","name":"Jamestown"},"geometry":{"type":"Polygon","coordinates":[[[-79.7039,33.2851],[-79.6926,33.2783],[-79.6871,33.2795],[-79.6869,33.2865],[-79.6956,33.2946],[-79.7039,33.2851]]]}}]}